time,cc,pci,earfcn,rsrp,pl,cfo,dl_mcs,dl_snr,dl_turbo,dl_brate,dl_bler,ul_ta,ul_mcs,ul_buff,ul_brate,ul_bler,rf_o,rf_u,rf_l,is_attached
0,0,0,4294967295,0.0,0.0,0.0,0.0,0.0,0.0,0.0,0.0,0.0,0.0,0.0,0.0,0.0,0.0,0.0,0.0,0.0
249,0,0,3400,0.0,0.0,0.0,0.0,0.0,0.0,0.0,0.0,0.0,0.0,0.0,0.0,0.0,0.0,0.0,0.0,0.0
498,0,0,3400,0.0,0.0,0.0,0.0,0.0,0.0,0.0,0.0,0.0,0.0,0.0,0.0,0.0,0.0,0.0,0.0,0.0
747,0,0,3400,0.0,0.0,0.0,0.0,0.0,0.0,0.0,0.0,0.0,0.0,0.0,0.0,0.0,0.0,0.0,0.0,0.0
996,0,0,3400,0.0,0.0,0.0,0.0,0.0,0.0,0.0,0.0,0.0,0.0,0.0,0.0,0.0,0.0,0.0,0.0,0.0
1245,0,0,3400,0.0,0.0,0.0,0.0,0.0,0.0,0.0,0.0,0.0,0.0,0.0,0.0,0.0,0.0,0.0,0.0,0.0
1494,0,0,3400,0.0,0.0,0.0,0.0,0.0,0.0,0.0,0.0,0.0,0.0,0.0,0.0,0.0,0.0,0.0,0.0,0.0
1743,0,0,3400,0.0,0.0,0.0,0.0,0.0,0.0,0.0,0.0,0.0,0.0,0.0,0.0,0.0,0.0,0.0,0.0,0.0
1992,0,0,3400,0.0,0.0,0.0,0.0,0.0,0.0,0.0,0.0,0.0,0.0,0.0,0.0,0.0,0.0,0.0,0.0,0.0
2241,0,0,3400,0.0,0.0,0.0,0.0,0.0,0.0,0.0,0.0,0.0,0.0,0.0,0.0,0.0,0.0,0.0,0.0,0.0
2490,0,0,3400,0.0,0.0,0.0,0.0,0.0,0.0,0.0,0.0,0.0,0.0,0.0,0.0,0.0,0.0,0.0,0.0,0.0
2740,0,0,3400,0.0,0.0,0.0,0.0,0.0,0.0,0.0,0.0,0.0,0.0,0.0,0.0,0.0,0.0,0.0,0.0,0.0
2989,0,0,3400,0.0,0.0,0.0,0.0,0.0,0.0,0.0,0.0,0.0,0.0,0.0,0.0,0.0,0.0,0.0,0.0,0.0
3239,0,0,3400,0.0,0.0,0.0,0.0,0.0,0.0,0.0,0.0,0.0,0.0,0.0,0.0,0.0,0.0,0.0,0.0,0.0
3488,0,0,3400,0.0,0.0,0.0,0.0,0.0,0.0,0.0,0.0,0.0,0.0,0.0,0.0,0.0,0.0,0.0,0.0,0.0
3737,0,0,3400,0.0,0.0,0.0,0.0,0.0,0.0,0.0,0.0,0.0,0.0,0.0,0.0,0.0,0.0,0.0,0.0,0.0
3986,0,0,3400,0.0,0.0,0.0,0.0,0.0,0.0,0.0,0.0,0.0,0.0,0.0,0.0,0.0,0.0,0.0,0.0,0.0
4235,0,0,3400,0.0,0.0,0.0,0.0,0.0,0.0,0.0,0.0,0.0,0.0,0.0,0.0,0.0,0.0,0.0,0.0,0.0
4484,0,0,3400,0.0,0.0,0.0,0.0,0.0,0.0,0.0,0.0,0.0,0.0,0.0,0.0,0.0,0.0,0.0,0.0,0.0
4733,0,0,3400,0.0,0.0,0.0,0.0,0.0,0.0,0.0,0.0,0.0,0.0,0.0,0.0,0.0,0.0,0.0,0.0,0.0
4982,0,0,3400,0.0,0.0,0.0,0.0,0.0,0.0,0.0,0.0,0.0,0.0,0.0,0.0,0.0,0.0,0.0,0.0,0.0
5231,0,0,3400,0.0,0.0,0.0,0.0,0.0,0.0,0.0,0.0,0.0,0.0,0.0,0.0,0.0,0.0,0.0,0.0,0.0
5480,0,0,3400,0.0,0.0,0.0,0.0,0.0,0.0,0.0,0.0,0.0,0.0,0.0,0.0,0.0,0.0,0.0,0.0,0.0
5729,0,0,3400,0.0,0.0,0.0,0.0,0.0,0.0,0.0,0.0,0.0,0.0,0.0,0.0,0.0,0.0,0.0,0.0,0.0
5978,0,0,3400,0.0,0.0,0.0,0.0,0.0,0.0,0.0,0.0,0.0,0.0,0.0,0.0,0.0,0.0,0.0,0.0,0.0
6227,0,0,3400,0.0,0.0,0.0,0.0,0.0,0.0,0.0,0.0,0.0,0.0,0.0,0.0,0.0,0.0,0.0,0.0,0.0
6476,0,0,3400,0.0,0.0,0.0,0.0,0.0,0.0,0.0,0.0,0.0,0.0,0.0,0.0,0.0,0.0,0.0,0.0,0.0
6725,0,0,3400,0.0,0.0,0.0,0.0,0.0,0.0,0.0,0.0,0.0,0.0,0.0,0.0,0.0,0.0,0.0,0.0,0.0
6974,0,0,3400,0.0,0.0,0.0,0.0,0.0,0.0,0.0,0.0,0.0,0.0,0.0,0.0,0.0,0.0,0.0,0.0,0.0
7223,0,0,3400,0.0,0.0,0.0,0.0,0.0,0.0,0.0,0.0,0.0,0.0,0.0,0.0,0.0,0.0,0.0,0.0,0.0
7472,0,0,3400,0.0,0.0,0.0,0.0,0.0,0.0,0.0,0.0,0.0,0.0,0.0,0.0,0.0,0.0,0.0,0.0,0.0
7721,0,0,3400,0.0,0.0,0.0,0.0,0.0,0.0,0.0,0.0,0.0,0.0,0.0,0.0,0.0,0.0,0.0,0.0,0.0
7970,0,0,3400,0.0,0.0,0.0,0.0,0.0,0.0,0.0,0.0,0.0,0.0,0.0,0.0,0.0,0.0,0.0,0.0,0.0
8219,0,0,3400,0.0,0.0,0.0,0.0,0.0,0.0,0.0,0.0,0.0,0.0,0.0,0.0,0.0,0.0,0.0,0.0,0.0
8468,0,0,3400,0.0,0.0,0.0,0.0,0.0,0.0,0.0,0.0,0.0,0.0,0.0,0.0,0.0,0.0,0.0,0.0,0.0
8717,0,0,3400,0.0,0.0,0.0,0.0,0.0,0.0,0.0,0.0,0.0,0.0,0.0,0.0,0.0,0.0,0.0,0.0,0.0
8966,0,0,3400,0.0,0.0,0.0,0.0,0.0,0.0,0.0,0.0,0.0,0.0,0.0,0.0,0.0,0.0,0.0,0.0,0.0
9215,0,0,3400,0.0,0.0,0.0,0.0,0.0,0.0,0.0,0.0,0.0,0.0,0.0,0.0,0.0,0.0,0.0,0.0,0.0
9464,0,0,3400,0.0,0.0,0.0,0.0,0.0,0.0,0.0,0.0,0.0,0.0,0.0,0.0,0.0,0.0,0.0,0.0,0.0
9713,0,0,3400,0.0,0.0,0.0,0.0,0.0,0.0,0.0,0.0,0.0,0.0,0.0,0.0,0.0,0.0,0.0,0.0,0.0
9962,0,0,3400,0.0,0.0,0.0,0.0,0.0,0.0,0.0,0.0,0.0,0.0,0.0,0.0,0.0,0.0,0.0,0.0,0.0
10211,0,0,3400,0.0,0.0,0.0,0.0,0.0,0.0,0.0,0.0,0.0,0.0,0.0,0.0,0.0,0.0,0.0,0.0,0.0
10460,0,0,3400,0.0,0.0,0.0,0.0,0.0,0.0,0.0,0.0,0.0,0.0,0.0,0.0,0.0,0.0,0.0,0.0,0.0
10709,0,0,3400,0.0,0.0,0.0,0.0,0.0,0.0,0.0,0.0,0.0,0.0,0.0,0.0,0.0,0.0,0.0,0.0,0.0
10958,0,0,3400,0.0,0.0,0.0,0.0,0.0,0.0,0.0,0.0,0.0,0.0,0.0,0.0,0.0,0.0,0.0,0.0,0.0
11207,0,0,3400,0.0,0.0,0.0,0.0,0.0,0.0,0.0,0.0,0.0,0.0,0.0,0.0,0.0,0.0,0.0,0.0,0.0
11456,0,0,3400,0.0,0.0,0.0,0.0,0.0,0.0,0.0,0.0,0.0,0.0,0.0,0.0,0.0,0.0,0.0,0.0,0.0
11705,0,0,3400,0.0,0.0,0.0,0.0,0.0,0.0,0.0,0.0,0.0,0.0,0.0,0.0,0.0,0.0,0.0,0.0,0.0
11954,0,0,3400,0.0,0.0,0.0,0.0,0.0,0.0,0.0,0.0,0.0,0.0,0.0,0.0,0.0,0.0,0.0,0.0,0.0
12203,0,0,3400,0.0,0.0,0.0,0.0,0.0,0.0,0.0,0.0,0.0,0.0,0.0,0.0,0.0,0.0,0.0,0.0,0.0
12452,0,0,3400,0.0,0.0,0.0,0.0,0.0,0.0,0.0,0.0,0.0,0.0,0.0,0.0,0.0,0.0,0.0,0.0,0.0
12701,0,0,3400,0.0,0.0,0.0,0.0,0.0,0.0,0.0,0.0,0.0,0.0,0.0,0.0,0.0,0.0,0.0,0.0,0.0
12950,0,0,3400,0.0,0.0,0.0,0.0,0.0,0.0,0.0,0.0,0.0,0.0,0.0,0.0,0.0,0.0,0.0,0.0,0.0
13199,0,0,3400,0.0,0.0,0.0,0.0,0.0,0.0,0.0,0.0,0.0,0.0,0.0,0.0,0.0,0.0,0.0,0.0,0.0
13448,0,0,3400,0.0,0.0,0.0,0.0,0.0,0.0,0.0,0.0,0.0,0.0,0.0,0.0,0.0,0.0,0.0,0.0,0.0
13697,0,0,3400,0.0,0.0,0.0,0.0,0.0,0.0,0.0,0.0,0.0,0.0,0.0,0.0,0.0,0.0,0.0,0.0,0.0
13946,0,0,3400,0.0,0.0,0.0,0.0,0.0,0.0,0.0,0.0,0.0,0.0,0.0,0.0,0.0,0.0,0.0,0.0,0.0
14195,0,0,3400,0.0,0.0,0.0,0.0,0.0,0.0,0.0,0.0,0.0,0.0,0.0,0.0,0.0,0.0,0.0,0.0,0.0
14444,0,0,3400,0.0,0.0,0.0,0.0,0.0,0.0,0.0,0.0,0.0,0.0,0.0,0.0,0.0,0.0,0.0,0.0,0.0
14693,0,0,3400,0.0,0.0,0.0,0.0,0.0,0.0,0.0,0.0,0.0,0.0,0.0,0.0,0.0,0.0,0.0,0.0,0.0
14942,0,0,3400,0.0,0.0,0.0,0.0,0.0,0.0,0.0,0.0,0.0,0.0,0.0,0.0,0.0,0.0,0.0,0.0,0.0
15191,0,0,3400,0.0,0.0,0.0,0.0,0.0,0.0,0.0,0.0,0.0,0.0,0.0,0.0,0.0,0.0,0.0,0.0,0.0
15440,0,0,3400,0.0,0.0,0.0,0.0,0.0,0.0,0.0,0.0,0.0,0.0,0.0,0.0,0.0,0.0,0.0,0.0,0.0
15689,0,0,3400,0.0,0.0,0.0,0.0,0.0,0.0,0.0,0.0,0.0,0.0,0.0,0.0,0.0,0.0,0.0,0.0,0.0
15938,0,0,3400,0.0,0.0,0.0,0.0,0.0,0.0,0.0,0.0,0.0,0.0,0.0,0.0,0.0,0.0,0.0,0.0,0.0
16187,0,0,3400,0.0,0.0,0.0,0.0,0.0,0.0,0.0,0.0,0.0,0.0,0.0,0.0,0.0,0.0,0.0,0.0,0.0
16436,0,0,3400,0.0,0.0,0.0,0.0,0.0,0.0,0.0,0.0,0.0,0.0,0.0,0.0,0.0,0.0,0.0,0.0,0.0
16685,0,0,3400,0.0,0.0,0.0,0.0,0.0,0.0,0.0,0.0,0.0,0.0,0.0,0.0,0.0,0.0,0.0,0.0,0.0
16934,0,0,3400,0.0,0.0,0.0,0.0,0.0,0.0,0.0,0.0,0.0,0.0,0.0,0.0,0.0,0.0,0.0,0.0,0.0
17183,0,0,3400,0.0,0.0,0.0,0.0,0.0,0.0,0.0,0.0,0.0,0.0,0.0,0.0,0.0,0.0,0.0,0.0,0.0
17432,0,0,3400,0.0,0.0,0.0,0.0,0.0,0.0,0.0,0.0,0.0,0.0,0.0,0.0,0.0,0.0,0.0,0.0,0.0
17681,0,0,3400,0.0,0.0,0.0,0.0,0.0,0.0,0.0,0.0,0.0,0.0,0.0,0.0,0.0,0.0,0.0,0.0,0.0
17930,0,0,3400,0.0,0.0,0.0,0.0,0.0,0.0,0.0,0.0,0.0,0.0,0.0,0.0,0.0,0.0,0.0,0.0,0.0
18179,0,0,3400,0.0,0.0,0.0,0.0,0.0,0.0,0.0,0.0,0.0,0.0,0.0,0.0,0.0,0.0,0.0,0.0,0.0
18428,0,0,3400,0.0,0.0,0.0,0.0,0.0,0.0,0.0,0.0,0.0,0.0,0.0,0.0,0.0,0.0,0.0,0.0,0.0
18677,0,0,3400,0.0,0.0,0.0,0.0,0.0,0.0,0.0,0.0,0.0,0.0,0.0,0.0,0.0,0.0,0.0,0.0,0.0
18926,0,0,3400,0.0,0.0,0.0,0.0,0.0,0.0,0.0,0.0,0.0,0.0,0.0,0.0,0.0,0.0,0.0,0.0,0.0
19175,0,0,3400,0.0,0.0,0.0,0.0,0.0,0.0,0.0,0.0,0.0,0.0,0.0,0.0,0.0,0.0,0.0,0.0,0.0
19424,0,0,3400,0.0,0.0,0.0,0.0,0.0,0.0,0.0,0.0,0.0,0.0,0.0,0.0,0.0,0.0,0.0,0.0,0.0
19673,0,0,3400,0.0,0.0,0.0,0.0,0.0,0.0,0.0,0.0,0.0,0.0,0.0,0.0,0.0,0.0,0.0,0.0,0.0
19922,0,0,3400,0.0,0.0,0.0,0.0,0.0,0.0,0.0,0.0,0.0,0.0,0.0,0.0,0.0,0.0,0.0,0.0,0.0
20171,0,0,3400,0.0,0.0,0.0,0.0,0.0,0.0,0.0,0.0,0.0,0.0,0.0,0.0,0.0,0.0,0.0,0.0,0.0
20420,0,0,3400,0.0,0.0,0.0,0.0,0.0,0.0,0.0,0.0,0.0,0.0,0.0,0.0,0.0,0.0,0.0,0.0,0.0
20669,0,0,3400,0.0,0.0,0.0,0.0,0.0,0.0,0.0,0.0,0.0,0.0,0.0,0.0,0.0,0.0,0.0,0.0,0.0
20918,0,0,3400,0.0,0.0,0.0,0.0,0.0,0.0,0.0,0.0,0.0,0.0,0.0,0.0,0.0,0.0,0.0,0.0,0.0
21167,0,0,3400,0.0,0.0,0.0,0.0,0.0,0.0,0.0,0.0,0.0,0.0,0.0,0.0,0.0,0.0,0.0,0.0,0.0
21416,0,0,3400,0.0,0.0,0.0,0.0,0.0,0.0,0.0,0.0,0.0,0.0,0.0,0.0,0.0,0.0,0.0,0.0,0.0
21665,0,0,3400,0.0,0.0,0.0,0.0,0.0,0.0,0.0,0.0,0.0,0.0,0.0,0.0,0.0,0.0,0.0,0.0,0.0
21914,0,0,3400,0.0,0.0,0.0,0.0,0.0,0.0,0.0,0.0,0.0,0.0,0.0,0.0,0.0,0.0,0.0,0.0,0.0
22163,0,0,3400,0.0,0.0,0.0,0.0,0.0,0.0,0.0,0.0,0.0,0.0,0.0,0.0,0.0,0.0,0.0,0.0,0.0
22412,0,0,3400,0.0,0.0,0.0,0.0,0.0,0.0,0.0,0.0,0.0,0.0,0.0,0.0,0.0,0.0,0.0,0.0,0.0
22661,0,0,3400,0.0,0.0,0.0,0.0,0.0,0.0,0.0,0.0,0.0,0.0,0.0,0.0,0.0,0.0,0.0,0.0,0.0
22910,0,0,3400,0.0,0.0,0.0,0.0,0.0,0.0,0.0,0.0,0.0,0.0,0.0,0.0,0.0,0.0,0.0,0.0,0.0
23159,0,0,3400,0.0,0.0,0.0,0.0,0.0,0.0,0.0,0.0,0.0,0.0,0.0,0.0,0.0,0.0,0.0,0.0,0.0
23408,0,0,3400,0.0,0.0,0.0,0.0,0.0,0.0,0.0,0.0,0.0,0.0,0.0,0.0,0.0,0.0,0.0,0.0,0.0
23657,0,0,3400,0.0,0.0,0.0,0.0,0.0,0.0,0.0,0.0,0.0,0.0,0.0,0.0,0.0,0.0,0.0,0.0,0.0
23906,0,0,3400,0.0,0.0,0.0,0.0,0.0,0.0,0.0,0.0,0.0,0.0,0.0,0.0,0.0,0.0,0.0,0.0,0.0
24155,0,0,3400,0.0,0.0,0.0,0.0,0.0,0.0,0.0,0.0,0.0,0.0,0.0,0.0,0.0,0.0,0.0,0.0,0.0
24404,0,0,3400,0.0,0.0,0.0,0.0,0.0,0.0,0.0,0.0,0.0,0.0,0.0,0.0,0.0,0.0,0.0,0.0,0.0
24653,0,0,3400,0.0,0.0,0.0,0.0,0.0,0.0,0.0,0.0,0.0,0.0,0.0,0.0,0.0,0.0,0.0,0.0,0.0
24902,0,0,3400,0.0,0.0,0.0,0.0,0.0,0.0,0.0,0.0,0.0,0.0,0.0,0.0,0.0,0.0,0.0,0.0,0.0
25151,0,0,3400,0.0,0.0,0.0,0.0,0.0,0.0,0.0,0.0,0.0,0.0,0.0,0.0,0.0,0.0,0.0,0.0,0.0
25400,0,0,3400,0.0,0.0,0.0,0.0,0.0,0.0,0.0,0.0,0.0,0.0,0.0,0.0,0.0,0.0,0.0,0.0,0.0
25649,0,0,3400,0.0,0.0,0.0,0.0,0.0,0.0,0.0,0.0,0.0,0.0,0.0,0.0,0.0,0.0,0.0,0.0,0.0
25898,0,0,3400,0.0,0.0,0.0,0.0,0.0,0.0,0.0,0.0,0.0,0.0,0.0,0.0,0.0,0.0,0.0,0.0,0.0
26147,0,0,3400,0.0,0.0,0.0,0.0,0.0,0.0,0.0,0.0,0.0,0.0,0.0,0.0,0.0,0.0,0.0,0.0,0.0
26396,0,0,3400,0.0,0.0,0.0,0.0,0.0,0.0,0.0,0.0,0.0,0.0,0.0,0.0,0.0,0.0,0.0,0.0,0.0
26645,0,0,3400,0.0,0.0,0.0,0.0,0.0,0.0,0.0,0.0,0.0,0.0,0.0,0.0,0.0,0.0,0.0,0.0,0.0
26894,0,0,3400,0.0,0.0,0.0,0.0,0.0,0.0,0.0,0.0,0.0,0.0,0.0,0.0,0.0,0.0,0.0,0.0,0.0
27143,0,0,3400,0.0,0.0,0.0,0.0,0.0,0.0,0.0,0.0,0.0,0.0,0.0,0.0,0.0,0.0,0.0,0.0,0.0
27392,0,0,3400,0.0,0.0,0.0,0.0,0.0,0.0,0.0,0.0,0.0,0.0,0.0,0.0,0.0,0.0,0.0,0.0,0.0
27641,0,0,3400,0.0,0.0,0.0,0.0,0.0,0.0,0.0,0.0,0.0,0.0,0.0,0.0,0.0,0.0,0.0,0.0,0.0
27890,0,0,3400,0.0,0.0,0.0,0.0,0.0,0.0,0.0,0.0,0.0,0.0,0.0,0.0,0.0,0.0,0.0,0.0,0.0
28139,0,0,3400,0.0,0.0,0.0,0.0,0.0,0.0,0.0,0.0,0.0,0.0,0.0,0.0,0.0,0.0,0.0,0.0,0.0
28388,0,0,3400,0.0,0.0,0.0,0.0,0.0,0.0,0.0,0.0,0.0,0.0,0.0,0.0,0.0,0.0,0.0,0.0,0.0
28637,0,0,3400,0.0,0.0,0.0,0.0,0.0,0.0,0.0,0.0,0.0,0.0,0.0,0.0,0.0,0.0,0.0,0.0,0.0
28886,0,0,3400,0.0,0.0,0.0,0.0,0.0,0.0,0.0,0.0,0.0,0.0,0.0,0.0,0.0,0.0,0.0,0.0,0.0
29135,0,0,3400,0.0,0.0,0.0,0.0,0.0,0.0,0.0,0.0,0.0,0.0,0.0,0.0,0.0,0.0,0.0,0.0,0.0
29384,0,0,3400,0.0,0.0,0.0,0.0,0.0,0.0,0.0,0.0,0.0,0.0,0.0,0.0,0.0,0.0,0.0,0.0,0.0
29633,0,0,3400,0.0,0.0,0.0,0.0,0.0,0.0,0.0,0.0,0.0,0.0,0.0,0.0,0.0,0.0,0.0,0.0,0.0
29882,0,0,3400,0.0,0.0,0.0,0.0,0.0,0.0,0.0,0.0,0.0,0.0,0.0,0.0,0.0,0.0,0.0,0.0,0.0
30131,0,0,3400,0.0,0.0,0.0,0.0,0.0,0.0,0.0,0.0,0.0,0.0,0.0,0.0,0.0,0.0,0.0,0.0,0.0
30380,0,0,3400,0.0,0.0,0.0,0.0,0.0,0.0,0.0,0.0,0.0,0.0,0.0,0.0,0.0,0.0,0.0,0.0,0.0
30629,0,0,3400,0.0,0.0,0.0,0.0,0.0,0.0,0.0,0.0,0.0,0.0,0.0,0.0,0.0,0.0,0.0,0.0,0.0
30878,0,0,3400,0.0,0.0,0.0,0.0,0.0,0.0,0.0,0.0,0.0,0.0,0.0,0.0,0.0,0.0,0.0,0.0,0.0
31127,0,0,3400,0.0,0.0,0.0,0.0,0.0,0.0,0.0,0.0,0.0,0.0,0.0,0.0,0.0,0.0,0.0,0.0,0.0
31376,0,0,3400,0.0,0.0,0.0,0.0,0.0,0.0,0.0,0.0,0.0,0.0,0.0,0.0,0.0,0.0,0.0,0.0,0.0
31625,0,0,3400,0.0,0.0,0.0,0.0,0.0,0.0,0.0,0.0,0.0,0.0,0.0,0.0,0.0,0.0,0.0,0.0,0.0
31874,0,0,3400,0.0,0.0,0.0,0.0,0.0,0.0,0.0,0.0,0.0,0.0,0.0,0.0,0.0,0.0,0.0,0.0,0.0
32123,0,0,3400,0.0,0.0,0.0,0.0,0.0,0.0,0.0,0.0,0.0,0.0,0.0,0.0,0.0,0.0,0.0,0.0,0.0
32372,0,1,3400,0.0,0.0,0.0,0.0,0.0,0.0,0.0,0.0,0.0,0.0,0.0,0.0,0.0,0.0,0.0,0.0,0.0
32621,0,1,3400,0.0,0.0,0.0,0.0,0.0,0.0,0.0,0.0,0.0,0.0,0.0,0.0,0.0,0.0,0.0,0.0,0.0
32870,0,1,3400,-67,67,-144,1.4,22,0.30,2944.000000,0,0.0,0.0,33,224,0,0.0,0.0,1.0,1.0
33119,0,1,3400,-67,67,-133,2.0,22,0.50,0.0,0.0,27,0.0,33,0.0,0.0,0.0,0.0,0.0,1.0
33368,0,1,3400,-67,67,-132,3.4,22,0.50,5035.856445,0,27,8.3,25,94119.523438,0,0.0,0.0,0.0,1.0
33617,0,1,3400,-67,67,-134,7.9,22,0.50,6208.000000,0,27,12,2.0,38656.000000,0,0.0,0.0,0.0,1.0
33866,0,1,3400,-67,67,-134,15,22,0.50,15712.000000,0,27,16,0.0,204160.000000,0,0.0,0.0,0.0,1.0
34115,0,1,3400,-67,67,-137,17,22,0.50,26016.000000,0,27,14,0.0,52992.000000,0,0.0,0.0,0.0,1.0
34364,0,1,3400,-67,67,-136,12,22,0.50,10304.000000,0,27,14,0.0,0.0,0.0,0.0,0.0,0.0,1.0
34613,0,1,3400,-67,67,-138,18,22,0.50,25760.000000,0,27,14,0.0,0.0,0.0,0.0,0.0,0.0,1.0
34862,0,1,3400,-66,66,-139,16,22,0.50,36224.000000,0,27,14,0.0,40544.000000,0,0.0,0.0,0.0,1.0
35111,0,1,3400,-66,66,-140,16,22,0.50,15712.000000,0,27,14,0.0,0.0,0.0,0.0,0.0,0.0,1.0
35360,0,1,3400,-66,66,-137,16,22,0.50,0.0,0.0,27,14,0.0,0.0,0.0,0.0,0.0,0.0,1.0
35609,0,1,3400,-66,66,-139,18,22,0.50,20608.000000,0,27,14,0.0,0.0,0.0,0.0,0.0,0.0,1.0
35858,0,1,3400,-66,66,-135,18,22,0.50,25760.000000,0,27,14,0.0,23488.000000,0,0.0,0.0,0.0,1.0
36107,0,1,3400,-66,66,-137,18,22,0.50,5152.000000,0,27,14,0.0,0.0,0.0,0.0,0.0,0.0,1.0
36356,0,1,3400,-66,66,-139,18,23,0.50,25760.000000,0,27,14,0.0,0.0,0.0,0.0,0.0,0.0,1.0
36605,0,1,3400,-66,66,-138,18,22,0.50,15456.000000,0,27,14,0.0,0.0,0.0,0.0,0.0,0.0,1.0
36854,0,1,3400,-66,66,-139,18,23,0.50,10304.000000,0,27,14,0.0,23488.000000,0,0.0,0.0,0.0,1.0
37103,0,1,3400,-66,66,-140,18,22,0.50,20525.896484,0,27,14,0.0,0.0,0.0,0.0,0.0,0.0,1.0
37352,0,1,3400,-66,66,-138,18,22,0.50,15394.421875,0,27,14,0.0,0.0,0.0,0.0,0.0,0.0,1.0
37601,0,1,3400,-66,66,-134,18,23,0.50,15712.000000,0,27,14,0.0,0.0,0.0,0.0,0.0,0.0,1.0
37850,0,1,3400,-66,66,-138,15,23,0.50,15456.000000,0,27,13,0.0,23488.000000,0,0.0,0.0,0.0,1.0
38099,0,1,3400,-66,66,-139,16,22,0.50,20608.000000,0,27,14,0.0,0.0,0.0,0.0,0.0,0.0,1.0
38348,0,1,3400,-66,66,-141,18,23,0.50,10304.000000,0,27,14,0.0,0.0,0.0,0.0,0.0,0.0,1.0
38597,0,1,3400,-66,66,-140,18,22,0.50,20704.000000,0,27,14,0.0,0.0,0.0,0.0,0.0,0.0,1.0
38846,0,1,3400,-66,66,-135,13,22,0.50,10345.381836,0,27,14,0.0,23582.330078,0,0.0,0.0,0.0,1.0
39095,0,1,3400,-66,66,-137,17,22,0.50,25657.371094,0,27,14,0.0,0.0,0.0,0.0,0.0,0.0,1.0
39344,0,1,3400,-66,66,-139,18,22,0.50,15456.000000,0,27,14,0.0,0.0,0.0,0.0,0.0,0.0,1.0
39593,0,1,3400,-67,67,-139,11,22,0.50,15648.000000,0,27,14,0.0,0.0,0.0,0.0,0.0,0.0,1.0
39842,0,1,3400,-67,67,-137,15,22,0.50,5152.000000,0,27,14,0.0,23488.000000,0,0.0,0.0,0.0,1.0
40091,0,1,3400,-67,67,-140,18,22,0.50,10304.000000,0,27,14,0.0,0.0,0.0,0.0,0.0,0.0,1.0
40340,0,1,3400,-67,67,-139,18,22,0.50,5152.000000,0,27,14,0.0,0.0,0.0,0.0,0.0,0.0,1.0
40589,0,1,3400,-67,67,-136,17,22,0.50,20704.000000,0,27,14,0.0,0.0,0.0,0.0,0.0,0.0,1.0
40838,0,1,3400,-67,67,-139,10,22,0.50,10645.417969,0,27,14,0.0,23394.421875,0,0.0,0.0,0.0,1.0
41087,0,1,3400,-67,67,-140,17,22,0.50,20608.000000,0,27,14,0.0,0.0,0.0,0.0,0.0,0.0,1.0
41336,0,1,3400,-67,67,-141,18,22,0.50,15456.000000,0,27,14,0.0,0.0,0.0,0.0,0.0,0.0,1.0
41585,0,1,3400,-67,67,-137,17,22,0.50,10400.000000,0,27,14,0.0,0.0,0.0,0.0,0.0,0.0,1.0
41834,0,1,3400,-66,66,-137,11,22,0.50,10400.000000,0,27,14,0.0,23488.000000,0,0.0,0.0,0.0,1.0
42083,0,1,3400,-66,66,-138,11,22,0.50,5152.000000,0,27,14,0.0,0.0,0.0,0.0,0.0,0.0,1.0
42332,0,1,3400,-66,66,-139,15,22,0.50,5152.000000,0,27,14,0.0,0.0,0.0,0.0,0.0,0.0,1.0
42581,0,1,3400,-66,66,-135,18,22,0.50,20704.000000,0,27,14,0.0,0.0,0.0,0.0,0.0,0.0,1.0
42830,0,1,3400,-66,66,-138,15,22,0.50,15394.421875,0,27,14,0.0,23394.421875,0,0.0,0.0,0.0,1.0
43079,0,1,3400,-66,66,-137,16,22,0.50,10304.000000,0,27,14,0.0,0.0,0.0,0.0,0.0,0.0,1.0
43328,0,1,3400,-66,66,-139,18,22,0.50,10304.000000,0,27,14,0.0,0.0,0.0,0.0,0.0,0.0,1.0
43577,0,1,3400,-66,66,-136,18,22,0.50,10304.000000,0,27,14,0.0,0.0,0.0,0.0,0.0,0.0,1.0
43826,0,1,3400,-66,66,-138,18,22,0.50,5152.000000,0,27,14,0.0,23488.000000,0,0.0,0.0,0.0,1.0
44075,0,1,3400,-66,66,-138,18,22,0.50,5131.474121,0,27,14,0.0,0.0,0.0,0.0,0.0,0.0,1.0
44324,0,1,3400,-66,66,-135,18,22,0.50,15456.000000,0,27,14,0.0,0.0,0.0,0.0,0.0,0.0,1.0
44573,0,1,3400,-67,67,-135,18,22,0.50,5131.474121,0,27,14,0.0,0.0,0.0,0.0,0.0,0.0,1.0
44822,0,1,3400,-67,67,-139,18,22,0.50,0.0,0.0,27,14,0.0,0.0,0.0,0.0,0.0,0.0,1.0
45071,0,1,3400,-67,67,-140,16,21,0.50,20787.148438,0,27,14,0.0,23582.330078,0,0.0,0.0,0.0,1.0
45320,0,1,3400,-67,67,-137,15,22,0.50,20525.896484,0,27,14,0.0,0.0,0.0,0.0,0.0,0.0,1.0
45569,0,1,3400,-67,67,-133,12,22,0.50,31228.916016,0,27,14,0.0,0.0,0.0,0.0,0.0,0.0,1.0
45818,0,1,3400,-66,66,-133,14,22,0.50,15552.000000,0,27,14,0.0,23488.000000,0,0.0,0.0,0.0,1.0
46067,0,1,3400,-66,66,-136,10,22,0.50,0.0,0.0,27,14,0.0,0.0,0.0,0.0,0.0,0.0,1.0
46316,0,1,3400,-66,66,-131,11,22,0.50,10304.000000,0,27,14,0.0,0.0,0.0,0.0,0.0,0.0,1.0
46565,0,1,3400,-66,66,-132,17,22,0.50,15490.040039,0,27,14,0.0,0.0,0.0,0.0,0.0,0.0,1.0
46814,0,1,3400,-66,66,-138,14,22,0.50,5152.000000,0,27,14,0.0,23488.000000,0,0.0,0.0,0.0,1.0
47063,0,1,3400,-66,66,-139,17,22,0.50,15456.000000,0,27,14,0.0,0.0,0.0,0.0,0.0,0.0,1.0
47312,0,1,3400,-66,66,-139,18,22,0.50,10304.000000,0,27,14,0.0,0.0,0.0,0.0,0.0,0.0,1.0
47561,0,1,3400,-67,67,-134,18,22,0.50,15456.000000,0,27,14,0.0,0.0,0.0,0.0,0.0,0.0,1.0
47810,0,1,3400,-67,67,-136,18,22,0.50,5152.000000,0,27,13,0.0,24000.000000,0,0.0,0.0,0.0,1.0
48059,0,1,3400,-67,67,-133,18,22,0.50,20608.000000,0,27,12,0.0,0.0,0.0,0.0,0.0,0.0,1.0
48308,0,1,3400,-67,67,-133,13,22,0.50,10400.000000,0,27,12,0.0,0.0,0.0,0.0,0.0,0.0,1.0
48557,0,1,3400,-67,67,-132,13,21,0.50,5131.474121,0,27,12,0.0,0.0,0.0,0.0,0.0,0.0,1.0
48806,0,1,3400,-67,67,-133,13,21,0.50,0.0,0.0,27,12,0.0,0.0,0.0,0.0,0.0,0.0,1.0
49055,0,1,3400,-67,67,-136,13,22,0.50,0.0,0.0,27,12,0.0,0.0,0.0,0.0,0.0,0.0,1.0
49304,0,1,3400,-67,67,-135,14,21,0.50,15456.000000,0,27,12,0.0,22464.000000,0,0.0,0.0,0.0,1.0
49553,0,1,3400,-67,67,-134,18,21,0.50,15456.000000,0,27,12,0.0,0.0,0.0,0.0,0.0,0.0,1.0
49802,0,1,3400,-67,67,-130,18,21,0.50,15456.000000,0,27,12,0.0,22464.000000,0,0.0,0.0,0.0,1.0
50051,0,1,3400,-67,67,-134,18,21,0.50,15456.000000,0,27,12,0.0,0.0,0.0,0.0,0.0,0.0,1.0
50300,0,1,3400,-67,67,-135,18,21,0.50,0.0,0.0,27,12,0.0,0.0,0.0,0.0,0.0,0.0,1.0
50549,0,1,3400,-68,68,-136,18,21,0.50,15394.421875,0,27,12,0.0,0.0,0.0,0.0,0.0,0.0,1.0
50798,0,1,3400,-67,67,-134,18,21,0.50,5152.000000,0,27,12,0.0,22464.000000,0,0.0,0.0,0.0,1.0
51047,0,1,3400,-67,67,-134,18,21,0.50,5152.000000,0,27,12,0.0,0.0,0.0,0.0,0.0,0.0,1.0
51296,0,1,3400,-67,67,-136,16,21,0.50,15552.000000,0,27,12,0.0,0.0,0.0,0.0,0.0,0.0,1.0
51545,0,1,3400,-67,67,-131,10,21,0.50,5248.000000,0,27,12,0.0,0.0,0.0,0.0,0.0,0.0,1.0
51794,0,1,3400,-67,67,-129,14,21,0.50,15518.072266,0,27,12,0.0,22554.216797,0,0.0,0.0,0.0,1.0
52043,0,1,3400,-67,67,-131,18,21,0.50,5152.000000,0,27,12,0.0,0.0,0.0,0.0,0.0,0.0,1.0
52292,0,1,3400,-67,67,-133,18,21,0.50,5131.474121,0,27,12,0.0,0.0,0.0,0.0,0.0,0.0,1.0
52541,0,1,3400,-68,68,-131,13,21,0.50,15744.000000,0,27,12,0.0,0.0,0.0,0.0,0.0,0.0,1.0
52790,0,1,3400,-67,67,-132,12,21,0.50,15648.000000,0,27,12,0.0,22464.000000,0,0.0,0.0,0.0,1.0
53039,0,1,3400,-67,67,-136,17,21,0.50,10304.000000,0,27,12,0.0,0.0,0.0,0.0,0.0,0.0,1.0
53288,0,1,3400,-67,67,-135,18,21,0.50,10304.000000,0,27,12,0.0,0.0,0.0,0.0,0.0,0.0,1.0
53537,0,1,3400,-67,67,-129,18,22,0.50,10304.000000,0,27,12,0.0,0.0,0.0,0.0,0.0,0.0,1.0
53786,0,1,3400,-66,66,-129,18,22,0.50,5152.000000,0,27,10,0.0,18624.000000,0,0.0,0.0,0.0,1.0
54035,0,1,3400,-66,66,-128,18,22,0.50,10304.000000,0,27,10,0.0,0.0,0.0,0.0,0.0,0.0,1.0
54284,0,1,3400,-66,66,-131,18,22,0.50,10262.948242,0,27,10,0.0,0.0,0.0,0.0,0.0,0.0,1.0
54533,0,1,3400,-66,66,-131,18,22,0.50,15456.000000,0,27,10,0.0,0.0,0.0,0.0,0.0,0.0,1.0
54782,0,1,3400,-66,66,-130,18,22,0.50,30912.000000,0,27,10,0.0,18624.000000,0,0.0,0.0,0.0,1.0
55031,0,1,3400,-66,66,-133,18,22,0.50,10304.000000,0,27,10,0.0,0.0,0.0,0.0,0.0,0.0,1.0
55280,0,1,3400,-66,66,-134,18,22,0.50,15456.000000,0,27,10,0.0,0.0,0.0,0.0,0.0,0.0,1.0
55529,0,1,3400,-66,66,-133,18,22,0.50,10304.000000,0,27,10,0.0,0.0,0.0,0.0,0.0,0.0,1.0
55778,0,1,3400,-66,66,-130,18,22,0.50,15456.000000,0,27,9.1,0.0,16064.000000,0,0.0,0.0,0.0,1.0
56027,0,1,3400,-66,66,-125,18,22,0.50,10304.000000,0,27,8.5,0.0,0.0,0.0,0.0,0.0,0.0,1.0
56276,0,1,3400,-66,66,-128,18,22,0.50,10262.948242,0,27,8.5,0.0,0.0,0.0,0.0,0.0,0.0,1.0
56525,0,1,3400,-66,66,-129,18,22,0.50,20608.000000,0,27,8.5,0.0,0.0,0.0,0.0,0.0,0.0,1.0
56774,0,1,3400,-66,66,-129,12,22,0.50,10976.000000,0,27,7.0,0.0,15936.000000,0,0.0,0.0,0.0,1.0
57023,0,1,3400,-66,66,-132,3.0,23,0.50,0.0,0.0,27,5.0,0.0,0.0,0.0,0.0,0.0,0.0,1.0
57272,0,1,3400,-66,66,-130,2.3,22,0.50,11616.000000,0,27,5.0,0.0,0.0,0.0,0.0,0.0,0.0,1.0
57521,0,1,3400,-66,66,-126,2.0,22,0.50,0.0,0.0,27,5.0,0.0,0.0,0.0,0.0,0.0,0.0,1.0
57770,0,1,3400,-66,66,-128,2.0,22,0.50,0.0,0.0,27,5.0,0.0,0.0,0.0,0.0,0.0,0.0,1.0
58019,0,1,3400,-66,66,-130,2.3,22,0.50,11601.593750,0,27,5.5,0.0,14342.629883,20,0.0,0.0,0.0,1.0
58268,0,1,3400,-66,66,-130,3.0,22,0.50,5824.000000,0,27,7.0,0.0,0.0,0.0,0.0,0.0,0.0,1.0
58517,0,1,3400,-66,66,-128,7.8,22,0.50,28096.000000,0,27,7.0,0.0,0.0,0.0,0.0,0.0,0.0,1.0
58766,0,1,3400,-65,65,-127,18,22,0.50,21248.000000,0,27,3.7,0.0,8064.000000,0,0.0,0.0,0.0,1.0
59015,0,1,3400,-65,65,-126,18,23,0.50,21248.000000,0,27,1.5,0.0,0.0,0.0,0.0,0.0,0.0,1.0
59264,0,1,3400,-65,65,-128,18,23,0.49,15776.000000,0,27,1.5,0.0,0.0,0.0,0.0,0.0,0.0,1.0
59513,0,1,3400,-65,65,-128,18,23,0.50,15936.000000,0,27,1.5,0.0,0.0,0.0,0.0,0.0,0.0,1.0
59762,0,1,3400,-65,65,-125,18,23,0.50,10624.000000,0,27,1.0,0.0,11776.000000,0,0.0,0.0,0.0,1.0
60011,0,1,3400,-65,65,-128,18,23,0.50,15936.000000,0,27,0.0,0.0,0.0,0.0,0.0,0.0,0.0,1.0
60260,0,1,3400,-65,65,-125,18,23,0.50,10581.672852,0,27,0.0,0.0,0.0,0.0,0.0,0.0,0.0,1.0
60509,0,1,3400,-65,65,-127,16,23,0.50,16096.000000,0,27,0.0,0.0,0.0,0.0,0.0,0.0,0.0,1.0
60758,0,1,3400,-64,64,-127,18,23,0.50,0.0,0.0,27,0.0,0.0,0.0,0.0,0.0,0.0,0.0,1.0
61007,0,1,3400,-64,64,-126,15,24,0.50,6208.000000,0,27,0.19,0.0,0.0,0,0.0,0.0,0.0,1.0
61256,0,1,3400,-64,64,-130,6.0,24,0.50,6208.000000,0,27,0.048,0.0,18848.000000,0,0.0,0.0,0.0,1.0
61505,0,1,3400,-64,64,-129,16,24,0.49,10624.000000,0,27,0.0,0.0,0.0,0.0,0.0,0.0,0.0,1.0
61754,0,1,3400,-63,63,-124,11,24,0.50,17824.000000,0,27,1.7,0.0,11584.000000,0,0.0,0.0,0.0,1.0
62003,0,1,3400,-63,63,-127,7.6,24,0.50,23168.000000,0,27,4.1,0.0,0.0,0,0.0,0.0,0.0,1.0
62252,0,1,3400,-63,63,-126,17,25,0.50,15936.000000,0,27,8.0,0.0,11936.000000,0,0.0,0.0,0.0,1.0
62501,0,1,3400,-63,63,-127,17,25,0.50,5290.836426,0,27,8.0,0.0,0.0,0.0,0.0,0.0,0.0,1.0
62750,0,1,3400,-63,63,-125,15,25,0.50,44896.000000,0,27,3.7,0.0,31808.000000,0,0.0,0.0,0.0,1.0
62999,0,1,3400,-63,63,-126,13,25,0.50,6560.000000,0,27,2.0,0.0,0.0,0.0,0.0,0.0,0.0,1.0
63248,0,1,3400,-63,63,-125,5.5,25,0.50,0.0,0.0,27,2.0,0.0,0.0,0.0,0.0,0.0,0.0,1.0
63497,0,1,3400,-63,63,-127,2.4,25,0.50,1056.000000,0,27,2.0,0.0,0.0,0.0,0.0,0.0,0.0,1.0
63746,0,1,3400,-62,62,-123,13,25,0.50,53131.472656,0,27,1.5,0.0,9306.772461,8,0.0,0.0,0.0,1.0
63995,0,1,3400,-62,62,-127,4.0,25,0.50,2496.000000,0,27,1.5,0.0,0.0,0.0,0.0,0.0,0.0,1.0
64244,0,1,3400,-62,62,-130,11,25,0.50,16512.000000,0,27,1.5,0.0,0.0,0.0,0.0,0.0,0.0,1.0
64493,0,1,3400,-62,62,-127,15,25,0.50,23456.000000,0,27,1.5,0.0,0.0,0.0,0.0,0.0,0.0,1.0
64742,0,1,3400,-61,61,-126,16,26,0.50,15904.000000,0,27,2.6,0.0,22912.000000,0,0.0,0.0,0.0,1.0
64991,0,1,3400,-61,61,-127,16,26,0.50,10688.000000,0,27,5.5,0.0,0.0,0.0,0.0,0.0,0.0,1.0
65240,0,1,3400,-61,61,-123,15,26,0.50,27136.000000,0,27,5.5,0.0,0.0,0.0,0.0,0.0,0.0,1.0
65489,0,1,3400,-61,61,-120,12,26,0.50,25344.000000,0,27,5.5,0.0,0.0,0.0,0.0,0.0,0.0,1.0
65738,0,1,3400,-60,60,-124,2.4,26,0.50,29728.000000,0,27,5.0,0.0,13728.000000,0,0.0,0.0,0.0,1.0
65987,0,1,3400,-60,60,-127,10,27,0.50,10880.000000,0,27,5.0,0.0,0.0,0.0,0.0,0.0,0.0,1.0
66236,0,1,3400,-60,60,-124,12,27,0.50,5344.000000,0,27,5.0,0.0,0.0,0.0,0.0,0.0,0.0,1.0
66485,0,1,3400,-60,60,-126,8.5,27,0.50,22725.099609,0,27,5.0,0.0,0.0,0.0,0.0,0.0,0.0,1.0
66734,0,1,3400,-60,60,-124,2.5,27,0.50,18016.000000,0,27,3.4,0.0,22208.000000,0,0.0,0.0,0.0,1.0
66983,0,1,3400,-60,60,-124,13,27,0.50,43136.000000,0,27,2.5,0.0,0.0,0.0,0.0,0.0,0.0,1.0
67232,0,1,3400,-60,60,-122,16,27,0.50,11328.000000,0,27,2.5,0.0,0.0,0.0,0.0,0.0,0.0,1.0
67481,0,1,3400,-60,60,-121,1.0,27,0.50,21760.000000,0,27,2.5,0.0,0.0,0.0,0.0,0.0,0.0,1.0
67730,0,1,3400,-60,60,-122,1.3,27,0.50,16992.000000,0,27,2.5,186,0.0,0.0,0.0,0.0,0.0,1.0
67979,0,1,3400,-60,60,-125,7.5,27,0.50,0.0,0.0,27,3.0,0.0,35360.000000,12,0.0,0.0,0.0,1.0
68228,0,1,3400,-60,60,-124,9.8,27,0.50,5472.000000,0,27,3.0,0.0,0.0,0.0,0.0,0.0,0.0,1.0
68477,0,1,3400,-60,60,-120,10,27,0.50,0.0,0.0,27,3.0,0.0,0.0,0.0,0.0,0.0,0.0,1.0
68726,0,1,3400,-59,59,-123,6.9,27,0.50,19219.123047,0,27,2.2,0.0,13290.836914,0,0.0,0.0,0.0,1.0
68975,0,1,3400,-59,59,-123,2.1,27,0.50,20896.000000,0,27,1.5,0.0,0.0,0.0,0.0,0.0,0.0,1.0
69224,0,1,3400,-59,59,-122,12,28,0.50,16480.000000,0,27,1.5,0.0,0.0,0.0,0.0,0.0,0.0,1.0
69473,0,1,3400,-59,59,-124,8.0,28,0.50,10528.000000,0,27,1.5,0.0,0.0,0.0,0.0,0.0,0.0,1.0
69722,0,1,3400,-59,59,-121,1.5,28,0.50,13696.000000,0,27,6.8,0.0,53984.000000,0,0.0,0.0,0.0,1.0
69971,0,1,3400,-59,59,-122,9.9,28,0.50,16448.000000,0,27,9.0,0.0,0.0,0.0,0.0,0.0,0.0,1.0
70220,0,1,3400,-59,59,-120,13,27,0.50,5450.199219,0,27,9.0,0.0,0.0,0.0,0.0,0.0,0.0,1.0
70469,0,1,3400,-60,60,-120,11,27,0.50,6944.000000,0,27,9.0,0.0,0.0,0.0,0.0,0.0,0.0,1.0
70718,0,1,3400,-60,60,-120,4.8,27,0.50,17593.625000,0,27,6.9,0.0,47840.636719,9,0.0,0.0,0.0,1.0
70967,0,1,3400,-60,60,-121,12,26,0.50,21248.000000,0,27,4.0,0.0,0.0,0.0,0.0,0.0,0.0,1.0
71216,0,1,3400,-60,60,-123,15,26,0.50,5333.333496,0,27,4.0,0.0,0.0,0.0,0.0,0.0,0.0,1.0
71465,0,1,3400,-61,61,-124,12,26,0.50,21696.000000,0,27,4.0,0.0,0.0,0.0,0.0,0.0,0.0,1.0
71714,0,1,3400,-61,61,-122,12,26,0.50,24384.000000,0,27,5.4,0.0,29824.000000,0,0.0,0.0,0.0,1.0
71963,0,1,3400,-61,61,-121,8.9,26,0.50,7808.000000,0,27,7.0,0.0,0.0,0.0,0.0,0.0,0.0,1.0
72212,0,1,3400,-61,61,-119,14,26,0.50,10720.000000,0,27,7.0,0.0,0.0,0.0,0.0,0.0,0.0,1.0
72461,0,1,3400,-61,61,-114,5.4,26,0.50,19040.000000,0,27,6.9,0.0,0.0,0.0,0.0,0.0,0.0,1.0
72710,0,1,3400,-60,60,-122,13,26,0.50,16160.000000,0,27,3.8,0.0,13920.000000,11,0.0,0.0,0.0,1.0
72959,0,1,3400,-60,60,-122,14,26,0.50,5322.708984,0,27,0.0,0.0,0.0,0.0,0.0,0.0,0.0,1.0
73208,0,1,3400,-60,60,-118,16,27,0.50,10688.000000,0,27,0.0,0.0,0.0,0.0,0.0,0.0,0.0,1.0
73457,0,1,3400,-60,60,-122,14,27,0.50,29856.000000,0,27,0.0,0.0,0.0,0.0,0.0,0.0,0.0,1.0
73706,0,1,3400,-60,60,-122,9.3,27,0.50,17376.000000,0,27,3.3,0.0,65888.000000,0,0.0,0.0,0.0,1.0
73955,0,1,3400,-60,60,-119,5.5,27,0.50,23936.000000,0,27,5.5,0.0,0.0,0.0,0.0,0.0,0.0,1.0
74204,0,1,3400,-60,60,-122,0.0,27,0.50,14432.000000,0,27,5.5,0.0,0.0,0.0,0.0,0.0,0.0,1.0
74453,0,1,3400,-60,60,-123,6.8,27,0.50,15136.000000,0,27,5.5,0.0,0.0,0.0,0.0,0.0,0.0,1.0
74702,0,1,3400,-60,60,-123,14,27,0.50,15904.000000,0,27,2.6,0.0,11296.000000,0,0.0,0.0,0.0,1.0
74951,0,1,3400,-60,60,-123,15,27,0.50,5322.708984,0,27,0.50,0.0,0.0,0.0,0.0,0.0,0.0,1.0
75200,0,1,3400,-60,60,-120,14,27,0.50,5344.000000,0,27,0.50,0.0,0.0,0.0,0.0,0.0,0.0,1.0
75449,0,1,3400,-60,60,-118,15,27,0.50,11040.000000,0,27,0.50,0.0,0.0,0.0,0.0,0.0,0.0,1.0
75698,0,1,3400,-60,60,-114,9.8,27,0.50,17024.000000,0,27,6.2,0.0,20000.000000,14,0.0,0.0,0.0,1.0
75947,0,1,3400,-60,60,-119,16,27,0.50,32064.000000,0,27,8.4,0.0,0.0,0.0,0.0,0.0,0.0,1.0
76196,0,1,3400,-60,60,-120,16,27,0.50,21280.000000,0,27,8.4,0.0,0.0,0.0,0.0,0.0,0.0,1.0
76445,0,1,3400,-60,60,-114,11,27,0.50,10656.000000,0,27,8.5,0.0,0.0,0.0,0.0,0.0,0.0,1.0
76694,0,1,3400,-60,60,-118,17,27,0.50,26422.310547,0,27,3.5,0.0,18039.839844,0,0.0,0.0,0.0,1.0
76943,0,1,3400,-60,60,-122,14,27,0.50,19488.000000,0,27,2.0,0.0,0.0,0.0,0.0,0.0,0.0,1.0
77192,0,1,3400,-60,60,-121,1.5,27,0.50,18613.544922,0,27,2.0,0.0,0.0,0.0,0.0,0.0,0.0,1.0
77441,0,1,3400,-60,60,-119,4.0,27,0.50,17895.582031,0,27,2.0,0.0,0.0,0.0,0.0,0.0,0.0,1.0
77690,0,1,3400,-60,60,-112,3.6,27,0.50,6278.884277,0,27,2.0,0.0,16669.322266,0,0.0,0.0,0.0,1.0
77939,0,1,3400,-60,60,-121,4.7,27,0.50,6232.931641,0,27,2.5,0.0,0.0,0.0,0.0,0.0,0.0,1.0
78188,0,1,3400,-60,60,-119,5.5,27,0.50,0.0,0.0,27,2.5,0.0,0.0,0.0,0.0,0.0,0.0,1.0
78437,0,1,3400,-60,60,-118,5.3,27,0.50,18240.000000,0,27,2.5,0.0,0.0,0.0,0.0,0.0,0.0,1.0
78686,0,1,3400,-60,60,-117,13,27,0.50,10624.000000,0,27,2.7,0.0,18880.000000,0,0.0,0.0,0.0,1.0
78935,0,1,3400,-60,60,-119,16,27,0.50,10624.000000,0,27,3.0,0.0,0.0,0.0,0.0,0.0,0.0,1.0
79184,0,1,3400,-60,60,-118,16,26,0.50,21440.000000,0,27,3.0,0.0,0.0,0.0,0.0,0.0,0.0,1.0
79433,0,1,3400,-61,61,-120,16,26,0.50,15904.382812,0,27,3.0,0.0,0.0,0.0,0.0,0.0,0.0,1.0
79682,0,1,3400,-61,61,-119,16,26,0.50,5344.000000,0,27,2.4,0.0,9088.000000,0,0.0,0.0,0.0,1.0
79931,0,1,3400,-61,61,-119,16,26,0.50,5344.000000,0,27,1.5,0.0,0.0,0.0,0.0,0.0,0.0,1.0
80180,0,1,3400,-61,61,-116,10,26,0.50,5312.000000,0,27,1.5,0.0,0.0,0.0,0.0,0.0,0.0,1.0
80429,0,1,3400,-62,62,-115,14,26,0.50,10688.000000,0,27,1.5,0.0,0.0,0.0,0.0,0.0,0.0,1.0
80678,0,1,3400,-62,62,-117,17,26,0.50,5376.000000,0,27,1.5,186,0.0,0.0,0.0,0.0,0.0,1.0
80927,0,1,3400,-62,62,-117,8.3,26,0.51,24000.000000,3,27,0.17,0.0,16672.000000,8,0.0,0.0,0.0,1.0
81176,0,1,3400,-62,62,-115,14,26,0.50,10688.000000,0,27,0.0,0.0,0.0,0.0,0.0,0.0,0.0,1.0
81425,0,1,3400,-62,62,-116,16,25,0.50,15936.000000,0,27,0.0,0.0,0.0,0.0,0.0,0.0,0.0,1.0
81674,0,1,3400,-62,62,-114,15,25,0.51,5322.708984,0,27,0.97,0.0,10772.908203,0,0.0,0.0,0.0,1.0
81923,0,1,3400,-62,62,-111,13,25,0.53,21792.000000,0,27,1.5,0.0,0.0,0.0,0.0,0.0,0.0,1.0
82172,0,1,3400,-62,62,-116,6.1,25,0.50,5536.000000,0,27,1.5,0.0,0.0,0.0,0.0,0.0,0.0,1.0
82421,0,1,3400,-62,62,-120,9.7,26,0.51,5280.000000,0,27,1.5,0.0,0.0,0.0,0.0,0.0,0.0,1.0
82670,0,1,3400,-62,62,-121,14,26,0.52,10688.000000,0,27,2.3,0.0,19264.000000,31,0.0,0.0,0.0,1.0
82919,0,1,3400,-62,62,-123,12,26,0.50,16160.000000,0,27,5.5,0.0,0.0,0.0,0.0,0.0,0.0,1.0
83168,0,1,3400,-62,62,-118,18,25,0.50,0.0,0.0,27,5.5,0.0,0.0,0.0,0.0,0.0,0.0,1.0
83417,0,1,3400,-62,62,-115,18,25,0.50,0.0,0.0,27,5.5,0.0,0.0,0.0,0.0,0.0,0.0,1.0
83666,0,1,3400,-62,62,-113,11,25,0.53,11648.000000,0,27,4.0,0.0,28960.000000,39,0.0,0.0,0.0,1.0
83915,0,1,3400,-62,62,-110,12,25,0.54,21600.000000,0,27,2.0,0.0,0.0,0.0,0.0,0.0,0.0,1.0
84164,0,1,3400,-62,62,-116,17,25,0.50,10848.000000,0,27,2.0,0.0,0.0,0.0,0.0,0.0,0.0,1.0
84413,0,1,3400,-62,62,-118,14,25,0.53,5312.000000,0,27,2.0,0.0,0.0,0.0,0.0,0.0,0.0,1.0
84662,0,1,3400,-62,62,-117,16,25,0.53,27552.000000,0,27,1.7,0.0,15200.000000,52,0.0,0.0,0.0,1.0
84911,0,1,3400,-62,62,-115,17,25,0.56,10752.000000,0,27,0.0,0.0,0.0,100.000000,0.0,0.0,0.0,1.0
85160,0,1,3400,-62,62,-113,17,26,0.50,10688.000000,0,27,0.0,0.0,0.0,0.0,0.0,0.0,0.0,1.0
85409,0,1,3400,-62,62,-109,16,26,0.51,5728.000000,0,27,0.0,0.0,0.0,0.0,0.0,0.0,0.0,1.0
85658,0,1,3400,-61,61,-112,11,26,0.53,16704.000000,0,27,3.1,0.0,16480.000000,17,0.0,0.0,0.0,1.0
85907,0,1,3400,-61,61,-114,14,26,0.50,5504.000000,0,27,4.0,0.0,0.0,0.0,0.0,0.0,0.0,1.0
86156,0,1,3400,-61,61,-114,7.1,26,0.51,16223.107422,0,27,4.0,0.0,0.0,0.0,0.0,0.0,0.0,1.0
86405,0,1,3400,-61,61,-113,9.1,26,0.50,16224.000000,0,27,4.0,0.0,0.0,0.0,0.0,0.0,0.0,1.0
86654,0,1,3400,-61,61,-116,9.2,26,0.50,21664.000000,0,27,2.4,0.0,2944.000000,57,0.0,0.0,0.0,1.0
86903,0,1,3400,-61,61,-119,13,26,0.50,10848.000000,0,27,2.0,0.0,0.0,0.0,0.0,0.0,0.0,1.0
87152,0,1,3400,-61,61,-117,19,26,1.1,15680.000000,20,27,2.0,0.0,0.0,0.0,0.0,0.0,0.0,1.0
87401,0,1,3400,-62,62,-118,16,26,1.6,16480.000000,0,27,2.0,0.0,0.0,0.0,0.0,0.0,0.0,1.0
87650,0,1,3400,-62,62,-116,7.0,26,0.50,0.0,0.0,27,2.0,0.0,0.0,0.0,0.0,0.0,0.0,1.0
87899,0,1,3400,-62,62,-112,6.7,25,0.50,11168.000000,0,27,1.2,0.0,7296.000000,33,0.0,0.0,0.0,1.0
88148,0,1,3400,-62,62,-116,6.5,25,0.50,0.0,0.0,27,1.0,0.0,0.0,0.0,0.0,0.0,0.0,1.0
88397,0,1,3400,-62,62,-118,6.4,25,0.50,11091.633789,0,27,1.0,0.0,0.0,0.0,0.0,0.0,0.0,1.0
88646,0,1,3400,-62,62,-112,5.4,25,0.50,11488.000000,0,27,0.43,0.0,6752.000000,41,0.0,0.0,0.0,1.0
88895,0,1,3400,-62,62,-112,2.3,25,0.50,29920.000000,0,27,0.0,0.0,0.0,0.0,0.0,0.0,0.0,1.0
89144,0,1,3400,-62,62,-111,0.0,25,0.50,9856.000000,0,27,0.0,0.0,0.0,0.0,0.0,0.0,0.0,1.0
89393,0,1,3400,-63,63,-116,0.0,25,0.50,42944.000000,0,27,0.0,0.0,0.0,0.0,0.0,0.0,0.0,1.0
89642,0,1,3400,-63,63,-117,0.0,25,0.50,28512.000000,0,27,1.4,0.0,17312.000000,0,0.0,0.0,0.0,1.0
89891,0,1,3400,-63,63,-115,12,25,0.50,16701.195312,0,27,2.0,0.0,0.0,0.0,0.0,0.0,0.0,1.0
90140,0,1,3400,-63,63,-115,16,25,0.50,11072.000000,0,27,2.0,0.0,0.0,0.0,0.0,0.0,0.0,1.0
90389,0,1,3400,-63,63,-114,16,25,0.50,21184.000000,0,27,2.0,0.0,0.0,0.0,0.0,0.0,0.0,1.0
90638,0,1,3400,-63,63,-114,18,25,0.50,5312.000000,0,27,2.0,0.0,3968.000000,57,0.0,0.0,0.0,1.0
90887,0,1,3400,-63,63,-115,18,25,0.50,0.0,0.0,27,2.0,0.0,0.0,0.0,0.0,0.0,0.0,1.0
91136,0,1,3400,-63,63,-114,16,24,0.50,10560.000000,0,27,2.0,0.0,0.0,0.0,0.0,0.0,0.0,1.0
91385,0,1,3400,-63,63,-111,16,25,0.50,5280.000000,0,27,2.0,0.0,0.0,0.0,0.0,0.0,0.0,1.0
91634,0,1,3400,-63,63,-113,13,25,0.50,9152.000000,0,27,2.0,186,0.0,0.0,0.0,0.0,0.0,1.0
91883,0,1,3400,-63,63,-109,2.9,25,0.50,36096.000000,0,27,1.0,0.0,18400.000000,42,0.0,0.0,0.0,1.0
92132,0,1,3400,-63,63,-109,4.0,25,0.50,29280.000000,0,27,0.032,0.0,12544.000000,16,0.0,0.0,0.0,1.0
92381,0,1,3400,-63,63,-112,5.5,25,0.50,11488.000000,0,27,0.0,0.0,0.0,0.0,0.0,0.0,0.0,1.0
92630,0,1,3400,-63,63,-115,4.9,25,0.50,5760.000000,0,27,0.0,186,0.0,0.0,0.0,0.0,0.0,1.0
92879,0,1,3400,-63,63,-110,8.7,25,0.50,32860.558594,0,27,0.68,0.0,4207.171387,56,0.0,0.0,0.0,1.0
93128,0,1,3400,-63,63,-112,16,24,0.50,21728.000000,0,27,0.0,0.0,0.0,0.0,0.0,0.0,0.0,1.0
93377,0,1,3400,-63,63,-113,17,25,0.50,16128.000000,0,27,0.0,0.0,0.0,0.0,0.0,0.0,0.0,1.0
93626,0,1,3400,-63,63,-115,17,25,0.50,10848.000000,0,27,1.2,0.0,2944.000000,57,0.0,0.0,0.0,1.0
93875,0,1,3400,-63,63,-115,18,25,0.50,21248.000000,0,27,2.0,0.0,0.0,0.0,0.0,0.0,0.0,1.0
94124,0,1,3400,-63,63,-114,17,25,0.50,31808.000000,0,27,2.0,0.0,0.0,0.0,0.0,0.0,0.0,1.0
94373,0,1,3400,-63,63,-112,16,25,0.50,21312.000000,0,27,2.0,0.0,0.0,0.0,0.0,0.0,0.0,1.0
94622,0,1,3400,-62,62,-109,16,25,0.50,15936.000000,0,27,1.4,0.0,3776.000000,62,0.0,0.0,0.0,1.0
94871,0,1,3400,-62,62,-108,4.9,25,0.50,6112.000000,0,27,0.0,0.0,0.0,0.0,0.0,0.0,0.0,1.0
95120,0,1,3400,-62,62,-110,3.0,25,0.50,11872.000000,0,27,0.0,0.0,0.0,0.0,0.0,0.0,0.0,1.0
95369,0,1,3400,-62,62,-111,2.1,25,0.50,8063.745117,0,27,0.0,0.0,0.0,0.0,0.0,0.0,0.0,1.0
95618,0,1,3400,-62,62,-113,0.0,25,0.50,0.0,0.0,27,0.0,0.0,0.0,0.0,0.0,0.0,0.0,1.0
95867,0,1,3400,-62,62,-116,1.3,25,0.50,5376.000000,0,27,0.0,144,0.0,0,0.0,0.0,0.0,1.0
96116,0,1,3400,-62,62,-111,11,25,0.50,21376.000000,0,27,0.0,0.0,17216.000000,39,0.0,0.0,0.0,1.0
96365,0,1,3400,-63,63,-110,18,25,0.50,10772.908203,0,27,0.0,0.0,0.0,0.0,0.0,0.0,0.0,1.0
96614,0,1,3400,-63,63,-108,16,25,0.50,22112.000000,0,27,0.0,165,0.0,80,0.0,0.0,0.0,1.0
96864,0,1,3400,-63,63,-107,0.0,24,0.50,10208.000000,0,27,0.0,123,0.0,0,0.0,0.0,0.0,1.0
97113,0,1,3400,-63,63,-109,14,24,0.53,34666.667969,0,27,0.072,0.0,8867.469727,43,0.0,0.0,0.0,1.0
97362,0,1,3400,-64,64,-111,12,24,0.50,16064.000000,0,27,0.0,0.0,0.0,0.0,0.0,0.0,0.0,1.0
97611,0,1,3400,-64,64,-110,9.8,24,0.50,19123.505859,0,27,0.19,0.0,16733.068359,32,0.0,0.0,0.0,1.0
97860,0,1,3400,-64,64,-113,6.5,24,0.50,17216.000000,0,27,0.0,0.0,0.0,0.0,0.0,0.0,0.0,1.0
98109,0,1,3400,-64,64,-112,2.8,24,0.50,11296.000000,0,27,0.0,0.0,0.0,0.0,0.0,0.0,0.0,1.0
98358,0,1,3400,-64,64,-110,3.9,24,0.50,12576.000000,0,27,0.0,0.0,0.0,0.0,0.0,0.0,0.0,1.0
98607,0,1,3400,-64,64,-110,0.84,24,0.50,6912.000000,0,27,0.0,186,0.0,0.0,0.0,0.0,0.0,1.0
98856,0,1,3400,-64,64,-109,16,24,0.50,27232.000000,0,27,0.0,0.0,8544.000000,40,0.0,0.0,0.0,1.0
99105,0,1,3400,-64,64,-113,5.3,24,0.50,31392.000000,0,27,0.0,0.0,0.0,0.0,0.0,0.0,0.0,1.0
99354,0,1,3400,-65,65,-111,4.0,23,0.50,14240.000000,0,27,0.0,0.0,0.0,0.0,0.0,0.0,0.0,1.0
99603,0,1,3400,-65,65,-107,12,23,0.53,37760.000000,5,27,0.0,0.0,11360.000000,48,0.0,0.0,0.0,1.0
99852,0,1,3400,-65,65,-114,10,23,0.50,5418.326660,0,27,0.0,0.0,0.0,0.0,0.0,0.0,0.0,1.0
100101,0,1,3400,-65,65,-111,11,22,0.50,5440.000000,0,27,0.0,0.0,0.0,0.0,0.0,0.0,0.0,1.0
100350,0,1,3400,-66,66,-113,11,22,0.50,21696.000000,0,27,0.0,0.0,0.0,0.0,0.0,0.0,0.0,1.0
100599,0,1,3400,-65,65,-111,12,23,0.50,0.0,0.0,27,0.0,0.0,0.0,0.0,0.0,0.0,0.0,1.0
100848,0,1,3400,-65,65,-109,7.5,23,0.50,7168.000000,0,27,0.17,0.0,4512.000000,50,0.0,0.0,0.0,1.0
101097,0,1,3400,-65,65,-112,12,23,0.50,10624.000000,0,27,1.0,0.0,0.0,100.000000,0.0,0.0,0.0,1.0
101346,0,1,3400,-65,65,-111,16,23,0.50,10560.000000,0,27,1.0,0.0,0.0,0.0,0.0,0.0,0.0,1.0
101595,0,1,3400,-65,65,-112,16,23,0.50,26560.000000,0,27,0.86,0.0,2464.000000,42,0.0,0.0,0.0,1.0
101844,0,1,3400,-65,65,-114,16,23,0.50,16064.000000,0,27,0.0,0.0,2464.000000,87,0.0,0.0,0.0,1.0
102093,0,1,3400,-65,65,-110,18,23,0.50,5312.000000,0,27,0.0,0.0,0.0,0.0,0.0,0.0,0.0,1.0
102342,0,1,3400,-65,65,-111,17,23,0.50,5290.836426,0,27,0.0,0.0,0.0,0.0,0.0,0.0,0.0,1.0
102591,0,1,3400,-65,65,-115,18,23,0.50,10624.000000,0,27,10,0.0,8320.000000,40,0.0,0.0,0.0,1.0
102840,0,1,3400,-65,65,-112,15,23,0.50,13800.796875,0,27,16,0.0,0.0,0.0,0.0,0.0,0.0,1.0
103089,0,1,3400,-65,65,-106,18,23,0.50,7520.000000,0,27,16,0.0,0.0,0.0,0.0,0.0,0.0,1.0
103338,0,1,3400,-65,65,-108,18,23,0.50,16000.000000,0,27,16,0.0,0.0,0.0,0.0,0.0,0.0,1.0
103587,0,1,3400,-65,65,-108,11,23,0.50,22592.000000,0,27,11,0.0,10304.000000,28,0.0,0.0,0.0,1.0
103836,0,1,3400,-65,65,-112,6.9,23,0.50,16800.000000,0,27,0.0,0.0,0.0,0.0,0.0,0.0,0.0,1.0
104085,0,1,3400,-65,65,-109,6.6,23,0.50,22496.000000,0,27,0.0,0.0,0.0,0.0,0.0,0.0,0.0,1.0
104334,0,1,3400,-65,65,-108,12,23,0.50,16448.000000,0,27,0.0,0.0,0.0,0.0,0.0,0.0,0.0,1.0
104583,0,1,3400,-64,64,-107,15,23,0.50,16000.000000,0,27,0.54,0.0,2932.270996,57,0.0,0.0,0.0,1.0
104832,0,1,3400,-64,64,-110,17,24,0.50,5312.000000,0,27,2.0,0.0,0.0,0.0,0.0,0.0,0.0,1.0
105081,0,1,3400,-64,64,-110,17,24,0.50,15936.000000,0,27,2.0,0.0,0.0,0.0,0.0,0.0,0.0,1.0
105330,0,1,3400,-64,64,-110,18,24,0.50,15936.000000,0,27,2.0,0.0,0.0,0.0,0.0,0.0,0.0,1.0
105579,0,1,3400,-63,63,-107,18,24,0.50,37184.000000,0,27,0.45,0.0,3616.000000,65,0.0,0.0,0.0,1.0
105828,0,1,3400,-63,63,-105,18,25,0.50,0.0,0.0,27,0.0,0.0,0.0,0.0,0.0,0.0,0.0,1.0
106077,0,1,3400,-63,63,-110,18,25,0.50,5312.000000,0,27,0.0,0.0,0.0,0.0,0.0,0.0,0.0,1.0
106326,0,1,3400,-63,63,-105,18,25,0.50,15936.000000,0,27,0.0,0.0,0.0,0.0,0.0,0.0,0.0,1.0
106575,0,1,3400,-63,63,-110,16,25,0.50,26688.000000,0,27,0.0,186,0.0,0.0,0.0,0.0,0.0,1.0
106824,0,1,3400,-63,63,-110,17,25,0.50,16064.000000,0,27,0.0,186,0.0,0.0,0.0,0.0,0.0,1.0
107073,0,1,3400,-63,63,-110,18,25,0.50,21163.345703,0,27,0.0,186,0.0,0.0,0.0,0.0,0.0,1.0
107322,0,1,3400,-63,63,-110,16,25,0.50,15808.000000,0,27,0.0,144,0.0,80,0.0,0.0,0.0,1.0
107571,0,1,3400,-63,63,-111,14,24,0.50,5248.000000,0,27,0.0,329,0.0,0.0,0.0,0.0,0.0,1.0
107820,0,1,3400,-63,63,-111,6.7,25,0.50,15168.000000,0,27,0.35,0.0,12352.000000,65,0.0,0.0,0.0,1.0
108069,0,1,3400,-63,63,-107,0.064,24,0.50,37664.000000,0,27,0.0,0.0,0.0,0.0,0.0,0.0,0.0,1.0
108318,0,1,3400,-64,64,-109,2.2,24,0.50,21088.000000,0,27,0.0,0.0,0.0,0.0,0.0,0.0,0.0,1.0
108567,0,1,3400,-64,64,-106,8.0,24,0.50,3104.000000,0,27,0.0,0.0,0.0,0.0,0.0,0.0,0.0,1.0
108816,0,1,3400,-64,64,-108,18,24,0.50,7520.000000,0,27,0.0,186,0.0,0.0,0.0,0.0,0.0,1.0
109065,0,1,3400,-64,64,-110,13,24,0.50,16224.000000,0,27,0.0,0.0,2464.000000,67,0.0,0.0,0.0,1.0
109314,0,1,3400,-64,64,-111,10.0,24,0.50,10836.653320,0,27,0.0,0.0,0.0,0.0,0.0,0.0,0.0,1.0
109563,0,1,3400,-63,63,-108,10,24,0.50,10836.653320,0,27,0.0,186,0.0,0.0,0.0,0.0,0.0,1.0
109812,0,1,3400,-63,63,-107,8.8,24,0.50,27136.000000,0,27,0.0,186,0.0,0.0,0.0,0.0,0.0,1.0
110061,0,1,3400,-63,63,-103,11,25,0.50,5397.590332,0,27,0.0,186,0.0,0.0,0.0,0.0,0.0,1.0
110310,0,1,3400,-63,63,-106,11,25,0.50,16512.000000,0,27,0.0,186,0.0,0.0,0.0,0.0,0.0,1.0
110559,0,1,3400,-62,62,-109,9.5,25,0.50,0.0,0.0,27,0.0,186,0.0,0.0,0.0,0.0,0.0,1.0
110808,0,1,3400,-62,62,-108,9.6,25,0.50,21760.000000,0,27,0.0,329,0.0,0,0.0,0.0,0.0,1.0
111057,0,1,3400,-62,62,-103,6.1,26,0.50,15840.000000,0,27,0.35,0.0,13024.000000,65,0.0,0.0,0.0,1.0
111306,0,1,3400,-62,62,-103,0.0,26,0.50,29216.000000,0,27,0.0,0.0,0.0,0.0,0.0,0.0,0.0,1.0
111555,0,1,3400,-62,62,-109,0.0,25,0.50,34848.000000,0,27,0.0,0.0,7840.000000,29,0.0,0.0,0.0,1.0
111804,0,1,3400,-62,62,-104,0.0,25,0.50,29450.199219,0,27,0.0,0.0,0.0,0.0,0.0,0.0,0.0,1.0
112053,0,1,3400,-62,62,-108,0.0,25,0.50,34144.000000,0,27,0.0,0.0,0.0,0.0,0.0,0.0,0.0,1.0
112302,0,1,3400,-62,62,-107,0.0,25,0.50,16192.000000,0,27,0.0,0.0,0.0,0.0,0.0,0.0,0.0,1.0
112551,0,1,3400,-61,61,-105,0.0,26,0.50,16192.000000,0,27,0.0,0.0,5184.000000,47,0.0,0.0,0.0,1.0
112800,0,1,3400,-61,61,-103,0.0,26,0.50,0.0,0.0,27,0.0,0.0,0.0,0.0,0.0,0.0,0.0,1.0
113049,0,1,3400,-61,61,-105,0.0,26,0.50,0.0,0.0,27,0.0,0.0,0.0,0.0,0.0,0.0,0.0,1.0
113298,0,1,3400,-61,61,-102,0.0,27,0.50,0.0,0.0,27,0.0,0.0,0.0,0.0,0.0,0.0,0.0,1.0
113547,0,1,3400,-61,61,-106,0.0,26,0.50,0.0,0.0,27,0.0,0.0,0.0,0.0,0.0,0.0,0.0,1.0
113796,0,1,3400,-61,61,-108,0.0,26,0.50,0.0,0.0,27,0.0,0.0,0.0,0.0,0.0,0.0,0.0,1.0
114045,0,1,3400,-61,61,-106,0.0,26,0.50,0.0,0.0,27,0.0,0.0,0.0,0.0,0.0,0.0,0.0,1.0
114294,0,1,3400,-61,61,-107,0.0,26,0.50,0.0,0.0,27,0.0,0.0,0.0,0.0,0.0,0.0,0.0,1.0
114543,0,1,3400,-61,61,-106,0.0,26,0.50,0.0,0.0,27,0.0,0.0,0.0,0.0,0.0,0.0,0.0,1.0
114792,0,1,3400,-61,61,-108,0.0,26,0.50,0.0,0.0,27,0.0,0.0,0.0,0.0,0.0,0.0,0.0,1.0
115041,0,1,3400,-61,61,-107,0.0,26,0.50,0.0,0.0,27,0.0,0.0,0.0,0.0,0.0,0.0,0.0,1.0
115290,0,1,3400,-62,62,-106,0.0,26,0.50,0.0,0.0,27,0.0,0.0,0.0,0.0,0.0,0.0,0.0,1.0
115539,0,1,3400,-62,62,-104,0.0,26,0.50,0.0,0.0,27,0.0,0.0,0.0,0.0,0.0,0.0,0.0,1.0
115788,0,1,3400,-62,62,-106,0.0,25,0.50,0.0,0.0,27,0.0,0.0,0.0,0.0,0.0,0.0,0.0,1.0
116037,0,1,3400,-62,62,-105,0.0,25,0.50,0.0,0.0,27,0.0,0.0,0.0,0.0,0.0,0.0,0.0,1.0
116286,0,1,3400,-63,63,-103,0.0,25,0.50,0.0,0.0,27,0.0,0.0,0.0,0.0,0.0,0.0,0.0,1.0
116535,0,1,3400,-63,63,-109,0.0,25,0.50,0.0,0.0,27,0.0,0.0,0.0,0.0,0.0,0.0,0.0,1.0
116784,0,1,3400,-63,63,-111,0.0,25,0.50,0.0,0.0,27,0.0,0.0,0.0,0.0,0.0,0.0,0.0,1.0
117033,0,1,3400,-63,63,-109,0.0,25,0.50,0.0,0.0,27,0.0,0.0,0.0,0.0,0.0,0.0,0.0,1.0
117282,0,1,3400,-63,63,-104,0.0,25,0.50,0.0,0.0,27,0.0,0.0,0.0,0.0,0.0,0.0,0.0,1.0
117531,0,1,3400,-62,62,-107,0.0,25,0.50,0.0,0.0,27,0.0,0.0,0.0,0.0,0.0,0.0,0.0,1.0
117780,0,1,3400,-62,62,-107,0.0,25,0.50,0.0,0.0,27,0.0,0.0,0.0,0.0,0.0,0.0,0.0,1.0
118029,0,1,3400,-62,62,-106,0.0,26,0.50,0.0,0.0,27,0.0,0.0,0.0,0.0,0.0,0.0,0.0,1.0
118278,0,1,3400,-62,62,-104,0.0,26,0.50,0.0,0.0,27,0.0,0.0,0.0,0.0,0.0,0.0,0.0,1.0
118527,0,1,3400,-62,62,-100,0.0,26,0.50,0.0,0.0,27,0.0,0.0,0.0,0.0,0.0,0.0,0.0,1.0
118776,0,1,3400,-62,62,-99,0.0,26,0.50,0.0,0.0,27,0.0,0.0,0.0,0.0,0.0,0.0,0.0,1.0
119025,0,1,3400,-62,62,-105,0.0,26,0.50,0.0,0.0,27,0.0,0.0,0.0,0.0,0.0,0.0,0.0,1.0
119274,0,1,3400,-62,62,-110,0.0,25,0.50,0.0,0.0,27,0.0,0.0,0.0,0.0,0.0,0.0,0.0,1.0
119523,0,1,3400,-62,62,-104,0.0,25,0.50,0.0,0.0,27,0.0,0.0,0.0,0.0,0.0,0.0,0.0,1.0
119772,0,1,3400,-62,62,-106,0.0,26,0.50,0.0,0.0,27,0.0,0.0,0.0,0.0,0.0,0.0,0.0,1.0
120021,0,1,3400,-62,62,-105,0.0,26,0.50,0.0,0.0,27,0.0,0.0,0.0,0.0,0.0,0.0,0.0,1.0
120270,0,1,3400,-62,62,-107,0.0,26,0.50,0.0,0.0,27,0.0,0.0,0.0,0.0,0.0,0.0,0.0,1.0
120519,0,1,3400,-62,62,-106,0.0,26,0.50,0.0,0.0,27,0.0,0.0,0.0,0.0,0.0,0.0,0.0,1.0
120768,0,1,3400,-62,62,-108,0.0,26,0.50,0.0,0.0,27,0.0,0.0,0.0,0.0,0.0,0.0,0.0,1.0
121017,0,1,3400,-62,62,-105,0.0,26,0.50,0.0,0.0,27,0.0,0.0,0.0,0.0,0.0,0.0,0.0,1.0
121266,0,1,3400,-62,62,-102,0.0,26,0.50,0.0,0.0,27,0.0,0.0,0.0,0.0,0.0,0.0,0.0,1.0
121515,0,1,3400,-62,62,-104,0.0,25,0.50,0.0,0.0,27,0.0,0.0,0.0,0.0,0.0,0.0,0.0,1.0
121764,0,1,3400,-62,62,-107,0.0,25,0.50,0.0,0.0,27,0.0,0.0,0.0,0.0,0.0,0.0,0.0,1.0
122013,0,1,3400,-62,62,-106,0.0,25,0.50,0.0,0.0,27,0.0,0.0,0.0,0.0,0.0,0.0,0.0,1.0
122262,0,1,3400,-63,63,-101,0.0,25,0.50,0.0,0.0,27,0.0,0.0,0.0,0.0,0.0,0.0,0.0,1.0
122511,0,1,3400,-62,62,-106,0.0,25,0.50,0.0,0.0,27,0.0,0.0,0.0,0.0,0.0,0.0,0.0,1.0
122760,0,1,3400,-62,62,-106,0.0,25,0.50,0.0,0.0,27,0.0,0.0,0.0,0.0,0.0,0.0,0.0,1.0
123009,0,1,3400,-62,62,-105,0.0,26,0.50,0.0,0.0,27,0.0,0.0,0.0,0.0,0.0,0.0,0.0,1.0
123258,0,1,3400,-62,62,-101,0.0,26,0.50,0.0,0.0,27,0.0,0.0,0.0,0.0,0.0,0.0,0.0,1.0
123507,0,1,3400,-62,62,-101,0.0,26,0.50,0.0,0.0,27,0.0,0.0,0.0,0.0,0.0,0.0,0.0,1.0
123756,0,1,3400,-62,62,-105,0.0,26,0.50,0.0,0.0,27,0.0,0.0,0.0,0.0,0.0,0.0,0.0,1.0
124005,0,1,3400,-62,62,-104,0.0,26,0.50,0.0,0.0,27,0.0,0.0,0.0,0.0,0.0,0.0,0.0,1.0
124254,0,1,3400,-62,62,-104,0.0,25,0.50,0.0,0.0,27,0.0,0.0,0.0,0.0,0.0,0.0,0.0,1.0
124503,0,1,3400,-61,61,-103,0.0,26,0.50,0.0,0.0,27,0.0,0.0,0.0,0.0,0.0,0.0,0.0,1.0
124752,0,1,3400,-61,61,-105,0.0,26,0.50,0.0,0.0,27,0.0,0.0,0.0,0.0,0.0,0.0,0.0,1.0
125001,0,1,3400,-61,61,-105,0.0,26,0.50,0.0,0.0,27,0.0,0.0,0.0,0.0,0.0,0.0,0.0,1.0
125250,0,1,3400,-61,61,-101,0.0,27,0.50,0.0,0.0,27,0.0,0.0,0.0,0.0,0.0,0.0,0.0,1.0
125499,0,1,3400,-61,61,-103,0.0,27,0.50,0.0,0.0,27,0.0,0.0,0.0,0.0,0.0,0.0,0.0,1.0
125748,0,1,3400,-61,61,-107,0.0,27,0.50,0.0,0.0,27,0.0,0.0,0.0,0.0,0.0,0.0,0.0,1.0
125997,0,1,3400,-61,61,-106,0.0,27,0.50,0.0,0.0,27,0.0,0.0,0.0,0.0,0.0,0.0,0.0,1.0
126246,0,1,3400,-61,61,-103,0.0,27,0.50,0.0,0.0,27,0.0,0.0,0.0,0.0,0.0,0.0,0.0,1.0
126495,0,1,3400,-60,60,-102,0.0,27,0.50,0.0,0.0,27,0.0,0.0,0.0,0.0,0.0,0.0,0.0,1.0
126744,0,1,3400,-60,60,-105,0.0,26,0.50,0.0,0.0,27,0.0,0.0,0.0,0.0,0.0,0.0,0.0,1.0
126993,0,1,3400,-60,60,-104,0.0,27,0.50,0.0,0.0,27,0.0,0.0,0.0,0.0,0.0,0.0,0.0,1.0
127242,0,1,3400,-60,60,-101,0.0,27,0.50,0.0,0.0,27,0.0,0.0,0.0,0.0,0.0,0.0,0.0,1.0
127491,0,1,3400,-60,60,-102,0.0,27,0.50,0.0,0.0,27,0.0,0.0,0.0,0.0,0.0,0.0,0.0,1.0
127740,0,1,3400,-60,60,-103,0.0,27,0.50,0.0,0.0,27,0.0,0.0,0.0,0.0,0.0,0.0,0.0,1.0
127989,0,1,3400,-60,60,-103,0.0,27,0.50,0.0,0.0,27,0.0,0.0,0.0,0.0,0.0,0.0,0.0,1.0
128238,0,1,3400,-60,60,-106,0.0,27,0.50,0.0,0.0,27,0.0,0.0,0.0,0.0,0.0,0.0,0.0,1.0
128487,0,1,3400,-59,59,-102,0.0,27,0.50,0.0,0.0,27,0.0,0.0,0.0,0.0,0.0,0.0,0.0,1.0
128736,0,1,3400,-59,59,-103,0.0,28,0.50,0.0,0.0,27,0.0,0.0,0.0,0.0,0.0,0.0,0.0,1.0
128985,0,1,3400,-59,59,-108,0.0,28,0.50,0.0,0.0,27,0.0,0.0,0.0,0.0,0.0,0.0,0.0,1.0
129234,0,1,3400,-59,59,-105,0.0,27,0.50,0.0,0.0,27,0.0,0.0,0.0,0.0,0.0,0.0,0.0,1.0
129483,0,1,3400,-58,58,-105,0.0,28,0.50,0.0,0.0,27,0.0,0.0,0.0,0.0,0.0,0.0,0.0,1.0
129732,0,1,3400,-58,58,-101,0.0,28,0.50,0.0,0.0,27,0.0,0.0,0.0,0.0,0.0,0.0,0.0,1.0
129981,0,1,3400,-58,58,-97,0.0,28,0.50,0.0,0.0,27,0.0,0.0,0.0,0.0,0.0,0.0,0.0,1.0
130230,0,1,3400,-58,58,-102,0.0,29,0.50,0.0,0.0,27,0.0,0.0,0.0,0.0,0.0,0.0,0.0,1.0
130479,0,1,3400,-58,58,-104,0.0,29,0.50,0.0,0.0,27,0.0,0.0,0.0,0.0,0.0,0.0,0.0,1.0
130728,0,1,3400,-58,58,-102,0.0,28,0.50,0.0,0.0,27,0.0,0.0,0.0,0.0,0.0,0.0,0.0,1.0
130977,0,1,3400,-58,58,-102,0.0,28,0.50,0.0,0.0,27,0.0,0.0,0.0,0.0,0.0,0.0,0.0,1.0
131226,0,1,3400,-59,59,-109,0.0,28,0.50,0.0,0.0,27,0.0,0.0,0.0,0.0,0.0,0.0,0.0,1.0
131475,0,1,3400,-59,59,-109,0.0,28,0.50,0.0,0.0,27,0.0,0.0,0.0,0.0,0.0,0.0,0.0,1.0
131724,0,1,3400,-59,59,-107,0.0,27,0.50,0.0,0.0,27,0.0,0.0,0.0,0.0,0.0,0.0,0.0,1.0
131973,0,1,3400,-59,59,-102,0.0,27,0.50,0.0,0.0,27,0.0,0.0,0.0,0.0,0.0,0.0,0.0,1.0
132222,0,1,3400,-59,59,-105,0.0,28,0.50,0.0,0.0,27,0.0,0.0,0.0,0.0,0.0,0.0,0.0,1.0
132471,0,1,3400,-59,59,-101,0.0,28,0.50,0.0,0.0,27,0.0,0.0,0.0,0.0,0.0,0.0,0.0,1.0
132720,0,1,3400,-59,59,-101,0.0,28,0.50,0.0,0.0,27,0.0,0.0,0.0,0.0,0.0,0.0,0.0,1.0
132969,0,1,3400,-59,59,-104,0.0,28,0.50,0.0,0.0,27,0.0,0.0,0.0,0.0,0.0,0.0,0.0,1.0
133218,0,1,3400,-60,60,-108,0.0,27,0.50,0.0,0.0,27,0.0,0.0,0.0,0.0,0.0,0.0,0.0,1.0
133467,0,1,3400,-60,60,-106,0.0,27,0.50,0.0,0.0,27,0.0,0.0,0.0,0.0,0.0,0.0,0.0,1.0
133716,0,1,3400,-60,60,-104,0.0,27,0.50,0.0,0.0,27,0.0,0.0,0.0,0.0,0.0,0.0,0.0,1.0
133965,0,1,3400,-60,60,-101,0.0,27,0.50,0.0,0.0,27,0.0,0.0,0.0,0.0,0.0,0.0,0.0,1.0
134214,0,1,3400,-60,60,-101,0.0,27,0.50,0.0,0.0,27,0.0,0.0,0.0,0.0,0.0,0.0,0.0,1.0
134463,0,1,3400,-60,60,-100,0.0,27,0.50,0.0,0.0,27,0.0,0.0,0.0,0.0,0.0,0.0,0.0,1.0
134712,0,1,3400,-60,60,-102,0.0,27,0.50,0.0,0.0,27,0.0,0.0,0.0,0.0,0.0,0.0,0.0,1.0
134961,0,1,3400,-60,60,-103,0.0,27,0.50,0.0,0.0,27,0.0,0.0,0.0,0.0,0.0,0.0,0.0,1.0
135210,0,1,3400,-60,60,-108,0.0,27,0.50,0.0,0.0,27,0.0,0.0,0.0,0.0,0.0,0.0,0.0,1.0
135459,0,1,3400,-60,60,-106,0.0,27,0.50,0.0,0.0,27,0.0,0.0,0.0,0.0,0.0,0.0,0.0,1.0
135708,0,1,3400,-60,60,-105,0.0,27,0.50,0.0,0.0,27,0.0,0.0,0.0,0.0,0.0,0.0,0.0,1.0
135957,0,1,3400,-60,60,-103,0.0,27,0.50,0.0,0.0,27,0.0,0.0,0.0,0.0,0.0,0.0,0.0,1.0
136206,0,1,3400,-60,60,-103,0.0,27,0.50,0.0,0.0,27,0.0,0.0,0.0,0.0,0.0,0.0,0.0,1.0
136455,0,1,3400,-59,59,-101,0.0,27,0.50,0.0,0.0,27,0.0,0.0,0.0,0.0,0.0,0.0,0.0,1.0
136704,0,1,3400,-59,59,-98,0.0,27,0.50,0.0,0.0,27,0.0,0.0,0.0,0.0,0.0,0.0,0.0,1.0
136953,0,1,3400,-59,59,-98,0.0,27,0.50,0.0,0.0,27,0.0,0.0,0.0,0.0,0.0,0.0,0.0,1.0
137202,0,1,3400,-59,59,-97,0.0,28,0.50,0.0,0.0,27,0.0,0.0,0.0,0.0,0.0,0.0,0.0,1.0
137451,0,1,3400,-58,58,-100,0.0,28,0.50,0.0,0.0,27,0.0,0.0,0.0,0.0,0.0,0.0,0.0,1.0
137700,0,1,3400,-58,58,-101,0.0,28,0.50,0.0,0.0,27,0.0,0.0,0.0,0.0,0.0,0.0,0.0,1.0
137949,0,1,3400,-58,58,-102,0.0,29,0.50,0.0,0.0,27,0.0,0.0,0.0,0.0,0.0,0.0,0.0,1.0
138198,0,1,3400,-58,58,-99,0.0,29,0.50,0.0,0.0,27,0.0,0.0,0.0,0.0,0.0,0.0,0.0,1.0
138447,0,1,3400,-58,58,-95,2.0,29,1.9,0.0,100.000000,27,0.0,0.0,0.0,0.0,0.0,0.0,0.0,1.0
138696,0,1,3400,-58,58,-99,2.5,29,2.2,0.0,0.0,27,0.0,0.0,0.0,0.0,0.0,0.0,0.0,1.0
138945,0,1,3400,-58,58,-100,2.5,28,2.2,0.0,0.0,27,0.0,0.0,0.0,0.0,0.0,0.0,0.0,1.0
139194,0,1,3400,-58,58,-100,2.5,28,2.2,0.0,0.0,27,0.0,0.0,0.0,0.0,0.0,0.0,0.0,1.0
139443,0,1,3400,-58,58,-103,2.5,28,2.2,0.0,0.0,27,0.0,0.0,0.0,0.0,0.0,0.0,0.0,1.0
139692,0,1,3400,-58,58,-102,2.5,28,2.2,0.0,0.0,27,0.0,0.0,0.0,0.0,0.0,0.0,0.0,1.0
139941,0,1,3400,-58,58,-107,2.5,28,2.2,0.0,0.0,27,0.0,0.0,0.0,0.0,0.0,0.0,0.0,1.0
140190,0,1,3400,-58,58,-104,2.5,29,2.2,0.0,0.0,27,0.0,0.0,0.0,0.0,0.0,0.0,0.0,1.0
140439,0,1,3400,-58,58,-97,2.5,29,2.2,0.0,0.0,27,0.0,0.0,0.0,0.0,0.0,0.0,0.0,1.0
140688,0,1,3400,-58,58,-101,2.5,28,2.2,0.0,0.0,27,0.0,0.0,0.0,0.0,0.0,0.0,0.0,1.0
140937,0,1,3400,-58,58,-103,2.5,28,2.2,0.0,0.0,27,0.0,0.0,0.0,0.0,0.0,0.0,0.0,1.0
141186,0,1,3400,-59,59,-100,2.5,28,2.2,0.0,0.0,27,0.0,0.0,0.0,0.0,0.0,0.0,0.0,1.0
141435,0,1,3400,-59,59,-98,2.5,28,2.2,0.0,0.0,27,0.0,0.0,0.0,0.0,0.0,0.0,0.0,1.0
141684,0,1,3400,-59,59,-101,2.5,28,2.2,0.0,0.0,27,0.0,0.0,0.0,0.0,0.0,0.0,0.0,1.0
141933,0,1,3400,-59,59,-103,2.5,27,2.2,0.0,0.0,27,0.0,0.0,0.0,0.0,0.0,0.0,0.0,1.0
142182,0,1,3400,-59,59,-104,5.5,27,2.2,0.0,100.000000,27,0.0,0.0,0.0,0.0,0.0,0.0,0.0,1.0
142431,0,1,3400,-58,58,-99,13,28,2.2,0.0,0.0,27,0.0,0.0,0.0,0.0,0.0,0.0,0.0,1.0
142680,0,1,3400,-58,58,-99,13,28,2.2,0.0,0.0,27,0.0,0.0,0.0,0.0,0.0,0.0,0.0,1.0
142929,0,1,3400,-58,58,-102,13,28,2.2,0.0,0.0,27,0.0,0.0,0.0,0.0,0.0,0.0,0.0,1.0
143178,0,1,3400,-58,58,-98,13,29,2.2,0.0,0.0,27,0.0,0.0,0.0,0.0,0.0,0.0,0.0,1.0
143427,0,1,3400,-58,58,-100,13,28,2.2,0.0,0.0,27,0.0,0.0,0.0,0.0,0.0,0.0,0.0,1.0
143676,0,1,3400,-58,58,-98,13,28,2.2,0.0,0.0,27,0.0,0.0,0.0,0.0,0.0,0.0,0.0,1.0
143925,0,1,3400,-58,58,-100,13,28,2.2,0.0,0.0,27,0.0,0.0,0.0,0.0,0.0,0.0,0.0,1.0
144174,0,1,3400,-58,58,-100,13,28,2.2,0.0,0.0,27,0.0,0.0,0.0,0.0,0.0,0.0,0.0,1.0
144423,0,1,3400,-58,58,-102,13,27,2.2,0.0,0.0,27,0.0,0.0,0.0,0.0,0.0,0.0,0.0,1.0
144672,0,1,3400,-58,58,-100,13,27,2.2,0.0,0.0,27,0.0,0.0,0.0,0.0,0.0,0.0,0.0,1.0
144921,0,1,3400,-58,58,-99,13,28,2.2,0.0,0.0,27,0.0,0.0,0.0,0.0,0.0,0.0,0.0,1.0
145170,0,1,3400,-58,58,-95,13,28,2.2,0.0,0.0,27,0.0,0.0,0.0,0.0,0.0,0.0,0.0,1.0
145419,0,1,3400,-58,58,-96,13,28,2.2,0.0,0.0,27,0.0,0.0,0.0,0.0,0.0,0.0,0.0,1.0
145668,0,1,3400,-58,58,-97,13,29,2.2,0.0,0.0,27,0.0,0.0,0.0,0.0,0.0,0.0,0.0,1.0
145917,0,1,3400,-58,58,-98,13,29,2.2,0.0,0.0,27,0.0,0.0,0.0,0.0,0.0,0.0,0.0,1.0
146166,0,1,3400,-58,58,-98,13,28,2.2,0.0,0.0,27,0.0,0.0,0.0,0.0,0.0,0.0,0.0,1.0
146415,0,1,3400,-58,58,-102,13,28,2.2,0.0,0.0,27,0.0,0.0,0.0,0.0,0.0,0.0,0.0,1.0
146664,0,1,3400,-58,58,-104,13,28,2.2,0.0,0.0,27,0.0,0.0,0.0,0.0,0.0,0.0,0.0,1.0
146913,0,1,3400,-58,58,-97,13,28,2.2,0.0,0.0,27,0.0,0.0,0.0,0.0,0.0,0.0,0.0,1.0
147162,0,1,3400,-58,58,-96,13,27,2.2,0.0,0.0,27,0.0,0.0,0.0,0.0,0.0,0.0,0.0,1.0
147411,0,1,3400,-58,58,-100,13,27,2.2,0.0,0.0,27,0.0,0.0,0.0,0.0,0.0,0.0,0.0,1.0
147660,0,1,3400,-58,58,-103,13,28,2.2,0.0,0.0,27,0.0,0.0,0.0,0.0,0.0,0.0,0.0,1.0
147909,0,1,3400,-58,58,-99,13,28,2.2,0.0,0.0,27,0.0,0.0,0.0,0.0,0.0,0.0,0.0,1.0
148158,0,1,3400,-58,58,-96,13,28,2.2,0.0,0.0,27,0.0,0.0,0.0,0.0,0.0,0.0,0.0,1.0
148407,0,1,3400,-58,58,-97,13,28,2.2,0.0,0.0,27,0.0,0.0,0.0,0.0,0.0,0.0,0.0,1.0
148656,0,1,3400,-58,58,-99,13,28,2.2,0.0,0.0,27,0.0,0.0,0.0,0.0,0.0,0.0,0.0,1.0
148905,0,1,3400,-58,58,-100,13,28,2.2,0.0,0.0,27,0.0,0.0,0.0,0.0,0.0,0.0,0.0,1.0
149154,0,1,3400,-59,59,-98,13,28,2.2,0.0,0.0,27,0.0,0.0,0.0,0.0,0.0,0.0,0.0,1.0
149403,0,1,3400,-59,59,-101,13,27,2.2,0.0,0.0,27,0.0,0.0,0.0,0.0,0.0,0.0,0.0,1.0
149652,0,1,3400,-59,59,-100,13,27,2.2,0.0,0.0,27,0.0,0.0,0.0,0.0,0.0,0.0,0.0,1.0
149901,0,1,3400,-59,59,-100,13,26,2.2,0.0,0.0,27,0.0,0.0,0.0,0.0,0.0,0.0,0.0,1.0
150150,0,1,3400,-60,60,-103,13,27,2.2,0.0,0.0,27,0.0,0.0,0.0,0.0,0.0,0.0,0.0,1.0
150399,0,1,3400,-59,59,-99,13,27,2.2,0.0,0.0,27,0.0,0.0,0.0,0.0,0.0,0.0,0.0,1.0
150648,0,1,3400,-59,59,-98,13,27,2.2,0.0,0.0,27,0.0,0.0,0.0,0.0,0.0,0.0,0.0,1.0
150897,0,1,3400,-59,59,-100,13,28,2.2,0.0,0.0,27,0.0,0.0,0.0,0.0,0.0,0.0,0.0,1.0
151146,0,1,3400,-59,59,-95,13,28,2.2,0.0,0.0,27,0.0,0.0,0.0,0.0,0.0,0.0,0.0,1.0
151395,0,1,3400,-58,58,-95,13,28,2.2,0.0,0.0,27,0.0,0.0,0.0,0.0,0.0,0.0,0.0,1.0
151644,0,1,3400,-58,58,-96,13,28,2.2,0.0,0.0,27,0.0,0.0,0.0,0.0,0.0,0.0,0.0,1.0
151893,0,1,3400,-58,58,-93,13,28,2.2,0.0,0.0,27,0.0,0.0,0.0,0.0,0.0,0.0,0.0,1.0
152142,0,1,3400,-58,58,-92,13,28,2.2,0.0,0.0,27,0.0,0.0,0.0,0.0,0.0,0.0,0.0,1.0
152391,0,1,3400,-58,58,-99,13,28,2.2,0.0,0.0,27,0.0,0.0,0.0,0.0,0.0,0.0,0.0,1.0
152640,0,1,3400,-58,58,-101,13,27,2.2,0.0,0.0,27,0.0,0.0,0.0,0.0,0.0,0.0,0.0,1.0
152889,0,1,3400,-58,58,-96,13,28,2.2,0.0,0.0,27,0.0,0.0,0.0,0.0,0.0,0.0,0.0,1.0
153138,0,1,3400,-58,58,-96,13,28,2.2,0.0,0.0,27,0.0,0.0,0.0,0.0,0.0,0.0,0.0,1.0
153387,0,1,3400,-57,57,-99,13,29,2.2,0.0,0.0,27,0.0,0.0,0.0,0.0,0.0,0.0,0.0,1.0
153636,0,1,3400,-57,57,-95,13,29,2.2,0.0,0.0,27,0.0,0.0,0.0,0.0,0.0,0.0,0.0,1.0
153885,0,1,3400,-57,57,-96,13,29,2.2,0.0,0.0,27,0.0,0.0,0.0,0.0,0.0,0.0,0.0,1.0
154134,0,1,3400,-57,57,-97,13,29,2.2,0.0,0.0,27,0.0,0.0,0.0,0.0,0.0,0.0,0.0,1.0
154383,0,1,3400,-57,57,-97,13,29,2.2,0.0,0.0,27,0.0,0.0,0.0,0.0,0.0,0.0,0.0,1.0
154632,0,1,3400,-57,57,-96,13,29,2.2,0.0,0.0,27,0.0,0.0,0.0,0.0,0.0,0.0,0.0,1.0
154881,0,1,3400,-57,57,-101,13,29,2.2,0.0,0.0,27,0.0,0.0,0.0,0.0,0.0,0.0,0.0,1.0
155130,0,1,3400,-57,57,-99,13,28,2.2,0.0,0.0,27,0.0,0.0,0.0,0.0,0.0,0.0,0.0,1.0
155379,0,1,3400,-57,57,-92,13,28,2.2,0.0,0.0,27,0.0,0.0,0.0,0.0,0.0,0.0,0.0,1.0
155628,0,1,3400,-57,57,-97,13,28,2.2,0.0,0.0,27,0.0,0.0,0.0,0.0,0.0,0.0,0.0,1.0
155877,0,1,3400,-57,57,-98,13,29,2.2,0.0,0.0,27,0.0,0.0,0.0,0.0,0.0,0.0,0.0,1.0
156126,0,1,3400,-57,57,-98,13,29,2.2,0.0,0.0,27,0.0,0.0,0.0,0.0,0.0,0.0,0.0,1.0
156375,0,1,3400,-57,57,-102,13,29,2.2,0.0,0.0,27,0.0,0.0,0.0,0.0,0.0,0.0,0.0,1.0
156624,0,1,3400,-57,57,-97,13,29,2.2,0.0,0.0,27,0.0,0.0,0.0,0.0,0.0,0.0,0.0,1.0
156873,0,1,3400,-57,57,-96,13,29,2.2,0.0,0.0,27,0.0,0.0,0.0,0.0,0.0,0.0,0.0,1.0
157122,0,1,3400,-57,57,-100,13,29,2.2,0.0,0.0,27,0.0,0.0,0.0,0.0,0.0,0.0,0.0,1.0
157371,0,1,3400,-57,57,-98,13,29,2.2,0.0,0.0,27,0.0,0.0,0.0,0.0,0.0,0.0,0.0,1.0
157620,0,1,3400,-57,57,-94,13,29,2.2,0.0,0.0,27,0.0,0.0,0.0,0.0,0.0,0.0,0.0,1.0
157869,0,1,3400,-57,57,-93,13,27,2.2,0.0,0.0,27,0.0,0.0,0.0,0.0,0.0,0.0,0.0,1.0
158118,0,1,3400,-57,57,-98,13,28,2.2,0.0,0.0,27,0.0,0.0,0.0,0.0,0.0,0.0,0.0,1.0
158367,0,1,3400,-57,57,-98,13,28,2.2,0.0,0.0,27,0.0,0.0,0.0,0.0,0.0,0.0,0.0,1.0
158616,0,1,3400,-57,57,-100,13,29,2.2,0.0,0.0,27,0.0,0.0,0.0,0.0,0.0,0.0,0.0,1.0
158865,0,1,3400,-57,57,-98,13,29,2.2,0.0,0.0,27,0.0,0.0,0.0,0.0,0.0,0.0,0.0,1.0
159114,0,1,3400,-58,58,-97,13,29,2.2,0.0,0.0,27,0.0,0.0,0.0,0.0,0.0,0.0,0.0,1.0
159363,0,1,3400,-57,57,-95,13,29,2.2,0.0,0.0,27,0.0,0.0,0.0,0.0,0.0,0.0,0.0,1.0
159612,0,1,3400,-57,57,-99,13,29,2.2,0.0,0.0,27,0.0,0.0,0.0,0.0,0.0,0.0,0.0,1.0
159861,0,1,3400,-57,57,-100,13,29,2.2,0.0,0.0,27,0.0,0.0,0.0,0.0,0.0,0.0,0.0,1.0
160110,0,1,3400,-57,57,-98,13,29,2.2,0.0,0.0,27,0.0,0.0,0.0,0.0,0.0,0.0,0.0,1.0
160359,0,1,3400,-57,57,-94,13,28,2.2,0.0,0.0,27,0.0,0.0,0.0,0.0,0.0,0.0,0.0,1.0
160608,0,1,3400,-57,57,-95,13,28,2.2,0.0,0.0,27,0.0,0.0,0.0,0.0,0.0,0.0,0.0,1.0
160857,0,1,3400,-57,57,-98,13,28,2.2,0.0,0.0,27,0.0,0.0,0.0,0.0,0.0,0.0,0.0,1.0
161106,0,1,3400,-57,57,-101,13,29,2.2,0.0,0.0,27,0.0,0.0,0.0,0.0,0.0,0.0,0.0,1.0
161355,0,1,3400,-57,57,-100,13,29,2.2,0.0,0.0,27,0.0,0.0,0.0,0.0,0.0,0.0,0.0,1.0
161604,0,1,3400,-57,57,-97,13,29,2.2,0.0,0.0,27,0.0,0.0,0.0,0.0,0.0,0.0,0.0,1.0
161853,0,1,3400,-57,57,-98,13,29,2.2,0.0,0.0,27,0.0,0.0,0.0,0.0,0.0,0.0,0.0,1.0
162102,0,1,3400,-57,57,-100,13,29,2.2,0.0,0.0,27,0.0,0.0,0.0,0.0,0.0,0.0,0.0,1.0
162351,0,1,3400,-57,57,-100,13,29,2.2,0.0,0.0,27,0.0,0.0,0.0,0.0,0.0,0.0,0.0,1.0
162600,0,1,3400,-57,57,-95,13,29,2.2,0.0,0.0,27,0.0,0.0,0.0,0.0,0.0,0.0,0.0,1.0
162849,0,1,3400,-57,57,-97,13,29,2.2,0.0,0.0,27,0.0,0.0,0.0,0.0,0.0,0.0,0.0,1.0
163098,0,1,3400,-57,57,-94,13,28,2.2,0.0,0.0,27,0.0,0.0,0.0,0.0,0.0,0.0,0.0,1.0
163347,0,1,3400,-57,57,-100,13,28,2.2,0.0,0.0,27,0.0,0.0,0.0,0.0,0.0,0.0,0.0,1.0
163596,0,1,3400,-57,57,-97,13,29,2.2,0.0,0.0,27,0.0,0.0,0.0,0.0,0.0,0.0,0.0,1.0
163845,0,1,3400,-57,57,-97,13,29,2.2,0.0,0.0,27,0.0,0.0,0.0,0.0,0.0,0.0,0.0,1.0
164094,0,1,3400,-57,57,-96,13,29,2.2,0.0,0.0,27,0.0,0.0,0.0,0.0,0.0,0.0,0.0,1.0
164343,0,1,3400,-57,57,-97,13,29,2.2,0.0,0.0,27,0.0,0.0,0.0,0.0,0.0,0.0,0.0,1.0
164592,0,1,3400,-57,57,-96,13,29,2.2,0.0,0.0,27,0.0,0.0,0.0,0.0,0.0,0.0,0.0,1.0
164841,0,1,3400,-57,57,-100,13,29,2.2,0.0,0.0,27,0.0,0.0,0.0,0.0,0.0,0.0,0.0,1.0
165090,0,1,3400,-57,57,-94,13,29,2.2,0.0,0.0,27,0.0,0.0,0.0,0.0,0.0,0.0,0.0,1.0
165339,0,1,3400,-57,57,-93,13,29,2.2,0.0,0.0,27,0.0,0.0,0.0,0.0,0.0,0.0,0.0,1.0
165588,0,1,3400,-57,57,-91,13,29,2.2,0.0,0.0,27,0.0,0.0,0.0,0.0,0.0,0.0,0.0,1.0
165837,0,1,3400,-57,57,-93,13,28,2.2,0.0,0.0,27,0.0,0.0,0.0,0.0,0.0,0.0,0.0,1.0
166086,0,1,3400,-57,57,-101,13,28,2.2,0.0,0.0,27,0.0,0.0,0.0,0.0,0.0,0.0,0.0,1.0
166335,0,1,3400,-57,57,-100,13,29,2.2,0.0,0.0,27,0.0,0.0,0.0,0.0,0.0,0.0,0.0,1.0
166584,0,1,3400,-57,57,-99,13,29,2.2,0.0,0.0,27,0.0,0.0,0.0,0.0,0.0,0.0,0.0,1.0
166833,0,1,3400,-57,57,-98,13,29,2.2,0.0,0.0,27,0.0,0.0,0.0,0.0,0.0,0.0,0.0,1.0
167082,0,1,3400,-57,57,-100,13,29,2.2,0.0,0.0,27,0.0,0.0,0.0,0.0,0.0,0.0,0.0,1.0
167331,0,1,3400,-57,57,-94,13,29,2.2,0.0,0.0,27,0.0,0.0,0.0,0.0,0.0,0.0,0.0,1.0
167580,0,1,3400,-57,57,-96,13,29,2.2,0.0,0.0,27,0.0,0.0,0.0,0.0,0.0,0.0,0.0,1.0
167829,0,1,3400,-57,57,-99,13,29,2.2,0.0,0.0,27,0.0,0.0,0.0,0.0,0.0,0.0,0.0,1.0
168078,0,1,3400,-57,57,-99,13,29,2.2,0.0,0.0,27,0.0,0.0,0.0,0.0,0.0,0.0,0.0,1.0
168327,0,1,3400,-57,57,-96,13,28,2.2,0.0,0.0,27,0.0,0.0,0.0,0.0,0.0,0.0,0.0,1.0
168576,0,1,3400,-57,57,-95,8.0,28,2.2,0.0,100.000000,27,0.0,0.0,0.0,0.0,0.0,1.0,4.0,1.0
168825,0,1,3400,-57,57,-94,3.0,28,2.2,0.0,0.0,27,0.0,0.0,0.0,0.0,0.0,0.0,0.0,1.0
169074,0,1,3400,-57,57,-96,3.0,29,2.2,0.0,0.0,27,0.0,0.0,0.0,0.0,0.0,0.0,0.0,1.0
169323,0,1,3400,-57,57,-98,3.0,29,2.2,0.0,0.0,27,0.0,0.0,0.0,0.0,0.0,0.0,0.0,1.0
169572,0,1,3400,-57,57,-99,3.0,29,2.2,0.0,0.0,27,0.0,0.0,0.0,0.0,0.0,0.0,0.0,1.0
169821,0,1,3400,-57,57,-101,3.0,29,2.2,0.0,0.0,27,0.0,0.0,0.0,0.0,0.0,0.0,0.0,1.0
170070,0,1,3400,-58,58,-97,3.0,29,2.2,0.0,0.0,27,0.0,0.0,0.0,0.0,0.0,0.0,0.0,1.0
170319,0,1,3400,-58,58,-97,3.0,28,2.2,0.0,0.0,27,0.0,0.0,0.0,0.0,0.0,0.0,0.0,1.0
170568,0,1,3400,-58,58,-97,3.0,28,2.2,0.0,0.0,27,0.0,0.0,0.0,0.0,0.0,0.0,0.0,1.0
170817,0,1,3400,-58,58,-94,3.0,28,2.2,0.0,0.0,27,0.0,0.0,0.0,0.0,0.0,0.0,0.0,1.0
171066,0,1,3400,-58,58,-92,3.0,28,2.2,0.0,0.0,27,0.0,0.0,0.0,0.0,0.0,0.0,0.0,1.0
171315,0,1,3400,-58,58,-98,3.0,27,2.2,0.0,0.0,27,0.0,0.0,0.0,0.0,0.0,0.0,0.0,1.0
171564,0,1,3400,-58,58,-97,3.0,28,2.2,0.0,0.0,27,0.0,0.0,0.0,0.0,0.0,0.0,0.0,1.0
171813,0,1,3400,-58,58,-94,3.0,28,2.2,0.0,0.0,27,0.0,0.0,0.0,0.0,0.0,0.0,0.0,1.0
172062,0,1,3400,-58,58,-92,3.0,28,2.2,0.0,0.0,27,0.0,0.0,0.0,0.0,0.0,0.0,0.0,1.0
172311,0,1,3400,-58,58,-93,3.0,29,2.2,0.0,0.0,27,0.0,0.0,0.0,0.0,0.0,0.0,0.0,1.0
172560,0,1,3400,-58,58,-95,3.0,29,2.2,0.0,0.0,27,0.0,0.0,0.0,0.0,0.0,0.0,0.0,1.0
172809,0,1,3400,-58,58,-99,3.0,29,2.2,0.0,0.0,27,0.0,0.0,0.0,0.0,0.0,0.0,0.0,1.0
173058,0,1,3400,-58,58,-101,3.0,28,2.2,0.0,0.0,27,0.0,0.0,0.0,0.0,0.0,0.0,0.0,1.0
173307,0,1,3400,-58,58,-101,3.0,28,2.2,0.0,0.0,27,0.0,0.0,0.0,0.0,0.0,0.0,0.0,1.0
173556,0,1,3400,-58,58,-94,3.0,28,2.2,0.0,0.0,27,0.0,0.0,0.0,0.0,0.0,0.0,0.0,1.0
173805,0,1,3400,-58,58,-94,3.0,28,2.2,0.0,0.0,27,0.0,0.0,0.0,0.0,0.0,0.0,0.0,1.0
174054,0,1,3400,-58,58,-100,3.0,27,2.2,0.0,0.0,27,0.0,0.0,0.0,0.0,0.0,0.0,0.0,1.0
174303,0,1,3400,-58,58,-98,3.0,28,2.2,0.0,0.0,27,0.0,0.0,0.0,0.0,0.0,0.0,0.0,1.0
174552,0,1,3400,-58,58,-98,3.0,28,2.2,0.0,0.0,27,0.0,0.0,0.0,0.0,0.0,0.0,0.0,1.0
174801,0,1,3400,-58,58,-100,3.0,29,2.2,0.0,0.0,27,0.0,0.0,0.0,0.0,0.0,0.0,0.0,1.0
175050,0,1,3400,-58,58,-98,3.0,29,2.2,0.0,0.0,27,0.0,0.0,0.0,0.0,0.0,0.0,0.0,1.0
175299,0,1,3400,-58,58,-89,3.0,29,2.2,0.0,0.0,27,0.0,0.0,0.0,0.0,0.0,0.0,0.0,1.0
175548,0,1,3400,-58,58,-92,3.0,29,2.2,0.0,0.0,27,0.0,0.0,0.0,0.0,0.0,0.0,0.0,1.0
175797,0,1,3400,-58,58,-97,3.0,28,2.2,0.0,0.0,27,0.0,0.0,0.0,0.0,0.0,0.0,0.0,1.0
176046,0,1,3400,-58,58,-98,3.0,28,2.2,0.0,0.0,27,0.0,0.0,0.0,0.0,0.0,0.0,0.0,1.0
176295,0,1,3400,-57,57,-98,3.0,28,2.2,0.0,0.0,27,0.0,0.0,0.0,0.0,0.0,0.0,0.0,1.0
176544,0,1,3400,-57,57,-94,3.0,28,2.2,0.0,0.0,27,0.0,0.0,0.0,0.0,0.0,0.0,0.0,1.0
176793,0,1,3400,-57,57,-92,3.0,28,2.2,0.0,0.0,27,0.0,0.0,0.0,0.0,0.0,0.0,0.0,1.0
177042,0,1,3400,-57,57,-93,3.0,28,2.2,0.0,0.0,27,0.0,0.0,0.0,0.0,0.0,0.0,0.0,1.0
177291,0,1,3400,-57,57,-96,3.0,29,2.2,0.0,0.0,27,0.0,0.0,0.0,0.0,0.0,0.0,0.0,1.0
177540,0,1,3400,-57,57,-93,3.0,29,2.2,0.0,0.0,27,0.0,0.0,0.0,0.0,0.0,0.0,0.0,1.0
177789,0,1,3400,-57,57,-95,3.0,29,2.2,0.0,0.0,27,0.0,0.0,0.0,0.0,0.0,0.0,0.0,1.0
178038,0,1,3400,-58,58,-97,3.0,29,2.2,0.0,0.0,27,0.0,0.0,0.0,0.0,0.0,0.0,0.0,1.0
178287,0,1,3400,-58,58,-96,3.0,28,2.2,0.0,0.0,27,0.0,0.0,0.0,0.0,0.0,0.0,0.0,1.0
178536,0,1,3400,-58,58,-94,3.0,28,2.2,0.0,0.0,27,0.0,0.0,0.0,0.0,0.0,0.0,0.0,1.0
178785,0,1,3400,-58,58,-95,3.0,28,2.2,0.0,0.0,27,0.0,0.0,0.0,0.0,0.0,0.0,0.0,1.0
179034,0,1,3400,-58,58,-93,3.0,28,2.2,0.0,0.0,27,0.0,0.0,0.0,0.0,0.0,0.0,0.0,1.0
179283,0,1,3400,-58,58,-93,3.0,28,2.2,0.0,0.0,27,0.0,0.0,0.0,0.0,0.0,0.0,0.0,1.0
179532,0,1,3400,-58,58,-94,3.0,28,2.2,0.0,0.0,27,0.0,0.0,0.0,0.0,0.0,0.0,0.0,1.0
179781,0,1,3400,-58,58,-97,3.0,28,2.2,0.0,0.0,27,0.0,0.0,0.0,0.0,0.0,0.0,0.0,1.0
180030,0,1,3400,-58,58,-95,3.0,28,2.2,0.0,0.0,27,0.0,0.0,0.0,0.0,0.0,0.0,0.0,1.0
180279,0,1,3400,-58,58,-95,3.0,29,2.2,0.0,0.0,27,0.0,0.0,0.0,0.0,0.0,0.0,0.0,1.0
180528,0,1,3400,-58,58,-93,3.0,28,2.2,0.0,0.0,27,0.0,0.0,0.0,0.0,0.0,0.0,0.0,1.0
180777,0,1,3400,-58,58,-93,3.0,28,2.2,0.0,0.0,27,0.0,0.0,0.0,0.0,0.0,0.0,0.0,1.0
181026,0,1,3400,-59,59,-97,3.0,28,2.2,0.0,0.0,27,0.0,0.0,0.0,0.0,0.0,0.0,0.0,1.0
181275,0,1,3400,-59,59,-95,3.0,28,2.2,0.0,0.0,27,0.0,0.0,0.0,0.0,0.0,0.0,0.0,1.0
181524,0,1,3400,-59,59,-96,3.0,28,2.2,0.0,0.0,27,0.0,0.0,0.0,0.0,0.0,0.0,0.0,1.0
181773,0,1,3400,-59,59,-98,3.0,28,2.2,0.0,0.0,27,0.0,0.0,0.0,0.0,0.0,0.0,0.0,1.0
182022,0,1,3400,-59,59,-94,3.0,27,2.2,0.0,0.0,27,0.0,0.0,0.0,0.0,0.0,0.0,0.0,1.0
182271,0,1,3400,-59,59,-94,3.0,27,2.2,0.0,0.0,27,0.0,0.0,0.0,0.0,0.0,0.0,0.0,1.0
182520,0,1,3400,-59,59,-92,2.9,27,2.2,0.0,0.0,27,0.0,0.0,0.0,0.0,0.0,0.0,0.0,1.0
182769,0,1,3400,-59,59,-94,3.0,27,2.2,0.0,0.0,27,0.0,0.0,0.0,0.0,0.0,0.0,0.0,1.0
183018,0,1,3400,-60,60,-95,3.0,27,2.2,0.0,0.0,27,0.0,0.0,0.0,0.0,0.0,0.0,0.0,1.0
183267,0,1,3400,-59,59,-94,3.0,28,2.2,0.0,0.0,27,0.0,0.0,0.0,0.0,0.0,0.0,0.0,1.0
183516,0,1,3400,-59,59,-91,3.0,28,2.2,0.0,0.0,27,0.0,0.0,0.0,0.0,0.0,0.0,0.0,1.0
183765,0,1,3400,-59,59,-94,3.0,28,2.2,0.0,0.0,27,0.0,0.0,0.0,0.0,0.0,0.0,0.0,1.0
184014,0,1,3400,-59,59,-95,3.0,28,2.2,0.0,0.0,27,0.0,0.0,0.0,0.0,0.0,0.0,0.0,1.0
184263,0,1,3400,-59,59,-95,3.0,28,2.2,0.0,0.0,27,0.0,0.0,0.0,0.0,0.0,0.0,0.0,1.0
184512,0,1,3400,-59,59,-95,3.0,28,2.2,0.0,0.0,27,0.0,0.0,0.0,0.0,0.0,0.0,0.0,1.0
184761,0,1,3400,-59,59,-91,3.0,27,2.2,0.0,0.0,27,0.0,0.0,0.0,0.0,0.0,0.0,0.0,1.0
185010,0,1,3400,-59,59,-90,3.0,27,2.2,0.0,0.0,27,0.0,0.0,0.0,0.0,0.0,0.0,0.0,1.0
185259,0,1,3400,-58,58,-95,3.0,28,2.2,0.0,0.0,27,0.0,0.0,0.0,0.0,0.0,0.0,0.0,1.0
185508,0,1,3400,-58,58,-97,3.0,28,2.2,0.0,0.0,27,0.0,0.0,0.0,0.0,0.0,0.0,0.0,1.0
185757,0,1,3400,-58,58,-94,3.0,29,2.2,0.0,0.0,27,0.0,0.0,0.0,0.0,0.0,0.0,0.0,1.0
186006,0,1,3400,-58,58,-93,3.0,29,2.2,0.0,0.0,27,0.0,0.0,0.0,0.0,0.0,0.0,0.0,1.0
186255,0,1,3400,-57,57,-90,3.0,29,2.2,0.0,0.0,27,0.0,0.0,0.0,0.0,0.0,0.0,0.0,1.0
186504,0,1,3400,-57,57,-91,3.0,29,2.2,0.0,0.0,27,0.0,0.0,0.0,0.0,0.0,0.0,0.0,1.0
186753,0,1,3400,-57,57,-92,3.0,29,2.2,0.0,0.0,27,0.0,0.0,0.0,0.0,0.0,0.0,0.0,1.0
187002,0,1,3400,-57,57,-92,3.0,29,2.3,0.0,0.0,27,0.0,0.0,0.0,0.0,0.0,0.0,0.0,1.0
187251,0,1,3400,-57,57,-95,3.0,29,2.2,0.0,0.0,27,0.0,0.0,0.0,0.0,0.0,0.0,0.0,1.0
187500,0,1,3400,-57,57,-95,3.0,28,2.2,0.0,0.0,27,0.0,0.0,0.0,0.0,0.0,0.0,0.0,1.0
187749,0,1,3400,-57,57,-91,3.0,28,2.2,0.0,0.0,27,0.0,0.0,0.0,0.0,0.0,0.0,0.0,1.0
187998,0,1,3400,-57,57,-92,3.0,28,2.2,0.0,0.0,27,0.0,0.0,0.0,0.0,0.0,0.0,0.0,1.0
188247,0,1,3400,-57,57,-94,3.0,29,2.2,0.0,0.0,27,0.0,0.0,0.0,0.0,0.0,0.0,0.0,1.0
188496,0,1,3400,-57,57,-97,3.0,29,2.2,0.0,0.0,27,0.0,0.0,0.0,0.0,0.0,0.0,0.0,1.0
188745,0,1,3400,-57,57,-93,3.0,29,2.2,0.0,0.0,27,0.0,0.0,0.0,0.0,0.0,0.0,0.0,1.0
188994,0,1,3400,-57,57,-92,3.0,29,2.2,0.0,0.0,27,0.0,0.0,0.0,0.0,0.0,0.0,0.0,1.0
189243,0,1,3400,-57,57,-96,3.0,29,2.2,0.0,0.0,27,0.0,0.0,0.0,0.0,0.0,0.0,0.0,1.0
189492,0,1,3400,-57,57,-92,3.0,29,2.2,0.0,0.0,27,0.0,0.0,0.0,0.0,0.0,0.0,0.0,1.0
189741,0,1,3400,-57,57,-94,3.0,29,2.2,0.0,0.0,27,0.0,0.0,0.0,0.0,0.0,0.0,0.0,1.0
189990,0,1,3400,-57,57,-89,3.0,29,2.2,0.0,0.0,27,0.0,0.0,0.0,0.0,0.0,0.0,0.0,1.0
190239,0,1,3400,-57,57,-87,3.0,29,2.2,0.0,0.0,27,0.0,0.0,0.0,0.0,0.0,0.0,0.0,1.0
190488,0,1,3400,-57,57,-90,3.0,28,2.2,0.0,0.0,27,0.0,0.0,0.0,0.0,0.0,0.0,0.0,1.0
190737,0,1,3400,-57,57,-91,3.0,28,2.2,0.0,0.0,27,0.0,0.0,0.0,0.0,0.0,0.0,0.0,1.0
190986,0,1,3400,-57,57,-93,3.0,29,2.2,0.0,0.0,27,0.0,0.0,0.0,0.0,0.0,0.0,0.0,1.0
191235,0,1,3400,-57,57,-89,3.0,29,2.2,0.0,0.0,27,0.0,0.0,0.0,0.0,0.0,0.0,0.0,1.0
191484,0,1,3400,-57,57,-91,3.0,29,2.2,0.0,0.0,27,0.0,0.0,0.0,0.0,0.0,0.0,0.0,1.0
191733,0,1,3400,-57,57,-98,3.0,29,2.2,0.0,0.0,27,0.0,0.0,0.0,0.0,0.0,0.0,0.0,1.0
191982,0,1,3400,-58,58,-95,3.0,29,2.2,0.0,0.0,27,0.0,0.0,0.0,0.0,0.0,0.0,0.0,1.0
192231,0,1,3400,-58,58,-91,3.0,29,2.2,0.0,0.0,27,0.0,0.0,0.0,0.0,0.0,0.0,0.0,1.0
192480,0,1,3400,-58,58,-92,3.0,29,2.2,0.0,0.0,27,0.0,0.0,0.0,0.0,0.0,0.0,0.0,1.0
192729,0,1,3400,-58,58,-94,3.0,28,2.2,0.0,0.0,27,0.0,0.0,0.0,0.0,0.0,0.0,0.0,1.0
192978,0,1,3400,-58,58,-97,3.0,28,2.2,0.0,0.0,27,0.0,0.0,0.0,0.0,0.0,0.0,0.0,1.0
193227,0,1,3400,-58,58,-95,3.0,27,2.2,0.0,0.0,27,0.0,0.0,0.0,0.0,0.0,0.0,0.0,1.0
193476,0,1,3400,-58,58,-93,3.0,28,2.2,0.0,0.0,27,0.0,0.0,0.0,0.0,0.0,0.0,0.0,1.0
193725,0,1,3400,-58,58,-94,3.0,28,2.2,0.0,0.0,27,0.0,0.0,0.0,0.0,0.0,0.0,0.0,1.0
193974,0,1,3400,-59,59,-92,3.0,28,2.2,0.0,0.0,27,0.0,0.0,0.0,0.0,0.0,0.0,0.0,1.0
194223,0,1,3400,-59,59,-92,3.0,28,2.2,0.0,0.0,27,0.0,0.0,0.0,0.0,0.0,0.0,0.0,1.0
194472,0,1,3400,-59,59,-95,3.0,28,2.2,0.0,0.0,27,0.0,0.0,0.0,0.0,0.0,0.0,0.0,1.0
194721,0,1,3400,-59,59,-96,3.0,28,2.2,0.0,0.0,27,0.0,0.0,0.0,0.0,0.0,0.0,0.0,1.0
194970,0,1,3400,-59,59,-94,3.0,28,2.2,0.0,0.0,27,0.0,0.0,0.0,0.0,0.0,0.0,0.0,1.0
195219,0,1,3400,-58,58,-98,3.0,28,2.2,0.0,0.0,27,0.0,0.0,0.0,0.0,0.0,0.0,0.0,1.0
195468,0,1,3400,-58,58,-96,3.0,28,2.2,0.0,0.0,27,0.0,0.0,0.0,0.0,0.0,0.0,0.0,1.0
195717,0,1,3400,-58,58,-91,3.0,28,2.2,0.0,0.0,27,0.0,0.0,0.0,0.0,0.0,0.0,0.0,1.0
195966,0,1,3400,-58,58,-91,3.0,27,2.2,0.0,0.0,27,0.0,0.0,0.0,0.0,0.0,0.0,0.0,1.0
196215,0,1,3400,-57,57,-98,3.0,28,2.2,0.0,0.0,27,0.0,0.0,0.0,0.0,0.0,0.0,0.0,1.0
196464,0,1,3400,-57,57,-98,3.0,28,2.2,0.0,0.0,27,0.0,0.0,0.0,0.0,0.0,0.0,0.0,1.0
196713,0,1,3400,-57,57,-92,3.0,29,2.2,0.0,0.0,27,0.0,0.0,0.0,0.0,0.0,0.0,0.0,1.0
196962,0,1,3400,-57,57,-91,3.0,29,2.2,0.0,0.0,27,0.0,0.0,0.0,0.0,0.0,0.0,0.0,1.0
197211,0,1,3400,-57,57,-94,3.0,29,2.2,0.0,0.0,27,0.0,0.0,0.0,0.0,0.0,0.0,0.0,1.0
197460,0,1,3400,-57,57,-92,3.0,29,2.2,0.0,0.0,27,0.0,0.0,0.0,0.0,0.0,0.0,0.0,1.0
197709,0,1,3400,-57,57,-89,3.0,29,2.2,0.0,0.0,27,0.0,0.0,0.0,0.0,0.0,0.0,0.0,1.0
197958,0,1,3400,-57,57,-90,3.0,29,2.2,0.0,0.0,27,0.0,0.0,0.0,0.0,0.0,0.0,0.0,1.0
198207,0,1,3400,-57,57,-93,3.0,29,2.2,0.0,0.0,27,0.0,0.0,0.0,0.0,0.0,0.0,0.0,1.0
198456,0,1,3400,-57,57,-98,3.0,29,2.2,0.0,0.0,27,0.0,0.0,0.0,0.0,0.0,0.0,0.0,1.0
198705,0,1,3400,-57,57,-91,3.0,28,2.2,0.0,0.0,27,0.0,0.0,0.0,0.0,0.0,0.0,0.0,1.0
198954,0,1,3400,-58,58,-91,3.0,28,2.2,0.0,0.0,27,0.0,0.0,0.0,0.0,0.0,0.0,0.0,1.0
199203,0,1,3400,-58,58,-92,3.0,28,2.2,0.0,0.0,27,0.0,0.0,0.0,0.0,0.0,0.0,0.0,1.0
199452,0,1,3400,-58,58,-89,3.0,28,2.2,0.0,0.0,27,0.0,0.0,0.0,0.0,0.0,0.0,0.0,1.0
199701,0,1,3400,-58,58,-83,3.0,28,2.2,0.0,0.0,27,0.0,0.0,0.0,0.0,0.0,0.0,0.0,1.0
199950,0,1,3400,-59,59,-89,3.0,28,2.2,0.0,0.0,27,0.0,0.0,0.0,0.0,0.0,0.0,0.0,1.0
200199,0,1,3400,-59,59,-89,3.0,28,2.2,0.0,0.0,27,0.0,0.0,0.0,0.0,0.0,0.0,0.0,1.0
200448,0,1,3400,-59,59,-94,3.0,28,2.2,0.0,0.0,27,0.0,0.0,0.0,0.0,0.0,0.0,0.0,1.0
200697,0,1,3400,-59,59,-96,3.0,28,2.2,0.0,0.0,27,0.0,0.0,0.0,0.0,0.0,0.0,0.0,1.0
200946,0,1,3400,-60,60,-91,3.0,27,2.2,0.0,0.0,27,0.0,0.0,0.0,0.0,0.0,0.0,0.0,1.0
201195,0,1,3400,-60,60,-90,3.0,27,2.2,0.0,0.0,27,0.0,0.0,0.0,0.0,0.0,0.0,0.0,1.0
201444,0,1,3400,-60,60,-91,3.0,27,2.2,0.0,0.0,27,0.0,0.0,0.0,0.0,0.0,0.0,0.0,1.0
201693,0,1,3400,-60,60,-93,3.0,26,2.2,0.0,0.0,27,0.0,0.0,0.0,0.0,0.0,0.0,0.0,1.0
201942,0,1,3400,-61,61,-93,3.0,26,2.2,0.0,0.0,27,0.0,0.0,0.0,0.0,0.0,0.0,0.0,1.0
202191,0,1,3400,-61,61,-92,3.0,27,2.2,0.0,0.0,27,0.0,0.0,0.0,0.0,0.0,0.0,0.0,1.0
202440,0,1,3400,-61,61,-91,3.0,27,2.2,0.0,0.0,27,0.0,0.0,0.0,0.0,0.0,0.0,0.0,1.0
202689,0,1,3400,-61,61,-84,3.0,27,2.2,0.0,0.0,27,0.0,0.0,0.0,0.0,0.0,0.0,0.0,1.0
202938,0,1,3400,-61,61,-87,3.0,27,2.2,0.0,0.0,27,0.0,0.0,0.0,0.0,0.0,0.0,0.0,1.0
203187,0,1,3400,-60,60,-92,3.0,27,2.2,0.0,0.0,27,0.0,0.0,0.0,0.0,0.0,0.0,0.0,1.0
203436,0,1,3400,-60,60,-93,3.0,27,2.2,0.0,0.0,27,0.0,0.0,0.0,0.0,0.0,0.0,0.0,1.0
203685,0,1,3400,-60,60,-97,3.0,27,2.2,0.0,0.0,27,0.0,0.0,0.0,0.0,0.0,0.0,0.0,1.0
203934,0,1,3400,-60,60,-91,3.0,27,2.2,0.0,0.0,27,0.0,0.0,0.0,0.0,0.0,0.0,0.0,1.0
204183,0,1,3400,-59,59,-88,3.0,28,2.2,0.0,0.0,27,0.0,0.0,0.0,0.0,0.0,0.0,0.0,1.0
204432,0,1,3400,-59,59,-88,3.0,27,2.2,0.0,0.0,27,0.0,0.0,0.0,0.0,0.0,0.0,0.0,1.0
204681,0,1,3400,-59,59,-85,3.0,27,2.2,0.0,0.0,27,0.0,0.0,0.0,0.0,0.0,0.0,0.0,1.0
204930,0,1,3400,-59,59,-89,3.0,28,2.2,0.0,0.0,27,0.0,0.0,0.0,0.0,0.0,0.0,0.0,1.0
205179,0,1,3400,-59,59,-93,3.0,28,2.2,0.0,0.0,27,0.0,0.0,0.0,0.0,0.0,0.0,0.0,1.0
205428,0,1,3400,-59,59,-94,3.0,28,2.2,0.0,0.0,27,0.0,0.0,0.0,0.0,0.0,0.0,0.0,1.0
205677,0,1,3400,-59,59,-91,3.0,28,2.2,0.0,0.0,27,0.0,0.0,0.0,0.0,0.0,0.0,0.0,1.0
205926,0,1,3400,-59,59,-89,3.0,28,2.2,0.0,0.0,27,0.0,0.0,0.0,0.0,0.0,0.0,0.0,1.0
206175,0,1,3400,-59,59,-89,3.0,28,2.2,0.0,0.0,27,0.0,0.0,0.0,0.0,0.0,0.0,0.0,1.0
206424,0,1,3400,-59,59,-84,3.0,28,2.2,0.0,0.0,27,0.0,0.0,0.0,0.0,0.0,0.0,0.0,1.0
206673,0,1,3400,-59,59,-92,3.0,28,2.2,0.0,0.0,27,0.0,0.0,0.0,0.0,0.0,0.0,0.0,1.0
206922,0,1,3400,-59,59,-96,3.0,28,2.2,0.0,0.0,27,0.0,0.0,0.0,0.0,0.0,0.0,0.0,1.0
207171,0,1,3400,-59,59,-92,3.0,28,2.2,0.0,0.0,27,0.0,0.0,0.0,0.0,0.0,0.0,0.0,1.0
207420,0,1,3400,-59,59,-88,3.0,27,2.2,0.0,0.0,27,0.0,0.0,0.0,0.0,0.0,0.0,0.0,1.0
207669,0,1,3400,-59,59,-85,3.0,28,2.2,0.0,0.0,27,0.0,0.0,0.0,0.0,0.0,0.0,0.0,1.0
207918,0,1,3400,-59,59,-89,3.0,28,2.2,0.0,0.0,27,0.0,0.0,0.0,0.0,0.0,0.0,0.0,1.0
208167,0,1,3400,-59,59,-95,3.0,28,2.2,0.0,0.0,27,0.0,0.0,0.0,0.0,0.0,0.0,0.0,1.0
208416,0,1,3400,-59,59,-91,3.0,28,2.2,0.0,0.0,27,0.0,0.0,0.0,0.0,0.0,0.0,0.0,1.0
208665,0,1,3400,-59,59,-88,3.0,28,2.2,0.0,0.0,27,0.0,0.0,0.0,0.0,0.0,0.0,0.0,1.0
208914,0,1,3400,-60,60,-91,3.0,28,2.2,0.0,0.0,27,0.0,0.0,0.0,0.0,0.0,0.0,0.0,1.0
209163,0,1,3400,-60,60,-89,3.0,28,2.2,0.0,0.0,27,0.0,0.0,0.0,0.0,0.0,0.0,0.0,1.0
209412,0,1,3400,-60,60,-90,15,28,2.2,0.0,100.000000,27,0.0,0.0,0.0,0.0,0.0,0.0,0.0,1.0
209661,0,1,3400,-60,60,-95,17,27,2.2,0.0,0.0,27,0.0,0.0,0.0,0.0,0.0,0.0,0.0,1.0
209910,0,1,3400,-60,60,-93,17,27,2.2,0.0,0.0,27,0.0,0.0,0.0,0.0,0.0,0.0,0.0,1.0
210159,0,1,3400,-59,59,-91,17,27,2.2,0.0,0.0,27,0.0,0.0,0.0,0.0,0.0,0.0,0.0,1.0
210408,0,1,3400,-59,59,-91,17,27,2.2,0.0,0.0,27,0.0,0.0,0.0,0.0,0.0,0.0,0.0,1.0
210657,0,1,3400,-59,59,-89,17,27,2.2,0.0,0.0,27,0.0,0.0,0.0,0.0,0.0,0.0,0.0,1.0
210906,0,1,3400,-59,59,-92,17,28,2.2,0.0,0.0,27,0.0,0.0,0.0,0.0,0.0,0.0,0.0,1.0
211155,0,1,3400,-59,59,-92,17,28,2.2,0.0,0.0,27,0.0,0.0,0.0,0.0,0.0,0.0,0.0,1.0
211404,0,1,3400,-59,59,-91,17,28,2.2,0.0,0.0,27,0.0,0.0,0.0,0.0,0.0,0.0,0.0,1.0
211653,0,1,3400,-59,59,-90,16,28,2.2,0.0,0.0,27,0.0,0.0,0.0,0.0,0.0,0.0,0.0,1.0
211902,0,1,3400,-59,59,-84,17,28,2.2,0.0,0.0,27,0.0,0.0,0.0,0.0,0.0,0.0,0.0,1.0
212151,0,1,3400,-58,58,-89,17,28,2.2,0.0,0.0,27,0.0,0.0,0.0,0.0,0.0,0.0,0.0,1.0
212400,0,1,3400,-58,58,-88,17,29,2.2,0.0,0.0,27,0.0,0.0,0.0,0.0,0.0,0.0,0.0,1.0
212649,0,1,3400,-58,58,-88,17,28,2.2,0.0,0.0,27,0.0,0.0,0.0,0.0,0.0,0.0,0.0,1.0
212898,0,1,3400,-58,58,-91,17,28,2.2,0.0,0.0,27,0.0,0.0,0.0,0.0,0.0,0.0,0.0,1.0
213147,0,1,3400,-58,58,-85,17,28,2.2,0.0,0.0,27,0.0,0.0,0.0,0.0,0.0,0.0,0.0,1.0
213396,0,1,3400,-58,58,-90,17,28,2.2,0.0,0.0,27,0.0,0.0,0.0,0.0,0.0,0.0,0.0,1.0
213645,0,1,3400,-58,58,-90,17,28,2.2,0.0,0.0,27,0.0,0.0,0.0,0.0,0.0,0.0,0.0,1.0
213894,0,1,3400,-59,59,-91,17,28,2.2,0.0,0.0,27,0.0,0.0,0.0,0.0,0.0,0.0,0.0,1.0
214143,0,1,3400,-59,59,-93,17,28,2.2,0.0,0.0,27,0.0,0.0,0.0,0.0,0.0,0.0,0.0,1.0
214392,0,1,3400,-59,59,-90,17,28,2.2,0.0,0.0,27,0.0,0.0,0.0,0.0,0.0,0.0,0.0,1.0
214641,0,1,3400,-59,59,-90,17,28,2.2,0.0,0.0,27,0.0,0.0,0.0,0.0,0.0,0.0,0.0,1.0
214890,0,1,3400,-60,60,-88,17,28,2.2,0.0,0.0,27,0.0,0.0,0.0,0.0,0.0,0.0,0.0,1.0
215139,0,1,3400,-60,60,-91,17,27,2.2,0.0,0.0,27,0.0,0.0,0.0,0.0,0.0,0.0,0.0,1.0
215388,0,1,3400,-60,60,-90,17,27,2.2,0.0,0.0,27,0.0,0.0,0.0,0.0,0.0,0.0,0.0,1.0
215637,0,1,3400,-60,60,-93,17,27,2.2,0.0,0.0,27,0.0,0.0,0.0,0.0,0.0,0.0,0.0,1.0
215886,0,1,3400,-61,61,-91,17,26,2.2,0.0,0.0,27,0.0,0.0,0.0,0.0,0.0,0.0,0.0,1.0
216135,0,1,3400,-60,60,-91,17,26,2.2,0.0,0.0,27,0.0,0.0,0.0,0.0,0.0,0.0,0.0,1.0
216384,0,1,3400,-60,60,-92,17,27,2.2,0.0,0.0,27,0.0,0.0,0.0,0.0,0.0,0.0,0.0,1.0
216633,0,1,3400,-60,60,-93,17,27,2.2,0.0,0.0,27,0.0,0.0,0.0,0.0,0.0,0.0,0.0,1.0
216882,0,1,3400,-60,60,-89,17,28,2.2,0.0,0.0,27,0.0,0.0,0.0,0.0,0.0,0.0,0.0,1.0
217131,0,1,3400,-60,60,-90,17,28,2.2,0.0,0.0,27,0.0,0.0,0.0,0.0,0.0,0.0,0.0,1.0
217380,0,1,3400,-60,60,-86,17,28,2.2,0.0,0.0,27,0.0,0.0,0.0,0.0,0.0,0.0,0.0,1.0
217629,0,1,3400,-60,60,-89,17,28,2.2,0.0,0.0,27,0.0,0.0,0.0,0.0,0.0,0.0,0.0,1.0
217878,0,1,3400,-60,60,-90,17,28,2.2,0.0,0.0,27,0.0,0.0,0.0,0.0,0.0,0.0,0.0,1.0
218127,0,1,3400,-60,60,-87,17,27,2.2,0.0,0.0,27,0.0,0.0,0.0,0.0,0.0,0.0,0.0,1.0
218376,0,1,3400,-60,60,-91,17,27,2.2,0.0,0.0,27,0.0,0.0,0.0,0.0,0.0,0.0,0.0,1.0
218625,0,1,3400,-60,60,-93,17,27,2.2,0.0,0.0,27,0.0,0.0,0.0,0.0,0.0,0.0,0.0,1.0
218874,0,1,3400,-60,60,-92,17,27,2.2,0.0,0.0,27,0.0,0.0,0.0,0.0,0.0,0.0,0.0,1.0
219123,0,1,3400,-60,60,-92,17,27,2.2,0.0,0.0,27,0.0,0.0,0.0,0.0,0.0,0.0,0.0,1.0
219372,0,1,3400,-60,60,-87,17,27,2.2,0.0,0.0,27,0.0,0.0,0.0,0.0,0.0,0.0,0.0,1.0
219621,0,1,3400,-60,60,-89,17,28,2.2,0.0,0.0,27,0.0,0.0,0.0,0.0,0.0,0.0,0.0,1.0
219870,0,1,3400,-60,60,-95,17,28,2.2,0.0,0.0,27,0.0,0.0,0.0,0.0,0.0,0.0,0.0,1.0
220119,0,1,3400,-60,60,-94,17,28,2.2,0.0,0.0,27,0.0,0.0,0.0,0.0,0.0,0.0,0.0,1.0
220368,0,1,3400,-60,60,-93,17,28,2.2,0.0,0.0,27,0.0,0.0,0.0,0.0,0.0,0.0,0.0,1.0
220617,0,1,3400,-60,60,-94,17,28,2.2,0.0,0.0,27,0.0,0.0,0.0,0.0,0.0,0.0,0.0,1.0
220866,0,1,3400,-60,60,-90,17,28,2.2,0.0,0.0,27,0.0,0.0,0.0,0.0,0.0,0.0,0.0,1.0
221115,0,1,3400,-60,60,-93,17,28,2.3,0.0,0.0,27,0.0,0.0,0.0,0.0,0.0,0.0,0.0,1.0
221364,0,1,3400,-60,60,-90,17,27,2.2,0.0,0.0,27,0.0,0.0,0.0,0.0,0.0,0.0,0.0,1.0
221613,0,1,3400,-60,60,-90,17,27,2.2,0.0,0.0,27,0.0,0.0,0.0,0.0,0.0,0.0,0.0,1.0
221862,0,1,3400,-60,60,-89,17,27,2.2,0.0,0.0,27,0.0,0.0,0.0,0.0,0.0,0.0,0.0,1.0
222111,0,1,3400,-60,60,-91,17,27,2.2,0.0,0.0,27,0.0,0.0,0.0,0.0,0.0,0.0,0.0,1.0
222360,0,1,3400,-60,60,-88,17,27,2.2,0.0,0.0,27,0.0,0.0,0.0,0.0,0.0,0.0,0.0,1.0
222609,0,1,3400,-60,60,-92,17,27,2.2,0.0,0.0,27,0.0,0.0,0.0,0.0,0.0,0.0,0.0,1.0
222858,0,1,3400,-60,60,-88,17,28,2.2,0.0,0.0,27,0.0,0.0,0.0,0.0,0.0,0.0,0.0,1.0
223107,0,1,3400,-60,60,-86,17,28,2.2,0.0,0.0,27,0.0,0.0,0.0,0.0,0.0,0.0,0.0,1.0
223356,0,1,3400,-60,60,-94,17,28,2.2,0.0,0.0,27,0.0,0.0,0.0,0.0,0.0,0.0,0.0,1.0
223605,0,1,3400,-60,60,-90,17,28,2.2,0.0,0.0,27,0.0,0.0,0.0,0.0,0.0,0.0,0.0,1.0
223854,0,1,3400,-60,60,-90,17,28,2.2,0.0,0.0,27,0.0,0.0,0.0,0.0,0.0,0.0,0.0,1.0
224103,0,1,3400,-60,60,-85,17,27,2.2,0.0,0.0,27,0.0,0.0,0.0,0.0,0.0,0.0,0.0,1.0
224352,0,1,3400,-60,60,-87,17,27,2.2,0.0,0.0,27,0.0,0.0,0.0,0.0,0.0,0.0,0.0,1.0
224601,0,1,3400,-60,60,-88,17,27,2.2,0.0,0.0,27,0.0,0.0,0.0,0.0,0.0,0.0,0.0,1.0
224850,0,1,3400,-60,60,-85,17,27,2.2,0.0,0.0,27,0.0,0.0,0.0,0.0,0.0,0.0,0.0,1.0
225099,0,1,3400,-60,60,-86,17,27,2.2,0.0,0.0,27,0.0,0.0,0.0,0.0,0.0,0.0,0.0,1.0
225348,0,1,3400,-60,60,-90,17,27,2.2,0.0,0.0,27,0.0,0.0,0.0,0.0,0.0,0.0,0.0,1.0
225597,0,1,3400,-60,60,-91,17,28,2.2,0.0,0.0,27,0.0,0.0,0.0,0.0,0.0,0.0,0.0,1.0
225846,0,1,3400,-60,60,-87,17,28,2.2,0.0,0.0,27,0.0,0.0,0.0,0.0,0.0,0.0,0.0,1.0
226095,0,1,3400,-60,60,-89,17,28,2.2,0.0,0.0,27,0.0,0.0,0.0,0.0,0.0,0.0,0.0,1.0
226344,0,1,3400,-60,60,-86,17,27,2.2,0.0,0.0,27,0.0,0.0,0.0,0.0,0.0,0.0,0.0,1.0
226593,0,1,3400,-60,60,-86,17,28,2.2,0.0,0.0,27,0.0,0.0,0.0,0.0,0.0,0.0,0.0,1.0
226842,0,1,3400,-60,60,-89,17,28,2.2,0.0,0.0,27,0.0,0.0,0.0,0.0,0.0,0.0,0.0,1.0
227091,0,1,3400,-59,59,-92,17,27,2.3,0.0,0.0,27,0.0,0.0,0.0,0.0,0.0,0.0,0.0,1.0
227340,0,1,3400,-59,59,-85,17,28,2.2,0.0,0.0,27,0.0,0.0,0.0,0.0,0.0,0.0,0.0,1.0
227589,0,1,3400,-59,59,-84,17,27,2.2,0.0,0.0,27,0.0,0.0,0.0,0.0,0.0,0.0,0.0,1.0
227838,0,1,3400,-59,59,-89,17,27,2.2,0.0,0.0,27,0.0,0.0,0.0,0.0,0.0,0.0,0.0,1.0
228087,0,1,3400,-59,59,-84,17,28,2.2,0.0,0.0,27,0.0,0.0,0.0,0.0,0.0,0.0,0.0,1.0
228336,0,1,3400,-59,59,-90,17,28,2.2,0.0,0.0,27,0.0,0.0,0.0,0.0,0.0,0.0,0.0,1.0
228585,0,1,3400,-59,59,-85,17,28,2.2,0.0,0.0,27,0.0,0.0,0.0,0.0,0.0,0.0,0.0,1.0
228834,0,1,3400,-60,60,-87,17,28,2.2,0.0,0.0,27,0.0,0.0,0.0,0.0,0.0,0.0,0.0,1.0
229083,0,1,3400,-60,60,-90,17,28,2.2,0.0,0.0,27,0.0,0.0,0.0,0.0,0.0,0.0,0.0,1.0
229332,0,1,3400,-60,60,-91,17,28,2.2,0.0,0.0,27,0.0,0.0,0.0,0.0,0.0,0.0,0.0,1.0
229581,0,1,3400,-60,60,-89,17,27,2.2,0.0,0.0,27,0.0,0.0,0.0,0.0,0.0,0.0,0.0,1.0
229830,0,1,3400,-60,60,-86,17,27,2.2,0.0,0.0,27,0.0,0.0,0.0,0.0,0.0,0.0,0.0,1.0
230079,0,1,3400,-60,60,-88,17,27,2.2,0.0,0.0,27,0.0,0.0,0.0,0.0,0.0,0.0,0.0,1.0
230328,0,1,3400,-60,60,-86,17,27,2.2,0.0,0.0,27,0.0,0.0,0.0,0.0,0.0,0.0,0.0,1.0
230577,0,1,3400,-60,60,-88,17,27,2.2,0.0,0.0,27,0.0,0.0,0.0,0.0,0.0,0.0,0.0,1.0
230826,0,1,3400,-60,60,-84,17,27,2.2,0.0,0.0,27,0.0,0.0,0.0,0.0,0.0,0.0,0.0,1.0
231075,0,1,3400,-60,60,-86,17,27,2.2,0.0,0.0,27,0.0,0.0,0.0,0.0,0.0,0.0,0.0,1.0
231324,0,1,3400,-60,60,-90,17,27,2.2,0.0,0.0,27,0.0,0.0,0.0,0.0,0.0,0.0,0.0,1.0
231573,0,1,3400,-60,60,-92,17,27,2.2,0.0,0.0,27,0.0,0.0,0.0,0.0,0.0,0.0,0.0,1.0
231822,0,1,3400,-60,60,-88,17,28,2.2,0.0,0.0,27,0.0,0.0,0.0,0.0,0.0,0.0,0.0,1.0
232071,0,1,3400,-60,60,-86,17,28,2.2,0.0,0.0,27,0.0,0.0,0.0,0.0,0.0,0.0,0.0,1.0
232320,0,1,3400,-60,60,-89,17,27,2.2,0.0,0.0,27,0.0,0.0,0.0,0.0,0.0,0.0,0.0,1.0
232569,0,1,3400,-60,60,-88,17,28,2.2,0.0,0.0,27,0.0,0.0,0.0,0.0,0.0,0.0,0.0,1.0
232818,0,1,3400,-60,60,-90,17,27,2.2,0.0,0.0,27,0.0,0.0,0.0,0.0,0.0,0.0,0.0,1.0
233067,0,1,3400,-60,60,-91,17,27,2.2,0.0,0.0,27,0.0,0.0,0.0,0.0,0.0,0.0,0.0,1.0
233316,0,1,3400,-60,60,-87,17,27,2.2,0.0,0.0,27,0.0,0.0,0.0,0.0,0.0,0.0,0.0,1.0
233565,0,1,3400,-60,60,-86,17,27,2.2,0.0,0.0,27,0.0,0.0,0.0,0.0,0.0,0.0,0.0,1.0
233814,0,1,3400,-60,60,-88,17,27,2.3,0.0,0.0,27,0.0,0.0,0.0,0.0,0.0,0.0,0.0,1.0
234063,0,1,3400,-60,60,-88,17,27,2.2,0.0,0.0,27,0.0,0.0,0.0,0.0,0.0,0.0,0.0,1.0
234312,0,1,3400,-60,60,-89,17,27,2.2,0.0,0.0,27,0.0,0.0,0.0,0.0,0.0,0.0,0.0,1.0
234561,0,1,3400,-60,60,-91,17,28,2.2,0.0,0.0,27,0.0,0.0,0.0,0.0,0.0,0.0,0.0,1.0
234810,0,1,3400,-60,60,-92,17,28,2.2,0.0,0.0,27,0.0,0.0,0.0,0.0,0.0,0.0,0.0,1.0
235059,0,1,3400,-60,60,-87,17,28,2.2,0.0,0.0,27,0.0,0.0,0.0,0.0,0.0,0.0,0.0,1.0
235308,0,1,3400,-60,60,-86,17,28,2.2,0.0,0.0,27,0.0,0.0,0.0,0.0,0.0,0.0,0.0,1.0
235557,0,1,3400,-60,60,-90,17,28,2.2,0.0,0.0,27,0.0,0.0,0.0,0.0,0.0,0.0,0.0,1.0
235806,0,1,3400,-60,60,-86,17,28,2.2,0.0,0.0,27,0.0,0.0,0.0,0.0,0.0,0.0,0.0,1.0
236055,0,1,3400,-59,59,-87,17,27,2.2,0.0,0.0,27,0.0,0.0,0.0,0.0,0.0,0.0,0.0,1.0
236304,0,1,3400,-59,59,-88,17,27,2.2,0.0,0.0,27,0.0,0.0,0.0,0.0,0.0,0.0,0.0,1.0
236553,0,1,3400,-59,59,-88,17,27,2.2,0.0,0.0,27,0.0,0.0,0.0,0.0,0.0,0.0,0.0,1.0
236802,0,1,3400,-59,59,-85,17,28,2.2,0.0,0.0,27,0.0,0.0,0.0,0.0,0.0,0.0,0.0,1.0
237051,0,1,3400,-59,59,-81,17,28,2.2,0.0,0.0,27,0.0,0.0,0.0,0.0,0.0,0.0,0.0,1.0
237300,0,1,3400,-59,59,-88,17,28,2.2,0.0,0.0,27,0.0,0.0,0.0,0.0,0.0,0.0,0.0,1.0
237549,0,1,3400,-59,59,-88,17,28,2.2,0.0,0.0,27,0.0,0.0,0.0,0.0,0.0,0.0,0.0,1.0
237798,0,1,3400,-60,60,-87,17,28,2.2,0.0,0.0,27,0.0,0.0,0.0,0.0,0.0,0.0,0.0,1.0
238047,0,1,3400,-60,60,-85,17,28,2.2,0.0,0.0,27,0.0,0.0,0.0,0.0,0.0,0.0,0.0,1.0
238296,0,1,3400,-60,60,-87,17,28,2.2,0.0,0.0,27,0.0,0.0,0.0,0.0,0.0,0.0,0.0,1.0
238545,0,1,3400,-60,60,-85,17,28,2.2,0.0,0.0,27,0.0,0.0,0.0,0.0,0.0,0.0,0.0,1.0
238794,0,1,3400,-60,60,-91,17,28,2.2,0.0,0.0,27,0.0,0.0,0.0,0.0,0.0,0.0,0.0,1.0
239043,0,1,3400,-60,60,-88,17,28,2.2,0.0,0.0,27,0.0,0.0,0.0,0.0,0.0,0.0,0.0,1.0
239292,0,1,3400,-60,60,-89,17,27,2.2,0.0,0.0,27,0.0,0.0,0.0,0.0,0.0,0.0,0.0,1.0
239541,0,1,3400,-60,60,-87,17,26,2.2,0.0,0.0,27,0.0,0.0,0.0,0.0,0.0,0.0,0.0,1.0
239790,0,1,3400,-60,60,-89,17,27,2.2,0.0,0.0,27,0.0,0.0,0.0,0.0,0.0,0.0,0.0,1.0
240039,0,1,3400,-60,60,-92,17,27,2.2,0.0,0.0,27,0.0,0.0,0.0,0.0,0.0,0.0,0.0,1.0
240288,0,1,3400,-60,60,-92,17,27,2.2,0.0,0.0,27,0.0,0.0,0.0,0.0,0.0,0.0,0.0,1.0
240537,0,1,3400,-60,60,-88,17,28,2.2,0.0,0.0,27,0.0,0.0,0.0,0.0,0.0,0.0,0.0,1.0
240786,0,1,3400,-60,60,-88,17,28,2.2,0.0,0.0,27,0.0,0.0,0.0,0.0,0.0,0.0,0.0,1.0
241035,0,1,3400,-59,59,-87,17,28,2.2,0.0,0.0,27,0.0,0.0,0.0,0.0,0.0,0.0,0.0,1.0
241284,0,1,3400,-59,59,-84,17,28,2.2,0.0,0.0,27,0.0,0.0,0.0,0.0,0.0,0.0,0.0,1.0
241533,0,1,3400,-59,59,-84,17,28,2.2,0.0,0.0,27,0.0,0.0,0.0,0.0,0.0,0.0,0.0,1.0
241782,0,1,3400,-59,59,-86,17,28,2.2,0.0,0.0,27,0.0,0.0,0.0,0.0,0.0,0.0,0.0,1.0
242031,0,1,3400,-59,59,-88,17,28,2.2,0.0,0.0,27,0.0,0.0,0.0,0.0,0.0,0.0,0.0,1.0
242280,0,1,3400,-59,59,-84,17,28,2.2,0.0,0.0,27,0.0,0.0,0.0,0.0,0.0,0.0,0.0,1.0
242529,0,1,3400,-59,59,-83,17,27,2.2,0.0,0.0,27,0.0,0.0,0.0,0.0,0.0,0.0,0.0,1.0
242778,0,1,3400,-59,59,-88,17,28,2.2,0.0,0.0,27,0.0,0.0,0.0,0.0,0.0,0.0,0.0,1.0
243027,0,1,3400,-59,59,-85,17,28,2.2,0.0,0.0,27,0.0,0.0,0.0,0.0,0.0,0.0,0.0,1.0
243276,0,1,3400,-59,59,-86,17,28,2.2,0.0,0.0,27,0.0,0.0,0.0,0.0,0.0,0.0,0.0,1.0
243525,0,1,3400,-59,59,-87,17,28,2.2,0.0,0.0,27,0.0,0.0,0.0,0.0,0.0,0.0,0.0,1.0
243774,0,1,3400,-59,59,-86,17,28,2.2,0.0,0.0,27,0.0,0.0,0.0,0.0,0.0,0.0,0.0,1.0
244023,0,1,3400,-58,58,-93,17,29,2.2,0.0,0.0,27,0.0,0.0,0.0,0.0,0.0,0.0,0.0,1.0
244272,0,1,3400,-58,58,-89,17,29,2.2,0.0,0.0,27,0.0,0.0,0.0,0.0,0.0,0.0,0.0,1.0
244521,0,1,3400,-58,58,-89,17,29,2.2,0.0,0.0,27,0.0,0.0,0.0,0.0,0.0,0.0,0.0,1.0
244770,0,1,3400,-58,58,-83,17,29,2.2,0.0,0.0,27,0.0,0.0,0.0,0.0,0.0,0.0,0.0,1.0
245019,0,1,3400,-58,58,-83,17,28,2.2,0.0,0.0,27,0.0,0.0,0.0,0.0,0.0,0.0,0.0,1.0
245268,0,1,3400,-58,58,-88,17,28,2.2,0.0,0.0,27,0.0,0.0,0.0,0.0,0.0,0.0,0.0,1.0
245517,0,1,3400,-58,58,-86,17,27,2.2,0.0,0.0,27,0.0,0.0,0.0,0.0,0.0,0.0,0.0,1.0
245766,0,1,3400,-59,59,-85,17,28,2.2,0.0,0.0,27,0.0,0.0,0.0,0.0,0.0,0.0,0.0,1.0
246015,0,1,3400,-59,59,-82,17,28,2.2,0.0,0.0,27,0.0,0.0,0.0,0.0,0.0,0.0,0.0,1.0
246264,0,1,3400,-59,59,-85,17,28,2.2,0.0,0.0,27,0.0,0.0,0.0,0.0,0.0,0.0,0.0,1.0
246513,0,1,3400,-59,59,-89,17,28,2.2,0.0,0.0,27,0.0,0.0,0.0,0.0,0.0,0.0,0.0,1.0
246762,0,1,3400,-59,59,-86,17,28,2.2,0.0,0.0,27,0.0,0.0,0.0,0.0,0.0,0.0,0.0,1.0
247011,0,1,3400,-59,59,-84,17,28,2.2,0.0,0.0,27,0.0,0.0,0.0,0.0,0.0,0.0,0.0,1.0
247260,0,1,3400,-59,59,-88,17,28,2.2,0.0,0.0,27,0.0,0.0,0.0,0.0,0.0,0.0,0.0,1.0
247509,0,1,3400,-59,59,-90,17,28,2.2,0.0,0.0,27,0.0,0.0,0.0,0.0,0.0,0.0,0.0,1.0
247758,0,1,3400,-59,59,-90,17,28,2.2,0.0,0.0,27,0.0,0.0,0.0,0.0,0.0,0.0,0.0,1.0
248007,0,1,3400,-58,58,-88,17,28,2.2,0.0,0.0,27,0.0,0.0,0.0,0.0,0.0,0.0,0.0,1.0
248256,0,1,3400,-58,58,-86,17,28,2.2,0.0,0.0,27,0.0,0.0,0.0,0.0,0.0,0.0,0.0,1.0
248505,0,1,3400,-58,58,-87,17,28,2.2,0.0,0.0,27,0.0,0.0,0.0,0.0,0.0,0.0,0.0,1.0
248754,0,1,3400,-58,58,-90,17,28,2.2,0.0,0.0,27,0.0,0.0,0.0,0.0,0.0,0.0,0.0,1.0
249003,0,1,3400,-57,57,-84,17,29,2.2,0.0,0.0,27,0.0,0.0,0.0,0.0,0.0,0.0,0.0,1.0
249252,0,1,3400,-57,57,-86,17,29,2.2,0.0,0.0,27,0.0,0.0,0.0,0.0,0.0,0.0,0.0,1.0
249501,0,1,3400,-57,57,-84,17,29,2.2,0.0,0.0,27,0.0,0.0,0.0,0.0,0.0,0.0,0.0,1.0
249750,0,1,3400,-57,57,-85,17,30,2.2,0.0,0.0,27,0.0,0.0,0.0,0.0,0.0,0.0,0.0,1.0
249999,0,1,3400,-57,57,-87,17,30,2.2,0.0,0.0,27,0.0,0.0,0.0,0.0,0.0,0.0,0.0,1.0
250248,0,1,3400,-57,57,-87,17,29,2.2,0.0,0.0,27,0.0,0.0,0.0,0.0,0.0,0.0,0.0,1.0
250497,0,1,3400,-57,57,-81,17,29,2.2,0.0,0.0,27,0.0,0.0,0.0,0.0,0.0,0.0,0.0,1.0
250746,0,1,3400,-58,58,-85,17,29,2.2,0.0,0.0,27,0.0,0.0,0.0,0.0,0.0,0.0,0.0,1.0
250995,0,1,3400,-57,57,-79,17,29,2.2,0.0,0.0,27,0.0,0.0,0.0,0.0,0.0,0.0,0.0,1.0
251244,0,1,3400,-57,57,-82,17,29,2.2,0.0,0.0,27,0.0,0.0,0.0,0.0,0.0,0.0,0.0,1.0
251493,0,1,3400,-57,57,-88,17,28,2.2,0.0,0.0,27,0.0,0.0,0.0,0.0,0.0,0.0,0.0,1.0
251742,0,1,3400,-57,57,-85,17,29,2.2,0.0,0.0,27,0.0,0.0,0.0,0.0,0.0,0.0,0.0,1.0
251991,0,1,3400,-57,57,-87,17,29,2.2,0.0,0.0,27,0.0,0.0,0.0,0.0,0.0,0.0,0.0,1.0
252240,0,1,3400,-57,57,-85,17,29,2.2,0.0,0.0,27,0.0,0.0,0.0,0.0,0.0,0.0,0.0,1.0
252489,0,1,3400,-57,57,-84,17,30,2.2,0.0,0.0,27,0.0,0.0,0.0,0.0,0.0,0.0,0.0,1.0
252738,0,1,3400,-57,57,-82,17,30,2.2,0.0,0.0,27,0.0,0.0,0.0,0.0,0.0,0.0,0.0,1.0
252987,0,1,3400,-57,57,-83,17,30,2.2,0.0,0.0,27,0.0,0.0,0.0,0.0,0.0,0.0,0.0,1.0
253236,0,1,3400,-57,57,-84,17,29,2.2,0.0,0.0,27,0.0,0.0,0.0,0.0,0.0,0.0,0.0,1.0
253485,0,1,3400,-57,57,-83,17,29,2.2,0.0,0.0,27,0.0,0.0,0.0,0.0,0.0,0.0,0.0,1.0
253734,0,1,3400,-58,58,-89,17,29,2.2,0.0,0.0,27,0.0,0.0,0.0,0.0,0.0,0.0,0.0,1.0
253983,0,1,3400,-58,58,-86,17,29,2.2,0.0,0.0,27,0.0,0.0,0.0,0.0,0.0,0.0,0.0,1.0
254232,0,1,3400,-58,58,-89,17,29,2.2,0.0,0.0,27,0.0,0.0,0.0,0.0,0.0,0.0,0.0,1.0
254481,0,1,3400,-58,58,-85,17,28,2.2,0.0,0.0,27,0.0,0.0,0.0,0.0,0.0,0.0,0.0,1.0
254730,0,1,3400,-58,58,-85,17,28,2.2,0.0,0.0,27,0.0,0.0,0.0,0.0,0.0,0.0,0.0,1.0
254979,0,1,3400,-57,57,-78,17,28,2.2,0.0,0.0,27,0.0,0.0,0.0,0.0,0.0,0.0,0.0,1.0
255228,0,1,3400,-57,57,-84,17,29,2.2,0.0,0.0,27,0.0,0.0,0.0,0.0,0.0,0.0,0.0,1.0
255477,0,1,3400,-57,57,-83,17,29,2.2,0.0,0.0,27,0.0,0.0,0.0,0.0,0.0,0.0,0.0,1.0
255726,0,1,3400,-57,57,-83,17,30,2.2,0.0,0.0,27,0.0,0.0,0.0,0.0,0.0,0.0,0.0,1.0
255975,0,1,3400,-57,57,-84,17,30,2.2,0.0,100.000000,27,0.0,0.0,0.0,0.0,0.0,0.0,0.0,1.0
256224,0,1,3400,-57,57,-84,16,30,2.2,0.0,0.0,27,0.0,0.0,0.0,0.0,0.0,0.0,0.0,1.0
256473,0,1,3400,-57,57,-87,16,30,2.2,0.0,0.0,27,0.0,0.0,0.0,0.0,0.0,0.0,0.0,1.0
256722,0,1,3400,-57,57,-86,16,29,2.2,0.0,0.0,27,0.0,0.0,0.0,0.0,0.0,0.0,0.0,1.0
256971,0,1,3400,-57,57,-80,16,29,2.2,0.0,0.0,27,0.0,0.0,0.0,0.0,0.0,0.0,0.0,1.0
257220,0,1,3400,-57,57,-78,16,29,2.2,0.0,0.0,27,0.0,0.0,0.0,0.0,0.0,0.0,0.0,1.0
257469,0,1,3400,-57,57,-82,16,29,2.2,0.0,0.0,27,0.0,0.0,0.0,0.0,0.0,0.0,0.0,1.0
257718,0,1,3400,-57,57,-85,16,28,2.2,0.0,0.0,27,0.0,0.0,0.0,0.0,0.0,0.0,0.0,1.0
257967,0,1,3400,-57,57,-84,16,28,2.2,0.0,0.0,27,0.0,0.0,0.0,0.0,0.0,0.0,0.0,1.0
258216,0,1,3400,-57,57,-86,16,29,2.2,0.0,0.0,27,0.0,0.0,0.0,0.0,0.0,0.0,0.0,1.0
258465,0,1,3400,-57,57,-86,16,29,2.2,0.0,0.0,27,0.0,0.0,0.0,0.0,0.0,0.0,0.0,1.0
258714,0,1,3400,-57,57,-88,16,30,2.2,0.0,0.0,27,0.0,0.0,0.0,0.0,0.0,0.0,0.0,1.0
258963,0,1,3400,-57,57,-82,16,30,2.2,0.0,0.0,27,0.0,0.0,0.0,0.0,0.0,0.0,0.0,1.0
259212,0,1,3400,-57,57,-86,16,30,2.2,0.0,0.0,27,0.0,0.0,0.0,0.0,0.0,0.0,0.0,1.0
259461,0,1,3400,-57,57,-87,16,30,2.2,0.0,0.0,27,0.0,0.0,0.0,0.0,0.0,0.0,0.0,1.0
259710,0,1,3400,-57,57,-87,16,30,2.2,0.0,0.0,27,0.0,0.0,0.0,0.0,0.0,0.0,0.0,1.0
259959,0,1,3400,-57,57,-90,16,29,2.3,0.0,0.0,27,0.0,0.0,0.0,0.0,0.0,0.0,0.0,1.0
260208,0,1,3400,-57,57,-85,17,29,2.2,0.0,0.0,27,0.0,0.0,0.0,0.0,0.0,0.0,0.0,1.0
260457,0,1,3400,-57,57,-81,16,29,2.2,0.0,0.0,27,0.0,0.0,0.0,0.0,0.0,0.0,0.0,1.0
260706,0,1,3400,-57,57,-85,16,28,2.2,0.0,0.0,27,0.0,0.0,0.0,0.0,0.0,0.0,0.0,1.0
260955,0,1,3400,-57,57,-87,16,28,2.2,0.0,0.0,27,0.0,0.0,0.0,0.0,0.0,0.0,0.0,1.0
261204,0,1,3400,-57,57,-88,16,29,2.2,0.0,0.0,27,0.0,0.0,0.0,0.0,0.0,0.0,0.0,1.0
261453,0,1,3400,-57,57,-85,16,29,2.2,0.0,0.0,27,0.0,0.0,0.0,0.0,0.0,0.0,0.0,1.0
261702,0,1,3400,-57,57,-85,16,29,2.2,0.0,0.0,27,0.0,0.0,0.0,0.0,0.0,0.0,0.0,1.0
261951,0,1,3400,-57,57,-81,16,30,2.2,0.0,0.0,27,0.0,0.0,0.0,0.0,0.0,0.0,0.0,1.0
262200,0,1,3400,-57,57,-79,16,29,2.2,0.0,0.0,27,0.0,0.0,0.0,0.0,0.0,0.0,0.0,1.0
262449,0,1,3400,-57,57,-84,16,29,2.2,0.0,0.0,27,0.0,0.0,0.0,0.0,0.0,0.0,0.0,1.0
262698,0,1,3400,-57,57,-87,16,29,2.2,0.0,0.0,27,0.0,0.0,0.0,0.0,0.0,0.0,0.0,1.0
262947,0,1,3400,-57,57,-85,16,29,2.2,0.0,0.0,27,0.0,0.0,0.0,0.0,0.0,0.0,0.0,1.0
263196,0,1,3400,-57,57,-78,16,29,2.2,0.0,0.0,27,0.0,0.0,0.0,0.0,0.0,0.0,0.0,1.0
263445,0,1,3400,-57,57,-84,16,29,2.2,0.0,0.0,27,0.0,0.0,0.0,0.0,0.0,0.0,0.0,1.0
263694,0,1,3400,-57,57,-86,16,29,2.2,0.0,0.0,27,0.0,0.0,0.0,0.0,0.0,0.0,0.0,1.0
263943,0,1,3400,-57,57,-83,16,28,2.2,0.0,0.0,27,0.0,0.0,0.0,0.0,0.0,0.0,0.0,1.0
264192,0,1,3400,-57,57,-89,16,28,2.2,0.0,0.0,27,0.0,0.0,0.0,0.0,0.0,0.0,0.0,1.0
264441,0,1,3400,-57,57,-82,16,28,2.2,0.0,0.0,27,0.0,0.0,0.0,0.0,0.0,0.0,0.0,1.0
264690,0,1,3400,-58,58,-90,16,29,2.2,0.0,0.0,27,0.0,0.0,0.0,0.0,0.0,0.0,0.0,1.0
264939,0,1,3400,-58,58,-87,16,29,2.2,0.0,0.0,27,0.0,0.0,0.0,0.0,0.0,0.0,0.0,1.0
265188,0,1,3400,-58,58,-86,16,29,2.2,0.0,0.0,27,0.0,0.0,0.0,0.0,0.0,0.0,0.0,1.0
265437,0,1,3400,-58,58,-87,16,29,2.2,0.0,0.0,27,0.0,0.0,0.0,0.0,0.0,0.0,0.0,1.0
265686,0,1,3400,-58,58,-86,17,29,2.2,0.0,0.0,27,0.0,0.0,0.0,0.0,0.0,0.0,0.0,1.0
265935,0,1,3400,-58,58,-85,16,29,2.2,0.0,0.0,27,0.0,0.0,0.0,0.0,0.0,0.0,0.0,1.0
266184,0,1,3400,-58,58,-84,16,28,2.2,0.0,0.0,27,0.0,0.0,0.0,0.0,0.0,0.0,0.0,1.0
266433,0,1,3400,-58,58,-78,16,29,2.2,0.0,0.0,27,0.0,0.0,0.0,0.0,0.0,0.0,0.0,1.0
266682,0,1,3400,-58,58,-84,16,28,2.3,0.0,0.0,27,0.0,0.0,0.0,0.0,0.0,0.0,0.0,1.0
266931,0,1,3400,-58,58,-82,16,27,2.2,0.0,0.0,27,0.0,0.0,0.0,0.0,0.0,0.0,0.0,1.0
267180,0,1,3400,-58,58,-84,16,28,2.2,0.0,0.0,27,0.0,0.0,0.0,0.0,0.0,0.0,0.0,1.0
267429,0,1,3400,-58,58,-81,16,28,2.2,0.0,0.0,27,0.0,0.0,0.0,0.0,0.0,0.0,0.0,1.0
267678,0,1,3400,-59,59,-89,16,28,2.2,0.0,0.0,27,0.0,0.0,0.0,0.0,0.0,0.0,0.0,1.0
267927,0,1,3400,-59,59,-85,16,28,2.2,0.0,0.0,27,0.0,0.0,0.0,0.0,0.0,0.0,0.0,1.0
268176,0,1,3400,-59,59,-84,16,28,2.2,0.0,0.0,27,0.0,0.0,0.0,0.0,0.0,0.0,0.0,1.0
268425,0,1,3400,-59,59,-89,16,28,2.2,0.0,0.0,27,0.0,0.0,0.0,0.0,0.0,0.0,0.0,1.0
268674,0,1,3400,-59,59,-82,16,28,2.2,0.0,0.0,27,0.0,0.0,0.0,0.0,0.0,0.0,0.0,1.0
268923,0,1,3400,-59,59,-79,16,28,2.2,0.0,0.0,27,0.0,0.0,0.0,0.0,0.0,0.0,0.0,1.0
269172,0,1,3400,-59,59,-81,16,28,2.2,0.0,0.0,27,0.0,0.0,0.0,0.0,0.0,0.0,0.0,1.0
269421,0,1,3400,-59,59,-85,16,27,2.2,0.0,0.0,27,0.0,0.0,0.0,0.0,0.0,0.0,0.0,1.0
269670,0,1,3400,-60,60,-83,16,27,2.2,0.0,0.0,27,0.0,0.0,0.0,0.0,0.0,0.0,0.0,1.0
269919,0,1,3400,-60,60,-80,16,27,2.2,0.0,0.0,27,0.0,0.0,0.0,0.0,0.0,0.0,0.0,1.0
270168,0,1,3400,-60,60,-78,16,27,2.2,0.0,0.0,27,0.0,0.0,0.0,0.0,0.0,0.0,0.0,1.0
270417,0,1,3400,-60,60,-85,16,27,2.2,0.0,0.0,27,0.0,0.0,0.0,0.0,0.0,0.0,0.0,1.0
270666,0,1,3400,-60,60,-91,16,27,2.2,0.0,0.0,27,0.0,0.0,0.0,0.0,0.0,0.0,0.0,1.0
270915,0,1,3400,-60,60,-85,16,27,2.2,0.0,0.0,27,0.0,0.0,0.0,0.0,0.0,0.0,0.0,1.0
271164,0,1,3400,-60,60,-81,16,28,2.2,0.0,0.0,27,0.0,0.0,0.0,0.0,0.0,0.0,0.0,1.0
271413,0,1,3400,-60,60,-82,16,27,2.2,0.0,0.0,27,0.0,0.0,0.0,0.0,0.0,0.0,0.0,1.0
271662,0,1,3400,-60,60,-84,16,28,2.2,0.0,0.0,27,0.0,0.0,0.0,0.0,0.0,0.0,0.0,1.0
271911,0,1,3400,-60,60,-89,16,27,2.2,0.0,0.0,27,0.0,0.0,0.0,0.0,0.0,0.0,0.0,1.0
272160,0,1,3400,-60,60,-85,16,27,2.2,0.0,0.0,27,0.0,0.0,0.0,0.0,0.0,0.0,0.0,1.0
272409,0,1,3400,-60,60,-82,16,27,2.2,0.0,0.0,27,0.0,0.0,0.0,0.0,0.0,0.0,0.0,1.0
272658,0,1,3400,-61,61,-86,16,27,2.2,0.0,0.0,27,0.0,0.0,0.0,0.0,0.0,0.0,0.0,1.0
272907,0,1,3400,-60,60,-85,17,27,2.2,0.0,0.0,27,0.0,0.0,0.0,0.0,0.0,0.0,0.0,1.0
273156,0,1,3400,-60,60,-83,16,26,2.3,0.0,0.0,27,0.0,0.0,0.0,0.0,0.0,0.0,0.0,1.0
273405,0,1,3400,-60,60,-81,17,27,2.2,0.0,0.0,27,0.0,0.0,0.0,0.0,0.0,0.0,0.0,1.0
273654,0,1,3400,-60,60,-82,16,27,2.3,0.0,0.0,27,0.0,0.0,0.0,0.0,0.0,0.0,0.0,1.0
273903,0,1,3400,-60,60,-80,16,27,2.2,0.0,0.0,27,0.0,0.0,0.0,0.0,0.0,0.0,0.0,1.0
274152,0,1,3400,-60,60,-80,16,27,2.2,0.0,0.0,27,0.0,0.0,0.0,0.0,0.0,0.0,0.0,1.0
274401,0,1,3400,-60,60,-82,16,27,2.2,0.0,0.0,27,0.0,0.0,0.0,0.0,0.0,0.0,0.0,1.0
274650,0,1,3400,-61,61,-88,16,27,2.2,0.0,0.0,27,0.0,0.0,0.0,0.0,0.0,0.0,0.0,1.0
274899,0,1,3400,-61,61,-83,16,27,2.2,0.0,0.0,27,0.0,0.0,0.0,0.0,0.0,0.0,0.0,1.0
275148,0,1,3400,-61,61,-83,16,26,2.2,0.0,0.0,27,0.0,0.0,0.0,0.0,0.0,0.0,0.0,1.0
275397,0,1,3400,-61,61,-82,16,26,2.2,0.0,0.0,27,0.0,0.0,0.0,0.0,0.0,0.0,0.0,1.0
275646,0,1,3400,-62,62,-81,16,26,2.2,0.0,0.0,27,0.0,0.0,0.0,0.0,0.0,0.0,0.0,1.0
275895,0,1,3400,-61,61,-80,16,26,2.2,0.0,0.0,27,0.0,0.0,0.0,0.0,0.0,0.0,0.0,1.0
276144,0,1,3400,-61,61,-80,16,26,2.2,0.0,0.0,27,0.0,0.0,0.0,0.0,0.0,0.0,0.0,1.0
276393,0,1,3400,-61,61,-87,16,26,2.2,0.0,0.0,27,0.0,0.0,0.0,0.0,0.0,0.0,0.0,1.0
276642,0,1,3400,-61,61,-82,16,26,2.2,0.0,0.0,27,0.0,0.0,0.0,0.0,0.0,0.0,0.0,1.0
276891,0,1,3400,-60,60,-85,16,27,2.2,0.0,0.0,27,0.0,0.0,0.0,0.0,0.0,0.0,0.0,1.0
277140,0,1,3400,-60,60,-87,16,27,2.2,0.0,0.0,27,0.0,0.0,0.0,0.0,0.0,0.0,0.0,1.0
277389,0,1,3400,-60,60,-81,16,27,2.2,0.0,0.0,27,0.0,0.0,0.0,0.0,0.0,0.0,0.0,1.0
277638,0,1,3400,-60,60,-86,16,28,2.2,0.0,0.0,27,0.0,0.0,0.0,0.0,0.0,0.0,0.0,1.0
277887,0,1,3400,-60,60,-85,16,28,2.2,0.0,0.0,27,0.0,0.0,0.0,0.0,0.0,0.0,0.0,1.0
278136,0,1,3400,-60,60,-86,16,28,2.2,0.0,0.0,27,0.0,0.0,0.0,0.0,0.0,0.0,0.0,1.0
278385,0,1,3400,-60,60,-87,16,27,2.2,0.0,0.0,27,0.0,0.0,0.0,0.0,0.0,0.0,0.0,1.0
278634,0,1,3400,-60,60,-85,16,27,2.2,0.0,0.0,27,0.0,0.0,0.0,0.0,0.0,0.0,0.0,1.0
278883,0,1,3400,-60,60,-81,16,27,2.2,0.0,0.0,27,0.0,0.0,0.0,0.0,0.0,0.0,0.0,1.0
279132,0,1,3400,-60,60,-81,16,27,2.2,0.0,0.0,27,0.0,0.0,0.0,0.0,0.0,0.0,0.0,1.0
279381,0,1,3400,-60,60,-81,16,26,2.2,0.0,0.0,27,0.0,0.0,0.0,0.0,0.0,0.0,0.0,1.0
279630,0,1,3400,-61,61,-80,17,26,2.2,0.0,0.0,27,0.0,0.0,0.0,0.0,0.0,0.0,0.0,1.0
279879,0,1,3400,-61,61,-82,16,26,2.3,0.0,0.0,27,0.0,0.0,0.0,0.0,0.0,0.0,0.0,1.0
280128,0,1,3400,-61,61,-82,16,27,2.2,0.0,0.0,27,0.0,0.0,0.0,0.0,0.0,0.0,0.0,1.0
280377,0,1,3400,-61,61,-79,16,27,2.2,0.0,0.0,27,0.0,0.0,0.0,0.0,0.0,0.0,0.0,1.0
280626,0,1,3400,-61,61,-85,16,27,2.2,0.0,0.0,27,0.0,0.0,0.0,0.0,0.0,0.0,0.0,1.0
280875,0,1,3400,-61,61,-84,16,27,2.2,0.0,0.0,27,0.0,0.0,0.0,0.0,0.0,0.0,0.0,1.0
281124,0,1,3400,-61,61,-84,16,27,2.2,0.0,0.0,27,0.0,0.0,0.0,0.0,0.0,0.0,0.0,1.0
281373,0,1,3400,-61,61,-77,16,26,2.2,0.0,0.0,27,0.0,0.0,0.0,0.0,0.0,0.0,0.0,1.0
281622,0,1,3400,-62,62,-79,16,26,2.2,0.0,0.0,27,0.0,0.0,0.0,0.0,0.0,0.0,0.0,1.0
281871,0,1,3400,-62,62,-84,16,26,2.2,0.0,0.0,27,0.0,0.0,0.0,0.0,0.0,0.0,0.0,1.0
282120,0,1,3400,-62,62,-84,16,26,2.2,0.0,0.0,27,0.0,0.0,0.0,0.0,0.0,0.0,0.0,1.0
282369,0,1,3400,-62,62,-86,16,25,2.2,0.0,0.0,27,0.0,0.0,0.0,0.0,0.0,0.0,0.0,1.0
282618,0,1,3400,-63,63,-83,16,25,2.2,0.0,0.0,27,0.0,0.0,0.0,0.0,0.0,0.0,0.0,1.0
282867,0,1,3400,-62,62,-79,16,25,2.2,0.0,0.0,27,0.0,0.0,0.0,0.0,0.0,0.0,0.0,1.0
283116,0,1,3400,-62,62,-83,16,25,2.2,0.0,0.0,27,0.0,0.0,0.0,0.0,0.0,0.0,0.0,1.0
283365,0,1,3400,-62,62,-84,16,26,2.2,0.0,0.0,27,0.0,0.0,0.0,0.0,0.0,0.0,0.0,1.0
283614,0,1,3400,-62,62,-85,16,26,2.2,0.0,0.0,27,0.0,0.0,0.0,0.0,0.0,0.0,0.0,1.0
283863,0,1,3400,-62,62,-81,16,26,2.2,0.0,0.0,27,0.0,0.0,0.0,0.0,0.0,0.0,0.0,1.0
284112,0,1,3400,-62,62,-80,16,26,2.2,0.0,0.0,27,0.0,0.0,0.0,0.0,0.0,0.0,0.0,1.0
284361,0,1,3400,-62,62,-81,16,26,2.2,0.0,0.0,27,0.0,0.0,0.0,0.0,0.0,0.0,0.0,1.0
284610,0,1,3400,-62,62,-81,16,26,2.2,0.0,0.0,27,0.0,0.0,0.0,0.0,0.0,0.0,0.0,1.0
284859,0,1,3400,-62,62,-80,16,26,2.2,0.0,0.0,27,0.0,0.0,0.0,0.0,0.0,0.0,0.0,1.0
285108,0,1,3400,-62,62,-81,16,26,2.2,0.0,0.0,27,0.0,0.0,0.0,0.0,0.0,0.0,0.0,1.0
285357,0,1,3400,-62,62,-84,16,26,2.2,0.0,0.0,27,0.0,0.0,0.0,0.0,0.0,0.0,0.0,1.0
285606,0,1,3400,-62,62,-88,16,26,2.2,0.0,0.0,27,0.0,0.0,0.0,0.0,0.0,0.0,0.0,1.0
285855,0,1,3400,-62,62,-79,16,26,2.2,0.0,0.0,27,0.0,0.0,0.0,0.0,0.0,0.0,0.0,1.0
286104,0,1,3400,-62,62,-79,16,26,2.2,0.0,0.0,27,0.0,0.0,0.0,0.0,0.0,0.0,0.0,1.0
286353,0,1,3400,-62,62,-83,16,26,2.2,0.0,0.0,27,0.0,0.0,0.0,0.0,0.0,0.0,0.0,1.0
286602,0,1,3400,-62,62,-80,16,26,2.2,0.0,0.0,27,0.0,0.0,0.0,0.0,0.0,0.0,0.0,1.0
286851,0,1,3400,-62,62,-84,16,26,2.2,0.0,0.0,27,0.0,0.0,0.0,0.0,0.0,0.0,0.0,1.0
287100,0,1,3400,-62,62,-83,16,26,2.2,0.0,0.0,27,0.0,0.0,0.0,0.0,0.0,0.0,0.0,1.0
287349,0,1,3400,-62,62,-80,16,26,2.2,0.0,0.0,27,0.0,0.0,0.0,0.0,0.0,0.0,0.0,1.0
287598,0,1,3400,-62,62,-80,16,26,2.2,0.0,0.0,27,0.0,0.0,0.0,0.0,0.0,0.0,0.0,1.0
287847,0,1,3400,-62,62,-83,16,26,2.2,0.0,0.0,27,0.0,0.0,0.0,0.0,0.0,0.0,0.0,1.0
288096,0,1,3400,-62,62,-83,16,26,2.2,0.0,0.0,27,0.0,0.0,0.0,0.0,0.0,0.0,0.0,1.0
288345,0,1,3400,-62,62,-81,16,26,2.2,0.0,0.0,27,0.0,0.0,0.0,0.0,0.0,0.0,0.0,1.0
288594,0,1,3400,-62,62,-84,16,26,2.2,0.0,0.0,27,0.0,0.0,0.0,0.0,0.0,0.0,0.0,1.0
288843,0,1,3400,-62,62,-83,16,25,2.2,0.0,0.0,27,0.0,0.0,0.0,0.0,0.0,0.0,0.0,1.0
289092,0,1,3400,-62,62,-78,16,26,2.2,0.0,0.0,27,0.0,0.0,0.0,0.0,0.0,0.0,0.0,1.0
289341,0,1,3400,-62,62,-83,16,26,2.2,0.0,0.0,27,0.0,0.0,0.0,0.0,0.0,0.0,0.0,1.0
289590,0,1,3400,-62,62,-83,16,26,2.2,0.0,0.0,27,0.0,0.0,0.0,0.0,0.0,0.0,0.0,1.0
289839,0,1,3400,-62,62,-79,16,26,2.2,0.0,0.0,27,0.0,0.0,0.0,0.0,0.0,0.0,0.0,1.0
290088,0,1,3400,-62,62,-82,16,26,2.2,0.0,0.0,27,0.0,0.0,0.0,0.0,0.0,0.0,0.0,1.0
290337,0,1,3400,-62,62,-79,16,26,2.2,0.0,0.0,27,0.0,0.0,0.0,0.0,0.0,0.0,0.0,1.0
290586,0,1,3400,-62,62,-83,16,26,2.2,0.0,0.0,27,0.0,0.0,0.0,0.0,0.0,0.0,0.0,1.0
290835,0,1,3400,-62,62,-84,16,26,2.2,0.0,0.0,27,0.0,0.0,0.0,0.0,0.0,0.0,0.0,1.0
291084,0,1,3400,-62,62,-81,16,26,2.2,0.0,0.0,27,0.0,0.0,0.0,0.0,0.0,0.0,0.0,1.0
291333,0,1,3400,-62,62,-79,16,26,2.2,0.0,0.0,27,0.0,0.0,0.0,0.0,0.0,0.0,0.0,1.0
291582,0,1,3400,-62,62,-83,16,26,2.2,0.0,0.0,27,0.0,0.0,0.0,0.0,0.0,0.0,0.0,1.0
291831,0,1,3400,-62,62,-83,16,26,2.2,0.0,0.0,27,0.0,0.0,0.0,0.0,0.0,0.0,0.0,1.0
292080,0,1,3400,-62,62,-80,17,25,2.2,0.0,0.0,27,0.0,0.0,0.0,0.0,0.0,0.0,0.0,1.0
292329,0,1,3400,-62,62,-80,16,26,2.2,0.0,0.0,27,0.0,0.0,0.0,0.0,0.0,0.0,0.0,1.0
292578,0,1,3400,-62,62,-74,16,26,2.2,0.0,0.0,27,0.0,0.0,0.0,0.0,0.0,0.0,0.0,1.0
292827,0,1,3400,-62,62,-79,16,26,2.2,0.0,0.0,27,0.0,0.0,0.0,0.0,0.0,0.0,0.0,1.0
293076,0,1,3400,-62,62,-83,16,26,2.2,0.0,0.0,27,0.0,0.0,0.0,0.0,0.0,0.0,0.0,1.0
293325,0,1,3400,-62,62,-84,16,26,2.2,0.0,0.0,27,0.0,0.0,0.0,0.0,0.0,0.0,0.0,1.0
293574,0,1,3400,-62,62,-83,16,26,2.2,0.0,0.0,27,0.0,0.0,0.0,0.0,0.0,0.0,0.0,1.0
293823,0,1,3400,-62,62,-85,16,26,2.2,0.0,0.0,27,0.0,0.0,0.0,0.0,0.0,0.0,0.0,1.0
294072,0,1,3400,-62,62,-81,16,26,2.2,0.0,0.0,27,0.0,0.0,0.0,0.0,0.0,0.0,0.0,1.0
294321,0,1,3400,-62,62,-79,16,25,2.2,0.0,0.0,27,0.0,0.0,0.0,0.0,0.0,0.0,0.0,1.0
294570,0,1,3400,-63,63,-82,16,25,2.2,0.0,0.0,27,0.0,0.0,0.0,0.0,0.0,0.0,0.0,1.0
294819,0,1,3400,-62,62,-80,16,25,2.2,0.0,0.0,27,0.0,0.0,0.0,0.0,0.0,0.0,0.0,1.0
295068,0,1,3400,-62,62,-77,16,25,2.2,0.0,0.0,27,0.0,0.0,0.0,0.0,0.0,0.0,0.0,1.0
295317,0,1,3400,-62,62,-84,16,25,2.2,0.0,0.0,27,0.0,0.0,0.0,0.0,0.0,0.0,0.0,1.0
295566,0,1,3400,-62,62,-82,16,26,2.2,0.0,0.0,27,0.0,0.0,0.0,0.0,0.0,0.0,0.0,1.0
295815,0,1,3400,-62,62,-83,16,26,2.2,0.0,0.0,27,0.0,0.0,0.0,0.0,0.0,0.0,0.0,1.0
296064,0,1,3400,-62,62,-79,16,26,2.2,0.0,0.0,27,0.0,0.0,0.0,0.0,0.0,0.0,0.0,1.0
296313,0,1,3400,-62,62,-80,16,26,2.3,0.0,100.000000,27,0.0,0.0,0.0,0.0,0.0,0.0,0.0,1.0
296562,0,1,3400,-62,62,-79,15,26,4.0,0.0,0.0,27,0.0,0.0,0.0,0.0,0.0,0.0,0.0,1.0
296811,0,1,3400,-62,62,-84,15,26,4.0,0.0,0.0,27,0.0,0.0,0.0,0.0,0.0,0.0,0.0,1.0
297060,0,1,3400,-62,62,-82,15,26,4.0,0.0,0.0,27,0.0,0.0,0.0,0.0,0.0,0.0,0.0,1.0
297309,0,1,3400,-62,62,-77,15,26,4.0,0.0,0.0,27,0.0,0.0,0.0,0.0,0.0,0.0,0.0,1.0
297558,0,1,3400,-62,62,-83,15,26,4.0,0.0,0.0,27,0.0,0.0,0.0,0.0,0.0,0.0,0.0,1.0
297807,0,1,3400,-62,62,-88,15,26,4.0,0.0,0.0,27,0.0,0.0,0.0,0.0,0.0,0.0,0.0,1.0
298056,0,1,3400,-62,62,-90,15,26,4.0,0.0,0.0,27,0.0,0.0,0.0,0.0,0.0,0.0,0.0,1.0
298305,0,1,3400,-62,62,-80,15,25,3.9,0.0,0.0,27,0.0,0.0,0.0,0.0,0.0,0.0,0.0,1.0
298554,0,1,3400,-62,62,-74,15,25,4.0,0.0,0.0,27,0.0,0.0,0.0,0.0,0.0,0.0,0.0,1.0
298803,0,1,3400,-62,62,-74,15,25,4.0,0.0,0.0,27,0.0,0.0,0.0,0.0,0.0,0.0,0.0,1.0
299052,0,1,3400,-62,62,-78,15,25,3.9,0.0,0.0,27,0.0,0.0,0.0,0.0,0.0,0.0,0.0,1.0
299301,0,1,3400,-62,62,-82,15,26,4.0,0.0,0.0,27,0.0,0.0,0.0,0.0,0.0,0.0,0.0,1.0
299550,0,1,3400,-63,63,-80,15,25,4.0,0.0,0.0,27,0.0,0.0,0.0,0.0,0.0,0.0,0.0,1.0
299799,0,1,3400,-63,63,-82,15,25,4.0,0.0,0.0,27,0.0,0.0,0.0,0.0,0.0,0.0,0.0,1.0
300048,0,1,3400,-63,63,-80,15,25,4.0,0.0,0.0,27,0.0,0.0,0.0,0.0,0.0,0.0,0.0,1.0
300297,0,1,3400,-63,63,-80,15,25,4.0,0.0,0.0,27,0.0,0.0,0.0,0.0,0.0,0.0,0.0,1.0
300546,0,1,3400,-63,63,-82,15,25,4.0,0.0,0.0,27,0.0,0.0,0.0,0.0,0.0,0.0,0.0,1.0
300795,0,1,3400,-63,63,-83,15,25,4.0,0.0,0.0,27,0.0,0.0,0.0,0.0,0.0,0.0,0.0,1.0
301044,0,1,3400,-63,63,-85,15,25,4.0,0.0,0.0,27,0.0,0.0,0.0,0.0,0.0,0.0,0.0,1.0
301293,0,1,3400,-63,63,-85,15,25,4.0,0.0,0.0,27,0.0,0.0,0.0,0.0,0.0,0.0,0.0,1.0
301542,0,1,3400,-63,63,-81,15,25,3.9,0.0,0.0,27,0.0,0.0,0.0,0.0,0.0,0.0,0.0,1.0
301791,0,1,3400,-63,63,-78,15,25,4.0,0.0,0.0,27,0.0,0.0,0.0,0.0,0.0,0.0,0.0,1.0
302040,0,1,3400,-63,63,-75,15,25,4.0,0.0,0.0,27,0.0,0.0,0.0,0.0,0.0,0.0,0.0,1.0
302289,0,1,3400,-63,63,-82,15,25,4.0,0.0,0.0,27,0.0,0.0,0.0,0.0,0.0,0.0,0.0,1.0
302538,0,1,3400,-63,63,-83,15,25,4.0,0.0,0.0,27,0.0,0.0,0.0,0.0,0.0,0.0,0.0,1.0
302787,0,1,3400,-63,63,-79,15,25,4.0,0.0,0.0,27,0.0,0.0,0.0,0.0,0.0,0.0,0.0,1.0
303036,0,1,3400,-63,63,-83,15,25,4.0,0.0,0.0,27,0.0,0.0,0.0,0.0,0.0,0.0,0.0,1.0
303285,0,1,3400,-63,63,-84,15,25,3.9,0.0,0.0,27,0.0,0.0,0.0,0.0,0.0,0.0,0.0,1.0
303534,0,1,3400,-63,63,-84,15,25,4.0,0.0,0.0,27,0.0,0.0,0.0,0.0,0.0,0.0,0.0,1.0
303783,0,1,3400,-63,63,-81,15,25,4.0,0.0,0.0,27,0.0,0.0,0.0,0.0,0.0,0.0,0.0,1.0
304032,0,1,3400,-63,63,-79,15,25,4.0,0.0,0.0,27,0.0,0.0,0.0,0.0,0.0,0.0,0.0,1.0
304281,0,1,3400,-63,63,-79,15,25,4.0,0.0,0.0,27,0.0,0.0,0.0,0.0,0.0,0.0,0.0,1.0
304530,0,1,3400,-63,63,-77,15,25,4.0,0.0,0.0,27,0.0,0.0,0.0,0.0,0.0,0.0,0.0,1.0
304779,0,1,3400,-62,62,-84,15,25,4.0,0.0,0.0,27,0.0,0.0,0.0,0.0,0.0,0.0,0.0,1.0
305028,0,1,3400,-62,62,-82,15,25,4.0,0.0,0.0,27,0.0,0.0,0.0,0.0,0.0,0.0,0.0,1.0
305277,0,1,3400,-62,62,-80,15,26,3.9,0.0,0.0,27,0.0,0.0,0.0,0.0,0.0,0.0,0.0,1.0
305526,0,1,3400,-62,62,-81,15,26,4.0,0.0,0.0,27,0.0,0.0,0.0,0.0,0.0,0.0,0.0,1.0
305775,0,1,3400,-61,61,-81,15,26,3.9,0.0,0.0,27,0.0,0.0,0.0,0.0,0.0,0.0,0.0,1.0
306024,0,1,3400,-61,61,-80,15,26,3.9,0.0,0.0,27,0.0,0.0,0.0,0.0,0.0,0.0,0.0,1.0
306273,0,1,3400,-61,61,-82,15,27,3.9,0.0,0.0,27,0.0,0.0,0.0,0.0,0.0,0.0,0.0,1.0
306522,0,1,3400,-61,61,-86,15,27,4.0,0.0,0.0,27,0.0,0.0,0.0,0.0,0.0,0.0,0.0,1.0
306771,0,1,3400,-61,61,-81,15,27,4.0,0.0,0.0,27,0.0,0.0,0.0,0.0,0.0,0.0,0.0,1.0
307020,0,1,3400,-61,61,-84,15,27,4.0,0.0,0.0,27,0.0,0.0,0.0,0.0,0.0,0.0,0.0,1.0
307269,0,1,3400,-61,61,-80,15,27,3.9,0.0,0.0,27,0.0,0.0,0.0,0.0,0.0,0.0,0.0,1.0
307518,0,1,3400,-61,61,-75,15,27,4.0,0.0,0.0,27,0.0,0.0,0.0,0.0,0.0,0.0,0.0,1.0
307767,0,1,3400,-61,61,-85,15,27,4.0,0.0,0.0,27,0.0,0.0,0.0,0.0,0.0,0.0,0.0,1.0
308016,0,1,3400,-61,61,-84,15,26,4.0,0.0,0.0,27,0.0,0.0,0.0,0.0,0.0,0.0,0.0,1.0
308265,0,1,3400,-61,61,-81,15,26,3.9,0.0,0.0,27,0.0,0.0,0.0,0.0,0.0,0.0,0.0,1.0
308514,0,1,3400,-61,61,-83,15,27,4.0,0.0,0.0,27,0.0,0.0,0.0,0.0,0.0,0.0,0.0,1.0
308763,0,1,3400,-60,60,-81,15,27,4.0,0.0,0.0,27,0.0,0.0,0.0,0.0,0.0,0.0,0.0,1.0
309012,0,1,3400,-60,60,-79,15,27,4.0,0.0,0.0,27,0.0,0.0,0.0,0.0,0.0,0.0,0.0,1.0
309261,0,1,3400,-60,60,-80,15,27,4.0,0.0,0.0,27,0.0,0.0,0.0,0.0,0.0,0.0,0.0,1.0
309510,0,1,3400,-60,60,-81,15,28,4.0,0.0,0.0,27,0.0,0.0,0.0,0.0,0.0,0.0,0.0,1.0
309759,0,1,3400,-60,60,-84,15,28,4.0,0.0,0.0,27,0.0,0.0,0.0,0.0,0.0,0.0,0.0,1.0
310008,0,1,3400,-60,60,-80,15,28,4.0,0.0,0.0,27,0.0,0.0,0.0,0.0,0.0,0.0,0.0,1.0
310257,0,1,3400,-60,60,-80,15,27,4.0,0.0,0.0,27,0.0,0.0,0.0,0.0,0.0,0.0,0.0,1.0
310506,0,1,3400,-60,60,-76,15,27,4.0,0.0,0.0,27,0.0,0.0,0.0,0.0,0.0,0.0,0.0,1.0
310755,0,1,3400,-60,60,-83,15,27,4.0,0.0,0.0,27,0.0,0.0,0.0,0.0,0.0,0.0,0.0,1.0
311004,0,1,3400,-60,60,-81,15,27,4.0,0.0,0.0,27,0.0,0.0,0.0,0.0,0.0,0.0,0.0,1.0
311253,0,1,3400,-60,60,-77,15,27,4.0,0.0,0.0,27,0.0,0.0,0.0,0.0,0.0,0.0,0.0,1.0
311502,0,1,3400,-60,60,-75,15,27,4.0,0.0,0.0,27,0.0,0.0,0.0,0.0,0.0,0.0,0.0,1.0
311751,0,1,3400,-60,60,-79,15,27,4.0,0.0,0.0,27,0.0,0.0,0.0,0.0,0.0,0.0,0.0,1.0
312000,0,1,3400,-60,60,-79,15,27,4.0,0.0,0.0,27,0.0,0.0,0.0,0.0,0.0,0.0,0.0,1.0
312249,0,1,3400,-60,60,-83,15,28,4.0,0.0,0.0,27,0.0,0.0,0.0,0.0,0.0,0.0,0.0,1.0
312498,0,1,3400,-60,60,-83,15,28,4.0,0.0,0.0,27,0.0,0.0,0.0,0.0,0.0,0.0,0.0,1.0
312747,0,1,3400,-59,59,-80,15,28,4.0,0.0,0.0,27,0.0,0.0,0.0,0.0,0.0,0.0,0.0,1.0
312996,0,1,3400,-59,59,-81,15,28,4.0,0.0,0.0,27,0.0,0.0,0.0,0.0,0.0,0.0,0.0,1.0
313245,0,1,3400,-59,59,-81,15,28,4.0,0.0,0.0,27,0.0,0.0,0.0,0.0,0.0,0.0,0.0,1.0
313494,0,1,3400,-59,59,-81,15,28,4.0,0.0,0.0,27,0.0,0.0,0.0,0.0,0.0,0.0,0.0,1.0
313743,0,1,3400,-58,58,-85,15,28,4.0,0.0,0.0,27,0.0,0.0,0.0,0.0,0.0,0.0,0.0,1.0
313992,0,1,3400,-58,58,-79,15,28,4.0,0.0,0.0,27,0.0,0.0,0.0,0.0,0.0,0.0,0.0,1.0
314241,0,1,3400,-58,58,-79,15,28,4.0,0.0,0.0,27,0.0,0.0,0.0,0.0,0.0,0.0,0.0,1.0
314490,0,1,3400,-58,58,-83,15,28,4.0,0.0,0.0,27,0.0,0.0,0.0,0.0,0.0,0.0,0.0,1.0
314739,0,1,3400,-57,57,-80,15,28,4.0,0.0,0.0,27,0.0,0.0,0.0,0.0,0.0,0.0,0.0,1.0
314988,0,1,3400,-57,57,-77,15,29,4.0,0.0,0.0,27,0.0,0.0,0.0,0.0,0.0,0.0,0.0,1.0
315237,0,1,3400,-57,57,-76,15,29,4.0,0.0,0.0,27,0.0,0.0,0.0,0.0,0.0,0.0,0.0,1.0
315486,0,1,3400,-57,57,-78,15,29,4.0,0.0,0.0,27,0.0,0.0,0.0,0.0,0.0,0.0,0.0,1.0
315735,0,1,3400,-57,57,-76,15,30,4.0,0.0,0.0,27,0.0,0.0,0.0,0.0,0.0,0.0,0.0,1.0
315984,0,1,3400,-57,57,-77,15,30,4.0,0.0,0.0,27,0.0,0.0,0.0,0.0,0.0,0.0,0.0,1.0
316233,0,1,3400,-57,57,-75,15,29,4.0,0.0,0.0,27,0.0,0.0,0.0,0.0,0.0,0.0,0.0,1.0
316482,0,1,3400,-57,57,-83,15,29,4.0,0.0,0.0,27,0.0,0.0,0.0,0.0,0.0,0.0,0.0,1.0
316731,0,1,3400,-57,57,-76,15,29,4.0,0.0,0.0,27,0.0,0.0,0.0,0.0,0.0,0.0,0.0,1.0
316980,0,1,3400,-57,57,-78,15,29,4.0,0.0,0.0,27,0.0,0.0,0.0,0.0,0.0,0.0,0.0,1.0
317229,0,1,3400,-57,57,-84,15,29,4.0,0.0,0.0,27,0.0,0.0,0.0,0.0,0.0,0.0,0.0,1.0
317478,0,1,3400,-57,57,-77,15,29,3.9,0.0,0.0,27,0.0,0.0,0.0,0.0,0.0,0.0,0.0,1.0
317727,0,1,3400,-57,57,-75,15,28,3.9,0.0,0.0,27,0.0,0.0,0.0,0.0,0.0,0.0,0.0,1.0
317976,0,1,3400,-57,57,-80,15,28,4.0,0.0,0.0,27,0.0,0.0,0.0,0.0,0.0,0.0,0.0,1.0
318225,0,1,3400,-57,57,-82,15,29,4.0,0.0,0.0,27,0.0,0.0,0.0,0.0,0.0,0.0,0.0,1.0
318474,0,1,3400,-57,57,-80,15,29,4.0,0.0,0.0,27,0.0,0.0,0.0,0.0,0.0,0.0,0.0,1.0
318723,0,1,3400,-57,57,-78,15,29,4.0,0.0,0.0,27,0.0,0.0,0.0,0.0,0.0,0.0,0.0,1.0
318972,0,1,3400,-57,57,-85,15,29,4.0,0.0,0.0,27,0.0,0.0,0.0,0.0,0.0,0.0,0.0,1.0
319221,0,1,3400,-57,57,-86,15,30,4.0,0.0,0.0,27,0.0,0.0,0.0,0.0,0.0,0.0,0.0,1.0
319470,0,1,3400,-57,57,-75,15,29,4.0,0.0,0.0,27,0.0,0.0,0.0,0.0,0.0,0.0,0.0,1.0
319719,0,1,3400,-57,57,-75,15,30,4.0,0.0,0.0,27,0.0,0.0,0.0,0.0,0.0,0.0,0.0,1.0
319968,0,1,3400,-57,57,-83,15,29,4.0,0.0,0.0,27,0.0,0.0,0.0,0.0,0.0,0.0,0.0,1.0
320217,0,1,3400,-57,57,-80,15,29,4.0,0.0,0.0,27,0.0,0.0,0.0,0.0,0.0,0.0,0.0,1.0
320466,0,1,3400,-57,57,-79,15,29,4.0,0.0,0.0,27,0.0,0.0,0.0,0.0,0.0,0.0,0.0,1.0
320715,0,1,3400,-57,57,-77,15,29,4.0,0.0,0.0,27,0.0,0.0,0.0,0.0,0.0,0.0,0.0,1.0
320964,0,1,3400,-57,57,-76,15,28,4.0,0.0,0.0,27,0.0,0.0,0.0,0.0,0.0,0.0,0.0,1.0
321213,0,1,3400,-57,57,-80,15,29,4.0,0.0,0.0,27,0.0,0.0,0.0,0.0,0.0,0.0,0.0,1.0
321462,0,1,3400,-57,57,-86,15,29,4.0,0.0,0.0,27,0.0,0.0,0.0,0.0,0.0,0.0,0.0,1.0
321711,0,1,3400,-57,57,-85,15,29,4.0,0.0,0.0,27,0.0,0.0,0.0,0.0,0.0,0.0,0.0,1.0
321960,0,1,3400,-57,57,-83,15,29,4.0,0.0,0.0,27,0.0,0.0,0.0,0.0,0.0,0.0,0.0,1.0
322209,0,1,3400,-57,57,-77,15,30,4.0,0.0,0.0,27,0.0,0.0,0.0,0.0,0.0,0.0,0.0,1.0
322458,0,1,3400,-57,57,-80,15,30,4.0,0.0,0.0,27,0.0,0.0,0.0,0.0,0.0,0.0,0.0,1.0
322707,0,1,3400,-57,57,-75,15,29,4.0,0.0,0.0,27,0.0,0.0,0.0,0.0,0.0,0.0,0.0,1.0
322956,0,1,3400,-57,57,-77,15,29,3.9,0.0,0.0,27,0.0,0.0,0.0,0.0,0.0,0.0,0.0,1.0
323205,0,1,3400,-57,57,-80,15,29,4.0,0.0,0.0,27,0.0,0.0,0.0,0.0,0.0,0.0,0.0,1.0
323454,0,1,3400,-57,57,-76,15,29,4.0,0.0,0.0,27,0.0,0.0,0.0,0.0,0.0,0.0,0.0,1.0
323703,0,1,3400,-57,57,-77,15,29,4.0,0.0,0.0,27,0.0,0.0,0.0,0.0,0.0,0.0,0.0,1.0
323952,0,1,3400,-57,57,-76,15,29,3.9,0.0,0.0,27,0.0,0.0,0.0,0.0,0.0,0.0,0.0,1.0
324201,0,1,3400,-57,57,-80,15,28,4.0,0.0,0.0,27,0.0,0.0,0.0,0.0,0.0,0.0,0.0,1.0
324450,0,1,3400,-57,57,-77,15,29,4.0,0.0,0.0,27,0.0,0.0,0.0,0.0,0.0,0.0,0.0,1.0
324699,0,1,3400,-57,57,-82,15,29,4.0,0.0,0.0,27,0.0,0.0,0.0,0.0,0.0,0.0,0.0,1.0
324948,0,1,3400,-57,57,-85,15,29,4.0,0.0,0.0,27,0.0,0.0,0.0,0.0,0.0,0.0,0.0,1.0
325197,0,1,3400,-57,57,-85,14,29,3.9,0.0,0.0,27,0.0,0.0,0.0,0.0,0.0,0.0,0.0,1.0
325446,0,1,3400,-57,57,-79,15,30,4.0,0.0,0.0,27,0.0,0.0,0.0,0.0,0.0,0.0,0.0,1.0
325695,0,1,3400,-57,57,-82,15,30,4.0,0.0,0.0,27,0.0,0.0,0.0,0.0,0.0,0.0,0.0,1.0
325944,0,1,3400,-57,57,-84,15,29,4.0,0.0,0.0,27,0.0,0.0,0.0,0.0,0.0,0.0,0.0,1.0
326193,0,1,3400,-57,57,-81,15,29,4.0,0.0,0.0,27,0.0,0.0,0.0,0.0,0.0,0.0,0.0,1.0
326442,0,1,3400,-58,58,-75,15,29,4.0,0.0,0.0,27,0.0,0.0,0.0,0.0,0.0,0.0,0.0,1.0
326691,0,1,3400,-58,58,-79,15,29,4.0,0.0,0.0,27,0.0,0.0,0.0,0.0,0.0,0.0,0.0,1.0
326940,0,1,3400,-58,58,-79,15,29,4.0,0.0,0.0,27,0.0,0.0,0.0,0.0,0.0,0.0,0.0,1.0
327189,0,1,3400,-58,58,-82,15,28,4.0,0.0,0.0,27,0.0,0.0,0.0,0.0,0.0,0.0,0.0,1.0
327438,0,1,3400,-58,58,-78,15,28,3.9,0.0,0.0,27,0.0,0.0,0.0,0.0,0.0,0.0,0.0,1.0
327688,0,1,3400,-57,57,-78,15,28,4.0,0.0,0.0,27,0.0,0.0,0.0,0.0,0.0,0.0,0.0,1.0
327937,0,1,3400,-57,57,-81,15,29,4.0,0.0,0.0,27,0.0,0.0,0.0,0.0,0.0,0.0,0.0,1.0
328186,0,1,3400,-57,57,-81,15,29,4.0,0.0,0.0,27,0.0,0.0,0.0,0.0,0.0,0.0,0.0,1.0
328435,0,1,3400,-57,57,-76,15,29,4.0,0.0,0.0,27,0.0,0.0,0.0,0.0,0.0,0.0,0.0,1.0
328684,0,1,3400,-57,57,-73,15,30,3.9,0.0,0.0,27,0.0,0.0,0.0,0.0,0.0,0.0,0.0,1.0
328933,0,1,3400,-57,57,-77,15,30,4.0,0.0,0.0,27,0.0,0.0,0.0,0.0,0.0,0.0,0.0,1.0
329182,0,1,3400,-57,57,-83,15,29,4.0,0.0,0.0,27,0.0,0.0,0.0,0.0,0.0,0.0,0.0,1.0
329431,0,1,3400,-57,57,-82,15,30,4.0,0.0,0.0,27,0.0,0.0,0.0,0.0,0.0,0.0,0.0,1.0
329680,0,1,3400,-57,57,-81,15,29,4.0,0.0,0.0,27,0.0,0.0,0.0,0.0,0.0,0.0,0.0,1.0
329929,0,1,3400,-57,57,-81,15,29,4.0,0.0,0.0,27,0.0,0.0,0.0,0.0,0.0,0.0,0.0,1.0
330178,0,1,3400,-57,57,-83,15,29,4.0,0.0,0.0,27,0.0,0.0,0.0,0.0,0.0,0.0,0.0,1.0
330427,0,1,3400,-57,57,-76,15,29,4.0,0.0,0.0,27,0.0,0.0,0.0,0.0,0.0,0.0,0.0,1.0
330676,0,1,3400,-57,57,-78,15,28,4.0,0.0,0.0,27,0.0,0.0,0.0,0.0,0.0,0.0,0.0,1.0
330925,0,1,3400,-57,57,-82,15,28,4.0,0.0,0.0,27,0.0,0.0,0.0,0.0,0.0,0.0,0.0,1.0
331174,0,1,3400,-57,57,-80,15,29,4.0,0.0,0.0,27,0.0,0.0,0.0,0.0,0.0,0.0,0.0,1.0
331423,0,1,3400,-57,57,-78,15,29,4.0,0.0,0.0,27,0.0,0.0,0.0,0.0,0.0,0.0,0.0,1.0
331672,0,1,3400,-57,57,-79,15,29,4.0,0.0,0.0,27,0.0,0.0,0.0,0.0,0.0,0.0,0.0,1.0
331921,0,1,3400,-57,57,-78,15,30,4.0,0.0,0.0,27,0.0,0.0,0.0,0.0,0.0,0.0,0.0,1.0
332170,0,1,3400,-57,57,-73,15,29,4.0,0.0,0.0,27,0.0,0.0,0.0,0.0,0.0,0.0,0.0,1.0
332419,0,1,3400,-57,57,-79,15,30,3.9,0.0,0.0,27,0.0,0.0,0.0,0.0,0.0,0.0,0.0,1.0
332668,0,1,3400,-57,57,-81,15,30,4.0,0.0,0.0,27,0.0,0.0,0.0,0.0,0.0,0.0,0.0,1.0
332917,0,1,3400,-57,57,-75,15,29,4.0,0.0,0.0,27,0.0,0.0,0.0,0.0,0.0,0.0,0.0,1.0
333166,0,1,3400,-57,57,-80,15,29,4.0,0.0,0.0,27,0.0,0.0,0.0,0.0,0.0,0.0,0.0,1.0
333415,0,1,3400,-57,57,-83,15,29,4.0,0.0,0.0,27,0.0,0.0,0.0,0.0,0.0,0.0,0.0,1.0
333664,0,1,3400,-57,57,-81,15,29,4.0,0.0,0.0,27,0.0,0.0,0.0,0.0,0.0,0.0,0.0,1.0
333913,0,1,3400,-57,57,-80,15,29,3.9,0.0,0.0,27,0.0,0.0,0.0,0.0,0.0,0.0,0.0,1.0
334162,0,1,3400,-57,57,-78,15,28,4.0,0.0,0.0,27,0.0,0.0,0.0,0.0,0.0,0.0,0.0,1.0
334411,0,1,3400,-57,57,-75,15,29,3.9,0.0,0.0,27,0.0,0.0,0.0,0.0,0.0,0.0,0.0,1.0
334660,0,1,3400,-57,57,-82,15,29,4.0,0.0,0.0,27,0.0,0.0,0.0,0.0,0.0,0.0,0.0,1.0
334909,0,1,3400,-57,57,-79,15,29,4.0,0.0,0.0,27,0.0,0.0,0.0,0.0,0.0,0.0,0.0,1.0
335158,0,1,3400,-57,57,-79,15,30,4.0,0.0,0.0,27,0.0,0.0,0.0,0.0,0.0,0.0,0.0,1.0
335407,0,1,3400,-57,57,-79,15,29,4.0,0.0,0.0,27,0.0,0.0,0.0,0.0,0.0,0.0,0.0,1.0
335656,0,1,3400,-57,57,-76,15,30,4.0,0.0,0.0,27,0.0,0.0,0.0,0.0,0.0,0.0,0.0,1.0
335905,0,1,3400,-57,57,-79,15,30,4.0,0.0,0.0,27,0.0,0.0,0.0,0.0,0.0,0.0,0.0,1.0
336154,0,1,3400,-57,57,-80,15,29,4.0,0.0,0.0,27,0.0,0.0,0.0,0.0,0.0,0.0,0.0,1.0
336403,0,1,3400,-57,57,-78,15,29,4.0,0.0,0.0,27,0.0,0.0,0.0,0.0,0.0,0.0,0.0,1.0
336652,0,1,3400,-57,57,-80,15,29,4.0,0.0,0.0,27,0.0,0.0,0.0,0.0,0.0,0.0,0.0,1.0
336901,0,1,3400,-57,57,-82,15,29,4.0,0.0,0.0,27,0.0,0.0,0.0,0.0,0.0,0.0,0.0,1.0
337150,0,1,3400,-57,57,-77,15,28,4.0,0.0,0.0,27,0.0,0.0,0.0,0.0,0.0,0.0,0.0,1.0
337399,0,1,3400,-58,58,-74,15,28,4.0,0.0,0.0,27,0.0,0.0,0.0,0.0,0.0,0.0,0.0,1.0
337648,0,1,3400,-58,58,-75,15,28,4.0,0.0,0.0,27,0.0,0.0,0.0,0.0,0.0,0.0,0.0,1.0
337897,0,1,3400,-58,58,-76,15,28,4.0,0.0,0.0,27,0.0,0.0,0.0,0.0,0.0,0.0,0.0,1.0
338146,0,1,3400,-58,58,-76,15,29,4.0,0.0,0.0,27,0.0,0.0,0.0,0.0,0.0,0.0,0.0,1.0
338395,0,1,3400,-58,58,-79,15,29,4.0,0.0,0.0,27,0.0,0.0,0.0,0.0,0.0,0.0,0.0,1.0
338644,0,1,3400,-58,58,-77,15,29,4.0,0.0,0.0,27,0.0,0.0,0.0,0.0,0.0,0.0,0.0,1.0
338893,0,1,3400,-58,58,-73,15,29,4.0,0.0,0.0,27,0.0,0.0,0.0,0.0,0.0,0.0,0.0,1.0
339142,0,1,3400,-58,58,-77,15,28,4.0,0.0,0.0,27,0.0,0.0,0.0,0.0,0.0,0.0,0.0,1.0
339391,0,1,3400,-59,59,-78,15,28,4.0,0.0,0.0,27,0.0,0.0,0.0,0.0,0.0,0.0,0.0,1.0
339640,0,1,3400,-59,59,-77,15,28,4.0,0.0,0.0,27,0.0,0.0,0.0,0.0,0.0,0.0,0.0,1.0
339889,0,1,3400,-59,59,-72,15,28,4.0,0.0,0.0,27,0.0,0.0,0.0,0.0,0.0,0.0,0.0,1.0
340138,0,1,3400,-59,59,-73,15,28,4.0,0.0,0.0,27,0.0,0.0,0.0,0.0,0.0,0.0,0.0,1.0
340387,0,1,3400,-59,59,-78,15,28,4.0,0.0,0.0,27,0.0,0.0,0.0,0.0,0.0,0.0,0.0,1.0
340636,0,1,3400,-59,59,-74,15,27,4.0,0.0,0.0,27,0.0,0.0,0.0,0.0,0.0,0.0,0.0,1.0
340885,0,1,3400,-59,59,-77,15,27,4.0,0.0,0.0,27,0.0,0.0,0.0,0.0,0.0,0.0,0.0,1.0
341134,0,1,3400,-59,59,-83,15,27,4.0,0.0,0.0,27,0.0,0.0,0.0,0.0,0.0,0.0,0.0,1.0
341383,0,1,3400,-60,60,-81,15,27,4.0,0.0,0.0,27,0.0,0.0,0.0,0.0,0.0,0.0,0.0,1.0
341632,0,1,3400,-60,60,-78,15,27,4.0,0.0,0.0,27,0.0,0.0,0.0,0.0,0.0,0.0,0.0,1.0
341881,0,1,3400,-60,60,-83,15,28,4.0,0.0,0.0,27,0.0,0.0,0.0,0.0,0.0,0.0,0.0,1.0
342130,0,1,3400,-60,60,-81,15,28,4.0,0.0,0.0,27,0.0,0.0,0.0,0.0,0.0,0.0,0.0,1.0
342379,0,1,3400,-60,60,-75,15,28,4.0,0.0,0.0,27,0.0,0.0,0.0,0.0,0.0,0.0,0.0,1.0
342628,0,1,3400,-59,59,-78,15,28,4.0,0.0,0.0,27,0.0,0.0,0.0,0.0,0.0,0.0,0.0,1.0
342877,0,1,3400,-59,59,-76,15,28,4.0,0.0,0.0,27,0.0,0.0,0.0,0.0,0.0,0.0,0.0,1.0
343126,0,1,3400,-59,59,-77,15,28,3.9,0.0,0.0,27,0.0,0.0,0.0,0.0,0.0,0.0,0.0,1.0
343375,0,1,3400,-59,59,-80,15,28,4.0,0.0,0.0,27,0.0,0.0,0.0,0.0,0.0,0.0,0.0,1.0
343624,0,1,3400,-59,59,-80,15,28,4.0,0.0,0.0,27,0.0,0.0,0.0,0.0,0.0,0.0,0.0,1.0
343873,0,1,3400,-59,59,-82,15,27,4.0,0.0,0.0,27,0.0,0.0,0.0,0.0,0.0,0.0,0.0,1.0
344122,0,1,3400,-59,59,-79,15,27,4.0,0.0,0.0,27,0.0,0.0,0.0,0.0,0.0,0.0,0.0,1.0
344371,0,1,3400,-59,59,-75,15,27,4.0,0.0,0.0,27,0.0,0.0,0.0,0.0,0.0,0.0,0.0,1.0
344620,0,1,3400,-59,59,-76,15,28,4.0,0.0,0.0,27,0.0,0.0,0.0,0.0,0.0,0.0,0.0,1.0
344869,0,1,3400,-59,59,-80,15,28,4.0,0.0,0.0,27,0.0,0.0,0.0,0.0,0.0,0.0,0.0,1.0
345118,0,1,3400,-59,59,-78,15,28,4.0,0.0,0.0,27,0.0,0.0,0.0,0.0,0.0,0.0,0.0,1.0
345367,0,1,3400,-59,59,-77,15,28,4.0,0.0,0.0,27,0.0,0.0,0.0,0.0,0.0,0.0,0.0,1.0
345616,0,1,3400,-59,59,-76,15,28,4.0,0.0,0.0,27,0.0,0.0,0.0,0.0,0.0,0.0,0.0,1.0
345865,0,1,3400,-59,59,-78,15,28,4.0,0.0,0.0,27,0.0,0.0,0.0,0.0,0.0,0.0,0.0,1.0
346114,0,1,3400,-59,59,-78,15,28,4.0,0.0,0.0,27,3.7,0.0,2784.000000,0,0.0,0.0,0.0,1.0
346363,0,1,3400,-60,60,-83,15,27,4.0,0.0,0.0,27,9.0,0.0,2784.000000,0,0.0,0.0,0.0,1.0
346612,0,1,3400,-60,60,-84,15,27,4.0,0.0,0.0,27,9.0,0.0,0.0,0.0,0.0,0.0,0.0,1.0
346861,0,1,3400,-60,60,-79,15,27,4.0,0.0,0.0,27,9.0,0.0,0.0,0.0,0.0,0.0,0.0,1.0
347110,0,1,3400,-60,60,-75,15,27,4.0,0.0,0.0,27,9.0,0.0,0.0,0.0,0.0,0.0,0.0,1.0
347359,0,1,3400,-60,60,-80,15,27,4.0,0.0,0.0,27,9.0,0.0,0.0,0.0,0.0,0.0,0.0,1.0
347608,0,1,3400,-59,59,-83,15,27,4.0,0.0,0.0,27,9.0,0.0,0.0,0.0,0.0,0.0,0.0,1.0
347857,0,1,3400,-59,59,-78,15,27,4.0,0.0,0.0,27,9.0,0.0,0.0,0.0,0.0,0.0,0.0,1.0
348106,0,1,3400,-59,59,-78,15,28,4.0,0.0,0.0,27,9.0,0.0,0.0,0.0,0.0,0.0,0.0,1.0
348355,0,1,3400,-59,59,-79,15,28,4.0,0.0,0.0,27,8.9,0.0,0.0,0.0,0.0,0.0,0.0,1.0
348604,0,1,3400,-59,59,-78,15,28,4.0,0.0,0.0,27,9.0,0.0,0.0,0.0,0.0,0.0,0.0,1.0
348853,0,1,3400,-59,59,-73,15,28,4.0,0.0,0.0,27,8.9,0.0,0.0,0.0,0.0,0.0,0.0,1.0
349102,0,1,3400,-59,59,-74,15,28,4.0,0.0,0.0,27,9.0,0.0,0.0,0.0,0.0,0.0,0.0,1.0
349351,0,1,3400,-59,59,-79,15,28,4.0,0.0,0.0,27,9.0,0.0,0.0,0.0,0.0,0.0,0.0,1.0
349600,0,1,3400,-59,59,-78,15,28,4.0,0.0,0.0,27,9.0,0.0,0.0,0.0,0.0,0.0,0.0,1.0
349849,0,1,3400,-59,59,-76,15,28,4.0,0.0,0.0,27,9.0,0.0,0.0,0.0,0.0,0.0,0.0,1.0
350098,0,1,3400,-59,59,-77,15,27,4.0,0.0,0.0,27,9.0,0.0,0.0,0.0,0.0,0.0,0.0,1.0
350347,0,1,3400,-60,60,-79,15,27,4.0,0.0,0.0,27,9.0,0.0,0.0,0.0,0.0,0.0,0.0,1.0
350596,0,1,3400,-60,60,-76,15,27,4.0,0.0,0.0,27,9.0,0.0,0.0,0.0,0.0,0.0,0.0,1.0
350845,0,1,3400,-60,60,-74,15,27,4.0,0.0,0.0,27,9.0,0.0,0.0,0.0,0.0,0.0,0.0,1.0
351094,0,1,3400,-60,60,-78,15,27,4.0,0.0,0.0,27,9.0,0.0,0.0,0.0,0.0,0.0,0.0,1.0
351343,0,1,3400,-60,60,-79,15,27,4.0,0.0,0.0,27,9.0,0.0,0.0,0.0,0.0,0.0,0.0,1.0
351592,0,1,3400,-60,60,-82,15,28,4.0,0.0,0.0,27,9.0,0.0,0.0,0.0,0.0,0.0,0.0,1.0
351841,0,1,3400,-60,60,-77,15,28,4.0,0.0,0.0,27,9.0,0.0,0.0,0.0,0.0,0.0,0.0,1.0
352090,0,1,3400,-60,60,-73,15,28,4.0,0.0,0.0,27,9.0,0.0,0.0,0.0,0.0,0.0,0.0,1.0
352339,0,1,3400,-60,60,-75,15,28,4.0,0.0,0.0,27,9.0,0.0,0.0,0.0,0.0,0.0,0.0,1.0
352588,0,1,3400,-59,59,-76,15,28,4.0,0.0,0.0,27,9.0,0.0,0.0,0.0,0.0,0.0,0.0,1.0
352837,0,1,3400,-59,59,-71,15,28,4.0,0.0,0.0,27,9.0,0.0,0.0,0.0,0.0,0.0,0.0,1.0
353086,0,1,3400,-59,59,-77,15,28,4.0,0.0,0.0,27,9.0,0.0,0.0,0.0,0.0,0.0,0.0,1.0
353335,0,1,3400,-59,59,-84,15,28,4.0,0.0,0.0,27,9.0,0.0,0.0,0.0,0.0,0.0,0.0,1.0
353584,0,1,3400,-59,59,-76,15,28,4.0,0.0,0.0,27,9.0,0.0,0.0,0.0,0.0,0.0,0.0,1.0
353833,0,1,3400,-59,59,-77,15,28,4.0,0.0,0.0,27,9.0,0.0,0.0,0.0,0.0,0.0,0.0,1.0
354082,0,1,3400,-59,59,-79,15,28,4.0,0.0,0.0,27,9.0,0.0,0.0,0.0,0.0,0.0,0.0,1.0
354331,0,1,3400,-59,59,-81,15,28,4.0,0.0,0.0,27,9.0,0.0,0.0,0.0,0.0,0.0,0.0,1.0
354580,0,1,3400,-59,59,-81,15,28,4.0,0.0,0.0,27,9.0,0.0,0.0,0.0,0.0,0.0,0.0,1.0
354829,0,1,3400,-59,59,-78,15,28,4.0,0.0,0.0,27,8.9,0.0,0.0,0.0,0.0,0.0,0.0,1.0
355078,0,1,3400,-59,59,-71,15,29,4.0,0.0,0.0,27,9.0,0.0,0.0,0.0,0.0,0.0,0.0,1.0
355327,0,1,3400,-59,59,-76,15,29,4.0,0.0,0.0,27,9.0,0.0,0.0,0.0,0.0,0.0,0.0,1.0
355576,0,1,3400,-58,58,-80,15,29,4.0,0.0,0.0,27,9.0,0.0,0.0,0.0,0.0,0.0,0.0,1.0
355825,0,1,3400,-58,58,-83,15,29,4.0,0.0,0.0,27,9.0,0.0,0.0,0.0,0.0,0.0,0.0,1.0
356074,0,1,3400,-58,58,-80,15,29,4.0,0.0,0.0,27,9.0,0.0,0.0,0.0,0.0,0.0,0.0,1.0
356323,0,1,3400,-58,58,-80,15,29,4.0,0.0,0.0,27,9.0,0.0,0.0,0.0,0.0,0.0,0.0,1.0
356572,0,1,3400,-58,58,-79,15,29,4.0,0.0,0.0,27,9.0,0.0,0.0,0.0,0.0,0.0,0.0,1.0
356821,0,1,3400,-58,58,-76,15,29,4.0,0.0,0.0,27,9.0,0.0,0.0,0.0,0.0,0.0,0.0,1.0
357070,0,1,3400,-58,58,-73,15,29,4.0,0.0,0.0,27,9.0,0.0,0.0,0.0,0.0,0.0,0.0,1.0
357319,0,1,3400,-58,58,-76,15,29,4.0,0.0,0.0,27,9.0,0.0,0.0,0.0,0.0,0.0,0.0,1.0
357568,0,1,3400,-58,58,-77,15,29,4.0,0.0,0.0,27,9.0,0.0,0.0,0.0,0.0,0.0,0.0,1.0
357817,0,1,3400,-58,58,-80,15,29,4.0,0.0,0.0,27,9.0,0.0,0.0,0.0,0.0,0.0,0.0,1.0
358066,0,1,3400,-58,58,-78,15,29,4.0,0.0,0.0,27,9.0,0.0,0.0,0.0,0.0,0.0,0.0,1.0
358315,0,1,3400,-58,58,-81,15,29,4.0,0.0,0.0,27,9.0,0.0,0.0,0.0,0.0,0.0,0.0,1.0
358564,0,1,3400,-57,57,-76,15,29,4.0,0.0,0.0,27,9.0,0.0,0.0,0.0,0.0,0.0,0.0,1.0
358813,0,1,3400,-57,57,-77,15,30,4.0,0.0,0.0,27,9.0,0.0,0.0,0.0,0.0,0.0,0.0,1.0
359062,0,1,3400,-57,57,-79,15,30,4.0,0.0,0.0,27,9.0,0.0,0.0,0.0,0.0,0.0,0.0,1.0
359311,0,1,3400,-57,57,-74,15,30,4.0,0.0,0.0,27,9.0,0.0,0.0,0.0,0.0,0.0,0.0,1.0
359560,0,1,3400,-57,57,-77,15,30,4.0,0.0,0.0,27,9.0,0.0,0.0,0.0,0.0,0.0,0.0,1.0
359809,0,1,3400,-57,57,-81,15,30,4.0,0.0,0.0,27,9.0,0.0,0.0,0.0,0.0,0.0,0.0,1.0
360058,0,1,3400,-57,57,-81,15,30,4.0,0.0,0.0,27,9.0,0.0,0.0,0.0,0.0,0.0,0.0,1.0
360307,0,1,3400,-57,57,-75,15,29,4.0,0.0,0.0,27,9.0,0.0,0.0,0.0,0.0,0.0,0.0,1.0
360556,0,1,3400,-57,57,-81,15,29,4.0,0.0,0.0,27,9.0,0.0,0.0,0.0,0.0,0.0,0.0,1.0
360805,0,1,3400,-57,57,-84,15,29,4.0,0.0,0.0,27,9.0,0.0,0.0,0.0,0.0,0.0,0.0,1.0
361054,0,1,3400,-57,57,-80,15,30,4.0,0.0,0.0,27,9.0,0.0,0.0,0.0,0.0,0.0,0.0,1.0
361303,0,1,3400,-57,57,-77,15,30,4.0,0.0,0.0,27,9.0,0.0,0.0,0.0,0.0,0.0,0.0,1.0
361552,0,1,3400,-57,57,-81,15,30,4.0,0.0,0.0,27,9.0,0.0,0.0,0.0,0.0,0.0,0.0,1.0
361801,0,1,3400,-57,57,-77,15,30,4.0,0.0,0.0,27,9.0,0.0,0.0,0.0,0.0,0.0,0.0,1.0
362050,0,1,3400,-57,57,-77,15,29,4.0,0.0,0.0,27,9.0,0.0,0.0,0.0,0.0,0.0,0.0,1.0
362299,0,1,3400,-58,58,-80,15,29,4.0,0.0,0.0,27,9.0,0.0,0.0,0.0,0.0,0.0,0.0,1.0
362548,0,1,3400,-57,57,-79,15,29,4.0,0.0,0.0,27,9.0,0.0,0.0,0.0,0.0,0.0,0.0,1.0
362797,0,1,3400,-57,57,-77,15,30,4.0,0.0,0.0,27,9.0,0.0,0.0,0.0,0.0,0.0,0.0,1.0
363046,0,1,3400,-57,57,-79,15,30,4.0,0.0,0.0,27,8.9,0.0,0.0,0.0,0.0,0.0,0.0,1.0
363295,0,1,3400,-57,57,-79,15,30,4.0,0.0,0.0,27,9.0,0.0,0.0,0.0,0.0,0.0,0.0,1.0
363544,0,1,3400,-57,57,-76,15,29,4.0,0.0,0.0,27,9.0,0.0,0.0,0.0,0.0,0.0,0.0,1.0
363793,0,1,3400,-57,57,-73,15,29,4.0,0.0,0.0,27,9.0,0.0,0.0,0.0,0.0,0.0,0.0,1.0
364042,0,1,3400,-57,57,-73,15,29,4.0,0.0,0.0,27,9.0,0.0,0.0,0.0,0.0,0.0,0.0,1.0
364291,0,1,3400,-58,58,-74,15,29,4.0,0.0,0.0,27,9.0,0.0,0.0,0.0,0.0,0.0,0.0,1.0
364540,0,1,3400,-58,58,-79,15,29,4.0,0.0,0.0,27,9.0,0.0,0.0,0.0,0.0,0.0,0.0,1.0
364789,0,1,3400,-58,58,-81,15,29,4.0,0.0,0.0,27,9.0,0.0,0.0,0.0,0.0,0.0,0.0,1.0
365038,0,1,3400,-58,58,-73,15,29,4.0,0.0,0.0,27,9.0,0.0,0.0,0.0,0.0,0.0,0.0,1.0
365287,0,1,3400,-58,58,-76,15,29,4.0,0.0,0.0,27,9.0,0.0,0.0,0.0,0.0,0.0,0.0,1.0
365536,0,1,3400,-58,58,-76,15,29,4.0,0.0,0.0,27,9.0,0.0,0.0,0.0,0.0,0.0,0.0,1.0
365785,0,1,3400,-58,58,-78,15,29,4.0,0.0,0.0,27,9.0,0.0,0.0,0.0,0.0,0.0,0.0,1.0
366034,0,1,3400,-58,58,-76,15,29,4.0,0.0,0.0,27,9.0,0.0,0.0,0.0,0.0,0.0,0.0,1.0
366283,0,1,3400,-59,59,-75,15,29,4.0,0.0,0.0,27,9.0,0.0,0.0,0.0,0.0,0.0,0.0,1.0
366532,0,1,3400,-59,59,-75,15,28,4.0,0.0,0.0,27,9.0,0.0,0.0,0.0,0.0,0.0,0.0,1.0
366781,0,1,3400,-59,59,-80,15,28,4.0,0.0,0.0,27,9.0,0.0,0.0,0.0,0.0,0.0,0.0,1.0
367030,0,1,3400,-59,59,-77,15,28,4.0,0.0,0.0,27,9.0,0.0,0.0,0.0,0.0,0.0,0.0,1.0
367279,0,1,3400,-60,60,-80,15,27,4.0,0.0,0.0,27,9.0,0.0,0.0,0.0,0.0,0.0,0.0,1.0
367528,0,1,3400,-60,60,-77,15,27,4.0,0.0,0.0,27,9.0,0.0,0.0,0.0,0.0,0.0,0.0,1.0
367777,0,1,3400,-60,60,-76,15,27,4.0,0.0,0.0,27,9.0,0.0,0.0,0.0,0.0,0.0,0.0,1.0
368026,0,1,3400,-60,60,-75,15,27,4.0,0.0,0.0,27,9.0,0.0,0.0,0.0,0.0,0.0,0.0,1.0
368275,0,1,3400,-61,61,-79,15,27,4.0,0.0,0.0,27,9.0,0.0,0.0,0.0,0.0,0.0,0.0,1.0
368524,0,1,3400,-61,61,-79,15,27,4.0,0.0,0.0,27,9.0,0.0,0.0,0.0,0.0,0.0,0.0,1.0
368773,0,1,3400,-61,61,-78,15,27,4.0,0.0,0.0,27,9.0,0.0,0.0,0.0,0.0,0.0,0.0,1.0
369022,0,1,3400,-61,61,-74,15,27,4.0,0.0,0.0,27,9.0,0.0,0.0,0.0,0.0,0.0,0.0,1.0
369271,0,1,3400,-61,61,-77,15,27,4.0,0.0,0.0,27,8.9,0.0,0.0,0.0,0.0,0.0,0.0,1.0
369520,0,1,3400,-61,61,-76,15,27,4.0,0.0,0.0,27,9.0,0.0,0.0,0.0,0.0,0.0,0.0,1.0
369769,0,1,3400,-61,61,-79,15,27,4.0,0.0,0.0,27,9.0,0.0,0.0,0.0,0.0,0.0,0.0,1.0
370018,0,1,3400,-61,61,-78,15,27,4.0,0.0,0.0,27,9.0,0.0,0.0,0.0,0.0,0.0,0.0,1.0
370267,0,1,3400,-62,62,-77,15,26,4.0,0.0,0.0,27,9.0,0.0,0.0,0.0,0.0,0.0,0.0,1.0
370516,0,1,3400,-62,62,-78,15,26,4.0,0.0,0.0,27,9.0,0.0,0.0,0.0,0.0,0.0,0.0,1.0
370765,0,1,3400,-62,62,-73,15,26,4.0,0.0,0.0,27,9.0,0.0,0.0,0.0,0.0,0.0,0.0,1.0
371014,0,1,3400,-62,62,-74,15,26,4.0,0.0,0.0,27,9.0,0.0,0.0,0.0,0.0,0.0,0.0,1.0
371263,0,1,3400,-62,62,-76,15,26,4.0,0.0,0.0,27,9.0,0.0,0.0,0.0,0.0,0.0,0.0,1.0
371512,0,1,3400,-62,62,-77,15,26,4.0,0.0,0.0,27,9.0,0.0,0.0,0.0,0.0,0.0,0.0,1.0
371761,0,1,3400,-62,62,-78,15,26,4.0,0.0,0.0,27,9.0,0.0,0.0,0.0,0.0,0.0,0.0,1.0
372010,0,1,3400,-62,62,-76,15,26,4.0,0.0,0.0,27,9.0,0.0,0.0,0.0,0.0,0.0,0.0,1.0
372259,0,1,3400,-62,62,-74,15,26,4.0,0.0,0.0,27,9.0,0.0,0.0,0.0,0.0,0.0,0.0,1.0
372508,0,1,3400,-62,62,-75,15,26,4.0,0.0,0.0,27,9.0,0.0,0.0,0.0,0.0,0.0,0.0,1.0
372757,0,1,3400,-62,62,-78,15,26,4.0,0.0,0.0,27,9.0,0.0,0.0,0.0,0.0,0.0,0.0,1.0
373006,0,1,3400,-62,62,-78,15,26,4.0,0.0,0.0,27,9.0,0.0,0.0,0.0,0.0,0.0,0.0,1.0
373255,0,1,3400,-62,62,-80,15,27,4.0,0.0,0.0,27,9.0,0.0,0.0,0.0,0.0,0.0,0.0,1.0
373504,0,1,3400,-62,62,-75,15,26,4.0,0.0,0.0,27,9.0,0.0,0.0,0.0,0.0,0.0,0.0,1.0
373753,0,1,3400,-62,62,-73,15,26,4.0,0.0,0.0,27,9.0,0.0,0.0,0.0,0.0,0.0,0.0,1.0
374002,0,1,3400,-62,62,-72,15,26,4.0,0.0,0.0,27,9.0,0.0,0.0,0.0,0.0,0.0,0.0,1.0
374251,0,1,3400,-62,62,-77,15,26,4.0,0.0,0.0,27,9.0,0.0,0.0,0.0,0.0,0.0,0.0,1.0
374500,0,1,3400,-62,62,-80,15,26,4.0,0.0,0.0,27,9.0,0.0,0.0,0.0,0.0,0.0,0.0,1.0
374749,0,1,3400,-62,62,-80,15,26,4.0,0.0,0.0,27,9.0,0.0,0.0,0.0,0.0,0.0,0.0,1.0
374998,0,1,3400,-62,62,-72,15,26,4.0,0.0,0.0,27,9.0,0.0,0.0,0.0,0.0,0.0,0.0,1.0
375247,0,1,3400,-62,62,-76,15,26,4.0,0.0,0.0,27,9.0,0.0,0.0,0.0,0.0,0.0,0.0,1.0
375496,0,1,3400,-62,62,-79,15,26,4.0,0.0,0.0,27,9.0,0.0,0.0,0.0,0.0,0.0,0.0,1.0
375745,0,1,3400,-62,62,-80,15,26,4.0,0.0,0.0,27,9.0,0.0,0.0,0.0,0.0,0.0,0.0,1.0
375994,0,1,3400,-62,62,-75,15,26,4.0,0.0,0.0,27,9.0,0.0,0.0,0.0,0.0,0.0,0.0,1.0
376243,0,1,3400,-62,62,-75,15,26,4.0,0.0,0.0,27,9.0,0.0,0.0,0.0,0.0,0.0,0.0,1.0
376492,0,1,3400,-62,62,-76,15,26,4.0,0.0,0.0,27,9.0,0.0,0.0,0.0,0.0,0.0,0.0,1.0
376741,0,1,3400,-62,62,-71,15,26,4.0,0.0,0.0,27,9.0,0.0,0.0,0.0,0.0,0.0,0.0,1.0
376990,0,1,3400,-62,62,-71,15,26,4.0,0.0,0.0,27,9.0,0.0,0.0,0.0,0.0,0.0,0.0,1.0
377239,0,1,3400,-63,63,-73,15,25,4.0,0.0,0.0,27,9.0,0.0,0.0,0.0,0.0,0.0,0.0,1.0
377488,0,1,3400,-62,62,-74,15,25,4.0,0.0,0.0,27,9.0,0.0,0.0,0.0,0.0,0.0,0.0,1.0
377737,0,1,3400,-62,62,-73,15,26,4.0,0.0,0.0,27,8.9,0.0,0.0,0.0,0.0,0.0,0.0,1.0
377986,0,1,3400,-62,62,-75,15,26,4.0,0.0,0.0,27,9.0,0.0,0.0,0.0,0.0,0.0,0.0,1.0
378235,0,1,3400,-62,62,-79,15,26,4.0,0.0,0.0,27,9.0,0.0,0.0,0.0,0.0,0.0,0.0,1.0
378484,0,1,3400,-61,61,-77,15,27,4.0,0.0,0.0,27,9.0,0.0,0.0,0.0,0.0,0.0,0.0,1.0
378733,0,1,3400,-61,61,-77,15,27,4.0,0.0,0.0,27,9.0,0.0,0.0,0.0,0.0,0.0,0.0,1.0
378982,0,1,3400,-61,61,-81,15,27,4.0,0.0,0.0,27,9.0,0.0,0.0,0.0,0.0,0.0,0.0,1.0
379231,0,1,3400,-61,61,-79,15,27,4.0,0.0,0.0,27,9.0,0.0,0.0,0.0,0.0,0.0,0.0,1.0
379480,0,1,3400,-61,61,-74,15,27,4.0,0.0,0.0,27,9.0,0.0,0.0,0.0,0.0,0.0,0.0,1.0
379729,0,1,3400,-61,61,-73,15,27,4.0,0.0,0.0,27,9.0,0.0,0.0,0.0,0.0,0.0,0.0,1.0
379978,0,1,3400,-61,61,-76,15,27,4.0,0.0,0.0,27,9.0,0.0,0.0,0.0,0.0,0.0,0.0,1.0
380227,0,1,3400,-61,61,-74,15,27,4.0,0.0,0.0,27,8.9,0.0,0.0,0.0,0.0,0.0,0.0,1.0
380476,0,1,3400,-61,61,-71,15,27,4.0,0.0,0.0,27,9.0,0.0,0.0,0.0,0.0,0.0,0.0,1.0
380725,0,1,3400,-61,61,-73,15,27,4.0,0.0,0.0,27,9.0,0.0,0.0,0.0,0.0,0.0,0.0,1.0
380974,0,1,3400,-61,61,-70,15,27,4.0,0.0,0.0,27,9.0,0.0,0.0,0.0,0.0,0.0,0.0,1.0
381223,0,1,3400,-61,61,-80,15,27,4.0,0.0,0.0,27,9.0,0.0,0.0,0.0,0.0,0.0,0.0,1.0
381472,0,1,3400,-61,61,-76,15,27,4.0,0.0,0.0,27,9.0,0.0,0.0,0.0,0.0,0.0,0.0,1.0
381721,0,1,3400,-61,61,-75,15,27,4.0,0.0,0.0,27,9.0,0.0,0.0,0.0,0.0,0.0,0.0,1.0
381970,0,1,3400,-61,61,-80,15,27,4.0,0.0,0.0,27,9.0,0.0,0.0,0.0,0.0,0.0,0.0,1.0
382219,0,1,3400,-62,62,-78,15,27,4.0,0.0,0.0,27,9.0,0.0,0.0,0.0,0.0,0.0,0.0,1.0
382468,0,1,3400,-61,61,-74,15,27,4.0,0.0,0.0,27,9.0,0.0,0.0,0.0,0.0,0.0,0.0,1.0
382717,0,1,3400,-61,61,-76,15,27,4.0,0.0,0.0,27,9.0,0.0,0.0,0.0,0.0,0.0,0.0,1.0
382966,0,1,3400,-61,61,-75,15,27,4.0,0.0,0.0,27,9.0,0.0,0.0,0.0,0.0,0.0,0.0,1.0
383215,0,1,3400,-61,61,-79,15,27,4.0,0.0,0.0,27,9.0,0.0,0.0,0.0,0.0,0.0,0.0,1.0
383464,0,1,3400,-61,61,-71,15,27,4.0,0.0,0.0,27,9.0,0.0,0.0,0.0,0.0,0.0,0.0,1.0
383713,0,1,3400,-61,61,-67,15,27,4.0,0.0,0.0,27,9.0,0.0,0.0,0.0,0.0,0.0,0.0,1.0
383962,0,1,3400,-61,61,-70,15,27,4.0,0.0,0.0,27,9.0,0.0,0.0,0.0,0.0,0.0,0.0,1.0
384211,0,1,3400,-61,61,-77,15,27,4.0,0.0,0.0,27,9.0,0.0,0.0,0.0,0.0,0.0,0.0,1.0
384460,0,1,3400,-60,60,-76,15,27,4.0,0.0,0.0,27,9.0,0.0,0.0,0.0,0.0,0.0,0.0,1.0
384709,0,1,3400,-60,60,-77,15,27,4.0,0.0,0.0,27,9.0,0.0,0.0,0.0,0.0,0.0,0.0,1.0
384958,0,1,3400,-60,60,-74,15,27,4.0,0.0,0.0,27,9.0,0.0,0.0,0.0,0.0,0.0,0.0,1.0
385207,0,1,3400,-60,60,-76,15,28,4.0,0.0,0.0,27,9.0,0.0,0.0,0.0,0.0,0.0,0.0,1.0
385456,0,1,3400,-60,60,-77,15,28,4.0,0.0,0.0,27,9.0,0.0,0.0,0.0,0.0,0.0,0.0,1.0
385705,0,1,3400,-60,60,-73,15,28,4.0,0.0,0.0,27,9.0,0.0,0.0,0.0,0.0,0.0,0.0,1.0
385954,0,1,3400,-60,60,-74,15,28,4.0,0.0,0.0,27,9.0,0.0,0.0,0.0,0.0,0.0,0.0,1.0
386203,0,1,3400,-60,60,-77,15,28,4.0,0.0,0.0,27,9.0,0.0,0.0,0.0,0.0,0.0,0.0,1.0
386452,0,1,3400,-60,60,-75,15,28,4.0,0.0,0.0,27,9.0,0.0,0.0,0.0,0.0,0.0,0.0,1.0
386701,0,1,3400,-60,60,-78,15,27,4.0,0.0,0.0,27,9.0,0.0,0.0,0.0,0.0,0.0,0.0,1.0
386950,0,1,3400,-60,60,-78,15,27,4.0,0.0,0.0,27,9.0,0.0,0.0,0.0,0.0,0.0,0.0,1.0
387199,0,1,3400,-61,61,-76,15,27,4.0,0.0,0.0,27,9.0,0.0,0.0,0.0,0.0,0.0,0.0,1.0
387448,0,1,3400,-61,61,-77,15,27,4.0,0.0,0.0,27,9.0,0.0,0.0,0.0,0.0,0.0,0.0,1.0
387697,0,1,3400,-61,61,-75,15,27,4.0,0.0,0.0,27,9.0,0.0,0.0,0.0,0.0,0.0,0.0,1.0
387946,0,1,3400,-61,61,-74,15,27,4.0,0.0,0.0,27,9.0,0.0,0.0,0.0,0.0,0.0,0.0,1.0
388195,0,1,3400,-61,61,-72,15,27,4.0,0.0,0.0,27,9.0,0.0,0.0,0.0,0.0,0.0,0.0,1.0
388444,0,1,3400,-60,60,-74,15,27,4.0,0.0,0.0,27,9.0,0.0,0.0,0.0,0.0,0.0,0.0,1.0
388693,0,1,3400,-60,60,-78,15,27,4.0,0.0,0.0,27,9.0,0.0,0.0,0.0,0.0,0.0,0.0,1.0
388942,0,1,3400,-60,60,-77,15,28,4.0,0.0,0.0,27,8.9,0.0,0.0,0.0,0.0,0.0,0.0,1.0
389191,0,1,3400,-60,60,-75,15,28,4.0,0.0,0.0,27,9.0,0.0,0.0,0.0,0.0,0.0,0.0,1.0
389440,0,1,3400,-60,60,-72,15,28,4.0,0.0,0.0,27,9.0,0.0,0.0,0.0,0.0,0.0,0.0,1.0
389689,0,1,3400,-60,60,-76,15,28,4.0,0.0,0.0,27,9.0,0.0,0.0,0.0,0.0,0.0,0.0,1.0
389938,0,1,3400,-60,60,-76,15,28,4.0,0.0,0.0,27,9.0,0.0,0.0,0.0,0.0,0.0,0.0,1.0
390187,0,1,3400,-61,61,-77,15,27,4.0,0.0,0.0,27,9.0,0.0,0.0,0.0,0.0,0.0,0.0,1.0
390436,0,1,3400,-60,60,-78,15,27,4.0,0.0,0.0,27,8.9,0.0,0.0,0.0,0.0,0.0,0.0,1.0
390685,0,1,3400,-60,60,-72,15,27,4.0,0.0,0.0,27,9.0,0.0,0.0,0.0,0.0,0.0,0.0,1.0
390934,0,1,3400,-60,60,-75,15,28,4.0,0.0,0.0,27,9.0,0.0,0.0,0.0,0.0,0.0,0.0,1.0
391183,0,1,3400,-60,60,-76,15,28,4.0,0.0,0.0,27,9.0,0.0,0.0,0.0,0.0,0.0,0.0,1.0
391432,0,1,3400,-60,60,-72,15,28,4.0,0.0,0.0,27,9.0,0.0,0.0,0.0,0.0,0.0,0.0,1.0
391681,0,1,3400,-60,60,-78,15,27,4.0,0.0,0.0,27,9.0,0.0,0.0,0.0,0.0,0.0,0.0,1.0
391930,0,1,3400,-60,60,-81,15,28,4.0,0.0,0.0,27,9.0,0.0,0.0,0.0,0.0,0.0,0.0,1.0
392179,0,1,3400,-60,60,-76,15,28,4.0,0.0,0.0,27,9.0,0.0,0.0,0.0,0.0,0.0,0.0,1.0
392428,0,1,3400,-60,60,-73,15,28,4.0,0.0,0.0,27,9.0,0.0,0.0,0.0,0.0,0.0,0.0,1.0
392677,0,1,3400,-60,60,-71,15,27,4.0,0.0,0.0,27,8.9,0.0,0.0,0.0,0.0,0.0,0.0,1.0
392926,0,1,3400,-60,60,-74,15,27,4.0,0.0,0.0,27,9.0,0.0,0.0,0.0,0.0,0.0,0.0,1.0
393175,0,1,3400,-61,61,-79,15,27,4.0,0.0,0.0,27,9.0,0.0,0.0,0.0,0.0,0.0,0.0,1.0
393424,0,1,3400,-61,61,-76,15,27,4.0,0.0,0.0,27,9.0,0.0,0.0,0.0,0.0,0.0,0.0,1.0
393673,0,1,3400,-61,61,-73,15,27,4.0,0.0,0.0,27,9.0,0.0,0.0,0.0,0.0,0.0,0.0,1.0
393922,0,1,3400,-61,61,-74,15,27,4.0,0.0,0.0,27,9.0,0.0,0.0,0.0,0.0,0.0,0.0,1.0
394171,0,1,3400,-61,61,-78,15,27,4.0,0.0,0.0,27,9.0,0.0,0.0,0.0,0.0,0.0,0.0,1.0
394420,0,1,3400,-61,61,-70,15,27,4.0,0.0,0.0,27,9.0,0.0,0.0,0.0,0.0,0.0,0.0,1.0
394669,0,1,3400,-61,61,-74,15,27,4.0,0.0,0.0,27,9.0,0.0,0.0,0.0,0.0,0.0,0.0,1.0
394918,0,1,3400,-61,61,-72,15,27,4.0,0.0,0.0,27,9.0,0.0,0.0,0.0,0.0,0.0,0.0,1.0
395167,0,1,3400,-61,61,-77,15,27,4.0,0.0,0.0,27,9.0,0.0,0.0,0.0,0.0,0.0,0.0,1.0
395416,0,1,3400,-60,60,-81,15,27,4.0,0.0,0.0,27,9.0,0.0,0.0,0.0,0.0,0.0,0.0,1.0
395665,0,1,3400,-60,60,-75,15,27,4.0,0.0,0.0,27,9.0,0.0,0.0,0.0,0.0,0.0,0.0,1.0
395914,0,1,3400,-60,60,-76,15,28,4.0,0.0,0.0,27,9.0,0.0,0.0,0.0,0.0,0.0,0.0,1.0
396163,0,1,3400,-60,60,-76,15,28,4.0,0.0,0.0,27,9.0,0.0,0.0,0.0,0.0,0.0,0.0,1.0
396412,0,1,3400,-59,59,-77,15,28,4.0,0.0,0.0,27,9.0,0.0,0.0,0.0,0.0,0.0,0.0,1.0
396661,0,1,3400,-59,59,-68,15,28,4.0,0.0,0.0,27,9.0,0.0,0.0,0.0,0.0,0.0,0.0,1.0
396910,0,1,3400,-59,59,-69,15,28,4.0,0.0,0.0,27,9.0,0.0,0.0,0.0,0.0,0.0,0.0,1.0
397159,0,1,3400,-59,59,-69,15,29,4.0,0.0,0.0,27,9.0,0.0,0.0,0.0,0.0,0.0,0.0,1.0
397408,0,1,3400,-59,59,-76,15,28,4.0,0.0,0.0,27,9.0,0.0,0.0,0.0,0.0,0.0,0.0,1.0
397657,0,1,3400,-59,59,-79,15,28,4.0,0.0,0.0,27,9.0,0.0,0.0,0.0,0.0,0.0,0.0,1.0
397906,0,1,3400,-59,59,-78,15,28,4.0,0.0,0.0,27,9.0,0.0,0.0,0.0,0.0,0.0,0.0,1.0
398155,0,1,3400,-59,59,-76,15,28,4.0,0.0,0.0,27,9.0,0.0,0.0,0.0,0.0,0.0,0.0,1.0
398404,0,1,3400,-58,58,-71,15,28,4.0,0.0,0.0,27,9.0,0.0,0.0,0.0,0.0,0.0,0.0,1.0
398653,0,1,3400,-58,58,-73,15,29,4.0,0.0,0.0,27,9.0,0.0,0.0,0.0,0.0,0.0,0.0,1.0
398902,0,1,3400,-58,58,-79,15,29,4.0,0.0,0.0,27,9.0,0.0,0.0,0.0,0.0,0.0,0.0,1.0
399151,0,1,3400,-58,58,-80,15,29,4.0,0.0,0.0,27,9.0,0.0,0.0,0.0,0.0,0.0,0.0,1.0
399400,0,1,3400,-58,58,-73,15,29,4.0,0.0,0.0,27,9.0,0.0,0.0,0.0,0.0,0.0,0.0,1.0
399649,0,1,3400,-58,58,-73,15,29,4.0,0.0,0.0,27,9.0,0.0,0.0,0.0,0.0,0.0,0.0,1.0
399898,0,1,3400,-58,58,-76,15,29,4.0,0.0,0.0,27,8.9,0.0,0.0,0.0,0.0,0.0,0.0,1.0
400147,0,1,3400,-58,58,-76,15,29,4.0,0.0,0.0,27,9.0,0.0,0.0,0.0,0.0,0.0,0.0,1.0
400396,0,1,3400,-58,58,-79,15,29,4.0,0.0,0.0,27,9.0,0.0,0.0,0.0,0.0,0.0,0.0,1.0
400645,0,1,3400,-58,58,-80,15,29,4.0,0.0,0.0,27,9.0,0.0,0.0,0.0,0.0,0.0,0.0,1.0
400894,0,1,3400,-58,58,-77,15,29,4.0,0.0,0.0,27,9.0,0.0,0.0,0.0,0.0,0.0,0.0,1.0
401143,0,1,3400,-59,59,-71,15,28,4.0,0.0,0.0,27,9.0,0.0,0.0,0.0,0.0,0.0,0.0,1.0
401392,0,1,3400,-58,58,-74,15,28,4.0,0.0,0.0,27,9.0,0.0,0.0,0.0,0.0,0.0,0.0,1.0
401641,0,1,3400,-58,58,-78,15,28,4.0,0.0,0.0,27,9.0,0.0,0.0,0.0,0.0,0.0,0.0,1.0
401890,0,1,3400,-58,58,-74,15,29,4.0,0.0,0.0,27,9.0,0.0,0.0,0.0,0.0,0.0,0.0,1.0
402139,0,1,3400,-58,58,-76,15,29,4.0,0.0,0.0,27,9.0,0.0,0.0,0.0,0.0,0.0,0.0,1.0
402388,0,1,3400,-58,58,-74,15,29,4.0,0.0,0.0,27,9.0,0.0,0.0,0.0,0.0,0.0,0.0,1.0
402637,0,1,3400,-58,58,-76,15,29,4.0,0.0,0.0,27,9.0,0.0,0.0,0.0,0.0,0.0,0.0,1.0
402886,0,1,3400,-58,58,-74,15,29,4.0,0.0,0.0,27,9.0,0.0,0.0,0.0,0.0,0.0,0.0,1.0
403135,0,1,3400,-59,59,-69,15,29,4.0,0.0,0.0,27,9.0,0.0,0.0,0.0,0.0,0.0,0.0,1.0
403384,0,1,3400,-59,59,-73,15,29,4.0,0.0,0.0,27,9.0,0.0,0.0,0.0,0.0,0.0,0.0,1.0
403633,0,1,3400,-59,59,-75,15,28,4.0,0.0,0.0,27,9.0,0.0,0.0,0.0,0.0,0.0,0.0,1.0
403882,0,1,3400,-59,59,-72,15,28,4.0,0.0,0.0,27,9.0,0.0,0.0,0.0,0.0,0.0,0.0,1.0
404131,0,1,3400,-60,60,-75,15,28,4.0,0.0,0.0,27,9.0,0.0,0.0,0.0,0.0,0.0,0.0,1.0
404380,0,1,3400,-60,60,-78,15,28,4.0,0.0,0.0,27,9.0,0.0,0.0,0.0,0.0,0.0,0.0,1.0
404629,0,1,3400,-60,60,-73,15,28,4.0,0.0,0.0,27,9.0,0.0,0.0,0.0,0.0,0.0,0.0,1.0
404878,0,1,3400,-60,60,-76,15,28,4.0,0.0,0.0,27,9.0,0.0,0.0,0.0,0.0,0.0,0.0,1.0
405127,0,1,3400,-60,60,-73,15,27,4.0,0.0,0.0,27,8.9,0.0,0.0,0.0,0.0,0.0,0.0,1.0
405376,0,1,3400,-60,60,-71,15,27,4.0,0.0,0.0,27,9.0,0.0,0.0,0.0,0.0,0.0,0.0,1.0
405625,0,1,3400,-60,60,-75,15,28,4.0,0.0,0.0,27,9.0,0.0,0.0,0.0,0.0,0.0,0.0,1.0
405874,0,1,3400,-60,60,-70,15,28,4.0,0.0,0.0,27,9.0,0.0,0.0,0.0,0.0,0.0,0.0,1.0
406123,0,1,3400,-60,60,-71,15,28,4.0,0.0,0.0,27,9.0,0.0,0.0,0.0,0.0,0.0,0.0,1.0
406372,0,1,3400,-60,60,-76,15,28,4.0,0.0,0.0,27,9.0,0.0,0.0,0.0,0.0,0.0,0.0,1.0
406621,0,1,3400,-60,60,-76,15,28,4.0,0.0,0.0,27,9.0,0.0,0.0,0.0,0.0,0.0,0.0,1.0
406870,0,1,3400,-60,60,-77,15,28,4.0,0.0,0.0,27,9.0,0.0,0.0,0.0,0.0,0.0,0.0,1.0
407119,0,1,3400,-60,60,-75,15,28,4.0,0.0,0.0,27,9.0,0.0,0.0,0.0,0.0,0.0,0.0,1.0
407368,0,1,3400,-59,59,-73,15,28,4.0,0.0,0.0,27,9.0,0.0,0.0,0.0,0.0,0.0,0.0,1.0
407617,0,1,3400,-59,59,-70,15,28,4.0,0.0,0.0,27,9.0,0.0,0.0,0.0,0.0,0.0,0.0,1.0
407866,0,1,3400,-59,59,-73,15,28,4.0,0.0,0.0,27,9.0,0.0,0.0,0.0,0.0,0.0,0.0,1.0
408115,0,1,3400,-59,59,-73,15,28,4.0,0.0,0.0,27,9.0,0.0,0.0,0.0,0.0,0.0,0.0,1.0
408364,0,1,3400,-59,59,-79,15,28,4.0,0.0,0.0,27,9.0,0.0,0.0,0.0,0.0,0.0,0.0,1.0
408613,0,1,3400,-59,59,-74,15,28,4.0,0.0,0.0,27,9.0,0.0,0.0,0.0,0.0,0.0,0.0,1.0
408862,0,1,3400,-59,59,-74,15,28,4.0,0.0,0.0,27,9.0,0.0,0.0,0.0,0.0,0.0,0.0,1.0
409111,0,1,3400,-59,59,-79,15,28,4.0,0.0,0.0,27,9.0,0.0,0.0,0.0,0.0,0.0,0.0,1.0
409360,0,1,3400,-59,59,-75,15,29,4.0,0.0,0.0,27,9.0,0.0,0.0,0.0,0.0,0.0,0.0,1.0
409609,0,1,3400,-59,59,-72,15,28,4.0,0.0,0.0,27,9.0,0.0,0.0,0.0,0.0,0.0,0.0,1.0
409858,0,1,3400,-59,59,-73,15,29,4.0,0.0,0.0,27,8.9,0.0,0.0,0.0,0.0,0.0,0.0,1.0
410107,0,1,3400,-59,59,-74,15,29,4.0,0.0,0.0,27,9.0,0.0,0.0,0.0,0.0,0.0,0.0,1.0
410356,0,1,3400,-59,59,-75,15,29,4.0,0.0,0.0,27,9.0,0.0,0.0,0.0,0.0,0.0,0.0,1.0
410605,0,1,3400,-59,59,-74,15,29,4.0,0.0,0.0,27,9.0,0.0,0.0,0.0,0.0,0.0,0.0,1.0
410854,0,1,3400,-59,59,-76,15,29,4.0,0.0,0.0,27,9.0,0.0,0.0,0.0,0.0,0.0,0.0,1.0
411103,0,1,3400,-59,59,-75,15,28,4.0,0.0,0.0,27,9.0,0.0,0.0,0.0,0.0,0.0,0.0,1.0
411352,0,1,3400,-59,59,-72,15,28,4.0,0.0,0.0,27,9.0,0.0,0.0,0.0,0.0,0.0,0.0,1.0
411601,0,1,3400,-59,59,-74,15,28,4.0,0.0,0.0,27,9.0,0.0,0.0,0.0,0.0,0.0,0.0,1.0
411850,0,1,3400,-59,59,-75,15,28,4.0,0.0,0.0,27,9.0,0.0,0.0,0.0,0.0,0.0,0.0,1.0
412099,0,1,3400,-59,59,-73,15,28,4.0,0.0,0.0,27,9.0,0.0,0.0,0.0,0.0,0.0,0.0,1.0
412348,0,1,3400,-58,58,-72,15,28,4.0,0.0,0.0,27,9.0,0.0,0.0,0.0,0.0,0.0,0.0,1.0
412597,0,1,3400,-58,58,-76,15,28,4.0,0.0,0.0,27,9.0,0.0,0.0,0.0,0.0,0.0,0.0,1.0
412846,0,1,3400,-58,58,-76,15,29,4.0,0.0,0.0,27,8.9,0.0,0.0,0.0,0.0,0.0,0.0,1.0
413095,0,1,3400,-58,58,-65,15,29,4.0,0.0,0.0,27,9.0,0.0,0.0,0.0,0.0,0.0,0.0,1.0
413344,0,1,3400,-57,57,-73,15,29,4.0,0.0,0.0,27,9.0,0.0,0.0,0.0,0.0,0.0,0.0,1.0
413593,0,1,3400,-57,57,-75,15,30,4.0,0.0,0.0,27,9.0,0.0,0.0,0.0,0.0,0.0,0.0,1.0
413842,0,1,3400,-57,57,-74,15,30,4.0,0.0,0.0,27,9.0,0.0,0.0,0.0,0.0,0.0,0.0,1.0
414091,0,1,3400,-57,57,-74,15,30,4.0,0.0,0.0,27,9.0,0.0,0.0,0.0,0.0,0.0,0.0,1.0
414340,0,1,3400,-57,57,-75,15,30,4.0,0.0,0.0,27,9.0,0.0,0.0,0.0,0.0,0.0,0.0,1.0
414589,0,1,3400,-57,57,-73,15,30,4.0,0.0,0.0,27,9.0,0.0,0.0,0.0,0.0,0.0,0.0,1.0
414838,0,1,3400,-57,57,-76,15,30,4.0,0.0,0.0,27,9.0,0.0,0.0,0.0,0.0,0.0,0.0,1.0
415087,0,1,3400,-57,57,-77,15,29,4.0,0.0,0.0,27,9.0,0.0,0.0,0.0,0.0,0.0,0.0,1.0
415336,0,1,3400,-57,57,-74,15,30,4.0,0.0,0.0,27,9.0,0.0,0.0,0.0,0.0,0.0,0.0,1.0
415585,0,1,3400,-57,57,-76,15,29,4.0,0.0,0.0,27,9.0,0.0,0.0,0.0,0.0,0.0,0.0,1.0
415834,0,1,3400,-57,57,-76,15,29,4.0,0.0,0.0,27,9.0,0.0,0.0,0.0,0.0,0.0,0.0,1.0
416083,0,1,3400,-57,57,-78,15,30,4.0,0.0,0.0,27,9.0,0.0,0.0,0.0,0.0,0.0,0.0,1.0
416332,0,1,3400,-57,57,-73,15,30,4.0,0.0,0.0,27,9.0,0.0,0.0,0.0,0.0,0.0,0.0,1.0
416581,0,1,3400,-57,57,-74,15,30,4.0,0.0,0.0,27,9.0,0.0,0.0,0.0,0.0,0.0,0.0,1.0
416830,0,1,3400,-57,57,-73,15,30,4.0,0.0,0.0,27,9.0,0.0,0.0,0.0,0.0,0.0,0.0,1.0
417079,0,1,3400,-57,57,-68,15,30,4.0,0.0,0.0,27,9.0,0.0,0.0,0.0,0.0,0.0,0.0,1.0
417328,0,1,3400,-57,57,-71,15,30,4.0,0.0,0.0,27,9.0,0.0,0.0,0.0,0.0,0.0,0.0,1.0
417577,0,1,3400,-57,57,-78,15,30,4.0,0.0,0.0,27,9.0,0.0,0.0,0.0,0.0,0.0,0.0,1.0
417826,0,1,3400,-57,57,-75,15,30,4.0,0.0,0.0,27,9.0,0.0,0.0,0.0,0.0,0.0,0.0,1.0
418075,0,1,3400,-57,57,-72,15,30,4.0,0.0,0.0,27,9.0,0.0,0.0,0.0,0.0,0.0,0.0,1.0
418324,0,1,3400,-57,57,-73,15,30,4.0,0.0,0.0,27,9.0,0.0,0.0,0.0,0.0,0.0,0.0,1.0
418573,0,1,3400,-57,57,-74,15,30,4.0,0.0,0.0,27,9.0,0.0,0.0,0.0,0.0,0.0,0.0,1.0
418822,0,1,3400,-57,57,-72,15,29,4.0,0.0,0.0,27,9.0,0.0,0.0,0.0,0.0,0.0,0.0,1.0
419071,0,1,3400,-57,57,-73,15,29,4.0,0.0,0.0,27,9.0,0.0,0.0,0.0,0.0,0.0,0.0,1.0
419320,0,1,3400,-57,57,-72,15,29,4.0,0.0,0.0,27,9.0,0.0,0.0,0.0,0.0,0.0,0.0,1.0
419569,0,1,3400,-57,57,-73,15,29,4.0,0.0,0.0,27,9.0,0.0,0.0,0.0,0.0,0.0,0.0,1.0
419818,0,1,3400,-57,57,-72,15,29,4.0,0.0,0.0,27,9.0,0.0,0.0,0.0,0.0,0.0,0.0,1.0
420067,0,1,3400,-57,57,-72,15,30,4.0,0.0,0.0,27,9.0,0.0,0.0,0.0,0.0,0.0,0.0,1.0
420316,0,1,3400,-57,57,-76,15,30,4.0,0.0,0.0,27,9.0,0.0,0.0,0.0,0.0,0.0,0.0,1.0
420565,0,1,3400,-57,57,-73,15,30,4.0,0.0,0.0,27,9.0,0.0,0.0,0.0,0.0,0.0,0.0,1.0
420814,0,1,3400,-57,57,-73,15,29,4.0,0.0,0.0,27,9.0,0.0,0.0,0.0,0.0,0.0,0.0,1.0
421063,0,1,3400,-58,58,-72,15,29,4.0,0.0,0.0,27,9.0,0.0,0.0,0.0,0.0,0.0,0.0,1.0
421312,0,1,3400,-58,58,-74,15,29,4.0,0.0,0.0,27,9.0,0.0,0.0,0.0,0.0,0.0,0.0,1.0
421561,0,1,3400,-58,58,-77,15,29,4.0,0.0,0.0,27,9.0,0.0,0.0,0.0,0.0,0.0,0.0,1.0
421810,0,1,3400,-58,58,-70,15,29,4.0,0.0,0.0,27,9.0,0.0,0.0,0.0,0.0,0.0,0.0,1.0
422059,0,1,3400,-58,58,-73,15,29,4.0,0.0,0.0,27,9.0,0.0,0.0,0.0,0.0,0.0,0.0,1.0
422308,0,1,3400,-58,58,-72,15,29,4.0,0.0,0.0,27,9.0,0.0,0.0,0.0,0.0,0.0,0.0,1.0
422557,0,1,3400,-58,58,-74,15,29,4.0,0.0,0.0,27,9.0,0.0,0.0,0.0,0.0,0.0,0.0,1.0
422806,0,1,3400,-58,58,-74,15,29,4.0,0.0,0.0,27,9.0,0.0,0.0,0.0,0.0,0.0,0.0,1.0
423055,0,1,3400,-58,58,-76,15,29,4.0,0.0,0.0,27,9.0,0.0,0.0,0.0,0.0,0.0,0.0,1.0
423304,0,1,3400,-58,58,-69,15,29,4.0,0.0,0.0,27,9.0,0.0,0.0,0.0,0.0,0.0,0.0,1.0
423553,0,1,3400,-58,58,-67,15,29,4.0,0.0,0.0,27,9.0,0.0,0.0,0.0,0.0,0.0,0.0,1.0
423802,0,1,3400,-58,58,-72,15,29,4.0,0.0,0.0,27,9.0,0.0,0.0,0.0,0.0,0.0,0.0,1.0
424051,0,1,3400,-59,59,-76,15,29,4.0,0.0,0.0,27,9.0,0.0,0.0,0.0,0.0,0.0,0.0,1.0
424300,0,1,3400,-58,58,-75,15,29,4.0,0.0,0.0,27,9.0,0.0,0.0,0.0,0.0,0.0,0.0,1.0
424549,0,1,3400,-58,58,-76,15,29,4.0,0.0,0.0,27,9.0,0.0,0.0,0.0,0.0,0.0,0.0,1.0
424798,0,1,3400,-58,58,-77,15,29,4.0,0.0,0.0,27,8.9,0.0,0.0,0.0,0.0,0.0,0.0,1.0
425047,0,1,3400,-58,58,-72,15,29,4.0,0.0,0.0,27,9.0,0.0,0.0,0.0,0.0,0.0,0.0,1.0
425296,0,1,3400,-58,58,-74,15,29,4.0,0.0,0.0,27,9.0,0.0,0.0,0.0,0.0,0.0,0.0,1.0
425545,0,1,3400,-58,58,-74,15,29,4.0,0.0,0.0,27,9.0,0.0,0.0,0.0,0.0,0.0,0.0,1.0
425794,0,1,3400,-58,58,-67,15,29,4.0,0.0,0.0,27,9.0,0.0,0.0,0.0,0.0,0.0,0.0,1.0
426043,0,1,3400,-58,58,-75,15,29,4.0,0.0,0.0,27,9.0,0.0,0.0,0.0,0.0,0.0,0.0,1.0
426292,0,1,3400,-58,58,-75,15,29,4.0,0.0,0.0,27,9.0,0.0,0.0,0.0,0.0,0.0,0.0,1.0
426541,0,1,3400,-58,58,-75,15,29,4.0,0.0,0.0,27,9.0,0.0,0.0,0.0,0.0,0.0,0.0,1.0
426790,0,1,3400,-58,58,-74,15,29,4.0,0.0,0.0,27,9.0,0.0,0.0,0.0,0.0,0.0,0.0,1.0
427039,0,1,3400,-58,58,-72,15,29,4.0,0.0,0.0,27,9.0,0.0,0.0,0.0,0.0,0.0,0.0,1.0
427288,0,1,3400,-58,58,-75,15,29,4.0,0.0,0.0,27,9.0,0.0,0.0,0.0,0.0,0.0,0.0,1.0
427537,0,1,3400,-58,58,-79,15,29,4.0,0.0,0.0,27,8.9,0.0,0.0,0.0,0.0,0.0,0.0,1.0
427786,0,1,3400,-58,58,-79,15,29,4.0,0.0,0.0,27,9.0,0.0,0.0,0.0,0.0,0.0,0.0,1.0
428035,0,1,3400,-58,58,-74,15,29,4.0,0.0,0.0,27,9.0,0.0,0.0,0.0,0.0,0.0,0.0,1.0
428284,0,1,3400,-58,58,-72,15,29,4.0,0.0,0.0,27,9.0,0.0,0.0,0.0,0.0,0.0,0.0,1.0
428533,0,1,3400,-58,58,-74,15,29,4.0,0.0,0.0,27,9.0,0.0,0.0,0.0,0.0,0.0,0.0,1.0
428782,0,1,3400,-58,58,-77,15,29,4.0,0.0,0.0,27,9.0,0.0,0.0,0.0,0.0,0.0,0.0,1.0
429031,0,1,3400,-58,58,-77,15,29,4.0,0.0,0.0,27,9.0,0.0,0.0,0.0,0.0,0.0,0.0,1.0
429280,0,1,3400,-58,58,-71,15,29,4.0,0.0,0.0,27,9.0,0.0,0.0,0.0,0.0,0.0,0.0,1.0
429529,0,1,3400,-58,58,-70,15,29,4.0,0.0,0.0,27,9.0,0.0,0.0,0.0,0.0,0.0,0.0,1.0
429778,0,1,3400,-58,58,-70,15,28,4.0,0.0,0.0,27,9.0,0.0,0.0,0.0,0.0,0.0,0.0,1.0
430027,0,1,3400,-58,58,-75,15,28,4.0,0.0,0.0,27,9.0,0.0,0.0,0.0,0.0,0.0,0.0,1.0
430276,0,1,3400,-58,58,-78,15,29,4.0,0.0,0.0,27,9.0,0.0,0.0,0.0,0.0,0.0,0.0,1.0
430525,0,1,3400,-58,58,-75,15,29,4.0,0.0,0.0,27,9.0,0.0,0.0,0.0,0.0,0.0,0.0,1.0
430774,0,1,3400,-58,58,-75,15,29,4.0,0.0,0.0,27,9.0,0.0,0.0,0.0,0.0,0.0,0.0,1.0
431023,0,1,3400,-58,58,-75,15,29,4.0,0.0,0.0,27,9.0,0.0,0.0,0.0,0.0,0.0,0.0,1.0
431272,0,1,3400,-58,58,-77,15,29,4.0,0.0,0.0,27,9.0,0.0,0.0,0.0,0.0,0.0,0.0,1.0
431521,0,1,3400,-58,58,-73,15,29,4.0,0.0,0.0,27,9.0,0.0,0.0,0.0,0.0,0.0,0.0,1.0
431770,0,1,3400,-58,58,-75,15,29,4.0,0.0,0.0,27,9.0,0.0,0.0,0.0,0.0,0.0,0.0,1.0
432019,0,1,3400,-58,58,-77,15,29,4.0,0.0,0.0,27,9.0,0.0,0.0,0.0,0.0,0.0,0.0,1.0
432268,0,1,3400,-58,58,-75,15,29,4.0,0.0,0.0,27,9.0,0.0,0.0,0.0,0.0,0.0,0.0,1.0
432517,0,1,3400,-58,58,-70,15,29,4.0,0.0,0.0,27,9.0,0.0,0.0,0.0,0.0,0.0,0.0,1.0
432766,0,1,3400,-58,58,-75,15,29,4.0,0.0,0.0,27,9.0,0.0,0.0,0.0,0.0,0.0,0.0,1.0
433015,0,1,3400,-58,58,-69,15,29,4.0,0.0,0.0,27,9.0,0.0,0.0,0.0,0.0,0.0,0.0,1.0
433264,0,1,3400,-57,57,-74,15,28,4.0,0.0,0.0,27,9.0,0.0,0.0,0.0,0.0,0.0,0.0,1.0
433513,0,1,3400,-57,57,-76,15,29,4.0,0.0,0.0,27,9.0,0.0,0.0,0.0,0.0,0.0,0.0,1.0
433762,0,1,3400,-57,57,-76,15,29,4.0,0.0,0.0,27,9.0,0.0,0.0,0.0,0.0,0.0,0.0,1.0
434011,0,1,3400,-57,57,-77,15,29,4.0,0.0,0.0,27,8.9,0.0,0.0,0.0,0.0,0.0,0.0,1.0
434260,0,1,3400,-57,57,-77,15,30,4.0,0.0,0.0,27,9.0,0.0,0.0,0.0,0.0,0.0,0.0,1.0
434509,0,1,3400,-57,57,-74,15,30,4.0,0.0,0.0,27,9.0,0.0,0.0,0.0,0.0,0.0,0.0,1.0
434758,0,1,3400,-57,57,-73,15,30,4.0,0.0,0.0,27,9.0,0.0,0.0,0.0,0.0,0.0,0.0,1.0
435007,0,1,3400,-57,57,-73,15,30,4.0,0.0,0.0,27,9.0,0.0,0.0,0.0,0.0,0.0,0.0,1.0
435256,0,1,3400,-57,57,-74,15,30,4.0,0.0,0.0,27,9.0,0.0,0.0,0.0,0.0,0.0,0.0,1.0
435505,0,1,3400,-57,57,-77,15,30,4.0,0.0,0.0,27,9.0,0.0,0.0,0.0,0.0,0.0,0.0,1.0
435754,0,1,3400,-57,57,-76,15,30,4.0,0.0,0.0,27,9.0,0.0,0.0,0.0,0.0,0.0,0.0,1.0
436003,0,1,3400,-57,57,-71,15,30,4.0,0.0,0.0,27,9.0,0.0,0.0,0.0,0.0,0.0,0.0,1.0
436252,0,1,3400,-57,57,-70,15,29,4.0,0.0,0.0,27,9.0,0.0,0.0,0.0,0.0,0.0,0.0,1.0
436501,0,1,3400,-57,57,-69,15,29,4.0,0.0,0.0,27,9.0,0.0,0.0,0.0,0.0,0.0,0.0,1.0
436750,0,1,3400,-57,57,-69,15,29,4.0,0.0,0.0,27,9.0,0.0,0.0,0.0,0.0,0.0,0.0,1.0
436999,0,1,3400,-58,58,-67,15,28,4.0,0.0,0.0,27,9.0,0.0,0.0,0.0,0.0,0.0,0.0,1.0
437248,0,1,3400,-57,57,-67,15,29,4.0,0.0,0.0,27,9.0,0.0,0.0,0.0,0.0,0.0,0.0,1.0
437497,0,1,3400,-57,57,-75,15,29,4.0,0.0,0.0,27,9.0,0.0,0.0,0.0,0.0,0.0,0.0,1.0
437746,0,1,3400,-57,57,-77,15,30,4.0,0.0,0.0,27,9.0,0.0,0.0,0.0,0.0,0.0,0.0,1.0
437995,0,1,3400,-57,57,-71,15,30,4.0,0.0,0.0,27,9.0,0.0,0.0,0.0,0.0,0.0,0.0,1.0
438244,0,1,3400,-57,57,-73,15,30,4.0,0.0,0.0,27,9.0,0.0,0.0,0.0,0.0,0.0,0.0,1.0
438493,0,1,3400,-57,57,-71,15,30,4.0,0.0,0.0,27,8.9,0.0,0.0,0.0,0.0,0.0,0.0,1.0
438742,0,1,3400,-57,57,-71,15,30,4.0,0.0,0.0,27,9.0,0.0,0.0,0.0,0.0,0.0,0.0,1.0
438991,0,1,3400,-57,57,-78,15,30,4.0,0.0,0.0,27,9.0,0.0,0.0,0.0,0.0,0.0,0.0,1.0
439240,0,1,3400,-57,57,-73,15,30,3.9,0.0,0.0,27,8.9,0.0,0.0,0.0,0.0,0.0,0.0,1.0
439489,0,1,3400,-57,57,-72,15,29,4.0,0.0,0.0,27,8.9,0.0,0.0,0.0,0.0,0.0,0.0,1.0
439738,0,1,3400,-57,57,-75,15,29,4.0,0.0,0.0,27,9.0,0.0,0.0,0.0,0.0,0.0,0.0,1.0
439987,0,1,3400,-58,58,-74,15,29,4.0,0.0,0.0,27,9.0,0.0,0.0,0.0,0.0,0.0,0.0,1.0
440236,0,1,3400,-58,58,-72,15,28,4.0,0.0,0.0,27,9.0,0.0,0.0,0.0,0.0,0.0,0.0,1.0
440485,0,1,3400,-58,58,-71,15,28,4.0,0.0,0.0,27,9.0,0.0,0.0,0.0,0.0,0.0,0.0,1.0
440734,0,1,3400,-58,58,-77,15,28,4.0,0.0,0.0,27,9.0,0.0,0.0,0.0,0.0,0.0,0.0,1.0
440983,0,1,3400,-59,59,-77,15,28,4.0,0.0,0.0,27,9.0,0.0,0.0,0.0,0.0,0.0,0.0,1.0
441232,0,1,3400,-58,58,-76,15,28,4.0,0.0,0.0,27,9.0,0.0,0.0,0.0,0.0,0.0,0.0,1.0
441481,0,1,3400,-58,58,-71,15,29,4.0,0.0,0.0,27,9.0,0.0,0.0,0.0,0.0,0.0,0.0,1.0
441730,0,1,3400,-58,58,-71,15,29,4.0,0.0,0.0,27,9.0,0.0,0.0,0.0,0.0,0.0,0.0,1.0
441979,0,1,3400,-58,58,-75,15,29,4.0,0.0,0.0,27,9.0,0.0,0.0,0.0,0.0,0.0,0.0,1.0
442228,0,1,3400,-58,58,-76,15,29,4.0,0.0,0.0,27,8.9,0.0,0.0,0.0,0.0,0.0,0.0,1.0
442477,0,1,3400,-58,58,-74,15,29,4.0,0.0,0.0,27,9.0,0.0,0.0,0.0,0.0,0.0,0.0,1.0
442726,0,1,3400,-58,58,-76,15,29,4.0,0.0,0.0,27,9.0,0.0,0.0,0.0,0.0,0.0,0.0,1.0
442975,0,1,3400,-58,58,-76,15,29,4.0,0.0,0.0,27,9.0,0.0,0.0,0.0,0.0,0.0,0.0,1.0
443224,0,1,3400,-58,58,-76,15,28,4.0,0.0,0.0,27,9.0,0.0,0.0,0.0,0.0,0.0,0.0,1.0
443473,0,1,3400,-58,58,-72,15,28,4.0,0.0,0.0,27,9.0,0.0,0.0,0.0,0.0,0.0,0.0,1.0
443722,0,1,3400,-58,58,-73,15,28,4.0,0.0,0.0,27,9.0,0.0,0.0,0.0,0.0,0.0,0.0,1.0
443971,0,1,3400,-59,59,-71,15,27,4.0,0.0,0.0,27,9.0,0.0,0.0,0.0,0.0,0.0,0.0,1.0
444220,0,1,3400,-58,58,-67,15,28,3.9,0.0,0.0,27,8.9,0.0,0.0,0.0,0.0,0.0,0.0,1.0
444469,0,1,3400,-58,58,-73,15,28,4.0,0.0,0.0,27,9.0,0.0,0.0,0.0,0.0,0.0,0.0,1.0
444718,0,1,3400,-58,58,-76,15,28,4.0,0.0,0.0,27,9.0,0.0,0.0,0.0,0.0,0.0,0.0,1.0
444967,0,1,3400,-58,58,-74,15,29,4.0,0.0,0.0,27,9.0,0.0,0.0,0.0,0.0,0.0,0.0,1.0
445216,0,1,3400,-58,58,-78,15,29,4.0,0.0,0.0,27,9.0,0.0,0.0,0.0,0.0,0.0,0.0,1.0
445465,0,1,3400,-58,58,-75,15,29,4.0,0.0,0.0,27,8.9,0.0,0.0,0.0,0.0,0.0,0.0,1.0
445714,0,1,3400,-58,58,-72,15,29,4.0,0.0,0.0,27,9.0,0.0,0.0,0.0,0.0,0.0,0.0,1.0
445963,0,1,3400,-58,58,-69,15,29,4.0,0.0,0.0,27,9.0,0.0,0.0,0.0,0.0,0.0,0.0,1.0
446212,0,1,3400,-58,58,-70,15,29,4.0,0.0,0.0,27,9.0,0.0,0.0,0.0,0.0,0.0,0.0,1.0
446461,0,1,3400,-58,58,-71,15,29,4.0,0.0,0.0,27,9.0,0.0,0.0,0.0,0.0,0.0,0.0,1.0
446710,0,1,3400,-58,58,-73,15,29,4.0,0.0,0.0,27,9.0,0.0,0.0,0.0,0.0,0.0,0.0,1.0
446959,0,1,3400,-58,58,-78,15,28,4.0,0.0,0.0,27,9.0,0.0,0.0,0.0,0.0,0.0,0.0,1.0
447208,0,1,3400,-58,58,-78,15,28,4.0,0.0,0.0,27,9.0,0.0,0.0,0.0,0.0,0.0,0.0,1.0
447457,0,1,3400,-58,58,-79,15,28,4.0,0.0,0.0,27,8.9,0.0,0.0,0.0,0.0,0.0,0.0,1.0
447706,0,1,3400,-58,58,-74,15,28,4.0,0.0,0.0,27,9.0,0.0,0.0,0.0,0.0,0.0,0.0,1.0
447955,0,1,3400,-58,58,-69,15,28,4.0,0.0,0.0,27,9.0,0.0,0.0,0.0,0.0,0.0,0.0,1.0
448204,0,1,3400,-58,58,-74,15,29,4.0,0.0,0.0,27,9.0,0.0,0.0,0.0,0.0,0.0,0.0,1.0
448453,0,1,3400,-58,58,-75,15,29,4.0,0.0,0.0,27,9.0,0.0,0.0,0.0,0.0,0.0,0.0,1.0
448702,0,1,3400,-58,58,-71,15,29,4.0,0.0,0.0,27,9.0,0.0,0.0,0.0,0.0,0.0,0.0,1.0
448951,0,1,3400,-58,58,-69,15,29,4.0,0.0,0.0,27,9.0,0.0,0.0,0.0,0.0,0.0,0.0,1.0
449200,0,1,3400,-58,58,-77,15,29,4.0,0.0,0.0,27,9.0,0.0,0.0,0.0,0.0,0.0,0.0,1.0
449449,0,1,3400,-58,58,-74,15,29,4.0,0.0,0.0,27,9.0,0.0,0.0,0.0,0.0,0.0,0.0,1.0
449698,0,1,3400,-58,58,-73,15,29,4.0,0.0,0.0,27,9.0,0.0,0.0,0.0,0.0,0.0,0.0,1.0
449947,0,1,3400,-58,58,-72,15,29,4.0,0.0,0.0,27,9.0,0.0,0.0,0.0,0.0,0.0,0.0,1.0
450196,0,1,3400,-58,58,-71,15,29,4.0,0.0,0.0,27,9.0,0.0,0.0,0.0,0.0,0.0,0.0,1.0
450445,0,1,3400,-58,58,-76,15,28,4.0,0.0,0.0,27,9.0,0.0,0.0,0.0,0.0,0.0,0.0,1.0
450694,0,1,3400,-58,58,-74,15,28,4.0,0.0,0.0,27,9.0,0.0,0.0,0.0,0.0,0.0,0.0,1.0
450943,0,1,3400,-58,58,-71,15,28,4.0,0.0,0.0,27,9.0,0.0,0.0,0.0,0.0,0.0,0.0,1.0
451192,0,1,3400,-58,58,-72,15,28,4.0,0.0,0.0,27,9.0,0.0,0.0,0.0,0.0,0.0,0.0,1.0
451441,0,1,3400,-58,58,-69,15,28,4.0,0.0,0.0,27,9.0,0.0,0.0,0.0,0.0,0.0,0.0,1.0
451690,0,1,3400,-58,58,-69,15,28,4.0,0.0,0.0,27,8.9,0.0,0.0,0.0,0.0,0.0,0.0,1.0
451939,0,1,3400,-59,59,-70,15,28,4.0,0.0,0.0,27,9.0,0.0,0.0,0.0,0.0,0.0,0.0,1.0
452188,0,1,3400,-59,59,-75,15,28,4.0,0.0,0.0,27,9.0,0.0,0.0,0.0,0.0,0.0,0.0,1.0
452437,0,1,3400,-59,59,-74,15,28,4.0,0.0,0.0,27,9.0,0.0,0.0,0.0,0.0,0.0,0.0,1.0
452686,0,1,3400,-59,59,-69,15,28,4.0,0.0,0.0,27,9.0,0.0,0.0,0.0,0.0,0.0,0.0,1.0
452935,0,1,3400,-59,59,-73,15,28,4.0,0.0,0.0,27,9.0,0.0,0.0,0.0,0.0,0.0,0.0,1.0
453184,0,1,3400,-59,59,-68,15,28,4.0,0.0,0.0,27,9.0,0.0,0.0,0.0,0.0,0.0,0.0,1.0
453433,0,1,3400,-59,59,-71,15,28,4.0,0.0,0.0,27,9.0,0.0,0.0,0.0,0.0,0.0,0.0,1.0
453682,0,1,3400,-59,59,-74,15,28,4.0,0.0,0.0,27,8.9,0.0,0.0,0.0,0.0,0.0,0.0,1.0
453931,0,1,3400,-59,59,-72,15,28,4.0,0.0,0.0,27,9.0,0.0,0.0,0.0,0.0,0.0,0.0,1.0
454180,0,1,3400,-58,58,-72,15,28,4.0,0.0,0.0,27,9.0,0.0,0.0,0.0,0.0,0.0,0.0,1.0
454429,0,1,3400,-58,58,-72,15,28,4.0,0.0,0.0,27,9.0,0.0,0.0,0.0,0.0,0.0,0.0,1.0
454678,0,1,3400,-58,58,-72,15,28,4.0,0.0,0.0,27,9.0,0.0,0.0,0.0,0.0,0.0,0.0,1.0
454927,0,1,3400,-58,58,-78,15,28,4.0,0.0,0.0,27,9.0,0.0,0.0,0.0,0.0,0.0,0.0,1.0
455176,0,1,3400,-58,58,-75,15,28,4.0,0.0,0.0,27,9.0,0.0,0.0,0.0,0.0,0.0,0.0,1.0
455425,0,1,3400,-58,58,-77,15,29,4.0,0.0,0.0,27,9.0,0.0,0.0,0.0,0.0,0.0,0.0,1.0
455674,0,1,3400,-58,58,-73,15,29,4.0,0.0,0.0,27,9.0,0.0,0.0,0.0,0.0,0.0,0.0,1.0
455923,0,1,3400,-58,58,-73,15,29,4.0,0.0,0.0,27,9.0,0.0,0.0,0.0,0.0,0.0,0.0,1.0
456172,0,1,3400,-57,57,-73,15,29,4.0,0.0,0.0,27,9.0,0.0,0.0,0.0,0.0,0.0,0.0,1.0
456421,0,1,3400,-57,57,-71,15,29,4.0,0.0,0.0,27,9.0,0.0,0.0,0.0,0.0,0.0,0.0,1.0
456670,0,1,3400,-57,57,-75,15,29,4.0,0.0,0.0,27,9.0,0.0,0.0,0.0,0.0,0.0,0.0,1.0
456919,0,1,3400,-57,57,-73,15,29,4.0,0.0,0.0,27,9.0,0.0,0.0,0.0,0.0,0.0,0.0,1.0
457168,0,1,3400,-57,57,-72,15,29,4.0,0.0,0.0,27,8.9,0.0,0.0,0.0,0.0,0.0,0.0,1.0
457417,0,1,3400,-57,57,-73,15,29,4.0,0.0,0.0,27,9.0,0.0,0.0,0.0,0.0,0.0,0.0,1.0
457666,0,1,3400,-57,57,-71,15,29,4.0,0.0,0.0,27,9.0,0.0,0.0,0.0,0.0,0.0,0.0,1.0
457915,0,1,3400,-57,57,-74,15,29,4.0,0.0,0.0,27,9.0,0.0,0.0,0.0,0.0,0.0,0.0,1.0
458164,0,1,3400,-57,57,-74,15,28,4.0,0.0,0.0,27,9.0,0.0,0.0,0.0,0.0,0.0,0.0,1.0
458413,0,1,3400,-57,57,-74,15,28,4.0,0.0,0.0,27,9.0,0.0,0.0,0.0,0.0,0.0,0.0,1.0
458662,0,1,3400,-57,57,-72,15,29,4.0,0.0,0.0,27,9.0,0.0,0.0,0.0,0.0,0.0,0.0,1.0
458911,0,1,3400,-57,57,-71,15,29,4.0,0.0,0.0,27,9.0,0.0,0.0,0.0,0.0,0.0,0.0,1.0
459160,0,1,3400,-57,57,-73,15,29,4.0,0.0,0.0,27,9.0,0.0,0.0,0.0,0.0,0.0,0.0,1.0
459409,0,1,3400,-57,57,-67,15,30,4.0,0.0,0.0,27,9.0,0.0,0.0,0.0,0.0,0.0,0.0,1.0
459658,0,1,3400,-57,57,-74,15,30,3.9,0.0,0.0,27,9.0,0.0,0.0,0.0,0.0,0.0,0.0,1.0
459907,0,1,3400,-57,57,-78,15,30,4.0,0.0,0.0,27,9.0,0.0,0.0,0.0,0.0,0.0,0.0,1.0
460156,0,1,3400,-57,57,-74,15,30,4.0,0.0,0.0,27,9.0,0.0,0.0,0.0,0.0,0.0,0.0,1.0
460405,0,1,3400,-57,57,-75,15,29,4.0,0.0,0.0,27,9.0,0.0,0.0,0.0,0.0,0.0,0.0,1.0
460654,0,1,3400,-57,57,-72,24,29,2.5,0.0,100.000000,27,9.0,0.0,0.0,0.0,0.0,0.0,0.0,1.0
460903,0,1,3400,-57,57,-71,26,29,2.2,0.0,0.0,27,8.9,0.0,0.0,0.0,0.0,0.0,0.0,1.0
461152,0,1,3400,-57,57,-70,26,29,2.2,0.0,0.0,27,9.0,0.0,0.0,0.0,0.0,0.0,0.0,1.0
461401,0,1,3400,-57,57,-67,26,29,2.2,0.0,0.0,27,9.0,0.0,0.0,0.0,0.0,0.0,0.0,1.0
461650,0,1,3400,-57,57,-69,26,28,2.2,0.0,0.0,27,9.0,0.0,0.0,0.0,0.0,0.0,0.0,1.0
461899,0,1,3400,-57,57,-70,26,28,2.2,0.0,0.0,27,8.9,0.0,0.0,0.0,0.0,0.0,0.0,1.0
462148,0,1,3400,-57,57,-73,26,29,2.2,0.0,0.0,27,9.0,0.0,0.0,0.0,0.0,0.0,0.0,1.0
462397,0,1,3400,-57,57,-75,26,29,2.2,0.0,0.0,27,9.0,0.0,0.0,0.0,0.0,0.0,0.0,1.0
462646,0,1,3400,-57,57,-73,26,29,2.2,0.0,0.0,27,8.9,0.0,0.0,0.0,0.0,0.0,0.0,1.0
462895,0,1,3400,-57,57,-72,27,29,2.2,0.0,0.0,27,9.0,0.0,0.0,0.0,0.0,0.0,0.0,1.0
463144,0,1,3400,-57,57,-71,26,29,2.2,0.0,0.0,27,9.0,0.0,0.0,0.0,0.0,0.0,0.0,1.0
463393,0,1,3400,-57,57,-69,26,29,2.2,0.0,0.0,27,9.0,0.0,0.0,0.0,0.0,0.0,0.0,1.0
463642,0,1,3400,-57,57,-68,26,29,2.2,0.0,0.0,27,9.0,0.0,0.0,0.0,0.0,0.0,0.0,1.0
463891,0,1,3400,-58,58,-74,26,29,2.2,0.0,0.0,27,9.0,0.0,0.0,0.0,0.0,0.0,0.0,1.0
464140,0,1,3400,-58,58,-77,26,29,2.2,0.0,0.0,27,9.0,0.0,0.0,0.0,0.0,0.0,0.0,1.0
464389,0,1,3400,-58,58,-72,26,28,2.2,0.0,0.0,27,8.9,0.0,0.0,0.0,0.0,0.0,0.0,1.0
464638,0,1,3400,-58,58,-72,26,28,2.2,0.0,0.0,27,9.0,0.0,0.0,0.0,0.0,0.0,0.0,1.0
464887,0,1,3400,-59,59,-74,26,28,2.2,0.0,0.0,27,9.0,0.0,0.0,0.0,0.0,0.0,0.0,1.0
465136,0,1,3400,-59,59,-75,26,27,2.2,0.0,0.0,27,8.9,0.0,0.0,0.0,0.0,0.0,0.0,1.0
465385,0,1,3400,-59,59,-73,26,27,2.2,0.0,0.0,27,9.0,0.0,0.0,0.0,0.0,0.0,0.0,1.0
465634,0,1,3400,-59,59,-74,26,27,2.2,0.0,0.0,27,9.0,0.0,0.0,0.0,0.0,0.0,0.0,1.0
465883,0,1,3400,-60,60,-71,26,27,2.2,0.0,0.0,27,9.0,0.0,0.0,0.0,0.0,0.0,0.0,1.0
466132,0,1,3400,-59,59,-70,26,27,2.2,0.0,0.0,27,9.0,0.0,0.0,0.0,0.0,0.0,0.0,1.0
466381,0,1,3400,-59,59,-72,26,28,2.2,0.0,0.0,27,9.0,0.0,0.0,0.0,0.0,0.0,0.0,1.0
466630,0,1,3400,-59,59,-70,26,28,2.2,0.0,0.0,27,9.0,0.0,0.0,0.0,0.0,0.0,0.0,1.0
466879,0,1,3400,-59,59,-70,26,28,2.2,0.0,0.0,27,9.0,0.0,0.0,0.0,0.0,0.0,0.0,1.0
467128,0,1,3400,-59,59,-74,26,28,2.2,0.0,0.0,27,9.0,0.0,0.0,0.0,0.0,0.0,0.0,1.0
467377,0,1,3400,-59,59,-75,26,28,2.2,0.0,0.0,27,9.0,0.0,0.0,0.0,0.0,0.0,0.0,1.0
467626,0,1,3400,-59,59,-73,26,28,2.2,0.0,0.0,27,9.0,0.0,0.0,0.0,0.0,0.0,0.0,1.0
467875,0,1,3400,-59,59,-74,26,28,2.2,0.0,0.0,27,9.0,0.0,0.0,0.0,0.0,0.0,0.0,1.0
468124,0,1,3400,-59,59,-70,26,28,2.2,0.0,0.0,27,9.0,0.0,0.0,0.0,0.0,0.0,0.0,1.0
468373,0,1,3400,-59,59,-71,26,28,2.3,0.0,0.0,27,9.0,0.0,0.0,0.0,0.0,0.0,0.0,1.0
468622,0,1,3400,-59,59,-74,26,27,2.2,0.0,0.0,27,9.0,0.0,0.0,0.0,0.0,0.0,0.0,1.0
468871,0,1,3400,-60,60,-74,26,26,2.2,0.0,0.0,27,9.0,0.0,0.0,0.0,0.0,0.0,0.0,1.0
469120,0,1,3400,-60,60,-75,26,27,2.2,0.0,0.0,27,9.0,0.0,0.0,0.0,0.0,0.0,0.0,1.0
469369,0,1,3400,-60,60,-71,27,27,2.2,0.0,0.0,27,9.0,0.0,0.0,0.0,0.0,0.0,0.0,1.0
469618,0,1,3400,-60,60,-76,26,27,2.2,0.0,0.0,27,9.0,0.0,0.0,0.0,0.0,0.0,0.0,1.0
469867,0,1,3400,-60,60,-76,26,27,2.2,0.0,0.0,27,9.0,0.0,0.0,0.0,0.0,0.0,0.0,1.0
470116,0,1,3400,-60,60,-74,26,27,2.3,0.0,0.0,27,9.0,0.0,0.0,0.0,0.0,0.0,0.0,1.0
470365,0,1,3400,-60,60,-74,26,28,2.2,0.0,0.0,27,9.0,0.0,0.0,0.0,0.0,0.0,0.0,1.0
470614,0,1,3400,-60,60,-75,26,28,2.2,0.0,0.0,27,9.0,0.0,0.0,0.0,0.0,0.0,0.0,1.0
470863,0,1,3400,-60,60,-77,26,28,2.2,0.0,0.0,27,9.0,0.0,0.0,0.0,0.0,0.0,0.0,1.0
471112,0,1,3400,-60,60,-71,26,28,2.2,0.0,0.0,27,9.0,0.0,0.0,0.0,0.0,0.0,0.0,1.0
471361,0,1,3400,-60,60,-69,26,27,2.2,0.0,0.0,27,9.0,0.0,0.0,0.0,0.0,0.0,0.0,1.0
471610,0,1,3400,-60,60,-64,26,27,2.2,0.0,0.0,27,9.0,0.0,0.0,0.0,0.0,0.0,0.0,1.0
471859,0,1,3400,-60,60,-71,26,27,2.2,0.0,0.0,27,9.0,0.0,0.0,0.0,0.0,0.0,0.0,1.0
472108,0,1,3400,-60,60,-74,26,27,2.2,0.0,0.0,27,9.0,0.0,0.0,0.0,0.0,0.0,0.0,1.0
472357,0,1,3400,-60,60,-72,26,27,2.2,0.0,0.0,27,9.0,0.0,0.0,0.0,0.0,0.0,0.0,1.0
472606,0,1,3400,-60,60,-69,26,27,2.2,0.0,0.0,27,9.0,0.0,0.0,0.0,0.0,0.0,0.0,1.0
472855,0,1,3400,-60,60,-69,26,27,2.2,0.0,0.0,27,9.0,0.0,0.0,0.0,0.0,0.0,0.0,1.0
473104,0,1,3400,-60,60,-72,26,28,2.2,0.0,0.0,27,9.0,0.0,0.0,0.0,0.0,0.0,0.0,1.0
473353,0,1,3400,-60,60,-72,26,28,2.2,0.0,0.0,27,9.0,0.0,0.0,0.0,0.0,0.0,0.0,1.0
473602,0,1,3400,-60,60,-71,26,28,2.2,0.0,0.0,27,9.0,0.0,0.0,0.0,0.0,0.0,0.0,1.0
473851,0,1,3400,-60,60,-71,26,28,2.2,0.0,0.0,27,9.0,0.0,0.0,0.0,0.0,0.0,0.0,1.0
474100,0,1,3400,-60,60,-69,26,28,2.2,0.0,0.0,27,9.0,0.0,0.0,0.0,0.0,0.0,0.0,1.0
474349,0,1,3400,-60,60,-72,26,27,2.2,0.0,0.0,27,9.0,0.0,0.0,0.0,0.0,0.0,0.0,1.0
474598,0,1,3400,-60,60,-72,26,27,2.2,0.0,0.0,27,9.0,0.0,0.0,0.0,0.0,0.0,0.0,1.0
474847,0,1,3400,-61,61,-71,26,27,2.2,0.0,0.0,27,9.0,0.0,0.0,0.0,0.0,0.0,0.0,1.0
475096,0,1,3400,-61,61,-71,26,27,2.2,0.0,0.0,27,9.0,0.0,0.0,0.0,0.0,0.0,0.0,1.0
475345,0,1,3400,-61,61,-69,26,27,2.2,0.0,0.0,27,9.0,0.0,0.0,0.0,0.0,0.0,0.0,1.0
475594,0,1,3400,-61,61,-76,26,26,2.2,0.0,0.0,27,9.0,0.0,0.0,0.0,0.0,0.0,0.0,1.0
475843,0,1,3400,-62,62,-77,26,26,2.2,0.0,0.0,27,9.0,0.0,0.0,0.0,0.0,0.0,0.0,1.0
476092,0,1,3400,-62,62,-74,26,26,2.2,0.0,0.0,27,9.0,0.0,0.0,0.0,0.0,0.0,0.0,1.0
476341,0,1,3400,-62,62,-71,27,26,2.2,0.0,0.0,27,9.0,0.0,0.0,0.0,0.0,0.0,0.0,1.0
476590,0,1,3400,-62,62,-70,26,25,2.3,0.0,0.0,27,9.0,0.0,0.0,0.0,0.0,0.0,0.0,1.0
476839,0,1,3400,-63,63,-67,26,25,2.2,0.0,0.0,27,9.0,0.0,0.0,0.0,0.0,0.0,0.0,1.0
477088,0,1,3400,-63,63,-67,26,25,2.2,0.0,0.0,27,9.0,0.0,0.0,0.0,0.0,0.0,0.0,1.0
477337,0,1,3400,-63,63,-70,26,25,2.2,0.0,0.0,27,9.0,0.0,0.0,0.0,0.0,0.0,0.0,1.0
477586,0,1,3400,-63,63,-76,26,26,2.2,0.0,0.0,27,9.0,0.0,0.0,0.0,0.0,0.0,0.0,1.0
477835,0,1,3400,-63,63,-73,26,26,2.2,0.0,0.0,27,9.0,0.0,0.0,0.0,0.0,0.0,0.0,1.0
478084,0,1,3400,-63,63,-71,26,26,2.2,0.0,0.0,27,9.0,0.0,0.0,0.0,0.0,0.0,0.0,1.0
478333,0,1,3400,-63,63,-70,26,25,2.2,0.0,0.0,27,9.0,0.0,0.0,0.0,0.0,0.0,0.0,1.0
478582,0,1,3400,-63,63,-68,26,26,2.2,0.0,0.0,27,9.0,0.0,0.0,0.0,0.0,0.0,0.0,1.0
478831,0,1,3400,-63,63,-67,26,25,2.2,0.0,0.0,27,9.0,0.0,0.0,0.0,0.0,0.0,0.0,1.0
479080,0,1,3400,-63,63,-71,26,25,2.2,0.0,0.0,27,9.0,0.0,0.0,0.0,0.0,0.0,0.0,1.0
479329,0,1,3400,-63,63,-75,26,25,2.2,0.0,0.0,27,9.0,0.0,0.0,0.0,0.0,0.0,0.0,1.0
479578,0,1,3400,-63,63,-73,26,25,2.2,0.0,0.0,27,9.0,0.0,0.0,0.0,0.0,0.0,0.0,1.0
479827,0,1,3400,-63,63,-79,26,25,2.2,0.0,0.0,27,9.0,0.0,0.0,0.0,0.0,0.0,0.0,1.0
480076,0,1,3400,-62,62,-78,26,25,2.2,0.0,0.0,27,9.0,0.0,0.0,0.0,0.0,0.0,0.0,1.0
480325,0,1,3400,-62,62,-79,26,26,2.2,0.0,0.0,27,9.0,0.0,0.0,0.0,0.0,0.0,0.0,1.0
480574,0,1,3400,-62,62,-70,26,26,2.3,0.0,0.0,27,9.0,0.0,0.0,0.0,0.0,0.0,0.0,1.0
480823,0,1,3400,-62,62,-72,27,26,2.2,0.0,0.0,27,9.0,0.0,0.0,0.0,0.0,0.0,0.0,1.0
481072,0,1,3400,-62,62,-79,26,26,2.2,0.0,0.0,27,9.0,0.0,0.0,0.0,0.0,0.0,0.0,1.0
481321,0,1,3400,-62,62,-73,26,26,2.2,0.0,0.0,27,9.0,0.0,0.0,0.0,0.0,0.0,0.0,1.0
481570,0,1,3400,-62,62,-72,26,26,2.2,0.0,0.0,27,9.0,0.0,0.0,0.0,0.0,0.0,0.0,1.0
481819,0,1,3400,-62,62,-74,26,26,2.2,0.0,0.0,27,8.9,0.0,0.0,0.0,0.0,0.0,0.0,1.0
482068,0,1,3400,-62,62,-73,26,26,2.2,0.0,0.0,27,9.0,0.0,0.0,0.0,0.0,0.0,0.0,1.0
482317,0,1,3400,-62,62,-69,26,26,2.2,0.0,0.0,27,9.0,0.0,0.0,0.0,0.0,0.0,0.0,1.0
482566,0,1,3400,-62,62,-75,26,26,2.2,0.0,0.0,27,9.0,0.0,0.0,0.0,0.0,0.0,0.0,1.0
482815,0,1,3400,-62,62,-74,26,26,2.3,0.0,0.0,27,9.0,0.0,0.0,0.0,0.0,0.0,0.0,1.0
483064,0,1,3400,-61,61,-69,27,26,2.2,0.0,0.0,27,9.0,0.0,0.0,0.0,0.0,0.0,0.0,1.0
483313,0,1,3400,-61,61,-73,26,26,2.2,0.0,0.0,27,9.0,0.0,0.0,0.0,0.0,0.0,0.0,1.0
483562,0,1,3400,-61,61,-72,26,26,2.2,0.0,0.0,27,9.0,0.0,0.0,0.0,0.0,0.0,0.0,1.0
483811,0,1,3400,-61,61,-74,26,27,2.2,0.0,0.0,27,9.0,0.0,0.0,0.0,0.0,0.0,0.0,1.0
484060,0,1,3400,-60,60,-74,26,27,2.2,0.0,0.0,27,9.0,0.0,0.0,0.0,0.0,0.0,0.0,1.0
484309,0,1,3400,-60,60,-76,26,27,2.2,0.0,0.0,27,8.9,0.0,0.0,0.0,0.0,0.0,0.0,1.0
484558,0,1,3400,-60,60,-74,26,28,2.2,0.0,0.0,27,9.0,0.0,0.0,0.0,0.0,0.0,0.0,1.0
484807,0,1,3400,-60,60,-73,26,28,2.2,0.0,0.0,27,9.0,0.0,0.0,0.0,0.0,0.0,0.0,1.0
485056,0,1,3400,-60,60,-74,26,28,2.2,0.0,0.0,27,9.0,0.0,0.0,0.0,0.0,0.0,0.0,1.0
485305,0,1,3400,-60,60,-72,27,27,2.2,0.0,0.0,27,9.0,0.0,0.0,0.0,0.0,0.0,0.0,1.0
485554,0,1,3400,-60,60,-69,26,27,2.3,0.0,0.0,27,9.0,0.0,0.0,0.0,0.0,0.0,0.0,1.0
485803,0,1,3400,-61,61,-70,26,27,2.2,0.0,0.0,27,9.0,0.0,0.0,0.0,0.0,0.0,0.0,1.0
486052,0,1,3400,-61,61,-69,26,27,2.2,0.0,0.0,27,9.0,0.0,0.0,0.0,0.0,0.0,0.0,1.0
486301,0,1,3400,-61,61,-75,26,27,2.2,0.0,0.0,27,9.0,0.0,0.0,0.0,0.0,0.0,0.0,1.0
486550,0,1,3400,-61,61,-71,26,27,2.2,0.0,0.0,27,9.0,0.0,0.0,0.0,0.0,0.0,0.0,1.0
486799,0,1,3400,-61,61,-68,26,26,2.2,0.0,0.0,27,9.0,0.0,0.0,0.0,0.0,0.0,0.0,1.0
487048,0,1,3400,-60,60,-70,26,27,2.2,0.0,0.0,27,9.0,0.0,0.0,0.0,0.0,0.0,0.0,1.0
487297,0,1,3400,-60,60,-71,26,27,2.2,0.0,0.0,27,9.0,0.0,0.0,0.0,0.0,0.0,0.0,1.0
487546,0,1,3400,-60,60,-72,26,27,2.2,0.0,0.0,27,9.0,0.0,0.0,0.0,0.0,0.0,0.0,1.0
487795,0,1,3400,-60,60,-76,26,28,2.2,0.0,0.0,27,9.0,0.0,0.0,0.0,0.0,0.0,0.0,1.0
488044,0,1,3400,-60,60,-75,26,28,2.2,0.0,0.0,27,9.0,0.0,0.0,0.0,0.0,0.0,0.0,1.0
488293,0,1,3400,-60,60,-77,26,28,2.2,0.0,0.0,27,9.0,0.0,0.0,0.0,0.0,0.0,0.0,1.0
488542,0,1,3400,-60,60,-68,26,28,2.2,0.0,0.0,27,9.0,0.0,0.0,0.0,0.0,0.0,0.0,1.0
488791,0,1,3400,-60,60,-69,26,28,2.2,0.0,0.0,27,9.0,0.0,0.0,0.0,0.0,0.0,0.0,1.0
489040,0,1,3400,-60,60,-68,26,28,2.2,0.0,0.0,27,9.0,0.0,0.0,0.0,0.0,0.0,0.0,1.0
489289,0,1,3400,-60,60,-66,26,28,2.2,0.0,0.0,27,9.0,0.0,0.0,0.0,0.0,0.0,0.0,1.0
489538,0,1,3400,-60,60,-71,26,28,2.2,0.0,0.0,27,9.0,0.0,0.0,0.0,0.0,0.0,0.0,1.0
489787,0,1,3400,-60,60,-70,26,27,2.2,0.0,0.0,27,9.0,0.0,0.0,0.0,0.0,0.0,0.0,1.0
490036,0,1,3400,-60,60,-69,26,27,2.2,0.0,0.0,27,9.0,0.0,0.0,0.0,0.0,0.0,0.0,1.0
490285,0,1,3400,-60,60,-70,26,27,2.2,0.0,0.0,27,9.0,0.0,0.0,0.0,0.0,0.0,0.0,1.0
490534,0,1,3400,-60,60,-70,26,27,2.2,0.0,0.0,27,9.0,0.0,0.0,0.0,0.0,0.0,0.0,1.0
490783,0,1,3400,-61,61,-70,26,27,2.2,0.0,0.0,27,9.0,0.0,0.0,0.0,0.0,0.0,0.0,1.0
491032,0,1,3400,-60,60,-74,26,27,2.2,0.0,0.0,27,9.0,0.0,0.0,0.0,0.0,0.0,0.0,1.0
491281,0,1,3400,-60,60,-75,26,27,2.2,0.0,0.0,27,9.0,0.0,0.0,0.0,0.0,0.0,0.0,1.0
491530,0,1,3400,-60,60,-73,26,27,2.2,0.0,0.0,27,9.0,0.0,0.0,0.0,0.0,0.0,0.0,1.0
491779,0,1,3400,-60,60,-76,26,28,2.2,0.0,0.0,27,8.9,0.0,0.0,0.0,0.0,0.0,0.0,1.0
492028,0,1,3400,-59,59,-75,26,28,2.2,0.0,0.0,27,9.0,0.0,0.0,0.0,0.0,0.0,0.0,1.0
492277,0,1,3400,-59,59,-70,26,28,2.2,0.0,0.0,27,9.0,0.0,0.0,0.0,0.0,0.0,0.0,1.0
492526,0,1,3400,-59,59,-72,26,28,2.2,0.0,0.0,27,9.0,0.0,0.0,0.0,0.0,0.0,0.0,1.0
492775,0,1,3400,-59,59,-68,26,28,2.2,0.0,0.0,27,9.0,0.0,0.0,0.0,0.0,0.0,0.0,1.0
493024,0,1,3400,-59,59,-67,26,28,2.2,0.0,0.0,27,9.0,0.0,0.0,0.0,0.0,0.0,0.0,1.0
493273,0,1,3400,-59,59,-71,26,28,2.2,0.0,0.0,27,9.0,0.0,0.0,0.0,0.0,0.0,0.0,1.0
493522,0,1,3400,-59,59,-70,26,28,2.2,0.0,0.0,27,9.0,0.0,0.0,0.0,0.0,0.0,0.0,1.0
493771,0,1,3400,-59,59,-74,26,28,2.2,0.0,0.0,27,9.0,0.0,0.0,0.0,0.0,0.0,0.0,1.0
494020,0,1,3400,-59,59,-78,26,28,2.2,0.0,0.0,27,9.0,0.0,0.0,0.0,0.0,0.0,0.0,1.0
494269,0,1,3400,-59,59,-76,26,28,2.2,0.0,0.0,27,9.0,0.0,0.0,0.0,0.0,0.0,0.0,1.0
494518,0,1,3400,-59,59,-72,26,28,2.2,0.0,0.0,27,9.0,0.0,0.0,0.0,0.0,0.0,0.0,1.0
494767,0,1,3400,-59,59,-72,26,28,2.2,0.0,0.0,27,9.0,0.0,0.0,0.0,0.0,0.0,0.0,1.0
495016,0,1,3400,-59,59,-71,26,28,2.2,0.0,0.0,27,9.0,0.0,0.0,0.0,0.0,0.0,0.0,1.0
495265,0,1,3400,-59,59,-70,26,28,2.2,0.0,0.0,27,9.0,0.0,0.0,0.0,0.0,0.0,0.0,1.0
495514,0,1,3400,-59,59,-73,26,28,2.2,0.0,0.0,27,8.9,0.0,0.0,0.0,0.0,0.0,0.0,1.0
495763,0,1,3400,-59,59,-74,26,29,2.2,0.0,0.0,27,9.0,0.0,0.0,0.0,0.0,0.0,0.0,1.0
496012,0,1,3400,-59,59,-75,27,28,2.2,0.0,0.0,27,9.0,0.0,0.0,0.0,0.0,0.0,0.0,1.0
496261,0,1,3400,-59,59,-70,26,28,2.3,0.0,0.0,27,9.0,0.0,0.0,0.0,0.0,0.0,0.0,1.0
496510,0,1,3400,-59,59,-73,26,28,2.2,0.0,0.0,27,9.0,0.0,0.0,0.0,0.0,0.0,0.0,1.0
496759,0,1,3400,-59,59,-73,26,28,2.2,0.0,0.0,27,9.0,0.0,0.0,0.0,0.0,0.0,0.0,1.0
497008,0,1,3400,-58,58,-70,26,28,2.2,0.0,0.0,27,9.0,0.0,0.0,0.0,0.0,0.0,0.0,1.0
497257,0,1,3400,-58,58,-68,26,28,2.2,0.0,0.0,27,9.0,0.0,0.0,0.0,0.0,0.0,0.0,1.0
497506,0,1,3400,-58,58,-72,26,28,2.2,0.0,0.0,27,9.0,0.0,0.0,0.0,0.0,0.0,0.0,1.0
497755,0,1,3400,-58,58,-72,26,28,2.2,0.0,0.0,27,9.0,0.0,0.0,0.0,0.0,0.0,0.0,1.0
498004,0,1,3400,-58,58,-73,26,28,2.2,0.0,0.0,27,9.0,0.0,0.0,0.0,0.0,0.0,0.0,1.0
498253,0,1,3400,-58,58,-69,26,29,2.2,0.0,0.0,27,9.0,0.0,0.0,0.0,0.0,0.0,0.0,1.0
498502,0,1,3400,-58,58,-74,26,29,2.2,0.0,0.0,27,9.0,0.0,0.0,0.0,0.0,0.0,0.0,1.0
498751,0,1,3400,-58,58,-71,26,29,2.2,0.0,0.0,27,9.0,0.0,0.0,0.0,0.0,0.0,0.0,1.0
499000,0,1,3400,-58,58,-74,26,29,2.2,0.0,0.0,27,9.0,0.0,0.0,0.0,0.0,0.0,0.0,1.0
499249,0,1,3400,-58,58,-70,26,29,2.2,0.0,0.0,27,9.0,0.0,0.0,0.0,0.0,0.0,0.0,1.0
499498,0,1,3400,-58,58,-72,27,29,2.2,0.0,0.0,27,9.0,0.0,0.0,0.0,0.0,0.0,0.0,1.0
499747,0,1,3400,-59,59,-73,26,28,2.3,0.0,0.0,27,9.0,0.0,0.0,0.0,0.0,0.0,0.0,1.0
499996,0,1,3400,-59,59,-71,26,28,2.2,0.0,0.0,27,9.0,0.0,0.0,0.0,0.0,0.0,0.0,1.0
500245,0,1,3400,-59,59,-67,27,28,2.2,0.0,0.0,27,9.0,0.0,0.0,0.0,0.0,0.0,0.0,1.0
500494,0,1,3400,-59,59,-72,26,28,2.2,0.0,0.0,27,9.0,0.0,0.0,0.0,0.0,0.0,0.0,1.0
500743,0,1,3400,-59,59,-68,26,28,2.2,0.0,0.0,27,9.0,0.0,0.0,0.0,0.0,0.0,0.0,1.0
500992,0,1,3400,-58,58,-65,26,28,2.2,0.0,0.0,27,9.0,0.0,0.0,0.0,0.0,0.0,0.0,1.0
501241,0,1,3400,-58,58,-69,26,28,2.2,0.0,0.0,27,9.0,0.0,0.0,0.0,0.0,0.0,0.0,1.0
501490,0,1,3400,-58,58,-68,26,28,2.2,0.0,0.0,27,9.0,0.0,0.0,0.0,0.0,0.0,0.0,1.0
501739,0,1,3400,-58,58,-74,26,28,2.2,0.0,0.0,27,9.0,0.0,0.0,0.0,0.0,0.0,0.0,1.0
501988,0,1,3400,-58,58,-74,26,28,2.2,0.0,0.0,27,9.0,0.0,0.0,0.0,0.0,0.0,0.0,1.0
502237,0,1,3400,-58,58,-68,26,28,2.2,0.0,0.0,27,9.0,0.0,0.0,0.0,0.0,0.0,0.0,1.0
502486,0,1,3400,-58,58,-66,26,29,2.2,0.0,0.0,27,8.9,0.0,0.0,0.0,0.0,0.0,0.0,1.0
502735,0,1,3400,-59,59,-68,26,28,2.2,0.0,0.0,27,9.0,0.0,0.0,0.0,0.0,0.0,0.0,1.0
502984,0,1,3400,-59,59,-67,26,28,2.2,0.0,0.0,27,8.9,0.0,0.0,0.0,0.0,0.0,0.0,1.0
503233,0,1,3400,-59,59,-63,26,28,2.2,0.0,0.0,27,9.0,0.0,0.0,0.0,0.0,0.0,0.0,1.0
503482,0,1,3400,-59,59,-67,26,28,2.2,0.0,0.0,27,9.0,0.0,0.0,0.0,0.0,0.0,0.0,1.0
503731,0,1,3400,-59,59,-69,26,28,2.2,0.0,0.0,27,9.0,0.0,0.0,0.0,0.0,0.0,0.0,1.0
503980,0,1,3400,-59,59,-73,26,28,2.2,0.0,0.0,27,9.0,0.0,0.0,0.0,0.0,0.0,0.0,1.0
504229,0,1,3400,-59,59,-79,26,28,2.2,0.0,0.0,27,9.0,0.0,0.0,0.0,0.0,0.0,0.0,1.0
504478,0,1,3400,-59,59,-73,26,27,2.2,0.0,0.0,27,9.0,0.0,0.0,0.0,0.0,0.0,0.0,1.0
504727,0,1,3400,-60,60,-72,26,27,2.2,0.0,0.0,27,9.0,0.0,0.0,0.0,0.0,0.0,0.0,1.0
504976,0,1,3400,-60,60,-70,26,27,2.2,0.0,0.0,27,9.0,0.0,0.0,0.0,0.0,0.0,0.0,1.0
505225,0,1,3400,-60,60,-65,26,27,2.2,0.0,0.0,27,9.0,0.0,0.0,0.0,0.0,0.0,0.0,1.0
505474,0,1,3400,-60,60,-71,26,27,2.2,0.0,0.0,27,9.0,0.0,0.0,0.0,0.0,0.0,0.0,1.0
505723,0,1,3400,-60,60,-69,26,27,2.2,0.0,0.0,27,9.0,0.0,0.0,0.0,0.0,0.0,0.0,1.0
505972,0,1,3400,-60,60,-72,26,27,2.2,0.0,0.0,27,9.0,0.0,0.0,0.0,0.0,0.0,0.0,1.0
506221,0,1,3400,-60,60,-72,26,27,2.2,0.0,0.0,27,9.0,0.0,0.0,0.0,0.0,0.0,0.0,1.0
506470,0,1,3400,-60,60,-68,26,27,2.2,0.0,0.0,27,9.0,0.0,0.0,0.0,0.0,0.0,0.0,1.0
506719,0,1,3400,-61,61,-66,26,27,2.2,0.0,0.0,27,9.0,0.0,0.0,0.0,0.0,0.0,0.0,1.0
506968,0,1,3400,-61,61,-74,26,27,2.2,0.0,0.0,27,9.0,0.0,0.0,0.0,0.0,0.0,0.0,1.0
507217,0,1,3400,-61,61,-73,26,27,2.2,0.0,0.0,27,9.0,0.0,0.0,0.0,0.0,0.0,0.0,1.0
507466,0,1,3400,-61,61,-75,26,27,2.2,0.0,0.0,27,9.0,0.0,0.0,0.0,0.0,0.0,0.0,1.0
507715,0,1,3400,-61,61,-74,26,27,2.2,0.0,0.0,27,9.0,0.0,0.0,0.0,0.0,0.0,0.0,1.0
507964,0,1,3400,-61,61,-74,26,27,2.2,0.0,0.0,27,9.0,0.0,0.0,0.0,0.0,0.0,0.0,1.0
508213,0,1,3400,-61,61,-72,26,27,2.2,0.0,0.0,27,9.0,0.0,0.0,0.0,0.0,0.0,0.0,1.0
508462,0,1,3400,-61,61,-74,26,27,2.2,0.0,0.0,27,9.0,0.0,0.0,0.0,0.0,0.0,0.0,1.0
508711,0,1,3400,-61,61,-76,26,27,2.2,0.0,0.0,27,9.0,0.0,0.0,0.0,0.0,0.0,0.0,1.0
508960,0,1,3400,-61,61,-71,26,27,2.2,0.0,0.0,27,9.0,0.0,0.0,0.0,0.0,0.0,0.0,1.0
509209,0,1,3400,-61,61,-68,26,27,2.2,0.0,0.0,27,9.0,0.0,0.0,0.0,0.0,0.0,0.0,1.0
509458,0,1,3400,-61,61,-68,26,27,2.2,0.0,0.0,27,9.0,0.0,0.0,0.0,0.0,0.0,0.0,1.0
509707,0,1,3400,-61,61,-72,26,27,2.2,0.0,0.0,27,9.0,0.0,0.0,0.0,0.0,0.0,0.0,1.0
509956,0,1,3400,-61,61,-72,26,27,2.2,0.0,0.0,27,9.0,0.0,0.0,0.0,0.0,0.0,0.0,1.0
510205,0,1,3400,-61,61,-70,26,27,2.2,0.0,0.0,27,9.0,0.0,0.0,0.0,0.0,0.0,0.0,1.0
510454,0,1,3400,-61,61,-72,26,27,2.2,0.0,0.0,27,9.0,0.0,0.0,0.0,0.0,0.0,0.0,1.0
510703,0,1,3400,-74,74,-114,26,15,2.2,0.0,0.0,27,9.0,0.0,0.0,0.0,0.0,0.0,0.0,1.0
510952,0,1,3400,-89,89,290,26,0.88,2.2,0.0,0.0,27,9.0,0.0,0.0,0.0,0.0,0.0,0.0,1.0
511201,0,1,3400,-89,89,923,26,0.94,2.2,0.0,0.0,27,8.9,0.0,0.0,0.0,0.0,0.0,0.0,1.0
511450,0,1,3400,-89,89,1677.454468,26,0.97,2.2,0.0,0.0,27,9.0,0.0,0.0,0.0,0.0,0.0,0.0,1.0
511699,0,1,3400,-89,89,2130.674561,26,0.90,2.2,0.0,0.0,27,9.1,0.0,0.0,0.0,0.0,0.0,0.0,1.0
511948,0,1,3400,-89,89,2130.674561,26,0.90,2.2,0.0,0.0,27,9.1,0.0,0.0,0.0,0.0,0.0,0.0,1.0
512197,0,1,3400,-89,89,2130.674561,26,0.90,2.2,0.0,0.0,27,9.1,0.0,0.0,0.0,0.0,0.0,0.0,1.0
512446,0,1,3400,-89,89,2130.674561,26,0.90,2.2,0.0,0.0,27,9.1,0.0,0.0,0.0,0.0,0.0,0.0,1.0
512695,0,1,3400,-89,89,2130.674561,26,0.90,2.2,0.0,0.0,27,9.1,0.0,0.0,0.0,0.0,0.0,0.0,0.0
512944,0,1,3400,-89,89,2130.674561,26,0.90,2.2,0.0,0.0,27,9.1,0.0,0.0,0.0,0.0,0.0,0.0,0.0
513193,0,1,3400,-89,89,2130.674561,26,0.90,2.2,0.0,0.0,27,9.1,0.0,0.0,0.0,0.0,0.0,0.0,0.0
513442,0,1,3400,-89,89,2130.674561,26,0.90,2.2,0.0,0.0,27,9.1,0.0,0.0,0.0,0.0,0.0,0.0,0.0
513691,0,1,3400,-89,89,2130.674561,26,0.90,2.2,0.0,0.0,27,9.1,0.0,0.0,0.0,0.0,0.0,0.0,0.0
513940,0,1,3400,-89,89,2130.674561,26,0.90,2.2,0.0,0.0,27,9.1,0.0,0.0,0.0,0.0,0.0,0.0,0.0
514189,0,1,3400,-89,89,2130.674561,26,0.90,2.2,0.0,0.0,27,9.1,0.0,0.0,0.0,0.0,0.0,0.0,0.0
514438,0,1,3400,-89,89,2130.674561,26,0.90,2.2,0.0,0.0,27,9.1,0.0,0.0,0.0,0.0,0.0,0.0,0.0
514687,0,1,3400,-89,89,2130.674561,26,0.90,2.2,0.0,0.0,27,9.1,0.0,0.0,0.0,0.0,0.0,0.0,0.0
514936,0,1,3400,-89,89,2130.674561,26,0.90,2.2,0.0,0.0,27,9.1,0.0,0.0,0.0,0.0,0.0,0.0,0.0
515185,0,1,3400,-89,89,2130.674561,26,0.90,2.2,0.0,0.0,27,9.1,0.0,0.0,0.0,0.0,0.0,0.0,0.0
515434,0,1,3400,-89,89,2130.674561,26,0.90,2.2,0.0,0.0,27,9.1,0.0,0.0,0.0,0.0,0.0,0.0,0.0
515683,0,1,3400,-89,89,2130.674561,26,0.90,2.2,0.0,0.0,27,9.1,0.0,0.0,0.0,0.0,0.0,0.0,0.0
515932,0,1,3400,-89,89,2130.674561,26,0.90,2.2,0.0,0.0,27,9.1,0.0,0.0,0.0,0.0,0.0,0.0,0.0
516181,0,1,3400,-89,89,2130.674561,26,0.90,2.2,0.0,0.0,27,9.1,0.0,0.0,0.0,0.0,0.0,0.0,0.0
516430,0,1,3400,-89,89,2130.674561,26,0.90,2.2,0.0,0.0,27,9.1,0.0,0.0,0.0,0.0,0.0,0.0,0.0
516679,0,1,3400,-89,89,2130.674561,26,0.90,2.2,0.0,0.0,27,9.1,0.0,0.0,0.0,0.0,0.0,0.0,0.0
516928,0,1,3400,-89,89,2130.674561,26,0.90,2.2,0.0,0.0,27,9.1,0.0,0.0,0.0,0.0,0.0,0.0,0.0
517177,0,1,3400,-89,89,2130.674561,26,0.90,2.2,0.0,0.0,27,9.1,0.0,0.0,0.0,0.0,0.0,0.0,0.0
517426,0,1,3400,-89,89,2130.674561,26,0.90,2.2,0.0,0.0,27,9.1,0.0,0.0,0.0,0.0,0.0,0.0,0.0
517675,0,1,3400,-89,89,2130.674561,26,0.90,2.2,0.0,0.0,27,9.1,0.0,0.0,0.0,0.0,0.0,0.0,0.0
517924,0,1,3400,-89,89,2130.674561,26,0.90,2.2,0.0,0.0,27,9.1,0.0,0.0,0.0,0.0,0.0,0.0,0.0
518173,0,1,3400,-89,89,2130.674561,26,0.90,2.2,0.0,0.0,27,9.1,0.0,0.0,0.0,0.0,0.0,0.0,0.0
518422,0,1,3400,-89,89,2130.674561,26,0.90,2.2,0.0,0.0,27,9.1,0.0,0.0,0.0,0.0,0.0,0.0,0.0
518671,0,1,3400,-89,89,2130.674561,26,0.90,2.2,0.0,0.0,27,9.1,0.0,0.0,0.0,0.0,0.0,0.0,0.0
518920,0,1,3400,-89,89,2130.674561,26,0.90,2.2,0.0,0.0,27,9.1,0.0,0.0,0.0,0.0,0.0,0.0,0.0
519169,0,1,3400,-89,89,2130.674561,26,0.90,2.2,0.0,0.0,27,9.1,0.0,0.0,0.0,0.0,0.0,0.0,0.0
519418,0,1,3400,-89,89,2130.674561,26,0.90,2.2,0.0,0.0,27,9.1,0.0,0.0,0.0,0.0,0.0,0.0,0.0
519667,0,1,3400,-89,89,2130.674561,26,0.90,2.2,0.0,0.0,27,9.1,0.0,0.0,0.0,0.0,0.0,0.0,0.0
519916,0,1,3400,-89,89,2130.674561,26,0.90,2.2,0.0,0.0,27,9.1,0.0,0.0,0.0,0.0,0.0,0.0,0.0
520165,0,1,3400,-89,89,2130.674561,26,0.90,2.2,0.0,0.0,27,9.1,0.0,0.0,0.0,0.0,0.0,0.0,0.0
520414,0,1,3400,-89,89,2130.674561,26,0.90,2.2,0.0,0.0,27,9.1,0.0,0.0,0.0,0.0,0.0,0.0,0.0
520663,0,1,3400,-89,89,2130.674561,26,0.90,2.2,0.0,0.0,27,9.1,0.0,0.0,0.0,0.0,0.0,0.0,0.0
520912,0,1,3400,-89,89,2130.674561,26,0.90,2.2,0.0,0.0,27,9.1,0.0,0.0,0.0,0.0,0.0,0.0,0.0
521161,0,1,3400,-89,89,2130.674561,26,0.90,2.2,0.0,0.0,27,9.1,0.0,0.0,0.0,0.0,0.0,0.0,0.0
521410,0,1,3400,-89,89,