Timestamp,num_ues,IMSI,RNTI,,slicing_enabled,slice_id,slice_prb,power_multiplier,scheduling_policy,,dl_mcs,dl_n_samples,dl_buffer [bytes],tx_brate downlink [Mbps],tx_pkts downlink,tx_errors downlink (%),dl_cqi,,ul_mcs,ul_n_samples,ul_buffer [bytes],rx_brate uplink [Mbps],rx_pkts uplink,rx_errors uplink (%),ul_rssi,ul_sinr,phr,,sum_requested_prbs,sum_granted_prbs,,dl_pmi,dl_ri,ul_n,ul_turbo_iters
1604436481435,10,1010123456006,76,,1,0,2,1,0,,12.6667,15,1350,0.008256,5,0,9,,2.78571,14,0,0.1,6,16.6667,0,6.42101,31,,36,12,,0,0,0,2.28571
1604436481684,10,1010123456006,76,,1,0,2,1,0,,10.0777,193,28059,0.119679,75,0,5.5,,2.24,75,0,0.1,30,10,0,5.46203,31,,-250,156,,0,0,0,2.45333
1604436481935,10,1010123456006,76,,1,0,2,1,0,,17.1987,151,53148,0.164128,63,0,9.5,,7.96774,93,0,0.1,37,72.973,0,4.27204,31,,-250,124,,0,0,0,7.97849
1604436482185,10,1010123456006,76,,1,0,2,1,0,,13.2874,87,81537,0.061856,35,0,4.33333,,6.52632,38,0,0.1,16,31.25,0,8.03236,31,,-250,132,,0,0,0,3.47368
1604436482434,10,1010123456006,76,,1,0,2,1,0,,12.2469,162,108484,0.102426,60,0,6,,0,0,0,0,0,0,0,0,0,,-250,126,,0,0,0,0
1604436482684,10,1010123456006,76,,1,0,2,1,0,,13.6821,151,135012,0.12212,63,0,7.33333,,2.94565,92,0,0.1,38,21.0526,0,6.54828,31,,-250,126,,0,0,0,2.82609
1604436482934,10,1010123456006,76,,1,0,2,1,0,,14.7447,188,160494,0.158592,78,0,8.75,,0,2,0,0.1,1,0,0,0,31,,-249,150,,0,0,0,0
1604436483184,10,1010123456006,76,,1,0,2,1,0,,14.0328,183,183570,0.142336,72,0,8,,0,0,0,0,0,0,0,0,0,,-250,146,,0,0,0,0
1604436483434,10,1010123456006,76,,1,0,2,1,0,,13.3144,194,183788,0.1369,75,0,7.5,,0,0,0,0,0,0,0,0,0,,-249,154,,0,0,0,0
1604436483684,10,1010123456006,76,,1,0,2,1,0,,10.5989,182,183742,0.106528,76,0,8.5,,5.36111,36,0,0.1,15,26.6667,0,5.42233,31,,-250,146,,0,0,0,3.47222
1604436483934,10,1010123456006,76,,1,0,2,1,0,,17.4641,153,183582,0.196209,63,0,8,,0,2,0,0.1,1,0,0,0,0,,-250,128,,0,0,0,0
1604436484184,10,1010123456006,76,,1,0,2,1,0,,13.1389,180,184147,0.131328,74,0,7,,0,0,0,0,0,0,0,0,0,,-250,146,,0,0,0,0
1604436484434,10,1010123456006,76,,1,0,2,1,0,,13.5032,157,183663,0.111104,60,0,8,,0,0,0,0,0,0,0,0,0,,-250,124,,0,0,0,0
1604436484684,10,1010123456006,76,,1,0,2,1,0,,13.8868,159,184296,0.125462,65,0,8,,2.61765,34,0,0.1,14,28.5714,0,5.18917,31,,-250,130,,0,0,0,3.17647
1604436484934,10,1010123456006,76,,1,0,2,1,0,,11.4023,174,183938,0.117944,71,0,6.33333,,0,0,0,0,0,0,0,0,0,,-251,142,,0,0,0,0
1604436485184,10,1010123456006,76,,1,0,2,1,0,,11.8983,118,184516,0.0800643,50,0,5.66667,,0,0,0,0,0,0,0,0,0,,-249,134,,0,0,0,0
1604436485434,10,1010123456006,76,,1,0,2,1,0,,0,0,184516,0,0,0,0.1,,0,0,0,0,0,0,0,0,0,,-250,106,,0,0,0,0
1604436485684,10,1010123456006,76,,1,0,2,1,0,,10.7182,110,184522,0.091936,45,0,9,,0,0,0,0,0,0,0,0,0,,-250,132,,0,0,0,0
1604436485934,10,1010123456006,76,,1,0,2,1,0,,19.975,160,184408,0.247582,68,0,9,,0.1,3,0,0.1,1,0,0,12.8958,31,,-250,136,,0,0,0,1
1604436486184,10,1010123456006,76,,1,0,2,1,0,,14.5252,139,183966,0.115181,57,0,7,,2.78261,46,0,0.1,19,52.6316,0,4.94693,0,,-250,114,,0,0,0,6
1604436486434,10,1010123456006,76,,1,0,2,1,0,,11.28,150,184148,0.088,57,0,6,,0,0,0,0,0,0,0,0,0,,-250,120,,0,0,0,0
1604436486684,10,1010123456006,76,,1,0,2,1,0,,11.8981,157,183973,0.107695,64,0,6.75,,4.2973,37,0,0.1,15,40,0,4.79812,31,,-250,126,,0,0,0,4.40541
1604436486934,10,1010123456006,76,,1,0,2,1,0,,13.9571,163,183208,0.124736,64,0,8,,0,0,0,0,0,0,0,0,0,,-250,128,,0,0,0,0
1604436487184,10,1010123456006,76,,1,0,2,1,0,,13.788,184,183495,0.139232,73,0,8,,0,0,0,0,0,0,0,0,0,,-250,144,,0,0,0,0
1604436487434,10,1010123456006,76,,1,0,2,1,0,,15.8027,147,183446,0.12559,57,0,9.75,,0,0,0,0,0,0,0,0,0,,-250,120,,0,0,0,0
1604436487684,10,1010123456006,76,,1,0,2,1,0,,15.5233,193,183558,0.211181,81,0,8,,16,10,0,0,4,100,0,5.93863,0,,-251,158,,0,0,0,10
1604436487934,10,1010123456006,76,,1,0,2,1,0,,14.3563,160,184035,0.126137,64,0,8.33333,,0,0,0,0,0,0,0,0,0,,-250,130,,0,0,0,0
1604436488184,10,1010123456006,76,,1,0,2,1,0,,13.1481,189,184305,0.146056,76,0,7,,1.42857,21,0,0.1,8,0,0,5.8489,31,,-250,152,,0,0,0,1
1604436488434,10,1010123456006,76,,1,0,2,1,0,,14.66,150,183351,0.128546,63,0,8.5,,0,0,0,0,0,0,0,0,0,,-250,124,,0,0,0,0
1604436488684,10,1010123456006,76,,1,0,2,1,0,,12.0581,172,184398,0.114345,67,0,7.16667,,6.25,12,0,0.1,5,0,0,9.24607,31,,-250,134,,0,0,0,2.91667
1604436488934,10,1010123456006,76,,1,0,2,1,0,,12.5538,65,184591,0.0437912,25,0,3.5,,0,0,0,0,0,0,0,0,0,,-250,156,,0,0,0,0
1604436489184,10,1010123456006,76,,1,0,2,1,0,,9.82584,178,183515,0.0791004,65,0,7.33333,,0,0,0,0,0,0,0,0,0,,-250,138,,0,0,0,0
1604436489434,10,1010123456006,76,,1,0,2,1,0,,13.7153,137,183227,0.114506,60,0,8,,0,0,0,0,0,0,0,0,0,,-249,114,,0,0,0,0
1604436489684,10,1010123456006,76,,1,0,2,1,0,,16.2857,175,184243,0.156832,67,0,8.28571,,8.78571,14,0,0.1,6,16.6667,0,13.1044,31,,-250,134,,0,0,0,2.57143
1604436489934,10,1010123456006,76,,1,0,2,1,0,,16.0788,165,183894,0.160353,67,0,9,,0,0,0,0,0,0,0,0,0,,-251,134,,0,0,0,0
1604436490184,10,1010123456006,76,,1,0,2,1,0,,13.9793,145,183421,0.120546,61,0,7.66667,,0,0,0,0,0,0,0,0,0,,-249,116,,0,0,0,0
1604436490434,10,1010123456006,76,,1,0,2,1,0,,18.3351,194,182991,0.196594,73,0,9,,0,0,0,0,0,0,0,0,0,,-250,154,,0,0,0,0
1604436490684,10,1010123456006,76,,1,0,2,1,0,,15.705,139,183693,0.129767,57,0,8,,9,12,0,0,4,100,0,1.80814,0,,-250,110,,0,0,0,10
1604436490934,10,1010123456006,76,,1,0,2,1,0,,16.8773,163,183357,0.152512,62,0,8.6,,0,2,0,0.1,1,0,0,0,31,,-250,128,,0,0,0,0
1604436491184,10,1010123456006,76,,1,0,2,1,0,,12.2244,156,184623,0.111871,65,0,6.5,,9.92308,13,0,0.1,5,20,0,11.8516,0,,-250,126,,0,0,0,3.61538
1604436491434,10,1010123456006,76,,1,0,2,1,0,,11.0778,180,184301,0.10528,74,0,7.25,,0,0,0,0,0,0,0,0,0,,-250,152,,0,0,0,0
1604436491684,10,1010123456006,76,,1,0,2,1,0,,13.8805,159,183673,0.124273,64,0,8,,3.16667,24,0,0.1,10,10,0,4.32918,31,,-250,124,,0,0,0,2.5
1604436491934,10,1010123456006,76,,1,0,2,1,0,,13.877,187,183805,0.1431,74,0,8,,0,0,0,0,0,0,0,0,0,,-250,148,,0,0,0,0
1604436492184,10,1010123456006,76,,1,0,2,1,0,,13.75,180,184225,0.135486,71,0,8,,0,0,0,0,0,0,0,0,0,,-250,140,,0,0,0,0
1604436492434,10,1010123456006,76,,1,0,2,1,0,,9.78102,137,183596,0.0671486,50,0,5.6,,0,0,0,0,0,0,0,0,0,,-250,134,,0,0,0,0
1604436492684,10,1010123456006,76,,1,0,2,1,0,,13.6748,123,183814,0.0990201,52,0,8,,7.57143,35,0,0.1,13,46.1538,0,6.28683,31,,-250,96,,0,0,0,5.85714
1604436492934,10,1010123456006,76,,1,0,2,1,0,,14,168,184120,0.135229,69,0,8,,1.15385,13,0,0.1,5,0,0,8.48585,0,,-250,140,,0,0,0,1
1604436493184,10,1010123456006,76,,1,0,2,1,0,,14.5952,168,184387,0.131631,65,0,8.5,,0,0,0,0,0,0,0,0,0,,-250,134,,0,0,0,0
1604436493434,10,1010123456006,76,,1,0,2,1,0,,15.1105,172,184441,0.149494,69,0,8.2,,0,0,0,0,0,0,0,0,0,,-250,136,,0,0,0,0
1604436493684,10,1010123456006,76,,1,0,2,1,0,,16.9686,191,183356,0.183647,76,0,9,,4.925,40,0,0.1,16,6.25,0,10.8173,31,,-250,150,,0,0,0,2.05
1604436493934,10,1010123456006,76,,1,0,2,1,0,,18.7066,167,183536,0.185349,67,0,9,,0,0,0,0,0,0,0,0,0,,-250,136,,0,0,0,0
1604436494185,10,1010123456006,76,,1,0,2,1,0,,3.59887,177,184037,0.0431554,74,0,3.33333,,0,0,0,0,0,0,0,0,0,,-251,146,,0,0,0,0
1604436494434,10,1010123456006,76,,1,0,2,1,0,,25.7418,182,183242,0.393831,74,0,15,,0,0,0,0,0,0,0,0,0,,-250,150,,0,0,0,0
1604436494684,10,1010123456006,76,,1,0,2,1,0,,14.9712,139,183926,0.127004,57,0,6.8,,0,0,0,0,0,0,0,0,0,,-250,142,,0,0,0,0
1604436494934,10,1010123456006,76,,1,0,2,1,0,,10.28,150,184215,0.097992,62,0,4.75,,7.51111,45,0,0.1,19,36.8421,0,9.00238,31,,-250,122,,0,0,0,5.35556
1604436495184,10,1010123456006,76,,1,0,2,1,0,,19.6446,166,183234,0.219823,68,0,10.5,,0,0,0,0,0,0,0,0,0,,-250,134,,0,0,0,0
1604436495434,10,1010123456006,76,,1,0,2,1,0,,17.2514,175,184605,0.246201,67,0,4.5,,0,0,0,0,0,0,0,0,0,,-250,140,,0,0,0,0
1604436495684,10,1010123456006,76,,1,0,2,1,0,,11.4266,143,183403,0.0884177,58,0,9,,7.66667,15,0,0.1,7,42.8571,0,6.93963,31,,-250,112,,0,0,0,4.33333
1604436495934,10,1010123456006,76,,1,0,2,1,0,,16.4477,172,184189,0.172416,72,0,8.8,,9.6,5,0,0.1,2,0,0,9.20089,0,,-250,140,,0,0,0,1.6
1604436496184,10,1010123456006,76,,1,0,2,1,0,,16.4417,163,183779,0.154345,64,0,9,,0,0,0,0,0,0,0,0,0,,-249,132,,0,0,0,0
1604436496434,10,1010123456006,76,,1,0,2,1,0,,17.5,162,183210,0.165462,64,0,9,,0,0,0,0,0,0,0,0,0,,-250,128,,0,0,0,0
1604436496684,10,1010123456006,76,,1,0,2,1,0,,11.1045,134,183664,0.0835663,55,0,7,,3.4,25,0,0.1,10,20,0,4.95331,31,,-250,110,,0,0,0,3.48
1604436496934,10,1010123456006,76,,1,0,2,1,0,,18.0207,145,183270,0.160932,61,0,9,,0.1,7,0,0.1,3,0,0,8.58726,0,,-250,120,,0,0,0,1
1604436497184,10,1010123456006,76,,1,0,2,1,0,,12.8547,179,183804,0.130048,71,0,7.2,,0,0,0,0,0,0,0,0,0,,-250,142,,0,0,0,0
1604436497434,10,1010123456006,76,,1,0,2,1,0,,20.7805,123,184149,0.18188,49,0,8.8,,0,0,0,0,0,0,0,0,0,,-250,126,,0,0,0,0
1604436497684,10,1010123456006,76,,1,0,2,1,0,,18.7907,172,184060,0.190426,69,0,9,,4.46667,15,0,0.1,6,16.6667,0,6.91917,31,,-249,140,,0,0,0,2.73333
1604436497934,10,1010123456006,76,,1,0,2,1,0,,17.8682,129,184257,0.135168,52,0,9.25,,0,0,0,0,0,0,0,0,0,,-250,106,,0,0,0,0
1604436498184,10,1010123456006,76,,1,0,2,1,0,,16.4545,154,184340,0.143711,61,0,8,,0,0,0,0,0,0,0,0,0,,-250,122,,0,0,0,0
1604436498434,10,1010123456006,76,,1,0,2,1,0,,18.7469,162,183280,0.182843,67,0,9,,0,0,0,0,0,0,0,0,0,,-250,132,,0,0,0,0
1604436498684,10,1010123456006,76,,1,0,2,1,0,,12.4045,178,183826,0.126458,70,0,6.25,,2.53125,32,0,0.1,13,7.69231,0,4.91726,31,,-250,144,,0,0,0,2.28125
1604436498934,10,1010123456006,76,,1,0,2,1,0,,17.3185,157,183211,0.169285,67,0,8.75,,0,0,0,0,0,0,0,0,0,,-250,132,,0,0,0,0
1604436499184,10,1010123456006,76,,1,0,2,1,0,,25.0479,188,183768,0.355936,75,0,14,,0,0,0,0,0,0,0,0,0,,-250,148,,0,0,0,0
1604436499434,10,1010123456006,76,,1,0,2,1,0,,13.031,129,183828,0.153414,53,0,3,,0,0,0,0,0,0,0,0,0,,-250,104,,0,0,0,0
1604436499684,10,1010123456006,76,,1,0,2,1,0,,13.0311,161,183151,0.11412,64,0,8.66667,,0.647059,51,0,0.1,20,0,0,6.00188,31,,-250,132,,0,0,0,1.17647
1604436499934,10,1010123456006,76,,1,0,2,1,0,,21.7012,164,184347,0.247871,67,0,11.6667,,0,0,0,0,0,0,0,0,0,,-250,132,,0,0,0,0
1604436500184,10,1010123456006,76,,1,0,2,1,0,,20.6947,190,183924,0.257992,78,0,9,,0,0,0,0,0,0,0,0,0,,-250,154,,0,0,0,0
1604436500434,10,1010123456006,76,,1,0,2,1,0,,17.422,173,184306,0.16996,65,0,8.5,,0,0,0,0,0,0,0,0,0,,-250,138,,0,0,0,0
1604436500684,10,1010123456006,76,,1,0,2,1,0,,9.90741,108,183971,0.0747309,49,0,2.5,,8.33333,15,0,0.1,6,0,0,13.3158,31,,-250,132,,0,0,0,1.8
1604436500934,10,1010123456006,76,,1,0,2,1,0,,4.6303,165,184537,0.0372369,67,0,4,,0,0,0,0,0,0,0,0,0,,-251,132,,0,0,0,0
1604436501184,10,1010123456006,76,,1,0,2,1,0,,15.5135,185,182894,0.184,75,0,11,,0,0,0,0,0,0,0,0,0,,-250,154,,0,0,0,0
1604436501434,10,1010123456006,76,,1,0,2,1,0,,23,206,184303,0.343871,81,0,10.25,,0,0,0,0,0,0,0,0,0,,-250,162,,0,0,0,0
1604436501684,10,1010123456006,76,,1,0,2,1,0,,16.15,180,183521,0.167068,72,0,8.2,,5.94444,18,0,0.1,7,14.2857,0,6.11686,31,,-250,148,,0,0,0,3.61111
1604436501934,10,1010123456006,76,,1,0,2,1,0,,16.9516,186,183731,0.197108,79,0,8,,0,0,0,0,0,0,0,0,0,,-250,152,,0,0,0,0
1604436502184,10,1010123456006,76,,1,0,2,1,0,,16.5904,166,183533,0.15653,66,0,9,,0,0,0,0,0,0,0,0,0,,-250,128,,0,0,0,0
1604436502434,10,1010123456006,76,,1,0,2,1,0,,16.6872,195,183563,0.192418,75,0,8,,0,0,0,0,0,0,0,0,0,,-250,156,,0,0,0,0
1604436502684,10,1010123456006,76,,1,0,2,1,0,,16.4276,145,183515,0.147104,61,0,10,,1.5,36,0,0.1,15,6.66667,0,4.8049,31,,-250,116,,0,0,0,1.55556
1604436502934,10,1010123456006,76,,1,0,2,1,0,,18.9084,131,183550,0.143454,51,0,4.5,,0,0,0,0,0,0,0,0,0,,-250,128,,0,0,0,0
1604436503184,10,1010123456006,76,,1,0,2,1,0,,19.4253,87,183402,0.0983454,33,0,9.5,,0,0,0,0,0,0,0,0,0,,-250,136,,0,0,0,0
1604436503434,10,1010123456006,76,,1,0,2,1,0,,16.1011,188,183817,0.173912,74,0,8,,0,0,0,0,0,0,0,0,0,,-249,152,,0,0,0,0
1604436503684,10,1010123456006,76,,1,0,2,1,0,,18.2405,158,184241,0.180948,66,0,9.66667,,2.01961,51,0,0.1,20,0,0,7.20651,31,,-250,132,,0,0,0,1.19608
1604436503934,10,1010123456006,76,,1,0,2,1,0,,19.4533,150,183084,0.187373,64,0,10,,0,0,0,0,0,0,0,0,0,,-250,124,,0,0,0,0
1604436504184,10,1010123456006,76,,1,0,2,1,0,,19.5179,168,183057,0.190137,64,0,10,,0,0,0,0,0,0,0,0,0,,-250,130,,0,0,0,0
1604436504434,10,1010123456006,76,,1,0,2,1,0,,19.0054,187,184036,0.204128,73,0,9.5,,0,0,0,0,0,0,0,0,0,,-251,150,,0,0,0,0
1604436504684,10,1010123456006,76,,1,0,2,1,0,,17.0403,149,184054,0.151711,60,0,9.25,,0.62963,54,0,0.1,22,4.54545,0,4.82657,31,,-249,114,,0,0,0,1.75926
1604436504934,10,1010123456006,76,,1,0,2,1,0,,19.2128,141,183554,0.162336,55,0,7.5,,0,0,0,0,0,0,0,0,0,,-250,110,,0,0,0,0
1604436505184,10,1010123456006,76,,1,0,2,1,0,,17.7955,176,183836,0.175968,69,0,9.33333,,0,0,0,0,0,0,0,0,0,,-250,142,,0,0,0,0
1604436505434,10,1010123456006,76,,1,0,4,1,0,,19.3529,136,183632,0.252723,58,0,10,,0,0,0,0,0,0,0,0,0,,-250,168,,0,0,0,0
1604436505684,10,1010123456006,76,,1,0,4,1,0,,19.5236,191,184412,0.440867,74,0,10,,3.27273,33,0,0.1,13,0,0,9.06772,31,,-250,300,,0,0,0,1.18182
1604436505934,10,1010123456006,76,,1,0,4,1,0,,11.608,199,183865,0.310522,79,0,5,,0,0,0,0,0,0,0,0,0,,-250,328,,0,0,0,0
1604436506184,10,1010123456006,76,,1,0,4,1,0,,12.6724,174,183649,0.243904,70,0,7.6,,0,0,0,0,0,0,0,0,0,,-250,272,,0,0,0,0
1604436506434,10,1010123456006,76,,1,0,4,1,0,,12.5763,177,183281,0.232672,67,0,7.16667,,0,0,0,0,0,0,0,0,0,,-250,276,,0,0,0,0
1604436506684,10,1010123456006,76,,1,0,4,1,0,,12.5924,157,183320,0.259598,68,0,8.75,,2.84375,32,0,0.1,13,0,0,8.58453,31,,-250,256,,0,0,0,1.40625
1604436506934,10,1010123456006,76,,1,0,4,1,0,,8.24183,153,184195,0.164402,61,0,4.5,,0,0,0,0,0,0,0,0,0,,-250,248,,0,0,0,0
1604436507184,10,1010123456006,76,,1,0,4,1,0,,8.5,168,183130,0.151647,62,0,9.33333,,0,0,0,0,0,0,0,0,0,,-250,268,,0,0,0,0
1604436507434,10,1010123456006,76,,1,0,4,1,0,,18.1818,132,184237,0.320096,59,0,10,,0,0,0,0,0,0,0,0,0,,-251,216,,0,0,0,0
1604436507684,10,1010123456006,76,,1,0,4,1,0,,19.04,150,183877,0.337574,59,0,10,,2.5,26,0,0.1,11,0,0,6.03671,31,,-250,240,,0,0,0,1
1604436507934,10,1010123456006,76,,1,0,4,1,0,,20.0268,149,183333,0.395502,62,0,12,,0,0,0,0,0,0,0,0,0,,-250,248,,0,0,0,0
1604436508184,10,1010123456006,76,,1,0,4,1,0,,19.1747,166,182154,0.392482,68,0,12.5,,0,0,0,0,0,0,0,0,0,,-250,276,,0,0,0,0
1604436508434,10,1010123456006,76,,1,0,4,1,0,,20.0448,134,183661,0.353574,53,0,10,,0,0,0,0,0,0,0,0,0,,-249,208,,0,0,0,0
1604436508684,10,1010123456006,76,,1,0,4,1,0,,14.8013,151,184165,0.272932,61,0,6,,4.19149,47,0,0.1,19,10.5263,0,9.85747,31,,-251,244,,0,0,0,1.80851
1604436508934,10,1010123456006,76,,1,0,4,1,0,,19.4525,179,183797,0.423293,71,0,10,,0,0,0,0,0,0,0,0,0,,-250,296,,0,0,0,0
1604436509184,10,1010123456006,76,,1,0,4,1,0,,19.4112,197,184001,0.46128,79,0,10,,0,0,0,0,0,0,0,0,0,,-249,312,,0,0,0,0
1604436509434,10,1010123456006,76,,1,0,4,1,0,,19.6453,172,183245,0.408289,68,0,10,,0,0,0,0,0,0,0,0,0,,-251,268,,0,0,0,0
1604436509684,10,1010123456006,76,,1,0,4,1,0,,19.3282,131,184037,0.323566,55,0,9.8,,3.89655,29,0,0.1,12,0,0,7.85045,31,,-249,208,,0,0,0,1.51724
1604436509934,10,1010123456006,76,,1,0,4,1,0,,19.6111,180,183993,0.421205,70,0,10,,0,0,0,0,0,0,0,0,0,,-250,284,,0,0,0,0
1604436510184,10,1010123456006,76,,1,0,4,1,0,,19.6755,188,183713,0.421568,70,0,10,,0,0,0,0,0,0,0,0,0,,-251,288,,0,0,0,0
1604436510434,10,1010123456006,76,,1,0,4,1,0,,20.1027,185,182498,0.457285,73,0,10.3333,,0,0,0,0,0,0,0,0,0,,-249,296,,0,0,0,0
1604436510684,10,1010123456006,76,,1,0,4,1,0,,16.3241,145,183741,0.308448,61,0,8.66667,,5.73333,15,0,0.1,6,0,0,9.68869,31,,-250,232,,0,0,0,1.53333
1604436510934,10,1010123456006,76,,1,0,4,1,0,,19.6347,167,182986,0.395328,66,0,10,,0,0,0,0,0,0,0,0,0,,-250,268,,0,0,0,0
1604436511184,10,1010123456006,76,,1,0,4,1,0,,18.9813,160,183441,0.36224,64,0,10,,0,0,0,0,0,0,0,0,0,,-250,256,,0,0,0,0
1604436511434,10,1010123456006,76,,1,0,4,1,0,,19.5725,138,183102,0.343004,56,0,9.5,,0,0,0,0,0,0,0,0,0,,-250,224,,0,0,0,0
1604436511684,10,1010123456006,76,,1,0,4,1,0,,18.6554,177,184177,0.396594,72,0,9,,2.23077,26,0,0.1,11,0,0,11.0793,31,,-250,284,,0,0,0,1
1604436511934,10,1010123456006,76,,1,0,4,1,0,,16.3973,146,184245,0.286329,56,0,7.66667,,0,0,0,0,0,0,0,0,0,,-250,228,,0,0,0,0
1604436512184,10,1010123456006,76,,1,0,4,1,0,,15.6533,199,183404,0.358752,79,0,8,,0,0,0,0,0,0,0,0,0,,-250,316,,0,0,0,0
1604436512434,10,1010123456006,76,,1,0,4,1,0,,14.9368,174,184220,0.283373,68,0,9,,0,0,0,0,0,0,0,0,0,,-250,284,,0,0,0,0
1604436512684,10,1010123456006,76,,1,0,4,1,0,,18.596,198,182885,0.433189,79,0,9,,2.40909,44,0,0.1,18,0,0,8.39007,31,,-250,308,,0,0,0,1.61364
1604436512934,10,1010123456006,76,,1,0,4,1,0,,22.3438,160,183061,0.491309,64,0,11,,0,0,0,0,0,0,0,0,0,,-250,256,,0,0,0,0
1604436513184,10,1010123456006,76,,1,0,4,1,0,,13.4278,187,183301,0.361542,79,0,7,,0,0,0,0,0,0,0,0,0,,-250,304,,0,0,0,0
1604436513434,10,1010123456006,76,,1,0,4,1,0,,18.9396,149,183241,0.32106,57,0,9.33333,,0,0,0,0,0,0,0,0,0,,-250,236,,0,0,0,0
1604436513684,10,1010123456006,76,,1,0,4,1,0,,16.7784,176,184087,0.358683,72,0,8.25,,2.81395,43,0,0.1,17,0,0,9.4817,31,,-250,284,,0,0,0,1.11628
1604436513934,10,1010123456006,76,,1,0,4,1,0,,13.3699,146,184082,0.240514,62,0,8,,0,0,0,0,0,0,0,0,0,,-251,248,,0,0,0,0
1604436514185,10,1010123456006,76,,1,0,4,1,0,,12.7423,194,184313,0.280224,75,0,6.75,,0,0,0,0,0,0,0,0,0,,-250,308,,0,0,0,0
1604436514434,10,1010123456006,76,,1,0,4,1,0,,6.48485,132,184493,0.0854297,53,0,6.5,,0,0,0,0,0,0,0,0,0,,-249,208,,0,0,0,0
1604436514684,10,1010123456006,76,,1,0,4,1,0,,22.8562,146,184385,0.514699,60,0,10.5,,2.65625,32,0,0.1,13,0,0,6.93403,31,,-251,248,,0,0,0,1.5
1604436514934,10,1010123456006,76,,1,0,4,1,0,,16.2022,183,184026,0.450112,76,0,8.33333,,0,0,0,0,0,0,0,0,0,,-250,296,,0,0,0,0
1604436515184,10,1010123456006,76,,1,0,4,1,0,,9.16022,181,182946,0.205912,74,0,9.33333,,0,0,0,0,0,0,0,0,0,,-250,296,,0,0,0,0
1604436515434,10,1010123456006,76,,1,0,4,1,0,,17.845,129,183289,0.343357,56,0,8.5,,0,0,0,0,0,0,0,0,0,,-249,216,,0,0,0,0
1604436515684,10,1010123456006,76,,1,0,4,1,0,,14.1361,169,183777,0.247711,61,0,9,,2.8,30,0,0.1,11,9.09091,0,5.77691,31,,-250,264,,0,0,0,2.1
1604436515934,10,1010123456006,76,,1,0,4,1,0,,20.0959,146,183685,0.390747,62,0,10.5,,0,0,0,0,0,0,0,0,0,,-251,236,,0,0,0,0
1604436516184,10,1010123456006,76,,1,0,4,1,0,,12.661,177,183592,0.290988,75,0,7.6,,0,0,0,0,0,0,0,0,0,,-250,300,,0,0,0,0
1604436516434,10,1010123456006,76,,1,0,4,1,0,,13.7892,185,184256,0.319614,75,0,7.33333,,0,0,0,0,0,0,0,0,0,,-249,308,,0,0,0,0
1604436516684,10,1010123456006,76,,1,0,4,1,0,,18.2376,202,184140,0.415968,81,0,9.2,,5.24138,29,0,0.1,12,0,0,10.1919,31,,-250,320,,0,0,0,1.51724
1604436516934,10,1010123456006,76,,1,0,4,1,0,,18.8444,135,183300,0.323245,57,0,9,,0,0,0,0,0,0,0,0,0,,-250,220,,0,0,0,0
1604436517184,10,1010123456006,76,,1,0,4,1,0,,18.3333,159,183948,0.36208,67,0,9,,0,0,0,0,0,0,0,0,0,,-250,264,,0,0,0,0
1604436517434,10,1010123456006,76,,1,0,4,1,0,,12.2609,161,184370,0.212048,60,0,8,,0,0,0,0,0,0,0,0,0,,-250,252,,0,0,0,0
1604436517684,10,1010123456006,76,,1,0,4,1,0,,14.087,161,183528,0.273896,69,0,9,,4.58333,12,0,0.1,5,0,0,7.99833,31,,-250,272,,0,0,0,2.75
1604436517934,10,1010123456006,76,,1,0,4,1,0,,17.1006,179,184147,0.351424,70,0,8.75,,0,0,0,0,0,0,0,0,0,,-250,280,,0,0,0,0
1604436518184,10,1010123456006,76,,1,0,4,1,0,,19.5189,106,183559,0.267168,45,0,10,,0,0,0,0,0,0,0,0,0,,-250,172,,0,0,0,0
1604436518434,10,1010123456006,76,,1,0,4,1,0,,14.6556,151,183651,0.281216,62,0,4.5,,0,0,0,0,0,0,0,0,0,,-250,252,,0,0,0,0
1604436518684,10,1010123456006,76,,1,0,4,1,0,,16.7378,164,183723,0.31376,65,0,9,,3.86957,46,0,0.1,18,5.55556,0,8.00492,31,,-250,268,,0,0,0,1.86957
1604436518934,10,1010123456006,76,,1,0,4,1,0,,17.8522,203,183903,0.425157,81,0,9,,0,0,0,0,0,0,0,0,0,,-250,320,,0,0,0,0
1604436519184,10,1010123456006,76,,1,0,4,1,0,,15.5714,168,182944,0.317687,70,0,7.33333,,0,0,0,0,0,0,0,0,0,,-250,280,,0,0,0,0
1604436519434,10,1010123456006,76,,1,0,4,1,0,,18.5,188,183851,0.387149,70,0,9.33333,,0,0,0,0,0,0,0,0,0,,-250,288,,0,0,0,0
1604436519684,10,1010123456006,76,,1,0,4,1,0,,7.60622,193,184021,0.208739,77,0,7.25,,5.25397,63,0,0.127261,27,11.1111,0,10.3025,31,,-250,308,,0,0,0,2.01587
1604436519934,10,1010123456006,76,,1,0,4,1,0,,0.926554,177,182935,0.025696,73,0,11,,0,0,0,0,0,0,0,0,0,,-250,288,,0,0,0,0
1604436520184,10,1010123456006,76,,1,0,4,1,0,,19.8976,166,183170,0.419424,67,0,10,,0,0,0,0,0,0,0,0,0,,-250,268,,0,0,0,0
1604436520435,10,1010123456006,76,,1,0,4,1,0,,18.7117,163,184393,0.385568,69,0,9.25,,0,0,0,0,0,0,0,0,0,,-251,276,,0,0,0,0
1604436520684,10,1010123456006,76,,1,0,4,1,0,,18.1899,179,184170,0.394538,72,0,9.5,,0.658537,41,0,0.1,16,0,0,3.46467,31,,-250,280,,0,0,0,1.14634
1604436520934,10,1010123456006,76,,1,0,4,1,0,,14.6294,143,183678,0.255743,59,0,6.75,,0,0,0,0,0,0,0,0,0,,-249,236,,0,0,0,0
1604436521184,10,1010123456006,76,,1,0,4,1,0,,19.2111,199,184498,0.438144,76,0,10,,0,0,0,0,0,0,0,0,0,,-251,304,,0,0,0,0
1604436521434,10,1010123456006,76,,1,0,4,1,0,,19.1583,139,182955,0.315341,55,0,10,,0,0,0,0,0,0,0,0,0,,-249,232,,0,0,0,0
1604436521684,10,1010123456006,76,,1,0,4,1,0,,13.5327,199,184206,0.357344,85,0,8.6,,12.2911,79,0,0.1,31,74.1935,0,5.84714,31,,-250,328,,0,0,0,7.72152
1604436521934,10,1010123456006,76,,1,0,4,1,0,,19.497,167,183609,0.392768,66,0,10,,0,0,0,0,0,0,0,0,0,,-250,268,,0,0,0,0
1604436522184,10,1010123456006,76,,1,0,4,1,0,,17.6369,179,184089,0.366496,69,0,8.5,,0,0,0,0,0,0,0,0,0,,-251,272,,0,0,0,0
1604436522434,10,1010123456006,76,,1,0,4,1,0,,13.2349,166,183162,0.268627,66,0,8.5,,0,0,0,0,0,0,0,0,0,,-249,264,,0,0,0,0
1604436522684,10,1010123456006,76,,1,0,4,1,0,,17.6723,177,182902,0.386496,71,0,8.5,,9.45455,11,0,0.1,4,0,0,16.9269,31,,-250,284,,0,0,0,1.54545
1604436522934,10,1010123456006,76,,1,0,4,1,0,,19.2667,180,184157,0.443502,76,0,10,,0,0,0,0,0,0,0,0,0,,-250,300,,0,0,0,0
1604436523184,10,1010123456006,76,,1,0,4,1,0,,15.775,200,183968,0.380434,81,0,8.75,,0,0,0,0,0,0,0,0,0,,-249,324,,0,0,0,0
1604436523434,10,1010123456006,76,,1,0,4,1,0,,19.4194,155,184172,0.370656,63,0,9.75,,0,0,0,0,0,0,0,0,0,,-250,252,,0,0,0,0
1604436523684,10,1010123456006,76,,1,0,4,1,0,,18.7419,186,183308,0.40128,72,0,9,,10.875,8,0,0.1,3,0,0,11.0908,31,,-250,292,,0,0,0,2.75
1604436523934,10,1010123456006,76,,1,0,4,1,0,,18.8093,194,184224,0.442313,79,0,9.16667,,0,0,0,0,0,0,0,0,0,,-250,316,,0,0,0,0
1604436524184,10,1010123456006,76,,1,0,4,1,0,,17.9856,139,183496,0.315598,59,0,9,,0,0,0,0,0,0,0,0,0,,-249,232,,0,0,0,0
1604436524434,10,1010123456006,76,,1,0,4,1,0,,18.3886,175,183264,0.391454,72,0,9,,0,0,0,0,0,0,0,0,0,,-249,280,,0,0,0,0
1604436524684,10,1010123456006,76,,1,0,4,1,0,,18.622,164,183668,0.35856,65,0,9,,10.2857,7,0,0.1,3,0,0,14.9386,31,,-250,264,,0,0,0,2.28571
1604436524934,10,1010123456006,76,,1,0,4,1,0,,18.3885,157,183121,0.34657,63,0,9,,0,0,0,0,0,0,0,0,0,,-250,256,,0,0,0,0
1604436525184,10,1010123456006,76,,1,0,4,1,0,,18.1939,165,183668,0.357472,67,0,9,,0,0,0,0,0,0,0,0,0,,-250,268,,0,0,0,0
1604436525434,10,1010123456006,76,,1,0,4,1,0,,18.3228,158,183460,0.338699,62,0,9,,0,0,0,0,0,0,0,0,0,,-250,248,,0,0,0,0
1604436525684,10,1010123456006,76,,1,0,4,1,0,,14.9539,152,183968,0.269173,62,0,8.28571,,9.55,20,0,0.1,8,0,0,16.1479,31,,-250,248,,0,0,0,1.35
1604436525934,10,1010123456006,76,,1,0,4,1,0,,19.0408,147,183760,0.343904,60,0,9.66667,,0,0,0,0,0,0,0,0,0,,-250,236,,0,0,0,0
1604436526184,10,1010123456006,76,,1,0,4,1,0,,18.4286,196,183580,0.426859,78,0,9,,0,0,0,0,0,0,0,0,0,,-250,316,,0,0,0,0
1604436526434,10,1010123456006,76,,1,0,4,1,0,,18.4762,168,184092,0.358072,65,0,9,,0,0,0,0,0,0,0,0,0,,-250,264,,0,0,0,0
1604436526684,10,1010123456006,76,,1,0,4,1,0,,15.5238,168,183592,0.313414,69,0,8,,9.21875,32,0,0.10008,13,15.3846,0,11.6454,31,,-250,268,,0,0,0,2.46875
1604436526934,10,1010123456006,76,,1,0,4,1,0,,17.651,192,184160,0.412884,79,0,9,,0,0,0,0,0,0,0,0,0,,-250,312,,0,0,0,0
1604436527184,10,1010123456006,76,,1,0,4,1,0,,17.8408,157,184436,0.322988,61,0,9,,0,0,0,0,0,0,0,0,0,,-251,244,,0,0,0,0
1604436527434,10,1010123456006,76,,1,0,4,1,0,,20.4013,157,183221,0.389783,60,0,9.6,,0,0,0,0,0,0,0,0,0,,-250,256,,0,0,0,0
1604436527684,10,1010123456006,76,,1,0,4,1,0,,16.6296,162,183160,0.345478,67,0,7.5,,13.9149,47,0,0.134072,19,47.3684,0,10.524,31,,-250,264,,0,0,0,5.82979
1604436527934,10,1010123456006,76,,1,0,4,1,0,,18.4011,182,183897,0.407871,75,0,9,,0,0,0,0,0,0,0,0,0,,-249,296,,0,0,0,0
1604436528184,10,1010123456006,76,,1,0,4,1,0,,16.9949,196,183485,0.394345,78,0,9,,0,0,0,0,0,0,0,0,0,,-250,312,,0,0,0,0
1604436528434,10,1010123456006,76,,1,0,4,1,0,,16.9893,187,183705,0.375872,74,0,9,,0,0,0,0,0,0,0,0,0,,-251,296,,0,0,0,0
1604436528684,10,1010123456006,76,,1,0,4,1,0,,18.5491,173,183561,0.379277,69,0,9,,9.625,8,0,0.1,3,0,0,16.9714,31,,-249,276,,0,0,0,1.25
1604436528934,10,1010123456006,76,,1,0,4,1,0,,18.7077,130,183393,0.295614,53,0,9,,0,0,0,0,0,0,0,0,0,,-250,208,,0,0,0,0
1604436529184,10,1010123456006,76,,1,0,4,1,0,,18.7,160,184045,0.340723,61,0,9.33333,,0,0,0,0,0,0,0,0,0,,-250,256,,0,0,0,0
1604436529434,10,1010123456006,76,,1,0,4,1,0,,18.533,182,184017,0.39608,72,0,9.2,,0,0,0,0,0,0,0,0,0,,-250,276,,0,0,0,0
1604436529684,10,1010123456006,76,,1,0,4,1,0,,17.9447,181,183753,0.38736,73,0,9,,11.7143,7,0,0.1,3,0,0,14.8444,31,,-251,296,,0,0,0,1
1604436529934,10,1010123456006,76,,1,0,4,1,0,,18.3883,188,184437,0.392996,72,0,9.16667,,0,0,0,0,0,0,0,0,0,,-250,292,,0,0,0,0
1604436530184,10,1010123456006,76,,1,0,4,1,0,,18.4052,153,184233,0.345028,63,0,9.25,,0,0,0,0,0,0,0,0,0,,-249,248,,0,0,0,0
1604436530434,10,1010123456006,76,,1,0,4,1,0,,18.773,163,183122,0.364884,65,0,9.83333,,0,0,0,0,0,0,0,0,0,,-250,260,,0,0,0,0
1604436530684,10,1010123456006,76,,1,0,4,1,0,,19.1594,138,183293,0.331727,57,0,9.71429,,5.07692,26,0,0.1,10,0,0,9.73961,31,,-250,224,,0,0,0,1.46154
1604436530934,10,1010123456006,76,,1,0,4,1,0,,18.8784,148,183082,0.319743,56,0,9.83333,,0,0,0,0,0,0,0,0,0,,-250,236,,0,0,0,0
1604436531184,10,1010123456006,76,,1,0,4,1,0,,19.6471,170,183381,0.432384,72,0,10,,0,0,0,0,0,0,0,0,0,,-250,276,,0,0,0,0
1604436531434,10,1010123456006,76,,1,0,4,1,0,,19.4653,202,182890,0.476659,80,0,9.83333,,0,0,0,0,0,0,0,0,0,,-250,328,,0,0,0,0
1604436531684,10,1010123456006,76,,1,0,4,1,0,,19.3865,163,184401,0.384032,65,0,9.85714,,5.74359,39,0,0.1,16,0,0,16.3407,31,,-250,256,,0,0,0,1.05128
1604436531934,10,1010123456006,76,,1,0,4,1,0,,18.7091,165,183222,0.373888,68,0,10,,0,0,0,0,0,0,0,0,0,,-250,268,,0,0,0,0
1604436532184,10,1010123456006,76,,1,0,4,1,0,,19.0505,198,184217,0.432,76,0,10,,0,0,0,0,0,0,0,0,0,,-250,308,,0,0,0,0
1604436532434,10,1010123456006,76,,1,0,4,1,0,,17.821,162,184013,0.332691,63,0,9.66667,,0,0,0,0,0,0,0,0,0,,-250,256,,0,0,0,0
1604436532684,10,1010123456006,76,,1,0,4,1,0,,18.624,125,184369,0.290924,51,0,9.71429,,13.4286,7,0,0.1,3,0,0,18.4113,31,,-250,192,,0,0,0,1
1604436532934,10,1010123456006,76,,1,0,4,1,0,,18.7229,166,184621,0.342137,61,0,9.16667,,0,0,0,0,0,0,0,0,0,,-250,264,,0,0,0,0
1604436533184,10,1010123456006,76,,1,0,4,1,0,,18.5,152,183042,0.357408,65,0,9.66667,,0,0,0,0,0,0,0,0,0,,-250,244,,0,0,0,0
1604436533434,10,1010123456006,76,,1,0,4,1,0,,21.3423,149,182898,0.421312,58,0,10.4,,0,0,0,0,0,0,0,0,0,,-250,236,,0,0,0,0
1604436533684,10,1010123456006,76,,1,0,4,1,0,,18.3239,176,184085,0.388337,71,0,9.66667,,14,8,0,0.1,3,0,0,16.4559,31,,-251,284,,0,0,0,1.25
1604436533934,10,1010123456006,76,,1,0,4,1,0,,19.5342,161,183441,0.403663,68,0,10,,0,0,0,0,0,0,0,0,0,,-250,268,,0,0,0,0
1604436534184,10,1010123456006,76,,1,0,4,1,0,,19.5093,161,183345,0.376257,63,0,10,,0,0,0,0,0,0,0,0,0,,-250,256,,0,0,0,0
1604436534434,10,1010123456006,76,,1,0,4,1,0,,19.4528,159,183501,0.373173,63,0,10,,0,0,0,0,0,0,0,0,0,,-250,252,,0,0,0,0
1604436534684,10,1010123456006,76,,1,0,4,1,0,,19.1685,184,183625,0.416643,72,0,10,,11.4706,17,0,0.1,7,28.5714,0,11.7501,31,,-250,296,,0,0,0,4.17647
1604436534934,10,1010123456006,76,,1,0,4,1,0,,19.0403,149,183094,0.349976,61,0,10,,0,0,0,0,0,0,0,0,0,,-250,240,,0,0,0,0
1604436535184,10,1010123456006,76,,1,0,4,1,0,,19.2674,172,183497,0.416129,72,0,10,,0,0,0,0,0,0,0,0,0,,-249,284,,0,0,0,0
1604436535434,10,1010123456006,76,,1,0,4,1,0,,18.9884,172,184345,0.403759,71,0,9.83333,,0,0,0,0,0,0,0,0,0,,-250,280,,0,0,0,0
1604436535684,10,1010123456006,76,,1,0,4,1,0,,18.9057,159,184417,0.371181,65,0,9.2,,9.75,8,0,0.1,3,0,0,13.8234,31,,-250,268,,0,0,0,1
1604436535934,10,1010123456006,76,,1,0,4,1,0,,18.6952,187,183445,0.411181,74,0,9,,0,0,0,0,0,0,0,0,0,,-249,292,,0,0,0,0
1604436536184,10,1010123456006,76,,1,0,4,1,0,,19.0365,137,183789,0.325687,57,0,9.4,,0,0,0,0,0,0,0,0,0,,-250,224,,0,0,0,0
1604436536434,10,1010123456006,76,,1,0,4,1,0,,19.0198,202,183022,0.445751,78,0,9.2,,0,0,0,0,0,0,0,0,0,,-251,316,,0,0,0,0
1604436536684,10,1010123456006,76,,1,0,4,1,0,,18.1921,151,183537,0.320482,59,0,9,,12.7273,11,0,0.1,4,0,0,16.9554,31,,-249,232,,0,0,0,4.18182
1604436536934,10,1010123456006,76,,1,0,4,1,0,,18.4803,152,182990,0.336867,61,0,9.2,,0,0,0,0,0,0,0,0,0,,-250,252,,0,0,0,0
1604436537184,10,1010123456006,76,,1,0,4,1,0,,18.6173,162,183337,0.374715,67,0,9.25,,0,0,0,0,0,0,0,0,0,,-250,264,,0,0,0,0
1604436537434,10,1010123456006,76,,1,0,4,1,0,,19.2402,179,183325,0.400353,69,0,9.6,,0,0,0,0,0,0,0,0,0,,-250,292,,0,0,0,0
1604436537684,10,1010123456006,76,,1,0,4,1,0,,20.0928,194,183997,0.521831,82,0,10.6667,,10.625,8,0,0.1,3,0,0,15.3577,31,,-250,312,,0,0,0,1.25
1604436537934,10,1010123456006,76,,1,0,4,1,0,,19.6272,169,183953,0.420691,70,0,9.83333,,0,0,0,0,0,0,0,0,0,,-250,284,,0,0,0,0
1604436538184,10,1010123456006,76,,1,0,4,1,0,,19.6404,178,184269,0.433606,72,0,10,,0,0,0,0,0,0,0,0,0,,-250,276,,0,0,0,0
1604436538434,10,1010123456006,76,,1,0,4,1,0,,19.5146,171,183281,0.392256,66,0,9.75,,0,0,0,0,0,0,0,0,0,,-250,276,,0,0,0,0
1604436538684,10,1010123456006,76,,1,0,4,1,0,,19.0397,151,183301,0.336418,59,0,9.2,,8.45455,33,0,0.1,13,15.3846,0,9.88509,31,,-250,232,,0,0,0,3.12121
1604436538934,10,1010123456006,76,,1,0,4,1,0,,19.2841,176,184289,0.394249,67,0,9.75,,0,0,0,0,0,0,0,0,0,,-250,268,,0,0,0,0
1604436539184,10,1010123456006,76,,1,0,4,1,0,,18.4745,137,183625,0.316434,57,0,9.16667,,0,0,0,0,0,0,0,0,0,,-250,220,,0,0,0,0
1604436539434,10,1010123456006,76,,1,0,4,1,0,,19.1981,207,183010,0.482153,83,0,9.4,,0,0,0,0,0,0,0,0,0,,-250,340,,0,0,0,0
1604436539684,10,1010123456006,76,,1,0,4,1,0,,19.0132,152,183613,0.352578,62,0,9.28571,,12.5,8,0,0.1,3,0,0,14.9987,31,,-250,252,,0,0,0,2.375
1604436539934,10,1010123456006,76,,1,0,4,1,0,,19.0167,180,183929,0.422361,74,0,9,,0,0,0,0,0,0,0,0,0,,-250,292,,0,0,0,0
1604436540184,10,1010123456006,76,,1,0,4,1,0,,18.4672,137,183241,0.303133,55,0,9.16667,,0,0,0,0,0,0,0,0,0,,-251,224,,0,0,0,0
1604436540434,10,1010123456006,76,,1,0,4,1,0,,19.5489,133,183138,0.332209,56,0,9.83333,,0,0,0,0,0,0,0,0,0,,-250,224,,0,0,0,0
1604436540684,10,1010123456006,76,,1,0,4,1,0,,19.8232,164,183809,0.413944,68,0,10,,11.0667,15,0,0.1,6,33.3333,0,9.29432,31,,-250,268,,0,0,0,5.2
1604436540934,10,1010123456006,76,,1,0,4,1,0,,19.4108,185,183677,0.430554,73,0,10,,0,0,0,0,0,0,0,0,0,,-249,288,,0,0,0,0
1604436541184,10,1010123456006,76,,1,0,4,1,0,,19.7854,219,183565,0.510586,84,0,10,,0,0,0,0,0,0,0,0,0,,-250,344,,0,0,0,0
1604436541434,10,1010123456006,76,,1,0,4,1,0,,19.9323,133,183689,0.338988,55,0,10,,0,0,0,0,0,0,0,0,0,,-250,212,,0,0,0,0
1604436541684,10,1010123456006,76,,1,0,4,1,0,,19.8263,213,183889,0.511616,84,0,10,,12,7,0,0.1,3,0,0,17.623,31,,-250,336,,0,0,0,1
1604436541934,10,1010123456006,76,,1,0,4,1,0,,19.7529,170,184249,0.411264,68,0,10,,0,0,0,0,0,0,0,0,0,,-251,272,,0,0,0,0
1604436542184,10,1010123456006,76,,1,0,4,1,0,,19.6421,190,183453,0.433092,72,0,10,,0,0,0,0,0,0,0,0,0,,-249,300,,0,0,0,0
1604436542434,10,1010123456006,76,,1,0,4,1,0,,19.3782,156,183673,0.377317,64,0,10,,0,0,0,0,0,0,0,0,0,,-250,252,,0,0,0,0
1604436542684,10,1010123456006,76,,1,0,4,1,0,,19.2686,175,184185,0.422297,72,0,10,,12,7,0,0.1,3,0,0,13.4837,31,,-251,284,,0,0,0,1.42857
1604436542934,10,1010123456006,76,,1,0,4,1,0,,18.1972,213,183182,0.446394,82,0,9.83333,,0,0,0,0,0,0,0,0,0,,-249,332,,0,0,0,0
1604436543184,10,1010123456006,76,,1,0,4,1,0,,19.7714,175,183166,0.438233,72,0,10,,0,0,0,0,0,0,0,0,0,,-250,280,,0,0,0,0
1604436543434,10,1010123456006,76,,1,0,4,1,0,,19.8696,161,183789,0.410827,67,0,10,,0,0,0,0,0,0,0,0,0,,-250,264,,0,0,0,0
1604436543684,10,1010123456006,76,,1,0,4,1,0,,19.4925,199,184085,0.44272,75,0,10,,9.625,16,0,0.1,7,0,0,12.3612,31,,-250,312,,0,0,0,1.4375
1604436543934,10,1010123456006,76,,1,0,4,1,0,,19.9886,176,183829,0.427341,69,0,10,,0,0,0,0,0,0,0,0,0,,-250,280,,0,0,0,0
1604436544184,10,1010123456006,76,,1,0,4,1,0,,19.6513,152,183098,0.361253,60,0,10,,0,0,0,0,0,0,0,0,0,,-250,236,,0,0,0,0
1604436544434,10,1010123456006,76,,1,0,4,1,0,,19.88,150,183401,0.374137,61,0,10,,0,0,0,0,0,0,0,0,0,,-250,240,,0,0,0,0
1604436544684,10,1010123456006,76,,1,0,4,1,0,,21.2081,173,183649,0.456514,65,0,10.6667,,8.81481,27,0,0.1,11,0,0,12.523,31,,-250,264,,0,0,0,1.2963
1604436544934,10,1010123456006,76,,1,0,4,1,0,,20.6808,188,184049,0.509076,77,0,10.4,,0,0,0,0,0,0,0,0,0,,-250,304,,0,0,0,0
1604436545184,10,1010123456006,76,,1,0,4,1,0,,17.656,125,183721,0.303036,51,0,9.4,,0,0,0,0,0,0,0,0,0,,-250,200,,0,0,0,0
1604436545434,10,1010123456006,76,,1,0,4,1,0,,21.8217,157,183413,0.471647,64,0,11,,0,0,0,0,0,0,0,0,0,,-250,260,,0,0,0,0
1604436545684,10,1010123456006,76,,1,0,4,1,0,,21.1538,130,183577,0.371309,53,0,11,,6.2963,27,0,0.1,11,0,0,12.0136,31,,-250,212,,0,0,0,1.22222
1604436545934,10,1010123456006,76,,1,0,4,1,0,,21.4358,179,182502,0.483598,68,0,10.8333,,0,0,0,0,0,0,0,0,0,,-250,284,,0,0,0,0
1604436546184,10,1010123456006,76,,1,0,4,1,0,,22.2793,179,183281,0.543357,72,0,11.5,,0,0,0,0,0,0,0,0,0,,-250,280,,0,0,0,0
1604436546434,10,1010123456006,76,,1,0,4,1,0,,22.514,179,183669,0.575743,72,0,11,,0,0,0,0,0,0,0,0,0,,-250,280,,0,0,0,0
1604436546684,10,1010123456006,76,,1,0,4,1,0,,21.6187,160,183781,0.459277,63,0,11,,6.5,36,0,0.1,15,6.66667,0,10.731,31,,-251,256,,0,0,0,2.30556
1604436546934,10,1010123456006,76,,1,0,4,1,0,,21.906,149,184533,0.453044,61,0,11,,0,0,0,0,0,0,0,0,0,,-250,240,,0,0,0,0
1604436547184,10,1010123456006,76,,1,0,4,1,0,,21.6838,136,184013,0.371502,51,0,11,,0,0,0,0,0,0,0,0,0,,-250,216,,0,0,0,0
1604436547434,10,1010123456006,76,,1,0,4,1,0,,21.8494,166,183265,0.509333,69,0,11,,0,0,0,0,0,0,0,0,0,,-249,268,,0,0,0,0
1604436547684,10,1010123456006,76,,1,0,4,1,0,,21.3874,191,184253,0.526656,74,0,10.5714,,10.2857,7,0,0.1,3,0,0,16.155,31,,-251,300,,0,0,0,1
1604436547934,10,1010123456006,76,,1,0,4,1,0,,20.9298,171,184077,0.495582,73,0,10.6667,,0,0,0,0,0,0,0,0,0,,-249,280,,0,0,0,0
1604436548184,10,1010123456006,76,,1,0,4,1,0,,20.3472,144,184241,0.365751,56,0,10.6667,,0,0,0,0,0,0,0,0,0,,-250,228,,0,0,0,0
1604436548434,10,1010123456006,76,,1,0,4,1,0,,20.7581,186,182714,0.490474,74,0,10.5,,0,0,0,0,0,0,0,0,0,,-250,312,,0,0,0,0
1604436548684,10,1010123456006,76,,1,0,4,1,0,,20.7247,178,183637,0.509824,76,0,10.4,,6.86667,15,0,0.1,6,0,0,9.87697,31,,-250,292,,0,0,0,1.8
1604436548934,10,1010123456006,76,,1,0,4,1,0,,21.4167,156,184281,0.450795,63,0,10.8333,,0,0,0,0,0,0,0,0,0,,-250,252,,0,0,0,0
1604436549184,10,1010123456006,76,,1,0,4,1,0,,22.8264,144,183861,0.474024,58,0,11.6,,0,0,0,0,0,0,0,0,0,,-250,236,,0,0,0,0
1604436549434,10,1010123456006,76,,1,0,4,1,0,,21.5422,166,183881,0.462394,64,0,11,,0,0,0,0,0,0,0,0,0,,-250,260,,0,0,0,0
1604436549684,10,1010123456006,76,,1,0,4,1,0,,21.638,163,183381,0.506304,70,0,11,,5.14286,28,0,0.1,11,0,0,10.6093,31,,-250,268,,0,0,0,1
1604436549934,10,1010123456006,76,,1,0,4,1,0,,19.1921,177,183685,0.45404,71,0,9.83333,,0,0,0,0,0,0,0,0,0,,-250,288,,0,0,0,0
1604436550184,10,1010123456006,76,,1,0,4,1,0,,18.0373,161,183783,0.385888,67,0,9.6,,0,0,0,0,0,0,0,0,0,,-251,264,,0,0,0,0
1604436550434,10,1010123456006,76,,1,0,4,1,0,,17.0299,167,183730,0.360514,65,0,9.5,,0,0,0,0,0,0,0,0,0,,-249,268,,0,0,0,0
1604436550684,10,1010123456006,76,,1,0,4,1,0,,17.4872,156,184238,0.375839,65,0,9.25,,3.87879,33,0,0.1,13,7.69231,0,7.66437,31,,-250,252,,0,0,0,1.9697
1604436550934,10,1010123456006,76,,1,0,4,1,0,,18.2814,199,182563,0.450217,77,0,9.75,,0,0,0,0,0,0,0,0,0,,-250,324,,0,0,0,0
1604436551184,10,1010123456006,76,,1,0,4,1,0,,21.5448,145,183878,0.450496,62,0,11,,0,0,0,0,0,0,0,0,0,,-250,236,,0,0,0,0
1604436551434,10,1010123456006,76,,1,0,4,1,0,,21.7193,171,183007,0.483534,66,0,11,,0,0,0,0,0,0,0,0,0,,-250,272,,0,0,0,0
1604436551684,10,1010123456006,76,,1,0,4,1,0,,17.9917,121,183760,0.319325,51,0,9.85714,,10.875,8,0,0.1,3,0,0,13.6784,31,,-250,196,,0,0,0,1.75
1604436551934,10,1010123456006,76,,1,0,4,1,0,,22.3953,172,183324,0.545125,71,0,11.2,,0,0,0,0,0,0,0,0,0,,-250,276,,0,0,0,0
1604436552184,10,1010123456006,76,,1,0,4,1,0,,16.1388,209,183037,0.413687,79,0,9.25,,0,0,0,0,0,0,0,0,0,,-250,328,,0,0,0,0
1604436552434,10,1010123456006,76,,1,0,4,1,0,,21.7688,186,183181,0.574137,78,0,11,,0,0,0,0,0,0,0,0,0,,-250,304,,0,0,0,0
1604436552684,10,1010123456006,76,,1,0,4,1,0,,22.519,158,184344,0.5088,64,0,11.6,,4.875,24,0,0.1,10,0,0,10.91,31,,-250,264,,0,0,0,1
1604436552934,10,1010123456006,76,,1,0,4,1,0,,20.4604,139,183940,0.40739,58,0,10,,0,0,0,0,0,0,0,0,0,,-250,228,,0,0,0,0
1604436553184,10,1010123456006,76,,1,0,4,1,0,,18.6646,164,183566,0.387149,64,0,10,,0,0,0,0,0,0,0,0,0,,-250,260,,0,0,0,0
1604436553434,10,1010123456006,76,,1,0,4,1,0,,17.5689,167,184432,0.388851,67,0,8.8,,0,0,0,0,0,0,0,0,0,,-251,268,,0,0,0,0
1604436553684,10,1010123456006,76,,1,0,4,1,0,,19.8796,191,184097,0.480384,74,0,10.1667,,11.75,24,0,0.1,9,77.7778,0,5.65895,31,,-250,292,,0,0,0,8.66667
1604436553934,10,1010123456006,76,,1,0,4,1,0,,21.2649,151,184161,0.421655,60,0,10.8,,0,0,0,0,0,0,0,0,0,,-250,240,,0,0,0,0
1604436554184,10,1010123456006,76,,1,0,4,1,0,,21.396,149,182846,0.420851,59,0,10.8,,0,0,0,0,0,0,0,0,0,,-249,236,,0,0,0,0
1604436554434,10,1010123456006,76,,1,0,4,1,0,,21.1568,185,184193,0.534779,77,0,10.6,,0,0,0,0,0,0,0,0,0,,-251,300,,0,0,0,0
1604436554684,10,1010123456006,76,,1,0,4,1,0,,20.9864,147,183098,0.394827,57,0,10.6667,,9.02857,35,0,0.1,14,14.2857,0,9.74216,31,,-249,240,,0,0,0,2.65714
1604436554934,10,1010123456006,76,,1,0,4,1,0,,19.947,151,184485,0.395776,64,0,10.5,,0,0,0,0,0,0,0,0,0,,-250,244,,0,0,0,0
1604436555184,10,1010123456006,76,,1,0,4,1,0,,18.4593,172,183889,0.431357,66,0,10,,0,0,0,0,0,0,0,0,0,,-250,272,,0,0,0,0
1604436555434,10,1010123456006,76,,1,0,4,1,0,,18.0422,166,184395,0.351518,63,0,9.5,,0,0,0,0,0,0,0,0,0,,-250,256,,0,0,0,0
1604436555684,10,1010123456006,76,,1,0,4,1,0,,21.0778,180,183098,0.506635,73,0,10.7143,,7,19,0,0.1,7,14.2857,0,8.85734,31,,-250,296,,0,0,0,3.36842
1604436555934,10,1010123456006,76,,1,0,4,1,0,,20.4458,166,183913,0.455614,69,0,10.6667,,0,0,0,0,0,0,0,0,0,,-250,272,,0,0,0,0
1604436556184,10,1010123456006,76,,1,0,4,1,0,,20.4188,191,183433,0.530892,78,0,10,,0,0,0,0,0,0,0,0,0,,-250,312,,0,0,0,0
1604436556434,10,1010123456006,76,,1,0,4,1,0,,21.6129,155,183837,0.464193,64,0,11,,0,0,0,0,0,0,0,0,0,,-250,252,,0,0,0,0
1604436556684,10,1010123456006,76,,1,0,4,1,0,,22.5407,172,183349,0.5304,67,0,11.6667,,12.8571,7,0,0.1,3,0,0,10.4715,31,,-251,272,,0,0,0,2.57143
1604436556934,10,1010123456006,76,,1,0,4,1,0,,19.1006,159,183413,0.422297,66,0,9.6,,0,0,0,0,0,0,0,0,0,,-249,260,,0,0,0,0
1604436557184,10,1010123456006,76,,1,0,4,1,0,,21.7665,167,184153,0.492562,67,0,11,,0,0,0,0,0,0,0,0,0,,-250,268,,0,0,0,0
1604436557434,10,1010123456006,76,,1,0,4,1,0,,21,146,182926,0.415229,60,0,10.6,,0,0,0,0,0,0,0,0,0,,-250,244,,0,0,0,0
1604436557684,10,1010123456006,76,,1,0,4,1,0,,23.064,172,183273,0.561253,69,0,11.5,,6,27,0,0.1,11,9.09091,0,10.9458,31,,-250,268,,0,0,0,2.14815
1604436557934,10,1010123456006,76,,1,0,4,1,0,,21.0995,201,182982,0.567325,82,0,11,,0,0,0,0,0,0,0,0,0,,-250,332,,0,0,0,0
1604436558184,10,1010123456006,76,,1,0,4,1,0,,17.5278,180,183204,0.41632,74,0,9.75,,0,0,0,0,0,0,0,0,0,,-250,296,,0,0,0,0
1604436558434,10,1010123456006,76,,1,0,4,1,0,,21.8654,156,183303,0.46512,63,0,11,,0,0,0,0,0,0,0,0,0,,-250,252,,0,0,0,0
1604436558684,10,1010123456006,76,,1,0,4,1,0,,21.7861,187,184437,0.586752,80,0,11,,12,8,0,0.1,3,0,0,12.3904,31,,-250,312,,0,0,0,1.875
1604436558934,10,1010123456006,76,,1,0,4,1,0,,21.7566,152,183689,0.429301,58,0,10.8333,,0,0,0,0,0,0,0,0,0,,-250,244,,0,0,0,0
1604436559184,10,1010123456006,76,,1,0,4,1,0,,21.5364,151,184353,0.431165,60,0,11,,0,0,0,0,0,0,0,0,0,,-250,248,,0,0,0,0
1604436559434,10,1010123456006,76,,1,0,4,1,0,,22.1633,196,183689,0.603181,78,0,11.6,,0,0,0,0,0,0,0,0,0,,-250,304,,0,0,0,0
1604436559684,10,1010123456006,76,,1,0,4,1,0,,21.4653,202,184141,0.608546,85,0,11,,9.26667,15,0,0.1,6,0,0,13.3229,31,,-250,332,,0,0,0,1.46667
1604436559934,10,1010123456006,76,,1,0,4,1,0,,20.4409,186,183721,0.482249,74,0,10.6667,,0,0,0,0,0,0,0,0,0,,-251,304,,0,0,0,0
1604436560184,10,1010123456006,76,,1,0,4,1,0,,20.3451,142,183425,0.378956,59,0,10.5,,0,0,0,0,0,0,0,0,0,,-250,240,,0,0,0,0
1604436560434,10,1010123456006,76,,1,0,4,1,0,,19.638,163,184201,0.418345,69,0,10.1667,,0,0,0,0,0,0,0,0,0,,-250,264,,0,0,0,0
1604436560684,10,1010123456006,76,,1,0,4,1,0,,19.422,173,183513,0.38249,65,0,10,,4.58824,17,0,0.1,7,0,0,11.3343,31,,-250,272,,0,0,0,1.11765
1604436560934,10,1010123456006,76,,1,0,4,1,0,,19.7018,171,183765,0.423775,70,0,10,,0,0,0,0,0,0,0,0,0,,-249,272,,0,0,0,0
1604436561184,10,1010123456006,76,,1,0,4,1,0,,19.6776,183,184385,0.449888,75,0,10,,0,0,0,0,0,0,0,0,0,,-250,300,,0,0,0,0
1604436561434,10,1010123456006,76,,1,0,4,1,0,,19.5576,165,183741,0.400546,67,0,10,,0,0,0,0,0,0,0,0,0,,-251,268,,0,0,0,0
1604436561684,10,1010123456006,76,,1,0,4,1,0,,18.817,153,183277,0.352096,63,0,10,,2.57143,28,0,0.1,12,8.33333,0,8.60637,31,,-249,248,,0,0,0,1.92857
1604436561934,10,1010123456006,76,,1,0,4,1,0,,15.8333,174,184267,0.33344,69,0,8.25,,0,0,0,0,0,0,0,0,0,,-250,284,,0,0,0,0
1604436562184,10,1010123456006,76,,1,0,4,1,0,,19.6033,184,183519,0.438779,73,0,10,,0,0,0,0,0,0,0,0,0,,-250,300,,0,0,0,0
1604436562434,10,1010123456006,76,,1,0,4,1,0,,20.1667,168,183547,0.44151,70,0,10.2,,0,0,0,0,0,0,0,0,0,,-250,268,,0,0,0,0
1604436562684,10,1010123456006,76,,1,0,4,1,0,,11.2448,143,183101,0.212128,59,0,7.4,,6.35294,17,0,0.1,7,0,0,12.447,31,,-250,232,,0,0,0,1
1604436562934,10,1010123456006,76,,1,0,4,1,0,,19.7704,135,184424,0.3392,56,0,10,,0,0,0,0,0,0,0,0,0,,-250,220,,0,0,0,0
1604436563184,10,1010123456006,76,,1,0,4,1,0,,19.5897,156,184296,0.380928,64,0,10,,0,0,0,0,0,0,0,0,0,,-250,256,,0,0,0,0
1604436563434,10,1010123456006,76,,1,0,4,1,0,,15.883,171,183440,0.307406,68,0,8.5,,0,0,0,0,0,0,0,0,0,,-250,276,,0,0,0,0
1604436563684,10,1010123456006,76,,1,0,4,1,0,,19.7081,161,183153,0.362795,60,0,10,,6.37838,37,0,0.1,15,20,0,9.12179,31,,-249,256,,0,0,0,3.2973
1604436563934,10,1010123456006,76,,1,0,4,1,0,,19.2577,163,184226,0.402378,68,0,9.5,,0,0,0,0,0,0,0,0,0,,-250,264,,0,0,0,0
1604436564184,10,1010123456006,76,,1,0,4,1,0,,16.5856,181,183467,0.360675,74,0,8.75,,0,0,0,0,0,0,0,0,0,,-250,296,,0,0,0,0
1604436564434,10,1010123456006,76,,1,0,4,1,0,,12.9412,153,182747,0.246843,61,0,8.6,,0,0,0,0,0,0,0,0,0,,-250,244,,0,0,0,0
1604436564684,10,1010123456006,76,,1,0,4,1,0,,18.5964,166,183898,0.418859,73,0,9.28571,,6.2,15,0,0.1,6,0,0,7.76475,31,,-250,280,,0,0,0,2.93333
1604436564934,10,1010123456006,76,,1,0,4,1,0,,18.2889,180,183494,0.412384,71,0,9.25,,0,0,0,0,0,0,0,0,0,,-250,292,,0,0,0,0
1604436565184,10,1010123456006,76,,1,0,4,1,0,,20.9257,148,183644,0.534554,62,0,8.75,,0,0,0,0,0,0,0,0,0,,-250,240,,0,0,0,0
1604436565434,10,1010123456006,76,,1,0,8,1,0,,19.8995,189,181813,0.795888,76,0,11,,0,0,0,0,0,0,0,0,0,,-250,496,,0,0,0,0
1604436565684,10,1010123456006,76,,1,0,8,1,0,,18.6209,211,182192,0.890378,81,0,9.57143,,7.85,40,0,0.1,16,25,0,6.8486,31,,-250,656,,0,0,0,3.9
1604436565934,10,1010123456006,76,,1,0,8,1,0,,18.8599,157,182570,0.707502,65,0,10,,0,0,0,0,0,0,0,0,0,,-250,474,,0,0,0,0
1604436566184,10,1010123456006,76,,1,0,8,1,0,,18.7742,186,183486,0.805344,75,0,10,,0,0,0,0,0,0,0,0,0,,-250,564,,0,0,0,0
1604436566434,10,1010123456006,76,,1,0,8,1,0,,15.7485,167,182548,0.651149,68,0,7.25,,0,0,0,0,0,0,0,0,0,,-251,536,,0,0,0,0
1604436566684,10,1010123456006,76,,1,0,8,1,0,,18.7742,186,183002,0.825542,75,0,10,,3.6875,32,0,0.1,12,8.33333,0,6.11557,31,,-250,568,,0,0,0,2.1875
1604436566934,10,1010123456006,76,,1,0,8,1,0,,19.58,200,183344,0.909141,77,0,10.2,,0,0,0,0,0,0,0,0,0,,-249,596,,0,0,0,0
1604436567184,10,1010123456006,76,,1,0,8,1,0,,18.79,200,183806,0.896932,81,0,10,,0,0,0,0,0,0,0,0,0,,-251,608,,0,0,0,0
1604436567434,10,1010123456006,76,,1,0,8,1,0,,19.0878,205,183178,0.866368,78,0,10,,0,0,0,0,0,0,0,0,0,,-249,616,,0,0,0,0
1604436567684,10,1010123456006,76,,1,0,8,1,0,,18.8297,182,184222,0.843695,76,0,10,,8.82759,29,0,0.1,12,0,0,13.0781,31,,-251,564,,0,0,0,1.37931
1604436567934,10,1010123456006,76,,1,0,8,1,0,,18.7461,193,184397,0.804884,76,0,10.25,,0,0,0,0,0,0,0,0,0,,-249,576,,0,0,0,0
1604436568184,10,1010123456006,76,,1,0,8,1,0,,18.5281,178,183620,0.778752,72,0,10,,0,0,0,0,0,0,0,0,0,,-251,564,,0,0,0,0
1604436568434,10,1010123456006,76,,1,0,8,1,0,,16.6629,178,183997,0.636562,70,0,9.25,,0,0,0,0,0,0,0,0,0,,-250,514,,0,0,0,0
1604436568684,10,1010123456006,76,,1,0,8,1,0,,19.0169,177,182389,0.742747,69,0,10.3333,,9.5,8,0,0.1,3,0,0,12.6403,31,,-249,506,,0,0,0,1.875
1604436568934,10,1010123456006,76,,1,0,8,1,0,,15.7168,173,183444,0.646908,72,0,8.8,,0,0,0,0,0,0,0,0,0,,-250,520,,0,0,0,0
1604436569184,10,1010123456006,76,,1,0,8,1,0,,18.7128,195,183667,0.826112,76,0,10,,0,0,0,0,0,0,0,0,0,,-250,588,,0,0,0,0
1604436569434,10,1010123456006,76,,1,0,8,1,0,,17.8172,186,182659,0.759614,75,0,9.25,,0,0,0,0,0,0,0,0,0,,-250,588,,0,0,0,0
1604436569684,10,1010123456006,76,,1,0,8,1,0,,19.564,172,181968,0.83939,72,0,10.3333,,6.27586,29,0,0.1,12,0,0,13.6434,31,,-251,530,,0,0,0,1.10345
1604436569934,10,1010123456006,76,,1,0,8,1,0,,18.9529,191,182699,0.843855,73,0,10.25,,0,0,0,0,0,0,0,0,0,,-249,584,,0,0,0,0
1604436570184,10,1010123456006,76,,1,0,8,1,0,,18.6549,226,180934,1.01227,94,0,10,,0,0,0,0,0,0,0,0,0,,-250,694,,0,0,0,0
1604436570434,10,1010123456006,76,,1,0,8,1,0,,18.5771,175,182148,0.7271,67,0,10.1667,,0,0,0,0,0,0,0,0,0,,-250,536,,0,0,0,0
1604436570684,10,1010123456006,76,,1,0,8,1,0,,18.9286,168,183670,0.735133,70,0,10,,4.70732,41,0,0.1,17,11.7647,0,10.922,31,,-250,480,,0,0,0,1.92683
1604436570934,10,1010123456006,76,,1,0,8,1,0,,18.9672,183,183430,0.77751,71,0,10,,0,0,0,0,0,0,0,0,0,,-250,542,,0,0,0,0
1604436571184,10,1010123456006,76,,1,0,8,1,0,,19.5847,183,182986,0.83344,74,0,10.75,,0,0,0,0,0,0,0,0,0,,-250,552,,0,0,0,0
1604436571434,10,1010123456006,76,,1,0,8,1,0,,18.6425,221,181693,1.03547,85,0,9.25,,0,0,0,0,0,0,0,0,0,,-250,692,,0,0,0,0
1604436571684,10,1010123456006,76,,1,0,8,1,0,,17.2358,229,178232,0.815068,93,0,9.5,,3.65217,46,0,0.1,18,22.2222,0,8.43249,31,,-250,676,,0,0,0,3.71739
1604436571934,10,1010123456006,76,,1,0,8,1,0,,18.6368,402,160772,1.55071,161,0,10,,0,0,0,0,0,0,0,0,0,,-250,1080,,0,0,0,0
1604436572184,10,1010123456006,76,,1,0,8,1,0,,16.5014,361,152115,1.32042,149,0,9.2,,0,0,0,0,0,0,0,0,0,,-250,1042,,0,0,0,0
1604436572434,10,1010123456006,76,,1,0,8,1,0,,14.0877,342,149143,1.05815,138,0,8.8,,0,0,0,0,0,0,0,0,0,,-250,1052,,0,0,0,0
1604436572684,10,1010123456006,76,,1,0,8,1,0,,18.8,430,123889,1.81099,174,0,10,,8.61905,21,0,0.1,8,12.5,0,13.2065,31,,-250,1240,,0,0,0,3
1604436572934,10,1010123456006,76,,1,0,8,1,0,,19.1828,454,93291,1.96016,178,0,10,,0,0,0,0,0,0,0,0,0,,-251,1330,,0,0,0,0
1604436573184,10,1010123456006,76,,1,0,8,1,0,,18.125,224,95850,0.95396,97,0,10,,0,0,0,0,0,0,0,0,0,,-249,646,,0,0,0,0
1604436573434,10,1010123456006,76,,1,0,8,1,0,,18.7067,208,98560,0.818313,77,0,10,,0,0,0,0,0,0,0,0,0,,-251,620,,0,0,0,0
1604436573684,10,1010123456006,76,,1,0,8,1,0,,20.8102,216,93522,1.1778,91,0,11,,1.16279,43,0,0.1,17,0,0,6.30679,31,,-249,650,,0,0,0,1.11628
1604436573934,10,1010123456006,76,,1,0,8,1,0,,13.7344,192,109439,0.493526,79,0,7.5,,0,0,0,0,0,0,0,0,0,,-250,508,,0,0,0,0
1604436574184,10,1010123456006,76,,1,0,8,1,0,,17.6082,171,118850,0.673472,67,0,9.66667,,0,0,0,0,0,0,0,0,0,,-250,504,,0,0,0,0
1604436574434,10,1010123456006,76,,1,0,8,1,0,,15.8542,144,132913,0.499309,57,0,9.33333,,0,0,0,0,0,0,0,0,0,,-250,452,,0,0,0,0
1604436574684,10,1010123456006,76,,1,0,8,1,0,,15.4107,168,142910,0.628916,71,0,8.71429,,2.23333,60,0,0.1,24,16.6667,0,5.03791,31,,-250,544,,0,0,0,2.35
1604436574934,10,1010123456006,76,,1,0,8,1,0,,14.3721,172,155530,0.567839,70,0,8.75,,0,0,0,0,0,0,0,0,0,,-250,548,,0,0,0,0
1604436575184,10,1010123456006,76,,1,0,8,1,0,,12.2541,185,170778,0.469237,71,0,7,,0,0,0,0,0,0,0,0,0,,-250,560,,0,0,0,0
1604436575434,10,1010123456006,76,,1,0,8,1,0,,15.3529,187,180945,0.651744,75,0,8.66667,,0,0,0,0,0,0,0,0,0,,-250,572,,0,0,0,0
1604436575684,10,1010123456006,76,,1,0,8,1,0,,4.88398,181,183297,0.235952,77,0,5.66667,,7.22727,22,207,0.1,9,66.6667,0,3.51222,31,,-250,576,,0,0,0,7.27273
1604436575934,10,1010123456006,76,,1,0,8,1,0,,16,300,171356,1.04308,117,0,9.25,,1.05882,17,0,0.1,6,0,0,8.42861,31,,-250,920,,0,0,0,1.17647
1604436576184,10,1010123456006,76,,1,0,8,1,0,,17.5835,425,150400,1.64963,173,0,9,,0,0,0,0,0,0,0,0,0,,-250,1258,,0,0,0,0
1604436576434,10,1010123456006,76,,1,0,8,1,0,,17.819,453,124660,1.82723,183,0,9,,0,0,0,0,0,0,0,0,0,,-250,1354,,0,0,0,0
1604436576684,10,1010123456006,76,,1,0,8,1,0,,16.245,400,115219,1.30596,160,0,9,,6.82609,23,0,0.1,9,22.2222,0,9.5558,31,,-250,1044,,0,0,0,3.30435
1604436576934,10,1010123456006,76,,1,0,8,1,0,,14.8293,410,103228,1.41639,168,0,7,,0,0,0,0,0,0,0,0,0,,-250,1238,,0,0,0,0
1604436577184,10,1010123456006,76,,1,0,8,1,0,,14.2329,249,111374,0.678297,100,0,8.75,,0,0,0,0,0,0,0,0,0,,-250,684,,0,0,0,0
1604436577434,10,1010123456006,76,,1,0,8,1,0,,15.298,359,105477,1.1306,141,0,8.66667,,0,0,0,0,0,0,0,0,0,,-250,1004,,0,0,0,0
1604436577684,10,1010123456006,76,,1,0,8,1,0,,16.193,259,106632,0.974908,110,0,8.66667,,9.15385,13,0,0.1,5,20,0,7.21849,31,,-250,788,,0,0,0,3.30769
1604436577934,10,1010123456006,76,,1,0,8,1,0,,16.361,349,98661,1.20145,138,0,9,,0,0,0,0,0,0,0,0,0,,-250,1024,,0,0,0,0
1604436578184,10,1010123456006,76,,1,0,8,1,0,,11.2804,403,98633,1.02074,165,0,6.66667,,0,0,0,0,0,0,0,0,0,,-250,1138,,0,0,0,0
1604436578434,10,1010123456006,76,,1,0,8,1,0,,15.6151,317,99114,0.96496,125,0,9,,0,0,0,0,0,0,0,0,0,,-250,822,,0,0,0,0
1604436578684,10,1010123456006,76,,1,0,8,1,0,,16.3759,282,100159,0.934137,114,0,9,,1.57143,49,0,0.1,20,5,0,4.83851,31,,-250,774,,0,0,0,2.04082
1604436578934,10,1010123456006,76,,1,0,8,1,0,,17.4302,358,90192,1.3378,146,0,9.2,,0,0,0,0,0,0,0,0,0,,-250,996,,0,0,0,0
1604436579184,10,1010123456006,76,,1,0,8,1,0,,16.0058,342,84375,1.15769,139,0,8.75,,0,0,0,0,0,0,0,0,0,,-250,978,,0,0,0,0
1604436579434,10,1010123456006,76,,1,0,8,1,0,,16.5298,336,78369,1.1466,132,0,9,,0,0,0,0,0,0,0,0,0,,-250,952,,0,0,0,0
1604436579684,10,1010123456006,76,,1,0,8,1,0,,17.0169,237,81037,0.944386,100,0,9.5,,0.266667,45,0,0.1,19,0,0,3.7737,31,,-251,702,,0,0,0,1.73333
1604436579934,10,1010123456006,76,,1,0,8,1,0,,17.2203,177,90090,0.704514,72,0,8,,0,0,0,0,0,0,0,0,0,,-249,528,,0,0,0,0
1604436580184,10,1010123456006,76,,1,0,8,1,0,,13.3476,187,104155,0.522474,74,0,0.1,,0,0,0,0,0,0,0,0,0,,-251,556,,0,0,0,0
1604436580434,10,1010123456006,76,,1,0,8,1,0,,17.6833,180,111384,0.6711,69,0,10,,0,0,0,0,0,0,0,0,0,,-249,522,,0,0,0,0
1604436580684,10,1010123456006,76,,1,0,8,1,0,,19.0775,258,106068,1.13295,101,0,10,,2.5283,53,0,0.1,21,9.52381,0,6.61976,31,,-250,786,,0,0,0,2.43396
1604436580934,10,1010123456006,76,,1,0,8,1,0,,17.057,386,92800,1.4072,155,0,9.4,,0,0,0,0,0,0,0,0,0,,-250,1098,,0,0,0,0
1604436581184,10,1010123456006,76,,1,0,8,1,0,,17.3325,385,79633,1.4045,151,0,9.33333,,0,0,0,0,0,0,0,0,0,,-250,1074,,0,0,0,0
1604436581434,10,1010123456006,76,,1,0,8,1,0,,18.4775,356,68415,1.40903,152,0,10,,0,0,0,0,0,0,0,0,0,,-250,966,,0,0,0,0
1604436581684,10,1010123456006,76,,1,0,8,1,0,,17.8994,179,77266,0.692209,73,0,10,,0,8,0,0,4,100,0,0,0,,-250,524,,0,0,0,0
1604436581934,10,1010123456006,76,,1,0,8,1,0,,18.3963,217,79454,0.876177,83,0,10,,0,0,0,0,0,0,0,0,0,,-250,656,,0,0,0,0
1604436582184,10,1010123456006,76,,1,0,8,1,0,,13.8556,187,93885,0.553253,78,0,7,,0.205128,39,0,0.1,16,6.25,0,3.28931,31,,-250,528,,0,0,0,2.25641
1604436582434,10,1010123456006,76,,1,0,8,1,0,,10.4639,194,111742,0.404498,78,0,7,,0,0,0,0,0,0,0,0,0,,-250,600,,0,0,0,0
1604436582684,10,1010123456006,76,,1,0,8,1,0,,10.4695,164,132513,0.301173,65,0,7,,5.67857,28,0,0.1,10,40,0,4.03668,31,,-250,466,,0,0,0,4.75
1604436582934,10,1010123456006,76,,1,0,8,1,0,,16.8024,167,142484,0.664416,69,0,10.6667,,0,0,0,0,0,0,0,0,0,,-250,496,,0,0,0,0
1604436583184,10,1010123456006,76,,1,0,8,1,0,,19.3533,184,148605,0.733526,70,0,11,,0,0,0,0,0,0,0,0,0,,-250,514,,0,0,0,0
1604436583434,10,1010123456006,76,,1,0,8,1,0,,19.9081,185,151381,0.880257,78,0,11,,0,0,0,0,0,0,0,0,0,,-250,532,,0,0,0,0
1604436583684,10,1010123456006,76,,1,0,8,1,0,,21.0818,220,147438,1.05792,80,0,11,,1.4375,48,0,0.1,19,5.26316,0,5.05553,31,,-250,628,,0,0,0,2.14583
1604436583934,10,1010123456006,76,,1,0,8,1,0,,20.5327,398,119315,1.93015,164,0,11,,0,0,0,0,0,0,0,0,0,,-250,1122,,0,0,0,0
1604436584184,10,1010123456006,76,,1,0,8,1,0,,15.5372,188,128690,0.684723,78,0,8,,0,0,0,0,0,0,0,0,0,,-250,576,,0,0,0,0
1604436584434,10,1010123456006,76,,1,0,8,1,0,,15.9565,207,134927,0.77812,83,0,9.5,,0,0,0,0,0,0,0,0,0,,-250,632,,0,0,0,0
1604436584684,10,1010123456006,76,,1,0,8,1,0,,20.7742,186,134862,0.995277,76,0,10.2,,1.30769,39,0,0.1,16,0,0,6.10025,31,,-250,566,,0,0,0,1.41026
1604436584934,10,1010123456006,76,,1,0,8,1,0,,13.4592,196,147997,0.556273,78,0,11,,0,0,0,0,0,0,0,0,0,,-250,582,,0,0,0,0
1604436585184,10,1010123456006,76,,1,0,8,1,0,,15.8324,179,159104,0.620691,74,0,10,,0,0,0,0,0,0,0,0,0,,-250,516,,0,0,0,0
1604436585434,10,1010123456006,76,,1,0,8,1,0,,19.1657,175,164848,0.777285,67,0,8.5,,0,0,0,0,0,0,0,0,0,,-250,516,,0,0,0,0
1604436585684,10,1010123456006,76,,1,0,8,1,0,,14.0524,191,176267,0.612562,78,0,9.5,,0.490909,55,0,0.1,22,18.1818,0,2.70321,31,,-250,604,,0,0,0,3.21818
1604436585934,10,1010123456006,76,,1,0,8,1,0,,20.3171,164,181479,0.785221,64,0,11,,0,0,0,0,0,0,0,0,0,,-250,492,,0,0,0,0
1604436586184,10,1010123456006,76,,1,0,8,1,0,,18.8834,163,183456,0.702361,65,0,10,,0,0,0,0,0,0,0,0,0,,-251,462,,0,0,0,0
1604436586434,10,1010123456006,76,,1,0,8,1,0,,16.3933,178,179817,0.686233,73,0,11,,0,0,0,0,0,0,0,0,0,,-249,540,,0,0,0,0
1604436586684,10,1010123456006,76,,1,0,8,1,0,,19.6526,190,180620,0.933815,77,0,10.75,,0.357143,56,0,0.1,22,4.54545,0,4.70374,31,,-249,612,,0,0,0,1.58929
1604436586934,10,1010123456006,76,,1,0,8,1,0,,19.8786,173,180723,0.85253,71,0,11,,0,0,0,0,0,0,0,0,0,,-250,528,,0,0,0,0
1604436587184,10,1010123456006,76,,1,0,8,1,0,,15.8437,192,183053,0.723952,79,0,8.5,,0,0,0,0,0,0,0,0,0,,-250,618,,0,0,0,0
1604436587434,10,1010123456006,76,,1,0,8,1,0,,12.3179,195,183768,0.490056,79,0,9,,0,0,0,0,0,0,0,0,0,,-250,586,,0,0,0,0
1604436587684,10,1010123456006,76,,1,0,8,1,0,,19.3855,166,183359,0.776675,70,0,10.8,,0.1,54,0,0.1,22,4.54545,0,2.9656,31,,-250,510,,0,0,0,1.68519
1604436587934,10,1010123456006,76,,1,0,8,1,0,,19.6612,183,181348,0.892177,73,0,10,,0,0,0,0,0,0,0,0,0,,-250,576,,0,0,0,0
1604436588184,10,1010123456006,76,,1,0,8,1,0,,20.1118,170,184230,0.804787,69,0,11,,0,0,0,0,0,0,0,0,0,,-250,480,,0,0,0,0
1604436588434,10,1010123456006,76,,1,0,8,1,0,,20.7219,169,184093,0.855872,66,0,11,,0,0,0,0,0,0,0,0,0,,-250,526,,0,0,0,0
1604436588684,10,1010123456006,76,,1,0,8,1,0,,20.5108,186,184303,0.990233,77,0,10.6667,,3.94805,77,0,0.1,30,30,0,5.85019,31,,-250,576,,0,0,0,4.14286
1604436588934,10,1010123456006,76,,1,0,8,1,0,,18.9162,167,183619,0.727293,67,0,11,,0,0,0,0,0,0,0,0,0,,-250,502,,0,0,0,0
1604436589184,10,1010123456006,76,,1,0,8,1,0,,20.0057,177,183703,0.843566,72,0,11,,0,0,0,0,0,0,0,0,0,,-250,520,,0,0,0,0
1604436589434,10,1010123456006,76,,1,0,8,1,0,,21.2677,198,178728,0.985253,74,0,12,,0,0,0,0,0,0,0,0,0,,-250,592,,0,0,0,0
1604436589684,10,1010123456006,76,,1,0,8,1,0,,20.2778,180,183830,0.867759,75,0,11,,0.1,44,0,0.1,19,0,0,2.15968,31,,-250,482,,0,0,0,2.34091
1604436589934,10,1010123456006,76,,1,0,8,1,0,,19.6936,173,182960,0.815904,71,0,11,,0,0,0,0,0,0,0,0,0,,-250,532,,0,0,0,0
1604436590184,10,1010123456006,76,,1,0,8,1,0,,19.7344,192,182620,0.813655,73,0,11,,0,0,0,0,0,0,0,0,0,,-250,554,,0,0,0,0
1604436590434,10,1010123456006,76,,1,0,8,1,0,,19.9116,181,182482,0.819712,74,0,11,,0,0,0,0,0,0,0,0,0,,-250,512,,0,0,0,0
1604436590684,10,1010123456006,76,,1,0,8,1,0,,10.847,183,183817,0.590233,76,0,7.66667,,2.19444,36,0,0.1,15,0,0,4.76205,31,,-250,592,,0,0,0,1.47222
1604436590934,10,1010123456006,76,,1,0,8,1,0,,16.7381,210,182046,0.84045,84,0,10.75,,0,0,0,0,0,0,0,0,0,,-250,632,,0,0,0,0
1604436591184,10,1010123456006,76,,1,0,8,1,0,,18.9749,199,183462,0.776193,77,0,10,,0,0,0,0,0,0,0,0,0,,-250,550,,0,0,0,0
1604436591434,10,1010123456006,76,,1,0,8,1,0,,19.4208,183,183589,0.795695,73,0,10.75,,0,0,0,0,0,0,0,0,0,,-250,520,,0,0,0,0
1604436591684,10,1010123456006,76,,1,0,8,1,0,,18.5427,199,182476,0.856193,77,0,10,,0.1,54,0,0.1,23,21.7391,0,2.58209,31,,-250,596,,0,0,0,3.62963
1604436591934,10,1010123456006,76,,1,0,8,1,0,,18.4842,190,182986,0.840739,76,0,9.75,,0,0,0,0,0,0,0,0,0,,-250,564,,0,0,0,0
1604436592184,10,1010123456006,76,,1,0,8,1,0,,21.1022,225,175427,1.15438,86,0,10.6667,,0,0,0,0,0,0,0,0,0,,-250,670,,0,0,0,0
1604436592434,10,1010123456006,76,,1,0,8,1,0,,18.2749,171,183190,0.717056,73,0,10.5,,0,0,0,0,0,0,0,0,0,,-250,484,,0,0,0,0
1604436592684,10,1010123456006,76,,1,0,8,1,0,,20.5824,170,181198,0.85388,65,0,11,,2.84483,58,0,0.1,24,8.33333,0,7.6671,31,,-251,536,,0,0,0,2.01724
1604436592934,10,1010123456006,76,,1,0,8,1,0,,20.4475,181,182398,0.977221,76,0,11,,0,0,0,0,0,0,0,0,0,,-249,560,,0,0,0,0
1604436593184,10,1010123456006,76,,1,0,8,1,0,,20.4947,190,180665,0.990265,78,0,11,,0,0,0,0,0,0,0,0,0,,-250,594,,0,0,0,0
1604436593434,10,1010123456006,76,,1,0,8,1,0,,20.5208,192,180166,0.96976,77,0,11,,0,0,0,0,0,0,0,0,0,,-250,596,,0,0,0,0
1604436593684,10,1010123456006,76,,1,0,8,1,0,,15.1717,198,183180,0.709815,77,0,8,,0.311111,45,0,0.1,18,0,0,4.00245,31,,-250,608,,0,0,0,1.33333
1604436593934,10,1010123456006,76,,1,0,8,1,0,,19.0111,180,180821,0.827406,73,0,10,,0,0,0,0,0,0,0,0,0,,-250,556,,0,0,0,0
1604436594184,10,1010123456006,76,,1,0,8,1,0,,14.0615,179,183907,0.665831,74,0,8.5,,0,0,0,0,0,0,0,0,0,,-250,548,,0,0,0,0
1604436594434,10,1010123456006,76,,1,0,8,1,0,,16.8293,164,184131,0.703004,69,0,11,,0,0,0,0,0,0,0,0,0,,-250,528,,0,0,0,0
1604436594684,10,1010123456006,76,,1,0,8,1,0,,13.5907,193,183024,0.614426,75,0,8,,0.347826,46,0,0.1,19,5.26316,0,4.47871,31,,-250,598,,0,0,0,1.47826
1604436594934,10,1010123456006,76,,1,0,8,1,0,,21.3252,206,178867,1.13687,84,0,11,,0,0,0,0,0,0,0,0,0,,-250,620,,0,0,0,0
1604436595184,10,1010123456006,76,,1,0,8,1,0,,18.52,150,180965,0.701558,62,0,10,,0,0,0,0,0,0,0,0,0,,-250,478,,0,0,0,0
1604436595434,10,1010123456006,76,,1,0,8,1,0,,20.564,172,183026,0.87648,70,0,11,,0,0,0,0,0,0,0,0,0,,-250,516,,0,0,0,0
1604436595684,10,1010123456006,76,,1,0,8,1,0,,16.9713,174,183780,0.724032,70,0,10,,0.62963,54,0,0.1,22,0,0,4.27664,31,,-250,544,,0,0,0,1.25926
1604436595934,10,1010123456006,76,,1,0,8,1,0,,13.6193,218,183214,0.711614,87,0,9.2,,0,0,0,0,0,0,0,0,0,,-250,672,,0,0,0,0
1604436596184,10,1010123456006,76,,1,0,8,1,0,,20.3697,165,183720,0.781526,65,0,11,,0,0,0,0,0,0,0,0,0,,-250,470,,0,0,0,0
1604436596434,10,1010123456006,76,,1,0,8,1,0,,16.7766,197,183494,0.812209,82,0,9,,0,0,0,0,0,0,0,0,0,,-250,608,,0,0,0,0
1604436596684,10,1010123456006,76,,1,0,8,1,0,,13.9278,194,182950,0.574715,76,0,9.5,,1.8,50,0,0.1,20,0,0,6.27199,31,,-250,580,,0,0,0,1.32
1604436596934,10,1010123456006,76,,1,0,8,1,0,,16.2527,186,183181,0.692434,72,0,8,,0,0,0,0,0,0,0,0,0,,-250,572,,0,0,0,0
1604436597184,10,1010123456006,76,,1,0,8,1,0,,15.2843,197,181374,0.67849,78,0,11,,0,0,0,0,0,0,0,0,0,,-250,620,,0,0,0,0
1604436597434,10,1010123456006,76,,1,0,8,1,0,,20.5732,164,184181,0.86747,68,0,11,,0,0,0,0,0,0,0,0,0,,-250,496,,0,0,0,0
1604436597684,10,1010123456006,76,,1,0,8,1,0,,20.5029,173,183601,0.915502,71,0,11,,0.946429,56,0,0.1,22,0,0,5.347,31,,-250,540,,0,0,0,1.19643
1604436597934,10,1010123456006,76,,1,0,8,1,0,,20.2265,181,184469,0.957141,75,0,11,,0,0,0,0,0,0,0,0,0,,-250,588,,0,0,0,0
1604436598184,10,1010123456006,76,,1,0,8,1,0,,19.6919,185,181745,0.860337,71,0,10,,0,0,0,0,0,0,0,0,0,,-250,548,,0,0,0,0
1604436598434,10,1010123456006,76,,1,0,8,1,0,,20.1377,167,181350,0.790072,67,0,0.1,,0,0,0,0,0,0,0,0,0,,-250,498,,0,0,0,0
1604436598684,10,1010123456006,76,,1,0,8,1,0,,18.4663,193,182331,0.922208,79,0,9.42857,,2.6087,46,0,0.1,20,25,0,4.51069,31,,-250,616,,0,0,0,3.08696
1604436598934,10,1010123456006,76,,1,0,8,1,0,,3.79208,202,183163,0.178313,80,0,0.1,,0,0,0,0,0,0,0,0,0,,-250,632,,0,0,0,0
1604436599184,10,1010123456006,76,,1,0,8,1,0,,18.9565,207,180078,0.993831,84,0,11.5,,0,0,0,0,0,0,0,0,0,,-250,638,,0,0,0,0
1604436599434,10,1010123456006,76,,1,0,8,1,0,,12.4408,152,183943,0.469622,61,0,7.5,,0,0,0,0,0,0,0,0,0,,-251,448,,0,0,0,0
1604436599685,10,1010123456006,76,,1,0,8,1,0,,20.0927,205,182154,0.967872,80,0,10.5,,4.32203,59,0,0.1,24,29.1667,0,6.36367,31,,-250,616,,0,0,0,3.9661
1604436599934,10,1010123456006,76,,1,0,8,1,0,,18.1898,216,179924,0.909462,86,0,9.66667,,0,0,0,0,0,0,0,0,0,,-249,630,,0,0,0,0
1604436600184,10,1010123456006,76,,1,0,8,1,0,,19.9211,190,181496,0.937896,76,0,10,,0,0,0,0,0,0,0,0,0,,-250,574,,0,0,0,0
1604436600434,10,1010123456006,76,,1,0,8,1,0,,20.5127,197,179075,1.03688,81,0,10.5,,0,0,0,0,0,0,0,0,0,,-250,624,,0,0,0,0
1604436600684,10,1010123456006,76,,1,0,8,1,0,,20.6177,361,155525,1.74387,144,0,10.8333,,9.75,28,0,0.1,12,25,0,12.5366,31,,-250,1024,,0,0,0,3.14286
1604436600934,10,1010123456006,76,,1,0,8,1,0,,16.0497,302,150355,1.14031,123,0,8,,0,0,0,0,0,0,0,0,0,,-250,886,,0,0,0,0
1604436601184,10,1010123456006,76,,1,0,8,1,0,,20.9063,192,150301,0.953157,75,0,11,,0,0,0,0,0,0,0,0,0,,-250,536,,0,0,0,0
1604436601434,10,1010123456006,76,,1,0,8,1,0,,18.5073,205,155349,0.821847,80,0,9.8,,0,0,0,0,0,0,0,0,0,,-250,566,,0,0,0,0
1604436601684,10,1010123456006,76,,1,0,8,1,0,,18.3382,204,158615,0.866667,79,0,10.25,,2.69048,42,0,0.1,17,0,0,8.98108,31,,-250,616,,0,0,0,1.28571
1604436601934,10,1010123456006,76,,1,0,8,1,0,,20.716,162,163201,0.81041,64,0,11,,0,0,0,0,0,0,0,0,0,,-250,492,,0,0,0,0
1604436602184,10,1010123456006,76,,1,0,8,1,0,,20.6367,245,156365,1.21192,97,0,10.6,,0,0,0,0,0,0,0,0,0,,-250,702,,0,0,0,0
1604436602434,10,1010123456006,76,,1,0,8,1,0,,19.1523,243,155998,1.01963,96,0,9,,0,0,0,0,0,0,0,0,0,,-250,646,,0,0,0,0
1604436602684,10,1010123456006,76,,1,0,8,1,0,,20.4462,186,156901,0.959647,79,0,10.3333,,2.59375,32,0,0.1,13,0,0,6.91866,31,,-250,574,,0,0,0,1.09375
1604436602934,10,1010123456006,76,,1,0,8,1,0,,17.9194,186,162645,0.800996,69,0,8.6,,0,0,0,0,0,0,0,0,0,,-250,552,,0,0,0,0
1604436603184,10,1010123456006,76,,1,0,8,1,0,,11.4615,169,177257,0.462618,66,0,11,,0,0,0,0,0,0,0,0,0,,-250,504,,0,0,0,0
1604436603434,10,1010123456006,76,,1,0,8,1,0,,18.2786,402,155532,1.67775,162,0,9.6,,0,0,0,0,0,0,0,0,0,,-250,1174,,0,0,0,0
1604436603684,10,1010123456006,76,,1,0,8,1,0,,14.6781,205,162191,0.810474,82,0,8,,5.46667,15,0,0.1,6,0,0,8.93779,31,,-250,632,,0,0,0,1.2
1604436603934,10,1010123456006,76,,1,0,8,1,0,,14.5243,288,161398,0.978345,113,0,8.16667,,0,0,0,0,0,0,0,0,0,,-250,868,,0,0,0,0
1604436604184,10,1010123456006,76,,1,0,8,1,0,,17.2557,309,161835,0.936482,126,0,9.75,,0,0,0,0,0,0,0,0,0,,-250,712,,0,0,0,0
1604436604434,10,1010123456006,76,,1,0,8,1,0,,20.6928,433,128826,2.02262,170,0,11,,0,0,0,0,0,0,0,0,0,,-250,1166,,0,0,0,0
1604436604684,10,1010123456006,76,,1,0,8,1,0,,19.2444,315,118152,1.36916,131,0,10.8571,,7.78947,38,0,0.1,16,25,0,8.5305,31,,-250,872,,0,0,0,3.89474
1604436604934,10,1010123456006,76,,1,0,8,1,0,,9.10169,236,133790,0.489285,97,0,7,,0,0,0,0,0,0,0,0,0,,-250,706,,0,0,0,0
1604436605184,10,1010123456006,76,,1,0,8,1,0,,18.2857,196,138462,0.820659,79,0,11,,0,0,0,0,0,0,0,0,0,,-250,576,,0,0,0,0
1604436605434,10,1010123456006,76,,1,0,8,1,0,,18.1728,162,148014,0.665088,64,0,10,,0,0,0,0,0,0,0,0,0,,-250,488,,0,0,0,0
1604436605684,10,1010123456006,76,,1,0,8,1,0,,15.1319,182,158299,0.654715,76,0,7.66667,,14,10,0,0,4,100,0,3.81721,0,,-250,578,,0,0,0,10
1604436605934,10,1010123456006,76,,1,0,8,1,0,,14.6914,175,172978,0.50204,70,0,7.5,,0.545455,11,0,0.1,5,0,0,4.99157,31,,-250,492,,0,0,0,1
1604436606184,10,1010123456006,76,,1,0,8,1,0,,15.0099,202,182509,0.671004,82,0,9.33333,,0,0,0,0,0,0,0,0,0,,-250,604,,0,0,0,0
1604436606434,10,1010123456006,76,,1,0,8,1,0,,17.7865,192,180544,0.77992,75,0,9.66667,,0,0,0,0,0,0,0,0,0,,-251,612,,0,0,0,0
1604436606684,10,1010123456006,76,,1,0,8,1,0,,19.0833,168,183200,0.771502,69,0,10.5,,0.608696,46,0,0.1,19,0,0,5.63853,31,,-249,504,,0,0,0,1
1604436606934,10,1010123456006,76,,1,0,8,1,0,,20.1676,173,182484,0.871197,68,0,10.3333,,0,0,0,0,0,0,0,0,0,,-250,532,,0,0,0,0
1604436607184,10,1010123456006,76,,1,0,8,1,0,,17.7844,167,181984,0.711968,68,0,9.66667,,0,0,0,0,0,0,0,0,0,,-249,526,,0,0,0,0
1604436607434,10,1010123456006,76,,1,0,8,1,0,,15.1786,168,182705,0.591261,66,0,4.5,,0,0,0,0,0,0,0,0,0,,-250,508,,0,0,0,0
1604436607684,10,1010123456006,76,,1,0,8,1,0,,17.4845,194,183195,0.7512,75,0,9.75,,2.66667,51,0,0.1,20,5,0,8.08426,31,,-251,596,,0,0,0,2
1604436607934,10,1010123456006,76,,1,0,8,1,0,,19.7529,174,181275,0.857317,72,0,11,,0,0,0,0,0,0,0,0,0,,-249,536,,0,0,0,0
1604436608184,10,1010123456006,76,,1,0,8,1,0,,12.6869,297,177508,1.01115,123,0,7.75,,0,0,0,0,0,0,0,0,0,,-250,916,,0,0,0,0
1604436608434,10,1010123456006,76,,1,0,8,1,0,,14.8589,163,184370,0.519454,63,0,8.4,,0,0,0,0,0,0,0,0,0,,-250,466,,0,0,0,0
1604436608684,10,1010123456006,76,,1,0,8,1,0,,9.94969,159,183534,0.410506,70,0,11,,2.07843,51,0,0.1,21,4.7619,0,8.55426,31,,-250,528,,0,0,0,1.2549
1604436608934,10,1010123456006,76,,1,0,8,1,0,,20.7592,191,181767,0.990297,75,0,0.1,,0,0,0,0,0,0,0,0,0,,-250,608,,0,0,0,0
1604436609184,10,1010123456006,76,,1,0,8,1,0,,19.0052,194,183149,0.958715,79,0,10.5,,0,0,0,0,0,0,0,0,0,,-250,606,,0,0,0,0
1604436609434,10,1010123456006,76,,1,0,8,1,0,,20.9196,199,179769,1.09619,83,0,11,,0,0,0,0,0,0,0,0,0,,-250,628,,0,0,0,0
1604436609684,10,1010123456006,76,,1,0,8,1,0,,22,208,172335,1.20032,84,0,11.25,,3.8125,48,0,0.1,19,21.0526,0,7.33947,31,,-250,644,,0,0,0,3.45833
1604436609934,10,1010123456006,76,,1,0,8,1,0,,20.9399,183,170560,1.00463,73,0,11,,0,0,0,0,0,0,0,0,0,,-250,568,,0,0,0,0
1604436610184,10,1010123456006,76,,1,0,8,1,0,,20.8077,208,167339,1.08382,82,0,11,,0,0,0,0,0,0,0,0,0,,-250,626,,0,0,0,0
1604436610434,10,1010123456006,76,,1,0,8,1,0,,21.4079,152,171470,0.857092,61,0,11.3333,,0,0,0,0,0,0,0,0,0,,-250,468,,0,0,0,0
1604436610684,10,1010123456006,76,,1,0,8,1,0,,13.1592,201,181610,0.581108,75,0,8.4,,1.57143,42,0,0.1,17,0,0,6.74639,31,,-250,612,,0,0,0,1.28571
1604436610934,10,1010123456006,76,,1,0,8,1,0,,20.2802,182,183640,0.97404,73,0,10.3333,,0,0,0,0,0,0,0,0,0,,-250,548,,0,0,0,0
1604436611184,10,1010123456006,76,,1,0,8,1,0,,20.8011,186,181334,0.971534,75,0,11,,0,0,0,0,0,0,0,0,0,,-250,580,,0,0,0,0
1604436611434,10,1010123456006,76,,1,0,8,1,0,,21.9744,156,181838,0.930185,64,0,11.25,,0,0,0,0,0,0,0,0,0,,-250,488,,0,0,0,0
1604436611684,10,1010123456006,76,,1,0,8,1,0,,18.6541,185,182705,0.868498,72,0,9,,0.5,54,0,0.1,22,4.54545,0,5.86164,31,,-250,584,,0,0,0,1.5
1604436611934,10,1010123456006,76,,1,0,8,1,0,,21.241,166,181885,0.985574,72,0,12,,0,0,0,0,0,0,0,0,0,,-250,540,,0,0,0,0
1604436612184,10,1010123456006,76,,1,0,8,1,0,,17.1556,180,183976,0.738795,71,0,8.5,,0,0,0,0,0,0,0,0,0,,-250,536,,0,0,0,0
1604436612434,10,1010123456006,76,,1,0,8,1,0,,20.7727,154,180652,0.756177,60,0,10.25,,0,0,0,0,0,0,0,0,0,,-251,472,,0,0,0,0
1604436612684,10,1010123456006,76,,1,0,8,1,0,,19.8945,199,180442,1.016,79,0,10.5,,0.153846,52,0,0.1,22,9.09091,0,3.89367,31,,-250,604,,0,0,0,1.90385
1604436612934,10,1010123456006,76,,1,0,8,1,0,,20.5667,150,181418,0.82339,64,0,11,,0,0,0,0,0,0,0,0,0,,-250,488,,0,0,0,0
1604436613184,10,1010123456006,76,,1,0,8,1,0,,19.8556,187,179876,0.897285,72,0,9.75,,0,0,0,0,0,0,0,0,0,,-250,514,,0,0,0,0
1604436613434,10,1010123456006,76,,1,0,8,1,0,,22.7233,206,172183,1.24466,84,0,11.6667,,0,0,0,0,0,0,0,0,0,,-250,604,,0,0,0,0
1604436613684,10,1010123456006,76,,1,0,8,1,0,,19.0659,182,174908,0.878908,74,0,6,,5.09231,65,0,0.1,26,34.6154,0,5.38607,31,,-250,584,,0,0,0,4.27692
1604436613934,10,1010123456006,76,,1,0,8,1,0,,18.6122,214,170961,1.10082,86,0,9.83333,,0,0,0,0,0,0,0,0,0,,-249,676,,0,0,0,0
1604436614184,10,1010123456006,76,,1,0,8,1,0,,20.2913,206,168075,1.05382,83,0,12,,0,0,0,0,0,0,0,0,0,,-250,618,,0,0,0,0
1604436614434,10,1010123456006,76,,1,0,8,1,0,,19.4437,151,174162,0.811823,57,0,2,,0,0,0,0,0,0,0,0,0,,-250,448,,0,0,0,0
1604436614684,10,1010123456006,76,,1,0,8,1,0,,14.3109,193,183446,0.628819,79,0,11,,1.42857,42,0,0.1,17,0,0,5.58799,31,,-250,588,,0,0,0,1.14286
1604436614934,10,1010123456006,76,,1,0,8,1,0,,20.4718,142,183513,0.774361,58,0,10.75,,0,0,0,0,0,0,0,0,0,,-250,444,,0,0,0,0
1604436615184,10,1010123456006,76,,1,0,8,1,0,,22.5102,196,176198,1.17921,79,0,11.6667,,0,0,0,0,0,0,0,0,0,,-249,580,,0,0,0,0
1604436615434,10,1010123456006,76,,1,0,8,1,0,,22.6894,161,176536,0.936418,64,0,12.25,,0,0,0,0,0,0,0,0,0,,-250,480,,0,0,0,0
1604436615684,10,1010123456006,76,,1,0,8,1,0,,14.7569,181,182080,0.66008,73,0,8.33333,,2.04545,44,0,0.1,18,5.55556,0,7.50208,31,,-250,554,,0,0,0,1.45455
1604436615934,10,1010123456006,76,,1,0,8,1,0,,19.3405,185,181288,0.834667,71,0,11,,0,0,0,0,0,0,0,0,0,,-250,554,,0,0,0,0
1604436616184,10,1010123456006,76,,1,0,8,1,0,,20.202,198,180270,1.05674,82,0,11,,0,0,0,0,0,0,0,0,0,,-250,576,,0,0,0,0
1604436616434,10,1010123456006,76,,1,0,8,1,0,,23.3259,451,127044,2.6596,176,0,11.8,,0,0,0,0,0,0,0,0,0,,-250,1290,,0,0,0,0
1604436616684,10,1010123456006,76,,1,0,8,1,0,,23.6434,415,82729,2.3832,167,0,12.2,,4.56522,46,0,0.1,18,16.6667,0,6.8603,31,,-250,1138,,0,0,0,2.67391
1604436616934,10,1010123456006,76,,1,0,8,1,0,,22.0763,380,42583,2.35412,157,0,10.5,,0,0,0,0,0,0,0,0,0,,-250,1112,,0,0,0,0
1604436617184,10,1010123456006,76,,1,0,8,1,0,,24.2764,369,10181,1.97446,145,0,13,,0,0,0,0,0,0,0,0,0,,-250,898,,0,0,0,0
1604436617434,10,1010123456006,76,,1,0,8,1,0,,23.7445,227,1253,1.33443,92,0,12.6,,0,0,0,0,0,0,0,0,0,,363,580,,0,0,0,0
1604436617684,10,1010123456006,76,,1,0,8,1,0,,21,197,1433,1.0045,83,0,12,,5.79167,24,0,0.1,10,30,0,7.2446,31,,488,544,,0,0,0,3.875
1604436617934,10,1010123456006,76,,1,0,8,1,0,,23.4246,179,153,0.98143,71,0,13,,0,0,0,0,0,0,0,0,0,,743,460,,0,0,0,0
1604436618184,10,1010123456006,76,,1,0,8,1,0,,22.8889,153,2375,0.936321,63,0,12,,0,0,0,0,0,0,0,0,0,,449,430,,0,0,0,0
1604436618434,10,1010123456006,76,,1,0,8,1,0,,18.328,186,6051,0.871293,71,0,9.4,,0,0,0,0,0,0,0,0,0,,-80,542,,0,0,0,0
1604436618684,10,1010123456006,76,,1,0,8,1,0,,20.3486,175,7436,0.933751,72,0,9.83333,,3.45098,51,0,0.1,21,19.0476,0,5.66841,31,,-250,544,,0,0,0,2.76471
1604436618934,10,1010123456006,76,,1,0,8,1,0,,15.0305,197,10389,0.779727,78,0,11.6667,,0,0,0,0,0,0,0,0,0,,-251,616,,0,0,0,0
1604436619184,10,1010123456006,76,,1,0,8,1,0,,19.2876,153,17465,0.807165,67,0,11.3333,,0,0,0,0,0,0,0,0,0,,-249,458,,0,0,0,0
1604436619434,10,1010123456006,76,,1,0,8,1,0,,24.6731,208,4266,1.32145,78,0,13,,0,0,0,0,0,0,0,0,0,,-250,620,,0,0,0,0
1604436619684,10,1010123456006,76,,1,0,8,1,0,,20.2198,182,1814,1.12138,76,0,10.3333,,2.36364,44,0,0.1,19,5.26316,0,6.46103,31,,-250,564,,0,0,0,1.93182
1604436619934,10,1010123456006,76,,1,0,8,1,0,,23.702,151,2193,0.962795,61,0,11,,0,0,0,0,0,0,0,0,0,,472,450,,0,0,0,0
1604436620184,10,1010123456006,76,,1,0,8,1,0,,24.732,153,753,0.998201,57,0,11,,0,0,0,0,0,0,0,0,0,,286,450,,0,0,0,0
1604436620434,10,1010123456006,76,,1,0,8,1,0,,21.2256,164,2925,0.942779,66,0,11,,0,0,0,0,0,0,0,0,0,,643,494,,0,0,0,0
1604436620684,10,1010123456006,76,,1,0,8,1,0,,17.8624,218,2389,0.994217,89,0,11.6667,,2.91892,37,0,0.1,15,40,0,3.94831,31,,8,662,,0,0,0,5.54054
1604436620934,10,1010123456006,76,,1,0,8,1,0,,21.3889,180,1525,1.01921,75,0,11.6667,,0,0,0,0,0,0,0,0,0,,449,532,,0,0,0,0
1604436621184,10,1010123456006,76,,1,0,8,1,0,,17.6111,162,12132,0.643855,66,0,8.5,,0,0,0,0,0,0,0,0,0,,-4,460,,0,0,0,0
1604436621434,10,1010123456006,76,,1,0,8,1,0,,18.5245,204,8771,1.04617,81,0,12.3333,,0,0,0,0,0,0,0,0,0,,-250,620,,0,0,0,0
1604436621684,10,1010123456006,76,,1,0,8,1,0,,23.7923,183,0,1.21282,73,0,12,,1.51111,45,0,0.1,18,5.55556,0,5.0871,31,,342,568,,0,0,0,1.48889
1604436621934,10,1010123456006,76,,1,0,8,1,0,,23.9474,152,0,0.986217,62,0,12.5,,0,0,0,0,0,0,0,0,0,,748,448,,0,0,0,0
1604436622184,10,1010123456006,76,,1,0,8,1,0,,19.7222,144,6745,0.753831,59,0,8.66667,,0,0,0,0,0,0,0,0,0,,-101,452,,0,0,0,0
1604436622434,10,1010123456006,76,,1,0,8,1,0,,12.9191,173,22633,0.487743,71,0,8.66667,,0,0,0,0,0,0,0,0,0,,-250,526,,0,0,0,0
1604436622684,10,1010123456006,76,,1,0,8,1,0,,22.5645,248,5366,1.49565,98,0,11.6667,,6.48837,43,0,0.1,17,23.5294,0,9.87481,31,,-250,768,,0,0,0,3.55814
1604436622934,10,1010123456006,76,,1,0,8,1,0,,22.1658,193,905,1.17427,81,0,11,,0,0,0,0,0,0,0,0,0,,476,582,,0,0,0,0
1604436623184,10,1010123456006,76,,1,0,8,1,0,,22.5698,179,661,0.980787,69,0,12.75,,0,0,0,0,0,0,0,0,0,,738,470,,0,0,0,0
1604436623434,10,1010123456006,76,,1,0,8,1,0,,11.517,176,14653,0.544771,67,0,5.75,,0,0,0,0,0,0,0,0,0,,196,528,,0,0,0,0
1604436623684,10,1010123456006,76,,1,0,8,1,0,,6.16384,177,38415,0.220466,73,0,7,,2.88372,43,0,0.1,19,21.0526,0,4.77778,31,,-250,518,,0,0,0,3.16279
1604436623934,10,1010123456006,76,,1,0,8,1,0,,19.1719,384,9900,1.79483,150,0,12.6667,,0,0,0,0,0,0,0,0,0,,-250,1160,,0,0,0,0
1604436624184,10,1010123456006,76,,1,0,8,1,0,,11.8566,265,13363,0.981173,110,0,6.5,,0,0,0,0,0,0,0,0,0,,86,772,,0,0,0,0
1604436624434,10,1010123456006,76,,1,0,8,1,0,,12.2235,349,8996,1.12768,139,0,8.33333,,0,0,0,0,0,0,0,0,0,,62,1054,,0,0,0,0
1604436624684,10,1010123456006,76,,1,0,8,1,0,,19.7308,234,0,1.19833,99,0,12.3333,,1.13725,51,0,0.1,20,0,0,4.91252,31,,52,704,,0,0,0,1.07843
1604436624934,10,1010123456006,76,,1,0,8,1,0,,16.5811,222,5798,0.821912,85,0,10,,0,0,0,0,0,0,0,0,0,,429,570,,0,0,0,0
1604436625184,10,1010123456006,76,,1,0,8,1,0,,20.3802,242,0,1.13308,100,0,12.3333,,0,0,0,0,0,0,0,0,0,,271,630,,0,0,0,0
1604436625434,10,1010123456006,76,,1,0,4,1,0,,23.9565,230,513,0.987245,94,0,12.5,,0,0,0,0,0,0,0,0,0,,898,460,,0,0,0,0
1604436625684,10,1010123456006,76,,1,0,4,1,0,,26.0367,245,1745,0.942618,99,0,12.8,,3.28571,35,0,0.1,14,0,0,7.91374,31,,14,394,,0,0,0,1.14286
1604436625934,10,1010123456006,76,,1,0,4,1,0,,18.6292,240,11865,0.655325,97,0,10.3333,,0,0,0,0,0,0,0,0,0,,-104,384,,0,0,0,0
1604436626184,10,1010123456006,76,,1,0,4,1,0,,27.3598,214,13281,0.954699,87,0,13.6667,,0,0,0,0,0,0,0,0,0,,-249,336,,0,0,0,0
1604436626434,10,1010123456006,76,,1,0,4,1,0,,27.1958,189,18911,0.787084,74,0,13,,0,0,0,0,0,0,0,0,0,,-250,300,,0,0,0,0
1604436626684,10,1010123456006,76,,1,0,4,1,0,,26.5182,220,22973,0.818859,83,0,13,,1.44444,36,0,0.1,14,0,0,3.32049,31,,-251,342,,0,0,0,2.22222
1604436626934,10,1010123456006,76,,1,0,4,1,0,,26.7783,230,24532,0.972948,95,0,13.2,,0,0,0,0,0,0,0,0,0,,-250,364,,0,0,0,0
1604436627184,10,1010123456006,76,,1,0,4,1,0,,9.73401,297,41646,0.419598,116,0,8,,0,0,0,0,0,0,0,0,0,,-249,464,,0,0,0,0
1604436627434,10,1010123456006,76,,1,0,4,1,0,,26.6039,308,35368,1.18316,122,0,13,,0,0,0,0,0,0,0,0,0,,-250,476,,0,0,0,0
1604436627684,10,1010123456006,76,,1,0,4,1,0,,21.7302,252,43067,0.675245,95,0,11.6667,,3.75,20,0,0.1,8,0,0,7.76002,31,,-250,376,,0,0,0,1.2
1604436627934,10,1010123456006,76,,1,0,4,1,0,,25.3808,260,44422,0.926908,102,0,12.75,,0,0,0,0,0,0,0,0,0,,-250,402,,0,0,0,0
1604436628184,10,1010123456006,76,,1,0,4,1,0,,26.4905,210,49164,0.869687,89,0,13,,0,0,0,0,0,0,0,0,0,,-250,334,,0,0,0,0
1604436628434,10,1010123456006,76,,1,0,4,1,0,,25.3414,249,50232,0.941012,101,0,11.6667,,0,0,0,0,0,0,0,0,0,,-249,404,,0,0,0,0
1604436628684,9,1010123456006,76,,1,0,4,1,0,,25.6879,346,41633,1.23961,135,0,13,,2.58974,39,0,0.1,15,0,0,7.90001,31,,-250,534,,0,0,0,1
1604436628934,11,1010123456006,76,,1,0,4,1,0,,20.8326,215,50296,0.711486,89,0,10,,0,0,0,0,0,0,0,0,0,,-250,352,,0,0,0,0
1604436629184,12,1010123456006,76,,1,0,4,1,0,,24.3149,289,48859,1.02606,118,0,11.5,,0,0,0,0,0,0,0,0,0,,-250,464,,0,0,0,0
1604436629434,12,1010123456006,76,,1,0,4,1,0,,26.6075,265,47020,1.01655,104,0,13,,0,0,0,0,0,0,0,0,0,,-250,418,,0,0,0,0
1604436629684,12,1010123456006,76,,1,0,4,1,0,,4.99576,236,71753,0.24257,95,0,5.33333,,3.87097,31,0,0.1,15,26.6667,0,4.95401,31,,-250,370,,0,0,0,3.51613
1604436629934,11,1010123456006,76,,1,0,4,1,0,,21.7537,268,75610,0.858988,109,0,10,,0,0,0,0,0,0,0,0,0,,-250,422,,0,0,0,0
1604436630184,10,1010123456006,76,,1,0,4,1,0,,21.3396,265,79526,0.818763,106,0,7.5,,0,0,0,0,0,0,0,0,0,,-250,428,,0,0,0,0
1604436630434,10,1010123456006,76,,1,0,4,1,0,,26.6569,274,76591,1.09941,111,0,13,,0,0,0,0,0,0,0,0,0,,-250,430,,0,0,0,0
1604436630684,10,1010123456006,76,,1,0,4,1,0,,22.5247,263,77976,0.886265,103,0,9.33333,,4.58824,17,0,0.1,7,0,0,9.71899,31,,-250,402,,0,0,0,1.29412
1604436630934,10,1010123456006,76,,1,0,4,1,0,,24.8432,287,72509,1.1343,116,0,11.4,,0,0,0,0,0,0,0,0,0,,-250,464,,0,0,0,0
1604436631184,10,1010123456006,76,,1,0,4,1,0,,26.9965,285,66615,1.19377,116,0,13.25,,0,0,0,0,0,0,0,0,0,,-250,452,,0,0,0,0
1604436631434,10,1010123456006,76,,1,0,4,1,0,,27.1479,284,59922,1.23033,118,0,13.4,,0,0,0,0,0,0,0,0,0,,-250,450,,0,0,0,0
1604436631684,10,1010123456006,76,,1,0,4,1,0,,26.755,249,58542,1.02088,99,0,10.75,,4.62222,45,0,0.1,18,5.55556,0,8.81381,31,,-250,396,,0,0,0,1.8
1604436631934,10,1010123456006,76,,1,0,4,1,0,,4.60076,263,85043,0.118747,104,0,13,,0,0,0,0,0,0,0,0,0,,-250,410,,0,0,0,0
1604436632184,11,1010123456006,76,,1,0,4,1,0,,23.5,244,88605,0.846104,97,0,10.25,,0,0,0,0,0,0,0,0,0,,-251,388,,0,0,0,0
1604436632434,12,1010123456006,76,,1,0,4,1,0,,14.7468,237,101116,0.577735,94,0,7,,0,0,0,0,0,0,0,0,0,,-250,370,,0,0,0,0
1604436632684,11,1010123456006,76,,1,0,4,1,0,,26.9567,277,95494,1.1511,108,0,13,,3.24242,33,0,0.1,13,0,0,6.87093,31,,-250,434,,0,0,0,1.09091
1604436632934,10,1010123456006,76,,1,0,4,1,0,,27.2161,310,86745,1.25642,122,0,14,,0,0,0,0,0,0,0,0,0,,-249,472,,0,0,0,0
1604436633184,10,1010123456006,76,,1,0,4,1,0,,26.9324,296,79732,1.23043,117,0,13.2,,0,0,0,0,0,0,0,0,0,,-250,460,,0,0,0,0
1604436633434,10,1010123456006,76,,1,0,4,1,0,,27.4938,243,76325,1.13112,102,0,14,,0,0,0,0,0,0,0,0,0,,-249,386,,0,0,0,0
1604436633684,10,1010123456006,76,,1,0,4,1,0,,26.5801,281,70927,1.06663,107,0,13,,4.27027,37,0,0.1,15,53.3333,0,3.07231,31,,-250,438,,0,0,0,5.97297
1604436633934,10,1010123456006,76,,1,0,4,1,0,,26.46,250,70519,1.00488,105,0,14,,0,0,0,0,0,0,0,0,0,,-250,400,,0,0,0,0
1604436634184,10,1010123456006,76,,1,0,4,1,0,,7.93434,198,92801,0.279936,81,0,7.5,,0,0,0,0,0,0,0,0,0,,-250,322,,0,0,0,0
1604436634434,10,1010123456006,76,,1,0,4,1,0,,27.8693,306,79226,1.39116,120,0,14.5,,0,0,0,0,0,0,0,0,0,,-250,484,,0,0,0,0
1604436634684,10,1010123456006,76,,1,0,4,1,0,,27.1401,207,82641,0.917687,87,0,13.5,,0.1,50,0,0.1,21,9.52381,0,2.3044,31,,-250,328,,0,0,0,2.02
1604436634934,10,1010123456006,76,,1,0,4,1,0,,10.4224,232,101002,0.388112,90,0,5,,0,0,0,0,0,0,0,0,0,,-250,376,,0,0,0,0
1604436635184,10,1010123456006,76,,1,0,4,1,0,,18.645,262,106498,0.758683,104,0,10.5,,0,0,0,0,0,0,0,0,0,,-250,422,,0,0,0,0
1604436635434,10,1010123456006,76,,1,0,4,1,0,,27.6899,258,99573,1.1973,106,0,14,,0,0,0,0,0,0,0,0,0,,-250,418,,0,0,0,0
1604436635684,10,1010123456006,76,,1,0,4,1,0,,13.0294,204,118776,0.411791,85,0,9.25,,0.814815,27,0,0.1,13,0,0,4.77066,31,,-250,326,,0,0,0,1.07407
1604436635934,10,1010123456006,76,,1,0,4,1,0,,24.4845,291,115300,1.05269,113,0,13.75,,0,0,0,0,0,0,0,0,0,,-250,454,,0,0,0,0
1604436636184,10,1010123456006,76,,1,0,4,1,0,,27.4321,243,111949,1.13754,102,0,13.5,,0,0,0,0,0,0,0,0,0,,-250,386,,0,0,0,0
1604436636434,10,1010123456006,76,,1,0,4,1,0,,27.5893,280,102841,1.20173,108,0,14,,0,0,0,0,0,0,0,0,0,,-250,436,,0,0,0,0
1604436636684,10,1010123456006,76,,1,0,4,1,0,,27.7177,248,98106,1.15306,101,0,14,,1.53333,60,0,0.1,25,44,0,3.85274,31,,-250,396,,0,0,0,5.31667
1604436636934,10,1010123456006,76,,1,0,4,1,0,,27.8364,165,104872,0.769349,66,0,14,,0,0,0,0,0,0,0,0,0,,-250,260,,0,0,0,0
1604436637184,10,1010123456006,76,,1,0,4,1,0,,24.05,140,118851,0.526361,59,0,12.5,,0,0,0,0,0,0,0,0,0,,-250,236,,0,0,0,0
1604436637434,10,1010123456006,76,,1,0,4,1,0,,11.9568,162,138552,0.340851,61,0,7.5,,0,0,0,0,0,0,0,0,0,,-250,260,,0,0,0,0
1604436637684,10,1010123456006,76,,1,0,4,1,0,,9.41379,174,159735,0.256129,72,0,13.5,,0.72,50,0,0.1,20,0,0,5.83395,31,,-250,288,,0,0,0,1.06
1604436637934,10,1010123456006,76,,1,0,4,1,0,,26.9006,171,167388,0.749847,71,0,13.75,,0,0,0,0,0,0,0,0,0,,-250,276,,0,0,0,0
1604436638184,10,1010123456006,76,,1,0,4,1,0,,27.7081,161,174969,0.754956,66,0,0.1,,0,0,0,0,0,0,0,0,0,,-250,256,,0,0,0,0
1604436638434,10,1010123456006,76,,1,0,4,1,0,,9.08383,167,183686,0.223036,66,0,7,,0,0,0,0,0,0,0,0,0,,-250,268,,0,0,0,0
1604436638684,10,1010123456006,76,,1,0,4,1,0,,14.7153,144,183682,0.341365,55,0,1,,0.508475,59,0,0.1,24,16.6667,0,3.71531,31,,-250,228,,0,0,0,2.71186
1604436638934,10,1010123456006,76,,1,0,4,1,0,,11.5892,185,183955,0.254747,69,0,11.5,,0,0,0,0,0,0,0,0,0,,-250,280,,0,0,0,0
1604436639184,10,1010123456006,76,,1,0,4,1,0,,25.0061,163,183623,0.608675,65,0,14,,0,0,0,0,0,0,0,0,0,,-250,256,,0,0,0,0
1604436639434,10,1010123456006,76,,1,0,4,1,0,,27.4586,157,183216,0.747663,67,0,13,,0,0,0,0,0,0,0,0,0,,-250,256,,0,0,0,0
1604436639684,10,1010123456006,76,,1,0,4,1,0,,25.3989,183,182344,0.673671,72,0,0.1,,0.310345,58,0,0.1,23,8.69565,0,4.339,31,,-250,292,,0,0,0,1.91379
1604436639934,10,1010123456006,76,,1,0,4,1,0,,21.2357,140,182550,0.395341,53,0,10.6667,,0,0,0,0,0,0,0,0,0,,-250,220,,0,0,0,0
1604436640184,10,1010123456006,76,,1,0,4,1,0,,27.5856,181,183877,0.80347,72,0,14,,0,0,0,0,0,0,0,0,0,,-250,284,,0,0,0,0
1604436640434,10,1010123456006,76,,1,0,4,1,0,,23.807,171,182892,0.63788,70,0,10.6667,,0,0,0,0,0,0,0,0,0,,-250,284,,0,0,0,0
1604436640684,10,1010123456006,76,,1,0,4,1,0,,26.8297,182,182996,0.723373,71,0,14,,0.1,51,0,0.1,21,0,0,5.15717,31,,-250,288,,0,0,0,1.15686
1604436640934,10,1010123456006,76,,1,0,4,1,0,,27.2906,203,182676,0.925173,84,0,13.3333,,0,0,0,0,0,0,0,0,0,,-250,328,,0,0,0,0
1604436641184,10,1010123456006,76,,1,0,4,1,0,,26,188,183695,0.757815,75,0,13,,0,0,0,0,0,0,0,0,0,,-250,300,,0,0,0,0
1604436641434,10,1010123456006,76,,1,0,4,1,0,,27.3813,160,183807,0.710586,65,0,13,,0,0,0,0,0,0,0,0,0,,-250,256,,0,0,0,0
1604436641684,10,1010123456006,76,,1,0,4,1,0,,14.1414,198,184371,0.316402,76,0,8,,2.29508,61,0,0.1,24,37.5,0,4.22764,31,,-250,308,,0,0,0,5.18033
1604436641934,10,1010123456006,76,,1,0,4,1,0,,25.3838,185,183267,0.678329,73,0,13,,0,0,0,0,0,0,0,0,0,,-250,292,,0,0,0,0
1604436642184,10,1010123456006,76,,1,0,4,1,0,,26.4898,147,184547,0.576321,58,0,0.1,,0,0,0,0,0,0,0,0,0,,-250,228,,0,0,0,0
1604436642434,10,1010123456006,76,,1,0,4,1,0,,27.0248,202,183811,0.854618,80,0,13.6667,,0,0,0,0,0,0,0,0,0,,-250,324,,0,0,0,0
1604436642684,10,1010123456006,76,,1,0,4,1,0,,23.8377,154,182491,0.556466,62,0,10.5,,1.31707,41,0,0.1,17,0,0,5.4263,31,,-250,248,,0,0,0,1.04878
1604436642934,10,1010123456006,76,,1,0,4,1,0,,27.3714,175,182627,0.770602,69,0,13,,0,0,0,0,0,0,0,0,0,,-250,284,,0,0,0,0
1604436643184,10,1010123456006,76,,1,0,4,1,0,,18.3102,187,183012,0.579727,78,0,11.4,,0,0,0,0,0,0,0,0,0,,-250,300,,0,0,0,0
1604436643434,10,1010123456006,76,,1,0,4,1,0,,27.896,202,181978,0.954506,81,0,14,,0,0,0,0,0,0,0,0,0,,-250,328,,0,0,0,0
1604436643684,10,1010123456006,76,,1,0,4,1,0,,22.4316,190,183665,0.715502,76,0,8.5,,3.55,20,0,0.1,8,0,0,6.97726,31,,-250,304,,0,0,0,1.35
1604436643934,10,1010123456006,76,,1,0,4,1,0,,3.75325,154,183319,0.0552289,61,0,5.5,,0,0,0,0,0,0,0,0,0,,-250,244,,0,0,0,0
1604436644184,10,1010123456006,76,,1,0,4,1,0,,25.8187,171,182804,0.66551,70,0,13,,0,0,0,0,0,0,0,0,0,,-250,280,,0,0,0,0
1604436644434,10,1010123456006,76,,1,0,4,1,0,,26.8418,158,184547,0.638554,63,0,13.3333,,0,0,0,0,0,0,0,0,0,,-250,252,,0,0,0,0
1604436644684,10,1010123456006,76,,1,0,4,1,0,,26.8945,199,184209,0.782972,74,0,13.5,,2.72727,22,0,0.1,9,0,0,4.23166,31,,-250,308,,0,0,0,1.45455
1604436644934,10,1010123456006,76,,1,0,4,1,0,,26.8282,163,183545,0.702651,70,0,13,,0,0,0,0,0,0,0,0,0,,-250,268,,0,0,0,0
1604436645184,10,1010123456006,76,,1,0,4,1,0,,26.9877,162,184329,0.695229,67,0,13.25,,0,0,0,0,0,0,0,0,0,,-251,260,,0,0,0,0
1604436645434,10,1010123456006,76,,1,0,4,1,0,,11.1856,167,183471,0.312386,65,0,8.5,,0,0,0,0,0,0,0,0,0,,-249,264,,0,0,0,0
1604436645684,10,1010123456006,76,,1,0,4,1,0,,2.33333,162,183174,0.040739,65,0,9,,1.92857,42,0,0.1,18,5.55556,0,6.18915,31,,-250,264,,0,0,0,1.5
1604436645934,10,1010123456006,76,,1,0,4,1,0,,27.7076,171,182182,0.778924,68,0,13.6667,,0,0,0,0,0,0,0,0,0,,-251,276,,0,0,0,0
1604436646184,10,1010123456006,76,,1,0,4,1,0,,21.7606,188,183980,0.619566,76,0,9.5,,0,0,0,0,0,0,0,0,0,,-249,296,,0,0,0,0
1604436646434,10,1010123456006,76,,1,0,4,1,0,,16.8828,145,183834,0.417799,60,0,7.5,,0,0,0,0,0,0,0,0,0,,-250,240,,0,0,0,0
1604436646684,10,1010123456006,76,,1,0,4,1,0,,14.3959,197,184246,0.469173,75,0,7.5,,0.684211,57,0,0.1,23,13.0435,0,4.88471,31,,-250,304,,0,0,0,2.4386
1604436646934,10,1010123456006,76,,1,0,4,1,0,,4.62112,161,184393,0.140498,64,0,8.5,,0,0,0,0,0,0,0,0,0,,-250,264,,0,0,0,0
1604436647184,10,1010123456006,76,,1,0,4,1,0,,21.659,173,183397,0.560707,68,0,9,,0,0,0,0,0,0,0,0,0,,-250,268,,0,0,0,0
1604436647434,10,1010123456006,76,,1,0,4,1,0,,23.5621,169,184302,0.641092,66,0,8,,0,0,0,0,0,0,0,0,0,,-250,272,,0,0,0,0
1604436647684,10,1010123456006,76,,1,0,4,1,0,,26.5509,167,183317,0.686522,72,0,13,,1.88571,35,0,0.1,14,0,0,6.2679,31,,-250,276,,0,0,0,1
1604436647934,10,1010123456006,76,,1,0,4,1,0,,27.289,173,183757,0.799936,74,0,14,,0,0,0,0,0,0,0,0,0,,-250,288,,0,0,0,0
1604436648184,10,1010123456006,76,,1,0,4,1,0,,27.6536,179,183701,0.764627,67,0,13,,0,0,0,0,0,0,0,0,0,,-250,280,,0,0,0,0
1604436648434,10,1010123456006,76,,1,0,4,1,0,,25.2808,203,183489,0.766297,83,0,11.5,,0,0,0,0,0,0,0,0,0,,-250,328,,0,0,0,0
1604436648684,10,1010123456006,76,,1,0,4,1,0,,26.2267,172,182890,0.674988,69,0,0.1,,1.88571,35,0,0.1,14,0,0,5.33627,31,,-250,276,,0,0,0,1.05714
1604436648934,10,1010123456006,76,,1,0,4,1,0,,26.7799,159,182978,0.63547,63,0,14,,0,0,0,0,0,0,0,0,0,,-250,256,,0,0,0,0
1604436649184,10,1010123456006,76,,1,0,4,1,0,,27.771,131,183074,0.627341,54,0,0.1,,0,0,0,0,0,0,0,0,0,,-250,208,,0,0,0,0
1604436649434,10,1010123456006,76,,1,0,4,1,0,,25.3491,169,183016,0.660369,66,0,11.3333,,0,0,0,0,0,0,0,0,0,,-250,268,,0,0,0,0
1604436649684,10,1010123456006,76,,1,0,4,1,0,,13.9759,166,183645,0.264289,66,0,0.1,,1.52,50,0,0.1,21,19.0476,0,4.41612,31,,-250,264,,0,0,0,2.78
1604436649934,10,1010123456006,76,,1,0,4,1,0,,21,174,183199,0.473382,66,0,13,,0,0,0,0,0,0,0,0,0,,-250,264,,0,0,0,0
1604436650184,10,1010123456006,76,,1,0,4,1,0,,26.8212,179,182719,0.715245,70,0,13.3333,,0,0,0,0,0,0,0,0,0,,-250,280,,0,0,0,0
1604436650434,10,1010123456006,76,,1,0,4,1,0,,26.1176,136,184086,0.573655,59,0,13,,0,0,0,0,0,0,0,0,0,,-250,232,,0,0,0,0
1604436650684,10,1010123456006,76,,1,0,4,1,0,,27.1156,173,183446,0.746088,70,0,13.4,,1.48571,35,0,0.1,14,0,0,5.21034,31,,-250,288,,0,0,0,1.4
1604436650934,10,1010123456006,76,,1,0,4,1,0,,26.5083,181,183354,0.736835,74,0,12.5,,0,0,0,0,0,0,0,0,0,,-250,284,,0,0,0,0
1604436651184,10,1010123456006,76,,1,0,4,1,0,,26.226,177,182451,0.664032,68,0,13,,0,0,0,0,0,0,0,0,0,,-250,280,,0,0,0,0
1604436651434,10,1010123456006,76,,1,0,4,1,0,,26,180,182094,0.685655,69,0,13,,0,0,0,0,0,0,0,0,0,,-250,288,,0,0,0,0
1604436651684,10,1010123456006,76,,1,0,4,1,0,,20.2611,203,182518,0.620402,82,0,11.25,,3.08333,60,0,0.1,23,13.0435,0,5.45494,31,,-250,316,,0,0,0,2.6
1604436651934,10,1010123456006,76,,1,0,4,1,0,,26.206,199,183297,0.832096,79,0,12,,0,0,0,0,0,0,0,0,0,,-250,312,,0,0,0,0
1604436652184,10,1010123456006,76,,1,0,4,1,0,,21.0514,175,183871,0.531566,69,0,9.75,,0,0,0,0,0,0,0,0,0,,-250,280,,0,0,0,0
1604436652434,10,1010123456006,76,,1,0,4,1,0,,23.1474,156,183835,0.526201,62,0,11.5,,0,0,0,0,0,0,0,0,0,,-250,248,,0,0,0,0
1604436652684,10,1010123456006,76,,1,0,4,1,0,,26.961,154,182652,0.633349,61,0,14,,2.85185,54,0,0.1,21,4.7619,0,6.32859,31,,-251,244,,0,0,0,1.61111
1604436652934,10,1010123456006,76,,1,0,4,1,0,,24.0075,134,182637,0.47245,53,0,10.3333,,0,0,0,0,0,0,0,0,0,,-249,212,,0,0,0,0
1604436653184,10,1010123456006,76,,1,0,4,1,0,,25.4737,171,183624,0.634752,68,0,12,,0,0,0,0,0,0,0,0,0,,-250,268,,0,0,0,0
1604436653434,10,1010123456006,76,,1,0,4,1,0,,18.3165,158,183301,0.409671,61,0,8.66667,,0,0,0,0,0,0,0,0,0,,-250,252,,0,0,0,0
1604436653684,10,1010123456006,76,,1,0,4,1,0,,22.1056,161,184104,0.538956,65,0,6.5,,3.2,25,0,0.1,10,0,0,7.06156,31,,-250,260,,0,0,0,1.08
1604436653934,10,1010123456006,76,,1,0,4,1,0,,26.4702,168,183880,0.68861,69,0,13.5,,0,0,0,0,0,0,0,0,0,,-250,280,,0,0,0,0
1604436654184,10,1010123456006,76,,1,0,4,1,0,,26.5608,189,182697,0.747245,74,0,13,,0,0,0,0,0,0,0,0,0,,-250,296,,0,0,0,0
1604436654434,10,1010123456006,76,,1,0,4,1,0,,26.8012,166,184096,0.684768,67,0,13.5,,0,0,0,0,0,0,0,0,0,,-250,256,,0,0,0,0
1604436654684,10,1010123456006,76,,1,0,4,1,0,,22.6412,131,183501,0.4169,50,0,10.6,,0.1,56,0,0.1,22,4.54545,0,2.61389,31,,-250,208,,0,0,0,1.48214
1604436654934,10,1010123456006,76,,1,0,4,1,0,,25.779,181,183078,0.726265,73,0,14,,0,0,0,0,0,0,0,0,0,,-250,288,,0,0,0,0
1604436655184,10,1010123456006,76,,1,0,4,1,0,,23.4475,181,182465,0.707406,72,0,10.25,,0,0,0,0,0,0,0,0,0,,-250,292,,0,0,0,0
1604436655434,10,1010123456006,76,,1,0,4,1,0,,19.4074,189,184558,0.577125,75,0,9,,0,0,0,0,0,0,0,0,0,,-250,304,,0,0,0,0
1604436655684,10,1010123456006,76,,1,0,4,1,0,,13.2,150,183361,0.324145,61,0,13.5,,4.03333,30,0,0.1,12,0,0,6.39965,31,,-250,228,,0,0,0,1.1
1604436655934,10,1010123456006,76,,1,0,4,1,0,,21.9359,156,183353,0.469494,61,0,10.5,,0,0,0,0,0,0,0,0,0,,-250,244,,0,0,0,0
1604436656184,10,1010123456006,76,,1,0,4,1,0,,26.897,165,183857,0.664161,64,0,13,,0,0,0,0,0,0,0,0,0,,-250,264,,0,0,0,0
1604436656434,10,1010123456006,76,,1,0,4,1,0,,25.6212,132,184257,0.511936,54,0,0.1,,0,0,0,0,0,0,0,0,0,,-250,212,,0,0,0,0
1604436656684,10,1010123456006,76,,1,0,4,1,0,,16.3964,169,183242,0.361574,64,0,9,,2.36364,33,0,0.1,13,7.69231,0,5.27564,31,,-250,264,,0,0,0,2.27273
1604436656934,10,1010123456006,76,,1,0,4,1,0,,26.9272,206,182067,0.831968,81,0,13.5,,0,0,0,0,0,0,0,0,0,,-250,332,,0,0,0,0
1604436657184,10,1010123456006,76,,1,0,4,1,0,,23.4161,161,183479,0.595309,65,0,10,,0,0,0,0,0,0,0,0,0,,-250,252,,0,0,0,0
1604436657434,10,1010123456006,76,,1,0,4,1,0,,26.8837,172,182280,0.71894,69,0,13.3333,,0,0,0,0,0,0,0,0,0,,-250,280,,0,0,0,0
1604436657684,10,1010123456006,76,,1,0,4,1,0,,19.8324,173,183885,0.456932,70,0,10,,2.17143,35,0,0.1,14,0,0,6.97485,31,,-250,272,,0,0,0,1
1604436657934,10,1010123456006,76,,1,0,4,1,0,,23.2303,152,183110,0.484787,61,0,13.6667,,0,0,0,0,0,0,0,0,0,,-250,244,,0,0,0,0
1604436658184,10,1010123456006,76,,1,0,4,1,0,,27.3831,154,184133,0.68739,63,0,13.5,,0,0,0,0,0,0,0,0,0,,-250,244,,0,0,0,0
1604436658434,10,1010123456006,76,,1,0,4,1,0,,24.5371,175,183469,0.606554,67,0,12.5,,0,0,0,0,0,0,0,0,0,,-251,280,,0,0,0,0
1604436658684,10,1010123456006,76,,1,0,4,1,0,,22.5943,175,183398,0.622522,68,0,9.66667,,1.37255,51,0,0.1,21,28.5714,0,5.03272,31,,-249,268,,0,0,0,3.86274
1604436658934,10,1010123456006,76,,1,0,4,1,0,,24.1055,199,183974,0.67094,79,0,13,,0,0,0,0,0,0,0,0,0,,-249,320,,0,0,0,0
1604436659184,10,1010123456006,76,,1,0,4,1,0,,26.8726,157,183774,0.669141,63,0,13.3333,,0,0,0,0,0,0,0,0,0,,-249,248,,0,0,0,0
1604436659434,10,1010123456006,76,,1,0,4,1,0,,8.61538,182,183040,0.246843,73,0,7.5,,0,0,0,0,0,0,0,0,0,,-249,300,,0,0,0,0
1604436659684,10,1010123456006,76,,1,0,4,1,0,,26.9304,158,183519,0.642667,63,0,13.3333,,1.46667,45,0,0.1,18,0,0,5.62656,31,,-250,248,,0,0,0,1.73333
1604436659934,10,1010123456006,76,,1,0,4,1,0,,24.5762,151,183799,0.574458,64,0,12,,0,0,0,0,0,0,0,0,0,,-250,248,,0,0,0,0
1604436660184,10,1010123456006,76,,1,0,4,1,0,,26.4691,194,183016,0.762635,77,0,13,,0,0,0,0,0,0,0,0,0,,-250,312,,0,0,0,0
1604436660434,10,1010123456006,76,,1,0,4,1,0,,17.5028,181,182452,0.435695,73,0,8.25,,0,0,0,0,0,0,0,0,0,,-250,296,,0,0,0,0
1604436660684,10,1010123456006,76,,1,0,4,1,0,,17.9392,148,183723,0.408321,61,0,10.3333,,1.17391,46,0,0.1,19,26.3158,0,4.5679,31,,-250,236,,0,0,0,2.95652
1604436660934,10,1010123456006,76,,1,0,4,1,0,,5.81667,120,184360,0.124948,47,0,1,,0,0,0,0,0,0,0,0,0,,-250,192,,0,0,0,0
1604436661184,10,1010123456006,76,,1,0,4,1,0,,16.662,142,182882,0.269044,56,0,10,,0,0,0,0,0,0,0,0,0,,-250,228,,0,0,0,0
1604436661434,10,1010123456006,76,,1,0,4,1,0,,21.2563,160,182995,0.469526,64,0,7.66667,,0,0,0,0,0,0,0,0,0,,-250,252,,0,0,0,0
1604436661684,10,1010123456006,76,,1,0,4,1,0,,24.5664,113,183466,0.412627,47,0,13,,3.35484,62,0,0.1,25,20,0,4.98367,31,,-250,184,,0,0,0,3.41935
1604436661934,10,1010123456006,76,,1,0,4,1,0,,26.913,184,183091,0.74853,74,0,13,,0,0,0,0,0,0,0,0,0,,-250,300,,0,0,0,0
1604436662184,10,1010123456006,76,,1,0,4,1,0,,22.2717,173,184266,0.539566,70,0,11.5,,0,0,0,0,0,0,0,0,0,,-250,276,,0,0,0,0
1604436662434,10,1010123456006,76,,1,0,4,1,0,,21.7736,212,184198,0.60861,83,0,10.5,,0,0,0,0,0,0,0,0,0,,-250,336,,0,0,0,0
1604436662684,10,1010123456006,76,,1,0,4,1,0,,22.0215,186,182242,0.577189,77,0,12,,0.26087,46,0,0.1,18,0,0,1.965,31,,-250,308,,0,0,0,2.52174
1604436662934,10,1010123456006,76,,1,0,4,1,0,,26.2349,166,183086,0.625606,64,0,12.6667,,0,0,0,0,0,0,0,0,0,,-250,256,,0,0,0,0
1604436663184,10,1010123456006,76,,1,0,4,1,0,,22.8424,203,184048,0.68951,85,0,10.3333,,0,0,0,0,0,0,0,0,0,,-250,332,,0,0,0,0
1604436663434,10,1010123456006,76,,1,0,4,1,0,,13.7418,182,183142,0.297028,72,0,9.66667,,0,0,0,0,0,0,0,0,0,,-250,296,,0,0,0,0
1604436663684,10,1010123456006,76,,1,0,4,1,0,,26.1656,151,183577,0.612209,63,0,13,,2.28947,38,0,0.1,15,0,0,7.81319,31,,-250,244,,0,0,0,1.10526
1604436663934,10,1010123456006,76,,1,0,4,1,0,,25.5215,186,182282,0.662169,70,0,12.3333,,0,0,0,0,0,0,0,0,0,,-250,296,,0,0,0,0
1604436664184,10,1010123456006,76,,1,0,4,1,0,,25.3148,216,182970,0.845976,91,0,13,,0,0,0,0,0,0,0,0,0,,-250,352,,0,0,0,0
1604436664434,10,1010123456006,76,,1,0,4,1,0,,22.4171,175,183931,0.580337,69,0,10.6667,,0,0,0,0,0,0,0,0,0,,-250,284,,0,0,0,0
1604436664684,10,1010123456006,76,,1,0,4,1,0,,17.2486,185,183124,0.401735,74,0,12.3333,,5.69231,13,0,0.1,5,0,0,8.75883,31,,-250,288,,0,0,0,1.23077
1604436664934,10,1010123456006,76,,1,0,4,1,0,,22.582,189,183006,0.606265,74,0,11,,0,0,0,0,0,0,0,0,0,,-250,308,,0,0,0,0
1604436665184,10,1010123456006,76,,1,0,4,1,0,,16.7914,187,183347,0.410795,78,0,6.5,,0,0,0,0,0,0,0,0,0,,-250,308,,0,0,0,0
1604436665434,10,1010123456006,76,,1,0,4,1,0,,5.18831,154,183751,0.155213,63,0,6,,0,0,0,0,0,0,0,0,0,,-250,248,,0,0,0,0
1604436665684,10,1010123456006,76,,1,0,4,1,0,,15.1073,177,183323,0.392803,72,0,7.66667,,1.05085,59,0,0.1,23,4.34783,0,5.92336,31,,-250,284,,0,0,0,1.79661
1604436665934,10,1010123456006,76,,1,0,4,1,0,,0.1,160,184300,0.0222651,63,0,0.1,,0,0,0,0,0,0,0,0,0,,-250,260,,0,0,0,0
1604436666184,10,1010123456006,76,,1,0,4,1,0,,13.2228,184,183564,0.335325,75,0,11.5,,0,0,0,0,0,0,0,0,0,,-250,300,,0,0,0,0
1604436666434,10,1010123456006,76,,1,0,4,1,0,,22.6307,176,183744,0.57102,73,0,12,,0,0,0,0,0,0,0,0,0,,-250,284,,0,0,0,0
1604436666684,10,1010123456006,76,,1,0,4,1,0,,21.9597,124,183448,0.387598,52,0,11,,3.84211,19,0,0.1,8,12.5,0,5.30149,31,,-250,208,,0,0,0,2.31579
1604436666934,10,1010123456006,76,,1,0,4,1,0,,16.3512,168,183429,0.376193,67,0,8,,0,0,0,0,0,0,0,0,0,,-250,268,,0,0,0,0
1604436667184,10,1010123456006,76,,1,0,4,1,0,,23.8927,177,183202,0.619008,72,0,11,,0,0,0,0,0,0,0,0,0,,-250,288,,0,0,0,0
1604436667434,10,1010123456006,76,,1,0,4,1,0,,23.6045,177,183285,0.602635,73,0,12,,0,0,0,0,0,0,0,0,0,,-250,292,,0,0,0,0
1604436667684,10,1010123456006,76,,1,0,4,1,0,,24.1056,142,183537,0.515168,59,0,10.6667,,0.27451,51,0,0.1,21,4.7619,0,6.41093,31,,-250,232,,0,0,0,1.39216
1604436667934,10,1010123456006,76,,1,0,4,1,0,,25.1226,155,184401,0.580466,63,0,13,,0,0,0,0,0,0,0,0,0,,-250,252,,0,0,0,0
1604436668184,10,1010123456006,76,,1,0,4,1,0,,14.6813,160,184585,0.320643,64,0,6.5,,0,0,0,0,0,0,0,0,0,,-250,260,,0,0,0,0
1604436668434,10,1010123456006,76,,1,0,4,1,0,,18.4485,165,184653,0.382137,70,0,9,,0,0,0,0,0,0,0,0,0,,-250,276,,0,0,0,0
1604436668684,10,1010123456006,76,,1,0,4,1,0,,17.9934,152,183214,0.311839,58,0,9,,2.03636,55,0,0.1,21,19.0476,0,4.11608,31,,-250,248,,0,0,0,3.38182
1604436668934,10,1010123456006,76,,1,0,4,1,0,,16.0625,192,183373,0.386763,82,0,8,,0,0,0,0,0,0,0,0,0,,-250,320,,0,0,0,0
1604436669184,10,1010123456006,76,,1,0,4,1,0,,21.1429,161,183676,0.457478,62,0,10,,0,0,0,0,0,0,0,0,0,,-250,244,,0,0,0,0
1604436669434,10,1010123456006,76,,1,0,4,1,0,,25.3155,168,182337,0.569992,61,0,12.5,,0,0,0,0,0,0,0,0,0,,-250,260,,0,0,0,0
1604436669684,10,1010123456006,76,,1,0,4,1,0,,17.9834,181,183716,0.469783,76,0,7,,0.756757,74,0,0.1,30,16.6667,0,3.52619,31,,-250,288,,0,0,0,3.5
1604436669934,10,1010123456006,76,,1,0,4,1,0,,12.9112,169,183052,0.231904,64,0,13,,0,0,0,0,0,0,0,0,0,,-250,264,,0,0,0,0
1604436670184,10,1010123456006,76,,1,0,4,1,0,,26.9138,174,182338,0.724241,70,0,13.3333,,0,0,0,0,0,0,0,0,0,,-250,280,,0,0,0,0
1604436670434,10,1010123456006,76,,1,0,4,1,0,,25,177,183937,0.66339,72,0,0.1,,0,0,0,0,0,0,0,0,0,,-250,284,,0,0,0,0
1604436670684,10,1010123456006,76,,1,0,4,1,0,,18.6588,170,183881,0.433092,68,0,10.8,,3.0303,33,0,0.1,13,15.3846,0,4.09626,31,,-250,268,,0,0,0,3.54545
1604436670934,10,1010123456006,76,,1,0,4,1,0,,26.2987,154,183577,0.6064,62,0,0.1,,0,0,0,0,0,0,0,0,0,,-250,252,,0,0,0,0
1604436671184,10,1010123456006,76,,1,0,4,1,0,,26.0128,156,183218,0.629108,65,0,13,,0,0,0,0,0,0,0,0,0,,-250,256,,0,0,0,0
1604436671434,10,1010123456006,76,,1,0,4,1,0,,19.3812,181,183314,0.469269,70,0,8,,0,0,0,0,0,0,0,0,0,,-250,284,,0,0,0,0
1604436671684,10,1010123456006,76,,1,0,4,1,0,,13.869,168,183786,0.265606,67,0,0.1,,1.26087,46,0,0.1,19,0,0,5.06971,31,,-250,272,,0,0,0,1.5
1604436671934,10,1010123456006,76,,1,0,4,1,0,,13.8598,164,183069,0.26159,66,0,0.1,,0,0,0,0,0,0,0,0,0,,-250,264,,0,0,0,0
1604436672184,10,1010123456006,76,,1,0,4,1,0,,13.7904,167,183491,0.279357,71,0,0.1,,0,0,0,0,0,0,0,0,0,,-251,276,,0,0,0,0
1604436672434,10,1010123456006,76,,1,0,4,1,0,,25.8371,178,182415,0.643213,68,0,13,,0,0,0,0,0,0,0,0,0,,-249,288,,0,0,0,0
1604436672684,10,1010123456006,76,,1,0,4,1,0,,26.8705,193,182647,0.872161,82,0,14,,0.631579,57,0,0.1,23,8.69565,0,5.51048,31,,-250,312,,0,0,0,1.98246
1604436672934,10,1010123456006,76,,1,0,4,1,0,,26.6374,171,182719,0.659791,64,0,13.3333,,0,0,0,0,0,0,0,0,0,,-250,272,,0,0,0,0
1604436673184,10,1010123456006,76,,1,0,4,1,0,,27.5174,230,182095,1.01565,92,0,14,,0,0,0,0,0,0,0,0,0,,-250,360,,0,0,0,0
1604436673434,10,1010123456006,76,,1,0,4,1,0,,27.4894,188,182087,0.852594,77,0,14,,0,0,0,0,0,0,0,0,0,,-250,304,,0,0,0,0
1604436673684,10,1010123456006,76,,1,0,4,1,0,,27.2205,127,183502,0.562763,52,0,13.5,,2,40,0,0.1,16,0,0,5.7028,31,,-250,208,,0,0,0,1.1
1604436673934,10,1010123456006,76,,1,0,4,1,0,,27.5867,196,183430,0.877173,78,0,14,,0,0,0,0,0,0,0,0,0,,-250,316,,0,0,0,0
1604436674184,10,1010123456006,76,,1,0,4,1,0,,27.9018,163,184558,0.790329,67,0,14,,0,0,0,0,0,0,0,0,0,,-250,256,,0,0,0,0
1604436674434,10,1010123456006,76,,1,0,4,1,0,,27.8188,149,183878,0.675277,58,0,14,,0,0,0,0,0,0,0,0,0,,-250,232,,0,0,0,0
1604436674684,10,1010123456006,76,,1,0,4,1,0,,22.6241,141,184075,0.421558,53,0,10.5,,0.307692,52,0,0.1,21,4.7619,0,3.67989,31,,-250,228,,0,0,0,1.57692
1604436674934,10,1010123456006,76,,1,0,4,1,0,,24.1974,152,184189,0.637622,66,0,12.75,,0,0,0,0,0,0,0,0,0,,-250,256,,0,0,0,0
1604436675184,10,1010123456006,76,,1,0,4,1,0,,23.93,200,183134,0.713285,81,0,13.5,,0,0,0,0,0,0,0,0,0,,-250,328,,0,0,0,0
1604436675434,10,1010123456006,76,,1,0,4,1,0,,12.2745,153,182898,0.217735,61,0,7,,0,0,0,0,0,0,0,0,0,,-250,248,,0,0,0,0
1604436675684,10,1010123456006,76,,1,0,4,1,0,,23.3883,206,183201,0.695582,86,0,12,,2.34286,35,0,0.1,14,7.14286,0,6.38365,31,,-250,332,,0,0,0,2.25714
1604436675934,10,1010123456006,76,,1,0,4,1,0,,24.9042,167,183271,0.622072,66,0,11.6667,,0,0,0,0,0,0,0,0,0,,-250,276,,0,0,0,0
1604436676184,10,1010123456006,76,,1,0,4,1,0,,25.8571,147,184239,0.617382,64,0,13,,0,0,0,0,0,0,0,0,0,,-250,240,,0,0,0,0
1604436676434,10,1010123456006,76,,1,0,4,1,0,,23.1497,187,183289,0.68649,77,0,6.5,,0,0,0,0,0,0,0,0,0,,-250,312,,0,0,0,0
1604436676684,10,1010123456006,76,,1,0,4,1,0,,12.0248,161,183597,0.32212,68,0,13,,2.05405,37,0,0.1,15,20,0,4.51725,31,,-250,268,,0,0,0,3.10811
1604436676934,10,1010123456006,76,,1,0,4,1,0,,26.3614,166,183445,0.649574,66,0,13,,0,0,0,0,0,0,0,0,0,,-250,268,,0,0,0,0
1604436677184,10,1010123456006,76,,1,0,4,1,0,,26.2888,187,184069,0.725056,74,0,13,,0,0,0,0,0,0,0,0,0,,-250,296,,0,0,0,0
1604436677434,10,1010123456006,76,,1,0,4,1,0,,24.8659,179,183365,0.670361,73,0,11.6667,,0,0,0,0,0,0,0,0,0,,-250,300,,0,0,0,0
1604436677684,10,1010123456006,76,,1,0,4,1,0,,20.0214,187,184319,0.524369,76,0,10,,1.4359,39,0,0.1,16,0,0,6.01532,31,,-250,304,,0,0,0,1.07692
1604436677934,10,1010123456006,76,,1,0,4,1,0,,26.0063,159,183399,0.657092,68,0,13,,0,0,0,0,0,0,0,0,0,,-250,264,,0,0,0,0
1604436678184,10,1010123456006,76,,1,0,4,1,0,,17.8107,169,183673,0.40176,67,0,9.5,,0,0,0,0,0,0,0,0,0,,-250,272,,0,0,0,0
1604436678434,10,1010123456006,76,,1,0,4,1,0,,19.9235,183,182601,0.544707,72,0,9,,0,0,0,0,0,0,0,0,0,,-251,292,,0,0,0,0
1604436678684,10,1010123456006,76,,1,0,4,1,0,,11.0276,181,183930,0.313189,70,0,5.25,,5.16667,30,0,0.1,11,18.1818,0,6.82816,31,,-249,276,,0,0,0,3.46667
1604436678934,10,1010123456006,76,,1,0,4,1,0,,16.8676,204,183761,0.470137,81,0,13,,0,0,0,0,0,0,0,0,0,,-250,320,,0,0,0,0
1604436679184,10,1010123456006,76,,1,0,4,1,0,,27.3515,165,182618,0.704256,64,0,13.5,,0,0,0,0,0,0,0,0,0,,-250,268,,0,0,0,0
1604436679434,10,1010123456006,76,,1,0,4,1,0,,13.3315,184,184215,0.388256,74,0,10,,0,0,0,0,0,0,0,0,0,,-250,288,,0,0,0,0
1604436679684,10,1010123456006,76,,1,0,4,1,0,,22.4713,157,183499,0.551648,62,0,11,,0.1,58,0,0.1,23,21.7391,0,2.84131,31,,-250,244,,0,0,0,3.01724
1604436679934,10,1010123456006,76,,1,0,4,1,0,,26.3611,180,184489,0.707181,71,0,13.25,,0,0,0,0,0,0,0,0,0,,-250,288,,0,0,0,0
1604436680184,10,1010123456006,76,,1,0,4,1,0,,26.7357,140,183817,0.590618,59,0,0.1,,0,0,0,0,0,0,0,0,0,,-250,232,,0,0,0,0
1604436680434,10,1010123456006,76,,1,0,4,1,0,,21.1888,143,184648,0.421301,57,0,11,,0,0,0,0,0,0,0,0,0,,-250,236,,0,0,0,0
1604436680684,10,1010123456006,76,,1,0,4,1,0,,14,152,183254,0.360032,64,0,2,,1.57143,56,0,0.1,23,17.3913,0,5.67904,31,,-250,248,,0,0,0,2.69643
1604436680934,10,1010123456006,76,,1,0,4,1,0,,23.2595,158,183231,0.553574,64,0,13,,0,0,0,0,0,0,0,0,0,,-250,256,,0,0,0,0
1604436681184,10,1010123456006,76,,1,0,4,1,0,,21.1786,196,182905,0.574104,77,0,10.6667,,0,0,0,0,0,0,0,0,0,,-250,308,,0,0,0,0
1604436681434,10,1010123456006,76,,1,0,4,1,0,,24.6294,143,184288,0.516948,58,0,12.5,,0,0,0,0,0,0,0,0,0,,-250,232,,0,0,0,0
1604436681684,10,1010123456006,76,,1,0,4,1,0,,16.0676,207,182728,0.484048,80,0,9.6,,3.26667,15,0,0.1,6,0,0,6.34062,31,,-250,332,,0,0,0,2.13333
1604436681934,10,1010123456006,76,,1,0,4,1,0,,27.1257,191,182720,0.878843,82,0,13.5,,0,0,0,0,0,0,0,0,0,,-250,316,,0,0,0,0
1604436682184,10,1010123456006,76,,1,0,4,1,0,,21.9936,156,184363,0.459181,60,0,10.3333,,0,0,0,0,0,0,0,0,0,,-250,248,,0,0,0,0
1604436682434,10,1010123456006,76,,1,0,4,1,0,,18.4885,174,183949,0.399648,73,0,0.1,,0,0,0,0,0,0,0,0,0,,-250,284,,0,0,0,0
1604436682684,10,1010123456006,76,,1,0,4,1,0,,21.2581,186,182788,0.537992,73,0,11.3333,,2.28571,35,0,0.1,14,0,0,8.56644,31,,-250,296,,0,0,0,1.05714
1604436682934,10,1010123456006,76,,1,0,4,1,0,,23.9302,172,183116,0.58008,67,0,12.5,,0,0,0,0,0,0,0,0,0,,-250,276,,0,0,0,0
1604436683184,10,1010123456006,76,,1,0,4,1,0,,25.6216,185,183519,0.709237,75,0,12,,0,0,0,0,0,0,0,0,0,,-250,292,,0,0,0,0
1604436683434,10,1010123456006,76,,1,0,4,1,0,,23.8072,166,183276,0.573076,65,0,11.5,,0,0,0,0,0,0,0,0,0,,-250,260,,0,0,0,0
1604436683684,10,1010123456006,76,,1,0,4,1,0,,25.4877,162,181765,0.599904,64,0,13,,1.15789,38,0,0.1,15,6.66667,0,4.16725,31,,-250,260,,0,0,0,1.81579
1604436683934,10,1010123456006,76,,1,0,4,1,0,,22.2054,185,182497,0.583904,74,0,11,,0,0,0,0,0,0,0,0,0,,-250,296,,0,0,0,0
1604436684184,10,1010123456006,76,,1,0,4,1,0,,22.5929,140,184448,0.476819,57,0,10.6667,,0,0,0,0,0,0,0,0,0,,-250,224,,0,0,0,0
1604436684434,10,1010123456006,76,,1,0,4,1,0,,22.6923,169,183724,0.574201,68,0,11.3333,,0,0,0,0,0,0,0,0,0,,-250,272,,0,0,0,0
1604436684684,10,1010123456006,76,,1,0,4,1,0,,27.0273,183,183109,0.750779,72,0,13.5,,4.52326,86,0,0.1,34,23.5294,0,6.1869,31,,-250,292,,0,0,0,3.67442
1604436684934,10,1010123456006,76,,1,0,4,1,0,,19.4181,177,183083,0.542169,72,0,10.5,,0,0,0,0,0,0,0,0,0,,-249,280,,0,0,0,0
1604436685184,10,1010123456006,76,,1,0,4,1,0,,24.1345,171,183252,0.602153,66,0,10,,0,0,0,0,0,0,0,0,0,,-250,276,,0,0,0,0
1604436685434,10,1010123456006,76,,1,0,4,1,0,,16.044,159,183397,0.360996,64,0,10.75,,0,0,0,0,0,0,0,0,0,,-250,248,,0,0,0,0
1604436685684,10,1010123456006,76,,1,0,4,1,0,,17.491,167,183422,0.469558,69,0,6.75,,3.94118,17,0,0.1,7,0,0,11.1728,31,,-250,276,,0,0,0,1
1604436685934,10,1010123456006,76,,1,0,4,1,0,,24.6554,148,183286,0.581912,60,0,12,,0,0,0,0,0,0,0,0,0,,-250,236,,0,0,0,0
1604436686184,10,1010123456006,76,,1,0,4,1,0,,22.4478,134,183274,0.419149,54,0,13,,0,0,0,0,0,0,0,0,0,,-250,216,,0,0,0,0
1604436686434,10,1010123456006,76,,1,0,6,1,0,,20.0517,174,184403,0.552514,68,0,11,,0,0,0,0,0,0,0,0,0,,-250,336,,0,0,0,0
1604436686684,10,1010123456006,76,,1,0,6,1,0,,23.0608,181,183873,0.873735,71,0,9.25,,5.61111,18,0,0.1,7,14.2857,0,5.44551,31,,-250,414,,0,0,0,3.33333
1604436686934,10,1010123456006,76,,1,0,6,1,0,,16.5619,194,181252,0.750169,80,0,10.8,,0,0,0,0,0,0,0,0,0,,-250,474,,0,0,0,0
1604436687184,10,1010123456006,76,,1,0,6,1,0,,20.2181,188,180365,0.779984,75,0,12.75,,0,0,0,0,0,0,0,0,0,,-250,438,,0,0,0,0
1604436687434,10,1010123456006,76,,1,0,6,1,0,,21.88,175,184107,0.84336,72,0,11,,0,0,0,0,0,0,0,0,0,,-250,422,,0,0,0,0
1604436687684,10,1010123456006,76,,1,0,6,1,0,,17.5405,148,182973,0.492305,57,0,10.2,,0,18,0,0.1,9,0,0,0,31,,-250,330,,0,0,0,0
1604436687934,10,1010123456006,76,,1,0,6,1,0,,24.8902,173,182498,0.900755,68,0,12.6667,,0,0,0,0,0,0,0,0,0,,-250,398,,0,0,0,0
1604436688184,10,1010123456006,76,,1,0,6,1,0,,23.7396,192,183027,0.970208,79,0,10.6667,,0,0,0,0,0,0,0,0,0,,-250,452,,0,0,0,0
1604436688434,10,1010123456006,76,,1,0,6,1,0,,20.3026,195,182804,0.734554,77,0,13,,0,0,0,0,0,0,0,0,0,,-250,434,,0,0,0,0
1604436688684,10,1010123456006,76,,1,0,6,1,0,,19.546,174,184307,0.630265,68,0,9.5,,0.666667,36,0,0.1,15,6.66667,0,5.81558,31,,-250,352,,0,0,0,1.55556
1604436688934,10,1010123456006,76,,1,0,6,1,0,,21.7758,165,183239,0.679133,64,0,12.5,,0,0,0,0,0,0,0,0,0,,-250,362,,0,0,0,0
1604436689184,10,1010123456006,76,,1,0,6,1,0,,24.067,194,183307,0.931149,76,0,11.6667,,0,0,0,0,0,0,0,0,0,,-250,430,,0,0,0,0
1604436689434,10,1010123456006,76,,1,0,6,1,0,,25.5915,164,183483,0.862683,65,0,12.6667,,0,0,0,0,0,0,0,0,0,,-250,374,,0,0,0,0
1604436689684,10,1010123456006,76,,1,0,6,1,0,,23.8086,209,181389,1.01433,83,0,12,,3.04,50,0,0.1,20,20,0,7.63217,31,,-250,470,,0,0,0,2.44
1604436689934,10,1010123456006,76,,1,0,6,1,0,,22.6737,190,180853,0.822554,72,0,12.5,,0,0,0,0,0,0,0,0,0,,-250,436,,0,0,0,0
1604436690184,10,1010123456006,76,,1,0,6,1,0,,24.8232,164,183162,0.883116,67,0,12.5,,0,0,0,0,0,0,0,0,0,,-250,378,,0,0,0,0
1604436690434,10,1010123456006,76,,1,0,6,1,0,,22.9243,185,182285,0.832418,75,0,11.75,,0,0,0,0,0,0,0,0,0,,-250,434,,0,0,0,0
1604436690684,10,1010123456006,76,,1,0,6,1,0,,20.25,196,183204,0.723566,81,0,11,,0.113208,53,0,0.1,21,0,0,5.03737,31,,-250,416,,0,0,0,1
1604436690934,10,1010123456006,76,,1,0,6,1,0,,20.2979,188,179880,0.73539,75,0,11,,0,0,0,0,0,0,0,0,0,,-250,446,,0,0,0,0
1604436691184,10,1010123456006,76,,1,0,6,1,0,,22.6283,191,183667,0.881382,77,0,11.6667,,0,0,0,0,0,0,0,0,0,,-251,444,,0,0,0,0
1604436691434,10,1010123456006,76,,1,0,6,1,0,,15.2526,190,184054,0.514892,76,0,8.75,,0,0,0,0,0,0,0,0,0,,-250,422,,0,0,0,0
1604436691684,10,1010123456006,76,,1,0,6,1,0,,19.6159,138,183721,0.488225,51,0,12,,4.43284,67,0,0.121896,27,7.40741,0,6.62097,31,,-249,306,,0,0,0,1.95522
1604436691934,10,1010123456006,76,,1,0,6,1,0,,23.2424,198,183638,0.961317,81,0,12,,0,0,0,0,0,0,0,0,0,,-250,454,,0,0,0,0
1604436692184,10,1010123456006,76,,1,0,6,1,0,,11.994,167,184220,0.331663,63,0,7.75,,0,0,0,0,0,0,0,0,0,,-250,388,,0,0,0,0
1604436692434,10,1010123456006,76,,1,0,6,1,0,,18.8272,162,182084,0.597622,69,0,10,,0,0,0,0,0,0,0,0,0,,-250,390,,0,0,0,0
1604436692684,10,1010123456006,76,,1,0,6,1,0,,20.7671,146,183871,0.573173,60,0,9,,4.59459,37,0,0.1,16,31.25,0,3.9587,31,,-250,324,,0,0,0,4.2973
1604436692934,10,1010123456006,76,,1,0,6,1,0,,11.6933,163,183557,0.334876,63,0,6,,0,0,0,0,0,0,0,0,0,,-250,366,,0,0,0,0
1604436693184,10,1010123456006,76,,1,0,6,1,0,,20.6806,144,183521,0.564241,58,0,0.1,,0,0,0,0,0,0,0,0,0,,-250,332,,0,0,0,0
1604436693434,10,1010123456006,76,,1,0,6,1,0,,20.4094,171,183378,0.65947,68,0,9.66667,,0,0,0,0,0,0,0,0,0,,-250,394,,0,0,0,0
1604436693684,10,1010123456006,76,,1,0,6,1,0,,21.2284,162,183122,0.705125,69,0,11,,2.30769,39,0,0.1,16,12.5,0,7.1646,31,,-250,398,,0,0,0,2.25641
1604436693934,10,1010123456006,76,,1,0,6,1,0,,20.1286,210,183501,0.792675,84,0,10,,0,0,0,0,0,0,0,0,0,,-250,486,,0,0,0,0
1604436694184,10,1010123456006,76,,1,0,6,1,0,,20.2814,167,183564,0.654112,67,0,10.5,,0,0,0,0,0,0,0,0,0,,-250,392,,0,0,0,0
1604436694434,10,1010123456006,76,,1,0,6,1,0,,21.2161,199,181780,0.761157,75,0,11,,0,0,0,0,0,0,0,0,0,,-250,454,,0,0,0,0
1604436694684,10,1010123456006,76,,1,0,6,1,0,,19.7011,184,184258,0.712739,77,0,9.66667,,3.62857,35,0,0.1,14,14.2857,0,5.19914,31,,-250,410,,0,0,0,2.65714
1604436694934,10,1010123456006,76,,1,0,6,1,0,,17.2883,163,183446,0.495968,62,0,9,,0,0,0,0,0,0,0,0,0,,-250,364,,0,0,0,0
1604436695184,10,1010123456006,76,,1,0,6,1,0,,19.3365,208,183489,0.679904,79,0,11,,0,0,0,0,0,0,0,0,0,,-250,456,,0,0,0,0
1604436695434,10,1010123456006,76,,1,0,6,1,0,,19,175,183859,0.606104,69,0,10,,0,0,0,0,0,0,0,0,0,,-250,384,,0,0,0,0
1604436695684,10,1010123456006,76,,1,0,6,1,0,,22.7617,214,182084,0.979727,82,0,11,,3.72222,18,0,0.1,7,0,0,7.7722,31,,-250,476,,0,0,0,1.16667
1604436695934,10,1010123456006,76,,1,0,6,1,0,,18.6244,197,182169,0.70912,82,0,11.3333,,0,0,0,0,0,0,0,0,0,,-250,454,,0,0,0,0
1604436696184,10,1010123456006,76,,1,0,6,1,0,,19.385,187,182605,0.631229,73,0,10.25,,0,0,0,0,0,0,0,0,0,,-250,410,,0,0,0,0
1604436696434,10,1010123456006,76,,1,0,6,1,0,,19.592,201,182833,0.739695,81,0,9,,0,0,0,0,0,0,0,0,0,,-250,482,,0,0,0,0
1604436696684,10,1010123456006,76,,1,0,6,1,0,,11.6667,174,183838,0.301237,70,0,11,,1.36,50,0,0.1,20,25,0,3.85969,31,,-250,378,,0,0,0,3.12
1604436696934,10,1010123456006,76,,1,0,6,1,0,,21.2283,219,183154,0.850602,83,0,11,,0,0,0,0,0,0,0,0,0,,-250,490,,0,0,0,0
1604436697184,10,1010123456006,76,,1,0,6,1,0,,20.2796,186,183649,0.690528,77,0,10.75,,0,0,0,0,0,0,0,0,0,,-250,416,,0,0,0,0
1604436697434,10,1010123456006,76,,1,0,6,1,0,,20.8765,162,184010,0.652402,68,0,11,,0,0,0,0,0,0,0,0,0,,-250,374,,0,0,0,0
1604436697684,10,1010123456006,76,,1,0,6,1,0,,17.6374,182,184264,0.570892,73,0,8.66667,,0.1,52,0,0.1,20,5,0,3.05591,31,,-250,392,,0,0,0,1.57692
1604436697934,10,1010123456006,76,,1,0,6,1,0,,20.8588,177,183427,0.68498,72,0,11,,0,0,0,0,0,0,0,0,0,,-250,398,,0,0,0,0
1604436698184,10,1010123456006,76,,1,0,6,1,0,,14.9874,159,184630,0.383036,59,0,6,,0,0,0,0,0,0,0,0,0,,-250,348,,0,0,0,0
1604436698434,10,1010123456006,76,,1,0,6,1,0,,10.4378,201,183452,0.348369,81,0,9.5,,0,0,0,0,0,0,0,0,0,,-250,458,,0,0,0,0
1604436698684,10,1010123456006,76,,1,0,6,1,0,,16.6971,175,182796,0.537092,71,0,8.25,,0.259259,54,0,0.1,22,9.09091,0,4.33781,31,,-250,386,,0,0,0,2.03704
1604436698934,10,1010123456006,76,,1,0,6,1,0,,18.0485,165,182637,0.570731,68,0,9.25,,0,0,0,0,0,0,0,0,0,,-250,382,,0,0,0,0
1604436699184,10,1010123456006,76,,1,0,6,1,0,,21.3714,175,183483,0.719325,71,0,11,,0,0,0,0,0,0,0,0,0,,-250,398,,0,0,0,0
1604436699434,10,1010123456006,76,,1,0,6,1,0,,21.4104,212,182651,0.864864,85,0,11,,0,0,0,0,0,0,0,0,0,,-250,482,,0,0,0,0
1604436699684,10,1010123456006,76,,1,0,6,1,0,,12.8936,141,183045,0.371534,56,0,8.33333,,1.68,25,0,0.1,12,0,0,7.08346,31,,-250,326,,0,0,0,1.08
1604436699934,10,1010123456006,76,,1,0,6,1,0,,16.8942,189,182482,0.565141,76,0,9,,0,0,0,0,0,0,0,0,0,,-250,436,,0,0,0,0
1604436700184,10,1010123456006,76,,1,0,6,1,0,,20.5212,165,184196,0.655357,68,0,11,,0,0,0,0,0,0,0,0,0,,-250,390,,0,0,0,0
1604436700434,10,1010123456006,76,,1,0,6,1,0,,21.2088,182,183082,0.730924,72,0,11,,0,0,0,0,0,0,0,0,0,,-250,418,,0,0,0,0
1604436700684,10,1010123456006,76,,1,0,6,1,0,,20.0306,196,184618,0.764434,83,0,10.6667,,0.371429,70,0,0.1,29,37.931,0,2.97186,31,,-250,466,,0,0,0,4.24286
1604436700934,10,1010123456006,76,,1,0,6,1,0,,18.159,195,184644,0.609703,79,0,9,,0,0,0,0,0,0,0,0,0,,-250,442,,0,0,0,0
1604436701184,10,1010123456006,76,,1,0,6,1,0,,20.6183,131,183357,0.50053,53,0,11,,0,0,0,0,0,0,0,0,0,,-250,304,,0,0,0,0
1604436701434,10,1010123456006,76,,1,0,6,1,0,,21.3082,159,182980,0.674859,65,0,0.1,,0,0,0,0,0,0,0,0,0,,-250,376,,0,0,0,0
1604436701684,10,1010123456006,76,,1,0,6,1,0,,21.4444,171,183110,0.69147,66,0,10,,0.37931,58,0,0.1,24,8.33333,0,4.14149,31,,-250,374,,0,0,0,1.65517
1604436701934,10,1010123456006,76,,1,0,6,1,0,,17.3211,190,183236,0.622233,83,0,10,,0,0,0,0,0,0,0,0,0,,-250,454,,0,0,0,0
1604436702184,10,1010123456006,76,,1,0,6,1,0,,19.3054,167,184223,0.613912,68,0,9.66667,,0,0,0,0,0,0,0,0,0,,-250,394,,0,0,0,0
1604436702434,10,1010123456006,76,,1,0,6,1,0,,19.3814,215,183171,0.737349,84,0,10,,0,0,0,0,0,0,0,0,0,,-250,492,,0,0,0,0
1604436702684,10,1010123456006,76,,1,0,6,1,0,,16.787,169,183703,0.509141,69,0,9,,0.938776,49,0,0.1,20,10,0,4.53161,31,,-250,388,,0,0,0,2.26531
1604436702934,10,1010123456006,76,,1,0,6,1,0,,16.7486,183,183536,0.503871,69,0,9,,0,0,0,0,0,0,0,0,0,,-250,414,,0,0,0,0
1604436703184,10,1010123456006,76,,1,0,6,1,0,,18.2265,181,183669,0.569189,72,0,9,,0,0,0,0,0,0,0,0,0,,-250,402,,0,0,0,0
1604436703434,10,1010123456006,76,,1,0,6,1,0,,19.35,180,183028,0.610635,70,0,0.1,,0,0,0,0,0,0,0,0,0,,-250,424,,0,0,0,0
1604436703684,10,1010123456006,76,,1,0,6,1,0,,19.3911,179,184155,0.637976,73,0,10,,0.928571,56,0,0.1,22,4.54545,0,5.27919,31,,-250,410,,0,0,0,1.51786
1604436703934,10,1010123456006,76,,1,0,6,1,0,,19.0813,209,182101,0.648643,81,0,10.6667,,0,0,0,0,0,0,0,0,0,,-250,466,,0,0,0,0
1604436704184,10,1010123456006,76,,1,0,6,1,0,,19.3172,227,183814,0.816257,96,0,9,,0,0,0,0,0,0,0,0,0,,-250,508,,0,0,0,0
1604436704434,10,1010123456006,76,,1,0,6,1,0,,18.5829,187,183415,0.58612,77,0,9.5,,0,0,0,0,0,0,0,0,0,,-250,404,,0,0,0,0
1604436704684,10,1010123456006,76,,1,0,6,1,0,,18.732,194,183370,0.583647,76,0,10,,0.196078,51,0,0.1,21,14.2857,0,2.84552,31,,-250,430,,0,0,0,2.70588
1604436704934,10,1010123456006,76,,1,0,6,1,0,,14.559,161,183242,0.410635,69,0,7.5,,0,0,0,0,0,0,0,0,0,,-249,350,,0,0,0,0
1604436705184,10,1010123456006,76,,1,0,6,1,0,,15.9076,184,183545,0.443888,70,0,8.75,,0,0,0,0,0,0,0,0,0,,-250,406,,0,0,0,0
1604436705434,10,1010123456006,76,,1,0,6,1,0,,18.4859,177,183438,0.566586,73,0,9.66667,,0,0,0,0,0,0,0,0,0,,-250,412,,0,0,0,0
1604436705684,10,1010123456006,76,,1,0,6,1,0,,18.6919,185,183032,0.568256,72,0,10,,0.230769,52,0,0.1,21,19.0476,0,4.57966,31,,-250,402,,0,0,0,2.38462
1604436705934,10,1010123456006,76,,1,0,6,1,0,,19.2544,169,182752,0.567614,67,0,10,,0,0,0,0,0,0,0,0,0,,-250,386,,0,0,0,0
1604436706184,10,1010123456006,76,,1,0,6,1,0,,18.9661,177,183666,0.64543,77,0,0.1,,0,0,0,0,0,0,0,0,0,,-250,430,,0,0,0,0
1604436706434,10,1010123456006,76,,1,0,6,1,0,,19.2203,177,183634,0.592707,72,0,10,,0,0,0,0,0,0,0,0,0,,-250,412,,0,0,0,0
1604436706684,10,1010123456006,76,,1,0,6,1,0,,8.77095,179,183358,0.320353,72,0,6.5,,0.145455,55,0,0.1,24,33.3333,0,3.13779,31,,-250,418,,0,0,0,3.65455
1604436706934,10,1010123456006,76,,1,0,6,1,0,,2.91558,154,183716,0.072192,61,0,10,,0,0,0,0,0,0,0,0,0,,-250,350,,0,0,0,0
1604436707184,10,1010123456006,76,,1,0,6,1,0,,19.4942,172,183990,0.590169,69,0,10,,0,0,0,0,0,0,0,0,0,,-250,396,,0,0,0,0
1604436707434,10,1010123456006,76,,1,0,6,1,0,,19.0377,159,183774,0.523116,64,0,0.1,,0,0,0,0,0,0,0,0,0,,-250,360,,0,0,0,0
1604436707684,10,1010123456006,76,,1,0,6,1,0,,19.0622,225,183871,0.763104,93,0,10,,0.535714,56,0,0.1,23,17.3913,0,4.06416,31,,-250,510,,0,0,0,2.44643
1604436707934,10,1010123456006,76,,1,0,6,1,0,,18.8531,177,184282,0.55939,73,0,0.1,,0,0,0,0,0,0,0,0,0,,-250,380,,0,0,0,0
1604436708184,10,1010123456006,76,,1,0,6,1,0,,19.3099,171,182899,0.547341,66,0,0.1,,0,0,0,0,0,0,0,0,0,,-250,374,,0,0,0,0
1604436708434,10,1010123456006,76,,1,0,6,1,0,,18.4033,181,183598,0.58596,76,0,10,,0,0,0,0,0,0,0,0,0,,-250,426,,0,0,0,0
1604436708684,10,1010123456006,76,,1,0,6,1,0,,17.7079,178,182837,0.532112,70,0,9,,0.1,68,0,0.1,28,42.8571,0,2.10375,31,,-250,402,,0,0,0,5.02941
1604436708934,10,1010123456006,76,,1,0,6,1,0,,19.256,207,183389,0.680129,83,0,10,,0,0,0,0,0,0,0,0,0,,-250,460,,0,0,0,0
1604436709184,10,1010123456006,76,,1,0,6,1,0,,18.3249,197,183430,0.639454,83,0,10,,0,0,0,0,0,0,0,0,0,,-250,438,,0,0,0,0
1604436709434,10,1010123456006,76,,1,0,6,1,0,,20.1667,174,183258,0.638426,69,0,10.6667,,0,0,0,0,0,0,0,0,0,,-250,406,,0,0,0,0
1604436709684,10,1010123456006,76,,1,0,6,1,0,,18.3371,175,183359,0.570378,69,0,9.5,,0.693333,75,0,0.1,30,36.6667,0,3.10884,31,,-250,394,,0,0,0,4.21333
1604436709934,10,1010123456006,76,,1,0,6,1,0,,19.2887,194,183196,0.636691,77,0,10,,0,0,0,0,0,0,0,0,0,,-250,442,,0,0,0,0
1604436710184,10,1010123456006,76,,1,0,6,1,0,,21.1034,174,182834,0.740691,76,0,10.5,,0,0,0,0,0,0,0,0,0,,-250,406,,0,0,0,0
1604436710434,10,1010123456006,76,,1,0,6,1,0,,19.0941,170,182710,0.553703,66,0,10.5,,0,0,0,0,0,0,0,0,0,,-250,386,,0,0,0,0
1604436710684,10,1010123456006,76,,1,0,6,1,0,,16.411,163,182159,0.469976,64,0,8,,0.428571,56,0,0.1,23,13.0435,0,4.21952,31,,-250,378,,0,0,0,2.01786
1604436710934,10,1010123456006,76,,1,0,6,1,0,,19.8,155,183901,0.53796,66,0,11.5,,0,0,0,0,0,0,0,0,0,,-250,320,,0,0,0,0
1604436711184,10,1010123456006,76,,1,0,6,1,0,,13.4556,169,184347,0.366104,67,0,9,,0,0,0,0,0,0,0,0,0,,-250,384,,0,0,0,0
1604436711434,10,1010123456006,76,,1,0,6,1,0,,17.3791,211,181713,0.563181,80,0,10,,0,0,0,0,0,0,0,0,0,,-250,462,,0,0,0,0
1604436711684,10,1010123456006,76,,1,0,6,1,0,,13.7018,218,182729,0.506667,88,0,7,,1.40741,81,0,0.1,33,39.3939,0,3.58799,31,,-250,474,,0,0,0,4.80247
1604436711934,10,1010123456006,76,,1,0,6,1,0,,18.4976,207,183626,0.644466,85,0,10,,0,0,0,0,0,0,0,0,0,,-250,452,,0,0,0,0
1604436712184,10,1010123456006,76,,1,0,6,1,0,,20.1134,194,182015,0.694972,75,0,10.5,,0,0,0,0,0,0,0,0,0,,-250,440,,0,0,0,0
1604436712434,10,1010123456006,76,,1,0,6,1,0,,21.4048,168,183499,0.652627,65,0,11,,0,0,0,0,0,0,0,0,0,,-250,362,,0,0,0,0
1604436712684,10,1010123456006,76,,1,0,6,1,0,,21.4254,181,183975,0.70544,73,0,11,,0.277778,72,0,0.1,29,27.5862,0,3.32529,31,,-250,378,,0,0,0,4
1604436712934,10,1010123456006,76,,1,0,6,1,0,,21.1354,192,183462,0.746699,75,0,10,,0,0,0,0,0,0,0,0,0,,-250,434,,0,0,0,0
1604436713184,10,1010123456006,76,,1,0,6,1,0,,19.503,167,182951,0.597237,69,0,0.1,,0,0,0,0,0,0,0,0,0,,-250,386,,0,0,0,0
1604436713434,10,1010123456006,76,,1,0,6,1,0,,19.1204,216,183357,0.653365,80,0,10,,0,0,0,0,0,0,0,0,0,,-250,472,,0,0,0,0
1604436713684,10,1010123456006,76,,1,0,6,1,0,,19.2901,162,183592,0.565012,66,0,10,,1.45455,44,0,0.1,17,11.7647,0,6.06094,31,,-250,370,,0,0,0,2.29545
1604436713934,10,1010123456006,76,,1,0,6,1,0,,16.1076,158,183654,0.421076,62,0,9,,0,0,0,0,0,0,0,0,0,,-250,348,,0,0,0,0
1604436714184,10,1010123456006,76,,1,0,6,1,0,,13.9394,165,184081,0.373622,67,0,8,,0,0,0,0,0,0,0,0,0,,-250,358,,0,0,0,0
1604436714434,10,1010123456006,76,,1,0,6,1,0,,15.5538,195,184000,0.521606,79,0,10,,0,0,0,0,0,0,0,0,0,,-250,448,,0,0,0,0
1604436714684,10,1010123456006,76,,1,0,6,1,0,,19.2765,170,183806,0.568386,69,0,10,,0.107143,56,0,0.1,22,13.6364,0,3.92544,31,,-250,382,,0,0,0,2.28571
1604436714934,10,1010123456006,76,,1,0,6,1,0,,19.3189,185,182783,0.643631,75,0,0.1,,0,0,0,0,0,0,0,0,0,,-250,426,,0,0,0,0
1604436715184,10,1010123456006,76,,1,0,6,1,0,,20.3373,166,183556,0.638554,69,0,11,,0,0,0,0,0,0,0,0,0,,-250,380,,0,0,0,0
1604436715434,10,1010123456006,76,,1,0,6,1,0,,20.3114,167,184325,0.630779,67,0,10,,0,0,0,0,0,0,0,0,0,,-250,382,,0,0,0,0
1604436715684,10,1010123456006,76,,1,0,6,1,0,,18.6474,173,183065,0.555823,70,0,10.5,,1.15556,45,0,0.1,18,0,0,5.20243,31,,-250,392,,0,0,0,1
1604436715934,10,1010123456006,76,,1,0,6,1,0,,20.3261,184,184564,0.681799,71,0,10,,0,0,0,0,0,0,0,0,0,,-250,430,,0,0,0,0
1604436716184,10,1010123456006,76,,1,0,6,1,0,,18.8011,181,182634,0.579663,74,0,10,,0,0,0,0,0,0,0,0,0,,-250,400,,0,0,0,0
1604436716434,10,1010123456006,76,,1,0,6,1,0,,17.1471,136,183315,0.473125,56,0,6,,0,0,0,0,0,0,0,0,0,,-250,324,,0,0,0,0
1604436716684,10,1010123456006,76,,1,0,6,1,0,,0.236842,152,183664,0.0372369,61,0,5,,0,0,0,0,0,0,0,0,0,,-250,388,,0,0,0,0
1604436716934,10,1010123456006,76,,1,0,6,1,0,,17.7486,183,183367,0.599775,75,0,12,,0.166667,72,0,0.1,29,51.7241,0,2.02836,31,,-250,400,,0,0,0,5.875
1604436717184,10,1010123456006,76,,1,0,6,1,0,,21.7273,209,183449,0.910779,86,0,10.5,,0,0,0,0,0,0,0,0,0,,-250,472,,0,0,0,0
1604436717434,10,1010123456006,76,,1,0,6,1,0,,19.173,185,183002,0.598426,72,0,0.1,,0,0,0,0,0,0,0,0,0,,-250,426,,0,0,0,0
1604436717684,10,1010123456006,76,,1,0,6,1,0,,21.6319,182,183952,0.72588,71,0,11.3333,,0.294118,68,0,0.1,28,25,0,2.91752,31,,-250,392,,0,0,0,3.58824
1604436717934,10,1010123456006,76,,1,0,6,1,0,,21.9257,202,183129,0.872867,82,0,11,,0.1,3,0,0,1,100,0,0.1,0,,-250,462,,0,0,0,10
1604436718184,10,1010123456006,76,,1,0,6,1,0,,21.402,199,183314,0.766008,76,0,11,,0,0,0,0,0,0,0,0,0,,-250,436,,0,0,0,0
1604436718434,10,1010123456006,76,,1,0,6,1,0,,21.4734,188,182718,0.802378,76,0,11,,0,0,0,0,0,0,0,0,0,,-250,450,,0,0,0,0
1604436718684,10,1010123456006,76,,1,0,6,1,0,,20.831,142,183840,0.555984,59,0,11,,0.202899,69,0,0.1,27,25.9259,0,3.04524,31,,-250,306,,0,0,0,3.81159
1604436718934,10,1010123456006,76,,1,0,6,1,0,,21.5246,183,184623,0.778988,74,0,11,,0,0,0,0,0,0,0,0,0,,-250,426,,0,0,0,0
1604436719184,10,1010123456006,76,,1,0,6,1,0,,21.337,181,183519,0.683631,72,0,0.1,,0,0,0,0,0,0,0,0,0,,-250,384,,0,0,0,0
1604436719434,10,1010123456006,76,,1,0,6,1,0,,21.3782,193,182906,0.781494,76,0,11,,0,0,0,0,0,0,0,0,0,,-250,454,,0,0,0,0
1604436719684,10,1010123456006,76,,1,0,6,1,0,,20.9406,202,183771,0.79894,83,0,0.1,,2.74194,31,0,0.1,12,0,0,7.50187,31,,-250,440,,0,0,0,1.32258
1604436719934,10,1010123456006,76,,1,0,6,1,0,,21.5817,208,182395,0.86551,81,0,11,,0,0,0,0,0,0,0,0,0,,-250,486,,0,0,0,0
1604436720184,10,1010123456006,76,,1,0,6,1,0,,21.4641,181,182715,0.792578,75,0,11,,0,0,0,0,0,0,0,0,0,,-250,436,,0,0,0,0
1604436720434,10,1010123456006,76,,1,0,6,1,0,,21.4844,192,183472,0.750394,74,0,11,,0,0,0,0,0,0,0,0,0,,-250,424,,0,0,0,0
1604436720684,10,1010123456006,76,,1,0,6,1,0,,21.5085,177,183487,0.731052,72,0,11,,9,12,0,0,4,100,0,2.27209,0,,-250,386,,0,0,0,10
1604436720934,10,1010123456006,76,,1,0,6,1,0,,21.266,203,183428,0.776418,78,0,11,,0.105263,57,0,0.1,22,36.3636,0,2.87043,31,,-250,444,,0,0,0,4.40351
1604436721184,10,1010123456006,76,,1,0,6,1,0,,21.0729,192,184001,0.807261,80,0,11,,0,0,0,0,0,0,0,0,0,,-250,442,,0,0,0,0
1604436721434,10,1010123456006,76,,1,0,6,1,0,,20.2541,185,184507,0.727068,75,0,10,,0,0,0,0,0,0,0,0,0,,-250,432,,0,0,0,0
1604436721684,10,1010123456006,76,,1,0,6,1,0,,9.48101,158,183852,0.253912,63,0,7.66667,,0.166667,48,0,0.1,21,9.52381,0,3.93323,31,,-250,370,,0,0,0,1.79167
1604436721934,10,1010123456006,76,,1,0,6,1,0,,21.413,184,184417,0.729253,74,0,11,,0,0,0,0,0,0,0,0,0,,-250,402,,0,0,0,0
1604436722184,10,1010123456006,76,,1,0,6,1,0,,21.4278,187,181377,0.754699,72,0,11,,0,0,0,0,0,0,0,0,0,,-250,442,,0,0,0,0
1604436722434,10,1010123456006,76,,1,0,6,1,0,,19.8354,164,183565,0.631454,72,0,11,,0,0,0,0,0,0,0,0,0,,-250,374,,0,0,0,0
1604436722684,10,1010123456006,76,,1,0,6,1,0,,20.9317,205,181899,0.743068,82,0,11.8333,,0.342857,70,0,0.1,28,17.8571,0,2.47143,31,,-250,448,,0,0,0,2.91429
1604436722934,10,1010123456006,76,,1,0,6,1,0,,20.5404,198,182440,0.731438,76,0,0.1,,0,0,0,0,0,0,0,0,0,,-250,438,,0,0,0,0
1604436723184,10,1010123456006,76,,1,0,6,1,0,,20.7873,221,182424,0.834024,87,0,11,,0,0,0,0,0,0,0,0,0,,-250,494,,0,0,0,0
1604436723434,10,1010123456006,76,,1,0,6,1,0,,20.8118,170,183616,0.684177,71,0,11.5,,0,0,0,0,0,0,0,0,0,,-250,388,,0,0,0,0
1604436723684,10,1010123456006,76,,1,0,6,1,0,,22.9337,166,183736,0.786602,69,0,12,,0.280702,57,0,0.1,23,8.69565,0,3.05534,31,,-250,390,,0,0,0,2.05263
1604436723934,10,1010123456006,76,,1,0,6,1,0,,23.528,161,183066,0.768867,65,0,12,,0,0,0,0,0,0,0,0,0,,-250,362,,0,0,0,0
1604436724184,10,1010123456006,76,,1,0,6,1,0,,22.9688,192,184656,0.829462,75,0,12,,0,0,0,0,0,0,0,0,0,,-250,412,,0,0,0,0
1604436724434,10,1010123456006,76,,1,0,6,1,0,,23.269,197,182049,0.98747,83,0,0.1,,0,0,0,0,0,0,0,0,0,,-250,470,,0,0,0,0
1604436724684,10,1010123456006,76,,1,0,6,1,0,,23.0769,195,183330,0.865125,75,0,0.1,,0.321429,56,0,0.1,23,13.0435,0,4.10883,31,,-250,438,,0,0,0,2.17857
1604436724934,10,1010123456006,76,,1,0,6,1,0,,22.9896,192,182398,0.858024,74,0,0.1,,0,0,0,0,0,0,0,0,0,,-250,430,,0,0,0,0
1604436725184,10,1010123456006,76,,1,0,6,1,0,,16.0861,209,183632,0.693622,85,0,8.5,,0,0,0,0,0,0,0,0,0,,-250,490,,0,0,0,0
1604436725434,10,1010123456006,76,,1,0,6,1,0,,5.97093,172,183028,0.166458,70,0,0.1,,0,0,0,0,0,0,0,0,0,,-250,416,,0,0,0,0
1604436725684,10,1010123456006,76,,1,0,6,1,0,,5.94857,175,184265,0.157815,70,0,0.1,,1.14754,61,0,0.1,24,29.1667,0,3.0006,31,,-250,384,,0,0,0,4.09836
1604436725934,10,1010123456006,76,,1,0,6,1,0,,15.5622,201,183697,0.562763,79,0,10.5,,0,0,0,0,0,0,0,0,0,,-250,448,,0,0,0,0
1604436726184,10,1010123456006,76,,1,0,6,1,0,,20.5655,168,184550,0.646208,68,0,11,,0,0,0,0,0,0,0,0,0,,-250,376,,0,0,0,0
1604436726434,10,1010123456006,76,,1,0,6,1,0,,22.2775,191,182410,0.837269,76,0,12,,0,0,0,0,0,0,0,0,0,,-250,448,,0,0,0,0
1604436726684,10,1010123456006,76,,1,0,6,1,0,,22.0335,209,183104,0.903647,84,0,11.25,,1.23077,52,0,0.1,21,28.5714,0,3.43101,31,,-250,478,,0,0,0,3.63462
1604436726934,10,1010123456006,76,,1,0,6,1,0,,21.9946,185,184557,0.815711,77,0,12,,0,2,0,0.1,1,0,0,0,0,,-250,426,,0,0,0,0
1604436727184,10,1010123456006,76,,1,0,6,1,0,,22.0647,170,183988,0.754538,71,0,11,,0,0,0,0,0,0,0,0,0,,-250,404,,0,0,0,0
1604436727434,10,1010123456006,76,,1,0,6,1,0,,21.2448,192,184204,0.776418,78,0,11,,0,0,0,0,0,0,0,0,0,,-250,442,,0,0,0,0
1604436727684,10,1010123456006,76,,1,0,6,1,0,,9.68098,163,183496,0.282153,65,0,7.5,,0.1,70,0,0.1,30,40,0,2.49304,31,,-250,358,,0,0,0,4.92857
1604436727934,10,1010123456006,76,,1,0,6,1,0,,23.0852,176,183017,0.786345,67,0,0.1,,0,0,0,0,0,0,0,0,0,,-250,398,,0,0,0,0
1604436728184,10,1010123456006,76,,1,0,6,1,0,,21.9043,209,182268,0.93192,88,0,12,,0,0,0,0,0,0,0,0,0,,-250,488,,0,0,0,0
1604436728434,10,1010123456006,76,,1,0,6,1,0,,17.31,200,183074,0.637205,79,0,9,,0,0,0,0,0,0,0,0,0,,-250,452,,0,0,0,0
1604436728684,10,1010123456006,76,,1,0,6,1,0,,21.7697,165,182951,0.673831,65,0,11.6667,,0.1,84,0,0.1,34,35.2941,0,2.79255,31,,-250,376,,0,0,0,4.21429
1604436728934,10,1010123456006,76,,1,0,6,1,0,,16.8589,163,182041,0.553639,65,0,8,,0,0,0,0,0,0,0,0,0,,-250,356,,0,0,0,0
1604436729184,10,1010123456006,76,,1,0,6,1,0,,24.7989,174,181608,0.899968,72,0,12,,0,0,0,0,0,0,0,0,0,,-250,396,,0,0,0,0
1604436729434,10,1010123456006,76,,1,0,6,1,0,,26.8398,181,179640,1.03669,71,0,13.5,,0,0,0,0,0,0,0,0,0,,-250,398,,0,0,0,0
1604436729684,10,1010123456006,76,,1,0,6,1,0,,26.4972,179,177041,1.05976,69,0,11,,0.169492,59,0,0.1,23,26.087,0,2.733,31,,-250,412,,0,0,0,3.9322
1604436729934,10,1010123456006,76,,1,0,6,1,0,,23.8159,201,177974,0.95049,84,0,13,,0,0,0,0,0,0,0,0,0,,-250,450,,0,0,0,0
1604436730184,10,1010123456006,76,,1,0,6,1,0,,18.013,154,183949,0.564112,60,0,7.5,,0,0,0,0,0,0,0,0,0,,-250,358,,0,0,0,0
1604436730434,10,1010123456006,76,,1,0,6,1,0,,21.6786,196,182659,0.814747,77,0,11,,0,0,0,0,0,0,0,0,0,,-250,454,,0,0,0,0
1604436730684,10,1010123456006,76,,1,0,6,1,0,,24.227,185,181188,0.913896,77,0,13,,0.1,55,0,0.1,23,13.0435,0,2.39078,31,,-250,424,,0,0,0,3.83636
1604436730934,10,1010123456006,76,,1,0,6,1,0,,22.1166,163,183240,0.769253,69,0,11.6667,,0.1,26,0,0.1,11,54.5455,0,1.02712,0,,-250,386,,0,0,0,6.5
1604436731184,10,1010123456006,76,,1,0,6,1,0,,27.6509,212,172744,1.23557,81,0,0.1,,0,0,0,0,0,0,0,0,0,,-250,450,,0,0,0,0
1604436731434,10,1010123456006,76,,1,0,6,1,0,,27.5668,187,167246,1.20784,78,0,0.1,,0,0,0,0,0,0,0,0,0,,-250,414,,0,0,0,0
1604436731684,10,1010123456006,76,,1,0,6,1,0,,25.2414,174,166524,1.00103,73,0,10.5,,0.21875,64,0,0.1,27,33.3333,0,2.17537,31,,-250,402,,0,0,0,4.10938
1604436731934,10,1010123456006,76,,1,0,6,1,0,,23.3019,159,173606,0.696,59,0,12.3333,,0,0,0,0,0,0,0,0,0,,-250,362,,0,0,0,0
1604436732184,10,1010123456006,76,,1,0,6,1,0,,26.0645,186,172244,1.07418,78,0,13,,0,0,0,0,0,0,0,0,0,,-250,420,,0,0,0,0
1604436732434,10,1010123456006,76,,1,0,6,1,0,,25.4406,202,168716,1.05798,78,0,12.6667,,0,0,0,0,0,0,0,0,0,,-250,468,,0,0,0,0
1604436732684,10,1010123456006,76,,1,0,6,1,0,,17.3281,192,178789,0.675727,76,0,6,,0.1,98,0,0.1,39,53.8462,0,1.68846,31,,-250,422,,0,0,0,6.92857
1604436732934,10,1010123456006,76,,1,0,6,1,0,,12.9563,229,182578,0.466313,92,0,13,,0,0,0,0,0,0,0,0,0,,-250,510,,0,0,0,0
1604436733184,10,1010123456006,76,,1,0,6,1,0,,25.6882,186,180450,1.07685,79,0,0.1,,0,0,0,0,0,0,0,0,0,,-250,438,,0,0,0,0
1604436733434,10,1010123456006,76,,1,0,6,1,0,,21.3226,186,183264,0.769157,73,0,9,,0,0,0,0,0,0,0,0,0,,-250,422,,0,0,0,0
1604436733684,10,1010123456006,76,,1,0,6,1,0,,19.1579,171,184074,0.653622,68,0,0.1,,0,8,0,0,4,100,0,0,0,,-250,376,,0,0,0,0
1604436733934,10,1010123456006,76,,1,0,6,1,0,,23.9771,175,181802,0.832161,67,0,13,,0.1,3,0,0,1,100,0,1.31813,0,,-250,388,,0,0,0,10
1604436734184,10,1010123456006,76,,1,0,6,1,0,,20.8972,214,182898,0.825414,87,0,11,,0.1,81,0,0.1,32,50,0,1.74899,31,,-250,472,,0,0,0,6.03704
1604436734434,10,1010123456006,76,,1,0,6,1,0,,23.6602,206,178311,0.988948,83,0,13.3333,,0,0,0,0,0,0,0,0,0,,-250,464,,0,0,0,0
1604436734684,10,1010123456006,76,,1,0,6,1,0,,19.5185,189,183825,0.705536,73,0,9.5,,0.1,102,0,0.1,42,73.8095,0,1.14291,31,,-250,420,,0,0,0,7.95098
1604436734934,10,1010123456006,76,,1,0,6,1,0,,21.4703,202,179706,0.83155,81,0,12.3333,,0,0,0,0,0,0,0,0,0,,-250,468,,0,0,0,0
1604436735184,10,1010123456006,76,,1,0,6,1,0,,24.7225,173,183653,0.881856,74,0,13,,0,0,0,0,0,0,0,0,0,,-250,374,,0,0,0,0
1604436735434,10,1010123456006,76,,1,0,6,1,0,,24.9695,197,181263,1.03367,77,0,12.5,,0,0,0,0,0,0,0,0,0,,-250,462,,0,0,0,0
1604436735684,10,1010123456006,76,,1,0,6,1,0,,22.8274,168,181796,0.79759,69,0,12.5,,0.1,105,0,0.1,42,66.6667,0,1.54837,31,,-250,390,,0,0,0,7.23809
1604436735934,10,1010123456006,76,,1,0,6,1,0,,26.0455,154,182934,0.897767,63,0,12,,0.1,12,0,0,5,100,0,0.91183,0,,-250,370,,0,0,0,10
1604436736184,10,1010123456006,76,,1,0,6,1,0,,23.7537,203,179566,0.983325,80,0,12,,0,0,0,0,0,0,0,0,0,,-250,470,,0,0,0,0
1604436736434,10,1010123456006,76,,1,0,6,1,0,,16.4036,166,184644,0.524145,70,0,8,,0,0,0,0,0,0,0,0,0,,-250,376,,0,0,0,0
1604436736684,10,1010123456006,76,,1,0,6,1,0,,2.86628,172,183481,0.0696546,66,0,7.5,,0,0,0,0,0,0,0,0,0,,-250,392,,0,0,0,0
1604436736934,10,1010123456006,76,,1,0,6,1,0,,18.7095,179,183515,0.632386,72,0,8.5,,0,8,0,0,4,100,0,0,0,,-250,394,,0,0,0,0
1604436737184,10,1010123456006,76,,1,0,6,1,0,,16.6667,180,184556,0.577671,73,0,7,,0.1,115,0,0.1,48,60.4167,0,1.68686,31,,-250,424,,0,0,0,6.88696
1604436737434,10,1010123456006,76,,1,0,6,1,0,,1.81818,165,184241,0.0649639,68,0,0.1,,0,0,0,0,0,0,0,0,0,,-250,392,,0,0,0,0
1604436737684,10,1010123456006,76,,1,0,6,1,0,,17.2284,162,183744,0.523245,62,0,9.5,,0,0,0,0,0,0,0,0,0,,-250,374,,0,0,0,0
1604436737934,10,1010123456006,76,,1,0,6,1,0,,17.1684,196,180897,0.620145,78,0,11,,0.1,12,0,0,4,100,0,0.947582,0,,-250,452,,0,0,0,10
1604436738184,10,1010123456006,76,,1,0,6,1,0,,21.2406,187,183218,0.78959,76,0,11,,0.1,9,0,0,3,100,0,0.711158,0,,-250,432,,0,0,0,10
1604436738434,10,1010123456006,76,,1,0,6,1,0,,21.5288,191,180406,0.858635,78,0,9.5,,0.1,200,0,0.1,82,89.0244,0,0.987664,31,,-250,420,,0,0,0,9.01
1604436738684,10,1010123456006,76,,1,0,6,1,0,,25.8419,215,175602,1.10464,80,0,11,,0,0,0,0,0,0,0,0,0,,-250,470,,0,0,0,0
1604436738934,10,1010123456006,76,,1,0,6,1,0,,7.26219,164,184151,0.267791,67,0,2,,0.1,95,0,0.1,39,64.1026,0,1.661,31,,-250,406,,0,0,0,6.71579
1604436739184,10,1010123456006,76,,1,0,6,1,0,,19.096,177,183444,0.668498,73,0,12,,0,0,0,0,0,0,0,0,0,,-250,418,,0,0,0,0
1604436739434,10,1010123456006,76,,1,0,6,1,0,,20.3652,178,183286,0.626667,67,0,11,,0,0,0,0,0,0,0,0,0,,-250,404,,0,0,0,0
1604436739684,10,1010123456006,76,,1,0,6,1,0,,20.642,176,183549,0.672546,71,0,11,,0,0,0,0,0,0,0,0,0,,-250,386,,0,0,0,0
1604436739934,10,1010123456006,76,,1,0,6,1,0,,3.08725,149,184488,0.134683,62,0,2,,0.1,97,0,0.1,39,66.6667,0,1.1238,31,,-250,368,,0,0,0,7.23711
1604436740184,10,1010123456006,76,,1,0,6,1,0,,17.1722,180,183958,0.622908,72,0,11,,0,0,0,0,0,0,0,0,0,,-250,424,,0,0,0,0
1604436740434,10,1010123456006,76,,1,0,6,1,0,,20.8712,163,183234,0.476562,65,0,0.1,,0,0,0,0,0,0,0,0,0,,-250,280,,0,0,0,0
1604436740684,10,1010123456006,76,,1,0,6,1,0,,17.2765,217,184260,0.590265,83,0,5,,0,0,0,0,0,0,0,0,0,,-250,440,,0,0,0,0
1604436740934,10,1010123456006,76,,1,0,6,1,0,,5.8945,218,183161,0.18188,84,0,0.1,,0,2,0,0,1,100,0,0,0,,-250,466,,0,0,0,0
1604436741184,10,1010123456006,76,,1,0,6,1,0,,17.8065,217,183308,0.694072,86,0,9.66667,,0.1,117,0,0.1,49,69.3878,0,1.46011,31,,-250,488,,0,0,0,7.35897
1604436741434,10,1010123456006,76,,1,0,6,1,0,,21.1132,159,183742,0.635438,64,0,11,,0,0,0,0,0,0,0,0,0,,-250,368,,0,0,0,0
1604436741684,10,1010123456006,76,,1,0,6,1,0,,21.9871,155,183899,0.656418,63,0,11.3333,,0.1,12,0,0,4,100,0,0.216238,0,,-250,344,,0,0,0,10
1604436741934,10,1010123456006,76,,1,0,6,1,0,,21.1872,219,181996,0.858506,85,0,0.1,,0,0,0,0,0,0,0,0,0,,-250,510,,0,0,0,0
1604436742184,10,1010123456006,76,,1,0,6,1,0,,19.6337,202,184054,0.779438,84,0,7,,0,6,603,0.1,3,66.6667,0,0,31,,-250,458,,0,0,0,0
1604436742434,10,1010123456006,76,,1,0,6,1,0,,9.65217,161,183831,0.244594,66,0,5,,0.275,80,0,0.1,32,43.75,0,2.75792,31,,-250,378,,0,0,0,4.925
1604436742684,10,1010123456006,76,,1,0,6,1,0,,13.5746,228,181869,0.576161,95,0,12,,0,8,0,0,4,100,0,0,0,,-250,544,,0,0,0,0
1604436742934,10,1010123456006,76,,1,0,6,1,0,,17.8968,155,182866,0.520835,63,0,10,,0,0,0,0,0,0,0,0,0,,-250,372,,0,0,0,0
1604436743184,10,1010123456006,76,,1,0,6,1,0,,20.9471,189,184537,0.807839,76,0,1,,0.228571,70,0,0.1,30,53.3333,0,2.17768,31,,-250,422,,0,0,0,6.32857
1604436743434,10,1010123456006,76,,1,0,6,1,0,,21.4677,201,181580,0.879454,83,0,12,,0,2,0,0,1,100,0,0,0,,-250,466,,0,0,0,0
1604436743684,10,1010123456006,76,,1,0,6,1,0,,19.9439,196,183519,0.721349,80,0,10.5,,0.346154,52,0,0.1,21,47.619,0,2.20045,31,,-250,454,,0,0,0,6.07692
1604436743934,10,1010123456006,76,,1,0,6,1,0,,21.2487,197,182907,0.803984,78,0,0.1,,0.375,16,0,0.1,7,57.1429,0,1.90783,0,,-250,462,,0,0,0,5.875
1604436744184,10,1010123456006,76,,1,0,6,1,0,,25.3383,201,180288,1.0516,79,0,13,,0,0,0,0,0,0,0,0,0,,-250,458,,0,0,0,0
1604436744434,10,1010123456006,76,,1,0,6,1,0,,24.5864,162,182232,0.873478,67,0,12.5,,0,0,0,0,0,0,0,0,0,,-250,390,,0,0,0,0
1604436744684,10,1010123456006,76,,1,0,6,1,0,,22.6702,188,184375,0.837976,76,0,11.3333,,0.777778,81,0,0.1,32,53.125,0,2.20984,31,,-250,384,,0,0,0,6.07407
1604436744934,10,1010123456006,76,,1,0,6,1,0,,25.915,200,178243,1.0428,81,0,13,,0,0,0,0,0,0,0,0,0,,-250,434,,0,0,0,0
1604436745184,10,1010123456006,76,,1,0,6,1,0,,26.0448,201,173779,1.10516,78,0,0.1,,0,0,0,0,0,0,0,0,0,,-250,466,,0,0,0,0
1604436745434,10,1010123456006,76,,1,0,6,1,0,,14.0938,192,183407,0.559743,80,0,4.5,,0,0,0,0,0,0,0,0,0,,-250,448,,0,0,0,0
1604436745684,10,1010123456006,76,,1,0,6,1,0,,6.26804,194,184419,0.158972,71,0,7,,0.102564,78,0,0.1,27,22.2222,0,3.26975,31,,-250,368,,0,0,0,2.98718
1604436745934,10,1010123456006,76,,1,0,6,1,0,,12.0166,181,182320,0.43788,75,0,12.5,,0,0,0,0,0,0,0,0,0,,-250,422,,0,0,0,0
1604436746184,10,1010123456006,76,,1,0,6,1,0,,23.8241,199,181592,0.93328,79,0,13,,0,0,0,0,0,0,0,0,0,,-250,448,,0,0,0,0
1604436746434,10,1010123456006,76,,1,0,6,1,0,,26.0366,191,180088,1.02686,75,0,13,,0,0,0,0,0,0,0,0,0,,-250,422,,0,0,0,0
1604436746684,10,1010123456006,76,,1,0,6,1,0,,24.1307,153,183680,0.775197,62,0,12,,7,12,0,0,4,100,0,1.36549,0,,-250,352,,0,0,0,10
1604436746934,10,1010123456006,76,,1,0,6,1,0,,24.3876,178,181569,0.904707,71,0,13,,0.1,3,103,0.1,1,0,0,4.49479,31,,-250,410,,0,0,0,1
1604436747184,10,1010123456006,76,,1,0,6,1,0,,23.1571,191,182978,0.945317,79,0,12.6667,,0.358209,67,0,0.1,26,61.5385,0,1.76967,0,,-250,452,,0,0,0,6.92537
1604436747434,10,1010123456006,76,,1,0,6,1,0,,9.78404,213,183151,0.326265,84,0,6,,0,0,0,0,0,0,0,0,0,,-250,502,,0,0,0,0
1604436747684,10,1010123456006,76,,1,0,6,1,0,,22.25,184,183697,0.77992,75,0,11.5,,0.125,80,0,0.1,32,53.125,0,1.75546,31,,-250,400,,0,0,0,6.375
1604436747934,10,1010123456006,76,,1,0,6,1,0,,21.462,171,183777,0.65208,68,0,0.1,,0,0,0,0,0,0,0,0,0,,-250,360,,0,0,0,0
1604436748184,10,1010123456006,76,,1,0,6,1,0,,25.4195,174,183722,0.928803,69,0,13,,0,0,0,0,0,0,0,0,0,,-250,398,,0,0,0,0
1604436748434,10,1010123456006,76,,1,0,6,1,0,,23.4264,197,181183,0.952193,77,0,11.25,,0,0,0,0,0,0,0,0,0,,-250,448,,0,0,0,0
1604436748684,10,1010123456006,76,,1,0,6,1,0,,20.6606,165,183435,0.728643,67,0,5.5,,0.1,70,0,0.1,30,53.3333,0,1.73979,31,,-250,394,,0,0,0,6.5
1604436748934,10,1010123456006,76,,1,0,6,1,0,,21.7346,211,180820,0.861847,81,0,12,,0,0,0,0,0,0,0,0,0,,-250,476,,0,0,0,0
1604436749184,10,1010123456006,76,,1,0,6,1,0,,25.9212,203,177741,1.09703,81,0,13,,0,0,0,0,0,0,0,0,0,,-250,448,,0,0,0,0
1604436749434,10,1010123456006,76,,1,0,6,1,0,,26.3459,185,175481,1.02005,73,0,13.3333,,0,0,0,0,0,0,0,0,0,,-250,420,,0,0,0,0
1604436749684,10,1010123456006,76,,1,0,6,1,0,,27.142,176,173810,1.07663,72,0,13.6667,,1.53571,56,0,0.1,23,34.7826,0,2.22883,31,,-250,388,,0,0,0,4.89286
1604436749935,10,1010123456006,76,,1,0,6,1,0,,17.2755,196,182417,0.652064,78,0,10.6667,,0,0,0,0,0,0,0,0,0,,-250,444,,0,0,0,0
1604436750184,10,1010123456006,76,,1,0,6,1,0,,23.9213,178,183082,0.907052,72,0,11,,0,0,0,0,0,0,0,0,0,,-250,420,,0,0,0,0
1604436750434,10,1010123456006,76,,1,0,6,1,0,,9.13021,192,184070,0.255229,79,0,0.1,,0,0,0,0,0,0,0,0,0,,-250,428,,0,0,0,0
1604436750684,10,1010123456006,76,,1,0,6,1,0,,19.803,198,181519,0.763438,78,0,11.75,,0.1,50,0,0.1,21,0,0,2.69821,31,,-250,454,,0,0,0,2.16
1604436750934,10,1010123456006,76,,1,0,6,1,0,,13.7342,158,183485,0.388305,66,0,0.1,,0,0,0,0,0,0,0,0,0,,-250,358,,0,0,0,0
1604436751184,10,1010123456006,76,,1,0,6,1,0,,13.5476,168,183604,0.360932,64,0,0.1,,0,0,0,0,0,0,0,0,0,,-250,382,,0,0,0,0
1604436751434,10,1010123456006,76,,1,0,6,1,0,,11.2794,204,183697,0.376225,81,0,6,,0,0,0,0,0,0,0,0,0,,-250,476,,0,0,0,0
1604436751684,10,1010123456006,76,,1,0,6,1,0,,22.0526,190,181612,0.827309,78,0,11.5,,0.1,55,0,0.1,22,9.09091,0,2.69987,31,,-250,446,,0,0,0,2.96364
1604436751934,10,1010123456006,76,,1,0,6,1,0,,20.8814,177,183128,0.763791,76,0,10,,0,0,0,0,0,0,0,0,0,,-250,410,,0,0,0,0
1604436752184,10,1010123456006,76,,1,0,6,1,0,,25.9567,208,176789,1.16093,82,0,12.6667,,0,0,0,0,0,0,0,0,0,,-250,492,,0,0,0,0
1604436752434,10,1010123456006,76,,1,0,6,1,0,,10.4978,227,183895,0.422779,95,0,6,,0,0,0,0,0,0,0,0,0,,-250,532,,0,0,0,0
1604436752684,10,1010123456006,76,,1,0,6,1,0,,14.3906,192,183570,0.488867,78,0,8.66667,,0.1,93,0,0.1,37,54.0541,0,1.3122,31,,-250,432,,0,0,0,6.69892
1604436752934,10,1010123456006,76,,1,0,6,1,0,,24.0952,189,179963,0.944707,76,0,14,,0,0,0,0,0,0,0,0,0,,-250,432,,0,0,0,0
1604436753184,10,1010123456006,76,,1,0,6,1,0,,25.5316,158,184298,0.801639,59,0,12.5,,0,0,0,0,0,0,0,0,0,,-250,334,,0,0,0,0
1604436753434,10,1010123456006,76,,1,0,6,1,0,,23.1456,158,183692,0.75653,65,0,12,,0,0,0,0,0,0,0,0,0,,-250,374,,0,0,0,0
1604436753684,10,1010123456006,76,,1,0,6,1,0,,26.1641,195,181146,1.03884,78,0,13,,0,0,0,0,0,0,0,0,0,,-250,436,,0,0,0,0
1604436753934,10,1010123456006,76,,1,0,6,1,0,,26.9055,201,175151,1.1591,77,0,13,,0.1,75,0,0.1,30,53.3333,0,1.41472,31,,-250,440,,0,0,0,7.06667
1604436754184,10,1010123456006,76,,1,0,6,1,0,,25.3616,177,175386,1.01716,75,0,12.6667,,0,0,0,0,0,0,0,0,0,,-250,414,,0,0,0,0
1604436754434,10,1010123456006,76,,1,0,6,1,0,,25.1724,174,176326,0.843052,64,0,0.1,,0,0,0,0,0,0,0,0,0,,-250,388,,0,0,0,0
1604436754684,10,1010123456006,76,,1,0,6,1,0,,23.81,200,176449,1.02631,82,0,8,,0.1,96,0,0.1,39,64.1026,0,1.33946,31,,-250,450,,0,0,0,7.53125
1604436754934,10,1010123456006,76,,1,0,6,1,0,,24.8475,223,171430,1.12353,86,0,12.6667,,0,0,0,0,0,0,0,0,0,,-250,498,,0,0,0,0
1604436755184,10,1010123456006,76,,1,0,6,1,0,,25.0174,172,175621,0.865799,68,0,12.5,,0,0,0,0,0,0,0,0,0,,-250,364,,0,0,0,0
1604436755434,10,1010123456006,76,,1,0,6,1,0,,26.151,192,173908,0.987888,72,0,13,,0,0,0,0,0,0,0,0,0,,-250,422,,0,0,0,0
1604436755684,10,1010123456006,76,,1,0,6,1,0,,23.3769,199,175188,0.938763,81,0,11.75,,0.1,137,0,0.1,55,63.6364,0,1.25103,31,,-250,446,,0,0,0,7.50365
1604436755934,10,1010123456006,76,,1,0,6,1,0,,25.8434,166,176210,0.958233,69,0,13,,0,0,0,0,0,0,0,0,0,,-250,392,,0,0,0,0
1604436756184,10,1010123456006,76,,1,0,6,1,0,,17.9595,222,181282,0.84649,91,0,8.66667,,0,0,0,0,0,0,0,0,0,,-250,508,,0,0,0,0
1604436756434,10,1010123456006,76,,1,0,6,1,0,,25.6783,143,184582,0.762249,57,0,13,,0,0,0,0,0,0,0,0,0,,-250,328,,0,0,0,0
1604436756684,10,1010123456006,76,,1,0,6,1,0,,26.0192,208,176757,1.14702,81,0,15,,0.1,105,0,0.1,42,69.0476,0,1.09229,31,,-250,466,,0,0,0,7.90476
1604436756934,10,1010123456006,76,,1,0,6,1,0,,26.7056,214,166631,1.33025,88,0,13,,0,0,0,0,0,0,0,0,0,,-250,498,,0,0,0,0
1604436757185,10,1010123456006,76,,1,0,6,1,0,,22.1437,174,173829,0.76032,70,0,12,,0,0,0,0,0,0,0,0,0,,-251,390,,0,0,0,0
1604436757434,10,1010123456006,76,,1,0,6,1,0,,19.7326,187,180605,0.722635,74,0,6,,0,0,0,0,0,0,0,0,0,,-249,426,,0,0,0,0
1604436757684,10,1010123456006,76,,1,0,6,1,0,,11.9524,210,182071,0.33751,82,0,10,,0,0,0,0,0,0,0,0,0,,-250,472,,0,0,0,0
1604436757934,10,1010123456006,76,,1,0,6,1,0,,25.9106,179,179685,1.03283,76,0,13,,0,8,0,0,4,100,0,0,0,,-250,420,,0,0,0,0
1604436758184,10,1010123456006,76,,1,0,6,1,0,,22.3636,187,182629,0.896482,73,0,0.1,,0,0,0,0,0,0,0,0,0,,-250,434,,0,0,0,0
1604436758434,10,1010123456006,76,,1,0,6,1,0,,19.4862,181,183277,0.670715,74,0,12.3333,,0.1,115,0,0.1,47,76.5957,0,1.00057,31,,-250,388,,0,0,0,8.10435
1604436758684,10,1010123456006,76,,1,0,6,1,0,,21.4176,182,182531,0.70943,69,0,12,,0,0,0,0,0,0,0,0,0,,-250,398,,0,0,0,0
1604436758934,10,1010123456006,76,,1,0,6,1,0,,11.776,192,183723,0.402924,77,0,6,,0.1,121,0,0.1,48,70.8333,0,1.60686,31,,-250,442,,0,0,0,7.39669
1604436759184,10,1010123456006,76,,1,0,6,1,0,,19.495,200,184416,0.728096,79,0,12,,0,0,0,0,0,0,0,0,0,,-250,436,,0,0,0,0
1604436759434,10,1010123456006,76,,1,0,6,1,0,,24.2712,236,175633,1.15014,94,0,12.5,,0,0,0,0,0,0,0,0,0,,-250,554,,0,0,0,0
1604436759684,10,1010123456006,76,,1,0,6,1,0,,26.0829,217,170851,1.13349,86,0,13,,0,0,0,0,0,0,0,0,0,,-250,464,,0,0,0,0
1604436759934,10,1010123456006,76,,1,0,6,1,0,,25.8053,190,168932,1.0861,79,0,13,,0,0,0,0,0,0,0,0,0,,-250,432,,0,0,0,0
1604436760184,10,1010123456006,76,,1,0,6,1,0,,21.891,156,177552,0.715888,63,0,11,,0.1,111,0,0.1,46,71.7391,0,1.20374,31,,-250,364,,0,0,0,7.72973
1604436760434,10,1010123456006,76,,1,0,6,1,0,,22.8118,186,179644,0.86641,75,0,0.1,,0,0,0,0,0,0,0,0,0,,-250,434,,0,0,0,0
1604436760684,10,1010123456006,76,,1,0,6,1,0,,22.0185,162,183974,0.752128,66,0,6.5,,0.1,53,0,0.1,22,36.3636,0,2.01692,31,,-250,376,,0,0,0,5.4717
1604436760934,10,1010123456006,76,,1,0,6,1,0,,17.0678,177,182866,0.537671,69,0,10,,0.1,24,0,0,8,100,0,0.305618,0,,-250,408,,0,0,0,10
1604436761184,10,1010123456006,76,,1,0,6,1,0,,21.9505,202,182104,0.807454,82,0,13,,0,0,0,0,0,0,0,0,0,,-250,440,,0,0,0,0
1604436761434,10,1010123456006,76,,1,0,6,1,0,,1.78616,159,183540,0.126233,65,0,1,,0,0,0,0,0,0,0,0,0,,-250,404,,0,0,0,0
1604436761684,10,1010123456006,76,,1,0,6,1,0,,0.1,180,183862,0.0457831,75,0,0.1,,0.1,61,0,0.1,23,21.7391,0,2.72371,31,,-250,452,,0,0,0,2.67213
1604436761934,10,1010123456006,76,,1,0,6,1,0,,1.3401,197,183390,0.073253,76,0,13,,0,0,0,0,0,0,0,0,0,,-250,484,,0,0,0,0
1604436762184,10,1010123456006,76,,1,0,6,1,0,,26.1261,230,175612,1.21523,88,0,13,,0,0,0,0,0,0,0,0,0,,-250,506,,0,0,0,0
1604436762434,10,1010123456006,76,,1,0,6,1,0,,25.6237,186,173627,1.08716,78,0,13,,0,0,0,0,0,0,0,0,0,,-250,438,,0,0,0,0
1604436762684,10,1010123456006,76,,1,0,6,1,0,,25.3918,171,176933,0.853012,66,0,0.1,,0.1,20,260,0.1,9,77.7778,0,1.25147,31,,-250,368,,0,0,0,8.2
1604436762934,10,1010123456006,76,,1,0,6,1,0,,20.191,178,183626,0.734426,77,0,10,,0.1,103,0,0.1,39,82.0513,0,0.986649,0,,-250,448,,0,0,0,8.51456
1604436763184,10,1010123456006,76,,1,0,6,1,0,,21.6588,170,183690,0.722474,67,0,12.5,,0,0,0,0,0,0,0,0,0,,-250,408,,0,0,0,0
1604436763434,10,1010123456006,76,,1,0,6,1,0,,23.5069,219,179674,1.06506,86,0,12,,0,0,0,0,0,0,0,0,0,,-250,508,,0,0,0,0
1604436763684,10,1010123456006,76,,1,0,6,1,0,,25.0457,197,177726,1.05841,79,0,12.75,,0,8,0,0,4,100,0,0,0,,-250,456,,0,0,0,0
1604436763934,10,1010123456006,76,,1,0,6,1,0,,22.8025,162,183319,0.769446,67,0,12,,0.1,3,0,0,1,100,0,0.754792,0,,-250,378,,0,0,0,10
1604436764184,10,1010123456006,76,,1,0,6,1,0,,25.066,197,178621,1.05391,79,0,12.6667,,0.1,9,0,0,3,100,0,0.521586,0,,-250,470,,0,0,0,10
1604436764434,10,1010123456006,76,,1,0,6,1,0,,25.8344,163,178968,0.951357,67,0,12.5,,0,0,0,0,0,0,0,0,0,,-250,404,,0,0,0,0
1604436764684,10,1010123456006,76,,1,0,6,1,0,,13.4053,190,183965,0.42747,73,0,8.75,,0.117647,153,2450,0.1,62,79.0323,0,1.41918,31,,-250,394,,0,0,0,8.05882
1604436764934,10,1010123456006,76,,1,0,6,1,0,,15.3757,181,180787,0.439614,70,0,13,,0.340426,47,0,0.1,19,78.9474,0,0.547618,0,,-250,402,,0,0,0,8.46809
1604436765184,10,1010123456006,76,,1,0,6,1,0,,25.8033,183,179694,1.05854,75,0,13,,0,0,0,0,0,0,0,0,0,,-250,424,,0,0,0,0
1604436765434,10,1010123456006,76,,1,0,6,1,0,,17.1858,226,183472,0.867776,90,0,0.1,,0,0,0,0,0,0,0,0,0,,-250,538,,0,0,0,0
1604436765684,10,1010123456006,76,,1,0,6,1,0,,23.5839,161,182837,0.738345,65,0,12.5,,0,8,0,0,4,100,0,0,0,,-250,364,,0,0,0,0
1604436765934,10,1010123456006,76,,1,0,6,1,0,,26.064,172,182583,0.939213,69,0,13,,0,0,0,0,0,0,0,0,0,,-250,386,,0,0,0,0
1604436766184,10,1010123456006,76,,1,0,6,1,0,,21.7459,181,184010,0.865767,75,0,9,,0.1,98,0,0.1,39,66.6667,0,1.7086,31,,-250,420,,0,0,0,7.05102
1604436766434,10,1010123456006,76,,1,0,6,1,0,,22.7857,182,183520,0.845301,70,0,12,,0,0,0,0,0,0,0,0,0,,-250,414,,0,0,0,0
1604436766684,10,1010123456006,76,,1,0,6,1,0,,9.43939,198,183431,0.296418,77,0,6.5,,0.1,112,0,0.1,44,72.7273,0,1.18154,31,,-250,434,,0,0,0,7.57143
1604436766934,10,1010123456006,76,,1,0,6,1,0,,0.1,140,184053,0.039004,56,0,0.1,,0.1,17,0,0.1,7,71.4286,0,1.11366,31,,-250,330,,0,0,0,7.88235
1604436767184,10,1010123456006,76,,1,0,6,1,0,,13.1471,136,183819,0.380209,58,0,13,,0,0,0,0,0,0,0,0,0,,-250,328,,0,0,0,0
1604436767434,10,1010123456006,76,,1,0,6,1,0,,25.7742,186,182430,0.947776,72,0,0.1,,0,0,0,0,0,0,0,0,0,,-250,406,,0,0,0,0
1604436767684,10,1010123456006,76,,1,0,6,1,0,,26.5469,192,177904,1.11971,79,0,13.25,,0.1,100,0,0.1,42,66.6667,0,1.74569,31,,-250,450,,0,0,0,6.97
1604436767934,10,1010123456006,76,,1,0,6,1,0,,20.8392,199,182063,0.874827,82,0,10,,0,0,0,0,0,0,0,0,0,,-250,468,,0,0,0,0
1604436768184,10,1010123456006,76,,1,0,6,1,0,,25.9282,181,182425,0.91653,67,0,13,,0,0,0,0,0,0,0,0,0,,-250,398,,0,0,0,0
1604436768434,10,1010123456006,76,,1,0,6,1,0,,26.108,176,180524,1.0579,75,0,13,,0,0,0,0,0,0,0,0,0,,-250,426,,0,0,0,0
1604436768684,10,1010123456006,76,,1,0,6,1,0,,25.8454,194,178946,1.02904,77,0,13,,0,0,0,0,0,0,0,0,0,,-250,426,,0,0,0,0
1604436768934,10,1010123456006,76,,1,0,6,1,0,,26.1979,192,175964,1.03884,74,0,13,,0.1,146,0,0.1,59,81.3559,0,1.37049,31,,-250,440,,0,0,0,8.39726
1604436769184,10,1010123456006,76,,1,0,6,1,0,,21.0312,160,183245,0.670104,71,0,11.6667,,0,0,0,0,0,0,0,0,0,,-250,354,,0,0,0,0
1604436769434,10,1010123456006,76,,1,0,6,1,0,,25.1394,208,179331,1.01102,78,0,14,,0,0,0,0,0,0,0,0,0,,-250,446,,0,0,0,0
1604436769684,10,1010123456006,76,,1,0,6,1,0,,18.69,200,183833,0.770538,79,0,7,,0.1,104,0,0.1,41,58.5366,0,1.86417,31,,-250,452,,0,0,0,6.55769
1604436769934,10,1010123456006,76,,1,0,6,1,0,,23.0435,207,181920,0.92241,82,0,13,,0,0,0,0,0,0,0,0,0,,-250,458,,0,0,0,0
1604436770184,10,1010123456006,76,,1,0,6,1,0,,26.9586,169,180288,1.0285,68,0,13.5,,0,0,0,0,0,0,0,0,0,,-250,386,,0,0,0,0
1604436770434,10,1010123456006,76,,1,0,6,1,0,,26.9495,198,173533,1.20655,78,0,13,,0,0,0,0,0,0,0,0,0,,-250,444,,0,0,0,0
1604436770684,10,1010123456006,76,,1,0,6,1,0,,26.9162,167,174274,0.938892,65,0,0.1,,0,0,0,0,0,0,0,0,0,,-250,366,,0,0,0,0
1604436770934,10,1010123456006,76,,1,0,6,1,0,,22.7742,155,180733,0.8128,66,0,4,,0.1,132,0,0.1,53,75.4717,0,1.16594,31,,-250,346,,0,0,0,7.9697
1604436771184,10,1010123456006,76,,1,0,6,1,0,,3.90964,166,183527,0.0995663,65,0,0.1,,0,0,0,0,0,0,0,0,0,,-250,382,,0,0,0,0
1604436771434,10,1010123456006,76,,1,0,6,1,0,,18.6497,177,184342,0.677622,77,0,9,,0,0,0,0,0,0,0,0,0,,-250,418,,0,0,0,0
1604436771684,10,1010123456006,76,,1,0,6,1,0,,16.4728,184,180805,0.610249,71,0,10.6667,,0.1,38,1028,0.1,15,66.6667,0,1.66968,31,,-250,422,,0,0,0,6.92105
1604436771934,10,1010123456006,76,,1,0,6,1,0,,10.5,158,181730,0.334137,64,0,9,,0.1,49,0,0.1,21,57.1429,0,1.4103,31,,-250,344,,0,0,0,6.5102
1604436772184,10,1010123456006,76,,1,0,6,1,0,,27.6492,191,171278,1.25878,77,0,0.1,,0,0,0,0,0,0,0,0,0,,-250,448,,0,0,0,0
1604436772434,10,1010123456006,76,,1,0,6,1,0,,26.8571,182,168879,1.05022,72,0,13,,0,0,0,0,0,0,0,0,0,,-250,408,,0,0,0,0
1604436772684,10,1010123456006,76,,1,0,6,1,0,,20.7251,171,176647,0.761696,67,0,7,,0.1,118,0,0.1,49,59.1837,0,1.43601,31,,-250,386,,0,0,0,6.88983
1604436772934,10,1010123456006,76,,1,0,6,1,0,,6.90845,142,181081,0.146442,60,0,14,,0,0,0,0,0,0,0,0,0,,-250,314,,0,0,0,0
1604436773184,10,1010123456006,76,,1,0,6,1,0,,26.0704,199,177015,1.1423,82,0,13,,0,0,0,0,0,0,0,0,0,,-250,452,,0,0,0,0
1604436773434,10,1010123456006,76,,1,0,6,1,0,,26.5393,191,172614,1.0704,74,0,13,,0,0,0,0,0,0,0,0,0,,-250,454,,0,0,0,0
1604436773684,10,1010123456006,76,,1,0,6,1,0,,18.2143,210,176272,0.915232,83,0,10.5,,0.1,100,0,0.1,40,67.5,0,1.59984,31,,-250,478,,0,0,0,7.2
1604436773934,10,1010123456006,76,,1,0,6,1,0,,6.84568,162,182405,0.259309,69,0,13,,0,0,0,0,0,0,0,0,0,,-250,398,,0,0,0,0
1604436774184,10,1010123456006,76,,1,0,6,1,0,,27.1618,173,178865,1.07194,70,0,14,,0,0,0,0,0,0,0,0,0,,-250,410,,0,0,0,0
1604436774434,10,1010123456006,76,,1,0,6,1,0,,20.2917,168,182365,0.688161,65,0,10.5,,0,0,0,0,0,0,0,0,0,,-250,374,,0,0,0,0
1604436774684,10,1010123456006,76,,1,0,6,1,0,,26.5058,174,180009,1.02464,72,0,13.3333,,0.1,12,0,0,4,100,0,0.157267,0,,-250,382,,0,0,0,10
1604436774934,10,1010123456006,76,,1,0,6,1,0,,27.4898,196,171740,1.17818,75,0,0.1,,0,0,0,0,0,0,0,0,0,,-250,452,,0,0,0,0
1604436775184,10,1010123456006,76,,1,0,6,1,0,,16.3889,198,179935,0.737896,79,0,7,,0.1,12,0,0,4,100,0,0.571483,0,,-250,440,,0,0,0,10
1604436775434,10,1010123456006,76,,1,0,6,1,0,,21.4025,236,171744,1.06712,92,0,14,,0.1,12,417,0.1,4,75,0,1.1334,31,,-250,548,,0,0,0,7.75
1604436775684,10,1010123456006,76,,1,0,6,1,0,,21.6908,359,150554,1.75052,149,0,11.6667,,0.1,218,0,0.1,90,74.4444,0,1.04193,31,,-250,818,,0,0,0,7.70183
1604436775934,10,1010123456006,76,,1,0,6,1,0,,14.5215,349,151496,0.895775,138,0,10.3333,,0,0,0,0,0,0,0,0,0,,-250,740,,0,0,0,0
1604436776184,10,1010123456006,76,,1,0,6,1,0,,25.938,274,138145,1.46246,113,0,13,,0,0,0,0,0,0,0,0,0,,-250,582,,0,0,0,0
1604436776434,10,1010123456006,76,,1,0,2,1,0,,26.7066,259,136582,1.03586,101,0,14,,0,0,0,0,0,0,0,0,0,,-250,406,,0,0,0,0
1604436776684,10,1010123456006,76,,1,0,2,1,0,,27.1319,144,157339,0.320257,60,0,7.5,,0.1,108,0,0.1,43,69.7674,0,1.75422,31,,-250,130,,0,0,0,7.5
1604436776934,10,1010123456006,76,,1,0,2,1,0,,0,0,184537,0,0,0,0.1,,0.1,3,0,0,1,100,0,0.487592,0,,-250,146,,0,0,0,10
1604436777184,10,1010123456006,76,,1,0,2,1,0,,18.0515,97,183735,0.108627,36,0,10.6667,,0,0,0,0,0,0,0,0,0,,-250,124,,0,0,0,0
1604436777434,10,1010123456006,76,,1,0,2,1,0,,27.4099,161,184087,0.382233,69,0,14,,0,0,0,0,0,0,0,0,0,,-250,132,,0,0,0,0
1604436777684,10,1010123456006,76,,1,0,2,1,0,,23.0933,193,183586,0.337024,78,0,10.5,,0.533333,90,0,0.1,36,63.8889,0,1.80871,31,,-250,160,,0,0,0,6.95556
1604436777934,10,1010123456006,76,,1,0,2,1,0,,27.6299,154,184194,0.369216,66,0,2,,0,0,0,0,0,0,0,0,0,,-250,156,,0,0,0,0
1604436778184,10,1010123456006,76,,1,0,2,1,0,,0,0,184194,0,0,0,0.1,,0,0,0,0,0,0,0,0,0,,-250,130,,0,0,0,0
1604436778434,10,1010123456006,76,,1,0,2,1,0,,0,0,184194,0,0,0,0.1,,0,0,0,0,0,0,0,0,0,,-250,152,,0,0,0,0
1604436778684,10,1010123456006,76,,1,0,2,1,0,,0,0,184194,0,0,0,0.1,,0,0,0,0,0,0,0,0,0,,-250,166,,0,0,0,0
1604436778934,10,1010123456006,76,,1,0,2,1,0,,0,0,184194,0,0,0,0.1,,0,0,0,0,0,0,0,0,0,,-250,134,,0,0,0,0
1604436779184,10,1010123456006,76,,1,0,2,1,0,,0,0,184194,0,0,0,0.1,,0,0,0,0,0,0,0,0,0,,-250,120,,0,0,0,0
1604436779434,10,1010123456006,76,,1,0,2,1,0,,18.3667,150,184421,0.184,61,0,9.5,,0.1,104,0,0.1,41,56.0976,0,2.10741,31,,-250,132,,0,0,0,6.09615
1604436779684,10,1010123456006,76,,1,0,2,1,0,,12.4204,157,184339,0.0928514,62,0,13,,0,0,0,0,0,0,0,0,0,,-250,128,,0,0,0,0
1604436779934,10,1010123456006,76,,1,0,2,1,0,,17.8503,147,183901,0.166522,57,0,9.5,,1.5,76,0,0.1,31,64.5161,0,2.37181,31,,-250,110,,0,0,0,6.5
1604436780184,10,1010123456006,76,,1,0,2,1,0,,26.5667,150,183725,0.271004,55,0,13,,0,0,0,0,0,0,0,0,0,,-250,118,,0,0,0,0
1604436780434,10,1010123456006,76,,1,0,2,1,0,,26.671,155,184553,0.329152,66,0,13.3333,,0,0,0,0,0,0,0,0,0,,-250,122,,0,0,0,0
1604436780684,10,1010123456006,76,,1,0,2,1,0,,26.1911,157,183409,0.312224,65,0,0.1,,1.36364,88,0,0.1,36,72.2222,0,1.64012,31,,-250,134,,0,0,0,8.21591
1604436780934,10,1010123456006,76,,1,0,2,1,0,,25.8,45,183713,0.0952289,20,0,1,,0,0,0,0,0,0,0,0,0,,-250,142,,0,0,0,0
1604436781184,10,1010123456006,76,,1,0,2,1,0,,27.8642,81,183613,0.186602,32,0,15,,0,0,0,0,0,0,0,0,0,,-250,168,,0,0,0,0
1604436781434,10,1010123456006,76,,1,0,2,1,0,,27.771,179,182586,0.396627,69,0,14,,0,0,0,0,0,0,0,0,0,,-250,144,,0,0,0,0
1604436781684,10,1010123456006,76,,1,0,2,1,0,,23.0109,184,183155,0.332948,73,0,9.4,,0.831683,101,0,0.1,40,50,0,2.14512,31,,-250,142,,0,0,0,6.59406
1604436781934,10,1010123456006,76,,1,0,2,1,0,,11.7308,182,183632,0.1209,71,0,13,,0.1,3,0,0.1,1,0,0,5.79511,0,,-250,144,,0,0,0,1
1604436782184,10,1010123456006,76,,1,0,2,1,0,,27.4431,167,184004,0.37102,68,0,14,,0,0,0,0,0,0,0,0,0,,-250,134,,0,0,0,0
1604436782434,10,1010123456006,76,,1,0,2,1,0,,27.7471,174,183516,0.399871,70,0,0.1,,0,0,0,0,0,0,0,0,0,,-250,138,,0,0,0,0
1604436782684,10,1010123456006,76,,1,0,2,1,0,,22.2,190,183622,0.335325,75,0,5,,0.1,95,0,0.1,37,45.9459,0,2.12664,31,,-250,150,,0,0,0,5.64211
1604436782934,10,1010123456006,76,,1,0,2,1,0,,12.4819,193,183492,0.143582,75,0,13,,0,0,0,0,0,0,0,0,0,,-250,152,,0,0,0,0
1604436783184,10,1010123456006,76,,1,0,2,1,0,,24.7514,173,184399,0.309719,66,0,6,,0,0,0,0,0,0,0,0,0,,-250,134,,0,0,0,0
1604436783434,10,1010123456006,76,,1,0,2,1,0,,25.016,187,184089,0.327614,73,0,13,,0,0,0,0,0,0,0,0,0,,-250,148,,0,0,0,0
1604436783684,10,1010123456006,76,,1,0,2,1,0,,25.9617,183,184594,0.373526,78,0,12.6667,,1.33333,72,0,0.1,29,58.6207,0,2.42275,31,,-250,152,,0,0,0,6.76389
1604436783934,10,1010123456006,76,,1,0,2,1,0,,24.8438,160,183004,0.297189,66,0,12,,0,0,0,0,0,0,0,0,0,,-250,130,,0,0,0,0
1604436784184,10,1010123456006,76,,1,0,2,1,0,,24.6735,147,183854,0.256192,58,0,12,,0,0,0,0,0,0,0,0,0,,-250,116,,0,0,0,0
1604436784434,10,1010123456006,76,,1,0,2,1,0,,24.6115,139,183829,0.239229,54,0,12,,0,0,0,0,0,0,0,0,0,,-250,108,,0,0,0,0
1604436784684,10,1010123456006,76,,1,0,2,1,0,,22.351,151,183687,0.247488,62,0,10.3333,,0.189474,95,0,0.1,38,44.7368,0,2.46034,31,,-250,122,,0,0,0,5.51579
1604436784934,10,1010123456006,76,,1,0,2,1,0,,25.3723,188,183423,0.324032,70,0,12.5,,0,0,0,0,0,0,0,0,0,,-250,148,,0,0,0,0
1604436785184,10,1010123456006,76,,1,0,2,1,0,,24.5846,130,183942,0.229504,52,0,0.1,,0,0,0,0,0,0,0,0,0,,-250,100,,0,0,0,0
1604436785434,10,1010123456006,76,,1,0,2,1,0,,24.0838,179,183312,0.300659,70,0,11,,0,0,0,0,0,0,0,0,0,,-250,144,,0,0,0,0
1604436785684,10,1010123456006,76,,1,0,2,1,0,,23.7541,183,184098,0.320064,78,0,9.75,,0.192,125,0,0.1,51,76.4706,0,1.57701,31,,-250,148,,0,0,0,7.912
1604436785934,10,1010123456006,76,,1,0,2,1,0,,4,172,183361,0.0312,65,0,0.1,,0,0,0,0,0,0,0,0,0,,-250,134,,0,0,0,0
1604436786184,10,1010123456006,76,,1,0,2,1,0,,21.0492,183,184204,0.251648,72,0,11.5,,0,0,0,0,0,0,0,0,0,,-250,144,,0,0,0,0
1604436786434,10,1010123456006,76,,1,0,2,1,0,,25.1049,162,183705,0.29808,67,0,13,,0,0,0,0,0,0,0,0,0,,-250,134,,0,0,0,0
1604436786684,10,1010123456006,76,,1,0,2,1,0,,21.9836,122,184083,0.188369,51,0,7.66667,,0.1,100,0,0.1,40,72.5,0,1.3774,31,,-250,140,,0,0,0,7.72
1604436786934,10,1010123456006,76,,1,0,2,1,0,,0,0,184083,0,0,0,0.1,,0,0,0,0,0,0,0,0,0,,-250,146,,0,0,0,0
1604436787184,10,1010123456006,76,,1,0,2,1,0,,0,0,184083,0,0,0,0.1,,0,0,0,0,0,0,0,0,0,,-250,154,,0,0,0,0
1604436787434,10,1010123456006,76,,1,0,2,1,0,,0,0,184083,0,0,0,0.1,,0,0,0,0,0,0,0,0,0,,-250,136,,0,0,0,0
1604436787684,10,1010123456006,76,,1,0,2,1,0,,0,0,184083,0,0,0,0.1,,0,0,0,0,0,0,0,0,0,,-250,128,,0,0,0,0
1604436787934,10,1010123456006,76,,1,0,2,1,0,,0,0,184083,0,0,0,0.1,,0,0,0,0,0,0,0,0,0,,-250,122,,0,0,0,0
1604436788184,10,1010123456006,76,,1,0,2,1,0,,0,0,184083,0,0,0,0.1,,0,0,0,0,0,0,0,0,0,,-250,146,,0,0,0,0
1604436788434,10,1010123456006,76,,1,0,2,1,0,,0,0,184083,0,0,0,0.1,,0,0,0,0,0,0,0,0,0,,-250,134,,0,0,0,0
1604436788684,10,1010123456006,76,,1,0,2,1,0,,0,0,184083,0,0,0,0.1,,0,0,0,0,0,0,0,0,0,,-250,126,,0,0,0,0
1604436788935,10,1010123456006,76,,1,0,2,1,0,,0,0,184083,0,0,0,0.1,,0,0,0,0,0,0,0,0,0,,-250,124,,0,0,0,0
1604436789184,10,1010123456006,76,,1,0,2,1,0,,0,0,184083,0,0,0,0.1,,0,0,0,0,0,0,0,0,0,,-250,130,,0,0,0,0
1604436789434,10,1010123456006,76,,1,0,2,1,0,,0,0,184083,0,0,0,0.1,,0,0,0,0,0,0,0,0,0,,-250,128,,0,0,0,0
1604436789684,10,1010123456006,76,,1,0,2,1,0,,0,0,184083,0,0,0,0.1,,0,0,0,0,0,0,0,0,0,,-250,124,,0,0,0,0
1604436789934,10,1010123456006,76,,1,0,2,1,0,,0,0,184083,0,0,0,0.1,,0,0,0,0,0,0,0,0,0,,-250,138,,0,0,0,0
1604436790184,10,1010123456006,76,,1,0,2,1,0,,0,0,184083,0,0,0,0.1,,0,0,0,0,0,0,0,0,0,,-250,114,,0,0,0,0
1604436790434,10,1010123456006,76,,1,0,2,1,0,,0,0,184083,0,0,0,0.1,,0,0,0,0,0,0,0,0,0,,-250,144,,0,0,0,0
