Timestamp,num_ues,IMSI,RNTI,,slicing_enabled,slice_id,slice_prb,power_multiplier,scheduling_policy,,dl_mcs,dl_n_samples,dl_buffer [bytes],tx_brate downlink [Mbps],tx_pkts downlink,tx_errors downlink (%),dl_cqi,,ul_mcs,ul_n_samples,ul_buffer [bytes],rx_brate uplink [Mbps],rx_pkts uplink,rx_errors uplink (%),ul_rssi,ul_sinr,phr,,sum_requested_prbs,sum_granted_prbs,,dl_pmi,dl_ri,ul_n,ul_turbo_iters
1604436480934,10,1010123456009,77,,1,0,2,1,0,,13.459,61,4514,0.0418956,20,0,6,,5.66667,18,0,0.1,7,14.2857,0,9.39698,31,,-38,50,,0,0,0,2.44444
1604436481184,10,1010123456009,77,,1,0,2,1,0,,9.96875,192,32078,0.094008,77,0,6.33333,,2.90909,55,0,0.1,22,22.7273,0,5.21001,31,,-251,152,,0,0,0,3.74545
1604436481435,10,1010123456009,77,,1,0,2,1,0,,10.5094,159,59816,0.083456,66,0,7,,2.8,35,0,0.1,14,0,0,7.32766,31,,-250,130,,0,0,0,1.34286
1604436481684,10,1010123456009,77,,1,0,2,1,0,,11.9231,78,88643,0.0447229,30,0,7,,0,0,0,0,0,0,0,0,0,,-250,58,,0,0,0,0
1604436481935,10,1010123456009,77,,1,0,2,1,0,,8.54348,46,118204,0.018304,18,0,5.5,,1.25373,67,0,0.1,25,48,0,3.16777,31,,-250,36,,0,0,0,5.79105
1604436482185,10,1010123456009,77,,1,0,2,1,0,,10.3286,70,147191,0.037632,28,0,4,,0,0,0,0,0,0,0,0,0,,-250,58,,0,0,0,0
1604436482434,10,1010123456009,77,,1,0,2,1,0,,11.8,40,176583,0.0225542,16,0,7,,6.44,25,0,0.1,9,44.4444,0,5.786,31,,-250,32,,0,0,0,5.32
1604436482684,10,1010123456009,77,,1,0,2,1,0,,11.7111,45,184469,0.0262811,18,0,6.5,,4.86111,36,0,0.1,14,42.8571,0,4.53941,31,,-250,34,,0,0,0,4.80556
1604436482934,10,1010123456009,77,,1,0,2,1,0,,11.3,50,183720,0.024896,18,0,7,,0,0,0,0,0,0,0,0,0,,-250,38,,0,0,0,0
1604436483184,10,1010123456009,77,,1,0,2,1,0,,11.7632,38,184531,0.020288,14,0,0.1,,0.1,3,0,0.1,1,0,0,1.4589,31,,-250,30,,0,0,0,2
1604436483434,10,1010123456009,77,,1,0,2,1,0,,12,39,183800,0.0286908,19,0,7,,3.725,40,0,0.1,16,12.5,0,7.63837,31,,-249,34,,0,0,0,3.075
1604436483684,10,1010123456009,77,,1,0,2,1,0,,11.9487,39,184507,0.025376,17,0,7,,0,0,0,0,0,0,0,0,0,,-250,34,,0,0,0,0
1604436483934,10,1010123456009,77,,1,0,2,1,0,,11.42,50,183662,0.0298474,21,0,5,,4.10526,19,0,0.1,8,0,0,7.48889,31,,-249,44,,0,0,0,1.21053
1604436484184,10,1010123456009,77,,1,0,2,1,0,,8.4898,49,184547,0.019936,19,0,6.5,,4.4898,49,0,0.1,20,35,0,6.32003,31,,-249,36,,0,0,0,4.38775
1604436484434,10,1010123456009,77,,1,0,2,1,0,,9.52174,46,183940,0.021856,19,0,0.1,,0,2,0,0.1,1,0,0,0,31,,-250,38,,0,0,0,0
1604436484684,10,1010123456009,77,,1,0,2,1,0,,11.5294,51,184482,0.0299116,21,0,7,,6,9,0,0.1,3,33.3333,0,5.82577,31,,-250,44,,0,0,0,4.33333
1604436484934,10,1010123456009,77,,1,0,2,1,0,,11.7213,61,183449,0.0379116,26,0,0.1,,5.5,14,0,0.1,5,60,0,5.2642,31,,-251,50,,0,0,0,6.35714
1604436485184,10,1010123456009,77,,1,0,2,1,0,,11.5116,43,184198,0.0241285,17,0,7,,1.95833,48,0,0.1,18,0,0,7.17534,31,,-249,34,,0,0,0,1.47917
1604436485434,10,1010123456009,77,,1,0,2,1,0,,9.0625,64,183434,0.0270522,24,0,5,,0,0,0,0,0,0,0,0,0,,-250,50,,0,0,0,0
1604436485684,10,1010123456009,77,,1,0,2,1,0,,6,41,184578,0.011264,16,0,6,,0,0,0,0,0,0,0,0,0,,-250,32,,0,0,0,0
1604436485934,10,1010123456009,77,,1,0,2,1,0,,15.5435,46,183295,0.0443695,20,0,7.5,,0,0,0,0,0,0,0,0,0,,-250,38,,0,0,0,0
1604436486184,10,1010123456009,77,,1,0,2,1,0,,10.8289,76,183652,0.0354378,27,0,7,,0,0,0,0,0,0,0,0,0,,-250,58,,0,0,0,0
1604436486434,10,1010123456009,77,,1,0,2,1,0,,11.7368,57,184174,0.0348916,24,0,0.1,,7.66667,21,0,0.1,9,44.4444,0,8.63539,31,,-250,44,,0,0,0,4.57143
1604436486684,10,1010123456009,77,,1,0,2,1,0,,8.84906,53,183521,0.0223936,20,0,4.33333,,0,0,0,0,0,0,0,0,0,,-250,68,,0,0,0,0
1604436486934,10,1010123456009,77,,1,0,2,1,0,,7.07143,56,184467,0.019776,24,0,6,,0,0,0,0,0,0,0,0,0,,-250,44,,0,0,0,0
1604436487184,10,1010123456009,77,,1,0,2,1,0,,9.5,60,183695,0.027776,24,0,6.5,,0,6,0,0.1,3,33.3333,0,0,31,,-250,48,,0,0,0,0
1604436487434,10,1010123456009,77,,1,0,2,1,0,,11.6038,53,184272,0.0286586,20,0,0.1,,0,0,0,0,0,0,0,0,0,,-250,42,,0,0,0,0
1604436487684,10,1010123456009,77,,1,0,2,1,0,,11.7414,58,183319,0.0350843,24,0,0.1,,0,0,0,0,0,0,0,0,0,,-251,46,,0,0,0,0
1604436487934,10,1010123456009,77,,1,0,2,1,0,,11.7727,66,183622,0.0373655,25,0,6,,5.68966,29,0,0.1,11,27.2727,0,5.27563,31,,-250,54,,0,0,0,4.93103
1604436488184,10,1010123456009,77,,1,0,2,1,0,,7.60526,38,184646,0.0175422,18,0,4.5,,0,0,0,0,0,0,0,0,0,,-250,32,,0,0,0,0
1604436488434,10,1010123456009,77,,1,0,2,1,0,,9.22388,67,183810,0.0303293,27,0,4.66667,,7,3,0,0.1,1,0,0,10.5135,31,,-250,56,,0,0,0,1
1604436488684,10,1010123456009,77,,1,0,2,1,0,,9.6,15,183617,0.00340562,3,0,6,,0,2,0,0.1,1,0,0,0,31,,-250,52,,0,0,0,0
1604436488934,10,1010123456009,77,,1,0,2,1,0,,9.25424,59,184330,0.0296225,26,0,6,,5.28261,46,0,0.1,19,57.8947,0,5.54105,31,,-250,46,,0,0,0,6.93478
1604436489184,10,1010123456009,77,,1,0,2,1,0,,9.66667,60,183459,0.0302651,26,0,6,,4,3,0,0.1,1,0,0,14.0941,31,,-250,54,,0,0,0,1
1604436489434,10,1010123456009,77,,1,0,2,1,0,,9.22353,85,183834,0.0395181,35,0,6,,4.34375,32,0,0.1,13,15.3846,0,5.60586,31,,-249,68,,0,0,0,2.96875
1604436489684,10,1010123456009,77,,1,0,2,1,0,,9.45455,44,183233,0.021696,19,0,4,,0,0,0,0,0,0,0,0,0,,-250,58,,0,0,0,0
1604436489934,10,1010123456009,77,,1,0,2,1,0,,13.8,55,183382,0.0440161,22,0,7,,0,0,0,0,0,0,0,0,0,,-251,44,,0,0,0,0
1604436490184,10,1010123456009,77,,1,0,2,1,0,,10,11,183250,0.00475502,4,0,6,,0,0,0,0,0,0,0,0,0,,-249,44,,0,0,0,0
1604436490434,10,1010123456009,77,,1,0,2,1,0,,9.2439,41,184176,0.0183133,16,0,6.5,,0,0,0,0,0,0,0,0,0,,-250,32,,0,0,0,0
1604436490684,10,1010123456009,77,,1,0,2,1,0,,13.806,67,183991,0.0556787,29,0,14,,0.148148,54,0,0.1,22,0,0,4.38272,31,,-250,58,,0,0,0,1.07407
1604436490934,10,1010123456009,77,,1,0,2,1,0,,4.29787,47,183550,0.015904,18,0,4,,0,2,0,0.1,1,0,0,0,31,,-250,38,,0,0,0,0
1604436491184,10,1010123456009,77,,1,0,2,1,0,,8.26471,68,184289,0.0251245,26,0,6,,0,0,0,0,0,0,0,0,0,,-250,52,,0,0,0,0
1604436491434,10,1010123456009,77,,1,0,2,1,0,,9.39535,43,183725,0.021536,19,0,0.1,,0,0,0,0,0,0,0,0,0,,-250,36,,0,0,0,0
1604436491684,10,1010123456009,77,,1,0,2,1,0,,9.53623,69,184301,0.0299438,26,0,6,,3.1875,48,0,0.1,19,15.7895,0,7.33054,31,,-250,56,,0,0,0,2.9375
1604436491934,10,1010123456009,77,,1,0,2,1,0,,9.92771,83,183218,0.0389076,33,0,0.1,,9,3,0,0,1,100,0,0.772998,0,,-250,64,,0,0,0,10
1604436492184,10,1010123456009,77,,1,0,2,1,0,,10.5781,64,183646,0.036755,27,0,6.33333,,0,0,0,0,0,0,0,0,0,,-250,52,,0,0,0,0
1604436492434,10,1010123456009,77,,1,0,2,1,0,,10.4795,73,183986,0.0379116,29,0,6,,2.30909,55,0,0.1,23,17.3913,0,7.55976,31,,-250,60,,0,0,0,2.38182
1604436492684,10,1010123456009,77,,1,0,2,1,0,,6.66667,48,183584,0.0163855,20,0,5,,0,0,0,0,0,0,0,0,0,,-250,38,,0,0,0,0
1604436492934,10,1010123456009,77,,1,0,2,1,0,,7.6875,64,184434,0.0217831,24,0,6,,0,0,0,0,0,0,0,0,0,,-250,48,,0,0,0,0
1604436493184,10,1010123456009,77,,1,0,2,1,0,,9.88889,36,183977,0.0164819,14,0,6,,0,0,0,0,0,0,0,0,0,,-250,28,,0,0,0,0
1604436493434,10,1010123456009,77,,1,0,2,1,0,,8.60465,43,183526,0.0166747,17,0,4,,0,2,0,0.1,1,0,0,0,31,,-250,34,,0,0,0,0
1604436493684,10,1010123456009,77,,1,0,2,1,0,,4,11,183471,0.00240964,5,0,2,,0,0,0,0,0,0,0,0,0,,-250,42,,0,0,0,0
1604436493934,10,1010123456009,77,,1,0,2,1,0,,0,0,183471,0,0,0,0.1,,0,2,0,0.1,1,0,0,0,31,,-250,46,,0,0,0,0
1604436494185,10,1010123456009,77,,1,0,2,1,0,,0,0,183471,0,0,0,0.1,,0,0,0,0,0,0,0,0,0,,-251,46,,0,0,0,0
1604436494434,10,1010123456009,77,,1,0,2,1,0,,7.36957,46,184407,0.0180241,19,0,5.5,,0,0,0,0,0,0,0,0,0,,-250,42,,0,0,0,0
1604436494684,10,1010123456009,77,,1,0,2,1,0,,4,72,184099,0.013494,28,0,0.1,,0,0,0,0,0,0,0,0,0,,-250,56,,0,0,0,0
1604436494934,10,1010123456009,77,,1,0,2,1,0,,4,68,183791,0.013494,28,0,0.1,,0,0,0,0,0,0,0,0,0,,-250,56,,0,0,0,0
1604436495184,10,1010123456009,77,,1,0,2,1,0,,4,49,183560,0.0106024,22,0,2,,0,0,0,0,0,0,0,0,0,,-250,46,,0,0,0,0
1604436495434,10,1010123456009,77,,1,0,2,1,0,,0,0,183560,0,0,0,0.1,,7,3,0,0.1,1,0,0,9.79835,31,,-250,46,,0,0,0,1
1604436495684,10,1010123456009,77,,1,0,2,1,0,,1,39,183512,0.00359839,16,0,3,,4,3,0,0.1,1,0,0,9.8021,31,,-250,44,,0,0,0,1
1604436495934,10,1010123456009,77,,1,0,2,1,0,,1,54,183446,0.004928,22,0,3,,0,0,0,0,0,0,0,0,0,,-250,44,,0,0,0,0
1604436496184,10,1010123456009,77,,1,0,2,1,0,,1.25641,39,183383,0.00408032,16,0,5,,0,0,0,0,0,0,0,0,0,,-249,32,,0,0,0,0
1604436496434,10,1010123456009,77,,1,0,2,1,0,,6.22222,63,184317,0.0165141,22,0,5.5,,1.0566,53,0,0.1,22,31.8182,0,3.84746,31,,-250,52,,0,0,0,4.20755
1604436496684,10,1010123456009,77,,1,0,2,1,0,,6,73,183813,0.0219116,31,0,5,,0,4,0,0,2,100,0,0,0,,-250,56,,0,0,0,0
1604436496934,10,1010123456009,77,,1,0,2,1,0,,6,80,183255,0.0212048,30,0,0.1,,0,0,0,0,0,0,0,0,0,,-250,62,,0,0,0,0
1604436497184,10,1010123456009,77,,1,0,2,1,0,,3.03125,32,184573,0.006272,13,0,3,,4.21429,14,0,0.1,6,0,0,9.92098,31,,-250,26,,0,0,0,1.71429
1604436497434,10,1010123456009,77,,1,0,2,1,0,,2.39344,61,184387,0.00918876,28,0,5,,0,0,0,0,0,0,0,0,0,,-251,54,,0,0,0,0
1604436497684,10,1010123456009,77,,1,0,2,1,0,,6,49,184009,0.0155502,22,0,3.5,,0,0,0,0,0,0,0,0,0,,-249,48,,0,0,0,0
1604436497934,10,1010123456009,77,,1,0,2,1,0,,1,17,183988,0.00112,5,0,3,,0,0,0,0,0,0,0,0,0,,-250,54,,0,0,0,0
1604436498184,10,1010123456009,77,,1,0,2,1,0,,5.01786,56,183634,0.0147791,25,0,5,,0,0,0,0,0,0,0,0,0,,-250,46,,0,0,0,0
1604436498434,10,1010123456009,77,,1,0,2,1,0,,6,9,183580,0.00212048,3,0,2,,0,2,0,0.1,1,0,0,0,31,,-250,44,,0,0,0,0
1604436498684,10,1010123456009,77,,1,0,2,1,0,,0,0,183580,0,0,0,0.1,,0,0,0,0,0,0,0,0,0,,-250,30,,0,0,0,0
1604436498934,10,1010123456009,77,,1,0,2,1,0,,0,0,183580,0,0,0,0.1,,0,0,0,0,0,0,0,0,0,,-250,48,,0,0,0,0
1604436499184,10,1010123456009,77,,1,0,2,1,0,,16.52,25,184357,0.019008,8,0,9.5,,0,0,0,0,0,0,0,0,0,,-250,42,,0,0,0,0
1604436499434,10,1010123456009,77,,1,0,2,1,0,,21.0405,74,184074,0.108209,32,0,0.1,,0,0,0,0,0,0,0,0,0,,-250,62,,0,0,0,0
1604436499684,10,1010123456009,77,,1,0,2,1,0,,21.381,63,184442,0.0796466,23,0,0.1,,0,0,0,0,0,0,0,0,0,,-250,48,,0,0,0,0
1604436499934,10,1010123456009,77,,1,0,2,1,0,,21.1282,39,184343,0.054747,16,0,1,,0,2,0,0.1,1,0,0,0,31,,-250,48,,0,0,0,0
1604436500184,10,1010123456009,77,,1,0,2,1,0,,0,0,184343,0,0,0,0.1,,0,0,0,0,0,0,0,0,0,,-250,44,,0,0,0,0
1604436500434,10,1010123456009,77,,1,0,2,1,0,,1,18,184322,0.0015743,7,0,3,,0,0,0,0,0,0,0,0,0,,-250,58,,0,0,0,0
1604436500684,10,1010123456009,77,,1,0,2,1,0,,1,59,184250,0.00539759,24,0,5,,0,2,0,0.1,1,0,0,0,31,,-250,48,,0,0,0,0
1604436500934,10,1010123456009,77,,1,0,2,1,0,,6,63,183818,0.0148434,21,0,0.1,,0,0,0,0,0,0,0,0,0,,-251,48,,0,0,0,0
1604436501184,10,1010123456009,77,,1,0,2,1,0,,6,63,183386,0.0183775,26,0,5,,0,0,0,0,0,0,0,0,0,,-250,48,,0,0,0,0
1604436501434,10,1010123456009,77,,1,0,2,1,0,,6,40,184530,0.0120161,17,0,0.1,,0,0,0,0,0,0,0,0,0,,-250,32,,0,0,0,0
1604436501684,10,1010123456009,77,,1,0,2,1,0,,6,56,184134,0.0155502,22,0,0.1,,0,2,0,0.1,1,0,0,0,31,,-250,44,,0,0,0,0
1604436501934,10,1010123456009,77,,1,0,2,1,0,,6,70,183648,0.0190843,27,0,0.1,,0,0,0,0,0,0,0,0,0,,-250,54,,0,0,0,0
1604436502184,10,1010123456009,77,,1,0,2,1,0,,11.1975,81,183747,0.0471968,34,0,7,,4.86667,15,0,0.1,6,0,0,7.56532,31,,-250,68,,0,0,0,1.6
1604436502434,10,1010123456009,77,,1,0,2,1,0,,5.84,50,183386,0.0136867,19,0,5,,0,0,0,0,0,0,0,0,0,,-250,40,,0,0,0,0
1604436502684,10,1010123456009,77,,1,0,2,1,0,,6,46,184476,0.013856,20,0,5,,2.44444,36,0,0.1,15,26.6667,0,5.90798,31,,-250,38,,0,0,0,3.08333
1604436502934,10,1010123456009,77,,1,0,2,1,0,,4.72727,55,184134,0.0140723,24,0,3,,0,0,0,0,0,0,0,0,0,,-250,50,,0,0,0,0
1604436503184,10,1010123456009,77,,1,0,2,1,0,,8.29412,68,183421,0.026249,26,0,6,,0,0,0,0,0,0,0,0,0,,-250,50,,0,0,0,0
1604436503434,10,1010123456009,77,,1,0,2,1,0,,9.46667,45,184251,0.0217831,19,0,0.1,,3.78947,19,0,0.1,8,0,0,6.39018,31,,-249,38,,0,0,0,1.42105
1604436503684,10,1010123456009,77,,1,0,2,1,0,,4.40678,59,183932,0.0129799,24,0,4,,0,0,0,0,0,0,0,0,0,,-250,50,,0,0,0,0
1604436503934,10,1010123456009,77,,1,0,2,1,0,,4,50,183690,0.0101205,21,0,0.1,,0,0,0,0,0,0,0,0,0,,-250,44,,0,0,0,0
1604436504184,10,1010123456009,77,,1,0,2,1,0,,7.14545,55,183210,0.0186345,22,0,5,,0,0,0,0,0,0,0,0,0,,-250,42,,0,0,0,0
1604436504434,10,1010123456009,77,,1,0,2,1,0,,6.53125,64,184162,0.01888,25,0,3,,0,0,0,0,0,0,0,0,0,,-251,54,,0,0,0,0
1604436504684,10,1010123456009,77,,1,0,2,1,0,,0,0,184162,0,0,0,0.1,,0,0,0,0,0,0,0,0,0,,-249,42,,0,0,0,0
1604436504934,10,1010123456009,77,,1,0,2,1,0,,0,0,184162,0,0,0,2,,0,0,0,0,0,0,0,0,0,,-250,50,,0,0,0,0
1604436505184,10,1010123456009,77,,1,0,2,1,0,,21.0909,22,183346,0.024032,7,0,11,,0,0,0,0,0,0,0,0,0,,-250,32,,0,0,0,0
1604436505434,10,1010123456009,77,,1,0,4,1,0,,21.4559,68,183234,0.141237,28,0,0.1,,0,0,0,0,0,0,0,0,0,,-250,82,,0,0,0,0
1604436505684,10,1010123456009,77,,1,0,4,1,0,,10.5102,49,183984,0.0782008,22,0,6,,0,0,0,0,0,0,0,0,0,,-250,88,,0,0,0,0
1604436505934,10,1010123456009,77,,1,0,4,1,0,,0.1,54,183837,0.0077751,22,0,0.1,,0,0,0,0,0,0,0,0,0,,-250,84,,0,0,0,0
1604436506184,10,1010123456009,77,,1,0,4,1,0,,3.73913,46,183354,0.016736,17,0,4,,0,2,0,0.1,1,0,0,0,31,,-250,72,,0,0,0,0
1604436506434,10,1010123456009,77,,1,0,4,1,0,,2.82759,58,184282,0.020224,25,0,2,,0,0,0,0,0,0,0,0,0,,-250,96,,0,0,0,0
1604436506684,10,1010123456009,77,,1,0,4,1,0,,6.16393,61,183077,0.0347952,24,0,5,,4,3,0,0.1,1,0,0,9.9846,31,,-250,108,,0,0,0,1
1604436506934,10,1010123456009,77,,1,0,4,1,0,,10,59,184042,0.071743,29,0,0.1,,4.82353,51,224,0.1,21,61.9048,0,4.61948,31,,-250,104,,0,0,0,6.41176
1604436507184,10,1010123456009,77,,1,0,4,1,0,,16.95,60,183412,0.115888,23,0,9,,6.57143,14,0,0.1,5,60,0,2.79792,31,,-250,92,,0,0,0,7.85714
1604436507434,10,1010123456009,77,,1,0,4,1,0,,17.7273,55,184248,0.104353,20,0,0.1,,0.1,3,0,0.1,1,0,0,1.47147,31,,-251,88,,0,0,0,2
1604436507684,10,1010123456009,77,,1,0,4,1,0,,17.4,45,184156,0.103197,20,0,0.1,,0,0,0,0,0,0,0,0,0,,-250,76,,0,0,0,0
1604436507934,10,1010123456009,77,,1,0,4,1,0,,18.8333,48,183628,0.111679,20,0,9,,0,0,0,0,0,0,0,0,0,,-250,80,,0,0,0,0
1604436508184,10,1010123456009,77,,1,0,4,1,0,,23.8367,49,183592,0.194249,22,0,14,,0.1,6,0,0.1,2,50,0,2.30555,31,,-250,84,,0,0,0,5.5
1604436508434,10,1010123456009,77,,1,0,4,1,0,,27.6444,45,184152,0.204916,18,0,0.1,,0,0,0,0,0,0,0,0,0,,-250,76,,0,0,0,0
1604436508684,10,1010123456009,77,,1,0,4,1,0,,27.541,61,184584,0.264225,24,0,0.1,,0,0,0,0,0,0,0,0,0,,-250,96,,0,0,0,0
1604436508934,10,1010123456009,77,,1,0,4,1,0,,27.5,86,184536,0.376867,34,0,0.1,,0,2,0,0.1,1,0,0,0,31,,-250,136,,0,0,0,0
1604436509184,10,1010123456009,77,,1,0,4,1,0,,8.94118,68,184604,0.103264,28,0,4,,0,0,0,0,0,0,0,0,0,,-249,108,,0,0,0,0
1604436509434,10,1010123456009,77,,1,0,4,1,0,,3.32308,65,183953,0.0233574,26,0,2.5,,0,0,0,0,0,0,0,0,0,,-251,108,,0,0,0,0
1604436509684,10,1010123456009,77,,1,0,4,1,0,,2.61538,52,183512,0.0171888,20,0,2,,0,0,0,0,0,0,0,0,0,,-249,84,,0,0,0,0
1604436509934,10,1010123456009,77,,1,0,4,1,0,,2.44444,72,184370,0.022747,30,0,3,,7,20,0,0.1,8,25,0,8.1194,31,,-250,112,,0,0,0,3.2
1604436510184,10,1010123456009,77,,1,0,4,1,0,,2,62,183950,0.016512,24,0,3.33333,,0,0,0,0,0,0,0,0,0,,-251,96,,0,0,0,0
1604436510434,10,1010123456009,77,,1,0,4,1,0,,1.57895,38,183719,0.00899598,14,0,2,,0,0,0,0,0,0,0,0,0,,-249,60,,0,0,0,0
1604436510684,10,1010123456009,77,,1,0,4,1,0,,3.34328,67,184500,0.023616,27,0,3.33333,,0,0,0,0,0,0,0,0,0,,-250,108,,0,0,0,0
1604436510934,10,1010123456009,77,,1,0,4,1,0,,1.33333,57,184150,0.014144,23,0,4,,6.23256,43,0,0.1,17,41.1765,0,5.7458,31,,-250,92,,0,0,0,5.39535
1604436511184,10,1010123456009,77,,1,0,4,1,0,,4,61,183422,0.0256,25,0,4,,0,0,0,0,0,0,0,0,0,,-250,104,,0,0,0,0
1604436511434,10,1010123456009,77,,1,0,4,1,0,,4,39,184406,0.0174779,17,0,0.1,,1.84314,51,0,0.1,21,38.0952,0,5.75897,31,,-250,64,,0,0,0,3.80392
1604436511684,10,1010123456009,77,,1,0,4,1,0,,2.83582,67,183760,0.0219759,25,0,3.5,,0,0,0,0,0,0,0,0,0,,-250,104,,0,0,0,0
1604436511934,10,1010123456009,77,,1,0,4,1,0,,3.45455,66,184440,0.0299438,26,0,1,,4.17241,29,0,0.1,11,9.09091,0,5.65189,31,,-250,104,,0,0,0,2.34483
1604436512184,10,1010123456009,77,,1,0,4,1,0,,0.1,36,184342,0.005632,16,0,0.1,,0,0,0,0,0,0,0,0,0,,-250,56,,0,0,0,0
1604436512434,10,1010123456009,77,,1,0,4,1,0,,0.274194,62,184111,0.0101847,25,0,3,,0,2,0,0.1,1,0,0,0,31,,-250,104,,0,0,0,0
1604436512684,10,1010123456009,77,,1,0,4,1,0,,6,51,183167,0.0336386,22,0,5,,0,0,0,0,0,0,0,0,0,,-250,84,,0,0,0,0
1604436512934,10,1010123456009,77,,1,0,4,1,0,,6,63,183518,0.0377831,24,0,0.1,,3.72,25,0,0.1,10,0,0,7.83589,31,,-250,96,,0,0,0,1
1604436513184,10,1010123456009,77,,1,0,4,1,0,,4.33333,60,184199,0.0260562,22,0,2.5,,1.50877,57,0,0.1,24,20.8333,0,4.82362,31,,-250,92,,0,0,0,3.24561
1604436513434,10,1010123456009,77,,1,0,4,1,0,,4,76,183359,0.0318715,31,0,0.1,,0.1,3,0,0.1,1,0,0,5.34653,31,,-250,120,,0,0,0,1
1604436513684,10,1010123456009,77,,1,0,4,1,0,,4,72,184007,0.027759,27,0,0.1,,2.09091,44,0,0.1,18,0,0,6.97421,31,,-250,112,,0,0,0,1.15909
1604436513934,10,1010123456009,77,,1,0,4,1,0,,4,72,184599,0.0318715,31,0,0.1,,0,2,151,0.1,1,0,0,0,31,,-251,120,,0,0,0,0
1604436514185,10,1010123456009,77,,1,0,4,1,0,,4,49,184011,0.021504,21,0,4,,2.1875,32,0,0.1,13,7.69231,0,6.0671,0,,-250,84,,0,0,0,2.03125
1604436514434,10,1010123456009,77,,1,0,4,1,0,,5.49254,67,184302,0.0386827,27,0,5,,2.63158,38,0,0.1,15,40,0,4.08356,31,,-249,112,,0,0,0,5.13158
1604436514684,10,1010123456009,77,,1,0,4,1,0,,10.4444,54,183852,0.0649639,22,0,10,,2,26,0,0.1,9,55.5556,0,2.39835,0,,-251,84,,0,0,0,6.30769
1604436514934,10,1010123456009,77,,1,0,4,1,0,,19.6133,75,184304,0.16112,27,0,0.1,,0,0,0,0,0,0,0,0,0,,-250,116,,0,0,0,0
1604436515184,10,1010123456009,77,,1,0,4,1,0,,19.4366,71,183248,0.189173,32,0,0.1,,0,0,0,0,0,0,0,0,0,,-250,124,,0,0,0,0
1604436515434,10,1010123456009,77,,1,0,4,1,0,,19.5405,74,183716,0.173655,29,0,0.1,,0,0,0,0,0,0,0,0,0,,-249,112,,0,0,0,0
1604436515684,10,1010123456009,77,,1,0,4,1,0,,18.9692,65,183728,0.141655,25,0,0.1,,0,0,0,0,0,0,0,0,0,,-250,100,,0,0,0,0
1604436515934,10,1010123456009,77,,1,0,4,1,0,,19.6286,70,184368,0.161767,27,0,0.1,,0,0,0,0,0,0,0,0,0,,-250,112,,0,0,0,0
1604436516184,10,1010123456009,77,,1,0,4,1,0,,19.4921,63,182913,0.13645,23,0,0.1,,0,0,0,0,0,0,0,0,0,,-250,96,,0,0,0,0
1604436516434,10,1010123456009,77,,1,0,4,1,0,,19.4857,35,183256,0.0956145,16,0,0.1,,0,0,0,0,0,0,0,0,0,,-249,56,,0,0,0,0
1604436516684,10,1010123456009,77,,1,0,4,1,0,,2.17391,69,184060,0.023136,25,0,2,,0,0,0,0,0,0,0,0,0,,-250,104,,0,0,0,0
1604436516934,10,1010123456009,77,,1,0,4,1,0,,5.33333,81,184164,0.0408996,31,0,6,,0,4,0,0.1,2,0,0,0,31,,-250,128,,0,0,0,0
1604436517184,10,1010123456009,77,,1,0,4,1,0,,7.5,48,184501,0.042112,20,0,5,,5.15385,13,0,0.1,5,0,0,9.47761,31,,-250,76,,0,0,0,1.69231
1604436517434,10,1010123456009,77,,1,0,4,1,0,,6,52,183601,0.0299116,19,0,5,,2.4,5,0,0.1,2,0,0,7.10758,0,,-249,80,,0,0,0,1
1604436517684,10,1010123456009,77,,1,0,4,1,0,,1.38462,65,184637,0.0186024,25,0,1,,0,0,0,0,0,0,0,0,0,,-250,96,,0,0,0,0
1604436517934,10,1010123456009,77,,1,0,4,1,0,,0.181818,55,184455,0.00784,21,0,3,,3.63636,33,0,0.1,11,0,0,9.11447,31,,-250,88,,0,0,0,1
1604436518184,10,1010123456009,77,,1,0,4,1,0,,1,52,184161,0.012672,22,0,0.1,,0,0,0,0,0,0,0,0,0,,-250,84,,0,0,0,0
1604436518434,10,1010123456009,77,,1,0,4,1,0,,4.9726,73,184429,0.041664,31,0,5,,0,0,0,0,0,0,0,0,0,,-250,120,,0,0,0,0
1604436518684,10,1010123456009,77,,1,0,4,1,0,,3.76271,59,183736,0.02512,23,0,3,,0,0,0,0,0,0,0,0,0,,-250,92,,0,0,0,0
1604436518934,10,1010123456009,77,,1,0,4,1,0,,14.4571,35,183474,0.0507952,13,0,10,,0,2,0,0.1,1,0,0,0,31,,-250,56,,0,0,0,0
1604436519184,10,1010123456009,77,,1,0,4,1,0,,19.2857,70,184086,0.174715,30,0,0.1,,0,6,0,0.1,3,66.6667,0,0,31,,-250,116,,0,0,0,0
1604436519434,10,1010123456009,77,,1,0,4,1,0,,19.2791,43,183961,0.0987309,17,0,0.1,,0,0,0,0,0,0,0,0,0,,-250,68,,0,0,0,0
1604436519684,10,1010123456009,77,,1,0,4,1,0,,23.7111,45,183629,0.151582,18,0,12,,0,0,0,0,0,0,0,0,0,,-250,72,,0,0,0,0
1604436519934,10,1010123456009,77,,1,0,4,1,0,,23.1481,54,184185,0.168864,21,0,0.1,,0,0,0,0,0,0,0,0,0,,-250,84,,0,0,0,0
1604436520184,10,1010123456009,77,,1,0,4,1,0,,23.4138,58,183877,0.189536,23,0,0.1,,0,0,0,0,0,0,0,0,0,,-250,96,,0,0,0,0
1604436520435,10,1010123456009,77,,1,0,4,1,0,,10,76,184518,0.128672,31,0,2,,0,0,0,0,0,0,0,0,0,,-251,120,,0,0,0,0
1604436520684,10,1010123456009,77,,1,0,4,1,0,,4.03846,52,183832,0.0232932,21,0,5,,0,4,0,0.1,2,50,0,0,31,,-250,88,,0,0,0,0
1604436520934,10,1010123456009,77,,1,0,4,1,0,,5.73913,46,184447,0.0299116,19,0,0.1,,0,0,0,0,0,0,0,0,0,,-249,76,,0,0,0,0
1604436521184,10,1010123456009,77,,1,0,4,1,0,,0.983607,61,184120,0.009312,23,0,5,,0.1,3,0,0.1,1,0,0,13.39,31,,-251,104,,0,0,0,1
1604436521434,10,1010123456009,77,,1,0,4,1,0,,6,61,184472,0.0409317,26,0,5,,1.90476,42,0,0.1,17,0,0,8.08878,31,,-249,92,,0,0,0,1.14286
1604436521684,10,1010123456009,77,,1,0,4,1,0,,20.7708,48,183738,0.1536,20,0,14,,0,0,0,0,0,0,0,0,0,,-250,80,,0,0,0,0
1604436521934,10,1010123456009,77,,1,0,4,1,0,,27.78,50,184186,0.22976,20,0,0.1,,0,0,0,0,0,0,0,0,0,,-250,76,,0,0,0,0
1604436522184,10,1010123456009,77,,1,0,4,1,0,,9.61539,65,184433,0.087232,26,0,5,,0,0,0,0,0,0,0,0,0,,-251,104,,0,0,0,0
1604436522434,10,1010123456009,77,,1,0,4,1,0,,6,56,183488,0.0330602,21,0,0.1,,0,0,0,0,0,0,0,0,0,,-249,84,,0,0,0,0
1604436522684,10,1010123456009,77,,1,0,4,1,0,,6,41,184200,0.025088,16,0,5,,5.86957,23,0,0.1,10,20,0,7.74532,31,,-251,64,,0,0,0,2.65217
1604436522934,10,1010123456009,77,,1,0,4,1,0,,3.10526,38,183790,0.0152289,16,0,3,,0,0,0,0,0,0,0,0,0,,-250,64,,0,0,0,0
1604436523184,10,1010123456009,77,,1,0,4,1,0,,2.70455,44,183352,0.0163855,18,0,5,,0,0,0,0,0,0,0,0,0,,-249,72,,0,0,0,0
1604436523434,10,1010123456009,77,,1,0,4,1,0,,3.96774,62,184008,0.027904,24,0,2,,5.15,40,0,0.1,16,18.75,0,10.2118,31,,-250,96,,0,0,0,2.85
1604436523684,10,1010123456009,77,,1,0,4,1,0,,10.3778,45,184047,0.046912,18,0,7,,4.66667,27,0,0.1,10,20,0,5.74934,31,,-251,72,,0,0,0,3.22222
1604436523934,10,1010123456009,77,,1,0,4,1,0,,13.3448,58,184216,0.0826024,21,0,6,,0,0,0,0,0,0,0,0,0,,-250,96,,0,0,0,0
1604436524184,10,1010123456009,77,,1,0,4,1,0,,7.33333,54,184249,0.053751,25,0,4.75,,4.54167,24,0,0.1,10,20,0,9.19725,31,,-250,92,,0,0,0,2.75
1604436524434,10,1010123456009,77,,1,0,4,1,0,,4.44,50,183494,0.0278233,20,0,2,,0,0,0,0,0,0,0,0,0,,-249,84,,0,0,0,0
1604436524684,10,1010123456009,77,,1,0,4,1,0,,1.45833,48,184595,0.013376,20,0,4,,8.2,15,0,0.1,6,0,0,11.9725,31,,-250,76,,0,0,0,2
1604436524934,10,1010123456009,77,,1,0,4,1,0,,12.8929,56,184553,0.0970602,25,0,8.33333,,0,0,0,0,0,0,0,0,0,,-250,96,,0,0,0,0
1604436525184,10,1010123456009,77,,1,0,4,1,0,,6.25806,31,183686,0.029376,12,0,2,,0,0,0,0,0,0,0,0,0,,-250,48,,0,0,0,0
1604436525434,10,1010123456009,77,,1,0,4,1,0,,8.875,48,183838,0.038747,18,0,5,,0,0,0,0,0,0,0,0,0,,-250,80,,0,0,0,0
1604436525684,10,1010123456009,77,,1,0,4,1,0,,7.77778,45,184218,0.0411888,21,0,4,,8.8,25,0,0.1,10,80,0,5.45171,31,,-250,76,,0,0,0,8.2
1604436525934,10,1010123456009,77,,1,0,4,1,0,,8.18182,66,183960,0.0577992,27,0,7.33333,,1.82143,28,0,0.1,11,0,0,9.84086,31,,-250,108,,0,0,0,1.32143
1604436526184,10,1010123456009,77,,1,0,4,1,0,,5.70833,48,184462,0.0299438,18,0,4,,0,0,0,0,0,0,0,0,0,,-250,76,,0,0,0,0
1604436526434,10,1010123456009,77,,1,0,4,1,0,,6.18182,55,183457,0.0371084,21,0,4.66667,,9,12,0,0,4,100,0,3.20493,0,,-250,84,,0,0,0,10
1604436526684,10,1010123456009,77,,1,0,4,1,0,,0.5,48,183275,0.00636145,18,0,6,,0,0,0,0,0,0,0,0,0,,-250,72,,0,0,0,0
1604436526934,10,1010123456009,77,,1,0,4,1,0,,9.48,50,183370,0.0475502,20,0,4,,7.06667,30,0,0.1,12,0,0,11.2688,31,,-250,76,,0,0,0,1.1
1604436527184,10,1010123456009,77,,1,0,4,1,0,,4.49231,65,183775,0.033992,26,0,6,,8.57143,21,0,0.1,9,11.1111,0,12.0588,31,,-251,108,,0,0,0,2.19048
1604436527434,10,1010123456009,77,,1,0,4,1,0,,9.87342,79,184469,0.0760482,31,0,6,,3.21951,41,0,0.1,16,0,0,9.45792,31,,-250,120,,0,0,0,1.14634
1604436527684,10,1010123456009,77,,1,0,4,1,0,,10,48,184441,0.0494779,20,0,6,,0,0,0,0,0,0,0,0,0,,-250,80,,0,0,0,0
1604436527934,10,1010123456009,77,,1,0,4,1,0,,9.11429,70,184080,0.059502,26,0,5,,3,19,0,0.1,8,0,0,8.10351,31,,-249,108,,0,0,0,1.31579
1604436528184,10,1010123456009,77,,1,0,4,1,0,,6,64,184387,0.0393574,25,0,0.1,,0,0,0,0,0,0,0,0,0,,-250,100,,0,0,0,0
1604436528434,10,1010123456009,77,,1,0,4,1,0,,7.44681,47,183377,0.036192,19,0,6,,0,0,0,0,0,0,0,0,0,,-251,72,,0,0,0,0
1604436528684,10,1010123456009,77,,1,0,4,1,0,,10.7619,63,184153,0.0679518,25,0,6.5,,4.30769,39,0,0.1,16,37.5,0,4.33108,31,,-249,104,,0,0,0,5.02564
1604436528934,10,1010123456009,77,,1,0,4,1,0,,15.1385,65,183562,0.112932,27,0,9,,7,3,0,0.1,1,0,0,3.92074,0,,-250,108,,0,0,0,3
1604436529184,10,1010123456009,77,,1,0,4,1,0,,17.4314,51,183309,0.107855,21,0,5,,0,0,0,0,0,0,0,0,0,,-250,80,,0,0,0,0
1604436529434,10,1010123456009,77,,1,0,4,1,0,,0.933333,45,184494,0.0103775,19,0,1,,0,2,0,0.1,1,0,0,0,31,,-250,76,,0,0,0,0
1604436529684,10,1010123456009,77,,1,0,4,1,0,,0.1,36,184396,0.004576,13,0,0.1,,0,0,0,0,0,0,0,0,0,,-251,56,,0,0,0,0
1604436529934,10,1010123456009,77,,1,0,4,1,0,,8.24615,65,184343,0.0491245,25,0,6,,0,2,0,0,1,100,0,0,0,,-250,100,,0,0,0,0
1604436530184,10,1010123456009,77,,1,0,4,1,0,,8.86364,44,184634,0.040996,18,0,4.66667,,2.28889,45,0,0.1,18,5.55556,0,7.83992,31,,-249,68,,0,0,0,1.82222
1604436530434,10,1010123456009,77,,1,0,4,1,0,,11.6792,53,184278,0.0568996,19,0,0.1,,0,0,0,0,0,0,0,0,0,,-250,80,,0,0,0,0
1604436530684,10,1010123456009,77,,1,0,4,1,0,,3.48387,62,183508,0.0309398,25,0,0.1,,0,0,0,0,0,0,0,0,0,,-250,96,,0,0,0,0
1604436530934,10,1010123456009,77,,1,0,4,1,0,,8.14286,70,183303,0.0560643,27,0,6,,6.43478,23,0,0.1,9,44.4444,0,5.6064,31,,-250,108,,0,0,0,5.30435
1604436531184,10,1010123456009,77,,1,0,4,1,0,,5.28358,67,183708,0.032928,23,0,3.5,,0,0,0,0,0,0,0,0,0,,-250,100,,0,0,0,0
1604436531434,10,1010123456009,77,,1,0,4,1,0,,6,65,183925,0.0440803,28,0,5,,4,3,0,0.1,1,0,0,10.6324,31,,-250,108,,0,0,0,1
1604436531684,10,1010123456009,77,,1,0,4,1,0,,6,50,184412,0.0346345,22,0,0.1,,7.15789,19,0,0.1,8,50,0,7.00079,31,,-250,84,,0,0,0,4.78947
1604436531934,10,1010123456009,77,,1,0,4,1,0,,6,74,184539,0.045472,29,0,5,,0,0,0,0,0,0,0,0,0,,-250,116,,0,0,0,0
1604436532184,10,1010123456009,77,,1,0,4,1,0,,6,60,183459,0.034496,22,0,0.1,,0,0,0,0,0,0,0,0,0,,-250,96,,0,0,0,0
1604436532434,10,1010123456009,77,,1,0,4,1,0,,6.61538,52,183906,0.0348594,21,0,6,,0,0,0,0,0,0,0,0,0,,-250,80,,0,0,0,0
1604436532684,10,1010123456009,77,,1,0,4,1,0,,10.3793,58,183320,0.0675341,26,0,6.5,,0,0,0,0,0,0,0,0,0,,-250,104,,0,0,0,0
1604436532934,10,1010123456009,77,,1,0,4,1,0,,11.8833,60,183895,0.076755,25,0,0.1,,5.23077,13,0,0.1,5,0,0,8.85747,31,,-250,100,,0,0,0,1.23077
1604436533184,10,1010123456009,77,,1,0,4,1,0,,11.1273,55,183287,0.068992,24,0,6,,0,0,0,0,0,0,0,0,0,,-250,96,,0,0,0,0
1604436533434,10,1010123456009,77,,1,0,4,1,0,,9.52778,72,184094,0.067072,28,0,6,,0,0,0,0,0,0,0,0,0,,-250,116,,0,0,0,0
1604436533684,10,1010123456009,77,,1,0,4,1,0,,8.81081,37,184571,0.0375582,17,0,5,,1.7234,47,0,0.1,19,10.5263,0,7.09341,31,,-251,60,,0,0,0,2.21277
1604436533934,10,1010123456009,77,,1,0,4,1,0,,6,59,183491,0.0362088,23,0,0.1,,2,3,0,0.1,1,0,0,1.42736,31,,-250,96,,0,0,0,5
1604436534184,10,1010123456009,77,,1,0,4,1,0,,5.60714,56,183973,0.032996,22,0,4,,0,0,0,0,0,0,0,0,0,,-250,92,,0,0,0,0
1604436534434,10,1010123456009,77,,1,0,4,1,0,,5.85507,69,184224,0.0403213,27,0,5,,0,0,0,0,0,0,0,0,0,,-250,108,,0,0,0,0
1604436534684,10,1010123456009,77,,1,0,4,1,0,,23.4516,31,183820,0.102233,14,0,12,,0,0,0,0,0,0,0,0,0,,-250,52,,0,0,0,0
1604436534934,10,1010123456009,77,,1,0,4,1,0,,23.4194,62,184168,0.223711,27,0,0.1,,0,0,0,0,0,0,0,0,0,,-250,108,,0,0,0,0
1604436535184,10,1010123456009,77,,1,0,4,1,0,,19.7059,51,183524,0.117044,19,0,10,,0,0,0,0,0,0,0,0,0,,-249,76,,0,0,0,0
1604436535434,10,1010123456009,77,,1,0,4,1,0,,17.1905,63,183919,0.129317,25,0,7,,0,0,0,0,0,0,0,0,0,,-251,104,,0,0,0,0
1604436535684,10,1010123456009,77,,1,0,4,1,0,,8.61818,55,183943,0.0518233,23,0,5.5,,0.1,3,0,0.1,1,0,0,7.98228,31,,-250,88,,0,0,0,1
1604436535934,10,1010123456009,77,,1,0,4,1,0,,9.9,60,183779,0.0565783,23,0,7.5,,7.39474,38,0,0.1,16,25,0,8.21263,31,,-250,88,,0,0,0,3.10526
1604436536184,10,1010123456009,77,,1,0,4,1,0,,15.8615,65,184508,0.118426,26,0,7,,3.125,32,0,0.1,13,30.7692,0,4.79306,31,,-249,104,,0,0,0,4.125
1604436536434,10,1010123456009,77,,1,0,4,1,0,,7.82222,45,183246,0.0431165,20,0,3,,0,2,0,0.1,1,0,0,0,31,,-251,80,,0,0,0,0
1604436536684,10,1010123456009,77,,1,0,4,1,0,,9.75758,66,184242,0.0633574,26,0,6,,0,0,0,0,0,0,0,0,0,,-249,104,,0,0,0,0
1604436536934,10,1010123456009,77,,1,0,4,1,0,,9.55224,67,183630,0.0692691,28,0,6.5,,4.86667,15,0,0.1,6,0,0,8.30066,31,,-250,112,,0,0,0,1
1604436537184,10,1010123456009,77,,1,0,4,1,0,,11.7273,55,183170,0.0572851,19,0,7,,0,0,0,0,0,0,0,0,0,,-249,84,,0,0,0,0
1604436537434,10,1010123456009,77,,1,0,4,1,0,,8.65958,47,184659,0.0529478,22,0,3,,0,0,0,0,0,0,0,0,0,,-250,80,,0,0,0,0
1604436537684,10,1010123456009,77,,1,0,4,1,0,,1,30,184491,0.00693976,12,0,0.1,,0,0,0,0,0,0,0,0,0,,-250,48,,0,0,0,0
1604436537934,10,1010123456009,77,,1,0,4,1,0,,2.55172,29,184205,0.0107309,12,0,6,,0,0,0,0,0,0,0,0,0,,-250,48,,0,0,0,0
1604436538184,10,1010123456009,77,,1,0,4,1,0,,13.6724,58,184299,0.0896064,23,0,7.66667,,4.16667,18,0,0.1,7,0,0,7.46537,31,,-250,96,,0,0,0,1.11111
1604436538434,10,1010123456009,77,,1,0,4,1,0,,18.8553,76,183336,0.175712,31,0,10,,4,3,0,0.1,1,0,0,9.82802,31,,-250,120,,0,0,0,1
1604436538684,10,1010123456009,77,,1,0,4,1,0,,18.2414,58,184053,0.118426,22,0,8,,4.36,25,0,0.1,10,10,0,9.48647,31,,-250,88,,0,0,0,1.72
1604436538934,10,1010123456009,77,,1,0,4,1,0,,11.8533,75,184175,0.0888353,29,0,7,,0,0,0,0,0,0,0,0,0,,-250,120,,0,0,0,0
1604436539184,10,1010123456009,77,,1,0,4,1,0,,7.55172,58,183563,0.0712932,23,0,5.66667,,0,0,0,0,0,0,0,0,0,,-250,96,,0,0,0,0
1604436539434,10,1010123456009,77,,1,0,4,1,0,,8.97101,69,184542,0.0616225,28,0,7,,0,0,0,0,0,0,0,0,0,,-250,108,,0,0,0,0
1604436539684,10,1010123456009,77,,1,0,4,1,0,,11.1186,59,183410,0.0887068,25,0,8.66667,,0,0,0,0,0,0,0,0,0,,-250,96,,0,0,0,0
1604436539934,10,1010123456009,77,,1,0,4,1,0,,18.7761,67,183952,0.16739,26,0,8,,0,0,0,0,0,0,0,0,0,,-250,108,,0,0,0,0
1604436540184,10,1010123456009,77,,1,0,4,1,0,,12.8571,35,183984,0.0499598,15,0,10,,3.08889,45,0,0.1,18,38.8889,0,4.17966,31,,-251,56,,0,0,0,4.62222
1604436540434,10,1010123456009,77,,1,0,4,1,0,,19.8222,45,183324,0.116273,19,0,10,,0,0,0,0,0,0,0,0,0,,-250,76,,0,0,0,0
1604436540684,10,1010123456009,77,,1,0,4,1,0,,19.6389,36,183448,0.0904418,15,0,11,,6,32,0,0.1,13,15.3846,0,8.15558,31,,-250,60,,0,0,0,3.0625
1604436540934,10,1010123456009,77,,1,0,4,1,0,,22.8154,65,183141,0.192257,24,0,11,,0,0,0,0,0,0,0,0,0,,-249,100,,0,0,0,0
1604436541184,10,1010123456009,77,,1,0,4,1,0,,19.8846,52,183724,0.12196,20,0,0.1,,0,0,0,0,0,0,0,0,0,,-249,80,,0,0,0,0
1604436541434,10,1010123456009,77,,1,0,4,1,0,,19.8235,51,184136,0.128161,21,0,0.1,,0,2,0,0.1,1,0,0,0,31,,-249,84,,0,0,0,0
1604436541684,10,1010123456009,77,,1,0,4,1,0,,17.3333,39,184655,0.083456,16,0,8.5,,0,0,0,0,0,0,0,0,0,,-250,60,,0,0,0,0
1604436541934,10,1010123456009,77,,1,0,4,1,0,,13.2807,57,183596,0.082848,23,0,8.6,,6.13333,15,0,0.1,6,0,0,9.76433,31,,-251,92,,0,0,0,1.13333
1604436542184,10,1010123456009,77,,1,0,4,1,0,,3.8125,32,184555,0.0164177,11,0,5.66667,,0,0,0,0,0,0,0,0,0,,-249,48,,0,0,0,0
1604436542434,10,1010123456009,77,,1,0,4,1,0,,0.1,64,184373,0.00918876,26,0,0.1,,0,0,0,0,0,0,0,0,0,,-250,104,,0,0,0,0
1604436542684,10,1010123456009,77,,1,0,4,1,0,,0.1,54,184219,0.0077751,22,0,10,,0,0,0,0,0,0,0,0,0,,-251,88,,0,0,0,0
1604436542934,10,1010123456009,77,,1,0,4,1,0,,17.4694,49,184068,0.100241,20,0,8.33333,,0,2,0,0.1,1,0,0,0,31,,-249,76,,0,0,0,0
1604436543184,10,1010123456009,77,,1,0,4,1,0,,14.589,73,184610,0.122442,29,0,6,,4.57895,19,0,0.1,8,12.5,0,8.58289,31,,-250,120,,0,0,0,2.57895
1604436543434,10,1010123456009,77,,1,0,4,1,0,,10,73,183925,0.0742169,30,0,0.1,,0,0,0,0,0,0,0,0,0,,-250,116,,0,0,0,0
1604436543684,10,1010123456009,77,,1,0,4,1,0,,9.31507,73,183476,0.063648,27,0,6,,0,0,0,0,0,0,0,0,0,,-250,108,,0,0,0,0
1604436543934,10,1010123456009,77,,1,0,4,1,0,,0.1,34,183385,0.00459438,13,0,1,,0,0,0,0,0,0,0,0,0,,-250,52,,0,0,0,0
1604436544184,10,1010123456009,77,,1,0,4,1,0,,16.2414,58,184365,0.109944,22,0,10,,2.58065,31,0,0.1,13,7.69231,0,7.17545,31,,-250,88,,0,0,0,1.64516
1604436544434,10,1010123456009,77,,1,0,4,1,0,,19.9143,70,183429,0.172594,28,0,0.1,,0,0,0,0,0,0,0,0,0,,-250,112,,0,0,0,0
1604436544684,10,1010123456009,77,,1,0,4,1,0,,15.7571,70,183924,0.12604,27,0,7,,2.81081,37,0,0.1,15,13.3333,0,7.88863,31,,-250,108,,0,0,0,2.2973
1604436544934,10,1010123456009,77,,1,0,4,1,0,,11.9574,47,183694,0.0557108,18,0,0.1,,0,0,0,0,0,0,0,0,0,,-250,72,,0,0,0,0
1604436545184,10,1010123456009,77,,1,0,4,1,0,,12,41,183545,0.0529799,17,0,7,,0,0,0,0,0,0,0,0,0,,-250,68,,0,0,0,0
1604436545434,10,1010123456009,77,,1,0,4,1,0,,12,75,183712,0.0841446,27,0,7,,0,0,0,0,0,0,0,0,0,,-250,116,,0,0,0,0
1604436545684,10,1010123456009,77,,1,0,4,1,0,,11.3692,65,184269,0.0838233,29,0,0.1,,0,0,0,0,0,0,0,0,0,,-250,108,,0,0,0,0
1604436545934,10,1010123456009,77,,1,0,4,1,0,,8.64179,67,184014,0.0574137,25,0,4,,5.46667,15,0,0.1,6,0,0,9.59708,31,,-250,100,,0,0,0,1.13333
1604436546184,10,1010123456009,77,,1,0,4,1,0,,14.9394,33,184446,0.0802249,15,0,9.33333,,0,0,0,0,0,0,0,0,0,,-250,60,,0,0,0,0
1604436546434,10,1010123456009,77,,1,0,4,1,0,,12,67,183460,0.0779116,25,0,0.1,,0,0,0,0,0,0,0,0,0,,-250,104,,0,0,0,0
1604436546684,10,1010123456009,77,,1,0,4,1,0,,16.7049,61,183459,0.132659,25,0,14,,0,0,0,0,0,0,0,0,0,,-251,100,,0,0,0,0
1604436546934,10,1010123456009,77,,1,0,4,1,0,,22.9516,62,184419,0.215197,26,0,11,,0,0,0,0,0,0,0,0,0,,-250,100,,0,0,0,0
1604436547184,10,1010123456009,77,,1,0,4,1,0,,26.6437,87,184055,0.373398,34,0,15,,0,0,0,0,0,0,0,0,0,,-250,140,,0,0,0,0
1604436547434,10,1010123456009,77,,1,0,4,1,0,,26,64,183531,0.262876,26,0,12,,0,0,0,0,0,0,0,0,0,,-249,100,,0,0,0,0
1604436547684,10,1010123456009,77,,1,0,4,1,0,,14.5577,52,183282,0.10256,21,0,6.33333,,0,0,0,0,0,0,0,0,0,,-251,84,,0,0,0,0
1604436547934,10,1010123456009,77,,1,0,4,1,0,,13.0357,56,183612,0.0841125,22,0,6.5,,2.5,46,0,0.1,18,16.6667,0,5.09781,31,,-249,92,,0,0,0,2.76087
1604436548184,10,1010123456009,77,,1,0,4,1,0,,0.126582,79,183367,0.0120803,31,0,0.1,,0,0,0,0,0,0,0,0,0,,-249,124,,0,0,0,0
1604436548434,10,1010123456009,77,,1,0,4,1,0,,24.1667,36,183723,0.121703,14,0,11.6667,,5.70833,24,0,0.1,10,40,0,4.07038,31,,-250,56,,0,0,0,4.91667
1604436548684,10,1010123456009,77,,1,0,4,1,0,,18.0606,33,184366,0.080448,14,0,7,,0,0,0,0,0,0,0,0,0,,-250,52,,0,0,0,0
1604436548934,10,1010123456009,77,,1,0,4,1,0,,11.9048,63,183497,0.0771406,25,0,7,,1.62791,43,0,0.1,17,0,0,5.29032,31,,-250,100,,0,0,0,1.13953
1604436549184,10,1010123456009,77,,1,0,4,1,0,,11.8919,74,183421,0.0985703,32,0,0.1,,0,0,0,0,0,0,0,0,0,,-250,128,,0,0,0,0
1604436549434,10,1010123456009,77,,1,0,4,1,0,,11.7419,62,183949,0.0783293,26,0,7,,0,0,0,0,0,0,0,0,0,,-250,104,,0,0,0,0
1604436549684,10,1010123456009,77,,1,0,4,1,0,,11.8718,39,183917,0.045792,15,0,7,,2.55556,36,0,0.1,15,13.3333,0,4.64064,31,,-250,64,,0,0,0,2.47222
1604436549934,10,1010123456009,77,,1,0,4,1,0,,11.2941,68,184442,0.0813815,27,0,1,,0,0,0,0,0,0,0,0,0,,-249,108,,0,0,0,0
1604436550184,10,1010123456009,77,,1,0,4,1,0,,9.27869,61,183759,0.064,24,0,10.5,,0,0,0,0,0,0,0,0,0,,-251,96,,0,0,0,0
1604436550434,10,1010123456009,77,,1,0,4,1,0,,23.0727,55,183851,0.192257,24,0,11,,0,0,0,0,0,0,0,0,0,,-250,92,,0,0,0,0
1604436550684,10,1010123456009,77,,1,0,4,1,0,,18.8475,59,183736,0.145414,24,0,6,,0,0,0,0,0,0,0,0,0,,-249,96,,0,0,0,0
1604436550934,10,1010123456009,77,,1,0,4,1,0,,9.81481,54,183655,0.0513092,21,0,0.1,,0,0,0,0,0,0,0,0,0,,-250,84,,0,0,0,0
1604436551184,10,1010123456009,77,,1,0,4,1,0,,12.1176,68,183619,0.088448,26,0,9,,1.67273,55,0,0.1,22,13.6364,0,6.37738,31,,-250,108,,0,0,0,2.34545
1604436551434,10,1010123456009,77,,1,0,4,1,0,,19.6567,67,182946,0.16453,25,0,9,,0,0,0,0,0,0,0,0,0,,-250,100,,0,0,0,0
1604436551684,10,1010123456009,77,,1,0,4,1,0,,12.75,60,184329,0.103904,24,0,7,,0,0,0,0,0,0,0,0,0,,-250,92,,0,0,0,0
1604436551934,10,1010123456009,77,,1,0,4,1,0,,21.5893,56,183760,0.156691,21,0,7,,0,0,0,0,0,0,0,0,0,,-250,88,,0,0,0,0
1604436552184,10,1010123456009,77,,1,0,4,1,0,,17.102,49,183414,0.0941687,19,0,11,,0,0,0,0,0,0,0,0,0,,-250,80,,0,0,0,0
1604436552434,10,1010123456009,77,,1,0,4,1,0,,21.6721,61,183586,0.183036,25,0,11,,0,0,0,0,0,0,0,0,0,,-250,100,,0,0,0,0
1604436552684,10,1010123456009,77,,1,0,4,1,0,,21.4944,89,183513,0.248384,34,0,7,,0,0,0,0,0,0,0,0,0,,-250,132,,0,0,0,0
1604436552934,10,1010123456009,77,,1,0,4,1,0,,16.6863,51,184512,0.111743,22,0,10,,0,0,0,0,0,0,0,0,0,,-250,84,,0,0,0,0
1604436553184,10,1010123456009,77,,1,0,4,1,0,,15.1042,48,184488,0.0957751,21,0,8.75,,0,0,0,0,0,0,0,0,0,,-250,84,,0,0,0,0
1604436553434,10,1010123456009,77,,1,0,4,1,0,,14.1625,80,184103,0.15502,32,0,6.25,,0,2,0,0.1,1,0,0,0,31,,-251,128,,0,0,0,0
1604436553684,10,1010123456009,77,,1,0,4,1,0,,9.6,50,184042,0.04832,20,0,5.33333,,0,0,0,0,0,0,0,0,0,,-250,84,,0,0,0,0
1604436553934,10,1010123456009,77,,1,0,4,1,0,,8.8,55,184093,0.0468755,22,0,6,,9.75,8,0,0.1,3,0,0,9.84544,31,,-250,88,,0,0,0,1.375
1604436554184,10,1010123456009,77,,1,0,4,1,0,,17.1833,60,183214,0.122506,23,0,9.5,,0,0,0,0,0,0,0,0,0,,-249,92,,0,0,0,0
1604436554434,10,1010123456009,77,,1,0,4,1,0,,8.40816,49,183371,0.0467791,20,0,3,,0,0,0,0,0,0,0,0,0,,-251,80,,0,0,0,0
1604436554684,10,1010123456009,77,,1,0,4,1,0,,9.68421,57,184657,0.0538153,23,0,6,,4.92308,52,0,0.1,20,30,0,6.43332,31,,-249,88,,0,0,0,4.07692
1604436554934,10,1010123456009,77,,1,0,4,1,0,,23.3115,61,184049,0.206464,24,0,8.33333,,5.04255,47,0,0.1,19,21.0526,0,6.62929,31,,-250,96,,0,0,0,3.65957
1604436555184,10,1010123456009,77,,1,0,4,1,0,,12.4355,62,183783,0.10249,24,0,8.8,,0,0,0,0,0,0,0,0,0,,-250,100,,0,0,0,0
1604436555434,10,1010123456009,77,,1,0,4,1,0,,13.1176,68,184657,0.115245,27,0,8.5,,0,0,0,0,0,0,0,0,0,,-250,104,,0,0,0,0
1604436555684,10,1010123456009,77,,1,0,4,1,0,,7.7381,42,183242,0.0453655,16,0,5.75,,0,2,0,0.1,1,0,0,0,31,,-250,68,,0,0,0,0
1604436555934,10,1010123456009,77,,1,0,4,1,0,,7.14286,77,184524,0.0571566,31,0,5.5,,0,2,0,0.1,1,0,0,0,31,,-250,120,,0,0,0,0
1604436556184,10,1010123456009,77,,1,0,4,1,0,,8.83721,43,183360,0.0397108,18,0,6,,5.78947,38,0,0.1,15,0,0,11.0094,31,,-250,72,,0,0,0,1.05263
1604436556434,10,1010123456009,77,,1,0,4,1,0,,7.96721,61,183315,0.0506667,25,0,5.33333,,7.05882,17,0,0.1,7,14.2857,0,9.35337,31,,-250,100,,0,0,0,3.52941
1604436556684,10,1010123456009,77,,1,0,4,1,0,,10.9429,70,184492,0.101504,27,0,9,,0,0,0,0,0,0,0,0,0,,-251,112,,0,0,0,0
1604436556934,10,1010123456009,77,,1,0,4,1,0,,8.26866,67,184271,0.0571566,27,0,5.5,,10.1538,13,0,0.1,5,80,0,3.29423,0,,-249,108,,0,0,0,8.76923
1604436557184,10,1010123456009,77,,1,0,4,1,0,,9.63265,49,184281,0.0498313,21,0,6,,6.70588,17,0,0.1,8,50,0,5.68862,31,,-250,80,,0,0,0,5.82353
1604436557434,10,1010123456009,77,,1,0,4,1,0,,6.60377,53,183311,0.0337349,20,0,4.66667,,0,0,0,0,0,0,0,0,0,,-250,80,,0,0,0,0
1604436557684,10,1010123456009,77,,1,0,4,1,0,,10.6364,66,183488,0.0853012,27,0,7.66667,,0.1,3,0,0.1,1,0,0,13.4065,31,,-250,116,,0,0,0,1
1604436557934,10,1010123456009,77,,1,0,4,1,0,,6.41176,68,183666,0.0485783,28,0,5,,0,0,0,0,0,0,0,0,0,,-250,104,,0,0,0,0
1604436558184,10,1010123456009,77,,1,0,4,1,0,,12.5694,72,184464,0.11616,30,0,8,,9,18,0,0.1,7,28.5714,0,9.72524,31,,-250,120,,0,0,0,4.22222
1604436558434,10,1010123456009,77,,1,0,4,1,0,,16.2444,45,183090,0.085024,17,0,8,,0,0,0,0,0,0,0,0,0,,-250,72,,0,0,0,0
1604436558684,10,1010123456009,77,,1,0,4,1,0,,16.3913,46,184658,0.097248,19,0,8,,0,0,0,0,0,0,0,0,0,,-250,72,,0,0,0,0
1604436558934,10,1010123456009,77,,1,0,4,1,0,,4.36923,65,183722,0.0334137,26,0,3.66667,,0,0,0,0,0,0,0,0,0,,-250,104,,0,0,0,0
1604436559184,10,1010123456009,77,,1,0,4,1,0,,8.67797,59,183610,0.0526908,24,0,6,,4.05405,37,0,0.1,15,26.6667,0,6.70798,31,,-250,96,,0,0,0,3.43243
1604436559434,10,1010123456009,77,,1,0,4,1,0,,5.77465,71,183757,0.045012,29,0,4,,0,0,0,0,0,0,0,0,0,,-250,116,,0,0,0,0
1604436559684,10,1010123456009,77,,1,0,4,1,0,,9.67567,37,184187,0.033992,14,0,8.5,,2.68421,19,0,0.1,7,0,0,9.77166,31,,-250,56,,0,0,0,2.05263
1604436559934,10,1010123456009,77,,1,0,4,1,0,,14.6944,72,183427,0.120643,29,0,6.8,,0,0,0,0,0,0,0,0,0,,-251,116,,0,0,0,0
1604436560184,10,1010123456009,77,,1,0,4,1,0,,7.9625,80,184046,0.0761446,30,0,6,,0,0,0,0,0,0,0,0,0,,-250,124,,0,0,0,0
1604436560434,10,1010123456009,77,,1,0,4,1,0,,13.7377,61,183920,0.0876466,24,0,8,,0,0,0,0,0,0,0,0,0,,-250,100,,0,0,0,0
1604436560684,10,1010123456009,77,,1,0,4,1,0,,11.2692,52,183647,0.0672771,20,0,7,,0,0,0,0,0,0,0,0,0,,-250,76,,0,0,0,0
1604436560934,10,1010123456009,77,,1,0,4,1,0,,9.94594,37,183946,0.0408032,16,0,6.75,,9.33333,9,0,0.1,4,0,0,12.6271,31,,-249,60,,0,0,0,1.88889
1604436561184,10,1010123456009,77,,1,0,4,1,0,,12.619,63,184393,0.080512,24,0,7.4,,0,0,0,0,0,0,0,0,0,,-250,96,,0,0,0,0
1604436561434,10,1010123456009,77,,1,0,4,1,0,,14.9138,58,184230,0.095004,23,0,8.33333,,0,0,0,0,0,0,0,0,0,,-250,96,,0,0,0,0
1604436561684,10,1010123456009,77,,1,0,4,1,0,,16.3793,58,183626,0.120835,25,0,7.4,,7.03571,28,0,0.1,11,0,0,10.2705,31,,-249,96,,0,0,0,1.21429
1604436561934,10,1010123456009,77,,1,0,4,1,0,,11.8235,68,184038,0.078784,26,0,7,,0,0,0,0,0,0,0,0,0,,-250,108,,0,0,0,0
1604436562184,10,1010123456009,77,,1,0,4,1,0,,13.5769,26,184198,0.045494,12,0,8,,0,0,0,0,0,0,0,0,0,,-250,44,,0,0,0,0
1604436562434,10,1010123456009,77,,1,0,4,1,0,,6.92063,63,184109,0.0523373,27,0,5,,0,0,0,0,0,0,0,0,0,,-250,108,,0,0,0,0
1604436562684,10,1010123456009,77,,1,0,4,1,0,,5.51807,83,184059,0.051424,33,0,4.5,,7.61111,18,0,0.1,8,0,0,12.1055,31,,-250,136,,0,0,0,1.11111
1604436562934,10,1010123456009,77,,1,0,4,1,0,,10.8305,59,183539,0.060064,23,0,6.5,,0,0,0,0,0,0,0,0,0,,-250,96,,0,0,0,0
1604436563184,10,1010123456009,77,,1,0,4,1,0,,10.9385,65,184389,0.07024,25,0,6.5,,0,0,0,0,0,0,0,0,0,,-250,96,,0,0,0,0
1604436563434,10,1010123456009,77,,1,0,4,1,0,,4.90196,51,183480,0.0350201,22,0,4,,0,4,0,0.1,2,50,0,0,31,,-251,84,,0,0,0,0
1604436563684,10,1010123456009,77,,1,0,4,1,0,,14.8462,52,183788,0.0818313,19,0,7.75,,10.4,10,0,0.1,4,0,0,16.5204,31,,-249,80,,0,0,0,1.2
1604436563934,10,1010123456009,77,,1,0,4,1,0,,16.5692,65,184016,0.131277,24,0,8,,0,0,0,0,0,0,0,0,0,,-250,100,,0,0,0,0
1604436564184,10,1010123456009,77,,1,0,4,1,0,,14.05,60,184244,0.0941044,25,0,7.66667,,0,0,0,0,0,0,0,0,0,,-250,92,,0,0,0,0
1604436564434,10,1010123456009,77,,1,0,4,1,0,,6.07353,68,184396,0.0426667,26,0,3.5,,0,0,0,0,0,0,0,0,0,,-250,112,,0,0,0,0
1604436564684,10,1010123456009,77,,1,0,4,1,0,,11.1296,54,184048,0.0619438,23,0,7,,4.41176,34,0,0.1,13,23.0769,0,4.17494,31,,-250,84,,0,0,0,3.97059
1604436564934,10,1010123456009,77,,1,0,4,1,0,,12.12,50,183384,0.065824,21,0,7.33333,,0,0,0,0,0,0,0,0,0,,-250,88,,0,0,0,0
1604436565184,10,1010123456009,77,,1,0,4,1,0,,11.863,73,183575,0.0908916,29,0,7,,0,0,0,0,0,0,0,0,0,,-250,116,,0,0,0,0
1604436565434,10,1010123456009,77,,1,0,8,1,0,,20.9333,60,183634,0.22898,23,0,8.66667,,0,0,0,0,0,0,0,0,0,,-250,132,,0,0,0,0
1604436565684,10,1010123456009,77,,1,0,8,1,0,,8.61017,59,183305,0.106763,24,0,4.75,,0,0,0,0,0,0,0,0,0,,-250,188,,0,0,0,0
1604436565934,10,1010123456009,77,,1,0,8,1,0,,7.57534,73,183923,0.116145,29,0,5.5,,2.625,32,0,0.1,12,0,0,6.27596,31,,-250,232,,0,0,0,1.0625
1604436566184,10,1010123456009,77,,1,0,8,1,0,,10,79,184481,0.177056,33,0,6.33333,,0,0,0,0,0,0,0,0,0,,-250,264,,0,0,0,0
1604436566434,10,1010123456009,77,,1,0,8,1,0,,18.9444,72,182670,0.318972,28,0,10.75,,0,0,0,0,0,0,0,0,0,,-251,224,,0,0,0,0
1604436566684,10,1010123456009,77,,1,0,8,1,0,,18.1045,67,183536,0.311165,29,0,8,,0.46,50,0,0.1,19,0,0,5.58915,31,,-250,220,,0,0,0,1.44
1604436566934,10,1010123456009,77,,1,0,8,1,0,,19.6333,60,183380,0.273446,23,0,0.1,,0,0,0,0,0,0,0,0,0,,-249,188,,0,0,0,0
1604436567184,10,1010123456009,77,,1,0,8,1,0,,16.1818,44,184268,0.182361,20,0,8.5,,0,0,0,0,0,0,0,0,0,,-251,136,,0,0,0,0
1604436567434,10,1010123456009,77,,1,0,8,1,0,,15.8596,57,183613,0.196832,21,0,9,,0,2,0,0.1,1,0,0,0,31,,-249,176,,0,0,0,0
1604436567684,10,1010123456009,77,,1,0,8,1,0,,15.5873,63,183661,0.243631,27,0,8.5,,3.42308,26,0,0.1,10,0,0,6.93737,31,,-251,200,,0,0,0,1.23077
1604436567934,10,1010123456009,77,,1,0,8,1,0,,13.7679,56,184141,0.166522,21,0,9,,0,0,0,0,0,0,0,0,0,,-249,168,,0,0,0,0
1604436568184,10,1010123456009,77,,1,0,8,1,0,,14.0213,47,183993,0.145408,20,0,8.5,,0,0,0,0,0,0,0,0,0,,-251,158,,0,0,0,0
1604436568434,10,1010123456009,77,,1,0,8,1,0,,13.925,40,184478,0.130538,17,0,10,,0,0,0,0,0,0,0,0,0,,-250,124,,0,0,0,0
1604436568684,10,1010123456009,77,,1,0,8,1,0,,12.8625,80,184080,0.199357,29,0,8,,3.13333,45,0,0.1,17,17.6471,0,5.49547,31,,-249,224,,0,0,0,3.17778
1604436568934,10,1010123456009,77,,1,0,8,1,0,,13.6667,69,183573,0.201221,27,0,8.5,,0,0,0,0,0,0,0,0,0,,-250,212,,0,0,0,0
1604436569184,10,1010123456009,77,,1,0,8,1,0,,6.73973,73,183343,0.1088,30,0,5,,0,0,0,0,0,0,0,0,0,,-250,224,,0,0,0,0
1604436569434,10,1010123456009,77,,1,0,8,1,0,,6.06122,49,183019,0.0537189,19,0,3.5,,0,0,0,0,0,0,0,0,0,,-250,140,,0,0,0,0
1604436569684,10,1010123456009,77,,1,0,8,1,0,,10.4857,70,183428,0.169639,28,0,7,,2.34783,46,0,0.1,19,0,0,7.41773,31,,-251,232,,0,0,0,1.23913
1604436569934,10,1010123456009,77,,1,0,8,1,0,,13.7833,60,183437,0.198843,27,0,7.5,,0,0,0,0,0,0,0,0,0,,-249,196,,0,0,0,0
1604436570184,10,1010123456009,77,,1,0,8,1,0,,6.25397,63,183918,0.0720964,23,0,7,,0,0,0,0,0,0,0,0,0,,-250,190,,0,0,0,0
1604436570434,10,1010123456009,77,,1,0,8,1,0,,11.7059,51,184354,0.129542,22,0,8,,0,0,0,0,0,0,0,0,0,,-250,168,,0,0,0,0
1604436570684,10,1010123456009,77,,1,0,8,1,0,,13.439,82,184225,0.244948,34,0,10,,3.57692,26,0,0.1,10,0,0,7.89661,31,,-250,248,,0,0,0,1
1604436570934,10,1010123456009,77,,1,0,8,1,0,,13.5932,59,184087,0.187373,24,0,8,,0,0,0,0,0,0,0,0,0,,-250,192,,0,0,0,0
1604436571184,10,1010123456009,77,,1,0,8,1,0,,11.3582,67,183970,0.125408,25,0,8.5,,0,0,0,0,0,0,0,0,0,,-250,196,,0,0,0,0
1604436571434,10,1010123456009,77,,1,0,8,1,0,,16.8958,48,184178,0.205398,21,0,8.5,,0,0,0,0,0,0,0,0,0,,-250,144,,0,0,0,0
1604436571684,10,1010123456009,77,,1,0,8,1,0,,10.3898,59,183362,0.114313,22,0,7,,2.69231,26,0,0.1,10,0,0,5.8934,31,,-250,184,,0,0,0,1.19231
1604436571934,10,1010123456009,77,,1,0,8,1,0,,11.6479,71,184050,0.174072,30,0,7.5,,0,0,0,0,0,0,0,0,0,,-250,216,,0,0,0,0
1604436572184,10,1010123456009,77,,1,0,8,1,0,,10.859,78,184520,0.169312,31,0,8.5,,0,0,0,0,0,0,0,0,0,,-250,248,,0,0,0,0
1604436572434,10,1010123456009,77,,1,0,8,1,0,,15,98,184088,0.335197,39,0,8.5,,0,0,0,0,0,0,0,0,0,,-250,312,,0,0,0,0
1604436572684,10,1010123456009,77,,1,0,8,1,0,,10.3729,59,183148,0.120193,22,0,6.4,,2.15385,39,0,0.1,16,31.25,0,3.53348,31,,-250,172,,0,0,0,4.23077
1604436572934,10,1010123456009,77,,1,0,8,1,0,,10.431,58,183711,0.134811,26,0,7,,0,0,0,0,0,0,0,0,0,,-251,184,,0,0,0,0
1604436573184,10,1010123456009,77,,1,0,8,1,0,,15,65,182970,0.201028,25,0,8.5,,0,0,0,0,0,0,0,0,0,,-249,202,,0,0,0,0
1604436573434,10,1010123456009,77,,1,0,8,1,0,,10.6176,68,183178,0.14657,28,0,7,,0,0,0,0,0,0,0,0,0,,-250,200,,0,0,0,0
1604436573684,10,1010123456009,77,,1,0,8,1,0,,11.1463,82,184397,0.185542,33,0,7.25,,2.87879,33,0,0.1,12,0,0,7.37183,31,,-249,264,,0,0,0,1.36364
1604436573934,10,1010123456009,77,,1,0,8,1,0,,11.8636,66,183605,0.178442,28,0,7.33333,,0,0,0,0,0,0,0,0,0,,-249,208,,0,0,0,0
1604436574184,10,1010123456009,77,,1,0,8,1,0,,10.6338,71,183534,0.144384,30,0,7,,0,2,0,0.1,1,0,0,0,31,,-250,218,,0,0,0,0
1604436574434,10,1010123456009,77,,1,0,8,1,0,,11.1053,57,183561,0.146506,25,0,6.5,,0,0,0,0,0,0,0,0,0,,-250,188,,0,0,0,0
1604436574684,10,1010123456009,77,,1,0,8,1,0,,12.25,72,183396,0.186763,29,0,7.71429,,1.71429,42,0,0.1,17,0,0,7.04904,31,,-250,224,,0,0,0,1.28571
1604436574934,10,1010123456009,77,,1,0,8,1,0,,13.6857,35,184580,0.109301,14,0,8,,0,0,0,0,0,0,0,0,0,,-250,104,,0,0,0,0
1604436575184,10,1010123456009,77,,1,0,8,1,0,,13.5,50,184390,0.147277,20,0,8,,0,0,0,0,0,0,0,0,0,,-250,152,,0,0,0,0
1604436575434,10,1010123456009,77,,1,0,8,1,0,,16.2545,55,183261,0.210784,23,0,9.4,,0,2,0,0.1,1,0,0,0,31,,-250,184,,0,0,0,0
1604436575684,10,1010123456009,77,,1,0,8,1,0,,12.1818,55,183987,0.176964,25,0,7.16667,,10.8571,14,0,0.1,5,80,0,6.02922,0,,-250,192,,0,0,0,8.71429
1604436575934,10,1010123456009,77,,1,0,8,1,0,,13.3485,66,183840,0.192996,27,0,8,,0,0,0,0,0,0,0,0,0,,-250,204,,0,0,0,0
1604436576184,10,1010123456009,77,,1,0,8,1,0,,12.1923,78,183564,0.193568,29,0,6.66667,,4.4,25,0,0.1,10,0,0,7.33165,31,,-250,226,,0,0,0,1.08
1604436576434,10,1010123456009,77,,1,0,8,1,0,,13.7727,44,183982,0.129856,18,0,8,,0.1,3,0,0.1,1,0,0,7.45108,31,,-250,128,,0,0,0,1
1604436576684,10,1010123456009,77,,1,0,8,1,0,,13.3673,49,184096,0.137349,19,0,7.85714,,4.30303,33,0,0.1,14,0,0,8.10014,31,,-250,144,,0,0,0,1.33333
1604436576934,10,1010123456009,77,,1,0,8,1,0,,11.8485,66,184572,0.156819,25,0,7.5,,0,0,0,0,0,0,0,0,0,,-250,216,,0,0,0,0
1604436577184,10,1010123456009,77,,1,0,8,1,0,,12.7917,72,184480,0.205494,29,0,7.83333,,0,0,0,0,0,0,0,0,0,,-250,208,,0,0,0,0
1604436577434,10,1010123456009,77,,1,0,8,1,0,,12.8333,66,183346,0.180723,27,0,7.8,,0,0,0,0,0,0,0,0,0,,-250,200,,0,0,0,0
1604436577684,10,1010123456009,77,,1,0,8,1,0,,13.942,69,183496,0.229815,29,0,8,,5.76471,34,0,0.1,13,0,0,10.5945,31,,-250,228,,0,0,0,1
1604436577934,10,1010123456009,77,,1,0,8,1,0,,13.4085,71,183932,0.212562,28,0,8,,4,3,0,0.1,1,0,0,10.5342,31,,-250,232,,0,0,0,1
1604436578184,10,1010123456009,77,,1,0,8,1,0,,13.5,70,183715,0.20256,28,0,8,,0,0,0,0,0,0,0,0,0,,-250,202,,0,0,0,0
1604436578434,10,1010123456009,77,,1,0,8,1,0,,13.2405,79,184097,0.221888,32,0,8,,0,2,0,0.1,1,0,0,0,31,,-250,238,,0,0,0,0
1604436578684,10,1010123456009,77,,1,0,8,1,0,,13.3069,101,184165,0.271871,38,0,8,,4.13636,44,0,0.1,18,0,0,10.9447,31,,-250,296,,0,0,0,1.11364
1604436578934,10,1010123456009,77,,1,0,8,1,0,,13.6056,71,183356,0.21539,28,0,8,,0,0,0,0,0,0,0,0,0,,-250,220,,0,0,0,0
1604436579184,10,1010123456009,77,,1,0,8,1,0,,13.2639,72,183182,0.181847,26,0,8,,0,0,0,0,0,0,0,0,0,,-250,204,,0,0,0,0
1604436579434,10,1010123456009,77,,1,0,8,1,0,,13.4762,63,183389,0.200675,28,0,8,,0,0,0,0,0,0,0,0,0,,-250,190,,0,0,0,0
1604436579684,10,1010123456009,77,,1,0,8,1,0,,12.6939,49,183874,0.118169,18,0,7.83333,,7,16,0,0.1,7,0,0,10.3002,31,,-251,140,,0,0,0,1
1604436579934,10,1010123456009,77,,1,0,8,1,0,,13.7083,72,184316,0.223647,29,0,8,,0,0,0,0,0,0,0,0,0,,-249,224,,0,0,0,0
1604436580184,10,1010123456009,77,,1,0,8,1,0,,13.0649,77,183281,0.226345,33,0,7.75,,0,0,0,0,0,0,0,0,0,,-251,246,,0,0,0,0
1604436580434,10,1010123456009,77,,1,0,8,1,0,,13.1,50,183244,0.142394,20,0,7.66667,,7,3,0,0.1,1,0,0,13.1023,31,,-249,156,,0,0,0,1
1604436580684,10,1010123456009,77,,1,0,8,1,0,,12.4727,55,183247,0.138249,21,0,7.83333,,13.3846,13,0,0.1,5,20,0,13.8022,31,,-251,164,,0,0,0,5.61538
1604436580934,10,1010123456009,77,,1,0,8,1,0,,12.2987,77,184207,0.201671,31,0,7.4,,0,0,0,0,0,0,0,0,0,,-249,240,,0,0,0,0
1604436581184,10,1010123456009,77,,1,0,8,1,0,,11.0882,68,183742,0.163052,30,0,7.4,,0,0,0,0,0,0,0,0,0,,-250,212,,0,0,0,0
1604436581434,10,1010123456009,77,,1,0,8,1,0,,10.75,48,183545,0.0958072,18,0,7.16667,,0,0,0,0,0,0,0,0,0,,-250,148,,0,0,0,0
1604436581684,10,1010123456009,77,,1,0,8,1,0,,10.8026,76,184385,0.161992,32,0,7,,11.1176,17,0,0.1,8,50,0,11.6344,31,,-250,236,,0,0,0,5.23529
1604436581934,10,1010123456009,77,,1,0,8,1,0,,10.7101,69,184233,0.152803,28,0,7,,0,0,0,0,0,0,0,0,0,,-250,216,,0,0,0,0
1604436582184,10,1010123456009,77,,1,0,8,1,0,,10.2152,79,183490,0.161446,31,0,7,,0,0,0,0,0,0,0,0,0,,-250,252,,0,0,0,0
1604436582434,10,1010123456009,77,,1,0,8,1,0,,10.3654,52,184639,0.0931727,18,0,7,,0,0,0,0,0,0,0,0,0,,-250,156,,0,0,0,0
1604436582684,10,1010123456009,77,,1,0,8,1,0,,10.5574,61,183652,0.144321,28,0,7,,3.5,24,0,0.1,10,0,0,11.1642,31,,-250,188,,0,0,0,1
1604436582934,10,1010123456009,77,,1,0,8,1,0,,11.6415,53,183576,0.132512,21,0,7.33333,,7,3,0,0.1,1,0,0,4.94969,31,,-250,184,,0,0,0,3
1604436583184,10,1010123456009,77,,1,0,8,1,0,,11.9219,64,184663,0.164145,27,0,7.6,,0.1,3,0,0.1,1,0,0,5.41239,31,,-250,188,,0,0,0,1
1604436583434,10,1010123456009,77,,1,0,8,1,0,,11.8442,77,183341,0.185189,30,0,7.66667,,0,0,0,0,0,0,0,0,0,,-250,232,,0,0,0,0
1604436583684,10,1010123456009,77,,1,0,8,1,0,,10.9286,42,183650,0.08432,17,0,7.28571,,7.2963,27,0,0.1,11,0,0,11.4921,31,,-250,116,,0,0,0,1.11111
1604436583934,10,1010123456009,77,,1,0,8,1,0,,12.0571,70,183991,0.169349,27,0,7.83333,,0,0,0,0,0,0,0,0,0,,-250,212,,0,0,0,0
1604436584184,10,1010123456009,77,,1,0,8,1,0,,11.8657,67,183321,0.164337,27,0,7.6,,0,0,0,0,0,0,0,0,0,,-250,210,,0,0,0,0
1604436584434,10,1010123456009,77,,1,0,8,1,0,,12.74,50,183233,0.143807,22,0,7.66667,,7,3,0,0.1,1,0,0,5.53163,31,,-250,164,,0,0,0,1
1604436584684,10,1010123456009,77,,1,0,8,1,0,,13.4,50,184282,0.161735,22,0,8,,5.42424,33,0,0.1,14,0,0,11.0057,31,,-250,160,,0,0,0,1.12121
1604436584934,10,1010123456009,77,,1,0,8,1,0,,12.7966,59,183822,0.156337,22,0,7.66667,,0,0,0,0,0,0,0,0,0,,-250,176,,0,0,0,0
1604436585184,10,1010123456009,77,,1,0,8,1,0,,11.7639,72,183238,0.150811,26,0,7.66667,,0,0,0,0,0,0,0,0,0,,-250,206,,0,0,0,0
1604436585434,10,1010123456009,77,,1,0,8,1,0,,12.6393,61,183784,0.180787,27,0,7.66667,,0,0,0,0,0,0,0,0,0,,-250,196,,0,0,0,0
1604436585684,10,1010123456009,77,,1,0,8,1,0,,12.7385,65,183952,0.182811,26,0,7.85714,,4.47826,23,0,0.1,9,0,0,8.12997,31,,-250,208,,0,0,0,1.13043
1604436585934,10,1010123456009,77,,1,0,8,1,0,,13.1633,49,183835,0.144964,20,0,8,,0,0,0,0,0,0,0,0,0,,-250,156,,0,0,0,0
1604436586184,10,1010123456009,77,,1,0,8,1,0,,12.4667,60,183858,0.183743,27,0,7.83333,,0,0,0,0,0,0,0,0,0,,-251,220,,0,0,0,0
1604436586434,10,1010123456009,77,,1,0,8,1,0,,13.5968,62,183183,0.205976,27,0,8,,2,3,0,0.1,1,0,0,5.5615,31,,-250,216,,0,0,0,1
1604436586684,10,1010123456009,77,,1,0,8,1,0,,12.2059,34,183620,0.0880964,14,0,7.83333,,2.55102,49,0,0.1,19,0,0,7.69287,31,,-249,96,,0,0,0,1.10204
1604436586934,10,1010123456009,77,,1,0,8,1,0,,11.8421,57,183569,0.132209,21,0,7.4,,2,6,0,0.1,2,0,0,7.36841,31,,-250,180,,0,0,0,1.5
1604436587184,10,1010123456009,77,,1,0,8,1,0,,12.473,74,183601,0.198554,30,0,7.66667,,0,0,0,0,0,0,0,0,0,,-250,216,,0,0,0,0
1604436587434,10,1010123456009,77,,1,0,8,1,0,,12.6418,67,184657,0.153831,24,0,7.8,,7,3,0,0.1,1,0,0,10.4584,31,,-250,176,,0,0,0,1
1604436587684,10,1010123456009,77,,1,0,8,1,0,,12.36,50,183333,0.129896,21,0,7.85714,,12.1053,19,0,0.1,7,57.1429,0,7.66197,31,,-250,166,,0,0,0,6.78947
1604436587934,10,1010123456009,77,,1,0,8,1,0,,11.2877,73,183754,0.162442,28,0,7.6,,0,0,0,0,0,0,0,0,0,,-250,228,,0,0,0,0
1604436588184,10,1010123456009,77,,1,0,8,1,0,,13.3125,64,183995,0.194056,28,0,8,,0,0,0,0,0,0,0,0,0,,-250,192,,0,0,0,0
1604436588434,10,1010123456009,77,,1,0,8,1,0,,12.9565,69,183602,0.20752,29,0,7.83333,,0,2,0,0.1,1,0,0,0,31,,-250,220,,0,0,0,0
1604436588684,10,1010123456009,77,,1,0,8,1,0,,12.8333,78,184472,0.206843,30,0,7.83333,,11.1875,32,0,0.113157,13,15.3846,0,10.9551,31,,-250,232,,0,0,0,3.09375
1604436588934,10,1010123456009,77,,1,0,8,1,0,,13.1316,76,183872,0.208,30,0,8,,0,0,0,0,0,0,0,0,0,,-249,224,,0,0,0,0
1604436589184,10,1010123456009,77,,1,0,8,1,0,,11.75,56,184179,0.126201,22,0,7.5,,0,0,0,0,0,0,0,0,0,,-250,168,,0,0,0,0
1604436589434,10,1010123456009,77,,1,0,8,1,0,,12.5167,60,183283,0.176386,26,0,7.83333,,0,0,0,0,0,0,0,0,0,,-250,200,,0,0,0,0
1604436589684,10,1010123456009,77,,1,0,8,1,0,,12.5915,71,183106,0.176771,26,0,7.85714,,8.5,20,0,0.1,7,14.2857,0,8.27357,31,,-250,224,,0,0,0,3.1
1604436589934,10,1010123456009,77,,1,0,8,1,0,,12.3148,54,183244,0.147245,23,0,7.83333,,0,0,0,0,0,0,0,0,0,,-250,164,,0,0,0,0
1604436590184,10,1010123456009,77,,1,0,8,1,0,,12.1587,63,183074,0.143357,24,0,7.83333,,0,0,0,0,0,0,0,0,0,,-250,178,,0,0,0,0
1604436590434,10,1010123456009,77,,1,0,8,1,0,,12.7167,60,183845,0.173568,26,0,8,,5,5,0,0.1,2,0,0,10.4004,31,,-250,184,,0,0,0,1
1604436590684,10,1010123456009,77,,1,0,8,1,0,,13.6782,87,183297,0.249863,33,0,8,,6.75,16,0,0.1,7,0,0,10.8436,31,,-250,256,,0,0,0,1
1604436590934,10,1010123456009,77,,1,0,8,1,0,,13.5185,27,183353,0.0880321,12,0,8,,0,0,0,0,0,0,0,0,0,,-250,96,,0,0,0,0
1604436591184,10,1010123456009,77,,1,0,8,1,0,,13,81,183590,0.234956,35,0,8,,7,3,0,0.1,1,0,0,9.56483,31,,-250,250,,0,0,0,1
1604436591434,10,1010123456009,77,,1,0,8,1,0,,13.0746,67,183457,0.17645,26,0,8,,4,3,0,0.1,1,0,0,12.1388,31,,-250,210,,0,0,0,1
1604436591684,10,1010123456009,77,,1,0,8,1,0,,13.4808,52,184352,0.174876,23,0,8,,3.80769,26,0,0.1,10,0,0,9.77236,31,,-250,164,,0,0,0,1.11538
1604436591934,10,1010123456009,77,,1,0,8,1,0,,13.5333,45,184176,0.146731,19,0,8,,0,0,0,0,0,0,0,0,0,,-250,152,,0,0,0,0
1604436592184,10,1010123456009,77,,1,0,8,1,0,,13.9032,62,184008,0.185157,23,0,8,,9,3,0,0.1,1,0,0,12.6071,31,,-250,192,,0,0,0,1
1604436592434,10,1010123456009,77,,1,0,8,1,0,,12.9038,52,184356,0.129408,20,0,8,,0,0,0,0,0,0,0,0,0,,-250,144,,0,0,0,0
1604436592684,10,1010123456009,77,,1,0,8,1,0,,13.3797,79,183263,0.223936,30,0,8,,8.85714,14,0,0.1,6,0,0,13.3596,31,,-251,244,,0,0,0,1.42857
1604436592934,10,1010123456009,77,,1,0,8,1,0,,13.25,44,183772,0.110747,15,0,8,,0,0,0,0,0,0,0,0,0,,-249,124,,0,0,0,0
1604436593184,10,1010123456009,77,,1,0,8,1,0,,13.3256,43,184166,0.146763,20,0,8,,0,0,0,0,0,0,0,0,0,,-250,136,,0,0,0,0
1604436593434,10,1010123456009,77,,1,0,8,1,0,,13.5915,71,183130,0.216096,29,0,8,,6,5,0,0.1,2,0,0,7.07886,31,,-250,228,,0,0,0,1
1604436593684,10,1010123456009,77,,1,0,8,1,0,,13.6111,54,184057,0.165751,23,0,8,,7.44828,29,0,0.1,12,0,0,11.434,31,,-250,160,,0,0,0,1
1604436593934,10,1010123456009,77,,1,0,8,1,0,,13.6579,38,184273,0.133815,17,0,8,,0,0,0,0,0,0,0,0,0,,-250,136,,0,0,0,0
1604436594184,10,1010123456009,77,,1,0,8,1,0,,13.4194,62,183195,0.174843,24,0,8,,0,0,0,0,0,0,0,0,0,,-250,184,,0,0,0,0
1604436594434,10,1010123456009,77,,1,0,8,1,0,,13.0781,64,183485,0.164177,24,0,8,,0,0,0,0,0,0,0,0,0,,-250,196,,0,0,0,0
1604436594684,10,1010123456009,77,,1,0,8,1,0,,13.0986,71,184446,0.203727,29,0,8,,4.55556,18,0,0.1,7,0,0,9.49055,31,,-250,220,,0,0,0,1
1604436594934,10,1010123456009,77,,1,0,8,1,0,,13.7164,67,183797,0.225446,29,0,8,,0,0,0,0,0,0,0,0,0,,-250,212,,0,0,0,0
1604436595184,10,1010123456009,77,,1,0,8,1,0,,13.4756,82,183637,0.2249,30,0,8,,0,0,0,0,0,0,0,0,0,,-250,248,,0,0,0,0
1604436595434,10,1010123456009,77,,1,0,8,1,0,,13.0723,83,183896,0.237504,36,0,8,,0,0,0,0,0,0,0,0,0,,-250,246,,0,0,0,0
1604436595684,10,1010123456009,77,,1,0,8,1,0,,13.5,56,183065,0.155424,21,0,8,,5.61765,34,0,0.1,13,0,0,12.1054,31,,-250,176,,0,0,0,1.05882
1604436595934,10,1010123456009,77,,1,0,8,1,0,,13.6429,56,183608,0.171084,23,0,8,,0,0,0,0,0,0,0,0,0,,-250,174,,0,0,0,0
1604436596184,10,1010123456009,77,,1,0,8,1,0,,13.1053,57,184382,0.178153,25,0,8,,0,0,0,0,0,0,0,0,0,,-250,176,,0,0,0,0
1604436596434,10,1010123456009,77,,1,0,8,1,0,,13.5588,68,183625,0.204691,27,0,8,,0,0,0,0,0,0,0,0,0,,-250,220,,0,0,0,0
1604436596684,10,1010123456009,77,,1,0,8,1,0,,12.7619,63,184077,0.181687,27,0,7.83333,,4.60526,38,0,0.1,15,0,0,10.9024,31,,-250,192,,0,0,0,1.15789
1604436596934,10,1010123456009,77,,1,0,8,1,0,,13.1,50,183651,0.147952,21,0,7.83333,,0,0,0,0,0,0,0,0,0,,-250,168,,0,0,0,0
1604436597184,10,1010123456009,77,,1,0,8,1,0,,13.6667,69,184663,0.2009,27,0,8,,0,0,0,0,0,0,0,0,0,,-250,206,,0,0,0,0
1604436597434,10,1010123456009,77,,1,0,8,1,0,,13.4773,44,183307,0.146602,19,0,8,,0,0,0,0,0,0,0,0,0,,-250,144,,0,0,0,0
1604436597684,10,1010123456009,77,,1,0,8,1,0,,13.3043,69,184253,0.189622,26,0,8,,4.4,35,0,0.1,14,0,0,9.47139,31,,-250,216,,0,0,0,1.25714
1604436597934,10,1010123456009,77,,1,0,8,1,0,,13.3125,64,184485,0.186956,27,0,8,,0,2,0,0.1,1,0,0,0,31,,-250,192,,0,0,0,0
1604436598184,10,1010123456009,77,,1,0,8,1,0,,13.4483,87,184110,0.255582,35,0,8,,0,0,0,0,0,0,0,0,0,,-250,260,,0,0,0,0
1604436598434,10,1010123456009,77,,1,0,8,1,0,,12.8226,62,183450,0.154988,24,0,8,,0,0,0,0,0,0,0,0,0,,-250,182,,0,0,0,0
1604436598684,10,1010123456009,77,,1,0,8,1,0,,13.4875,80,183439,0.242592,33,0,8,,4.025,40,0,0.1,16,0,0,11.1358,31,,-250,244,,0,0,0,1.5
1604436598934,10,1010123456009,77,,1,0,8,1,0,,12.85,40,184020,0.122153,18,0,8,,7,3,0,0.1,1,0,0,7.65075,31,,-250,136,,0,0,0,2
1604436599184,10,1010123456009,77,,1,0,8,1,0,,13.3529,68,183244,0.21359,30,0,8,,0,0,0,0,0,0,0,0,0,,-250,224,,0,0,0,0
1604436599434,10,1010123456009,77,,1,0,8,1,0,,13.6852,54,183698,0.156819,21,0,8,,0,0,0,0,0,0,0,0,0,,-251,176,,0,0,0,0
1604436599685,10,1010123456009,77,,1,0,8,1,0,,13.339,59,183971,0.187456,26,0,8,,6.21429,14,0,0.1,5,0,0,11.1614,31,,-250,188,,0,0,0,1.42857
1604436599934,10,1010123456009,77,,1,0,8,1,0,,13.4524,42,184402,0.125976,17,0,8,,0,2,0,0.1,1,0,0,0,31,,-249,132,,0,0,0,0
1604436600184,10,1010123456009,77,,1,0,8,1,0,,14.7193,57,183673,0.208096,25,0,8.33333,,0,0,0,0,0,0,0,0,0,,-250,196,,0,0,0,0
1604436600434,10,1010123456009,77,,1,0,8,1,0,,17.9759,83,183499,0.344193,33,0,9,,0.1,3,0,0.1,1,0,0,9.35808,31,,-250,248,,0,0,0,1
1604436600684,10,1010123456009,77,,1,0,8,1,0,,16.875,48,184547,0.199582,20,0,8.83333,,3.30769,39,0,0.1,15,0,0,8.87288,31,,-250,160,,0,0,0,1
1604436600934,10,1010123456009,77,,1,0,8,1,0,,17.3091,55,183346,0.226281,23,0,9.2,,0,0,0,0,0,0,0,0,0,,-250,176,,0,0,0,0
1604436601184,10,1010123456009,77,,1,0,8,1,0,,17.5857,70,182841,0.286458,28,0,9,,0,0,0,0,0,0,0,0,0,,-250,224,,0,0,0,0
1604436601434,10,1010123456009,77,,1,0,8,1,0,,17.4133,75,183654,0.299631,30,0,9,,2,3,0,0.1,1,0,0,9.44501,31,,-250,230,,0,0,0,1
1604436601684,10,1010123456009,77,,1,0,8,1,0,,17.7963,54,183409,0.253044,24,0,9,,6.21053,19,0,0.1,7,0,0,10.5117,31,,-250,180,,0,0,0,1
1604436601934,10,1010123456009,77,,1,0,8,1,0,,16.2031,64,183473,0.231839,24,0,9,,0,2,0,0.1,1,0,0,0,31,,-250,192,,0,0,0,0
1604436602184,10,1010123456009,77,,1,0,8,1,0,,18.0208,48,184128,0.196691,18,0,9,,0,0,0,0,0,0,0,0,0,,-250,156,,0,0,0,0
1604436602434,10,1010123456009,77,,1,0,8,1,0,,17.6667,45,183344,0.22792,22,0,9,,0,0,0,0,0,0,0,0,0,,-250,160,,0,0,0,0
1604436602684,10,1010123456009,77,,1,0,8,1,0,,17.2766,47,183851,0.13706,14,0,9,,6.21053,19,0,0.1,7,0,0,10.5294,31,,-250,132,,0,0,0,1
1604436602934,10,1010123456009,77,,1,0,8,1,0,,17.5079,63,184211,0.291598,28,0,9,,0,0,0,0,0,0,0,0,0,,-250,208,,0,0,0,0
1604436603184,10,1010123456009,77,,1,0,8,1,0,,17.1296,54,183756,0.208,22,0,9,,0,0,0,0,0,0,0,0,0,,-250,160,,0,0,0,0
1604436603434,10,1010123456009,77,,1,0,8,1,0,,18.2807,57,184395,0.263871,25,0,9,,0,0,0,0,0,0,0,0,0,,-250,188,,0,0,0,0
1604436603684,10,1010123456009,77,,1,0,8,1,0,,16.7955,44,183645,0.155791,17,0,9,,5.77778,27,0,0.1,10,10,0,9.9404,31,,-250,128,,0,0,0,2.11111
1604436603934,10,1010123456009,77,,1,0,8,1,0,,16.8889,54,184152,0.22641,23,0,9,,7,3,0,0.1,1,0,0,6.7908,31,,-250,172,,0,0,0,1
1604436604184,10,1010123456009,77,,1,0,8,1,0,,15.2174,69,184059,0.237398,28,0,9,,0,0,0,0,0,0,0,0,0,,-250,202,,0,0,0,0
1604436604434,10,1010123456009,77,,1,0,8,1,0,,17.4423,52,183851,0.229976,22,0,9,,0,0,0,0,0,0,0,0,0,,-250,184,,0,0,0,0
1604436604684,10,1010123456009,77,,1,0,8,1,0,,13.2653,49,183656,0.157655,20,0,8.14286,,2,3,0,0.1,1,0,0,7.33567,31,,-250,148,,0,0,0,1
1604436604934,10,1010123456009,77,,1,0,8,1,0,,15.6818,66,183339,0.235373,26,0,9,,2.04878,41,0,0.1,17,0,0,6.88019,31,,-250,208,,0,0,0,1
1604436605184,10,1010123456009,77,,1,0,8,1,0,,9.95652,46,183948,0.120129,20,0,7.83333,,0,0,0,0,0,0,0,0,0,,-250,156,,0,0,0,0
1604436605434,10,1010123456009,77,,1,0,8,1,0,,16.6977,43,183652,0.206368,21,0,9,,0,0,0,0,0,0,0,0,0,,-250,160,,0,0,0,0
1604436605684,10,1010123456009,77,,1,0,8,1,0,,19.2833,60,183281,0.254908,22,0,10,,6.71053,38,0,0.1,16,25,0,9.69028,31,,-250,180,,0,0,0,2.89474
1604436605934,10,1010123456009,77,,1,0,8,1,0,,16.0875,80,184242,0.322602,33,0,9.33333,,0,2,0,0.1,1,0,0,0,31,,-250,240,,0,0,0,0
1604436606184,10,1010123456009,77,,1,0,8,1,0,,14.8261,69,184175,0.234024,28,0,9,,0,0,0,0,0,0,0,0,0,,-250,212,,0,0,0,0
1604436606434,10,1010123456009,77,,1,0,8,1,0,,16.6667,48,184250,0.197815,21,0,9.2,,0,0,0,0,0,0,0,0,0,,-251,148,,0,0,0,0
1604436606684,10,1010123456009,77,,1,0,8,1,0,,14.0909,55,183281,0.163213,20,0,7.5,,3.82353,17,0,0.1,7,0,0,6.45482,31,,-249,160,,0,0,0,1.41176
1604436606934,10,1010123456009,77,,1,0,8,1,0,,14.013,77,182739,0.241928,31,0,7.6,,0,0,0,0,0,0,0,0,0,,-251,236,,0,0,0,0
1604436607184,10,1010123456009,77,,1,0,8,1,0,,12.8814,59,183791,0.161831,25,0,7.83333,,2.8,5,0,0.1,2,0,0,9.63839,31,,-249,158,,0,0,0,1
1604436607434,10,1010123456009,77,,1,0,8,1,0,,13.8871,62,183417,0.18853,24,0,8.4,,0,0,0,0,0,0,0,0,0,,-250,192,,0,0,0,0
1604436607684,10,1010123456009,77,,1,0,8,1,0,,17.1471,68,183457,0.300992,30,0,9,,4.4375,32,0,0.1,14,0,0,11.3897,31,,-251,220,,0,0,0,1
1604436607934,10,1010123456009,77,,1,0,8,1,0,,16.6176,68,184244,0.2551,28,0,9,,0,0,0,0,0,0,0,0,0,,-249,204,,0,0,0,0
1604436608184,10,1010123456009,77,,1,0,8,1,0,,17.2576,66,183490,0.249221,25,0,9,,0,0,0,0,0,0,0,0,0,,-250,200,,0,0,0,0
1604436608434,10,1010123456009,77,,1,0,8,1,0,,13.358,81,184214,0.26702,34,0,7.5,,0,0,0,0,0,0,0,0,0,,-250,256,,0,0,0,0
1604436608684,10,1010123456009,77,,1,0,8,1,0,,17.3239,71,184117,0.283631,28,0,9,,4.6,25,0,0.1,11,0,0,7.67217,31,,-250,220,,0,0,0,1.08
1604436608934,10,1010123456009,77,,1,0,8,1,0,,17.3396,53,183125,0.207968,21,0,9,,0,0,0,0,0,0,0,0,0,,-250,168,,0,0,0,0
1604436609184,10,1010123456009,77,,1,0,8,1,0,,17.5849,53,184596,0.232289,22,0,9,,0,0,0,0,0,0,0,0,0,,-250,176,,0,0,0,0
1604436609434,10,1010123456009,77,,1,0,8,1,0,,17.194,67,184099,0.23955,24,0,9,,0,0,0,0,0,0,0,0,0,,-250,192,,0,0,0,0
1604436609684,10,1010123456009,77,,1,0,8,1,0,,16,67,183535,0.265253,28,0,8.85714,,2.78049,41,0,0.1,16,0,0,9.34378,31,,-250,212,,0,0,0,1.04878
1604436609934,10,1010123456009,77,,1,0,8,1,0,,17.4627,67,184145,0.269719,27,0,8.83333,,0,0,0,0,0,0,0,0,0,,-250,200,,0,0,0,0
1604436610184,10,1010123456009,77,,1,0,8,1,0,,16.2826,46,183184,0.147534,16,0,8.66667,,0,0,0,0,0,0,0,0,0,,-250,140,,0,0,0,0
1604436610434,10,1010123456009,77,,1,0,8,1,0,,15.9455,55,183938,0.224675,25,0,8.66667,,0,0,0,0,0,0,0,0,0,,-250,180,,0,0,0,0
1604436610684,10,1010123456009,77,,1,0,8,1,0,,16.3699,73,183614,0.300594,32,0,8.33333,,8.5,18,0,0.1,7,0,0,11.8092,31,,-250,244,,0,0,0,1.11111
1604436610934,10,1010123456009,77,,1,0,8,1,0,,15.88,50,183660,0.172723,20,0,9,,0,0,0,0,0,0,0,0,0,,-250,160,,0,0,0,0
1604436611184,10,1010123456009,77,,1,0,8,1,0,,16.8361,61,183707,0.245815,27,0,8.83333,,0,0,0,0,0,0,0,0,0,,-250,184,,0,0,0,0
1604436611434,10,1010123456009,77,,1,0,8,1,0,,16.8,75,183178,0.277108,29,0,8.75,,0,0,0,0,0,0,0,0,0,,-250,240,,0,0,0,0
1604436611684,10,1010123456009,77,,1,0,8,1,0,,14.9394,33,184048,0.133141,16,0,8.42857,,4.26087,23,0,0.1,9,0,0,9.88466,31,,-250,104,,0,0,0,1.08696
1604436611934,10,1010123456009,77,,1,0,8,1,0,,15.4493,69,183991,0.236177,27,0,8.4,,7,3,0,0.1,1,0,0,10.7447,31,,-250,208,,0,0,0,1
1604436612184,10,1010123456009,77,,1,0,8,1,0,,14.1667,42,183843,0.145671,18,0,8.66667,,0,0,0,0,0,0,0,0,0,,-250,144,,0,0,0,0
1604436612434,10,1010123456009,77,,1,0,8,1,0,,17.0864,81,184136,0.317687,32,0,8.83333,,0,0,0,0,0,0,0,0,0,,-251,252,,0,0,0,0
1604436612684,10,1010123456009,77,,1,0,8,1,0,,14.9861,72,184079,0.255518,29,0,8.85714,,10.6667,9,0,0.1,4,0,0,12.7333,31,,-250,252,,0,0,0,2
1604436612934,10,1010123456009,77,,1,0,8,1,0,,16.4533,75,184087,0.30792,32,0,8.83333,,0,0,0,0,0,0,0,0,0,,-250,232,,0,0,0,0
1604436613184,10,1010123456009,77,,1,0,8,1,0,,16.1,60,183402,0.200707,23,0,8.8,,0,0,0,0,0,0,0,0,0,,-250,176,,0,0,0,0
1604436613434,10,1010123456009,77,,1,0,8,1,0,,16.9815,54,184030,0.213237,21,0,9,,0,0,0,0,0,0,0,0,0,,-250,168,,0,0,0,0
1604436613684,10,1010123456009,77,,1,0,8,1,0,,16.8125,64,183488,0.260723,27,0,9,,8.09091,22,0,0.1,9,0,0,9.72243,31,,-250,200,,0,0,0,1.72727
1604436613934,10,1010123456009,77,,1,0,8,1,0,,17.7288,59,183113,0.236659,22,0,9,,0,0,0,0,0,0,0,0,0,,-250,184,,0,0,0,0
1604436614184,10,1010123456009,77,,1,0,8,1,0,,16.8305,59,184232,0.185896,22,0,9,,0,0,0,0,0,0,0,0,0,,-249,156,,0,0,0,0
1604436614434,10,1010123456009,77,,1,0,8,1,0,,18.2115,52,184584,0.242988,23,0,9,,0,0,0,0,0,0,0,0,0,,-250,164,,0,0,0,0
1604436614684,10,1010123456009,77,,1,0,8,1,0,,15.5873,63,183480,0.22355,26,0,8.85714,,4.84,25,0,0.1,11,0,0,11.5255,31,,-250,192,,0,0,0,1
1604436614934,10,1010123456009,77,,1,0,8,1,0,,17.3784,74,182958,0.274635,28,0,9,,0,0,0,0,0,0,0,0,0,,-251,228,,0,0,0,0
1604436615184,10,1010123456009,77,,1,0,8,1,0,,17.7385,65,183464,0.275406,28,0,9,,0,0,0,0,0,0,0,0,0,,-249,196,,0,0,0,0
1604436615434,10,1010123456009,77,,1,0,8,1,0,,16.4182,55,183922,0.218988,23,0,8.75,,0,2,0,0.1,1,0,0,0,31,,-250,174,,0,0,0,0
1604436615684,10,1010123456009,77,,1,0,8,1,0,,16.0685,73,183311,0.265542,29,0,8.85714,,3.16129,31,0,0.1,13,0,0,8.25964,31,,-250,212,,0,0,0,1
1604436615934,10,1010123456009,77,,1,0,8,1,0,,17.5072,69,182937,0.282378,29,0,9,,0,0,0,0,0,0,0,0,0,,-250,224,,0,0,0,0
1604436616184,10,1010123456009,77,,1,0,8,1,0,,16.78,50,184094,0.195116,21,0,9,,0,0,0,0,0,0,0,0,0,,-250,156,,0,0,0,0
1604436616434,10,1010123456009,77,,1,0,8,1,0,,16.5745,47,183276,0.178602,19,0,9,,0,2,0,0.1,1,0,0,0,31,,-250,136,,0,0,0,0
1604436616684,10,1010123456009,77,,1,0,8,1,0,,17.1719,64,184374,0.244723,25,0,9,,3.67857,28,0,0.1,11,0,0,8.54642,31,,-250,188,,0,0,0,1.17857
1604436616934,10,1010123456009,77,,1,0,8,1,0,,17.2838,74,183246,0.285944,28,0,9,,0,0,0,0,0,0,0,0,0,,-250,248,,0,0,0,0
1604436617184,10,1010123456009,77,,1,0,8,1,0,,15.9875,80,183203,0.303357,34,0,9,,0,0,0,0,0,0,0,0,0,,-250,234,,0,0,0,0
1604436617434,10,1010123456009,77,,1,0,8,1,0,,17.2727,253,178182,0.97012,104,0,9,,0,0,0,0,0,0,0,0,0,,-250,734,,0,0,0,0
1604436617684,10,1010123456009,77,,1,0,8,1,0,,16.9736,341,173277,1.10374,130,0,9,,10.5526,38,0,0.1,16,37.5,0,10.5835,31,,-250,896,,0,0,0,4.21053
1604436617934,10,1010123456009,77,,1,0,8,1,0,,16.7945,326,168984,1.12559,134,0,9,,0,0,0,0,0,0,0,0,0,,-250,888,,0,0,0,0
1604436618184,10,1010123456009,77,,1,0,8,1,0,,17.5049,204,175520,0.800321,86,0,9,,0,0,0,0,0,0,0,0,0,,-250,586,,0,0,0,0
1604436618434,10,1010123456009,77,,1,0,8,1,0,,17.4,60,183914,0.249382,26,0,9,,0,0,0,0,0,0,0,0,0,,-250,182,,0,0,0,0
1604436618684,10,1010123456009,77,,1,0,8,1,0,,16.8056,72,183918,0.258506,26,0,9,,6.46429,28,0,0.1,12,8.33333,0,11.1129,31,,-250,224,,0,0,0,2
1604436618934,10,1010123456009,77,,1,0,8,1,0,,18.4262,61,184557,0.278876,24,0,8.6,,0,0,0,0,0,0,0,0,0,,-251,184,,0,0,0,0
1604436619184,10,1010123456009,77,,1,0,8,1,0,,16.6364,55,182923,0.185767,22,0,9,,0,0,0,0,0,0,0,0,0,,-250,156,,0,0,0,0
1604436619434,10,1010123456009,77,,1,0,8,1,0,,18.8333,54,183504,0.271261,23,0,10,,0,0,0,0,0,0,0,0,0,,-249,164,,0,0,0,0
1604436619684,10,1010123456009,77,,1,0,8,1,0,,17.6667,48,183719,0.169542,17,0,9,,6.19231,26,0,0.1,10,0,0,10.9748,31,,-250,140,,0,0,0,1.11538
1604436619934,10,1010123456009,77,,1,0,8,1,0,,17.4951,103,183061,0.376129,39,0,9,,0,0,0,0,0,0,0,0,0,,-249,302,,0,0,0,0
1604436620184,10,1010123456009,77,,1,0,8,1,0,,16.9432,88,182984,0.348627,37,0,9,,0,0,0,0,0,0,0,0,0,,-250,262,,0,0,0,0
1604436620434,10,1010123456009,77,,1,0,8,1,0,,16.125,104,183931,0.35547,42,0,9,,0,0,0,0,0,0,0,0,0,,-250,286,,0,0,0,0
1604436620684,10,1010123456009,77,,1,0,8,1,0,,14.1143,70,184272,0.223518,29,0,7.8,,4.84,25,0,0.1,10,0,0,10.5852,31,,-249,222,,0,0,0,1
1604436620934,10,1010123456009,77,,1,0,8,1,0,,16.3367,98,183357,0.348691,40,0,9,,0,2,0,0.1,1,0,0,0,31,,-250,288,,0,0,0,0
1604436621184,10,1010123456009,77,,1,0,8,1,0,,15.3333,87,183918,0.295357,34,0,10,,0,0,0,0,0,0,0,0,0,,-250,254,,0,0,0,0
1604436621434,10,1010123456009,77,,1,0,8,1,0,,17.4824,85,183737,0.356627,36,0,9,,0,0,0,0,0,0,0,0,0,,-250,256,,0,0,0,0
1604436621684,10,1010123456009,77,,1,0,8,1,0,,18.1067,75,184366,0.254104,27,0,9.5,,0,0,0,0,0,0,0,0,0,,-250,188,,0,0,0,0
1604436621934,10,1010123456009,77,,1,0,8,1,0,,11.3711,97,184096,0.296418,43,0,5.2,,6.125,16,0,0.1,6,0,0,8.75056,31,,-250,298,,0,0,0,1.8125
1604436622184,10,1010123456009,77,,1,0,8,1,0,,6.04,75,184121,0.0900241,28,0,6.66667,,0,0,0,0,0,0,0,0,0,,-250,216,,0,0,0,0
1604436622434,10,1010123456009,77,,1,0,8,1,0,,11.1014,69,183762,0.147952,27,0,9,,0,0,0,0,0,0,0,0,0,,-250,212,,0,0,0,0
1604436622684,10,1010123456009,77,,1,0,8,1,0,,20.65,60,183737,0.338313,26,0,6,,1.58824,51,0,0.1,20,0,0,7.53991,31,,-250,192,,0,0,0,1.15686
1604436622934,10,1010123456009,77,,1,0,8,1,0,,5.04545,88,184231,0.117944,35,0,9,,0,0,0,0,0,0,0,0,0,,-250,286,,0,0,0,0
1604436623184,10,1010123456009,77,,1,0,8,1,0,,9.39695,131,184490,0.269976,50,0,6.66667,,0,0,0,0,0,0,0,0,0,,-250,380,,0,0,0,0
1604436623434,10,1010123456009,77,,1,0,8,1,0,,20.6465,99,182691,0.462072,38,0,10,,0,0,0,0,0,0,0,0,0,,-250,276,,0,0,0,0
1604436623684,10,1010123456009,77,,1,0,8,1,0,,15.7429,70,183487,0.282538,28,0,8.25,,3.3,20,0,0.1,7,0,0,6.20165,31,,-250,212,,0,0,0,1.9
1604436623934,10,1010123456009,77,,1,0,8,1,0,,13.3134,67,184338,0.208803,27,0,8,,0,0,0,0,0,0,0,0,0,,-250,200,,0,0,0,0
1604436624184,10,1010123456009,77,,1,0,8,1,0,,18.8068,207,184523,0.865799,81,0,10,,0,0,0,0,0,0,0,0,0,,-250,602,,0,0,0,0
1604436624434,10,1010123456009,77,,1,0,8,1,0,,18.8774,155,184467,0.671229,64,0,10,,0,0,0,0,0,0,0,0,0,,-250,446,,0,0,0,0
1604436624684,10,1010123456009,77,,1,0,8,1,0,,18.8221,163,176375,0.616867,58,0,10,,1.56863,51,0,0.1,20,0,0,7.52726,31,,-250,474,,0,0,0,1
1604436624934,10,1010123456009,77,,1,0,8,1,0,,19.707,256,173530,1.12864,107,0,10.5,,2,6,0,0.1,2,50,0,2.71384,31,,-250,684,,0,0,0,5.5
1604436625184,10,1010123456009,77,,1,0,8,1,0,,18.4198,243,173821,0.934683,94,0,10,,0,0,0,0,0,0,0,0,0,,-250,688,,0,0,0,0
1604436625434,10,1010123456009,77,,1,0,4,1,0,,18.9833,180,183137,0.728225,76,0,10,,0.1,3,0,0.1,1,0,0,2.16653,31,,-250,470,,0,0,0,1
1604436625684,10,1010123456009,77,,1,0,4,1,0,,15.4337,83,184202,0.148562,32,0,7.5,,5.33333,15,0,0.1,6,0,0,11.0922,31,,-251,132,,0,0,0,1
1604436625934,10,1010123456009,77,,1,0,4,1,0,,19.6216,74,183378,0.168225,28,0,10.3333,,0,2,0,0.1,1,0,0,0,31,,-250,112,,0,0,0,0
1604436626184,10,1010123456009,77,,1,0,4,1,0,,21.4756,82,183538,0.230811,32,0,11,,0,0,0,0,0,0,0,0,0,,-249,128,,0,0,0,0
1604436626434,10,1010123456009,77,,1,0,4,1,0,,19.3281,64,184458,0.164691,26,0,10,,0,0,0,0,0,0,0,0,0,,-249,100,,0,0,0,0
1604436626684,10,1010123456009,77,,1,0,4,1,0,,21.4792,48,182947,0.128835,18,0,0.1,,4.13043,23,0,0.1,10,10,0,8.61868,31,,-250,76,,0,0,0,2.17391
1604436626934,10,1010123456009,77,,1,0,4,1,0,,21.5192,52,184070,0.160064,22,0,0.1,,0,4,0,0.1,2,0,0,0,31,,-250,84,,0,0,0,0
1604436627184,10,1010123456009,77,,1,0,4,1,0,,23.2222,63,184102,0.183743,23,0,11.25,,0,0,0,0,0,0,0,0,0,,-249,92,,0,0,0,0
1604436627434,10,1010123456009,77,,1,0,4,1,0,,23.3968,63,183538,0.215325,26,0,11,,0,0,0,0,0,0,0,0,0,,-250,100,,0,0,0,0
1604436627684,10,1010123456009,77,,1,0,4,1,0,,21.5606,66,183554,0.187695,26,0,9,,3.6129,31,0,0.1,13,23.0769,0,5.0075,31,,-250,104,,0,0,0,3.35484
1604436627934,10,1010123456009,77,,1,0,4,1,0,,6.62745,51,183858,0.0389719,21,0,11,,0.1,3,0,0.1,1,0,0,10.1596,31,,-250,84,,0,0,0,1
1604436628184,10,1010123456009,77,,1,0,4,1,0,,18.5676,74,183191,0.159614,28,0,9,,0,0,0,0,0,0,0,0,0,,-251,116,,0,0,0,0
1604436628434,10,1010123456009,77,,1,0,4,1,0,,10.2778,72,183494,0.0909237,30,0,7.5,,0,0,0,0,0,0,0,0,0,,-249,116,,0,0,0,0
1604436628684,9,1010123456009,77,,1,0,4,1,0,,25.5926,54,183970,0.21208,21,0,12.5,,5.3125,16,0,0.1,7,0,0,7.08458,31,,-250,88,,0,0,0,1.375
1604436628934,11,1010123456009,77,,1,0,4,1,0,,21.5273,55,183506,0.155181,22,0,11,,0,0,0,0,0,0,0,0,0,,-250,88,,0,0,0,0
1604436629184,12,1010123456009,77,,1,0,4,1,0,,21.8548,62,183598,0.192578,26,0,0.1,,0,0,0,0,0,0,0,0,0,,-250,100,,0,0,0,0
1604436629434,12,1010123456009,77,,1,0,4,1,0,,21.7778,45,183626,0.140177,19,0,0.1,,0,0,0,0,0,0,0,0,0,,-250,76,,0,0,0,0
1604436629684,12,1010123456009,77,,1,0,4,1,0,,20.3333,18,183702,0.0446908,7,0,0.1,,0,0,0,0,0,0,0,0,0,,-250,28,,0,0,0,0
1604436629934,11,1010123456009,77,,1,0,4,1,0,,14.7556,45,184210,0.0744418,17,0,8,,2.5,28,0,0.1,12,8.33333,0,5.58726,31,,-250,72,,0,0,0,1.64286
1604436630184,10,1010123456009,77,,1,0,4,1,0,,13.8788,66,183843,0.102876,26,0,0.1,,0,0,0,0,0,0,0,0,0,,-250,108,,0,0,0,0
1604436630434,10,1010123456009,77,,1,0,4,1,0,,13.8163,49,184335,0.0868112,22,0,8,,0,0,0,0,0,0,0,0,0,,-250,80,,0,0,0,0
1604436630684,10,1010123456009,77,,1,0,4,1,0,,17.3939,66,182848,0.136161,26,0,11,,0.862745,51,0,0.1,20,10,0,5.88354,31,,-250,108,,0,0,0,1.94118
1604436630934,10,1010123456009,77,,1,0,4,1,0,,21.8873,71,183671,0.208064,28,0,0.1,,0,0,0,0,0,0,0,0,0,,-250,112,,0,0,0,0
1604436631184,10,1010123456009,77,,1,0,4,1,0,,21.6724,58,183827,0.190522,26,0,11,,0,0,0,0,0,0,0,0,0,,-250,100,,0,0,0,0
1604436631434,10,1010123456009,77,,1,0,4,1,0,,21.6182,55,183259,0.153606,21,0,11,,0,0,0,0,0,0,0,0,0,,-250,88,,0,0,0,0
1604436631684,10,1010123456009,77,,1,0,4,1,0,,20.4861,72,183255,0.180048,28,0,10.75,,2.42553,47,0,0.1,18,27.7778,0,3.95074,31,,-250,116,,0,0,0,3.93617
1604436631934,10,1010123456009,77,,1,0,4,1,0,,21.3889,54,183995,0.178924,25,0,0.1,,0,0,0,0,0,0,0,0,0,,-250,92,,0,0,0,0
1604436632184,11,1010123456009,77,,1,0,4,1,0,,22.4386,57,184383,0.175261,23,0,13,,0,0,0,0,0,0,0,0,0,,-251,92,,0,0,0,0
1604436632434,12,1010123456009,77,,1,0,4,1,0,,8.96825,63,183338,0.0827631,24,0,6.5,,0,0,0,0,0,0,0,0,0,,-250,100,,0,0,0,0
1604436632684,11,1010123456009,77,,1,0,4,1,0,,0.1,46,184644,0.00671486,19,0,0.1,,4.03571,28,0,0.1,11,0,0,9.97545,31,,-250,72,,0,0,0,1
1604436632934,10,1010123456009,77,,1,0,4,1,0,,21.5102,49,184014,0.153928,19,0,13,,0,0,0,0,0,0,0,0,0,,-250,80,,0,0,0,0
1604436633184,10,1010123456009,77,,1,0,4,1,0,,24.25,52,183886,0.189494,22,0,13,,0,0,0,0,0,0,0,0,0,,-250,88,,0,0,0,0
1604436633434,10,1010123456009,77,,1,0,4,1,0,,20.0714,70,183569,0.205687,30,0,9,,0,0,0,0,0,0,0,0,0,,-249,120,,0,0,0,0
1604436633684,10,1010123456009,77,,1,0,4,1,0,,11.9107,56,184411,0.0705221,23,0,0.1,,1.91667,36,0,0.1,14,0,0,6.95318,31,,-250,88,,0,0,0,1
1604436633934,10,1010123456009,77,,1,0,4,1,0,,11.5938,64,183731,0.0678233,23,0,0.1,,0,0,0,0,0,0,0,0,0,,-250,96,,0,0,0,0
1604436634184,10,1010123456009,77,,1,0,4,1,0,,11.6406,64,184285,0.0806747,27,0,0.1,,0,0,0,0,0,0,0,0,0,,-250,104,,0,0,0,0
1604436634434,10,1010123456009,77,,1,0,4,1,0,,12,45,184136,0.0529799,17,0,0.1,,0,0,0,0,0,0,0,0,0,,-250,68,,0,0,0,0
1604436634684,10,1010123456009,77,,1,0,4,1,0,,18.0732,41,184260,0.0906345,17,0,10.5,,0.529412,68,0,0.1,26,19.2308,0,3.06696,31,,-250,68,,0,0,0,3.47059
1604436634934,10,1010123456009,77,,1,0,4,1,0,,21.386,57,183544,0.157237,22,0,11,,2,3,0,0.1,1,0,0,10.0042,31,,-250,92,,0,0,0,1
1604436635184,10,1010123456009,77,,1,0,4,1,0,,21.1842,38,184620,0.105863,15,0,0.1,,0,0,0,0,0,0,0,0,0,,-250,60,,0,0,0,0
1604436635434,10,1010123456009,77,,1,0,4,1,0,,20.8868,53,184560,0.150811,22,0,10,,0,0,0,0,0,0,0,0,0,,-250,84,,0,0,0,0
1604436635684,10,1010123456009,77,,1,0,4,1,0,,17.3582,67,183327,0.135807,27,0,7,,1.12281,57,0,0.1,23,26.087,0,3.13531,31,,-250,108,,0,0,0,4.12281
1604436635934,10,1010123456009,77,,1,0,4,1,0,,12,53,184144,0.0685622,22,0,0.1,,0,0,0,0,0,0,0,0,0,,-250,88,,0,0,0,0
1604436636184,10,1010123456009,77,,1,0,4,1,0,,13.5846,65,184280,0.0848193,24,0,11,,0,0,0,0,0,0,0,0,0,,-250,100,,0,0,0,0
1604436636434,10,1010123456009,77,,1,0,4,1,0,,21.5915,71,182621,0.180466,25,0,0.1,,0,0,0,0,0,0,0,0,0,,-250,108,,0,0,0,0
1604436636684,10,1010123456009,77,,1,0,4,1,0,,21.6857,70,183776,0.211181,29,0,11,,0.25,64,0,0.1,27,33.3333,0,3.18248,31,,-250,108,,0,0,0,4.10938
1604436636934,10,1010123456009,77,,1,0,4,1,0,,21.9615,52,183300,0.149205,20,0,0.1,,0,0,0,0,0,0,0,0,0,,-250,84,,0,0,0,0
1604436637184,10,1010123456009,77,,1,0,4,1,0,,21.7027,37,184500,0.116691,16,0,0.1,,0,0,0,0,0,0,0,0,0,,-250,56,,0,0,0,0
1604436637434,10,1010123456009,77,,1,0,4,1,0,,20.5122,41,183984,0.105639,16,0,10,,0,0,0,0,0,0,0,0,0,,-250,68,,0,0,0,0
1604436637684,10,1010123456009,77,,1,0,4,1,0,,18.7857,70,184092,0.144257,26,0,10,,0.327586,58,0,0.1,24,25,0,3.66028,31,,-250,100,,0,0,0,3.18966
1604436637934,10,1010123456009,77,,1,0,4,1,0,,19.1781,73,183476,0.156112,27,0,0.1,,0,0,0,0,0,0,0,0,0,,-250,112,,0,0,0,0
1604436638184,10,1010123456009,77,,1,0,4,1,0,,8.15714,70,184217,0.078008,28,0,2,,0,0,0,0,0,0,0,0,0,,-250,112,,0,0,0,0
1604436638434,10,1010123456009,77,,1,0,4,1,0,,0.1,69,184035,0.00918876,26,0,0.1,,0,2,0,0.1,1,0,0,0,31,,-250,104,,0,0,0,0
1604436638684,10,1010123456009,77,,1,0,4,1,0,,9.36765,68,184368,0.085751,29,0,6.5,,1.08696,46,0,0.1,19,10.5263,0,5.74227,31,,-250,112,,0,0,0,2.02174
1604436638934,10,1010123456009,77,,1,0,4,1,0,,13.2456,57,183356,0.0816707,21,0,9,,0.1,5,0,0.1,2,0,0,7.36355,31,,-249,84,,0,0,0,1
1604436639184,10,1010123456009,77,,1,0,4,1,0,,18.2459,61,183684,0.131341,24,0,0.1,,0,0,0,0,0,0,0,0,0,,-251,96,,0,0,0,0
1604436639434,10,1010123456009,77,,1,0,4,1,0,,12.0769,65,183590,0.0983454,25,0,5,,0,0,0,0,0,0,0,0,0,,-249,108,,0,0,0,0
1604436639684,10,1010123456009,77,,1,0,4,1,0,,6.22222,72,183201,0.0576386,30,0,9,,6.57143,14,0,0.1,5,80,0,2.94821,31,,-250,116,,0,0,0,8.71429
1604436639934,10,1010123456009,77,,1,0,4,1,0,,18.5517,58,183800,0.122281,22,0,0.1,,0,0,0,0,0,0,0,0,0,,-250,88,,0,0,0,0
1604436640184,10,1010123456009,77,,1,0,4,1,0,,21.0784,51,183684,0.138667,20,0,11.5,,4.45455,22,0,0.1,9,0,0,11.5695,31,,-250,80,,0,0,0,1.27273
1604436640434,10,1010123456009,77,,1,0,4,1,0,,18.5937,64,184362,0.177703,25,0,7.5,,0,0,0,0,0,0,0,0,0,,-250,96,,0,0,0,0
1604436640684,10,1010123456009,77,,1,0,4,1,0,,19.1515,66,184254,0.14551,25,0,10,,8.3,10,0,0.1,4,0,0,8.2556,31,,-250,100,,0,0,0,1.7
1604436640934,10,1010123456009,77,,1,0,4,1,0,,19.6122,49,183470,0.108016,18,0,10,,0,0,0,0,0,0,0,0,0,,-250,80,,0,0,0,0
1604436641184,10,1010123456009,77,,1,0,4,1,0,,20.3333,60,184306,0.17359,27,0,11,,0,0,0,0,0,0,0,0,0,,-250,100,,0,0,0,0
1604436641434,10,1010123456009,77,,1,0,4,1,0,,18.4531,64,183131,0.122281,22,0,9,,0,0,0,0,0,0,0,0,0,,-250,96,,0,0,0,0
1604436641684,10,1010123456009,77,,1,0,4,1,0,,18.9032,62,184406,0.148241,26,0,9.5,,7.5,24,0,0.1,9,44.4444,0,6.29686,31,,-250,104,,0,0,0,4.95833
1604436641934,10,1010123456009,77,,1,0,4,1,0,,16.7805,82,183379,0.186506,35,0,5.5,,0,0,0,0,0,0,0,0,0,,-250,132,,0,0,0,0
1604436642184,10,1010123456009,77,,1,0,4,1,0,,9.90909,66,183810,0.0716145,23,0,9,,0,0,0,0,0,0,0,0,0,,-250,100,,0,0,0,0
1604436642434,10,1010123456009,77,,1,0,4,1,0,,18.4808,52,184446,0.125655,23,0,0.1,,0,2,0,0.1,1,0,0,0,31,,-250,88,,0,0,0,0
1604436642684,10,1010123456009,77,,1,0,4,1,0,,21.9,60,183294,0.178892,24,0,10.5,,3.95238,21,0,0.1,8,0,0,7.71036,31,,-250,96,,0,0,0,1
1604436642934,10,1010123456009,77,,1,0,4,1,0,,13.1837,49,184161,0.0698474,18,0,8.33333,,0,0,0,0,0,0,0,0,0,,-250,72,,0,0,0,0
1604436643184,10,1010123456009,77,,1,0,4,1,0,,15.9138,58,183586,0.109108,24,0,10.3333,,0,0,0,0,0,0,0,0,0,,-250,96,,0,0,0,0
1604436643434,10,1010123456009,77,,1,0,4,1,0,,20.9552,67,183929,0.172241,25,0,10,,0,0,0,0,0,0,0,0,0,,-250,104,,0,0,0,0
1604436643684,10,1010123456009,77,,1,0,4,1,0,,18.4912,57,183313,0.110522,20,0,9,,2.57895,38,0,0.1,15,6.66667,0,6.53976,31,,-250,84,,0,0,0,1.78947
1604436643934,10,1010123456009,77,,1,0,4,1,0,,10.1053,57,184125,0.0749237,24,0,7,,0.1,3,0,0.1,1,0,0,0.1,31,,-250,92,,0,0,0,4
1604436644184,10,1010123456009,77,,1,0,4,1,0,,18.7963,54,183441,0.128739,23,0,0.1,,0,0,0,0,0,0,0,0,0,,-250,84,,0,0,0,0
1604436644434,10,1010123456009,77,,1,0,4,1,0,,13.6981,53,183837,0.0760803,20,0,7,,0,0,0,0,0,0,0,0,0,,-250,88,,0,0,0,0
1604436644684,10,1010123456009,77,,1,0,4,1,0,,11.873,63,184412,0.082988,27,0,2,,2.21622,37,0,0.1,14,14.2857,0,3.07996,31,,-250,100,,0,0,0,3.24324
1604436644934,10,1010123456009,77,,1,0,4,1,0,,18,78,183341,0.167936,29,0,10.3333,,0.1,3,0,0.1,1,0,0,1.43443,0,,-250,120,,0,0,0,1
1604436645184,10,1010123456009,77,,1,0,4,1,0,,23.2391,46,184649,0.154056,19,0,10,,0,0,0,0,0,0,0,0,0,,-251,72,,0,0,0,0
1604436645434,10,1010123456009,77,,1,0,4,1,0,,19.3881,67,184125,0.147823,25,0,9,,0,0,0,0,0,0,0,0,0,,-249,108,,0,0,0,0
1604436645684,10,1010123456009,77,,1,0,4,1,0,,19.1081,37,184565,0.091502,16,0,10,,3.25714,35,0,0.1,14,14.2857,0,6.66877,31,,-250,56,,0,0,0,2.45714
1604436645934,10,1010123456009,77,,1,0,4,1,0,,19.6029,68,184133,0.150394,25,0,9.33333,,0,0,0,0,0,0,0,0,0,,-251,104,,0,0,0,0
1604436646184,10,1010123456009,77,,1,0,4,1,0,,15.9459,74,183989,0.153317,32,0,0.1,,0,0,0,0,0,0,0,0,0,,-249,124,,0,0,0,0
1604436646434,10,1010123456009,77,,1,0,4,1,0,,11.1591,44,183793,0.054747,17,0,7.66667,,0,0,0,0,0,0,0,0,0,,-251,68,,0,0,0,0
1604436646684,10,1010123456009,77,,1,0,4,1,0,,19.3,80,183497,0.199004,34,0,9,,2.72222,36,0,0.1,14,0,0,7.61493,31,,-249,136,,0,0,0,1
1604436646934,10,1010123456009,77,,1,0,4,1,0,,18.4217,83,183725,0.182008,33,0,0.1,,0,0,0,0,0,0,0,0,0,,-250,132,,0,0,0,0
1604436647184,10,1010123456009,77,,1,0,4,1,0,,18.3725,51,183413,0.105092,19,0,10,,0,0,0,0,0,0,0,0,0,,-250,76,,0,0,0,0
1604436647434,10,1010123456009,77,,1,0,4,1,0,,18.8518,81,183673,0.180819,32,0,9,,0,0,0,0,0,0,0,0,0,,-250,128,,0,0,0,0
1604436647684,10,1010123456009,77,,1,0,4,1,0,,18.8049,41,183833,0.0894458,16,0,0.1,,0,0,0,0,0,0,0,0,0,,-250,64,,0,0,0,0
1604436647934,10,1010123456009,77,,1,0,4,1,0,,14.6944,36,183367,0.0600803,14,0,7,,1.24528,53,0,0.1,21,9.52381,0,5.69294,31,,-250,60,,0,0,0,2
1604436648184,10,1010123456009,77,,1,0,4,1,0,,11.8788,66,183756,0.0861044,28,0,0.1,,0,0,0,0,0,0,0,0,0,,-250,108,,0,0,0,0
1604436648434,10,1010123456009,77,,1,0,4,1,0,,20.3333,57,183358,0.136,21,0,9.33333,,0,0,0,0,0,0,0,0,0,,-250,92,,0,0,0,0
1604436648684,10,1010123456009,77,,1,0,4,1,0,,21.463,54,183063,0.156819,21,0,9.5,,2.77143,35,0,0.1,14,14.2857,0,5.20275,31,,-250,84,,0,0,0,2.6
1604436648934,10,1010123456009,77,,1,0,4,1,0,,19.4138,58,183258,0.142137,24,0,9,,0,0,0,0,0,0,0,0,0,,-250,92,,0,0,0,0
1604436649184,10,1010123456009,77,,1,0,4,1,0,,19.2391,46,184050,0.121478,21,0,9.5,,0,0,0,0,0,0,0,0,0,,-250,80,,0,0,0,0
1604436649434,10,1010123456009,77,,1,0,4,1,0,,20.4,55,183626,0.155502,24,0,10.5,,0,0,0,0,0,0,0,0,0,,-250,96,,0,0,0,0
1604436649684,10,1010123456009,77,,1,0,4,1,0,,22.6727,55,184586,0.156402,20,0,12,,5.42105,19,0,0.1,8,0,0,8.24206,31,,-250,80,,0,0,0,1.31579
1604436649934,10,1010123456009,77,,1,0,4,1,0,,24.463,54,183215,0.159165,18,0,0.1,,0,0,0,0,0,0,0,0,0,,-250,84,,0,0,0,0
1604436650184,10,1010123456009,77,,1,0,4,1,0,,23,44,183598,0.148369,18,0,10,,0,0,0,0,0,0,0,0,0,,-250,64,,0,0,0,0
1604436650434,10,1010123456009,77,,1,0,4,1,0,,19.3175,63,184538,0.158169,27,0,0.1,,0,0,0,0,0,0,0,0,0,,-250,108,,0,0,0,0
1604436650684,10,1010123456009,77,,1,0,4,1,0,,18.1569,51,183895,0.122153,22,0,8,,0.75,56,0,0.1,22,9.09091,0,4.29876,31,,-250,84,,0,0,0,2.26786
1604436650934,10,1010123456009,77,,1,0,4,1,0,,12.0769,39,183690,0.0492209,16,0,9,,0,0,0,0,0,0,0,0,0,,-250,68,,0,0,0,0
1604436651184,10,1010123456009,77,,1,0,4,1,0,,18.3488,43,183738,0.0988916,18,0,10,,0,0,0,0,0,0,0,0,0,,-250,68,,0,0,0,0
1604436651434,10,1010123456009,77,,1,0,4,1,0,,18.9796,49,184594,0.113735,20,0,0.1,,0,0,0,0,0,0,0,0,0,,-250,80,,0,0,0,0
1604436651684,10,1010123456009,77,,1,0,4,1,0,,17.5581,43,183334,0.0778474,15,0,9,,2.23333,30,0,0.1,12,0,0,7.67669,31,,-250,68,,0,0,0,1.06667
1604436651934,10,1010123456009,77,,1,0,4,1,0,,18.2419,62,183526,0.147245,27,0,9,,0,0,0,0,0,0,0,0,0,,-250,100,,0,0,0,0
1604436652184,10,1010123456009,77,,1,0,4,1,0,,18.8919,37,184014,0.0785863,14,0,9,,0,0,0,0,0,0,0,0,0,,-250,56,,0,0,0,0
1604436652434,10,1010123456009,77,,1,0,4,1,0,,17.5652,46,183742,0.0977671,19,0,9.25,,0,0,0,0,0,0,0,0,0,,-251,80,,0,0,0,0
1604436652684,10,1010123456009,77,,1,0,4,1,0,,19.029,69,184569,0.168129,29,0,9.33333,,1.44186,43,0,0.1,17,23.5294,0,3.76076,31,,-250,116,,0,0,0,2.72093
1604436652934,10,1010123456009,77,,1,0,4,1,0,,18.102,49,184309,0.0977349,18,0,9,,0,0,0,0,0,0,0,0,0,,-249,72,,0,0,0,0
1604436653184,10,1010123456009,77,,1,0,4,1,0,,18.3148,54,183729,0.119232,22,0,0.1,,0,0,0,0,0,0,0,0,0,,-250,84,,0,0,0,0
1604436653434,10,1010123456009,77,,1,0,4,1,0,,19.1552,58,183917,0.128032,21,0,10.5,,0,0,0,0,0,0,0,0,0,,-250,88,,0,0,0,0
1604436653684,10,1010123456009,77,,1,0,4,1,0,,21.0698,43,184633,0.125237,18,0,0.1,,0.307692,39,0,0.1,16,0,0,2.69818,31,,-250,68,,0,0,0,1.28205
1604436653934,10,1010123456009,77,,1,0,4,1,0,,21.4872,39,184237,0.107149,15,0,0.1,,0,0,0,0,0,0,0,0,0,,-250,60,,0,0,0,0
1604436654184,10,1010123456009,77,,1,0,4,1,0,,20.1778,45,184653,0.127871,20,0,9,,0.1,3,0,0.1,1,0,0,10.618,31,,-250,80,,0,0,0,1
1604436654434,10,1010123456009,77,,1,0,4,1,0,,17.88,50,182998,0.083328,16,0,11,,0,0,0,0,0,0,0,0,0,,-250,76,,0,0,0,0
1604436654684,10,1010123456009,77,,1,0,4,1,0,,13.7273,66,184060,0.120064,27,0,7.33333,,3,38,0,0.1,15,6.66667,0,6.35103,31,,-250,100,,0,0,0,1.84211
1604436654934,10,1010123456009,77,,1,0,4,1,0,,21.4262,61,183360,0.17041,24,0,10.5,,0,0,0,0,0,0,0,0,0,,-250,92,,0,0,0,0
1604436655184,10,1010123456009,77,,1,0,4,1,0,,19.8684,38,183584,0.0870683,14,0,9.5,,0,0,0,0,0,0,0,0,0,,-250,56,,0,0,0,0
1604436655434,10,1010123456009,77,,1,0,4,1,0,,18.9821,56,184100,0.170763,22,0,9.5,,0,0,0,0,0,0,0,0,0,,-250,88,,0,0,0,0
1604436655684,10,1010123456009,77,,1,0,4,1,0,,8.43478,69,183672,0.0521125,25,0,9,,0,0,0,0,0,0,0,0,0,,-250,108,,0,0,0,0
1604436655934,10,1010123456009,77,,1,0,4,1,0,,8.91837,49,183569,0.0618474,21,0,5,,2.97561,41,0,0.1,16,18.75,0,6.03785,31,,-250,80,,0,0,0,3.19512
1604436656184,10,1010123456009,77,,1,0,4,1,0,,8.47059,51,183612,0.0487068,20,0,13,,0,0,0,0,0,0,0,0,0,,-250,76,,0,0,0,0
1604436656434,10,1010123456009,77,,1,0,4,1,0,,19.0159,63,184320,0.158137,26,0,10,,0,0,0,0,0,0,0,0,0,,-250,108,,0,0,0,0
1604436656684,10,1010123456009,77,,1,0,4,1,0,,21.9828,58,183596,0.163149,22,0,12,,1.02326,43,0,0.1,17,5.88235,0,4.75479,31,,-250,88,,0,0,0,2.02326
1604436656934,10,1010123456009,77,,1,0,4,1,0,,17.6981,53,184192,0.131277,22,0,7,,0,0,0,0,0,0,0,0,0,,-250,84,,0,0,0,0
1604436657184,10,1010123456009,77,,1,0,4,1,0,,13.4688,64,183667,0.111968,25,0,5.5,,0,0,0,0,0,0,0,0,0,,-250,112,,0,0,0,0
1604436657434,10,1010123456009,77,,1,0,4,1,0,,13.3922,51,184160,0.0744418,21,0,9,,0,0,0,0,0,0,0,0,0,,-250,76,,0,0,0,0
1604436657684,10,1010123456009,77,,1,0,4,1,0,,18.06,50,183952,0.107438,20,0,11,,0,0,0,0,0,0,0,0,0,,-250,76,,0,0,0,0
1604436657934,10,1010123456009,77,,1,0,4,1,0,,27.3594,64,184024,0.277751,25,0,15,,0.576923,52,0,0.1,21,4.7619,0,5.67864,31,,-250,100,,0,0,0,1.34615
1604436658184,10,1010123456009,77,,1,0,4,1,0,,27.8143,70,182593,0.302586,26,0,0.1,,0,0,0,0,0,0,0,0,0,,-250,112,,0,0,0,0
1604436658434,10,1010123456009,77,,1,0,4,1,0,,23.54,50,183336,0.181976,20,0,9,,0,0,0,0,0,0,0,0,0,,-251,76,,0,0,0,0
1604436658684,10,1010123456009,77,,1,0,4,1,0,,20.1111,54,183240,0.137671,21,0,14,,6.05769,52,0,0.1,20,35,0,4.72171,31,,-250,88,,0,0,0,4.82692
1604436658934,10,1010123456009,77,,1,0,4,1,0,,27.5714,56,184240,0.259438,23,0,0.1,,0,0,0,0,0,0,0,0,0,,-250,84,,0,0,0,0
1604436659184,10,1010123456009,77,,1,0,4,1,0,,26.9231,78,184368,0.314281,30,0,13,,0,0,0,0,0,0,0,0,0,,-250,124,,0,0,0,0
1604436659434,10,1010123456009,77,,1,0,4,1,0,,25.625,40,183728,0.16996,18,0,0.1,,0,0,0,0,0,0,0,0,0,,-249,68,,0,0,0,0
1604436659684,10,1010123456009,77,,1,0,4,1,0,,19.6038,53,184356,0.114859,19,0,9.5,,0,2,0,0.1,1,0,0,0,31,,-249,80,,0,0,0,0
1604436659934,10,1010123456009,77,,1,0,4,1,0,,12.4512,82,183311,0.136771,35,0,6.66667,,7.13514,37,0,0.1,15,20,0,6.8639,31,,-250,136,,0,0,0,3.51351
1604436660184,10,1010123456009,77,,1,0,4,1,0,,13.7703,74,184181,0.105735,27,0,0.1,,0,0,0,0,0,0,0,0,0,,-250,120,,0,0,0,0
1604436660434,10,1010123456009,77,,1,0,4,1,0,,17.0727,55,183693,0.119133,24,0,9,,0,0,0,0,0,0,0,0,0,,-249,84,,0,0,0,0
1604436660684,10,1010123456009,77,,1,0,4,1,0,,17.7941,68,183721,0.141462,27,0,9,,3.32653,49,0,0.1,20,5,0,8.77407,31,,-250,108,,0,0,0,1.4898
1604436660934,10,1010123456009,77,,1,0,4,1,0,,18.6207,58,184017,0.122024,22,0,10,,0,0,0,0,0,0,0,0,0,,-250,96,,0,0,0,0
1604436661184,10,1010123456009,77,,1,0,4,1,0,,10.4933,75,183809,0.113317,31,0,4.5,,0,0,0,0,0,0,0,0,0,,-250,116,,0,0,0,0
1604436661434,10,1010123456009,77,,1,0,4,1,0,,19.7143,70,182894,0.160578,26,0,10,,0,0,0,0,0,0,0,0,0,,-250,112,,0,0,0,0
1604436661684,10,1010123456009,77,,1,0,4,1,0,,14.9024,82,184385,0.15245,34,0,6.5,,5.91667,12,0,0.1,5,0,0,8.9202,31,,-249,128,,0,0,0,1.16667
1604436661934,10,1010123456009,77,,1,0,4,1,0,,19.2857,56,183691,0.152,23,0,9,,0,0,0,0,0,0,0,0,0,,-250,96,,0,0,0,0
1604436662184,10,1010123456009,77,,1,0,4,1,0,,22.1957,46,184355,0.169414,21,0,10.3333,,0,0,0,0,0,0,0,0,0,,-250,84,,0,0,0,0
1604436662434,10,1010123456009,77,,1,0,4,1,0,,20.5472,53,183979,0.162442,24,0,9,,0,0,0,0,0,0,0,0,0,,-250,92,,0,0,0,0
1604436662684,10,1010123456009,77,,1,0,4,1,0,,18.18,50,183491,0.104707,19,0,10,,4.02326,43,0,0.1,17,11.7647,0,6.02624,31,,-250,80,,0,0,0,2.88372
1604436662934,10,1010123456009,77,,1,0,4,1,0,,18.2885,52,184455,0.0994056,18,0,9,,0,0,0,0,0,0,0,0,0,,-250,80,,0,0,0,0
1604436663184,10,1010123456009,77,,1,0,4,1,0,,19.4565,46,184055,0.119133,20,0,11.3333,,0,0,0,0,0,0,0,0,0,,-250,72,,0,0,0,0
1604436663434,10,1010123456009,77,,1,0,4,1,0,,17.8909,55,183519,0.118297,22,0,0.1,,0,0,0,0,0,0,0,0,0,,-250,84,,0,0,0,0
1604436663684,10,1010123456009,77,,1,0,4,1,0,,18.6,80,183723,0.177092,32,0,9,,3.94444,18,0,0.1,7,0,0,9.39931,31,,-250,132,,0,0,0,1.27778
1604436663934,10,1010123456009,77,,1,0,4,1,0,,19.3158,76,183787,0.192803,33,0,10,,0,0,0,0,0,0,0,0,0,,-250,128,,0,0,0,0
1604436664184,10,1010123456009,77,,1,0,4,1,0,,12.871,31,183671,0.0346024,10,0,6.5,,2,3,0,0.1,1,0,0,14.3105,31,,-250,52,,0,0,0,1
1604436664434,10,1010123456009,77,,1,0,4,1,0,,19.2577,97,184151,0.231582,40,0,10,,0,0,0,0,0,0,0,0,0,,-250,152,,0,0,0,0
1604436664684,10,1010123456009,77,,1,0,4,1,0,,21.0312,64,184449,0.174586,26,0,10,,5.97297,37,0,0.1,15,26.6667,0,6.96691,31,,-250,104,,0,0,0,3.89189
1604436664934,10,1010123456009,77,,1,0,4,1,0,,22.6923,39,183433,0.128771,16,0,11,,2,3,0,0.1,1,0,0,2.45308,31,,-250,64,,0,0,0,2
1604436665184,10,1010123456009,77,,1,0,4,1,0,,13.1408,71,184095,0.118008,27,0,7.5,,0,0,0,0,0,0,0,0,0,,-250,112,,0,0,0,0
1604436665434,10,1010123456009,77,,1,0,4,1,0,,16.8033,61,183330,0.127518,25,0,8.5,,0,0,0,0,0,0,0,0,0,,-250,96,,0,0,0,0
1604436665684,10,1010123456009,77,,1,0,4,1,0,,12.8148,54,183778,0.0791647,22,0,8.14286,,7.80645,31,0,0.1,13,30.7692,0,8.52227,31,,-250,88,,0,0,0,4.45161
1604436665934,10,1010123456009,77,,1,0,4,1,0,,20.1452,62,184542,0.169189,26,0,11,,0,0,0,0,0,0,0,0,0,,-250,100,,0,0,0,0
1604436666184,10,1010123456009,77,,1,0,4,1,0,,11.898,49,183270,0.0796466,20,0,9,,0,0,0,0,0,0,0,0,0,,-250,84,,0,0,0,0
1604436666434,10,1010123456009,77,,1,0,4,1,0,,10.5652,46,183838,0.083502,19,0,4,,0,0,0,0,0,0,0,0,0,,-250,76,,0,0,0,0
1604436666684,10,1010123456009,77,,1,0,4,1,0,,13.8354,79,183140,0.110618,31,0,9,,2.08,50,0,0.1,20,0,0,8.30673,31,,-250,128,,0,0,0,1
1604436666934,10,1010123456009,77,,1,0,4,1,0,,26.1795,39,182984,0.146635,16,0,12.6667,,0,0,0,0,0,0,0,0,0,,-250,60,,0,0,0,0
1604436667184,10,1010123456009,77,,1,0,4,1,0,,23.4928,69,183255,0.219968,26,0,9.66667,,0,0,0,0,0,0,0,0,0,,-250,108,,0,0,0,0
1604436667434,10,1010123456009,77,,1,0,4,1,0,,20.898,49,183563,0.145863,20,0,9.5,,0,0,0,0,0,0,0,0,0,,-250,72,,0,0,0,0
1604436667684,10,1010123456009,77,,1,0,4,1,0,,19.4615,39,183208,0.100096,16,0,10,,7.19048,21,0,0.1,8,12.5,0,8.41434,31,,-250,68,,0,0,0,2.71429
1604436667934,10,1010123456009,77,,1,0,4,1,0,,17.9474,57,183763,0.129542,24,0,9.5,,0,0,0,0,0,0,0,0,0,,-250,92,,0,0,0,0
1604436668184,10,1010123456009,77,,1,0,4,1,0,,17.4483,58,184283,0.12,23,0,9.25,,0,0,0,0,0,0,0,0,0,,-250,96,,0,0,0,0
1604436668434,10,1010123456009,77,,1,0,4,1,0,,18.4595,74,183791,0.157976,29,0,9,,0,0,0,0,0,0,0,0,0,,-250,116,,0,0,0,0
1604436668684,10,1010123456009,77,,1,0,4,1,0,,12.9091,55,183952,0.0956787,23,0,6.6,,7.18518,27,0,0.1,11,0,0,13.4422,31,,-250,88,,0,0,0,1
1604436668934,10,1010123456009,77,,1,0,4,1,0,,17.2344,64,184336,0.123213,23,0,9,,0,0,0,0,0,0,0,0,0,,-250,100,,0,0,0,0
1604436669184,10,1010123456009,77,,1,0,4,1,0,,14.0923,65,183809,0.107566,26,0,7.6,,0,0,0,0,0,0,0,0,0,,-250,104,,0,0,0,0
1604436669434,10,1010123456009,77,,1,0,4,1,0,,15.2909,55,183608,0.107438,24,0,8.75,,0,0,0,0,0,0,0,0,0,,-250,92,,0,0,0,0
1604436669684,10,1010123456009,77,,1,0,4,1,0,,17.7069,58,183865,0.139373,26,0,9.25,,5.625,24,0,0.1,9,11.1111,0,6.84329,31,,-250,100,,0,0,0,2.375
1604436669934,10,1010123456009,77,,1,0,4,1,0,,18.1081,37,183769,0.0975422,16,0,9.6,,0,0,0,0,0,0,0,0,0,,-250,64,,0,0,0,0
1604436670184,10,1010123456009,77,,1,0,4,1,0,,18.5763,59,184196,0.11608,21,0,9,,0,0,0,0,0,0,0,0,0,,-250,92,,0,0,0,0
1604436670434,10,1010123456009,77,,1,0,4,1,0,,18.58,50,183620,0.121092,21,0,9.5,,4,3,0,0.1,1,0,0,4.14131,31,,-250,80,,0,0,0,1
1604436670684,10,1010123456009,77,,1,0,4,1,0,,16.1111,72,183682,0.136707,27,0,9.5,,1.83333,42,0,0.1,17,5.88235,0,7.73451,31,,-250,112,,0,0,0,1.52381
1604436670934,10,1010123456009,77,,1,0,4,1,0,,19.717,53,183814,0.144768,24,0,9.75,,0,0,0,0,0,0,0,0,0,,-250,88,,0,0,0,0
1604436671184,10,1010123456009,77,,1,0,4,1,0,,17.4483,58,183277,0.112643,22,0,9,,0,0,0,0,0,0,0,0,0,,-250,88,,0,0,0,0
1604436671434,10,1010123456009,77,,1,0,4,1,0,,14.55,40,183982,0.071743,17,0,7,,0,0,0,0,0,0,0,0,0,,-250,68,,0,0,0,0
1604436671684,10,1010123456009,77,,1,0,4,1,0,,15.9459,74,184202,0.1351,29,0,9.2,,6.11765,17,0,0.1,7,14.2857,0,11.081,31,,-250,116,,0,0,0,2.76471
1604436671934,10,1010123456009,77,,1,0,4,1,0,,17.0678,59,183399,0.117012,22,0,8.6,,0,0,0,0,0,0,0,0,0,,-250,92,,0,0,0,0
1604436672184,10,1010123456009,77,,1,0,4,1,0,,13.5932,59,183709,0.0848835,22,0,8,,0,0,0,0,0,0,0,0,0,,-251,88,,0,0,0,0
1604436672434,10,1010123456009,77,,1,0,4,1,0,,16.8276,58,183270,0.113317,23,0,8.66667,,0,0,0,0,0,0,0,0,0,,-249,88,,0,0,0,0
1604436672684,10,1010123456009,77,,1,0,4,1,0,,17.2381,63,183501,0.134201,25,0,9.14286,,0,0,0,0,0,0,0,0,0,,-250,100,,0,0,0,0
1604436672934,10,1010123456009,77,,1,0,4,1,0,,9.72727,55,184447,0.0644498,22,0,6.6,,0,8,0,0,4,100,0,0,0,,-250,88,,0,0,0,0
1604436673184,10,1010123456009,77,,1,0,4,1,0,,15.0526,38,183829,0.0678233,15,0,10.3333,,8.2,5,0,0.1,2,0,0,14.8791,31,,-250,60,,0,0,0,1
1604436673434,10,1010123456009,77,,1,0,4,1,0,,14.3194,72,183125,0.110458,26,0,8,,0,0,0,0,0,0,0,0,0,,-250,112,,0,0,0,0
1604436673684,10,1010123456009,77,,1,0,4,1,0,,15.3913,46,183585,0.0878394,20,0,8.25,,8.5,10,0,0.1,4,0,0,14.5379,31,,-250,72,,0,0,0,1.3
1604436673934,10,1010123456009,77,,1,0,4,1,0,,15.1148,61,183361,0.102522,23,0,8.75,,0,0,0,0,0,0,0,0,0,,-250,92,,0,0,0,0
1604436674184,10,1010123456009,77,,1,0,4,1,0,,11.8909,55,184203,0.0677912,22,0,7,,0,0,0,0,0,0,0,0,0,,-250,88,,0,0,0,0
1604436674434,10,1010123456009,77,,1,0,4,1,0,,14.5571,70,183450,0.111229,26,0,10.6667,,0,0,0,0,0,0,0,0,0,,-250,108,,0,0,0,0
1604436674684,10,1010123456009,77,,1,0,4,1,0,,15.0149,67,184001,0.132787,29,0,8.4,,0,0,0,0,0,0,0,0,0,,-250,112,,0,0,0,0
1604436674934,10,1010123456009,77,,1,0,4,1,0,,15.0556,72,184413,0.123502,28,0,8.66667,,12,8,0,0.1,3,0,0,11.9116,31,,-250,116,,0,0,0,1.25
1604436675184,10,1010123456009,77,,1,0,4,1,0,,15.0345,58,184176,0.10355,23,0,8.2,,0,0,0,0,0,0,0,0,0,,-250,96,,0,0,0,0
1604436675434,10,1010123456009,77,,1,0,4,1,0,,17.5,62,184182,0.146313,28,0,9,,0,0,0,0,0,0,0,0,0,,-250,104,,0,0,0,0
1604436675684,10,1010123456009,77,,1,0,4,1,0,,12.4091,66,184217,0.091245,25,0,7.28571,,0,0,0,0,0,0,0,0,0,,-250,104,,0,0,0,0
1604436675934,10,1010123456009,77,,1,0,4,1,0,,12.1373,51,183620,0.0666024,21,0,8,,3.55814,43,0,0.1,18,22.2222,0,6.90251,31,,-250,84,,0,0,0,2.81395
1604436676184,10,1010123456009,77,,1,0,4,1,0,,12.3269,52,184465,0.0721606,22,0,7,,0,0,0,0,0,0,0,0,0,,-250,84,,0,0,0,0
1604436676434,10,1010123456009,77,,1,0,4,1,0,,10.625,64,183961,0.0625542,23,0,6.66667,,0,0,0,0,0,0,0,0,0,,-250,96,,0,0,0,0
1604436676684,10,1010123456009,77,,1,0,4,1,0,,12.3333,48,183437,0.0681446,21,0,7.66667,,5.16667,18,0,0.1,7,0,0,12.9875,31,,-250,80,,0,0,0,1
1604436676934,10,1010123456009,77,,1,0,4,1,0,,12.6557,61,183375,0.0913092,25,0,8.33333,,0,0,0,0,0,0,0,0,0,,-250,104,,0,0,0,0
1604436677184,10,1010123456009,77,,1,0,4,1,0,,20,43,184009,0.126048,19,0,10.75,,0,0,0,0,0,0,0,0,0,,-250,72,,0,0,0,0
1604436677434,10,1010123456009,77,,1,0,4,1,0,,18.3846,65,183721,0.151197,26,0,9,,0,0,0,0,0,0,0,0,0,,-250,104,,0,0,0,0
1604436677684,10,1010123456009,77,,1,0,4,1,0,,14.2931,58,183730,0.0948112,23,0,8.16667,,9.45455,11,0,0.1,4,0,0,10.4405,31,,-250,92,,0,0,0,2.36364
1604436677934,10,1010123456009,77,,1,0,4,1,0,,20.2045,44,183773,0.139181,17,0,8.33333,,0,0,0,0,0,0,0,0,0,,-250,68,,0,0,0,0
1604436678184,10,1010123456009,77,,1,0,4,1,0,,15.4426,61,184492,0.113696,23,0,7.5,,0,0,0,0,0,0,0,0,0,,-250,96,,0,0,0,0
1604436678434,10,1010123456009,77,,1,0,4,1,0,,17.3667,60,183690,0.125301,24,0,9,,0,0,0,0,0,0,0,0,0,,-251,92,,0,0,0,0
1604436678684,10,1010123456009,77,,1,0,4,1,0,,15.3111,45,184171,0.0750843,17,0,8,,0,0,0,0,0,0,0,0,0,,-249,72,,0,0,0,0
1604436678934,10,1010123456009,77,,1,0,4,1,0,,16.1562,64,183479,0.104835,23,0,8.5,,10.4583,24,0,0.1,9,44.4444,0,11.2802,31,,-250,100,,0,0,0,5.5
1604436679184,10,1010123456009,77,,1,0,4,1,0,,16.7619,42,183820,0.100224,20,0,8,,0,0,0,0,0,0,0,0,0,,-250,68,,0,0,0,0
1604436679434,10,1010123456009,77,,1,0,4,1,0,,11.9,70,184104,0.082528,27,0,8,,0,0,0,0,0,0,0,0,0,,-250,112,,0,0,0,0
1604436679684,10,1010123456009,77,,1,0,4,1,0,,8.11765,51,184197,0.049152,22,0,6.33333,,1.94444,36,149776,0.1,13,7.69231,0,7.15837,31,,-250,84,,0,0,0,2
1604436679934,10,1010123456009,77,,1,0,4,1,0,,12.4828,58,183342,0.0765622,23,0,7.66667,,0.1,14,0,0.1,5,0,0,7.56597,0,,-250,92,,0,0,0,1
1604436680184,10,1010123456009,77,,1,0,4,1,0,,21.1139,79,183858,0.208225,29,0,11,,0,0,0,0,0,0,0,0,0,,-250,120,,0,0,0,0
1604436680434,10,1010123456009,77,,1,0,4,1,0,,22.4545,66,184117,0.229494,27,0,9.33333,,0,0,0,0,0,0,0,0,0,,-250,112,,0,0,0,0
1604436680684,10,1010123456009,77,,1,0,4,1,0,,19.8904,73,184124,0.192546,29,0,9,,5.33333,15,0,0.1,6,0,0,9.2447,31,,-250,116,,0,0,0,1.93333
1604436680934,10,1010123456009,77,,1,0,4,1,0,,19.0164,61,183413,0.148305,25,0,9.75,,0,0,0,0,0,0,0,0,0,,-250,100,,0,0,0,0
1604436681184,10,1010123456009,77,,1,0,4,1,0,,8.77419,62,184412,0.08151,27,0,3.5,,0,0,0,0,0,0,0,0,0,,-250,100,,0,0,0,0
1604436681434,10,1010123456009,77,,1,0,4,1,0,,12.386,57,183594,0.0666345,22,0,9,,0,0,0,0,0,0,0,0,0,,-250,92,,0,0,0,0
1604436681684,10,1010123456009,77,,1,0,4,1,0,,16.9434,53,184382,0.124498,23,0,8,,2.32558,43,0,0.1,17,0,0,8.82101,31,,-250,88,,0,0,0,1
1604436681934,10,1010123456009,77,,1,0,4,1,0,,15.6226,53,184210,0.100402,21,0,8.5,,0,0,0,0,0,0,0,0,0,,-250,84,,0,0,0,0
1604436682184,10,1010123456009,77,,1,0,4,1,0,,11.1273,55,183760,0.0633896,22,0,8.5,,9,3,0,0.1,1,0,0,11.116,31,,-250,88,,0,0,0,1
1604436682434,10,1010123456009,77,,1,0,4,1,0,,16.3265,49,183467,0.093824,20,0,9.33333,,0,0,0,0,0,0,0,0,0,,-250,84,,0,0,0,0
1604436682684,10,1010123456009,77,,1,0,4,1,0,,1.03846,52,184440,0.0277912,23,0,2,,0,0,0,0,0,0,0,0,0,,-250,88,,0,0,0,0
1604436682934,10,1010123456009,77,,1,0,4,1,0,,13.5323,62,183933,0.111679,24,0,9,,0,0,0,0,0,0,0,0,0,,-250,96,,0,0,0,0
1604436683184,10,1010123456009,77,,1,0,4,1,0,,20.5306,49,183888,0.136482,20,0,10.25,,0,0,0,0,0,0,0,0,0,,-250,84,,0,0,0,0
1604436683434,10,1010123456009,77,,1,0,4,1,0,,12.4138,58,184125,0.0941687,25,0,5.33333,,9.71429,7,0,0.1,3,0,0,12.3876,31,,-250,96,,0,0,0,1.42857
1604436683684,10,1010123456009,77,,1,0,4,1,0,,11.7632,38,184223,0.0448514,14,0,5.66667,,2,37,0,0.1,13,7.69231,0,5.83592,31,,-250,56,,0,0,0,1.81081
1604436683934,10,1010123456009,77,,1,0,4,1,0,,11.2459,61,183799,0.102908,23,0,9.25,,0,0,0,0,0,0,0,0,0,,-250,100,,0,0,0,0
1604436684184,10,1010123456009,77,,1,0,4,1,0,,12.1,60,184250,0.0869398,26,0,9.5,,0,0,0,0,0,0,0,0,0,,-250,96,,0,0,0,0
1604436684434,10,1010123456009,77,,1,0,4,1,0,,11.0847,59,183569,0.0709719,23,0,6,,0,0,0,0,0,0,0,0,0,,-250,92,,0,0,0,0
1604436684684,10,1010123456009,77,,1,0,4,1,0,,15.7051,78,183749,0.136675,30,0,8.25,,0,2,0,0.1,1,0,0,0,31,,-251,120,,0,0,0,0
1604436684934,10,1010123456009,77,,1,0,4,1,0,,11.5323,62,184444,0.0701687,24,0,7,,3.11628,43,0,0.1,17,5.88235,0,8.20473,31,,-249,100,,0,0,0,1.83721
1604436685184,10,1010123456009,77,,1,0,4,1,0,,11.8485,33,183159,0.0422169,14,0,7.4,,0,0,0,0,0,0,0,0,0,,-250,56,,0,0,0,0
1604436685434,10,1010123456009,77,,1,0,4,1,0,,13.9545,66,184310,0.102137,27,0,8,,0,0,0,0,0,0,0,0,0,,-250,108,,0,0,0,0
1604436685684,10,1010123456009,77,,1,0,4,1,0,,18.1724,29,183587,0.0772048,13,0,7.75,,0,0,0,0,0,0,0,0,0,,-250,48,,0,0,0,0
1604436685934,10,1010123456009,77,,1,0,4,1,0,,18.1169,77,184146,0.170602,30,0,8,,5,15,0,0.1,6,0,0,11.1045,31,,-250,120,,0,0,0,1.2
1604436686184,10,1010123456009,77,,1,0,4,1,0,,11.4286,84,184234,0.0905703,31,0,7,,0,0,0,0,0,0,0,0,0,,-250,128,,0,0,0,0
1604436686434,10,1010123456009,77,,1,0,6,1,0,,11.6429,70,183841,0.107116,27,0,7,,0.1,3,0,0.1,1,0,0,5.93089,31,,-250,142,,0,0,0,1
1604436686684,10,1010123456009,77,,1,0,6,1,0,,11.0465,86,184191,0.135614,35,0,7,,1.70968,31,0,0.1,13,0,0,7.35655,31,,-250,184,,0,0,0,1.16129
1604436686934,10,1010123456009,77,,1,0,6,1,0,,15.1579,76,183945,0.196273,30,0,8.8,,0,0,0,0,0,0,0,0,0,,-250,176,,0,0,0,0
1604436687184,10,1010123456009,77,,1,0,6,1,0,,16.2949,78,183617,0.219309,30,0,8.66667,,0,0,0,0,0,0,0,0,0,,-250,192,,0,0,0,0
1604436687434,10,1010123456009,77,,1,0,6,1,0,,15.0395,76,183647,0.212384,30,0,8.25,,0,0,0,0,0,0,0,0,0,,-250,164,,0,0,0,0
1604436687684,10,1010123456009,77,,1,0,6,1,0,,10.622,82,184654,0.109815,30,0,6.75,,1.67347,49,0,0.1,21,4.7619,0,7.48587,31,,-250,156,,0,0,0,1.55102
1604436687934,10,1010123456009,77,,1,0,6,1,0,,11.8049,41,183563,0.0742811,16,0,7,,0,0,0,0,0,0,0,0,0,,-250,108,,0,0,0,0
1604436688184,10,1010123456009,77,,1,0,6,1,0,,16.0577,52,183217,0.159008,23,0,8,,0,0,0,0,0,0,0,0,0,,-250,128,,0,0,0,0
1604436688434,10,1010123456009,77,,1,0,6,1,0,,9.82,50,183747,0.0754056,20,0,7.2,,0,0,0,0,0,0,0,0,0,,-250,116,,0,0,0,0
1604436688684,10,1010123456009,77,,1,0,6,1,0,,14.0125,80,183924,0.188048,33,0,8.33333,,2.78049,41,0,0.1,16,0,0,8.30798,31,,-250,176,,0,0,0,1
1604436688934,10,1010123456009,77,,1,0,6,1,0,,23.2245,49,183427,0.244562,20,0,8,,0,0,0,0,0,0,0,0,0,,-250,118,,0,0,0,0
1604436689184,10,1010123456009,77,,1,0,6,1,0,,17.0635,63,184582,0.201703,26,0,8.4,,0,0,0,0,0,0,0,0,0,,-250,150,,0,0,0,0
1604436689434,10,1010123456009,77,,1,0,6,1,0,,12.0909,77,184261,0.140884,30,0,7.2,,0,0,0,0,0,0,0,0,0,,-250,188,,0,0,0,0
1604436689684,10,1010123456009,77,,1,0,6,1,0,,15.1548,84,182153,0.202602,32,0,9.33333,,3.81818,22,0,0.1,9,0,0,8.85418,31,,-250,188,,0,0,0,1
1604436689934,10,1010123456009,77,,1,0,6,1,0,,17.4545,44,183766,0.155631,20,0,7.33333,,0,0,0,0,0,0,0,0,0,,-250,104,,0,0,0,0
1604436690184,10,1010123456009,77,,1,0,6,1,0,,13.9155,71,184268,0.171984,28,0,8.4,,0,0,0,0,0,0,0,0,0,,-250,156,,0,0,0,0
1604436690434,10,1010123456009,77,,1,0,6,1,0,,13.7931,58,183533,0.114024,20,0,7.75,,0,0,0,0,0,0,0,0,0,,-250,118,,0,0,0,0
1604436690684,10,1010123456009,77,,1,0,6,1,0,,11.3396,53,183488,0.101365,23,0,7,,0.740741,27,0,0.1,13,0,0,6.38676,31,,-250,132,,0,0,0,1
1604436690934,10,1010123456009,77,,1,0,6,1,0,,11.9687,64,184037,0.124305,27,0,8.33333,,2,3,0,0.1,1,0,0,4.63956,31,,-250,150,,0,0,0,1
1604436691184,10,1010123456009,77,,1,0,6,1,0,,13.7536,69,183758,0.146538,27,0,8.33333,,0,0,0,0,0,0,0,0,0,,-251,156,,0,0,0,0
1604436691434,10,1010123456009,77,,1,0,6,1,0,,12.0811,74,183662,0.138153,29,0,7.4,,0,0,0,0,0,0,0,0,0,,-250,176,,0,0,0,0
1604436691684,10,1010123456009,77,,1,0,6,1,0,,9.92308,52,184270,0.0853976,22,0,6,,0,0,0,0,0,0,0,0,0,,-249,118,,0,0,0,0
1604436691934,10,1010123456009,77,,1,0,6,1,0,,17.0909,66,183513,0.214779,27,0,8.33333,,4.44118,34,0,0.1,14,0,0,9.00582,31,,-249,148,,0,0,0,1.08824
1604436692184,10,1010123456009,77,,1,0,6,1,0,,18.2949,78,183344,0.235984,29,0,9.33333,,0,0,0,0,0,0,0,0,0,,-250,172,,0,0,0,0
1604436692434,10,1010123456009,77,,1,0,6,1,0,,20.0824,85,184576,0.33796,35,0,11.5,,0,0,0,0,0,0,0,0,0,,-250,204,,0,0,0,0
1604436692684,10,1010123456009,77,,1,0,6,1,0,,13.9884,86,183330,0.182779,33,0,8.16667,,3.41379,29,0,0.1,13,0,0,9.0164,31,,-250,174,,0,0,0,1.06897
1604436692934,10,1010123456009,77,,1,0,6,1,0,,14.0921,76,183387,0.179181,30,0,8.4,,0,0,0,0,0,0,0,0,0,,-250,182,,0,0,0,0
1604436693184,10,1010123456009,77,,1,0,6,1,0,,17.8611,72,184476,0.252916,29,0,8.75,,0,0,0,0,0,0,0,0,0,,-250,156,,0,0,0,0
1604436693434,10,1010123456009,77,,1,0,6,1,0,,20.9811,53,183553,0.20196,20,0,10.6,,0,0,0,0,0,0,0,0,0,,-250,122,,0,0,0,0
1604436693684,10,1010123456009,77,,1,0,6,1,0,,15.9367,79,183794,0.242056,31,0,8.14286,,0,0,0,0,0,0,0,0,0,,-250,176,,0,0,0,0
1604436693934,10,1010123456009,77,,1,0,6,1,0,,11.2333,60,183728,0.0850442,21,0,7.16667,,5.875,24,0,0.1,10,0,0,11.5088,31,,-250,132,,0,0,0,1
1604436694184,10,1010123456009,77,,1,0,6,1,0,,11.0169,59,183503,0.109696,25,0,7.5,,0,0,0,0,0,0,0,0,0,,-250,130,,0,0,0,0
1604436694434,10,1010123456009,77,,1,0,6,1,0,,11.7077,65,184046,0.124755,27,0,6.83333,,0,0,0,0,0,0,0,0,0,,-250,162,,0,0,0,0
1604436694684,10,1010123456009,77,,1,0,6,1,0,,12.3158,76,184192,0.137671,29,0,7.28571,,4.34615,26,0,0.1,10,0,0,8.82513,31,,-250,162,,0,0,0,1.34615
1604436694934,10,1010123456009,77,,1,0,6,1,0,,9.13208,53,183317,0.0772691,22,0,7,,0,0,0,0,0,0,0,0,0,,-250,128,,0,0,0,0
1604436695184,10,1010123456009,77,,1,0,6,1,0,,11.6667,54,184544,0.101205,22,0,7.33333,,0,0,0,0,0,0,0,0,0,,-250,132,,0,0,0,0
1604436695434,10,1010123456009,77,,1,0,6,1,0,,12.0769,65,183471,0.135968,28,0,7,,0,0,0,0,0,0,0,0,0,,-250,162,,0,0,0,0
1604436695684,10,1010123456009,77,,1,0,6,1,0,,11.6939,49,183743,0.0862972,20,0,8,,6.25,32,0,0.1,12,25,0,8.34269,31,,-250,108,,0,0,0,3.53125
1604436695934,10,1010123456009,77,,1,0,6,1,0,,12.65,60,184212,0.12624,25,0,7.5,,12,3,0,0,1,100,0,0.508595,0,,-250,142,,0,0,0,10
1604436696184,10,1010123456009,77,,1,0,6,1,0,,15.7667,60,183277,0.171759,24,0,9.25,,0,0,0,0,0,0,0,0,0,,-250,132,,0,0,0,0
1604436696434,10,1010123456009,77,,1,0,6,1,0,,18.2535,71,183390,0.22445,26,0,8,,0,0,0,0,0,0,0,0,0,,-250,150,,0,0,0,0
1604436696684,10,1010123456009,77,,1,0,6,1,0,,19.6667,33,183640,0.138378,15,0,9.5,,0,0,0,0,0,0,0,0,0,,-250,80,,0,0,0,0
1604436696934,10,1010123456009,77,,1,0,6,1,0,,16.2833,60,183637,0.183743,24,0,7.6,,0,2,151,0.1,1,0,0,0,31,,-250,146,,0,0,0,0
1604436697184,10,1010123456009,77,,1,0,6,1,0,,17.1667,60,184159,0.174336,24,0,10,,2.85714,35,0,0.1,15,0,0,7.89229,0,,-250,138,,0,0,0,1
1604436697434,10,1010123456009,77,,1,0,6,1,0,,18.6129,62,183394,0.197269,24,0,0.1,,0,2,0,0.1,1,0,0,0,31,,-250,152,,0,0,0,0
1604436697684,10,1010123456009,77,,1,0,6,1,0,,12.2418,91,184247,0.162892,34,0,6.6,,2.41176,34,0,0.1,14,0,0,7.48594,31,,-250,190,,0,0,0,1.23529
1604436697934,10,1010123456009,77,,1,0,6,1,0,,12.2174,46,183929,0.100819,22,0,8,,0,0,0,0,0,0,0,0,0,,-250,118,,0,0,0,0
1604436698184,10,1010123456009,77,,1,0,6,1,0,,14.8438,64,183847,0.151197,24,0,8,,0,0,0,0,0,0,0,0,0,,-250,136,,0,0,0,0
1604436698434,10,1010123456009,77,,1,0,6,1,0,,17.8367,49,183234,0.172659,22,0,8.6,,0,0,0,0,0,0,0,0,0,,-250,120,,0,0,0,0
1604436698684,10,1010123456009,77,,1,0,6,1,0,,13.8226,62,184284,0.154024,25,0,7.8,,0,0,0,0,0,0,0,0,0,,-250,146,,0,0,0,0
1604436698934,10,1010123456009,77,,1,0,6,1,0,,13.9636,55,183714,0.113671,22,0,8.5,,1.31429,35,0,0.1,15,0,0,6.30448,31,,-250,124,,0,0,0,1
1604436699184,10,1010123456009,77,,1,0,6,1,0,,11.7073,41,184225,0.0781687,17,0,9,,0,0,0,0,0,0,0,0,0,,-250,102,,0,0,0,0
1604436699434,10,1010123456009,77,,1,0,6,1,0,,19.7679,56,184589,0.221312,24,0,10,,0,0,0,0,0,0,0,0,0,,-250,144,,0,0,0,0
1604436699684,10,1010123456009,77,,1,0,6,1,0,,15.2933,75,183409,0.180466,30,0,8.4,,3.375,24,0,0.1,9,0,0,7.14024,31,,-250,160,,0,0,0,1.125
1604436699934,10,1010123456009,77,,1,0,6,1,0,,15.2097,62,184283,0.158104,23,0,6.66667,,0,0,0,0,0,0,0,0,0,,-250,140,,0,0,0,0
1604436700184,10,1010123456009,77,,1,0,6,1,0,,11.3733,75,184483,0.13147,30,0,7.5,,0,0,0,0,0,0,0,0,0,,-250,172,,0,0,0,0
1604436700434,10,1010123456009,77,,1,0,6,1,0,,12.85,60,184061,0.135743,25,0,7.66667,,0,0,0,0,0,0,0,0,0,,-250,154,,0,0,0,0
1604436700684,10,1010123456009,77,,1,0,6,1,0,,16.5,44,184597,0.149655,20,0,8.66667,,0.680851,47,0,0.1,18,0,0,5.82268,31,,-250,100,,0,0,0,1.14894
1604436700934,10,1010123456009,77,,1,0,6,1,0,,14.3284,67,184409,0.136482,24,0,8.75,,0,0,0,0,0,0,0,0,0,,-250,140,,0,0,0,0
1604436701184,10,1010123456009,77,,1,0,6,1,0,,13.5,62,184386,0.143518,25,0,8,,0,0,0,0,0,0,0,0,0,,-250,146,,0,0,0,0
1604436701434,10,1010123456009,77,,1,0,6,1,0,,14.6712,73,183488,0.169703,28,0,8.25,,0,0,0,0,0,0,0,0,0,,-250,156,,0,0,0,0
1604436701684,10,1010123456009,77,,1,0,6,1,0,,13.7073,82,183399,0.204337,34,0,7.71429,,3.5,44,0,0.1,18,5.55556,0,9.05466,31,,-250,188,,0,0,0,1.5
1604436701934,10,1010123456009,77,,1,0,6,1,0,,11.6825,63,183131,0.0993735,22,0,7,,0,0,0,0,0,0,0,0,0,,-250,134,,0,0,0,0
1604436702184,10,1010123456009,77,,1,0,6,1,0,,18.0667,60,182406,0.183165,23,0,9.6,,0,0,0,0,0,0,0,0,0,,-250,146,,0,0,0,0
1604436702434,10,1010123456009,77,,1,0,6,1,0,,11.96,50,183665,0.13343,24,0,7.16667,,0,0,0,0,0,0,0,0,0,,-250,118,,0,0,0,0
1604436702684,10,1010123456009,77,,1,0,6,1,0,,13.1452,62,183612,0.137671,25,0,7.6,,0,0,0,0,0,0,0,0,0,,-250,156,,0,0,0,0
1604436702934,10,1010123456009,77,,1,0,6,1,0,,12.8393,56,184264,0.120707,23,0,7.6,,5.81818,22,0,0.1,9,0,0,9.89587,31,,-250,134,,0,0,0,1.59091
1604436703184,10,1010123456009,77,,1,0,6,1,0,,16.9375,80,183742,0.253301,32,0,9.6,,0,0,0,0,0,0,0,0,0,,-250,184,,0,0,0,0
1604436703434,10,1010123456009,77,,1,0,6,1,0,,15.0727,55,183399,0.142169,22,0,8.8,,0,0,0,0,0,0,0,0,0,,-250,128,,0,0,0,0
1604436703684,10,1010123456009,77,,1,0,6,1,0,,12.8806,67,183054,0.162153,27,0,7,,0,0,0,0,0,0,0,0,0,,-250,158,,0,0,0,0
1604436703934,10,1010123456009,77,,1,0,6,1,0,,15.9,50,183249,0.141012,21,0,8.75,,3.92308,26,0,0.1,10,0,0,9.99147,31,,-250,116,,0,0,0,1
1604436704184,10,1010123456009,77,,1,0,6,1,0,,13.0769,52,184069,0.108723,20,0,7.5,,0,0,0,0,0,0,0,0,0,,-250,126,,0,0,0,0
1604436704434,10,1010123456009,77,,1,0,6,1,0,,13.9773,44,183713,0.112257,18,0,8.83333,,0,0,0,0,0,0,0,0,0,,-250,102,,0,0,0,0
1604436704684,10,1010123456009,77,,1,0,6,1,0,,14.9032,62,183343,0.141301,22,0,8.16667,,5.07143,14,0,0.1,6,0,0,8.6262,31,,-251,140,,0,0,0,1.14286
1604436704934,10,1010123456009,77,,1,0,6,1,0,,14.5224,67,182803,0.123084,23,0,8.6,,0,0,0,0,0,0,0,0,0,,-249,152,,0,0,0,0
1604436705184,10,1010123456009,77,,1,0,6,1,0,,15.7755,49,183374,0.171502,24,0,8,,0,0,0,0,0,0,0,0,0,,-250,106,,0,0,0,0
1604436705434,10,1010123456009,77,,1,0,6,1,0,,13.7722,79,183448,0.174329,30,0,8,,0,0,0,0,0,0,0,0,0,,-250,184,,0,0,0,0
1604436705684,10,1010123456009,77,,1,0,6,1,0,,13.641,78,184181,0.170816,32,0,8.16667,,7.14286,14,0,0.1,6,0,0,12.2006,31,,-250,166,,0,0,0,1
1604436705934,10,1010123456009,77,,1,0,6,1,0,,14.8913,46,183616,0.119229,19,0,8.16667,,0,0,0,0,0,0,0,0,0,,-250,104,,0,0,0,0
1604436706184,10,1010123456009,77,,1,0,6,1,0,,14.2727,77,183721,0.185446,30,0,8.16667,,0,0,0,0,0,0,0,0,0,,-250,176,,0,0,0,0
1604436706434,10,1010123456009,77,,1,0,6,1,0,,16.75,92,184214,0.247293,33,0,9.4,,0,0,0,0,0,0,0,0,0,,-250,204,,0,0,0,0
1604436706684,10,1010123456009,77,,1,0,6,1,0,,13.75,56,184655,0.139855,25,0,8,,4.88235,17,0,0.1,6,0,0,8.89205,31,,-250,126,,0,0,0,1.88235
1604436706934,10,1010123456009,77,,1,0,6,1,0,,13.7059,51,183648,0.133536,23,0,8,,0,0,0,0,0,0,0,0,0,,-250,128,,0,0,0,0
1604436707184,10,1010123456009,77,,1,0,6,1,0,,13.7333,60,183861,0.133333,22,0,8,,0,0,0,0,0,0,0,0,0,,-250,134,,0,0,0,0
1604436707434,10,1010123456009,77,,1,0,6,1,0,,13.6415,53,184474,0.123181,22,0,8,,0,0,0,0,0,0,0,0,0,,-250,122,,0,0,0,0
1604436707684,10,1010123456009,77,,1,0,6,1,0,,13.7321,56,183346,0.125088,21,0,8,,6.57143,14,0,0.1,6,0,0,11.2947,31,,-250,132,,0,0,0,1.42857
1604436707934,10,1010123456009,77,,1,0,6,1,0,,14.1636,55,183828,0.126008,22,0,8.33333,,0,0,0,0,0,0,0,0,0,,-250,124,,0,0,0,0
1604436708184,10,1010123456009,77,,1,0,6,1,0,,13.8421,76,183981,0.188498,31,0,8,,0,0,0,0,0,0,0,0,0,,-250,182,,0,0,0,0
1604436708434,10,1010123456009,77,,1,0,6,1,0,,14.1233,73,183575,0.157205,29,0,8.4,,0,0,0,0,0,0,0,0,0,,-250,152,,0,0,0,0
1604436708684,10,1010123456009,77,,1,0,6,1,0,,12.9467,75,183663,0.139823,30,0,8,,6.53846,13,0,0.1,5,0,0,12.7504,31,,-250,156,,0,0,0,1
1604436708934,10,1010123456009,77,,1,0,6,1,0,,13.8214,56,183567,0.144964,24,0,8,,0,0,0,0,0,0,0,0,0,,-250,144,,0,0,0,0
1604436709184,10,1010123456009,77,,1,0,6,1,0,,13.5714,63,183360,0.13796,24,0,8,,0,0,0,0,0,0,0,0,0,,-250,152,,0,0,0,0
1604436709434,10,1010123456009,77,,1,0,6,1,0,,13.6949,59,183443,0.15004,26,0,8,,0,0,0,0,0,0,0,0,0,,-250,140,,0,0,0,0
1604436709684,10,1010123456009,77,,1,0,6,1,0,,13.75,52,184137,0.112835,20,0,8,,7.44444,9,0,0.1,4,0,0,14.2801,31,,-250,118,,0,0,0,1
1604436709934,10,1010123456009,77,,1,0,6,1,0,,13.7222,54,183237,0.124402,22,0,8,,0,0,0,0,0,0,0,0,0,,-250,124,,0,0,0,0
1604436710184,10,1010123456009,77,,1,0,6,1,0,,13.7727,66,184237,0.148466,25,0,8,,0,0,0,0,0,0,0,0,0,,-250,154,,0,0,0,0
1604436710434,10,1010123456009,77,,1,0,6,1,0,,13.4375,64,184041,0.16241,29,0,8,,0,0,0,0,0,0,0,0,0,,-250,156,,0,0,0,0
1604436710684,10,1010123456009,77,,1,0,6,1,0,,13.5385,78,184245,0.182554,32,0,8,,9.91667,12,0,0.1,5,0,0,13.2193,31,,-250,184,,0,0,0,1.91667
1604436710934,10,1010123456009,77,,1,0,6,1,0,,16.85,60,183854,0.200578,25,0,9,,0,2,0,0.1,1,0,0,0,31,,-250,146,,0,0,0,0
1604436711184,10,1010123456009,77,,1,0,6,1,0,,13.6557,61,183860,0.135582,24,0,8,,0,0,0,0,0,0,0,0,0,,-250,142,,0,0,0,0
1604436711434,10,1010123456009,77,,1,0,6,1,0,,13.4706,68,183919,0.146313,26,0,8,,0,0,0,0,0,0,0,0,0,,-250,146,,0,0,0,0
1604436711684,10,1010123456009,77,,1,0,6,1,0,,13.5125,80,184389,0.173847,31,0,8,,9.17647,17,0,0.1,6,0,0,9.58906,31,,-250,178,,0,0,0,2.64706
1604436711934,10,1010123456009,77,,1,0,6,1,0,,13.4337,83,184193,0.18959,33,0,8,,0,0,0,0,0,0,0,0,0,,-250,204,,0,0,0,0
1604436712184,10,1010123456009,77,,1,0,6,1,0,,14.3529,68,183414,0.173558,28,0,8.16667,,0,0,0,0,0,0,0,0,0,,-250,158,,0,0,0,0
1604436712434,10,1010123456009,77,,1,0,6,1,0,,13.86,50,183965,0.111261,19,0,8,,0,0,0,0,0,0,0,0,0,,-250,122,,0,0,0,0
1604436712684,10,1010123456009,77,,1,0,6,1,0,,13.7632,76,184637,0.166368,29,0,8,,6.5625,16,0,0.1,6,0,0,12.6715,31,,-250,166,,0,0,0,1
1604436712934,10,1010123456009,77,,1,0,6,1,0,,13.8491,53,183722,0.124755,21,0,8,,0,0,0,0,0,0,0,0,0,,-250,122,,0,0,0,0
1604436713184,10,1010123456009,77,,1,0,6,1,0,,13.7286,70,183117,0.168129,29,0,8,,0,0,0,0,0,0,0,0,0,,-250,160,,0,0,0,0
1604436713434,10,1010123456009,77,,1,0,6,1,0,,13.6585,82,183359,0.181269,32,0,8,,0,0,0,0,0,0,0,0,0,,-250,180,,0,0,0,0
1604436713684,10,1010123456009,77,,1,0,6,1,0,,10.3538,65,184153,0.122635,27,0,6.83333,,7.5,14,0,0.1,5,0,0,13.1989,31,,-250,150,,0,0,0,1
1604436713934,10,1010123456009,77,,1,0,6,1,0,,13.2881,59,184354,0.135486,25,0,7.5,,9,3,0,0.1,1,0,0,13.0691,31,,-250,142,,0,0,0,1
1604436714184,10,1010123456009,77,,1,0,6,1,0,,13.6522,69,184211,0.146956,28,0,8,,0,0,0,0,0,0,0,0,0,,-250,148,,0,0,0,0
1604436714434,10,1010123456009,77,,1,0,6,1,0,,13.6393,61,183046,0.120803,22,0,8,,0,0,0,0,0,0,0,0,0,,-250,132,,0,0,0,0
1604436714684,10,1010123456009,77,,1,0,6,1,0,,13.8276,58,184569,0.151165,25,0,8,,7.09091,11,0,0.1,4,0,0,17.77,31,,-250,138,,0,0,0,1
1604436714934,10,1010123456009,77,,1,0,6,1,0,,13.8182,66,184005,0.154217,26,0,8,,0,0,0,0,0,0,0,0,0,,-250,158,,0,0,0,0
1604436715184,10,1010123456009,77,,1,0,6,1,0,,13.6949,59,184185,0.142233,25,0,8,,0,0,0,0,0,0,0,0,0,,-250,136,,0,0,0,0
1604436715434,10,1010123456009,77,,1,0,6,1,0,,13.7778,54,183318,0.117012,20,0,8,,0,0,0,0,0,0,0,0,0,,-250,122,,0,0,0,0
1604436715684,10,1010123456009,77,,1,0,6,1,0,,13.4,65,183344,0.142072,26,0,8,,9.66667,9,0,0.1,4,0,0,14.0747,31,,-250,148,,0,0,0,1.22222
1604436715934,10,1010123456009,77,,1,0,6,1,0,,13.7101,69,184378,0.154313,27,0,8,,0,0,0,0,0,0,0,0,0,,-250,154,,0,0,0,0
1604436716184,10,1010123456009,77,,1,0,6,1,0,,13.3704,81,183555,0.175454,31,0,8,,0,0,0,0,0,0,0,0,0,,-250,176,,0,0,0,0
1604436716434,10,1010123456009,77,,1,0,6,1,0,,13.7532,77,183908,0.171277,29,0,8,,0,4,0,0.1,2,0,0,0,31,,-250,176,,0,0,0,0
1604436716684,10,1010123456009,77,,1,0,6,1,0,,12.8267,75,183726,0.154474,30,0,7.83333,,6.66667,15,0,0.1,6,16.6667,0,11.5615,31,,-250,162,,0,0,0,2.6
1604436716934,10,1010123456009,77,,1,0,6,1,0,,13.7975,79,183418,0.186827,31,0,8,,7,3,0,0.1,1,0,0,13.0864,31,,-250,198,,0,0,0,1
1604436717184,10,1010123456009,77,,1,0,6,1,0,,13.6393,61,184028,0.134394,25,0,8,,0,0,0,0,0,0,0,0,0,,-250,122,,0,0,0,0
1604436717434,10,1010123456009,77,,1,0,6,1,0,,13.5735,68,183465,0.155149,27,0,8,,0,0,0,0,0,0,0,0,0,,-250,164,,0,0,0,0
1604436717684,10,1010123456009,77,,1,0,6,1,0,,13.6429,70,184258,0.157462,27,0,7.85714,,7.14286,14,0,0.1,6,0,0,11.685,31,,-250,164,,0,0,0,1
1604436717934,10,1010123456009,77,,1,0,6,1,0,,13.8462,78,184086,0.193285,32,0,8,,0,0,0,0,0,0,0,0,0,,-250,192,,0,0,0,0
1604436718184,10,1010123456009,77,,1,0,6,1,0,,12.7536,69,184191,0.144932,27,0,7.5,,0,0,0,0,0,0,0,0,0,,-250,156,,0,0,0,0
1604436718434,10,1010123456009,77,,1,0,6,1,0,,12.098,51,184150,0.102683,21,0,7.16667,,0,0,0,0,0,0,0,0,0,,-250,116,,0,0,0,0
1604436718684,10,1010123456009,77,,1,0,6,1,0,,11.2647,68,183655,0.111839,27,0,7,,9.125,16,0,0.1,6,0,0,13.9611,31,,-250,150,,0,0,0,1.1875
1604436718934,10,1010123456009,77,,1,0,6,1,0,,11.4878,82,183536,0.142618,32,0,7,,0,0,0,0,0,0,0,0,0,,-250,194,,0,0,0,0
1604436719184,10,1010123456009,77,,1,0,6,1,0,,11.1471,68,184407,0.110008,27,0,7,,0,0,0,0,0,0,0,0,0,,-250,152,,0,0,0,0
1604436719434,10,1010123456009,77,,1,0,6,1,0,,10.8667,45,183787,0.0768514,20,0,7,,0,0,0,0,0,0,0,0,0,,-250,92,,0,0,0,0
1604436719684,10,1010123456009,77,,1,0,6,1,0,,10.95,80,184517,0.11412,31,0,7,,4.12,25,0,0.1,10,0,0,9.55479,31,,-250,168,,0,0,0,1
1604436719934,10,1010123456009,77,,1,0,6,1,0,,11.4386,57,184369,0.0996627,23,0,7,,0,0,0,0,0,0,0,0,0,,-250,132,,0,0,0,0
1604436720184,10,1010123456009,77,,1,0,6,1,0,,11.3208,53,184371,0.100594,24,0,7,,0,0,0,0,0,0,0,0,0,,-250,128,,0,0,0,0
1604436720434,10,1010123456009,77,,1,0,6,1,0,,11.7821,78,184424,0.136932,30,0,7,,0,0,0,0,0,0,0,0,0,,-250,182,,0,0,0,0
1604436720684,10,1010123456009,77,,1,0,6,1,0,,10.7361,72,184090,0.101494,28,0,7,,3.25,24,0,0.1,9,0,0,7.67703,31,,-250,146,,0,0,0,1.125
1604436720934,10,1010123456009,77,,1,0,6,1,0,,11.5,86,183776,0.153799,35,0,7,,0,0,0,0,0,0,0,0,0,,-250,206,,0,0,0,0
1604436721184,10,1010123456009,77,,1,0,6,1,0,,11.3194,72,183079,0.117815,28,0,7,,0,0,0,0,0,0,0,0,0,,-250,160,,0,0,0,0
1604436721434,10,1010123456009,77,,1,0,6,1,0,,11.5882,51,183254,0.0942008,21,0,7,,0,0,0,0,0,0,0,0,0,,-250,116,,0,0,0,0
1604436721684,10,1010123456009,77,,1,0,6,1,0,,11.0167,60,183325,0.0978313,24,0,7,,7.3,20,0,0.1,8,0,0,13.0365,31,,-250,126,,0,0,0,1.1
1604436721934,10,1010123456009,77,,1,0,6,1,0,,11.2289,83,183686,0.130859,31,0,7,,0,0,0,0,0,0,0,0,0,,-250,178,,0,0,0,0
1604436722184,10,1010123456009,77,,1,0,6,1,0,,11.4868,76,184307,0.122345,29,0,7,,0,0,0,0,0,0,0,0,0,,-250,162,,0,0,0,0
1604436722434,10,1010123456009,77,,1,0,6,1,0,,11.1154,52,184653,0.0837912,21,0,7,,0,0,0,0,0,0,0,0,0,,-250,118,,0,0,0,0
1604436722684,10,1010123456009,77,,1,0,6,1,0,,10.8108,37,184359,0.0574779,15,0,7,,7,15,148738,0.1,5,40,0,7.52582,0,,-250,82,,0,0,0,4.6
1604436722934,10,1010123456009,77,,1,0,6,1,0,,10.7547,53,183323,0.0823454,22,0,6.8,,7,16,0,0.1,6,0,0,11.3943,31,,-250,116,,0,0,0,1
1604436723184,10,1010123456009,77,,1,0,6,1,0,,11.2877,73,183785,0.12739,29,0,6.8,,0,0,0,0,0,0,0,0,0,,-250,174,,0,0,0,0
1604436723434,10,1010123456009,77,,1,0,6,1,0,,9.86111,72,183271,0.109462,30,0,6.5,,0,0,0,0,0,0,0,0,0,,-250,174,,0,0,0,0
1604436723684,10,1010123456009,77,,1,0,6,1,0,,11.3171,82,183658,0.133365,32,0,7,,5.09524,21,0,0.1,9,0,0,12.6961,31,,-250,174,,0,0,0,1
1604436723934,10,1010123456009,77,,1,0,6,1,0,,10.9565,69,183189,0.0964819,23,0,6.66667,,0,0,0,0,0,0,0,0,0,,-250,156,,0,0,0,0
1604436724184,10,1010123456009,77,,1,0,6,1,0,,10.9344,61,184482,0.0999839,24,0,6.83333,,0,0,0,0,0,0,0,0,0,,-250,136,,0,0,0,0
1604436724434,10,1010123456009,77,,1,0,6,1,0,,10.3788,66,184361,0.110169,28,0,6.66667,,0,0,0,0,0,0,0,0,0,,-250,144,,0,0,0,0
1604436724684,10,1010123456009,77,,1,0,6,1,0,,10.8182,55,184370,0.0940402,24,0,6.85714,,4.45455,22,0,0.1,9,0,0,11.6608,31,,-250,136,,0,0,0,1
1604436724934,10,1010123456009,77,,1,0,6,1,0,,11.6667,42,183317,0.0784257,17,0,7,,0,0,0,0,0,0,0,0,0,,-250,108,,0,0,0,0
1604436725184,10,1010123456009,77,,1,0,6,1,0,,10.9756,41,184138,0.0737671,18,0,6.83333,,0,0,0,0,0,0,0,0,0,,-250,94,,0,0,0,0
1604436725434,10,1010123456009,77,,1,0,6,1,0,,10.3793,58,184459,0.0848193,22,0,6.66667,,0,0,0,0,0,0,0,0,0,,-250,124,,0,0,0,0
1604436725684,10,1010123456009,77,,1,0,6,1,0,,10.1039,77,183764,0.117205,32,0,6.57143,,4.69231,26,0,0.1,10,0,0,10.2953,31,,-250,180,,0,0,0,1
1604436725934,10,1010123456009,77,,1,0,6,1,0,,10.8485,66,183168,0.115213,28,0,6.75,,0,0,0,0,0,0,0,0,0,,-250,160,,0,0,0,0
1604436726184,10,1010123456009,77,,1,0,6,1,0,,11.1786,56,183195,0.089248,22,0,7,,0,0,0,0,0,0,0,0,0,,-250,130,,0,0,0,0
1604436726434,10,1010123456009,77,,1,0,6,1,0,,10.2632,57,183421,0.0926265,23,0,6.5,,0,0,0,0,0,0,0,0,0,,-250,132,,0,0,0,0
1604436726684,10,1010123456009,77,,1,0,6,1,0,,10.4688,64,184571,0.109558,28,0,6.71429,,5.07692,26,0,0.1,10,0,0,10.7415,31,,-250,154,,0,0,0,1.07692
1604436726934,10,1010123456009,77,,1,0,6,1,0,,10.3636,55,183440,0.0853655,22,0,6.33333,,0,0,0,0,0,0,0,0,0,,-250,128,,0,0,0,0
1604436727184,10,1010123456009,77,,1,0,6,1,0,,10.0455,88,183713,0.129189,34,0,6.33333,,0,0,0,0,0,0,0,0,0,,-250,206,,0,0,0,0
1604436727434,10,1010123456009,77,,1,0,6,1,0,,9.8,40,183400,0.0629719,17,0,6.33333,,0,0,0,0,0,0,0,0,0,,-250,92,,0,0,0,0
1604436727684,10,1010123456009,77,,1,0,6,1,0,,10.6024,83,183997,0.123213,32,0,6.85714,,4.65385,26,0,0.1,11,0,0,11.9838,31,,-250,180,,0,0,0,1.15385
1604436727934,10,1010123456009,77,,1,0,6,1,0,,11.2708,48,184540,0.0760803,18,0,7,,0,0,0,0,0,0,0,0,0,,-250,102,,0,0,0,0
1604436728184,10,1010123456009,77,,1,0,6,1,0,,11.3469,49,183766,0.0699116,17,0,7,,0,0,0,0,0,0,0,0,0,,-250,98,,0,0,0,0
1604436728434,10,1010123456009,77,,1,0,6,1,0,,11.4565,46,184249,0.0839839,19,0,7,,0,0,0,0,0,0,0,0,0,,-250,104,,0,0,0,0
1604436728684,10,1010123456009,77,,1,0,6,1,0,,11.1837,49,183310,0.0741526,18,0,7,,5.68966,29,0,0.1,11,0,0,11.099,31,,-250,106,,0,0,0,1
1604436728934,10,1010123456009,77,,1,0,6,1,0,,11.1719,64,184422,0.110811,27,0,7,,0,0,0,0,0,0,0,0,0,,-250,144,,0,0,0,0
1604436729184,10,1010123456009,77,,1,0,6,1,0,,11.5085,59,184223,0.10144,23,0,7,,0,0,0,0,0,0,0,0,0,,-250,134,,0,0,0,0
1604436729434,10,1010123456009,77,,1,0,6,1,0,,11.6122,49,184359,0.0864578,19,0,7,,0,0,0,0,0,0,0,0,0,,-250,120,,0,0,0,0
1604436729684,10,1010123456009,77,,1,0,6,1,0,,11.92,50,184325,0.0964177,21,0,7,,7.33333,15,0,0.1,6,0,0,11.5141,31,,-250,122,,0,0,0,1.13333
1604436729934,10,1010123456009,77,,1,0,6,1,0,,11.24,50,184455,0.0907631,21,0,7,,0,0,0,0,0,0,0,0,0,,-250,126,,0,0,0,0
1604436730184,10,1010123456009,77,,1,0,6,1,0,,10.1944,72,183929,0.112386,30,0,6.8,,0,0,0,0,0,0,0,0,0,,-250,168,,0,0,0,0
1604436730434,10,1010123456009,77,,1,0,6,1,0,,10.0469,64,183946,0.0926265,24,0,6.4,,0,0,0,0,0,0,0,0,0,,-250,146,,0,0,0,0
1604436730684,10,1010123456009,77,,1,0,6,1,0,,11.7586,58,183681,0.111068,25,0,7,,5.61905,21,0,0.1,9,0,0,9.31056,31,,-250,134,,0,0,0,1.71429
1604436730934,10,1010123456009,77,,1,0,6,1,0,,10.5,64,183353,0.0960964,24,0,6.66667,,0,0,0,0,0,0,0,0,0,,-249,154,,0,0,0,0
1604436731184,10,1010123456009,77,,1,0,6,1,0,,10.8806,67,184244,0.118747,29,0,6.83333,,0,0,0,0,0,0,0,0,0,,-250,158,,0,0,0,0
1604436731434,10,1010123456009,77,,1,0,6,1,0,,9.82051,39,183944,0.0549398,15,0,6.5,,0,0,0,0,0,0,0,0,0,,-250,92,,0,0,0,0
1604436731684,10,1010123456009,77,,1,0,6,1,0,,10.7069,58,183950,0.0972209,25,0,6.66667,,5.46154,13,0,0.1,5,0,0,12.6101,31,,-250,134,,0,0,0,1
1604436731934,10,1010123456009,77,,1,0,6,1,0,,10.9762,84,183781,0.154217,37,0,6.6,,0,0,0,0,0,0,0,0,0,,-250,206,,0,0,0,0
1604436732184,10,1010123456009,77,,1,0,6,1,0,,10.2,45,184353,0.0763052,19,0,6.66667,,0,0,0,0,0,0,0,0,0,,-250,114,,0,0,0,0
1604436732434,10,1010123456009,77,,1,0,6,1,0,,11.7963,54,184144,0.096928,21,0,7,,0,0,0,0,0,0,0,0,0,,-250,132,,0,0,0,0
1604436732684,10,1010123456009,77,,1,0,6,1,0,,11.4355,62,183679,0.115695,27,0,7,,6.57143,21,0,0.1,8,0,0,9.95159,31,,-250,144,,0,0,0,2.42857
1604436732934,10,1010123456009,77,,1,0,6,1,0,,11.4848,33,183375,0.0578635,14,0,7,,0,0,0,0,0,0,0,0,0,,-250,76,,0,0,0,0
1604436733184,10,1010123456009,77,,1,0,6,1,0,,11.3562,73,183983,0.113028,27,0,7,,0,0,0,0,0,0,0,0,0,,-250,166,,0,0,0,0
1604436733434,10,1010123456009,77,,1,0,6,1,0,,11.1967,61,183722,0.10461,25,0,7,,0,0,0,0,0,0,0,0,0,,-250,142,,0,0,0,0
1604436733684,10,1010123456009,77,,1,0,6,1,0,,11.3472,72,184312,0.12739,30,0,7,,10.3,30,0,0.117558,12,8.33333,0,10.9072,31,,-250,166,,0,0,0,2.86667
1604436733934,10,1010123456009,77,,1,0,6,1,0,,11.7534,73,182990,0.139116,30,0,7,,0,0,0,0,0,0,0,0,0,,-250,180,,0,0,0,0
1604436734184,10,1010123456009,77,,1,0,6,1,0,,11.5102,49,183453,0.0798394,18,0,7,,0,0,0,0,0,0,0,0,0,,-250,104,,0,0,0,0
1604436734434,10,1010123456009,77,,1,0,6,1,0,,10.8478,46,184046,0.0631647,16,0,7,,0,0,0,0,0,0,0,0,0,,-250,106,,0,0,0,0
1604436734684,10,1010123456009,77,,1,0,6,1,0,,11.6667,48,183875,0.117568,26,0,7,,9.5,8,0,0.1,3,0,0,15.9524,31,,-250,132,,0,0,0,1.75
1604436734934,10,1010123456009,77,,1,0,6,1,0,,11.6875,48,183936,0.0932048,21,0,7,,0,0,0,0,0,0,0,0,0,,-250,122,,0,0,0,0
1604436735184,10,1010123456009,77,,1,0,6,1,0,,11.549,51,184297,0.078144,18,0,7,,0,0,0,0,0,0,0,0,0,,-250,110,,0,0,0,0
1604436735434,10,1010123456009,77,,1,0,6,1,0,,11.6,65,183839,0.110426,25,0,7,,0,0,0,0,0,0,0,0,0,,-250,146,,0,0,0,0
1604436735684,10,1010123456009,77,,1,0,6,1,0,,11.5593,59,183430,0.11351,25,0,7,,8.08333,12,0,0.1,5,0,0,10.6958,31,,-250,144,,0,0,0,1.66667
1604436735934,10,1010123456009,77,,1,0,6,1,0,,11.3016,63,184591,0.0983454,23,0,7,,0,0,0,0,0,0,0,0,0,,-250,138,,0,0,0,0
1604436736184,10,1010123456009,77,,1,0,6,1,0,,11.2353,51,183358,0.0853333,22,0,7,,0,0,0,0,0,0,0,0,0,,-250,120,,0,0,0,0
1604436736434,10,1010123456009,77,,1,0,6,1,0,,11.25,64,184257,0.122345,28,0,7,,0,0,0,0,0,0,0,0,0,,-250,156,,0,0,0,0
1604436736684,10,1010123456009,77,,1,0,6,1,0,,11.3188,69,183810,0.110201,27,0,7,,6.94118,17,0,0.1,7,0,0,13.3737,31,,-250,150,,0,0,0,2.11765
1604436736934,10,1010123456009,77,,1,0,6,1,0,,11.1452,62,183499,0.101365,24,0,7,,0,0,0,0,0,0,0,0,0,,-250,146,,0,0,0,0
1604436737184,10,1010123456009,77,,1,0,6,1,0,,10.9048,84,183322,0.153028,36,0,6.66667,,0,0,0,0,0,0,0,0,0,,-251,212,,0,0,0,0
1604436737434,10,1010123456009,77,,1,0,6,1,0,,11.451,51,183411,0.0922731,21,0,7,,12,3,0,0.1,1,0,0,8.81652,31,,-249,116,,0,0,0,2
1604436737684,10,1010123456009,77,,1,0,6,1,0,,11.4576,59,183335,0.0976064,22,0,7,,3.58824,17,0,0.1,7,0,0,6.45797,31,,-250,132,,0,0,0,2.05882
1604436737934,10,1010123456009,77,,1,0,6,1,0,,11.5696,79,184617,0.147791,33,0,7,,0,2,0,0.1,1,0,0,0,31,,-250,194,,0,0,0,0
1604436738184,10,1010123456009,77,,1,0,6,1,0,,11.8462,52,184458,0.100562,22,0,7,,0,0,0,0,0,0,0,0,0,,-250,128,,0,0,0,0
1604436738434,10,1010123456009,77,,1,0,6,1,0,,11.8254,63,183784,0.112707,24,0,7.2,,0,0,0,0,0,0,0,0,0,,-250,150,,0,0,0,0
1604436738684,10,1010123456009,77,,1,0,6,1,0,,11.6026,78,184117,0.130378,31,0,7.33333,,8.54545,33,0,0.1,13,15.3846,0,13.0175,31,,-250,170,,0,0,0,3.18182
1604436738934,10,1010123456009,77,,1,0,6,1,0,,13.8485,66,183621,0.164337,27,0,8,,0,0,0,0,0,0,0,0,0,,-250,156,,0,0,0,0
1604436739184,10,1010123456009,77,,1,0,6,1,0,,12.7468,79,183673,0.136193,29,0,7.8,,0,0,0,0,0,0,0,0,0,,-250,160,,0,0,0,0
1604436739434,10,1010123456009,77,,1,0,6,1,0,,11.7838,74,184088,0.12739,29,0,7.33333,,0,0,0,0,0,0,0,0,0,,-250,166,,0,0,0,0
1604436739684,10,1010123456009,77,,1,0,6,1,0,,13.2826,46,183621,0.100112,18,0,8,,3.4,35,0,0.1,14,0,0,9.733,31,,-250,116,,0,0,0,1.05714
1604436739934,10,1010123456009,77,,1,0,6,1,0,,12.3158,57,183192,0.119454,25,0,7.5,,0,0,0,0,0,0,0,0,0,,-250,126,,0,0,0,0
1604436740184,10,1010123456009,77,,1,0,6,1,0,,13.7925,53,183255,0.145863,24,0,7.83333,,0,0,0,0,0,0,0,0,0,,-250,138,,0,0,0,0
1604436740434,10,1010123456009,77,,1,0,6,1,0,,12.3472,72,183332,0.135133,27,0,7.16667,,0,2,0,0.1,1,0,0,0,31,,-250,164,,0,0,0,0
1604436740684,10,1010123456009,77,,1,0,6,1,0,,11.1493,67,184345,0.109719,26,0,7,,3.92308,39,0,0.1,14,14.2857,0,8.69117,31,,-250,152,,0,0,0,3.23077
1604436740934,10,1010123456009,77,,1,0,6,1,0,,10.902,51,183146,0.0875181,22,0,7,,0,0,0,0,0,0,0,0,0,,-250,124,,0,0,0,0
1604436741184,10,1010123456009,77,,1,0,6,1,0,,11.4444,81,183191,0.140819,33,0,7,,0,0,0,0,0,0,0,0,0,,-250,186,,0,0,0,0
1604436741434,10,1010123456009,77,,1,0,6,1,0,,11.3922,51,183511,0.0894458,21,0,7,,0,0,0,0,0,0,0,0,0,,-250,112,,0,0,0,0
1604436741684,10,1010123456009,77,,1,0,6,1,0,,11.3846,78,183978,0.127486,30,0,7,,3.25,28,0,0.1,11,0,0,8.63168,31,,-250,168,,0,0,0,1.28571
1604436741934,10,1010123456009,77,,1,0,6,1,0,,10.661,59,184151,0.0896064,22,0,6.4,,0,0,0,0,0,0,0,0,0,,-250,128,,0,0,0,0
1604436742184,10,1010123456009,77,,1,0,6,1,0,,9.17241,58,184544,0.0824739,24,0,6,,0,0,0,0,0,0,0,0,0,,-250,140,,0,0,0,0
1604436742434,10,1010123456009,77,,1,0,6,1,0,,9,48,183995,0.066249,20,0,6.25,,0,2,0,0.1,1,0,0,0,31,,-250,112,,0,0,0,0
1604436742684,10,1010123456009,77,,1,0,6,1,0,,9.8125,48,183452,0.063261,19,0,7.66667,,4.65,20,0,0.1,9,11.1111,0,8.74409,31,,-250,100,,0,0,0,1.9
1604436742934,10,1010123456009,77,,1,0,6,1,0,,15.2551,98,183670,0.270618,39,0,6,,0,0,0,0,0,0,0,0,0,,-250,236,,0,0,0,0
1604436743184,10,1010123456009,77,,1,0,6,1,0,,12.3662,71,184543,0.166972,31,0,8,,0,0,0,0,0,0,0,0,0,,-250,170,,0,0,0,0
1604436743434,10,1010123456009,77,,1,0,6,1,0,,9.22727,66,183306,0.0852048,24,0,6,,0,0,0,0,0,0,0,0,0,,-250,150,,0,0,0,0
1604436743684,10,1010123456009,77,,1,0,6,1,0,,8.89855,69,183696,0.0867149,28,0,6,,4.90476,21,0,0.1,8,0,0,7.03125,31,,-250,142,,0,0,0,2.71429
1604436743934,10,1010123456009,77,,1,0,6,1,0,,9.08,50,184388,0.0678233,20,0,6,,0,0,0,0,0,0,0,0,0,,-250,124,,0,0,0,0
1604436744184,10,1010123456009,77,,1,0,6,1,0,,13.0294,68,183581,0.150072,27,0,8,,0,0,0,0,0,0,0,0,0,,-250,158,,0,0,0,0
1604436744434,10,1010123456009,77,,1,0,6,1,0,,16.9859,71,183754,0.243534,28,0,8.5,,0,2,0,0.1,1,0,0,0,31,,-250,168,,0,0,0,0
1604436744684,10,1010123456009,77,,1,0,6,1,0,,8.75,48,183394,0.0676627,22,0,7.66667,,0,0,0,0,0,0,0,0,0,,-250,104,,0,0,0,0
1604436744934,10,1010123456009,77,,1,0,6,1,0,,14.7193,57,184597,0.148916,24,0,6.8,,0,0,0,0,0,0,0,0,0,,-250,140,,0,0,0,0
1604436745184,10,1010123456009,77,,1,0,6,1,0,,19.2267,75,183750,0.247807,28,0,9.33333,,0,0,0,0,0,0,0,0,0,,-250,160,,0,0,0,0
1604436745434,10,1010123456009,77,,1,0,6,1,0,,16.9649,57,183877,0.19743,25,0,7.66667,,0,0,0,0,0,0,0,0,0,,-250,134,,0,0,0,0
1604436745684,10,1010123456009,77,,1,0,6,1,0,,18.2745,51,184315,0.173333,22,0,9.75,,0,0,0,0,0,0,0,0,0,,-250,120,,0,0,0,0
1604436745934,10,1010123456009,77,,1,0,6,1,0,,12.1321,53,183942,0.106924,21,0,6,,0,0,0,0,0,0,0,0,0,,-250,122,,0,0,0,0
1604436746184,10,1010123456009,77,,1,0,6,1,0,,5.39394,66,183880,0.05088,24,0,3,,2.24528,53,0,0.1,21,0,0,8.16032,31,,-250,138,,0,0,0,1.15094
1604436746434,10,1010123456009,77,,1,0,6,1,0,,3.53191,47,184357,0.0331245,19,0,6,,0,0,0,0,0,0,0,0,0,,-250,116,,0,0,0,0
1604436746684,10,1010123456009,77,,1,0,6,1,0,,6.07692,65,184549,0.0892851,25,0,7.33333,,4.4375,16,0,0.1,6,0,0,8.28363,31,,-250,154,,0,0,0,1.125
1604436746934,10,1010123456009,77,,1,0,6,1,0,,2.28,50,183807,0.0264096,20,0,6,,0,0,0,0,0,0,0,0,0,,-250,120,,0,0,0,0
1604436747184,10,1010123456009,77,,1,0,6,1,0,,17.1818,44,183773,0.130602,17,0,9.33333,,2,3,0,0.1,1,0,0,4.74509,31,,-250,104,,0,0,0,1
1604436747434,10,1010123456009,77,,1,0,6,1,0,,18.5342,73,183332,0.255936,28,0,6,,0,0,0,0,0,0,0,0,0,,-250,164,,0,0,0,0
1604436747684,10,1010123456009,77,,1,0,6,1,0,,13.3438,64,183482,0.140273,25,0,7.66667,,0,0,0,0,0,0,0,0,0,,-250,136,,0,0,0,0
1604436747934,10,1010123456009,77,,1,0,6,1,0,,9.42553,47,184239,0.0702651,20,0,6.25,,1.55,100,0,0.106763,40,0,0,7.00467,31,,-250,116,,0,0,0,1.2
1604436748184,10,1010123456009,77,,1,0,6,1,0,,11.2885,52,184186,0.0955823,19,0,9,,0,0,0,0,0,0,0,0,0,,-250,116,,0,0,0,0
1604436748434,10,1010123456009,77,,1,0,6,1,0,,9.5082,61,183302,0.074506,23,0,0.1,,0,0,0,0,0,0,0,0,0,,-250,126,,0,0,0,0
1604436748684,10,1010123456009,77,,1,0,6,1,0,,11.9792,48,184297,0.112675,22,0,8.5,,0,0,0,0,0,0,0,0,0,,-250,118,,0,0,0,0
1604436748934,10,1010123456009,77,,1,0,6,1,0,,10.1957,46,183484,0.0709398,18,0,6.4,,0,0,0,0,0,0,0,0,0,,-250,110,,0,0,0,0
1604436749184,10,1010123456009,77,,1,0,6,1,0,,17.5778,45,183471,0.144867,19,0,8.5,,0,0,0,0,0,0,0,0,0,,-250,104,,0,0,0,0
1604436749434,10,1010123456009,77,,1,0,6,1,0,,9.56923,65,183449,0.0961928,27,0,6,,0,0,0,0,0,0,0,0,0,,-250,158,,0,0,0,0
1604436749684,10,1010123456009,77,,1,0,6,1,0,,11.9688,64,183683,0.130153,24,0,8.5,,0,0,0,0,0,0,0,0,0,,-250,146,,0,0,0,0
1604436749935,10,1010123456009,77,,1,0,6,1,0,,14.6441,59,183307,0.156672,24,0,7.66667,,0,0,0,0,0,0,0,0,0,,-250,138,,0,0,0,0
1604436750184,10,1010123456009,77,,1,0,6,1,0,,9.4,60,183594,0.0826988,23,0,6,,0.693878,49,0,0.1,20,0,0,6.47284,31,,-250,140,,0,0,0,1
1604436750434,10,1010123456009,77,,1,0,6,1,0,,20.2059,68,183306,0.281542,28,0,12.5,,0.862745,51,0,0.1,20,10,0,5.49813,31,,-250,160,,0,0,0,2.11765
1604436750684,10,1010123456009,77,,1,0,6,1,0,,19.0196,51,183710,0.166747,20,0,8.5,,0,0,0,0,0,0,0,0,0,,-250,118,,0,0,0,0
1604436750934,10,1010123456009,77,,1,0,6,1,0,,19.7297,74,183308,0.256803,29,0,11,,0,0,0,0,0,0,0,0,0,,-250,160,,0,0,0,0
1604436751184,10,1010123456009,77,,1,0,6,1,0,,20.2812,64,184246,0.251855,25,0,9,,0,0,0,0,0,0,0,0,0,,-250,152,,0,0,0,0
1604436751434,10,1010123456009,77,,1,0,6,1,0,,16.8636,44,184389,0.143679,20,0,8,,0,0,0,0,0,0,0,0,0,,-250,108,,0,0,0,0
1604436751684,10,1010123456009,77,,1,0,6,1,0,,20.1864,59,183129,0.228305,24,0,11,,0,0,0,0,0,0,0,0,0,,-250,136,,0,0,0,0
1604436751934,10,1010123456009,77,,1,0,6,1,0,,22.6,60,183629,0.248707,23,0,13,,0,2,0,0.1,1,0,0,0,31,,-250,136,,0,0,0,0
1604436752184,10,1010123456009,77,,1,0,6,1,0,,22.507,71,183541,0.340594,29,0,6,,0.1,3,0,0.1,1,0,0,7.15869,31,,-250,166,,0,0,0,1
1604436752434,10,1010123456009,77,,1,0,6,1,0,,19.4091,66,182445,0.242763,25,0,13,,0,0,0,0,0,0,0,0,0,,-250,152,,0,0,0,0
1604436752684,10,1010123456009,77,,1,0,6,1,0,,25.8644,59,183266,0.314185,23,0,13,,0,0,0,0,0,0,0,0,0,,-250,124,,0,0,0,0
1604436752934,10,1010123456009,77,,1,0,6,1,0,,24.65,60,183450,0.320096,25,0,0.1,,0,0,0,0,0,0,0,0,0,,-250,142,,0,0,0,0
1604436753184,10,1010123456009,77,,1,0,6,1,0,,22.4932,73,183387,0.332498,29,0,11,,0,0,0,0,0,0,0,0,0,,-250,166,,0,0,0,0
1604436753434,10,1010123456009,77,,1,0,6,1,0,,6.01333,75,183411,0.106538,31,0,5.33333,,0,0,0,0,0,0,0,0,0,,-250,174,,0,0,0,0
1604436753684,10,1010123456009,77,,1,0,6,1,0,,9.48837,86,183173,0.120289,30,0,10.5,,0,0,0,0,0,0,0,0,0,,-250,186,,0,0,0,0
1604436753934,10,1010123456009,77,,1,0,6,1,0,,15.5614,57,184085,0.188273,27,0,6,,0,0,0,0,0,0,0,0,0,,-250,136,,0,0,0,0
1604436754184,10,1010123456009,77,,1,0,6,1,0,,17.7941,68,183431,0.208932,26,0,8.5,,0,0,0,0,0,0,0,0,0,,-250,144,,0,0,0,0
1604436754434,10,1010123456009,77,,1,0,6,1,0,,19.1458,48,184157,0.163598,19,0,11.5,,0,0,0,0,0,0,0,0,0,,-250,102,,0,0,0,0
1604436754684,10,1010123456009,77,,1,0,6,1,0,,21.1364,44,183123,0.153092,15,0,11,,0,0,0,0,0,0,0,0,0,,-250,98,,0,0,0,0
1604436754934,10,1010123456009,77,,1,0,6,1,0,,17,51,183341,0.19788,23,0,9,,0,0,0,0,0,0,0,0,0,,-250,132,,0,0,0,0
1604436755184,10,1010123456009,77,,1,0,6,1,0,,11.1731,52,183403,0.0923052,21,0,9,,0,0,0,0,0,0,0,0,0,,-250,110,,0,0,0,0
1604436755434,10,1010123456009,77,,1,0,6,1,0,,11.9118,68,183017,0.14702,30,0,9,,1.47222,108,0,0.1,42,21.4286,0,5.69384,31,,-250,172,,0,0,0,3.25
1604436755684,10,1010123456009,77,,1,0,6,1,0,,20.8378,74,184524,0.289414,30,0,0.1,,0,0,0,0,0,0,0,0,0,,-250,162,,0,0,0,0
1604436755934,10,1010123456009,77,,1,0,6,1,0,,17.9683,63,184128,0.200707,26,0,9.33333,,0,0,0,0,0,0,0,0,0,,-250,140,,0,0,0,0
1604436756184,10,1010123456009,77,,1,0,6,1,0,,14.4571,70,182520,0.165719,26,0,8,,0.625,64,0,0.1,26,11.5385,0,5.62975,31,,-250,174,,0,0,0,2.21875
1604436756434,10,1010123456009,77,,1,0,6,1,0,,18.2576,66,183364,0.212562,26,0,9.66667,,0,0,0,0,0,0,0,0,0,,-250,146,,0,0,0,0
1604436756684,10,1010123456009,77,,1,0,6,1,0,,11.4861,72,183344,0.161092,31,0,7.2,,0,0,0,0,0,0,0,0,0,,-250,176,,0,0,0,0
1604436756934,10,1010123456009,77,,1,0,6,1,0,,15.6538,52,184380,0.157301,20,0,9.6,,0.791667,48,0,0.1,19,0,0,6.54797,31,,-250,120,,0,0,0,1
1604436757185,10,1010123456009,77,,1,0,6,1,0,,14.4667,60,184233,0.146368,24,0,8.6,,0,0,0,0,0,0,0,0,0,,-251,144,,0,0,0,0
1604436757434,10,1010123456009,77,,1,0,6,1,0,,17.678,59,183810,0.193574,21,0,6,,0,0,0,0,0,0,0,0,0,,-249,132,,0,0,0,0
1604436757684,10,1010123456009,77,,1,0,6,1,0,,18.1833,60,184358,0.220016,26,0,6.8,,0,0,0,0,0,0,0,0,0,,-250,142,,0,0,0,0
1604436757934,10,1010123456009,77,,1,0,6,1,0,,6.96,75,183298,0.083712,31,0,6,,0,0,0,0,0,0,0,0,0,,-250,178,,0,0,0,0
1604436758184,10,1010123456009,77,,1,0,6,1,0,,11.8636,66,183763,0.130378,27,0,6.83333,,3.60714,56,0,0.1,21,23.8095,0,6.11919,31,,-250,148,,0,0,0,3.44643
1604436758434,10,1010123456009,77,,1,0,6,1,0,,8.89873,79,183773,0.0955502,30,0,6,,2.16438,73,0,0.1,30,0,0,7.68263,31,,-250,164,,0,0,0,1.13699
1604436758684,10,1010123456009,77,,1,0,6,1,0,,11.0182,55,183813,0.0905382,22,0,7.66667,,1.09677,31,0,0.1,13,0,0,8.15869,31,,-250,118,,0,0,0,1.12903
1604436758934,10,1010123456009,77,,1,0,6,1,0,,11.1228,57,183719,0.0975743,23,0,7,,0,0,0,0,0,0,0,0,0,,-250,134,,0,0,0,0
1604436759184,10,1010123456009,77,,1,0,6,1,0,,9.17857,56,184258,0.0776546,23,0,6,,4.05556,18,0,0.1,7,0,0,7.28097,31,,-250,130,,0,0,0,1
1604436759434,10,1010123456009,77,,1,0,6,1,0,,9.85714,42,183785,0.0671486,18,0,6,,0.1,7,0,0.1,3,0,0,6.88481,0,,-250,102,,0,0,0,1
1604436759684,10,1010123456009,77,,1,0,6,1,0,,9.01408,71,184081,0.0824739,28,0,6,,1.97436,39,0,0.1,16,0,0,8.51283,31,,-250,146,,0,0,0,1.33333
1604436759934,10,1010123456009,77,,1,0,6,1,0,,9.66197,71,183861,0.103197,28,0,6,,0,0,0,0,0,0,0,0,0,,-250,168,,0,0,0,0
1604436760184,10,1010123456009,77,,1,0,6,1,0,,12.2542,59,184068,0.130667,25,0,7.25,,0,0,0,0,0,0,0,0,0,,-250,148,,0,0,0,0
1604436760434,10,1010123456009,77,,1,0,6,1,0,,9.23611,72,184013,0.101655,29,0,6,,7,3,0,0.1,1,0,0,10.1788,31,,-250,164,,0,0,0,1
1604436760684,10,1010123456009,77,,1,0,6,1,0,,10.7656,64,183550,0.102144,25,0,7.33333,,5.53846,13,0,0.1,5,0,0,9.69529,31,,-250,146,,0,0,0,1.15385
1604436760934,10,1010123456009,77,,1,0,6,1,0,,17.5227,44,183365,0.153221,18,0,9.4,,0,0,0,0,0,0,0,0,0,,-250,104,,0,0,0,0
1604436761184,10,1010123456009,77,,1,0,6,1,0,,12.18,50,183417,0.0979277,21,0,9,,0,0,0,0,0,0,0,0,0,,-250,116,,0,0,0,0
1604436761434,10,1010123456009,77,,1,0,6,1,0,,19.2373,59,183920,0.21343,23,0,7,,0,0,0,0,0,0,0,0,0,,-250,140,,0,0,0,0
1604436761684,10,1010123456009,77,,1,0,6,1,0,,16.3269,52,183886,0.146153,21,0,9.8,,0,0,0,0,0,0,0,0,0,,-250,116,,0,0,0,0
1604436761934,10,1010123456009,77,,1,0,6,1,0,,11.3692,65,183406,0.107373,25,0,6.5,,2.78571,28,0,0.1,12,8.33333,0,7.11293,31,,-250,144,,0,0,0,2.28571
1604436762184,10,1010123456009,77,,1,0,6,1,0,,11.1071,56,183458,0.0973494,23,0,6.66667,,0,0,0,0,0,0,0,0,0,,-250,128,,0,0,0,0
1604436762434,10,1010123456009,77,,1,0,6,1,0,,12.5775,71,184579,0.152289,30,0,7.2,,0,0,0,0,0,0,0,0,0,,-250,172,,0,0,0,0
1604436762684,10,1010123456009,77,,1,0,6,1,0,,15.9036,83,184152,0.236659,33,0,9,,2.73077,26,0,0.1,11,9.09091,0,8.06703,31,,-250,188,,0,0,0,2.07692
1604436762934,10,1010123456009,77,,1,0,6,1,0,,17.7458,59,184181,0.195181,23,0,7.25,,0,0,0,0,0,0,0,0,0,,-250,130,,0,0,0,0
1604436763184,10,1010123456009,77,,1,0,6,1,0,,9.69231,52,183434,0.0721928,21,0,6,,0,0,0,0,0,0,0,0,0,,-250,118,,0,0,0,0
1604436763434,10,1010123456009,77,,1,0,6,1,0,,18.1061,66,182566,0.197173,25,0,9.33333,,0,0,0,0,0,0,0,0,0,,-250,148,,0,0,0,0
1604436763684,10,1010123456009,77,,1,0,6,1,0,,21.1324,68,183204,0.271743,28,0,0.1,,0,0,0,0,0,0,0,0,0,,-250,146,,0,0,0,0
1604436763934,10,1010123456009,77,,1,0,6,1,0,,20.6885,61,183440,0.236627,25,0,0.1,,0,0,0,0,0,0,0,0,0,,-250,132,,0,0,0,0
1604436764184,10,1010123456009,77,,1,0,6,1,0,,13.4407,59,183659,0.108145,21,0,9.66667,,0,0,0,0,0,0,0,0,0,,-250,130,,0,0,0,0
1604436764434,10,1010123456009,77,,1,0,6,1,0,,10.7833,60,183630,0.112578,24,0,7.33333,,3.48148,27,0,0.1,10,10,0,6.88341,31,,-250,138,,0,0,0,2.11111
1604436764684,10,1010123456009,77,,1,0,6,1,0,,9.38461,52,184098,0.085494,22,0,6,,9.17647,17,17,0.1,6,33.3333,0,9.59774,31,,-250,128,,0,0,0,4.70588
1604436764934,10,1010123456009,77,,1,0,6,1,0,,16.8654,52,184395,0.180048,20,0,7,,6.36364,11,0,0.1,5,0,0,11.4624,31,,-250,118,,0,0,0,1.36364
1604436765184,10,1010123456009,77,,1,0,6,1,0,,7.77049,61,183796,0.0657992,25,0,5.75,,0,0,0,0,0,0,0,0,0,,-250,132,,0,0,0,0
1604436765434,10,1010123456009,77,,1,0,6,1,0,,10.5077,65,183450,0.109856,26,0,6.75,,0,0,0,0,0,0,0,0,0,,-250,146,,0,0,0,0
1604436765684,10,1010123456009,77,,1,0,6,1,0,,8.88571,35,183394,0.0459759,14,0,6,,0,0,0,0,0,0,0,0,0,,-250,86,,0,0,0,0
1604436765934,10,1010123456009,77,,1,0,6,1,0,,9.13158,76,183311,0.0998876,30,0,5,,9.2,25,0,0.1,9,22.2222,0,9.55986,31,,-250,168,,0,0,0,3.72
1604436766184,10,1010123456009,77,,1,0,6,1,0,,7.17544,57,184214,0.0662169,25,0,5.5,,0,0,0,0,0,0,0,0,0,,-250,142,,0,0,0,0
1604436766434,10,1010123456009,77,,1,0,6,1,0,,8.64286,70,184048,0.100498,31,0,5.75,,0,0,0,0,0,0,0,0,0,,-250,182,,0,0,0,0
1604436766684,10,1010123456009,77,,1,0,6,1,0,,7.68539,89,183931,0.103582,35,0,5.75,,8.9,10,0,0.1,4,0,0,11.5649,31,,-250,192,,0,0,0,2.5
1604436766934,10,1010123456009,77,,1,0,6,1,0,,6.66667,69,183083,0.0673735,25,0,5.33333,,0,0,0,0,0,0,0,0,0,,-250,174,,0,0,0,0
1604436767184,10,1010123456009,77,,1,0,6,1,0,,5.95745,47,184636,0.0542972,24,0,5,,0,0,0,0,0,0,0,0,0,,-250,112,,0,0,0,0
1604436767434,10,1010123456009,77,,1,0,6,1,0,,5.84615,52,183342,0.041568,19,0,5,,0,0,0,0,0,0,0,0,0,,-250,112,,0,0,0,0
1604436767684,10,1010123456009,77,,1,0,6,1,0,,6.29091,55,183421,0.04448,20,0,6,,0,0,0,0,0,0,0,0,0,,-250,114,,0,0,0,0
1604436767934,10,1010123456009,77,,1,0,6,1,0,,6.35,40,183694,0.0431486,17,0,3.83333,,7.28571,21,0,0.1,8,25,0,10.1002,31,,-250,88,,0,0,0,3.57143
1604436768184,10,1010123456009,77,,1,0,6,1,0,,5.9434,53,183621,0.0511807,22,0,5,,0,0,0,0,0,0,0,0,0,,-250,128,,0,0,0,0
1604436768434,10,1010123456009,77,,1,0,6,1,0,,5.86792,53,183617,0.0441446,20,0,5,,0,0,0,0,0,0,0,0,0,,-250,124,,0,0,0,0
1604436768684,10,1010123456009,77,,1,0,6,1,0,,5.91176,34,184112,0.0367229,16,0,6,,0,0,0,0,0,0,0,0,0,,-250,80,,0,0,0,0
1604436768934,10,1010123456009,77,,1,0,6,1,0,,10.1286,70,184513,0.129124,28,0,5.83333,,9.8125,32,0,0.1,13,15.3846,0,11.1997,31,,-250,166,,0,0,0,2.84375
1604436769184,10,1010123456009,77,,1,0,6,1,0,,5.89655,58,184367,0.0513735,23,0,5,,0,0,0,0,0,0,0,0,0,,-250,136,,0,0,0,0
1604436769434,10,1010123456009,77,,1,0,6,1,0,,5.95652,46,184507,0.0463614,20,0,5,,0,0,0,0,0,0,0,0,0,,-250,110,,0,0,0,0
1604436769684,10,1010123456009,77,,1,0,6,1,0,,5.18182,66,184370,0.053751,26,0,4,,7.73333,15,0,0.1,6,0,0,13.0642,31,,-250,152,,0,0,0,1.13333
1604436769934,10,1010123456009,77,,1,0,6,1,0,,3.28302,53,183536,0.0293655,20,0,4,,0,0,0,0,0,0,0,0,0,,-250,122,,0,0,0,0
1604436770184,10,1010123456009,77,,1,0,6,1,0,,10.5161,62,184443,0.111679,24,0,6,,0,0,0,0,0,0,0,0,0,,-250,146,,0,0,0,0
1604436770434,10,1010123456009,77,,1,0,6,1,0,,11.8966,58,183339,0.131823,26,0,7.16667,,0,0,0,0,0,0,0,0,0,,-250,146,,0,0,0,0
1604436770684,10,1010123456009,77,,1,0,6,1,0,,7.19231,52,184320,0.0546827,20,0,6.6,,0,0,0,0,0,0,0,0,0,,-250,122,,0,0,0,0
1604436770934,10,1010123456009,77,,1,0,6,1,0,,18.918,61,183685,0.216192,26,0,0.1,,0,0,0,0,0,0,0,0,0,,-250,146,,0,0,0,0
1604436771184,10,1010123456009,77,,1,0,6,1,0,,17.7419,62,183533,0.185189,24,0,0.1,,0,0,0,0,0,0,0,0,0,,-250,150,,0,0,0,0
1604436771434,10,1010123456009,77,,1,0,6,1,0,,8.94231,52,184035,0.0839839,20,0,5,,0,0,0,0,0,0,0,0,0,,-250,120,,0,0,0,0
1604436771684,10,1010123456009,77,,1,0,6,1,0,,4.56897,58,184252,0.0444016,24,0,7,,7,14,0,0.1,6,0,0,11.8025,31,,-250,134,,0,0,0,1
1604436771934,10,1010123456009,77,,1,0,6,1,0,,9.43333,60,184048,0.102169,26,0,6,,0,0,0,0,0,0,0,0,0,,-250,156,,0,0,0,0
1604436772184,10,1010123456009,77,,1,0,6,1,0,,16.75,52,183664,0.152896,21,0,6,,0,0,0,0,0,0,0,0,0,,-250,118,,0,0,0,0
1604436772434,10,1010123456009,77,,1,0,6,1,0,,8.87671,73,183386,0.0962249,28,0,6.66667,,0,0,0,0,0,0,0,0,0,,-250,166,,0,0,0,0
1604436772684,10,1010123456009,77,,1,0,6,1,0,,2.52857,70,184015,0.03776,28,0,2,,0,0,0,0,0,0,0,0,0,,-250,144,,0,0,0,0
1604436772934,10,1010123456009,77,,1,0,6,1,0,,17.6438,73,183967,0.236273,30,0,10,,7,3,0,0.1,1,0,0,6.75262,31,,-250,176,,0,0,0,1
1604436773184,10,1010123456009,77,,1,0,6,1,0,,14.0238,42,183819,0.099245,17,0,7.4,,0,0,0,0,0,0,0,0,0,,-250,98,,0,0,0,0
1604436773434,10,1010123456009,77,,1,0,6,1,0,,20.3429,35,184537,0.162816,16,0,9.66667,,0,0,0,0,0,0,0,0,0,,-250,96,,0,0,0,0
1604436773684,10,1010123456009,77,,1,0,6,1,0,,18.3443,61,183415,0.22224,24,0,5,,0,0,0,0,0,0,0,0,0,,-250,142,,0,0,0,0
1604436773934,10,1010123456009,77,,1,0,6,1,0,,10.9859,71,183459,0.141173,29,0,7.6,,0,0,0,0,0,0,0,0,0,,-250,156,,0,0,0,0
1604436774184,10,1010123456009,77,,1,0,6,1,0,,5.89706,68,184577,0.059328,27,0,5,,0,0,0,0,0,0,0,0,0,,-250,150,,0,0,0,0
1604436774434,10,1010123456009,77,,1,0,6,1,0,,5.88235,51,184648,0.0464257,21,0,5,,3.51282,39,0,0.1,16,0,0,7.58472,31,,-250,118,,0,0,0,1.30769
1604436774684,10,1010123456009,77,,1,0,6,1,0,,4.84314,51,183574,0.0370763,20,0,4,,1.34921,63,0,0.1,26,34.6154,0,4.21431,31,,-250,112,,0,0,0,4.53968
1604436774934,10,1010123456009,77,,1,0,6,1,0,,5.80328,61,183369,0.0558072,25,0,4.66667,,5.15789,19,0,0.1,8,0,0,9.12519,31,,-250,142,,0,0,0,1.26316
1604436775184,10,1010123456009,77,,1,0,6,1,0,,6,46,183523,0.0409639,17,0,5,,6.4375,16,0,0.1,6,0,0,10.0228,31,,-250,108,,0,0,0,1
1604436775434,10,1010123456009,77,,1,0,6,1,0,,5.94231,52,183645,0.0446586,20,0,5,,0,0,0,0,0,0,0,0,0,,-250,112,,0,0,0,0
1604436775684,10,1010123456009,77,,1,0,6,1,0,,5.88043,92,184215,0.0757912,34,0,0.1,,0,0,0,0,0,0,0,0,0,,-250,198,,0,0,0,0
1604436775934,10,1010123456009,77,,1,0,6,1,0,,6.16667,60,184553,0.0891566,26,0,6.25,,3.5625,48,0,0.1,19,10.5263,0,6.50701,31,,-250,142,,0,0,0,2.54167
1604436776184,10,1010123456009,77,,1,0,6,1,0,,13.7654,81,184457,0.191711,31,0,6.66667,,0,0,0,0,0,0,0,0,0,,-250,184,,0,0,0,0
1604436776434,10,1010123456009,77,,1,0,2,1,0,,8.7541,61,183760,0.0711004,24,0,7,,0,0,0,0,0,0,0,0,0,,-250,102,,0,0,0,0
1604436776684,10,1010123456009,77,,1,0,2,1,0,,6,53,183382,0.0148434,21,0,5.75,,0,0,0,0,0,0,0,0,0,,-250,42,,0,0,0,0
1604436776934,10,1010123456009,77,,1,0,2,1,0,,12.2542,59,183674,0.0402892,24,0,5,,0,0,0,0,0,0,0,0,0,,-250,50,,0,0,0,0
1604436777184,10,1010123456009,77,,1,0,2,1,0,,4,62,183388,0.0110843,23,0,0.1,,0,0,0,0,0,0,0,0,0,,-250,52,,0,0,0,0
1604436777434,10,1010123456009,77,,1,0,2,1,0,,6.78182,55,184202,0.0216867,27,0,9,,0,0,0,0,0,0,0,0,0,,-250,50,,0,0,0,0
1604436777684,10,1010123456009,77,,1,0,2,1,0,,10.0893,56,183306,0.0344,24,0,7.25,,0,0,0,0,0,0,0,0,0,,-250,46,,0,0,0,0
1604436777934,10,1010123456009,77,,1,0,2,1,0,,11.597,67,183571,0.038912,25,0,6.5,,0,0,0,0,0,0,0,0,0,,-250,52,,0,0,0,0
1604436778184,10,1010123456009,77,,1,0,2,1,0,,5.95,40,183236,0.014656,18,0,4.75,,0,0,0,0,0,0,0,0,0,,-250,34,,0,0,0,0
1604436778434,10,1010123456009,77,,1,0,2,1,0,,5.8,60,184286,0.0151004,22,0,4,,0.1,3,0,0.1,1,0,0,10.1341,31,,-250,44,,0,0,0,1
1604436778684,10,1010123456009,77,,1,0,2,1,0,,13.1111,45,183278,0.0326747,16,0,8.57143,,7,3,0,0.1,1,0,0,9.11407,31,,-250,34,,0,0,0,1
1604436778934,10,1010123456009,77,,1,0,2,1,0,,10.78,50,183906,0.0289478,19,0,5,,0,0,0,0,0,0,0,0,0,,-250,40,,0,0,0,0
1604436779184,10,1010123456009,77,,1,0,2,1,0,,6,67,183420,0.0197912,28,0,5,,0,0,0,0,0,0,0,0,0,,-250,54,,0,0,0,0
1604436779434,10,1010123456009,77,,1,0,2,1,0,,11.7358,53,183871,0.0336386,21,0,7,,0,0,0,0,0,0,0,0,0,,-250,44,,0,0,0,0
1604436779684,10,1010123456009,77,,1,0,2,1,0,,6.23729,59,183378,0.0203373,26,0,5.25,,0,0,0,0,0,0,0,0,0,,-250,48,,0,0,0,0
1604436779934,10,1010123456009,77,,1,0,2,1,0,,7.08108,37,184444,0.0129799,14,0,4.66667,,0,0,0,0,0,0,0,0,0,,-250,30,,0,0,0,0
1604436780184,10,1010123456009,77,,1,0,2,1,0,,24.4468,47,184362,0.0984739,21,0,14,,0,0,0,0,0,0,0,0,0,,-250,40,,0,0,0,0
1604436780434,10,1010123456009,77,,1,0,2,1,0,,6.81818,55,183860,0.018208,21,0,4.75,,0,8,0,0.1,4,25,0,0,31,,-250,44,,0,0,0,0
1604436780684,10,1010123456009,77,,1,0,2,1,0,,10.2105,57,184176,0.038752,23,0,7.6,,0,0,0,0,0,0,0,0,0,,-250,46,,0,0,0,0
1604436780934,10,1010123456009,77,,1,0,2,1,0,,6.90566,53,183723,0.0167711,21,0,6,,0,0,0,0,0,0,0,0,0,,-250,42,,0,0,0,0
1604436781184,10,1010123456009,77,,1,0,2,1,0,,9.92727,55,184467,0.025992,22,0,0.1,,0,0,0,0,0,0,0,0,0,,-250,42,,0,0,0,0
1604436781434,10,1010123456009,77,,1,0,2,1,0,,8.87931,58,183762,0.0256064,23,0,6.2,,0,0,0,0,0,0,0,0,0,,-250,46,,0,0,0,0
1604436781684,10,1010123456009,77,,1,0,2,1,0,,13.8659,82,183343,0.0637108,33,0,0.1,,0,0,0,0,0,0,0,0,0,,-250,66,,0,0,0,0
1604436781934,10,1010123456009,77,,1,0,2,1,0,,10.4364,55,183908,0.0287229,21,0,6.33333,,0,0,0,0,0,0,0,0,0,,-250,44,,0,0,0,0
1604436782184,10,1010123456009,77,,1,0,2,1,0,,16.3913,69,183471,0.0654779,28,0,7.8,,0,0,0,0,0,0,0,0,0,,-250,54,,0,0,0,0
1604436782434,10,1010123456009,77,,1,0,2,1,0,,17.1053,57,183323,0.0496707,20,0,8.5,,0,0,0,0,0,0,0,0,0,,-250,44,,0,0,0,0
1604436782684,10,1010123456009,77,,1,0,2,1,0,,11.8333,66,183632,0.0403213,26,0,6.5,,0,0,0,0,0,0,0,0,0,,-250,52,,0,0,0,0
1604436782934,10,1010123456009,77,,1,0,2,1,0,,14.5185,54,183778,0.0471325,23,0,10.5,,9.55556,9,0,0.1,4,0,0,13.7442,31,,-250,42,,0,0,0,1.22222
1604436783184,10,1010123456009,77,,1,0,2,1,0,,11.6471,51,184280,0.0306185,20,0,6.75,,0,8,0,0,4,100,0,0,0,,-250,42,,0,0,0,0
1604436783434,10,1010123456009,77,,1,0,2,1,0,,13.6812,69,184243,0.0526265,27,0,8.33333,,0,0,0,0,0,0,0,0,0,,-250,52,,0,0,0,0
1604436783684,10,1010123456009,77,,1,0,2,1,0,,10,65,183418,0.0297189,25,0,0.1,,0,0,0,0,0,0,0,0,0,,-250,50,,0,0,0,0
1604436783934,10,1010123456009,77,,1,0,2,1,0,,9.9322,59,184096,0.025992,22,0,6,,2.87179,39,0,0.1,16,25,0,7.19671,31,,-250,46,,0,0,0,3.58974
1604436784184,10,1010123456009,77,,1,0,2,1,0,,9.92157,51,183375,0.027072,23,0,0.1,,0,0,0,0,0,0,0,0,0,,-250,44,,0,0,0,0
1604436784434,10,1010123456009,77,,1,0,2,1,0,,9.70667,75,183875,0.0336707,29,0,6,,6.9,30,0,0.1,12,16.6667,0,9.79481,31,,-250,58,,0,0,0,3.13333
1604436784684,10,1010123456009,77,,1,0,2,1,0,,14.9315,73,183417,0.064352,29,0,10,,0,2,0,0.1,1,0,0,0,31,,-250,58,,0,0,0,0
1604436784934,10,1010123456009,77,,1,0,2,1,0,,19.4556,90,184389,0.105024,36,0,0.1,,0,0,0,0,0,0,0,0,0,,-250,76,,0,0,0,0
1604436785184,10,1010123456009,77,,1,0,2,1,0,,22.0952,42,183872,0.069856,19,0,9.5,,0,0,0,0,0,0,0,0,0,,-250,36,,0,0,0,0
1604436785434,10,1010123456009,77,,1,0,2,1,0,,9.2069,58,183159,0.0231647,22,0,6,,0,0,0,0,0,0,0,0,0,,-250,46,,0,0,0,0
1604436785684,10,1010123456009,77,,1,0,2,1,0,,12.3425,73,184522,0.054848,32,0,7,,0,0,0,0,0,0,0,0,0,,-250,62,,0,0,0,0
1604436785934,10,1010123456009,77,,1,0,2,1,0,,12.9333,45,183591,0.03136,18,0,8,,5.23529,17,0,0.1,7,0,0,12.2338,31,,-250,36,,0,0,0,1
1604436786184,10,1010123456009,77,,1,0,2,1,0,,10.3673,49,184243,0.02928,21,0,5.33333,,6.625,16,0,0.1,6,0,0,11.8992,31,,-250,40,,0,0,0,1
1604436786434,10,1010123456009,77,,1,0,2,1,0,,12.1765,51,184365,0.040416,21,0,12,,0,0,0,0,0,0,0,0,0,,-250,44,,0,0,0,0
1604436786684,10,1010123456009,77,,1,0,2,1,0,,24.75,56,184282,0.102651,23,0,8,,0,0,0,0,0,0,0,0,0,,-250,44,,0,0,0,0
1604436786934,10,1010123456009,77,,1,0,2,1,0,,10.4138,58,183361,0.031712,22,0,5,,0,0,0,0,0,0,0,0,0,,-250,46,,0,0,0,0
1604436787184,10,1010123456009,77,,1,0,2,1,0,,6,53,184413,0.0141365,20,0,5,,0,0,0,0,0,0,0,0,0,,-250,42,,0,0,0,0
1604436787434,10,1010123456009,77,,1,0,2,1,0,,9.55882,68,183515,0.0334779,27,0,7.66667,,0,0,0,0,0,0,0,0,0,,-250,50,,0,0,0,0
1604436787684,10,1010123456009,77,,1,0,2,1,0,,24.641,78,183691,0.132691,30,0,12,,0,0,0,0,0,0,0,0,0,,-250,62,,0,0,0,0
1604436787934,10,1010123456009,77,,1,0,2,1,0,,24.7,70,184114,0.12543,28,0,0.1,,0,0,0,0,0,0,0,0,0,,-250,58,,0,0,0,0
1604436788184,10,1010123456009,77,,1,0,2,1,0,,24.4923,65,183556,0.12196,28,0,0.1,,4,3,0,0.1,1,0,0,12.2097,31,,-250,52,,0,0,0,1
1604436788434,10,1010123456009,77,,1,0,2,1,0,,15.1852,54,183311,0.056704,23,0,8.16667,,9,3,0,0.1,1,0,0,9.00441,31,,-250,46,,0,0,0,1
1604436788684,10,1010123456009,77,,1,0,2,1,0,,6.44444,72,183976,0.0197912,28,0,8.5,,0,0,0,0,0,0,0,0,0,,-250,62,,0,0,0,0
1604436788935,10,1010123456009,77,,1,0,2,1,0,,11.4138,58,184331,0.045568,24,0,5,,0,0,0,0,0,0,0,0,0,,-250,44,,0,0,0,0
1604436789184,10,1010123456009,77,,1,0,2,1,0,,12.8276,58,184455,0.0420562,23,0,11,,0,4,0,0.1,2,0,0,0,31,,-250,46,,0,0,0,0
1604436789434,10,1010123456009,77,,1,0,2,1,0,,17.8933,75,183303,0.0894458,31,0,6,,0,0,0,0,0,0,0,0,0,,-250,62,,0,0,0,0
1604436789684,10,1010123456009,77,,1,0,2,1,0,,8.1,60,184085,0.0238715,24,0,5,,0,0,0,0,0,0,0,0,0,,-250,50,,0,0,0,0
1604436789934,10,1010123456009,77,,1,0,2,1,0,,8.09524,63,183397,0.0268594,28,0,5.25,,0,0,0,0,0,0,0,0,0,,-250,52,,0,0,0,0
1604436790184,10,1010123456009,77,,1,0,2,1,0,,19.431,58,183840,0.0764659,22,0,13,,0,0,0,0,0,0,0,0,0,,-250,46,,0,0,0,0
1604436790434,10,1010123456009,77,,1,0,2,1,0,,21.4923,65,184011,0.0944,26,0,8.5,,0,0,0,0,0,0,0,0,0,,-250,50,,0,0,0,0
1604436790684,9,1010123456009,77,,1,0,2,1,0,,21.7397,73,183887,0.0995984,28,0,0.1,,0,0,0,0,0,0,0,0,0,,-250,60,,0,0,0,0
1604436790934,9,1010123456009,77,,1,0,2,1,0,,8.21591,176,183461,0.064768,65,0,5.33333,,7,3,0,0.1,1,0,0,7.33458,31,,-250,154,,0,0,0,1
1604436791184,9,1010123456009,77,,1,0,2,1,0,,7.96629,178,184537,0.069504,73,0,4.5,,0,0,0,0,0,0,0,0,0,,-250,140,,0,0,0,0
1604436791434,9,1010123456009,77,,1,0,2,1,0,,6.76923,182,184421,0.0582169,73,0,5,,0,0,0,0,0,0,0,0,0,,-250,148,,0,0,0,0
1604436791684,9,1010123456009,77,,1,0,2,1,0,,7.74468,188,183962,0.0710683,76,0,4.75,,0,0,0,0,0,0,0,0,0,,-250,152,,0,0,0,0
1604436791934,9,1010123456009,77,,1,0,2,1,0,,6.55128,156,184131,0.047648,62,0,5.25,,3.4878,41,0,0.1,16,0,0,9.60745,31,,-250,124,,0,0,0,1
1604436792184,9,1010123456009,77,,1,0,2,1,0,,9.9359,156,183494,0.075456,64,0,0.1,,0,0,0,0,0,0,0,0,0,,-250,126,,0,0,0,0
1604436792434,9,1010123456009,77,,1,0,2,1,0,,19.1494,154,183701,0.173012,59,0,10,,7,3,0,0.1,1,0,0,8.46058,31,,-250,126,,0,0,0,1
1604436792684,9,1010123456009,77,,1,0,2,1,0,,0,0,183701,0.012416,4,0,2,,4,3,0,0.1,1,0,0,9.08125,31,,-250,152,,0,0,0,1
1604436792934,9,1010123456009,77,,1,0,2,1,0,,10,8,183602,0.00118876,1,0,6,,4,3,0,0.1,1,0,0,7.64345,31,,-250,168,,0,0,0,1
1604436793184,9,1010123456009,77,,1,0,2,1,0,,4.52041,196,184022,0.042988,76,0,4,,0,0,0,0,0,0,0,0,0,,-250,156,,0,0,0,0
1604436793434,9,1010123456009,77,,1,0,2,1,0,,4.23037,191,184526,0.0412851,81,0,4.5,,0,0,0,0,0,0,0,0,0,,-250,156,,0,0,0,0
1604436793684,9,1010123456009,77,,1,0,2,1,0,,4,184,183712,0.0356627,74,0,4,,2.31818,22,0,0.1,9,0,0,7.45535,31,,-250,148,,0,0,0,1
1604436793934,9,1010123456009,77,,1,0,2,1,0,,8.18537,205,184407,0.0778153,79,0,5.5,,5.28,25,0,0.1,10,30,0,7.61625,31,,-250,164,,0,0,0,3.52
1604436794184,9,1010123456009,77,,1,0,2,1,0,,16.044,159,184246,0.153504,67,0,5,,4.66667,15,0,0.1,6,0,0,8.85787,0,,-250,144,,0,0,0,1
1604436794434,9,1010123456009,77,,1,0,2,1,0,,6.8642,162,184298,0.050368,62,0,5.2,,4,3,0,0.1,1,0,0,8.2606,31,,-250,140,,0,0,0,1
1604436794684,9,1010123456009,77,,1,0,2,1,0,,6,146,183236,0.043648,62,0,5,,0,0,0,0,0,0,0,0,0,,-250,174,,0,0,0,0
1604436794934,10,1010123456009,77,,1,0,2,1,0,,0,0,183236,0,0,0,6,,0,0,0,0,0,0,0,0,0,,-250,110,,0,0,0,0
1604436795184,10,1010123456009,77,,1,0,2,1,0,,0,0,183236,0,0,0,0.1,,0,8,0,0.1,4,0,0,0,31,,-250,56,,0,0,0,0
1604436795434,9,1010123456009,77,,1,0,2,1,0,,0,0,183236,0,0,0,12,,0,0,0,0,0,0,0,0,0,,-250,60,,0,0,0,0
1604436795684,8,1010123456009,77,,1,0,2,1,0,,0,0,183236,0,0,0,0.1,,0,0,0,0,0,0,0,0,0,,-250,64,,0,0,0,0
1604436795934,8,1010123456009,77,,1,0,2,1,0,,0,0,183236,0,0,0,4,,0,0,0,0,0,0,0,0,0,,-250,58,,0,0,0,0
1604436796185,8,1010123456009,77,,1,0,2,1,0,,0,0,183236,0,0,0,1,,0,0,0,0,0,0,0,0,0,,-250,48,,0,0,0,0
1604436796434,8,1010123456009,77,,1,0,2,1,0,,0,0,183236,0,0,0,6,,0,0,0,0,0,0,0,0,0,,-250,60,,0,0,0,0
1604436796684,8,1010123456009,77,,1,0,2,1,0,,0,0,183236,0,0,0,6,,0,0,0,0,0,0,0,0,0,,-250,100,,0,0,0,0
1604436796934,8,1010123456009,77,,1,0,2,1,0,,0,0,183236,0,0,0,0.1,,0,0,0,0,0,0,0,0,0,,-250,90,,0,0,0,0
1604436797184,8,1010123456009,77,,1,0,2,1,0,,0,0,183236,0,0,0,0.1,,0,0,0,0,0,0,0,0,0,,-250,110,,0,0,0,0
1604436797434,8,1010123456009,77,,1,0,2,1,0,,0,0,183236,0,0,0,6,,0,0,0,0,0,0,0,0,0,,-250,52,,0,0,0,0
1604436797684,8,1010123456009,77,,1,0,2,1,0,,0,0,183236,0,0,0,0.1,,0,0,0,0,0,0,0,0,0,,-250,64,,0,0,0,0
1604436797934,8,1010123456009,77,,1,0,2,1,0,,0,0,183236,0,0,0,6,,0,0,0,0,0,0,0,0,0,,-250,66,,0,0,0,0
1604436798184,8,1010123456009,77,,1,0,2,1,0,,0,0,183236,0,0,0,0.1,,0,0,0,0,0,0,0,0,0,,-250,94,,0,0,0,0
1604436798434,8,1010123456009,77,,1,0,2,1,0,,0,0,183236,0,0,0,10,,0,0,0,0,0,0,0,0,0,,-250,98,,0,0,0,0
1604436798684,8,1010123456009,77,,1,0,2,1,0,,0,0,183236,0,0,0,6,,0,0,0,0,0,0,0,0,0,,-250,102,,0,0,0,0
1604436798934,8,1010123456009,77,,1,0,2,1,0,,0,0,183236,0,0,0,6,,0,0,0,0,0,0,0,0,0,,-250,92,,0,0,0,0
1604436799184,8,1010123456009,77,,1,0,2,1,0,,0,0,183236,0,0,0,6,,0,0,0,0,0,0,0,0,0,,-250,86,,0,0,0,0
1604436799434,8,1010123456009,77,,1,0,2,1,0,,0,0,183236,0,0,0,7.25,,0,0,0,0,0,0,0,0,0,,-250,56,,0,0,0,0
1604436799684,8,1010123456009,77,,1,0,2,1,0,,0,0,183236,0,0,0,0.1,,0,0,0,0,0,0,0,0,0,,-250,72,,0,0,0,0
1604436799934,8,1010123456009,77,,1,0,2,1,0,,0,0,183236,0,0,0,6,,0,0,0,0,0,0,0,0,0,,-250,82,,0,0,0,0
1604436800235,5,1010123456009,77,,1,0,2,1,0,,0,0,183236,0,0,0,6,,0,0,0,0,0,0,0,0,0,,-301,88,,0,0,0,0
1604436800434,7,1010123456009,77,,1,0,2,1,0,,0,0,183236,0,0,0,0.1,,0,0,0,0,0,0,0,0,0,,-199,74,,0,0,0,0
1604436800684,9,1010123456009,77,,1,0,2,1,0,,0,0,183236,0,0,0,12,,0,0,0,0,0,0,0,0,0,,-250,70,,0,0,0,0
1604436800934,9,1010123456009,77,,1,0,2,1,0,,0,0,183236,0,0,0,0.1,,0,0,0,0,0,0,0,0,0,,-250,66,,0,0,0,0
1604436801184,9,1010123456009,77,,1,0,2,1,0,,0,0,183236,0,0,0,0.1,,0,0,0,0,0,0,0,0,0,,-250,56,,0,0,0,0
1604436801434,8,1010123456009,77,,1,0,2,1,0,,0,0,183236,0,0,0,0.1,,0,0,0,0,0,0,0,0,0,,-250,88,,0,0,0,0
1604436801684,6,1010123456009,77,,1,0,2,1,0,,0,0,183236,0,0,0,6,,0,0,0,0,0,0,0,0,0,,-250,120,,0,0,0,0
1604436801934,6,1010123456009,77,,1,0,2,1,0,,0,0,183236,0,0,0,0.1,,0,0,0,0,0,0,0,0,0,,-250,138,,0,0,0,0
1604436802184,6,1010123456009,77,,1,0,2,1,0,,0,0,183236,0,0,0,0.1,,0,0,0,0,0,0,0,0,0,,-250,118,,0,0,0,0
1604436802434,6,1010123456009,77,,1,0,2,1,0,,0,0,183236,0,0,0,0.1,,0,0,0,0,0,0,0,0,0,,-250,96,,0,0,0,0
1604436802684,6,1010123456009,77,,1,0,2,1,0,,0,0,183236,0,0,0,7,,0,0,0,0,0,0,0,0,0,,-250,68,,0,0,0,0
1604436802934,6,1010123456009,77,,1,0,2,1,0,,0,0,183236,0,0,0,0.1,,0,0,0,0,0,0,0,0,0,,-250,134,,0,0,0,0
1604436803184,6,1010123456009,77,,1,0,2,1,0,,0,0,183236,0,0,0,1,,0,0,0,0,0,0,0,0,0,,-250,118,,0,0,0,0
1604436803434,6,1010123456009,77,,1,0,2,1,0,,0,0,183236,0,0,0,1,,0,0,0,0,0,0,0,0,0,,-250,108,,0,0,0,0
1604436803684,6,1010123456009,77,,1,0,2,1,0,,0,0,183236,0,0,0,0.1,,0,0,0,0,0,0,0,0,0,,-250,128,,0,0,0,0
1604436803934,6,1010123456009,77,,1,0,2,1,0,,0,0,183236,0,0,0,7,,0,0,0,0,0,0,0,0,0,,-250,138,,0,0,0,0
1604436804184,6,1010123456009,77,,1,0,2,1,0,,0,0,183236,0,0,0,7,,0,0,0,0,0,0,0,0,0,,-250,126,,0,0,0,0
1604436804434,6,1010123456009,77,,1,0,2,1,0,,0,0,183236,0,0,0,7,,0,0,0,0,0,0,0,0,0,,-250,90,,0,0,0,0
1604436804684,6,1010123456009,77,,1,0,2,1,0,,0,0,183236,0,0,0,7,,0,0,0,0,0,0,0,0,0,,-250,146,,0,0,0,0
1604436804934,6,1010123456009,77,,1,0,2,1,0,,0,0,183236,0,0,0,7,,0,0,0,0,0,0,0,0,0,,-250,104,,0,0,0,0
1604436805184,6,1010123456009,77,,1,0,2,1,0,,0,0,183236,0,0,0,0.1,,0,0,0,0,0,0,0,0,0,,-250,114,,0,0,0,0
1604436805434,5,1010123456009,77,,1,0,2,1,0,,0,0,183236,0,0,0,0.1,,0,0,0,0,0,0,0,0,0,,-250,108,,0,0,0,0
1604436805684,5,1010123456009,77,,1,0,2,1,0,,0,0,183236,0,0,0,0.1,,0,0,0,0,0,0,0,0,0,,-250,124,,0,0,0,0
1604436805934,5,1010123456009,77,,1,0,2,1,0,,0,0,183236,0,0,0,0.1,,0,0,0,0,0,0,0,0,0,,-250,138,,0,0,0,0
1604436806184,5,1010123456009,77,,1,0,2,1,0,,0,0,183236,0,0,0,0.1,,0,0,0,0,0,0,0,0,0,,-250,164,,0,0,0,0
1604436806434,5,1010123456009,77,,1,0,2,1,0,,0,0,183236,0,0,0,0.1,,0,0,0,0,0,0,0,0,0,,-250,154,,0,0,0,0
1604436806684,5,1010123456009,77,,1,0,2,1,0,,0,0,183236,0,0,0,0.1,,0,0,0,0,0,0,0,0,0,,-250,136,,0,0,0,0
1604436806934,5,1010123456009,77,,1,0,2,1,0,,0,0,183236,0,0,0,0.1,,0,0,0,0,0,0,0,0,0,,-250,166,,0,0,0,0
1604436807184,5,1010123456009,77,,1,0,2,1,0,,0,0,183236,0,0,0,0.1,,0,0,0,0,0,0,0,0,0,,-250,140,,0,0,0,0
1604436807434,5,1010123456009,77,,1,0,2,1,0,,0,0,183236,0,0,0,0.1,,0,0,0,0,0,0,0,0,0,,-250,188,,0,0,0,0
1604436807684,5,1010123456009,77,,1,0,2,1,0,,0,0,183236,0,0,0,0.1,,0,0,0,0,0,0,0,0,0,,-250,146,,0,0,0,0
1604436807934,5,1010123456009,77,,1,0,2,1,0,,0,0,183236,0,0,0,8,,0,0,0,0,0,0,0,0,0,,-250,148,,0,0,0,0
1604436808184,5,1010123456009,77,,1,0,2,1,0,,0,0,183236,0,0,0,0.1,,0,0,0,0,0,0,0,0,0,,-250,176,,0,0,0,0
1604436808434,5,1010123456009,77,,1,0,2,1,0,,0,0,183236,0,0,0,0.1,,0,0,0,0,0,0,0,0,0,,-250,200,,0,0,0,0
1604436808684,5,1010123456009,77,,1,0,2,1,0,,0,0,183236,0,0,0,0.1,,0,0,0,0,0,0,0,0,0,,-250,192,,0,0,0,0
1604436808934,5,1010123456009,77,,1,0,2,1,0,,0,0,183236,0,0,0,8,,0,0,0,0,0,0,0,0,0,,-250,192,,0,0,0,0
1604436809184,5,1010123456009,77,,1,0,2,1,0,,0,0,183236,0,0,0,0.1,,0,0,0,0,0,0,0,0,0,,-250,182,,0,0,0,0
1604436809434,5,1010123456009,77,,1,0,2,1,0,,0,0,183236,0,0,0,0.1,,0,0,0,0,0,0,0,0,0,,-250,174,,0,0,0,0
1604436809684,5,1010123456009,77,,1,0,2,1,0,,0,0,183236,0,0,0,0.1,,0,0,0,0,0,0,0,0,0,,-250,208,,0,0,0,0
1604436809934,5,1010123456009,77,,1,0,2,1,0,,0,0,183236,0,0,0,0.1,,0,0,0,0,0,0,0,0,0,,-250,202,,0,0,0,0
1604436810184,5,1010123456009,77,,1,0,2,1,0,,0,0,183236,0,0,0,8,,0,0,0,0,0,0,0,0,0,,-250,178,,0,0,0,0
1604436810434,5,1010123456009,77,,1,0,2,1,0,,0,0,183236,0,0,0,0.1,,0,0,0,0,0,0,0,0,0,,-250,194,,0,0,0,0
1604436810684,5,1010123456009,77,,1,0,2,1,0,,0,0,183236,0,0,0,0.1,,0,0,0,0,0,0,0,0,0,,-250,132,,0,0,0,0
1604436810934,5,1010123456009,77,,1,0,2,1,0,,0,0,183236,0,0,0,0.1,,0,0,0,0,0,0,0,0,0,,-250,114,,0,0,0,0
1604436811184,5,1010123456009,77,,1,0,2,1,0,,0,0,183236,0,0,0,8,,0,0,0,0,0,0,0,0,0,,-250,142,,0,0,0,0
1604436811434,5,1010123456009,77,,1,0,2,1,0,,0,0,183236,0,0,0,8,,0,0,0,0,0,0,0,0,0,,-250,140,,0,0,0,0
1604436811684,5,1010123456009,77,,1,0,2,1,0,,0,0,183236,0,0,0,0.1,,0,0,0,0,0,0,0,0,0,,-250,156,,0,0,0,0
1604436811934,5,1010123456009,77,,1,0,2,1,0,,0,0,183236,0,0,0,8,,0,0,0,0,0,0,0,0,0,,-250,118,,0,0,0,0
1604436812184,5,1010123456009,77,,1,0,2,1,0,,0,0,183236,0,0,0,0.1,,0,0,0,0,0,0,0,0,0,,-250,168,,0,0,0,0
1604436812434,5,1010123456009,77,,1,0,2,1,0,,0,0,183236,0,0,0,8,,0,0,0,0,0,0,0,0,0,,-250,126,,0,0,0,0
1604436812684,5,1010123456009,77,,1,0,2,1,0,,0,0,183236,0,0,0,6.5,,0,0,0,0,0,0,0,0,0,,-250,188,,0,0,0,0
1604436812934,5,1010123456009,77,,1,0,2,1,0,,0,0,183236,0,0,0,8,,0,0,0,0,0,0,0,0,0,,-250,132,,0,0,0,0
1604436813184,5,1010123456009,77,,1,0,2,1,0,,0,0,183236,0,0,0,0.1,,0,0,0,0,0,0,0,0,0,,-250,178,,0,0,0,0
1604436813434,5,1010123456009,77,,1,0,2,1,0,,0,0,183236,0,0,0,0.1,,0,0,0,0,0,0,0,0,0,,-250,186,,0,0,0,0
1604436813684,5,1010123456009,77,,1,0,2,1,0,,0,0,183236,0,0,0,7,,0,0,0,0,0,0,0,0,0,,-250,188,,0,0,0,0
1604436813934,5,1010123456009,77,,1,0,2,1,0,,0,0,183236,0,0,0,0.1,,0,0,0,0,0,0,0,0,0,,-250,134,,0,0,0,0
1604436814184,5,1010123456009,77,,1,0,2,1,0,,0,0,183236,0,0,0,0.1,,0,0,0,0,0,0,0,0,0,,-250,82,,0,0,0,0
1604436814434,5,1010123456009,77,,1,0,2,1,0,,0,0,183236,0,0,0,7,,0,0,0,0,0,0,0,0,0,,-250,120,,0,0,0,0
1604436814684,5,1010123456009,77,,1,0,2,1,0,,0,0,183236,0,0,0,0.1,,0,0,0,0,0,0,0,0,0,,-250,96,,0,0,0,0
1604436814934,5,1010123456009,77,,1,0,2,1,0,,0,0,183236,0,0,0,0.1,,0,0,0,0,0,0,0,0,0,,-250,150,,0,0,0,0
1604436815184,5,1010123456009,77,,1,0,2,1,0,,0,0,183236,0,0,0,0.1,,0,0,0,0,0,0,0,0,0,,-250,78,,0,0,0,0
1604436815434,5,1010123456009,77,,1,0,2,1,0,,0,0,183236,0,0,0,6,,0,0,0,0,0,0,0,0,0,,-250,104,,0,0,0,0
1604436815684,5,1010123456009,77,,1,0,2,1,0,,0,0,183236,0,0,0,6,,0,0,0,0,0,0,0,0,0,,-250,96,,0,0,0,0
1604436815934,5,1010123456009,77,,1,0,2,1,0,,0,0,183236,0,0,0,7,,0,0,0,0,0,0,0,0,0,,-250,82,,0,0,0,0
1604436816184,5,1010123456009,77,,1,0,2,1,0,,0,0,183236,0,0,0,6,,0,0,0,0,0,0,0,0,0,,-250,110,,0,0,0,0
1604436816434,5,1010123456009,77,,1,0,2,1,0,,0,0,183236,0,0,0,7,,0,0,0,0,0,0,0,0,0,,-250,108,,0,0,0,0
1604436816684,5,1010123456009,77,,1,0,2,1,0,,0,0,183236,0,0,0,13,,0,0,0,0,0,0,0,0,0,,-250,132,,0,0,0,0
1604436816934,5,1010123456009,77,,1,0,2,1,0,,0,0,183236,0,0,0,3.5,,0,0,0,0,0,0,0,0,0,,-250,144,,0,0,0,0
1604436817184,5,1010123456009,77,,1,0,2,1,0,,0,0,183236,0,0,0,7.66667,,0,0,0,0,0,0,0,0,0,,-250,122,,0,0,0,0
1604436817434,5,1010123456009,77,,1,0,2,1,0,,0,0,183236,0,0,0,3,,0,0,0,0,0,0,0,0,0,,-250,136,,0,0,0,0
1604436817684,5,1010123456009,77,,1,0,2,1,0,,0,0,183236,0,0,0,6,,0,0,0,0,0,0,0,0,0,,-250,148,,0,0,0,0
1604436817934,5,1010123456009,77,,1,0,2,1,0,,0,0,183236,0,0,0,9.66667,,0,0,0,0,0,0,0,0,0,,-250,144,,0,0,0,0
1604436818184,5,1010123456009,77,,1,0,2,1,0,,0,0,183236,0,0,0,6.5,,0,0,0,0,0,0,0,0,0,,-250,134,,0,0,0,0
1604436818434,5,1010123456009,77,,1,0,2,1,0,,0,0,183236,0,0,0,0.1,,0,0,0,0,0,0,0,0,0,,-250,196,,0,0,0,0
1604436818684,5,1010123456009,77,,1,0,2,1,0,,0,0,183236,0,0,0,0.1,,0,0,0,0,0,0,0,0,0,,-250,128,,0,0,0,0
1604436818934,5,1010123456009,77,,1,0,2,1,0,,0,0,183236,0,0,0,13,,0,0,0,0,0,0,0,0,0,,-250,128,,0,0,0,0
1604436819184,5,1010123456009,77,,1,0,2,1,0,,0,0,183236,0,0,0,4.5,,0,0,0,0,0,0,0,0,0,,-250,142,,0,0,0,0
1604436819434,5,1010123456009,77,,1,0,2,1,0,,0,0,183236,0,0,0,8,,0,0,0,0,0,0,0,0,0,,-250,126,,0,0,0,0
1604436819684,5,1010123456009,77,,1,0,2,1,0,,0,0,183236,0,0,0,9,,0,0,0,0,0,0,0,0,0,,-250,104,,0,0,0,0
1604436819934,5,1010123456009,77,,1,0,2,1,0,,0,0,183236,0,0,0,3.5,,0,0,0,0,0,0,0,0,0,,-250,98,,0,0,0,0
1604436820184,5,1010123456009,77,,1,0,2,1,0,,0,0,183236,0,0,0,5.66667,,0,0,0,0,0,0,0,0,0,,-250,108,,0,0,0,0
1604436820434,5,1010123456009,77,,1,0,2,1,0,,0,0,183236,0,0,0,4.33333,,0,0,0,0,0,0,0,0,0,,-250,104,,0,0,0,0
1604436820684,5,1010123456009,77,,1,0,2,1,0,,0,0,183236,0,0,0,8.5,,0,0,0,0,0,0,0,0,0,,-250,92,,0,0,0,0
1604436820934,5,1010123456009,77,,1,0,2,1,0,,0,0,183236,0,0,0,11,,0,0,0,0,0,0,0,0,0,,-250,114,,0,0,0,0
1604436821184,5,1010123456009,77,,1,0,2,1,0,,0,0,183236,0,0,0,5.66667,,0,0,0,0,0,0,0,0,0,,-250,154,,0,0,0,0
1604436821434,5,1010123456009,77,,1,0,2,1,0,,0,0,183236,0,0,0,11,,0,0,0,0,0,0,0,0,0,,-250,140,,0,0,0,0
1604436821684,5,1010123456009,77,,1,0,2,1,0,,0,0,183236,0,0,0,10.5,,0,0,0,0,0,0,0,0,0,,-250,114,,0,0,0,0
1604436821934,5,1010123456009,77,,1,0,2,1,0,,0,0,183236,0,0,0,5.66667,,0,0,0,0,0,0,0,0,0,,-250,154,,0,0,0,0
1604436822184,5,1010123456009,77,,1,0,2,1,0,,0,0,183236,0,0,0,6,,0,0,0,0,0,0,0,0,0,,-250,182,,0,0,0,0
1604436822434,5,1010123456009,77,,1,0,2,1,0,,0,0,183236,0,0,0,4,,0,0,0,0,0,0,0,0,0,,-250,146,,0,0,0,0
1604436822684,5,1010123456009,77,,1,0,2,1,0,,0,0,183236,0,0,0,3,,0,0,0,0,0,0,0,0,0,,-250,66,,0,0,0,0
1604436822934,6,1010123456009,77,,1,0,2,1,0,,0,0,183236,0,0,0,11.5,,0,0,0,0,0,0,0,0,0,,-250,98,,0,0,0,0
1604436823184,6,1010123456009,77,,1,0,2,1,0,,0,0,183236,0,0,0,8.5,,0,0,0,0,0,0,0,0,0,,-250,74,,0,0,0,0
1604436823434,6,1010123456009,77,,1,0,2,1,0,,0,0,183236,0,0,0,6,,0,0,0,0,0,0,0,0,0,,-250,74,,0,0,0,0
1604436823684,6,1010123456009,77,,1,0,2,1,0,,0,0,183236,0,0,0,7.66667,,0,0,0,0,0,0,0,0,0,,-250,84,,0,0,0,0
1604436823934,6,1010123456009,77,,1,0,2,1,0,,0,0,183236,0,0,0,7.5,,0,0,0,0,0,0,0,0,0,,-250,74,,0,0,0,0
1604436824184,5,1010123456009,77,,1,0,2,1,0,,0,0,183236,0,0,0,8,,0,0,0,0,0,0,0,0,0,,-250,80,,0,0,0,0
1604436824434,5,1010123456009,77,,1,0,2,1,0,,0,0,183236,0,0,0,11.5,,0,0,0,0,0,0,0,0,0,,-250,94,,0,0,0,0
1604436824684,5,1010123456009,77,,1,0,2,1,0,,0,0,183236,0,0,0,11.5,,0,0,0,0,0,0,0,0,0,,-250,112,,0,0,0,0
1604436824934,5,1010123456009,77,,1,0,2,1,0,,0,0,183236,0,0,0,6.5,,0,0,0,0,0,0,0,0,0,,-250,168,,0,0,0,0
1604436825184,5,1010123456009,77,,1,0,2,1,0,,0,0,183236,0,0,0,0.1,,0,0,0,0,0,0,0,0,0,,-250,118,,0,0,0,0
1604436825434,5,1010123456009,77,,1,0,2,1,0,,0,0,183236,0,0,0,4,,0,0,0,0,0,0,0,0,0,,-250,70,,0,0,0,0
1604436825684,5,1010123456009,77,,1,0,2,1,0,,0,0,183236,0,0,0,5,,0,0,0,0,0,0,0,0,0,,-250,80,,0,0,0,0
1604436825934,5,1010123456009,77,,1,0,2,1,0,,0,0,183236,0,0,0,1,,0,0,0,0,0,0,0,0,0,,-250,106,,0,0,0,0
1604436826184,5,1010123456009,77,,1,0,2,1,0,,0,0,183236,0,0,0,3.5,,0,0,0,0,0,0,0,0,0,,-250,94,,0,0,0,0
1604436826434,5,1010123456009,77,,1,0,2,1,0,,0,0,183236,0,0,0,6,,0,0,0,0,0,0,0,0,0,,-250,82,,0,0,0,0
1604436826684,5,1010123456009,77,,1,0,2,1,0,,0,0,183236,0,0,0,0.1,,0,0,0,0,0,0,0,0,0,,-250,106,,0,0,0,0
1604436826934,5,1010123456009,77,,1,0,2,1,0,,0,0,183236,0,0,0,8.5,,0,0,0,0,0,0,0,0,0,,-250,80,,0,0,0,0
1604436827184,5,1010123456009,77,,1,0,2,1,0,,0,0,183236,0,0,0,0.1,,0,0,0,0,0,0,0,0,0,,-250,108,,0,0,0,0
1604436827434,4,1010123456009,77,,1,0,2,1,0,,0,0,183236,0,0,0,7,,0,0,0,0,0,0,0,0,0,,-250,96,,0,0,0,0
1604436827684,6,1010123456009,77,,1,0,2,1,0,,0,0,183236,0,0,0,3.5,,0,0,0,0,0,0,0,0,0,,-250,104,,0,0,0,0
1604436827934,6,1010123456009,77,,1,0,2,1,0,,0,0,183236,0,0,0,7,,0,0,0,0,0,0,0,0,0,,-250,82,,0,0,0,0
1604436828184,6,1010123456009,77,,1,0,2,1,0,,0,0,183236,0,0,0,0.1,,0,0,0,0,0,0,0,0,0,,-250,74,,0,0,0,0
1604436828434,6,1010123456009,77,,1,0,2,1,0,,0,0,183236,0,0,0,3,,0,0,0,0,0,0,0,0,0,,-250,90,,0,0,0,0
1604436828684,5,1010123456009,77,,1,0,2,1,0,,0,0,183236,0,0,0,2.66667,,0,0,0,0,0,0,0,0,0,,-250,68,,0,0,0,0
1604436828934,5,1010123456009,77,,1,0,2,1,0,,0,0,183236,0,0,0,3,,0,0,0,0,0,0,0,0,0,,-250,100,,0,0,0,0
1604436829184,5,1010123456009,77,,1,0,2,1,0,,0,0,183236,0,0,0,7,,0,0,0,0,0,0,0,0,0,,-250,100,,0,0,0,0
1604436829434,5,1010123456009,77,,1,0,2,1,0,,0,0,183236,0,0,0,3.66667,,0,0,0,0,0,0,0,0,0,,-250,96,,0,0,0,0
1604436829684,5,1010123456009,77,,1,0,2,1,0,,0,0,183236,0,0,0,3.8,,0,0,0,0,0,0,0,0,0,,-250,88,,0,0,0,0
1604436829934,5,1010123456009,77,,1,0,2,1,0,,0,0,183236,0,0,0,5.33333,,0,0,0,0,0,0,0,0,0,,-250,110,,0,0,0,0
1604436830184,5,1010123456009,77,,1,0,2,1,0,,0,0,183236,0,0,0,12,,0,0,0,0,0,0,0,0,0,,-250,104,,0,0,0,0
1604436830434,5,1010123456009,77,,1,0,2,1,0,,0,0,183236,0,0,0,10.5,,0,0,0,0,0,0,0,0,0,,-250,112,,0,0,0,0
1604436830684,5,1010123456009,77,,1,0,2,1,0,,0,0,183236,0,0,0,0.1,,0,0,0,0,0,0,0,0,0,,-250,80,,0,0,0,0
1604436830934,5,1010123456009,77,,1,0,2,1,0,,0,0,183236,0,0,0,6.33333,,0,0,0,0,0,0,0,0,0,,-250,102,,0,0,0,0
1604436831184,5,1010123456009,77,,1,0,2,1,0,,0,0,183236,0,0,0,3.33333,,0,0,0,0,0,0,0,0,0,,-250,76,,0,0,0,0
1604436831434,5,1010123456009,77,,1,0,2,1,0,,0,0,183236,0,0,0,8.5,,0,0,0,0,0,0,0,0,0,,-250,192,,0,0,0,0
1604436831684,5,1010123456009,77,,1,0,2,1,0,,0,0,183236,0,0,0,7,,0,0,0,0,0,0,0,0,0,,-250,92,,0,0,0,0
1604436831934,5,1010123456009,77,,1,0,2,1,0,,0,0,183236,0,0,0,3,,0,0,0,0,0,0,0,0,0,,-250,248,,0,0,0,0
1604436832184,5,1010123456009,77,,1,0,2,1,0,,0,0,183236,0,0,0,4,,0,0,0,0,0,0,0,0,0,,-250,226,,0,0,0,0
1604436832434,4,1010123456009,77,,1,0,2,1,0,,0,0,183236,0,0,0,3,,0,0,0,0,0,0,0,0,0,,-250,208,,0,0,0,0
1604436832684,4,1010123456009,77,,1,0,2,1,0,,0,0,183236,0,0,0,3,,0,0,0,0,0,0,0,0,0,,-250,206,,0,0,0,0
1604436832934,4,1010123456009,77,,1,0,2,1,0,,0,0,183236,0,0,0,3,,0,0,0,0,0,0,0,0,0,,-250,216,,0,0,0,0
1604436833184,4,1010123456009,77,,1,0,2,1,0,,0,0,183236,0,0,0,6,,0,0,0,0,0,0,0,0,0,,-250,218,,0,0,0,0
1604436833434,4,1010123456009,77,,1,0,2,1,0,,0,0,183236,0,0,0,3,,0,0,0,0,0,0,0,0,0,,-250,218,,0,0,0,0
1604436833684,4,1010123456009,77,,1,0,2,1,0,,0,0,183236,0,0,0,3,,0,0,0,0,0,0,0,0,0,,-250,236,,0,0,0,0
1604436833934,4,1010123456009,77,,1,0,2,1,0,,0,0,183236,0,0,0,4,,0,0,0,0,0,0,0,0,0,,-250,224,,0,0,0,0
1604436834184,4,1010123456009,77,,1,0,2,1,0,,0,0,183236,0,0,0,6.33333,,0,0,0,0,0,0,0,0,0,,-250,216,,0,0,0,0
1604436834434,4,1010123456009,77,,1,0,2,1,0,,0,0,183236,0,0,0,5.75,,0,0,0,0,0,0,0,0,0,,-250,234,,0,0,0,0
1604436834684,4,1010123456009,77,,1,0,2,1,0,,0,0,183236,0,0,0,3,,0,0,0,0,0,0,0,0,0,,-250,206,,0,0,0,0
1604436834934,4,1010123456009,77,,1,0,2,1,0,,0,0,183236,0,0,0,5,,0,0,0,0,0,0,0,0,0,,-250,224,,0,0,0,0
1604436835184,5,1010123456009,77,,1,0,2,1,0,,0,0,183236,0,0,0,3,,0,0,0,0,0,0,0,0,0,,-250,216,,0,0,0,0
1604436835434,5,1010123456009,77,,1,0,2,1,0,,0,0,183236,0,0,0,3,,0,0,0,0,0,0,0,0,0,,-250,216,,0,0,0,0
1604436835684,5,1010123456009,77,,1,0,2,1,0,,0,0,183236,0,0,0,3,,0,0,0,0,0,0,0,0,0,,-250,268,,0,0,0,0
1604436835934,4,1010123456009,77,,1,0,2,1,0,,0,0,183236,0,0,0,3.5,,0,0,0,0,0,0,0,0,0,,-250,276,,0,0,0,0
1604436836184,4,1010123456009,77,,1,0,2,1,0,,0,0,183236,0,0,0,5.2,,0,0,0,0,0,0,0,0,0,,-250,254,,0,0,0,0
1604436836434,4,1010123456009,77,,1,0,2,1,0,,0,0,183236,0,0,0,5.2,,0,0,0,0,0,0,0,0,0,,-250,238,,0,0,0,0
1604436836684,4,1010123456009,77,,1,0,2,1,0,,0,0,183236,0,0,0,6.25,,0,0,0,0,0,0,0,0,0,,-250,208,,0,0,0,0
1604436836934,4,1010123456009,77,,1,0,2,1,0,,0,0,183236,0,0,0,5,,0,0,0,0,0,0,0,0,0,,-250,252,,0,0,0,0
1604436837184,4,1010123456009,77,,1,0,2,1,0,,0,0,183236,0,0,0,4.83333,,0,0,0,0,0,0,0,0,0,,-250,216,,0,0,0,0
1604436837434,4,1010123456009,77,,1,0,2,1,0,,0,0,183236,0,0,0,3.4,,0,0,0,0,0,0,0,0,0,,-250,226,,0,0,0,0
1604436837684,4,1010123456009,77,,1,0,2,1,0,,0,0,183236,0,0,0,3.6,,0,0,0,0,0,0,0,0,0,,-250,242,,0,0,0,0
1604436837934,4,1010123456009,77,,1,0,2,1,0,,0,0,183236,0,0,0,7.5,,0,0,0,0,0,0,0,0,0,,-250,150,,0,0,0,0
1604436838184,4,1010123456009,77,,1,0,2,1,0,,0,0,183236,0,0,0,2.25,,0,0,0,0,0,0,0,0,0,,-250,190,,0,0,0,0
1604436838434,4,1010123456009,77,,1,0,2,1,0,,0,0,183236,0,0,0,7.2,,0,0,0,0,0,0,0,0,0,,-250,184,,0,0,0,0
1604436838684,4,1010123456009,77,,1,0,2,1,0,,0,0,183236,0,0,0,3.6,,0,0,0,0,0,0,0,0,0,,-250,126,,0,0,0,0
1604436838934,4,1010123456009,77,,1,0,2,1,0,,0,0,183236,0,0,0,2.66667,,0,0,0,0,0,0,0,0,0,,-250,138,,0,0,0,0
1604436839184,4,1010123456009,77,,1,0,2,1,0,,0,0,183236,0,0,0,3,,0,0,0,0,0,0,0,0,0,,-250,212,,0,0,0,0
1604436839434,4,1010123456009,77,,1,0,2,1,0,,0,0,183236,0,0,0,8.75,,0,0,0,0,0,0,0,0,0,,-250,196,,0,0,0,0
1604436839684,4,1010123456009,77,,1,0,2,1,0,,0,0,183236,0,0,0,4.83333,,0,0,0,0,0,0,0,0,0,,-250,120,,0,0,0,0
1604436839934,4,1010123456009,77,,1,0,2,1,0,,0,0,183236,0,0,0,3.4,,0,0,0,0,0,0,0,0,0,,-250,124,,0,0,0,0
1604436840184,4,1010123456009,77,,1,0,2,1,0,,0,0,183236,0,0,0,3.25,,0,0,0,0,0,0,0,0,0,,-250,136,,0,0,0,0
1604436840434,4,1010123456009,77,,1,0,2,1,0,,0,0,183236,0,0,0,3.2,,0,0,0,0,0,0,0,0,0,,-250,130,,0,0,0,0
1604436840684,4,1010123456009,77,,1,0,2,1,0,,0,0,183236,0,0,0,4.83333,,0,0,0,0,0,0,0,0,0,,-250,86,,0,0,0,0
1604436840934,4,1010123456009,77,,1,0,2,1,0,,0,0,183236,0,0,0,4,,0,0,0,0,0,0,0,0,0,,-250,118,,0,0,0,0
1604436841184,4,1010123456009,77,,1,0,2,1,0,,0,0,183236,0,0,0,4.83333,,0,0,0,0,0,0,0,0,0,,-250,124,,0,0,0,0
1604436841434,4,1010123456009,77,,1,0,2,1,0,,0,0,183236,0,0,0,4.33333,,0,0,0,0,0,0,0,0,0,,-250,116,,0,0,0,0
1604436841684,4,1010123456009,77,,1,0,2,1,0,,0,0,183236,0,0,0,6.75,,0,0,0,0,0,0,0,0,0,,-250,110,,0,0,0,0
1604436841934,4,1010123456009,77,,1,0,2,1,0,,0,0,183236,0,0,0,6,,0,0,0,0,0,0,0,0,0,,-249,124,,0,0,0,0
1604436842184,4,1010123456009,77,,1,0,2,1,0,,0,0,183236,0,0,0,4.33333,,0,0,0,0,0,0,0,0,0,,-251,114,,0,0,0,0
1604436842434,4,1010123456009,77,,1,0,2,1,0,,0,0,183236,0,0,0,3.4,,0,0,0,0,0,0,0,0,0,,-249,188,,0,0,0,0
1604436842684,4,1010123456009,77,,1,0,2,1,0,,0,0,183236,0,0,0,5,,0,0,0,0,0,0,0,0,0,,-251,138,,0,0,0,0
1604436842934,4,1010123456009,77,,1,0,2,1,0,,0,0,183236,0,0,0,3.16667,,0,0,0,0,0,0,0,0,0,,-250,116,,0,0,0,0
1604436843184,4,1010123456009,77,,1,0,2,1,0,,0,0,183236,0,0,0,3.5,,0,0,0,0,0,0,0,0,0,,-250,144,,0,0,0,0
1604436843434,4,1010123456009,77,,1,0,2,1,0,,0,0,183236,0,0,0,3,,0,0,0,0,0,0,0,0,0,,-250,128,,0,0,0,0
1604436843684,4,1010123456009,77,,1,0,2,1,0,,0,0,183236,0,0,0,3.85714,,0,0,0,0,0,0,0,0,0,,-250,160,,0,0,0,0
1604436843934,4,1010123456009,77,,1,0,2,1,0,,0,0,183236,0,0,0,4.2,,0,0,0,0,0,0,0,0,0,,-250,98,,0,0,0,0
1604436844184,4,1010123456009,77,,1,0,2,1,0,,0,0,183236,0,0,0,3,,0,0,0,0,0,0,0,0,0,,-250,148,,0,0,0,0
1604436844434,4,1010123456009,77,,1,0,2,1,0,,0,0,183236,0,0,0,3,,0,0,0,0,0,0,0,0,0,,-250,146,,0,0,0,0
1604436844684,4,1010123456009,77,,1,0,2,1,0,,0,0,183236,0,0,0,3,,0,0,0,0,0,0,0,0,0,,-250,126,,0,0,0,0
1604436844934,4,1010123456009,77,,1,0,2,1,0,,0,0,183236,0,0,0,3,,0,0,0,0,0,0,0,0,0,,-250,106,,0,0,0,0
1604436845184,4,1010123456009,77,,1,0,2,1,0,,0,0,183236,0,0,0,4,,0,0,0,0,0,0,0,0,0,,-250,140,,0,0,0,0
1604436845434,4,1010123456009,77,,1,0,2,1,0,,0,0,183236,0,0,0,6.33333,,0,0,0,0,0,0,0,0,0,,-250,166,,0,0,0,0
1604436845684,4,1010123456009,77,,1,0,2,1,0,,0,0,183236,0,0,0,5.2,,0,0,0,0,0,0,0,0,0,,-250,92,,0,0,0,0
1604436845934,4,1010123456009,77,,1,0,2,1,0,,0,0,183236,0,0,0,3,,0,0,0,0,0,0,0,0,0,,-250,146,,0,0,0,0
1604436846184,4,1010123456009,77,,1,0,2,1,0,,0,0,183236,0,0,0,3,,0,0,0,0,0,0,0,0,0,,-250,130,,0,0,0,0
1604436846434,4,1010123456009,77,,1,0,2,1,0,,0,0,183236,0,0,0,5.2,,0,0,0,0,0,0,0,0,0,,-250,208,,0,0,0,0
1604436846684,4,1010123456009,77,,1,0,2,1,0,,0,0,183236,0,0,0,3,,0,0,0,0,0,0,0,0,0,,-250,152,,0,0,0,0
1604436846934,4,1010123456009,77,,1,0,2,1,0,,0,0,183236,0,0,0,3,,0,0,0,0,0,0,0,0,0,,-250,142,,0,0,0,0
1604436847184,4,1010123456009,77,,1,0,2,1,0,,0,0,183236,0,0,0,3,,0,0,0,0,0,0,0,0,0,,-250,148,,0,0,0,0
1604436847434,4,1010123456009,77,,1,0,2,1,0,,0,0,183236,0,0,0,3,,0,0,0,0,0,0,0,0,0,,-250,142,,0,0,0,0
1604436847684,4,1010123456009,77,,1,0,2,1,0,,0,0,183236,0,0,0,3,,0,0,0,0,0,0,0,0,0,,-250,126,,0,0,0,0
1604436847934,4,1010123456009,77,,1,0,2,1,0,,0,0,183236,0,0,0,3,,0,0,0,0,0,0,0,0,0,,-250,118,,0,0,0,0
1604436848184,4,1010123456009,77,,1,0,2,1,0,,0,0,183236,0,0,0,3,,0,0,0,0,0,0,0,0,0,,-250,140,,0,0,0,0
1604436848434,4,1010123456009,77,,1,0,2,1,0,,0,0,183236,0,0,0,3,,0,0,0,0,0,0,0,0,0,,-250,152,,0,0,0,0
1604436848684,4,1010123456009,77,,1,0,2,1,0,,0,0,183236,0,0,0,3.14286,,0,0,0,0,0,0,0,0,0,,-250,236,,0,0,0,0
1604436848934,4,1010123456009,77,,1,0,2,1,0,,0,0,183236,0,0,0,3,,0,0,0,0,0,0,0,0,0,,-249,218,,0,0,0,0
1604436849184,4,1010123456009,77,,1,0,2,1,0,,0,0,183236,0,0,0,3,,0,0,0,0,0,0,0,0,0,,-251,230,,0,0,0,0
1604436849434,4,1010123456009,77,,1,0,2,1,0,,0,0,183236,0,0,0,3.2,,0,0,0,0,0,0,0,0,0,,-250,218,,0,0,0,0
1604436849684,4,1010123456009,77,,1,0,2,1,0,,0,0,183236,0,0,0,5.2,,0,0,0,0,0,0,0,0,0,,-250,232,,0,0,0,0
1604436849934,4,1010123456009,77,,1,0,2,1,0,,0,0,183236,0,0,0,3,,0,0,0,0,0,0,0,0,0,,-250,232,,0,0,0,0
1604436850184,4,1010123456009,77,,1,0,2,1,0,,0,0,183236,0,0,0,3,,0,0,0,0,0,0,0,0,0,,-250,222,,0,0,0,0
1604436850434,4,1010123456009,77,,1,0,2,1,0,,0,0,183236,0,0,0,3,,0,0,0,0,0,0,0,0,0,,-250,222,,0,0,0,0
1604436850684,4,1010123456009,77,,1,0,2,1,0,,0,0,183236,0,0,0,3,,0,0,0,0,0,0,0,0,0,,-250,240,,0,0,0,0
1604436850934,4,1010123456009,77,,1,0,2,1,0,,0,0,183236,0,0,0,3.33333,,0,0,0,0,0,0,0,0,0,,-250,272,,0,0,0,0
1604436851184,4,1010123456009,77,,1,0,2,1,0,,0,0,183236,0,0,0,3,,0,0,0,0,0,0,0,0,0,,-250,248,,0,0,0,0
1604436851434,4,1010123456009,77,,1,0,2,1,0,,0,0,183236,0,0,0,3,,0,0,0,0,0,0,0,0,0,,-250,210,,0,0,0,0
1604436851684,4,1010123456009,77,,1,0,2,1,0,,0,0,183236,0,0,0,3,,0,0,0,0,0,0,0,0,0,,-250,224,,0,0,0,0
1604436851934,4,1010123456009,77,,1,0,2,1,0,,0,0,183236,0,0,0,3,,0,0,0,0,0,0,0,0,0,,-250,236,,0,0,0,0
1604436852184,4,1010123456009,77,,1,0,2,1,0,,0,0,183236,0,0,0,3,,0,0,0,0,0,0,0,0,0,,-250,216,,0,0,0,0
1604436852434,4,1010123456009,77,,1,0,2,1,0,,0,0,183236,0,0,0,3,,0,0,0,0,0,0,0,0,0,,-250,206,,0,0,0,0
1604436852684,4,1010123456009,77,,1,0,2,1,0,,0,0,183236,0,0,0,4.71429,,0,0,0,0,0,0,0,0,0,,-250,202,,0,0,0,0
1604436852934,4,1010123456009,77,,1,0,2,1,0,,0,0,183236,0,0,0,3.8,,0,0,0,0,0,0,0,0,0,,-250,240,,0,0,0,0
1604436853184,4,1010123456009,77,,1,0,2,1,0,,0,0,183236,0,0,0,3,,0,0,0,0,0,0,0,0,0,,-250,232,,0,0,0,0
1604436853434,4,1010123456009,77,,1,0,2,1,0,,0,0,183236,0,0,0,5.2,,0,0,0,0,0,0,0,0,0,,-250,200,,0,0,0,0
1604436853684,4,1010123456009,77,,1,0,2,1,0,,0,0,183236,0,0,0,6.14286,,0,0,0,0,0,0,0,0,0,,-250,168,,0,0,0,0
1604436853934,4,1010123456009,77,,1,0,2,1,0,,0,0,183236,0,0,0,3,,0,0,0,0,0,0,0,0,0,,-250,176,,0,0,0,0
1604436923184,1,1010123456009,173,,1,0,2,1,0,,0,8,110,0.006112,6,0,2.33333,,9.75,28,0,0.1,11,0,0,19.3286,31,,-6,152,,0,0,0,1.28571
1604436923434,1,1010123456009,173,,1,0,2,1,0,,1,92,0,0.008064,36,0,5.5,,9,7,0,0.1,3,0,0,17.849,31,,205,100,,0,0,0,1.57143
1604436923684,1,1010123456009,173,,1,0,2,1,0,,0,0,0,0,0,0,5.5,,0,0,0,0,0,0,0,0,0,,0,0,,0,0,0,0
1604436923934,1,1010123456009,173,,1,0,2,1,0,,0,0,0,0,0,0,2,,0,0,0,0,0,0,0,0,0,,0,0,,0,0,0,0
