time,cc,pci,earfcn,rsrp,pl,cfo,dl_mcs,dl_snr,dl_turbo,dl_brate,dl_bler,ul_ta,ul_mcs,ul_buff,ul_brate,ul_bler,rf_o,rf_u,rf_l,is_attached
0,0,0,4294967295,0.0,0.0,0.0,0.0,0.0,0.0,0.0,0.0,0.0,0.0,0.0,0.0,0.0,0.0,0.0,0.0,0.0
249,0,0,3400,0.0,0.0,0.0,0.0,0.0,0.0,0.0,0.0,0.0,0.0,0.0,0.0,0.0,0.0,0.0,0.0,0.0
498,0,0,3400,0.0,0.0,0.0,0.0,0.0,0.0,0.0,0.0,0.0,0.0,0.0,0.0,0.0,0.0,0.0,0.0,0.0
747,0,1,3400,0.0,0.0,0.0,0.0,0.0,0.0,0.0,0.0,0.0,0.0,0.0,0.0,0.0,0.0,0.0,0.0,0.0
996,0,1,3400,-57,57,549,0.0,30,0.0,0.0,0.0,0.0,0.0,0.0,0.0,0.0,0.0,0.0,0.0,0.0
1245,0,1,3400,-57,57,513,1.3,27,0.28,2912.000000,0,0.0,0.0,33,224,0,0.0,0.0,0.0,1.0
1494,0,1,3400,-57,57,507,2.5,28,0.50,0.0,0.0,27,0.0,33,0.0,0.0,0.0,0.0,0.0,1.0
1743,0,1,3400,-57,57,504,3.2,27,0.50,4096.000000,0,27,7.6,34,44160.000000,0,0.0,0.0,0.0,1.0
1992,0,1,3400,-57,57,512,2.1,27,0.50,960,0,27,7.8,12,19392.000000,0,0.0,0.0,0.0,1.0
2241,0,1,3400,-57,57,510,6.7,27,0.50,7328.000000,0,27,9.9,0.0,43968.000000,0,0.0,0.0,0.0,1.0
2490,0,1,3400,-57,57,507,7.5,27,0.50,0.0,0.0,27,12,0.0,0.0,0.0,0.0,0.0,0.0,1.0
2739,0,1,3400,-57,57,505,7.5,27,0.50,0.0,0.0,27,12,0.0,0.0,0.0,0.0,0.0,0.0,1.0
2988,0,1,3400,-57,57,508,14,27,0.50,10304.000000,0,27,10,0.0,57888.000000,16,0.0,0.0,0.0,1.0
3237,0,1,3400,-57,57,506,8.0,26,0.50,17728.000000,0,27,11,0.0,27968.000000,0,0.0,0.0,0.0,1.0
3486,0,1,3400,-57,57,507,12,27,0.50,37152.000000,0,27,12,0.0,38304.000000,8,0.0,0.0,0.0,1.0
3735,0,1,3400,-57,57,508,10,26,0.50,24608.000000,0,27,11,0.0,0.0,0.0,0.0,0.0,0.0,1.0
3984,0,1,3400,-57,57,506,6.8,27,0.50,6528.000000,0,27,11,0.0,0.0,0.0,0.0,0.0,0.0,1.0
4233,0,1,3400,-57,57,508,13,26,0.64,36128.000000,0,27,11,0.0,30432.000000,25,0.0,0.0,0.0,1.0
4482,0,1,3400,-56,56,513,22,27,0.50,5344.000000,0,27,10,0.0,0.0,0.0,0.0,0.0,0.0,1.0
4731,0,1,3400,-56,56,510,15,27,0.50,5312.000000,0,27,10,0.0,0.0,0.0,0.0,0.0,0.0,1.0
4980,0,1,3400,-56,56,511,15,27,0.50,21120.000000,0,27,10,0.0,21952.000000,0,0.0,0.0,0.0,1.0
5229,0,1,3400,-56,56,512,17,27,0.90,17152.000000,0,27,13,0.0,0.0,0.0,0.0,0.0,0.0,1.0
5478,0,1,3400,-56,56,506,15,27,0.50,5280.000000,0,27,13,0.0,0.0,0.0,0.0,0.0,0.0,1.0
5727,0,1,3400,-56,56,505,16,27,0.50,0.0,0.0,27,13,0.0,0.0,0.0,0.0,0.0,0.0,1.0
5976,0,1,3400,-56,56,509,16,27,0.50,0.0,0.0,27,13,0.0,0.0,0.0,0.0,0.0,0.0,1.0
6225,0,1,3400,-56,56,508,14,27,0.50,21632.000000,0,27,11,0.0,13632.000000,0,0.0,0.0,0.0,1.0
6474,0,1,3400,-57,57,512,17,27,0.55,5920.000000,0,27,9.5,0.0,0.0,0.0,0.0,0.0,0.0,1.0
6723,0,1,3400,-57,57,510,16,26,0.67,21504.000000,0,27,9.5,0.0,0.0,0.0,0.0,0.0,0.0,1.0
6972,0,1,3400,-57,57,512,17,27,0.54,15744.000000,0,27,7.0,0.0,13728.000000,14,0.0,0.0,0.0,1.0
7221,0,1,3400,-57,57,507,15,26,0.50,10784.000000,0,27,3.5,0.0,0.0,0.0,0.0,0.0,0.0,1.0
7470,0,1,3400,-57,57,502,14,26,0.54,21120.000000,0,27,3.5,0.0,0.0,0.0,0.0,0.0,0.0,1.0
7719,0,1,3400,-57,57,508,19,26,0.63,26336.000000,0,27,3.5,0.0,0.0,0.0,0.0,0.0,0.0,1.0
7968,0,1,3400,-57,57,508,22,26,0.50,10592.000000,0,27,3.5,0.0,0.0,0.0,0.0,0.0,0.0,1.0
8217,0,1,3400,-57,57,506,21,26,0.50,15968.000000,0,27,10,0.0,83200.000000,35,0.0,0.0,0.0,1.0
8466,0,1,3400,-57,57,509,18,26,0.50,5354.581543,0,27,12,0.0,0.0,0.0,0.0,0.0,0.0,1.0
8715,0,1,3400,-58,58,512,16,26,0.50,29760.000000,0,27,12,0.0,0.0,0.0,0.0,0.0,0.0,1.0
8964,0,1,3400,-58,58,509,18,26,0.50,0.0,0.0,27,12,0.0,0.0,0.0,0.0,0.0,0.0,1.0
9213,0,1,3400,-58,58,507,18,26,0.50,20896.000000,0,27,12,186,0.0,0.0,0.0,0.0,0.0,1.0
9462,0,1,3400,-58,58,512,17,25,0.50,16064.000000,0,27,11,0.0,15808.000000,0,0.0,0.0,0.0,1.0
9711,0,1,3400,-59,59,511,11,26,0.57,16768.000000,0,27,10,0.0,0.0,0.0,0.0,0.0,0.0,1.0
9960,0,1,3400,-59,59,506,14,25,0.52,21376.000000,0,27,10,186,0.0,0,0.0,0.0,0.0,1.0
10209,0,1,3400,-59,59,508,16,25,0.54,26528.000000,0,27,4.1,0.0,13984.000000,0,0.0,0.0,0.0,1.0
10458,0,1,3400,-59,59,507,17,25,0.50,21248.000000,0,27,4.0,0.0,0.0,0.0,0.0,0.0,0.0,1.0
10707,0,1,3400,-59,59,511,15,25,1.6,16032.000000,14,27,4.0,0.0,0.0,0.0,0.0,0.0,0.0,1.0
10956,0,1,3400,-59,59,506,12,25,0.50,7200.000000,0,27,4.0,0.0,0.0,0.0,0.0,0.0,0.0,1.0
11205,0,1,3400,-59,59,502,15,26,0.53,16032.000000,0,27,2.7,0.0,9152.000000,0,0.0,0.0,0.0,1.0
11454,0,1,3400,-58,58,506,22,25,0.72,10624.000000,0,27,1.5,0.0,0.0,0.0,0.0,0.0,0.0,1.0
11703,0,1,3400,-58,58,506,19,26,0.52,36992.000000,0,27,1.5,0.0,0.0,0.0,0.0,0.0,0.0,1.0
11952,0,1,3400,-58,58,511,18,25,0.50,21088.000000,0,27,2.3,0.0,10048.000000,0,0.0,0.0,0.0,1.0
12201,0,1,3400,-58,58,510,23,26,0.87,22272.000000,0,27,3.0,0.0,0.0,0.0,0.0,0.0,0.0,1.0
12450,0,1,3400,-58,58,513,17,25,0.83,21408.000000,0,27,3.0,0.0,0.0,0.0,0.0,0.0,0.0,1.0
12699,0,1,3400,-58,58,511,11,26,0.50,0.0,0.0,27,3.0,0.0,0.0,0.0,0.0,0.0,0.0,1.0
12948,0,1,3400,-58,58,511,13,25,0.50,5312.000000,0,27,2.8,0.0,16832.000000,0,0.0,0.0,0.0,1.0
13197,0,1,3400,-58,58,510,17,26,0.50,0.0,0.0,27,2.0,0.0,0.0,0.0,0.0,0.0,0.0,1.0
13446,0,1,3400,-58,58,506,18,25,0.66,5920.000000,0,27,2.0,0.0,0.0,0.0,0.0,0.0,0.0,1.0
13695,0,1,3400,-58,58,511,16,26,0.54,23008.000000,0,27,2.0,0.0,0.0,0.0,0.0,0.0,0.0,1.0
13944,0,1,3400,-58,58,506,12,26,0.50,10720.000000,0,27,2.2,0.0,16448.000000,7,0.0,0.0,0.0,1.0
14193,0,1,3400,-58,58,501,16,27,0.74,10688.000000,20,27,0.0,0.0,0.0,0.0,0.0,0.0,0.0,1.0
14442,0,1,3400,-57,57,502,20,26,2.2,0.0,0.0,27,0.0,0.0,0.0,0.0,0.0,0.0,0.0,1.0
14691,0,1,3400,-58,58,511,11,26,0.65,28160.000000,0,27,0.0,0.0,0.0,0.0,0.0,0.0,0.0,1.0
14940,0,1,3400,-58,58,512,16,25,0.50,16000.000000,0,27,1.1,0.0,79296.000000,0,0.0,0.0,0.0,1.0
15189,0,1,3400,-58,58,510,18,26,0.50,0.0,0.0,27,9.0,0.0,0.0,0.0,0.0,0.0,0.0,1.0
15438,0,1,3400,-58,58,511,16,25,0.50,10688.000000,0,27,8.9,0.0,0.0,0.0,0.0,0.0,0.0,1.0
15687,0,1,3400,-58,58,509,17,26,0.50,15936.000000,0,27,9.0,0.0,0.0,0.0,0.0,0.0,0.0,1.0
15936,0,1,3400,-58,58,511,14,25,0.50,23648.000000,0,27,9.2,0.0,13632.000000,20,0.0,0.0,0.0,1.0
16185,0,1,3400,-58,58,510,12,26,0.50,6944.000000,0,27,9.5,0.0,0.0,0.0,0.0,0.0,0.0,1.0
16434,0,1,3400,-57,57,505,6.3,26,0.51,26592.000000,0,27,9.4,0.0,0.0,0.0,0.0,0.0,0.0,1.0
16683,0,1,3400,-57,57,507,19,26,0.50,15872.000000,0,27,9.5,0.0,0.0,0.0,0.0,0.0,0.0,1.0
16932,0,1,3400,-57,57,508,18,26,0.50,10688.000000,0,27,9.3,0.0,81984.000000,0,0.0,0.0,0.0,1.0
17181,0,1,3400,-57,57,510,15,26,0.79,5312.000000,0,27,9.0,0.0,0.0,0.0,0.0,0.0,0.0,1.0
17430,0,1,3400,-57,57,510,16,26,0.76,16000.000000,0,27,9.0,0.0,0.0,0.0,0.0,0.0,0.0,1.0
17679,0,1,3400,-58,58,506,15,26,0.61,16256.000000,0,27,9.0,0.0,0.0,0.0,0.0,0.0,0.0,1.0
17928,0,1,3400,-58,58,499,17,26,0.75,0.0,0.0,27,9.0,0.0,0.0,0.0,0.0,0.0,0.0,1.0
18177,0,1,3400,-58,58,505,17,26,0.52,21312.000000,0,27,10,0.0,15808.000000,0,0.0,0.0,0.0,1.0
18426,0,1,3400,-58,58,510,14,26,0.58,28960.000000,0,27,10,0.0,0.0,0.0,0.0,0.0,0.0,1.0
18675,0,1,3400,-58,58,508,14,26,0.50,8000.000000,0,27,10,0.0,0.0,0.0,0.0,0.0,0.0,1.0
18924,0,1,3400,-58,58,508,10,25,0.50,22240.000000,0,27,11,0.0,18368.000000,0,0.0,0.0,0.0,1.0
19173,0,1,3400,-58,58,511,9.2,26,0.76,11840.000000,0,27,12,0.0,0.0,0.0,0.0,0.0,0.0,1.0
19422,0,1,3400,-58,58,506,17,25,0.58,21920.000000,0,27,12,0.0,0.0,0.0,0.0,0.0,0.0,1.0
19671,0,1,3400,-58,58,509,28,25,1.0,0.0,0.0,27,12,0.0,0.0,0.0,0.0,0.0,0.0,1.0
19920,0,1,3400,-58,58,512,27,26,1.00,5408.000000,0,27,12,0.0,0.0,0.0,0.0,0.0,0.0,1.0
20169,0,1,3400,-58,58,512,13,25,0.50,15936.000000,0,27,9.8,0.0,16736.000000,0,0.0,0.0,0.0,1.0
20418,0,1,3400,-58,58,511,18,25,0.50,5376.000000,0,27,9.5,0.0,0.0,0.0,0.0,0.0,0.0,1.0
20667,0,1,3400,-58,58,510,15,25,0.96,10656.000000,0,27,9.5,0.0,0.0,0.0,0.0,0.0,0.0,1.0
20916,0,1,3400,-58,58,505,17,26,1.0,31456.000000,0,27,10,0.0,21952.000000,0,0.0,0.0,0.0,1.0
21165,0,1,3400,-58,58,501,11,25,0.50,23040.000000,0,27,13,0.0,0.0,0.0,0.0,0.0,0.0,1.0
21414,0,1,3400,-58,58,507,16,26,0.85,11232.000000,25,27,13,0.0,0.0,0.0,0.0,0.0,0.0,1.0
21663,0,1,3400,-58,58,506,19,25,0.62,21248.000000,11,27,13,0.0,0.0,0.0,0.0,0.0,0.0,1.0
21912,0,1,3400,-58,58,501,19,26,0.74,16544.000000,0,27,11,0.0,13632.000000,0,0.0,0.0,0.0,1.0
22161,0,1,3400,-58,58,503,17,25,0.81,10656.000000,0,27,9.5,0.0,0.0,0.0,0.0,0.0,0.0,1.0
22410,0,1,3400,-58,58,508,15,26,0.53,16000.000000,0,27,9.5,0.0,0.0,0.0,0.0,0.0,0.0,1.0
22659,0,1,3400,-58,58,509,16,25,0.50,10624.000000,0,27,9.5,0.0,0.0,0.0,0.0,0.0,0.0,1.0
22908,0,1,3400,-58,58,505,11,26,0.50,0.0,0.0,27,9.5,0.0,0.0,0.0,0.0,0.0,0.0,1.0
23157,0,1,3400,-58,58,504,12,25,0.59,5280.000000,0,27,9.2,0.0,2592.000000,0,0.0,0.0,0.0,1.0
23406,0,1,3400,-58,58,505,17,26,0.60,15936.000000,0,27,8.9,0.0,72096.000000,0,0.0,0.0,0.0,1.0
23655,0,1,3400,-58,58,507,11,25,0.50,10784.000000,0,27,9.0,0.0,0.0,0.0,0.0,0.0,0.0,1.0
23904,0,1,3400,-58,58,509,15,26,0.78,10336.000000,25,27,7.9,0.0,63808.000000,9,0.0,0.0,0.0,1.0
24153,0,1,3400,-58,58,513,13,25,0.58,16928.000000,0,27,6.9,0.0,0.0,0.0,0.0,0.0,0.0,1.0
24402,0,1,3400,-57,57,511,12,27,0.50,16224.000000,0,27,7.0,0.0,0.0,0.0,0.0,0.0,0.0,1.0
24651,0,1,3400,-57,57,513,18,26,0.50,0.0,0.0,27,7.0,0.0,0.0,0.0,0.0,0.0,0.0,1.0
24900,0,1,3400,-57,57,512,5.3,27,0.50,14464.000000,0,27,7.3,0.0,13632.000000,0,0.0,0.0,0.0,1.0
25149,0,1,3400,-57,57,506,1.5,27,0.50,0.0,0.0,27,9.5,0.0,0.0,0.0,0.0,0.0,0.0,1.0
25398,0,1,3400,-56,56,507,14,27,0.50,10560.000000,0,27,9.5,0.0,0.0,0.0,0.0,0.0,0.0,1.0
25647,0,1,3400,-56,56,510,15,26,0.50,10688.000000,0,27,9.5,0.0,0.0,0.0,0.0,0.0,0.0,1.0
25896,0,1,3400,-56,56,513,11,27,0.50,21280.000000,0,27,6.8,0.0,25856.000000,0,0.0,0.0,0.0,1.0
26145,0,1,3400,-56,56,510,8.2,26,0.50,15968.000000,0,27,4.0,0.0,0.0,0.0,0.0,0.0,0.0,1.0
26394,0,1,3400,-56,56,508,15,27,0.96,5600.000000,25,27,4.0,0.0,0.0,0.0,0.0,0.0,0.0,1.0
26643,0,1,3400,-56,56,511,15,27,1.6,5344.000000,0,27,4.0,0.0,0.0,0.0,0.0,0.0,0.0,1.0
26892,0,1,3400,-56,56,504,9.8,27,0.50,24352.000000,0,27,4.9,0.0,15808.000000,0,0.0,0.0,0.0,1.0
27141,0,1,3400,-56,56,500,5.5,26,0.50,0.0,0.0,27,6.0,0.0,0.0,0.0,0.0,0.0,0.0,1.0
27390,0,1,3400,-56,56,500,14,27,2.0,4256.000000,50,27,6.0,0.0,0.0,0.0,0.0,0.0,0.0,1.0
27639,0,1,3400,-56,56,506,8.3,26,0.77,26784.000000,0,27,6.0,0.0,0.0,0.0,0.0,0.0,0.0,1.0
27888,0,1,3400,-56,56,508,8.3,27,0.50,5280.000000,0,27,6.9,0.0,13632.000000,0,0.0,0.0,0.0,1.0
28137,0,1,3400,-56,56,505,16,26,0.50,0.0,0.0,27,9.5,0.0,0.0,0.0,0.0,0.0,0.0,1.0
28386,0,1,3400,-56,56,503,16,27,0.50,5280.000000,0,27,9.5,0.0,0.0,0.0,0.0,0.0,0.0,1.0
28635,0,1,3400,-56,56,511,9.4,26,0.50,23232.000000,0,27,9.5,0.0,0.0,0.0,0.0,0.0,0.0,1.0
28884,0,1,3400,-56,56,510,6.3,26,0.50,6048.000000,0,27,9.5,0.0,0.0,0.0,0.0,0.0,0.0,1.0
29133,0,1,3400,-56,56,504,9.0,26,0.50,10560.000000,0,27,6.9,0.0,18720.000000,0,0.0,0.0,0.0,1.0
29382,0,1,3400,-56,56,510,16,26,0.50,5280.000000,0,27,4.0,0.0,0.0,0.0,0.0,0.0,0.0,1.0
29631,0,1,3400,-56,56,506,8.0,26,0.50,42688.000000,0,27,4.0,0.0,0.0,0.0,0.0,0.0,0.0,1.0
29880,0,1,3400,-56,56,503,6.7,26,0.50,10784.000000,0,27,4.6,0.0,8928.000000,0,0.0,0.0,0.0,1.0
30129,0,1,3400,-56,56,505,16,27,0.50,0.0,0.0,27,6.0,0.0,0.0,0.0,0.0,0.0,0.0,1.0
30378,0,1,3400,-56,56,509,16,26,0.50,16064.000000,0,27,6.0,0.0,0.0,0.0,0.0,0.0,0.0,1.0
30627,0,1,3400,-57,57,506,17,26,0.50,5376.000000,0,27,6.0,0.0,0.0,0.0,0.0,0.0,0.0,1.0
30876,0,1,3400,-57,57,505,17,26,0.69,14848.000000,17,27,6.0,0.0,0.0,0,0.0,0.0,0.0,1.0
31125,0,1,3400,-57,57,513,10,26,0.60,17888.000000,0,27,9.4,0.0,13632.000000,0,0.0,0.0,0.0,1.0
31374,0,1,3400,-57,57,512,16,25,0.50,15968.000000,0,27,9.5,0.0,0.0,0.0,0.0,0.0,0.0,1.0
31623,0,1,3400,-58,58,509,15,25,0.50,17664.000000,0,27,9.5,0.0,0.0,0.0,0.0,0.0,0.0,1.0
31872,0,1,3400,-58,58,505,13,25,0.50,16064.000000,0,27,7.8,0.0,18464.000000,0,0.0,0.0,0.0,1.0
32121,0,1,3400,-58,58,504,11,25,0.50,5472.000000,0,27,3.5,0.0,0.0,0.0,0.0,0.0,0.0,1.0
32370,0,1,3400,-58,58,505,13,25,0.50,17632.000000,0,27,3.5,0.0,0.0,0.0,0.0,0.0,0.0,1.0
32619,0,1,3400,-58,58,501,17,25,0.52,10752.000000,0,27,3.5,0.0,0.0,0.0,0.0,0.0,0.0,1.0
32868,0,1,3400,-58,58,501,18,25,0.50,0.0,0.0,27,3.5,0.0,0.0,0.0,0.0,0.0,0.0,1.0
33117,0,1,3400,-58,58,508,18,25,0.50,0.0,0.0,27,3.5,0.0,0.0,0.0,0.0,0.0,0.0,1.0
33366,0,1,3400,-58,58,506,15,25,0.50,22560.000000,0,27,5.8,0.0,13632.000000,0,0.0,0.0,0.0,1.0
33615,0,1,3400,-58,58,506,17,25,0.50,0.0,0.0,27,9.5,0.0,0.0,0.0,0.0,0.0,0.0,1.0
33864,0,1,3400,-58,58,514,9.5,25,0.52,29760.000000,0,27,10,0.0,109280.000000,0,0.0,0.0,0.0,1.0
34113,0,1,3400,-58,58,510,3.2,26,0.50,21952.000000,0,27,12,0.0,0.0,0.0,0.0,0.0,0.0,1.0
34362,0,1,3400,-57,57,503,15,25,0.50,16000.000000,0,27,12,0.0,0.0,0.0,0.0,0.0,0.0,1.0
34611,0,1,3400,-57,57,507,14,26,0.56,21472.000000,0,27,12,0.0,0.0,0.0,0.0,0.0,0.0,1.0
34860,0,1,3400,-57,57,506,14,25,0.50,11808.000000,0,27,12,0.0,22464.000000,0,0.0,0.0,0.0,1.0
35109,0,1,3400,-57,57,505,8.7,26,0.50,15776.000000,0,27,12,0.0,0.0,0.0,0.0,0.0,0.0,1.0
35358,0,1,3400,-57,57,504,15,25,0.50,21696.000000,0,27,12,0.0,0.0,0.0,0.0,0.0,0.0,1.0
35607,0,1,3400,-57,57,510,18,26,0.50,0.0,0.0,27,12,0.0,0.0,0.0,0.0,0.0,0.0,1.0
35856,0,1,3400,-57,57,509,16,25,0.54,13440.000000,0,27,11,0.0,14400.000000,0,0.0,0.0,0.0,1.0
36105,0,1,3400,-57,57,504,6.3,26,1.2,4256.000000,50,27,8.5,0.0,0.0,0.0,0.0,0.0,0.0,1.0
36354,0,1,3400,-57,57,511,16,26,2.2,0.0,0.0,27,8.5,0.0,0.0,0.0,0.0,0.0,0.0,1.0
36603,0,1,3400,-57,57,509,15,26,1.1,26816.000000,0,27,8.5,0.0,0.0,0.0,0.0,0.0,0.0,1.0
36852,0,1,3400,-57,57,503,17,25,0.54,10624.000000,0,27,7.7,0.0,17504.000000,14,0.0,0.0,0.0,1.0
37101,0,1,3400,-57,57,509,14,26,0.52,38304.000000,0,27,5.9,0.0,0.0,0.0,0.0,0.0,0.0,1.0
37350,0,1,3400,-57,57,511,7.0,26,0.50,0.0,0.0,27,6.0,0.0,0.0,0.0,0.0,0.0,0.0,1.0
37599,0,1,3400,-57,57,506,4.8,26,0.50,19488.000000,0,27,6.0,0.0,0.0,0.0,0.0,0.0,0.0,1.0
37848,0,1,3400,-57,57,502,15,25,0.50,34688.000000,0,27,8.1,0.0,15808.000000,0,0.0,0.0,0.0,1.0
38097,0,1,3400,-57,57,508,13,26,0.50,17728.000000,0,27,10,0.0,0.0,0.0,0.0,0.0,0.0,1.0
38346,0,1,3400,-57,57,509,17,25,0.50,22272.000000,0,27,10,0.0,0.0,0.0,0.0,0.0,0.0,1.0
38595,0,1,3400,-57,57,504,17,26,0.50,7072.000000,0,27,10,0.0,0.0,0.0,0.0,0.0,0.0,1.0
38844,0,1,3400,-57,57,506,15,25,0.63,21152.000000,0,27,9.5,0.0,16064.000000,0,0.0,0.0,0.0,1.0
39093,0,1,3400,-57,57,507,17,26,0.50,37280.000000,0,27,8.5,0.0,0.0,0.0,0.0,0.0,0.0,1.0
39342,0,1,3400,-57,57,507,17,26,0.50,15936.000000,0,27,8.5,0.0,0.0,0.0,0.0,0.0,0.0,1.0
39591,0,1,3400,-57,57,511,16,25,0.58,15936.000000,0,27,8.4,0.0,0.0,0.0,0.0,0.0,0.0,1.0
39840,0,1,3400,-57,57,512,17,26,0.50,10656.000000,0,27,7.0,0.0,18240.000000,0,0.0,0.0,0.0,1.0
40089,0,1,3400,-57,57,502,18,26,0.50,0.0,0.0,27,4.0,0.0,0.0,0.0,0.0,0.0,0.0,1.0
40338,0,1,3400,-56,56,502,18,26,0.50,5376.000000,0,27,4.0,0.0,0.0,0.0,0.0,0.0,0.0,1.0
40587,0,1,3400,-57,57,512,18,26,0.50,0.0,0.0,27,4.0,0.0,0.0,0.0,0.0,0.0,0.0,1.0
40836,0,1,3400,-57,57,506,17,26,0.50,15872.000000,0,27,2.8,0.0,10048.000000,0,0.0,0.0,0.0,1.0
41085,0,1,3400,-57,57,503,7.8,25,0.50,14528.000000,0,27,0.0,0.0,0.0,0.0,0.0,0.0,0.0,1.0
41334,0,1,3400,-57,57,506,14,26,0.67,21952.000000,4,27,0.0,0.0,0.0,0.0,0.0,0.0,0.0,1.0
41583,0,1,3400,-58,58,505,16,25,0.50,10560.000000,0,27,0.0,0.0,0.0,0.0,0.0,0.0,0.0,1.0
41832,0,1,3400,-58,58,501,17,25,0.50,29760.000000,0,27,1.8,0.0,8928.000000,0,0.0,0.0,0.0,1.0
42081,0,1,3400,-58,58,509,17,25,0.50,18368.000000,0,27,6.0,0.0,0.0,0.0,0.0,0.0,0.0,1.0
42330,0,1,3400,-58,58,511,18,25,0.50,16128.000000,0,27,6.0,0.0,0.0,0.0,0.0,0.0,0.0,1.0
42579,0,1,3400,-58,58,505,18,24,0.65,16128.000000,0,27,6.0,0.0,0.0,0.0,0.0,0.0,0.0,1.0
42828,0,1,3400,-58,58,505,17,25,0.50,10880.000000,0,27,7.0,0.0,16576.000000,0,0.0,0.0,0.0,1.0
43077,0,1,3400,-58,58,505,18,25,0.50,10688.000000,0,27,8.0,0.0,0.0,0.0,0.0,0.0,0.0,1.0
43326,0,1,3400,-58,58,511,18,25,0.70,10688.000000,0,27,7.9,0.0,0.0,0.0,0.0,0.0,0.0,1.0
43575,0,1,3400,-59,59,509,18,24,0.50,10688.000000,0,27,8.0,0.0,0.0,0.0,0.0,0.0,0.0,1.0
43824,0,1,3400,-59,59,503,17,25,0.50,16512.000000,0,27,9.3,0.0,10976.000000,0,0.0,0.0,0.0,1.0
44073,0,1,3400,-59,59,505,15,24,0.52,32576.000000,0,27,11,0.0,0.0,0.0,0.0,0.0,0.0,1.0
44322,0,1,3400,-59,59,509,13,24,0.53,32256.000000,0,27,11,0.0,0.0,0.0,0.0,0.0,0.0,1.0
44571,0,1,3400,-59,59,507,16,24,0.62,16032.000000,0,27,11,0.0,0.0,0.0,0.0,0.0,0.0,1.0
44820,0,1,3400,-59,59,498,5.9,25,0.50,5952.000000,0,27,11,0.0,0.0,0.0,0.0,0.0,0.0,1.0
45069,0,1,3400,-59,59,501,11,25,0.50,10880.000000,0,27,9.4,0.0,23456.000000,0,0.0,0.0,0.0,1.0
45318,0,1,3400,-58,58,505,15,25,0.70,16672.000000,0,27,6.0,0.0,0.0,0.0,0.0,0.0,0.0,1.0
45567,0,1,3400,-58,58,507,16,25,0.75,0.0,0.0,27,6.0,0.0,0.0,0.0,0.0,0.0,0.0,1.0
45816,0,1,3400,-58,58,509,17,25,0.52,10752.000000,0,27,6.0,186,0.0,0.0,0.0,0.0,0.0,1.0
46065,0,1,3400,-58,58,508,17,25,0.50,10560.000000,0,27,4.1,0.0,16224.000000,0,0.0,0.0,0.0,1.0
46314,0,1,3400,-57,57,507,15,26,0.50,26912.000000,0,27,3.5,0.0,0.0,0.0,0.0,0.0,0.0,1.0
46563,0,1,3400,-57,57,508,12,26,0.50,10848.000000,0,27,3.5,0.0,0.0,0.0,0.0,0.0,0.0,1.0
46812,0,1,3400,-57,57,509,9.1,26,0.50,11424.000000,0,27,4.5,0.0,56608.000000,0,0.0,0.0,0.0,1.0
47061,0,1,3400,-57,57,506,8.7,25,0.50,11168.000000,0,27,7.0,0.0,0.0,0.0,0.0,0.0,0.0,1.0
47310,0,1,3400,-57,57,502,9.1,26,0.50,5280.000000,0,27,7.0,0.0,0.0,0.0,0.0,0.0,0.0,1.0
47559,0,1,3400,-57,57,505,11,25,0.50,17152.000000,0,27,6.9,0.0,0.0,0.0,0.0,0.0,0.0,1.0
47808,0,1,3400,-57,57,503,8.6,26,0.50,6720.000000,0,27,8.1,0.0,0.0,80,0.0,0.0,0.0,1.0
48057,0,1,3400,-57,57,503,11,26,0.54,11104.000000,0,27,10,0.0,0.0,0.0,0.0,0.0,0.0,1.0
48306,0,1,3400,-57,57,504,5.8,26,0.52,17888.000000,0,27,10,0.0,0.0,0.0,0.0,0.0,0.0,1.0
48555,0,1,3400,-57,57,509,16,25,0.50,26688.000000,0,27,10,0.0,0.0,0.0,0.0,0.0,0.0,1.0
48804,0,1,3400,-57,57,512,17,26,0.50,15904.000000,0,27,6.7,0.0,8096.000000,0,0.0,0.0,0.0,1.0
49053,0,1,3400,-57,57,507,15,25,0.51,27232.000000,0,27,2.5,0.0,0.0,0.0,0.0,0.0,0.0,1.0
49302,0,1,3400,-57,57,503,15,26,0.50,5472.000000,0,27,2.5,0.0,0.0,0.0,0.0,0.0,0.0,1.0
49551,0,1,3400,-57,57,504,15,26,0.50,16672.000000,0,27,2.5,0.0,0.0,0.0,0.0,0.0,0.0,1.0
49800,0,1,3400,-57,57,506,15,26,0.50,10656.000000,0,27,3.1,0.0,54496.000000,0,0.0,0.0,0.0,1.0
50049,0,1,3400,-57,57,507,15,26,0.50,10560.000000,0,27,7.0,0.0,0.0,0.0,0.0,0.0,0.0,1.0
50298,0,1,3400,-56,56,507,15,26,0.51,37856.000000,0,27,7.0,0.0,0.0,0.0,0.0,0.0,0.0,1.0
50547,0,1,3400,-56,56,503,15,26,0.51,10624.000000,0,27,7.0,0.0,0.0,0.0,0.0,0.0,0.0,1.0
50796,0,1,3400,-56,56,503,14,26,0.50,0.0,0.0,27,7.0,0.0,0.0,0.0,0.0,0.0,0.0,1.0
51045,0,1,3400,-56,56,507,11,27,0.50,5504.000000,0,27,6.9,0.0,63808.000000,5,0.0,0.0,0.0,1.0
51294,0,1,3400,-56,56,511,14,26,0.50,27136.000000,0,27,7.0,0.0,0.0,0.0,0.0,0.0,0.0,1.0
51543,0,1,3400,-56,56,510,13,26,0.50,21824.000000,0,27,7.0,0.0,0.0,0.0,0.0,0.0,0.0,1.0
51792,0,1,3400,-56,56,503,15,26,0.50,15936.000000,0,27,7.0,186,0.0,0.0,0.0,0.0,0.0,1.0
52041,0,1,3400,-56,56,500,15,27,0.50,16128.000000,0,27,1.1,0.0,7424.000000,0,0.0,0.0,0.0,1.0
52290,0,1,3400,-56,56,502,15,26,0.50,17760.000000,0,27,1.1,0.0,0.0,0.0,0.0,0.0,0.0,1.0
52539,0,1,3400,-57,57,502,9.8,26,0.50,16672.000000,0,27,1.0,0.0,0.0,0.0,0.0,0.0,0.0,1.0
52788,0,1,3400,-57,57,505,14,26,0.50,10816.000000,0,27,4.4,0.0,18368.000000,0,0.0,0.0,0.0,1.0
53037,0,1,3400,-57,57,503,14,26,0.54,21120.000000,0,27,12,0.0,0.0,0.0,0.0,0.0,0.0,1.0
53286,0,1,3400,-57,57,500,16,25,0.51,10560.000000,0,27,12,0.0,0.0,0.0,0.0,0.0,0.0,1.0
53535,0,1,3400,-57,57,507,16,26,0.50,10624.000000,0,27,12,0.0,0.0,0.0,0.0,0.0,0.0,1.0
53784,0,1,3400,-57,57,508,14,25,0.50,10784.000000,0,27,12,186,0.0,0,0.0,0.0,0.0,1.0
54033,0,1,3400,-57,57,501,7.9,26,0.50,13024.000000,0,27,1.8,0.0,13696.000000,0,0.0,0.0,0.0,1.0
54282,0,1,3400,-57,57,501,5.7,26,0.50,11744.000000,0,27,1.5,0.0,0.0,0.0,0.0,0.0,0.0,1.0
54531,0,1,3400,-57,57,501,11,26,0.55,21120.000000,0,27,1.5,0.0,0.0,0.0,0.0,0.0,0.0,1.0
54780,0,1,3400,-57,57,504,16,26,1.2,14816.000000,17,27,1.6,0.0,13696.000000,0,0.0,0.0,0.0,1.0
55029,0,1,3400,-57,57,507,16,26,0.51,5312.000000,0,27,1.5,0.0,0.0,0.0,0.0,0.0,0.0,1.0
55278,0,1,3400,-56,56,508,16,26,0.52,10624.000000,0,27,1.5,0.0,0.0,0.0,0.0,0.0,0.0,1.0
55527,0,1,3400,-57,57,510,16,26,0.74,9536.000000,25,27,1.5,0.0,0.0,0.0,0.0,0.0,0.0,1.0
55776,0,1,3400,-57,57,510,16,26,0.50,10624.000000,0,27,1.8,0.0,16096.000000,0,0.0,0.0,0.0,1.0
56025,0,1,3400,-57,57,510,16,26,0.53,15840.000000,0,27,3.0,0.0,0.0,0.0,0.0,0.0,0.0,1.0
56274,0,1,3400,-57,57,509,16,25,0.56,26400.000000,0,27,3.0,0.0,0.0,0.0,0.0,0.0,0.0,1.0
56523,0,1,3400,-57,57,504,16,26,0.77,20096.000000,12,27,3.0,0.0,0.0,0.0,0.0,0.0,0.0,1.0
56772,0,1,3400,-57,57,505,14,25,0.50,17792.000000,0,27,1.6,0.0,13664.000000,0,0.0,0.0,0.0,1.0
57021,0,1,3400,-57,57,499,17,25,0.50,15936.000000,0,27,0.0,0.0,0.0,0.0,0.0,0.0,0.0,1.0
57270,0,1,3400,-57,57,499,18,25,0.50,0.0,0.0,27,0.0,0.0,0.0,0.0,0.0,0.0,0.0,1.0
57520,0,1,3400,-57,57,506,18,26,0.50,0.0,0.0,27,0.0,0.0,0.0,0.0,0.0,0.0,0.0,1.0
57769,0,1,3400,-57,57,501,18,26,0.50,0.0,0.0,27,0.0,0.0,0.0,0.0,0.0,0.0,0.0,1.0
58018,0,1,3400,-57,57,504,18,26,0.50,0.0,0.0,27,0.0,0.0,0.0,0.0,0.0,0.0,0.0,1.0
58267,0,1,3400,-56,56,504,18,26,0.50,0.0,0.0,27,0.0,0.0,0.0,0.0,0.0,0.0,0.0,1.0
58516,0,1,3400,-56,56,503,18,26,0.50,0.0,0.0,27,0.0,0.0,0.0,0.0,0.0,0.0,0.0,1.0
58765,0,1,3400,-56,56,506,18,26,0.50,0.0,0.0,27,0.0,0.0,0.0,0.0,0.0,0.0,0.0,1.0
59014,0,1,3400,-56,56,510,18,26,0.50,0.0,0.0,27,0.0,0.0,0.0,0.0,0.0,0.0,0.0,1.0
59263,0,1,3400,-57,57,507,18,26,0.50,0.0,0.0,27,0.60,0.0,4896.000000,0,0.0,0.0,0.0,1.0
59512,0,1,3400,-57,57,504,18,26,0.50,0.0,0.0,27,2.5,0.0,0.0,0.0,0.0,0.0,0.0,1.0
59761,0,1,3400,-57,57,506,18,26,0.50,0.0,0.0,27,2.5,0.0,0.0,0.0,0.0,0.0,0.0,1.0
60010,0,1,3400,-57,57,510,18,26,0.50,0.0,0.0,27,2.5,0.0,0.0,0.0,0.0,0.0,0.0,1.0
60259,0,1,3400,-58,58,505,18,26,0.50,0.0,0.0,27,2.5,0.0,0.0,0.0,0.0,0.0,0.0,1.0
60508,0,1,3400,-58,58,502,18,25,0.50,0.0,0.0,27,2.5,0.0,0.0,0.0,0.0,0.0,0.0,1.0
60757,0,1,3400,-58,58,504,18,25,0.50,0.0,0.0,27,2.5,0.0,0.0,0.0,0.0,0.0,0.0,1.0
61006,0,1,3400,-58,58,505,18,25,0.50,0.0,0.0,27,2.5,0.0,0.0,0.0,0.0,0.0,0.0,1.0
61255,0,1,3400,-58,58,502,18,25,0.50,0.0,0.0,27,2.5,0.0,0.0,0.0,0.0,0.0,0.0,1.0
61504,0,1,3400,-58,58,500,18,25,0.50,0.0,0.0,27,2.5,0.0,0.0,0.0,0.0,0.0,0.0,1.0
61753,0,1,3400,-58,58,505,18,25,0.50,0.0,0.0,27,2.5,0.0,0.0,0.0,0.0,0.0,0.0,1.0
62002,0,1,3400,-58,58,508,18,25,0.50,0.0,0.0,27,2.5,0.0,0.0,0.0,0.0,0.0,0.0,1.0
62251,0,1,3400,-58,58,504,18,25,0.50,0.0,0.0,27,2.5,0.0,0.0,0.0,0.0,0.0,0.0,1.0
62500,0,1,3400,-59,59,504,18,24,0.50,0.0,0.0,27,2.5,0.0,0.0,0.0,0.0,0.0,0.0,1.0
62749,0,1,3400,-59,59,505,18,25,0.50,0.0,0.0,27,2.5,0.0,0.0,0.0,0.0,0.0,0.0,1.0
62998,0,1,3400,-59,59,500,18,25,0.50,0.0,0.0,27,2.5,0.0,0.0,0.0,0.0,0.0,0.0,1.0
63247,0,1,3400,-59,59,501,18,25,0.50,0.0,0.0,27,2.5,0.0,0.0,0.0,0.0,0.0,0.0,1.0
63496,0,1,3400,-59,59,500,18,25,0.50,0.0,0.0,27,2.5,0.0,0.0,0.0,0.0,0.0,0.0,1.0
63745,0,1,3400,-59,59,504,18,25,0.50,0.0,0.0,27,2.5,0.0,0.0,0.0,0.0,0.0,0.0,1.0
63994,0,1,3400,-59,59,506,18,24,0.50,0.0,0.0,27,2.5,0.0,0.0,0.0,0.0,0.0,0.0,1.0
64243,0,1,3400,-59,59,509,18,24,0.50,0.0,0.0,27,2.5,0.0,0.0,0.0,0.0,0.0,0.0,1.0
64492,0,1,3400,-59,59,505,18,24,0.50,0.0,0.0,27,2.5,0.0,0.0,0.0,0.0,0.0,0.0,1.0
64741,0,1,3400,-59,59,507,18,24,0.50,0.0,0.0,27,2.5,0.0,0.0,0.0,0.0,0.0,0.0,1.0
64990,0,1,3400,-59,59,504,18,24,0.50,0.0,0.0,27,2.5,0.0,0.0,0.0,0.0,0.0,0.0,1.0
65239,0,1,3400,-59,59,501,18,24,0.50,0.0,0.0,27,2.5,0.0,0.0,0.0,0.0,0.0,0.0,1.0
65488,0,1,3400,-59,59,498,18,24,0.50,0.0,0.0,27,2.5,0.0,0.0,0.0,0.0,0.0,0.0,1.0
65737,0,1,3400,-59,59,502,18,24,0.50,0.0,0.0,27,2.5,0.0,0.0,0.0,0.0,0.0,0.0,1.0
65986,0,1,3400,-59,59,509,18,24,0.50,0.0,0.0,27,2.5,0.0,0.0,0.0,0.0,0.0,0.0,1.0
66235,0,1,3400,-59,59,507,18,24,0.50,0.0,0.0,27,2.5,0.0,0.0,0.0,0.0,0.0,0.0,1.0
66484,0,1,3400,-59,59,508,18,24,0.50,0.0,0.0,27,2.5,0.0,0.0,0.0,0.0,0.0,0.0,1.0
66733,0,1,3400,-59,59,509,18,25,0.50,0.0,0.0,27,2.5,0.0,0.0,0.0,0.0,0.0,0.0,1.0
66982,0,1,3400,-59,59,508,18,25,0.50,0.0,0.0,27,2.5,0.0,0.0,0.0,0.0,0.0,0.0,1.0
67231,0,1,3400,-58,58,506,18,25,0.50,0.0,0.0,27,2.5,0.0,0.0,0.0,0.0,0.0,0.0,1.0
67480,0,1,3400,-59,59,506,17,25,0.50,0.0,0.0,27,2.5,0.0,0.0,0.0,0.0,0.0,0.0,1.0
67729,0,1,3400,-59,59,504,18,25,0.50,0.0,0.0,27,2.5,0.0,0.0,0.0,0.0,0.0,0.0,1.0
67978,0,1,3400,-59,59,504,18,25,0.50,0.0,0.0,27,2.5,0.0,0.0,0.0,0.0,0.0,0.0,1.0
68227,0,1,3400,-59,59,508,18,24,0.50,0.0,0.0,27,2.5,0.0,0.0,0.0,0.0,0.0,0.0,1.0
68476,0,1,3400,-59,59,502,18,24,0.50,0.0,0.0,27,2.5,0.0,0.0,0.0,0.0,0.0,0.0,1.0
68725,0,1,3400,-59,59,500,18,24,0.50,0.0,0.0,27,2.5,0.0,0.0,0.0,0.0,0.0,0.0,1.0
68974,0,1,3400,-59,59,502,18,24,0.50,0.0,0.0,27,2.5,0.0,0.0,0.0,0.0,0.0,0.0,1.0
69223,0,1,3400,-59,59,503,18,24,0.50,0.0,0.0,27,2.5,0.0,0.0,0.0,0.0,0.0,0.0,1.0
69472,0,1,3400,-59,59,502,18,24,0.50,0.0,0.0,27,2.5,0.0,0.0,0.0,0.0,0.0,0.0,1.0
69721,0,1,3400,-59,59,504,18,25,0.50,0.0,0.0,27,2.5,0.0,0.0,0.0,0.0,0.0,0.0,1.0
69970,0,1,3400,-59,59,502,18,25,0.50,0.0,0.0,27,2.5,0.0,0.0,0.0,0.0,0.0,0.0,1.0
70219,0,1,3400,-58,58,500,18,25,0.50,0.0,0.0,27,2.5,0.0,0.0,0.0,0.0,0.0,0.0,1.0
70468,0,1,3400,-58,58,504,18,25,0.50,0.0,0.0,27,2.5,0.0,0.0,0.0,0.0,0.0,0.0,1.0
70717,0,1,3400,-58,58,509,18,25,0.50,0.0,0.0,27,2.5,0.0,0.0,0.0,0.0,0.0,0.0,1.0
70966,0,1,3400,-58,58,507,18,25,0.50,0.0,0.0,27,2.5,0.0,0.0,0.0,0.0,0.0,0.0,1.0
71215,0,1,3400,-58,58,506,18,25,0.50,0.0,0.0,27,2.5,0.0,0.0,0.0,0.0,0.0,0.0,1.0
71464,0,1,3400,-59,59,508,18,25,0.50,0.0,0.0,27,2.5,0.0,0.0,0.0,0.0,0.0,0.0,1.0
71713,0,1,3400,-59,59,506,18,24,0.50,0.0,0.0,27,2.5,0.0,0.0,0.0,0.0,0.0,0.0,1.0
71962,0,1,3400,-59,59,501,18,24,0.50,0.0,0.0,27,2.5,0.0,0.0,0.0,0.0,0.0,0.0,1.0
72211,0,1,3400,-59,59,501,18,24,0.50,0.0,0.0,27,2.5,0.0,0.0,0.0,0.0,0.0,0.0,1.0
72460,0,1,3400,-59,59,507,18,24,0.50,0.0,0.0,27,2.5,0.0,0.0,0.0,0.0,0.0,0.0,1.0
72709,0,1,3400,-59,59,505,18,24,0.50,0.0,0.0,27,2.5,0.0,0.0,0.0,0.0,0.0,0.0,1.0
72958,0,1,3400,-59,59,503,18,24,0.50,0.0,0.0,27,2.5,0.0,0.0,0.0,0.0,0.0,0.0,1.0
73207,0,1,3400,-59,59,503,18,24,0.50,0.0,0.0,27,2.5,0.0,0.0,0.0,0.0,0.0,0.0,1.0
73456,0,1,3400,-60,60,505,18,24,0.50,0.0,0.0,27,2.5,0.0,0.0,0.0,0.0,0.0,0.0,1.0
73705,0,1,3400,-60,60,508,18,24,0.50,0.0,0.0,27,2.5,0.0,0.0,0.0,0.0,0.0,0.0,1.0
73954,0,1,3400,-60,60,508,18,24,0.50,0.0,0.0,27,2.5,0.0,0.0,0.0,0.0,0.0,0.0,1.0
74203,0,1,3400,-60,60,504,18,23,0.50,0.0,0.0,27,2.5,0.0,0.0,0.0,0.0,0.0,0.0,1.0
74452,0,1,3400,-61,61,498,17,23,1.5,0.0,100.000000,27,2.5,0.0,0.0,0.0,0.0,0.0,0.0,1.0
74701,0,1,3400,-61,61,505,17,23,2.2,0.0,0.0,27,2.5,0.0,0.0,0.0,0.0,0.0,0.0,1.0
74950,0,1,3400,-61,61,509,17,23,2.2,0.0,0.0,27,2.5,0.0,0.0,0.0,0.0,0.0,0.0,1.0
75199,0,1,3400,-61,61,505,17,23,2.2,0.0,0.0,27,2.5,0.0,0.0,0.0,0.0,0.0,0.0,1.0
75448,0,1,3400,-62,62,504,17,23,2.2,0.0,0.0,27,2.5,0.0,0.0,0.0,0.0,0.0,0.0,1.0
75697,0,1,3400,-62,62,506,17,22,2.2,0.0,0.0,27,2.5,0.0,0.0,0.0,0.0,0.0,0.0,1.0
75946,0,1,3400,-62,62,506,17,22,2.2,0.0,0.0,27,2.5,0.0,0.0,0.0,0.0,0.0,0.0,1.0
76195,0,1,3400,-62,62,505,17,22,2.2,0.0,0.0,27,2.5,0.0,0.0,0.0,0.0,0.0,0.0,1.0
76444,0,1,3400,-62,62,507,17,22,2.2,0.0,0.0,27,2.5,0.0,0.0,0.0,0.0,0.0,0.0,1.0
76693,0,1,3400,-62,62,503,17,22,2.2,0.0,0.0,27,2.5,0.0,0.0,0.0,0.0,0.0,0.0,1.0
76942,0,1,3400,-62,62,498,17,22,2.2,0.0,0.0,27,2.5,0.0,0.0,0.0,0.0,0.0,0.0,1.0
77191,0,1,3400,-62,62,500,17,22,2.2,0.0,0.0,27,2.5,0.0,0.0,0.0,0.0,0.0,0.0,1.0
77440,0,1,3400,-63,63,503,17,22,2.2,0.0,0.0,27,2.5,0.0,0.0,0.0,0.0,0.0,0.0,1.0
77689,0,1,3400,-63,63,502,17,22,2.2,0.0,0.0,27,2.5,0.0,0.0,0.0,0.0,0.0,0.0,1.0
77938,0,1,3400,-63,63,509,17,21,2.2,0.0,0.0,27,2.5,0.0,0.0,0.0,0.0,0.0,0.0,1.0
78187,0,1,3400,-63,63,509,17,21,2.2,0.0,0.0,27,2.5,0.0,0.0,0.0,0.0,0.0,0.0,1.0
78436,0,1,3400,-63,63,506,17,21,2.2,0.0,0.0,27,2.5,0.0,0.0,0.0,0.0,0.0,0.0,1.0
78685,0,1,3400,-63,63,508,17,21,2.2,0.0,0.0,27,2.5,0.0,0.0,0.0,0.0,0.0,0.0,1.0
78934,0,1,3400,-63,63,502,17,21,2.2,0.0,0.0,27,2.5,0.0,0.0,0.0,0.0,0.0,0.0,1.0
79183,0,1,3400,-63,63,503,17,21,2.2,0.0,0.0,27,2.5,0.0,0.0,0.0,0.0,0.0,0.0,1.0
79432,0,1,3400,-63,63,506,17,21,2.2,0.0,0.0,27,2.5,0.0,0.0,0.0,0.0,0.0,0.0,1.0
79681,0,1,3400,-63,63,506,17,21,2.2,0.0,0.0,27,2.5,0.0,0.0,0.0,0.0,0.0,0.0,1.0
79930,0,1,3400,-63,63,507,17,21,2.2,0.0,0.0,27,2.5,0.0,0.0,0.0,0.0,0.0,0.0,1.0
80179,0,1,3400,-63,63,506,17,21,2.2,0.0,0.0,27,2.5,0.0,0.0,0.0,0.0,0.0,0.0,1.0
80428,0,1,3400,-63,63,501,17,21,2.2,0.0,0.0,27,2.5,0.0,0.0,0.0,0.0,0.0,0.0,1.0
80677,0,1,3400,-63,63,499,17,21,2.2,0.0,0.0,27,2.5,0.0,0.0,0.0,0.0,0.0,0.0,1.0
80926,0,1,3400,-63,63,504,17,21,2.2,0.0,0.0,27,2.5,0.0,0.0,0.0,0.0,0.0,0.0,1.0
81175,0,1,3400,-63,63,505,17,21,2.2,0.0,0.0,27,2.5,0.0,0.0,0.0,0.0,0.0,0.0,1.0
81424,0,1,3400,-64,64,507,17,21,2.2,0.0,0.0,27,2.5,0.0,0.0,0.0,0.0,0.0,0.0,1.0
81673,0,1,3400,-64,64,508,17,20,2.2,0.0,0.0,27,2.5,0.0,0.0,0.0,0.0,0.0,0.0,1.0
81922,0,1,3400,-64,64,500,17,20,2.2,0.0,0.0,27,2.5,0.0,0.0,0.0,0.0,0.0,0.0,1.0
82171,0,1,3400,-64,64,500,17,20,2.2,0.0,0.0,27,2.5,0.0,0.0,0.0,0.0,0.0,0.0,1.0
82420,0,1,3400,-64,64,503,17,20,2.2,0.0,0.0,27,2.5,0.0,0.0,0.0,0.0,0.0,0.0,1.0
82669,0,1,3400,-64,64,505,17,21,2.2,0.0,0.0,27,2.5,0.0,0.0,0.0,0.0,0.0,0.0,1.0
82918,0,1,3400,-64,64,502,17,21,2.2,0.0,0.0,27,2.5,0.0,0.0,0.0,0.0,0.0,0.0,1.0
83167,0,1,3400,-63,63,505,17,21,2.2,0.0,0.0,27,2.5,0.0,0.0,0.0,0.0,0.0,0.0,1.0
83416,0,1,3400,-63,63,506,17,21,2.2,0.0,0.0,27,2.5,0.0,0.0,0.0,0.0,0.0,0.0,1.0
83665,0,1,3400,-63,63,505,17,21,2.2,0.0,0.0,27,2.5,0.0,0.0,0.0,0.0,0.0,0.0,1.0
83914,0,1,3400,-63,63,503,17,21,2.2,0.0,0.0,27,2.5,0.0,0.0,0.0,0.0,0.0,0.0,1.0
84163,0,1,3400,-63,63,501,17,21,2.2,0.0,0.0,27,2.5,0.0,0.0,0.0,0.0,0.0,0.0,1.0
84412,0,1,3400,-63,63,504,17,21,2.2,0.0,0.0,27,2.5,0.0,0.0,0.0,0.0,0.0,0.0,1.0
84661,0,1,3400,-63,63,506,17,21,2.2,0.0,0.0,27,2.5,0.0,0.0,0.0,0.0,0.0,0.0,1.0
84910,0,1,3400,-63,63,506,17,21,2.2,0.0,0.0,27,2.5,0.0,0.0,0.0,0.0,0.0,0.0,1.0
85159,0,1,3400,-63,63,502,17,21,2.2,0.0,0.0,27,2.5,0.0,0.0,0.0,0.0,0.0,0.0,1.0
85408,0,1,3400,-63,63,500,17,21,2.2,0.0,0.0,27,2.5,0.0,0.0,0.0,0.0,0.0,0.0,1.0
85657,0,1,3400,-63,63,504,17,22,2.2,0.0,0.0,27,2.5,0.0,0.0,0.0,0.0,0.0,0.0,1.0
85906,0,1,3400,-63,63,509,17,22,2.2,0.0,0.0,27,2.5,0.0,0.0,0.0,0.0,0.0,0.0,1.0
86155,0,1,3400,-62,62,510,17,22,2.2,0.0,0.0,27,2.5,0.0,0.0,0.0,0.0,0.0,0.0,1.0
86404,0,1,3400,-62,62,504,17,22,2.2,0.0,0.0,27,2.5,0.0,0.0,0.0,0.0,0.0,0.0,1.0
86653,0,1,3400,-62,62,505,17,22,2.2,0.0,0.0,27,2.5,0.0,0.0,0.0,0.0,0.0,0.0,1.0
86902,0,1,3400,-62,62,504,17,21,2.2,0.0,0.0,27,2.5,0.0,0.0,0.0,0.0,0.0,0.0,1.0
87151,0,1,3400,-62,62,498,17,21,2.2,0.0,0.0,27,2.5,0.0,0.0,0.0,0.0,0.0,0.0,1.0
87400,0,1,3400,-63,63,502,17,21,2.2,0.0,0.0,27,2.5,0.0,0.0,0.0,0.0,0.0,0.0,1.0
87649,0,1,3400,-63,63,502,17,20,2.2,0.0,0.0,27,2.5,0.0,0.0,0.0,0.0,0.0,0.0,1.0
87898,0,1,3400,-63,63,502,17,20,2.2,0.0,0.0,27,2.5,0.0,0.0,0.0,0.0,0.0,0.0,1.0
88147,0,1,3400,-63,63,504,17,19,2.2,0.0,0.0,27,2.5,0.0,0.0,0.0,0.0,0.0,0.0,1.0
88396,0,1,3400,-63,63,505,17,19,2.2,0.0,0.0,27,2.5,0.0,0.0,0.0,0.0,0.0,0.0,1.0
88645,0,1,3400,-63,63,504,17,19,2.2,0.0,0.0,27,2.5,0.0,0.0,0.0,0.0,0.0,0.0,1.0
88894,0,1,3400,-63,63,502,17,19,2.2,0.0,0.0,27,2.5,0.0,0.0,0.0,0.0,0.0,0.0,1.0
89143,0,1,3400,-63,63,501,17,19,2.2,0.0,0.0,27,2.5,0.0,0.0,0.0,0.0,0.0,0.0,1.0
89392,0,1,3400,-63,63,505,17,19,2.2,0.0,0.0,27,2.5,0.0,0.0,0.0,0.0,0.0,0.0,1.0
89641,0,1,3400,-63,63,507,17,19,2.2,0.0,0.0,27,2.5,0.0,0.0,0.0,0.0,0.0,0.0,1.0
89890,0,1,3400,-63,63,504,17,19,2.2,0.0,0.0,27,2.5,0.0,0.0,0.0,0.0,0.0,0.0,1.0
90139,0,1,3400,-63,63,500,17,19,2.2,0.0,0.0,27,2.5,0.0,0.0,0.0,0.0,0.0,0.0,1.0
90388,0,1,3400,-63,63,505,17,19,2.2,0.0,0.0,27,2.5,0.0,0.0,0.0,0.0,0.0,0.0,1.0
90637,0,1,3400,-63,63,502,17,19,2.2,0.0,0.0,27,2.5,0.0,0.0,0.0,0.0,0.0,0.0,1.0
90886,0,1,3400,-63,63,502,17,19,2.2,0.0,0.0,27,2.5,0.0,0.0,0.0,0.0,0.0,0.0,1.0
91135,0,1,3400,-63,63,504,17,19,2.2,0.0,0.0,27,2.5,0.0,0.0,0.0,0.0,0.0,0.0,1.0
91384,0,1,3400,-63,63,504,17,19,2.2,0.0,0.0,27,2.5,0.0,0.0,0.0,0.0,0.0,0.0,1.0
91633,0,1,3400,-63,63,509,17,19,2.2,0.0,0.0,27,2.5,0.0,0.0,0.0,0.0,0.0,0.0,1.0
91882,0,1,3400,-63,63,509,17,19,2.2,0.0,0.0,27,2.5,0.0,0.0,0.0,0.0,0.0,0.0,1.0
92131,0,1,3400,-63,63,504,17,19,2.2,0.0,0.0,27,2.5,0.0,0.0,0.0,0.0,0.0,0.0,1.0
92380,0,1,3400,-63,63,503,17,19,2.2,0.0,0.0,27,2.5,0.0,0.0,0.0,0.0,0.0,0.0,1.0
92629,0,1,3400,-63,63,502,17,20,2.2,0.0,0.0,27,2.5,0.0,0.0,0.0,0.0,0.0,0.0,1.0
92878,0,1,3400,-63,63,501,17,20,2.2,0.0,0.0,27,2.5,0.0,0.0,0.0,0.0,0.0,0.0,1.0
93127,0,1,3400,-63,63,503,17,19,2.2,0.0,0.0,27,2.5,0.0,0.0,0.0,0.0,0.0,0.0,1.0
93376,0,1,3400,-64,64,502,17,19,2.2,0.0,0.0,27,2.5,0.0,0.0,0.0,0.0,0.0,0.0,1.0
93625,0,1,3400,-64,64,506,17,19,2.2,0.0,0.0,27,2.5,0.0,0.0,0.0,0.0,0.0,0.0,1.0
93874,0,1,3400,-64,64,507,17,19,2.2,0.0,0.0,27,2.5,0.0,0.0,0.0,0.0,0.0,0.0,1.0
94123,0,1,3400,-64,64,504,17,19,2.2,0.0,0.0,27,2.5,0.0,0.0,0.0,0.0,0.0,0.0,1.0
94372,0,1,3400,-65,65,504,17,18,2.2,0.0,0.0,27,2.5,0.0,0.0,0.0,0.0,0.0,0.0,1.0
94621,0,1,3400,-65,65,505,17,18,2.2,0.0,0.0,27,2.5,0.0,0.0,0.0,0.0,0.0,0.0,1.0
94870,0,1,3400,-65,65,504,17,18,2.2,0.0,0.0,27,2.5,0.0,0.0,0.0,0.0,0.0,0.0,1.0
95119,0,1,3400,-65,65,506,17,17,2.2,0.0,0.0,27,2.5,0.0,0.0,0.0,0.0,0.0,0.0,1.0
95368,0,1,3400,-66,66,499,17,17,2.2,0.0,0.0,27,2.5,0.0,0.0,0.0,0.0,0.0,0.0,1.0
95617,0,1,3400,-66,66,499,17,17,2.2,0.0,0.0,27,2.5,0.0,0.0,0.0,0.0,0.0,0.0,1.0
95866,0,1,3400,-66,66,504,17,17,2.2,0.0,0.0,27,2.5,0.0,0.0,0.0,0.0,0.0,0.0,1.0
96115,0,1,3400,-66,66,507,17,17,2.2,0.0,0.0,27,2.5,0.0,0.0,0.0,0.0,0.0,0.0,1.0
96364,0,1,3400,-66,66,502,17,17,2.2,0.0,0.0,27,2.5,0.0,0.0,0.0,0.0,0.0,0.0,1.0
96613,0,1,3400,-66,66,498,17,17,2.2,0.0,0.0,27,2.5,0.0,0.0,0.0,0.0,0.0,0.0,1.0
96862,0,1,3400,-65,65,503,17,17,2.2,0.0,0.0,27,2.5,0.0,0.0,0.0,0.0,0.0,0.0,1.0
97111,0,1,3400,-65,65,504,17,18,2.2,0.0,0.0,27,2.5,0.0,0.0,0.0,0.0,0.0,0.0,1.0
97360,0,1,3400,-65,65,505,17,18,2.2,0.0,0.0,27,2.5,0.0,0.0,0.0,0.0,0.0,0.0,1.0
97609,0,1,3400,-65,65,501,17,18,2.2,0.0,0.0,27,2.5,0.0,0.0,0.0,0.0,0.0,0.0,1.0
97858,0,1,3400,-65,65,500,17,17,2.2,0.0,0.0,27,2.5,0.0,0.0,0.0,0.0,0.0,0.0,1.0
98107,0,1,3400,-65,65,503,17,18,2.2,0.0,0.0,27,2.5,0.0,0.0,0.0,0.0,0.0,0.0,1.0
98356,0,1,3400,-66,66,501,17,17,2.2,0.0,0.0,27,2.5,0.0,0.0,0.0,0.0,0.0,0.0,1.0
98605,0,1,3400,-66,66,501,17,17,2.2,0.0,0.0,27,2.5,0.0,0.0,0.0,0.0,0.0,0.0,1.0
98854,0,1,3400,-66,66,507,17,17,2.2,0.0,0.0,27,2.5,0.0,0.0,0.0,0.0,0.0,0.0,1.0
99103,0,1,3400,-66,66,508,17,17,2.2,0.0,0.0,27,2.5,0.0,0.0,0.0,0.0,0.0,0.0,1.0
99352,0,1,3400,-67,67,506,17,16,2.2,0.0,0.0,27,2.5,0.0,0.0,0.0,0.0,0.0,0.0,1.0
99601,0,1,3400,-67,67,509,17,16,2.2,0.0,0.0,27,2.5,0.0,0.0,0.0,0.0,0.0,0.0,1.0
99850,0,1,3400,-67,67,506,17,16,2.2,0.0,0.0,27,2.5,0.0,0.0,0.0,0.0,0.0,0.0,1.0
100099,0,1,3400,-67,67,502,17,16,2.2,0.0,0.0,27,2.5,0.0,0.0,0.0,0.0,0.0,0.0,1.0
100348,0,1,3400,-67,67,499,17,16,2.2,0.0,0.0,27,2.5,0.0,0.0,0.0,0.0,0.0,0.0,1.0
100597,0,1,3400,-67,67,496,17,16,2.2,0.0,0.0,27,2.5,0.0,0.0,0.0,0.0,0.0,0.0,1.0
100846,0,1,3400,-67,67,503,17,16,2.2,0.0,0.0,27,2.5,0.0,0.0,0.0,0.0,0.0,0.0,1.0
101095,0,1,3400,-67,67,506,17,16,2.2,0.0,0.0,27,2.5,0.0,0.0,0.0,0.0,0.0,0.0,1.0
101344,0,1,3400,-68,68,503,17,16,2.2,0.0,0.0,27,2.5,0.0,0.0,0.0,0.0,0.0,0.0,1.0
101593,0,1,3400,-68,68,499,17,16,2.2,0.0,0.0,27,2.5,0.0,0.0,0.0,0.0,0.0,0.0,1.0
101842,0,1,3400,-68,68,507,17,15,2.2,0.0,0.0,27,2.5,0.0,0.0,0.0,0.0,0.0,0.0,1.0
102091,0,1,3400,-68,68,506,17,15,2.2,0.0,0.0,27,2.5,0.0,0.0,0.0,0.0,0.0,0.0,1.0
102340,0,1,3400,-68,68,500,17,15,2.2,0.0,0.0,27,2.5,0.0,0.0,0.0,0.0,0.0,0.0,1.0
102589,0,1,3400,-68,68,502,17,15,2.2,0.0,0.0,27,2.5,0.0,0.0,0.0,0.0,0.0,0.0,1.0
102838,0,1,3400,-68,68,499,17,15,2.2,0.0,0.0,27,2.5,0.0,0.0,0.0,0.0,0.0,0.0,1.0
103087,0,1,3400,-68,68,501,17,15,2.2,0.0,0.0,27,2.5,0.0,0.0,0.0,0.0,0.0,0.0,1.0
103336,0,1,3400,-69,69,501,17,15,2.2,0.0,0.0,27,2.5,0.0,0.0,0.0,0.0,0.0,0.0,1.0
103585,0,1,3400,-69,69,504,17,15,2.2,0.0,0.0,27,2.5,0.0,0.0,0.0,0.0,0.0,0.0,1.0
103834,0,1,3400,-69,69,508,17,14,2.2,0.0,0.0,27,2.5,0.0,0.0,0.0,0.0,0.0,0.0,1.0
104083,0,1,3400,-69,69,506,17,14,2.2,0.0,0.0,27,2.5,0.0,0.0,0.0,0.0,0.0,0.0,1.0
104332,0,1,3400,-70,70,497,17,14,2.2,0.0,0.0,27,2.5,0.0,0.0,0.0,0.0,0.0,0.0,1.0
104581,0,1,3400,-70,70,495,17,14,2.2,0.0,0.0,27,2.5,0.0,0.0,0.0,0.0,0.0,0.0,1.0
104830,0,1,3400,-70,70,497,17,13,2.2,0.0,0.0,27,2.5,0.0,0.0,0.0,0.0,0.0,0.0,1.0
105079,0,1,3400,-70,70,504,17,13,2.2,0.0,0.0,27,2.5,0.0,0.0,0.0,0.0,0.0,0.0,1.0
105328,0,1,3400,-70,70,503,17,13,2.2,0.0,0.0,27,2.4,0.0,0.0,0.0,0.0,0.0,0.0,1.0
105577,0,1,3400,-70,70,503,17,13,2.2,0.0,0.0,27,2.5,0.0,0.0,0.0,0.0,0.0,0.0,1.0
105826,0,1,3400,-70,70,509,17,13,2.2,0.0,0.0,27,2.5,0.0,0.0,0.0,0.0,0.0,0.0,1.0
106075,0,1,3400,-70,70,504,17,13,2.2,0.0,0.0,27,2.5,0.0,0.0,0.0,0.0,0.0,0.0,1.0
106324,0,1,3400,-70,70,501,17,13,2.2,0.0,0.0,27,2.5,0.0,0.0,0.0,0.0,0.0,0.0,1.0
106573,0,1,3400,-70,70,501,17,13,2.2,0.0,0.0,27,2.5,0.0,0.0,0.0,0.0,0.0,0.0,1.0
106822,0,1,3400,-70,70,503,17,13,2.2,0.0,0.0,27,2.5,0.0,0.0,0.0,0.0,0.0,0.0,1.0
107071,0,1,3400,-70,70,500,17,13,2.2,0.0,0.0,27,2.5,0.0,0.0,0.0,0.0,0.0,0.0,1.0
107320,0,1,3400,-70,70,503,17,13,2.2,0.0,0.0,27,2.5,0.0,0.0,0.0,0.0,0.0,0.0,1.0
107569,0,1,3400,-70,70,509,17,13,2.2,0.0,0.0,27,2.5,0.0,0.0,0.0,0.0,0.0,0.0,1.0
107818,0,1,3400,-70,70,500,17,13,2.2,0.0,0.0,27,2.5,0.0,0.0,0.0,0.0,0.0,0.0,1.0
108067,0,1,3400,-70,70,505,17,13,2.2,0.0,0.0,27,2.5,0.0,0.0,0.0,0.0,0.0,0.0,1.0
108316,0,1,3400,-70,70,504,17,13,2.2,0.0,0.0,27,2.4,0.0,0.0,0.0,0.0,0.0,0.0,1.0
108565,0,1,3400,-70,70,498,17,13,2.2,0.0,0.0,27,2.5,0.0,0.0,0.0,0.0,0.0,0.0,1.0
108814,0,1,3400,-70,70,499,17,13,2.2,0.0,0.0,27,2.5,0.0,0.0,0.0,0.0,0.0,0.0,1.0
109063,0,1,3400,-70,70,499,17,13,2.2,0.0,0.0,27,2.5,0.0,0.0,0.0,0.0,0.0,0.0,1.0
109312,0,1,3400,-70,70,499,17,13,2.2,0.0,0.0,27,2.5,0.0,0.0,0.0,0.0,0.0,0.0,1.0
109561,0,1,3400,-70,70,504,17,13,2.2,0.0,0.0,27,2.5,0.0,0.0,0.0,0.0,0.0,0.0,1.0
109810,0,1,3400,-70,70,507,20,13,2.2,0.0,100.000000,27,2.5,0.0,0.0,0.0,0.0,0.0,0.0,1.0
110059,0,1,3400,-70,70,504,23,13,2.2,0.0,0.0,27,2.5,0.0,0.0,0.0,0.0,0.0,0.0,1.0
110308,0,1,3400,-70,70,501,23,13,2.2,0.0,0.0,27,2.5,0.0,0.0,0.0,0.0,0.0,0.0,1.0
110557,0,1,3400,-70,70,506,23,13,2.2,0.0,0.0,27,2.5,0.0,0.0,0.0,0.0,0.0,0.0,1.0
110806,0,1,3400,-70,70,504,23,13,2.2,0.0,0.0,27,2.5,0.0,0.0,0.0,0.0,0.0,0.0,1.0
111055,0,1,3400,-70,70,498,23,13,2.2,0.0,0.0,27,2.5,0.0,0.0,0.0,0.0,0.0,0.0,1.0
111304,0,1,3400,-70,70,497,23,13,2.2,0.0,0.0,27,2.5,0.0,0.0,0.0,0.0,0.0,0.0,1.0
111553,0,1,3400,-70,70,503,23,13,2.2,0.0,0.0,27,2.5,0.0,0.0,0.0,0.0,0.0,0.0,1.0
111802,0,1,3400,-70,70,506,23,13,2.2,0.0,0.0,27,2.5,0.0,0.0,0.0,0.0,0.0,0.0,1.0
112051,0,1,3400,-70,70,502,23,13,2.2,0.0,0.0,27,2.5,0.0,0.0,0.0,0.0,0.0,0.0,1.0
112300,0,1,3400,-70,70,505,23,13,2.2,0.0,0.0,27,2.5,0.0,0.0,0.0,0.0,0.0,0.0,1.0
112549,0,1,3400,-71,71,501,23,12,2.2,0.0,0.0,27,2.4,0.0,0.0,0.0,0.0,0.0,0.0,1.0
112798,0,1,3400,-71,71,494,23,12,2.2,0.0,0.0,27,2.5,0.0,0.0,0.0,0.0,0.0,0.0,1.0
113047,0,1,3400,-71,71,497,23,12,2.2,0.0,0.0,27,2.5,0.0,0.0,0.0,0.0,0.0,0.0,1.0
113296,0,1,3400,-71,71,507,23,12,2.2,0.0,0.0,27,2.5,0.0,0.0,0.0,0.0,0.0,0.0,1.0
113545,0,1,3400,-71,71,504,23,12,2.2,0.0,0.0,27,2.5,0.0,0.0,0.0,0.0,0.0,0.0,1.0
113794,0,1,3400,-71,71,502,23,12,2.2,0.0,0.0,27,2.5,0.0,0.0,0.0,0.0,0.0,0.0,1.0
114043,0,1,3400,-71,71,502,23,12,2.2,0.0,0.0,27,2.5,0.0,0.0,0.0,0.0,0.0,0.0,1.0
114292,0,1,3400,-71,71,505,23,12,2.2,0.0,0.0,27,2.5,0.0,0.0,0.0,0.0,0.0,0.0,1.0
114541,0,1,3400,-71,71,504,23,12,2.2,0.0,0.0,27,2.5,0.0,0.0,0.0,0.0,0.0,0.0,1.0
114790,0,1,3400,-70,70,502,23,13,2.2,0.0,0.0,27,2.5,0.0,0.0,0.0,0.0,0.0,0.0,1.0
115039,0,1,3400,-70,70,501,23,13,2.2,0.0,0.0,27,2.5,0.0,0.0,0.0,0.0,0.0,0.0,1.0
115288,0,1,3400,-70,70,503,23,13,2.2,0.0,0.0,27,2.5,0.0,0.0,0.0,0.0,0.0,0.0,1.0
115537,0,1,3400,-70,70,496,23,13,2.2,0.0,0.0,27,2.5,0.0,0.0,0.0,0.0,0.0,0.0,1.0
115786,0,1,3400,-70,70,503,23,13,2.2,0.0,0.0,27,2.5,0.0,0.0,0.0,0.0,0.0,0.0,1.0
116035,0,1,3400,-70,70,506,23,13,2.2,0.0,0.0,27,2.5,0.0,0.0,0.0,0.0,0.0,0.0,1.0
116284,0,1,3400,-70,70,500,23,13,2.2,0.0,0.0,27,2.5,0.0,0.0,0.0,0.0,0.0,0.0,1.0
116533,0,1,3400,-70,70,505,23,13,3.9,0.0,100.000000,27,2.5,0.0,0.0,0.0,0.0,0.0,0.0,1.0
116782,0,1,3400,-70,70,498,23,13,3.9,0.0,0.0,27,2.5,0.0,0.0,0.0,0.0,0.0,0.0,1.0
117031,0,1,3400,-70,70,498,23,13,4.0,0.0,0.0,27,2.5,0.0,0.0,0.0,0.0,0.0,0.0,1.0
117280,0,1,3400,-70,70,497,23,12,3.9,0.0,0.0,27,2.5,0.0,0.0,0.0,0.0,0.0,0.0,1.0
117529,0,1,3400,-70,70,502,24,13,4.0,0.0,0.0,27,2.5,0.0,0.0,0.0,0.0,0.0,0.0,1.0
117778,0,1,3400,-70,70,502,23,12,4.0,0.0,0.0,27,2.5,0.0,0.0,0.0,0.0,0.0,0.0,1.0
118027,0,1,3400,-70,70,498,24,12,4.0,0.0,0.0,27,2.5,0.0,0.0,0.0,0.0,0.0,0.0,1.0
118276,0,1,3400,-70,70,493,23,12,4.0,0.0,0.0,27,2.5,0.0,0.0,0.0,0.0,0.0,0.0,1.0
118525,0,1,3400,-70,70,501,23,12,4.0,0.0,0.0,27,2.5,0.0,0.0,0.0,0.0,0.0,0.0,1.0
118774,0,1,3400,-70,70,502,23,12,4.0,0.0,0.0,27,2.5,0.0,0.0,0.0,0.0,0.0,0.0,1.0
119023,0,1,3400,-70,70,501,23,12,4.0,0.0,0.0,27,2.5,0.0,0.0,0.0,0.0,0.0,0.0,1.0
119272,0,1,3400,-70,70,506,23,12,4.0,0.0,0.0,27,2.5,0.0,0.0,0.0,0.0,0.0,0.0,1.0
119521,0,1,3400,-70,70,498,23,12,3.9,0.0,0.0,27,2.5,0.0,0.0,0.0,0.0,0.0,0.0,1.0
119770,0,1,3400,-70,70,501,24,12,4.0,0.0,0.0,27,2.5,0.0,0.0,0.0,0.0,0.0,0.0,1.0
120019,0,1,3400,-70,70,505,23,12,3.9,0.0,0.0,27,2.5,0.0,0.0,0.0,0.0,0.0,0.0,1.0
120268,0,1,3400,-70,70,500,23,12,4.0,0.0,0.0,27,2.5,0.0,0.0,0.0,0.0,0.0,0.0,1.0
120517,0,1,3400,-70,70,501,23,12,4.0,0.0,0.0,27,2.5,0.0,0.0,0.0,0.0,0.0,0.0,1.0
120766,0,1,3400,-70,70,503,23,12,3.9,0.0,0.0,27,2.5,0.0,0.0,0.0,0.0,0.0,0.0,1.0
121015,0,1,3400,-70,70,501,23,12,4.0,0.0,0.0,27,2.5,0.0,0.0,0.0,0.0,0.0,0.0,1.0
121264,0,1,3400,-70,70,504,24,12,4.0,0.0,0.0,27,2.5,0.0,0.0,0.0,0.0,0.0,0.0,1.0
121513,0,1,3400,-71,71,504,23,12,4.0,0.0,0.0,27,2.5,0.0,0.0,0.0,0.0,0.0,0.0,1.0
121762,0,1,3400,-71,71,496,23,11,4.0,0.0,0.0,27,2.5,0.0,0.0,0.0,0.0,0.0,0.0,1.0
122011,0,1,3400,-71,71,501,23,11,4.0,0.0,0.0,27,2.5,0.0,0.0,0.0,0.0,0.0,0.0,1.0
122260,0,1,3400,-71,71,507,23,12,4.0,0.0,0.0,27,2.5,0.0,0.0,0.0,0.0,0.0,0.0,1.0
122509,0,1,3400,-70,70,501,23,12,4.0,0.0,0.0,27,2.5,0.0,0.0,0.0,0.0,0.0,0.0,1.0
122758,0,1,3400,-70,70,501,23,12,3.9,0.0,0.0,27,2.5,0.0,0.0,0.0,0.0,0.0,0.0,1.0
123007,0,1,3400,-70,70,500,23,12,4.0,0.0,0.0,27,2.5,0.0,0.0,0.0,0.0,0.0,0.0,1.0
123256,0,1,3400,-70,70,505,23,12,4.0,0.0,0.0,27,2.5,0.0,0.0,0.0,0.0,0.0,0.0,1.0
123505,0,1,3400,-70,70,502,24,13,4.0,0.0,0.0,27,2.5,0.0,0.0,0.0,0.0,0.0,0.0,1.0
123754,0,1,3400,-70,70,503,24,12,4.0,0.0,0.0,27,2.5,0.0,0.0,0.0,0.0,0.0,0.0,1.0
124003,0,1,3400,-70,70,501,23,12,4.0,0.0,0.0,27,2.5,0.0,0.0,0.0,0.0,0.0,0.0,1.0
124252,0,1,3400,-70,70,503,24,13,4.0,0.0,0.0,27,2.5,0.0,0.0,0.0,0.0,0.0,0.0,1.0
124501,0,1,3400,-70,70,501,23,12,4.0,0.0,0.0,27,2.5,0.0,0.0,0.0,0.0,0.0,0.0,1.0
124750,0,1,3400,-70,70,494,23,13,4.0,0.0,0.0,27,2.5,0.0,0.0,0.0,0.0,0.0,0.0,1.0
124999,0,1,3400,-70,70,501,23,13,4.0,0.0,0.0,27,2.5,0.0,0.0,0.0,0.0,0.0,0.0,1.0
125248,0,1,3400,-70,70,505,24,13,4.0,0.0,0.0,27,2.5,0.0,0.0,0.0,0.0,0.0,0.0,1.0
125497,0,1,3400,-70,70,501,24,13,4.0,0.0,0.0,27,2.5,0.0,0.0,0.0,0.0,0.0,0.0,1.0
125746,0,1,3400,-69,69,506,23,13,4.0,0.0,0.0,27,2.5,0.0,0.0,0.0,0.0,0.0,0.0,1.0
125995,0,1,3400,-69,69,507,24,13,4.0,0.0,0.0,27,2.5,0.0,0.0,0.0,0.0,0.0,0.0,1.0
126244,0,1,3400,-69,69,501,23,13,4.0,0.0,0.0,27,2.5,0.0,0.0,0.0,0.0,0.0,0.0,1.0
126493,0,1,3400,-69,69,501,23,13,4.0,0.0,0.0,27,2.5,0.0,0.0,0.0,0.0,0.0,0.0,1.0
126742,0,1,3400,-69,69,506,23,13,4.0,0.0,0.0,27,2.5,0.0,0.0,0.0,0.0,0.0,0.0,1.0
126991,0,1,3400,-69,69,498,24,13,4.0,0.0,0.0,27,2.5,0.0,0.0,0.0,0.0,0.0,0.0,1.0
127240,0,1,3400,-70,70,504,23,13,4.0,0.0,0.0,27,2.5,0.0,0.0,0.0,0.0,0.0,0.0,1.0
127489,0,1,3400,-70,70,505,23,13,4.0,0.0,0.0,27,2.5,0.0,0.0,0.0,0.0,0.0,0.0,1.0
127738,0,1,3400,-70,70,501,24,13,4.0,0.0,0.0,27,2.5,0.0,0.0,0.0,0.0,0.0,0.0,1.0
127987,0,1,3400,-70,70,502,23,12,4.0,0.0,0.0,27,2.5,0.0,0.0,0.0,0.0,0.0,0.0,1.0
128236,0,1,3400,-70,70,502,23,12,4.0,0.0,0.0,27,2.5,0.0,0.0,0.0,0.0,0.0,0.0,1.0
128485,0,1,3400,-71,71,501,24,12,4.0,0.0,0.0,27,2.5,0.0,0.0,0.0,0.0,0.0,0.0,1.0
128734,0,1,3400,-71,71,500,23,12,3.9,0.0,0.0,27,2.5,0.0,0.0,0.0,0.0,0.0,0.0,1.0
128983,0,1,3400,-71,71,499,24,12,4.0,0.0,0.0,27,2.5,0.0,0.0,0.0,0.0,0.0,0.0,1.0
129232,0,1,3400,-71,71,499,24,11,4.0,0.0,0.0,27,2.5,0.0,0.0,0.0,0.0,0.0,0.0,1.0
129481,0,1,3400,-71,71,501,24,12,4.0,0.0,0.0,27,2.5,0.0,0.0,0.0,0.0,0.0,0.0,1.0
129730,0,1,3400,-71,71,502,24,12,4.0,0.0,0.0,27,2.5,0.0,0.0,0.0,0.0,0.0,0.0,1.0
129979,0,1,3400,-71,71,504,24,12,4.0,0.0,0.0,27,2.5,0.0,0.0,0.0,0.0,0.0,0.0,1.0
130228,0,1,3400,-71,71,497,23,12,4.0,0.0,0.0,27,2.5,0.0,0.0,0.0,0.0,0.0,0.0,1.0
130477,0,1,3400,-70,70,504,24,12,4.0,0.0,0.0,27,2.5,0.0,0.0,0.0,0.0,0.0,0.0,1.0
130726,0,1,3400,-70,70,503,24,12,4.0,0.0,0.0,27,2.5,0.0,0.0,0.0,0.0,0.0,0.0,1.0
130975,0,1,3400,-70,70,505,24,12,4.0,1024.000000,0,27,2.5,0.0,0.0,0.0,0.0,0.0,0.0,1.0
131224,0,1,3400,-70,70,504,24,12,4.0,0.0,0.0,27,2.5,0.0,0.0,0.0,0.0,0.0,0.0,1.0
131473,0,1,3400,-71,71,498,23,12,3.9,0.0,0.0,27,2.5,0.0,0.0,0.0,0.0,0.0,0.0,1.0
131722,0,1,3400,-71,71,493,24,12,4.0,0.0,0.0,27,2.5,0.0,0.0,0.0,0.0,0.0,0.0,1.0
131971,0,1,3400,-71,71,503,23,11,4.0,0.0,0.0,27,2.5,0.0,0.0,0.0,0.0,0.0,0.0,1.0
132220,0,1,3400,-71,71,498,24,11,3.9,0.0,0.0,27,2.4,0.0,0.0,0.0,0.0,0.0,0.0,1.0
132469,0,1,3400,-71,71,499,23,11,4.0,0.0,0.0,27,2.5,0.0,0.0,0.0,0.0,0.0,0.0,1.0
132718,0,1,3400,-71,71,504,23,11,4.0,0.0,0.0,27,2.5,0.0,0.0,0.0,0.0,0.0,0.0,1.0
132967,0,1,3400,-71,71,506,23,11,3.9,0.0,0.0,27,2.5,0.0,0.0,0.0,0.0,0.0,0.0,1.0
133216,0,1,3400,-71,71,501,23,11,4.0,0.0,0.0,27,2.5,0.0,0.0,0.0,0.0,0.0,0.0,1.0
133465,0,1,3400,-71,71,500,23,11,4.0,0.0,0.0,27,2.5,0.0,0.0,0.0,0.0,0.0,0.0,1.0
133714,0,1,3400,-71,71,504,23,11,4.0,0.0,0.0,27,2.5,0.0,0.0,0.0,0.0,0.0,0.0,1.0
133963,0,1,3400,-71,71,502,23,11,3.9,0.0,0.0,27,2.5,0.0,0.0,0.0,0.0,0.0,0.0,1.0
134212,0,1,3400,-71,71,500,23,11,3.9,0.0,0.0,27,2.5,0.0,0.0,0.0,0.0,0.0,0.0,1.0
134461,0,1,3400,-71,71,500,23,11,3.9,0.0,0.0,27,2.5,0.0,0.0,0.0,0.0,0.0,0.0,1.0
134710,0,1,3400,-71,71,495,23,11,4.0,0.0,0.0,27,2.5,0.0,0.0,0.0,0.0,0.0,0.0,1.0
134959,0,1,3400,-71,71,500,24,11,4.0,0.0,0.0,27,2.5,0.0,0.0,0.0,0.0,0.0,0.0,1.0
135208,0,1,3400,-71,71,502,23,11,4.0,0.0,0.0,27,2.5,0.0,0.0,0.0,0.0,0.0,0.0,1.0
135457,0,1,3400,-72,72,502,23,11,4.0,0.0,0.0,27,2.5,0.0,0.0,0.0,0.0,0.0,0.0,1.0
135706,0,1,3400,-72,72,506,24,10,3.9,0.0,0.0,27,2.4,0.0,0.0,0.0,0.0,0.0,0.0,1.0
135955,0,1,3400,-72,72,496,23,10,4.0,0.0,0.0,27,2.5,0.0,0.0,0.0,0.0,0.0,0.0,1.0
136204,0,1,3400,-72,72,498,23,9.8,3.9,0.0,0.0,27,2.5,0.0,0.0,0.0,0.0,0.0,0.0,1.0
136453,0,1,3400,-72,72,501,23,9.6,4.0,0.0,0.0,27,2.5,0.0,0.0,0.0,0.0,0.0,0.0,1.0
136702,0,1,3400,-73,73,504,23,9.3,4.0,0.0,0.0,27,2.5,0.0,0.0,0.0,0.0,0.0,0.0,1.0
136951,0,1,3400,-73,73,501,23,9.2,4.0,0.0,0.0,27,2.5,0.0,0.0,0.0,0.0,0.0,0.0,1.0
137200,0,1,3400,-73,73,499,23,9.1,4.0,0.0,0.0,27,2.5,0.0,0.0,0.0,0.0,0.0,0.0,1.0
137449,0,1,3400,-73,73,496,23,9.1,4.0,0.0,0.0,27,2.5,0.0,0.0,0.0,0.0,0.0,0.0,1.0
137698,0,1,3400,-73,73,496,23,9.1,4.0,0.0,0.0,27,2.5,0.0,0.0,0.0,0.0,0.0,0.0,1.0
137947,0,1,3400,-73,73,497,24,9.2,4.0,0.0,0.0,27,2.5,0.0,0.0,0.0,0.0,0.0,0.0,1.0
138196,0,1,3400,-72,72,496,23,9.4,3.9,0.0,0.0,27,2.5,0.0,0.0,0.0,0.0,0.0,0.0,1.0
138445,0,1,3400,-72,72,492,23,9.7,4.0,0.0,0.0,27,2.5,0.0,0.0,0.0,0.0,0.0,0.0,1.0
138694,0,1,3400,-72,72,496,24,9.9,3.9,0.0,100.000000,27,2.5,0.0,0.0,0.0,0.0,0.0,0.0,1.0
138943,0,1,3400,-72,72,498,24,10,3.9,0.0,0.0,27,2.5,0.0,0.0,0.0,0.0,0.0,0.0,1.0
139192,0,1,3400,-72,72,499,24,9.9,4.0,0.0,0.0,27,2.5,0.0,0.0,0.0,0.0,0.0,0.0,1.0
139441,0,1,3400,-72,72,500,24,10.0,4.0,0.0,0.0,27,2.5,0.0,0.0,0.0,0.0,0.0,0.0,1.0
139690,0,1,3400,-72,72,500,24,10,4.0,0.0,0.0,27,2.5,0.0,0.0,0.0,0.0,0.0,0.0,1.0
139939,0,1,3400,-72,72,499,24,9.9,4.0,0.0,0.0,27,2.5,0.0,0.0,0.0,0.0,0.0,0.0,1.0
140188,0,1,3400,-72,72,500,24,10,4.0,0.0,0.0,27,2.5,0.0,0.0,0.0,0.0,0.0,0.0,1.0
140437,0,1,3400,-71,71,502,24,10,4.0,0.0,0.0,27,2.5,0.0,0.0,0.0,0.0,0.0,0.0,1.0
140686,0,1,3400,-71,71,497,24,11,4.0,0.0,0.0,27,2.5,0.0,0.0,0.0,0.0,0.0,0.0,1.0
140935,0,1,3400,-71,71,495,24,11,3.9,0.0,0.0,27,2.5,0.0,0.0,0.0,0.0,0.0,0.0,1.0
141184,0,1,3400,-71,71,497,24,10,4.0,0.0,0.0,27,2.5,0.0,0.0,0.0,0.0,0.0,0.0,1.0
141433,0,1,3400,-72,72,503,24,10,4.0,0.0,0.0,27,2.5,0.0,0.0,0.0,0.0,0.0,0.0,1.0
141682,0,1,3400,-72,72,509,24,9.7,4.0,0.0,0.0,27,2.5,0.0,0.0,0.0,0.0,0.0,0.0,1.0
141931,0,1,3400,-72,72,498,24,9.7,4.0,0.0,0.0,27,2.5,0.0,0.0,0.0,0.0,0.0,0.0,1.0
142180,0,1,3400,-72,72,492,24,9.5,3.9,0.0,0.0,27,2.5,0.0,0.0,0.0,0.0,0.0,0.0,1.0
142429,0,1,3400,-72,72,499,21,9.2,4.0,0.0,100.000000,27,2.5,0.0,0.0,0.0,0.0,0.0,0.0,1.0
142678,0,1,3400,-73,73,503,17,8.9,3.9,0.0,0.0,27,2.5,0.0,0.0,0.0,0.0,0.0,0.0,1.0
142927,0,1,3400,-73,73,500,17,9.1,4.0,0.0,0.0,27,2.5,0.0,0.0,0.0,0.0,0.0,0.0,1.0
143176,0,1,3400,-73,73,500,17,9.3,4.0,0.0,0.0,27,2.5,0.0,0.0,0.0,0.0,0.0,0.0,1.0
143425,0,1,3400,-72,72,505,17,9.7,4.0,0.0,0.0,27,2.5,0.0,0.0,0.0,0.0,0.0,0.0,1.0
143674,0,1,3400,-72,72,503,17,9.8,3.9,0.0,0.0,27,2.5,0.0,0.0,0.0,0.0,0.0,0.0,1.0
143923,0,1,3400,-72,72,500,17,9.9,3.9,0.0,0.0,27,2.5,0.0,0.0,0.0,0.0,0.0,0.0,1.0
144172,0,1,3400,-72,72,498,16,9.9,4.0,0.0,0.0,27,2.5,0.0,0.0,0.0,0.0,0.0,0.0,1.0
144421,0,1,3400,-73,73,502,16,9.7,4.0,0.0,0.0,27,2.5,0.0,0.0,0.0,0.0,0.0,0.0,1.0
144670,0,1,3400,-73,73,497,17,9.2,4.0,0.0,0.0,27,2.5,0.0,0.0,0.0,0.0,0.0,0.0,1.0
144919,0,1,3400,-73,73,498,17,9.1,4.0,0.0,0.0,27,2.5,0.0,0.0,0.0,0.0,0.0,0.0,1.0
145168,0,1,3400,-73,73,498,14,9.0,4.0,0.0,100.000000,27,2.5,0.0,0.0,0.0,0.0,0.0,0.0,1.0
145417,0,1,3400,-73,73,496,12,8.9,4.0,0.0,0.0,27,2.5,0.0,0.0,0.0,0.0,0.0,0.0,1.0
145666,0,1,3400,-74,74,502,13,8.7,4.0,0.0,0.0,27,2.5,0.0,0.0,0.0,0.0,0.0,0.0,1.0
145915,0,1,3400,-74,74,501,13,8.8,4.0,0.0,0.0,27,2.5,0.0,0.0,0.0,0.0,0.0,0.0,1.0
146164,0,1,3400,-73,73,503,12,9.0,4.0,0.0,0.0,27,2.5,0.0,0.0,0.0,0.0,0.0,0.0,1.0
146413,0,1,3400,-73,73,498,12,9.3,4.0,0.0,0.0,27,2.5,0.0,0.0,0.0,0.0,0.0,0.0,1.0
146662,0,1,3400,-73,73,497,13,9.5,4.0,0.0,0.0,27,7.3,0.0,2336.000000,0,0.0,0.0,0.0,1.0
146911,0,1,3400,-73,73,499,13,9.8,4.0,0.0,0.0,27,8.5,0.0,0.0,0.0,0.0,0.0,0.0,1.0
147160,0,1,3400,-73,73,500,13,9.7,4.0,0.0,0.0,27,8.4,0.0,0.0,0.0,0.0,0.0,0.0,1.0
147409,0,1,3400,-73,73,500,13,9.9,4.0,0.0,0.0,27,8.4,0.0,0.0,0.0,0.0,0.0,0.0,1.0
147658,0,1,3400,-73,73,499,13,10.0,4.0,0.0,0.0,27,8.4,0.0,0.0,0.0,0.0,0.0,0.0,1.0
147907,0,1,3400,-73,73,498,12,9.9,4.0,0.0,0.0,27,8.5,0.0,0.0,0.0,0.0,0.0,0.0,1.0
148156,0,1,3400,-73,73,502,12,9.8,4.0,0.0,0.0,27,8.5,0.0,0.0,0.0,0.0,0.0,0.0,1.0
148405,0,1,3400,-73,73,496,12,9.6,4.0,0.0,0.0,27,8.5,0.0,0.0,0.0,0.0,0.0,0.0,1.0
148654,0,1,3400,-74,74,500,12,9.5,4.0,0.0,0.0,27,8.5,0.0,0.0,0.0,0.0,0.0,0.0,1.0
148903,0,1,3400,-74,74,501,12,9.6,4.0,0.0,0.0,27,8.5,0.0,0.0,0.0,0.0,0.0,0.0,1.0
149152,0,1,3400,-74,74,495,12,9.7,4.0,0.0,0.0,27,8.5,0.0,0.0,0.0,0.0,0.0,0.0,1.0
149401,0,1,3400,-73,73,503,12,10.0,4.0,0.0,0.0,27,8.5,0.0,0.0,0.0,0.0,0.0,0.0,1.0
149650,0,1,3400,-73,73,504,12,10,4.0,0.0,0.0,27,8.5,0.0,0.0,0.0,0.0,0.0,0.0,1.0
149899,0,1,3400,-73,73,501,12,10,4.0,0.0,0.0,27,8.5,0.0,0.0,0.0,0.0,0.0,0.0,1.0
150148,0,1,3400,-73,73,499,12,10,4.0,0.0,0.0,27,8.5,0.0,0.0,0.0,0.0,0.0,0.0,1.0
150397,0,1,3400,-73,73,497,12,10,4.0,0.0,0.0,27,8.5,0.0,0.0,0.0,0.0,0.0,0.0,1.0
150646,0,1,3400,-73,73,492,12,10,4.0,0.0,0.0,27,8.5,0.0,0.0,0.0,0.0,0.0,0.0,1.0
150895,0,1,3400,-73,73,493,12,11,4.0,0.0,0.0,27,8.5,0.0,0.0,0.0,0.0,0.0,0.0,1.0
151144,0,1,3400,-73,73,499,12,11,4.0,0.0,0.0,27,8.5,0.0,0.0,0.0,0.0,0.0,0.0,1.0
151393,0,1,3400,-73,73,503,12,11,4.0,0.0,0.0,27,8.5,0.0,0.0,0.0,0.0,0.0,0.0,1.0
151642,0,1,3400,-73,73,495,12,11,4.0,0.0,0.0,27,8.5,0.0,0.0,0.0,0.0,0.0,0.0,1.0
151891,0,1,3400,-73,73,492,12,11,4.0,0.0,0.0,27,8.5,0.0,0.0,0.0,0.0,0.0,0.0,1.0
152140,0,1,3400,-73,73,501,12,11,4.0,0.0,0.0,27,8.5,0.0,0.0,0.0,0.0,0.0,0.0,1.0
152389,0,1,3400,-73,73,507,12,11,4.0,0.0,0.0,27,8.5,0.0,0.0,0.0,0.0,0.0,0.0,1.0
152638,0,1,3400,-73,73,500,12,11,4.0,0.0,0.0,27,8.5,0.0,0.0,0.0,0.0,0.0,0.0,1.0
152887,0,1,3400,-73,73,493,12,11,4.0,0.0,0.0,27,8.5,0.0,0.0,0.0,0.0,0.0,0.0,1.0
153136,0,1,3400,-73,73,502,12,11,4.0,0.0,0.0,27,8.5,0.0,0.0,0.0,0.0,0.0,0.0,1.0
153385,0,1,3400,-72,72,505,12,11,4.0,0.0,0.0,27,8.5,0.0,0.0,0.0,0.0,0.0,0.0,1.0
153634,0,1,3400,-72,72,502,12,12,4.0,0.0,0.0,27,8.5,0.0,0.0,0.0,0.0,0.0,0.0,1.0
153883,0,1,3400,-72,72,499,12,12,4.0,0.0,0.0,27,8.5,0.0,0.0,0.0,0.0,0.0,0.0,1.0
154132,0,1,3400,-72,72,500,12,12,4.0,0.0,0.0,27,8.5,0.0,0.0,0.0,0.0,0.0,0.0,1.0
154381,0,1,3400,-72,72,495,12,12,4.0,0.0,0.0,27,8.5,0.0,0.0,0.0,0.0,0.0,0.0,1.0
154630,0,1,3400,-72,72,493,12,12,4.0,0.0,0.0,27,8.5,0.0,0.0,0.0,0.0,0.0,0.0,1.0
154879,0,1,3400,-72,72,496,12,12,4.0,0.0,0.0,27,8.5,0.0,0.0,0.0,0.0,0.0,0.0,1.0
155128,0,1,3400,-72,72,499,12,12,4.0,0.0,0.0,27,8.5,0.0,0.0,0.0,0.0,0.0,0.0,1.0
155377,0,1,3400,-73,73,501,12,11,4.0,0.0,0.0,27,8.5,0.0,0.0,0.0,0.0,0.0,0.0,1.0
155626,0,1,3400,-73,73,497,12,11,4.0,0.0,0.0,27,8.5,0.0,0.0,0.0,0.0,0.0,0.0,1.0
155875,0,1,3400,-73,73,497,12,11,4.0,0.0,0.0,27,8.5,0.0,0.0,0.0,0.0,0.0,0.0,1.0
156124,0,1,3400,-73,73,501,12,11,4.0,0.0,0.0,27,8.5,0.0,0.0,0.0,0.0,0.0,0.0,1.0
156373,0,1,3400,-73,73,496,12,11,4.0,0.0,0.0,27,8.5,0.0,0.0,0.0,0.0,0.0,0.0,1.0
156622,0,1,3400,-73,73,496,12,11,4.0,0.0,0.0,27,8.5,0.0,0.0,0.0,0.0,0.0,0.0,1.0
156871,0,1,3400,-73,73,492,12,11,4.0,0.0,0.0,27,8.5,0.0,0.0,0.0,0.0,0.0,0.0,1.0
157120,0,1,3400,-73,73,493,12,11,4.0,0.0,0.0,27,8.5,0.0,0.0,0.0,0.0,0.0,0.0,1.0
157369,0,1,3400,-74,74,501,12,10,4.0,0.0,0.0,27,8.5,0.0,0.0,0.0,0.0,0.0,0.0,1.0
157618,0,1,3400,-74,74,504,12,10,4.0,0.0,0.0,27,8.5,0.0,0.0,0.0,0.0,0.0,0.0,1.0
157867,0,1,3400,-74,74,499,12,10,4.0,0.0,0.0,27,8.5,0.0,0.0,0.0,0.0,0.0,0.0,1.0
158116,0,1,3400,-74,74,499,12,10,4.0,0.0,0.0,27,8.5,0.0,0.0,0.0,0.0,0.0,0.0,1.0
158365,0,1,3400,-73,73,504,12,10,4.0,0.0,0.0,27,8.5,0.0,0.0,0.0,0.0,0.0,0.0,1.0
158614,0,1,3400,-73,73,500,12,11,4.0,0.0,0.0,27,8.5,0.0,0.0,0.0,0.0,0.0,0.0,1.0
158863,0,1,3400,-73,73,497,12,11,4.0,0.0,0.0,27,8.5,0.0,0.0,0.0,0.0,0.0,0.0,1.0
159112,0,1,3400,-73,73,497,12,11,4.0,0.0,0.0,27,8.5,0.0,0.0,0.0,0.0,0.0,0.0,1.0
159361,0,1,3400,-74,74,504,12,10,4.0,0.0,0.0,27,8.5,0.0,0.0,0.0,0.0,0.0,0.0,1.0
159610,0,1,3400,-74,74,501,12,10,4.0,0.0,0.0,27,8.5,0.0,0.0,0.0,0.0,0.0,0.0,1.0
159859,0,1,3400,-74,74,501,12,10.0,4.0,0.0,0.0,27,8.5,0.0,0.0,0.0,0.0,0.0,0.0,1.0
160108,0,1,3400,-74,74,495,12,9.4,4.0,0.0,0.0,27,8.5,0.0,0.0,0.0,0.0,0.0,0.0,1.0
160357,0,1,3400,-74,74,493,12,9.3,4.0,0.0,0.0,27,8.5,0.0,0.0,0.0,0.0,0.0,0.0,1.0
160606,0,1,3400,-75,75,503,12,9.1,4.0,0.0,0.0,27,8.5,0.0,0.0,0.0,0.0,0.0,0.0,1.0
160855,0,1,3400,-75,75,502,12,9.0,4.0,0.0,0.0,27,8.5,0.0,0.0,0.0,0.0,0.0,0.0,1.0
161104,0,1,3400,-75,75,501,12,8.6,4.0,0.0,0.0,27,8.5,0.0,0.0,0.0,0.0,0.0,0.0,1.0
161353,0,1,3400,-75,75,496,12,8.6,4.0,0.0,0.0,27,8.5,0.0,0.0,0.0,0.0,0.0,0.0,1.0
161602,0,1,3400,-76,76,494,12,8.4,4.0,0.0,0.0,27,8.5,0.0,0.0,0.0,0.0,0.0,0.0,1.0
161851,0,1,3400,-76,76,497,12,8.2,4.0,0.0,0.0,27,8.5,0.0,0.0,0.0,0.0,0.0,0.0,1.0
162100,0,1,3400,-76,76,497,12,8.4,4.0,0.0,0.0,27,8.5,0.0,0.0,0.0,0.0,0.0,0.0,1.0
162349,0,1,3400,-76,76,492,12,8.3,4.0,0.0,0.0,27,8.5,0.0,0.0,0.0,0.0,0.0,0.0,1.0
162598,0,1,3400,-76,76,501,13,8.2,4.0,0.0,0.0,27,8.4,0.0,0.0,0.0,0.0,0.0,0.0,1.0
162847,0,1,3400,-76,76,501,12,8.1,4.0,0.0,0.0,27,8.5,0.0,0.0,0.0,0.0,0.0,0.0,1.0
163096,0,1,3400,-76,76,496,12,8.2,4.0,0.0,0.0,27,8.5,0.0,0.0,0.0,0.0,0.0,0.0,1.0
163345,0,1,3400,-76,76,498,12,8.3,4.0,0.0,0.0,27,8.5,0.0,0.0,0.0,0.0,0.0,0.0,1.0
163594,0,1,3400,-76,76,498,12,8.2,4.0,0.0,0.0,27,8.5,0.0,0.0,0.0,0.0,0.0,0.0,1.0
163843,0,1,3400,-76,76,501,12,8.3,4.0,0.0,0.0,27,8.5,0.0,0.0,0.0,0.0,0.0,0.0,1.0
164092,0,1,3400,-76,76,500,12,8.2,4.0,0.0,0.0,27,8.5,0.0,0.0,0.0,0.0,0.0,0.0,1.0
164341,0,1,3400,-76,76,497,12,8.2,4.0,0.0,0.0,27,8.5,0.0,0.0,0.0,0.0,0.0,0.0,1.0
164590,0,1,3400,-76,76,501,12,8.4,4.0,0.0,0.0,27,8.5,0.0,0.0,0.0,0.0,0.0,0.0,1.0
164839,0,1,3400,-76,76,502,12,8.2,4.0,0.0,0.0,27,8.5,0.0,0.0,0.0,0.0,0.0,0.0,1.0
165088,0,1,3400,-76,76,502,12,8.2,4.0,0.0,0.0,27,8.5,0.0,0.0,0.0,0.0,0.0,0.0,1.0
165337,0,1,3400,-76,76,498,12,8.3,4.0,0.0,0.0,27,8.5,0.0,0.0,0.0,0.0,0.0,0.0,1.0
165586,0,1,3400,-76,76,496,13,8.3,4.0,0.0,0.0,27,8.5,0.0,0.0,0.0,0.0,0.0,0.0,1.0
165835,0,1,3400,-76,76,500,12,8.2,4.0,0.0,0.0,27,8.5,0.0,0.0,0.0,0.0,0.0,0.0,1.0
166084,0,1,3400,-76,76,499,12,8.0,4.0,0.0,0.0,27,8.5,0.0,0.0,0.0,0.0,0.0,0.0,1.0
166333,0,1,3400,-76,76,500,12,8.3,4.0,0.0,0.0,27,8.5,0.0,0.0,0.0,0.0,0.0,0.0,1.0
166582,0,1,3400,-76,76,503,12,8.3,4.0,0.0,0.0,27,8.5,0.0,0.0,0.0,0.0,0.0,0.0,1.0
166831,0,1,3400,-76,76,501,12,8.3,4.0,0.0,0.0,27,8.5,0.0,0.0,0.0,0.0,0.0,0.0,1.0
167080,0,1,3400,-76,76,500,12,8.3,4.0,0.0,0.0,27,8.5,0.0,0.0,0.0,0.0,0.0,0.0,1.0
167329,0,1,3400,-76,76,504,12,8.3,4.0,0.0,0.0,27,8.5,0.0,0.0,0.0,0.0,0.0,0.0,1.0
167578,0,1,3400,-76,76,500,12,8.3,4.0,0.0,0.0,27,8.5,0.0,0.0,0.0,0.0,0.0,0.0,1.0
167827,0,1,3400,-76,76,500,12,8.4,4.0,0.0,0.0,27,8.5,0.0,0.0,0.0,0.0,0.0,0.0,1.0
168076,0,1,3400,-76,76,498,12,8.4,4.0,0.0,0.0,27,8.5,0.0,0.0,0.0,0.0,0.0,0.0,1.0
168325,0,1,3400,-76,76,496,12,8.4,4.0,0.0,0.0,27,8.5,0.0,0.0,0.0,0.0,0.0,0.0,1.0
168574,0,1,3400,-76,76,499,12,8.5,4.0,0.0,0.0,27,8.5,0.0,0.0,0.0,0.0,0.0,0.0,1.0
168823,0,1,3400,-76,76,501,12,8.5,4.0,0.0,0.0,27,8.5,0.0,0.0,0.0,0.0,0.0,0.0,1.0
169072,0,1,3400,-76,76,496,12,8.5,4.0,0.0,0.0,27,8.5,0.0,0.0,0.0,0.0,0.0,0.0,1.0
169321,0,1,3400,-76,76,498,12,8.5,4.0,0.0,0.0,27,8.5,0.0,0.0,0.0,0.0,0.0,0.0,1.0
169570,0,1,3400,-76,76,497,12,8.7,4.0,0.0,0.0,27,8.5,0.0,0.0,0.0,0.0,0.0,0.0,1.0
169819,0,1,3400,-76,76,498,12,8.8,4.0,0.0,0.0,27,8.5,0.0,0.0,0.0,0.0,0.0,0.0,1.0
170068,0,1,3400,-76,76,498,12,9.1,4.0,0.0,0.0,27,8.5,0.0,0.0,0.0,0.0,0.0,0.0,1.0
170317,0,1,3400,-76,76,498,12,8.5,4.0,0.0,0.0,27,8.5,0.0,0.0,0.0,0.0,0.0,0.0,1.0
170566,0,1,3400,-76,76,492,12,8.8,4.0,0.0,0.0,27,8.5,0.0,0.0,0.0,0.0,0.0,0.0,1.0
170815,0,1,3400,-76,76,494,12,8.8,4.0,0.0,0.0,27,8.5,0.0,0.0,0.0,0.0,0.0,0.0,1.0
171064,0,1,3400,-76,76,501,12,9.0,4.0,0.0,0.0,27,8.5,0.0,0.0,0.0,0.0,0.0,0.0,1.0
171313,0,1,3400,-76,76,499,13,9.1,4.0,0.0,0.0,27,8.5,0.0,0.0,0.0,0.0,0.0,0.0,1.0
171562,0,1,3400,-76,76,499,12,9.1,4.0,0.0,0.0,27,8.5,0.0,0.0,0.0,0.0,0.0,0.0,1.0
171811,0,1,3400,-76,76,493,12,8.8,4.0,0.0,0.0,27,8.5,0.0,0.0,0.0,0.0,0.0,0.0,1.0
172060,0,1,3400,-76,76,491,12,8.7,4.0,0.0,0.0,27,8.5,0.0,0.0,0.0,0.0,0.0,0.0,1.0
172309,0,1,3400,-76,76,495,12,8.7,4.0,0.0,0.0,27,8.5,0.0,0.0,0.0,0.0,0.0,0.0,1.0
172558,0,1,3400,-76,76,500,12,8.4,4.0,0.0,0.0,27,8.5,0.0,0.0,0.0,0.0,0.0,0.0,1.0
172807,0,1,3400,-77,77,498,12,8.6,4.0,0.0,0.0,27,8.5,0.0,0.0,0.0,0.0,0.0,0.0,1.0
173056,0,1,3400,-76,76,501,13,8.8,4.0,0.0,0.0,27,8.5,0.0,0.0,0.0,0.0,0.0,0.0,1.0
173305,0,1,3400,-76,76,498,12,8.9,4.0,0.0,0.0,27,8.5,0.0,0.0,0.0,0.0,0.0,0.0,1.0
173554,0,1,3400,-76,76,502,12,8.9,4.0,0.0,0.0,27,8.5,0.0,0.0,0.0,0.0,0.0,0.0,1.0
173803,0,1,3400,-76,76,500,12,9.0,4.0,0.0,0.0,27,8.5,0.0,0.0,0.0,0.0,0.0,0.0,1.0
174052,0,1,3400,-76,76,496,12,9.2,4.0,0.0,0.0,27,8.5,0.0,0.0,0.0,0.0,0.0,0.0,1.0
174301,0,1,3400,-76,76,500,13,9.8,4.0,0.0,0.0,27,8.5,0.0,0.0,0.0,0.0,0.0,0.0,1.0
174550,0,1,3400,-76,76,506,12,9.3,4.0,0.0,0.0,27,8.5,0.0,0.0,0.0,0.0,0.0,0.0,1.0
174799,0,1,3400,-76,76,500,12,9.1,4.0,0.0,0.0,27,8.5,0.0,0.0,0.0,0.0,0.0,0.0,1.0
175048,0,1,3400,-76,76,496,12,9.1,4.0,0.0,0.0,27,8.5,0.0,0.0,0.0,0.0,0.0,0.0,1.0
175297,0,1,3400,-76,76,492,12,9.2,4.0,0.0,0.0,27,8.5,0.0,0.0,0.0,0.0,0.0,0.0,1.0
175546,0,1,3400,-76,76,496,12,9.3,4.0,0.0,0.0,27,8.5,0.0,0.0,0.0,0.0,0.0,0.0,1.0
175795,0,1,3400,-76,76,505,12,9.4,4.0,0.0,0.0,27,8.5,0.0,0.0,0.0,0.0,0.0,0.0,1.0
176044,0,1,3400,-76,76,499,12,9.2,4.0,0.0,0.0,27,8.5,0.0,0.0,0.0,0.0,0.0,0.0,1.0
176293,0,1,3400,-76,76,497,12,9.3,4.0,0.0,0.0,27,8.5,0.0,0.0,0.0,0.0,0.0,0.0,1.0
176542,0,1,3400,-76,76,497,12,9.4,4.0,0.0,0.0,27,8.5,0.0,0.0,0.0,0.0,0.0,0.0,1.0
176791,0,1,3400,-76,76,498,12,9.4,4.0,0.0,0.0,27,8.5,0.0,0.0,0.0,0.0,0.0,0.0,1.0
177040,0,1,3400,-76,76,495,12,9.4,4.0,0.0,0.0,27,8.5,0.0,0.0,0.0,0.0,0.0,0.0,1.0
177289,0,1,3400,-76,76,494,13,9.5,4.0,0.0,0.0,27,8.5,0.0,0.0,0.0,0.0,0.0,0.0,1.0
177538,0,1,3400,-76,76,501,12,9.4,4.0,0.0,0.0,27,8.5,0.0,0.0,0.0,0.0,0.0,0.0,1.0
177787,0,1,3400,-76,76,502,12,9.8,4.0,0.0,0.0,27,8.5,0.0,0.0,0.0,0.0,0.0,0.0,1.0
178036,0,1,3400,-76,76,499,12,9.6,4.0,0.0,0.0,27,8.5,0.0,0.0,0.0,0.0,0.0,0.0,1.0
178285,0,1,3400,-76,76,499,12,9.6,4.0,0.0,0.0,27,8.5,0.0,0.0,0.0,0.0,0.0,0.0,1.0
178534,0,1,3400,-76,76,501,12,9.5,4.0,0.0,0.0,27,8.5,0.0,0.0,0.0,0.0,0.0,0.0,1.0
178783,0,1,3400,-76,76,501,12,9.5,4.0,0.0,0.0,27,8.5,0.0,0.0,0.0,0.0,0.0,0.0,1.0
179032,0,1,3400,-76,76,501,12,9.5,4.0,0.0,0.0,27,8.5,0.0,0.0,0.0,0.0,0.0,0.0,1.0
179281,0,1,3400,-76,76,505,12,9.5,4.0,0.0,0.0,27,8.5,0.0,0.0,0.0,0.0,0.0,0.0,1.0
179530,0,1,3400,-76,76,498,12,9.6,4.0,0.0,0.0,27,8.5,0.0,0.0,0.0,0.0,0.0,0.0,1.0
179779,0,1,3400,-76,76,495,12,9.6,4.0,0.0,0.0,27,8.5,0.0,0.0,0.0,0.0,0.0,0.0,1.0
180028,0,1,3400,-76,76,499,13,9.6,4.0,0.0,0.0,27,8.5,0.0,0.0,0.0,0.0,0.0,0.0,1.0
180277,0,1,3400,-76,76,492,12,9.6,4.0,0.0,0.0,27,8.5,0.0,0.0,0.0,0.0,0.0,0.0,1.0
180526,0,1,3400,-76,76,497,12,9.5,4.0,0.0,0.0,27,8.5,0.0,0.0,0.0,0.0,0.0,0.0,1.0
180775,0,1,3400,-76,76,501,12,9.5,4.0,0.0,0.0,27,8.5,0.0,0.0,0.0,0.0,0.0,0.0,1.0
181024,0,1,3400,-76,76,496,12,9.2,4.0,0.0,0.0,27,8.5,0.0,0.0,0.0,0.0,0.0,0.0,1.0
181273,0,1,3400,-76,76,505,12,9.0,4.0,0.0,0.0,27,8.5,0.0,0.0,0.0,0.0,0.0,0.0,1.0
181522,0,1,3400,-77,77,501,12,8.9,4.0,0.0,0.0,27,8.5,0.0,0.0,0.0,0.0,0.0,0.0,1.0
181771,0,1,3400,-77,77,501,13,8.6,4.0,0.0,0.0,27,8.5,0.0,0.0,0.0,0.0,0.0,0.0,1.0
182020,0,1,3400,-77,77,504,12,8.4,4.0,0.0,0.0,27,8.5,0.0,0.0,0.0,0.0,0.0,0.0,1.0
182269,0,1,3400,-77,77,502,13,8.2,4.0,0.0,0.0,27,8.4,0.0,0.0,0.0,0.0,0.0,0.0,1.0
182518,0,1,3400,-77,77,495,12,8.1,4.0,0.0,0.0,27,8.5,0.0,0.0,0.0,0.0,0.0,0.0,1.0
182767,0,1,3400,-78,78,496,13,8.1,4.0,0.0,0.0,27,8.5,0.0,0.0,0.0,0.0,0.0,0.0,1.0
183016,0,1,3400,-78,78,499,12,8.1,4.0,0.0,0.0,27,8.5,0.0,0.0,0.0,0.0,0.0,0.0,1.0
183265,0,1,3400,-78,78,496,12,8.0,4.0,0.0,0.0,27,8.5,0.0,0.0,0.0,0.0,0.0,0.0,1.0
183514,0,1,3400,-78,78,496,12,8.0,4.0,0.0,0.0,27,8.5,0.0,0.0,0.0,0.0,0.0,0.0,1.0
183763,0,1,3400,-78,78,494,13,8.1,4.0,0.0,0.0,27,8.4,0.0,0.0,0.0,0.0,0.0,0.0,1.0
184012,0,1,3400,-78,78,492,12,8.1,4.0,0.0,0.0,27,8.5,0.0,0.0,0.0,0.0,0.0,0.0,1.0
184261,0,1,3400,-78,78,493,12,8.1,4.0,0.0,0.0,27,8.5,0.0,0.0,0.0,0.0,0.0,0.0,1.0
184510,0,1,3400,-78,78,503,12,8.0,4.0,0.0,0.0,27,8.5,0.0,0.0,0.0,0.0,0.0,0.0,1.0
184759,0,1,3400,-78,78,500,13,8.0,4.0,0.0,0.0,27,8.4,0.0,0.0,0.0,0.0,0.0,0.0,1.0
185008,0,1,3400,-78,78,494,13,8.0,3.9,0.0,0.0,27,8.4,0.0,0.0,0.0,0.0,0.0,0.0,1.0
185257,0,1,3400,-78,78,496,12,8.1,4.0,0.0,0.0,27,8.5,0.0,0.0,0.0,0.0,0.0,0.0,1.0
185506,0,1,3400,-78,78,503,13,8.0,4.0,0.0,0.0,27,8.4,0.0,0.0,0.0,0.0,0.0,0.0,1.0
185755,0,1,3400,-78,78,502,12,8.2,4.0,0.0,0.0,27,8.5,0.0,0.0,0.0,0.0,0.0,0.0,1.0
186004,0,1,3400,-77,77,501,12,8.4,4.0,0.0,0.0,27,8.5,0.0,0.0,0.0,0.0,0.0,0.0,1.0
186253,0,1,3400,-77,77,497,13,8.6,4.0,0.0,0.0,27,8.4,0.0,0.0,0.0,0.0,0.0,0.0,1.0
186502,0,1,3400,-77,77,499,12,8.7,4.0,0.0,100.000000,27,8.5,0.0,0.0,0.0,0.0,0.0,0.0,1.0
186751,0,1,3400,-77,77,500,12,8.9,4.0,0.0,0.0,27,8.5,0.0,0.0,0.0,0.0,0.0,0.0,1.0
187000,0,1,3400,-77,77,501,12,8.9,4.0,0.0,0.0,27,8.5,0.0,0.0,0.0,0.0,0.0,0.0,1.0
187249,0,1,3400,-77,77,498,12,9.0,4.0,0.0,0.0,27,8.5,0.0,0.0,0.0,0.0,0.0,0.0,1.0
187498,0,1,3400,-77,77,499,12,9.0,4.0,0.0,0.0,27,8.5,0.0,896,33,0.0,0.0,0.0,1.0
187747,0,1,3400,-77,77,496,12,8.9,4.0,0.0,0.0,27,9.5,0.0,0.0,0.0,0.0,0.0,0.0,1.0
187996,0,1,3400,-77,77,497,12,8.9,4.0,0.0,0.0,27,9.4,0.0,0.0,0.0,0.0,0.0,0.0,1.0
188245,0,1,3400,-77,77,494,12,8.9,4.0,0.0,0.0,27,9.5,0.0,0.0,0.0,0.0,0.0,0.0,1.0
188494,0,1,3400,-77,77,494,12,8.8,4.0,0.0,0.0,27,9.5,0.0,0.0,0.0,0.0,0.0,0.0,1.0
188743,0,1,3400,-77,77,500,12,8.8,4.0,0.0,0.0,27,9.5,0.0,0.0,0.0,0.0,0.0,0.0,1.0
188992,0,1,3400,-77,77,501,12,8.5,4.0,0.0,0.0,27,9.5,0.0,0.0,0.0,0.0,0.0,0.0,1.0
189241,0,1,3400,-77,77,492,12,8.6,4.0,0.0,0.0,27,9.4,0.0,0.0,0.0,0.0,0.0,0.0,1.0
189490,0,1,3400,-78,78,491,12,8.4,4.0,0.0,0.0,27,9.5,0.0,0.0,0.0,0.0,0.0,0.0,1.0
189739,0,1,3400,-78,78,499,11,8.2,4.0,0.0,0.0,27,9.5,0.0,0.0,0.0,0.0,0.0,0.0,1.0
189988,0,1,3400,-77,77,496,12,8.3,4.0,0.0,0.0,27,9.4,0.0,0.0,0.0,0.0,0.0,0.0,1.0
190237,0,1,3400,-77,77,500,11,8.7,4.0,0.0,0.0,27,9.5,0.0,0.0,0.0,0.0,0.0,0.0,1.0
190486,0,1,3400,-77,77,500,12,8.8,4.0,0.0,0.0,27,9.5,0.0,0.0,0.0,0.0,0.0,0.0,1.0
190735,0,1,3400,-77,77,495,12,9.0,4.0,0.0,0.0,27,9.5,0.0,0.0,0.0,0.0,0.0,0.0,1.0
190984,0,1,3400,-77,77,501,12,9.1,4.0,0.0,0.0,27,9.5,0.0,0.0,0.0,0.0,0.0,0.0,1.0
191233,0,1,3400,-77,77,494,16,8.9,4.0,0.0,100.000000,27,9.4,0.0,0.0,0.0,0.0,0.0,0.0,1.0
191482,0,1,3400,-77,77,494,17,8.6,4.0,0.0,0.0,27,9.5,0.0,0.0,0.0,0.0,0.0,0.0,1.0
191731,0,1,3400,-77,77,493,17,8.7,4.0,0.0,0.0,27,9.5,0.0,0.0,0.0,0.0,0.0,0.0,1.0
191980,0,1,3400,-77,77,497,17,9.1,4.0,0.0,0.0,27,9.5,0.0,0.0,0.0,0.0,0.0,0.0,1.0
192229,0,1,3400,-77,77,501,17,9.1,4.0,0.0,0.0,27,9.5,0.0,0.0,0.0,0.0,0.0,0.0,1.0
192478,0,1,3400,-77,77,501,17,9.2,4.0,0.0,0.0,27,9.5,0.0,0.0,0.0,0.0,0.0,0.0,1.0
192727,0,1,3400,-77,77,502,17,9.1,4.0,0.0,0.0,27,9.4,0.0,0.0,0.0,0.0,0.0,0.0,1.0
192976,0,1,3400,-77,77,502,17,8.7,4.0,0.0,0.0,27,9.5,0.0,0.0,0.0,0.0,0.0,0.0,1.0
193225,0,1,3400,-77,77,494,17,8.6,4.0,0.0,0.0,27,9.5,0.0,0.0,0.0,0.0,0.0,0.0,1.0
193474,0,1,3400,-78,78,503,17,8.6,4.0,0.0,0.0,27,9.5,0.0,0.0,0.0,0.0,0.0,0.0,1.0
193723,0,1,3400,-78,78,502,17,8.5,4.0,0.0,0.0,27,9.4,0.0,0.0,0.0,0.0,0.0,0.0,1.0
193972,0,1,3400,-77,77,499,17,8.7,4.0,0.0,0.0,27,9.5,0.0,0.0,0.0,0.0,0.0,0.0,1.0
194221,0,1,3400,-77,77,499,17,8.9,4.0,0.0,0.0,27,9.5,0.0,0.0,0.0,0.0,0.0,0.0,1.0
194470,0,1,3400,-77,77,497,17,9.2,4.0,0.0,0.0,27,9.4,0.0,0.0,0.0,0.0,0.0,0.0,1.0
194719,0,1,3400,-77,77,493,17,9.3,4.0,0.0,0.0,27,9.4,0.0,0.0,0.0,0.0,0.0,0.0,1.0
194968,0,1,3400,-77,77,491,17,9.1,4.0,0.0,0.0,27,9.5,0.0,0.0,0.0,0.0,0.0,0.0,1.0
195217,0,1,3400,-77,77,499,17,8.7,4.0,0.0,0.0,27,9.5,0.0,0.0,0.0,0.0,0.0,0.0,1.0
195466,0,1,3400,-78,78,498,17,8.6,3.9,0.0,0.0,27,9.3,0.0,0.0,0.0,0.0,0.0,0.0,1.0
195715,0,1,3400,-78,78,505,17,8.5,4.0,0.0,0.0,27,9.5,0.0,0.0,0.0,0.0,0.0,0.0,1.0
195964,0,1,3400,-78,78,499,17,8.3,4.0,0.0,0.0,27,9.5,0.0,0.0,0.0,0.0,0.0,0.0,1.0
196213,0,1,3400,-78,78,502,17,8.2,4.0,0.0,0.0,27,9.5,0.0,0.0,0.0,0.0,0.0,0.0,1.0
196462,0,1,3400,-78,78,499,17,7.8,4.0,0.0,0.0,27,9.3,0.0,0.0,0.0,0.0,0.0,0.0,1.0
196711,0,1,3400,-79,79,502,17,7.7,4.0,0.0,0.0,27,9.4,0.0,0.0,0.0,0.0,0.0,0.0,1.0
196960,0,1,3400,-79,79,502,17,7.5,4.0,0.0,0.0,27,9.5,0.0,0.0,0.0,0.0,0.0,0.0,1.0
197209,0,1,3400,-79,79,499,17,7.3,4.0,0.0,0.0,27,9.1,0.0,128,0,0.0,0.0,0.0,1.0
197458,0,1,3400,-79,79,492,17,7.1,4.0,0.0,0.0,27,8.0,0.0,0.0,0.0,0.0,0.0,0.0,1.0
197707,0,1,3400,-79,79,500,17,6.9,4.0,0.0,0.0,27,7.9,0.0,0.0,0.0,0.0,0.0,0.0,1.0
197956,0,1,3400,-80,80,499,17,6.8,4.0,0.0,0.0,27,8.0,0.0,0.0,0.0,0.0,0.0,0.0,1.0
198205,0,1,3400,-80,80,497,17,6.8,4.0,0.0,0.0,27,7.9,0.0,0.0,0.0,0.0,0.0,0.0,1.0
198454,0,1,3400,-80,80,500,17,6.6,4.0,0.0,0.0,27,7.8,0.0,0.0,0.0,0.0,0.0,0.0,1.0
198703,0,1,3400,-80,80,499,17,6.3,4.0,0.0,0.0,27,7.9,0.0,0.0,0.0,0.0,0.0,0.0,1.0
198952,0,1,3400,-80,80,495,17,6.2,4.0,0.0,0.0,27,8.0,0.0,0.0,0.0,0.0,0.0,0.0,1.0
199201,0,1,3400,-80,80,495,17,6.0,4.0,0.0,0.0,27,7.9,0.0,0.0,0.0,0.0,0.0,0.0,1.0
199450,0,1,3400,-80,80,491,17,6.3,4.0,0.0,0.0,27,8.0,0.0,0.0,0.0,0.0,0.0,0.0,1.0
199699,0,1,3400,-80,80,502,17,6.3,3.9,0.0,100.000000,27,7.9,0.0,0.0,0.0,0.0,0.0,0.0,1.0
199948,0,1,3400,-80,80,508,17,6.5,4.0,0.0,0.0,27,7.9,0.0,0.0,0.0,0.0,0.0,0.0,1.0
200197,0,1,3400,-80,80,502,17,6.6,4.0,0.0,0.0,27,7.9,0.0,0.0,0.0,0.0,0.0,0.0,1.0
200446,0,1,3400,-79,79,498,17,7.0,4.0,0.0,0.0,27,8.0,0.0,0.0,0.0,0.0,0.0,0.0,1.0
200695,0,1,3400,-79,79,494,17,7.2,4.0,0.0,0.0,27,7.9,0.0,0.0,0.0,0.0,0.0,0.0,1.0
200944,0,1,3400,-79,79,500,17,7.2,4.0,0.0,0.0,27,7.9,0.0,0.0,0.0,0.0,0.0,0.0,1.0
201193,0,1,3400,-79,79,493,17,7.2,4.0,0.0,0.0,27,7.9,0.0,0.0,0.0,0.0,0.0,0.0,1.0
201442,0,1,3400,-79,79,491,17,7.2,3.9,0.0,0.0,27,7.7,0.0,0.0,0.0,0.0,0.0,0.0,1.0
201691,0,1,3400,-79,79,498,17,7.2,4.0,0.0,0.0,27,7.9,0.0,0.0,0.0,0.0,0.0,0.0,1.0
201940,0,1,3400,-80,80,498,17,7.0,4.0,0.0,0.0,27,8.0,0.0,0.0,0.0,0.0,0.0,0.0,1.0
202189,0,1,3400,-80,80,491,17,6.7,3.9,0.0,0.0,27,7.8,0.0,0.0,0.0,0.0,0.0,0.0,1.0
202438,0,1,3400,-80,80,495,17,6.6,4.0,0.0,0.0,27,8.0,0.0,0.0,0.0,0.0,0.0,0.0,1.0
202687,0,1,3400,-80,80,501,17,6.3,4.0,0.0,0.0,27,7.9,0.0,0.0,0.0,0.0,0.0,0.0,1.0
202936,0,1,3400,-80,80,501,17,6.2,3.9,0.0,0.0,27,7.7,0.0,0.0,0.0,0.0,0.0,0.0,1.0
203185,0,1,3400,-81,81,502,17,5.8,3.9,0.0,0.0,27,7.8,0.0,0.0,0.0,0.0,0.0,0.0,1.0
203434,0,1,3400,-81,81,495,17,5.5,3.9,0.0,0.0,27,7.9,0.0,0.0,0.0,0.0,0.0,0.0,1.0
203683,0,1,3400,-81,81,493,17,5.4,4.0,0.0,0.0,27,7.9,0.0,0.0,0.0,0.0,0.0,0.0,1.0
203932,0,1,3400,-81,81,499,17,5.5,4.0,0.0,0.0,27,8.0,0.0,0.0,0.0,0.0,0.0,0.0,1.0
204181,0,1,3400,-81,81,500,16,5.3,4.0,480,50,27,7.9,0.0,0.0,0.0,0.0,0.0,0.0,1.0
204430,0,1,3400,-81,81,492,16,5.2,4.0,0.0,0.0,27,7.9,0.0,0.0,0.0,0.0,0.0,0.0,1.0
204679,0,1,3400,-81,81,501,16,5.4,3.9,0.0,0.0,27,7.2,0.0,416,33,0.0,0.0,0.0,1.0
204928,0,1,3400,-80,80,491,16,5.5,4.0,0.0,0.0,27,3.0,0.0,0.0,0.0,0.0,0.0,0.0,1.0
205177,0,1,3400,-80,80,495,16,5.8,4.0,0.0,0.0,27,3.0,0.0,0.0,0.0,0.0,0.0,0.0,1.0
205426,0,1,3400,-80,80,497,16,5.8,3.9,0.0,0.0,27,2.9,0.0,0.0,0.0,0.0,0.0,0.0,1.0
205675,0,1,3400,-80,80,495,16,5.9,4.0,0.0,0.0,27,3.0,0.0,0.0,0.0,0.0,0.0,0.0,1.0
205924,0,1,3400,-80,80,496,16,6.0,4.0,0.0,0.0,27,3.0,0.0,0.0,0.0,0.0,0.0,0.0,1.0
206173,0,1,3400,-80,80,502,16,6.0,4.0,0.0,0.0,27,6.4,0.0,16032.000000,0,0.0,0.0,0.0,1.0
206422,0,1,3400,-80,80,494,16,6.0,4.0,0.0,0.0,27,13,0.0,0.0,0.0,0.0,0.0,0.0,1.0
206671,0,1,3400,-80,80,490,16,6.1,4.0,0.0,0.0,27,13,0.0,0.0,0.0,0.0,0.0,0.0,1.0
206920,0,1,3400,-80,80,490,16,6.2,4.0,0.0,0.0,27,13,0.0,0.0,0.0,0.0,0.0,0.0,1.0
207169,0,1,3400,-80,80,499,16,6.4,4.0,0.0,0.0,27,13,0.0,0.0,0.0,0.0,0.0,0.0,1.0
207418,0,1,3400,-79,79,496,16,6.3,4.0,0.0,0.0,27,13,0.0,0.0,0.0,0.0,0.0,0.0,1.0
207667,0,1,3400,-79,79,493,16,6.5,4.0,0.0,0.0,27,13,0.0,0.0,0.0,0.0,0.0,0.0,1.0
207916,0,1,3400,-79,79,499,16,6.8,4.0,0.0,0.0,27,13,0.0,0.0,0.0,0.0,0.0,0.0,1.0
208165,0,1,3400,-79,79,500,16,6.9,4.0,0.0,0.0,27,13,0.0,0.0,0.0,0.0,0.0,0.0,1.0
208414,0,1,3400,-79,79,499,20,7.2,4.0,0.0,100.000000,27,13,0.0,0.0,0.0,0.0,0.0,0.0,1.0
208663,0,1,3400,-79,79,502,22,7.1,4.0,0.0,0.0,27,13,0.0,0.0,0.0,0.0,0.0,0.0,1.0
208912,0,1,3400,-79,79,499,22,7.0,4.0,0.0,0.0,27,13,0.0,0.0,0.0,0.0,0.0,0.0,1.0
209161,0,1,3400,-79,79,501,22,6.8,4.0,0.0,0.0,27,13,0.0,0.0,0.0,0.0,0.0,0.0,1.0
209410,0,1,3400,-79,79,500,22,6.5,4.0,0.0,0.0,27,13,0.0,0.0,0.0,0.0,0.0,0.0,1.0
209659,0,1,3400,-79,79,496,22,6.4,4.0,0.0,0.0,27,13,0.0,0.0,0.0,0.0,0.0,0.0,1.0
209908,0,1,3400,-79,79,497,22,6.5,4.0,0.0,0.0,27,13,0.0,0.0,0.0,0.0,0.0,0.0,1.0
210157,0,1,3400,-79,79,497,23,6.5,4.0,0.0,0.0,27,13,0.0,0.0,0.0,0.0,0.0,0.0,1.0
210406,0,1,3400,-79,79,494,22,6.6,4.0,0.0,0.0,27,13,0.0,0.0,0.0,0.0,0.0,0.0,1.0
210655,0,1,3400,-79,79,500,22,6.5,4.0,0.0,0.0,27,13,0.0,0.0,0.0,0.0,0.0,0.0,1.0
210904,0,1,3400,-79,79,499,22,6.5,4.0,0.0,0.0,27,13,0.0,0.0,0.0,0.0,0.0,0.0,1.0
211153,0,1,3400,-79,79,497,22,6.5,4.0,0.0,0.0,27,13,0.0,0.0,0.0,0.0,0.0,0.0,1.0
211402,0,1,3400,-79,79,503,22,6.5,4.0,0.0,0.0,27,13,0.0,0.0,0.0,0.0,0.0,0.0,1.0
211651,0,1,3400,-79,79,499,23,6.5,4.0,0.0,0.0,27,13,0.0,0.0,0.0,0.0,0.0,0.0,1.0
211900,0,1,3400,-79,79,493,22,6.9,4.0,0.0,0.0,27,13,0.0,0.0,0.0,0.0,0.0,0.0,1.0
212149,0,1,3400,-79,79,494,22,7.1,4.0,0.0,0.0,27,13,0.0,0.0,0.0,0.0,0.0,0.0,1.0
212398,0,1,3400,-79,79,504,22,7.2,4.0,0.0,0.0,27,13,0.0,0.0,0.0,0.0,0.0,0.0,1.0
212647,0,1,3400,-78,78,506,22,7.4,4.0,0.0,0.0,27,13,0.0,0.0,0.0,0.0,0.0,0.0,1.0
212896,0,1,3400,-78,78,504,22,7.4,4.0,0.0,0.0,27,13,0.0,0.0,0.0,0.0,0.0,0.0,1.0
213145,0,1,3400,-78,78,494,22,7.4,4.0,0.0,0.0,27,13,0.0,0.0,0.0,0.0,0.0,0.0,1.0
213394,0,1,3400,-78,78,493,22,7.3,4.0,0.0,0.0,27,13,0.0,0.0,0.0,0.0,0.0,0.0,1.0
213643,0,1,3400,-78,78,504,22,7.4,4.0,0.0,0.0,27,13,0.0,0.0,0.0,0.0,0.0,0.0,1.0
213892,0,1,3400,-78,78,501,22,7.6,4.0,0.0,0.0,27,13,0.0,0.0,0.0,0.0,0.0,0.0,1.0
214141,0,1,3400,-78,78,498,22,7.8,4.0,0.0,0.0,27,13,0.0,0.0,0.0,0.0,0.0,0.0,1.0
214390,0,1,3400,-78,78,495,22,8.1,4.0,0.0,0.0,27,13,0.0,0.0,0.0,0.0,0.0,0.0,1.0
214639,0,1,3400,-78,78,496,22,8.2,4.0,0.0,0.0,27,13,0.0,0.0,0.0,0.0,0.0,0.0,1.0
214888,0,1,3400,-78,78,502,22,8.1,4.0,0.0,0.0,27,13,0.0,0.0,0.0,0.0,0.0,0.0,1.0
215137,0,1,3400,-78,78,504,22,8.1,4.0,0.0,0.0,27,13,0.0,0.0,0.0,0.0,0.0,0.0,1.0
215386,0,1,3400,-78,78,499,22,8.1,4.0,0.0,0.0,27,13,0.0,0.0,0.0,0.0,0.0,0.0,1.0
215635,0,1,3400,-78,78,495,22,8.1,4.0,0.0,0.0,27,13,0.0,0.0,0.0,0.0,0.0,0.0,1.0
215884,0,1,3400,-78,78,500,22,8.1,4.0,0.0,0.0,27,13,0.0,0.0,0.0,0.0,0.0,0.0,1.0
216133,0,1,3400,-78,78,495,23,8.1,4.0,0.0,0.0,27,13,0.0,0.0,0.0,0.0,0.0,0.0,1.0
216382,0,1,3400,-78,78,498,22,8.0,4.0,0.0,0.0,27,13,0.0,0.0,0.0,0.0,0.0,0.0,1.0
216631,0,1,3400,-78,78,503,22,8.0,4.0,0.0,0.0,27,13,0.0,0.0,0.0,0.0,0.0,0.0,1.0
216880,0,1,3400,-78,78,499,23,7.8,4.0,0.0,0.0,27,13,0.0,0.0,0.0,0.0,0.0,0.0,1.0
217130,0,1,3400,-78,78,498,23,7.6,4.0,0.0,0.0,27,13,0.0,0.0,0.0,0.0,0.0,0.0,1.0
217379,0,1,3400,-78,78,496,22,7.4,4.0,0.0,0.0,27,13,0.0,0.0,0.0,0.0,0.0,0.0,1.0
217628,0,1,3400,-79,79,495,22,7.2,4.0,0.0,0.0,27,13,0.0,0.0,0.0,0.0,0.0,0.0,1.0
217877,0,1,3400,-79,79,496,22,7.0,4.0,0.0,0.0,27,13,0.0,0.0,0.0,0.0,0.0,0.0,1.0
218126,0,1,3400,-79,79,490,22,6.8,4.0,0.0,0.0,27,13,0.0,0.0,0.0,0.0,0.0,0.0,1.0
218375,0,1,3400,-79,79,496,22,6.5,4.0,0.0,0.0,27,13,0.0,0.0,0.0,0.0,0.0,0.0,1.0
218624,0,1,3400,-79,79,496,24,6.6,4.0,0.0,100.000000,27,13,0.0,0.0,0.0,0.0,0.0,0.0,1.0
218873,0,1,3400,-79,79,496,24,6.8,4.0,0.0,0.0,27,13,0.0,0.0,0.0,0.0,0.0,0.0,1.0
219122,0,1,3400,-79,79,495,24,6.9,4.0,0.0,0.0,27,13,0.0,0.0,0.0,0.0,0.0,0.0,1.0
219371,0,1,3400,-79,79,500,24,7.1,4.0,0.0,0.0,27,13,0.0,0.0,0.0,0.0,0.0,0.0,1.0
219620,0,1,3400,-78,78,503,24,7.3,4.0,0.0,0.0,27,13,0.0,0.0,0.0,0.0,0.0,0.0,1.0
219869,0,1,3400,-78,78,505,24,7.5,4.0,0.0,0.0,27,13,0.0,0.0,0.0,0.0,0.0,0.0,1.0
220118,0,1,3400,-78,78,502,24,7.7,4.0,0.0,0.0,27,13,0.0,0.0,0.0,0.0,0.0,0.0,1.0
220367,0,1,3400,-78,78,505,24,7.9,4.0,0.0,0.0,27,13,0.0,0.0,0.0,0.0,0.0,0.0,1.0
220616,0,1,3400,-78,78,499,24,8.1,4.0,0.0,0.0,27,13,0.0,0.0,0.0,0.0,0.0,0.0,1.0
220865,0,1,3400,-77,77,499,24,8.3,4.0,0.0,0.0,27,13,0.0,0.0,0.0,0.0,0.0,0.0,1.0
221114,0,1,3400,-77,77,498,24,8.5,4.0,0.0,0.0,27,13,0.0,0.0,0.0,0.0,0.0,0.0,1.0
221363,0,1,3400,-77,77,493,24,8.7,4.0,0.0,0.0,27,13,0.0,0.0,0.0,0.0,0.0,0.0,1.0
221612,0,1,3400,-77,77,493,24,9.0,4.0,0.0,0.0,27,13,0.0,0.0,0.0,0.0,0.0,0.0,1.0
221861,0,1,3400,-76,76,496,24,9.1,4.0,0.0,0.0,27,13,0.0,0.0,0.0,0.0,0.0,0.0,1.0
222110,0,1,3400,-76,76,496,24,9.4,4.0,0.0,0.0,27,13,0.0,0.0,0.0,0.0,0.0,0.0,1.0
222359,0,1,3400,-76,76,491,24,9.5,4.0,0.0,0.0,27,13,0.0,0.0,0.0,0.0,0.0,0.0,1.0
222608,0,1,3400,-76,76,494,24,9.7,4.0,0.0,0.0,27,13,0.0,0.0,0.0,0.0,0.0,0.0,1.0
222857,0,1,3400,-76,76,495,24,9.7,4.0,0.0,0.0,27,13,0.0,0.0,0.0,0.0,0.0,0.0,1.0
223106,0,1,3400,-76,76,498,24,9.7,4.0,0.0,0.0,27,13,0.0,0.0,0.0,0.0,0.0,0.0,1.0
223355,0,1,3400,-76,76,498,24,9.8,4.0,0.0,0.0,27,13,0.0,0.0,0.0,0.0,0.0,0.0,1.0
223604,0,1,3400,-76,76,496,24,9.8,4.0,0.0,0.0,27,13,0.0,0.0,0.0,0.0,0.0,0.0,1.0
223853,0,1,3400,-76,76,489,24,10.0,4.0,0.0,0.0,27,13,0.0,0.0,0.0,0.0,0.0,0.0,1.0
224102,0,1,3400,-75,75,492,24,10,4.0,0.0,0.0,27,13,0.0,0.0,0.0,0.0,0.0,0.0,1.0
224351,0,1,3400,-75,75,504,24,11,4.0,0.0,0.0,27,13,0.0,0.0,0.0,0.0,0.0,0.0,1.0
224600,0,1,3400,-75,75,500,24,11,4.0,0.0,0.0,27,13,0.0,0.0,0.0,0.0,0.0,0.0,1.0
224849,0,1,3400,-75,75,498,24,11,4.0,0.0,0.0,27,13,0.0,0.0,0.0,0.0,0.0,0.0,1.0
225098,0,1,3400,-75,75,498,24,11,4.0,0.0,0.0,27,13,0.0,0.0,0.0,0.0,0.0,0.0,1.0
225347,0,1,3400,-75,75,491,24,11,4.0,0.0,0.0,27,13,0.0,0.0,0.0,0.0,0.0,0.0,1.0
225596,0,1,3400,-75,75,497,24,11,4.0,0.0,0.0,27,13,0.0,0.0,0.0,0.0,0.0,0.0,1.0
225845,0,1,3400,-75,75,495,24,10,4.0,0.0,0.0,27,13,0.0,0.0,0.0,0.0,0.0,0.0,1.0
226094,0,1,3400,-76,76,496,24,10,4.0,0.0,0.0,27,13,0.0,0.0,0.0,0.0,0.0,0.0,1.0
226343,0,1,3400,-76,76,502,24,9.9,4.0,0.0,0.0,27,13,0.0,0.0,0.0,0.0,0.0,0.0,1.0
226592,0,1,3400,-76,76,501,24,9.6,4.0,0.0,0.0,27,13,0.0,0.0,0.0,0.0,0.0,0.0,1.0
226841,0,1,3400,-76,76,496,24,9.5,4.0,0.0,0.0,27,13,0.0,0.0,0.0,0.0,0.0,0.0,1.0
227090,0,1,3400,-76,76,497,24,9.3,4.0,0.0,0.0,27,13,0.0,0.0,0.0,0.0,0.0,0.0,1.0
227339,0,1,3400,-77,77,500,24,9.1,4.0,0.0,0.0,27,13,0.0,0.0,0.0,0.0,0.0,0.0,1.0
227588,0,1,3400,-77,77,498,24,8.8,4.0,0.0,0.0,27,13,0.0,0.0,0.0,0.0,0.0,0.0,1.0
227837,0,1,3400,-77,77,501,24,8.6,4.0,0.0,0.0,27,13,0.0,0.0,0.0,0.0,0.0,0.0,1.0
228086,0,1,3400,-77,77,506,24,8.3,4.0,0.0,0.0,27,13,0.0,0.0,0.0,0.0,0.0,0.0,1.0
228335,0,1,3400,-78,78,499,24,8.1,4.0,0.0,0.0,27,13,0.0,0.0,0.0,0.0,0.0,0.0,1.0
228584,0,1,3400,-78,78,494,24,8.1,4.0,0.0,0.0,27,13,0.0,0.0,0.0,0.0,0.0,0.0,1.0
228833,0,1,3400,-78,78,489,24,8.0,4.0,0.0,0.0,27,13,0.0,0.0,0.0,0.0,0.0,0.0,1.0
229082,0,1,3400,-78,78,496,24,8.0,4.0,0.0,0.0,27,13,0.0,0.0,0.0,0.0,0.0,0.0,1.0
229331,0,1,3400,-78,78,498,24,8.1,4.0,0.0,0.0,27,13,0.0,0.0,0.0,0.0,0.0,0.0,1.0
229580,0,1,3400,-78,78,494,24,7.9,4.0,0.0,0.0,27,13,0.0,0.0,0.0,0.0,0.0,0.0,1.0
229829,0,1,3400,-78,78,495,24,8.0,4.0,0.0,0.0,27,13,0.0,0.0,0.0,0.0,0.0,0.0,1.0
230078,0,1,3400,-78,78,496,24,8.1,4.0,0.0,0.0,27,13,0.0,0.0,0.0,0.0,0.0,0.0,1.0
230327,0,1,3400,-78,78,494,24,8.0,4.0,0.0,0.0,27,13,0.0,0.0,0.0,0.0,0.0,0.0,1.0
230576,0,1,3400,-78,78,494,24,8.1,4.0,0.0,0.0,27,13,0.0,0.0,0.0,0.0,0.0,0.0,1.0
230825,0,1,3400,-78,78,495,24,8.0,4.0,0.0,0.0,27,13,0.0,0.0,0.0,0.0,0.0,0.0,1.0
231074,0,1,3400,-78,78,490,24,8.0,4.0,0.0,0.0,27,13,0.0,0.0,0.0,0.0,0.0,0.0,1.0
231323,0,1,3400,-78,78,491,24,8.2,4.0,0.0,0.0,27,13,0.0,0.0,0.0,0.0,0.0,0.0,1.0
231572,0,1,3400,-78,78,498,24,8.3,4.0,0.0,0.0,27,13,0.0,0.0,0.0,0.0,0.0,0.0,1.0
231821,0,1,3400,-78,78,500,24,8.2,4.0,0.0,0.0,27,13,0.0,0.0,0.0,0.0,0.0,0.0,1.0
232070,0,1,3400,-78,78,500,24,8.4,4.0,0.0,0.0,27,13,0.0,0.0,0.0,0.0,0.0,0.0,1.0
232319,0,1,3400,-78,78,495,24,8.2,4.0,0.0,0.0,27,13,0.0,0.0,0.0,0.0,0.0,0.0,1.0
232568,0,1,3400,-78,78,495,24,8.0,4.0,0.0,0.0,27,13,0.0,0.0,0.0,0.0,0.0,0.0,1.0
232817,0,1,3400,-78,78,498,24,8.0,4.0,0.0,0.0,27,13,0.0,0.0,0.0,0.0,0.0,0.0,1.0
233066,0,1,3400,-78,78,505,24,8.1,4.0,0.0,0.0,27,13,0.0,0.0,0.0,0.0,0.0,0.0,1.0
233315,0,1,3400,-78,78,500,23,8.1,4.0,0.0,100.000000,27,13,0.0,0.0,0.0,0.0,0.0,0.0,1.0
233564,0,1,3400,-78,78,496,23,8.1,4.0,0.0,0.0,27,13,0.0,0.0,0.0,0.0,0.0,0.0,1.0
233813,0,1,3400,-78,78,492,23,8.1,4.0,0.0,0.0,27,13,0.0,0.0,0.0,0.0,0.0,0.0,1.0
234062,0,1,3400,-78,78,492,23,8.0,4.0,0.0,0.0,27,13,0.0,0.0,0.0,0.0,0.0,0.0,1.0
234311,0,1,3400,-78,78,499,23,8.4,4.0,0.0,0.0,27,13,0.0,0.0,0.0,0.0,0.0,0.0,1.0
234560,0,1,3400,-78,78,500,23,8.7,4.0,0.0,0.0,27,13,0.0,0.0,0.0,0.0,0.0,0.0,1.0
234809,0,1,3400,-78,78,493,23,8.8,4.0,0.0,0.0,27,13,0.0,0.0,0.0,0.0,0.0,0.0,1.0
235058,0,1,3400,-78,78,489,23,8.8,4.0,0.0,0.0,27,13,0.0,0.0,0.0,0.0,0.0,0.0,1.0
235307,0,1,3400,-78,78,494,23,8.1,4.0,0.0,0.0,27,13,0.0,0.0,0.0,0.0,0.0,0.0,1.0
235556,0,1,3400,-78,78,493,23,8.1,4.0,0.0,0.0,27,13,0.0,0.0,0.0,0.0,0.0,0.0,1.0
235805,0,1,3400,-78,78,498,23,8.0,4.0,0.0,0.0,27,13,0.0,0.0,0.0,0.0,0.0,0.0,1.0
236054,0,1,3400,-78,78,495,23,8.1,4.0,0.0,0.0,27,13,0.0,0.0,0.0,0.0,0.0,0.0,1.0
236303,0,1,3400,-78,78,494,23,8.1,4.0,0.0,0.0,27,13,0.0,0.0,0.0,0.0,0.0,0.0,1.0
236552,0,1,3400,-78,78,500,23,8.0,4.0,0.0,0.0,27,13,0.0,0.0,0.0,0.0,0.0,0.0,1.0
236801,0,1,3400,-78,78,501,23,8.0,4.0,0.0,0.0,27,13,0.0,0.0,0.0,0.0,0.0,0.0,1.0
237050,0,1,3400,-78,78,497,23,8.0,4.0,0.0,0.0,27,13,0.0,0.0,0.0,0.0,0.0,0.0,1.0
237299,0,1,3400,-78,78,496,23,8.1,4.0,0.0,0.0,27,13,0.0,0.0,0.0,0.0,0.0,0.0,1.0
237548,0,1,3400,-78,78,493,23,8.0,4.0,0.0,0.0,27,13,0.0,0.0,0.0,0.0,0.0,0.0,1.0
237797,0,1,3400,-78,78,495,23,7.9,4.0,0.0,0.0,27,14,0.0,2848.000000,33,0.0,0.0,0.0,1.0
238046,0,1,3400,-78,78,498,23,8.2,4.0,0.0,0.0,27,14,0.0,0.0,0.0,0.0,0.0,0.0,1.0
238295,0,1,3400,-78,78,494,23,8.2,4.0,0.0,0.0,27,14,0.0,0.0,0.0,0.0,0.0,0.0,1.0
238544,0,1,3400,-78,78,497,23,8.1,4.0,0.0,0.0,27,14,0.0,0.0,0.0,0.0,0.0,0.0,1.0
238793,0,1,3400,-78,78,503,23,7.8,4.0,0.0,0.0,27,14,0.0,0.0,0.0,0.0,0.0,0.0,1.0
239042,0,1,3400,-78,78,497,23,7.6,4.0,0.0,0.0,27,14,0.0,0.0,0.0,0.0,0.0,0.0,1.0
239291,0,1,3400,-78,78,500,23,7.3,4.0,0.0,0.0,27,14,0.0,0.0,0.0,0.0,0.0,0.0,1.0
239540,0,1,3400,-78,78,498,23,7.3,4.0,0.0,0.0,27,14,0.0,0.0,0.0,0.0,0.0,0.0,1.0
239789,0,1,3400,-78,78,504,23,7.5,4.0,0.0,0.0,27,14,0.0,0.0,0.0,0.0,0.0,0.0,1.0
240038,0,1,3400,-78,78,496,23,8.0,4.0,0.0,0.0,27,14,0.0,0.0,0.0,0.0,0.0,0.0,1.0
240287,0,1,3400,-78,78,494,23,8.3,4.0,0.0,0.0,27,14,0.0,0.0,0.0,0.0,0.0,0.0,1.0
240536,0,1,3400,-78,78,495,23,8.0,4.0,0.0,0.0,27,14,0.0,0.0,0.0,0.0,0.0,0.0,1.0
240785,0,1,3400,-78,78,500,23,7.9,4.0,0.0,0.0,27,14,0.0,0.0,0.0,0.0,0.0,0.0,1.0
241034,0,1,3400,-78,78,503,23,8.0,4.0,0.0,0.0,27,14,0.0,0.0,0.0,0.0,0.0,0.0,1.0
241283,0,1,3400,-78,78,497,23,8.1,4.0,0.0,0.0,27,14,0.0,0.0,0.0,0.0,0.0,0.0,1.0
241532,0,1,3400,-78,78,493,23,7.9,4.0,0.0,0.0,27,14,0.0,0.0,0.0,0.0,0.0,0.0,1.0
241781,0,1,3400,-78,78,496,23,8.0,4.0,0.0,0.0,27,14,0.0,0.0,0.0,0.0,0.0,0.0,1.0
242030,0,1,3400,-78,78,494,23,8.0,4.0,0.0,0.0,27,14,0.0,0.0,0.0,0.0,0.0,0.0,1.0
242279,0,1,3400,-78,78,493,23,8.0,4.0,0.0,0.0,27,14,0.0,0.0,0.0,0.0,0.0,0.0,1.0
242528,0,1,3400,-78,78,501,23,7.9,4.0,0.0,0.0,27,14,0.0,0.0,0.0,0.0,0.0,0.0,1.0
242777,0,1,3400,-78,78,497,23,8.0,4.0,0.0,0.0,27,15,0.0,0.0,0.0,0.0,0.0,0.0,1.0
243026,0,1,3400,-78,78,499,23,8.0,4.0,0.0,0.0,27,14,0.0,0.0,0.0,0.0,0.0,0.0,1.0
243275,0,1,3400,-78,78,502,23,8.0,4.0,0.0,0.0,27,14,0.0,0.0,0.0,0.0,0.0,0.0,1.0
243524,0,1,3400,-78,78,501,23,7.9,4.0,0.0,0.0,27,14,0.0,0.0,0.0,0.0,0.0,0.0,1.0
243773,0,1,3400,-78,78,501,23,7.6,4.0,0.0,0.0,27,14,0.0,0.0,0.0,0.0,0.0,0.0,1.0
244022,0,1,3400,-78,78,499,23,7.4,4.0,0.0,0.0,27,14,0.0,0.0,0.0,0.0,0.0,0.0,1.0
244271,0,1,3400,-78,78,496,23,7.4,4.0,0.0,0.0,27,14,0.0,0.0,0.0,0.0,0.0,0.0,1.0
244520,0,1,3400,-78,78,495,23,7.2,4.0,0.0,0.0,27,14,0.0,0.0,0.0,0.0,0.0,0.0,1.0
244769,0,1,3400,-78,78,495,23,7.2,4.0,0.0,0.0,27,14,0.0,0.0,0.0,0.0,0.0,0.0,1.0
245018,0,1,3400,-79,79,500,23,7.1,4.0,0.0,0.0,27,14,0.0,0.0,0.0,0.0,0.0,0.0,1.0
245267,0,1,3400,-78,78,501,23,7.2,4.0,0.0,0.0,27,14,0.0,0.0,0.0,0.0,0.0,0.0,1.0
245516,0,1,3400,-78,78,500,23,7.2,4.0,0.0,0.0,27,14,0.0,0.0,0.0,0.0,0.0,0.0,1.0
245765,0,1,3400,-78,78,491,23,7.2,4.0,0.0,0.0,27,14,0.0,0.0,0.0,0.0,0.0,0.0,1.0
246014,0,1,3400,-78,78,491,23,7.2,4.0,0.0,0.0,27,14,0.0,0.0,0.0,0.0,0.0,0.0,1.0
246263,0,1,3400,-78,78,495,23,7.2,4.0,0.0,0.0,27,14,0.0,0.0,0.0,0.0,0.0,0.0,1.0
246512,0,1,3400,-78,78,498,23,7.2,4.0,0.0,0.0,27,14,0.0,0.0,0.0,0.0,0.0,0.0,1.0
246761,0,1,3400,-78,78,499,23,7.2,4.0,0.0,0.0,27,14,0.0,0.0,0.0,0.0,0.0,0.0,1.0
247010,0,1,3400,-78,78,495,23,7.3,4.0,0.0,0.0,27,14,0.0,0.0,0.0,0.0,0.0,0.0,1.0
247259,0,1,3400,-78,78,500,23,7.2,4.0,0.0,0.0,27,14,0.0,0.0,0.0,0.0,0.0,0.0,1.0
247508,0,1,3400,-78,78,497,23,7.2,4.0,0.0,0.0,27,14,0.0,0.0,0.0,0.0,0.0,0.0,1.0
247757,0,1,3400,-78,78,494,21,7.3,4.0,0.0,100.000000,27,14,0.0,0.0,0.0,0.0,0.0,0.0,1.0
248006,0,1,3400,-78,78,491,14,7.2,4.0,0.0,0.0,27,14,0.0,0.0,0.0,0.0,0.0,0.0,1.0
248255,0,1,3400,-78,78,497,14,7.3,4.0,0.0,0.0,27,14,0.0,0.0,0.0,0.0,0.0,0.0,1.0
248504,0,1,3400,-78,78,502,14,7.2,4.0,0.0,0.0,27,14,0.0,0.0,0.0,0.0,0.0,0.0,1.0
248753,0,1,3400,-78,78,502,15,7.2,4.0,0.0,0.0,27,14,0.0,0.0,0.0,0.0,0.0,0.0,1.0
249002,0,1,3400,-78,78,498,14,7.2,4.0,0.0,0.0,27,14,0.0,0.0,0.0,0.0,0.0,0.0,1.0
249251,0,1,3400,-78,78,493,14,7.3,4.0,0.0,0.0,27,14,0.0,0.0,0.0,0.0,0.0,0.0,1.0
249500,0,1,3400,-78,78,489,14,7.4,4.0,0.0,0.0,27,14,0.0,0.0,0.0,0.0,0.0,0.0,1.0
249749,0,1,3400,-78,78,487,14,7.5,4.0,0.0,0.0,27,14,0.0,0.0,0.0,0.0,0.0,0.0,1.0
249998,0,1,3400,-78,78,493,15,7.8,4.0,0.0,0.0,27,14,0.0,0.0,0.0,0.0,0.0,0.0,1.0
250247,0,1,3400,-78,78,503,14,7.8,4.0,0.0,0.0,27,14,0.0,0.0,0.0,0.0,0.0,0.0,1.0
250496,0,1,3400,-78,78,497,14,7.9,4.0,0.0,0.0,27,14,0.0,0.0,0.0,0.0,0.0,0.0,1.0
250745,0,1,3400,-78,78,492,14,7.8,4.0,0.0,0.0,27,14,0.0,0.0,0.0,0.0,0.0,0.0,1.0
250994,0,1,3400,-78,78,496,14,7.6,4.0,0.0,0.0,27,14,0.0,0.0,0.0,0.0,0.0,0.0,1.0
251243,0,1,3400,-78,78,495,14,7.4,4.0,0.0,0.0,27,14,0.0,0.0,0.0,0.0,0.0,0.0,1.0
251492,0,1,3400,-78,78,497,14,7.3,4.0,0.0,0.0,27,14,0.0,0.0,0.0,0.0,0.0,0.0,1.0
251741,0,1,3400,-78,78,492,14,7.3,4.0,0.0,0.0,27,14,0.0,0.0,0.0,0.0,0.0,0.0,1.0
251990,0,1,3400,-78,78,498,14,7.2,4.0,0.0,0.0,27,14,0.0,0.0,0.0,0.0,0.0,0.0,1.0
252239,0,1,3400,-78,78,500,14,7.2,4.0,0.0,0.0,27,14,0.0,0.0,0.0,0.0,0.0,0.0,1.0
252488,0,1,3400,-78,78,497,15,7.2,4.0,0.0,0.0,27,14,0.0,0.0,0.0,0.0,0.0,0.0,1.0
252737,0,1,3400,-78,78,492,14,7.2,4.0,0.0,0.0,27,14,0.0,0.0,0.0,0.0,0.0,0.0,1.0
252986,0,1,3400,-78,78,498,14,7.2,4.0,0.0,0.0,27,14,0.0,0.0,0.0,0.0,0.0,0.0,1.0
253235,0,1,3400,-78,78,499,14,7.3,4.0,0.0,0.0,27,14,0.0,0.0,0.0,0.0,0.0,0.0,1.0
253484,0,1,3400,-79,79,498,14,7.2,4.0,0.0,0.0,27,14,0.0,0.0,0.0,0.0,0.0,0.0,1.0
253733,0,1,3400,-79,79,490,14,6.9,4.0,0.0,0.0,27,14,0.0,0.0,0.0,0.0,0.0,0.0,1.0
253982,0,1,3400,-79,79,498,14,6.8,4.0,0.0,0.0,27,14,0.0,0.0,0.0,0.0,0.0,0.0,1.0
254231,0,1,3400,-79,79,501,14,6.6,4.0,0.0,0.0,27,14,0.0,0.0,0.0,0.0,0.0,0.0,1.0
254480,0,1,3400,-79,79,499,15,6.5,4.0,0.0,0.0,27,14,0.0,0.0,0.0,0.0,0.0,0.0,1.0
254729,0,1,3400,-79,79,501,14,6.5,4.0,0.0,0.0,27,14,0.0,0.0,0.0,0.0,0.0,0.0,1.0
254978,0,1,3400,-79,79,491,14,6.5,4.0,0.0,0.0,27,14,0.0,0.0,0.0,0.0,0.0,0.0,1.0
255227,0,1,3400,-79,79,494,14,6.4,4.0,0.0,0.0,27,14,0.0,0.0,0.0,0.0,0.0,0.0,1.0
255476,0,1,3400,-79,79,498,14,6.5,4.0,0.0,0.0,27,14,0.0,0.0,0.0,0.0,0.0,0.0,1.0
255725,0,1,3400,-79,79,502,14,6.6,4.0,0.0,0.0,27,15,0.0,0.0,0.0,0.0,0.0,0.0,1.0
255974,0,1,3400,-79,79,495,15,6.4,4.0,0.0,0.0,27,14,0.0,0.0,0.0,0.0,0.0,0.0,1.0
256223,0,1,3400,-79,79,495,14,6.4,4.0,0.0,0.0,27,14,0.0,0.0,0.0,0.0,0.0,0.0,1.0
256472,0,1,3400,-79,79,491,14,6.5,4.0,0.0,0.0,27,14,0.0,0.0,0.0,0.0,0.0,0.0,1.0
256721,0,1,3400,-79,79,492,14,6.5,4.0,0.0,0.0,27,14,0.0,0.0,0.0,0.0,0.0,0.0,1.0
256970,0,1,3400,-79,79,493,14,6.5,4.0,0.0,0.0,27,14,0.0,0.0,0.0,0.0,0.0,0.0,1.0
257219,0,1,3400,-79,79,493,14,6.5,4.0,0.0,0.0,27,14,0.0,0.0,0.0,0.0,0.0,0.0,1.0
257468,0,1,3400,-79,79,503,14,6.7,4.0,0.0,0.0,27,14,0.0,0.0,0.0,0.0,0.0,0.0,1.0
257717,0,1,3400,-79,79,500,14,6.8,4.0,0.0,0.0,27,14,0.0,0.0,0.0,0.0,0.0,0.0,1.0
257966,0,1,3400,-79,79,495,14,6.9,4.0,0.0,0.0,27,14,0.0,0.0,0.0,0.0,0.0,0.0,1.0
258215,0,1,3400,-79,79,497,14,7.0,4.0,0.0,0.0,27,14,0.0,0.0,0.0,0.0,0.0,0.0,1.0
258464,0,1,3400,-79,79,495,14,7.1,4.0,0.0,0.0,27,14,0.0,0.0,0.0,0.0,0.0,0.0,1.0
258713,0,1,3400,-79,79,492,14,6.9,4.0,0.0,0.0,27,14,0.0,0.0,0.0,0.0,0.0,0.0,1.0
258962,0,1,3400,-79,79,499,14,6.7,4.0,0.0,0.0,27,14,0.0,0.0,0.0,0.0,0.0,0.0,1.0
259211,0,1,3400,-79,79,496,14,6.5,4.0,0.0,0.0,27,14,0.0,0.0,0.0,0.0,0.0,0.0,1.0
259460,0,1,3400,-79,79,496,14,6.4,4.0,0.0,0.0,27,14,0.0,0.0,0.0,0.0,0.0,0.0,1.0
259709,0,1,3400,-79,79,495,14,6.7,4.0,0.0,0.0,27,14,0.0,0.0,0.0,0.0,0.0,0.0,1.0
259958,0,1,3400,-79,79,489,14,6.9,4.0,0.0,0.0,27,14,0.0,0.0,0.0,0.0,0.0,0.0,1.0
260207,0,1,3400,-79,79,498,14,7.1,4.0,0.0,0.0,27,14,0.0,0.0,0.0,0.0,0.0,0.0,1.0
260456,0,1,3400,-78,78,502,14,7.2,4.0,0.0,0.0,27,14,0.0,0.0,0.0,0.0,0.0,0.0,1.0
260705,0,1,3400,-78,78,495,14,7.2,4.0,0.0,0.0,27,14,0.0,0.0,0.0,0.0,0.0,0.0,1.0
260954,0,1,3400,-78,78,489,14,7.2,4.0,0.0,0.0,27,14,0.0,0.0,0.0,0.0,0.0,0.0,1.0
261203,0,1,3400,-78,78,497,14,7.2,4.0,0.0,0.0,27,14,0.0,0.0,0.0,0.0,0.0,0.0,1.0
261452,0,1,3400,-79,79,498,14,7.1,4.0,0.0,0.0,27,14,0.0,0.0,0.0,0.0,0.0,0.0,1.0
261701,0,1,3400,-79,79,497,14,7.0,4.0,0.0,0.0,27,14,0.0,0.0,0.0,0.0,0.0,0.0,1.0
261950,0,1,3400,-79,79,497,14,6.6,4.0,0.0,0.0,27,14,0.0,0.0,0.0,0.0,0.0,0.0,1.0
262199,0,1,3400,-79,79,499,14,6.5,4.0,0.0,0.0,27,15,0.0,0.0,0.0,0.0,0.0,0.0,1.0
262448,0,1,3400,-79,79,505,15,6.3,4.0,0.0,0.0,27,14,0.0,0.0,0.0,0.0,0.0,0.0,1.0
262697,0,1,3400,-79,79,495,14,6.0,4.0,0.0,0.0,27,14,0.0,0.0,0.0,0.0,0.0,0.0,1.0
262946,0,1,3400,-80,80,493,15,5.9,4.0,0.0,0.0,27,14,0.0,0.0,0.0,0.0,0.0,0.0,1.0
263195,0,1,3400,-80,80,500,14,5.6,4.0,0.0,0.0,27,14,0.0,0.0,0.0,0.0,0.0,0.0,1.0
263444,0,1,3400,-80,80,504,15,5.6,4.0,0.0,0.0,27,14,0.0,0.0,0.0,0.0,0.0,0.0,1.0
263693,0,1,3400,-80,80,502,14,5.9,4.0,0.0,0.0,27,14,0.0,0.0,0.0,0.0,0.0,0.0,1.0
263942,0,1,3400,-79,79,494,14,6.0,4.0,0.0,0.0,27,14,0.0,0.0,0.0,0.0,0.0,0.0,1.0
264191,0,1,3400,-79,79,490,14,6.1,4.0,0.0,0.0,27,14,0.0,0.0,0.0,0.0,0.0,0.0,1.0
264440,0,1,3400,-79,79,500,14,6.3,4.0,0.0,0.0,27,14,0.0,0.0,0.0,0.0,0.0,0.0,1.0
264689,0,1,3400,-79,79,501,14,6.3,4.0,0.0,0.0,27,14,0.0,0.0,0.0,0.0,0.0,0.0,1.0
264938,0,1,3400,-79,79,496,14,6.2,4.0,0.0,0.0,27,14,0.0,0.0,0.0,0.0,0.0,0.0,1.0
265187,0,1,3400,-79,79,494,14,6.2,4.0,0.0,0.0,27,14,0.0,0.0,0.0,0.0,0.0,0.0,1.0
265436,0,1,3400,-79,79,488,14,6.2,4.0,0.0,0.0,27,14,0.0,0.0,0.0,0.0,0.0,0.0,1.0
265685,0,1,3400,-79,79,496,14,6.4,4.0,0.0,0.0,27,14,0.0,0.0,0.0,0.0,0.0,0.0,1.0
265934,0,1,3400,-79,79,492,14,6.7,4.0,0.0,0.0,27,14,0.0,0.0,0.0,0.0,0.0,0.0,1.0
266183,0,1,3400,-79,79,492,14,6.8,4.0,0.0,0.0,27,14,0.0,0.0,0.0,0.0,0.0,0.0,1.0
266432,0,1,3400,-79,79,497,14,6.3,4.0,0.0,0.0,27,14,0.0,0.0,0.0,0.0,0.0,0.0,1.0
266681,0,1,3400,-79,79,496,14,6.3,4.0,0.0,0.0,27,14,0.0,0.0,0.0,0.0,0.0,0.0,1.0
266930,0,1,3400,-79,79,495,14,6.2,4.0,0.0,0.0,27,14,0.0,0.0,0.0,0.0,0.0,0.0,1.0
267179,0,1,3400,-79,79,490,14,6.2,4.0,0.0,0.0,27,14,0.0,0.0,0.0,0.0,0.0,0.0,1.0
267428,0,1,3400,-79,79,486,14,6.2,4.0,0.0,0.0,27,14,0.0,0.0,0.0,0.0,0.0,0.0,1.0
267677,0,1,3400,-79,79,492,14,6.2,4.0,0.0,0.0,27,14,0.0,0.0,0.0,0.0,0.0,0.0,1.0
267926,0,1,3400,-79,79,496,14,6.2,4.0,0.0,0.0,27,14,0.0,0.0,0.0,0.0,0.0,0.0,1.0
268175,0,1,3400,-79,79,493,14,6.3,4.0,0.0,0.0,27,14,0.0,0.0,0.0,0.0,0.0,0.0,1.0
268424,0,1,3400,-79,79,495,14,6.3,4.0,0.0,0.0,27,15,0.0,0.0,0.0,0.0,0.0,0.0,1.0
268673,0,1,3400,-79,79,494,14,6.2,4.0,0.0,0.0,27,14,0.0,0.0,0.0,0.0,0.0,0.0,1.0
268922,0,1,3400,-79,79,495,15,6.3,4.0,0.0,0.0,27,14,0.0,0.0,0.0,0.0,0.0,0.0,1.0
269171,0,1,3400,-79,79,500,14,6.2,4.0,0.0,0.0,27,14,0.0,0.0,0.0,0.0,0.0,0.0,1.0
269420,0,1,3400,-79,79,494,14,6.2,4.0,0.0,0.0,27,14,0.0,0.0,0.0,0.0,0.0,0.0,1.0
269669,0,1,3400,-79,79,484,14,6.2,4.0,0.0,0.0,27,14,0.0,0.0,0.0,0.0,0.0,0.0,1.0
269918,0,1,3400,-79,79,492,14,6.2,4.0,0.0,0.0,27,14,0.0,0.0,0.0,0.0,0.0,0.0,1.0
270167,0,1,3400,-79,79,494,15,6.3,4.0,0.0,0.0,27,14,0.0,0.0,0.0,0.0,0.0,0.0,1.0
270416,0,1,3400,-79,79,493,14,6.2,4.0,0.0,0.0,27,14,0.0,0.0,0.0,0.0,0.0,0.0,1.0
270665,0,1,3400,-79,79,497,14,6.1,4.0,0.0,0.0,27,14,0.0,0.0,0.0,0.0,0.0,0.0,1.0
270914,0,1,3400,-80,80,496,14,6.0,4.0,0.0,0.0,27,14,0.0,0.0,0.0,0.0,0.0,0.0,1.0
271163,0,1,3400,-80,80,495,14,5.7,4.0,0.0,0.0,27,14,0.0,0.0,0.0,0.0,0.0,0.0,1.0
271412,0,1,3400,-80,80,504,14,5.7,4.0,0.0,0.0,27,14,0.0,0.0,0.0,0.0,0.0,0.0,1.0
271661,0,1,3400,-80,80,497,14,5.7,4.0,0.0,0.0,27,14,0.0,0.0,0.0,0.0,0.0,0.0,1.0
271910,0,1,3400,-80,80,500,14,5.7,4.0,0.0,0.0,27,14,0.0,0.0,0.0,0.0,0.0,0.0,1.0
272159,0,1,3400,-80,80,505,14,5.7,4.0,0.0,0.0,27,14,0.0,0.0,0.0,0.0,0.0,0.0,1.0
272408,0,1,3400,-80,80,502,14,5.8,4.0,0.0,0.0,27,14,0.0,0.0,0.0,0.0,0.0,0.0,1.0
272657,0,1,3400,-80,80,500,15,5.9,4.0,0.0,0.0,27,14,0.0,0.0,0.0,0.0,0.0,0.0,1.0
272906,0,1,3400,-79,79,503,15,6.1,4.0,0.0,0.0,27,14,0.0,0.0,0.0,0.0,0.0,0.0,1.0
273155,0,1,3400,-79,79,499,14,6.3,4.0,0.0,0.0,27,14,0.0,0.0,0.0,0.0,0.0,0.0,1.0
273404,0,1,3400,-79,79,497,14,6.4,4.0,0.0,0.0,27,14,0.0,0.0,0.0,0.0,0.0,0.0,1.0
273653,0,1,3400,-79,79,491,14,6.4,4.0,0.0,0.0,27,14,0.0,0.0,0.0,0.0,0.0,0.0,1.0
273902,0,1,3400,-79,79,494,14,6.4,4.0,0.0,0.0,27,14,0.0,0.0,0.0,0.0,0.0,0.0,1.0
274151,0,1,3400,-79,79,501,14,6.4,4.0,0.0,0.0,27,14,0.0,0.0,0.0,0.0,0.0,0.0,1.0
274400,0,1,3400,-79,79,502,14,6.4,4.0,0.0,0.0,27,14,0.0,0.0,0.0,0.0,0.0,0.0,1.0
274649,0,1,3400,-79,79,494,14,6.4,4.0,0.0,0.0,27,15,0.0,0.0,0.0,0.0,0.0,0.0,1.0
274898,0,1,3400,-79,79,498,14,6.4,4.0,0.0,0.0,27,14,0.0,0.0,0.0,0.0,0.0,0.0,1.0
275147,0,1,3400,-79,79,499,15,6.3,4.0,0.0,0.0,27,14,0.0,0.0,0.0,0.0,0.0,0.0,1.0
275396,0,1,3400,-79,79,495,14,6.3,4.0,0.0,0.0,27,14,0.0,0.0,0.0,0.0,0.0,0.0,1.0
275645,0,1,3400,-79,79,485,14,6.1,4.0,0.0,0.0,27,14,0.0,0.0,0.0,0.0,0.0,0.0,1.0
275894,0,1,3400,-80,80,487,14,5.9,4.0,0.0,0.0,27,14,0.0,0.0,0.0,0.0,0.0,0.0,1.0
276143,0,1,3400,-80,80,498,14,5.7,4.0,0.0,0.0,27,14,0.0,0.0,0.0,0.0,0.0,0.0,1.0
276392,0,1,3400,-80,80,493,14,5.6,4.0,0.0,0.0,27,14,0.0,0.0,0.0,0.0,0.0,0.0,1.0
276641,0,1,3400,-80,80,490,14,5.7,4.0,0.0,0.0,27,14,0.0,0.0,0.0,0.0,0.0,0.0,1.0
276890,0,1,3400,-80,80,492,14,5.7,4.0,0.0,0.0,27,14,0.0,0.0,0.0,0.0,0.0,0.0,1.0
277139,0,1,3400,-80,80,497,14,5.6,4.0,0.0,0.0,27,14,0.0,0.0,0.0,0.0,0.0,0.0,1.0
277388,0,1,3400,-80,80,502,14,5.6,4.0,0.0,0.0,27,14,0.0,0.0,0.0,0.0,0.0,0.0,1.0
277637,0,1,3400,-80,80,497,15,5.6,4.0,0.0,0.0,27,14,0.0,0.0,0.0,0.0,0.0,0.0,1.0
277886,0,1,3400,-80,80,497,14,5.6,4.0,0.0,0.0,27,14,0.0,0.0,0.0,0.0,0.0,0.0,1.0
278135,0,1,3400,-80,80,500,14,5.7,4.0,0.0,0.0,27,14,0.0,0.0,0.0,0.0,0.0,0.0,1.0
278384,0,1,3400,-80,80,495,8.8,5.5,4.0,0.0,100.000000,27,14,0.0,0.0,0.0,0.0,0.0,0.0,1.0
278633,0,1,3400,-80,80,497,4.5,5.4,4.0,0.0,0.0,27,14,0.0,0.0,0.0,0.0,0.0,0.0,1.0
278882,0,1,3400,-80,80,493,4.6,5.2,4.0,0.0,0.0,27,14,0.0,0.0,0.0,0.0,0.0,0.0,1.0
279131,0,1,3400,-81,81,493,4.5,5.1,4.0,0.0,0.0,27,14,0.0,0.0,0.0,0.0,0.0,0.0,1.0
279380,0,1,3400,-81,81,489,4.5,4.9,4.0,0.0,0.0,27,14,0.0,0.0,0.0,0.0,0.0,0.0,1.0
279629,0,1,3400,-81,81,498,4.5,4.9,4.0,0.0,0.0,27,14,0.0,0.0,0.0,0.0,0.0,0.0,1.0
279878,0,1,3400,-81,81,490,4.5,4.9,4.0,0.0,0.0,27,14,0.0,0.0,0.0,0.0,0.0,0.0,1.0
280127,0,1,3400,-81,81,494,4.5,5.0,4.0,0.0,0.0,27,14,0.0,0.0,0.0,0.0,0.0,0.0,1.0
280376,0,1,3400,-81,81,489,4.6,5.0,4.0,0.0,0.0,27,14,0.0,0.0,0.0,0.0,0.0,0.0,1.0
280625,0,1,3400,-81,81,490,4.5,5.0,4.0,0.0,0.0,27,14,0.0,0.0,0.0,0.0,0.0,0.0,1.0
280874,0,1,3400,-81,81,495,4.5,4.9,4.0,0.0,0.0,27,14,0.0,0.0,0.0,0.0,0.0,0.0,1.0
281123,0,1,3400,-81,81,497,4.6,5.1,4.0,0.0,0.0,27,14,0.0,0.0,0.0,0.0,0.0,0.0,1.0
281372,0,1,3400,-81,81,502,4.5,4.9,4.0,0.0,0.0,27,14,0.0,0.0,0.0,0.0,0.0,0.0,1.0
281621,0,1,3400,-81,81,497,4.5,4.8,4.0,0.0,0.0,27,14,0.0,0.0,0.0,0.0,0.0,0.0,1.0
281870,0,1,3400,-81,81,497,4.5,4.7,4.0,0.0,0.0,27,14,0.0,0.0,0.0,0.0,0.0,0.0,1.0
282119,0,1,3400,-81,81,494,4.6,4.6,4.0,0.0,0.0,27,14,0.0,0.0,0.0,0.0,0.0,0.0,1.0
282368,0,1,3400,-81,81,495,4.5,4.4,4.0,0.0,0.0,27,14,0.0,0.0,0.0,0.0,0.0,0.0,1.0
282617,0,1,3400,-81,81,495,4.5,4.4,4.0,0.0,0.0,27,14,0.0,0.0,0.0,0.0,0.0,0.0,1.0
282866,0,1,3400,-81,81,492,4.5,4.5,4.0,0.0,0.0,27,14,0.0,0.0,0.0,0.0,0.0,0.0,1.0
283115,0,1,3400,-81,81,492,4.5,4.4,4.0,0.0,0.0,27,14,0.0,0.0,0.0,0.0,0.0,0.0,1.0
283364,0,1,3400,-81,81,498,4.5,4.5,4.0,0.0,0.0,27,14,0.0,0.0,0.0,0.0,0.0,0.0,1.0
283613,0,1,3400,-81,81,491,4.5,4.6,4.0,0.0,0.0,27,14,0.0,0.0,0.0,0.0,0.0,0.0,1.0
283862,0,1,3400,-81,81,489,4.5,4.8,4.0,0.0,0.0,27,14,0.0,0.0,0.0,0.0,0.0,0.0,1.0
284111,0,1,3400,-81,81,489,4.5,5.0,4.0,0.0,0.0,27,14,0.0,0.0,0.0,0.0,0.0,0.0,1.0
284360,0,1,3400,-81,81,493,4.5,5.0,4.0,0.0,0.0,27,14,0.0,0.0,0.0,0.0,0.0,0.0,1.0
284609,0,1,3400,-81,81,492,4.5,5.1,4.0,0.0,0.0,27,14,0.0,0.0,0.0,0.0,0.0,0.0,1.0
284858,0,1,3400,-81,81,493,4.5,5.0,4.0,0.0,0.0,27,14,0.0,0.0,0.0,0.0,0.0,0.0,1.0
285107,0,1,3400,-81,81,499,4.5,5.0,4.0,0.0,0.0,27,14,0.0,0.0,0.0,0.0,0.0,0.0,1.0
285356,0,1,3400,-80,80,497,4.6,5.1,4.0,0.0,0.0,27,14,0.0,0.0,0.0,0.0,0.0,0.0,1.0
285605,0,1,3400,-80,80,498,4.5,5.3,4.0,0.0,0.0,27,14,0.0,0.0,0.0,0.0,0.0,0.0,1.0
285854,0,1,3400,-80,80,494,4.5,5.4,4.0,0.0,0.0,27,14,0.0,0.0,0.0,0.0,0.0,0.0,1.0
286103,0,1,3400,-80,80,495,4.5,5.5,4.0,0.0,0.0,27,14,0.0,0.0,0.0,0.0,0.0,0.0,1.0
286352,0,1,3400,-80,80,502,4.5,5.6,4.0,0.0,0.0,27,14,0.0,0.0,0.0,0.0,0.0,0.0,1.0
286601,0,1,3400,-80,80,492,4.5,5.7,4.0,0.0,0.0,27,14,0.0,0.0,0.0,0.0,0.0,0.0,1.0
286850,0,1,3400,-80,80,495,4.5,5.7,4.0,0.0,0.0,27,14,0.0,0.0,0.0,0.0,0.0,0.0,1.0
287099,0,1,3400,-80,80,496,4.5,5.7,4.0,0.0,0.0,27,14,0.0,0.0,0.0,0.0,0.0,0.0,1.0
287348,0,1,3400,-80,80,492,4.5,5.8,4.0,0.0,0.0,27,14,0.0,0.0,0.0,0.0,0.0,0.0,1.0
287597,0,1,3400,-80,80,493,4.5,6.0,4.0,0.0,0.0,27,14,0.0,0.0,0.0,0.0,0.0,0.0,1.0
287846,0,1,3400,-79,79,502,4.5,6.1,4.0,0.0,0.0,27,14,0.0,0.0,0.0,0.0,0.0,0.0,1.0
288096,0,1,3400,-79,79,500,4.5,6.3,4.0,0.0,0.0,27,15,0.0,0.0,0.0,0.0,0.0,0.0,1.0
288345,0,1,3400,-79,79,494,4.5,6.4,4.0,0.0,0.0,27,14,0.0,0.0,0.0,0.0,0.0,0.0,1.0
288594,0,1,3400,-79,79,491,4.5,6.3,4.0,0.0,0.0,27,14,0.0,0.0,0.0,0.0,0.0,0.0,1.0
288843,0,1,3400,-79,79,494,4.5,6.3,4.0,0.0,0.0,27,14,0.0,0.0,0.0,0.0,0.0,0.0,1.0
289092,0,1,3400,-79,79,500,4.5,6.4,4.0,0.0,0.0,27,14,0.0,0.0,0.0,0.0,0.0,0.0,1.0
289341,0,1,3400,-79,79,498,4.6,6.4,4.0,0.0,0.0,27,14,0.0,0.0,0.0,0.0,0.0,0.0,1.0
289590,0,1,3400,-79,79,491,4.5,6.3,4.0,0.0,0.0,27,14,0.0,0.0,0.0,0.0,0.0,0.0,1.0
289839,0,1,3400,-79,79,488,4.5,6.3,4.0,0.0,0.0,27,14,0.0,0.0,0.0,0.0,0.0,0.0,1.0
290088,0,1,3400,-79,79,492,4.5,6.3,4.0,0.0,0.0,27,14,0.0,0.0,0.0,0.0,0.0,0.0,1.0
290337,0,1,3400,-79,79,496,4.5,6.4,4.0,0.0,0.0,27,14,0.0,0.0,0.0,0.0,0.0,0.0,1.0
290586,0,1,3400,-79,79,493,4.5,6.6,4.0,0.0,0.0,27,14,0.0,0.0,0.0,0.0,0.0,0.0,1.0
290835,0,1,3400,-79,79,495,4.5,6.8,4.0,0.0,0.0,27,14,0.0,0.0,0.0,0.0,0.0,0.0,1.0
291084,0,1,3400,-79,79,504,4.5,6.9,4.0,0.0,0.0,27,14,0.0,0.0,0.0,0.0,0.0,0.0,1.0
291333,0,1,3400,-78,78,499,4.5,7.1,4.0,0.0,0.0,27,14,0.0,0.0,0.0,0.0,0.0,0.0,1.0
291582,0,1,3400,-78,78,495,4.5,7.1,4.0,0.0,0.0,27,14,0.0,0.0,0.0,0.0,0.0,0.0,1.0
291831,0,1,3400,-78,78,494,4.5,7.1,4.0,0.0,0.0,27,14,0.0,0.0,0.0,0.0,0.0,0.0,1.0
292080,0,1,3400,-78,78,494,4.5,7.0,4.0,0.0,0.0,27,14,0.0,0.0,0.0,0.0,0.0,0.0,1.0
292329,0,1,3400,-78,78,493,4.5,7.3,4.0,0.0,0.0,27,14,0.0,0.0,0.0,0.0,0.0,0.0,1.0
292578,0,1,3400,-78,78,496,4.5,7.3,4.0,0.0,0.0,27,14,0.0,0.0,0.0,0.0,0.0,0.0,1.0
292827,0,1,3400,-78,78,499,4.5,7.5,4.0,0.0,0.0,27,14,0.0,0.0,0.0,0.0,0.0,0.0,1.0
293076,0,1,3400,-78,78,493,4.5,7.8,4.0,0.0,0.0,27,14,0.0,0.0,0.0,0.0,0.0,0.0,1.0
293325,0,1,3400,-78,78,493,4.5,8.0,4.0,0.0,0.0,27,14,0.0,0.0,0.0,0.0,0.0,0.0,1.0
293574,0,1,3400,-78,78,494,4.5,7.9,4.0,0.0,0.0,27,14,0.0,0.0,0.0,0.0,0.0,0.0,1.0
293823,0,1,3400,-78,78,500,4.5,7.9,4.0,0.0,0.0,27,14,0.0,0.0,0.0,0.0,0.0,0.0,1.0
294072,0,1,3400,-78,78,498,4.6,7.9,4.0,0.0,0.0,27,14,0.0,0.0,0.0,0.0,0.0,0.0,1.0
294321,0,1,3400,-78,78,495,4.5,8.0,4.0,0.0,0.0,27,14,0.0,0.0,0.0,0.0,0.0,0.0,1.0
294570,0,1,3400,-77,77,493,4.5,8.2,4.0,0.0,0.0,27,15,0.0,0.0,0.0,0.0,0.0,0.0,1.0
294819,0,1,3400,-77,77,491,4.5,8.5,4.0,0.0,0.0,27,14,0.0,0.0,0.0,0.0,0.0,0.0,1.0
295068,0,1,3400,-77,77,496,4.5,8.7,4.0,0.0,0.0,27,14,0.0,0.0,0.0,0.0,0.0,0.0,1.0
295317,0,1,3400,-77,77,493,4.5,8.6,4.0,0.0,0.0,27,14,0.0,0.0,0.0,0.0,0.0,0.0,1.0
295566,0,1,3400,-77,77,489,4.5,8.7,4.0,0.0,0.0,27,14,0.0,0.0,0.0,0.0,0.0,0.0,1.0
295815,0,1,3400,-77,77,488,4.5,8.7,4.0,0.0,0.0,27,14,0.0,0.0,0.0,0.0,0.0,0.0,1.0
296064,0,1,3400,-77,77,491,4.5,8.7,4.0,0.0,0.0,27,14,0.0,0.0,0.0,0.0,0.0,0.0,1.0
296313,0,1,3400,-77,77,497,4.5,8.8,4.0,0.0,0.0,27,14,0.0,0.0,0.0,0.0,0.0,0.0,1.0
296562,0,1,3400,-77,77,497,4.5,8.8,4.0,0.0,0.0,27,14,0.0,0.0,0.0,0.0,0.0,0.0,1.0
296811,0,1,3400,-77,77,497,4.5,8.8,4.0,0.0,0.0,27,14,0.0,0.0,0.0,0.0,0.0,0.0,1.0
297060,0,1,3400,-77,77,496,4.5,8.6,4.0,0.0,0.0,27,14,0.0,0.0,0.0,0.0,0.0,0.0,1.0
297309,0,1,3400,-77,77,492,4.5,9.0,4.0,0.0,0.0,27,14,0.0,0.0,0.0,0.0,0.0,0.0,1.0
297558,0,1,3400,-77,77,494,4.5,9.5,4.0,0.0,0.0,27,14,0.0,0.0,0.0,0.0,0.0,0.0,1.0
297807,0,1,3400,-76,76,491,4.5,9.6,4.0,0.0,0.0,27,14,0.0,0.0,0.0,0.0,0.0,0.0,1.0
298056,0,1,3400,-76,76,496,4.5,9.8,4.0,0.0,0.0,27,14,0.0,0.0,0.0,0.0,0.0,0.0,1.0
298305,0,1,3400,-76,76,501,4.5,10.0,4.0,0.0,0.0,27,14,0.0,0.0,0.0,0.0,0.0,0.0,1.0
298554,0,1,3400,-76,76,494,4.5,9.9,4.0,0.0,0.0,27,14,0.0,0.0,0.0,0.0,0.0,0.0,1.0
298803,0,1,3400,-76,76,491,4.5,10.0,4.0,0.0,0.0,27,14,0.0,0.0,0.0,0.0,0.0,0.0,1.0
299052,0,1,3400,-76,76,499,4.5,9.9,4.0,0.0,0.0,27,14,0.0,0.0,0.0,0.0,0.0,0.0,1.0
299301,0,1,3400,-76,76,497,4.5,9.9,4.0,0.0,0.0,27,14,0.0,0.0,0.0,0.0,0.0,0.0,1.0
299550,0,1,3400,-76,76,492,4.5,9.8,4.0,0.0,0.0,27,14,0.0,0.0,0.0,0.0,0.0,0.0,1.0
299799,0,1,3400,-76,76,491,4.5,10,4.0,0.0,0.0,27,14,0.0,0.0,0.0,0.0,0.0,0.0,1.0
300048,0,1,3400,-76,76,500,4.5,11,4.0,0.0,0.0,27,14,0.0,0.0,0.0,0.0,0.0,0.0,1.0
300297,0,1,3400,-76,76,497,4.5,10,4.0,0.0,0.0,27,14,0.0,0.0,0.0,0.0,0.0,0.0,1.0
300546,0,1,3400,-76,76,492,4.5,10,4.0,0.0,0.0,27,15,0.0,0.0,0.0,0.0,0.0,0.0,1.0
300795,0,1,3400,-75,75,498,4.5,10,4.0,0.0,0.0,27,14,0.0,0.0,0.0,0.0,0.0,0.0,1.0
301044,0,1,3400,-75,75,494,4.5,11,4.0,0.0,0.0,27,14,0.0,0.0,0.0,0.0,0.0,0.0,1.0
301293,0,1,3400,-75,75,491,4.5,11,4.0,0.0,0.0,27,14,0.0,0.0,0.0,0.0,0.0,0.0,1.0
301542,0,1,3400,-75,75,494,4.5,11,4.0,0.0,0.0,27,14,0.0,0.0,0.0,0.0,0.0,0.0,1.0
301791,0,1,3400,-75,75,498,7.8,11,3.4,0.0,100.000000,27,14,0.0,0.0,0.0,0.0,0.0,0.0,1.0
302040,0,1,3400,-75,75,496,14,11,2.2,0.0,0.0,27,14,0.0,0.0,0.0,0.0,0.0,0.0,1.0
302289,0,1,3400,-75,75,496,14,11,2.2,0.0,0.0,27,14,0.0,0.0,0.0,0.0,0.0,0.0,1.0
302538,0,1,3400,-75,75,495,14,11,2.2,0.0,0.0,27,14,0.0,0.0,0.0,0.0,0.0,0.0,1.0
302787,0,1,3400,-75,75,488,14,11,2.2,0.0,0.0,27,14,0.0,0.0,0.0,0.0,0.0,0.0,1.0
303036,0,1,3400,-75,75,491,14,11,2.2,0.0,0.0,27,14,0.0,0.0,0.0,0.0,0.0,0.0,1.0
303285,0,1,3400,-75,75,498,14,11,2.2,0.0,0.0,27,14,0.0,0.0,0.0,0.0,0.0,0.0,1.0
303534,0,1,3400,-75,75,496,14,12,2.2,0.0,0.0,27,14,0.0,0.0,0.0,0.0,0.0,0.0,1.0
303783,0,1,3400,-75,75,489,14,12,2.2,0.0,0.0,27,14,0.0,0.0,0.0,0.0,0.0,0.0,1.0
304032,0,1,3400,-74,74,492,14,12,2.2,0.0,0.0,27,14,0.0,0.0,0.0,0.0,0.0,0.0,1.0
304281,0,1,3400,-74,74,498,14,13,2.2,0.0,0.0,27,14,0.0,0.0,0.0,0.0,0.0,0.0,1.0
304530,0,1,3400,-74,74,498,14,13,2.2,0.0,0.0,27,14,0.0,0.0,0.0,0.0,0.0,0.0,1.0
304779,0,1,3400,-74,74,499,14,12,2.2,0.0,0.0,27,14,0.0,0.0,0.0,0.0,0.0,0.0,1.0
305028,0,1,3400,-73,73,498,14,13,2.2,0.0,0.0,27,14,0.0,0.0,0.0,0.0,0.0,0.0,1.0
305277,0,1,3400,-73,73,492,14,14,2.2,0.0,0.0,27,14,0.0,0.0,0.0,0.0,0.0,0.0,1.0
305526,0,1,3400,-73,73,493,14,14,2.2,0.0,0.0,27,14,0.0,0.0,0.0,0.0,0.0,0.0,1.0
305775,0,1,3400,-73,73,492,14,14,2.2,0.0,0.0,27,14,0.0,0.0,0.0,0.0,0.0,0.0,1.0
306024,0,1,3400,-73,73,494,14,14,2.2,0.0,0.0,27,14,0.0,0.0,0.0,0.0,0.0,0.0,1.0
306273,0,1,3400,-73,73,497,14,14,2.2,0.0,0.0,27,14,0.0,0.0,0.0,0.0,0.0,0.0,1.0
306522,0,1,3400,-73,73,494,14,14,2.2,0.0,0.0,27,14,0.0,0.0,0.0,0.0,0.0,0.0,1.0
306771,0,1,3400,-73,73,492,14,13,2.2,0.0,0.0,27,14,0.0,0.0,0.0,0.0,0.0,0.0,1.0
307020,0,1,3400,-72,72,496,14,13,2.2,0.0,0.0,27,14,0.0,0.0,0.0,0.0,0.0,0.0,1.0
307269,0,1,3400,-72,72,491,14,14,2.2,0.0,0.0,27,14,0.0,0.0,0.0,0.0,0.0,0.0,1.0
307518,0,1,3400,-72,72,493,15,14,2.2,0.0,0.0,27,15,0.0,0.0,0.0,0.0,0.0,0.0,1.0
307767,0,1,3400,-72,72,491,14,14,2.3,0.0,0.0,27,14,0.0,0.0,0.0,0.0,0.0,0.0,1.0
308016,0,1,3400,-71,71,493,14,14,2.2,0.0,0.0,27,14,0.0,0.0,0.0,0.0,0.0,0.0,1.0
308265,0,1,3400,-71,71,500,14,16,2.2,0.0,0.0,27,14,0.0,0.0,0.0,0.0,0.0,0.0,1.0
308514,0,1,3400,-72,72,500,14,14,2.2,0.0,0.0,27,14,0.0,0.0,0.0,0.0,0.0,0.0,1.0
308763,0,1,3400,-72,72,495,14,14,2.2,0.0,0.0,27,14,0.0,0.0,0.0,0.0,0.0,0.0,1.0
309012,0,1,3400,-72,72,490,14,14,2.2,0.0,0.0,27,14,0.0,0.0,0.0,0.0,0.0,0.0,1.0
309261,0,1,3400,-72,72,496,14,14,2.2,0.0,0.0,27,14,0.0,0.0,0.0,0.0,0.0,0.0,1.0
309510,0,1,3400,-72,72,493,14,13,2.2,0.0,0.0,27,14,0.0,0.0,0.0,0.0,0.0,0.0,1.0
309759,0,1,3400,-72,72,489,14,13,2.2,0.0,0.0,27,14,0.0,0.0,0.0,0.0,0.0,0.0,1.0
310008,0,1,3400,-72,72,490,14,14,2.2,0.0,0.0,27,14,0.0,0.0,0.0,0.0,0.0,0.0,1.0
310257,0,1,3400,-72,72,492,14,13,2.2,0.0,0.0,27,14,0.0,0.0,0.0,0.0,0.0,0.0,1.0
310506,0,1,3400,-73,73,494,14,13,2.2,0.0,0.0,27,14,0.0,0.0,0.0,0.0,0.0,0.0,1.0
310755,0,1,3400,-73,73,493,14,13,2.2,0.0,0.0,27,14,0.0,0.0,0.0,0.0,0.0,0.0,1.0
311004,0,1,3400,-73,73,492,14,13,2.2,0.0,0.0,27,14,0.0,0.0,0.0,0.0,0.0,0.0,1.0
311253,0,1,3400,-73,73,496,14,13,2.2,0.0,0.0,27,14,0.0,0.0,0.0,0.0,0.0,0.0,1.0
311502,0,1,3400,-73,73,493,14,13,2.2,0.0,0.0,27,14,0.0,0.0,0.0,0.0,0.0,0.0,1.0
311751,0,1,3400,-73,73,492,14,13,2.2,0.0,0.0,27,14,0.0,0.0,0.0,0.0,0.0,0.0,1.0
312000,0,1,3400,-72,72,495,14,13,2.2,0.0,0.0,27,14,0.0,0.0,0.0,0.0,0.0,0.0,1.0
312249,0,1,3400,-72,72,499,14,13,2.2,0.0,0.0,27,14,0.0,0.0,0.0,0.0,0.0,0.0,1.0
312498,0,1,3400,-73,73,500,14,13,2.2,0.0,0.0,27,14,0.0,0.0,0.0,0.0,0.0,0.0,1.0
312747,0,1,3400,-73,73,493,14,13,2.2,0.0,0.0,27,14,0.0,0.0,0.0,0.0,0.0,0.0,1.0
312996,0,1,3400,-73,73,490,14,13,2.2,0.0,0.0,27,14,0.0,0.0,0.0,0.0,0.0,0.0,1.0
313245,0,1,3400,-73,73,495,14,12,2.2,0.0,0.0,27,14,0.0,0.0,0.0,0.0,0.0,0.0,1.0
313494,0,1,3400,-73,73,496,15,12,2.2,0.0,0.0,27,15,0.0,0.0,0.0,0.0,0.0,0.0,1.0
313743,0,1,3400,-73,73,495,14,13,2.3,0.0,0.0,27,14,0.0,0.0,0.0,0.0,0.0,0.0,1.0
313992,0,1,3400,-73,73,495,14,12,2.2,0.0,0.0,27,14,0.0,0.0,0.0,0.0,0.0,0.0,1.0
314241,0,1,3400,-73,73,489,14,13,2.2,0.0,0.0,27,14,0.0,0.0,0.0,0.0,0.0,0.0,1.0
314490,0,1,3400,-73,73,489,14,13,2.2,0.0,0.0,27,14,0.0,0.0,0.0,0.0,0.0,0.0,1.0
314739,0,1,3400,-73,73,491,14,13,2.2,0.0,0.0,27,14,0.0,0.0,0.0,0.0,0.0,0.0,1.0
314988,0,1,3400,-72,72,498,14,13,2.2,0.0,0.0,27,14,0.0,0.0,0.0,0.0,0.0,0.0,1.0
315237,0,1,3400,-72,72,495,14,13,2.2,0.0,0.0,27,14,0.0,0.0,0.0,0.0,0.0,0.0,1.0
315486,0,1,3400,-72,72,496,14,13,2.2,0.0,0.0,27,14,0.0,0.0,0.0,0.0,0.0,0.0,1.0
315735,0,1,3400,-72,72,498,14,14,2.2,0.0,0.0,27,14,0.0,0.0,0.0,0.0,0.0,0.0,1.0
315984,0,1,3400,-72,72,496,14,14,2.2,0.0,0.0,27,14,0.0,0.0,0.0,0.0,0.0,0.0,1.0
316233,0,1,3400,-72,72,492,14,14,2.2,0.0,0.0,27,14,0.0,0.0,0.0,0.0,0.0,0.0,1.0
316482,0,1,3400,-72,72,494,14,13,2.2,0.0,0.0,27,14,0.0,0.0,0.0,0.0,0.0,0.0,1.0
316731,0,1,3400,-72,72,493,14,13,2.2,0.0,0.0,27,14,0.0,0.0,0.0,0.0,0.0,0.0,1.0
316980,0,1,3400,-72,72,493,14,13,2.2,0.0,0.0,27,14,0.0,0.0,0.0,0.0,0.0,0.0,1.0
317229,0,1,3400,-72,72,491,14,13,2.2,0.0,0.0,27,14,0.0,0.0,0.0,0.0,0.0,0.0,1.0
317478,0,1,3400,-72,72,489,14,13,2.2,0.0,0.0,27,14,0.0,0.0,0.0,0.0,0.0,0.0,1.0
317727,0,1,3400,-72,72,499,14,13,2.2,0.0,0.0,27,14,0.0,0.0,0.0,0.0,0.0,0.0,1.0
317976,0,1,3400,-72,72,501,14,13,2.2,0.0,0.0,27,14,0.0,0.0,0.0,0.0,0.0,0.0,1.0
318225,0,1,3400,-72,72,495,14,13,2.2,0.0,0.0,27,14,0.0,0.0,0.0,0.0,0.0,0.0,1.0
318474,0,1,3400,-72,72,488,14,13,2.2,0.0,0.0,27,14,0.0,0.0,0.0,0.0,0.0,0.0,1.0
318723,0,1,3400,-72,72,487,14,13,2.2,0.0,0.0,27,14,0.0,0.0,0.0,0.0,0.0,0.0,1.0
318972,0,1,3400,-72,72,492,14,13,2.2,0.0,0.0,27,14,0.0,0.0,0.0,0.0,0.0,0.0,1.0
319221,0,1,3400,-72,72,493,14,13,2.2,0.0,0.0,27,14,0.0,0.0,0.0,0.0,0.0,0.0,1.0
319470,0,1,3400,-72,72,489,14,14,2.2,0.0,0.0,27,14,0.0,0.0,0.0,0.0,0.0,0.0,1.0
319719,0,1,3400,-72,72,491,14,14,2.2,0.0,0.0,27,14,0.0,0.0,0.0,0.0,0.0,0.0,1.0
319968,0,1,3400,-72,72,498,14,14,2.2,0.0,0.0,27,14,0.0,0.0,0.0,0.0,0.0,0.0,1.0
320217,0,1,3400,-72,72,497,14,13,2.2,0.0,0.0,27,14,0.0,0.0,0.0,0.0,0.0,0.0,1.0
320466,0,1,3400,-72,72,491,14,14,2.2,0.0,0.0,27,14,0.0,0.0,0.0,0.0,0.0,0.0,1.0
320715,0,1,3400,-72,72,490,14,13,2.2,0.0,0.0,27,14,0.0,0.0,0.0,0.0,0.0,0.0,1.0
320964,0,1,3400,-72,72,498,14,13,2.2,0.0,0.0,27,14,0.0,0.0,0.0,0.0,0.0,0.0,1.0
321213,0,1,3400,-72,72,498,14,14,2.2,0.0,0.0,27,14,0.0,0.0,0.0,0.0,0.0,0.0,1.0
321462,0,1,3400,-72,72,496,14,14,2.2,0.0,0.0,27,14,0.0,0.0,0.0,0.0,0.0,0.0,1.0
321711,0,1,3400,-72,72,496,14,14,2.2,0.0,0.0,27,14,0.0,0.0,0.0,0.0,0.0,0.0,1.0
321960,0,1,3400,-71,71,490,14,14,2.2,0.0,0.0,27,14,0.0,0.0,0.0,0.0,0.0,0.0,1.0
322209,0,1,3400,-71,71,486,14,15,2.2,0.0,0.0,27,14,0.0,0.0,0.0,0.0,0.0,0.0,1.0
322458,0,1,3400,-71,71,489,14,15,2.2,0.0,0.0,27,14,0.0,0.0,0.0,0.0,0.0,0.0,1.0
322707,0,1,3400,-71,71,493,14,15,2.2,0.0,0.0,27,14,0.0,0.0,0.0,0.0,0.0,0.0,1.0
322956,0,1,3400,-70,70,493,14,15,2.2,0.0,0.0,27,14,0.0,0.0,0.0,0.0,0.0,0.0,1.0
323205,0,1,3400,-70,70,495,14,15,2.2,0.0,0.0,27,14,0.0,0.0,0.0,0.0,0.0,0.0,1.0
323454,0,1,3400,-71,71,495,14,15,2.2,0.0,0.0,27,14,0.0,0.0,0.0,0.0,0.0,0.0,1.0
323703,0,1,3400,-71,71,492,14,15,2.2,0.0,0.0,27,14,0.0,0.0,0.0,0.0,0.0,0.0,1.0
323952,0,1,3400,-71,71,491,14,15,2.2,0.0,0.0,27,14,0.0,0.0,0.0,0.0,0.0,0.0,1.0
324201,0,1,3400,-71,71,496,14,14,2.2,0.0,0.0,27,14,0.0,0.0,0.0,0.0,0.0,0.0,1.0
324450,0,1,3400,-71,71,494,14,15,2.2,0.0,0.0,27,14,0.0,0.0,0.0,0.0,0.0,0.0,1.0
324699,0,1,3400,-71,71,493,14,14,2.2,0.0,0.0,27,14,0.0,0.0,0.0,0.0,0.0,0.0,1.0
324948,0,1,3400,-71,71,495,14,15,2.2,0.0,0.0,27,14,0.0,0.0,0.0,0.0,0.0,0.0,1.0
325197,0,1,3400,-71,71,498,14,15,2.2,0.0,0.0,27,14,0.0,0.0,0.0,0.0,0.0,0.0,1.0
325446,0,1,3400,-71,71,498,14,14,2.2,0.0,0.0,27,14,0.0,0.0,0.0,0.0,0.0,0.0,1.0
325695,0,1,3400,-71,71,491,14,15,2.2,0.0,0.0,27,14,0.0,0.0,0.0,0.0,0.0,0.0,1.0
325944,0,1,3400,-71,71,488,14,14,2.2,0.0,0.0,27,14,0.0,0.0,0.0,0.0,0.0,0.0,1.0
326193,0,1,3400,-71,71,489,14,14,2.2,0.0,0.0,27,14,0.0,0.0,0.0,0.0,0.0,0.0,1.0
326442,0,1,3400,-71,71,490,15,15,2.2,0.0,0.0,27,15,0.0,0.0,0.0,0.0,0.0,0.0,1.0
326691,0,1,3400,-71,71,497,14,15,2.3,0.0,0.0,27,14,0.0,0.0,0.0,0.0,0.0,0.0,1.0
326940,0,1,3400,-70,70,500,14,15,2.2,0.0,0.0,27,14,0.0,0.0,0.0,0.0,0.0,0.0,1.0
327189,0,1,3400,-70,70,498,14,15,2.2,0.0,0.0,27,14,0.0,0.0,0.0,0.0,0.0,0.0,1.0
327438,0,1,3400,-71,71,495,14,15,2.2,0.0,0.0,27,14,0.0,0.0,0.0,0.0,0.0,0.0,1.0
327687,0,1,3400,-71,71,493,14,15,2.2,0.0,0.0,27,14,0.0,0.0,0.0,0.0,0.0,0.0,1.0
327936,0,1,3400,-71,71,497,14,14,2.2,0.0,0.0,27,14,0.0,0.0,0.0,0.0,0.0,0.0,1.0
328185,0,1,3400,-71,71,493,14,14,2.2,0.0,0.0,27,14,0.0,0.0,0.0,0.0,0.0,0.0,1.0
328434,0,1,3400,-71,71,493,14,14,2.2,0.0,0.0,27,14,0.0,0.0,0.0,0.0,0.0,0.0,1.0
328683,0,1,3400,-71,71,496,14,14,2.2,0.0,0.0,27,14,0.0,0.0,0.0,0.0,0.0,0.0,1.0
328932,0,1,3400,-71,71,497,14,14,2.2,0.0,0.0,27,14,0.0,0.0,0.0,0.0,0.0,0.0,1.0
329181,0,1,3400,-71,71,492,14,14,2.2,0.0,0.0,27,14,0.0,0.0,0.0,0.0,0.0,0.0,1.0
329430,0,1,3400,-72,72,491,14,14,2.2,0.0,0.0,27,14,0.0,0.0,0.0,0.0,0.0,0.0,1.0
329679,0,1,3400,-72,72,490,14,14,2.2,0.0,0.0,27,14,0.0,0.0,0.0,0.0,0.0,0.0,1.0
329928,0,1,3400,-72,72,490,14,14,2.2,0.0,0.0,27,14,0.0,0.0,0.0,0.0,0.0,0.0,1.0
330177,0,1,3400,-72,72,492,14,13,2.2,0.0,0.0,27,14,0.0,0.0,0.0,0.0,0.0,0.0,1.0
330426,0,1,3400,-72,72,499,14,13,2.2,0.0,0.0,27,14,0.0,0.0,0.0,0.0,0.0,0.0,1.0
330675,0,1,3400,-72,72,498,14,13,2.2,0.0,0.0,27,14,0.0,0.0,0.0,0.0,0.0,0.0,1.0
330924,0,1,3400,-72,72,497,14,13,2.2,0.0,0.0,27,14,0.0,0.0,0.0,0.0,0.0,0.0,1.0
331173,0,1,3400,-72,72,496,14,14,2.2,0.0,0.0,27,14,0.0,0.0,0.0,0.0,0.0,0.0,1.0
331422,0,1,3400,-72,72,496,14,15,2.2,0.0,0.0,27,14,0.0,0.0,0.0,0.0,0.0,0.0,1.0
331671,0,1,3400,-72,72,493,14,15,2.2,0.0,0.0,27,14,0.0,0.0,0.0,0.0,0.0,0.0,1.0
331920,0,1,3400,-72,72,495,14,15,2.2,0.0,0.0,27,14,0.0,0.0,0.0,0.0,0.0,0.0,1.0
332169,0,1,3400,-71,71,495,14,16,2.2,0.0,0.0,27,14,0.0,0.0,0.0,0.0,0.0,0.0,1.0
332418,0,1,3400,-71,71,494,14,15,2.2,0.0,0.0,27,14,0.0,0.0,0.0,0.0,0.0,0.0,1.0
332667,0,1,3400,-71,71,489,14,15,2.2,0.0,0.0,27,14,0.0,0.0,0.0,0.0,0.0,0.0,1.0
332916,0,1,3400,-71,71,488,14,16,2.2,0.0,0.0,27,14,0.0,0.0,0.0,0.0,0.0,0.0,1.0
333165,0,1,3400,-71,71,495,14,15,2.2,0.0,0.0,27,14,0.0,0.0,0.0,0.0,0.0,0.0,1.0
333414,0,1,3400,-71,71,492,14,15,2.2,0.0,0.0,27,14,0.0,0.0,0.0,0.0,0.0,0.0,1.0
333663,0,1,3400,-71,71,494,15,16,2.2,0.0,0.0,27,15,0.0,0.0,0.0,0.0,0.0,0.0,1.0
333912,0,1,3400,-71,71,497,14,16,2.3,0.0,0.0,27,14,0.0,0.0,0.0,0.0,0.0,0.0,1.0
334161,0,1,3400,-70,70,496,14,16,2.2,0.0,0.0,27,14,0.0,0.0,0.0,0.0,0.0,0.0,1.0
334410,0,1,3400,-70,70,488,14,16,2.2,0.0,0.0,27,14,0.0,0.0,0.0,0.0,0.0,0.0,1.0
334659,0,1,3400,-70,70,489,14,17,2.2,0.0,0.0,27,14,0.0,0.0,0.0,0.0,0.0,0.0,1.0
334908,0,1,3400,-70,70,496,14,17,2.2,0.0,0.0,27,14,0.0,0.0,0.0,0.0,0.0,0.0,1.0
335157,0,1,3400,-70,70,499,14,17,2.2,0.0,0.0,27,14,0.0,0.0,0.0,0.0,0.0,0.0,1.0
335406,0,1,3400,-70,70,492,14,17,2.2,0.0,0.0,27,14,0.0,0.0,0.0,0.0,0.0,0.0,1.0
335655,0,1,3400,-70,70,491,14,17,2.2,0.0,0.0,27,14,0.0,0.0,0.0,0.0,0.0,0.0,1.0
335904,0,1,3400,-70,70,497,14,17,2.2,0.0,0.0,27,14,0.0,0.0,0.0,0.0,0.0,0.0,1.0
336153,0,1,3400,-70,70,500,14,16,2.2,0.0,0.0,27,14,0.0,0.0,0.0,0.0,0.0,0.0,1.0
336402,0,1,3400,-70,70,498,14,16,2.2,0.0,0.0,27,14,0.0,0.0,0.0,0.0,0.0,0.0,1.0
336651,0,1,3400,-70,70,488,14,16,2.2,0.0,0.0,27,14,0.0,0.0,0.0,0.0,0.0,0.0,1.0
336900,0,1,3400,-70,70,489,14,16,2.2,0.0,0.0,27,14,0.0,0.0,0.0,0.0,0.0,0.0,1.0
337149,0,1,3400,-70,70,491,14,16,2.2,0.0,0.0,27,14,0.0,0.0,0.0,0.0,0.0,0.0,1.0
337398,0,1,3400,-70,70,494,14,17,2.2,0.0,0.0,27,14,0.0,0.0,0.0,0.0,0.0,0.0,1.0
337647,0,1,3400,-70,70,491,14,17,2.2,0.0,0.0,27,14,0.0,0.0,0.0,0.0,0.0,0.0,1.0
337896,0,1,3400,-70,70,487,14,17,2.2,0.0,0.0,27,14,0.0,0.0,0.0,0.0,0.0,0.0,1.0
338145,0,1,3400,-69,69,491,14,17,2.2,0.0,0.0,27,14,0.0,0.0,0.0,0.0,0.0,0.0,1.0
338394,0,1,3400,-69,69,496,14,17,2.2,0.0,0.0,27,14,0.0,0.0,0.0,0.0,0.0,0.0,1.0
338643,0,1,3400,-69,69,491,14,17,2.2,0.0,0.0,27,14,0.0,0.0,0.0,0.0,0.0,0.0,1.0
338892,0,1,3400,-69,69,485,14,17,2.2,0.0,0.0,27,14,0.0,0.0,0.0,0.0,0.0,0.0,1.0
339141,0,1,3400,-69,69,494,14,17,2.2,0.0,0.0,27,14,0.0,0.0,0.0,0.0,0.0,0.0,1.0
339390,0,1,3400,-69,69,492,15,17,2.2,0.0,0.0,27,15,0.0,0.0,0.0,0.0,0.0,0.0,1.0
339639,0,1,3400,-69,69,496,14,17,2.3,0.0,0.0,27,14,0.0,0.0,0.0,0.0,0.0,0.0,1.0
339888,0,1,3400,-69,69,494,14,17,2.2,0.0,0.0,27,14,0.0,0.0,0.0,0.0,0.0,0.0,1.0
340137,0,1,3400,-70,70,496,14,17,2.2,0.0,0.0,27,14,0.0,0.0,0.0,0.0,0.0,0.0,1.0
340386,0,1,3400,-70,70,492,14,16,2.2,0.0,0.0,27,14,0.0,0.0,0.0,0.0,0.0,0.0,1.0
340635,0,1,3400,-70,70,494,14,17,2.2,0.0,0.0,27,14,0.0,0.0,0.0,0.0,0.0,0.0,1.0
340884,0,1,3400,-70,70,502,14,16,2.2,0.0,0.0,27,14,0.0,0.0,0.0,0.0,0.0,0.0,1.0
341133,0,1,3400,-71,71,498,14,16,2.2,0.0,0.0,27,14,0.0,0.0,0.0,0.0,0.0,0.0,1.0
341382,0,1,3400,-71,71,495,14,16,2.2,0.0,0.0,27,14,0.0,0.0,0.0,0.0,0.0,0.0,1.0
341631,0,1,3400,-71,71,493,14,16,2.2,0.0,0.0,27,14,0.0,0.0,0.0,0.0,0.0,0.0,1.0
341880,0,1,3400,-71,71,489,14,15,2.2,0.0,0.0,27,14,0.0,0.0,0.0,0.0,0.0,0.0,1.0
342129,0,1,3400,-71,71,491,14,15,2.2,0.0,0.0,27,14,0.0,0.0,0.0,0.0,0.0,0.0,1.0
342378,0,1,3400,-71,71,493,14,15,2.2,0.0,0.0,27,14,0.0,0.0,0.0,0.0,0.0,0.0,1.0
342627,0,1,3400,-71,71,488,14,15,2.2,0.0,0.0,27,14,0.0,0.0,0.0,0.0,0.0,0.0,1.0
342876,0,1,3400,-71,71,492,14,15,2.2,0.0,0.0,27,14,0.0,0.0,0.0,0.0,0.0,0.0,1.0
343125,0,1,3400,-71,71,498,14,15,2.2,0.0,0.0,27,14,0.0,0.0,0.0,0.0,0.0,0.0,1.0
343374,0,1,3400,-72,72,500,14,15,2.2,0.0,0.0,27,14,0.0,0.0,0.0,0.0,0.0,0.0,1.0
343623,0,1,3400,-72,72,496,14,15,2.2,0.0,0.0,27,14,0.0,0.0,0.0,0.0,0.0,0.0,1.0
343872,0,1,3400,-72,72,489,14,14,2.2,0.0,0.0,27,14,0.0,0.0,0.0,0.0,0.0,0.0,1.0
344121,0,1,3400,-72,72,487,15,14,2.2,0.0,0.0,27,15,0.0,0.0,0.0,0.0,0.0,0.0,1.0
344370,0,1,3400,-72,72,486,14,14,2.3,0.0,0.0,27,14,0.0,0.0,0.0,0.0,0.0,0.0,1.0
344619,0,1,3400,-72,72,495,14,14,2.2,0.0,0.0,27,14,0.0,0.0,0.0,0.0,0.0,0.0,1.0
344868,0,1,3400,-72,72,491,14,14,2.2,0.0,0.0,27,14,0.0,0.0,0.0,0.0,0.0,0.0,1.0
345117,0,1,3400,-72,72,488,14,14,2.2,0.0,0.0,27,14,0.0,0.0,0.0,0.0,0.0,0.0,1.0
345366,0,1,3400,-73,73,494,15,14,2.2,0.0,0.0,27,15,0.0,0.0,0.0,0.0,0.0,0.0,1.0
345615,0,1,3400,-73,73,493,14,14,2.3,0.0,0.0,27,14,0.0,0.0,0.0,0.0,0.0,0.0,1.0
345864,0,1,3400,-73,73,490,14,14,2.2,0.0,0.0,27,14,0.0,0.0,0.0,0.0,0.0,0.0,1.0
346113,0,1,3400,-73,73,494,14,13,2.2,0.0,0.0,27,14,0.0,0.0,0.0,0.0,0.0,0.0,1.0
346362,0,1,3400,-74,74,495,15,13,2.2,0.0,0.0,27,15,0.0,0.0,0.0,0.0,0.0,0.0,1.0
346611,0,1,3400,-74,74,486,14,13,2.3,0.0,0.0,27,14,0.0,0.0,0.0,0.0,0.0,0.0,1.0
346860,0,1,3400,-74,74,493,14,13,2.2,0.0,0.0,27,14,0.0,0.0,0.0,0.0,0.0,0.0,1.0
347109,0,1,3400,-74,74,494,14,13,2.2,0.0,0.0,27,14,0.0,0.0,0.0,0.0,0.0,0.0,1.0
347358,0,1,3400,-74,74,498,14,13,2.2,0.0,0.0,27,14,0.0,0.0,0.0,0.0,0.0,0.0,1.0
347607,0,1,3400,-74,74,494,14,13,2.2,0.0,0.0,27,14,0.0,0.0,0.0,0.0,0.0,0.0,1.0
347856,0,1,3400,-73,73,493,14,13,2.2,0.0,0.0,27,14,0.0,0.0,0.0,0.0,0.0,0.0,1.0
348105,0,1,3400,-73,73,493,14,13,2.2,0.0,0.0,27,14,0.0,0.0,0.0,0.0,0.0,0.0,1.0
348354,0,1,3400,-74,74,488,14,13,2.2,0.0,0.0,27,14,0.0,0.0,0.0,0.0,0.0,0.0,1.0
348603,0,1,3400,-74,74,493,14,13,2.2,0.0,0.0,27,14,0.0,0.0,0.0,0.0,0.0,0.0,1.0
348852,0,1,3400,-74,74,493,14,13,2.2,0.0,0.0,27,14,0.0,0.0,0.0,0.0,0.0,0.0,1.0
349101,0,1,3400,-74,74,489,14,12,2.2,0.0,0.0,27,14,0.0,0.0,0.0,0.0,0.0,0.0,1.0
349350,0,1,3400,-74,74,490,14,12,2.2,0.0,0.0,27,14,0.0,0.0,0.0,0.0,0.0,0.0,1.0
349599,0,1,3400,-74,74,495,14,12,2.2,0.0,0.0,27,14,0.0,0.0,0.0,0.0,0.0,0.0,1.0
349848,0,1,3400,-74,74,491,14,12,2.2,0.0,0.0,27,14,0.0,0.0,0.0,0.0,0.0,0.0,1.0
350097,0,1,3400,-74,74,497,14,12,2.2,0.0,0.0,27,14,0.0,0.0,0.0,0.0,0.0,0.0,1.0
350346,0,1,3400,-74,74,497,14,12,2.2,0.0,0.0,27,14,0.0,0.0,0.0,0.0,0.0,0.0,1.0
350595,0,1,3400,-74,74,492,14,12,2.2,0.0,0.0,27,14,0.0,0.0,0.0,0.0,0.0,0.0,1.0
350844,0,1,3400,-74,74,495,14,13,2.2,0.0,0.0,27,14,0.0,0.0,0.0,0.0,0.0,0.0,1.0
351093,0,1,3400,-74,74,491,14,12,2.2,0.0,0.0,27,14,0.0,0.0,0.0,0.0,0.0,0.0,1.0
351342,0,1,3400,-74,74,489,14,12,2.2,0.0,0.0,27,14,0.0,0.0,0.0,0.0,0.0,0.0,1.0
351591,0,1,3400,-74,74,497,14,12,2.2,0.0,0.0,27,14,0.0,0.0,0.0,0.0,0.0,0.0,1.0
351840,0,1,3400,-74,74,498,14,12,2.2,0.0,0.0,27,14,0.0,0.0,0.0,0.0,0.0,0.0,1.0
352089,0,1,3400,-74,74,495,14,12,2.2,0.0,0.0,27,14,0.0,0.0,0.0,0.0,0.0,0.0,1.0
352338,0,1,3400,-75,75,495,14,12,2.2,0.0,0.0,27,14,0.0,0.0,0.0,0.0,0.0,0.0,1.0
352587,0,1,3400,-75,75,492,14,12,2.2,0.0,0.0,27,14,0.0,0.0,0.0,0.0,0.0,0.0,1.0
352836,0,1,3400,-75,75,490,14,12,2.2,0.0,0.0,27,14,0.0,0.0,0.0,0.0,0.0,0.0,1.0
353085,0,1,3400,-75,75,488,14,11,2.2,0.0,0.0,27,14,0.0,0.0,0.0,0.0,0.0,0.0,1.0
353334,0,1,3400,-75,75,486,15,11,2.2,0.0,0.0,27,15,0.0,0.0,0.0,0.0,0.0,0.0,1.0
353583,0,1,3400,-75,75,487,14,11,2.3,0.0,0.0,27,14,0.0,0.0,0.0,0.0,0.0,0.0,1.0
353832,0,1,3400,-75,75,494,14,11,2.2,0.0,0.0,27,14,0.0,0.0,0.0,0.0,0.0,0.0,1.0
354081,0,1,3400,-75,75,496,14,11,2.2,0.0,0.0,27,14,0.0,0.0,0.0,0.0,0.0,0.0,1.0
354330,0,1,3400,-75,75,494,14,11,2.2,0.0,0.0,27,14,0.0,0.0,0.0,0.0,0.0,0.0,1.0
354579,0,1,3400,-75,75,494,14,11,2.2,0.0,0.0,27,14,0.0,0.0,0.0,0.0,0.0,0.0,1.0
354828,0,1,3400,-75,75,494,14,11,2.2,0.0,0.0,27,14,0.0,0.0,0.0,0.0,0.0,0.0,1.0
355077,0,1,3400,-75,75,494,14,11,2.2,0.0,0.0,27,14,0.0,0.0,0.0,0.0,0.0,0.0,1.0
355326,0,1,3400,-75,75,500,14,12,2.2,0.0,0.0,27,14,0.0,0.0,0.0,0.0,0.0,0.0,1.0
355575,0,1,3400,-75,75,494,14,12,2.2,0.0,0.0,27,14,0.0,0.0,0.0,0.0,0.0,0.0,1.0
355824,0,1,3400,-75,75,488,14,11,2.2,0.0,0.0,27,14,0.0,0.0,0.0,0.0,0.0,0.0,1.0
356073,0,1,3400,-75,75,490,14,11,2.2,0.0,0.0,27,14,0.0,0.0,0.0,0.0,0.0,0.0,1.0
356322,0,1,3400,-75,75,490,14,11,2.2,0.0,0.0,27,14,0.0,0.0,0.0,0.0,0.0,0.0,1.0
356571,0,1,3400,-75,75,491,14,11,2.2,0.0,0.0,27,14,0.0,0.0,0.0,0.0,0.0,0.0,1.0
356820,0,1,3400,-75,75,491,14,11,2.2,0.0,0.0,27,14,0.0,0.0,0.0,0.0,0.0,0.0,1.0
357069,0,1,3400,-75,75,491,14,11,2.2,0.0,0.0,27,14,0.0,0.0,0.0,0.0,0.0,0.0,1.0
357318,0,1,3400,-75,75,487,14,11,2.2,0.0,0.0,27,14,0.0,0.0,0.0,0.0,0.0,0.0,1.0
357567,0,1,3400,-76,76,488,14,11,2.2,0.0,0.0,27,14,0.0,0.0,0.0,0.0,0.0,0.0,1.0
357816,0,1,3400,-76,76,494,14,11,2.2,0.0,0.0,27,14,0.0,0.0,0.0,0.0,0.0,0.0,1.0
358065,0,1,3400,-76,76,493,14,11,2.2,0.0,0.0,27,14,0.0,0.0,0.0,0.0,0.0,0.0,1.0
358314,0,1,3400,-76,76,492,15,11,2.2,0.0,0.0,27,15,0.0,0.0,0.0,0.0,0.0,0.0,1.0
358563,0,1,3400,-75,75,496,14,11,2.3,0.0,0.0,27,14,0.0,0.0,0.0,0.0,0.0,0.0,1.0
358812,0,1,3400,-75,75,498,14,11,2.2,0.0,0.0,27,14,0.0,0.0,0.0,0.0,0.0,0.0,1.0
359061,0,1,3400,-75,75,496,14,11,2.2,0.0,0.0,27,14,0.0,0.0,0.0,0.0,0.0,0.0,1.0
359310,0,1,3400,-75,75,487,15,11,2.2,0.0,0.0,27,15,0.0,0.0,0.0,0.0,0.0,0.0,1.0
359559,0,1,3400,-75,75,488,14,11,2.3,0.0,0.0,27,14,0.0,0.0,0.0,0.0,0.0,0.0,1.0
359808,0,1,3400,-75,75,489,15,11,2.2,0.0,0.0,27,15,0.0,0.0,0.0,0.0,0.0,0.0,1.0
360057,0,1,3400,-75,75,494,14,12,2.3,0.0,0.0,27,14,0.0,0.0,0.0,0.0,0.0,0.0,1.0
360306,0,1,3400,-75,75,495,14,12,2.2,0.0,0.0,27,14,0.0,0.0,0.0,0.0,0.0,0.0,1.0
360555,0,1,3400,-75,75,499,14,12,2.2,0.0,0.0,27,14,0.0,0.0,0.0,0.0,0.0,0.0,1.0
360804,0,1,3400,-74,74,494,14,12,2.2,0.0,0.0,27,14,0.0,0.0,0.0,0.0,0.0,0.0,1.0
361053,0,1,3400,-74,74,488,14,12,2.2,0.0,0.0,27,14,0.0,0.0,0.0,0.0,0.0,0.0,1.0
361302,0,1,3400,-74,74,485,14,12,2.2,0.0,0.0,27,14,0.0,0.0,0.0,0.0,0.0,0.0,1.0
361551,0,1,3400,-74,74,489,14,12,2.2,0.0,0.0,27,14,0.0,0.0,0.0,0.0,0.0,0.0,1.0
361800,0,1,3400,-74,74,494,14,12,2.2,0.0,0.0,27,14,0.0,0.0,0.0,0.0,0.0,0.0,1.0
362049,0,1,3400,-74,74,488,14,12,2.2,0.0,0.0,27,14,0.0,0.0,0.0,0.0,0.0,0.0,1.0
362298,0,1,3400,-74,74,488,14,12,2.2,0.0,0.0,27,14,0.0,0.0,0.0,0.0,0.0,0.0,1.0
362547,0,1,3400,-74,74,495,14,12,2.2,0.0,0.0,27,14,0.0,0.0,0.0,0.0,0.0,0.0,1.0
362796,0,1,3400,-74,74,492,14,12,2.2,0.0,0.0,27,14,0.0,0.0,0.0,0.0,0.0,0.0,1.0
363045,0,1,3400,-74,74,486,14,12,2.2,0.0,0.0,27,14,0.0,0.0,0.0,0.0,0.0,0.0,1.0
363294,0,1,3400,-74,74,491,14,12,2.2,0.0,0.0,27,14,0.0,0.0,0.0,0.0,0.0,0.0,1.0
363543,0,1,3400,-74,74,490,14,12,2.2,0.0,0.0,27,14,0.0,0.0,0.0,0.0,0.0,0.0,1.0
363792,0,1,3400,-74,74,487,14,12,2.2,0.0,0.0,27,14,0.0,0.0,0.0,0.0,0.0,0.0,1.0
364041,0,1,3400,-74,74,489,14,12,2.2,0.0,0.0,27,14,0.0,0.0,0.0,0.0,0.0,0.0,1.0
364290,0,1,3400,-74,74,493,14,12,2.2,0.0,0.0,27,14,0.0,0.0,0.0,0.0,0.0,0.0,1.0
364539,0,1,3400,-74,74,494,14,12,2.2,0.0,0.0,27,14,0.0,0.0,0.0,0.0,0.0,0.0,1.0
364788,0,1,3400,-74,74,492,14,12,2.2,0.0,0.0,27,14,0.0,0.0,0.0,0.0,0.0,0.0,1.0
365037,0,1,3400,-74,74,491,14,12,2.2,0.0,0.0,27,14,0.0,0.0,0.0,0.0,0.0,0.0,1.0
365286,0,1,3400,-74,74,494,14,12,2.2,0.0,0.0,27,14,0.0,0.0,0.0,0.0,0.0,0.0,1.0
365535,0,1,3400,-74,74,494,14,13,2.2,0.0,0.0,27,14,0.0,0.0,0.0,0.0,0.0,0.0,1.0
365784,0,1,3400,-73,73,492,14,13,2.2,0.0,0.0,27,14,0.0,0.0,0.0,0.0,0.0,0.0,1.0
366033,0,1,3400,-73,73,493,15,13,2.2,0.0,0.0,27,15,0.0,0.0,0.0,0.0,0.0,0.0,1.0
366282,0,1,3400,-73,73,497,14,13,2.2,0.0,0.0,27,14,0.0,0.0,0.0,0.0,0.0,0.0,1.0
366531,0,1,3400,-73,73,495,14,13,2.3,0.0,0.0,27,14,0.0,0.0,0.0,0.0,0.0,0.0,1.0
366780,0,1,3400,-73,73,489,14,13,2.2,0.0,0.0,27,14,0.0,0.0,0.0,0.0,0.0,0.0,1.0
367029,0,1,3400,-73,73,489,14,13,2.2,0.0,0.0,27,14,0.0,0.0,0.0,0.0,0.0,0.0,1.0
367278,0,1,3400,-73,73,494,14,13,2.2,0.0,0.0,27,14,0.0,0.0,0.0,0.0,0.0,0.0,1.0
367527,0,1,3400,-73,73,491,14,13,2.3,0.0,0.0,27,14,0.0,0.0,0.0,0.0,0.0,0.0,1.0
367776,0,1,3400,-73,73,490,14,13,2.2,0.0,0.0,27,14,0.0,0.0,0.0,0.0,0.0,0.0,1.0
368025,0,1,3400,-73,73,494,14,13,2.2,0.0,0.0,27,14,0.0,0.0,0.0,0.0,0.0,0.0,1.0
368274,0,1,3400,-74,74,496,14,13,2.2,0.0,0.0,27,14,0.0,0.0,0.0,0.0,0.0,0.0,1.0
368523,0,1,3400,-74,74,487,14,12,2.2,0.0,0.0,27,14,0.0,0.0,0.0,0.0,0.0,0.0,1.0
368772,0,1,3400,-74,74,492,14,12,2.2,0.0,0.0,27,14,0.0,0.0,0.0,0.0,0.0,0.0,1.0
369021,0,1,3400,-74,74,487,14,12,2.2,0.0,0.0,27,14,0.0,0.0,0.0,0.0,0.0,0.0,1.0
369270,0,1,3400,-74,74,486,14,12,2.2,0.0,0.0,27,14,0.0,0.0,0.0,0.0,0.0,0.0,1.0
369519,0,1,3400,-74,74,491,14,13,2.2,0.0,0.0,27,14,0.0,0.0,0.0,0.0,0.0,0.0,1.0
369768,0,1,3400,-73,73,495,14,13,2.2,0.0,0.0,27,14,0.0,0.0,0.0,0.0,0.0,0.0,1.0
370017,0,1,3400,-73,73,492,14,13,2.2,0.0,0.0,27,14,0.0,0.0,0.0,0.0,0.0,0.0,1.0
370266,0,1,3400,-73,73,497,14,13,2.2,0.0,0.0,27,14,0.0,0.0,0.0,0.0,0.0,0.0,1.0
370515,0,1,3400,-73,73,489,14,13,2.2,0.0,0.0,27,14,0.0,0.0,0.0,0.0,0.0,0.0,1.0
370764,0,1,3400,-73,73,492,14,13,2.2,0.0,0.0,27,14,0.0,0.0,0.0,0.0,0.0,0.0,1.0
371013,0,1,3400,-73,73,494,14,13,2.2,0.0,0.0,27,14,0.0,0.0,0.0,0.0,0.0,0.0,1.0
371262,0,1,3400,-73,73,494,14,13,2.2,0.0,0.0,27,14,0.0,0.0,0.0,0.0,0.0,0.0,1.0
371511,0,1,3400,-73,73,495,14,13,2.2,0.0,0.0,27,14,0.0,0.0,0.0,0.0,0.0,0.0,1.0
371760,0,1,3400,-73,73,495,14,13,2.2,0.0,0.0,27,14,0.0,0.0,0.0,0.0,0.0,0.0,1.0
372009,0,1,3400,-73,73,494,14,13,2.2,0.0,0.0,27,14,0.0,0.0,0.0,0.0,0.0,0.0,1.0
372258,0,1,3400,-73,73,491,15,13,2.2,0.0,0.0,27,15,0.0,0.0,0.0,0.0,0.0,0.0,1.0
372507,0,1,3400,-73,73,489,14,13,2.3,0.0,0.0,27,14,0.0,0.0,0.0,0.0,0.0,0.0,1.0
372756,0,1,3400,-73,73,493,14,13,2.2,0.0,0.0,27,14,0.0,0.0,0.0,0.0,0.0,0.0,1.0
373005,0,1,3400,-73,73,489,14,13,2.2,0.0,0.0,27,14,0.0,0.0,0.0,0.0,0.0,0.0,1.0
373254,0,1,3400,-73,73,487,14,13,2.2,0.0,0.0,27,14,0.0,0.0,0.0,0.0,0.0,0.0,1.0
373503,0,1,3400,-73,73,492,14,13,2.2,0.0,0.0,27,14,0.0,0.0,0.0,0.0,0.0,0.0,1.0
373752,0,1,3400,-73,73,491,14,13,2.2,0.0,0.0,27,14,0.0,0.0,0.0,0.0,0.0,0.0,1.0
374001,0,1,3400,-73,73,492,14,13,2.2,0.0,0.0,27,14,0.0,0.0,0.0,0.0,0.0,0.0,1.0
374250,0,1,3400,-73,73,494,14,13,2.2,0.0,0.0,27,14,0.0,0.0,0.0,0.0,0.0,0.0,1.0
374499,0,1,3400,-73,73,492,14,13,2.2,0.0,0.0,27,14,0.0,0.0,0.0,0.0,0.0,0.0,1.0
374748,0,1,3400,-73,73,485,14,13,2.2,0.0,0.0,27,14,0.0,0.0,0.0,0.0,0.0,0.0,1.0
374997,0,1,3400,-73,73,491,14,13,2.2,0.0,0.0,27,14,0.0,0.0,0.0,0.0,0.0,0.0,1.0
375246,0,1,3400,-73,73,497,14,13,2.2,0.0,0.0,27,14,0.0,0.0,0.0,0.0,0.0,0.0,1.0
375495,0,1,3400,-73,73,491,14,13,2.2,0.0,0.0,27,14,0.0,0.0,0.0,0.0,0.0,0.0,1.0
375744,0,1,3400,-73,73,491,14,13,2.2,0.0,0.0,27,14,0.0,0.0,0.0,0.0,0.0,0.0,1.0
375993,0,1,3400,-73,73,493,14,13,2.2,0.0,0.0,27,14,0.0,0.0,0.0,0.0,0.0,0.0,1.0
376242,0,1,3400,-73,73,492,14,13,2.2,0.0,0.0,27,14,0.0,0.0,0.0,0.0,0.0,0.0,1.0
376491,0,1,3400,-73,73,489,14,13,2.2,0.0,0.0,27,14,0.0,0.0,0.0,0.0,0.0,0.0,1.0
376740,0,1,3400,-73,73,486,14,13,2.2,0.0,0.0,27,14,0.0,0.0,0.0,0.0,0.0,0.0,1.0
376989,0,1,3400,-73,73,490,14,13,2.2,0.0,0.0,27,14,0.0,0.0,0.0,0.0,0.0,0.0,1.0
377238,0,1,3400,-73,73,491,14,13,2.2,0.0,0.0,27,14,0.0,0.0,0.0,0.0,0.0,0.0,1.0
377487,0,1,3400,-73,73,497,14,13,2.2,0.0,0.0,27,14,0.0,0.0,0.0,0.0,0.0,0.0,1.0
377736,0,1,3400,-73,73,491,14,13,2.2,0.0,0.0,27,14,0.0,0.0,0.0,0.0,0.0,0.0,1.0
377985,0,1,3400,-73,73,489,14,13,2.2,0.0,0.0,27,14,0.0,0.0,0.0,0.0,0.0,0.0,1.0
378234,0,1,3400,-73,73,494,14,13,2.2,0.0,0.0,27,14,0.0,0.0,0.0,0.0,0.0,0.0,1.0
378483,0,1,3400,-73,73,492,14,13,2.2,0.0,0.0,27,14,0.0,0.0,0.0,0.0,0.0,0.0,1.0
378732,0,1,3400,-72,72,493,14,14,2.2,0.0,0.0,27,14,0.0,0.0,0.0,0.0,0.0,0.0,1.0
378981,0,1,3400,-72,72,497,14,14,2.2,0.0,0.0,27,14,0.0,0.0,0.0,0.0,0.0,0.0,1.0
379230,0,1,3400,-72,72,495,15,14,2.2,0.0,0.0,27,15,0.0,0.0,0.0,0.0,0.0,0.0,1.0
379479,0,1,3400,-72,72,491,14,13,2.3,0.0,0.0,27,14,0.0,0.0,0.0,0.0,0.0,0.0,1.0
379728,0,1,3400,-72,72,496,14,13,2.2,0.0,0.0,27,14,0.0,0.0,0.0,0.0,0.0,0.0,1.0
379977,0,1,3400,-72,72,494,14,14,2.2,0.0,0.0,27,14,0.0,0.0,0.0,0.0,0.0,0.0,1.0
380226,0,1,3400,-72,72,490,14,13,2.2,0.0,0.0,27,14,0.0,0.0,0.0,0.0,0.0,0.0,1.0
380475,0,1,3400,-72,72,493,14,14,2.2,0.0,0.0,27,14,0.0,0.0,0.0,0.0,0.0,0.0,1.0
380724,0,1,3400,-72,72,494,14,14,2.2,0.0,0.0,27,14,0.0,0.0,0.0,0.0,0.0,0.0,1.0
380973,0,1,3400,-72,72,489,14,14,2.2,0.0,0.0,27,14,0.0,0.0,0.0,0.0,0.0,0.0,1.0
381222,0,1,3400,-73,73,496,14,13,2.2,0.0,0.0,27,14,0.0,0.0,0.0,0.0,0.0,0.0,1.0
381471,0,1,3400,-73,73,498,14,13,2.2,0.0,0.0,27,14,0.0,0.0,0.0,0.0,0.0,0.0,1.0
381720,0,1,3400,-73,73,494,14,13,2.2,0.0,0.0,27,14,0.0,0.0,0.0,0.0,0.0,0.0,1.0
381969,0,1,3400,-73,73,489,14,13,2.2,0.0,0.0,27,14,0.0,0.0,0.0,0.0,0.0,0.0,1.0
382218,0,1,3400,-73,73,491,14,12,2.2,0.0,0.0,27,14,0.0,0.0,0.0,0.0,0.0,0.0,1.0
382467,0,1,3400,-74,74,488,14,12,2.2,0.0,0.0,27,14,0.0,0.0,0.0,0.0,0.0,0.0,1.0
382716,0,1,3400,-74,74,488,14,12,2.2,0.0,0.0,27,14,0.0,0.0,0.0,0.0,0.0,0.0,1.0
382965,0,1,3400,-74,74,495,14,12,2.2,0.0,0.0,27,14,0.0,0.0,0.0,0.0,0.0,0.0,1.0
383214,0,1,3400,-74,74,490,14,11,2.2,0.0,0.0,27,14,0.0,0.0,0.0,0.0,0.0,0.0,1.0
383463,0,1,3400,-75,75,487,14,11,2.2,0.0,0.0,27,14,0.0,0.0,0.0,0.0,0.0,0.0,1.0
383712,0,1,3400,-75,75,488,14,11,2.2,0.0,0.0,27,14,0.0,0.0,0.0,0.0,0.0,0.0,1.0
383961,0,1,3400,-75,75,488,14,10,2.2,0.0,0.0,27,14,0.0,0.0,0.0,0.0,0.0,0.0,1.0
384210,0,1,3400,-75,75,491,14,10,2.2,0.0,0.0,27,14,0.0,0.0,0.0,0.0,0.0,0.0,1.0
384459,0,1,3400,-76,76,492,14,10,2.2,0.0,0.0,27,14,0.0,0.0,0.0,0.0,0.0,0.0,1.0
384708,0,1,3400,-76,76,491,14,9.9,2.2,0.0,0.0,27,14,0.0,0.0,0.0,0.0,0.0,0.0,1.0
384957,0,1,3400,-76,76,491,14,9.8,2.2,0.0,0.0,27,14,0.0,0.0,0.0,0.0,0.0,0.0,1.0
385206,0,1,3400,-76,76,490,14,9.6,2.2,0.0,0.0,27,14,0.0,0.0,0.0,0.0,0.0,0.0,1.0
385455,0,1,3400,-76,76,488,14,9.4,2.2,0.0,0.0,27,14,0.0,0.0,0.0,0.0,0.0,0.0,1.0
385704,0,1,3400,-77,77,488,15,9.2,2.2,0.0,0.0,27,15,0.0,0.0,0.0,0.0,0.0,0.0,1.0
385953,0,1,3400,-77,77,494,14,9.0,2.3,0.0,0.0,27,14,0.0,0.0,0.0,0.0,0.0,0.0,1.0
386202,0,1,3400,-76,76,490,14,9.4,2.2,0.0,0.0,27,14,0.0,0.0,0.0,0.0,0.0,0.0,1.0
386451,0,1,3400,-76,76,490,14,9.1,2.2,0.0,0.0,27,14,0.0,0.0,0.0,0.0,0.0,0.0,1.0
386700,0,1,3400,-76,76,491,14,9.4,2.2,0.0,0.0,27,14,0.0,0.0,0.0,0.0,0.0,0.0,1.0
386949,0,1,3400,-76,76,492,14,9.8,2.2,0.0,0.0,27,14,0.0,0.0,0.0,0.0,0.0,0.0,1.0
387198,0,1,3400,-76,76,489,14,9.8,2.2,0.0,0.0,27,14,0.0,0.0,0.0,0.0,0.0,0.0,1.0
387447,0,1,3400,-76,76,495,14,9.8,2.2,0.0,0.0,27,14,0.0,0.0,0.0,0.0,0.0,0.0,1.0
387696,0,1,3400,-76,76,491,14,9.7,2.2,0.0,0.0,27,14,0.0,0.0,0.0,0.0,0.0,0.0,1.0
387945,0,1,3400,-76,76,485,14,9.9,2.2,0.0,0.0,27,14,0.0,0.0,0.0,0.0,0.0,0.0,1.0
388194,0,1,3400,-76,76,487,14,10,2.2,0.0,0.0,27,14,0.0,0.0,0.0,0.0,0.0,0.0,1.0
388443,0,1,3400,-75,75,494,14,10,2.2,0.0,0.0,27,14,0.0,0.0,0.0,0.0,0.0,0.0,1.0
388692,0,1,3400,-75,75,497,14,10,2.2,0.0,0.0,27,14,0.0,0.0,0.0,0.0,0.0,0.0,1.0
388941,0,1,3400,-75,75,497,14,11,2.2,0.0,0.0,27,14,0.0,0.0,0.0,0.0,0.0,0.0,1.0
389190,0,1,3400,-75,75,488,14,11,2.2,0.0,0.0,27,14,0.0,0.0,0.0,0.0,0.0,0.0,1.0
389439,0,1,3400,-74,74,490,14,11,2.2,0.0,0.0,27,14,0.0,0.0,0.0,0.0,0.0,0.0,1.0
389688,0,1,3400,-74,74,494,14,11,2.2,0.0,0.0,27,14,0.0,0.0,0.0,0.0,0.0,0.0,1.0
389937,0,1,3400,-74,74,490,14,11,2.2,0.0,0.0,27,14,0.0,0.0,0.0,0.0,0.0,0.0,1.0
390186,0,1,3400,-74,74,490,14,11,2.2,0.0,0.0,27,14,0.0,0.0,0.0,0.0,0.0,0.0,1.0
390435,0,1,3400,-74,74,495,14,11,2.2,0.0,0.0,27,14,0.0,0.0,0.0,0.0,0.0,0.0,1.0
390684,0,1,3400,-74,74,497,14,11,2.2,0.0,0.0,27,14,0.0,0.0,0.0,0.0,0.0,0.0,1.0
390933,0,1,3400,-74,74,488,14,11,2.2,0.0,0.0,27,14,0.0,0.0,0.0,0.0,0.0,0.0,1.0
391182,0,1,3400,-74,74,486,14,11,2.2,0.0,0.0,27,14,0.0,0.0,0.0,0.0,0.0,0.0,1.0
391431,0,1,3400,-74,74,483,14,11,2.2,0.0,0.0,27,14,0.0,0.0,0.0,0.0,0.0,0.0,1.0
391680,0,1,3400,-74,74,491,14,11,2.2,0.0,0.0,27,14,0.0,0.0,0.0,0.0,0.0,0.0,1.0
391929,0,1,3400,-74,74,492,14,11,2.2,0.0,0.0,27,14,0.0,0.0,0.0,0.0,0.0,0.0,1.0
392178,0,1,3400,-74,74,490,15,11,2.2,0.0,0.0,27,15,0.0,0.0,0.0,0.0,0.0,0.0,1.0
392427,0,1,3400,-74,74,491,14,11,2.3,0.0,0.0,27,14,0.0,0.0,0.0,0.0,0.0,0.0,1.0
392676,0,1,3400,-74,74,492,14,11,2.2,0.0,0.0,27,14,0.0,0.0,0.0,0.0,0.0,0.0,1.0
392925,0,1,3400,-74,74,489,14,11,2.2,0.0,0.0,27,14,0.0,0.0,0.0,0.0,0.0,0.0,1.0
393174,0,1,3400,-74,74,491,14,11,2.2,0.0,0.0,27,14,0.0,0.0,0.0,0.0,0.0,0.0,1.0
393423,0,1,3400,-74,74,490,14,11,2.2,0.0,0.0,27,14,0.0,0.0,0.0,0.0,0.0,0.0,1.0
393672,0,1,3400,-74,74,494,14,11,2.2,0.0,0.0,27,14,0.0,0.0,0.0,0.0,0.0,0.0,1.0
393921,0,1,3400,-74,74,494,14,11,2.2,0.0,0.0,27,14,0.0,0.0,0.0,0.0,0.0,0.0,1.0
394170,0,1,3400,-74,74,491,14,11,2.2,0.0,0.0,27,14,0.0,0.0,0.0,0.0,0.0,0.0,1.0
394419,0,1,3400,-74,74,489,14,11,2.2,0.0,0.0,27,14,0.0,0.0,0.0,0.0,0.0,0.0,1.0
394668,0,1,3400,-74,74,491,14,11,2.2,0.0,0.0,27,14,0.0,0.0,0.0,0.0,0.0,0.0,1.0
394917,0,1,3400,-74,74,496,14,11,2.2,0.0,0.0,27,14,0.0,0.0,0.0,0.0,0.0,0.0,1.0
395166,0,1,3400,-74,74,495,14,11,2.2,0.0,0.0,27,14,0.0,0.0,0.0,0.0,0.0,0.0,1.0
395415,0,1,3400,-74,74,493,14,11,2.2,0.0,0.0,27,14,0.0,0.0,0.0,0.0,0.0,0.0,1.0
395664,0,1,3400,-74,74,497,14,11,2.2,0.0,0.0,27,14,0.0,0.0,0.0,0.0,0.0,0.0,1.0
395913,0,1,3400,-74,74,492,14,11,2.2,0.0,0.0,27,14,0.0,0.0,0.0,0.0,0.0,0.0,1.0
396162,0,1,3400,-74,74,486,14,11,2.2,0.0,0.0,27,14,0.0,0.0,0.0,0.0,0.0,0.0,1.0
396411,0,1,3400,-74,74,493,14,12,2.2,0.0,0.0,27,14,0.0,0.0,0.0,0.0,0.0,0.0,1.0
396660,0,1,3400,-73,73,496,14,12,2.2,0.0,0.0,27,14,0.0,0.0,0.0,0.0,0.0,0.0,1.0
396909,0,1,3400,-73,73,492,14,12,2.2,0.0,0.0,27,14,0.0,0.0,0.0,0.0,0.0,0.0,1.0
397158,0,1,3400,-73,73,491,14,12,2.2,0.0,0.0,27,14,0.0,0.0,0.0,0.0,0.0,0.0,1.0
397407,0,1,3400,-73,73,487,14,12,2.2,0.0,0.0,27,14,0.0,0.0,0.0,0.0,0.0,0.0,1.0
397656,0,1,3400,-73,73,492,14,12,2.2,0.0,0.0,27,14,0.0,0.0,0.0,0.0,0.0,0.0,1.0
397905,0,1,3400,-73,73,495,14,12,2.2,0.0,0.0,27,14,0.0,0.0,0.0,0.0,0.0,0.0,1.0
398154,0,1,3400,-73,73,489,15,12,2.2,0.0,0.0,27,15,0.0,0.0,0.0,0.0,0.0,0.0,1.0
398403,0,1,3400,-73,73,484,14,12,2.3,0.0,0.0,27,14,0.0,0.0,0.0,0.0,0.0,0.0,1.0
398652,0,1,3400,-73,73,486,14,12,2.2,0.0,0.0,27,14,0.0,0.0,0.0,0.0,0.0,0.0,1.0
398901,0,1,3400,-73,73,489,14,12,2.2,0.0,0.0,27,14,0.0,0.0,0.0,0.0,0.0,0.0,1.0
399150,0,1,3400,-73,73,492,14,12,2.2,0.0,0.0,27,14,0.0,0.0,0.0,0.0,0.0,0.0,1.0
399399,0,1,3400,-74,74,491,14,11,2.2,0.0,0.0,27,14,0.0,0.0,0.0,0.0,0.0,0.0,1.0
399648,0,1,3400,-74,74,486,14,11,2.2,0.0,0.0,27,14,0.0,0.0,0.0,0.0,0.0,0.0,1.0
399897,0,1,3400,-74,74,486,14,11,2.2,0.0,0.0,27,14,0.0,0.0,0.0,0.0,0.0,0.0,1.0
400146,0,1,3400,-74,74,493,14,11,2.2,0.0,0.0,27,14,0.0,0.0,0.0,0.0,0.0,0.0,1.0
400395,0,1,3400,-74,74,490,14,11,2.2,0.0,0.0,27,14,0.0,0.0,0.0,0.0,0.0,0.0,1.0
400644,0,1,3400,-74,74,489,14,11,2.2,0.0,0.0,27,14,0.0,0.0,0.0,0.0,0.0,0.0,1.0
400893,0,1,3400,-74,74,492,14,11,2.2,0.0,0.0,27,14,0.0,0.0,0.0,0.0,0.0,0.0,1.0
401142,0,1,3400,-74,74,489,14,11,2.2,0.0,0.0,27,14,0.0,0.0,0.0,0.0,0.0,0.0,1.0
401391,0,1,3400,-73,73,490,14,11,2.2,0.0,0.0,27,14,0.0,0.0,0.0,0.0,0.0,0.0,1.0
401640,0,1,3400,-73,73,499,14,11,2.2,0.0,0.0,27,14,0.0,0.0,0.0,0.0,0.0,0.0,1.0
401889,0,1,3400,-73,73,494,14,11,2.2,0.0,0.0,27,14,0.0,0.0,0.0,0.0,0.0,0.0,1.0
402138,0,1,3400,-73,73,491,14,12,2.2,0.0,0.0,27,14,0.0,0.0,0.0,0.0,0.0,0.0,1.0
402387,0,1,3400,-73,73,486,14,11,2.2,0.0,0.0,27,14,0.0,0.0,0.0,0.0,0.0,0.0,1.0
402636,0,1,3400,-73,73,488,14,11,2.2,0.0,0.0,27,14,0.0,0.0,0.0,0.0,0.0,0.0,1.0
402885,0,1,3400,-73,73,489,14,11,2.2,0.0,0.0,27,14,0.0,0.0,0.0,0.0,0.0,0.0,1.0
403134,0,1,3400,-73,73,493,14,12,2.2,0.0,0.0,27,14,0.0,0.0,0.0,0.0,0.0,0.0,1.0
403383,0,1,3400,-73,73,487,14,11,2.2,0.0,0.0,27,14,0.0,0.0,0.0,0.0,0.0,0.0,1.0
403632,0,1,3400,-73,73,486,14,11,2.2,0.0,0.0,27,14,0.0,0.0,0.0,0.0,0.0,0.0,1.0
403881,0,1,3400,-73,73,494,14,12,2.2,0.0,0.0,27,14,0.0,0.0,0.0,0.0,0.0,0.0,1.0
404130,0,1,3400,-73,73,492,15,11,2.2,0.0,0.0,27,15,0.0,0.0,0.0,0.0,0.0,0.0,1.0
404379,0,1,3400,-73,73,490,14,11,2.3,0.0,0.0,27,14,0.0,0.0,0.0,0.0,0.0,0.0,1.0
404628,0,1,3400,-73,73,492,14,11,2.2,0.0,0.0,27,14,0.0,0.0,0.0,0.0,0.0,0.0,1.0
404877,0,1,3400,-73,73,493,14,11,2.2,0.0,0.0,27,14,0.0,0.0,0.0,0.0,0.0,0.0,1.0
405126,0,1,3400,-73,73,493,15,11,2.2,0.0,0.0,27,15,0.0,0.0,0.0,0.0,0.0,0.0,1.0
405375,0,1,3400,-73,73,489,14,11,2.3,0.0,0.0,27,14,0.0,0.0,0.0,0.0,0.0,0.0,1.0
405624,0,1,3400,-73,73,486,14,11,2.2,0.0,0.0,27,14,0.0,0.0,0.0,0.0,0.0,0.0,1.0
405873,0,1,3400,-73,73,491,14,11,2.2,0.0,0.0,27,14,0.0,0.0,0.0,0.0,0.0,0.0,1.0
406122,0,1,3400,-73,73,490,14,11,2.2,0.0,0.0,27,14,0.0,0.0,0.0,0.0,0.0,0.0,1.0
406371,0,1,3400,-74,74,486,14,11,2.2,0.0,0.0,27,14,0.0,0.0,0.0,0.0,0.0,0.0,1.0
406620,0,1,3400,-74,74,487,14,11,2.2,0.0,0.0,27,14,0.0,0.0,0.0,0.0,0.0,0.0,1.0
406869,0,1,3400,-74,74,489,14,10,2.2,0.0,0.0,27,14,0.0,0.0,0.0,0.0,0.0,0.0,1.0
407118,0,1,3400,-74,74,495,14,10,2.2,0.0,0.0,27,14,0.0,0.0,0.0,0.0,0.0,0.0,1.0
407367,0,1,3400,-75,75,498,14,10.0,2.2,0.0,0.0,27,14,0.0,0.0,0.0,0.0,0.0,0.0,1.0
407616,0,1,3400,-75,75,488,14,9.8,2.2,0.0,0.0,27,14,0.0,0.0,0.0,0.0,0.0,0.0,1.0
407865,0,1,3400,-75,75,491,14,9.8,2.2,0.0,0.0,27,14,0.0,0.0,0.0,0.0,0.0,0.0,1.0
408114,0,1,3400,-75,75,490,14,9.9,2.2,0.0,0.0,27,14,0.0,0.0,0.0,0.0,0.0,0.0,1.0
408363,0,1,3400,-74,74,493,14,10.0,2.2,0.0,0.0,27,14,0.0,0.0,0.0,0.0,0.0,0.0,1.0
408612,0,1,3400,-74,74,495,14,10,2.2,0.0,0.0,27,14,0.0,0.0,0.0,0.0,0.0,0.0,1.0
408861,0,1,3400,-74,74,494,14,11,2.2,0.0,0.0,27,14,0.0,0.0,0.0,0.0,0.0,0.0,1.0
409110,0,1,3400,-74,74,489,14,11,2.2,0.0,0.0,27,14,0.0,0.0,0.0,0.0,0.0,0.0,1.0
409359,0,1,3400,-73,73,495,14,11,2.2,0.0,0.0,27,14,0.0,0.0,0.0,0.0,0.0,0.0,1.0
409608,0,1,3400,-73,73,494,14,11,2.2,0.0,0.0,27,14,0.0,0.0,0.0,0.0,0.0,0.0,1.0
409857,0,1,3400,-73,73,489,14,12,2.2,0.0,0.0,27,14,0.0,0.0,0.0,0.0,0.0,0.0,1.0
410106,0,1,3400,-73,73,494,14,11,2.2,0.0,0.0,27,14,0.0,0.0,0.0,0.0,0.0,0.0,1.0
410355,0,1,3400,-73,73,492,14,12,2.2,0.0,0.0,27,14,0.0,0.0,0.0,0.0,0.0,0.0,1.0
410604,0,1,3400,-72,72,488,14,12,2.2,0.0,0.0,27,14,0.0,0.0,0.0,0.0,0.0,0.0,1.0
410853,0,1,3400,-72,72,492,14,12,2.2,0.0,0.0,27,14,0.0,0.0,0.0,0.0,0.0,0.0,1.0
411102,0,1,3400,-72,72,493,15,13,2.2,0.0,0.0,27,15,0.0,0.0,0.0,0.0,0.0,0.0,1.0
411351,0,1,3400,-72,72,488,14,13,2.3,0.0,0.0,27,14,0.0,0.0,0.0,0.0,0.0,0.0,1.0
411600,0,1,3400,-71,71,487,15,13,2.2,0.0,0.0,27,15,0.0,0.0,0.0,0.0,0.0,0.0,1.0
411849,0,1,3400,-71,71,490,14,13,2.3,0.0,0.0,27,14,0.0,0.0,0.0,0.0,0.0,0.0,1.0
412098,0,1,3400,-71,71,495,14,13,2.2,0.0,0.0,27,14,0.0,0.0,0.0,0.0,0.0,0.0,1.0
412347,0,1,3400,-71,71,493,14,13,2.2,0.0,0.0,27,14,0.0,0.0,0.0,0.0,0.0,0.0,1.0
412596,0,1,3400,-71,71,491,14,13,2.2,0.0,0.0,27,14,0.0,0.0,0.0,0.0,0.0,0.0,1.0
412845,0,1,3400,-71,71,491,14,13,2.2,0.0,0.0,27,14,0.0,0.0,0.0,0.0,0.0,0.0,1.0
413094,0,1,3400,-71,71,493,14,14,2.2,0.0,0.0,27,14,0.0,0.0,0.0,0.0,0.0,0.0,1.0
413343,0,1,3400,-71,71,497,14,14,2.2,0.0,0.0,27,14,0.0,0.0,0.0,0.0,0.0,0.0,1.0
413592,0,1,3400,-70,70,491,14,14,2.2,0.0,0.0,27,14,0.0,0.0,0.0,0.0,0.0,0.0,1.0
413841,0,1,3400,-70,70,495,14,14,2.2,0.0,0.0,27,14,0.0,0.0,0.0,0.0,0.0,0.0,1.0
414090,0,1,3400,-70,70,492,14,14,2.2,0.0,0.0,27,14,0.0,0.0,0.0,0.0,0.0,0.0,1.0
414339,0,1,3400,-70,70,490,14,14,2.2,0.0,0.0,27,14,0.0,0.0,0.0,0.0,0.0,0.0,1.0
414588,0,1,3400,-70,70,486,14,14,2.2,0.0,0.0,27,14,0.0,0.0,0.0,0.0,0.0,0.0,1.0
414837,0,1,3400,-70,70,488,14,14,2.2,0.0,0.0,27,14,0.0,0.0,0.0,0.0,0.0,0.0,1.0
415086,0,1,3400,-70,70,488,14,14,2.2,0.0,0.0,27,14,0.0,0.0,0.0,0.0,0.0,0.0,1.0
415335,0,1,3400,-70,70,491,14,14,2.2,0.0,0.0,27,14,0.0,0.0,0.0,0.0,0.0,0.0,1.0
415584,0,1,3400,-70,70,494,14,14,2.2,0.0,0.0,27,14,0.0,0.0,0.0,0.0,0.0,0.0,1.0
415833,0,1,3400,-70,70,487,14,14,2.2,0.0,0.0,27,14,0.0,0.0,0.0,0.0,0.0,0.0,1.0
416082,0,1,3400,-70,70,487,14,14,2.2,0.0,0.0,27,14,0.0,0.0,0.0,0.0,0.0,0.0,1.0
416331,0,1,3400,-70,70,493,14,14,2.2,0.0,0.0,27,14,0.0,0.0,0.0,0.0,0.0,0.0,1.0
416580,0,1,3400,-70,70,491,14,14,2.2,0.0,0.0,27,14,0.0,0.0,0.0,0.0,0.0,0.0,1.0
416829,0,1,3400,-70,70,485,14,14,2.2,0.0,0.0,27,14,0.0,0.0,0.0,0.0,0.0,0.0,1.0
417078,0,1,3400,-70,70,491,14,14,2.2,0.0,0.0,27,14,0.0,0.0,0.0,0.0,0.0,0.0,1.0
417327,0,1,3400,-70,70,491,14,14,2.2,0.0,0.0,27,14,0.0,0.0,0.0,0.0,0.0,0.0,1.0
417576,0,1,3400,-70,70,486,14,14,2.2,0.0,0.0,27,14,0.0,0.0,0.0,0.0,0.0,0.0,1.0
417825,0,1,3400,-70,70,485,14,14,2.2,0.0,0.0,27,14,0.0,0.0,0.0,0.0,0.0,0.0,1.0
418074,0,1,3400,-70,70,490,15,14,2.2,0.0,0.0,27,15,0.0,0.0,0.0,0.0,0.0,0.0,1.0
418323,0,1,3400,-70,70,490,14,14,2.2,0.0,0.0,27,14,0.0,0.0,0.0,0.0,0.0,0.0,1.0
418572,0,1,3400,-70,70,489,14,14,2.3,0.0,0.0,27,14,0.0,0.0,0.0,0.0,0.0,0.0,1.0
418821,0,1,3400,-70,70,490,14,14,2.2,0.0,0.0,27,14,0.0,0.0,0.0,0.0,0.0,0.0,1.0
419070,0,1,3400,-71,71,496,14,14,2.2,0.0,0.0,27,14,0.0,0.0,0.0,0.0,0.0,0.0,1.0
419319,0,1,3400,-71,71,489,14,14,2.2,0.0,0.0,27,14,0.0,0.0,0.0,0.0,0.0,0.0,1.0
419568,0,1,3400,-71,71,493,14,13,2.2,0.0,0.0,27,14,0.0,0.0,0.0,0.0,0.0,0.0,1.0
419817,0,1,3400,-71,71,493,14,13,2.2,0.0,0.0,27,14,0.0,0.0,0.0,0.0,0.0,0.0,1.0
420066,0,1,3400,-72,72,487,14,13,2.2,0.0,0.0,27,14,0.0,0.0,0.0,0.0,0.0,0.0,1.0
420315,0,1,3400,-72,72,490,14,13,2.2,0.0,0.0,27,14,0.0,0.0,0.0,0.0,0.0,0.0,1.0
420564,0,1,3400,-72,72,493,14,13,2.2,0.0,0.0,27,14,0.0,0.0,0.0,0.0,0.0,0.0,1.0
420813,0,1,3400,-72,72,493,14,12,2.2,0.0,0.0,27,14,0.0,0.0,0.0,0.0,0.0,0.0,1.0
421062,0,1,3400,-73,73,494,14,12,2.2,0.0,0.0,27,14,0.0,0.0,0.0,0.0,0.0,0.0,1.0
421311,0,1,3400,-73,73,488,14,12,2.2,0.0,0.0,27,14,0.0,0.0,0.0,0.0,0.0,0.0,1.0
421560,0,1,3400,-73,73,491,14,12,2.2,0.0,0.0,27,14,0.0,0.0,0.0,0.0,0.0,0.0,1.0
421809,0,1,3400,-73,73,492,14,12,2.2,0.0,0.0,27,14,0.0,0.0,0.0,0.0,0.0,0.0,1.0
422058,0,1,3400,-73,73,486,14,12,2.2,0.0,0.0,27,14,0.0,0.0,0.0,0.0,0.0,0.0,1.0
422307,0,1,3400,-73,73,489,14,12,2.2,0.0,0.0,27,14,0.0,0.0,0.0,0.0,0.0,0.0,1.0
422556,0,1,3400,-73,73,495,14,12,2.2,0.0,0.0,27,14,0.0,0.0,0.0,0.0,0.0,0.0,1.0
422805,0,1,3400,-73,73,492,14,12,2.2,0.0,0.0,27,14,0.0,0.0,0.0,0.0,0.0,0.0,1.0
423054,0,1,3400,-73,73,488,14,11,2.2,0.0,0.0,27,14,0.0,0.0,0.0,0.0,0.0,0.0,1.0
423303,0,1,3400,-73,73,487,14,11,2.2,0.0,0.0,27,14,0.0,0.0,0.0,0.0,0.0,0.0,1.0
423552,0,1,3400,-73,73,493,14,11,2.2,0.0,0.0,27,14,0.0,0.0,0.0,0.0,0.0,0.0,1.0
423801,0,1,3400,-73,73,489,14,11,2.2,0.0,0.0,27,14,0.0,0.0,0.0,0.0,0.0,0.0,1.0
424050,0,1,3400,-73,73,489,15,11,2.2,0.0,0.0,27,15,0.0,0.0,0.0,0.0,0.0,0.0,1.0
424299,0,1,3400,-73,73,493,14,11,2.3,0.0,0.0,27,14,0.0,0.0,0.0,0.0,0.0,0.0,1.0
424548,0,1,3400,-73,73,493,15,11,2.2,0.0,0.0,27,15,0.0,0.0,0.0,0.0,0.0,0.0,1.0
424797,0,1,3400,-73,73,491,14,11,2.2,0.0,0.0,27,14,0.0,0.0,0.0,0.0,0.0,0.0,1.0
425046,0,1,3400,-73,73,490,14,11,2.3,0.0,0.0,27,14,0.0,0.0,0.0,0.0,0.0,0.0,1.0
425295,0,1,3400,-74,74,492,14,11,2.2,0.0,0.0,27,14,0.0,0.0,0.0,0.0,0.0,0.0,1.0
425544,0,1,3400,-74,74,493,14,11,2.2,0.0,0.0,27,14,0.0,0.0,0.0,0.0,0.0,0.0,1.0
425793,0,1,3400,-74,74,489,14,10,2.2,0.0,0.0,27,14,0.0,0.0,0.0,0.0,0.0,0.0,1.0
426042,0,1,3400,-74,74,487,14,10,2.2,0.0,0.0,27,14,0.0,0.0,0.0,0.0,0.0,0.0,1.0
426291,0,1,3400,-74,74,493,14,10,2.2,0.0,0.0,27,14,0.0,0.0,0.0,0.0,0.0,0.0,1.0
426540,0,1,3400,-74,74,497,14,10,2.2,0.0,0.0,27,14,0.0,0.0,0.0,0.0,0.0,0.0,1.0
426789,0,1,3400,-74,74,498,14,10,2.2,0.0,0.0,27,14,0.0,0.0,0.0,0.0,0.0,0.0,1.0
427038,0,1,3400,-74,74,495,14,10,2.2,0.0,0.0,27,14,0.0,0.0,0.0,0.0,0.0,0.0,1.0
427287,0,1,3400,-74,74,493,14,10,2.2,0.0,0.0,27,14,0.0,0.0,0.0,0.0,0.0,0.0,1.0
427536,0,1,3400,-74,74,491,14,10,2.2,0.0,0.0,27,14,0.0,0.0,0.0,0.0,0.0,0.0,1.0
427785,0,1,3400,-74,74,487,14,10,2.2,0.0,0.0,27,14,0.0,0.0,0.0,0.0,0.0,0.0,1.0
428034,0,1,3400,-74,74,489,14,11,2.2,0.0,0.0,27,14,0.0,0.0,0.0,0.0,0.0,0.0,1.0
428283,0,1,3400,-73,73,491,14,11,2.2,0.0,0.0,27,14,0.0,0.0,0.0,0.0,0.0,0.0,1.0
428532,0,1,3400,-73,73,486,14,11,2.2,0.0,0.0,27,14,0.0,0.0,0.0,0.0,0.0,0.0,1.0
428781,0,1,3400,-73,73,491,14,11,2.2,0.0,0.0,27,14,0.0,0.0,0.0,0.0,0.0,0.0,1.0
429030,0,1,3400,-73,73,493,14,12,2.2,0.0,0.0,27,14,0.0,0.0,0.0,0.0,0.0,0.0,1.0
429279,0,1,3400,-73,73,489,14,12,2.2,0.0,0.0,27,14,0.0,0.0,0.0,0.0,0.0,0.0,1.0
429528,0,1,3400,-72,72,485,14,12,2.2,0.0,0.0,27,14,0.0,0.0,0.0,0.0,0.0,0.0,1.0
429777,0,1,3400,-72,72,490,14,12,2.2,0.0,0.0,27,14,0.0,0.0,0.0,0.0,0.0,0.0,1.0
430026,0,1,3400,-72,72,498,14,12,2.2,0.0,0.0,27,14,0.0,0.0,0.0,0.0,0.0,0.0,1.0
430275,0,1,3400,-72,72,489,14,13,2.2,0.0,0.0,27,14,0.0,0.0,0.0,0.0,0.0,0.0,1.0
430524,0,1,3400,-71,71,487,15,13,2.2,0.0,0.0,27,15,0.0,0.0,0.0,0.0,0.0,0.0,1.0
430773,0,1,3400,-71,71,487,14,13,2.2,0.0,0.0,27,14,0.0,0.0,0.0,0.0,0.0,0.0,1.0
431022,0,1,3400,-71,71,488,14,13,2.2,0.0,0.0,27,14,0.0,0.0,0.0,0.0,0.0,0.0,1.0
431271,0,1,3400,-71,71,488,14,13,2.3,0.0,0.0,27,14,0.0,0.0,0.0,0.0,0.0,0.0,1.0
431520,0,1,3400,-71,71,492,14,13,2.2,0.0,0.0,27,14,0.0,0.0,0.0,0.0,0.0,0.0,1.0
431769,0,1,3400,-71,71,490,14,13,2.2,0.0,0.0,27,14,0.0,0.0,0.0,0.0,0.0,0.0,1.0
432018,0,1,3400,-71,71,490,14,13,2.2,0.0,0.0,27,14,0.0,0.0,0.0,0.0,0.0,0.0,1.0
432267,0,1,3400,-71,71,495,14,13,2.2,0.0,0.0,27,14,0.0,0.0,0.0,0.0,0.0,0.0,1.0
432516,0,1,3400,-70,70,491,14,14,2.2,0.0,0.0,27,14,0.0,0.0,0.0,0.0,0.0,0.0,1.0
432765,0,1,3400,-70,70,492,14,14,2.2,0.0,0.0,27,14,0.0,0.0,0.0,0.0,0.0,0.0,1.0
433014,0,1,3400,-70,70,493,14,14,2.2,0.0,0.0,27,14,0.0,0.0,0.0,0.0,0.0,0.0,1.0
433263,0,1,3400,-70,70,495,14,14,2.2,0.0,0.0,27,14,0.0,0.0,0.0,0.0,0.0,0.0,1.0
433512,0,1,3400,-70,70,493,14,14,2.2,0.0,0.0,27,14,0.0,0.0,0.0,0.0,0.0,0.0,1.0
433761,0,1,3400,-70,70,487,14,14,2.2,0.0,0.0,27,14,0.0,0.0,0.0,0.0,0.0,0.0,1.0
434010,0,1,3400,-70,70,485,14,14,2.2,0.0,0.0,27,14,0.0,0.0,0.0,0.0,0.0,0.0,1.0
434259,0,1,3400,-70,70,486,14,14,2.2,0.0,0.0,27,14,0.0,0.0,0.0,0.0,0.0,0.0,1.0
434508,0,1,3400,-70,70,484,14,14,2.2,0.0,0.0,27,14,0.0,0.0,0.0,0.0,0.0,0.0,1.0
434757,0,1,3400,-70,70,490,14,14,2.2,0.0,0.0,27,14,0.0,0.0,0.0,0.0,0.0,0.0,1.0
435006,0,1,3400,-70,70,496,14,14,2.2,0.0,0.0,27,14,0.0,0.0,0.0,0.0,0.0,0.0,1.0
435255,0,1,3400,-70,70,491,14,14,2.2,0.0,0.0,27,14,0.0,0.0,0.0,0.0,0.0,0.0,1.0
435504,0,1,3400,-69,69,488,14,15,2.2,0.0,0.0,27,14,0.0,0.0,0.0,0.0,0.0,0.0,1.0
435753,0,1,3400,-69,69,494,14,15,2.2,0.0,0.0,27,14,0.0,0.0,0.0,0.0,0.0,0.0,1.0
436002,0,1,3400,-70,70,492,14,14,2.2,0.0,0.0,27,14,0.0,0.0,0.0,0.0,0.0,0.0,1.0
436251,0,1,3400,-70,70,491,14,14,2.2,0.0,0.0,27,14,0.0,0.0,0.0,0.0,0.0,0.0,1.0
436500,0,1,3400,-70,70,490,15,14,2.2,0.0,0.0,27,15,0.0,0.0,0.0,0.0,0.0,0.0,1.0
436749,0,1,3400,-70,70,491,14,14,2.3,0.0,0.0,27,14,0.0,0.0,0.0,0.0,0.0,0.0,1.0
436998,0,1,3400,-70,70,491,15,14,2.2,0.0,0.0,27,15,0.0,0.0,0.0,0.0,0.0,0.0,1.0
437247,0,1,3400,-70,70,491,14,14,2.3,0.0,0.0,27,14,0.0,0.0,0.0,0.0,0.0,0.0,1.0
437496,0,1,3400,-69,69,495,14,15,2.2,0.0,0.0,27,14,0.0,0.0,0.0,0.0,0.0,0.0,1.0
437745,0,1,3400,-69,69,489,15,15,2.2,0.0,0.0,27,15,0.0,0.0,0.0,0.0,0.0,0.0,1.0
437994,0,1,3400,-69,69,489,14,15,2.3,0.0,0.0,27,14,0.0,0.0,0.0,0.0,0.0,0.0,1.0
438243,0,1,3400,-69,69,490,14,15,2.2,0.0,0.0,27,14,0.0,0.0,0.0,0.0,0.0,0.0,1.0
438492,0,1,3400,-69,69,487,14,15,2.2,0.0,0.0,27,14,0.0,0.0,0.0,0.0,0.0,0.0,1.0
438741,0,1,3400,-69,69,490,14,15,2.2,0.0,0.0,27,14,0.0,0.0,0.0,0.0,0.0,0.0,1.0
438990,0,1,3400,-69,69,491,14,15,2.2,0.0,0.0,27,14,0.0,0.0,0.0,0.0,0.0,0.0,1.0
439239,0,1,3400,-69,69,490,14,15,2.2,0.0,0.0,27,14,0.0,0.0,0.0,0.0,0.0,0.0,1.0
439488,0,1,3400,-69,69,490,14,15,2.2,0.0,0.0,27,14,0.0,0.0,0.0,0.0,0.0,0.0,1.0
439737,0,1,3400,-69,69,491,14,15,2.2,0.0,0.0,27,14,0.0,0.0,0.0,0.0,0.0,0.0,1.0
439986,0,1,3400,-69,69,489,14,15,2.2,0.0,0.0,27,14,0.0,0.0,0.0,0.0,0.0,0.0,1.0
440235,0,1,3400,-69,69,489,14,15,2.2,0.0,0.0,27,14,0.0,0.0,0.0,0.0,0.0,0.0,1.0
440484,0,1,3400,-69,69,495,14,15,2.2,0.0,0.0,27,14,0.0,0.0,0.0,0.0,0.0,0.0,1.0
440733,0,1,3400,-69,69,490,14,15,2.2,0.0,0.0,27,14,0.0,0.0,0.0,0.0,0.0,0.0,1.0
440982,0,1,3400,-69,69,494,14,15,2.2,0.0,0.0,27,14,0.0,0.0,0.0,0.0,0.0,0.0,1.0
441231,0,1,3400,-69,69,497,14,15,2.2,0.0,0.0,27,14,0.0,0.0,0.0,0.0,0.0,0.0,1.0
441480,0,1,3400,-69,69,489,14,15,2.2,0.0,0.0,27,14,0.0,0.0,0.0,0.0,0.0,0.0,1.0
441729,0,1,3400,-69,69,490,14,15,2.2,0.0,0.0,27,14,0.0,0.0,0.0,0.0,0.0,0.0,1.0
441978,0,1,3400,-69,69,494,14,15,2.2,0.0,0.0,27,14,0.0,0.0,0.0,0.0,0.0,0.0,1.0
442227,0,1,3400,-69,69,490,14,15,2.2,0.0,0.0,27,14,0.0,0.0,0.0,0.0,0.0,0.0,1.0
442476,0,1,3400,-69,69,491,14,16,2.2,0.0,0.0,27,14,0.0,0.0,0.0,0.0,0.0,0.0,1.0
442725,0,1,3400,-68,68,492,14,16,2.2,0.0,0.0,27,14,0.0,0.0,0.0,0.0,0.0,0.0,1.0
442974,0,1,3400,-68,68,490,15,16,2.2,0.0,0.0,27,15,0.0,0.0,0.0,0.0,0.0,0.0,1.0
443223,0,1,3400,-68,68,485,14,16,2.3,0.0,0.0,27,14,0.0,0.0,0.0,0.0,0.0,0.0,1.0
443472,0,1,3400,-68,68,489,14,16,2.2,0.0,0.0,27,14,0.0,0.0,0.0,0.0,0.0,0.0,1.0
443721,0,1,3400,-68,68,492,14,16,2.2,0.0,0.0,27,14,0.0,0.0,0.0,0.0,0.0,0.0,1.0
443970,0,1,3400,-68,68,489,15,16,2.2,0.0,0.0,27,15,0.0,0.0,0.0,0.0,0.0,0.0,1.0
444219,0,1,3400,-68,68,486,14,16,2.2,0.0,0.0,27,14,0.0,0.0,0.0,0.0,0.0,0.0,1.0
444468,0,1,3400,-68,68,488,14,17,2.3,0.0,0.0,27,14,0.0,0.0,0.0,0.0,0.0,0.0,1.0
444717,0,1,3400,-67,67,486,14,17,2.2,0.0,0.0,27,14,0.0,0.0,0.0,0.0,0.0,0.0,1.0
444966,0,1,3400,-67,67,487,14,17,2.2,0.0,0.0,27,14,0.0,0.0,0.0,0.0,0.0,0.0,1.0
445215,0,1,3400,-67,67,489,14,17,2.2,0.0,0.0,27,14,0.0,0.0,0.0,0.0,0.0,0.0,1.0
445464,0,1,3400,-67,67,491,14,17,2.2,0.0,0.0,27,14,0.0,0.0,0.0,0.0,0.0,0.0,1.0
445713,0,1,3400,-67,67,489,14,17,2.2,0.0,0.0,27,14,0.0,0.0,0.0,0.0,0.0,0.0,1.0
445962,0,1,3400,-68,68,491,14,16,2.2,0.0,0.0,27,14,0.0,0.0,0.0,0.0,0.0,0.0,1.0
446211,0,1,3400,-68,68,492,14,16,2.2,0.0,0.0,27,14,0.0,0.0,0.0,0.0,0.0,0.0,1.0
446460,0,1,3400,-68,68,491,14,16,2.2,0.0,0.0,27,14,0.0,0.0,0.0,0.0,0.0,0.0,1.0
446709,0,1,3400,-68,68,492,14,16,2.2,0.0,0.0,27,14,0.0,0.0,0.0,0.0,0.0,0.0,1.0
446958,0,1,3400,-68,68,491,14,16,2.2,0.0,0.0,27,14,0.0,0.0,0.0,0.0,0.0,0.0,1.0
447207,0,1,3400,-68,68,488,14,17,2.2,0.0,0.0,27,14,0.0,0.0,0.0,0.0,0.0,0.0,1.0
447456,0,1,3400,-68,68,490,14,17,2.2,0.0,0.0,27,14,0.0,0.0,0.0,0.0,0.0,0.0,1.0
447705,0,1,3400,-67,67,490,14,17,2.2,0.0,0.0,27,14,0.0,0.0,0.0,0.0,0.0,0.0,1.0
447954,0,1,3400,-67,67,491,14,17,2.2,0.0,0.0,27,14,0.0,0.0,0.0,0.0,0.0,0.0,1.0
448203,0,1,3400,-67,67,493,14,17,2.2,0.0,0.0,27,14,0.0,0.0,0.0,0.0,0.0,0.0,1.0
448452,0,1,3400,-67,67,492,14,17,2.2,0.0,0.0,27,14,0.0,0.0,0.0,0.0,0.0,0.0,1.0
448701,0,1,3400,-67,67,488,14,17,2.2,0.0,0.0,27,14,0.0,0.0,0.0,0.0,0.0,0.0,1.0
448950,0,1,3400,-68,68,488,15,16,2.2,0.0,0.0,27,15,0.0,0.0,0.0,0.0,0.0,0.0,1.0
449199,0,1,3400,-68,68,491,14,16,2.3,0.0,0.0,27,14,0.0,0.0,0.0,0.0,0.0,0.0,1.0
449448,0,1,3400,-68,68,494,14,16,2.2,0.0,0.0,27,14,0.0,0.0,0.0,0.0,0.0,0.0,1.0
449697,0,1,3400,-68,68,493,14,16,2.2,0.0,0.0,27,14,0.0,0.0,0.0,0.0,0.0,0.0,1.0
449946,0,1,3400,-68,68,491,15,16,2.2,0.0,0.0,27,15,0.0,0.0,0.0,0.0,0.0,0.0,1.0
450195,0,1,3400,-68,68,494,14,16,2.2,0.0,0.0,27,14,0.0,0.0,0.0,0.0,0.0,0.0,1.0
450444,0,1,3400,-68,68,495,14,16,2.2,0.0,0.0,27,14,0.0,0.0,0.0,0.0,0.0,0.0,1.0
450693,0,1,3400,-68,68,495,14,16,2.2,0.0,0.0,27,14,0.0,0.0,0.0,0.0,0.0,0.0,1.0
450942,0,1,3400,-69,69,486,14,15,2.3,0.0,0.0,27,14,0.0,0.0,0.0,0.0,0.0,0.0,1.0
451191,0,1,3400,-69,69,484,14,15,2.2,0.0,0.0,27,14,0.0,0.0,0.0,0.0,0.0,0.0,1.0
451440,0,1,3400,-69,69,492,14,15,2.2,0.0,0.0,27,14,0.0,0.0,0.0,0.0,0.0,0.0,1.0
451689,0,1,3400,-70,70,488,14,15,2.2,0.0,0.0,27,14,0.0,0.0,0.0,0.0,0.0,0.0,1.0
451938,0,1,3400,-69,69,483,14,15,2.2,0.0,0.0,27,14,0.0,0.0,0.0,0.0,0.0,0.0,1.0
452187,0,1,3400,-69,69,489,14,15,2.2,0.0,0.0,27,14,0.0,0.0,0.0,0.0,0.0,0.0,1.0
452436,0,1,3400,-69,69,494,14,15,2.2,0.0,0.0,27,14,0.0,0.0,0.0,0.0,0.0,0.0,1.0
452685,0,1,3400,-69,69,494,14,15,2.2,0.0,0.0,27,14,0.0,0.0,0.0,0.0,0.0,0.0,1.0
452934,0,1,3400,-69,69,493,14,15,2.2,0.0,0.0,27,14,0.0,0.0,0.0,0.0,0.0,0.0,1.0
453183,0,1,3400,-69,69,485,14,15,2.2,0.0,0.0,27,14,0.0,0.0,0.0,0.0,0.0,0.0,1.0
453432,0,1,3400,-69,69,488,14,15,2.2,0.0,0.0,27,14,0.0,0.0,0.0,0.0,0.0,0.0,1.0
453681,0,1,3400,-69,69,489,14,15,2.2,0.0,0.0,27,14,0.0,0.0,0.0,0.0,0.0,0.0,1.0
453930,0,1,3400,-69,69,487,14,