Timestamp,num_ues,IMSI,RNTI,,slicing_enabled,slice_id,slice_prb,power_multiplier,scheduling_policy,,dl_mcs,dl_n_samples,dl_buffer [bytes],tx_brate downlink [Mbps],tx_pkts downlink,tx_errors downlink (%),dl_cqi,,ul_mcs,ul_n_samples,ul_buffer [bytes],rx_brate uplink [Mbps],rx_pkts uplink,rx_errors uplink (%),ul_rssi,ul_sinr,phr,,sum_requested_prbs,sum_granted_prbs,,dl_pmi,dl_ri,ul_n,ul_turbo_iters
1604109585916,11,1010123456036,84,,1,0,4,1,0,,10.2941,17,3729,0.0248,7,0,8.5,,0,8,0,0.1,4,0,0,0,31,,98,30,,0,0,0,0
1604109586166,10,1010123456036,84,,1,0,4,1,0,,21.4661,118,23818,0.306304,44,0,11.5714,,6.51887,106,0,0.269696,42,0,0,13.6504,31,,-249,180,,0,0,0,1.15094
1604109586416,10,1010123456036,84,,1,0,4,1,0,,15.4367,158,42646,0.388288,62,0,7,,14,13,0,0.1,5,0,0,15.7106,0,,-251,252,,0,0,0,1.69231
1604109586666,10,1010123456036,84,,1,0,4,1,0,,21.6169,154,58348,0.454752,59,0,11.8333,,0,0,0,0,0,0,0,0,0,,-250,232,,0,0,0,0
1604109586916,10,1010123456036,84,,1,0,4,1,0,,22.0378,185,69584,0.562016,75,0,11.1667,,0,0,0,0,0,0,0,0,0,,-249,304,,0,0,0,0
1604109587166,10,1010123456036,84,,1,0,4,1,0,,24.75,184,78141,0.702976,76,0,12.7143,,12,8,0,0.1,3,0,0,14.2207,31,,-250,300,,0,0,0,1
1604109587416,10,1010123456036,84,,1,0,4,1,0,,24.1379,203,85902,0.728,82,0,11.6667,,0,0,0,0,0,0,0,0,0,,-250,328,,0,0,0,0
1604109587666,10,1010123456036,84,,1,0,4,1,0,,25.4972,181,94527,0.704192,74,0,12.6667,,0,0,0,0,0,0,0,0,0,,-250,292,,0,0,0,0
1604109587916,10,1010123456036,84,,1,0,4,1,0,,21.5449,156,108523,0.518048,64,0,11.2,,0,0,0,0,0,0,0,0,0,,-250,260,,0,0,0,0
1604109588166,10,1010123456036,84,,1,0,4,1,0,,21.494,166,122047,0.518592,66,0,10.8571,,9,30,0,0.1,12,8.33333,0,9.26128,31,,-250,272,,0,0,0,2.46667
1604109588416,10,1010123456036,84,,1,0,4,1,0,,24.7652,132,136978,0.514464,57,0,12,,0,0,0,0,0,0,0,0,0,,-250,220,,0,0,0,0
1604109588666,10,1010123456036,84,,1,0,4,1,0,,25.0296,169,147306,0.65184,70,0,12.3333,,0,0,0,0,0,0,0,0,0,,-250,276,,0,0,0,0
1604109588916,10,1010123456036,84,,1,0,4,1,0,,22.3774,159,161414,0.48944,63,0,11.5,,0,0,0,0,0,0,0,0,0,,-250,264,,0,0,0,0
1604109589166,10,1010123456036,84,,1,0,4,1,0,,19.4512,164,177355,0.484608,68,0,10.1429,,9.5,38,0,0.1,16,31.25,0,10.3315,31,,-250,264,,0,0,0,4.07895
1604109589416,10,1010123456036,84,,1,0,4,1,0,,21.1585,183,184446,0.566848,74,0,10,,0,0,0,0,0,0,0,0,0,,-250,296,,0,0,0,0
1604109589666,10,1010123456036,84,,1,0,4,1,0,,22.7044,159,183035,0.52112,65,0,11.8333,,0,0,0,0,0,0,0,0,0,,-250,256,,0,0,0,0
1604109589916,10,1010123456036,84,,1,0,4,1,0,,23.6483,145,183502,0.484128,57,0,12.1667,,0,0,0,0,0,0,0,0,0,,-250,236,,0,0,0,0
1604109590166,10,1010123456036,84,,1,0,4,1,0,,20.9747,158,183099,0.48464,65,0,11,,15,12,0,0,4,100,0,6.57576,0,,-250,256,,0,0,0,10
1604109590416,10,1010123456036,84,,1,0,4,1,0,,25.3439,157,182807,0.56336,61,0,12.75,,6.4,5,0,0.1,2,0,0,21.7681,31,,-250,244,,0,0,0,1
1604109590666,10,1010123456036,84,,1,0,4,1,0,,15.8986,148,182842,0.375904,59,0,8.83333,,0,0,0,0,0,0,0,0,0,,-250,240,,0,0,0,0
1604109590916,10,1010123456036,84,,1,0,4,1,0,,22.1598,169,183855,0.574304,70,0,11.2,,0,0,0,0,0,0,0,0,0,,-250,276,,0,0,0,0
1604109591166,10,1010123456036,84,,1,0,4,1,0,,22.0763,131,183685,0.426048,54,0,11.2,,12,7,0,0.1,3,0,0,13.3356,31,,-250,220,,0,0,0,1.42857
1604109591416,10,1010123456036,84,,1,0,4,1,0,,26.2276,123,183997,0.495232,48,0,14.2,,0,0,0,0,0,0,0,0,0,,-250,192,,0,0,0,0
1604109591666,10,1010123456036,84,,1,0,4,1,0,,17.224,192,183798,0.49472,78,0,9,,0,0,0,0,0,0,0,0,0,,-251,308,,0,0,0,0
1604109591916,10,1010123456036,84,,1,0,4,1,0,,10.3947,152,183562,0.240672,61,0,5,,0,0,0,0,0,0,0,0,0,,-250,244,,0,0,0,0
1604109592166,10,1010123456036,84,,1,0,4,1,0,,20.2886,149,184527,0.432512,60,0,9.71429,,12.25,8,0,0.1,3,0,0,14.83,31,,-250,244,,0,0,0,2.25
1604109592416,10,1010123456036,84,,1,0,4,1,0,,23.4035,171,184378,0.608928,73,0,12.6667,,0,0,0,0,0,0,0,0,0,,-249,288,,0,0,0,0
1604109592666,10,1010123456036,84,,1,0,4,1,0,,22.6325,166,182201,0.532896,65,0,11.1667,,0,0,0,0,0,0,0,0,0,,-251,268,,0,0,0,0
1604109592916,10,1010123456036,84,,1,0,4,1,0,,16.7059,153,183460,0.401248,64,0,8.66667,,0,0,0,0,0,0,0,0,0,,-249,244,,0,0,0,0
1604109593166,10,1010123456036,84,,1,0,4,1,0,,18.8644,177,183444,0.469536,71,0,4.66667,,12,7,0,0.1,3,0,0,17.2048,31,,-250,288,,0,0,0,1.42857
1604109593416,10,1010123456036,84,,1,0,4,1,0,,18.3678,174,182273,0.39568,67,0,11,,0,0,0,0,0,0,0,0,0,,-250,276,,0,0,0,0
1604109593666,10,1010123456036,84,,1,0,4,1,0,,25.3809,189,183636,0.76608,80,0,13.5,,0,0,0,0,0,0,0,0,0,,-250,308,,0,0,0,0
1604109593916,10,1010123456036,84,,1,0,4,1,0,,25.2761,134,182625,0.477952,52,0,12.3333,,0,0,0,0,0,0,0,0,0,,-250,216,,0,0,0,0
1604109594166,10,1010123456036,84,,1,0,4,1,0,,26.7613,155,183240,0.621248,62,0,0.1,,12,8,0,0.1,3,0,0,12.3202,31,,-250,252,,0,0,0,1.75
1604109594416,10,1010123456036,84,,1,0,4,1,0,,12.2839,155,184225,0.338176,64,0,6,,0,0,0,0,0,0,0,0,0,,-250,244,,0,0,0,0
1604109594666,10,1010123456036,84,,1,0,4,1,0,,15.4891,137,184050,0.325056,58,0,9,,0,0,0,0,0,0,0,0,0,,-250,232,,0,0,0,0
1604109594916,10,1010123456036,84,,1,0,4,1,0,,21.9789,142,184466,0.463936,58,0,10,,0,0,0,0,0,0,0,0,0,,-250,228,,0,0,0,0
1604109595166,10,1010123456036,84,,1,0,4,1,0,,26.0385,156,184370,0.600256,62,0,0.1,,1.83784,37,0,0.1,15,0,0,7.43104,31,,-250,252,,0,0,0,1
1604109595416,10,1010123456036,84,,1,0,4,1,0,,25.8106,132,182915,0.482016,51,0,13,,0,0,0,0,0,0,0,0,0,,-250,216,,0,0,0,0
1604109595666,10,1010123456036,84,,1,0,4,1,0,,26.8482,191,182307,0.79472,79,0,13,,0,0,0,0,0,0,0,0,0,,-250,304,,0,0,0,0
1604109595916,10,1010123456036,84,,1,0,4,1,0,,25.4146,123,182811,0.50624,52,0,12.75,,0,0,0,0,0,0,0,0,0,,-250,204,,0,0,0,0
1604109596166,10,1010123456036,84,,1,0,4,1,0,,20.3987,158,184118,0.50784,65,0,8.5,,12.8571,14,0,0.1,6,66.6667,0,7.4597,31,,-250,264,,0,0,0,7.57143
1604109596416,10,1010123456036,84,,1,0,4,1,0,,26.8444,180,183726,0.747424,73,0,14,,0,0,0,0,0,0,0,0,0,,-250,296,,0,0,0,0
1604109596666,10,1010123456036,84,,1,0,4,1,0,,25.9125,160,184366,0.651904,68,0,13,,0,0,0,0,0,0,0,0,0,,-250,264,,0,0,0,0
1604109596916,10,1010123456036,84,,1,0,4,1,0,,11.1893,169,184178,0.280224,65,0,7.5,,0,0,0,0,0,0,0,0,0,,-250,264,,0,0,0,0
1604109597166,10,1010123456036,84,,1,0,4,1,0,,23.0865,185,184120,0.618208,71,0,9,,11.8235,34,0,0.116928,14,28.5714,0,12.0253,31,,-250,292,,0,0,0,3.26471
1604109597416,10,1010123456036,84,,1,0,4,1,0,,14.8023,172,183608,0.37392,71,0,13,,0,0,0,0,0,0,0,0,0,,-250,280,,0,0,0,0
1604109597666,10,1010123456036,84,,1,0,4,1,0,,14.9271,192,183960,0.432704,80,0,8.5,,0,0,0,0,0,0,0,0,0,,-250,312,,0,0,0,0
1604109597916,10,1010123456036,84,,1,0,4,1,0,,27.2357,157,183832,0.681568,63,0,13.3333,,0,0,0,0,0,0,0,0,0,,-250,260,,0,0,0,0
1604109598166,10,1010123456036,84,,1,0,4,1,0,,1.96154,78,184311,0.054464,32,0,2.5,,0,0,0,0,0,0,0,0,0,,-251,124,,0,0,0,0
1604109598416,10,1010123456036,84,,1,0,4,1,0,,4.57595,158,183890,0.1136,62,0,13,,0,2,0,0.1,1,0,0,0,31,,-250,244,,0,0,0,0
1604109598666,10,1010123456036,84,,1,0,4,1,0,,26.6512,172,182499,0.69728,70,0,13,,6.17647,17,0,0.1,7,57.1429,0,4.94785,0,,-250,280,,0,0,0,6.11765
1604109598916,10,1010123456036,84,,1,0,4,1,0,,26.56,175,182619,0.69472,70,0,13,,0,0,0,0,0,0,0,0,0,,-250,284,,0,0,0,0
1604109599166,10,1010123456036,84,,1,0,4,1,0,,13.4293,184,182166,0.351392,71,0,10.25,,5.89474,19,0,0.1,8,0,0,10.2563,31,,-249,296,,0,0,0,1.31579
1604109599416,10,1010123456036,84,,1,0,4,1,0,,26.3205,156,183573,0.636832,65,0,13,,0,0,0,0,0,0,0,0,0,,-251,248,,0,0,0,0
1604109599666,10,1010123456036,84,,1,0,4,1,0,,26.6918,146,183277,0.570016,57,0,13,,0,0,0,0,0,0,0,0,0,,-249,228,,0,0,0,0
1604109599916,10,1010123456036,84,,1,0,4,1,0,,27.4302,172,184133,0.76112,69,0,14,,0,0,0,0,0,0,0,0,0,,-250,276,,0,0,0,0
1604109600166,10,1010123456036,84,,1,0,4,1,0,,20.4659,88,183347,0.259424,35,0,11.6667,,3.47368,38,0,0.1,15,20,0,4.80458,31,,-250,140,,0,0,0,3.13158
1604109600416,10,1010123456036,84,,1,0,4,1,0,,26.8442,154,183803,0.62656,60,0,13,,0,0,0,0,0,0,0,0,0,,-250,244,,0,0,0,0
1604109600666,10,1010123456036,84,,1,0,4,1,0,,26.7483,151,183052,0.621248,62,0,0.1,,0,0,0,0,0,0,0,0,0,,-250,252,,0,0,0,0
1604109600916,10,1010123456036,84,,1,0,4,1,0,,27.0053,189,183140,0.771296,75,0,13.5,,0,0,0,0,0,0,0,0,0,,-250,304,,0,0,0,0
1604109601166,10,1010123456036,84,,1,0,4,1,0,,25.8053,190,184379,0.773408,77,0,12.8,,6.05263,38,0,0.1,15,13.3333,0,6.76402,31,,-250,300,,0,0,0,3.5
1604109601416,10,1010123456036,84,,1,0,4,1,0,,27.848,171,183561,0.769856,66,0,14,,0,0,0,0,0,0,0,0,0,,-250,264,,0,0,0,0
1604109601666,10,1010123456036,84,,1,0,4,1,0,,21.1081,148,184178,0.562432,60,0,9.2,,0,0,0,0,0,0,0,0,0,,-251,240,,0,0,0,0
1604109601916,10,1010123456036,84,,1,0,4,1,0,,17.9605,177,183296,0.467904,70,0,7.5,,0,0,0,0,0,0,0,0,0,,-249,284,,0,0,0,0
1604109602166,10,1010123456036,84,,1,0,4,1,0,,18.5814,86,183322,0.2632,37,0,11,,3.925,40,0,0.1,16,50,0,4.13151,31,,-250,136,,0,0,0,6.05
1604109602416,10,1010123456036,84,,1,0,4,1,0,,27.8056,180,181955,0.822368,71,0,14,,0,0,0,0,0,0,0,0,0,,-250,288,,0,0,0,0
1604109602666,10,1010123456036,84,,1,0,4,1,0,,27.7173,191,182371,0.845632,74,0,14,,0,0,0,0,0,0,0,0,0,,-250,304,,0,0,0,0
1604109602916,10,1010123456036,84,,1,0,4,1,0,,27.4451,182,184273,0.811072,74,0,13.8,,0,0,0,0,0,0,0,0,0,,-250,284,,0,0,0,0
1604109603166,10,1010123456036,84,,1,0,4,1,0,,26.5517,174,183417,0.69584,69,0,13,,4.68421,38,0,0.1,15,40,0,6.08917,31,,-250,288,,0,0,0,4.86842
1604109603416,10,1010123456036,84,,1,0,4,1,0,,27.701,194,181290,0.912128,80,0,14,,0,0,0,0,0,0,0,0,0,,-250,316,,0,0,0,0
1604109603666,10,1010123456036,84,,1,0,4,1,0,,15.5247,162,183702,0.459136,64,0,8,,0,0,0,0,0,0,0,0,0,,-250,260,,0,0,0,0
1604109603916,10,1010123456036,84,,1,0,4,1,0,,24.1496,127,183797,0.500032,54,0,14,,0,0,0,0,0,0,0,0,0,,-250,208,,0,0,0,0
1604109604166,10,1010123456036,84,,1,0,4,1,0,,27.4079,152,183797,0.685504,62,0,13.3333,,2.76923,52,0,0.1,21,23.8095,0,5.25169,31,,-250,252,,0,0,0,2.90385
1604109604416,10,1010123456036,84,,1,0,4,1,0,,25.9697,165,183469,0.6664,69,0,13,,0,0,0,0,0,0,0,0,0,,-250,276,,0,0,0,0
1604109604666,10,1010123456036,84,,1,0,4,1,0,,26.6796,181,182022,0.733536,71,0,13.6667,,0,0,0,0,0,0,0,0,0,,-250,288,,0,0,0,0
1604109604916,10,1010123456036,84,,1,0,4,1,0,,27.8067,150,183581,0.699424,61,0,14,,0,0,0,0,0,0,0,0,0,,-251,240,,0,0,0,0
1604109605166,10,1010123456036,84,,1,0,4,1,0,,27.7598,179,182750,0.83072,72,0,14,,3.01639,61,0,0.1,24,25,0,5.49091,31,,-250,284,,0,0,0,3.44262
1604109605416,10,1010123456036,84,,1,0,4,1,0,,27.4256,195,180047,0.80144,73,0,13,,0,0,0,0,0,0,0,0,0,,-250,308,,0,0,0,0
1604109605666,10,1010123456036,84,,1,0,4,1,0,,26.7342,158,182486,0.670432,67,0,14,,0,0,0,0,0,0,0,0,0,,-249,260,,0,0,0,0
1604109605916,10,1010123456036,84,,1,0,4,1,0,,27.7785,149,182670,0.703008,61,0,14,,0,0,0,0,0,0,0,0,0,,-251,240,,0,0,0,0
1604109606166,10,1010123456036,84,,1,0,4,1,0,,27.0417,48,184653,0.226752,22,0,14,,1.6087,46,0,0.1,18,16.6667,0,3.6319,31,,-249,84,,0,0,0,3.19565
1604109606416,10,1010123456036,84,,1,0,4,1,0,,27.7323,198,182886,0.847424,74,0,14,,0,0,0,0,0,0,0,0,0,,-251,300,,0,0,0,0
1604109606666,10,1010123456036,84,,1,0,4,1,0,,27.2787,183,182734,0.773472,71,0,13.3333,,0,0,0,0,0,0,0,0,0,,-249,288,,0,0,0,0
1604109606916,10,1010123456036,84,,1,0,4,1,0,,27.5899,139,183405,0.663008,59,0,14,,0,0,0,0,0,0,0,0,0,,-250,224,,0,0,0,0
1604109607166,10,1010123456036,84,,1,0,4,1,0,,27.4215,121,183062,0.502464,46,0,14,,4.92683,41,0,0.1,17,29.4118,0,4.90045,31,,-250,192,,0,0,0,4.34146
1604109607416,10,1010123456036,84,,1,0,4,1,0,,27.6985,136,183086,0.65824,58,0,14,,0,0,0,0,0,0,0,0,0,,-250,228,,0,0,0,0
1604109607666,10,1010123456036,84,,1,0,4,1,0,,26.1307,153,182362,0.601184,59,0,12.3333,,0,0,0,0,0,0,0,0,0,,-250,248,,0,0,0,0
1604109607916,10,1010123456036,84,,1,0,4,1,0,,21.7456,114,183290,0.40528,47,0,8.5,,0,0,0,0,0,0,0,0,0,,-250,180,,0,0,0,0
1604109608166,10,1010123456036,84,,1,0,4,1,0,,27.9607,178,181674,0.831936,70,0,14,,8.25,48,0,0.1,19,36.8421,0,8.14229,31,,-250,284,,0,0,0,5.3125
1604109608416,10,1010123456036,84,,1,0,4,1,0,,9.35345,116,183833,0.200384,50,0,4,,0,0,0,0,0,0,0,0,0,,-250,188,,0,0,0,0
1604109608666,10,1010123456036,84,,1,0,4,1,0,,19.0321,156,182030,0.43712,59,0,14,,0,0,0,0,0,0,0,0,0,,-250,252,,0,0,0,0
1604109608916,10,1010123456036,84,,1,0,4,1,0,,21.6871,179,183563,0.69136,74,0,10.3333,,0,0,0,0,0,0,0,0,0,,-250,280,,0,0,0,0
1604109609166,10,1010123456036,84,,1,0,4,1,0,,24.0814,172,182568,0.662208,68,0,14,,2.05263,38,0,0.1,15,6.66667,0,5.84255,31,,-250,280,,0,0,0,2.26316
1604109609416,10,1010123456036,84,,1,0,4,1,0,,27.641,117,183407,0.528736,47,0,14,,0,0,0,0,0,0,0,0,0,,-250,188,,0,0,0,0
1604109609666,10,1010123456036,84,,1,0,4,1,0,,27.736,197,183399,0.907104,79,0,14.3333,,0,0,0,0,0,0,0,0,0,,-250,308,,0,0,0,0
1604109609916,10,1010123456036,84,,1,0,4,1,0,,23.8808,193,183091,0.73312,76,0,10.5,,0,0,0,0,0,0,0,0,0,,-250,312,,0,0,0,0
1604109610166,10,1010123456036,84,,1,0,4,1,0,,23.4967,153,183358,0.61888,64,0,10.75,,3.84375,32,0,0.1,13,30.7692,0,6.48386,31,,-250,248,,0,0,0,3.4375
1604109610416,10,1010123456036,84,,1,0,4,1,0,,27.8099,142,182311,0.66064,57,0,0.1,,0,0,0,0,0,0,0,0,0,,-250,236,,0,0,0,0
1604109610666,10,1010123456036,84,,1,0,4,1,0,,27.7917,168,182743,0.800288,69,0,14,,0,0,0,0,0,0,0,0,0,,-250,284,,0,0,0,0
1604109610916,10,1010123456036,84,,1,0,4,1,0,,27.5261,211,183830,0.975104,88,0,14,,0,0,0,0,0,0,0,0,0,,-250,340,,0,0,0,0
1604109611166,10,1010123456036,84,,1,0,4,1,0,,27.7389,180,183806,0.827136,72,0,14,,9.56667,60,0,0.1,26,57.6923,0,6.94071,31,,-250,292,,0,0,0,6.28333
1604109611416,10,1010123456036,84,,1,0,4,1,0,,27.4,105,182639,0.44816,41,0,0.1,,0,0,0,0,0,0,0,0,0,,-251,168,,0,0,0,0
1604109611666,10,1010123456036,84,,1,0,4,1,0,,25.858,176,182663,0.704672,73,0,13.5,,0,0,0,0,0,0,0,0,0,,-250,288,,0,0,0,0
1604109611916,10,1010123456036,84,,1,0,4,1,0,,27.7394,142,182575,0.641536,56,0,14,,0,0,0,0,0,0,0,0,0,,-250,228,,0,0,0,0
1604109612166,10,1010123456036,84,,1,0,4,1,0,,27.6942,206,182127,0.956032,84,0,14,,7.8,15,0,0.1,6,0,0,14.834,31,,-249,332,,0,0,0,1.4
1604109612416,10,1010123456036,84,,1,0,4,1,0,,27.5399,163,182487,0.72208,65,0,14,,0,0,0,0,0,0,0,0,0,,-250,264,,0,0,0,0
1604109612666,10,1010123456036,84,,1,0,4,1,0,,27.7009,117,183542,0.556192,49,0,14,,0,0,0,0,0,0,0,0,0,,-249,196,,0,0,0,0
1604109612916,10,1010123456036,84,,1,0,4,1,0,,27.3659,123,182839,0.551744,50,0,13.5,,0,0,0,0,0,0,0,0,0,,-250,196,,0,0,0,0
1604109613166,10,1010123456036,84,,1,0,4,1,0,,27.6813,160,183630,0.716128,63,0,14,,7.375,16,0,0.1,6,16.6667,0,7.2766,31,,-250,252,,0,0,0,3.4375
1604109613416,10,1010123456036,84,,1,0,4,1,0,,15.3286,140,183081,0.342624,54,0,10.3333,,0,0,0,0,0,0,0,0,0,,-251,216,,0,0,0,0
1604109613666,10,1010123456036,84,,1,0,4,1,0,,27.7308,156,182329,0.721504,63,0,14,,0,0,0,0,0,0,0,0,0,,-249,252,,0,0,0,0
1604109613916,10,1010123456036,84,,1,0,4,1,0,,23.2731,216,181153,0.807136,83,0,9,,0,0,0,0,0,0,0,0,0,,-250,324,,0,0,0,0
1604109614166,10,1010123456036,84,,1,0,4,1,0,,22.7179,156,182929,0.49696,62,0,12.6667,,0.4,50,0,0.1,20,5,0,4.35208,31,,-250,252,,0,0,0,1.72
1604109614416,10,1010123456036,84,,1,0,4,1,0,,27.7134,164,182561,0.753344,66,0,14,,0,0,0,0,0,0,0,0,0,,-250,264,,0,0,0,0
1604109614666,10,1010123456036,84,,1,0,4,1,0,,20.1917,120,184238,0.431872,50,0,8,,0,0,0,0,0,0,0,0,0,,-250,196,,0,0,0,0
1604109614916,10,1010123456036,84,,1,0,4,1,0,,23.6129,93,184621,0.351552,38,0,13.5,,0,0,0,0,0,0,0,0,0,,-250,152,,0,0,0,0
1604109615166,10,1010123456036,84,,1,0,4,1,0,,11.9558,113,184599,0.195424,44,0,4.5,,3.26667,15,0,0.1,6,0,0,5.7105,31,,-250,184,,0,0,0,2.33333
1604109615416,10,1010123456036,84,,1,0,4,1,0,,18.993,143,183353,0.379488,56,0,14,,0,0,0,0,0,0,0,0,0,,-250,228,,0,0,0,0
1604109615666,10,1010123456036,84,,1,0,4,1,0,,19.7344,192,183230,0.604224,78,0,9.33333,,0,0,0,0,0,0,0,0,0,,-250,304,,0,0,0,0
1604109615916,10,1010123456036,84,,1,0,4,1,0,,24.3118,186,183882,0.664096,75,0,12.5,,0,0,0,0,0,0,0,0,0,,-250,300,,0,0,0,0
1604109616166,10,1010123456036,84,,1,0,4,1,0,,15.9402,117,184182,0.266912,47,0,10.4,,11.7333,15,0,0.1,6,66.6667,0,8.16488,31,,-250,188,,0,0,0,7
1604109616416,10,1010123456036,84,,1,0,4,1,0,,19.7809,178,183616,0.522976,71,0,11,,0,0,0,0,0,0,0,0,0,,-250,288,,0,0,0,0
1604109616666,10,1010123456036,84,,1,0,4,1,0,,26.3293,164,182673,0.656608,67,0,13,,0,0,0,0,0,0,0,0,0,,-250,260,,0,0,0,0
1604109616916,10,1010123456036,84,,1,0,4,1,0,,26.4259,162,183049,0.639904,65,0,13,,0,0,0,0,0,0,0,0,0,,-250,260,,0,0,0,0
1604109617166,10,1010123456036,84,,1,0,8,1,0,,15.9065,139,184335,0.382336,55,0,4,,3.46875,32,0,0.1,13,30.7692,0,6.31649,31,,-250,358,,0,0,0,3.6875
1604109617416,10,1010123456036,84,,1,0,8,1,0,,17.8385,161,184179,0.696576,66,0,12.6667,,0,0,0,0,0,0,0,0,0,,-250,448,,0,0,0,0
1604109617666,10,1010123456036,84,,1,0,8,1,0,,14.4903,155,178502,0.470944,63,0,9.33333,,0,0,0,0,0,0,0,0,0,,-250,422,,0,0,0,0
1604109617916,10,1010123456036,84,,1,0,8,1,0,,26.0532,188,165448,1.35811,73,0,13,,0,0,0,0,0,0,0,0,0,,-251,562,,0,0,0,0
1604109618166,10,1010123456036,84,,1,0,8,1,0,,16.9565,184,169206,0.874336,76,0,9.4,,6.17647,17,0,0.1,7,14.2857,0,10.4296,31,,-250,542,,0,0,0,2.88235
1604109618416,10,1010123456036,84,,1,0,8,1,0,,25.8118,186,156487,1.40102,74,0,12.5,,0,0,0,0,0,0,0,0,0,,-250,568,,0,0,0,0
1604109618666,10,1010123456036,84,,1,0,8,1,0,,22.7892,166,157155,0.928352,63,0,11.25,,0,0,0,0,0,0,0,0,0,,-250,480,,0,0,0,0
1604109618916,10,1010123456036,84,,1,0,8,1,0,,21.4842,190,153783,1.05181,77,0,11.5,,0,0,0,0,0,0,0,0,0,,-250,602,,0,0,0,0
1604109619166,10,1010123456036,84,,1,0,8,1,0,,15.4714,210,156699,0.91664,86,0,9.83333,,4.5625,16,0,0.1,7,0,0,6.65159,31,,-250,612,,0,0,0,1.625
1604109619416,10,1010123456036,84,,1,0,8,1,0,,16.7425,233,152071,1.0808,91,0,7.66667,,0,0,0,0,0,0,0,0,0,,-249,692,,0,0,0,0
1604109619666,10,1010123456036,84,,1,0,8,1,0,,23.3892,185,147332,1.12112,75,0,12.3333,,0,0,0,0,0,0,0,0,0,,-251,530,,0,0,0,0
1604109619916,10,1010123456036,84,,1,0,8,1,0,,19.6447,197,146313,1.0064,80,0,9.8,,0,0,0,0,0,0,0,0,0,,-249,596,,0,0,0,0
1604109620166,10,1010123456036,84,,1,0,8,1,0,,22.4472,199,140558,1.17936,79,0,9.8,,0.622642,53,0,0.1,21,0,0,5.17933,31,,-250,584,,0,0,0,1.16981
1604109620416,10,1010123456036,84,,1,0,8,1,0,,20.5282,195,140993,0.920096,77,0,12.6667,,0,0,0,0,0,0,0,0,0,,-250,504,,0,0,0,0
1604109620666,10,1010123456036,84,,1,0,8,1,0,,21.1657,169,140523,1.01203,69,0,9,,0,0,0,0,0,0,0,0,0,,-250,522,,0,0,0,0
1604109620916,10,1010123456036,84,,1,0,8,1,0,,25.987,154,136061,1.09094,62,0,13.25,,0,0,0,0,0,0,0,0,0,,-250,440,,0,0,0,0
1604109621166,10,1010123456036,84,,1,0,8,1,0,,19.2195,164,139944,0.869184,69,0,9.8,,7.6,15,0,0.1,6,33.3333,0,9.00104,31,,-250,508,,0,0,0,4.2
1604109621416,10,1010123456036,84,,1,0,8,1,0,,13.1762,193,147798,0.675456,77,0,8.66667,,0,0,0,0,0,0,0,0,0,,-250,616,,0,0,0,0
1604109621666,10,1010123456036,84,,1,0,8,1,0,,25.027,185,137477,1.35242,79,0,12.5,,0,0,0,0,0,0,0,0,0,,-250,562,,0,0,0,0
1604109621916,10,1010123456036,84,,1,0,8,1,0,,17.8777,188,140754,0.834432,70,0,9.5,,0,0,0,0,0,0,0,0,0,,-250,538,,0,0,0,0
1604109622166,10,1010123456036,84,,1,0,8,1,0,,19.7647,170,144286,0.865376,67,0,9,,0.976744,43,0,0.1,17,0,0,6.24414,31,,-250,450,,0,0,0,1.13953
1604109622416,10,1010123456036,84,,1,0,8,1,0,,7.61453,179,163550,0.353568,73,0,11.3333,,0,0,0,0,0,0,0,0,0,,-250,542,,0,0,0,0
1604109622666,10,1010123456036,84,,1,0,8,1,0,,15.7261,157,176868,0.541984,66,0,9.25,,0,0,0,0,0,0,0,0,0,,-250,418,,0,0,0,0
1604109622916,10,1010123456036,84,,1,0,8,1,0,,19.6957,138,177506,0.708832,58,0,10.4,,0,0,0,0,0,0,0,0,0,,-250,412,,0,0,0,0
1604109623166,10,1010123456036,84,,1,0,8,1,0,,25.388,183,168628,1.23958,71,0,13,,3.23256,43,0,0.1,17,23.5294,0,6.16615,31,,-250,526,,0,0,0,3.69768
1604109623416,10,1010123456036,84,,1,0,8,1,0,,25.03,200,156043,1.3328,82,0,13.25,,0,0,0,0,0,0,0,0,0,,-250,572,,0,0,0,0
1604109623666,10,1010123456036,84,,1,0,8,1,0,,22.797,197,154191,1.10746,78,0,10,,0,0,0,0,0,0,0,0,0,,-250,492,,0,0,0,0
1604109623916,10,1010123456036,84,,1,0,8,1,0,,20.897,165,154514,0.93056,68,0,13,,0,0,0,0,0,0,0,0,0,,-250,500,,0,0,0,0
1604109624166,10,1010123456036,84,,1,0,8,1,0,,5.16049,162,176383,0.309216,62,0,2.66667,,7.26316,19,0,0.1,9,33.3333,0,3.91823,31,,-250,528,,0,0,0,4.42105
1604109624416,10,1010123456036,84,,1,0,8,1,0,,23.3838,185,166939,1.2177,74,0,13,,0,0,0,0,0,0,0,0,0,,-251,568,,0,0,0,0
1604109624666,10,1010123456036,84,,1,0,8,1,0,,24.5543,184,160825,1.16883,72,0,12.5,,0,0,0,0,0,0,0,0,0,,-250,518,,0,0,0,0
1604109624916,10,1010123456036,84,,1,0,8,1,0,,20.6629,175,165099,0.896928,73,0,7,,0,0,0,0,0,0,0,0,0,,-249,484,,0,0,0,0
1604109625166,10,1010123456036,84,,1,0,8,1,0,,22.2065,184,168903,0.753696,71,0,12.3333,,1.54386,57,0,0.1,23,8.69565,0,4.40527,31,,-249,410,,0,0,0,2.08772
1604109625416,10,1010123456036,84,,1,0,8,1,0,,26.2303,178,155859,1.40502,75,0,13,,0,0,0,0,0,0,0,0,0,,-251,560,,0,0,0,0
1604109625666,10,1010123456036,84,,1,0,8,1,0,,25.3854,192,149268,1.196,75,0,13,,0,0,0,0,0,0,0,0,0,,-249,494,,0,0,0,0
1604109625916,10,1010123456036,84,,1,0,8,1,0,,20.731,171,147630,1.03616,71,0,10.25,,0,0,0,0,0,0,0,0,0,,-250,530,,0,0,0,0
1604109626166,10,1010123456036,84,,1,0,8,1,0,,23.7964,167,145782,1.04989,65,0,12,,1.01923,52,0,0.1,21,9.52381,0,4.0543,31,,-251,482,,0,0,0,2.07692
1604109626416,10,1010123456036,84,,1,0,8,1,0,,24.4535,172,139649,1.1456,68,0,13.5,,0,0,0,0,0,0,0,0,0,,-250,526,,0,0,0,0
1604109626666,10,1010123456036,84,,1,0,8,1,0,,27.2025,163,125726,1.3728,64,0,13,,0,0,0,0,0,0,0,0,0,,-249,500,,0,0,0,0
1604109626916,10,1010123456036,84,,1,0,8,1,0,,25.9901,201,109835,1.45062,80,0,13,,0,0,0,0,0,0,0,0,0,,-250,606,,0,0,0,0
1604109627166,10,1010123456036,84,,1,0,8,1,0,,24.7542,179,102174,1.31891,78,0,12.3333,,1.1831,71,0,0.1,29,27.5862,0,3.49407,31,,-250,534,,0,0,0,3.69014
1604109627416,10,1010123456036,84,,1,0,8,1,0,,24.55,180,94678,1.19661,72,0,13,,0,0,0,0,0,0,0,0,0,,-250,536,,0,0,0,0
1604109627666,10,1010123456036,84,,1,0,8,1,0,,25.9064,171,85086,1.28058,70,0,13,,0,0,0,0,0,0,0,0,0,,-250,522,,0,0,0,0
1604109627916,10,1010123456036,84,,1,0,8,1,0,,25.595,200,69871,1.46339,83,0,0.1,,0,0,0,0,0,0,0,0,0,,-250,604,,0,0,0,0
1604109628166,10,1010123456036,84,,1,0,8,1,0,,25.8125,192,56231,1.33734,76,0,14,,1.60656,61,0,0.1,24,16.6667,0,4.08083,31,,-250,548,,0,0,0,2.86885
1604109628416,10,1010123456036,84,,1,0,8,1,0,,26.0821,195,40896,1.47354,76,0,13,,0,0,0,0,0,0,0,0,0,,-250,588,,0,0,0,0
1604109628666,10,1010123456036,84,,1,0,8,1,0,,25.3653,219,23507,1.53146,88,0,13,,0,0,0,0,0,0,0,0,0,,-250,644,,0,0,0,0
1604109628916,10,1010123456036,84,,1,0,8,1,0,,25.6587,167,20474,1.05155,65,0,13,,0,0,0,0,0,0,0,0,0,,-250,446,,0,0,0,0
1604109629166,10,1010123456036,84,,1,0,8,1,0,,8.91803,183,34227,0.51024,73,0,7.5,,1.08621,58,0,0.1,24,20.8333,0,3.65267,31,,-250,566,,0,0,0,3.2069
1604109629416,10,1010123456036,84,,1,0,8,1,0,,13.8534,191,40621,0.846432,76,0,0.1,,0,0,0,0,0,0,0,0,0,,-250,576,,0,0,0,0
1604109629666,10,1010123456036,84,,1,0,8,1,0,,20.5054,184,37314,0.982272,75,0,12.2,,0,0,0,0,0,0,0,0,0,,-250,576,,0,0,0,0
1604109629916,10,1010123456036,84,,1,0,8,1,0,,24.5926,189,30886,1.26061,78,0,12.5,,0,0,0,0,0,0,0,0,0,,-250,508,,0,0,0,0
1604109630166,10,1010123456036,84,,1,0,8,1,0,,24.7042,240,11679,1.54374,94,0,12.5,,1.27778,72,0,0.1,29,27.5862,0,3.63852,31,,-250,694,,0,0,0,3.88889
1604109630416,10,1010123456036,84,,1,0,8,1,0,,24.5692,195,3369,1.27299,77,0,12.2,,0,0,0,0,0,0,0,0,0,,-250,546,,0,0,0,0
1604109630666,10,1010123456036,84,,1,0,8,1,0,,17.5474,190,8506,0.843392,75,0,6.5,,0,0,0,0,0,0,0,0,0,,-111,514,,0,0,0,0
1604109630916,10,1010123456036,84,,1,0,8,1,0,,22.2077,183,5660,0.993952,72,0,12,,0,0,0,0,0,0,0,0,0,,-250,528,,0,0,0,0
1604109631166,10,1010123456036,84,,1,0,8,1,0,,24.0353,170,8220,0.897984,72,0,13,,5.31683,101,0,0.1,39,43.5897,0,3.53005,31,,79,384,,0,0,0,5.19802
1604109631416,10,1010123456036,84,,1,0,8,1,0,,23.7385,195,4356,1.0583,76,0,12.6667,,0,0,0,0,0,0,0,0,0,,-250,516,,0,0,0,0
1604109631666,10,1010123456036,84,,1,0,8,1,0,,23.2043,186,0,1.12246,75,0,12,,0,0,0,0,0,0,0,0,0,,222,530,,0,0,0,0
1604109631916,10,1010123456036,84,,1,0,8,1,0,,22.3295,173,2712,0.922752,74,0,12,,0,0,0,0,0,0,0,0,0,,184,442,,0,0,0,0
1604109632166,10,1010123456036,84,,1,0,8,1,0,,24.1273,165,793,1.0336,65,0,12.6667,,2.84314,51,0,0.1,20,15,0,4.80209,31,,641,462,,0,0,0,2.94118
1604109632416,10,1010123456036,84,,1,0,8,1,0,,23.7401,177,1114,0.941824,68,0,12,,0,0,0,0,0,0,0,0,0,,658,450,,0,0,0,0
1604109632666,10,1010123456036,84,,1,0,8,1,0,,25.6918,146,0,0.976544,57,0,15,,0,0,0,0,0,0,0,0,0,,742,380,,0,0,0,0
1604109632916,10,1010123456036,84,,1,0,8,1,0,,1.05988,167,27328,0.187712,66,0,1,,0,0,0,0,0,0,0,0,0,,-224,508,,0,0,0,0
1604109633166,10,1010123456036,84,,1,0,8,1,0,,5.73288,146,48704,0.289472,64,0,12,,4.34146,41,0,0.1,17,70.5882,0,1.90629,31,,-250,474,,0,0,0,8.07317
1604109633416,10,1010123456036,84,,1,0,8,1,0,,24.3077,182,37780,1.30598,76,0,12,,0,0,0,0,0,0,0,0,0,,-250,600,,0,0,0,0
1604109633666,10,1010123456036,84,,1,0,8,1,0,,23.6257,187,30727,1.16566,71,0,12,,0,0,0,0,0,0,0,0,0,,-250,568,,0,0,0,0
1604109633916,10,1010123456036,84,,1,0,8,1,0,,22.7879,198,21662,1.25914,80,0,11,,0,0,0,0,0,0,0,0,0,,-250,612,,0,0,0,0
1604109634166,10,1010123456036,84,,1,0,8,1,0,,20.9897,195,22460,0.916768,77,0,11.3333,,0.1,53,0,0.1,22,13.6364,0,3.2056,31,,-250,536,,0,0,0,2.39623
1604109634416,10,1010123456036,84,,1,0,8,1,0,,20.9941,169,25450,0.863328,67,0,11,,0,0,0,0,0,0,0,0,0,,-250,498,,0,0,0,0
1604109634666,10,1010123456036,84,,1,0,8,1,0,,20.9763,169,30440,0.868608,68,0,11,,0,0,0,0,0,0,0,0,0,,-250,452,,0,0,0,0
1604109634916,10,1010123456036,84,,1,0,8,1,0,,20.698,202,32550,0.907424,83,0,11,,0,0,0,0,0,0,0,0,0,,-250,526,,0,0,0,0
1604109635166,10,1010123456036,84,,1,0,8,1,0,,21.3609,169,45307,0.563584,68,0,11.5,,1.6,45,0,0.1,18,5.55556,0,7.24932,31,,-250,316,,0,0,0,1.6
1604109635416,10,1010123456036,84,,1,0,8,1,0,,20.2791,172,51573,0.74992,67,0,0.1,,0,2,0,0.1,1,0,0,0,31,,-250,454,,0,0,0,0
1604109635666,10,1010123456036,84,,1,0,8,1,0,,21.0782,179,53134,0.92864,74,0,0.1,,0,0,0,0,0,0,0,0,0,,-250,526,,0,0,0,0
1604109635916,10,1010123456036,84,,1,0,8,1,0,,18.6621,219,51151,1.0601,88,0,8.33333,,0,2,0,0.1,1,0,0,0,31,,-250,666,,0,0,0,0
1604109636166,10,1010123456036,84,,1,0,8,1,0,,1.75141,177,78713,0.08672,71,0,0.1,,1.67347,49,0,0.1,18,5.55556,0,4.19229,31,,-250,582,,0,0,0,1.85714
1604109636416,10,1010123456036,84,,1,0,8,1,0,,6.37255,153,100740,0.253088,62,0,11,,0,0,0,0,0,0,0,0,0,,-250,478,,0,0,0,0
1604109636666,10,1010123456036,84,,1,0,8,1,0,,20.7463,205,101863,0.942592,80,0,11,,0,0,0,0,0,0,0,0,0,,-250,540,,0,0,0,0
1604109636916,10,1010123456036,84,,1,0,8,1,0,,18.5,174,108766,0.67376,70,0,9.5,,0,0,0,0,0,0,0,0,0,,-250,470,,0,0,0,0
1604109637166,10,1010123456036,84,,1,0,8,1,0,,23.1123,187,103691,1.12528,73,0,11.6667,,6.26316,38,0,0.1,15,20,0,5.80693,31,,-250,556,,0,0,0,4.47368
1604109637416,10,1010123456036,84,,1,0,8,1,0,,24.1978,182,103253,1.01254,72,0,12.5,,0,0,0,0,0,0,0,0,0,,-250,450,,0,0,0,0
1604109637666,10,1010123456036,84,,1,0,8,1,0,,12.5156,192,114125,0.634816,78,0,9,,0,0,0,0,0,0,0,0,0,,-251,574,,0,0,0,0
1604109637916,10,1010123456036,84,,1,0,8,1,0,,21.9195,174,114069,0.950432,65,0,11,,0,0,0,0,0,0,0,0,0,,-250,520,,0,0,0,0
1604109638166,10,1010123456036,84,,1,0,8,1,0,,17.8509,161,119480,0.843424,68,0,9.66667,,4.53846,26,0,0.1,11,36.3636,0,4.45457,31,,-249,540,,0,0,0,4.30769
1604109638416,10,1010123456036,84,,1,0,8,1,0,,21.967,212,116071,1.05648,82,0,11,,0,0,0,0,0,0,0,0,0,,-251,586,,0,0,0,0
1604109638666,10,1010123456036,84,,1,0,8,1,0,,21.1457,199,113956,1.05658,80,0,0.1,,0,0,0,0,0,0,0,0,0,,-249,580,,0,0,0,0
1604109638916,10,1010123456036,84,,1,0,8,1,0,,21.4136,162,115505,0.9232,66,0,11,,0,0,0,0,0,0,0,0,0,,-251,512,,0,0,0,0
1604109639166,10,1010123456036,84,,1,0,8,1,0,,18.3257,175,121657,0.75584,68,0,10.25,,2.57895,76,0,0.1,31,45.1613,0,3.53482,31,,-249,512,,0,0,0,4.98684
1604109639416,10,1010123456036,84,,1,0,8,1,0,,20.9278,194,119146,1.05421,80,0,0.1,,0,0,0,0,0,0,0,0,0,,-250,608,,0,0,0,0
1604109639666,10,1010123456036,84,,1,0,8,1,0,,21.5238,168,120222,0.927264,65,0,11,,0,0,0,0,0,0,0,0,0,,-250,516,,0,0,0,0
1604109639916,10,1010123456036,84,,1,0,8,1,0,,21.1405,185,118839,1.02077,79,0,11,,0,0,0,0,0,0,0,0,0,,-250,550,,0,0,0,0
1604109640166,10,1010123456036,84,,1,0,8,1,0,,21.1561,173,120094,0.91504,67,0,11,,0.588235,51,0,0.1,20,0,0,5.24835,31,,-250,526,,0,0,0,1.03922
1604109640416,10,1010123456036,84,,1,0,8,1,0,,21.1635,159,124942,0.80592,61,0,0.1,,0,0,0,0,0,0,0,0,0,,-250,464,,0,0,0,0
1604109640666,10,1010123456036,84,,1,0,8,1,0,,21.6619,210,118068,1.17699,81,0,11.5,,0,0,0,0,0,0,0,0,0,,-250,652,,0,0,0,0
1604109640916,10,1010123456036,84,,1,0,8,1,0,,21.1296,162,119940,0.93056,68,0,0.1,,0,0,0,0,0,0,0,0,0,,-250,520,,0,0,0,0
1604109641166,10,1010123456036,84,,1,0,8,1,0,,21.2984,191,117559,1.0537,76,0,11,,2.68966,58,0,0.1,23,17.3913,0,5.30031,31,,-250,588,,0,0,0,2.91379
1604109641416,11,1010123456036,84,,1,0,8,1,0,,21.28,175,120265,0.868768,69,0,11.25,,0,0,0,0,0,0,0,0,0,,-250,492,,0,0,0,0
1604109641666,11,1010123456036,84,,1,0,8,1,0,,21.4436,133,128023,0.722464,53,0,0.1,,0,0,0,0,0,0,0,0,0,,-250,400,,0,0,0,0
1604109641916,10,1010123456036,84,,1,0,8,1,0,,21.1968,127,137312,0.688448,54,0,0.1,,0,0,0,0,0,0,0,0,0,,-250,380,,0,0,0,0
1604109642166,10,1010123456036,84,,1,0,8,1,0,,21.0414,169,141121,0.878016,70,0,0.1,,1.31707,41,0,0.1,17,5.88235,0,4.58635,31,,-250,488,,0,0,0,2.26829
1604109642416,10,1010123456036,84,,1,0,8,1,0,,21.7136,199,135807,1.10781,79,0,12,,0,0,0,0,0,0,0,0,0,,-250,620,,0,0,0,0
1604109642666,10,1010123456036,84,,1,0,8,1,0,,22.6462,195,131196,1.14755,77,0,11,,0,0,0,0,0,0,0,0,0,,-250,564,,0,0,0,0
1604109642916,10,1010123456036,84,,1,0,8,1,0,,20.967,182,129847,0.956288,72,0,11,,0,0,0,0,0,0,0,0,0,,-250,556,,0,0,0,0
1604109643166,10,1010123456036,84,,1,0,8,1,0,,20.8717,187,128951,0.988128,75,0,11,,2.71739,46,0,0.1,18,5.55556,0,6.18256,31,,-250,584,,0,0,0,1.97826
1604109643416,10,1010123456036,84,,1,0,8,1,0,,21.472,214,122698,1.20611,87,0,11,,0,0,0,0,0,0,0,0,0,,-250,648,,0,0,0,0
1604109643666,10,1010123456036,84,,1,0,8,1,0,,21.5509,216,116130,1.17501,87,0,11.5,,0,0,0,0,0,0,0,0,0,,-250,636,,0,0,0,0
1604109643916,10,1010123456036,84,,1,0,8,1,0,,20.2222,189,119561,0.861888,76,0,10.8,,0,0,0,0,0,0,0,0,0,,-250,514,,0,0,0,0
1604109644166,9,1010123456036,84,,1,0,8,1,0,,21.6098,164,120119,0.942848,68,0,12,,0,8,0,0,4,100,0,0,0,,-251,524,,0,0,0,0
1604109644416,9,1010123456036,84,,1,0,8,1,0,,24.0419,215,105644,1.46394,88,0,12,,2.32432,37,0,0.1,15,26.6667,0,4.09172,31,,-250,664,,0,0,0,3.40541
1604109644666,9,1010123456036,84,,1,0,8,1,0,,23.984,250,84223,1.62323,94,0,12,,0,0,0,0,0,0,0,0,0,,-250,764,,0,0,0,0
1604109644916,9,1010123456036,84,,1,0,8,1,0,,20.281,210,77477,1.21334,87,0,9,,0,0,0,0,0,0,0,0,0,,-249,646,,0,0,0,0
1604109645166,9,1010123456036,84,,1,0,8,1,0,,23.0754,199,66587,1.35376,83,0,10.6667,,1.17021,47,0,0.1,19,0,0,5.77837,31,,-250,632,,0,0,0,1
1604109645416,9,1010123456036,84,,1,0,8,1,0,,13.7333,195,77303,0.595648,76,0,13,,0,0,0,0,0,0,0,0,0,,-250,570,,0,0,0,0
1604109645666,9,1010123456036,84,,1,0,8,1,0,,14.8208,173,83775,0.804128,69,0,8.66667,,0,0,0,0,0,0,0,0,0,,-249,540,,0,0,0,0
1604109645916,9,1010123456036,84,,1,0,8,1,0,,12.1593,182,92138,0.62496,73,0,12.5,,0,0,0,0,0,0,0,0,0,,-250,562,,0,0,0,0
1604109646166,9,1010123456036,84,,1,0,8,1,0,,23.3684,228,78325,1.45408,92,0,6,,2.875,40,0,0.1,17,17.6471,0,4.84709,31,,-250,672,,0,0,0,3.25
1604109646416,9,1010123456036,84,,1,0,8,1,0,,14.9312,189,82084,0.792928,75,0,13,,0,0,0,0,0,0,0,0,0,,-250,592,,0,0,0,0
1604109646666,9,1010123456036,84,,1,0,8,1,0,,26.1375,240,58204,1.69267,92,0,13,,0,0,0,0,0,0,0,0,0,,-250,704,,0,0,0,0
1604109646916,9,1010123456036,84,,1,0,8,1,0,,21.2887,194,51589,1.21469,80,0,6.5,,0,0,0,0,0,0,0,0,0,,-250,588,,0,0,0,0
1604109647166,9,1010123456036,84,,1,0,8,1,0,,25.9429,210,33298,1.60358,88,0,13,,1.66154,65,0,0.1,26,23.0769,0,3.75505,31,,-250,632,,0,0,0,3.46154
1604109647416,9,1010123456036,84,,1,0,8,1,0,,25.8495,206,15036,1.53936,81,0,13,,0,0,0,0,0,0,0,0,0,,-250,640,,0,0,0,0
1604109647666,10,1010123456036,84,,1,0,8,1,0,,26.1127,142,10746,1.11046,58,0,13,,0,0,0,0,0,0,0,0,0,,-250,448,,0,0,0,0
1604109647916,10,1010123456036,84,,1,0,8,1,0,,25.1611,180,689,1.28906,72,0,15,,0,0,0,0,0,0,0,0,0,,235,528,,0,0,0,0
1604109648166,9,1010123456036,84,,1,0,8,1,0,,24.5658,152,1169,1.02646,63,0,13,,0.1,49,0,0.1,20,0,0,2.30857,31,,847,414,,0,0,0,2.18367
1604109648416,9,1010123456036,84,,1,0,8,1,0,,24.5724,152,1633,0.931424,59,0,13,,0,0,0,0,0,0,0,0,0,,757,416,,0,0,0,0
1604109648666,9,1010123456036,84,,1,0,8,1,0,,21,160,4610,0.916096,63,0,9.33333,,0,0,0,0,0,0,0,0,0,,495,460,,0,0,0,0
1604109648916,9,1010123456036,84,,1,0,8,1,0,,19.6871,179,2570,0.959392,75,0,10.5,,0,0,0,0,0,0,0,0,0,,271,544,,0,0,0,0
1604109649166,9,1010123456036,84,,1,0,8,1,0,,24.9645,169,666,1.03507,68,0,14,,1.33333,45,0,0.1,19,5.26316,0,4.85776,31,,378,418,,0,0,0,1.55556
1604109649416,8,1010123456036,84,,1,0,8,1,0,,25.1367,139,153,0.995776,58,0,13,,0,0,0,0,0,0,0,0,0,,369,418,,0,0,0,0
1604109649666,8,1010123456036,84,,1,0,8,1,0,,19.3771,175,2352,0.886624,68,0,10.4,,0,0,0,0,0,0,0,0,0,,346,492,,0,0,0,0
1604109649916,8,1010123456036,84,,1,0,8,1,0,,23.2857,175,665,1.06198,69,0,11,,0,0,0,0,0,0,0,0,0,,656,476,,0,0,0,0
1604109650166,8,1010123456036,84,,1,0,8,1,0,,22.2278,180,177,0.979776,70,0,13,,2.96667,30,0,0.1,12,0,0,5.7661,31,,694,498,,0,0,0,1.66667
1604109650416,8,1010123456036,84,,1,0,8,1,0,,24.1977,172,201,0.977344,68,0,0.1,,0,0,0,0,0,0,0,0,0,,663,422,,0,0,0,0
1604109650666,8,1010123456036,84,,1,0,8,1,0,,18.9105,190,1343,0.906432,74,0,11,,0,0,0,0,0,0,0,0,0,,194,554,,0,0,0,0
1604109650916,8,1010123456036,84,,1,0,8,1,0,,24.5855,152,175,1.04733,65,0,0.1,,0,0,0,0,0,0,0,0,0,,628,436,,0,0,0,0
1604109651166,8,1010123456036,84,,1,0,8,1,0,,24,158,1433,0.929984,64,0,13,,0.37037,54,0,0.1,22,0,0,4.59667,31,,765,410,,0,0,0,1.27778
1604109651416,8,1010123456036,84,,1,0,8,1,0,,23.7579,223,1433,1.00147,90,0,13,,0,0,0,0,0,0,0,0,0,,508,438,,0,0,0,0
1604109651666,8,1010123456036,84,,1,0,8,1,0,,24.037,162,0,0.976128,66,0,0.1,,0,0,0,0,0,0,0,0,0,,967,440,,0,0,0,0
1604109651916,8,1010123456036,84,,1,0,8,1,0,,24.6738,141,1309,0.9192,57,0,0.1,,0,0,0,0,0,0,0,0,0,,519,400,,0,0,0,0
1604109652166,8,1010123456036,84,,1,0,8,1,0,,24.0062,162,0,1.01309,65,0,0.1,,6,33,0,0.1,13,30.7692,0,4.64667,31,,1058,450,,0,0,0,4.21212
1604109652416,8,1010123456036,84,,1,0,8,1,0,,20.0811,185,2171,0.916224,76,0,8.5,,0,0,0,0,0,0,0,0,0,,428,502,,0,0,0,0
1604109652666,8,1010123456036,84,,1,0,8,1,0,,24.2258,217,0,1.03734,85,0,13,,0,0,0,0,0,0,0,0,0,,-63,458,,0,0,0,0
1604109652916,8,1010123456036,84,,1,0,8,1,0,,23.3145,159,337,0.981728,65,0,12.5,,0,0,0,0,0,0,0,0,0,,968,460,,0,0,0,0
1604109653166,8,1010123456036,84,,1,0,8,1,0,,23.9308,159,0,0.976832,62,0,13,,1.79221,77,0,0.1,32,34.375,0,4.00337,31,,834,450,,0,0,0,4.16883
1604109653416,8,1010123456036,84,,1,0,8,1,0,,15.2156,218,6109,0.80448,84,0,8,,0,0,0,0,0,0,0,0,0,,-90,648,,0,0,0,0
1604109653666,8,1010123456036,84,,1,0,8,1,0,,11.9665,239,14788,0.703008,99,0,8.33333,,0,0,0,0,0,0,0,0,0,,-250,760,,0,0,0,0
1604109653916,8,1010123456036,84,,1,0,8,1,0,,8.99061,213,33539,0.381536,86,0,0.1,,0,0,0,0,0,0,0,0,0,,-250,638,,0,0,0,0
1604109654166,8,1010123456036,84,,1,0,8,1,0,,24.7385,218,15903,1.53462,89,0,13,,1.64912,57,0,0.1,23,17.3913,0,4.72956,31,,-250,660,,0,0,0,2.4386
1604109654416,8,1010123456036,84,,1,0,8,1,0,,21.1992,236,1433,1.42579,94,0,10.3333,,0,0,0,0,0,0,0,0,0,,-236,726,,0,0,0,0
1604109654666,8,1010123456036,84,,1,0,8,1,0,,23.6084,166,0,1.00595,66,0,12.5,,0,0,0,0,0,0,0,0,0,,852,456,,0,0,0,0
1604109654916,8,1010123456036,84,,1,0,8,1,0,,23.7516,161,0,0.940928,62,0,12.5,,0,0,0,0,0,0,0,0,0,,710,446,,0,0,0,0
1604109655166,8,1010123456036,84,,1,0,8,1,0,,24.6387,155,0,0.93408,58,0,13,,1.02439,41,0,0.1,16,0,0,5.90423,31,,760,422,,0,0,0,1.07317
1604109655416,8,1010123456036,84,,1,0,8,1,0,,24.2609,161,0,1.02042,66,0,13,,0,0,0,0,0,0,0,0,0,,735,422,,0,0,0,0
1604109655666,8,1010123456036,84,,1,0,8,1,0,,17.4385,187,4543,0.874976,76,0,9,,0,0,0,0,0,0,0,0,0,,322,514,,0,0,0,0
1604109655916,8,1010123456036,84,,1,0,8,1,0,,24.1786,168,3281,1.01328,67,0,13,,0,0,0,0,0,0,0,0,0,,313,442,,0,0,0,0
1604109656166,8,1010123456036,84,,1,0,8,1,0,,24.8374,166,0,1.04979,66,0,13,,0.375,48,0,0.1,19,0,0,5.56138,31,,853,464,,0,0,0,1.04167
1604109656416,8,1010123456036,84,,1,0,8,1,0,,24.4277,159,197,0.939808,61,0,13,,0,0,0,0,0,0,0,0,0,,618,420,,0,0,0,0
1604109656666,8,1010123456036,84,,1,0,8,1,0,,24.7758,165,0,1.01696,66,0,14,,0,0,0,0,0,0,0,0,0,,736,420,,0,0,0,0
1604109656916,8,1010123456036,84,,1,0,8,1,0,,13.75,196,5915,0.774432,76,0,10.4,,0,0,0,0,0,0,0,0,0,,122,578,,0,0,0,0
1604109657166,8,1010123456036,84,,1,0,8,1,0,,24.3105,190,553,1.14934,73,0,13,,1.77273,44,0,0.1,18,27.7778,0,3.33267,31,,744,504,,0,0,0,3.63636
1604109657416,8,1010123456036,84,,1,0,8,1,0,,16.9192,198,2387,0.939904,81,0,8.2,,0,0,0,0,0,0,0,0,0,,78,602,,0,0,0,0
1604109657666,8,1010123456036,84,,1,0,8,1,0,,4.73182,220,21086,0.365632,87,0,4.5,,0,0,0,0,0,0,0,0,0,,-26,686,,0,0,0,0
1604109657916,8,1010123456036,84,,1,0,8,1,0,,18.7796,245,12362,1.23869,97,0,9.75,,0,0,0,0,0,0,0,0,0,,-250,730,,0,0,0,0
1604109658166,8,1010123456036,84,,1,0,8,1,0,,17.4545,220,11496,1.00877,88,0,8.6,,4.72464,69,0,0.1,27,22.2222,0,8.13061,31,,-250,628,,0,0,0,3.2029
1604109658416,8,1010123456036,84,,1,0,8,1,0,,22.3026,228,0,1.316,89,0,12.6,,0,0,0,0,0,0,0,0,0,,-62,678,,0,0,0,0
1604109658666,8,1010123456036,84,,1,0,8,1,0,,19.623,191,177,0.976,82,0,9.75,,0,0,0,0,0,0,0,0,0,,502,538,,0,0,0,0
1604109658916,8,1010123456036,84,,1,0,8,1,0,,16.8178,214,0,0.979104,85,0,10.6,,0,0,0,0,0,0,0,0,0,,72,638,,0,0,0,0
1604109659166,8,1010123456036,84,,1,0,8,1,0,,12.7768,224,10598,0.6688,92,0,6.75,,6.8,15,0,0.1,5,0,0,10.6978,31,,-244,644,,0,0,0,1
1604109659416,8,1010123456036,84,,1,0,8,1,0,,16.2569,218,12907,0.914272,88,0,9.33333,,0,0,0,0,0,0,0,0,0,,-250,652,,0,0,0,0
1604109659666,8,1010123456036,84,,1,0,8,1,0,,13.2308,260,12541,0.987648,100,0,10,,0,0,0,0,0,0,0,0,0,,-250,790,,0,0,0,0
1604109659916,8,1010123456036,84,,1,0,8,1,0,,24.2258,186,1433,1.29494,78,0,13.6,,0,0,0,0,0,0,0,0,0,,243,554,,0,0,0,0
1604109660166,8,1010123456036,84,,1,0,8,1,0,,19.8534,191,2284,0.950176,77,0,10.8571,,10.1667,12,0,0.1,5,0,0,14.3533,31,,-45,538,,0,0,0,1.25
1604109660416,8,1010123456036,84,,1,0,8,1,0,,16.0691,217,5966,0.852288,83,0,8.6,,0,0,0,0,0,0,0,0,0,,190,614,,0,0,0,0
1604109660666,8,1010123456036,84,,1,0,8,1,0,,20.6779,208,0,1.17197,92,0,11.5,,0,0,0,0,0,0,0,0,0,,-156,658,,0,0,0,0
1604109660916,8,1010123456036,84,,1,0,8,1,0,,13.3131,214,7957,0.640672,82,0,8,,0,0,0,0,0,0,0,0,0,,174,640,,0,0,0,0
1604109661166,8,1010123456036,84,,1,0,8,1,0,,23.8606,208,0,1.2951,85,0,13,,6.41667,24,0,0.1,10,30,0,4.8399,31,,18,550,,0,0,0,4
1604109661416,8,1010123456036,84,,1,0,8,1,0,,20.4359,156,5482,0.704672,62,0,9.75,,0,0,0,0,0,0,0,0,0,,133,400,,0,0,0,0
1604109661666,8,1010123456036,84,,1,0,8,1,0,,24.2711,166,905,1.22566,72,0,12.6667,,0,0,0,0,0,0,0,0,0,,423,492,,0,0,0,0
1604109661916,8,1010123456036,84,,1,0,8,1,0,,21.607,201,401,0.961184,81,0,12.6,,0,0,0,0,0,0,0,0,0,,713,516,,0,0,0,0
1604109662166,8,1010123456036,84,,1,0,8,1,0,,21.2308,169,1716,0.957024,67,0,10.8571,,5.03448,29,0,0.1,14,28.5714,0,6.96126,31,,588,466,,0,0,0,3.48276
1604109662416,8,1010123456036,84,,1,0,8,1,0,,16.5378,238,4592,0.851392,95,0,10.4,,0,0,0,0,0,0,0,0,0,,-43,626,,0,0,0,0
1604109662666,8,1010123456036,84,,1,0,8,1,0,,24.1529,157,2865,1.0905,67,0,12.8333,,0,0,0,0,0,0,0,0,0,,576,454,,0,0,0,0
1604109662916,8,1010123456036,84,,1,0,8,1,0,,20.195,200,1433,1.00755,79,0,10.6667,,0,0,0,0,0,0,0,0,0,,325,568,,0,0,0,0
1604109663166,8,1010123456036,84,,1,0,8,1,0,,23.403,201,1433,0.99504,83,0,13.1429,,12.1905,21,0,0.1,8,50,0,8.78609,31,,428,462,,0,0,0,6.42857
1604109663416,8,1010123456036,84,,1,0,8,1,0,,23.6582,158,1433,0.967712,63,0,13.1667,,0,0,0,0,0,0,0,0,0,,737,426,,0,0,0,0
1604109663666,8,1010123456036,84,,1,0,8,1,0,,19.2706,170,4827,0.821056,67,0,10.4,,0,0,0,0,0,0,0,0,0,,398,476,,0,0,0,0
1604109663916,8,1010123456036,84,,1,0,8,1,0,,19.7,180,12345,0.642368,69,0,9.5,,0,0,0,0,0,0,0,0,0,,-251,450,,0,0,0,0
1604109664166,8,1010123456036,84,,1,0,8,1,0,,24.608,199,771,1.44931,83,0,11.2857,,3.30612,49,0,0.1,20,0,0,10.2547,31,,303,594,,0,0,0,1
1604109664416,8,1010123456036,84,,1,0,8,1,0,,18.8182,198,1262,0.877504,75,0,11,,0,0,0,0,0,0,0,0,0,,-250,582,,0,0,0,0
1604109664666,8,1010123456036,84,,1,0,8,1,0,,21.9054,148,4307,0.96592,65,0,12,,0,0,0,0,0,0,0,0,0,,415,442,,0,0,0,0
1604109664916,8,1010123456036,84,,1,0,8,1,0,,20.1127,213,201,1.06771,84,0,10.8333,,0,0,0,0,0,0,0,0,0,,131,626,,0,0,0,0
1604109665166,8,1010123456036,84,,1,0,8,1,0,,18.7978,178,5701,0.798944,70,0,9.85714,,0.1,44,0,0.1,19,0,0,4.78995,31,,-138,494,,0,0,0,1
1604109665416,8,1010123456036,84,,1,0,8,1,0,,23.7255,204,377,1.15443,81,0,12.6667,,0,0,0,0,0,0,0,0,0,,621,530,,0,0,0,0
1604109665666,8,1010123456036,84,,1,0,8,1,0,,23.9822,169,1945,0.955264,68,0,13.1667,,0,0,0,0,0,0,0,0,0,,722,408,,0,0,0,0
1604109665916,8,1010123456036,84,,1,0,8,1,0,,24.8696,161,793,0.978176,64,0,13.5,,0,0,0,0,0,0,0,0,0,,628,418,,0,0,0,0
1604109666166,8,1010123456036,84,,1,0,8,1,0,,18.5637,204,1795,0.97392,82,0,10.1429,,7.8,30,0,0.1,12,16.6667,0,13.2208,31,,440,546,,0,0,0,2.66667
1604109666416,8,1010123456036,84,,1,0,8,1,0,,18.1826,241,5980,0.777152,90,0,11.4,,0,0,0,0,0,0,0,0,0,,-250,570,,0,0,0,0
1604109666666,8,1010123456036,84,,1,0,8,1,0,,19.5178,253,0,1.18339,105,0,10.8333,,0,0,0,0,0,0,0,0,0,,-125,688,,0,0,0,0
1604109666916,8,1010123456036,84,,1,0,8,1,0,,23.5112,178,0,0.958176,71,0,12.8333,,0,0,0,0,0,0,0,0,0,,693,466,,0,0,0,0
1604109667166,8,1010123456036,84,,1,0,8,1,0,,22.1897,174,1795,0.944896,72,0,12.4286,,3.89286,28,0,0.1,12,16.6667,0,4.11071,31,,543,464,,0,0,0,2.42857
1604109667416,8,1010123456036,84,,1,0,8,1,0,,21.7035,199,1758,0.963552,81,0,12.1667,,0,0,0,0,0,0,0,0,0,,153,516,,0,0,0,0
1604109667666,8,1010123456036,84,,1,0,8,1,0,,20.7231,195,665,0.990784,77,0,11.1667,,0,0,0,0,0,0,0,0,0,,239,558,,0,0,0,0
1604109667916,8,1010123456036,84,,1,0,8,1,0,,23.6647,167,0,0.98656,70,0,13,,0,0,0,0,0,0,0,0,0,,748,446,,0,0,0,0
1604109668166,8,1010123456036,84,,1,0,8,1,0,,23.8315,184,793,0.994048,76,0,13,,12.5714,14,0,0.1,6,66.6667,0,11.775,31,,493,436,,0,0,0,7.42857
1604109668416,8,1010123456036,84,,1,0,8,1,0,,23.431,174,793,0.977536,69,0,12.6667,,0,0,0,0,0,0,0,0,0,,786,460,,0,0,0,0
1604109668666,8,1010123456036,84,,1,0,8,1,0,,21.8539,178,3276,0.915968,74,0,12.1667,,0,0,0,0,0,0,0,0,0,,315,446,,0,0,0,0
1604109668916,8,1010123456036,84,,1,0,8,1,0,,20.7487,199,1433,1.03462,82,0,10.8333,,0,0,0,0,0,0,0,0,0,,-82,568,,0,0,0,0
1604109669166,8,1010123456036,84,,1,0,8,1,0,,23.8652,178,1961,0.92944,67,0,13,,2.375,48,0,0.1,20,20,0,7.26822,31,,838,434,,0,0,0,2.5
1604109669416,8,1010123456036,84,,1,0,8,1,0,,24.0859,163,0,1.0241,67,0,12.8333,,0,0,0,0,0,0,0,0,0,,599,442,,0,0,0,0
1604109669666,8,1010123456036,84,,1,0,8,1,0,,22.4335,173,0,0.947104,65,0,11.6,,0,0,0,0,0,0,0,0,0,,248,478,,0,0,0,0
1604109669916,8,1010123456036,84,,1,0,8,1,0,,22.7134,171,0,0.96144,66,0,11.8333,,0,0,0,0,0,0,0,0,0,,631,484,,0,0,0,0
1604109670166,8,1010123456036,84,,1,0,8,1,0,,19.8384,198,0,0.979136,80,0,11,,4.39216,51,0,0.1,21,19.0476,0,8.0372,31,,309,576,,0,0,0,2.52941
1604109670416,8,1010123456036,84,,1,0,8,1,0,,23.9815,162,0,0.967712,65,0,12.5,,0,0,0,0,0,0,0,0,0,,743,436,,0,0,0,0
1604109670666,8,1010123456036,84,,1,0,8,1,0,,20.3372,172,6494,0.823008,71,0,9.66667,,0,0,0,0,0,0,0,0,0,,235,452,,0,0,0,0
1604109670916,8,1010123456036,84,,1,0,8,1,0,,20.0651,215,0,1.1425,85,0,11.6667,,0,0,0,0,0,0,0,0,0,,220,650,,0,0,0,0
1604109671166,8,1010123456036,84,,1,0,8,1,0,,20.427,185,905,0.976736,75,0,11.1429,,5.15789,57,0,0.1,22,18.1818,0,8.7841,31,,399,520,,0,0,0,3.10526
1604109671416,8,1010123456036,84,,1,0,8,1,0,,20.3622,196,1169,0.975008,78,0,10.5,,0,0,0,0,0,0,0,0,0,,3,554,,0,0,0,0
1604109671666,8,1010123456036,84,,1,0,8,1,0,,24.1437,167,793,0.977888,67,0,12.8333,,0,0,0,0,0,0,0,0,0,,768,434,,0,0,0,0
1604109671916,8,1010123456036,84,,1,0,8,1,0,,21.1117,179,1433,0.966976,70,0,11.3333,,0,0,0,0,0,0,0,0,0,,649,490,,0,0,0,0
1604109672166,8,1010123456036,84,,1,0,8,1,0,,24.4024,164,1433,0.964192,65,0,13,,3.46154,26,0,0.1,10,0,0,8.12353,31,,819,418,,0,0,0,1
1604109672416,8,1010123456036,84,,1,0,8,1,0,,22.6,195,0,0.946752,77,0,12.3333,,0,0,0,0,0,0,0,0,0,,852,466,,0,0,0,0
1604109672666,8,1010123456036,84,,1,0,8,1,0,,22.5402,174,265,1.00774,73,0,12.5,,0,0,0,0,0,0,0,0,0,,791,466,,0,0,0,0
1604109672916,8,1010123456036,84,,1,0,8,1,0,,23.9148,176,329,0.963872,71,0,13,,0,0,0,0,0,0,0,0,0,,802,434,,0,0,0,0
1604109673166,8,1010123456036,84,,1,0,8,1,0,,24.0231,173,1017,0.948384,72,0,13,,2.64865,37,0,0.1,15,0,0,8.43685,31,,722,424,,0,0,0,1
1604109673416,8,1010123456036,84,,1,0,8,1,0,,24.0462,173,817,1.00419,71,0,13,,0,0,0,0,0,0,0,0,0,,523,432,,0,0,0,0
1604109673666,8,1010123456036,84,,1,0,8,1,0,,23.0103,194,0,0.9768,75,0,12.5,,0,0,0,0,0,0,0,0,0,,798,468,,0,0,0,0
1604109673916,8,1010123456036,84,,1,0,8,1,0,,23.2074,188,5296,0.852608,80,0,13,,0,0,0,0,0,0,0,0,0,,402,376,,0,0,0,0
1604109674166,8,1010123456036,84,,1,0,8,1,0,,23.2751,229,725,1.07632,91,0,13,,10.1875,16,0,0.1,7,42.8571,0,7.6806,31,,261,516,,0,0,0,4.625
1604109674416,8,1010123456036,84,,1,0,8,1,0,,24.6424,151,0,0.976992,61,0,13,,0,0,0,0,0,0,0,0,0,,742,428,,0,0,0,0
1604109674666,8,1010123456036,84,,1,0,8,1,0,,23.9209,177,1433,1.00512,74,0,13,,0,0,0,0,0,0,0,0,0,,655,418,,0,0,0,0
1604109674916,8,1010123456036,84,,1,0,8,1,0,,22.9581,191,1433,0.96832,76,0,12.3333,,0,0,0,0,0,0,0,0,0,,885,466,,0,0,0,0
1604109675166,8,1010123456036,84,,1,0,8,1,0,,14.4715,263,1433,0.97216,109,0,9.85714,,3.68421,38,0,0.1,15,0,0,12.9121,31,,183,738,,0,0,0,1
1604109675416,8,1010123456036,84,,1,0,8,1,0,,19.25,236,0,0.952448,94,0,10.8,,0,0,0,0,0,0,0,0,0,,498,574,,0,0,0,0
1604109675666,8,1010123456036,84,,1,0,8,1,0,,24.3598,164,265,1.01699,69,0,13,,0,0,0,0,0,0,0,0,0,,817,428,,0,0,0,0
1604109675916,8,1010123456036,84,,1,0,8,1,0,,23.7805,164,0,0.918432,65,0,13,,0,0,0,0,0,0,0,0,0,,777,440,,0,0,0,0
1604109676166,8,1010123456036,84,,1,0,8,1,0,,23.6871,163,793,0.997888,68,0,12.8571,,2.34375,64,0,0.1,26,3.84615,0,8.87433,31,,677,432,,0,0,0,1.40625
1604109676416,8,1010123456036,84,,1,0,8,1,0,,24.2174,184,1433,0.97824,72,0,13,,0,0,0,0,0,0,0,0,0,,828,426,,0,0,0,0
1604109676666,8,1010123456036,84,,1,0,8,1,0,,15.7192,260,0,0.979872,101,0,9.5,,0,0,0,0,0,0,0,0,0,,100,718,,0,0,0,0
1604109676916,8,1010123456036,84,,1,0,8,1,0,,25.1284,148,177,0.977408,60,0,13.1667,,0,0,0,0,0,0,0,0,0,,638,402,,0,0,0,0
1604109677166,8,1010123456036,84,,1,0,4,1,0,,24.1634,153,8115,0.731008,62,0,12.7143,,3.36364,44,0,0.1,18,0,0,12.2001,31,,81,322,,0,0,0,1.04545
1604109677416,8,1010123456036,84,,1,0,4,1,0,,24.8232,181,18179,0.671264,73,0,12.5,,0,0,0,0,0,0,0,0,0,,-250,288,,0,0,0,0
1604109677666,8,1010123456036,84,,1,0,4,1,0,,25.9506,182,26296,0.723936,75,0,13.1667,,0,0,0,0,0,0,0,0,0,,-249,292,,0,0,0,0
1604109677916,8,1010123456036,84,,1,0,4,1,0,,25.0516,155,38168,0.583904,63,0,12.8333,,0,0,0,0,0,0,0,0,0,,-250,256,,0,0,0,0
1604109678166,8,1010123456036,84,,1,0,4,1,0,,24.1685,184,47249,0.627712,72,0,12.4286,,10.6923,13,0,0.1,6,0,0,14.7192,31,,-250,296,,0,0,0,1.92308
1604109678416,8,1010123456036,84,,1,0,4,1,0,,21.1806,144,65515,0.390176,57,0,11.6,,0,0,0,0,0,0,0,0,0,,-250,224,,0,0,0,0
1604109678666,8,1010123456036,84,,1,0,4,1,0,,22.136,125,83196,0.39536,51,0,10.8333,,0,0,0,0,0,0,0,0,0,,-250,204,,0,0,0,0
1604109678916,8,1010123456036,84,,1,0,4,1,0,,23.2208,231,89926,0.767264,93,0,11.6667,,0,0,0,0,0,0,0,0,0,,-250,376,,0,0,0,0
1604109679166,8,1010123456036,84,,1,0,4,1,0,,23.1724,145,105613,0.487968,61,0,11.8333,,13.0909,22,0,0.1,9,55.5556,0,11.6805,31,,-250,232,,0,0,0,6.18182
1604109679416,8,1010123456036,84,,1,0,4,1,0,,22.4722,180,118316,0.507488,67,0,11.5,,0,0,0,0,0,0,0,0,0,,-250,288,,0,0,0,0
1604109679666,8,1010123456036,84,,1,0,4,1,0,,22.7527,182,130089,0.648992,77,0,11.3333,,0,0,0,0,0,0,0,0,0,,-250,292,,0,0,0,0
1604109679916,8,1010123456036,84,,1,0,4,1,0,,22.72,125,147647,0.393664,50,0,12,,0,0,0,0,0,0,0,0,0,,-250,208,,0,0,0,0
1604109680166,8,1010123456036,84,,1,0,4,1,0,,22.7848,223,155963,0.71376,89,0,11.7143,,3.69231,26,0,0.1,10,0,0,9.57738,31,,-250,352,,0,0,0,1.26923
1604109680416,8,1010123456036,84,,1,0,4,1,0,,23.4115,226,163352,0.74016,90,0,11.5,,0,0,0,0,0,0,0,0,0,,-250,360,,0,0,0,0
1604109680666,8,1010123456036,84,,1,0,4,1,0,,19.4921,189,178306,0.51344,77,0,10.1667,,0,0,0,0,0,0,0,0,0,,-250,300,,0,0,0,0
1604109680916,8,1010123456036,84,,1,0,4,1,0,,19.2192,219,183539,0.519456,85,0,10,,0,0,0,0,0,0,0,0,0,,-250,348,,0,0,0,0
1604109681166,8,1010123456036,84,,1,0,4,1,0,,23.7676,185,182722,0.62816,74,0,11.8571,,0.577778,45,0,0.1,19,0,0,6.87634,31,,-250,296,,0,0,0,1.04444
1604109681416,8,1010123456036,84,,1,0,4,1,0,,20.1657,181,183505,0.497344,74,0,10.6,,0,0,0,0,0,0,0,0,0,,-250,296,,0,0,0,0
1604109681666,8,1010123456036,84,,1,0,4,1,0,,21.1902,184,182454,0.487616,70,0,11.1667,,0,0,0,0,0,0,0,0,0,,-250,292,,0,0,0,0
1604109681916,8,1010123456036,84,,1,0,4,1,0,,18.452,177,183999,0.433536,76,0,9.6,,0,0,0,0,0,0,0,0,0,,-250,292,,0,0,0,0
1604109682166,8,1010123456036,84,,1,0,4,1,0,,22.7598,204,184203,0.66272,82,0,10.7143,,3.41071,56,0,0.103808,22,0,0,10.0193,31,,-250,320,,0,0,0,1.08929
1604109682416,8,1010123456036,84,,1,0,4,1,0,,19.4074,216,183287,0.524384,83,0,10.6667,,0,0,0,0,0,0,0,0,0,,-250,344,,0,0,0,0
1604109682666,8,1010123456036,84,,1,0,4,1,0,,17.2374,219,184642,0.53664,92,0,8.5,,0,0,0,0,0,0,0,0,0,,-250,360,,0,0,0,0
1604109682916,8,1010123456036,84,,1,0,4,1,0,,22.2996,267,182351,0.777632,101,0,11.6667,,0,0,0,0,0,0,0,0,0,,-250,428,,0,0,0,0
1604109683166,8,1010123456036,84,,1,0,4,1,0,,22.0537,149,183162,0.47536,63,0,11.6,,11.8636,44,0,0.138752,18,33.3333,0,10.6573,31,,-250,236,,0,0,0,4.20455
1604109683416,8,1010123456036,84,,1,0,4,1,0,,18.1467,184,184644,0.440224,77,0,10.25,,0,0,0,0,0,0,0,0,0,,-250,296,,0,0,0,0
1604109683666,8,1010123456036,84,,1,0,4,1,0,,22.0606,198,184018,0.628288,82,0,10.75,,0,0,0,0,0,0,0,0,0,,-250,328,,0,0,0,0
1604109683916,8,1010123456036,84,,1,0,4,1,0,,18.375,192,183349,0.415072,71,0,9.8,,0,0,0,0,0,0,0,0,0,,-251,300,,0,0,0,0
1604109684166,8,1010123456036,84,,1,0,4,1,0,,22.1677,161,184013,0.516864,68,0,11.2857,,9.19048,21,0,0.1,8,37.5,0,7.72244,31,,-249,260,,0,0,0,5.38095
1604109684416,8,1010123456036,84,,1,0,4,1,0,,23.5317,205,183637,0.650016,77,0,12.2,,0,0,0,0,0,0,0,0,0,,-250,316,,0,0,0,0
1604109684666,8,1010123456036,84,,1,0,4,1,0,,23.6792,212,183801,0.71776,86,0,12,,0,0,0,0,0,0,0,0,0,,-250,332,,0,0,0,0
1604109684916,8,1010123456036,84,,1,0,4,1,0,,25.7152,151,183469,0.604064,61,0,12.6,,0,0,0,0,0,0,0,0,0,,-250,252,,0,0,0,0
1604109685166,8,1010123456036,84,,1,0,4,1,0,,16.6263,190,184530,0.4448,80,0,9,,11.5,12,0,0.1,4,0,0,17.6997,31,,-250,316,,0,0,0,3
1604109685416,8,1010123456036,84,,1,0,4,1,0,,20.8261,184,183521,0.49936,73,0,11,,0,0,0,0,0,0,0,0,0,,-250,292,,0,0,0,0
1604109685666,8,1010123456036,84,,1,0,4,1,0,,17.3423,149,183912,0.2984,57,0,9.8,,0,0,0,0,0,0,0,0,0,,-250,240,,0,0,0,0
1604109685916,8,1010123456036,84,,1,0,4,1,0,,21.9437,213,183795,0.658432,84,0,11.3333,,0,0,0,0,0,0,0,0,0,,-250,336,,0,0,0,0
1604109686166,8,1010123456036,84,,1,0,4,1,0,,20.5838,185,184546,0.503904,75,0,10,,6.45098,51,0,0.1,19,31.5789,0,8.07104,31,,-250,292,,0,0,0,4.29412
1604109686416,8,1010123456036,84,,1,0,4,1,0,,22.7794,204,183762,0.678016,84,0,11.8,,0,0,0,0,0,0,0,0,0,,-250,336,,0,0,0,0
1604109686666,8,1010123456036,84,,1,0,4,1,0,,20.2857,147,183295,0.429536,63,0,10.6,,0,0,0,0,0,0,0,0,0,,-250,252,,0,0,0,0
1604109686916,8,1010123456036,84,,1,0,4,1,0,,20.4372,231,184227,0.618592,91,0,10.1667,,0,0,0,0,0,0,0,0,0,,-250,372,,0,0,0,0
1604109687166,8,1010123456036,84,,1,0,4,1,0,,22.4384,203,183489,0.654592,84,0,11.6667,,3.92593,27,0,0.1,11,0,0,10.6609,31,,-250,324,,0,0,0,1.51852
1604109687416,8,1010123456036,84,,1,0,4,1,0,,21.9181,171,183554,0.51248,67,0,11.1667,,0,0,0,0,0,0,0,0,0,,-250,268,,0,0,0,0
1604109687666,8,1010123456036,84,,1,0,4,1,0,,20.7558,217,182155,0.593344,86,0,11.3333,,0,0,0,0,0,0,0,0,0,,-250,348,,0,0,0,0
1604109687916,8,1010123456036,84,,1,0,4,1,0,,22.9894,189,183738,0.640832,74,0,11.25,,0,0,0,0,0,0,0,0,0,,-250,304,,0,0,0,0
1604109688166,8,1010123456036,84,,1,0,4,1,0,,22.1667,216,184226,0.655712,87,0,11,,5.41667,36,0,0.1,14,21.4286,0,8.86493,31,,-250,340,,0,0,0,3.5
1604109688416,8,1010123456036,84,,1,0,4,1,0,,20.6667,195,183698,0.522688,78,0,10.3333,,0,0,0,0,0,0,0,0,0,,-250,320,,0,0,0,0
1604109688666,8,1010123456036,84,,1,0,4,1,0,,17.1398,186,183434,0.405472,79,0,8.5,,0,0,0,0,0,0,0,0,0,,-250,304,,0,0,0,0
1604109688916,8,1010123456036,84,,1,0,4,1,0,,15.1703,182,183620,0.365888,74,0,9.16667,,0,0,0,0,0,0,0,0,0,,-250,300,,0,0,0,0
1604109689166,8,1010123456036,84,,1,0,4,1,0,,16.3214,196,183514,0.378144,78,0,8.83333,,3.19048,42,0,0.1,18,5.55556,0,8.43638,31,,-250,316,,0,0,0,1.95238
1604109689416,8,1010123456036,84,,1,0,4,1,0,,18.6447,197,184637,0.496544,81,0,9.5,,0,2,0,0.1,1,0,0,0,31,,-250,312,,0,0,0,0
1604109689666,8,1010123456036,84,,1,0,4,1,0,,10.1923,104,183713,0.119168,40,0,7.25,,0,0,0,0,0,0,0,0,0,,-250,168,,0,0,0,0
1604109689916,8,1010123456036,84,,1,0,4,1,0,,18.6703,185,183637,0.403008,70,0,10.2,,0,0,0,0,0,0,0,0,0,,-250,292,,0,0,0,0
1604109690166,8,1010123456036,84,,1,0,4,1,0,,18.8116,138,183991,0.342912,60,0,9.66667,,8.08333,12,0,0.1,5,20,0,9.09778,31,,-251,224,,0,0,0,3
1604109690416,8,1010123456036,84,,1,0,4,1,0,,19.6435,230,183152,0.570208,87,0,10.8,,0,0,0,0,0,0,0,0,0,,-249,364,,0,0,0,0
1604109690666,8,1010123456036,84,,1,0,4,1,0,,19.5217,184,184016,0.457184,75,0,10,,0,0,0,0,0,0,0,0,0,,-250,288,,0,0,0,0
1604109690916,8,1010123456036,84,,1,0,4,1,0,,19.0844,154,183443,0.34656,58,0,10.1667,,0,0,0,0,0,0,0,0,0,,-250,232,,0,0,0,0
1604109691166,8,1010123456036,84,,1,0,4,1,0,,20.5108,186,184125,0.497184,73,0,10.5714,,12,7,0,0.1,3,0,0,19.404,31,,-250,292,,0,0,0,1
1604109691416,8,1010123456036,84,,1,0,4,1,0,,18.506,83,184171,0.192448,34,0,10.1667,,0,0,0,0,0,0,0,0,0,,-251,132,,0,0,0,0
1604109691666,8,1010123456036,84,,1,0,4,1,0,,21.6639,238,183620,0.703136,93,0,11.3333,,0,0,0,0,0,0,0,0,0,,-249,384,,0,0,0,0
1604109691916,8,1010123456036,84,,1,0,4,1,0,,20.5403,124,183484,0.323456,52,0,10.8333,,0,0,0,0,0,0,0,0,0,,-250,204,,0,0,0,0
1604109692166,8,1010123456036,84,,1,0,4,1,0,,18.4936,233,183304,0.533856,93,0,9.33333,,14.6154,13,0,0.1,6,33.3333,0,15.0489,31,,-250,376,,0,0,0,3.76923
1604109692416,8,1010123456036,84,,1,0,4,1,0,,17.7169,166,184348,0.359616,70,0,9.6,,0,0,0,0,0,0,0,0,0,,-250,268,,0,0,0,0
1604109692666,8,1010123456036,84,,1,0,4,1,0,,18.3232,164,183740,0.345632,65,0,10,,0,0,0,0,0,0,0,0,0,,-250,264,,0,0,0,0
1604109692916,8,1010123456036,84,,1,0,4,1,0,,20.2914,175,183904,0.4672,72,0,11,,0,0,0,0,0,0,0,0,0,,-250,284,,0,0,0,0
1604109693166,8,1010123456036,84,,1,0,4,1,0,,15.9498,219,183279,0.377376,81,0,9.33333,,11.4444,18,0,0.1,7,57.1429,0,6.14179,31,,-250,336,,0,0,0,7.11111
1604109693416,8,1010123456036,84,,1,0,4,1,0,,20.8156,141,183044,0.405856,59,0,10.1667,,0,0,0,0,0,0,0,0,0,,-250,224,,0,0,0,0
1604109693666,8,1010123456036,84,,1,0,4,1,0,,18.9113,124,183370,0.303744,48,0,9.5,,0,0,0,0,0,0,0,0,0,,-250,204,,0,0,0,0
1604109693916,8,1010123456036,84,,1,0,4,1,0,,17.1636,165,183357,0.31552,64,0,9.33333,,0,0,0,0,0,0,0,0,0,,-250,264,,0,0,0,0
1604109694166,8,1010123456036,84,,1,0,4,1,0,,17.623,191,183843,0.426272,77,0,9.85714,,1.41667,48,0,0.1,19,0,0,5.85319,31,,-250,296,,0,0,0,1
1604109694416,8,1010123456036,84,,1,0,4,1,0,,19.1364,154,184465,0.375072,65,0,10.4,,0,0,0,0,0,0,0,0,0,,-250,248,,0,0,0,0
1604109694666,8,1010123456036,84,,1,0,4,1,0,,20.6095,169,183557,0.436896,65,0,10.8,,0,0,0,0,0,0,0,0,0,,-250,272,,0,0,0,0
1604109694916,8,1010123456036,84,,1,0,4,1,0,,17.8288,146,183933,0.323104,61,0,9.6,,0,0,0,0,0,0,0,0,0,,-250,240,,0,0,0,0
1604109695166,8,1010123456036,84,,1,0,4,1,0,,16.9531,128,183289,0.241824,51,0,9.66667,,2.66667,24,0,0.1,11,0,0,7.12214,31,,-250,208,,0,0,0,1.125
1604109695416,8,1010123456036,84,,1,0,4,1,0,,21.1329,143,184397,0.40672,58,0,10.6667,,0,0,0,0,0,0,0,0,0,,-250,224,,0,0,0,0
1604109695666,8,1010123456036,84,,1,0,4,1,0,,13.6757,185,183730,0.306752,75,0,8.5,,0,0,0,0,0,0,0,0,0,,-250,300,,0,0,0,0
1604109695916,8,1010123456036,84,,1,0,4,1,0,,12.9725,182,182570,0.266176,70,0,8.2,,0,0,0,0,0,0,0,0,0,,-250,292,,0,0,0,0
1604109696166,8,1010123456036,84,,1,0,4,1,0,,20.6686,172,183715,0.494688,75,0,10.4286,,12.1818,22,0,0.1,8,50,0,8.58673,31,,-250,284,,0,0,0,5.90909
1604109696416,8,1010123456036,84,,1,0,4,1,0,,15.2794,204,182304,0.349344,79,0,10.25,,0,0,0,0,0,0,0,0,0,,-250,328,,0,0,0,0
1604109696666,8,1010123456036,84,,1,0,4,1,0,,16.7247,178,184385,0.38448,75,0,9,,0,0,0,0,0,0,0,0,0,,-251,288,,0,0,0,0
1604109696916,8,1010123456036,84,,1,0,4,1,0,,21.452,177,182382,0.448736,63,0,11.5,,0,0,0,0,0,0,0,0,0,,-249,268,,0,0,0,0
1604109697166,8,1010123456036,84,,1,0,4,1,0,,17.5921,152,183716,0.362144,63,0,9.57143,,8.22642,53,0,0.1,21,47.619,0,5.15286,31,,-249,244,,0,0,0,6.37736
1604109697416,8,1010123456036,84,,1,0,4,1,0,,18.436,211,184000,0.45872,83,0,9.4,,0,0,0,0,0,0,0,0,0,,-250,336,,0,0,0,0
1604109697666,8,1010123456036,84,,1,0,4,1,0,,11.8716,148,183579,0.20656,59,0,7,,0,0,0,0,0,0,0,0,0,,-250,232,,0,0,0,0
1604109697916,8,1010123456036,84,,1,0,4,1,0,,16.4578,225,183374,0.426592,89,0,9,,0,0,0,0,0,0,0,0,0,,-250,360,,0,0,0,0
1604109698166,8,1010123456036,84,,1,0,4,1,0,,16.9358,218,183803,0.458016,87,0,8.85714,,10.2857,14,0,0.1,6,33.3333,0,14.819,31,,-250,348,,0,0,0,4
1604109698416,8,1010123456036,84,,1,0,4,1,0,,16.3086,162,184228,0.323968,66,0,8.33333,,0,0,0,0,0,0,0,0,0,,-250,260,,0,0,0,0
1604109698666,8,1010123456036,84,,1,0,4,1,0,,19.7416,209,183280,0.508544,84,0,10,,0,0,0,0,0,0,0,0,0,,-250,332,,0,0,0,0
1604109698916,8,1010123456036,84,,1,0,4,1,0,,19.1242,153,183941,0.345056,59,0,10,,0,0,0,0,0,0,0,0,0,,-250,240,,0,0,0,0
1604109699166,8,1010123456036,84,,1,0,4,1,0,,19.022,182,183945,0.433472,74,0,9.66667,,12.2778,18,0,0.1,7,14.2857,0,15.3826,31,,-250,292,,0,0,0,2.5
1604109699416,8,1010123456036,84,,1,0,4,1,0,,18.2261,115,183080,0.259488,49,0,10.4,,0,0,0,0,0,0,0,0,0,,-250,196,,0,0,0,0
1604109699666,8,1010123456036,84,,1,0,4,1,0,,20.3125,112,184172,0.290912,43,0,9.5,,0,0,0,0,0,0,0,0,0,,-250,180,,0,0,0,0
1604109699916,8,1010123456036,84,,1,0,4,1,0,,19.3368,193,183777,0.472096,81,0,10,,0,0,0,0,0,0,0,0,0,,-250,328,,0,0,0,0
1604109700166,8,1010123456036,84,,1,0,4,1,0,,15.0321,156,182956,0.369152,64,0,7.66667,,11,9,0,0.1,4,0,0,14.9598,31,,-250,248,,0,0,0,1
1604109700416,8,1010123456036,84,,1,0,4,1,0,,15.17,100,183360,0.228096,46,0,7.5,,0,0,0,0,0,0,0,0,0,,-250,180,,0,0,0,0
1604109700666,8,1010123456036,84,,1,0,4,1,0,,15.3675,166,183707,0.318912,66,0,9.8,,0,0,0,0,0,0,0,0,0,,-250,264,,0,0,0,0
1604109700916,8,1010123456036,84,,1,0,4,1,0,,19.1649,188,183112,0.434528,75,0,10,,0,0,0,0,0,0,0,0,0,,-250,308,,0,0,0,0
1604109701166,8,1010123456036,84,,1,0,4,1,0,,19.7771,157,184514,0.434752,66,0,10.2857,,0.864865,37,0,0.1,15,0,0,5.39731,31,,-250,256,,0,0,0,1.05405
1604109701416,8,1010123456036,84,,1,0,4,1,0,,19.5355,155,184324,0.367648,61,0,11.3333,,0,0,0,0,0,0,0,0,0,,-250,248,,0,0,0,0
1604109701666,8,1010123456036,84,,1,0,4,1,0,,19.9558,226,183556,0.555296,89,0,10,,0,0,0,0,0,0,0,0,0,,-250,352,,0,0,0,0
1604109701916,8,1010123456036,84,,1,0,4,1,0,,20.4366,213,183716,0.553568,83,0,10.6667,,0,0,0,0,0,0,0,0,0,,-250,336,,0,0,0,0
1604109702166,8,1010123456036,84,,1,0,4,1,0,,12.7319,138,182896,0.209824,55,0,7.66667,,4.90909,33,0,0.1,13,30.7692,0,6.67907,31,,-250,228,,0,0,0,4.33333
1604109702416,8,1010123456036,84,,1,0,4,1,0,,19.5687,211,182048,0.473952,81,0,10,,0,0,0,0,0,0,0,0,0,,-250,336,,0,0,0,0
1604109702666,8,1010123456036,84,,1,0,4,1,0,,17,150,184184,0.350336,68,0,9.33333,,0,0,0,0,0,0,0,0,0,,-250,244,,0,0,0,0
1604109702916,8,1010123456036,84,,1,0,4,1,0,,18.9541,218,183266,0.529024,88,0,9.8,,0,0,0,0,0,0,0,0,0,,-250,364,,0,0,0,0
1604109703166,8,1010123456036,84,,1,0,4,1,0,,18.5638,188,183687,0.424672,75,0,9.33333,,10.1026,39,0,0.1,15,26.6667,0,10.2363,31,,-250,292,,0,0,0,4.33333
1604109703416,8,1010123456036,84,,1,0,4,1,0,,19.2857,182,183701,0.411808,69,0,10.6667,,0,0,0,0,0,0,0,0,0,,-250,280,,0,0,0,0
1604109703666,8,1010123456036,84,,1,0,4,1,0,,17.3467,199,183248,0.424064,78,0,8.4,,0,0,0,0,0,0,0,0,0,,-250,324,,0,0,0,0
1604109703916,8,1010123456036,84,,1,0,4,1,0,,17.1526,190,183367,0.404352,80,0,9.6,,0,0,0,0,0,0,0,0,0,,-250,300,,0,0,0,0
1604109704166,8,1010123456036,84,,1,0,4,1,0,,15.1188,202,183922,0.330816,76,0,8,,3.4,15,0,0.1,6,0,0,6.5356,31,,-250,320,,0,0,0,1.86667
1604109704416,8,1010123456036,84,,1,0,4,1,0,,14.5267,150,183689,0.320928,63,0,7.33333,,0,0,0,0,0,0,0,0,0,,-250,236,,0,0,0,0
1604109704666,8,1010123456036,84,,1,0,4,1,0,,17.4972,181,184474,0.38784,72,0,9.8,,0,0,0,0,0,0,0,0,0,,-250,296,,0,0,0,0
1604109704916,8,1010123456036,84,,1,0,4,1,0,,18.1273,165,183473,0.355968,66,0,9.2,,0,0,0,0,0,0,0,0,0,,-250,268,,0,0,0,0
1604109705166,8,1010123456036,84,,1,0,4,1,0,,20.9119,159,183138,0.432896,64,0,10.8571,,3.02041,49,0,0.1,20,10,0,9.25587,31,,-250,256,,0,0,0,1.85714
1604109705416,8,1010123456036,84,,1,0,4,1,0,,19.7513,193,183050,0.480224,79,0,10.3333,,0,0,0,0,0,0,0,0,0,,-250,312,,0,0,0,0
1604109705666,8,1010123456036,84,,1,0,4,1,0,,18.2059,170,184093,0.393088,68,0,9.66667,,0,0,0,0,0,0,0,0,0,,-250,272,,0,0,0,0
1604109705916,8,1010123456036,84,,1,0,4,1,0,,21.8333,216,183500,0.616832,84,0,11.2,,0,0,0,0,0,0,0,0,0,,-250,340,,0,0,0,0
1604109706166,8,1010123456036,84,,1,0,4,1,0,,21.4213,197,183788,0.550592,78,0,11.1429,,13.625,8,0,0.1,3,0,0,13.0264,31,,-250,312,,0,0,0,2
1604109706416,8,1010123456036,84,,1,0,4,1,0,,20.033,182,183595,0.497824,77,0,10.5,,0,0,0,0,0,0,0,0,0,,-250,296,,0,0,0,0
1604109706666,8,1010123456036,84,,1,0,4,1,0,,18.9389,180,183115,0.424128,70,0,10,,0,0,0,0,0,0,0,0,0,,-250,288,,0,0,0,0
1604109706916,8,1010123456036,84,,1,0,4,1,0,,21.0551,236,184398,0.65296,93,0,10.3333,,0,0,0,0,0,0,0,0,0,,-250,376,,0,0,0,0
1604109707166,8,1010123456036,84,,1,0,4,1,0,,22.608,176,184118,0.57072,71,0,11.4286,,3.5625,16,0,0.1,6,0,0,7.09662,31,,-250,284,,0,0,0,1.3125
1604109707416,8,1010123456036,84,,1,0,4,1,0,,21.8791,215,183130,0.671392,85,0,11,,0,0,0,0,0,0,0,0,0,,-250,348,,0,0,0,0
1604109707666,8,1010123456036,84,,1,0,4,1,0,,20.6633,199,183242,0.582912,84,0,10.8333,,0,0,0,0,0,0,0,0,0,,-250,324,,0,0,0,0
1604109707916,8,1010123456036,84,,1,0,4,1,0,,18.7054,224,184080,0.542144,90,0,9.66667,,0,0,0,0,0,0,0,0,0,,-250,356,,0,0,0,0
1604109708166,8,1010123456036,84,,1,0,4,1,0,,22.0106,188,184035,0.555584,74,0,11,,3.80645,31,0,0.1,12,0,0,11.4109,31,,-250,300,,0,0,0,1.48387
1604109708416,8,1010123456036,84,,1,0,4,1,0,,21.3013,229,182664,0.64704,92,0,10.6,,0,0,0,0,0,0,0,0,0,,-250,372,,0,0,0,0
1604109708666,8,1010123456036,84,,1,0,4,1,0,,22.5266,169,183525,0.540736,70,0,11.3333,,0,0,0,0,0,0,0,0,0,,-250,276,,0,0,0,0
1604109708916,8,1010123456036,84,,1,0,4,1,0,,20.33,197,183281,0.51488,78,0,10.6667,,0,0,0,0,0,0,0,0,0,,-250,320,,0,0,0,0
1604109709166,8,1010123456036,84,,1,0,4,1,0,,21.3347,248,183042,0.719584,103,0,11.2857,,6.84848,33,0,0.1,13,30.7692,0,9.70774,31,,-250,404,,0,0,0,4.39394
1604109709416,8,1010123456036,84,,1,0,4,1,0,,22.6712,146,184086,0.481568,61,0,10.8333,,0,0,0,0,0,0,0,0,0,,-250,244,,0,0,0,0
1604109709666,8,1010123456036,84,,1,0,4,1,0,,21.5519,183,184490,0.563584,76,0,10.5,,0,0,0,0,0,0,0,0,0,,-250,296,,0,0,0,0
1604109709916,8,1010123456036,84,,1,0,4,1,0,,20.185,200,184371,0.497952,77,0,10.5,,0,0,0,0,0,0,0,0,0,,-250,320,,0,0,0,0
1604109710166,8,1010123456036,84,,1,0,4,1,0,,20.3673,147,184019,0.388736,60,0,10.5,,10.5333,15,0,0.1,6,16.6667,0,11.9046,31,,-250,240,,0,0,0,2.8
1604109710416,8,1010123456036,84,,1,0,4,1,0,,21.7409,220,183319,0.628416,86,0,10.6667,,0,0,0,0,0,0,0,0,0,,-250,348,,0,0,0,0
1604109710666,8,1010123456036,84,,1,0,4,1,0,,19.4171,187,183832,0.466688,76,0,9.83333,,0,0,0,0,0,0,0,0,0,,-251,296,,0,0,0,0
1604109710916,8,1010123456036,84,,1,0,4,1,0,,21.0102,197,183013,0.583616,78,0,10.8333,,0,0,0,0,0,0,0,0,0,,-250,320,,0,0,0,0
1604109711166,8,1010123456036,84,,1,0,4,1,0,,20.5838,185,183650,0.499072,76,0,10.8571,,12.3607,61,0,0.100768,24,58.3333,0,9.87175,31,,-249,296,,0,0,0,6.67213
1604109711416,8,1010123456036,84,,1,0,4,1,0,,20.5755,212,182807,0.538176,82,0,10.8,,0,0,0,0,0,0,0,0,0,,-250,332,,0,0,0,0
1604109711666,8,1010123456036,84,,1,0,4,1,0,,19.327,211,183737,0.521312,83,0,10.3333,,0,0,0,0,0,0,0,0,0,,-250,336,,0,0,0,0
1604109711916,8,1010123456036,84,,1,0,4,1,0,,21.6107,131,183489,0.375264,51,0,10.6,,0,0,0,0,0,0,0,0,0,,-250,208,,0,0,0,0
1604109712166,8,1010123456036,84,,1,0,4,1,0,,21.2276,145,184221,0.435392,62,0,9.33333,,0.55102,49,0,0.1,19,0,0,4.66594,31,,-250,228,,0,0,0,1.06122
1604109712416,8,1010123456036,84,,1,0,4,1,0,,13.4564,195,183599,0.307296,71,0,9,,0,0,0,0,0,0,0,0,0,,-250,308,,0,0,0,0
1604109712666,8,1010123456036,84,,1,0,4,1,0,,17.0523,153,183386,0.381728,67,0,8.8,,0,0,0,0,0,0,0,0,0,,-250,244,,0,0,0,0
1604109712916,8,1010123456036,84,,1,0,4,1,0,,18.4934,152,183619,0.361088,58,0,8.5,,0,0,0,0,0,0,0,0,0,,-250,244,,0,0,0,0
1604109713166,8,1010123456036,84,,1,0,4,1,0,,19.9371,175,183615,0.50848,74,0,9.5,,7.61538,13,0,0.1,5,0,0,17.852,31,,-250,292,,0,0,0,1.46154
1604109713416,8,1010123456036,84,,1,0,4,1,0,,20.91,211,183543,0.603136,84,0,11.1667,,0,0,0,0,0,0,0,0,0,,-250,340,,0,0,0,0
1604109713666,8,1010123456036,84,,1,0,4,1,0,,20.8148,189,183580,0.582688,79,0,9.83333,,0,0,0,0,0,0,0,0,0,,-250,312,,0,0,0,0
1604109713916,8,1010123456036,84,,1,0,4,1,0,,19.8413,189,183306,0.472192,76,0,10.4,,0,0,0,0,0,0,0,0,0,,-250,300,,0,0,0,0
1604109714166,8,1010123456036,84,,1,0,4,1,0,,21.418,189,183806,0.553664,78,0,11,,15,12,0,0,4,100,0,4.34047,0,,-250,308,,0,0,0,10
1604109714416,8,1010123456036,84,,1,0,4,1,0,,15.7324,213,183223,0.428864,84,0,8.33333,,0.428571,7,0,0.1,3,0,0,8.66348,31,,-250,344,,0,0,0,1
1604109714666,8,1010123456036,84,,1,0,4,1,0,,17.5633,158,183350,0.38112,66,0,9.8,,0,0,0,0,0,0,0,0,0,,-250,260,,0,0,0,0
1604109714916,8,1010123456036,84,,1,0,4,1,0,,17.7238,181,183195,0.412128,71,0,9.2,,0,0,0,0,0,0,0,0,0,,-250,292,,0,0,0,0
1604109715166,8,1010123456036,84,,1,0,4,1,0,,21.5099,202,182899,0.57216,80,0,11,,11.4286,14,0,0.1,6,66.6667,0,6.83185,31,,-250,320,,0,0,0,7.42857
1604109715416,8,1010123456036,84,,1,0,4,1,0,,12.6701,197,184108,0.307072,80,0,7.25,,0,0,0,0,0,0,0,0,0,,-250,316,,0,0,0,0
1604109715666,8,1010123456036,84,,1,0,4,1,0,,18.845,200,183675,0.47824,81,0,11,,0,0,0,0,0,0,0,0,0,,-250,324,,0,0,0,0
1604109715916,8,1010123456036,84,,1,0,4,1,0,,22.3067,225,183220,0.707936,91,0,11.75,,0,0,0,0,0,0,0,0,0,,-250,368,,0,0,0,0
1604109716166,8,1010123456036,84,,1,0,4,1,0,,17.1205,166,183769,0.36896,70,0,9.6,,2.89474,57,0,0.1,24,20.8333,0,8.39207,31,,-250,276,,0,0,0,2.91228
1604109716416,8,1010123456036,84,,1,0,4,1,0,,22.2889,180,184469,0.528832,70,0,11.3333,,0,0,0,0,0,0,0,0,0,,-250,284,,0,0,0,0
1604109716666,8,1010123456036,84,,1,0,4,1,0,,18.7309,223,183843,0.550464,94,0,10.5,,0,0,0,0,0,0,0,0,0,,-250,368,,0,0,0,0
1604109716916,8,1010123456036,84,,1,0,4,1,0,,16.3742,155,183782,0.341792,61,0,7.66667,,0,0,0,0,0,0,0,0,0,,-250,244,,0,0,0,0
1604109717166,8,1010123456036,84,,1,0,4,1,0,,17.2783,230,182841,0.484448,91,0,9.57143,,9.27778,54,0,0.1,22,59.0909,0,7.83275,31,,-250,372,,0,0,0,6.44444
1604109717416,8,1010123456036,84,,1,0,4,1,0,,12.6393,183,183372,0.296288,71,0,9.75,,0,0,0,0,0,0,0,0,0,,-250,288,,0,0,0,0
1604109717666,8,1010123456036,84,,1,0,4,1,0,,22.4555,191,184056,0.622016,78,0,11,,0,0,0,0,0,0,0,0,0,,-250,296,,0,0,0,0
1604109717916,8,1010123456036,84,,1,0,4,1,0,,21.4481,212,183287,0.567168,80,0,11.8,,0,0,0,0,0,0,0,0,0,,-250,328,,0,0,0,0
1604109718166,8,1010123456036,84,,1,0,4,1,0,,16.1597,144,182966,0.298784,57,0,9,,0.28,50,0,0.1,20,0,0,5.31231,31,,-250,232,,0,0,0,1.1
1604109718416,8,1010123456036,84,,1,0,4,1,0,,20.0744,215,183829,0.539104,87,0,10.4,,0,0,0,0,0,0,0,0,0,,-250,344,,0,0,0,0
1604109718666,8,1010123456036,84,,1,0,4,1,0,,22.6842,209,183750,0.685376,82,0,11.25,,0,0,0,0,0,0,0,0,0,,-250,336,,0,0,0,0
1604109718916,8,1010123456036,84,,1,0,4,1,0,,21.4286,189,183862,0.523296,73,0,11,,0,0,0,0,0,0,0,0,0,,-250,288,,0,0,0,0
1604109719166,8,1010123456036,84,,1,0,4,1,0,,19.6667,171,184056,0.41696,66,0,9.83333,,0.1,50,0,0.1,19,0,0,4.91965,31,,-250,268,,0,0,0,1.06
1604109719416,8,1010123456036,84,,1,0,4,1,0,,22.6008,238,183804,0.816096,99,0,11.75,,0,0,0,0,0,0,0,0,0,,-250,384,,0,0,0,0
1604109719666,8,1010123456036,84,,1,0,4,1,0,,17.3645,203,184240,0.40208,77,0,9.6,,0,0,0,0,0,0,0,0,0,,-250,316,,0,0,0,0
1604109719916,8,1010123456036,84,,1,0,4,1,0,,19.9471,189,183222,0.458176,74,0,10.6,,0,0,0,0,0,0,0,0,0,,-250,292,,0,0,0,0
1604109720166,8,1010123456036,84,,1,0,4,1,0,,14.802,202,183104,0.382464,80,0,8.14286,,2.87097,31,0,0.1,13,15.3846,0,5.91932,31,,-250,316,,0,0,0,2.32258
1604109720416,8,1010123456036,84,,1,0,4,1,0,,14.62,200,183829,0.393088,80,0,6.83333,,0,0,0,0,0,0,0,0,0,,-250,328,,0,0,0,0
1604109720666,8,1010123456036,84,,1,0,4,1,0,,17.2922,154,184475,0.373696,64,0,7.5,,0,0,0,0,0,0,0,0,0,,-250,248,,0,0,0,0
1604109720916,8,1010123456036,84,,1,0,4,1,0,,19.4762,168,182962,0.404,67,0,10.4,,0,0,0,0,0,0,0,0,0,,-250,276,,0,0,0,0
1604109721166,8,1010123456036,84,,1,0,4,1,0,,21.4205,176,183301,0.497088,70,0,11,,10.7222,18,0,0.1,7,28.5714,0,8.78086,31,,-250,284,,0,0,0,4.55556
1604109721416,8,1010123456036,84,,1,0,4,1,0,,12.528,125,184227,0.231232,52,0,7.16667,,0,0,0,0,0,0,0,0,0,,-250,196,,0,0,0,0
1604109721666,8,1010123456036,84,,1,0,4,1,0,,17.563,119,184244,0.285312,48,0,8.2,,0,0,0,0,0,0,0,0,0,,-250,192,,0,0,0,0
1604109721916,8,1010123456036,84,,1,0,4,1,0,,13.928,125,184091,0.233024,52,0,8.66667,,0,0,0,0,0,0,0,0,0,,-250,208,,0,0,0,0
1604109722166,8,1010123456036,84,,1,0,4,1,0,,23.3612,227,183869,0.750976,88,0,11.8571,,9.375,8,0,0.1,3,0,0,10.402,31,,-250,356,,0,0,0,3.5
1604109722416,8,1010123456036,84,,1,0,4,1,0,,20.7381,210,184013,0.526752,81,0,10.8333,,0,0,0,0,0,0,0,0,0,,-250,336,,0,0,0,0
1604109722666,8,1010123456036,84,,1,0,4,1,0,,19.1719,192,184336,0.501792,81,0,9.33333,,0,0,0,0,0,0,0,0,0,,-250,308,,0,0,0,0
1604109722916,8,1010123456036,84,,1,0,4,1,0,,19.049,204,183312,0.451008,78,0,10,,0,0,0,0,0,0,0,0,0,,-250,316,,0,0,0,0
1604109723166,8,1010123456036,84,,1,0,4,1,0,,18.0234,171,183544,0.368192,70,0,10.1667,,5.81579,38,0,0.1,15,0,0,15.1541,31,,-250,276,,0,0,0,1
1604109723416,8,1010123456036,84,,1,0,4,1,0,,22.0978,184,184084,0.587072,74,0,10.8333,,0,0,0,0,0,0,0,0,0,,-250,304,,0,0,0,0
1604109723666,8,1010123456036,84,,1,0,4,1,0,,16.4516,186,182966,0.366016,76,0,9.8,,0,0,0,0,0,0,0,0,0,,-250,300,,0,0,0,0
1604109723916,8,1010123456036,84,,1,0,4,1,0,,18.5625,176,182934,0.424384,70,0,9.33333,,0,0,0,0,0,0,0,0,0,,-250,280,,0,0,0,0
1604109724166,8,1010123456036,84,,1,0,4,1,0,,19.9272,151,183341,0.361664,58,0,10.5,,4.9,30,0,0.1,12,16.6667,0,7.88635,31,,-250,236,,0,0,0,3
1604109724416,8,1010123456036,84,,1,0,4,1,0,,16.0326,184,183961,0.365088,73,0,8.2,,0,0,0,0,0,0,0,0,0,,-250,288,,0,0,0,0
1604109724666,8,1010123456036,84,,1,0,4,1,0,,10.0696,158,183893,0.19968,64,0,4.66667,,0,0,0,0,0,0,0,0,0,,-250,252,,0,0,0,0
1604109724916,8,1010123456036,84,,1,0,4,1,0,,20.8802,192,184045,0.545632,75,0,10.5,,0,0,0,0,0,0,0,0,0,,-250,312,,0,0,0,0
1604109725166,8,1010123456036,84,,1,0,4,1,0,,14.7958,142,183880,0.302432,60,0,7.71429,,2.27273,33,0,0.1,13,0,0,5.92659,31,,-250,228,,0,0,0,1
1604109725416,8,1010123456036,84,,1,0,4,1,0,,15.4936,156,184403,0.3168,60,0,8,,0,0,0,0,0,0,0,0,0,,-250,256,,0,0,0,0
1604109725666,8,1010123456036,84,,1,0,4,1,0,,15.2474,194,183812,0.33616,79,0,8.8,,0,0,0,0,0,0,0,0,0,,-250,308,,0,0,0,0
1604109725916,8,1010123456036,84,,1,0,4,1,0,,18.0843,178,183423,0.441376,71,0,9.33333,,0,0,0,0,0,0,0,0,0,,-250,280,,0,0,0,0
1604109726166,8,1010123456036,84,,1,0,4,1,0,,18.1914,162,182774,0.34624,64,0,9,,9.71429,7,0,0.1,3,0,0,16.068,31,,-250,260,,0,0,0,2.57143
1604109726416,8,1010123456036,84,,1,0,4,1,0,,17.9209,139,183253,0.317504,58,0,10,,0,0,0,0,0,0,0,0,0,,-250,232,,0,0,0,0
1604109726666,8,1010123456036,84,,1,0,4,1,0,,18.5964,223,183729,0.517568,94,0,9,,0,0,0,0,0,0,0,0,0,,-250,364,,0,0,0,0
1604109726916,8,1010123456036,84,,1,0,4,1,0,,17.2871,209,184358,0.490944,84,0,9.16667,,0,0,0,0,0,0,0,0,0,,-250,340,,0,0,0,0
1604109727166,8,1010123456036,84,,1,0,4,1,0,,14.3626,171,184471,0.281856,66,0,8,,6.57692,26,0,0.1,10,0,0,12.0822,31,,-250,264,,0,0,0,1.11538
1604109727416,8,1010123456036,84,,1,0,4,1,0,,21.0327,214,183611,0.590336,84,0,11,,0,0,0,0,0,0,0,0,0,,-250,336,,0,0,0,0
1604109727666,8,1010123456036,84,,1,0,4,1,0,,20.9466,206,184041,0.5552,82,0,10.5,,0,0,0,0,0,0,0,0,0,,-250,324,,0,0,0,0
1604109727916,8,1010123456036,84,,1,0,4,1,0,,18.9167,108,183489,0.253984,45,0,10.75,,0,0,0,0,0,0,0,0,0,,-250,180,,0,0,0,0
1604109728166,8,1010123456036,84,,1,0,4,1,0,,18.2635,148,183339,0.380256,59,0,9.14286,,2.25,56,0,0.1,22,18.1818,0,8.07818,31,,-250,236,,0,0,0,2.44643
1604109728416,8,1010123456036,84,,1,0,4,1,0,,15.8913,138,183301,0.274816,56,0,8.5,,0,0,0,0,0,0,0,0,0,,-250,232,,0,0,0,0
1604109728666,8,1010123456036,84,,1,0,4,1,0,,21.5647,232,183094,0.643232,89,0,11.5,,0,0,0,0,0,0,0,0,0,,-250,364,,0,0,0,0
1604109728916,8,1010123456036,84,,1,0,4,1,0,,17.7744,195,183110,0.492672,84,0,9,,0,0,0,0,0,0,0,0,0,,-250,324,,0,0,0,0
1604109729166,8,1010123456036,84,,1,0,4,1,0,,20.8276,174,183880,0.477952,68,0,11.1429,,8.96875,32,0,0.1,13,15.3846,0,10.1811,31,,-250,280,,0,0,0,2.375
1604109729416,8,1010123456036,84,,1,0,4,1,0,,20.4712,191,183630,0.53728,78,0,11,,0,0,0,0,0,0,0,0,0,,-250,304,,0,0,0,0
1604109729666,8,1010123456036,84,,1,0,4,1,0,,21.4658,219,183306,0.607648,85,0,11,,0,0,0,0,0,0,0,0,0,,-250,348,,0,0,0,0
1604109729916,8,1010123456036,84,,1,0,4,1,0,,20.9464,168,183561,0.458368,68,0,11,,0,0,0,0,0,0,0,0,0,,-250,272,,0,0,0,0
1604109730166,8,1010123456036,84,,1,0,4,1,0,,21.5888,214,184469,0.635136,88,0,11,,9.75,8,0,0.1,3,0,0,12.0725,31,,-250,348,,0,0,0,1.375
1604109730416,8,1010123456036,84,,1,0,4,1,0,,22.4435,115,183285,0.348704,45,0,11.6667,,0,0,0,0,0,0,0,0,0,,-250,188,,0,0,0,0
1604109730666,8,1010123456036,84,,1,0,4,1,0,,21.3947,152,182863,0.450528,63,0,10.4,,0,0,0,0,0,0,0,0,0,,-250,244,,0,0,0,0
1604109730916,8,1010123456036,84,,1,0,4,1,0,,21.125,168,184441,0.47296,68,0,10.8,,0,0,0,0,0,0,0,0,0,,-250,268,,0,0,0,0
1604109731166,8,1010123456036,84,,1,0,4,1,0,,21.72,100,184413,0.288256,40,0,11.5714,,3.47368,38,0,0.1,16,0,0,11.0209,31,,-250,156,,0,0,0,1
1604109731416,8,1010123456036,84,,1,0,4,1,0,,19.098,204,184146,0.52544,82,0,9.33333,,0,0,0,0,0,0,0,0,0,,-250,328,,0,0,0,0
1604109731666,8,1010123456036,84,,1,0,4,1,0,,22.1749,183,182946,0.572736,72,0,9.8,,0,0,0,0,0,0,0,0,0,,-250,300,,0,0,0,0
1604109731916,8,1010123456036,84,,1,0,4,1,0,,23.764,178,183445,0.605152,71,0,11.8333,,0,0,0,0,0,0,0,0,0,,-250,280,,0,0,0,0
1604109732166,8,1010123456036,84,,1,0,4,1,0,,21.2931,116,183058,0.338816,48,0,11.2857,,13.3846,13,0,0.1,6,50,0,7.86909,31,,-250,192,,0,0,0,5.76923
1604109732416,8,1010123456036,84,,1,0,4,1,0,,23,196,183917,0.61872,75,0,11.8,,0,0,0,0,0,0,0,0,0,,-250,304,,0,0,0,0
1604109732666,8,1010123456036,84,,1,0,4,1,0,,21.3535,215,182730,0.594048,84,0,10.8333,,0,0,0,0,0,0,0,0,0,,-250,340,,0,0,0,0
1604109732916,8,1010123456036,84,,1,0,4,1,0,,22.5459,185,183861,0.58592,74,0,11.5,,0,0,0,0,0,0,0,0,0,,-250,288,,0,0,0,0
1604109733166,8,1010123456036,84,,1,0,4,1,0,,20.2455,167,183987,0.473792,70,0,10.1429,,14.7018,57,0,0.13904,24,58.3333,0,9.41522,31,,-250,276,,0,0,0,6.36842
1604109733416,8,1010123456036,84,,1,0,4,1,0,,21.2754,167,184575,0.487872,70,0,11,,0,0,0,0,0,0,0,0,0,,-250,284,,0,0,0,0
1604109733666,8,1010123456036,84,,1,0,4,1,0,,21.5882,170,183699,0.504768,70,0,11,,0,0,0,0,0,0,0,0,0,,-250,276,,0,0,0,0
1604109733916,8,1010123456036,84,,1,0,4,1,0,,21.5207,217,183311,0.622048,87,0,11,,0,0,0,0,0,0,0,0,0,,-250,348,,0,0,0,0
1604109734166,8,1010123456036,84,,1,0,4,1,0,,20.6051,157,184325,0.410016,61,0,11,,4.6,15,0,0.1,7,0,0,10.7661,31,,-250,256,,0,0,0,1.13333
1604109734416,8,1010123456036,84,,1,0,4,1,0,,21.3114,167,183228,0.505024,69,0,10.3333,,0,0,0,0,0,0,0,0,0,,-250,272,,0,0,0,0
1604109734666,8,1010123456036,84,,1,0,4,1,0,,21.9579,190,182968,0.58912,78,0,11,,0,0,0,0,0,0,0,0,0,,-250,308,,0,0,0,0
1604109734916,8,1010123456036,84,,1,0,4,1,0,,23.3261,138,183224,0.46352,57,0,11.6667,,0,0,0,0,0,0,0,0,0,,-250,224,,0,0,0,0
1604109735166,8,1010123456036,84,,1,0,4,1,0,,21.2566,113,183386,0.32432,45,0,10.7143,,4.31034,58,0,0.1,23,21.7391,0,8.66241,31,,-250,180,,0,0,0,3.05172
1604109735416,8,1010123456036,84,,1,0,4,1,0,,20.7805,164,184085,0.444576,65,0,11,,0,0,0,0,0,0,0,0,0,,-250,260,,0,0,0,0
1604109735666,8,1010123456036,84,,1,0,4,1,0,,23.4815,216,184041,0.705312,85,0,11.6667,,0,0,0,0,0,0,0,0,0,,-250,340,,0,0,0,0
1604109735916,8,1010123456036,84,,1,0,4,1,0,,21.5714,154,183821,0.429056,60,0,11.1667,,0,0,0,0,0,0,0,0,0,,-250,240,,0,0,0,0
1604109736166,8,1010123456036,84,,1,0,4,1,0,,20.0273,183,183273,0.461312,72,0,10.5714,,8,9,0,0.1,4,0,0,13.9277,31,,-250,296,,0,0,0,1.22222
1604109736416,8,1010123456036,84,,1,0,4,1,0,,24.0265,189,183397,0.72208,81,0,11.6667,,0,0,0,0,0,0,0,0,0,,-250,316,,0,0,0,0
1604109736666,8,1010123456036,84,,1,0,4,1,0,,22.1489,188,183797,0.540032,72,0,11.3333,,0,0,0,0,0,0,0,0,0,,-250,292,,0,0,0,0
1604109736916,8,1010123456036,84,,1,0,4,1,0,,24.2167,203,182950,0.715328,82,0,12.1667,,0,0,0,0,0,0,0,0,0,,-250,332,,0,0,0,0
1604109737166,8,1010123456036,84,,1,0,6,1,0,,19.2542,177,183384,0.590112,71,0,9.42857,,0,20,0,0.1,10,0,0,0,31,,-250,368,,0,0,0,0
1604109737416,8,1010123456036,84,,1,0,6,1,0,,21.4831,178,181663,0.705376,73,0,11.5,,0,0,0,0,0,0,0,0,0,,-250,406,,0,0,0,0
1604109737666,8,1010123456036,84,,1,0,6,1,0,,21.815,227,182985,0.935072,89,0,11.3333,,0,0,0,0,0,0,0,0,0,,-250,510,,0,0,0,0
1604109737916,8,1010123456036,84,,1,0,6,1,0,,21.1682,220,182469,0.853408,89,0,11,,0,0,0,0,0,0,0,0,0,,-250,486,,0,0,0,0
1604109738166,8,1010123456036,84,,1,0,6,1,0,,21.1319,182,181960,0.714912,71,0,11.5714,,8.21429,14,0,0.1,6,16.6667,0,6.46187,31,,-250,410,,0,0,0,2.92857
1604109738416,8,1010123456036,84,,1,0,6,1,0,,20.4161,137,183068,0.547392,58,0,11,,0,0,0,0,0,0,0,0,0,,-250,320,,0,0,0,0
1604109738666,8,1010123456036,84,,1,0,6,1,0,,22.2025,163,183796,0.726688,65,0,11.6667,,0,0,0,0,0,0,0,0,0,,-250,374,,0,0,0,0
1604109738916,8,1010123456036,84,,1,0,6,1,0,,21.4737,190,183383,0.749952,76,0,11.3333,,0,0,0,0,0,0,0,0,0,,-250,424,,0,0,0,0
1604109739166,8,1010123456036,84,,1,0,6,1,0,,21.2743,237,182009,0.986784,97,0,11,,3.77551,49,0,0.1,19,5.26316,0,10.4321,31,,-250,548,,0,0,0,1.87755
1604109739416,8,1010123456036,84,,1,0,6,1,0,,20.9149,235,182557,0.891616,91,0,11,,0,0,0,0,0,0,0,0,0,,-250,532,,0,0,0,0
1604109739666,8,1010123456036,84,,1,0,6,1,0,,21.3992,243,180736,1.01923,99,0,11,,0,0,0,0,0,0,0,0,0,,-250,580,,0,0,0,0
1604109739916,8,1010123456036,84,,1,0,6,1,0,,20.4643,140,183157,0.54784,60,0,11,,0,0,0,0,0,0,0,0,0,,-250,320,,0,0,0,0
1604109740166,8,1010123456036,84,,1,0,6,1,0,,20.5139,144,182899,0.51232,60,0,11.3333,,2.24324,37,0,0.1,15,0,0,10.2641,31,,-250,318,,0,0,0,1.05405
1604109740416,8,1010123456036,84,,1,0,6,1,0,,19.9,160,182909,0.565408,65,0,11,,0,0,0,0,0,0,0,0,0,,-250,360,,0,0,0,0
1604109740666,8,1010123456036,84,,1,0,6,1,0,,18.546,163,182207,0.575776,65,0,9.33333,,0,0,0,0,0,0,0,0,0,,-250,384,,0,0,0,0
1604109740916,8,1010123456036,84,,1,0,6,1,0,,20.2727,121,183903,0.47728,51,0,10.8333,,0,0,0,0,0,0,0,0,0,,-250,282,,0,0,0,0
1604109741166,8,1010123456036,84,,1,0,6,1,0,,19.5147,136,183125,0.487072,53,0,10.8571,,4.79167,24,0,0.1,9,0,0,8.01515,31,,-250,304,,0,0,0,1.5
1604109741416,8,1010123456036,84,,1,0,6,1,0,,21.936,172,182980,0.752992,69,0,11.6667,,0,0,0,0,0,0,0,0,0,,-250,400,,0,0,0,0
1604109741666,8,1010123456036,84,,1,0,6,1,0,,18.8696,184,182634,0.571776,70,0,10.5,,0,0,0,0,0,0,0,0,0,,-250,410,,0,0,0,0
1604109741916,8,1010123456036,84,,1,0,6,1,0,,19.7975,163,183546,0.660352,72,0,10.6667,,0,0,0,0,0,0,0,0,0,,-250,388,,0,0,0,0
1604109742166,8,1010123456036,84,,1,0,6,1,0,,20.6237,194,183327,0.71408,79,0,11,,9.36667,30,0,0.1,12,16.6667,0,14.1711,31,,-250,424,,0,0,0,3.33333
1604109742416,8,1010123456036,84,,1,0,6,1,0,,21.4198,243,182569,1.00384,98,0,11,,0,0,0,0,0,0,0,0,0,,-250,560,,0,0,0,0
1604109742666,8,1010123456036,84,,1,0,6,1,0,,17.7087,127,184492,0.450336,52,0,10.6667,,0,0,0,0,0,0,0,0,0,,-250,300,,0,0,0,0
1604109742916,8,1010123456036,84,,1,0,6,1,0,,20.9448,163,184208,0.6424,65,0,11,,0,0,0,0,0,0,0,0,0,,-251,386,,0,0,0,0
1604109743166,8,1010123456036,84,,1,0,6,1,0,,21.5134,224,183121,0.915936,91,0,11.1429,,12.8,15,0,0.1,6,66.6667,0,10.7919,31,,-249,506,,0,0,0,7.6
1604109743416,8,1010123456036,84,,1,0,6,1,0,,19.9324,148,182830,0.5456,64,0,11,,0,0,0,0,0,0,0,0,0,,-250,336,,0,0,0,0
1604109743666,8,1010123456036,84,,1,0,6,1,0,,19.3732,142,182999,0.495264,55,0,10.3333,,0,0,0,0,0,0,0,0,0,,-250,330,,0,0,0,0
1604109743916,8,1010123456036,84,,1,0,6,1,0,,20.4186,172,184017,0.63184,71,0,11,,0,0,0,0,0,0,0,0,0,,-250,378,,0,0,0,0
1604109744166,8,1010123456036,84,,1,0,6,1,0,,19.9826,115,184287,0.411008,46,0,11.1429,,2.88889,63,0,0.1,26,23.0769,0,6.62332,31,,-250,260,,0,0,0,2.85714
1604109744416,8,1010123456036,84,,1,0,6,1,0,,19.4365,181,183288,0.559264,69,0,10.5,,0,0,0,0,0,0,0,0,0,,-250,388,,0,0,0,0
1604109744666,8,1010123456036,84,,1,0,6,1,0,,19.9456,147,183955,0.512544,57,0,11,,0,0,0,0,0,0,0,0,0,,-250,316,,0,0,0,0
1604109744916,8,1010123456036,84,,1,0,6,1,0,,20.0818,159,184059,0.605792,65,0,9,,0,0,0,0,0,0,0,0,0,,-250,368,,0,0,0,0
1604109745166,8,1010123456036,84,,1,0,6,1,0,,20.1481,135,182811,0.503648,55,0,10.8571,,4.77143,35,0,0.1,14,14.2857,0,9.74834,31,,-250,316,,0,0,0,2.45714
1604109745416,8,1010123456036,84,,1,0,6,1,0,,20.7429,210,182426,0.842592,85,0,11,,0,0,0,0,0,0,0,0,0,,-250,492,,0,0,0,0
1604109745666,8,1010123456036,84,,1,0,6,1,0,,21.8976,127,184022,0.538272,51,0,11,,0,0,0,0,0,0,0,0,0,,-250,298,,0,0,0,0
1604109745916,8,1010123456036,84,,1,0,6,1,0,,21.6169,201,183451,0.809792,80,0,11.1667,,0,0,0,0,0,0,0,0,0,,-250,444,,0,0,0,0
1604109746166,8,1010123456036,84,,1,0,6,1,0,,20.4857,175,183706,0.679648,73,0,11,,11.25,16,0,0.1,6,66.6667,0,8.21833,31,,-250,392,,0,0,0,7.75
1604109746416,8,1010123456036,84,,1,0,6,1,0,,20.7173,237,180681,0.851776,88,0,10.8333,,0,0,0,0,0,0,0,0,0,,-250,526,,0,0,0,0
1604109746666,8,1010123456036,84,,1,0,6,1,0,,17.9106,179,183048,0.637216,75,0,9.66667,,0,0,0,0,0,0,0,0,0,,-250,418,,0,0,0,0
1604109746916,8,1010123456036,84,,1,0,6,1,0,,21.2548,208,183258,0.853376,84,0,11,,0,0,0,0,0,0,0,0,0,,-250,472,,0,0,0,0
1604109747166,8,1010123456036,84,,1,0,6,1,0,,20.3086,175,183044,0.645696,68,0,10,,15.0182,55,0,0.142912,22,54.5455,0,9.5448,31,,-250,400,,0,0,0,6.47273
1604109747416,8,1010123456036,84,,1,0,6,1,0,,19.4515,206,181505,0.726432,81,0,10.3333,,0,0,0,0,0,0,0,0,0,,-250,482,,0,0,0,0
1604109747666,8,1010123456036,84,,1,0,6,1,0,,21.2524,210,183790,0.894208,88,0,11.1667,,0,0,0,0,0,0,0,0,0,,-250,480,,0,0,0,0
1604109747916,8,1010123456036,84,,1,0,6,1,0,,19.9502,221,180682,0.8232,87,0,10.3333,,0,0,0,0,0,0,0,0,0,,-250,502,,0,0,0,0
1604109748166,8,1010123456036,84,,1,0,6,1,0,,18.7432,183,184654,0.639008,75,0,10.2857,,2.29091,55,0,0.1,22,4.54545,0,6.90816,31,,-250,416,,0,0,0,1.94545
1604109748416,8,1010123456036,84,,1,0,6,1,0,,22.1143,175,184055,0.811136,74,0,11.6,,0,0,0,0,0,0,0,0,0,,-250,418,,0,0,0,0
1604109748666,8,1010123456036,84,,1,0,6,1,0,,21.3694,222,181456,0.874016,85,0,11,,0,0,0,0,0,0,0,0,0,,-250,516,,0,0,0,0
1604109748916,8,1010123456036,84,,1,0,6,1,0,,20.4402,184,183874,0.771808,80,0,10,,0,0,0,0,0,0,0,0,0,,-250,416,,0,0,0,0
1604109749166,8,1010123456036,84,,1,0,6,1,0,,20.858,169,182238,0.680256,70,0,11,,2.36111,36,0,0.1,15,6.66667,0,7.21765,31,,-251,414,,0,0,0,1.88889
1604109749416,8,1010123456036,84,,1,0,6,1,0,,17.7333,210,183414,0.648896,82,0,8.8,,0,0,0,0,0,0,0,0,0,,-249,466,,0,0,0,0
1604109749666,8,1010123456036,84,,1,0,6,1,0,,15.5356,239,183381,0.676672,97,0,8.16667,,0,0,0,0,0,0,0,0,0,,-250,538,,0,0,0,0
1604109749916,8,1010123456036,84,,1,0,6,1,0,,20.1878,181,183757,0.693312,76,0,11.3333,,0,0,0,0,0,0,0,0,0,,-250,424,,0,0,0,0
1604109750166,8,1010123456036,84,,1,0,6,1,0,,20.6622,148,183463,0.535328,61,0,11,,5.0303,33,0,0.1,13,30.7692,0,7.70334,31,,-250,314,,0,0,0,4.39394
1604109750416,8,1010123456036,84,,1,0,6,1,0,,20.6687,166,184449,0.6632,67,0,10.1667,,0,0,0,0,0,0,0,0,0,,-250,388,,0,0,0,0
1604109750666,8,1010123456036,84,,1,0,6,1,0,,18.4175,194,184159,0.601248,78,0,10.1667,,0,0,0,0,0,0,0,0,0,,-250,422,,0,0,0,0
1604109750916,8,1010123456036,84,,1,0,6,1,0,,18.4329,164,184175,0.550144,66,0,9.33333,,0,0,0,0,0,0,0,0,0,,-250,376,,0,0,0,0
1604109751166,8,1010123456036,84,,1,0,6,1,0,,19.6396,197,183412,0.783776,80,0,10.7143,,13.8462,52,0,0.151392,21,47.619,0,9.69608,31,,-250,446,,0,0,0,6.07692
1604109751416,8,1010123456036,84,,1,0,6,1,0,,22.0308,195,180749,0.855648,79,0,11.5,,0,0,0,0,0,0,0,0,0,,-250,466,,0,0,0,0
1604109751666,8,1010123456036,84,,1,0,6,1,0,,19.0725,207,183802,0.714752,80,0,9.83333,,0,0,0,0,0,0,0,0,0,,-250,432,,0,0,0,0
1604109751916,8,1010123456036,84,,1,0,6,1,0,,19.146,226,181199,0.753504,87,0,10.1667,,0,0,0,0,0,0,0,0,0,,-250,490,,0,0,0,0
1604109752166,8,1010123456036,84,,1,0,6,1,0,,21.224,183,180992,0.710528,74,0,11.1429,,11.3571,14,0,0.1,6,66.6667,0,11.0437,31,,-250,400,,0,0,0,6.35714
1604109752416,8,1010123456036,84,,1,0,6,1,0,,20.4725,182,183033,0.709664,77,0,11,,0,0,0,0,0,0,0,0,0,,-250,408,,0,0,0,0
1604109752666,8,1010123456036,84,,1,0,6,1,0,,20.7259,197,183210,0.73888,76,0,10.8333,,0,0,0,0,0,0,0,0,0,,-250,434,,0,0,0,0
1604109752916,8,1010123456036,84,,1,0,6,1,0,,21.2936,235,181405,0.97712,95,0,11,,0,0,0,0,0,0,0,0,0,,-250,558,,0,0,0,0
1604109753166,8,1010123456036,84,,1,0,6,1,0,,20.269,145,183066,0.54368,58,0,11,,4.82353,34,0,0.1,14,7.14286,0,9.41376,31,,-250,340,,0,0,0,2.20588
1604109753416,8,1010123456036,84,,1,0,6,1,0,,19.9203,138,183329,0.53504,60,0,9.33333,,0,0,0,0,0,0,0,0,0,,-250,322,,0,0,0,0
1604109753666,8,1010123456036,84,,1,0,6,1,0,,14.4633,218,184639,0.557312,86,0,8.16667,,0,0,0,0,0,0,0,0,0,,-250,504,,0,0,0,0
1604109753916,8,1010123456036,84,,1,0,6,1,0,,19.4298,242,180163,0.845152,95,0,10.1667,,0,0,0,0,0,0,0,0,0,,-250,566,,0,0,0,0
1604109754166,8,1010123456036,84,,1,0,6,1,0,,21.7314,175,183697,0.720192,72,0,11.1429,,12.7857,14,0,0.1,6,66.6667,0,8.85782,31,,-250,366,,0,0,0,6.78571
1604109754416,8,1010123456036,84,,1,0,6,1,0,,19.8242,165,182224,0.59184,67,0,11,,0,0,0,0,0,0,0,0,0,,-250,392,,0,0,0,0
1604109754666,8,1010123456036,84,,1,0,6,1,0,,19.7175,223,183071,0.740736,88,0,10.6667,,0,0,0,0,0,0,0,0,0,,-250,488,,0,0,0,0
1604109754916,8,1010123456036,84,,1,0,6,1,0,,20.8246,211,182350,0.800224,87,0,11,,0,0,0,0,0,0,0,0,0,,-250,452,,0,0,0,0
1604109755166,8,1010123456036,84,,1,0,6,1,0,,19.9326,178,183836,0.673568,75,0,10.7143,,4.92857,14,0,0.1,6,0,0,10.2423,31,,-250,410,,0,0,0,1.14286
1604109755416,8,1010123456036,84,,1,0,6,1,0,,21.0559,179,183383,0.685696,70,0,11.3333,,0,0,0,0,0,0,0,0,0,,-250,412,,0,0,0,0
1604109755666,8,1010123456036,84,,1,0,6,1,0,,21.2986,211,182845,0.87376,87,0,11.3333,,0,0,0,0,0,0,0,0,0,,-250,488,,0,0,0,0
1604109755916,8,1010123456036,84,,1,0,6,1,0,,15.8218,174,183603,0.489024,70,0,9.16667,,0,0,0,0,0,0,0,0,0,,-251,400,,0,0,0,0
1604109756166,8,1010123456036,84,,1,0,6,1,0,,19.6066,183,183509,0.58448,73,0,10.7143,,11.4237,59,0,0.1,24,66.6667,0,8.42118,31,,-249,384,,0,0,0,7.42373
1604109756416,8,1010123456036,84,,1,0,6,1,0,,21.4088,159,183658,0.618592,67,0,11.3333,,0,0,0,0,0,0,0,0,0,,-250,338,,0,0,0,0
1604109756666,8,1010123456036,84,,1,0,6,1,0,,20.55,220,183720,0.855584,91,0,11,,0,0,0,0,0,0,0,0,0,,-250,502,,0,0,0,0
1604109756916,8,1010123456036,84,,1,0,6,1,0,,20.6912,204,183382,0.718944,75,0,11,,0,0,0,0,0,0,0,0,0,,-250,450,,0,0,0,0
1604109757166,8,1010123456036,84,,1,0,6,1,0,,20.8117,223,182575,0.83024,87,0,10.7143,,6.22222,54,0,0.1,21,28.5714,0,8.68929,31,,-250,476,,0,0,0,3.77778
1604109757416,8,1010123456036,84,,1,0,6,1,0,,19.7128,188,183782,0.68544,76,0,9.83333,,0,0,0,0,0,0,0,0,0,,-250,418,,0,0,0,0
1604109757666,8,1010123456036,84,,1,0,6,1,0,,20.5123,162,183591,0.602688,64,0,11,,0,0,0,0,0,0,0,0,0,,-250,370,,0,0,0,0
1604109757916,8,1010123456036,84,,1,0,6,1,0,,21.0099,203,182429,0.78128,81,0,11,,0,0,0,0,0,0,0,0,0,,-250,450,,0,0,0,0
1604109758166,8,1010123456036,84,,1,0,6,1,0,,20.0163,184,182494,0.65264,73,0,10.7143,,8.24,25,0,0.1,10,40,0,11.0252,31,,-250,410,,0,0,0,5.32
1604109758416,8,1010123456036,84,,1,0,6,1,0,,21.1938,160,180906,0.621536,63,0,11.1667,,0,0,0,0,0,0,0,0,0,,-250,372,,0,0,0,0
1604109758666,8,1010123456036,84,,1,0,6,1,0,,19.4181,177,183415,0.69712,75,0,9,,0,0,0,0,0,0,0,0,0,,-250,420,,0,0,0,0
1604109758916,8,1010123456036,84,,1,0,6,1,0,,20.2874,167,184563,0.671584,67,0,9.5,,0,0,0,0,0,0,0,0,0,,-250,382,,0,0,0,0
1604109759166,8,1010123456036,84,,1,0,6,1,0,,20.6545,220,184077,0.806784,88,0,11.2857,,4.36364,22,0,0.1,9,0,0,10.5351,31,,-250,478,,0,0,0,1.09091
1604109759416,8,1010123456036,84,,1,0,6,1,0,,20.793,227,183344,0.839392,89,0,11,,0,0,0,0,0,0,0,0,0,,-250,510,,0,0,0,0
1604109759666,8,1010123456036,84,,1,0,6,1,0,,21.2178,225,183062,0.907488,93,0,11,,0,0,0,0,0,0,0,0,0,,-250,504,,0,0,0,0
1604109759916,8,1010123456036,84,,1,0,6,1,0,,21.0575,226,180233,0.8632,89,0,11,,0,0,0,0,0,0,0,0,0,,-250,504,,0,0,0,0
1604109760166,8,1010123456036,84,,1,0,6,1,0,,21.1612,242,180765,0.956832,95,0,11,,7.30508,59,0,0.1,24,25,0,11.0698,31,,-250,548,,0,0,0,3.33898
1604109760416,8,1010123456036,84,,1,0,6,1,0,,21.2672,247,180226,0.997792,99,0,11,,0,0,0,0,0,0,0,0,0,,-250,560,,0,0,0,0
1604109760666,8,1010123456036,84,,1,0,6,1,0,,21.125,224,183342,0.887776,91,0,11,,0,0,0,0,0,0,0,0,0,,-250,500,,0,0,0,0
1604109760916,8,1010123456036,84,,1,0,6,1,0,,17.7577,194,181665,0.59296,76,0,10.1667,,0,0,0,0,0,0,0,0,0,,-250,448,,0,0,0,0
1604109761166,8,1010123456036,84,,1,0,6,1,0,,19.7876,226,181787,0.834848,91,0,10.2857,,5.12903,31,0,0.1,13,30.7692,0,9.33138,31,,-250,518,,0,0,0,3.51613
1604109761416,8,1010123456036,84,,1,0,6,1,0,,17.5051,198,184585,0.697824,79,0,7.33333,,0,0,0,0,0,0,0,0,0,,-250,448,,0,0,0,0
1604109761666,8,1010123456036,84,,1,0,6,1,0,,19.1878,181,183948,0.608192,72,0,11,,0,0,0,0,0,0,0,0,0,,-250,398,,0,0,0,0
1604109761916,8,1010123456036,84,,1,0,6,1,0,,16.9318,176,182219,0.53856,70,0,10,,0,0,0,0,0,0,0,0,0,,-250,396,,0,0,0,0
1604109762166,8,1010123456036,84,,1,0,6,1,0,,20.7879,198,183927,0.789312,82,0,11,,5.41509,53,0,0.1,23,21.7391,0,9.7124,31,,-250,430,,0,0,0,3.20755
1604109762416,8,1010123456036,84,,1,0,6,1,0,,19.929,155,183963,0.549408,63,0,11,,0,0,0,0,0,0,0,0,0,,-251,362,,0,0,0,0
1604109762666,8,1010123456036,84,,1,0,6,1,0,,20.9573,211,182963,0.803008,84,0,11,,0,0,0,0,0,0,0,0,0,,-249,468,,0,0,0,0
1604109762916,8,1010123456036,84,,1,0,6,1,0,,20.1449,207,181897,0.720672,83,0,11,,0,0,0,0,0,0,0,0,0,,-251,458,,0,0,0,0
1604109763166,8,1010123456036,84,,1,0,6,1,0,,20.3513,185,183315,0.734912,78,0,11,,7.92771,83,0,0.110784,34,29.4118,0,9.28972,31,,-249,430,,0,0,0,4.03614
1604109763416,8,1010123456036,84,,1,0,6,1,0,,18.8855,166,183533,0.56256,68,0,9.16667,,0,0,0,0,0,0,0,0,0,,-250,368,,0,0,0,0
1604109763666,8,1010123456036,84,,1,0,6,1,0,,20.6311,206,184394,0.755104,83,0,11,,0,0,0,0,0,0,0,0,0,,-250,460,,0,0,0,0
1604109763916,8,1010123456036,84,,1,0,6,1,0,,19.2778,180,181682,0.58976,72,0,10.1667,,0,0,0,0,0,0,0,0,0,,-250,390,,0,0,0,0
1604109764166,8,1010123456036,84,,1,0,6,1,0,,21.728,261,176764,1.1567,105,0,9.71429,,4.69231,52,0,0.1,21,19.0476,0,11.3379,31,,-250,614,,0,0,0,2.67308
1604109764416,8,1010123456036,84,,1,0,6,1,0,,14.7814,183,182774,0.521824,73,0,9.66667,,0,0,0,0,0,0,0,0,0,,-250,430,,0,0,0,0
1604109764666,8,1010123456036,84,,1,0,6,1,0,,21.0976,164,183063,0.655072,67,0,11,,0,0,0,0,0,0,0,0,0,,-250,368,,0,0,0,0
1604109764916,8,1010123456036,84,,1,0,6,1,0,,21.0976,123,182464,0.4736,48,0,9.83333,,0,0,0,0,0,0,0,0,0,,-250,280,,0,0,0,0
1604109765166,8,1010123456036,84,,1,0,6,1,0,,20.504,125,183701,0.444992,50,0,11,,2.91667,48,0,0.1,19,5.26316,0,8.82736,31,,-250,254,,0,0,0,1.47917
1604109765416,8,1010123456036,84,,1,0,6,1,0,,18.1144,201,183840,0.696064,80,0,9.16667,,0,0,0,0,0,0,0,0,0,,-250,468,,0,0,0,0
1604109765666,8,1010123456036,84,,1,0,6,1,0,,21.521,238,181255,0.94624,92,0,11.1667,,0,0,0,0,0,0,0,0,0,,-250,538,,0,0,0,0
1604109765916,8,1010123456036,84,,1,0,6,1,0,,22.3973,219,182394,0.953152,88,0,11.5,,0,0,0,0,0,0,0,0,0,,-250,488,,0,0,0,0
1604109766166,8,1010123456036,84,,1,0,6,1,0,,19.7892,204,184240,0.686368,79,0,10.8571,,4.23684,38,0,0.1,15,0,0,11.153,31,,-250,430,,0,0,0,1.21053
1604109766416,8,1010123456036,84,,1,0,6,1,0,,20.6184,228,184061,0.854304,93,0,11,,0,0,0,0,0,0,0,0,0,,-250,508,,0,0,0,0
1604109766666,8,1010123456036,84,,1,0,6,1,0,,22.432,125,183899,0.561216,50,0,12.1667,,0,0,0,0,0,0,0,0,0,,-250,292,,0,0,0,0
1604109766916,8,1010123456036,84,,1,0,6,1,0,,20.9048,168,181380,0.672032,67,0,10.6667,,0,0,0,0,0,0,0,0,0,,-250,380,,0,0,0,0
1604109767166,8,1010123456036,84,,1,0,6,1,0,,24.1163,215,178117,1.03594,89,0,12.8333,,3.69048,42,0,0.1,17,5.88235,0,8.25106,31,,-250,478,,0,0,0,1.83333
1604109767416,8,1010123456036,84,,1,0,6,1,0,,24.5042,236,170767,1.22307,93,0,12,,0,0,0,0,0,0,0,0,0,,-250,536,,0,0,0,0
1604109767666,8,1010123456036,84,,1,0,6,1,0,,21.8051,236,169245,1.02915,97,0,11.8333,,0,0,0,0,0,0,0,0,0,,-250,546,,0,0,0,0
1604109767916,8,1010123456036,84,,1,0,6,1,0,,23.5545,220,167603,1.00989,87,0,12.1667,,0,0,0,0,0,0,0,0,0,,-250,488,,0,0,0,0
1604109768166,8,1010123456036,84,,1,0,6,1,0,,25.1519,237,159112,1.2496,94,0,12.5714,,13.4286,14,0,0.1,6,66.6667,0,8.88007,31,,-250,542,,0,0,0,6.35714
1604109768416,8,1010123456036,84,,1,0,6,1,0,,26.105,238,150124,1.24925,93,0,13,,0,0,0,0,0,0,0,0,0,,-250,522,,0,0,0,0
1604109768666,8,1010123456036,84,,1,0,6,1,0,,23.3228,254,145125,1.12774,100,0,11.8333,,0,0,0,0,0,0,0,0,0,,-250,552,,0,0,0,0
1604109768916,8,1010123456036,84,,1,0,6,1,0,,23.1718,227,142582,1.0807,92,0,12,,0,0,0,0,0,0,0,0,0,,-250,520,,0,0,0,0
1604109769166,8,1010123456036,84,,1,0,6,1,0,,23.5625,224,138940,1.11091,92,0,12.2857,,8.47826,23,0,0.1,10,0,0,12.4395,31,,-251,516,,0,0,0,1.26087
1604109769416,8,1010123456036,84,,1,0,6,1,0,,24.4697,198,139116,0.972512,77,0,12.3333,,0,0,0,0,0,0,0,0,0,,-250,432,,0,0,0,0
1604109769666,8,1010123456036,84,,1,0,6,1,0,,24.9908,218,132255,1.10614,87,0,12.6667,,0,0,0,0,0,0,0,0,0,,-249,504,,0,0,0,0
1604109769916,8,1010123456036,84,,1,0,6,1,0,,23.7552,192,133037,0.966304,81,0,12.1667,,0,0,0,0,0,0,0,0,0,,-249,450,,0,0,0,0
1604109770166,8,1010123456036,84,,1,0,6,1,0,,24.1857,237,127032,1.16352,94,0,12.2857,,12.7857,14,0,0.1,5,20,0,19.6908,31,,-250,538,,0,0,0,2.92857
1604109770416,8,1010123456036,84,,1,0,6,1,0,,24.6257,187,126923,0.996096,76,0,12.6667,,0,0,0,0,0,0,0,0,0,,-250,430,,0,0,0,0
1604109770666,8,1010123456036,84,,1,0,6,1,0,,22.8047,256,122045,1.14214,104,0,11.8333,,0,0,0,0,0,0,0,0,0,,-250,566,,0,0,0,0
1604109770916,8,1010123456036,84,,1,0,6,1,0,,22.0046,216,122826,0.931008,86,0,11.5,,0,0,0,0,0,0,0,0,0,,-250,510,,0,0,0,0
1604109771166,8,1010123456036,84,,1,0,6,1,0,,17.9,200,132300,0.696384,80,0,9.57143,,13.1481,27,0,0.1,11,54.5455,0,11.8382,31,,-250,450,,0,0,0,6.33333
1604109771416,8,1010123456036,84,,1,0,6,1,0,,21.0545,220,136557,0.823072,85,0,11,,0,0,0,0,0,0,0,0,0,,-250,476,,0,0,0,0
1604109771666,8,1010123456036,84,,1,0,6,1,0,,21.7476,210,137418,0.921632,83,0,10,,0,0,0,0,0,0,0,0,0,,-250,474,,0,0,0,0
1604109771916,8,1010123456036,84,,1,0,6,1,0,,21.7419,217,141254,0.881088,86,0,11.1667,,0,0,0,0,0,0,0,0,0,,-250,466,,0,0,0,0
1604109772166,8,1010123456036,84,,1,0,6,1,0,,18.8774,212,146703,0.811232,89,0,10.4286,,12,8,0,0.1,3,0,0,14.6819,31,,-250,496,,0,0,0,1
1604109772416,8,1010123456036,84,,1,0,6,1,0,,22.2653,245,143492,1.07667,98,0,11,,0,0,0,0,0,0,0,0,0,,-250,562,,0,0,0,0
1604109772666,8,1010123456036,84,,1,0,6,1,0,,18.6946,167,154177,0.605888,68,0,8.6,,0,0,0,0,0,0,0,0,0,,-250,386,,0,0,0,0
1604109772916,8,1010123456036,84,,1,0,6,1,0,,20.868,197,159434,0.780704,77,0,11.8333,,0,0,0,0,0,0,0,0,0,,-250,440,,0,0,0,0
1604109773166,8,1010123456036,84,,1,0,6,1,0,,19.815,200,166100,0.740992,80,0,9.71429,,13,18,0,0.1,7,71.4286,0,5.99081,31,,-250,460,,0,0,0,8.22222
1604109773416,8,1010123456036,84,,1,0,6,1,0,,20.9409,186,173562,0.7688,79,0,10.8,,0,0,0,0,0,0,0,0,0,,-250,426,,0,0,0,0
1604109773666,8,1010123456036,84,,1,0,6,1,0,,22.3632,190,177726,0.811776,76,0,11.5,,0,0,0,0,0,0,0,0,0,,-250,434,,0,0,0,0
1604109773916,8,1010123456036,84,,1,0,6,1,0,,24.1043,230,173984,1.10042,94,0,12.1667,,0,0,0,0,0,0,0,0,0,,-250,510,,0,0,0,0
1604109774166,8,1010123456036,84,,1,0,6,1,0,,23.9391,197,173972,0.967808,78,0,12.3333,,7.05455,55,0,0.1,22,31.8182,0,8.97223,31,,-250,454,,0,0,0,4
1604109774416,8,1010123456036,84,,1,0,6,1,0,,22.6514,218,172033,1.05539,89,0,11.4,,0,0,0,0,0,0,0,0,0,,-250,522,,0,0,0,0
1604109774666,8,1010123456036,84,,1,0,6,1,0,,18.9458,240,176048,0.841792,100,0,10.3333,,0,0,0,0,0,0,0,0,0,,-250,554,,0,0,0,0
1604109774916,8,1010123456036,84,,1,0,6,1,0,,22.9167,216,176877,0.947232,87,0,11.6667,,0,0,0,0,0,0,0,0,0,,-250,474,,0,0,0,0
1604109775166,8,1010123456036,84,,1,0,6,1,0,,20.4413,179,183444,0.743552,76,0,8.83333,,4.2449,49,0,0.1,19,5.26316,0,8.53231,31,,-250,416,,0,0,0,1.83673
1604109775416,8,1010123456036,84,,1,0,6,1,0,,14.6443,253,184370,0.708992,101,0,8.83333,,0,0,0,0,0,0,0,0,0,,-250,580,,0,0,0,0
1604109775666,8,1010123456036,84,,1,0,6,1,0,,21.4848,231,179780,0.907008,90,0,11,,0,0,0,0,0,0,0,0,0,,-250,518,,0,0,0,0
1604109775916,8,1010123456036,84,,1,0,6,1,0,,18.3392,227,179762,0.758432,89,0,9,,0,0,0,0,0,0,0,0,0,,-250,500,,0,0,0,0
1604109776166,8,1010123456036,84,,1,0,6,1,0,,13.4273,227,181802,0.599936,92,0,8.28571,,12.4815,27,0,0.110368,10,10,0,15.7583,31,,-250,530,,0,0,0,2.22222
1604109776416,8,1010123456036,84,,1,0,6,1,0,,24.3421,190,181621,0.945408,76,0,11.25,,0,0,0,0,0,0,0,0,0,,-250,428,,0,0,0,0
1604109776666,8,1010123456036,84,,1,0,6,1,0,,20.8814,194,182504,0.775328,83,0,11,,0,0,0,0,0,0,0,0,0,,-250,438,,0,0,0,0
1604109776916,8,1010123456036,84,,1,0,6,1,0,,18.4186,215,184270,0.739808,85,0,9.16667,,0,0,0,0,0,0,0,0,0,,-250,500,,0,0,0,0
1604109777166,8,1010123456036,84,,1,0,6,1,0,,22.1044,182,182623,0.7784,71,0,11.7143,,3.86957,46,0,0.1,18,0,0,9.7412,31,,-250,424,,0,0,0,1.3913
1604109777416,8,1010123456036,84,,1,0,6,1,0,,21.5084,179,180519,0.742112,71,0,11.25,,0,0,0,0,0,0,0,0,0,,-250,422,,0,0,0,0
1604109777666,8,1010123456036,84,,1,0,6,1,0,,24.1705,217,179077,1.03318,87,0,12.5,,0,0,0,0,0,0,0,0,0,,-250,472,,0,0,0,0
1604109777916,8,1010123456036,84,,1,0,6,1,0,,24.078,205,177767,1.00778,81,0,12.4,,0,0,0,0,0,0,0,0,0,,-250,472,,0,0,0,0
1604109778166,8,1010123456036,84,,1,0,6,1,0,,22.0215,186,182567,0.838912,78,0,11.5714,,4.68627,51,0,0.1,21,14.2857,0,8.88822,31,,-250,436,,0,0,0,2.33333
1604109778416,8,1010123456036,84,,1,0,6,1,0,,25.0606,165,183184,0.892512,67,0,13,,0,0,0,0,0,0,0,0,0,,-250,396,,0,0,0,0
1604109778666,8,1010123456036,84,,1,0,6,1,0,,25.8315,184,179443,0.987136,74,0,13,,0,0,0,0,0,0,0,0,0,,-250,418,,0,0,0,0
1604109778916,8,1010123456036,84,,1,0,6,1,0,,23.8855,131,180668,0.719904,57,0,12.2,,0,0,0,0,0,0,0,0,0,,-250,328,,0,0,0,0
1604109779166,8,1010123456036,84,,1,0,6,1,0,,24.736,197,179357,1.02586,80,0,12.4286,,10.8667,30,0,0.1,13,46.1538,0,9.55332,31,,-250,452,,0,0,0,5.6
1604109779416,8,1010123456036,84,,1,0,6,1,0,,25.5761,184,180355,0.947232,73,0,12.8,,0,0,0,0,0,0,0,0,0,,-250,400,,0,0,0,0
1604109779666,8,1010123456036,84,,1,0,6,1,0,,25.9397,199,178777,0.9928,79,0,13.2,,0,0,0,0,0,0,0,0,0,,-250,408,,0,0,0,0
1604109779916,8,1010123456036,84,,1,0,6,1,0,,17.3955,177,184474,0.622272,72,0,8.5,,0,0,0,0,0,0,0,0,0,,-250,418,,0,0,0,0
1604109780166,8,1010123456036,84,,1,0,6,1,0,,26.7368,228,172495,1.22371,89,0,13.6,,11.7143,7,0,0.1,3,0,0,10.8778,31,,-250,492,,0,0,0,2.14286
1604109780416,8,1010123456036,84,,1,0,6,1,0,,25.9793,242,161887,1.33978,96,0,12.3333,,0,0,0,0,0,0,0,0,0,,-250,548,,0,0,0,0
1604109780666,8,1010123456036,84,,1,0,6,1,0,,23.2892,166,168196,0.778112,68,0,12.2,,0,0,0,0,0,0,0,0,0,,-250,376,,0,0,0,0
1604109780916,8,1010123456036,84,,1,0,6,1,0,,16.8526,190,180293,0.598912,71,0,9,,0,0,0,0,0,0,0,0,0,,-250,404,,0,0,0,0
1604109781166,8,1010123456036,84,,1,0,6,1,0,,14.9832,238,183272,0.718016,96,0,9.83333,,1.73333,45,0,0.1,17,0,0,8.11577,31,,-250,566,,0,0,0,1
1604109781416,8,1010123456036,84,,1,0,6,1,0,,25.7089,213,176324,1.12016,87,0,13.5,,0,0,0,0,0,0,0,0,0,,-250,486,,0,0,0,0
1604109781666,8,1010123456036,84,,1,0,6,1,0,,24.2379,227,170629,1.12819,92,0,12.1667,,0,0,0,0,0,0,0,0,0,,-250,514,,0,0,0,0
1604109781916,8,1010123456036,84,,1,0,6,1,0,,23.7734,203,171862,0.950272,80,0,12.1667,,0,0,0,0,0,0,0,0,0,,-250,426,,0,0,0,0
1604109782166,8,1010123456036,84,,1,0,6,1,0,,19.0254,197,179955,0.70992,77,0,10.6,,12.3636,11,0,0.1,4,25,0,15.3293,31,,-251,418,,0,0,0,3.81818
1604109782416,8,1010123456036,84,,1,0,6,1,0,,27.5102,196,170630,1.25469,77,0,13.8333,,0,0,0,0,0,0,0,0,0,,-249,458,,0,0,0,0
1604109782666,8,1010123456036,84,,1,0,6,1,0,,25.3004,223,165030,1.176,90,0,13,,0,0,0,0,0,0,0,0,0,,-250,498,,0,0,0,0
1604109782916,8,1010123456036,84,,1,0,6,1,0,,25.533,182,162704,1.08118,75,0,11.3333,,0,0,0,0,0,0,0,0,0,,-250,414,,0,0,0,0
1604109783166,8,1010123456036,84,,1,0,6,1,0,,23.5246,183,166733,0.773184,70,0,12.8333,,12.5556,18,0,0.1,7,42.8571,0,8.60474,31,,-250,396,,0,0,0,5.72222
1604109783416,8,1010123456036,84,,1,0,6,1,0,,24.9579,190,163164,1.16134,82,0,10.3333,,0,0,0,0,0,0,0,0,0,,-250,458,,0,0,0,0
1604109783666,8,1010123456036,84,,1,0,6,1,0,,21.3354,164,169405,0.765184,66,0,12,,0,0,0,0,0,0,0,0,0,,-250,390,,0,0,0,0
1604109783916,8,1010123456036,84,,1,0,6,1,0,,20.5706,170,181107,0.562784,67,0,11.2,,0,0,0,0,0,0,0,0,0,,-250,366,,0,0,0,0
1604109784166,8,1010123456036,84,,1,0,6,1,0,,24.1402,214,177636,1.11878,88,0,12.5,,14,14,0,0.1,5,20,0,14.3791,31,,-250,482,,0,0,0,4.57143
1604109784416,8,1010123456036,84,,1,0,6,1,0,,23.6895,190,177125,0.904032,75,0,13.75,,0,0,0,0,0,0,0,0,0,,-250,444,,0,0,0,0
1604109784666,8,1010123456036,84,,1,0,6,1,0,,26.1447,152,179301,0.935136,63,0,10.75,,0,0,0,0,0,0,0,0,0,,-250,344,,0,0,0,0
1604109784916,8,1010123456036,84,,1,0,6,1,0,,26.7018,228,166463,1.40746,91,0,13.2,,0,0,0,0,0,0,0,0,0,,-250,518,,0,0,0,0
1604109785166,8,1010123456036,84,,1,0,6,1,0,,11.009,222,178963,0.539328,86,0,8.5,,9.25,24,0,0.1,8,0,0,14.7291,31,,-250,528,,0,0,0,1
1604109785416,8,1010123456036,84,,1,0,6,1,0,,16.1712,222,181449,0.77136,89,0,8.4,,0,0,0,0,0,0,0,0,0,,-250,518,,0,0,0,0
1604109785666,8,1010123456036,84,,1,0,6,1,0,,19.7059,170,183921,0.732704,71,0,10.8,,0,0,0,0,0,0,0,0,0,,-250,396,,0,0,0,0
1604109785916,8,1010123456036,84,,1,0,6,1,0,,23.9341,167,183637,0.855136,65,0,13.25,,0,0,0,0,0,0,0,0,0,,-250,386,,0,0,0,0
1604109786166,8,1010123456036,84,,1,0,6,1,0,,25.4444,207,175096,1.17626,84,0,12.6667,,13.5976,82,0,0.1,33,60.6061,0,9.85233,31,,-250,464,,0,0,0,6.32927
1604109786416,8,1010123456036,84,,1,0,6,1,0,,24.6041,197,173192,0.964608,78,0,13.6667,,0,0,0,0,0,0,0,0,0,,-250,458,,0,0,0,0
1604109786666,8,1010123456036,84,,1,0,6,1,0,,13.838,179,183786,0.673376,75,0,7.66667,,0,0,0,0,0,0,0,0,0,,-250,436,,0,0,0,0
1604109786916,8,1010123456036,84,,1,0,6,1,0,,23.1443,201,178090,1.05997,84,0,11.25,,0,0,0,0,0,0,0,0,0,,-250,476,,0,0,0,0
1604109787166,8,1010123456036,84,,1,0,6,1,0,,20.2857,189,182930,0.738656,74,0,13,,4.61194,67,0,0.1,27,37.037,0,5.41677,31,,-250,420,,0,0,0,4.44776
1604109787416,8,1010123456036,84,,1,0,6,1,0,,26.5144,208,172564,1.3049,90,0,13.25,,0,0,0,0,0,0,0,0,0,,-250,508,,0,0,0,0
1604109787666,8,1010123456036,84,,1,0,6,1,0,,26.2371,232,161654,1.25594,88,0,13.5,,0,0,0,0,0,0,0,0,0,,-250,532,,0,0,0,0
1604109787916,8,1010123456036,84,,1,0,6,1,0,,21.1064,235,160101,1.0617,96,0,9.5,,0,0,0,0,0,0,0,0,0,,-250,536,,0,0,0,0
1604109788166,8,1010123456036,84,,1,0,6,1,0,,25.9243,185,158755,1.03722,75,0,13.2,,2.91071,56,0,0.1,23,4.34783,0,5.99238,31,,-250,404,,0,0,0,1.83929
1604109788416,8,1010123456036,84,,1,0,6,1,0,,27.4545,231,143711,1.4137,90,0,13.6667,,0,0,0,0,0,0,0,0,0,,-250,526,,0,0,0,0
1604109788666,8,1010123456036,84,,1,0,6,1,0,,22.3313,166,150456,0.751904,67,0,12.3333,,0,0,0,0,0,0,0,0,0,,-250,390,,0,0,0,0
1604109788916,8,1010123456036,84,,1,0,6,1,0,,25.6146,192,147952,1.10166,83,0,12,,0,0,0,0,0,0,0,0,0,,-250,438,,0,0,0,0
1604109789166,8,1010123456036,84,,1,0,6,1,0,,21.9663,178,154332,0.773696,72,0,12,,2.06154,65,0,0.1,27,22.2222,0,4.62958,31,,-250,408,,0,0,0,2.75385
1604109789416,8,1010123456036,84,,1,0,6,1,0,,25.3021,192,153577,0.968352,77,0,13.25,,0,0,0,0,0,0,0,0,0,,-250,436,,0,0,0,0
1604109789666,8,1010123456036,84,,1,0,6,1,0,,25.9551,245,142019,1.3633,101,0,13,,0,0,0,0,0,0,0,0,0,,-250,558,,0,0,0,0
1604109789916,8,1010123456036,84,,1,0,6,1,0,,23.159,195,143146,0.930208,79,0,11.5,,0,0,0,0,0,0,0,0,0,,-250,466,,0,0,0,0
1604109790166,8,1010123456036,84,,1,0,6,1,0,,21.9803,152,153674,0.661024,67,0,11.5,,0,8,0,0,4,100,0,0,0,,-250,342,,0,0,0,0
1604109790416,8,1010123456036,84,,1,0,6,1,0,,21.5022,223,155797,0.85056,88,0,12,,3.6,5,0,0.1,2,0,0,19.0618,31,,-250,486,,0,0,0,1
1604109790666,8,1010123456036,84,,1,0,6,1,0,,21.4589,231,158471,0.915872,93,0,11.5,,0,0,0,0,0,0,0,0,0,,-250,502,,0,0,0,0
1604109790916,8,1010123456036,84,,1,0,6,1,0,,20.8413,189,165481,0.68992,72,0,11.5,,0,0,0,0,0,0,0,0,0,,-250,440,,0,0,0,0
1604109791166,8,1010123456036,84,,1,0,6,1,0,,26.2339,171,165472,1.03395,75,0,13,,5.88889,27,0,0.1,11,36.3636,0,5.5173,31,,-250,402,,0,0,0,4.88889
1604109791416,8,1010123456036,84,,1,0,6,1,0,,25.2121,231,158363,1.19181,94,0,12.4,,0,0,0,0,0,0,0,0,0,,-250,526,,0,0,0,0
1604109791666,8,1010123456036,84,,1,0,6,1,0,,26.75,196,153499,1.11322,76,0,13.5,,0,0,0,0,0,0,0,0,0,,-250,438,,0,0,0,0
1604109791916,8,1010123456036,84,,1,0,6,1,0,,26.3911,179,152356,1.02547,74,0,13,,0,0,0,0,0,0,0,0,0,,-250,406,,0,0,0,0
1604109792166,8,1010123456036,84,,1,0,6,1,0,,25.8256,172,152582,0.981376,72,0,13,,1.92857,56,0,0.1,21,19.0476,0,3.85697,31,,-250,406,,0,0,0,3.25
1604109792416,8,1010123456036,84,,1,0,6,1,0,,21.4753,162,162007,0.618272,63,0,12,,0,0,0,0,0,0,0,0,0,,-250,372,,0,0,0,0
1604109792666,8,1010123456036,84,,1,0,6,1,0,,26.3235,204,156055,1.2112,86,0,10,,0,0,0,0,0,0,0,0,0,,-250,452,,0,0,0,0
1604109792916,8,1010123456036,84,,1,0,6,1,0,,24.2723,202,155291,0.936928,77,0,12.6667,,0,0,0,0,0,0,0,0,0,,-250,448,,0,0,0,0
1604109793166,8,1010123456036,84,,1,0,6,1,0,,26.9941,170,150990,1.15242,73,0,12.6667,,7.14943,87,0,0.1,34,64.7059,0,4.60617,31,,-250,416,,0,0,0,7.13793
1604109793416,8,1010123456036,84,,1,0,6,1,0,,25.6352,233,141556,1.22714,92,0,13.5,,0,0,0,0,0,0,0,0,0,,-250,502,,0,0,0,0
1604109793666,8,1010123456036,84,,1,0,6,1,0,,27.6,225,127769,1.40048,89,0,14,,0,0,0,0,0,0,0,0,0,,-250,508,,0,0,0,0
1604109793916,8,1010123456036,84,,1,0,6,1,0,,27.5981,214,118180,1.30614,85,0,15,,0,0,0,0,0,0,0,0,0,,-250,454,,0,0,0,0
1604109794166,8,1010123456036,84,,1,0,6,1,0,,27.4793,169,114110,1.09776,69,0,14,,0,22,0,0.1,11,72.7273,0,0,31,,-250,404,,0,0,0,0
1604109794416,8,1010123456036,84,,1,0,6,1,0,,27.5243,206,104025,1.24554,79,0,14,,0,0,0,0,0,0,0,0,0,,-250,468,,0,0,0,0
1604109794666,8,1010123456036,84,,1,0,6,1,0,,27.4089,203,95207,1.34518,85,0,14,,0,0,0,0,0,0,0,0,0,,-250,452,,0,0,0,0
1604109794916,8,1010123456036,84,,1,0,6,1,0,,27.5634,213,82252,1.33808,83,0,14.6667,,0,0,0,0,0,0,0,0,0,,-250,500,,0,0,0,0
1604109795166,8,1010123456036,84,,1,0,6,1,0,,27.313,131,86510,0.86992,57,0,0.1,,3,37,0,0.1,15,13.3333,0,6.70238,31,,-251,316,,0,0,0,2.45946
1604109795416,8,1010123456036,84,,1,0,6,1,0,,27.528,214,74866,1.32118,83,0,14.3333,,0,0,0,0,0,0,0,0,0,,-249,476,,0,0,0,0
1604109795666,8,1010123456036,84,,1,0,6,1,0,,27.2956,203,65054,1.29958,84,0,13.6667,,0,0,0,0,0,0,0,0,0,,-250,470,,0,0,0,0
1604109795916,8,1010123456036,84,,1,0,6,1,0,,27.4418,249,48660,1.50774,97,0,14.3333,,0,0,0,0,0,0,0,0,0,,-250,546,,0,0,0,0
1604109796166,8,1010123456036,84,,1,0,6,1,0,,27.4163,221,35000,1.36765,87,0,14,,2.32877,73,0,0.1,29,20.6897,0,4.6926,31,,-250,494,,0,0,0,3.35616
1604109796416,8,1010123456036,84,,1,0,6,1,0,,27.4953,214,23956,1.32448,86,0,15,,0,0,0,0,0,0,0,0,0,,-250,484,,0,0,0,0
1604109796666,8,1010123456036,84,,1,0,6,1,0,,27.4011,187,19258,1.14006,75,0,14,,0,0,0,0,0,0,0,0,0,,-250,414,,0,0,0,0
1604109796916,8,1010123456036,84,,1,0,6,1,0,,26.3889,234,12418,1.21078,93,0,13.5,,0,0,0,0,0,0,0,0,0,,-250,472,,0,0,0,0
1604109797166,8,1010123456036,84,,1,0,6,1,0,,26.8883,197,8985,1.04864,78,0,15,,4.23188,69,0,0.1,28,64.2857,0,3.39936,31,,-250,420,,0,0,0,6.92754
1604109797416,8,1010123456036,84,,1,0,6,1,0,,27.386,171,7548,1.01683,68,0,15,,0,0,0,0,0,0,0,0,0,,-250,370,,0,0,0,0
1604109797666,8,1010123456036,84,,1,0,6,1,0,,26.9767,215,737,1.2169,90,0,15,,0,0,0,0,0,0,0,0,0,,541,444,,0,0,0,0
1604109797916,8,1010123456036,84,,1,0,6,1,0,,26.8,170,345,0.974976,68,0,14,,0,0,0,0,0,0,0,0,0,,707,372,,0,0,0,0
1604109798166,8,1010123456036,84,,1,0,6,1,0,,25.7733,172,969,0.976384,72,0,14.75,,3.51282,78,0,0.1,31,64.5161,0,2.81543,31,,956,374,,0,0,0,7.41026
1604109798416,8,1010123456036,84,,1,0,6,1,0,,26.8563,167,2745,0.914336,67,0,0.1,,0,0,0,0,0,0,0,0,0,,1024,340,,0,0,0,0
1604109798666,8,1010123456036,84,,1,0,6,1,0,,27.3,170,1433,1.00525,70,0,0.1,,0,0,0,0,0,0,0,0,0,,529,368,,0,0,0,0
1604109798916,8,1010123456036,84,,1,0,6,1,0,,27.104,173,3103,0.899296,69,0,15,,0,0,0,0,0,0,0,0,0,,245,334,,0,0,0,0
1604109799166,8,1010123456036,84,,1,0,6,1,0,,27.0116,172,689,1.05546,73,0,14,,1.51724,58,0,0.1,24,20.8333,0,4.50546,31,,735,370,,0,0,0,3.27586
1604109799416,8,1010123456036,84,,1,0,6,1,0,,27.2909,165,0,0.971072,66,0,15,,0,0,0,0,0,0,0,0,0,,91,362,,0,0,0,0
1604109799666,8,1010123456036,84,,1,0,6,1,0,,26.7347,196,0,0.961952,77,0,15,,0,0,0,0,0,0,0,0,0,,1052,366,,0,0,0,0
1604109799916,8,1010123456036,84,,1,0,6,1,0,,26.6199,171,505,0.976192,70,0,0.1,,0,0,0,0,0,0,0,0,0,,1092,362,,0,0,0,0
1604109800166,8,1010123456036,84,,1,0,6,1,0,,26.0718,181,0,0.97648,69,0,14.6667,,0.88,50,0,0.1,20,30,0,3.13146,31,,790,384,,0,0,0,4.08
1604109800416,8,1010123456036,84,,1,0,6,1,0,,26.7053,190,0,0.969216,74,0,0.1,,0,0,0,0,0,0,0,0,0,,418,370,,0,0,0,0
1604109800666,8,1010123456036,84,,1,0,6,1,0,,26.4188,191,2912,0.93648,83,0,0.1,,0,0,0,0,0,0,0,0,0,,1115,342,,0,0,0,0
1604109800916,8,1010123456036,84,,1,0,6,1,0,,26.4541,185,3611,0.952896,74,0,0.1,,0,0,0,0,0,0,0,0,0,,467,372,,0,0,0,0
1604109801166,8,1010123456036,84,,1,0,6,1,0,,26.5817,208,489,1.00864,78,0,15,,4.88095,42,0,0.1,16,25,0,5.45297,31,,785,414,,0,0,0,4.30952
1604109801416,8,1010123456036,84,,1,0,6,1,0,,26.1717,198,1964,0.965792,82,0,14,,0,0,0,0,0,0,0,0,0,,593,364,,0,0,0,0
1604109801666,8,1010123456036,84,,1,0,6,1,0,,26.6207,174,969,0.988928,68,0,0.1,,0,0,0,0,0,0,0,0,0,,1065,388,,0,0,0,0
1604109801916,8,1010123456036,84,,1,0,6,1,0,,25.8155,168,889,0.987552,71,0,15,,0,0,0,0,0,0,0,0,0,,754,380,,0,0,0,0
1604109802166,8,1010123456036,84,,1,0,6,1,0,,26.1534,163,0,0.990848,69,0,0.1,,2.97143,35,0,0.1,14,50,0,4.61591,31,,704,364,,0,0,0,5.11429
1604109802416,8,1010123456036,84,,1,0,6,1,0,,26.2343,175,165,0.943488,68,0,15,,0,0,0,0,0,0,0,0,0,,861,372,,0,0,0,0
1604109802666,8,1010123456036,84,,1,0,6,1,0,,26.6187,160,7135,0.739488,63,0,14,,0,0,0,0,0,0,0,0,0,,234,284,,0,0,0,0
1604109802916,8,1010123456036,84,,1,0,6,1,0,,27.2574,202,2769,1.13725,79,0,15,,0,0,0,0,0,0,0,0,0,,-250,412,,0,0,0,0
1604109803166,8,1010123456036,84,,1,0,6,1,0,,27.0863,197,0,1.04774,74,0,0.1,,2.60638,94,0,0.1,37,40.5405,0,4.25853,31,,241,392,,0,0,0,4.81915
1604109803416,8,1010123456036,84,,1,0,6,1,0,,26.8342,187,345,0.9728,76,0,15,,0,0,0,0,0,0,0,0,0,,886,360,,0,0,0,0
1604109803666,8,1010123456036,84,,1,0,6,1,0,,27.123,187,1137,0.978688,74,0,14,,0,0,0,0,0,0,0,0,0,,384,348,,0,0,0,0
1604109803916,8,1010123456036,84,,1,0,6,1,0,,26.8979,186,329,0.963744,74,0,15,,0,0,0,0,0,0,0,0,0,,936,368,,0,0,0,0
1604109804166,8,1010123456036,84,,1,0,6,1,0,,26.8723,188,345,0.986016,77,0,15,,3.9,60,0,0.1,24,41.6667,0,4.41342,31,,92,358,,0,0,0,4.73333
1604109804416,8,1010123456036,84,,1,0,6,1,0,,27.2254,142,5599,0.82096,59,0,15,,0,0,0,0,0,0,0,0,0,,18,296,,0,0,0,0
1604109804666,8,1010123456036,84,,1,0,6,1,0,,27.0426,188,1433,1.11258,76,0,14.6667,,0,0,0,0,0,0,0,0,0,,1010,418,,0,0,0,0
1604109804916,8,1010123456036,84,,1,0,6,1,0,,26.8902,164,2593,0.937504,65,0,14,,0,0,0,0,0,0,0,0,0,,752,354,,0,0,0,0
1604109805166,8,1010123456036,84,,1,0,6,1,0,,26.6962,158,2545,0.9232,62,0,14.6667,,3.09259,54,0,0.1,22,22.7273,0,4.83864,31,,463,348,,0,0,0,3.22222
1604109805416,8,1010123456036,84,,1,0,6,1,0,,27.6313,179,889,1.03187,74,0,15,,0,0,0,0,0,0,0,0,0,,80,362,,0,0,0,0
1604109805666,8,1010123456036,84,,1,0,6,1,0,,25.9024,164,1697,0.965216,69,0,13.6667,,0,0,0,0,0,0,0,0,0,,536,366,,0,0,0,0
1604109805916,8,1010123456036,84,,1,0,6,1,0,,27.3442,154,689,0.988896,63,0,15,,0,0,0,0,0,0,0,0,0,,637,362,,0,0,0,0
1604109806166,8,1010123456036,84,,1,0,6,1,0,,26.672,186,345,0.968256,74,0,14.5,,5.8,55,0,0.1,22,40.9091,0,5.11868,31,,240,382,,0,0,0,4.98182
1604109806416,8,1010123456036,84,,1,0,6,1,0,,26.8571,126,6723,0.750368,53,0,15,,0,0,0,0,0,0,0,0,0,,58,290,,0,0,0,0
1604109806666,8,1010123456036,84,,1,0,6,1,0,,27.0653,199,841,1.19821,80,0,14,,0,0,0,0,0,0,0,0,0,,103,426,,0,0,0,0
1604109806916,8,1010123456036,84,,1,0,6,1,0,,26.7765,170,325,0.974528,66,0,15,,0,0,0,0,0,0,0,0,0,,777,378,,0,0,0,0
1604109807166,8,1010123456036,84,,1,0,6,1,0,,25.6994,173,1185,0.929536,70,0,14.3333,,2.50667,75,0,0.1,32,43.75,0,4.31898,31,,982,372,,0,0,0,4.69333
1604109807416,8,1010123456036,84,,1,0,6,1,0,,26.2151,186,1433,1.01555,76,0,14.6667,,0,0,0,0,0,0,0,0,0,,1157,372,,0,0,0,0
1604109807666,8,1010123456036,84,,1,0,6,1,0,,27.4242,132,4201,0.872064,56,0,0.1,,0,0,0,0,0,0,0,0,0,,-148,318,,0,0,0,0
1604109807916,8,1010123456036,84,,1,0,6,1,0,,26.95,180,2990,1.01344,70,0,15,,0,0,0,0,0,0,0,0,0,,383,372,,0,0,0,0
1604109808166,8,1010123456036,84,,1,0,6,1,0,,26.599,192,117,1.01667,75,0,15,,7,12,0,0,4,100,0,1.79223,0,,789,384,,0,0,0,10
1604109808416,8,1010123456036,84,,1,0,6,1,0,,27.1677,161,0,0.971968,66,0,14,,1.77778,45,0,0.1,19,21.0526,0,4.59503,31,,718,366,,0,0,0,3.28889
1604109808666,8,1010123456036,84,,1,0,6,1,0,,26.538,171,737,0.956448,66,0,14.5,,0,0,0,0,0,0,0,0,0,,681,370,,0,0,0,0
1604109808916,8,1010123456036,84,,1,0,6,1,0,,27.1465,157,1385,0.942144,62,0,15,,0,0,0,0,0,0,0,0,0,,1032,344,,0,0,0,0
1604109809166,8,1010123456036,84,,1,0,6,1,0,,26.894,151,3120,0.938112,60,0,14,,0,8,0,0,4,100,0,0,0,,827,344,,0,0,0,0
1604109809416,8,1010123456036,84,,1,0,6,1,0,,26.7302,189,0,1.04499,76,0,14,,2.43902,41,0,0.1,17,35.2941,0,5.86588,31,,259,418,,0,0,0,4.29268
1604109809666,8,1010123456036,84,,1,0,6,1,0,,26.0643,171,889,0.963936,71,0,0.1,,0,0,0,0,0,0,0,0,0,,904,362,,0,0,0,0
1604109809916,8,1010123456036,84,,1,0,6,1,0,,26.7692,143,4600,0.855008,59,0,14,,0,0,0,0,0,0,0,0,0,,-69,342,,0,0,0,0
1604109810166,8,1010123456036,84,,1,0,6,1,0,,27.0274,146,8031,0.86944,58,0,0.1,,4,12,0,0,4,100,0,1.23147,0,,-250,324,,0,0,0,10
1604109810416,8,1010123456036,84,,1,0,6,1,0,,21.8159,201,7516,1.00842,79,0,9,,0.864407,59,0,0.1,24,33.3333,0,4.79546,31,,-206,460,,0,0,0,4.83051
1604109810666,8,1010123456036,84,,1,0,6,1,0,,25.2683,123,17883,0.623072,49,0,14,,0,0,0,0,0,0,0,0,0,,-250,264,,0,0,0,0
1604109810916,8,1010123456036,84,,1,0,6,1,0,,25.8589,163,19917,0.851424,65,0,13,,0,0,0,0,0,0,0,0,0,,-250,358,,0,0,0,0
1604109811166,8,1010123456036,84,,1,0,6,1,0,,22.558,138,30707,0.655584,57,0,11.6667,,4,81,0,0.1,33,78.7879,0,2.86399,31,,-250,306,,0,0,0,8
1604109811416,8,1010123456036,84,,1,0,6,1,0,,26.6832,161,32706,0.868704,63,0,0.1,,0,0,0,0,0,0,0,0,0,,-250,364,,0,0,0,0
1604109811666,8,1010123456036,84,,1,0,6,1,0,,27.3523,193,24381,1.23642,78,0,14,,0,0,0,0,0,0,0,0,0,,-250,460,,0,0,0,0
1604109811916,8,1010123456036,84,,1,0,6,1,0,,25.6434,143,30698,0.754208,57,0,13,,0,0,0,0,0,0,0,0,0,,-250,320,,0,0,0,0
1604109812166,8,1010123456036,84,,1,0,6,1,0,,25.7868,136,37890,0.801056,61,0,13,,2.4557,79,0,0.1,31,48.3871,0,3.96939,31,,-250,310,,0,0,0,5.81013
1604109812416,8,1010123456036,84,,1,0,6,1,0,,25.0751,173,40277,0.89696,70,0,13,,0,0,0,0,0,0,0,0,0,,-250,392,,0,0,0,0
1604109812666,8,1010123456036,84,,1,0,6,1,0,,24.5944,143,47387,0.69888,56,0,13,,0,0,0,0,0,0,0,0,0,,-250,330,,0,0,0,0
1604109812916,8,1010123456036,84,,1,0,6,1,0,,26.3841,138,53130,0.772288,54,0,13,,0,0,0,0,0,0,0,0,0,,-250,322,,0,0,0,0
1604109813166,8,1010123456036,84,,1,0,6,1,0,,26.3402,244,40155,1.42445,102,0,13,,3.76923,26,0,0.1,10,20,0,5.6797,31,,-250,568,,0,0,0,3.53846
1604109813416,8,1010123456036,84,,1,0,6,1,0,,26.4435,124,48577,0.699552,49,0,0.1,,0,0,0,0,0,0,0,0,0,,-250,286,,0,0,0,0
1604109813666,8,1010123456036,84,,1,0,6,1,0,,26.3988,163,49827,0.94384,67,0,0.1,,0,0,0,0,0,0,0,0,0,,-250,378,,0,0,0,0
1604109813916,8,1010123456036,84,,1,0,6,1,0,,26.5625,192,44554,1.08634,76,0,13,,0,0,0,0,0,0,0,0,0,,-250,444,,0,0,0,0
1604109814166,8,1010123456036,84,,1,0,6,1,0,,26.1793,184,41635,1.09434,78,0,13,,1.13953,86,0,0.1,33,42.4242,0,3.37219,31,,-250,438,,0,0,0,5.38372
1604109814416,8,1010123456036,84,,1,0,6,1,0,,26.2105,114,50895,0.661984,47,0,13,,0,0,0,0,0,0,0,0,0,,-250,278,,0,0,0,0
1604109814666,8,1010123456036,84,,1,0,6,1,0,,26.4486,214,44437,1.16752,85,0,13,,0,0,0,0,0,0,0,0,0,,-250,480,,0,0,0,0
1604109814916,8,1010123456036,84,,1,0,6,1,0,,26.3182,110,55479,0.645824,46,0,13,,0,0,0,0,0,0,0,0,0,,-250,252,,0,0,0,0
1604109815166,8,1010123456036,84,,1,0,6,1,0,,10.3313,163,74487,0.362624,63,0,3,,1.24675,77,0,0.1,31,41.9355,0,2.90465,31,,-251,362,,0,0,0,5.02597
1604109815416,8,1010123456036,84,,1,0,6,1,0,,1.84828,145,102981,0.054816,57,0,0.1,,0,0,0,0,0,0,0,0,0,,-249,348,,0,0,0,0
1604109815666,8,1010123456036,84,,1,0,6,1,0,,24.766,235,94775,1.22365,95,0,13,,0,0,0,0,0,0,0,0,0,,-250,532,,0,0,0,0
1604109815916,8,1010123456036,84,,1,0,6,1,0,,26.6593,135,100717,0.784736,55,0,13,,0,0,0,0,0,0,0,0,0,,-250,316,,0,0,0,0
1604109816166,8,1010123456036,84,,1,0,6,1,0,,18.8258,155,113748,0.535328,61,0,10.6667,,2.21687,83,0,0.1,34,64.7059,0,3.03449,31,,-250,338,,0,0,0,6.87952
1604109816416,8,1010123456036,84,,1,0,6,1,0,,26.5125,160,114075,0.966368,67,0,13,,0,0,0,0,0,0,0,0,0,,-250,392,,0,0,0,0
1604109816666,8,1010123456036,84,,1,0,6,1,0,,26.4195,205,107746,1.16291,81,0,13,,0,0,0,0,0,0,0,0,0,,-250,480,,0,0,0,0
1604109816916,8,1010123456036,84,,1,0,6,1,0,,26.0148,135,113198,0.765952,58,0,0.1,,0,0,0,0,0,0,0,0,0,,-250,310,,0,0,0,0
1604109817166,8,1010123456036,84,,1,0,6,1,0,,26.197,198,107270,1.14736,83,0,0.1,,0.880952,84,0,0.1,34,47.0588,0,3.35742,31,,-250,478,,0,0,0,6
1604109817416,8,1010123456036,84,,1,0,6,1,0,,26.1882,170,106804,1.02182,72,0,13,,0,0,0,0,0,0,0,0,0,,-250,406,,0,0,0,0
1604109817666,8,1010123456036,84,,1,0,6,1,0,,25.2143,168,108910,0.887488,66,0,13,,0,0,0,0,0,0,0,0,0,,-250,388,,0,0,0,0
1604109817916,8,1010123456036,84,,1,0,6,1,0,,25.6074,163,110489,0.928992,67,0,13,,0,0,0,0,0,0,0,0,0,,-250,392,,0,0,0,0
1604109818166,8,1010123456036,84,,1,0,6,1,0,,25.2961,233,102841,1.23459,93,0,13,,2.82759,58,0,0.1,23,47.8261,0,4.5597,31,,-250,528,,0,0,0,5.18966
1604109818416,8,1010123456036,84,,1,0,6,1,0,,24.5811,148,110284,0.73328,59,0,0.1,,0,0,0,0,0,0,0,0,0,,-250,326,,0,0,0,0
1604109818666,8,1010123456036,84,,1,0,6,1,0,,25.8221,208,104055,1.15414,83,0,13,,0,0,0,0,0,0,0,0,0,,-250,494,,0,0,0,0
1604109818916,8,1010123456036,84,,1,0,6,1,0,,25.4793,169,106122,0.927776,69,0,13,,0,0,0,0,0,0,0,0,0,,-250,386,,0,0,0,0
1604109819166,8,1010123456036,84,,1,0,6,1,0,,24.771,179,107003,0.94208,72,0,13,,1.45946,74,0,0.1,30,46.6667,0,3.45403,31,,-250,418,,0,0,0,5.22973
1604109819416,8,1010123456036,84,,1,0,6,1,0,,26.4154,195,102282,1.1127,80,0,13,,0,0,0,0,0,0,0,0,0,,-250,460,,0,0,0,0
1604109819666,8,1010123456036,84,,1,0,6,1,0,,25.5024,205,100498,1.01795,79,0,13,,0,0,0,0,0,0,0,0,0,,-250,440,,0,0,0,0
1604109819916,8,1010123456036,84,,1,0,6,1,0,,25.6604,159,102588,0.903808,68,0,0.1,,0,0,0,0,0,0,0,0,0,,-250,362,,0,0,0,0
1604109820166,8,1010123456036,84,,1,0,6,1,0,,24.2715,151,109762,0.727648,59,0,12.6667,,1.38462,117,0,0.1,47,63.8298,0,3.05921,31,,-250,340,,0,0,0,6.82906
1604109820416,8,1010123456036,84,,1,0,6,1,0,,25.386,171,111858,0.900704,67,0,13,,0,0,0,0,0,0,0,0,0,,-250,388,,0,0,0,0
1604109820666,8,1010123456036,84,,1,0,6,1,0,,26.2983,181,109983,0.989792,71,0,13,,0,0,0,0,0,0,0,0,0,,-250,424,,0,0,0,0
1604109820916,8,1010123456036,84,,1,0,6,1,0,,25.872,164,114140,0.903776,71,0,13,,0,0,0,0,0,0,0,0,0,,-250,352,,0,0,0,0
1604109821166,8,1010123456036,84,,1,0,6,1,0,,17.4245,212,121145,0.700992,85,0,9.5,,2.07317,82,0,0.1,33,60.6061,0,3.48065,31,,-250,494,,0,0,0,6.92683
1604109821416,8,1010123456036,84,,1,0,6,1,0,,22.9811,159,128298,0.74672,63,0,12,,0,0,0,0,0,0,0,0,0,,-250,374,,0,0,0,0
1604109821666,8,1010123456036,84,,1,0,6,1,0,,23.7882,170,133568,0.820832,71,0,13,,0,0,0,0,0,0,0,0,0,,-250,378,,0,0,0,0
1604109821916,8,1010123456036,84,,1,0,6,1,0,,24.8652,178,137636,0.873056,71,0,0.1,,0,0,0,0,0,0,0,0,0,,-250,374,,0,0,0,0
1604109822166,8,1010123456036,84,,1,0,6,1,0,,24.2732,183,142560,0.777536,72,0,13,,2.77778,72,0,0.1,29,55.1724,0,3.7678,31,,-250,370,,0,0,0,6.20833
1604109822416,8,1010123456036,84,,1,0,6,1,0,,24.0693,202,141861,1.02355,84,0,12.25,,0,0,0,0,0,0,0,0,0,,-250,460,,0,0,0,0
1604109822666,8,1010123456036,84,,1,0,6,1,0,,24.8272,191,141229,0.977696,77,0,13,,0,0,0,0,0,0,0,0,0,,-250,440,,0,0,0,0
1604109822916,8,1010123456036,84,,1,0,6,1,0,,26.1667,144,145151,0.815072,59,0,0.1,,0,0,0,0,0,0,0,0,0,,-250,328,,0,0,0,0
1604109823166,8,1010123456036,84,,1,0,6,1,0,,26.4094,149,149668,0.842144,61,0,13,,0,8,0,0,4,100,0,0,0,,-250,336,,0,0,0,0
1604109823416,8,1010123456036,84,,1,0,6,1,0,,25.2115,156,156054,0.74512,59,0,12.6667,,1.51389,72,0,0.1,28,60.7143,0,2.77768,31,,-250,330,,0,0,0,6.81944
1604109823666,8,1010123456036,84,,1,0,6,1,0,,24.2234,188,158884,0.878176,73,0,13,,0,0,0,0,0,0,0,0,0,,-250,406,,0,0,0,0
1604109823916,8,1010123456036,84,,1,0,6,1,0,,26.3827,162,161010,0.88672,62,0,13,,0,0,0,0,0,0,0,0,0,,-250,370,,0,0,0,0
1604109824166,8,1010123456036,84,,1,0,6,1,0,,26.9139,209,152184,1.2881,85,0,14,,1.83117,77,0,0.1,32,65.625,0,2.48877,31,,-250,478,,0,0,0,6.72727
1604109824416,8,1010123456036,84,,1,0,6,1,0,,27.4187,203,144203,1.21574,80,0,14,,0,0,0,0,0,0,0,0,0,,-250,446,,0,0,0,0
1604109824666,8,1010123456036,84,,1,0,6,1,0,,26.7581,215,133754,1.3407,89,0,13.4,,0,0,0,0,0,0,0,0,0,,-250,514,,0,0,0,0
1604109824916,8,1010123456036,84,,1,0,6,1,0,,25.9891,184,134105,0.942688,71,0,13.6667,,0,0,0,0,0,0,0,0,0,,-250,402,,0,0,0,0
1604109825166,8,1010123456036,84,,1,0,6,1,0,,19.4745,196,136581,0.874944,79,0,9.4,,1.25641,78,0,0.1,31,48.3871,0,3.13747,31,,-250,464,,0,0,0,5.03846
1604109825416,8,1010123456036,84,,1,0,6,1,0,,27.4689,177,130751,1.18576,75,0,14,,0,0,0,0,0,0,0,0,0,,-250,426,,0,0,0,0
1604109825666,8,1010123456036,84,,1,0,6,1,0,,27.4502,211,119587,1.29558,83,0,14,,0,0,0,0,0,0,0,0,0,,-250,486,,0,0,0,0
1604109825916,8,1010123456036,84,,1,0,6,1,0,,27.3779,172,113605,1.15462,74,0,0.1,,0,0,0,0,0,0,0,0,0,,-250,408,,0,0,0,0
1604109826166,8,1010123456036,84,,1,0,6,1,0,,25.1765,187,112799,0.982624,75,0,13.25,,1.03371,89,0,0.1,36,63.8889,0,2.33955,31,,-250,424,,0,0,0,6.75281
1604109826416,8,1010123456036,84,,1,0,6,1,0,,27.3878,245,93614,1.61258,101,0,14,,0,0,0,0,0,0,0,0,0,,-250,584,,0,0,0,0
1604109826666,8,1010123456036,84,,1,0,6,1,0,,27.3554,211,81874,1.27155,80,0,14,,0,0,0,0,0,0,0,0,0,,-250,502,,0,0,0,0
1604109826916,8,1010123456036,84,,1,0,6,1,0,,26.6471,187,77235,1.2031,81,0,13.5,,0,0,0,0,0,0,0,0,0,,-250,436,,0,0,0,0
1604109827166,8,1010123456036,84,,1,0,2,1,0,,25.2903,124,94663,0.423424,52,0,13,,0.19802,101,0,0.1,41,60.9756,0,2.14394,31,,-250,180,,0,0,0,6.53465
1604109827416,8,1010123456036,84,,1,0,2,1,0,,26.8129,155,115020,0.312992,61,0,14,,0,0,0,0,0,0,0,0,0,,-250,124,,0,0,0,0
1604109827666,8,1010123456036,84,,1,0,2,1,0,,27.7639,216,129987,0.4912,86,0,14,,0,0,0,0,0,0,0,0,0,,-250,174,,0,0,0,0
1604109827916,8,1010123456036,84,,1,0,2,1,0,,27.804,199,146433,0.45424,79,0,14,,0,0,0,0,0,0,0,0,0,,-250,156,,0,0,0,0
1604109828166,8,1010123456036,84,,1,0,2,1,0,,25.0622,209,164261,0.40624,83,0,12,,0.5,84,0,0.1,34,38.2353,0,3.79033,31,,-250,166,,0,0,0,4.85714
1604109828416,8,1010123456036,84,,1,0,2,1,0,,25.8343,175,184264,0.330912,69,0,13,,0,0,0,0,0,0,0,0,0,,-250,138,,0,0,0,0
1604109828666,8,1010123456036,84,,1,0,2,1,0,,27.7778,216,182205,0.486176,85,0,14,,0,0,0,0,0,0,0,0,0,,-250,172,,0,0,0,0
1604109828916,8,1010123456036,84,,1,0,2,1,0,,27.5424,177,183540,0.398464,72,0,7.5,,0,0,0,0,0,0,0,0,0,,-250,150,,0,0,0,0
1604109829166,8,1010123456036,84,,1,0,2,1,0,,0,0,183540,0,0,0,0.1,,0,0,0,0,0,0,0,0,0,,-250,142,,0,0,0,0
1604109829416,8,1010123456036,84,,1,0,2,1,0,,0,0,183540,0,0,0,0.1,,0,0,0,0,0,0,0,0,0,,-250,156,,0,0,0,0
1604109829666,8,1010123456036,84,,1,0,2,1,0,,0,0,183540,0,0,0,0.1,,0,0,0,0,0,0,0,0,0,,-250,188,,0,0,0,0
1604109829916,8,1010123456036,84,,1,0,2,1,0,,0,0,183540,0,0,0,0.1,,0,0,0,0,0,0,0,0,0,,-250,156,,0,0,0,0
1604109830166,8,1010123456036,84,,1,0,2,1,0,,0,0,183540,0,0,0,0.1,,0,0,0,0,0,0,0,0,0,,-250,144,,0,0,0,0
1604109830416,8,1010123456036,84,,1,0,2,1,0,,0,0,183540,0,0,0,0.1,,0,0,0,0,0,0,0,0,0,,-250,174,,0,0,0,0
1604109830666,8,1010123456036,84,,1,0,2,1,0,,0,0,183540,0,0,0,0.1,,0,0,0,0,0,0,0,0,0,,-250,168,,0,0,0,0
1604109830916,8,1010123456036,84,,1,0,2,1,0,,0,0,183540,0,0,0,0.1,,0,0,0,0,0,0,0,0,0,,-250,164,,0,0,0,0
1604109831166,8,1010123456036,84,,1,0,2,1,0,,0,0,183540,0,0,0,0.1,,0,0,0,0,0,0,0,0,0,,-250,152,,0,0,0,0
1604109831416,8,1010123456036,84,,1,0,2,1,0,,0,0,183540,0,0,0,0.1,,0,0,0,0,0,0,0,0,0,,-250,138,,0,0,0,0
1604109831666,8,1010123456036,84,,1,0,2,1,0,,0,0,183540,0,0,0,0.1,,0,0,0,0,0,0,0,0,0,,-250,146,,0,0,0,0
1604109831916,8,1010123456036,84,,1,0,2,1,0,,0,0,183540,0,0,0,0.1,,0,0,0,0,0,0,0,0,0,,-250,170,,0,0,0,0
1604109832166,8,1010123456036,84,,1,0,2,1,0,,0,0,183540,0,0,0,0.1,,0,0,0,0,0,0,0,0,0,,-250,152,,0,0,0,0
1604109832416,8,1010123456036,84,,1,0,2,1,0,,0,0,183540,0,0,0,0.1,,0,0,0,0,0,0,0,0,0,,-250,150,,0,0,0,0
1604109832666,8,1010123456036,84,,1,0,2,1,0,,0,0,183540,0,0,0,0.1,,0,0,0,0,0,0,0,0,0,,-250,186,,0,0,0,0
