Timestamp,num_ues,IMSI,RNTI,,slicing_enabled,slice_id,slice_prb,power_multiplier,scheduling_policy,,dl_mcs,dl_n_samples,dl_buffer [bytes],tx_brate downlink [Mbps],tx_pkts downlink,tx_errors downlink (%),dl_cqi,,ul_mcs,ul_n_samples,ul_buffer [bytes],rx_brate uplink [Mbps],rx_pkts uplink,rx_errors uplink (%),ul_rssi,ul_sinr,phr,,sum_requested_prbs,sum_granted_prbs,,dl_pmi,dl_ri,ul_n,ul_turbo_iters
1604111305353,9,1010123456029,72,,1,1,8,1,0,,3.2,55,0,0.0388112,23,0,7.6,,8.18182,44,0,0.141976,18,0,0,17.1326,31,,71,144,,0,0,0,1.13636
1604111305603,9,1010123456029,72,,1,1,8,1,0,,12.2308,13,0,0.0274056,5,0,8.8,,11.2,5,0,0.1,2,0,0,16.051,31,,26,34,,0,0,0,1
1604111305853,9,1010123456029,72,,1,1,8,1,0,,5.35294,34,0,0.0388112,14,0,6.57143,,0,0,0,0,0,0,0,0,0,,33,96,,0,0,0,0
1604111306103,9,1010123456029,72,,1,1,8,1,0,,6.53125,32,0,0.0379759,13,0,8.33333,,0,0,0,0,0,0,0,0,0,,148,86,,0,0,0,0
1604111306353,9,1010123456029,72,,1,1,8,1,0,,13.1818,22,0,0.032608,9,0,9,,0,0,0,0,0,0,0,0,0,,42,34,,0,0,0,0
1604111306603,9,1010123456029,72,,1,1,8,1,0,,13.7143,14,0,0.032192,6,0,9,,11.6,5,0,0.1,2,0,0,14.0795,31,,28,34,,0,0,0,1
1604111306853,9,1010123456029,72,,1,1,8,1,0,,4.88571,35,0,0.0332851,14,0,7.33333,,0,0,0,0,0,0,0,0,0,,42,94,,0,0,0,0
1604111307103,9,1010123456029,72,,1,1,8,1,0,,12.44,25,0,0.043232,10,0,9.33333,,0,0,0,0,0,0,0,0,0,,56,48,,0,0,0,0
1604111307353,9,1010123456029,72,,1,1,8,1,0,,4.23881,67,0,0.049696,26,0,6,,8.2,5,0,0.1,2,0,0,12.9333,31,,98,186,,0,0,0,1
1604111307603,9,1010123456029,72,,1,1,8,1,0,,12.5652,23,0,0.03776,9,0,8.75,,0,0,0,0,0,0,0,0,0,,43,42,,0,0,0,0
1604111307853,9,1010123456029,72,,1,1,8,1,0,,8.16667,48,0,0.059136,18,0,6.4,,0,0,0,0,0,0,0,0,0,,69,110,,0,0,0,0
1604111308103,9,1010123456029,72,,1,1,8,1,0,,12.9565,23,0,0.032256,9,0,8,,0,0,0,0,0,0,0,0,0,,54,36,,0,0,0,0
1604111308353,9,1010123456029,72,,1,1,8,1,0,,7.14634,41,0,0.033056,16,0,6.8,,13,8,0,0.1,3,33.3333,0,10.7509,31,,127,92,,0,0,0,4.75
1604111308603,9,1010123456029,72,,1,1,8,1,0,,10.4286,28,0,0.043168,12,0,8,,0,0,0,0,0,0,0,0,0,,75,62,,0,0,0,0
1604111308853,9,1010123456029,72,,1,1,8,1,0,,4.09375,96,0,0.0673735,35,0,5.6,,0,0,0,0,0,0,0,0,0,,88,262,,0,0,0,0
1604111309103,9,1010123456029,72,,1,1,8,1,0,,10.5,14,0,0.0326104,10,0,8,,0,0,0,0,0,0,0,0,0,,41,30,,0,0,0,0
1604111309353,9,1010123456029,72,,1,1,8,1,0,,13.5385,26,0,0.0537189,10,0,9,,10,5,0,0.1,2,0,0,12.225,31,,54,56,,0,0,0,1.6
1604111309603,9,1010123456029,72,,1,1,8,1,0,,10.9167,24,0,0.0272,9,0,7.75,,0,0,0,0,0,0,0,0,0,,53,38,,0,0,0,0
1604111309853,9,1010123456029,72,,1,1,8,1,0,,10.7556,45,0,0.07648,19,0,7.5,,0,0,0,0,0,0,0,0,0,,144,106,,0,0,0,0
1604111310103,9,1010123456029,72,,1,1,8,1,0,,11.2558,43,0,0.0709076,16,0,7.66667,,0,0,0,0,0,0,0,0,0,,122,100,,0,0,0,0
1604111310353,9,1010123456029,72,,1,1,8,1,0,,11.234,47,0,0.070272,20,0,7.66667,,3.76923,13,0,0.1,5,0,0,10.9609,31,,122,84,,0,0,0,1
1604111310603,9,1010123456029,72,,1,1,8,1,0,,9.41071,56,0,0.0704578,22,0,6.8,,0,0,0,0,0,0,0,0,0,,136,110,,0,0,0,0
1604111310853,9,1010123456029,72,,1,1,8,1,0,,11.3889,18,0,0.027168,7,0,7.25,,0,0,0,0,0,0,0,0,0,,42,38,,0,0,0,0
1604111311103,9,1010123456029,72,,1,1,8,1,0,,9.6,25,0,0.0378474,10,0,8,,0,0,0,0,0,0,0,0,0,,56,54,,0,0,0,0
1604111311353,9,1010123456029,72,,1,1,8,1,0,,14.3333,27,0,0.048736,11,0,8.25,,12,5,0,0.1,2,0,0,14.273,31,,70,54,,0,0,0,1.4
1604111311603,9,1010123456029,72,,1,1,8,1,0,,15.8333,18,0,0.0264418,7,0,8,,0,0,0,0,0,0,0,0,0,,30,24,,0,0,0,0
1604111311853,9,1010123456029,72,,1,1,8,1,0,,10.2581,31,0,0.0437269,12,0,7.25,,0,0,0,0,0,0,0,0,0,,72,66,,0,0,0,0
1604111312103,9,1010123456029,72,,1,1,8,1,0,,7.41818,55,0,0.0550683,20,0,6.75,,0,0,0,0,0,0,0,0,0,,178,134,,0,0,0,0
1604111312353,9,1010123456029,72,,1,1,8,1,0,,9.07143,42,0,0.0647711,19,0,7.16667,,10,5,0,0.1,2,0,0,17.6008,31,,121,88,,0,0,0,1
1604111312603,9,1010123456029,72,,1,1,8,1,0,,9.87879,33,0,0.042944,13,0,7.5,,0,0,0,0,0,0,0,0,0,,82,62,,0,0,0,0
1604111312853,9,1010123456029,72,,1,1,8,1,0,,7.3125,32,0,0.027488,13,0,6.8,,0,0,0,0,0,0,0,0,0,,83,58,,0,0,0,0
1604111313103,9,1010123456029,72,,1,1,8,1,0,,2.83333,90,6,0.055232,36,0,5,,0,0,0,0,0,0,0,0,0,,48,342,,0,0,0,0
1604111313353,9,1010123456029,72,,1,1,8,1,0,,5.61905,21,0,0.026592,9,0,6,,15,9,0,0,3,100,0,7.03974,0,,42,44,,0,0,0,10
1604111313603,9,1010123456029,72,,1,1,8,1,0,,6.45946,37,0,0.037216,14,0,6.33333,,15,3,0,0,1,100,0,9.37049,0,,121,72,,0,0,0,10
1604111313853,9,1010123456029,72,,1,1,8,1,0,,13.4706,34,0,0.052352,14,0,8,,0,0,0,0,0,0,0,0,0,,71,60,,0,0,0,0
1604111314103,9,1010123456029,72,,1,1,8,1,0,,8.5,58,0,0.055136,23,0,4.66667,,0,0,0,0,0,0,0,0,0,,125,120,,0,0,0,0
1604111314353,9,1010123456029,72,,1,1,8,1,0,,4,26,0,0.022208,11,0,6.25,,7.7,10,0,0.1,4,0,0,12.2474,31,,60,94,,0,0,0,1
1604111314603,9,1010123456029,72,,1,1,8,1,0,,8,31,0,0.0377189,13,0,7,,9,15,0,0.1,6,0,0,11.11,0,,108,62,,0,0,0,1.2
1604111314853,9,1010123456029,72,,1,1,8,1,0,,11.0625,16,0,0.032352,7,0,7.5,,0,0,0,0,0,0,0,0,0,,37,40,,0,0,0,0
1604111315103,9,1010123456029,72,,1,1,8,1,0,,5.78378,37,0,0.037664,15,0,6.8,,0,0,0,0,0,0,0,0,0,,80,82,,0,0,0,0
1604111315353,9,1010123456029,72,,1,1,8,1,0,,6.71831,71,0,0.076096,28,0,7.5,,11.7021,47,0,0.1,19,52.6316,0,8.67557,31,,202,184,,0,0,0,6.02128
1604111315603,9,1010123456029,72,,1,1,8,1,0,,8.74074,27,0,0.032,11,0,6,,0,0,0,0,0,0,0,0,0,,100,54,,0,0,0,0
1604111315853,9,1010123456029,72,,1,1,8,1,0,,1.13208,106,0,0.040992,42,0,4.75,,0,0,0,0,0,0,0,0,0,,83,314,,0,0,0,0
1604111316103,9,1010123456029,72,,1,1,8,1,0,,7.63636,44,0,0.0497028,18,0,6.33333,,0,0,0,0,0,0,0,0,0,,115,112,,0,0,0,0
1604111316353,9,1010123456029,72,,1,1,8,1,0,,7.6875,16,0,0.0216546,6,0,7.33333,,7.4,5,0,0.1,2,0,0,12.1056,31,,32,34,,0,0,0,1
1604111316603,9,1010123456029,72,,1,1,8,1,0,,7.60976,41,0,0.043136,16,0,9.5,,0,0,0,0,0,0,0,0,0,,120,78,,0,0,0,0
1604111316853,9,1010123456029,72,,1,1,8,1,0,,4.4386,57,0,0.044576,23,0,6,,0,0,0,0,0,0,0,0,0,,119,156,,0,0,0,0
1604111317103,9,1010123456029,72,,1,1,8,1,0,,8.93333,30,0,0.0329639,11,0,6.8,,0,0,0,0,0,0,0,0,0,,72,70,,0,0,0,0
1604111317353,9,1010123456029,72,,1,1,8,1,0,,10.6364,33,0,0.0485783,14,0,7.25,,8.2,5,0,0.1,2,0,0,15.4376,31,,95,58,,0,0,0,1
1604111317603,9,1010123456029,72,,1,1,8,1,0,,9.31579,19,0,0.026208,8,0,7.6,,0,0,0,0,0,0,0,0,0,,53,42,,0,0,0,0
1604111317853,9,1010123456029,72,,1,1,8,1,0,,12.5714,35,0,0.0491888,13,0,7.5,,0,0,0,0,0,0,0,0,0,,67,58,,0,0,0,0
1604111318103,9,1010123456029,72,,1,1,8,1,0,,6.57143,42,0,0.03824,15,0,6.6,,0,0,0,0,0,0,0,0,0,,102,122,,0,0,0,0
1604111318353,9,1010123456029,72,,1,1,8,1,0,,8.2439,41,0,0.0490924,17,0,6.4,,12.8,5,0,0.1,2,0,0,16.0045,31,,95,78,,0,0,0,1
1604111318603,9,1010123456029,72,,1,1,8,1,0,,11.4737,19,0,0.02688,8,0,7.25,,0,0,0,0,0,0,0,0,0,,78,34,,0,0,0,0
1604111318853,9,1010123456029,72,,1,1,8,1,0,,11.1481,27,0,0.0439839,11,0,7.5,,0,0,0,0,0,0,0,0,0,,93,58,,0,0,0,0
1604111319103,9,1010123456029,72,,1,1,8,1,0,,11.3333,12,0,0.021664,5,0,7.4,,0,0,0,0,0,0,0,0,0,,29,28,,0,0,0,0
1604111319353,9,1010123456029,72,,1,1,8,1,0,,11,31,0,0.032416,12,0,7.83333,,12,5,0,0.1,2,0,0,15.2856,31,,68,46,,0,0,0,1.6
1604111319603,9,1010123456029,72,,1,1,8,1,0,,11.3043,23,0,0.026848,7,0,7,,0,0,0,0,0,0,0,0,0,,50,42,,0,0,0,0
1604111319853,9,1010123456029,72,,1,1,8,1,0,,9.5641,39,0,0.0432,18,0,7.83333,,0,0,0,0,0,0,0,0,0,,85,58,,0,0,0,0
1604111320103,9,1010123456029,72,,1,1,8,1,0,,4.14894,47,0,0.0385221,19,0,6.16667,,0,0,0,0,0,0,0,0,0,,20,140,,0,0,0,0
1604111320353,9,1010123456029,72,,1,1,8,1,0,,11.0645,31,62,0.037984,11,0,7.75,,10.2,5,0,0.1,2,0,0,17.4677,31,,78,58,,0,0,0,1
1604111320603,9,1010123456029,72,,1,1,8,1,0,,11.6078,51,0,0.0659598,21,0,8,,0,0,0,0,0,0,0,0,0,,118,96,,0,0,0,0
1604111320853,9,1010123456029,72,,1,1,8,1,0,,13.0435,23,0,0.03872,10,0,7.4,,0,0,0,0,0,0,0,0,0,,52,40,,0,0,0,0
1604111321103,9,1010123456029,72,,1,1,8,1,0,,13.1333,30,0,0.069888,14,0,7.6,,0,0,0,0,0,0,0,0,0,,65,74,,0,0,0,0
1604111321353,9,1010123456029,72,,1,1,8,1,0,,5.15217,46,0,0.033056,18,0,7.16667,,12,5,0,0.1,2,0,0,15.2816,31,,142,118,,0,0,0,1.6
1604111321603,9,1010123456029,72,,1,1,8,1,0,,8.74286,35,0,0.03264,9,0,6.5,,0,0,0,0,0,0,0,0,0,,74,72,,0,0,0,0
1604111321853,9,1010123456029,72,,1,1,8,1,0,,10.5,14,0,0.027392,10,0,8.33333,,0,0,0,0,0,0,0,0,0,,31,30,,0,0,0,0
1604111322103,9,1010123456029,72,,1,1,8,1,0,,6.11905,84,0,0.07632,33,0,5.5,,0,0,0,0,0,0,0,0,0,,167,184,,0,0,0,0
1604111322353,9,1010123456029,72,,1,1,8,1,0,,7.46875,32,0,0.043168,13,0,6.83333,,10.8,5,0,0.1,2,0,0,17.9478,31,,86,76,,0,0,0,1
1604111322603,9,1010123456029,72,,1,1,8,1,0,,9.23529,34,0,0.0431807,14,0,7.6,,0,0,0,0,0,0,0,0,0,,100,76,,0,0,0,0
1604111322853,9,1010123456029,72,,1,1,8,1,0,,4.4,25,0,0.021984,10,0,7.16667,,0,0,0,0,0,0,0,0,0,,57,82,,0,0,0,0
1604111323103,9,1010123456029,72,,1,1,8,1,0,,10.2143,28,0,0.037792,12,0,7.6,,0,0,0,0,0,0,0,0,0,,63,56,,0,0,0,0
1604111323353,9,1010123456029,72,,1,1,8,1,0,,12.05,20,0,0.032,8,0,7.8,,12.8,5,0,0.1,2,0,0,19.9227,31,,39,38,,0,0,0,1
1604111323603,9,1010123456029,72,,1,1,8,1,0,,9.44444,18,0,0.0161606,7,0,7.5,,0,0,0,0,0,0,0,0,0,,29,24,,0,0,0,0
1604111323853,9,1010123456029,72,,1,1,8,1,0,,12.4324,37,0,0.0483534,13,0,7.57143,,0,0,0,0,0,0,0,0,0,,73,62,,0,0,0,0
1604111324103,9,1010123456029,72,,1,1,8,1,0,,9.22727,22,0,0.0322892,11,0,7.6,,0,0,0,0,0,0,0,0,0,,47,40,,0,0,0,0
1604111324353,9,1010123456029,72,,1,1,8,1,0,,12.3077,26,0,0.037344,10,0,7.83333,,13.2,5,0,0.1,2,0,0,18.4809,31,,66,58,,0,0,0,1
1604111324603,9,1010123456029,72,,1,1,8,1,0,,7.98276,58,0,0.0590522,23,0,6.66667,,0,0,0,0,0,0,0,0,0,,142,106,,0,0,0,0
1604111324853,9,1010123456029,72,,1,1,8,1,0,,8.97727,44,0,0.049253,18,0,7.33333,,0,0,0,0,0,0,0,0,0,,103,82,,0,0,0,0
1604111325103,9,1010123456029,72,,1,1,8,1,0,,14.5455,22,0,0.036992,8,0,9,,0,0,0,0,0,0,0,0,0,,42,42,,0,0,0,0
1604111325353,9,1010123456029,72,,1,1,8,1,0,,11.3889,36,0,0.053536,15,0,8.6,,13.2,5,0,0.1,2,0,0,16.4128,31,,75,60,,0,0,0,1
1604111325603,9,1010123456029,72,,1,1,8,1,0,,11.2647,34,0,0.04816,14,0,7.33333,,0,0,0,0,0,0,0,0,0,,87,66,,0,0,0,0
1604111325853,9,1010123456029,72,,1,1,8,1,0,,8.18182,66,0,0.064352,26,0,7,,0,0,0,0,0,0,0,0,0,,181,120,,0,0,0,0
1604111326103,9,1010123456029,72,,1,1,8,1,0,,13.4706,17,0,0.026272,7,0,9.4,,0,0,0,0,0,0,0,0,0,,30,26,,0,0,0,0
1604111326353,9,1010123456029,72,,1,1,8,1,0,,11.6842,19,0,0.027232,8,0,8.16667,,10.8,5,0,0.1,2,0,0,14.8282,31,,37,34,,0,0,0,1
1604111326603,9,1010123456029,72,,1,1,8,1,0,,9.55882,34,0,0.0275341,11,0,8,,0,0,0,0,0,0,0,0,0,,66,48,,0,0,0,0
1604111326853,9,1010123456029,72,,1,1,8,1,0,,11.5556,18,0,0.02176,8,0,8,,0,0,0,0,0,0,0,0,0,,39,28,,0,0,0,0
1604111327103,9,1010123456029,72,,1,1,8,1,0,,15.05,20,0,0.03776,9,0,7.8,,9,3,0,0.1,1,0,0,18.6669,31,,34,32,,0,0,0,1
1604111327353,9,1010123456029,72,,1,1,8,1,0,,12.9744,39,0,0.0535261,16,0,8.66667,,11.5714,7,0,0.1,3,33.3333,0,10.7316,31,,69,58,,0,0,0,4.42857
1604111327603,9,1010123456029,72,,1,1,8,1,0,,12.1818,22,0,0.032736,9,0,7.33333,,0,0,0,0,0,0,0,0,0,,51,40,,0,0,0,0
1604111327853,9,1010123456029,72,,1,1,8,1,0,,13.4783,23,0,0.037664,9,0,8.28571,,0,0,0,0,0,0,0,0,0,,56,42,,0,0,0,0
1604111328103,9,1010123456029,72,,1,1,8,1,0,,13.3077,13,0,0.021536,5,0,7.66667,,0,0,0,0,0,0,0,0,0,,47,24,,0,0,0,0
1604111328353,9,1010123456029,72,,1,1,8,1,0,,7.89286,28,0,0.037504,11,0,7.5,,10,5,0,0.1,2,0,0,17.6974,31,,86,70,,0,0,0,1
1604111328603,9,1010123456029,72,,1,1,8,1,0,,10.381,21,140,0.026688,8,0,7.5,,0,0,0,0,0,0,0,0,0,,77,42,,0,0,0,0
1604111328853,9,1010123456029,72,,1,1,8,1,0,,11.0938,32,0,0.043759,13,0,7.16667,,0,0,0,0,0,0,0,0,0,,68,56,,0,0,0,0
1604111329103,9,1010123456029,72,,1,1,8,1,0,,11.12,25,0,0.0324177,9,0,7.33333,,0,0,0,0,0,0,0,0,0,,59,42,,0,0,0,0
1604111329353,9,1010123456029,72,,1,1,8,1,0,,7.62857,35,0,0.043488,15,0,7,,13.2,5,0,0.1,2,0,0,14.1739,31,,122,86,,0,0,0,1.6
1604111329603,9,1010123456029,72,,1,1,8,1,0,,11.1081,37,0,0.0548434,15,0,7.66667,,0,0,0,0,0,0,0,0,0,,99,76,,0,0,0,0
1604111329853,9,1010123456029,72,,1,1,8,1,0,,13.5385,26,0,0.053536,11,0,7.85714,,0,0,0,0,0,0,0,0,0,,105,56,,0,0,0,0
1604111330103,9,1010123456029,72,,1,1,8,1,0,,11.08,25,0,0.0378474,10,0,8,,0,0,0,0,0,0,0,0,0,,74,52,,0,0,0,0
1604111330353,9,1010123456029,72,,1,1,8,1,0,,8.88572,70,0,0.08176,27,0,7,,10.8,5,0,0.1,2,0,0,14.4547,31,,108,154,,0,0,0,1
1604111330603,9,1010123456029,72,,1,1,2,1,0,,6.72093,43,11,0.0222329,15,0,8,,0,0,0,0,0,0,0,0,0,,177,58,,0,0,0,0
1604111330853,9,1010123456029,72,,1,1,2,1,0,,9.96899,129,0,0.0724498,54,0,7.14286,,0,0,0,0,0,0,0,0,0,,591,102,,0,0,0,0
1604111331103,9,1010123456029,72,,1,1,2,1,0,,12.4359,39,225,0.0218795,13,0,7.4,,0,0,0,0,0,0,0,0,0,,175,30,,0,0,0,0
1604111331353,9,1010123456029,72,,1,1,2,1,0,,7.5,126,0,0.0520803,53,0,7,,10.8,5,0,0.1,2,0,0,15.7913,31,,427,102,,0,0,0,1
1604111331603,9,1010123456029,72,,1,1,2,1,0,,11.53,100,0,0.060448,40,0,7.5,,0,2,0,0.1,1,0,0,0,0,,281,80,,0,0,0,0
1604111331853,9,1010123456029,72,,1,1,2,1,0,,7.34043,94,0,0.03504,37,0,6.85714,,0,0,0,0,0,0,0,0,0,,459,82,,0,0,0,0
1604111332103,9,1010123456029,72,,1,1,2,1,0,,9.72727,44,0,0.022304,17,0,7.83333,,0,0,0,0,0,0,0,0,0,,101,36,,0,0,0,0
1604111332353,9,1010123456029,72,,1,1,2,1,0,,10.6984,63,0,0.033248,25,0,6.83333,,13.8,5,0,0.1,2,0,0,18.1228,31,,346,50,,0,0,0,1
1604111332603,9,1010123456029,72,,1,1,2,1,0,,9.18812,101,0,0.04544,40,0,7.16667,,0,0,0,0,0,0,0,0,0,,435,80,,0,0,0,0
1604111332853,9,1010123456029,72,,1,1,2,1,0,,7.33333,45,28,0.013312,13,0,6.28571,,0,0,0,0,0,0,0,0,0,,340,36,,0,0,0,0
1604111333103,9,1010123456029,72,,1,1,2,1,0,,7.55319,94,195,0.036192,39,0,5,,0,0,0,0,0,0,0,0,0,,317,152,,0,0,0,0
1604111333353,9,1010123456029,72,,1,1,2,1,0,,5.44721,161,79,0.041056,64,0,5.8,,0,0,0,0,0,0,0,0,0,,674,130,,0,0,0,0
1604111333603,9,1010123456029,72,,1,1,2,1,0,,6.97895,95,0,0.035008,42,0,5.8,,13.8,5,0,0.1,2,0,0,16.2829,31,,441,76,,0,0,0,1.4
1604111333853,9,1010123456029,72,,1,1,2,1,0,,8.33333,90,315,0.04,35,0,5.71429,,0,0,0,0,0,0,0,0,0,,165,86,,0,0,0,0
1604111334103,9,1010123456029,72,,1,1,2,1,0,,5.61702,94,0,0.024896,38,0,5,,0,0,0,0,0,0,0,0,0,,382,122,,0,0,0,0
1604111334353,9,1010123456029,72,,1,1,2,1,0,,6.8835,103,0,0.03552,42,0,5.5,,10,5,0,0.1,2,0,0,9.96934,31,,515,84,,0,0,0,5.8
1604111334603,9,1010123456029,72,,1,1,2,1,0,,5.81818,88,137,0.022112,31,0,5.6,,0,0,0,0,0,0,0,0,0,,273,72,,0,0,0,0
1604111334853,9,1010123456029,72,,1,1,2,1,0,,7.21311,183,25,0.060768,68,0,4.85714,,0,0,0,0,0,0,0,0,0,,495,160,,0,0,0,0
1604111335103,9,1010123456029,72,,1,1,2,1,0,,6.77885,104,268,0.0359839,45,0,6.5,,0,0,0,0,0,0,0,0,0,,367,80,,0,0,0,0
1604111335353,9,1010123456029,72,,1,1,2,1,0,,7.04054,148,5,0.0446586,54,0,5.83333,,12.4,25,0,0.126779,10,0,0,15.8303,31,,568,118,,0,0,0,1.56
1604111335603,9,1010123456029,72,,1,1,2,1,0,,8.8381,105,0,0.0543614,49,0,6.66667,,0,0,0,0,0,0,0,0,0,,376,82,,0,0,0,0
1604111335853,9,1010123456029,72,,1,1,2,1,0,,8.06173,162,0,0.0640321,65,0,5.85714,,0,0,0,0,0,0,0,0,0,,796,130,,0,0,0,0
1604111336103,9,1010123456029,72,,1,1,2,1,0,,8.58904,73,90,0.0330281,25,0,7.5,,0,0,0,0,0,0,0,0,0,,368,60,,0,0,0,0
1604111336353,9,1010123456029,72,,1,1,2,1,0,,7.26786,168,63,0.0636145,71,0,5.66667,,13.2,5,0,0.1,2,0,0,16.9537,31,,817,146,,0,0,0,1
1604111336603,9,1010123456029,72,,1,1,2,1,0,,7.48905,137,86,0.0506345,54,0,5.83333,,0,0,0,0,0,0,0,0,0,,766,112,,0,0,0,0
1604111336853,9,1010123456029,72,,1,1,2,1,0,,4.66667,105,0,0.025152,44,0,6.42857,,0,0,0,0,0,0,0,0,0,,323,94,,0,0,0,0
1604111337103,9,1010123456029,72,,1,1,2,1,0,,6.53774,106,75,0.0302008,37,0,5.5,,0,0,0,0,0,0,0,0,0,,503,90,,0,0,0,0
1604111337353,9,1010123456029,72,,1,1,2,1,0,,8.45578,147,0,0.0637751,64,0,6,,8.71429,14,0,0.1,6,33.3333,0,11.0213,31,,702,118,,0,0,0,3.85714
1604111337603,9,1010123456029,72,,1,1,2,1,0,,7.86047,86,0,0.0346345,34,0,7.33333,,0,0,0,0,0,0,0,0,0,,391,68,,0,0,0,0
1604111337853,9,1010123456029,72,,1,1,2,1,0,,10.9351,77,0,0.0445301,31,0,6.5,,0,0,0,0,0,0,0,0,0,,395,62,,0,0,0,0
1604111338103,9,1010123456029,72,,1,1,2,1,0,,6.72362,199,0,0.065856,80,0,5.4,,0,0,0,0,0,0,0,0,0,,595,164,,0,0,0,0
1604111338353,9,1010123456029,72,,1,1,2,1,0,,8,77,0,0.029024,30,0,6,,0,0,0,0,0,0,0,0,0,,417,60,,0,0,0,0
1604111338603,9,1010123456029,72,,1,1,2,1,0,,8.59524,126,0,0.056928,51,0,6.5,,13.2,5,0,0.1,2,0,0,18.4468,31,,573,102,,0,0,0,1
1604111338853,9,1010123456029,72,,1,1,2,1,0,,8.23404,141,0,0.057664,57,0,5.71429,,0,0,0,0,0,0,0,0,0,,515,114,,0,0,0,0
1604111339103,9,1010123456029,72,,1,1,2,1,0,,5.41463,82,391,0.018432,29,0,5.5,,0,0,0,0,0,0,0,0,0,,350,64,,0,0,0,0
1604111339353,9,1010123456029,72,,1,1,2,1,0,,8.28261,92,0,0.040928,40,0,6,,13.2,5,0,0.1,2,0,0,17.0049,31,,300,74,,0,0,0,1.8
1604111339603,9,1010123456029,72,,1,1,2,1,0,,5.82192,146,0,0.043008,60,0,5,,0,0,0,0,0,0,0,0,0,,654,124,,0,0,0,0
1604111339853,9,1010123456029,72,,1,1,2,1,0,,5.27642,123,0,0.031456,49,0,6.83333,,0,0,0,0,0,0,0,0,0,,571,98,,0,0,0,0
1604111340103,9,1010123456029,72,,1,1,2,1,0,,6.38095,42,361,0.015136,14,0,4.83333,,0,0,0,0,0,0,0,0,0,,73,40,,0,0,0,0
1604111340353,9,1010123456029,72,,1,1,2,1,0,,7.26923,156,0,0.053536,62,0,6,,12.75,8,0,0.1,3,0,0,16.4618,31,,541,124,,0,0,0,1
1604111340603,9,1010123456029,72,,1,1,2,1,0,,8,44,0,0.020128,21,0,5.5,,0,0,0,0,0,0,0,0,0,,324,36,,0,0,0,0
1604111340853,9,1010123456029,72,,1,1,2,1,0,,7.29208,202,0,0.069664,79,0,5.71429,,0,0,0,0,0,0,0,0,0,,775,160,,0,0,0,0
1604111341103,9,1010123456029,72,,1,1,2,1,0,,7.85148,101,28,0.0351807,37,0,5.33333,,0,0,0,0,0,0,0,0,0,,500,82,,0,0,0,0
1604111341353,9,1010123456029,72,,1,1,2,1,0,,8.23333,60,56,0.0241285,23,0,5.66667,,0,0,0,0,0,0,0,0,0,,274,44,,0,0,0,0
1604111341603,9,1010123456029,72,,1,1,2,1,0,,7.02439,82,48,0.0304,34,0,5.8,,12.8,5,0,0.1,2,0,0,14.6756,31,,375,70,,0,0,0,1
1604111341853,9,1010123456029,72,,1,1,2,1,0,,7.7037,81,298,0.0301365,33,0,5.14286,,0,0,0,0,0,0,0,0,0,,439,126,,0,0,0,0
1604111342103,9,1010123456029,72,,1,1,2,1,0,,7.55862,145,0,0.0568996,60,0,5.6,,0,0,0,0,0,0,0,0,0,,500,110,,0,0,0,0
1604111342353,9,1010123456029,72,,1,1,2,1,0,,6.1129,62,0,0.018208,25,0,5.5,,10.2,5,0,0.1,2,0,0,20.4354,31,,238,50,,0,0,0,1
1604111342603,9,1010123456029,72,,1,1,2,1,0,,7.98592,71,0,0.025696,26,0,6.6,,0,0,0,0,0,0,0,0,0,,261,56,,0,0,0,0
1604111342853,9,1010123456029,72,,1,1,2,1,0,,5.09322,236,0,0.06016,97,0,4.57143,,0,0,0,0,0,0,0,0,0,,376,192,,0,0,0,0
1604111343103,9,1010123456029,72,,1,1,2,1,0,,5.20152,263,720,0.0648996,103,0,4.83333,,0,0,0,0,0,0,0,0,0,,827,212,,0,0,0,0
1604111343353,9,1010123456029,72,,1,1,2,1,0,,5.56122,294,0,0.0796145,121,0,5,,13.2,5,0,0.1,2,0,0,18.7773,31,,359,242,,0,0,0,1
1604111343603,9,1010123456029,72,,1,1,2,1,0,,5.44493,227,0,0.0622329,92,0,5.8,,0,0,0,0,0,0,0,0,0,,1085,186,,0,0,0,0
1604111343853,9,1010123456029,72,,1,1,2,1,0,,5.69942,173,523,0.0520161,68,0,6,,0,0,0,0,0,0,0,0,0,,693,140,,0,0,0,0
1604111344103,9,1010123456029,72,,1,1,2,1,0,,4.72269,238,0,0.054656,96,0,4.5,,0,0,0,0,0,0,0,0,0,,642,196,,0,0,0,0
1604111344353,9,1010123456029,72,,1,1,2,1,0,,4.125,88,214,0.0156787,30,0,4.33333,,0,0,0,0,0,0,0,0,0,,459,72,,0,0,0,0
1604111344603,9,1010123456029,72,,1,1,2,1,0,,4.97727,176,578,0.044192,75,0,4.83333,,13.8,5,0,0.1,2,0,0,21.7036,31,,114,170,,0,0,0,1
1604111344853,9,1010123456029,72,,1,1,2,1,0,,7.77778,108,0,0.044864,45,0,7.2,,0,0,0,0,0,0,0,0,0,,284,88,,0,0,0,0
1604111345103,9,1010123456029,72,,1,1,2,1,0,,5.42609,230,104,0.057344,90,0,4.8,,0,0,0,0,0,0,0,0,0,,205,184,,0,0,0,0
1604111345353,9,1010123456029,72,,1,1,2,1,0,,5.49778,225,0,0.06144,92,0,5.66667,,0,4,0,0.1,2,0,0,0,31,,164,180,,0,0,0,0
1604111345603,9,1010123456029,72,,1,1,2,1,0,,5.47748,111,81,0.025824,40,0,6.16667,,0,0,0,0,0,0,0,0,0,,763,138,,0,0,0,0
1604111345853,9,1010123456029,72,,1,1,2,1,0,,5.59585,193,0,0.055424,84,0,5,,0,0,0,0,0,0,0,0,0,,974,160,,0,0,0,0
1604111346103,9,1010123456029,72,,1,1,2,1,0,,5.71591,88,0,0.024996,37,0,5,,0,0,0,0,0,0,0,0,0,,452,74,,0,0,0,0
1604111346353,9,1010123456029,72,,1,1,2,1,0,,5,187,0,0.041056,68,0,4.66667,,13.5,6,0,0.1,2,0,0,18.3091,31,,1047,150,,0,0,0,1
1604111346603,9,1010123456029,72,,1,1,2,1,0,,4.48624,218,125,0.047904,88,0,4.66667,,0,0,0,0,0,0,0,0,0,,339,172,,0,0,0,0
1604111346853,9,1010123456029,72,,1,1,2,1,0,,4.69863,219,163,0.0519197,90,0,4.57143,,0,0,0,0,0,0,0,0,0,,811,178,,0,0,0,0
1604111347103,9,1010123456029,72,,1,1,2,1,0,,5.76498,217,185,0.064256,85,0,6.66667,,0,0,0,0,0,0,0,0,0,,921,174,,0,0,0,0
1604111347353,9,1010123456029,72,,1,1,2,1,0,,5.06557,183,182,0.044352,73,0,4.83333,,12.8,5,0,0.1,2,0,0,16.379,31,,832,152,,0,0,0,1
1604111347603,9,1010123456029,72,,1,1,2,1,0,,5.54696,181,129,0.0479357,73,0,5,,0,0,0,0,0,0,0,0,0,,772,140,,0,0,0,0
1604111347853,9,1010123456029,72,,1,1,2,1,0,,5.1592,201,0,0.050656,83,0,4.71429,,0,0,0,0,0,0,0,0,0,,599,162,,0,0,0,0
1604111348103,9,1010123456029,72,,1,1,2,1,0,,4.85039,127,375,0.0283052,49,0,4,,0,0,0,0,0,0,0,0,0,,-2,128,,0,0,0,0
1604111348353,9,1010123456029,72,,1,1,2,1,0,,5.37358,265,61,0.0660562,103,0,4.83333,,12,5,0,0.1,2,0,0,18.227,31,,-157,216,,0,0,0,1
1604111348603,9,1010123456029,72,,1,1,2,1,0,,5.61983,121,0,0.0366265,55,0,5,,0,0,0,0,0,0,0,0,0,,695,100,,0,0,0,0
1604111348853,9,1010123456029,72,,1,1,2,1,0,,6.86765,68,164,0.0204337,23,0,5.14286,,0,0,0,0,0,0,0,0,0,,329,56,,0,0,0,0
1604111349103,9,1010123456029,72,,1,1,2,1,0,,4.98171,164,0,0.0432771,72,0,4.8,,0,0,0,0,0,0,0,0,0,,821,130,,0,0,0,0
1604111349353,9,1010123456029,72,,1,1,2,1,0,,6.85816,141,0,0.0475181,56,0,5.75,,13.8,5,0,0.1,2,0,0,15.2752,31,,574,112,,0,0,0,1
1604111349603,9,1010123456029,72,,1,1,2,1,0,,5.28326,233,140,0.0550683,88,0,4.75,,0,0,0,0,0,0,0,0,0,,854,186,,0,0,0,0
1604111349853,9,1010123456029,72,,1,1,2,1,0,,5.37008,127,517,0.0347952,53,0,4.85714,,0,0,0,0,0,0,0,0,0,,398,144,,0,0,0,0
1604111350103,9,1010123456029,72,,1,1,2,1,0,,6.36538,156,0,0.0522731,65,0,4.83333,,0,0,0,0,0,0,0,0,0,,647,130,,0,0,0,0
1604111350353,9,1010123456029,72,,1,1,2,1,0,,5.96364,55,0,0.0181205,23,0,6.2,,0,0,0,0,0,0,0,0,0,,301,46,,0,0,0,0
1604111350603,9,1010123456029,72,,1,1,2,1,0,,5.7957,186,0,0.0496707,73,0,4,,10,5,0,0.1,2,0,0,14.8027,31,,-68,206,,0,0,0,1.6
1604111350853,9,1010123456029,72,,1,1,2,1,0,,6.55263,38,0,0.011936,15,0,5.33333,,0,0,0,0,0,0,0,0,0,,153,30,,0,0,0,0
1604111351103,9,1010123456029,72,,1,1,2,1,0,,5.13841,289,0,0.0701365,115,0,4.8,,0,0,0,0,0,0,0,0,0,,513,238,,0,0,0,0
1604111351353,9,1010123456029,72,,1,1,2,1,0,,4.61184,152,0,0.03264,59,0,3.8,,13.2,5,0,0.1,2,0,0,19.6949,31,,563,178,,0,0,0,1
1604111351603,9,1010123456029,72,,1,1,2,1,0,,4.39676,247,0,0.0514056,96,0,4.66667,,0,0,0,0,0,0,0,0,0,,839,214,,0,0,0,0
1604111351853,9,1010123456029,72,,1,1,2,1,0,,5.48603,179,214,0.046688,72,0,4.71429,,0,0,0,0,0,0,0,0,0,,548,148,,0,0,0,0
1604111352103,9,1010123456029,72,,1,1,2,1,0,,4.88341,223,383,0.05344,93,0,4.75,,0,0,0,0,0,0,0,0,0,,919,178,,0,0,0,0
1604111352353,9,1010123456029,72,,1,1,2,1,0,,4.88328,317,304,0.069824,121,0,4.75,,13.8,5,0,0.1,2,0,0,15.5781,31,,-250,262,,0,0,0,1
1604111352603,9,1010123456029,72,,1,1,2,1,0,,4.59471,227,0,0.0557751,98,0,4.33333,,0,0,0,0,0,0,0,0,0,,504,190,,0,0,0,0
1604111352853,9,1010123456029,72,,1,1,2,1,0,,5.9898,98,0,0.030656,40,0,5.5,,0,0,0,0,0,0,0,0,0,,307,82,,0,0,0,0
1604111353103,9,1010123456029,72,,1,1,2,1,0,,5.46342,123,0,0.0313253,48,0,5,,0,0,0,0,0,0,0,0,0,,713,96,,0,0,0,0
1604111353353,9,1010123456029,72,,1,1,2,1,0,,3.95189,291,209,0.055424,113,0,4.25,,10.2,5,0,0.1,2,0,0,17.0612,31,,121,248,,0,0,0,1
1604111353603,9,1010123456029,72,,1,1,2,1,0,,5.78761,113,220,0.0305863,44,0,7,,0,0,0,0,0,0,0,0,0,,539,88,,0,0,0,0
1604111353853,9,1010123456029,72,,1,1,2,1,0,,5.17544,285,61,0.069856,114,0,4.83333,,0,0,0,0,0,0,0,0,0,,718,228,,0,0,0,0
1604111354103,9,1010123456029,72,,1,1,2,1,0,,5.04369,206,86,0.050272,84,0,4.66667,,0,0,0,0,0,0,0,0,0,,687,166,,0,0,0,0
1604111354353,9,1010123456029,72,,1,1,2,1,0,,4.29609,179,147,0.0398072,74,0,4.2,,11.6,5,0,0.1,2,0,0,13.8791,31,,261,144,,0,0,0,1
1604111354603,9,1010123456029,72,,1,1,2,1,0,,4.2471,259,0,0.0535261,103,0,5,,0,0,0,0,0,0,0,0,0,,904,214,,0,0,0,0
1604111354853,9,1010123456029,72,,1,1,2,1,0,,5.00654,153,484,0.03568,60,0,4.66667,,0,0,0,0,0,0,0,0,0,,57,126,,0,0,0,0
1604111355103,9,1010123456029,72,,1,1,2,1,0,,5.02326,215,0,0.0537831,89,0,4.5,,0,0,0,0,0,0,0,0,0,,889,176,,0,0,0,0
1604111355353,9,1010123456029,72,,1,1,2,1,0,,4.15151,66,0,0.013408,26,0,4.5,,9.6,5,0,0.1,2,0,0,15.0051,31,,247,54,,0,0,0,1
1604111355603,9,1010123456029,72,,1,1,2,1,0,,8.85227,88,0,0.039616,35,0,6.66667,,0,0,0,0,0,0,0,0,0,,473,70,,0,0,0,0
1604111355853,9,1010123456029,72,,1,1,2,1,0,,5.4918,244,281,0.062496,95,0,4.66667,,0,0,0,0,0,0,0,0,0,,936,198,,0,0,0,0
1604111356103,9,1010123456029,72,,1,1,2,1,0,,3.44444,234,469,0.0408996,93,0,4,,0,0,0,0,0,0,0,0,0,,232,230,,0,0,0,0
1604111356353,9,1010123456029,72,,1,1,2,1,0,,4.60112,178,0,0.0413815,76,0,4.5,,9.5,6,0,0.1,2,0,0,13.179,31,,681,148,,0,0,0,1.5
1604111356603,9,1010123456029,72,,1,1,2,1,0,,6.91525,118,0,0.041408,48,0,5,,0,0,0,0,0,0,0,0,0,,627,100,,0,0,0,0
1604111356853,9,1010123456029,72,,1,1,2,1,0,,4.22674,172,0,0.038816,68,0,4.4,,0,0,0,0,0,0,0,0,0,,44,154,,0,0,0,0
1604111357103,9,1010123456029,72,,1,1,2,1,0,,4.20149,134,60,0.033856,47,0,7,,0,0,0,0,0,0,0,0,0,,200,120,,0,0,0,0
1604111357353,9,1010123456029,72,,1,1,2,1,0,,5.43564,101,0,0.03008,47,0,4.66667,,12,5,0,0.1,2,0,0,16.6089,31,,439,84,,0,0,0,1
1604111357603,9,1010123456029,72,,1,1,2,1,0,,10.2222,54,538,0.03584,21,0,6.66667,,0,0,0,0,0,0,0,0,0,,92,70,,0,0,0,0
1604111357853,9,1010123456029,72,,1,1,2,1,0,,8.98,100,0,0.042336,39,0,6.14286,,0,0,0,0,0,0,0,0,0,,283,80,,0,0,0,0
1604111358103,9,1010123456029,72,,1,1,2,1,0,,7.32692,104,47,0.03584,34,0,6.5,,0,0,0,0,0,0,0,0,0,,362,82,,0,0,0,0
1604111358353,9,1010123456029,72,,1,1,2,1,0,,5.23649,148,426,0.042304,65,0,5.8,,12.8,5,0,0.1,2,0,0,12.7418,31,,1015,124,,0,0,0,1.6
1604111358603,9,1010123456029,72,,1,1,2,1,0,,5.8985,266,720,0.07456,106,0,5,,0,0,0,0,0,0,0,0,0,,-250,212,,0,0,0,0
1604111358853,9,1010123456029,72,,1,1,2,1,0,,7.41837,196,0,0.07472,82,0,5.66667,,0,0,0,0,0,0,0,0,0,,350,168,,0,0,0,0
1604111359103,9,1010123456029,72,,1,1,2,1,0,,6.90857,175,0,0.059245,70,0,5.6,,0,0,0,0,0,0,0,0,0,,814,142,,0,0,0,0
1604111359353,9,1010123456029,72,,1,1,2,1,0,,7.42308,208,0,0.0764016,84,0,5.25,,7,6,146794,0.1,2,0,0,17.4587,31,,414,168,,0,0,0,1
1604111359603,9,1010123456029,72,,1,1,2,1,0,,7.11594,138,0,0.0417671,49,0,5.33333,,16,32,0,0.103004,12,50,0,9.25706,0,,476,108,,0,0,0,6.25
1604111359853,9,1010123456029,72,,1,1,2,1,0,,4.69333,150,92,0.0394859,60,0,4.8,,0,0,0,0,0,0,0,0,0,,284,118,,0,0,0,0
1604111360103,9,1010123456029,72,,1,1,2,1,0,,3.13194,144,0,0.026528,63,0,6.75,,0,0,0,0,0,0,0,0,0,,41,118,,0,0,0,0
1604111360353,9,1010123456029,72,,1,1,2,1,0,,6.68675,166,111,0.052992,62,0,5.75,,12.48,25,0,0.12896,10,0,0,15.3166,31,,729,134,,0,0,0,1.56
1604111360603,9,1010123456029,72,,1,1,8,1,0,,3.92228,193,0,0.0717108,78,0,4.66667,,0,0,0,0,0,0,0,0,0,,273,362,,0,0,0,0
1604111360853,9,1010123456029,72,,1,1,8,1,0,,5.08889,45,0,0.049056,22,0,6.14286,,0,0,0,0,0,0,0,0,0,,69,150,,0,0,0,0
1604111361103,9,1010123456029,72,,1,1,8,1,0,,4.89655,58,0,0.049312,23,0,5.8,,0,0,0,0,0,0,0,0,0,,104,184,,0,0,0,0
1604111361353,9,1010123456029,72,,1,1,8,1,0,,6.81081,37,0,0.037216,15,0,6,,0,4,0,0.1,2,0,0,0,31,,154,104,,0,0,0,0
1604111361603,9,1010123456029,72,,1,1,8,1,0,,9.06667,15,0,0.021824,6,0,7.66667,,0,0,0,0,0,0,0,0,0,,37,34,,0,0,0,0
1604111361853,9,1010123456029,72,,1,1,8,1,0,,10.6897,29,0,0.0434056,11,0,7.5,,0,0,0,0,0,0,0,0,0,,91,72,,0,0,0,0
1604111362103,9,1010123456029,72,,1,1,8,1,0,,9,9,0,0.0109558,3,0,6.83333,,0,0,0,0,0,0,0,0,0,,59,36,,0,0,0,0
1604111362353,9,1010123456029,72,,1,1,8,1,0,,6.42373,59,15,0.0486104,22,0,7.83333,,0,4,0,0.1,2,0,0,0,31,,145,190,,0,0,0,0
1604111362603,9,1010123456029,72,,1,1,8,1,0,,5.56,50,0,0.044498,21,0,6.16667,,0,0,0,0,0,0,0,0,0,,152,254,,0,0,0,0
1604111362853,9,1010123456029,72,,1,1,8,1,0,,10.7273,33,0,0.0543293,13,0,7.6,,0,0,0,0,0,0,0,0,0,,115,100,,0,0,0,0
1604111363103,9,1010123456029,72,,1,1,8,1,0,,4.13462,52,0,0.0386827,21,0,6.2,,0,0,0,0,0,0,0,0,0,,79,190,,0,0,0,0
1604111363353,9,1010123456029,72,,1,1,8,1,0,,9.2963,27,87,0.027328,7,0,7.5,,9.81818,11,0,0.1,4,25,0,7.08782,31,,102,84,,0,0,0,4.54545
1604111363603,9,1010123456029,72,,1,1,8,1,0,,9.80769,26,0,0.042912,13,0,7.5,,0,0,0,0,0,0,0,0,0,,61,64,,0,0,0,0
1604111363853,9,1010123456029,72,,1,1,8,1,0,,9.22222,36,0,0.0386506,14,0,8.16667,,0,0,0,0,0,0,0,0,0,,81,66,,0,0,0,0
1604111364103,9,1010123456029,72,,1,1,8,1,0,,10.92,25,0,0.03808,10,0,7,,0,0,0,0,0,0,0,0,0,,59,56,,0,0,0,0
1604111364353,9,1010123456029,72,,1,1,8,1,0,,10.2,25,0,0.032512,10,0,8.16667,,0,0,0,0,0,0,0,0,0,,49,48,,0,0,0,0
1604111364603,9,1010123456029,72,,1,1,8,1,0,,10.675,40,0,0.0593414,16,0,7.5,,13.2432,37,0,0.131791,16,37.5,0,12.1079,31,,152,96,,0,0,0,4.56757
1604111364853,9,1010123456029,72,,1,1,8,1,0,,10.6154,26,0,0.043488,10,0,7,,0,0,0,0,0,0,0,0,0,,101,64,,0,0,0,0
1604111365103,9,1010123456029,72,,1,1,8,1,0,,10.2273,22,0,0.038496,8,0,5.83333,,0,0,0,0,0,0,0,0,0,,90,64,,0,0,0,0
1604111365353,9,1010123456029,72,,1,1,8,1,0,,9.08333,12,0,0.022048,5,0,7,,13.4667,30,0,0.14512,12,8.33333,0,14.8495,31,,31,36,,0,0,0,2.5
1604111365603,9,1010123456029,72,,1,1,8,1,0,,10.25,8,0,0.010848,3,0,7,,0,0,0,0,0,0,0,0,0,,32,16,,0,0,0,0
1604111365853,9,1010123456029,72,,1,1,8,1,0,,9.36667,30,0,0.04944,12,0,7.14286,,0,0,0,0,0,0,0,0,0,,121,84,,0,0,0,0
1604111366103,9,1010123456029,72,,1,1,8,1,0,,12.2143,28,0,0.043072,10,0,7.83333,,0,0,0,0,0,0,0,0,0,,96,66,,0,0,0,0
1604111366353,9,1010123456029,72,,1,1,8,1,0,,6,47,0,0.044032,18,0,6.66667,,0,4,0,0.1,2,0,0,0,31,,119,162,,0,0,0,0
1604111366603,9,1010123456029,72,,1,1,8,1,0,,10.2,15,0,0.03248,8,0,7,,0,0,0,0,0,0,0,0,0,,50,40,,0,0,0,0
1604111366853,9,1010123456029,72,,1,1,8,1,0,,8.32353,34,0,0.0536,15,0,7.28571,,0,0,0,0,0,0,0,0,0,,236,198,,0,0,0,0
1604111367103,9,1010123456029,72,,1,1,8,1,0,,8.77778,27,0,0.03248,11,0,7,,0,0,0,0,0,0,0,0,0,,101,62,,0,0,0,0
1604111367353,9,1010123456029,72,,1,1,8,1,0,,9,37,0,0.048192,14,0,6.83333,,13.2,5,0,0.1,2,0,0,21.2133,31,,113,92,,0,0,0,1
1604111367603,9,1010123456029,72,,1,1,8,1,0,,11.5172,29,0,0.0430843,11,0,7.5,,0,0,0,0,0,0,0,0,0,,84,68,,0,0,0,0
1604111367853,9,1010123456029,72,,1,1,8,1,0,,8.8,20,0,0.0321928,9,0,7.14286,,0,0,0,0,0,0,0,0,0,,90,62,,0,0,0,0
1604111368103,9,1010123456029,72,,1,1,8,1,0,,9.84615,13,0,0.0162249,5,0,7,,0,0,0,0,0,0,0,0,0,,29,26,,0,0,0,0
1604111368353,9,1010123456029,72,,1,1,8,1,0,,10.037,27,0,0.03232,11,0,7,,0,0,0,0,0,0,0,0,0,,108,74,,0,0,0,0
1604111368603,9,1010123456029,72,,1,1,8,1,0,,8.3,30,0,0.0379116,12,0,6,,0,8,0,0,4,100,0,0,0,,88,72,,0,0,0,0
1604111368853,9,1010123456029,72,,1,1,8,1,0,,7.94286,35,0,0.0373655,14,0,7.33333,,0,0,0,0,0,0,0,0,0,,151,96,,0,0,0,0
1604111369103,9,1010123456029,72,,1,1,8,1,0,,8.4375,32,0,0.037494,13,0,7.4,,0,0,0,0,0,0,0,0,0,,63,64,,0,0,0,0
1604111369353,9,1010123456029,72,,1,1,8,1,0,,7,14,0,0.015712,5,0,6.66667,,0,0,0,0,0,0,0,0,0,,45,32,,0,0,0,0
1604111369603,9,1010123456029,72,,1,1,8,1,0,,2.05556,54,0,0.0286586,24,0,4.5,,10.8571,21,0,0.1,7,0,0,16.8641,31,,35,320,,0,0,0,1
1604111369853,9,1010123456029,72,,1,1,8,1,0,,6.37778,45,0,0.0434699,18,0,6,,0,0,0,0,0,0,0,0,0,,116,100,,0,0,0,0
1604111370103,9,1010123456029,72,,1,1,8,1,0,,8.04255,47,0,0.0537189,19,0,6.5,,0,0,0,0,0,0,0,0,0,,177,116,,0,0,0,0
1604111370353,9,1010123456029,72,,1,1,8,1,0,,10.5806,31,0,0.042464,13,0,7.6,,12,5,0,0.1,2,0,0,18.257,31,,67,58,,0,0,0,1
1604111370603,9,1010123456029,72,,1,1,8,1,0,,9.1875,16,0,0.015936,6,0,7,,0,0,0,0,0,0,0,0,0,,50,32,,0,0,0,0
1604111370853,9,1010123456029,72,,1,1,8,1,0,,6.68293,41,0,0.043264,17,0,5.83333,,0,0,0,0,0,0,0,0,0,,114,112,,0,0,0,0
1604111371103,9,1010123456029,72,,1,1,8,1,0,,7.15385,39,0,0.037792,16,0,6.16667,,0,0,0,0,0,0,0,0,0,,132,90,,0,0,0,0
1604111371353,9,1010123456029,72,,1,1,8,1,0,,6.59375,32,0,0.032288,13,0,7.8,,0,0,0,0,0,0,0,0,0,,92,98,,0,0,0,0
1604111371603,9,1010123456029,72,,1,1,8,1,0,,9.125,24,0,0.027072,10,0,6,,15,12,0,0,4,100,0,3.98977,0,,54,42,,0,0,0,10
1604111371853,9,1010123456029,72,,1,1,8,1,0,,5.19149,47,0,0.037568,15,0,7,,0,0,0,0,0,0,0,0,0,,174,126,,0,0,0,0
1604111372103,9,1010123456029,72,,1,1,8,1,0,,10.95,40,0,0.052576,17,0,9.75,,0,0,0,0,0,0,0,0,0,,137,80,,0,0,0,0
1604111372353,9,1010123456029,72,,1,1,8,1,0,,10.5,26,0,0.042944,11,0,8,,2.08333,24,0,0.1,9,0,0,8.44803,31,,76,56,,0,0,0,1.125
1604111372603,9,1010123456029,72,,1,1,8,1,0,,3.59155,71,0,0.047328,26,0,4.83333,,0,0,0,0,0,0,0,0,0,,178,274,,0,0,0,0
1604111372853,9,1010123456029,72,,1,1,8,1,0,,3.55556,45,62,0.03536,20,0,6,,0,0,0,0,0,0,0,0,0,,81,128,,0,0,0,0
1604111373103,9,1010123456029,72,,1,1,8,1,0,,7.15789,38,0,0.042848,16,0,6.5,,0,0,0,0,0,0,0,0,0,,141,100,,0,0,0,0
1604111373353,9,1010123456029,72,,1,1,8,1,0,,6.08824,68,0,0.060498,30,0,5.2,,11.3778,45,0,0.1,19,78.9474,0,5.5563,31,,236,202,,0,0,0,8.4
1604111373603,9,1010123456029,72,,1,1,8,1,0,,10.5,34,0,0.043136,14,0,7.66667,,12,3,0,0,1,100,0,0.430514,0,,87,66,,0,0,0,10
1604111373853,9,1010123456029,72,,1,1,8,1,0,,7.26829,41,0,0.0384,16,0,6.75,,0,0,0,0,0,0,0,0,0,,74,106,,0,0,0,0
1604111374103,9,1010123456029,72,,1,1,8,1,0,,2.22222,72,0,0.0353092,25,0,3,,0,0,0,0,0,0,0,0,0,,52,248,,0,0,0,0
1604111374353,9,1010123456029,72,,1,1,8,1,0,,6.92308,26,0,0.031008,14,0,6.2,,0,0,0,0,0,0,0,0,0,,68,78,,0,0,0,0
1604111374603,9,1010123456029,72,,1,1,8,1,0,,9.125,40,0,0.053568,17,0,8,,11.8261,46,0,0.1,20,60,0,6.9559,31,,142,100,,0,0,0,6.43478
1604111374853,9,1010123456029,72,,1,1,8,1,0,,11.5625,48,0,0.064224,20,0,7,,0,0,0,0,0,0,0,0,0,,77,110,,0,0,0,0
1604111375103,9,1010123456029,72,,1,1,8,1,0,,5.74138,58,0,0.0491245,23,0,6.75,,0,0,0,0,0,0,0,0,0,,156,186,,0,0,0,0
1604111375353,9,1010123456029,72,,1,1,8,1,0,,15,13,0,0.0208514,5,0,9,,0,0,0,0,0,0,0,0,0,,16,20,,0,0,0,0
1604111375603,9,1010123456029,72,,1,1,8,1,0,,16,11,0,0.026336,5,0,9,,0.190476,21,0,0.1,9,0,0,5.53872,31,,27,24,,0,0,0,1.09524
1604111375853,9,1010123456029,72,,1,1,8,1,0,,13.5185,27,0,0.048,11,0,10.5,,0,0,0,0,0,0,0,0,0,,47,48,,0,0,0,0
1604111376103,9,1010123456029,72,,1,1,8,1,0,,15,13,0,0.020864,5,0,7.5,,0,0,0,0,0,0,0,0,0,,21,18,,0,0,0,0
1604111376353,9,1010123456029,72,,1,1,8,1,0,,6.1,50,0,0.0534618,21,0,6.33333,,4.8,5,147772,0.1,2,0,0,12.9401,31,,201,142,,0,0,0,1
1604111376603,9,1010123456029,72,,1,1,8,1,0,,16,20,0,0.047136,9,0,10,,9,31,0,0.1,13,46.1538,0,4.7045,0,,50,42,,0,0,0,6.64516
1604111376853,9,1010123456029,72,,1,1,8,1,0,,14.5926,27,0,0.0368514,10,0,7,,0,0,0,0,0,0,0,0,0,,35,38,,0,0,0,0
1604111377103,9,1010123456029,72,,1,1,8,1,0,,13.64,25,158,0.042208,10,0,8.33333,,0,0,0,0,0,0,0,0,0,,54,50,,0,0,0,0
1604111377353,9,1010123456029,72,,1,1,8,1,0,,7.11765,17,0,0.015904,7,0,9,,4.8,5,149629,0.1,2,0,0,8.78799,31,,44,32,,0,0,0,2.2
1604111377603,9,1010123456029,72,,1,1,8,1,0,,7.51064,47,0,0.058336,19,0,5,,0.1,20,0,0.1,8,0,0,6.71653,0,,162,126,,0,0,0,1
1604111377853,9,1010123456029,72,,1,1,8,1,0,,3.44444,63,0,0.0439839,25,0,4,,0,0,0,0,0,0,0,0,0,,183,170,,0,0,0,0
1604111378103,9,1010123456029,72,,1,1,8,1,0,,5.06122,49,0,0.043008,19,0,5,,0,0,0,0,0,0,0,0,0,,234,120,,0,0,0,0
1604111378353,9,1010123456029,72,,1,1,8,1,0,,7.125,40,0,0.037376,15,0,7,,0,0,0,0,0,0,0,0,0,,171,96,,0,0,0,0
1604111378603,9,1010123456029,72,,1,1,8,1,0,,14.1765,17,0,0.0313253,7,0,7.5,,7.4,5,0,0.1,2,0,0,13.4473,31,,40,36,,0,0,0,1
1604111378853,9,1010123456029,72,,1,1,8,1,0,,11.1034,29,158,0.031456,11,0,6.75,,0,0,0,0,0,0,0,0,0,,64,52,,0,0,0,0
1604111379103,9,1010123456029,72,,1,1,8,1,0,,4.97403,77,0,0.0491888,29,0,5,,0,0,0,0,0,0,0,0,0,,306,174,,0,0,0,0
1604111379353,9,1010123456029,72,,1,1,8,1,0,,5.39623,53,0,0.044224,25,0,6.5,,11.2,5,0,0.1,2,0,0,16.1049,31,,185,122,,0,0,0,1
1604111379603,9,1010123456029,72,,1,1,8,1,0,,5.32727,55,0,0.0433092,22,0,5,,0,0,0,0,0,0,0,0,0,,171,116,,0,0,0,0
1604111379853,9,1010123456029,72,,1,1,8,1,0,,9.11539,26,0,0.0270201,11,0,7.25,,0,0,0,0,0,0,0,0,0,,54,44,,0,0,0,0
1604111380103,9,1010123456029,72,,1,1,8,1,0,,7.36667,30,0,0.0269558,12,0,6.5,,0,0,0,0,0,0,0,0,0,,62,48,,0,0,0,0
1604111380353,9,1010123456029,72,,1,1,8,1,0,,5.02703,37,0,0.031936,15,0,5,,12.8,5,0,0.1,2,0,0,16.9884,31,,133,94,,0,0,0,1
1604111380603,9,1010123456029,72,,1,1,8,1,0,,10.2,30,0,0.026976,8,0,6.66667,,0,0,0,0,0,0,0,0,0,,100,64,,0,0,0,0
1604111380853,9,1010123456029,72,,1,1,8,1,0,,10.1905,21,0,0.0435663,12,0,7,,0,0,0,0,0,0,0,0,0,,84,54,,0,0,0,0
1604111381103,9,1010123456029,72,,1,1,8,1,0,,5.64815,54,0,0.048096,21,0,5,,0,0,0,0,0,0,0,0,0,,242,156,,0,0,0,0
1604111381353,9,1010123456029,72,,1,1,8,1,0,,5.11429,70,0,0.059872,30,0,5,,0,6,0,0,3,100,0,0,0,,243,154,,0,0,0,0
1604111381603,9,1010123456029,72,,1,1,8,1,0,,6.96364,55,0,0.0496707,23,0,5.75,,0,2,0,0,1,100,0,0,0,,190,122,,0,0,0,0
1604111381853,9,1010123456029,72,,1,1,8,1,0,,8.28571,21,0,0.021472,8,0,7.25,,0,0,0,0,0,0,0,0,0,,93,50,,0,0,0,0
1604111382103,9,1010123456029,72,,1,1,8,1,0,,7.54545,11,0,0.0159679,5,0,8.33333,,0,0,0,0,0,0,0,0,0,,52,34,,0,0,0,0
1604111382353,9,1010123456029,72,,1,1,8,1,0,,11.1765,34,0,0.0594056,14,0,8,,1.125,16,0,0.1,6,0,0,7.10691,31,,135,86,,0,0,0,1.1875
1604111382603,9,1010123456029,72,,1,1,8,1,0,,5.12903,62,0,0.054008,25,0,5,,0,0,0,0,0,0,0,0,0,,284,160,,0,0,0,0
1604111382853,9,1010123456029,72,,1,1,8,1,0,,6.37037,54,0,0.0378153,20,0,5.5,,0,0,0,0,0,0,0,0,0,,168,104,,0,0,0,0
1604111383103,9,1010123456029,72,,1,1,8,1,0,,5.76923,52,0,0.048064,23,0,5.75,,0,0,0,0,0,0,0,0,0,,147,108,,0,0,0,0
1604111383353,9,1010123456029,72,,1,1,8,1,0,,5.65,20,0,0.021376,8,0,5.75,,0,0,0,0,0,0,0,0,0,,100,66,,0,0,0,0
1604111383603,9,1010123456029,72,,1,1,8,1,0,,5.58333,12,0,0.010624,5,0,6,,15,12,0,0,4,100,0,3.65163,0,,38,28,,0,0,0,10
1604111383853,9,1010123456029,72,,1,1,8,1,0,,5.52688,93,0,0.069696,37,0,5,,0,0,0,0,0,0,0,0,0,,267,186,,0,0,0,0
1604111384103,9,1010123456029,72,,1,1,8,1,0,,8.92857,28,0,0.03744,11,0,7.4,,0,0,0,0,0,0,0,0,0,,75,68,,0,0,0,0
1604111384353,9,1010123456029,72,,1,1,8,1,0,,4.50877,57,62,0.0382329,20,0,5.75,,0,0,0,0,0,0,0,0,0,,131,180,,0,0,0,0
1604111384603,9,1010123456029,72,,1,1,8,1,0,,4.80808,99,0,0.0689157,39,0,8,,0.8,25,0,0.1,10,0,0,9.87573,31,,156,368,,0,0,0,1.24
1604111384853,9,1010123456029,72,,1,1,8,1,0,,7.65385,52,0,0.04656,23,0,6.83333,,0,0,0,0,0,0,0,0,0,,160,106,,0,0,0,0
1604111385103,9,1010123456029,72,,1,1,8,1,0,,7.91892,37,0,0.043168,14,0,6,,0,0,0,0,0,0,0,0,0,,128,92,,0,0,0,0
1604111385353,9,1010123456029,72,,1,1,8,1,0,,5.63333,30,0,0.032256,14,0,6.16667,,11.2381,42,0,0.102336,16,37.5,0,10.7749,31,,98,78,,0,0,0,4.95238
1604111385603,9,1010123456029,72,,1,1,8,1,0,,6.51852,54,0,0.037408,17,0,6.75,,0,0,0,0,0,0,0,0,0,,190,122,,0,0,0,0
1604111385853,9,1010123456029,72,,1,1,8,1,0,,5.81818,33,0,0.038112,18,0,6,,0,0,0,0,0,0,0,0,0,,100,72,,0,0,0,0
1604111386103,9,1010123456029,72,,1,1,8,1,0,,7.83333,60,0,0.058976,22,0,6.5,,0,0,0,0,0,0,0,0,0,,152,126,,0,0,0,0
1604111386353,9,1010123456029,72,,1,1,8,1,0,,9.52381,21,0,0.0371727,11,0,8.8,,0,0,0,0,0,0,0,0,0,,87,70,,0,0,0,0
1604111386603,9,1010123456029,72,,1,1,8,1,0,,3.27869,61,0,0.044224,24,0,5.2,,5,10,0,0.1,4,0,0,9.32275,31,,70,198,,0,0,0,1.9
1604111386853,9,1010123456029,72,,1,1,8,1,0,,2.69811,106,0,0.05344,40,0,4.66667,,0,0,0,0,0,0,0,0,0,,112,400,,0,0,0,0
1604111387103,9,1010123456029,72,,1,1,8,1,0,,11.1923,26,0,0.0396787,12,0,7.75,,0,0,0,0,0,0,0,0,0,,55,50,,0,0,0,0
1604111387353,9,1010123456029,72,,1,1,8,1,0,,6.8,30,0,0.0324177,12,0,8.25,,0,0,0,0,0,0,0,0,0,,91,76,,0,0,0,0
1604111387603,9,1010123456029,72,,1,1,8,1,0,,6.42857,42,0,0.0434378,17,0,6.75,,1.5,14,0,0.1,6,0,0,4.51048,31,,244,120,,0,0,0,1.42857
1604111387853,9,1010123456029,72,,1,1,8,1,0,,9.03226,31,0,0.0380723,12,0,9.33333,,2,3,0,0.1,1,0,0,12.0538,31,,67,58,,0,0,0,1
1604111388103,9,1010123456029,72,,1,1,8,1,0,,11.0312,32,0,0.0481928,13,0,6.33333,,0,0,0,0,0,0,0,0,0,,89,68,,0,0,0,0
1604111388353,9,1010123456029,72,,1,1,8,1,0,,7.41176,17,0,0.0162249,7,0,9.33333,,10.7143,7,0,0.1,3,33.3333,0,13.2612,31,,77,38,,0,0,0,3.57143
1604111388603,9,1010123456029,72,,1,1,8,1,0,,6.875,40,0,0.043245,16,0,6.2,,0,0,0,0,0,0,0,0,0,,90,100,,0,0,0,0
1604111388853,9,1010123456029,72,,1,1,8,1,0,,11.74,50,21,0.0591486,15,0,8.75,,0,0,0,0,0,0,0,0,0,,105,92,,0,0,0,0
1604111389103,9,1010123456029,72,,1,1,8,1,0,,8.74194,31,0,0.053888,18,0,7.5,,0,0,0,0,0,0,0,0,0,,149,82,,0,0,0,0
1604111389353,9,1010123456029,72,,1,1,8,1,0,,10.9032,31,62,0.0372369,11,0,7.5,,11.2,5,0,0.1,2,0,0,15.8844,31,,95,68,,0,0,0,1.6
1604111389603,9,1010123456029,72,,1,1,8,1,0,,8.67742,62,0,0.06576,25,0,6.25,,0,0,0,0,0,0,0,0,0,,192,130,,0,0,0,0
1604111389853,9,1010123456029,72,,1,1,8,1,0,,7.21429,56,0,0.058912,24,0,6.4,,0,0,0,0,0,0,0,0,0,,158,114,,0,0,0,0
1604111390103,9,1010123456029,72,,1,1,8,1,0,,16.2963,27,0,0.036576,11,0,10.6,,0,0,0,0,0,0,0,0,0,,33,32,,0,0,0,0
1604111390353,9,1010123456029,72,,1,1,8,1,0,,6.91892,37,0,0.037824,14,0,6.6,,12.4,5,0,0.1,2,0,0,15.5306,31,,62,106,,0,0,0,1
1604111390603,9,1010123456029,72,,1,1,4,1,0,,12.7143,35,158,0.042496,13,0,8.25,,0,0,0,0,0,0,0,0,0,,80,50,,0,0,0,0
1604111390853,9,1010123456029,72,,1,1,4,1,0,,6.13333,75,88,0.043456,24,0,6.4,,0,0,0,0,0,0,0,0,0,,172,122,,0,0,0,0
1604111391103,9,1010123456029,72,,1,1,4,1,0,,3.45556,90,0,0.035392,39,0,6,,0,0,0,0,0,0,0,0,0,,354,216,,0,0,0,0
1604111391353,9,1010123456029,72,,1,1,4,1,0,,13.0625,16,0,0.031936,10,0,10,,0,0,0,0,0,0,0,0,0,,44,26,,0,0,0,0
1604111391603,9,1010123456029,72,,1,1,4,1,0,,8.48,50,158,0.04384,20,0,6.75,,10.9286,14,0,0.1,5,40,0,7.54958,31,,182,84,,0,0,0,5.28571
1604111391853,9,1010123456029,72,,1,1,4,1,0,,12.5676,37,0,0.037664,14,0,8.42857,,0,0,0,0,0,0,0,0,0,,70,44,,0,0,0,0
1604111392103,9,1010123456029,72,,1,1,4,1,0,,2.96842,95,0,0.030016,36,0,5.75,,0,0,0,0,0,0,0,0,0,,265,240,,0,0,0,0
1604111392353,9,1010123456029,72,,1,1,4,1,0,,5.90476,84,0,0.055008,35,0,7,,4.85714,7,0,0.1,3,0,0,9.85306,31,,106,168,,0,0,0,1
1604111392603,9,1010123456029,72,,1,1,4,1,0,,5.53846,26,217,0.018624,10,0,6.25,,0,0,0,0,0,0,0,0,0,,-19,166,,0,0,0,0
1604111392853,9,1010123456029,72,,1,1,4,1,0,,9.1,30,0,0.030144,15,0,8.33333,,0,0,0,0,0,0,0,0,0,,64,50,,0,0,0,0
1604111393103,9,1010123456029,72,,1,1,4,1,0,,9.18519,54,0,0.0488675,23,0,7,,0,0,0,0,0,0,0,0,0,,210,94,,0,0,0,0
1604111393353,9,1010123456029,72,,1,1,4,1,0,,6.34783,69,0,0.044224,28,0,6.66667,,1.55556,27,0,0.1,12,0,0,8.9795,31,,427,124,,0,0,0,1.07407
1604111393603,9,1010123456029,72,,1,1,4,1,0,,11.36,25,113,0.031488,10,0,5,,0,0,0,0,0,0,0,0,0,,193,46,,0,0,0,0
1604111393853,9,1010123456029,72,,1,1,4,1,0,,6.8254,63,0,0.0495422,27,0,8.33333,,0,0,0,0,0,0,0,0,0,,313,110,,0,0,0,0
1604111394103,9,1010123456029,72,,1,1,4,1,0,,5.10784,102,0,0.0583454,39,0,6.16667,,0,0,0,0,0,0,0,0,0,,203,238,,0,0,0,0
1604111394353,9,1010123456029,72,,1,1,4,1,0,,5.50685,73,0,0.0425382,30,0,7.5,,9.4,5,0,0.1,2,0,0,10.5791,31,,302,124,,0,0,0,2.6
1604111394603,9,1010123456029,72,,1,1,4,1,0,,7.8,60,0,0.0382008,20,0,5.66667,,0,0,0,0,0,0,0,0,0,,217,94,,0,0,0,0
1604111394853,9,1010123456029,72,,1,1,4,1,0,,19.6154,13,0,0.031552,9,0,7.25,,0,0,0,0,0,0,0,0,0,,29,18,,0,0,0,0
1604111395104,9,1010123456029,72,,1,1,4,1,0,,5.4898,49,0,0.0281753,20,0,5,,0,0,0,0,0,0,0,0,0,,247,100,,0,0,0,0
1604111395353,9,1010123456029,72,,1,1,4,1,0,,5.36842,38,0,0.0226506,16,0,7,,0.1,15,0,0.1,7,0,0,4.84271,31,,185,68,,0,0,0,1.13333
1604111395603,9,1010123456029,72,,1,1,4,1,0,,10.7692,39,0,0.0427952,16,0,6.66667,,0.1,5,0,0.1,2,0,0,8.59388,0,,157,72,,0,0,0,1
1604111395853,9,1010123456029,72,,1,1,4,1,0,,5.31148,61,0,0.033728,24,0,6.4,,0,0,0,0,0,0,0,0,0,,116,104,,0,0,0,0
1604111396103,9,1010123456029,72,,1,1,4,1,0,,7.32813,64,0,0.048864,26,0,10.25,,0,0,0,0,0,0,0,0,0,,210,110,,0,0,0,0
1604111396353,9,1010123456029,72,,1,1,4,1,0,,5.16393,61,0,0.038336,24,0,8,,4.85714,7,0,0.1,3,0,0,9.48773,31,,5,176,,0,0,0,1
1604111396603,9,1010123456029,72,,1,1,4,1,0,,10.375,48,0,0.0485141,19,0,7.6,,0,0,0,0,0,0,0,0,0,,141,66,,0,0,0,0
1604111396853,9,1010123456029,72,,1,1,4,1,0,,10.85,20,0,0.021568,8,0,7,,0,0,0,0,0,0,0,0,0,,83,44,,0,0,0,0
1604111397103,9,1010123456029,72,,1,1,4,1,0,,9.13043,46,0,0.03776,18,0,8.25,,0,0,0,0,0,0,0,0,0,,105,62,,0,0,0,0
1604111397353,9,1010123456029,72,,1,1,4,1,0,,9.74,50,0,0.05312,21,0,7,,4.66667,27,0,0.1,11,18.1818,0,7.81651,31,,149,98,,0,0,0,3.48148
1604111397603,9,1010123456029,72,,1,1,4,1,0,,4.14286,105,0,0.046016,42,0,5.6,,0,0,0,0,0,0,0,0,0,,196,238,,0,0,0,0
1604111397853,9,1010123456029,72,,1,1,4,1,0,,7.22034,59,0,0.043968,23,0,8.25,,0,0,0,0,0,0,0,0,0,,137,182,,0,0,0,0
1604111398103,9,1010123456029,72,,1,1,4,1,0,,4.70526,95,156,0.0451084,32,0,5,,0,0,0,0,0,0,0,0,0,,205,248,,0,0,0,0
1604111398353,9,1010123456029,72,,1,1,4,1,0,,6.41489,94,33,0.065408,39,0,7,,0,0,0,0,0,0,0,0,0,,362,212,,0,0,0,0
1604111398603,9,1010123456029,72,,1,1,4,1,0,,3.51351,111,11,0.04416,43,0,6,,5.42857,7,0,0.1,3,0,0,5.82306,31,,259,244,,0,0,0,1.28571
1604111398853,9,1010123456029,72,,1,1,4,1,0,,3.76923,104,0,0.043232,47,0,7.2,,0,0,0,0,0,0,0,0,0,,90,210,,0,0,0,0
1604111399103,9,1010123456029,72,,1,1,4,1,0,,9.94118,51,0,0.0488353,21,0,6,,0,0,0,0,0,0,0,0,0,,298,140,,0,0,0,0
1604111399353,9,1010123456029,72,,1,1,4,1,0,,5.6875,96,224,0.050144,35,0,4.66667,,0,4,148854,0.1,2,0,0,0,31,,23,236,,0,0,0,0
1604111399603,9,1010123456029,72,,1,1,4,1,0,,4.69231,182,0,0.087168,70,0,4.75,,0,14,0,0.1,7,28.5714,0,0,0,,187,432,,0,0,0,0
1604111399853,9,1010123456029,72,,1,1,4,1,0,,9.15385,52,0,0.04512,23,0,6.4,,0,0,0,0,0,0,0,0,0,,258,74,,0,0,0,0
1604111400103,9,1010123456029,72,,1,1,4,1,0,,12.0638,47,0,0.04912,19,0,0.1,,0,0,0,0,0,0,0,0,0,,109,58,,0,0,0,0
1604111400353,9,1010123456029,72,,1,1,4,1,0,,11.9167,24,0,0.0315502,10,0,10,,0,0,0,0,0,0,0,0,0,,65,38,,0,0,0,0
1604111400603,9,1010123456029,72,,1,1,4,1,0,,5.28889,45,0,0.0213012,17,0,6,,9.4,5,0,0.1,2,0,0,10.9195,31,,165,112,,0,0,0,1
1604111400853,9,1010123456029,72,,1,1,4,1,0,,8.95,40,0,0.033984,18,0,6,,0,0,0,0,0,0,0,0,0,,153,66,,0,0,0,0
1604111401103,9,1010123456029,72,,1,1,4,1,0,,5.97826,46,0,0.0277912,18,0,7.33333,,0,0,0,0,0,0,0,0,0,,299,170,,0,0,0,0
1604111401353,9,1010123456029,72,,1,1,4,1,0,,12.6486,37,0,0.0477751,15,0,9,,0.315789,19,0,0.1,8,0,0,3.12235,31,,80,48,,0,0,0,1.26316
1604111401603,9,1010123456029,72,,1,1,4,1,0,,13.1333,30,0,0.042016,12,0,0.1,,0,0,0,0,0,0,0,0,0,,99,40,,0,0,0,0
1604111401853,9,1010123456029,72,,1,1,4,1,0,,12.2069,29,0,0.036928,12,0,9,,0,0,0,0,0,0,0,0,0,,60,38,,0,0,0,0
1604111402103,9,1010123456029,72,,1,1,4,1,0,,15.0909,44,0,0.067808,17,0,0.1,,0,0,0,0,0,0,0,0,0,,104,60,,0,0,0,0
1604111402353,9,1010123456029,72,,1,1,4,1,0,,12.5789,19,158,0.021312,7,0,9,,0.1,28,0,0.1,11,0,0,3.27551,31,,46,28,,0,0,0,1
1604111402603,9,1010123456029,72,,1,1,4,1,0,,13.2381,21,0,0.03152,9,0,8,,0,0,0,0,0,0,0,0,0,,40,32,,0,0,0,0
1604111402853,9,1010123456029,72,,1,1,4,1,0,,15.8696,23,0,0.041632,10,0,9,,0,0,0,0,0,0,0,0,0,,50,36,,0,0,0,0
1604111403103,9,1010123456029,72,,1,1,4,1,0,,13,33,65,0.031776,12,0,9,,0,0,0,0,0,0,0,0,0,,72,42,,0,0,0,0
1604111403353,9,1010123456029,72,,1,1,4,1,0,,14.625,32,0,0.052416,15,0,10.5,,0,0,0,0,0,0,0,0,0,,71,42,,0,0,0,0
1604111403603,9,1010123456029,72,,1,1,4,1,0,,14.1111,18,0,0.026272,7,0,9,,4.5,8,0,0.1,3,0,0,8.60017,31,,48,24,,0,0,0,2.375
1604111403853,9,1010123456029,72,,1,1,4,1,0,,14.64,25,0,0.03664,10,0,0.1,,0,0,0,0,0,0,0,0,0,,54,34,,0,0,0,0
1604111404103,9,1010123456029,72,,1,1,4,1,0,,14.5172,29,0,0.041792,11,0,6.5,,0,0,0,0,0,0,0,0,0,,48,38,,0,0,0,0
1604111404353,9,1010123456029,72,,1,1,4,1,0,,12.5294,34,0,0.042528,13,0,0.1,,0,0,0,0,0,0,0,0,0,,70,44,,0,0,0,0
1604111404603,9,1010123456029,72,,1,1,4,1,0,,13.5,32,0,0.042208,13,0,0.1,,0.1,26,0,0.1,10,0,0,5.99231,31,,79,42,,0,0,0,1
1604111404853,9,1010123456029,72,,1,1,4,1,0,,18,8,0,0.015456,3,0,0.1,,0,0,0,0,0,0,0,0,0,,12,12,,0,0,0,0
1604111405103,9,1010123456029,72,,1,1,4,1,0,,13.2143,14,0,0.02112,6,0,9,,0,0,0,0,0,0,0,0,0,,35,20,,0,0,0,0
1604111405353,9,1010123456029,72,,1,1,4,1,0,,14.9565,23,0,0.041728,10,0,9,,0.1,19,0,0.1,8,0,0,5.81378,31,,52,36,,0,0,0,1
1604111405603,9,1010123456029,72,,1,1,4,1,0,,13.8125,16,0,0.0263775,7,0,9,,1.2,5,0,0.1,2,0,0,3.26503,0,,36,24,,0,0,0,1
1604111405853,9,1010123456029,72,,1,1,4,1,0,,14.25,16,0,0.0262811,7,0,0.1,,0,0,0,0,0,0,0,0,0,,28,24,,0,0,0,0
1604111406103,9,1010123456029,72,,1,1,4,1,0,,12.0667,15,0,0.015936,6,0,8,,0,0,0,0,0,0,0,0,0,,37,20,,0,0,0,0
1604111406353,9,1010123456029,72,,1,1,4,1,0,,12.3529,17,0,0.015936,6,0,0.1,,0.1,15,0,0.1,6,0,0,6.38196,31,,82,30,,0,0,0,1
1604111406603,9,1010123456029,72,,1,1,4,1,0,,2.0791,177,0,0.054976,73,0,3.75,,2.85714,7,0,0.1,3,0,0,5.82274,0,,131,408,,0,0,0,1.57143
1604111406853,9,1010123456029,72,,1,1,4,1,0,,5.72727,55,0,0.03312,22,0,7,,0,0,0,0,0,0,0,0,0,,277,92,,0,0,0,0
1604111407103,9,1010123456029,72,,1,1,4,1,0,,13.0526,19,0,0.0213976,7,0,9,,0,0,0,0,0,0,0,0,0,,39,24,,0,0,0,0
1604111407353,9,1010123456029,72,,1,1,4,1,0,,6.5875,80,68,0.0496386,30,0,5,,1.125,16,0,0.1,6,0,0,5.24304,31,,527,160,,0,0,0,1.1875
1604111407603,9,1010123456029,72,,1,1,4,1,0,,5.7449,98,0,0.061012,41,0,7.66667,,0,0,0,0,0,0,0,0,0,,299,204,,0,0,0,0
1604111407853,9,1010123456029,72,,1,1,4,1,0,,16.3667,30,0,0.0442731,10,0,9,,0,0,0,0,0,0,0,0,0,,95,46,,0,0,0,0
1604111408103,9,1010123456029,72,,1,1,4,1,0,,14.5789,19,0,0.039488,10,0,0.1,,0,0,0,0,0,0,0,0,0,,60,32,,0,0,0,0
1604111408353,9,1010123456029,72,,1,1,4,1,0,,13.6923,26,0,0.03168,9,0,9,,0,0,0,0,0,0,0,0,0,,66,34,,0,0,0,0
1604111408603,9,1010123456029,72,,1,1,4,1,0,,16.0625,16,0,0.0364659,8,0,0.1,,0.583333,24,0,0.1,9,0,0,4.48945,31,,51,26,,0,0,0,1.08333
1604111408853,9,1010123456029,72,,1,1,4,1,0,,13.2683,41,0,0.048,15,0,0.1,,0,0,0,0,0,0,0,0,0,,86,58,,0,0,0,0
1604111409103,9,1010123456029,72,,1,1,4,1,0,,12.8929,28,0,0.0371084,12,0,0.1,,0,0,0,0,0,0,0,0,0,,62,38,,0,0,0,0
1604111409353,9,1010123456029,72,,1,1,4,1,0,,12.8824,17,0,0.026528,8,0,0.1,,1.28571,14,0,0.1,6,0,0,5.93068,31,,28,32,,0,0,0,1
1604111409603,9,1010123456029,72,,1,1,4,1,0,,12.9583,24,0,0.031872,10,0,0.1,,0,0,0,0,0,0,0,0,0,,43,34,,0,0,0,0
1604111409853,9,1010123456029,72,,1,1,4,1,0,,15.7857,14,0,0.020864,5,0,0.1,,0,0,0,0,0,0,0,0,0,,17,18,,0,0,0,0
1604111410103,9,1010123456029,72,,1,1,4,1,0,,13.9394,33,0,0.052512,14,0,8,,0,0,0,0,0,0,0,0,0,,85,54,,0,0,0,0
1604111410353,9,1010123456029,72,,1,1,4,1,0,,11.7586,58,0,0.064064,24,0,0.1,,3.85714,7,0,0.1,3,0,0,6.65443,31,,140,80,,0,0,0,1
1604111410603,9,1010123456029,72,,1,1,4,1,0,,11.5333,45,0,0.0427309,16,0,0.1,,0,0,0,0,0,0,0,0,0,,121,66,,0,0,0,0
1604111410853,9,1010123456029,72,,1,1,4,1,0,,17.186,43,0,0.072672,17,0,15,,0,0,0,0,0,0,0,0,0,,45,56,,0,0,0,0
1604111411103,9,1010123456029,72,,1,1,4,1,0,,18,23,0,0.0517269,10,0,0.1,,0,0,0,0,0,0,0,0,0,,33,36,,0,0,0,0
1604111411353,9,1010123456029,72,,1,1,4,1,0,,17.7368,19,0,0.031072,7,0,0.1,,0,0,0,0,0,0,0,0,0,,18,24,,0,0,0,0
1604111411603,9,1010123456029,72,,1,1,4,1,0,,16.2778,18,0,0.031168,7,0,9,,0,0,0,0,0,0,0,0,0,,33,26,,0,0,0,0
1604111411853,9,1010123456029,72,,1,1,4,1,0,,7.22034,118,0,0.087104,47,0,7.5,,3.5,8,0,0.1,3,0,0,8.69036,31,,210,194,,0,0,0,1.75
1604111412103,9,1010123456029,72,,1,1,4,1,0,,16.2593,27,0,0.05168,11,0,0.1,,0,0,0,0,0,0,0,0,0,,52,42,,0,0,0,0
1604111412353,9,1010123456029,72,,1,1,4,1,0,,12.4048,42,0,0.0478394,16,0,9,,1.07692,13,0,0.1,6,0,0,6.51471,31,,110,58,,0,0,0,1.30769
1604111412603,9,1010123456029,72,,1,1,4,1,0,,13.7273,22,0,0.037012,10,0,0.1,,0,0,0,0,0,0,0,0,0,,47,32,,0,0,0,0
1604111412853,9,1010123456029,72,,1,1,4,1,0,,13.8421,38,0,0.052448,14,0,0.1,,0,0,0,0,0,0,0,0,0,,92,54,,0,0,0,0
1604111413103,9,1010123456029,72,,1,1,4,1,0,,11.9259,27,65,0.0321606,11,0,0.1,,0,0,0,0,0,0,0,0,0,,54,34,,0,0,0,0
1604111413354,9,1010123456029,72,,1,1,4,1,0,,13.8108,37,0,0.0528,16,0,9,,0.875,24,0,0.1,9,33.3333,0,4.90608,31,,71,50,,0,0,0,4
1604111413603,9,1010123456029,72,,1,1,4,1,0,,13.3889,36,0,0.0478072,15,0,0.1,,2.1,10,0,0.1,4,0,0,1.87507,0,,91,48,,0,0,0,2.2
1604111413853,9,1010123456029,72,,1,1,4,1,0,,10.3729,59,79,0.0577349,19,0,4.5,,0,0,0,0,0,0,0,0,0,,136,102,,0,0,0,0
1604111414103,9,1010123456029,72,,1,1,4,1,0,,5.28302,53,0,0.0344739,26,0,0.1,,0,0,0,0,0,0,0,0,0,,182,74,,0,0,0,0
1604111414353,9,1010123456029,72,,1,1,4,1,0,,9.5102,49,0,0.0431486,20,0,8,,1.53846,26,0,0.1,10,10,0,5.81978,31,,145,68,,0,0,0,1.69231
1604111414603,9,1010123456029,72,,1,1,4,1,0,,12.0541,37,0,0.032192,13,0,0.1,,0,0,0,0,0,0,0,0,0,,76,44,,0,0,0,0
1604111414853,9,1010123456029,72,,1,1,4,1,0,,7.07317,82,0,0.0611727,35,0,6.5,,0,0,0,0,0,0,0,0,0,,357,126,,0,0,0,0
1604111415103,9,1010123456029,72,,1,1,4,1,0,,12,53,0,0.0536,21,0,0.1,,0,0,0,0,0,0,0,0,0,,119,68,,0,0,0,0
1604111415353,9,1010123456029,72,,1,1,4,1,0,,11.7368,38,0,0.037472,15,0,8,,2,6,0,0.1,3,0,0,8.21314,31,,105,56,,0,0,0,1.5
1604111415603,9,1010123456029,72,,1,1,4,1,0,,12,46,0,0.047968,18,0,6.5,,7.4375,16,0,0.1,6,66.6667,0,4.98789,0,,145,58,,0,0,0,7.75
1604111415853,9,1010123456029,72,,1,1,4,1,0,,7.14151,106,0,0.071456,42,0,8,,0,0,0,0,0,0,0,0,0,,445,164,,0,0,0,0
1604111416103,9,1010123456029,72,,1,1,4,1,0,,3.08475,59,140,0.021984,19,0,2.5,,0,0,0,0,0,0,0,0,0,,110,114,,0,0,0,0
1604111416353,9,1010123456029,72,,1,1,4,1,0,,4.41667,120,0,0.057952,52,0,5,,0.1,24,0,0.1,10,0,0,3.91957,31,,191,228,,0,0,0,1
1604111416603,9,1010123456029,72,,1,1,4,1,0,,10.6296,27,0,0.0328,13,0,0.1,,0,0,0,0,0,0,0,0,0,,87,42,,0,0,0,0
1604111416853,9,1010123456029,72,,1,1,4,1,0,,10.6579,38,0,0.0376,15,0,8,,0,0,0,0,0,0,0,0,0,,188,60,,0,0,0,0
1604111417103,9,1010123456029,72,,1,1,4,1,0,,9.66667,21,0,0.016096,8,0,0.1,,0,0,0,0,0,0,0,0,0,,56,26,,0,0,0,0
1604111417353,9,1010123456029,72,,1,1,4,1,0,,12.1842,38,0,0.0374618,14,0,0.1,,1.06667,30,0,0.1,13,30.7692,0,3.4617,31,,88,54,,0,0,0,3.56667
1604111417603,9,1010123456029,72,,1,1,4,1,0,,11.5814,43,0,0.0534618,20,0,0.1,,0,0,0,0,0,0,0,0,0,,138,58,,0,0,0,0
1604111417853,9,1010123456029,72,,1,1,4,1,0,,2.79221,154,0,0.050528,56,0,3,,0,0,0,0,0,0,0,0,0,,109,268,,0,0,0,0
1604111418103,9,1010123456029,72,,1,1,4,1,0,,2.22785,158,0,0.056736,69,0,10,,0,0,0,0,0,0,0,0,0,,139,484,,0,0,0,0
1604111418353,9,1010123456029,72,,1,1,4,1,0,,11.725,40,0,0.047776,16,0,7,,0.1,19,0,0.1,8,0,0,3.79318,31,,171,70,,0,0,0,1.36842
1604111418603,9,1010123456029,72,,1,1,4,1,0,,10.3913,69,0,0.0625863,24,0,8.5,,5.72727,11,0,0.1,4,50,0,5.06588,0,,305,114,,0,0,0,5.90909
1604111418853,9,1010123456029,72,,1,1,4,1,0,,11.7407,27,0,0.028512,13,0,8,,0,0,0,0,0,0,0,0,0,,51,32,,0,0,0,0
1604111419103,9,1010123456029,72,,1,1,4,1,0,,11.2581,31,0,0.0322249,13,0,0.1,,0,0,0,0,0,0,0,0,0,,79,40,,0,0,0,0
1604111419353,9,1010123456029,72,,1,1,4,1,0,,11.5345,58,158,0.0587309,23,0,0.1,,0.181818,22,0,0.1,9,11.1111,0,1.59325,31,,226,76,,0,0,0,2.40909
1604111419603,9,1010123456029,72,,1,1,4,1,0,,11.5,38,0,0.0375904,15,0,8,,0,0,0,0,0,0,0,0,0,,96,50,,0,0,0,0
1604111419853,9,1010123456029,72,,1,1,4,1,0,,12.7879,33,0,0.0375582,13,0,0.1,,0,0,0,0,0,0,0,0,0,,73,42,,0,0,0,0
1604111420103,9,1010123456029,72,,1,1,4,1,0,,12.6471,34,0,0.037312,14,0,8,,0,0,0,0,0,0,0,0,0,,82,42,,0,0,0,0
1604111420353,9,1010123456029,72,,1,1,4,1,0,,11.1667,24,0,0.021536,9,0,0.1,,0,0,0,0,0,0,0,0,0,,49,28,,0,0,0,0
1604111420603,9,1010123456029,72,,1,1,2,1,0,,12,31,0,0.0269237,12,0,7,,1.81818,33,0,0.1,13,30.7692,0,4.40731,31,,67,32,,0,0,0,4.51515
1604111420853,9,1010123456029,72,,1,1,2,1,0,,1.48756,201,396,0.021536,75,0,4.66667,,0,0,0,0,0,0,0,0,0,,-113,224,,0,0,0,0
1604111421103,9,1010123456029,72,,1,1,2,1,0,,3.96273,161,0,0.0424096,71,0,8,,0,0,0,0,0,0,0,0,0,,122,176,,0,0,0,0
1604111421353,9,1010123456029,72,,1,1,2,1,0,,11.7143,70,0,0.040352,26,0,8,,0.1,21,0,0.1,9,0,0,3.37124,31,,179,56,,0,0,0,1.80952
1604111421603,9,1010123456029,72,,1,1,2,1,0,,11.037,54,0,0.0368193,24,0,0.1,,0,0,0,0,0,0,0,0,0,,143,48,,0,0,0,0
1604111421853,9,1010123456029,72,,1,1,2,1,0,,12.3226,31,0,0.0218153,13,0,8,,0,0,0,0,0,0,0,0,0,,81,26,,0,0,0,0
1604111422103,9,1010123456029,72,,1,1,2,1,0,,10.7944,107,0,0.0608,43,0,7,,0,0,0,0,0,0,0,0,0,,426,98,,0,0,0,0
1604111422353,9,1010123456029,72,,1,1,2,1,0,,9.76923,78,0,0.033792,28,0,0.1,,0,0,0,0,0,0,0,0,0,,399,74,,0,0,0,0
1604111422603,9,1010123456029,72,,1,1,2,1,0,,14.4531,64,0,0.06448,31,0,10,,3,41,0,0.1,16,37.5,0,4.39292,31,,224,62,,0,0,0,4.31707
1604111422853,9,1010123456029,72,,1,1,2,1,0,,11.4286,35,0,0.021888,14,0,9,,0,0,0,0,0,0,0,0,0,,101,28,,0,0,0,0
1604111423103,9,1010123456029,72,,1,1,2,1,0,,11.5091,55,0,0.03824,23,0,0.1,,0,0,0,0,0,0,0,0,0,,119,46,,0,0,0,0
1604111423353,9,1010123456029,72,,1,1,2,1,0,,5.70455,220,0,0.061536,85,0,4.33333,,0.1,17,0,0.1,7,0,0,2.1059,31,,139,310,,0,0,0,1.35294
1604111423603,9,1010123456029,72,,1,1,2,1,0,,8.2353,85,0,0.0400964,38,0,7,,0,2,0,0.1,1,0,0,0,0,,271,78,,0,0,0,0
1604111423853,9,1010123456029,72,,1,1,2,1,0,,3.91626,203,207,0.042368,74,0,4,,0,0,0,0,0,0,0,0,0,,415,204,,0,0,0,0
1604111424103,9,1010123456029,72,,1,1,2,1,0,,1,304,932,0.028896,129,0,2.33333,,0,0,0,0,0,0,0,0,0,,-251,436,,0,0,0,0
1604111424353,9,1010123456029,72,,1,1,2,1,0,,0,0,2810,0,0,0,0.1,,0,0,0,0,0,0,0,0,0,,-250,450,,0,0,0,0
1604111424603,9,1010123456029,72,,1,1,2,1,0,,0,0,4062,0,0,0,0.1,,0,0,0,0,0,0,0,0,0,,-250,458,,0,0,0,0
1604111424853,9,1010123456029,72,,1,1,2,1,0,,17.5112,178,0,0.179808,72,0,10,,1.8125,16,0,0.1,6,0,0,5.44018,31,,-4,226,,0,0,0,1.6875
1604111425103,9,1010123456029,72,,1,1,2,1,0,,17.1154,26,0,0.0267631,11,0,0.1,,0,0,0,0,0,0,0,0,0,,61,22,,0,0,0,0
1604111425353,9,1010123456029,72,,1,1,2,1,0,,8.98529,136,110,0.067584,47,0,5.33333,,0,0,0,0,0,0,0,0,0,,98,144,,0,0,0,0
1604111425603,9,1010123456029,72,,1,1,2,1,0,,1,187,351,0.0186667,83,0,2.5,,2.45455,33,0,0.1,11,45.4545,0,3.75894,31,,-68,470,,0,0,0,5.72727
1604111425853,9,1010123456029,72,,1,1,2,1,0,,0,0,1760,0,0,0,0.1,,0,0,0,0,0,0,0,0,0,,-250,420,,0,0,0,0
1604111426103,9,1010123456029,72,,1,1,2,1,0,,14.6036,111,158,0.0926265,45,0,6,,0,0,0,0,0,0,0,0,0,,-136,420,,0,0,0,0
1604111426353,9,1010123456029,72,,1,1,2,1,0,,2.30769,143,0,0.0225542,57,0,8,,0.166667,24,0,0.1,9,11.1111,0,3.32693,31,,284,132,,0,0,0,3.875
1604111426603,9,1010123456029,72,,1,1,2,1,0,,12,16,0,0.0109558,7,0,0.1,,0,6,0,0.1,3,33.3333,0,0,0,,48,16,,0,0,0,0
1604111426853,9,1010123456029,72,,1,1,2,1,0,,12.0144,139,0,0.0930763,57,0,8,,0,0,0,0,0,0,0,0,0,,569,116,,0,0,0,0
1604111427103,9,1010123456029,72,,1,1,2,1,0,,12.1509,53,0,0.0274056,17,0,0.1,,0,0,0,0,0,0,0,0,0,,149,42,,0,0,0,0
1604111427353,9,1010123456029,72,,1,1,2,1,0,,12.2424,33,0,0.027264,16,0,0.1,,0.736842,19,0,0.1,8,0,0,4.53076,31,,122,26,,0,0,0,2.10526
1604111427603,9,1010123456029,72,,1,1,2,1,0,,11.2,45,0,0.027392,18,0,0.1,,0,0,0,0,0,0,0,0,0,,99,36,,0,0,0,0
1604111427853,9,1010123456029,72,,1,1,2,1,0,,12.2222,72,0,0.049152,30,0,5,,0,0,0,0,0,0,0,0,0,,249,62,,0,0,0,0
1604111428103,9,1010123456029,72,,1,1,2,1,0,,5.30097,103,0,0.025152,40,0,0.1,,0,0,0,0,0,0,0,0,0,,519,94,,0,0,0,0
1604111428353,9,1010123456029,72,,1,1,2,1,0,,8.47917,48,0,0.022784,21,0,12,,0,0,0,0,0,0,0,0,0,,265,44,,0,0,0,0
1604111428603,9,1010123456029,72,,1,1,2,1,0,,17.45,40,0,0.037312,14,0,0.1,,0,0,0,0,0,0,0,0,0,,50,32,,0,0,0,0
1604111428853,9,1010123456029,72,,1,1,2,1,0,,16.85,20,0,0.026688,10,0,0.1,,0,0,0,0,0,0,0,0,0,,38,16,,0,0,0,0
1604111429103,9,1010123456029,72,,1,1,2,1,0,,18.1915,47,0,0.042752,16,0,0.1,,0,0,0,0,0,0,0,0,0,,114,46,,0,0,0,0
1604111429353,9,1010123456029,72,,1,1,2,1,0,,17.75,44,0,0.058368,20,0,0.1,,2.25,32,0,0.1,14,35.7143,0,2.33589,31,,67,34,,0,0,0,4.84375
1604111429603,9,1010123456029,72,,1,1,2,1,0,,6.74336,113,0,0.041536,47,0,6.5,,0.1,21,0,0.1,9,11.1111,0,4.86753,31,,794,120,,0,0,0,1.95238
1604111429853,9,1010123456029,72,,1,1,2,1,0,,14.377,61,315,0.048512,24,0,6,,0,0,0,0,0,0,0,0,0,,118,78,,0,0,0,0
1604111430103,9,1010123456029,72,,1,1,2,1,0,,15.3896,77,140,0.064384,30,0,10,,0,0,0,0,0,0,0,0,0,,217,160,,0,0,0,0
1604111430353,9,1010123456029,72,,1,1,2,1,0,,9.97872,94,0,0.05008,38,0,7,,0,8,0,0,4,100,0,0,0,,261,74,,0,0,0,0
1604111430603,9,1010123456029,72,,1,1,2,1,0,,12.0938,64,0,0.04368,27,0,8,,0,0,0,0,0,0,0,0,0,,293,54,,0,0,0,0
1604111430853,9,1010123456029,72,,1,1,2,1,0,,11.3836,73,0,0.0439839,29,0,0.1,,0,0,0,0,0,0,0,0,0,,211,58,,0,0,0,0
1604111431103,9,1010123456029,72,,1,1,2,1,0,,13.7778,18,157,0.010816,6,0,10,,0,0,0,0,0,0,0,0,0,,94,16,,0,0,0,0
1604111431353,9,1010123456029,72,,1,1,2,1,0,,14.6596,47,0,0.043008,20,0,0.1,,0.1,3,0,0.1,1,0,0,3.87291,31,,93,36,,0,0,0,1
1604111431603,9,1010123456029,72,,1,1,2,1,0,,16.55,40,0,0.0346667,14,0,0.1,,1.7931,29,0,0.1,11,18.1818,0,5.55357,31,,67,32,,0,0,0,2.82759
1604111431853,9,1010123456029,72,,1,1,2,1,0,,16.6364,44,0,0.0456867,19,0,0.1,,0,0,0,0,0,0,0,0,0,,99,42,,0,0,0,0
1604111432103,8,1010123456029,72,,1,1,2,1,0,,14.4559,68,73,0.059168,29,0,7,,0,0,0,0,0,0,0,0,0,,119,58,,0,0,0,0
1604111432353,8,1010123456029,72,,1,1,2,1,0,,6.81761,159,315,0.058988,66,0,4,,0,0,0,0,0,0,0,0,0,,216,200,,0,0,0,0
1604111432603,8,1010123456029,72,,1,1,2,1,0,,14.0909,55,0,0.0434056,22,0,9,,0.421053,19,0,0.1,8,12.5,0,5.26575,31,,50,150,,0,0,0,2.36842
1604111432853,8,1010123456029,72,,1,1,2,1,0,,14.2778,72,0,0.059168,29,0,9.5,,0,0,0,0,0,0,0,0,0,,104,60,,0,0,0,0
1604111433103,8,1010123456029,72,,1,1,2,1,0,,13.1235,81,60,0.054624,30,0,0.1,,0,0,0,0,0,0,0,0,0,,90,66,,0,0,0,0
1604111433354,8,1010123456029,72,,1,1,2,1,0,,12.9796,49,0,0.038247,21,0,9,,0.1,18,0,0.1,7,0,0,5.66223,31,,48,36,,0,0,0,1
1604111433603,8,1010123456029,72,,1,1,2,1,0,,15.3333,33,0,0.0269558,13,0,10,,2.8,5,0,0.1,2,0,0,6.59778,0,,44,26,,0,0,0,1
1604111433853,8,1010123456029,72,,1,1,2,1,0,,9.38679,106,0,0.050912,43,0,3,,0,0,0,0,0,0,0,0,0,,265,92,,0,0,0,0
1604111434103,8,1010123456029,72,,1,1,2,1,0,,7.62617,107,0,0.040704,43,0,6,,0,0,0,0,0,0,0,0,0,,30,298,,0,0,0,0
1604111434353,8,1010123456029,72,,1,1,2,1,0,,12.1875,96,0,0.065728,40,0,8,,0.1,24,0,0.1,10,0,0,4.98073,31,,204,82,,0,0,0,1.125
1604111434603,8,1010123456029,72,,1,1,2,1,0,,7.19048,63,158,0.0235823,26,0,3.5,,0,0,0,0,0,0,0,0,0,,174,88,,0,0,0,0
1604111434853,8,1010123456029,72,,1,1,2,1,0,,15.1053,38,0,0.032416,15,0,9.5,,0,0,0,0,0,0,0,0,0,,12,116,,0,0,0,0
1604111435103,8,1010123456029,72,,1,1,2,1,0,,10.9434,53,0,0.033024,22,0,8.66667,,0,0,0,0,0,0,0,0,0,,85,46,,0,0,0,0
1604111435353,8,1010123456029,72,,1,1,2,1,0,,15.449,49,158,0.043168,20,0,10.3333,,1,21,0,0.1,8,0,0,6.17043,31,,54,40,,0,0,0,1.28571
1604111435603,8,1010123456029,72,,1,1,2,1,0,,10.7551,98,19,0.05472,33,0,7.33333,,0.1,5,0,0.1,2,0,0,6.80833,0,,196,90,,0,0,0,1
1604111435853,8,1010123456029,72,,1,1,2,1,0,,9.21698,106,0,0.0569639,48,0,5,,0,0,0,0,0,0,0,0,0,,270,246,,0,0,0,0
1604111436103,8,1010123456029,72,,1,1,2,1,0,,8.69388,98,0,0.045632,40,0,7.33333,,0,0,0,0,0,0,0,0,0,,234,98,,0,0,0,0
1604111436353,8,1010123456029,72,,1,1,2,1,0,,8.83784,74,0,0.034176,30,0,7,,3,10,0,0.1,4,0,0,4.72684,31,,167,66,,0,0,0,1.2
1604111436603,8,1010123456029,72,,1,1,2,1,0,,11.2222,27,0,0.01648,11,0,0.1,,0,0,0,0,0,0,0,0,0,,41,22,,0,0,0,0
1604111436853,8,1010123456029,72,,1,1,2,1,0,,9.2388,67,0,0.0337992,27,0,8,,0,0,0,0,0,0,0,0,0,,126,56,,0,0,0,0
1604111437103,8,1010123456029,72,,1,1,2,1,0,,16.9167,60,0,0.058464,24,0,6.5,,0,0,0,0,0,0,0,0,0,,54,206,,0,0,0,0
1604111437353,8,1010123456029,72,,1,1,2,1,0,,16.2258,31,0,0.032,13,0,10.5,,1.875,24,0,0.1,11,9.09091,0,6.33771,31,,32,26,,0,0,0,2.125
1604111437603,8,1010123456029,72,,1,1,2,1,0,,16.8667,15,0,0.015936,6,0,11,,0,0,0,0,0,0,0,0,0,,16,12,,0,0,0,0
1604111437853,8,1010123456029,72,,1,1,2,1,0,,10.925,80,0,0.044576,32,0,8.25,,0,0,0,0,0,0,0,0,0,,149,70,,0,0,0,0
1604111438103,8,1010123456029,72,,1,1,2,1,0,,13.7833,60,0,0.048576,24,0,9,,0,0,0,0,0,0,0,0,0,,109,56,,0,0,0,0
1604111438353,8,1010123456029,72,,1,1,2,1,0,,14.4259,54,0,0.043072,22,0,10,,8.2,5,0,0.1,2,0,0,11.1314,31,,84,44,,0,0,0,1.8
1604111438603,8,1010123456029,72,,1,1,2,1,0,,16,17,0,0.0160964,7,0,10.3333,,0,0,0,0,0,0,0,0,0,,18,14,,0,0,0,0
1604111438853,8,1010123456029,72,,1,1,2,1,0,,17.4062,32,0,0.026656,11,0,9.5,,0,0,0,0,0,0,0,0,0,,42,26,,0,0,0,0
1604111439103,8,1010123456029,72,,1,1,2,1,0,,14.4375,48,0,0.04336,21,0,9,,0,0,0,0,0,0,0,0,0,,73,46,,0,0,0,0
1604111439353,8,1010123456029,72,,1,1,2,1,0,,9.625,128,0,0.0620723,51,0,8.5,,1.61905,21,0,0.1,8,0,0,7.27183,31,,310,116,,0,0,0,1.42857
1604111439603,8,1010123456029,72,,1,1,2,1,0,,10.3833,120,0,0.0650602,47,0,9.66667,,0,0,0,0,0,0,0,0,0,,233,104,,0,0,0,0
1604111439853,8,1010123456029,72,,1,1,2,1,0,,12.6852,54,0,0.04,24,0,8.5,,0,0,0,0,0,0,0,0,0,,93,50,,0,0,0,0
1604111440103,8,1010123456029,72,,1,1,2,1,0,,14.2632,57,38,0.043328,22,0,9.4,,0,0,0,0,0,0,0,0,0,,77,50,,0,0,0,0
1604111440353,8,1010123456029,72,,1,1,2,1,0,,9.91579,95,0,0.0504739,39,0,8.5,,6,7,0,0.1,3,0,0,9.68922,31,,231,82,,0,0,0,1.28571
1604111440603,8,1010123456029,72,,1,1,2,1,0,,11.4375,80,0,0.048128,31,0,8,,0,0,0,0,0,0,0,0,0,,120,66,,0,0,0,0
1604111440853,8,1010123456029,72,,1,1,2,1,0,,13.0741,54,0,0.0392932,22,0,8.83333,,0,0,0,0,0,0,0,0,0,,76,42,,0,0,0,0
1604111441103,8,1010123456029,72,,1,1,2,1,0,,14.2667,60,0,0.04848,24,0,9.8,,0,0,0,0,0,0,0,0,0,,101,48,,0,0,0,0
1604111441353,8,1010123456029,72,,1,1,2,1,0,,10.5846,65,0,0.038656,26,0,8.83333,,1.57895,19,0,0.1,7,14.2857,0,9.43845,31,,133,54,,0,0,0,1.94737
1604111441603,8,1010123456029,72,,1,1,2,1,0,,14.641,39,0,0.032512,16,0,8.33333,,0.666667,9,0,0.1,4,75,0,1.56776,0,,35,84,,0,0,0,7
1604111441853,8,1010123456029,72,,1,1,2,1,0,,8.26437,87,0,0.0398394,35,0,8,,0,0,0,0,0,0,0,0,0,,239,74,,0,0,0,0
1604111442103,8,1010123456029,72,,1,1,2,1,0,,10.3646,96,0,0.0494137,37,0,7.6,,0,0,0,0,0,0,0,0,0,,363,112,,0,0,0,0
1604111442353,8,1010123456029,72,,1,1,2,1,0,,10.7895,38,0,0.022816,16,0,9.83333,,2.11765,17,0,0.1,7,0,0,9.05395,31,,53,30,,0,0,0,2.05882
1604111442603,8,1010123456029,72,,1,1,2,1,0,,11.4561,57,0,0.03296,22,0,8.6,,0.1,5,0,0.1,2,0,0,11.0705,0,,116,54,,0,0,0,1
1604111442853,8,1010123456029,72,,1,1,2,1,0,,9.70476,105,0,0.05072,42,0,7.85714,,0,0,0,0,0,0,0,0,0,,233,90,,0,0,0,0
1604111443103,8,1010123456029,72,,1,1,2,1,0,,15.4091,44,0,0.0376,18,0,8.83333,,0,0,0,0,0,0,0,0,0,,71,36,,0,0,0,0
1604111443353,8,1010123456029,72,,1,1,2,1,0,,11.486,107,0,0.06064,41,0,8.2,,6.07143,14,0,0.1,6,33.3333,0,8.67057,31,,365,120,,0,0,0,4.14286
1604111443603,8,1010123456029,72,,1,1,2,1,0,,11.127,63,0,0.038624,26,0,9.2,,0,0,0,0,0,0,0,0,0,,165,78,,0,0,0,0
1604111443853,8,1010123456029,72,,1,1,2,1,0,,11.6429,28,0,0.016608,11,0,7.66667,,0,0,0,0,0,0,0,0,0,,46,22,,0,0,0,0
1604111444103,8,1010123456029,72,,1,1,2,1,0,,7.42697,89,0,0.0348916,36,0,7.83333,,0,0,0,0,0,0,0,0,0,,101,94,,0,0,0,0
1604111444353,8,1010123456029,72,,1,1,2,1,0,,16.7209,43,0,0.04256,17,0,10.6,,14,9,0,0,3,100,0,7.37466,0,,47,34,,0,0,0,10
1604111444603,8,1010123456029,72,,1,1,2,1,0,,15.9714,35,0,0.032032,14,0,8.83333,,14,3,0,0,1,100,0,8.08784,0,,52,28,,0,0,0,10
1604111444853,8,1010123456029,72,,1,1,2,1,0,,10.1667,18,0,0.0111486,8,0,8.14286,,0,0,0,0,0,0,0,0,0,,30,16,,0,0,0,0
1604111445103,8,1010123456029,72,,1,1,2,1,0,,11.9647,85,0,0.046432,28,0,9.16667,,0,0,0,0,0,0,0,0,0,,225,82,,0,0,0,0
1604111445353,8,1010123456029,72,,1,1,2,1,0,,13.5476,42,0,0.0412209,24,0,9.66667,,2.64286,14,0,0.1,5,0,0,10.3018,31,,56,34,,0,0,0,1
1604111445603,8,1010123456029,72,,1,1,2,1,0,,10.7458,59,0,0.033312,24,0,7.8,,0,0,0,0,0,0,0,0,0,,120,48,,0,0,0,0
1604111445853,8,1010123456029,72,,1,1,2,1,0,,11.7115,52,0,0.0327711,20,0,8.33333,,0,0,0,0,0,0,0,0,0,,98,46,,0,0,0,0
1604111446103,8,1010123456029,72,,1,1,2,1,0,,10.6136,88,5,0.0415422,29,0,8.83333,,0,0,0,0,0,0,0,0,0,,187,74,,0,0,0,0
1604111446353,8,1010123456029,72,,1,1,2,1,0,,11.625,48,0,0.04151,26,0,9,,0,0,0,0,0,0,0,0,0,,82,38,,0,0,0,0
1604111446603,8,1010123456029,72,,1,1,2,1,0,,10.5542,83,0,0.04448,33,0,8.33333,,10,5,0,0.1,2,0,0,10.2082,31,,161,70,,0,0,0,1.6
1604111446853,8,1010123456029,72,,1,1,2,1,0,,9.88608,79,0,0.039296,32,0,7.14286,,0,0,0,0,0,0,0,0,0,,170,72,,0,0,0,0
1604111447103,8,1010123456029,72,,1,1,2,1,0,,9.44144,111,0,0.0511165,45,0,7,,0,0,0,0,0,0,0,0,0,,321,116,,0,0,0,0
1604111447353,8,1010123456029,72,,1,1,2,1,0,,9.32,100,147,0.045376,40,0,5.83333,,3,8,0,0.1,3,0,0,15.3467,31,,301,112,,0,0,0,1
1604111447603,8,1010123456029,72,,1,1,2,1,0,,13.9574,47,0,0.032512,18,0,10,,0,0,0,0,0,0,0,0,0,,63,38,,0,0,0,0
1604111447853,8,1010123456029,72,,1,1,2,1,0,,9.65909,88,17,0.044576,33,0,7.42857,,0,0,0,0,0,0,0,0,0,,175,78,,0,0,0,0
1604111448103,8,1010123456029,72,,1,1,2,1,0,,9.61628,86,0,0.045056,38,0,7,,0,0,0,0,0,0,0,0,0,,205,90,,0,0,0,0
1604111448353,8,1010123456029,72,,1,1,2,1,0,,10.25,116,0,0.055808,43,0,8,,6.85714,7,0,0.1,3,0,0,9.74493,31,,263,104,,0,0,0,1.85714
1604111448603,8,1010123456029,72,,1,1,2,1,0,,10.45,40,0,0.02768,20,0,7.5,,0,0,0,0,0,0,0,0,0,,82,36,,0,0,0,0
1604111448853,8,1010123456029,72,,1,1,2,1,0,,10.6118,85,0,0.0441767,32,0,7.85714,,0,0,0,0,0,0,0,0,0,,241,88,,0,0,0,0
1604111449103,8,1010123456029,72,,1,1,2,1,0,,10.145,131,0,0.067456,53,0,8,,0,0,0,0,0,0,0,0,0,,313,122,,0,0,0,0
1604111449353,8,1010123456029,72,,1,1,2,1,0,,15.6444,45,121,0.037664,17,0,10,,3.3,10,0,0.1,4,0,0,7.96402,31,,73,42,,0,0,0,1
1604111449603,8,1010123456029,72,,1,1,2,1,0,,10.0943,53,0,0.022432,18,0,6,,0,0,0,0,0,0,0,0,0,,97,56,,0,0,0,0
1604111449853,8,1010123456029,72,,1,1,2,1,0,,10.2133,75,0,0.03936,32,0,8.28571,,0,0,0,0,0,0,0,0,0,,184,62,,0,0,0,0
1604111450103,8,1010123456029,72,,1,1,2,1,0,,12.5135,74,0,0.049472,31,0,8.5,,0,0,0,0,0,0,0,0,0,,151,70,,0,0,0,0
1604111450353,8,1010123456029,72,,1,1,2,1,0,,12.8222,90,0,0.06,34,0,8.5,,4.75,8,0,0.1,3,0,0,12.1923,31,,161,74,,0,0,0,1
1604111450603,8,1010123456029,72,,1,1,4,1,0,,10.0625,32,0,0.0276627,17,0,7.5,,0,0,0,0,0,0,0,0,0,,77,36,,0,0,0,0
1604111450853,8,1010123456029,72,,1,1,4,1,0,,9.9697,33,0,0.0263775,10,0,7.42857,,0,0,0,0,0,0,0,0,0,,67,50,,0,0,0,0
1604111451103,8,1010123456029,72,,1,1,4,1,0,,9.8,35,0,0.042432,17,0,7.5,,0,0,0,0,0,0,0,0,0,,89,60,,0,0,0,0
1604111451353,8,1010123456029,72,,1,1,4,1,0,,10.7333,15,0,0.015808,6,0,8.83333,,0,0,0,0,0,0,0,0,0,,25,22,,0,0,0,0
1604111451603,8,1010123456029,72,,1,1,4,1,0,,9.89474,57,0,0.0543293,23,0,7.83333,,12.8,5,0,0.1,2,0,0,14.2237,31,,130,86,,0,0,0,1.6
1604111451853,8,1010123456029,72,,1,1,4,1,0,,10.7059,51,0,0.0482249,20,0,8.14286,,0,0,0,0,0,0,0,0,0,,83,68,,0,0,0,0
1604111452103,8,1010123456029,72,,1,1,4,1,0,,15.7714,35,0,0.0474217,14,0,10,,0,0,0,0,0,0,0,0,0,,51,46,,0,0,0,0
1604111452353,8,1010123456029,72,,1,1,4,1,0,,10.8889,36,0,0.0472932,16,0,7.2,,9,5,0,0.1,2,0,0,18.0195,31,,82,60,,0,0,0,1
1604111452603,8,1010123456029,72,,1,1,4,1,0,,16.6429,28,0,0.0417992,11,0,9.25,,0,0,0,0,0,0,0,0,0,,37,36,,0,0,0,0
1604111452853,8,1010123456029,72,,1,1,4,1,0,,11.1739,23,0,0.0214297,9,0,8.14286,,0,0,0,0,0,0,0,0,0,,35,26,,0,0,0,0
1604111453103,8,1010123456029,72,,1,1,4,1,0,,6.23256,86,0,0.0548434,35,0,6.6,,0,0,0,0,0,0,0,0,0,,71,134,,0,0,0,0
1604111453353,8,1010123456029,72,,1,1,4,1,0,,10.92,25,0,0.02112,8,0,7.8,,13.8,5,0,0.1,2,0,0,15.1068,31,,49,36,,0,0,0,1
1604111453603,8,1010123456029,72,,1,1,4,1,0,,9.98182,55,84,0.05328,22,0,7.8,,0,0,0,0,0,0,0,0,0,,173,106,,0,0,0,0
1604111453853,8,1010123456029,72,,1,1,4,1,0,,6.75,44,0,0.027712,20,0,7.83333,,0,0,0,0,0,0,0,0,0,,180,80,,0,0,0,0
1604111454103,8,1010123456029,72,,1,1,4,1,0,,9.19298,57,0,0.048224,22,0,9.66667,,7,3,0,0.1,1,0,0,17.0679,31,,149,86,,0,0,0,1
1604111454353,8,1010123456029,72,,1,1,4,1,0,,9.38889,36,130,0.0316145,10,0,8.33333,,0,0,0,0,0,0,0,0,0,,38,52,,0,0,0,0
1604111454603,8,1010123456029,72,,1,1,4,1,0,,8.19355,62,0,0.033664,26,0,9.66667,,11.6,5,0,0.1,2,0,0,13.1421,31,,35,90,,0,0,0,1.6
1604111454853,8,1010123456029,72,,1,1,4,1,0,,4.44928,69,0,0.049376,30,0,7.8,,9,3,0,0.1,1,0,0,17.0279,31,,52,114,,0,0,0,1
1604111455103,8,1010123456029,72,,1,1,4,1,0,,7.62791,43,0,0.037472,18,0,7.33333,,0,0,0,0,0,0,0,0,0,,108,64,,0,0,0,0
1604111455353,8,1010123456029,72,,1,1,4,1,0,,9.29851,67,113,0.056128,26,0,7.4,,12.8,5,0,0.1,2,0,0,17.9249,31,,282,122,,0,0,0,1
1604111455603,8,1010123456029,72,,1,1,4,1,0,,10.537,54,0,0.051264,23,0,8,,0,0,0,0,0,0,0,0,0,,82,62,,0,0,0,0
1604111455853,8,1010123456029,72,,1,1,4,1,0,,11.5714,42,0,0.042496,17,0,8.28571,,0,0,0,0,0,0,0,0,0,,79,54,,0,0,0,0
1604111456103,8,1010123456029,72,,1,1,4,1,0,,12.9492,59,0,0.073664,24,0,9,,0,0,0,0,0,0,0,0,0,,98,82,,0,0,0,0
1604111456353,8,1010123456029,72,,1,1,4,1,0,,11.5714,42,140,0.0428916,16,0,7.83333,,13.2,5,0,0.1,2,0,0,17.216,31,,84,54,,0,0,0,1
1604111456603,8,1010123456029,72,,1,1,4,1,0,,10.52,25,0,0.021568,11,0,8.5,,0,0,0,0,0,0,0,0,0,,34,26,,0,0,0,0
1604111456853,8,1010123456029,72,,1,1,4,1,0,,12.4889,45,0,0.047712,18,0,8.14286,,0,0,0,0,0,0,0,0,0,,79,54,,0,0,0,0
1604111457103,8,1010123456029,72,,1,1,4,1,0,,11.8462,26,0,0.026464,10,0,8,,0,0,0,0,0,0,0,0,0,,39,32,,0,0,0,0
1604111457353,8,1010123456029,72,,1,1,4,1,0,,12.5588,34,0,0.042112,14,0,9.33333,,12,5,0,0.1,2,0,0,14.3494,31,,55,46,,0,0,0,1.6
1604111457603,8,1010123456029,72,,1,1,4,1,0,,13.6333,30,0,0.0373333,12,0,8.5,,0,0,0,0,0,0,0,0,0,,48,36,,0,0,0,0
1604111457853,8,1010123456029,72,,1,1,4,1,0,,12.5,40,0,0.04768,16,0,8.42857,,0,0,0,0,0,0,0,0,0,,59,50,,0,0,0,0
1604111458103,8,1010123456029,72,,1,1,4,1,0,,6.21687,83,0,0.0497992,33,0,7.2,,0,0,0,0,0,0,0,0,0,,131,120,,0,0,0,0
1604111458353,8,1010123456029,72,,1,1,4,1,0,,12.617,47,0,0.052928,19,0,8.33333,,3.3,10,0,0.1,4,0,0,7.72521,31,,77,56,,0,0,0,1
1604111458603,8,1010123456029,72,,1,1,4,1,0,,14.7619,21,0,0.023136,7,0,8.5,,0,0,0,0,0,0,0,0,0,,32,26,,0,0,0,0
1604111458853,8,1010123456029,72,,1,1,4,1,0,,6.39062,64,0,0.0469398,27,0,8.71429,,0,0,0,0,0,0,0,0,0,,112,112,,0,0,0,0
1604111459103,8,1010123456029,72,,1,1,4,1,0,,13,30,0,0.0317108,10,0,8.5,,0,0,0,0,0,0,0,0,0,,42,40,,0,0,0,0
1604111459353,8,1010123456029,72,,1,1,4,1,0,,13.4857,35,0,0.0477751,16,0,8.16667,,0,0,0,0,0,0,0,0,0,,66,46,,0,0,0,0
1604111459603,8,1010123456029,72,,1,1,4,1,0,,9.82609,46,18,0.042432,16,0,7.66667,,7.6,20,0,0.1,8,0,0,11.3905,31,,105,66,,0,0,0,1.3
1604111459853,8,1010123456029,72,,1,1,4,1,0,,4.87619,105,0,0.0616867,46,0,7.28571,,0,0,0,0,0,0,0,0,0,,111,172,,0,0,0,0
1604111460103,8,1010123456029,72,,1,1,4,1,0,,13.1379,29,0,0.032256,12,0,8.66667,,0,0,0,0,0,0,0,0,0,,47,36,,0,0,0,0
1604111460353,8,1010123456029,72,,1,1,4,1,0,,13.16,25,0,0.031743,10,0,8.66667,,12.8,5,0,0.1,2,0,0,14.6472,31,,34,34,,0,0,0,1
1604111460603,8,1010123456029,72,,1,1,4,1,0,,12.2432,37,0,0.042336,15,0,8.5,,0,0,0,0,0,0,0,0,0,,61,50,,0,0,0,0
1604111460853,8,1010123456029,72,,1,1,4,1,0,,15.3182,22,0,0.036512,9,0,9,,0,0,0,0,0,0,0,0,0,,32,34,,0,0,0,0
1604111461103,8,1010123456029,72,,1,1,4,1,0,,12.814,43,0,0.052704,17,0,8.33333,,0,0,0,0,0,0,0,0,0,,64,58,,0,0,0,0
1604111461353,8,1010123456029,72,,1,1,4,1,0,,14.8889,45,0,0.06288,17,0,9.83333,,10,5,0,0.1,2,0,0,17.5209,31,,57,60,,0,0,0,1
1604111461603,8,1010123456029,72,,1,1,4,1,0,,13,58,0,0.058176,21,0,8.33333,,0,0,0,0,0,0,0,0,0,,96,70,,0,0,0,0
1604111461853,8,1010123456029,72,,1,1,4,1,0,,6.26087,69,0,0.04976,30,0,7.57143,,0,2,0,0.1,1,0,0,0,31,,42,106,,0,0,0,0
1604111462103,8,1010123456029,72,,1,1,4,1,0,,13.8974,39,0,0.047232,15,0,8.83333,,0,0,0,0,0,0,0,0,0,,50,46,,0,0,0,0
1604111462353,8,1010123456029,72,,1,1,4,1,0,,10.05,40,130,0.037472,14,0,7.5,,13.2,5,0,0.1,2,0,0,15.7365,31,,48,64,,0,0,0,1
1604111462603,8,1010123456029,72,,1,1,4,1,0,,10.3966,58,0,0.058784,26,0,8.33333,,0,0,0,0,0,0,0,0,0,,65,98,,0,0,0,0
1604111462853,8,1010123456029,72,,1,1,4,1,0,,16.8333,18,0,0.02592,6,0,8.42857,,0,0,0,0,0,0,0,0,0,,23,26,,0,0,0,0
1604111463103,8,1010123456029,72,,1,1,4,1,0,,9.16667,12,95,0.015456,3,0,7.83333,,0,0,0,0,0,0,0,0,0,,34,20,,0,0,0,0
1604111463353,8,1010123456029,72,,1,1,4,1,0,,8.80233,86,0,0.075168,37,0,9,,10.2,5,0,0.1,2,0,0,16.7589,31,,121,138,,0,0,0,1.4
1604111463603,8,1010123456029,72,,1,1,4,1,0,,16.3333,15,0,0.031136,7,0,9,,0,0,0,0,0,0,0,0,0,,26,26,,0,0,0,0
1604111463853,8,1010123456029,72,,1,1,4,1,0,,16.2143,28,0,0.046688,11,0,9,,0,0,0,0,0,0,0,0,0,,45,40,,0,0,0,0
1604111464103,8,1010123456029,72,,1,1,4,1,0,,14.36,25,0,0.031808,9,0,9,,0,0,0,0,0,0,0,0,0,,36,36,,0,0,0,0
1604111464353,8,1010123456029,72,,1,1,4,1,0,,16.8947,19,0,0.0363695,8,0,9.16667,,11.25,8,0,0.1,3,0,0,17.6515,31,,26,26,,0,0,0,1.25
1604111464603,8,1010123456029,72,,1,1,4,1,0,,13.7931,29,0,0.04192,12,0,9,,0,0,0,0,0,0,0,0,0,,45,42,,0,0,0,0
1604111464853,8,1010123456029,72,,1,1,4,1,0,,14.5,10,0,0.015744,4,0,9,,0,0,0,0,0,0,0,0,0,,14,16,,0,0,0,0
1604111465103,8,1010123456029,72,,1,1,4,1,0,,15.5714,21,0,0.026249,7,0,9,,0,0,0,0,0,0,0,0,0,,30,28,,0,0,0,0
1604111465353,8,1010123456029,72,,1,1,4,1,0,,15.4,30,0,0.0522088,13,0,9,,10.2,5,0,0.1,2,0,0,17.3232,31,,41,42,,0,0,0,1
1604111465603,8,1010123456029,72,,1,1,4,1,0,,7.14286,77,0,0.0544257,30,0,8.16667,,0,0,0,0,0,0,0,0,0,,211,126,,0,0,0,0
1604111465853,8,1010123456029,72,,1,1,4,1,0,,15.375,8,0,0.0158072,4,0,9,,0,0,0,0,0,0,0,0,0,,12,8,,0,0,0,0
1604111466103,8,1010123456029,72,,1,1,4,1,0,,13.3636,11,0,0.0157751,5,0,9,,0,0,0,0,0,0,0,0,0,,16,16,,0,0,0,0
1604111466353,8,1010123456029,72,,1,1,4,1,0,,15.6,10,0,0.015616,4,0,9,,10.2,5,0,0.1,2,0,0,17.0703,31,,16,14,,0,0,0,1
1604111466603,8,1010123456029,72,,1,1,4,1,0,,15.5926,27,0,0.0417992,10,0,9,,0,0,0,0,0,0,0,0,0,,34,36,,0,0,0,0
1604111466853,8,1010123456029,72,,1,1,4,1,0,,18,6,0,0.010304,2,0,9,,0,0,0,0,0,0,0,0,0,,8,8,,0,0,0,0
1604111467103,8,1010123456029,72,,1,1,4,1,0,,14.9412,34,0,0.052288,14,0,9,,0,0,0,0,0,0,0,0,0,,54,50,,0,0,0,0
1604111467353,8,1010123456029,72,,1,1,4,1,0,,13.6071,28,12,0.031616,9,0,9,,9,5,0,0.1,2,0,0,15.5498,31,,42,40,,0,0,0,1
1604111467603,8,1010123456029,72,,1,1,4,1,0,,12.5,28,0,0.037216,13,0,9,,0,0,0,0,0,0,0,0,0,,37,38,,0,0,0,0
1604111467853,8,1010123456029,72,,1,1,4,1,0,,15.3438,32,0,0.0471647,12,0,9,,0,0,0,0,0,0,0,0,0,,48,48,,0,0,0,0
1604111468103,8,1010123456029,72,,1,1,4,1,0,,13.95,20,158,0.031488,9,0,9,,0,0,0,0,0,0,0,0,0,,27,26,,0,0,0,0
1604111468353,8,1010123456029,72,,1,1,4,1,0,,13.8864,44,0,0.057728,17,0,9,,10.2,5,0,0.1,2,0,0,16.9689,31,,58,60,,0,0,0,1
1604111468603,8,1010123456029,72,,1,1,4,1,0,,13.9787,47,0,0.0637751,19,0,9.16667,,0,0,0,0,0,0,0,0,0,,82,64,,0,0,0,0
1604111468853,8,1010123456029,72,,1,1,4,1,0,,15.0882,34,0,0.05744,14,0,9,,0,0,0,0,0,0,0,0,0,,49,52,,0,0,0,0
1604111469103,8,1010123456029,72,,1,1,4,1,0,,13.1429,21,0,0.021312,8,0,9,,0,0,0,0,0,0,0,0,0,,29,24,,0,0,0,0
1604111469353,8,1010123456029,72,,1,1,4,1,0,,0,6,0,0.010464,3,0,8,,0,0,0,0,0,0,0,0,0,,15,12,,0,0,0,0
1604111469603,8,1010123456029,72,,1,1,4,1,0,,9.47727,44,0,0.037824,18,0,8.16667,,10.8,5,0,0.1,2,0,0,14.7501,31,,98,70,,0,0,0,1
1604111469853,8,1010123456029,72,,1,1,4,1,0,,16.5789,19,0,0.036224,8,0,9,,0,0,0,0,0,0,0,0,0,,39,30,,0,0,0,0
1604111470103,8,1010123456029,72,,1,1,4,1,0,,15.4615,26,0,0.041696,11,0,9,,0,0,0,0,0,0,0,0,0,,44,38,,0,0,0,0
1604111470353,8,1010123456029,72,,1,1,4,1,0,,9.54545,33,0,0.031904,13,0,8.16667,,10.2,5,0,0.1,2,0,0,18.957,31,,108,56,,0,0,0,1
1604111470603,8,1010123456029,72,,1,1,4,1,0,,14.7222,18,0,0.0263133,7,0,9,,0,0,0,0,0,0,0,0,0,,26,26,,0,0,0,0
1604111470853,8,1010123456029,72,,1,1,4,1,0,,14.8333,24,0,0.0315181,9,0,9,,0,0,0,0,0,0,0,0,0,,31,30,,0,0,0,0
1604111471104,8,1010123456029,72,,1,1,4,1,0,,16.3158,19,0,0.0310757,8,0,9,,0,0,0,0,0,0,0,0,0,,33,30,,0,0,0,0
1604111471353,8,1010123456029,72,,1,1,4,1,0,,14.3871,31,0,0.0474538,13,0,9,,13.8,5,0,0.1,2,0,0,15.2046,31,,48,48,,0,0,0,1.4
1604111471603,8,1010123456029,72,,1,1,4,1,0,,14.5789,19,0,0.0214297,6,0,9,,0,0,0,0,0,0,0,0,0,,27,26,,0,0,0,0
1604111471853,8,1010123456029,72,,1,1,4,1,0,,14.7879,33,0,0.0524659,14,0,9,,0,0,0,0,0,0,0,0,0,,45,44,,0,0,0,0
1604111472103,8,1010123456029,72,,1,1,4,1,0,,8,44,0,0.0427631,18,0,8,,0,0,0,0,0,0,0,0,0,,19,130,,0,0,0,0
1604111472353,8,1010123456029,72,,1,1,4,1,0,,13.5385,39,0,0.04768,15,0,9,,4.64,25,0,0.1,10,0,0,13.5452,31,,51,52,,0,0,0,1.08
1604111472603,8,1010123456029,72,,1,1,4,1,0,,14.1154,26,0,0.031648,10,0,9,,0,0,0,0,0,0,0,0,0,,35,32,,0,0,0,0
1604111472853,8,1010123456029,72,,1,1,4,1,0,,13.9184,49,0,0.073696,20,0,8.57143,,0,0,0,0,0,0,0,0,0,,76,72,,0,0,0,0
1604111473103,8,1010123456029,72,,1,1,4,1,0,,9.48649,37,0,0.032416,15,0,9,,0,0,0,0,0,0,0,0,0,,96,56,,0,0,0,0
1604111473353,8,1010123456029,72,,1,1,4,1,0,,16.5,14,0,0.02592,6,0,9,,12,5,0,0.1,2,0,0,18.6905,31,,24,22,,0,0,0,1
1604111473603,8,1010123456029,72,,1,1,4,1,0,,12.7215,79,0,0.099616,29,0,8.16667,,0,0,0,0,0,0,0,0,0,,154,124,,0,0,0,0
1604111473853,8,1010123456029,72,,1,1,4,1,0,,12.1765,34,0,0.042592,15,0,8,,0,0,0,0,0,0,0,0,0,,36,44,,0,0,0,0
1604111474103,8,1010123456029,72,,1,1,4,1,0,,13.5385,39,0,0.047776,16,0,9,,0,0,0,0,0,0,0,0,0,,55,52,,0,0,0,0
1604111474353,8,1010123456029,72,,1,1,4,1,0,,14.2727,33,0,0.04208,13,0,9,,12,6,0,0.1,2,0,0,13.724,31,,65,50,,0,0,0,1
1604111474603,8,1010123456029,72,,1,1,4,1,0,,15.1429,14,0,0.0209478,6,0,9.16667,,0,0,0,0,0,0,0,0,0,,24,22,,0,0,0,0
1604111474853,8,1010123456029,72,,1,1,4,1,0,,5.87209,86,0,0.054656,33,0,8.42857,,0,0,0,0,0,0,0,0,0,,17,164,,0,0,0,0
1604111475103,8,1010123456029,72,,1,1,4,1,0,,18,5,0,0.015456,3,0,9.8,,0,0,0,0,0,0,0,0,0,,8,8,,0,0,0,0
1604111475353,8,1010123456029,72,,1,1,4,1,0,,14.9524,21,0,0.036544,9,0,9.33333,,10.8,5,0,0.1,2,0,0,14.259,31,,33,32,,0,0,0,1.6
1604111475603,8,1010123456029,72,,1,1,4,1,0,,9.65854,41,0,0.042656,17,0,8.2,,0,0,0,0,0,0,0,0,0,,94,62,,0,0,0,0
1604111475853,8,1010123456029,72,,1,1,4,1,0,,11.2333,30,0,0.03168,11,0,8.28571,,0,0,0,0,0,0,0,0,0,,17,82,,0,0,0,0
1604111476103,8,1010123456029,72,,1,1,4,1,0,,5.86364,22,0,0.01632,9,0,6,,0,0,0,0,0,0,0,0,0,,7,40,,0,0,0,0
1604111476353,8,1010123456029,72,,1,1,4,1,0,,7.64,75,0,0.064352,31,0,8,,10.2,5,0,0.1,2,0,0,17.103,31,,132,150,,0,0,0,1
1604111476603,8,1010123456029,72,,1,1,4,1,0,,15.5,14,0,0.020896,5,0,9,,0,0,0,0,0,0,0,0,0,,18,20,,0,0,0,0
1604111476853,8,1010123456029,72,,1,1,4,1,0,,13.0667,15,0,0.015968,6,0,9.85714,,0,0,0,0,0,0,0,0,0,,35,22,,0,0,0,0
1604111477104,8,1010123456029,72,,1,1,4,1,0,,10.6,55,0,0.0475538,18,0,9,,0,0,0,0,0,0,0,0,0,,109,82,,0,0,0,0
1604111477353,8,1010123456029,72,,1,1,4,1,0,,9.71429,49,0,0.0535582,24,0,8.16667,,12.2857,7,0,0.1,3,33.3333,0,10.3525,31,,145,102,,0,0,0,3.85714
1604111477603,8,1010123456029,72,,1,1,4,1,0,,18,5,0,0.0103454,2,0,9.5,,0,0,0,0,0,0,0,0,0,,7,8,,0,0,0,0
1604111477853,8,1010123456029,72,,1,1,4,1,0,,6.80769,52,0,0.03808,21,0,8.33333,,0,0,0,0,0,0,0,0,0,,139,82,,0,0,0,0
1604111478103,8,1010123456029,72,,1,1,4,1,0,,14.5946,37,0,0.0474538,14,0,9.33333,,0,0,0,0,0,0,0,0,0,,53,50,,0,0,0,0
1604111478353,8,1010123456029,72,,1,1,4,1,0,,18,6,0,0.0155181,3,0,9,,9.85714,7,0,0.1,3,33.3333,0,12.0679,31,,8,8,,0,0,0,4.14286
1604111478603,8,1010123456029,72,,1,1,4,1,0,,7.93478,92,0,0.0705542,37,0,7.16667,,0,0,0,0,0,0,0,0,0,,129,154,,0,0,0,0
1604111478853,8,1010123456029,72,,1,1,4,1,0,,13.4,25,0,0.0318394,10,0,9.28571,,4,3,0,0.1,1,0,0,16.2873,31,,46,34,,0,0,0,1
1604111479103,8,1010123456029,72,,1,1,4,1,0,,14.1892,37,0,0.047424,15,0,9.4,,0,0,0,0,0,0,0,0,0,,50,48,,0,0,0,0
1604111479353,8,1010123456029,72,,1,1,4,1,0,,12.8421,38,0,0.032288,15,0,9.33333,,12.8,5,0,0.1,2,0,0,13.75,31,,48,36,,0,0,0,1.6
1604111479603,8,1010123456029,72,,1,1,4,1,0,,16.8947,19,0,0.0313574,8,0,8,,0,0,0,0,0,0,0,0,0,,35,28,,0,0,0,0
1604111479853,8,1010123456029,72,,1,1,4,1,0,,13.625,24,77,0.026336,8,0,9,,0,0,0,0,0,0,0,0,0,,38,34,,0,0,0,0
1604111480103,8,1010123456029,72,,1,1,4,1,0,,6.81818,55,137,0.04352,23,0,7.5,,0,0,0,0,0,0,0,0,0,,108,86,,0,0,0,0
1604111480353,8,1010123456029,72,,1,1,4,1,0,,6.32558,86,0,0.06551,36,0,8.16667,,9,5,0,0.1,2,0,0,15.2318,31,,82,134,,0,0,0,1.4
1604111480603,8,1010123456029,72,,1,1,4,1,0,,13.5833,24,0,0.026496,9,0,7.8,,0,0,0,0,0,0,0,0,0,,28,28,,0,0,0,0
1604111480853,8,1010123456029,72,,1,1,4,1,0,,5.21,100,0,0.055872,40,0,8.28571,,0,0,0,0,0,0,0,0,0,,15,192,,0,0,0,0
1604111481103,8,1010123456029,72,,1,1,4,1,0,,15.5625,16,49,0.020768,5,0,8.33333,,0,0,0,0,0,0,0,0,0,,22,22,,0,0,0,0
1604111481353,8,1010123456029,72,,1,1,4,1,0,,15.4286,35,0,0.052512,15,0,8.16667,,7.2,5,14795,0.1,2,0,0,17.0437,31,,53,48,,0,0,0,1
1604111481603,8,1010123456029,72,,1,1,6,1,0,,16.0769,13,0,0.020864,4,0,9.83333,,6.6087,23,0,0.1,9,0,0,12.3151,0,,18,24,,0,0,0,1
1604111481853,8,1010123456029,72,,1,1,6,1,0,,10.0345,29,0,0.03744,12,0,8.57143,,0,0,0,0,0,0,0,0,0,,97,84,,0,0,0,0
1604111482103,8,1010123456029,72,,1,1,6,1,0,,14.5833,24,0,0.0478394,10,0,9.5,,0,0,0,0,0,0,0,0,0,,35,48,,0,0,0,0
1604111482353,8,1010123456029,72,,1,1,6,1,0,,12.3333,18,0,0.026848,7,0,9,,12,5,0,0.1,2,0,0,17.3368,31,,23,32,,0,0,0,1
1604111482603,8,1010123456029,72,,1,1,6,1,0,,2.4375,64,0,0.0333173,23,0,7.66667,,12,3,0,0.1,1,0,0,15.6129,31,,26,162,,0,0,0,1
1604111482853,8,1010123456029,72,,1,1,6,1,0,,13.7647,17,0,0.027744,9,0,8.14286,,0,0,0,0,0,0,0,0,0,,24,26,,0,0,0,0
1604111483103,8,1010123456029,72,,1,1,6,1,0,,12.6429,28,0,0.048288,10,0,9,,0,0,0,0,0,0,0,0,0,,56,64,,0,0,0,0
1604111483353,8,1010123456029,72,,1,1,6,1,0,,10.32,50,0,0.0535904,19,0,8.25,,9.6,5,0,0.1,2,0,0,15.4557,31,,129,190,,0,0,0,1
1604111483603,8,1010123456029,72,,1,1,6,1,0,,6.5098,51,0,0.0598554,21,0,7.66667,,0,0,0,0,0,0,0,0,0,,65,136,,0,0,0,0
1604111483853,8,1010123456029,72,,1,1,6,1,0,,16.8333,18,0,0.031008,7,0,9.42857,,0,0,0,0,0,0,0,0,0,,25,26,,0,0,0,0
1604111484103,8,1010123456029,72,,1,1,6,1,0,,14.1538,26,0,0.04192,11,0,9.4,,0,0,0,0,0,0,0,0,0,,47,54,,0,0,0,0
1604111484353,8,1010123456029,72,,1,1,6,1,0,,17.0769,26,0,0.0469076,10,0,11.2,,13.2,5,0,0.1,2,0,0,14.3038,31,,32,40,,0,0,0,1
1604111484603,8,1010123456029,72,,1,1,6,1,0,,15.9286,28,0,0.0417671,10,0,11.25,,0,0,0,0,0,0,0,0,0,,41,48,,0,0,0,0
1604111484854,8,1010123456029,72,,1,1,6,1,0,,16.0909,11,0,0.020768,5,0,10.5,,0,0,0,0,0,0,0,0,0,,12,14,,0,0,0,0
1604111485103,8,1010123456029,72,,1,1,6,1,0,,14.4286,42,0,0.0686586,17,0,10.25,,0,0,0,0,0,0,0,0,0,,69,70,,0,0,0,0
1604111485353,8,1010123456029,72,,1,1,6,1,0,,15.25,16,0,0.031328,7,0,10.5,,0,0,0,0,0,0,0,0,0,,23,28,,0,0,0,0
1604111485603,8,1010123456029,72,,1,1,6,1,0,,15.75,28,0,0.0470361,11,0,10.5,,10,5,0,0.1,2,0,0,12.323,31,,37,44,,0,0,0,1.6
1604111485853,8,1010123456029,72,,1,1,6,1,0,,16.1875,16,0,0.031072,7,0,10.8,,0,0,0,0,0,0,0,0,0,,28,30,,0,0,0,0
1604111486103,8,1010123456029,72,,1,1,6,1,0,,16.5294,17,0,0.0260884,6,0,10.6,,0,0,0,0,0,0,0,0,0,,19,22,,0,0,0,0
1604111486353,8,1010123456029,72,,1,1,6,1,0,,3.5,8,0,0.005824,4,0,7.8,,0,0,0,0,0,0,0,0,0,,-5,46,,0,0,0,0
1604111486603,8,1010123456029,72,,1,1,6,1,0,,14.0732,41,0,0.063232,16,0,9.8,,2.22222,9,0,0.1,4,0,0,7.94425,31,,64,74,,0,0,0,1
1604111486853,8,1010123456029,72,,1,1,6,1,0,,16.3929,28,0,0.047104,10,0,11.5,,0,0,0,0,0,0,0,0,0,,36,46,,0,0,0,0
1604111487103,8,1010123456029,72,,1,1,6,1,0,,17.3929,28,0,0.063008,13,0,11,,0,0,0,0,0,0,0,0,0,,43,46,,0,0,0,0
1604111487353,8,1010123456029,72,,1,1,6,1,0,,18,18,0,0.041216,8,0,10.4,,9.6,5,0,0.1,2,0,0,13.2599,31,,46,48,,0,0,0,1
1604111487603,8,1010123456029,72,,1,1,6,1,0,,18,8,0,0.0155181,3,0,9,,0,0,0,0,0,0,0,0,0,,12,12,,0,0,0,0
1604111487853,8,1010123456029,72,,1,1,6,1,0,,16.9091,22,0,0.031072,7,0,10.2,,0,0,0,0,0,0,0,0,0,,30,34,,0,0,0,0
1604111488103,8,1010123456029,72,,1,1,6,1,0,,17.6154,26,0,0.0728353,13,0,10.75,,0,0,0,0,0,0,0,0,0,,44,50,,0,0,0,0
1604111488353,8,1010123456029,72,,1,1,6,1,0,,14.44,25,0,0.036832,11,0,10.6667,,10.2,5,0,0.1,2,0,0,15.7597,31,,24,32,,0,0,0,1
1604111488603,8,1010123456029,72,,1,1,6,1,0,,13.3929,28,0,0.0427309,12,0,9.25,,0,0,0,0,0,0,0,0,0,,51,54,,0,0,0,0
1604111488853,8,1010123456029,72,,1,1,6,1,0,,15.7333,15,0,0.026176,6,0,10.5,,0,0,0,0,0,0,0,0,0,,23,24,,0,0,0,0
1604111489103,8,1010123456029,72,,1,1,6,1,0,,16.3929,28,0,0.041472,10,0,10,,0,0,0,0,0,0,0,0,0,,47,48,,0,0,0,0
1604111489353,8,1010123456029,72,,1,1,6,1,0,,18,10,0,0.020608,4,0,10,,12,5,0,0.1,2,0,0,11.9489,31,,16,16,,0,0,0,2.2
1604111489603,8,1010123456029,72,,1,1,6,1,0,,6,34,96,0.031936,14,0,8.33333,,0,0,0,0,0,0,0,0,0,,98,108,,0,0,0,0
1604111489853,8,1010123456029,72,,1,1,6,1,0,,14.3214,28,0,0.047743,12,0,10,,0,0,0,0,0,0,0,0,0,,72,56,,0,0,0,0
1604111490103,8,1010123456029,72,,1,1,6,1,0,,18,8,0,0.015456,3,0,10.6667,,0,0,0,0,0,0,0,0,0,,10,12,,0,0,0,0
1604111490353,8,1010123456029,72,,1,1,6,1,0,,14.0833,24,0,0.0365301,9,0,11,,4.96,25,0,0.1,10,0,0,9.462,31,,29,36,,0,0,0,1.12
1604111490603,8,1010123456029,72,,1,1,6,1,0,,15.6452,31,0,0.0626506,14,0,10,,0,0,0,0,0,0,0,0,0,,46,50,,0,0,0,0
1604111490853,8,1010123456029,72,,1,1,6,1,0,,14.4286,7,0,0.0105703,3,0,9.75,,0,0,0,0,0,0,0,0,0,,8,10,,0,0,0,0
1604111491103,8,1010123456029,72,,1,1,6,1,0,,16.1538,13,0,0.0208514,5,0,10.5,,0,0,0,0,0,0,0,0,0,,17,18,,0,0,0,0
1604111491353,8,1010123456029,72,,1,1,6,1,0,,18,15,0,0.036064,7,0,0.1,,0.315789,19,0,0.1,7,0,0,7.28747,31,,23,28,,0,0,0,1
1604111491603,8,1010123456029,72,,1,1,6,1,0,,13.5238,21,0,0.031232,8,0,10,,3.42857,7,0,0.1,3,0,0,9.14137,0,,24,28,,0,0,0,1
1604111491853,8,1010123456029,72,,1,1,6,1,0,,16.4839,31,0,0.05168,11,0,10.6667,,0,0,0,0,0,0,0,0,0,,40,46,,0,0,0,0
1604111492103,8,1010123456029,72,,1,1,6,1,0,,15.1556,45,0,0.094176,19,0,10,,0,0,0,0,0,0,0,0,0,,76,90,,0,0,0,0
1604111492353,8,1010123456029,72,,1,1,6,1,0,,18,19,0,0.041216,8,0,0.1,,0,8,0,0,4,100,0,0,0,,36,36,,0,0,0,0
1604111492603,8,1010123456029,72,,1,1,6,1,0,,14.4,20,0,0.031744,8,0,10,,0,0,0,0,0,0,0,0,0,,30,32,,0,0,0,0
1604111492853,8,1010123456029,72,,1,1,6,1,0,,15.5263,19,0,0.031072,7,0,10.5,,0,0,0,0,0,0,0,0,0,,28,30,,0,0,0,0
1604111493103,8,1010123456029,72,,1,1,6,1,0,,17,25,0,0.051744,11,0,11,,0,0,0,0,0,0,0,0,0,,30,38,,0,0,0,0
1604111493353,8,1010123456029,72,,1,1,6,1,0,,16.2143,14,0,0.020832,5,0,0.1,,5.25,8,0,0.1,3,0,0,9.26119,31,,13,18,,0,0,0,1
1604111493603,8,1010123456029,72,,1,1,6,1,0,,18,15,0,0.030912,6,0,0.1,,4,17,0,0.1,7,0,0,10.4367,0,,18,24,,0,0,0,1
1604111493853,8,1010123456029,72,,1,1,6,1,0,,17.2188,32,0,0.0672,14,0,11,,0,0,0,0,0,0,0,0,0,,50,62,,0,0,0,0
1604111494103,8,1010123456029,72,,1,1,6,1,0,,18,10,0,0.020608,4,0,11,,0,0,0,0,0,0,0,0,0,,14,16,,0,0,0,0
1604111494353,8,1010123456029,72,,1,1,6,1,0,,17.8214,28,0,0.051712,10,0,0.1,,0.75,16,0,0.1,7,0,0,9.24575,31,,41,44,,0,0,0,1
1604111494603,8,1010123456029,72,,1,1,6,1,0,,17.1667,30,0,0.062048,13,0,11,,0.1,5,0,0.1,2,0,0,8.59503,0,,48,50,,0,0,0,1
1604111494853,8,1010123456029,72,,1,1,6,1,0,,17.7917,24,0,0.046752,9,0,10.3333,,0,0,0,0,0,0,0,0,0,,34,36,,0,0,0,0
1604111495103,8,1010123456029,72,,1,1,6,1,0,,16.4688,32,0,0.05888,12,0,0.1,,0,0,0,0,0,0,0,0,0,,48,48,,0,0,0,0
1604111495353,8,1010123456029,72,,1,1,6,1,0,,16.9091,11,65,0.020608,4,0,10,,1.86667,15,0,0.1,7,14.2857,0,7.34335,31,,20,20,,0,0,0,2.86667
1604111495603,8,1010123456029,72,,1,1,6,1,0,,16.5714,21,0,0.031232,8,0,10,,0,0,0,0,0,0,0,0,0,,28,28,,0,0,0,0
1604111495853,8,1010123456029,72,,1,1,6,1,0,,12.0556,18,0,0.031744,8,0,9.5,,0,0,0,0,0,0,0,0,0,,22,32,,0,0,0,0
1604111496103,8,1010123456029,72,,1,1,6,1,0,,14.6667,27,0,0.041952,11,0,10,,0,0,0,0,0,0,0,0,0,,46,48,,0,0,0,0
1604111496353,8,1010123456029,72,,1,1,6,1,0,,16.9756,41,0,0.072739,16,0,10,,8.2,5,0,0.1,2,0,0,13.0828,31,,60,60,,0,0,0,1.4
1604111496603,8,1010123456029,72,,1,1,6,1,0,,17.2308,13,0,0.026016,5,0,9.5,,0,0,0,0,0,0,0,0,0,,28,30,,0,0,0,0
1604111496853,8,1010123456029,72,,1,1,6,1,0,,14.2778,18,0,0.031232,8,0,10.75,,0,0,0,0,0,0,0,0,0,,23,30,,0,0,0,0
1604111497103,8,1010123456029,72,,1,1,6,1,0,,8.8,15,0,0.016257,6,0,11,,0,0,0,0,0,0,0,0,0,,17,20,,0,0,0,0
1604111497353,8,1010123456029,72,,1,1,6,1,0,,15.125,16,0,0.0261847,7,0,11,,6.85714,7,0,0.1,3,0,0,10.8175,31,,20,24,,0,0,0,1.85714
1604111497603,8,1010123456029,72,,1,1,6,1,0,,14.9091,22,0,0.0263133,7,0,10,,2,18,0,0.1,7,0,0,8.05152,0,,30,34,,0,0,0,1
1604111497853,8,1010123456029,72,,1,1,6,1,0,,16.2432,37,0,0.0677269,16,0,11,,0,0,0,0,0,0,0,0,0,,41,52,,0,0,0,0
1604111498103,8,1010123456029,72,,1,1,6,1,0,,15.6522,23,0,0.036224,8,0,0.1,,0,0,0,0,0,0,0,0,0,,59,56,,0,0,0,0
1604111498353,8,1010123456029,72,,1,1,6,1,0,,18,10,0,0.02592,6,0,0.1,,0.1,18,0,0.1,7,0,0,4.65405,31,,16,16,,0,0,0,1
1604111498603,8,1010123456029,72,,1,1,6,1,0,,6.52381,42,0,0.042496,17,0,8,,0.1,3,0,0.1,1,0,0,4.05923,0,,62,94,,0,0,0,1
1604111498853,8,1010123456029,72,,1,1,6,1,0,,18,5,0,0.010304,2,0,0.1,,0,0,0,0,0,0,0,0,0,,8,8,,0,0,0,0
1604111499103,8,1010123456029,72,,1,1,6,1,0,,7.06667,15,0,0.010912,6,0,4,,0,0,0,0,0,0,0,0,0,,31,28,,0,0,0,0
1604111499353,8,1010123456029,72,,1,1,6,1,0,,7.84091,44,180,0.0421526,10,0,5,,0.8,15,0,0.1,6,0,0,6.98167,31,,28,100,,0,0,0,1
1604111499603,8,1010123456029,72,,1,1,6,1,0,,3,36,0,0.022464,22,0,12.25,,0,0,0,0,0,0,0,0,0,,27,80,,0,0,0,0
1604111499853,8,1010123456029,72,,1,1,6,1,0,,5.07692,52,0,0.043232,21,0,9.25,,0,0,0,0,0,0,0,0,0,,29,124,,0,0,0,0
1604111500103,8,1010123456029,72,,1,1,6,1,0,,9.71429,49,0,0.0746988,21,0,8.5,,0,0,0,0,0,0,0,0,0,,36,120,,0,0,0,0
1604111500353,8,1010123456029,72,,1,1,6,1,0,,15,12,0,0.0207871,5,0,10,,8.2,5,0,0.1,2,0,0,15.0822,31,,19,20,,0,0,0,1
1604111500603,8,1010123456029,72,,1,1,6,1,0,,5.33333,48,0,0.04304,19,0,8,,0,0,0,0,0,0,0,0,0,,2,140,,0,0,0,0
1604111500853,8,1010123456029,72,,1,1,6,1,0,,6.4375,64,0,0.053824,25,0,9.5,,0,0,0,0,0,0,0,0,0,,52,132,,0,0,0,0
1604111501103,8,1010123456029,72,,1,1,6,1,0,,18,18,0,0.041216,8,0,12,,0,0,0,0,0,0,0,0,0,,24,32,,0,0,0,0
1604111501353,8,1010123456029,72,,1,1,6,1,0,,16.3667,30,0,0.0572851,13,0,10,,10.8,5,0,0.1,2,0,0,10.1734,31,,45,56,,0,0,0,4
1604111501603,8,1010123456029,72,,1,1,6,1,0,,15.4118,17,0,0.031328,7,0,0.1,,0,0,0,0,0,0,0,0,0,,31,32,,0,0,0,0
1604111501853,8,1010123456029,72,,1,1,6,1,0,,18,29,0,0.056672,11,0,10.6,,0,0,0,0,0,0,0,0,0,,45,48,,0,0,0,0
1604111502103,8,1010123456029,72,,1,1,6,1,0,,15.7692,13,0,0.020768,5,0,12,,0,0,0,0,0,0,0,0,0,,16,18,,0,0,0,0
1604111502353,8,1010123456029,72,,1,1,6,1,0,,3.09333,75,0,0.038912,29,0,5.66667,,4,5,147090,0.1,2,0,0,15.4078,31,,176,230,,0,0,0,1
1604111502603,8,1010123456029,72,,1,1,6,1,0,,12.2,5,0,0.005312,2,0,10.75,,14,16,0,0.1,6,0,0,13.5035,0,,4,6,,0,0,0,1.9375
1604111502853,8,1010123456029,72,,1,1,6,1,0,,18,5,0,0.005152,1,0,11.5,,0,0,0,0,0,0,0,0,0,,7,8,,0,0,0,0
1604111503103,8,1010123456029,72,,1,1,6,1,0,,1.8,60,0,0.0284337,25,0,5,,0,0,0,0,0,0,0,0,0,,35,182,,0,0,0,0
1604111503353,8,1010123456029,72,,1,1,6,1,0,,6,45,0,0.032512,18,0,11.4,,13.2,5,0,0.1,2,0,0,13.2699,31,,58,128,,0,0,0,1.8
1604111503603,8,1010123456029,72,,1,1,6,1,0,,4.98077,52,22,0.0337349,21,0,6,,0,0,0,0,0,0,0,0,0,,24,192,,0,0,0,0
1604111503853,8,1010123456029,72,,1,1,6,1,0,,5.21951,82,158,0.0550683,31,0,9.14286,,0,0,0,0,0,0,0,0,0,,83,208,,0,0,0,0
1604111504103,8,1010123456029,72,,1,1,6,1,0,,16.5455,11,0,0.0264739,4,0,6.33333,,0,0,0,0,0,0,0,0,0,,16,22,,0,0,0,0
1604111504353,8,1010123456029,72,,1,1,6,1,0,,17,26,0,0.05168,11,0,11.6667,,3.71429,7,0,0.1,3,0,0,10.2925,31,,50,54,,0,0,0,1.28571
1604111504603,8,1010123456029,72,,1,1,6,1,0,,4.40278,72,95,0.0568675,23,0,6.5,,0.1,15,0,0.1,6,0,0,7.97601,0,,59,206,,0,0,0,1
1604111504853,8,1010123456029,72,,1,1,6,1,0,,8.35484,31,0,0.0318715,17,0,9.25,,0,0,0,0,0,0,0,0,0,,53,46,,0,0,0,0
1604111505103,8,1010123456029,72,,1,1,6,1,0,,12.7838,37,0,0.064416,17,0,10,,0,0,0,0,0,0,0,0,0,,61,66,,0,0,0,0
1604111505353,8,1010123456029,72,,1,1,6,1,0,,10.5556,18,0,0.026528,7,0,8,,12.7857,28,0,0.12576,11,9.09091,0,16.0973,31,,39,38,,0,0,0,2.07143
1604111505603,8,1010123456029,72,,1,1,6,1,0,,4.65625,64,0,0.043616,25,0,9.2,,0,0,0,0,0,0,0,0,0,,59,172,,0,0,0,0
1604111505853,8,1010123456029,72,,1,1,6,1,0,,15.963,27,0,0.052544,10,0,10,,0,0,0,0,0,0,0,0,0,,38,48,,0,0,0,0
1604111506103,8,1010123456029,72,,1,1,6,1,0,,10.3226,31,0,0.036992,13,0,8.6,,0,0,0,0,0,0,0,0,0,,66,60,,0,0,0,0
1604111506353,8,1010123456029,72,,1,1,6,1,0,,16.2632,19,0,0.0363695,8,0,11,,13.8,5,0,0.1,2,0,0,17.666,31,,23,30,,0,0,0,1
1604111506603,8,1010123456029,72,,1,1,6,1,0,,14.1111,9,0,0.015936,4,0,10.1667,,0,0,0,0,0,0,0,0,0,,16,20,,0,0,0,0
1604111506853,8,1010123456029,72,,1,1,6,1,0,,11.4762,21,0,0.0264,8,0,8.57143,,0,0,0,0,0,0,0,0,0,,44,38,,0,0,0,0
1604111507103,8,1010123456029,72,,1,1,6,1,0,,13.16,25,0,0.042912,11,0,9.66667,,0,0,0,0,0,0,0,0,0,,44,52,,0,0,0,0
1604111507353,8,1010123456029,72,,1,1,6,1,0,,16.9,30,0,0.056832,12,0,10.3333,,10.4,5,0,0.1,2,0,0,10.0053,31,,42,46,,0,0,0,1
1604111507603,8,1010123456029,72,,1,1,6,1,0,,14.88,25,0,0.036672,8,0,9.25,,0,0,0,0,0,0,0,0,0,,41,46,,0,0,0,0
1604111507853,8,1010123456029,72,,1,1,6,1,0,,16.625,24,0,0.05184,12,0,9.14286,,0,0,0,0,0,0,0,0,0,,33,38,,0,0,0,0
1604111508103,8,1010123456029,72,,1,1,6,1,0,,15.0588,17,0,0.025984,6,0,9.5,,0,0,0,0,0,0,0,0,0,,30,26,,0,0,0,0
1604111508353,8,1010123456029,72,,1,1,6,1,0,,16.7778,27,0,0.05168,11,0,9.83333,,0,0,0,0,0,0,0,0,0,,38,42,,0,0,0,0
1604111508603,8,1010123456029,72,,1,1,6,1,0,,17.3333,21,0,0.0363052,8,0,10.5,,2.8,25,0,0.1,10,0,0,7.00459,31,,28,30,,0,0,0,1.08
1604111508853,8,1010123456029,72,,1,1,6,1,0,,18,11,0,0.020608,4,0,8.66667,,0,0,0,0,0,0,0,0,0,,12,16,,0,0,0,0
1604111509103,8,1010123456029,72,,1,1,6,1,0,,9.42105,19,0,0.0264096,8,0,11.25,,0,0,0,0,0,0,0,0,0,,93,52,,0,0,0,0
1604111509353,8,1010123456029,72,,1,1,6,1,0,,4.97436,39,0,0.032544,17,0,9.4,,5.25,8,0,0.1,3,0,0,13.3766,31,,29,118,,0,0,0,1.5
1604111509603,8,1010123456029,72,,1,1,6,1,0,,12.5,20,0,0.026249,8,0,8.66667,,4,17,0,0.1,7,0,0,10.5726,0,,39,32,,0,0,0,1
1604111509853,8,1010123456029,72,,1,1,6,1,0,,18,11,0,0.0206908,4,0,12,,0,0,0,0,0,0,0,0,0,,14,16,,0,0,0,0
1604111510103,8,1010123456029,72,,1,1,6,1,0,,10.6071,28,0,0.0268594,11,0,9.66667,,0,0,0,0,0,0,0,0,0,,101,78,,0,0,0,0
1604111510353,8,1010123456029,72,,1,1,6,1,0,,16.7805,41,0,0.0780402,17,0,11.75,,14.9123,57,0,0.1,24,70.8333,0,8.75328,31,,49,64,,0,0,0,7.59649
1604111510603,8,1010123456029,72,,1,1,6,1,0,,16.35,20,0,0.0260241,6,0,10.5,,0,0,0,0,0,0,0,0,0,,22,26,,0,0,0,0
1604111510853,8,1010123456029,72,,1,1,6,1,0,,15.0833,36,0,0.068241,16,0,10.25,,0,0,0,0,0,0,0,0,0,,52,68,,0,0,0,0
1604111511103,8,1010123456029,72,,1,1,6,1,0,,6.56364,55,0,0.0485783,22,0,7.5,,0,0,0,0,0,0,0,0,0,,43,116,,0,0,0,0
1604111511353,8,1010123456029,72,,1,1,6,1,0,,15.0667,15,0,0.0317108,7,0,10.3333,,8.5641,39,0,0.1,14,50,0,6.55989,31,,33,38,,0,0,0,6.61538
1604111511603,8,1010123456029,72,,1,1,4,1,0,,18,7,0,0.0155181,3,0,11.5,,0,0,0,0,0,0,0,0,0,,9,12,,0,0,0,0
1604111511853,8,1010123456029,72,,1,1,4,1,0,,13.4545,22,0,0.031808,9,0,9.5,,0,0,0,0,0,0,0,0,0,,27,32,,0,0,0,0
1604111512103,8,1010123456029,72,,1,1,4,1,0,,12.9,30,0,0.0425703,12,0,10,,0,0,0,0,0,0,0,0,0,,45,46,,0,0,0,0
1604111512353,8,1010123456029,72,,1,1,4,1,0,,1.14,100,0,0.02528,40,0,7.25,,0,0,0,0,0,0,0,0,0,,30,166,,0,0,0,0
1604111512603,8,1010123456029,72,,1,1,4,1,0,,12.2222,54,0,0.063808,19,0,6,,4.375,32,0,0.1,14,28.5714,0,7.1373,31,,95,80,,0,0,0,3.34375
1604111512853,8,1010123456029,72,,1,1,4,1,0,,16.7917,24,0,0.052032,13,0,10.5,,0,0,0,0,0,0,0,0,0,,32,38,,0,0,0,0
1604111513103,8,1010123456029,72,,1,1,4,1,0,,14.25,20,0,0.031584,8,0,9,,0,0,0,0,0,0,0,0,0,,28,30,,0,0,0,0
1604111513353,8,1010123456029,72,,1,1,4,1,0,,15.5,10,0,0.01568,4,0,0.1,,1,12,0,0.1,5,0,0,7.02194,31,,18,14,,0,0,0,1
1604111513603,8,1010123456029,72,,1,1,4,1,0,,14.5833,24,0,0.03632,9,0,8,,0,0,0,0,0,0,0,0,0,,39,34,,0,0,0,0
1604111513853,8,1010123456029,72,,1,1,4,1,0,,13,24,0,0.031872,10,0,9,,0,0,0,0,0,0,0,0,0,,34,32,,0,0,0,0
1604111514103,8,1010123456029,72,,1,1,4,1,0,,14.4583,24,0,0.036704,10,0,9,,0,0,0,0,0,0,0,0,0,,35,34,,0,0,0,0
1604111514353,8,1010123456029,72,,1,1,4,1,0,,10.8235,17,0,0.021536,7,0,10.3333,,13.1781,73,0,0.1,30,86.6667,0,6.85131,31,,23,24,,0,0,0,8.87671
1604111514603,8,1010123456029,72,,1,1,4,1,0,,15.6383,47,0,0.073024,18,0,9,,0,2,0,0,1,100,0,0,0,,53,64,,0,0,0,0
1604111514853,8,1010123456029,72,,1,1,4,1,0,,14.5,20,0,0.036576,9,0,11,,0,0,0,0,0,0,0,0,0,,28,32,,0,0,0,0
1604111515103,8,1010123456029,72,,1,1,4,1,0,,13.45,40,0,0.0528,15,0,9.4,,0,0,0,0,0,0,0,0,0,,48,52,,0,0,0,0
1604111515353,8,1010123456029,72,,1,1,4,1,0,,17.0909,22,0,0.04144,9,0,13,,6.42857,7,0,0.1,3,0,0,9.48961,31,,33,34,,0,0,0,1
1604111515603,8,1010123456029,72,,1,1,4,1,0,,16,29,0,0.046688,11,0,8.25,,0,0,0,0,0,0,0,0,0,,38,40,,0,0,0,0
1604111515853,8,1010123456029,72,,1,1,4,1,0,,18,8,0,0.015456,3,0,10,,0,0,0,0,0,0,0,0,0,,12,12,,0,0,0,0
1604111516103,8,1010123456029,72,,1,1,4,1,0,,8.16667,24,0,0.0217189,10,0,8,,0,0,0,0,0,0,0,0,0,,63,44,,0,0,0,0
1604111516353,8,1010123456029,72,,1,1,4,1,0,,15.2917,24,0,0.0366265,8,0,10,,1.21429,28,0,0.1,11,0,0,6.12247,31,,36,38,,0,0,0,1
1604111516603,8,1010123456029,72,,1,1,4,1,0,,15,23,0,0.0422169,11,0,10,,0,0,0,0,0,0,0,0,0,,35,32,,0,0,0,0
1604111516853,8,1010123456029,72,,1,1,4,1,0,,13.5806,31,0,0.0423133,12,0,9,,0,0,0,0,0,0,0,0,0,,40,42,,0,0,0,0
1604111517103,8,1010123456029,72,,1,1,4,1,0,,14.9524,21,0,0.0368835,9,0,9,,0,2,0,0.1,1,0,0,0,31,,32,36,,0,0,0,0
1604111517353,8,1010123456029,72,,1,1,4,1,0,,14.7059,17,0,0.02624,7,0,9,,6.625,8,0,0.1,3,0,0,10.3019,31,,24,24,,0,0,0,1.75
1604111517603,8,1010123456029,72,,1,1,4,1,0,,9.75,28,0,0.02704,11,0,9.25,,0,0,0,0,0,0,0,0,0,,40,38,,0,0,0,0
1604111517853,8,1010123456029,72,,1,1,4,1,0,,15.8333,36,0,0.052288,13,0,10.5,,0,0,0,0,0,0,0,0,0,,41,48,,0,0,0,0
1604111518103,8,1010123456029,72,,1,1,4,1,0,,13.5909,22,0,0.03712,10,0,9,,0,0,0,0,0,0,0,0,0,,32,34,,0,0,0,0
1604111518353,8,1010123456029,72,,1,1,4,1,0,,14.0741,27,0,0.0371406,10,0,10.5,,4.85714,7,0,0.1,3,0,0,12.3149,31,,40,40,,0,0,0,1
1604111518603,8,1010123456029,72,,1,1,4,1,0,,3.83146,89,0,0.0449478,35,0,7.33333,,0,0,0,0,0,0,0,0,0,,121,152,,0,0,0,0
1604111518853,8,1010123456029,72,,1,1,4,1,0,,13.6,25,0,0.037088,12,0,10.8,,0,0,0,0,0,0,0,0,0,,28,32,,0,0,0,0
1604111519103,8,1010123456029,72,,1,1,4,1,0,,15.2273,22,0,0.031552,8,0,0.1,,0,0,0,0,0,0,0,0,0,,29,30,,0,0,0,0
1604111519353,8,1010123456029,72,,1,1,4,1,0,,14.7333,30,0,0.052416,13,0,9,,5.14286,7,0,0.1,3,0,0,8.64773,31,,47,48,,0,0,0,1
1604111519603,8,1010123456029,72,,1,1,4,1,0,,14.35,20,0,0.031584,8,0,9,,0,0,0,0,0,0,0,0,0,,27,30,,0,0,0,0
1604111519853,8,1010123456029,72,,1,1,4,1,0,,5.16868,83,0,0.049984,33,0,7.25,,0,0,0,0,0,0,0,0,0,,118,162,,0,0,0,0
1604111520103,8,1010123456029,72,,1,1,4,1,0,,13.125,8,0,0.015712,4,0,12,,0,0,0,0,0,0,0,0,0,,9,10,,0,0,0,0
1604111520353,8,1010123456029,72,,1,1,4,1,0,,14.4074,27,0,0.042272,11,0,9,,3.83333,12,0,0.1,5,0,0,8.95773,31,,38,42,,0,0,0,1
1604111520603,8,1010123456029,72,,1,1,4,1,0,,12.84,50,0,0.068,20,0,9.66667,,0,0,0,0,0,0,0,0,0,,98,78,,0,0,0,0
1604111520853,8,1010123456029,72,,1,1,4,1,0,,1.62712,118,0,0.024992,45,0,8,,0,0,0,0,0,0,0,0,0,,-46,306,,0,0,0,0
1604111521103,8,1010123456029,72,,1,1,4,1,0,,18,18,0,0.047744,10,0,11.2,,0,0,0,0,0,0,0,0,0,,22,28,,0,0,0,0
1604111521353,8,1010123456029,72,,1,1,4,1,0,,15.4167,36,0,0.057728,14,0,9,,7.5,8,0,0.1,3,0,0,13.4217,31,,54,54,,0,0,0,1
1604111521603,8,1010123456029,72,,1,1,4,1,0,,13.3929,28,0,0.037216,11,0,9.66667,,0,0,0,0,0,0,0,0,0,,41,42,,0,0,0,0
1604111521853,8,1010123456029,72,,1,1,4,1,0,,11.28,25,4,0.021184,8,0,8.4,,0,0,0,0,0,0,0,0,0,,43,34,,0,0,0,0
1604111522103,8,1010123456029,72,,1,1,4,1,0,,13.3529,51,0,0.073984,21,0,9,,0,0,0,0,0,0,0,0,0,,71,76,,0,0,0,0
1604111522353,8,1010123456029,72,,1,1,4,1,0,,14.4,30,0,0.04752,13,0,9,,8.4,5,0,0.1,2,0,0,12.7903,31,,39,40,,0,0,0,1
1604111522603,8,1010123456029,72,,1,1,4,1,0,,15.2857,35,0,0.0578313,14,0,10,,0,0,0,0,0,0,0,0,0,,46,54,,0,0,0,0
1604111522853,8,1010123456029,72,,1,1,4,1,0,,14.5294,17,0,0.0211084,5,0,9,,0,0,0,0,0,0,0,0,0,,26,26,,0,0,0,0
1604111523103,8,1010123456029,72,,1,1,4,1,0,,15,12,158,0.0213333,6,0,9,,0,0,0,0,0,0,0,0,0,,21,20,,0,0,0,0
1604111523353,8,1010123456029,72,,1,1,4,1,0,,16.9286,42,0,0.082592,17,0,10,,5.5,8,0,0.1,3,0,0,8.7089,31,,64,70,,0,0,0,1
1604111523603,8,1010123456029,72,,1,1,4,1,0,,4.55056,89,0,0.0486747,34,0,6.6,,0,0,0,0,0,0,0,0,0,,60,148,,0,0,0,0
1604111523853,8,1010123456029,72,,1,1,4,1,0,,14.4286,7,0,0.0132691,6,0,9.25,,0,0,0,0,0,0,0,0,0,,10,10,,0,0,0,0
1604111524103,8,1010123456029,72,,1,1,4,1,0,,12.0263,38,0,0.042912,15,0,9.33333,,0,0,0,0,0,0,0,0,0,,64,52,,0,0,0,0
1604111524353,8,1010123456029,72,,1,1,4,1,0,,13.1429,21,0,0.0266345,8,0,8.33333,,4.57143,7,0,0.1,3,0,0,10.2506,31,,32,28,,0,0,0,1
1604111524603,8,1010123456029,72,,1,1,4,1,0,,13.1591,44,0,0.0584,18,0,8.33333,,0,0,0,0,0,0,0,0,0,,78,68,,0,0,0,0
1604111524853,8,1010123456029,72,,1,1,4,1,0,,11.6038,53,0,0.053824,22,0,9,,0,0,0,0,0,0,0,0,0,,84,66,,0,0,0,0
1604111525103,8,1010123456029,72,,1,1,4,1,0,,11.3333,33,0,0.032128,10,0,8.66667,,7,3,0,0.1,1,0,0,12.6213,31,,58,48,,0,0,0,1
1604111525353,8,1010123456029,72,,1,1,4,1,0,,10.1818,33,0,0.037216,16,0,7,,5.14286,7,0,0.1,3,0,0,7.16018,31,,121,64,,0,0,0,1
1604111525603,8,1010123456029,72,,1,1,4,1,0,,9.63333,60,0,0.058784,24,0,0.1,,0,0,0,0,0,0,0,0,0,,155,102,,0,0,0,0
1604111525853,8,1010123456029,72,,1,1,4,1,0,,13.1667,24,0,0.032,10,0,9.6,,0,0,0,0,0,0,0,0,0,,35,34,,0,0,0,0
1604111526103,8,1010123456029,72,,1,1,4,1,0,,13.6316,19,0,0.0264,8,0,10,,0,0,0,0,0,0,0,0,0,,30,28,,0,0,0,0
1604111526353,8,1010123456029,72,,1,1,4,1,0,,18,22,0,0.041216,8,0,0.1,,4.57143,7,0,0.1,3,0,0,9.77705,31,,26,32,,0,0,0,1
1604111526603,8,1010123456029,72,,1,1,4,1,0,,18,17,0,0.036064,7,0,12,,0,0,0,0,0,0,0,0,0,,21,28,,0,0,0,0
1604111526853,8,1010123456029,72,,1,1,4,1,0,,18,9,0,0.015456,3,0,8,,0,0,0,0,0,0,0,0,0,,9,12,,0,0,0,0
1604111527103,8,1010123456029,72,,1,1,4,1,0,,12.5,10,0,0.010624,4,0,8,,0,0,0,0,0,0,0,0,0,,16,12,,0,0,0,0
1604111527353,8,1010123456029,72,,1,1,4,1,0,,14.5217,46,65,0.05264,15,0,11,,7.4,5,0,0.1,2,0,0,9.46345,31,,67,66,,0,0,0,1.4
1604111527603,8,1010123456029,72,,1,1,4,1,0,,12.2941,17,103,0.031584,9,0,8,,0,0,0,0,0,0,0,0,0,,29,24,,0,0,0,0
1604111527853,8,1010123456029,72,,1,1,4,1,0,,14.0833,24,0,0.036448,10,0,9.5,,0,0,0,0,0,0,0,0,0,,40,34,,0,0,0,0
1604111528103,8,1010123456029,72,,1,1,4,1,0,,11.098,51,0,0.042688,18,0,8,,0,0,0,0,0,0,0,0,0,,75,60,,0,0,0,0
1604111528353,8,1010123456029,72,,1,1,4,1,0,,4.46667,45,0,0.028288,20,0,7.75,,4.85714,7,0,0.1,3,0,0,14.035,31,,9,70,,0,0,0,1
1604111528603,8,1010123456029,72,,1,1,4,1,0,,13.55,40,0,0.053088,16,0,9.33333,,0,0,0,0,0,0,0,0,0,,56,54,,0,0,0,0
1604111528853,8,1010123456029,72,,1,1,4,1,0,,15.1818,44,0,0.057536,16,0,10,,0,0,0,0,0,0,0,0,0,,61,58,,0,0,0,0
1604111529103,8,1010123456029,72,,1,1,4,1,0,,5.37037,54,46,0.039648,17,0,6.66667,,0,0,0,0,0,0,0,0,0,,9,100,,0,0,0,0
1604111529353,8,1010123456029,72,,1,1,4,1,0,,2.22917,96,0,0.0398072,45,0,10.3333,,10.4,5,0,0.1,2,0,0,13.1442,31,,143,256,,0,0,0,1
1604111529603,8,1010123456029,72,,1,1,4,1,0,,18,9,0,0.0206908,4,0,9,,0,0,0,0,0,0,0,0,0,,16,16,,0,0,0,0
1604111529853,8,1010123456029,72,,1,1,4,1,0,,13.8261,23,0,0.031648,9,0,9.8,,0,0,0,0,0,0,0,0,0,,38,32,,0,0,0,0
1604111530103,8,1010123456029,72,,1,1,4,1,0,,9.26415,53,0,0.048672,21,0,8.5,,0,0,0,0,0,0,0,0,0,,81,74,,0,0,0,0
1604111530353,8,1010123456029,72,,1,1,4,1,0,,14.5455,22,0,0.0316466,9,0,10.75,,9.4,5,0,0.1,2,0,0,15.5083,31,,33,30,,0,0,0,1
1604111530603,8,1010123456029,72,,1,1,4,1,0,,16.2308,26,0,0.041536,10,0,10.8,,0,0,0,0,0,0,0,0,0,,36,44,,0,0,0,0
1604111530853,8,1010123456029,72,,1,1,4,1,0,,15.1702,47,0,0.068064,18,0,11,,0,0,0,0,0,0,0,0,0,,63,66,,0,0,0,0
1604111531103,8,1010123456029,72,,1,1,4,1,0,,16.8182,22,0,0.0467149,10,0,10.8,,0,0,0,0,0,0,0,0,0,,30,34,,0,0,0,0
1604111531353,8,1010123456029,72,,1,1,4,1,0,,15.7273,11,158,0.020832,5,0,10,,0,0,0,0,0,0,0,0,0,,17,18,,0,0,0,0
1604111531603,8,1010123456029,72,,1,1,4,1,0,,14.3256,43,0,0.067936,18,0,11,,14.4,5,0,0.1,2,0,0,21.3745,31,,59,62,,0,0,0,1
1604111531853,8,1010123456029,72,,1,1,4,1,0,,12.6458,48,0,0.053216,19,0,9.2,,0,0,0,0,0,0,0,0,0,,73,62,,0,0,0,0
1604111532103,8,1010123456029,72,,1,1,4,1,0,,13.6,30,0,0.04192,12,0,9.8,,0,0,0,0,0,0,0,0,0,,46,44,,0,0,0,0
1604111532353,8,1010123456029,72,,1,1,4,1,0,,14,52,0,0.057824,18,0,9.75,,12.2,5,0,0.1,2,0,0,10.1802,31,,73,76,,0,0,0,1.8
1604111532603,8,1010123456029,72,,1,1,4,1,0,,16.0769,26,0,0.05712,13,0,11.8333,,0,0,0,0,0,0,0,0,0,,29,40,,0,0,0,0
1604111532853,8,1010123456029,72,,1,1,4,1,0,,11.8333,30,0,0.031968,13,0,9,,0,0,0,0,0,0,0,0,0,,115,80,,0,0,0,0
1604111533103,8,1010123456029,72,,1,1,4,1,0,,12.7647,17,0,0.015968,6,0,11.6,,0,0,0,0,0,0,0,0,0,,29,24,,0,0,0,0
1604111533353,8,1010123456029,72,,1,1,4,1,0,,15.7273,33,0,0.0574458,14,0,10.75,,6.28571,7,0,0.1,3,0,0,18.4985,31,,44,46,,0,0,0,1
1604111533603,8,1010123456029,72,,1,1,4,1,0,,15.4483,29,0,0.046752,11,0,10.4,,0,0,0,0,0,0,0,0,0,,60,48,,0,0,0,0
1604111533853,8,1010123456029,72,,1,1,4,1,0,,14.6667,15,0,0.021056,6,0,11.8,,0,0,0,0,0,0,0,0,0,,15,20,,0,0,0,0
1604111534103,8,1010123456029,72,,1,1,4,1,0,,16.6154,13,65,0.02576,5,0,11.5,,0,0,0,0,0,0,0,0,0,,16,20,,0,0,0,0
1604111534353,8,1010123456029,72,,1,1,4,1,0,,12.5652,23,0,0.0266667,10,0,10.4,,13.6,5,0,0.1,2,0,0,16.6954,31,,33,32,,0,0,0,1
1604111534603,8,1010123456029,72,,1,1,4,1,0,,18,15,0,0.036064,7,0,12,,0,0,0,0,0,0,0,0,0,,18,24,,0,0,0,0
1604111534853,8,1010123456029,72,,1,1,4,1,0,,15.3333,27,31,0.041376,9,0,10.6667,,0,0,0,0,0,0,0,0,0,,36,42,,0,0,0,0
1604111535103,8,1010123456029,72,,1,1,4,1,0,,11.7,30,0,0.037536,15,0,10.6,,0,0,0,0,0,0,0,0,0,,57,48,,0,0,0,0
1604111535353,8,1010123456029,72,,1,1,4,1,0,,7.14286,21,0,0.021216,9,0,9.8,,5.4,10,0,0.1,4,0,0,11.3367,31,,-13,120,,0,0,0,2.8
1604111535603,8,1010123456029,72,,1,1,4,1,0,,16.2143,14,0,0.020832,5,0,12.75,,0,0,0,0,0,0,0,0,0,,13,18,,0,0,0,0
1604111535853,8,1010123456029,72,,1,1,4,1,0,,15.0455,22,0,0.0314217,8,0,11.1667,,0,0,0,0,0,0,0,0,0,,36,40,,0,0,0,0
1604111536103,8,1010123456029,72,,1,1,4,1,0,,12.0625,32,0,0.0373655,14,0,9,,0,0,0,0,0,0,0,0,0,,47,38,,0,0,0,0
1604111536353,8,1010123456029,72,,1,1,4,1,0,,14.9524,21,0,0.0313896,8,0,10.6,,7.4,5,0,0.1,2,0,0,15.3549,31,,28,28,,0,0,0,1
1604111536603,8,1010123456029,72,,1,1,4,1,0,,14.3333,18,0,0.0263775,7,0,10.75,,0,0,0,0,0,0,0,0,0,,27,26,,0,0,0,0
1604111536853,8,1010123456029,72,,1,1,4,1,0,,14.9167,12,0,0.02096,5,0,10.6667,,0,0,0,0,0,0,0,0,0,,19,20,,0,0,0,0
1604111537103,8,1010123456029,72,,1,1,4,1,0,,4.24,100,0,0.050144,38,0,9.5,,0,0,0,0,0,0,0,0,0,,61,154,,0,0,0,0
1604111537353,8,1010123456029,72,,1,1,4,1,0,,16.1304,23,0,0.041472,10,0,10.6,,11.6,5,0,0.1,2,0,0,14.2871,31,,31,34,,0,0,0,1
1604111537603,8,1010123456029,72,,1,1,4,1,0,,16.4667,15,0,0.028672,6,0,11,,12,3,0,0.1,1,0,0,14.6523,0,,23,24,,0,0,0,1
1604111537853,8,1010123456029,72,,1,1,4,1,0,,17.2222,27,0,0.046528,10,0,11.1429,,0,0,0,0,0,0,0,0,0,,29,38,,0,0,0,0
1604111538103,8,1010123456029,72,,1,1,4,1,0,,12.4667,30,0,0.032,12,0,8.4,,0,0,0,0,0,0,0,0,0,,48,36,,0,0,0,0
1604111538353,8,1010123456029,72,,1,1,4,1,0,,16.2308,26,0,0.0416,10,0,11.25,,10.8,5,0,0.1,2,0,0,10.6874,31,,29,36,,0,0,0,1.6
1604111538603,8,1010123456029,72,,1,1,4,1,0,,11.2963,27,0,0.031648,11,0,8,,0,0,0,0,0,0,0,0,0,,53,46,,0,0,0,0
1604111538853,8,1010123456029,72,,1,1,4,1,0,,15.9167,12,0,0.01568,4,0,9,,0,0,0,0,0,0,0,0,0,,13,18,,0,0,0,0
1604111539103,8,1010123456029,72,,1,1,4,1,0,,14.0294,34,0,0.0528835,14,0,10.1667,,0,0,0,0,0,0,0,0,0,,50,46,,0,0,0,0
1604111539353,8,1010123456029,72,,1,1,4,1,0,,14.5,12,0,0.015744,4,0,8.5,,0,0,0,0,0,0,0,0,0,,22,20,,0,0,0,0
1604111539603,8,1010123456029,72,,1,1,4,1,0,,11.4545,22,49,0.020992,7,0,10.6,,1.14286,21,0,0.1,9,0,0,9.75658,31,,43,32,,0,0,0,1
1604111539853,8,1010123456029,72,,1,1,4,1,0,,12.0816,49,28,0.055328,18,0,9.33333,,0,0,0,0,0,0,0,0,0,,152,108,,0,0,0,0
1604111540103,8,1010123456029,72,,1,1,4,1,0,,13.875,32,0,0.045056,15,0,10.8,,0,0,0,0,0,0,0,0,0,,52,52,,0,0,0,0
1604111540353,8,1010123456029,72,,1,1,4,1,0,,2.66667,150,0,0.063392,61,0,9,,1.2,15,0,0.1,6,0,0,8.04155,31,,-31,352,,0,0,0,1.13333
1604111540603,8,1010123456029,72,,1,1,4,1,0,,12.6129,31,0,0.042432,13,0,9.2,,0,0,0,0,0,0,0,0,0,,73,66,,0,0,0,0
1604111540853,8,1010123456029,72,,1,1,4,1,0,,13.5405,37,0,0.047328,15,0,9.83333,,0,0,0,0,0,0,0,0,0,,52,48,,0,0,0,0
1604111541103,8,1010123456029,72,,1,1,4,1,0,,14.14,50,158,0.062592,17,0,9.75,,0,0,0,0,0,0,0,0,0,,69,66,,0,0,0,0
1604111541353,8,1010123456029,72,,1,1,4,1,0,,16.0222,45,0,0.078368,19,0,11.6667,,2,18,0,0.1,7,0,0,10.4852,31,,70,68,,0,0,0,1
1604111541603,8,1010123456029,72,,1,1,6,1,0,,12.6923,13,0,0.0211084,6,0,9.66667,,0,0,0,0,0,0,0,0,0,,22,22,,0,0,0,0
1604111541853,8,1010123456029,72,,1,1,6,1,0,,16.25,20,0,0.041696,9,0,11.7143,,0,0,0,0,0,0,0,0,0,,28,36,,0,0,0,0
1604111542103,8,1010123456029,72,,1,1,6,1,0,,15.9167,12,0,0.020832,5,0,11.1667,,0,0,0,0,0,0,0,0,0,,14,18,,0,0,0,0
1604111542353,8,1010123456029,72,,1,1,6,1,0,,13,7,0,0.016224,3,0,10.4,,0,0,0,0,0,0,0,0,0,,18,18,,0,0,0,0
1604111542603,8,1010123456029,72,,1,1,6,1,0,,18,19,158,0.046368,9,0,11.1667,,10.8,5,0,0.1,2,0,0,11.3534,31,,30,36,,0,0,0,1.6
1604111542853,8,1010123456029,72,,1,1,6,1,0,,13.7241,29,0,0.036512,10,0,9.33333,,0,0,0,0,0,0,0,0,0,,46,46,,0,0,0,0
1604111543103,8,1010123456029,72,,1,1,6,1,0,,17.04,25,0,0.0518876,11,0,11,,0,0,0,0,0,0,0,0,0,,30,38,,0,0,0,0
1604111543353,8,1010123456029,72,,1,1,6,1,0,,17.5,30,0,0.051776,10,0,10.6667,,7,8,0,0.1,4,25,0,10.5219,31,,37,46,,0,0,0,4.375
1604111543603,8,1010123456029,72,,1,1,6,1,0,,18,21,0,0.0465542,9,0,10.5,,14,24,0,0.1,10,40,0,11.5303,0,,26,32,,0,0,0,4.41667
1604111543853,8,1010123456029,72,,1,1,6,1,0,,17.5238,21,0,0.0413815,8,0,10.5714,,0,0,0,0,0,0,0,0,0,,32,38,,0,0,0,0
1604111544103,8,1010123456029,72,,1,1,6,1,0,,0,10,0,0.0315502,6,0,11,,0,0,0,0,0,0,0,0,0,,19,22,,0,0,0,0
1604111544353,8,1010123456029,72,,1,1,6,1,0,,16.4444,27,0,0.046688,11,0,11,,4.5625,16,0,0.1,6,0,0,15.2803,31,,32,40,,0,0,0,1
1604111544603,8,1010123456029,72,,1,1,6,1,0,,15.8276,29,77,0.041408,10,0,11,,0,0,0,0,0,0,0,0,0,,39,44,,0,0,0,0
1604111544853,8,1010123456029,72,,1,1,6,1,0,,3.71831,71,0,0.054656,32,0,10.4286,,0,0,0,0,0,0,0,0,0,,45,176,,0,0,0,0
1604111545103,8,1010123456029,72,,1,1,6,1,0,,16.1739,23,0,0.03632,9,0,11.1667,,0,0,0,0,0,0,0,0,0,,26,32,,0,0,0,0
1604111545353,8,1010123456029,72,,1,1,6,1,0,,18,27,0,0.046368,9,0,11,,12,5,0,0.1,2,0,0,17.0313,31,,32,40,,0,0,0,1
1604111545603,8,1010123456029,72,,1,1,6,1,0,,14.0588,17,0,0.03648,8,0,9.83333,,0,0,0,0,0,0,0,0,0,,34,34,,0,0,0,0
1604111545853,8,1010123456029,72,,1,1,6,1,0,,4.08696,69,0,0.0442731,28,0,9.57143,,0,0,0,0,0,0,0,0,0,,-13,248,,0,0,0,0
1604111546103,8,1010123456029,72,,1,1,6,1,0,,16.25,12,0,0.0156787,4,0,11.3333,,0,0,0,0,0,0,0,0,0,,14,18,,0,0,0,0
1604111546353,8,1010123456029,72,,1,1,6,1,0,,17.4828,29,0,0.056928,11,0,11.3333,,13.6,5,0,0.1,2,0,0,17.143,31,,34,44,,0,0,0,1
1604111546603,8,1010123456029,72,,1,1,6,1,0,,17.1923,26,0,0.046464,10,0,11.3333,,0,0,0,0,0,0,0,0,0,,34,42,,0,0,0,0
1604111546853,8,1010123456029,72,,1,1,6,1,0,,17.1935,31,0,0.056896,12,0,11.8571,,0,0,0,0,0,0,0,0,0,,34,46,,0,0,0,0
1604111547140,7,1010123456029,72,,1,1,6,1,0,,13.45,20,0,0.0228293,5,0,11.2857,,0,0,0,0,0,0,0,0,0,,16,18,,0,0,0,0
1604111547353,7,1010123456029,72,,1,1,6,1,0,,18.6667,18,0,0.0546479,7,0,11,,13,8,0,0.1,3,33.3333,0,11.2988,31,,26,32,,0,0,0,4.75
1604111547603,7,1010123456029,72,,1,1,6,1,0,,0,4,0,0.010304,2,0,12.1667,,0,0,0,0,0,0,0,0,0,,6,8,,0,0,0,0
1604111547853,7,1010123456029,72,,1,1,6,1,0,,16.75,20,0,0.04688,9,0,10.5714,,0,0,0,0,0,0,0,0,0,,33,40,,0,0,0,0
1604111548103,7,1010123456029,72,,1,1,6,1,0,,16.3529,34,0,0.057312,13,0,11.1667,,0,0,0,0,0,0,0,0,0,,41,54,,0,0,0,0
1604111548353,7,1010123456029,72,,1,1,6,1,0,,18,3,0,0.010304,2,0,12,,0,0,0,0,0,0,0,0,0,,3,4,,0,0,0,0
1604111548603,7,1010123456029,72,,1,1,6,1,0,,18,10,0,0.020608,4,0,11.8333,,12,5,0,0.1,2,0,0,17.2566,31,,12,16,,0,0,0,1
1604111548853,7,1010123456029,72,,1,1,6,1,0,,18,8,0,0.015456,3,0,10.8571,,0,0,0,0,0,0,0,0,0,,9,12,,0,0,0,0
1604111549103,7,1010123456029,72,,1,1,6,1,0,,15.5,20,0,0.036288,8,0,11.5,,0,0,0,0,0,0,0,0,0,,35,34,,0,0,0,0
1604111549353,7,1010123456029,72,,1,1,6,1,0,,15.0833,24,0,0.037056,8,0,11,,13.75,8,0,0.1,3,33.3333,0,11.0676,31,,28,40,,0,0,0,5.125
1604111549603,7,1010123456029,72,,1,1,6,1,0,,18.2727,22,0,0.056768,10,0,11.8333,,0,0,0,0,0,0,0,0,0,,31,38,,0,0,0,0
1604111549853,7,1010123456029,72,,1,1,6,1,0,,16.0769,13,0,0.01568,4,0,11.8333,,0,0,0,0,0,0,0,0,0,,13,18,,0,0,0,0
1604111550103,7,1010123456029,72,,1,1,6,1,0,,18,17,158,0.036064,7,0,12.2,,0,0,0,0,0,0,0,0,0,,18,24,,0,0,0,0
1604111550353,7,1010123456029,72,,1,1,6,1,0,,18,21,0,0.0465542,9,0,11.3333,,11.2,5,0,0.1,2,0,0,14.9743,31,,29,36,,0,0,0,1
1604111550603,7,1010123456029,72,,1,1,6,1,0,,16.4,35,0,0.0678876,15,0,11.1667,,0,0,0,0,0,0,0,0,0,,48,58,,0,0,0,0
1604111550853,7,1010123456029,72,,1,1,6,1,0,,17.1667,18,0,0.0312932,6,0,10.7143,,0,0,0,0,0,0,0,0,0,,21,26,,0,0,0,0
1604111551103,7,1010123456029,72,,1,1,6,1,0,,16.16,25,0,0.0416,10,0,11.5,,0,0,0,0,0,0,0,0,0,,27,36,,0,0,0,0
1604111551353,7,1010123456029,72,,1,1,6,1,0,,17.125,24,0,0.041376,9,0,11.1667,,10.4,5,0,0.1,2,0,0,14.9931,31,,33,42,,0,0,0,1
1604111551603,7,1010123456029,72,,1,1,6,1,0,,18,22,0,0.046368,9,0,11.5,,0,0,0,0,0,0,0,0,0,,29,36,,0,0,0,0
1604111551853,7,1010123456029,72,,1,1,6,1,0,,17.3636,22,0,0.041312,9,0,11,,0,0,0,0,0,0,0,0,0,,27,34,,0,0,0,0
1604111552103,7,1010123456029,72,,1,1,6,1,0,,18,16,0,0.041216,8,0,11.3333,,0,0,0,0,0,0,0,0,0,,24,28,,0,0,0,0
1604111552353,7,1010123456029,72,,1,1,6,1,0,,18,14,0,0.020608,4,0,11.8333,,10.4,5,0,0.1,2,0,0,17.2449,31,,15,20,,0,0,0,1.4
1604111552603,7,1010123456029,72,,1,1,6,1,0,,14.2941,17,0,0.031328,7,0,10,,0,0,0,0,0,0,0,0,0,,27,28,,0,0,0,0
1604111552853,7,1010123456029,72,,1,1,6,1,0,,7.78378,37,0,0.040672,13,0,10.1429,,0,0,0,0,0,0,0,0,0,,19,100,,0,0,0,0
1604111553103,7,1010123456029,72,,1,1,6,1,0,,13.9091,33,65,0.04848,13,0,10.1667,,0,2,0,0.1,1,0,0,0,31,,59,60,,0,0,0,0
1604111553353,7,1010123456029,72,,1,1,6,1,0,,16.9286,28,0,0.062144,14,0,11,,10.2,5,0,0.1,2,0,0,15.3535,31,,35,44,,0,0,0,1
1604111553603,7,1010123456029,72,,1,1,6,1,0,,16.9167,24,0,0.05152,10,0,9.66667,,0,0,0,0,0,0,0,0,0,,44,44,,0,0,0,0
1604111553853,7,1010123456029,72,,1,1,6,1,0,,3.08451,71,0,0.044704,29,0,8.71429,,0,0,0,0,0,0,0,0,0,,73,166,,0,0,0,0
1604111554103,7,1010123456029,72,,1,1,6,1,0,,16.3846,13,0,0.020768,5,0,11,,0,0,0,0,0,0,0,0,0,,14,18,,0,0,0,0
1604111554353,7,1010123456029,72,,1,1,6,1,0,,4.55556,81,65,0.059872,32,0,8,,10.4,5,0,0.1,2,0,0,14.5667,31,,27,236,,0,0,0,1
1604111554603,7,1010123456029,72,,1,1,6,1,0,,16.1935,31,0,0.051936,12,0,10.8333,,0,0,0,0,0,0,0,0,0,,38,44,,0,0,0,0
1604111554853,7,1010123456029,72,,1,1,6,1,0,,14.7333,15,0,0.031072,7,0,10.2857,,0,0,0,0,0,0,0,0,0,,24,26,,0,0,0,0
1604111555103,7,1010123456029,72,,1,1,6,1,0,,15.1667,18,0,0.031104,7,0,10.2,,12,3,0,0.1,1,0,0,13.3795,31,,23,28,,0,0,0,1
1604111555353,7,1010123456029,72,,1,1,6,1,0,,17.44,25,0,0.046464,10,0,11.3333,,8.6,5,0,0.1,2,0,0,15.9071,31,,34,38,,0,0,0,1
1604111555603,7,1010123456029,72,,1,1,6,1,0,,13.3333,15,0,0.020928,6,0,10.3333,,15,3,0,0.1,1,0,0,16.7426,0,,23,24,,0,0,0,2
1604111555853,7,1010123456029,72,,1,1,6,1,0,,10.8571,21,0,0.0219116,6,0,8.71429,,0,0,0,0,0,0,0,0,0,,29,50,,0,0,0,0
1604111556103,7,1010123456029,72,,1,1,6,1,0,,14.4,20,0,0.036096,10,0,11,,0,0,0,0,0,0,0,0,0,,25,30,,0,0,0,0
1604111556353,7,1010123456029,72,,1,1,6,1,0,,15.3158,19,0,0.036224,8,0,10.2,,10.4,5,0,0.1,2,0,0,14.2363,31,,30,34,,0,0,0,1.4
1604111556603,7,1010123456029,72,,1,1,6,1,0,,3.6,25,38,0.010304,2,0,10,,0,0,0,0,0,0,0,0,0,,-1,56,,0,0,0,0
1604111556853,7,1010123456029,72,,1,1,6,1,0,,7,24,0,0.028384,17,0,8.42857,,0,0,0,0,0,0,0,0,0,,42,50,,0,0,0,0
1604111557103,7,1010123456029,72,,1,1,6,1,0,,15.2273,22,0,0.036928,8,0,10,,0,0,0,0,0,0,0,0,0,,33,36,,0,0,0,0
1604111557353,7,1010123456029,72,,1,1,6,1,0,,4.33333,27,0,0.022112,11,0,8.5,,0,0,0,0,0,0,0,0,0,,1,80,,0,0,0,0
1604111557603,7,1010123456029,72,,1,1,6,1,0,,15.7143,28,0,0.052448,11,0,10,,12,5,0,0.1,2,0,0,19.374,31,,41,48,,0,0,0,1
1604111557853,7,1010123456029,72,,1,1,6,1,0,,17.5652,23,0,0.041472,8,0,10,,0,0,0,0,0,0,0,0,0,,36,38,,0,0,0,0
1604111558103,7,1010123456029,72,,1,1,6,1,0,,16.871,31,0,0.06208,12,0,9.5,,0,0,0,0,0,0,0,0,0,,54,54,,0,0,0,0
1604111558353,7,1010123456029,72,,1,1,6,1,0,,15.4,25,0,0.058208,11,0,9.33333,,12.2,5,0,0.1,2,0,0,14.419,31,,50,50,,0,0,0,1.6
1604111558603,7,1010123456029,72,,1,1,6,1,0,,18,21,0,0.0413815,8,0,9.33333,,0,0,0,0,0,0,0,0,0,,30,32,,0,0,0,0
1604111558853,7,1010123456029,72,,1,1,6,1,0,,13.1667,18,0,0.026848,7,0,9.14286,,0,0,0,0,0,0,0,0,0,,28,30,,0,0,0,0
1604111559103,7,1010123456029,72,,1,1,6,1,0,,16.95,20,0,0.036224,8,0,10.1667,,0,0,0,0,0,0,0,0,0,,27,30,,0,0,0,0
1604111559353,7,1010123456029,72,,1,1,6,1,0,,10.3684,38,83,0.047072,10,0,7.8,,11.6,5,0,0.1,2,0,0,13.3649,31,,35,86,,0,0,0,1
1604111559603,7,1010123456029,72,,1,1,6,1,0,,7.68,50,0,0.054464,25,0,9.83333,,0,0,0,0,0,0,0,0,0,,52,112,,0,0,0,0
1604111559853,7,1010123456029,72,,1,1,6,1,0,,12.9762,42,0,0.057504,16,0,9.42857,,0,0,0,0,0,0,0,0,0,,79,78,,0,0,0,0
1604111560103,7,1010123456029,72,,1,1,6,1,0,,15.8824,17,0,0.031424,8,0,9.66667,,0,0,0,0,0,0,0,0,0,,23,24,,0,0,0,0
1604111560353,7,1010123456029,72,,1,1,6,1,0,,5.78182,55,0,0.048384,22,0,7.5,,9.6,5,0,0.1,2,0,0,15.7353,31,,70,144,,0,0,0,1.4
1604111560603,7,1010123456029,72,,1,1,6,1,0,,12.6923,13,0,0.015904,4,0,9.16667,,0,0,0,0,0,0,0,0,0,,23,24,,0,0,0,0
1604111560853,7,1010123456029,72,,1,1,6,1,0,,13.6333,30,0,0.052576,12,0,8.71429,,0,0,0,0,0,0,0,0,0,,62,56,,0,0,0,0
1604111561103,7,1010123456029,72,,1,1,6,1,0,,15.1111,27,0,0.047136,11,0,10,,0,0,0,0,0,0,0,0,0,,38,40,,0,0,0,0
1604111561353,7,1010123456029,72,,1,1,6,1,0,,14.7368,19,0,0.041376,9,0,9.4,,6.85714,7,0,0.1,3,0,0,7.08103,31,,42,38,,0,0,0,2.71429
1604111561603,7,1010123456029,72,,1,1,6,1,0,,12.16,25,0,0.036544,10,0,9.16667,,0,0,0,0,0,0,0,0,0,,63,62,,0,0,0,0
1604111561853,7,1010123456029,72,,1,1,6,1,0,,15,27,0,0.036512,10,0,9.71429,,0,0,0,0,0,0,0,0,0,,35,36,,0,0,0,0
1604111562103,7,1010123456029,72,,1,1,6,1,0,,15.8824,17,0,0.031328,7,0,10.1667,,0,0,0,0,0,0,0,0,0,,27,28,,0,0,0,0
1604111562353,7,1010123456029,72,,1,1,6,1,0,,15.6923,13,0,0.026272,5,0,9.83333,,6.375,8,0,0.1,3,0,0,17.7851,31,,24,24,,0,0,0,1.375
1604111562603,7,1010123456029,72,,1,1,6,1,0,,12.5897,39,0,0.06528,15,0,7.8,,0,0,0,0,0,0,0,0,0,,72,72,,0,0,0,0
1604111562853,7,1010123456029,72,,1,1,6,1,0,,14.4118,17,0,0.03136,7,0,9.42857,,0,0,0,0,0,0,0,0,0,,28,30,,0,0,0,0
1604111563103,7,1010123456029,72,,1,1,6,1,0,,11.1667,24,0,0.031616,9,0,8.6,,0,0,0,0,0,0,0,0,0,,47,48,,0,0,0,0
1604111563353,7,1010123456029,72,,1,1,6,1,0,,14.3636,22,0,0.0421205,9,0,9,,0,4,0,0.1,2,0,0,0,31,,39,42,,0,0,0,0
1604111563603,7,1010123456029,72,,1,1,6,1,0,,15.9167,12,0,0.026272,5,0,9,,0,0,0,0,0,0,0,0,0,,22,24,,0,0,0,0
1604111563853,7,1010123456029,72,,1,1,6,1,0,,9.7,10,0,0.010752,4,0,7.71429,,0,0,0,0,0,0,0,0,0,,13,14,,0,0,0,0
1604111564103,7,1010123456029,72,,1,1,6,1,0,,12.1613,31,0,0.0530763,12,0,8.75,,0,0,0,0,0,0,0,0,0,,74,68,,0,0,0,0
1604111564353,7,1010123456029,72,,1,1,6,1,0,,10.0333,30,0,0.037728,12,0,9.16667,,5.77778,9,0,0.1,4,0,0,8.8299,31,,59,64,,0,0,0,2.22222
1604111564603,7,1010123456029,72,,1,1,6,1,0,,18,10,158,0.020608,4,0,11.5,,0,0,0,0,0,0,0,0,0,,11,16,,0,0,0,0
1604111564853,7,1010123456029,72,,1,1,6,1,0,,13.913,46,0,0.06832,19,0,10,,0,0,0,0,0,0,0,0,0,,64,68,,0,0,0,0
1604111565103,7,1010123456029,72,,1,1,6,1,0,,16.1,30,0,0.041792,10,0,10.6667,,0,0,0,0,0,0,0,0,0,,38,42,,0,0,0,0
1604111565353,7,1010123456029,72,,1,1,6,1,0,,12.32,50,0,0.068032,20,0,9.33333,,7.04,25,0,0.1,10,0,0,15.2359,31,,108,92,,0,0,0,1.08
1604111565603,7,1010123456029,72,,1,1,6,1,0,,14.3913,23,0,0.036352,9,0,10.3333,,0,0,0,0,0,0,0,0,0,,34,36,,0,0,0,0
1604111565853,7,1010123456029,72,,1,1,6,1,0,,16,21,0,0.03632,9,0,11.2857,,0,0,0,0,0,0,0,0,0,,27,32,,0,0,0,0
1604111566103,7,1010123456029,72,,1,1,6,1,0,,17.4545,22,65,0.0362088,7,0,10.8333,,0,0,0,0,0,0,0,0,0,,30,32,,0,0,0,0
1604111566353,7,1010123456029,72,,1,1,6,1,0,,11.36,25,0,0.03792,11,0,10.1667,,13.6842,19,0,0.11328,8,0,0,17.3279,31,,70,54,,0,0,0,2.36842
1604111566603,7,1010123456029,72,,1,1,6,1,0,,13.1034,29,0,0.041632,11,0,9.33333,,0,0,0,0,0,0,0,0,0,,53,54,,0,0,0,0
1604111566853,7,1010123456029,72,,1,1,6,1,0,,12.0667,30,0,0.042048,12,0,10.5714,,0,0,0,0,0,0,0,0,0,,68,60,,0,0,0,0
1604111567103,7,1010123456029,72,,1,1,6,1,0,,18,29,0,0.056672,11,0,10,,0,0,0,0,0,0,0,0,0,,37,44,,0,0,0,0
1604111567353,7,1010123456029,72,,1,1,6,1,0,,18,8,0,0.015456,3,0,11.1667,,0,0,0,0,0,0,0,0,0,,11,12,,0,0,0,0
1604111567603,7,1010123456029,72,,1,1,6,1,0,,12.5769,26,0,0.036448,10,0,10.1667,,13.2,5,0,0.1,2,0,0,14.0635,31,,45,44,,0,0,0,1.8
1604111567853,7,1010123456029,72,,1,1,6,1,0,,16.1875,16,0,0.0261526,6,0,10.4286,,0,0,0,0,0,0,0,0,0,,31,32,,0,0,0,0
1604111568103,7,1010123456029,72,,1,1,6,1,0,,18,23,0,0.05152,10,0,10.1667,,0,0,0,0,0,0,0,0,0,,32,40,,0,0,0,0
1604111568353,7,1010123456029,72,,1,1,6,1,0,,18,16,0,0.030912,6,0,11,,2.83333,24,0,0.1,9,0,0,10.8578,31,,24,28,,0,0,0,1.625
1604111568603,7,1010123456029,72,,1,1,6,1,0,,15.7143,21,0,0.036224,8,0,10.1667,,0,0,0,0,0,0,0,0,0,,41,40,,0,0,0,0
1604111568853,7,1010123456029,72,,1,1,6,1,0,,16.5882,17,0,0.036224,8,0,11,,0,0,0,0,0,0,0,0,0,,22,26,,0,0,0,0
1604111569103,7,1010123456029,72,,1,1,6,1,0,,13.28,25,0,0.036544,10,0,10,,0,0,0,0,0,0,0,0,0,,38,40,,0,0,0,0
1604111569353,7,1010123456029,72,,1,1,6,1,0,,17.1111,27,0,0.0467149,10,0,11,,3.5,8,0,0.1,3,0,0,11.9099,31,,34,38,,0,0,0,1
1604111569603,7,1010123456029,72,,1,1,6,1,0,,10.7209,43,0,0.051008,16,0,9,,0,0,0,0,0,0,0,0,0,,85,78,,0,0,0,0
1604111569853,7,1010123456029,72,,1,1,6,1,0,,16.7368,19,0,0.0275984,7,0,10.3333,,0,0,0,0,0,0,0,0,0,,20,26,,0,0,0,0
1604111570103,7,1010123456029,72,,1,1,6,1,0,,12.9286,28,0,0.057152,13,0,10,,0,0,0,0,0,0,0,0,0,,60,56,,0,0,0,0
1604111570353,7,1010123456029,72,,1,1,6,1,0,,13.3846,39,158,0.057184,15,0,10.5,,9,5,0,0.1,2,0,0,10.7103,31,,69,70,,0,0,0,1.4
1604111570603,7,1010123456029,72,,1,1,6,1,0,,18,10,0,0.020608,4,0,11,,0,0,0,0,0,0,0,0,0,,13,16,,0,0,0,0
1604111570853,7,1010123456029,72,,1,1,6,1,0,,16.5,12,0,0.026016,5,0,11.2857,,0,0,0,0,0,0,0,0,0,,16,20,,0,0,0,0
1604111571103,7,1010123456029,72,,1,1,6,1,0,,10.9565,23,0,0.0263775,9,0,10,,0,0,0,0,0,0,0,0,0,,42,38,,0,0,0,0
1604111571353,7,1010123456029,72,,1,1,6,1,0,,16.6667,18,0,0.036224,8,0,11.1667,,10,5,0,0.1,2,0,0,11.1925,31,,26,30,,0,0,0,2.2
1604111571603,7,1010123456029,72,,1,1,2,1,0,,8.85714,35,0,0.02688,14,0,9.5,,0,0,0,0,0,0,0,0,0,,83,36,,0,0,0,0
1604111571853,7,1010123456029,72,,1,1,2,1,0,,17,20,0,0.021248,8,0,11.2857,,0,0,0,0,0,0,0,0,0,,18,16,,0,0,0,0
1604111572103,7,1010123456029,72,,1,1,2,1,0,,11.7586,58,0,0.038208,23,0,9.66667,,0,0,0,0,0,0,0,0,0,,84,46,,0,0,0,0
1604111572353,7,1010123456029,72,,1,1,2,1,0,,13,30,0,0.0218795,12,0,10.2,,4.42857,7,0,0.1,3,0,0,9.03601,31,,45,24,,0,0,0,1
1604111572603,7,1010123456029,72,,1,1,2,1,0,,12.375,48,0,0.032704,19,0,10.1667,,0,0,0,0,0,0,0,0,0,,92,40,,0,0,0,0
1604111572853,7,1010123456029,72,,1,1,2,1,0,,11.1806,72,0,0.043296,28,0,9.33333,,0,0,0,0,0,0,0,0,0,,177,64,,0,0,0,0
1604111573103,7,1010123456029,72,,1,1,2,1,0,,14.8649,37,0,0.033024,16,0,9.83333,,0,0,0,0,0,0,0,0,0,,56,32,,0,0,0,0
1604111573353,7,1010123456029,72,,1,1,2,1,0,,10.4394,66,0,0.038848,27,0,9.5,,14.3333,24,0,0.129952,9,0,0,17.401,31,,167,64,,0,0,0,1.16667
1604111573603,7,1010123456029,72,,1,1,2,1,0,,11.7576,33,0,0.021888,13,0,8.83333,,0,0,0,0,0,0,0,0,0,,54,28,,0,0,0,0
1604111573853,7,1010123456029,72,,1,1,2,1,0,,17.4286,35,0,0.026752,10,0,11,,0,0,0,0,0,0,0,0,0,,29,28,,0,0,0,0
1604111574103,7,1010123456029,72,,1,1,2,1,0,,12.8302,53,0,0.04336,21,0,9.5,,0,0,0,0,0,0,0,0,0,,153,54,,0,0,0,0
1604111574353,7,1010123456029,72,,1,1,2,1,0,,14.9455,55,0,0.05424,27,0,11,,12.4,5,0,0.1,2,0,0,14.9951,31,,81,48,,0,0,0,1
1604111574603,7,1010123456029,72,,1,1,2,1,0,,15.4074,27,0,0.021408,9,0,11,,0,0,0,0,0,0,0,0,0,,22,22,,0,0,0,0
1604111574853,7,1010123456029,72,,1,1,2,1,0,,12,46,0,0.03872,21,0,10.2,,0,0,0,0,0,0,0,0,0,,109,48,,0,0,0,0
1604111575103,7,1010123456029,72,,1,1,2,1,0,,10.6,45,0,0.027616,18,0,9.6,,0,0,0,0,0,0,0,0,0,,98,40,,0,0,0,0
1604111575353,7,1010123456029,72,,1,1,2,1,0,,17.5319,47,0,0.053216,19,0,10.25,,12,5,0,0.1,2,0,0,12.1723,31,,63,38,,0,0,0,3
1604111575603,7,1010123456029,72,,1,1,2,1,0,,15.122,41,0,0.03744,16,0,10.3333,,0,0,0,0,0,0,0,0,0,,58,34,,0,0,0,0
1604111575853,7,1010123456029,72,,1,1,2,1,0,,11.9326,89,0,0.059712,33,0,10,,0,0,0,0,0,0,0,0,0,,54,78,,0,0,0,0
1604111576103,7,1010123456029,72,,1,1,2,1,0,,15.9592,49,0,0.053632,22,0,12,,0,0,0,0,0,0,0,0,0,,41,42,,0,0,0,0
1604111576353,7,1010123456029,72,,1,1,2,1,0,,16.5172,58,0,0.05856,23,0,12.2,,0,0,0,0,0,0,0,0,0,,62,50,,0,0,0,0
1604111576603,7,1010123456029,72,,1,1,2,1,0,,16.2368,38,0,0.037568,15,0,11.8333,,11.6316,38,0,0.1176,15,26.6667,0,12.132,31,,32,30,,0,0,0,3.89474
1604111576853,7,1010123456029,72,,1,1,2,1,0,,17.7586,29,0,0.031936,12,0,11.1429,,0,0,0,0,0,0,0,0,0,,25,26,,0,0,0,0
1604111577103,7,1010123456029,72,,1,1,2,1,0,,17.4,25,0,0.021312,8,0,11.1667,,0,0,0,0,0,0,0,0,0,,23,22,,0,0,0,0
1604111577353,7,1010123456029,72,,1,1,2,1,0,,15.0385,26,0,0.02688,12,0,11.3333,,7.4,5,0,0.1,2,0,0,13.3881,31,,37,22,,0,0,0,1
1604111577603,7,1010123456029,72,,1,1,2,1,0,,15.08,25,0,0.01616,8,0,11,,0,0,0,0,0,0,0,0,0,,30,20,,0,0,0,0
1604111577853,7,1010123456029,72,,1,1,2,1,0,,11.1034,29,0,0.022048,14,0,9.5,,0,0,0,0,0,0,0,0,0,,52,26,,0,0,0,0
1604111578103,7,1010123456029,72,,1,1,2,1,0,,16.5128,39,0,0.042656,16,0,12.3333,,0,0,0,0,0,0,0,0,0,,33,34,,0,0,0,0
1604111578353,7,1010123456029,72,,1,1,2,1,0,,13.0548,73,0,0.059424,29,0,11.1667,,10.4,5,0,0.1,2,0,0,12.6851,31,,83,60,,0,0,0,1
1604111578603,7,1010123456029,72,,1,1,2,1,0,,9.95402,87,0,0.0448835,35,0,8.16667,,0,0,0,0,0,0,0,0,0,,271,84,,0,0,0,0
1604111578853,7,1010123456029,72,,1,1,2,1,0,,16.1,30,0,0.031968,12,0,11.3333,,0,0,0,0,0,0,0,0,0,,24,24,,0,0,0,0
1604111579103,7,1010123456029,72,,1,1,2,1,0,,13,30,0,0.021792,12,0,11.1667,,0,0,0,0,0,0,0,0,0,,46,24,,0,0,0,0
1604111579353,7,1010123456029,72,,1,1,2,1,0,,15.8286,35,0,0.026816,12,0,12,,0,0,0,0,0,0,0,0,0,,34,28,,0,0,0,0
1604111579603,7,1010123456029,72,,1,1,2,1,0,,17.4,15,0,0.019936,7,0,9.83333,,8.2,5,0,0.1,2,0,0,11.3963,31,,12,12,,0,0,0,1
1604111579853,7,1010123456029,72,,1,1,2,1,0,,13.3861,101,0,0.071584,38,0,11,,0,2,0,0.1,1,0,0,0,31,,187,88,,0,0,0,0
1604111580103,7,1010123456029,72,,1,1,2,1,0,,14,54,0,0.053856,26,0,11,,0,0,0,0,0,0,0,0,0,,74,48,,0,0,0,0
1604111580353,7,1010123456029,72,,1,1,2,1,0,,15.5,42,0,0.037632,17,0,11.4,,8.25,8,0,0.1,3,0,0,13.5929,31,,39,34,,0,0,0,1
1604111580603,7,1010123456029,72,,1,1,2,1,0,,13.2593,27,115,0.021504,10,0,12,,0,0,0,0,0,0,0,0,0,,25,22,,0,0,0,0
1604111580853,7,1010123456029,72,,1,1,2,1,0,,16.7,20,0,0.021376,9,0,10.6667,,9,3,0,0.1,1,0,0,11.015,31,,17,16,,0,0,0,1
1604111581103,7,1010123456029,72,,1,1,2,1,0,,17.95,20,0,0.021376,8,0,10.5,,0,0,0,0,0,0,0,0,0,,18,16,,0,0,0,0
1604111581353,7,1010123456029,72,,1,1,2,1,0,,15.8889,63,63,0.052576,20,0,11,,7.4,5,0,0.1,2,0,0,12.9586,31,,79,54,,0,0,0,1
1604111581603,7,1010123456029,72,,1,1,2,1,0,,11.6667,12,0,0.017056,11,0,10.5,,0,0,0,0,0,0,0,0,0,,10,10,,0,0,0,0
1604111581853,7,1010123456029,72,,1,1,2,1,0,,8.97458,118,0,0.056416,47,0,9.28571,,0,0,0,0,0,0,0,0,0,,357,120,,0,0,0,0
1604111582103,7,1010123456029,72,,1,1,2,1,0,,9.55357,56,0,0.0280803,22,0,9.4,,0,0,0,0,0,0,0,0,0,,183,62,,0,0,0,0
1604111582353,7,1010123456029,72,,1,1,2,1,0,,14.1806,72,0,0.05968,29,0,10.5,,12,5,0,0.1,2,0,0,15.2363,31,,95,62,,0,0,0,1.6
1604111582603,7,1010123456029,72,,1,1,2,1,0,,17.2,40,0,0.042496,16,0,12,,0,0,0,0,0,0,0,0,0,,52,34,,0,0,0,0
1604111582853,7,1010123456029,72,,1,1,2,1,0,,11.9412,34,0,0.0220723,14,0,9.42857,,0,0,0,0,0,0,0,0,0,,60,30,,0,0,0,0
1604111583103,7,1010123456029,72,,1,1,2,1,0,,9.824,125,0,0.06208,49,0,11.5,,0,0,0,0,0,0,0,0,0,,298,106,,0,0,0,0
1604111583353,7,1010123456029,72,,1,1,2,1,0,,15.4884,43,0,0.048064,19,0,13.1667,,7.8,5,0,0.1,2,0,0,14.2556,31,,31,34,,0,0,0,1
1604111583603,7,1010123456029,72,,1,1,2,1,0,,17.1029,68,0,0.069728,27,0,11.8,,0,0,0,0,0,0,0,0,0,,54,54,,0,0,0,0
1604111583853,7,1010123456029,72,,1,1,2,1,0,,16.6512,43,0,0.04272,17,0,11.1667,,0,0,0,0,0,0,0,0,0,,59,38,,0,0,0,0
1604111584103,7,1010123456029,72,,1,1,2,1,0,,13.2159,88,93,0.06512,33,0,9.66667,,0,0,0,0,0,0,0,0,0,,172,80,,0,0,0,0
1604111584353,7,1010123456029,72,,1,1,2,1,0,,11.375,40,0,0.027744,19,0,8.83333,,0,0,0,0,0,0,0,0,0,,67,38,,0,0,0,0
1604111584603,7,1010123456029,72,,1,1,2,1,0,,10.125,112,158,0.061408,45,0,9.2,,12,5,0,0.1,2,0,0,19.9989,31,,239,94,,0,0,0,1
1604111584853,7,1010123456029,72,,1,1,2,1,0,,16.04,50,0,0.04832,21,0,11.2,,0,0,0,0,0,0,0,0,0,,58,42,,0,0,0,0
1604111585103,7,1010123456029,72,,1,1,2,1,0,,12.1406,64,0,0.043552,25,0,9.2,,0,0,0,0,0,0,0,0,0,,127,56,,0,0,0,0
1604111585353,7,1010123456029,72,,1,1,2,1,0,,10.2558,129,0,0.067104,50,0,9.5,,0,4,0,0.1,2,0,0,0,31,,296,122,,0,0,0,0
1604111585603,7,1010123456029,72,,1,1,2,1,0,,15.4444,54,0,0.053632,24,0,11.2,,0,0,0,0,0,0,0,0,0,,58,44,,0,0,0,0
1604111585853,7,1010123456029,72,,1,1,2,1,0,,12.0746,67,0,0.0385542,24,0,8.5,,0,0,0,0,0,0,0,0,0,,145,64,,0,0,0,0
1604111586103,7,1010123456029,72,,1,1,2,1,0,,15.5294,34,0,0.03232,15,0,9.16667,,0,0,0,0,0,0,0,0,0,,54,30,,0,0,0,0
1604111586353,7,1010123456029,72,,1,1,2,1,0,,16,41,0,0.042624,18,0,11,,0,0,0,0,0,0,0,0,0,,45,32,,0,0,0,0
1604111586603,7,1010123456029,72,,1,1,2,1,0,,7.13174,167,88,0.057312,60,0,6.66667,,0,4,0,0.1,2,0,0,0,31,,471,240,,0,0,0,0
1604111586853,7,1010123456029,72,,1,1,2,1,0,,8.13,100,0,0.041248,43,0,9,,0,0,0,0,0,0,0,0,0,,305,96,,0,0,0,0
1604111587103,7,1010123456029,72,,1,1,2,1,0,,8.90909,88,0,0.05056,38,0,9.4,,0,0,0,0,0,0,0,0,0,,31,92,,0,0,0,0
1604111587353,7,1010123456029,72,,1,1,2,1,0,,9.09677,124,0,0.06176,49,0,10.1667,,6.625,8,0,0.1,3,0,0,10.4844,31,,201,110,,0,0,0,1.375
1604111587603,7,1010123456029,72,,1,1,2,1,0,,15.3611,36,0,0.032096,14,0,9.8,,0,0,0,0,0,0,0,0,0,,36,28,,0,0,0,0
1604111587853,7,1010123456029,72,,1,1,2,1,0,,11.4865,74,0,0.049312,30,0,10,,0,0,0,0,0,0,0,0,0,,189,70,,0,0,0,0
1604111588103,7,1010123456029,72,,1,1,2,1,0,,8.29078,141,0,0.062656,57,0,8.83333,,0,0,0,0,0,0,0,0,0,,426,144,,0,0,0,0
1604111588353,7,1010123456029,72,,1,1,2,1,0,,15.7692,39,0,0.037248,16,0,11,,0,0,0,0,0,0,0,0,0,,42,32,,0,0,0,0
1604111588603,7,1010123456029,72,,1,1,2,1,0,,13.9231,52,0,0.043168,21,0,9.5,,7.4,5,0,0.1,2,0,0,12.7582,31,,94,46,,0,0,0,1
1604111588853,7,1010123456029,72,,1,1,2,1,0,,17.85,40,0,0.04256,16,0,11,,0,0,0,0,0,0,0,0,0,,47,32,,0,0,0,0
1604111589103,7,1010123456029,72,,1,1,2,1,0,,7.29286,140,0,0.047168,54,0,7.75,,0,0,0,0,0,0,0,0,0,,475,130,,0,0,0,0
1604111589353,7,1010123456029,72,,1,1,2,1,0,,7.23333,90,26,0.034912,31,0,6.66667,,1.4,15,0,0.1,6,0,0,11.1803,31,,292,86,,0,0,0,1.6
1604111589603,7,1010123456029,72,,1,1,2,1,0,,5.55921,152,0,0.045632,63,0,6.16667,,0,0,0,0,0,0,0,0,0,,339,156,,0,0,0,0
1604111589853,7,1010123456029,72,,1,1,2,1,0,,5.87805,123,0,0.038816,53,0,7,,0,0,0,0,0,0,0,0,0,,398,112,,0,0,0,0
1604111590103,7,1010123456029,72,,1,1,2,1,0,,10.7568,74,0,0.044384,30,0,10,,0,0,0,0,0,0,0,0,0,,132,60,,0,0,0,0
1604111590353,7,1010123456029,72,,1,1,2,1,0,,15.8,40,0,0.037376,16,0,9.6,,10,5,0,0.1,2,0,0,17.3018,31,,53,32,,0,0,0,1
1604111590603,7,1010123456029,72,,1,1,2,1,0,,9.0614,114,0,0.056352,45,0,7.16667,,0,0,0,0,0,0,0,0,0,,204,156,,0,0,0,0
1604111590853,7,1010123456029,72,,1,1,2,1,0,,5.66372,113,0,0.02528,41,0,7.4,,0,0,0,0,0,0,0,0,0,,397,108,,0,0,0,0
1604111591103,7,1010123456029,72,,1,1,2,1,0,,8.16667,132,121,0.062688,56,0,9,,0,0,0,0,0,0,0,0,0,,468,136,,0,0,0,0
1604111591353,7,1010123456029,72,,1,1,2,1,0,,10.6854,89,0,0.055168,38,0,8,,9.8,5,0,0.1,2,0,0,8.72183,31,,254,98,,0,0,0,2.4
1604111591603,7,1010123456029,72,,1,1,2,1,0,,8.65672,67,0,0.033888,28,0,11,,0,0,0,0,0,0,0,0,0,,232,72,,0,0,0,0
1604111591853,7,1010123456029,72,,1,1,2,1,0,,6.18125,160,158,0.04832,64,0,6.2,,0,0,0,0,0,0,0,0,0,,545,156,,0,0,0,0
1604111592103,7,1010123456029,72,,1,1,2,1,0,,10.1887,106,0,0.061056,44,0,11,,0,0,0,0,0,0,0,0,0,,19,106,,0,0,0,0
1604111592353,7,1010123456029,72,,1,1,2,1,0,,17.3492,63,0,0.063872,25,0,0.1,,5.46154,13,0,0.1,5,0,0,13.1663,31,,80,58,,0,0,0,1.23077
1604111592603,7,1010123456029,72,,1,1,2,1,0,,6.38182,165,0,0.05376,66,0,8.25,,0,0,0,0,0,0,0,0,0,,544,162,,0,0,0,0
1604111592853,7,1010123456029,72,,1,1,2,1,0,,9.02222,90,0,0.045088,37,0,6.5,,0,0,0,0,0,0,0,0,0,,109,82,,0,0,0,0
1604111593103,7,1010123456029,72,,1,1,2,1,0,,8.39423,104,0,0.045536,41,0,8,,0,0,0,0,0,0,0,0,0,,297,100,,0,0,0,0
1604111593353,7,1010123456029,72,,1,1,2,1,0,,12.3333,69,115,0.048992,27,0,11,,0,4,0,0.1,2,50,0,0,31,,170,66,,0,0,0,0
1604111593603,7,1010123456029,72,,1,1,2,1,0,,9.91428,70,0,0.0391325,29,0,9,,7,3,0,0.1,1,0,0,7.36356,0,,214,74,,0,0,0,1
1604111593853,7,1010123456029,72,,1,1,2,1,0,,10.8659,82,0,0.049792,34,0,8.75,,0,0,0,0,0,0,0,0,0,,180,78,,0,0,0,0
1604111594103,7,1010123456029,72,,1,1,2,1,0,,14.5,26,0,0.021504,10,0,8.5,,0,0,0,0,0,0,0,0,0,,23,20,,0,0,0,0
1604111594353,7,1010123456029,72,,1,1,2,1,0,,9.95161,62,0,0.0335743,24,0,9.5,,1.52381,21,0,0.1,8,0,0,8.13633,31,,151,60,,0,0,0,1.28571
1604111594603,7,1010123456029,72,,1,1,2,1,0,,8.93878,98,0,0.042624,39,0,10,,0.1,3,0,0.1,1,0,0,7.23865,0,,270,100,,0,0,0,1
1604111594853,7,1010123456029,72,,1,1,2,1,0,,16.4643,28,0,0.029632,13,0,11,,0,0,0,0,0,0,0,0,0,,27,22,,0,0,0,0
1604111595103,7,1010123456029,72,,1,1,2,1,0,,7.26562,64,0,0.023392,26,0,5.4,,0,0,0,0,0,0,0,0,0,,184,54,,0,0,0,0
1604111595353,7,1010123456029,72,,1,1,2,1,0,,12.45,40,0,0.02736,16,0,7.33333,,0.916667,24,0,0.1,9,0,0,6.26983,31,,52,32,,0,0,0,2.16667
1604111595603,7,1010123456029,72,,1,1,2,1,0,,7.92857,126,0,0.049312,50,0,8.33333,,0,0,0,0,0,0,0,0,0,,403,110,,0,0,0,0
1604111595853,7,1010123456029,72,,1,1,2,1,0,,10.8261,46,158,0.030144,20,0,6.75,,0,0,0,0,0,0,0,0,0,,61,114,,0,0,0,0
1604111596103,7,1010123456029,72,,1,1,2,1,0,,0,0,941,0,0,0,0.1,,0,0,0,0,0,0,0,0,0,,-250,500,,0,0,0,0
1604111596353,7,1010123456029,72,,1,1,2,1,0,,0,0,2193,0,0,0,0.1,,0,0,0,0,0,0,0,0,0,,-250,500,,0,0,0,0
1604111596603,7,1010123456029,72,,1,1,2,1,0,,11.0385,182,0,0.109856,73,0,7.5,,4.75,8,0,0.1,3,0,0,5.31055,31,,-127,412,,0,0,0,3.25
1604111596853,7,1010123456029,72,,1,1,2,1,0,,16.0286,35,0,0.032128,14,0,8.33333,,0,0,0,0,0,0,0,0,0,,39,28,,0,0,0,0
1604111597103,7,1010123456029,72,,1,1,2,1,0,,7.35366,82,99,0.028832,28,0,5,,0,0,0,0,0,0,0,0,0,,235,68,,0,0,0,0
1604111597353,7,1010123456029,72,,1,1,2,1,0,,8.18628,102,0,0.046208,45,0,8,,10.96,50,0,0.1,21,52.381,0,7.21275,31,,223,82,,0,0,0,6.32
1604111597603,7,1010123456029,72,,1,1,2,1,0,,11.4889,45,0,0.027424,18,0,10,,0,0,0,0,0,0,0,0,0,,109,36,,0,0,0,0
1604111597853,7,1010123456029,72,,1,1,2,1,0,,5.48168,191,0,0.050144,77,0,6.66667,,0,0,0,0,0,0,0,0,0,,591,158,,0,0,0,0
1604111598103,7,1010123456029,72,,1,1,2,1,0,,11.541,61,140,0.0332209,22,0,10,,0,0,0,0,0,0,0,0,0,,118,50,,0,0,0,0
1604111598353,7,1010123456029,72,,1,1,2,1,0,,8.47222,36,0,0.022432,18,0,5,,4.85714,7,0,0.1,3,0,0,10.2926,31,,92,32,,0,0,0,1
1604111598603,7,1010123456029,72,,1,1,2,1,0,,5.31481,216,224,0.050368,81,0,0.1,,0,0,0,0,0,0,0,0,0,,700,200,,0,0,0,0
1604111598853,7,1010123456029,72,,1,1,2,1,0,,5.52258,155,0,0.04384,68,0,11,,0,0,0,0,0,0,0,0,0,,422,128,,0,0,0,0
1604111599103,7,1010123456029,72,,1,1,2,1,0,,16.2941,34,0,0.032128,14,0,11,,0,0,0,0,0,0,0,0,0,,35,28,,0,0,0,0
1604111599353,7,1010123456029,72,,1,1,2,1,0,,16.8,15,0,0.015936,6,0,0.1,,0,0,0,0,0,0,0,0,0,,15,12,,0,0,0,0
1604111599603,7,1010123456029,72,,1,1,2,1,0,,5.375,64,277,0.016768,19,0,4,,2.11765,17,0,0.1,7,14.2857,0,7.66761,31,,120,64,,0,0,0,2.52941
1604111599853,7,1010123456029,72,,1,1,2,1,0,,7.83065,124,0,0.058688,59,0,10,,0,0,0,0,0,0,0,0,0,,34,122,,0,0,0,0
1604111600103,7,1010123456029,72,,1,1,2,1,0,,6.44318,88,0,0.029856,36,0,5,,0,0,0,0,0,0,0,0,0,,283,82,,0,0,0,0
1604111600353,7,1010123456029,72,,1,1,2,1,0,,6.68902,164,140,0.053696,65,0,10.3333,,6.625,8,0,0.1,3,0,0,9.79161,31,,468,152,,0,0,0,1.375
1604111600603,7,1010123456029,72,,1,1,2,1,0,,14.5882,51,0,0.043168,22,0,0.1,,0,0,0,0,0,0,0,0,0,,58,42,,0,0,0,0
1604111600853,7,1010123456029,72,,1,1,2,1,0,,15.5526,38,0,0.032256,15,0,0.1,,0,0,0,0,0,0,0,0,0,,42,30,,0,0,0,0
1604111601103,7,1010123456029,72,,1,1,2,1,0,,13.3611,72,0,0.05104,27,0,9,,0,0,0,0,0,0,0,0,0,,81,58,,0,0,0,0
1604111601353,7,1010123456029,72,,1,1,2,1,0,,7.94118,51,51,0.022336,17,0,8,,0,0,0,0,0,0,0,0,0,,162,52,,0,0,0,0
1604111601603,7,1010123456029,72,,1,1,6,1,0,,12.9565,46,0,0.0464578,23,0,10.3333,,3.77778,9,0,0.1,4,25,0,6.47321,31,,63,46,,0,0,0,3
1604111601853,7,1010123456029,72,,1,1,6,1,0,,18,24,0,0.036064,7,0,11,,0,0,0,0,0,0,0,0,0,,30,36,,0,0,0,0
1604111602103,7,1010123456029,72,,1,1,6,1,0,,18,26,0,0.056672,11,0,0.1,,0,0,0,0,0,0,0,0,0,,30,40,,0,0,0,0
1604111602353,7,1010123456029,72,,1,1,6,1,0,,18,7,0,0.020608,4,0,0.1,,3.625,8,0,0.1,3,0,0,6.76312,31,,9,12,,0,0,0,1
1604111602603,7,1010123456029,72,,1,1,6,1,0,,18,14,0,0.02576,5,0,0.1,,0,0,0,0,0,0,0,0,0,,15,20,,0,0,0,0
1604111602853,7,1010123456029,72,,1,1,6,1,0,,18,24,0,0.046368,9,0,13,,0,0,0,0,0,0,0,0,0,,27,36,,0,0,0,0
1604111603103,7,1010123456029,72,,1,1,6,1,0,,10.1364,44,0,0.042624,17,0,9.33333,,0,0,0,0,0,0,0,0,0,,94,68,,0,0,0,0
1604111603353,7,1010123456029,72,,1,1,6,1,0,,15.5526,38,0,0.067648,15,0,9.33333,,6.16,25,0,0.1,10,0,0,11.7636,31,,60,62,,0,0,0,1.12
1604111603603,7,1010123456029,72,,1,1,6,1,0,,10.6,30,0,0.037056,12,0,9.33333,,0,0,0,0,0,0,0,0,0,,67,54,,0,0,0,0
1604111603853,7,1010123456029,72,,1,1,6,1,0,,14.3846,26,0,0.03152,10,0,4,,0,0,0,0,0,0,0,0,0,,33,30,,0,0,0,0
1604111604103,7,1010123456029,72,,1,1,6,1,0,,5.1087,46,0,0.03296,19,0,6.66667,,0,0,0,0,0,0,0,0,0,,97,96,,0,0,0,0
1604111604353,7,1010123456029,72,,1,1,6,1,0,,6.33333,57,0,0.048672,23,0,5,,11,6,0,0.1,2,0,0,14.0101,31,,149,114,,0,0,0,1
1604111604603,7,1010123456029,72,,1,1,6,1,0,,5.48387,62,0,0.043296,24,0,0.1,,0,0,0,0,0,0,0,0,0,,174,118,,0,0,0,0
1604111604853,7,1010123456029,72,,1,1,6,1,0,,12.2105,57,49,0.06816,20,0,13,,0,0,0,0,0,0,0,0,0,,108,88,,0,0,0,0
1604111605103,7,1010123456029,72,,1,1,6,1,0,,11.5,36,0,0.05232,16,0,8.8,,0,0,0,0,0,0,0,0,0,,71,62,,0,0,0,0
1604111605353,7,1010123456029,72,,1,1,6,1,0,,7.51515,33,0,0.032192,14,0,6.5,,6.45455,11,0,0.1,4,25,0,7.94033,31,,102,66,,0,0,0,3.72727
1604111605603,7,1010123456029,72,,1,1,6,1,0,,4.66129,62,0,0.035872,23,0,8,,0,0,0,0,0,0,0,0,0,,173,142,,0,0,0,0
1604111605853,7,1010123456029,72,,1,1,6,1,0,,7.24138,29,0,0.02976,14,0,10,,0,0,0,0,0,0,0,0,0,,65,58,,0,0,0,0
1604111606103,7,1010123456029,72,,1,1,6,1,0,,16.7917,24,0,0.046528,10,0,0.1,,0,0,0,0,0,0,0,0,0,,37,38,,0,0,0,0
1604111606353,7,1010123456029,72,,1,1,6,1,0,,17.4146,41,0,0.07744,16,0,0.1,,9.25,8,0,0.1,3,33.3333,0,9.06028,31,,62,62,,0,0,0,5.125
1604111606603,7,1010123456029,72,,1,1,6,1,0,,18,17,0,0.036064,7,0,11.5,,0,0,0,0,0,0,0,0,0,,21,28,,0,0,0,0
1604111606853,7,1010123456029,72,,1,1,6,1,0,,9.4375,32,0,0.03696,13,0,7,,0,0,0,0,0,0,0,0,0,,82,60,,0,0,0,0
1604111607103,7,1010123456029,72,,1,1,6,1,0,,7.94445,54,0,0.052992,22,0,12,,0,0,0,0,0,0,0,0,0,,113,100,,0,0,0,0
1604111607353,7,1010123456029,72,,1,1,6,1,0,,18,26,0,0.05152,10,0,0.1,,10,5,0,0.1,2,0,0,13.1892,31,,26,40,,0,0,0,1.6
1604111607603,7,1010123456029,72,,1,1,6,1,0,,7.34694,49,0,0.047744,20,0,6.5,,0,0,0,0,0,0,0,0,0,,54,98,,0,0,0,0
1604111607853,7,1010123456029,72,,1,1,6,1,0,,2.53521,71,158,0.033696,28,0,8.5,,0,0,0,0,0,0,0,0,0,,41,156,,0,0,0,0
1604111608103,7,1010123456029,72,,1,1,6,1,0,,7.41667,48,0,0.047712,19,0,8.25,,0,0,0,0,0,0,0,0,0,,132,96,,0,0,0,0
1604111608353,7,1010123456029,72,,1,1,6,1,0,,8.85714,28,0,0.0267309,11,0,6,,7,5,0,0.1,2,0,0,11.6999,31,,55,46,,0,0,0,1
1604111608603,7,1010123456029,72,,1,1,6,1,0,,16.0741,27,0,0.05168,11,0,9.5,,0,0,0,0,0,0,0,0,0,,31,46,,0,0,0,0
1604111608853,7,1010123456029,72,,1,1,6,1,0,,7.25,96,0,0.0861365,38,0,0.1,,0,0,0,0,0,0,0,0,0,,286,184,,0,0,0,0
1604111609103,7,1010123456029,72,,1,1,6,1,0,,11.5,40,0,0.05424,16,0,10.5,,0,0,0,0,0,0,0,0,0,,107,70,,0,0,0,0
1604111609353,7,1010123456029,72,,1,1,6,1,0,,6.46154,52,0,0.043776,21,0,5,,10.2,5,0,0.1,2,0,0,16.4201,31,,158,102,,0,0,0,1
1604111609603,7,1010123456029,72,,1,1,6,1,0,,11.4348,46,0,0.057888,19,0,9.33333,,0,0,0,0,0,0,0,0,0,,99,78,,0,0,0,0
1604111609853,7,1010123456029,72,,1,1,6,1,0,,8.02381,42,0,0.037312,16,0,9.33333,,0,6,0,0.1,3,66.6667,0,0,31,,106,74,,0,0,0,0
1604111610103,7,1010123456029,72,,1,1,6,1,0,,11.575,40,0,0.05776,16,0,12.3333,,0,0,0,0,0,0,0,0,0,,91,72,,0,0,0,0
1604111610353,7,1010123456029,72,,1,1,6,1,0,,17.7222,18,0,0.036224,8,0,12,,8.2,5,0,0.1,2,0,0,14.4743,31,,24,28,,0,0,0,1
1604111610603,7,1010123456029,72,,1,1,6,1,0,,18.2105,19,0,0.036128,7,0,11.5,,0,0,0,0,0,0,0,0,0,,22,26,,0,0,0,0
1604111610853,7,1010123456029,72,,1,1,6,1,0,,18,17,0,0.036064,7,0,5,,0,0,0,0,0,0,0,0,0,,21,28,,0,0,0,0
1604111611103,7,1010123456029,72,,1,1,6,1,0,,5.55172,58,0,0.04368,25,0,5,,0,0,0,0,0,0,0,0,0,,195,118,,0,0,0,0
1604111611353,7,1010123456029,72,,1,1,6,1,0,,1.10145,69,0,0.021056,23,0,6.5,,11.2,5,0,0.1,2,0,0,15.6544,31,,44,156,,0,0,0,1
1604111611603,7,1010123456029,72,,1,1,6,1,0,,3.48529,68,0,0.036512,32,0,7.33333,,0,0,0,0,0,0,0,0,0,,110,124,,0,0,0,0
1604111611853,7,1010123456029,72,,1,1,6,1,0,,12.04,25,0,0.031584,9,0,7,,0,0,0,0,0,0,0,0,0,,52,44,,0,0,0,0
1604111612103,7,1010123456029,72,,1,1,6,1,0,,12.4815,27,0,0.047872,11,0,5,,0,0,0,0,0,0,0,0,0,,50,50,,0,0,0,0
1604111612353,7,1010123456029,72,,1,1,6,1,0,,9.11429,35,0,0.03248,14,0,13,,9.8,5,0,0.1,2,0,0,10.7938,31,,84,58,,0,0,0,1.4
1604111612603,7,1010123456029,72,,1,1,6,1,0,,10.6667,24,0,0.03152,10,0,10,,0,0,0,0,0,0,0,0,0,,50,44,,0,0,0,0
1604111612853,7,1010123456029,72,,1,1,6,1,0,,11.9333,30,0,0.041824,12,0,5,,0,0,0,0,0,0,0,0,0,,64,52,,0,0,0,0
1604111613103,7,1010123456029,72,,1,1,6,1,0,,6.13333,60,0,0.04864,24,0,9.5,,0,0,0,0,0,0,0,0,0,,182,116,,0,0,0,0
1604111613353,7,1010123456029,72,,1,1,6,1,0,,9.5,22,0,0.021216,8,0,12,,8.2,5,0,0.1,2,0,0,15.2888,31,,47,40,,0,0,0,1
1604111613603,7,1010123456029,72,,1,1,6,1,0,,13.8,30,87,0.051904,12,0,9.5,,0,0,0,0,0,0,0,0,0,,55,54,,0,0,0,0
1604111613853,7,1010123456029,72,,1,1,6,1,0,,7.16667,42,0,0.0382651,19,0,6,,0,0,0,0,0,0,0,0,0,,151,82,,0,0,0,0
1604111614103,7,1010123456029,72,,1,1,6,1,0,,4.49123,57,219,0.0344,20,0,4.66667,,0,0,0,0,0,0,0,0,0,,91,132,,0,0,0,0
1604111614353,7,1010123456029,72,,1,1,6,1,0,,3.7907,43,0,0.026304,20,0,8,,12,5,0,0.1,2,0,0,14.8648,31,,7,118,,0,0,0,1
1604111614603,7,1010123456029,72,,1,1,6,1,0,,6.06757,74,0,0.054304,30,0,6.4,,0,0,0,0,0,0,0,0,0,,146,164,,0,0,0,0
1604111614853,7,1010123456029,72,,1,1,6,1,0,,6.61765,68,0,0.043744,24,0,5.66667,,0,0,0,0,0,0,0,0,0,,250,122,,0,0,0,0
1604111615103,7,1010123456029,72,,1,1,6,1,0,,6.875,40,0,0.042976,19,0,5.5,,0,0,0,0,0,0,0,0,0,,88,80,,0,0,0,0
1604111615353,7,1010123456029,72,,1,1,6,1,0,,8,5,0,0.005376,2,0,10,,0,0,0,0,0,0,0,0,0,,15,10,,0,0,0,0
1604111615603,7,1010123456029,72,,1,1,6,1,0,,9.53846,13,0,0.015712,5,0,8.5,,7.8,5,0,0.1,2,0,0,9.78955,31,,29,26,,0,0,0,1
1604111615853,7,1010123456029,72,,1,1,6,1,0,,9.1579,38,0,0.037504,15,0,7.5,,0,0,0,0,0,0,0,0,0,,89,64,,0,0,0,0
1604111616103,7,1010123456029,72,,1,1,6,1,0,,6.27711,83,0,0.060192,33,0,8.33333,,0,0,0,0,0,0,0,0,0,,245,150,,0,0,0,0
1604111616353,7,1010123456029,72,,1,1,6,1,0,,6.90196,102,0,0.07088,38,0,12,,4.2,30,0,0.1,12,8.33333,0,8.11534,31,,270,176,,0,0,0,1.6
1604111616603,7,1010123456029,72,,1,1,6,1,0,,8.01449,69,0,0.059456,30,0,8,,0,0,0,0,0,0,0,0,0,,12,130,,0,0,0,0
1604111616853,7,1010123456029,72,,1,1,6,1,0,,9.425,40,0,0.04288,16,0,8,,0,0,0,0,0,0,0,0,0,,92,84,,0,0,0,0
1604111617103,7,1010123456029,72,,1,1,6,1,0,,14.4,35,0,0.047104,14,0,9,,0,0,0,0,0,0,0,0,0,,82,64,,0,0,0,0
1604111617353,7,1010123456029,72,,1,1,6,1,0,,12.8868,53,0,0.058176,20,0,13,,2.88,25,0,0.1,10,0,0,7.84368,31,,111,72,,0,0,0,1.24
1604111617603,7,1010123456029,72,,1,1,6,1,0,,11.7037,27,0,0.041696,11,0,5,,0,0,0,0,0,0,0,0,0,,79,54,,0,0,0,0
1604111617853,7,1010123456029,72,,1,1,6,1,0,,14.6923,26,0,0.051968,14,0,10.3333,,0,0,0,0,0,0,0,0,0,,45,46,,0,0,0,0
1604111618103,7,1010123456029,72,,1,1,6,1,0,,8.12329,73,0,0.064384,29,0,8.5,,0,0,0,0,0,0,0,0,0,,129,142,,0,0,0,0
1604111618353,7,1010123456029,72,,1,1,6,1,0,,5.49231,65,0,0.038688,26,0,9.5,,0.761905,21,0,0.1,9,11.1111,0,4.31133,31,,208,110,,0,0,0,2.14286
1604111618603,7,1010123456029,72,,1,1,6,1,0,,6.07865,89,0,0.062144,34,0,9,,0,0,0,0,0,0,0,0,0,,283,170,,0,0,0,0
1604111618853,7,1010123456029,72,,1,1,6,1,0,,5.45238,42,0,0.030272,19,0,5,,0,0,0,0,0,0,0,0,0,,148,80,,0,0,0,0
1604111619103,7,1010123456029,72,,1,1,6,1,0,,4.76852,108,0,0.0614297,43,0,4.5,,0,0,0,0,0,0,0,0,0,,391,216,,0,0,0,0
1604111619353,7,1010123456029,72,,1,1,6,1,0,,5.52174,115,0,0.071776,46,0,8,,4.78571,14,0,0.1,6,16.6667,0,7.17611,31,,347,206,,0,0,0,3.85714
1604111619603,7,1010123456029,72,,1,1,6,1,0,,2.26168,107,87,0.04064,40,0,3,,0,0,0,0,0,0,0,0,0,,241,244,,0,0,0,0
1604111619853,7,1010123456029,72,,1,1,6,1,0,,2.6087,69,0,0.033984,30,0,13,,0,0,0,0,0,0,0,0,0,,154,180,,0,0,0,0
1604111620103,7,1010123456029,72,,1,1,6,1,0,,8.43636,55,0,0.05808,22,0,8.66667,,0,0,0,0,0,0,0,0,0,,16,114,,0,0,0,0
1604111620353,7,1010123456029,72,,1,1,6,1,0,,17.7895,19,0,0.030144,7,0,13,,0.757576,33,0,0.1,13,15.3846,0,4.91279,31,,20,24,,0,0,0,2.15152
1604111620603,7,1010123456029,72,,1,1,6,1,0,,16.7667,30,0,0.047776,12,0,13,,0,0,0,0,0,0,0,0,0,,32,40,,0,0,0,0
1604111620853,7,1010123456029,72,,1,1,6,1,0,,17.9333,30,0,0.057184,13,0,0.1,,0,0,0,0,0,0,0,0,0,,31,40,,0,0,0,0
1604111621103,7,1010123456029,72,,1,1,6,1,0,,18,26,0,0.046368,9,0,0.1,,0,0,0,0,0,0,0,0,0,,26,40,,0,0,0,0
1604111621353,7,1010123456029,72,,1,1,6,1,0,,7,58,0,0.048032,20,0,9,,3.2,5,149100,0.1,2,0,0,11.8936,31,,175,124,,0,0,0,1
1604111621603,7,1010123456029,72,,1,1,6,1,0,,0.836735,49,122,0.01568,16,0,1.5,,0,10,0,0.1,5,0,0,0,0,,24,112,,0,0,0,0
1604111621853,7,1010123456029,72,,1,1,6,1,0,,13.5833,48,0,0.055488,24,0,14,,0,0,0,0,0,0,0,0,0,,33,58,,0,0,0,0
1604111622103,7,1010123456029,72,,1,1,6,1,0,,8.2,15,0,0.016224,8,0,4,,0,0,0,0,0,0,0,0,0,,33,26,,0,0,0,0
1604111622353,7,1010123456029,72,,1,1,6,1,0,,6.95745,47,0,0.0379116,19,0,13,,4.9375,32,0,0.1,13,15.3846,0,7.26291,31,,123,98,,0,0,0,2.28125
1604111622603,7,1010123456029,72,,1,1,6,1,0,,6.92308,78,0,0.064704,32,0,6,,0,0,0,0,0,0,0,0,0,,31,174,,0,0,0,0
1604111622853,7,1010123456029,72,,1,1,6,1,0,,4.9,50,0,0.033152,20,0,4.5,,0,0,0,0,0,0,0,0,0,,246,116,,0,0,0,0
1604111623103,7,1010123456029,72,,1,1,6,1,0,,3.66667,45,0,0.022624,17,0,0.1,,0,0,0,0,0,0,0,0,0,,143,100,,0,0,0,0
1604111623353,7,1010123456029,72,,1,1,6,1,0,,5.28788,66,0,0.043648,27,0,8,,0,0,0,0,0,0,0,0,0,,79,164,,0,0,0,0
1604111623603,7,1010123456029,72,,1,1,6,1,0,,17.1667,18,0,0.0263454,7,0,0.1,,0.571429,28,0,0.1,11,0,0,6.61966,31,,18,20,,0,0,0,1.64286
1604111623853,7,1010123456029,72,,1,1,6,1,0,,0.947368,152,0,0.053408,63,0,7.5,,0,0,0,0,0,0,0,0,0,,35,422,,0,0,0,0
1604111624103,7,1010123456029,72,,1,1,6,1,0,,5.86957,46,0,0.027488,17,0,12.3333,,0,0,0,0,0,0,0,0,0,,127,98,,0,0,0,0
1604111624353,7,1010123456029,72,,1,1,6,1,0,,5.31081,74,0,0.054144,30,0,9.33333,,6.4,5,15497,0.1,2,0,0,10.5654,31,,14,158,,0,0,0,1
1604111624603,7,1010123456029,72,,1,1,6,1,0,,7.60526,38,0,0.032384,15,0,8.33333,,3.78378,37,0,0.1,14,35.7143,0,3.91032,0,,109,66,,0,0,0,5.05405
1604111624853,7,1010123456029,72,,1,1,6,1,0,,18.3,20,0,0.046464,8,0,6,,0,0,0,0,0,0,0,0,0,,26,34,,0,0,0,0
1604111625103,7,1010123456029,72,,1,1,6,1,0,,8.66667,51,0,0.058336,21,0,12,,0,0,0,0,0,0,0,0,0,,20,100,,0,0,0,0
1604111625353,7,1010123456029,72,,1,1,6,1,0,,8.43902,41,0,0.037494,16,0,9.5,,6,5,149629,0.1,2,0,0,8.99341,31,,75,70,,0,0,0,2.8
1604111625603,7,1010123456029,72,,1,1,6,1,0,,18,11,0,0.015456,3,0,0.1,,0.1,20,0,0.1,8,0,0,5.77458,0,,8,16,,0,0,0,1.15
1604111625853,7,1010123456029,72,,1,1,6,1,0,,18,24,0,0.056672,11,0,0.1,,0,0,0,0,0,0,0,0,0,,20,40,,0,0,0,0
1604111626103,7,1010123456029,72,,1,1,6,1,0,,9.85714,49,0,0.0532048,20,0,10,,0,0,0,0,0,0,0,0,0,,111,78,,0,0,0,0
1604111626353,7,1010123456029,72,,1,1,6,1,0,,16.6538,26,0,0.041376,9,0,0.1,,9,8,0,0.1,3,66.6667,0,6.44686,31,,22,36,,0,0,0,7.75
1604111626603,7,1010123456029,72,,1,1,6,1,0,,16.2,15,0,0.026432,8,0,15,,8.36364,11,0,0.1,4,50,0,6.38265,0,,13,16,,0,0,0,5.90909
1604111626853,7,1010123456029,72,,1,1,6,1,0,,17.8947,19,0,0.031424,8,0,0.1,,0,0,0,0,0,0,0,0,0,,17,24,,0,0,0,0
1604111627103,7,1010123456029,72,,1,1,6,1,0,,14.8421,19,0,0.0261847,7,0,0.1,,0,0,0,0,0,0,0,0,0,,14,20,,0,0,0,0
1604111627353,7,1010123456029,72,,1,1,6,1,0,,16.7895,19,0,0.0312,8,0,0.1,,2.4,10,0,0.1,4,0,0,5.47854,31,,16,24,,0,0,0,1
1604111627603,7,1010123456029,72,,1,1,6,1,0,,17.6875,16,0,0.031072,7,0,0.1,,0.1,3,0,0.1,1,0,0,1.30468,0,,14,24,,0,0,0,1
1604111627853,7,1010123456029,72,,1,1,6,1,0,,17.3714,35,0,0.062432,15,0,0.1,,0,0,0,0,0,0,0,0,0,,32,46,,0,0,0,0
1604111628103,7,1010123456029,72,,1,1,6,1,0,,15,10,0,0.015616,4,0,0.1,,0,0,0,0,0,0,0,0,0,,8,12,,0,0,0,0
1604111628353,7,1010123456029,72,,1,1,6,1,0,,17.7619,21,0,0.036224,8,0,11,,0.875,32,0,0.1,12,25,0,4.76507,31,,19,28,,0,0,0,4.03125
1604111628603,7,1010123456029,72,,1,1,6,1,0,,9.55882,34,0,0.042112,14,0,8.5,,0,0,0,0,0,0,0,0,0,,85,64,,0,0,0,0
1604111628853,7,1010123456029,72,,1,1,6,1,0,,18,23,0,0.041216,8,0,0.1,,0,0,0,0,0,0,0,0,0,,27,36,,0,0,0,0
1604111629103,7,1010123456029,72,,1,1,6,1,0,,18,18,0,0.046368,9,0,0.1,,0,0,0,0,0,0,0,0,0,,24,32,,0,0,0,0
1604111629353,7,1010123456029,72,,1,1,6,1,0,,18,19,0,0.036064,7,0,0.1,,3.77778,9,0,0.1,4,0,0,9.45532,31,,21,28,,0,0,0,1
1604111629603,7,1010123456029,72,,1,1,6,1,0,,18,18,0,0.036064,7,0,0.1,,0,0,0,0,0,0,0,0,0,,21,28,,0,0,0,0
1604111629853,7,1010123456029,72,,1,1,6,1,0,,18,21,0,0.046368,9,0,0.1,,0,0,0,0,0,0,0,0,0,,27,36,,0,0,0,0
1604111630103,7,1010123456029,72,,1,1,6,1,0,,18,19,0,0.041216,8,0,0.1,,0,0,0,0,0,0,0,0,0,,24,32,,0,0,0,0
1604111630353,7,1010123456029,72,,1,1,6,1,0,,18,41,0,0.082432,16,0,0.1,,2.47059,17,0,0.1,7,0,0,8.20351,31,,48,64,,0,0,0,1
1604111630603,7,1010123456029,72,,1,1,6,1,0,,18,19,0,0.030912,6,0,0.1,,0,0,0,0,0,0,0,0,0,,21,28,,0,0,0,0
1604111630853,7,1010123456029,72,,1,1,6,1,0,,9.83333,24,130,0.03136,9,0,4,,0,0,0,0,0,0,0,0,0,,36,46,,0,0,0,0
1604111631103,7,1010123456029,72,,1,1,6,1,0,,3.49254,67,0,0.036704,26,0,0.1,,0,0,0,0,0,0,0,0,0,,183,152,,0,0,0,0
1604111631353,7,1010123456029,72,,1,1,6,1,0,,6.15385,52,0,0.045472,23,0,11,,6.53333,15,0,0.1,7,57.1429,0,5.89349,31,,133,114,,0,0,0,5.8
1604111631603,7,1010123456029,72,,1,1,4,1,0,,18.55,20,0,0.046624,9,0,0.1,,0,0,0,0,0,0,0,0,0,,26,30,,0,0,0,0
1604111631853,7,1010123456029,72,,1,1,4,1,0,,18.3077,13,0,0.015776,5,0,11,,0,0,0,0,0,0,0,0,0,,17,12,,0,0,0,0
1604111632103,7,1010123456029,72,,1,1,4,1,0,,17.4286,35,0,0.052128,14,0,0.1,,0,0,0,0,0,0,0,0,0,,80,40,,0,0,0,0
1604111632353,7,1010123456029,72,,1,1,4,1,0,,18.1111,27,0,0.046688,11,0,0.1,,6,5,148288,0.1,2,0,0,12.3897,31,,33,36,,0,0,0,1
1604111632603,7,1010123456029,72,,1,1,4,1,0,,6,43,0,0.016576,11,0,4,,6.5,24,0,0.1,10,10,0,9.21123,0,,112,60,,0,0,0,1.75
1604111632853,7,1010123456029,72,,1,1,4,1,0,,18,19,0,0.0472289,14,0,13,,0,0,0,0,0,0,0,0,0,,24,32,,0,0,0,0
1604111633103,7,1010123456029,72,,1,1,4,1,0,,15.5556,27,0,0.041568,10,0,10.6667,,0,0,0,0,0,0,0,0,0,,40,42,,0,0,0,0
1604111633353,7,1010123456029,72,,1,1,4,1,0,,18,7,0,0.020608,4,0,14,,7,5,0,0.1,2,0,0,12.7575,31,,8,12,,0,0,0,1
1604111633603,7,1010123456029,72,,1,1,4,1,0,,16.4667,15,0,0.0208,5,0,0.1,,0,0,0,0,0,0,0,0,0,,14,20,,0,0,0,0
1604111633853,7,1010123456029,72,,1,1,4,1,0,,16,14,0,0.026112,7,0,0.1,,0,0,0,0,0,0,0,0,0,,12,16,,0,0,0,0
1604111634103,7,1010123456029,72,,1,1,4,1,0,,18,5,0,0.010304,2,0,0.1,,0,0,0,0,0,0,0,0,0,,5,8,,0,0,0,0
1604111634353,7,1010123456029,72,,1,1,4,1,0,,13.2414,29,0,0.036832,12,0,0.1,,7.5,8,0,0.1,3,33.3333,0,6.63966,31,,25,28,,0,0,0,4.375
1604111634603,7,1010123456029,72,,1,1,4,1,0,,18,12,0,0.02576,5,0,12,,0,0,0,0,0,0,0,0,0,,13,20,,0,0,0,0
1604111634853,7,1010123456029,72,,1,1,4,1,0,,17.8182,33,158,0.047008,13,0,0.1,,0,0,0,0,0,0,0,0,0,,35,38,,0,0,0,0
1604111635103,7,1010123456029,72,,1,1,4,1,0,,14.3871,31,19,0.021012,6,0,7,,0,0,0,0,0,0,0,0,0,,62,36,,0,0,0,0
1604111635353,7,1010123456029,72,,1,1,4,1,0,,12.7436,39,0,0.053536,21,0,11,,0.608696,46,0,0.1,18,50,0,3.21772,31,,81,44,,0,0,0,5.73913
1604111635603,7,1010123456029,72,,1,1,4,1,0,,17.6429,14,0,0.020928,6,0,12,,0,0,0,0,0,0,0,0,0,,15,16,,0,0,0,0
1604111635853,7,1010123456029,72,,1,1,4,1,0,,16.9,10,0,0.015616,4,0,0.1,,0,0,0,0,0,0,0,0,0,,10,12,,0,0,0,0
1604111636103,7,1010123456029,72,,1,1,4,1,0,,18.0833,24,0,0.046528,10,0,10,,0,0,0,0,0,0,0,0,0,,34,36,,0,0,0,0
1604111636353,7,1010123456029,72,,1,1,4,1,0,,13.5588,34,0,0.037312,13,0,0.1,,3.5,6,149123,0.1,2,0,0,9.20554,31,,36,36,,0,0,0,1
1604111636603,7,1010123456029,72,,1,1,4,1,0,,16.8571,28,0,0.041824,11,0,0.1,,4,23,0,0.1,10,40,0,3.95806,0,,38,36,,0,0,0,4.52174
1604111636853,7,1010123456029,72,,1,1,4,1,0,,15.0938,32,0,0.042144,13,0,0.1,,0,0,0,0,0,0,0,0,0,,40,38,,0,0,0,0
1604111637103,7,1010123456029,72,,1,1,4,1,0,,17.6,10,0,0.015712,3,0,0.1,,0,0,0,0,0,0,0,0,0,,19,16,,0,0,0,0
1604111637353,7,1010123456029,72,,1,1,4,1,0,,16.6522,23,0,0.051776,11,0,0.1,,4.8,5,149629,0.1,2,0,0,7.41681,31,,37,38,,0,0,0,2.2
1604111637603,7,1010123456029,72,,1,1,4,1,0,,18.3529,17,0,0.02608,7,0,0.1,,0.1,20,0,0.1,8,0,0,4.04373,0,,24,20,,0,0,0,1.3
1604111637853,7,1010123456029,72,,1,1,4,1,0,,17.35,40,0,0.067552,16,0,0.1,,0,0,0,0,0,0,0,0,0,,73,54,,0,0,0,0
1604111638103,7,1010123456029,72,,1,1,4,1,0,,16.8235,17,0,0.0262169,6,0,0.1,,0,0,0,0,0,0,0,0,0,,26,26,,0,0,0,0
1604111638353,7,1010123456029,72,,1,1,4,1,0,,16,33,0,0.0577349,14,0,0.1,,5.75,8,0,0.1,3,66.6667,0,4.63792,31,,52,44,,0,0,0,7.75
1604111638603,7,1010123456029,72,,1,1,4,1,0,,18.1852,27,0,0.046688,11,0,0.1,,2.48387,31,0,0.1,12,16.6667,0,4.59824,0,,44,36,,0,0,0,3.03226
1604111638853,7,1010123456029,72,,1,1,4,1,0,,14.05,20,0,0.02144,7,0,0.1,,0,0,0,0,0,0,0,0,0,,27,26,,0,0,0,0
1604111639103,7,1010123456029,72,,1,1,4,1,0,,18,13,0,0.036064,7,0,0.1,,0,0,0,0,0,0,0,0,0,,24,24,,0,0,0,0
1604111639353,7,1010123456029,72,,1,1,4,1,0,,17.2424,33,0,0.041952,13,0,0.1,,2.16667,24,0,0.1,10,0,0,6.15539,31,,41,34,,0,0,0,1.125
1604111639603,7,1010123456029,72,,1,1,4,1,0,,17.7419,31,0,0.0472,13,0,0.1,,0,0,0,0,0,0,0,0,0,,44,38,,0,0,0,0
1604111639853,7,1010123456029,72,,1,1,4,1,0,,15.16,50,0,0.083424,20,0,0.1,,0,0,0,0,0,0,0,0,0,,70,72,,0,0,0,0
1604111640103,7,1010123456029,72,,1,1,4,1,0,,15.84,25,0,0.036672,9,0,0.1,,0,0,0,0,0,0,0,0,0,,40,36,,0,0,0,0
1604111640353,7,1010123456029,72,,1,1,4,1,0,,18.0417,24,0,0.046784,10,0,0.1,,2.53846,13,0,0.1,5,0,0,6.54839,31,,38,32,,0,0,0,1
1604111640603,7,1010123456029,72,,1,1,4,1,0,,17.2105,19,0,0.026112,6,0,0.1,,0,0,0,0,0,0,0,0,0,,27,26,,0,0,0,0
1604111640853,7,1010123456029,72,,1,1,4,1,0,,18,22,0,0.05152,10,0,0.1,,0,0,0,0,0,0,0,0,0,,36,36,,0,0,0,0
1604111641103,7,1010123456029,72,,1,1,4,1,0,,15.1026,39,0,0.052864,16,0,0.1,,0,0,0,0,0,0,0,0,0,,58,48,,0,0,0,0
1604111641353,7,1010123456029,72,,1,1,4,1,0,,16.2703,37,0,0.062336,15,0,0.1,,0.518519,27,0,0.1,11,9.09091,0,5.45067,31,,53,52,,0,0,0,2.03704
1604111641603,7,1010123456029,72,,1,1,4,1,0,,18.2727,11,0,0.015616,4,0,0.1,,0,0,0,0,0,0,0,0,0,,14,12,,0,0,0,0
1604111641853,7,1010123456029,72,,1,1,4,1,0,,17.48,25,0,0.0418956,10,0,0.1,,0,0,0,0,0,0,0,0,0,,37,34,,0,0,0,0
1604111642103,7,1010123456029,72,,1,1,4,1,0,,16.1429,21,0,0.0416386,9,0,12,,0,0,0,0,0,0,0,0,0,,28,34,,0,0,0,0
1604111642353,7,1010123456029,72,,1,1,4,1,0,,17.3529,17,0,0.031072,7,0,0.1,,1.09091,11,501,0.1,4,25,0,2.10912,31,,19,24,,0,0,0,3.72727
1604111642603,7,1010123456029,72,,1,1,4,1,0,,17.625,16,22,0.02576,5,0,10,,0.222222,27,0,0.1,10,50,0,3.8216,0,,26,28,,0,0,0,5.66667
1604111642853,7,1010123456029,72,,1,1,4,1,0,,14.5882,17,0,0.036544,9,0,12,,0,0,0,0,0,0,0,0,0,,22,24,,0,0,0,0
1604111643103,7,1010123456029,72,,1,1,4,1,0,,18.5484,31,0,0.052128,13,0,0.1,,0,0,0,0,0,0,0,0,0,,35,38,,0,0,0,0
1604111643353,7,1010123456029,72,,1,1,4,1,0,,17.5909,22,0,0.031072,7,0,0.1,,0,0,0,0,0,0,0,0,0,,23,28,,0,0,0,0
1604111643603,7,1010123456029,72,,1,1,4,1,0,,18.1053,19,0,0.036512,9,0,11,,2.16,25,0,0.1,10,0,0,6.01152,31,,19,24,,0,0,0,1.08
1604111643853,7,1010123456029,72,,1,1,4,1,0,,18.8182,11,0,0.0224,4,0,0.1,,0,0,0,0,0,0,0,0,0,,15,16,,0,0,0,0
1604111644103,7,1010123456029,72,,1,1,4,1,0,,18.0526,19,0,0.031072,7,0,11,,0,0,0,0,0,0,0,0,0,,23,28,,0,0,0,0
1604111644353,7,1010123456029,72,,1,1,4,1,0,,17.9687,32,0,0.041856,12,0,0.1,,0.347826,23,0,0.1,9,0,0,5.11335,31,,34,32,,0,0,0,1
1604111644603,7,1010123456029,72,,1,1,4,1,0,,17.8824,34,0,0.057248,13,0,0.1,,0,0,0,0,0,0,0,0,0,,43,48,,0,0,0,0
1604111644853,7,1010123456029,72,,1,1,4,1,0,,17.875,24,0,0.052224,12,0,11,,0,0,0,0,0,0,0,0,0,,33,32,,0,0,0,0
1604111645103,7,1010123456029,72,,1,1,4,1,0,,18.0333,30,0,0.056832,12,0,0.1,,0,0,0,0,0,0,0,0,0,,35,44,,0,0,0,0
1604111645353,7,1010123456029,72,,1,1,4,1,0,,17.52,25,0,0.0368,10,0,0.1,,5.71429,7,16507,0.1,3,33.3333,0,7.6525,31,,31,28,,0,0,0,3.57143
1604111645603,7,1010123456029,72,,1,1,4,1,0,,18.3333,9,0,0.015616,4,0,12,,4,27,0,0.1,11,27.2727,0,5.3777,0,,11,12,,0,0,0,3.33333
1604111645853,7,1010123456029,72,,1,1,4,1,0,,19.0417,24,0,0.03616,8,0,0.1,,0,0,0,0,0,0,0,0,0,,29,30,,0,0,0,0
1604111646103,7,1010123456029,72,,1,1,4,1,0,,18.3158,19,0,0.031456,9,0,0.1,,0,0,0,0,0,0,0,0,0,,19,20,,0,0,0,0
1604111646353,7,1010123456029,72,,1,1,4,1,0,,17.5833,24,0,0.0313574,8,0,0.1,,0,0,0,0,0,0,0,0,0,,23,28,,0,0,0,0
1604111646603,7,1010123456029,72,,1,1,4,1,0,,5.56522,46,0,0.02768,19,0,5,,4.25806,31,0,0.1,12,16.6667,0,6.41363,31,,141,62,,0,0,0,2.74194
1604111646853,7,1010123456029,72,,1,1,4,1,0,,8.44828,29,0,0.02672,12,0,11,,0,0,0,0,0,0,0,0,0,,76,44,,0,0,0,0
1604111647103,7,1010123456029,72,,1,1,4,1,0,,18.0714,28,0,0.041536,10,0,13,,0,0,0,0,0,0,0,0,0,,31,36,,0,0,0,0
1604111647353,7,1010123456029,72,,1,1,4,1,0,,16.913,23,0,0.0416,10,0,0.1,,3.14286,7,0,0.1,3,0,0,7.6448,31,,23,28,,0,0,0,1
1604111647603,7,1010123456029,72,,1,1,4,1,0,,17.3077,26,0,0.036224,8,0,0.1,,0,0,0,0,0,0,0,0,0,,29,32,,0,0,0,0
1604111647853,7,1010123456029,72,,1,1,4,1,0,,17.381,21,0,0.041792,11,0,13,,0,0,0,0,0,0,0,0,0,,41,28,,0,0,0,0
1604111648103,7,1010123456029,72,,1,1,4,1,0,,17.2069,29,0,0.036608,10,0,0.1,,0,0,0,0,0,0,0,0,0,,37,28,,0,0,0,0
1604111648353,7,1010123456029,72,,1,1,4,1,0,,18,13,0,0.02576,5,0,13,,4.5,30,0,0.1,12,8.33333,0,7.50474,31,,27,20,,0,0,0,1.9
1604111648603,7,1010123456029,72,,1,1,4,1,0,,16.3077,13,0,0.020832,5,0,0.1,,0,0,0,0,0,0,0,0,0,,18,14,,0,0,0,0
1604111648853,7,1010123456029,72,,1,1,4,1,0,,17.1176,17,0,0.025376,5,0,0.1,,0,0,0,0,0,0,0,0,0,,20,20,,0,0,0,0
1604111649103,7,1010123456029,72,,1,1,4,1,0,,17.3889,18,0,0.031648,8,0,13,,0,0,0,0,0,0,0,0,0,,28,24,,0,0,0,0
1604111649353,7,1010123456029,72,,1,1,4,1,0,,16.875,24,0,0.031616,10,0,0.1,,0,0,0,0,0,0,0,0,0,,36,24,,0,0,0,0
1604111649603,7,1010123456029,72,,1,1,4,1,0,,18.3333,27,0,0.041728,10,0,0.1,,3.14286,7,0,0.1,3,0,0,4.77262,31,,33,30,,0,0,0,2.71429
1604111649853,7,1010123456029,72,,1,1,4,1,0,,16,24,0,0.026688,10,0,0.1,,0,0,0,0,0,0,0,0,0,,25,20,,0,0,0,0
1604111650103,7,1010123456029,72,,1,1,4,1,0,,14.88,25,0,0.031648,10,0,14,,0,0,0,0,0,0,0,0,0,,26,24,,0,0,0,0
1604111650353,7,1010123456029,72,,1,1,4,1,0,,10.9362,47,0,0.047936,19,0,7,,2.8,5,148990,0.1,2,0,0,9.88576,31,,143,64,,0,0,0,1
1604111650603,7,1010123456029,72,,1,1,4,1,0,,10.2143,42,0,0.031424,16,0,0.1,,4,33,0,0.1,13,30.7692,0,6.57206,0,,144,48,,0,0,0,3.72727
1604111650853,7,1010123456029,72,,1,1,4,1,0,,15.9268,41,0,0.04816,15,0,13,,0,0,0,0,0,0,0,0,0,,63,48,,0,0,0,0
1604111651103,7,1010123456029,72,,1,1,4,1,0,,17.8333,12,0,0.031296,8,0,0.1,,0,0,0,0,0,0,0,0,0,,16,16,,0,0,0,0
1604111651353,7,1010123456029,72,,1,1,4,1,0,,15.4167,36,0,0.047232,14,0,0.1,,3.3,10,0,0.1,4,0,0,7.69884,31,,44,40,,0,0,0,1
1604111651603,7,1010123456029,72,,1,1,4,1,0,,17.7,20,0,0.036576,9,0,0.1,,0,0,0,0,0,0,0,0,0,,23,22,,0,0,0,0
1604111651853,7,1010123456029,72,,1,1,4,1,0,,17,21,0,0.031264,8,0,0.1,,0,0,0,0,0,0,0,0,0,,20,24,,0,0,0,0
1604111652103,7,1010123456029,72,,1,1,4,1,0,,14.5,20,0,0.026208,8,0,10,,0,0,0,0,0,0,0,0,0,,28,26,,0,0,0,0
1604111652353,7,1010123456029,72,,1,1,4,1,0,,17.7188,32,0,0.046848,12,0,0.1,,2.875,8,0,0.1,3,0,0,9.26605,31,,29,40,,0,0,0,1
1604111652603,7,1010123456029,72,,1,1,4,1,0,,18,37,0,0.06224,14,0,13,,4,3,0,0.1,1,0,0,7.52523,0,,37,48,,0,0,0,1
1604111652853,7,1010123456029,72,,1,1,4,1,0,,17.8667,15,0,0.03104,7,0,0.1,,0,0,0,0,0,0,0,0,0,,16,20,,0,0,0,0
1604111653103,7,1010123456029,72,,1,1,4,1,0,,17.0435,23,0,0.036384,9,0,0.1,,0,0,0,0,0,0,0,0,0,,23,28,,0,0,0,0
1604111653353,7,1010123456029,72,,1,1,4,1,0,,18,10,0,0.020608,4,0,0.1,,3.14286,7,0,0.1,3,0,0,8.37146,31,,12,16,,0,0,0,1
1604111653603,7,1010123456029,72,,1,1,4,1,0,,17.8095,21,0,0.036896,8,0,0.1,,0,0,0,0,0,0,0,0,0,,24,26,,0,0,0,0
1604111653853,7,1010123456029,72,,1,1,4,1,0,,16.0833,24,0,0.0416,10,0,0.1,,0,0,0,0,0,0,0,0,0,,26,32,,0,0,0,0
1604111654103,7,1010123456029,72,,1,1,4,1,0,,18,11,0,0.020608,4,0,0.1,,0,0,0,0,0,0,0,0,0,,12,16,,0,0,0,0
1604111654353,7,1010123456029,72,,1,1,4,1,0,,18,5,0,0.010304,2,0,0.1,,4.36667,30,0,0.1,12,8.33333,0,8.64426,31,,6,8,,0,0,0,1.9
1604111654603,7,1010123456029,72,,1,1,4,1,0,,16.0556,18,0,0.02608,7,0,14,,0,0,0,0,0,0,0,0,0,,16,20,,0,0,0,0
1604111654853,7,1010123456029,72,,1,1,4,1,0,,16.3529,17,0,0.026112,7,0,0.1,,0,0,0,0,0,0,0,0,0,,16,20,,0,0,0,0
1604111655103,7,1010123456029,72,,1,1,4,1,0,,12.5152,33,0,0.0369799,13,0,10,,0,0,0,0,0,0,0,0,0,,51,42,,0,0,0,0
1604111655353,7,1010123456029,72,,1,1,4,1,0,,20.5,12,0,0.026528,5,0,15,,3.1,10,150000,0.1,4,25,0,8.50836,31,,10,18,,0,0,0,2.8
1604111655603,7,1010123456029,72,,1,1,4,1,0,,17.2581,31,0,0.056864,12,0,13,,3.76,25,0,0.1,10,10,0,6.7219,0,,34,44,,0,0,0,2.08
1604111655853,7,1010123456029,72,,1,1,4,1,0,,18.5152,33,0,0.061984,13,0,14,,0,0,0,0,0,0,0,0,0,,34,44,,0,0,0,0
1604111656103,6,1010123456029,72,,1,1,4,1,0,,18,18,0,0.030912,6,0,0.1,,0,0,0,0,0,0,0,0,0,,19,28,,0,0,0,0
1604111656353,6,1010123456029,72,,1,1,4,1,0,,18.0417,24,0,0.046528,10,0,0.1,,5,5,148990,0.1,2,0,0,9.40767,31,,22,32,,0,0,0,1
1604111656603,6,1010123456029,72,,1,1,4,1,0,,16.7895,19,0,0.031104,7,0,0.1,,4,26,0,0.1,10,20,0,5.90886,0,,17,24,,0,0,0,3.07692
1604111656853,6,1010123456029,72,,1,1,4,1,0,,18,13,0,0.020608,4,0,0.1,,0,0,0,0,0,0,0,0,0,,14,20,,0,0,0,0
1604111657103,6,1010123456029,72,,1,1,4,1,0,,15.6667,45,0,0.062496,17,0,0.1,,0,0,0,0,0,0,0,0,0,,39,48,,0,0,0,0
1604111657353,6,1010123456029,72,,1,1,4,1,0,,17.7917,24,0,0.046816,11,0,0.1,,5,5,149386,0.1,2,0,0,8.22419,31,,24,32,,0,0,0,1.6
1604111657603,6,1010123456029,72,,1,1,4,1,0,,18,16,0,0.030912,6,0,0.1,,2,29,0,0.1,12,41.6667,0,5.50654,0,,17,24,,0,0,0,4.41379
1604111657853,6,1010123456029,72,,1,1,4,1,0,,16.4857,35,0,0.062176,14,0,0.1,,0,0,0,0,0,0,0,0,0,,36,48,,0,0,0,0
1604111658103,6,1010123456029,72,,1,1,4,1,0,,16.7931,29,0,0.046688,11,0,0.1,,0,0,0,0,0,0,0,0,0,,28,36,,0,0,0,0
1604111658353,6,1010123456029,72,,1,1,4,1,0,,18,17,0,0.030912,6,0,0.1,,1.46154,13,0,0.1,5,20,0,5.08374,31,,16,24,,0,0,0,3.07692
1604111658603,6,1010123456029,72,,1,1,4,1,0,,7.56522,46,0,0.037728,19,0,8.5,,1.89286,28,0,0.1,11,45.4545,0,3.85459,0,,113,70,,0,0,0,5.64286
1604111658853,6,1010123456029,72,,1,1,4,1,0,,17,23,0,0.04144,9,0,0.1,,0,0,0,0,0,0,0,0,0,,25,30,,0,0,0,0
1604111659103,6,1010123456029,72,,1,1,4,1,0,,18,15,0,0.02576,5,0,13,,0,0,0,0,0,0,0,0,0,,15,20,,0,0,0,0
1604111659353,6,1010123456029,72,,1,1,4,1,0,,16.8095,21,0,0.026176,7,0,0.1,,0,0,0,0,0,0,0,0,0,,20,22,,0,0,0,0
1604111659603,6,1010123456029,72,,1,1,4,1,0,,17.0833,12,0,0.02592,6,0,13,,1.53333,15,0,0.1,6,0,0,7.28366,31,,13,16,,0,0,0,1
1604111659853,6,1010123456029,72,,1,1,4,1,0,,17.8333,24,0,0.036384,9,0,0.1,,0,0,0,0,0,0,0,0,0,,23,28,,0,0,0,0
1604111660103,6,1010123456029,72,,1,1,4,1,0,,17.7143,28,0,0.041536,10,0,0.1,,0,0,0,0,0,0,0,0,0,,26,32,,0,0,0,0
1604111660353,6,1010123456029,72,,1,1,4,1,0,,16.7391,23,0,0.036352,9,0,0.1,,2.375,32,0,0.1,13,23.0769,0,4.98592,31,,23,28,,0,0,0,3.59375
1604111660603,6,1010123456029,72,,1,1,4,1,0,,16.25,28,0,0.041376,9,0,0.1,,0,0,0,0,0,0,0,0,0,,29,34,,0,0,0,0
1604111660853,6,1010123456029,72,,1,1,4,1,0,,18,18,0,0.041376,9,0,0.1,,0,0,0,0,0,0,0,0,0,,21,28,,0,0,0,0
1604111661103,6,1010123456029,72,,1,1,4,1,0,,17.56,25,0,0.046528,10,0,0.1,,0,0,0,0,0,0,0,0,0,,28,36,,0,0,0,0
1604111661353,6,1010123456029,72,,1,1,4,1,0,,19.6,10,0,0.025088,4,0,0.1,,3.33333,9,0,0.1,4,0,0,8.10026,31,,14,16,,0,0,0,1
1604111661603,6,1010123456029,72,,1,1,8,1,0,,17.3889,18,0,0.031072,7,0,0.1,,0,0,0,0,0,0,0,0,0,,19,24,,0,0,0,0
1604111661853,6,1010123456029,72,,1,1,8,1,0,,16.5882,17,0,0.031072,7,0,0.1,,0,0,0,0,0,0,0,0,0,,20,26,,0,0,0,0
1604111662103,6,1010123456029,72,,1,1,8,1,0,,18,11,0,0.020608,4,0,0.1,,0,0,0,0,0,0,0,0,0,,12,16,,0,0,0,0
1604111662353,6,1010123456029,72,,1,1,8,1,0,,18,14,0,0.02576,5,0,0.1,,1.76923,13,175,0.1,5,20,0,6.39585,31,,15,20,,0,0,0,3.07692
1604111662603,6,1010123456029,72,,1,1,8,1,0,,0,4,0,0.010304,2,0,0.1,,0,2,0,0.1,1,0,0,0,0,,6,8,,0,0,0,0
1604111662853,6,1010123456029,72,,1,1,8,1,0,,18,19,0,0.041216,8,0,0.1,,0,0,0,0,0,0,0,0,0,,24,32,,0,0,0,0
1604111663103,6,1010123456029,72,,1,1,8,1,0,,18,16,0,0.030912,6,0,0.1,,0,0,0,0,0,0,0,0,0,,18,24,,0,0,0,0
1604111663353,6,1010123456029,72,,1,1,8,1,0,,18,23,0,0.041216,8,0,0.1,,5,5,148990,0.1,2,0,0,9.92857,31,,27,36,,0,0,0,1
1604111663603,6,1010123456029,72,,1,1,8,1,0,,18,18,0,0.041216,8,0,0.1,,4,25,0,0.1,10,10,0,7.95812,0,,21,28,,0,0,0,2.08
1604111663853,6,1010123456029,72,,1,1,8,1,0,,18,28,0,0.05152,10,0,0.1,,0,0,0,0,0,0,0,0,0,,36,48,,0,0,0,0
1604111664103,6,1010123456029,72,,1,1,8,1,0,,18,19,0,0.05152,10,0,0.1,,0,0,0,0,0,0,0,0,0,,24,32,,0,0,0,0
1604111664353,6,1010123456029,72,,1,1,8,1,0,,18.3214,28,0,0.067072,12,0,0.1,,1.8,10,0,0.1,4,0,0,7.59491,31,,38,50,,0,0,0,1
1604111664603,6,1010123456029,72,,1,1,8,1,0,,14.2667,15,0,0.02592,6,0,6,,4,8,0,0.1,3,33.3333,0,5.74378,0,,22,26,,0,0,0,4.375
1604111664853,6,1010123456029,72,,1,1,8,1,0,,6.63636,33,0,0.03696,13,0,0.1,,0,0,0,0,0,0,0,0,0,,74,70,,0,0,0,0
1604111665103,6,1010123456029,72,,1,1,8,1,0,,6.82353,17,0,0.0208,6,0,0.1,,0,0,0,0,0,0,0,0,0,,29,38,,0,0,0,0
1604111665353,6,1010123456029,72,,1,1,8,1,0,,6.06667,60,0,0.05872,23,0,0.1,,0.285714,14,0,0.1,6,16.6667,0,5.55312,31,,129,122,,0,0,0,3.92857
1604111665603,6,1010123456029,72,,1,1,8,1,0,,6.8,20,0,0.026688,10,0,0.1,,1.14286,7,0,0.1,3,0,0,10.2265,0,,58,46,,0,0,0,1
1604111665853,6,1010123456029,72,,1,1,8,1,0,,11.45,20,0,0.03776,8,0,9,,0,0,0,0,0,0,0,0,0,,34,46,,0,0,0,0
1604111666103,6,1010123456029,72,,1,1,8,1,0,,13,5,0,0.010816,2,0,0.1,,0,0,0,0,0,0,0,0,0,,8,12,,0,0,0,0
1604111666353,6,1010123456029,72,,1,1,8,1,0,,13,33,0,0.064896,12,0,0.1,,0,0,0,0,0,0,0,0,0,,52,78,,0,0,0,0
1604111666603,6,1010123456029,72,,1,1,8,1,0,,13,17,0,0.037856,7,0,0.1,,2.30769,13,0,0.1,5,0,0,7.55146,31,,24,36,,0,0,0,1
1604111666853,6,1010123456029,72,,1,1,8,1,0,,13,24,0,0.05408,10,0,0.1,,0,0,0,0,0,0,0,0,0,,40,60,,0,0,0,0
1604111667103,6,1010123456029,72,,1,1,8,1,0,,13,21,0,0.037856,7,0,0.1,,0,0,0,0,0,0,0,0,0,,32,48,,0,0,0,0
1604111667353,6,1010123456029,72,,1,1,8,1,0,,13,24,0,0.048672,9,0,0.1,,2.09091,11,0,0.1,4,0,0,6.95911,31,,36,54,,0,0,0,1
1604111667620,5,1010123456029,72,,1,1,8,1,0,,13,18,158,0.0405094,8,0,0.1,,0,0,0,0,0,0,0,0,0,,28,42,,0,0,0,0
1604111667853,5,1010123456029,72,,1,1,8,1,0,,13.5556,18,0,0.0459742,7,0,0.1,,0,0,0,0,0,0,0,0,0,,36,44,,0,0,0,0
1604111668103,5,1010123456029,72,,1,1,8,1,0,,13,10,0,0.021632,4,0,0.1,,0,0,0,0,0,0,0,0,0,,16,24,,0,0,0,0
1604111668353,5,1010123456029,72,,1,1,8,1,0,,13,13,0,0.02704,5,0,0.1,,1.51111,45,0,0.1,18,83.3333,0,1.84741,31,,20,30,,0,0,0,8.66667
1604111668603,5,1010123456029,72,,1,1,8,1,0,,1.91304,92,158,0.056672,38,0,7,,0.1,19,0,0.1,8,87.5,0,0.424338,31,,50,272,,0,0,0,10
1604111668853,5,1010123456029,72,,1,1,8,1,0,,7.20513,78,0,0.079776,32,0,6,,0,0,0,0,0,0,0,0,0,,39,214,,0,0,0,0
1604111669103,5,1010123456029,72,,1,1,8,1,0,,18,20,0,0.036064,7,0,0.1,,0,0,0,0,0,0,0,0,0,,21,28,,0,0,0,0
1604111669353,5,1010123456029,72,,1,1,8,1,0,,18,24,0,0.041216,8,0,0.1,,0.1,45,0,0.1,19,89.4737,0,1.4695,31,,27,36,,0,0,0,8.8
1604111669603,5,1010123456029,72,,1,1,8,1,0,,18.5294,17,0,0.03616,6,0,0.1,,0,0,0,0,0,0,0,0,0,,23,30,,0,0,0,0
1604111669853,5,1010123456029,72,,1,1,8,1,0,,18,13,0,0.036064,7,0,0.1,,0,0,0,0,0,0,0,0,0,,15,20,,0,0,0,0
1604111670103,5,1010123456029,72,,1,1,8,1,0,,18,25,0,0.046368,9,0,0.1,,0,0,0,0,0,0,0,0,0,,33,44,,0,0,0,0
1604111670353,5,1010123456029,72,,1,1,8,1,0,,18,15,0,0.036064,7,0,0.1,,0,0,0,0,0,0,0,0,0,,18,24,,0,0,0,0
1604111670603,5,1010123456029,72,,1,1,8,1,0,,18,23,0,0.041216,8,0,0.1,,0,8,0,0,4,100,0,0,0,,27,36,,0,0,0,0
1604111670853,5,1010123456029,72,,1,1,8,1,0,,0.1,200,0,0.065856,80,0,5,,8.11111,18,0,0.1,7,42.8571,0,7.15837,31,,44,632,,0,0,0,5
1604111671103,5,1010123456029,72,,1,1,8,1,0,,18.5,18,0,0.041888,9,0,0.1,,0,2,0,0,1,100,0,0,0,,22,30,,0,0,0,0
1604111671353,5,1010123456029,72,,1,1,8,1,0,,4.66667,27,0,0.021632,11,0,2,,1,9,0,0.1,4,25,0,6.94506,31,,13,72,,0,0,0,2
1604111671603,5,1010123456029,72,,1,1,8,1,0,,0.1,232,0,0.070144,89,0,0.1,,3.66667,9,0,0.1,4,75,0,2.96953,0,,71,732,,0,0,0,7
1604111671853,5,1010123456029,72,,1,1,8,1,0,,7.63636,33,0,0.039968,18,0,7.5,,0,0,0,0,0,0,0,0,0,,26,84,,0,0,0,0
1604111672103,5,1010123456029,72,,1,1,8,1,0,,0.1,161,92,0.045536,58,0,0.1,,0,0,0,0,0,0,0,0,0,,38,532,,0,0,0,0
1604111672353,5,1010123456029,72,,1,1,8,1,0,,5.3617,47,0,0.046624,26,0,13,,0,0,0,0,0,0,0,0,0,,35,120,,0,0,0,0
1604111672603,5,1010123456029,72,,1,1,8,1,0,,18,26,0,0.05152,10,0,0.1,,0,0,0,0,0,0,0,0,0,,30,40,,0,0,0,0
1604111672853,5,1010123456029,72,,1,1,8,1,0,,18,13,0,0.02576,5,0,0.1,,1.68,25,0,0.1,10,80,0,1.31825,31,,15,20,,0,0,0,8.28
1604111673103,5,1010123456029,72,,1,1,8,1,0,,18.2143,28,0,0.051616,9,0,0.1,,0,0,0,0,0,0,0,0,0,,35,46,,0,0,0,0
1604111673353,5,1010123456029,72,,1,1,8,1,0,,18,19,0,0.046368,9,0,0.1,,0,0,0,0,0,0,0,0,0,,21,28,,0,0,0,0
1604111673603,5,1010123456029,72,,1,1,8,1,0,,18,18,0,0.030912,6,0,0.1,,1.5,24,0,0.1,10,90,0,1.48669,31,,21,28,,0,0,0,8.875
1604111673853,5,1010123456029,72,,1,1,8,1,0,,18,13,0,0.036064,7,0,0.1,,0.118812,101,0,0.1,41,97.561,0,0.749457,0,,18,24,,0,0,0,9.73267
1604111674103,5,1010123456029,72,,1,1,8,1,0,,18,22,0,0.046368,9,0,0.1,,0,0,0,0,0,0,0,0,0,,27,36,,0,0,0,0
1604111674353,6,1010123456029,72,,1,1,8,1,0,,18,20,0,0.041216,8,0,0.1,,0,0,0,0,0,0,0,0,0,,24,32,,0,0,0,0
1604111674603,6,1010123456029,72,,1,1,8,1,0,,18,31,0,0.066976,13,0,0.1,,0,0,0,0,0,0,0,0,0,,39,52,,0,0,0,0
1604111674853,5,1010123456029,72,,1,1,8,1,0,,0,8,0,0.0206908,4,0,0.1,,0,0,0,0,0,0,0,0,0,,12,16,,0,0,0,0
1604111675103,5,1010123456029,72,,1,1,8,1,0,,18,20,0,0.041216,8,0,0.1,,0.1,3,0,0.1,1,0,0,4.19485,31,,24,32,,0,0,0,1
1604111675353,5,1010123456029,72,,1,1,8,1,0,,18,13,0,0.030912,6,0,0.1,,0.1,42,0,0.1,18,94.4444,0,1.03927,0,,18,24,,0,0,0,9.35714
1604111675603,5,1010123456029,72,,1,1,8,1,0,,16.8462,13,0,0.026016,5,0,8,,0,0,0,0,0,0,0,0,0,,18,22,,0,0,0,0
1604111675853,5,1010123456029,72,,1,1,8,1,0,,4.65625,64,0,0.056416,20,0,1,,0,0,0,0,0,0,0,0,0,,72,176,,0,0,0,0
1604111676103,5,1010123456029,72,,1,1,8,1,0,,0.1,158,0,0.053696,69,0,0.1,,1.31579,19,0,0.1,8,50,0,3.26434,31,,47,476,,0,0,0,4.78947
1604111676353,5,1010123456029,72,,1,1,8,1,0,,6.75,72,0,0.063872,28,0,13,,0,0,0,0,0,0,0,0,0,,11,182,,0,0,0,0
1604111676603,5,1010123456029,72,,1,1,8,1,0,,18,25,0,0.046368,9,0,0.1,,0,0,0,0,0,0,0,0,0,,27,36,,0,0,0,0
1604111676853,5,1010123456029,72,,1,1,8,1,0,,18,18,0,0.036064,7,0,0.1,,0,0,0,0,0,0,0,0,0,,21,28,,0,0,0,0
1604111677103,5,1010123456029,72,,1,1,8,1,0,,18,29,0,0.056672,11,0,0.1,,0,0,0,0,0,0,0,0,0,,33,44,,0,0,0,0
1604111677353,5,1010123456029,72,,1,1,8,1,0,,18.3,20,0,0.046464,8,0,0.1,,0,0,0,0,0,0,0,0,0,,26,34,,0,0,0,0
1604111677603,5,1010123456029,72,,1,1,8,1,0,,18,33,0,0.066976,13,0,0.1,,0,0,0,0,0,0,0,0,0,,39,52,,0,0,0,0
1604111677853,5,1010123456029,72,,1,1,8,1,0,,18,14,0,0.02576,5,0,0.1,,0,0,0,0,0,0,0,0,0,,15,20,,0,0,0,0
1604111678103,5,1010123456029,72,,1,1,8,1,0,,18,17,0,0.036064,7,0,0.1,,0,0,0,0,0,0,0,0,0,,21,28,,0,0,0,0
1604111678353,5,1010123456029,72,,1,1,8,1,0,,18,27,0,0.05152,10,0,0.1,,0,0,0,0,0,0,0,0,0,,33,44,,0,0,0,0
1604111678603,5,1010123456029,72,,1,1,8,1,0,,18,20,0,0.046368,9,0,0.1,,0,0,0,0,0,0,0,0,0,,27,36,,0,0,0,0
1604111678853,5,1010123456029,72,,1,1,8,1,0,,18,19,0,0.041216,8,0,0.1,,0,0,0,0,0,0,0,0,0,,24,32,,0,0,0,0
1604111679103,6,1010123456029,72,,1,1,8,1,0,,18.2727,22,0,0.051616,9,0,0.1,,0,0,0,0,0,0,0,0,0,,29,38,,0,0,0,0
1604111679353,6,1010123456029,72,,1,1,8,1,0,,18,20,0,0.0362088,7,0,0.1,,0,0,0,0,0,0,0,0,0,,24,32,,0,0,0,0
1604111679603,5,1010123456029,72,,1,1,8,1,0,,18,14,0,0.030912,6,0,0.1,,0,0,0,0,0,0,0,0,0,,18,24,,0,0,0,0
1604111679853,5,1010123456029,72,,1,1,8,1,0,,18,13,0,0.036064,7,0,0.1,,0,0,0,0,0,0,0,0,0,,18,24,,0,0,0,0
1604111680103,5,1010123456029,72,,1,1,8,1,0,,18,23,0,0.046368,9,0,0.1,,0,0,0,0,0,0,0,0,0,,27,36,,0,0,0,0
1604111680353,5,1010123456029,72,,1,1,8,1,0,,18.375,24,0,0.051616,9,0,0.1,,0,0,0,0,0,0,0,0,0,,29,38,,0,0,0,0
1604111680603,5,1010123456029,72,,1,1,8,1,0,,18,11,0,0.020608,4,0,0.1,,0,0,0,0,0,0,0,0,0,,12,16,,0,0,0,0
1604111680853,5,1010123456029,72,,1,1,8,1,0,,18,20,0,0.041216,8,0,0.1,,0,0,0,0,0,0,0,0,0,,24,32,,0,0,0,0
