time,cc,pci,earfcn,rsrp,pl,cfo,dl_mcs,dl_snr,dl_turbo,dl_brate,dl_bler,ul_ta,ul_mcs,ul_buff,ul_brate,ul_bler,rf_o,rf_u,rf_l,is_attached
0,0,0,4294967295,0.0,0.0,0.0,0.0,0.0,0.0,0.0,0.0,0.0,0.0,0.0,0.0,0.0,0.0,0.0,0.0,0.0
249,0,0,3400,0.0,0.0,0.0,0.0,0.0,0.0,0.0,0.0,0.0,0.0,0.0,0.0,0.0,0.0,0.0,0.0,0.0
498,0,0,3400,0.0,0.0,0.0,0.0,0.0,0.0,0.0,0.0,0.0,0.0,0.0,0.0,0.0,0.0,0.0,0.0,0.0
747,0,1,3400,0.0,0.0,0.0,0.0,0.0,0.0,0.0,0.0,0.0,0.0,0.0,0.0,0.0,0.0,0.0,0.0,0.0
996,0,1,3400,0.0,0.0,0.0,0.0,0.0,0.0,0.0,0.0,0.0,0.0,0.0,0.0,0.0,0.0,0.0,0.0,0.0
1245,0,1,3400,0.0,0.0,0.0,0.0,0.0,0.0,0.0,0.0,0.0,0.0,0.0,0.0,0.0,0.0,0.0,0.0,0.0
1494,0,1,3400,0.0,0.0,0.0,0.0,0.0,0.0,0.0,0.0,0.0,0.0,0.0,0.0,0.0,0.0,0.0,0.0,0.0
1743,0,1,3400,0.0,0.0,0.0,0.0,0.0,0.0,0.0,0.0,0.0,0.0,0.0,0.0,0.0,0.0,0.0,0.0,0.0
1992,0,1,3400,0.0,0.0,0.0,0.0,0.0,0.0,0.0,0.0,0.0,0.0,0.0,0.0,0.0,0.0,0.0,0.0,0.0
2241,0,1,3400,0.0,0.0,0.0,0.0,0.0,0.0,0.0,0.0,0.0,0.0,0.0,0.0,0.0,0.0,0.0,0.0,0.0
2490,0,1,3400,0.0,0.0,0.0,0.0,0.0,0.0,0.0,0.0,0.0,0.0,0.0,0.0,0.0,0.0,0.0,0.0,0.0
2739,0,1,3400,0.0,0.0,0.0,0.0,0.0,0.0,0.0,0.0,0.0,0.0,0.0,0.0,0.0,0.0,0.0,0.0,0.0
2988,0,1,3400,0.0,0.0,0.0,0.0,0.0,0.0,0.0,0.0,0.0,0.0,0.0,0.0,0.0,0.0,0.0,0.0,0.0
3237,0,1,3400,-60,60,232,0.19,25,0.048,576,0,0.0,0.0,0.0,0.0,0.0,0.0,0.0,0.0,0.0
3486,0,1,3400,-60,60,227,2.3,26,0.43,2336.000000,0,0.0,0.0,33,224,0,0.0,0.0,0.0,1.0
3735,0,1,3400,-60,60,226,2.5,26,0.50,3040.000000,0,27,1.2,21,21472.000000,0,0.0,0.0,0.0,1.0
3984,0,1,3400,-59,59,226,1.2,27,0.50,224,0,27,4.2,0.0,5952.000000,0,0.0,0.0,0.0,1.0
4233,0,1,3400,-59,59,228,2.2,27,0.50,2112.000000,0,27,4.2,25,15584.000000,0,0.0,0.0,0.0,1.0
4482,0,1,3400,-59,59,230,8.8,27,0.50,10304.000000,0,27,9.3,0.0,55584.000000,23,0.0,0.0,0.0,1.0
4731,0,1,3400,-59,59,229,21,27,0.50,131168.000000,0,27,9.7,0.0,108352.000000,0,0.0,0.0,0.0,1.0
4980,0,1,3400,-59,59,227,27,27,0.50,0.0,0.0,27,10,0.0,0.0,0.0,0.0,0.0,0.0,1.0
5229,0,1,3400,-59,59,226,27,27,0.50,0.0,0.0,27,10,0.0,0.0,0.0,0.0,0.0,0.0,1.0
5478,0,1,3400,-59,59,229,27,26,0.50,0.0,0.0,27,10,0.0,0.0,0.0,0.0,0.0,0.0,1.0
5727,0,1,3400,-60,60,229,27,26,0.50,0.0,0.0,27,10,0.0,0.0,0.0,0.0,0.0,0.0,1.0
5976,0,1,3400,-60,60,229,27,25,0.50,0.0,0.0,27,10,0.0,0.0,0.0,0.0,0.0,0.0,1.0
6225,0,1,3400,-60,60,228,27,26,0.50,0.0,0.0,27,10,0.0,0.0,0.0,0.0,0.0,0.0,1.0
6474,0,1,3400,-60,60,228,27,26,0.50,0.0,0.0,27,10,0.0,0.0,0.0,0.0,0.0,0.0,1.0
6723,0,1,3400,-60,60,227,27,25,0.50,0.0,0.0,27,10,0.0,0.0,0.0,0.0,0.0,0.0,1.0
6972,0,1,3400,-60,60,229,27,25,0.50,0.0,0.0,27,10,0.0,0.0,0.0,0.0,0.0,0.0,1.0
7221,0,1,3400,-60,60,229,27,25,0.50,0.0,0.0,27,10,0.0,0.0,0.0,0.0,0.0,0.0,1.0
7470,0,1,3400,-60,60,229,27,25,0.50,0.0,0.0,27,10,0.0,0.0,0.0,0.0,0.0,0.0,1.0
7719,0,1,3400,-61,61,228,27,25,0.50,0.0,0.0,27,10,0.0,0.0,0.0,0.0,0.0,0.0,1.0
7968,0,1,3400,-61,61,228,27,25,0.50,0.0,0.0,27,10,0.0,0.0,0.0,0.0,0.0,0.0,1.0
8217,0,1,3400,-61,61,228,27,24,0.50,0.0,0.0,27,10,0.0,0.0,0.0,0.0,0.0,0.0,1.0
8466,0,1,3400,-61,61,229,27,24,0.50,0.0,0.0,27,10,0.0,0.0,0.0,0.0,0.0,0.0,1.0
8715,0,1,3400,-62,62,230,27,24,0.50,0.0,0.0,27,10,0.0,0.0,0.0,0.0,0.0,0.0,1.0
8964,0,1,3400,-62,62,229,27,24,0.50,0.0,0.0,27,10,0.0,0.0,0.0,0.0,0.0,0.0,1.0
9213,0,1,3400,-62,62,229,27,24,0.50,0.0,0.0,27,10,0.0,0.0,0.0,0.0,0.0,0.0,1.0
9462,0,1,3400,-62,62,233,27,24,0.50,0.0,0.0,27,10,0.0,0.0,0.0,0.0,0.0,0.0,1.0
9711,0,1,3400,-63,63,231,27,23,0.50,0.0,0.0,27,10,0.0,0.0,0.0,0.0,0.0,0.0,1.0
9960,0,1,3400,-63,63,229,27,23,0.50,0.0,0.0,27,10,0.0,0.0,0.0,0.0,0.0,0.0,1.0
10209,0,1,3400,-63,63,228,27,23,0.50,0.0,0.0,27,10,0.0,0.0,0.0,0.0,0.0,0.0,1.0
10458,0,1,3400,-63,63,228,27,23,0.50,0.0,0.0,27,10,0.0,0.0,0.0,0.0,0.0,0.0,1.0
10707,0,1,3400,-63,63,227,27,23,0.50,0.0,0.0,27,10,0.0,0.0,0.0,0.0,0.0,0.0,1.0
10956,0,1,3400,-63,63,227,27,23,0.50,0.0,0.0,27,10,0.0,0.0,0.0,0.0,0.0,0.0,1.0
11205,0,1,3400,-63,63,230,27,23,0.50,0.0,0.0,27,10,0.0,0.0,0.0,0.0,0.0,0.0,1.0
11454,0,1,3400,-63,63,229,27,22,0.50,0.0,0.0,27,10,0.0,0.0,0.0,0.0,0.0,0.0,1.0
11703,0,1,3400,-63,63,229,27,24,0.50,0.0,0.0,27,10,0.0,0.0,0.0,0.0,0.0,0.0,1.0
11952,0,1,3400,-63,63,230,27,22,0.50,0.0,0.0,27,10,0.0,0.0,0.0,0.0,0.0,0.0,1.0
12201,0,1,3400,-63,63,230,27,23,0.50,0.0,0.0,27,10,0.0,0.0,0.0,0.0,0.0,0.0,1.0
12450,0,1,3400,-63,63,230,27,22,0.50,0.0,0.0,27,10,0.0,0.0,0.0,0.0,0.0,0.0,1.0
12699,0,1,3400,-64,64,231,27,22,0.50,0.0,0.0,27,10,0.0,0.0,0.0,0.0,0.0,0.0,1.0
12948,0,1,3400,-64,64,230,27,22,0.50,0.0,0.0,27,10,0.0,0.0,0.0,0.0,0.0,0.0,1.0
13197,0,1,3400,-64,64,230,27,22,0.50,0.0,0.0,27,10,0.0,0.0,0.0,0.0,0.0,0.0,1.0
13446,0,1,3400,-64,64,230,27,21,0.50,0.0,0.0,27,10,0.0,0.0,0.0,0.0,0.0,0.0,1.0
13695,0,1,3400,-65,65,233,21,21,2.1,0.0,100.000000,27,10,0.0,0.0,0.0,0.0,0.0,0.0,1.0
13944,0,1,3400,-64,64,230,20,22,2.2,0.0,0.0,27,10,0.0,0.0,0.0,0.0,0.0,0.0,1.0
14193,0,1,3400,-64,64,228,20,22,2.2,0.0,0.0,27,10,0.0,0.0,0.0,0.0,0.0,0.0,1.0
14442,0,1,3400,-64,64,228,20,22,2.2,0.0,0.0,27,10,0.0,0.0,0.0,0.0,0.0,0.0,1.0
14691,0,1,3400,-64,64,230,20,22,2.2,0.0,0.0,27,10,0.0,0.0,0.0,0.0,0.0,0.0,1.0
14940,0,1,3400,-64,64,230,20,22,2.2,0.0,0.0,27,10,0.0,0.0,0.0,0.0,0.0,0.0,1.0
15189,0,1,3400,-64,64,229,20,22,2.2,0.0,0.0,27,10,0.0,0.0,0.0,0.0,0.0,0.0,1.0
15438,0,1,3400,-64,64,231,20,22,2.2,0.0,0.0,27,10,0.0,0.0,0.0,0.0,0.0,0.0,1.0
15687,0,1,3400,-64,64,230,20,22,2.2,0.0,0.0,27,10,0.0,0.0,0.0,0.0,0.0,0.0,1.0
15936,0,1,3400,-64,64,230,20,22,2.2,0.0,0.0,27,10,0.0,0.0,0.0,0.0,0.0,0.0,1.0
16185,0,1,3400,-64,64,230,20,22,2.2,0.0,0.0,27,10,0.0,0.0,0.0,0.0,0.0,0.0,1.0
16434,0,1,3400,-64,64,230,20,21,2.2,0.0,0.0,27,10,0.0,0.0,0.0,0.0,0.0,0.0,1.0
16683,0,1,3400,-65,65,230,20,21,2.2,0.0,0.0,27,10,0.0,0.0,0.0,0.0,0.0,0.0,1.0
16932,0,1,3400,-65,65,229,20,21,2.2,0.0,0.0,27,10,0.0,0.0,0.0,0.0,0.0,0.0,1.0
17181,0,1,3400,-65,65,232,20,21,2.2,0.0,0.0,27,10,0.0,0.0,0.0,0.0,0.0,0.0,1.0
17430,0,1,3400,-65,65,230,20,22,2.2,0.0,0.0,27,10,0.0,0.0,0.0,0.0,0.0,0.0,1.0
17679,0,1,3400,-65,65,229,20,21,2.2,0.0,0.0,27,10,0.0,0.0,0.0,0.0,0.0,0.0,1.0
17928,0,1,3400,-65,65,231,20,22,2.2,0.0,0.0,27,10,0.0,0.0,0.0,0.0,0.0,0.0,1.0
18177,0,1,3400,-65,65,230,20,22,2.2,0.0,0.0,27,10,0.0,0.0,0.0,0.0,0.0,0.0,1.0
18426,0,1,3400,-65,65,230,20,22,2.2,0.0,0.0,27,10,0.0,0.0,0.0,0.0,0.0,0.0,1.0
18675,0,1,3400,-65,65,232,20,21,2.2,0.0,0.0,27,10,0.0,0.0,0.0,0.0,0.0,0.0,1.0
18924,0,1,3400,-65,65,233,20,21,2.2,0.0,0.0,27,10,0.0,0.0,0.0,0.0,0.0,0.0,1.0
19173,0,1,3400,-65,65,229,20,21,2.2,0.0,0.0,27,10,0.0,0.0,0.0,0.0,0.0,0.0,1.0
19422,0,1,3400,-65,65,228,20,21,2.2,0.0,0.0,27,10,0.0,0.0,0.0,0.0,0.0,0.0,1.0
19671,0,1,3400,-65,65,231,20,21,2.2,0.0,0.0,27,10,0.0,0.0,0.0,0.0,0.0,0.0,1.0
19920,0,1,3400,-65,65,230,20,21,2.2,0.0,0.0,27,10,0.0,0.0,0.0,0.0,0.0,0.0,1.0
20169,0,1,3400,-65,65,232,20,21,2.2,0.0,0.0,27,10,0.0,0.0,0.0,0.0,0.0,0.0,1.0
20418,0,1,3400,-65,65,229,20,21,2.2,0.0,0.0,27,10,0.0,0.0,0.0,0.0,0.0,0.0,1.0
20667,0,1,3400,-65,65,228,20,22,2.2,0.0,0.0,27,10,0.0,0.0,0.0,0.0,0.0,0.0,1.0
20916,0,1,3400,-65,65,230,20,22,2.2,0.0,0.0,27,10,0.0,0.0,0.0,0.0,0.0,0.0,1.0
21165,0,1,3400,-65,65,229,20,21,2.2,0.0,0.0,27,10,0.0,0.0,0.0,0.0,0.0,0.0,1.0
21414,0,1,3400,-65,65,231,20,21,2.2,0.0,0.0,27,10,0.0,0.0,0.0,0.0,0.0,0.0,1.0
21663,0,1,3400,-65,65,231,20,21,2.2,0.0,0.0,27,10,0.0,0.0,0.0,0.0,0.0,0.0,1.0
21912,0,1,3400,-64,64,231,20,22,2.2,0.0,0.0,27,10,0.0,0.0,0.0,0.0,0.0,0.0,1.0
22161,0,1,3400,-64,64,230,20,22,2.2,0.0,0.0,27,10,0.0,0.0,0.0,0.0,0.0,0.0,1.0
22410,0,1,3400,-64,64,230,20,22,2.2,0.0,0.0,27,10,0.0,0.0,0.0,0.0,0.0,0.0,1.0
22659,0,1,3400,-64,64,231,20,22,2.2,0.0,0.0,27,10,0.0,0.0,0.0,0.0,0.0,0.0,1.0
22908,0,1,3400,-64,64,231,20,22,2.2,0.0,0.0,27,10,0.0,0.0,0.0,0.0,0.0,0.0,1.0
23157,0,1,3400,-64,64,232,20,22,2.2,0.0,0.0,27,10,0.0,0.0,0.0,0.0,0.0,0.0,1.0
23406,0,1,3400,-64,64,231,20,22,2.2,0.0,0.0,27,10,0.0,0.0,0.0,0.0,0.0,0.0,1.0
23655,0,1,3400,-65,65,231,20,22,2.2,0.0,0.0,27,10,0.0,0.0,0.0,0.0,0.0,0.0,1.0
23904,0,1,3400,-65,65,230,20,22,2.2,0.0,0.0,27,10,0.0,0.0,0.0,0.0,0.0,0.0,1.0
24153,0,1,3400,-65,65,231,20,22,2.2,0.0,0.0,27,10,0.0,0.0,0.0,0.0,0.0,0.0,1.0
24402,0,1,3400,-65,65,231,20,22,2.2,0.0,0.0,27,10,0.0,0.0,0.0,0.0,0.0,0.0,1.0
24651,0,1,3400,-65,65,229,20,22,2.2,0.0,0.0,27,10,0.0,0.0,0.0,0.0,0.0,0.0,1.0
24900,0,1,3400,-65,65,230,20,21,2.2,0.0,0.0,27,10,0.0,0.0,0.0,0.0,0.0,0.0,1.0
25149,0,1,3400,-65,65,230,20,22,2.2,0.0,0.0,27,10,0.0,0.0,0.0,0.0,0.0,0.0,1.0
25398,0,1,3400,-65,65,232,20,22,2.2,0.0,0.0,27,10,0.0,0.0,0.0,0.0,0.0,0.0,1.0
25647,0,1,3400,-65,65,231,20,22,2.2,0.0,0.0,27,10,0.0,0.0,0.0,0.0,0.0,0.0,1.0
25896,0,1,3400,-65,65,231,20,21,2.2,0.0,0.0,27,10,0.0,0.0,0.0,0.0,0.0,0.0,1.0
26145,0,1,3400,-65,65,229,20,21,2.2,0.0,0.0,27,10,0.0,0.0,0.0,0.0,0.0,0.0,1.0
26394,0,1,3400,-65,65,230,20,21,2.2,0.0,0.0,27,10,0.0,0.0,0.0,0.0,0.0,0.0,1.0
26643,0,1,3400,-65,65,231,20,22,2.2,0.0,0.0,27,10,0.0,0.0,0.0,0.0,0.0,0.0,1.0
26892,0,1,3400,-65,65,232,20,21,2.2,0.0,0.0,27,10,0.0,0.0,0.0,0.0,0.0,0.0,1.0
27141,0,1,3400,-65,65,233,19,21,1.1,194486.062500,0,27,9.2,0.0,118406.375000,0,0.0,0.0,0.0,1.0
27390,0,1,3400,-65,65,231,19,21,0.68,346016.000000,0,27,9.7,0.0,59648.000000,0,0.0,0.0,0.0,1.0
27639,0,1,3400,-65,65,230,19,22,0.73,364337.343750,0,27,12,0.0,0.0,0.0,0.0,0.0,0.0,1.0
27888,0,1,3400,-65,65,231,19,21,0.62,326725.093750,0,27,12,0.0,0.0,0.0,0.0,0.0,0.0,1.0
28137,0,1,3400,-65,65,231,18,21,0.61,329317.281250,0,27,10,0.0,50313.253906,10,0.0,0.0,0.0,1.0
28386,0,1,3400,-65,65,231,19,21,0.66,329312.000000,0,27,8.0,0.0,0.0,0.0,0.0,0.0,0.0,1.0
28635,0,1,3400,-65,65,229,19,21,0.67,322656.000000,0,27,8.0,0.0,0.0,0.0,0.0,0.0,0.0,1.0
28884,0,1,3400,-65,65,232,18,21,0.65,272640.000000,0,27,7.9,0.0,0.0,0.0,0.0,0.0,0.0,1.0
29133,0,1,3400,-65,65,231,18,20,0.69,299680.000000,0,27,9.7,0.0,23776.000000,0,0.0,0.0,0.0,1.0
29382,0,1,3400,-65,65,231,18,20,0.65,282176.000000,0,27,13,0.0,0.0,0.0,0.0,0.0,0.0,1.0
29631,0,1,3400,-66,66,230,18,21,0.59,282176.000000,0,27,13,0.0,0.0,0.0,0.0,0.0,0.0,1.0
29880,0,1,3400,-65,65,232,18,20,0.53,293344.000000,0,27,13,0.0,0.0,0.0,0.0,0.0,0.0,1.0
30129,0,1,3400,-65,65,231,18,21,0.54,284736.000000,0,27,13,0.0,26720.000000,0,0.0,0.0,0.0,1.0
30378,0,1,3400,-65,65,232,18,21,0.54,287104.000000,0,27,13,0.0,0.0,0.0,0.0,0.0,0.0,1.0
30627,0,1,3400,-65,65,232,18,21,0.63,313984.000000,0,27,13,0.0,0.0,0.0,0.0,0.0,0.0,1.0
30876,0,1,3400,-65,65,230,18,21,0.66,326240.000000,0,27,13,0.0,0.0,0.0,0.0,0.0,0.0,1.0
31125,0,1,3400,-65,65,231,18,21,0.58,343552.000000,0,27,13,55,0.0,80,0.0,0.0,0.0,1.0
31374,0,1,3400,-65,65,231,19,21,0.63,301632.000000,0,27,12,0.0,6080.000000,0,0.0,0.0,0.0,1.0
31623,0,1,3400,-65,65,232,18,21,0.64,347456.000000,0,27,6.5,0.0,0.0,0.0,0.0,0.0,0.0,1.0
31872,0,1,3400,-64,64,231,19,22,0.65,347616.000000,0,27,6.5,0.0,0.0,0.0,0.0,0.0,0.0,1.0
32121,0,1,3400,-64,64,230,19,21,0.60,356384.000000,0,27,4.1,0.0,34592.000000,0,0.0,0.0,0.0,1.0
32370,0,1,3400,-64,64,234,19,21,0.61,350080.000000,0,27,2.0,0.0,0.0,0.0,0.0,0.0,0.0,1.0
32619,0,1,3400,-64,64,233,19,22,0.58,330848.000000,0,27,2.0,0.0,0.0,0.0,0.0,0.0,0.0,1.0
32868,0,1,3400,-64,64,231,19,21,0.58,301376.000000,0,27,2.0,0.0,0.0,0.0,0.0,0.0,0.0,1.0
33117,0,1,3400,-64,64,232,19,21,0.57,375616.000000,0,27,4.7,0.0,23168.000000,0,0.0,0.0,0.0,1.0
33366,0,1,3400,-64,64,232,19,22,0.60,339456.000000,0,27,6.5,0.0,0.0,0.0,0.0,0.0,0.0,1.0
33615,0,1,3400,-64,64,231,19,21,0.59,311136.000000,0,27,6.5,0.0,0.0,0.0,0.0,0.0,0.0,1.0
33864,0,1,3400,-64,64,231,19,21,0.56,345370.531250,0,27,6.5,0.0,0.0,0.0,0.0,0.0,0.0,1.0
34113,0,1,3400,-64,64,231,19,22,0.59,369344.000000,0,27,12,0.0,145216.000000,32,0.0,0.0,0.0,1.0
34362,0,1,3400,-64,64,234,20,22,0.60,384128.500000,0,27,16,0.0,0.0,0.0,0.0,0.0,0.0,1.0
34611,0,1,3400,-64,64,234,19,22,0.60,376512.000000,0,27,16,0.0,0.0,0.0,0.0,0.0,0.0,1.0
34860,0,1,3400,-64,64,229,19,22,0.60,375328.000000,0,27,16,0.0,0.0,0.0,0.0,0.0,0.0,1.0
35109,0,1,3400,-64,64,231,19,22,0.60,297856.000000,0,27,14,0.0,23776.000000,0,0.0,0.0,0.0,1.0
35358,0,1,3400,-64,64,231,19,22,0.55,215040.000000,0,27,13,0.0,0.0,0.0,0.0,0.0,0.0,1.0
35607,0,1,3400,-64,64,232,19,22,0.66,351648.000000,0,27,13,0.0,0.0,0.0,0.0,0.0,0.0,1.0
35856,0,1,3400,-64,64,230,19,22,0.59,340544.000000,0,27,13,0.0,0.0,0.0,0.0,0.0,0.0,1.0
36105,0,1,3400,-64,64,230,18,21,0.55,296480.000000,0,27,13,0.0,26848.000000,0,0.0,0.0,0.0,1.0
36354,0,1,3400,-64,64,231,19,22,0.58,367456.000000,0,27,13,0.0,0.0,0.0,0.0,0.0,0.0,1.0
36603,0,1,3400,-64,64,234,19,21,0.59,289600.000000,0,27,13,0.0,0.0,0.0,0.0,0.0,0.0,1.0
36852,0,1,3400,-64,64,231,19,22,0.58,308352.000000,0,27,13,0.0,0.0,0.0,0.0,0.0,0.0,1.0
37101,0,1,3400,-64,64,234,20,21,0.65,309536.000000,0,27,7.1,0.0,22336.000000,0,0.0,0.0,0.0,1.0
37350,0,1,3400,-64,64,232,19,21,0.57,369856.000000,0,27,2.0,0.0,0.0,0.0,0.0,0.0,0.0,1.0
37599,0,1,3400,-64,64,231,19,22,0.58,388192.000000,0,27,2.0,0.0,0.0,0.0,0.0,0.0,0.0,1.0
37848,0,1,3400,-64,64,231,19,21,0.58,310496.000000,0,27,2.0,0.0,0.0,0.0,0.0,0.0,0.0,1.0
38097,0,1,3400,-64,64,233,19,21,0.55,361760.000000,0,27,9.6,0.0,59264.000000,0,0.0,0.0,0.0,1.0
38346,0,1,3400,-64,64,231,19,21,0.61,324736.000000,0,27,16,0.0,0.0,0.0,0.0,0.0,0.0,1.0
38595,0,1,3400,-65,65,230,18,21,0.55,345312.000000,0,27,16,0.0,0.0,0.0,0.0,0.0,0.0,1.0
38844,0,1,3400,-65,65,232,18,21,0.67,296096.000000,0,27,16,0.0,0.0,0.0,0.0,0.0,0.0,1.0
39093,0,1,3400,-65,65,231,18,20,0.63,276288.000000,0,27,10,0.0,13792.000000,0,0.0,0.0,0.0,1.0
39342,0,1,3400,-65,65,230,18,20,0.68,311488.000000,0,27,6.0,0.0,0.0,0.0,0.0,0.0,0.0,1.0
39591,0,1,3400,-66,66,231,18,19,0.74,259264.000000,0,27,6.0,0.0,0.0,0.0,0.0,0.0,0.0,1.0
39840,0,1,3400,-65,65,231,18,20,0.66,314080.000000,0,27,6.0,0.0,0.0,0.0,0.0,0.0,0.0,1.0
40089,0,1,3400,-65,65,232,18,20,0.62,280960.000000,0,27,9.4,0.0,26560.000000,0,0.0,0.0,0.0,1.0
40338,0,1,3400,-65,65,231,18,20,0.57,303680.000000,0,27,12,0.0,0.0,0.0,0.0,0.0,0.0,1.0
40587,0,1,3400,-65,65,232,18,21,0.63,305088.000000,0,27,12,0.0,0.0,0.0,0.0,0.0,0.0,1.0
40836,0,1,3400,-65,65,232,18,21,0.57,311040.000000,0,27,12,0.0,0.0,0.0,0.0,0.0,0.0,1.0
41085,0,1,3400,-65,65,230,18,21,0.70,296352.000000,0,27,12,0.0,28736.000000,0,0.0,0.0,0.0,1.0
41334,0,1,3400,-65,65,230,19,21,0.58,333344.000000,0,27,12,0.0,0.0,0.0,0.0,0.0,0.0,1.0
41583,0,1,3400,-65,65,232,18,21,0.66,312608.000000,0,27,12,0.0,0.0,0.0,0.0,0.0,0.0,1.0
41832,0,1,3400,-65,65,233,19,21,0.67,344288.000000,0,27,12,0.0,0.0,0.0,0.0,0.0,0.0,1.0
42081,0,1,3400,-65,65,232,18,20,0.67,303552.000000,0,27,12,0.0,54752.000000,0,0.0,0.0,0.0,1.0
42330,0,1,3400,-65,65,230,18,20,0.63,296384.000000,0,27,12,0.0,0.0,0.0,0.0,0.0,0.0,1.0
42579,0,1,3400,-66,66,234,18,20,0.72,298240.000000,0,27,12,0.0,0.0,0.0,0.0,0.0,0.0,1.0
42828,0,1,3400,-66,66,230,18,19,0.78,310208.000000,0,27,12,0.0,0.0,0.0,0.0,0.0,0.0,1.0
43077,0,1,3400,-66,66,230,18,20,0.71,282208.000000,0,27,12,0.0,26720.000000,0,0.0,0.0,0.0,1.0
43326,0,1,3400,-66,66,233,18,19,0.77,361088.000000,0,27,13,0.0,0.0,0.0,0.0,0.0,0.0,1.0
43575,0,1,3400,-67,67,233,18,18,0.73,304544.000000,0,27,13,0.0,0.0,0.0,0.0,0.0,0.0,1.0
43824,0,1,3400,-66,66,231,18,20,0.79,302688.000000,0,27,13,0.0,0.0,0.0,0.0,0.0,0.0,1.0
44073,0,1,3400,-66,66,230,18,19,0.84,337088.000000,0,27,13,0.0,44416.000000,0,0.0,0.0,0.0,1.0
44322,0,1,3400,-66,66,230,18,19,0.80,314912.000000,0,27,13,0.0,0.0,0.0,0.0,0.0,0.0,1.0
44571,0,1,3400,-66,66,231,18,19,0.77,298304.000000,0,27,13,0.0,0.0,0.0,0.0,0.0,0.0,1.0
44820,0,1,3400,-66,66,229,18,19,0.80,320864.000000,0,27,13,0.0,0.0,0.0,0.0,0.0,0.0,1.0
45069,0,1,3400,-66,66,230,18,19,0.80,356544.000000,0,27,13,0.0,23776.000000,0,0.0,0.0,0.0,1.0
45318,0,1,3400,-66,66,230,18,19,0.76,343968.000000,0,27,13,0.0,0.0,0.0,0.0,0.0,0.0,1.0
45567,0,1,3400,-66,66,231,18,20,0.76,326112.000000,0,27,13,0.0,0.0,0.0,0.0,0.0,0.0,1.0
45816,0,1,3400,-66,66,233,18,19,0.75,365280.000000,0,27,13,0.0,0.0,0.0,0.0,0.0,0.0,1.0
46065,0,1,3400,-66,66,231,19,19,0.73,489056.000000,0,27,14,0.0,64384.000000,0,0.0,0.0,0.0,1.0
46314,0,1,3400,-66,66,232,19,20,0.65,628096.000000,0,27,16,0.0,0.0,0.0,0.0,0.0,0.0,1.0
46563,0,1,3400,-66,66,230,18,20,0.67,459424.000000,0,27,16,0.0,0.0,0.0,0.0,0.0,0.0,1.0
46812,0,1,3400,-66,66,231,18,19,0.77,272096.000000,0,27,16,0.0,0.0,0.0,0.0,0.0,0.0,1.0
47061,0,1,3400,-66,66,232,18,19,0.72,297344.000000,0,27,14,0.0,34880.000000,0,0.0,0.0,0.0,1.0
47310,0,1,3400,-66,66,230,18,19,0.77,282816.000000,0,27,12,0.0,0.0,0.0,0.0,0.0,0.0,1.0
47559,0,1,3400,-66,66,231,18,20,0.76,295136.000000,0,27,12,0.0,0.0,0.0,0.0,0.0,0.0,1.0
47808,0,1,3400,-66,66,231,18,19,0.79,276160.000000,0,27,12,0.0,0.0,0.0,0.0,0.0,0.0,1.0
48057,0,1,3400,-66,66,231,18,19,0.83,279968.000000,0,27,12,0.0,28896.000000,0,0.0,0.0,0.0,1.0
48306,0,1,3400,-66,66,234,18,19,0.87,282816.000000,0,27,13,0.0,0.0,0.0,0.0,0.0,0.0,1.0
48555,0,1,3400,-67,67,233,18,19,0.85,297984.000000,0,27,13,0.0,0.0,0.0,0.0,0.0,0.0,1.0
48804,0,1,3400,-66,66,231,18,19,0.76,266656.000000,0,27,13,0.0,0.0,0.0,0.0,0.0,0.0,1.0
49053,0,1,3400,-66,66,231,18,19,0.80,313152.000000,0,27,13,0.0,28896.000000,0,0.0,0.0,0.0,1.0
49302,0,1,3400,-66,66,230,18,19,0.80,278080.000000,0,27,13,0.0,0.0,0.0,0.0,0.0,0.0,1.0
49551,0,1,3400,-66,66,232,18,20,0.74,287872.000000,0,27,13,0.0,0.0,0.0,0.0,0.0,0.0,1.0
49800,0,1,3400,-66,66,233,18,19,0.76,276800.000000,0,27,13,0.0,0.0,0.0,0.0,0.0,0.0,1.0
50049,0,1,3400,-66,66,233,18,19,0.72,259424.000000,0,27,14,0.0,69248.000000,0,0.0,0.0,0.0,1.0
50298,0,1,3400,-66,66,232,18,19,0.75,261632.000000,0,27,15,0.0,0.0,0.0,0.0,0.0,0.0,1.0
50547,0,1,3400,-66,66,231,18,19,0.79,272704.000000,0,27,15,0.0,0.0,0.0,0.0,0.0,0.0,1.0
50796,0,1,3400,-65,65,230,18,20,0.74,292928.000000,0,27,15,0.0,0.0,0.0,0.0,0.0,0.0,1.0
51045,0,1,3400,-65,65,232,18,20,0.67,295104.000000,0,27,13,0.0,36416.000000,0,0.0,0.0,0.0,1.0
51294,0,1,3400,-65,65,231,18,20,0.60,286272.000000,0,27,12,0.0,0.0,0.0,0.0,0.0,0.0,1.0
51543,0,1,3400,-65,65,231,18,20,0.64,244576.000000,0,27,12,0.0,0.0,0.0,0.0,0.0,0.0,1.0
51792,0,1,3400,-65,65,232,18,20,0.68,305440.000000,0,27,12,0.0,0.0,0.0,0.0,0.0,0.0,1.0
52041,0,1,3400,-65,65,233,18,21,0.65,255680.000000,0,27,12,0.0,28896.000000,0,0.0,0.0,0.0,1.0
52290,0,1,3400,-65,65,232,18,21,0.70,317632.000000,0,27,13,0.0,0.0,0.0,0.0,0.0,0.0,1.0
52539,0,1,3400,-65,65,232,18,20,0.71,265440.000000,0,27,13,0.0,0.0,0.0,0.0,0.0,0.0,1.0
52788,0,1,3400,-64,64,232,18,21,0.59,330848.000000,0,27,13,0.0,0.0,0.0,0.0,0.0,0.0,1.0
53037,0,1,3400,-64,64,230,18,21,0.60,311712.000000,0,27,13,0.0,36416.000000,0,0.0,0.0,0.0,1.0
53286,0,1,3400,-64,64,232,18,21,0.59,304350.593750,0,27,12,0.0,0.0,0.0,0.0,0.0,0.0,1.0
53535,0,1,3400,-64,64,232,19,21,0.61,286176.000000,0,27,12,0.0,0.0,0.0,0.0,0.0,0.0,1.0
53784,0,1,3400,-63,63,231,20,22,0.63,388240.968750,0,27,12,0.0,0.0,0.0,0.0,0.0,0.0,1.0
54033,0,1,3400,-63,63,231,20,22,0.54,366656.000000,0,27,12,0.0,8224.000000,44,0.0,0.0,0.0,1.0
54282,0,1,3400,-63,63,230,19,22,0.55,333664.000000,0,27,12,0.0,0.0,0.0,0.0,0.0,0.0,1.0
54531,0,1,3400,-63,63,230,20,22,0.55,335456.000000,0,27,12,0.0,0.0,0.0,0.0,0.0,0.0,1.0
54780,0,1,3400,-63,63,231,19,22,0.55,338240.000000,0,27,12,0.0,0.0,0.0,0.0,0.0,0.0,1.0
55029,0,1,3400,-63,63,233,20,22,0.53,381856.000000,0,27,10,0.0,24704.000000,0,0.0,0.0,0.0,1.0
55278,0,1,3400,-63,63,233,19,22,0.52,389184.000000,0,27,7.0,0.0,0.0,0.0,0.0,0.0,0.0,1.0
55527,0,1,3400,-63,63,232,20,22,0.53,422144.000000,0,27,7.0,0.0,0.0,0.0,0.0,0.0,0.0,1.0
55776,0,1,3400,-62,62,235,20,22,0.54,279936.000000,0,27,7.0,0.0,0.0,0.0,0.0,0.0,0.0,1.0
56025,0,1,3400,-62,62,233,20,23,0.52,529248.000000,0,27,8.7,0.0,3616.000000,44,0.0,0.0,0.0,1.0
56274,0,1,3400,-62,62,231,21,23,0.51,650816.000000,0,27,12,0.0,0.0,0.0,0.0,0.0,0.0,1.0
56523,0,1,3400,-62,62,231,21,24,0.51,732480.000000,0,27,12,0.0,0.0,0.0,0.0,0.0,0.0,1.0
56772,0,1,3400,-62,62,230,21,24,0.51,688800.000000,0,27,12,0.0,0.0,0.0,0.0,0.0,0.0,1.0
57021,0,1,3400,-62,62,231,20,23,0.53,402816.000000,0,27,6.1,0.0,26656.000000,0,0.0,0.0,0.0,1.0
57270,0,1,3400,-62,62,231,21,23,0.52,522400.000000,0,27,2.0,0.0,0.0,0.0,0.0,0.0,0.0,1.0
57519,0,1,3400,-62,62,231,21,24,0.53,622400.000000,0,27,2.0,0.0,0.0,0.0,0.0,0.0,0.0,1.0
57768,0,1,3400,-61,61,230,20,22,0.50,392896.000000,0,27,2.0,0.0,0.0,0.0,0.0,0.0,0.0,1.0
58017,0,1,3400,-61,61,231,20,23,0.53,321888.000000,0,27,5.0,0.0,94144.000000,7,0.0,0.0,0.0,1.0
58266,0,1,3400,-61,61,231,21,24,0.53,464928.000000,0,27,10,0.0,0.0,0.0,0.0,0.0,0.0,1.0
58515,0,1,3400,-61,61,230,21,24,0.51,382016.000000,0,27,10,0.0,0.0,0.0,0.0,0.0,0.0,1.0
58764,0,1,3400,-60,60,232,21,24,0.50,437664.000000,0,27,10,0.0,0.0,0.0,0.0,0.0,0.0,1.0
59013,0,1,3400,-60,60,233,22,25,0.51,522976.000000,0,27,12,0.0,8256.000000,44,0.0,0.0,0.0,1.0
59262,0,1,3400,-60,60,231,21,24,0.50,343488.000000,0,27,13,0.0,0.0,0.0,0.0,0.0,0.0,1.0
59511,0,1,3400,-60,60,231,21,24,0.51,354368.000000,0,27,13,0.0,0.0,0.0,0.0,0.0,0.0,1.0
59760,0,1,3400,-60,60,233,21,25,0.51,441696.000000,0,27,13,0.0,0.0,0.0,0.0,0.0,0.0,1.0
60009,0,1,3400,-60,60,233,22,25,0.52,497248.000000,0,27,5.6,0.0,24000.000000,0,0.0,0.0,0.0,1.0
60258,0,1,3400,-60,60,232,25,26,0.57,533088.000000,0,27,0.0,0.0,0.0,0.0,0.0,0.0,0.0,1.0
60507,0,1,3400,-60,60,232,22,25,0.51,408416.000000,0,27,0.0,0.0,0.0,0.0,0.0,0.0,0.0,1.0
60756,0,1,3400,-59,59,231,22,25,0.51,428736.000000,0,27,0.0,0.0,0.0,0.0,0.0,0.0,0.0,1.0
61005,0,1,3400,-59,59,232,23,25,0.51,408864.000000,0,27,4.4,55,0.0,80,0.0,0.0,0.0,1.0
61254,0,1,3400,-59,59,232,25,26,0.52,535520.000000,0,27,6.8,0.0,4768.000000,0,0.0,0.0,0.0,1.0
61503,0,1,3400,-59,59,231,25,26,0.53,546400.000000,0,27,0.99,0.0,0.0,0.0,0.0,0.0,0.0,1.0
61752,0,1,3400,-59,59,231,23,25,0.51,469216.000000,0,27,1.0,0.0,0.0,0.0,0.0,0.0,0.0,1.0
62001,0,1,3400,-59,59,231,25,26,0.53,491488.000000,0,27,5.7,0.0,8256.000000,44,0.0,0.0,0.0,1.0
62250,0,1,3400,-59,59,229,24,26,0.51,448320.000000,0,27,13,0.0,0.0,0.0,0.0,0.0,0.0,1.0
62499,0,1,3400,-59,59,232,25,26,0.50,346848.000000,0,27,13,0.0,0.0,0.0,0.0,0.0,0.0,1.0
62748,0,1,3400,-59,59,234,24,25,0.52,371424.000000,0,27,13,0.0,0.0,0.0,0.0,0.0,0.0,1.0
62997,0,1,3400,-59,59,231,25,25,0.52,306880.000000,0,27,10,0.0,11232.000000,29,0.0,0.0,0.0,1.0
63246,0,1,3400,-59,59,230,26,26,0.52,375648.000000,0,27,5.0,0.0,0.0,0.0,0.0,0.0,0.0,1.0
63495,0,1,3400,-59,59,231,25,26,0.51,439808.000000,0,27,5.0,0.0,0.0,0.0,0.0,0.0,0.0,1.0
63744,0,1,3400,-59,59,231,24,26,0.52,369280.000000,0,27,5.0,0.0,0.0,0.0,0.0,0.0,0.0,1.0
63993,0,1,3400,-59,59,232,24,26,0.52,364160.000000,0,27,4.8,0.0,10336.000000,27,0.0,0.0,0.0,1.0
64242,0,1,3400,-59,59,231,25,26,0.52,381408.000000,0,27,0.0,0.0,0.0,0.0,0.0,0.0,0.0,1.0
64491,0,1,3400,-59,59,233,26,26,0.52,470656.000000,0,27,0.0,0.0,0.0,0.0,0.0,0.0,0.0,1.0
64740,0,1,3400,-58,58,232,25,26,0.51,399552.000000,0,27,0.0,0.0,0.0,0.0,0.0,0.0,0.0,1.0
64989,0,1,3400,-58,58,230,25,26,0.51,389536.000000,0,27,3.2,55,0.0,80,0.0,0.0,0.0,1.0
65238,0,1,3400,-58,58,231,26,26,0.53,463680.000000,0,27,7.4,55,0.0,0.0,0.0,0.0,0.0,1.0
65487,0,1,3400,-58,58,232,26,27,0.50,494336.000000,0,27,4.4,0.0,3392.000000,0,0.0,0.0,0.0,1.0
65736,0,1,3400,-58,58,231,26,27,0.53,418048.000000,0,27,4.5,0.0,0.0,0.0,0.0,0.0,0.0,1.0
65985,0,1,3400,-58,58,230,26,26,0.50,391808.000000,0,27,7.6,0.0,18080.000000,44,0.0,0.0,0.0,1.0
66234,0,1,3400,-58,58,230,24,25,0.51,362848.000000,0,27,12,0.0,0.0,0.0,0.0,0.0,0.0,1.0
66483,0,1,3400,-59,59,232,25,26,0.52,373163.343750,0,27,12,0.0,0.0,0.0,0.0,0.0,0.0,1.0
66732,0,1,3400,-59,59,233,24,26,0.50,421012.062500,0,27,12,0.0,0.0,0.0,0.0,0.0,0.0,1.0
66981,0,1,3400,-59,59,232,26,26,0.53,355040.000000,0,27,8.6,0.0,10176.000000,31,0.0,0.0,0.0,1.0
67230,0,1,3400,-59,59,231,25,26,0.54,410144.000000,0,27,1.5,0.0,0.0,0.0,0.0,0.0,0.0,1.0
67479,0,1,3400,-59,59,233,23,25,0.52,372960.000000,0,27,1.5,0.0,0.0,0.0,0.0,0.0,0.0,1.0
67728,0,1,3400,-58,58,232,25,26,0.53,526240.000000,0,27,1.5,0.0,0.0,0.0,0.0,0.0,0.0,1.0
67977,0,1,3400,-58,58,233,26,26,0.50,427744.000000,0,27,4.0,0.0,34848.000000,0,0.0,0.0,0.0,1.0
68226,0,1,3400,-58,58,234,25,26,0.53,398816.000000,0,27,5.5,0.0,0.0,0.0,0.0,0.0,0.0,1.0
68475,0,1,3400,-58,58,233,25,26,0.50,407008.000000,0,27,5.5,0.0,0.0,0.0,0.0,0.0,0.0,1.0
68724,0,1,3400,-58,58,233,26,26,0.50,426880.000000,0,27,5.5,0.0,0.0,0.0,0.0,0.0,0.0,1.0
68973,0,1,3400,-58,58,231,26,27,0.50,402720.000000,0,27,9.4,0.0,21952.000000,36,0.0,0.0,0.0,1.0
69222,0,1,3400,-58,58,231,26,26,0.50,406624.000000,0,27,16,0.0,0.0,0.0,0.0,0.0,0.0,1.0
69471,0,1,3400,-58,58,231,25,26,0.52,371680.000000,0,27,16,0.0,0.0,0.0,0.0,0.0,0.0,1.0
69720,0,1,3400,-58,58,232,26,27,0.52,415232.000000,0,27,16,0.0,0.0,0.0,0.0,0.0,0.0,1.0
69969,0,1,3400,-58,58,232,25,26,0.51,359680.000000,0,27,14,0.0,60032.000000,24,0.0,0.0,0.0,1.0
70218,0,1,3400,-58,58,230,25,26,0.50,426688.000000,0,27,14,0.0,0.0,0.0,0.0,0.0,0.0,1.0
70467,0,1,3400,-59,59,230,25,26,0.53,337216.000000,0,27,14,0.0,0.0,0.0,0.0,0.0,0.0,1.0
70716,0,1,3400,-59,59,231,25,26,0.54,496096.000000,0,27,14,0.0,0.0,0.0,0.0,0.0,0.0,1.0
70965,0,1,3400,-59,59,235,26,26,0.52,590720.000000,0,27,11,0.0,11392.000000,25,0.0,0.0,0.0,1.0
71214,0,1,3400,-59,59,230,25,26,0.53,386176.000000,0,27,3.5,0.0,0.0,0.0,0.0,0.0,0.0,1.0
71463,0,1,3400,-59,59,230,24,26,0.50,345760.000000,0,27,3.5,0.0,0.0,0.0,0.0,0.0,0.0,1.0
71712,0,1,3400,-58,58,232,24,26,0.53,329600.000000,0,27,3.5,0.0,0.0,0.0,0.0,0.0,0.0,1.0
71961,0,1,3400,-58,58,230,25,26,0.51,414528.000000,0,27,11,0.0,46240.000000,0,0.0,0.0,0.0,1.0
72210,0,1,3400,-58,58,231,25,27,0.50,359104.000000,0,27,16,0.0,0.0,0.0,0.0,0.0,0.0,1.0
72459,0,1,3400,-58,58,232,27,28,0.51,428128.000000,0,27,16,0.0,0.0,0.0,0.0,0.0,0.0,1.0
72708,0,1,3400,-57,57,234,26,27,0.51,426368.000000,0,27,16,0.0,0.0,0.0,0.0,0.0,0.0,1.0
72957,0,1,3400,-57,57,230,25,26,0.52,455362.562500,0,27,15,0.0,20972.111328,44,0.0,0.0,0.0,1.0
73206,0,1,3400,-57,57,227,26,28,0.50,366136.531250,0,27,13,0.0,0.0,0.0,0.0,0.0,0.0,1.0
73455,0,1,3400,-57,57,230,27,28,0.50,435616.000000,0,27,13,0.0,0.0,0.0,0.0,0.0,0.0,1.0
73704,0,1,3400,-57,57,231,27,28,0.50,457504.000000,0,27,13,0.0,0.0,0.0,0.0,0.0,0.0,1.0
73953,0,1,3400,-57,57,233,26,27,0.52,335296.000000,0,27,11,0.0,56064.000000,17,0.0,0.0,0.0,1.0
74202,0,1,3400,-57,57,234,26,27,0.50,380352.000000,0,27,9.0,0.0,0.0,0.0,0.0,0.0,0.0,1.0
74451,0,1,3400,-57,57,230,27,28,0.50,456672.000000,0,27,9.0,0.0,0.0,0.0,0.0,0.0,0.0,1.0
74700,0,1,3400,-57,57,230,26,27,0.50,477760.000000,0,27,9.0,0.0,0.0,0.0,0.0,0.0,0.0,1.0
74949,0,1,3400,-57,57,232,26,27,0.50,366016.000000,0,27,6.6,0.0,24640.000000,0,0.0,0.0,0.0,1.0
75198,0,1,3400,-57,57,230,26,27,0.51,406816.000000,0,27,3.0,0.0,0.0,0.0,0.0,0.0,0.0,1.0
75447,0,1,3400,-57,57,231,27,28,0.50,428992.000000,0,27,3.0,0.0,0.0,0.0,0.0,0.0,0.0,1.0
75696,0,1,3400,-57,57,231,27,28,0.50,552640.000000,0,27,3.0,0.0,0.0,0.0,0.0,0.0,0.0,1.0
75945,0,1,3400,-57,57,230,26,27,0.50,669408.000000,0,27,6.1,0.0,41984.000000,22,0.0,0.0,0.0,1.0
76194,0,1,3400,-57,57,232,26,27,0.51,437728.000000,0,27,9.0,0.0,0.0,0.0,0.0,0.0,0.0,1.0
76443,0,1,3400,-58,58,231,26,27,0.50,418656.000000,0,27,9.0,0.0,0.0,0.0,0.0,0.0,0.0,1.0
76692,0,1,3400,-58,58,231,27,27,0.50,422336.000000,0,27,9.0,0.0,0.0,0.0,0.0,0.0,0.0,1.0
76941,0,1,3400,-58,58,232,26,28,0.52,484576.000000,0,27,9.2,0.0,52512.000000,0,0.0,0.0,0.0,1.0
77190,0,1,3400,-58,58,233,27,27,0.51,436384.000000,0,27,10,0.0,0.0,0.0,0.0,0.0,0.0,1.0
77439,0,1,3400,-58,58,230,25,27,0.53,473024.000000,0,27,10,0.0,0.0,0.0,0.0,0.0,0.0,1.0
77688,0,1,3400,-58,58,232,25,26,0.51,493952.000000,0,27,10,0.0,0.0,0.0,0.0,0.0,0.0,1.0
77937,0,1,3400,-58,58,232,26,26,0.50,606208.000000,0,27,12,0.0,37472.000000,40,0.0,0.0,0.0,1.0
78186,0,1,3400,-58,58,232,26,27,0.51,430560.000000,0,27,14,0.0,0.0,0.0,0.0,0.0,0.0,1.0
78435,0,1,3400,-58,58,232,26,26,0.52,438144.000000,0,27,14,0.0,0.0,0.0,0.0,0.0,0.0,1.0
78684,0,1,3400,-58,58,231,25,26,0.51,398240.000000,0,27,14,0.0,0.0,0.0,0.0,0.0,0.0,1.0
78933,0,1,3400,-58,58,230,25,27,0.50,400992.000000,0,27,13,0.0,106848.000000,16,0.0,0.0,0.0,1.0
79182,0,1,3400,-58,58,230,25,26,0.50,406272.000000,0,27,12,0.0,0.0,0.0,0.0,0.0,0.0,1.0
79431,0,1,3400,-58,58,232,25,26,0.51,353696.000000,0,27,12,0.0,0.0,0.0,0.0,0.0,0.0,1.0
79680,0,1,3400,-57,57,233,25,27,0.51,386688.000000,0,27,12,0.0,0.0,0.0,0.0,0.0,0.0,1.0
79929,0,1,3400,-57,57,234,26,27,0.50,417376.000000,0,27,8.8,0.0,69408.000000,0,0.0,0.0,0.0,1.0
80178,0,1,3400,-57,57,233,26,27,0.50,458944.000000,0,27,4.1,0.0,0.0,0.0,0.0,0.0,0.0,1.0
80427,0,1,3400,-57,57,231,25,27,0.51,467904.000000,0,27,4.0,0.0,0.0,0.0,0.0,0.0,0.0,1.0
80676,0,1,3400,-57,57,230,26,27,0.53,402048.000000,0,27,4.0,0.0,0.0,0.0,0.0,0.0,0.0,1.0
80925,0,1,3400,-57,57,231,25,27,0.50,345312.000000,0,27,4.9,0.0,21920.000000,0,0.0,0.0,0.0,1.0
81174,0,1,3400,-57,57,231,26,27,0.50,326592.000000,0,27,5.5,0.0,0.0,0.0,0.0,0.0,0.0,1.0
81423,0,1,3400,-58,58,231,26,27,0.50,303104.000000,0,27,5.5,0.0,0.0,0.0,0.0,0.0,0.0,1.0
81672,0,1,3400,-58,58,233,25,26,0.51,375872.000000,0,27,5.5,0.0,0.0,0.0,0.0,0.0,0.0,1.0
81921,0,1,3400,-58,58,230,25,26,0.53,274656.000000,0,27,4.6,0.0,29120.000000,0,0.0,0.0,0.0,1.0
82170,0,1,3400,-58,58,230,26,27,0.50,378880.000000,0,27,0.0,0.0,0.0,0.0,0.0,0.0,0.0,1.0
82419,0,1,3400,-58,58,230,26,27,0.51,337504.000000,0,27,0.0,0.0,0.0,0.0,0.0,0.0,0.0,1.0
82668,0,1,3400,-58,58,230,26,27,0.51,357088.000000,0,27,0.0,0.0,0.0,0.0,0.0,0.0,0.0,1.0
82917,0,1,3400,-58,58,230,25,26,0.51,280640.000000,0,27,1.4,0.0,8320.000000,38,0.0,0.0,0.0,1.0
83166,0,1,3400,-58,58,230,25,26,0.50,394528.000000,0,27,1.1,0.0,0.0,0.0,0.0,0.0,0.0,1.0
83415,0,1,3400,-58,58,231,25,26,0.51,657440.000000,0,27,1.1,0.0,0.0,0.0,0.0,0.0,0.0,1.0
83664,0,1,3400,-57,57,231,26,27,0.51,479872.000000,0,27,1.0,0.0,0.0,0.0,0.0,0.0,0.0,1.0
83913,0,1,3400,-57,57,229,26,27,0.50,400320.000000,0,27,1.1,0.0,14656.000000,0,0.0,0.0,0.0,1.0
84162,0,1,3400,-57,57,231,26,27,0.52,403840.000000,0,27,1.0,0.0,0.0,0.0,0.0,0.0,0.0,1.0
84411,0,1,3400,-57,57,233,26,27,0.50,359744.000000,0,27,1.1,0.0,0.0,0.0,0.0,0.0,0.0,1.0
84660,0,1,3400,-57,57,233,27,27,0.50,414336.000000,0,27,1.1,0.0,0.0,0.0,0.0,0.0,0.0,1.0
84909,0,1,3400,-57,57,230,26,27,0.50,431776.000000,0,27,3.7,0.0,40384.000000,0,0.0,0.0,0.0,1.0
85158,0,1,3400,-57,57,231,26,27,0.50,438848.000000,0,27,8.0,0.0,0.0,0.0,0.0,0.0,0.0,1.0
85407,0,1,3400,-57,57,233,26,27,0.51,388256.000000,0,27,8.0,0.0,0.0,0.0,0.0,0.0,0.0,1.0
85656,0,1,3400,-57,57,231,27,27,0.51,431200.000000,0,27,8.0,0.0,0.0,0.0,0.0,0.0,0.0,1.0
85905,0,1,3400,-57,57,231,25,27,0.50,387712.000000,0,27,11,103,0.0,80,0.0,0.0,0.0,1.0
86154,0,1,3400,-57,57,231,26,26,0.52,375648.000000,0,27,14,103,0.0,0.0,0.0,0.0,0.0,1.0
86403,0,1,3400,-58,58,233,25,26,0.51,383424.000000,0,27,2.5,0.0,24832.000000,0,0.0,0.0,0.0,1.0
86652,0,1,3400,-58,58,232,26,27,0.50,401344.000000,0,27,2.1,0.0,0.0,0.0,0.0,0.0,0.0,1.0
86901,0,1,3400,-58,58,234,25,26,0.50,354176.000000,0,27,1.3,0.0,30016.000000,0,0.0,0.0,0.0,1.0
87150,0,1,3400,-58,58,232,26,27,0.52,400160.000000,0,27,0.0,0.0,0.0,0.0,0.0,0.0,0.0,1.0
87399,0,1,3400,-58,58,230,25,26,0.51,462944.000000,0,27,0.0,0.0,0.0,0.0,0.0,0.0,0.0,1.0
87648,0,1,3400,-58,58,229,25,26,0.50,372480.000000,0,27,0.0,0.0,0.0,0.0,0.0,0.0,0.0,1.0
87897,0,1,3400,-58,58,231,22,25,0.51,976416.000000,0,27,4.1,103,0.0,80,0.0,0.0,0.0,1.0
88146,0,1,3400,-58,58,231,23,25,0.50,1884544.000000,0,27,6.4,0.0,8608.000000,0,0.0,0.0,0.0,1.0
88395,0,1,3400,-58,58,232,22,25,0.50,1621984.000000,0,27,2.0,0.0,0.0,0.0,0.0,0.0,0.0,1.0
88644,0,1,3400,-58,58,232,21,25,0.51,1152992.000000,0,27,1.9,0.0,0.0,0.0,0.0,0.0,0.0,1.0
88893,0,1,3400,-58,58,231,23,25,0.50,1521760.000000,0,27,1.4,0.0,30848.000000,0,0.0,0.0,0.0,1.0
89142,0,1,3400,-58,58,233,22,25,0.50,1724960.000000,0,27,0.99,0.0,0.0,0.0,0.0,0.0,0.0,1.0
89391,0,1,3400,-58,58,233,22,25,0.50,1499168.000000,0,27,1.0,0.0,0.0,0.0,0.0,0.0,0.0,1.0
89640,0,1,3400,-58,58,234,21,24,0.50,1415168.000000,0,27,0.99,0.0,0.0,0.0,0.0,0.0,0.0,1.0
89889,0,1,3400,-58,58,233,22,25,0.51,1472800.000000,0,27,0.98,0.0,38752.000000,0,0.0,0.0,0.0,1.0
90138,0,1,3400,-58,58,232,22,25,0.51,1536672.000000,0,27,0.99,0.0,0.0,0.0,0.0,0.0,0.0,1.0
90387,0,1,3400,-58,58,231,22,25,0.50,1498784.000000,0,27,0.99,0.0,0.0,0.0,0.0,0.0,0.0,1.0
90636,0,1,3400,-58,58,232,22,25,0.50,1233856.000000,0,27,1.0,0.0,0.0,0.0,0.0,0.0,0.0,1.0
90885,0,1,3400,-58,58,233,20,25,0.50,937024.000000,0,27,1.5,0.0,44480.000000,0,0.0,0.0,0.0,1.0
91134,0,1,3400,-58,58,232,22,25,0.50,1020256.000000,0,27,2.0,0.0,0.0,0.0,0.0,0.0,0.0,1.0
91383,0,1,3400,-58,58,232,23,25,0.50,987616.000000,0,27,2.0,0.0,0.0,0.0,0.0,0.0,0.0,1.0
91632,0,1,3400,-58,58,231,22,25,0.50,990464.000000,0,27,2.0,0.0,0.0,0.0,0.0,0.0,0.0,1.0
91881,0,1,3400,-58,58,232,20,24,0.50,980416.000000,0,27,0.96,0.0,37888.000000,0,0.0,0.0,0.0,1.0
92130,0,1,3400,-58,58,232,20,25,0.50,933568.000000,0,27,0.016,0.0,0.0,0.0,0.0,0.0,0.0,1.0
92379,0,1,3400,-59,59,230,20,24,0.50,1036192.000000,0,27,0.080,0.0,0.0,0.0,0.0,0.0,0.0,1.0
92628,0,1,3400,-58,58,231,20,24,0.50,991232.000000,0,27,0.048,0.0,0.0,0.0,0.0,0.0,0.0,1.0
92877,0,1,3400,-58,58,232,21,25,0.50,966368.000000,0,27,0.10,0.0,31456.000000,0,0.0,0.0,0.0,1.0
93126,0,1,3400,-58,58,230,21,25,0.50,995040.000000,0,27,0.032,0.0,0.0,0.0,0.0,0.0,0.0,1.0
93375,0,1,3400,-58,58,228,24,25,0.51,976416.000000,0,27,0.016,0.0,0.0,0.0,0.0,0.0,0.0,1.0
93624,0,1,3400,-57,57,231,25,26,0.50,985376.000000,0,27,0.016,0.0,0.0,0.0,0.0,0.0,0.0,1.0
93873,0,1,3400,-57,57,232,25,26,0.50,971744.000000,0,27,1.1,0.0,39904.000000,0,0.0,0.0,0.0,1.0
94122,0,1,3400,-57,57,231,21,25,0.50,978176.000000,0,27,2.0,0.0,0.0,0.0,0.0,0.0,0.0,1.0
94371,0,1,3400,-57,57,232,25,26,0.50,990752.000000,0,27,2.0,0.0,0.0,0.0,0.0,0.0,0.0,1.0
94620,0,1,3400,-57,57,232,25,26,0.50,989248.000000,0,27,2.0,0.0,0.0,0.0,0.0,0.0,0.0,1.0
94869,0,1,3400,-57,57,231,25,26,0.51,983680.000000,0,27,2.0,0.0,34816.000000,0,0.0,0.0,0.0,1.0
95118,0,1,3400,-57,57,230,23,25,0.50,973472.000000,0,27,2.0,0.0,0.0,0.0,0.0,0.0,0.0,1.0
95367,0,1,3400,-57,57,232,24,26,0.50,954016.000000,0,27,2.0,0.0,0.0,0.0,0.0,0.0,0.0,1.0
95616,0,1,3400,-57,57,232,24,26,0.51,1008256.000000,0,27,2.0,0.0,0.0,0.0,0.0,0.0,0.0,1.0
95865,0,1,3400,-57,57,233,24,26,0.51,967360.000000,0,27,2.3,0.0,39296.000000,0,0.0,0.0,0.0,1.0
96114,0,1,3400,-57,57,235,24,26,0.50,992160.000000,0,27,2.0,0.0,0.0,0.0,0.0,0.0,0.0,1.0
96363,0,1,3400,-57,57,234,22,25,0.50,950912.000000,0,27,2.0,0.0,0.0,0.0,0.0,0.0,0.0,1.0
96612,0,1,3400,-57,57,231,25,26,0.52,1009216.000000,0,27,2.0,0.0,0.0,0.0,0.0,0.0,0.0,1.0
96861,0,1,3400,-57,57,230,25,26,0.50,978848.000000,0,27,4.8,0.0,42560.000000,15,0.0,0.0,0.0,1.0
97110,0,1,3400,-57,57,232,25,26,0.50,987968.000000,0,27,8.0,0.0,0.0,0.0,0.0,0.0,0.0,1.0
97359,0,1,3400,-57,57,232,23,25,0.51,971136.000000,0,27,8.0,0.0,0.0,0.0,0.0,0.0,0.0,1.0
97608,0,1,3400,-57,57,233,22,25,0.51,990208.000000,0,27,8.0,0.0,0.0,0.0,0.0,0.0,0.0,1.0
97857,0,1,3400,-57,57,233,23,26,0.51,977408.000000,0,27,7.4,0.0,39904.000000,0,0.0,0.0,0.0,1.0
98106,0,1,3400,-57,57,231,23,25,0.50,953760.000000,0,27,7.0,0.0,0.0,0.0,0.0,0.0,0.0,1.0
98355,0,1,3400,-58,58,231,21,25,0.50,956416.000000,0,27,6.9,0.0,0.0,0.0,0.0,0.0,0.0,1.0
98604,0,1,3400,-58,58,231,21,25,0.50,1033664.000000,0,27,6.9,0.0,0.0,0.0,0.0,0.0,0.0,1.0
98853,0,1,3400,-58,58,232,22,25,0.50,968864.000000,0,27,10,215,0.0,80,0.0,0.0,0.0,1.0
99102,0,1,3400,-58,58,231,22,25,0.50,973088.000000,0,27,11,0.0,11744.000000,0,0.0,0.0,0.0,1.0
99351,0,1,3400,-58,58,233,22,25,0.50,999872.000000,0,27,0.080,0.0,0.0,0.0,0.0,0.0,0.0,1.0
99600,0,1,3400,-58,58,234,20,24,0.50,979936.000000,0,27,0.048,0.0,0.0,0.0,0.0,0.0,0.0,1.0
99849,0,1,3400,-58,58,233,20,24,0.50,975808.000000,0,27,6.6,0.0,2592.000000,44,0.0,0.0,0.0,1.0
100098,0,1,3400,-58,58,231,21,25,0.50,991552.000000,0,27,12,0.0,0.0,0.0,0.0,0.0,0.0,1.0
100347,0,1,3400,-59,59,232,20,24,0.50,978528.000000,0,27,12,0.0,0.0,0.0,0.0,0.0,0.0,1.0
100596,0,1,3400,-59,59,233,20,24,0.50,988224.000000,0,27,12,0.0,0.0,0.0,0.0,0.0,0.0,1.0
100845,0,1,3400,-59,59,232,20,24,0.50,960608.000000,0,27,7.3,0.0,32704.000000,0,0.0,0.0,0.0,1.0
101094,0,1,3400,-59,59,232,20,24,0.50,1022624.000000,0,27,0.048,0.0,0.0,0.0,0.0,0.0,0.0,1.0
101343,0,1,3400,-59,59,231,20,24,0.50,968544.000000,0,27,0.032,0.0,0.0,0.0,0.0,0.0,0.0,1.0
101592,0,1,3400,-59,59,228,20,24,0.51,970912.000000,0,27,0.096,0.0,0.0,0.0,0.0,0.0,0.0,1.0
101841,0,1,3400,-59,59,232,20,24,0.50,998816.000000,0,27,1.1,0.0,43360.000000,0,0.0,0.0,0.0,1.0
102090,0,1,3400,-59,59,232,20,23,0.50,963936.000000,0,27,2.0,0.0,0.0,0.0,0.0,0.0,0.0,1.0
102339,0,1,3400,-60,60,234,20,24,0.50,1010208.000000,0,27,2.0,0.0,0.0,0.0,0.0,0.0,0.0,1.0
102588,0,1,3400,-59,59,232,20,24,0.50,962464.000000,0,27,2.0,0.0,0.0,0.0,0.0,0.0,0.0,1.0
102837,0,1,3400,-59,59,231,20,24,0.50,936800.000000,0,27,2.0,0.0,42464.000000,0,0.0,0.0,0.0,1.0
103086,0,1,3400,-59,59,232,20,24,0.51,1040928.000000,0,27,2.0,0.0,0.0,0.0,0.0,0.0,0.0,1.0
103335,0,1,3400,-59,59,229,20,24,0.50,992544.000000,0,27,2.0,0.0,0.0,0.0,0.0,0.0,0.0,1.0
103584,0,1,3400,-59,59,231,20,24,0.50,987840.000000,0,27,2.0,0.0,0.0,0.0,0.0,0.0,0.0,1.0
103833,0,1,3400,-59,59,232,20,24,0.50,960032.000000,0,27,3.3,0.0,25600.000000,0,0.0,0.0,0.0,1.0
104082,0,1,3400,-59,59,233,20,24,0.50,1000096.000000,0,27,4.0,0.0,0.0,0.0,0.0,0.0,0.0,1.0
104331,0,1,3400,-59,59,229,20,24,0.50,987552.000000,0,27,4.0,0.0,0.0,0.0,0.0,0.0,0.0,1.0
104580,0,1,3400,-59,59,233,21,24,0.50,999328.000000,0,27,4.0,0.0,0.0,0.0,0.0,0.0,0.0,1.0
104829,0,1,3400,-59,59,232,17,24,0.50,789056.000000,0,27,5.7,0.0,78304.000000,11,0.0,0.0,0.0,1.0
105078,0,1,3400,-59,59,232,20,24,0.50,1156896.000000,0,27,8.0,0.0,0.0,0.0,0.0,0.0,0.0,1.0
105327,0,1,3400,-59,59,231,20,24,0.51,990688.000000,0,27,8.0,0.0,0.0,0.0,0.0,0.0,0.0,1.0
105576,0,1,3400,-59,59,231,21,24,0.51,972032.000000,0,27,7.9,0.0,0.0,0.0,0.0,0.0,0.0,1.0
105825,0,1,3400,-59,59,229,20,24,0.51,990688.000000,0,27,4.8,0.0,80416.000000,0,0.0,0.0,0.0,1.0
106074,0,1,3400,-59,59,231,20,24,0.50,985600.000000,0,27,2.0,0.0,0.0,0.0,0.0,0.0,0.0,1.0
106323,0,1,3400,-59,59,231,20,24,0.50,984768.000000,0,27,2.0,0.0,0.0,0.0,0.0,0.0,0.0,1.0
106572,0,1,3400,-59,59,234,20,24,0.50,896832.000000,0,27,2.0,0.0,0.0,0.0,0.0,0.0,0.0,1.0
106821,0,1,3400,-59,59,233,19,24,0.50,865344.000000,0,27,2.0,0.0,29408.000000,0,0.0,0.0,0.0,1.0
107070,0,1,3400,-59,59,232,20,24,0.50,1125568.000000,0,27,2.0,0.0,0.0,0.0,0.0,0.0,0.0,1.0
107319,0,1,3400,-59,59,231,20,24,0.50,956800.000000,0,27,2.1,0.0,0.0,0.0,0.0,0.0,0.0,1.0
107568,0,1,3400,-59,59,232,20,24,0.50,1075392.000000,0,27,2.0,0.0,0.0,0.0,0.0,0.0,0.0,1.0
107817,0,1,3400,-59,59,231,20,24,0.51,994368.000000,0,27,2.0,0.0,30432.000000,0,0.0,0.0,0.0,1.0
108066,0,1,3400,-59,59,233,20,24,0.50,910144.000000,0,27,2.0,0.0,0.0,0.0,0.0,0.0,0.0,1.0
108315,0,1,3400,-59,59,233,20,24,0.50,928256.000000,0,27,2.0,0.0,0.0,0.0,0.0,0.0,0.0,1.0
108564,0,1,3400,-59,59,232,20,24,0.50,1014112.000000,0,27,2.0,0.0,0.0,0.0,0.0,0.0,0.0,1.0
108813,0,1,3400,-59,59,231,20,24,0.50,1064096.000000,0,27,2.0,0.0,35616.000000,0,0.0,0.0,0.0,1.0
109062,0,1,3400,-59,59,230,20,24,0.50,989664.000000,0,27,2.0,0.0,0.0,0.0,0.0,0.0,0.0,1.0
109311,0,1,3400,-59,59,232,20,24,0.50,991328.000000,0,27,2.0,0.0,0.0,0.0,0.0,0.0,0.0,1.0
109560,0,1,3400,-59,59,230,20,24,0.50,940672.000000,0,27,2.0,0.0,0.0,0.0,0.0,0.0,0.0,1.0
109809,0,1,3400,-59,59,230,20,24,0.51,1028032.000000,0,27,1.5,0.0,27968.000000,0,0.0,0.0,0.0,1.0
110058,0,1,3400,-59,59,232,20,24,0.50,953632.000000,0,27,1.1,0.0,0.0,0.0,0.0,0.0,0.0,1.0
110307,0,1,3400,-59,59,234,20,24,0.50,974432.000000,0,27,1.0,0.0,0.0,0.0,0.0,0.0,0.0,1.0
110556,0,1,3400,-59,59,232,20,24,0.50,1027904.000000,0,27,1.0,0.0,0.0,0.0,0.0,0.0,0.0,1.0
110805,0,1,3400,-60,60,226,20,22,0.51,897792.000000,0,27,3.1,0.0,26688.000000,0,0.0,0.0,0.0,1.0
111054,0,1,3400,-59,59,228,20,23,0.50,946464.000000,0,27,6.5,0.0,0.0,0.0,0.0,0.0,0.0,1.0
111303,0,1,3400,-60,60,229,20,23,0.50,1005056.000000,0,27,6.5,0.0,0.0,0.0,0.0,0.0,0.0,1.0
111552,0,1,3400,-60,60,232,20,24,0.50,984384.000000,0,27,6.5,0.0,0.0,0.0,0.0,0.0,0.0,1.0
111801,0,1,3400,-60,60,232,20,23,0.50,909536.000000,0,27,2.8,0.0,35488.000000,0,0.0,0.0,0.0,1.0
112050,0,1,3400,-60,60,231,20,23,0.51,974528.000000,0,27,0.016,0.0,0.0,0.0,0.0,0.0,0.0,1.0
112299,0,1,3400,-60,60,232,20,23,0.50,1106048.000000,0,27,0.048,0.0,0.0,0.0,0.0,0.0,0.0,1.0
112548,0,1,3400,-60,60,231,20,23,0.50,937728.000000,0,27,0.016,0.0,0.0,0.0,0.0,0.0,0.0,1.0
112797,0,1,3400,-60,60,230,20,23,0.51,959072.000000,0,27,0.66,0.0,38656.000000,0,0.0,0.0,0.0,1.0
113046,0,1,3400,-60,60,230,20,22,0.50,1008544.000000,0,27,1.0,0.0,0.0,0.0,0.0,0.0,0.0,1.0
113295,0,1,3400,-61,61,230,20,22,0.50,1037184.000000,0,27,1.0,0.0,0.0,0.0,0.0,0.0,0.0,1.0
113544,0,1,3400,-61,61,232,19,22,0.50,881888.000000,0,27,1.0,0.0,0.0,0.0,0.0,0.0,0.0,1.0
113793,0,1,3400,-61,61,230,18,22,0.50,873536.000000,0,27,2.5,0.0,39296.000000,0,0.0,0.0,0.0,1.0
114042,0,1,3400,-61,61,231,18,22,0.50,1120128.000000,0,27,3.0,0.0,0.0,0.0,0.0,0.0,0.0,1.0
114291,0,1,3400,-61,61,230,18,22,0.50,1021664.000000,0,27,3.0,0.0,0.0,0.0,0.0,0.0,0.0,1.0
114540,0,1,3400,-61,61,229,19,22,0.51,995552.000000,0,27,3.0,0.0,0.0,0.0,0.0,0.0,0.0,1.0
114789,0,1,3400,-61,61,230,19,22,0.52,1002944.000000,0,27,8.5,0.0,11200.000000,44,0.0,0.0,0.0,1.0
115038,0,1,3400,-61,61,231,20,22,0.51,992448.000000,0,27,13,0.0,0.0,0.0,0.0,0.0,0.0,1.0
115287,0,1,3400,-61,61,231,18,22,0.51,971968.000000,0,27,13,0.0,0.0,0.0,0.0,0.0,0.0,1.0
115536,0,1,3400,-61,61,231,19,22,0.51,1013664.000000,0,27,13,0.0,0.0,0.0,0.0,0.0,0.0,1.0
115785,0,1,3400,-61,61,232,19,23,0.50,908352.000000,0,27,6.6,0.0,30176.000000,6,0.0,0.0,0.0,1.0
116034,0,1,3400,-61,61,232,19,22,0.50,1020576.000000,0,27,1.0,0.0,0.0,0.0,0.0,0.0,0.0,1.0
116283,0,1,3400,-61,61,232,19,22,0.51,868704.000000,0,27,1.0,0.0,0.0,0.0,0.0,0.0,0.0,1.0
116532,0,1,3400,-61,61,232,18,22,0.51,887904.000000,0,27,1.0,0.0,0.0,0.0,0.0,0.0,0.0,1.0
116781,0,1,3400,-61,61,232,19,22,0.51,770880.000000,0,27,1.0,0.0,78592.000000,0,0.0,0.0,0.0,1.0
117030,0,1,3400,-61,61,231,19,23,0.51,960896.000000,0,27,0.0,0.0,0.0,0.0,0.0,0.0,0.0,1.0
117279,0,1,3400,-61,61,230,19,22,0.51,876160.000000,0,27,0.0,0.0,0.0,0.0,0.0,0.0,0.0,1.0
117528,0,1,3400,-61,61,230,18,22,0.50,1087584.000000,0,27,0.0,0.0,0.0,0.0,0.0,0.0,0.0,1.0
117777,0,1,3400,-61,61,231,18,22,0.50,818048.000000,0,27,1.7,0.0,47136.000000,0,0.0,0.0,0.0,1.0
118026,0,1,3400,-61,61,230,18,22,0.50,1243616.000000,0,27,3.0,0.0,0.0,0.0,0.0,0.0,0.0,1.0
118275,0,1,3400,-61,61,232,20,23,0.51,1410144.000000,0,27,3.0,0.0,0.0,0.0,0.0,0.0,0.0,1.0
118524,0,1,3400,-61,61,232,20,23,0.51,983392.000000,0,27,3.0,0.0,0.0,0.0,0.0,0.0,0.0,1.0
118773,0,1,3400,-61,61,233,20,23,0.50,992576.000000,0,27,3.5,0.0,55424.000000,0,0.0,0.0,0.0,1.0
119022,0,1,3400,-61,61,232,20,23,0.50,982464.000000,0,27,4.0,0.0,0.0,0.0,0.0,0.0,0.0,1.0
119271,0,1,3400,-61,61,233,20,23,0.52,974176.000000,0,27,3.9,0.0,0.0,0.0,0.0,0.0,0.0,1.0
119520,0,1,3400,-60,60,230,20,23,0.51,984320.000000,0,27,4.0,0.0,0.0,0.0,0.0,0.0,0.0,1.0
119769,0,1,3400,-60,60,229,20,23,0.51,980640.000000,0,27,6.5,0.0,51744.000000,5,0.0,0.0,0.0,1.0
120018,0,1,3400,-60,60,229,20,23,0.51,981728.000000,0,27,9.4,0.0,0.0,0.0,0.0,0.0,0.0,1.0
120267,0,1,3400,-60,60,231,20,23,0.50,986144.000000,0,27,9.4,0.0,0.0,0.0,0.0,0.0,0.0,1.0
120516,0,1,3400,-59,59,232,21,24,0.51,984992.000000,0,27,9.3,0.0,0.0,0.0,0.0,0.0,0.0,1.0
120765,0,1,3400,-59,59,233,20,24,0.50,984224.000000,0,27,8.6,0.0,56704.000000,18,0.0,0.0,0.0,1.0
121014,0,1,3400,-59,59,232,20,24,0.50,989760.000000,0,27,8.9,0.0,0.0,0.0,0.0,0.0,0.0,1.0
121263,0,1,3400,-59,59,231,21,24,0.50,987840.000000,0,27,8.9,0.0,0.0,0.0,0.0,0.0,0.0,1.0
121512,0,1,3400,-59,59,232,21,24,0.50,983488.000000,0,27,8.9,0.0,0.0,0.0,0.0,0.0,0.0,1.0
121761,0,1,3400,-59,59,234,20,24,0.50,988064.000000,0,27,7.3,0.0,45120.000000,0,0.0,0.0,0.0,1.0
122010,0,1,3400,-59,59,232,20,24,0.50,977856.000000,0,27,5.5,0.0,0.0,0.0,0.0,0.0,0.0,1.0
122259,0,1,3400,-59,59,231,20,24,0.50,975456.000000,0,27,5.5,0.0,0.0,0.0,0.0,0.0,0.0,1.0
122508,0,1,3400,-59,59,231,21,24,0.50,993248.000000,0,27,5.5,0.0,0.0,0.0,0.0,0.0,0.0,1.0
122757,0,1,3400,-59,59,233,21,24,0.50,778880.000000,0,27,4.1,0.0,83104.000000,0,0.0,0.0,0.0,1.0
123006,0,1,3400,-59,59,233,20,24,0.51,777600.000000,0,27,3.0,0.0,0.0,0.0,0.0,0.0,0.0,1.0
123255,0,1,3400,-59,59,234,20,24,0.50,746432.000000,0,27,3.0,0.0,0.0,0.0,0.0,0.0,0.0,1.0
123504,0,1,3400,-59,59,233,20,24,0.50,907424.000000,0,27,3.0,0.0,0.0,0.0,0.0,0.0,0.0,1.0
123753,0,1,3400,-59,59,230,20,24,0.50,1117728.000000,0,27,8.0,0.0,5280.000000,44,0.0,0.0,0.0,1.0
124002,0,1,3400,-59,59,231,20,24,0.51,946688.000000,0,27,12,0.0,0.0,0.0,0.0,0.0,0.0,1.0
124251,0,1,3400,-60,60,232,19,23,0.50,1204608.000000,0,27,12,0.0,0.0,0.0,0.0,0.0,0.0,1.0
124500,0,1,3400,-60,60,229,20,23,0.51,1392000.000000,0,27,12,0.0,0.0,0.0,0.0,0.0,0.0,1.0
124749,0,1,3400,-60,60,231,20,24,0.50,769824.000000,0,27,8.6,0.0,42272.000000,4,0.0,0.0,0.0,1.0
124998,0,1,3400,-60,60,231,20,24,0.51,1191712.000000,0,27,4.0,0.0,0.0,0.0,0.0,0.0,0.0,1.0
125247,0,1,3400,-60,60,230,20,23,0.50,914112.000000,0,27,4.0,0.0,0.0,0.0,0.0,0.0,0.0,1.0
125496,0,1,3400,-60,60,230,20,23,0.50,1046272.000000,0,27,4.0,0.0,0.0,0.0,0.0,0.0,0.0,1.0
125745,0,1,3400,-60,60,230,20,23,0.50,985952.000000,0,27,6.1,0.0,78176.000000,4,0.0,0.0,0.0,1.0
125994,0,1,3400,-60,60,232,20,23,0.50,791104.000000,0,27,9.0,0.0,0.0,0.0,0.0,0.0,0.0,1.0
126243,0,1,3400,-61,61,233,20,23,0.52,863712.000000,0,27,9.0,0.0,0.0,0.0,0.0,0.0,0.0,1.0
126492,0,1,3400,-60,60,232,19,23,0.50,658272.000000,0,27,8.9,0.0,0.0,0.0,0.0,0.0,0.0,1.0
126741,0,1,3400,-60,60,232,19,23,0.50,628064.000000,0,27,4.9,0.0,30016.000000,0,0.0,0.0,0.0,1.0
126990,0,1,3400,-60,60,232,20,23,0.50,779296.000000,0,27,2.0,0.0,0.0,0.0,0.0,0.0,0.0,1.0
127239,0,1,3400,-60,60,231,20,23,0.50,807264.000000,0,27,2.0,0.0,0.0,0.0,0.0,0.0,0.0,1.0
127488,0,1,3400,-60,60,231,20,23,0.51,754752.000000,0,27,2.0,0.0,0.0,0.0,0.0,0.0,0.0,1.0
127737,0,1,3400,-60,60,230,20,23,0.50,719552.000000,0,27,7.6,0.0,31456.000000,0,0.0,0.0,0.0,1.0
127986,0,1,3400,-60,60,228,20,24,0.51,694656.000000,0,27,12,0.0,0.0,0.0,0.0,0.0,0.0,1.0
128235,0,1,3400,-60,60,229,20,23,0.50,783808.000000,0,27,12,0.0,0.0,0.0,0.0,0.0,0.0,1.0
128484,0,1,3400,-60,60,230,20,23,0.52,874656.000000,0,27,12,0.0,0.0,0.0,0.0,0.0,0.0,1.0
128733,0,1,3400,-60,60,231,19,22,0.50,697472.000000,0,27,9.9,0.0,48160.000000,0,0.0,0.0,0.0,1.0
128982,0,1,3400,-60,60,231,19,23,0.50,849408.000000,0,27,7.0,0.0,0.0,0.0,0.0,0.0,0.0,1.0
129231,0,1,3400,-61,61,232,18,23,0.50,567680.000000,0,27,7.0,0.0,0.0,0.0,0.0,0.0,0.0,1.0
129480,0,1,3400,-60,60,232,19,23,0.51,581792.000000,0,27,7.0,0.0,0.0,0.0,0.0,0.0,0.0,1.0
129729,0,1,3400,-60,60,230,18,23,0.50,579584.000000,0,27,6.2,0.0,43680.000000,14,0.0,0.0,0.0,1.0
129978,0,1,3400,-60,60,230,19,23,0.52,897408.000000,0,27,6.1,0.0,0.0,0.0,0.0,0.0,0.0,1.0
130227,0,1,3400,-60,60,232,14,24,0.50,667648.000000,0,27,6.1,0.0,0.0,0.0,0.0,0.0,0.0,1.0
130476,0,1,3400,-60,60,232,17,23,0.50,563680.000000,0,27,6.1,0.0,0.0,0.0,0.0,0.0,0.0,1.0
130725,0,1,3400,-60,60,232,15,23,0.50,478720.000000,0,27,3.3,0.0,14656.000000,0,0.0,0.0,0.0,1.0
130974,0,1,3400,-60,60,231,13,23,0.50,443200.000000,0,27,1.1,0.0,0.0,0.0,0.0,0.0,0.0,1.0
131223,0,1,3400,-60,60,230,14,23,0.50,480160.000000,0,27,1.2,0.0,0.0,0.0,0.0,0.0,0.0,1.0
131472,0,1,3400,-60,60,230,18,23,0.50,869760.000000,0,27,1.0,0.0,0.0,0.0,0.0,0.0,0.0,1.0
131721,0,1,3400,-60,60,230,13,23,0.50,375104.000000,0,27,4.8,0.0,53024.000000,26,0.0,0.0,0.0,1.0
131970,0,1,3400,-60,60,232,14,23,0.50,514464.000000,0,27,12,0.0,0.0,0.0,0.0,0.0,0.0,1.0
132219,0,1,3400,-60,60,231,13,23,0.50,435392.000000,0,27,12,0.0,0.0,0.0,0.0,0.0,0.0,1.0
132468,0,1,3400,-60,60,230,16,23,0.50,614176.000000,0,27,12,0.0,0.0,0.0,0.0,0.0,0.0,1.0
132717,0,1,3400,-60,60,231,20,24,0.50,1399296.000000,0,27,5.3,0.0,34528.000000,0,0.0,0.0,0.0,1.0
132966,0,1,3400,-60,60,229,19,23,0.50,1223744.000000,0,27,0.084,0.0,0.0,0.0,0.0,0.0,0.0,1.0
133215,0,1,3400,-60,60,232,17,23,0.51,811072.000000,0,27,0.028,0.0,0.0,0.0,0.0,0.0,0.0,1.0
133464,0,1,3400,-60,60,232,19,23,0.50,934336.000000,0,27,0.084,0.0,0.0,0.0,0.0,0.0,0.0,1.0
133713,0,1,3400,-60,60,231,20,23,0.51,1354752.000000,0,27,4.7,0.0,40384.000000,17,0.0,0.0,0.0,1.0
133962,0,1,3400,-60,60,231,20,23,0.50,1564832.000000,0,27,9.0,0.0,0.0,0.0,0.0,0.0,0.0,1.0
134211,0,1,3400,-61,61,230,19,22,0.51,1428064.000000,0,27,9.0,0.0,0.0,0.0,0.0,0.0,0.0,1.0
134460,0,1,3400,-61,61,234,18,22,0.50,1301888.000000,0,27,9.0,0.0,0.0,0.0,0.0,0.0,0.0,1.0
134709,0,1,3400,-61,61,230,19,22,0.51,1410208.000000,0,27,4.1,0.0,49440.000000,0,0.0,0.0,0.0,1.0
134958,0,1,3400,-61,61,228,18,22,0.50,1212032.000000,0,27,0.028,0.0,0.0,0.0,0.0,0.0,0.0,1.0
135207,0,1,3400,-62,62,232,18,22,0.51,1216256.000000,0,27,0.028,0.0,0.0,0.0,0.0,0.0,0.0,1.0
135456,0,1,3400,-62,62,232,18,21,0.51,1269120.000000,0,27,0.028,0.0,0.0,0.0,0.0,0.0,0.0,1.0
135705,0,1,3400,-62,62,230,18,22,0.50,1096768.000000,0,27,3.7,0.0,46208.000000,16,0.0,0.0,0.0,1.0
135954,0,1,3400,-62,62,230,18,22,0.52,1140352.000000,0,27,7.1,0.0,0.0,0.0,0.0,0.0,0.0,1.0
136203,0,1,3400,-62,62,231,18,22,0.50,1137344.000000,0,27,7.1,0.0,0.0,0.0,0.0,0.0,0.0,1.0
136452,0,1,3400,-62,62,233,18,21,0.52,1239392.000000,0,27,7.0,0.0,0.0,0.0,0.0,0.0,0.0,1.0
136701,0,1,3400,-62,62,234,17,21,0.50,947104.000000,0,27,4.7,0.0,45376.000000,0,0.0,0.0,0.0,1.0
136950,0,1,3400,-62,62,233,15,21,0.51,893440.000000,0,27,3.0,0.0,0.0,0.0,0.0,0.0,0.0,1.0
137199,0,1,3400,-63,63,231,15,21,0.51,854400.000000,0,27,3.0,0.0,0.0,0.0,0.0,0.0,0.0,1.0
137448,0,1,3400,-63,63,234,13,20,0.50,478496.000000,0,27,3.1,0.0,0.0,0.0,0.0,0.0,0.0,1.0
137697,0,1,3400,-63,63,231,17,20,0.54,1068384.000000,0,27,1.4,0.0,34944.000000,2,0.0,0.0,0.0,1.0
137946,0,1,3400,-63,63,232,15,21,0.52,972096.000000,0,27,0.084,0.0,0.0,0.0,0.0,0.0,0.0,1.0
138195,0,1,3400,-63,63,231,15,21,0.51,887040.000000,0,27,0.056,0.0,0.0,0.0,0.0,0.0,0.0,1.0
138444,0,1,3400,-62,62,231,17,21,0.52,1143968.000000,0,27,0.056,0.0,0.0,0.0,0.0,0.0,0.0,1.0
138693,0,1,3400,-62,62,231,17,21,0.51,962848.000000,0,27,7.4,0.0,34912.000000,28,0.0,0.0,0.0,1.0
138942,0,1,3400,-62,62,229,14,21,0.50,639616.000000,0,27,16,0.0,0.0,0.0,0.0,0.0,0.0,1.0
139191,0,1,3400,-62,62,232,17,22,0.51,758112.000000,0,27,16,0.0,0.0,0.0,0.0,0.0,0.0,1.0
139440,0,1,3400,-61,61,231,17,22,0.51,1015776.000000,0,27,16,0.0,0.0,0.0,0.0,0.0,0.0,1.0
139689,0,1,3400,-61,61,232,16,22,0.50,599584.000000,0,27,7.2,0.0,32064.000000,3,0.0,0.0,0.0,1.0
139938,0,1,3400,-61,61,231,18,22,0.50,1213632.000000,0,27,0.99,0.0,0.0,0.0,0.0,0.0,0.0,1.0
140187,0,1,3400,-61,61,232,19,23,0.51,1354528.000000,0,27,1.00,0.0,0.0,0.0,0.0,0.0,0.0,1.0
140436,0,1,3400,-60,60,231,17,23,0.50,655424.000000,0,27,0.99,0.0,0.0,0.0,0.0,0.0,0.0,1.0
140685,0,1,3400,-60,60,231,19,23,0.51,1055072.000000,0,27,0.42,0.0,29472.000000,3,0.0,0.0,0.0,1.0
140934,0,1,3400,-60,60,228,18,23,0.50,1152000.000000,0,27,0.0,0.0,0.0,0.0,0.0,0.0,0.0,1.0
141183,0,1,3400,-60,60,231,20,23,0.51,1487456.000000,0,27,0.0,0.0,0.0,0.0,0.0,0.0,0.0,1.0
141432,0,1,3400,-59,59,232,20,24,0.50,1122688.000000,0,27,0.0,0.0,0.0,0.0,0.0,0.0,0.0,1.0
141681,0,1,3400,-59,59,230,20,24,0.50,1247872.000000,0,27,0.040,0.0,41984.000000,0,0.0,0.0,0.0,1.0
141930,0,1,3400,-59,59,229,20,24,0.50,1404416.000000,0,27,0.0,0.0,0.0,0.0,0.0,0.0,0.0,1.0
142179,0,1,3400,-59,59,230,20,24,0.50,1260800.000000,0,27,0.0,0.0,0.0,0.0,0.0,0.0,0.0,1.0
142428,0,1,3400,-58,58,235,20,24,0.50,1473824.000000,0,27,0.0,0.0,0.0,0.0,0.0,0.0,0.0,1.0
142677,0,1,3400,-58,58,233,20,25,0.51,760736.000000,0,27,0.10,0.0,24064.000000,0,0.0,0.0,0.0,1.0
142926,0,1,3400,-58,58,230,21,25,0.50,796768.000000,0,27,0.0,0.0,0.0,0.0,0.0,0.0,0.0,1.0
143175,0,1,3400,-58,58,230,20,25,0.50,747424.000000,0,27,0.0,0.0,0.0,0.0,0.0,0.0,0.0,1.0
143424,0,1,3400,-58,58,229,21,25,0.50,769696.000000,0,27,0.0,0.0,0.0,0.0,0.0,0.0,0.0,1.0
143673,0,1,3400,-58,58,230,21,25,0.50,668864.000000,0,27,2.0,0.0,35840.000000,5,0.0,0.0,0.0,1.0
143922,0,1,3400,-58,58,231,21,25,0.51,860128.000000,0,27,3.0,0.0,0.0,0.0,0.0,0.0,0.0,1.0
144171,0,1,3400,-59,59,232,20,24,0.50,755488.000000,0,27,3.0,0.0,0.0,0.0,0.0,0.0,0.0,1.0
144420,0,1,3400,-58,58,230,20,24,0.50,1184256.000000,0,27,3.0,0.0,0.0,0.0,0.0,0.0,0.0,1.0
144669,0,1,3400,-58,58,231,21,25,0.50,846304.000000,0,27,1.8,0.0,28576.000000,0,0.0,0.0,0.0,1.0
144918,0,1,3400,-58,58,231,23,25,0.51,1233056.000000,0,27,0.0,0.0,0.0,0.0,0.0,0.0,0.0,1.0
145167,0,1,3400,-58,58,232,21,25,0.51,1336096.000000,0,27,0.0,0.0,0.0,0.0,0.0,0.0,0.0,1.0
145416,0,1,3400,-58,58,232,21,25,0.51,1284416.000000,0,27,0.0,0.0,0.0,0.0,0.0,0.0,0.0,1.0
145665,0,1,3400,-58,58,232,22,25,0.51,1505408.000000,0,27,3.6,215,0.0,80,0.0,0.0,0.0,1.0
145914,0,1,3400,-58,58,231,22,25,0.50,1712320.000000,0,27,5.6,0.0,18880.000000,0,0.0,0.0,0.0,1.0
146163,0,1,3400,-58,58,232,23,25,0.51,1327584.000000,0,27,3.0,0.0,0.0,0.0,0.0,0.0,0.0,1.0
146412,0,1,3400,-57,57,231,23,25,0.51,973184.000000,0,27,3.0,0.0,0.0,0.0,0.0,0.0,0.0,1.0
146661,0,1,3400,-57,57,231,22,25,0.51,969024.000000,0,27,1.9,0.0,25856.000000,0,0.0,0.0,0.0,1.0
146910,0,1,3400,-57,57,233,24,26,0.50,982304.000000,0,27,1.0,0.0,0.0,0.0,0.0,0.0,0.0,1.0
147159,0,1,3400,-57,57,231,25,26,0.50,980704.000000,0,27,1.00,0.0,0.0,0.0,0.0,0.0,0.0,1.0
147408,0,1,3400,-57,57,230,25,26,0.50,1002304.000000,0,27,0.99,0.0,0.0,0.0,0.0,0.0,0.0,1.0
147657,0,1,3400,-57,57,230,25,26,0.51,718112.000000,0,27,3.2,0.0,65888.000000,0,0.0,0.0,0.0,1.0
147906,0,1,3400,-57,57,230,26,27,0.50,821952.000000,0,27,6.9,0.0,0.0,0.0,0.0,0.0,0.0,1.0
148155,0,1,3400,-57,57,230,25,27,0.50,664640.000000,0,27,6.9,0.0,0.0,0.0,0.0,0.0,0.0,1.0
148404,0,1,3400,-57,57,231,25,27,0.51,541120.000000,0,27,6.9,0.0,0.0,0.0,0.0,0.0,0.0,1.0
148653,0,1,3400,-57,57,230,25,27,0.52,546048.000000,0,27,6.6,0.0,49312.000000,0,0.0,0.0,0.0,1.0
148902,0,1,3400,-57,57,230,25,26,0.52,582688.000000,0,27,7.0,0.0,0.0,0.0,0.0,0.0,0.0,1.0
149151,0,1,3400,-57,57,231,26,27,0.51,806304.000000,0,27,7.0,0.0,0.0,0.0,0.0,0.0,0.0,1.0
149400,0,1,3400,-57,57,230,26,27,0.50,1027456.000000,0,27,7.0,0.0,0.0,0.0,0.0,0.0,0.0,1.0
149649,0,1,3400,-57,57,231,25,27,0.50,617216.000000,0,27,5.1,0.0,38304.000000,0,0.0,0.0,0.0,1.0
149898,0,1,3400,-57,57,233,25,26,0.50,541088.000000,0,27,2.0,0.0,0.0,0.0,0.0,0.0,0.0,1.0
150147,0,1,3400,-57,57,232,25,27,0.51,487136.000000,0,27,2.0,0.0,0.0,0.0,0.0,0.0,0.0,1.0
150396,0,1,3400,-57,57,233,25,27,0.51,585792.000000,0,27,2.0,0.0,0.0,0.0,0.0,0.0,0.0,1.0
150645,0,1,3400,-57,57,231,27,27,0.52,878592.000000,0,27,2.1,0.0,17728.000000,0,0.0,0.0,0.0,1.0
150894,0,1,3400,-57,57,230,24,27,0.50,357184.000000,0,27,2.0,0.0,0.0,0.0,0.0,0.0,0.0,1.0
151143,0,1,3400,-57,57,229,25,27,0.55,619520.000000,0,27,2.0,0.0,0.0,0.0,0.0,0.0,0.0,1.0
151392,0,1,3400,-57,57,230,25,27,0.50,656384.000000,0,27,2.0,0.0,0.0,0.0,0.0,0.0,0.0,1.0
151641,0,1,3400,-57,57,230,25,27,0.50,393824.000000,0,27,1.6,0.0,33632.000000,0,0.0,0.0,0.0,1.0
151890,0,1,3400,-57,57,232,25,27,0.55,363264.000000,0,27,0.98,0.0,0.0,0.0,0.0,0.0,0.0,1.0
152139,0,1,3400,-58,58,231,22,26,0.54,384896.000000,0,27,0.98,0.0,0.0,0.0,0.0,0.0,0.0,1.0
152388,0,1,3400,-58,58,228,25,26,0.52,562560.000000,0,27,0.99,0.0,0.0,0.0,0.0,0.0,0.0,1.0
152637,0,1,3400,-58,58,229,21,27,0.51,439488.000000,0,27,0.61,0.0,31392.000000,0,0.0,0.0,0.0,1.0
152886,0,1,3400,-58,58,231,20,27,0.50,473792.000000,0,27,0.0,0.0,0.0,0.0,0.0,0.0,0.0,1.0
153135,0,1,3400,-58,58,233,25,26,0.51,517664.000000,0,27,0.0,0.0,0.0,0.0,0.0,0.0,0.0,1.0
153384,0,1,3400,-57,57,231,25,26,0.52,668352.000000,0,27,0.0,0.0,0.0,0.0,0.0,0.0,0.0,1.0
153633,0,1,3400,-57,57,232,26,27,0.51,625792.000000,0,27,0.50,0.0,34944.000000,3,0.0,0.0,0.0,1.0
153882,0,1,3400,-57,57,231,26,27,0.51,739680.000000,0,27,1.0,0.0,0.0,0.0,0.0,0.0,0.0,1.0
154131,0,1,3400,-57,57,233,25,27,0.50,390656.000000,0,27,0.99,0.0,0.0,0.0,0.0,0.0,0.0,1.0
154380,0,1,3400,-57,57,231,24,26,0.50,600160.000000,0,27,0.99,0.0,0.0,0.0,0.0,0.0,0.0,1.0
154629,0,1,3400,-57,57,231,26,27,0.51,935424.000000,0,27,2.8,0.0,39072.000000,0,0.0,0.0,0.0,1.0
154878,0,1,3400,-57,57,230,27,28,0.51,680544.000000,0,27,4.0,0.0,0.0,0.0,0.0,0.0,0.0,1.0
155127,0,1,3400,-57,57,230,26,27,0.50,775040.000000,0,27,4.0,0.0,0.0,0.0,0.0,0.0,0.0,1.0
155376,0,1,3400,-57,57,230,26,27,0.50,711808.000000,0,27,4.0,0.0,0.0,0.0,0.0,0.0,0.0,1.0
155625,0,1,3400,-57,57,230,26,27,0.50,686144.000000,0,27,4.2,0.0,45824.000000,0,0.0,0.0,0.0,1.0
155874,0,1,3400,-57,57,230,27,28,0.52,364864.000000,0,27,4.0,0.0,0.0,0.0,0.0,0.0,0.0,1.0
156123,0,1,3400,-57,57,231,26,28,0.51,331712.000000,0,27,4.0,0.0,0.0,0.0,0.0,0.0,0.0,1.0
156372,0,1,3400,-57,57,230,25,27,0.51,715488.000000,0,27,4.0,0.0,0.0,0.0,0.0,0.0,0.0,1.0
156621,0,1,3400,-57,57,231,25,27,0.50,720928.000000,0,27,3.3,0.0,16704.000000,0,0.0,0.0,0.0,1.0
156870,0,1,3400,-57,57,232,26,27,0.54,705344.000000,0,27,2.0,0.0,0.0,0.0,0.0,0.0,0.0,1.0
157119,0,1,3400,-57,57,232,25,27,0.50,755424.000000,0,27,2.0,0.0,0.0,0.0,0.0,0.0,0.0,1.0
157368,0,1,3400,-57,57,231,26,27,0.50,357440.000000,0,27,2.0,0.0,0.0,0.0,0.0,0.0,0.0,1.0
157617,0,1,3400,-57,57,231,25,26,0.52,388960.000000,0,27,1.9,0.0,52096.000000,0,0.0,0.0,0.0,1.0
157866,0,1,3400,-57,57,230,25,26,0.51,769120.000000,0,27,2.0,0.0,0.0,0.0,0.0,0.0,0.0,1.0
158115,0,1,3400,-58,58,231,26,27,0.51,893568.000000,0,27,2.0,0.0,0.0,0.0,0.0,0.0,0.0,1.0
158364,0,1,3400,-58,58,232,25,27,0.51,586016.000000,0,27,2.0,0.0,0.0,0.0,0.0,0.0,0.0,1.0
158613,0,1,3400,-58,58,232,24,26,0.50,468768.000000,0,27,1.4,0.0,25824.000000,0,0.0,0.0,0.0,1.0
158862,0,1,3400,-58,58,231,23,25,0.52,754784.000000,0,27,0.016,0.0,0.0,0.0,0.0,0.0,0.0,1.0
159111,0,1,3400,-59,59,230,23,26,0.51,555456.000000,0,27,0.016,0.0,0.0,0.0,0.0,0.0,0.0,1.0
159360,0,1,3400,-59,59,230,25,26,0.50,838144.000000,0,27,0.048,0.0,0.0,0.0,0.0,0.0,0.0,1.0
159609,0,1,3400,-59,59,230,25,26,0.52,612256.000000,0,27,4.1,0.0,90976.000000,0,0.0,0.0,0.0,1.0
159858,0,1,3400,-59,59,231,23,25,0.53,516864.000000,0,27,8.0,0.0,0.0,0.0,0.0,0.0,0.0,1.0
160107,0,1,3400,-60,60,234,21,24,0.50,545376.000000,0,27,7.9,0.0,0.0,0.0,0.0,0.0,0.0,1.0
160356,0,1,3400,-60,60,231,22,25,0.50,676704.000000,0,27,8.0,0.0,0.0,0.0,0.0,0.0,0.0,1.0
160605,0,1,3400,-60,60,233,22,25,0.51,540512.000000,0,27,5.4,0.0,29184.000000,6,0.0,0.0,0.0,1.0
160854,0,1,3400,-60,60,229,23,25,0.51,773152.000000,0,27,2.0,0.0,0.0,0.0,0.0,0.0,0.0,1.0
161103,0,1,3400,-60,60,229,21,24,0.50,682496.000000,0,27,2.0,0.0,0.0,0.0,0.0,0.0,0.0,1.0
161352,0,1,3400,-60,60,231,21,24,0.50,404704.000000,0,27,2.0,0.0,0.0,0.0,0.0,0.0,0.0,1.0
161601,0,1,3400,-60,60,233,21,24,0.50,339648.000000,0,27,2.0,0.0,34176.000000,0,0.0,0.0,0.0,1.0
161850,0,1,3400,-60,60,232,22,25,0.51,608768.000000,0,27,2.0,0.0,0.0,0.0,0.0,0.0,0.0,1.0
162099,0,1,3400,-60,60,231,23,25,0.52,819712.000000,0,27,2.0,0.0,0.0,0.0,0.0,0.0,0.0,1.0
162348,0,1,3400,-60,60,233,21,25,0.50,601248.000000,0,27,2.0,0.0,0.0,0.0,0.0,0.0,0.0,1.0
162597,0,1,3400,-60,60,232,22,25,0.51,429376.000000,0,27,2.0,0.0,31520.000000,0,0.0,0.0,0.0,1.0
162846,0,1,3400,-60,60,231,24,25,0.51,883136.000000,0,27,2.0,0.0,0.0,0.0,0.0,0.0,0.0,1.0
163095,0,1,3400,-60,60,230,22,25,0.51,605792.000000,0,27,2.0,0.0,0.0,0.0,0.0,0.0,0.0,1.0
163344,0,1,3400,-60,60,231,21,25,0.51,347232.000000,0,27,2.0,0.0,0.0,0.0,0.0,0.0,0.0,1.0
163593,0,1,3400,-60,60,232,22,25,0.50,669344.000000,0,27,5.5,0.0,14656.000000,44,0.0,0.0,0.0,1.0
163842,0,1,3400,-60,60,232,22,25,0.51,545376.000000,0,27,10,0.0,0.0,0.0,0.0,0.0,0.0,1.0
164091,0,1,3400,-60,60,233,21,24,0.50,524992.000000,0,27,10,0.0,0.0,0.0,0.0,0.0,0.0,1.0
164340,0,1,3400,-60,60,232,21,24,0.51,495936.000000,0,27,10,0.0,0.0,0.0,0.0,0.0,0.0,1.0
164589,0,1,3400,-60,60,230,21,24,0.51,491584.000000,0,27,5.1,0.0,14656.000000,0,0.0,0.0,0.0,1.0
164838,0,1,3400,-60,60,231,21,25,0.50,274048.000000,0,27,1.0,0.0,0.0,0.0,0.0,0.0,0.0,1.0
165087,0,1,3400,-60,60,228,22,25,0.50,668320.000000,0,27,1.0,0.0,0.0,0.0,0.0,0.0,0.0,1.0
165336,0,1,3400,-60,60,230,22,24,0.51,789056.000000,0,27,1.0,0.0,0.0,0.0,0.0,0.0,0.0,1.0
165585,0,1,3400,-60,60,232,21,24,0.51,721632.000000,0,27,1.9,0.0,35744.000000,0,0.0,0.0,0.0,1.0
165834,0,1,3400,-60,60,234,21,25,0.50,550144.000000,0,27,2.0,0.0,0.0,0.0,0.0,0.0,0.0,1.0
166083,0,1,3400,-60,60,231,21,24,0.50,776320.000000,0,27,2.0,0.0,0.0,0.0,0.0,0.0,0.0,1.0
166332,0,1,3400,-60,60,231,21,24,0.50,689280.000000,0,27,2.0,0.0,0.0,0.0,0.0,0.0,0.0,1.0
166581,0,1,3400,-60,60,230,22,25,0.51,789856.000000,0,27,3.9,0.0,21216.000000,18,0.0,0.0,0.0,1.0
166830,0,1,3400,-60,60,230,21,24,0.51,638656.000000,0,27,7.0,0.0,0.0,0.0,0.0,0.0,0.0,1.0
167079,0,1,3400,-60,60,230,22,25,0.50,676352.000000,0,27,7.0,0.0,0.0,0.0,0.0,0.0,0.0,1.0
167328,0,1,3400,-60,60,231,22,25,0.51,532192.000000,0,27,6.8,0.0,0.0,0.0,0.0,0.0,0.0,1.0
167577,0,1,3400,-60,60,229,20,25,0.50,496288.000000,0,27,8.6,0.0,56320.000000,29,0.0,0.0,0.0,1.0
167826,0,1,3400,-60,60,230,21,24,0.51,413984.000000,0,27,13,0.0,0.0,0.0,0.0,0.0,0.0,1.0
168075,0,1,3400,-60,60,231,22,25,0.50,587424.000000,0,27,13,0.0,0.0,0.0,0.0,0.0,0.0,1.0
168324,0,1,3400,-60,60,231,21,25,0.50,445920.000000,0,27,13,0.0,0.0,0.0,0.0,0.0,0.0,1.0
168573,0,1,3400,-60,60,228,21,24,0.50,590624.000000,0,27,9.9,0.0,16160.000000,22,0.0,0.0,0.0,1.0
168822,0,1,3400,-60,60,230,21,24,0.51,609824.000000,0,27,6.0,0.0,0.0,0.0,0.0,0.0,0.0,1.0
169071,0,1,3400,-60,60,233,21,24,0.50,557408.000000,0,27,6.0,0.0,0.0,0.0,0.0,0.0,0.0,1.0
169320,0,1,3400,-60,60,231,22,25,0.50,619232.000000,0,27,6.0,0.0,0.0,0.0,0.0,0.0,0.0,1.0
169569,0,1,3400,-60,60,231,21,25,0.50,389760.000000,0,27,3.5,0.0,34112.000000,0,0.0,0.0,0.0,1.0
169818,0,1,3400,-60,60,230,21,24,0.50,356128.000000,0,27,2.0,0.0,0.0,0.0,0.0,0.0,0.0,1.0
170067,0,1,3400,-60,60,230,21,24,0.52,362752.000000,0,27,2.0,0.0,0.0,0.0,0.0,0.0,0.0,1.0
170316,0,1,3400,-60,60,228,22,25,0.52,610944.000000,0,27,2.0,0.0,0.0,0.0,0.0,0.0,0.0,1.0
170565,0,1,3400,-60,60,232,21,24,0.50,414400.000000,0,27,1.8,0.0,30176.000000,0,0.0,0.0,0.0,1.0
170814,0,1,3400,-60,60,233,21,24,0.50,525504.000000,0,27,1.0,0.0,0.0,0.0,0.0,0.0,0.0,1.0
171063,0,1,3400,-61,61,234,21,24,0.51,709504.000000,0,27,1.00,0.0,0.0,0.0,0.0,0.0,0.0,1.0
171312,0,1,3400,-61,61,232,21,24,0.51,501952.000000,0,27,1.0,0.0,0.0,0.0,0.0,0.0,0.0,1.0
171561,0,1,3400,-61,61,231,21,24,0.50,502048.000000,0,27,1.4,0.0,34592.000000,0,0.0,0.0,0.0,1.0
171810,0,1,3400,-61,61,230,20,22,0.50,368128.000000,0,27,2.0,0.0,0.0,0.0,0.0,0.0,0.0,1.0
172059,0,1,3400,-62,62,228,19,23,0.51,497472.000000,0,27,2.0,0.0,0.0,0.0,0.0,0.0,0.0,1.0
172308,0,1,3400,-62,62,230,19,22,0.51,412384.000000,0,27,2.0,0.0,0.0,0.0,0.0,0.0,0.0,1.0
172557,0,1,3400,-62,62,230,19,22,0.51,451808.000000,0,27,2.0,0.0,27200.000000,0,0.0,0.0,0.0,1.0
172806,0,1,3400,-62,62,230,20,23,0.51,651488.000000,0,27,2.0,0.0,0.0,0.0,0.0,0.0,0.0,1.0
173055,0,1,3400,-62,62,232,20,22,0.52,616128.000000,0,27,2.0,0.0,0.0,0.0,0.0,0.0,0.0,1.0
173304,0,1,3400,-62,62,232,19,22,0.52,276128.000000,0,27,2.0,0.0,0.0,0.0,0.0,0.0,0.0,1.0
173553,0,1,3400,-62,62,232,20,23,0.52,262240.000000,0,27,4.2,0.0,31328.000000,0,0.0,0.0,0.0,1.0
173802,0,1,3400,-62,62,231,20,23,0.51,596384.000000,0,27,10,0.0,0.0,0.0,0.0,0.0,0.0,1.0
174051,0,1,3400,-62,62,232,20,23,0.50,536128.000000,0,27,10,0.0,0.0,0.0,0.0,0.0,0.0,1.0
174300,0,1,3400,-62,62,232,19,22,0.50,509856.000000,0,27,10,0.0,0.0,0.0,0.0,0.0,0.0,1.0
174549,0,1,3400,-62,62,230,19,22,0.51,406528.000000,0,27,6.7,0.0,23008.000000,0,0.0,0.0,0.0,1.0
174798,0,1,3400,-62,62,231,20,24,0.51,550560.000000,0,27,1.0,0.0,0.0,0.0,0.0,0.0,0.0,1.0
175047,0,1,3400,-62,62,230,20,23,0.51,580256.000000,0,27,1.0,0.0,0.0,0.0,0.0,0.0,0.0,1.0
175296,0,1,3400,-62,62,232,19,22,0.51,552800.000000,0,27,1.1,0.0,0.0,0.0,0.0,0.0,0.0,1.0
175545,0,1,3400,-62,62,231,19,23,0.51,381856.000000,0,27,5.1,0.0,84704.000000,38,0.0,0.0,0.0,1.0
175794,0,1,3400,-62,62,231,20,23,0.51,527936.000000,0,27,13,0.0,0.0,0.0,0.0,0.0,0.0,1.0
176043,0,1,3400,-62,62,229,20,23,0.51,456000.000000,0,27,13,0.0,0.0,0.0,0.0,0.0,0.0,1.0
176292,0,1,3400,-62,62,230,20,23,0.52,478944.000000,0,27,13,0.0,0.0,0.0,0.0,0.0,0.0,1.0
176541,0,1,3400,-62,62,231,19,23,0.50,328960.000000,0,27,6.8,0.0,22528.000000,0,0.0,0.0,0.0,1.0
176790,0,1,3400,-62,62,231,20,23,0.51,618784.000000,0,27,2.0,0.0,0.0,0.0,0.0,0.0,0.0,1.0
177039,0,1,3400,-62,62,230,20,23,0.51,432448.000000,0,27,2.1,0.0,0.0,0.0,0.0,0.0,0.0,1.0
177288,0,1,3400,-62,62,230,19,23,0.50,554080.000000,0,27,2.0,0.0,0.0,0.0,0.0,0.0,0.0,1.0
177537,0,1,3400,-62,62,229,20,23,0.55,360032.000000,0,27,5.6,0.0,97120.000000,32,0.0,0.0,0.0,1.0
177786,0,1,3400,-62,62,229,20,22,0.53,242688.000000,0,27,14,0.0,0.0,0.0,0.0,0.0,0.0,1.0
178035,0,1,3400,-62,62,229,19,22,0.51,233632.000000,0,27,14,0.0,0.0,0.0,0.0,0.0,0.0,1.0
178284,0,1,3400,-62,62,233,21,23,0.52,705664.000000,0,27,14,0.0,0.0,0.0,0.0,0.0,0.0,1.0
178533,0,1,3400,-62,62,232,20,23,0.50,234368.000000,0,27,11,0.0,61728.000000,13,0.0,0.0,0.0,1.0
178782,0,1,3400,-62,62,232,20,22,0.53,494784.000000,0,27,12,0.0,0.0,0.0,0.0,0.0,0.0,1.0
179031,0,1,3400,-62,62,231,19,22,0.51,453984.000000,0,27,12,0.0,0.0,0.0,0.0,0.0,0.0,1.0
179280,0,1,3400,-62,62,230,19,22,0.52,455520.000000,0,27,11,0.0,0.0,0.0,0.0,0.0,0.0,1.0
179529,0,1,3400,-62,62,230,19,22,0.52,515232.000000,0,27,5.5,0.0,27968.000000,0,0.0,0.0,0.0,1.0
179778,0,1,3400,-62,62,230,19,22,0.51,591776.000000,0,27,0.0,0.0,0.0,0.0,0.0,0.0,0.0,1.0
180027,0,1,3400,-63,63,230,19,22,0.51,474208.000000,0,27,0.0,0.0,0.0,0.0,0.0,0.0,0.0,1.0
180276,0,1,3400,-62,62,230,19,22,0.52,397824.000000,0,27,0.048,0.0,0.0,0.0,0.0,0.0,0.0,1.0
180525,0,1,3400,-62,62,230,19,22,0.52,522016.000000,0,27,0.044,0.0,35168.000000,0,0.0,0.0,0.0,1.0
180774,0,1,3400,-62,62,230,20,22,0.51,624384.000000,0,27,0.0,0.0,0.0,0.0,0.0,0.0,0.0,1.0
181023,0,1,3400,-62,62,231,20,23,0.53,512768.000000,0,27,0.016,0.0,0.0,0.0,0.0,0.0,0.0,1.0
181272,0,1,3400,-62,62,231,19,22,0.51,304064.000000,0,27,0.024,0.0,0.0,0.0,0.0,0.0,0.0,1.0
181521,0,1,3400,-62,62,229,18,23,0.51,549792.000000,0,27,4.4,0.0,87200.000000,38,0.0,0.0,0.0,1.0
181770,0,1,3400,-62,62,231,19,23,0.52,428064.000000,0,27,12,0.0,0.0,0.0,0.0,0.0,0.0,1.0
182019,0,1,3400,-62,62,231,21,23,0.51,655488.000000,0,27,12,0.0,0.0,0.0,0.0,0.0,0.0,1.0
182268,0,1,3400,-62,62,232,19,22,0.51,538240.000000,0,27,12,0.0,0.0,0.0,0.0,0.0,0.0,1.0
182517,0,1,3400,-62,62,231,20,23,0.51,659808.000000,0,27,11,0.0,49728.000000,24,0.0,0.0,0.0,1.0
182766,0,1,3400,-62,62,231,19,23,0.50,261824.000000,0,27,12,0.0,0.0,0.0,0.0,0.0,0.0,1.0
183015,0,1,3400,-62,62,229,19,23,0.51,121600.000000,0,27,12,0.0,0.0,0.0,0.0,0.0,0.0,1.0
183264,0,1,3400,-62,62,229,18,22,0.51,259488.000000,0,27,12,0.0,0.0,0.0,0.0,0.0,0.0,1.0
183513,0,1,3400,-62,62,231,19,23,0.52,447552.000000,0,27,7.7,0.0,39520.000000,0,0.0,0.0,0.0,1.0
183762,0,1,3400,-62,62,233,20,23,0.53,548192.000000,0,27,2.0,0.0,0.0,0.0,0.0,0.0,0.0,1.0
184011,0,1,3400,-62,62,231,19,22,0.52,192032.000000,0,27,2.1,0.0,0.0,0.0,0.0,0.0,0.0,1.0
184260,0,1,3400,-62,62,231,19,23,0.52,470400.000000,0,27,2.1,0.0,0.0,0.0,0.0,0.0,0.0,1.0
184509,0,1,3400,-62,62,231,19,21,0.51,551008.000000,0,27,4.2,0.0,12672.000000,29,0.0,0.0,0.0,1.0
184758,0,1,3400,-62,62,231,19,22,0.52,638304.000000,0,27,6.0,0.0,0.0,0.0,0.0,0.0,0.0,1.0
185007,0,1,3400,-63,63,231,18,21,0.50,549472.000000,0,27,6.0,0.0,0.0,0.0,0.0,0.0,0.0,1.0
185256,0,1,3400,-63,63,232,18,21,0.50,571872.000000,0,27,6.0,0.0,0.0,0.0,0.0,0.0,0.0,1.0
185505,0,1,3400,-63,63,231,19,22,0.52,575488.000000,0,27,4.2,0.0,36224.000000,0,0.0,0.0,0.0,1.0
185754,0,1,3400,-63,63,230,18,22,0.53,433792.000000,0,27,2.0,0.0,0.0,0.0,0.0,0.0,0.0,1.0
186003,0,1,3400,-63,63,229,18,22,0.52,473024.000000,0,27,2.2,0.0,0.0,0.0,0.0,0.0,0.0,1.0
186252,0,1,3400,-63,63,231,17,21,0.52,345536.000000,0,27,2.1,0.0,0.0,0.0,0.0,0.0,0.0,1.0
186501,0,1,3400,-63,63,232,17,22,0.54,363904.000000,0,27,3.0,0.0,22464.000000,0,0.0,0.0,0.0,1.0
186750,0,1,3400,-63,63,232,17,21,0.51,545408.000000,0,27,4.5,0.0,0.0,0.0,0.0,0.0,0.0,1.0
186999,0,1,3400,-63,63,232,19,22,0.51,628672.000000,0,27,4.5,0.0,0.0,0.0,0.0,0.0,0.0,1.0
187248,0,1,3400,-63,63,231,18,22,0.52,586560.000000,0,27,4.5,0.0,0.0,0.0,0.0,0.0,0.0,1.0
187497,0,1,3400,-63,63,229,19,21,0.53,579392.000000,0,27,3.2,0.0,19968.000000,0,0.0,0.0,0.0,1.0
187746,0,1,3400,-63,63,230,18,21,0.52,573728.000000,0,27,1.0,0.0,0.0,0.0,0.0,0.0,0.0,1.0
187995,0,1,3400,-64,64,233,18,20,0.51,527712.000000,0,27,1.1,0.0,0.0,0.0,0.0,0.0,0.0,1.0
188244,0,1,3400,-63,63,231,17,20,0.51,409728.000000,0,27,1.0,0.0,0.0,0.0,0.0,0.0,0.0,1.0
188493,0,1,3400,-63,63,230,16,21,0.50,385856.000000,0,27,4.6,215,0.0,80,0.0,0.0,0.0,1.0
188742,0,1,3400,-63,63,230,18,21,0.50,571680.000000,0,27,7.1,0.0,62464.000000,10,0.0,0.0,0.0,1.0
188991,0,1,3400,-63,63,229,16,21,0.51,373280.000000,0,27,9.0,0.0,18752.000000,50,0.0,0.0,0.0,1.0
189240,0,1,3400,-63,63,230,15,21,0.50,356512.000000,0,27,9.0,0.0,0.0,0.0,0.0,0.0,0.0,1.0
189489,0,1,3400,-63,63,229,16,22,0.51,337376.000000,0,27,7.0,0.0,29440.000000,0,0.0,0.0,0.0,1.0
189738,0,1,3400,-63,63,233,16,22,0.51,262080.000000,0,27,4.1,0.0,0.0,0.0,0.0,0.0,0.0,1.0
189987,0,1,3400,-63,63,231,18,22,0.50,511232.000000,0,27,4.1,0.0,0.0,0.0,0.0,0.0,0.0,1.0
190236,0,1,3400,-63,63,229,18,21,0.50,547968.000000,0,27,4.1,0.0,0.0,0.0,0.0,0.0,0.0,1.0
190485,0,1,3400,-63,63,233,18,21,0.51,553152.000000,0,27,3.0,0.0,24896.000000,0,0.0,0.0,0.0,1.0
190734,0,1,3400,-63,63,231,16,21,0.51,316608.000000,0,27,2.1,0.0,0.0,0.0,0.0,0.0,0.0,1.0
190983,0,1,3400,-63,63,232,18,21,0.51,436128.000000,0,27,2.1,0.0,0.0,0.0,0.0,0.0,0.0,1.0
191232,0,1,3400,-63,63,228,16,21,0.53,355936.000000,0,27,2.0,0.0,0.0,0.0,0.0,0.0,0.0,1.0
191481,0,1,3400,-63,63,229,15,21,0.57,383776.000000,0,27,5.2,0.0,93056.000000,18,0.0,0.0,0.0,1.0
191730,0,1,3400,-63,63,229,16,21,0.52,311968.000000,0,27,12,0.0,0.0,0.0,0.0,0.0,0.0,1.0
191979,0,1,3400,-64,64,231,18,21,0.52,567552.000000,0,27,12,0.0,0.0,0.0,0.0,0.0,0.0,1.0
192228,0,1,3400,-63,63,230,17,20,0.51,421056.000000,0,27,12,0.0,0.0,0.0,0.0,0.0,0.0,1.0
192477,0,1,3400,-63,63,230,16,20,0.60,239584.000000,0,27,7.9,0.0,26880.000000,0,0.0,0.0,0.0,1.0
192726,0,1,3400,-63,63,232,16,21,0.50,377952.000000,0,27,1.0,0.0,0.0,0.0,0.0,0.0,0.0,1.0
192975,0,1,3400,-63,63,231,17,21,0.58,337472.000000,0,27,1.1,0.0,0.0,0.0,0.0,0.0,0.0,1.0
193224,0,1,3400,-62,62,230,18,22,0.51,398816.000000,0,27,1.0,0.0,0.0,0.0,0.0,0.0,0.0,1.0
193473,0,1,3400,-62,62,231,16,22,0.52,330624.000000,0,27,1.4,0.0,23680.000000,20,0.0,0.0,0.0,1.0
193722,0,1,3400,-62,62,229,16,21,0.50,333472.000000,0,27,1.1,0.0,0.0,0.0,0.0,0.0,0.0,1.0
193971,0,1,3400,-62,62,229,17,22,0.51,296000.000000,0,27,1.1,0.0,0.0,0.0,0.0,0.0,0.0,1.0
194220,0,1,3400,-62,62,230,16,23,0.50,428128.000000,0,27,1.0,0.0,0.0,0.0,0.0,0.0,0.0,1.0
194469,0,1,3400,-62,62,229,19,22,0.51,508352.000000,0,27,0.65,0.0,27040.000000,0,0.0,0.0,0.0,1.0
194718,0,1,3400,-62,62,229,17,22,0.52,401024.000000,0,27,0.14,0.0,0.0,0.0,0.0,0.0,0.0,1.0
194967,0,1,3400,-63,63,233,17,22,0.51,475424.000000,0,27,0.0,0.0,0.0,0.0,0.0,0.0,0.0,1.0
195216,0,1,3400,-63,63,232,19,21,0.53,475488.000000,0,27,0.0,0.0,0.0,0.0,0.0,0.0,0.0,1.0
195465,0,1,3400,-63,63,230,18,21,0.52,192640.000000,0,27,0.24,0.0,31360.000000,7,0.0,0.0,0.0,1.0
195714,0,1,3400,-63,63,230,18,21,0.50,0.0,0.0,27,0.048,0.0,0.0,0.0,0.0,0.0,0.0,1.0
195963,0,1,3400,-64,64,230,15,21,0.50,169248.000000,0,27,0.19,0.0,0.0,0.0,0.0,0.0,0.0,1.0
196212,0,1,3400,-63,63,228,16,20,0.50,316928.000000,0,27,0.096,0.0,0.0,0.0,0.0,0.0,0.0,1.0
196461,0,1,3400,-63,63,229,16,21,0.50,349248.000000,0,27,0.21,0.0,29344.000000,10,0.0,0.0,0.0,1.0
196710,0,1,3400,-63,63,232,18,21,0.54,403360.000000,0,27,0.19,0.0,0.0,0.0,0.0,0.0,0.0,1.0
196959,0,1,3400,-63,63,230,19,21,0.54,532672.000000,0,27,0.0,0.0,0.0,0.0,0.0,0.0,0.0,1.0
197208,0,1,3400,-63,63,233,18,22,0.52,556448.000000,0,27,0.096,0.0,0.0,0.0,0.0,0.0,0.0,1.0
197457,0,1,3400,-63,63,234,18,22,0.51,511520.000000,0,27,2.2,0.0,29696.000000,12,0.0,0.0,0.0,1.0
197706,0,1,3400,-63,63,234,17,21,0.51,509728.000000,0,27,3.5,0.0,0.0,0.0,0.0,0.0,0.0,1.0
197955,0,1,3400,-63,63,231,17,21,0.50,443680.000000,0,27,3.5,0.0,0.0,0.0,0.0,0.0,0.0,1.0
198204,0,1,3400,-63,63,231,19,21,0.52,595936.000000,0,27,3.5,0.0,0.0,0.0,0.0,0.0,0.0,1.0
198453,0,1,3400,-63,63,230,18,21,0.52,572416.000000,0,27,2.2,0.0,23776.000000,0,0.0,0.0,0.0,1.0
198702,0,1,3400,-63,63,228,18,21,0.53,585056.000000,0,27,0.0,0.0,0.0,0.0,0.0,0.0,0.0,1.0
198951,0,1,3400,-64,64,229,18,21,0.54,586240.000000,0,27,0.0,0.0,0.0,0.0,0.0,0.0,0.0,1.0
199200,0,1,3400,-64,64,231,18,21,0.52,466112.000000,0,27,0.096,0.0,0.0,0.0,0.0,0.0,0.0,1.0
199449,0,1,3400,-64,64,230,14,20,0.51,309792.000000,0,27,1.3,0.0,51712.000000,4,0.0,0.0,0.0,1.0
199698,0,1,3400,-64,64,229,16,20,0.51,352640.000000,0,27,3.5,0.0,0.0,0.0,0.0,0.0,0.0,1.0
199947,0,1,3400,-64,64,231,17,20,0.51,401376.000000,0,27,3.6,0.0,0.0,0.0,0.0,0.0,0.0,1.0
200196,0,1,3400,-63,63,231,16,21,0.51,369152.000000,0,27,3.6,0.0,0.0,0.0,0.0,0.0,0.0,1.0
200445,0,1,3400,-63,63,230,15,21,0.54,237632.000000,0,27,4.6,0.0,102880.000000,6,0.0,0.0,0.0,1.0
200694,0,1,3400,-63,63,230,17,21,0.52,410528.000000,0,27,7.0,0.0,0.0,0.0,0.0,0.0,0.0,1.0
200943,0,1,3400,-63,63,232,16,22,0.54,276128.000000,0,27,7.0,0.0,0.0,0.0,0.0,0.0,0.0,1.0
201192,0,1,3400,-62,62,235,14,22,0.51,280256.000000,0,27,7.0,0.0,0.0,0.0,0.0,0.0,0.0,1.0
201441,0,1,3400,-62,62,231,18,21,0.50,230176.000000,0,27,5.1,0.0,29984.000000,0,0.0,0.0,0.0,1.0
201690,0,1,3400,-62,62,227,17,22,0.52,246624.000000,0,27,2.1,0.0,0.0,0.0,0.0,0.0,0.0,1.0
201939,0,1,3400,-62,62,227,20,23,0.53,583392.000000,0,27,2.0,0.0,0.0,0.0,0.0,0.0,0.0,1.0
202188,0,1,3400,-62,62,230,20,22,0.53,528800.000000,0,27,2.1,0.0,0.0,0.0,0.0,0.0,0.0,1.0
202437,0,1,3400,-62,62,229,19,22,0.53,583072.000000,0,27,2.3,0.0,42016.000000,14,0.0,0.0,0.0,1.0
202686,0,1,3400,-62,62,228,20,22,0.52,570432.000000,0,27,3.6,0.0,0.0,0.0,0.0,0.0,0.0,1.0
202935,0,1,3400,-62,62,229,20,22,0.52,568544.000000,0,27,3.5,0.0,0.0,0.0,0.0,0.0,0.0,1.0
203184,0,1,3400,-62,62,232,20,23,0.52,249216.000000,0,27,3.6,0.0,0.0,0.0,0.0,0.0,0.0,1.0
203433,0,1,3400,-62,62,233,20,22,0.51,426848.000000,0,27,2.8,0.0,26432.000000,0,0.0,0.0,0.0,1.0
203682,0,1,3400,-62,62,230,19,22,0.54,609632.000000,0,27,2.0,0.0,0.0,0.0,0.0,0.0,0.0,1.0
203931,0,1,3400,-63,63,231,19,21,0.51,634496.000000,0,27,2.0,0.0,0.0,0.0,0.0,0.0,0.0,1.0
204180,0,1,3400,-63,63,232,18,21,0.52,322336.000000,0,27,2.2,0.0,0.0,0.0,0.0,0.0,0.0,1.0
204429,0,1,3400,-63,63,232,18,21,0.52,409472.000000,0,27,2.1,0.0,23392.000000,16,0.0,0.0,0.0,1.0
204678,0,1,3400,-63,63,232,18,21,0.54,285408.000000,0,27,2.0,0.0,0.0,0.0,0.0,0.0,0.0,1.0
204927,0,1,3400,-63,63,230,19,21,0.52,667744.000000,0,27,2.0,0.0,0.0,0.0,0.0,0.0,0.0,1.0
205176,0,1,3400,-62,62,230,19,22,0.51,570848.000000,0,27,2.0,0.0,0.0,0.0,0.0,0.0,0.0,1.0
205425,0,1,3400,-62,62,229,18,22,0.51,371616.000000,0,27,3.2,0.0,78144.000000,3,0.0,0.0,0.0,1.0
205674,0,1,3400,-62,62,231,20,22,0.51,454624.000000,0,27,5.5,0.0,0.0,0.0,0.0,0.0,0.0,1.0
205923,0,1,3400,-62,62,230,19,22,0.51,463552.000000,0,27,5.5,0.0,0.0,0.0,0.0,0.0,0.0,1.0
206172,0,1,3400,-62,62,234,18,22,0.50,431776.000000,0,27,5.5,0.0,0.0,0.0,0.0,0.0,0.0,1.0
206421,0,1,3400,-62,62,232,18,22,0.50,275936.000000,0,27,4.8,0.0,50112.000000,29,0.0,0.0,0.0,1.0
206670,0,1,3400,-62,62,231,15,21,0.50,147392.000000,0,27,4.0,0.0,0.0,0.0,0.0,0.0,0.0,1.0
206919,0,1,3400,-63,63,229,16,21,0.52,161024.000000,0,27,4.0,0.0,0.0,0.0,0.0,0.0,0.0,1.0
207168,0,1,3400,-63,63,230,16,21,0.50,351104.000000,0,27,4.0,0.0,0.0,0.0,0.0,0.0,0.0,1.0
207417,0,1,3400,-63,63,231,18,20,0.63,605376.000000,0,27,2.5,0.0,32064.000000,6,0.0,0.0,0.0,1.0
207666,0,1,3400,-63,63,231,16,20,0.50,526912.000000,0,27,0.064,0.0,0.0,0.0,0.0,0.0,0.0,1.0
207915,0,1,3400,-64,64,230,16,20,0.52,535648.000000,0.6,27,0.032,0.0,0.0,0.0,0.0,0.0,0.0,1.0
208164,0,1,3400,-64,64,231,16,20,0.51,464480.000000,0,27,0.080,0.0,0.0,0.0,0.0,0.0,0.0,1.0
208413,0,1,3400,-64,64,230,16,20,0.52,593856.000000,0,27,2.2,0.0,52928.000000,11,0.0,0.0,0.0,1.0
208662,0,1,3400,-64,64,228,17,20,0.53,740576.000000,0,27,4.0,0.0,0.0,0.0,0.0,0.0,0.0,1.0
208911,0,1,3400,-64,64,229,17,20,0.53,774944.000000,0,27,4.0,0.0,0.0,0.0,0.0,0.0,0.0,1.0
209160,0,1,3400,-64,64,232,17,20,0.53,765824.000000,0,27,4.0,0.0,0.0,0.0,0.0,0.0,0.0,1.0
209409,0,1,3400,-64,64,231,17,20,0.53,785856.000000,0,27,4.0,455,0.0,80,0.0,0.0,0.0,1.0
209658,0,1,3400,-64,64,231,17,20,0.53,757952.000000,0,27,4.0,455,0.0,0.0,0.0,0.0,0.0,1.0
209907,0,1,3400,-64,64,229,17,20,0.53,745984.000000,0,27,0.74,0.0,25312.000000,7,0.0,0.0,0.0,1.0
210156,0,1,3400,-63,63,232,17,20,0.52,566080.000000,0,27,0.048,0.0,0.0,0.0,0.0,0.0,0.0,1.0
210405,0,1,3400,-63,63,229,15,20,0.51,548544.000000,0,27,3.6,0.0,40416.000000,25,0.0,0.0,0.0,1.0
210654,0,1,3400,-63,63,229,17,20,0.52,700032.000000,0,27,12,0.0,0.0,0.0,0.0,0.0,0.0,1.0
210903,0,1,3400,-63,63,230,17,21,0.50,580128.000000,0,27,12,0.0,0.0,0.0,0.0,0.0,0.0,1.0
211152,0,1,3400,-63,63,230,17,21,0.50,649760.000000,0,27,12,0.0,0.0,0.0,0.0,0.0,0.0,1.0
211401,0,1,3400,-63,63,231,16,21,0.51,699296.000000,0,27,5.3,0.0,26944.000000,32,0.0,0.0,0.0,1.0
211650,0,1,3400,-63,63,231,18,21,0.51,819840.000000,0,27,0.0,0.0,0.0,0.0,0.0,0.0,0.0,1.0
211899,0,1,3400,-63,63,230,18,21,0.50,771008.000000,0,27,0.0,0.0,0.0,0.0,0.0,0.0,0.0,1.0
212148,0,1,3400,-63,63,231,17,21,0.50,609600.000000,0,27,0.016,0.0,0.0,0.0,0.0,0.0,0.0,1.0
212397,0,1,3400,-63,63,230,17,20,0.50,782688.000000,0,27,0.0,148,4704.000000,21,0.0,0.0,0.0,1.0
212646,0,1,3400,-63,63,229,18,20,0.53,812000.000000,0,27,1.9,0.0,19936.000000,58,0.0,0.0,0.0,1.0
212895,0,1,3400,-64,64,230,17,20,0.53,708320.000000,0,27,2.0,0.0,0.0,0.0,0.0,0.0,0.0,1.0
213144,0,1,3400,-64,64,231,17,20,0.54,738112.000000,0,27,2.0,0.0,0.0,0.0,0.0,0.0,0.0,1.0
213393,0,1,3400,-64,64,233,17,20,0.53,730496.000000,0,27,2.0,539,0.0,80,0.0,0.0,0.0,1.0
213642,0,1,3400,-64,64,232,17,20,0.54,771968.000000,0,27,2.2,0.0,1568.000000,68,0.0,0.0,0.0,1.0
213891,0,1,3400,-64,64,228,15,20,0.54,667456.000000,0,27,0.072,0.0,4704.000000,81,0.0,0.0,0.0,1.0
214140,0,1,3400,-64,64,229,17,20,0.56,814784.000000,0,27,0.0,0.0,0.0,0.0,0.0,0.0,0.0,1.0
214389,0,1,3400,-64,64,230,17,20,0.52,633408.000000,0,27,0.0,539,0.0,80,0.0,0.0,0.0,1.0
214638,0,1,3400,-64,64,231,17,20,0.53,724192.000000,0,27,0.0,539,0.0,0.0,0.0,0.0,0.0,1.0
214887,0,1,3400,-64,64,230,17,20,0.54,759776.000000,0,27,0.62,0.0,10912.000000,66,0.0,0.0,0.0,1.0
215136,0,1,3400,-63,63,230,17,20,0.51,611808.000000,0,27,2.0,0.0,0.0,0.0,0.0,0.0,0.0,1.0
215385,0,1,3400,-63,63,229,17,20,0.51,550848.000000,0,27,1.6,539,0.0,80,0.0,0.0,0.0,1.0
215634,0,1,3400,-63,63,231,17,21,0.52,728096.000000,0,27,1.0,539,0.0,0.0,0.0,0.0,0.0,1.0
215883,0,1,3400,-63,63,232,18,21,0.50,853024.000000,0,27,0.97,497,0.0,0,0.0,0.0,0.0,1.0
216132,0,1,3400,-62,62,232,16,21,0.51,740768.000000,0,27,0.22,0.0,11328.000000,71,0.0,0.0,0.0,1.0
216381,0,1,3400,-62,62,232,18,21,0.53,549280.000000,0,27,0.016,539,0.0,80,0.0,0.0,0.0,1.0
216630,0,1,3400,-62,62,230,18,22,0.51,793184.000000,0,27,0.0,539,0.0,0.0,0.0,0.0,0.0,1.0
216879,0,1,3400,-62,62,230,12,21,0.51,579904.000000,0,27,0.94,0.0,9888.000000,62,0.0,0.0,0.0,1.0
217128,0,1,3400,-62,62,231,13,21,0.51,521792.000000,0,27,2.0,0.0,0.0,0.0,0.0,0.0,0.0,1.0
217377,0,1,3400,-62,62,229,16,21,0.51,763712.000000,0,27,1.2,0.0,22304.000000,39,0.0,0.0,0.0,1.0
217626,0,1,3400,-62,62,229,19,21,0.51,893376.000000,0,27,0.0,0.0,0.0,0.0,0.0,0.0,0.0,1.0
217875,0,1,3400,-63,63,228,18,21,0.51,821920.000000,0,27,0.016,0.0,0.0,0.0,0.0,0.0,0.0,1.0
218124,0,1,3400,-62,62,232,17,21,0.50,627200.000000,0,27,0.0,0.0,0.0,0.0,0.0,0.0,0.0,1.0
218373,0,1,3400,-62,62,231,18,21,0.51,896928.000000,0,27,2.2,0.0,40416.000000,13,0.0,0.0,0.0,1.0
218622,0,1,3400,-62,62,230,19,22,0.50,955520.000000,0,27,6.5,0.0,0.0,0.0,0.0,0.0,0.0,1.0
218871,0,1,3400,-62,62,232,18,22,0.50,778368.000000,0,27,6.4,0.0,0.0,0.0,0.0,0.0,0.0,1.0
219120,0,1,3400,-61,61,232,19,22,0.51,941376.000000,0,27,6.5,0.0,0.0,0.0,0.0,0.0,0.0,1.0
219369,0,1,3400,-61,61,231,16,22,0.50,699040.000000,0,27,3.3,0.0,28672.000000,35,0.0,0.0,0.0,1.0
219618,0,1,3400,-61,61,228,19,22,0.50,886560.000000,0,27,1.5,0.0,0.0,0.0,0.0,0.0,0.0,1.0
219867,0,1,3400,-61,61,228,20,23,0.51,963328.000000,0,27,1.5,0.0,0.0,0.0,0.0,0.0,0.0,1.0
220116,0,1,3400,-61,61,229,19,22,0.51,840800.000000,0,27,1.5,0.0,0.0,0.0,0.0,0.0,0.0,1.0
220365,0,1,3400,-61,61,230,15,22,0.51,565056.000000,0,27,0.93,0.0,25888.000000,51,0.0,0.0,0.0,1.0
220614,0,1,3400,-61,61,230,18,22,0.50,842496.000000,0,27,0.016,0.0,0.0,0.0,0.0,0.0,0.0,1.0
220863,0,1,3400,-62,62,230,19,22,0.50,907808.000000,0,27,0.0,0.0,0.0,0.0,0.0,0.0,0.0,1.0
221112,0,1,3400,-62,62,231,18,22,0.50,792448.000000,0,27,0.0,0.0,0.0,0.0,0.0,0.0,0.0,1.0
221361,0,1,3400,-62,62,230,18,22,0.50,858400.000000,0,27,0.0080,539,0.0,80,0.0,0.0,0.0,1.0
221610,0,1,3400,-62,62,231,19,22,0.50,904288.000000,0,27,0.016,539,0.0,0.0,0.0,0.0,0.0,1.0
221859,0,1,3400,-62,62,230,19,22,0.50,933536.000000,0,27,0.0,497,0.0,80,0.0,0.0,0.0,1.0
222108,0,1,3400,-62,62,230,18,22,0.51,789984.000000,0,27,0.024,497,0.0,0.0,0.0,0.0,0.0,1.0
222357,0,1,3400,-62,62,229,18,21,0.53,825600.000000,0,27,0.0080,1035.000000,0.0,80,0.0,0.0,0.0,1.0
222606,0,1,3400,-62,62,230,18,21,0.52,858304.000000,0,27,0.0080,648,1568.000000,62,0.0,0.0,0.0,1.0
222855,0,1,3400,-63,63,230,13,21,0.51,606592.000000,0,27,0.10,0.0,40576.000000,31,0.0,0.0,0.0,1.0
223104,0,1,3400,-63,63,230,17,21,0.51,787712.000000,0,27,0.0,0.0,0.0,0.0,0.0,0.0,0.0,1.0
223353,0,1,3400,-63,63,229,16,21,0.50,418272.000000,0,27,0.45,507,0.0,80,0.0,0.0,0.0,1.0
223602,0,1,3400,-63,63,230,18,21,0.52,818816.000000,0,27,1.0,507,0.0,0.0,0.0,0.0,0.0,1.0
223851,0,1,3400,-63,63,231,17,21,0.50,694368.000000,0,27,1.0,433,0.0,80,0.0,0.0,0.0,1.0
224100,0,1,3400,-62,62,230,18,21,0.51,841408.000000,0,27,1.0,433,0.0,0.0,0.0,0.0,0.0,1.0
224349,0,1,3400,-62,62,229,18,21,0.50,866848.000000,0,27,0.42,971,0.0,80,0.0,0.0,0.0,1.0
224598,0,1,3400,-62,62,228,18,21,0.50,864192.000000,0,27,0.016,971,0.0,0.0,0.0,0.0,0.0,1.0
224847,0,1,3400,-62,62,228,19,22,0.52,963008.000000,0,27,0.52,0.0,5824.000000,73,0.0,0.0,0.0,1.0
225096,0,1,3400,-61,61,230,18,22,0.56,923616.000000,0,27,0.0,0.0,4032.000000,83,0.0,0.0,0.0,1.0
225345,0,1,3400,-61,61,231,19,22,0.50,924672.000000,0,27,0.0080,539,0.0,80,0.0,0.0,0.0,1.0
225594,0,1,3400,-61,61,231,19,22,0.50,946976.000000,0,27,0.0,539,0.0,0.0,0.0,0.0,0.0,1.0
225843,0,1,3400,-61,61,229,20,22,0.50,877184.000000,0,27,0.0080,497,0.0,80,0.0,0.0,0.0,1.0
226092,0,1,3400,-60,60,229,20,22,0.51,703136.000000,0,27,0.024,455,0.0,80,0.0,0.0,0.0,1.0
226341,0,1,3400,-60,60,230,20,23,0.52,718048.000000,0,27,0.016,993,0.0,80,0.0,0.0,0.0,1.0
226590,0,1,3400,-60,60,231,20,23,0.51,1054336.000000,0,27,0.0080,993,0.0,0.0,0.0,0.0,0.0,1.0
226839,0,1,3400,-60,60,231,20,23,0.51,1103328.000000,0,27,0.0080,951,0.0,80,0.0,0.0,0.0,1.0
227088,0,1,3400,-60,60,230,20,23,0.50,1003712.000000,0,27,0.016,909,0.0,67,0.0,0.0,0.0,1.0
227337,0,1,3400,-60,60,231,14,23,0.50,619744.000000,0,27,7.0,0.0,99904.000000,44,0.0,0.0,0.0,1.0
227586,0,1,3400,-60,60,232,20,24,0.50,954528.000000,0,27,17,0.0,0.0,0.0,0.0,0.0,0.0,1.0
227835,0,1,3400,-60,60,231,20,24,0.51,802656.000000,0,27,17,0.0,0.0,0.0,0.0,0.0,0.0,1.0
228084,0,1,3400,-60,60,230,20,23,0.50,803968.000000,0,27,17,0.0,0.0,0.0,0.0,0.0,0.0,1.0
228333,0,1,3400,-60,60,230,20,23,0.50,374208.000000,0,27,16,539,0.0,80,0.0,0.0,0.0,1.0
228582,0,1,3400,-60,60,228,20,23,0.50,936224.000000,0,27,15,539,0.0,0.0,0.0,0.0,0.0,1.0
228831,0,1,3400,-60,60,227,4.5,23,0.50,184448.000000,0,27,1.3,0.0,20544.000000,61,0.0,0.0,0.0,1.0
229080,0,1,3400,-60,60,230,18,23,0.50,832096.000000,0,27,1.5,0.0,0.0,0.0,0.0,0.0,0.0,1.0
229329,0,1,3400,-60,60,228,20,23,0.51,901376.000000,0,27,1.8,0.0,27840.000000,38,0.0,0.0,0.0,1.0
229578,0,1,3400,-60,60,229,20,23,0.50,891456.000000,0,27,0.0080,0.0,0.0,0.0,0.0,0.0,0.0,1.0
229827,0,1,3400,-60,60,230,21,24,0.50,1083616.000000,0,27,0.016,0.0,0.0,0.0,0.0,0.0,0.0,1.0
230076,0,1,3400,-60,60,229,20,24,0.50,1052032.000000,0,27,0.0,0.0,0.0,0.0,0.0,0.0,0.0,1.0
230325,0,1,3400,-60,60,230,21,23,0.50,1133952.000000,0,27,0.0,539,0.0,80,0.0,0.0,0.0,1.0
230574,0,1,3400,-60,60,230,21,23,0.51,1067936.000000,0,27,0.42,0.0,6688.000000,54,0.0,0.0,0.0,1.0
230823,0,1,3400,-60,60,230,20,23,0.50,858432.000000,0,27,3.0,0.0,1504.000000,92,0.0,0.0,0.0,1.0
231072,0,1,3400,-60,60,229,20,23,0.50,1070016.000000,0,27,3.0,0.0,0.0,0.0,0.0,0.0,0.0,1.0
231321,0,1,3400,-60,60,229,20,23,0.50,1079680.000000,0,27,2.4,539,0.0,80,0.0,0.0,0.0,1.0
231570,0,1,3400,-60,60,231,20,23,0.50,1067456.000000,0,27,1.7,0.0,13664.000000,24,0.0,0.0,0.0,1.0
231819,0,1,3400,-60,60,228,20,23,0.51,1125728.000000,0,27,0.0,0.0,5600.000000,83,0.0,0.0,0.0,1.0
232068,0,1,3400,-60,60,226,21,24,0.51,1125920.000000,0,27,0.0,0.0,0.0,0.0,0.0,0.0,0.0,1.0
232317,0,1,3400,-60,60,228,20,24,0.51,1110880.000000,0,27,0.016,539,0.0,80,0.0,0.0,0.0,1.0
232566,0,1,3400,-60,60,227,21,23,0.50,1332160.000000,0,27,0.0080,539,0.0,0.0,0.0,0.0,0.0,1.0
232815,0,1,3400,-60,60,229,20,23,0.51,1049472.000000,0,27,0.0080,497,0.0,80,0.0,0.0,0.0,1.0
233064,0,1,3400,-60,60,229,19,23,0.50,1180672.000000,0,27,0.27,0.0,11328.000000,67,0.0,0.0,0.0,1.0
233313,0,1,3400,-60,60,229,21,24,0.50,1310784.000000,0,27,0.58,539,0.0,80,0.0,0.0,0.0,1.0
233562,0,1,3400,-60,60,231,21,23,0.51,1004512.000000,0,27,0.0080,539,0.0,0.0,0.0,0.0,0.0,1.0
233811,0,1,3400,-60,60,229,20,23,0.50,636384.000000,0,27,0.024,0.0,7168.000000,78,0.0,0.0,0.0,1.0
234060,0,1,3400,-60,60,230,21,23,0.50,1162688.000000,0,27,0.0080,0.0,0.0,0.0,0.0,0.0,0.0,1.0
234309,0,1,3400,-60,60,230,21,23,0.50,1364640.000000,0,27,0.0080,539,0.0,80,0.0,0.0,0.0,1.0
234558,0,1,3400,-60,60,230,20,23,0.51,1040032.000000,0,27,0.016,0.0,10528.000000,55,0.0,0.0,0.0,1.0
234807,0,1,3400,-60,60,228,23,23,0.53,1347360.000000,0,27,3.7,0.0,19488.000000,80,0.0,0.0,0.0,1.0
235056,0,1,3400,-60,60,230,21,23,0.51,1392832.000000,0,27,4.0,0.0,0.0,0.0,0.0,0.0,0.0,1.0
235305,0,1,3400,-60,60,231,21,23,0.50,1398048.000000,0,27,4.9,363,0.0,80,0.0,0.0,0.0,1.0
235554,0,1,3400,-60,60,229,21,23,0.50,1330816.000000,0,27,5.5,363,0.0,0.0,0.0,0.0,0.0,1.0
235803,0,1,3400,-60,60,227,20,23,0.50,782560.000000,0,27,3.8,321,0.0,80,0.0,0.0,0.0,1.0
236052,0,1,3400,-60,60,228,21,23,0.50,1381792.000000,0,27,3.5,279,0.0,80,0.0,0.0,0.0,1.0
236301,0,1,3400,-60,60,228,16,23,0.51,898528.000000,0,27,3.4,0.0,45632.000000,67,0.0,0.0,0.0,1.0
236550,0,1,3400,-60,60,230,9.5,23,0.50,375872.000000,0,27,3.5,0.0,0.0,0.0,0.0,0.0,0.0,1.0
236799,0,1,3400,-60,60,231,20,23,0.50,644384.000000,0,27,3.5,0.0,0.0,0.0,0.0,0.0,0.0,1.0
237048,0,1,3400,-60,60,230,20,23,0.51,832896.000000,0,27,3.5,0.0,0.0,0.0,0.0,0.0,0.0,1.0
237297,0,1,3400,-60,60,231,20,23,0.50,1282336.000000,0,27,2.0,539,0.0,80,0.0,0.0,0.0,1.0
237546,0,1,3400,-60,60,231,20,23,0.51,1259168.000000,0,27,0.0080,539,0.0,0.0,0.0,0.0,0.0,1.0
237795,0,1,3400,-61,61,226,20,23,0.51,1131264.000000,0,27,0.28,0.0,32640.000000,40,0.0,0.0,0.0,1.0
238044,0,1,3400,-60,60,232,20,23,0.52,1200064.000000,0,27,0.0,0.0,0.0,0.0,0.0,0.0,0.0,1.0
238293,0,1,3400,-60,60,233,20,23,0.50,1172064.000000,0,27,0.0080,539,0.0,80,0.0,0.0,0.0,1.0
238542,0,1,3400,-60,60,230,20,23,0.50,1285824.000000,0,27,0.0,539,0.0,0.0,0.0,0.0,0.0,1.0
238791,0,1,3400,-60,60,230,19,23,0.50,1274560.000000,0,27,0.37,0.0,21728.000000,58,0.0,0.0,0.0,1.0
239040,0,1,3400,-60,60,229,20,23,0.50,1034400.000000,0,27,0.016,0.0,0.0,0.0,0.0,0.0,0.0,1.0
239289,0,1,3400,-60,60,230,17,23,0.50,927904.000000,0,27,2.5,0.0,28448.000000,63,0.0,0.0,0.0,1.0
239538,0,1,3400,-60,60,230,20,23,0.50,926720.000000,0,27,6.5,0.0,0.0,0.0,0.0,0.0,0.0,1.0
239787,0,1,3400,-60,60,231,20,23,0.50,934144.000000,0,27,6.5,0.0,0.0,0.0,0.0,0.0,0.0,1.0
240036,0,1,3400,-60,60,229,20,24,0.50,1203808.000000,0,27,6.5,0.0,0.0,0.0,0.0,0.0,0.0,1.0
240285,0,1,3400,-60,60,229,19,24,0.50,1297056.000000,0,27,4.5,0.0,24096.000000,62,0.0,0.0,0.0,1.0
240534,0,1,3400,-60,60,230,20,23,0.50,1074560.000000,0,27,4.0,0.0,0.0,0.0,0.0,0.0,0.0,1.0
240783,0,1,3400,-60,60,230,21,23,0.50,1243936.000000,0,27,4.0,0.0,0.0,0.0,0.0,0.0,0.0,1.0
241032,0,1,3400,-60,60,231,20,24,0.50,1144960.000000,0,27,4.0,0.0,0.0,0.0,0.0,0.0,0.0,1.0
241281,0,1,3400,-60,60,232,21,24,0.50,1434048.000000,0,27,2.8,539,0.0,80,0.0,0.0,0.0,1.0
241530,0,1,3400,-60,60,229,20,24,0.50,925312.000000,0,27,2.0,0.0,28832.000000,33,0.0,0.0,0.0,1.0
241779,0,1,3400,-60,60,229,17,23,0.50,1015360.000000,0,27,3.5,0.0,46720.000000,59,0.0,0.0,0.0,1.0
242028,0,1,3400,-60,60,230,20,23,0.50,904256.000000,0,27,3.5,0.0,0.0,0.0,0.0,0.0,0.0,1.0
242277,0,1,3400,-60,60,232,13,23,0.50,525728.000000,0,27,2.4,0.0,19296.000000,61,0.0,0.0,0.0,1.0
242526,0,1,3400,-60,60,229,16,23,0.52,661472.000000,0,27,2.0,0.0,0.0,0.0,0.0,0.0,0.0,1.0
242775,0,1,3400,-61,61,230,19,22,0.50,371648.000000,0,27,2.0,0.0,0.0,0.0,0.0,0.0,0.0,1.0
243024,0,1,3400,-61,61,231,19,22,0.50,558752.000000,0,27,2.0,0.0,0.0,0.0,0.0,0.0,0.0,1.0
243273,0,1,3400,-61,61,230,19,22,0.50,561952.000000,0,27,2.9,363,0.0,80,0.0,0.0,0.0,1.0
243522,0,1,3400,-61,61,230,18,22,0.50,548768.000000,0,27,3.2,0.0,8736.000000,39,0.0,0.0,0.0,1.0
243771,0,1,3400,-61,61,231,6.5,22,0.50,74400.000000,0,27,0.0,0.0,3136.000000,80,0.0,0.0,0.0,1.0
244020,0,1,3400,-61,61,231,15,22,0.50,533952.000000,0,27,0.0,0.0,0.0,0.0,0.0,0.0,0.0,1.0
244269,0,1,3400,-61,61,234,20,23,0.50,807648.000000,0,27,0.0,539,0.0,80,0.0,0.0,0.0,1.0
244518,0,1,3400,-61,61,230,20,23,0.52,1058656.000000,0,27,0.0,539,0.0,0.0,0.0,0.0,0.0,1.0
244767,0,1,3400,-61,61,227,19,22,0.52,606368.000000,0,27,0.0,497,0.0,80,0.0,0.0,0.0,1.0
245016,0,1,3400,-61,61,228,18,22,0.50,714400.000000,0,27,0.0,497,0.0,0.0,0.0,0.0,0.0,1.0
245265,0,1,3400,-61,61,230,5.8,22,0.50,152800.000000,0,27,3.0,0.0,33184.000000,53,0.0,0.0,0.0,1.0
245514,0,1,3400,-61,61,230,3.1,22,0.50,182752.000000,0,27,4.0,581,0.0,0.0,0.0,0.0,0.0,1.0
245763,0,1,3400,-61,61,229,20,23,0.50,749632.000000,0,27,4.0,0.0,11456.000000,69,0.0,0.0,0.0,1.0
246012,0,1,3400,-61,61,230,19,22,0.50,868224.000000,0,27,4.0,0.0,0.0,0.0,0.0,0.0,0.0,1.0
246261,0,1,3400,-61,61,229,14,22,0.50,369728.000000,0,27,3.0,0.0,17600.000000,49,0.0,0.0,0.0,1.0
246510,0,1,3400,-61,61,229,17,22,0.50,445280.000000,0,27,2.0,0.0,0.0,0.0,0.0,0.0,0.0,1.0
246759,0,1,3400,-61,61,229,18,22,0.50,670272.000000,0,27,2.0,0.0,0.0,0.0,0.0,0.0,0.0,1.0
247008,0,1,3400,-61,61,230,18,22,0.50,350560.000000,0,27,2.0,0.0,0.0,0.0,0.0,0.0,0.0,1.0
247257,0,1,3400,-61,61,229,18,22,0.50,585728.000000,0,27,1.5,0.0,30432.000000,40,0.0,0.0,0.0,1.0
247506,0,1,3400,-61,61,228,19,22,0.51,617760.000000,0,27,0.98,0.0,0.0,0.0,0.0,0.0,0.0,1.0
247755,0,1,3400,-61,61,229,19,22,0.50,671136.000000,0,27,0.98,0.0,0.0,0.0,0.0,0.0,0.0,1.0
248004,0,1,3400,-61,61,230,18,23,0.50,680000.000000,0,27,0.99,0.0,0.0,0.0,0.0,0.0,0.0,1.0
248253,0,1,3400,-61,61,230,18,22,0.50,792256.000000,0,27,0.41,539,0.0,80,0.0,0.0,0.0,1.0
248502,0,1,3400,-61,61,230,18,22,0.51,671936.000000,0,27,0.0,497,0.0,80,0.0,0.0,0.0,1.0
248751,0,1,3400,-62,62,229,18,22,0.50,623200.000000,0,27,0.0,497,0.0,0.0,0.0,0.0,0.0,1.0
249000,0,1,3400,-62,62,229,15,22,0.50,700352.000000,0,27,0.71,0.0,44128.000000,59,0.0,0.0,0.0,1.0
249249,0,1,3400,-62,62,229,4.1,21,0.50,41984.000000,0,27,3.5,581,0.0,0.0,0.0,0.0,0.0,1.0
249498,0,1,3400,-62,62,229,16,21,0.51,568704.000000,0,27,0.72,0.0,29056.000000,26,0.0,0.0,0.0,1.0
249747,0,1,3400,-63,63,229,17,21,0.51,807456.000000,0,27,0.0,0.0,0.0,0.0,0.0,0.0,0.0,1.0
249996,0,1,3400,-63,63,230,17,20,0.50,734016.000000,0,27,0.0,0.0,0.0,0.0,0.0,0.0,0.0,1.0
250245,0,1,3400,-63,63,230,13,21,0.51,562496.000000,0,27,1.1,0.0,45024.000000,19,0.0,0.0,0.0,1.0
250494,0,1,3400,-63,63,230,0.24,21,0.50,20064.000000,0,27,5.9,0.0,0.0,0.0,0.0,0.0,0.0,1.0
250743,0,1,3400,-63,63,230,8.9,21,0.50,365568.000000,0,27,5.9,0.0,0.0,0.0,0.0,0.0,0.0,1.0
250992,0,1,3400,-63,63,231,17,21,0.52,693632.000000,0,27,5.9,0.0,0.0,0.0,0.0,0.0,0.0,1.0
251241,0,1,3400,-63,63,233,18,21,0.51,819200.000000,0,27,8.4,215,0.0,80,0.0,0.0,0.0,1.0
251490,0,1,3400,-63,63,229,18,21,0.51,835520.000000,0,27,9.9,215,0.0,0.0,0.0,0.0,0.0,1.0
251739,0,1,3400,-63,63,228,18,21,0.52,807488.000000,0,27,1.8,0.0,16288.000000,0,0.0,0.0,0.0,1.0
251988,0,1,3400,-62,62,229,18,21,0.52,888224.000000,0,27,0.0,0.0,0.0,0.0,0.0,0.0,0.0,1.0
252237,0,1,3400,-62,62,228,18,21,0.50,875232.000000,0,27,2.2,455,0.0,80,0.0,0.0,0.0,1.0
252486,0,1,3400,-62,62,230,18,21,0.50,563072.000000,0,27,3.6,0.0,26016.000000,28,0.0,0.0,0.0,1.0
252735,0,1,3400,-62,62,230,18,22,0.51,583616.000000,0,27,3.5,0.0,8768.000000,50,0.0,0.0,0.0,1.0
252984,0,1,3400,-62,62,230,18,21,0.51,689376.000000,0,27,3.5,0.0,0.0,0.0,0.0,0.0,0.0,1.0
253233,0,1,3400,-62,62,230,18,21,0.51,735328.000000,0,27,3.4,0.0,44064.000000,12,0.0,0.0,0.0,1.0
253482,0,1,3400,-62,62,231,18,22,0.50,701760.000000,0,27,4.4,0.0,0.0,0.0,0.0,0.0,0.0,1.0
253731,0,1,3400,-62,62,229,18,22,0.50,552480.000000,0,27,4.4,0.0,0.0,0.0,0.0,0.0,0.0,1.0
253980,0,1,3400,-62,62,228,18,21,0.51,915712.000000,0,27,4.4,0.0,0.0,0.0,0.0,0.0,0.0,1.0
254229,0,1,3400,-62,62,230,18,21,0.51,533856.000000,0,27,3.2,0.0,51776.000000,20,0.0,0.0,0.0,1.0
254478,0,1,3400,-62,62,232,18,22,0.50,842528.000000,0,27,2.0,0.0,0.0,0.0,0.0,0.0,0.0,1.0
254727,0,1,3400,-62,62,231,18,22,0.50,740832.000000,0,27,2.0,0.0,0.0,0.0,0.0,0.0,0.0,1.0
254976,0,1,3400,-62,62,230,18,21,0.50,817920.000000,0,27,2.0,0.0,0.0,0.0,0.0,0.0,0.0,1.0
255225,0,1,3400,-62,62,231,16,21,0.51,370432.000000,0,27,1.4,0.0,45824.000000,27,0.0,0.0,0.0,1.0
255474,0,1,3400,-62,62,228,18,22,0.51,790496.000000,0,27,1.0,0.0,0.0,0.0,0.0,0.0,0.0,1.0
255723,0,1,3400,-62,62,229,18,22,0.50,863200.000000,0,27,1.00,0.0,0.0,0.0,0.0,0.0,0.0,1.0
255972,0,1,3400,-62,62,230,18,22,0.50,955648.000000,0,27,1.00,0.0,0.0,0.0,0.0,0.0,0.0,1.0
256221,0,1,3400,-62,62,230,15,21,0.51,686272.000000,0,27,4.4,0.0,67744.000000,54,0.0,0.0,0.0,1.0
256470,0,1,3400,-62,62,230,17,21,0.51,807712.000000,0,27,9.5,0.0,0.0,0.0,0.0,0.0,0.0,1.0
256719,0,1,3400,-63,63,230,17,21,0.50,563328.000000,0,27,9.5,0.0,0.0,0.0,0.0,0.0,0.0,1.0
256968,0,1,3400,-63,63,229,16,21,0.50,648000.000000,0,27,9.4,0.0,0.0,0.0,0.0,0.0,0.0,1.0
257217,0,1,3400,-63,63,229,14,20,0.52,779872.000000,0,27,6.7,0.0,37088.000000,27,0.0,0.0,0.0,1.0
257466,0,1,3400,-63,63,231,17,20,0.51,915328.000000,0,27,2.5,0.0,0.0,0.0,0.0,0.0,0.0,1.0
257715,0,1,3400,-64,64,232,17,20,0.52,1010624.000000,0,27,2.5,0.0,0.0,0.0,0.0,0.0,0.0,1.0
257964,0,1,3400,-64,64,233,17,19,0.52,892512.000000,0,27,2.5,0.0,0.0,0.0,0.0,0.0,0.0,1.0
258213,0,1,3400,-64,64,230,14,19,0.51,619840.000000,0,27,2.7,0.0,19072.000000,36,0.0,0.0,0.0,1.0
258462,0,1,3400,-64,64,232,17,19,0.54,998016.000000,0,27,3.5,0.0,0.0,0.0,0.0,0.0,0.0,1.0
258711,0,1,3400,-65,65,233,17,19,0.56,1028928.000000,0,27,3.5,0.0,0.0,0.0,0.0,0.0,0.0,1.0
258960,0,1,3400,-65,65,231,17,19,0.58,1127136.000000,0,27,3.5,0.0,0.0,0.0,0.0,0.0,0.0,1.0
259209,0,1,3400,-65,65,231,16,19,0.56,1008704.000000,0,27,3.4,0.0,47808.000000,45,0.0,0.0,0.0,1.0
259458,0,1,3400,-65,65,233,18,19,0.57,1230816.000000,0,27,4.0,0.0,0.0,0.0,0.0,0.0,0.0,1.0
259707,0,1,3400,-65,65,230,17,19,0.60,1117248.000000,0,27,4.0,0.0,0.0,0.0,0.0,0.0,0.0,1.0
259956,0,1,3400,-64,64,229,16,19,0.53,767872.000000,0,27,4.0,0.0,0.0,0.0,0.0,0.0,0.0,1.0
260205,0,1,3400,-64,64,232,17,19,0.52,718848.000000,0,27,2.0,539,0.0,80,0.0,0.0,0.0,1.0
260454,0,1,3400,-64,64,231,17,19,0.51,911232.000000,0,27,0.0,539,0.0,0.0,0.0,0.0,0.0,1.0
260703,0,1,3400,-64,64,229,17,20,0.53,1059648.000000,0,27,0.41,0.0,14784.000000,62,0.0,0.0,0.0,1.0
260952,0,1,3400,-63,63,228,16,20,0.51,560928.000000,0,27,0.0,0.0,0.0,0.0,0.0,0.0,0.0,1.0
261201,0,1,3400,-63,63,231,16,20,0.51,687552.000000,0,27,0.0,581,0.0,0.0,0.0,0.0,0.0,1.0
261450,0,1,3400,-63,63,232,19,21,0.60,1331328.000000,0,27,4.9,0.0,36832.000000,52,0.0,0.0,0.0,1.0
261699,0,1,3400,-63,63,230,18,21,0.50,1184640.000000,0,27,9.5,0.0,0.0,0.0,0.0,0.0,0.0,1.0
261948,0,1,3400,-62,62,229,17,21,0.50,1150048.000000,0,27,9.4,0.0,0.0,0.0,0.0,0.0,0.0,1.0
262197,0,1,3400,-62,62,228,18,21,0.51,1203776.000000,0,27,4.6,0.0,41344.000000,19,0.0,0.0,0.0,1.0
262446,0,1,3400,-62,62,228,19,21,0.51,1169760.000000,0,27,0.0,0.0,0.0,0.0,0.0,0.0,0.0,1.0
262695,0,1,3400,-62,62,229,19,22,0.50,1227040.000000,0,27,0.0,0.0,0.0,0.0,0.0,0.0,0.0,1.0
262944,0,1,3400,-62,62,230,17,22,0.51,1027744.000000,0,27,0.0,0.0,0.0,0.0,0.0,0.0,0.0,1.0
263193,0,1,3400,-62,62,232,17,22,0.50,1068448.000000,0,27,4.4,0.0,17152.000000,56,0.0,0.0,0.0,1.0
263442,0,1,3400,-62,62,233,17,22,0.51,959936.000000,0,27,9.0,0.0,0.0,0.0,0.0,0.0,0.0,1.0
263691,0,1,3400,-62,62,232,18,22,0.51,1014336.000000,0,27,9.0,0.0,0.0,0.0,0.0,0.0,0.0,1.0
263940,0,1,3400,-62,62,229,19,22,0.50,1327680.000000,0,27,9.0,0.0,0.0,0.0,0.0,0.0,0.0,1.0
264189,0,1,3400,-62,62,228,17,21,0.50,1068160.000000,0,27,6.0,0.0,25792.000000,24,0.0,0.0,0.0,1.0
264438,0,1,3400,-62,62,229,17,22,0.50,1056096.000000,0,27,4.0,0.0,0.0,0.0,0.0,0.0,0.0,1.0
264687,0,1,3400,-62,62,228,19,22,0.51,1266944.000000,0,27,4.0,0.0,0.0,0.0,0.0,0.0,0.0,1.0
264936,0,1,3400,-62,62,227,15,22,0.51,609728.000000,0,27,4.1,0.0,0.0,0.0,0.0,0.0,0.0,1.0
265185,0,1,3400,-62,62,230,14,21,0.50,501888.000000,0,27,3.5,0.0,38816.000000,24,0.0,0.0,0.0,1.0
265434,0,1,3400,-62,62,230,18,21,0.50,897856.000000,0,27,3.6,0.0,0.0,0.0,0.0,0.0,0.0,1.0
265683,0,1,3400,-62,62,228,19,22,0.50,1348128.000000,0,27,3.5,0.0,0.0,0.0,0.0,0.0,0.0,1.0
265932,0,1,3400,-62,62,230,19,22,0.50,1344608.000000,0,27,3.5,0.0,0.0,0.0,0.0,0.0,0.0,1.0
266181,0,1,3400,-62,62,230,18,22,0.51,993280.000000,0,27,6.8,0.0,5888.000000,57,0.0,0.0,0.0,1.0
266430,0,1,3400,-62,62,230,18,21,0.51,926720.000000,0,27,12,0.0,0.0,0.0,0.0,0.0,0.0,1.0
266679,0,1,3400,-62,62,230,18,22,0.50,638464.000000,0,27,12,0.0,0.0,0.0,0.0,0.0,0.0,1.0
266928,0,1,3400,-62,62,228,17,22,0.50,691616.000000,0,27,12,0.0,0.0,0.0,0.0,0.0,0.0,1.0
267177,0,1,3400,-62,62,227,17,22,0.50,872992.000000,0,27,5.2,0.0,26880.000000,45,0.0,0.0,0.0,1.0
267426,0,1,3400,-62,62,228,18,21,0.51,1099584.000000,0,27,0.0,0.0,0.0,0.0,0.0,0.0,0.0,1.0
267675,0,1,3400,-62,62,229,19,21,0.51,1340832.000000,0,27,0.0,0.0,0.0,0.0,0.0,0.0,0.0,1.0
267924,0,1,3400,-62,62,227,19,22,0.51,1249152.000000,0,27,0.0,0.0,0.0,0.0,0.0,0.0,0.0,1.0
268173,0,1,3400,-62,62,231,19,22,0.50,1134912.000000,0,27,0.0,0.0,25376.000000,0,0.0,0.0,0.0,1.0
268422,0,1,3400,-62,62,231,19,22,0.50,1216960.000000,0,27,0.0,0.0,0.0,0.0,0.0,0.0,0.0,1.0
268671,0,1,3400,-62,62,229,19,21,0.50,1185184.000000,0,27,0.0,0.0,0.0,0.0,0.0,0.0,0.0,1.0
268920,0,1,3400,-62,62,229,19,21,0.50,1203392.000000,0,27,0.0,0.0,0.0,0.0,0.0,0.0,0.0,1.0
269169,0,1,3400,-62,62,229,17,21,0.50,1068992.000000,0,27,1.3,0.0,42208.000000,38,0.0,0.0,0.0,1.0
269418,0,1,3400,-62,62,227,17,21,0.51,1172960.000000,0,27,3.0,0.0,0.0,0.0,0.0,0.0,0.0,1.0
269667,0,1,3400,-63,63,230,18,21,0.50,1223552.000000,0,27,3.0,0.0,0.0,0.0,0.0,0.0,0.0,1.0
269916,0,1,3400,-63,63,228,17,21,0.50,1004544.000000,0,27,3.0,0.0,0.0,0.0,0.0,0.0,0.0,1.0
270165,0,1,3400,-63,63,230,17,21,0.50,1026272.000000,0,27,10,0.0,40576.000000,38,0.0,0.0,0.0,1.0
270414,0,1,3400,-63,63,229,17,21,0.50,1147072.000000,0,27,19,0.0,0.0,0.0,0.0,0.0,0.0,1.0
270663,0,1,3400,-63,63,229,17,21,0.50,1066048.000000,0,27,19,0.0,0.0,0.0,0.0,0.0,0.0,1.0
270912,0,1,3400,-63,63,228,17,20,0.51,1046688.000000,0,27,19,0.0,0.0,0.0,0.0,0.0,0.0,1.0
271161,0,1,3400,-63,63,230,17,20,0.51,973376.000000,0,27,12,0.0,34848.000000,54,0.0,0.0,0.0,1.0
271410,0,1,3400,-63,63,228,17,20,0.51,957216.000000,0,27,4.5,0.0,0.0,0.0,0.0,0.0,0.0,1.0
271659,0,1,3400,-64,64,226,17,20,0.52,965312.000000,0,27,4.5,0.0,0.0,0.0,0.0,0.0,0.0,1.0
271908,0,1,3400,-64,64,229,17,19,0.51,1031008.000000,0,27,4.5,0.0,0.0,0.0,0.0,0.0,0.0,1.0
272157,0,1,3400,-64,64,229,16,20,0.51,1010656.000000,0,27,3.1,0.0,27904.000000,44,0.0,0.0,0.0,1.0
272406,0,1,3400,-64,64,232,17,20,0.52,1018560.000000,0,27,0.0,0.0,0.0,0.0,0.0,0.0,0.0,1.0
272655,0,1,3400,-64,64,230,17,20,0.51,981056.000000,0,27,0.0,0.0,0.0,0.0,0.0,0.0,0.0,1.0
272904,0,1,3400,-64,64,228,16,20,0.50,652320.000000,0,27,0.0,0.0,0.0,0.0,0.0,0.0,0.0,1.0
273153,0,1,3400,-64,64,226,17,20,0.52,1126624.000000,0,27,4.5,0.0,56960.000000,55,0.0,0.0,0.0,1.0
273402,0,1,3400,-64,64,227,17,20,0.51,1051040.000000,0,27,8.9,0.0,0.0,0.0,0.0,0.0,0.0,1.0
273651,0,1,3400,-64,64,229,17,20,0.51,1036800.000000,0,27,8.9,0.0,0.0,0.0,0.0,0.0,0.0,1.0
273900,0,1,3400,-63,63,230,17,20,0.51,989088.000000,0,27,9.0,0.0,0.0,0.0,0.0,0.0,0.0,1.0
274149,0,1,3400,-63,63,228,14,20,0.58,801824.000000,0,27,5.0,0.0,69952.000000,42,0.0,0.0,0.0,1.0
274398,0,1,3400,-63,63,228,2.6,20,0.50,165888.000000,0,27,0.0,0.0,0.0,0.0,0.0,0.0,0.0,1.0
274647,0,1,3400,-63,63,227,17,21,0.51,944608.000000,0,27,0.0,0.0,0.0,0.0,0.0,0.0,0.0,1.0
274896,0,1,3400,-63,63,226,17,21,0.51,1148448.000000,0,27,0.0,0.0,0.0,0.0,0.0,0.0,0.0,1.0
275145,0,1,3400,-63,63,229,18,21,0.51,1050784.000000,0,27,2.3,0.0,35520.000000,28,0.0,0.0,0.0,1.0
275394,0,1,3400,-63,63,229,17,21,0.50,1105216.000000,0,27,5.0,0.0,0.0,0.0,0.0,0.0,0.0,1.0
275643,0,1,3400,-63,63,228,17,21,0.50,1063136.000000,0,27,5.0,0.0,0.0,0.0,0.0,0.0,0.0,1.0
275892,0,1,3400,-63,63,229,17,21,0.50,1107872.000000,0,27,5.0,0.0,0.0,0.0,0.0,0.0,0.0,1.0
276141,0,1,3400,-63,63,228,12,21,0.50,638912.000000,0,27,2.1,0.0,32416.000000,9,0.0,0.0,0.0,1.0
276390,0,1,3400,-63,63,227,15,20,0.50,453984.000000,0,27,0.0,0.0,0.0,0.0,0.0,0.0,0.0,1.0
276639,0,1,3400,-63,63,230,17,21,0.52,851584.000000,0,27,0.0,0.0,0.0,0.0,0.0,0.0,0.0,1.0
276888,0,1,3400,-62,62,229,18,21,0.50,1090944.000000,0,27,0.0,0.0,0.0,0.0,0.0,0.0,0.0,1.0
277137,0,1,3400,-62,62,229,18,21,0.51,1134240.000000,0,27,0.98,0.0,52512.000000,13,0.0,0.0,0.0,1.0
277386,0,1,3400,-62,62,229,19,21,0.50,1134304.000000,0,27,2.0,0.0,0.0,0.0,0.0,0.0,0.0,1.0
277635,0,1,3400,-62,62,227,18,21,0.50,1277632.000000,0,27,2.0,0.0,0.0,0.0,0.0,0.0,0.0,1.0
277884,0,1,3400,-62,62,228,17,21,0.50,831680.000000,0,27,2.0,0.0,0.0,0.0,0.0,0.0,0.0,1.0
278133,0,1,3400,-62,62,229,18,21,0.50,969984.000000,0,27,1.4,507,0.0,80,0.0,0.0,0.0,1.0
278382,0,1,3400,-62,62,229,18,21,0.50,1092512.000000,0,27,0.88,0.0,23776.000000,13,0.0,0.0,0.0,1.0
278631,0,1,3400,-62,62,227,15,21,0.50,919136.000000,0,27,3.4,0.0,8736.000000,54,0.0,0.0,0.0,1.0
278880,0,1,3400,-62,62,229,18,21,0.50,1127232.000000,0,27,3.5,0.0,0.0,0.0,0.0,0.0,0.0,1.0
279129,0,1,3400,-62,62,230,18,21,0.52,872640.000000,0,27,3.8,0.0,33056.000000,36,0.0,0.0,0.0,1.0
279378,0,1,3400,-62,62,231,18,21,0.50,549280.000000,0,27,5.5,0.0,0.0,0.0,0.0,0.0,0.0,1.0
279627,0,1,3400,-62,62,230,19,21,0.51,1269056.000000,0,27,5.5,0.0,0.0,0.0,0.0,0.0,0.0,1.0
279876,0,1,3400,-62,62,229,18,21,0.51,1218624.000000,0,27,5.5,0.0,0.0,0.0,0.0,0.0,0.0,1.0
280125,0,1,3400,-62,62,230,15,21,0.51,758144.000000,0,27,3.6,0.0,47840.000000,49,0.0,0.0,0.0,1.0
280374,0,1,3400,-62,62,229,17,21,0.51,911424.000000,0,27,2.0,0.0,0.0,0.0,0.0,0.0,0.0,1.0
280623,0,1,3400,-63,63,229,17,21,0.52,880480.000000,0,27,2.0,0.0,0.0,0.0,0.0,0.0,0.0,1.0
280872,0,1,3400,-63,63,229,17,20,0.50,1000768.000000,0,27,2.0,0.0,0.0,0.0,0.0,0.0,0.0,1.0
281121,0,1,3400,-63,63,229,19,20,0.58,1191872.000000,0,27,1.9,0.0,30560.000000,63,0.0,0.0,0.0,1.0
281370,0,1,3400,-63,63,228,17,20,0.51,889600.000000,0,27,4.5,0.0,0.0,0.0,0.0,0.0,0.0,1.0
281619,0,1,3400,-63,63,228,17,21,0.50,991296.000000,0,27,4.4,0.0,0.0,0.0,0.0,0.0,0.0,1.0
281868,0,1,3400,-62,62,229,18,21,0.50,919552.000000,0,27,4.4,0.0,0.0,0.0,0.0,0.0,0.0,1.0
282117,0,1,3400,-62,62,230,18,21,0.51,1002368.000000,0,27,6.4,363,0.0,80,0.0,0.0,0.0,1.0
282366,0,1,3400,-62,62,230,18,21,0.50,1054496.000000,0,27,7.3,0.0,5824.000000,50,0.0,0.0,0.0,1.0
282615,0,1,3400,-62,62,230,19,21,0.50,1017984.000000,0,27,3.2,0.0,12800.000000,69,0.0,0.0,0.0,1.0
282864,0,1,3400,-62,62,229,17,21,0.50,816864.000000,0,27,3.5,0.0,0.0,0.0,0.0,0.0,0.0,1.0
283113,0,1,3400,-62,62,229,17,21,0.51,718656.000000,0,27,2.0,539,0.0,80,0.0,0.0,0.0,1.0
283362,0,1,3400,-62,62,229,18,21,0.50,1055264.000000,0,27,0.0,539,0.0,0.0,0.0,0.0,0.0,1.0
283611,0,1,3400,-62,62,231,16,21,0.50,854368.000000,0,27,3.3,0.0,52192.000000,57,0.0,0.0,0.0,1.0
283860,0,1,3400,-61,61,231,19,22,0.50,979008.000000,0,27,3.5,0.0,0.0,0.0,0.0,0.0,0.0,1.0
284109,0,1,3400,-61,61,229,17,22,0.50,948768.000000,0,27,3.2,0.0,18176.000000,65,0.0,0.0,0.0,1.0
284358,0,1,3400,-61,61,231,19,22,0.50,1087424.000000,0,27,3.5,0.0,0.0,0.0,0.0,0.0,0.0,1.0
284607,0,1,3400,-61,61,227,17,22,0.50,803552.000000,0,27,3.4,0.0,0.0,0.0,0.0,0.0,0.0,1.0
284856,0,1,3400,-61,61,231,19,22,0.50,776448.000000,0,27,3.5,0.0,0.0,0.0,0.0,0.0,0.0,1.0
285105,0,1,3400,-61,61,230,16,22,0.50,542144.000000,0,27,1.7,0.0,40640.000000,52,0.0,0.0,0.0,1.0
285354,0,1,3400,-61,61,228,19,22,0.50,943136.000000,0,27,0.0,0.0,0.0,0.0,0.0,0.0,0.0,1.0
285603,0,1,3400,-61,61,229,19,22,0.50,1079040.000000,0,27,0.0,0.0,0.0,0.0,0.0,0.0,0.0,1.0
285852,0,1,3400,-61,61,228,19,22,0.50,1094400.000000,0,27,0.0,0.0,0.0,0.0,0.0,0.0,0.0,1.0
286101,0,1,3400,-61,61,228,16,22,0.50,888096.000000,0,27,5.1,0.0,66304.000000,29,0.0,0.0,0.0,1.0
286350,0,1,3400,-61,61,228,18,22,0.50,1080896.000000,0,27,12,0.0,0.0,0.0,0.0,0.0,0.0,1.0
286599,0,1,3400,-62,62,229,18,21,0.50,1145248.000000,0,27,11,0.0,0.0,0.0,0.0,0.0,0.0,1.0
286848,0,1,3400,-62,62,230,18,21,0.50,939968.000000,0,27,11,0.0,0.0,0.0,0.0,0.0,0.0,1.0
287097,0,1,3400,-62,62,229,11,21,0.50,161824.000000,0,27,9.1,0.0,106400.000000,17,0.0,0.0,0.0,1.0
287346,0,1,3400,-62,62,228,2.7,21,0.50,150176.000000,0,27,9.0,0.0,0.0,0.0,0.0,0.0,0.0,1.0
287595,0,1,3400,-62,62,230,19,22,0.50,953760.000000,0,27,8.9,0.0,0.0,0.0,0.0,0.0,0.0,1.0
287844,0,1,3400,-62,62,229,19,21,0.51,997504.000000,0,27,8.9,0.0,0.0,0.0,0.0,0.0,0.0,1.0
288093,0,1,3400,-62,62,228,19,21,0.50,1130976.000000,0,27,8.8,0.0,9952.000000,65,0.0,0.0,0.0,1.0
288342,0,1,3400,-62,62,227,19,22,0.50,1171392.000000,0,27,9.0,0.0,0.0,0.0,0.0,0.0,0.0,1.0
288591,0,1,3400,-62,62,227,18,21,0.51,1040512.000000,0,27,9.0,0.0,0.0,0.0,0.0,0.0,0.0,1.0
288840,0,1,3400,-62,62,229,17,21,0.50,587328.000000,0,27,9.0,0.0,0.0,0.0,0.0,0.0,0.0,1.0
289089,0,1,3400,-62,62,229,17,21,0.50,873856.000000,0,27,3.9,0.0,31104.000000,3,0.0,0.0,0.0,1.0
289338,0,1,3400,-62,62,229,18,21,0.50,1018528.000000,0,27,0.0,0.0,0.0,0.0,0.0,0.0,0.0,1.0
289587,0,1,3400,-63,63,231,17,21,0.50,1018848.000000,0,27,0.0,0.0,0.0,0.0,0.0,0.0,0.0,1.0
289836,0,1,3400,-63,63,230,17,20,0.51,914816.000000,0,27,0.0,0.0,0.0,0.0,0.0,0.0,0.0,1.0
290085,0,1,3400,-63,63,229,18,20,0.51,1051776.000000,0,27,4.2,0.0,28032.000000,39,0.0,0.0,0.0,1.0
290334,0,1,3400,-63,63,229,17,20,0.50,882112.000000,0,27,8.5,0.0,0.0,0.0,0.0,0.0,0.0,1.0
290583,0,1,3400,-63,63,229,17,20,0.50,976224.000000,0,27,8.5,0.0,0.0,0.0,0.0,0.0,0.0,1.0
290832,0,1,3400,-62,62,231,18,21,0.50,1058496.000000,0,27,8.5,0.0,0.0,0.0,0.0,0.0,0.0,1.0
291081,0,1,3400,-62,62,230,14,21,0.50,590080.000000,0,27,6.4,0.0,40352.000000,15,0.0,0.0,0.0,1.0
291330,0,1,3400,-62,62,230,18,21,0.50,949376.000000,0,27,4.5,0.0,0.0,0.0,0.0,0.0,0.0,1.0
291579,0,1,3400,-62,62,229,19,22,0.50,1183456.000000,0,27,4.5,0.0,0.0,0.0,0.0,0.0,0.0,1.0
291828,0,1,3400,-62,62,228,18,21,0.51,1088384.000000,0,27,4.5,0.0,0.0,0.0,0.0,0.0,0.0,1.0
292077,0,1,3400,-62,62,229,18,21,0.50,951680.000000,0,27,2.9,0.0,59712.000000,4,0.0,0.0,0.0,1.0
292326,0,1,3400,-62,62,229,19,21,0.50,1145088.000000,0,27,2.0,0.0,0.0,0.0,0.0,0.0,0.0,1.0
292575,0,1,3400,-62,62,230,18,21,0.50,884736.000000,0,27,2.0,0.0,0.0,0.0,0.0,0.0,0.0,1.0
292824,0,1,3400,-62,62,229,18,21,0.51,987776.000000,0,27,2.0,0.0,0.0,0.0,0.0,0.0,0.0,1.0
293073,0,1,3400,-62,62,230,16,21,0.50,897120.000000,0,27,2.9,0.0,73760.000000,9,0.0,0.0,0.0,1.0
293322,0,1,3400,-62,62,228,18,21,0.51,1187840.000000,0,27,4.0,0.0,0.0,0.0,0.0,0.0,0.0,1.0
293571,0,1,3400,-63,63,229,17,20,0.50,866528.000000,0,27,4.0,0.0,0.0,0.0,0.0,0.0,0.0,1.0
293820,0,1,3400,-63,63,231,12,21,0.50,470272.000000,0,27,4.0,0.0,0.0,0.0,0.0,0.0,0.0,1.0
294069,0,1,3400,-63,63,231,16,21,0.50,851456.000000,0,27,3.4,0.0,68832.000000,11,0.0,0.0,0.0,1.0
294318,0,1,3400,-63,63,231,17,20,0.50,909216.000000,0,27,4.5,0.0,0.0,0.0,0.0,0.0,0.0,1.0
294567,0,1,3400,-63,63,229,14,20,0.50,750592.000000,0,27,4.5,0.0,0.0,0.0,0.0,0.0,0.0,1.0
294816,0,1,3400,-63,63,229,17,20,0.50,1015296.000000,0,27,4.5,0.0,0.0,0.0,0.0,0.0,0.0,1.0
295065,0,1,3400,-63,63,228,17,21,0.50,1059456.000000,0,27,6.1,0.0,24032.000000,42,0.0,0.0,0.0,1.0
295314,0,1,3400,-63,63,231,17,20,0.51,908480.000000,0,27,7.0,0.0,0.0,0.0,0.0,0.0,0.0,1.0
295563,0,1,3400,-63,63,229,15,20,0.50,563808.000000,0,27,6.8,0.0,0.0,0.0,0.0,0.0,0.0,1.0
295812,0,1,3400,-63,63,228,15,20,0.52,766400.000000,0,27,7.0,0.0,0.0,0.0,0.0,0.0,0.0,1.0
296061,0,1,3400,-63,63,227,17,20,0.52,884352.000000,0,27,7.5,0.0,46080.000000,22,0.0,0.0,0.0,1.0
296310,0,1,3400,-63,63,227,17,20,0.51,837088.000000,0,27,9.0,0.0,0.0,0.0,0.0,0.0,0.0,1.0
296559,0,1,3400,-64,64,229,17,19,0.53,1002016.000000,0,27,9.0,0.0,0.0,0.0,0.0,0.0,0.0,1.0
296808,0,1,3400,-64,64,229,17,20,0.52,906976.000000,0,27,8.9,0.0,0.0,0.0,0.0,0.0,0.0,1.0
297057,0,1,3400,-64,64,231,16,20,0.50,485856.000000,0,27,6.4,0.0,41632.000000,17,0.0,0.0,0.0,1.0
297306,0,1,3400,-64,64,230,6.9,20,0.50,47520.000000,0,27,0.0,0.0,0.0,0.0,0.0,0.0,0.0,1.0
297555,0,1,3400,-64,64,229,11,20,0.50,139616.000000,0,27,0.0,0.0,0.0,0.0,0.0,0.0,0.0,1.0
297804,0,1,3400,-64,64,230,14,20,0.52,182528.000000,0,27,0.0,0.0,0.0,0.0,0.0,0.0,0.0,1.0
298053,0,1,3400,-64,64,228,11,20,0.51,139072.000000,0,27,0.56,0.0,37280.000000,0,0.0,0.0,0.0,1.0
298302,0,1,3400,-64,64,228,5.5,20,0.50,54080.000000,0,27,10,0.0,40064.000000,0,0.0,0.0,0.0,1.0
298551,0,1,3400,-64,64,230,9.8,20,0.51,123680.000000,0,27,10,0.0,0.0,0.0,0.0,0.0,0.0,1.0
298800,0,1,3400,-63,63,231,9.7,20,0.51,99040.000000,0,27,11,0.0,0.0,0.0,0.0,0.0,0.0,1.0
299049,0,1,3400,-63,63,230,17,21,0.52,235648.000000,0,27,9.5,0.0,24032.000000,46,0.0,0.0,0.0,1.0
299298,0,1,3400,-63,63,229,17,21,0.50,132512.000000,0,27,7.0,0.0,0.0,0.0,0.0,0.0,0.0,1.0
299547,0,1,3400,-63,63,229,17,21,0.50,192032.000000,0,27,7.0,0.0,0.0,0.0,0.0,0.0,0.0,1.0
299796,0,1,3400,-63,63,228,16,21,0.50,212736.000000,0,27,7.0,0.0,0.0,0.0,0.0,0.0,0.0,1.0
300045,0,1,3400,-63,63,228,14,21,0.51,219392.000000,0,27,6.9,0.0,42016.000000,0,0.0,0.0,0.0,1.0
300294,0,1,3400,-63,63,229,11,20,0.50,105760.000000,0,27,6.5,0.0,0.0,0.0,0.0,0.0,0.0,1.0
300543,0,1,3400,-63,63,230,12,21,0.50,161120.000000,0,27,6.5,0.0,0.0,0.0,0.0,0.0,0.0,1.0
300792,0,1,3400,-63,63,228,17,21,0.52,224192.000000,0,27,6.5,0.0,0.0,0.0,0.0,0.0,0.0,1.0
301041,0,1,3400,-63,63,228,6.2,21,0.50,46464.000000,0,27,8.5,0.0,64800.000000,18,0.0,0.0,0.0,1.0
301290,0,1,3400,-63,63,229,16,21,0.50,145120.000000,0,27,12,0.0,0.0,0.0,0.0,0.0,0.0,1.0
301539,0,1,3400,-63,63,228,11,21,0.50,123040.000000,0,27,12,0.0,0.0,0.0,0.0,0.0,0.0,1.0
301788,0,1,3400,-62,62,228,16,21,0.53,169440.000000,0,27,12,0.0,0.0,0.0,0.0,0.0,0.0,1.0
302037,0,1,3400,-62,62,228,18,21,0.50,208672.000000,0,27,11,0.0,55520.000000,9,0.0,0.0,0.0,1.0
302286,0,1,3400,-62,62,230,19,22,0.50,233920.000000,0,27,10,0.0,0.0,0.0,0.0,0.0,0.0,1.0
302535,0,1,3400,-62,62,226,19,22,0.50,239168.000000,0,27,10,0.0,0.0,0.0,0.0,0.0,0.0,1.0
302784,0,1,3400,-62,62,227,20,22,0.50,302176.000000,0,27,10,0.0,0.0,0.0,0.0,0.0,0.0,1.0
303033,0,1,3400,-62,62,229,19,21,0.51,280480.000000,0,27,7.2,0.0,30368.000000,0,0.0,0.0,0.0,1.0
303282,0,1,3400,-62,62,229,19,21,0.51,279456.000000,0,27,2.0,0.0,0.0,0.0,0.0,0.0,0.0,1.0
303531,0,1,3400,-63,63,230,16,21,0.52,149120.000000,0,27,2.0,0.0,0.0,0.0,0.0,0.0,0.0,1.0
303780,0,1,3400,-63,63,228,19,21,0.50,234144.000000,0,27,2.0,0.0,0.0,0.0,0.0,0.0,0.0,1.0
304029,0,1,3400,-63,63,229,19,21,0.52,194656.000000,0,27,0.98,0.0,34080.000000,0,0.0,0.0,0.0,1.0
304278,0,1,3400,-63,63,228,18,21,0.50,229792.000000,0,27,0.0,0.0,0.0,0.0,0.0,0.0,0.0,1.0
304527,0,1,3400,-63,63,228,18,21,0.50,183552.000000,0,27,0.0,0.0,0.0,0.0,0.0,0.0,0.0,1.0
304776,0,1,3400,-63,63,228,15,20,0.50,125856.000000,0,27,0.0,0.0,0.0,0.0,0.0,0.0,0.0,1.0
305025,0,1,3400,-63,63,227,16,21,0.50,183936.000000,0,27,3.5,0.0,58400.000000,21,0.0,0.0,0.0,1.0
305274,0,1,3400,-63,63,228,19,20,0.50,179264.000000,0,27,10,0.0,0.0,0.0,0.0,0.0,0.0,1.0
305523,0,1,3400,-64,64,229,16,20,0.50,120576.000000,0,27,10,0.0,0.0,0.0,0.0,0.0,0.0,1.0
305772,0,1,3400,-64,64,230,16,20,0.50,141312.000000,0,27,10,0.0,0.0,0.0,0.0,0.0,0.0,1.0
306021,0,1,3400,-64,64,231,17,19,0.52,187424.000000,0,27,8.5,0.0,58368.000000,7,0.0,0.0,0.0,1.0
306270,0,1,3400,-64,64,228,18,19,0.55,205280.000000,0,27,4.0,0.0,0.0,0.0,0.0,0.0,0.0,1.0
306519,0,1,3400,-65,65,226,16,19,0.54,164960.000000,0,27,4.0,0.0,0.0,0.0,0.0,0.0,0.0,1.0
306768,0,1,3400,-64,64,225,18,19,0.52,223168.000000,0,27,4.0,0.0,0.0,0.0,0.0,0.0,0.0,1.0
307017,0,1,3400,-64,64,228,17,19,0.51,194720.000000,0,27,3.4,0.0,53312.000000,10,0.0,0.0,0.0,1.0
307266,0,1,3400,-64,64,228,19,20,0.52,279072.000000,0,27,0.0,0.0,0.0,0.0,0.0,0.0,0.0,1.0
307515,0,1,3400,-64,64,228,18,20,0.50,241056.000000,0,27,0.0,0.0,0.0,0.0,0.0,0.0,0.0,1.0
307764,0,1,3400,-64,64,229,18,20,0.51,262720.000000,0,27,0.0,0.0,0.0,0.0,0.0,0.0,0.0,1.0
308013,0,1,3400,-64,64,228,19,20,0.54,248928.000000,0,27,4.1,0.0,33984.000000,9,0.0,0.0,0.0,1.0
308262,0,1,3400,-64,64,226,17,20,0.53,210592.000000,0,27,7.5,0.0,0.0,0.0,0.0,0.0,0.0,1.0
308511,0,1,3400,-64,64,230,18,20,0.51,243840.000000,0,27,7.5,0.0,0.0,0.0,0.0,0.0,0.0,1.0
308760,0,1,3400,-64,64,227,18,20,0.53,253216.000000,0,27,7.5,0.0,0.0,0.0,0.0,0.0,0.0,1.0
309009,0,1,3400,-64,64,228,19,19,0.50,281952.000000,0,27,4.6,0.0,23392.000000,0,0.0,0.0,0.0,1.0
309258,0,1,3400,-64,64,228,19,19,0.51,229280.000000,0,27,0.0,0.0,0.0,0.0,0.0,0.0,0.0,1.0
309507,0,1,3400,-65,65,228,18,19,0.51,200096.000000,0,27,0.0,0.0,0.0,0.0,0.0,0.0,0.0,1.0
309756,0,1,3400,-64,64,228,16,19,0.52,161856.000000,0,27,0.0,0.0,0.0,0.0,0.0,0.0,0.0,1.0
310005,0,1,3400,-64,64,229,19,19,0.53,225920.000000,0,27,0.90,0.0,39040.000000,0,0.0,0.0,0.0,1.0
310254,0,1,3400,-64,64,230,18,20,0.51,172544.000000,0,27,4.0,0.0,0.0,0.0,0.0,0.0,0.0,1.0
310503,0,1,3400,-64,64,228,16,20,0.50,173792.000000,0,27,4.0,0.0,0.0,0.0,0.0,0.0,0.0,1.0
310752,0,1,3400,-63,63,228,19,20,0.50,231008.000000,0,27,4.0,0.0,0.0,0.0,0.0,0.0,0.0,1.0
311001,0,1,3400,-63,63,228,18,20,0.51,244960.000000,0,27,3.2,0.0,30912.000000,7,0.0,0.0,0.0,1.0
311250,0,1,3400,-63,63,229,19,21,0.53,258144.000000,0,27,2.0,0.0,0.0,0.0,0.0,0.0,0.0,1.0
311499,0,1,3400,-63,63,228,19,21,0.50,250656.000000,0,27,2.0,0.0,0.0,0.0,0.0,0.0,0.0,1.0
311748,0,1,3400,-63,63,229,19,21,0.50,237888.000000,0,27,2.0,0.0,0.0,0.0,0.0,0.0,0.0,1.0
311997,0,1,3400,-63,63,230,18,21,0.50,232896.000000,0,27,2.5,0.0,54528.000000,0,0.0,0.0,0.0,1.0
312246,0,1,3400,-63,63,228,19,21,0.50,259296.000000,0,27,4.0,0.0,0.0,0.0,0.0,0.0,0.0,1.0
312495,0,1,3400,-63,63,228,19,21,0.50,222496.000000,0,27,4.0,0.0,0.0,0.0,0.0,0.0,0.0,1.0
312744,0,1,3400,-63,63,228,19,20,0.50,231584.000000,0,27,4.0,0.0,0.0,0.0,0.0,0.0,0.0,1.0
312993,0,1,3400,-63,63,226,5.7,20,0.50,64896.000000,0,27,4.4,0.0,31936.000000,0,0.0,0.0,0.0,1.0
313242,0,1,3400,-63,63,227,4.8,20,0.50,50464.000000,0,27,5.5,0.0,0.0,0.0,0.0,0.0,0.0,1.0
313491,0,1,3400,-64,64,228,11,20,0.50,136896.000000,0,27,5.5,0.0,0.0,0.0,0.0,0.0,0.0,1.0
313740,0,1,3400,-64,64,230,12,20,0.51,157728.000000,0,27,5.5,0.0,0.0,0.0,0.0,0.0,0.0,1.0
313989,0,1,3400,-64,64,225,6.4,20,0.50,83008.000000,0,27,5.3,0.0,38976.000000,0,0.0,0.0,0.0,1.0
314238,0,1,3400,-64,64,226,11,19,0.51,140096.000000,0,27,5.5,0.0,0.0,0.0,0.0,0.0,0.0,1.0
314487,0,1,3400,-64,64,227,5.9,20,0.50,79904.000000,0,27,5.5,0.0,0.0,0.0,0.0,0.0,0.0,1.0
314736,0,1,3400,-64,64,228,11,19,0.51,130976.000000,0,27,5.5,0.0,0.0,0.0,0.0,0.0,0.0,1.0
314985,0,1,3400,-64,64,228,8.6,19,0.50,103840.000000,0,27,5.5,0.0,27168.000000,0,0.0,0.0,0.0,1.0
315234,0,1,3400,-64,64,231,8.3,19,0.51,99456.000000,0,27,4.0,0.0,8512.000000,0,0.0,0.0,0.0,1.0
315483,0,1,3400,-64,64,232,6.3,20,0.50,76800.000000,0,27,4.0,0.0,0.0,0.0,0.0,0.0,0.0,1.0
315732,0,1,3400,-64,64,229,7.6,20,0.50,80416.000000,0,27,4.0,0.0,0.0,0.0,0.0,0.0,0.0,1.0
315981,0,1,3400,-64,64,227,13,20,0.51,175232.000000,0,27,4.6,0.0,69280.000000,16,0.0,0.0,0.0,1.0
316230,0,1,3400,-64,64,227,4.9,19,0.50,64000.000000,0,27,6.9,0.0,0.0,0.0,0.0,0.0,0.0,1.0
316479,0,1,3400,-64,64,227,13,20,0.51,186208.000000,0,27,7.0,0.0,0.0,0.0,0.0,0.0,0.0,1.0
316728,0,1,3400,-64,64,225,9.9,19,0.50,98784.000000,0,27,6.9,0.0,0.0,0.0,0.0,0.0,0.0,1.0
316977,0,1,3400,-64,64,228,5.5,20,0.50,74912.000000,0,27,7.0,581,0.0,0.0,0.0,0.0,0.0,1.0
317226,0,1,3400,-64,64,226,7.3,19,0.50,82144.000000,0,27,4.6,0.0,39136.000000,0,0.0,0.0,0.0,1.0
317475,0,1,3400,-64,64,229,6.0,20,0.50,69664.000000,0,27,4.5,0.0,0.0,0.0,0.0,0.0,0.0,1.0
317724,0,1,3400,-64,64,230,5.9,20,0.50,77376.000000,0,27,4.5,0.0,0.0,0.0,0.0,0.0,0.0,1.0
317973,0,1,3400,-64,64,226,11,20,0.50,138048.000000,0,27,4.5,0.0,38208.000000,0,0.0,0.0,0.0,1.0
318222,0,1,3400,-64,64,227,5.8,19,0.50,73632.000000,0,27,1.0,0.0,2592.000000,0,0.0,0.0,0.0,1.0
318471,0,1,3400,-64,64,228,6.5,20,0.50,97440.000000,0,27,1.0,0.0,0.0,0.0,0.0,0.0,0.0,1.0
318720,0,1,3400,-64,64,227,5.8,19,0.50,78944.000000,0,27,1.0,0.0,0.0,0.0,0.0,0.0,0.0,1.0
318969,0,1,3400,-64,64,225,15,20,0.51,168000.000000,0,27,2.0,0.0,22432.000000,0,0.0,0.0,0.0,1.0
319218,0,1,3400,-64,64,226,11,20,0.50,141184.000000,0,27,3.0,0.0,0.0,0.0,0.0,0.0,0.0,1.0
319467,0,1,3400,-64,64,229,11,20,0.50,154976.000000,0,27,3.0,0.0,0.0,0.0,0.0,0.0,0.0,1.0
319716,0,1,3400,-63,63,227,7.9,20,0.50,97920.000000,0,27,3.0,0.0,0.0,0.0,0.0,0.0,0.0,1.0
319965,0,1,3400,-63,63,225,9.2,20,0.51,107456.000000,0,27,4.2,0.0,71424.000000,10,0.0,0.0,0.0,1.0
320214,0,1,3400,-63,63,225,10,20,0.50,142208.000000,0,27,7.0,0.0,0.0,0.0,0.0,0.0,0.0,1.0
320463,0,1,3400,-63,63,228,11,20,0.50,130528.000000,0,27,7.0,0.0,0.0,0.0,0.0,0.0,0.0,1.0
320712,0,1,3400,-62,62,226,11,21,0.50,150528.000000,0,27,7.0,0.0,0.0,0.0,0.0,0.0,0.0,1.0
320961,0,1,3400,-62,62,228,11,21,0.50,129088.000000,0,27,6.4,0.0,61312.000000,0,0.0,0.0,0.0,1.0
321210,0,1,3400,-62,62,229,6.4,21,0.50,70976.000000,0,27,5.5,0.0,0.0,0.0,0.0,0.0,0.0,1.0
321459,0,1,3400,-62,62,226,14,21,0.50,202496.000000,0,27,5.5,0.0,0.0,0.0,0.0,0.0,0.0,1.0
321708,0,1,3400,-62,62,228,4.3,21,0.50,45696.000000,0,27,5.5,0.0,0.0,0.0,0.0,0.0,0.0,1.0
321957,0,1,3400,-62,62,229,9.2,21,0.50,135680.000000,0,27,5.2,0.0,25920.000000,0,0.0,0.0,0.0,1.0
322206,0,1,3400,-62,62,229,6.5,21,0.50,98784.000000,0,27,4.5,0.0,0.0,0.0,0.0,0.0,0.0,1.0
322455,0,1,3400,-63,63,228,10,20,0.50,141856.000000,0,27,4.5,0.0,0.0,0.0,0.0,0.0,0.0,1.0
322704,0,1,3400,-63,63,227,11,20,0.50,127776.000000,0,27,4.5,0.0,0.0,0.0,0.0,0.0,0.0,1.0
322953,0,1,3400,-63,63,227,6.5,20,0.50,80480.000000,0,27,7.0,0.0,86304.000000,20,0.0,0.0,0.0,1.0
323202,0,1,3400,-63,63,228,11,20,0.50,113856.000000,0,27,12,0.0,0.0,0.0,0.0,0.0,0.0,1.0
323451,0,1,3400,-63,63,230,11,20,0.50,153888.000000,0,27,12,0.0,0.0,0.0,0.0,0.0,0.0,1.0
323700,0,1,3400,-63,63,226,6.2,20,0.50,90240.000000,0,27,12,0.0,0.0,0.0,0.0,0.0,0.0,1.0
323949,0,1,3400,-63,63,228,7.9,20,0.51,94016.000000,0,27,7.6,0.0,30496.000000,21,0.0,0.0,0.0,1.0
324198,0,1,3400,-63,63,228,6.2,20,0.50,64896.000000,0,27,4.0,0.0,0.0,0.0,0.0,0.0,0.0,1.0
324447,0,1,3400,-63,63,228,11,20,0.50,153504.000000,0,27,4.0,0.0,0.0,0.0,0.0,0.0,0.0,1.0
324696,0,1,3400,-63,63,228,9.3,20,0.51,101696.000000,0,27,4.0,0.0,0.0,0.0,0.0,0.0,0.0,1.0
324945,0,1,3400,-63,63,227,13,20,0.50,138848.000000,0,27,6.5,0.0,83456.000000,15,0.0,0.0,0.0,1.0
325194,0,1,3400,-63,63,226,10,19,0.50,102464.000000,0,27,11,0.0,0.0,0.0,0.0,0.0,0.0,1.0
325443,0,1,3400,-64,64,229,14,19,0.50,129024.000000,0,27,12,0.0,0.0,0.0,0.0,0.0,0.0,1.0
325692,0,1,3400,-63,63,230,13,20,0.50,125760.000000,0,27,11,0.0,0.0,0.0,0.0,0.0,0.0,1.0
325941,0,1,3400,-63,63,226,17,20,0.50,220352.000000,0,27,9.5,0.0,35392.000000,25,0.0,0.0,0.0,1.0
326190,0,1,3400,-63,63,228,16,20,0.50,237568.000000,0,27,7.0,0.0,0.0,0.0,0.0,0.0,0.0,1.0
326439,0,1,3400,-63,63,229,6.9,20,0.50,69120.000000,0,27,7.0,0.0,0.0,0.0,0.0,0.0,0.0,1.0
326688,0,1,3400,-63,63,228,11,20,0.50,134432.000000,0,27,7.0,0.0,0.0,0.0,0.0,0.0,0.0,1.0
326937,0,1,3400,-63,63,226,11,20,0.50,141440.000000,0,27,8.8,0.0,65696.000000,8,0.0,0.0,0.0,1.0
327186,0,1,3400,-63,63,228,8.4,20,0.50,86048.000000,0,27,13,0.0,0.0,0.0,0.0,0.0,0.0,1.0
327435,0,1,3400,-63,63,230,18,20,0.50,196224.000000,0,27,13,0.0,0.0,0.0,0.0,0.0,0.0,1.0
327684,0,1,3400,-62,62,226,19,20,0.50,243424.000000,0,27,13,0.0,0.0,0.0,0.0,0.0,0.0,1.0
327933,0,1,3400,-62,62,227,20,21,0.51,279456.000000,0,27,12,0.0,80064.000000,13,0.0,0.0,0.0,1.0
328182,0,1,3400,-62,62,228,19,21,0.51,265120.000000,0,27,10,0.0,0.0,0.0,0.0,0.0,0.0,1.0
328431,0,1,3400,-62,62,228,19,21,0.50,274176.000000,0,27,10,0.0,0.0,0.0,0.0,0.0,0.0,1.0
328680,0,1,3400,-62,62,227,19,21,0.50,249984.000000,0,27,10,0.0,0.0,0.0,0.0,0.0,0.0,1.0
328929,0,1,3400,-62,62,231,20,21,0.50,278208.000000,0,27,8.2,0.0,22848.000000,0,0.0,0.0,0.0,1.0
329178,0,1,3400,-62,62,231,19,21,0.50,239328.000000,0,27,4.5,0.0,0.0,0.0,0.0,0.0,0.0,1.0
329427,0,1,3400,-62,62,227,20,21,0.50,257760.000000,0,27,4.5,0.0,0.0,0.0,0.0,0.0,0.0,1.0
329676,0,1,3400,-62,62,226,19,21,0.51,257984.000000,0,27,4.5,0.0,0.0,0.0,0.0,0.0,0.0,1.0
329925,0,1,3400,-62,62,228,19,21,0.50,231456.000000,0,27,6.6,0.0,86656.000000,18,0.0,0.0,0.0,1.0
330174,0,1,3400,-62,62,228,18,20,0.50,203552.000000,0,27,11,0.0,0.0,0.0,0.0,0.0,0.0,1.0
330423,0,1,3400,-63,63,228,18,20,0.50,220256.000000,0,27,12,0.0,0.0,0.0,0.0,0.0,0.0,1.0
330672,0,1,3400,-63,63,227,19,20,0.51,262528.000000,0,27,12,0.0,0.0,0.0,0.0,0.0,0.0,1.0
330921,0,1,3400,-63,63,227,18,20,0.51,227008.000000,0,27,5.0,0.0,20448.000000,0,0.0,0.0,0.0,1.0
331170,0,1,3400,-63,63,227,19,20,0.51,267040.000000,0,27,0.0,0.0,0.0,0.0,0.0,0.0,0.0,1.0
331419,0,1,3400,-63,63,228,18,20,0.50,196768.000000,0,27,0.032,0.0,0.0,0.0,0.0,0.0,0.0,1.0
331668,0,1,3400,-63,63,228,18,20,0.50,198496.000000,0,27,0.016,0.0,0.0,0.0,0.0,0.0,0.0,1.0
331917,0,1,3400,-63,63,226,18,19,0.50,204064.000000,0,27,2.1,0.0,26272.000000,5,0.0,0.0,0.0,1.0
332166,0,1,3400,-63,63,226,18,19,0.50,229376.000000,0,27,3.5,0.0,0.0,0.0,0.0,0.0,0.0,1.0
332415,0,1,3400,-64,64,229,18,19,0.51,230176.000000,0,27,3.5,0.0,0.0,0.0,0.0,0.0,0.0,1.0
332664,0,1,3400,-63,63,228,18,19,0.50,237984.000000,0,27,3.5,0.0,0.0,0.0,0.0,0.0,0.0,1.0
332913,0,1,3400,-63,63,228,18,19,0.50,177792.000000,0,27,3.1,0.0,44864.000000,0,0.0,0.0,0.0,1.0
333162,0,1,3400,-63,63,226,19,20,0.50,286784.000000,0,27,2.0,0.0,0.0,0.0,0.0,0.0,0.0,1.0
333411,0,1,3400,-63,63,229,19,20,0.50,228064.000000,0,27,2.0,0.0,0.0,0.0,0.0,0.0,0.0,1.0
333660,0,1,3400,-62,62,227,17,20,0.50,132672.000000,0,27,2.0,0.0,0.0,0.0,0.0,0.0,0.0,1.0
333909,0,1,3400,-62,62,228,17,20,0.50,162816.000000,0,27,3.1,0.0,66688.000000,0,0.0,0.0,0.0,1.0
334158,0,1,3400,-62,62,230,19,20,0.50,273856.000000,0,27,7.0,0.0,0.0,0.0,0.0,0.0,0.0,1.0
334407,0,1,3400,-62,62,229,19,21,0.50,239872.000000,0,27,7.0,0.0,0.0,0.0,0.0,0.0,0.0,1.0
334656,0,1,3400,-62,62,227,18,21,0.50,243072.000000,0,27,7.0,0.0,0.0,0.0,0.0,0.0,0.0,1.0
334905,0,1,3400,-62,62,227,17,21,0.50,191264.000000,0,27,9.0,0.0,63488.000000,19,0.0,0.0,0.0,1.0
335154,0,1,3400,-62,62,231,17,20,0.50,201984.000000,0,27,14,0.0,0.0,0.0,0.0,0.0,0.0,1.0
335403,0,1,3400,-62,62,232,18,21,0.50,230528.000000,0,27,14,0.0,0.0,0.0,0.0,0.0,0.0,1.0
335652,0,1,3400,-61,61,232,17,21,0.50,189920.000000,0,27,14,0.0,0.0,0.0,0.0,0.0,0.0,1.0
335901,0,1,3400,-61,61,229,19,21,0.50,297408.000000,0,27,12,0.0,26592.000000,0,0.0,0.0,0.0,1.0
336150,0,1,3400,-61,61,228,20,21,0.50,245280.000000,0,27,10,0.0,0.0,0.0,0.0,0.0,0.0,1.0
336399,0,1,3400,-61,61,227,20,21,0.51,268128.000000,0,27,10,0.0,0.0,0.0,0.0,0.0,0.0,1.0
336648,0,1,3400,-61,61,226,20,22,0.50,259456.000000,0,27,10,0.0,0.0,0.0,0.0,0.0,0.0,1.0
336897,0,1,3400,-61,61,228,20,22,0.50,273408.000000,0,27,9.6,0.0,126496.000000,0,0.0,0.0,0.0,1.0
337146,0,1,3400,-61,61,231,20,22,0.50,235104.000000,0,27,9.0,0.0,0.0,0.0,0.0,0.0,0.0,1.0
337395,0,1,3400,-61,61,229,20,21,0.50,250688.000000,0,27,9.0,0.0,0.0,0.0,0.0,0.0,0.0,1.0
337644,0,1,3400,-61,61,230,20,21,0.51,268416.000000,0,27,9.0,0.0,0.0,0.0,0.0,0.0,0.0,1.0
337893,0,1,3400,-61,61,227,19,22,0.50,231424.000000,0,27,11,0.0,49152.000000,0,0.0,0.0,0.0,1.0
338142,0,1,3400,-61,61,226,19,22,0.50,229728.000000,0,27,15,0.0,0.0,0.0,0.0,0.0,0.0,1.0
338391,0,1,3400,-61,61,229,20,21,0.50,252928.000000,0,27,15,0.0,0.0,0.0,0.0,0.0,0.0,1.0
338640,0,1,3400,-61,61,227,20,21,0.50,243424.000000,0,27,15,0.0,0.0,0.0,0.0,0.0,0.0,1.0
338889,0,1,3400,-61,61,227,18,21,0.50,214624.000000,0,27,15,0.0,53728.000000,40,0.0,0.0,0.0,1.0
339138,0,1,3400,-61,61,228,19,21,0.50,242400.000000,0,27,16,0.0,0.0,0.0,0.0,0.0,0.0,1.0
339387,0,1,3400,-62,62,229,18,21,0.50,146560.000000,0,27,16,0.0,0.0,0.0,0.0,0.0,0.0,1.0
339636,0,1,3400,-62,62,227,19,20,0.51,248032.000000,0,27,16,0.0,0.0,0.0,0.0,0.0,0.0,1.0
339885,0,1,3400,-62,62,228,18,20,0.50,262816.000000,0,27,13,0.0,69408.000000,0,0.0,0.0,0.0,1.0
340134,0,1,3400,-62,62,230,19,20,0.50,239776.000000,0,27,9.5,0.0,0.0,0.0,0.0,0.0,0.0,1.0
340383,0,1,3400,-63,63,229,18,20,0.52,188000.000000,0,27,9.5,0.0,0.0,0.0,0.0,0.0,0.0,1.0
340632,0,1,3400,-63,63,228,18,20,0.50,190176.000000,0,27,9.5,0.0,0.0,0.0,0.0,0.0,0.0,1.0
340881,0,1,3400,-63,63,227,17,20,0.51,237824.000000,0,27,11,0.0,107392.000000,39,0.0,0.0,0.0,1.0
341130,0,1,3400,-63,63,227,18,20,0.50,248928.000000,0,27,16,0.0,0.0,0.0,0.0,0.0,0.0,1.0
341379,0,1,3400,-63,63,227,17,20,0.50,189056.000000,0,27,16,0.0,0.0,0.0,0.0,0.0,0.0,1.0
341628,0,1,3400,-63,63,228,19,19,0.53,267552.000000,0,27,16,0.0,0.0,0.0,0.0,0.0,0.0,1.0
341877,0,1,3400,-63,63,230,19,19,0.52,287008.000000,0,27,16,0.0,170048.000000,35,0.0,0.0,0.0,1.0
342126,0,1,3400,-63,63,228,19,19,0.50,205696.000000,0,27,16,0.0,0.0,0.0,0.0,0.0,0.0,1.0
342375,0,1,3400,-64,64,227,17,19,0.51,220288.000000,0,27,16,0.0,0.0,0.0,0.0,0.0,0.0,1.0
342624,0,1,3400,-64,64,226,18,19,0.51,200032.000000,0,27,16,0.0,0.0,0.0,0.0,0.0,0.0,1.0
342873,0,1,3400,-64,64,227,18,19,0.52,240448.000000,0,27,14,0.0,3616.000000,44,0.0,0.0,0.0,1.0
343122,0,1,3400,-64,64,227,19,19,0.53,238688.000000,0,27,12,0.0,0.0,0.0,0.0,0.0,0.0,1.0
343371,0,1,3400,-64,64,230,18,19,0.53,228704.000000,0,27,12,0.0,0.0,0.0,0.0,0.0,0.0,1.0
343620,0,1,3400,-64,64,231,18,18,0.53,235936.000000,0,27,12,0.0,0.0,0.0,0.0,0.0,0.0,1.0
343869,0,1,3400,-64,64,228,19,18,0.51,269504.000000,0,27,13,0.0,57600.000000,0,0.0,0.0,0.0,1.0
344118,0,1,3400,-64,64,227,16,18,0.57,222528.000000,0,27,16,0.0,0.0,0.0,0.0,0.0,0.0,1.0
344367,0,1,3400,-65,65,229,14,18,0.50,127776.000000,0,27,16,0.0,0.0,0.0,0.0,0.0,0.0,1.0
344616,0,1,3400,-65,65,227,14,17,0.50,172800.000000,0,27,16,0.0,0.0,0.0,0.0,0.0,0.0,1.0
344865,0,1,3400,-65,65,229,14,17,0.50,190144.000000,0,27,11,0.0,36576.000000,0,0.0,0.0,0.0,1.0
345114,0,1,3400,-65,65,227,14,17,0.50,165344.000000,0,27,6.0,0.0,0.0,0.0,0.0,0.0,0.0,1.0
345363,0,1,3400,-66,66,225,14,17,0.50,200800.000000,0,27,6.0,0.0,0.0,0.0,0.0,0.0,0.0,1.0
345612,0,1,3400,-65,65,227,14,17,0.50,143328.000000,0,27,6.0,0.0,0.0,0.0,0.0,0.0,0.0,1.0
345861,0,1,3400,-65,65,229,14,17,0.50,207552.000000,0,27,9.3,0.0,28736.000000,0,0.0,0.0,0.0,1.0
346110,0,1,3400,-65,65,228,14,17,0.50,135744.000000,0,27,12,0.0,0.0,0.0,0.0,0.0,0.0,1.0
346359,0,1,3400,-65,65,228,13,17,0.50,125856.000000,0,27,12,0.0,0.0,0.0,0.0,0.0,0.0,1.0
346608,0,1,3400,-65,65,229,14,17,0.50,149376.000000,0,27,12,0.0,0.0,0.0,0.0,0.0,0.0,1.0
346857,0,1,3400,-65,65,229,14,17,0.50,204576.000000,0,27,10,0.0,35232.000000,0,0.0,0.0,0.0,1.0
347106,0,1,3400,-65,65,228,14,17,0.50,152288.000000,0,27,8.0,0.0,0.0,0.0,0.0,0.0,0.0,1.0
347355,0,1,3400,-66,66,228,14,17,0.50,156768.000000,0,27,8.0,0.0,0.0,0.0,0.0,0.0,0.0,1.0
347604,0,1,3400,-66,66,227,14,17,0.50,150144.000000,0,27,8.0,0.0,0.0,0.0,0.0,0.0,0.0,1.0
347853,0,1,3400,-66,66,228,14,17,0.50,133728.000000,0,27,9.9,0.0,66944.000000,0,0.0,0.0,0.0,1.0
348102,0,1,3400,-66,66,228,14,17,0.50,168480.000000,0,27,16,0.0,0.0,0.0,0.0,0.0,0.0,1.0
348351,0,1,3400,-66,66,229,14,17,0.50,188576.000000,0,27,16,0.0,0.0,0.0,0.0,0.0,0.0,1.0
348600,0,1,3400,-66,66,228,14,17,0.50,181536.000000,0,27,16,0.0,0.0,0.0,0.0,0.0,0.0,1.0
348849,0,1,3400,-66,66,227,14,17,0.50,159712.000000,0,27,13,0.0,36768.000000,0,0.0,0.0,0.0,1.0
349098,0,1,3400,-66,66,227,14,17,0.50,201280.000000,0,27,8.0,0.0,0.0,0.0,0.0,0.0,0.0,1.0
349347,0,1,3400,-66,66,226,14,17,0.50,142912.000000,0,27,8.0,0.0,0.0,0.0,0.0,0.0,0.0,1.0
349596,0,1,3400,-66,66,227,14,17,0.50,178464.000000,0,27,8.0,0.0,0.0,0.0,0.0,0.0,0.0,1.0
349845,0,1,3400,-66,66,227,14,17,0.50,165760.000000,0,27,9.7,0.0,36416.000000,0,0.0,0.0,0.0,1.0
350094,0,1,3400,-66,66,229,14,17,0.50,163648.000000,0,27,12,0.0,0.0,0.0,0.0,0.0,0.0,1.0
350343,0,1,3400,-66,66,229,14,17,0.50,115232.000000,0,27,12,0.0,0.0,0.0,0.0,0.0,0.0,1.0
350592,0,1,3400,-66,66,228,14,17,0.50,158208.000000,0,27,12,0.0,0.0,0.0,0.0,0.0,0.0,1.0
350841,0,1,3400,-66,66,231,13,16,0.50,79968.000000,0,27,12,0.0,36416.000000,0,0.0,0.0,0.0,1.0
351090,0,1,3400,-66,66,230,13,16,0.50,98240.000000,0,27,12,0.0,0.0,0.0,0.0,0.0,0.0,1.0
351339,0,1,3400,-67,67,229,12,16,0.50,144960.000000,0,27,12,0.0,0.0,0.0,0.0,0.0,0.0,1.0
351588,0,1,3400,-67,67,231,12,16,0.50,133184.000000,0,27,12,0.0,0.0,0.0,0.0,0.0,0.0,1.0
351837,0,1,3400,-67,67,230,12,16,0.50,127808.000000,0,27,12,0.0,36416.000000,0,0.0,0.0,0.0,1.0
352086,0,1,3400,-67,67,230,12,16,0.50,100928.000000,0,27,12,0.0,0.0,0.0,0.0,0.0,0.0,1.0
352335,0,1,3400,-67,67,228,12,16,0.50,104288.000000,0,27,12,0.0,0.0,0.0,0.0,0.0,0.0,1.0
352584,0,1,3400,-67,67,228,12,16,0.50,121792.000000,0,27,12,0.0,0.0,0.0,0.0,0.0,0.0,1.0
352833,0,1,3400,-67,67,226,12,16,0.50,106528.000000,0,27,11,0.0,27648.000000,0,0.0,0.0,0.0,1.0
353082,0,1,3400,-67,67,226,12,16,0.50,88896.000000,0,27,7.5,0.0,0.0,0.0,0.0,0.0,0.0,1.0
353331,0,1,3400,-67,67,228,12,16,0.50,92992.000000,0,27,7.5,0.0,0.0,0.0,0.0,0.0,0.0,1.0
353580,0,1,3400,-67,67,228,12,16,0.50,114816.000000,0,27,7.5,0.0,0.0,0.0,0.0,0.0,0.0,1.0
353829,0,1,3400,-67,67,226,12,16,0.50,135904.000000,0,27,11,0.0,88864.000000,0,0.0,0.0,0.0,1.0
354078,0,1,3400,-67,67,226,12,16,0.50,124800.000000,0,27,16,0.0,0.0,0.0,0.0,0.0,0.0,1.0
354327,0,1,3400,-67,67,229,12,16,0.50,131968.000000,0,27,16,0.0,0.0,0.0,0.0,0.0,0.0,1.0
354576,0,1,3400,-67,67,229,12,16,0.50,143776.000000,0,27,16,0.0,0.0,0.0,0.0,0.0,0.0,1.0
354825,0,1,3400,-67,67,230,12,16,0.50,149824.000000,0,27,14,0.0,36416.000000,0,0.0,0.0,0.0,1.0
355074,0,1,3400,-67,67,229,12,16,0.50,120000.000000,0,27,12,0.0,0.0,0.0,0.0,0.0,0.0,1.0
355323,0,1,3400,-67,67,228,12,16,0.50,103392.000000,0,27,12,0.0,0.0,0.0,0.0,0.0,0.0,1.0
355572,0,1,3400,-66,66,227,12,16,0.50,128736.000000,0,27,12,0.0,0.0,0.0,0.0,0.0,0.0,1.0
355821,0,1,3400,-66,66,230,13,16,0.50,159488.000000,0,27,14,0.0,72064.000000,0,0.0,0.0,0.0,1.0
356070,0,1,3400,-66,66,224,14,16,0.50,158368.000000,0,27,16,0.0,0.0,0.0,0.0,0.0,0.0,1.0
356319,0,1,3400,-66,66,227,14,16,0.50,150368.000000,0,27,16,0.0,0.0,0.0,0.0,0.0,0.0,1.0
356568,0,1,3400,-65,65,227,14,17,0.50,155424.000000,0,27,16,0.0,0.0,0.0,0.0,0.0,0.0,1.0
356817,0,1,3400,-65,65,230,14,17,0.50,183936.000000,0,27,16,0.0,72064.000000,0,0.0,0.0,0.0,1.0
357066,0,1,3400,-65,65,228,14,17,0.50,185696.000000,0,27,16,0.0,0.0,0.0,0.0,0.0,0.0,1.0
357315,0,1,3400,-65,65,228,14,17,0.50,158976.000000,0,27,16,0.0,0.0,0.0,0.0,0.0,0.0,1.0
357564,0,1,3400,-65,65,228,14,17,0.50,142528.000000,0,27,16,0.0,0.0,0.0,0.0,0.0,0.0,1.0
357813,0,1,3400,-65,65,227,14,17,0.50,228608.000000,0,27,16,0.0,72064.000000,0,0.0,0.0,0.0,1.0
358062,0,1,3400,-65,65,227,14,17,0.50,306496.000000,0,27,16,0.0,0.0,0.0,0.0,0.0,0.0,1.0
358311,0,1,3400,-65,65,229,14,17,0.50,320704.000000,0,27,16,0.0,0.0,0.0,0.0,0.0,0.0,1.0
358560,0,1,3400,-64,64,230,14,18,0.52,441632.000000,0,27,16,0.0,0.0,0.0,0.0,0.0,0.0,1.0
358809,0,1,3400,-64,64,227,15,18,0.51,380384.000000,0,27,14,0.0,49696.000000,0,0.0,0.0,0.0,1.0
359058,0,1,3400,-64,64,226,15,18,0.50,406432.000000,0,27,12,0.0,0.0,0.0,0.0,0.0,0.0,1.0
359307,0,1,3400,-64,64,229,19,18,0.57,550400.000000,0,27,12,0.0,0.0,0.0,0.0,0.0,0.0,1.0
359556,0,1,3400,-64,64,229,17,18,0.55,424640.000000,0,27,12,0.0,0.0,0.0,0.0,0.0,0.0,1.0
359805,0,1,3400,-64,64,228,18,18,0.54,498240.000000,0,27,9.0,0.0,36608.000000,0,0.0,0.0,0.0,1.0
360054,0,1,3400,-64,64,227,18,18,0.55,562144.000000,0,27,4.0,0.0,0.0,0.0,0.0,0.0,0.0,1.0
360303,0,1,3400,-64,64,228,18,18,0.56,572608.000000,0,27,4.0,0.0,0.0,0.0,0.0,0.0,0.0,1.0
360552,0,1,3400,-64,64,228,19,18,0.57,591616.000000,0,27,4.0,0.0,0.0,0.0,0.0,0.0,0.0,1.0
360801,0,1,3400,-64,64,228,17,18,0.54,413536.000000,0,27,5.5,0.0,27648.000000,0,0.0,0.0,0.0,1.0
361050,0,1,3400,-64,64,228,18,18,0.57,569728.000000,0,27,7.5,0.0,0.0,0.0,0.0,0.0,0.0,1.0
361299,0,1,3400,-64,64,230,18,18,0.59,585856.000000,0,27,7.5,0.0,0.0,0.0,0.0,0.0,0.0,1.0
361548,0,1,3400,-64,64,228,19,18,0.55,538016.000000,0,27,7.5,0.0,0.0,0.0,0.0,0.0,0.0,1.0
361797,0,1,3400,-64,64,227,18,18,0.57,567552.000000,0,27,11,0.0,62208.000000,0,0.0,0.0,0.0,1.0
362046,0,1,3400,-64,64,229,17,18,0.54,480864.000000,0,27,16,0.0,0.0,0.0,0.0,0.0,0.0,1.0
362295,0,1,3400,-64,64,228,16,18,0.53,407296.000000,0,27,16,0.0,0.0,0.0,0.0,0.0,0.0,1.0
362544,0,1,3400,-64,64,228,17,18,0.54,483616.000000,0,27,16,0.0,0.0,0.0,0.0,0.0,0.0,1.0
362793,0,1,3400,-64,64,227,18,18,0.52,470880.000000,0,27,11,0.0,21600.000000,0,0.0,0.0,0.0,1.0
363042,0,1,3400,-64,64,228,17,18,0.54,428960.000000,0,27,3.5,0.0,0.0,0.0,0.0,0.0,0.0,1.0
363291,0,1,3400,-64,64,230,17,18,0.54,429792.000000,0,27,3.5,0.0,0.0,0.0,0.0,0.0,0.0,1.0
363540,0,1,3400,-64,64,230,15,18,0.53,436352.000000,0,27,3.5,0.0,0.0,0.0,0.0,0.0,0.0,1.0
363789,0,1,3400,-64,64,228,14,18,0.51,339616.000000,0,27,6.6,0.0,60768.000000,0,0.0,0.0,0.0,1.0
364038,0,1,3400,-64,64,228,13,17,0.50,225632.000000,0,27,11,0.0,0.0,0.0,0.0,0.0,0.0,1.0
364287,0,1,3400,-65,65,227,14,17,0.50,376608.000000,0,27,11,0.0,0.0,0.0,0.0,0.0,0.0,1.0
364536,0,1,3400,-65,65,231,14,17,0.50,327040.000000,0,27,11,0.0,0.0,0.0,0.0,0.0,0.0,1.0
364785,0,1,3400,-65,65,231,14,17,0.50,291136.000000,0,27,11,0.0,50336.000000,0,0.0,0.0,0.0,1.0
365034,0,1,3400,-65,65,227,14,17,0.50,334880.000000,0,27,10.0,0.0,0.0,0.0,0.0,0.0,0.0,1.0
365283,0,1,3400,-65,65,228,14,17,0.50,333504.000000,0,27,10.0,0.0,0.0,0.0,0.0,0.0,0.0,1.0
365532,0,1,3400,-65,65,228,14,17,0.50,261504.000000,0,27,9.9,0.0,0.0,0.0,0.0,0.0,0.0,1.0
365781,0,1,3400,-65,65,227,14,17,0.50,373504.000000,0,27,9.2,0.0,45248.000000,0,0.0,0.0,0.0,1.0
366030,0,1,3400,-65,65,226,14,17,0.50,263072.000000,0,27,8.0,0.0,0.0,0.0,0.0,0.0,0.0,1.0
366279,0,1,3400,-65,65,229,13,17,0.50,302016.000000,0,27,8.0,0.0,0.0,0.0,0.0,0.0,0.0,1.0
366528,0,1,3400,-64,64,227,14,17,0.50,368448.000000,0,27,8.0,0.0,0.0,0.0,0.0,0.0,0.0,1.0
366777,0,1,3400,-64,64,225,14,18,0.50,321568.000000,0,27,12,0.0,175168.000000,0,0.0,0.0,0.0,1.0
367026,0,1,3400,-64,64,227,15,18,0.52,375008.000000,0,27,16,0.0,0.0,0.0,0.0,0.0,0.0,1.0
367275,0,1,3400,-64,64,227,19,18,0.56,542112.000000,0,27,16,0.0,0.0,0.0,0.0,0.0,0.0,1.0
367524,0,1,3400,-63,63,226,18,18,0.56,518592.000000,0,27,16,0.0,0.0,0.0,0.0,0.0,0.0,1.0
367773,0,1,3400,-63,63,228,19,19,0.56,579872.000000,0,27,16,0.0,72064.000000,0,0.0,0.0,0.0,1.0
368022,0,1,3400,-63,63,227,18,19,0.54,492064.000000,0,27,16,0.0,0.0,0.0,0.0,0.0,0.0,1.0
368271,0,1,3400,-63,63,228,18,19,0.52,512704.000000,0,27,16,0.0,0.0,0.0,0.0,0.0,0.0,1.0
368520,0,1,3400,-63,63,229,18,19,0.52,418016.000000,0,27,16,0.0,0.0,0.0,0.0,0.0,0.0,1.0
368769,0,1,3400,-63,63,228,18,19,0.53,569120.000000,0,27,16,0.0,72064.000000,0,0.0,0.0,0.0,1.0
369018,0,1,3400,-63,63,228,18,19,0.52,488608.000000,0,27,16,0.0,0.0,0.0,0.0,0.0,0.0,1.0
369267,0,1,3400,-63,63,230,18,19,0.53,498624.000000,0,27,16,0.0,0.0,0.0,0.0,0.0,0.0,1.0
369516,0,1,3400,-63,63,231,19,19,0.51,567808.000000,0,27,16,0.0,0.0,0.0,0.0,0.0,0.0,1.0
369765,0,1,3400,-63,63,230,18,19,0.53,517472.000000,0,27,16,0.0,72064.000000,12,0.0,0.0,0.0,1.0
370014,0,1,3400,-63,63,229,18,19,0.53,520768.000000,0,27,16,0.0,0.0,0.0,0.0,0.0,0.0,1.0
370263,0,1,3400,-63,63,229,18,19,0.53,550176.000000,0,27,16,0.0,0.0,0.0,0.0,0.0,0.0,1.0
370512,0,1,3400,-63,63,228,18,19,0.50,544544.000000,0,27,16,0.0,0.0,0.0,0.0,0.0,0.0,1.0
370761,0,1,3400,-63,63,228,18,19,0.50,536608.000000,0,27,14,0.0,30272.000000,0,0.0,0.0,0.0,1.0
371010,0,1,3400,-63,63,226,18,19,0.50,485600.000000,0,27,12,0.0,0.0,0.0,0.0,0.0,0.0,1.0
371259,0,1,3400,-63,63,228,18,19,0.50,529952.000000,0,27,12,0.0,0.0,0.0,0.0,0.0,0.0,1.0
371508,0,1,3400,-63,63,228,19,19,0.50,577824.000000,0,27,12,0.0,0.0,0.0,0.0,0.0,0.0,1.0
371757,0,1,3400,-63,63,228,18,19,0.50,412288.000000,0,27,13,0.0,36576.000000,0,0.0,0.0,0.0,1.0
372006,0,1,3400,-63,63,229,19,19,0.50,586176.000000,0,27,13,0.0,0.0,0.0,0.0,0.0,0.0,1.0
372255,0,1,3400,-63,63,227,18,19,0.50,503488.000000,0,27,13,0.0,0.0,0.0,0.0,0.0,0.0,1.0
372504,0,1,3400,-63,63,229,18,19,0.51,522912.000000,0,27,13,0.0,0.0,0.0,0.0,0.0,0.0,1.0
372753,0,1,3400,-63,63,230,17,19,0.50,364576.000000,0,27,9.3,0.0,65696.000000,0,0.0,0.0,0.0,1.0
373002,0,1,3400,-63,63,227,17,19,0.50,409024.000000,0,27,4.0,0.0,0.0,0.0,0.0,0.0,0.0,1.0
373251,0,1,3400,-63,63,225,18,19,0.51,564768.000000,0,27,4.0,0.0,0.0,0.0,0.0,0.0,0.0,1.0
373500,0,1,3400,-63,63,228,18,19,0.51,411168.000000,0,27,4.0,0.0,0.0,0.0,0.0,0.0,0.0,1.0
373749,0,1,3400,-63,63,229,18,19,0.51,580896.000000,0,27,10,0.0,67712.000000,0,0.0,0.0,0.0,1.0
373998,0,1,3400,-63,63,229,18,19,0.50,489120.000000,0,27,15,0.0,0.0,0.0,0.0,0.0,0.0,1.0
374247,0,1,3400,-63,63,227,18,19,0.50,467584.000000,0,27,15,0.0,0.0,0.0,0.0,0.0,0.0,1.0
374496,0,1,3400,-63,63,226,18,19,0.50,528096.000000,0,27,15,0.0,0.0,0.0,0.0,0.0,0.0,1.0
374745,0,1,3400,-63,63,230,18,19,0.50,471776.000000,0,27,15,0.0,72064.000000,0,0.0,0.0,0.0,1.0
374994,0,1,3400,-63,63,227,17,19,0.50,467520.000000,0,27,16,0.0,0.0,0.0,0.0,0.0,0.0,1.0
375243,0,1,3400,-63,63,225,18,19,0.50,511712.000000,0,27,16,0.0,0.0,0.0,0.0,0.0,0.0,1.0
375492,0,1,3400,-63,63,228,18,19,0.50,560544.000000,0,27,16,0.0,0.0,0.0,0.0,0.0,0.0,1.0
375741,0,1,3400,-63,63,230,19,19,0.50,526048.000000,0,27,14,0.0,36416.000000,0,0.0,0.0,0.0,1.0
375990,0,1,3400,-63,63,229,18,19,0.52,527968.000000,0,27,12,0.0,0.0,0.0,0.0,0.0,0.0,1.0
376239,0,1,3400,-63,63,228,18,19,0.50,507040.000000,0,27,12,0.0,0.0,0.0,0.0,0.0,0.0,1.0
376488,0,1,3400,-63,63,227,19,19,0.50,606240.000000,0,27,12,0.0,0.0,0.0,0.0,0.0,0.0,1.0
376737,0,1,3400,-63,63,228,18,19,0.51,554688.000000,0,27,13,0.0,82112.000000,0,0.0,0.0,0.0,1.0
376986,0,1,3400,-63,63,228,17,19,0.51,442048.000000,0,27,15,0.0,0.0,0.0,0.0,0.0,0.0,1.0
377235,0,1,3400,-64,64,228,18,19,0.51,500640.000000,0,27,15,0.0,0.0,0.0,0.0,0.0,0.0,1.0
377484,0,1,3400,-64,64,228,17,19,0.50,457536.000000,0,27,15,0.0,0.0,0.0,0.0,0.0,0.0,1.0
377733,0,1,3400,-64,64,228,18,19,0.52,489120.000000,0,27,15,0.0,72064.000000,0,0.0,0.0,0.0,1.0
377982,0,1,3400,-64,64,228,17,19,0.51,386688.000000,0,27,16,0.0,0.0,0.0,0.0,0.0,0.0,1.0
378231,0,1,3400,-64,64,229,18,19,0.52,540768.000000,0,27,16,0.0,0.0,0.0,0.0,0.0,0.0,1.0
378480,0,1,3400,-64,64,229,18,19,0.51,553376.000000,0,27,16,0.0,0.0,0.0,0.0,0.0,0.0,1.0
378729,0,1,3400,-64,64,227,17,19,0.51,450112.000000,0,27,16,0.0,72064.000000,0,0.0,0.0,0.0,1.0
378978,0,1,3400,-64,64,232,19,19,0.50,505920.000000,0,27,16,0.0,0.0,0.0,0.0,0.0,0.0,1.0
379227,0,1,3400,-64,64,228,19,19,0.52,586624.000000,0,27,16,0.0,0.0,0.0,0.0,0.0,0.0,1.0
379476,0,1,3400,-63,63,228,18,19,0.51,507104.000000,0,27,16,0.0,0.0,0.0,0.0,0.0,0.0,1.0
379725,0,1,3400,-63,63,227,18,19,0.51,467712.000000,0,27,16,0.0,72064.000000,0,0.0,0.0,0.0,1.0
379974,0,1,3400,-63,63,228,17,20,0.51,348992.000000,0,27,16,0.0,0.0,0.0,0.0,0.0,0.0,1.0
380223,0,1,3400,-63,63,228,18,20,0.50,560320.000000,0,27,16,0.0,0.0,0.0,0.0,0.0,0.0,1.0
380472,0,1,3400,-62,62,227,17,20,0.50,437120.000000,0,27,16,0.0,0.0,0.0,0.0,0.0,0.0,1.0
380721,0,1,3400,-62,62,228,18,20,0.50,446400.000000,0,27,11,0.0,21600.000000,0,0.0,0.0,0.0,1.0
380970,0,1,3400,-62,62,229,18,21,0.50,502464.000000,0,27,3.5,0.0,0.0,0.0,0.0,0.0,0.0,1.0
381219,0,1,3400,-62,62,231,18,21,0.50,562528.000000,0,27,3.5,0.0,0.0,0.0,0.0,0.0,0.0,1.0
381468,0,1,3400,-61,61,230,19,21,0.50,507680.000000,0,27,3.5,0.0,0.0,0.0,0.0,0.0,0.0,1.0
381717,0,1,3400,-61,61,227,20,21,0.50,655584.000000,0,27,10,0.0,64384.000000,0,0.0,0.0,0.0,1.0
381966,0,1,3400,-61,61,227,19,22,0.50,400800.000000,0,27,16,0.0,0.0,0.0,0.0,0.0,0.0,1.0
382215,0,1,3400,-61,61,228,19,22,0.50,556416.000000,0,27,16,0.0,0.0,0.0,0.0,0.0,0.0,1.0
382464,0,1,3400,-61,61,230,19,22,0.50,428960.000000,0,27,16,0.0,0.0,0.0,0.0,0.0,0.0,1.0
382713,0,1,3400,-61,61,229,19,21,0.51,527392.000000,0,27,14,0.0,36576.000000,0,0.0,0.0,0.0,1.0
382962,0,1,3400,-61,61,227,19,21,0.50,482368.000000,0,27,13,0.0,0.0,0.0,0.0,0.0,0.0,1.0
383211,0,1,3400,-62,62,228,19,21,0.51,626400.000000,0,27,13,0.0,0.0,0.0,0.0,0.0,0.0,1.0
383460,0,1,3400,-62,62,227,18,21,0.50,572768.000000,0,27,13,0.0,0.0,0.0,0.0,0.0,0.0,1.0
383709,0,1,3400,-62,62,225,18,20,0.50,471616.000000,0,27,14,0.0,69248.000000,0,0.0,0.0,0.0,1.0
383958,0,1,3400,-62,62,228,19,20,0.50,543168.000000,0,27,15,0.0,0.0,0.0,0.0,0.0,0.0,1.0
384207,0,1,3400,-63,63,227,18,20,0.50,493824.000000,0,27,15,0.0,0.0,0.0,0.0,0.0,0.0,1.0
384456,0,1,3400,-63,63,229,17,20,0.50,410432.000000,0,27,15,0.0,0.0,0.0,0.0,0.0,0.0,1.0
384705,0,1,3400,-63,63,229,18,20,0.50,482912.000000,0,27,15,0.0,50912.000000,40,0.0,0.0,0.0,1.0
384954,0,1,3400,-63,63,229,17,19,0.50,385216.000000,0,27,15,0.0,0.0,0.0,0.0,0.0,0.0,1.0
385203,0,1,3400,-64,64,227,18,19,0.51,495904.000000,0,27,15,0.0,0.0,0.0,0.0,0.0,0.0,1.0
385452,0,1,3400,-64,64,227,18,19,0.51,420000.000000,0,27,15,0.0,0.0,0.0,0.0,0.0,0.0,1.0
385701,0,1,3400,-64,64,229,17,19,0.50,396672.000000,0,27,15,0.0,162432.000000,21,0.0,0.0,0.0,1.0
385950,0,1,3400,-64,64,227,18,19,0.51,438272.000000,0,27,16,0.0,0.0,0.0,0.0,0.0,0.0,1.0
386199,0,1,3400,-64,64,228,17,19,0.52,377888.000000,0,27,16,0.0,0.0,0.0,0.0,0.0,0.0,1.0
386448,0,1,3400,-64,64,227,18,19,0.51,493792.000000,0,27,16,0.0,0.0,0.0,0.0,0.0,0.0,1.0
386697,0,1,3400,-64,64,230,16,19,0.51,1115136.000000,0,27,15,0.0,219808.000000,17,0.0,0.0,0.0,1.0
386946,0,1,3400,-64,64,229,17,18,0.54,2285856.000000,0,27,16,0.0,0.0,0.0,0.0,0.0,0.0,1.0
387195,0,1,3400,-65,65,227,16,18,0.51,1856128.000000,0,27,16,0.0,0.0,0.0,0.0,0.0,0.0,1.0
387444,0,1,3400,-65,65,228,15,18,0.52,1910688.000000,0,27,16,0.0,0.0,0.0,0.0,0.0,0.0,1.0
387693,0,1,3400,-65,65,226,14,18,0.50,1917760.000000,0,27,15,0.0,59392.000000,0,0.0,0.0,0.0,1.0
387942,0,1,3400,-65,65,226,13,17,0.50,1171168.000000,0,27,15,0.0,0.0,0.0,0.0,0.0,0.0,1.0
388191,0,1,3400,-66,66,227,13,17,0.50,1685728.000000,0,27,15,0.0,0.0,0.0,0.0,0.0,0.0,1.0
388440,0,1,3400,-66,66,227,13,17,0.50,1512992.000000,0,27,15,0.0,0.0,0.0,0.0,0.0,0.0,1.0
388689,0,1,3400,-66,66,228,13,17,0.50,1137920.000000,0,27,15,55,0.0,80,0.0,0.0,0.0,1.0
388938,0,1,3400,-66,66,226,12,17,0.50,722784.000000,0,27,14,0.0,7040.000000,0,0.0,0.0,0.0,1.0
389187,0,1,3400,-66,66,227,13,17,0.50,1266304.000000,0,27,4.1,0.0,0.0,0.0,0.0,0.0,0.0,1.0
389436,0,1,3400,-66,66,231,12,17,0.50,930336.000000,0,27,4.3,0.0,0.0,0.0,0.0,0.0,0.0,1.0
389685,0,1,3400,-66,66,227,13,17,0.50,1016128.000000,0,27,2.0,0.0,8416.000000,0,0.0,0.0,0.0,1.0
389934,0,1,3400,-66,66,227,12,17,0.50,972704.000000,0,27,0.18,0.0,0.0,0.0,0.0,0.0,0.0,1.0
390183,0,1,3400,-66,66,227,12,17,0.50,982176.000000,0,27,0.060,0.0,0.0,0.0,0.0,0.0,0.0,1.0
390432,0,1,3400,-66,66,228,12,17,0.50,975616.000000,0,27,0.12,0.0,0.0,0.0,0.0,0.0,0.0,1.0
390681,0,1,3400,-66,66,228,13,17,0.50,1044672.000000,0,27,8.2,0.0,171520.000000,5,0.0,0.0,0.0,1.0
390930,0,1,3400,-66,66,226,12,17,0.50,960640.000000,0,27,15,0.0,0.0,0.0,0.0,0.0,0.0,1.0
391179,0,1,3400,-66,66,226,13,17,0.50,939456.000000,0,27,15,0.0,0.0,0.0,0.0,0.0,0.0,1.0
391428,0,1,3400,-66,66,226,13,17,0.50,1072864.000000,0,27,15,0.0,0.0,0.0,0.0,0.0,0.0,1.0
391677,0,1,3400,-66,66,226,13,17,0.50,970336.000000,0,27,13,0.0,52864.000000,0,0.0,0.0,0.0,1.0
391926,0,1,3400,-66,66,228,13,17,0.50,1009632.000000,0,27,12,0.0,0.0,0.0,0.0,0.0,0.0,1.0
392175,0,1,3400,-66,66,226,13,17,0.50,995264.000000,0,27,12,0.0,0.0,0.0,0.0,0.0,0.0,1.0
392424,0,1,3400,-66,66,229,12,17,0.50,971168.000000,0,27,12,0.0,0.0,0.0,0.0,0.0,0.0,1.0
392673,0,1,3400,-66,66,227,13,17,0.50,1005664.000000,0,27,14,0.0,70528.000000,0,0.0,0.0,0.0,1.0
392922,0,1,3400,-66,66,227,12,17,0.50,825952.000000,0,27,16,0.0,0.0,0.0,0.0,0.0,0.0,1.0
393171,0,1,3400,-66,66,228,13,17,0.50,1091520.000000,0,27,16,0.0,0.0,0.0,0.0,0.0,0.0,1.0
393420,0,1,3400,-66,66,228,13,17,0.50,1051744.000000,0,27,16,0.0,0.0,0.0,0.0,0.0,0.0,1.0
393669,0,1,3400,-66,66,225,12,17,0.50,972576.000000,0,27,14,0.0,35040.000000,0,0.0,0.0,0.0,1.0
393918,0,1,3400,-66,66,227,13,17,0.50,996800.000000,0,27,13,0.0,0.0,0.0,0.0,0.0,0.0,1.0
394167,0,1,3400,-66,66,227,13,17,0.50,995552.000000,0,27,13,0.0,0.0,0.0,0.0,0.0,0.0,1.0
394416,0,1,3400,-66,66,230,12,17,0.50,972128.000000,0,27,13,0.0,0.0,0.0,0.0,0.0,0.0,1.0
394665,0,1,3400,-66,66,226,13,17,0.50,1010400.000000,0,27,14,0.0,196800.000000,8,0.0,0.0,0.0,1.0
394914,0,1,3400,-66,66,226,13,16,0.50,960032.000000,0,27,16,0.0,0.0,0.0,0.0,0.0,0.0,1.0
395163,0,1,3400,-67,67,226,12,16,0.50,1001248.000000,0,27,16,0.0,0.0,0.0,0.0,0.0,0.0,1.0
395412,0,1,3400,-67,67,228,12,16,0.50,1011040.000000,0,27,16,0.0,0.0,0.0,0.0,0.0,0.0,1.0
395661,0,1,3400,-67,67,227,12,16,0.50,986720.000000,0,27,16,0.0,65920.000000,12,0.0,0.0,0.0,1.0
395910,0,1,3400,-67,67,230,12,16,0.50,937376.000000,0,27,16,0.0,0.0,0.0,0.0,0.0,0.0,1.0
396159,0,1,3400,-67,67,229,13,16,0.50,1019360.000000,0,27,16,0.0,0.0,0.0,0.0,0.0,0.0,1.0
396408,0,1,3400,-67,67,228,12,16,0.50,986080.000000,0,27,16,0.0,0.0,0.0,0.0,0.0,0.0,1.0
396657,0,1,3400,-67,67,226,12,16,0.50,996864.000000,0,27,16,55,0.0,80,0.0,0.0,0.0,1.0
396906,0,1,3400,-67,67,225,12,16,0.50,993056.000000,0,27,14,0.0,54624.000000,0,0.0,0.0,0.0,1.0
397155,0,1,3400,-67,67,224,12,16,0.50,992000.000000,0,27,9.1,0.0,0.0,0.0,0.0,0.0,0.0,1.0
397404,0,1,3400,-66,66,224,12,16,0.50,991296.000000,0,27,9.1,0.0,0.0,0.0,0.0,0.0,0.0,1.0
397653,0,1,3400,-66,66,226,13,17,0.50,982912.000000,0,27,13,0.0,139424.000000,33,0.0,0.0,0.0,1.0
397902,0,1,3400,-66,66,227,13,17,0.50,1004032.000000,0,27,16,0.0,0.0,0.0,0.0,0.0,0.0,1.0
398151,0,1,3400,-66,66,226,12,17,0.50,927904.000000,0,27,16,0.0,0.0,0.0,0.0,0.0,0.0,1.0
398400,0,1,3400,-66,66,228,13,17,0.50,1044736.000000,0,27,16,0.0,0.0,0.0,0.0,0.0,0.0,1.0
398649,0,1,3400,-66,66,230,12,17,0.50,990080.000000,0,27,15,0.0,69248.000000,0,0.0,0.0,0.0,1.0
398898,0,1,3400,-66,66,229,13,17,0.50,974720.000000,0,27,15,0.0,0.0,0.0,0.0,0.0,0.0,1.0
399147,0,1,3400,-66,66,226,13,17,0.50,980640.000000,0,27,15,0.0,0.0,0.0,0.0,0.0,0.0,1.0
399396,0,1,3400,-65,65,227,13,17,0.50,996128.000000,0,27,15,0.0,0.0,0.0,0.0,0.0,0.0,1.0
399645,0,1,3400,-65,65,226,13,18,0.50,990400.000000,0,27,15,0.0,72064.000000,0,0.0,0.0,0.0,1.0
399894,0,1,3400,-65,65,226,15,18,0.52,989728.000000,0,27,16,0.0,0.0,0.0,0.0,0.0,0.0,1.0
400143,0,1,3400,-65,65,228,16,18,0.51,988736.000000,0,27,16,0.0,0.0,0.0,0.0,0.0,0.0,1.0
400392,0,1,3400,-65,65,227,16,18,0.54,987040.000000,0,27,16,0.0,0.0,0.0,0.0,0.0,0.0,1.0
400641,0,1,3400,-65,65,228,15,18,0.51,962912.000000,0,27,16,0.0,72064.000000,0,0.0,0.0,0.0,1.0
400890,0,1,3400,-65,65,229,15,18,0.52,1004864.000000,0,27,16,0.0,0.0,0.0,0.0,0.0,0.0,1.0
401139,0,1,3400,-65,65,231,15,18,0.50,969984.000000,0,27,16,0.0,0.0,0.0,0.0,0.0,0.0,1.0
401388,0,1,3400,-65,65,226,16,18,0.51,1019328.000000,0,27,16,0.0,0.0,0.0,0.0,0.0,0.0,1.0
401637,0,1,3400,-65,65,228,16,18,0.53,950656.000000,0,27,12,0.0,55424.000000,0,0.0,0.0,0.0,1.0
401886,0,1,3400,-65,65,229,15,18,0.51,976512.000000,0,27,8.6,0.0,0.0,0.0,0.0,0.0,0.0,1.0
402135,0,1,3400,-65,65,228,15,18,0.52,989632.000000,0,27,8.6,0.0,0.0,0.0,0.0,0.0,0.0,1.0
402384,0,1,3400,-65,65,227,15,18,0.52,999552.000000,0,27,8.7,0.0,0.0,0.0,0.0,0.0,0.0,1.0
402633,0,1,3400,-65,65,228,15,18,0.52,979136.000000,0,27,13,0.0,158560.000000,33,0.0,0.0,0.0,1.0
402882,0,1,3400,-65,65,228,15,18,0.51,998336.000000,0,27,16,0.0,0.0,0.0,0.0,0.0,0.0,1.0
403131,0,1,3400,-65,65,228,15,18,0.51,977440.000000,0,27,16,0.0,0.0,0.0,0.0,0.0,0.0,1.0
403380,0,1,3400,-65,65,228,16,18,0.51,999936.000000,0,27,16,0.0,0.0,0.0,0.0,0.0,0.0,1.0
403629,0,1,3400,-65,65,229,15,18,0.51,993440.000000,0,27,14,0.0,37184.000000,22,0.0,0.0,0.0,1.0
403878,0,1,3400,-65,65,230,16,18,0.53,987424.000000,0,27,12,0.0,0.0,0.0,0.0,0.0,0.0,1.0
404127,0,1,3400,-65,65,231,15,18,0.51,957952.000000,0,27,12,0.0,0.0,0.0,0.0,0.0,0.0,1.0
404376,0,1,3400,-64,64,225,16,18,0.52,1013312.000000,0,27,12,0.0,0.0,0.0,0.0,0.0,0.0,1.0
404625,0,1,3400,-64,64,229,16,19,0.50,984128.000000,0,27,14,0.0,72064.000000,12,0.0,0.0,0.0,1.0
404874,0,1,3400,-64,64,227,16,19,0.50,978016.000000,0,27,16,0.0,0.0,0.0,0.0,0.0,0.0,1.0
405123,0,1,3400,-64,64,228,15,19,0.51,982784.000000,0,27,16,0.0,0.0,0.0,0.0,0.0,0.0,1.0
405372,0,1,3400,-63,63,229,16,19,0.50,963456.000000,0,27,16,0.0,0.0,0.0,0.0,0.0,0.0,1.0
405621,0,1,3400,-63,63,227,15,20,0.50,991520.000000,0,27,8.8,0.0,32256.000000,0,0.0,0.0,0.0,1.0
405870,0,1,3400,-63,63,230,15,20,0.50,991040.000000,0,27,3.2,0.0,0.0,0.0,0.0,0.0,0.0,1.0
406119,0,1,3400,-63,63,229,15,20,0.50,929344.000000,0,27,3.1,0.0,0.0,0.0,0.0,0.0,0.0,1.0
406368,0,1,3400,-62,62,229,14,20,0.50,949088.000000,0,27,3.3,0.0,0.0,0.0,0.0,0.0,0.0,1.0
406617,0,1,3400,-62,62,230,15,21,0.50,1094720.000000,0,27,9.7,0.0,117888.000000,49,0.0,0.0,0.0,1.0
406866,0,1,3400,-62,62,229,16,21,0.50,971424.000000,0,27,16,0.0,0.0,0.0,0.0,0.0,0.0,1.0
407115,0,1,3400,-62,62,228,17,21,0.50,1013152.000000,0,27,16,0.0,0.0,0.0,0.0,0.0,0.0,1.0
407364,0,1,3400,-62,62,225,17,21,0.50,943072.000000,0,27,16,0.0,0.0,0.0,0.0,0.0,0.0,1.0
407613,0,1,3400,-62,62,226,15,20,0.50,939136.000000,0,27,9.2,0.0,51872.000000,0,0.0,0.0,0.0,1.0
407862,0,1,3400,-62,62,228,14,21,0.50,981792.000000,0,27,4.2,0.0,0.0,0.0,0.0,0.0,0.0,1.0
408111,0,1,3400,-63,63,227,14,20,0.50,811776.000000,0,27,4.2,0.0,0.0,0.0,0.0,0.0,0.0,1.0
408360,0,1,3400,-62,62,227,14,21,0.50,991264.000000,0,27,4.2,0.0,0.0,0.0,0.0,0.0,0.0,1.0
408609,0,1,3400,-62,62,228,17,21,0.51,1212928.000000,0,27,10,0.0,59264.000000,0,0.0,0.0,0.0,1.0
408858,0,1,3400,-62,62,228,16,21,0.50,1022688.000000,0,27,16,0.0,0.0,0.0,0.0,0.0,0.0,1.0
409107,0,1,3400,-62,62,227,17,21,0.50,966432.000000,0,27,16,0.0,0.0,0.0,0.0,0.0,0.0,1.0
409356,0,1,3400,-62,62,227,16,21,0.50,988544.000000,0,27,16,0.0,0.0,0.0,0.0,0.0,0.0,1.0
409605,0,1,3400,-62,62,228,15,21,0.50,926464.000000,0,27,10,0.0,14880.000000,0,0.0,0.0,0.0,1.0
409854,0,1,3400,-62,62,228,14,20,0.50,886304.000000,0,27,5.6,0.0,0.0,0.0,0.0,0.0,0.0,1.0
410103,0,1,3400,-63,63,225,14,21,0.50,1022944.000000,0,27,5.8,0.0,0.0,0.0,0.0,0.0,0.0,1.0
410352,0,1,3400,-63,63,227,14,20,0.50,854016.000000,0,27,5.9,0.0,0.0,0.0,0.0,0.0,0.0,1.0
410601,0,1,3400,-63,63,230,15,20,0.50,1286272.000000,0,27,9.2,0.0,3616.000000,44,0.0,0.0,0.0,1.0
410850,0,1,3400,-63,63,229,15,20,0.50,981536.000000,0,27,12,0.0,0.0,0.0,0.0,0.0,0.0,1.0
411099,0,1,3400,-63,63,228,14,20,0.50,908480.000000,0,27,12,0.0,0.0,0.0,0.0,0.0,0.0,1.0
411348,0,1,3400,-63,63,227,14,20,0.50,922944.000000,0,27,12,0.0,0.0,0.0,0.0,0.0,0.0,1.0
411597,0,1,3400,-63,63,229,14,20,0.50,885056.000000,0,27,5.9,0.0,34400.000000,0,0.0,0.0,0.0,1.0
411846,0,1,3400,-63,63,228,14,20,0.50,964704.000000,0,27,1.2,0.0,0.0,0.0,0.0,0.0,0.0,1.0
412095,0,1,3400,-64,64,227,15,19,0.51,1286400.000000,0,27,1.2,0.0,0.0,0.0,0.0,0.0,0.0,1.0
412344,0,1,3400,-64,64,229,15,20,0.50,993088.000000,0,27,1.1,0.0,0.0,0.0,0.0,0.0,0.0,1.0
412593,0,1,3400,-64,64,227,15,20,0.50,952288.000000,0,27,2.4,0.0,55168.000000,0,0.0,0.0,0.0,1.0
412842,0,1,3400,-64,64,229,15,20,0.50,1035296.000000,0,27,3.1,0.0,0.0,0.0,0.0,0.0,0.0,1.0
413091,0,1,3400,-64,64,228,15,20,0.50,895712.000000,0,27,3.2,0.0,0.0,0.0,0.0,0.0,0.0,1.0
413340,0,1,3400,-64,64,228,15,19,0.50,1046080.000000,0,27,3.2,0.0,0.0,0.0,0.0,0.0,0.0,1.0
413589,0,1,3400,-64,64,227,14,20,0.50,990368.000000,0,27,2.7,0.0,42080.000000,0,0.0,0.0,0.0,1.0
413838,0,1,3400,-64,64,228,15,20,0.50,971840.000000,0,27,2.2,0.0,0.0,0.0,0.0,0.0,0.0,1.0
414087,0,1,3400,-64,64,228,15,20,0.50,961216.000000,0,27,2.2,0.0,0.0,0.0,0.0,0.0,0.0,1.0
414336,0,1,3400,-64,64,228,15,19,0.51,1011904.000000,0,27,2.2,0.0,0.0,0.0,0.0,0.0,0.0,1.0
414585,0,1,3400,-64,64,227,16,20,0.51,1022496.000000,0,27,9.6,0.0,57600.000000,0,0.0,0.0,0.0,1.0
414834,0,1,3400,-64,64,227,15,20,0.50,958944.000000,0,27,16,0.0,0.0,0.0,0.0,0.0,0.0,1.0
415083,0,1,3400,-64,64,228,15,20,0.50,960832.000000,0,27,16,0.0,0.0,0.0,0.0,0.0,0.0,1.0
415332,0,1,3400,-64,64,229,14,20,0.50,897024.000000,0,27,16,0.0,0.0,0.0,0.0,0.0,0.0,1.0
415581,0,1,3400,-64,64,227,15,20,0.50,1117792.000000,0,27,16,0.0,72064.000000,0,0.0,0.0,0.0,1.0
415830,0,1,3400,-64,64,226,14,20,0.50,881792.000000,0,27,16,0.0,0.0,0.0,0.0,0.0,0.0,1.0
416079,0,1,3400,-64,64,227,14,20,0.50,935488.000000,0,27,16,0.0,0.0,0.0,0.0,0.0,0.0,1.0
416328,0,1,3400,-64,64,228,14,20,0.50,804320.000000,0,27,16,0.0,0.0,0.0,0.0,0.0,0.0,1.0
416577,0,1,3400,-64,64,229,15,20,0.50,394048.000000,0,27,14,0.0,5280.000000,44,0.0,0.0,0.0,1.0
416826,0,1,3400,-64,64,229,16,20,0.51,313440.000000,0,27,12,0.0,0.0,0.0,0.0,0.0,0.0,1.0
417075,0,1,3400,-64,64,228,18,20,0.50,418080.000000,0,27,12,0.0,0.0,0.0,0.0,0.0,0.0,1.0
417324,0,1,3400,-63,63,226,16,20,0.50,202368.000000,0,27,12,0.0,0.0,0.0,0.0,0.0,0.0,1.0
417573,0,1,3400,-63,63,227,15,20,0.50,160160.000000,0,27,12,0.0,5280.000000,44,0.0,0.0,0.0,1.0
417822,0,1,3400,-63,63,228,17,20,0.50,310368.000000,0,27,12,0.0,0.0,0.0,0.0,0.0,0.0,1.0
418071,0,1,3400,-63,63,229,18,21,0.51,308512.000000,0,27,12,0.0,0.0,0.0,0.0,0.0,0.0,1.0
418320,0,1,3400,-63,63,226,18,21,0.50,437888.000000,0,27,12,0.0,0.0,0.0,0.0,0.0,0.0,1.0
418569,0,1,3400,-63,63,225,18,20,0.51,537184.000000,0,27,14,0.0,57600.000000,0,0.0,0.0,0.0,1.0
418818,0,1,3400,-63,63,225,17,20,0.51,312192.000000,0,27,16,0.0,0.0,0.0,0.0,0.0,0.0,1.0
419067,0,1,3400,-64,64,226,18,20,0.50,479584.000000,0,27,16,0.0,0.0,0.0,0.0,0.0,0.0,1.0
419316,0,1,3400,-64,64,227,19,20,0.51,566080.000000,0,27,16,0.0,0.0,0.0,0.0,0.0,0.0,1.0
419565,0,1,3400,-64,64,228,18,20,0.53,435040.000000,0,27,15,0.0,87296.000000,56,0.0,0.0,0.0,1.0
419814,0,1,3400,-64,64,228,18,19,0.53,486304.000000,0,27,14,0.0,0.0,0.0,0.0,0.0,0.0,1.0
420063,0,1,3400,-65,65,227,17,19,0.53,235520.000000,0,27,14,0.0,0.0,0.0,0.0,0.0,0.0,1.0
420312,0,1,3400,-65,65,226,18,19,0.53,519680.000000,0,27,14,0.0,0.0,0.0,0.0,0.0,0.0,1.0
420561,0,1,3400,-65,65,226,18,19,0.52,456608.000000,0,27,14,0.0,60320.000000,0,0.0,0.0,0.0,1.0
420810,0,1,3400,-65,65,227,18,19,0.52,482304.000000,0,27,14,0.0,0.0,0.0,0.0,0.0,0.0,1.0
421059,0,1,3400,-65,65,230,18,19,0.52,452576.000000,0,27,14,0.0,0.0,0.0,0.0,0.0,0.0,1.0
421308,0,1,3400,-65,65,227,18,19,0.52,458080.000000,0,27,14,0.0,0.0,0.0,0.0,0.0,0.0,1.0
421557,0,1,3400,-65,65,226,17,19,0.52,348896.000000,0,27,13,0.0,11936.000000,44,0.0,0.0,0.0,1.0
421806,0,1,3400,-65,65,228,17,19,0.52,332192.000000,0,27,12,0.0,0.0,0.0,0.0,0.0,0.0,1.0
422055,0,1,3400,-65,65,227,18,19,0.51,476000.000000,0,27,12,0.0,0.0,0.0,0.0,0.0,0.0,1.0
422304,0,1,3400,-65,65,228,18,19,0.53,476672.000000,0,27,12,0.0,0.0,0.0,0.0,0.0,0.0,1.0
422553,0,1,3400,-65,65,228,17,19,0.53,371520.000000,0,27,12,0.0,117312.000000,41,0.0,0.0,0.0,1.0
422802,0,1,3400,-65,65,227,18,19,0.53,533440.000000,0,27,14,0.0,0.0,0.0,0.0,0.0,0.0,1.0
423051,0,1,3400,-65,65,227,19,19,0.54,580160.000000,0,27,14,0.0,0.0,0.0,0.0,0.0,0.0,1.0
423300,0,1,3400,-65,65,226,18,19,0.52,499232.000000,0,27,14,0.0,0.0,0.0,0.0,0.0,0.0,1.0
423549,0,1,3400,-65,65,224,18,19,0.54,509600.000000,0,27,13,0.0,1920.000000,44,0.0,0.0,0.0,1.0
423798,0,1,3400,-65,65,227,17,18,0.52,418720.000000,0,27,12,0.0,0.0,0.0,0.0,0.0,0.0,1.0
424047,0,1,3400,-66,66,228,18,18,0.55,437408.000000,0,27,12,0.0,0.0,0.0,0.0,0.0,0.0,1.0
424296,0,1,3400,-66,66,229,18,18,0.57,476672.000000,0,27,12,0.0,0.0,0.0,0.0,0.0,0.0,1.0
424545,0,1,3400,-66,66,228,19,18,0.57,556704.000000,0,27,14,0.0,193024.000000,27,0.0,0.0,0.0,1.0
424794,0,1,3400,-66,66,226,17,18,0.57,441824.000000,0,27,16,0.0,0.0,0.0,0.0,0.0,0.0,1.0
425043,0,1,3400,-66,66,227,16,18,0.52,400896.000000,0,27,16,0.0,0.0,0.0,0.0,0.0,0.0,1.0
425292,0,1,3400,-66,66,228,17,18,0.53,381024.000000,0,27,16,0.0,0.0,0.0,0.0,0.0,0.0,1.0
425541,0,1,3400,-66,66,229,18,18,0.57,501504.000000,0,27,16,0.0,72064.000000,0,0.0,0.0,0.0,1.0
425790,0,1,3400,-66,66,228,18,18,0.56,417728.000000,0,27,16,0.0,0.0,0.0,0.0,0.0,0.0,1.0
426039,0,1,3400,-66,66,229,18,18,0.56,497568.000000,0,27,16,0.0,0.0,0.0,0.0,0.0,0.0,1.0
426288,0,1,3400,-66,66,227,18,18,0.57,552224.000000,0,27,16,0.0,0.0,0.0,0.0,0.0,0.0,1.0
426537,0,1,3400,-66,66,227,17,18,0.57,431488.000000,0,27,14,0.0,10144.000000,44,0.0,0.0,0.0,1.0
426786,0,1,3400,-66,66,226,15,18,0.52,398816.000000,0,27,12,0.0,0.0,0.0,0.0,0.0,0.0,1.0
427035,0,1,3400,-67,67,226,14,18,0.50,295904.000000,0,27,12,0.0,0.0,0.0,0.0,0.0,0.0,1.0
427284,0,1,3400,-67,67,228,14,17,0.50,338400.000000,0,27,12,0.0,0.0,0.0,0.0,0.0,0.0,1.0
427533,0,1,3400,-67,67,229,14,17,0.50,380352.000000,0,27,9.0,0.0,43200.000000,0,0.0,0.0,0.0,1.0
427782,0,1,3400,-67,67,230,14,17,0.50,375040.000000,0,27,7.0,0.0,0.0,0.0,0.0,0.0,0.0,1.0
428031,0,1,3400,-68,68,227,14,17,0.50,408576.000000,0,27,7.0,0.0,0.0,0.0,0.0,0.0,0.0,1.0
428280,0,1,3400,-67,67,226,14,17,0.50,363424.000000,0,27,7.0,0.0,0.0,0.0,0.0,0.0,0.0,1.0
428529,0,1,3400,-67,67,227,14,17,0.50,389408.000000,0,27,11,0.0,64128.000000,12,0.0,0.0,0.0,1.0
428778,0,1,3400,-67,67,229,14,17,0.50,403136.000000,0,27,15,0.0,0.0,0.0,0.0,0.0,0.0,1.0
429027,0,1,3400,-67,67,228,14,18,0.50,343456.000000,0,27,15,0.0,0.0,0.0,0.0,0.0,0.0,1.0
429276,0,1,3400,-67,67,228,14,17,0.53,357568.000000,0,27,15,0.0,0.0,0.0,0.0,0.0,0.0,1.0
429525,0,1,3400,-67,67,230,15,18,0.53,328704.000000,0,27,15,0.0,70304.000000,0,0.0,0.0,0.0,1.0
429774,0,1,3400,-67,67,227,15,18,0.53,391456.000000,0,27,15,0.0,0.0,0.0,0.0,0.0,0.0,1.0
430023,0,1,3400,-67,67,227,14,18,0.50,387296.000000,0,27,15,0.0,0.0,0.0,0.0,0.0,0.0,1.0
430272,0,1,3400,-67,67,228,14,17,0.50,392576.000000,0,27,15,0.0,0.0,0.0,0.0,0.0,0.0,1.0
430521,0,1,3400,-67,67,227,14,17,0.50,297216.000000,0,27,14,0.0,37184.000000,22,0.0,0.0,0.0,1.0
430770,0,1,3400,-67,67,228,14,17,0.50,261248.000000,0,27,11,0.0,0.0,0.0,0.0,0.0,0.0,1.0
431019,0,1,3400,-68,68,230,14,17,0.50,306176.000000,0,27,12,0.0,0.0,0.0,0.0,0.0,0.0,1.0
431268,0,1,3400,-68,68,227,14,17,0.50,357856.000000,0,27,12,0.0,0.0,0.0,0.0,0.0,0.0,1.0
431517,0,1,3400,-68,68,229,14,17,0.50,311424.000000,0,27,12,0.0,191328.000000,0,0.0,0.0,0.0,1.0
431766,0,1,3400,-68,68,230,14,17,0.50,354144.000000,0,27,14,0.0,0.0,0.0,0.0,0.0,0.0,1.0
432015,0,1,3400,-68,68,230,14,17,0.50,231776.000000,0,27,15,0.0,0.0,0.0,0.0,0.0,0.0,1.0
432264,0,1,3400,-68,68,229,14,17,0.50,248192.000000,0,27,14,0.0,0.0,0.0,0.0,0.0,0.0,1.0
432513,0,1,3400,-68,68,229,14,17,0.50,228480.000000,0,27,15,55,0.0,80,0.0,0.0,0.0,1.0
432762,0,1,3400,-68,68,228,14,17,0.50,274944.000000,0,27,14,0.0,3456.000000,0,0.0,0.0,0.0,1.0
433011,0,1,3400,-68,68,228,14,17,0.50,294048.000000,0,27,3.5,0.0,0.0,0.0,0.0,0.0,0.0,1.0
433260,0,1,3400,-68,68,229,14,17,0.50,380096.000000,0,27,3.5,0.0,0.0,0.0,0.0,0.0,0.0,1.0
433509,0,1,3400,-68,68,228,14,16,0.50,342432.000000,0,27,6.2,0.0,54784.000000,0,0.0,0.0,0.0,1.0
433758,0,1,3400,-68,68,228,14,16,0.50,382432.000000,0,27,15,0.0,0.0,0.0,0.0,0.0,0.0,1.0
434007,0,1,3400,-69,69,227,13,16,0.50,322976.000000,0,27,15,0.0,0.0,0.0,0.0,0.0,0.0,1.0
434256,0,1,3400,-68,68,225,13,16,0.50,317696.000000,0,27,15,0.0,0.0,0.0,0.0,0.0,0.0,1.0
434505,0,1,3400,-68,68,226,13,16,0.50,262848.000000,0,27,15,0.0,163296.000000,22,0.0,0.0,0.0,1.0
434754,0,1,3400,-68,68,226,14,17,0.50,338368.000000,0,27,16,0.0,0.0,100.000000,0.0,0.0,0.0,1.0
435003,0,1,3400,-68,68,226,13,17,0.50,257408.000000,0,27,16,0.0,0.0,0.0,0.0,0.0,0.0,1.0
435252,0,1,3400,-68,68,226,14,17,0.50,377376.000000,0,27,16,0.0,0.0,0.0,0.0,0.0,0.0,1.0
435501,0,1,3400,-68,68,228,13,17,0.50,233024.000000,0,27,6.9,0.0,27776.000000,0,0.0,0.0,0.0,1.0
435750,0,1,3400,-68,68,228,13,16,0.50,258784.000000,0,27,0.0,0.0,0.0,0.0,0.0,0.0,0.0,1.0
435999,0,1,3400,-69,69,228,13,16,0.50,353120.000000,0,27,0.0,0.0,0.0,0.0,0.0,0.0,0.0,1.0
436248,0,1,3400,-69,69,228,13,16,0.50,257376.000000,0,27,0.0,0.0,0.0,0.0,0.0,0.0,0.0,1.0
436497,0,1,3400,-69,69,228,13,16,0.50,241856.000000,0,27,4.6,0.0,52928.000000,0,0.0,0.0,0.0,1.0
436746,0,1,3400,-69,69,229,12,16,0.50,110528.000000,0,27,7.9,0.0,0.0,0.0,0.0,0.0,0.0,1.0
436995,0,1,3400,-69,69,228,13,16,0.50,159328.000000,0,27,7.9,0.0,0.0,0.0,0.0,0.0,0.0,1.0
437244,0,1,3400,-69,69,226,12,16,0.50,212128.000000,0,27,7.9,0.0,0.0,0.0,0.0,0.0,0.0,1.0
437493,0,1,3400,-69,69,227,13,16,0.51,278912.000000,0,27,8.0,0.0,58048.000000,0,0.0,0.0,0.0,1.0
437742,0,1,3400,-69,69,227,14,16,0.50,363680.000000,0,27,7.9,0.0,0.0,0.0,0.0,0.0,0.0,1.0
437991,0,1,3400,-69,69,226,13,16,0.50,274368.000000,0,27,7.9,0.0,0.0,0.0,0.0,0.0,0.0,1.0
438240,0,1,3400,-69,69,226,13,16,0.50,282624.000000,0,27,7.9,0.0,0.0,0.0,0.0,0.0,0.0,1.0
438489,0,1,3400,-69,69,227,13,16,0.50,290688.000000,0,27,12,0.0,72064.000000,12,0.0,0.0,0.0,1.0
438738,0,1,3400,-69,69,228,14,16,0.51,409760.000000,0,27,16,0.0,0.0,0.0,0.0,0.0,0.0,1.0
438987,0,1,3400,-69,69,227,13,16,0.50,284736.000000,0,27,16,0.0,0.0,0.0,0.0,0.0,0.0,1.0
439236,0,1,3400,-69,69,230,13,16,0.50,328256.000000,0,27,16,0.0,0.0,0.0,0.0,0.0,0.0,1.0
439485,0,1,3400,-69,69,229,14,16,0.52,322016.000000,0,27,15,0.0,64128.000000,0,0.0,0.0,0.0,1.0
439734,0,1,3400,-69,69,228,13,16,0.50,301536.000000,0,27,14,0.0,0.0,0.0,0.0,0.0,0.0,1.0
439983,0,1,3400,-69,69,228,13,16,0.51,260512.000000,0,27,14,0.0,0.0,0.0,0.0,0.0,0.0,1.0
440232,0,1,3400,-68,68,226,14,16,0.50,251712.000000,0,27,14,0.0,0.0,0.0,0.0,0.0,0.0,1.0
440481,0,1,3400,-68,68,227,14,17,0.52,211104.000000,0,27,14,363,0.0,80,0.0,0.0,0.0,1.0
440730,0,1,3400,-68,68,226,14,17,0.50,267520.000000,0,27,13,0.0,95296.000000,0,0.0,0.0,0.0,1.0
440979,0,1,3400,-68,68,227,14,17,0.50,224576.000000,0,27,10,0.0,0.0,0.0,0.0,0.0,0.0,1.0
441228,0,1,3400,-68,68,227,14,17,0.50,385760.000000,0,27,10,0.0,0.0,0.0,0.0,0.0,0.0,1.0
441477,0,1,3400,-68,68,228,14,17,0.50,260896.000000,0,27,11,0.0,64128.000000,0,0.0,0.0,0.0,1.0
441726,0,1,3400,-68,68,225,14,17,0.50,344576.000000,0,27,14,0.0,0.0,0.0,0.0,0.0,0.0,1.0
441975,0,1,3400,-68,68,224,14,17,0.50,331328.000000,0,27,14,0.0,0.0,0.0,0.0,0.0,0.0,1.0
442224,0,1,3400,-68,68,226,14,17,0.50,320576.000000,0,27,14,0.0,0.0,0.0,0.0,0.0,0.0,1.0
442473,0,1,3400,-68,68,227,14,17,0.50,324672.000000,0,27,13,0.0,31328.000000,17,0.0,0.0,0.0,1.0
442722,0,1,3400,-68,68,228,14,16,0.50,234304.000000,0,27,10,0.0,0.0,0.0,0.0,0.0,0.0,1.0
442971,0,1,3400,-69,69,227,14,16,0.50,278272.000000,0,27,10,0.0,0.0,0.0,0.0,0.0,0.0,1.0
443220,0,1,3400,-69,69,228,14,16,0.50,259360.000000,0,27,10,0.0,0.0,0.0,0.0,0.0,0.0,1.0
443469,0,1,3400,-69,69,229,14,16,0.50,342048.000000,0,27,7.8,0.0,44224.000000,18,0.0,0.0,0.0,1.0
443718,0,1,3400,-69,69,227,14,16,0.50,332064.000000,0,27,5.5,0.0,0.0,0.0,0.0,0.0,0.0,1.0
443967,0,1,3400,-69,69,228,13,16,0.51,306784.000000,0,27,5.4,0.0,0.0,0.0,0.0,0.0,0.0,1.0
444216,0,1,3400,-68,68,226,14,17,0.50,352192.000000,0,27,5.5,0.0,0.0,0.0,0.0,0.0,0.0,1.0
444465,0,1,3400,-68,68,226,14,17,0.50,321152.000000,0,27,10,0.0,44896.000000,24,0.0,0.0,0.0,1.0
444714,0,1,3400,-68,68,226,14,17,0.50,329184.000000,0,27,15,0.0,0.0,0.0,0.0,0.0,0.0,1.0
444963,0,1,3400,-68,68,228,14,17,0.50,299328.000000,0,27,15,0.0,0.0,0.0,0.0,0.0,0.0,1.0
445212,0,1,3400,-67,67,228,14,18,0.50,346592.000000,0,27,15,0.0,0.0,0.0,0.0,0.0,0.0,1.0
445461,0,1,3400,-67,67,228,14,18,0.50,310656.000000,0,27,13,0.0,10144.000000,44,0.0,0.0,0.0,1.0
445710,0,1,3400,-67,67,229,16,18,0.60,423392.000000,0,27,12,0.0,0.0,0.0,0.0,0.0,0.0,1.0
445959,0,1,3400,-67,67,229,18,18,0.67,488704.000000,0,27,12,0.0,0.0,0.0,0.0,0.0,0.0,1.0
446208,0,1,3400,-67,67,227,19,18,0.62,538816.000000,0,27,12,0.0,0.0,0.0,0.0,0.0,0.0,1.0
446457,0,1,3400,-67,67,226,17,18,0.58,292544.000000,0,27,12,0.0,232768.000000,0,0.0,0.0,0.0,1.0
446706,0,1,3400,-67,67,228,17,18,0.61,378144.000000,0,27,13,0.0,0.0,0.0,0.0,0.0,0.0,1.0
446955,0,1,3400,-67,67,228,18,18,0.66,538176.000000,0,27,13,0.0,0.0,0.0,0.0,0.0,0.0,1.0
447204,0,1,3400,-67,67,228,15,18,0.56,298752.000000,0,27,13,0.0,0.0,0.0,0.0,0.0,0.0,1.0
447453,0,1,3400,-67,67,227,16,18,0.64,376544.000000,0,27,13,0.0,30432.000000,0,0.0,0.0,0.0,1.0
447702,0,1,3400,-67,67,227,14,17,0.50,284480.000000,0,27,13,0.0,0.0,0.0,0.0,0.0,0.0,1.0
447951,0,1,3400,-68,68,227,14,17,0.50,327424.000000,0,27,13,0.0,0.0,0.0,0.0,0.0,0.0,1.0
448200,0,1,3400,-68,68,227,14,17,0.50,361376.000000,0,27,13,0.0,0.0,0.0,0.0,0.0,0.0,1.0
448449,0,1,3400,-68,68,229,14,17,0.50,441152.000000,0,27,12,0.0,28480.000000,0,0.0,0.0,0.0,1.0
448698,0,1,3400,-68,68,227,14,17,0.50,456768.000000,0,27,11,0.0,0.0,0.0,0.0,0.0,0.0,1.0
448947,0,1,3400,-68,68,226,14,18,0.50,456768.000000,0,27,11,0.0,0.0,0.0,0.0,0.0,0.0,1.0
449196,0,1,3400,-67,67,227,15,18,0.58,505312.000000,0,27,11,0.0,0.0,0.0,0.0,0.0,0.0,1.0
449445,0,1,3400,-67,67,229,17,18,0.66,567776.000000,0,27,13,0.0,64128.000000,0,0.0,0.0,0.0,1.0
449694,0,1,3400,-67,67,230,19,18,0.75,642304.000000,0,27,15,0.0,0.0,0.0,0.0,0.0,0.0,1.0
449943,0,1,3400,-67,67,229,19,18,0.69,651456.000000,0,27,15,0.0,0.0,0.0,0.0,0.0,0.0,1.0
450192,0,1,3400,-67,67,228,19,18,0.74,651456.000000,0,27,15,0.0,0.0,0.0,0.0,0.0,0.0,1.0
450441,0,1,3400,-67,67,225,19,19,0.63,647904.000000,0,27,14,0.0,65664.000000,0,0.0,0.0,0.0,1.0
450690,0,1,3400,-67,67,227,19,19,0.53,659662.625000,0,27,14,0.0,0.0,0.0,0.0,0.0,0.0,1.0
450939,0,1,3400,-67,67,228,17,19,0.52,477418.312500,0,27,14,0.0,0.0,0.0,0.0,0.0,0.0,1.0
451188,0,1,3400,-67,67,230,12,19,0.50,0.0,0.0,27,14,0.0,0.0,0.0,0.0,0.0,0.0,1.0
451437,0,1,3400,-67,67,227,12,19,0.50,0.0,0.0,27,14,0.0,0.0,0.0,0.0,0.0,0.0,1.0
451686,0,1,3400,-67,67,227,11,19,0.50,0.0,0.0,27,14,0.0,0.0,0.0,0.0,0.0,0.0,1.0
451935,0,1,3400,-67,67,227,12,19,0.50,0.0,0.0,27,14,0.0,0.0,0.0,0.0,0.0,0.0,1.0
452184,0,1,3400,-67,67,224,12,19,0.50,0.0,0.0,27,14,0.0,0.0,0.0,0.0,0.0,0.0,1.0
452433,0,1,3400,-67,67,224,12,19,0.50,0.0,0.0,27,14,0.0,0.0,0.0,0.0,0.0,0.0,1.0
452682,0,1,3400,-67,67,225,12,19,0.50,0.0,0.0,27,14,0.0,0.0,0.0,0.0,0.0,0.0,1.0
452931,0,1,3400,-67,67,227,12,19,0.50,0.0,0.0,27,14,0.0,0.0,0.0,0.0,0.0,0.0,1.0
453180,0,1,3400,-67,67,228,12,19,0.50,0.0,0.0,27,14,0.0,0.0,0.0,0.0,0.0,0.0,1.0
453429,0,1,3400,-67,67,227,12,19,0.50,0.0,