time,cc,pci,earfcn,rsrp,pl,cfo,dl_mcs,dl_snr,dl_turbo,dl_brate,dl_bler,ul_ta,ul_mcs,ul_buff,ul_brate,ul_bler,rf_o,rf_u,rf_l,is_attached
0,0,0,4294967295,0.0,0.0,0.0,0.0,0.0,0.0,0.0,0.0,0.0,0.0,0.0,0.0,0.0,0.0,0.0,0.0,0.0
249,0,0,3400,0.0,0.0,0.0,0.0,0.0,0.0,0.0,0.0,0.0,0.0,0.0,0.0,0.0,0.0,0.0,0.0,0.0
498,0,0,3400,0.0,0.0,0.0,0.0,0.0,0.0,0.0,0.0,0.0,0.0,0.0,0.0,0.0,0.0,0.0,0.0,0.0
747,0,1,3400,0.0,0.0,0.0,0.0,0.0,0.0,0.0,0.0,0.0,0.0,0.0,0.0,0.0,0.0,0.0,0.0,0.0
996,0,1,3400,-64,64,517,0.0,23,0.0,0.0,0.0,0.0,0.0,0.0,0.0,0.0,0.0,0.0,0.0,0.0
1245,0,1,3400,-64,64,619,3.1,23,0.34,2912.000000,0,0.0,0.0,33,224,0,0.0,0.0,0.0,1.0
1494,0,1,3400,-64,64,620,5.5,23,0.50,0.0,0.0,27,0.0,33,0.0,0.0,0.0,0.0,0.0,1.0
1743,0,1,3400,-64,64,622,4.8,22,0.50,224,0,27,5.5,0.0,13248.000000,0,0.0,0.0,0.0,1.0
1992,0,1,3400,-65,65,621,4.8,21,0.50,2880.000000,0,27,8.7,21,16384.000000,0,0.0,0.0,0.0,1.0
2241,0,1,3400,-65,65,624,2.8,21,0.50,10496.000000,0,27,6.6,0.0,43936.000000,0,0.0,0.0,0.0,1.0
2490,0,1,3400,-65,65,624,7.8,20,0.65,201760.000000,0.8,27,5.7,0.0,83616.000000,17,0.0,0.0,0.0,1.0
2739,0,1,3400,-65,65,620,17,21,2.3,10624.000000,33,27,9.3,0.0,111776.000000,10,0.0,0.0,0.0,1.0
2988,0,1,3400,-65,65,618,16,21,2.5,0.0,0.0,27,9.5,0.0,0.0,0.0,0.0,0.0,0.0,1.0
3237,0,1,3400,-65,65,620,16,20,2.5,0.0,100.000000,27,9.4,0.0,0.0,0.0,0.0,0.0,0.0,1.0
3486,0,1,3400,-65,65,621,16,21,2.5,0.0,0.0,27,9.5,0.0,0.0,0.0,0.0,0.0,0.0,1.0
3735,0,1,3400,-65,65,624,15,21,3.6,0.0,100.000000,27,9.5,0.0,0.0,0.0,0.0,0.0,0.0,1.0
3984,0,1,3400,-65,65,625,14,21,4.0,0.0,100.000000,27,9.5,0.0,0.0,0.0,0.0,0.0,0.0,1.0
4233,0,1,3400,-65,65,626,14,21,4.0,0.0,100.000000,27,9.4,0.0,0.0,0.0,0.0,0.0,0.0,1.0
4482,0,1,3400,-64,64,624,14,21,4.0,0.0,100.000000,27,9.4,0.0,0.0,0.0,0.0,0.0,0.0,1.0
4731,0,1,3400,-64,64,620,14,21,4.0,0.0,0.0,27,9.5,0.0,0.0,0.0,0.0,0.0,0.0,1.0
4980,0,1,3400,-65,65,624,14,21,4.0,0.0,100.000000,27,9.5,0.0,0.0,0.0,0.0,0.0,0.0,1.0
5229,0,1,3400,-65,65,625,14,20,4.0,0.0,0.0,27,9.5,0.0,0.0,0.0,0.0,0.0,0.0,1.0
5478,0,1,3400,-65,65,624,14,21,4.0,0.0,100.000000,27,9.5,0.0,0.0,0.0,0.0,0.0,0.0,1.0
5727,0,1,3400,-65,65,620,14,20,4.0,0.0,0.0,27,9.5,0.0,0.0,0.0,0.0,0.0,0.0,1.0
5976,0,1,3400,-65,65,624,14,20,4.0,0.0,0.0,27,9.5,0.0,0.0,0.0,0.0,0.0,0.0,1.0
6225,0,1,3400,-65,65,626,14,20,4.0,0.0,100.000000,27,9.5,0.0,0.0,0.0,0.0,0.0,0.0,1.0
6474,0,1,3400,-65,65,626,14,20,4.0,0.0,0.0,27,9.5,0.0,0.0,0.0,0.0,0.0,0.0,1.0
6723,0,1,3400,-65,65,628,14,20,4.0,0.0,100.000000,27,9.4,0.0,0.0,0.0,0.0,0.0,0.0,1.0
6972,0,1,3400,-66,66,626,14,19,4.0,0.0,0.0,27,9.5,0.0,0.0,0.0,0.0,0.0,0.0,1.0
7221,0,1,3400,-66,66,623,13,19,4.0,0.0,100.000000,27,9.5,0.0,0.0,0.0,0.0,0.0,0.0,1.0
7470,0,1,3400,-66,66,623,14,19,4.0,0.0,0.0,27,9.5,0.0,0.0,0.0,0.0,0.0,0.0,1.0
7719,0,1,3400,-66,66,624,14,19,4.0,0.0,0.0,27,9.5,0.0,0.0,0.0,0.0,0.0,0.0,1.0
7968,0,1,3400,-67,67,622,14,19,4.0,0.0,0.0,27,9.5,0.0,0.0,0.0,0.0,0.0,0.0,1.0
8217,0,1,3400,-67,67,623,14,19,4.0,0.0,0.0,27,9.4,0.0,0.0,0.0,0.0,0.0,0.0,1.0
8466,0,1,3400,-67,67,622,14,19,4.0,0.0,0.0,27,9.5,0.0,0.0,0.0,0.0,0.0,0.0,1.0
8715,0,1,3400,-67,67,621,14,19,4.0,0.0,0.0,27,9.5,0.0,0.0,0.0,0.0,0.0,0.0,1.0
8964,0,1,3400,-67,67,622,14,19,4.0,0.0,0.0,27,9.5,0.0,0.0,0.0,0.0,0.0,0.0,1.0
9213,0,1,3400,-67,67,625,14,19,4.0,0.0,0.0,27,9.5,0.0,0.0,0.0,0.0,0.0,0.0,1.0
9462,0,1,3400,-66,66,624,14,19,4.0,0.0,100.000000,27,9.5,0.0,0.0,0.0,0.0,0.0,0.0,1.0
9711,0,1,3400,-66,66,623,14,19,4.0,0.0,0.0,27,9.5,0.0,0.0,0.0,0.0,0.0,0.0,1.0
9960,0,1,3400,-66,66,621,14,19,4.0,0.0,0.0,27,9.4,0.0,0.0,0.0,0.0,0.0,0.0,1.0
10209,0,1,3400,-66,66,623,14,19,4.0,0.0,0.0,27,9.5,0.0,0.0,0.0,0.0,0.0,0.0,1.0
10458,0,1,3400,-66,66,620,14,19,4.0,0.0,0.0,27,9.5,0.0,0.0,0.0,0.0,0.0,0.0,1.0
10707,0,1,3400,-66,66,617,14,19,4.0,0.0,0.0,27,9.5,0.0,0.0,0.0,0.0,0.0,0.0,1.0
10956,0,1,3400,-66,66,624,14,19,4.0,0.0,0.0,27,9.5,0.0,0.0,0.0,0.0,0.0,0.0,1.0
11205,0,1,3400,-66,66,623,14,19,4.0,0.0,0.0,27,9.5,0.0,0.0,0.0,0.0,0.0,0.0,1.0
11454,0,1,3400,-66,66,624,14,20,4.0,0.0,0.0,27,9.5,0.0,0.0,0.0,0.0,0.0,0.0,1.0
11703,0,1,3400,-66,66,621,14,19,4.0,0.0,100.000000,27,9.5,0.0,0.0,0.0,0.0,0.0,0.0,1.0
11952,0,1,3400,-67,67,624,14,19,4.0,0.0,0.0,27,9.5,0.0,0.0,0.0,0.0,0.0,0.0,1.0
12201,0,1,3400,-67,67,623,14,18,4.0,0.0,0.0,27,9.5,0.0,0.0,0.0,0.0,0.0,0.0,1.0
12450,0,1,3400,-67,67,621,14,19,4.0,0.0,0.0,27,9.5,0.0,0.0,0.0,0.0,0.0,0.0,1.0
12699,0,1,3400,-67,67,620,14,18,4.0,0.0,100.000000,27,9.5,0.0,0.0,0.0,0.0,0.0,0.0,1.0
12948,0,1,3400,-68,68,620,14,18,4.0,0.0,0.0,27,9.5,0.0,0.0,0.0,0.0,0.0,0.0,1.0
13197,0,1,3400,-68,68,623,14,18,4.0,0.0,0.0,27,9.5,0.0,0.0,0.0,0.0,0.0,0.0,1.0
13446,0,1,3400,-68,68,624,14,18,4.0,0.0,0.0,27,9.5,0.0,0.0,0.0,0.0,0.0,0.0,1.0
13695,0,1,3400,-68,68,624,14,18,4.0,0.0,0.0,27,9.5,0.0,0.0,0.0,0.0,0.0,0.0,1.0
13944,0,1,3400,-68,68,621,14,18,4.0,0.0,0.0,27,9.5,0.0,0.0,0.0,0.0,0.0,0.0,1.0
14193,0,1,3400,-67,67,622,14,19,4.0,0.0,100.000000,27,9.4,0.0,0.0,0.0,0.0,0.0,0.0,1.0
14442,0,1,3400,-67,67,624,14,19,4.0,0.0,0.0,27,9.5,0.0,0.0,0.0,0.0,0.0,0.0,1.0
14691,0,1,3400,-67,67,624,14,18,4.0,0.0,0.0,27,9.5,0.0,0.0,0.0,0.0,0.0,0.0,1.0
14940,0,1,3400,-67,67,623,14,18,4.0,0.0,0.0,27,9.5,0.0,0.0,0.0,0.0,0.0,0.0,1.0
15189,0,1,3400,-67,67,621,14,19,4.0,0.0,100.000000,27,9.5,0.0,0.0,0.0,0.0,0.0,0.0,1.0
15438,0,1,3400,-67,67,627,14,18,4.0,0.0,0.0,27,9.5,0.0,0.0,0.0,0.0,0.0,0.0,1.0
15687,0,1,3400,-67,67,627,14,19,4.0,0.0,100.000000,27,9.5,0.0,0.0,0.0,0.0,0.0,0.0,1.0
15936,0,1,3400,-67,67,624,14,19,4.0,0.0,100.000000,27,9.5,0.0,0.0,0.0,0.0,0.0,0.0,1.0
16185,0,1,3400,-66,66,624,14,19,4.0,0.0,100.000000,27,9.4,0.0,0.0,0.0,0.0,0.0,0.0,1.0
16434,0,1,3400,-66,66,623,14,19,4.0,0.0,0.0,27,9.5,0.0,0.0,0.0,0.0,0.0,0.0,1.0
16683,0,1,3400,-66,66,621,14,19,4.0,0.0,0.0,27,9.5,0.0,0.0,0.0,0.0,0.0,0.0,1.0
16932,0,1,3400,-66,66,629,14,19,4.0,0.0,100.000000,27,9.5,0.0,0.0,0.0,0.0,0.0,0.0,1.0
17181,0,1,3400,-66,66,629,14,20,4.0,0.0,0.0,27,9.5,0.0,0.0,0.0,0.0,0.0,0.0,1.0
17430,0,1,3400,-66,66,623,14,19,4.0,0.0,0.0,27,9.5,0.0,0.0,0.0,0.0,0.0,0.0,1.0
17679,0,1,3400,-66,66,625,14,20,4.0,0.0,100.000000,27,9.5,0.0,0.0,0.0,0.0,0.0,0.0,1.0
17928,0,1,3400,-66,66,625,14,20,4.0,0.0,0.0,27,9.5,0.0,0.0,0.0,0.0,0.0,0.0,1.0
18177,0,1,3400,-66,66,627,14,20,4.0,0.0,0.0,27,9.5,0.0,0.0,0.0,0.0,0.0,0.0,1.0
18426,0,1,3400,-66,66,626,14,19,4.0,0.0,0.0,27,9.5,0.0,0.0,0.0,0.0,0.0,0.0,1.0
18675,0,1,3400,-66,66,628,14,19,4.0,0.0,100.000000,27,9.5,0.0,0.0,0.0,0.0,0.0,0.0,1.0
18924,0,1,3400,-66,66,623,14,19,4.0,0.0,0.0,27,9.5,0.0,0.0,0.0,0.0,0.0,0.0,1.0
19173,0,1,3400,-66,66,627,14,19,4.0,0.0,100.000000,27,9.5,0.0,0.0,0.0,0.0,0.0,0.0,1.0
19422,0,1,3400,-66,66,627,14,20,4.0,0.0,0.0,27,9.5,0.0,0.0,0.0,0.0,0.0,0.0,1.0
19671,0,1,3400,-66,66,626,14,19,4.0,0.0,0.0,27,9.5,0.0,0.0,0.0,0.0,0.0,0.0,1.0
19920,0,1,3400,-66,66,628,14,20,4.0,0.0,100.000000,27,9.5,0.0,0.0,0.0,0.0,0.0,0.0,1.0
20169,0,1,3400,-66,66,627,14,19,4.0,0.0,0.0,27,9.4,0.0,0.0,0.0,0.0,0.0,0.0,1.0
20418,0,1,3400,-66,66,626,12,20,4.0,0.0,100.000000,27,9.5,0.0,0.0,0.0,0.0,0.0,0.0,1.0
20667,0,1,3400,-66,66,624,7.0,20,4.0,0.0,0.0,27,9.5,0.0,0.0,0.0,0.0,0.0,0.0,1.0
20916,0,1,3400,-66,66,620,7.0,19,4.0,0.0,0.0,27,9.5,0.0,0.0,0.0,0.0,0.0,0.0,1.0
21165,0,1,3400,-66,66,626,12,19,4.0,0.0,100.000000,27,9.5,0.0,0.0,0.0,0.0,0.0,0.0,1.0
21414,0,1,3400,-66,66,621,14,19,4.0,0.0,0.0,27,9.5,0.0,0.0,0.0,0.0,0.0,0.0,1.0
21663,0,1,3400,-66,66,620,14,20,4.0,0.0,0.0,27,9.5,0.0,0.0,0.0,0.0,0.0,0.0,1.0
21912,0,1,3400,-66,66,627,14,20,4.0,0.0,100.000000,27,9.5,0.0,0.0,0.0,0.0,0.0,0.0,1.0
22161,0,1,3400,-66,66,625,14,20,4.0,0.0,0.0,27,9.5,0.0,0.0,0.0,0.0,0.0,0.0,1.0
22410,0,1,3400,-65,65,623,14,20,4.0,0.0,100.000000,27,9.5,0.0,0.0,0.0,0.0,0.0,0.0,1.0
22659,0,1,3400,-65,65,625,14,20,4.0,0.0,0.0,27,9.5,0.0,0.0,0.0,0.0,0.0,0.0,1.0
22908,0,1,3400,-66,66,624,14,20,4.0,0.0,100.000000,27,9.5,0.0,0.0,0.0,0.0,0.0,0.0,1.0
23157,0,1,3400,-66,66,621,14,20,4.0,0.0,0.0,27,9.5,0.0,0.0,0.0,0.0,0.0,0.0,1.0
23406,0,1,3400,-66,66,621,14,20,4.0,0.0,0.0,27,9.5,0.0,0.0,0.0,0.0,0.0,0.0,1.0
23655,0,1,3400,-66,66,621,14,20,4.0,0.0,0.0,27,9.5,0.0,0.0,0.0,0.0,0.0,0.0,1.0
23904,0,1,3400,-66,66,623,14,20,4.0,0.0,0.0,27,9.5,0.0,0.0,0.0,0.0,0.0,0.0,1.0
24153,0,1,3400,-66,66,624,14,20,4.0,0.0,100.000000,27,9.5,0.0,0.0,0.0,0.0,0.0,0.0,1.0
24402,0,1,3400,-66,66,624,14,20,4.0,0.0,0.0,27,9.5,0.0,0.0,0.0,0.0,0.0,0.0,1.0
24651,0,1,3400,-66,66,623,14,20,4.0,0.0,0.0,27,9.5,0.0,0.0,0.0,0.0,0.0,0.0,1.0
24900,0,1,3400,-66,66,628,14,20,4.0,0.0,0.0,27,9.5,0.0,0.0,0.0,0.0,0.0,0.0,1.0
25149,0,1,3400,-66,66,624,14,20,4.0,0.0,0.0,27,9.5,0.0,0.0,0.0,0.0,0.0,0.0,1.0
25398,0,1,3400,-66,66,629,14,20,4.0,0.0,0.0,27,9.4,0.0,0.0,0.0,0.0,0.0,0.0,1.0
25647,0,1,3400,-66,66,628,14,20,4.0,0.0,0.0,27,9.4,0.0,0.0,0.0,0.0,0.0,0.0,1.0
25896,0,1,3400,-66,66,622,14,19,4.0,0.0,100.000000,27,9.5,0.0,0.0,0.0,0.0,0.0,0.0,1.0
26145,0,1,3400,-66,66,623,14,19,4.0,0.0,100.000000,27,9.5,0.0,0.0,0.0,0.0,0.0,0.0,1.0
26394,0,1,3400,-66,66,631,14,20,4.0,0.0,100.000000,27,9.5,0.0,0.0,0.0,0.0,0.0,0.0,1.0
26643,0,1,3400,-66,66,626,14,19,4.0,0.0,100.000000,27,9.4,0.0,0.0,0.0,0.0,0.0,0.0,1.0
26892,0,1,3400,-66,66,619,17,19,2.0,306112.000000,0,27,7.0,581,132288.000000,19,0.0,0.0,0.0,1.0
27141,0,1,3400,-66,66,622,18,19,0.75,523296.000000,0,27,3.3,0.0,44192.000000,18,0.0,0.0,0.0,1.0
27390,0,1,3400,-66,66,622,18,20,0.67,540000.000000,0,27,3.5,0.0,0.0,0.0,0.0,0.0,0.0,1.0
27639,0,1,3400,-66,66,622,16,19,0.67,464832.000000,0,27,3.5,0.0,0.0,0.0,0.0,0.0,0.0,1.0
27888,0,1,3400,-66,66,627,15,19,0.75,438080.000000,0,27,4.5,0.0,30240.000000,35,0.0,0.0,0.0,1.0
28137,0,1,3400,-66,66,628,18,19,0.77,546592.000000,0,27,7.0,0.0,0.0,0.0,0.0,0.0,0.0,1.0
28386,0,1,3400,-66,66,627,17,19,0.73,529440.000000,0,27,7.0,0.0,0.0,0.0,0.0,0.0,0.0,1.0
28635,0,1,3400,-66,66,623,18,19,0.79,503136.000000,0,27,7.0,0.0,0.0,0.0,0.0,0.0,0.0,1.0
28884,0,1,3400,-67,67,626,17,19,0.74,423680.000000,0,27,6.5,0.0,47296.000000,0,0.0,0.0,0.0,1.0
29133,0,1,3400,-67,67,624,17,18,0.78,490624.000000,0,27,7.0,0.0,0.0,0.0,0.0,0.0,0.0,1.0
29382,0,1,3400,-67,67,625,14,19,0.61,420960.000000,0,27,7.0,0.0,0.0,0.0,0.0,0.0,0.0,1.0
29631,0,1,3400,-67,67,625,16,18,0.62,445024.000000,0,27,7.0,0.0,0.0,0.0,0.0,0.0,0.0,1.0
29880,0,1,3400,-67,67,628,18,19,0.65,549696.000000,0,27,7.8,0.0,50624.000000,31,0.0,0.0,0.0,1.0
30129,0,1,3400,-67,67,626,18,19,0.65,500480.000000,0,27,9.5,0.0,0.0,0.0,0.0,0.0,0.0,1.0
30378,0,1,3400,-66,66,627,18,19,0.77,530624.000000,0,27,9.5,0.0,0.0,0.0,0.0,0.0,0.0,1.0
30627,0,1,3400,-66,66,625,18,19,0.78,562432.000000,0,27,9.5,0.0,0.0,0.0,0.0,0.0,0.0,1.0
30876,0,1,3400,-66,66,627,13,19,0.67,365120.000000,0,27,8.6,0.0,72448.000000,23,0.0,0.0,0.0,1.0
31125,0,1,3400,-66,66,628,16,20,0.67,476480.000000,0,27,9.0,0.0,0.0,0.0,0.0,0.0,0.0,1.0
31374,0,1,3400,-66,66,627,18,19,0.79,534048.000000,0,27,9.0,0.0,0.0,0.0,0.0,0.0,0.0,1.0
31623,0,1,3400,-66,66,628,18,19,0.76,508448.000000,0,27,8.9,0.0,0.0,0.0,0.0,0.0,0.0,1.0
31872,0,1,3400,-67,67,626,17,19,0.67,483616.000000,0,27,8.5,0.0,18848.000000,33,0.0,0.0,0.0,1.0
32121,0,1,3400,-67,67,625,18,18,0.80,528864.000000,0,27,8.5,0.0,0.0,0.0,0.0,0.0,0.0,1.0
32370,0,1,3400,-67,67,626,18,18,0.78,524960.000000,0,27,8.5,0.0,0.0,0.0,0.0,0.0,0.0,1.0
32619,0,1,3400,-67,67,628,17,18,0.72,440544.000000,0,27,8.5,0.0,0.0,0.0,0.0,0.0,0.0,1.0
32868,0,1,3400,-67,67,624,14,18,0.63,383584.000000,0,27,8.2,0.0,84384.000000,30,0.0,0.0,0.0,1.0
33117,0,1,3400,-67,67,624,17,18,0.77,494880.000000,0,27,9.0,0.0,0.0,0.0,0.0,0.0,0.0,1.0
33366,0,1,3400,-67,67,626,15,18,0.64,447872.000000,0,27,9.0,0.0,0.0,0.0,0.0,0.0,0.0,1.0
33615,0,1,3400,-67,67,628,16,18,0.66,459712.000000,0.5,27,9.0,0.0,0.0,0.0,0.0,0.0,0.0,1.0
33864,0,1,3400,-67,67,630,18,18,0.87,514880.000000,0,27,8.6,0.0,35232.000000,0,0.0,0.0,0.0,1.0
34113,0,1,3400,-67,67,628,18,18,0.80,522560.000000,0,27,8.0,0.0,0.0,0.0,0.0,0.0,0.0,1.0
34362,0,1,3400,-67,67,625,16,18,0.71,505984.000000,0,27,8.0,0.0,0.0,0.0,0.0,0.0,0.0,1.0
34611,0,1,3400,-67,67,621,18,18,0.81,528288.000000,0,27,8.0,0.0,0.0,0.0,0.0,0.0,0.0,1.0
34860,0,1,3400,-67,67,624,17,18,0.87,392416.000000,3,27,8.2,0.0,28704.000000,33,0.0,0.0,0.0,1.0
35109,0,1,3400,-67,67,626,16,18,0.82,381120.000000,2,27,8.9,0.0,0.0,0.0,0.0,0.0,0.0,1.0
35358,0,1,3400,-67,67,627,17,18,0.81,511552.000000,0,27,9.0,0.0,0.0,0.0,0.0,0.0,0.0,1.0
35607,0,1,3400,-67,67,627,17,18,0.81,472352.000000,0,27,8.9,0.0,0.0,0.0,0.0,0.0,0.0,1.0
35856,0,1,3400,-67,67,624,17,18,0.74,418144.000000,0,27,8.9,0.0,31264.000000,33,0.0,0.0,0.0,1.0
36105,0,1,3400,-67,67,622,18,18,1.4,414624.000000,20,27,8.9,0.0,0.0,0.0,0.0,0.0,0.0,1.0
36354,0,1,3400,-67,67,626,16,18,0.91,410048.000000,5,27,9.0,0.0,0.0,0.0,0.0,0.0,0.0,1.0
36603,0,1,3400,-67,67,624,16,18,0.72,449824.000000,0,27,8.9,0.0,0.0,0.0,0.0,0.0,0.0,1.0
36852,0,1,3400,-67,67,628,15,18,0.63,342912.000000,0,27,10,0.0,110368.000000,30,0.0,0.0,0.0,1.0
37101,0,1,3400,-67,67,627,17,18,0.88,416352.000000,4,27,14,0.0,0.0,0.0,0.0,0.0,0.0,1.0
37350,0,1,3400,-67,67,622,20,18,1.5,532224.000000,14,27,14,0.0,0.0,0.0,0.0,0.0,0.0,1.0
37599,0,1,3400,-67,67,626,20,18,1.7,378368.000000,28,27,14,0.0,0.0,0.0,0.0,0.0,0.0,1.0
37848,0,1,3400,-68,68,628,17,18,1.2,404672.000000,13,27,10,0.0,39392.000000,4,0.0,0.0,0.0,1.0
38097,0,1,3400,-68,68,627,15,18,0.56,439712.000000,0,27,4.5,0.0,0.0,0.0,0.0,0.0,0.0,1.0
38346,0,1,3400,-68,68,623,14,17,0.51,425152.000000,0,27,4.5,0.0,0.0,0.0,0.0,0.0,0.0,1.0
38595,0,1,3400,-68,68,629,14,17,0.51,421632.000000,0,27,4.5,0.0,0.0,0.0,0.0,0.0,0.0,1.0
38844,0,1,3400,-68,68,625,16,18,0.74,505088.000000,0,27,7.7,215,0.0,80,0.0,0.0,0.0,1.0
39093,0,1,3400,-67,67,625,15,18,0.64,417664.000000,0,27,9.9,0.0,1568.000000,25,0.0,0.0,0.0,1.0
39342,0,1,3400,-67,67,622,15,18,0.64,433024.000000,0,27,12,0.0,113120.000000,37,0.0,0.0,0.0,1.0
39591,0,1,3400,-67,67,628,16,18,0.69,429216.000000,0,27,12,0.0,0.0,0.0,0.0,0.0,0.0,1.0
39840,0,1,3400,-68,68,627,15,17,0.61,413888.000000,0,27,11,0.0,28704.000000,20,0.0,0.0,0.0,1.0
40089,0,1,3400,-68,68,627,14,17,0.51,384448.000000,0,27,8.9,0.0,0.0,0.0,0.0,0.0,0.0,1.0
40338,0,1,3400,-68,68,630,15,17,0.53,415424.000000,0,27,9.0,0.0,0.0,0.0,0.0,0.0,0.0,1.0
40587,0,1,3400,-68,68,621,15,17,0.59,429440.000000,0,27,8.9,0.0,0.0,0.0,0.0,0.0,0.0,1.0
40836,0,1,3400,-68,68,622,14,17,0.51,356352.000000,0,27,8.5,0.0,52640.000000,38,0.0,0.0,0.0,1.0
41085,0,1,3400,-68,68,626,14,17,0.52,401536.000000,0,27,8.0,0.0,0.0,0.0,0.0,0.0,0.0,1.0
41334,0,1,3400,-68,68,626,15,17,0.62,430240.000000,0,27,8.0,0.0,0.0,0.0,0.0,0.0,0.0,1.0
41583,0,1,3400,-68,68,624,14,17,0.54,411872.000000,0,27,8.0,0.0,0.0,0.0,0.0,0.0,0.0,1.0
41832,0,1,3400,-69,69,622,13,16,0.52,368448.000000,0,27,7.6,0.0,44768.000000,21,0.0,0.0,0.0,1.0
42081,0,1,3400,-69,69,621,13,16,0.51,332256.000000,0,27,7.0,0.0,0.0,0.0,0.0,0.0,0.0,1.0
42330,0,1,3400,-69,69,619,13,16,0.53,356192.000000,0,27,7.0,0.0,0.0,0.0,0.0,0.0,0.0,1.0
42579,0,1,3400,-69,69,623,13,16,0.55,345824.000000,0,27,7.0,0.0,0.0,0.0,0.0,0.0,0.0,1.0
42828,0,1,3400,-70,70,622,12,16,0.53,318272.000000,0,27,7.2,0.0,72960.000000,7,0.0,0.0,0.0,1.0
43077,0,1,3400,-70,70,626,13,16,0.53,329920.000000,0,27,8.0,0.0,0.0,0.0,0.0,0.0,0.0,1.0
43326,0,1,3400,-70,70,628,12,15,0.53,310976.000000,0,27,8.0,0.0,0.0,0.0,0.0,0.0,0.0,1.0
43575,0,1,3400,-70,70,624,12,15,0.58,316192.000000,0.5,27,7.9,0.0,0.0,0.0,0.0,0.0,0.0,1.0
43824,0,1,3400,-71,71,624,12,15,0.58,310176.000000,0,27,9.1,0.0,49824.000000,31,0.0,0.0,0.0,1.0
44073,0,1,3400,-71,71,622,12,14,0.60,305568.000000,0,27,6.5,0.0,1568.000000,0,0.0,0.0,0.0,1.0
44322,0,1,3400,-71,71,625,12,14,0.63,305760.000000,0,27,6.0,0.0,0.0,0.0,0.0,0.0,0.0,1.0
44571,0,1,3400,-71,71,629,21,14,3.3,43904.000000,82,27,5.9,0.0,0.0,0.0,0.0,0.0,0.0,1.0
44820,0,1,3400,-71,71,625,24,14,4.0,0.0,100.000000,27,6.0,0.0,0.0,0.0,0.0,0.0,0.0,1.0
45069,0,1,3400,-71,71,631,24,14,4.0,0.0,100.000000,27,6.0,0.0,0.0,0.0,0.0,0.0,0.0,1.0
45318,0,1,3400,-71,71,630,24,14,4.0,8000.000000,99,27,6.0,0.0,0.0,0.0,0.0,0.0,0.0,1.0
45567,0,1,3400,-71,71,627,24,14,4.0,12000.000000,98,27,6.0,0.0,0.0,0.0,0.0,0.0,0.0,1.0
45816,0,1,3400,-71,71,628,23,14,4.0,0.0,0.0,27,6.0,0.0,0.0,0.0,0.0,0.0,0.0,1.0
46065,0,1,3400,-71,71,625,23,14,4.0,0.0,0.0,27,6.0,0.0,0.0,0.0,0.0,0.0,0.0,1.0
46314,0,1,3400,-71,71,623,18,15,2.4,179552.000000,21,27,6.6,581,4256.000000,0,0.0,0.0,0.0,1.0
46563,0,1,3400,-71,71,629,10,14,0.54,262624.000000,0,27,8.0,0.0,180032.000000,7,0.0,0.0,0.0,1.0
46812,0,1,3400,-71,71,626,11,14,0.58,317312.000000,0,27,6.7,0.0,32960.000000,0,0.0,0.0,0.0,1.0
47061,0,1,3400,-71,71,621,11,14,0.57,288640.000000,0,27,6.7,0.0,16576.000000,0,0.0,0.0,0.0,1.0
47310,0,1,3400,-71,71,622,11,14,0.59,313504.000000,0,27,7.9,0.0,0.0,0.0,0.0,0.0,0.0,1.0
47559,0,1,3400,-71,71,624,9.9,14,0.54,261728.000000,0,27,8.0,0.0,7200.000000,0,0.0,0.0,0.0,1.0
47808,0,1,3400,-72,72,627,10.0,13,0.53,266784.000000,0,27,7.2,0.0,60768.000000,0,0.0,0.0,0.0,1.0
48057,0,1,3400,-72,72,631,9.9,13,0.54,273728.000000,0,27,8.0,0.0,0.0,0.0,0.0,0.0,0.0,1.0
48306,0,1,3400,-72,72,626,9.9,13,0.54,269152.000000,0,27,8.0,0.0,18752.000000,0,0.0,0.0,0.0,1.0
48555,0,1,3400,-72,72,623,9.8,13,0.55,238336.000000,0,27,9.4,0.0,11936.000000,0,0.0,0.0,0.0,1.0
48804,0,1,3400,-72,72,625,10,14,0.55,282176.000000,0,27,9.3,0.0,63200.000000,0,0.0,0.0,0.0,1.0
49053,0,1,3400,-71,71,624,11,14,0.58,298848.000000,0,27,10,0.0,0.0,0.0,0.0,0.0,0.0,1.0
49302,0,1,3400,-71,71,624,12,15,0.58,332320.000000,0,27,10,0.0,0.0,0.0,0.0,0.0,0.0,1.0
49551,0,1,3400,-71,71,624,11,14,0.55,286464.000000,0,27,10,0.0,0.0,0.0,0.0,0.0,0.0,1.0
49800,0,1,3400,-71,71,631,10,14,0.52,269152.000000,0,27,7.9,0.0,30048.000000,8,0.0,0.0,0.0,1.0
50049,0,1,3400,-71,71,623,11,14,0.57,293344.000000,0,27,5.5,0.0,0.0,0.0,0.0,0.0,0.0,1.0
50298,0,1,3400,-71,71,624,10.0,14,0.52,271840.000000,0,27,5.5,0.0,0.0,0.0,0.0,0.0,0.0,1.0
50547,0,1,3400,-71,71,623,11,14,0.55,290528.000000,0,27,5.5,0.0,0.0,0.0,0.0,0.0,0.0,1.0
50796,0,1,3400,-72,72,624,10,14,0.55,282304.000000,0,27,5.4,0.0,34784.000000,12,0.0,0.0,0.0,1.0
51045,0,1,3400,-72,72,623,10,13,0.55,263520.000000,0,27,5.5,0.0,0.0,0.0,0.0,0.0,0.0,1.0
51294,0,1,3400,-72,72,625,10.0,13,0.59,273344.000000,0,27,5.5,0.0,0.0,0.0,0.0,0.0,0.0,1.0
51543,0,1,3400,-72,72,625,10,13,0.59,274688.000000,0,27,5.5,0.0,0.0,0.0,0.0,0.0,0.0,1.0
51792,0,1,3400,-72,72,622,10,13,0.60,273408.000000,0,27,5.8,0.0,78176.000000,9,0.0,0.0,0.0,1.0
52041,0,1,3400,-72,72,620,9.9,13,0.55,259904.000000,0,27,7.4,0.0,0.0,0.0,0.0,0.0,0.0,1.0
52290,0,1,3400,-72,72,625,10.0,13,0.57,273184.000000,0,27,7.5,0.0,0.0,0.0,0.0,0.0,0.0,1.0
52539,0,1,3400,-72,72,625,10.0,13,0.54,273344.000000,0,27,7.5,0.0,0.0,0.0,0.0,0.0,0.0,1.0
52788,0,1,3400,-72,72,625,9.9,13,0.53,254784.000000,0,27,7.9,295,0.0,80,0.0,0.0,0.0,1.0
53037,0,1,3400,-71,71,627,10,14,0.55,282912.000000,0,27,9.0,295,0.0,0.0,0.0,0.0,0.0,1.0
53286,0,1,3400,-71,71,629,11,14,0.57,290752.000000,0,27,8.7,0.0,92896.000000,12,0.0,0.0,0.0,1.0
53535,0,1,3400,-71,71,631,12,15,0.60,353440.000000,0,27,9.0,0.0,0.0,0.0,0.0,0.0,0.0,1.0
53784,0,1,3400,-71,71,627,12,15,0.54,318784.000000,0,27,9.6,0.0,14656.000000,44,0.0,0.0,0.0,1.0
54033,0,1,3400,-70,70,620,12,15,0.56,338208.000000,0,27,6.5,0.0,1568.000000,0,0.0,0.0,0.0,1.0
54282,0,1,3400,-70,70,622,12,15,0.55,344032.000000,0,27,4.6,0.0,9376.000000,0,0.0,0.0,0.0,1.0
54531,0,1,3400,-70,70,623,12,15,0.55,331296.000000,0,27,4.5,0.0,0.0,0.0,0.0,0.0,0.0,1.0
54780,0,1,3400,-70,70,624,12,15,0.53,352928.000000,0,27,7.7,0.0,55968.000000,0,0.0,0.0,0.0,1.0
55029,0,1,3400,-70,70,624,12,15,0.54,294592.000000,0,27,14,0.0,11936.000000,0,0.0,0.0,0.0,1.0
55278,0,1,3400,-70,70,627,12,15,0.54,267520.000000,0,27,14,0.0,0.0,0.0,0.0,0.0,0.0,1.0
55527,0,1,3400,-70,70,628,12,15,0.53,339136.000000,0,27,14,0.0,0.0,0.0,0.0,0.0,0.0,1.0
55776,0,1,3400,-70,70,625,13,16,0.56,382752.000000,0,27,13,0.0,59776.000000,25,0.0,0.0,0.0,1.0
56025,0,1,3400,-69,69,622,13,16,0.54,409440.000000,0,27,12,0.0,0.0,0.0,0.0,0.0,0.0,1.0
56274,0,1,3400,-69,69,627,14,16,0.53,439744.000000,0,27,12,0.0,0.0,0.0,0.0,0.0,0.0,1.0
56523,0,1,3400,-69,69,626,13,16,0.55,423616.000000,0,27,12,0.0,0.0,0.0,0.0,0.0,0.0,1.0
56772,0,1,3400,-69,69,626,13,16,0.53,191008.000000,0,27,12,55,0.0,50,0.0,0.0,0.0,1.0
57021,0,1,3400,-69,69,627,12,16,0.55,192384.000000,0,27,12,55,0.0,100.000000,0.0,0.0,0.0,1.0
57270,0,1,3400,-69,69,622,13,16,0.56,368544.000000,0,27,7.1,0.0,3456.000000,0,0.0,0.0,0.0,1.0
57519,0,1,3400,-69,69,626,12,15,0.53,335552.000000,0,27,0.092,0.0,1568.000000,0,0.0,0.0,0.0,1.0
57768,0,1,3400,-70,70,630,11,15,0.51,297440.000000,0,27,3.9,0.0,48544.000000,10,0.0,0.0,0.0,1.0
58017,0,1,3400,-70,70,628,12,15,0.54,340032.000000,0,27,11,0.0,0.0,0.0,0.0,0.0,0.0,1.0
58266,0,1,3400,-70,70,624,12,15,0.56,331616.000000,0,27,12,0.0,0.0,0.0,0.0,0.0,0.0,1.0
58515,0,1,3400,-70,70,625,13,15,0.89,332032.000000,1,27,11,0.0,0.0,0.0,0.0,0.0,0.0,1.0
58764,0,1,3400,-71,71,628,12,14,0.93,249184.000000,8,27,14,0.0,144448.000000,23,0.0,0.0,0.0,1.0
59013,0,1,3400,-71,71,624,10,14,0.54,271648.000000,0,27,16,0.0,0.0,0.0,0.0,0.0,0.0,1.0
59262,0,1,3400,-71,71,623,10,14,0.54,262400.000000,0,27,16,0.0,0.0,0.0,0.0,0.0,0.0,1.0
59511,0,1,3400,-71,71,626,10,14,0.55,270016.000000,0,27,13,0.0,1024.000000,50,0.0,0.0,0.0,1.0
59760,0,1,3400,-71,71,627,12,14,1.00,273792.000000,8,27,9.2,0.0,32896.000000,20,0.0,0.0,0.0,1.0
60009,0,1,3400,-71,71,624,12,15,0.62,334432.000000,0,27,10,0.0,0.0,0.0,0.0,0.0,0.0,1.0
60258,0,1,3400,-71,71,623,11,14,0.60,239584.000000,0,27,10,0.0,0.0,0.0,0.0,0.0,0.0,1.0
60507,0,1,3400,-71,71,623,12,14,0.60,311552.000000,0,27,10,0.0,0.0,0.0,0.0,0.0,0.0,1.0
60756,0,1,3400,-71,71,628,9.5,14,0.56,235200.000000,0,27,12,0.0,129152.000000,34,0.0,0.0,0.0,1.0
61005,0,1,3400,-70,70,625,12,14,0.57,310624.000000,0,27,16,0.0,0.0,0.0,0.0,0.0,0.0,1.0
61254,0,1,3400,-70,70,623,12,15,0.53,293664.000000,0,27,16,0.0,0.0,0.0,0.0,0.0,0.0,1.0
61503,0,1,3400,-70,70,624,12,15,0.57,321152.000000,0,27,16,0.0,0.0,0.0,0.0,0.0,0.0,1.0
61752,0,1,3400,-70,70,630,12,15,0.56,319392.000000,0,27,13,0.0,90048.000000,10,0.0,0.0,0.0,1.0
62001,0,1,3400,-70,70,625,11,15,0.54,315744.000000,0,27,6.0,0.0,0.0,0.0,0.0,0.0,0.0,1.0
62250,0,1,3400,-70,70,625,12,15,0.54,191808.000000,0,27,5.9,0.0,0.0,0.0,0.0,0.0,0.0,1.0
62499,0,1,3400,-70,70,624,12,15,0.58,318272.000000,0,27,6.0,0.0,0.0,0.0,0.0,0.0,0.0,1.0
62748,0,1,3400,-70,70,623,12,15,0.55,300192.000000,0,27,8.4,0.0,36576.000000,0,0.0,0.0,0.0,1.0
62997,0,1,3400,-70,70,627,12,15,0.58,321088.000000,0,27,13,0.0,15520.000000,0,0.0,0.0,0.0,1.0
63246,0,1,3400,-70,70,627,12,15,0.57,327104.000000,0,27,14,0.0,0.0,0.0,0.0,0.0,0.0,1.0
63495,0,1,3400,-70,70,626,11,15,0.53,286304.000000,0,27,14,0.0,0.0,0.0,0.0,0.0,0.0,1.0
63744,0,1,3400,-70,70,622,12,15,0.53,320704.000000,0,27,13,0.0,31456.000000,0,0.0,0.0,0.0,1.0
63993,0,1,3400,-70,70,623,12,15,0.57,310560.000000,0,27,13,0.0,17056.000000,0,0.0,0.0,0.0,1.0
64242,0,1,3400,-70,70,625,12,15,0.55,316768.000000,0,27,13,0.0,0.0,0.0,0.0,0.0,0.0,1.0
64491,0,1,3400,-70,70,629,12,15,0.54,333312.000000,0,27,13,0.0,0.0,0.0,0.0,0.0,0.0,1.0
64740,0,1,3400,-70,70,626,12,15,0.56,324672.000000,0,27,13,0.0,35040.000000,14,0.0,0.0,0.0,1.0
64989,0,1,3400,-69,69,624,12,16,0.53,329344.000000,0,27,13,0.0,0.0,0.0,0.0,0.0,0.0,1.0
65238,0,1,3400,-69,69,623,12,16,0.53,338528.000000,0,27,13,0.0,0.0,0.0,0.0,0.0,0.0,1.0
65487,0,1,3400,-69,69,627,12,16,0.53,342144.000000,0,27,13,0.0,0.0,0.0,0.0,0.0,0.0,1.0
65736,0,1,3400,-70,70,631,12,15,0.52,320128.000000,0,27,13,0.0,30432.000000,0,0.0,0.0,0.0,1.0
65985,0,1,3400,-70,70,628,12,15,0.54,309600.000000,0,27,13,0.0,0.0,0.0,0.0,0.0,0.0,1.0
66234,0,1,3400,-70,70,628,12,15,0.57,302848.000000,0,27,13,0.0,0.0,0.0,0.0,0.0,0.0,1.0
66483,0,1,3400,-70,70,625,12,15,0.56,300576.000000,0,27,13,0.0,0.0,0.0,0.0,0.0,0.0,1.0
66732,0,1,3400,-70,70,622,12,15,0.55,330656.000000,0,27,13,0.0,58496.000000,12,0.0,0.0,0.0,1.0
66981,0,1,3400,-70,70,625,12,15,0.55,328416.000000,0,27,13,0.0,0.0,0.0,0.0,0.0,0.0,1.0
67230,0,1,3400,-70,70,629,12,15,0.55,268416.000000,0,27,13,0.0,0.0,0.0,0.0,0.0,0.0,1.0
67479,0,1,3400,-70,70,622,12,15,0.57,325600.000000,0,27,13,0.0,15520.000000,0,0.0,0.0,0.0,1.0
67728,0,1,3400,-71,71,624,12,14,0.56,302240.000000,0,27,13,0.0,144576.000000,34,0.0,0.0,0.0,1.0
67977,0,1,3400,-71,71,630,11,14,0.62,292288.000000,0,27,15,0.0,0.0,0.0,0.0,0.0,0.0,1.0
68226,0,1,3400,-71,71,622,11,14,0.58,265408.000000,0,27,15,0.0,0.0,0.0,0.0,0.0,0.0,1.0
68475,0,1,3400,-71,71,623,10,14,0.52,233152.000000,0,27,15,0.0,0.0,0.0,0.0,0.0,0.0,1.0
68724,0,1,3400,-71,71,620,11,14,0.57,271584.000000,0,27,11,0.0,64192.000000,0,0.0,0.0,0.0,1.0
68973,0,1,3400,-71,71,620,11,14,0.56,263520.000000,0,27,8.0,0.0,0.0,0.0,0.0,0.0,0.0,1.0
69222,0,1,3400,-71,71,627,10.0,14,0.53,207328.000000,0,27,7.9,0.0,0.0,0.0,0.0,0.0,0.0,1.0
69471,0,1,3400,-71,71,627,12,15,0.58,272768.000000,0,27,8.3,0.0,17056.000000,33,0.0,0.0,0.0,1.0
69720,0,1,3400,-71,71,627,10,14,0.52,214112.000000,0,27,8.7,0.0,15520.000000,0,0.0,0.0,0.0,1.0
69969,0,1,3400,-70,70,626,12,14,0.57,272800.000000,0,27,12,0.0,35808.000000,0,0.0,0.0,0.0,1.0
70218,0,1,3400,-70,70,627,12,15,0.55,330112.000000,0,27,12,0.0,0.0,0.0,0.0,0.0,0.0,1.0
70467,0,1,3400,-70,70,625,12,15,0.58,307072.000000,0,27,12,0.0,0.0,0.0,0.0,0.0,0.0,1.0
70716,0,1,3400,-70,70,622,12,15,0.55,262784.000000,0,27,13,0.0,93536.000000,36,0.0,0.0,0.0,1.0
70965,0,1,3400,-70,70,621,12,15,0.57,259776.000000,0,27,14,0.0,0.0,0.0,0.0,0.0,0.0,1.0
71214,0,1,3400,-70,70,624,12,15,0.55,266368.000000,0,27,14,0.0,0.0,0.0,0.0,0.0,0.0,1.0
71463,0,1,3400,-70,70,627,12,15,0.56,273152.000000,0,27,14,0.0,0.0,0.0,0.0,0.0,0.0,1.0
71712,0,1,3400,-71,71,626,12,15,0.60,313728.000000,0,27,14,0.0,127424.000000,21,0.0,0.0,0.0,1.0
71961,0,1,3400,-71,71,629,11,14,0.59,233664.000000,0,27,16,0.0,0.0,0.0,0.0,0.0,0.0,1.0
72210,0,1,3400,-71,71,624,12,15,0.62,328704.000000,0,27,15,0.0,15520.000000,0,0.0,0.0,0.0,1.0
72459,0,1,3400,-71,71,625,10,14,0.58,268384.000000,0,27,15,0.0,0.0,0.0,0.0,0.0,0.0,1.0
72708,0,1,3400,-72,72,621,11,13,1.0,197664.000000,13,27,15,0.0,0.0,0.0,0.0,0.0,0.0,1.0
72957,0,1,3400,-72,72,623,9.9,14,0.53,236544.000000,0,27,11,0.0,126720.000000,4,0.0,0.0,0.0,1.0
73206,0,1,3400,-72,72,627,11,13,0.62,275488.000000,0,27,10,0.0,0.0,0.0,0.0,0.0,0.0,1.0
73455,0,1,3400,-72,72,628,10.0,13,0.61,271520.000000,0,27,10,0.0,0.0,0.0,0.0,0.0,0.0,1.0
73704,0,1,3400,-73,73,622,9.9,13,0.64,257696.000000,0,27,12,0.0,118816.000000,12,0.0,0.0,0.0,1.0
73953,0,1,3400,-73,73,625,8.0,12,0.58,207040.000000,0,27,15,0.0,0.0,0.0,0.0,0.0,0.0,1.0
74202,0,1,3400,-73,73,627,10.0,12,0.66,270816.000000,0,27,15,0.0,0.0,0.0,0.0,0.0,0.0,1.0
74451,0,1,3400,-73,73,634,6.7,12,0.52,176512.000000,0,27,15,0.0,0.0,0.0,0.0,0.0,0.0,1.0
74700,0,1,3400,-73,73,630,8.7,12,0.62,194400.000000,0,27,14,0.0,22976.000000,0,0.0,0.0,0.0,1.0
74949,0,1,3400,-73,73,627,8.7,12,0.64,233248.000000,0,27,12,0.0,0.0,0.0,0.0,0.0,0.0,1.0
75198,0,1,3400,-73,73,625,9.3,12,0.62,227552.000000,0,27,12,0.0,0.0,0.0,0.0,0.0,0.0,1.0
75447,0,1,3400,-73,73,628,11,13,1.1,183360.000000,12,27,12,0.0,0.0,0.0,0.0,0.0,0.0,1.0
75696,0,1,3400,-73,73,630,14,12,1.7,161408.000000,32,27,12,0.0,17056.000000,0,0.0,0.0,0.0,1.0
75945,0,1,3400,-72,72,626,10,13,0.62,282912.000000,0,27,0.26,0.0,29824.000000,6,0.0,0.0,0.0,1.0
76194,0,1,3400,-72,72,622,10,13,0.56,275296.000000,0,27,2.1,0.0,9376.000000,0,0.0,0.0,0.0,1.0
76443,0,1,3400,-72,72,623,10,14,0.56,286368.000000,0,27,4.6,0.0,9376.000000,0,0.0,0.0,0.0,1.0
76692,0,1,3400,-72,72,626,10,14,0.57,276256.000000,0,27,6.5,0.0,26592.000000,0,0.0,0.0,0.0,1.0
76941,0,1,3400,-72,72,625,11,14,0.65,283136.000000,0,27,11,0.0,0.0,0.0,0.0,0.0,0.0,1.0
77190,0,1,3400,-72,72,625,12,13,1.1,212352.000000,8,27,11,0.0,0.0,0.0,0.0,0.0,0.0,1.0
77439,0,1,3400,-72,72,628,9.8,12,0.55,180576.000000,0,27,11,0.0,11936.000000,50,0.0,0.0,0.0,1.0
77688,0,1,3400,-72,72,627,12,13,1.3,194304.000000,23,27,9.9,0.0,74432.000000,24,0.0,0.0,0.0,1.0
77937,0,1,3400,-72,72,625,11,13,0.90,218560.000000,7,27,9.1,0.0,0.0,0.0,0.0,0.0,0.0,1.0
78186,0,1,3400,-72,72,629,9.9,13,0.58,262528.000000,0,27,9.0,0.0,0.0,0.0,0.0,0.0,0.0,1.0
78435,0,1,3400,-72,72,625,8.6,13,0.55,140096.000000,0,27,9.1,0.0,0.0,0.0,0.0,0.0,0.0,1.0
78684,0,1,3400,-72,72,627,8.9,13,0.56,193920.000000,0,27,8.3,0.0,42560.000000,0,0.0,0.0,0.0,1.0
78933,0,1,3400,-72,72,627,9.3,13,0.55,248960.000000,0,27,8.0,0.0,0.0,0.0,0.0,0.0,0.0,1.0
79182,0,1,3400,-72,72,625,8.6,13,0.54,226944.000000,0,27,8.0,0.0,0.0,0.0,0.0,0.0,0.0,1.0
79431,0,1,3400,-72,72,623,10,13,0.57,200512.000000,0,27,8.0,0.0,0.0,0.0,0.0,0.0,0.0,1.0
79680,0,1,3400,-72,72,626,10,14,0.54,260640.000000,0,27,7.7,0.0,49344.000000,0,0.0,0.0,0.0,1.0
79929,0,1,3400,-71,71,624,10,14,0.53,201280.000000,0,27,7.1,0.0,0.0,0.0,0.0,0.0,0.0,1.0
80178,0,1,3400,-71,71,625,10,14,0.55,210048.000000,0,27,7.1,0.0,0.0,0.0,0.0,0.0,0.0,1.0
80427,0,1,3400,-71,71,629,10,14,0.54,279648.000000,0,27,7.0,0.0,0.0,0.0,0.0,0.0,0.0,1.0
80676,0,1,3400,-72,72,627,9.8,14,0.54,188640.000000,0,27,8.6,0.0,70528.000000,12,0.0,0.0,0.0,1.0
80925,0,1,3400,-72,72,628,9.8,13,0.53,170560.000000,0,27,16,0.0,0.0,0.0,0.0,0.0,0.0,1.0
81174,0,1,3400,-72,72,624,9.9,13,0.59,249024.000000,0,27,16,0.0,0.0,0.0,0.0,0.0,0.0,1.0
81423,0,1,3400,-72,72,625,9.9,13,0.58,244128.000000,0,27,16,0.0,0.0,0.0,0.0,0.0,0.0,1.0
81672,0,1,3400,-72,72,628,9.8,13,0.56,237248.000000,0,27,15,0.0,34912.000000,0,0.0,0.0,0.0,1.0
81921,0,1,3400,-72,72,625,9.9,13,0.56,254144.000000,0,27,10,0.0,0.0,0.0,0.0,0.0,0.0,1.0
82170,0,1,3400,-72,72,627,10.0,13,0.56,266080.000000,0,27,11,0.0,0.0,0.0,0.0,0.0,0.0,1.0
82419,0,1,3400,-72,72,622,10.0,13,0.58,267104.000000,0,27,11,0.0,0.0,0.0,0.0,0.0,0.0,1.0
82668,0,1,3400,-72,72,624,9.8,13,0.57,266208.000000,0,27,11,0.0,67712.000000,0,0.0,0.0,0.0,1.0
82917,0,1,3400,-72,72,627,13,13,1.1,181920.000000,15,27,15,0.0,0.0,0.0,0.0,0.0,0.0,1.0
83166,0,1,3400,-72,72,628,12,13,1.2,106240.000000,26,27,15,0.0,0.0,0.0,0.0,0.0,0.0,1.0
83415,0,1,3400,-72,72,624,11,13,0.62,291648.000000,0,27,15,0.0,0.0,0.0,0.0,0.0,0.0,1.0
83664,0,1,3400,-72,72,629,9.8,13,0.56,225568.000000,0,27,12,0.0,31296.000000,0,0.0,0.0,0.0,1.0
83913,0,1,3400,-71,71,627,10,14,0.57,288160.000000,0,27,6.5,0.0,0.0,0.0,0.0,0.0,0.0,1.0
84162,0,1,3400,-71,71,625,10.0,14,0.51,261184.000000,0,27,6.6,0.0,0.0,0.0,0.0,0.0,0.0,1.0
84411,0,1,3400,-71,71,626,11,14,0.62,230624.000000,0.5,27,6.6,0.0,0.0,0.0,0.0,0.0,0.0,1.0
84660,0,1,3400,-71,71,621,10,14,0.53,263200.000000,0,27,10.0,0.0,35040.000000,0,0.0,0.0,0.0,1.0
84909,0,1,3400,-71,71,621,11,14,0.58,303264.000000,0,27,13,0.0,0.0,0.0,0.0,0.0,0.0,1.0
85158,0,1,3400,-71,71,624,10.0,14,0.53,264736.000000,0,27,13,0.0,0.0,0.0,0.0,0.0,0.0,1.0
85407,0,1,3400,-71,71,624,11,14,0.54,293312.000000,0,27,13,0.0,0.0,0.0,0.0,0.0,0.0,1.0
85656,0,1,3400,-71,71,627,10,14,0.54,198976.000000,0,27,13,0.0,36416.000000,0,0.0,0.0,0.0,1.0
85905,0,1,3400,-70,70,630,12,14,0.57,322816.000000,0,27,12,0.0,0.0,0.0,0.0,0.0,0.0,1.0
86154,0,1,3400,-70,70,628,12,14,0.56,298368.000000,0,27,12,0.0,0.0,0.0,0.0,0.0,0.0,1.0
86403,0,1,3400,-70,70,626,12,15,0.56,312800.000000,0,27,12,0.0,0.0,0.0,0.0,0.0,0.0,1.0
86652,0,1,3400,-70,70,626,12,15,0.60,285344.000000,0,27,12,0.0,21056.000000,58,0.0,0.0,0.0,1.0
86901,0,1,3400,-70,70,627,12,15,0.55,307424.000000,0,27,11,0.0,9376.000000,0,0.0,0.0,0.0,1.0
87150,0,1,3400,-70,70,628,12,15,0.57,263168.000000,0,27,11,0.0,0.0,0.0,0.0,0.0,0.0,1.0
87399,0,1,3400,-70,70,626,11,14,0.53,256352.000000,0,27,11,0.0,0.0,0.0,0.0,0.0,0.0,1.0
87648,0,1,3400,-70,70,628,9.0,13,0.51,261696.000000,0,27,6.2,0.0,19232.000000,6,0.0,0.0,0.0,1.0
87897,0,1,3400,-70,70,625,9.4,13,0.50,573152.000000,0,27,1.0,0.0,0.0,0.0,0.0,0.0,0.0,1.0
88146,0,1,3400,-70,70,625,9.3,13,0.50,505216.000000,0,27,1.0,0.0,0.0,0.0,0.0,0.0,0.0,1.0
88395,0,1,3400,-70,70,624,8.5,13,0.51,292448.000000,0,27,1.0,0.0,0.0,0.0,0.0,0.0,0.0,1.0
88644,0,1,3400,-70,70,624,8.8,13,0.50,356384.000000,0,27,3.9,0.0,6976.000000,33,0.0,0.0,0.0,1.0
88893,0,1,3400,-70,70,630,9.4,13,0.51,508384.000000,0,27,6.9,0.0,0.0,0.0,0.0,0.0,0.0,1.0
89142,0,1,3400,-70,70,629,9.2,13,0.51,433984.000000,0,27,6.8,0.0,0.0,0.0,0.0,0.0,0.0,1.0
89391,0,1,3400,-70,70,629,9.1,13,0.51,448416.000000,0,27,6.9,0.0,0.0,0.0,0.0,0.0,0.0,1.0
89640,0,1,3400,-70,70,628,8.6,13,0.51,435744.000000,0,27,5.3,0.0,35744.000000,0,0.0,0.0,0.0,1.0
89889,0,1,3400,-70,70,627,8.9,14,0.51,369824.000000,0,27,2.0,0.0,0.0,0.0,0.0,0.0,0.0,1.0
90138,0,1,3400,-70,70,625,9.1,13,0.51,455904.000000,0,27,2.0,0.0,0.0,0.0,0.0,0.0,0.0,1.0
90387,0,1,3400,-70,70,625,9.5,14,0.52,747360.000000,0,27,2.0,0.0,0.0,0.0,0.0,0.0,0.0,1.0
90636,0,1,3400,-70,70,622,8.6,13,0.50,400288.000000,0,27,6.9,0.0,44928.000000,18,0.0,0.0,0.0,1.0
90885,0,1,3400,-70,70,624,9.1,13,0.51,641024.000000,0,27,12,0.0,0.0,0.0,0.0,0.0,0.0,1.0
91134,0,1,3400,-70,70,627,9.0,13,0.51,738592.000000,0,27,12,0.0,0.0,0.0,0.0,0.0,0.0,1.0
91383,0,1,3400,-70,70,626,9.4,13,0.51,821440.000000,0,27,12,0.0,0.0,0.0,0.0,0.0,0.0,1.0
91632,0,1,3400,-71,71,625,7.7,13,0.51,614144.000000,0,27,12,0.0,39392.000000,40,0.0,0.0,0.0,1.0
91881,0,1,3400,-71,71,629,9.1,13,0.53,640192.000000,0,27,11,0.0,0.0,0.0,0.0,0.0,0.0,1.0
92130,0,1,3400,-71,71,625,8.8,13,0.55,538496.000000,0,27,11,0.0,0.0,0.0,0.0,0.0,0.0,1.0
92379,0,1,3400,-71,71,628,8.5,12,0.54,522944.000000,0,27,11,0.0,0.0,0.0,0.0,0.0,0.0,1.0
92628,0,1,3400,-72,72,625,8.5,12,0.54,644800.000000,0,27,11,0.0,56480.000000,50,0.0,0.0,0.0,1.0
92877,0,1,3400,-72,72,619,7.6,12,0.53,536000.000000,0,27,12,0.0,0.0,0.0,0.0,0.0,0.0,1.0
93126,0,1,3400,-72,72,623,5.8,12,0.50,554144.000000,0,27,12,0.0,0.0,0.0,0.0,0.0,0.0,1.0
93375,0,1,3400,-72,72,623,8.0,12,0.55,757472.000000,0,27,12,0.0,0.0,0.0,0.0,0.0,0.0,1.0
93624,0,1,3400,-72,72,626,8.6,12,0.54,790272.000000,0,27,11,0.0,186272.000000,15,0.0,0.0,0.0,1.0
93873,0,1,3400,-71,71,626,8.3,12,0.52,417248.000000,0,27,7.0,0.0,0.0,0.0,0.0,0.0,0.0,1.0
94122,0,1,3400,-71,71,626,9.2,12,0.54,853408.000000,0,27,7.0,0.0,0.0,0.0,0.0,0.0,0.0,1.0
94371,0,1,3400,-71,71,621,9.1,13,0.51,796480.000000,0,27,7.0,0.0,0.0,0.0,0.0,0.0,0.0,1.0
94620,0,1,3400,-71,71,621,8.7,13,0.52,568672.000000,0,27,9.3,103,15520.000000,50,0.0,0.0,0.0,1.0
94869,0,1,3400,-70,70,624,9.3,13,0.52,809696.000000,0,27,14,103,0.0,0.0,0.0,0.0,0.0,1.0
95118,0,1,3400,-70,70,629,8.9,13,0.51,751936.000000,0,27,14,0.0,120736.000000,39,0.0,0.0,0.0,1.0
95367,0,1,3400,-70,70,626,8.3,13,0.50,394176.000000,0,27,14,0.0,0.0,0.0,0.0,0.0,0.0,1.0
95616,0,1,3400,-70,70,623,8.0,13,0.51,331328.000000,0.8,27,13,0.0,35456.000000,0,0.0,0.0,0.0,1.0
95865,0,1,3400,-70,70,624,9.2,13,0.51,818784.000000,0,27,12,0.0,0.0,0.0,0.0,0.0,0.0,1.0
96114,0,1,3400,-70,70,626,8.7,13,0.50,536544.000000,0,27,12,0.0,0.0,0.0,0.0,0.0,0.0,1.0
96363,0,1,3400,-70,70,632,9.2,14,0.51,723040.000000,0,27,13,0.0,0.0,0.0,0.0,0.0,0.0,1.0
96612,0,1,3400,-70,70,630,8.8,14,0.51,666560.000000,0,27,13,0.0,111488.000000,29,0.0,0.0,0.0,1.0
96861,0,1,3400,-69,69,624,8.8,14,0.50,586752.000000,0,27,15,0.0,0.0,0.0,0.0,0.0,0.0,1.0
97110,0,1,3400,-69,69,619,9.3,14,0.51,656800.000000,0,27,15,0.0,0.0,0.0,0.0,0.0,0.0,1.0
97359,0,1,3400,-69,69,624,11,14,0.51,474848.000000,0,27,15,0.0,0.0,0.0,0.0,0.0,0.0,1.0
97608,0,1,3400,-69,69,625,10,15,0.50,304960.000000,0,27,14,0.0,2592.000000,44,0.0,0.0,0.0,1.0
97857,0,1,3400,-68,68,623,9.9,15,0.50,302400.000000,0,27,12,0.0,0.0,0.0,0.0,0.0,0.0,1.0
98106,0,1,3400,-68,68,627,11,15,0.50,274784.000000,0,27,12,0.0,0.0,0.0,0.0,0.0,0.0,1.0
98355,0,1,3400,-68,68,628,10,15,0.50,236960.000000,0,27,12,0.0,0.0,0.0,0.0,0.0,0.0,1.0
98604,0,1,3400,-68,68,627,11,15,0.50,394752.000000,0,27,10,0.0,50432.000000,16,0.0,0.0,0.0,1.0
98853,0,1,3400,-68,68,627,10,15,0.50,480032.000000,0,27,8.9,0.0,0.0,0.0,0.0,0.0,0.0,1.0
99102,0,1,3400,-68,68,626,11,15,0.51,631424.000000,0,27,8.9,0.0,0.0,0.0,0.0,0.0,0.0,1.0
99351,0,1,3400,-68,68,624,11,15,0.50,470688.000000,0,27,9.0,0.0,0.0,0.0,0.0,0.0,0.0,1.0
99600,0,1,3400,-69,69,628,9.0,15,0.50,317344.000000,0,27,7.4,0.0,57536.000000,28,0.0,0.0,0.0,1.0
99849,0,1,3400,-69,69,627,11,14,0.74,561952.000000,0,27,7.1,0.0,0.0,0.0,0.0,0.0,0.0,1.0
100098,0,1,3400,-69,69,628,9.7,14,0.50,484512.000000,0,27,7.0,0.0,0.0,0.0,0.0,0.0,0.0,1.0
100347,0,1,3400,-69,69,625,9.5,14,0.50,352064.000000,0,27,7.0,0.0,0.0,0.0,0.0,0.0,0.0,1.0
100596,0,1,3400,-69,69,624,11,14,0.77,673984.000000,0,27,6.9,0.0,67968.000000,18,0.0,0.0,0.0,1.0
100845,0,1,3400,-69,69,625,10,14,0.53,545728.000000,0,27,9.0,0.0,0.0,0.0,0.0,0.0,0.0,1.0
101094,0,1,3400,-69,69,630,10,14,0.51,703936.000000,0,27,4.8,0.0,1568.000000,0,0.0,0.0,0.0,1.0
101343,0,1,3400,-69,69,624,10,14,0.51,583648.000000,0,27,4.5,0.0,0.0,0.0,0.0,0.0,0.0,1.0
101592,0,1,3400,-70,70,624,9.6,14,0.52,297056.000000,0,27,5.7,295,0.0,80,0.0,0.0,0.0,1.0
101841,0,1,3400,-70,70,624,8.6,13,0.50,460928.000000,0,27,8.8,0.0,12224.000000,0,0.0,0.0,0.0,1.0
102090,0,1,3400,-70,70,627,6.1,13,0.50,346368.000000,0,27,14,0.0,46560.000000,77,0.0,0.0,0.0,1.0
102339,0,1,3400,-70,70,625,9.4,13,0.52,664640.000000,0,27,14,0.0,0.0,0.0,0.0,0.0,0.0,1.0
102588,0,1,3400,-71,71,625,7.9,13,0.50,321920.000000,0,27,12,0.0,88128.000000,20,0.0,0.0,0.0,1.0
102837,0,1,3400,-71,71,626,8.6,13,0.52,419520.000000,0,27,11,0.0,1568.000000,40,0.0,0.0,0.0,1.0
103086,0,1,3400,-71,71,627,9.0,12,0.54,496832.000000,0,27,5.9,0.0,0.0,100.000000,0.0,0.0,0.0,1.0
103335,0,1,3400,-71,71,627,8.8,12,0.53,584992.000000,0,27,5.6,0.0,17088.000000,0,0.0,0.0,0.0,1.0
103584,0,1,3400,-71,71,631,7.5,12,0.51,451680.000000,0,27,6.5,0.0,26496.000000,36,0.0,0.0,0.0,1.0
103833,0,1,3400,-71,71,630,8.6,12,0.55,365792.000000,0,27,6.4,0.0,0.0,0.0,0.0,0.0,0.0,1.0
104082,0,1,3400,-71,71,624,9.0,12,0.54,687808.000000,0,27,6.0,0.0,1568.000000,0,0.0,0.0,0.0,1.0
104331,0,1,3400,-71,71,628,8.5,12,0.52,636768.000000,0,27,8.9,0.0,27456.000000,43,0.0,0.0,0.0,1.0
104580,0,1,3400,-71,71,627,8.0,12,0.53,365984.000000,0.6,27,13,0.0,31456.000000,0,0.0,0.0,0.0,1.0
104829,0,1,3400,-71,71,630,9.0,12,0.53,333408.000000,0,27,13,0.0,0.0,0.0,0.0,0.0,0.0,1.0
105078,0,1,3400,-71,71,620,8.6,12,0.54,374592.000000,0,27,13,0.0,0.0,0.0,0.0,0.0,0.0,1.0
105327,0,1,3400,-71,71,622,9.1,12,0.55,718464.000000,0,27,13,0.0,0.0,0,0.0,0.0,0.0,1.0
105576,0,1,3400,-71,71,620,10,12,1.1,493056.000000,18,27,14,0.0,150720.000000,46,0.0,0.0,0.0,1.0
105825,0,1,3400,-71,71,624,8.6,12,0.58,470912.000000,0.6,27,16,0.0,0.0,0.0,0.0,0.0,0.0,1.0
106074,0,1,3400,-71,71,627,8.3,12,0.52,438400.000000,0,27,16,0.0,0.0,0.0,0.0,0.0,0.0,1.0
106323,0,1,3400,-71,71,627,8.0,12,0.52,368448.000000,0,27,16,0.0,0.0,0.0,0.0,0.0,0.0,1.0
106572,0,1,3400,-71,71,628,7.6,12,0.50,160352.000000,0,27,13,0.0,65696.000000,11,0.0,0.0,0.0,1.0
106821,0,1,3400,-71,71,626,8.4,12,0.52,213152.000000,0,27,14,0.0,0.0,0.0,0.0,0.0,0.0,1.0
107070,0,1,3400,-71,71,625,8.1,12,0.51,164576.000000,0,27,14,0.0,0.0,0.0,0.0,0.0,0.0,1.0
107319,0,1,3400,-71,71,628,8.9,12,0.53,601472.000000,0,27,14,0.0,0.0,0,0.0,0.0,0.0,1.0
107568,0,1,3400,-71,71,627,7.7,12,0.55,405312.000000,0.6,27,7.5,0.0,61632.000000,16,0.0,0.0,0.0,1.0
107817,0,1,3400,-71,71,627,7.7,12,0.51,239008.000000,0,27,12,0.0,0.0,0.0,0.0,0.0,0.0,1.0
108066,0,1,3400,-71,71,628,7.6,12,0.50,179104.000000,0,27,12,0.0,0.0,0.0,0.0,0.0,0.0,1.0
108315,0,1,3400,-71,71,627,7.9,12,0.52,251680.000000,0,27,12,0.0,0.0,0.0,0.0,0.0,0.0,1.0
108564,0,1,3400,-71,71,630,7.7,12,0.51,296064.000000,0,27,11,0.0,124352.000000,10,0.0,0.0,0.0,1.0
108813,0,1,3400,-71,71,621,8.2,12,0.52,385824.000000,0,27,13,0.0,0.0,100.000000,0.0,0.0,0.0,1.0
109062,0,1,3400,-71,71,627,9.0,12,0.52,430560.000000,0,27,13,0.0,0.0,0.0,0.0,0.0,0.0,1.0
109311,0,1,3400,-71,71,623,7.7,12,0.53,416384.000000,0,27,13,0.0,0.0,0.0,0.0,0.0,0.0,1.0
109560,0,1,3400,-71,71,627,8.7,12,0.53,543712.000000,0,27,11,0.0,76384.000000,14,0.0,0.0,0.0,1.0
109809,0,1,3400,-71,71,629,8.6,12,0.52,537280.000000,0,27,8.4,0.0,1568.000000,57,0.0,0.0,0.0,1.0
110058,0,1,3400,-71,71,629,8.6,12,0.51,523200.000000,0,27,5.8,0.0,0.0,0.0,0.0,0.0,0.0,1.0
110307,0,1,3400,-71,71,624,7.4,12,0.53,502080.000000,0,27,6.0,0.0,0.0,0.0,0.0,0.0,0.0,1.0
110556,0,1,3400,-72,72,619,6.0,12,0.51,302560.000000,0,27,7.2,0.0,39232.000000,13,0.0,0.0,0.0,1.0
110805,0,1,3400,-72,72,619,6.6,12,0.52,320701.187500,0,27,6.3,0.0,4239.043945,57,0.0,0.0,0.0,1.0
111054,0,1,3400,-72,72,625,5.7,12,0.50,349024.000000,0,27,8.9,0.0,0.0,0.0,0.0,0.0,0.0,1.0
111303,0,1,3400,-72,72,629,6.3,12,0.53,150144.000000,0,27,8.7,0.0,0.0,0.0,0.0,0.0,0.0,1.0
111552,0,1,3400,-72,72,627,6.0,12,0.50,155616.000000,0,27,6.8,0.0,49856.000000,0,0.0,0.0,0.0,1.0
111801,0,1,3400,-72,72,625,5.4,11,0.50,146048.000000,0,27,4.4,0.0,0.0,0.0,0.0,0.0,0.0,1.0
112050,0,1,3400,-72,72,629,5.8,11,0.50,327936.000000,0,27,4.4,0.0,0.0,0.0,0.0,0.0,0.0,1.0
112299,0,1,3400,-72,72,628,5.7,12,0.50,272416.000000,0,27,4.4,0.0,0.0,0.0,0.0,0.0,0.0,1.0
112548,0,1,3400,-72,72,629,7.5,12,0.60,211584.000000,0,27,6.8,0.0,62400.000000,22,0.0,0.0,0.0,1.0
112797,0,1,3400,-71,71,626,9.2,12,0.56,563008.000000,0,27,14,0.0,0.0,0.0,0.0,0.0,0.0,1.0
113046,0,1,3400,-71,71,624,8.6,12,0.52,436160.000000,0,27,14,0.0,0.0,0.0,0.0,0.0,0.0,1.0
113295,0,1,3400,-71,71,630,9.0,12,0.53,411616.000000,0,27,14,0.0,0.0,0.0,0.0,0.0,0.0,1.0
113544,0,1,3400,-71,71,627,7.9,12,0.51,202272.000000,0,27,13,0.0,69568.000000,19,0.0,0.0,0.0,1.0
113793,0,1,3400,-71,71,625,8.5,12,0.51,367520.000000,0,27,0.65,0.0,7328.000000,18,0.0,0.0,0.0,1.0
114042,0,1,3400,-71,71,624,8.6,12,0.52,369056.000000,0,27,0.0,0.0,0.0,0.0,0.0,0.0,0.0,1.0
114291,0,1,3400,-71,71,617,8.3,12,0.51,214464.000000,0,27,0.0,0.0,0.0,0.0,0.0,0.0,0.0,1.0
114540,0,1,3400,-71,71,625,7.1,12,0.50,307712.000000,0,27,0.85,0.0,30688.000000,4,0.0,0.0,0.0,1.0
114789,0,1,3400,-71,71,629,8.6,12,0.51,433792.000000,0,27,1.9,0.0,0.0,0.0,0.0,0.0,0.0,1.0
115038,0,1,3400,-71,71,623,7.9,12,0.51,425664.000000,0,27,2.0,0.0,0.0,0.0,0.0,0.0,0.0,1.0
115287,0,1,3400,-71,71,625,8.4,12,0.51,332352.000000,0,27,2.0,0.0,1568.000000,0,0.0,0.0,0.0,1.0
115536,0,1,3400,-71,71,626,7.5,12,0.51,339680.000000,0,27,4.2,0.0,34176.000000,29,0.0,0.0,0.0,1.0
115785,0,1,3400,-71,71,630,10,12,1.0,488288.000000,14,27,9.4,0.0,0.0,0.0,0.0,0.0,0.0,1.0
116034,0,1,3400,-71,71,629,8.2,12,0.54,337472.000000,0,27,9.4,0.0,0.0,0.0,0.0,0.0,0.0,1.0
116283,0,1,3400,-71,71,628,8.0,12,0.52,312896.000000,0,27,9.4,0.0,0.0,0.0,0.0,0.0,0.0,1.0
116532,0,1,3400,-71,71,623,8.6,12,0.53,630432.000000,0,27,9.8,295,7200.000000,57,0.0,0.0,0.0,1.0
116781,0,1,3400,-71,71,622,7.4,12,0.52,349888.000000,0,27,10,295,0.0,0.0,0.0,0.0,0.0,1.0
117030,0,1,3400,-71,71,624,8.5,12,0.51,428864.000000,0,27,7.2,0.0,2464.000000,44,0.0,0.0,0.0,1.0
117279,0,1,3400,-71,71,628,8.4,12,0.52,500352.000000,0,27,7.0,0.0,0.0,0.0,0.0,0.0,0.0,1.0
117528,0,1,3400,-71,71,630,6.8,12,0.50,297888.000000,0,27,4.6,0.0,27968.000000,0,0.0,0.0,0.0,1.0
117777,0,1,3400,-71,71,622,7.3,12,0.51,439392.000000,0,27,0.072,0.0,0.0,0.0,0.0,0.0,0.0,1.0
118026,0,1,3400,-71,71,621,9.6,13,0.52,608800.000000,0,27,0.11,0.0,0.0,0.0,0.0,0.0,0.0,1.0
118275,0,1,3400,-71,71,621,9.4,13,0.52,787680.000000,0,27,0.11,0.0,0.0,0.0,0.0,0.0,0.0,1.0
118524,0,1,3400,-71,71,621,9.3,13,0.52,749568.000000,0,27,4.0,0.0,66752.000000,8,0.0,0.0,0.0,1.0
118773,0,1,3400,-71,71,622,9.3,13,0.51,745312.000000,0,27,9.7,0.0,9376.000000,0,0.0,0.0,0.0,1.0
119022,0,1,3400,-71,71,621,9.4,12,0.53,780096.000000,0,27,10.0,0.0,19136.000000,0,0.0,0.0,0.0,1.0
119271,0,1,3400,-71,71,630,9.3,12,0.57,771712.000000,0,27,9.5,0.0,0.0,0.0,0.0,0.0,0.0,1.0
119520,0,1,3400,-71,71,629,7.8,12,0.56,643872.000000,0,27,7.3,0.0,23456.000000,31,0.0,0.0,0.0,1.0
119769,0,1,3400,-72,72,629,6.7,12,0.52,564928.000000,0,27,1.1,0.0,0.0,0.0,0.0,0.0,0.0,1.0
120018,0,1,3400,-72,72,627,5.8,12,0.50,520448.000000,0,27,2.8,0.0,11936.000000,0,0.0,0.0,0.0,1.0
120267,0,1,3400,-72,72,623,6.4,12,0.52,562912.000000,0,27,7.0,0.0,0.0,0.0,0.0,0.0,0.0,1.0
120516,0,1,3400,-71,71,622,8.0,12,0.55,671008.000000,0,27,5.9,0.0,43232.000000,14,0.0,0.0,0.0,1.0
120765,0,1,3400,-71,71,623,6.7,12,0.52,587648.000000,0,27,0.036,0.0,0.0,0.0,0.0,0.0,0.0,1.0
121014,0,1,3400,-71,71,628,9.4,12,0.54,799200.000000,0,27,0.11,0.0,1568.000000,0,0.0,0.0,0.0,1.0
121263,0,1,3400,-71,71,631,9.3,12,0.53,804096.000000,0,27,3.8,0.0,9376.000000,50,0.0,0.0,0.0,1.0
121512,0,1,3400,-71,71,625,9.4,12,0.53,755200.000000,0,27,8.3,0.0,31456.000000,50,0.0,0.0,0.0,1.0
121761,0,1,3400,-71,71,627,9.5,13,0.52,793056.000000,0,27,13,0.0,0.0,0.0,0.0,0.0,0.0,1.0
122010,0,1,3400,-71,71,627,9.1,12,0.55,691360.000000,0,27,13,0.0,26432.000000,0,0.0,0.0,0.0,1.0
122259,0,1,3400,-71,71,630,9.5,13,0.54,804608.000000,0,27,12,0.0,0.0,0.0,0.0,0.0,0.0,1.0
122508,0,1,3400,-71,71,630,9.4,12,0.53,858368.000000,0,27,11,0.0,31328.000000,0,0.0,0.0,0.0,1.0
122757,0,1,3400,-71,71,627,6.8,13,0.50,212032.000000,0,27,10,0.0,0.0,0.0,0.0,0.0,0.0,1.0
123006,0,1,3400,-71,71,628,6.9,12,0.50,191840.000000,0,27,10,0.0,0.0,0.0,0.0,0.0,0.0,1.0
123255,0,1,3400,-71,71,629,7.6,13,0.51,232800.000000,0,27,10,0.0,0.0,0.0,0.0,0.0,0.0,1.0
123504,0,1,3400,-71,71,624,8.1,13,0.51,385920.000000,0,27,11,0.0,36448.000000,0,0.0,0.0,0.0,1.0
123753,0,1,3400,-70,70,625,7.7,13,0.51,319904.000000,0,27,10,0.0,0.0,0.0,0.0,0.0,0.0,1.0
124002,0,1,3400,-70,70,626,8.6,13,0.50,436256.000000,0,27,10,0.0,0.0,0.0,0.0,0.0,0.0,1.0
124251,0,1,3400,-70,70,625,13,13,1.6,324800.000000,36,27,10,0.0,0.0,0.0,0.0,0.0,0.0,1.0
124500,0,1,3400,-70,70,625,7.9,14,0.50,349024.000000,0,27,10,0.0,58976.000000,50,0.0,0.0,0.0,1.0
124749,0,1,3400,-70,70,626,8.7,14,0.50,411552.000000,0,27,12,0.0,0.0,0.0,0.0,0.0,0.0,1.0
124998,0,1,3400,-70,70,626,8.9,13,0.51,638400.000000,0,27,12,0.0,0.0,0.0,0.0,0.0,0.0,1.0
125247,0,1,3400,-70,70,628,7.6,14,0.51,478496.000000,0,27,12,0.0,0.0,0.0,0.0,0.0,0.0,1.0
125496,0,1,3400,-70,70,628,7.1,14,0.50,442976.000000,0,27,11,0.0,59776.000000,44,0.0,0.0,0.0,1.0
125745,0,1,3400,-69,69,630,8.9,14,0.51,444192.000000,0,27,11,0.0,0.0,0.0,0.0,0.0,0.0,1.0
125994,0,1,3400,-69,69,627,9.4,14,0.50,257088.000000,0,27,11,0.0,0.0,0.0,0.0,0.0,0.0,1.0
126243,0,1,3400,-69,69,623,11,15,0.65,278048.000000,0,27,11,0.0,0.0,0.0,0.0,0.0,0.0,1.0
126492,0,1,3400,-69,69,626,8.2,15,0.50,170080.000000,0,27,7.1,0.0,41344.000000,0,0.0,0.0,0.0,1.0
126741,0,1,3400,-68,68,626,15,15,1.4,424832.000000,19,27,3.5,0.0,0.0,0.0,0.0,0.0,0.0,1.0
126990,0,1,3400,-68,68,625,9.7,15,0.58,202496.000000,0,27,3.6,0.0,0.0,0.0,0.0,0.0,0.0,1.0
127239,0,1,3400,-68,68,624,9.9,15,0.50,199840.000000,0,27,3.6,0.0,0.0,0.0,0.0,0.0,0.0,1.0
127488,0,1,3400,-68,68,626,10,15,0.50,222848.000000,0,27,3.7,0.0,41664.000000,21,0.0,0.0,0.0,1.0
127737,0,1,3400,-68,68,625,9.6,15,0.50,167744.000000,0,27,6.0,0.0,0.0,0.0,0.0,0.0,0.0,1.0
127986,0,1,3400,-68,68,623,10,15,0.61,264992.000000,0,27,6.0,0.0,0.0,0.0,0.0,0.0,0.0,1.0
128235,0,1,3400,-68,68,626,11,15,0.63,370272.000000,0,27,6.0,0.0,0.0,0.0,0.0,0.0,0.0,1.0
128484,0,1,3400,-68,68,624,9.1,15,0.50,167392.000000,0,27,5.4,0.0,38880.000000,19,0.0,0.0,0.0,1.0
128733,0,1,3400,-67,67,622,9.9,16,0.50,208192.000000,0,27,6.0,0.0,1568.000000,0,0.0,0.0,0.0,1.0
128982,0,1,3400,-67,67,628,13,16,0.63,365408.000000,0,27,6.0,0.0,0.0,0.0,0.0,0.0,0.0,1.0
129231,0,1,3400,-67,67,625,12,16,0.66,413440.000000,0,27,6.0,0.0,0.0,0.0,0.0,0.0,0.0,1.0
129480,0,1,3400,-67,67,620,7.9,16,0.53,281536.000000,0,27,5.5,0.0,19968.000000,50,0.0,0.0,0.0,1.0
129729,0,1,3400,-66,66,622,14,17,1.0,407136.000000,17,27,4.6,0.0,0.0,0.0,0.0,0.0,0.0,1.0
129978,0,1,3400,-66,66,623,13,17,0.51,597728.000000,0,27,4.6,0.0,0.0,0.0,0.0,0.0,0.0,1.0
130227,0,1,3400,-66,66,622,13,17,0.56,507296.000000,0,27,4.6,0.0,0.0,0.0,0.0,0.0,0.0,1.0
130476,0,1,3400,-66,66,629,12,17,0.50,498112.000000,0,27,3.4,0.0,27840.000000,5,0.0,0.0,0.0,1.0
130725,0,1,3400,-66,66,626,13,17,0.50,515104.000000,0,27,0.072,0.0,0.0,0.0,0.0,0.0,0.0,1.0
130974,0,1,3400,-66,66,625,12,17,0.50,425952.000000,0,27,0.25,0.0,0.0,0.0,0.0,0.0,0.0,1.0
131223,0,1,3400,-66,66,620,13,17,0.57,562336.000000,0,27,0.29,0.0,0.0,0.0,0.0,0.0,0.0,1.0
131472,0,1,3400,-66,66,624,11,17,0.50,355136.000000,0,27,3.8,0.0,31872.000000,38,0.0,0.0,0.0,1.0
131721,0,1,3400,-66,66,630,14,17,0.64,584320.000000,0,27,12,0.0,0.0,0.0,0.0,0.0,0.0,1.0
131970,0,1,3400,-66,66,630,14,17,0.60,546016.000000,0,27,12,0.0,0.0,0.0,0.0,0.0,0.0,1.0
132219,0,1,3400,-66,66,626,13,17,0.56,473504.000000,0,27,12,0.0,0.0,0.0,0.0,0.0,0.0,1.0
132468,0,1,3400,-66,66,627,13,17,0.51,818176.000000,0,27,6.2,0.0,27616.000000,9,0.0,0.0,0.0,1.0
132717,0,1,3400,-66,66,626,14,17,0.59,879552.000000,0,27,0.032,0.0,0.0,0.0,0.0,0.0,0.0,1.0
132966,0,1,3400,-66,66,623,11,17,0.55,585184.000000,0,27,0.048,0.0,0.0,0.0,0.0,0.0,0.0,1.0
133215,0,1,3400,-66,66,622,13,17,0.52,650848.000000,0,27,0.016,0.0,0.0,0.0,0.0,0.0,0.0,1.0
133464,0,1,3400,-66,66,626,13,17,0.51,771424.000000,0,27,3.4,0.0,43072.000000,0,0.0,0.0,0.0,1.0
133713,0,1,3400,-66,66,625,15,18,0.62,1068576.000000,0,27,7.0,0.0,0.0,0.0,0.0,0.0,0.0,1.0
133962,0,1,3400,-65,65,626,15,18,0.62,1074880.000000,0,27,7.0,0.0,0.0,0.0,0.0,0.0,0.0,1.0
134211,0,1,3400,-65,65,627,15,18,0.62,977856.000000,2,27,7.0,0.0,0.0,0.0,0.0,0.0,0.0,1.0
134460,0,1,3400,-66,66,621,15,18,1.0,832480.000000,13,27,6.5,0.0,19328.000000,17,0.0,0.0,0.0,1.0
134709,0,1,3400,-66,66,620,14,17,0.51,899904.000000,0,27,5.9,0.0,0.0,0.0,0.0,0.0,0.0,1.0
134958,0,1,3400,-66,66,627,14,17,0.52,936416.000000,0,27,6.0,0.0,0.0,0.0,0.0,0.0,0.0,1.0
135207,0,1,3400,-66,66,627,14,17,0.52,912480.000000,0,27,5.9,0.0,0.0,0.0,0.0,0.0,0.0,1.0
135456,0,1,3400,-66,66,625,14,17,0.54,842560.000000,0,27,7.2,0.0,39744.000000,18,0.0,0.0,0.0,1.0
135705,0,1,3400,-66,66,619,13,17,0.51,825248.000000,0,27,8.9,0.0,0.0,0.0,0.0,0.0,0.0,1.0
135954,0,1,3400,-66,66,626,14,17,0.51,905216.000000,0,27,8.9,0.0,0.0,0.0,0.0,0.0,0.0,1.0
136203,0,1,3400,-66,66,625,14,17,0.51,895040.000000,0,27,8.9,0.0,0.0,0.0,0.0,0.0,0.0,1.0
136452,0,1,3400,-67,67,624,12,17,0.69,753888.000000,0,27,9.2,0.0,55712.000000,22,0.0,0.0,0.0,1.0
136701,0,1,3400,-67,67,624,13,16,0.51,692192.000000,0,27,10,0.0,0.0,0.0,0.0,0.0,0.0,1.0
136950,0,1,3400,-67,67,627,11,16,0.50,498848.000000,0,27,10,0.0,0.0,0.0,0.0,0.0,0.0,1.0
137199,0,1,3400,-67,67,627,11,16,0.50,313376.000000,0,27,10,0.0,0.0,0.0,0.0,0.0,0.0,1.0
137448,0,1,3400,-67,67,629,12,16,0.51,779552.000000,0,27,7.5,0.0,32544.000000,14,0.0,0.0,0.0,1.0
137697,0,1,3400,-67,67,628,11,16,0.50,629760.000000,0,27,6.0,0.0,0.0,0.0,0.0,0.0,0.0,1.0
137946,0,1,3400,-67,67,625,11,16,0.50,577024.000000,0,27,6.0,0.0,0.0,0.0,0.0,0.0,0.0,1.0
138195,0,1,3400,-67,67,621,12,16,0.51,761600.000000,0,27,6.0,0.0,0.0,0.0,0.0,0.0,0.0,1.0
138444,0,1,3400,-68,68,624,11,16,0.51,579040.000000,0,27,6.3,0.0,69312.000000,0,0.0,0.0,0.0,1.0
138693,0,1,3400,-68,68,626,10,15,0.50,348512.000000,0,27,7.9,0.0,0.0,0.0,0.0,0.0,0.0,1.0
138942,0,1,3400,-68,68,626,10,15,0.51,363008.000000,0,27,7.9,0.0,0.0,0.0,0.0,0.0,0.0,1.0
139191,0,1,3400,-68,68,627,11,15,0.50,563040.000000,0,27,7.8,0.0,0.0,0.0,0.0,0.0,0.0,1.0
139440,0,1,3400,-69,69,626,10.0,15,0.50,265184.000000,0,27,7.0,0.0,17440.000000,21,0.0,0.0,0.0,1.0
139689,0,1,3400,-69,69,627,11,15,0.51,648832.000000,0,27,0.096,0.0,0.0,0.0,0.0,0.0,0.0,1.0
139938,0,1,3400,-69,69,626,12,14,0.52,678912.000000,0,27,0.19,0.0,0.0,0.0,0.0,0.0,0.0,1.0
140187,0,1,3400,-69,69,622,10,14,0.72,336512.000000,0.7,27,0.29,0.0,0.0,0.0,0.0,0.0,0.0,1.0
140436,0,1,3400,-69,69,623,10,15,0.51,413152.000000,0,27,3.5,0.0,45152.000000,19,0.0,0.0,0.0,1.0
140685,0,1,3400,-68,68,624,12,15,0.54,602432.000000,0,27,10,0.0,0.0,0.0,0.0,0.0,0.0,1.0
140934,0,1,3400,-68,68,626,11,15,0.50,687232.000000,0,27,10,0.0,0.0,0.0,0.0,0.0,0.0,1.0
141183,0,1,3400,-68,68,630,11,15,0.50,502112.000000,0,27,11,0.0,0.0,0.0,0.0,0.0,0.0,1.0
141432,0,1,3400,-69,69,626,13,15,1.1,472320.000000,17,27,9.4,0.0,78144.000000,3,0.0,0.0,0.0,1.0
141681,0,1,3400,-69,69,627,11,15,0.51,628128.000000,0,27,8.0,0.0,0.0,0.0,0.0,0.0,0.0,1.0
141930,0,1,3400,-69,69,627,9.3,14,0.51,496736.000000,0,27,8.1,0.0,0.0,0.0,0.0,0.0,0.0,1.0
142179,0,1,3400,-69,69,627,11,14,0.51,650496.000000,0,27,8.0,0.0,0.0,0.0,0.0,0.0,0.0,1.0
142428,0,1,3400,-69,69,624,8.4,15,0.50,166656.000000,0,27,7.3,0.0,85088.000000,4,0.0,0.0,0.0,1.0
142677,0,1,3400,-68,68,626,8.6,15,0.50,155744.000000,0,27,8.0,0.0,0.0,0.0,0.0,0.0,0.0,1.0
142926,0,1,3400,-68,68,625,9.8,15,0.50,199136.000000,0,27,8.1,0.0,0.0,0.0,0.0,0.0,0.0,1.0
143175,0,1,3400,-68,68,622,11,15,0.59,294528.000000,0,27,8.1,0.0,0.0,0.0,0.0,0.0,0.0,1.0
143424,0,1,3400,-68,68,624,9.9,16,0.50,160512.000000,0,27,8.3,0.0,21504.000000,47,0.0,0.0,0.0,1.0
143673,0,1,3400,-67,67,623,11,16,0.51,325792.000000,0,27,12,0.0,0.0,100.000000,0.0,0.0,0.0,1.0
143922,0,1,3400,-67,67,625,11,16,0.51,338208.000000,0,27,12,0.0,0.0,0.0,0.0,0.0,0.0,1.0
144171,0,1,3400,-67,67,628,12,16,0.51,606272.000000,0,27,12,0.0,0.0,0.0,0.0,0.0,0.0,1.0
144420,0,1,3400,-67,67,634,11,16,0.51,431616.000000,0,27,7.9,0.0,25536.000000,0,0.0,0.0,0.0,1.0
144669,0,1,3400,-67,67,624,12,17,0.51,620320.000000,0,27,0.24,0.0,0.0,0.0,0.0,0.0,0.0,1.0
144918,0,1,3400,-66,66,621,15,17,0.63,772000.000000,0,27,0.19,0.0,0.0,0.0,0.0,0.0,0.0,1.0
145167,0,1,3400,-66,66,620,13,17,0.52,793120.000000,0,27,0.14,0.0,0.0,0.0,0.0,0.0,0.0,1.0
145416,0,1,3400,-66,66,627,14,17,0.60,823936.000000,0,27,1.7,0.0,5280.000000,33,0.0,0.0,0.0,1.0
145665,0,1,3400,-66,66,629,14,17,0.51,920800.000000,0,27,4.6,0.0,0.0,0.0,0.0,0.0,0.0,1.0
145914,0,1,3400,-66,66,628,14,17,0.52,1135360.000000,0,27,4.6,0.0,0.0,0.0,0.0,0.0,0.0,1.0
146163,0,1,3400,-66,66,625,13,17,0.51,1196256.000000,0,27,4.5,0.0,0.0,0.0,0.0,0.0,0.0,1.0
146412,0,1,3400,-67,67,627,13,16,0.51,1227840.000000,0,27,9.7,0.0,31968.000000,28,0.0,0.0,0.0,1.0
146661,0,1,3400,-67,67,627,12,16,0.52,1080672.000000,0,27,19,0.0,0.0,0.0,0.0,0.0,0.0,1.0
146910,0,1,3400,-67,67,626,11,16,0.51,1101824.000000,0,27,18,0.0,0.0,0.0,0.0,0.0,0.0,1.0
147159,0,1,3400,-67,67,625,12,16,0.51,1200832.000000,0,27,18,0.0,0.0,0.0,0.0,0.0,0.0,1.0
147408,0,1,3400,-68,68,627,14,17,0.60,534112.000000,0,27,15,0.0,36832.000000,12,0.0,0.0,0.0,1.0
147657,0,1,3400,-68,68,624,14,16,0.52,319776.000000,0,27,3.6,0.0,0.0,0.0,0.0,0.0,0.0,1.0
147906,0,1,3400,-68,68,627,13,16,0.50,58624.000000,0,27,3.6,0.0,0.0,0.0,0.0,0.0,0.0,1.0
148155,0,1,3400,-68,68,629,14,16,0.50,0.0,0.0,27,3.6,0.0,0.0,0.0,0.0,0.0,0.0,1.0
148404,0,1,3400,-68,68,623,13,16,0.51,177760.000000,0,27,4.8,0.0,54528.000000,18,0.0,0.0,0.0,1.0
148653,0,1,3400,-68,68,625,13,16,0.52,252544.000000,0,27,8.0,0.0,0.0,0.0,0.0,0.0,0.0,1.0
148902,0,1,3400,-68,68,622,23,16,3.0,17184.000000,95,27,8.2,0.0,0.0,0.0,0.0,0.0,0.0,1.0
149151,0,1,3400,-68,68,626,27,16,4.0,5024.000000,98,27,8.0,0.0,0.0,0.0,0.0,0.0,0.0,1.0
149400,0,1,3400,-68,68,629,27,16,4.0,0.0,0.0,27,8.1,0.0,0.0,0.0,0.0,0.0,0.0,1.0
149649,0,1,3400,-68,68,629,20,16,2.6,91648.000000,0,27,8.1,581,0.0,0.0,0.0,0.0,0.0,1.0
149898,0,1,3400,-68,68,626,18,17,1.5,192896.000000,13,27,0.55,0.0,29344.000000,0,0.0,0.0,0.0,1.0
150147,0,1,3400,-68,68,627,18,16,1.4,190976.000000,0,27,0.29,0.0,0.0,0.0,0.0,0.0,0.0,1.0
150396,0,1,3400,-68,68,626,14,16,0.55,353536.000000,0,27,0.096,0.0,30240.000000,3,0.0,0.0,0.0,1.0
150645,0,1,3400,-68,68,622,15,16,1.3,69792.000000,28,27,0.096,0.0,0.0,0.0,0.0,0.0,0.0,1.0
150894,0,1,3400,-68,68,625,14,17,0.51,188064.000000,0,27,0.34,0.0,0.0,0.0,0.0,0.0,0.0,1.0
151143,0,1,3400,-68,68,628,13,16,0.54,212416.000000,0,27,0.19,0.0,0.0,0.0,0.0,0.0,0.0,1.0
151392,0,1,3400,-69,69,626,11,16,0.67,209312.000000,3,27,1.7,0.0,42560.000000,20,0.0,0.0,0.0,1.0
151641,0,1,3400,-69,69,625,12,16,2.0,23712.000000,43,27,6.0,0.0,0.0,0.0,0.0,0.0,0.0,1.0
151890,0,1,3400,-69,69,626,13,16,1.3,45344.000000,33,27,6.0,0.0,0.0,0.0,0.0,0.0,0.0,1.0
152139,0,1,3400,-69,69,623,14,15,1.4,119552.000000,41,27,6.0,0.0,0.0,0.0,0.0,0.0,0.0,1.0
152388,0,1,3400,-69,69,627,5.7,16,0.51,80064.000000,0,27,5.8,0.0,1568.000000,0,0.0,0.0,0.0,1.0
152637,0,1,3400,-69,69,628,14,16,0.72,346624.000000,0,27,12,0.0,89152.000000,24,0.0,0.0,0.0,1.0
152886,0,1,3400,-69,69,624,12,15,0.56,148192.000000,0,27,12,0.0,0.0,0.0,0.0,0.0,0.0,1.0
153135,0,1,3400,-69,69,624,17,16,1.4,313152.000000,11,27,12,0.0,0.0,0.0,0.0,0.0,0.0,1.0
153384,0,1,3400,-69,69,625,14,16,1.3,201600.000000,4,27,9.4,0.0,54080.000000,17,0.0,0.0,0.0,1.0
153633,0,1,3400,-69,69,624,13,16,0.51,286176.000000,0,27,5.0,0.0,0.0,0.0,0.0,0.0,0.0,1.0
153882,0,1,3400,-68,68,624,11,16,0.92,20544.000000,21,27,5.0,0.0,0.0,0.0,0.0,0.0,0.0,1.0
154131,0,1,3400,-68,68,630,16,17,1.3,106848.000000,3,27,5.0,0.0,0.0,0.0,0.0,0.0,0.0,1.0
154380,0,1,3400,-68,68,627,14,17,0.53,366624.000000,0,27,6.4,0.0,27008.000000,36,0.0,0.0,0.0,1.0
154629,0,1,3400,-68,68,625,13,17,0.50,53376.000000,0,27,8.9,0.0,0.0,0.0,0.0,0.0,0.0,1.0
154878,0,1,3400,-68,68,628,10,17,0.51,190944.000000,0,27,8.9,0.0,0.0,0.0,0.0,0.0,0.0,1.0
155127,0,1,3400,-68,68,628,14,17,0.58,384992.000000,0,27,8.9,0.0,0.0,0.0,0.0,0.0,0.0,1.0
155376,0,1,3400,-68,68,627,13,17,0.51,278144.000000,0,27,5.7,0.0,28448.000000,4,0.0,0.0,0.0,1.0
155625,0,1,3400,-68,68,624,17,18,1.8,80896.000000,23,27,0.0,0.0,0.0,0.0,0.0,0.0,0.0,1.0
155874,0,1,3400,-67,67,625,18,18,1.4,87040.000000,9,27,0.0,0.0,0.0,0.0,0.0,0.0,0.0,1.0
156123,0,1,3400,-67,67,625,16,17,0.69,261184.000000,0,27,0.0,0.0,0.0,0.0,0.0,0.0,0.0,1.0
156372,0,1,3400,-67,67,627,12,18,0.71,241408.000000,0.9,27,2.7,0.0,56928.000000,6,0.0,0.0,0.0,1.0
156621,0,1,3400,-67,67,623,9.9,18,0.53,101536.000000,0,27,6.9,0.0,0.0,0.0,0.0,0.0,0.0,1.0
156870,0,1,3400,-66,66,624,14,18,0.72,312800.000000,0,27,6.9,0.0,0.0,0.0,0.0,0.0,0.0,1.0
157119,0,1,3400,-66,66,625,14,19,0.57,191328.000000,0,27,6.9,0.0,0.0,0.0,0.0,0.0,0.0,1.0
157368,0,1,3400,-66,66,625,11,18,0.56,129792.000000,0,27,1.6,0.0,28192.000000,13,0.0,0.0,0.0,1.0
157617,0,1,3400,-66,66,624,16,19,0.68,359744.000000,0,27,6.9,0.0,0.0,0.0,0.0,0.0,0.0,1.0
157866,0,1,3400,-65,65,627,18,20,0.66,290688.000000,0,27,7.0,0.0,0.0,0.0,0.0,0.0,0.0,1.0
158115,0,1,3400,-66,66,629,14,20,0.52,114240.000000,0,27,6.9,0.0,0.0,0.0,0.0,0.0,0.0,1.0
158364,0,1,3400,-66,66,631,14,19,0.74,188384.000000,0,27,7.6,0.0,66560.000000,16,0.0,0.0,0.0,1.0
158613,0,1,3400,-66,66,624,14,18,0.68,377856.000000,0,27,12,0.0,0.0,0.0,0.0,0.0,0.0,1.0
158862,0,1,3400,-66,66,622,14,19,0.62,104128.000000,0,27,9.3,0.0,192,14,0.0,0.0,0.0,1.0
159111,0,1,3400,-66,66,620,17,19,0.62,427776.000000,0,27,5.9,0.0,0.0,0.0,0.0,0.0,0.0,1.0
159360,0,1,3400,-66,66,621,16,19,0.55,258656.000000,0,27,8.0,0.0,34944.000000,0,0.0,0.0,0.0,1.0
159609,0,1,3400,-66,66,624,16,19,0.58,246272.000000,0,27,9.8,0.0,0.0,0.0,0.0,0.0,0.0,1.0
159858,0,1,3400,-65,65,622,17,19,0.68,359776.000000,0,27,9.7,0.0,0.0,0.0,0.0,0.0,0.0,1.0
160107,0,1,3400,-65,65,625,18,19,0.71,491328.000000,0,27,10.0,0.0,0.0,0.0,0.0,0.0,0.0,1.0
160356,0,1,3400,-65,65,627,18,19,0.75,318848.000000,0,27,11,55,0.0,80,0.0,0.0,0.0,1.0
160605,0,1,3400,-65,65,632,17,20,0.62,434144.000000,0,27,11,0.0,4480.000000,0,0.0,0.0,0.0,1.0
160854,0,1,3400,-65,65,623,18,19,0.69,536736.000000,0,27,4.5,0.0,0.0,0.0,0.0,0.0,0.0,1.0
161103,0,1,3400,-65,65,623,16,19,0.55,219200.000000,0,27,4.4,0.0,0.0,0.0,0.0,0.0,0.0,1.0
161352,0,1,3400,-65,65,623,16,19,0.54,331456.000000,0,27,5.9,55,0.0,80,0.0,0.0,0.0,1.0
161601,0,1,3400,-65,65,626,16,19,0.57,306304.000000,0,27,8.5,55,0.0,0.0,0.0,0.0,0.0,1.0
161850,0,1,3400,-65,65,626,18,20,0.69,514784.000000,0,27,4.4,0.0,4608.000000,0,0.0,0.0,0.0,1.0
162099,0,1,3400,-65,65,626,17,19,0.61,501312.000000,0,27,4.0,0.0,0.0,0.0,0.0,0.0,0.0,1.0
162348,0,1,3400,-65,65,627,17,19,0.60,284576.000000,0,27,4.0,0.0,0.0,0.0,0.0,0.0,0.0,1.0
162597,0,1,3400,-65,65,626,17,20,0.65,452480.000000,0,27,8.7,0.0,36448.000000,0,0.0,0.0,0.0,1.0
162846,0,1,3400,-65,65,621,17,19,0.68,392384.000000,0,27,10,0.0,0.0,0.0,0.0,0.0,0.0,1.0
163095,0,1,3400,-65,65,622,16,20,0.52,165152.000000,0,27,10,0.0,0.0,0.0,0.0,0.0,0.0,1.0
163344,0,1,3400,-65,65,620,18,20,0.67,429088.000000,0,27,8.6,0.0,22240.000000,18,0.0,0.0,0.0,1.0
163593,0,1,3400,-65,65,627,17,19,0.66,301088.000000,0,27,6.9,0.0,0.0,0.0,0.0,0.0,0.0,1.0
163842,0,1,3400,-65,65,629,17,19,0.61,325952.000000,0,27,6.9,0.0,0.0,0.0,0.0,0.0,0.0,1.0
164091,0,1,3400,-65,65,625,17,19,0.67,219168.000000,0,27,7.0,0.0,0.0,0.0,0.0,0.0,0.0,1.0
164340,0,1,3400,-65,65,623,17,19,0.74,305056.000000,0,27,9.2,0.0,33280.000000,33,0.0,0.0,0.0,1.0
164589,0,1,3400,-65,65,626,13,19,0.50,115488.000000,0,27,12,0.0,0.0,0.0,0.0,0.0,0.0,1.0
164838,0,1,3400,-65,65,623,17,19,0.61,394272.000000,0,27,3.4,0.0,64,50,0.0,0.0,0.0,1.0
165087,0,1,3400,-65,65,623,17,19,0.63,530336.000000,0,27,0.0,0.0,0.0,0.0,0.0,0.0,0.0,1.0
165336,0,1,3400,-65,65,627,18,19,0.72,524864.000000,0,27,1.3,0.0,34816.000000,5,0.0,0.0,0.0,1.0
165585,0,1,3400,-65,65,626,17,19,0.62,333632.000000,0,27,3.0,0.0,0.0,0.0,0.0,0.0,0.0,1.0
165834,0,1,3400,-65,65,622,18,19,0.68,560896.000000,0,27,3.0,0.0,0.0,0.0,0.0,0.0,0.0,1.0
166083,0,1,3400,-65,65,623,18,19,0.67,515936.000000,0,27,3.0,0.0,0.0,0.0,0.0,0.0,0.0,1.0
166332,0,1,3400,-65,65,626,18,20,0.74,542880.000000,0,27,5.1,215,0.0,80,0.0,0.0,0.0,1.0
166581,0,1,3400,-65,65,626,18,19,0.65,455008.000000,0,27,6.6,0.0,16672.000000,0,0.0,0.0,0.0,1.0
166830,0,1,3400,-65,65,624,17,19,0.62,386720.000000,0,27,3.5,0.0,12928.000000,0,0.0,0.0,0.0,1.0
167079,0,1,3400,-65,65,626,17,19,0.70,222336.000000,0,27,3.5,0.0,0.0,0.0,0.0,0.0,0.0,1.0
167328,0,1,3400,-65,65,624,17,19,0.64,307072.000000,0,27,6.0,303,9184.000000,20,0.0,0.0,0.0,1.0
167577,0,1,3400,-65,65,624,17,19,0.65,429536.000000,0,27,10,303,0.0,0.0,0.0,0.0,0.0,1.0
167826,0,1,3400,-65,65,626,17,19,0.65,338368.000000,0,27,1.1,0.0,18144.000000,0,0.0,0.0,0.0,1.0
168075,0,1,3400,-65,65,629,17,19,0.62,387808.000000,0,27,0.0,0.0,0.0,0.0,0.0,0.0,0.0,1.0
168324,0,1,3400,-65,65,628,18,18,0.96,411072.000000,4,27,4.5,0.0,49152.000000,55,0.0,0.0,0.0,1.0
168573,0,1,3400,-65,65,623,17,19,0.60,453024.000000,0,27,14,0.0,0.0,0.0,0.0,0.0,0.0,1.0
168822,0,1,3400,-65,65,623,17,19,0.61,440000.000000,0,27,14,0.0,0.0,0.0,0.0,0.0,0.0,1.0
169071,0,1,3400,-65,65,622,17,19,0.60,509536.000000,0,27,14,0.0,0.0,0.0,0.0,0.0,0.0,1.0
169320,0,1,3400,-65,65,628,17,19,0.53,212192.000000,0,27,6.2,0.0,40864.000000,6,0.0,0.0,0.0,1.0
169569,0,1,3400,-65,65,627,16,19,0.57,94528.000000,0,27,2.0,0.0,0.0,0.0,0.0,0.0,0.0,1.0
169818,0,1,3400,-65,65,631,18,19,0.75,89856.000000,0,27,1.9,0.0,0.0,0.0,0.0,0.0,0.0,1.0
170067,0,1,3400,-65,65,632,17,20,0.59,308928.000000,0,27,2.0,0.0,0.0,0.0,0.0,0.0,0.0,1.0
170316,0,1,3400,-65,65,624,16,19,0.58,321440.000000,0,27,1.8,0.0,20672.000000,0,0.0,0.0,0.0,1.0
170565,0,1,3400,-65,65,621,17,20,0.58,500544.000000,0,27,0.99,0.0,0.0,0.0,0.0,0.0,0.0,1.0
170814,0,1,3400,-64,64,627,18,20,0.58,551072.000000,0,27,0.99,0.0,0.0,0.0,0.0,0.0,0.0,1.0
171063,0,1,3400,-64,64,630,17,20,0.60,529120.000000,0,27,0.99,0.0,0.0,0.0,0.0,0.0,0.0,1.0
171312,0,1,3400,-64,64,627,17,21,0.54,342784.000000,0,27,2.1,0.0,26752.000000,0,0.0,0.0,0.0,1.0
171561,0,1,3400,-64,64,625,16,20,0.52,355296.000000,0,27,4.0,0.0,0.0,0.0,0.0,0.0,0.0,1.0
171810,0,1,3400,-63,63,625,18,21,0.55,394752.000000,0,27,3.9,0.0,0.0,0.0,0.0,0.0,0.0,1.0
172059,0,1,3400,-63,63,625,17,21,0.53,312992.000000,0,27,4.0,0.0,0.0,0.0,0.0,0.0,0.0,1.0
172308,0,1,3400,-63,63,627,17,21,0.53,244320.000000,0,27,7.1,0.0,50816.000000,12,0.0,0.0,0.0,1.0
172557,0,1,3400,-63,63,623,18,21,0.54,526816.000000,0,27,14,0.0,0.0,0.0,0.0,0.0,0.0,1.0
172806,0,1,3400,-63,63,625,18,20,0.57,562560.000000,0,27,14,0.0,0.0,0.0,0.0,0.0,0.0,1.0
173055,0,1,3400,-63,63,630,16,20,0.53,94048.000000,0,27,13,0.0,64,0,0.0,0.0,0.0,1.0
173304,0,1,3400,-63,63,625,17,21,0.54,321152.000000,0,27,7.5,0.0,53824.000000,0,0.0,0.0,0.0,1.0
173553,0,1,3400,-63,63,623,18,21,0.57,510336.000000,0,27,0.99,0.0,64,50,0.0,0.0,0.0,1.0
173802,0,1,3400,-63,63,624,18,21,0.52,383008.000000,0,27,0.98,0.0,0.0,0.0,0.0,0.0,0.0,1.0
174051,0,1,3400,-63,63,631,17,21,0.52,330528.000000,0,27,0.98,0.0,0.0,0.0,0.0,0.0,0.0,1.0
174300,0,1,3400,-63,63,624,17,21,0.57,308384.000000,0,27,2.6,0.0,34816.000000,14,0.0,0.0,0.0,1.0
174549,0,1,3400,-63,63,623,18,22,0.54,411008.000000,0,27,3.5,0.0,0.0,0.0,0.0,0.0,0.0,1.0
174798,0,1,3400,-63,63,623,18,21,0.55,533312.000000,0,27,3.5,0.0,0.0,0.0,0.0,0.0,0.0,1.0
175047,0,1,3400,-63,63,625,17,20,0.53,424736.000000,0,27,3.5,0.0,0.0,0.0,0.0,0.0,0.0,1.0
175296,0,1,3400,-63,63,626,17,21,0.52,419520.000000,0,27,4.5,0.0,26560.000000,0,0.0,0.0,0.0,1.0
175545,0,1,3400,-63,63,626,18,21,0.54,524736.000000,0,27,6.4,0.0,0.0,0.0,0.0,0.0,0.0,1.0
175794,0,1,3400,-63,63,624,17,21,0.55,250048.000000,0,27,6.4,0.0,0.0,0.0,0.0,0.0,0.0,1.0
176043,0,1,3400,-63,63,622,17,21,0.50,201536.000000,0,27,6.4,0.0,0.0,0.0,0.0,0.0,0.0,1.0
176292,0,1,3400,-63,63,627,17,21,0.53,181888.000000,0,27,6.1,0.0,15584.000000,0,0.0,0.0,0.0,1.0
176541,0,1,3400,-63,63,625,19,21,0.56,534912.000000,0,27,13,0.0,19520.000000,0,0.0,0.0,0.0,1.0
176790,0,1,3400,-63,63,623,17,21,0.52,229568.000000,0,27,13,0.0,0.0,0.0,0.0,0.0,0.0,1.0
177039,0,1,3400,-63,63,624,18,21,0.53,482400.000000,0,27,13,0.0,0.0,0.0,0.0,0.0,0.0,1.0
177288,0,1,3400,-63,63,625,14,21,0.52,284448.000000,0,27,13,0.0,96160.000000,30,0.0,0.0,0.0,1.0
177537,0,1,3400,-63,63,625,18,21,0.61,291680.000000,0,27,13,0.0,0.0,0.0,0.0,0.0,0.0,1.0
177786,0,1,3400,-63,63,622,16,20,0.50,326048.000000,0,27,14,0.0,0.0,0.0,0.0,0.0,0.0,1.0
178035,0,1,3400,-63,63,630,18,21,0.58,555936.000000,0,27,14,0.0,0.0,0.0,0.0,0.0,0.0,1.0
178284,0,1,3400,-63,63,630,16,21,0.52,245344.000000,0,27,10,0.0,23648.000000,0,0.0,0.0,0.0,1.0
178533,0,1,3400,-63,63,621,17,20,0.52,527328.000000,0,27,3.0,0.0,0.0,0.0,0.0,0.0,0.0,1.0
178782,0,1,3400,-63,63,620,17,20,0.51,363616.000000,0,27,3.0,0.0,0.0,0.0,0.0,0.0,0.0,1.0
179031,0,1,3400,-64,64,621,17,20,0.54,384448.000000,0,27,3.0,0.0,0.0,0.0,0.0,0.0,0.0,1.0
179280,0,1,3400,-64,64,626,18,20,0.54,503328.000000,0,27,4.0,0.0,14464.000000,18,0.0,0.0,0.0,1.0
179529,0,1,3400,-64,64,621,18,20,0.55,567744.000000,0,27,5.9,0.0,0.0,0.0,0.0,0.0,0.0,1.0
179778,0,1,3400,-64,64,625,17,20,0.57,448352.000000,0,27,6.0,0.0,0.0,0.0,0.0,0.0,0.0,1.0
180027,0,1,3400,-64,64,630,17,20,0.56,250816.000000,0,27,5.8,0.0,0.0,0.0,0.0,0.0,0.0,1.0
180276,0,1,3400,-64,64,621,17,20,0.52,434432.000000,0,27,6.1,0.0,26080.000000,17,0.0,0.0,0.0,1.0
180525,0,1,3400,-64,64,624,18,20,0.54,532800.000000,0,27,6.0,0.0,0.0,0.0,0.0,0.0,0.0,1.0
180774,0,1,3400,-63,63,624,16,21,0.51,329856.000000,0,27,5.7,0.0,0.0,0.0,0.0,0.0,0.0,1.0
181023,0,1,3400,-63,63,623,15,20,0.50,101888.000000,0,27,5.8,0.0,0.0,0.0,0.0,0.0,0.0,1.0
181272,0,1,3400,-63,63,626,19,21,0.88,395872.000000,3,27,3.8,0.0,27968.000000,0,0.0,0.0,0.0,1.0
181521,0,1,3400,-63,63,624,17,21,0.51,473216.000000,0,27,2.0,0.0,0.0,0.0,0.0,0.0,0.0,1.0
181770,0,1,3400,-63,63,623,18,21,0.54,523328.000000,0,27,2.0,0.0,0.0,0.0,0.0,0.0,0.0,1.0
182019,0,1,3400,-63,63,623,17,21,0.51,473728.000000,0,27,2.0,0.0,0.0,0.0,0.0,0.0,0.0,1.0
182268,0,1,3400,-63,63,627,18,21,0.53,567680.000000,0,27,1.7,0.0,15680.000000,0,0.0,0.0,0.0,1.0
182517,0,1,3400,-63,63,623,18,20,1.1,76288.000000,9,27,1.0,0.0,0.0,0.0,0.0,0.0,0.0,1.0
182766,0,1,3400,-63,63,623,16,20,0.53,197024.000000,0,27,1.0,0.0,0.0,0.0,0.0,0.0,0.0,1.0
183015,0,1,3400,-63,63,625,15,20,0.50,86752.000000,0,27,1.0,0.0,0.0,0.0,0.0,0.0,0.0,1.0
183264,0,1,3400,-63,63,626,19,21,1.0,265408.000000,5,27,3.8,0.0,61888.000000,12,0.0,0.0,0.0,1.0
183513,0,1,3400,-63,63,623,18,21,0.55,515808.000000,0,27,12,0.0,0.0,0.0,0.0,0.0,0.0,1.0
183762,0,1,3400,-63,63,621,16,20,0.50,92160.000000,0,27,12,0.0,0.0,0.0,0.0,0.0,0.0,1.0
184011,0,1,3400,-63,63,627,16,21,0.51,222528.000000,0,27,12,0.0,0.0,0.0,0.0,0.0,0.0,1.0
184260,0,1,3400,-63,63,626,18,20,0.52,550272.000000,0,27,9.5,0.0,60352.000000,17,0.0,0.0,0.0,1.0
184509,0,1,3400,-63,63,630,19,21,0.54,601440.000000,0,27,8.0,0.0,0.0,0.0,0.0,0.0,0.0,1.0
184758,0,1,3400,-62,62,626,20,21,0.59,639104.000000,0,27,8.0,0.0,0.0,0.0,0.0,0.0,0.0,1.0
185007,0,1,3400,-62,62,624,19,21,0.52,597504.000000,0,27,8.0,0.0,0.0,0.0,0.0,0.0,0.0,1.0
185256,0,1,3400,-62,62,623,19,22,0.54,558944.000000,0,27,8.6,0.0,25600.000000,0,0.0,0.0,0.0,1.0
185505,0,1,3400,-62,62,622,19,22,0.52,418048.000000,0,27,11,0.0,0.0,0.0,0.0,0.0,0.0,1.0
185754,0,1,3400,-62,62,625,18,22,0.55,311968.000000,0,27,11,0.0,0.0,0.0,0.0,0.0,0.0,1.0
186003,0,1,3400,-62,62,624,17,21,0.53,300288.000000,0,27,11,0.0,0.0,0.0,0.0,0.0,0.0,1.0
186252,0,1,3400,-62,62,625,17,22,0.51,263424.000000,0,27,9.9,0.0,59744.000000,0,0.0,0.0,0.0,1.0
186501,0,1,3400,-62,62,629,19,21,0.56,555008.000000,0,27,8.0,0.0,0.0,0.0,0.0,0.0,0.0,1.0
186750,0,1,3400,-62,62,621,19,21,0.54,652064.000000,0,27,8.0,0.0,0.0,0.0,0.0,0.0,0.0,1.0
186999,0,1,3400,-63,63,625,19,21,0.53,607552.000000,0,27,8.0,0.0,0.0,0.0,0.0,0.0,0.0,1.0
187248,0,1,3400,-63,63,621,20,21,0.71,638368.000000,0.9,27,9.8,0.0,92576.000000,33,0.0,0.0,0.0,1.0
187497,0,1,3400,-63,63,623,18,21,0.53,581376.000000,0,27,14,0.0,0.0,0.0,0.0,0.0,0.0,1.0
187746,0,1,3400,-63,63,628,18,20,0.54,551072.000000,0,27,14,0.0,0.0,0.0,0.0,0.0,0.0,1.0
187995,0,1,3400,-63,63,621,18,20,0.55,492288.000000,0,27,14,0.0,0.0,0.0,0.0,0.0,0.0,1.0
188244,0,1,3400,-63,63,620,18,21,0.53,522304.000000,0,27,14,0.0,45472.000000,60,0.0,0.0,0.0,1.0
188493,0,1,3400,-63,63,626,18,21,0.52,573216.000000,0,27,15,0.0,0.0,0.0,0.0,0.0,0.0,1.0
188742,0,1,3400,-62,62,628,20,21,1.1,396672.000000,8,27,15,0.0,0.0,0.0,0.0,0.0,0.0,1.0
188991,0,1,3400,-62,62,624,19,21,0.55,343488.000000,0,27,15,0.0,0.0,0.0,0.0,0.0,0.0,1.0
189240,0,1,3400,-62,62,617,16,21,0.54,342944.000000,0,27,11,0.0,48064.000000,0,0.0,0.0,0.0,1.0
189489,0,1,3400,-62,62,626,15,21,0.51,222496.000000,0,27,3.0,0.0,0.0,0.0,0.0,0.0,0.0,1.0
189738,0,1,3400,-62,62,627,18,21,0.51,453024.000000,0,27,3.0,0.0,0.0,0.0,0.0,0.0,0.0,1.0
189987,0,1,3400,-62,62,623,19,21,0.51,595264.000000,0,27,3.0,0.0,0.0,0.0,0.0,0.0,0.0,1.0
190236,0,1,3400,-62,62,621,19,21,0.52,573664.000000,0,27,3.8,0.0,39904.000000,12,0.0,0.0,0.0,1.0
190485,0,1,3400,-62,62,624,17,21,0.50,277184.000000,0,27,6.1,0.0,0.0,0.0,0.0,0.0,0.0,1.0
190734,0,1,3400,-62,62,621,17,21,0.52,367104.000000,0,27,6.0,0.0,0.0,0.0,0.0,0.0,0.0,1.0
190983,0,1,3400,-63,63,625,17,21,0.52,244768.000000,0,27,6.0,0.0,0.0,0.0,0.0,0.0,0.0,1.0
191232,0,1,3400,-63,63,624,17,21,0.52,347520.000000,0,27,6.3,0.0,51488.000000,0,0.0,0.0,0.0,1.0
191481,0,1,3400,-63,63,622,18,21,0.52,329984.000000,0,27,7.0,0.0,0.0,0.0,0.0,0.0,0.0,1.0
191730,0,1,3400,-63,63,619,18,21,0.52,548288.000000,0,27,7.0,0.0,0.0,0.0,0.0,0.0,0.0,1.0
191979,0,1,3400,-64,64,618,17,20,0.55,425568.000000,0,27,7.0,0.0,0.0,0.0,0.0,0.0,0.0,1.0
192228,0,1,3400,-64,64,623,17,20,0.68,103744.000000,2,27,7.3,0.0,100704.000000,11,0.0,0.0,0.0,1.0
192477,0,1,3400,-64,64,622,17,19,0.56,505696.000000,0,27,16,0.0,0.0,100.000000,0.0,0.0,0.0,1.0
192726,0,1,3400,-64,64,622,16,19,0.55,306048.000000,0,27,16,0.0,0.0,0.0,0.0,0.0,0.0,1.0
192975,0,1,3400,-65,65,626,16,19,0.55,335456.000000,0,27,16,0.0,0.0,0.0,0.0,0.0,0.0,1.0
193224,0,1,3400,-65,65,627,16,19,0.52,235744.000000,0,27,11,0.0,49312.000000,0,0.0,0.0,0.0,1.0
193473,0,1,3400,-65,65,627,18,18,0.77,237888.000000,4,27,2.0,0.0,0.0,0.0,0.0,0.0,0.0,1.0
193722,0,1,3400,-65,65,627,20,19,2.3,101056.000000,29,27,2.1,0.0,0.0,0.0,0.0,0.0,0.0,1.0
193971,0,1,3400,-66,66,628,18,19,0.71,339712.000000,0,27,2.0,0.0,0.0,0.0,0.0,0.0,0.0,1.0
194220,0,1,3400,-66,66,623,19,19,1.1,406784.000000,12,27,2.9,0.0,48512.000000,5,0.0,0.0,0.0,1.0
194469,0,1,3400,-66,66,626,16,18,0.72,283392.000000,0,27,4.0,0.0,0.0,0.0,0.0,0.0,0.0,1.0
194718,0,1,3400,-66,66,626,18,18,0.77,432448.000000,0,27,4.0,0.0,0.0,0.0,0.0,0.0,0.0,1.0
194967,0,1,3400,-66,66,628,22,18,2.4,181216.000000,52,27,4.0,0.0,0.0,0.0,0.0,0.0,0.0,1.0
195216,0,1,3400,-66,66,626,19,18,1.7,173920.000000,23,27,4.0,75,1568.000000,0,0.0,0.0,0.0,1.0
195465,0,1,3400,-66,66,625,19,19,1.2,424480.000000,19,27,13,0.0,65600.000000,0,0.0,0.0,0.0,1.0
195714,0,1,3400,-65,65,625,15,19,0.53,109536.000000,0,27,13,0.0,0.0,0.0,0.0,0.0,0.0,1.0
195963,0,1,3400,-65,65,621,17,19,0.64,171520.000000,0,27,13,0.0,0.0,0.0,0.0,0.0,0.0,1.0
196212,0,1,3400,-65,65,631,17,19,0.60,340416.000000,0,27,8.0,0.0,27104.000000,0,0.0,0.0,0.0,1.0
196461,0,1,3400,-65,65,629,14,19,0.58,240768.000000,0,27,3.0,0.0,0.0,0.0,0.0,0.0,0.0,1.0
196710,0,1,3400,-64,64,624,18,20,0.63,455616.000000,0,27,3.0,0.0,0.0,0.0,0.0,0.0,0.0,1.0
196959,0,1,3400,-64,64,622,18,20,0.60,477152.000000,0,27,3.0,0.0,0.0,0.0,0.0,0.0,0.0,1.0
197208,0,1,3400,-64,64,620,18,20,0.58,502656.000000,0,27,5.4,0.0,60736.000000,0,0.0,0.0,0.0,1.0
197457,0,1,3400,-64,64,624,18,19,0.59,468256.000000,0,27,8.9,0.0,0.0,0.0,0.0,0.0,0.0,1.0
197706,0,1,3400,-64,64,629,15,19,0.54,379136.000000,0,27,9.0,0.0,0.0,0.0,0.0,0.0,0.0,1.0
197955,0,1,3400,-65,65,629,18,19,0.59,533248.000000,0,27,9.0,0.0,0.0,0.0,0.0,0.0,0.0,1.0
198204,0,1,3400,-65,65,624,18,19,0.59,511872.000000,0,27,6.1,0.0,27840.000000,0,0.0,0.0,0.0,1.0
198453,0,1,3400,-65,65,621,18,19,0.64,563712.000000,0,27,3.0,0.0,0.0,0.0,0.0,0.0,0.0,1.0
198702,0,1,3400,-65,65,626,19,19,1.1,487872.000000,12,27,3.0,0.0,0.0,0.0,0.0,0.0,0.0,1.0
198951,0,1,3400,-65,65,631,17,19,0.66,433184.000000,0,27,3.0,0.0,0.0,0.0,0.0,0.0,0.0,1.0
199200,0,1,3400,-65,65,627,17,19,1.1,210560.000000,13,27,3.0,0.0,0.0,0.0,0.0,0.0,0.0,1.0
199449,0,1,3400,-65,65,623,19,19,1.1,284640.000000,7,27,11,0.0,8256.000000,58,0.0,0.0,0.0,1.0
199698,0,1,3400,-65,65,624,22,19,2.2,244288.000000,39,27,13,0.0,0.0,0.0,0.0,0.0,0.0,1.0
199947,0,1,3400,-65,65,622,17,19,0.58,362368.000000,0,27,13,0.0,0.0,0.0,0.0,0.0,0.0,1.0
200196,0,1,3400,-65,65,627,15,19,0.53,147264.000000,0,27,11,0.0,59392.000000,0,0.0,0.0,0.0,1.0
200445,0,1,3400,-65,65,629,17,19,0.58,278624.000000,0,27,8.9,0.0,0.0,0.0,0.0,0.0,0.0,1.0
200694,0,1,3400,-64,64,627,20,20,1.4,301696.000000,9,27,9.0,0.0,0.0,0.0,0.0,0.0,0.0,1.0
200943,0,1,3400,-64,64,628,20,20,1.3,317376.000000,6,27,8.9,0.0,0.0,0.0,0.0,0.0,0.0,1.0
201192,0,1,3400,-64,64,631,20,20,1.2,312480.000000,4,27,7.6,0.0,35936.000000,0,0.0,0.0,0.0,1.0
201441,0,1,3400,-64,64,627,18,20,0.77,179104.000000,5,27,2.0,0.0,0.0,0.0,0.0,0.0,0.0,1.0
201690,0,1,3400,-63,63,625,18,21,0.55,448736.000000,0,27,2.0,0.0,0.0,0.0,0.0,0.0,0.0,1.0
201939,0,1,3400,-63,63,621,16,20,0.53,467392.000000,0,27,2.0,0.0,0.0,0.0,0.0,0.0,0.0,1.0
202188,0,1,3400,-63,63,622,18,21,0.52,543712.000000,0,27,3.6,0.0,31968.000000,0,0.0,0.0,0.0,1.0
202437,0,1,3400,-63,63,626,17,21,0.57,533760.000000,0,27,7.0,0.0,0.0,0.0,0.0,0.0,0.0,1.0
202686,0,1,3400,-63,63,627,17,20,0.54,534336.000000,0,27,7.0,0.0,0.0,0.0,0.0,0.0,0.0,1.0
202935,0,1,3400,-64,64,622,20,21,1.4,462816.000000,18,27,6.9,0.0,0.0,0.0,0.0,0.0,0.0,1.0
203184,0,1,3400,-64,64,625,20,20,1.2,515168.000000,11,27,7.1,0.0,31232.000000,20,0.0,0.0,0.0,1.0
203433,0,1,3400,-64,64,624,18,20,0.58,563424.000000,0,27,7.0,0.0,0.0,0.0,0.0,0.0,0.0,1.0
203682,0,1,3400,-64,64,621,18,20,0.57,573856.000000,0,27,7.0,0.0,0.0,0.0,0.0,0.0,0.0,1.0
203931,0,1,3400,-64,64,628,17,19,0.51,197088.000000,0,27,6.9,0.0,0.0,0.0,0.0,0.0,0.0,1.0
204180,0,1,3400,-64,64,625,17,19,0.55,328544.000000,0,27,5.6,0.0,50432.000000,0,0.0,0.0,0.0,1.0
204429,0,1,3400,-64,64,626,17,19,0.79,245216.000000,0,27,4.5,0.0,0.0,0.0,0.0,0.0,0.0,1.0
204678,0,1,3400,-64,64,623,17,20,0.75,19904.000000,0,27,4.5,0.0,0.0,0.0,0.0,0.0,0.0,1.0
204927,0,1,3400,-65,65,623,16,19,0.75,1440.000000,0,27,4.5,0.0,0.0,0.0,0.0,0.0,0.0,1.0
205176,0,1,3400,-65,65,626,6.6,19,0.59,93280.000000,0,27,4.5,581,0.0,0.0,0.0,0.0,0.0,1.0
205425,0,1,3400,-65,65,622,15,19,0.61,373984.000000,0,27,9.6,0.0,31328.000000,0,0.0,0.0,0.0,1.0
205674,0,1,3400,-65,65,626,18,19,1.0,377056.000000,13,27,10,0.0,0.0,0.0,0.0,0.0,0.0,1.0
205923,0,1,3400,-66,66,626,17,19,0.63,237888.000000,0,27,10,0.0,0.0,0.0,0.0,0.0,0.0,1.0
206172,0,1,3400,-66,66,622,16,18,1.3,177472.000000,6,27,10,0.0,45408.000000,0,0.0,0.0,0.0,1.0
206421,0,1,3400,-66,66,619,15,18,0.85,110522.085938,2,27,9.4,0.0,0.0,0.0,0.0,0.0,0.0,1.0
206670,0,1,3400,-66,66,622,11,18,0.50,53737.050781,0,27,9.4,0.0,0.0,0.0,0.0,0.0,0.0,1.0
206919,0,1,3400,-66,66,624,15,17,0.64,200896.000000,0,27,9.4,0.0,0.0,0.0,0.0,0.0,0.0,1.0
207168,0,1,3400,-66,66,627,15,18,0.75,522400.000000,0.7,27,8.8,0.0,31552.000000,0,0.0,0.0,0.0,1.0
207417,0,1,3400,-66,66,624,16,18,0.98,401120.000000,7,27,8.0,0.0,0.0,0.0,0.0,0.0,0.0,1.0
207666,0,1,3400,-65,65,623,17,18,0.68,662848.000000,0,27,7.9,0.0,0.0,0.0,0.0,0.0,0.0,1.0
207915,0,1,3400,-65,65,626,15,18,0.55,315136.000000,0,27,7.9,0.0,0.0,0.0,0.0,0.0,0.0,1.0
208164,0,1,3400,-65,65,627,14,18,0.52,500736.000000,0,27,7.9,0.0,81344.000000,8,0.0,0.0,0.0,1.0
208413,0,1,3400,-65,65,621,17,18,0.68,1008864.000000,0,27,7.0,0.0,0.0,0.0,0.0,0.0,0.0,1.0
208662,0,1,3400,-65,65,624,16,18,0.60,906496.000000,0,27,7.0,0.0,0.0,0.0,0.0,0.0,0.0,1.0
208911,0,1,3400,-65,65,627,16,18,0.63,955264.000000,0,27,7.0,0.0,0.0,0.0,0.0,0.0,0.0,1.0
209160,0,1,3400,-65,65,622,17,18,0.72,997280.000000,0,27,7.0,0.0,40896.000000,0,0.0,0.0,0.0,1.0
209409,0,1,3400,-65,65,627,17,18,0.71,997536.000000,0,27,7.0,0.0,0.0,0.0,0.0,0.0,0.0,1.0
209658,0,1,3400,-65,65,626,17,18,0.68,990976.000000,0,27,7.0,0.0,0.0,0.0,0.0,0.0,0.0,1.0
209907,0,1,3400,-65,65,626,17,18,0.63,964320.000000,0,27,7.0,0.0,0.0,0.0,0.0,0.0,0.0,1.0
210156,0,1,3400,-65,65,623,17,18,0.61,909600.000000,0,27,6.9,0.0,40896.000000,0,0.0,0.0,0.0,1.0
210405,0,1,3400,-65,65,622,17,19,0.57,932576.000000,0,27,7.0,0.0,0.0,0.0,0.0,0.0,0.0,1.0
210654,0,1,3400,-64,64,623,16,19,0.56,924832.000000,0,27,7.0,0.0,0.0,0.0,0.0,0.0,0.0,1.0
210903,0,1,3400,-64,64,625,17,19,0.58,954720.000000,0,27,7.0,0.0,0.0,0.0,0.0,0.0,0.0,1.0
211152,0,1,3400,-64,64,622,17,19,0.60,991136.000000,0,27,7.9,215,0.0,80,0.0,0.0,0.0,1.0
211401,0,1,3400,-64,64,624,18,19,0.60,1012576.000000,0,27,9.4,215,0.0,0.0,0.0,0.0,0.0,1.0
211650,0,1,3400,-64,64,625,17,19,0.57,1014112.000000,0,27,8.5,0.0,15552.000000,0,0.0,0.0,0.0,1.0
211899,0,1,3400,-65,65,626,17,19,0.58,965984.000000,0,27,8.5,0.0,0.0,0.0,0.0,0.0,0.0,1.0
212148,0,1,3400,-65,65,623,17,19,0.59,984288.000000,0,27,11,0.0,28896.000000,0,0.0,0.0,0.0,1.0
212397,0,1,3400,-65,65,624,17,18,0.70,980992.000000,0,27,13,0.0,0.0,0.0,0.0,0.0,0.0,1.0
212646,0,1,3400,-65,65,625,16,18,0.60,905152.000000,0,27,13,0.0,0.0,0.0,0.0,0.0,0.0,1.0
212895,0,1,3400,-65,65,622,15,18,0.53,770720.000000,0,27,13,0.0,0.0,0.0,0.0,0.0,0.0,1.0
213144,0,1,3400,-65,65,625,17,18,0.69,1001536.000000,0,27,12,0.0,74720.000000,0,0.0,0.0,0.0,1.0
213393,0,1,3400,-65,65,623,17,18,0.66,907104.000000,0,27,12,0.0,0.0,0.0,0.0,0.0,0.0,1.0
213642,0,1,3400,-65,65,622,16,18,0.62,883968.000000,0,27,12,0.0,0.0,0.0,0.0,0.0,0.0,1.0
213891,0,1,3400,-65,65,628,17,18,0.70,937728.000000,0,27,12,0.0,0.0,0.0,0.0,0.0,0.0,1.0
214140,0,1,3400,-65,65,630,16,18,0.59,855168.000000,0,27,11,0.0,87040.000000,0,0.0,0.0,0.0,1.0
214389,0,1,3400,-65,65,625,17,18,0.68,999488.000000,0,27,8.5,0.0,0.0,0.0,0.0,0.0,0.0,1.0
214638,0,1,3400,-65,65,625,17,18,0.63,964704.000000,0,27,8.4,0.0,0.0,0.0,0.0,0.0,0.0,1.0
214887,0,1,3400,-66,66,631,14,18,0.55,768512.000000,0,27,8.4,0.0,0.0,0.0,0.0,0.0,0.0,1.0
215136,0,1,3400,-66,66,626,15,18,0.60,847392.000000,0,27,8.2,0.0,27648.000000,0,0.0,0.0,0.0,1.0
215385,0,1,3400,-66,66,624,14,17,0.50,778944.000000,0,27,7.4,0.0,0.0,0.0,0.0,0.0,0.0,1.0
215634,0,1,3400,-66,66,622,14,17,0.50,758656.000000,0,27,7.5,0.0,0.0,0.0,0.0,0.0,0.0,1.0
215883,0,1,3400,-66,66,628,14,17,0.50,745280.000000,0,27,7.4,0.0,0.0,0.0,0.0,0.0,0.0,1.0
216132,0,1,3400,-66,66,628,13,18,0.50,727904.000000,0,27,9.5,103,0.0,80,0.0,0.0,0.0,1.0
216381,0,1,3400,-66,66,628,15,18,0.55,840480.000000,0,27,14,103,0.0,0.0,0.0,0.0,0.0,1.0
216630,0,1,3400,-65,65,628,16,18,0.60,773536.000000,0,27,5.5,0.0,20128.000000,0,0.0,0.0,0.0,1.0
216879,0,1,3400,-65,65,623,17,18,0.66,864320.000000,0,27,5.0,0.0,0.0,0.0,0.0,0.0,0.0,1.0
217128,0,1,3400,-65,65,624,17,19,0.61,877760.000000,0,27,4.3,0.0,27520.000000,0,0.0,0.0,0.0,1.0
217377,0,1,3400,-65,65,625,17,19,0.58,962400.000000,0,27,2.0,0.0,0.0,0.0,0.0,0.0,0.0,1.0
217626,0,1,3400,-64,64,624,17,19,0.57,918624.000000,0,27,2.0,0.0,0.0,0.0,0.0,0.0,0.0,1.0
217875,0,1,3400,-64,64,623,17,19,0.53,830272.000000,0,27,2.0,0.0,0.0,0.0,0.0,0.0,0.0,1.0
218124,0,1,3400,-64,64,622,17,19,0.61,887424.000000,0.9,27,5.0,0.0,26592.000000,0,0.0,0.0,0.0,1.0
218373,0,1,3400,-64,64,624,18,20,0.54,914400.000000,0,27,10,0.0,0.0,0.0,0.0,0.0,0.0,1.0
218622,0,1,3400,-63,63,626,17,20,0.51,829952.000000,0,27,10,0.0,0.0,0.0,0.0,0.0,0.0,1.0
218871,0,1,3400,-63,63,631,18,20,0.53,936128.000000,0,27,10,0.0,0.0,0.0,0.0,0.0,0.0,1.0
219120,0,1,3400,-63,63,623,17,20,0.51,962560.000000,0,27,8.5,0.0,22240.000000,0,0.0,0.0,0.0,1.0
219369,0,1,3400,-63,63,620,17,20,0.53,918208.000000,0,27,6.5,0.0,0.0,0.0,0.0,0.0,0.0,1.0
219618,0,1,3400,-62,62,620,18,21,0.52,997504.000000,0,27,6.4,0.0,0.0,0.0,0.0,0.0,0.0,1.0
219867,0,1,3400,-62,62,619,18,21,0.51,970784.000000,0,27,6.5,0.0,0.0,0.0,0.0,0.0,0.0,1.0
220116,0,1,3400,-62,62,624,18,21,0.52,835680.000000,0,27,9.7,0.0,26720.000000,0,0.0,0.0,0.0,1.0
220365,0,1,3400,-62,62,628,18,21,0.51,956800.000000,0,27,13,0.0,0.0,0.0,0.0,0.0,0.0,1.0
220614,0,1,3400,-61,61,621,18,21,0.51,1007648.000000,0,27,13,0.0,0.0,0.0,0.0,0.0,0.0,1.0
220863,0,1,3400,-61,61,623,18,22,0.52,1023680.000000,0,27,13,0.0,0.0,0.0,0.0,0.0,0.0,1.0
221112,0,1,3400,-61,61,625,19,21,0.50,1045312.000000,0,27,10,0.0,44224.000000,0,0.0,0.0,0.0,1.0
221361,0,1,3400,-61,61,623,19,21,0.51,1053856.000000,0,27,5.5,0.0,0.0,0.0,0.0,0.0,0.0,1.0
221610,0,1,3400,-61,61,622,18,22,0.51,1038976.000000,0,27,5.5,0.0,0.0,0.0,0.0,0.0,0.0,1.0
221859,0,1,3400,-61,61,629,18,22,0.51,1012160.000000,0,27,5.5,0.0,0.0,0.0,0.0,0.0,0.0,1.0
222108,0,1,3400,-61,61,626,19,22,0.50,1012000.000000,0,27,7.8,0.0,43200.000000,0,0.0,0.0,0.0,1.0
222357,0,1,3400,-61,61,628,19,22,0.52,1004864.000000,0.4,27,10,0.0,0.0,0.0,0.0,0.0,0.0,1.0
222606,0,1,3400,-60,60,627,19,22,0.51,870784.000000,0,27,10,0.0,0.0,0.0,0.0,0.0,0.0,1.0
222855,0,1,3400,-60,60,627,19,22,0.51,1120448.000000,0,27,10,0.0,0.0,0.0,0.0,0.0,0.0,1.0
223104,0,1,3400,-60,60,625,18,22,0.51,956192.000000,0,27,10,0.0,31296.000000,0,0.0,0.0,0.0,1.0
223353,0,1,3400,-60,60,624,19,22,0.51,1085600.000000,0,27,10,0.0,0.0,0.0,0.0,0.0,0.0,1.0
223602,0,1,3400,-60,60,624,19,22,0.50,949536.000000,0,27,10,0.0,0.0,0.0,0.0,0.0,0.0,1.0
223851,0,1,3400,-60,60,628,19,22,0.51,1129664.000000,0,27,10,0.0,0.0,0.0,0.0,0.0,0.0,1.0
224100,0,1,3400,-60,60,628,21,23,0.51,1256064.000000,0,27,10,0.0,31328.000000,0,0.0,0.0,0.0,1.0
224349,0,1,3400,-60,60,626,19,23,0.51,1182144.000000,0,27,11,0.0,0.0,0.0,0.0,0.0,0.0,1.0
224598,0,1,3400,-59,59,623,20,23,0.58,1192928.000000,0.4,27,11,0.0,0.0,0.0,0.0,0.0,0.0,1.0
224847,0,1,3400,-60,60,626,20,23,0.51,1219392.000000,0,27,11,0.0,0.0,0.0,0.0,0.0,0.0,1.0
225096,0,1,3400,-60,60,630,20,23,0.54,1273920.000000,0,27,8.3,0.0,36384.000000,0,0.0,0.0,0.0,1.0
225345,0,1,3400,-60,60,625,20,23,0.52,1210464.000000,0,27,5.6,0.0,0.0,0.0,0.0,0.0,0.0,1.0
225594,0,1,3400,-60,60,621,19,22,0.50,938848.000000,0,27,5.6,0.0,0.0,0.0,0.0,0.0,0.0,1.0
225843,0,1,3400,-60,60,619,19,22,0.52,1015168.000000,0,27,5.8,0.0,0.0,0.0,0.0,0.0,0.0,1.0
226092,0,1,3400,-60,60,624,19,23,0.51,1008544.000000,0,27,9.7,0.0,36576.000000,0,0.0,0.0,0.0,1.0
226341,0,1,3400,-60,60,626,20,23,0.52,1154368.000000,0,27,13,0.0,0.0,0.0,0.0,0.0,0.0,1.0
226590,0,1,3400,-59,59,622,21,23,0.51,1317536.000000,0,27,13,0.0,0.0,0.0,0.0,0.0,0.0,1.0
226839,0,1,3400,-59,59,622,20,23,0.51,1262240.000000,0,27,13,0.0,0.0,0.0,0.0,0.0,0.0,1.0
227088,0,1,3400,-59,59,625,21,23,0.51,1037280.000000,0,27,12,0.0,40672.000000,0,0.0,0.0,0.0,1.0
227337,0,1,3400,-59,59,630,20,23,0.52,1175040.000000,0,27,12,0.0,0.0,0.0,0.0,0.0,0.0,1.0
227586,0,1,3400,-59,59,622,20,23,0.51,1033472.000000,0,27,12,0.0,0.0,0.0,0.0,0.0,0.0,1.0
227835,0,1,3400,-59,59,624,20,23,0.50,1107296.000000,0,27,12,0.0,0.0,0.0,0.0,0.0,0.0,1.0
228084,0,1,3400,-59,59,623,20,23,0.51,963936.000000,0,27,10,0.0,22400.000000,0,0.0,0.0,0.0,1.0
228333,0,1,3400,-59,59,620,20,23,0.52,1225760.000000,0,27,8.6,0.0,0.0,0.0,0.0,0.0,0.0,1.0
228582,0,1,3400,-59,59,623,21,23,0.52,1009152.000000,0,27,8.7,0.0,0.0,0.0,0.0,0.0,0.0,1.0
228831,0,1,3400,-59,59,627,20,23,0.51,1061216.000000,0,27,8.8,0.0,0.0,0.0,0.0,0.0,0.0,1.0
229080,0,1,3400,-59,59,626,20,23,0.51,1152480.000000,0,27,8.8,0.0,32352.000000,0,0.0,0.0,0.0,1.0
229329,0,1,3400,-59,59,625,20,23,0.51,1153824.000000,0,27,9.1,0.0,0.0,0.0,0.0,0.0,0.0,1.0
229578,0,1,3400,-59,59,625,20,23,0.51,1257312.000000,0,27,9.1,0.0,0.0,0.0,0.0,0.0,0.0,1.0
229827,0,1,3400,-59,59,626,20,23,0.52,1149600.000000,0,27,9.1,0.0,0.0,0.0,0.0,0.0,0.0,1.0
230076,0,1,3400,-59,59,625,20,23,0.55,1137056.000000,0.4,27,7.4,0.0,45408.000000,0,0.0,0.0,0.0,1.0
230325,0,1,3400,-59,59,630,20,23,0.51,1213216.000000,0,27,5.6,0.0,0.0,0.0,0.0,0.0,0.0,1.0
230574,0,1,3400,-59,59,622,19,23,0.50,1082144.000000,0,27,5.8,0.0,0.0,0.0,0.0,0.0,0.0,1.0
230823,0,1,3400,-59,59,619,20,23,0.51,1211936.000000,0,27,5.5,0.0,0.0,0.0,0.0,0.0,0.0,1.0
231072,0,1,3400,-59,59,624,20,23,0.51,1248224.000000,0,27,5.7,0.0,45408.000000,0,0.0,0.0,0.0,1.0
231321,0,1,3400,-59,59,627,20,23,0.53,1156640.000000,0.4,27,5.6,0.0,0.0,0.0,0.0,0.0,0.0,1.0
231570,0,1,3400,-59,59,627,21,23,0.51,1183648.000000,0,27,5.6,0.0,0.0,0.0,0.0,0.0,0.0,1.0
231819,0,1,3400,-59,59,622,20,23,0.52,1197120.000000,0,27,5.6,0.0,0.0,0.0,0.0,0.0,0.0,1.0
232068,0,1,3400,-59,59,623,21,23,0.52,1280448.000000,0,27,7.8,0.0,50208.000000,0,0.0,0.0,0.0,1.0
232317,0,1,3400,-59,59,628,21,23,0.52,994144.000000,0,27,9.5,0.0,0.0,0.0,0.0,0.0,0.0,1.0
232566,0,1,3400,-59,59,628,20,23,0.50,983648.000000,0,27,9.6,0.0,0.0,0.0,0.0,0.0,0.0,1.0
232815,0,1,3400,-59,59,625,21,23,0.52,955072.000000,0,27,9.6,0.0,0.0,0.0,0.0,0.0,0.0,1.0
233064,0,1,3400,-59,59,624,20,23,0.52,1034496.000000,0,27,9.9,0.0,32128.000000,0,0.0,0.0,0.0,1.0
233313,0,1,3400,-59,59,624,20,23,0.52,961056.000000,0,27,11,0.0,0.0,0.0,0.0,0.0,0.0,1.0
233562,0,1,3400,-59,59,624,20,23,0.52,1002816.000000,0,27,11,0.0,0.0,0.0,0.0,0.0,0.0,1.0
233811,0,1,3400,-59,59,624,20,23,0.50,982496.000000,0,27,11,0.0,0.0,0.0,0.0,0.0,0.0,1.0
234060,0,1,3400,-59,59,623,21,23,0.50,994144.000000,0,27,9.9,0.0,45408.000000,0,0.0,0.0,0.0,1.0
234309,0,1,3400,-59,59,630,20,23,0.51,981088.000000,0,27,9.6,0.0,0.0,0.0,0.0,0.0,0.0,1.0
234558,0,1,3400,-59,59,622,20,23,0.51,984032.000000,0,27,9.6,0.0,0.0,0.0,0.0,0.0,0.0,1.0
234807,0,1,3400,-59,59,624,20,23,0.51,1000096.000000,0,27,9.6,0.0,0.0,0.0,0.0,0.0,0.0,1.0
235056,0,1,3400,-59,59,625,20,23,0.51,995552.000000,0,27,11,0.0,28896.000000,0,0.0,0.0,0.0,1.0
235305,0,1,3400,-59,59,624,21,23,0.52,984320.000000,0,27,13,0.0,0.0,0.0,0.0,0.0,0.0,1.0
235554,0,1,3400,-59,59,622,20,23,0.51,994368.000000,0,27,13,0.0,0.0,0.0,0.0,0.0,0.0,1.0
235803,0,1,3400,-59,59,622,21,23,0.52,979584.000000,0,27,13,0.0,0.0,0.0,0.0,0.0,0.0,1.0
236052,0,1,3400,-59,59,623,20,23,0.50,930368.000000,0,27,11,0.0,34880.000000,0,0.0,0.0,0.0,1.0
236301,0,1,3400,-59,59,622,19,23,0.50,913664.000000,0,27,7.6,0.0,0.0,0.0,0.0,0.0,0.0,1.0
236550,0,1,3400,-59,59,626,20,23,0.51,1063776.000000,0,27,7.8,0.0,0.0,0.0,0.0,0.0,0.0,1.0
236799,0,1,3400,-60,60,627,20,23,0.52,1038464.000000,0,27,7.5,0.0,0.0,0.0,0.0,0.0,0.0,1.0
237048,0,1,3400,-60,60,621,20,22,0.51,982880.000000,0,27,9.3,0.0,36416.000000,0,0.0,0.0,0.0,1.0
237297,0,1,3400,-60,60,620,20,23,0.51,989344.000000,0,27,12,0.0,0.0,0.0,0.0,0.0,0.0,1.0
237546,0,1,3400,-60,60,626,19,22,0.51,997696.000000,0,27,12,0.0,0.0,0.0,0.0,0.0,0.0,1.0
237795,0,1,3400,-60,60,626,19,22,0.51,951264.000000,0,27,12,0.0,0.0,0.0,0.0,0.0,0.0,1.0
238044,0,1,3400,-60,60,627,20,22,0.51,1040640.000000,0,27,13,0.0,35040.000000,0,0.0,0.0,0.0,1.0
238293,0,1,3400,-60,60,629,20,23,0.52,975261.062500,0,27,13,0.0,0.0,0.0,0.0,0.0,0.0,1.0
238542,0,1,3400,-59,59,621,20,23,0.50,999904.375000,0,27,13,0.0,0.0,0.0,0.0,0.0,0.0,1.0
238791,0,1,3400,-59,59,624,20,23,0.51,988800.000000,0,27,13,0.0,0.0,0.0,0.0,0.0,0.0,1.0
239040,0,1,3400,-59,59,624,20,23,0.50,933632.000000,0,27,11,0.0,23808.000000,0,0.0,0.0,0.0,1.0
239289,0,1,3400,-59,59,630,20,23,0.52,1032064.000000,0,27,8.6,0.0,0.0,0.0,0.0,0.0,0.0,1.0
239538,0,1,3400,-59,59,628,20,23,0.52,995104.000000,0,27,8.7,0.0,0.0,0.0,0.0,0.0,0.0,1.0
239787,0,1,3400,-59,59,624,20,23,0.52,938944.000000,0,27,8.5,0.0,0.0,0.0,0.0,0.0,0.0,1.0
240036,0,1,3400,-59,59,622,22,23,0.55,1041440.000000,0,27,8.6,0.0,23808.000000,0,0.0,0.0,0.0,1.0
240285,0,1,3400,-59,59,623,20,23,0.51,951360.000000,0,27,8.6,0.0,0.0,0.0,0.0,0.0,0.0,1.0
240534,0,1,3400,-59,59,630,20,23,0.52,1023584.000000,0,27,8.5,0.0,0.0,0.0,0.0,0.0,0.0,1.0
240783,0,1,3400,-59,59,630,20,23,0.51,983488.000000,0,27,8.6,0.0,0.0,0.0,0.0,0.0,0.0,1.0
241032,0,1,3400,-59,59,627,21,23,0.51,992992.000000,0,27,11,0.0,35040.000000,0,0.0,0.0,0.0,1.0
241281,0,1,3400,-59,59,629,20,23,0.51,995616.000000,0,27,13,0.0,0.0,0.0,0.0,0.0,0.0,1.0
241530,0,1,3400,-59,59,624,21,23,0.52,983840.000000,0,27,13,0.0,0.0,0.0,0.0,0.0,0.0,1.0
241779,0,1,3400,-60,60,623,20,23,0.50,837888.000000,0,27,13,0.0,0.0,0.0,0.0,0.0,0.0,1.0
242028,0,1,3400,-60,60,631,19,22,0.51,849600.000000,0,27,9.4,0.0,34848.000000,0,0.0,0.0,0.0,1.0
242277,0,1,3400,-60,60,628,20,23,0.51,997472.000000,0,27,5.5,0.0,0.0,0.0,0.0,0.0,0.0,1.0
242526,0,1,3400,-60,60,626,18,22,0.51,645760.000000,0,27,5.8,0.0,0.0,0.0,0.0,0.0,0.0,1.0
242775,0,1,3400,-60,60,624,18,22,0.51,898240.000000,0,27,5.6,0.0,0.0,0.0,0.0,0.0,0.0,1.0
243024,0,1,3400,-60,60,623,19,22,0.52,840448.000000,0,27,9.6,0.0,36576.000000,0,0.0,0.0,0.0,1.0
243273,0,1,3400,-60,60,624,19,22,0.51,929536.000000,0,27,13,0.0,0.0,0.0,0.0,0.0,0.0,1.0
243522,0,1,3400,-60,60,628,18,22,0.50,669280.000000,0,27,13,0.0,0.0,0.0,0.0,0.0,0.0,1.0
243771,0,1,3400,-60,60,631,19,22,0.55,1097888.000000,0,27,13,0.0,0.0,0.0,0.0,0.0,0.0,1.0
244020,0,1,3400,-60,60,629,19,22,0.51,972288.000000,0,27,11,0.0,31776.000000,0,0.0,0.0,0.0,1.0
244269,0,1,3400,-60,60,624,20,22,0.53,1153920.000000,0,27,8.5,0.0,0.0,0.0,0.0,0.0,0.0,1.0
244518,0,1,3400,-60,60,622,19,22,0.51,928288.000000,0,27,8.6,0.0,0.0,0.0,0.0,0.0,0.0,1.0
244767,0,1,3400,-60,60,619,19,22,0.50,892768.000000,0,27,8.6,0.0,0.0,0.0,0.0,0.0,0.0,1.0
245016,0,1,3400,-60,60,623,19,22,0.51,776384.000000,0,27,11,0.0,28896.000000,0,0.0,0.0,0.0,1.0
245265,0,1,3400,-60,60,628,20,22,0.52,891872.000000,0,27,13,0.0,0.0,0.0,0.0,0.0,0.0,1.0
245514,0,1,3400,-60,60,628,20,22,0.52,1054112.000000,0,27,13,0.0,0.0,0.0,0.0,0.0,0.0,1.0
245763,0,1,3400,-60,60,625,19,22,0.51,982752.000000,0,27,13,0.0,0.0,0.0,0.0,0.0,0.0,1.0
246012,0,1,3400,-60,60,622,18,22,0.51,722976.000000,0,27,10,0.0,22400.000000,0,0.0,0.0,0.0,1.0
246261,0,1,3400,-60,60,623,19,22,0.51,839776.000000,0,27,7.7,0.0,0.0,0.0,0.0,0.0,0.0,1.0
246510,0,1,3400,-60,60,624,18,22,0.50,736160.000000,0,27,7.6,0.0,0.0,0.0,0.0,0.0,0.0,1.0
246759,0,1,3400,-60,60,622,18,22,0.50,768256.000000,0,27,7.6,0.0,0.0,0.0,0.0,0.0,0.0,1.0
247008,0,1,3400,-60,60,625,18,22,0.50,807520.000000,0,27,7.1,0.0,26496.000000,0,0.0,0.0,0.0,1.0
247257,0,1,3400,-60,60,628,19,22,0.53,722336.000000,0,27,6.7,0.0,0.0,0.0,0.0,0.0,0.0,1.0
247506,0,1,3400,-60,60,626,19,22,0.50,879360.000000,0,27,6.6,0.0,0.0,0.0,0.0,0.0,0.0,1.0
247755,0,1,3400,-60,60,629,19,22,0.51,931168.000000,0,27,6.7,0.0,0.0,0.0,0.0,0.0,0.0,1.0
248004,0,1,3400,-60,60,626,20,23,0.51,1094688.000000,0,27,8.6,0.0,61312.000000,0,0.0,0.0,0.0,1.0
248253,0,1,3400,-60,60,627,19,23,0.51,931552.000000,0,27,10,0.0,0.0,0.0,0.0,0.0,0.0,1.0
248502,0,1,3400,-59,59,623,20,23,0.51,1092608.000000,0,27,10,0.0,0.0,0.0,0.0,0.0,0.0,1.0
248751,0,1,3400,-59,59,624,20,23,0.51,1053280.000000,0,27,10,0.0,0.0,0.0,0.0,0.0,0.0,1.0
249000,0,1,3400,-59,59,624,20,23,0.51,837248.000000,0,27,11,0.0,31456.000000,0,0.0,0.0,0.0,1.0
249249,0,1,3400,-59,59,622,20,24,0.50,872960.000000,0,27,12,0.0,0.0,0.0,0.0,0.0,0.0,1.0
249498,0,1,3400,-58,58,625,20,24,0.51,1036192.000000,0,27,12,0.0,0.0,0.0,0.0,0.0,0.0,1.0
249747,0,1,3400,-58,58,627,20,24,0.51,1036704.000000,0,27,12,0.0,0.0,0.0,0.0,0.0,0.0,1.0
249996,0,1,3400,-58,58,622,21,24,0.51,1140352.000000,0,27,12,0.0,31328.000000,0,0.0,0.0,0.0,1.0
250245,0,1,3400,-58,58,628,20,24,0.50,682784.000000,0,27,11,0.0,0.0,0.0,0.0,0.0,0.0,1.0
250494,0,1,3400,-58,58,626,21,24,0.52,1069728.000000,0,27,11,0.0,0.0,0.0,0.0,0.0,0.0,1.0
250743,0,1,3400,-58,58,628,20,23,0.50,1100800.000000,0,27,11,0.0,0.0,0.0,0.0,0.0,0.0,1.0
250992,0,1,3400,-58,58,626,21,24,0.51,1308160.000000,0,27,7.7,0.0,31296.000000,0,0.0,0.0,0.0,1.0
251241,0,1,3400,-58,58,628,21,24,0.51,1334336.000000,0,27,4.5,0.0,0.0,0.0,0.0,0.0,0.0,1.0
251490,0,1,3400,-58,58,627,20,24,0.50,1227968.000000,0,27,4.5,0.0,0.0,0.0,0.0,0.0,0.0,1.0
251739,0,1,3400,-59,59,625,21,24,0.51,1258592.000000,0,27,4.5,0.0,0.0,0.0,0.0,0.0,0.0,1.0
251988,0,1,3400,-59,59,624,21,23,0.51,1180241.000000,0,27,8.2,0.0,28851.406250,0,0.0,0.0,0.0,1.0
252237,0,1,3400,-59,59,627,20,23,0.51,1093354.625000,0,27,12,0.0,0.0,0.0,0.0,0.0,0.0,1.0
252486,0,1,3400,-59,59,627,20,23,0.52,1145056.000000,0,27,12,0.0,0.0,0.0,0.0,0.0,0.0,1.0
252735,0,1,3400,-59,59,625,19,23,0.51,941824.000000,0,27,12,0.0,0.0,0.0,0.0,0.0,0.0,1.0
252984,0,1,3400,-59,59,626,20,23,0.51,1238560.000000,0,27,9.2,0.0,26496.000000,0,0.0,0.0,0.0,1.0
253233,0,1,3400,-59,59,622,20,23,0.52,1181696.000000,0,27,6.6,0.0,0.0,0.0,0.0,0.0,0.0,1.0
253482,0,1,3400,-59,59,623,20,23,0.50,909184.000000,0,27,6.6,0.0,0.0,0.0,0.0,0.0,0.0,1.0
253731,0,1,3400,-59,59,623,21,23,0.52,1284736.000000,0,27,6.6,0.0,0.0,0.0,0.0,0.0,0.0,1.0
253980,0,1,3400,-59,59,625,20,23,0.52,688416.000000,0,27,6.9,0.0,26496.000000,0,0.0,0.0,0.0,1.0
254229,0,1,3400,-59,59,627,21,23,0.51,1223328.000000,0,27,6.6,0.0,0.0,0.0,0.0,0.0,0.0,1.0
254478,0,1,3400,-59,59,624,20,23,0.50,1158656.000000,0,27,6.6,0.0,0.0,0.0,0.0,0.0,0.0,1.0
254727,0,1,3400,-59,59,630,20,23,0.51,1192480.000000,0,27,6.5,0.0,0.0,0.0,0.0,0.0,0.0,1.0
254976,0,1,3400,-59,59,625,20,23,0.50,994400.000000,0,27,9.3,0.0,31296.000000,0,0.0,0.0,0.0,1.0
255225,0,1,3400,-59,59,624,20,23,0.51,1079904.000000,0,27,12,0.0,0.0,0.0,0.0,0.0,0.0,1.0
255474,0,1,3400,-59,59,628,20,23,0.51,1015168.000000,0,27,12,0.0,0.0,0.0,0.0,0.0,0.0,1.0
255723,0,1,3400,-59,59,626,20,23,0.50,1051840.000000,0,27,12,0.0,0.0,0.0,0.0,0.0,0.0,1.0
255972,0,1,3400,-59,59,623,20,23,0.52,962016.000000,0,27,10,0.0,31776.000000,0,0.0,0.0,0.0,1.0
256221,0,1,3400,-59,59,621,20,24,0.51,1004096.000000,0,27,8.5,0.0,0.0,0.0,0.0,0.0,0.0,1.0
256470,0,1,3400,-58,58,623,20,23,0.50,960608.000000,0,27,8.5,0.0,0.0,0.0,0.0,0.0,0.0,1.0
256719,0,1,3400,-58,58,623,20,24,0.50,1018208.000000,0,27,8.6,0.0,0.0,0.0,0.0,0.0,0.0,1.0
256968,0,1,3400,-58,58,627,22,24,0.54,970880.000000,0,27,8.7,0.0,48192.000000,0,0.0,0.0,0.0,1.0
257217,0,1,3400,-58,58,624,21,24,0.51,1000192.000000,0,27,9.0,0.0,0.0,0.0,0.0,0.0,0.0,1.0
257466,0,1,3400,-57,57,622,22,25,0.51,981472.000000,0,27,9.0,0.0,0.0,0.0,0.0,0.0,0.0,1.0
257715,0,1,3400,-57,57,623,21,24,0.51,991357.437500,0,27,9.0,0.0,0.0,0.0,0.0,0.0,0.0,1.0
257964,0,1,3400,-57,57,624,23,25,0.52,988079.687500,0,27,8.5,0.0,47330.675781,8,0.0,0.0,0.0,1.0
258213,0,1,3400,-57,57,629,22,25,0.51,1001376.000000,0,27,7.0,0.0,0.0,0.0,0.0,0.0,0.0,1.0
258462,0,1,3400,-56,56,626,23,25,0.50,981397.562500,0,27,7.0,0.0,0.0,0.0,0.0,0.0,0.0,1.0
258711,0,1,3400,-56,56,626,23,25,0.51,985147.437500,0,27,7.1,0.0,0.0,0.0,0.0,0.0,0.0,1.0
258960,0,1,3400,-56,56,623,22,25,0.51,993088.000000,0,27,6.8,0.0,26496.000000,0,0.0,0.0,0.0,1.0
259209,0,1,3400,-56,56,624,25,25,0.53,988256.000000,0,27,6.5,0.0,0.0,0.0,0.0,0.0,0.0,1.0
259458,0,1,3400,-56,56,631,23,25,0.51,983008.000000,0,27,6.5,0.0,0.0,0.0,0.0,0.0,0.0,1.0
259707,0,1,3400,-57,57,632,23,25,0.50,933824.000000,0,27,6.6,0.0,0.0,0.0,0.0,0.0,0.0,1.0
259956,0,1,3400,-57,57,628,22,25,0.51,1022208.000000,0,27,7.8,0.0,22400.000000,12,0.0,0.0,0.0,1.0
260205,0,1,3400,-57,57,627,21,25,0.50,995328.000000,0,27,8.6,0.0,0.0,0.0,0.0,0.0,0.0,1.0
260454,0,1,3400,-57,57,626,22,25,0.50,968384.000000,0,27,8.5,0.0,0.0,0.0,0.0,0.0,0.0,1.0
260703,0,1,3400,-57,57,624,21,25,0.50,984992.000000,0,27,8.6,0.0,0.0,0.0,0.0,0.0,0.0,1.0
260952,0,1,3400,-57,57,624,22,25,0.51,987872.000000,0,27,9.7,0.0,85696.000000,0,0.0,0.0,0.0,1.0
261201,0,1,3400,-57,57,625,23,25,0.52,991136.000000,0,27,12,0.0,0.0,0.0,0.0,0.0,0.0,1.0
261450,0,1,3400,-56,56,621,23,25,0.51,999904.000000,0,27,12,0.0,0.0,0.0,0.0,0.0,0.0,1.0
261699,0,1,3400,-56,56,623,24,25,0.52,977696.000000,0,27,12,0.0,0.0,0.0,0.0,0.0,0.0,1.0
261948,0,1,3400,-56,56,622,23,25,0.50,986336.000000,0,27,8.4,0.0,45408.000000,0,0.0,0.0,0.0,1.0
262197,0,1,3400,-56,56,622,23,25,0.51,993248.000000,0,27,5.5,0.0,0.0,0.0,0.0,0.0,0.0,1.0
262446,0,1,3400,-56,56,622,25,26,0.53,985504.000000,0,27,5.5,0.0,0.0,0.0,0.0,0.0,0.0,1.0
262695,0,1,3400,-56,56,622,22,25,0.50,966784.000000,0,27,5.6,0.0,0.0,0.0,0.0,0.0,0.0,1.0
262944,0,1,3400,-56,56,623,24,25,0.51,972672.000000,0,27,9.2,0.0,28896.000000,0,0.0,0.0,0.0,1.0
263193,0,1,3400,-56,56,628,23,25,0.51,1006880.000000,0,27,13,0.0,0.0,0.0,0.0,0.0,0.0,1.0
263442,0,1,3400,-56,56,626,23,25,0.51,969760.000000,0,27,13,0.0,0.0,0.0,0.0,0.0,0.0,1.0
263691,0,1,3400,-56,56,625,25,26,0.52,1000864.000000,0,27,13,0.0,0.0,0.0,0.0,0.0,0.0,1.0
263940,0,1,3400,-56,56,624,23,25,0.51,977664.000000,0,27,12,0.0,31296.000000,0,0.0,0.0,0.0,1.0
264189,0,1,3400,-56,56,622,24,25,0.52,998747.000000,0,27,13,0.0,17124.498047,0,0.0,0.0,0.0,1.0
264438,0,1,3400,-56,56,622,23,25,0.52,980780.875000,0,27,16,0.0,0.0,0.0,0.0,0.0,0.0,1.0
264687,0,1,3400,-56,56,630,23,25,0.56,961728.000000,0,27,15,0.0,0.0,0.0,0.0,0.0,0.0,1.0
264936,0,1,3400,-56,56,629,23,25,0.52,1006297.187500,0,27,14,0.0,8257.028320,44,0.0,0.0,0.0,1.0
265185,0,1,3400,-56,56,627,22,25,0.51,992924.312500,0,27,12,0.0,0.0,0.0,0.0,0.0,0.0,1.0
265434,0,1,3400,-56,56,626,23,25,0.51,979072.000000,0,27,12,0.0,0.0,0.0,0.0,0.0,0.0,1.0
265683,0,1,3400,-56,56,631,23,25,0.51,990368.000000,0,27,12,0.0,0.0,0.0,0.0,0.0,0.0,1.0
265932,0,1,3400,-56,56,624,22,25,0.50,971616.000000,0,27,11,0.0,15712.000000,0,0.0,0.0,0.0,1.0
266181,0,1,3400,-56,56,627,23,26,0.51,872672.000000,0,27,8.6,0.0,0.0,0.0,0.0,0.0,0.0,1.0
266430,0,1,3400,-56,56,626,22,25,0.53,992576.000000,0,27,8.6,0.0,0.0,0.0,0.0,0.0,0.0,1.0
266679,0,1,3400,-56,56,625,22,25,0.50,975520.000000,0,27,8.6,0.0,0.0,0.0,0.0,0.0,0.0,1.0
266928,0,1,3400,-56,56,625,22,25,0.51,1091360.000000,0,27,6.1,0.0,32960.000000,0,0.0,0.0,0.0,1.0
267177,0,1,3400,-56,56,625,23,25,0.51,978368.000000,0,27,3.0,0.0,0.0,0.0,0.0,0.0,0.0,1.0
267426,0,1,3400,-56,56,629,24,25,0.53,975904.000000,0,27,3.1,0.0,0.0,0.0,0.0,0.0,0.0,1.0
267675,0,1,3400,-56,56,620,22,25,0.51,983328.000000,0,27,3.1,0.0,0.0,0.0,0.0,0.0,0.0,1.0
267924,0,1,3400,-56,56,623,23,25,0.52,1011840.000000,0,27,4.8,0.0,58592.000000,0,0.0,0.0,0.0,1.0
268173,0,1,3400,-56,56,626,22,25,0.51,974848.000000,0,27,8.0,0.0,0.0,0.0,0.0,0.0,0.0,1.0
268422,0,1,3400,-56,56,631,22,25,0.51,997952.000000,0,27,8.0,0.0,0.0,0.0,0.0,0.0,0.0,1.0
268671,0,1,3400,-56,56,624,22,25,0.50,976160.000000,0,27,8.0,0.0,0.0,0.0,0.0,0.0,0.0,1.0
268920,0,1,3400,-56,56,622,23,25,0.50,984768.000000,0,27,9.7,0.0,28896.000000,0,0.0,0.0,0.0,1.0
269169,0,1,3400,-56,56,626,24,25,0.53,986912.000000,0,27,13,0.0,0.0,0.0,0.0,0.0,0.0,1.0
269418,0,1,3400,-56,56,628,24,25,0.53,984128.000000,0,27,13,0.0,0.0,0.0,0.0,0.0,0.0,1.0
269667,0,1,3400,-56,56,630,23,25,0.52,956064.000000,0,27,13,0.0,0.0,0.0,0.0,0.0,0.0,1.0
269916,0,1,3400,-56,56,626,24,26,0.55,1004672.000000,0,27,9.4,0.0,36384.000000,0,0.0,0.0,0.0,1.0
270165,0,1,3400,-56,56,625,24,25,0.52,1018730.937500,0,27,5.5,0.0,0.0,0.0,0.0,0.0,0.0,1.0
270414,0,1,3400,-56,56,624,23,25,0.52,971760.937500,0,27,5.5,0.0,0.0,0.0,0.0,0.0,0.0,1.0
270663,0,1,3400,-56,56,625,23,25,0.51,978912.000000,0,27,5.5,0.0,0.0,0.0,0.0,0.0,0.0,1.0
270912,0,1,3400,-56,56,627,22,25,0.51,978816.000000,0,27,8.8,0.0,36416.000000,0,0.0,0.0,0.0,1.0
271161,0,1,3400,-56,56,628,23,25,0.54,975488.000000,0,27,12,0.0,0.0,0.0,0.0,0.0,0.0,1.0
271410,0,1,3400,-56,56,625,22,25,0.51,1015453.812500,0,27,12,0.0,0.0,0.0,0.0,0.0,0.0,1.0
271659,0,1,3400,-56,56,629,22,25,0.52,958374.500000,0,27,12,0.0,0.0,0.0,0.0,0.0,0.0,1.0
271908,0,1,3400,-56,56,626,24,25,0.52,996768.000000,0,27,12,0.0,53824.000000,0,0.0,0.0,0.0,1.0
272157,0,1,3400,-56,56,623,22,25,0.51,976544.000000,0,27,13,0.0,0.0,0.0,0.0,0.0,0.0,1.0
272406,0,1,3400,-56,56,622,24,25,0.52,984448.000000,0,27,13,0.0,0.0,0.0,0.0,0.0,0.0,1.0
272655,0,1,3400,-56,56,629,23,25,0.52,980544.000000,0,27,13,0.0,0.0,0.0,0.0,0.0,0.0,1.0
272904,0,1,3400,-56,56,623,23,25,0.52,989664.000000,0,27,12,0.0,28736.000000,0,0.0,0.0,0.0,1.0
273153,0,1,3400,-56,56,627,23,25,0.52,990368.000000,0,27,12,0.0,0.0,0.0,0.0,0.0,0.0,1.0
273402,0,1,3400,-56,56,623,23,25,0.50,989600.000000,0,27,12,0.0,0.0,0.0,0.0,0.0,0.0,1.0
273651,0,1,3400,-56,56,622,24,25,0.51,887200.000000,0,27,12,0.0,0.0,0.0,0.0,0.0,0.0,1.0
273900,0,1,3400,-56,56,623,23,25,0.50,1002560.000000,0,27,7.9,0.0,23552.000000,0,0.0,0.0,0.0,1.0
274149,0,1,3400,-56,56,626,23,25,0.51,1019808.000000,0,27,3.5,0.0,0.0,0.0,0.0,0.0,0.0,1.0
274398,0,1,3400,-56,56,622,24,25,0.52,1019200.000000,0,27,3.6,0.0,0.0,0.0,0.0,0.0,0.0,1.0
274647,0,1,3400,-56,56,626,23,25,0.51,999200.000000,0,27,3.5,0.0,0.0,0.0,0.0,0.0,0.0,1.0
274896,0,1,3400,-56,56,633,23,25,0.52,953312.000000,0,27,8.4,0.0,36576.000000,0,0.0,0.0,0.0,1.0
275145,0,1,3400,-56,56,627,23,25,0.51,987808.000000,0,27,13,0.0,0.0,0.0,0.0,0.0,0.0,1.0
275394,0,1,3400,-56,56,624,23,25,0.51,1008928.000000,0,27,13,0.0,0.0,0.0,0.0,0.0,0.0,1.0
275643,0,1,3400,-56,56,625,24,25,0.52,976448.000000,0,27,13,0.0,0.0,0.0,0.0,0.0,0.0,1.0
275892,0,1,3400,-56,56,622,23,25,0.52,696384.000000,0,27,8.9,0.0,37216.000000,0,0.0,0.0,0.0,1.0
276141,0,1,3400,-56,56,622,22,25,0.51,993216.000000,0,27,4.2,0.0,0.0,0.0,0.0,0.0,0.0,1.0
276390,0,1,3400,-56,56,628,22,25,0.51,1253312.000000,0,27,4.0,0.0,0.0,0.0,0.0,0.0,0.0,1.0
276639,0,1,3400,-56,56,628,22,25,0.50,986473.875000,0,27,4.0,0.0,0.0,0.0,0.0,0.0,0.0,1.0
276888,0,1,3400,-56,56,626,23,25,0.51,985083.687500,0,27,8.1,0.0,28621.513672,0,0.0,0.0,0.0,1.0
277137,0,1,3400,-56,56,624,22,25,0.50,979456.000000,0,27,12,0.0,0.0,0.0,0.0,0.0,0.0,1.0
277386,0,1,3400,-56,56,625,24,25,0.52,998208.000000,0,27,12,0.0,0.0,0.0,0.0,0.0,0.0,1.0
277635,0,1,3400,-56,56,624,23,25,0.51,974208.000000,0,27,12,0.0,0.0,0.0,0.0,0.0,0.0,1.0
277884,0,1,3400,-56,56,625,21,25,0.51,917911.625000,0,27,12,0.0,21847.388672,0,0.0,0.0,0.0,1.0
278133,0,1,3400,-56,56,629,22,25,0.50,1056605.625000,0,27,11,0.0,0.0,0.0,0.0,0.0,0.0,1.0
278382,0,1,3400,-56,56,628,23,25,0.51,997824.000000,0,27,10,0.0,0.0,0.0,0.0,0.0,0.0,1.0
278631,0,1,3400,-56,56,625,23,25,0.52,950624.000000,0,27,10,0.0,0.0,0.0,0.0,0.0,0.0,1.0
278880,0,1,3400,-56,56,624,22,25,0.51,1001440.000000,0,27,7.3,0.0,23552.000000,0,0.0,0.0,0.0,1.0
279129,0,1,3400,-56,56,623,21,25,0.51,961312.000000,0,27,4.0,0.0,0.0,0.0,0.0,0.0,0.0,1.0
279378,0,1,3400,-56,56,622,24,25,0.52,1015840.000000,0,27,4.0,0.0,0.0,0.0,0.0,0.0,0.0,1.0
279627,0,1,3400,-57,57,623,22,25,0.50,1003424.000000,0,27,4.0,0.0,0.0,0.0,0.0,0.0,0.0,1.0
279876,0,1,3400,-57,57,626,21,25,0.52,957440.000000,0,27,7.0,0.0,25184.000000,0,0.0,0.0,0.0,1.0
280125,0,1,3400,-57,57,631,21,25,0.50,980064.000000,0,27,13,0.0,0.0,0.0,0.0,0.0,0.0,1.0
280374,0,1,3400,-57,57,628,21,24,0.50,1002720.000000,0,27,13,0.0,0.0,0.0,0.0,0.0,0.0,1.0
280623,0,1,3400,-57,57,626,21,25,0.50,975232.000000,0,27,13,0.0,0.0,0.0,0.0,0.0,0.0,1.0
280872,0,1,3400,-57,57,622,21,24,0.50,1000256.000000,0,27,11,0.0,60864.000000,7,0.0,0.0,0.0,1.0
281121,0,1,3400,-57,57,626,21,24,0.51,980448.000000,0,27,7.1,0.0,0.0,0.0,0.0,0.0,0.0,1.0
281370,0,1,3400,-57,57,625,22,25,0.51,998848.000000,0,27,7.0,0.0,0.0,0.0,0.0,0.0,0.0,1.0
281619,0,1,3400,-58,58,625,21,24,0.51,951040.000000,0,27,7.0,0.0,0.0,0.0,0.0,0.0,0.0,1.0
281868,0,1,3400,-58,58,626,21,24,0.50,979328.000000,0,27,6.3,0.0,45408.000000,0,0.0,0.0,0.0,1.0
282117,0,1,3400,-58,58,626,21,24,0.50,1023104.000000,0,27,5.5,0.0,0.0,0.0,0.0,0.0,0.0,1.0
282366,0,1,3400,-58,58,628,21,23,0.51,979520.000000,0,27,5.5,0.0,0.0,0.0,0.0,0.0,0.0,1.0
282615,0,1,3400,-58,58,627,20,24,0.50,980576.000000,0,27,5.5,0.0,0.0,0.0,0.0,0.0,0.0,1.0
282864,0,1,3400,-58,58,626,20,23,0.50,990848.000000,0,27,7.8,0.0,31296.000000,0,0.0,0.0,0.0,1.0
283113,0,1,3400,-58,58,626,21,24,0.51,988320.000000,0,27,12,0.0,0.0,0.0,0.0,0.0,0.0,1.0
283362,0,1,3400,-58,58,625,21,24,0.50,986816.000000,0,27,12,0.0,0.0,0.0,0.0,0.0,0.0,1.0
283611,0,1,3400,-59,59,628,20,23,0.50,979424.000000,0,27,12,0.0,0.0,0.0,0.0,0.0,0.0,1.0
283860,0,1,3400,-59,59,630,21,23,0.51,987488.000000,0,27,10,0.0,37024.000000,0,0.0,0.0,0.0,1.0
284109,0,1,3400,-59,59,626,20,23,0.50,1006072.312500,0,27,9.0,0.0,0.0,0.0,0.0,0.0,0.0,1.0
284358,0,1,3400,-59,59,627,20,23,0.51,994880.000000,0,27,9.0,0.0,0.0,0.0,0.0,0.0,0.0,1.0
284607,0,1,3400,-59,59,631,20,23,0.50,931729.062500,0,27,9.1,0.0,0.0,0.0,0.0,0.0,0.0,1.0
284856,0,1,3400,-59,59,629,20,23,0.50,971712.000000,0,27,11,0.0,28736.000000,0,0.0,0.0,0.0,1.0
285105,0,1,3400,-59,59,625,21,23,0.51,1042496.000000,0,27,12,0.0,0.0,0.0,0.0,0.0,0.0,1.0
285354,0,1,3400,-59,59,625,20,23,0.50,995360.000000,0,27,12,0.0,0.0,0.0,0.0,0.0,0.0,1.0
285603,0,1,3400,-59,59,621,21,23,0.51,994528.000000,0,27,12,0.0,0.0,0.0,0.0,0.0,0.0,1.0
285852,0,1,3400,-59,59,626,21,23,0.51,979488.000000,0,27,13,0.0,57728.000000,0,0.0,0.0,0.0,1.0
286101,0,1,3400,-59,59,625,21,23,0.51,984928.000000,0,27,14,0.0,0.0,0.0,0.0,0.0,0.0,1.0
286350,0,1,3400,-58,58,625,21,24,0.50,989088.000000,0,27,14,0.0,0.0,0.0,0.0,0.0,0.0,1.0
286599,0,1,3400,-58,58,625,21,23,0.50,940384.000000,0,27,14,0.0,0.0,0.0,0.0,0.0,0.0,1.0
286848,0,1,3400,-58,58,618,19,24,0.50,780224.000000,0,27,11,0.0,26496.000000,0,0.0,0.0,0.0,1.0
287097,0,1,3400,-58,58,623,21,24,0.50,982656.000000,0,27,6.7,0.0,0.0,0.0,0.0,0.0,0.0,1.0
287346,0,1,3400,-58,58,623,21,24,0.51,1232352.000000,0,27,6.6,0.0,0.0,0.0,0.0,0.0,0.0,1.0
287595,0,1,3400,-58,58,624,20,24,0.51,967136.000000,0,27,6.5,0.0,0.0,0.0,0.0,0.0,0.0,1.0
287844,0,1,3400,-58,58,624,21,23,0.51,1023296.000000,0,27,9.3,0.0,28736.000000,0,0.0,0.0,0.0,1.0
288093,0,1,3400,-58,58,624,21,24,0.50,984512.000000,0,27,12,0.0,0.0,0.0,0.0,0.0,0.0,1.0
288342,0,1,3400,-58,58,625,21,24,0.51,956992.000000,0,27,12,0.0,0.0,0.0,0.0,0.0,0.0,1.0
288591,0,1,3400,-58,58,622,20,24,0.51,962624.000000,0,27,12,0.0,0.0,0.0,0.0,0.0,0.0,1.0
288840,0,1,3400,-58,58,624,20,24,0.50,1031360.000000,0,27,7.8,0.0,23552.000000,0,0.0,0.0,0.0,1.0
289089,0,1,3400,-58,58,623,21,24,0.50,985472.000000,0,27,3.6,0.0,0.0,0.0,0.0,0.0,0.0,1.0
289338,0,1,3400,-57,57,627,21,24,0.50,991968.000000,0,27,3.5,0.0,0.0,0.0,0.0,0.0,0.0,1.0
289587,0,1,3400,-57,57,630,20,24,0.50,988819.250000,0,27,3.5,0.0,0.0,0.0,0.0,0.0,0.0,1.0
289836,0,1,3400,-57,57,631,21,24,0.50,984764.937500,0,27,5.1,0.0,39235.058594,0,0.0,0.0,0.0,1.0
290085,0,1,3400,-57,57,636,21,25,0.51,982176.000000,0,27,8.0,0.0,0.0,0.0,0.0,0.0,0.0,1.0
290334,0,1,3400,-57,57,624,21,24,0.50,992385.562500,0,27,8.0,0.0,0.0,0.0,0.0,0.0,0.0,1.0
290583,0,1,3400,-58,58,622,21,24,0.51,979968.000000,0,27,8.0,0.0,0.0,0.0,0.0,0.0,0.0,1.0
290832,0,1,3400,-58,58,627,20,24,0.50,1003168.000000,0,27,7.6,0.0,41248.000000,0,0.0,0.0,0.0,1.0
291081,0,1,3400,-58,58,626,20,24,0.51,976286.875000,0,27,7.0,0.0,0.0,0.0,0.0,0.0,0.0,1.0
291330,0,1,3400,-58,58,622,21,24,0.50,997856.000000,0,27,7.0,0.0,0.0,0.0,0.0,0.0,0.0,1.0
291579,0,1,3400,-58,58,624,21,24,0.51,971456.000000,0,27,7.0,0.0,0.0,0.0,0.0,0.0,0.0,1.0
291828,0,1,3400,-58,58,626,20,24,0.51,990528.000000,0,27,9.6,0.0,26560.000000,0,0.0,0.0,0.0,1.0
292077,0,1,3400,-58,58,622,21,24,0.50,997632.000000,0,27,12,0.0,0.0,0.0,0.0,0.0,0.0,1.0
292326,0,1,3400,-58,58,626,20,23,0.50,920352.000000,0,27,12,0.0,0.0,0.0,0.0,0.0,0.0,1.0
292575,0,1,3400,-58,58,626,20,24,0.51,1040096.000000,0,27,12,0.0,0.0,0.0,0.0,0.0,0.0,1.0
292824,0,1,3400,-58,58,624,21,24,0.50,988256.000000,0,27,12,0.0,36416.000000,0,0.0,0.0,0.0,1.0
293073,0,1,3400,-58,58,624,21,24,0.51,991392.000000,0,27,12,0.0,0.0,0.0,0.0,0.0,0.0,1.0
293322,0,1,3400,-57,57,623,21,25,0.50,996480.000000,0,27,12,0.0,0.0,0.0,0.0,0.0,0.0,1.0
293571,0,1,3400,-57,57,622,21,24,0.50,948448.000000,0,27,12,0.0,0.0,0.0,0.0,0.0,0.0,1.0
293820,0,1,3400,-57,57,624,22,25,0.50,1015712.000000,0,27,8.2,0.0,21568.000000,0,0.0,0.0,0.0,1.0
294069,0,1,3400,-57,57,621,21,24,0.50,992480.000000,0,27,4.0,0.0,0.0,0.0,0.0,0.0,0.0,1.0
294318,0,1,3400,-57,57,626,22,24,0.50,993280.000000,0,27,4.1,0.0,0.0,0.0,0.0,0.0,0.0,1.0
294567,0,1,3400,-57,57,624,21,25,0.50,961120.000000,0,27,4.0,0.0,0.0,0.0,0.0,0.0,0.0,1.0
294816,0,1,3400,-57,57,626,21,24,0.51,1002528.000000,0,27,7.3,0.0,35040.000000,0,0.0,0.0,0.0,1.0
295065,0,1,3400,-57,57,630,20,24,0.50,960512.000000,0,27,13,0.0,0.0,0.0,0.0,0.0,0.0,1.0
295314,0,1,3400,-57,57,626,20,24,0.51,975392.000000,0,27,13,0.0,0.0,0.0,0.0,0.0,0.0,1.0
295563,0,1,3400,-58,58,624,21,24,0.50,1011968.000000,0,27,13,0.0,0.0,0.0,0.0,0.0,0.0,1.0
295812,0,1,3400,-58,58,625,21,24,0.50,978336.000000,0,27,13,0.0,28896.000000,0,0.0,0.0,0.0,1.0
296061,0,1,3400,-58,58,624,20,24,0.50,1002400.000000,0,27,13,0.0,0.0,0.0,0.0,0.0,0.0,1.0
296310,0,1,3400,-58,58,625,21,24,0.50,986528.000000,0,27,13,0.0,0.0,0.0,0.0,0.0,0.0,1.0
296559,0,1,3400,-58,58,626,20,24,0.50,994912.000000,0,27,13,0.0,0.0,0.0,0.0,0.0,0.0,1.0
296808,0,1,3400,-58,58,623,22,24,0.51,682955.812500,0,27,13,0.0,36722.890625,0,0.0,0.0,0.0,1.0
297057,0,1,3400,-58,58,618,22,24,0.50,525632.000000,0,27,13,0.0,0.0,0.0,0.0,0.0,0.0,1.0
297306,0,1,3400,-58,58,621,22,24,0.50,486432.000000,0,27,13,0.0,0.0,0.0,0.0,0.0,0.0,1.0
297555,0,1,3400,-58,58,624,22,24,0.50,464733.062500,0,27,13,0.0,0.0,0.0,0.0,0.0,0.0,1.0
297804,0,1,3400,-58,58,620,22,24,0.54,469600.000000,0,27,13,0.0,28896.000000,0,0.0,0.0,0.0,1.0
298053,0,1,3400,-58,58,623,22,24,0.52,460512.000000,0,27,13,0.0,0.0,0.0,0.0,0.0,0.0,1.0
298302,0,1,3400,-58,58,621,22,24,0.51,458080.000000,0,27,13,0.0,0.0,0.0,0.0,0.0,0.0,1.0
298551,0,1,3400,-58,58,622,22,24,0.51,535200.000000,0,27,13,0.0,0.0,0.0,0.0,0.0,0.0,1.0
298800,0,1,3400,-58,58,622,23,24,0.52,532224.000000,0,27,13,0.0,59392.000000,0,0.0,0.0,0.0,1.0
299049,0,1,3400,-58,58,625,23,25,0.56,592096.000000,0.7,27,15,0.0,0.0,0.0,0.0,0.0,0.0,1.0
299298,0,1,3400,-57,57,621,22,25,0.51,514048.000000,0,27,15,0.0,0.0,0.0,0.0,0.0,0.0,1.0
299547,0,1,3400,-57,57,622,25,25,0.52,551744.000000,0,27,15,0.0,15520.000000,0,0.0,0.0,0.0,1.0
299796,0,1,3400,-57,57,624,23,25,0.51,420800.000000,0,27,10,0.0,34816.000000,0,0.0,0.0,0.0,1.0
300045,0,1,3400,-57,57,628,21,25,0.50,484544.000000,0,27,6.5,0.0,0.0,0.0,0.0,0.0,0.0,1.0
300294,0,1,3400,-57,57,628,23,25,0.50,548736.000000,0,27,6.5,0.0,0.0,0.0,0.0,0.0,0.0,1.0
300543,0,1,3400,-57,57,625,23,25,0.51,550112.000000,0,27,6.7,0.0,7200.000000,0,0.0,0.0,0.0,1.0
300792,0,1,3400,-57,57,624,23,25,0.51,518528.000000,0,27,6.8,0.0,26496.000000,0,0.0,0.0,0.0,1.0
301041,0,1,3400,-57,57,626,23,25,0.52,503040.000000,0,27,6.5,0.0,0.0,0.0,0.0,0.0,0.0,1.0
301290,0,1,3400,-57,57,620,24,25,0.50,573824.000000,0,27,6.6,0.0,0.0,0.0,0.0,0.0,0.0,1.0
301539,0,1,3400,-57,57,622,22,25,0.50,457344.000000,0,27,6.8,0.0,0.0,0.0,0.0,0.0,0.0,1.0
301788,0,1,3400,-57,57,622,24,25,0.52,626048.000000,0,27,9.0,0.0,57984.000000,22,0.0,0.0,0.0,1.0
302037,0,1,3400,-57,57,625,21,25,0.50,419534.125000,0,27,14,0.0,0.0,0.0,0.0,0.0,0.0,1.0
302286,0,1,3400,-56,56,632,25,25,0.52,492079.687500,0,27,14,0.0,0.0,0.0,0.0,0.0,0.0,1.0
302535,0,1,3400,-57,57,629,25,25,0.51,559584.000000,0,27,14,0.0,0.0,0.0,0.0,0.0,0.0,1.0
302784,0,1,3400,-57,57,621,24,25,0.52,537574.312500,0,27,13,0.0,26827.308594,0,0.0,0.0,0.0,1.0
303033,0,1,3400,-57,57,622,25,25,0.54,565864.562500,0,27,13,0.0,0.0,0.0,0.0,0.0,0.0,1.0
303282,0,1,3400,-57,57,624,21,25,0.51,377188.750000,0,27,13,0.0,0.0,0.0,0.0,0.0,0.0,1.0
303531,0,1,3400,-57,57,625,24,25,0.51,579136.000000,0,27,13,0.0,0.0,0.0,0.0,0.0,0.0,1.0
303780,0,1,3400,-57,57,625,23,25,0.51,533088.000000,0,27,11,0.0,43200.000000,0,0.0,0.0,0.0,1.0
304029,0,1,3400,-57,57,626,23,25,0.51,504892.437500,0,27,7.6,0.0,0.0,0.0,0.0,0.0,0.0,1.0
304278,0,1,3400,-57,57,628,22,25,0.51,524032.000000,0,27,7.6,0.0,0.0,0.0,0.0,0.0,0.0,1.0
304527,0,1,3400,-57,57,625,22,25,0.50,449568.000000,0,27,7.6,0.0,0.0,0.0,0.0,0.0,0.0,1.0
304776,0,1,3400,-57,57,625,23,25,0.51,575328.000000,0,27,8.6,0.0,28768.000000,0,0.0,0.0,0.0,1.0
305025,0,1,3400,-57,57,626,24,25,0.51,568096.000000,0,27,11,0.0,0.0,0.0,0.0,0.0,0.0,1.0
305274,0,1,3400,-56,56,628,21,25,0.50,498976.000000,0,27,11,0.0,0.0,0.0,0.0,0.0,0.0,1.0
305523,0,1,3400,-56,56,628,22,25,0.50,548224.000000,0,27,11,0.0,0.0,0.0,0.0,0.0,0.0,1.0
305772,0,1,3400,-56,56,628,24,25,0.51,512672.000000,0,27,9.1,0.0,29696.000000,0,0.0,0.0,0.0,1.0
306021,0,1,3400,-56,56,622,25,25,0.53,580448.000000,0,27,5.6,0.0,0.0,0.0,0.0,0.0,0.0,1.0
306270,0,1,3400,-56,56,621,24,25,0.52,556352.000000,0,27,5.6,0.0,0.0,0.0,0.0,0.0,0.0,1.0
306519,0,1,3400,-57,57,625,22,25,0.53,563424.000000,0,27,5.6,0.0,0.0,0.0,0.0,0.0,0.0,1.0
306768,0,1,3400,-57,57,623,24,25,0.52,522784.000000,0,27,5.2,0.0,71296.000000,0,0.0,0.0,0.0,1.0
307017,0,1,3400,-57,57,620,25,25,0.50,123584.000000,0,27,5.5,0.0,0.0,0.0,0.0,0.0,0.0,1.0
307266,0,1,3400,-57,57,622,24,25,0.52,406080.000000,0,27,5.5,0.0,0.0,0.0,0.0,0.0,0.0,1.0
307515,0,1,3400,-57,57,623,25,25,0.50,296128.000000,0,27,5.5,0.0,0.0,0.0,0.0,0.0,0.0,1.0
307764,0,1,3400,-57,57,625,23,25,0.51,511392.000000,0,27,9.1,0.0,50176.000000,12,0.0,0.0,0.0,1.0
308013,0,1,3400,-57,57,619,23,24,0.51,480480.000000,0,27,13,0.0,0.0,0.0,0.0,0.0,0.0,1.0
308262,0,1,3400,-57,57,621,23,25,0.50,532224.000000,0,27,13,0.0,0.0,0.0,0.0,0.0,0.0,1.0
308511,0,1,3400,-57,57,625,24,25,0.50,531744.000000,0,27,13,0.0,0.0,0.0,0.0,0.0,0.0,1.0
308760,0,1,3400,-57,57,622,25,25,0.52,570112.000000,0,27,7.6,0.0,40352.000000,0,0.0,0.0,0.0,1.0
309009,0,1,3400,-57,57,625,26,25,0.52,719296.000000,0,27,2.0,0.0,0.0,0.0,0.0,0.0,0.0,1.0
309258,0,1,3400,-56,56,627,24,25,0.54,586720.000000,0,27,2.0,0.0,0.0,0.0,0.0,0.0,0.0,1.0
309507,0,1,3400,-56,56,628,24,26,0.51,490987.937500,0,27,2.0,0.0,0.0,0.0,0.0,0.0,0.0,1.0
309756,0,1,3400,-56,56,623,25,25,0.51,687648.000000,0,27,3.4,0.0,31264.000000,0,0.0,0.0,0.0,1.0
310005,0,1,3400,-56,56,625,24,25,0.52,607872.000000,0,27,5.4,0.0,0.0,0.0,0.0,0.0,0.0,1.0
310254,0,1,3400,-56,56,625,24,25,0.54,511136.000000,0,27,5.4,0.0,0.0,0.0,0.0,0.0,0.0,1.0
310503,0,1,3400,-56,56,626,25,25,0.52,634358.562500,0,27,5.5,0.0,0.0,0.0,0.0,0.0,0.0,1.0
310752,0,1,3400,-56,56,627,25,26,0.51,614016.000000,0,27,10,0.0,71584.000000,31,0.0,0.0,0.0,1.0
311001,0,1,3400,-56,56,628,26,25,0.51,652416.000000,0,27,16,0.0,0.0,0.0,0.0,0.0,0.0,1.0
311250,0,1,3400,-56,56,627,25,25,0.51,624000.000000,0,27,16,0.0,0.0,0.0,0.0,0.0,0.0,1.0
311499,0,1,3400,-56,56,629,25,26,0.51,631360.000000,0,27,16,0.0,0.0,0.0,0.0,0.0,0.0,1.0
311748,0,1,3400,-56,56,623,25,25,0.50,606080.000000,0,27,15,0.0,73600.000000,0,0.0,0.0,0.0,1.0
311997,0,1,3400,-56,56,624,26,25,0.53,632096.000000,0,27,14,0.0,0.0,0.0,0.0,0.0,0.0,1.0
312246,0,1,3400,-56,56,624,22,25,0.50,490880.000000,0,27,14,0.0,0.0,0.0,0.0,0.0,0.0,1.0
312495,0,1,3400,-57,57,626,24,25,0.51,578720.000000,0,27,14,0.0,0.0,0.0,0.0,0.0,0.0,1.0
312744,0,1,3400,-57,57,631,23,25,0.51,542304.000000,0,27,12,0.0,59680.000000,5,0.0,0.0,0.0,1.0
312993,0,1,3400,-57,57,627,23,25,0.50,529984.000000,0,27,10,0.0,0.0,0.0,0.0,0.0,0.0,1.0
313242,0,1,3400,-57,57,624,23,25,0.51,549472.000000,0,27,10,0.0,0.0,0.0,0.0,0.0,0.0,1.0
313491,0,1,3400,-57,57,625,22,24,0.50,466048.000000,0,27,10,0.0,0.0,0.0,0.0,0.0,0.0,1.0
313740,0,1,3400,-57,57,624,22,24,0.50,500256.000000,0,27,8.0,0.0,69984.000000,0,0.0,0.0,0.0,1.0
313989,0,1,3400,-57,57,623,22,24,0.50,451840.000000,0,27,4.0,0.0,0.0,0.0,0.0,0.0,0.0,1.0
314238,0,1,3400,-57,57,626,22,24,0.50,469120.000000,0,27,4.0,0.0,0.0,0.0,0.0,0.0,0.0,1.0
314487,0,1,3400,-57,57,631,22,24,0.50,536288.000000,0,27,4.0,0.0,0.0,0.0,0.0,0.0,0.0,1.0
314736,0,1,3400,-57,57,626,23,24,0.50,553984.000000,0,27,6.3,0.0,47904.000000,0,0.0,0.0,0.0,1.0
314985,0,1,3400,-57,57,623,22,24,0.50,493012.062500,0,27,8.9,0.0,0.0,0.0,0.0,0.0,0.0,1.0
315234,0,1,3400,-57,57,629,22,25,0.50,474964.156250,0,27,8.8,0.0,0.0,0.0,0.0,0.0,0.0,1.0
315483,0,1,3400,-57,57,625,22,24,0.51,509152.000000,0,27,9.0,0.0,0.0,0.0,0.0,0.0,0.0,1.0
315732,0,1,3400,-57,57,623,23,25,0.51,484465.875000,0,27,7.8,0.0,31357.429688,0,0.0,0.0,0.0,1.0
315981,0,1,3400,-57,57,622,22,24,0.50,429888.000000,0,27,6.5,0.0,0.0,0.0,0.0,0.0,0.0,1.0
316230,0,1,3400,-57,57,626,22,24,0.51,435520.000000,0,27,6.5,0.0,0.0,0.0,0.0,0.0,0.0,1.0
316479,0,1,3400,-57,57,626,23,24,0.51,559776.000000,0,27,6.4,0.0,0.0,0.0,0.0,0.0,0.0,1.0
316728,0,1,3400,-57,57,625,22,24,0.50,452608.000000,0,27,5.4,0.0,37760.000000,5,0.0,0.0,0.0,1.0
316977,0,1,3400,-57,57,624,22,25,0.51,448000.000000,0,27,2.0,0.0,0.0,0.0,0.0,0.0,0.0,1.0
317226,0,1,3400,-57,57,624,23,24,0.51,593344.000000,0,27,2.0,0.0,0.0,0.0,0.0,0.0,0.0,1.0
317475,0,1,3400,-57,57,626,24,24,0.50,526496.000000,0,27,2.0,0.0,0.0,0.0,0.0,0.0,0.0,1.0
317724,0,1,3400,-57,57,626,22,24,0.50,471520.000000,0,27,2.7,0.0,55008.000000,0,0.0,0.0,0.0,1.0
317973,0,1,3400,-57,57,628,22,24,0.51,467328.000000,0,27,4.5,0.0,0.0,0.0,0.0,0.0,0.0,1.0
318222,0,1,3400,-57,57,628,23,25,0.50,506368.000000,0,27,4.5,0.0,0.0,0.0,0.0,0.0,0.0,1.0
318471,0,1,3400,-57,57,625,21,24,0.50,412608.000000,0,27,4.5,0.0,0.0,0.0,0.0,0.0,0.0,1.0
318720,0,1,3400,-57,57,629,24,24,0.50,585632.000000,0,27,7.9,0.0,127008.000000,4,0.0,0.0,0.0,1.0
318969,0,1,3400,-57,57,626,24,25,0.51,521088.000000,0,27,12,0.0,0.0,0.0,0.0,0.0,0.0,1.0
319218,0,1,3400,-57,57,624,22,24,0.50,496096.000000,0,27,12,0.0,0.0,0.0,0.0,0.0,0.0,1.0
319467,0,1,3400,-57,57,627,23,24,0.51,531584.000000,0,27,12,0.0,0.0,0.0,0.0,0.0,0.0,1.0
319716,0,1,3400,-57,57,624,22,25,0.50,408672.000000,0,27,9.8,0.0,31264.000000,0,0.0,0.0,0.0,1.0
319965,0,1,3400,-57,57,628,22,25,0.51,505440.000000,0,27,5.5,0.0,0.0,0.0,0.0,0.0,0.0,1.0
320214,0,1,3400,-56,56,627,21,25,0.50,416000.000000,0,27,5.5,0.0,0.0,0.0,0.0,0.0,0.0,1.0
320463,0,1,3400,-57,57,626,22,25,0.50,460064.000000,0,27,5.5,0.0,0.0,0.0,0.0,0.0,0.0,1.0
320712,0,1,3400,-57,57,624,24,25,0.50,529824.000000,0,27,5.6,0.0,36384.000000,0,0.0,0.0,0.0,1.0
320961,0,1,3400,-57,57,622,23,25,0.51,540160.000000,0,27,5.5,0.0,0.0,0.0,0.0,0.0,0.0,1.0
321210,0,1,3400,-57,57,623,21,24,0.50,444416.000000,0,27,5.6,0.0,0.0,0.0,0.0,0.0,0.0,1.0
321459,0,1,3400,-58,58,629,23,24,0.50,510457.843750,0,27,5.6,0.0,0.0,0.0,0.0,0.0,0.0,1.0
321708,0,1,3400,-58,58,630,22,24,0.50,489083.656250,0,27,7.9,0.0,129179.281250,0,0.0,0.0,0.0,1.0
321957,0,1,3400,-58,58,625,22,24,0.50,457696.000000,0,27,10,0.0,9376.000000,0,0.0,0.0,0.0,1.0
322206,0,1,3400,-58,58,627,22,24,0.50,426752.000000,0,27,10,0.0,0.0,0.0,0.0,0.0,0.0,1.0
322455,0,1,3400,-58,58,624,22,24,0.51,518682.718750,0,27,10,0.0,0.0,0.0,0.0,0.0,0.0,1.0
322704,0,1,3400,-58,58,625,22,24,0.50,419040.000000,0,27,9.2,0.0,50368.000000,10,0.0,0.0,0.0,1.0
322953,0,1,3400,-58,58,629,22,23,0.51,482592.000000,0,27,8.0,0.0,0.0,0.0,0.0,0.0,0.0,1.0
323202,0,1,3400,-58,58,626,21,23,0.50,416576.000000,0,27,8.1,0.0,0.0,0.0,0.0,0.0,0.0,1.0
323451,0,1,3400,-58,58,629,21,24,0.50,415585.656250,0,27,8.1,0.0,0.0,0.0,0.0,0.0,0.0,1.0
323700,0,1,3400,-58,58,626,21,23,0.51,464576.000000,0,27,9.4,0.0,31328.000000,0,0.0,0.0,0.0,1.0
323949,0,1,3400,-58,58,622,22,24,0.50,477952.000000,0,27,11,0.0,0.0,0.0,0.0,0.0,0.0,1.0
324198,0,1,3400,-58,58,621,22,23,0.52,448736.000000,0,27,10,0.0,0.0,0.0,0.0,0.0,0.0,1.0
324447,0,1,3400,-59,59,619,22,23,0.50,521024.000000,0,27,10,0.0,0.0,0.0,0.0,0.0,0.0,1.0
324696,0,1,3400,-59,59,620,22,23,0.51,424736.000000,0,27,11,0.0,55200.000000,0,0.0,0.0,0.0,1.0
324945,0,1,3400,-59,59,624,21,23,0.50,506688.000000,0,27,12,0.0,0.0,0.0,0.0,0.0,0.0,1.0
325194,0,1,3400,-59,59,625,21,23,0.50,537248.000000,0,27,12,0.0,0.0,0.0,0.0,0.0,0.0,1.0
325443,0,1,3400,-59,59,625,20,23,0.50,408960.000000,0,27,12,0.0,0.0,0.0,0.0,0.0,0.0,1.0
325692,0,1,3400,-59,59,626,21,23,0.50,482656.000000,0,27,9.5,0.0,45760.000000,0,0.0,0.0,0.0,1.0
325941,0,1,3400,-59,59,627,22,23,0.53,477632.000000,0,27,7.0,0.0,0.0,0.0,0.0,0.0,0.0,1.0
326190,0,1,3400,-58,58,620,22,23,0.51,488192.000000,0,27,7.0,0.0,0.0,0.0,0.0,0.0,0.0,1.0
326439,0,1,3400,-58,58,623,21,23,0.50,404768.000000,0,27,7.0,0.0,0.0,0.0,0.0,0.0,0.0,1.0
326688,0,1,3400,-58,58,625,22,23,0.50,484672.000000,0,27,7.7,0.0,62144.000000,25,0.0,0.0,0.0,1.0
326937,0,1,3400,-58,58,622,21,23,0.51,496064.000000,0,27,9.0,0.0,0.0,0.0,0.0,0.0,0.0,1.0
327186,0,1,3400,-58,58,622,21,24,0.50,476992.000000,0,27,9.0,0.0,0.0,0.0,0.0,0.0,0.0,1.0
327435,0,1,3400,-59,59,624,22,23,0.51,518016.000000,0,27,9.0,0.0,0.0,0.0,0.0,0.0,0.0,1.0
327684,0,1,3400,-59,59,623,22,23,0.50,438144.000000,0,27,10,0.0,72288.000000,6,0.0,0.0,0.0,1.0
327933,0,1,3400,-59,59,629,21,23,0.50,425920.000000,0,27,14,0.0,0.0,0.0,0.0,0.0,0.0,1.0
328182,0,1,3400,-59,59,623,22,22,0.51,482496.000000,0,27,14,0.0,0.0,0.0,0.0,0.0,0.0,1.0
328431,0,1,3400,-59,59,626,21,23,0.52,468480.000000,0,27,14,0.0,0.0,0.0,0.0,0.0,0.0,1.0
328680,0,1,3400,-59,59,628,22,22,0.52,494907.625000,0,27,13,0.0,31453.814453,0,0.0,0.0,0.0,1.0
328929,0,1,3400,-59,59,627,22,23,0.51,423200.000000,0,27,10,0.0,0.0,0.0,0.0,0.0,0.0,1.0
329178,0,1,3400,-59,59,624,23,22,0.52,566464.000000,0,27,10,0.0,0.0,0.0,0.0,0.0,0.0,1.0
329427,0,1,3400,-60,60,626,21,22,0.52,481248.000000,0,27,10,0.0,0.0,0.0,0.0,0.0,0.0,1.0
329676,0,1,3400,-60,60,623,21,22,0.51,475296.000000,0,27,11,0.0,36576.000000,0,0.0,0.0,0.0,1.0
329925,0,1,3400,-60,60,625,23,22,0.57,483505.968750,0,27,13,0.0,0.0,0.0,0.0,0.0,0.0,1.0
330174,0,1,3400,-60,60,624,20,22,0.50,436032.000000,0,27,13,0.0,0.0,0.0,0.0,0.0,0.0,1.0
330423,0,1,3400,-60,60,625,23,21,0.60,507104.000000,0,27,13,0.0,0.0,0.0,0.0,0.0,0.0,1.0
330672,0,1,3400,-60,60,624,19,21,0.52,373984.000000,0,27,14,0.0,194176.000000,12,0.0,0.0,0.0,1.0
330921,0,1,3400,-60,60,624,20,22,0.51,447328.000000,0,27,16,0.0,0.0,0.0,0.0,0.0,0.0,1.0
331170,0,1,3400,-60,60,625,21,21,0.53,447968.000000,0,27,16,0.0,0.0,0.0,0.0,0.0,0.0,1.0
331419,0,1,3400,-61,61,626,19,21,0.51,409024.000000,0,27,16,0.0,0.0,0.0,0.0,0.0,0.0,1.0
331668,0,1,3400,-61,61,626,20,21,0.52,404000.000000,0,27,15,0.0,69248.000000,0,0.0,0.0,0.0,1.0
331917,0,1,3400,-61,61,626,22,21,0.51,427008.000000,0,27,15,0.0,0.0,0.0,0.0,0.0,0.0,1.0
332166,0,1,3400,-61,61,629,22,21,0.59,454848.000000,0,27,15,0.0,0.0,0.0,0.0,0.0,0.0,1.0
332415,0,1,3400,-61,61,624,21,21,0.57,443296.000000,0,27,15,0.0,0.0,0.0,0.0,0.0,0.0,1.0
332664,0,1,3400,-61,61,622,20,21,0.53,358496.000000,0,27,15,0.0,186880.000000,23,0.0,0.0,0.0,1.0
332913,0,1,3400,-61,61,625,20,21,0.51,389056.000000,0,27,16,0.0,0.0,0.0,0.0,0.0,0.0,1.0
333162,0,1,3400,-60,60,628,21,21,0.53,499104.000000,0,27,16,0.0,0.0,0.0,0.0,0.0,0.0,1.0
333411,0,1,3400,-61,61,625,19,21,0.51,428384.000000,0,27,16,0.0,0.0,0.0,0.0,0.0,0.0,1.0
333660,0,1,3400,-61,61,621,19,21,0.51,382368.000000,0,27,12,0.0,79488.000000,0,0.0,0.0,0.0,1.0
333909,0,1,3400,-61,61,625,20,21,0.51,372832.000000,0,27,5.5,0.0,0.0,0.0,0.0,0.0,0.0,1.0
334158,0,1,3400,-61,61,627,19,21,0.50,385120.000000,0,27,5.5,0.0,0.0,0.0,0.0,0.0,0.0,1.0
334407,0,1,3400,-61,61,627,18,20,0.51,322859.437500,0,27,5.5,0.0,0.0,0.0,0.0,0.0,0.0,1.0
334656,0,1,3400,-61,61,626,17,20,0.51,350055.781250,0,27,3.9,0.0,26613.544922,8,0.0,0.0,0.0,1.0
334905,0,1,3400,-61,61,626,17,20,0.51,333429.718750,0,27,0.11,0.0,0.0,0.0,0.0,0.0,0.0,1.0
335154,0,1,3400,-61,61,624,18,20,0.50,360544.000000,0,27,0.036,0.0,0.0,0.0,0.0,0.0,0.0,1.0
335403,0,1,3400,-62,62,623,17,20,0.51,312192.000000,0,27,0.18,0.0,0.0,0.0,0.0,0.0,0.0,1.0
335652,0,1,3400,-62,62,623,19,20,0.52,265216.000000,0,27,4.6,0.0,28704.000000,27,0.0,0.0,0.0,1.0
335901,0,1,3400,-62,62,621,18,20,0.53,360672.000000,0,27,9.0,0.0,0.0,0.0,0.0,0.0,0.0,1.0
336150,0,1,3400,-62,62,626,19,19,0.51,374272.000000,0,27,9.0,0.0,0.0,0.0,0.0,0.0,0.0,1.0
336399,0,1,3400,-62,62,631,19,20,0.52,383521.906250,0,27,9.0,0.0,0.0,0.0,0.0,0.0,0.0,1.0
336648,0,1,3400,-62,62,628,17,20,0.51,315520.000000,0,27,11,0.0,138688.000000,40,0.0,0.0,0.0,1.0
336897,0,1,3400,-62,62,622,20,20,0.61,413216.000000,0,27,14,0.0,0.0,0.0,0.0,0.0,0.0,1.0
337146,0,1,3400,-62,62,624,20,20,0.60,347616.000000,0,27,14,0.0,0.0,0.0,0.0,0.0,0.0,1.0
337395,0,1,3400,-62,62,624,19,20,0.56,322656.000000,0,27,14,0.0,0.0,0.0,0.0,0.0,0.0,1.0
337644,0,1,3400,-62,62,619,19,20,0.52,243456.000000,0,27,14,0.0,140000.000000,35,0.0,0.0,0.0,1.0
337893,0,1,3400,-62,62,621,15,20,0.50,239264.000000,0,27,14,0.0,0.0,0.0,0.0,0.0,0.0,1.0
338142,0,1,3400,-62,62,631,19,20,0.53,335968.000000,0,27,14,0.0,0.0,0.0,0.0,0.0,0.0,1.0
338391,0,1,3400,-62,62,622,19,20,0.52,381184.000000,0,27,14,0.0,0.0,0.0,0.0,0.0,0.0,1.0
338640,0,1,3400,-62,62,621,20,20,0.60,400736.000000,0,27,13,0.0,93440.000000,5,0.0,0.0,0.0,1.0
338889,0,1,3400,-62,62,620,18,20,0.50,326752.000000,0,27,12,0.0,0.0,0.0,0.0,0.0,0.0,1.0
339138,0,1,3400,-61,61,626,17,20,0.50,378240.000000,0,27,12,0.0,0.0,0.0,0.0,0.0,0.0,1.0
339387,0,1,3400,-62,62,628,19,20,0.50,386720.000000,0,27,12,0.0,0.0,0.0,0.0,0.0,0.0,1.0
339636,0,1,3400,-62,62,619,18,20,0.51,345728.000000,0,27,10,0.0,45760.000000,0,0.0,0.0,0.0,1.0
339885,0,1,3400,-62,62,622,19,20,0.50,386720.000000,0,27,5.5,0.0,0.0,0.0,0.0,0.0,0.0,1.0
340134,0,1,3400,-62,62,621,14,19,0.51,270912.000000,0,27,5.6,0.0,0.0,0.0,0.0,0.0,0.0,1.0
340383,0,1,3400,-62,62,622,17,20,0.52,343392.000000,0,27,5.6,0.0,0.0,0.0,0.0,0.0,0.0,1.0
340632,0,1,3400,-62,62,620,18,19,0.51,309920.000000,0,27,6.7,0.0,40288.000000,9,0.0,0.0,0.0,1.0
340881,0,1,3400,-62,62,624,18,20,0.52,349120.000000,0,27,9.0,0.0,0.0,0.0,0.0,0.0,0.0,1.0
341130,0,1,3400,-62,62,625,17,19,0.51,309824.000000,0,27,9.0,0.0,0.0,0.0,0.0,0.0,0.0,1.0
341379,0,1,3400,-63,63,627,20,19,0.86,429152.000000,4,27,9.0,0.0,0.0,0.0,0.0,0.0,0.0,1.0
341628,0,1,3400,-63,63,624,19,19,0.51,356240.968750,0,27,8.5,0.0,50570.281250,0,0.0,0.0,0.0,1.0
341877,0,1,3400,-63,63,619,19,19,0.53,382016.000000,0,27,8.0,0.0,0.0,0.0,0.0,0.0,0.0,1.0
342126,0,1,3400,-63,63,624,17,19,0.55,285216.000000,0,27,8.0,0.0,0.0,0.0,0.0,0.0,0.0,1.0
342375,0,1,3400,-63,63,622,18,19,0.52,359936.000000,0,27,8.0,0.0,0.0,0.0,0.0,0.0,0.0,1.0
342624,0,1,3400,-63,63,624,20,19,0.97,370176.000000,8,27,9.7,0.0,52352.000000,12,0.0,0.0,0.0,1.0
342873,0,1,3400,-63,63,625,20,19,0.57,390208.000000,0,27,13,0.0,0.0,0.0,0.0,0.0,0.0,1.0
343122,0,1,3400,-63,63,633,17,19,0.56,312573.718750,0,27,13,0.0,0.0,0.0,0.0,0.0,0.0,1.0
343371,0,1,3400,-64,64,632,19,18,0.57,386304.000000,0,27,13,0.0,0.0,0.0,0.0,0.0,0.0,1.0
343620,0,1,3400,-64,64,620,19,18,0.56,386272.000000,0,27,13,0.0,70944.000000,10,0.0,0.0,0.0,1.0
343869,0,1,3400,-64,64,620,20,18,0.63,391744.000000,0,27,12,0.0,0.0,0.0,0.0,0.0,0.0,1.0
344118,0,1,3400,-64,64,626,15,18,0.53,307264.000000,0,27,12,0.0,0.0,0.0,0.0,0.0,0.0,1.0
344367,0,1,3400,-64,64,627,17,18,0.62,309568.000000,0,27,12,0.0,0.0,0.0,0.0,0.0,0.0,1.0
344616,0,1,3400,-64,64,632,20,18,0.61,302944.000000,0,27,11,0.0,94368.000000,25,0.0,0.0,0.0,1.0
344865,0,1,3400,-64,64,630,20,18,0.65,416704.000000,0,27,9.5,0.0,0.0,0.0,0.0,0.0,0.0,1.0
345114,0,1,3400,-63,63,622,19,19,0.60,316160.000000,0,27,9.5,0.0,0.0,0.0,0.0,0.0,0.0,1.0
345363,0,1,3400,-63,63,623,20,19,0.63,463296.000000,0,27,9.5,0.0,0.0,0.0,0.0,0.0,0.0,1.0
345612,0,1,3400,-63,63,631,18,19,0.52,321792.000000,0,27,11,0.0,71488.000000,0,0.0,0.0,0.0,1.0
345861,0,1,3400,-63,63,627,18,19,0.51,356736.000000,0,27,14,0.0,0.0,0.0,0.0,0.0,0.0,1.0
346110,0,1,3400,-62,62,627,16,19,0.51,305856.000000,0,27,14,0.0,0.0,0.0,0.0,0.0,0.0,1.0
346359,0,1,3400,-63,63,625,17,19,0.50,313536.000000,0,27,14,0.0,0.0,0.0,0.0,0.0,0.0,1.0
346608,0,1,3400,-63,63,622,19,19,0.51,342464.000000,0,27,11,0.0,53344.000000,7,0.0,0.0,0.0,1.0
346857,0,1,3400,-63,63,621,18,19,0.53,358016.000000,0,27,4.5,0.0,0.0,0.0,0.0,0.0,0.0,1.0
347106,0,1,3400,-63,63,623,18,19,0.53,393888.000000,0,27,4.5,0.0,0.0,0.0,0.0,0.0,0.0,1.0
347355,0,1,3400,-63,63,624,18,19,0.52,382592.000000,0,27,4.5,0.0,0.0,0.0,0.0,0.0,0.0,1.0
347604,0,1,3400,-63,63,622,19,19,0.53,409638.562500,0,27,6.3,0.0,57253.011719,0,0.0,0.0,0.0,1.0
347853,0,1,3400,-63,63,625,19,19,0.51,369472.000000,0,27,10,0.0,0.0,0.0,0.0,0.0,0.0,1.0
348102,0,1,3400,-63,63,628,19,19,0.53,361856.000000,0,27,10,0.0,0.0,0.0,0.0,0.0,0.0,1.0
348351,0,1,3400,-63,63,627,19,19,0.55,368960.000000,0,27,10,0.0,0.0,0.0,0.0,0.0,0.0,1.0
348600,0,1,3400,-63,63,623,18,19,0.54,378624.000000,0,27,8.4,0.0,80576.000000,25,0.0,0.0,0.0,1.0
348849,0,1,3400,-63,63,625,19,19,0.54,309056.000000,0,27,4.0,0.0,0.0,0.0,0.0,0.0,0.0,1.0
349098,0,1,3400,-63,63,626,18,19,0.54,377120.000000,0,27,4.1,0.0,0.0,0.0,0.0,0.0,0.0,1.0
349347,0,1,3400,-63,63,625,19,19,0.53,359520.000000,0,27,4.0,0.0,0.0,0.0,0.0,0.0,0.0,1.0
349596,0,1,3400,-63,63,624,18,19,0.53,383490.031250,0,27,6.4,0.0,47139.441406,0,0.0,0.0,0.0,1.0
349845,0,1,3400,-63,63,623,18,19,0.52,329792.000000,0,27,12,0.0,0.0,0.0,0.0,0.0,0.0,1.0
350094,0,1,3400,-63,63,623,17,19,0.52,348416.000000,0,27,12,0.0,0.0,0.0,0.0,0.0,0.0,1.0
350343,0,1,3400,-63,63,627,17,19,0.52,339808.000000,0,27,12,0.0,0.0,0.0,0.0,0.0,0.0,1.0
350592,0,1,3400,-63,63,631,15,19,0.51,272480.000000,0,27,8.9,0.0,70144.000000,16,0.0,0.0,0.0,1.0
350841,0,1,3400,-63,63,627,16,19,0.50,303296.000000,0,27,1.0,0.0,0.0,0.0,0.0,0.0,0.0,1.0
351090,0,1,3400,-62,62,624,18,19,0.52,363424.000000,0,27,1.0,0.0,0.0,0.0,0.0,0.0,0.0,1.0
351339,0,1,3400,-62,62,626,18,19,0.51,319488.000000,0,27,1.0,0.0,0.0,0.0,0.0,0.0,0.0,1.0
351588,0,1,3400,-62,62,625,16,19,0.50,297408.000000,0,27,4.0,0.0,106144.000000,30,0.0,0.0,0.0,1.0
351837,0,1,3400,-62,62,626,18,19,0.52,388800.000000,0,27,9.4,0.0,0.0,0.0,0.0,0.0,0.0,1.0
352086,0,1,3400,-62,62,622,17,19,0.50,343616.000000,0,27,9.4,0.0,0.0,0.0,0.0,0.0,0.0,1.0
352335,0,1,3400,-62,62,623,18,20,0.51,375808.000000,0,27,9.5,0.0,0.0,0.0,0.0,0.0,0.0,1.0
352584,0,1,3400,-62,62,622,17,19,0.51,330656.000000,0,27,6.6,0.0,29888.000000,0,0.0,0.0,0.0,1.0
352833,0,1,3400,-62,62,623,18,19,0.51,361152.000000,0,27,1.0,0.0,0.0,0.0,0.0,0.0,0.0,1.0
353082,0,1,3400,-62,62,625,18,19,0.52,389248.000000,0,27,1.0,0.0,0.0,0.0,0.0,0.0,0.0,1.0
353331,0,1,3400,-62,62,623,18,19,0.52,332288.000000,0,27,1.0,0.0,0.0,0.0,0.0,0.0,0.0,1.0
353580,0,1,3400,-62,62,623,18,19,0.50,209792.000000,0,27,1.2,0.0,108320.000000,22,0.0,0.0,0.0,1.0
353829,0,1,3400,-62,62,621,19,19,0.50,0.0,0.0,27,1.0,0.0,0.0,0.0,0.0,0.0,0.0,1.0
354078,0,1,3400,-62,62,628,19,19,0.50,0.0,0.0,27,1.0,0.0,0.0,0.0,0.0,0.0,0.0,1.0
354327,0,1,3400,-62,62,627,19,19,0.50,0.0,0.0,27,1.0,0.0,0.0,0.0,0.0,0.0,0.0,1.0
354576,0,1,3400,-62,62,626,19,19,0.50,0.0,0.0,27,1.0,0.0,0.0,0.0,0.0,0.0,0.0,1.0
354825,0,1,3400,-62,62,628,19,19,0.50,0.0,0.0,27,1.0,0.0,0.0,0.0,0.0,0.0,0.0,1.0
355074,0,1,3400,-62,62,621,19,19,0.50,0.0,0.0,27,1.0,0.0,0.0,0.0,0.0,0.0,0.0,1.0
355323,0,1,3400,-62,62,624,19,20,0.50,0.0,0.0,27,1.0,0.0,0.0,0.0,0.0,0.0,0.0,1.0
355572,0,1,3400,-62,62,627,19,20,0.50,0.0,0.0,27,1.0,0.0,0.0,0.0,0.0,0.0,0.0,1.0
355821,0,1,3400,-62,62,628,19,20,0.50,0.0,0.0,27,1.0,0.0,0.0,0.0,0.0,0.0,0.0,1.0
356070,0,1,3400,-61,61,627,19,20,0.50,0.0,0.0,27,1.00,0.0,0.0,0.0,0.0,0.0,0.0,1.0
356319,0,1,3400,-62,62,626,19,20,0.50,0.0,0.0,27,1.0,0.0,0.0,0.0,0.0,0.0,0.0,1.0
356568,0,1,3400,-62,62,628,19,20,0.50,0.0,0.0,27,1.0,0.0,0.0,0.0,0.0,0.0,0.0,1.0
356817,0,1,3400,-62,62,625,19,20,0.50,0.0,0.0,27,1.0,0.0,0.0,0.0,0.0,0.0,0.0,1.0
357066,0,1,3400,-62,62,628,19,19,0.50,0.0,0.0,27,1.0,0.0,0.0,0.0,0.0,0.0,0.0,1.0
357315,0,1,3400,-62,62,627,19,19,0.50,0.0,0.0,27,1.0,0.0,0.0,0.0,0.0,0.0,0.0,1.0
357564,0,1,3400,-62,62,628,19,19,0.50,0.0,0.0,27,1.0,0.0,0.0,0.0,0.0,0.0,0.0,1.0
357813,0,1,3400,-62,62,623,19,19,0.50,0.0,0.0,27,1.00,0.0,0.0,0.0,0.0,0.0,0.0,1.0
358062,0,1,3400,-62,62,626,19,19,0.50,0.0,0.0,27,1.0,0.0,0.0,0.0,0.0,0.0,0.0,1.0
358311,0,1,3400,-63,63,627,19,19,0.50,0.0,0.0,27,1.0,0.0,0.0,0.0,0.0,0.0,0.0,1.0
358560,0,1,3400,-63,63,624,19,19,0.50,0.0,0.0,27,1.0,0.0,0.0,0.0,0.0,0.0,0.0,1.0
358809,0,1,3400,-63,63,626,19,18,0.50,0.0,0.0,27,1.0,0.0,0.0,0.0,0.0,0.0,0.0,1.0
359058,0,1,3400,-63,63,630,19,18,0.50,0.0,0.0,27,1.0,0.0,0.0,0.0,0.0,0.0,0.0,1.0
359307,0,1,3400,-63,63,628,19,18,0.50,0.0,0.0,27,1.0,0.0,0.0,0.0,0.0,0.0,0.0,1.0
359556,0,1,3400,-63,63,631,19,18,0.50,0.0,0.0,27,1.0,0.0,0.0,0.0,0.0,0.0,0.0,1.0
359805,0,1,3400,-63,63,628,19,18,0.50,0.0,0.0,27,1.0,0.0,0.0,0.0,0.0,0.0,0.0,1.0
360054,0,1,3400,-63,63,629,19,18,0.50,0.0,0.0,27,1.0,0.0,0.0,0.0,0.0,0.0,0.0,1.0
360303,0,1,3400,-63,63,625,19,18,0.50,0.0,0.0,27,1.0,0.0,0.0,0.0,0.0,0.0,0.0,1.0
360552,0,1,3400,-63,63,627,19,18,0.50,0.0,0.0,27,1.0,0.0,0.0,0.0,0.0,0.0,0.0,1.0
360801,0,1,3400,-63,63,626,19,18,0.50,0.0,0.0,27,1.0,0.0,0.0,0.0,0.0,0.0,0.0,1.0
361050,0,1,3400,-63,63,628,19,18,0.50,0.0,0.0,27,1.0,0.0,0.0,0.0,0.0,0.0,0.0,1.0
361299,0,1,3400,-63,63,629,19,18,0.50,0.0,0.0,27,1.0,0.0,0.0,0.0,0.0,0.0,0.0,1.0
361548,0,1,3400,-63,63,622,19,18,0.50,0.0,0.0,27,1.0,0.0,0.0,0.0,0.0,0.0,0.0,1.0
361797,0,1,3400,-63,63,625,19,18,0.50,0.0,0.0,27,1.0,0.0,0.0,0.0,0.0,0.0,0.0,1.0
362046,0,1,3400,-63,63,629,19,18,0.50,0.0,0.0,27,1.0,0.0,0.0,0.0,0.0,0.0,0.0,1.0
362295,0,1,3400,-63,63,624,13,18,1.8,0.0,100.000000,27,1.0,0.0,0.0,0.0,0.0,0.0,0.0,1.0
362544,0,1,3400,-63,63,622,11,18,2.2,0.0,0.0,27,1.0,0.0,0.0,0.0,0.0,0.0,0.0,1.0
362793,0,1,3400,-63,63,625,11,18,2.2,0.0,0.0,27,1.0,0.0,0.0,0.0,0.0,0.0,0.0,1.0
363042,0,1,3400,-63,63,627,3.8,18,3.8,0.0,100.000000,27,1.0,0.0,0.0,0.0,0.0,0.0,0.0,1.0
363291,0,1,3400,-63,63,624,3.1,18,4.0,0.0,100.000000,27,1.0,0.0,0.0,0.0,0.0,0.0,0.0,1.0
363540,0,1,3400,-63,63,625,3.2,19,3.9,0.0,0.0,27,1.0,0.0,0.0,0.0,0.0,0.0,0.0,1.0
363789,0,1,3400,-63,63,625,3.2,19,3.9,0.0,0.0,27,1.0,0.0,0.0,0.0,0.0,0.0,0.0,1.0
364038,0,1,3400,-62,62,622,3.1,19,4.0,0.0,0.0,27,1.0,0.0,0.0,0.0,0.0,0.0,0.0,1.0
364287,0,1,3400,-62,62,627,3.1,19,4.0,0.0,0.0,27,1.0,0.0,0.0,0.0,0.0,0.0,0.0,1.0
364536,0,1,3400,-62,62,624,3.2,19,3.9,0.0,0.0,27,1.0,0.0,0.0,0.0,0.0,0.0,0.0,1.0
364785,0,1,3400,-62,62,621,3.0,19,4.0,0.0,0.0,27,1.0,0.0,0.0,0.0,0.0,0.0,0.0,1.0
365034,0,1,3400,-62,62,624,3.0,19,4.0,0.0,0.0,27,1.0,0.0,0.0,0.0,0.0,0.0,0.0,1.0
365283,0,1,3400,-62,62,626,3.0,19,4.0,0.0,0.0,27,1.0,0.0,0.0,0.0,0.0,0.0,0.0,1.0
365532,0,1,3400,-62,62,625,3.0,19,4.0,0.0,0.0,27,1.0,0.0,0.0,0.0,0.0,0.0,0.0,1.0
365781,0,1,3400,-62,62,626,3.2,19,3.9,0.0,0.0,27,1.0,0.0,0.0,0.0,0.0,0.0,0.0,1.0
366030,0,1,3400,-62,62,629,3.2,19,3.9,0.0,0.0,27,1.0,0.0,0.0,0.0,0.0,0.0,0.0,1.0
366279,0,1,3400,-63,63,623,3.0,19,4.0,0.0,0.0,27,1.0,0.0,0.0,0.0,0.0,0.0,0.0,1.0
366528,0,1,3400,-63,63,624,3.1,19,4.0,0.0,0.0,27,1.0,0.0,0.0,0.0,0.0,0.0,0.0,1.0
366777,0,1,3400,-63,63,624,3.1,18,4.0,0.0,0.0,27,1.0,0.0,0.0,0.0,0.0,0.0,0.0,1.0
367026,0,1,3400,-63,63,621,3.1,18,4.0,0.0,0.0,27,1.0,0.0,0.0,0.0,0.0,0.0,0.0,1.0
367275,0,1,3400,-64,64,623,3.1,18,4.0,0.0,0.0,27,1.0,0.0,0.0,0.0,0.0,0.0,0.0,1.0
367524,0,1,3400,-64,64,626,3.0,18,4.0,0.0,0.0,27,1.0,0.0,0.0,0.0,0.0,0.0,0.0,1.0
367773,0,1,3400,-64,64,621,3.0,17,4.0,0.0,0.0,27,1.0,0.0,0.0,0.0,0.0,0.0,0.0,1.0
368022,0,1,3400,-64,64,622,3.0,17,4.0,0.0,0.0,27,1.0,0.0,0.0,0.0,0.0,0.0,0.0,1.0
368271,0,1,3400,-64,64,623,3.1,17,4.0,0.0,0.0,27,1.0,0.0,0.0,0.0,0.0,0.0,0.0,1.0
368520,0,1,3400,-64,64,624,3.0,17,4.0,0.0,0.0,27,1.0,0.0,0.0,0.0,0.0,0.0,0.0,1.0
368769,0,1,3400,-64,64,629,3.0,17,4.0,0.0,0.0,27,1.0,0.0,0.0,0.0,0.0,0.0,0.0,1.0
369018,0,1,3400,-64,64,629,3.1,17,4.0,0.0,0.0,27,1.0,0.0,0.0,0.0,0.0,0.0,0.0,1.0
369267,0,1,3400,-64,64,625,3.0,17,4.0,0.0,0.0,27,1.0,0.0,0.0,0.0,0.0,0.0,0.0,1.0
369516,0,1,3400,-64,64,623,3.0,17,4.0,0.0,0.0,27,1.0,0.0,0.0,0.0,0.0,0.0,0.0,1.0
369765,0,1,3400,-64,64,626,3.1,17,4.0,0.0,0.0,27,1.0,0.0,0.0,0.0,0.0,0.0,0.0,1.0
370014,0,1,3400,-64,64,624,3.0,17,4.0,0.0,100.000000,27,1.0,0.0,0.0,0.0,0.0,0.0,0.0,1.0
370263,0,1,3400,-64,64,625,3.0,17,4.0,0.0,0.0,27,1.00,0.0,0.0,0.0,0.0,0.0,0.0,1.0
370512,0,1,3400,-64,64,631,3.0,17,4.0,0.0,0.0,27,1.0,0.0,0.0,0.0,0.0,0.0,0.0,1.0
370761,0,1,3400,-64,64,624,3.0,17,4.0,0.0,0.0,27,1.00,0.0,0.0,0.0,0.0,0.0,0.0,1.0
371010,0,1,3400,-64,64,621,3.1,17,4.0,0.0,0.0,27,1.0,0.0,0.0,0.0,0.0,0.0,0.0,1.0
371259,0,1,3400,-64,64,627,3.0,17,4.0,0.0,0.0,27,1.0,0.0,0.0,0.0,0.0,0.0,0.0,1.0
371508,0,1,3400,-64,64,624,3.1,17,4.0,0.0,0.0,27,1.0,0.0,0.0,0.0,0.0,0.0,0.0,1.0
371757,0,1,3400,-64,64,624,3.0,17,4.0,0.0,0.0,27,1.0,0.0,0.0,0.0,0.0,0.0,0.0,1.0
372006,0,1,3400,-64,64,620,3.1,17,4.0,0.0,0.0,27,1.0,0.0,0.0,0.0,0.0,0.0,0.0,1.0
372255,0,1,3400,-64,64,622,3.0,17,4.0,0.0,0.0,27,1.0,0.0,0.0,0.0,0.0,0.0,0.0,1.0
372504,0,1,3400,-64,64,626,3.2,17,3.9,0.0,0.0,27,1.0,0.0,0.0,0.0,0.0,0.0,0.0,1.0
372753,0,1,3400,-64,64,627,3.0,17,4.0,0.0,0.0,27,1.0,0.0,0.0,0.0,0.0,0.0,0.0,1.0
373002,0,1,3400,-64,64,625,3.0,17,4.0,0.0,0.0,27,1.0,0.0,0.0,0.0,0.0,0.0,0.0,1.0
373251,0,1,3400,-64,64,621,3.1,17,4.0,0.0,0.0,27,1.0,0.0,0.0,0.0,0.0,0.0,0.0,1.0
373500,0,1,3400,-64,64,622,3.0,17,4.0,0.0,0.0,27,1.0,0.0,0.0,0.0,0.0,0.0,0.0,1.0
373749,0,1,3400,-64,64,627,3.1,17,4.0,0.0,0.0,27,1.0,0.0,0.0,0.0,0.0,0.0,0.0,1.0
373998,0,1,3400,-64,64,623,3.0,17,4.0,0.0,0.0,27,1.0,0.0,0.0,0.0,0.0,0.0,0.0,1.0
374247,0,1,3400,-64,64,626,3.0,17,4.0,0.0,0.0,27,1.0,0.0,0.0,0.0,0.0,0.0,0.0,1.0
374496,0,1,3400,-64,64,631,3.1,18,4.0,0.0,0.0,27,1.0,0.0,0.0,0.0,0.0,0.0,0.0,1.0
374745,0,1,3400,-64,64,623,3.1,17,4.0,0.0,0.0,27,1.0,0.0,0.0,0.0,0.0,0.0,0.0,1.0
374994,0,1,3400,-64,64,623,3.0,18,4.0,0.0,0.0,27,1.0,0.0,0.0,0.0,0.0,0.0,0.0,1.0
375243,0,1,3400,-64,64,628,3.0,18,4.0,0.0,0.0,27,1.0,0.0,0.0,0.0,0.0,0.0,0.0,1.0
375492,0,1,3400,-64,64,623,3.0,18,4.0,0.0,0.0,27,1.0,0.0,0.0,0.0,0.0,0.0,0.0,1.0
375741,0,1,3400,-64,64,627,3.0,18,4.0,0.0,0.0,27,1.0,0.0,0.0,0.0,0.0,0.0,0.0,1.0
375990,0,1,3400,-64,64,625,3.0,18,4.0,0.0,0.0,27,1.0,0.0,0.0,0.0,0.0,0.0,0.0,1.0
376239,0,1,3400,-65,65,626,3.0,18,4.0,0.0,0.0,27,1.0,0.0,0.0,0.0,0.0,0.0,0.0,1.0
376488,0,1,3400,-65,65,625,3.1,17,4.0,0.0,0.0,27,1.0,0.0,0.0,0.0,0.0,0.0,0.0,1.0
376737,0,1,3400,-65,65,628,3.0,17,4.0,0.0,0.0,27,1.0,0.0,0.0,0.0,0.0,0.0,0.0,1.0
376986,0,1,3400,-65,65,627,3.0,17,4.0,0.0,0.0,27,1.0,0.0,0.0,0.0,0.0,0.0,0.0,1.0
377235,0,1,3400,-65,65,625,3.1,17,4.0,0.0,0.0,27,1.0,0.0,0.0,0.0,0.0,0.0,0.0,1.0
377484,0,1,3400,-65,65,623,3.0,17,4.0,0.0,0.0,27,1.0,0.0,0.0,0.0,0.0,0.0,0.0,1.0
377733,0,1,3400,-65,65,625,3.1,17,4.0,0.0,0.0,27,1.0,0.0,0.0,0.0,0.0,0.0,0.0,1.0
377982,0,1,3400,-65,65,624,3.0,17,4.0,0.0,0.0,27,1.0,0.0,0.0,0.0,0.0,0.0,0.0,1.0
378231,0,1,3400,-65,65,630,3.0,17,4.0,0.0,0.0,27,1.0,0.0,0.0,0.0,0.0,0.0,0.0,1.0
378480,0,1,3400,-65,65,630,3.2,17,3.9,0.0,0.0,27,1.0,0.0,0.0,0.0,0.0,0.0,0.0,1.0
378729,0,1,3400,-65,65,632,3.1,17,4.0,0.0,0.0,27,1.0,0.0,0.0,0.0,0.0,0.0,0.0,1.0
378978,0,1,3400,-65,65,630,3.0,17,4.0,0.0,0.0,27,1.0,0.0,0.0,0.0,0.0,0.0,0.0,1.0
379227,0,1,3400,-65,65,625,3.0,17,4.0,0.0,0.0,27,1.0,0.0,0.0,0.0,0.0,0.0,0.0,1.0
379476,0,1,3400,-65,65,626,3.1,18,4.0,0.0,0.0,27,1.0,0.0,0.0,0.0,0.0,0.0,0.0,1.0
379725,0,1,3400,-65,65,625,3.1,18,4.0,0.0,100.000000,27,1.0,0.0,0.0,0.0,0.0,0.0,0.0,1.0
379974,0,1,3400,-64,64,621,3.0,18,4.0,0.0,0.0,27,1.0,0.0,0.0,0.0,0.0,0.0,0.0,1.0
380223,0,1,3400,-64,64,623,3.1,18,4.0,0.0,0.0,27,1.0,0.0,0.0,0.0,0.0,0.0,0.0,1.0
380472,0,1,3400,-64,64,625,3.0,18,4.0,0.0,0.0,27,1.0,0.0,0.0,0.0,0.0,0.0,0.0,1.0
380721,0,1,3400,-64,64,628,3.0,19,4.0,0.0,0.0,27,1.0,0.0,0.0,0.0,0.0,0.0,0.0,1.0
380970,0,1,3400,-63,63,625,3.1,19,4.0,0.0,0.0,27,1.0,0.0,0.0,0.0,0.0,0.0,0.0,1.0
381219,0,1,3400,-63,63,624,3.1,19,4.0,0.0,0.0,27,1.0,0.0,0.0,0.0,0.0,0.0,0.0,1.0
381468,0,1,3400,-63,63,621,3.0,19,4.0,0.0,0.0,27,1.0,0.0,0.0,0.0,0.0,0.0,0.0,1.0
381717,0,1,3400,-63,63,623,3.1,20,4.0,0.0,0.0,27,1.0,0.0,0.0,0.0,0.0,0.0,0.0,1.0
381966,0,1,3400,-62,62,625,3.1,20,4.0,0.0,0.0,27,1.0,0.0,0.0,0.0,0.0,0.0,0.0,1.0
382215,0,1,3400,-62,62,624,3.1,20,4.0,0.0,0.0,27,1.00,0.0,0.0,0.0,0.0,0.0,0.0,1.0
382464,0,1,3400,-62,62,624,3.1,20,4.0,0.0,0.0,27,1.0,0.0,0.0,0.0,0.0,0.0,0.0,1.0
382713,0,1,3400,-62,62,626,4.5,20,4.0,0.0,100.000000,27,1.0,0.0,0.0,0.0,0.0,0.0,0.0,1.0
382962,0,1,3400,-61,61,631,5.0,21,4.0,0.0,0.0,27,1.0,0.0,0.0,0.0,0.0,0.0,0.0,1.0
383211,0,1,3400,-62,62,625,5.0,21,4.0,0.0,0.0,27,1.0,0.0,0.0,0.0,0.0,0.0,0.0,1.0
383460,0,1,3400,-62,62,624,5.0,20,4.0,0.0,0.0,27,1.0,0.0,0.0,0.0,0.0,0.0,0.0,1.0
383709,0,1,3400,-62,62,622,5.0,20,4.0,0.0,0.0,27,1.0,0.0,0.0,0.0,0.0,0.0,0.0,1.0
383958,0,1,3400,-62,62,622,5.0,20,4.0,0.0,0.0,27,1.00,0.0,0.0,0.0,0.0,0.0,0.0,1.0
384207,0,1,3400,-63,63,626,5.2,20,3.9,0.0,0.0,27,1.0,0.0,0.0,0.0,0.0,0.0,0.0,1.0
384456,0,1,3400,-63,63,626,5.0,20,4.0,0.0,0.0,27,1.0,0.0,0.0,0.0,0.0,0.0,0.0,1.0
384705,0,1,3400,-63,63,628,5.0,19,4.0,0.0,0.0,27,1.0,0.0,0.0,0.0,0.0,0.0,0.0,1.0
384954,0,1,3400,-63,63,626,5.0,19,4.0,0.0,0.0,27,1.0,0.0,0.0,0.0,0.0,0.0,0.0,1.0
385203,0,1,3400,-63,63,623,5.0,19,4.0,0.0,0.0,27,1.0,0.0,0.0,0.0,0.0,0.0,0.0,1.0
385452,0,1,3400,-63,63,621,5.1,19,4.0,0.0,0.0,27,1.0,0.0,0.0,0.0,0.0,0.0,0.0,1.0
385701,0,1,3400,-63,63,622,5.1,19,4.0,0.0,0.0,27,1.0,0.0,0.0,0.0,0.0,0.0,0.0,1.0
385950,0,1,3400,-63,63,624,5.1,19,4.0,0.0,0.0,27,1.0,0.0,0.0,0.0,0.0,0.0,0.0,1.0
386199,0,1,3400,-64,64,620,5.0,19,4.0,0.0,0.0,27,1.0,0.0,0.0,0.0,0.0,0.0,0.0,1.0
386448,0,1,3400,-64,64,625,5.1,19,3.9,0.0,0.0,27,1.0,0.0,0.0,0.0,0.0,0.0,0.0,1.0
386697,0,1,3400,-64,64,629,5.0,18,4.0,0.0,0.0,27,1.0,0.0,0.0,0.0,0.0,0.0,0.0,1.0
386946,0,1,3400,-64,64,627,5.0,18,4.0,0.0,0.0,27,1.0,0.0,0.0,0.0,0.0,0.0,0.0,1.0
387195,0,1,3400,-65,65,623,5.0,18,4.0,0.0,0.0,27,1.0,0.0,0.0,0.0,0.0,0.0,0.0,1.0
387444,0,1,3400,-65,65,633,5.0,18,4.0,0.0,0.0,27,1.0,0.0,0.0,0.0,0.0,0.0,0.0,1.0
387693,0,1,3400,-65,65,628,5.0,18,4.0,0.0,0.0,27,1.0,0.0,0.0,0.0,0.0,0.0,0.0,1.0
387942,0,1,3400,-65,65,632,5.0,17,4.0,0.0,0.0,27,1.0,0.0,0.0,0.0,0.0,0.0,0.0,1.0
388191,0,1,3400,-65,65,624,5.0,17,4.0,0.0,0.0,27,1.0,0.0,0.0,0.0,0.0,0.0,0.0,1.0
388440,0,1,3400,-65,65,621,5.3,17,3.9,0.0,0.0,27,1.0,0.0,0.0,0.0,0.0,0.0,0.0,1.0
388689,0,1,3400,-65,65,624,5.2,17,3.9,0.0,0.0,27,1.0,0.0,0.0,0.0,0.0,0.0,0.0,1.0
388938,0,1,3400,-65,65,626,5.0,17,4.0,0.0,0.0,27,1.0,0.0,0.0,0.0,0.0,0.0,0.0,1.0
389187,0,1,3400,-65,65,627,5.1,17,4.0,0.0,0.0,27,1.0,0.0,0.0,0.0,0.0,0.0,0.0,1.0
389436,0,1,3400,-65,65,623,5.1,17,4.0,0.0,0.0,27,1.0,0.0,0.0,0.0,0.0,0.0,0.0,1.0
389685,0,1,3400,-65,65,625,5.2,17,3.9,0.0,0.0,27,1.0,0.0,0.0,0.0,0.0,0.0,0.0,1.0
389934,0,1,3400,-65,65,625,5.0,17,4.0,0.0,0.0,27,1.0,0.0,0.0,0.0,0.0,0.0,0.0,1.0
390183,0,1,3400,-65,65,624,5.1,17,4.0,0.0,0.0,27,1.0,0.0,0.0,0.0,0.0,0.0,0.0,1.0
390432,0,1,3400,-65,65,625,5.1,17,4.0,0.0,0.0,27,1.0,0.0,0.0,0.0,0.0,0.0,0.0,1.0
390681,0,1,3400,-65,65,627,5.0,17,4.0,0.0,0.0,27,1.0,0.0,0.0,0.0,0.0,0.0,0.0,1.0
390930,0,1,3400,-65,65,622,5.1,17,4.0,0.0,0.0,27,1.0,0.0,0.0,0.0,0.0,0.0,0.0,1.0
391179,0,1,3400,-65,65,623,5.0,17,4.0,0.0,0.0,27,1.0,0.0,0.0,0.0,0.0,0.0,0.0,1.0
391428,0,1,3400,-65,65,623,5.0,17,4.0,0.0,0.0,27,1.0,0.0,0.0,0.0,0.0,0.0,0.0,1.0
391677,0,1,3400,-65,65,620,5.0,17,4.0,0.0,0.0,27,1.0,0.0,0.0,0.0,0.0,0.0,0.0,1.0
391926,0,1,3400,-65,65,622,5.2,17,3.9,0.0,0.0,27,1.0,0.0,0.0,0.0,0.0,0.0,0.0,1.0
392175,0,1,3400,-65,65,630,5.1,17,4.0,0.0,0.0,27,1.0,0.0,0.0,0.0,0.0,0.0,0.0,1.0
392424,0,1,3400,-65,65,631,5.0,17,4.0,0.0,0.0,27,1.0,0.0,0.0,0.0,0.0,0.0,0.0,1.0
392673,0,1,3400,-65,65,632,5.1,17,4.0,0.0,0.0,27,1.0,0.0,0.0,0.0,0.0,0.0,0.0,1.0
392922,0,1,3400,-65,65,625,5.1,17,3.9,0.0,0.0,27,1.0,0.0,0.0,0.0,0.0,0.0,0.0,1.0
393171,0,1,3400,-65,65,624,5.1,17,3.9,0.0,0.0,27,1.0,0.0,0.0,0.0,0.0,0.0,0.0,1.0
393420,0,1,3400,-65,65,624,5.0,17,4.0,0.0,0.0,27,1.0,0.0,0.0,0.0,0.0,0.0,0.0,1.0
393669,0,1,3400,-65,65,624,5.1,17,4.0,0.0,0.0,27,1.0,0.0,0.0,0.0,0.0,0.0,0.0,1.0
393918,0,1,3400,-65,65,626,5.1,17,4.0,0.0,0.0,27,1.0,0.0,0.0,0.0,0.0,0.0,0.0,1.0
394167,0,1,3400,-66,66,627,5.0,17,4.0,0.0,0.0,27,1.0,0.0,0.0,0.0,0.0,0.0,0.0,1.0
394416,0,1,3400,-66,66,623,5.1,17,4.0,0.0,0.0,27,1.0,0.0,0.0,0.0,0.0,0.0,0.0,1.0
394665,0,1,3400,-66,66,623,5.1,17,4.0,0.0,0.0,27,1.0,0.0,0.0,0.0,0.0,0.0,0.0,1.0
394914,0,1,3400,-66,66,626,5.1,17,3.9,0.0,0.0,27,1.0,0.0,0.0,0.0,0.0,0.0,0.0,1.0
395163,0,1,3400,-66,66,623,5.0,16,4.0,0.0,0.0,27,1.0,0.0,0.0,0.0,0.0,0.0,0.0,1.0
395412,0,1,3400,-66,66,622,5.1,16,4.0,0.0,0.0,27,1.0,0.0,0.0,0.0,0.0,0.0,0.0,1.0
395661,0,1,3400,-66,66,627,5.0,16,4.0,0.0,0.0,27,1.0,0.0,0.0,0.0,0.0,0.0,0.0,1.0
395910,0,1,3400,-66,66,627,5.1,17,3.9,0.0,0.0,27,1.0,0.0,0.0,0.0,0.0,0.0,0.0,1.0
396159,0,1,3400,-66,66,627,5.1,16,4.0,0.0,0.0,27,1.0,0.0,0.0,0.0,0.0,0.0,0.0,1.0
396408,0,1,3400,-66,66,623,5.1,16,4.0,0.0,0.0,27,1.0,0.0,0.0,0.0,0.0,0.0,0.0,1.0
396657,0,1,3400,-66,66,622,5.2,16,3.9,0.0,0.0,27,1.0,0.0,0.0,0.0,0.0,0.0,0.0,1.0
396906,0,1,3400,-66,66,625,5.1,16,4.0,0.0,0.0,27,1.0,0.0,0.0,0.0,0.0,0.0,0.0,1.0
397155,0,1,3400,-66,66,627,5.1,17,4.0,0.0,0.0,27,1.0,0.0,0.0,0.0,0.0,0.0,0.0,1.0
397404,0,1,3400,-66,66,626,5.1,17,4.0,0.0,0.0,27,1.0,0.0,0.0,0.0,0.0,0.0,0.0,1.0
397653,0,1,3400,-66,66,622,5.0,17,4.0,0.0,0.0,27,1.0,0.0,0.0,0.0,0.0,0.0,0.0,1.0
397902,0,1,3400,-65,65,626,5.1,17,4.0,0.0,0.0,27,1.0,0.0,0.0,0.0,0.0,0.0,0.0,1.0
398151,0,1,3400,-65,65,628,5.2,17,3.9,0.0,0.0,27,1.0,0.0,0.0,0.0,0.0,0.0,0.0,1.0
398400,0,1,3400,-65,65,627,5.0,17,4.0,0.0,0.0,27,1.0,0.0,0.0,0.0,0.0,0.0,0.0,1.0
398649,0,1,3400,-65,65,630,5.1,17,4.0,0.0,0.0,27,1.0,0.0,0.0,0.0,0.0,0.0,0.0,1.0
398898,0,1,3400,-65,65,628,5.0,17,4.0,0.0,0.0,27,1.0,0.0,0.0,0.0,0.0,0.0,0.0,1.0
399147,0,1,3400,-66,66,629,5.1,17,4.0,0.0,0.0,27,1.0,0.0,0.0,0.0,0.0,0.0,0.0,1.0
399396,0,1,3400,-66,66,625,5.2,17,3.9,0.0,0.0,27,1.0,0.0,0.0,0.0,0.0,0.0,0.0,1.0
399645,0,1,3400,-66,66,620,5.0,17,4.0,0.0,0.0,27,1.0,0.0,0.0,0.0,0.0,0.0,0.0,1.0
399894,0,1,3400,-66,66,621,5.1,17,4.0,0.0,0.0,27,1.0,0.0,0.0,0.0,0.0,0.0,0.0,1.0
400143,0,1,3400,-66,66,623,5.0,16,4.0,0.0,0.0,27,1.0,0.0,0.0,0.0,0.0,0.0,0.0,1.0
400392,0,1,3400,-66,66,627,5.0,17,4.0,0.0,0.0,27,1.0,0.0,0.0,0.0,0.0,0.0,0.0,1.0
400641,0,1,3400,-66,66,628,5.1,17,4.0,0.0,0.0,27,1.0,0.0,0.0,0.0,0.0,0.0,0.0,1.0
400890,0,1,3400,-66,66,626,5.2,17,3.9,0.0,0.0,27,1.0,0.0,0.0,0.0,0.0,0.0,0.0,1.0
401139,0,1,3400,-66,66,619,5.1,16,4.0,0.0,0.0,27,1.0,0.0,0.0,0.0,0.0,0.0,0.0,1.0
401388,0,1,3400,-66,66,622,5.0,16,4.0,0.0,0.0,27,1.0,0.0,0.0,0.0,0.0,0.0,0.0,1.0
401637,0,1,3400,-66,66,627,5.1,16,3.9,0.0,0.0,27,1.0,0.0,0.0,0.0,0.0,0.0,0.0,1.0
401886,0,1,3400,-66,66,627,4.5,17,3.9,0.0,100.000000,27,1.0,0.0,0.0,0.0,0.0,0.0,0.0,1.0
402135,0,1,3400,-66,66,622,4.0,16,4.0,0.0,0.0,27,1.0,0.0,0.0,0.0,0.0,0.0,0.0,1.0
402384,0,1,3400,-66,66,628,4.0,17,4.0,0.0,0.0,27,1.0,0.0,0.0,0.0,0.0,0.0,0.0,1.0
402633,0,1,3400,-66,66,624,4.1,17,4.0,0.0,0.0,27,1.0,0.0,0.0,0.0,0.0,0.0,0.0,1.0
402882,0,1,3400,-66,66,623,4.0,17,4.0,0.0,0.0,27,1.00,0.0,0.0,0.0,0.0,0.0,0.0,1.0
403131,0,1,3400,-66,66,632,4.1,17,4.0,0.0,0.0,27,1.0,0.0,0.0,0.0,0.0,0.0,0.0,1.0
403380,0,1,3400,-66,66,625,4.1,17,4.0,0.0,0.0,27,1.0,0.0,0.0,0.0,0.0,0.0,0.0,1.0
403629,0,1,3400,-66,66,623,4.1,17,4.0,0.0,0.0,27,1.0,0.0,0.0,0.0,0.0,0.0,0.0,1.0
403878,0,1,3400,-66,66,627,4.2,17,3.9,0.0,0.0,27,1.0,0.0,0.0,0.0,0.0,0.0,0.0,1.0
404127,0,1,3400,-67,67,624,4.1,16,4.0,0.0,0.0,27,1.0,0.0,0.0,0.0,0.0,0.0,0.0,1.0
404376,0,1,3400,-67,67,628,4.1,16,4.0,0.0,0.0,27,1.0,0.0,0.0,0.0,0.0,0.0,0.0,1.0
404625,0,1,3400,-67,67,625,4.0,16,4.0,0.0,0.0,27,1.0,0.0,0.0,0.0,0.0,0.0,0.0,1.0
404874,0,1,3400,-67,67,627,4.1,16,4.0,0.0,0.0,27,1.0,0.0,0.0,0.0,0.0,0.0,0.0,1.0
405123,0,1,3400,-67,67,631,4.1,16,4.0,0.0,0.0,27,1.0,0.0,0.0,0.0,0.0,0.0,0.0,1.0
405372,0,1,3400,-67,67,626,4.1,16,4.0,0.0,0.0,27,1.0,0.0,0.0,0.0,0.0,0.0,0.0,1.0
405621,0,1,3400,-67,67,627,4.1,16,4.0,0.0,0.0,27,1.0,0.0,0.0,0.0,0.0,0.0,0.0,1.0
405870,0,1,3400,-66,66,627,4.2,17,3.9,0.0,0.0,27,1.0,0.0,0.0,0.0,0.0,0.0,0.0,1.0
406119,0,1,3400,-66,66,624,4.2,17,3.9,0.0,0.0,27,1.0,0.0,0.0,0.0,0.0,0.0,0.0,1.0
406368,0,1,3400,-66,66,623,4.1,17,4.0,0.0,0.0,27,1.0,0.0,0.0,0.0,0.0,0.0,0.0,1.0
406617,0,1,3400,-66,66,631,4.1,17,3.9,0.0,0.0,27,1.0,0.0,0.0,0.0,0.0,0.0,0.0,1.0
406866,0,1,3400,-65,65,625,4.0,18,4.0,0.0,0.0,27,1.0,0.0,0.0,0.0,0.0,0.0,0.0,1.0
407115,0,1,3400,-66,66,622,4.1,17,4.0,0.0,0.0,27,1.0,0.0,0.0,0.0,0.0,0.0,0.0,1.0
407364,0,1,3400,-66,66,626,4.4,17,4.0,0.0,100.000000,27,1.0,0.0,0.0,0.0,0.0,0.0,0.0,1.0
407613,0,1,3400,-66,66,629,12,17,3.9,0.0,0.0,27,1.0,0.0,0.0,0.0,0.0,0.0,0.0,1.0
407862,0,1,3400,-66,66,627,12,17,3.9,0.0,0.0,27,1.0,0.0,0.0,0.0,0.0,0.0,0.0,1.0
408111,0,1,3400,-67,67,623,12,17,3.9,0.0,0.0,27,1.0,0.0,0.0,0.0,0.0,0.0,0.0,1.0
408360,0,1,3400,-67,67,624,12,16,4.0,0.0,0.0,27,1.0,0.0,0.0,0.0,0.0,0.0,0.0,1.0
408609,0,1,3400,-67,67,626,17,16,3.9,0.0,100.000000,27,1.0,0.0,0.0,0.0,0.0,0.0,0.0,1.0
408858,0,1,3400,-67,67,625,23,16,3.9,0.0,0.0,27,1.0,0.0,0.0,0.0,0.0,0.0,0.0,1.0
409107,0,1,3400,-67,67,624,23,16,3.9,0.0,0.0,27,1.0,0.0,0.0,0.0,0.0,0.0,0.0,1.0
409356,0,1,3400,-68,68,625,23,16,3.9,0.0,0.0,27,1.0,0.0,0.0,0.0,0.0,0.0,0.0,1.0
409605,0,1,3400,-68,68,622,23,15,3.9,0.0,100.000000,27,1.0,0.0,0.0,0.0,0.0,0.0,0.0,1.0
409854,0,1,3400,-68,68,625,23,15,3.9,0.0,0.0,27,1.0,0.0,0.0,0.0,0.0,0.0,0.0,1.0
410103,0,1,3400,-68,68,625,23,15,3.9,0.0,0.0,27,1.0,0.0,0.0,0.0,0.0,0.0,0.0,1.0
410352,0,1,3400,-68,68,628,23,15,3.9,0.0,0.0,27,1.0,0.0,0.0,0.0,0.0,0.0,0.0,1.0
410601,0,1,3400,-68,68,631,23,15,4.0,0.0,0.0,27,1.0,0.0,0.0,0.0,0.0,0.0,0.0,1.0
410850,0,1,3400,-68,68,625,23,15,3.9,0.0,0.0,27,1.0,0.0,0.0,0.0,0.0,0.0,0.0,1.0
411099,0,1,3400,-68,68,623,23,15,3.9,0.0,0.0,27,1.0,0.0,0.0,0.0,0.0,0.0,0.0,1.0
411348,0,1,3400,-69,69,623,23,15,3.9,0.0,0.0,27,1.0,0.0,0.0,0.0,0.0,0.0,0.0,1.0
411597,0,1,3400,-69,69,623,23,15,3.9,0.0,0.0,27,1.0,0.0,0.0,0.0,0.0,0.0,0.0,1.0
411846,0,1,3400,-69,69,622,23,14,3.9,0.0,0.0,27,1.0,0.0,0.0,0.0,0.0,0.0,0.0,1.0
412095,0,1,3400,-69,69,627,23,14,3.9,0.0,0.0,27,1.0,0.0,0.0,0.0,0.0,0.0,0.0,1.0
412344,0,1,3400,-69,69,624,23,14,3.9,0.0,0.0,27,1.0,0.0,0.0,0.0,0.0,0.0,0.0,1.0
412593,0,1,3400,-69,69,629,23,14,3.9,0.0,0.0,27,1.0,0.0,0.0,0.0,0.0,0.0,0.0,1.0
412842,0,1,3400,-69,69,624,23,14,3.9,0.0,0.0,27,1.0,0.0,0.0,0.0,0.0,0.0,0.0,1.0
413091,0,1,3400,-69,69,622,23,14,3.9,0.0,0.0,27,1.0,0.0,0.0,0.0,0.0,0.0,0.0,1.0
413340,0,1,3400,-69,69,625,23,14,4.0,0.0,0.0,27,1.0,0.0,0.0,0.0,0.0,0.0,0.0,1.0
413589,0,1,3400,-69,69,625,23,14,4.0,0.0,0.0,27,1.0,0.0,0.0,0.0,0.0,0.0,0.0,1.0
413838,0,1,3400,-69,69,629,23,14,3.9,0.0,0.0,27,1.0,0.0,0.0,0.0,0.0,0.0,0.0,1.0
414087,0,1,3400,-69,69,627,23,14,4.0,0.0,0.0,27,1.0,0.0,0.0,0.0,0.0,0.0,0.0,1.0
414336,0,1,3400,-69,69,625,23,14,4.0,0.0,0.0,27,1.0,0.0,0.0,0.0,0.0,0.0,0.0,1.0
414585,0,1,3400,-69,69,625,23,14,4.0,0.0,0.0,27,1.0,0.0,0.0,0.0,0.0,0.0,0.0,1.0
414834,0,1,3400,-69,69,625,23,14,4.0,0.0,0.0,27,1.0,0.0,0.0,0.0,0.0,0.0,0.0,1.0
415083,0,1,3400,-69,69,619,23,15,3.9,0.0,0.0,27,1.0,0.0,0.0,0.0,0.0,0.0,0.0,1.0
415332,0,1,3400,-69,69,623,23,14,3.9,0.0,0.0,27,1.0,0.0,0.0,0.0,0.0,0.0,0.0,1.0
415581,0,1,3400,-69,69,621,23,14,4.0,0.0,0.0,27,1.0,0.0,0.0,0.0,0.0,0.0,0.0,1.0
415830,0,1,3400,-69,69,628,23,15,3.9,0.0,0.0,27,1.0,0.0,0.0,0.0,0.0,0.0,0.0,1.0
416079,0,1,3400,-69,69,625,23,14,3.9,0.0,0.0,27,1.0,0.0,0.0,0.0,0.0,0.0,0.0,1.0
416328,0,1,3400,-69,69,625,23,14,3.9,0.0,0.0,27,1.0,0.0,0.0,0.0,0.0,0.0,0.0,1.0
416577,0,1,3400,-69,69,626,23,15,4.0,0.0,0.0,27,1.0,0.0,0.0,0.0,0.0,0.0,0.0,1.0
416826,0,1,3400,-69,69,623,23,15,3.9,0.0,0.0,27,1.0,0.0,0.0,0.0,0.0,0.0,0.0,1.0
417075,0,1,3400,-69,69,627,23,14,4.0,0.0,0.0,27,1.0,0.0,0.0,0.0,0.0,0.0,0.0,1.0
417324,0,1,3400,-70,70,627,23,14,3.9,0.0,0.0,27,1.0,0.0,0.0,0.0,0.0,0.0,0.0,1.0
417573,0,1,3400,-70,70,625,21,14,4.0,0.0,100.000000,27,1.0,0.0,0.0,0.0,0.0,0.0,0.0,1.0
417822,0,1,3400,-70,70,627,11,14,3.9,0.0,0.0,27,1.0,0.0,0.0,0.0,0.0,0.0,0.0,1.0
418071,0,1,3400,-70,70,628,11,14,4.0,0.0,0.0,27,1.0,0.0,0.0,0.0,0.0,0.0,0.0,1.0
418320,0,1,3400,-71,71,626,11,13,4.0,0.0,0.0,27,1.0,0.0,0.0,0.0,0.0,0.0,0.0,1.0
418569,0,1,3400,-71,71,628,12,13,3.9,0.0,0.0,27,1.0,0.0,0.0,0.0,0.0,0.0,0.0,1.0
418818,0,1,3400,-71,71,623,11,13,4.0,0.0,0.0,27,1.0,0.0,0.0,0.0,0.0,0.0,0.0,1.0
419067,0,1,3400,-71,71,623,12,13,4.0,0.0,0.0,27,1.0,0.0,0.0,0.0,0.0,0.0,0.0,1.0
419316,0,1,3400,-72,72,623,11,13,4.0,0.0,0.0,27,1.0,0.0,0.0,0.0,0.0,0.0,0.0,1.0
419565,0,1,3400,-72,72,626,12,12,4.0,0.0,0.0,27,1.0,0.0,0.0,0.0,0.0,0.0,0.0,1.0
419814,0,1,3400,-72,72,624,11,12,4.0,0.0,0.0,27,1.0,0.0,0.0,0.0,0.0,0.0,0.0,1.0
420063,0,1,3400,-72,72,633,12,12,4.0,0.0,0.0,27,1.0,0.0,0.0,0.0,0.0,0.0,0.0,1.0
420312,0,1,3400,-72,72,627,12,12,4.0,0.0,0.0,27,1.0,0.0,0.0,0.0,0.0,0.0,0.0,1.0
420561,0,1,3400,-72,72,624,12,12,4.0,0.0,0.0,27,1.0,0.0,0.0,0.0,0.0,0.0,0.0,1.0
420810,0,1,3400,-72,72,625,11,12,4.0,0.0,0.0,27,1.0,0.0,0.0,0.0,0.0,0.0,0.0,1.0
421059,0,1,3400,-72,72,622,12,12,4.0,0.0,0.0,27,1.0,0.0,0.0,0.0,0.0,0.0,0.0,1.0
421308,0,1,3400,-72,72,627,11,12,4.0,0.0,0.0,27,1.0,0.0,0.0,0.0,0.0,0.0,0.0,1.0
421557,0,1,3400,-72,72,627,11,12,4.0,0.0,0.0,27,1.0,0.0,0.0,0.0,0.0,0.0,0.0,1.0
421806,0,1,3400,-72,72,630,11,12,4.0,0.0,0.0,27,1.0,0.0,0.0,0.0,0.0,0.0,0.0,1.0
422055,0,1,3400,-72,72,621,11,12,4.0,0.0,0.0,27,1.0,0.0,0.0,0.0,0.0,0.0,0.0,1.0
422304,0,1,3400,-72,72,625,12,12,4.0,0.0,0.0,27,1.0,0.0,0.0,0.0,0.0,0.0,0.0,1.0
422553,0,1,3400,-72,72,629,11,12,4.0,0.0,0.0,27,1.0,0.0,0.0,0.0,0.0,0.0,0.0,1.0
422802,0,1,3400,-72,72,624,12,12,4.0,0.0,0.0,27,1.0,0.0,0.0,0.0,0.0,0.0,0.0,1.0
423051,0,1,3400,-72,72,624,12,12,4.0,0.0,0.0,27,1.0,0.0,0.0,0.0,0.0,0.0,0.0,1.0
423300,0,1,3400,-72,72,621,11,13,4.0,0.0,0.0,27,1.0,0.0,0.0,0.0,0.0,0.0,0.0,1.0
423549,0,1,3400,-71,71,627,11,13,3.9,0.0,0.0,27,1.0,0.0,0.0,0.0,0.0,0.0,0.0,1.0
423798,0,1,3400,-71,71,630,12,13,4.0,0.0,0.0,27,1.0,0.0,0.0,0.0,0.0,0.0,0.0,1.0
424047,0,1,3400,-71,71,626,11,13,4.0,0.0,0.0,27,1.0,0.0,0.0,0.0,0.0,0.0,0.0,1.0
424296,0,1,3400,-71,71,628,11,13,4.0,0.0,0.0,27,1.0,0.0,0.0,0.0,0.0,0.0,0.0,1.0
424545,0,1,3400,-71,71,623,11,13,4.0,0.0,0.0,27,1.0,0.0,0.0,0.0,0.0,0.0,0.0,1.0
424794,0,1,3400,-71,71,627,11,13,3.9,0.0,0.0,27,1.0,0.0,0.0,0.0,0.0,0.0,0.0,1.0
425043,0,1,3400,-71,71,623,11,13,4.0,0.0,0.0,27,1.0,0.0,0.0,0.0,0.0,0.0,0.0,1.0
425292,0,1,3400,-71,71,624,12,13,3.9,0.0,0.0,27,1.0,0.0,0.0,0.0,0.0,0.0,0.0,1.0
425541,0,1,3400,-71,71,620,11,13,3.9,0.0,0.0,27,1.0,0.0,0.0,0.0,0.0,0.0,0.0,1.0
425790,0,1,3400,-71,71,625,12,13,4.0,0.0,0.0,27,1.0,0.0,0.0,0.0,0.0,0.0,0.0,1.0
426039,0,1,3400,-71,71,624,11,13,4.0,0.0,0.0,27,1.0,0.0,0.0,0.0,0.0,0.0,0.0,1.0
426288,0,1,3400,-71,71,629,11,14,4.0,0.0,0.0,27,1.0,0.0,0.0,0.0,0.0,0.0,0.0,1.0
426537,0,1,3400,-70,70,628,12,14,4.0,0.0,0.0,27,1.0,0.0,0.0,0.0,0.0,0.0,0.0,1.0
426786,0,1,3400,-70,70,627,11,14,3.9,0.0,0.0,27,1.0,0.0,0.0,0.0,0.0,0.0,0.0,1.0
427035,0,1,3400,-70,70,628,11,15,4.0,0.0,0.0,27,1.0,0.0,0.0,0.0,0.0,0.0,0.0,1.0
427284,0,1,3400,-70,70,626,11,15,4.0,0.0,0.0,27,1.0,0.0,0.0,0.0,0.0,0.0,0.0,1.0
427533,0,1,3400,-70,70,631,12,15,4.0,0.0,0.0,27,1.0,0.0,0.0,0.0,0.0,0.0,0.0,1.0
427782,0,1,3400,-69,69,626,12,15,4.0,0.0,0.0,27,1.0,0.0,0.0,0.0,0.0,0.0,0.0,1.0
428031,0,1,3400,-69,69,623,12,15,4.0,0.0,0.0,27,1.0,0.0,0.0,0.0,0.0,0.0,0.0,1.0
428280,0,1,3400,-69,69,619,11,16,4.0,0.0,0.0,27,1.00,0.0,0.0,0.0,0.0,0.0,0.0,1.0
428529,0,1,3400,-69,69,621,12,16,4.0,0.0,0.0,27,1.0,0.0,0.0,0.0,0.0,0.0,0.0,1.0
428778,0,1,3400,-68,68,625,11,16,4.0,0.0,0.0,27,1.0,0.0,0.0,0.0,0.0,0.0,0.0,1.0
429027,0,1,3400,-68,68,626,11,16,4.0,0.0,0.0,27,1.0,0.0,0.0,0.0,0.0,0.0,0.0,1.0
429276,0,1,3400,-68,68,625,11,16,4.0,0.0,0.0,27,1.0,0.0,0.0,0.0,0.0,0.0,0.0,1.0
429525,0,1,3400,-68,68,624,12,16,4.0,0.0,0.0,27,1.0,0.0,0.0,0.0,0.0,0.0,0.0,1.0
429774,0,1,3400,-68,68,625,11,16,4.0,0.0,0.0,27,1.0,0.0,0.0,0.0,0.0,0.0,0.0,1.0
430023,0,1,3400,-68,68,626,11,16,4.0,0.0,0.0,27,1.0,0.0,0.0,0.0,0.0,0.0,0.0,1.0
430272,0,1,3400,-69,69,626,11,16,4.0,0.0,0.0,27,1.0,0.0,0.0,0.0,0.0,0.0,0.0,1.0
430521,0,1,3400,-69,69,628,11,15,3.9,0.0,0.0,27,1.0,0.0,0.0,0.0,0.0,0.0,0.0,1.0
430770,0,1,3400,-69,69,627,11,15,3.9,0.0,0.0,27,1.0,0.0,0.0,0.0,0.0,0.0,0.0,1.0
431019,0,1,3400,-69,69,627,12,15,4.0,0.0,0.0,27,1.0,0.0,0.0,0.0,0.0,0.0,0.0,1.0
431268,0,1,3400,-69,69,625,11,15,4.0,0.0,0.0,27,1.0,0.0,0.0,0.0,0.0,0.0,0.0,1.0
431517,0,1,3400,-69,69,628,11,15,4.0,0.0,0.0,27,1.0,0.0,0.0,0.0,0.0,0.0,0.0,1.0
431766,0,1,3400,-69,69,629,11,15,4.0,0.0,0.0,27,1.0,0.0,0.0,0.0,0.0,0.0,0.0,1.0
432015,0,1,3400,-69,69,627,11,15,4.0,0.0,0.0,27,1.0,0.0,0.0,0.0,0.0,0.0,0.0,1.0
432264,0,1,3400,-69,69,628,11,15,4.0,0.0,0.0,27,1.0,0.0,0.0,0.0,0.0,0.0,0.0,1.0
432513,0,1,3400,-69,69,630,12,15,4.0,0.0,0.0,27,1.0,0.0,0.0,0.0,0.0,0.0,0.0,1.0
432762,0,1,3400,-69,69,625,11,15,4.0,0.0,0.0,27,1.0,0.0,0.0,0.0,0.0,0.0,0.0,1.0
433011,0,1,3400,-69,69,626,12,16,4.0,0.0,0.0,27,1.0,0.0,0.0,0.0,0.0,0.0,0.0,1.0
433260,0,1,3400,-69,69,628,11,16,4.0,0.0,0.0,27,1.0,0.0,0.0,0.0,0.0,0.0,0.0,1.0
433509,0,1,3400,-69,69,625,11,16,4.0,0.0,0.0,27,1.0,0.0,0.0,0.0,0.0,0.0,0.0,1.0
433758,0,1,3400,-68,68,625,12,16,4.0,0.0,0.0,27,1.0,0.0,0.0,0.0,0.0,0.0,0.0,1.0
434007,0,1,3400,-68,68,621,11,16,4.0,0.0,0.0,27,1.0,0.0,0.0,0.0,0.0,0.0,0.0,1.0
434256,0,1,3400,-69,69,629,11,16,4.0,0.0,0.0,27,1.0,0.0,0.0,0.0,0.0,0.0,0.0,1.0
434505,0,1,3400,-69,69,626,11,16,4.0,0.0,0.0,27,1.0,0.0,0.0,0.0,0.0,0.0,0.0,1.0
434754,0,1,3400,-69,69,627,12,16,4.0,0.0,0.0,27,1.0,0.0,0.0,0.0,0.0,0.0,0.0,1.0
435003,0,1,3400,-69,69,629,12,15,4.0,0.0,0.0,27,1.0,0.0,0.0,0.0,0.0,0.0,0.0,1.0
435252,0,1,3400,-70,70,629,11,15,4.0,0.0,0.0,27,1.0,0.0,0.0,0.0,0.0,0.0,0.0,1.0
435501,0,1,3400,-70,70,626,12,15,4.0,0.0,0.0,27,1.0,0.0,0.0,0.0,0.0,0.0,0.0,1.0
435750,0,1,3400,-70,70,627,11,15,4.0,0.0,0.0,27,1.0,0.0,0.0,0.0,0.0,0.0,0.0,1.0
435999,0,1,3400,-70,70,626,12,15,4.0,0.0,0.0,27,1.0,0.0,0.0,0.0,0.0,0.0,0.0,1.0
436248,0,1,3400,-70,70,624,12,14,4.0,0.0,0.0,27,1.0,0.0,0.0,0.0,0.0,0.0,0.0,1.0
436497,0,1,3400,-70,70,625,12,14,4.0,0.0,0.0,27,1.0,0.0,0.0,0.0,0.0,0.0,0.0,1.0
436746,0,1,3400,-70,70,627,11,14,4.0,0.0,0.0,27,1.0,0.0,0.0,0.0,0.0,0.0,0.0,1.0
436995,0,1,3400,-70,70,625,11,15,4.0,0.0,0.0,27,1.0,0.0,0.0,0.0,0.0,0.0,0.0,1.0
437244,0,1,3400,-70,70,628,11,15,4.0,0.0,0.0,27,1.0,0.0,0.0,0.0,0.0,0.0,0.0,1.0
437493,0,1,3400,-70,70,628,12,15,4.0,0.0,0.0,27,1.0,0.0,0.0,0.0,0.0,0.0,0.0,1.0
437742,0,1,3400,-70,70,623,11,15,3.9,0.0,0.0,27,1.0,0.0,0.0,0.0,0.0,0.0,0.0,1.0
437991,0,1,3400,-70,70,622,12,15,4.0,0.0,0.0,27,1.0,0.0,0.0,0.0,0.0,0.0,0.0,1.0
438240,0,1,3400,-70,70,627,11,15,3.9,0.0,0.0,27,1.0,0.0,0.0,0.0,0.0,0.0,0.0,1.0
438489,0,1,3400,-70,70,625,12,15,