time,cc,pci,earfcn,rsrp,pl,cfo,dl_mcs,dl_snr,dl_turbo,dl_brate,dl_bler,ul_ta,ul_mcs,ul_buff,ul_brate,ul_bler,rf_o,rf_u,rf_l,is_attached
0,0,0,4294967295,0.0,0.0,0.0,0.0,0.0,0.0,0.0,0.0,0.0,0.0,0.0,0.0,0.0,0.0,0.0,0.0,0.0
249,0,0,3400,0.0,0.0,0.0,0.0,0.0,0.0,0.0,0.0,0.0,0.0,0.0,0.0,0.0,0.0,0.0,0.0,0.0
498,0,0,3400,0.0,0.0,0.0,0.0,0.0,0.0,0.0,0.0,0.0,0.0,0.0,0.0,0.0,0.0,0.0,0.0,0.0
747,0,1,3400,0.0,0.0,0.0,0.0,0.0,0.0,0.0,0.0,0.0,0.0,0.0,0.0,0.0,0.0,0.0,0.0,0.0
996,0,1,3400,-64,64,524,0.0,26,0.0,0.0,0.0,0.0,0.0,0.0,0.0,0.0,0.0,0.0,0.0,0.0
1245,0,1,3400,-64,64,504,1.3,23,0.24,2912.000000,0,0.0,0.0,33,224,0,0.0,0.0,0.0,1.0
1494,0,1,3400,-65,65,504,2.5,23,0.50,224,0,27,0.91,0.0,19520.000000,0,0.0,0.0,0.0,1.0
1743,0,1,3400,-65,65,504,3.8,22,0.50,4704.000000,0,27,11,12,44352.000000,8,0.0,0.0,0.0,1.0
1992,0,1,3400,-65,65,503,4.3,21,0.50,4608.000000,0,27,9.5,0.0,56608.000000,8,0.0,0.0,0.0,1.0
2241,0,1,3400,-65,65,504,7.6,22,0.50,1952.000000,0,27,9.3,0.0,18080.000000,0,0.0,0.0,0.0,1.0
2490,0,1,3400,-65,65,505,12,21,0.62,10400.000000,0,27,8.0,0.0,33888.000000,0,0.0,0.0,0.0,1.0
2739,0,1,3400,-65,65,505,17,21,0.88,20768.000000,0,27,4.7,186,31872.000000,0,0.0,0.0,0.0,1.0
2988,0,1,3400,-65,65,503,14,20,0.80,10560.000000,0,27,3.6,0.0,13728.000000,0,0.0,0.0,0.0,1.0
3237,0,1,3400,-65,65,503,14,21,0.64,10560.000000,0,27,3.5,0.0,0.0,0.0,0.0,0.0,0.0,1.0
3486,0,1,3400,-65,65,500,16,21,0.75,0.0,0.0,27,3.5,0.0,0.0,0.0,0.0,0.0,0.0,1.0
3735,0,1,3400,-65,65,501,17,21,0.81,10304.000000,0,27,6.8,0.0,102336.000000,0,0.0,0.0,0.0,1.0
3984,0,1,3400,-64,64,503,18,21,0.70,5152.000000,0,27,12,0.0,0.0,0.0,0.0,0.0,0.0,1.0
4233,0,1,3400,-64,64,506,18,22,0.91,5152.000000,50,27,12,0.0,0.0,0.0,0.0,0.0,0.0,1.0
4482,0,1,3400,-65,65,508,16,21,2.5,20525.896484,0,27,6.5,0.0,9498.007812,0,0.0,0.0,0.0,1.0
4731,0,1,3400,-65,65,506,16,21,1.00,21108.433594,0,27,4.0,0.0,0.0,0.0,0.0,0.0,0.0,1.0
4980,0,1,3400,-65,65,505,11,20,0.63,10560.000000,0,27,4.0,0.0,0.0,0.0,0.0,0.0,0.0,1.0
5229,0,1,3400,-65,65,504,12,21,0.50,20960.000000,0,27,4.0,0.0,0.0,0.0,0.0,0.0,0.0,1.0
5478,0,1,3400,-65,65,504,13,20,0.51,25920.000000,0,27,1.8,0.0,6048.000000,0,0.0,0.0,0.0,1.0
5727,0,1,3400,-65,65,501,16,21,0.69,15456.000000,0,27,0.0,0.0,0.0,0.0,0.0,0.0,0.0,1.0
5976,0,1,3400,-65,65,504,18,20,0.50,10304.000000,0,27,0.0,0.0,0.0,0.0,0.0,0.0,0.0,1.0
6225,0,1,3400,-65,65,505,16,21,0.50,10496.000000,0,27,0.0,0.0,0.0,0.0,0.0,0.0,0.0,1.0
6474,0,1,3400,-65,65,504,12,20,0.50,21280.000000,0,27,2.7,0.0,21184.000000,0,0.0,0.0,0.0,1.0
6723,0,1,3400,-65,65,503,11,21,0.50,0.0,0.0,27,5.5,0.0,0.0,0.0,0.0,0.0,0.0,1.0
6972,0,1,3400,-64,64,503,14,21,0.58,20608.000000,0,27,5.5,0.0,0.0,0.0,0.0,0.0,0.0,1.0
7221,0,1,3400,-64,64,504,18,22,0.60,15456.000000,0,27,5.5,0.0,0.0,0.0,0.0,0.0,0.0,1.0
7470,0,1,3400,-64,64,505,18,22,0.75,15456.000000,0,27,4.2,0.0,14400.000000,0,0.0,0.0,0.0,1.0
7719,0,1,3400,-64,64,505,12,22,0.55,10464.000000,0,27,3.0,0.0,0.0,0.0,0.0,0.0,0.0,1.0
7968,0,1,3400,-63,63,505,16,22,0.54,36320.000000,0,27,3.0,0.0,0.0,0.0,0.0,0.0,0.0,1.0
8217,0,1,3400,-63,63,505,18,22,0.59,20768.000000,0,27,3.0,0.0,0.0,0.0,0.0,0.0,0.0,1.0
8466,0,1,3400,-63,63,504,18,22,0.50,10304.000000,0,27,2.2,0.0,11104.000000,0,0.0,0.0,0.0,1.0
8715,0,1,3400,-63,63,502,18,23,0.68,10304.000000,0,27,1.5,0.0,0.0,0.0,0.0,0.0,0.0,1.0
8964,0,1,3400,-62,62,502,18,23,0.75,10304.000000,0,27,2.0,0.0,7200.000000,0,0.0,0.0,0.0,1.0
9213,0,1,3400,-62,62,503,18,23,0.59,25760.000000,0,27,4.5,0.0,0.0,0.0,0.0,0.0,0.0,1.0
9462,0,1,3400,-62,62,502,18,23,0.57,20640.000000,0,27,3.1,0.0,11680.000000,0,0.0,0.0,0.0,1.0
9711,0,1,3400,-62,62,501,14,23,0.50,26016.000000,0,27,1.0,0.0,0.0,0.0,0.0,0.0,0.0,1.0
9960,0,1,3400,-62,62,498,18,23,0.54,20864.000000,0,27,0.99,0.0,0.0,0.0,0.0,0.0,0.0,1.0
10209,0,1,3400,-62,62,498,15,23,0.69,15840.000000,0,27,1.0,0.0,0.0,0.0,0.0,0.0,0.0,1.0
10458,0,1,3400,-62,62,500,13,23,0.50,5376.000000,0,27,1.0,0.0,0.0,0.0,0.0,0.0,0.0,1.0
10707,0,1,3400,-62,62,501,13,23,0.50,5152.000000,0,27,1.0,186,0.0,0.0,0.0,0.0,0.0,1.0
10956,0,1,3400,-62,62,505,16,23,0.50,0.0,0.0,27,8.1,0.0,31840.636719,0,0.0,0.0,0.0,1.0
11205,0,1,3400,-62,62,507,15,23,0.50,5172.690918,0,27,9.0,0.0,0.0,0.0,0.0,0.0,0.0,1.0
11454,0,1,3400,-62,62,510,8.0,23,0.61,22016.000000,0,27,6.3,0.0,37536.000000,0,0.0,0.0,0.0,1.0
11703,0,1,3400,-62,62,511,11,23,0.70,11264.000000,0,27,4.0,0.0,0.0,0.0,0.0,0.0,0.0,1.0
11952,0,1,3400,-61,61,515,16,24,0.71,10304.000000,0,27,4.0,0.0,0.0,0.0,0.0,0.0,0.0,1.0
12201,0,1,3400,-61,61,515,18,23,0.50,15840.000000,0,27,4.0,0.0,0.0,0.0,0.0,0.0,0.0,1.0
12450,0,1,3400,-62,62,512,17,24,0.50,10464.000000,0,27,5.1,0.0,51680.000000,0,0.0,0.0,0.0,1.0
12699,0,1,3400,-62,62,509,16,23,0.79,16192.000000,0,27,7.0,0.0,0.0,0.0,0.0,0.0,0.0,1.0
12948,0,1,3400,-62,62,508,11,23,0.50,0.0,0.0,27,6.9,0.0,0.0,0.0,0.0,0.0,0.0,1.0
13197,0,1,3400,-62,62,507,11,23,0.50,5152.000000,0,27,6.9,0.0,0.0,0.0,0.0,0.0,0.0,1.0
13446,0,1,3400,-63,63,507,15,23,0.50,15840.000000,0,27,6.8,0.0,28320.000000,21,0.0,0.0,0.0,1.0
13695,0,1,3400,-63,63,508,17,22,0.50,26240.000000,0,27,8.0,0.0,0.0,0.0,0.0,0.0,0.0,1.0
13944,0,1,3400,-63,63,505,16,23,0.50,5152.000000,0,27,8.0,0.0,0.0,0.0,0.0,0.0,0.0,1.0
14193,0,1,3400,-63,63,506,17,22,0.64,15712.000000,0,27,8.0,0.0,0.0,0.0,0.0,0.0,0.0,1.0
14442,0,1,3400,-63,63,506,18,22,0.73,25760.000000,0,27,6.0,0.0,8096.000000,0,0.0,0.0,0.0,1.0
14691,0,1,3400,-63,63,506,18,23,0.51,10304.000000,0,27,2.5,0.0,0.0,0.0,0.0,0.0,0.0,1.0
14940,0,1,3400,-63,63,506,18,23,0.50,5152.000000,0,27,2.5,0.0,0.0,0.0,0.0,0.0,0.0,1.0
15189,0,1,3400,-63,63,503,18,22,0.62,10304.000000,0,27,2.5,0.0,0.0,0.0,0.0,0.0,0.0,1.0
15438,0,1,3400,-64,64,504,18,22,0.59,15456.000000,0,27,4.8,0.0,16320.000000,0,0.0,0.0,0.0,1.0
15687,0,1,3400,-64,64,503,16,22,0.51,5312.000000,0,27,5.5,0.0,0.0,0.0,0.0,0.0,0.0,1.0
15936,0,1,3400,-64,64,505,16,22,0.55,15456.000000,0,27,5.5,0.0,0.0,0.0,0.0,0.0,0.0,1.0
16185,0,1,3400,-64,64,502,18,21,0.58,31008.000000,0,27,5.5,0.0,0.0,0.0,0.0,0.0,0.0,1.0
16434,0,1,3400,-64,64,502,14,22,0.50,5152.000000,0,27,5.2,0.0,26560.000000,0,0.0,0.0,0.0,1.0
16683,0,1,3400,-64,64,503,15,21,0.72,20992.000000,0,27,6.5,0.0,0.0,0.0,0.0,0.0,0.0,1.0
16932,0,1,3400,-64,64,506,18,22,1.00,10304.000000,0,27,6.4,0.0,0.0,0.0,0.0,0.0,0.0,1.0
17181,0,1,3400,-64,64,505,20,21,0.99,10560.000000,0,27,6.4,0.0,0.0,0.0,0.0,0.0,0.0,1.0
17430,0,1,3400,-64,64,507,18,22,0.56,10304.000000,0,27,2.0,0.0,20704.000000,0,0.0,0.0,0.0,1.0
17679,0,1,3400,-64,64,506,18,22,0.70,5152.000000,0,27,0.0,0.0,0.0,0.0,0.0,0.0,0.0,1.0
17928,0,1,3400,-64,64,503,18,22,0.70,15712.000000,0,27,0.0,0.0,0.0,0.0,0.0,0.0,0.0,1.0
18177,0,1,3400,-64,64,503,17,22,0.50,5152.000000,0,27,0.0,0.0,0.0,0.0,0.0,0.0,0.0,1.0
18426,0,1,3400,-64,64,500,18,22,0.50,20864.000000,0,27,2.1,0.0,16608.000000,0,0.0,0.0,0.0,1.0
18675,0,1,3400,-64,64,502,18,21,0.69,20608.000000,0,27,4.0,0.0,0.0,0.0,0.0,0.0,0.0,1.0
18924,0,1,3400,-64,64,501,18,22,0.83,20608.000000,0,27,3.9,0.0,0.0,0.0,0.0,0.0,0.0,1.0
19173,0,1,3400,-64,64,503,18,21,1.1,15648.000000,0,27,4.0,0.0,0.0,0.0,0.0,0.0,0.0,1.0
19422,0,1,3400,-64,64,504,15,22,0.52,21120.000000,0,27,7.9,0.0,45184.000000,0,0.0,0.0,0.0,1.0
19671,0,1,3400,-64,64,502,8.1,21,0.91,18976.000000,4,27,10,0.0,0.0,0.0,0.0,0.0,0.0,1.0
19920,0,1,3400,-64,64,501,13,21,0.61,15936.000000,0,27,9.9,0.0,0.0,0.0,0.0,0.0,0.0,1.0
20169,0,1,3400,-64,64,500,17,22,0.71,10304.000000,0,27,10,0.0,0.0,0.0,0.0,0.0,0.0,1.0
20418,0,1,3400,-64,64,503,18,22,1.0,5152.000000,0,27,9.6,0.0,0.0,80,0.0,0.0,0.0,1.0
20667,0,1,3400,-64,64,505,18,22,0.61,5312.000000,0,27,9.0,0.0,0.0,0.0,0.0,0.0,0.0,1.0
20916,0,1,3400,-64,64,504,18,21,0.50,5152.000000,0,27,8.9,0.0,0.0,0.0,0.0,0.0,0.0,1.0
21165,0,1,3400,-64,64,500,17,22,0.61,15616.000000,0,27,9.0,0.0,0.0,0.0,0.0,0.0,0.0,1.0
21414,0,1,3400,-65,65,500,17,21,0.61,10400.000000,0,27,6.4,0.0,9792.000000,0,0.0,0.0,0.0,1.0
21663,0,1,3400,-65,65,499,16,21,0.50,5248.000000,0,27,0.0,0.0,0.0,0.0,0.0,0.0,0.0,1.0
21912,0,1,3400,-65,65,502,16,21,0.54,25760.000000,0,27,0.0,0.0,0.0,0.0,0.0,0.0,0.0,1.0
22161,0,1,3400,-65,65,501,18,21,0.75,10304.000000,0,27,0.0,0.0,0.0,0.0,0.0,0.0,0.0,1.0
22410,0,1,3400,-66,66,502,18,21,0.98,5152.000000,0,27,1.5,0.0,2528.000000,0,0.0,0.0,0.0,1.0
22659,0,1,3400,-66,66,504,18,21,0.97,10400.000000,0,27,0.91,0.0,11616.000000,0,0.0,0.0,0.0,1.0
22908,0,1,3400,-66,66,505,14,21,0.75,0.0,0.0,27,0.0,0.0,0.0,0.0,0.0,0.0,0.0,1.0
23157,0,1,3400,-66,66,503,17,20,0.73,10304.000000,0,27,0.0,0.0,0.0,0.0,0.0,0.0,0.0,1.0
23406,0,1,3400,-66,66,501,15,20,0.64,5408.000000,0,27,0.70,0.0,7712.000000,0,0.0,0.0,0.0,1.0
23655,0,1,3400,-66,66,498,16,20,0.84,25920.000000,0,27,3.0,0.0,0.0,0.0,0.0,0.0,0.0,1.0
23904,0,1,3400,-66,66,501,15,20,0.57,12928.000000,0,27,3.0,0.0,0.0,0.0,0.0,0.0,0.0,1.0
24153,0,1,3400,-66,66,503,15,20,0.75,13408.000000,0,27,3.0,0.0,0.0,0.0,0.0,0.0,0.0,1.0
24402,0,1,3400,-66,66,502,18,20,1.2,5152.000000,0,27,3.7,0.0,17600.000000,0,0.0,0.0,0.0,1.0
24651,0,1,3400,-66,66,501,18,20,0.86,20608.000000,0,27,12,0.0,0.0,0.0,0.0,0.0,0.0,1.0
24900,0,1,3400,-66,66,500,18,20,0.75,0.0,0.0,27,14,0.0,15520.000000,33,0.0,0.0,0.0,1.0
25149,0,1,3400,-66,66,501,15,21,0.59,5312.000000,0,27,15,0.0,0.0,0.0,0.0,0.0,0.0,1.0
25398,0,1,3400,-66,66,501,14,20,0.55,20960.000000,0,27,11,0.0,10912.000000,0,0.0,0.0,0.0,1.0
25647,0,1,3400,-66,66,500,18,20,0.92,5152.000000,0,27,8.5,0.0,0.0,0.0,0.0,0.0,0.0,1.0
25896,0,1,3400,-66,66,498,18,20,0.75,0.0,0.0,27,8.5,0.0,0.0,0.0,0.0,0.0,0.0,1.0
26145,0,1,3400,-66,66,498,18,20,0.75,0.0,0.0,27,8.4,0.0,0.0,0.0,0.0,0.0,0.0,1.0
26394,0,1,3400,-66,66,497,15,20,0.63,21280.000000,0,27,4.6,0.0,15968.000000,0,0.0,0.0,0.0,1.0
26643,0,1,3400,-66,66,498,17,20,0.91,10304.000000,0,27,2.0,0.0,0.0,0.0,0.0,0.0,0.0,1.0
26892,0,1,3400,-66,66,496,15,20,0.88,10720.000000,0,27,2.0,0.0,0.0,0.0,0.0,0.0,0.0,1.0
27141,0,1,3400,-66,66,501,11,20,0.56,5408.000000,0,27,2.0,0.0,0.0,0.0,0.0,0.0,0.0,1.0
27390,0,1,3400,-66,66,502,12,19,0.58,37440.000000,0,27,7.5,0.0,51040.000000,29,0.0,0.0,0.0,1.0
27639,0,1,3400,-66,66,507,11,20,0.61,5248.000000,0,27,9.1,0.0,1504.000000,0,0.0,0.0,0.0,1.0
27888,0,1,3400,-66,66,511,14,19,0.53,5248.000000,0,27,7.0,0.0,0.0,0.0,0.0,0.0,0.0,1.0
28137,0,1,3400,-66,66,509,15,19,0.50,10816.000000,0,27,3.6,0.0,4256.000000,0,0.0,0.0,0.0,1.0
28386,0,1,3400,-66,66,506,16,19,1.3,10656.000000,25,27,2.8,0.0,6464.000000,0,0.0,0.0,0.0,1.0
28635,0,1,3400,-67,67,505,13,18,0.60,16224.000000,0,27,0.0,0.0,10208.000000,0,0.0,0.0,0.0,1.0
28884,0,1,3400,-67,67,505,13,18,0.54,10656.000000,0,27,0.0,0.0,0.0,0.0,0.0,0.0,0.0,1.0
29133,0,1,3400,-67,67,503,5.0,18,0.58,22336.000000,0,27,0.0,0.0,0.0,0.0,0.0,0.0,0.0,1.0
29382,0,1,3400,-67,67,499,12,18,1.6,10592.000000,40,27,1.9,0.0,10784.000000,0,0.0,0.0,0.0,1.0
29631,0,1,3400,-67,67,500,12,18,0.70,16224.000000,0,27,3.5,0.0,0.0,0.0,0.0,0.0,0.0,1.0
29880,0,1,3400,-66,66,503,13,19,1.1,5152.000000,50,27,3.5,0.0,0.0,0.0,0.0,0.0,0.0,1.0
30129,0,1,3400,-66,66,502,14,19,1.2,15712.000000,0,27,3.5,0.0,0.0,0.0,0.0,0.0,0.0,1.0
30378,0,1,3400,-66,66,500,16,19,1.2,10432.000000,25,27,3.6,0.0,7232.000000,0,0.0,0.0,0.0,1.0
30627,0,1,3400,-66,66,501,16,19,2.2,0.0,0.0,27,3.0,0.0,0.0,0.0,0.0,0.0,0.0,1.0
30876,0,1,3400,-66,66,500,19,19,2.9,0.0,100.000000,27,3.0,0.0,0.0,0.0,0.0,0.0,0.0,1.0
31125,0,1,3400,-66,66,501,17,19,2.4,16000.000000,20,27,3.0,0.0,0.0,0.0,0.0,0.0,0.0,1.0
31374,0,1,3400,-66,66,501,7.5,19,0.50,0.0,0.0,27,3.0,0.0,0.0,0.0,0.0,0.0,0.0,1.0
31623,0,1,3400,-67,67,501,12,18,0.63,26688.000000,0,27,7.1,0.0,46112.000000,24,0.0,0.0,0.0,1.0
31872,0,1,3400,-67,67,503,16,18,0.71,5408.000000,0,27,12,0.0,0.0,0.0,0.0,0.0,0.0,1.0
32121,0,1,3400,-67,67,502,8.9,18,0.53,33024.000000,6,27,12,0.0,0.0,0.0,0.0,0.0,0.0,1.0
32370,0,1,3400,-67,67,500,9.4,18,0.86,10784.000000,17,27,6.5,0.0,19616.000000,0,0.0,0.0,0.0,1.0
32619,0,1,3400,-67,67,500,12,18,0.93,21632.000000,20,27,1.9,0.0,896,0,0.0,0.0,0.0,1.0
32868,0,1,3400,-67,67,501,17,18,1.8,6432.000000,50,27,1.0,0.0,0.0,0.0,0.0,0.0,0.0,1.0
33117,0,1,3400,-67,67,500,14,18,1.3,15808.000000,20,27,0.47,0.0,1568.000000,0,0.0,0.0,0.0,1.0
33366,0,1,3400,-67,67,502,11,18,0.52,5408.000000,0,27,0.0,0.0,0.0,0.0,0.0,0.0,0.0,1.0
33615,0,1,3400,-67,67,503,11,18,0.50,10816.000000,0,27,0.0,186,0.0,0.0,0.0,0.0,0.0,1.0
33864,0,1,3400,-67,67,498,13,18,0.56,5248.000000,0,27,14,0.0,29280.000000,38,0.0,0.0,0.0,1.0
34113,0,1,3400,-67,67,498,15,18,1.0,0.0,100.000000,27,16,0.0,0.0,0.0,0.0,0.0,0.0,1.0
34362,0,1,3400,-67,67,500,18,18,1.7,16224.000000,0,27,9.9,0.0,6976.000000,0,0.0,0.0,0.0,1.0
34611,0,1,3400,-67,67,503,13,18,0.81,21472.000000,25,27,0.0,0.0,0.0,0.0,0.0,0.0,0.0,1.0
34860,0,1,3400,-67,67,501,11,18,0.52,37344.000000,0,27,0.0,0.0,0.0,0.0,0.0,0.0,0.0,1.0
35109,0,1,3400,-67,67,502,12,18,0.50,0.0,0.0,27,0.0,0.0,0.0,0.0,0.0,0.0,0.0,1.0
35358,0,1,3400,-67,67,501,13,18,0.54,15552.000000,33,27,0.040,0.0,16800.000000,0,0.0,0.0,0.0,1.0
35607,0,1,3400,-67,67,500,15,18,1.1,21344.000000,17,27,0.0,0.0,0.0,0.0,0.0,0.0,0.0,1.0
35856,0,1,3400,-67,67,499,13,18,0.56,27040.000000,0,27,0.0,0.0,0.0,0.0,0.0,0.0,0.0,1.0
36105,0,1,3400,-67,67,499,14,18,0.74,16992.000000,33,27,0.0,0.0,0.0,0.0,0.0,0.0,0.0,1.0
36354,0,1,3400,-67,67,500,14,18,1.9,5248.000000,33,27,0.0,0.0,6496.000000,0,0.0,0.0,0.0,1.0
36603,0,1,3400,-67,67,501,12,18,1.0,15904.000000,33,27,0.0,0.0,9216.000000,0,0.0,0.0,0.0,1.0
36852,0,1,3400,-67,67,500,12,18,0.70,42592.000000,7,27,0.0,0.0,0.0,0.0,0.0,0.0,0.0,1.0
37101,0,1,3400,-67,67,498,13,18,0.50,10816.000000,0,27,0.0,0.0,0.0,0.0,0.0,0.0,0.0,1.0
37350,0,1,3400,-67,67,501,10,18,0.50,21504.000000,0,27,0.10,0.0,6240.000000,0,0.0,0.0,0.0,1.0
37599,0,1,3400,-67,67,501,11,19,0.50,5408.000000,0,27,0.0,0.0,1568.000000,0,0.0,0.0,0.0,1.0
37848,0,1,3400,-66,66,500,14,19,0.86,5408.000000,50,27,0.0,0.0,0.0,0.0,0.0,0.0,0.0,1.0
38097,0,1,3400,-66,66,498,15,19,2.0,5536.000000,40,27,0.0,0.0,0.0,0.0,0.0,0.0,0.0,1.0
38346,0,1,3400,-66,66,502,15,19,3.0,0.0,0.0,27,0.0,0.0,0.0,0.0,0.0,0.0,0.0,1.0
38595,0,1,3400,-67,67,499,13,18,2.3,16160.000000,0,27,0.50,0.0,22752.000000,0,0.0,0.0,0.0,1.0
38844,0,1,3400,-67,67,497,15,18,1.4,10976.000000,40,27,2.0,0.0,0.0,0.0,0.0,0.0,0.0,1.0
39093,0,1,3400,-67,67,497,18,18,2.1,21344.000000,0,27,2.0,0.0,0.0,0.0,0.0,0.0,0.0,1.0
39342,0,1,3400,-67,67,502,14,18,0.88,10816.000000,33,27,2.0,0.0,29056.000000,0,0.0,0.0,0.0,1.0
39591,0,1,3400,-67,67,501,16,18,1.1,16064.000000,14,27,1.7,0.0,1568.000000,0,0.0,0.0,0.0,1.0
39840,0,1,3400,-66,66,500,15,18,1.3,28480.000000,11,27,1.0,0.0,0.0,0.0,0.0,0.0,0.0,1.0
40089,0,1,3400,-66,66,501,14,19,0.51,10304.000000,0,27,1.0,0.0,1568.000000,0,0.0,0.0,0.0,1.0
40338,0,1,3400,-66,66,501,15,19,1.5,17248.000000,11,27,0.50,0.0,19584.000000,8,0.0,0.0,0.0,1.0
40587,0,1,3400,-66,66,501,11,19,0.50,10304.000000,0,27,0.0,0.0,0.0,0.0,0.0,0.0,0.0,1.0
40836,0,1,3400,-66,66,496,20,19,1.6,10304.000000,50,27,1.9,0.0,4256.000000,0,0.0,0.0,0.0,1.0
41085,0,1,3400,-66,66,498,18,19,1.2,10304.000000,0,27,2.0,0.0,0.0,0.0,0.0,0.0,0.0,1.0
41334,0,1,3400,-66,66,496,18,18,1.0,5152.000000,0,27,1.9,0.0,5248.000000,0,0.0,0.0,0.0,1.0
41583,0,1,3400,-67,67,497,15,18,0.65,21024.000000,12,27,0.0,0.0,3616.000000,0,0.0,0.0,0.0,1.0
41832,0,1,3400,-67,67,496,14,18,0.78,32224.000000,10,27,0.0,0.0,1568.000000,0,0.0,0.0,0.0,1.0
42081,0,1,3400,-67,67,497,12,18,0.50,27072.000000,0,27,0.0,0.0,1568.000000,0,0.0,0.0,0.0,1.0
42330,0,1,3400,-67,67,498,14,18,0.56,21280.000000,17,27,0.71,0.0,7456.000000,0,0.0,0.0,0.0,1.0
42579,0,1,3400,-67,67,500,16,18,1.0,5408.000000,50,27,1.5,0.0,0.0,0.0,0.0,0.0,0.0,1.0
42828,0,1,3400,-66,66,501,18,19,1.7,10816.000000,0,27,2.0,0.0,2528.000000,0,0.0,0.0,0.0,1.0
43077,0,1,3400,-66,66,498,15,18,0.66,15712.000000,0,27,2.5,0.0,0.0,0.0,0.0,0.0,0.0,1.0
43326,0,1,3400,-66,66,497,15,19,0.75,0.0,0.0,27,2.5,0.0,0.0,0.0,0.0,0.0,0.0,1.0
43575,0,1,3400,-67,67,498,12,18,0.56,5408.000000,0,27,3.5,0.0,38496.000000,14,0.0,0.0,0.0,1.0
43824,0,1,3400,-67,67,497,15,18,0.65,15968.000000,0,27,4.5,0.0,0.0,0.0,0.0,0.0,0.0,1.0
44073,0,1,3400,-67,67,496,13,18,0.60,21024.000000,0,27,4.5,0.0,0.0,0.0,0.0,0.0,0.0,1.0
44322,0,1,3400,-67,67,498,15,18,0.90,15968.000000,25,27,11,0.0,38912.000000,22,0.0,0.0,0.0,1.0
44571,0,1,3400,-67,67,495,15,18,1.0,10560.000000,0,27,14,0.0,0.0,0.0,0.0,0.0,0.0,1.0
44820,0,1,3400,-67,67,498,17,18,2.0,5312.000000,33,27,14,0.0,0.0,0.0,0.0,0.0,0.0,1.0
45069,0,1,3400,-67,67,496,10,18,0.55,10560.000000,0,27,14,0.0,0.0,0.0,0.0,0.0,0.0,1.0
45318,0,1,3400,-67,67,495,16,18,1.4,10784.000000,40,27,9.1,0.0,11200.000000,0,0.0,0.0,0.0,1.0
45567,0,1,3400,-67,67,495,14,18,0.72,10784.000000,40,27,5.4,0.0,17056.000000,0,0.0,0.0,0.0,1.0
45816,0,1,3400,-67,67,495,15,18,1.2,5376.000000,0,27,8.0,0.0,0.0,0.0,0.0,0.0,0.0,1.0
46065,0,1,3400,-67,67,494,12,18,0.50,16128.000000,0,27,8.0,0.0,0.0,0.0,0.0,0.0,0.0,1.0
46314,0,1,3400,-67,67,495,16,18,1.5,32512.000000,11,27,13,0.0,0.0,80,0.0,0.0,0.0,1.0
46563,0,1,3400,-67,67,497,15,18,0.91,16064.000000,14,27,14,0.0,0.0,0.0,0.0,0.0,0.0,1.0
46812,0,1,3400,-67,67,498,13,18,0.52,21312.000000,0,27,13,0.0,704,0,0.0,0.0,0.0,1.0
47061,0,1,3400,-67,67,497,14,18,0.93,5408.000000,50,27,9.9,0.0,0.0,0.0,0.0,0.0,0.0,1.0
47310,0,1,3400,-67,67,496,15,18,0.95,15968.000000,0,27,6.8,0.0,26464.000000,0,0.0,0.0,0.0,1.0
47559,0,1,3400,-67,67,495,8.2,18,0.50,15680.000000,0,27,4.0,0.0,0.0,0.0,0.0,0.0,0.0,1.0
47808,0,1,3400,-66,66,496,13,18,0.50,10720.000000,0,27,4.0,0.0,0.0,0.0,0.0,0.0,0.0,1.0
48057,0,1,3400,-66,66,497,13,18,0.50,16256.000000,0,27,4.0,0.0,0.0,0.0,0.0,0.0,0.0,1.0
48306,0,1,3400,-66,66,496,12,19,0.50,31936.000000,0,27,1.3,0.0,14592.000000,0,0.0,0.0,0.0,1.0
48555,0,1,3400,-66,66,495,13,19,0.50,0.0,0.0,27,0.0,0.0,1568.000000,0,0.0,0.0,0.0,1.0
48804,0,1,3400,-65,65,499,13,19,0.50,5408.000000,0,27,0.0,0.0,0.0,0.0,0.0,0.0,0.0,1.0
49053,0,1,3400,-65,65,497,7.7,19,0.53,22144.000000,0,27,0.53,0.0,1504.000000,0,0.0,0.0,0.0,1.0
49302,0,1,3400,-65,65,497,14,19,0.55,21536.000000,0,27,1.8,0.0,8288.000000,0,0.0,0.0,0.0,1.0
49551,0,1,3400,-65,65,495,10.0,19,0.50,21568.000000,0,27,2.0,0.0,0.0,0.0,0.0,0.0,0.0,1.0
49800,0,1,3400,-65,65,496,12,19,0.50,16256.000000,0,27,2.0,0.0,0.0,0.0,0.0,0.0,0.0,1.0
50049,0,1,3400,-65,65,494,14,19,0.50,15744.000000,0,27,2.0,0.0,0.0,0.0,0.0,0.0,0.0,1.0
50298,0,1,3400,-65,65,492,12,19,0.50,10720.000000,0,27,2.1,0.0,11008.000000,0,0.0,0.0,0.0,1.0
50547,0,1,3400,-66,66,495,14,19,0.58,15616.000000,0,27,2.3,0.0,896,0,0.0,0.0,0.0,1.0
50796,0,1,3400,-66,66,497,13,19,0.57,16064.000000,0,27,1.0,0.0,0.0,0.0,0.0,0.0,0.0,1.0
51045,0,1,3400,-66,66,498,12,19,0.51,15968.000000,0,27,1.2,0.0,2592.000000,0,0.0,0.0,0.0,1.0
51294,0,1,3400,-66,66,495,13,19,0.50,10816.000000,0,27,2.0,0.0,5280.000000,0,0.0,0.0,0.0,1.0
51543,0,1,3400,-66,66,496,14,19,0.51,5344.000000,0,27,1.5,0.0,2688.000000,0,0.0,0.0,0.0,1.0
51792,0,1,3400,-66,66,495,12,18,0.55,15712.000000,0,27,1.5,0.0,0.0,0.0,0.0,0.0,0.0,1.0
52041,0,1,3400,-66,66,496,15,19,0.63,5312.000000,0,27,1.5,0.0,0.0,0.0,0.0,0.0,0.0,1.0
52290,0,1,3400,-66,66,495,14,18,0.50,26944.000000,0,27,1.8,0.0,11104.000000,0,0.0,0.0,0.0,1.0
52539,0,1,3400,-66,66,496,15,19,0.73,15712.000000,0,27,3.5,0.0,0.0,0.0,0.0,0.0,0.0,1.0
52788,0,1,3400,-65,65,493,16,19,1.0,0.0,0.0,27,3.5,0.0,0.0,0.0,0.0,0.0,0.0,1.0
53037,0,1,3400,-65,65,497,13,19,0.56,16224.000000,0,27,3.5,0.0,0.0,0.0,0.0,0.0,0.0,1.0
53286,0,1,3400,-66,66,498,14,19,0.50,7616.000000,0,27,3.3,0.0,4096.000000,0,0.0,0.0,0.0,1.0
53535,0,1,3400,-66,66,498,10,19,0.50,13664.000000,0,27,8.0,0.0,40320.000000,0,0.0,0.0,0.0,1.0
53784,0,1,3400,-66,66,495,10,18,0.50,10816.000000,0,27,8.0,0.0,0.0,0.0,0.0,0.0,0.0,1.0
54033,0,1,3400,-66,66,492,11,18,0.51,26944.000000,0,27,8.0,0.0,0.0,0.0,0.0,0.0,0.0,1.0
54282,0,1,3400,-66,66,496,13,18,0.60,26848.000000,22,27,2.6,0.0,11264.000000,0,0.0,0.0,0.0,1.0
54531,0,1,3400,-66,66,494,13,18,1.9,10816.000000,33,27,0.032,0.0,0.0,0.0,0.0,0.0,0.0,1.0
54780,0,1,3400,-66,66,495,13,18,1.1,21632.000000,0,27,0.016,0.0,0.0,0.0,0.0,0.0,0.0,1.0
55029,0,1,3400,-66,66,494,12,18,0.61,15712.000000,0,27,0.024,0.0,0.0,0.0,0.0,0.0,0.0,1.0
55278,0,1,3400,-66,66,495,13,18,0.53,21504.000000,0,27,0.072,0.0,12704.000000,0,0.0,0.0,0.0,1.0
55527,0,1,3400,-67,67,495,13,18,0.50,5408.000000,0,27,0.016,0.0,0.0,0.0,0.0,0.0,0.0,1.0
55776,0,1,3400,-67,67,495,13,18,0.50,16288.000000,0,27,0.0080,0.0,0.0,0.0,0.0,0.0,0.0,1.0
56025,0,1,3400,-67,67,496,14,18,0.50,0.0,0.0,27,0.0,0.0,0.0,0.0,0.0,0.0,0.0,1.0
56274,0,1,3400,-67,67,497,13,17,0.50,9152.000000,0,27,0.016,186,0.0,0.0,0.0,0.0,0.0,1.0
56523,0,1,3400,-67,67,498,14,17,0.99,12576.000000,25,27,0.056,0.0,17408.000000,0,0.0,0.0,0.0,1.0
56772,0,1,3400,-67,67,496,15,17,1.2,21088.000000,22,27,0.016,0.0,896,0,0.0,0.0,0.0,1.0
57021,0,1,3400,-67,67,497,14,17,1.2,10432.000000,33,27,0.0080,0.0,0.0,0.0,0.0,0.0,0.0,1.0
57270,0,1,3400,-67,67,495,12,17,1.1,16128.000000,0,27,0.060,0.0,10336.000000,0,0.0,0.0,0.0,1.0
57519,0,1,3400,-68,68,493,13,17,0.50,5376.000000,0,27,0.0,0.0,0.0,0.0,0.0,0.0,0.0,1.0
57768,0,1,3400,-68,68,492,13,17,0.75,37664.000000,0,27,0.016,0.0,1568.000000,0,0.0,0.0,0.0,1.0
58017,0,1,3400,-68,68,492,19,17,1.4,5312.000000,0,27,0.0,0.0,0.0,0.0,0.0,0.0,0.0,1.0
58266,0,1,3400,-68,68,495,14,16,1.0,5504.000000,0,27,1.6,0.0,11040.000000,0,0.0,0.0,0.0,1.0
58515,0,1,3400,-69,69,494,10,16,0.53,10912.000000,0,27,5.0,0.0,0.0,0.0,0.0,0.0,0.0,1.0
58764,0,1,3400,-69,69,493,10,16,0.50,0.0,0.0,27,5.0,0.0,0.0,0.0,0.0,0.0,0.0,1.0
59013,0,1,3400,-69,69,492,10,16,0.59,22176.000000,0,27,5.0,0.0,0.0,0.0,0.0,0.0,0.0,1.0
59262,0,1,3400,-69,69,493,9.4,16,0.50,11200.000000,0,27,2.2,0.0,7552.000000,0,0.0,0.0,0.0,1.0
59511,0,1,3400,-69,69,490,9.8,16,0.50,11040.000000,0,27,0.0,0.0,0.0,0.0,0.0,0.0,0.0,1.0
59760,0,1,3400,-69,69,490,10.0,15,0.53,11200.000000,0,27,0.0080,0.0,0.0,0.0,0.0,0.0,0.0,1.0
60009,0,1,3400,-69,69,494,8.9,15,0.63,16608.000000,0,27,0.016,0.0,0.0,0.0,0.0,0.0,0.0,1.0
60258,0,1,3400,-69,69,492,12,15,0.59,16864.000000,9,27,3.3,0.0,0.0,80,0.0,0.0,0.0,1.0
60507,0,1,3400,-70,70,494,9.1,15,0.58,32768.000000,0,27,7.9,0.0,0.0,0.0,0.0,0.0,0.0,1.0
60756,0,1,3400,-70,70,494,15,15,1.7,6816.000000,17,27,8.0,0.0,0.0,0.0,0.0,0.0,0.0,1.0
61005,0,1,3400,-70,70,494,10,15,0.50,22112.000000,0,27,8.0,0.0,0.0,0.0,0.0,0.0,0.0,1.0
61254,0,1,3400,-70,70,495,9.8,15,0.52,1312.000000,50,27,7.3,0.0,896,0,0.0,0.0,0.0,1.0
61503,0,1,3400,-70,70,496,16,15,2.0,1312.000000,50,27,0.0,0.0,0.0,0.0,0.0,0.0,0.0,1.0
61752,0,1,3400,-70,70,492,15,15,2.3,288,50,27,0.036,0.0,0.0,0,0.0,0.0,0.0,1.0
62001,0,1,3400,-70,70,494,12,14,1.1,21728.000000,0,27,4.2,0.0,19232.000000,0,0.0,0.0,0.0,1.0
62250,0,1,3400,-70,70,493,9.0,15,0.51,22176.000000,0,27,6.8,0.0,0.0,80,0.0,0.0,0.0,1.0
62499,0,1,3400,-70,70,494,13,14,1.6,5824.000000,17,27,9.0,0.0,0.0,0.0,0.0,0.0,0.0,1.0
62748,0,1,3400,-70,70,493,14,14,0.68,37344.000000,0,27,8.9,0.0,0.0,0.0,0.0,0.0,0.0,1.0
62997,0,1,3400,-70,70,495,10,15,0.50,11008.000000,0,27,9.0,0.0,0.0,0.0,0.0,0.0,0.0,1.0
63246,0,1,3400,-70,70,492,11,15,0.56,8128.000000,0,27,9.0,186,0.0,0.0,0.0,0.0,0.0,1.0
63495,0,1,3400,-70,70,495,14,15,1.2,24128.000000,0,27,7.3,0.0,39936.000000,0,0.0,0.0,0.0,1.0
63744,0,1,3400,-70,70,494,14,14,1.2,14976.000000,17,27,7.0,0.0,0.0,0.0,0.0,0.0,0.0,1.0
63993,0,1,3400,-70,70,494,10,15,0.50,0.0,0.0,27,7.0,0.0,0.0,0.0,0.0,0.0,0.0,1.0
64242,0,1,3400,-70,70,492,12,15,1.8,8448.000000,33,27,7.0,0.0,0.0,0.0,0.0,0.0,0.0,1.0
64491,0,1,3400,-70,70,491,11,15,1.0,5504.000000,0,27,10,0.0,30688.000000,33,0.0,0.0,0.0,1.0
64740,0,1,3400,-69,69,490,12,15,1.1,5824.000000,17,27,12,0.0,0.0,0.0,0.0,0.0,0.0,1.0
64989,0,1,3400,-69,69,488,15,15,2.2,1312.000000,50,27,12,0.0,0.0,0.0,0.0,0.0,0.0,1.0
65238,0,1,3400,-69,69,489,16,15,1.8,11296.000000,0,27,12,0.0,9120.000000,33,0.0,0.0,0.0,1.0
65487,0,1,3400,-70,70,494,8.9,15,0.50,11072.000000,0,27,5.8,0.0,10848.000000,0,0.0,0.0,0.0,1.0
65736,0,1,3400,-70,70,497,9.5,14,0.50,5760.000000,0,27,5.5,0.0,0.0,0.0,0.0,0.0,0.0,1.0
65985,0,1,3400,-70,70,500,9.7,14,0.50,22208.000000,0,27,5.5,0.0,0.0,0.0,0.0,0.0,0.0,1.0
66234,0,1,3400,-70,70,500,8.0,14,0.50,0.0,0.0,27,5.5,0.0,0.0,0.0,0.0,0.0,0.0,1.0
66483,0,1,3400,-70,70,499,8.6,14,0.50,34496.000000,0,27,9.3,0.0,18400.000000,0,0.0,0.0,0.0,1.0
66732,0,1,3400,-70,70,497,13,14,1.4,1952.000000,50,27,12,0.0,0.0,0.0,0.0,0.0,0.0,1.0
66981,0,1,3400,-70,70,495,8.2,14,0.67,11168.000000,0,27,12,0.0,0.0,0.0,0.0,0.0,0.0,1.0
67230,0,1,3400,-70,70,494,8.3,15,0.50,11040.000000,0,27,11,0.0,53568.000000,25,0.0,0.0,0.0,1.0
67479,0,1,3400,-70,70,493,11,15,0.50,11040.000000,0,27,11,0.0,0.0,0.0,0.0,0.0,0.0,1.0
67728,0,1,3400,-69,69,491,10,15,0.50,11072.000000,0,27,11,0.0,0.0,0.0,0.0,0.0,0.0,1.0
67977,0,1,3400,-69,69,493,10,15,0.50,11136.000000,0,27,11,0.0,0.0,0.0,0.0,0.0,0.0,1.0
68226,0,1,3400,-69,69,494,10,15,0.50,20928.000000,0,27,5.3,0.0,15808.000000,11,0.0,0.0,0.0,1.0
68475,0,1,3400,-69,69,494,11,15,0.50,12256.000000,0,27,2.0,0.0,0.0,0.0,0.0,0.0,0.0,1.0
68724,0,1,3400,-69,69,495,11,15,0.58,11424.000000,10,27,6.0,0.0,7200.000000,0,0.0,0.0,0.0,1.0
68973,0,1,3400,-69,69,492,13,15,1.3,22144.000000,0,27,7.0,0.0,0.0,0.0,0.0,0.0,0.0,1.0
69222,0,1,3400,-69,69,491,10,15,0.50,11072.000000,0,27,6.0,0.0,23744.000000,0,0.0,0.0,0.0,1.0
69471,0,1,3400,-69,69,494,10,16,0.50,0.0,0.0,27,5.0,0.0,0.0,0.0,0.0,0.0,0.0,1.0
69720,0,1,3400,-68,68,497,11,16,0.50,22080.000000,0,27,5.0,0.0,0.0,0.0,0.0,0.0,0.0,1.0
69969,0,1,3400,-68,68,497,13,16,0.60,27168.000000,0,27,5.0,0.0,0.0,0.0,0.0,0.0,0.0,1.0
70218,0,1,3400,-68,68,495,9.7,16,0.50,5536.000000,0,27,5.0,0.0,0.0,0.0,0.0,0.0,0.0,1.0
70467,0,1,3400,-68,68,496,10,16,0.50,5536.000000,0,27,8.1,0.0,0.0,80,0.0,0.0,0.0,1.0
70716,0,1,3400,-68,68,498,9.3,16,0.50,16928.000000,0,27,9.0,0.0,0.0,0.0,0.0,0.0,0.0,1.0
70965,0,1,3400,-68,68,498,8.0,16,0.50,16672.000000,0,27,8.9,0.0,0.0,0.0,0.0,0.0,0.0,1.0
71214,0,1,3400,-68,68,495,11,16,0.50,11168.000000,0,27,5.3,0.0,9856.000000,0,0.0,0.0,0.0,1.0
71463,0,1,3400,-69,69,497,10,15,0.50,22176.000000,0,27,2.0,0.0,0.0,0.0,0.0,0.0,0.0,1.0
71712,0,1,3400,-69,69,496,10,15,0.51,19776.000000,0,27,4.0,0.0,15520.000000,0,0.0,0.0,0.0,1.0
71961,0,1,3400,-69,69,495,10,15,0.50,8064.000000,0,27,8.0,0.0,0.0,0.0,0.0,0.0,0.0,1.0
72210,0,1,3400,-69,69,493,10,14,0.50,5504.000000,0,27,9.1,0.0,22112.000000,0,0.0,0.0,0.0,1.0
72459,0,1,3400,-70,70,494,15,14,1.0,10624.000000,0,27,11,0.0,0.0,0.0,0.0,0.0,0.0,1.0
72708,0,1,3400,-70,70,493,12,14,0.81,22496.000000,0,27,11,0.0,0.0,0.0,0.0,0.0,0.0,1.0
72957,0,1,3400,-70,70,491,12,14,1.0,13472.000000,8,27,11,0.0,0.0,0.0,0.0,0.0,0.0,1.0
73206,0,1,3400,-70,70,489,9.0,14,0.50,0.0,0.0,27,11,0.0,0.0,0.0,0.0,0.0,0.0,1.0
73455,0,1,3400,-70,70,490,9.6,14,0.50,5536.000000,0,27,11,0.0,37984.000000,0,0.0,0.0,0.0,1.0
73704,0,1,3400,-69,69,490,10.0,15,0.50,0.0,0.0,27,14,0.0,0.0,0.0,0.0,0.0,0.0,1.0
73953,0,1,3400,-69,69,491,10,15,0.50,5632.000000,0,27,14,0.0,31040.000000,0,0.0,0.0,0.0,1.0
74202,0,1,3400,-69,69,491,15,15,1.7,1312.000000,50,27,14,0.0,11936.000000,50,0.0,0.0,0.0,1.0
74451,0,1,3400,-69,69,491,13,15,1.2,5504.000000,0,27,7.5,0.0,26752.000000,0,0.0,0.0,0.0,1.0
74700,0,1,3400,-69,69,492,10,15,0.50,11072.000000,0,27,0.0,0.0,0.0,0.0,0.0,0.0,0.0,1.0
74949,0,1,3400,-69,69,493,10,15,0.53,16576.000000,0,27,0.0,0.0,0.0,0.0,0.0,0.0,0.0,1.0
75198,0,1,3400,-69,69,490,10,14,0.73,5536.000000,0,27,0.056,186,0.0,0.0,0.0,0.0,0.0,1.0
75447,0,1,3400,-70,70,489,8.2,14,1.1,11168.000000,10,27,11,0.0,123968.000000,18,0.0,0.0,0.0,1.0
75696,0,1,3400,-70,70,494,12,14,1.3,23136.000000,5,27,12,0.0,0.0,0.0,0.0,0.0,0.0,1.0
75945,0,1,3400,-70,70,493,11,14,0.53,7840.000000,14,27,12,0.0,0.0,0.0,0.0,0.0,0.0,1.0
76194,0,1,3400,-70,70,491,11,14,0.50,11264.000000,0,27,13,0.0,13504.000000,44,0.0,0.0,0.0,1.0
76443,0,1,3400,-70,70,490,9.3,14,0.51,7584.000000,14,27,7.9,0.0,0.0,0.0,0.0,0.0,0.0,1.0
76692,0,1,3400,-70,70,489,11,14,1.1,23008.000000,6,27,7.3,0.0,11936.000000,0,0.0,0.0,0.0,1.0
76941,0,1,3400,-70,70,488,9.8,14,0.50,11360.000000,0,27,6.0,0.0,0.0,0.0,0.0,0.0,0.0,1.0
77190,0,1,3400,-70,70,489,13,14,1.7,19072.000000,6,27,5.8,0.0,16288.000000,0,0.0,0.0,0.0,1.0
77439,0,1,3400,-70,70,489,9.8,14,0.50,5600.000000,0,27,0.028,0.0,0.0,0.0,0.0,0.0,0.0,1.0
77688,0,1,3400,-70,70,489,11,14,1.2,11168.000000,18,27,3.4,0.0,17056.000000,33,0.0,0.0,0.0,1.0
77937,0,1,3400,-70,70,492,8.7,14,0.70,6880.000000,22,27,7.5,0.0,0.0,0.0,0.0,0.0,0.0,1.0
78186,0,1,3400,-70,70,491,8.3,14,0.50,5760.000000,0,27,7.0,0.0,14976.000000,0,0.0,0.0,0.0,1.0
78435,0,1,3400,-70,70,489,8.5,13,0.50,0.0,0.0,27,0.0,0.0,2880.000000,0,0.0,0.0,0.0,1.0
78684,0,1,3400,-70,70,488,9.0,14,0.50,5600.000000,0,27,0.028,0.0,0.0,0.0,0.0,0.0,0.0,1.0
78933,0,1,3400,-70,70,491,13,14,1.4,6368.000000,50,27,0.028,0.0,0.0,0.0,0.0,0.0,0.0,1.0
79182,0,1,3400,-70,70,488,9.1,14,0.97,7808.000000,12,27,9.6,0.0,23488.000000,20,0.0,0.0,0.0,1.0
79431,0,1,3400,-69,69,487,8.7,14,0.63,17248.000000,0,27,7.5,0.0,2592.000000,0,0.0,0.0,0.0,1.0
79680,0,1,3400,-69,69,488,11,14,0.75,10720.000000,0,27,6.5,0.0,1568.000000,0,0.0,0.0,0.0,1.0
79929,0,1,3400,-69,69,489,12,14,0.74,16864.000000,7,27,6.0,0.0,0.0,0.0,0.0,0.0,0.0,1.0
80178,0,1,3400,-69,69,488,16,14,1.7,6368.000000,50,27,2.6,0.0,1568.000000,0,0.0,0.0,0.0,1.0
80427,0,1,3400,-70,70,486,13,14,1.2,12864.000000,11,27,1.7,0.0,9376.000000,22,0.0,0.0,0.0,1.0
80676,0,1,3400,-70,70,487,15,13,2.2,1600.000000,50,27,2.5,0.0,0.0,0.0,0.0,0.0,0.0,1.0
80925,0,1,3400,-70,70,488,14,13,2.2,0.0,0.0,27,2.5,0.0,0.0,0.0,0.0,0.0,0.0,1.0
81174,0,1,3400,-70,70,489,9.4,13,0.56,11360.000000,0,27,5.1,0.0,23552.000000,31,0.0,0.0,0.0,1.0
81423,0,1,3400,-70,70,489,11,13,0.75,26208.000000,5,27,1.5,0.0,0.0,0.0,0.0,0.0,0.0,1.0
81672,0,1,3400,-70,70,485,11,13,1.1,14752.000000,13,27,1.5,0.0,0.0,0.0,0.0,0.0,0.0,1.0
81921,0,1,3400,-70,70,486,24,13,3.2,5856.000000,0,27,1.5,0.0,0.0,0.0,0.0,0.0,0.0,1.0
82170,0,1,3400,-70,70,488,11,13,0.78,7424.000000,20,27,1.8,0.0,1568.000000,40,0.0,0.0,0.0,1.0
82419,0,1,3400,-70,70,487,12,13,1.3,3392.000000,33,27,8.0,0.0,0.0,100.000000,0.0,0.0,0.0,1.0
82668,0,1,3400,-70,70,487,11,13,0.93,21120.000000,0,27,8.0,0.0,0.0,0.0,0.0,0.0,0.0,1.0
82917,0,1,3400,-70,70,481,9.2,13,0.50,11392.000000,0,27,8.0,0.0,0.0,0.0,0.0,0.0,0.0,1.0
83166,0,1,3400,-70,70,484,13,13,1.5,10336.000000,36,27,12,0.0,110208.000000,39,0.0,0.0,0.0,1.0
83415,0,1,3400,-69,69,485,16,14,1.9,11872.000000,40,27,14,0.0,0.0,0.0,0.0,0.0,0.0,1.0
83664,0,1,3400,-69,69,486,15,14,1.5,2688.000000,60,27,14,0.0,0.0,0.0,0.0,0.0,0.0,1.0
83913,0,1,3400,-69,69,487,17,14,2.1,10144.000000,0,27,14,0.0,0.0,0.0,0.0,0.0,0.0,1.0
84162,0,1,3400,-69,69,489,9.8,14,0.50,6432.000000,0,27,6.4,0.0,11424.000000,0,0.0,0.0,0.0,1.0
84411,0,1,3400,-69,69,489,9.7,14,0.72,9024.000000,25,27,0.028,0.0,0.0,0.0,0.0,0.0,0.0,1.0
84660,0,1,3400,-69,69,491,12,14,0.85,13344.000000,11,27,0.0,0.0,0.0,0.0,0.0,0.0,0.0,1.0
84909,0,1,3400,-69,69,493,10,14,0.50,0.0,0.0,27,0.0,0.0,0.0,0.0,0.0,0.0,0.0,1.0
85158,0,1,3400,-69,69,496,12,14,0.54,22016.000000,0,27,3.9,0.0,30304.000000,0,0.0,0.0,0.0,1.0
85407,0,1,3400,-69,69,498,13,14,0.58,9792.000000,0,27,8.0,0.0,0.0,0.0,0.0,0.0,0.0,1.0
85656,0,1,3400,-68,68,498,16,15,1.8,14432.000000,12,27,8.0,0.0,0.0,0.0,0.0,0.0,0.0,1.0
85905,0,1,3400,-68,68,498,10,15,0.54,22208.000000,0,27,8.0,0.0,0.0,0.0,0.0,0.0,0.0,1.0
86154,0,1,3400,-68,68,494,10,15,0.50,0.0,0.0,27,8.0,0.0,0.0,0.0,0.0,0.0,0.0,1.0
86403,0,1,3400,-68,68,492,10,15,0.52,10848.000000,0,27,6.4,0.0,7456.000000,0,0.0,0.0,0.0,1.0
86652,0,1,3400,-68,68,489,13,15,1.00,15872.000000,0,27,1.5,0.0,0.0,0.0,0.0,0.0,0.0,1.0
86901,0,1,3400,-68,68,489,17,15,0.92,5504.000000,0,27,5.7,0.0,11936.000000,0,0.0,0.0,0.0,1.0
87150,0,1,3400,-68,68,489,10,15,0.50,5536.000000,0,27,7.2,0.0,0.0,67,0.0,0.0,0.0,1.0
87399,0,1,3400,-68,68,490,10,15,0.50,11040.000000,0,27,1.9,0.0,17472.000000,0,0.0,0.0,0.0,1.0
87648,0,1,3400,-68,68,490,11,15,0.52,5312.000000,0,27,1.6,0.0,0.0,0.0,0.0,0.0,0.0,1.0
87897,0,1,3400,-68,68,486,11,15,0.56,18368.000000,8,27,1.6,0.0,0.0,0.0,0.0,0.0,0.0,1.0
88146,0,1,3400,-68,68,488,9.7,15,0.51,5536.000000,0,27,1.6,0.0,29760.000000,0,0.0,0.0,0.0,1.0
88395,0,1,3400,-68,68,490,14,14,0.72,16000.000000,0,27,1.1,0.0,1504.000000,0,0.0,0.0,0.0,1.0
88644,0,1,3400,-68,68,488,9.1,15,0.55,10848.000000,0,27,2.1,0.0,0.0,0.0,0.0,0.0,0.0,1.0
88893,0,1,3400,-68,68,488,10,14,0.60,22208.000000,6,27,1.4,0.0,1568.000000,0,0.0,0.0,0.0,1.0
89142,0,1,3400,-68,68,485,11,15,1.2,10976.000000,12,27,1.1,0.0,16128.000000,0,0.0,0.0,0.0,1.0
89391,0,1,3400,-68,68,485,16,14,1.2,16544.000000,0,27,1.0,0.0,0.0,0.0,0.0,0.0,0.0,1.0
89640,0,1,3400,-68,68,487,14,14,1.5,5792.000000,0,27,1.1,0.0,1568.000000,0,0.0,0.0,0.0,1.0
89889,0,1,3400,-68,68,489,8.2,14,1.4,16704.000000,7,27,1.0,0.0,0.0,0.0,0.0,0.0,0.0,1.0
90138,0,1,3400,-68,68,486,11,14,1.2,21824.000000,7,27,3.8,0.0,16032.000000,0,0.0,0.0,0.0,1.0
90387,0,1,3400,-68,68,488,10,15,0.50,5504.000000,0,27,3.2,0.0,1568.000000,0,0.0,0.0,0.0,1.0
90636,0,1,3400,-68,68,490,10,14,0.50,11040.000000,0,27,0.0,0.0,0.0,0.0,0.0,0.0,0.0,1.0
90885,0,1,3400,-68,68,491,10.0,15,0.51,576,50,27,0.17,0.0,0.0,0.0,0.0,0.0,0.0,1.0
91134,0,1,3400,-68,68,486,9.5,15,0.50,11072.000000,0,27,0.052,0.0,6176.000000,0,0.0,0.0,0.0,1.0
91383,0,1,3400,-68,68,486,13,15,0.73,21728.000000,0,27,0.14,0.0,0.0,0.0,0.0,0.0,0.0,1.0
91632,0,1,3400,-67,67,488,11,15,0.70,11456.000000,0,27,0.0,0.0,0.0,0.0,0.0,0.0,0.0,1.0
91881,0,1,3400,-67,67,487,16,15,0.85,16064.000000,0,27,0.028,0.0,0.0,0.0,0.0,0.0,0.0,1.0
92130,0,1,3400,-67,67,487,13,15,0.83,13152.000000,22,27,0.088,0.0,8736.000000,0,0.0,0.0,0.0,1.0
92379,0,1,3400,-68,68,488,16,15,2.2,21792.000000,0,27,0.056,0.0,0.0,0.0,0.0,0.0,0.0,1.0
92628,0,1,3400,-68,68,490,20,14,2.7,0.0,0.0,27,0.028,0.0,896,0,0.0,0.0,0.0,1.0
92877,0,1,3400,-68,68,488,13,14,2.6,4864.000000,60,27,0.17,0.0,896,0,0.0,0.0,0.0,1.0
93126,0,1,3400,-68,68,491,11,14,0.70,18848.000000,0,27,0.12,0.0,10752.000000,0,0.0,0.0,0.0,1.0
93375,0,1,3400,-69,69,489,9.3,14,1.9,8544.000000,50,27,0.084,0.0,1568.000000,0,0.0,0.0,0.0,1.0
93624,0,1,3400,-69,69,489,16,13,1.7,2208.000000,50,27,0.084,0.0,0.0,0.0,0.0,0.0,0.0,1.0
93873,0,1,3400,-69,69,488,9.9,13,0.77,10912.000000,12,27,0.084,0.0,1568.000000,0,0.0,0.0,0.0,1.0
94122,0,1,3400,-69,69,489,11,13,2.2,13376.000000,18,27,3.3,0.0,0.0,80,0.0,0.0,0.0,1.0
94371,0,1,3400,-70,70,488,11,13,0.91,18592.000000,23,27,6.0,0.0,0.0,0.0,0.0,0.0,0.0,1.0
94620,0,1,3400,-70,70,486,12,12,3.3,3392.000000,50,27,5.9,0.0,0.0,0.0,0.0,0.0,0.0,1.0
94869,0,1,3400,-70,70,487,14,12,2.0,5056.000000,50,27,6.0,0.0,0.0,0.0,0.0,0.0,0.0,1.0
95118,0,1,3400,-70,70,488,7.9,12,0.65,13376.000000,9,27,5.7,0.0,10080.000000,0,0.0,0.0,0.0,1.0
95367,0,1,3400,-70,70,485,10,12,1.5,13824.000000,13,27,4.1,0.0,2592.000000,0,0.0,0.0,0.0,1.0
95616,0,1,3400,-70,70,486,15,12,1.4,7520.000000,25,27,3.5,0.0,1568.000000,0,0.0,0.0,0.0,1.0
95865,0,1,3400,-70,70,487,9.6,12,2.4,2208.000000,67,27,3.0,0.0,0.0,0.0,0.0,0.0,0.0,1.0
96114,0,1,3400,-70,70,490,9.0,12,2.2,0.0,0.0,27,3.1,0.0,0.0,0.0,0.0,0.0,0.0,1.0
96363,0,1,3400,-70,70,491,12,12,2.0,8320.000000,20,27,3.0,186,1568.000000,0,0.0,0.0,0.0,1.0
96612,0,1,3400,-71,71,487,14,12,2.4,1952.000000,67,27,0.24,0.0,13184.000000,0,0.0,0.0,0.0,1.0
96861,0,1,3400,-71,71,486,8.8,11,3.1,288,50,27,0.11,0.0,0.0,0.0,0.0,0.0,0.0,1.0
97110,0,1,3400,-71,71,487,11,11,1.5,14944.000000,5,27,0.11,0.0,13184.000000,0,0.0,0.0,0.0,1.0
97359,0,1,3400,-71,71,486,12,11,1.8,288,50,27,0.056,0.0,0.0,0.0,0.0,0.0,0.0,1.0
97608,0,1,3400,-72,72,485,7.5,11,1.1,24832.000000,3,27,0.17,0.0,1568.000000,0,0.0,0.0,0.0,1.0
97857,0,1,3400,-72,72,484,5.2,10,0.99,6208.000000,10,27,0.084,0.0,896,0,0.0,0.0,0.0,1.0
98106,0,1,3400,-72,72,486,7.9,11,0.88,29600.000000,0,27,2.9,0.0,31296.000000,0,0.0,0.0,0.0,1.0
98355,0,1,3400,-72,72,487,6.6,11,0.91,17312.000000,11,27,4.6,0.0,0.0,0.0,0.0,0.0,0.0,1.0
98604,0,1,3400,-72,72,486,9.5,11,1.7,8448.000000,18,27,4.5,0.0,0.0,0.0,0.0,0.0,0.0,1.0
98853,0,1,3400,-72,72,485,8.6,11,1.0,12416.000000,0,27,4.5,0.0,0.0,0.0,0.0,0.0,0.0,1.0
99102,0,1,3400,-72,72,483,5.7,11,0.54,10432.000000,6,27,4.1,0.0,27488.000000,7,0.0,0.0,0.0,1.0
99351,0,1,3400,-71,71,479,6.2,11,0.64,22336.000000,3,27,4.5,0.0,1568.000000,0,0.0,0.0,0.0,1.0
99600,0,1,3400,-71,71,482,5.9,11,2.0,6208.000000,10,27,4.5,0.0,1568.000000,0,0.0,0.0,0.0,1.0
99849,0,1,3400,-71,71,487,4.0,11,2.2,0.0,0.0,27,4.3,0.0,896,0,0.0,0.0,0.0,1.0
100098,0,1,3400,-71,71,487,7.3,11,1.00,20352.000000,7,27,0.92,0.0,11904.000000,0,0.0,0.0,0.0,1.0
100347,0,1,3400,-71,71,484,11,11,1.0,29088.000000,10,27,2.0,0.0,0.0,0.0,0.0,0.0,0.0,1.0
100596,0,1,3400,-71,71,487,12,11,0.66,6208.000000,0,27,2.1,0.0,0.0,0,0.0,0.0,0.0,1.0
100845,0,1,3400,-71,71,485,10.0,11,1.2,1952.000000,50,27,1.1,0.0,896,0,0.0,0.0,0.0,1.0
101094,0,1,3400,-71,71,486,16,12,2.0,5728.000000,20,27,1.6,0.0,2592.000000,0,0.0,0.0,0.0,1.0
101343,0,1,3400,-70,70,486,8.1,12,0.79,19072.000000,4,27,1.3,0.0,14112.000000,0,0.0,0.0,0.0,1.0
101592,0,1,3400,-70,70,484,7.0,12,0.50,13248.000000,0,27,1.1,0.0,0.0,0.0,0.0,0.0,0.0,1.0
101841,0,1,3400,-70,70,481,18,12,2.3,3360.000000,50,27,1.0,0.0,0.0,0.0,0.0,0.0,0.0,1.0
102090,0,1,3400,-70,70,485,15,12,2.2,8416.000000,17,27,5.9,0.0,1792.000000,44,0.0,0.0,0.0,1.0
102339,0,1,3400,-71,71,481,9.5,12,2.0,19712.000000,3,27,16,0.0,0.0,0.0,0.0,0.0,0.0,1.0
102588,0,1,3400,-71,71,484,5.5,12,0.50,29664.000000,0,27,16,0.0,0.0,0.0,0.0,0.0,0.0,1.0
102837,0,1,3400,-71,71,484,5.5,11,0.74,18624.000000,4,27,16,0.0,0.0,0.0,0.0,0.0,0.0,1.0
103086,0,1,3400,-71,71,484,8.5,11,1.0,6496.000000,9,27,15,0.0,2592.000000,0,0.0,0.0,0.0,1.0
103335,0,1,3400,-71,71,483,8.3,11,1.0,17344.000000,0,27,5.1,0.0,29280.000000,0,0.0,0.0,0.0,1.0
103584,0,1,3400,-71,71,486,5.4,11,0.50,20512.000000,0,27,0.056,0.0,0.0,0.0,0.0,0.0,0.0,1.0
103833,0,1,3400,-71,71,487,5.5,11,0.50,5504.000000,0,27,0.0,0.0,0.0,0.0,0.0,0.0,0.0,1.0
104082,0,1,3400,-71,71,486,5.6,11,0.50,24832.000000,0,27,0.14,0.0,9760.000000,0,0.0,0.0,0.0,1.0
104331,0,1,3400,-71,71,483,5.5,11,0.50,6208.000000,0,27,0.056,0.0,1568.000000,0,0.0,0.0,0.0,1.0
104580,0,1,3400,-71,71,484,5.6,11,0.50,4928.000000,0,27,0.0,0.0,0.0,0.0,0.0,0.0,0.0,1.0
104829,0,1,3400,-71,71,487,9.0,11,0.91,38208.000000,4,27,0.37,0.0,1504.000000,0,0.0,0.0,0.0,1.0
105078,0,1,3400,-71,71,483,7.7,11,0.71,30720.000000,0,27,0.50,0.0,13856.000000,0,0.0,0.0,0.0,1.0
105327,0,1,3400,-71,71,484,4.6,11,1.5,6432.000000,9,27,0.11,0.0,0.0,0.0,0.0,0.0,0.0,1.0
105576,0,1,3400,-71,71,484,5.0,12,1.0,8608.000000,24,27,0.17,0.0,1568.000000,0,0.0,0.0,0.0,1.0
105825,0,1,3400,-71,71,484,5.3,11,0.50,28864.000000,0,27,0.17,0.0,896,0,0.0,0.0,0.0,1.0
106074,0,1,3400,-71,71,485,5.5,11,0.50,6208.000000,0,27,0.11,0.0,14112.000000,0,0.0,0.0,0.0,1.0
106323,0,1,3400,-71,71,483,5.5,11,0.50,6208.000000,0,27,0.14,0.0,0.0,0.0,0.0,0.0,0.0,1.0
106572,0,1,3400,-71,71,487,6.2,11,0.57,12544.000000,5,27,0.028,0.0,1568.000000,0,0.0,0.0,0.0,1.0
106821,0,1,3400,-71,71,484,5.7,11,0.50,12384.000000,0,27,0.056,0.0,0.0,0.0,0.0,0.0,0.0,1.0
107070,0,1,3400,-71,71,483,6.3,11,0.50,11072.000000,0,27,0.036,0.0,9088.000000,0,0.0,0.0,0.0,1.0
107319,0,1,3400,-71,71,483,4.8,11,0.95,12960.000000,5,27,1.0,0.0,4160.000000,0,0.0,0.0,0.0,1.0
107568,0,1,3400,-71,71,481,11,11,1.6,16896.000000,11,27,1.2,0.0,0.0,0.0,0.0,0.0,0.0,1.0
107817,0,1,3400,-71,71,485,5.6,11,0.50,20576.000000,0,27,1.1,0.0,0.0,0.0,0.0,0.0,0.0,1.0
108066,0,1,3400,-71,71,484,5.5,11,0.50,12416.000000,0,27,7.5,0.0,22112.000000,28,0.0,0.0,0.0,1.0
108315,0,1,3400,-71,71,485,5.5,11,0.50,6208.000000,0,27,12,0.0,1568.000000,0,0.0,0.0,0.0,1.0
108564,0,1,3400,-71,71,484,5.6,11,0.50,12416.000000,0,27,6.5,0.0,0.0,0.0,0.0,0.0,0.0,1.0
108813,0,1,3400,-71,71,485,5.5,11,0.50,24736.000000,0,27,6.6,0.0,896,0,0.0,0.0,0.0,1.0
109062,0,1,3400,-71,71,483,6.9,11,0.63,6944.000000,10,27,6.5,0.0,0.0,0.0,0.0,0.0,0.0,1.0
109311,0,1,3400,-71,71,482,5.7,11,0.50,43776.000000,0,27,0.60,0.0,9664.000000,0,0.0,0.0,0.0,1.0
109560,0,1,3400,-71,71,481,4.7,11,0.50,2816.000000,0,27,0.096,0.0,0.0,0.0,0.0,0.0,0.0,1.0
109809,0,1,3400,-71,71,483,10,12,1.5,10720.000000,11,27,0.24,0.0,0.0,0.0,0.0,0.0,0.0,1.0
110058,0,1,3400,-71,71,482,8.2,12,1.1,6208.000000,0,27,0.14,0.0,12544.000000,0,0.0,0.0,0.0,1.0
110307,0,1,3400,-70,70,485,5.4,12,0.67,6208.000000,10,27,0.14,0.0,0.0,0.0,0.0,0.0,0.0,1.0
110556,0,1,3400,-70,70,485,7.0,12,0.61,7968.000000,0,27,0.096,0.0,0.0,0.0,0.0,0.0,0.0,1.0
110805,0,1,3400,-70,70,486,10,12,1.1,14304.000000,14,27,0.19,0.0,0.0,0.0,0.0,0.0,0.0,1.0
111054,0,1,3400,-70,70,487,15,12,2.9,6624.000000,57,27,0.096,0.0,1568.000000,0,0.0,0.0,0.0,1.0
111303,0,1,3400,-70,70,484,8.4,12,2.7,11456.000000,15,27,0.048,0.0,13024.000000,0,0.0,0.0,0.0,1.0
111552,0,1,3400,-70,70,482,5.1,12,1.7,5472.000000,25,27,0.048,0.0,0.0,0.0,0.0,0.0,0.0,1.0
111801,0,1,3400,-70,70,482,11,12,2.6,5472.000000,40,27,0.34,0.0,1568.000000,0,0.0,0.0,0.0,1.0
112050,0,1,3400,-70,70,481,10,13,2.3,11328.000000,0,27,0.14,0.0,15008.000000,0,0.0,0.0,0.0,1.0
112299,0,1,3400,-69,69,483,8.0,13,0.57,16960.000000,6,27,0.096,0.0,0.0,0.0,0.0,0.0,0.0,1.0
112548,0,1,3400,-69,69,483,7.8,13,1.2,11360.000000,9,27,0.096,0.0,0.0,0,0.0,0.0,0.0,1.0
112797,0,1,3400,-69,69,485,6.6,13,1.5,21504.000000,5,27,0.0,0.0,1568.000000,0,0.0,0.0,0.0,1.0
113046,0,1,3400,-69,69,482,6.3,13,0.63,15584.000000,6,27,0.096,0.0,13568.000000,0,0.0,0.0,0.0,1.0
113295,0,1,3400,-69,69,484,9.6,13,0.66,45312.000000,2,27,0.19,0.0,0.0,0.0,0.0,0.0,0.0,1.0
113544,0,1,3400,-69,69,487,6.3,13,0.50,5856.000000,0,27,0.096,0.0,0.0,0.0,0.0,0.0,0.0,1.0
113793,0,1,3400,-69,69,484,5.6,13,0.50,17184.000000,0,27,0.048,0.0,0.0,0.0,0.0,0.0,0.0,1.0
114042,0,1,3400,-69,69,484,6.3,13,0.50,15136.000000,0,27,0.14,186,0.0,0.0,0.0,0.0,0.0,1.0
114291,0,1,3400,-69,69,486,7.6,13,0.71,13504.000000,7,27,0.076,0.0,11808.000000,0,0.0,0.0,0.0,1.0
114540,0,1,3400,-69,69,483,6.5,13,0.77,0.0,100.000000,27,0.24,0.0,0.0,0,0.0,0.0,0.0,1.0
114789,0,1,3400,-69,69,485,6.4,13,2.3,1024.000000,67,27,0.19,0.0,1568.000000,0,0.0,0.0,0.0,1.0
115038,0,1,3400,-69,69,484,8.1,13,0.65,20736.000000,5,27,2.7,0.0,22272.000000,32,0.0,0.0,0.0,1.0
115287,0,1,3400,-69,69,483,6.4,13,1.3,11520.000000,0,27,0.096,0.0,0.0,0.0,0.0,0.0,0.0,1.0
115536,0,1,3400,-69,69,482,9.4,13,0.54,5600.000000,17,27,0.24,0.0,1568.000000,0,0.0,0.0,0.0,1.0
115785,0,1,3400,-69,69,481,6.8,13,0.78,23136.000000,0,27,0.096,0.0,0.0,0.0,0.0,0.0,0.0,1.0
116034,0,1,3400,-69,69,481,8.0,13,0.76,22624.000000,5,27,0.55,0.0,16160.000000,0,0.0,0.0,0.0,1.0
116283,0,1,3400,-69,69,483,8.0,13,0.61,12128.000000,0,27,1.8,0.0,0.0,75,0.0,0.0,0.0,1.0
116532,0,1,3400,-69,69,483,7.0,13,0.56,28384.000000,4,27,7.0,0.0,0.0,100.000000,0.0,0.0,0.0,1.0
116781,0,1,3400,-69,69,481,6.1,13,1.3,11712.000000,8,27,7.0,0.0,0.0,0.0,0.0,0.0,0.0,1.0
117030,0,1,3400,-69,69,479,7.5,13,1.6,5600.000000,0,27,1.0,0.0,13856.000000,0,0.0,0.0,0.0,1.0
117279,0,1,3400,-69,69,482,5.7,13,1.7,11392.000000,15,27,0.14,0.0,0.0,0.0,0.0,0.0,0.0,1.0
117528,0,1,3400,-69,69,483,5.3,13,2.5,10752.000000,0,27,0.0,0.0,896,0,0.0,0.0,0.0,1.0
117777,0,1,3400,-69,69,485,8.7,13,0.50,5312.000000,0,27,0.0,0.0,0.0,0.0,0.0,0.0,0.0,1.0
118026,0,1,3400,-69,69,482,10.0,13,0.73,21120.000000,0,27,0.12,0.0,11616.000000,0,0.0,0.0,0.0,1.0
118275,0,1,3400,-69,69,484,14,13,1.7,21408.000000,0,27,0.14,0.0,0.0,0.0,0.0,0.0,0.0,1.0
118524,0,1,3400,-69,69,483,9.1,13,0.50,21440.000000,0,27,0.0,0.0,0.0,0.0,0.0,0.0,0.0,1.0
118773,0,1,3400,-69,69,480,6.9,13,0.50,11136.000000,0,27,3.1,0.0,9376.000000,0,0.0,0.0,0.0,1.0
119022,0,1,3400,-69,69,483,6.9,13,0.50,22016.000000,0,27,4.2,0.0,26368.000000,0,0.0,0.0,0.0,1.0
119271,0,1,3400,-70,70,485,6.5,13,0.50,10784.000000,0,27,4.0,0.0,0.0,0.0,0.0,0.0,0.0,1.0
119520,0,1,3400,-70,70,478,9.0,13,0.54,43040.000000,0,27,2.1,0.0,1568.000000,0,0.0,0.0,0.0,1.0
119769,0,1,3400,-70,70,483,7.0,12,0.50,0.0,0.0,27,2.1,0.0,0.0,0.0,0.0,0.0,0.0,1.0
120018,0,1,3400,-70,70,484,16,12,2.1,0.0,100.000000,27,2.1,0.0,0.0,0.0,0.0,0.0,0.0,1.0
120267,0,1,3400,-70,70,484,12,12,1.6,5536.000000,0,27,1.8,0.0,12288.000000,0,0.0,0.0,0.0,1.0
120516,0,1,3400,-71,71,480,4.8,12,0.50,11136.000000,0,27,1.0,0.0,0.0,0.0,0.0,0.0,0.0,1.0
120765,0,1,3400,-71,71,483,4.5,11,0.50,5536.000000,0,27,1.0,0.0,0.0,0.0,0.0,0.0,0.0,1.0
121014,0,1,3400,-71,71,480,4.6,12,0.50,16608.000000,0,27,5.0,0.0,0.0,80,0.0,0.0,0.0,1.0
121263,0,1,3400,-71,71,481,4.5,11,0.50,16608.000000,0,27,8.0,0.0,0.0,0.0,0.0,0.0,0.0,1.0
121512,0,1,3400,-71,71,482,6.6,11,0.71,16224.000000,0,27,8.0,0.0,2592.000000,0,0.0,0.0,0.0,1.0
121761,0,1,3400,-71,71,484,4.6,12,0.50,11072.000000,0,27,4.3,0.0,1568.000000,0,0.0,0.0,0.0,1.0
122010,0,1,3400,-71,71,485,4.2,11,0.50,5632.000000,0,27,1.1,0.0,20576.000000,0,0.0,0.0,0.0,1.0
122259,0,1,3400,-71,71,482,4.8,12,0.50,22048.000000,0,27,0.0,0.0,0.0,0.0,0.0,0.0,0.0,1.0
122508,0,1,3400,-71,71,481,4.5,11,0.50,5536.000000,0,27,0.0,0.0,0.0,0.0,0.0,0.0,0.0,1.0
122757,0,1,3400,-71,71,483,4.7,11,0.50,5760.000000,0,27,0.85,0.0,2592.000000,0,0.0,0.0,0.0,1.0
123006,0,1,3400,-71,71,483,4.8,11,0.50,11072.000000,0,27,9.4,0.0,43456.000000,30,0.0,0.0,0.0,1.0
123255,0,1,3400,-71,71,483,4.5,11,0.50,0.0,0.0,27,14,0.0,0.0,0.0,0.0,0.0,0.0,1.0
123504,0,1,3400,-72,72,482,4.6,11,0.50,11072.000000,0,27,14,0.0,0.0,0.0,0.0,0.0,0.0,1.0
123753,0,1,3400,-72,72,480,4.6,11,0.51,11072.000000,11,27,14,0.0,0.0,0.0,0.0,0.0,0.0,1.0
124002,0,1,3400,-72,72,479,4.6,11,0.51,0.0,0.0,27,14,0.0,0.0,0.0,0.0,0.0,0.0,1.0
124251,0,1,3400,-72,72,481,4.6,11,0.50,11072.000000,0,27,6.8,0.0,19328.000000,0,0.0,0.0,0.0,1.0
124500,0,1,3400,-72,72,483,4.7,11,0.50,16704.000000,0,27,2.0,0.0,0.0,0.0,0.0,0.0,0.0,1.0
124749,0,1,3400,-72,72,483,3.8,11,0.51,11392.000000,0,27,2.0,0.0,0.0,0.0,0.0,0.0,0.0,1.0
124998,0,1,3400,-72,72,480,5.5,11,0.50,11136.000000,0,27,2.2,0.0,1504.000000,25,0.0,0.0,0.0,1.0
125247,0,1,3400,-71,71,480,5.0,11,0.51,33280.000000,0,27,0.22,0.0,12032.000000,0,0.0,0.0,0.0,1.0
125496,0,1,3400,-71,71,483,5.0,11,0.50,28224.000000,0,27,0.0,0.0,0.0,0.0,0.0,0.0,0.0,1.0
125745,0,1,3400,-71,71,481,5.5,12,0.51,22272.000000,0,27,0.0,0.0,0.0,0.0,0.0,0.0,0.0,1.0
125994,0,1,3400,-71,71,482,4.4,12,0.50,27104.000000,0,27,2.2,0.0,15648.000000,0,0.0,0.0,0.0,1.0
126243,0,1,3400,-70,70,482,5.2,12,0.50,11872.000000,0,27,3.5,0.0,0.0,0.0,0.0,0.0,0.0,1.0
126492,0,1,3400,-70,70,482,6.6,12,0.51,16704.000000,0,27,1.6,0.0,1568.000000,0,0.0,0.0,0.0,1.0
126741,0,1,3400,-70,70,482,7.9,12,0.53,16352.000000,0,27,3.8,0.0,11936.000000,0,0.0,0.0,0.0,1.0
126990,0,1,3400,-70,70,483,7.5,12,0.50,5632.000000,0,27,8.6,0.0,31200.000000,25,0.0,0.0,0.0,1.0
127239,0,1,3400,-70,70,483,7.5,12,0.50,0.0,0.0,27,8.5,0.0,0.0,0.0,0.0,0.0,0.0,1.0
127488,0,1,3400,-70,70,484,4.6,12,0.50,5536.000000,0,27,8.5,0.0,0.0,0.0,0.0,0.0,0.0,1.0
127737,0,1,3400,-70,70,481,8.2,12,0.50,16320.000000,0,27,8.5,0.0,0.0,0.0,0.0,0.0,0.0,1.0
127986,0,1,3400,-70,70,478,7.1,12,0.50,33280.000000,0,27,5.2,0.0,24352.000000,0,0.0,0.0,0.0,1.0
128235,0,1,3400,-70,70,473,7.6,12,0.51,27136.000000,0,27,3.7,0.0,1568.000000,0,0.0,0.0,0.0,1.0
128484,0,1,3400,-71,71,472,7.7,12,0.98,5536.000000,20,27,2.0,0.0,0.0,0.0,0.0,0.0,0.0,1.0
128733,0,1,3400,-71,71,480,4.6,12,0.50,27776.000000,0,27,2.0,0.0,1568.000000,0,0.0,0.0,0.0,1.0
128982,0,1,3400,-71,71,481,6.3,12,0.50,11232.000000,0,27,1.7,0.0,16096.000000,0,0.0,0.0,0.0,1.0
129231,0,1,3400,-70,70,479,8.2,12,0.50,11008.000000,0,27,0.99,0.0,0.0,0.0,0.0,0.0,0.0,1.0
129480,0,1,3400,-70,70,480,7.7,12,0.50,5504.000000,0,27,1.0,0.0,1568.000000,0,0.0,0.0,0.0,1.0
129729,0,1,3400,-70,70,479,7.5,13,0.50,0.0,0.0,27,1.0,0.0,0.0,0.0,0.0,0.0,0.0,1.0
129978,0,1,3400,-70,70,478,7.6,13,0.50,10880.000000,0,27,1.4,0.0,1568.000000,57,0.0,0.0,0.0,1.0
130227,0,1,3400,-70,70,480,6.2,13,0.50,16320.000000,0,27,0.12,0.0,2592.000000,0,0.0,0.0,0.0,1.0
130476,0,1,3400,-70,70,477,8.2,13,0.50,5504.000000,0,27,1.0,0.0,0.0,0.0,0.0,0.0,0.0,1.0
130725,0,1,3400,-70,70,477,6.7,13,0.50,10944.000000,0,27,1.0,0.0,0.0,0.0,0.0,0.0,0.0,1.0
130974,0,1,3400,-70,70,481,7.2,12,0.50,10912.000000,0,27,7.8,0.0,27488.000000,8,0.0,0.0,0.0,1.0
131223,0,1,3400,-70,70,484,7.6,12,0.50,10784.000000,0,27,1.0,0.0,0.0,0.0,0.0,0.0,0.0,1.0
131472,0,1,3400,-70,70,482,7.8,13,0.50,10880.000000,0,27,0.99,0.0,0.0,0.0,0.0,0.0,0.0,1.0
131721,0,1,3400,-70,70,478,6.6,12,0.50,27552.000000,0,27,1.0,0.0,0.0,0.0,0.0,0.0,0.0,1.0
131970,0,1,3400,-70,70,481,6.7,13,0.50,10816.000000,0,27,1.0,0.0,0.0,0.0,0.0,0.0,0.0,1.0
132219,0,1,3400,-70,70,484,6.6,13,0.50,5504.000000,0,27,1.00,186,0.0,0.0,0.0,0.0,0.0,1.0
132468,0,1,3400,-70,70,482,7.5,12,0.50,16640.000000,0,27,4.1,0.0,23776.000000,0,0.0,0.0,0.0,1.0
132717,0,1,3400,-70,70,480,6.8,13,0.50,11200.000000,0,27,12,0.0,3360.000000,0,0.0,0.0,0.0,1.0
132966,0,1,3400,-70,70,479,5.5,13,0.50,11136.000000,0,27,6.6,0.0,11296.000000,0,0.0,0.0,0.0,1.0
133215,0,1,3400,-70,70,478,8.8,13,0.63,16256.000000,0,27,3.5,0.0,0.0,0.0,0.0,0.0,0.0,1.0
133464,0,1,3400,-69,69,480,7.5,13,0.50,0.0,0.0,27,3.5,0.0,0.0,0.0,0.0,0.0,0.0,1.0
133713,0,1,3400,-69,69,478,7.1,13,0.50,16384.000000,0,27,3.5,0.0,0.0,0.0,0.0,0.0,0.0,1.0
133962,0,1,3400,-69,69,480,6.5,13,0.50,0.0,0.0,27,3.5,0.0,0.0,0.0,0.0,0.0,0.0,1.0
134211,0,1,3400,-70,70,480,6.8,13,0.50,11008.000000,0,27,3.5,186,0.0,0.0,0.0,0.0,0.0,1.0
134460,0,1,3400,-70,70,481,4.0,13,0.50,24032.000000,0,27,2.9,0.0,13728.000000,0,0.0,0.0,0.0,1.0
134709,0,1,3400,-70,70,481,6.4,13,0.50,6560.000000,0,27,1.9,0.0,896,0,0.0,0.0,0.0,1.0
134958,0,1,3400,-70,70,480,4.0,13,0.50,11168.000000,0,27,1.1,0.0,13440.000000,0,0.0,0.0,0.0,1.0
135207,0,1,3400,-70,70,481,7.2,13,0.50,11008.000000,0,27,1.0,0.0,0.0,0.0,0.0,0.0,0.0,1.0
135456,0,1,3400,-70,70,482,12,13,1.3,10400.000000,0,27,1.0,0.0,0.0,0.0,0.0,0.0,0.0,1.0
135705,0,1,3400,-70,70,478,8.9,13,0.87,26848.000000,0,27,0.99,0.0,0.0,0.0,0.0,0.0,0.0,1.0
135954,0,1,3400,-70,70,479,5.1,13,0.79,10752.000000,0,27,8.9,0.0,36256.000000,19,0.0,0.0,0.0,1.0
136203,0,1,3400,-69,69,477,8.4,13,0.95,11232.000000,0,27,15,0.0,0.0,0.0,0.0,0.0,0.0,1.0
136452,0,1,3400,-69,69,481,8.5,13,0.50,0.0,0.0,27,15,0.0,0.0,0.0,0.0,0.0,0.0,1.0
136701,0,1,3400,-69,69,479,6.7,14,0.50,16608.000000,0,27,15,0.0,0.0,0.0,0.0,0.0,0.0,1.0
136950,0,1,3400,-69,69,478,7.3,13,0.50,27264.000000,0,27,10,0.0,39296.000000,35,0.0,0.0,0.0,1.0
137199,0,1,3400,-69,69,477,6.9,14,0.50,16512.000000,0,27,8.5,0.0,0.0,0.0,0.0,0.0,0.0,1.0
137448,0,1,3400,-69,69,477,8.1,14,0.50,5504.000000,0,27,8.4,0.0,0.0,0.0,0.0,0.0,0.0,1.0
137697,0,1,3400,-69,69,479,7.1,14,0.50,21824.000000,0,27,8.5,0.0,0.0,0.0,0.0,0.0,0.0,1.0
137946,0,1,3400,-69,69,479,7.3,14,0.50,5408.000000,0,27,8.2,0.0,56352.000000,19,0.0,0.0,0.0,1.0
138195,0,1,3400,-69,69,477,8.6,14,0.50,17856.000000,0,27,15,0.0,10912.000000,80,0.0,1.0,2.0,1.0
138444,0,1,3400,-68,68,479,8.2,14,0.50,15008.000000,0,27,15,0.0,0.0,0.0,0.0,0.0,0.0,1.0
138693,0,1,3400,-68,68,478,11,15,0.50,5440.000000,0,27,15,0.0,0.0,0.0,0.0,0.0,0.0,1.0
138942,0,1,3400,-68,68,481,10,15,0.50,40800.000000,0,27,8.4,0.0,13728.000000,0,0.0,1.0,0.0,1.0
139191,0,1,3400,-68,68,478,13,15,0.90,7968.000000,0,27,2.0,0.0,0.0,0.0,0.0,0.0,0.0,1.0
139440,0,1,3400,-67,67,477,12,15,0.81,5440.000000,0,27,2.0,0.0,0.0,0.0,0.0,0.0,0.0,1.0
139689,0,1,3400,-67,67,478,9.5,16,0.50,10880.000000,0,27,2.0,0.0,0.0,0.0,0.0,0.0,0.0,1.0
139938,0,1,3400,-67,67,477,10,16,0.50,13728.000000,0,27,1.5,0.0,10976.000000,0,0.0,0.0,0.0,1.0
140187,0,1,3400,-67,67,478,11,16,0.50,7584.000000,0,27,0.0,0.0,0.0,0.0,0.0,0.0,0.0,1.0
140436,0,1,3400,-66,66,477,11,16,0.50,10464.000000,0,27,0.0,0.0,1568.000000,0,0.0,0.0,0.0,1.0
140685,0,1,3400,-66,66,478,12,16,0.50,5376.000000,0,27,0.0,0.0,0.0,0.0,0.0,0.0,0.0,1.0
140934,0,1,3400,-66,66,480,13,16,0.53,18944.000000,25,27,0.0,0.0,10016.000000,0,0.0,0.0,0.0,1.0
141183,0,1,3400,-67,67,480,12,16,0.56,5376.000000,0,27,0.0,0.0,0.0,0.0,0.0,0.0,0.0,1.0
141432,0,1,3400,-67,67,478,13,16,0.53,16064.000000,0,27,0.0,0.0,0.0,0.0,0.0,0.0,0.0,1.0
141681,0,1,3400,-67,67,476,11,16,0.53,26944.000000,0,27,0.0,0.0,0.0,0.0,0.0,0.0,0.0,1.0
141930,0,1,3400,-67,67,476,13,16,0.65,10592.000000,0,27,2.1,0.0,7968.000000,0,0.0,0.0,0.0,1.0
142179,0,1,3400,-67,67,477,12,16,0.51,10688.000000,0,27,3.0,0.0,0.0,0.0,0.0,0.0,0.0,1.0
142428,0,1,3400,-66,66,474,12,16,0.50,10624.000000,0,27,3.0,0.0,0.0,0.0,0.0,0.0,0.0,1.0
142677,0,1,3400,-66,66,478,12,16,0.50,16096.000000,0,27,3.0,0.0,0.0,0.0,0.0,0.0,0.0,1.0
142926,0,1,3400,-66,66,477,12,16,0.61,31488.000000,0,27,0.90,0.0,8320.000000,0,0.0,0.0,0.0,1.0
143175,0,1,3400,-67,67,479,13,16,1.0,0.0,0.0,27,0.0,0.0,1568.000000,0,0.0,0.0,0.0,1.0
143424,0,1,3400,-67,67,477,9.8,16,0.56,16032.000000,0,27,0.0,0.0,0.0,0.0,0.0,0.0,0.0,1.0
143673,0,1,3400,-67,67,477,8.7,16,0.50,10496.000000,0,27,0.0,0.0,1568.000000,0,0.0,0.0,0.0,1.0
143922,0,1,3400,-67,67,476,10.0,15,0.60,21312.000000,0,27,0.0,0.0,10976.000000,0,0.0,0.0,0.0,1.0
144171,0,1,3400,-68,68,473,10.0,15,0.52,16064.000000,0,27,0.0,0.0,0.0,0.0,0.0,0.0,0.0,1.0
144420,0,1,3400,-68,68,475,11,15,0.50,10880.000000,0,27,0.0,0.0,0.0,0.0,0.0,0.0,0.0,1.0
144669,0,1,3400,-68,68,478,12,15,0.62,21472.000000,0,27,0.0,0.0,0.0,0.0,0.0,0.0,0.0,1.0
144918,0,1,3400,-68,68,477,13,15,0.70,5504.000000,0,27,0.032,20,4160.000000,0,0.0,0.0,0.0,1.0
145167,0,1,3400,-68,68,475,7.4,15,0.62,16608.000000,0,27,1.9,0.0,9280.000000,0,0.0,0.0,0.0,1.0
145416,0,1,3400,-68,68,478,11,15,0.51,10592.000000,0,27,2.0,0.0,0.0,0.0,0.0,0.0,0.0,1.0
145665,0,1,3400,-68,68,478,11,15,0.51,26976.000000,0,27,2.0,0.0,0.0,0.0,0.0,0.0,0.0,1.0
145914,0,1,3400,-68,68,475,11,15,0.51,5440.000000,0,27,0.72,0.0,8192.000000,0,0.0,0.0,0.0,1.0
146163,0,1,3400,-69,69,474,8.6,14,0.51,27136.000000,0,27,0.0,0.0,0.0,0.0,0.0,0.0,0.0,1.0
146412,0,1,3400,-69,69,476,5.5,14,0.53,0.0,0.0,27,0.0,0.0,0.0,0.0,0.0,0.0,0.0,1.0
146661,0,1,3400,-69,69,477,5.5,14,0.51,0.0,0.0,27,0.0,0.0,0.0,0.0,0.0,0.0,0.0,1.0
146910,0,1,3400,-69,69,479,4.9,14,0.50,5248.000000,0,27,1.8,0.0,10880.000000,0,0.0,0.0,0.0,1.0
147159,0,1,3400,-70,70,477,7.6,13,0.66,16288.000000,0,27,3.5,0.0,0.0,0.0,0.0,0.0,0.0,1.0
147408,0,1,3400,-70,70,478,7.9,14,0.53,5312.000000,0,27,3.5,0.0,0.0,0.0,0.0,0.0,0.0,1.0
147657,0,1,3400,-70,70,477,10,14,1.2,27360.000000,7,27,3.5,0.0,0.0,0.0,0.0,0.0,0.0,1.0
147906,0,1,3400,-70,70,475,11,14,0.50,0.0,0.0,27,3.5,0.0,0.0,0.0,0.0,0.0,0.0,1.0
148155,0,1,3400,-70,70,473,10,14,0.63,16000.000000,0,27,7.6,0.0,13536.000000,0,0.0,0.0,0.0,1.0
148404,0,1,3400,-70,70,473,9.9,14,0.59,18912.000000,0,27,9.5,0.0,0.0,0.0,0.0,0.0,0.0,1.0
148653,0,1,3400,-70,70,476,5.6,14,0.56,13856.000000,0,27,9.4,0.0,0.0,0.0,0.0,0.0,0.0,1.0
148902,0,1,3400,-70,70,476,6.0,14,0.57,16032.000000,0,27,9.2,0.0,4256.000000,57,0.0,0.0,0.0,1.0
149151,0,1,3400,-70,70,472,6.2,14,0.54,14464.000000,0,27,8.0,0.0,0.0,0.0,0.0,0.0,0.0,1.0
149400,0,1,3400,-70,70,479,9.2,14,0.88,6720.000000,0,27,8.0,0.0,0.0,0.0,0.0,0.0,0.0,1.0
149649,0,1,3400,-70,70,478,14,14,2.1,15968.000000,0,27,7.9,0.0,0.0,0.0,0.0,0.0,0.0,1.0
149898,0,1,3400,-70,70,477,8.0,14,0.50,5408.000000,0,27,9.2,0.0,0.0,80,0.0,0.0,0.0,1.0
150147,0,1,3400,-70,70,476,7.3,14,0.50,32192.000000,0,27,13,0.0,0.0,0.0,0.0,0.0,0.0,1.0
150396,0,1,3400,-70,70,477,6.1,14,0.50,5312.000000,0,27,13,0.0,0.0,0.0,0.0,0.0,0.0,1.0
150645,0,1,3400,-70,70,475,5.9,14,0.54,5344.000000,0,27,13,0.0,0.0,0.0,0.0,0.0,0.0,1.0
150894,0,1,3400,-70,70,475,6.9,14,0.52,16256.000000,0,27,11,0.0,20480.000000,0,0.0,0.0,0.0,1.0
151143,0,1,3400,-70,70,477,9.2,14,0.50,5248.000000,0,27,9.9,0.0,0.0,0.0,0.0,0.0,0.0,1.0
151392,0,1,3400,-69,69,476,10,15,0.50,16096.000000,0,27,10.0,0.0,0.0,0.0,0.0,0.0,0.0,1.0
151641,0,1,3400,-69,69,477,8.9,15,0.50,5248.000000,0,27,10.0,0.0,0.0,0.0,0.0,0.0,0.0,1.0
151890,0,1,3400,-69,69,477,8.1,15,0.50,10720.000000,0,27,8.1,0.0,14144.000000,0,0.0,0.0,0.0,1.0
152139,0,1,3400,-69,69,475,6.1,15,0.50,8128.000000,0,27,3.0,0.0,0.0,0.0,0.0,0.0,0.0,1.0
152388,0,1,3400,-69,69,476,9.6,15,0.50,19104.000000,0,27,3.0,0.0,0.0,0.0,0.0,0.0,0.0,1.0
152637,0,1,3400,-69,69,474,8.3,15,0.50,10784.000000,0,27,3.0,0.0,0.0,0.0,0.0,0.0,0.0,1.0
152886,0,1,3400,-69,69,474,8.1,15,0.50,10944.000000,0,27,11,0.0,49344.000000,38,0.0,0.0,0.0,1.0
153135,0,1,3400,-69,69,476,7.4,15,0.50,16000.000000,0,27,16,0.0,0.0,0.0,0.0,0.0,0.0,1.0
153384,0,1,3400,-68,68,474,10,15,0.79,18016.000000,11,27,16,0.0,0.0,0.0,0.0,0.0,0.0,1.0
153633,0,1,3400,-68,68,474,9.5,15,0.60,21312.000000,0,27,16,0.0,0.0,0.0,0.0,0.0,0.0,1.0
153882,0,1,3400,-68,68,476,9.8,16,0.50,16000.000000,0,27,8.8,0.0,16160.000000,0,0.0,0.0,0.0,1.0
154131,0,1,3400,-68,68,474,8.1,15,0.51,21568.000000,0,27,3.0,0.0,0.0,0.0,0.0,0.0,0.0,1.0
154380,0,1,3400,-68,68,476,8.8,16,0.50,10560.000000,0,27,3.0,0.0,0.0,0.0,0.0,0.0,0.0,1.0
154629,0,1,3400,-68,68,478,5.8,16,0.50,21792.000000,0,27,3.0,0.0,0.0,0.0,0.0,0.0,0.0,1.0
154878,0,1,3400,-68,68,478,7.1,15,0.50,5344.000000,0,27,3.1,0.0,28960.000000,25,0.0,0.0,0.0,1.0
155127,0,1,3400,-69,69,476,8.0,15,0.50,16128.000000,0,27,1.1,0.0,0.0,0.0,0.0,0.0,0.0,1.0
155376,0,1,3400,-69,69,475,8.3,15,0.50,0.0,0.0,27,1.4,0.0,1568.000000,0,0.0,0.0,0.0,1.0
155625,0,1,3400,-69,69,475,8.5,15,0.50,15872.000000,0,27,1.2,0.0,1568.000000,0,0.0,0.0,0.0,1.0
155874,0,1,3400,-69,69,477,9.9,15,0.50,0.0,0.0,27,1.1,0.0,0.0,0.0,0.0,0.0,0.0,1.0
156123,0,1,3400,-70,70,475,9.2,14,0.50,16096.000000,0,27,3.8,0.0,28896.000000,18,0.0,0.0,0.0,1.0
156372,0,1,3400,-70,70,476,14,14,1.6,1760.000000,50,27,2.1,0.0,0.0,0.0,0.0,0.0,0.0,1.0
156621,0,1,3400,-70,70,476,17,14,2.5,5440.000000,25,27,2.2,0.0,0.0,0.0,0.0,0.0,0.0,1.0
156870,0,1,3400,-70,70,471,19,14,3.8,5376.000000,0,27,2.1,0.0,0.0,0.0,0.0,0.0,0.0,1.0
157119,0,1,3400,-70,70,472,11,14,0.50,21408.000000,0,27,4.7,0.0,21984.000000,22,0.0,0.0,0.0,1.0
157368,0,1,3400,-69,69,472,6.9,15,0.62,21408.000000,0,27,6.0,0.0,0.0,0,0.0,0.0,0.0,1.0
157617,0,1,3400,-69,69,475,10,15,0.57,5664.000000,0,27,0.0,0.0,1568.000000,0,0.0,0.0,0.0,1.0
157866,0,1,3400,-69,69,477,8.8,14,0.50,16160.000000,0,27,1.7,0.0,22720.000000,0,0.0,0.0,0.0,1.0
158115,0,1,3400,-70,70,475,10.0,14,0.91,11360.000000,25,27,4.1,0.0,9376.000000,0,0.0,0.0,0.0,1.0
158364,0,1,3400,-70,70,474,9.0,14,0.50,5472.000000,0,27,8.0,0.0,0.0,0.0,0.0,0.0,0.0,1.0
158613,0,1,3400,-70,70,473,16,14,2.3,2176.000000,50,27,8.0,0.0,0.0,0.0,0.0,0.0,0.0,1.0
158862,0,1,3400,-70,70,475,12,14,1.4,5376.000000,0,27,7.6,0.0,20032.000000,25,0.0,0.0,0.0,1.0
159111,0,1,3400,-70,70,472,10.0,15,0.65,16000.000000,0,27,12,0.0,0.0,0.0,0.0,0.0,0.0,1.0
159360,0,1,3400,-69,69,474,11,15,0.50,0.0,0.0,27,12,0.0,0.0,0.0,0.0,0.0,0.0,1.0
159609,0,1,3400,-69,69,475,9.0,15,0.50,21472.000000,0,27,12,0.0,0.0,0.0,0.0,0.0,0.0,1.0
159858,0,1,3400,-69,69,473,7.0,15,0.50,0.0,0.0,27,12,0.0,0.0,0.0,0.0,0.0,0.0,1.0
160107,0,1,3400,-69,69,470,8.5,15,0.69,16928.000000,0,27,4.9,0.0,8160.000000,0,0.0,0.0,0.0,1.0
160356,0,1,3400,-69,69,473,0.0,15,0.50,12768.000000,0,27,2.6,0.0,0.0,0.0,0.0,0.0,0.0,1.0
160605,0,1,3400,-69,69,476,0.0,15,0.50,25728.000000,0,27,2.7,0.0,0.0,0.0,0.0,0.0,0.0,1.0
160854,0,1,3400,-69,69,475,4.4,15,0.58,15648.000000,0,27,3.1,0.0,23552.000000,0,0.0,0.0,0.0,1.0
161103,0,1,3400,-69,69,472,7.4,15,0.50,17280.000000,0,27,1.2,0.0,0.0,0.0,0.0,0.0,0.0,1.0
161352,0,1,3400,-69,69,475,2.6,15,0.50,18208.000000,0,27,1.2,0.0,0.0,0.0,0.0,0.0,0.0,1.0
161601,0,1,3400,-69,69,473,1.9,15,0.61,5152.000000,0,27,1.1,0.0,0.0,0.0,0.0,0.0,0.0,1.0
161850,0,1,3400,-69,69,475,12,15,0.87,10720.000000,0,27,3.0,0.0,0.0,80,0.0,0.0,0.0,1.0
162099,0,1,3400,-69,69,471,11,15,0.56,5248.000000,0,27,4.6,0.0,0.0,0.0,0.0,0.0,0.0,1.0
162348,0,1,3400,-69,69,475,10,15,0.50,0.0,0.0,27,4.5,0.0,0.0,0.0,0.0,0.0,0.0,1.0
162597,0,1,3400,-69,69,475,8.9,15,0.50,21472.000000,0,27,4.6,0.0,0.0,0.0,0.0,0.0,0.0,1.0
162846,0,1,3400,-69,69,475,10,15,0.50,16160.000000,0,27,3.8,0.0,12544.000000,10,0.0,0.0,0.0,1.0
163095,0,1,3400,-69,69,473,8.2,15,0.50,5344.000000,0,27,1.1,0.0,480,0,0.0,0.0,0.0,1.0
163344,0,1,3400,-69,69,477,8.7,15,0.50,10848.000000,0,27,1.4,0.0,0.0,0.0,0.0,0.0,0.0,1.0
163593,0,1,3400,-69,69,476,10,15,0.57,32128.000000,0,27,1.1,0.0,0.0,0.0,0.0,0.0,0.0,1.0
163842,0,1,3400,-69,69,474,5.6,15,0.50,22496.000000,0,27,4.1,0.0,40416.000000,32,0.0,0.0,0.0,1.0
164091,0,1,3400,-69,69,475,7.4,15,0.50,16256.000000,0,27,7.1,0.0,0.0,0.0,0.0,0.0,0.0,1.0
164340,0,1,3400,-69,69,475,12,15,0.88,5312.000000,0,27,4.4,0.0,1568.000000,0,0.0,0.0,0.0,1.0
164589,0,1,3400,-69,69,477,14,15,1.3,15968.000000,0,27,3.5,0.0,0.0,0.0,0.0,0.0,0.0,1.0
164838,0,1,3400,-69,69,475,8.7,15,0.50,10688.000000,0,27,2.9,0.0,13856.000000,0,0.0,0.0,0.0,1.0
165087,0,1,3400,-69,69,474,7.8,15,0.50,16128.000000,0,27,0.13,0.0,0.0,0.0,0.0,0.0,0.0,1.0
165336,0,1,3400,-69,69,472,16,15,0.94,8608.000000,25,27,0.0,0.0,0.0,0.0,0.0,0.0,0.0,1.0
165585,0,1,3400,-69,69,475,11,15,0.53,19776.000000,0,27,0.064,0.0,0.0,0.0,0.0,0.0,0.0,1.0
165834,0,1,3400,-69,69,474,2.8,15,0.50,6432.000000,0,27,0.24,0.0,22880.000000,0,0.0,0.0,0.0,1.0
166083,0,1,3400,-69,69,475,5.3,15,0.50,21536.000000,0,27,0.064,0.0,0.0,0.0,0.0,0.0,0.0,1.0
166332,0,1,3400,-69,69,476,5.4,15,0.50,5376.000000,0,27,3.5,0.0,7200.000000,0,0.0,0.0,0.0,1.0
166581,0,1,3400,-69,69,474,8.4,15,0.50,21568.000000,0,27,3.6,0.0,0.0,0.0,0.0,0.0,0.0,1.0
166830,0,1,3400,-69,69,475,10,15,0.67,17600.000000,14,27,2.9,0.0,13952.000000,8,0.0,0.0,0.0,1.0
167079,0,1,3400,-69,69,474,2.6,15,0.54,12864.000000,0,27,0.13,0.0,0.0,0.0,0.0,0.0,0.0,1.0
167328,0,1,3400,-69,69,476,5.3,15,0.50,10592.000000,0,27,0.19,0.0,1568.000000,0,0.0,0.0,0.0,1.0
167577,0,1,3400,-69,69,475,10,15,1.0,6912.000000,33,27,0.19,0.0,0.0,0.0,0.0,0.0,0.0,1.0
167826,0,1,3400,-69,69,468,19,15,2.7,5152.000000,0,27,0.26,0.0,4640.000000,0,0.0,0.0,0.0,1.0
168075,0,1,3400,-69,69,471,16,15,2.0,22784.000000,12,27,0.056,0.0,10912.000000,0,0.0,0.0,0.0,1.0
168324,0,1,3400,-69,69,472,12,15,2.1,2176.000000,50,27,0.064,0.0,0.0,0.0,0.0,0.0,0.0,1.0
168573,0,1,3400,-69,69,475,7.2,15,0.71,16128.000000,0,27,0.064,0.0,0.0,0.0,0.0,0.0,0.0,1.0
168822,0,1,3400,-69,69,476,14,15,1.4,6752.000000,25,27,0.0,0.0,1568.000000,0,0.0,0.0,0.0,1.0
169071,0,1,3400,-69,69,480,16,15,1.8,5376.000000,0,27,0.080,0.0,14592.000000,0,0.0,0.0,0.0,1.0
169320,0,1,3400,-69,69,476,11,15,0.50,16320.000000,0,27,1.0,0.0,0.0,0.0,0.0,0.0,0.0,1.0
169569,0,1,3400,-69,69,475,10,15,0.98,21472.000000,11,27,1.0,0.0,1568.000000,0,0.0,0.0,0.0,1.0
169818,0,1,3400,-69,69,471,7.1,15,0.55,30240.000000,0,27,0.62,0.0,15904.000000,0,0.0,0.0,0.0,1.0
170067,0,1,3400,-70,70,469,9.9,15,0.92,21312.000000,6,27,0.0,0.0,0.0,0.0,0.0,0.0,0.0,1.0
170316,0,1,3400,-70,70,471,11,15,0.62,10592.000000,0,27,0.016,0.0,0.0,0.0,0.0,0.0,0.0,1.0
170565,0,1,3400,-70,70,474,16,15,1.5,1312.000000,50,27,0.0,0.0,0.0,0.0,0.0,0.0,0.0,1.0
170814,0,1,3400,-70,70,474,15,15,1.7,5440.000000,0,27,0.14,0.0,13472.000000,0,0.0,0.0,0.0,1.0
171063,0,1,3400,-70,70,472,8.6,15,0.50,15968.000000,0,27,0.0,0.0,0.0,0.0,0.0,0.0,0.0,1.0
171312,0,1,3400,-69,69,473,10,15,0.50,32480.000000,0,27,0.0,0.0,0.0,0.0,0.0,0.0,0.0,1.0
171561,0,1,3400,-69,69,472,9.1,15,0.50,31968.000000,0,27,0.0,0.0,0.0,0.0,0.0,0.0,0.0,1.0
171810,0,1,3400,-69,69,472,8.9,15,0.50,15968.000000,0,27,4.3,0.0,16032.000000,0,0.0,0.0,0.0,1.0
172059,0,1,3400,-69,69,473,8.0,15,0.50,5312.000000,0,27,8.0,0.0,0.0,0.0,0.0,0.0,0.0,1.0
172308,0,1,3400,-69,69,473,6.8,15,0.50,11104.000000,0,27,8.0,0.0,0.0,0.0,0.0,0.0,0.0,1.0
172557,0,1,3400,-69,69,473,9.3,15,1.0,11072.000000,29,27,8.0,0.0,0.0,0.0,0.0,0.0,0.0,1.0
172806,0,1,3400,-69,69,475,11,15,0.68,26624.000000,0,27,8.9,0.0,22176.000000,0,0.0,0.0,0.0,1.0
173055,0,1,3400,-69,69,472,11,16,0.50,5440.000000,0,27,9.5,0.0,0.0,0.0,0.0,0.0,0.0,1.0
173304,0,1,3400,-69,69,470,9.0,15,0.50,26912.000000,0,27,9.5,0.0,0.0,0.0,0.0,0.0,0.0,1.0
173553,0,1,3400,-69,69,473,7.5,15,0.50,11680.000000,0,27,9.4,0.0,0.0,0.0,0.0,0.0,0.0,1.0
173802,0,1,3400,-69,69,474,9.0,15,0.62,21600.000000,0,27,4.3,0.0,15584.000000,0,0.0,0.0,0.0,1.0
174051,0,1,3400,-69,69,476,10,15,0.55,15968.000000,0,27,0.016,0.0,0.0,0.0,0.0,0.0,0.0,1.0
174300,0,1,3400,-69,69,475,9.9,15,0.50,16032.000000,0,27,0.35,0.0,2592.000000,0,0.0,0.0,0.0,1.0
174549,0,1,3400,-69,69,470,8.0,15,0.50,0.0,0.0,27,1.0,0.0,0.0,0.0,0.0,0.0,0.0,1.0
174798,0,1,3400,-69,69,469,8.6,15,0.53,11808.000000,20,27,1.0,0.0,26976.000000,0,0.0,0.0,0.0,1.0
175047,0,1,3400,-69,69,470,11,15,0.50,5440.000000,0,27,6.0,0.0,25280.000000,0,0.0,0.0,0.0,1.0
175296,0,1,3400,-69,69,470,4.7,15,0.50,18208.000000,0,27,6.0,0.0,1568.000000,0,0.0,0.0,0.0,1.0
175545,0,1,3400,-69,69,473,8.1,15,0.50,15936.000000,0,27,6.0,0.0,0.0,0.0,0.0,0.0,0.0,1.0
175794,0,1,3400,-69,69,476,8.5,15,0.50,0.0,0.0,27,6.0,0.0,0.0,0.0,0.0,0.0,0.0,1.0
176043,0,1,3400,-69,69,471,8.6,15,0.50,10880.000000,0,27,2.9,0.0,8992.000000,0,0.0,0.0,0.0,1.0
176292,0,1,3400,-69,69,470,8.0,15,0.50,16320.000000,0,27,1.5,0.0,0.0,0.0,0.0,0.0,0.0,1.0
176541,0,1,3400,-69,69,473,7.0,16,0.50,5440.000000,0,27,1.5,0.0,0.0,0.0,0.0,0.0,0.0,1.0
176790,0,1,3400,-69,69,472,6.5,15,0.50,21888.000000,0,27,1.7,0.0,15872.000000,0,0.0,0.0,0.0,1.0
177039,0,1,3400,-69,69,471,2.2,15,0.50,5344.000000,0,27,1.5,0.0,0.0,0.0,0.0,0.0,0.0,1.0
177288,0,1,3400,-69,69,473,5.6,15,0.65,15552.000000,0,27,1.5,0.0,0.0,0.0,0.0,0.0,0.0,1.0
177537,0,1,3400,-69,69,469,9.8,15,0.57,16256.000000,0,27,1.5,0.0,2592.000000,0,0.0,0.0,0.0,1.0
177786,0,1,3400,-69,69,470,9.2,15,0.50,5248.000000,0,27,1.3,0.0,15872.000000,0,0.0,0.0,0.0,1.0
178035,0,1,3400,-69,69,471,9.4,15,0.50,16160.000000,0,27,0.0,0.0,0.0,0.0,0.0,0.0,0.0,1.0
178284,0,1,3400,-69,69,473,10.0,15,0.50,21504.000000,0,27,0.0,0.0,0.0,0.0,0.0,0.0,0.0,1.0
178533,0,1,3400,-69,69,471,9.6,15,0.50,21536.000000,0,27,0.94,0.0,9376.000000,0,0.0,0.0,0.0,1.0
178782,0,1,3400,-69,69,474,9.6,15,0.50,21728.000000,0,27,6.0,0.0,18496.000000,0,0.0,0.0,0.0,1.0
179031,0,1,3400,-70,70,473,9.5,15,0.50,0.0,0.0,27,8.0,0.0,0.0,0.0,0.0,0.0,0.0,1.0
179280,0,1,3400,-70,70,471,9.5,15,0.50,0.0,0.0,27,8.0,0.0,0.0,0.0,0.0,0.0,0.0,1.0
179529,0,1,3400,-70,70,469,9.9,15,0.70,16096.000000,0,27,8.0,0.0,0.0,0.0,0.0,0.0,0.0,1.0
179778,0,1,3400,-70,70,471,8.7,15,0.50,10752.000000,0,27,11,0.0,0.0,80,0.0,0.0,0.0,1.0
180027,0,1,3400,-70,70,469,9.8,15,0.50,26816.000000,0,27,15,0.0,0.0,0.0,0.0,0.0,0.0,1.0
180276,0,1,3400,-69,69,465,10,15,0.50,10496.000000,0,27,15,0.0,0.0,0.0,0.0,0.0,0.0,1.0
180525,0,1,3400,-69,69,471,10.0,15,0.50,26432.000000,0,27,15,0.0,0.0,0.0,0.0,0.0,0.0,1.0
180774,0,1,3400,-69,69,471,9.2,15,0.50,11104.000000,0,27,14,0.0,59232.000000,22,0.0,0.0,0.0,1.0
181023,0,1,3400,-69,69,473,10,16,0.50,10816.000000,0,27,14,0.0,0.0,0.0,0.0,0.0,0.0,1.0
181272,0,1,3400,-69,69,474,11,16,0.50,10816.000000,0,27,14,0.0,0.0,0.0,0.0,0.0,0.0,1.0
181521,0,1,3400,-69,69,473,12,16,0.64,5312.000000,0,27,14,0.0,0.0,0.0,0.0,0.0,0.0,1.0
181770,0,1,3400,-69,69,473,16,16,1.6,17408.000000,20,27,12,0.0,11616.000000,0,0.0,0.0,0.0,1.0
182019,0,1,3400,-69,69,470,12,16,0.57,16128.000000,0,27,11,0.0,0.0,0.0,0.0,0.0,0.0,1.0
182268,0,1,3400,-69,69,470,9.8,15,0.50,10688.000000,0,27,14,0.0,0.0,80,0.0,0.0,0.0,1.0
182517,0,1,3400,-69,69,470,11,15,0.50,5440.000000,0,27,14,0.0,0.0,0.0,0.0,0.0,0.0,1.0
182766,0,1,3400,-69,69,469,12,15,0.68,21056.000000,0,27,9.3,0.0,9824.000000,0,0.0,0.0,0.0,1.0
183015,0,1,3400,-69,69,470,10,15,0.56,16128.000000,0,27,1.0,0.0,0.0,0.0,0.0,0.0,0.0,1.0
183264,0,1,3400,-69,69,470,11,15,0.67,5440.000000,0,27,1.0,0.0,0.0,0.0,0.0,0.0,0.0,1.0
183513,0,1,3400,-69,69,469,11,15,0.50,0.0,0.0,27,1.0,0.0,0.0,0.0,0.0,0.0,0.0,1.0
183762,0,1,3400,-69,69,471,11,16,0.50,5376.000000,0,27,1.0,186,0.0,0.0,0.0,0.0,0.0,1.0
184011,0,1,3400,-69,69,470,9.7,16,0.50,16288.000000,0,27,12,0.0,94304.000000,44,0.0,0.0,0.0,1.0
184260,0,1,3400,-68,68,470,10,16,0.50,10656.000000,0,27,13,0.0,1568.000000,0,0.0,0.0,0.0,1.0
184509,0,1,3400,-68,68,470,11,16,0.50,31872.000000,0,27,8.0,0.0,0.0,0.0,0.0,0.0,0.0,1.0
184758,0,1,3400,-68,68,471,13,16,0.50,10880.000000,0,27,8.0,186,0.0,0.0,0.0,0.0,0.0,1.0
185007,0,1,3400,-68,68,472,13,16,0.50,0.0,0.0,27,4.8,0.0,19904.000000,0,0.0,0.0,0.0,1.0
185256,0,1,3400,-68,68,475,10,16,0.50,21568.000000,0,27,3.0,0.0,0.0,0.0,0.0,0.0,0.0,1.0
185505,0,1,3400,-68,68,472,12,16,0.50,21312.000000,0,27,3.0,0.0,0.0,0.0,0.0,0.0,0.0,1.0
185754,0,1,3400,-68,68,468,13,16,0.50,0.0,0.0,27,3.0,0.0,0.0,0.0,0.0,0.0,0.0,1.0
186003,0,1,3400,-68,68,469,11,16,0.50,11008.000000,0,27,3.5,0.0,22048.000000,14,0.0,0.0,0.0,1.0
186252,0,1,3400,-68,68,469,11,16,0.50,21376.000000,0,27,3.5,0.0,0.0,0.0,0.0,0.0,0.0,1.0
186501,0,1,3400,-68,68,468,11,16,0.50,5312.000000,0,27,3.5,0.0,0.0,0.0,0.0,0.0,0.0,1.0
186750,0,1,3400,-69,69,472,12,16,0.50,16096.000000,0,27,2.5,0.0,12896.000000,0,0.0,0.0,0.0,1.0
186999,0,1,3400,-69,69,472,7.5,16,0.50,0.0,0.0,27,2.0,0.0,0.0,0.0,0.0,0.0,0.0,1.0
187248,0,1,3400,-69,69,468,7.9,16,0.50,5248.000000,0,27,2.0,0.0,0.0,0.0,0.0,0.0,0.0,1.0
187497,0,1,3400,-69,69,469,11,15,0.50,15936.000000,0,27,2.0,0.0,0.0,0.0,0.0,0.0,0.0,1.0
187746,0,1,3400,-69,69,469,11,16,0.50,32256.000000,0,27,2.1,0.0,7776.000000,0,0.0,0.0,0.0,1.0
187995,0,1,3400,-69,69,466,11,16,0.51,21248.000000,0,27,2.0,0.0,0.0,0.0,0.0,0.0,0.0,1.0
188244,0,1,3400,-68,68,469,9.2,16,0.50,5248.000000,0,27,2.0,0.0,0.0,0.0,0.0,0.0,0.0,1.0
188493,0,1,3400,-68,68,469,10,16,0.50,15872.000000,0,27,2.0,0.0,0.0,0.0,0.0,0.0,0.0,1.0
188742,0,1,3400,-68,68,469,11,16,0.50,16032.000000,0,27,2.0,0.0,15392.000000,0,0.0,0.0,0.0,1.0
188991,0,1,3400,-68,68,470,12,16,0.50,5312.000000,0,27,2.0,0.0,0.0,0.0,0.0,0.0,0.0,1.0
189240,0,1,3400,-68,68,473,12,16,0.50,16256.000000,0,27,2.0,0.0,0.0,0.0,0.0,0.0,0.0,1.0
189489,0,1,3400,-68,68,472,13,17,0.50,5376.000000,0,27,2.0,0.0,0.0,0.0,0.0,0.0,0.0,1.0
189738,0,1,3400,-68,68,470,9.5,16,0.50,23904.000000,0,27,3.5,0.0,62368.000000,0,0.0,0.0,0.0,1.0
189987,0,1,3400,-68,68,467,7.8,16,0.50,34912.000000,0,27,11,0.0,0.0,0.0,0.0,0.0,0.0,1.0
190236,0,1,3400,-68,68,469,12,16,0.50,16032.000000,0,27,11,0.0,0.0,0.0,0.0,0.0,0.0,1.0
190485,0,1,3400,-68,68,467,13,16,0.51,10528.000000,0,27,11,0.0,0.0,0.0,0.0,0.0,0.0,1.0
190734,0,1,3400,-69,69,467,15,16,0.67,19552.000000,0,27,12,0.0,22464.000000,0,0.0,0.0,0.0,1.0
190983,0,1,3400,-69,69,469,10,16,0.50,7392.000000,0,27,12,0.0,0.0,0.0,0.0,0.0,0.0,1.0
191232,0,1,3400,-69,69,467,10.0,16,0.50,0.0,0.0,27,8.2,0.0,2592.000000,0,0.0,0.0,0.0,1.0
191481,0,1,3400,-69,69,467,10,16,0.50,10688.000000,0,27,8.0,0.0,0.0,0.0,0.0,0.0,0.0,1.0
191730,0,1,3400,-69,69,470,9.5,16,0.50,5440.000000,0,27,8.0,0.0,0.0,0.0,0.0,0.0,0.0,1.0
191979,0,1,3400,-69,69,470,11,16,0.50,16256.000000,0,27,8.9,0.0,23264.000000,0,0.0,0.0,0.0,1.0
192228,0,1,3400,-68,68,467,13,16,0.50,21504.000000,0,27,9.0,0.0,0.0,0.0,0.0,0.0,0.0,1.0
192477,0,1,3400,-68,68,469,12,17,0.50,0.0,0.0,27,9.0,0.0,0.0,0.0,0.0,0.0,0.0,1.0
192726,0,1,3400,-68,68,468,12,16,0.50,10720.000000,0,27,9.4,0.0,13664.000000,0,0.0,0.0,0.0,1.0
192974,0,1,3400,-69,69,470,11,16,0.50,21920.000000,0,27,11,0.0,0.0,0.0,0.0,0.0,0.0,1.0
193223,0,1,3400,-69,69,471,11,15,0.50,21696.000000,0,27,11,0.0,0.0,0.0,0.0,0.0,0.0,1.0
193472,0,1,3400,-69,69,473,10,16,0.50,5248.000000,0,27,11,0.0,0.0,0.0,0.0,0.0,0.0,1.0
193721,0,1,3400,-69,69,471,9.8,16,0.50,5248.000000,0,27,11,186,0.0,0.0,0.0,0.0,0.0,1.0
193970,0,1,3400,-69,69,469,11,16,0.50,5312.000000,0,27,15,0.0,76736.000000,37,0.0,0.0,0.0,1.0
194219,0,1,3400,-68,68,468,12,16,0.50,16064.000000,0,27,16,0.0,0.0,0.0,0.0,0.0,0.0,1.0
194468,0,1,3400,-68,68,468,12,17,0.50,10624.000000,0,27,16,0.0,0.0,0.0,0.0,0.0,0.0,1.0
194717,0,1,3400,-68,68,470,12,16,0.50,16064.000000,0,27,14,0.0,65600.000000,8,0.0,0.0,0.0,1.0
194966,0,1,3400,-69,69,469,10,16,0.50,10496.000000,0,27,14,0.0,0.0,0.0,0.0,0.0,0.0,1.0
195215,0,1,3400,-69,69,467,11,16,0.66,5376.000000,0,27,14,0.0,0.0,0.0,0.0,0.0,0.0,1.0
195464,0,1,3400,-69,69,468,9.6,15,0.54,32480.000000,0,27,14,0.0,0.0,0.0,0.0,0.0,0.0,1.0
195713,0,1,3400,-69,69,470,11,15,0.50,0.0,0.0,27,14,0.0,0.0,0.0,0.0,0.0,0.0,1.0
195962,0,1,3400,-70,70,469,9.2,15,0.50,15904.000000,0,27,12,0.0,14144.000000,0,0.0,0.0,0.0,1.0
196211,0,1,3400,-70,70,471,10,15,0.50,15936.000000,0,27,12,0.0,0.0,0.0,0.0,0.0,0.0,1.0
196460,0,1,3400,-70,70,470,11,15,0.50,5440.000000,0,27,12,0.0,0.0,0.0,0.0,0.0,0.0,1.0
196709,0,1,3400,-70,70,471,8.7,15,0.50,5600.000000,0,27,12,0.0,0.0,0.0,0.0,0.0,0.0,1.0
196958,0,1,3400,-70,70,472,9.7,15,0.50,10880.000000,0,27,12,0.0,15808.000000,0,0.0,0.0,0.0,1.0
197207,0,1,3400,-70,70,471,9.9,14,0.50,16352.000000,0,27,13,0.0,0.0,0.0,0.0,0.0,0.0,1.0
197456,0,1,3400,-70,70,472,8.5,15,0.50,26304.000000,0,27,13,0.0,0.0,0.0,0.0,0.0,0.0,1.0
197705,0,1,3400,-70,70,471,9.1,14,0.50,22496.000000,0,27,15,0.0,23840.000000,0,0.0,0.0,0.0,1.0
197954,0,1,3400,-71,71,466,9.6,14,0.50,20992.000000,0,27,16,0.0,0.0,0.0,0.0,0.0,0.0,1.0
198203,0,1,3400,-71,71,468,9.8,14,0.57,10688.000000,0,27,15,0.0,0.0,0.0,0.0,0.0,0.0,1.0
198452,0,1,3400,-71,71,471,8.8,14,0.54,5376.000000,0,27,16,0.0,0.0,0.0,0.0,0.0,0.0,1.0
198701,0,1,3400,-71,71,469,8.6,14,0.50,10848.000000,0,27,15,0.0,0.0,60,0.0,0.0,0.0,1.0
198950,0,1,3400,-71,71,470,7.8,14,0.59,21472.000000,0,27,9.1,0.0,2592.000000,80,0.0,0.0,0.0,1.0
199199,0,1,3400,-71,71,470,7.6,14,0.50,26976.000000,0,27,9.1,0.0,0.0,0.0,0.0,0.0,0.0,1.0
199448,0,1,3400,-71,71,468,8.5,14,0.50,21632.000000,0,27,9.0,0.0,0.0,0.0,0.0,0.0,0.0,1.0
199697,0,1,3400,-71,71,466,11,14,0.50,15936.000000,0,27,8.6,0.0,9696.000000,0,0.0,0.0,0.0,1.0
199946,0,1,3400,-71,71,467,12,14,0.50,0.0,0.0,27,4.0,0.0,5888.000000,0,0.0,0.0,0.0,1.0
200195,0,1,3400,-70,70,464,7.6,14,0.50,10784.000000,0,27,4.0,0.0,0.0,0.0,0.0,0.0,0.0,1.0
200444,0,1,3400,-70,70,464,7.6,14,0.50,15904.000000,0,27,4.0,0.0,0.0,0.0,0.0,0.0,0.0,1.0
200693,0,1,3400,-70,70,464,10,15,0.50,16192.000000,0,27,9.7,0.0,21984.000000,0,0.0,0.0,0.0,1.0
200942,0,1,3400,-70,70,465,11,15,0.55,21440.000000,0,27,12,0.0,0.0,0.0,0.0,0.0,0.0,1.0
201191,0,1,3400,-69,69,467,8.5,15,0.50,0.0,0.0,27,12,0.0,0.0,0.0,0.0,0.0,0.0,1.0
201440,0,1,3400,-69,69,467,9.3,16,0.56,10688.000000,0,27,12,0.0,0.0,0.0,0.0,0.0,0.0,1.0
201689,0,1,3400,-69,69,466,10,15,0.58,16480.000000,0,27,13,0.0,23488.000000,0,0.0,0.0,0.0,1.0
201938,0,1,3400,-69,69,462,9.8,16,0.50,5440.000000,0,27,13,0.0,0.0,0.0,0.0,0.0,0.0,1.0
202187,0,1,3400,-69,69,467,12,15,0.50,24288.000000,0,27,13,0.0,0.0,0.0,0.0,0.0,0.0,1.0
202436,0,1,3400,-69,69,465,9.2,15,0.50,13184.000000,0,27,13,0.0,0.0,0.0,0.0,0.0,0.0,1.0
202685,0,1,3400,-69,69,466,9.7,16,0.50,11168.000000,0,27,13,0.0,23648.000000,0,0.0,0.0,0.0,1.0
202934,0,1,3400,-69,69,464,8.7,16,0.50,10912.000000,0,27,11,0.0,0.0,0.0,0.0,0.0,0.0,1.0
203183,0,1,3400,-68,68,465,10,16,0.50,10560.000000,0,27,13,0.0,17056.000000,0,0.0,0.0,0.0,1.0
203431,0,1,3400,-68,68,465,13,17,0.50,10624.000000,0,27,15,0.0,0.0,0.0,0.0,0.0,0.0,1.0
203680,0,1,3400,-68,68,465,13,16,0.50,21696.000000,0,27,5.2,0.0,15936.000000,0,0.0,0.0,0.0,1.0
203929,0,1,3400,-68,68,468,13,16,0.50,10880.000000,0,27,3.2,0.0,17056.000000,0,0.0,0.0,0.0,1.0
204178,0,1,3400,-68,68,467,12,16,0.50,10592.000000,0,27,8.5,0.0,0.0,0.0,0.0,0.0,0.0,1.0
204427,0,1,3400,-68,68,465,10,16,0.50,26848.000000,0,27,6.4,0.0,9376.000000,0,0.0,0.0,0.0,1.0
204676,0,1,3400,-68,68,466,13,16,0.50,16320.000000,0,27,7.5,0.0,29152.000000,25,0.0,0.0,0.0,1.0
204925,0,1,3400,-68,68,465,11,17,0.50,5248.000000,0,27,9.1,0.0,11936.000000,0,0.0,0.0,0.0,1.0
205174,0,1,3400,-67,67,467,12,17,0.50,21568.000000,0,27,10,0.0,0.0,0.0,0.0,0.0,0.0,1.0
205423,0,1,3400,-67,67,467,12,17,0.54,16192.000000,0,27,10,0.0,0.0,0.0,0.0,0.0,0.0,1.0
205672,0,1,3400,-67,67,465,11,17,0.50,21088.000000,0,27,11,0.0,76416.000000,0,0.0,0.0,0.0,1.0
205921,0,1,3400,-68,68,464,12,17,0.50,10688.000000,0,27,12,0.0,0.0,0.0,0.0,0.0,0.0,1.0
206170,0,1,3400,-68,68,468,12,16,0.53,21152.000000,0,27,11,0.0,7200.000000,0,0.0,0.0,0.0,1.0
206419,0,1,3400,-68,68,469,12,16,0.50,5312.000000,0,27,9.5,0.0,0.0,0.0,0.0,0.0,0.0,1.0
206668,0,1,3400,-68,68,467,13,17,0.50,10880.000000,0,27,9.1,0.0,11200.000000,0,0.0,0.0,0.0,1.0
206917,0,1,3400,-68,68,466,12,17,0.50,15776.000000,0,27,6.0,0.0,6592.000000,0,0.0,0.0,0.0,1.0
207166,0,1,3400,-67,67,465,13,17,0.50,25024.000000,0,27,6.1,0.0,0.0,0.0,0.0,0.0,0.0,1.0
207415,0,1,3400,-67,67,465,11,17,0.50,28480.000000,0,27,6.0,0.0,0.0,0.0,0.0,0.0,0.0,1.0
207664,0,1,3400,-67,67,465,13,17,0.50,10784.000000,0,27,9.5,0.0,24256.000000,0,0.0,0.0,0.0,1.0
207913,0,1,3400,-67,67,467,13,17,0.50,0.0,0.0,27,11,0.0,0.0,0.0,0.0,0.0,0.0,1.0
208162,0,1,3400,-67,67,466,13,17,0.50,5568.000000,0,27,11,0.0,0.0,0.0,0.0,0.0,0.0,1.0
208411,0,1,3400,-67,67,466,13,17,0.51,10624.000000,0,27,11,0.0,0.0,0.0,0.0,0.0,0.0,1.0
208660,0,1,3400,-67,67,468,11,17,0.50,5312.000000,0,27,9.2,0.0,51168.000000,0,0.0,0.0,0.0,1.0
208909,0,1,3400,-67,67,465,11,17,0.50,0.0,0.0,27,9.0,0.0,0.0,0.0,0.0,0.0,0.0,1.0
209158,0,1,3400,-67,67,467,12,17,0.50,10624.000000,0,27,9.0,0.0,0.0,0.0,0.0,0.0,0.0,1.0
209407,0,1,3400,-67,67,467,13,17,0.50,5376.000000,0,27,9.0,0.0,0.0,0.0,0.0,0.0,0.0,1.0
209656,0,1,3400,-68,68,471,13,17,0.50,5312.000000,0,27,7.0,0.0,11488.000000,0,0.0,0.0,0.0,1.0
209905,0,1,3400,-68,68,467,13,16,0.50,15936.000000,0,27,5.5,0.0,0.0,0.0,0.0,0.0,0.0,1.0
210154,0,1,3400,-68,68,466,11,16,0.50,26496.000000,0,27,6.1,0.0,11936.000000,0,0.0,0.0,0.0,1.0
210403,0,1,3400,-68,68,465,9.3,16,0.50,37792.000000,0,27,9.0,0.0,0.0,0.0,0.0,0.0,0.0,1.0
210652,0,1,3400,-68,68,465,10,16,0.50,5440.000000,0,27,8.2,0.0,13888.000000,0,0.0,0.0,0.0,1.0
210901,0,1,3400,-68,68,467,9.5,16,0.50,11040.000000,0,27,7.0,0.0,0.0,0.0,0.0,0.0,0.0,1.0
211150,0,1,3400,-68,68,466,11,16,0.50,10880.000000,0,27,6.7,0.0,7200.000000,0,0.0,0.0,0.0,1.0
211399,0,1,3400,-68,68,465,11,16,0.50,15808.000000,0,27,6.5,0.0,0.0,0.0,0.0,0.0,0.0,1.0
211648,0,1,3400,-68,68,466,10,16,0.50,21056.000000,0,27,7.2,0.0,13888.000000,0,0.0,0.0,0.0,1.0
211897,0,1,3400,-69,69,468,9.7,15,0.50,26816.000000,0,27,7.8,0.0,9376.000000,0,0.0,0.0,0.0,1.0
212146,0,1,3400,-69,69,471,10,15,1.0,5248.000000,33,27,8.5,0.0,0.0,0.0,0.0,0.0,0.0,1.0
212395,0,1,3400,-69,69,470,11,15,1.9,5440.000000,0,27,8.8,0.0,18752.000000,0,0.0,0.0,0.0,1.0
212644,0,1,3400,-69,69,470,11,15,0.50,21184.000000,0,27,3.9,0.0,15936.000000,0,0.0,0.0,0.0,1.0
212893,0,1,3400,-69,69,467,10,15,0.52,10688.000000,0,27,1.5,0.0,0.0,0.0,0.0,0.0,0.0,1.0
213142,0,1,3400,-69,69,466,11,15,0.74,5248.000000,0,27,3.3,0.0,11936.000000,0,0.0,0.0,0.0,1.0
213391,0,1,3400,-69,69,466,10,15,0.50,0.0,0.0,27,7.0,0.0,0.0,0.0,0.0,0.0,0.0,1.0
213640,0,1,3400,-69,69,466,10.0,15,0.50,21312.000000,0,27,6.9,0.0,15808.000000,0,0.0,0.0,0.0,1.0
213889,0,1,3400,-69,69,468,9.6,15,0.50,5248.000000,0,27,7.0,0.0,0.0,0.0,0.0,0.0,0.0,1.0
214138,0,1,3400,-69,69,469,9.4,15,0.50,15936.000000,0,27,7.0,0.0,0.0,0.0,0.0,0.0,0.0,1.0
214387,0,1,3400,-69,69,468,8.6,15,0.50,8544.000000,0,27,7.0,0.0,0.0,0.0,0.0,0.0,0.0,1.0
214636,0,1,3400,-69,69,465,11,15,0.50,12832.000000,0,27,9.5,0.0,23744.000000,0,0.0,0.0,0.0,1.0
214885,0,1,3400,-70,70,466,10,15,0.50,5248.000000,0,27,11,0.0,11936.000000,0,0.0,0.0,0.0,1.0
215134,0,1,3400,-70,70,465,11,14,0.50,5440.000000,0,27,10,0.0,0.0,0.0,0.0,0.0,0.0,1.0
215383,0,1,3400,-70,70,465,10,15,0.50,16128.000000,0,27,10,0.0,11936.000000,0,0.0,0.0,0.0,1.0
215632,0,1,3400,-70,70,467,11,15,0.66,10880.000000,0,27,5.8,0.0,14560.000000,0,0.0,0.0,0.0,1.0
215881,0,1,3400,-70,70,468,9.7,15,0.53,10560.000000,0,27,2.0,0.0,0.0,0.0,0.0,0.0,0.0,1.0
216130,0,1,3400,-69,69,469,5.9,15,0.60,5664.000000,25,27,1.6,0.0,1568.000000,0,0.0,0.0,0.0,1.0
216379,0,1,3400,-69,69,466,11,15,0.95,10688.000000,0,27,1.0,0.0,0.0,0.0,0.0,0.0,0.0,1.0
216628,0,1,3400,-69,69,467,10.0,15,0.72,5248.000000,0,27,8.1,0.0,18880.000000,0,0.0,0.0,0.0,1.0
216877,0,1,3400,-70,70,467,10,15,0.67,16224.000000,0,27,10,0.0,4256.000000,0,0.0,0.0,0.0,1.0
217126,0,1,3400,-70,70,467,9.0,14,0.50,15936.000000,0,27,7.0,0.0,0.0,0.0,0.0,0.0,0.0,1.0
217375,0,1,3400,-70,70,466,7.7,14,0.50,16320.000000,0,27,7.0,0.0,0.0,0.0,0.0,0.0,0.0,1.0
217624,0,1,3400,-70,70,466,8.5,14,0.54,21600.000000,0,27,5.9,0.0,15936.000000,0,0.0,0.0,0.0,1.0
217873,0,1,3400,-70,70,465,9.7,14,0.50,26784.000000,0,27,1.5,0.0,0.0,0.0,0.0,0.0,0.0,1.0
218122,0,1,3400,-69,69,466,11,15,0.50,5248.000000,0,27,1.5,0.0,0.0,0.0,0.0,0.0,0.0,1.0
218371,0,1,3400,-69,69,465,10,15,0.50,16288.000000,0,27,1.5,0.0,0.0,0.0,0.0,0.0,0.0,1.0
218620,0,1,3400,-69,69,467,11,15,0.50,5440.000000,0,27,3.4,0.0,26592.000000,0,0.0,0.0,0.0,1.0
218869,0,1,3400,-70,70,468,10,14,0.50,10880.000000,0,27,7.0,0.0,0.0,0.0,0.0,0.0,0.0,1.0
219118,0,1,3400,-70,70,464,8.9,14,0.50,5600.000000,0,27,7.0,0.0,0.0,0.0,0.0,0.0,0.0,1.0
219367,0,1,3400,-70,70,461,8.2,14,0.50,21536.000000,0,27,7.0,0.0,0.0,0.0,0.0,0.0,0.0,1.0
219616,0,1,3400,-70,70,463,4.7,15,0.50,5440.000000,0,27,7.0,186,0.0,0.0,0.0,0.0,0.0,1.0
219865,0,1,3400,-70,70,464,10,15,0.50,30112.000000,0,27,2.6,0.0,26336.000000,0,0.0,0.0,0.0,1.0
220114,0,1,3400,-69,69,461,10,15,0.50,18848.000000,0,27,2.0,0.0,0.0,0.0,0.0,0.0,0.0,1.0
220363,0,1,3400,-69,69,464,10,15,0.50,15744.000000,0,27,4.4,0.0,9376.000000,0,0.0,0.0,0.0,1.0
220612,0,1,3400,-69,69,466,10,15,0.50,5248.000000,0,27,5.0,0.0,9248.000000,0,0.0,0.0,0.0,1.0
220861,0,1,3400,-69,69,464,9.8,15,0.50,10688.000000,0,27,5.1,0.0,17056.000000,0,0.0,0.0,0.0,1.0
221110,0,1,3400,-69,69,465,9.2,15,0.50,16096.000000,0,27,8.5,0.0,0.0,0.0,0.0,0.0,0.0,1.0
221359,0,1,3400,-69,69,464,9.8,15,0.50,10496.000000,0,27,12,0.0,23872.000000,0,0.0,0.0,0.0,1.0
221608,0,1,3400,-69,69,463,10,15,0.50,5248.000000,0,27,8.8,0.0,18432.000000,0,0.0,0.0,0.0,1.0
221857,0,1,3400,-70,70,467,10,14,0.59,15936.000000,0,27,5.3,0.0,17056.000000,0,0.0,0.0,0.0,1.0
222106,0,1,3400,-70,70,466,10,14,0.50,21120.000000,0,27,11,0.0,0.0,0.0,0.0,0.0,0.0,1.0
222355,0,1,3400,-70,70,465,12,14,0.50,0.0,0.0,27,8.2,0.0,7200.000000,0,0.0,0.0,0.0,1.0
222604,0,1,3400,-70,70,463,10,14,0.71,5248.000000,0,27,8.1,0.0,16320.000000,0,0.0,0.0,0.0,1.0
222853,0,1,3400,-70,70,464,8.7,14,0.53,5632.000000,0,27,7.4,0.0,2592.000000,0,0.0,0.0,0.0,1.0
223102,0,1,3400,-70,70,464,8.3,14,0.50,21536.000000,0,27,4.5,0.0,0.0,0.0,0.0,0.0,0.0,1.0
223351,0,1,3400,-70,70,464,8.5,14,0.50,8352.000000,0,27,8.0,0.0,21312.000000,0,0.0,0.0,0.0,1.0
223600,0,1,3400,-70,70,463,7.3,14,0.50,13632.000000,0,27,9.8,0.0,18624.000000,0,0.0,0.0,0.0,1.0
223849,0,1,3400,-71,71,466,7.2,14,0.50,27168.000000,0,27,10,0.0,0.0,0.0,0.0,0.0,0.0,1.0
224098,0,1,3400,-71,71,465,7.1,13,0.50,5408.000000,0,27,5.2,0.0,2592.000000,0,0.0,0.0,0.0,1.0
224347,0,1,3400,-71,71,466,7.0,14,0.50,0.0,0.0,27,5.0,0.0,0.0,0.0,0.0,0.0,0.0,1.0
224596,0,1,3400,-71,71,468,6.5,14,0.50,5600.000000,0,27,5.0,0.0,0.0,0.0,0.0,0.0,0.0,1.0
224845,0,1,3400,-71,71,465,6.5,14,0.50,0.0,0.0,27,5.0,0.0,0.0,0.0,0.0,0.0,0.0,1.0
225094,0,1,3400,-70,70,462,8.6,14,0.50,10880.000000,0,27,6.8,0.0,26272.000000,0,0.0,0.0,0.0,1.0
225343,0,1,3400,-70,70,466,10,14,0.50,21376.000000,0,27,9.0,0.0,15520.000000,0,0.0,0.0,0.0,1.0
225592,0,1,3400,-70,70,466,9.3,14,0.50,11136.000000,0,27,8.2,0.0,23456.000000,0,0.0,0.0,0.0,1.0
225841,0,1,3400,-71,71,461,8.2,14,0.50,10880.000000,0,27,7.5,0.0,0.0,0.0,0.0,0.0,0.0,1.0
226090,0,1,3400,-71,71,462,8.4,13,0.50,10784.000000,0,27,8.3,0.0,5952.000000,33,0.0,0.0,0.0,1.0
226339,0,1,3400,-71,71,464,7.4,13,0.50,5408.000000,0,27,8.3,0.0,7200.000000,0,0.0,0.0,0.0,1.0
226588,0,1,3400,-71,71,465,6.9,13,0.50,11008.000000,0,27,4.4,0.0,11552.000000,0,0.0,0.0,0.0,1.0
226837,0,1,3400,-71,71,464,6.2,13,0.50,5408.000000,0,27,1.0,0.0,3136.000000,0,0.0,0.0,0.0,1.0
227086,0,1,3400,-71,71,465,7.7,13,0.50,16128.000000,0,27,0.35,0.0,1568.000000,0,0.0,0.0,0.0,1.0
227335,0,1,3400,-71,71,467,7.5,13,0.50,0.0,0.0,27,0.0,0.0,0.0,0.0,0.0,0.0,0.0,1.0
227584,0,1,3400,-71,71,466,7.4,13,0.50,32288.000000,0,27,7.2,0.0,18624.000000,0,0.0,0.0,0.0,1.0
227833,0,1,3400,-71,71,463,5.9,13,0.50,5984.000000,0,27,10,0.0,0.0,0.0,0.0,0.0,0.0,1.0
228082,0,1,3400,-71,71,463,7.2,13,0.50,21664.000000,0,27,8.0,0.0,2592.000000,0,0.0,0.0,0.0,1.0
228331,0,1,3400,-71,71,463,7.7,13,0.50,27072.000000,0,27,4.8,0.0,1568.000000,0,0.0,0.0,0.0,1.0
228580,0,1,3400,-71,71,462,7.8,13,0.50,27200.000000,0,27,0.59,0.0,14080.000000,0,0.0,0.0,0.0,1.0
228829,0,1,3400,-71,71,464,7.2,13,0.50,5600.000000,0,27,0.048,0.0,0.0,0.0,0.0,0.0,0.0,1.0
229078,0,1,3400,-71,71,463,6.7,14,0.50,11008.000000,0,27,2.3,0.0,9376.000000,0,0.0,0.0,0.0,1.0
229327,0,1,3400,-71,71,464,6.7,13,0.50,5600.000000,0,27,4.3,0.0,1568.000000,0,0.0,0.0,0.0,1.0
229576,0,1,3400,-71,71,462,7.4,13,0.50,16160.000000,0,27,1.8,0.0,26144.000000,0,0.0,0.0,0.0,1.0
229825,0,1,3400,-71,71,463,8.2,14,0.50,16288.000000,0,27,5.0,0.0,0.0,0.0,0.0,0.0,0.0,1.0
230074,0,1,3400,-71,71,462,8.2,13,0.55,21408.000000,0,27,5.8,0.0,4384.000000,0,0.0,0.0,0.0,1.0
230323,0,1,3400,-71,71,462,7.5,13,0.50,5376.000000,0,27,7.5,0.0,0.0,0.0,0.0,0.0,0.0,1.0
230572,0,1,3400,-71,71,464,7.2,14,0.50,5408.000000,0,27,7.4,0.0,10592.000000,0,0.0,0.0,0.0,1.0
230821,0,1,3400,-71,71,462,7.1,13,0.50,16416.000000,0,27,7.5,0.0,0.0,0.0,0.0,0.0,0.0,1.0
231070,0,1,3400,-71,71,464,7.8,13,0.50,27072.000000,0,27,13,0.0,27456.000000,0,0.0,0.0,0.0,1.0
231319,0,1,3400,-71,71,460,7.5,14,0.50,10752.000000,0,27,14,0.0,7200.000000,0,0.0,0.0,0.0,1.0
231568,0,1,3400,-71,71,461,8.1,14,0.50,11136.000000,0,27,14,0.0,16064.000000,0,0.0,0.0,0.0,1.0
231817,0,1,3400,-71,71,462,8.5,14,0.50,5376.000000,0,27,15,0.0,3360.000000,0,0.0,0.0,0.0,1.0
232066,0,1,3400,-71,71,461,8.3,14,0.50,5504.000000,0,27,17,0.0,9376.000000,0,0.0,0.0,0.0,1.0
232315,0,1,3400,-71,71,466,9.5,13,0.50,10624.000000,0,27,15,0.0,0.0,0.0,0.0,0.0,0.0,1.0
232564,0,1,3400,-71,71,464,7.9,13,0.50,10912.000000,0,27,9.6,0.0,14080.000000,0,0.0,0.0,0.0,1.0
232813,0,1,3400,-71,71,462,7.0,13,0.50,0.0,0.0,27,5.2,0.0,0.0,50,0.0,0.0,0.0,1.0
233062,0,1,3400,-71,71,459,7.5,13,0.50,5632.000000,0,27,3.6,0.0,7200.000000,0,0.0,0.0,0.0,1.0
233311,0,1,3400,-71,71,460,7.6,13,0.50,5600.000000,0,27,3.5,0.0,0.0,0.0,0.0,0.0,0.0,1.0
233560,0,1,3400,-71,71,463,7.8,13,0.50,16160.000000,0,27,3.9,0.0,16064.000000,0,0.0,0.0,0.0,1.0
233809,0,1,3400,-71,71,465,7.0,13,0.50,14304.000000,0,27,4.0,0.0,0.0,0.0,0.0,0.0,0.0,1.0
234058,0,1,3400,-71,71,461,7.7,13,0.50,18080.000000,0,27,4.0,0.0,0.0,0.0,0.0,0.0,0.0,1.0
234307,0,1,3400,-71,71,460,7.0,13,0.50,0.0,0.0,27,5.4,0.0,11936.000000,33,0.0,0.0,0.0,1.0
234556,0,1,3400,-71,71,463,7.8,14,0.50,16288.000000,0,27,1.8,0.0,16064.000000,0,0.0,0.0,0.0,1.0
234805,0,1,3400,-71,71,464,7.0,14,0.50,0.0,0.0,27,0.0,0.0,0.0,0.0,0.0,0.0,0.0,1.0
235054,0,1,3400,-71,71,463,6.9,13,0.50,5408.000000,0,27,0.98,0.0,2592.000000,0,0.0,0.0,0.0,1.0
235303,0,1,3400,-71,71,462,7.1,13,0.50,16544.000000,0,27,0.78,0.0,1568.000000,0,0.0,0.0,0.0,1.0
235552,0,1,3400,-71,71,461,7.8,13,0.50,5632.000000,0,27,1.5,0.0,16576.000000,0,0.0,0.0,0.0,1.0
235801,0,1,3400,-71,71,464,8.4,13,0.50,5536.000000,0,27,3.5,0.0,0.0,0.0,0.0,0.0,0.0,1.0
236050,0,1,3400,-71,71,466,6.7,13,0.50,16320.000000,0,27,3.6,0.0,0.0,0.0,0.0,0.0,0.0,1.0
236299,0,1,3400,-71,71,460,7.5,14,0.50,5504.000000,0,27,3.6,0.0,0.0,0.0,0.0,0.0,0.0,1.0
236548,0,1,3400,-71,71,463,7.6,13,0.50,16576.000000,0,27,1.8,0.0,16128.000000,0,0.0,0.0,0.0,1.0
236797,0,1,3400,-71,71,465,7.3,14,0.50,16544.000000,0,27,10,0.0,15520.000000,0,0.0,0.0,0.0,1.0
237046,0,1,3400,-70,70,461,9.4,14,0.50,22240.000000,0,27,17,0.0,15520.000000,60,0.0,0.0,0.0,1.0
237295,0,1,3400,-70,70,461,8.6,14,0.50,5632.000000,0,27,14,0.0,9376.000000,0,0.0,0.0,0.0,1.0
237544,0,1,3400,-70,70,461,9.8,15,0.51,16576.000000,0,27,7.2,0.0,16288.000000,0,0.0,0.0,0.0,1.0
237793,0,1,3400,-70,70,463,11,15,0.50,13824.000000,0,27,0.0,0.0,0.0,0.0,0.0,0.0,0.0,1.0
238042,0,1,3400,-69,69,461,9.1,15,0.50,13856.000000,0,27,0.48,0.0,2592.000000,0,0.0,0.0,0.0,1.0
238291,0,1,3400,-69,69,465,10,15,0.50,5504.000000,0,27,0.95,0.0,1568.000000,0,0.0,0.0,0.0,1.0
238540,0,1,3400,-69,69,466,10,15,0.50,5536.000000,0,27,3.0,0.0,24000.000000,20,0.0,0.0,0.0,1.0
238789,0,1,3400,-69,69,464,11,15,0.50,33056.000000,0,27,17,0.0,31040.000000,0,0.0,0.0,0.0,1.0
239038,0,1,3400,-69,69,466,10,15,0.50,11072.000000,0,27,15,0.0,11936.000000,0,0.0,0.0,0.0,1.0
239287,0,1,3400,-69,69,464,10,15,0.50,16576.000000,0,27,13,0.0,0.0,0.0,0.0,0.0,0.0,1.0
239536,0,1,3400,-69,69,463,10,15,0.50,11072.000000,0,27,9.3,0.0,13184.000000,0,0.0,0.0,0.0,1.0
239785,0,1,3400,-69,69,462,11,15,0.50,16768.000000,0,27,10,0.0,0.0,0.0,0.0,0.0,0.0,1.0
240034,0,1,3400,-69,69,464,10,15,0.50,5536.000000,0,27,13,0.0,15520.000000,33,0.0,0.0,0.0,1.0
240283,0,1,3400,-69,69,463,11,15,0.50,31136.000000,0,27,14,0.0,9376.000000,57,0.0,0.0,0.0,1.0
240532,0,1,3400,-69,69,464,10,15,0.50,13152.000000,0,27,11,0.0,60736.000000,17,0.0,0.0,0.0,1.0
240781,0,1,3400,-69,69,463,10,15,0.50,11168.000000,0,27,12,0.0,0.0,0.0,0.0,0.0,0.0,1.0
241030,0,1,3400,-69,69,465,10.0,15,0.50,11168.000000,0,27,11,0.0,9376.000000,0,0.0,0.0,0.0,1.0
241279,0,1,3400,-69,69,462,10,15,0.50,0.0,0.0,27,11,0.0,11936.000000,0,0.0,0.0,0.0,1.0
241528,0,1,3400,-69,69,462,11,15,0.50,16512.000000,8,27,7.4,0.0,25696.000000,17,0.0,0.0,0.0,1.0
241777,0,1,3400,-69,69,463,12,16,0.50,16512.000000,0,27,2.2,0.0,4256.000000,0,0.0,0.0,0.0,1.0
242026,0,1,3400,-68,68,461,10,16,0.50,10944.000000,0,27,3.0,0.0,0.0,0.0,0.0,0.0,0.0,1.0
242275,0,1,3400,-68,68,463,11,16,0.50,16416.000000,0,27,6.4,0.0,11936.000000,0,0.0,0.0,0.0,1.0
242524,0,1,3400,-68,68,458,11,16,0.50,22304.000000,0,27,9.3,0.0,18880.000000,0,0.0,0.0,0.0,1.0
242773,0,1,3400,-68,68,461,8.6,16,0.50,5504.000000,0,27,11,0.0,0.0,0.0,0.0,0.0,0.0,1.0
243022,0,1,3400,-68,68,464,10,16,0.50,16416.000000,0,27,11,0.0,11936.000000,0,0.0,0.0,0.0,1.0
243271,0,1,3400,-68,68,464,11,16,0.50,5408.000000,0,27,12,0.0,15520.000000,33,0.0,0.0,0.0,1.0
243520,0,1,3400,-68,68,462,12,16,0.50,10912.000000,0,27,8.1,0.0,31808.000000,18,0.0,0.0,0.0,1.0
243769,0,1,3400,-68,68,461,11,16,0.50,10784.000000,0,27,11,0.0,0.0,0.0,0.0,0.0,0.0,1.0
244018,0,1,3400,-68,68,458,13,16,0.50,10816.000000,0,27,16,0.0,15520.000000,0,0.0,0.0,0.0,1.0
244267,0,1,3400,-68,68,458,13,16,0.50,16352.000000,0,27,17,0.0,0.0,0.0,0.0,0.0,0.0,1.0
244516,0,1,3400,-68,68,459,13,16,0.50,16288.000000,0,27,14,0.0,18880.000000,0,0.0,0.0,0.0,1.0
244765,0,1,3400,-68,68,462,12,16,0.50,5536.000000,0,27,12,0.0,11936.000000,33,0.0,0.0,0.0,1.0
245014,0,1,3400,-68,68,464,11,16,0.50,5408.000000,0,27,11,0.0,0.0,0.0,0.0,0.0,0.0,1.0
245263,0,1,3400,-68,68,459,12,16,0.50,10976.000000,0,27,11,0.0,11936.000000,50,0.0,0.0,0.0,1.0
245512,0,1,3400,-68,68,461,11,16,0.50,16544.000000,0,27,14,0.0,34400.000000,29,0.0,0.0,0.0,1.0
245761,0,1,3400,-68,68,462,8.0,16,0.50,0.0,0.0,27,11,0.0,0.0,0.0,0.0,0.0,0.0,1.0
246010,0,1,3400,-68,68,462,10,16,0.50,16352.000000,0,27,12,0.0,15520.000000,60,0.0,0.0,0.0,1.0
246259,0,1,3400,-68,68,461,11,16,0.50,27616.000000,0,27,12,0.0,0.0,0.0,0.0,0.0,0.0,1.0
246508,0,1,3400,-68,68,462,11,16,0.50,10944.000000,0,27,11,0.0,18624.000000,20,0.0,0.0,0.0,1.0
246757,0,1,3400,-68,68,464,12,16,0.50,27424.000000,0,27,10,0.0,0.0,0.0,0.0,0.0,0.0,1.0
247006,0,1,3400,-68,68,458,11,16,0.50,22336.000000,0,27,10.0,0.0,0.0,0.0,0.0,0.0,0.0,1.0
247255,0,1,3400,-68,68,461,11,16,0.50,11040.000000,0,27,9.2,0.0,9728.000000,0,0.0,0.0,0.0,1.0
247504,0,1,3400,-68,68,462,8.1,16,0.50,11200.000000,0,27,8.8,0.0,19136.000000,0,0.0,0.0,0.0,1.0
247753,0,1,3400,-69,69,462,9.5,15,0.50,16672.000000,0,27,9.5,0.0,0.0,0.0,0.0,0.0,0.0,1.0
248002,0,1,3400,-69,69,463,9.0,15,0.50,11200.000000,0,27,9.5,0.0,0.0,0.0,0.0,0.0,0.0,1.0
248251,0,1,3400,-69,69,460,9.5,15,0.50,16576.000000,0,27,13,0.0,15520.000000,0,0.0,0.0,0.0,1.0
248500,0,1,3400,-69,69,459,10,15,0.50,11072.000000,0,27,8.4,0.0,15872.000000,0,0.0,0.0,0.0,1.0
248749,0,1,3400,-69,69,458,10,16,0.50,11072.000000,0,27,1.5,0.0,0.0,0.0,0.0,0.0,0.0,1.0
248998,0,1,3400,-68,68,459,11,16,0.50,16640.000000,0,27,4.1,0.0,3360.000000,33,0.0,0.0,0.0,1.0
249247,0,1,3400,-68,68,460,12,16,0.50,27360.000000,0,27,7.9,0.0,0.0,0.0,0.0,0.0,0.0,1.0
249496,0,1,3400,-68,68,462,12,16,0.50,22112.000000,0,27,8.2,0.0,29152.000000,25,0.0,0.0,0.0,1.0
249745,0,1,3400,-68,68,460,11,16,0.50,10976.000000,0,27,9.4,0.0,3360.000000,0,0.0,0.0,0.0,1.0
249994,0,1,3400,-68,68,460,12,16,0.56,21920.000000,0,27,12,0.0,0.0,0.0,0.0,0.0,0.0,1.0
250243,0,1,3400,-68,68,457,10,16,0.50,16192.000000,0,27,12,0.0,0.0,0.0,0.0,0.0,0.0,1.0
250492,0,1,3400,-68,68,462,12,16,0.50,16416.000000,0,27,12,0.0,9056.000000,0,0.0,0.0,0.0,1.0
250741,0,1,3400,-68,68,462,11,16,0.50,5408.000000,0,27,7.5,0.0,0.0,0.0,0.0,0.0,0.0,1.0
250990,0,1,3400,-68,68,462,13,16,0.50,0.0,0.0,27,7.4,0.0,0.0,0.0,0.0,0.0,0.0,1.0
251239,0,1,3400,-68,68,461,13,16,0.50,5408.000000,0,27,7.5,0.0,0.0,0.0,0.0,0.0,0.0,1.0
251488,0,1,3400,-68,68,461,13,16,0.50,0.0,0.0,27,7.4,0.0,0.0,0.0,0.0,0.0,0.0,1.0
251737,0,1,3400,-69,69,461,8.3,16,1.2,16640.000000,8,27,11,0.0,33888.000000,14,0.0,0.0,0.0,1.0
251986,0,1,3400,-69,69,462,10,16,0.50,5536.000000,0,27,16,0.0,0.0,0.0,0.0,0.0,0.0,1.0
252235,0,1,3400,-69,69,461,10,15,0.50,16608.000000,0,27,16,0.0,0.0,0.0,0.0,0.0,0.0,1.0
252484,0,1,3400,-69,69,460,10,15,0.50,11072.000000,0,27,14,0.0,23744.000000,0,0.0,0.0,0.0,1.0
252733,0,1,3400,-69,69,460,10,15,0.50,0.0,0.0,27,13,0.0,15520.000000,0,0.0,0.0,0.0,1.0
252982,0,1,3400,-69,69,461,10,15,0.50,11008.000000,0,27,14,0.0,0.0,0.0,0.0,0.0,0.0,1.0
253231,0,1,3400,-69,69,463,10,15,0.50,5536.000000,0,27,14,0.0,0.0,0.0,0.0,0.0,0.0,1.0
253480,0,1,3400,-69,69,459,10,15,0.50,5536.000000,0,27,14,186,0.0,0.0,0.0,0.0,0.0,1.0
253729,0,1,3400,-69,69,456,10,15,0.50,22080.000000,0,27,10,0.0,18624.000000,0,0.0,0.0,0.0,1.0
253978,0,1,3400,-69,69,458,10,15,0.50,5536.000000,0,27,10.0,0.0,0.0,0,0.0,0.0,0.0,1.0
254227,0,1,3400,-69,69,461,10,15,0.50,11040.000000,0,27,7.0,0.0,2592.000000,0,0.0,0.0,0.0,1.0
254476,0,1,3400,-69,69,460,11,15,0.50,27584.000000,0,27,8.0,0.0,16064.000000,0,0.0,0.0,0.0,1.0
254725,0,1,3400,-69,69,458,10,15,0.50,5536.000000,0,27,8.5,0.0,0.0,0.0,0.0,0.0,0.0,1.0
254974,0,1,3400,-69,69,460,10,15,0.50,5504.000000,0,27,8.5,0.0,0.0,0.0,0.0,0.0,0.0,1.0
255223,0,1,3400,-69,69,458,9.8,15,0.50,16544.000000,0,27,8.5,0.0,0.0,0.0,0.0,0.0,0.0,1.0
255472,0,1,3400,-69,69,458,10,16,0.50,16608.000000,0,27,8.3,0.0,10592.000000,0,0.0,0.0,0.0,1.0
255721,0,1,3400,-69,69,459,10,16,0.50,5536.000000,0,27,7.0,0.0,0.0,0.0,0.0,0.0,0.0,1.0
255970,0,1,3400,-68,68,458,11,16,0.50,27488.000000,0,27,6.9,0.0,0.0,0.0,0.0,0.0,0.0,1.0
256219,0,1,3400,-68,68,460,10,16,0.50,32832.000000,0,27,5.3,0.0,2592.000000,0,0.0,0.0,0.0,1.0
256468,0,1,3400,-69,69,461,10,16,0.50,11040.000000,0,27,4.5,186,0.0,0.0,0.0,0.0,0.0,1.0
256717,0,1,3400,-69,69,460,12,16,0.50,16640.000000,0,27,4.6,0.0,11904.000000,0,0.0,0.0,0.0,1.0
256966,0,1,3400,-69,69,461,11,15,0.50,33056.000000,0,27,4.5,0.0,0.0,0,0.0,0.0,0.0,1.0
257215,0,1,3400,-69,69,459,10,15,0.50,22112.000000,0,27,5.5,0.0,9376.000000,0,0.0,0.0,0.0,1.0
257464,0,1,3400,-69,69,460,8.2,15,0.50,16576.000000,0,27,6.4,0.0,25024.000000,0,0.0,0.0,0.0,1.0
257713,0,1,3400,-70,70,459,7.5,15,0.50,5536.000000,0,27,9.0,0.0,0.0,0.0,0.0,0.0,0.0,1.0
257962,0,1,3400,-70,70,458,9.3,15,0.50,11040.000000,0,27,9.0,0.0,9376.000000,0,0.0,0.0,0.0,1.0
258211,0,1,3400,-70,70,462,8.2,15,0.50,16704.000000,0,27,8.9,0.0,0.0,0.0,0.0,0.0,0.0,1.0
258460,0,1,3400,-70,70,462,10,14,0.50,39008.000000,0,27,5.3,0.0,16064.000000,0,0.0,0.0,0.0,1.0
258709,0,1,3400,-70,70,460,10,14,0.50,5632.000000,0,27,2.4,0.0,5664.000000,0,0.0,0.0,0.0,1.0
258958,0,1,3400,-70,70,460,10.0,14,0.50,16704.000000,0,27,5.5,0.0,0.0,0.0,0.0,0.0,0.0,1.0
259207,0,1,3400,-70,70,458,9.3,15,0.50,14048.000000,0,27,6.3,0.0,11936.000000,50,0.0,0.0,0.0,1.0
259456,0,1,3400,-70,70,462,10,15,0.52,35712.000000,0,27,7.3,0.0,49120.000000,15,0.0,0.0,0.0,1.0
259705,0,1,3400,-70,70,460,9.3,15,0.50,33248.000000,0,27,9.9,0.0,0.0,0.0,0.0,0.0,0.0,1.0
259954,0,1,3400,-69,69,460,9.4,15,0.50,27584.000000,0,27,10,0.0,7200.000000,0,0.0,0.0,0.0,1.0
260203,0,1,3400,-69,69,460,6.5,15,0.50,6208.000000,0,27,12,0.0,0.0,0.0,0.0,0.0,0.0,1.0
260452,0,1,3400,-69,69,459,8.7,15,0.50,16608.000000,0,27,5.4,0.0,29920.000000,0,0.0,0.0,0.0,1.0
260701,0,1,3400,-70,70,462,7.9,15,0.50,6208.000000,0,27,3.1,0.0,1568.000000,0,0.0,0.0,0.0,1.0
260950,0,1,3400,-70,70,461,7.1,15,0.50,11040.000000,0,27,0.0,0.0,0.0,0.0,0.0,0.0,0.0,1.0
261199,0,1,3400,-70,70,460,10,15,0.50,11040.000000,0,27,0.17,0.0,7200.000000,0,0.0,0.0,0.0,1.0
261448,0,1,3400,-70,70,459,9.7,15,0.50,11040.000000,0,27,1.7,0.0,14112.000000,0,0.0,0.0,0.0,1.0
261697,0,1,3400,-70,70,459,10,15,0.50,5536.000000,0,27,0.0,0.0,1568.000000,0,0.0,0.0,0.0,1.0
261946,0,1,3400,-69,69,461,10,15,0.50,11008.000000,0,27,0.0,0.0,0.0,0.0,0.0,0.0,0.0,1.0
262195,0,1,3400,-69,69,459,10,15,0.50,5536.000000,0,27,0.73,0.0,7200.000000,0,0.0,0.0,0.0,1.0
262444,0,1,3400,-69,69,461,10,15,0.50,11040.000000,0,27,3.6,0.0,15904.000000,14,0.0,0.0,0.0,1.0
262693,0,1,3400,-69,69,459,9.4,15,0.50,21472.000000,0,27,3.5,0.0,0.0,0.0,0.0,0.0,0.0,1.0
262942,0,1,3400,-69,69,460,9.9,15,0.50,18976.000000,0,27,4.0,0.0,2528.000000,0,0.0,0.0,0.0,1.0
263191,0,1,3400,-69,69,460,10,15,0.50,11072.000000,0,27,4.0,0.0,0.0,0.0,0.0,0.0,0.0,1.0
263440,0,1,3400,-69,69,458,11,16,0.50,10944.000000,0,27,3.9,0.0,29664.000000,0,0.0,0.0,0.0,1.0
263689,0,1,3400,-69,69,456,12,16,0.50,8512.000000,0,27,4.0,0.0,0.0,0.0,0.0,0.0,0.0,1.0
263938,0,1,3400,-69,69,456,10,15,0.50,19072.000000,0,27,5.5,0.0,22720.000000,0,0.0,0.0,0.0,1.0
264187,0,1,3400,-69,69,459,11,15,0.50,16416.000000,0,27,14,0.0,0.0,0.0,0.0,0.0,0.0,1.0
264436,0,1,3400,-69,69,457,10,15,0.50,16576.000000,0,27,11,0.0,11488.000000,0,0.0,0.0,0.0,1.0
264685,0,1,3400,-69,69,458,9.6,16,0.50,5664.000000,0,27,5.5,0.0,0.0,0.0,0.0,0.0,0.0,1.0
264934,0,1,3400,-69,69,459,9.8,15,0.50,5536.000000,0,27,3.5,0.0,1568.000000,0,0.0,0.0,0.0,1.0
265183,0,1,3400,-69,69,458,10.0,16,0.50,0.0,0.0,27,3.0,0.0,0.0,0.0,0.0,0.0,0.0,1.0
265432,0,1,3400,-69,69,462,12,16,1.7,5504.000000,20,27,3.7,0.0,19968.000000,0,0.0,0.0,0.0,1.0
265681,0,1,3400,-69,69,462,10,16,0.50,16448.000000,0,27,5.5,0.0,11456.000000,0,0.0,0.0,0.0,1.0
265930,0,1,3400,-69,69,457,9.9,15,0.50,11200.000000,0,27,5.5,0.0,7200.000000,0,0.0,0.0,0.0,1.0
266179,0,1,3400,-69,69,457,10,15,0.50,26400.000000,0,27,5.5,0.0,0.0,0.0,0.0,0.0,0.0,1.0
266428,0,1,3400,-69,69,456,10,15,0.50,17952.000000,0,27,4.0,0.0,13664.000000,0,0.0,0.0,0.0,1.0
266677,0,1,3400,-69,69,458,12,16,0.50,0.0,0.0,27,2.5,0.0,0.0,0.0,0.0,0.0,0.0,1.0
266926,0,1,3400,-69,69,456,7.7,16,0.50,10816.000000,0,27,2.5,0.0,0.0,0.0,0.0,0.0,0.0,1.0
267175,0,1,3400,-69,69,458,8.2,16,0.50,5408.000000,0,27,2.5,0.0,0.0,0.0,0.0,0.0,0.0,1.0
267424,0,1,3400,-69,69,456,8.7,16,0.50,16384.000000,0,27,3.0,0.0,23584.000000,0,0.0,0.0,0.0,1.0
267673,0,1,3400,-69,69,459,7.9,16,0.50,21792.000000,0,27,3.4,0.0,0.0,0.0,0.0,0.0,0.0,1.0
267922,0,1,3400,-69,69,458,11,16,0.50,10656.000000,0,27,4.7,0.0,7200.000000,0,0.0,0.0,0.0,1.0
268171,0,1,3400,-69,69,455,9.0,16,0.50,0.0,0.0,27,5.0,0.0,4384.000000,0,0.0,0.0,0.0,1.0
268420,0,1,3400,-69,69,455,10,16,0.50,16064.000000,0,27,6.0,0.0,14400.000000,0,0.0,0.0,0.0,1.0
268669,0,1,3400,-69,69,457,13,16,0.50,5408.000000,0,27,6.9,0.0,7200.000000,0,0.0,0.0,0.0,1.0
268918,0,1,3400,-68,68,461,13,16,0.50,0.0,0.0,27,7.0,0.0,0.0,0.0,0.0,0.0,0.0,1.0
269167,0,1,3400,-68,68,460,12,16,0.50,10720.000000,0,27,5.1,0.0,896,0,0.0,0.0,0.0,1.0
269416,0,1,3400,-68,68,457,11,16,0.50,10720.000000,0,27,6.8,0.0,19136.000000,0,0.0,0.0,0.0,1.0
269665,0,1,3400,-68,68,455,11,16,0.50,16288.000000,0,27,9.5,0.0,0.0,0.0,0.0,0.0,0.0,1.0
269914,0,1,3400,-68,68,456,8.0,16,0.50,10848.000000,0,27,7.1,0.0,7200.000000,0,0.0,0.0,0.0,1.0
270163,0,1,3400,-68,68,456,11,16,0.50,27104.000000,0,27,5.1,0.0,1568.000000,0,0.0,0.0,0.0,1.0
270412,0,1,3400,-69,69,457,12,16,0.50,15616.000000,0,27,3.5,186,0.0,0.0,0.0,0.0,0.0,1.0
270661,0,1,3400,-69,69,459,12,16,0.50,5408.000000,0,27,1.8,0.0,15872.000000,0,0.0,0.0,0.0,1.0
270910,0,1,3400,-69,69,458,10,16,0.50,21632.000000,0,27,3.1,0.0,11936.000000,33,0.0,0.0,0.0,1.0
271159,0,1,3400,-69,69,454,8.4,16,0.50,16096.000000,0,27,7.0,0.0,2528.000000,0,0.0,0.0,0.0,1.0
271408,0,1,3400,-69,69,456,6.8,16,0.50,21696.000000,0,27,10,0.0,18880.000000,0,0.0,0.0,0.0,1.0
271657,0,1,3400,-69,69,457,9.1,15,0.50,37696.000000,0,27,10,0.0,2592.000000,0,0.0,0.0,0.0,1.0
271906,0,1,3400,-69,69,455,8.1,16,0.50,10656.000000,0,27,7.0,0.0,0.0,0.0,0.0,0.0,0.0,1.0
272155,0,1,3400,-69,69,459,9.6,16,0.50,10848.000000,0,27,6.8,0.0,1568.000000,0,0.0,0.0,0.0,1.0
272404,0,1,3400,-69,69,457,8.2,16,0.50,21664.000000,0,27,7.9,0.0,16064.000000,0,0.0,0.0,0.0,1.0
272653,0,1,3400,-69,69,457,11,16,0.50,10880.000000,0,27,7.6,0.0,2592.000000,0,0.0,0.0,0.0,1.0
272902,0,1,3400,-69,69,459,7.5,16,0.50,5504.000000,0,27,5.5,0.0,0.0,0.0,0.0,0.0,0.0,1.0
273151,0,1,3400,-69,69,459,8.0,16,0.50,10752.000000,0,27,5.5,0.0,0.0,0.0,0.0,0.0,0.0,1.0
273400,0,1,3400,-69,69,453,10,16,0.50,21056.000000,0,27,2.7,0.0,16128.000000,0,0.0,0.0,0.0,1.0
273649,0,1,3400,-69,69,456,9.7,16,0.50,31808.000000,0,27,0.0,0.0,0.0,0.0,0.0,0.0,0.0,1.0
273898,0,1,3400,-68,68,456,11,16,0.50,16224.000000,0,27,0.0,0.0,0.0,0.0,0.0,0.0,0.0,1.0
274147,0,1,3400,-68,68,455,9.9,16,0.50,5344.000000,0,27,0.0,0.0,0.0,0.0,0.0,0.0,0.0,1.0
274396,0,1,3400,-68,68,451,8.5,16,0.50,0.0,0.0,27,0.0,0.0,0.0,0.0,0.0,0.0,0.0,1.0
274645,0,1,3400,-68,68,455,11,16,0.50,27008.000000,0,27,10,0.0,24256.000000,0,0.0,0.0,0.0,1.0
274894,0,1,3400,-68,68,455,13,16,0.50,5408.000000,0,27,11,0.0,0.0,0.0,0.0,0.0,0.0,1.0
275143,0,1,3400,-68,68,454,13,16,0.50,5408.000000,0,27,11,0.0,0.0,0.0,0.0,0.0,0.0,1.0
275392,0,1,3400,-68,68,455,13,17,0.50,5408.000000,0,27,11,0.0,0.0,0.0,0.0,0.0,0.0,1.0
275641,0,1,3400,-68,68,455,12,16,0.50,37792.000000,0,27,7.8,0.0,11616.000000,0,0.0,0.0,0.0,1.0
275890,0,1,3400,-68,68,457,9.0,17,0.50,0.0,0.0,27,7.0,0.0,0.0,0.0,0.0,0.0,0.0,1.0
276139,0,1,3400,-68,68,456,10,16,0.50,26912.000000,0,27,7.0,0.0,0.0,0.0,0.0,0.0,0.0,1.0
276388,0,1,3400,-69,69,454,13,16,0.50,10784.000000,0,27,8.8,0.0,19136.000000,20,0.0,0.0,0.0,1.0
276637,0,1,3400,-69,69,452,12,16,0.50,16256.000000,0,27,9.5,0.0,0.0,0.0,0.0,0.0,0.0,1.0
276886,0,1,3400,-69,69,453,11,15,0.50,16288.000000,0,27,9.5,0.0,0.0,0,0.0,0.0,0.0,1.0
277135,0,1,3400,-69,69,454,13,16,0.50,16160.000000,0,27,5.5,0.0,4256.000000,0,0.0,0.0,0.0,1.0
277384,0,1,3400,-69,69,457,8.4,15,0.50,17376.000000,0,27,6.9,0.0,13888.000000,0,0.0,0.0,0.0,1.0
277633,0,1,3400,-69,69,456,9.0,15,0.50,20369.478516,0,27,7.5,0.0,0.0,0.0,0.0,0.0,0.0,1.0
277882,0,1,3400,-69,69,453,9.7,15,0.50,26772.908203,0,27,7.4,0.0,0.0,0,0.0,0.0,0.0,1.0
278131,0,1,3400,-69,69,458,10,15,0.50,16320.000000,0,27,4.5,0.0,2592.000000,0,0.0,0.0,0.0,1.0
278380,0,1,3400,-69,69,458,8.4,15,0.50,16384.000000,0,27,6.6,0.0,16064.000000,0,0.0,0.0,0.0,1.0
278629,0,1,3400,-69,69,455,8.1,15,0.50,16192.000000,0,27,8.5,0.0,0.0,0.0,0.0,0.0,0.0,1.0
278878,0,1,3400,-69,69,456,11,15,0.68,16192.000000,0,27,8.5,0.0,0.0,0.0,0.0,0.0,0.0,1.0
279127,0,1,3400,-69,69,457,8.7,15,0.50,10752.000000,0,27,8.5,0.0,0.0,0.0,0.0,0.0,0.0,1.0
279376,0,1,3400,-69,69,455,8.1,15,0.50,10656.000000,0,27,8.1,0.0,17888.000000,0,0.0,0.0,0.0,1.0
279625,0,1,3400,-70,70,458,8.5,15,0.50,5344.000000,0,27,7.9,0.0,41408.000000,0,0.0,0.0,0.0,1.0
279874,0,1,3400,-70,70,454,6.3,15,0.50,10752.000000,0,27,8.2,0.0,17056.000000,33,0.0,0.0,0.0,1.0
280123,0,1,3400,-70,70,454,11,15,0.50,5440.000000,0,27,8.4,0.0,9376.000000,0,0.0,0.0,0.0,1.0
280372,0,1,3400,-70,70,454,8.8,14,0.50,10688.000000,0,27,3.6,0.0,36416.000000,0,0.0,0.0,0.0,1.0
280621,0,1,3400,-70,70,455,8.1,14,0.50,16288.000000,0,27,2.0,0.0,0.0,0.0,0.0,0.0,0.0,1.0
280870,0,1,3400,-70,70,457,9.8,14,0.50,26880.000000,0,27,2.0,0.0,0.0,0.0,0.0,0.0,0.0,1.0
281119,0,1,3400,-70,70,456,11,15,0.50,0.0,0.0,27,2.0,0.0,0.0,0.0,0.0,0.0,0.0,1.0
281368,0,1,3400,-70,70,458,8.5,15,0.50,16000.000000,0,27,5.9,0.0,13888.000000,0,0.0,0.0,0.0,1.0
281617,0,1,3400,-70,70,459,9.4,15,0.50,10784.000000,0,27,7.5,0.0,0.0,0.0,0.0,0.0,0.0,1.0
281866,0,1,3400,-69,69,457,9.1,15,0.50,5344.000000,0,27,7.5,0.0,0.0,0.0,0.0,0.0,0.0,1.0
282115,0,1,3400,-69,69,451,8.6,16,0.51,10912.000000,0,27,7.5,0.0,0.0,0.0,0.0,0.0,0.0,1.0
282364,0,1,3400,-69,69,452,8.5,15,0.70,10688.000000,0,27,7.9,0.0,16576.000000,20,0.0,0.0,0.0,1.0
282613,0,1,3400,-69,69,455,7.7,15,0.55,21280.000000,0,27,8.0,0.0,0.0,0.0,0.0,0.0,0.0,1.0
282862,0,1,3400,-69,69,453,8.8,15,0.50,10656.000000,0,27,8.0,0.0,0.0,0.0,0.0,0.0,0.0,1.0
283111,0,1,3400,-69,69,458,8.1,15,0.50,10816.000000,0,27,8.0,0.0,0.0,0.0,0.0,0.0,0.0,1.0
283360,0,1,3400,-69,69,458,9.0,15,0.50,16192.000000,0,27,6.7,0.0,48416.000000,0,0.0,0.0,0.0,1.0
283609,0,1,3400,-70,70,455,9.8,15,0.50,5472.000000,0,27,4.5,0.0,0.0,0.0,0.0,0.0,0.0,1.0
283858,0,1,3400,-70,70,452,8.0,15,0.50,5344.000000,0,27,4.5,0.0,0.0,0.0,0.0,0.0,0.0,1.0
284107,0,1,3400,-70,70,453,8.5,15,0.56,10827.309570,0,27,5.2,0.0,9413.654297,0,0.0,0.0,0.0,1.0
284356,0,1,3400,-70,70,453,10,14,0.65,21482.072266,0,27,2.2,0.0,17402.390625,0,0.0,0.0,0.0,1.0
284605,0,1,3400,-70,70,453,9.1,14,0.51,21568.000000,0,27,1.0,0.0,0.0,0.0,0.0,0.0,0.0,1.0
284854,0,1,3400,-70,70,456,7.2,14,0.50,5440.000000,0,27,1.0,0.0,0.0,0.0,0.0,0.0,0.0,1.0
285103,0,1,3400,-70,70,457,9.2,15,0.50,10656.000000,0,27,9.5,0.0,15520.000000,33,0.0,0.0,0.0,1.0
285352,0,1,3400,-70,70,453,7.1,14,0.50,10752.000000,0,27,6.7,0.0,11008.000000,0,0.0,0.0,0.0,1.0
285601,0,1,3400,-71,71,457,8.0,14,0.50,10784.000000,0,27,4.0,0.0,0.0,0.0,0.0,0.0,0.0,1.0
285850,0,1,3400,-71,71,458,6.7,14,0.50,16320.000000,0,27,4.0,0.0,0.0,0.0,0.0,0.0,0.0,1.0
286099,0,1,3400,-71,71,453,7.4,14,0.50,11040.000000,0,27,4.0,0.0,0.0,0.0,0.0,0.0,0.0,1.0
286348,0,1,3400,-71,71,453,7.2,13,0.50,27136.000000,0,27,4.9,0.0,29472.000000,0,0.0,0.0,0.0,1.0
286597,0,1,3400,-71,71,457,8.0,14,0.50,5312.000000,0,27,6.0,0.0,0.0,0.0,0.0,0.0,0.0,1.0
286846,0,1,3400,-71,71,458,7.2,14,0.50,5472.000000,0,27,6.0,0.0,0.0,0.0,0.0,0.0,0.0,1.0
287095,0,1,3400,-71,71,458,6.8,14,0.50,11104.000000,0,27,5.5,0.0,7200.000000,0,0.0,0.0,0.0,1.0
287344,0,1,3400,-71,71,455,7.0,13,0.55,16416.000000,0,27,8.0,0.0,46528.000000,0,0.0,0.0,0.0,1.0
287593,0,1,3400,-71,71,458,7.0,14,0.50,5472.000000,0,27,10,0.0,0.0,0.0,0.0,0.0,0.0,1.0
287842,0,1,3400,-71,71,452,7.0,14,0.50,0.0,0.0,27,11,0.0,0.0,0.0,0.0,0.0,0.0,1.0
288091,0,1,3400,-71,71,456,6.9,14,0.50,16576.000000,0,27,10,0.0,0.0,0.0,0.0,0.0,0.0,1.0
288340,0,1,3400,-71,71,452,7.7,13,0.50,16256.000000,0,27,11,0.0,13632.000000,0,0.0,0.0,0.0,1.0
288589,0,1,3400,-72,72,456,7.2,13,0.50,5568.000000,0,27,12,0.0,0.0,0.0,0.0,0.0,0.0,1.0
288838,0,1,3400,-72,72,457,7.8,13,0.50,16256.000000,0,27,12,0.0,0.0,0.0,0.0,0.0,0.0,1.0
289087,0,1,3400,-72,72,455,8.0,13,0.50,10784.000000,0,27,12,0.0,0.0,0.0,0.0,0.0,0.0,1.0
289336,0,1,3400,-72,72,452,5.9,13,0.50,16288.000000,0,27,10,0.0,19136.000000,0,0.0,0.0,0.0,1.0
289585,0,1,3400,-72,72,457,7.6,13,0.50,16224.000000,0,27,9.5,0.0,0.0,0.0,0.0,0.0,0.0,1.0
289834,0,1,3400,-72,72,458,5.2,13,0.50,10880.000000,0,27,9.5,0.0,0.0,0.0,0.0,0.0,0.0,1.0
290083,0,1,3400,-72,72,454,7.0,13,0.50,21696.000000,0,27,9.5,0.0,0.0,0.0,0.0,0.0,0.0,1.0
290332,0,1,3400,-72,72,451,6.7,13,0.50,10944.000000,0,27,9.2,0.0,12384.000000,0,0.0,0.0,0.0,1.0
290581,0,1,3400,-73,73,451,6.4,12,0.50,16738.955078,0,27,1.5,0.0,1381.526123,0,0.0,0.0,0.0,1.0
290830,0,1,3400,-73,73,451,7.8,12,0.69,16095.617188,0,27,2.0,0.0,3346.613525,0,0.0,0.0,0.0,1.0
291079,0,1,3400,-73,73,454,7.1,12,0.51,10944.000000,0,27,5.5,0.0,5664.000000,0,0.0,0.0,0.0,1.0
291328,0,1,3400,-73,73,454,7.8,12,0.50,10784.000000,0,27,4.2,0.0,15904.000000,0,0.0,0.0,0.0,1.0
291577,0,1,3400,-73,73,450,4.9,12,0.50,5440.000000,0,27,3.5,0.0,0.0,0.0,0.0,0.0,0.0,1.0
291826,0,1,3400,-73,73,454,5.6,12,0.50,21920.000000,0,27,3.5,0.0,0.0,0.0,0.0,0.0,0.0,1.0
292075,0,1,3400,-73,73,456,5.9,12,0.52,32800.000000,0,27,3.5,0.0,0.0,0.0,0.0,0.0,0.0,1.0
292324,0,1,3400,-73,73,458,5.9,12,0.50,11040.000000,0,27,5.7,0.0,25568.000000,25,0.0,0.0,0.0,1.0
292573,0,1,3400,-73,73,453,5.6,11,0.50,22176.000000,0,27,7.5,0.0,0.0,0.0,0.0,0.0,0.0,1.0
292822,0,1,3400,-74,74,454,6.0,11,0.50,0.0,0.0,27,7.5,0.0,0.0,0.0,0.0,0.0,0.0,1.0
293071,0,1,3400,-74,74,454,6.0,11,0.50,5536.000000,0,27,7.5,0.0,0.0,0.0,0.0,0.0,0.0,1.0
293320,0,1,3400,-74,74,454,6.0,11,0.50,21920.000000,0,27,8.8,0.0,24256.000000,20,0.0,0.0,0.0,1.0
293569,0,1,3400,-74,74,452,4.1,11,0.50,11072.000000,0,27,11,0.0,0.0,0.0,0.0,0.0,0.0,1.0
293818,0,1,3400,-74,74,453,4.0,11,0.50,22240.000000,0,27,11,0.0,0.0,0.0,0.0,0.0,0.0,1.0
294067,0,1,3400,-74,74,455,4.3,11,0.50,5504.000000,0,27,11,0.0,0.0,0.0,0.0,0.0,0.0,1.0
294316,0,1,3400,-74,74,452,5.3,11,0.50,16576.000000,0,27,9.0,0.0,13600.000000,0,0.0,0.0,0.0,1.0
294565,0,1,3400,-74,74,453,4.1,11,0.50,5376.000000,0,27,6.0,0.0,0.0,0.0,0.0,0.0,0.0,1.0
294814,0,1,3400,-74,74,456,5.4,11,0.50,33120.000000,0,27,6.0,0.0,0.0,0.0,0.0,0.0,0.0,1.0
295063,0,1,3400,-74,74,455,5.9,11,0.50,33088.000000,0,27,6.0,0.0,0.0,0.0,0.0,0.0,0.0,1.0
295312,0,1,3400,-74,74,454,6.0,11,0.50,5536.000000,0,27,8.7,0.0,25632.000000,9,0.0,0.0,0.0,1.0
295561,0,1,3400,-74,74,454,5.3,10,0.50,11136.000000,0,27,1.5,0.0,0.0,0.0,0.0,0.0,0.0,1.0
295810,0,1,3400,-75,75,455,4.5,11,0.50,5824.000000,0,27,1.5,0.0,0.0,0.0,0.0,0.0,0.0,1.0
296059,0,1,3400,-75,75,453,5.7,10,0.50,16448.000000,0,27,1.5,0.0,0.0,0.0,0.0,0.0,0.0,1.0
296308,0,1,3400,-75,75,452,4.1,10,0.50,32544.000000,0,27,4.0,0.0,7840.000000,0,0.0,0.0,0.0,1.0
296557,0,1,3400,-75,75,450,3.4,10,0.50,5504.000000,0,27,5.0,0.0,0.0,0.0,0.0,0.0,0.0,1.0
296806,0,1,3400,-75,75,452,3.0,12,0.50,0.0,0.0,27,5.0,0.0,0.0,0.0,0.0,0.0,0.0,1.0
297055,0,1,3400,-75,75,452,5.4,12,0.50,10784.000000,0,27,5.0,0.0,0.0,0.0,0.0,0.0,0.0,1.0
297304,0,1,3400,-75,75,454,6.3,12,0.52,21888.000000,0,27,9.7,0.0,23488.000000,0,0.0,0.0,0.0,1.0
297553,0,1,3400,-75,75,453,6.5,12,0.63,27264.000000,0,27,13,0.0,0.0,0.0,0.0,0.0,0.0,1.0
297802,0,1,3400,-75,75,457,6.4,12,0.55,22112.000000,0,27,14,0.0,0.0,0.0,0.0,0.0,0.0,1.0
298051,0,1,3400,-75,75,460,5.3,12,0.50,21888.000000,0,27,14,0.0,0.0,0.0,0.0,0.0,0.0,1.0
298300,0,1,3400,-75,75,459,5.9,12,0.52,21984.000000,0,27,13,0.0,18368.000000,0,0.0,0.0,0.0,1.0
298549,0,1,3400,-74,74,461,7.7,12,0.64,26848.000000,0,27,12,0.0,0.0,0.0,0.0,0.0,0.0,1.0
298798,0,1,3400,-74,74,456,7.6,13,0.51,27136.000000,0,27,12,0.0,0.0,0.0,0.0,0.0,0.0,1.0
299047,0,1,3400,-74,74,456,7.8,13,0.56,16160.000000,0,27,12,0.0,0.0,0.0,0.0,0.0,0.0,1.0
299296,0,1,3400,-74,74,458,7.5,13,0.66,21504.000000,0,27,10,0.0,14144.000000,0,0.0,0.0,0.0,1.0
299545,0,1,3400,-74,74,457,7.6,13,0.51,27040.000000,0,27,8.5,0.0,0.0,0.0,0.0,0.0,0.0,1.0
299794,0,1,3400,-74,74,456,7.5,13,0.52,27424.000000,0,27,8.5,0.0,0.0,0.0,0.0,0.0,0.0,1.0
300043,0,1,3400,-74,74,458,7.4,13,0.60,27296.000000,0,27,8.5,0.0,0.0,0.0,0.0,0.0,0.0,1.0
300292,0,1,3400,-74,74,453,7.3,13,0.61,16256.000000,0,27,9.9,0.0,15808.000000,0,0.0,0.0,0.0,1.0
300541,0,1,3400,-74,74,450,8.1,13,0.76,10912.000000,0,27,10,0.0,0.0,0.0,0.0,0.0,0.0,1.0
300790,0,1,3400,-74,74,455,7.9,13,0.50,11168.000000,0,27,10,0.0,0.0,0.0,0.0,0.0,0.0,1.0
301039,0,1,3400,-74,74,456,8.3,13,0.62,5472.000000,0,27,10,0.0,0.0,0.0,0.0,0.0,0.0,1.0
301288,0,1,3400,-74,74,457,7.3,13,0.61,16128.000000,0,27,8.8,0.0,9056.000000,0,0.0,0.0,0.0,1.0
301537,0,1,3400,-75,75,456,7.0,13,0.60,16224.000000,0,27,7.5,0.0,0.0,0.0,0.0,0.0,0.0,1.0
301786,0,1,3400,-75,75,453,8.0,12,0.55,5376.000000,0,27,7.5,0.0,0.0,0.0,0.0,0.0,0.0,1.0
302035,0,1,3400,-75,75,454,7.0,12,0.52,27104.000000,0,27,7.5,0.0,0.0,0.0,0.0,0.0,0.0,1.0
302284,0,1,3400,-75,75,452,5.0,12,0.50,11104.000000,0,27,9.1,0.0,15808.000000,0,0.0,0.0,0.0,1.0
302533,0,1,3400,-75,75,453,5.2,11,0.50,10880.000000,0,27,10,0.0,0.0,0.0,0.0,0.0,0.0,1.0
302782,0,1,3400,-76,76,455,3.9,11,0.50,5504.000000,0,27,10,0.0,0.0,0.0,0.0,0.0,0.0,1.0
303031,0,1,3400,-76,76,457,4.0,11,0.50,16448.000000,0,27,10,0.0,0.0,0.0,0.0,0.0,0.0,1.0
303280,0,1,3400,-76,76,454,4.8,11,0.50,5504.000000,0,27,11,0.0,18368.000000,0,0.0,0.0,0.0,1.0
303529,0,1,3400,-76,76,456,5.8,11,0.50,16546.185547,0,27,12,0.0,0.0,0.0,0.0,0.0,0.0,1.0
303778,0,1,3400,-76,76,456,4.0,10,0.55,27505.976562,0,27,12,0.0,0.0,0.0,0.0,0.0,0.0,1.0
304027,0,1,3400,-76,76,457,5.0,11,0.50,0.0,0.0,27,12,0.0,0.0,0.0,0.0,0.0,0.0,1.0
304276,0,1,3400,-76,76,455,3.8,11,0.50,27424.000000,0,27,11,0.0,18624.000000,0,0.0,0.0,0.0,1.0
304525,0,1,3400,-75,75,454,4.5,11,0.50,11040.000000,0,27,10,0.0,0.0,0.0,0.0,0.0,0.0,1.0
304774,0,1,3400,-75,75,451,4.4,12,0.53,27424.000000,0,27,10,0.0,0.0,0.0,0.0,0.0,0.0,1.0
305023,0,1,3400,-75,75,452,6.5,12,0.69,10912.000000,0,27,10,0.0,0.0,0.0,0.0,0.0,0.0,1.0
305272,0,1,3400,-75,75,455,3.5,12,0.50,32800.000000,0,27,10,0.0,18368.000000,0,0.0,0.0,0.0,1.0
305521,0,1,3400,-74,74,454,7.3,13,0.50,11296.000000,0,27,10,0.0,0.0,0.0,0.0,0.0,0.0,1.0
305770,0,1,3400,-74,74,453,6.2,13,0.50,21504.000000,0,27,10,0.0,0.0,0.0,0.0,0.0,0.0,1.0
306019,0,1,3400,-74,74,453,5.3,13,0.51,16352.000000,0,27,10,0.0,0.0,0.0,0.0,0.0,0.0,1.0
306268,0,1,3400,-74,74,451,8.0,13,0.75,5312.000000,0,27,11,0.0,21952.000000,0,0.0,0.0,0.0,1.0
306517,0,1,3400,-75,75,455,7.5,12,0.70,11072.000000,0,27,13,0.0,0.0,0.0,0.0,0.0,0.0,1.0
306766,0,1,3400,-75,75,453,5.4,12,0.53,10688.000000,0,27,12,0.0,9376.000000,0,0.0,0.0,0.0,1.0
307015,0,1,3400,-75,75,452,5.3,11,0.50,5504.000000,0,27,11,0.0,0.0,0.0,0.0,0.0,0.0,1.0
307264,0,1,3400,-75,75,450,5.1,11,0.55,33024.000000,0,27,11,0.0,22208.000000,0,0.0,0.0,0.0,1.0
307513,0,1,3400,-75,75,450,4.9,12,0.61,10944.000000,0,27,11,0.0,0.0,0.0,0.0,0.0,0.0,1.0
307762,0,1,3400,-75,75,448,7.3,12,0.59,16768.000000,0,27,11,0.0,0.0,0.0,0.0,0.0,0.0,1.0
308011,0,1,3400,-75,75,453,6.2,12,0.50,5536.000000,0,27,11,0.0,0.0,0.0,0.0,0.0,0.0,1.0
308260,0,1,3400,-75,75,452,5.8,12,0.50,10912.000000,0,27,11,0.0,15808.000000,0,0.0,0.0,0.0,1.0
308509,0,1,3400,-75,75,452,5.9,11,0.50,5536.000000,0,27,10,0.0,0.0,0.0,0.0,0.0,0.0,1.0
308758,0,1,3400,-76,76,453,5.9,11,0.50,11136.000000,0,27,10,0.0,0.0,0.0,0.0,0.0,0.0,1.0
309007,0,1,3400,-76,76,451,4.6,11,0.50,11072.000000,0,27,13,0.0,15520.000000,0,0.0,0.0,0.0,1.0
309256,0,1,3400,-76,76,451,5.6,11,0.50,16448.000000,0,27,11,0.0,15808.000000,0,0.0,0.0,0.0,1.0
309505,0,1,3400,-76,76,452,5.8,10,0.50,5526.104492,0,27,11,0.0,17124.498047,0,0.0,0.0,0.0,1.0
309754,0,1,3400,-77,77,454,3.2,9.8,0.50,27601.593750,0,27,12,0.0,0.0,0.0,0.0,0.0,0.0,1.0
310003,0,1,3400,-77,77,457,3.4,9.5,0.50,22393.574219,0,27,12,0.0,15582.329102,0,0.0,0.0,0.0,1.0
310252,0,1,3400,-77,77,455,3.8,9.6,0.54,33536.000000,0,27,14,0.0,23488.000000,0,0.0,0.0,0.0,1.0
310501,0,1,3400,-77,77,452,3.6,9.5,0.50,16733.068359,0,27,13,0.0,11888.446289,0,0.0,0.0,0.0,1.0
310750,0,1,3400,-77,77,451,4.6,9.4,0.68,7072.000000,0,27,12,0.0,0.0,0.0,0.0,0.0,0.0,1.0
310999,0,1,3400,-78,78,450,2.5,9.2,0.50,3840.000000,0,27,12,0.0,0.0,0.0,0.0,0.0,0.0,1.0
311248,0,1,3400,-78,78,448,2.9,9.0,0.50,5600.000000,0,27,11,0.0,22464.000000,0,0.0,0.0,0.0,1.0
311497,0,1,3400,-78,78,451,3.4,8.6,0.50,11200.000000,0,27,11,0.0,7200.000000,0,0.0,0.0,0.0,1.0
311746,0,1,3400,-78,78,451,3.2,8.9,0.50,11072.000000,0,27,9.5,0.0,0.0,0.0,0.0,0.0,0.0,1.0
311995,0,1,3400,-78,78,450,3.2,9.3,0.51,5792.000000,0,27,12,0.0,22720.000000,0,0.0,0.0,0.0,1.0
312244,0,1,3400,-77,77,448,3.6,8.8,0.50,22400.000000,0,27,11,0.0,13632.000000,0,0.0,0.0,0.0,1.0
312493,0,1,3400,-77,77,454,3.1,9.0,0.50,22560.000000,0,27,9.5,0.0,0.0,0.0,0.0,0.0,0.0,1.0
312742,0,1,3400,-77,77,452,3.0,9.6,0.50,5600.000000,0,27,9.5,0.0,0.0,0.0,0.0,0.0,0.0,1.0
312991,0,1,3400,-77,77,451,3.1,9.9,0.50,5600.000000,0,27,9.5,0.0,0.0,0.0,0.0,0.0,0.0,1.0
313240,0,1,3400,-77,77,449,3.4,9.8,0.50,22592.000000,0,27,8.8,0.0,14144.000000,0,0.0,0.0,0.0,1.0
313489,0,1,3400,-77,77,449,7.0,10.0,1.7,5792.000000,17,27,8.5,0.0,0.0,0.0,0.0,0.0,0.0,1.0
313738,0,1,3400,-77,77,449,6.3,10,1.4,0.0,100.000000,27,8.5,0.0,0.0,0.0,0.0,0.0,0.0,1.0
313987,0,1,3400,-77,77,451,2.6,9.4,0.56,53888.000000,0,27,8.5,0.0,0.0,0.0,0.0,0.0,0.0,1.0
314236,0,1,3400,-77,77,451,3.4,9.8,0.54,20736.000000,0,27,7.8,0.0,7840.000000,0,0.0,0.0,0.0,1.0
314485,0,1,3400,-77,77,449,1.6,10,0.59,6144.000000,0,27,5.0,0.0,0.0,0.0,0.0,0.0,0.0,1.0
314734,0,1,3400,-77,77,450,5.2,10,0.50,11104.000000,0,27,5.0,0.0,0.0,0.0,0.0,0.0,0.0,1.0
314983,0,1,3400,-77,77,450,3.0,10,0.50,1632.000000,0,27,5.0,0.0,0.0,0.0,0.0,0.0,0.0,1.0
315232,0,1,3400,-77,77,448,4.6,9.9,0.51,25856.000000,0,27,6.6,0.0,18880.000000,0,0.0,0.0,0.0,1.0
315481,0,1,3400,-77,77,447,6.5,10,0.64,22880.000000,0,27,7.0,0.0,0.0,0.0,0.0,0.0,0.0,1.0
315730,0,1,3400,-77,77,446,2.3,10,0.50,5558.232910,0,27,7.0,0.0,0.0,0.0,0.0,0.0,0.0,1.0
315979,0,1,3400,-77,77,449,3.6,9.9,0.50,5632.000000,0,27,7.3,0.0,7200.000000,0,0.0,0.0,0.0,1.0
316228,0,1,3400,-77,77,449,2.2,10,0.50,11392.000000,0,27,7.7,0.0,9184.000000,0,0.0,0.0,0.0,1.0
316477,0,1,3400,-77,77,448,4.8,10,1.2,11200.000000,20,27,6.5,0.0,0.0,0.0,0.0,0.0,0.0,1.0
316726,0,1,3400,-77,77,449,5.7,10,1.1,10880.000000,14,27,6.5,0.0,0.0,0.0,0.0,0.0,0.0,1.0
316975,0,1,3400,-77,77,448,5.4,11,0.50,10868.526367,0,27,6.5,0.0,0.0,0.0,0.0,0.0,0.0,1.0
317224,0,1,3400,-77,77,450,5.7,11,0.50,5376.000000,0,27,7.1,0.0,13888.000000,0,0.0,0.0,0.0,1.0
317473,0,1,3400,-77,77,449,5.9,10,0.50,5536.000000,0,27,7.5,0.0,0.0,0.0,0.0,0.0,0.0,1.0
317722,0,1,3400,-77,77,451,5.6,10,0.58,10880.000000,0,27,7.5,0.0,0.0,0.0,0.0,0.0,0.0,1.0
317971,0,1,3400,-77,77,452,3.8,11,0.51,7776.000000,0,27,7.5,0.0,0.0,0.0,0.0,0.0,0.0,1.0
318220,0,1,3400,-77,77,448,4.3,10,0.50,25312.000000,0,27,8.4,0.0,137056.000000,0,0.0,0.0,0.0,1.0
318469,0,1,3400,-77,77,448,4.2,10,0.50,10752.000000,0,27,13,0.0,0.0,0.0,0.0,0.0,0.0,1.0
318718,0,1,3400,-77,77,449,3.6,9.9,0.50,22432.000000,0,27,13,0.0,0.0,0.0,0.0,0.0,0.0,1.0
318967,0,1,3400,-77,77,448,6.2,10,0.70,10880.000000,0,27,13,0.0,0.0,0.0,0.0,0.0,0.0,1.0
319216,0,1,3400,-76,76,449,5.5,11,0.75,5376.000000,0,27,12,0.0,75456.000000,0,0.0,0.0,0.0,1.0
319465,0,1,3400,-76,76,448,4.3,11,0.51,22016.000000,0,27,9.5,0.0,0.0,0.0,0.0,0.0,0.0,1.0
319714,0,1,3400,-76,76,448,3.3,11,0.50,11040.000000,0,27,9.5,0.0,0.0,0.0,0.0,0.0,0.0,1.0
319963,0,1,3400,-76,76,453,4.8,11,0.50,11104.000000,0,27,9.5,0.0,0.0,0.0,0.0,0.0,0.0,1.0
320212,0,1,3400,-76,76,448,3.1,11,0.50,16736.000000,0,27,9.0,0.0,25696.000000,0,0.0,0.0,0.0,1.0
320461,0,1,3400,-75,75,450,2.2,12,0.50,17504.000000,0,27,9.5,0.0,0.0,0.0,0.0,0.0,0.0,1.0
320710,0,1,3400,-75,75,450,5.0,12,0.50,16192.000000,0,27,9.5,0.0,0.0,0.0,0.0,0.0,0.0,1.0
320959,0,1,3400,-75,75,452,6.0,12,0.64,10944.000000,0,27,10,0.0,11936.000000,0,0.0,0.0,0.0,1.0
321208,0,1,3400,-75,75,453,8.0,12,0.75,3584.000000,0,27,11,0.0,0.0,0.0,0.0,0.0,0.0,1.0
321457,0,1,3400,-75,75,452,4.1,11,0.57,18560.000000,8,27,9.6,0.0,16320.000000,0,0.0,0.0,0.0,1.0
321706,0,1,3400,-76,76,454,5.7,11,0.50,16320.000000,0,27,8.2,0.0,2592.000000,0,0.0,0.0,0.0,1.0
321955,0,1,3400,-76,76,450,15,11,3.4,0.0,100.000000,27,5.5,0.0,0.0,0.0,0.0,0.0,0.0,1.0
322204,0,1,3400,-76,76,447,9.6,10,2.3,11277.108398,10,27,4.9,0.0,28337.349609,0,0.0,0.0,0.0,1.0
322453,0,1,3400,-76,76,452,4.6,11,0.99,11136.000000,0,27,6.0,0.0,0.0,0.0,0.0,0.0,0.0,1.0
322702,0,1,3400,-76,76,449,8.7,11,2.3,2688.000000,50,27,7.0,0.0,4256.000000,0,0.0,0.0,0.0,1.0
322951,0,1,3400,-76,76,450,4.0,11,0.62,23296.000000,5,27,8.0,0.0,0.0,0.0,0.0,0.0,0.0,1.0
323200,0,1,3400,-76,76,453,13,11,3.2,0.0,100.000000,27,8.0,0.0,0.0,0.0,0.0,0.0,0.0,1.0
323449,0,1,3400,-76,76,450,4.9,11,0.55,10996.015625,0,27,7.4,0.0,18804.781250,0,0.0,0.0,0.0,1.0
323698,0,1,3400,-76,76,449,4.9,11,0.50,5632.000000,0,27,7.0,0.0,0.0,0.0,0.0,0.0,0.0,1.0
323947,0,1,3400,-76,76,448,3.5,11,0.51,22944.000000,0,27,7.0,0.0,0.0,0.0,0.0,0.0,0.0,1.0
324196,0,1,3400,-76,76,447,0.0,11,0.50,0.0,0.0,27,7.0,0.0,0.0,0.0,0.0,0.0,0.0,1.0
324445,0,1,3400,-76,76,447,3.5,11,0.50,22048.000000,0,27,8.7,0.0,18624.000000,0,0.0,0.0,0.0,1.0
324694,0,1,3400,-77,77,447,4.0,10,0.50,11200.000000,0,27,10,0.0,0.0,0.0,0.0,0.0,0.0,1.0
324943,0,1,3400,-77,77,452,2.4,10,0.50,12672.000000,0,27,10,0.0,0.0,0.0,0.0,0.0,0.0,1.0
325192,0,1,3400,-76,76,452,3.5,10,0.89,5632.000000,17,27,9.7,0.0,2592.000000,0,0.0,0.0,0.0,1.0
325441,0,1,3400,-76,76,451,2.5,11,0.50,0.0,0.0,27,3.6,0.0,13664.000000,0,0.0,0.0,0.0,1.0
325690,0,1,3400,-76,76,452,8.9,11,2.6,0.0,100.000000,27,2.5,0.0,0.0,0.0,0.0,0.0,0.0,1.0
325939,0,1,3400,-76,76,448,10,11,2.0,14656.000000,10,27,2.5,0.0,0.0,0.0,0.0,0.0,0.0,1.0
326188,0,1,3400,-76,76,449,5.5,11,1.2,6432.000000,8,27,3.3,0.0,24256.000000,0,0.0,0.0,0.0,1.0
326437,0,1,3400,-76,76,444,4.6,11,0.50,5600.000000,0,27,14,0.0,0.0,0.0,0.0,0.0,0.0,1.0
326686,0,1,3400,-76,76,449,0.31,11,0.50,12352.000000,0,27,14,0.0,0.0,0.0,0.0,0.0,0.0,1.0
326935,0,1,3400,-76,76,449,5.6,11,1.6,1312.000000,75,27,14,0.0,0.0,0.0,0.0,0.0,0.0,1.0
327184,0,1,3400,-76,76,449,8.4,11,1.9,6496.000000,33,27,11,0.0,56960.000000,0,0.0,0.0,0.0,1.0
327433,0,1,3400,-76,76,447,13,11,3.0,0.0,100.000000,27,8.0,0.0,0.0,0.0,0.0,0.0,0.0,1.0
327682,0,1,3400,-77,77,448,3.4,10,1.1,9696.000000,13,27,8.0,0.0,0.0,0.0,0.0,0.0,0.0,1.0
327931,0,1,3400,-77,77,449,7.3,10,1.4,10880.000000,0,27,8.0,0.0,0.0,0.0,0.0,0.0,0.0,1.0
328180,0,1,3400,-77,77,447,8.8,10,1.2,5536.000000,0,27,7.6,0.0,13888.000000,0,0.0,0.0,0.0,1.0
328429,0,1,3400,-77,77,449,8.6,10,1.2,13824.000000,17,27,7.5,0.0,0.0,0.0,0.0,0.0,0.0,1.0
328678,0,1,3400,-77,77,454,3.0,10,0.50,16771.083984,0,27,7.5,0.0,0.0,0.0,0.0,0.0,0.0,1.0
328927,0,1,3400,-77,77,450,1.2,11,0.50,13536.000000,0,27,5.8,0.0,2592.000000,0,0.0,0.0,0.0,1.0
329176,0,1,3400,-77,77,447,1.9,10,0.88,4992.000000,14,27,5.0,0.0,0.0,0.0,0.0,0.0,0.0,1.0
329425,0,1,3400,-76,76,448,7.0,10,1.5,29280.000000,8,27,5.1,0.0,16064.000000,0,0.0,0.0,0.0,1.0
329674,0,1,3400,-76,76,449,5.8,11,0.88,32960.000000,0,27,5.0,0.0,2592.000000,0,0.0,0.0,0.0,1.0
329923,0,1,3400,-76,76,449,6.0,12,1.3,5290.836426,0,27,5.0,0.0,0.0,0.0,0.0,0.0,0.0,1.0
330172,0,1,3400,-76,76,445,9.1,12,1.8,21568.000000,17,27,4.5,0.0,8800.000000,0,0.0,0.0,0.0,1.0
330421,0,1,3400,-76,76,446,4.8,12,0.63,10560.000000,0,27,3.0,0.0,0.0,0.0,0.0,0.0,0.0,1.0
330670,0,1,3400,-76,76,450,3.5,12,0.50,0.0,0.0,27,3.0,0.0,0.0,0.0,0.0,0.0,0.0,1.0
330919,0,1,3400,-76,76,446,5.6,12,0.83,21696.000000,0,27,3.0,0.0,0.0,0.0,0.0,0.0,0.0,1.0
331168,0,1,3400,-76,76,451,5.6,12,0.62,32352.000000,0,27,7.4,0.0,63456.000000,38,0.0,0.0,0.0,1.0
331417,0,1,3400,-76,76,450,5.3,11,1.6,1664.000000,60,27,12,0.0,0.0,0.0,0.0,0.0,0.0,1.0
331666,0,1,3400,-77,77,452,11,11,2.9,1056.000000,67,27,12,0.0,0.0,0.0,0.0,0.0,0.0,1.0
331915,0,1,3400,-77,77,452,9.3,11,2.4,4032.000000,60,27,12,0.0,0.0,0.0,0.0,0.0,0.0,1.0
332164,0,1,3400,-77,77,445,8.5,11,1.4,5248.000000,33,27,12,0.0,0.0,0.0,0.0,0.0,0.0,1.0
332413,0,1,3400,-76,76,448,6.4,11,1.1,5536.000000,0,27,11,0.0,23072.000000,0,0.0,0.0,0.0,1.0
332662,0,1,3400,-76,76,448,5.9,11,0.64,5600.000000,25,27,7.0,0.0,0.0,0.0,0.0,0.0,0.0,1.0
332911,0,1,3400,-76,76,444,13,11,3.1,0.0,100.000000,27,7.0,0.0,0.0,0.0,0.0,0.0,0.0,1.0
333160,0,1,3400,-76,76,444,13,12,3.3,5824.000000,50,27,8.7,0.0,22464.000000,0,0.0,0.0,0.0,1.0
333409,0,1,3400,-75,75,446,12,12,2.4,10784.000000,17,27,11,0.0,0.0,0.0,0.0,0.0,0.0,1.0
333658,0,1,3400,-75,75,447,10,13,2.0,0.0,100.000000,27,11,0.0,0.0,0.0,0.0,0.0,0.0,1.0
333907,0,1,3400,-75,75,448,10,13,2.2,0.0,0.0,27,11,0.0,0.0,0.0,0.0,0.0,0.0,1.0
334156,0,1,3400,-75,75,447,8.7,12,2.8,17376.000000,17,27,11,0.0,15872.000000,0,0.0,0.0,0.0,1.0
334405,0,1,3400,-75,75,447,11,12,2.1,7904.000000,40,27,1.6,0.0,0.0,0.0,0.0,0.0,0.0,1.0
334654,0,1,3400,-75,75,445,9.6,12,1.5,14080.000000,33,27,1.5,0.0,0.0,0.0,0.0,0.0,0.0,1.0
334903,0,1,3400,-75,75,447,8.9,13,1.7,16064.256836,0,27,1.5,0.0,0.0,0.0,0.0,0.0,0.0,1.0
335152,0,1,3400,-75,75,447,12,12,1.4,5152.000000,67,27,2.0,0.0,26080.000000,0,0.0,0.0,0.0,1.0
335401,0,1,3400,-76,76,446,17,12,3.7,0.0,100.000000,27,2.0,0.0,0.0,0.0,0.0,0.0,0.0,1.0
335650,0,1,3400,-76,76,446,10,11,1.4,16032.000000,12,27,2.0,0.0,0.0,0.0,0.0,0.0,0.0,1.0
335899,0,1,3400,-76,76,446,1.6,12,0.71,6592.000000,18,27,2.0,0.0,0.0,0.0,0.0,0.0,0.0,1.0
336148,0,1,3400,-76,76,445,10,12,2.2,0.0,100.000000,27,2.0,0.0,0.0,0.0,0.0,0.0,0.0,1.0
336397,0,1,3400,-76,76,444,11,12,2.3,1019.920349,75,27,1.1,0.0,1561.752930,0,0.0,0.0,0.0,1.0
336646,0,1,3400,-76,76,447,12,12,1.3,5536.000000,0,27,4.5,0.0,50976.000000,0,0.0,0.0,0.0,1.0
336895,0,1,3400,-76,76,446,9.6,12,0.79,0.0,100.000000,27,7.0,0.0,0.0,0.0,0.0,0.0,0.0,1.0
337144,0,1,3400,-76,76,447,5.5,12,0.91,21728.000000,0,27,9.3,0.0,18624.000000,0,0.0,0.0,0.0,1.0
337393,0,1,3400,-76,76,448,4.4,12,0.50,16448.000000,0,27,10.0,0.0,0.0,0.0,0.0,0.0,0.0,1.0
337642,0,1,3400,-76,76,449,9.3,12,2.0,0.0,100.000000,27,10,0.0,0.0,0.0,0.0,0.0,0.0,1.0
337891,0,1,3400,-76,76,444,10,12,2.2,0.0,0.0,27,10,0.0,0.0,0.0,0.0,0.0,0.0,1.0
338140,0,1,3400,-76,76,447,8.9,12,1.1,10848.000000,25,27,10,0.0,70368.000000,56,0.0,0.0,0.0,1.0
338389,0,1,3400,-75,75,447,13,12,2.2,6848.000000,43,27,13,0.0,0.0,0.0,0.0,0.0,0.0,1.0
338638,0,1,3400,-75,75,446,16,13,2.3,1152.000000,50,27,13,0.0,0.0,0.0,0.0,0.0,0.0,1.0
338887,0,1,3400,-75,75,447,13,13,2.0,5568.000000,0,27,13,0.0,0.0,0.0,0.0,0.0,0.0,1.0
339136,0,1,3400,-75,75,448,3.5,13,0.50,0.0,0.0,27,13,0.0,0.0,0.0,0.0,0.0,0.0,1.0
339385,0,1,3400,-74,74,449,13,13,2.7,0.0,100.000000,27,13,0.0,0.0,0.0,0.0,0.0,0.0,1.0
339634,0,1,3400,-74,74,451,14,13,3.1,28288.000000,4,27,13,144,0.0,0,0.0,0.0,0.0,1.0
339883,0,1,3400,-74,74,446,6.0,13,0.75,0.0,100.000000,27,0.37,0.0,13824.000000,0,0.0,0.0,0.0,1.0
340132,0,1,3400,-74,74,445,13,14,2.3,1024.000000,67,27,0.096,0.0,0.0,0.0,0.0,0.0,0.0,1.0
340381,0,1,3400,-74,74,448,17,14,3.1,1952.000000,50,27,0.0,0.0,0.0,0.0,0.0,0.0,0.0,1.0
340630,0,1,3400,-74,74,450,13,13,2.7,6080.000000,40,27,3.6,0.0,23744.000000,0,0.0,0.0,0.0,1.0
340879,0,1,3400,-74,74,449,12,13,3.3,5952.000000,33,27,12,0.0,0.0,0.0,0.0,0.0,0.0,1.0
341128,0,1,3400,-74,74,448,15,13,4.0,0.0,100.000000,27,11,0.0,0.0,0.0,0.0,0.0,0.0,1.0
341377,0,1,3400,-75,75,444,17,13,4.0,0.0,100.000000,27,12,0.0,0.0,0.0,0.0,0.0,0.0,1.0
341626,0,1,3400,-75,75,444,18,13,3.8,3520.000000,60,27,12,0.0,0.0,0.0,0.0,0.0,0.0,1.0
341875,0,1,3400,-75,75,441,18,12,3.8,10688.000000,60,27,10,0.0,21280.000000,0,0.0,0.0,0.0,1.0
342124,0,1,3400,-75,75,445,13,12,3.6,10592.000000,40,27,7.3,0.0,37344.000000,0,0.0,0.0,0.0,1.0
342373,0,1,3400,-75,75,443,12,12,2.3,16160.000000,25,27,9.5,0.0,0.0,0.0,0.0,0.0,0.0,1.0
342622,0,1,3400,-75,75,443,4.1,13,0.50,16416.000000,0,27,9.5,0.0,0.0,0.0,0.0,0.0,0.0,1.0
342871,0,1,3400,-75,75,444,2.7,13,0.50,5545.816895,0,27,9.5,0.0,0.0,0.0,0.0,0.0,0.0,1.0
343120,0,1,3400,-75,75,449,11,13,2.3,1184.000000,50,27,9.5,0.0,0.0,0.0,0.0,0.0,0.0,1.0
343369,0,1,3400,-76,76,452,2.7,12,0.50,21408.000000,0,27,9.9,0.0,13888.000000,0,0.0,0.0,0.0,1.0
343618,0,1,3400,-76,76,448,5.5,12,0.50,15904.000000,0,27,10,0.0,0.0,0.0,0.0,0.0,0.0,1.0
343867,0,1,3400,-76,76,448,4.1,12,0.50,22880.000000,0,27,10,0.0,0.0,0.0,0.0,0.0,0.0,1.0
344116,0,1,3400,-76,76,448,8.1,12,1.4,5440.000000,40,27,9.9,0.0,0.0,80,0.0,0.0,0.0,1.0
344365,0,1,3400,-75,75,446,11,13,2.2,0.0,100.000000,27,9.5,0.0,0.0,0.0,0.0,0.0,0.0,1.0
344614,0,1,3400,-75,75,446,9.7,13,1.9,16384.000000,0,27,9.5,0.0,0.0,0.0,0.0,0.0,0.0,1.0
344863,0,1,3400,-75,75,444,3.6,13,0.50,11040.000000,0,27,9.5,0.0,0.0,0.0,0.0,0.0,0.0,1.0
345112,0,1,3400,-75,75,445,3.0,13,0.50,22080.000000,0,27,7.5,0.0,50432.000000,12,0.0,0.0,0.0,1.0
345361,0,1,3400,-74,74,446,7.1,13,1.3,10752.000000,14,27,7.0,0.0,0.0,0.0,0.0,0.0,0.0,1.0
345610,0,1,3400,-74,74,443,6.8,13,0.66,28928.000000,9,27,7.0,0.0,0.0,0.0,0.0,0.0,0.0,1.0
345859,0,1,3400,-74,74,444,7.7,13,1.5,4544.000000,33,27,7.0,0.0,0.0,80,0.0,0.0,0.0,1.0
346108,0,1,3400,-74,74,445,16,14,3.8,0.0,100.000000,27,7.0,0.0,0.0,0.0,0.0,0.0,0.0,1.0
346357,0,1,3400,-75,75,448,14,13,3.2,2208.000000,57,27,7.0,0.0,0.0,0.0,0.0,0.0,0.0,1.0
346606,0,1,3400,-75,75,445,10,13,2.2,0.0,0.0,27,6.4,0.0,1568.000000,0,0.0,0.0,0.0,1.0
346855,0,1,3400,-75,75,448,7.2,13,1.3,5312.000000,0,27,2.8,0.0,8320.000000,24,0.0,0.0,0.0,1.0
347104,0,1,3400,-75,75,448,3.7,13,0.86,6176.000000,11,27,3.0,0.0,0.0,80,0.0,0.0,0.0,1.0
347353,0,1,3400,-75,75,446,2.4,13,0.88,6176.000000,12,27,7.4,0.0,0.0,0.0,0.0,0.0,0.0,1.0
347602,0,1,3400,-75,75,446,1.0,13,0.51,11552.000000,0,27,7.4,0.0,0.0,0.0,0.0,0.0,0.0,1.0
347851,0,1,3400,-75,75,441,6.7,13,0.68,5376.000000,0,27,7.4,0.0,0.0,0.0,0.0,0.0,0.0,1.0
348100,0,1,3400,-75,75,442,7.8,13,0.74,10666.666992,20,27,5.7,0.0,17317.269531,20,0.0,0.0,0.0,1.0
348349,0,1,3400,-75,75,442,9.1,13,0.93,5312.000000,33,27,4.5,0.0,0.0,0.0,0.0,0.0,0.0,1.0
348598,0,1,3400,-75,75,444,10,13,1.2,5376.000000,0,27,6.5,0.0,7200.000000,0,0.0,0.0,0.0,1.0
348847,0,1,3400,-75,75,446,8.0,13,0.50,5376.000000,0,27,7.0,0.0,0.0,0.0,0.0,0.0,0.0,1.0
349096,0,1,3400,-75,75,443,8.2,13,1.3,5312.000000,33,27,8.4,0.0,16320.000000,20,0.0,0.0,0.0,1.0
349345,0,1,3400,-75,75,446,12,13,2.5,5418.326660,25,27,9.2,0.0,4239.043945,0,0.0,0.0,0.0,1.0
349594,0,1,3400,-75,75,449,6.4,13,0.54,10688.000000,0,27,7.0,0.0,0.0,0.0,0.0,0.0,0.0,1.0
349843,0,1,3400,-75,75,444,5.0,13,0.55,16896.000000,0,27,7.0,0.0,0.0,0.0,0.0,0.0,0.0,1.0
350092,0,1,3400,-75,75,444,11,13,1.6,16064.000000,11,27,6.9,0.0,4256.000000,25,0.0,0.0,0.0,1.0
350341,0,1,3400,-74,74,443,5.9,13,0.56,20960.000000,0,27,0.44,0.0,6752.000000,23,0.0,0.0,0.0,1.0
350590,0,1,3400,-74,74,443,5.2,13,0.66,11872.000000,0,27,0.0,0.0,0.0,0.0,0.0,0.0,0.0,1.0
350839,0,1,3400,-74,74,444,6.7,14,0.97,5536.000000,20,27,0.0,0.0,0.0,0.0,0.0,0.0,0.0,1.0
351088,0,1,3400,-74,74,441,3.3,14,0.51,5472.000000,0,27,2.4,0.0,33184.000000,21,0.0,0.0,0.0,1.0
351337,0,1,3400,-74,74,444,1.9,14,0.50,5600.000000,0,27,0.0,0.0,0.0,0.0,0.0,0.0,0.0,1.0
351586,0,1,3400,-74,74,441,2.1,14,0.50,5600.000000,0,27,0.0,0.0,0.0,0.0,0.0,0.0,0.0,1.0
351835,0,1,3400,-74,74,440,11,13,2.0,16352.000000,20,27,0.0,0.0,0.0,0.0,0.0,0.0,0.0,1.0
352084,0,1,3400,-74,74,440,17,14,3.9,4160.000000,0,27,0.0,0.0,0.0,0.0,0.0,0.0,0.0,1.0
352333,0,1,3400,-74,74,447,0.0,14,0.50,7840.000000,0,27,5.9,0.0,23616.000000,14,0.0,0.0,0.0,1.0
352582,0,1,3400,-74,74,448,7.8,13,1.5,6752.000000,20,27,7.5,0.0,0.0,0.0,0.0,0.0,0.0,1.0
352831,0,1,3400,-74,74,447,9.8,14,1.4,10304.000000,38,27,7.4,0.0,0.0,0.0,0.0,0.0,0.0,1.0
353080,0,1,3400,-74,74,448,3.5,14,0.57,6112.000000,0,27,2.7,0.0,17504.000000,35,0.0,0.0,0.0,1.0
353329,0,1,3400,-74,74,444,4.2,14,0.53,5440.000000,0,27,0.0,0.0,0.0,0.0,0.0,0.0,0.0,1.0
353578,0,1,3400,-74,74,442,3.6,14,0.50,11072.000000,0,27,0.0,0.0,0.0,0.0,0.0,0.0,0.0,1.0
353827,0,1,3400,-74,74,448,5.1,14,0.85,5440.000000,25,27,0.0,0.0,0.0,0.0,0.0,0.0,0.0,1.0
354076,0,1,3400,-74,74,446,4.5,14,0.67,6464.000000,20,27,0.45,0.0,31904.000000,14,0.0,0.0,0.0,1.0
354325,0,1,3400,-74,74,446,9.1,14,2.1,5461.847168,0,27,0.0,0.0,0.0,0.0,0.0,0.0,0.0,1.0
354574,0,1,3400,-74,74,446,3.9,14,0.50,27488.000000,0,27,0.0,0.0,0.0,0.0,0.0,0.0,0.0,1.0
354823,0,1,3400,-74,74,447,8.4,13,1.3,5152.000000,0,27,0.0,0.0,1568.000000,50,0.0,0.0,0.0,1.0
355072,0,1,3400,-74,74,444,10,14,1.6,5440.000000,25,27,0.0,0.0,5344.000000,18,0.0,0.0,0.0,1.0
355321,0,1,3400,-75,75,442,11,13,2.2,0.0,100.000000,27,0.0,0.0,0.0,100.000000,0.0,0.0,0.0,1.0
355570,0,1,3400,-75,75,446,7.4,13,1.0,10880.000000,0,27,0.0,0.0,1568.000000,0,0.0,0.0,0.0,1.0
355819,0,1,3400,-75,75,442,6.6,13,1.4,5513.944336,20,27,0.0,0.0,0.0,0.0,0.0,0.0,0.0,1.0
356068,0,1,3400,-75,75,439,5.8,13,0.61,16352.000000,0,27,5.7,0.0,16576.000000,43,0.0,0.0,0.0,1.0
356317,0,1,3400,-76,76,441,6.0,13,0.99,11072.000000,12,27,8.0,0.0,0.0,0.0,0.0,0.0,0.0,1.0
356566,0,1,3400,-76,76,445,17,12,3.8,0.0,100.000000,27,8.0,0.0,0.0,0.0,0.0,0.0,0.0,1.0
356815,0,1,3400,-76,76,443,18,12,4.0,0.0,100.000000,27,7.5,0.0,7200.000000,0,0.0,0.0,0.0,1.0
357064,0,1,3400,-76,76,441,4.0,12,0.74,5824.000000,0,27,4.1,0.0,13856.000000,27,0.0,0.0,0.0,1.0
357313,0,1,3400,-76,76,444,3.2,12,0.50,11552.000000,0,27,2.0,0.0,0.0,0.0,0.0,0.0,0.0,1.0
357562,0,1,3400,-76,76,441,3.8,12,0.50,39936.000000,0,27,2.0,0.0,0.0,0.0,0.0,0.0,0.0,1.0
357811,0,1,3400,-76,76,439,3.6,12,0.50,5824.000000,0,27,2.0,0.0,0.0,0.0,0.0,0.0,0.0,1.0
358060,0,1,3400,-76,76,443,6.2,12,0.50,5408.000000,0,27,4.9,0.0,13600.000000,14,0.0,0.0,0.0,1.0
358309,0,1,3400,-76,76,445,5.2,12,0.50,16736.000000,0,27,6.0,0.0,0.0,0.0,0.0,0.0,0.0,1.0
358558,0,1,3400,-77,77,446,4.5,11,0.65,22432.000000,0,27,5.9,0.0,0.0,0.0,0.0,0.0,0.0,1.0
358807,0,1,3400,-77,77,443,3.6,11,0.51,11072.000000,0,27,6.0,0.0,0.0,0.0,0.0,0.0,0.0,1.0
359056,0,1,3400,-77,77,444,4.7,11,0.57,38752.000000,0,27,4.7,0.0,25280.000000,0,0.0,0.0,0.0,1.0
359305,0,1,3400,-77,77,443,4.5,11,0.55,33408.000000,0,27,3.5,0.0,0.0,0.0,0.0,0.0,0.0,1.0
359554,0,1,3400,-77,77,443,4.5,12,0.50,0.0,0.0,27,3.5,0.0,0.0,0.0,0.0,0.0,0.0,1.0
359803,0,1,3400,-77,77,443,5.6,11,0.51,16512.000000,0,27,3.6,0.0,9376.000000,0,0.0,0.0,0.0,1.0
360052,0,1,3400,-77,77,440,5.6,11,0.50,11648.000000,0,27,5.8,0.0,1568.000000,0,0.0,0.0,0.0,1.0
360301,0,1,3400,-77,77,448,4.3,11,0.50,11360.000000,0,27,2.3,0.0,45824.000000,0,0.0,0.0,0.0,1.0
360550,0,1,3400,-77,77,444,5.1,11,0.51,27808.000000,0,27,2.0,0.0,0.0,0.0,0.0,0.0,0.0,1.0
360799,0,1,3400,-77,77,444,5.4,11,1.2,17991.968750,4,27,2.9,0.0,9413.654297,0,0.0,0.0,0.0,1.0
361048,0,1,3400,-77,77,445,9.2,11,2.1,5536.000000,0,27,4.5,0.0,0.0,0.0,0.0,0.0,0.0,1.0
361297,0,1,3400,-77,77,440,4.5,11,0.50,5536.000000,0,27,6.6,0.0,15744.000000,27,0.0,0.0,0.0,1.0
361546,0,1,3400,-77,77,445,2.4,11,0.50,24832.000000,0,27,7.0,0.0,0.0,0.0,0.0,0.0,0.0,1.0
361795,0,1,3400,-77,77,441,4.4,11,0.50,24128.000000,0,27,7.0,0.0,0.0,0.0,0.0,0.0,0.0,1.0
362044,0,1,3400,-77,77,443,3.3,11,0.50,5824.000000,0,27,7.2,0.0,36704.000000,46,0.0,0.0,0.0,1.0
362293,0,1,3400,-77,77,446,7.8,11,1.2,5641.434082,25,27,9.0,0.0,0.0,100.000000,0.0,0.0,0.0,1.0
362542,0,1,3400,-77,77,444,13,11,2.7,5536.000000,56,27,9.0,0.0,0.0,0.0,0.0,0.0,0.0,1.0
362791,0,1,3400,-77,77,441,10,12,2.3,416,67,27,9.0,0.0,0.0,0.0,0.0,0.0,0.0,1.0
363040,0,1,3400,-77,77,444,9.0,11,1.2,9536.000000,33,27,6.6,0.0,8032.000000,42,0.0,0.0,0.0,1.0
363289,0,1,3400,-76,76,442,4.8,11,0.95,22048.000000,3,27,3.5,0.0,0.0,0.0,0.0,0.0,0.0,1.0
363538,0,1,3400,-76,76,441,5.3,12,0.72,10944.000000,0,27,3.5,0.0,0.0,0.0,0.0,0.0,0.0,1.0
363787,0,1,3400,-76,76,438,7.0,12,1.2,0.0,0.0,27,3.5,0.0,0.0,0.0,0.0,0.0,0.0,1.0
364036,0,1,3400,-76,76,439,7.6,12,1.3,7904.000000,17,27,3.5,0.0,0.0,0.0,0.0,0.0,0.0,1.0
364285,0,1,3400,-76,76,443,7.5,12,1.2,5408.000000,0,27,5.7,0.0,41696.000000,36,0.0,0.0,0.0,1.0
364534,0,1,3400,-76,76,441,10,12,2.0,0.0,100.000000,27,7.0,0.0,0.0,0.0,0.0,0.0,0.0,1.0
364783,0,1,3400,-76,76,443,8.6,12,1.3,12288.000000,20,27,6.9,0.0,0.0,0.0,0.0,0.0,0.0,1.0
365032,0,1,3400,-76,76,442,8.5,13,1.0,0.0,0.0,27,4.1,0.0,64,0,0.0,0.0,0.0,1.0
365281,0,1,3400,-76,76,441,11,12,1.6,5504.000000,25,27,4.6,0.0,23264.000000,25,0.0,0.0,0.0,1.0
365530,0,1,3400,-76,76,442,11,12,2.3,12224.000000,22,27,6.0,0.0,0.0,0.0,0.0,0.0,0.0,1.0
365779,0,1,3400,-76,76,442,11,12,2.3,6400.000000,33,27,4.8,0.0,1568.000000,0,0.0,0.0,0.0,1.0
366028,0,1,3400,-76,76,445,12,12,1.2,5152.000000,0,27,0.18,0.0,15872.000000,0,0.0,0.0,0.0,1.0
366277,0,1,3400,-76,76,441,12,11,2.1,0.0,100.000000,27,0.0,0.0,0.0,0.0,0.0,0.0,0.0,1.0
366526,0,1,3400,-77,77,441,12,12,3.0,1312.000000,50,27,0.0,0.0,0.0,0.0,0.0,0.0,0.0,1.0
366775,0,1,3400,-77,77,440,12,11,3.2,1568.000000,50,27,0.0,0.0,0.0,0.0,0.0,0.0,0.0,1.0
367024,0,1,3400,-77,77,440,7.2,11,1.7,12160.000000,11,27,0.29,0.0,16000.000000,14,0.0,0.0,0.0,1.0
367273,0,1,3400,-76,76,446,3.5,12,0.75,0.0,0.0,27,0.0,0.0,0.0,0.0,0.0,0.0,0.0,1.0
367522,0,1,3400,-76,76,442,7.8,11,1.1,10784.000000,25,27,0.036,0.0,0.0,0.0,0.0,0.0,0.0,1.0
367771,0,1,3400,-76,76,445,13,12,2.6,0.0,100.000000,27,0.0,0.0,0.0,0.0,0.0,0.0,0.0,1.0
368020,0,1,3400,-76,76,444,18,12,4.0,0.0,100.000000,27,0.072,0.0,0.0,0.0,0.0,0.0,0.0,1.0
368269,0,1,3400,-76,76,445,14,12,3.4,16128.000000,0,27,1.0,0.0,14400.000000,0,0.0,0.0,0.0,1.0
368518,0,1,3400,-76,76,442,9.3,12,1.2,10752.000000,0,27,3.5,0.0,0.0,0.0,0.0,0.0,0.0,1.0
368767,0,1,3400,-76,76,440,8.0,12,0.66,5504.000000,0,27,3.5,0.0,0.0,0.0,0.0,0.0,0.0,1.0
369016,0,1,3400,-76,76,440,9.6,12,0.86,2613.545898,50,27,3.5,0.0,0.0,0.0,0.0,0.0,0.0,1.0
369265,0,1,3400,-76,76,439,14,12,2.2,0.0,100.000000,27,3.5,0.0,0.0,0.0,0.0,0.0,0.0,1.0
369514,0,1,3400,-76,76,442,18,11,4.0,0.0,100.000000,27,3.5,0.0,0.0,0.0,0.0,0.0,0.0,1.0
369763,0,1,3400,-76,76,442,17,12,3.8,5312.000000,33,27,3.5,0.0,0.0,0.0,0.0,0.0,0.0,1.0
370012,0,1,3400,-76,76,445,9.5,12,2.1,5824.000000,0,27,3.3,186,25120.000000,0,0.0,0.0,0.0,1.0
370261,0,1,3400,-76,76,443,3.9,12,0.50,5536.000000,0,27,5.8,0.0,13600.000000,0,0.0,0.0,0.0,1.0
370510,0,1,3400,-76,76,439,6.0,12,0.50,0.0,0.0,27,6.0,0.0,0.0,0.0,0.0,0.0,0.0,1.0
370759,0,1,3400,-76,76,440,6.6,12,0.65,5408.000000,0,27,6.0,0.0,0.0,0.0,0.0,0.0,0.0,1.0
371008,0,1,3400,-76,76,439,5.5,12,0.60,11072.000000,0,27,8.1,0.0,27712.000000,11,0.0,0.0,0.0,1.0
371257,0,1,3400,-76,76,441,4.3,12,0.50,16800.000000,0,27,10,0.0,0.0,0.0,0.0,0.0,0.0,1.0
371506,0,1,3400,-76,76,441,5.5,12,0.62,5152.000000,0,27,11,0.0,0.0,0.0,0.0,0.0,0.0,1.0
371755,0,1,3400,-76,76,442,8.3,11,1.1,13248.000000,0,27,10,0.0,0.0,0.0,0.0,0.0,0.0,1.0
372004,0,1,3400,-76,76,443,0.0,12,0.50,16896.000000,0,27,10,0.0,21088.000000,0,0.0,0.0,0.0,1.0
372253,0,1,3400,-76,76,440,0.79,11,0.50,28096.000000,0,27,7.5,0.0,0.0,0.0,0.0,0.0,0.0,1.0
372502,0,1,3400,-76,76,440,4.8,12,0.51,27680.000000,0,27,7.7,0.0,9376.000000,0,0.0,0.0,0.0,1.0
372751,0,1,3400,-76,76,439,5.8,12,0.98,0.0,100.000000,27,8.0,0.0,0.0,0.0,0.0,0.0,0.0,1.0
373000,0,1,3400,-76,76,441,4.7,13,0.84,5824.000000,0,27,8.3,0.0,13888.000000,0,0.0,0.0,0.0,1.0
373249,0,1,3400,-76,76,441,5.6,12,1.1,0.0,100.000000,27,8.5,0.0,0.0,0.0,0.0,0.0,0.0,1.0
373498,0,1,3400,-76,76,443,17,12,3.9,0.0,100.000000,27,5.2,0.0,1504.000000,0,0.0,0.0,0.0,1.0
373747,0,1,3400,-76,76,443,18,12,4.0,0.0,100.000000,27,5.1,0.0,0.0,0.0,0.0,0.0,0.0,1.0
373996,0,1,3400,-76,76,440,18,12,4.0,0.0,100.000000,27,5.0,0.0,0.0,0.0,0.0,0.0,0.0,1.0
374245,0,1,3400,-76,76,441,14,12,3.0,9728.000000,43,27,5.1,186,2592.000000,60,0.0,0.0,0.0,1.0
374494,0,1,3400,-76,76,441,15,12,2.7,5824.000000,67,27,2.0,0.0,20800.000000,0,0.0,0.0,0.0,1.0
374743,0,1,3400,-76,76,440,15,12,3.0,0.0,100.000000,27,2.0,0.0,0.0,0.0,0.0,0.0,0.0,1.0
374992,0,1,3400,-76,76,439,17,12,3.7,0.0,100.000000,27,2.9,0.0,7200.000000,0,0.0,0.0,0.0,1.0
375241,0,1,3400,-76,76,440,15,12,3.1,11136.000000,43,27,4.0,0.0,6752.000000,41,0.0,0.0,0.0,1.0
375490,0,1,3400,-76,76,441,16,12,3.6,5482.071777,40,27,0.036,0.0,0.0,0.0,0.0,0.0,0.0,1.0
375739,0,1,3400,-76,76,443,8.1,12,1.1,18400.000000,9,27,0.036,0.0,0.0,0.0,0.0,0.0,0.0,1.0
375988,0,1,3400,-76,76,441,7.4,13,0.64,5408.000000,0,27,0.060,0.0,10912.000000,0,0.0,0.0,0.0,1.0
376237,0,1,3400,-75,75,445,13,13,2.8,0.0,100.000000,27,7.2,0.0,7840.000000,50,0.0,0.0,0.0,1.0
376486,0,1,3400,-75,75,441,8.5,12,0.78,21792.000000,0,27,7.5,0.0,0.0,0.0,0.0,0.0,0.0,1.0
376735,0,1,3400,-75,75,440,8.5,13,1.1,8768.000000,43,27,7.4,0.0,0.0,0.0,0.0,0.0,0.0,1.0
376984,0,1,3400,-75,75,441,7.9,13,1.1,15712.000000,0,27,4.5,0.0,17472.000000,27,0.0,0.0,0.0,1.0
377233,0,1,3400,-75,75,440,7.0,13,0.52,17312.000000,0,27,2.0,0.0,0.0,0.0,0.0,0.0,0.0,1.0
377482,0,1,3400,-75,75,440,8.5,12,0.69,21824.000000,0,27,2.0,0.0,0.0,0.0,0.0,0.0,0.0,1.0
377731,0,1,3400,-75,75,441,11,14,1.3,6688.000000,25,27,2.0,0.0,0.0,0.0,0.0,0.0,0.0,1.0
377980,0,1,3400,-75,75,444,9.1,13,1.3,16224.000000,0,27,4.5,0.0,37600.000000,12,0.0,0.0,0.0,1.0
378229,0,1,3400,-75,75,442,11,13,1.7,5408.000000,25,27,7.0,0.0,0.0,0.0,0.0,0.0,0.0,1.0
378478,0,1,3400,-75,75,440,14,13,2.5,0.0,0.0,27,7.0,0.0,0.0,0.0,0.0,0.0,0.0,1.0
378727,0,1,3400,-75,75,434,14,13,2.5,0.0,100.000000,27,7.0,0.0,0.0,0.0,0.0,0.0,0.0,1.0
378976,0,1,3400,-75,75,440,6.5,14,0.73,13696.000000,0,27,8.9,0.0,70336.000000,12,0.0,0.0,0.0,1.0
379225,0,1,3400,-75,75,444,1.0,14,0.50,5504.000000,0,27,12,0.0,0.0,0.0,0.0,0.0,0.0,1.0
379474,0,1,3400,-74,74,444,7.2,13,0.72,25696.000000,0,27,12,0.0,0.0,0.0,0.0,0.0,0.0,1.0
379723,0,1,3400,-74,74,441,7.0,14,0.51,10891.566406,0,27,12,0.0,0.0,0.0,0.0,0.0,0.0,1.0
379972,0,1,3400,-74,74,441,6.8,14,0.56,27282.869141,0,27,5.9,0.0,18709.164062,25,0.0,0.0,0.0,1.0
380221,0,1,3400,-74,74,440,7.4,14,0.50,10923.694336,0,27,2.9,0.0,0.0,80,0.0,0.0,0.0,1.0
380470,0,1,3400,-73,73,437,10,15,2.0,416,67,27,5.0,0.0,0.0,0.0,0.0,0.0,0.0,1.0
380719,0,1,3400,-73,73,436,16,15,3.1,13536.000000,38,27,5.0,0.0,0.0,0.0,0.0,0.0,0.0,1.0
380968,0,1,3400,-73,73,436,11,15,0.75,0.0,0.0,27,5.0,0.0,0.0,0.0,0.0,0.0,0.0,1.0
381217,0,1,3400,-73,73,441,11,16,0.76,5440.000000,0,27,5.0,186,0.0,0.0,0.0,0.0,0.0,1.0
381466,0,1,3400,-72,72,442,15,15,2.3,15936.000000,14,27,0.26,0.0,10272.000000,0,0.0,0.0,0.0,1.0
381715,0,1,3400,-72,72,442,11,16,1.00,16224.000000,0,27,0.0,0.0,896,0,0.0,0.0,0.0,1.0
381964,0,1,3400,-72,72,441,12,15,0.80,26645.417969,0,27,1.2,0.0,26581.673828,0,0.0,0.0,0.0,1.0
382213,0,1,3400,-73,73,440,11,15,0.92,10688.000000,20,27,3.5,0.0,0.0,0.0,0.0,0.0,0.0,1.0
382462,0,1,3400,-73,73,436,14,15,2.4,10560.000000,20,27,3.5,0.0,0.0,0.0,0.0,0.0,0.0,1.0
382711,0,1,3400,-73,73,437,13,15,2.6,5408.000000,40,27,3.9,0.0,9376.000000,0,0.0,0.0,0.0,1.0
382960,0,1,3400,-73,73,439,11,15,0.92,10688.000000,0,27,7.3,0.0,13920.000000,0,0.0,0.0,0.0,1.0
383209,0,1,3400,-73,73,442,13,16,1.0,0.0,0.0,27,10,0.0,0.0,0.0,0.0,0.0,0.0,1.0
383458,0,1,3400,-72,72,441,11,16,0.95,15936.000000,0,27,10.0,0.0,0.0,0.0,0.0,0.0,0.0,1.0
383707,0,1,3400,-72,72,438,10,15,0.61,27264.000000,0,27,10,0.0,0.0,0.0,0.0,0.0,0.0,1.0
383956,0,1,3400,-72,72,437,12,16,1.4,5248.000000,33,27,9.3,0.0,2688.000000,0,0.0,0.0,0.0,1.0
384205,0,1,3400,-72,72,437,11,16,0.84,22080.000000,0,27,0.0,0.0,8736.000000,0,0.0,0.0,0.0,1.0
384454,0,1,3400,-71,71,438,12,16,0.96,26880.000000,0,27,0.0,0.0,0.0,0.0,0.0,0.0,0.0,1.0
384703,0,1,3400,-71,71,436,12,16,0.75,5312.000000,0,27,0.0,0.0,0.0,0.0,0.0,0.0,0.0,1.0
384952,0,1,3400,-71,71,441,12,17,0.75,0.0,0.0,27,0.0,0.0,0.0,0.0,0.0,0.0,0.0,1.0
385201,0,1,3400,-71,71,439,13,16,0.75,5568.000000,0,27,8.5,0.0,14336.000000,25,0.0,0.0,0.0,1.0
385450,0,1,3400,-71,71,441,12,16,0.68,26496.000000,0,27,12,0.0,0.0,0.0,0.0,0.0,0.0,1.0
385699,0,1,3400,-71,71,438,8.4,16,0.50,5440.000000,0,27,12,0.0,0.0,0.0,0.0,0.0,0.0,1.0
385948,0,1,3400,-72,72,435,12,17,0.94,10666.666992,0,27,12,186,0.0,0.0,0.0,0.0,0.0,1.0
386197,0,1,3400,-72,72,440,12,16,0.75,5354.581543,0,27,5.2,0.0,8031.872559,0,0.0,0.0,0.0,1.0
386446,0,1,3400,-72,72,440,10,15,0.73,16353.414062,0,27,4.5,0.0,0.0,0.0,0.0,0.0,0.0,1.0
386695,0,1,3400,-72,72,440,10,14,0.71,5536.000000,0,27,4.5,0.0,0.0,0.0,0.0,0.0,0.0,1.0
386944,0,1,3400,-72,72,437,11,14,0.66,16512.000000,0,27,7.2,0.0,1568.000000,57,0.0,0.0,0.0,1.0
387193,0,1,3400,-73,73,434,9.0,14,0.59,11264.000000,0,27,8.0,0.0,0.0,0.0,0.0,0.0,0.0,1.0
387442,0,1,3400,-73,73,438,9.0,13,0.50,11200.000000,0,27,8.0,0.0,0.0,0.0,0.0,0.0,0.0,1.0
387691,0,1,3400,-73,73,436,7.5,13,0.52,2912.000000,33,27,8.0,0.0,0.0,0.0,0.0,0.0,0.0,1.0
387940,0,1,3400,-73,73,438,3.0,13,0.50,8992.000000,0,27,4.7,0.0,13024.000000,0,0.0,0.0,0.0,1.0
388189,0,1,3400,-73,73,437,2.0,15,0.60,416,67,27,0.0,0.0,0.0,0.0,0.0,0.0,0.0,1.0
388438,0,1,3400,-73,73,440,9.4,14,0.89,16541.832031,0,27,0.032,0.0,1561.752930,0,0.0,0.0,0.0,1.0
388687,0,1,3400,-73,73,438,9.7,14,0.78,11776.000000,0,27,0.25,0.0,9376.000000,0,0.0,0.0,0.0,1.0
388936,0,1,3400,-73,73,438,6.3,14,0.50,13600.000000,0,27,4.3,0.0,31296.000000,12,0.0,0.0,0.0,1.0
389185,0,1,3400,-73,73,438,10.0,15,0.97,12960.000000,18,27,6.3,0.0,5440.000000,0,0.0,0.0,0.0,1.0
389434,0,1,3400,-73,73,439,8.9,15,0.50,6208.000000,0,27,7.5,0.0,0.0,0.0,0.0,0.0,0.0,1.0
389683,0,1,3400,-73,73,439,5.5,15,0.50,0.0,0.0,27,7.5,0.0,0.0,0.0,0.0,0.0,0.0,1.0
389932,0,1,3400,-73,73,436,8.2,14,0.62,11040.000000,0,27,7.0,0.0,11968.000000,0,0.0,0.0,0.0,1.0
390181,0,1,3400,-73,73,436,13,14,1.5,13184.000000,21,27,6.5,0.0,0.0,0.0,0.0,0.0,0.0,1.0
390430,0,1,3400,-73,73,438,9.9,14,0.62,33280.000000,0,27,6.5,0.0,0.0,0.0,0.0,0.0,0.0,1.0
390679,0,1,3400,-73,73,439,9.3,14,0.50,11232.000000,0,27,6.5,0.0,0.0,0.0,0.0,0.0,0.0,1.0
390928,0,1,3400,-73,73,440,7.4,14,0.50,11392.000000,0,27,7.6,0.0,22368.000000,0,0.0,0.0,0.0,1.0
391177,0,1,3400,-73,73,439,13,14,1.6,4384.000000,50,27,8.5,0.0,0.0,0.0,0.0,0.0,0.0,1.0
391426,0,1,3400,-73,73,436,14,14,1.8,11072.000000,11,27,8.5,0.0,0.0,0.0,0.0,0.0,0.0,1.0
391675,0,1,3400,-73,73,436,11,15,2.2,416,50,27,8.5,0.0,0.0,0.0,0.0,0.0,0.0,1.0
391924,0,1,3400,-73,73,440,10,15,1.4,5536.000000,0,27,7.6,0.0,15520.000000,14,0.0,0.0,0.0,1.0
392173,0,1,3400,-73,73,436,11,15,0.76,6976.000000,14,27,5.0,0.0,0.0,0.0,0.0,0.0,0.0,1.0
392422,0,1,3400,-73,73,442,7.5,14,0.51,11744.000000,0,27,5.0,0.0,0.0,0.0,0.0,0.0,0.0,1.0
392671,0,1,3400,-73,73,440,10,15,0.50,0.0,0.0,27,5.0,0.0,0.0,0.0,0.0,0.0,0.0,1.0
392920,0,1,3400,-73,73,438,10.0,14,0.57,16706.828125,0,27,9.4,0.0,23357.429688,14,0.0,0.0,0.0,1.0
393169,0,1,3400,-73,73,437,9.6,15,1.1,2944.000000,33,27,11,0.0,7200.000000,0,0.0,0.0,0.0,1.0
393418,0,1,3400,-73,73,435,10.0,14,0.54,5600.000000,0,27,11,0.0,0.0,0.0,0.0,0.0,0.0,1.0
393667,0,1,3400,-73,73,436,13,15,1.4,13312.000000,42,27,11,0.0,0.0,0.0,0.0,0.0,0.0,1.0
393916,0,1,3400,-73,73,435,12,14,2.5,1536.000000,67,27,9.9,0.0,5664.000000,0,0.0,0.0,0.0,1.0
394165,0,1,3400,-73,73,439,12,15,1.6,10880.000000,0,27,8.2,0.0,8416.000000,0,0.0,0.0,0.0,1.0
394414,0,1,3400,-72,72,441,15,15,2.3,5504.000000,33,27,6.5,0.0,0.0,0.0,0.0,0.0,0.0,1.0
394663,0,1,3400,-72,72,440,14,16,2.2,0.0,0.0,27,6.5,0.0,0.0,0.0,0.0,0.0,0.0,1.0
394912,0,1,3400,-72,72,438,13,15,2.0,5800.796875,17,27,6.5,186,0.0,0.0,0.0,0.0,0.0,1.0
395161,0,1,3400,-72,72,436,10,15,0.59,5504.000000,0,27,0.82,0.0,23808.000000,0,0.0,0.0,0.0,1.0
395410,0,1,3400,-72,72,437,12,16,0.83,5408.000000,0,27,0.0,0.0,0.0,0.0,0.0,0.0,0.0,1.0
395659,0,1,3400,-72,72,436,14,16,0.99,5536.000000,0,27,0.0,0.0,0.0,0.0,0.0,0.0,0.0,1.0
395908,0,1,3400,-72,72,438,11,15,0.95,13760.000000,11,27,0.28,0.0,0.0,67,0.0,0.0,0.0,1.0
396157,0,1,3400,-72,72,439,15,15,2.6,2528.000000,50,27,1.6,0.0,13728.000000,0,0.0,0.0,0.0,1.0
396406,0,1,3400,-72,72,440,13,14,1.4,35712.000000,12,27,1.5,0.0,0.0,0.0,0.0,0.0,0.0,1.0
396655,0,1,3400,-72,72,440,8.5,15,0.50,0.0,0.0,27,1.5,0.0,1568.000000,0,0.0,0.0,0.0,1.0
396904,0,1,3400,-72,72,437,12,16,0.65,21696.000000,0,27,6.0,0.0,12992.000000,22,0.0,0.0,0.0,1.0
397153,0,1,3400,-72,72,436,13,15,0.79,19072.000000,8,27,9.0,0.0,0.0,0.0,0.0,0.0,0.0,1.0
397402,0,1,3400,-71,71,438,13,15,2.0,27616.000000,12,27,9.0,0.0,0.0,0.0,0.0,0.0,0.0,1.0
397651,0,1,3400,-71,71,437,9.5,15,0.50,21920.000000,0,27,9.0,0.0,0.0,0.0,0.0,0.0,0.0,1.0
397900,0,1,3400,-71,71,438,10,15,0.50,5504.000000,0,27,9.0,0.0,0.0,0.0,0.0,0.0,0.0,1.0
398149,0,1,3400,-71,71,436,12,15,0.60,16480.000000,0,27,6.5,0.0,7584.000000,0,0.0,0.0,0.0,1.0
398398,0,1,3400,-71,71,437,11,16,1.2,19456.000000,8,27,6.3,0.0,5664.000000,0,0.0,0.0,0.0,1.0
398647,0,1,3400,-71,71,436,10,15,1.1,25285.140625,5,27,8.0,0.0,0.0,0.0,0.0,0.0,0.0,1.0
398896,0,1,3400,-71,71,436,9.4,16,1.3,5408.000000,0,27,8.0,56,0.0,80,0.0,0.0,0.0,1.0
399145,0,1,3400,-71,71,434,10,16,0.68,16128.000000,0,27,8.0,56,0.0,0.0,0.0,0.0,0.0,1.0
399394,0,1,3400,-70,70,437,11,17,0.69,16192.000000,0,27,5.2,0.0,5280.000000,0,0.0,0.0,0.0,1.0
399643,0,1,3400,-70,70,439,13,16,0.77,32512.000000,0,27,3.8,0.0,2592.000000,0,0.0,0.0,0.0,1.0
399892,0,1,3400,-70,70,440,12,16,0.61,5408.000000,0,27,0.98,0.0,27584.000000,6,0.0,0.0,0.0,1.0
400141,0,1,3400,-70,70,439,11,16,1.3,11104.000000,0,27,1.0,0.0,0.0,0.0,0.0,0.0,0.0,1.0
400390,0,1,3400,-70,70,437,13,17,0.70,10816.000000,0,27,2.2,0.0,4384.000000,50,0.0,0.0,0.0,1.0
400639,0,1,3400,-70,70,437,13,17,0.67,10912.000000,0,27,3.5,0.0,0.0,0.0,0.0,0.0,0.0,1.0
400888,0,1,3400,-70,70,439,10,17,0.50,0.0,0.0,27,3.5,0.0,0.0,0.0,0.0,0.0,0.0,1.0
401137,0,1,3400,-70,70,432,14,17,1.2,13632.000000,0,27,4.8,0.0,0.0,80,0.0,0.0,0.0,1.0
401386,0,1,3400,-70,70,437,12,17,1.1,8254.980469,14,27,5.2,0.0,1561.752930,0,0.0,0.0,0.0,1.0
401635,0,1,3400,-70,70,440,12,17,0.50,5472.000000,0,27,4.5,0.0,0.0,0.0,0.0,0.0,0.0,1.0
401884,0,1,3400,-70,70,442,12,16,0.60,27008.000000,0,27,4.5,0.0,38400.000000,31,0.0,0.0,0.0,1.0
402133,0,1,3400,-70,70,440,13,17,0.50,0.0,0.0,27,4.5,0.0,0.0,0.0,0.0,0.0,0.0,1.0
402382,0,1,3400,-70,70,439,12,17,0.82,5472.000000,0,27,2.9,0.0,2528.000000,0,0.0,0.0,0.0,1.0
402631,0,1,3400,-70,70,437,14,17,1.0,10880.000000,14,27,2.0,0.0,0.0,0.0,0.0,0.0,0.0,1.0
402880,0,1,3400,-70,70,433,19,17,2.2,20992.000000,20,27,3.9,0.0,9376.000000,33,0.0,0.0,0.0,1.0
403129,0,1,3400,-70,70,436,16,17,1.0,16384.000000,0,27,6.5,0.0,0.0,0.0,0.0,0.0,0.0,1.0
403378,0,1,3400,-70,70,437,14,17,1.1,10624.000000,0,27,6.5,0.0,0.0,0.0,0.0,0.0,0.0,1.0
403627,0,1,3400,-70,70,437,16,17,1.5,1504.000000,0,27,6.5,0.0,0.0,0.0,0.0,0.0,0.0,1.0
403876,0,1,3400,-71,71,436,12,17,0.61,42144.000000,0,27,7.6,0.0,64672.000000,23,0.0,0.0,0.0,1.0
404125,0,1,3400,-71,71,433,9.4,17,0.50,6208.000000,0,27,9.0,0.0,0.0,0.0,0.0,0.0,0.0,1.0
404374,0,1,3400,-71,71,432,8.6,17,0.50,5472.000000,0,27,9.0,0.0,0.0,0.0,0.0,0.0,0.0,1.0
404623,0,1,3400,-71,71,435,13,16,0.64,7168.000000,20,27,9.0,0.0,0.0,0.0,0.0,0.0,0.0,1.0
404872,0,1,3400,-71,71,436,13,17,0.71,10880.000000,14,27,8.9,0.0,12832.000000,40,0.0,0.0,0.0,1.0
405121,0,1,3400,-71,71,434,10,17,1.3,11232.000000,12,27,9.0,0.0,0.0,0.0,0.0,0.0,0.0,1.0
405370,0,1,3400,-70,70,437,14,17,0.61,21847.388672,0,27,9.0,0.0,0.0,0.0,0.0,0.0,0.0,1.0
405619,0,1,3400,-70,70,438,17,17,0.50,5408.000000,0,27,9.0,0.0,0.0,0.0,0.0,0.0,0.0,1.0
405868,0,1,3400,-71,71,438,17,17,1.1,15872.000000,0,27,5.7,0.0,13280.000000,20,0.0,0.0,0.0,1.0
406117,0,1,3400,-71,71,438,17,17,1.7,1952.000000,50,27,4.0,0.0,0.0,0.0,0.0,0.0,0.0,1.0
406366,0,1,3400,-71,71,437,17,17,2.2,0.0,0.0,27,4.0,0.0,0.0,0.0,0.0,0.0,0.0,1.0
406615,0,1,3400,-71,71,437,17,16,2.3,3936.000000,50,27,4.0,0.0,0.0,0.0,0.0,0.0,0.0,1.0
406864,0,1,3400,-71,71,436,16,17,1.7,11584.000000,11,27,4.5,0.0,15712.000000,41,0.0,0.0,0.0,1.0
407113,0,1,3400,-71,71,436,15,17,1.2,1952.000000,50,27,0.0,0.0,0.0,0.0,0.0,0.0,0.0,1.0
407362,0,1,3400,-70,70,435,14,16,1.5,11040.000000,0,27,0.0,0.0,1568.000000,33,0.0,0.0,0.0,1.0
407611,0,1,3400,-70,70,436,11,18,0.77,7520.000000,25,27,0.0,0.0,0.0,0.0,0.0,0.0,0.0,1.0
407860,0,1,3400,-70,70,437,17,17,2.1,17912.351562,12,27,1.8,0.0,12462.151367,12,0.0,0.0,0.0,1.0
408109,0,1,3400,-70,70,436,11,17,0.84,13472.000000,0,27,4.5,0.0,0.0,0.0,0.0,0.0,0.0,1.0
408358,0,1,3400,-69,69,435,14,17,0.64,16128.000000,0,27,4.5,0.0,0.0,0.0,0.0,0.0,0.0,1.0
408607,0,1,3400,-69,69,434,14,18,1.1,9568.000000,29,27,4.5,0.0,0.0,0.0,0.0,0.0,0.0,1.0
408856,0,1,3400,-69,69,434,17,18,2.3,11584.000000,29,27,3.6,0.0,21984.000000,0,0.0,0.0,0.0,1.0
409105,0,1,3400,-69,69,434,13,18,0.95,14976.000000,0,27,6.7,0.0,11936.000000,0,0.0,0.0,0.0,1.0
409354,0,1,3400,-68,68,434,17,19,1.0,23904.000000,0,27,8.0,0.0,0.0,0.0,0.0,0.0,0.0,1.0
409603,0,1,3400,-68,68,435,14,19,0.52,10624.000000,0,27,8.0,0.0,0.0,0.0,0.0,0.0,0.0,1.0
409852,0,1,3400,-68,68,433,11,19,0.51,16352.000000,0,27,4.7,0.0,16288.000000,11,0.0,0.0,0.0,1.0
410101,0,1,3400,-68,68,435,10,19,0.62,10624.000000,0,27,1.0,0.0,0.0,0.0,0.0,0.0,0.0,1.0
410350,0,1,3400,-68,68,434,18,19,1.2,5312.000000,0,27,1.0,0.0,0.0,0.0,0.0,0.0,0.0,1.0
410599,0,1,3400,-68,68,436,18,19,0.86,6624.000000,25,27,1.0,0.0,0.0,0.0,0.0,0.0,0.0,1.0
410848,0,1,3400,-69,69,434,18,19,0.79,21248.000000,0,27,1.7,0.0,17952.000000,0,0.0,0.0,0.0,1.0
411097,0,1,3400,-69,69,435,15,19,1.2,11392.000000,33,27,3.0,0.0,0.0,0.0,0.0,0.0,0.0,1.0
411346,0,1,3400,-69,69,435,11,18,1.3,13024.000000,0,27,3.0,0.0,0.0,0.0,0.0,0.0,0.0,1.0
411595,0,1,3400,-69,69,436,12,18,1.5,1959.839355,50,27,3.0,0.0,0.0,0.0,0.0,0.0,0.0,1.0
411844,0,1,3400,-69,69,435,17,18,1.9,5472.000000,0,27,3.2,0.0,4384.000000,25,0.0,0.0,0.0,1.0
412093,0,1,3400,-69,69,436,16,18,1.3,26624.000000,0,27,2.3,0.0,18176.000000,27,0.0,0.0,0.0,1.0
412342,0,1,3400,-69,69,434,21,18,2.5,0.0,100.000000,27,2.0,0.0,0.0,0.0,0.0,0.0,0.0,1.0
412591,0,1,3400,-69,69,433,17,18,1.5,16160.000000,0,27,2.0,0.0,0.0,0.0,0.0,0.0,0.0,1.0
412840,0,1,3400,-69,69,430,18,18,2.1,9728.000000,33,27,2.2,0.0,19328.000000,32,0.0,0.0,0.0,1.0
413089,0,1,3400,-69,69,435,17,18,1.1,13088.000000,17,27,2.0,0.0,0.0,0.0,0.0,0.0,0.0,1.0
413338,0,1,3400,-69,69,436,14,18,0.52,5312.000000,0,27,2.0,0.0,0.0,0.0,0.0,0.0,0.0,1.0
413587,0,1,3400,-69,69,439,14,18,0.70,10720.000000,17,27,2.0,0.0,0.0,50,0.0,0.0,0.0,1.0
413836,0,1,3400,-69,69,435,16,18,0.93,7680.000000,0,27,2.9,0.0,14912.000000,25,0.0,0.0,0.0,1.0
414085,0,1,3400,-69,69,434,10,18,0.75,0.0,0.0,27,3.5,0.0,6528.000000,0,0.0,0.0,0.0,1.0
414334,0,1,3400,-69,69,436,11,18,0.79,5290.836426,0,27,3.5,0.0,0.0,0.0,0.0,0.0,0.0,1.0
414583,0,1,3400,-69,69,437,15,18,0.82,21408.000000,0,27,3.5,0.0,0.0,0.0,0.0,0.0,0.0,1.0
414832,0,1,3400,-69,69,436,17,18,1.7,7328.000000,25,27,3.8,0.0,5760.000000,17,0.0,0.0,0.0,1.0
415081,0,1,3400,-69,69,434,17,18,1.1,10624.000000,0,27,4.6,0.0,59456.000000,22,0.0,0.0,0.0,1.0
415330,0,1,3400,-69,69,433,16,18,1.8,5216.000000,11,27,4.5,0.0,0.0,0.0,0.0,0.0,0.0,1.0
415579,0,1,3400,-69,69,435,15,18,1.2,11904.000000,0,27,4.5,0.0,0.0,0.0,0.0,0.0,0.0,1.0
415828,0,1,3400,-69,69,432,15,18,1.2,16384.000000,10,27,4.2,0.0,13376.000000,17,0.0,0.0,0.0,1.0
416077,0,1,3400,-69,69,434,11,18,0.56,10848.000000,0,27,4.0,0.0,0.0,0.0,0.0,0.0,0.0,1.0
416326,0,1,3400,-69,69,437,4.4,17,0.50,10976.000000,0,27,4.0,0.0,0.0,0.0,0.0,0.0,0.0,1.0
416575,0,1,3400,-69,69,439,5.6,17,0.50,27424.000000,0,27,4.0,0.0,0.0,0.0,0.0,0.0,0.0,1.0
416824,0,1,3400,-70,70,434,13,17,0.84,20928.000000,0,27,3.2,114,0.0,80,0.0,0.0,0.0,1.0
417073,0,1,3400,-70,70,435,16,18,1.0,5152.000000,0,27,2.2,0.0,2464.000000,44,0.0,0.0,0.0,1.0
417322,0,1,3400,-70,70,436,14,17,0.85,15552.000000,0,27,0.016,0.0,0.0,100.000000,0.0,0.0,0.0,1.0
417571,0,1,3400,-70,70,437,18,17,1.6,15456.000000,0,27,0.0,0.0,0.0,0.0,0.0,0.0,0.0,1.0
417820,0,1,3400,-70,70,437,18,18,1.8,5152.000000,0,27,2.3,0.0,17568.000000,47,0.0,0.0,0.0,1.0
418069,0,1,3400,-70,70,435,18,18,1.8,15518.072266,0,27,3.5,0.0,0.0,0.0,0.0,0.0,0.0,1.0
418318,0,1,3400,-69,69,432,18,18,1.8,5152.000000,0,27,3.5,0.0,0.0,0.0,0.0,0.0,0.0,1.0
418567,0,1,3400,-69,69,431,18,18,1.8,5152.000000,0,27,3.5,0.0,0.0,0.0,0.0,0.0,0.0,1.0
418816,0,1,3400,-70,70,432,18,18,2.1,5152.000000,0,27,2.9,0.0,13216.000000,43,0.0,0.0,0.0,1.0
419065,0,1,3400,-70,70,434,18,18,2.7,0.0,100.000000,27,2.0,0.0,0.0,0.0,0.0,0.0,0.0,1.0
419314,0,1,3400,-70,70,435,18,17,2.5,25760.000000,0,27,2.0,0.0,0.0,0.0,0.0,0.0,0.0,1.0
419563,0,1,3400,-70,70,438,18,17,1.5,5152.000000,0,27,2.0,0.0,0.0,0.0,0.0,0.0,0.0,1.0
419812,0,1,3400,-70,70,438,11,17,1.6,5408.000000,25,27,1.9,0.0,13344.000000,24,0.0,0.0,0.0,1.0
420061,0,1,3400,-70,70,435,10,18,1.5,0.0,0.0,27,2.0,0.0,0.0,0.0,0.0,0.0,0.0,1.0
420310,0,1,3400,-70,70,432,10,18,1.4,5152.000000,0,27,2.0,0.0,0.0,0.0,0.0,0.0,0.0,1.0
420559,0,1,3400,-70,70,430,10.0,18,1.2,5152.000000,0,27,1.3,0.0,896,0,0.0,0.0,0.0,1.0
420808,0,1,3400,-70,70,433,10.0,16,0.93,31490.039062,0,27,0.032,0.0,9784.860352,20,0.0,0.0,0.0,1.0
421057,0,1,3400,-70,70,436,7.7,17,0.75,11072.000000,0,27,0.0,0.0,0.0,0.0,0.0,0.0,0.0,1.0
421306,0,1,3400,-70,70,437,11,17,0.61,16608.000000,0,27,0.016,0.0,0.0,0.0,0.0,0.0,0.0,1.0
421555,0,1,3400,-70,70,434,17,17,2.4,10304.000000,33,27,0.0,0.0,0.0,0.0,0.0,0.0,0.0,1.0
421804,0,1,3400,-70,70,432,16,17,1.6,10400.000000,0,27,1.6,0.0,14080.000000,0,0.0,0.0,0.0,1.0
422053,0,1,3400,-70,70,431,18,17,2.2,5152.000000,0,27,1.0,0.0,0.0,0.0,0.0,0.0,0.0,1.0
422302,0,1,3400,-70,70,434,16,17,2.0,7168.000000,33,27,1.0,0.0,1568.000000,60,0.0,0.0,0.0,1.0
422551,0,1,3400,-70,70,435,19,17,2.4,10304.000000,0,27,0.64,0.0,896,0,0.0,0.0,0.0,1.0
422800,0,1,3400,-71,71,436,18,17,2.5,10304.000000,33,27,0.81,0.0,7040.000000,31,0.0,0.0,0.0,1.0
423049,0,1,3400,-71,71,434,18,17,2.7,5152.000000,0,27,1.0,0.0,0.0,0.0,0.0,0.0,0.0,1.0
423298,0,1,3400,-71,71,432,12,16,2.9,15456.000000,40,27,1.0,0.0,0.0,0.0,0.0,0.0,0.0,1.0
423547,0,1,3400,-71,71,432,10.0,16,2.9,5568.000000,60,27,1.0,0.0,0.0,0.0,0.0,0.0,0.0,1.0
423796,0,1,3400,-71,71,429,13,17,2.1,10304.000000,33,27,2.7,0.0,7360.000000,31,0.0,0.0,0.0,1.0
424045,0,1,3400,-71,71,429,18,17,3.0,10345.381836,0,27,3.0,0.0,0.0,0.0,0.0,0.0,0.0,1.0
424294,0,1,3400,-71,71,432,18,16,2.6,15394.421875,40,27,3.0,0.0,0.0,0.0,0.0,0.0,0.0,1.0
424543,0,1,3400,-71,71,435,18,16,3.9,2208.000000,83,27,3.0,0.0,0.0,0.0,0.0,0.0,0.0,1.0
424792,0,1,3400,-71,71,435,16,16,2.8,7903.614258,50,27,1.4,0.0,9188.754883,45,0.0,0.0,0.0,1.0
425041,0,1,3400,-71,71,433,16,16,2.2,15616.000000,20,27,0.0,0.0,0.0,0.0,0.0,0.0,0.0,1.0
425290,0,1,3400,-71,71,434,17,17,2.8,5152.000000,0,27,0.0,0.0,0.0,80,0.0,0.0,0.0,1.0
425539,0,1,3400,-71,71,431,17,16,2.2,11616.000000,40,27,0.0,0.0,0.0,0.0,0.0,0.0,0.0,1.0
425788,0,1,3400,-71,71,430,14,17,1.5,5152.000000,0,27,0.0,0.0,8960.000000,36,0.0,0.0,0.0,1.0
426037,0,1,3400,-71,71,430,16,17,1.4,10304.000000,0,27,0.0,0.0,0.0,0.0,0.0,0.0,0.0,1.0
426286,0,1,3400,-70,70,429,18,17,1.3,5152.000000,0,27,0.016,0.0,0.0,0.0,0.0,0.0,0.0,1.0
426535,0,1,3400,-70,70,432,15,17,0.83,10784.000000,0,27,0.016,0.0,0.0,0.0,0.0,0.0,0.0,1.0
426784,0,1,3400,-70,70,431,14,17,0.60,16000.000000,0,27,8.0,0.0,32544.000000,38,0.0,0.0,0.0,1.0
427033,0,1,3400,-70,70,433,15,18,0.72,5152.000000,0,27,12,0.0,0.0,0.0,0.0,0.0,0.0,1.0
427282,0,1,3400,-69,69,431,16,18,0.75,5152.000000,0,27,12,0.0,0.0,0.0,0.0,0.0,0.0,1.0
427531,0,1,3400,-69,69,435,16,18,0.79,5131.474121,0,27,13,0.0,0.0,0.0,0.0,0.0,0.0,1.0
427780,0,1,3400,-69,69,435,18,18,1.6,21920.000000,17,27,6.2,0.0,19200.000000,29,0.0,0.0,0.0,1.0
428029,0,1,3400,-69,69,433,17,19,1.6,15872.000000,20,27,4.0,0.0,0.0,0.0,0.0,0.0,0.0,1.0
428278,0,1,3400,-68,68,428,18,19,2.8,0.0,0.0,27,4.0,0.0,0.0,0.0,0.0,0.0,0.0,1.0
428527,0,1,3400,-68,68,430,16,19,2.4,5408.000000,0,27,4.0,0.0,0.0,0.0,0.0,0.0,0.0,1.0
428776,0,1,3400,-68,68,431,8.7,18,0.93,22912.000000,0,27,3.1,0.0,19648.000000,21,0.0,0.0,0.0,1.0
429025,0,1,3400,-68,68,430,11,19,1.5,3712.000000,43,27,3.0,0.0,0.0,0.0,0.0,0.0,0.0,1.0
429274,0,1,3400,-68,68,430,14,19,1.6,15776.000000,17,27,3.0,0.0,0.0,0.0,0.0,0.0,0.0,1.0
429523,0,1,3400,-68,68,431,13,19,0.76,15936.000000,0,27,3.0,0.0,0.0,0.0,0.0,0.0,0.0,1.0
429772,0,1,3400,-68,68,432,15,19,0.76,5152.000000,0,27,2.9,0.0,10592.000000,31,0.0,0.0,0.0,1.0
430021,0,1,3400,-68,68,433,9.2,19,0.67,17536.000000,0,27,1.5,0.0,416,0,0.0,0.0,0.0,1.0
430270,0,1,3400,-67,67,432,17,19,0.93,20832.000000,0,27,1.5,0.0,0.0,0.0,0.0,0.0,0.0,1.0
430519,0,1,3400,-67,67,431,16,19,1.5,11759.036133,33,27,1.5,0.0,0.0,0.0,0.0,0.0,0.0,1.0
430768,0,1,3400,-67,67,429,22,20,2.8,0.0,0.0,27,1.5,0.0,0.0,0.0,0.0,0.0,0.0,1.0
431017,0,1,3400,-67,67,428,16,19,2.3,5751.003906,33,27,4.2,186,4401.606445,33,0.0,0.0,0.0,1.0
431266,0,1,3400,-67,67,431,20,20,2.3,10816.000000,0,27,0.25,0.0,11840.000000,0,0.0,0.0,0.0,1.0
431515,0,1,3400,-67,67,434,15,19,1.8,11680.000000,29,27,0.0,0.0,0.0,0.0,0.0,0.0,0.0,1.0
431764,0,1,3400,-67,67,435,21,20,2.7,5152.000000,0,27,4.4,0.0,24704.000000,21,0.0,0.0,0.0,1.0
432013,0,1,3400,-67,67,435,22,20,2.3,5152.000000,0,27,7.0,0.0,0.0,0.0,0.0,0.0,0.0,1.0
432262,0,1,3400,-67,67,433,15,20,1.2,26432.000000,0,27,7.0,0.0,0.0,0.0,0.0,0.0,0.0,1.0
432511,0,1,3400,-67,67,433,12,20,0.64,15712.000000,0,27,7.0,0.0,0.0,0.0,0.0,0.0,0.0,1.0
432760,0,1,3400,-68,68,432,12,20,0.75,0.0,0.0,27,7.0,0.0,0.0,0.0,0.0,0.0,0.0,1.0
433009,0,1,3400,-68,68,428,15,19,0.93,15744.000000,0,27,7.6,0.0,31328.000000,36,0.0,0.0,0.0,1.0
433258,0,1,3400,-68,68,430,3.6,19,0.50,11328.000000,0,27,11,0.0,0.0,0.0,0.0,0.0,0.0,1.0
433507,0,1,3400,-68,68,432,3.0,19,0.50,0.0,0.0,27,11,0.0,0.0,0.0,0.0,0.0,0.0,1.0
433756,0,1,3400,-68,68,431,4.3,19,0.69,5152.000000,0,27,10,0.0,896,0,0.0,0.0,0.0,1.0
434005,0,1,3400,-68,68,433,14,20,1.6,5131.474121,0,27,3.9,0.0,17625.498047,53,0.0,0.0,0.0,1.0
434254,0,1,3400,-67,67,432,18,20,1.2,10304.000000,0,27,4.0,0.0,0.0,0.0,0.0,0.0,0.0,1.0
434503,0,1,3400,-67,67,431,18,20,1.1,25856.000000,0,27,4.0,0.0,0.0,0.0,0.0,0.0,0.0,1.0
434752,0,1,3400,-67,67,431,20,20,1.8,0.0,0.0,27,4.0,0.0,0.0,0.0,0.0,0.0,0.0,1.0
435001,0,1,3400,-67,67,430,17,20,1.0,20864.000000,0,27,1.7,0.0,15296.000000,0,0.0,0.0,0.0,1.0
435250,0,1,3400,-66,66,432,17,20,1.0,15456.000000,0,27,0.99,0.0,0.0,0.0,0.0,0.0,0.0,1.0
435499,0,1,3400,-66,66,431,18,20,0.90,25856.000000,0,27,0.99,0.0,0.0,0.0,0.0,0.0,0.0,1.0
435748,0,1,3400,-66,66,429,17,20,0.70,5280.000000,0,27,1.4,0.0,3360.000000,33,0.0,0.0,0.0,1.0
435997,0,1,3400,-66,66,426,18,21,0.58,15456.000000,0,27,2.0,0.0,0.0,0.0,0.0,0.0,0.0,1.0
436246,0,1,3400,-66,66,429,18,20,0.96,15456.000000,0,27,0.70,0.0,1568.000000,0,0.0,0.0,0.0,1.0
436495,0,1,3400,-66,66,434,18,21,0.75,0.0,0.0,27,0.0,0.0,0.0,0.0,0.0,0.0,0.0,1.0
436744,0,1,3400,-66,66,436,18,20,0.93,15456.000000,0,27,1.9,0.0,17664.000000,38,0.0,0.0,0.0,1.0
436993,0,1,3400,-66,66,434,18,20,1.0,0.0,0.0,27,4.0,0.0,0.0,0.0,0.0,0.0,0.0,1.0
437242,0,1,3400,-66,66,433,18,20,1.0,15456.000000,0,27,4.0,0.0,0.0,0.0,0.0,0.0,0.0,1.0
437491,0,1,3400,-66,66,431,18,20,0.81,20690.763672,0,27,4.0,0.0,0.0,0.0,0.0,0.0,0.0,1.0
437740,0,1,3400,-66,66,431,18,21,0.75,0.0,0.0,27,4.0,0.0,0.0,0.0,0.0,0.0,0.0,1.0
437989,0,1,3400,-66,66,432,18,21,0.82,15456.000000,0,27,2.7,0.0,19712.000000,10,0.0,0.0,0.0,1.0
438238,0,1,3400,-66,66,432,18,21,0.71,15456.000000,0,27,2.0,0.0,0.0,0.0,0.0,0.0,0.0,1.0
438487,0,1,3400,-66,66,435,18,21,0.50,0.0,0.0,27,1.0,0.0,896,0,0.0,0.0,0.0,1.0
438736,0,1,3400,-66,66,434,18,21,1.2,5152.000000,50,27,0.79,0.0,16512.000000,0,0.0,0.0,0.0,1.0
438985,0,1,3400,-66,66,433,18,20,1.3,15456.000000,0,27,0.0,0.0,0.0,0.0,0.0,0.0,0.0,1.0
439234,0,1,3400,-66,66,432,18,20,0.93,5152.000000,0,27,0.0,0.0,0.0,0.0,0.0,0.0,0.0,1.0
439483,0,1,3400,-66,66,434,18,20,0.75,5152.000000,0,27,0.0,0.0,0.0,0.0,0.0,0.0,0.0,1.0
439732,0,1,3400,-67,67,429,18,20,0.85,10304.000000,0,27,0.0,0.0,16320.000000,0,0.0,0.0,0.0,1.0
439981,0,1,3400,-67,67,433,18,20,0.53,5152.000000,0,27,0.0,0.0,0.0,0.0,0.0,0.0,0.0,1.0
440230,0,1,3400,-67,67,435,18,19,0.74,20704.000000,0,27,0.0,0.0,0.0,0.0,0.0,0.0,0.0,1.0
440479,0,1,3400,-67,67,433,16,20,0.85,10613.545898,0,27,0.0,0.0,0.0,0.0,0.0,0.0,0.0,1.0
440728,0,1,3400,-67,67,431,17,20,0.96,25760.000000,0,27,0.0,0.0,8608.000000,0,0.0,0.0,0.0,1.0
440977,0,1,3400,-67,67,431,18,20,1.3,0.0,0.0,27,0.0,0.0,0.0,0.0,0.0,0.0,0.0,1.0
441226,0,1,3400,-67,67,434,18,19,1.1,10304.000000,0,27,0.0,0.0,0.0,0.0,0.0,0.0,0.0,1.0
441475,0,1,3400,-67,67,435,18,20,1.0,10304.000000,0,27,0.0,0.0,0.0,0.0,0.0,0.0,0.0,1.0
441724,0,1,3400,-67,67,438,16,20,1.0,15744.000000,20,27,0.0080,0.0,17472.000000,0,0.0,0.0,0.0,1.0
441973,0,1,3400,-67,67,435,18,20,1.0,5152.000000,0,27,0.0,0.0,0.0,0.0,0.0,0.0,0.0,1.0
442222,0,1,3400,-66,66,429,18,20,1.0,5152.000000,0,27,0.0,0.0,0.0,0.0,0.0,0.0,0.0,1.0
442471,0,1,3400,-66,66,431,17,20,0.79,10464.000000,0,27,0.0,0.0,0.0,0.0,0.0,0.0,0.0,1.0
442720,0,1,3400,-66,66,430,18,20,2.1,8128.000000,50,27,0.0,0.0,9152.000000,0,0.0,0.0,0.0,1.0
442969,0,1,3400,-66,66,430,20,20,1.9,15456.000000,0,27,0.0,0.0,6272.000000,0,0.0,0.0,0.0,1.0
443218,0,1,3400,-66,66,434,18,20,0.86,46528.000000,0,27,0.0,0.0,0.0,0.0,0.0,0.0,0.0,1.0
443467,0,1,3400,-66,66,433,20,20,1.6,15552.000000,33,27,0.0,0.0,0.0,0.0,0.0,0.0,0.0,1.0
443716,0,1,3400,-66,66,432,26,21,3.5,0.0,100.000000,27,0.0,0.0,0.0,0.0,0.0,0.0,0.0,1.0
443965,0,1,3400,-80,80,188,28,7.3,4.0,0.0,0.0,27,5.2,0.0,5824.000000,0,0.0,0.0,0.0,1.0
444214,0,1,3400,-87,87,-702,28,1.2,4.0,0.0,0.0,27,9.0,0.0,0.0,0.0,0.0,0.0,0.0,1.0
444463,0,1,3400,-87,87,-1350.941162,28,1.1,4.0,0.0,0.0,27,8.9,0.0,0.0,0.0,0.0,0.0,0.0,1.0
444712,0,1,3400,-87,87,-1601.678223,28,1.1,4.0,0.0,0.0,27,9.0,0.0,0.0,0.0,0.0,0.0,0.0,1.0
444961,0,1,3400,-86,86,-2092.639648,28,0.94,4.0,0.0,0.0,27,9.0,0.0,0.0,0.0,0.0,0.0,0.0,1.0
445210,0,1,3400,-86,86,-2092.639648,28,0.94,4.0,0.0,0.0,27,9.0,0.0,0.0,0.0,0.0,0.0,0.0,1.0
445459,0,1,3400,-84,84,1707.815796,14,4.8,2.3,1888.000000,0,27,9.0,0.0,224,50,0.0,0.0,0.0,1.0
445708,0,1,3400,-84,84,1757.203735,0.22,4.5,0.070,0.0,0.0,27,0.50,0.0,0.0,0.0,0.0,0.0,0.0,0.0
445957,0,1,3400,-84,84,1755.286499,0.0,4.6,0.13,0.0,0.0,0.0,0.0,0.0,0.0,0.0,0.0,0.0,0.0,0.0
446206,0,1,3400,-84,84,1752.896484,0.0,5.0,0.25,0.0,0.0,0.0,0.0,0.0,0.0,0.0,0.0,0.0,0.0,0.0
446455,0,1,3400,-84,84,1754.544189,0.0,4.7,0.25,0.0,0.0,0.0,0.0,0.0,0.0,0.0,0.0,0.0,0.0,0.0
446704,0,1,3400,-84,84,1759.264893,0.0,5.0,0.25,0.0,0.0,0.0,0.0,0.0,0.0,0.0,0.0,0.0,0.0,0.0
446953,0,1,3400,-84,84,1749.542480,0.0,4.8,0.25,0.0,0.0,0.0,0.0,0.0,0.0,0.0,0.0,0.0,0.0,0.0
447202,0,1,3400,-84,84,1750.689209,0.0,4.6,0.25,0.0,0.0,0.0,0.0,0.0,0.0,0.0,0.0,0.0,0.0,0.0
447451,0,1,3400,-84,84,1756.913696,0.0,4.8,0.26,0.0,0.0,0.0,0.0,0.0,0.0,0.0,0.0,0.0,0.0,0.0
447700,0,1,3400,-85,85,1756.224365,0.0,4.9,0.50,0.0,0.0,0.0,0.0,0.0,0.0,0.0,0.0,0.0,0.0,0.0
447949,0,1,3400,-85,85,1755.981079,0.0,5.2,0.50,0.0,0.0,0.0,0.0,0.0,0.0,0.0,0.0,0.0,0.0,0.0
448198,0,1,3400,-85,85,1755.135864,0.0,5.3,0.50,0.0,0.0,0.0,0.0,0.0,0.0,0.0,0.0,0.0,0.0,0.0
448447,0,1,3400,-85,85,1754.434204,0.0,5.2,0.50,0.0,0.0,0.0,0.0,0.0,0.0,0.0,0.0,0.0,0.0,0.0
448696,0,1,3400,-85,85,1758.040405,0.0,5.2,0.50,0.0,0.0,0.0,0.0,0.0,0.0,0.0,0.0,0.0,0.0,0.0
448945,0,1,3400,-85,85,1759.730835,0.0,5.2,0.50,0.0,0.0,0.0,0.0,0.0,0.0,0.0,0.0,0.0,0.0,0.0
449194,0,1,3400,-85,85,1752.216675,0.0,5.1,0.50,0.0,0.0,0.0,0.0,0.0,0.0,0.0,0.0,0.0,0.0,0.0
449443,0,1,3400,-85,85,1755.589966,0.0,5.3,0.50,0.0,0.0,0.0,0.0,0.0,0.0,0.0,0.0,0.0,0.0,0.0
449692,0,1,3400,-85,85,1753.175293,0.0,5.2,0.50,0.0,0.0,0.0,0.0,0.0,0.0,0.0,0.0,0.0,0.0,0.0
449941,0,1,3400,-85,85,1753.966553,0.0,5.3,0.50,0.0,0.0,0.0,0.0,0.0,0.0,0.0,0.0,0.0,0.0,0.0
450190,0,1,3400,-85,85,1757.395508,0.0,5.2,0.50,0.0,0.0,0.0,0.0,0.0,0.0,0.0,0.0,0.0,0.0,0.0
450439,0,1,3400,-85,85,1754.453125,0.0,5.2,0.50,0.0,0.0,0.0,0.0,0.0,0.0,0.0,0.0,0.0,0.0,0.0
450688,0,1,3400,-85,85,1755.382568,0.0,5.2,0.50,0.0,0.0,0.0,0.0,0.0,0.0,0.0,0.0,0.0,0.0,0.0
450937,0,1,3400,-85,85,1756.101440,0.0,5.2,0.50,0.0,0.0,0.0,0.0,0.0,0.0,0.0,0.0,0.0,0.0,0.0
451186,0,1,3400,-85,85,1755.478027,0.0,5.2,0.50,0.0,0.0,0.0,0.0,0.0,0.0,0.0,0.0,0.0,0.0,0.0
451435,0,1,3400,-85,85,1759.476318,0.0,5.1,0.50,0.0,0.0,0.0,0.0,0.0,0.0,0.0,0.0,0.0,0.0,0.0
451684,0,1,3400,-85,85,1754.731934,0.0,5.2,0.50,0.0,0.0,0.0,0.0,0.0,0.0,0.0,0.0,0.0,0.0,0.0
451933,0,1,3400,-85,85,1756.987305,0.0,5.3,0.50,0.0,0.0,0.0,0.0,0.0,0.0,0.0,0.0,0.0,0.0,0.0
452182,0,1,3400,-85,85,1759.805298,0.0,5.2,0.50,0.0,0.0,0.0,0.0,0.0,0.0,0.0,0.0,0.0,0.0,0.0
452431,0,1,3400,-85,85,1756.042480,0.0,5.2,0.50,0.0,0.0,0.0,0.0,0.0,0.0,0.0,0.0,0.0,0.0,0.0
452680,0,1,3400,-85,85,1753.991333,0.0,5.2,0.50,0.0,0.0,0.0,0.0,0.0,0.0,0.0,0.0,0.0,0.0,0.0
452929,0,1,3400,-85,85,1754.801270,0.0,5.2,0.50,0.0,0.0,0.0,0.0,0.0,0.0,0.0,0.0,0.0,0.0,0.0
453178,0,1,3400,-85,85,1756.525391,0.0,