Timestamp,num_ues,IMSI,RNTI,,slicing_enabled,slice_id,slice_prb,power_multiplier,scheduling_policy,,dl_mcs,dl_n_samples,dl_buffer [bytes],tx_brate downlink [Mbps],tx_pkts downlink,tx_errors downlink (%),dl_cqi,,ul_mcs,ul_n_samples,ul_buffer [bytes],rx_brate uplink [Mbps],rx_pkts uplink,rx_errors uplink (%),ul_rssi,ul_sinr,phr,,sum_requested_prbs,sum_granted_prbs,,dl_pmi,dl_ri,ul_n,ul_turbo_iters
1604118222421,10,1010123456014,104,,1,0,4,1,2,,8.42857,14,0,0.0107309,6,0,8.5,,10.5484,31,0,0.1,13,30.7692,0,17.1922,31,,3,14,,0,0,0,3.32258
1604118222671,10,1010123456014,104,,1,0,4,1,2,,17.9691,97,745,0.185414,35,0,9,,13.9375,32,0,0.189205,13,0,0,18.2446,31,,0,158,,0,0,0,1.125
1604118222921,10,1010123456014,104,,1,0,4,1,2,,17.504,375,19726,0.393152,153,0,9,,11.8261,46,0,0.138496,18,16.6667,0,14.6936,31,,250,302,,0,0,0,3.06522
1604118223171,10,1010123456014,104,,1,0,4,1,2,,18.0027,373,38556,0.375808,148,0,9,,0,0,0,0,0,0,0,0,0,,250,298,,0,0,0,0
1604118223421,10,1010123456014,104,,1,0,4,1,2,,17.0586,461,55595,0.440544,185,0,8.66667,,0,0,0,0,0,0,0,0,0,,250,372,,0,0,0,0
1604118223671,10,1010123456014,104,,1,0,4,1,2,,18.0896,480,71382,0.483872,189,0,9,,0,0,0,0,0,0,0,0,0,,250,374,,0,0,0,0
1604118223921,10,1010123456014,104,,1,0,4,1,2,,17.9726,401,89297,0.409472,162,0,9,,12.3571,14,0,0.1,6,66.6667,0,13.7255,31,,250,324,,0,0,0,6.14286
1604118224171,10,1010123456014,104,,1,0,4,1,2,,17.7439,328,108066,0.330496,132,0,9,,0,0,0,0,0,0,0,0,0,,250,268,,0,0,0,0
1604118224421,10,1010123456014,104,,1,0,4,1,2,,15.8098,410,126886,0.379712,168,0,8.16667,,2,3,0,0.1,1,0,0,4.82829,31,,250,336,,0,0,0,1
1604118224671,10,1010123456014,104,,1,0,4,1,2,,18.2895,335,146532,0.359712,137,0,9,,0.1,3,0,0.1,1,0,0,18.5401,31,,250,266,,0,0,0,1
1604118224921,12,1010123456014,104,,1,0,4,1,2,,18.0447,358,165580,0.363104,143,0,9,,0,8,0,0,4,100,0,0,0,,250,292,,0,0,0,0
1604118225171,10,1010123456014,104,,1,0,4,1,2,,18.1768,362,183185,0.375518,144,0,9.16667,,5.2,5,0,0.1,2,0,0,17.9822,31,,249,286,,0,0,0,1
1604118225421,10,1010123456014,104,,1,0,4,1,2,,18.0433,416,183269,0.425952,167,0,9,,0,0,0,0,0,0,0,0,0,,251,338,,0,0,0,0
1604118225671,10,1010123456014,104,,1,0,4,1,2,,18.3716,479,183993,0.498624,190,0,9.33333,,0,0,0,0,0,0,0,0,0,,250,384,,0,0,0,0
1604118225921,10,1010123456014,104,,1,0,4,1,2,,18.7817,449,183384,0.508224,186,0,9.71429,,13.625,8,0,0.1,3,0,0,12.1023,31,,250,366,,0,0,0,3.375
1604118226171,10,1010123456014,104,,1,0,4,1,2,,19.2722,485,183621,0.568416,197,0,10,,0,0,0,0,0,0,0,0,0,,250,394,,0,0,0,0
1604118226421,10,1010123456014,104,,1,0,4,1,2,,18.97,466,183597,0.526368,189,0,10,,0,0,0,0,0,0,0,0,0,,250,380,,0,0,0,0
1604118226671,10,1010123456014,104,,1,0,4,1,2,,19.1017,472,183387,0.535104,190,0,10,,0,0,0,0,0,0,0,0,0,,250,380,,0,0,0,0
1604118226921,10,1010123456014,104,,1,0,4,1,2,,18.9955,445,183505,0.490185,175,0,10,,11.1429,7,0,0.1,3,0,0,20.6202,31,,250,342,,0,0,0,1
1604118227171,10,1010123456014,104,,1,0,4,1,2,,18,289,183322,0.293248,116,0,10,,0,0,0,0,0,0,0,0,0,,250,234,,0,0,0,0
1604118227421,10,1010123456014,104,,1,0,4,1,2,,18.1549,439,182862,0.441984,172,0,10,,0,0,0,0,0,0,0,0,0,,250,350,,0,0,0,0
1604118227671,10,1010123456014,104,,1,0,4,1,2,,18.9119,295,183073,0.333536,121,0,10,,0,0,0,0,0,0,0,0,0,,250,238,,0,0,0,0
1604118227921,10,1010123456014,104,,1,0,4,1,2,,19.461,462,184214,0.540369,185,0,10.2857,,15,12,0,0,4,100,0,6.72306,0,,250,368,,0,0,0,10
1604118228171,10,1010123456014,104,,1,0,4,1,2,,20.5631,412,183937,0.529632,163,0,10.6,,6.2,5,0,0.1,2,0,0,21.5294,31,,250,330,,0,0,0,1
1604118228421,10,1010123456014,104,,1,0,4,1,2,,19.9291,296,183095,0.352864,117,0,10.6667,,0,0,0,0,0,0,0,0,0,,250,238,,0,0,0,0
1604118228671,10,1010123456014,104,,1,0,4,1,2,,20.9973,368,184100,0.491072,146,0,11,,0,0,0,0,0,0,0,0,0,,250,292,,0,0,0,0
1604118228921,9,1010123456014,104,,1,0,4,1,2,,18.9789,379,183644,0.468627,157,0,10.1667,,13.7143,7,0,0.1,3,0,0,14.7448,31,,403,302,,0,0,0,1.71429
1604118229171,9,1010123456014,104,,1,0,4,1,2,,20.9202,326,183583,0.410464,123,0,11,,0,0,0,0,0,0,0,0,0,,500,260,,0,0,0,0
1604118229421,9,1010123456014,104,,1,0,4,1,2,,18.8928,373,183536,0.439808,150,0,10.1667,,0,0,0,0,0,0,0,0,0,,498,296,,0,0,0,0
1604118229671,9,1010123456014,104,,1,0,4,1,2,,19.009,444,184041,0.510208,176,0,10.2,,0,0,0,0,0,0,0,0,0,,500,350,,0,0,0,0
1604118229921,9,1010123456014,104,,1,0,4,1,2,,20.9595,296,183720,0.40192,120,0,11,,13.875,16,0,0.1,6,66.6667,0,9.41371,31,,500,236,,0,0,0,7.75
1604118230171,9,1010123456014,104,,1,0,4,1,2,,20.7263,274,184368,0.365504,110,0,10.1667,,0,0,0,0,0,0,0,0,0,,500,216,,0,0,0,0
1604118230421,9,1010123456014,104,,1,0,4,1,2,,21.6139,303,183128,0.402656,114,0,11.4,,0,0,0,0,0,0,0,0,0,,500,240,,0,0,0,0
1604118230671,9,1010123456014,104,,1,0,4,1,2,,20.968,219,182957,0.288192,86,0,11,,0,0,0,0,0,0,0,0,0,,498,172,,0,0,0,0
1604118230921,8,1010123456014,104,,1,0,4,1,2,,19.4777,337,183804,0.402176,132,0,10.2,,12.6,10,0,0.1,4,0,0,16.4018,31,,502,266,,0,0,0,1.3
1604118231171,8,1010123456014,104,,1,0,4,1,2,,21.272,353,183605,0.485792,141,0,11.1667,,0,0,0,0,0,0,0,0,0,,500,278,,0,0,0,0
1604118231421,8,1010123456014,104,,1,0,4,1,2,,20.9855,345,184104,0.473248,141,0,11,,0,0,0,0,0,0,0,0,0,,498,274,,0,0,0,0
1604118231671,8,1010123456014,104,,1,0,4,1,2,,19.2225,364,184298,0.42464,142,0,10.2,,0,0,0,0,0,0,0,0,0,,500,284,,0,0,0,0
1604118231921,8,1010123456014,104,,1,0,4,1,2,,20.9188,357,183813,0.485312,143,0,10.4286,,3.84211,19,0,0.1,8,0,0,6.72908,31,,502,290,,0,0,0,1.21053
1604118232171,8,1010123456014,104,,1,0,4,1,2,,21.1145,166,184126,0.24112,71,0,9.4,,0,0,0,0,0,0,0,0,0,,500,140,,0,0,0,0
1604118232421,8,1010123456014,104,,1,0,4,1,2,,20.5699,186,184057,0.239104,72,0,10.4,,0,0,0,0,0,0,0,0,0,,500,180,,0,0,0,0
1604118232671,8,1010123456014,104,,1,0,4,1,2,,20.4637,289,184369,0.369344,114,0,11,,0,0,0,0,0,0,0,0,0,,500,228,,0,0,0,0
1604118232921,8,1010123456014,104,,1,0,4,1,2,,17.253,249,183735,0.25248,96,0,9.28571,,3.08333,24,0,0.1,11,0,0,9.58813,31,,500,200,,0,0,0,1
1604118233171,8,1010123456014,104,,1,0,4,1,2,,21.3594,256,184267,0.372864,108,0,11.25,,0,0,0,0,0,0,0,0,0,,500,208,,0,0,0,0
1604118233421,8,1010123456014,104,,1,0,4,1,2,,19.024,292,182982,0.356864,114,0,10.1667,,0,0,0,0,0,0,0,0,0,,500,240,,0,0,0,0
1604118233671,8,1010123456014,104,,1,0,4,1,2,,19.1311,328,183805,0.423488,139,0,10.5,,0,0,0,0,0,0,0,0,0,,500,266,,0,0,0,0
1604118233921,8,1010123456014,104,,1,0,4,1,2,,17.058,345,182995,0.354432,138,0,10.1667,,1.69231,39,0,0.1,16,0,0,8.6066,31,,500,282,,0,0,0,1
1604118234171,8,1010123456014,104,,1,0,4,1,2,,20.8731,331,184025,0.452352,136,0,11,,0,0,0,0,0,0,0,0,0,,500,266,,0,0,0,0
1604118234421,8,1010123456014,104,,1,0,4,1,2,,22.4352,301,183952,0.471936,124,0,12,,0,0,0,0,0,0,0,0,0,,500,250,,0,0,0,0
1604118234671,8,1010123456014,104,,1,0,4,1,2,,23.6949,272,184131,0.471584,113,0,12.4,,0,0,0,0,0,0,0,0,0,,500,224,,0,0,0,0
1604118234921,8,1010123456014,104,,1,0,4,1,2,,25.4195,298,183197,0.547424,119,0,12.8333,,1.48837,43,0,0.1,18,0,0,8.70355,31,,500,240,,0,0,0,1.04651
1604118235171,8,1010123456014,104,,1,0,4,1,2,,23.072,361,183128,0.564384,141,0,12,,0,0,0,0,0,0,0,0,0,,500,286,,0,0,0,0
1604118235421,8,1010123456014,104,,1,0,4,1,2,,21.7203,404,184209,0.574976,160,0,11.3333,,0,0,0,0,0,0,0,0,0,,500,324,,0,0,0,0
1604118235671,8,1010123456014,104,,1,0,4,1,2,,22.994,331,183835,0.557088,141,0,11.8333,,0,0,0,0,0,0,0,0,0,,500,270,,0,0,0,0
1604118235921,8,1010123456014,104,,1,0,4,1,2,,22.0714,252,184014,0.363712,98,0,11.5,,4.6087,23,0,0.1,9,0,0,9.96874,31,,500,202,,0,0,0,1
1604118236171,8,1010123456014,104,,1,0,4,1,2,,20.6594,138,184031,0.198592,57,0,8.33333,,0,0,0,0,0,0,0,0,0,,500,150,,0,0,0,0
1604118236421,8,1010123456014,104,,1,0,4,1,2,,16.5434,311,183272,0.296736,123,0,10.2,,0,0,0,0,0,0,0,0,0,,500,256,,0,0,0,0
1604118236671,8,1010123456014,104,,1,0,4,1,2,,21.5196,408,183436,0.579072,164,0,11.3333,,0,0,0,0,0,0,0,0,0,,500,320,,0,0,0,0
1604118236921,8,1010123456014,104,,1,0,4,1,2,,21.2247,267,183604,0.36928,108,0,9.2,,5,18,0,0.1,7,0,0,9.69938,31,,500,266,,0,0,0,1.16667
1604118237171,8,1010123456014,104,,1,0,4,1,2,,22.7233,253,183188,0.381248,98,0,12,,0,0,0,0,0,0,0,0,0,,498,202,,0,0,0,0
1604118237421,8,1010123456014,104,,1,0,4,1,2,,23.3687,339,183711,0.571136,140,0,12.1667,,0,0,0,0,0,0,0,0,0,,502,270,,0,0,0,0
1604118237671,8,1010123456014,104,,1,0,4,1,2,,21.718,383,183125,0.530016,147,0,11.5,,0,0,0,0,0,0,0,0,0,,500,304,,0,0,0,0
1604118237921,8,1010123456014,104,,1,0,4,1,2,,23.2969,293,183640,0.43952,111,0,12.5,,3.62963,27,0,0.1,11,0,0,14.3121,31,,498,224,,0,0,0,1.07407
1604118238171,8,1010123456014,104,,1,0,4,1,2,,23.5637,353,183946,0.638368,147,0,9.33333,,0,0,0,0,0,0,0,0,0,,502,350,,0,0,0,0
1604118238421,8,1010123456014,104,,1,0,4,1,2,,19.2816,412,184498,0.544512,167,0,12.6,,0,0,0,0,0,0,0,0,0,,500,330,,0,0,0,0
1604118238671,8,1010123456014,104,,1,0,4,1,2,,23.5415,325,184174,0.522432,126,0,12.1667,,0,0,0,0,0,0,0,0,0,,500,258,,0,0,0,0
1604118238921,8,1010123456014,104,,1,0,4,1,2,,24.0669,344,182549,0.585792,138,0,12.5714,,14.875,16,0,0.1,6,66.6667,0,8.02958,31,,500,270,,0,0,0,7.75
1604118239171,8,1010123456014,104,,1,0,4,1,2,,24.7157,394,182918,0.694048,157,0,12.8,,0,0,0,0,0,0,0,0,0,,500,316,,0,0,0,0
1604118239421,8,1010123456014,104,,1,0,4,1,2,,22.8252,412,183401,0.649792,166,0,12,,0,0,0,0,0,0,0,0,0,,500,332,,0,0,0,0
1604118239671,8,1010123456014,104,,1,0,4,1,2,,23.7037,378,182981,0.62832,151,0,12.3333,,0,0,0,0,0,0,0,0,0,,500,304,,0,0,0,0
1604118239921,8,1010123456014,104,,1,0,4,1,2,,21.9062,352,182929,0.525952,144,0,9.85714,,4.69767,43,0,0.1,18,22.2222,0,8.75983,31,,500,338,,0,0,0,2.67442
1604118240171,8,1010123456014,104,,1,0,4,1,2,,21.1863,322,183551,0.45584,133,0,11.5,,0,0,0,0,0,0,0,0,0,,500,264,,0,0,0,0
1604118240421,8,1010123456014,104,,1,0,4,1,2,,22.173,393,183334,0.5736,153,0,11.5,,0,0,0,0,0,0,0,0,0,,500,310,,0,0,0,0
1604118240671,8,1010123456014,104,,1,0,4,1,2,,22.2725,422,183006,0.62464,168,0,12,,0,0,0,0,0,0,0,0,0,,500,336,,0,0,0,0
1604118240921,8,1010123456014,104,,1,0,4,1,2,,18.8822,416,183190,0.526784,171,0,10.7143,,9.71429,21,0,0.1,8,50,0,7.86716,31,,500,338,,0,0,0,6.33333
1604118241171,8,1010123456014,104,,1,0,4,1,2,,21.2943,367,183609,0.521184,151,0,11,,0,0,0,0,0,0,0,0,0,,500,296,,0,0,0,0
1604118241421,8,1010123456014,104,,1,0,4,1,2,,24.0118,338,183284,0.57072,135,0,12.3333,,0,0,0,0,0,0,0,0,0,,500,274,,0,0,0,0
1604118241671,8,1010123456014,104,,1,0,4,1,2,,24.5895,419,184414,0.761992,169,0,13,,0,0,0,0,0,0,0,0,0,,500,342,,0,0,0,0
1604118241921,8,1010123456014,104,,1,0,4,1,2,,23.9125,377,182110,0.641312,153,0,12.75,,2.65217,46,0,0.1,19,0,0,8.99261,31,,500,308,,0,0,0,1.26087
1604118242171,8,1010123456014,104,,1,0,4,1,2,,25.0423,331,182574,0.598304,133,0,11,,0,0,0,0,0,0,0,0,0,,500,326,,0,0,0,0
1604118242421,8,1010123456014,104,,1,0,4,1,2,,23.9276,290,183781,0.51088,121,0,10.4,,0,0,0,0,0,0,0,0,0,,500,232,,0,0,0,0
1604118242671,8,1010123456014,104,,1,0,4,1,2,,25.2857,385,183681,0.690784,151,0,12.8333,,0,0,0,0,0,0,0,0,0,,500,320,,0,0,0,0
1604118242921,8,1010123456014,104,,1,0,4,1,2,,24.5421,214,183764,0.389376,88,0,12.8571,,5.31579,19,0,0.1,8,0,0,9.14602,31,,500,170,,0,0,0,1.15789
1604118243171,8,1010123456014,104,,1,0,4,1,2,,23.8641,309,183517,0.510624,123,0,12.5,,0,0,0,0,0,0,0,0,0,,500,254,,0,0,0,0
1604118243421,8,1010123456014,104,,1,0,4,1,2,,25.5229,306,183199,0.58768,127,0,12.8333,,0,0,0,0,0,0,0,0,0,,500,252,,0,0,0,0
1604118243671,8,1010123456014,104,,1,0,4,1,2,,23.9584,385,184345,0.697856,157,0,11.8333,,0,0,0,0,0,0,0,0,0,,500,306,,0,0,0,0
1604118243921,8,1010123456014,104,,1,0,4,1,2,,24.6489,356,183697,0.617504,141,0,12.1429,,4.72222,54,0,0.10384,23,8.69565,0,8.09586,31,,500,290,,0,0,0,1.90741
1604118244171,8,1010123456014,104,,1,0,4,1,2,,20.5106,378,183882,0.56752,153,0,9.66667,,0,0,0,0,0,0,0,0,0,,500,306,,0,0,0,0
1604118244421,8,1010123456014,104,,1,0,4,1,2,,22.9146,433,184229,0.701472,173,0,11.8333,,0,0,0,0,0,0,0,0,0,,500,346,,0,0,0,0
1604118244671,8,1010123456014,104,,1,0,4,1,2,,24.6409,440,183278,0.790208,178,0,12.6,,0,0,0,0,0,0,0,0,0,,498,360,,0,0,0,0
1604118244921,8,1010123456014,104,,1,0,4,1,2,,25.2682,440,182899,0.82272,182,0,13,,5.40741,27,0,0.1,11,0,0,13.6103,31,,500,358,,0,0,0,1.14815
1604118245171,8,1010123456014,104,,1,0,4,1,2,,24.9201,438,183106,0.789088,175,0,13,,0,0,0,0,0,0,0,0,0,,502,356,,0,0,0,0
1604118245421,8,1010123456014,104,,1,0,4,1,2,,24.1914,397,184042,0.71168,160,0,11.25,,0,0,0,0,0,0,0,0,0,,500,314,,0,0,0,0
1604118245671,8,1010123456014,104,,1,0,4,1,2,,24.9231,429,183301,0.761568,172,0,13,,0,0,0,0,0,0,0,0,0,,500,346,,0,0,0,0
1604118245921,8,1010123456014,104,,1,0,4,1,2,,23.1006,308,183760,0.522432,124,0,11.2857,,14,12,0,0,4,100,0,6.49281,0,,500,244,,0,0,0,10
1604118246171,10,1010123456014,104,,1,0,4,1,2,,25.0089,338,183897,0.603104,135,0,13,,4.56,25,0,0.1,10,0,0,11.3165,31,,499,272,,0,0,0,1
1604118246421,10,1010123456014,104,,1,0,4,1,2,,25.3526,173,183194,0.316273,68,0,13,,0,0,0,0,0,0,0,0,0,,498,134,,0,0,0,0
1604118246671,10,1010123456014,104,,1,0,4,1,2,,24.8975,283,183681,0.520867,116,0,13,,0,0,0,0,0,0,0,0,0,,500,226,,0,0,0,0
1604118246921,10,1010123456014,104,,1,0,4,1,2,,25.12,225,184133,0.40864,90,0,12.8333,,3.55263,38,0,0.1,16,0,0,9.13108,31,,500,182,,0,0,0,1.02632
1604118247171,9,1010123456014,104,,1,0,4,1,2,,23.3684,285,184416,0.461632,114,0,12.6,,0,0,0,0,0,0,0,0,0,,500,230,,0,0,0,0
1604118247421,8,1010123456014,104,,1,0,4,1,2,,24.0876,331,183257,0.597152,135,0,12.3333,,0,0,0,0,0,0,0,0,0,,500,274,,0,0,0,0
1604118247671,8,1010123456014,104,,1,0,4,1,2,,25.8916,332,182546,0.63056,133,0,13,,0,0,0,0,0,0,0,0,0,,500,270,,0,0,0,0
1604118247921,8,1010123456014,104,,1,0,4,1,2,,25.4072,415,183497,0.78496,170,0,13,,4.80645,31,0,0.1,12,0,0,11.3158,31,,500,336,,0,0,0,1.25806
1604118248171,8,1010123456014,104,,1,0,4,1,2,,25.694,281,184283,0.563328,120,0,12.6667,,0,0,0,0,0,0,0,0,0,,500,232,,0,0,0,0
1604118248421,8,1010123456014,104,,1,0,4,1,2,,23.4603,63,183935,0.106048,26,0,12.5,,0,0,0,0,0,0,0,0,0,,500,52,,0,0,0,0
1604118248671,8,1010123456014,104,,1,0,4,1,2,,25.6515,264,183279,0.481376,103,0,13,,0,0,0,0,0,0,0,0,0,,500,214,,0,0,0,0
1604118248921,8,1010123456014,104,,1,0,4,1,2,,25.5733,300,183311,0.555616,119,0,13,,7.75,8,0,0.1,3,0,0,15.5741,31,,500,242,,0,0,0,1
1604118249171,9,1010123456014,104,,1,0,4,1,2,,25.7724,246,183711,0.46912,100,0,13,,0,0,0,0,0,0,0,0,0,,500,198,,0,0,0,0
1604118249421,9,1010123456014,104,,1,0,4,1,2,,25.4624,186,183389,0.347616,75,0,11,,0,0,0,0,0,0,0,0,0,,500,198,,0,0,0,0
1604118249671,10,1010123456014,104,,1,0,4,1,2,,25.5,292,184045,0.558336,120,0,13,,0,0,0,0,0,0,0,0,0,,498,234,,0,0,0,0
1604118249921,9,1010123456014,104,,1,0,4,1,2,,24.4088,274,183689,0.470752,107,0,12.7143,,2.19355,31,0,0.1,13,0,0,6.9258,31,,500,226,,0,0,0,1
1604118250171,8,1010123456014,104,,1,0,4,1,2,,24.5147,373,184121,0.67584,156,0,10.8,,0,0,0,0,0,0,0,0,0,,500,318,,0,0,0,0
1604118250421,8,1010123456014,104,,1,0,4,1,2,,25.3156,263,183625,0.463293,100,0,13,,0,0,0,0,0,0,0,0,0,,498,246,,0,0,0,0
1604118250671,8,1010123456014,104,,1,0,4,1,2,,24.4121,398,184043,0.719424,166,0,12.6667,,0,0,0,0,0,0,0,0,0,,498,322,,0,0,0,0
1604118250921,8,1010123456014,104,,1,0,4,1,2,,24.9624,266,183611,0.49376,110,0,13,,2.63043,46,0,0.1,18,5.55556,0,8.83114,31,,502,218,,0,0,0,1.58696
1604118251171,8,1010123456014,104,,1,0,4,1,2,,25.2216,352,182660,0.625056,137,0,13,,0,0,0,0,0,0,0,0,0,,498,284,,0,0,0,0
1604118251421,8,1010123456014,104,,1,0,4,1,2,,25.4832,387,183617,0.737632,159,0,13,,0,0,0,0,0,0,0,0,0,,500,314,,0,0,0,0
1604118251671,8,1010123456014,104,,1,0,4,1,2,,22.2429,387,182626,0.600672,155,0,11.6667,,0,0,0,0,0,0,0,0,0,,502,314,,0,0,0,0
1604118251921,8,1010123456014,104,,1,0,4,1,2,,23.5912,340,183953,0.593792,144,0,12.4286,,5.84615,13,0,0.1,5,0,0,11.3783,31,,500,276,,0,0,0,1.92308
1604118252171,8,1010123456014,104,,1,0,4,1,2,,25.0658,304,184097,0.541952,120,0,13,,0,0,0,0,0,0,0,0,0,,500,250,,0,0,0,0
1604118252421,8,1010123456014,104,,1,0,4,1,2,,24.2025,405,184440,0.715456,166,0,12.3333,,0,0,0,0,0,0,0,0,0,,500,326,,0,0,0,0
1604118252671,8,1010123456014,104,,1,0,4,1,2,,24.1961,306,183801,0.525632,122,0,11.8,,0,0,0,0,0,0,0,0,0,,500,252,,0,0,0,0
1604118252921,8,1010123456014,104,,1,0,4,1,2,,21.3531,286,184111,0.437792,117,0,12,,5.15625,32,0,0.1,13,30.7692,0,7.89662,31,,500,228,,0,0,0,3.34375
1604118253171,8,1010123456014,104,,1,0,4,1,2,,25.1662,349,183361,0.622656,138,0,12.8333,,0,0,0,0,0,0,0,0,0,,500,282,,0,0,0,0
1604118253421,8,1010123456014,104,,1,0,4,1,2,,25.7343,414,184569,0.79504,169,0,13,,0,0,0,0,0,0,0,0,0,,500,326,,0,0,0,0
1604118253671,8,1010123456014,104,,1,0,4,1,2,,26.3326,472,182906,0.877856,181,0,13.6,,0,0,0,0,0,0,0,0,0,,500,374,,0,0,0,0
1604118253921,8,1010123456014,104,,1,0,4,1,2,,25.7229,415,183002,0.800064,170,0,13,,8.66667,30,0,0.1,13,30.7692,0,9.57603,31,,500,342,,0,0,0,3.4
1604118254171,8,1010123456014,104,,1,0,4,1,2,,25.9019,377,183150,0.781856,161,0,13.3333,,0,0,0,0,0,0,0,0,0,,500,310,,0,0,0,0
1604118254421,8,1010123456014,104,,1,0,4,1,2,,24.7472,356,182954,0.607136,137,0,12.6667,,0,0,0,0,0,0,0,0,0,,500,282,,0,0,0,0
1604118254671,8,1010123456014,104,,1,0,4,1,2,,25.9087,449,182794,0.846816,179,0,13.2,,0,0,0,0,0,0,0,0,0,,500,364,,0,0,0,0
1604118254921,8,1010123456014,104,,1,0,4,1,2,,23.972,250,184036,0.453216,107,0,12.8333,,2.5641,39,0,0.1,16,0,0,8.93278,31,,500,204,,0,0,0,1.12821
1604118255171,8,1010123456014,104,,1,0,4,1,2,,19.7752,258,183740,0.335776,101,0,11.4,,0,0,0,0,0,0,0,0,0,,500,206,,0,0,0,0
1604118255421,8,1010123456014,104,,1,0,4,1,2,,25.5561,419,184196,0.786848,169,0,13,,0,0,0,0,0,0,0,0,0,,500,342,,0,0,0,0
1604118255671,8,1010123456014,104,,1,0,4,1,2,,25.3939,396,183420,0.743072,161,0,13,,0,0,0,0,0,0,0,0,0,,500,320,,0,0,0,0
1604118255921,8,1010123456014,104,,1,0,4,1,2,,25.4165,401,183644,0.746816,162,0,13,,5.11111,27,0,0.1,11,9.09091,0,9.46804,31,,500,326,,0,0,0,2.14815
1604118256171,8,1010123456014,104,,1,0,4,1,2,,25.33,403,183980,0.74256,161,0,13,,0,0,0,0,0,0,0,0,0,,500,326,,0,0,0,0
1604118256421,8,1010123456014,104,,1,0,4,1,2,,24.5405,383,183643,0.690752,158,0,12.6667,,0,0,0,0,0,0,0,0,0,,500,306,,0,0,0,0
1604118256671,8,1010123456014,104,,1,0,4,1,2,,21.732,388,183643,0.585152,154,0,11.1667,,0,0,0,0,0,0,0,0,0,,500,312,,0,0,0,0
1604118256921,8,1010123456014,104,,1,0,8,1,2,,24.3249,397,179593,0.73088,158,0,12.8333,,13.25,8,0,0.1,3,0,0,13.3355,31,,542,366,,0,0,0,1.75
1604118257171,8,1010123456014,104,,1,0,8,1,2,,24.9067,579,146474,2.06829,232,0,13,,0,0,0,0,0,0,0,0,0,,1000,910,,0,0,0,0
1604118257421,8,1010123456014,104,,1,0,8,1,2,,23.1379,580,119216,1.87053,232,0,12.1667,,0,0,0,0,0,0,0,0,0,,1000,928,,0,0,0,0
1604118257671,8,1010123456014,104,,1,0,8,1,2,,20.8502,574,102664,1.57642,235,0,11.1667,,0,0,0,0,0,0,0,0,0,,1000,898,,0,0,0,0
1604118257921,8,1010123456014,104,,1,0,8,1,2,,21.2769,567,85247,1.51475,226,0,11.7143,,11.4286,14,0,0.1,6,66.6667,0,10.1211,31,,996,882,,0,0,0,6.57143
1604118258171,8,1010123456014,104,,1,0,8,1,2,,21.9543,547,66833,1.59686,222,0,12,,0,0,0,0,0,0,0,0,0,,1004,848,,0,0,0,0
1604118258421,8,1010123456014,104,,1,0,8,1,2,,22.1507,564,45619,1.65952,224,0,12,,0,0,0,0,0,0,0,0,0,,1000,890,,0,0,0,0
1604118258671,8,1010123456014,104,,1,0,8,1,2,,22.1,590,21299,1.77744,237,0,11.8333,,0,0,0,0,0,0,0,0,0,,1000,948,,0,0,0,0
1604118258921,8,1010123456014,104,,1,0,8,1,2,,20.3832,582,4878,1.54333,237,0,11.1429,,11.7143,14,0,0.1,6,66.6667,0,10.0969,31,,1000,934,,0,0,0,6.14286
1604118259171,8,1010123456014,104,,1,0,8,1,2,,21.9944,533,1774,1.11718,212,0,11.8333,,0,0,0,0,0,0,0,0,0,,521,588,,0,0,0,0
1604118259421,8,1010123456014,104,,1,0,8,1,2,,21.6275,510,446,0.971168,201,0,12,,0,0,0,0,0,0,0,0,0,,506,550,,0,0,0,0
1604118259671,8,1010123456014,104,,1,0,8,1,2,,22.1674,478,676,1.00186,196,0,11.8,,0,0,0,0,0,0,0,0,0,,474,526,,0,0,0,0
1604118259921,8,1010123456014,104,,1,0,8,1,2,,20.4715,509,887,0.96912,201,0,11.2857,,0.916667,48,0,0.1,19,0,0,6.85332,31,,699,616,,0,0,0,1
1604118260171,8,1010123456014,104,,1,0,8,1,2,,20.5881,522,301,1.01206,211,0,11.3333,,0,0,0,0,0,0,0,0,0,,601,616,,0,0,0,0
1604118260421,8,1010123456014,104,,1,0,8,1,2,,21.8434,498,646,0.969792,198,0,12,,0,0,0,0,0,0,0,0,0,,587,556,,0,0,0,0
1604118260671,8,1010123456014,104,,1,0,8,1,2,,22.9918,490,705,1.00445,199,0,12.3333,,0,0,0,0,0,0,0,0,0,,422,498,,0,0,0,0
1604118260921,8,1010123456014,104,,1,0,8,1,2,,22.4834,513,918,0.976803,203,0,11.8571,,6.875,32,0,0.1,13,30.7692,0,7.61804,31,,405,516,,0,0,0,3.4375
1604118261171,8,1010123456014,104,,1,0,8,1,2,,20.1362,492,1168,0.979904,198,0,11,,0,0,0,0,0,0,0,0,0,,625,616,,0,0,0,0
1604118261421,8,1010123456014,104,,1,0,8,1,2,,20.407,516,1131,0.994144,207,0,11,,0,0,0,0,0,0,0,0,0,,562,608,,0,0,0,0
1604118261671,8,1010123456014,104,,1,0,8,1,2,,20.5101,496,1782,0.979328,200,0,11.1667,,0,0,0,0,0,0,0,0,0,,622,590,,0,0,0,0
1604118261921,8,1010123456014,104,,1,0,8,1,2,,20.5633,529,1979,0.98528,212,0,11.1667,,0.76,50,0,0.1,20,0,0,5.91686,31,,526,594,,0,0,0,1
1604118262171,8,1010123456014,104,,1,0,8,1,2,,20.125,504,2299,0.98752,204,0,11,,0,0,0,0,0,0,0,0,0,,617,620,,0,0,0,0
1604118262421,8,1010123456014,104,,1,0,8,1,2,,20.403,526,929,0.981632,210,0,11,,0,0,0,0,0,0,0,0,0,,544,608,,0,0,0,0
1604118262671,8,1010123456014,104,,1,0,8,1,2,,20.3953,506,481,0.998848,202,0,11.1667,,0,0,0,0,0,0,0,0,0,,659,628,,0,0,0,0
1604118262921,8,1010123456014,104,,1,0,8,1,2,,22.593,484,849,0.993888,199,0,12.2,,1.56818,44,0,0.1,18,0,0,7.52,31,,429,508,,0,0,0,1
1604118263171,8,1010123456014,104,,1,0,8,1,2,,21.8785,494,908,0.969568,195,0,12,,0,0,0,0,0,0,0,0,0,,500,536,,0,0,0,0
1604118263421,8,1010123456014,104,,1,0,8,1,2,,21.7379,454,911,1.00151,188,0,12,,0,0,0,0,0,0,0,0,0,,751,576,,0,0,0,0
1604118263671,8,1010123456014,104,,1,0,8,1,2,,21.5898,512,497,1.00419,203,0,11.8333,,0,0,0,0,0,0,0,0,0,,500,562,,0,0,0,0
1604118263921,8,1010123456014,104,,1,0,8,1,2,,23.7538,463,876,0.97488,187,0,12.8571,,5.45455,22,0,0.1,9,11.1111,0,8.53061,31,,401,470,,0,0,0,2.45455
1604118264171,8,1010123456014,104,,1,0,8,1,2,,24.0228,483,755,0.996032,194,0,13,,0,0,0,0,0,0,0,0,0,,370,468,,0,0,0,0
1604118264421,8,1010123456014,104,,1,0,8,1,2,,23.3417,480,2056,0.958208,192,0,13,,0,0,0,0,0,0,0,0,0,,728,496,,0,0,0,0
1604118264671,8,1010123456014,104,,1,0,8,1,2,,23.8442,462,963,1.01846,183,0,12.8333,,0,0,0,0,0,0,0,0,0,,477,480,,0,0,0,0
1604118264921,8,1010123456014,104,,1,0,8,1,2,,23.7641,462,1197,0.988416,186,0,12.8,,0.844444,45,0,0.1,18,0,0,6.81304,31,,437,470,,0,0,0,1
1604118265171,8,1010123456014,104,,1,0,8,1,2,,22.9208,480,2291,0.961024,190,0,13,,0,0,0,0,0,0,0,0,0,,583,500,,0,0,0,0
1604118265421,8,1010123456014,104,,1,0,8,1,2,,24.379,496,339,1.01449,200,0,13,,0,0,0,0,0,0,0,0,0,,430,468,,0,0,0,0
1604118265671,8,1010123456014,104,,1,0,8,1,2,,23.9612,464,287,1.00032,188,0,13,,0,0,0,0,0,0,0,0,0,,465,482,,0,0,0,0
1604118265921,8,1010123456014,104,,1,0,8,1,2,,23.3198,469,1111,0.95872,190,0,12.5714,,0.113208,53,0,0.1,21,0,0,4.68439,31,,440,476,,0,0,0,1
1604118266171,8,1010123456014,104,,1,0,8,1,2,,23.9671,487,129,1.02115,195,0,13,,0,0,0,0,0,0,0,0,0,,396,480,,0,0,0,0
1604118266421,8,1010123456014,104,,1,0,8,1,2,,24.9265,449,446,0.975808,180,0,13,,0,0,0,0,0,0,0,0,0,,364,436,,0,0,0,0
1604118266671,8,1010123456014,104,,1,0,8,1,2,,24.1399,479,401,0.997024,193,0,13,,0,0,0,0,0,0,0,0,0,,384,460,,0,0,0,0
1604118266921,8,1010123456014,104,,1,0,8,1,2,,23.7447,470,890,0.9872,192,0,12.8571,,1.18,50,0,0.1,20,0,0,5.96571,31,,402,464,,0,0,0,1.16
1604118267171,8,1010123456014,104,,1,0,8,1,2,,21.8698,484,899,0.979008,198,0,12.2,,0,0,0,0,0,0,0,0,0,,480,538,,0,0,0,0
1604118267421,8,1010123456014,104,,1,0,8,1,2,,23.1192,478,932,1.00202,196,0,13,,0,0,0,0,0,0,0,0,0,,483,494,,0,0,0,0
1604118267671,8,1010123456014,104,,1,0,8,1,2,,23.6681,464,1211,0.9912,185,0,13,,0,0,0,0,0,0,0,0,0,,454,478,,0,0,0,0
1604118267921,8,1010123456014,104,,1,0,8,1,2,,21.9898,491,1237,0.974688,193,0,12.1667,,7.38462,26,0,0.1,11,0,0,9.73469,31,,599,544,,0,0,0,1.76923
1604118268171,8,1010123456014,104,,1,0,8,1,2,,20.8444,482,1927,0.978304,194,0,11.5,,0,0,0,0,0,0,0,0,0,,632,582,,0,0,0,0
1604118268421,8,1010123456014,104,,1,0,8,1,2,,21.1838,495,553,0.985888,199,0,11.6667,,0,0,0,0,0,0,0,0,0,,579,580,,0,0,0,0
1604118268671,8,1010123456014,104,,1,0,8,1,2,,22.1814,474,570,0.992544,193,0,12.3333,,0,0,0,0,0,0,0,0,0,,656,530,,0,0,0,0
1604118268921,8,1010123456014,104,,1,0,8,1,2,,21.7255,470,866,0.98064,187,0,12.1667,,3.13889,36,0,0.1,14,0,0,9.93428,31,,861,564,,0,0,0,1.55556
1604118269171,8,1010123456014,104,,1,0,8,1,2,,21.7495,495,697,0.976608,197,0,12,,0,0,0,0,0,0,0,0,0,,565,548,,0,0,0,0
1604118269421,8,1010123456014,104,,1,0,8,1,2,,20.6379,486,958,0.986592,197,0,11.3333,,0,0,0,0,0,0,0,0,0,,614,600,,0,0,0,0
1604118269671,8,1010123456014,104,,1,0,8,1,2,,20.0409,489,1789,0.944032,193,0,11.3333,,0,0,0,0,0,0,0,0,0,,930,638,,0,0,0,0
1604118269921,8,1010123456014,104,,1,0,8,1,2,,19.7183,504,6536,0.856352,201,0,11.2857,,0.339623,53,0,0.1,21,0,0,5.44939,31,,875,560,,0,0,0,1
1604118270171,8,1010123456014,104,,1,0,8,1,2,,20.4078,515,1545,1.1631,209,0,11.25,,0,0,0,0,0,0,0,0,0,,790,704,,0,0,0,0
1604118270421,8,1010123456014,104,,1,0,8,1,2,,20.2412,485,2963,0.935744,192,0,11.3333,,0,0,0,0,0,0,0,0,0,,796,600,,0,0,0,0
1604118270671,8,1010123456014,104,,1,0,8,1,2,,19.9683,504,3160,0.982304,203,0,11.1667,,0,0,0,0,0,0,0,0,0,,893,648,,0,0,0,0
1604118270921,8,1010123456014,104,,1,0,8,1,2,,21.4467,497,1863,1.03869,199,0,11.8571,,4.39216,51,0,0.1,20,20,0,6.88815,31,,572,582,,0,0,0,2.94118
1604118271171,10,1010123456014,104,,1,0,8,1,2,,21.3061,379,7107,0.816928,155,0,11.8333,,0,0,0,0,0,0,0,0,0,,926,494,,0,0,0,0
1604118271421,8,1010123456014,104,,1,0,8,1,2,,20.3891,442,1327,1.1231,183,0,11.3333,,0,0,0,0,0,0,0,0,0,,988,690,,0,0,0,0
1604118271671,8,1010123456014,104,,1,0,8,1,2,,20.2866,485,1603,1.00077,196,0,11.1667,,0,0,0,0,0,0,0,0,0,,655,612,,0,0,0,0
1604118271921,8,1010123456014,104,,1,0,8,1,2,,20.2352,489,636,1.01178,198,0,11,,3.03704,27,0,0.1,12,0,0,7.83187,31,,741,644,,0,0,0,1
1604118272171,8,1010123456014,104,,1,0,8,1,2,,20.3212,520,562,0.99824,211,0,11.3333,,0,0,0,0,0,0,0,0,0,,754,622,,0,0,0,0
1604118272421,8,1010123456014,104,,1,0,8,1,2,,18.372,508,2661,0.930368,204,0,10.4,,0,0,0,0,0,0,0,0,0,,690,672,,0,0,0,0
1604118272671,8,1010123456014,104,,1,0,8,1,2,,20.4274,496,784,1.03536,201,0,11.5,,0,0,0,0,0,0,0,0,0,,733,648,,0,0,0,0
1604118272921,8,1010123456014,104,,1,0,8,1,2,,20.4288,520,1049,0.986944,208,0,11.1429,,12.3077,13,0,0.1,6,66.6667,0,9.9141,31,,560,602,,0,0,0,7.23077
1604118273171,8,1010123456014,104,,1,0,8,1,2,,20.9742,503,1464,0.981056,202,0,11.5,,0,0,0,0,0,0,0,0,0,,607,578,,0,0,0,0
1604118273421,8,1010123456014,104,,1,0,8,1,2,,21.6783,488,1270,1.00427,200,0,12,,0,0,0,0,0,0,0,0,0,,587,556,,0,0,0,0
1604118273671,8,1010123456014,104,,1,0,8,1,2,,21.9813,482,1703,0.984416,195,0,12.2,,0,0,0,0,0,0,0,0,0,,673,544,,0,0,0,0
1604118273921,8,1010123456014,104,,1,0,8,1,2,,20.691,479,1775,0.970795,192,0,11.5714,,2,36,0,0.1,14,0,0,7.48702,31,,624,590,,0,0,0,1
1604118274171,8,1010123456014,104,,1,0,8,1,2,,20.4148,499,517,1.00871,202,0,11.3333,,0,0,0,0,0,0,0,0,0,,736,612,,0,0,0,0
1604118274421,8,1010123456014,104,,1,0,8,1,2,,20.6975,486,871,0.97344,194,0,11.3333,,0,0,0,0,0,0,0,0,0,,655,590,,0,0,0,0
1604118274671,8,1010123456014,104,,1,0,8,1,2,,21.4951,507,1092,0.986208,203,0,11.6667,,0,0,0,0,0,0,0,0,0,,499,552,,0,0,0,0
1604118274921,8,1010123456014,104,,1,0,8,1,2,,22,522,383,1.00432,205,0,11.8571,,2.42105,38,0,0.1,15,0,0,7.99223,31,,456,554,,0,0,0,1
1604118275171,8,1010123456014,104,,1,0,8,1,2,,20.462,487,1583,0.957728,195,0,11.5,,0,0,0,0,0,0,0,0,0,,768,588,,0,0,0,0
1604118275421,8,1010123456014,104,,1,0,8,1,2,,19.6245,506,855,1.00224,204,0,11.1667,,0,0,0,0,0,0,0,0,0,,917,676,,0,0,0,0
1604118275671,8,1010123456014,104,,1,0,8,1,2,,22.2907,485,986,0.990144,198,0,12,,0,0,0,0,0,0,0,0,0,,450,518,,0,0,0,0
1604118275921,8,1010123456014,104,,1,0,8,1,2,,21.595,521,887,0.997792,209,0,11.7143,,2.39474,38,0,0.1,15,0,0,7.33967,31,,531,568,,0,0,0,1.07895
1604118276171,8,1010123456014,104,,1,0,8,1,2,,22.1815,496,1734,0.976416,201,0,12.1667,,0,0,0,0,0,0,0,0,0,,465,516,,0,0,0,0
1604118276421,8,1010123456014,104,,1,0,8,1,2,,20.619,538,3485,0.932288,212,0,11.8333,,0,0,0,0,0,0,0,0,0,,988,592,,0,0,0,0
1604118276671,8,1010123456014,104,,1,0,8,1,2,,20.5615,520,1809,1.04026,206,0,11.5,,0,0,0,0,0,0,0,0,0,,854,642,,0,0,0,0
1604118276921,8,1010123456014,104,,1,0,8,1,2,,20.9941,506,1929,0.992192,206,0,11.5714,,2.09524,42,0,0.1,17,0,0,7.87218,31,,591,574,,0,0,0,1
1604118277171,8,1010123456014,104,,1,0,8,1,2,,21.1021,480,374,0.994976,195,0,12,,0,0,0,0,0,0,0,0,0,,660,594,,0,0,0,0
1604118277421,8,1010123456014,104,,1,0,8,1,2,,22.2384,474,742,0.96368,189,0,12,,0,0,0,0,0,0,0,0,0,,531,524,,0,0,0,0
1604118277671,8,1010123456014,104,,1,0,8,1,2,,20.875,496,1086,0.99248,201,0,11.4,,0,0,0,0,0,0,0,0,0,,584,584,,0,0,0,0
1604118277921,8,1010123456014,104,,1,0,8,1,2,,21.298,510,1543,0.971648,204,0,11.8571,,2.16667,36,0,0.1,15,0,0,7.38893,31,,633,580,,0,0,0,1
1604118278171,8,1010123456014,104,,1,0,8,1,2,,21.501,499,1140,1.01504,204,0,11.8333,,0,0,0,0,0,0,0,0,0,,620,574,,0,0,0,0
1604118278421,8,1010123456014,104,,1,0,8,1,2,,21.3346,508,687,0.986592,201,0,11.8,,0,0,0,0,0,0,0,0,0,,571,574,,0,0,0,0
1604118278671,8,1010123456014,104,,1,0,8,1,2,,22.0466,494,661,0.990592,200,0,12.1667,,0,0,0,0,0,0,0,0,0,,527,538,,0,0,0,0
1604118278921,8,1010123456014,104,,1,0,8,1,2,,20.7448,478,1032,0.982432,195,0,11.7143,,4.5,14,0,0.1,5,0,0,8.65756,31,,722,596,,0,0,0,1.35714
1604118279171,8,1010123456014,104,,1,0,8,1,2,,22.1174,460,1079,0.98768,185,0,12,,0,0,0,0,0,0,0,0,0,,580,538,,0,0,0,0
1604118279421,8,1010123456014,104,,1,0,8,1,2,,21.9862,506,1072,0.992192,202,0,12.1667,,0,0,0,0,0,0,0,0,0,,572,540,,0,0,0,0
1604118279671,8,1010123456014,104,,1,0,8,1,2,,21.7342,508,1214,0.99412,204,0,11.8333,,0,0,0,0,0,0,0,0,0,,501,552,,0,0,0,0
1604118279921,8,1010123456014,104,,1,0,8,1,2,,20.914,500,1708,0.98256,201,0,11.5714,,4.85714,42,0,0.1,17,5.88235,0,8.66582,31,,749,576,,0,0,0,2.2619
1604118280171,8,1010123456014,104,,1,0,8,1,2,,20.2544,507,642,0.987392,210,0,11.4,,0,0,0,0,0,0,0,0,0,,697,620,,0,0,0,0
1604118280421,8,1010123456014,104,,1,0,8,1,2,,20.978,501,699,0.9736,197,0,11.6,,0,0,0,0,0,0,0,0,0,,639,586,,0,0,0,0
1604118280671,8,1010123456014,104,,1,0,8,1,2,,15.3425,511,7294,0.768128,206,0,10.2,,0,0,0,0,0,0,0,0,0,,754,698,,0,0,0,0
1604118280921,8,1010123456014,104,,1,0,8,1,2,,20.1836,512,955,1.20993,205,0,11,,1.6,35,0,0.1,14,0,0,6.6249,31,,909,760,,0,0,0,1
1604118281171,8,1010123456014,104,,1,0,8,1,2,,19.8484,475,1073,0.981216,189,0,11,,0,0,0,0,0,0,0,0,0,,867,660,,0,0,0,0
1604118281421,8,1010123456014,104,,1,0,8,1,2,,19.7739,513,1129,0.99568,209,0,11,,0,0,0,0,0,0,0,0,0,,769,660,,0,0,0,0
1604118281671,8,1010123456014,104,,1,0,8,1,2,,19.9661,502,3360,0.923328,204,0,11,,0,0,0,0,0,0,0,0,0,,726,604,,0,0,0,0
1604118281921,8,1010123456014,104,,1,0,8,1,2,,19.6239,468,4371,0.95168,186,0,11,,12,17,0,0.1,6,66.6667,0,8.44138,31,,938,660,,0,0,0,7.47059
1604118282171,8,1010123456014,104,,1,0,8,1,2,,19.7546,493,1578,1.08906,201,0,11,,0,0,0,0,0,0,0,0,0,,898,712,,0,0,0,0
1604118282421,8,1010123456014,104,,1,0,8,1,2,,19.8397,499,2236,0.960256,200,0,10.8333,,0,0,0,0,0,0,0,0,0,,637,624,,0,0,0,0
1604118282671,8,1010123456014,104,,1,0,8,1,2,,19.9887,531,1967,1.01178,214,0,11,,0,0,0,0,0,0,0,0,0,,760,640,,0,0,0,0
1604118282921,8,1010123456014,104,,1,0,8,1,2,,19.8689,488,2166,0.99488,198,0,11,,2.34146,41,0,0.1,16,0,0,8.87223,31,,737,650,,0,0,0,1
1604118283171,8,1010123456014,104,,1,0,8,1,2,,20.3097,523,831,0.98,209,0,11,,0,0,0,0,0,0,0,0,0,,579,612,,0,0,0,0
1604118283421,8,1010123456014,104,,1,0,8,1,2,,19.8317,499,943,0.989024,201,0,10.8333,,0,0,0,0,0,0,0,0,0,,665,640,,0,0,0,0
1604118283671,8,1010123456014,104,,1,0,8,1,2,,19.5791,506,928,0.976448,202,0,10.8333,,0,0,0,0,0,0,0,0,0,,678,656,,0,0,0,0
1604118283921,8,1010123456014,104,,1,0,8,1,2,,19.649,510,1066,1.00166,209,0,10.8571,,10.9,10,0,0.1,4,0,0,10.9754,31,,684,656,,0,0,0,1.6
1604118284171,8,1010123456014,104,,1,0,8,1,2,,19.9276,497,1067,0.99424,200,0,11,,0,0,0,0,0,0,0,0,0,,683,644,,0,0,0,0
1604118284421,8,1010123456014,104,,1,0,8,1,2,,20.3645,502,1154,0.985536,202,0,11,,0,0,0,0,0,0,0,0,0,,587,610,,0,0,0,0
1604118284671,8,1010123456014,104,,1,0,8,1,2,,19.5914,509,1049,0.986752,204,0,10.8333,,0,0,0,0,0,0,0,0,0,,690,666,,0,0,0,0
1604118284921,8,1010123456014,104,,1,0,8,1,2,,19.1899,532,1220,0.99936,216,0,10.4286,,2.375,40,0,0.1,16,0,0,7.63763,31,,637,678,,0,0,0,1
1604118285171,8,1010123456014,104,,1,0,8,1,2,,19.4483,513,1341,0.986656,209,0,11,,0,0,0,0,0,0,0,0,0,,684,666,,0,0,0,0
1604118285421,8,1010123456014,104,,1,0,8,1,2,,20.0165,484,1785,0.978848,197,0,11,,0,0,0,0,0,0,0,0,0,,644,624,,0,0,0,0
1604118285671,8,1010123456014,104,,1,0,8,1,2,,20.1589,491,2296,0.98544,197,0,11,,0,0,0,0,0,0,0,0,0,,657,618,,0,0,0,0
1604118285921,8,1010123456014,104,,1,0,8,1,2,,19.922,513,709,0.996992,204,0,10.8333,,13,16,0,0.1,6,66.6667,0,9.2369,31,,615,642,,0,0,0,7.75
1604118286171,8,1010123456014,104,,1,0,8,1,2,,19.7525,505,667,0.993632,205,0,11,,0,0,0,0,0,0,0,0,0,,658,646,,0,0,0,0
1604118286421,8,1010123456014,104,,1,0,8,1,2,,20.481,501,827,0.980544,202,0,11,,0,0,0,0,0,0,0,0,0,,582,604,,0,0,0,0
1604118286671,8,1010123456014,104,,1,0,8,1,2,,20.4535,505,691,0.992448,204,0,11,,0,0,0,0,0,0,0,0,0,,570,612,,0,0,0,0
1604118287020,5,1010123456014,104,,1,0,8,1,2,,8.44615,65,0,0.749983,228,0,10.8889,,0,0,0,0.1,6,66.6667,0,0,31,,832,686,,0,0,0,0
1604118287171,5,1010123456014,104,,1,0,8,1,2,,20.224,442,1119,1.4817,135,0,11,,0,0,0,0,0,0,0,0,0,,604,574,,0,0,0,0
1604118287421,9,1010123456014,104,,1,0,8,1,2,,19.8741,413,1846,0.992288,171,0,11,,0,0,0,0,0,0,0,0,0,,715,626,,0,0,0,0
1604118287671,9,1010123456014,104,,1,0,8,1,2,,19.4578,391,4046,0.903839,156,0,11,,0,0,0,0,0,0,0,0,0,,737,618,,0,0,0,0
1604118287921,9,1010123456014,104,,1,0,8,1,2,,18.6943,386,8585,0.859904,160,0,10.8333,,8.78049,41,0,0.1,16,31.25,0,11.5738,31,,750,600,,0,0,0,4.21951
1604118288171,9,1010123456014,104,,1,0,8,1,2,,19.4896,431,8493,0.97968,169,0,11,,0,0,0,0,0,0,0,0,0,,750,664,,0,0,0,0
1604118288421,7,1010123456014,104,,1,0,8,1,2,,19.9811,476,2114,1.2096,192,0,11,,0,0,0,0,0,0,0,0,0,,805,752,,0,0,0,0
1604118288671,7,1010123456014,104,,1,0,8,1,2,,20.2058,447,2013,0.988736,178,0,10.8333,,0,0,0,0,0,0,0,0,0,,652,616,,0,0,0,0
1604118288921,7,1010123456014,104,,1,0,8,1,2,,17.5488,492,917,0.987488,199,0,10,,3.82609,23,0,0.1,9,0,0,8.93836,31,,743,714,,0,0,0,1
1604118289171,7,1010123456014,104,,1,0,8,1,2,,20.5011,447,878,0.983424,178,0,11,,0,0,0,0,0,0,0,0,0,,639,596,,0,0,0,0
1604118289421,7,1010123456014,104,,1,0,8,1,2,,20.5034,441,1027,0.970688,174,0,11,,0,0,0,0,0,0,0,0,0,,631,592,,0,0,0,0
1604118289671,7,1010123456014,104,,1,0,8,1,2,,20.1276,439,997,0.986368,178,0,10.8333,,0,0,0,0,0,0,0,0,0,,659,616,,0,0,0,0
1604118289921,7,1010123456014,104,,1,0,8,1,2,,20.5832,463,855,0.997696,186,0,11,,10.2857,7,0,0.1,3,0,0,13.296,31,,612,598,,0,0,0,1.85714
1604118290171,7,1010123456014,104,,1,0,8,1,2,,20.4516,465,1125,0.975968,185,0,11,,0,0,0,0,0,0,0,0,0,,678,596,,0,0,0,0
1604118290421,7,1010123456014,104,,1,0,8,1,2,,21.0949,432,1193,0.986816,174,0,11.3333,,0,0,0,0,0,0,0,0,0,,602,568,,0,0,0,0
1604118290671,7,1010123456014,104,,1,0,8,1,2,,20.7747,435,1387,0.991488,178,0,11.1667,,0,0,0,0,0,0,0,0,0,,602,580,,0,0,0,0
1604118290921,7,1010123456014,104,,1,0,8,1,2,,20.0204,441,1719,0.983712,179,0,11.1429,,4,20,0,0.1,8,0,0,8.56055,31,,644,600,,0,0,0,1
1604118291171,7,1010123456014,104,,1,0,8,1,2,,22.3921,403,1664,0.988544,162,0,12,,0,0,0,0,0,0,0,0,0,,564,520,,0,0,0,0
1604118291421,7,1010123456014,104,,1,0,8,1,2,,23.3309,405,1242,0.988192,161,0,12.3333,,0,0,0,0,0,0,0,0,0,,520,496,,0,0,0,0
1604118291671,7,1010123456014,104,,1,0,8,1,2,,21.6854,410,2083,0.9792,168,0,11.5,,0,0,0,0,0,0,0,0,0,,568,532,,0,0,0,0
1604118291921,7,1010123456014,104,,1,0,8,1,2,,21.1114,422,708,0.986944,170,0,11.4286,,3.75,24,0,0.1,10,0,0,8.52281,31,,616,568,,0,0,0,1
1604118292171,7,1010123456014,104,,1,0,8,1,2,,22.066,424,671,0.983296,170,0,11.8333,,0,0,0,0,0,0,0,0,0,,573,528,,0,0,0,0
1604118292421,7,1010123456014,104,,1,0,8,1,2,,23.8179,379,934,0.97776,153,0,12.4,,0,0,0,0,0,0,0,0,0,,508,462,,0,0,0,0
1604118292671,7,1010123456014,104,,1,0,8,1,2,,21.9118,431,896,0.976352,171,0,11.6667,,0,0,0,0,0,0,0,0,0,,562,540,,0,0,0,0
1604118292921,7,1010123456014,104,,1,0,8,1,2,,21.6899,416,980,0.972032,166,0,11.5714,,11.7143,14,0,0.1,6,66.6667,0,11.5331,31,,574,544,,0,0,0,6.14286
1604118293171,7,1010123456014,104,,1,0,8,1,2,,20.6857,439,1033,0.988128,177,0,11.1667,,0,0,0,0,0,0,0,0,0,,613,586,,0,0,0,0
1604118293421,7,1010123456014,104,,1,0,8,1,2,,21.5129,425,973,1.00064,175,0,11.6667,,0,0,0,0,0,0,0,0,0,,572,550,,0,0,0,0
1604118293671,7,1010123456014,104,,1,0,8,1,2,,21.3341,422,1604,0.974752,171,0,11.4,,0,0,0,0,0,0,0,0,0,,589,552,,0,0,0,0
1604118293921,7,1010123456014,104,,1,0,8,1,2,,20.6037,434,1749,0.990752,177,0,11,,3.84615,26,0,0.1,10,0,0,8.61006,31,,630,592,,0,0,0,1
1604118294171,7,1010123456014,104,,1,0,8,1,2,,20.3068,453,2005,0.983424,180,0,11,,0,0,0,0,0,0,0,0,0,,649,598,,0,0,0,0
1604118294421,7,1010123456014,104,,1,0,8,1,2,,20.5884,430,1813,0.989248,174,0,11,,0,0,0,0,0,0,0,0,0,,660,596,,0,0,0,0
1604118294671,7,1010123456014,104,,1,0,8,1,2,,21.2553,427,2146,0.98704,175,0,11.3333,,0,0,0,0,0,0,0,0,0,,590,562,,0,0,0,0
1604118294921,7,1010123456014,104,,1,0,8,1,2,,20.4055,439,919,0.969024,176,0,11,,3.82609,23,0,0.1,9,0,0,8.86303,31,,640,594,,0,0,0,1
1604118295171,7,1010123456014,104,,1,0,8,1,2,,20.473,444,889,0.98544,179,0,11,,0,0,0,0,0,0,0,0,0,,627,598,,0,0,0,0
1604118295421,7,1010123456014,104,,1,0,8,1,2,,20.1894,454,958,0.977792,180,0,10.8333,,0,0,0,0,0,0,0,0,0,,650,612,,0,0,0,0
1604118295671,7,1010123456014,104,,1,0,8,1,2,,20.4415,453,902,0.987456,180,0,11,,0,0,0,0,0,0,0,0,0,,620,602,,0,0,0,0
1604118295921,7,1010123456014,104,,1,0,8,1,2,,20.3955,440,1379,0.981024,179,0,11,,11.4286,14,0,0.1,6,66.6667,0,10.4444,31,,620,594,,0,0,0,6.35714
1604118296171,7,1010123456014,104,,1,0,8,1,2,,18.182,489,1142,0.993248,195,0,10.1667,,0,0,0,0,0,0,0,0,0,,740,700,,0,0,0,0
1604118296421,7,1010123456014,104,,1,0,8,1,2,,20.5513,419,1725,0.985856,172,0,11,,0,0,0,0,0,0,0,0,0,,641,578,,0,0,0,0
1604118296671,7,1010123456014,104,,1,0,8,1,2,,20.0461,456,1549,0.993248,183,0,10.8333,,0,0,0,0,0,0,0,0,0,,655,624,,0,0,0,0
1604118296921,7,1010123456014,104,,1,0,8,1,2,,20.4337,445,1880,0.983872,180,0,11,,2.81081,37,0,0.1,15,0,0,8.90913,31,,615,594,,0,0,0,1
1604118297171,7,1010123456014,104,,1,0,8,1,2,,17.8319,470,3995,0.891936,185,0,9.8,,0,0,0,0,0,0,0,0,0,,692,660,,0,0,0,0
1604118297421,7,1010123456014,104,,1,0,8,1,2,,18.0102,492,2172,1.08739,204,0,10.1667,,0,0,0,0,0,0,0,0,0,,790,738,,0,0,0,0
1604118297671,7,1010123456014,104,,1,0,8,1,2,,20.5831,451,2278,0.985344,182,0,11,,0,0,0,0,0,0,0,0,0,,603,590,,0,0,0,0
1604118297921,7,1010123456014,104,,1,0,8,1,2,,20.279,423,959,0.97776,169,0,11,,12.0714,14,0,0.1,6,66.6667,0,10.7123,31,,663,604,,0,0,0,6.35714
1604118298171,7,1010123456014,104,,1,0,8,1,2,,20.4004,447,962,0.98144,178,0,11,,0,0,0,0,0,0,0,0,0,,619,596,,0,0,0,0
1604118298421,7,1010123456014,104,,1,0,8,1,2,,20.5647,448,964,0.986528,177,0,11,,0,0,0,0,0,0,0,0,0,,653,594,,0,0,0,0
1604118298671,7,1010123456014,104,,1,0,8,1,2,,20.6103,426,1075,0.982752,171,0,11,,0,0,0,0,0,0,0,0,0,,652,588,,0,0,0,0
1604118298921,7,1010123456014,104,,1,0,8,1,2,,20.5487,441,983,0.988256,177,0,11,,4.2,25,0,0.1,10,0,0,8.52835,31,,626,596,,0,0,0,1
1604118299171,7,1010123456014,104,,1,0,8,1,2,,18.3802,484,1186,0.980224,192,0,10.1667,,0,0,0,0,0,0,0,0,0,,719,682,,0,0,0,0
1604118299421,7,1010123456014,104,,1,0,8,1,2,,20.536,444,1246,0.993568,179,0,11,,0,0,0,0,0,0,0,0,0,,624,592,,0,0,0,0
1604118299671,7,1010123456014,104,,1,0,8,1,2,,20.435,446,1335,0.978976,175,0,11,,0,0,0,0,0,0,0,0,0,,631,592,,0,0,0,0
1604118299921,7,1010123456014,104,,1,0,8,1,2,,18.7604,455,1416,0.991168,184,0,10.4286,,2.34211,38,0,0.1,16,0,0,7.1869,31,,728,670,,0,0,0,1.07895
1604118300171,7,1010123456014,104,,1,0,8,1,2,,20.6216,444,1895,0.98976,182,0,11,,0,0,0,0,0,0,0,0,0,,607,586,,0,0,0,0
1604118300421,7,1010123456014,104,,1,0,8,1,2,,16.866,515,2225,0.982336,208,0,9.5,,0,0,0,0,0,0,0,0,0,,807,766,,0,0,0,0
1604118300671,7,1010123456014,104,,1,0,8,1,2,,18.0256,507,2062,0.986272,201,0,9.6,,0,0,0,0,0,0,0,0,0,,749,728,,0,0,0,0
1604118300921,7,1010123456014,104,,1,0,8,1,2,,19.9459,462,1303,0.975968,185,0,8.8,,2.2973,37,0,0.1,15,0,0,7.13,31,,616,604,,0,0,0,1
1604118301171,7,1010123456014,104,,1,0,8,1,2,,17.2874,494,971,0.99024,199,0,11,,0,0,0,0,0,0,0,0,0,,764,716,,0,0,0,0
1604118301421,7,1010123456014,104,,1,0,8,1,2,,20.4421,432,810,0.987584,172,0,11,,0,0,0,0,0,0,0,0,0,,658,598,,0,0,0,0
1604118301671,7,1010123456014,104,,1,0,8,1,2,,20.684,443,986,0.988864,180,0,11,,0,0,0,0,0,0,0,0,0,,605,586,,0,0,0,0
1604118301921,7,1010123456014,104,,1,0,8,1,2,,16.8694,513,1288,0.977152,206,0,9.71429,,5.06897,29,0,0.1,12,8.33333,0,7.75531,31,,826,772,,0,0,0,2.17241
1604118302171,7,1010123456014,104,,1,0,8,1,2,,18.4646,495,1112,0.99504,196,0,10,,0,0,0,0,0,0,0,0,0,,724,690,,0,0,0,0
1604118302421,7,1010123456014,104,,1,0,8,1,2,,20.483,441,1158,0.988,177,0,11,,0,0,0,0,0,0,0,0,0,,623,592,,0,0,0,0
1604118302671,7,1010123456014,104,,1,0,8,1,2,,20.463,432,1530,0.982016,176,0,11,,0,0,0,0,0,0,0,0,0,,612,588,,0,0,0,0
1604118302921,7,1010123456014,104,,1,0,8,1,2,,20.6464,444,1711,0.990528,178,0,11,,0.901961,51,0,0.1,20,0,0,6.51304,31,,617,586,,0,0,0,1
1604118303171,7,1010123456014,104,,1,0,8,1,2,,20.4855,447,1621,0.98768,177,0,11,,0,0,0,0,0,0,0,0,0,,632,600,,0,0,0,0
1604118303421,7,1010123456014,104,,1,0,8,1,2,,19.6823,447,1245,1.00362,180,0,11,,0,0,0,0,0,0,0,0,0,,673,636,,0,0,0,0
1604118303671,7,1010123456014,104,,1,0,8,1,2,,19.7068,399,0,0.979872,162,0,11,,0,0,0,0,0,0,0,0,0,,666,620,,0,0,0,0
1604118303921,7,1010123456014,104,,1,0,8,1,2,,19.9897,390,318,0.985984,154,0,10.2,,4.34783,46,0,0.1,19,10.5263,0,8.36381,31,,631,604,,0,0,0,1.91304
1604118304171,7,1010123456014,104,,1,0,8,1,2,,17.1996,446,0,0.995168,181,0,11,,0,0,0,0,0,0,0,0,0,,824,778,,0,0,0,0
1604118304421,7,1010123456014,104,,1,0,8,1,2,,19.7136,426,0,0.984096,170,0,11,,0,0,0,0,0,0,0,0,0,,657,622,,0,0,0,0
1604118304671,7,1010123456014,104,,1,0,8,1,2,,18.7296,466,259,0.987424,187,0,10.5,,0,0,0,0,0,0,0,0,0,,730,686,,0,0,0,0
1604118304921,7,1010123456014,104,,1,0,8,1,2,,17.9057,477,524,0.99488,196,0,10.2857,,12,11,0,0.1,4,0,0,12.8955,31,,781,730,,0,0,0,1.81818
1604118305171,7,1010123456014,104,,1,0,8,1,2,,18.425,473,505,0.992896,187,0,10.3333,,0,0,0,0,0,0,0,0,0,,731,698,,0,0,0,0
1604118305421,7,1010123456014,104,,1,0,8,1,2,,15.8921,491,1336,0.95632,197,0,9.75,,0,0,0,0,0,0,0,0,0,,908,842,,0,0,0,0
1604118305671,7,1010123456014,104,,1,0,8,1,2,,18.2692,494,684,1.02125,199,0,10.3333,,0,0,0,0,0,0,0,0,0,,779,740,,0,0,0,0
1604118305921,7,1010123456014,104,,1,0,8,1,2,,18.4799,473,1004,0.988,192,0,10.2857,,5.11111,45,0,0.1,18,11.1111,0,9.41076,31,,746,706,,0,0,0,1.93333
1604118306171,7,1010123456014,104,,1,0,8,1,2,,15.7935,523,2528,0.928064,210,0,9,,0,0,0,0,0,0,0,0,0,,899,856,,0,0,0,0
1604118306421,7,1010123456014,104,,1,0,8,1,2,,18.0206,533,1433,1.0511,215,0,10,,0,0,0,0,0,0,0,0,0,,841,784,,0,0,0,0
1604118306671,7,1010123456014,104,,1,0,8,1,2,,17.5891,516,0,0.999104,209,0,9.75,,0,0,0,0,0,0,0,0,0,,814,772,,0,0,0,0
1604118306921,7,1010123456014,104,,1,0,8,1,2,,17.8487,509,44,0.9824,204,0,10,,1.52632,38,0,0.1,15,0,0,5.86692,31,,799,766,,0,0,0,1.47368
1604118307171,7,1010123456014,104,,1,0,8,1,2,,16.6996,516,1516,0.976096,208,0,8.83333,,0,0,0,0,0,0,0,0,0,,827,788,,0,0,0,0
1604118307421,7,1010123456014,104,,1,0,8,1,2,,16.6832,543,608,1.00464,219,0,9.83333,,0,0,0,0,0,0,0,0,0,,876,836,,0,0,0,0
1604118307671,7,1010123456014,104,,1,0,8,1,2,,16.7827,543,431,0.999712,220,0,9.66667,,0,0,0,0,0,0,0,0,0,,857,822,,0,0,0,0
1604118307921,7,1010123456014,104,,1,0,8,1,2,,17.901,495,993,0.97456,201,0,9.8,,0.352941,51,0,0.1,20,0,0,5.09315,31,,821,744,,0,0,0,1
1604118308171,7,1010123456014,104,,1,0,8,1,2,,17.7447,517,751,1.00592,209,0,10,,0,0,0,0,0,0,0,0,0,,807,768,,0,0,0,0
1604118308421,7,1010123456014,104,,1,0,8,1,2,,17.6777,515,941,0.99456,208,0,10,,0,0,0,0,0,0,0,0,0,,805,756,,0,0,0,0
1604118308671,7,1010123456014,104,,1,0,8,1,2,,18.4072,469,1006,0.991744,191,0,10.4,,0,0,0,0,0,0,0,0,0,,747,714,,0,0,0,0
1604118308921,7,1010123456014,104,,1,0,8,1,2,,18.6937,506,1089,0.989696,205,0,10.3333,,13.4557,79,0,0.1,32,81.25,0,5.41587,31,,756,702,,0,0,0,8.17722
1604118309171,7,1010123456014,104,,1,0,8,1,2,,18.9504,504,1221,0.987712,205,0,10.5,,0,0,0,0,0,0,0,0,0,,726,684,,0,0,0,0
1604118309421,7,1010123456014,104,,1,0,8,1,2,,19.6225,453,2416,0.954496,180,0,10.3333,,0,0,0,0,0,0,0,0,0,,682,622,,0,0,0,0
1604118309671,7,1010123456014,104,,1,0,8,1,2,,19.0764,471,1026,0.996064,193,0,10.3333,,0,0,0,0,0,0,0,0,0,,717,686,,0,0,0,0
1604118309921,7,1010123456014,104,,1,0,8,1,2,,19.9656,465,913,0.99728,187,0,10.7143,,2.71053,38,0,0.1,15,13.3333,0,4.78013,31,,660,630,,0,0,0,2.86842
1604118310171,7,1010123456014,104,,1,0,8,1,2,,22.2182,417,571,0.97024,162,0,12,,0,0,0,0,0,0,0,0,0,,560,526,,0,0,0,0
1604118310421,7,1010123456014,104,,1,0,8,1,2,,21.0791,417,755,0.982368,169,0,11.4,,0,0,0,0,0,0,0,0,0,,625,564,,0,0,0,0
1604118310671,7,1010123456014,104,,1,0,8,1,2,,20.6448,442,1027,0.981536,175,0,11,,0,0,0,0,0,0,0,0,0,,616,580,,0,0,0,0
1604118310921,7,1010123456014,104,,1,0,8,1,2,,20.4,445,1090,1.00038,178,0,11,,0.163265,49,0,0.1,20,0,0,5.00189,31,,641,598,,0,0,0,1
1604118311171,7,1010123456014,104,,1,0,8,1,2,,20.0874,446,847,0.991872,178,0,11,,0,0,0,0,0,0,0,0,0,,653,616,,0,0,0,0
1604118311421,7,1010123456014,104,,1,0,8,1,2,,20.0629,477,987,0.988576,189,0,11,,0,0,0,0,0,0,0,0,0,,660,608,,0,0,0,0
1604118311671,7,1010123456014,104,,1,0,8,1,2,,20.9614,440,1346,0.98,177,0,11.2,,0,0,0,0,0,0,0,0,0,,611,568,,0,0,0,0
1604118311921,7,1010123456014,104,,1,0,8,1,2,,20.2563,437,1766,0.978496,174,0,11,,0.75,48,0,0.1,20,0,0,6.25236,31,,664,598,,0,0,0,1
1604118312171,7,1010123456014,104,,1,0,8,1,2,,21.1306,421,1706,0.992832,172,0,12,,0,0,0,0,0,0,0,0,0,,600,564,,0,0,0,0
1604118312421,7,1010123456014,104,,1,0,8,1,2,,23.2416,389,1721,0.986336,155,0,11.3333,,0,0,0,0,0,0,0,0,0,,544,496,,0,0,0,0
1604118312671,7,1010123456014,104,,1,0,8,1,2,,23.9728,405,0,0.987584,157,0,12.75,,0,0,0,0,0,0,0,0,0,,512,472,,0,0,0,0
1604118312921,7,1010123456014,104,,1,0,8,1,2,,22.7935,397,156,0.987072,163,0,12.4,,1,48,0,0.1,20,0,0,6.3874,31,,536,492,,0,0,0,1
1604118313171,7,1010123456014,104,,1,0,8,1,2,,21.4689,418,459,0.988256,168,0,12,,0,0,0,0,0,0,0,0,0,,591,548,,0,0,0,0
1604118313421,7,1010123456014,104,,1,0,8,1,2,,21.2263,358,709,0.977696,146,0,11.5,,0,0,0,0,0,0,0,0,0,,586,544,,0,0,0,0
1604118313671,7,1010123456014,104,,1,0,8,1,2,,19,395,3859,0.907552,160,0,11,,0,0,0,0,0,0,0,0,0,,592,580,,0,0,0,0
1604118313921,7,1010123456014,104,,1,0,8,1,2,,18.9006,503,682,1.06608,200,0,10.7143,,2,37,0,0.1,15,0,0,6.70344,31,,771,732,,0,0,0,1
1604118314171,7,1010123456014,104,,1,0,8,1,2,,20.6822,428,582,0.996608,173,0,11.5,,0,0,0,0,0,0,0,0,0,,599,582,,0,0,0,0
1604118314421,7,1010123456014,104,,1,0,8,1,2,,21.7487,378,749,0.99104,158,0,12.3333,,0,0,0,0,0,0,0,0,0,,573,534,,0,0,0,0
1604118314671,7,1010123456014,104,,1,0,8,1,2,,17.6644,438,993,0.985312,177,0,10.5,,0,0,0,0,0,0,0,0,0,,699,664,,0,0,0,0
1604118314921,7,1010123456014,104,,1,0,8,1,2,,20.1407,398,1630,0.929248,155,0,11.6667,,4.02632,38,0,0.1,15,0,0,9.13569,31,,608,592,,0,0,0,1.23684
1604118315171,7,1010123456014,104,,1,0,8,1,2,,24.0984,315,1137,1.03392,132,0,13,,0,0,0,0,0,0,0,0,0,,498,462,,0,0,0,0
1604118315421,7,1010123456014,104,,1,0,8,1,2,,16.2161,486,1916,0.946496,190,0,9.83333,,0,0,0,0,0,0,0,0,0,,786,758,,0,0,0,0
1604118315671,7,1010123456014,104,,1,0,8,1,2,,23.4176,340,0,1.01872,141,0,13,,0,0,0,0,0,0,0,0,0,,515,470,,0,0,0,0
1604118315921,7,1010123456014,104,,1,0,8,1,2,,23.6414,304,0,0.979008,123,0,13.5,,3.17143,35,0,0.1,15,0,0,10.3432,31,,489,458,,0,0,0,1
1604118316171,7,1010123456014,104,,1,0,8,1,2,,18.3555,422,548,0.980576,167,0,10,,0,0,0,0,0,0,0,0,0,,673,634,,0,0,0,0
1604118316421,7,1010123456014,104,,1,0,8,1,2,,20.9918,366,301,0.988288,152,0,12.8,,0,0,0,0,0,0,0,0,0,,620,590,,0,0,0,0
1604118316671,7,1010123456014,104,,1,0,8,1,2,,23.2849,365,165,0.98832,145,0,12.6,,0,0,0,0,0,0,0,0,0,,499,488,,0,0,0,0
1604118316921,7,1010123456014,104,,1,0,4,1,2,,22.4207,328,2537,0.942176,137,0,13,,3.4359,39,0,0.1,16,0,0,10.0327,31,,539,468,,0,0,0,1.05128
1604118317171,7,1010123456014,104,,1,0,4,1,2,,17.8571,168,26107,0.21776,68,0,10.4,,0,0,0,0,0,0,0,0,0,,500,136,,0,0,0,0
1604118317421,7,1010123456014,104,,1,0,4,1,2,,17.7099,131,51201,0.166976,54,0,11.5,,0,0,0,0,0,0,0,0,0,,502,108,,0,0,0,0
1604118317671,7,1010123456014,104,,1,0,4,1,2,,24.9392,181,71386,0.322304,72,0,12,,0,0,0,0,0,0,0,0,0,,500,146,,0,0,0,0
1604118317921,7,1010123456014,104,,1,0,4,1,2,,22.3158,228,91397,0.33632,90,0,12.5,,0,8,0,0,4,100,0,0,0,,500,180,,0,0,0,0
1604118318171,7,1010123456014,104,,1,0,4,1,2,,17.7164,67,119020,0.093664,28,0,2,,0.75,8,0,0.1,3,0,0,7.32111,31,,500,192,,0,0,0,1
1604118318421,7,1010123456014,104,,1,0,4,1,2,,18.1469,211,139307,0.265056,84,0,12.2,,0,0,0,0,0,0,0,0,0,,500,168,,0,0,0,0
1604118318671,7,1010123456014,104,,1,0,4,1,2,,23.9691,194,158818,0.360128,82,0,11.75,,0,0,0,0,0,0,0,0,0,,500,160,,0,0,0,0
1604118318921,7,1010123456014,104,,1,0,4,1,2,,19.1312,282,177659,0.363808,107,0,11.4,,7.92308,13,0,0.1,6,0,0,12.2916,31,,500,220,,0,0,0,1.23077
1604118319171,7,1010123456014,104,,1,0,4,1,2,,25.8854,349,182066,0.65712,139,0,13.5,,0,0,0,0,0,0,0,0,0,,500,278,,0,0,0,0
1604118319421,7,1010123456014,104,,1,0,4,1,2,,27,386,182394,0.77872,155,0,14,,0,0,0,0,0,0,0,0,0,,498,316,,0,0,0,0
1604118319671,7,1010123456014,104,,1,0,4,1,2,,23.342,269,182582,0.464192,110,0,10.8,,0,0,0,0,0,0,0,0,0,,502,222,,0,0,0,0
1604118319921,7,1010123456014,104,,1,0,4,1,2,,24.703,367,183310,0.671104,152,0,13.3333,,2.35714,28,0,0.1,12,0,0,7.17061,31,,500,292,,0,0,0,1.07143
1604118320171,7,1010123456014,104,,1,0,4,1,2,,16.91,211,183503,0.235712,84,0,9.8,,0,0,0,0,0,0,0,0,0,,500,168,,0,0,0,0
1604118320421,7,1010123456014,104,,1,0,4,1,2,,26.863,292,182280,0.574848,112,0,13.75,,0,0,0,0,0,0,0,0,0,,500,236,,0,0,0,0
1604118320671,7,1010123456014,104,,1,0,4,1,2,,27.0396,328,183401,0.67392,132,0,14,,0,0,0,0,0,0,0,0,0,,498,264,,0,0,0,0
1604118320921,7,1010123456014,104,,1,0,4,1,2,,22.546,315,183385,0.56224,130,0,8.33333,,8.47619,21,0,0.1,9,44.4444,0,10.8997,31,,500,290,,0,0,0,4.57143
1604118321171,7,1010123456014,104,,1,0,4,1,2,,21,299,183560,0.470848,126,0,12.6,,0,0,0,0,0,0,0,0,0,,498,246,,0,0,0,0
1604118321421,7,1010123456014,104,,1,0,4,1,2,,20.8114,175,183367,0.235392,68,0,13,,0,0,0,0,0,0,0,0,0,,500,140,,0,0,0,0
1604118321671,7,1010123456014,104,,1,0,4,1,2,,25.0661,257,183537,0.46464,102,0,12.5,,0,0,0,0,0,0,0,0,0,,500,206,,0,0,0,0
1604118321921,7,1010123456014,104,,1,0,4,1,2,,24.415,359,183417,0.630176,145,0,12.75,,0.954545,44,0,0.1,18,0,0,5.21753,31,,500,286,,0,0,0,1.13636
1604118322171,7,1010123456014,104,,1,0,4,1,2,,23.2452,208,183044,0.341824,84,0,11.8,,0,0,0,0,0,0,0,0,0,,498,168,,0,0,0,0
1604118322421,7,1010123456014,104,,1,0,4,1,2,,19.6687,163,183631,0.231264,67,0,10.3333,,0,0,0,0,0,0,0,0,0,,500,130,,0,0,0,0
1604118322671,7,1010123456014,104,,1,0,4,1,2,,20.0209,383,182927,0.53888,154,0,11.6667,,0,0,0,0,0,0,0,0,0,,500,312,,0,0,0,0
1604118322921,7,1010123456014,104,,1,0,4,1,2,,19.3136,220,184273,0.288768,87,0,7.5,,0.653846,52,0,0.1,21,0,0,5.97259,31,,502,220,,0,0,0,1
1604118323171,7,1010123456014,104,,1,0,4,1,2,,26.3265,487,183178,0.929952,193,0,14,,0,0,0,0,0,0,0,0,0,,498,384,,0,0,0,0
1604118323421,7,1010123456014,104,,1,0,4,1,2,,26.2891,211,183633,0.43152,89,0,8.4,,0,0,0,0,0,0,0,0,0,,500,228,,0,0,0,0
1604118323671,7,1010123456014,104,,1,0,4,1,2,,8.21053,19,183311,0.011392,8,0,8.5,,0,0,0,0,0,0,0,0,0,,498,220,,0,0,0,0
1604118323921,7,1010123456014,104,,1,0,4,1,2,,22.7778,207,183177,0.33488,83,0,11,,0.318182,44,0,0.1,19,0,0,5.24828,31,,502,168,,0,0,0,1
1604118324171,7,1010123456014,104,,1,0,4,1,2,,19.9409,372,184017,0.476128,145,0,12.6,,0,0,0,0,0,0,0,0,0,,500,298,,0,0,0,0
1604118324421,7,1010123456014,104,,1,0,4,1,2,,27,392,182762,0.788768,157,0,14,,0,0,0,0,0,0,0,0,0,,500,318,,0,0,0,0
1604118324671,7,1010123456014,104,,1,0,4,1,2,,27,473,180784,0.959584,191,0,14,,0,0,0,0,0,0,0,0,0,,500,384,,0,0,0,0
1604118324921,7,1010123456014,104,,1,0,4,1,2,,20.808,276,182740,0.4336,114,0,11.5,,0.181818,55,0,0.1,22,0,0,5.95903,31,,500,220,,0,0,0,1
1604118325171,7,1010123456014,104,,1,0,4,1,2,,27,370,181418,0.732736,146,0,14,,0,0,0,0,0,0,0,0,0,,500,300,,0,0,0,0
1604118325421,7,1010123456014,104,,1,0,4,1,2,,22.1028,282,184196,0.518368,121,0,12.2,,0,0,0,0,0,0,0,0,0,,500,226,,0,0,0,0
1604118325671,7,1010123456014,104,,1,0,4,1,2,,12.8353,255,184059,0.201536,103,0,9.66667,,0,0,0,0,0,0,0,0,0,,500,206,,0,0,0,0
1604118325921,7,1010123456014,104,,1,0,4,1,2,,21.3557,194,184239,0.261472,75,0,11.4,,0.489796,49,0,0.1,21,0,0,5.80532,31,,500,160,,0,0,0,1.06122
1604118326171,7,1010123456014,104,,1,0,4,1,2,,25.7686,376,184129,0.731616,151,0,11,,0,0,0,0,0,0,0,0,0,,500,298,,0,0,0,0
1604118326421,7,1010123456014,104,,1,0,4,1,2,,25.1024,332,183833,0.618464,136,0,14,,0,0,0,0,0,0,0,0,0,,500,270,,0,0,0,0
1604118326671,7,1010123456014,104,,1,0,4,1,2,,25.3361,119,184465,0.211136,46,0,13.25,,0,0,0,0,0,0,0,0,0,,500,94,,0,0,0,0
1604118326921,7,1010123456014,104,,1,0,4,1,2,,21.962,237,183345,0.367168,92,0,12,,0.27451,51,0,0.1,20,5,0,4.84405,31,,498,188,,0,0,0,1.35294
1604118327171,7,1010123456014,104,,1,0,4,1,2,,24.2006,329,184537,0.571424,133,0,12.6667,,0,0,0,0,0,0,0,0,0,,500,268,,0,0,0,0
1604118327421,7,1010123456014,104,,1,0,4,1,2,,22.1991,226,183807,0.373632,96,0,12.6667,,0,0,0,0,0,0,0,0,0,,498,184,,0,0,0,0
1604118327671,7,1010123456014,104,,1,0,4,1,2,,17.0423,355,182985,0.39504,137,0,8.8,,0,0,0,0,0,0,0,0,0,,500,282,,0,0,0,0
1604118327921,7,1010123456014,104,,1,0,4,1,2,,26.5857,420,181541,0.852928,170,0,13.8,,3.38776,49,0,0.1,21,19.0476,0,8.50133,31,,500,340,,0,0,0,2.46939
1604118328171,7,1010123456014,104,,1,0,4,1,2,,25.7216,334,183892,0.643744,137,0,13.1667,,0,0,0,0,0,0,0,0,0,,500,270,,0,0,0,0
1604118328421,7,1010123456014,104,,1,0,4,1,2,,25.3947,413,183716,0.765888,166,0,13,,0,0,0,0,0,0,0,0,0,,500,332,,0,0,0,0
1604118328671,7,1010123456014,104,,1,0,4,1,2,,24.2957,230,183046,0.38144,88,0,12.8333,,0,0,0,0,0,0,0,0,0,,500,184,,0,0,0,0
1604118328921,7,1010123456014,104,,1,0,4,1,2,,25.1637,342,182702,0.638336,140,0,13,,3.46429,28,0,0.1,11,0,0,10.2083,31,,500,276,,0,0,0,1
1604118329171,7,1010123456014,104,,1,0,4,1,2,,19.925,80,183597,0.140832,39,0,11,,0,0,0,0,0,0,0,0,0,,500,68,,0,0,0,0
1604118329421,7,1010123456014,104,,1,0,4,1,2,,21.6755,151,183836,0.228,63,0,12.5,,0,0,0,0,0,0,0,0,0,,500,126,,0,0,0,0
1604118329671,7,1010123456014,104,,1,0,4,1,2,,20.3259,135,184086,0.165952,51,0,9.33333,,0,0,0,0,0,0,0,0,0,,500,110,,0,0,0,0
1604118329921,7,1010123456014,104,,1,0,4,1,2,,24.7391,322,183903,0.588704,133,0,12.6667,,4.29268,41,0,0.1,18,22.2222,0,7.55413,31,,500,260,,0,0,0,2.7561
1604118330171,7,1010123456014,104,,1,0,4,1,2,,17.3177,299,183805,0.311264,114,0,11.6,,0,0,0,0,0,0,0,0,0,,500,240,,0,0,0,0
1604118330421,7,1010123456014,104,,1,0,4,1,2,,19.8665,337,182657,0.478144,136,0,10.6667,,0,0,0,0,0,0,0,0,0,,502,268,,0,0,0,0
1604118330671,7,1010123456014,104,,1,0,4,1,2,,23.4416,385,182001,0.634048,154,0,12.4,,0,0,0,0,0,0,0,0,0,,500,312,,0,0,0,0
1604118330921,7,1010123456014,104,,1,0,4,1,2,,23.963,541,181797,0.909408,215,0,12.2857,,3.46429,28,0,0.1,11,0,0,10.9647,31,,500,428,,0,0,0,1.17857
1604118331171,7,1010123456014,104,,1,0,4,1,2,,23.1677,328,183112,0.544512,136,0,12.1667,,0,0,0,0,0,0,0,0,0,,500,264,,0,0,0,0
1604118331421,7,1010123456014,104,,1,0,4,1,2,,22.8483,211,183072,0.33776,87,0,12.5,,0,0,0,0,0,0,0,0,0,,500,172,,0,0,0,0
1604118331671,7,1010123456014,104,,1,0,4,1,2,,19.1218,197,183611,0.259936,79,0,8.5,,0,0,0,0,0,0,0,0,0,,500,204,,0,0,0,0
1604118331921,7,1010123456014,104,,1,0,4,1,2,,21.9387,457,183339,0.667456,182,0,11.6667,,2.68966,29,0,0.1,12,0,0,7.21623,31,,500,370,,0,0,0,1.2069
1604118332171,7,1010123456014,104,,1,0,4,1,2,,21.7365,444,183908,0.663744,180,0,11.5,,0,0,0,0,0,0,0,0,0,,500,350,,0,0,0,0
1604118332421,7,1010123456014,104,,1,0,4,1,2,,24.4245,351,184064,0.617536,140,0,11.5,,0,0,0,0,0,0,0,0,0,,500,280,,0,0,0,0
1604118332671,7,1010123456014,104,,1,0,4,1,2,,22.3052,344,183403,0.514848,132,0,11,,0,0,0,0,0,0,0,0,0,,500,278,,0,0,0,0
1604118332921,7,1010123456014,104,,1,0,4,1,2,,23.6236,457,184409,0.800032,193,0,12.1667,,6.16667,12,0,0.1,5,0,0,13.2662,31,,500,370,,0,0,0,1.33333
1604118333171,7,1010123456014,104,,1,0,4,1,2,,21.8345,296,182792,0.40592,113,0,11.6667,,0,0,0,0,0,0,0,0,0,,498,238,,0,0,0,0
1604118333421,7,1010123456014,104,,1,0,4,1,2,,24.1948,349,182975,0.630336,146,0,12.6667,,0,0,0,0,0,0,0,0,0,,500,284,,0,0,0,0
1604118333671,7,1010123456014,104,,1,0,4,1,2,,24.7155,478,183122,0.824704,188,0,12.4,,0,0,0,0,0,0,0,0,0,,500,386,,0,0,0,0
1604118333921,7,1010123456014,104,,1,0,4,1,2,,23.589,219,183564,0.39136,94,0,12.5714,,5.29412,17,0,0.1,7,0,0,8.63729,31,,500,178,,0,0,0,1.82353
1604118334171,7,1010123456014,104,,1,0,4,1,2,,22.4118,323,183211,0.492512,129,0,12,,0,0,0,0,0,0,0,0,0,,500,256,,0,0,0,0
1604118334421,7,1010123456014,104,,1,0,4,1,2,,21.992,250,183201,0.369152,97,0,10.1667,,0,0,0,0,0,0,0,0,0,,502,202,,0,0,0,0
1604118334671,7,1010123456014,104,,1,0,4,1,2,,22.6392,316,184147,0.496704,130,0,12.1667,,0,0,0,0,0,0,0,0,0,,498,254,,0,0,0,0
1604118334921,7,1010123456014,104,,1,0,4,1,2,,24.6212,396,183440,0.672768,152,0,12.6667,,4.68889,45,0,0.1,18,11.1111,0,9.53312,31,,500,312,,0,0,0,2.73333
1604118335171,7,1010123456014,104,,1,0,4,1,2,,22.4358,358,183992,0.547136,141,0,11.1667,,0,0,0,0,0,0,0,0,0,,500,282,,0,0,0,0
1604118335421,7,1010123456014,104,,1,0,4,1,2,,19.9658,380,184206,0.5464,160,0,10.6667,,0,0,0,0,0,0,0,0,0,,502,308,,0,0,0,0
1604118335671,7,1010123456014,104,,1,0,4,1,2,,22.5463,324,183573,0.483776,126,0,11.8333,,0,0,0,0,0,0,0,0,0,,498,258,,0,0,0,0
1604118335921,7,1010123456014,104,,1,0,4,1,2,,24.3879,464,183207,0.816256,188,0,12.7143,,2,33,0,0.1,14,0,0,7.49489,31,,500,376,,0,0,0,1
1604118336171,7,1010123456014,104,,1,0,4,1,2,,23.4694,245,182656,0.39232,96,0,12.2,,0,0,0,0,0,0,0,0,0,,500,196,,0,0,0,0
1604118336421,7,1010123456014,104,,1,0,4,1,2,,22.9313,364,181829,0.588192,145,0,11.3333,,0,0,0,0,0,0,0,0,0,,500,292,,0,0,0,0
1604118336671,7,1010123456014,104,,1,0,4,1,2,,22.3054,429,183621,0.67888,179,0,11.6667,,0,0,0,0,0,0,0,0,0,,500,348,,0,0,0,0
1604118336921,7,1010123456014,104,,1,0,4,1,2,,23.2141,313,182544,0.494976,124,0,12.4286,,2.10256,39,0,0.1,16,0,0,8.04573,31,,502,254,,0,0,0,1
1604118337171,7,1010123456014,104,,1,0,4,1,2,,21.9356,233,183459,0.35696,95,0,11.5,,0,0,0,0,0,0,0,0,0,,500,188,,0,0,0,0
1604118337421,7,1010123456014,104,,1,0,4,1,2,,22.1285,288,183164,0.449248,119,0,11,,0,0,0,0,0,0,0,0,0,,500,232,,0,0,0,0
1604118337671,7,1010123456014,104,,1,0,4,1,2,,18.848,171,184300,0.205472,69,0,9.66667,,0,0,0,0,0,0,0,0,0,,500,158,,0,0,0,0
1604118337921,7,1010123456014,104,,1,0,4,1,2,,23.1875,96,183662,0.151232,38,0,12.4286,,0.208333,48,0,0.1,20,0,0,6.71305,31,,500,82,,0,0,0,1
1604118338171,7,1010123456014,104,,1,0,4,1,2,,23.8533,184,184111,0.32864,78,0,12.1667,,0,0,0,0,0,0,0,0,0,,500,152,,0,0,0,0
1604118338421,7,1010123456014,104,,1,0,4,1,2,,19.8222,90,184374,0.118144,37,0,10.8333,,0,0,0,0,0,0,0,0,0,,500,80,,0,0,0,0
1604118338671,7,1010123456014,104,,1,0,4,1,2,,23.9931,436,183513,0.750137,176,0,12.5,,0,0,0,0,0,0,0,0,0,,500,350,,0,0,0,0
1604118338921,7,1010123456014,104,,1,0,4,1,2,,21.096,198,183460,0.291084,78,0,10.2857,,2.41667,36,0,0.1,15,0,0,8.07093,31,,500,162,,0,0,0,1
1604118339171,7,1010123456014,104,,1,0,4,1,2,,21.6364,396,182946,0.579616,159,0,11.8333,,0,0,0,0,0,0,0,0,0,,500,320,,0,0,0,0
1604118339421,7,1010123456014,104,,1,0,4,1,2,,24.1148,427,183402,0.760224,181,0,12.8333,,0,0,0,0,0,0,0,0,0,,500,350,,0,0,0,0
1604118339671,7,1010123456014,104,,1,0,4,1,2,,16.3293,246,183700,0.283232,97,0,9,,0,0,0,0,0,0,0,0,0,,500,200,,0,0,0,0
1604118339921,7,1010123456014,104,,1,0,4,1,2,,23.8045,404,183470,0.649472,156,0,12.5714,,1.89189,37,0,0.1,15,0,0,7.1327,31,,500,318,,0,0,0,1
1604118340171,7,1010123456014,104,,1,0,4,1,2,,21.2466,223,184083,0.318336,92,0,11.6,,0,0,0,0,0,0,0,0,0,,498,180,,0,0,0,0
1604118340421,7,1010123456014,104,,1,0,4,1,2,,22.1132,327,183582,0.485856,131,0,11.6667,,0,0,0,0,0,0,0,0,0,,500,266,,0,0,0,0
1604118340671,7,1010123456014,104,,1,0,4,1,2,,20.0884,147,183812,0.205472,62,0,9,,0,0,0,0,0,0,0,0,0,,502,128,,0,0,0,0
1604118340921,7,1010123456014,104,,1,0,4,1,2,,22.4112,214,184035,0.301792,81,0,10.7143,,6.7619,21,0,0.1,8,12.5,0,8.77361,31,,498,172,,0,0,0,2.85714
1604118341171,7,1010123456014,104,,1,0,4,1,2,,20.672,439,184093,0.568608,173,0,11,,0,0,0,0,0,0,0,0,0,,500,350,,0,0,0,0
1604118341421,7,1010123456014,104,,1,0,4,1,2,,20.3019,414,183598,0.540416,170,0,10.75,,0,0,0,0,0,0,0,0,0,,500,338,,0,0,0,0
1604118341671,7,1010123456014,104,,1,0,4,1,2,,19.8843,432,183768,0.590336,179,0,10.3333,,0,0,0,0,0,0,0,0,0,,500,352,,0,0,0,0
1604118341921,7,1010123456014,104,,1,0,4,1,2,,19.2458,480,183412,0.570976,192,0,11,,3.56757,37,0,0.1,15,6.66667,0,7.79511,31,,498,386,,0,0,0,2.2973
1604118342171,7,1010123456014,104,,1,0,4,1,2,,18.0966,445,184070,0.525504,185,0,8.33333,,0,0,0,0,0,0,0,0,0,,500,374,,0,0,0,0
1604118342421,7,1010123456014,104,,1,0,4,1,2,,20.7101,376,183297,0.47904,146,0,11,,0,0,0,0,0,0,0,0,0,,500,352,,0,0,0,0
1604118342671,7,1010123456014,104,,1,0,4,1,2,,20.9333,540,182678,0.732,219,0,11,,0,0,0,0,0,0,0,0,0,,500,440,,0,0,0,0
1604118342921,7,1010123456014,104,,1,0,4,1,2,,20.725,400,183766,0.552704,168,0,11,,3.02632,38,0,0.1,15,13.3333,0,6.38999,31,,498,324,,0,0,0,3.07895
1604118343171,7,1010123456014,104,,1,0,4,1,2,,17.2568,370,183507,0.387488,147,0,9.75,,0,0,0,0,0,0,0,0,0,,500,298,,0,0,0,0
1604118343421,7,1010123456014,104,,1,0,4,1,2,,20.7112,367,183216,0.479552,146,0,11,,0,0,0,0,0,0,0,0,0,,500,296,,0,0,0,0
1604118343671,7,1010123456014,104,,1,0,4,1,2,,20.9179,524,183727,0.694784,208,0,11,,0,0,0,0,0,0,0,0,0,,502,418,,0,0,0,0
1604118343921,7,1010123456014,104,,1,0,4,1,2,,18.0455,440,183394,0.494048,175,0,10.1429,,1.57895,38,0,0.1,14,0,0,5.32709,31,,500,348,,0,0,0,1
1604118344171,7,1010123456014,104,,1,0,4,1,2,,20.7721,452,184251,0.58784,178,0,11,,0,0,0,0,0,0,0,0,0,,500,358,,0,0,0,0
1604118344421,7,1010123456014,104,,1,0,4,1,2,,20.7831,461,184400,0.637944,192,0,11,,0,0,0,0,0,0,0,0,0,,500,372,,0,0,0,0
1604118344671,7,1010123456014,104,,1,0,4,1,2,,20.7462,394,184312,0.506688,154,0,11,,0,0,0,0,0,0,0,0,0,,500,320,,0,0,0,0
1604118344921,7,1010123456014,104,,1,0,4,1,2,,20.8479,493,183473,0.65424,197,0,11,,6.8125,16,0,0.1,7,57.1429,0,7.48099,31,,500,390,,0,0,0,5.5
1604118345171,7,1010123456014,104,,1,0,4,1,2,,20.8301,471,183156,0.623488,188,0,11,,0,0,0,0,0,0,0,0,0,,500,380,,0,0,0,0
1604118345421,7,1010123456014,104,,1,0,4,1,2,,20.6415,265,184116,0.377928,115,0,7.66667,,0,0,0,0,0,0,0,0,0,,500,312,,0,0,0,0
1604118345671,7,1010123456014,104,,1,0,4,1,2,,19.4078,434,182652,0.50064,167,0,10,,0,0,0,0,0,0,0,0,0,,500,380,,0,0,0,0
1604118345921,7,1010123456014,104,,1,0,4,1,2,,20.7932,469,183719,0.643136,194,0,11,,1.47619,42,0,0.1,17,0,0,6.67278,31,,500,380,,0,0,0,1
1604118346171,7,1010123456014,104,,1,0,4,1,2,,20.6203,453,182948,0.586784,181,0,10.8333,,0,0,0,0,0,0,0,0,0,,500,370,,0,0,0,0
1604118346421,7,1010123456014,104,,1,0,4,1,2,,18.0459,436,184215,0.506176,178,0,10,,0,0,0,0,0,0,0,0,0,,498,342,,0,0,0,0
1604118346671,7,1010123456014,104,,1,0,4,1,2,,13.9014,416,183451,0.323616,166,0,9.5,,0,0,0,0,0,0,0,0,0,,500,330,,0,0,0,0
1604118346921,7,1010123456014,104,,1,0,4,1,2,,20.3465,254,183824,0.313984,98,0,10.8,,12,12,0,0,4,100,0,4.84114,0,,502,204,,0,0,0,10
1604118347171,7,1010123456014,104,,1,0,4,1,2,,17.9853,475,183798,0.513344,187,0,9.8,,7.23077,39,0,0.1,15,20,0,10.5922,31,,498,380,,0,0,0,3.23077
1604118347421,7,1010123456014,104,,1,0,4,1,2,,20.8316,475,183875,0.620384,187,0,11,,0,0,0,0,0,0,0,0,0,,500,372,,0,0,0,0
1604118347671,7,1010123456014,104,,1,0,4,1,2,,18.9095,431,184457,0.521664,176,0,10.1667,,0,0,0,0,0,0,0,0,0,,500,344,,0,0,0,0
1604118347921,7,1010123456014,104,,1,0,4,1,2,,13.3573,417,183817,0.324576,167,0,8.8,,3.76471,34,0,0.1,13,7.69231,0,6.52858,31,,500,332,,0,0,0,2.41176
1604118348171,7,1010123456014,104,,1,0,4,1,2,,20.5523,411,183183,0.520288,161,0,10.5,,0,0,0,0,0,0,0,0,0,,500,334,,0,0,0,0
1604118348421,7,1010123456014,104,,1,0,4,1,2,,20.8891,505,182819,0.682656,205,0,11,,0,0,0,0,0,0,0,0,0,,500,408,,0,0,0,0
1604118348671,7,1010123456014,104,,1,0,4,1,2,,20.8769,455,183027,0.609248,183,0,11,,0,0,0,0,0,0,0,0,0,,500,368,,0,0,0,0
1604118348921,7,1010123456014,104,,1,0,4,1,2,,20.8189,497,183259,0.662784,200,0,11,,2.03571,28,0,0.1,11,0,0,10.9429,31,,498,396,,0,0,0,1.21429
1604118349171,7,1010123456014,104,,1,0,4,1,2,,20.8813,438,184368,0.599936,180,0,11,,0,0,0,0,0,0,0,0,0,,500,350,,0,0,0,0
1604118349421,7,1010123456014,104,,1,0,4,1,2,,20.3887,265,184231,0.337312,105,0,8.6,,0,0,0,0,0,0,0,0,0,,500,240,,0,0,0,0
1604118349671,7,1010123456014,104,,1,0,4,1,2,,20.7146,445,183465,0.5784,177,0,11,,0,0,0,0,0,0,0,0,0,,500,364,,0,0,0,0
1604118349921,7,1010123456014,104,,1,0,4,1,2,,20.6738,469,183798,0.621216,189,0,10.8571,,3.09091,33,0,0.1,13,7.69231,0,6.05248,31,,500,372,,0,0,0,2.69697
1604118350171,7,1010123456014,104,,1,0,4,1,2,,19.5051,390,183790,0.492256,161,0,9.6,,0,0,0,0,0,0,0,0,0,,502,316,,0,0,0,0
1604118350421,7,1010123456014,104,,1,0,4,1,2,,15.5593,413,183668,0.368928,159,0,8.83333,,0,0,0,0,0,0,0,0,0,,500,328,,0,0,0,0
1604118350671,7,1010123456014,104,,1,0,4,1,2,,20.7728,427,184188,0.561472,170,0,11,,0,0,0,0,0,0,0,0,0,,500,336,,0,0,0,0
1604118350921,7,1010123456014,104,,1,0,4,1,2,,20.7983,362,183806,0.499936,151,0,11,,5.55556,54,0,0.1,23,34.7826,0,7.19791,31,,500,296,,0,0,0,3.77778
1604118351171,7,1010123456014,104,,1,0,4,1,2,,20.7232,383,182901,0.491598,149,0,11,,0,0,0,0,0,0,0,0,0,,500,308,,0,0,0,0
1604118351421,7,1010123456014,104,,1,0,4,1,2,,20.9124,514,183312,0.700992,210,0,11,,0,0,0,0,0,0,0,0,0,,500,420,,0,0,0,0
1604118351671,7,1010123456014,104,,1,0,4,1,2,,20.9178,523,183634,0.712096,213,0,11,,0,0,0,0,0,0,0,0,0,,500,422,,0,0,0,0
1604118351921,7,1010123456014,104,,1,0,4,1,2,,20.8387,465,183401,0.621847,187,0,11,,1.88889,36,0,0.1,15,0,0,7.00245,31,,498,378,,0,0,0,1
1604118352171,7,1010123456014,104,,1,0,4,1,2,,18.2889,405,183646,0.475008,165,0,10,,0,0,0,0,0,0,0,0,0,,500,328,,0,0,0,0
1604118352421,7,1010123456014,104,,1,0,4,1,2,,21,571,183026,0.779264,232,0,11,,0,0,0,0,0,0,0,0,0,,500,466,,0,0,0,0
1604118352671,7,1010123456014,104,,1,0,4,1,2,,20.63,300,184052,0.3984,122,0,11,,0,0,0,0,0,0,0,0,0,,500,240,,0,0,0,0
1604118352921,7,1010123456014,104,,1,0,4,1,2,,19.9333,360,183398,0.468832,149,0,10.7143,,1,38,0,0.1,16,0,0,5.94307,31,,500,288,,0,0,0,1
1604118353171,7,1010123456014,104,,1,0,4,1,2,,19.7281,320,183379,0.359936,120,0,10.75,,0,0,0,0,0,0,0,0,0,,500,256,,0,0,0,0
1604118353421,7,1010123456014,104,,1,0,4,1,2,,18.3149,397,183730,0.477568,165,0,9.8,,0,0,0,0,0,0,0,0,0,,500,324,,0,0,0,0
1604118353671,7,1010123456014,104,,1,0,4,1,2,,20.9457,534,183295,0.719072,215,0,11,,0,0,0,0,0,0,0,0,0,,500,436,,0,0,0,0
1604118353921,7,1010123456014,104,,1,0,4,1,2,,20.474,346,184067,0.469024,145,0,11,,4.93548,31,0,0.1,13,30.7692,0,7.37924,31,,498,278,,0,0,0,3.03226
1604118354171,7,1010123456014,104,,1,0,4,1,2,,22.5488,430,183318,0.62528,164,0,11.6,,0,0,0,0,0,0,0,0,0,,500,338,,0,0,0,0
1604118354421,7,1010123456014,104,,1,0,4,1,2,,19.5597,268,183390,0.349824,113,0,9.5,,0,0,0,0,0,0,0,0,0,,500,216,,0,0,0,0
1604118354671,7,1010123456014,104,,1,0,4,1,2,,20.6688,459,184103,0.595392,182,0,11,,0,0,0,0,0,0,0,0,0,,500,364,,0,0,0,0
1604118354921,7,1010123456014,104,,1,0,4,1,2,,14.9268,123,183585,0.114656,49,0,6.5,,4.07692,52,0,0.1,20,20,0,6.75913,31,,500,350,,0,0,0,3.30769
1604118355171,7,1010123456014,104,,1,0,4,1,2,,19.0766,418,183312,0.47152,163,0,10.2,,0,0,0,0,0,0,0,0,0,,502,334,,0,0,0,0
1604118355421,7,1010123456014,104,,1,0,4,1,2,,20.9422,519,183484,0.71984,215,0,11,,0,0,0,0,0,0,0,0,0,,498,424,,0,0,0,0
1604118355671,7,1010123456014,104,,1,0,4,1,2,,19.7517,435,183229,0.528544,173,0,10.5,,0,0,0,0,0,0,0,0,0,,500,352,,0,0,0,0
1604118355921,7,1010123456014,104,,1,0,4,1,2,,19.9222,424,183317,0.536384,176,0,10.6,,2.43333,30,0,0.1,12,0,0,9.16161,31,,500,342,,0,0,0,1.3
1604118356171,7,1010123456014,104,,1,0,4,1,2,,20.424,434,183658,0.551744,172,0,11,,0,0,0,0,0,0,0,0,0,,500,350,,0,0,0,0
1604118356421,7,1010123456014,104,,1,0,4,1,2,,20.7056,411,184274,0.546784,167,0,11,,0,0,0,0,0,0,0,0,0,,500,336,,0,0,0,0
1604118356671,7,1010123456014,104,,1,0,4,1,2,,18.6546,249,183198,0.27776,100,0,9.83333,,0,0,0,0,0,0,0,0,0,,502,202,,0,0,0,0
1604118356921,7,1010123456014,104,,1,0,4,1,2,,20.2405,524,183261,0.679328,217,0,10.5,,10.875,8,0,0.1,3,0,0,11.0813,31,,500,424,,0,0,0,1.75
1604118357171,7,1010123456014,104,,1,0,4,1,2,,20.4826,460,182674,0.57488,179,0,11,,0,0,0,0,0,0,0,0,0,,500,368,,0,0,0,0
1604118357421,7,1010123456014,104,,1,0,4,1,2,,20.4181,397,182860,0.522208,163,0,10.75,,0,0,0,0,0,0,0,0,0,,500,324,,0,0,0,0
1604118357671,7,1010123456014,104,,1,0,4,1,2,,20.0504,496,182879,0.622016,200,0,10.5,,0,0,0,0,0,0,0,0,0,,500,402,,0,0,0,0
1604118357921,7,1010123456014,104,,1,0,4,1,2,,18.5288,399,184306,0.448576,166,0,9.16667,,4.08571,35,0,0.1,14,14.2857,0,7.05933,31,,500,326,,0,0,0,2.88571
1604118358171,7,1010123456014,104,,1,0,4,1,2,,17.3519,395,183614,0.41152,164,0,10.8,,0,0,0,0,0,0,0,0,0,,500,320,,0,0,0,0
1604118358421,7,1010123456014,104,,1,0,4,1,2,,16.2442,344,183630,0.343264,140,0,8.5,,0,0,0,0,0,0,0,0,0,,500,278,,0,0,0,0
1604118358671,7,1010123456014,104,,1,0,4,1,2,,20.4037,379,184511,0.492608,154,0,10.8,,0,0,0,0,0,0,0,0,0,,500,310,,0,0,0,0
1604118358921,7,1010123456014,104,,1,0,4,1,2,,20.6071,392,183296,0.497056,153,0,10.8571,,1.2381,42,0,0.1,18,0,0,6.49298,31,,498,318,,0,0,0,1
1604118359171,7,1010123456014,104,,1,0,4,1,2,,17.9975,407,183836,0.481632,163,0,9.6,,0,0,0,0,0,0,0,0,0,,502,328,,0,0,0,0
1604118359421,7,1010123456014,104,,1,0,4,1,2,,19.002,505,183852,0.6192,212,0,11,,0,0,0,0,0,0,0,0,0,,498,412,,0,0,0,0
1604118359671,7,1010123456014,104,,1,0,4,1,2,,16.4724,362,184016,0.376416,147,0,8.66667,,0,0,0,0,0,0,0,0,0,,502,298,,0,0,0,0
1604118359921,7,1010123456014,104,,1,0,4,1,2,,20.087,414,182913,0.501376,162,0,10.8,,1.32432,37,0,0.1,14,0,0,5.96103,31,,500,332,,0,0,0,1.08108
1604118360171,7,1010123456014,104,,1,0,4,1,2,,19.499,493,182905,0.592544,201,0,10.3333,,0,0,0,0,0,0,0,0,0,,498,390,,0,0,0,0
1604118360421,7,1010123456014,104,,1,0,4,1,2,,20.0705,312,184119,0.38816,124,0,10.75,,0,0,0,0,0,0,0,0,0,,502,252,,0,0,0,0
1604118360671,7,1010123456014,104,,1,0,4,1,2,,17.106,283,184055,0.296768,117,0,9.25,,0,0,0,0,0,0,0,0,0,,498,228,,0,0,0,0
1604118360921,7,1010123456014,104,,1,0,4,1,2,,20.139,403,183437,0.491712,158,0,10.75,,4.34,50,0,0.1,19,31.5789,0,5.66587,31,,500,320,,0,0,0,4.6
1604118361171,7,1010123456014,104,,1,0,4,1,2,,20.2541,366,184006,0.441024,140,0,10.8,,0,0,0,0,0,0,0,0,0,,500,290,,0,0,0,0
1604118361421,7,1010123456014,104,,1,0,4,1,2,,19.3253,372,183861,0.439744,152,0,10.25,,0,0,0,0,0,0,0,0,0,,500,302,,0,0,0,0
1604118361671,7,1010123456014,104,,1,0,4,1,2,,19.7642,547,183959,0.668064,221,0,10.3333,,0,0,0,0,0,0,0,0,0,,500,444,,0,0,0,0
1604118361921,7,1010123456014,104,,1,0,4,1,2,,11.98,501,184316,0.345888,205,0,9,,4.5,28,0,0.1,11,18.1818,0,6.01621,31,,500,406,,0,0,0,3.60714
1604118362171,7,1010123456014,104,,1,0,4,1,2,,18.0792,303,183180,0.319872,121,0,10,,0,0,0,0,0,0,0,0,0,,500,242,,0,0,0,0
1604118362421,7,1010123456014,104,,1,0,4,1,2,,19.3706,340,184453,0.387936,133,0,10.2,,0,0,0,0,0,0,0,0,0,,500,268,,0,0,0,0
1604118362671,7,1010123456014,104,,1,0,4,1,2,,20.177,548,182854,0.667168,215,0,10.6667,,0,0,0,0,0,0,0,0,0,,500,432,,0,0,0,0
1604118362921,7,1010123456014,104,,1,0,4,1,2,,20.7945,73,184268,0.122784,37,0,3.66667,,7.04762,42,0,0.1,17,35.2941,0,6.26431,31,,500,280,,0,0,0,4.78571
1604118363171,7,1010123456014,104,,1,0,4,1,2,,4,31,184136,0.0024,5,0,2,,0,0,0,0,0,0,0,0,0,,502,440,,0,0,0,0
1604118363421,7,1010123456014,104,,1,0,4,1,2,,18.7939,490,183717,0.580128,201,0,10.6,,0,0,0,0,0,0,0,0,0,,500,398,,0,0,0,0
1604118363671,7,1010123456014,104,,1,0,4,1,2,,20.482,388,183152,0.50496,158,0,11,,0,0,0,0,0,0,0,0,0,,500,308,,0,0,0,0
1604118363921,7,1010123456014,104,,1,0,4,1,2,,18.8059,438,183378,0.498784,169,0,9.6,,5.8,35,0,0.1,12,0,0,11.1602,31,,500,350,,0,0,0,1.91429
1604118364171,7,1010123456014,104,,1,0,4,1,2,,20.6855,337,182982,0.442336,135,0,11,,0,0,0,0,0,0,0,0,0,,500,270,,0,0,0,0
1604118364421,7,1010123456014,104,,1,0,4,1,2,,21.4355,519,184225,0.740224,212,0,11.25,,0,0,0,0,0,0,0,0,0,,500,412,,0,0,0,0
1604118364671,7,1010123456014,104,,1,0,4,1,2,,20.502,247,183404,0.318008,98,0,6,,0,0,0,0,0,0,0,0,0,,500,404,,0,0,0,0
1604118364921,7,1010123456014,104,,1,0,4,1,2,,17.2341,504,183267,0.511744,196,0,9.8,,5.73684,19,0,0.1,8,50,0,5.79991,31,,498,412,,0,0,0,6.21053
1604118365171,7,1010123456014,104,,1,0,4,1,2,,21.5958,527,183689,0.746784,211,0,11,,0,0,0,0,0,0,0,0,0,,502,424,,0,0,0,0
1604118365421,7,1010123456014,104,,1,0,4,1,2,,18.938,387,183457,0.443936,157,0,10,,0,0,0,0,0,0,0,0,0,,498,314,,0,0,0,0
1604118365671,7,1010123456014,104,,1,0,4,1,2,,19.7652,528,184336,0.657056,219,0,10.6,,0,0,0,0,0,0,0,0,0,,502,426,,0,0,0,0
1604118365921,7,1010123456014,104,,1,0,4,1,2,,17.3376,391,184355,0.383872,154,0,9.33333,,3.58824,51,0,0.1,21,19.0476,0,8.16972,31,,498,310,,0,0,0,2.5098
1604118366171,7,1010123456014,104,,1,0,4,1,2,,18.2878,337,184025,0.340128,131,0,10,,0,0,0,0,0,0,0,0,0,,502,270,,0,0,0,0
1604118366421,7,1010123456014,104,,1,0,4,1,2,,19.5478,513,183327,0.606528,206,0,10.4,,0,0,0,0,0,0,0,0,0,,500,406,,0,0,0,0
1604118366671,7,1010123456014,104,,1,0,4,1,2,,18.7527,457,184092,0.498208,183,0,10,,0,0,0,0,0,0,0,0,0,,498,368,,0,0,0,0
1604118366921,7,1010123456014,104,,1,0,4,1,2,,20.3619,420,183994,0.532352,168,0,10.8,,0.1,49,0,0.1,19,0,0,4.03138,31,,500,332,,0,0,0,1.18367
1604118367171,7,1010123456014,104,,1,0,4,1,2,,20.654,315,183162,0.388576,119,0,11,,0,0,0,0,0,0,0,0,0,,500,250,,0,0,0,0
1604118367421,7,1010123456014,104,,1,0,4,1,2,,19.8784,444,183795,0.556,181,0,10.4,,0,0,0,0,0,0,0,0,0,,502,362,,0,0,0,0
1604118367671,7,1010123456014,104,,1,0,4,1,2,,20.5116,473,183712,0.630304,195,0,10.8,,0,0,0,0,0,0,0,0,0,,498,384,,0,0,0,0
1604118367921,7,1010123456014,104,,1,0,4,1,2,,20.9004,472,183391,0.623456,187,0,11,,1.33333,39,0,0.1,16,12.5,0,3.7925,31,,500,378,,0,0,0,2.4359
1604118368171,7,1010123456014,104,,1,0,4,1,2,,18.4488,537,183419,0.623072,214,0,9.83333,,0,0,0,0,0,0,0,0,0,,502,432,,0,0,0,0
1604118368421,7,1010123456014,104,,1,0,4,1,2,,16.3582,455,183502,0.436096,185,0,9,,0,0,0,0,0,0,0,0,0,,498,366,,0,0,0,0
1604118368671,7,1010123456014,104,,1,0,4,1,2,,19.1861,532,183719,0.61376,216,0,10.1667,,0,0,0,0,0,0,0,0,0,,500,434,,0,0,0,0
1604118368921,7,1010123456014,104,,1,0,4,1,2,,17.7269,542,182919,0.560512,220,0,9.4,,2.375,32,0,0.1,13,7.69231,0,5.57503,31,,500,438,,0,0,0,2.6875
1604118369171,7,1010123456014,104,,1,0,4,1,2,,20.0237,507,182743,0.625696,203,0,10.75,,0,0,0,0,0,0,0,0,0,,500,408,,0,0,0,0
1604118369421,7,1010123456014,104,,1,0,4,1,2,,18.7734,384,184327,0.44736,164,0,10,,0,0,0,0,0,0,0,0,0,,500,314,,0,0,0,0
1604118369671,7,1010123456014,104,,1,0,4,1,2,,16.3636,418,183999,0.378848,161,0,8.8,,0,0,0,0,0,0,0,0,0,,500,336,,0,0,0,0
1604118369921,7,1010123456014,104,,1,0,4,1,2,,10.5638,337,183685,0.2224,138,0,7.66667,,5.94737,19,0,0.1,8,50,0,5.07227,31,,502,268,,0,0,0,4.94737
1604118370171,7,1010123456014,104,,1,0,4,1,2,,19.4751,442,184223,0.51696,177,0,10.5,,0,0,0,0,0,0,0,0,0,,500,348,,0,0,0,0
1604118370421,7,1010123456014,104,,1,0,4,1,2,,18.7625,299,184473,0.330656,121,0,7.75,,0,0,0,0,0,0,0,0,0,,500,280,,0,0,0,0
1604118370671,7,1010123456014,104,,1,0,4,1,2,,0,0,184473,0,0,0,0.1,,0,0,0,0,0,0,0,0,0,,500,282,,0,0,0,0
1604118370921,7,1010123456014,104,,1,0,4,1,2,,0,0,184473,0,0,0,0.1,,0,0,0,0,0,0,0,0,0,,498,244,,0,0,0,0
1604118371171,7,1010123456014,104,,1,0,4,1,2,,9.66376,229,183710,0.108064,87,0,8.33333,,0,24,0,0.1,12,0,0,0,31,,500,294,,0,0,0,0
1604118371421,7,1010123456014,104,,1,0,4,1,2,,18.9518,436,183947,0.536608,175,0,4,,0,0,0,0,0,0,0,0,0,,500,346,,0,0,0,0
1604118371671,7,1010123456014,104,,1,0,4,1,2,,16.8549,455,182524,0.45632,178,0,11,,0,0,0,0,0,0,0,0,0,,500,366,,0,0,0,0
1604118371921,7,1010123456014,104,,1,0,4,1,2,,18.6325,381,183559,0.44816,155,0,10,,3.83333,36,0,0.1,15,20,0,5.5013,31,,498,306,,0,0,0,3.44444
1604118372171,7,1010123456014,104,,1,0,4,1,2,,20.8477,440,183276,0.584704,176,0,11,,0,0,0,0,0,0,0,0,0,,500,348,,0,0,0,0
1604118372421,7,1010123456014,104,,1,0,4,1,2,,20.0916,393,182732,0.492672,158,0,10.3333,,0,0,0,0,0,0,0,0,0,,498,318,,0,0,0,0
1604118372671,7,1010123456014,104,,1,0,4,1,2,,20.9138,499,183961,0.691168,207,0,11,,0,0,0,0,0,0,0,0,0,,500,404,,0,0,0,0
1604118372921,7,1010123456014,104,,1,0,4,1,2,,20.6223,368,183772,0.486304,149,0,11,,0.666667,48,0,0.1,19,0,0,5.27654,31,,502,296,,0,0,0,1.04167
1604118373171,7,1010123456014,104,,1,0,4,1,2,,17.4754,305,183857,0.323904,120,0,9.8,,0,0,0,0,0,0,0,0,0,,500,246,,0,0,0,0
1604118373421,7,1010123456014,104,,1,0,4,1,2,,17.4,365,183350,0.402272,148,0,6.75,,0,0,0,0,0,0,0,0,0,,498,366,,0,0,0,0
1604118373671,7,1010123456014,104,,1,0,4,1,2,,16.7791,421,183431,0.441056,172,0,8.5,,0,0,0,0,0,0,0,0,0,,500,342,,0,0,0,0
1604118373921,7,1010123456014,104,,1,0,4,1,2,,13.9366,489,184454,0.391968,194,0,8.6,,6.16667,18,0,0.1,8,0,0,10.5005,31,,500,396,,0,0,0,1.11111
1604118374171,7,1010123456014,104,,1,0,4,1,2,,17.5978,450,183951,0.445248,178,0,10,,0,0,0,0,0,0,0,0,0,,500,358,,0,0,0,0
1604118374421,7,1010123456014,104,,1,0,4,1,2,,21.6839,193,184369,0.294624,85,0,8,,0,0,0,0,0,0,0,0,0,,500,410,,0,0,0,0
1604118374671,7,1010123456014,104,,1,0,4,1,2,,0,0,184369,0,0,0,0.1,,0,0,0,0,0,0,0,0,0,,500,418,,0,0,0,0
1604118374921,7,1010123456014,104,,1,0,4,1,2,,6,9,184297,0,0,0,5,,0,0,0,0,0,0,0,0,0,,500,438,,0,0,0,0
1604118375171,7,1010123456014,104,,1,0,4,1,2,,16.5399,476,182694,0.464,186,0,11,,2.4,30,0,0.1,12,0,0,4.27421,31,,500,380,,0,0,0,1.73333
1604118375421,7,1010123456014,104,,1,0,4,1,2,,20.8742,469,183734,0.635872,191,0,11,,0,0,0,0,0,0,0,0,0,,500,380,,0,0,0,0
1604118375671,7,1010123456014,104,,1,0,4,1,2,,20.9751,481,182797,0.65056,194,0,11,,0,0,0,0,0,0,0,0,0,,500,388,,0,0,0,0
1604118375921,7,1010123456014,104,,1,0,4,1,2,,20.9451,546,183786,0.729408,218,0,11,,4.48649,37,0,0.1,15,53.3333,0,5.6268,31,,500,436,,0,0,0,5.67568
1604118376171,7,1010123456014,104,,1,0,4,1,2,,20.8398,493,183922,0.664544,199,0,10.5,,0,0,0,0,0,0,0,0,0,,500,400,,0,0,0,0
1604118376421,7,1010123456014,104,,1,0,4,1,2,,19.1744,407,183410,0.5096,169,0,8.5,,0,0,0,0,0,0,0,0,0,,502,336,,0,0,0,0
1604118376671,7,1010123456014,104,,1,0,4,1,2,,19.9657,525,183464,0.6584,212,0,11,,0,0,0,0,0,0,0,0,0,,500,422,,0,0,0,0
1604118376921,7,1010123456014,104,,1,0,6,1,2,,18.4928,487,183141,0.585189,198,0,10,,3.88462,52,0,0.1,22,63.6364,0,2.07674,31,,523,414,,0,0,0,7.23077
1604118377171,7,1010123456014,104,,1,0,6,1,2,,20.3443,456,183579,0.857632,181,0,11,,0,0,0,0,0,0,0,0,0,,750,534,,0,0,0,0
1604118377421,7,1010123456014,104,,1,0,6,1,2,,18.0615,602,182339,0.962088,241,0,9.25,,0,0,0,0,0,0,0,0,0,,750,694,,0,0,0,0
1604118377671,7,1010123456014,104,,1,0,6,1,2,,14.5529,463,183492,0.6104,189,0,7.16667,,0,0,0,0,0,0,0,0,0,,750,596,,0,0,0,0
1604118377921,7,1010123456014,104,,1,0,6,1,2,,15.5495,515,183157,0.6632,204,0,7.83333,,0.984615,65,0,0.1,27,22.2222,0,2.00585,31,,750,666,,0,0,0,4.10769
1604118378171,7,1010123456014,104,,1,0,6,1,2,,15.6901,526,183088,0.6896,211,0,7,,0,0,0,0,0,0,0,0,0,,750,598,,0,0,0,0
1604118378421,7,1010123456014,104,,1,0,6,1,2,,16.9278,540,182702,0.764128,223,0,10,,0,0,0,0,0,0,0,0,0,,747,620,,0,0,0,0
1604118378671,7,1010123456014,104,,1,0,6,1,2,,14.1534,489,183565,0.555008,193,0,7.8,,0,0,0,0,0,0,0,0,0,,747,562,,0,0,0,0
1604118378921,7,1010123456014,104,,1,0,6,1,2,,10.2235,340,182933,0.305088,138,0,5.33333,,3.21951,41,0,0.1,17,5.88235,0,7.32642,31,,750,608,,0,0,0,2.34146
1604118379171,7,1010123456014,104,,1,0,6,1,2,,8.28493,365,184294,0.262688,147,0,4.5,,0,0,0,0,0,0,0,0,0,,750,498,,0,0,0,0
1604118379421,7,1010123456014,104,,1,0,6,1,2,,19.56,450,172507,0.926816,185,0,8.5,,0,0,0,0,0,0,0,0,0,,750,580,,0,0,0,0
1604118379671,7,1010123456014,104,,1,0,6,1,2,,13.3511,507,183135,0.577344,201,0,7.33333,,0,0,0,0,0,0,0,0,0,,750,574,,0,0,0,0
1604118379921,7,1010123456014,104,,1,0,6,1,2,,6.37751,249,184376,0.160992,103,0,5.25,,4.10127,79,0,0.1,32,50,0,2.8055,31,,750,526,,0,0,0,5.96203
1604118380171,7,1010123456014,104,,1,0,6,1,2,,14.9238,420,183701,0.513792,172,0,4.5,,0,0,0,0,0,0,0,0,0,,750,556,,0,0,0,0
1604118380421,7,1010123456014,104,,1,0,6,1,2,,9.67593,324,183078,0.280448,128,0,10,,0,0,0,0,0,0,0,0,0,,750,536,,0,0,0,0
1604118380671,7,1010123456014,104,,1,0,6,1,2,,14.0956,293,183223,0.457344,120,0,7,,0,0,0,0,0,0,0,0,0,,750,512,,0,0,0,0
1604118380921,7,1010123456014,104,,1,0,6,1,2,,10.4416,351,183312,0.336544,141,0,5,,0,0,0,0,0,0,0,0,0,,750,604,,0,0,0,0
1604118381171,7,1010123456014,104,,1,0,6,1,2,,8.55838,197,183492,0.135648,80,0,6,,4.21212,33,0,0.1,14,28.5714,0,6.88464,31,,750,288,,0,0,0,3.81818
1604118381421,7,1010123456014,104,,1,0,6,1,2,,11.683,511,182580,0.488768,201,0,8.6,,0,0,0,0,0,0,0,0,0,,750,610,,0,0,0,0
1604118381671,7,1010123456014,104,,1,0,6,1,2,,13.7329,453,183185,0.548416,182,0,7.2,,0,0,0,0,0,0,0,0,0,,747,602,,0,0,0,0
1604118381921,7,1010123456014,104,,1,0,6,1,2,,15.2716,335,183992,0.459808,135,0,5.5,,3.32353,34,0,0.1,14,14.2857,0,7.29162,31,,750,504,,0,0,0,3.08824
1604118382171,7,1010123456014,104,,1,0,6,1,2,,21.2022,455,180339,0.987648,184,0,12,,0,0,0,0,0,0,0,0,0,,750,528,,0,0,0,0
1604118382421,7,1010123456014,104,,1,0,6,1,2,,17.661,531,183234,0.895744,213,0,8.25,,0,0,0,0,0,0,0,0,0,,750,624,,0,0,0,0
1604118382671,7,1010123456014,104,,1,0,6,1,2,,11.6438,466,183421,0.54,190,0,7,,0,0,0,0,0,0,0,0,0,,750,648,,0,0,0,0
1604118382921,7,1010123456014,104,,1,0,6,1,2,,15.0316,380,183777,0.513216,150,0,7,,0,7,0,0,4,100,0,0,0,,753,540,,0,0,0,0
1604118383171,7,1010123456014,104,,1,0,6,1,2,,0.1,188,183245,0.027456,78,0,0.1,,4.25,48,0,0.1,18,50,0,4.64174,31,,750,550,,0,0,0,5.45833
1604118383421,7,1010123456014,104,,1,0,6,1,2,,9.00314,319,182893,0.233024,124,0,7,,2,6,0,0,2,100,0,1.0082,0,,750,658,,0,0,0,10
1604118383671,7,1010123456014,104,,1,0,6,1,2,,14.302,404,183943,0.470432,163,0,5.5,,0,0,0,0,0,0,0,0,0,,750,552,,0,0,0,0
1604118383921,7,1010123456014,104,,1,0,6,1,2,,9.01685,356,183874,0.251296,145,0,5.5,,1.98361,61,0,0.1,23,39.1304,0,5.15464,31,,750,602,,0,0,0,4.34426
1604118384171,7,1010123456014,104,,1,0,6,1,2,,7.54569,394,183658,0.255392,154,0,5.5,,0,0,0,0,0,0,0,0,0,,750,634,,0,0,0,0
1604118384421,7,1010123456014,104,,1,0,6,1,2,,10.0219,320,184310,0.272896,132,0,5.25,,0,0,0,0,0,0,0,0,0,,750,562,,0,0,0,0
1604118384671,7,1010123456014,104,,1,0,6,1,2,,11.7228,368,183756,0.33088,140,0,9,,0,0,0,0,0,0,0,0,0,,750,616,,0,0,0,0
1604118384921,7,1010123456014,104,,1,0,6,1,2,,13.7792,462,183534,0.53888,184,0,5.5,,0,8,0,0,4,100,0,0,0,,750,650,,0,0,0,0
1604118385171,7,1010123456014,104,,1,0,6,1,2,,17.1726,475,184317,0.7016,195,0,0.1,,0,8,0,0,4,100,0,0,0,,747,560,,0,0,0,0
1604118385421,7,1010123456014,104,,1,0,6,1,2,,20.2341,393,184317,0.76336,161,0,11,,1.57143,21,540,0.1,8,62.5,0,2.72898,31,,750,472,,0,0,0,6.71429
1604118385671,7,1010123456014,104,,1,0,6,1,2,,17.5917,458,183787,0.71568,183,0,8,,1.15,60,0,0.1,24,91.6667,0,1.13849,0,,750,598,,0,0,0,9.48333
1604118385921,7,1010123456014,104,,1,0,6,1,2,,17.0692,491,184405,0.706976,197,0,7.25,,0.584615,130,0,0.1,51,88.2353,0,1.46914,31,,750,562,,0,0,0,9.04616
1604118386171,7,1010123456014,104,,1,0,6,1,2,,6.48649,259,183458,0.175456,109,0,7.33333,,0,0,0,0,0,0,0,0,0,,750,578,,0,0,0,0
1604118386421,7,1010123456014,104,,1,0,6,1,2,,13.1645,468,183121,0.551392,185,0,5.66667,,0,0,0,0,0,0,0,0,0,,750,556,,0,0,0,0
1604118386671,7,1010123456014,104,,1,0,6,1,2,,17.762,521,179766,0.834848,209,0,11,,0,0,0,0,0,0,0,0,0,,750,620,,0,0,0,0
1604118386921,7,1010123456014,104,,1,0,6,1,2,,18.8514,471,183351,0.869088,197,0,7.66667,,1.08824,136,0,0.1,52,92.3077,0,0.989802,31,,753,616,,0,0,0,9.61765
1604118387171,7,1010123456014,104,,1,0,6,1,2,,9.23009,339,183411,0.260864,128,0,10,,0,0,0,0,0,0,0,0,0,,747,614,,0,0,0,0
1604118387421,7,1010123456014,104,,1,0,6,1,2,,11.2771,397,183195,0.38528,161,0,5.75,,0,0,0,0,0,0,0,0,0,,750,554,,0,0,0,0
1604118387671,7,1010123456014,104,,1,0,6,1,2,,17.6213,507,183476,0.970208,206,0,7.2,,0,0,0,0,0,0,0,0,0,,750,662,,0,0,0,0
1604118387921,7,1010123456014,104,,1,0,6,1,2,,24.1275,447,173529,1.192,183,0,12.5,,0.410256,78,0,0.1,32,37.5,0,1.34523,31,,750,530,,0,0,0,5.51282
1604118388171,7,1010123456014,104,,1,0,6,1,2,,27.2205,449,159009,1.416,174,0,0.1,,0,0,0,0,0,0,0,0,0,,750,530,,0,0,0,0
1604118388421,7,1010123456014,104,,1,0,6,1,2,,21.9029,556,152552,1.2384,222,0,10.8,,0,0,0,0,0,0,0,0,0,,750,638,,0,0,0,0
1604118388671,7,1010123456014,104,,1,0,6,1,2,,12.9677,310,170830,0.395584,125,0,7.6,,0,0,0,0,0,0,0,0,0,,750,444,,0,0,0,0
1604118388921,7,1010123456014,104,,1,0,6,1,2,,13.842,481,181962,0.657696,196,0,8.33333,,2.86842,38,0,0.1,15,20,0,3.87299,31,,753,570,,0,0,0,4.1579
1604118389171,7,1010123456014,104,,1,0,6,1,2,,15.2439,496,183830,0.634217,196,0,9.5,,0,0,0,0,0,0,0,0,0,,747,574,,0,0,0,0
1604118389421,7,1010123456014,104,,1,0,6,1,2,,9.14,300,183986,0.316256,128,0,4.25,,0,0,0,0,0,0,0,0,0,,753,546,,0,0,0,0
1604118389671,7,1010123456014,104,,1,0,6,1,2,,12.7476,309,182550,0.359008,118,0,7.66667,,0,0,0,0,0,0,0,0,0,,750,490,,0,0,0,0
1604118389921,7,1010123456014,104,,1,0,6,1,2,,16.1014,434,183134,0.715328,180,0,6.4,,0.626866,134,0,0.1,54,70.3704,0,1.42827,31,,750,578,,0,0,0,7.77612
1604118390171,7,1010123456014,104,,1,0,6,1,2,,14.5212,401,180913,0.555952,158,0,11,,0,0,0,0,0,0,0,0,0,,750,664,,0,0,0,0
1604118390421,7,1010123456014,104,,1,0,6,1,2,,20.2125,494,183300,0.957568,206,0,10,,0,0,0,0,0,0,0,0,0,,750,564,,0,0,0,0
1604118390671,7,1010123456014,104,,1,0,6,1,2,,18.3542,559,183562,0.83408,223,0,0.1,,0,0,0,0,0,0,0,0,0,,750,628,,0,0,0,0
1604118390921,7,1010123456014,104,,1,0,6,1,2,,16.6298,570,182008,0.814426,224,0,7,,1.25301,166,0,0.1,64,92.1875,0,0.928693,31,,750,642,,0,0,0,9.30723
1604118391171,7,1010123456014,104,,1,0,6,1,2,,17.0658,441,182924,0.678272,176,0,11,,0,0,0,0,0,0,0,0,0,,750,522,,0,0,0,0
1604118391421,7,1010123456014,104,,1,0,6,1,2,,20.0921,380,183379,0.794656,155,0,0.1,,0,0,0,0,0,0,0,0,0,,747,496,,0,0,0,0
1604118391671,7,1010123456014,104,,1,0,6,1,2,,20.3113,485,182101,0.874432,192,0,0.1,,0,0,0,0,0,0,0,0,0,,750,548,,0,0,0,0
1604118391921,7,1010123456014,104,,1,0,6,1,2,,20.4495,565,178923,1.09453,230,0,0.1,,4,12,0,0,4,100,0,0.1,0,,747,660,,0,0,0,10
1604118392171,7,1010123456014,104,,1,0,6,1,2,,20.4488,566,174184,1.09869,228,0,0.1,,0,8,0,0,4,100,0,0,0,,750,662,,0,0,0,0
1604118392421,7,1010123456014,104,,1,0,6,1,2,,20.3174,523,173970,1.00928,210,0,0.1,,4,6,0,0,2,100,0,0.610745,0,,750,604,,0,0,0,10
1604118392671,7,1010123456014,104,,1,0,6,1,2,,20.1673,562,172479,1.03898,224,0,0.1,,4,6,0,0,2,100,0,0.906869,0,,750,636,,0,0,0,10
1604118392921,7,1010123456014,104,,1,0,6,1,2,,18.8017,464,178351,0.811584,186,0,5.5,,1.47761,134,0,0.1,55,83.6364,0,1.80119,31,,750,582,,0,0,0,8.3209
1604118393171,7,1010123456014,104,,1,0,6,1,2,,18.4801,452,182436,0.714336,181,0,0.1,,0,0,0,0,0,0,0,0,0,,747,528,,0,0,0,0
1604118393421,7,1010123456014,104,,1,0,6,1,2,,18.138,442,183618,0.731328,184,0,10,,0,0,0,0,0,0,0,0,0,,750,542,,0,0,0,0
1604118393671,7,1010123456014,104,,1,0,6,1,2,,18.3131,479,182830,0.76656,189,0,0.1,,0,0,0,0,0,0,0,0,0,,750,586,,0,0,0,0
1604118393921,7,1010123456014,104,,1,0,6,1,2,,18.4134,433,183963,0.744608,179,0,0.1,,0,8,0,0,4,100,0,0,0,,750,532,,0,0,0,0
1604118394171,7,1010123456014,104,,1,0,6,1,2,,18.3561,570,184085,0.881376,227,0,0.1,,0,0,0,0,0,0,0,0,0,,750,660,,0,0,0,0
1604118394421,7,1010123456014,104,,1,0,6,1,2,,18.4014,563,183865,0.86896,227,0,0.1,,0,8,0,0,4,100,0,0,0,,750,632,,0,0,0,0
1604118394671,7,1010123456014,104,,1,0,6,1,2,,18.2626,495,183793,0.761504,201,0,0.1,,0.1,11,0,0,4,100,0,0.175071,0,,750,564,,0,0,0,10
1604118394921,7,1010123456014,104,,1,0,6,1,2,,18.3141,398,184138,0.661632,160,0,0.1,,0.1,12,0,0,4,100,0,0.200812,0,,750,486,,0,0,0,10
1604118395171,7,1010123456014,104,,1,0,6,1,2,,18.4847,456,183331,0.75152,189,0,0.1,,0.1,12,0,0,4,100,0,0.1,0,,750,542,,0,0,0,10
1604118395421,7,1010123456014,104,,1,0,6,1,2,,18.5683,498,183028,0.809344,200,0,0.1,,0,0,0,0,0,0,0,0,0,,750,596,,0,0,0,0
1604118395671,7,1010123456014,104,,1,0,6,1,2,,18.5502,598,182345,0.92032,238,0,0.1,,0.1,12,0,0,4,100,0,0.103213,0,,750,676,,0,0,0,10
1604118395921,7,1010123456014,104,,1,0,6,1,2,,21.3928,499,178413,1.00589,202,0,11.5,,0.776923,260,0,0.1,106,92.4528,0,0.908689,31,,750,574,,0,0,0,9.51923
1604118396171,7,1010123456014,104,,1,0,6,1,2,,22.4352,494,175912,1.07082,199,0,0.1,,0,0,0,0,0,0,0,0,0,,753,556,,0,0,0,0
1604118396421,7,1010123456014,104,,1,0,6,1,2,,22.5112,534,169513,1.20241,215,0,0.1,,0,0,0,0,0,0,0,0,0,,750,618,,0,0,0,0
1604118396671,7,1010123456014,104,,1,0,6,1,2,,22.5925,589,159220,1.33099,239,0,0.1,,0,0,0,0,0,0,0,0,0,,750,682,,0,0,0,0
1604118396921,7,1010123456014,104,,1,0,6,1,2,,22.1761,284,168406,0.713376,117,0,0.1,,0.1,10,0,0,4,100,0,0.542913,0,,750,362,,0,0,0,10
1604118397171,7,1010123456014,104,,1,0,6,1,2,,21.2011,378,174545,0.76512,144,0,11,,0.778626,131,0,0.1,51,88.2353,0,1.25603,31,,750,444,,0,0,0,9.25191
1604118397421,7,1010123456014,104,,1,0,6,1,2,,13.6645,310,183421,0.410304,130,0,4,,0,0,0,0,0,0,0,0,0,,750,386,,0,0,0,0
1604118397671,7,1010123456014,104,,1,0,6,1,2,,18.463,324,183220,0.5408,122,0,11,,0,0,0,0,0,0,0,0,0,,750,424,,0,0,0,0
1604118397921,7,1010123456014,104,,1,0,6,1,2,,10.595,358,183605,0.358304,145,0,2,,0,8,0,0,4,100,0,0,0,,750,452,,0,0,0,0
1604118398171,7,1010123456014,104,,1,0,6,1,2,,8.7574,338,183914,0.284864,136,0,7.66667,,0.175,80,0,0.1,31,80.6452,0,1.20067,31,,750,498,,0,0,0,8.7875
1604118398421,7,1010123456014,104,,1,0,6,1,2,,0.1,203,183340,0.029216,83,0,0.1,,0,0,0,0,0,0,0,0,0,,747,602,,0,0,0,0
1604118398671,7,1010123456014,104,,1,0,6,1,2,,15.1429,294,183453,0.500096,116,0,12,,0,0,0,0,0,0,0,0,0,,750,518,,0,0,0,0
1604118398921,7,1010123456014,104,,1,0,6,1,2,,22.4505,333,180639,0.725056,128,0,0.1,,2.04082,49,0,0.1,20,25,0,5.21733,31,,750,390,,0,0,0,3.02041
1604118399171,7,1010123456014,104,,1,0,6,1,2,,22.3577,534,174362,1.22726,220,0,11,,0,0,0,0,0,0,0,0,0,,750,624,,0,0,0,0
1604118399421,7,1010123456014,104,,1,0,6,1,2,,15.9148,270,183657,0.4272,106,0,6,,0,0,0,0,0,0,0,0,0,,750,456,,0,0,0,0
1604118399671,7,1010123456014,104,,1,0,6,1,2,,22.4873,433,180164,0.951392,171,0,0.1,,0,0,0,0,0,0,0,0,0,,747,498,,0,0,0,0
1604118399921,7,1010123456014,104,,1,0,6,1,2,,22.4917,543,173186,1.22083,221,0,12,,2.71304,115,0,0.1,48,93.75,0,1.27387,31,,750,630,,0,0,0,9.32174
1604118400171,7,1010123456014,104,,1,0,6,1,2,,12.9733,524,182886,0.633056,210,0,7.5,,0,0,0,0,0,0,0,0,0,,750,596,,0,0,0,0
1604118400421,7,1010123456014,104,,1,0,6,1,2,,20.4814,538,182365,1.04461,224,0,0.1,,0,0,0,0,0,0,0,0,0,,750,610,,0,0,0,0
1604118400671,7,1010123456014,104,,1,0,6,1,2,,20.276,500,182026,0.9208,193,0,0.1,,0,0,0,0,0,0,0,0,0,,750,582,,0,0,0,0
1604118400921,7,1010123456014,104,,1,0,6,1,2,,16.7703,492,183521,0.76672,198,0,6,,1.2,175,0,0.1,69,91.3043,0,1.53821,31,,750,668,,0,0,0,9.18857
1604118401171,7,1010123456014,104,,1,0,6,1,2,,18.5921,532,182355,0.892128,211,0,5.5,,0,0,0,0,0,0,0,0,0,,750,648,,0,0,0,0
1604118401421,7,1010123456014,104,,1,0,6,1,2,,20.2272,405,182450,0.84768,168,0,11,,0,0,0,0,0,0,0,0,0,,750,522,,0,0,0,0
1604118401671,7,1010123456014,104,,1,0,6,1,2,,20.6082,388,182314,0.874976,163,0,6,,0,0,0,0,0,0,0,0,0,,750,516,,0,0,0,0
1604118401921,7,1010123456014,104,,1,0,6,1,2,,22.5774,530,175738,1.17091,209,0,0.1,,4,12,0,0,4,100,0,0.570676,0,,750,620,,0,0,0,10
1604118402171,7,1010123456014,104,,1,0,6,1,2,,13.9591,464,183630,0.66768,187,0,6,,3.13846,65,0,0.1,26,69.2308,0,4.0269,31,,750,618,,0,0,0,6.95385
1604118402421,7,1010123456014,104,,1,0,6,1,2,,10.4398,532,182828,0.398656,213,0,11,,0,0,0,0,0,0,0,0,0,,750,604,,0,0,0,0
1604118402671,7,1010123456014,104,,1,0,6,1,2,,20.4468,602,177566,1.15363,241,0,0.1,,0,0,0,0,0,0,0,0,0,,753,700,,0,0,0,0
1604118402921,7,1010123456014,104,,1,0,6,1,2,,20.4303,509,178122,0.984736,205,0,11,,0.974619,197,0,0.1,79,96.2025,0,0.885651,31,,750,588,,0,0,0,9.63452
1604118403171,7,1010123456014,104,,1,0,6,1,2,,19.3593,487,183340,0.847808,195,0,6,,0,0,0,0,0,0,0,0,0,,750,528,,0,0,0,0
1604118403421,7,1010123456014,104,,1,0,6,1,2,,15.011,453,178045,0.607552,181,0,13,,0,0,0,0,0,0,0,0,0,,750,548,,0,0,0,0
1604118403671,7,1010123456014,104,,1,0,6,1,2,,23.3961,467,171888,1.23715,197,0,12,,0,0,0,0,0,0,0,0,0,,750,574,,0,0,0,0
1604118403921,7,1010123456014,104,,1,0,6,1,2,,11.0079,253,184011,0.302784,100,0,10,,0.375,64,0,0.1,25,24,0,4.14503,31,,750,358,,0,0,0,3.01563
1604118404171,7,1010123456014,104,,1,0,6,1,2,,19.522,454,183712,0.867456,179,0,9,,0,0,0,0,0,0,0,0,0,,750,556,,0,0,0,0
1604118404421,7,1010123456014,104,,1,0,6,1,2,,14.6659,449,180421,0.596928,178,0,12.5,,0,0,0,0,0,0,0,0,0,,750,586,,0,0,0,0
1604118404671,7,1010123456014,104,,1,0,6,1,2,,20.7186,558,175523,1.18448,221,0,7,,0,0,0,0,0,0,0,0,0,,747,630,,0,0,0,0
1604118404921,7,1010123456014,104,,1,0,6,1,2,,11.6576,403,183580,0.341088,165,0,12,,1.44186,43,227,0.1,19,78.9474,0,2.00837,31,,750,468,,0,0,0,7.69768
1604118405171,7,1010123456014,104,,1,0,6,1,2,,22.5993,559,176273,1.20966,226,0,0.1,,0.285714,56,0,0.1,23,91.3043,0,1.59344,0,,750,632,,0,0,0,9.23214
1604118405421,7,1010123456014,104,,1,0,6,1,2,,22.4306,497,172268,1.15155,202,0,0.1,,0,0,0,0,0,0,0,0,0,,753,582,,0,0,0,0
1604118405671,7,1010123456014,104,,1,0,6,1,2,,19.327,529,172396,1.00948,213,0,4,,0,0,0,0,0,0,0,0,0,,750,656,,0,0,0,0
1604118405921,7,1010123456014,104,,1,0,6,1,2,,2.11562,320,183749,0.060384,121,0,4.5,,0,18,0,0.1,9,0,0,0,31,,747,592,,0,0,0,0
1604118406171,7,1010123456014,104,,1,0,6,1,2,,5.86453,406,184507,0.176224,164,0,0.1,,0,0,0,0,0,0,0,0,0,,750,480,,0,0,0,0
1604118406421,7,1010123456014,104,,1,0,6,1,2,,10.2974,306,183881,0.29024,125,0,5.5,,0,0,0,0,0,0,0,0,0,,753,490,,0,0,0,0
1604118406671,7,1010123456014,104,,1,0,6,1,2,,20.3132,380,183506,0.756209,151,0,0.1,,0,0,0,0,0,0,0,0,0,,747,468,,0,0,0,0
1604118406921,7,1010123456014,104,,1,0,6,1,2,,9.21018,452,183657,0.378368,185,0,5,,0.1,148,0,0.1,60,90,0,0.873279,31,,750,536,,0,0,0,9.18919
1604118407171,7,1010123456014,104,,1,0,6,1,2,,15.9903,310,183546,0.482496,128,0,10.5,,0,0,0,0,0,0,0,0,0,,750,394,,0,0,0,0
1604118407421,7,1010123456014,104,,1,0,6,1,2,,18.8903,401,184330,0.686528,156,0,0.1,,0,0,0,0,0,0,0,0,0,,750,488,,0,0,0,0
1604118407671,7,1010123456014,104,,1,0,6,1,2,,12.509,387,183256,0.46848,156,0,5.8,,0,0,0,0,0,0,0,0,0,,750,644,,0,0,0,0
1604118407921,7,1010123456014,104,,1,0,6,1,2,,8.698,351,184103,0.265824,141,0,4,,3.92857,98,0,0.1,39,64.1026,0,4.56865,31,,750,566,,0,0,0,6.34694
1604118408171,7,1010123456014,104,,1,0,6,1,2,,11.5154,324,183933,0.38928,127,0,5.5,,0,0,0,0,0,0,0,0,0,,750,586,,0,0,0,0
1604118408421,7,1010123456014,104,,1,0,6,1,2,,6.49129,287,183449,0.214464,116,0,5.5,,0,0,0,0,0,0,0,0,0,,750,564,,0,0,0,0
1604118408671,7,1010123456014,104,,1,0,6,1,2,,13.2969,229,182921,0.320224,85,0,7.33333,,0,0,0,0,0,0,0,0,0,,750,378,,0,0,0,0
1604118408921,7,1010123456014,104,,1,0,6,1,2,,19.9339,363,183356,0.759264,149,0,11,,3.19355,31,0,0.1,12,33.3333,0,5.01455,31,,750,472,,0,0,0,4.45161
1604118409171,7,1010123456014,104,,1,0,6,1,2,,20.2643,420,183501,0.81616,165,0,12,,0,0,0,0,0,0,0,0,0,,753,526,,0,0,0,0
1604118409421,7,1010123456014,104,,1,0,6,1,2,,21.5348,417,183100,0.921024,166,0,11,,0,0,0,0,0,0,0,0,0,,750,508,,0,0,0,0
1604118409671,7,1010123456014,104,,1,0,6,1,2,,20.2028,424,183111,0.8544,172,0,11,,0,0,0,0,0,0,0,0,0,,750,526,,0,0,0,0
1604118409921,7,1010123456014,104,,1,0,6,1,2,,14.3212,274,183698,0.406944,111,0,7.66667,,0.141176,85,0,0.1,35,40,0,3.89617,31,,750,412,,0,0,0,4.77647
1604118410171,7,1010123456014,104,,1,0,6,1,2,,20.0571,438,183226,0.85024,174,0,0.1,,0,0,0,0,0,0,0,0,0,,747,542,,0,0,0,0
1604118410421,7,1010123456014,104,,1,0,6,1,2,,20.139,439,183616,0.856736,179,0,0.1,,0,0,0,0,0,0,0,0,0,,750,522,,0,0,0,0
1604118410671,7,1010123456014,104,,1,0,6,1,2,,5.78873,284,182442,0.17408,110,0,5.5,,0,0,0,0,0,0,0,0,0,,750,578,,0,0,0,0
1604118410921,7,1010123456014,104,,1,0,6,1,2,,16.7701,422,183150,0.649344,172,0,5.5,,14,12,0,0,4,100,0,0.32088,0,,750,568,,0,0,0,10
1604118411171,7,1010123456014,104,,1,0,6,1,2,,9.25592,422,184082,0.384192,171,0,4,,6.38462,13,0,0.1,5,60,0,4.22811,31,,747,592,,0,0,0,7.15385
1604118411421,7,1010123456014,104,,1,0,6,1,2,,5.87308,520,183585,0.224512,207,0,0.1,,0,0,0,0,0,0,0,0,0,,750,610,,0,0,0,0
1604118411671,7,1010123456014,104,,1,0,6,1,2,,5.88669,556,184127,0.238976,225,0,0.1,,0,0,0,0,0,0,0,0,0,,747,646,,0,0,0,0
1604118411921,7,1010123456014,104,,1,0,6,1,2,,10.9593,491,181188,0.46432,195,0,7.5,,0,20,0,0.1,10,0,0,0,31,,750,566,,0,0,0,0
1604118412171,7,1010123456014,104,,1,0,6,1,2,,20.4141,384,183155,0.790208,156,0,0.1,,0,0,0,0,0,0,0,0,0,,750,478,,0,0,0,0
1604118412421,7,1010123456014,104,,1,0,6,1,2,,19.9926,269,183992,0.597664,111,0,0.1,,0,0,0,0,0,0,0,0,0,,753,372,,0,0,0,0
1604118412671,7,1010123456014,104,,1,0,6,1,2,,20.4593,381,184285,0.804672,158,0,0.1,,0,0,0,0,0,0,0,0,0,,747,482,,0,0,0,0
1604118412921,7,1010123456014,104,,1,0,6,1,2,,14.9039,458,182756,0.654432,177,0,7.5,,4,11,0,0,4,100,0,0.915175,0,,750,560,,0,0,0,10
1604118413171,7,1010123456014,104,,1,0,6,1,2,,15.3827,520,182999,0.690944,207,0,7,,2.15957,94,0,0.1,39,82.0513,0,2.37003,31,,747,590,,0,0,0,8.40425
1604118413421,7,1010123456014,104,,1,0,6,1,2,,17.0524,515,183253,0.759968,207,0,0.1,,0,0,0,0,0,0,0,0,0,,750,614,,0,0,0,0
1604118413671,7,1010123456014,104,,1,0,6,1,2,,17.3937,569,183181,0.814528,230,0,0.1,,0,0,0,0,0,0,0,0,0,,749,654,,0,0,0,0
1604118413921,7,1010123456014,104,,1,0,6,1,2,,16.9684,538,182803,0.730784,217,0,0.1,,0.1,12,0,0,4,100,0,0.22212,0,,750,600,,0,0,0,10
1604118414171,7,1010123456014,104,,1,0,6,1,2,,17.8748,527,183405,0.840832,214,0,10,,0.1,171,0,0.1,71,85.9155,0,1.36103,31,,750,628,,0,0,0,8.73684
1604118414421,7,1010123456014,104,,1,0,6,1,2,,13.5444,507,183744,0.570656,206,0,0.1,,0.1,3,0,0,1,100,0,0.1,0,,750,594,,0,0,0,10
1604118414671,7,1010123456014,104,,1,0,6,1,2,,13.5863,539,184047,0.604288,216,0,0.1,,0,0,0,0,0,0,0,0,0,,750,642,,0,0,0,0
1604118414921,7,1010123456014,104,,1,0,6,1,2,,18.6443,506,183246,0.837152,207,0,10.5,,0.139535,172,0,0.1,71,81.6901,0,1.21666,31,,750,578,,0,0,0,8.40116
1604118415171,7,1010123456014,104,,1,0,6,1,2,,20.24,450,183785,0.887584,183,0,0.1,,0,0,0,0,0,0,0,0,0,,750,546,,0,0,0,0
1604118415421,7,1010123456014,104,,1,0,6,1,2,,18.6667,423,183408,0.76256,170,0,8.5,,0,0,0,0,0,0,0,0,0,,750,524,,0,0,0,0
1604118415671,7,1010123456014,104,,1,0,6,1,2,,20.3961,563,180278,1.07754,225,0,0.1,,0,0,0,0,0,0,0,0,0,,750,664,,0,0,0,0
1604118415921,7,1010123456014,104,,1,0,6,1,2,,20.3439,570,176699,1.07101,233,0,0.1,,2,12,0,0,4,100,0,0.1,0,,753,644,,0,0,0,10
1604118416171,7,1010123456014,104,,1,0,6,1,2,,19.0568,458,182401,0.795232,183,0,7.66667,,1.53153,111,0,0.1,45,88.8889,0,0.841307,31,,750,578,,0,0,0,9.18919
1604118416421,7,1010123456014,104,,1,0,6,1,2,,20.154,409,183830,0.840704,172,0,0.1,,0,0,0,0,0,0,0,0,0,,750,496,,0,0,0,0
1604118416671,7,1010123456014,104,,1,0,6,1,2,,20.0111,180,183710,0.424192,72,0,0.1,,0,0,0,0,0,0,0,0,0,,750,276,,0,0,0,0
1604118416921,7,1010123456014,104,,1,0,6,1,2,,20.069,261,182929,0.529696,101,0,11,,0,8,0,0,4,100,0,0,0,,747,344,,0,0,0,0
1604118417171,7,1010123456014,104,,1,0,6,1,2,,19.9587,218,183271,0.468704,87,0,11,,1.16,50,0,0.1,19,42.1053,0,3.02359,31,,753,302,,0,0,0,4.82
1604118417421,7,1010123456014,104,,1,0,6,1,2,,20.3364,437,183671,0.80192,170,0,0.1,,0,0,0,0,0,0,0,0,0,,747,512,,0,0,0,0
1604118417671,7,1010123456014,104,,1,0,6,1,2,,20.4266,504,182659,1.02794,205,0,0.1,,0,0,0,0,0,0,0,0,0,,750,622,,0,0,0,0
1604118417921,7,1010123456014,104,,1,0,6,1,2,,20.3899,495,182884,0.941184,200,0,11,,0.1,12,0,0,4,100,0,0.135419,0,,750,570,,0,0,0,10
1604118418171,7,1010123456014,104,,1,0,6,1,2,,20.1209,488,183344,0.893504,196,0,0.1,,0,8,0,0,4,100,0,0,0,,753,546,,0,0,0,0
1604118418421,7,1010123456014,104,,1,0,6,1,2,,20.3434,565,180932,1.0713,226,0,0.1,,0.1,22,379,0.1,9,77.7778,0,1.08485,31,,747,646,,0,0,0,8.45455
1604118418671,7,1010123456014,104,,1,0,6,1,2,,19.9138,464,183257,0.866112,186,0,10.5,,0.1,117,0,0.1,45,86.6667,0,1.09008,31,,750,552,,0,0,0,8.86325
1604118418921,7,1010123456014,104,,1,0,6,1,2,,16.6695,475,182975,0.739808,188,0,9,,0.166667,72,0,0.1,28,28.5714,0,2.81518,31,,750,572,,0,0,0,3.75
1604118419171,7,1010123456014,104,,1,0,6,1,2,,11.0121,414,184029,0.35904,172,0,0.1,,0,0,0,0,0,0,0,0,0,,750,510,,0,0,0,0
1604118419421,7,1010123456014,104,,1,0,6,1,2,,7.23778,307,183392,0.230144,124,0,5,,0,0,0,0,0,0,0,0,0,,750,512,,0,0,0,0
1604118419671,7,1010123456014,104,,1,0,6,1,2,,15.0135,223,182581,0.330688,90,0,10,,0,0,0,0,0,0,0,0,0,,750,360,,0,0,0,0
1604118419921,7,1010123456014,104,,1,0,6,1,2,,17.5495,182,183584,0.374752,77,0,9.5,,0.1,74,0,0.1,30,26.6667,0,3.48938,31,,750,272,,0,0,0,3.51351
1604118420171,7,1010123456014,104,,1,0,6,1,2,,15.8253,292,182903,0.42992,114,0,8,,0,0,0,0,0,0,0,0,0,,750,390,,0,0,0,0
1604118420421,7,1010123456014,104,,1,0,6,1,2,,7.0684,307,183935,0.213824,122,0,5,,0,0,0,0,0,0,0,0,0,,750,548,,0,0,0,0
1604118420671,7,1010123456014,104,,1,0,6,1,2,,16.419,494,182882,0.642176,192,0,8.33333,,0,0,0,0,0,0,0,0,0,,750,570,,0,0,0,0
1604118420921,7,1010123456014,104,,1,0,6,1,2,,15.0112,448,183789,0.65408,178,0,7.5,,2.20896,67,0,0.1,27,74.0741,0,1.48557,31,,750,622,,0,0,0,8.32836
1604118421171,7,1010123456014,104,,1,0,6,1,2,,14.4837,337,184356,0.405216,135,0,6.66667,,0,0,0,0,0,0,0,0,0,,750,480,,0,0,0,0
1604118421421,7,1010123456014,104,,1,0,6,1,2,,18.1518,461,184287,0.773344,187,0,10,,0,0,0,0,0,0,0,0,0,,750,574,,0,0,0,0
1604118421671,7,1010123456014,104,,1,0,6,1,2,,14.8789,454,183753,0.544288,180,0,7,,0,0,0,0,0,0,0,0,0,,750,514,,0,0,0,0
1604118421921,7,1010123456014,104,,1,0,6,1,2,,7.07865,267,184079,0.20208,113,0,4.5,,2.55556,63,0,0.1,29,55.1724,0,3.86084,31,,750,608,,0,0,0,5.93651
1604118422171,7,1010123456014,104,,1,0,6,1,2,,12.9039,437,182742,0.503648,171,0,5,,0,0,0,0,0,0,0,0,0,,750,630,,0,0,0,0
1604118422421,7,1010123456014,104,,1,0,6,1,2,,13.8628,379,184310,0.498432,156,0,3.33333,,0,0,0,0,0,0,0,0,0,,753,602,,0,0,0,0
1604118422671,7,1010123456014,104,,1,0,6,1,2,,6.56812,345,184200,0.196544,135,0,5,,0,0,0,0,0,0,0,0,0,,750,632,,0,0,0,0
1604118422921,7,1010123456014,104,,1,0,6,1,2,,13.8107,317,183972,0.44432,132,0,5.14286,,4.5,30,0,0.1,10,0,0,10.6665,31,,750,510,,0,0,0,1
1604118423171,7,1010123456014,104,,1,0,6,1,2,,6.57423,357,184251,0.241984,148,0,5.5,,0,0,0,0,0,0,0,0,0,,750,662,,0,0,0,0
1604118423421,7,1010123456014,104,,1,0,6,1,2,,9.18537,410,183948,0.305568,162,0,5.25,,0,0,0,0,0,0,0,0,0,,750,526,,0,0,0,0
1604118423671,7,1010123456014,104,,1,0,6,1,2,,7.38806,201,183232,0.17136,79,0,6.33333,,0,0,0,0,0,0,0,0,0,,750,302,,0,0,0,0
1604118423921,7,1010123456014,104,,1,0,6,1,2,,11.4953,319,184255,0.333536,125,0,6.2,,6.80435,46,0,0.1,19,57.8947,0,3.69582,31,,750,552,,0,0,0,7.1087
1604118424171,7,1010123456014,104,,1,0,6,1,2,,13.3786,243,183749,0.368992,103,0,5.5,,0,0,0,0,0,0,0,0,0,,747,400,,0,0,0,0
1604118424421,7,1010123456014,104,,1,0,6,1,2,,13.8174,230,184278,0.302048,92,0,8.66667,,0,0,0,0,0,0,0,0,0,,750,334,,0,0,0,0
1604118424671,7,1010123456014,104,,1,0,6,1,2,,11.0688,276,184300,0.350208,112,0,4,,0,0,0,0,0,0,0,0,0,,750,500,,0,0,0,0
1604118424921,7,1010123456014,104,,1,0,6,1,2,,9.06991,329,184609,0.329248,133,0,5,,5.02326,43,0,0.1,17,17.6471,0,7.50623,31,,750,602,,0,0,0,3.23256
1604118425171,7,1010123456014,104,,1,0,6,1,2,,14.1946,370,184271,0.489888,149,0,6.5,,0,0,0,0,0,0,0,0,0,,750,576,,0,0,0,0
1604118425421,7,1010123456014,104,,1,0,6,1,2,,11.0826,351,183140,0.357856,139,0,10,,0,0,0,0,0,0,0,0,0,,750,596,,0,0,0,0
1604118425671,7,1010123456014,104,,1,0,6,1,2,,11.5362,401,182715,0.396288,159,0,4,,0,0,0,0,0,0,0,0,0,,750,594,,0,0,0,0
1604118425921,7,1010123456014,104,,1,0,6,1,2,,14.1621,364,183320,0.50752,148,0,7.16667,,3.10448,67,0,0.1,27,66.6667,0,2.51891,31,,750,624,,0,0,0,7.38806
1604118426171,7,1010123456014,104,,1,0,6,1,2,,15.214,444,184604,0.6008,184,0,4.25,,0,0,0,0,0,0,0,0,0,,750,610,,0,0,0,0
1604118426421,7,1010123456014,104,,1,0,6,1,2,,8.21498,307,184211,0.233856,122,0,7,,0,0,0,0,0,0,0,0,0,,750,566,,0,0,0,0
1604118426671,7,1010123456014,104,,1,0,6,1,2,,18.4237,557,183552,0.875552,221,0,10,,0,0,0,0,0,0,0,0,0,,750,646,,0,0,0,0
1604118426921,7,1010123456014,104,,1,0,6,1,2,,14.1619,451,183665,0.592576,186,0,4.66667,,0.108108,74,0,0.1,30,40,0,1.19305,31,,750,652,,0,0,0,6.14865
1604118427171,7,1010123456014,104,,1,0,6,1,2,,9.5788,349,183910,0.290976,139,0,4.4,,0,0,0,0,0,0,0,0,0,,750,524,,0,0,0,0
1604118427421,7,1010123456014,104,,1,0,6,1,2,,12.8051,313,183464,0.386656,120,0,8,,0,0,0,0,0,0,0,0,0,,750,476,,0,0,0,0
1604118427671,7,1010123456014,104,,1,0,6,1,2,,17.8004,481,178693,0.825088,193,0,8.75,,0,0,0,0,0,0,0,0,0,,750,648,,0,0,0,0
1604118427921,7,1010123456014,104,,1,0,6,1,2,,5.31458,391,184445,0.206624,157,0,2.5,,5.18182,44,0,0.1,18,38.8889,0,5.96116,31,,750,504,,0,0,0,5.09091
1604118428171,7,1010123456014,104,,1,0,6,1,2,,5.87619,210,184305,0.106304,84,0,0.1,,0,0,0,0,0,0,0,0,0,,750,280,,0,0,0,0
1604118428421,7,1010123456014,104,,1,0,6,1,2,,21.8109,460,168680,1.0776,184,0,15,,0,0,0,0,0,0,0,0,0,,750,530,,0,0,0,0
1604118428671,7,1010123456014,104,,1,0,6,1,2,,27.4438,516,145230,1.75347,212,0,0.1,,0,0,0,0,0,0,0,0,0,,750,622,,0,0,0,0
1604118428921,7,1010123456014,104,,1,0,6,1,2,,27.0821,390,134497,1.35763,160,0,13,,0,0,0,0,0,0,0,0,0,,753,488,,0,0,0,0
1604118429171,7,1010123456014,104,,1,0,6,1,2,,18.7995,399,141447,0.751712,157,0,6.5,,3.42373,59,0,0.1,25,68,0,1.86805,31,,750,516,,0,0,0,7.55932
1604118429421,7,1010123456014,104,,1,0,6,1,2,,13.3577,383,160046,0.418667,158,0,5.33333,,0,0,0,0,0,0,0,0,0,,750,464,,0,0,0,0
1604118429671,7,1010123456014,104,,1,0,6,1,2,,12.9453,512,174327,0.519072,200,0,6.4,,0,0,0,0,0,0,0,0,0,,750,682,,0,0,0,0
1604118429921,7,1010123456014,104,,1,0,6,1,2,,12.0515,505,184335,0.4896,209,0,7.5,,2.29333,75,0,0.1,29,51.7241,0,3.35363,31,,747,612,,0,0,0,6.09333
1604118430171,7,1010123456014,104,,1,0,6,1,2,,15.0909,242,184358,0.375008,97,0,0.1,,0,0,0,0,0,0,0,0,0,,747,334,,0,0,0,0
1604118430421,7,1010123456014,104,,1,0,6,1,2,,12.8976,381,184294,0.438912,148,0,7.8,,0,0,0,0,0,0,0,0,0,,753,486,,0,0,0,0
1604118430671,7,1010123456014,104,,1,0,6,1,2,,10.49,549,183440,0.417536,221,0,7,,0,0,0,0,0,0,0,0,0,,747,636,,0,0,0,0
1604118430921,7,1010123456014,104,,1,0,6,1,2,,12.3657,443,183792,0.468544,183,0,8.33333,,2.21538,65,0,0.1,26,76.9231,0,2.132,31,,750,542,,0,0,0,8.2
1604118431171,7,1010123456014,104,,1,0,6,1,2,,13.5168,358,183226,0.4488,145,0,6,,0,0,0,0,0,0,0,0,0,,753,556,,0,0,0,0
1604118431421,7,1010123456014,104,,1,0,6,1,2,,17.4503,402,183762,0.647904,165,0,10,,0,0,0,0,0,0,0,0,0,,750,510,,0,0,0,0
1604118431671,7,1010123456014,104,,1,0,6,1,2,,16.4162,555,184016,0.820928,221,0,4,,0,0,0,0,0,0,0,0,0,,747,652,,0,0,0,0
1604118431921,7,1010123456014,104,,1,0,6,1,2,,11.7177,496,183906,0.49184,203,0,5,,5.22222,27,0,0.1,9,22.2222,0,6.64956,31,,750,644,,0,0,0,3.22222
1604118432171,7,1010123456014,104,,1,0,6,1,2,,7.88104,269,183167,0.21968,103,0,7.5,,0,0,0,0,0,0,0,0,0,,750,518,,0,0,0,0
1604118432421,7,1010123456014,104,,1,0,6,1,2,,12.1938,325,183652,0.35632,134,0,9,,0,0,0,0,0,0,0,0,0,,753,410,,0,0,0,0
1604118432671,7,1010123456014,104,,1,0,6,1,2,,15.8646,362,184131,0.51696,143,0,6,,0,0,0,0,0,0,0,0,0,,747,444,,0,0,0,0
1604118432921,7,1010123456014,104,,1,0,6,1,2,,16.9586,507,182105,0.91168,201,0,8.25,,0.529412,68,0,0.1,28,32.1429,0,2.56944,31,,750,602,,0,0,0,5.16176
1604118433171,7,1010123456014,104,,1,0,6,1,2,,14.0776,335,183443,0.403808,133,0,8.5,,0,0,0,0,0,0,0,0,0,,750,422,,0,0,0,0
1604118433421,7,1010123456014,104,,1,0,6,1,2,,17.6802,544,182721,0.887616,219,0,9.8,,0,0,0,0,0,0,0,0,0,,750,622,,0,0,0,0
1604118433671,7,1010123456014,104,,1,0,6,1,2,,16.8809,512,182937,0.80224,206,0,8.75,,0,0,0,0,0,0,0,0,0,,750,624,,0,0,0,0
1604118433921,7,1010123456014,104,,1,0,6,1,2,,17.4109,404,182680,0.715776,167,0,9.5,,0.1,83,0,0.1,33,36.3636,0,1.8821,31,,750,556,,0,0,0,5.79518
1604118434171,7,1010123456014,104,,1,0,6,1,2,,19.3895,493,182378,1.01974,193,0,10,,0,0,0,0,0,0,0,0,0,,750,602,,0,0,0,0
1604118434421,7,1010123456014,104,,1,0,6,1,2,,13.6667,465,184354,0.574656,194,0,7.16667,,0,0,0,0,0,0,0,0,0,,750,592,,0,0,0,0
1604118434671,7,1010123456014,104,,1,0,6,1,2,,17.0142,494,181367,0.720448,193,0,8.5,,0,0,0,0,0,0,0,0,0,,750,602,,0,0,0,0
1604118434921,7,1010123456014,104,,1,0,6,1,2,,9.75284,352,183440,0.362144,145,0,5.75,,1.58824,68,0,0.1,26,53.8462,0,2.10853,31,,750,518,,0,0,0,6.57353
1604118435171,7,1010123456014,104,,1,0,6,1,2,,11.5,450,181881,0.45776,181,0,9.5,,0,0,0,0,0,0,0,0,0,,750,632,,0,0,0,0
1604118435421,7,1010123456014,104,,1,0,6,1,2,,11.5462,487,184132,0.47472,193,0,6.66667,,0,0,0,0,0,0,0,0,0,,753,602,,0,0,0,0
1604118435671,7,1010123456014,104,,1,0,6,1,2,,15.6479,443,183761,0.578048,179,0,9,,0,0,0,0,0,0,0,0,0,,750,516,,0,0,0,0
1604118435921,7,1010123456014,104,,1,0,6,1,2,,11.0203,493,183661,0.446976,193,0,6,,4.11111,18,0,0.1,7,0,0,8.46645,31,,750,592,,0,0,0,1.16667
1604118436171,7,1010123456014,104,,1,0,6,1,2,,12.4433,406,184213,0.41984,169,0,8.75,,0,0,0,0,0,0,0,0,0,,750,478,,0,0,0,0
1604118436421,7,1010123456014,104,,1,0,6,1,2,,16.5115,391,183603,0.595712,155,0,7.33333,,0,0,0,0,0,0,0,0,0,,750,488,,0,0,0,0
1604118436671,7,1010123456014,104,,1,0,6,1,2,,13.7195,492,183745,0.570688,198,0,8.75,,0,0,0,0,0,0,0,0,0,,750,592,,0,0,0,0
1604118436921,7,1010123456014,104,,1,0,6,1,2,,19.0397,453,175527,1.16582,188,0,10,,0,8,0,0,4,100,0,0,0,,986,730,,0,0,0,0
1604118437171,7,1010123456014,104,,1,0,6,1,2,,12.697,462,179065,0.589216,179,0,6.75,,4.21429,42,0,0.1,18,16.6667,0,7.89385,31,,902,732,,0,0,0,3.28571
1604118437421,7,1010123456014,104,,1,0,6,1,2,,16.4067,509,173382,1.18451,206,0,5.5,,0,0,0,0,0,0,0,0,0,,970,908,,0,0,0,0
1604118437671,7,1010123456014,104,,1,0,6,1,2,,13.5399,576,175526,0.95616,232,0,7.5,,0,0,0,0,0,0,0,0,0,,1090,970,,0,0,0,0
1604118437921,7,1010123456014,104,,1,0,6,1,2,,17.7908,588,164130,1.36922,238,0,9,,4.26829,41,0,0.1,17,41.1765,0,3.66568,31,,1040,938,,0,0,0,5.56098
1604118438171,7,1010123456014,104,,1,0,6,1,2,,18.4907,589,147713,1.51178,236,0,10,,0,0,0,0,0,0,0,0,0,,1049,934,,0,0,0,0
1604118438421,7,1010123456014,104,,1,0,6,1,2,,14.9129,597,144990,1.08691,241,0,9.5,,0,0,0,0,0,0,0,0,0,,1075,982,,0,0,0,0
1604118438671,7,1010123456014,104,,1,0,6,1,2,,9.66926,514,156919,0.625888,211,0,5.75,,0,0,0,0,0,0,0,0,0,,1011,936,,0,0,0,0
1604118438921,7,1010123456014,104,,1,0,6,1,2,,11.0275,581,167020,0.635424,231,0,7.14286,,7,12,0,0,4,100,0,0.849079,0,,1044,942,,0,0,0,10
1604118439171,7,1010123456014,104,,1,0,6,1,2,,13.5714,546,170717,0.886368,220,0,6.5,,1.55556,54,0,0.1,20,45,0,2.48123,31,,1031,934,,0,0,0,6.55556
1604118439421,7,1010123456014,104,,1,0,6,1,2,,14.4117,566,170253,0.961472,229,0,7.8,,0,0,0,0,0,0,0,0,0,,1090,930,,0,0,0,0
1604118439671,7,1010123456014,104,,1,0,6,1,2,,16.3304,560,165511,1.11117,225,0,5,,0,0,0,0,0,0,0,0,0,,1021,956,,0,0,0,0
1604118439921,7,1010123456014,104,,1,0,6,1,2,,16.0248,606,160620,1.19773,245,0,8.25,,4.30769,52,0,0.1,21,47.619,0,6.57892,31,,1080,982,,0,0,0,5.15385
1604118440171,7,1010123456014,104,,1,0,6,1,2,,13.7685,553,162358,0.91264,222,0,6.75,,0,0,0,0,0,0,0,0,0,,1074,958,,0,0,0,0
1604118440421,7,1010123456014,104,,1,0,6,1,2,,11.5683,556,169801,0.784768,224,0,6.2,,0,0,0,0,0,0,0,0,0,,1041,956,,0,0,0,0
1604118440671,7,1010123456014,104,,1,0,6,1,2,,13.9145,585,169936,0.96336,236,0,9,,0,0,0,0,0,0,0,0,0,,1091,1006,,0,0,0,0
1604118440921,7,1010123456014,104,,1,0,6,1,2,,18.8345,586,158420,1.37363,238,0,10,,2.90816,98,0,0.1,39,71.7949,0,3.41132,31,,1088,958,,0,0,0,7.5102
1604118441171,7,1010123456014,104,,1,0,6,1,2,,13.0979,562,162730,0.849632,227,0,5.75,,0,0,0,0,0,0,0,0,0,,1063,948,,0,0,0,0
1604118441421,7,1010123456014,104,,1,0,6,1,2,,10.754,569,172566,0.702528,230,0,5.5,,0,0,0,0,0,0,0,0,0,,1064,946,,0,0,0,0
1604118441671,7,1010123456014,104,,1,0,6,1,2,,15.5499,591,171883,0.99696,237,0,8.4,,0,0,0,0,0,0,0,0,0,,1024,914,,0,0,0,0
1604118441921,7,1010123456014,104,,1,0,6,1,2,,17.3694,601,164687,1.22163,242,0,0.1,,5.16667,36,0,0.1,16,56.25,0,5.55478,31,,1086,984,,0,0,0,5.58333
1604118442171,7,1010123456014,104,,1,0,6,1,2,,17.343,586,159449,1.15974,236,0,9,,0,0,0,0,0,0,0,0,0,,1067,938,,0,0,0,0
1604118442421,7,1010123456014,104,,1,0,6,1,2,,17.4881,588,151907,1.20928,238,0,9,,0,0,0,0,0,0,0,0,0,,1021,956,,0,0,0,0
1604118442671,7,1010123456014,104,,1,0,6,1,2,,15.7841,528,154170,0.913952,211,0,6.75,,0,0,0,0,0,0,0,0,0,,950,846,,0,0,0,0
1604118442921,7,1010123456014,104,,1,0,6,1,2,,13.7088,577,158242,0.869504,233,0,7.5,,0.821918,73,0,0.1,29,65.5172,0,1.89437,31,,1015,926,,0,0,0,7.06849
1604118443171,7,1010123456014,104,,1,0,6,1,2,,11.1997,591,166072,0.736992,238,0,8,,0,0,0,0,0,0,0,0,0,,1120,1000,,0,0,0,0
1604118443421,7,1010123456014,104,,1,0,6,1,2,,14.1254,566,168966,0.90944,227,0,7,,0,0,0,0,0,0,0,0,0,,936,822,,0,0,0,0
1604118443671,7,1010123456014,104,,1,0,6,1,2,,18.4916,596,157498,1.37312,240,0,9.5,,0,0,0,0,0,0,0,0,0,,1066,978,,0,0,0,0
1604118443921,7,1010123456014,104,,1,0,6,1,2,,17.7225,591,149279,1.264,240,0,9.33333,,0.1,12,0,0,4,100,0,0.140222,0,,1092,982,,0,0,0,10
1604118444171,7,1010123456014,104,,1,0,6,1,2,,15.7152,597,146648,1.06938,240,0,8.66667,,6.27711,83,0,0.1,34,79.4118,0,3.74887,31,,1086,980,,0,0,0,7.93976
1604118444421,7,1010123456014,104,,1,0,6,1,2,,18.0888,563,137779,1.31101,229,0,8.5,,0,0,0,0,0,0,0,0,0,,1039,930,,0,0,0,0
1604118444671,7,1010123456014,104,,1,0,6,1,2,,15.4035,575,139843,0.896,229,0,8.66667,,0,0,0,0,0,0,0,0,0,,942,848,,0,0,0,0
1604118444921,7,1010123456014,104,,1,0,6,1,2,,11.5186,592,147870,0.747456,237,0,6.85714,,5.36697,109,0,0.1,44,65.9091,0,3.77135,31,,1078,950,,0,0,0,7.11009
1604118445171,7,1010123456014,104,,1,0,6,1,2,,13.4291,585,152457,0.856064,233,0,7.8,,0,0,0,0,0,0,0,0,0,,1026,908,,0,0,0,0
1604118445421,7,1010123456014,104,,1,0,6,1,2,,11.4975,603,158689,0.752992,239,0,7,,0,0,0,0,0,0,0,0,0,,1097,984,,0,0,0,0
1604118445671,7,1010123456014,104,,1,0,6,1,2,,10.7795,567,170976,0.595488,227,0,6.33333,,0,0,0,0,0,0,0,0,0,,958,868,,0,0,0,0
1604118445921,7,1010123456014,104,,1,0,6,1,2,,10.6817,531,179984,0.70112,210,0,6.14286,,2.10714,84,0,0.1,35,51.4286,0,3.3706,31,,978,900,,0,0,0,6.02381
1604118446171,7,1010123456014,104,,1,0,6,1,2,,12.3923,594,181530,0.878752,237,0,6.8,,0,0,0,0,0,0,0,0,0,,1074,972,,0,0,0,0
1604118446421,7,1010123456014,104,,1,0,6,1,2,,15.4122,592,178441,1.01901,236,0,9.33333,,0,0,0,0,0,0,0,0,0,,992,906,,0,0,0,0
1604118446671,7,1010123456014,104,,1,0,6,1,2,,14.7049,576,179363,0.958752,229,0,7.8,,0,0,0,0,0,0,0,0,0,,1010,898,,0,0,0,0
1604118446921,7,1010123456014,104,,1,0,6,1,2,,12.5185,569,181919,0.943904,231,0,5.2,,3.0625,80,0,0.1,31,51.6129,0,3.6293,31,,1073,1000,,0,0,0,6.225
1604118447171,7,1010123456014,104,,1,0,6,1,2,,11.6685,543,184100,0.727136,219,0,6.2,,0,0,0,0,0,0,0,0,0,,1003,906,,0,0,0,0
1604118447421,7,1010123456014,104,,1,0,6,1,2,,14.431,587,182059,1.01907,238,0,8.16667,,0,0,0,0,0,0,0,0,0,,1097,996,,0,0,0,0
1604118447671,7,1010123456014,104,,1,0,6,1,2,,14.4659,571,183249,0.907968,229,0,8,,0,0,0,0,0,0,0,0,0,,1003,904,,0,0,0,0
1604118447921,7,1010123456014,104,,1,0,6,1,2,,12.2021,569,183272,0.758496,231,0,6.5,,5.85366,41,0,0.1,18,38.8889,0,7.15691,31,,1029,906,,0,0,0,4.73171
1604118448171,7,1010123456014,104,,1,0,6,1,2,,10.8654,520,181476,0.75088,207,0,6.8,,0,0,0,0,0,0,0,0,0,,1010,918,,0,0,0,0
1604118448421,7,1010123456014,104,,1,0,6,1,2,,13.7993,583,182326,0.90596,236,0,8.16667,,0,0,0,0,0,0,0,0,0,,1003,938,,0,0,0,0
1604118448671,7,1010123456014,104,,1,0,6,1,2,,13.1453,537,179607,0.8552,218,0,7.33333,,0,0,0,0,0,0,0,0,0,,1029,922,,0,0,0,0
1604118448921,7,1010123456014,104,,1,0,6,1,2,,12.1396,487,183497,0.714208,196,0,7.5,,2.62319,69,0,0.1,27,51.8519,0,4.51312,31,,992,838,,0,0,0,5.47826
1604118449171,7,1010123456014,104,,1,0,6,1,2,,19.44,575,168221,1.46234,231,0,9,,0,0,0,0,0,0,0,0,0,,1096,946,,0,0,0,0
1604118449421,7,1010123456014,104,,1,0,6,1,2,,11.9093,507,176587,0.74464,205,0,6.6,,0,0,0,0,0,0,0,0,0,,990,896,,0,0,0,0
1604118449671,7,1010123456014,104,,1,0,6,1,2,,13.0135,592,180498,0.88752,236,0,7.33333,,0,0,0,0,0,0,0,0,0,,1028,920,,0,0,0,0
1604118449921,7,1010123456014,104,,1,0,6,1,2,,14.8861,588,174795,1.04077,239,0,8.71429,,6,23,0,0.1,9,55.5556,0,4.28834,31,,1071,984,,0,0,0,6.47826
1604118450171,7,1010123456014,104,,1,0,6,1,2,,8.42366,465,184562,0.551136,188,0,4.66667,,0,0,0,0,0,0,0,0,0,,1002,892,,0,0,0,0
1604118450421,7,1010123456014,104,,1,0,6,1,2,,10.6712,520,183662,0.653632,211,0,6.75,,0,0,0,0,0,0,0,0,0,,927,884,,0,0,0,0
1604118450671,7,1010123456014,104,,1,0,6,1,2,,13.7009,575,183192,0.852384,231,0,7,,0,0,0,0,0,0,0,0,0,,999,938,,0,0,0,0
1604118450921,7,1010123456014,104,,1,0,6,1,2,,14.1263,594,181517,0.862048,241,0,8.5,,4,12,0,0,4,100,0,0.425135,0,,966,894,,0,0,0,10
1604118451171,7,1010123456014,104,,1,0,6,1,2,,13.1649,570,181654,0.794816,229,0,10,,3.01087,92,0,0.1,37,83.7838,0,2.36829,31,,1031,908,,0,0,0,8.43478
1604118451421,7,1010123456014,104,,1,0,6,1,2,,18.7811,594,173491,1.24234,237,0,0.1,,0,0,0,0,0,0,0,0,0,,967,882,,0,0,0,0
1604118451671,7,1010123456014,104,,1,0,6,1,2,,18.724,587,162603,1.35661,236,0,10,,0,0,0,0,0,0,0,0,0,,1054,944,,0,0,0,0
1604118451921,7,1010123456014,104,,1,0,6,1,2,,15.3682,584,162979,0.98896,235,0,8.5,,2.15556,90,0,0.1,36,72.2222,0,2.80701,31,,1027,890,,0,0,0,7.56667
1604118452171,7,1010123456014,104,,1,0,6,1,2,,18.7576,594,153448,1.30272,238,0,10,,0,0,0,0,0,0,0,0,0,,1003,910,,0,0,0,0
1604118452421,7,1010123456014,104,,1,0,6,1,2,,18.7379,599,142907,1.33718,239,0,10,,0,0,0,0,0,0,0,0,0,,1071,942,,0,0,0,0
1604118452671,7,1010123456014,104,,1,0,6,1,2,,18.7036,604,135666,1.22083,239,0,0.1,,0,0,0,0,0,0,0,0,0,,940,870,,0,0,0,0
1604118452921,7,1010123456014,104,,1,0,6,1,2,,15.9047,598,132257,1.10618,240,0,8.66667,,6.18182,33,0,0.1,13,53.8462,0,5.27623,31,,1035,946,,0,0,0,5.90909
1604118453171,7,1010123456014,104,,1,0,6,1,2,,18.4658,584,128554,1.11987,234,0,0.1,,0,0,0,0,0,0,0,0,0,,916,802,,0,0,0,0
1604118453421,7,1010123456014,104,,1,0,6,1,2,,18.7479,583,122101,1.2047,237,0,0.1,,0,0,0,0,0,0,0,0,0,,949,852,,0,0,0,0
1604118453671,7,1010123456014,104,,1,0,6,1,2,,19.726,584,110675,1.34784,236,0,11,,0,0,0,0,0,0,0,0,0,,941,872,,0,0,0,0
1604118453921,7,1010123456014,104,,1,0,6,1,2,,20.7244,595,97387,1.43072,240,0,0.1,,5.93902,82,0,0.1,34,67.6471,0,4.02201,31,,922,832,,0,0,0,6.95122
1604118454171,7,1010123456014,104,,1,0,6,1,2,,19.871,589,81356,1.5111,238,0,5.5,,0,0,0,0,0,0,0,0,0,,1018,906,,0,0,0,0
1604118454421,7,1010123456014,104,,1,0,6,1,2,,15.9452,529,85558,0.816704,208,0,7.75,,0,0,0,0,0,0,0,0,0,,878,772,,0,0,0,0
1604118454671,7,1010123456014,104,,1,0,6,1,2,,16.0626,511,87528,0.915712,202,0,7.33333,,0,0,0,0,0,0,0,0,0,,876,806,,0,0,0,0
1604118454921,7,1010123456014,104,,1,0,6,1,2,,13.6044,546,92283,0.85904,222,0,5.66667,,4.41837,98,0,0.1,40,72.5,0,3.48579,31,,918,818,,0,0,0,7.76531
1604118455171,7,1010123456014,104,,1,0,6,1,2,,12.9262,393,105346,0.602272,159,0,3.66667,,0,0,0,0,0,0,0,0,0,,836,690,,0,0,0,0
1604118455421,7,1010123456014,104,,1,0,6,1,2,,6.0828,314,129624,0.202528,129,0,5.5,,0,0,0,0,0,0,0,0,0,,750,682,,0,0,0,0
1604118455671,7,1010123456014,104,,1,0,6,1,2,,20.0805,559,125645,1.07392,220,0,11,,0,0,0,0,0,0,0,0,0,,800,702,,0,0,0,0
1604118455921,7,1010123456014,104,,1,0,6,1,2,,14.1592,446,133177,0.781504,180,0,4.2,,6.625,32,0,0.1,13,69.2308,0,3.53229,31,,858,778,,0,0,0,7.46875
1604118456171,7,1010123456014,104,,1,0,6,1,2,,17.4087,531,131463,1.06022,218,0,5.5,,0,0,0,0,0,0,0,0,0,,893,814,,0,0,0,0
1604118456421,7,1010123456014,104,,1,0,6,1,2,,12.5119,420,144409,0.528128,166,0,7,,0,0,0,0,0,0,0,0,0,,805,744,,0,0,0,0
1604118456671,7,1010123456014,104,,1,0,6,1,2,,17.6386,581,142035,1.0807,235,0,9.5,,0,0,0,0,0,0,0,0,0,,863,802,,0,0,0,0
1604118456921,7,1010123456014,104,,1,0,6,1,2,,15.3562,511,146514,0.855424,206,0,8.16667,,7.56164,73,0,0.1,30,70,0,3.16812,31,,876,790,,0,0,0,7.57534
1604118457171,7,1010123456014,104,,1,0,6,1,2,,13.6899,545,150584,0.795584,221,0,7.33333,,0,0,0,0,0,0,0,0,0,,945,862,,0,0,0,0
1604118457421,7,1010123456014,104,,1,0,6,1,2,,18.9591,587,142565,1.25264,237,0,10.5,,0,0,0,0,0,0,0,0,0,,969,868,,0,0,0,0
1604118457671,7,1010123456014,104,,1,0,6,1,2,,17.0688,596,136474,1.20326,240,0,9.33333,,0,0,0,0,0,0,0,0,0,,916,840,,0,0,0,0
1604118457921,7,1010123456014,104,,1,0,6,1,2,,17.8409,528,131944,1.17923,219,0,8.66667,,1,54,0,0.1,22,9.09091,0,2.25931,31,,935,860,,0,0,0,2.62963
1604118458171,7,1010123456014,104,,1,0,6,1,2,,13.9811,476,139924,0.700416,182,0,8.4,,0,0,0,0,0,0,0,0,0,,840,792,,0,0,0,0
1604118458421,7,1010123456014,104,,1,0,6,1,2,,19.6137,598,126553,1.4056,239,0,10,,0,0,0,0,0,0,0,0,0,,980,884,,0,0,0,0
1604118458671,7,1010123456014,104,,1,0,6,1,2,,19.9718,532,118267,1.25898,213,0,8.8,,0,0,0,0,0,0,0,0,0,,902,794,,0,0,0,0
1604118458921,7,1010123456014,104,,1,0,6,1,2,,15.881,504,120147,0.949632,204,0,6.85714,,4,52,0,0.1,21,52.381,0,4.39215,31,,893,828,,0,0,0,6.07692
1604118459171,7,1010123456014,104,,1,0,6,1,2,,14.2782,568,123040,0.894624,227,0,8,,0,0,0,0,0,0,0,0,0,,914,856,,0,0,0,0
1604118459421,7,1010123456014,104,,1,0,6,1,2,,17.5226,597,117785,1.15638,241,0,9.33333,,0,0,0,0,0,0,0,0,0,,978,884,,0,0,0,0
1604118459671,7,1010123456014,104,,1,0,6,1,2,,17.7964,555,110169,1.28854,227,0,7.75,,0,0,0,0,0,0,0,0,0,,1046,916,,0,0,0,0
1604118459921,7,1010123456014,104,,1,0,6,1,2,,12.5085,413,123167,0.530592,159,0,9.5,,8.4878,41,0,0.1,17,41.1765,0,9.01595,31,,857,734,,0,0,0,4.14634
1604118460171,7,1010123456014,104,,1,0,6,1,2,,17.5445,584,115980,1.1681,233,0,9.5,,0,0,0,0,0,0,0,0,0,,1003,902,,0,0,0,0
1604118460421,7,1010123456014,104,,1,0,6,1,2,,15.9096,586,112658,1.11798,238,0,8.66667,,0,0,0,0,0,0,0,0,0,,1067,956,,0,0,0,0
1604118460671,7,1010123456014,104,,1,0,6,1,2,,16.7804,560,109956,1.07587,221,0,8.33333,,0,0,0,0,0,0,0,0,0,,990,880,,0,0,0,0
1604118460921,7,1010123456014,104,,1,0,6,1,2,,17.4975,607,102627,1.24115,242,0,9.25,,6.3871,31,0,0.1,12,83.3333,0,3.8302,31,,1021,940,,0,0,0,8.54839
1604118461171,7,1010123456014,104,,1,0,6,1,2,,16.7064,545,100216,1.06998,219,0,8.33333,,0,0,0,0,0,0,0,0,0,,1006,884,,0,0,0,0
1604118461421,7,1010123456014,104,,1,0,6,1,2,,15.3292,562,100958,1.00672,232,0,7.33333,,0,0,0,0,0,0,0,0,0,,956,884,,0,0,0,0
1604118461671,7,1010123456014,104,,1,0,6,1,2,,17.3015,524,98202,1.02656,206,0,10.4,,0,0,0,0,0,0,0,0,0,,930,860,,0,0,0,0
1604118461921,7,1010123456014,104,,1,0,6,1,2,,15.1146,515,101081,0.91392,206,0,6.83333,,6.83333,18,0,0.1,8,50,0,5.49473,31,,960,838,,0,0,0,5
1604118462171,7,1010123456014,104,,1,0,6,1,2,,20.7917,581,82955,1.56723,234,0,10.75,,0,0,0,0,0,0,0,0,0,,992,920,,0,0,0,0
1604118462421,7,1010123456014,104,,1,0,6,1,2,,17.9312,552,79779,1.10448,221,0,8.6,,0,0,0,0,0,0,0,0,0,,865,796,,0,0,0,0
1604118462671,7,1010123456014,104,,1,0,6,1,2,,14.892,565,82751,0.89904,226,0,7.66667,,0,0,0,0,0,0,0,0,0,,937,850,,0,0,0,0
1604118462921,7,1010123456014,104,,1,0,6,1,2,,16.3152,495,83272,0.986432,200,0,9.16667,,2.90909,66,0,0.1,27,22.2222,0,5.29559,31,,917,808,,0,0,0,3.04545
1604118463171,7,1010123456014,104,,1,0,6,1,2,,18.8946,607,75847,1.17859,241,0,10,,0,0,0,0,0,0,0,0,0,,873,824,,0,0,0,0
1604118463421,7,1010123456014,104,,1,0,6,1,2,,19.1912,591,64450,1.36221,239,0,10.1667,,0,0,0,0,0,0,0,0,0,,1003,922,,0,0,0,0
1604118463671,7,1010123456014,104,,1,0,6,1,2,,18.7755,597,55274,1.29955,241,0,10,,0,0,0,0,0,0,0,0,0,,1018,908,,0,0,0,0
1604118463921,7,1010123456014,104,,1,0,6,1,2,,23.1196,602,22472,2.04915,242,0,11,,10.4328,67,0,0.1,27,74.0741,0,4.90796,31,,1010,956,,0,0,0,7.44776
1604118464171,7,1010123456014,104,,1,0,6,1,2,,18.7663,582,12167,1.32205,232,0,10,,0,0,0,0,0,0,0,0,0,,1046,934,,0,0,0,0
1604118464421,7,1010123456014,104,,1,0,6,1,2,,18.7431,576,4599,1.25152,234,0,10,,0,0,0,0,0,0,0,0,0,,987,876,,0,0,0,0
1604118464671,7,1010123456014,104,,1,0,6,1,2,,17.1873,566,767,1.12323,230,0,9.2,,0,0,0,0,0,0,0,0,0,,961,886,,0,0,0,0
1604118464921,7,1010123456014,104,,1,0,6,1,2,,17.9805,563,935,0.994368,226,0,10,,5.03529,85,0,0.1,32,46.875,0,5.86272,31,,787,742,,0,0,0,5.64706
1604118465171,7,1010123456014,104,,1,0,6,1,2,,18.1707,539,1095,0.985504,213,0,10,,0,0,0,0,0,0,0,0,0,,821,732,,0,0,0,0
1604118465421,7,1010123456014,104,,1,0,6,1,2,,16.7589,560,2686,0.928928,226,0,9.33333,,0,0,0,0,0,0,0,0,0,,854,780,,0,0,0,0
1604118465671,7,1010123456014,104,,1,0,6,1,2,,16.8558,520,5039,0.916288,209,0,7.5,,0,0,0,0,0,0,0,0,0,,847,774,,0,0,0,0
1604118465921,7,1010123456014,104,,1,0,6,1,2,,18.235,549,0,1.13082,224,0,10,,2.8481,79,0,0.1,31,16.129,0,5.84505,31,,893,810,,0,0,0,2.87342
1604118466171,7,1010123456014,104,,1,0,6,1,2,,18.1684,564,0,0.99344,228,0,10,,0,0,0,0,0,0,0,0,0,,819,740,,0,0,0,0
1604118466421,7,1010123456014,104,,1,0,6,1,2,,18.2739,533,188,0.990368,212,0,10,,0,0,0,0,0,0,0,0,0,,798,730,,0,0,0,0
1604118466671,7,1010123456014,104,,1,0,6,1,2,,17.6365,586,368,0.991744,234,0,9.75,,0,0,0,0,0,0,0,0,0,,848,780,,0,0,0,0
1604118466921,7,1010123456014,104,,1,0,2,1,2,,17.9415,513,2744,0.948704,214,0,9.5,,2.42308,52,0,0.1,21,19.0476,0,5.52057,31,,745,694,,0,0,0,2.84615
1604118467171,7,1010123456014,104,,1,0,2,1,2,,5.76642,137,31746,0.04592,59,0,3,,0,0,0,0,0,0,0,0,0,,250,126,,0,0,0,0
1604118467421,7,1010123456014,104,,1,0,2,1,2,,0,0,61808,0,0,0,0.1,,0,0,0,0,0,0,0,0,0,,250,132,,0,0,0,0
1604118467671,7,1010123456014,104,,1,0,2,1,2,,15.9474,76,89747,0.05936,26,0,9.33333,,0,0,0,0,0,0,0,0,0,,250,130,,0,0,0,0
1604118467921,7,1010123456014,104,,1,0,2,1,2,,20.6734,199,111854,0.267072,82,0,11.1429,,3.12162,74,0,0.1,28,21.4286,0,4.91471,31,,250,162,,0,0,0,3.72973
1604118468171,7,1010123456014,104,,1,0,2,1,2,,21.7386,264,130261,0.386464,109,0,11,,0,0,0,0,0,0,0,0,0,,250,218,,0,0,0,0
1604118468421,7,1010123456014,104,,1,0,2,1,2,,21.4887,266,149097,0.377152,108,0,10.8333,,0,0,0,0,0,0,0,0,0,,251,214,,0,0,0,0
1604118468671,7,1010123456014,104,,1,0,2,1,2,,21.7129,209,170305,0.300704,85,0,8.25,,0,0,0,0,0,0,0,0,0,,250,178,,0,0,0,0
1604118468921,7,1010123456014,104,,1,0,2,1,2,,23.2835,127,182931,0.191232,48,0,11.6667,,5.84906,53,0,0.1,21,23.8095,0,9.94373,31,,249,182,,0,0,0,2.81132
1604118469171,7,1010123456014,104,,1,0,2,1,2,,21.5961,203,183961,0.298656,85,0,11,,0,0,0,0,0,0,0,0,0,,251,172,,0,0,0,0
1604118469421,7,1010123456014,104,,1,0,2,1,2,,21.0049,206,183805,0.2984,89,0,11,,0,0,0,0,0,0,0,0,0,,249,172,,0,0,0,0
1604118469671,7,1010123456014,104,,1,0,2,1,2,,17.2567,187,183748,0.18896,73,0,9.33333,,0,0,0,0,0,0,0,0,0,,250,154,,0,0,0,0
1604118469921,7,1010123456014,104,,1,0,2,1,2,,18.4479,288,183515,0.342496,121,0,11,,6.4375,16,0,0.1,6,16.6667,0,11.1953,31,,249,238,,0,0,0,3.0625
1604118470171,7,1010123456014,104,,1,0,2,1,2,,21.7477,214,183112,0.291136,82,0,8.25,,0,0,0,0,0,0,0,0,0,,251,198,,0,0,0,0
1604118470421,7,1010123456014,104,,1,0,2,1,2,,21.7576,66,183298,0.103328,29,0,0.1,,0,0,0,0,0,0,0,0,0,,250,208,,0,0,0,0
1604118470671,7,1010123456014,104,,1,0,2,1,2,,22.1391,115,183905,0.155584,42,0,11.3333,,0,0,0,0,0,0,0,0,0,,249,130,,0,0,0,0
1604118470921,7,1010123456014,104,,1,0,2,1,2,,16.5275,182,183830,0.196576,73,0,10,,5.5,44,0,0.1,17,41.1765,0,4.17868,31,,250,144,,0,0,0,6.18182
1604118471171,7,1010123456014,104,,1,0,2,1,2,,23.3289,225,184269,0.365664,91,0,11.6,,0,0,0,0,0,0,0,0,0,,250,182,,0,0,0,0
1604118471421,7,1010123456014,104,,1,0,2,1,2,,23.8372,258,184087,0.43264,104,0,12,,0,0,0,0,0,0,0,0,0,,250,208,,0,0,0,0
1604118471671,7,1010123456014,104,,1,0,2,1,2,,26.2899,238,184207,0.47312,97,0,12.3333,,0,0,0,0,0,0,0,0,0,,250,194,,0,0,0,0
1604118471921,7,1010123456014,104,,1,0,2,1,2,,21.4658,161,184142,0.241056,69,0,11,,12.15,80,0,0.126208,31,64.5161,0,7.41651,31,,250,138,,0,0,0,7.225
1604118472171,7,1010123456014,104,,1,0,2,1,2,,18.0577,52,183970,0.063712,23,0,4,,0,0,0,0,0,0,0,0,0,,250,126,,0,0,0,0
1604118472421,7,1010123456014,104,,1,0,2,1,2,,11.8797,241,184210,0.137568,93,0,0.1,,0,0,0,0,0,0,0,0,0,,250,192,,0,0,0,0
1604118472671,7,1010123456014,104,,1,0,2,1,2,,14.6182,220,183043,0.182112,89,0,12,,0,0,0,0,0,0,0,0,0,,250,176,,0,0,0,0
1604118472921,7,1010123456014,104,,1,0,2,1,2,,22.9412,68,183928,0.12208,31,0,6.5,,5.39683,63,0,0.1,26,34.6154,0,7.01137,31,,250,180,,0,0,0,3.98413
1604118473171,7,1010123456014,104,,1,0,2,1,2,,16.2638,163,183796,0.143424,60,0,9.25,,0,0,0,0,0,0,0,0,0,,250,154,,0,0,0,0
1604118473421,7,1010123456014,104,,1,0,2,1,2,,21.3618,199,184278,0.26176,76,0,11,,0,0,0,0,0,0,0,0,0,,250,156,,0,0,0,0
1604118473671,7,1010123456014,104,,1,0,2,1,2,,20.3812,181,184392,0.237664,72,0,8,,0,0,0,0,0,0,0,0,0,,250,142,,0,0,0,0
1604118473921,7,1010123456014,104,,1,0,2,1,2,,23.9708,274,184453,0.473728,112,0,12.6667,,3.66667,15,0,0.1,6,0,0,6.86062,31,,250,222,,0,0,0,1.86667
1604118474171,7,1010123456014,104,,1,0,2,1,2,,21.2571,175,184423,0.245472,71,0,11,,0,0,0,0,0,0,0,0,0,,250,140,,0,0,0,0
1604118474421,7,1010123456014,104,,1,0,2,1,2,,21.7205,229,184526,0.315424,89,0,11,,0,0,0,0,0,0,0,0,0,,250,186,,0,0,0,0
1604118474671,7,1010123456014,104,,1,0,2,1,2,,16.0866,231,184359,0.264448,99,0,9.33333,,0,0,0,0,0,0,0,0,0,,250,188,,0,0,0,0
1604118474921,7,1010123456014,104,,1,0,2,1,2,,6,232,184027,0.064768,92,0,0.1,,7.11111,18,0,0.1,7,14.2857,0,9.66212,31,,251,196,,0,0,0,2.5
1604118475171,7,1010123456014,104,,1,0,2,1,2,,14.0542,203,183234,0.169408,81,0,9.5,,0,0,0,0,0,0,0,0,0,,250,158,,0,0,0,0
1604118475421,7,1010123456014,104,,1,0,2,1,2,,17.8011,186,184103,0.218944,81,0,9.66667,,0,0,0,0,0,0,0,0,0,,250,156,,0,0,0,0
1604118475671,7,1010123456014,104,,1,0,2,1,2,,20.4568,162,183453,0.208928,65,0,11,,0,0,0,0,0,0,0,0,0,,250,132,,0,0,0,0
1604118475921,7,1010123456014,104,,1,0,2,1,2,,21.6095,210,183053,0.291936,83,0,11,,6.07937,63,0,0.1,26,53.8462,0,5.16543,31,,250,168,,0,0,0,6.34921
1604118476171,7,1010123456014,104,,1,0,2,1,2,,21.3776,241,183091,0.331264,96,0,11,,0,0,0,0,0,0,0,0,0,,249,192,,0,0,0,0
1604118476421,7,1010123456014,104,,1,0,2,1,2,,15.9957,234,183425,0.222816,89,0,9,,0,0,0,0,0,0,0,0,0,,250,182,,0,0,0,0
1604118476671,7,1010123456014,104,,1,0,2,1,2,,21.7767,215,184336,0.317216,89,0,11,,0,0,0,0,0,0,0,0,0,,251,170,,0,0,0,0
1604118476921,7,1010123456014,104,,1,0,2,1,2,,21.4222,225,183762,0.301728,87,0,10,,1.56,50,0,0.1,20,0,0,7.03761,31,,249,176,,0,0,0,1.06
1604118477171,7,1010123456014,104,,1,0,2,1,2,,20.3249,197,183260,0.250784,79,0,11,,0,0,0,0,0,0,0,0,0,,250,160,,0,0,0,0
1604118477421,7,1010123456014,104,,1,0,2,1,2,,21.3248,234,183453,0.328288,95,0,10.6667,,0,0,0,0,0,0,0,0,0,,250,190,,0,0,0,0
1604118477671,7,1010123456014,104,,1,0,2,1,2,,18.8636,220,184130,0.255776,86,0,9.25,,0,0,0,0,0,0,0,0,0,,250,176,,0,0,0,0
1604118477921,7,1010123456014,104,,1,0,2,1,2,,21.6802,222,183190,0.328832,92,0,11.3333,,5,15,0,0.1,6,0,0,7.83713,31,,250,178,,0,0,0,1.2
1604118478171,7,1010123456014,104,,1,0,2,1,2,,21.2879,264,183479,0.36752,107,0,11,,0,0,0,0,0,0,0,0,0,,250,216,,0,0,0,0
1604118478421,7,1010123456014,104,,1,0,2,1,2,,17.0569,211,183708,0.231776,86,0,9.5,,0,0,0,0,0,0,0,0,0,,250,172,,0,0,0,0
1604118478671,7,1010123456014,104,,1,0,2,1,2,,21.725,240,183057,0.343584,97,0,11,,0,0,0,0,0,0,0,0,0,,250,200,,0,0,0,0
1604118478921,7,1010123456014,104,,1,0,2,1,2,,21.7173,237,183254,0.338976,95,0,10.6,,7.02632,76,0,0.1,30,70,0,5.08788,31,,250,184,,0,0,0,7.39474
1604118479171,7,1010123456014,104,,1,0,2,1,2,,20.2227,229,183054,0.284256,89,0,10.5,,0,0,0,0,0,0,0,0,0,,250,182,,0,0,0,0
1604118479421,7,1010123456014,104,,1,0,2,1,2,,21.4504,282,184132,0.403712,116,0,10.8,,0,0,0,0,0,0,0,0,0,,250,226,,0,0,0,0
1604118479671,7,1010123456014,104,,1,0,2,1,2,,20,5,183946,0.012928,4,0,0.1,,0,0,0,0,0,0,0,0,0,,250,190,,0,0,0,0
1604118479921,7,1010123456014,104,,1,0,2,1,2,,22,43,183525,0.05424,15,0,11,,0,0,0,0,0,0,0,0,0,,250,194,,0,0,0,0
1604118480171,7,1010123456014,104,,1,0,2,1,2,,20.1603,156,183338,0.204576,65,0,6.66667,,2.86957,23,0,0.1,9,11.1111,0,5.11675,31,,250,160,,0,0,0,2.6087
1604118480421,7,1010123456014,104,,1,0,2,1,2,,20.1746,63,183938,0.066208,21,0,11,,0,0,0,0,0,0,0,0,0,,250,190,,0,0,0,0
1604118480671,7,1010123456014,104,,1,0,2,1,2,,21.2708,144,183672,0.208544,61,0,6,,0,0,0,0,0,0,0,0,0,,250,210,,0,0,0,0
1604118480921,7,1010123456014,104,,1,0,2,1,2,,0,0,183672,0,0,0,1,,0,0,0,0,0,0,0,0,0,,250,186,,0,0,0,0
1604118481171,7,1010123456014,104,,1,0,2,1,2,,20,20,182929,0.006208,2,0,10,,0,0,0,0,0,0,0,0,0,,250,226,,0,0,0,0
1604118481421,7,1010123456014,104,,1,0,2,1,2,,18.6316,247,184309,0.300896,105,0,9,,2.37143,35,0,0.1,14,0,0,6.41483,31,,251,202,,0,0,0,1.82857
1604118481671,7,1010123456014,104,,1,0,2,1,2,,21.9927,275,183782,0.38304,106,0,11,,0,0,0,0,0,0,0,0,0,,249,220,,0,0,0,0
1604118481921,7,1010123456014,104,,1,0,2,1,2,,21.7689,225,183736,0.348992,98,0,11,,6.3125,16,0,0.1,6,16.6667,0,7.48308,31,,251,188,,0,0,0,2.8125
1604118482171,7,1010123456014,104,,1,0,2,1,2,,21.7913,254,184250,0.360352,101,0,11,,0,0,0,0,0,0,0,0,0,,249,204,,0,0,0,0
1604118482421,7,1010123456014,104,,1,0,2,1,2,,21.0295,271,183546,0.354272,105,0,10.6667,,0,0,0,0,0,0,0,0,0,,251,212,,0,0,0,0
1604118482671,7,1010123456014,104,,1,0,2,1,2,,21.5946,222,183729,0.328384,94,0,11,,0,0,0,0,0,0,0,0,0,,250,188,,0,0,0,0
1604118482921,7,1010123456014,104,,1,0,2,1,2,,22.7534,223,183572,0.34864,91,0,11.3333,,5.73684,19,0,0.1,8,37.5,0,6.41995,31,,249,174,,0,0,0,4.78947
1604118483171,7,1010123456014,104,,1,0,2,1,2,,21.6079,227,183957,0.2984,85,0,11,,0,0,0,0,0,0,0,0,0,,251,182,,0,0,0,0
1604118483421,7,1010123456014,104,,1,0,2,1,2,,21.2292,253,183595,0.357632,104,0,11,,0,0,0,0,0,0,0,0,0,,249,202,,0,0,0,0
1604118483671,7,1010123456014,104,,1,0,2,1,2,,23.2383,235,183890,0.37216,94,0,11.6667,,0,0,0,0,0,0,0,0,0,,250,186,,0,0,0,0
1604118483921,7,1010123456014,104,,1,0,2,1,2,,19.0451,266,183212,0.304,101,0,10,,1.62069,29,0,0.1,12,0,0,6.09693,31,,250,208,,0,0,0,1.7931
1604118484171,7,1010123456014,104,,1,0,2,1,2,,21.479,286,183043,0.390112,113,0,10.6667,,0,0,0,0,0,0,0,0,0,,250,222,,0,0,0,0
1604118484421,7,1010123456014,104,,1,0,2,1,2,,21.0658,243,183431,0.315328,94,0,11,,0,0,0,0,0,0,0,0,0,,250,190,,0,0,0,0
1604118484671,7,1010123456014,104,,1,0,2,1,2,,20.7171,258,183141,0.34784,104,0,10.4,,0,0,0,0,0,0,0,0,0,,249,206,,0,0,0,0
1604118484921,7,1010123456014,104,,1,0,2,1,2,,18.6639,244,184416,0.302048,99,0,7,,6.59524,42,0,0.1,16,25,0,6.84184,31,,250,192,,0,0,0,4.47619
1604118485171,7,1010123456014,104,,1,0,2,1,2,,21.5328,229,183534,0.300224,86,0,11,,0,0,0,0,0,0,0,0,0,,250,180,,0,0,0,0
1604118485421,7,1010123456014,104,,1,0,2,1,2,,20.5584,154,183309,0.212768,65,0,8,,0,0,0,0,0,0,0,0,0,,250,132,,0,0,0,0
1604118485671,7,1010123456014,104,,1,0,2,1,2,,0,0,183309,0,0,0,0.1,,0,0,0,0,0,0,0,0,0,,250,168,,0,0,0,0
1604118485921,7,1010123456014,104,,1,0,2,1,2,,21.1631,141,183171,0.1848,55,0,10.5,,3.13636,22,0,0.1,9,0,0,5.85124,31,,250,182,,0,0,0,1.31818
1604118486171,7,1010123456014,104,,1,0,2,1,2,,21.5103,243,184335,0.341312,98,0,11,,0,0,0,0,0,0,0,0,0,,250,196,,0,0,0,0
1604118486421,7,1010123456014,104,,1,0,2,1,2,,21.5789,228,183421,0.322944,92,0,11,,0,0,0,0,0,0,0,0,0,,250,180,,0,0,0,0
1604118486671,7,1010123456014,104,,1,0,2,1,2,,16.5211,213,184272,0.214816,87,0,8,,0,0,0,0,0,0,0,0,0,,250,174,,0,0,0,0
1604118486921,7,1010123456014,104,,1,0,2,1,2,,19.8589,241,183562,0.297696,97,0,10.5,,0.3,60,0,0.1,24,8.33333,0,4.76851,31,,250,200,,0,0,0,1.8
1604118487171,7,1010123456014,104,,1,0,2,1,2,,20.5312,224,183303,0.305728,94,0,10.6667,,0,0,0,0,0,0,0,0,0,,250,182,,0,0,0,0
1604118487421,7,1010123456014,104,,1,0,2,1,2,,21.2766,235,183938,0.30848,90,0,10.6667,,0,0,0,0,0,0,0,0,0,,250,182,,0,0,0,0
1604118487671,7,1010123456014,104,,1,0,2,1,2,,20.5795,283,183019,0.346464,107,0,10.5,,0,0,0,0,0,0,0,0,0,,250,224,,0,0,0,0
1604118487921,7,1010123456014,104,,1,0,2,1,2,,21.8594,256,183684,0.376096,105,0,11,,7.29167,24,0,0.1,9,44.4444,0,6.8432,31,,251,202,,0,0,0,5.75
1604118488171,7,1010123456014,104,,1,0,2,1,2,,21.8242,256,184267,0.361888,101,0,10.8,,0,0,0,0,0,0,0,0,0,,249,200,,0,0,0,0
1604118488421,7,1010123456014,104,,1,0,2,1,2,,20.983,236,183705,0.30016,90,0,11,,0,0,0,0,0,0,0,0,0,,250,182,,0,0,0,0
1604118488671,7,1010123456014,104,,1,0,2,1,2,,21.8069,233,183619,0.33168,93,0,11,,0,0,0,0,0,0,0,0,0,,251,190,,0,0,0,0
1604118488921,7,1010123456014,104,,1,0,2,1,2,,18.0843,261,183301,0.300864,107,0,7.5,,7.74576,59,0,0.1,24,54.1667,0,6.55076,31,,250,212,,0,0,0,6.25424
1604118489171,7,1010123456014,104,,1,0,2,1,2,,20.6667,276,183834,0.368928,113,0,11,,0,0,0,0,0,0,0,0,0,,249,222,,0,0,0,0
1604118489421,7,1010123456014,104,,1,0,2,1,2,,5.37615,109,184084,0.047328,47,0,5.33333,,0,0,0,0,0,0,0,0,0,,250,178,,0,0,0,0
1604118489671,7,1010123456014,104,,1,0,2,1,2,,21.5167,269,183891,0.38336,110,0,10.6667,,0,0,0,0,0,0,0,0,0,,250,222,,0,0,0,0
1604118489921,7,1010123456014,104,,1,0,2,1,2,,19.7067,225,184203,0.273856,90,0,10,,5.76667,30,0,0.1,12,16.6667,0,7.267,31,,250,184,,0,0,0,2.66667
1604118490171,7,1010123456014,104,,1,0,2,1,2,,19.2694,219,183826,0.252064,87,0,0.1,,0,0,0,0,0,0,0,0,0,,250,174,,0,0,0,0
1604118490421,7,1010123456014,104,,1,0,2,1,2,,20.3915,212,183980,0.283296,89,0,10,,0,0,0,0,0,0,0,0,0,,250,176,,0,0,0,0
1604118490671,7,1010123456014,104,,1,0,2,1,2,,20.1164,275,183806,0.33792,108,0,11,,0,0,0,0,0,0,0,0,0,,250,216,,0,0,0,0
1604118490921,7,1010123456014,104,,1,0,2,1,2,,20.9614,233,183157,0.303904,91,0,10.5,,11.3478,46,0,0.1,19,52.6316,0,7.19414,31,,250,184,,0,0,0,6.26087
1604118491171,7,1010123456014,104,,1,0,2,1,2,,21.7155,239,184364,0.343584,97,0,11,,0,0,0,0,0,0,0,0,0,,251,192,,0,0,0,0
1604118491421,7,1010123456014,104,,1,0,2,1,2,,21.6368,234,184103,0.345152,98,0,0.1,,0,0,0,0,0,0,0,0,0,,249,194,,0,0,0,0
1604118491671,7,1010123456014,104,,1,0,2,1,2,,21.7382,233,183754,0.33376,94,0,11,,0,0,0,0,0,0,0,0,0,,250,194,,0,0,0,0
1604118491921,7,1010123456014,104,,1,0,2,1,2,,22.1478,230,183477,0.351616,96,0,11.5,,8.27273,22,0,0.1,10,40,0,8.72018,31,,250,186,,0,0,0,4.5
1604118492171,7,1010123456014,104,,1,0,2,1,2,,24.5261,211,183561,0.367232,84,0,12,,0,0,0,0,0,0,0,0,0,,250,172,,0,0,0,0
1604118492421,7,1010123456014,104,,1,0,2,1,2,,24.8841,207,183575,0.38832,87,0,12.5,,0,0,0,0,0,0,0,0,0,,250,170,,0,0,0,0
1604118492671,7,1010123456014,104,,1,0,2,1,2,,24.8547,234,182495,0.402368,90,0,12,,0,0,0,0,0,0,0,0,0,,250,186,,0,0,0,0
1604118492921,7,1010123456014,104,,1,0,2,1,2,,23.759,249,183857,0.440544,103,0,12,,7.68421,19,0,0.1,8,25,0,9.03365,31,,250,202,,0,0,0,3.52632
1604118493171,7,1010123456014,104,,1,0,2,1,2,,21.7395,215,183267,0.301216,85,0,11,,0,0,0,0,0,0,0,0,0,,250,172,,0,0,0,0
1604118493421,7,1010123456014,104,,1,0,2,1,2,,21.5808,229,183700,0.325792,93,0,11,,0,0,0,0,0,0,0,0,0,,250,182,,0,0,0,0
1604118493671,7,1010123456014,104,,1,0,2,1,2,,17.9456,239,184022,0.277248,98,0,10,,0,0,0,0,0,0,0,0,0,,250,200,,0,0,0,0
1604118493921,7,1010123456014,104,,1,0,2,1,2,,19.0766,248,183689,0.287616,98,0,11,,2.96667,30,0,0.1,12,8.33333,0,7.21202,31,,250,198,,0,0,0,2.13333
1604118494171,7,1010123456014,104,,1,0,2,1,2,,21.5817,251,184371,0.372288,106,0,11,,0,0,0,0,0,0,0,0,0,,250,204,,0,0,0,0
1604118494421,7,1010123456014,104,,1,0,2,1,2,,21.6694,242,183860,0.353408,100,0,8,,0,0,0,0,0,0,0,0,0,,250,220,,0,0,0,0
1604118494671,7,1010123456014,104,,1,0,2,1,2,,0,0,183860,0,0,0,0.1,,0,0,0,0,0,0,0,0,0,,251,198,,0,0,0,0
1604118494921,7,1010123456014,104,,1,0,2,1,2,,0,0,183860,0,0,0,0.1,,0,0,0,0,0,0,0,0,0,,249,190,,0,0,0,0
1604118495171,7,1010123456014,104,,1,0,2,1,2,,0,0,183860,0,0,0,2,,0,0,0,0,0,0,0,0,0,,249,190,,0,0,0,0
1604118495421,7,1010123456014,104,,1,0,2,1,2,,0,0,183860,0,0,0,0.1,,0,0,0,0,0,0,0,0,0,,250,174,,0,0,0,0
1604118495671,7,1010123456014,104,,1,0,2,1,2,,20,28,184269,0.021728,7,0,6,,0,0,0,0,0,0,0,0,0,,250,224,,0,0,0,0
1604118495921,7,1010123456014,104,,1,0,2,1,2,,21.4511,266,183015,0.372608,108,0,10.75,,3.27419,62,0,0.1,25,8,0,8.70692,31,,250,216,,0,0,0,1.93548
1604118496171,7,1010123456014,104,,1,0,2,1,2,,20.3692,214,183337,0.273408,86,0,10,,0,0,0,0,0,0,0,0,0,,250,174,,0,0,0,0
1604118496421,7,1010123456014,104,,1,0,2,1,2,,18.6602,206,183410,0.253952,86,0,10.4,,0,0,0,0,0,0,0,0,0,,250,162,,0,0,0,0
1604118496671,7,1010123456014,104,,1,0,2,1,2,,11.6258,163,184120,0.122624,63,0,6.33333,,0,0,0,0,0,0,0,0,0,,250,192,,0,0,0,0
1604118496921,7,1010123456014,104,,1,0,2,1,2,,18.2623,244,183078,0.261152,92,0,10.25,,7.18182,22,0,0.1,8,25,0,7.04959,31,,250,190,,0,0,0,3.72727
1604118497171,7,1010123456014,104,,1,0,2,1,2,,20.9349,215,184395,0.289856,86,0,10.6667,,0,0,0,0,0,0,0,0,0,,250,170,,0,0,0,0
1604118497421,7,1010123456014,104,,1,0,2,1,2,,24.6981,212,184153,0.391264,87,0,11.6667,,0,0,0,0,0,0,0,0,0,,250,172,,0,0,0,0
1604118497671,7,1010123456014,104,,1,0,2,1,2,,14.0415,265,183748,0.248192,104,0,8.66667,,0,0,0,0,0,0,0,0,0,,250,214,,0,0,0,0
1604118497921,7,1010123456014,104,,1,0,2,1,2,,22,5,183530,0.025312,7,0,1,,3.76316,38,0,0.1,15,13.3333,0,8.54468,31,,250,162,,0,0,0,2.55263
1604118498171,7,1010123456014,104,,1,0,2,1,2,,5.40704,199,184368,0.053376,74,0,11,,0,0,0,0,0,0,0,0,0,,250,160,,0,0,0,0
1604118498421,7,1010123456014,104,,1,0,2,1,2,,21.6939,245,183829,0.365152,103,0,11.5,,0,0,0,0,0,0,0,0,0,,250,198,,0,0,0,0
1604118498671,7,1010123456014,104,,1,0,2,1,2,,22.035,257,183657,0.375648,103,0,11.5,,0,0,0,0,0,0,0,0,0,,250,212,,0,0,0,0
1604118498921,7,1010123456014,104,,1,0,2,1,2,,25.7966,118,183818,0.248416,51,0,8.33333,,11.1818,55,0,0.13712,23,43.4783,0,9.44099,31,,250,188,,0,0,0,4.65455
1604118499171,7,1010123456014,104,,1,0,2,1,2,,0,0,183818,0,0,0,0.1,,0,0,0,0,0,0,0,0,0,,250,154,,0,0,0,0
1604118499421,7,1010123456014,104,,1,0,2,1,2,,0,0,183818,0,0,0,0.1,,0,0,0,0,0,0,0,0,0,,250,188,,0,0,0,0
1604118499671,7,1010123456014,104,,1,0,2,1,2,,9.53488,86,183794,0.042272,33,0,8.5,,0,0,0,0,0,0,0,0,0,,250,172,,0,0,0,0
1604118499921,7,1010123456014,104,,1,0,2,1,2,,17.7849,251,183606,0.290112,99,0,10.5,,7.85714,35,0,0.1,14,14.2857,0,9.79571,31,,250,200,,0,0,0,3.4
1604118500171,7,1010123456014,104,,1,0,2,1,2,,22.8162,234,182906,0.342432,89,0,11.5,,0,0,0,0,0,0,0,0,0,,250,184,,0,0,0,0
1604118500421,7,1010123456014,104,,1,0,2,1,2,,22.0667,75,183662,0.144576,38,0,4,,0,0,0,0,0,0,0,0,0,,250,186,,0,0,0,0
1604118500671,7,1010123456014,104,,1,0,2,1,2,,12.0455,154,184494,0.108032,60,0,5,,0,0,0,0,0,0,0,0,0,,250,202,,0,0,0,0
1604118500921,7,1010123456014,104,,1,0,2,1,2,,21.6917,253,183547,0.364256,103,0,11,,12.2727,11,0,0.1,4,0,0,14.3906,31,,250,206,,0,0,0,1.81818
1604118501171,7,1010123456014,104,,1,0,2,1,2,,21.0404,198,183987,0.27488,80,0,8.2,,0,0,0,0,0,0,0,0,0,,250,190,,0,0,0,0
1604118501421,7,1010123456014,104,,1,0,2,1,2,,15.8383,235,183983,0.23792,95,0,9.5,,0,0,0,0,0,0,0,0,0,,250,194,,0,0,0,0
1604118501671,7,1010123456014,104,,1,0,2,1,2,,20.8062,258,184279,0.380544,104,0,10.2,,0,0,0,0,0,0,0,0,0,,250,206,,0,0,0,0
1604118501921,7,1010123456014,104,,1,0,2,1,2,,20.5217,253,184017,0.341856,97,0,10.4,,13.8222,45,0,0.149472,18,38.8889,0,11.4596,31,,249,198,,0,0,0,4.8
1604118502171,7,1010123456014,104,,1,0,2,1,2,,6,20,183873,0.009152,13,0,0.1,,0,0,0,0,0,0,0,0,0,,250,154,,0,0,0,0
1604118502421,7,1010123456014,104,,1,0,2,1,2,,6,58,183441,0.01408,20,0,1.66667,,0,0,0,0,0,0,0,0,0,,250,192,,0,0,0,0
1604118502671,7,1010123456014,104,,1,0,2,1,2,,16.3984,251,183629,0.255744,98,0,12,,0,0,0,0,0,0,0,0,0,,249,198,,0,0,0,0
1604118502921,7,1010123456014,104,,1,0,2,1,2,,27.8421,95,184297,0.243264,42,0,0.1,,13.5385,13,0,0.1,5,0,0,17.4189,31,,250,210,,0,0,0,1.23077
1604118503171,7,1010123456014,104,,1,0,2,1,2,,20.3814,215,183232,0.267008,84,0,10.6667,,0,0,0,0,0,0,0,0,0,,250,198,,0,0,0,0
1604118503421,7,1010123456014,104,,1,0,2,1,2,,22.2411,253,183427,0.3672,99,0,11.25,,0,0,0,0,0,0,0,0,0,,250,202,,0,0,0,0
1604118503671,7,1010123456014,104,,1,0,2,1,2,,21.9017,173,184562,0.261152,73,0,7.66667,,0,0,0,0,0,0,0,0,0,,250,186,,0,0,0,0
1604118503921,7,1010123456014,104,,1,0,2,1,2,,21.6892,222,183677,0.300192,85,0,11,,13.7736,53,0,0.164736,22,45.4545,0,10.951,31,,250,180,,0,0,0,4.98113
1604118504171,7,1010123456014,104,,1,0,2,1,2,,22.8468,222,183346,0.321952,85,0,9.83333,,0,0,0,0,0,0,0,0,0,,250,194,,0,0,0,0
1604118504421,7,1010123456014,104,,1,0,2,1,2,,23.5602,241,183715,0.437664,101,0,11.2,,0,0,0,0,0,0,0,0,0,,250,196,,0,0,0,0
1604118504671,7,1010123456014,104,,1,0,2,1,2,,23.1361,213,183462,0.343776,87,0,11.6,,0,0,0,0,0,0,0,0,0,,250,172,,0,0,0,0
1604118504921,7,1010123456014,104,,1,0,2,1,2,,22.2579,252,183661,0.374944,101,0,11.4,,11.1429,7,0,0.1,3,0,0,10.3177,31,,250,202,,0,0,0,1.85714
1604118505171,7,1010123456014,104,,1,0,2,1,2,,25.0186,161,183197,0.301216,65,0,10.5,,0,0,0,0,0,0,0,0,0,,250,164,,0,0,0,0
1604118505421,7,1010123456014,104,,1,0,2,1,2,,22.2296,257,183406,0.369408,100,0,11.3333,,0,0,0,0,0,0,0,0,0,,250,202,,0,0,0,0
1604118505671,7,1010123456014,104,,1,0,2,1,2,,24.5584,231,183931,0.39472,87,0,10.6667,,0,0,0,0,0,0,0,0,0,,250,214,,0,0,0,0
1604118505921,7,1010123456014,104,,1,0,2,1,2,,23.2724,257,183332,0.397344,101,0,11.5,,13.5556,45,0,0.141376,18,38.8889,0,10.9121,31,,250,200,,0,0,0,5.35556
1604118506171,7,1010123456014,104,,1,0,2,1,2,,22.956,250,184447,0.40688,103,0,11.4,,0,0,0,0,0,0,0,0,0,,250,200,,0,0,0,0
1604118506421,7,1010123456014,104,,1,0,2,1,2,,25.3162,234,183277,0.40992,90,0,13,,0,0,0,0,0,0,0,0,0,,250,182,,0,0,0,0
1604118506671,7,1010123456014,104,,1,0,2,1,2,,26.625,224,184212,0.448672,89,0,12.8,,0,0,0,0,0,0,0,0,0,,250,176,,0,0,0,0
1604118506921,7,1010123456014,104,,1,0,2,1,2,,26.7963,216,183944,0.430912,86,0,13.2,,8.5,8,0,0.1,3,0,0,15.0831,31,,250,172,,0,0,0,1.375
1604118507171,7,1010123456014,104,,1,0,2,1,2,,23.9697,165,183944,0.278976,66,0,9.6,,0,0,0,0,0,0,0,0,0,,250,200,,0,0,0,0
1604118507421,7,1010123456014,104,,1,0,2,1,2,,25.9507,223,183757,0.440352,93,0,12.6667,,0,0,0,0,0,0,0,0,0,,250,182,,0,0,0,0
1604118507671,7,1010123456014,104,,1,0,2,1,2,,23.8409,264,182924,0.460768,107,0,11.6667,,0,0,0,0,0,0,0,0,0,,251,212,,0,0,0,0
1604118507921,7,1010123456014,104,,1,0,2,1,2,,22.5288,278,183517,0.461216,113,0,11.3333,,10.5455,11,0,0.1,4,0,0,21.9591,31,,249,224,,0,0,0,1
1604118508171,7,1010123456014,104,,1,0,2,1,2,,26.0581,172,183759,0.321504,67,0,10,,0,0,0,0,0,0,0,0,0,,251,192,,0,0,0,0
1604118508421,7,1010123456014,104,,1,0,2,1,2,,25.596,250,183886,0.466976,101,0,12.6,,0,0,0,0,0,0,0,0,0,,250,204,,0,0,0,0
1604118508671,7,1010123456014,104,,1,0,2,1,2,,23.0159,251,183854,0.409152,98,0,10.75,,0,0,0,0,0,0,0,0,0,,250,204,,0,0,0,0
1604118508921,7,1010123456014,104,,1,0,2,1,2,,26.8704,247,183678,0.494304,99,0,13,,13.25,8,0,0.1,3,0,0,14.4837,31,,249,190,,0,0,0,1.375
1604118509171,7,1010123456014,104,,1,0,2,1,2,,26.7022,272,184033,0.556256,111,0,13.2,,0,0,0,0,0,0,0,0,0,,250,222,,0,0,0,0
1604118509421,7,1010123456014,104,,1,0,2,1,2,,25.2222,216,183710,0.39056,85,0,12.25,,0,0,0,0,0,0,0,0,0,,250,172,,0,0,0,0
1604118509671,7,1010123456014,104,,1,0,2,1,2,,24.2756,225,183421,0.38608,91,0,11.8333,,0,0,0,0,0,0,0,0,0,,250,182,,0,0,0,0
1604118509921,7,1010123456014,104,,1,0,2,1,2,,24.1561,269,184129,0.453312,106,0,11.8571,,13.3846,13,0,0.1,6,33.3333,0,16.8541,31,,250,212,,0,0,0,3.76923
1604118510171,7,1010123456014,104,,1,0,2,1,2,,26.2304,191,183056,0.368416,77,0,13,,0,0,0,0,0,0,0,0,0,,250,152,,0,0,0,0
1604118510421,7,1010123456014,104,,1,0,2,1,2,,25.3839,224,183156,0.422752,91,0,12.3333,,0,0,0,0,0,0,0,0,0,,250,184,,0,0,0,0
1604118510671,7,1010123456014,104,,1,0,2,1,2,,23.8051,195,183184,0.324832,79,0,11.6667,,0,0,0,0,0,0,0,0,0,,250,160,,0,0,0,0
1604118510921,7,1010123456014,104,,1,0,2,1,2,,22.9073,151,183418,0.245056,62,0,9.66667,,8.875,32,0,0.1,13,15.3846,0,10.4965,31,,250,170,,0,0,0,2.65625
1604118511171,7,1010123456014,104,,1,0,2,1,2,,22.6907,194,182848,0.293408,77,0,9.83333,,0,2,0,0.1,1,0,0,0,31,,250,182,,0,0,0,0
1604118511421,7,1010123456014,104,,1,0,2,1,2,,24.8205,273,184348,0.472768,106,0,12,,0,0,0,0,0,0,0,0,0,,250,212,,0,0,0,0
1604118511671,7,1010123456014,104,,1,0,2,1,2,,23.6871,163,183141,0.2848,68,0,8.5,,0,0,0,0,0,0,0,0,0,,250,200,,0,0,0,0
1604118511921,7,1010123456014,104,,1,0,2,1,2,,21.9302,215,183941,0.311424,84,0,10.2,,11.7143,7,0,0.1,3,0,0,21.3519,31,,250,168,,0,0,0,1
1604118512171,7,1010123456014,104,,1,0,2,1,2,,20.6585,205,184168,0.280704,85,0,11.3333,,0,0,0,0,0,0,0,0,0,,250,166,,0,0,0,0
1604118512421,7,1010123456014,104,,1,0,2,1,2,,19.9218,179,184508,0.218528,68,0,8.16667,,0,0,0,0,0,0,0,0,0,,250,182,,0,0,0,0
1604118512671,7,1010123456014,104,,1,0,2,1,2,,22.2314,242,183527,0.361216,98,0,11.1667,,0,0,0,0,0,0,0,0,0,,250,198,,0,0,0,0
1604118512921,7,1010123456014,104,,1,0,2,1,2,,21.4858,212,184323,0.313216,90,0,10.8571,,15.6727,55,0,0.17568,23,52.1739,0,11.8262,31,,250,176,,0,0,0,5.85455
1604118513171,7,1010123456014,104,,1,0,2,1,2,,21.2263,243,184083,0.33712,99,0,10.8333,,0,0,0,0,0,0,0,0,0,,250,200,,0,0,0,0
1604118513421,7,1010123456014,104,,1,0,2,1,2,,19.8615,231,183787,0.299296,93,0,10,,0,0,0,0,0,0,0,0,0,,250,184,,0,0,0,0
1604118513671,7,1010123456014,104,,1,0,2,1,2,,21.6017,231,184095,0.322688,92,0,10.8333,,0,0,0,0,0,0,0,0,0,,250,184,,0,0,0,0
1604118513921,7,1010123456014,104,,1,0,2,1,2,,21.3708,240,183929,0.33888,98,0,10.8571,,14.75,48,0,0.170304,19,42.1053,0,11.9656,31,,250,196,,0,0,0,4.95833
1604118514171,7,1010123456014,104,,1,0,2,1,2,,22.4066,241,184303,0.369248,99,0,11.3333,,0,0,0,0,0,0,0,0,0,,251,196,,0,0,0,0
1604118514421,7,1010123456014,104,,1,0,2,1,2,,22,227,183764,0.353344,96,0,11,,0,0,0,0,0,0,0,0,0,,250,192,,0,0,0,0
1604118514671,7,1010123456014,104,,1,0,2,1,2,,21.8238,244,183226,0.3504,98,0,11,,0,0,0,0,0,0,0,0,0,,249,196,,0,0,0,0
1604118514921,7,1010123456014,104,,1,0,2,1,2,,21.3301,206,183221,0.28624,83,0,10.8571,,15.2609,46,0,0.165824,18,38.8889,0,13.8217,31,,250,166,,0,0,0,5.54348
1604118515171,7,1010123456014,104,,1,0,2,1,2,,21.5226,266,183312,0.381088,109,0,10.8333,,0,0,0,0,0,0,0,0,0,,250,216,,0,0,0,0
1604118515421,7,1010123456014,104,,1,0,2,1,2,,20.9176,255,183020,0.335584,101,0,10.6667,,0,0,0,0,0,0,0,0,0,,249,206,,0,0,0,0
1604118515671,7,1010123456014,104,,1,0,2,1,2,,21.2342,222,183900,0.296192,86,0,10.6667,,0,0,0,0,0,0,0,0,0,,251,178,,0,0,0,0
1604118515921,7,1010123456014,104,,1,0,2,1,2,,21.0958,240,183997,0.327616,98,0,11.1429,,8.63636,11,0,0.1,4,0,0,20.3836,31,,249,194,,0,0,0,1
1604118516171,7,1010123456014,104,,1,0,2,1,2,,20.7135,178,184015,0.25152,72,0,10.3333,,0,0,0,0,0,0,0,0,0,,250,140,,0,0,0,0
1604118516421,7,1010123456014,104,,1,0,2,1,2,,20.6771,192,183602,0.247584,75,0,10.8333,,0,0,0,0,0,0,0,0,0,,249,152,,0,0,0,0
1604118516671,7,1010123456014,104,,1,0,2,1,2,,19.5622,233,183376,0.303776,99,0,10.1667,,0,0,0,0,0,0,0,0,0,,249,190,,0,0,0,0
1604118516921,7,1010123456014,104,,1,0,2,1,2,,20.0776,232,183211,0.28816,93,0,10.4286,,11.25,12,0,0.1,5,0,0,19.8801,31,,250,188,,0,0,0,1
1604118517171,7,1010123456014,104,,1,0,2,1,2,,21.8025,238,183140,0.338656,95,0,11,,0,0,0,0,0,0,0,0,0,,250,188,,0,0,0,0
1604118517421,7,1010123456014,104,,1,0,2,1,2,,19.1624,197,183375,0.221504,76,0,9.66667,,0,0,0,0,0,0,0,0,0,,250,160,,0,0,0,0
1604118517671,7,1010123456014,104,,1,0,2,1,2,,20.4729,258,183575,0.32688,103,0,10.3333,,0,0,0,0,0,0,0,0,0,,250,204,,0,0,0,0
1604118517921,7,1010123456014,104,,1,0,2,1,2,,20.5043,230,184507,0.314912,97,0,10.2857,,10.0769,13,0,0.1,5,0,0,15.834,31,,250,188,,0,0,0,1.15385
1604118518171,7,1010123456014,104,,1,0,2,1,2,,21.3013,239,183161,0.320032,93,0,10.6667,,0,0,0,0,0,0,0,0,0,,250,192,,0,0,0,0
1604118518421,7,1010123456014,104,,1,0,2,1,2,,21.1859,199,183352,0.286848,84,0,11.1667,,0,0,0,0,0,0,0,0,0,,250,162,,0,0,0,0
1604118518671,7,1010123456014,104,,1,0,2,1,2,,21.2706,170,183481,0.23376,67,0,8.83333,,0,0,0,0,0,0,0,0,0,,250,170,,0,0,0,0
1604118518921,7,1010123456014,104,,1,0,2,1,2,,20.4348,184,183553,0.236608,74,0,9.14286,,8.71429,14,0,0.1,6,0,0,18.9937,31,,250,180,,0,0,0,1.42857
1604118519171,7,1010123456014,104,,1,0,2,1,2,,22.3024,205,183059,0.29824,80,0,9.16667,,0,0,0,0,0,0,0,0,0,,250,196,,0,0,0,0
1604118519421,7,1010123456014,104,,1,0,2,1,2,,21.4947,188,183585,0.272,78,0,10.8333,,0,0,0,0,0,0,0,0,0,,250,154,,0,0,0,0
1604118519671,7,1010123456014,104,,1,0,2,1,2,,22.8253,229,183828,0.352992,91,0,12,,0,0,0,0,0,0,0,0,0,,250,188,,0,0,0,0
1604118519921,7,1010123456014,104,,1,0,2,1,2,,20.5619,210,184248,0.284256,85,0,8.71429,,9.625,8,0,0.1,3,0,0,19.0375,31,,250,196,,0,0,0,1.5
1604118520171,7,1010123456014,104,,1,0,2,1,2,,20.2116,241,183694,0.30816,98,0,10.1667,,0,0,0,0,0,0,0,0,0,,250,194,,0,0,0,0
1604118520421,7,1010123456014,104,,1,0,2,1,2,,18.4057,212,183754,0.241312,87,0,9.83333,,0,0,0,0,0,0,0,0,0,,250,172,,0,0,0,0
1604118520671,7,1010123456014,104,,1,0,2,1,2,,18.7542,236,184238,0.271904,92,0,9.2,,0,0,0,0,0,0,0,0,0,,250,190,,0,0,0,0
1604118520921,7,1010123456014,104,,1,0,2,1,2,,19.4431,246,183716,0.29888,104,0,10.2857,,12.7273,11,0,0.1,4,0,0,22.893,31,,251,204,,0,0,0,1
1604118521171,7,1010123456014,104,,1,0,2,1,2,,20.9417,206,183934,0.28176,83,0,10.1667,,0,0,0,0,0,0,0,0,0,,250,166,,0,0,0,0
1604118521421,7,1010123456014,104,,1,0,2,1,2,,17.7745,235,183654,0.252096,96,0,9.5,,0,0,0,0,0,0,0,0,0,,249,192,,0,0,0,0
1604118521671,7,1010123456014,104,,1,0,2,1,2,,18.8791,273,184436,0.306272,109,0,9.66667,,0,0,0,0,0,0,0,0,0,,250,220,,0,0,0,0
1604118521921,7,1010123456014,104,,1,0,2,1,2,,19.0868,242,183469,0.280832,98,0,9.57143,,11,11,0,0.1,4,0,0,18.4879,31,,250,190,,0,0,0,1.18182
1604118522171,7,1010123456014,104,,1,0,2,1,2,,20.0383,209,182660,0.253056,82,0,10.1667,,0,0,0,0,0,0,0,0,0,,250,172,,0,0,0,0
1604118522421,7,1010123456014,104,,1,0,2,1,2,,18.8894,226,183480,0.270464,96,0,9.33333,,0,0,0,0,0,0,0,0,0,,250,186,,0,0,0,0
1604118522671,7,1010123456014,104,,1,0,2,1,2,,19.4658,219,182729,0.251712,86,0,9.66667,,0,0,0,0,0,0,0,0,0,,250,180,,0,0,0,0
1604118522921,7,1010123456014,104,,1,0,2,1,2,,19.4606,241,184183,0.29968,101,0,9.83333,,12.6667,6,0,0.1,3,0,0,23.3327,31,,250,194,,0,0,0,1
1604118523171,7,1010123456014,104,,1,0,2,1,2,,19.9045,220,184034,0.28576,88,0,10.3333,,0,0,0,0,0,0,0,0,0,,250,180,,0,0,0,0
1604118523421,7,1010123456014,104,,1,0,2,1,2,,19.2394,259,183769,0.299712,104,0,9.5,,0,0,0,0,0,0,0,0,0,,250,206,,0,0,0,0
1604118523671,7,1010123456014,104,,1,0,2,1,2,,18.9911,225,183176,0.25616,91,0,9.33333,,0,0,0,0,0,0,0,0,0,,250,184,,0,0,0,0
1604118523921,7,1010123456014,104,,1,0,2,1,2,,19.2876,226,183857,0.270784,94,0,9.57143,,10.8462,13,0,0.1,6,33.3333,0,16.3179,31,,250,184,,0,0,0,3.76923
1604118524171,7,1010123456014,104,,1,0,2,1,2,,19.1422,218,183399,0.249088,88,0,9.5,,0,0,0,0,0,0,0,0,0,,250,180,,0,0,0,0
1604118524421,7,1010123456014,104,,1,0,2,1,2,,18.2321,224,183293,0.256448,94,0,9.5,,0,0,0,0,0,0,0,0,0,,250,180,,0,0,0,0
1604118524671,7,1010123456014,104,,1,0,2,1,2,,17.8387,217,183427,0.23136,84,0,9.33333,,0,0,0,0,0,0,0,0,0,,250,176,,0,0,0,0
1604118524921,7,1010123456014,104,,1,0,2,1,2,,19,222,184199,0.261184,94,0,9.42857,,13.5455,11,0,0.1,4,0,0,24.807,31,,250,184,,0,0,0,1
1604118525171,7,1010123456014,104,,1,0,2,1,2,,18.8984,256,183955,0.290048,104,0,9.33333,,0,0,0,0,0,0,0,0,0,,250,212,,0,0,0,0
1604118525421,7,1010123456014,104,,1,0,2,1,2,,19.5955,178,183175,0.22016,74,0,9.83333,,0,0,0,0,0,0,0,0,0,,250,146,,0,0,0,0
1604118525671,7,1010123456014,104,,1,0,2,1,2,,18.8717,226,184042,0.25984,92,0,9.5,,0,0,0,0,0,0,0,0,0,,250,184,,0,0,0,0
1604118525921,7,1010123456014,104,,1,0,2,1,2,,18.0398,226,184316,0.229408,87,0,9,,11.5,10,0,0.1,4,0,0,13.5242,31,,250,176,,0,0,0,1.6
1604118526171,7,1010123456014,104,,1,0,2,1,2,,18.8726,212,184246,0.241344,86,0,9.5,,0,0,0,0,0,0,0,0,0,,250,172,,0,0,0,0
1604118526421,7,1010123456014,104,,1,0,2,1,2,,18.4444,252,183335,0.273152,100,0,9.33333,,0,0,0,0,0,0,0,0,0,,250,198,,0,0,0,0
1604118526671,7,1010123456014,104,,1,0,2,1,2,,19.5808,229,183891,0.27488,92,0,10,,0,0,0,0,0,0,0,0,0,,250,180,,0,0,0,0
1604118526921,7,1010123456014,104,,1,0,2,1,2,,19.4635,192,184300,0.22368,76,0,9.85714,,12.2222,9,0,0.1,4,0,0,22.0738,31,,250,154,,0,0,0,1
1604118527171,7,1010123456014,104,,1,0,2,1,2,,20.3314,169,183366,0.22384,71,0,10.5,,0,0,0,0,0,0,0,0,0,,250,140,,0,0,0,0
1604118527421,7,1010123456014,104,,1,0,2,1,2,,20.3276,232,184250,0.297792,94,0,10.1667,,0,0,0,0,0,0,0,0,0,,250,192,,0,0,0,0
1604118527671,7,1010123456014,104,,1,0,2,1,2,,21.784,213,183519,0.309728,87,0,11,,0,0,0,0,0,0,0,0,0,,251,174,,0,0,0,0
1604118527921,7,1010123456014,104,,1,0,2,1,2,,21.2941,238,183623,0.329216,96,0,11,,12.625,8,0,0.1,3,0,0,21.8377,31,,249,192,,0,0,0,1
1604118528171,7,1010123456014,104,,1,0,2,1,2,,21.2052,229,184217,0.317152,93,0,10.6667,,0,0,0,0,0,0,0,0,0,,250,184,,0,0,0,0
1604118528421,7,1010123456014,104,,1,0,2,1,2,,20.5754,252,183106,0.317888,98,0,10.3333,,0,0,0,0,0,0,0,0,0,,250,200,,0,0,0,0
1604118528671,7,1010123456014,104,,1,0,2,1,2,,18.2363,237,184121,0.260928,96,0,9.66667,,0,0,0,0,0,0,0,0,0,,251,188,,0,0,0,0
1604118528921,7,1010123456014,104,,1,0,2,1,2,,19.3672,256,183533,0.310176,105,0,10,,11.6923,13,0,0.1,5,0,0,17.1665,31,,249,208,,0,0,0,1
1604118529171,7,1010123456014,104,,1,0,2,1,2,,20.0323,155,184555,0.20544,66,0,10.3333,,0,0,0,0,0,0,0,0,0,,250,132,,0,0,0,0
1604118529421,7,1010123456014,104,,1,0,2,1,2,,20.6066,183,184356,0.244,75,0,10.6667,,0,0,0,0,0,0,0,0,0,,251,150,,0,0,0,0
1604118529671,7,1010123456014,104,,1,0,2,1,2,,20.7585,207,183438,0.260192,79,0,10.5,,0,0,0,0,0,0,0,0,0,,249,164,,0,0,0,0
1604118529921,7,1010123456014,104,,1,0,2,1,2,,21.6264,182,184291,0.262176,75,0,11,,14,9,0,0.1,4,0,0,18.764,31,,250,146,,0,0,0,1.55556
1604118530171,7,1010123456014,104,,1,0,2,1,2,,21.5702,242,184195,0.32528,93,0,11,,0,0,0,0,0,0,0,0,0,,250,192,,0,0,0,0
1604118530421,7,1010123456014,104,,1,0,2,1,2,,21.0541,185,183764,0.259744,77,0,10.8333,,0,0,0,0,0,0,0,0,0,,250,150,,0,0,0,0
1604118530671,7,1010123456014,104,,1,0,2,1,2,,21.4439,196,183962,0.278784,80,0,11,,0,0,0,0,0,0,0,0,0,,250,160,,0,0,0,0
1604118530921,7,1010123456014,104,,1,0,2,1,2,,21.5811,222,183258,0.312864,89,0,11,,12.5714,7,0,0.1,3,0,0,18.474,31,,250,176,,0,0,0,1.42857
1604118531171,7,1010123456014,104,,1,0,2,1,2,,21.3636,242,183407,0.327648,95,0,11,,0,0,0,0,0,0,0,0,0,,250,190,,0,0,0,0
1604118531421,7,1010123456014,104,,1,0,2,1,2,,20.6847,203,183737,0.27984,85,0,10.8333,,0,0,0,0,0,0,0,0,0,,250,168,,0,0,0,0
1604118531671,7,1010123456014,104,,1,0,2,1,2,,21.8145,248,183239,0.33008,93,0,11,,0,0,0,0,0,0,0,0,0,,250,196,,0,0,0,0
1604118531921,7,1010123456014,104,,1,0,2,1,2,,20.8762,202,183742,0.280064,84,0,10.8571,,12.625,8,0,0.1,3,0,0,19.7109,31,,250,162,,0,0,0,1
1604118532171,7,1010123456014,104,,1,0,2,1,2,,21.716,257,184102,0.364768,103,0,11,,0,0,0,0,0,0,0,0,0,,250,208,,0,0,0,0
1604118532421,7,1010123456014,104,,1,0,2,1,2,,21.875,216,183299,0.322624,90,0,11,,0,0,0,0,0,0,0,0,0,,250,174,,0,0,0,0
1604118532671,7,1010123456014,104,,1,0,2,1,2,,21.6038,212,184322,0.288064,82,0,11,,0,0,0,0,0,0,0,0,0,,250,170,,0,0,0,0
1604118532921,7,1010123456014,104,,1,0,2,1,2,,21.0536,224,183733,0.313696,93,0,10.8571,,7.27273,22,0,0.1,8,12.5,0,14.9007,31,,250,182,,0,0,0,2.5
1604118533171,7,1010123456014,104,,1,0,2,1,2,,20.2032,187,183755,0.222656,72,0,10.6667,,4,3,0,0.1,1,0,0,17.7626,31,,250,152,,0,0,0,1
1604118533421,7,1010123456014,104,,1,0,2,1,2,,21.4615,182,183186,0.26768,77,0,11,,0,0,0,0,0,0,0,0,0,,250,148,,0,0,0,0
1604118533671,7,1010123456014,104,,1,0,2,1,2,,20.9091,231,183815,0.309024,93,0,10.8,,0,0,0,0,0,0,0,0,0,,250,188,,0,0,0,0
1604118533921,7,1010123456014,104,,1,0,2,1,2,,21.6136,220,184285,0.328608,93,0,11,,12.25,8,0,0.1,3,0,0,24.8743,31,,250,180,,0,0,0,1
1604118534171,7,1010123456014,104,,1,0,2,1,2,,20.9119,193,183466,0.26464,78,0,10.5,,0,0,0,0,0,0,0,0,0,,250,158,,0,0,0,0
1604118534421,7,1010123456014,104,,1,0,2,1,2,,21.1212,231,183862,0.31344,93,0,11,,0,0,0,0,0,0,0,0,0,,250,188,,0,0,0,0
1604118534671,7,1010123456014,104,,1,0,2,1,2,,19.828,186,184185,0.232768,76,0,10.6667,,0,0,0,0,0,0,0,0,0,,250,150,,0,0,0,0
1604118534921,7,1010123456014,104,,1,0,2,1,2,,21.6443,298,184220,0.426272,121,0,10.8333,,12.625,8,0,0.1,3,0,0,27.2228,31,,250,242,,0,0,0,1
1604118535171,7,1010123456014,104,,1,0,2,1,2,,21.1,230,183448,0.310912,92,0,10.8333,,0,0,0,0,0,0,0,0,0,,250,184,,0,0,0,0
1604118535421,7,1010123456014,104,,1,0,2,1,2,,20.3564,202,184032,0.261824,82,0,10.5,,0,0,0,0,0,0,0,0,0,,250,168,,0,0,0,0
1604118535671,7,1010123456014,104,,1,0,2,1,2,,20.9337,196,183283,0.257536,78,0,10.8333,,0,0,0,0,0,0,0,0,0,,250,158,,0,0,0,0
1604118535921,7,1010123456014,104,,1,0,2,1,2,,20.251,239,184304,0.312192,98,0,10.8571,,13.4286,7,0,0.1,3,0,0,17.1819,31,,250,190,,0,0,0,1.42857
1604118536171,7,1010123456014,104,,1,0,2,1,2,,21.0549,182,183661,0.265696,79,0,10.6667,,0,0,0,0,0,0,0,0,0,,250,154,,0,0,0,0
1604118536421,7,1010123456014,104,,1,0,2,1,2,,20.1856,264,183467,0.32272,103,0,10.3333,,0,0,0,0,0,0,0,0,0,,250,216,,0,0,0,0
1604118536671,7,1010123456014,104,,1,0,2,1,2,,20.7345,226,184399,0.313568,95,0,10.5,,0,0,0,0,0,0,0,0,0,,250,184,,0,0,0,0
1604118536921,7,1010123456014,104,,1,0,2,1,2,,20.3793,203,183592,0.269696,84,0,10.5714,,12.625,8,0,0.1,3,0,0,18.424,31,,250,166,,0,0,0,1.25
1604118537171,7,1010123456014,104,,1,0,2,1,2,,21.1772,412,183279,0.581728,171,0,10.6667,,0,0,0,0,0,0,0,0,0,,446,342,,0,0,0,0
1604118537421,7,1010123456014,104,,1,0,2,1,2,,21.8762,525,183183,0.741344,207,0,11,,0,0,0,0,0,0,0,0,0,,500,426,,0,0,0,0
1604118537671,7,1010123456014,104,,1,0,2,1,2,,21.2574,237,183157,0.356352,104,0,10.8333,,0,0,0,0,0,0,0,0,0,,500,196,,0,0,0,0
1604118537921,7,1010123456014,104,,1,0,2,1,2,,22.6438,379,182954,0.548768,145,0,11.4286,,11.4615,13,0,0.1,5,0,0,22.5831,31,,500,302,,0,0,0,1
1604118538171,6,1010123456014,104,,1,0,2,1,2,,23.6621,512,183404,0.83568,203,0,11.6667,,0,0,0,0,0,0,0,0,0,,500,408,,0,0,0,0
1604118538421,6,1010123456014,104,,1,0,2,1,2,,23.6158,518,183097,0.87968,214,0,11.6667,,0,0,0,0,0,0,0,0,0,,500,422,,0,0,0,0
1604118538671,6,1010123456014,104,,1,0,2,1,2,,23.3027,522,183337,0.832768,208,0,11.5,,0,0,0,0,0,0,0,0,0,,500,422,,0,0,0,0
1604118538921,6,1010123456014,104,,1,0,2,1,2,,25.2368,532,182298,1.00381,221,0,10.5714,,15.2703,37,0,0.194016,15,20,0,18.5982,31,,500,438,,0,0,0,2.59459
1604118539171,6,1010123456014,104,,1,0,2,1,2,,21.7887,355,184311,0.482816,136,0,11.1667,,0,0,0,0,0,0,0,0,0,,500,346,,0,0,0,0
1604118539421,6,1010123456014,104,,1,0,2,1,2,,24.6048,544,183218,0.939488,215,0,12,,0,0,0,0,0,0,0,0,0,,500,428,,0,0,0,0
1604118539671,6,1010123456014,104,,1,0,2,1,2,,22.7983,362,183498,0.596096,152,0,11.5,,0,0,0,0,0,0,0,0,0,,500,290,,0,0,0,0
1604118539921,6,1010123456014,104,,1,0,2,1,2,,24.2726,543,180818,0.912032,213,0,11.8571,,13.7778,9,0,0.1,4,25,0,21.7753,31,,500,440,,0,0,0,3.22222
1604118540171,8,1010123456014,104,,1,0,2,1,2,,23.3759,439,183753,0.738112,182,0,11.6667,,0,0,0,0,0,0,0,0,0,,500,352,,0,0,0,0
1604118540421,8,1010123456014,104,,1,0,2,1,2,,22.95,320,183211,0.48304,123,0,11.5,,0,0,0,0,0,0,0,0,0,,500,252,,0,0,0,0
1604118540671,6,1010123456014,104,,1,0,2,1,2,,24.0204,489,182890,0.808832,192,0,11.8333,,0,0,0,0,0,0,0,0,0,,502,392,,0,0,0,0
1604118540921,6,1010123456014,104,,1,0,2,1,2,,22.0369,434,183983,0.628128,173,0,11.1429,,14.3636,11,0,0.1,5,20,0,16.6395,31,,498,344,,0,0,0,2.81818
1604118541171,6,1010123456014,104,,1,0,2,1,2,,22.2485,487,183942,0.708608,192,0,11.3333,,0,0,0,0,0,0,0,0,0,,500,386,,0,0,0,0
1604118541421,6,1010123456014,104,,1,0,2,1,2,,23.1922,437,182851,0.698176,178,0,11.6667,,0,0,0,0,0,0,0,0,0,,500,354,,0,0,0,0
1604118541671,6,1010123456014,104,,1,0,2,1,2,,24.3902,451,183544,0.78608,181,0,12,,0,0,0,0,0,0,0,0,0,,500,364,,0,0,0,0
1604118541921,6,1010123456014,104,,1,0,2,1,2,,24.7803,446,183542,0.805888,184,0,12.1429,,12.625,8,0,0.1,3,0,0,22.9809,31,,500,366,,0,0,0,1
1604118542171,6,1010123456014,104,,1,0,2,1,2,,22.9844,450,183810,0.70432,178,0,11.6667,,0,0,0,0,0,0,0,0,0,,500,358,,0,0,0,0
1604118542421,6,1010123456014,104,,1,0,2,1,2,,24.341,478,183529,0.8304,194,0,12.1667,,0,0,0,0,0,0,0,0,0,,500,380,,0,0,0,0
1604118542671,6,1010123456014,104,,1,0,2,1,2,,24.6697,445,181100,0.766848,176,0,12,,0,0,0,0,0,0,0,0,0,,500,360,,0,0,0,0
1604118542921,6,1010123456014,104,,1,0,2,1,2,,24.5754,431,183794,0.79152,179,0,10.2857,,13.625,8,0,0.1,3,0,0,21.3126,31,,500,394,,0,0,0,1.375
1604118543171,6,1010123456014,104,,1,0,2,1,2,,23.1705,434,182955,0.670304,171,0,11.8333,,0,0,0,0,0,0,0,0,0,,500,350,,0,0,0,0
1604118543421,7,1010123456014,104,,1,0,2,1,2,,22.0105,190,183054,0.31104,84,0,11.5,,0,0,0,0,0,0,0,0,0,,500,156,,0,0,0,0
1604118543671,7,1010123456014,104,,1,0,2,1,2,,22.2325,228,183110,0.314496,84,0,11.3333,,0,0,0,0,0,0,0,0,0,,500,178,,0,0,0,0
1604118543921,6,1010123456014,104,,1,0,2,1,2,,22.4608,523,183437,0.790656,212,0,11.4286,,13.5455,11,0,0.1,4,0,0,22.8619,31,,500,424,,0,0,0,1
1604118544171,6,1010123456014,104,,1,0,2,1,2,,24.0073,414,183654,0.722752,170,0,11.6667,,0,2,0,0.1,1,0,0,0,31,,500,334,,0,0,0,0
1604118544421,6,1010123456014,104,,1,0,2,1,2,,21.0779,231,183880,0.304032,87,0,11.3333,,0,0,0,0,0,0,0,0,0,,500,180,,0,0,0,0
1604118544671,6,1010123456014,104,,1,0,2,1,2,,22.5482,332,184257,0.509728,133,0,11.3333,,0,0,0,0,0,0,0,0,0,,500,268,,0,0,0,0
1604118544921,6,1010123456014,104,,1,0,2,1,2,,23.7941,476,183050,0.82464,198,0,11.8571,,12.4706,17,0,0.1,6,33.3333,0,17.1363,31,,500,386,,0,0,0,4.17647
1604118545171,6,1010123456014,104,,1,0,2,1,2,,23.3843,549,183234,0.867104,217,0,11.6667,,0,0,0,0,0,0,0,0,0,,500,444,,0,0,0,0
1604118545421,6,1010123456014,104,,1,0,2,1,2,,26,537,182153,1.03571,218,0,12.5,,0,0,0,0,0,0,0,0,0,,500,434,,0,0,0,0
1604118545671,6,1010123456014,104,,1,0,2,1,2,,23.8664,434,182986,0.741728,175,0,12,,0,0,0,0,0,0,0,0,0,,500,352,,0,0,0,0
1604118545921,6,1010123456014,104,,1,0,2,1,2,,22.5708,480,183330,0.747072,198,0,11.4286,,7.5,12,0,0.1,5,0,0,12.2304,31,,500,394,,0,0,0,1.16667
1604118546171,6,1010123456014,104,,1,0,2,1,2,,24.6453,530,183431,0.96288,218,0,12,,0,0,0,0,0,0,0,0,0,,500,428,,0,0,0,0
1604118546421,6,1010123456014,104,,1,0,2,1,2,,23.4082,441,182977,0.707072,176,0,11.5,,0,0,0,0,0,0,0,0,0,,500,360,,0,0,0,0
1604118546671,6,1010123456014,104,,1,0,2,1,2,,23.7807,424,183008,0.731776,176,0,11.8333,,0,0,0,0,0,0,0,0,0,,500,344,,0,0,0,0
1604118546921,6,1010123456014,104,,1,0,2,1,2,,22.9783,415,183099,0.652224,166,0,11.5714,,8.83333,12,0,0.1,5,0,0,11.6661,31,,500,338,,0,0,0,1.75
1604118547171,6,1010123456014,104,,1,0,2,1,2,,23.6118,474,182429,0.762656,189,0,11.8333,,0,0,0,0,0,0,0,0,0,,500,382,,0,0,0,0
1604118547421,6,1010123456014,104,,1,0,2,1,2,,24.4597,570,182296,1.00954,232,0,11.8333,,0,0,0,0,0,0,0,0,0,,500,462,,0,0,0,0
1604118547671,6,1010123456014,104,,1,0,2,1,2,,24.7522,557,182191,0.995872,225,0,12,,0,0,0,0,0,0,0,0,0,,500,452,,0,0,0,0
1604118547921,6,1010123456014,104,,1,0,2,1,2,,23.1909,461,184061,0.75392,188,0,11.5714,,6.16667,48,0,0.1,19,10.5263,0,14.4783,31,,500,374,,0,0,0,1.97917
1604118548171,6,1010123456014,104,,1,0,2,1,2,,22.119,521,183673,0.772288,210,0,11,,0,0,0,0,0,0,0,0,0,,500,422,,0,0,0,0
1604118548421,6,1010123456014,104,,1,0,2,1,2,,22.8291,515,183752,0.830432,215,0,11.5,,0,0,0,0,0,0,0,0,0,,500,416,,0,0,0,0
1604118548671,6,1010123456014,104,,1,0,2,1,2,,21.7576,363,182285,0.500736,140,0,11.1667,,0,0,0,0,0,0,0,0,0,,500,294,,0,0,0,0
1604118548921,6,1010123456014,104,,1,0,2,1,2,,21.6892,444,183260,0.63632,181,0,11.1667,,7.75,12,0,0.1,5,0,0,15.3031,31,,500,358,,0,0,0,1.16667
1604118549171,6,1010123456014,104,,1,0,2,1,2,,22.907,516,183006,0.812384,207,0,11.3333,,0,0,0,0,0,0,0,0,0,,500,418,,0,0,0,0
1604118549421,6,1010123456014,104,,1,0,2,1,2,,21.578,455,183517,0.652224,186,0,11.1667,,0,0,0,0,0,0,0,0,0,,500,370,,0,0,0,0
1604118549671,6,1010123456014,104,,1,0,2,1,2,,23.1081,518,182940,0.82976,210,0,11.5,,0,0,0,0,0,0,0,0,0,,500,418,,0,0,0,0
1604118549921,6,1010123456014,104,,1,0,2,1,2,,22.0907,507,183440,0.741696,202,0,11.1667,,12.5714,14,0,0.1,6,16.6667,0,18.3644,31,,500,406,,0,0,0,2.64286
1604118550171,6,1010123456014,104,,1,0,2,1,2,,24.0504,536,183587,0.894048,211,0,11.8333,,0,0,0,0,0,0,0,0,0,,500,424,,0,0,0,0
1604118550421,6,1010123456014,104,,1,0,2,1,2,,23.2078,539,183912,0.847648,213,0,11.5,,0,0,0,0,0,0,0,0,0,,500,424,,0,0,0,0
1604118550671,6,1010123456014,104,,1,0,2,1,2,,22.3111,495,183480,0.72416,194,0,11.1667,,0,0,0,0,0,0,0,0,0,,500,390,,0,0,0,0
1604118550921,6,1010123456014,104,,1,0,2,1,2,,23.8008,502,182813,0.827392,200,0,11.7143,,13.2308,13,0,0.1,5,20,0,21.4383,31,,500,398,,0,0,0,3.23077
1604118551171,6,1010123456014,104,,1,0,2,1,2,,25.5243,536,183147,1.00742,218,0,12.6,,0,0,0,0,0,0,0,0,0,,500,426,,0,0,0,0
1604118551421,6,1010123456014,104,,1,0,2,1,2,,25.9486,545,180898,1.00522,213,0,12.6667,,0,0,0,0,0,0,0,0,0,,500,432,,0,0,0,0
1604118551671,6,1010123456014,104,,1,0,2,1,2,,23.3135,539,181495,0.919776,214,0,11.5,,0,0,0,0,0,0,0,0,0,,500,434,,0,0,0,0
1604118551921,6,1010123456014,104,,1,0,2,1,2,,26.468,562,177882,1.11786,229,0,12.7143,,13.2727,11,0,0.1,4,0,0,22.9136,31,,500,456,,0,0,0,1
1604118552171,6,1010123456014,104,,1,0,2,1,2,,25.7718,517,178234,0.976512,208,0,12.6667,,15,3,0,0.1,1,0,0,22.9254,31,,500,418,,0,0,0,1
1604118552421,6,1010123456014,104,,1,0,2,1,2,,26.6071,364,183544,0.760128,154,0,13,,0,0,0,0,0,0,0,0,0,,500,294,,0,0,0,0
1604118552671,6,1010123456014,104,,1,0,2,1,2,,26.8312,480,181089,0.944832,190,0,13,,0,0,0,0,0,0,0,0,0,,500,394,,0,0,0,0
1604118552921,6,1010123456014,104,,1,0,2,1,2,,25.83,500,182196,0.970272,205,0,12.7143,,13.5455,11,0,0.1,4,0,0,25.6318,31,,500,406,,0,0,0,1
1604118553171,6,1010123456014,104,,1,0,2,1,2,,26.1383,535,180601,1.03571,214,0,12.8333,,0,0,0,0,0,0,0,0,0,,500,432,,0,0,0,0
1604118553421,6,1010123456014,104,,1,0,2,1,2,,26.1034,445,183489,0.870944,181,0,12.8333,,0,0,0,0,0,0,0,0,0,,500,356,,0,0,0,0
1604118553671,6,1010123456014,104,,1,0,2,1,2,,26.3152,514,183817,0.97568,202,0,13,,0,0,0,0,0,0,0,0,0,,500,406,,0,0,0,0
1604118553921,6,1010123456014,104,,1,0,2,1,2,,25.349,490,182774,0.889248,193,0,12.4286,,14.3636,11,0,0.1,5,20,0,21.4336,31,,500,388,,0,0,0,2.63636
1604118554171,6,1010123456014,104,,1,0,2,1,2,,25.6843,548,182113,1.00646,216,0,12.6667,,0,0,0,0,0,0,0,0,0,,500,434,,0,0,0,0
1604118554421,6,1010123456014,104,,1,0,2,1,2,,26.5827,556,177287,1.11162,226,0,12.8333,,0,0,0,0,0,0,0,0,0,,500,450,,0,0,0,0
1604118554671,6,1010123456014,104,,1,0,2,1,2,,26.6308,474,179478,0.917056,186,0,13,,0,0,0,0,0,0,0,0,0,,500,374,,0,0,0,0
1604118554921,6,1010123456014,104,,1,0,2,1,2,,20.0606,363,183534,0.513024,147,0,10.8333,,13.4286,7,0,0.1,3,0,0,14.2117,31,,500,286,,0,0,0,1.85714
1604118555171,6,1010123456014,104,,1,0,2,1,2,,23.4961,518,182828,0.815744,200,0,11.6,,0,0,0,0,0,0,0,0,0,,500,408,,0,0,0,0
1604118555421,6,1010123456014,104,,1,0,2,1,2,,22.2727,506,183474,0.747168,201,0,11.1667,,0,0,0,0,0,0,0,0,0,,500,398,,0,0,0,0
1604118555671,6,1010123456014,104,,1,0,2,1,2,,22.2315,432,183133,0.63136,170,0,11.5,,0,0,0,0,0,0,0,0,0,,500,340,,0,0,0,0
1604118555921,6,1010123456014,104,,1,0,2,1,2,,22.7731,520,183477,0.803904,210,0,11.4286,,7.7,10,0,0.1,4,0,0,10.5942,31,,500,414,,0,0,0,1.7
1604118556171,6,1010123456014,104,,1,0,2,1,2,,22.4605,532,183341,0.787168,211,0,11.1667,,0,0,0,0,0,0,0,0,0,,500,432,,0,0,0,0
1604118556421,6,1010123456014,104,,1,0,2,1,2,,22.2271,524,184022,0.800352,215,0,11,,0,0,0,0,0,0,0,0,0,,500,426,,0,0,0,0
1604118556671,6,1010123456014,104,,1,0,2,1,2,,21.8741,532,183604,0.766144,214,0,11,,0,0,0,0,0,0,0,0,0,,500,432,,0,0,0,0
1604118556921,6,1010123456014,104,,1,0,8,1,2,,19.2209,498,179048,0.71776,202,0,10.4286,,9.45455,11,0,0.1,4,0,0,24.1239,31,,596,496,,0,0,0,1
1604118557171,8,1010123456014,104,,1,0,8,1,2,,21.4582,622,113914,3.09306,250,0,11,,0,0,0,0,0,0,0,0,0,,2000,1696,,0,0,0,0
1604118557421,6,1010123456014,104,,1,0,8,1,2,,21.0386,621,45404,3.2063,249,0,11,,0,0,0,0,0,0,0,0,0,,2000,1780,,0,0,0,0
1604118557671,6,1010123456014,104,,1,0,8,1,2,,12.6581,547,36581,1.33114,218,0,6.16667,,0,0,0,0,0,0,0,0,0,,2000,1398,,0,0,0,0
1604118557921,6,1010123456014,104,,1,0,8,1,2,,18.2226,548,0,2.1503,225,0,9.83333,,14.2727,11,0,0.1,4,0,0,19.5711,31,,1715,1536,,0,0,0,1.27273
1604118558171,6,1010123456014,104,,1,0,8,1,2,,17.6164,318,0,0.961568,122,0,9.66667,,0,0,0,0,0,0,0,0,0,,818,726,,0,0,0,0
1604118558421,6,1010123456014,104,,1,0,8,1,2,,16.8039,306,0,0.984032,122,0,9,,0,0,0,0,0,0,0,0,0,,805,768,,0,0,0,0
1604118558671,6,1010123456014,104,,1,0,8,1,2,,15.5837,418,1359,0.960128,166,0,9,,0,0,0,0,0,0,0,0,0,,1167,790,,0,0,0,0
1604118558921,6,1010123456014,104,,1,0,8,1,2,,15.2106,451,128,1.01891,186,0,9,,11.8235,17,0,0.1,6,16.6667,0,15.1921,31,,1312,890,,0,0,0,2.58824
1604118559171,6,1010123456014,104,,1,0,8,1,2,,18.0141,283,173,0.983968,113,0,9.33333,,14,3,0,0.1,1,0,0,22.8909,31,,729,716,,0,0,0,1
1604118559421,6,1010123456014,104,,1,0,8,1,2,,15.3548,496,1211,0.964736,194,0,9,,0,0,0,0,0,0,0,0,0,,1566,864,,0,0,0,0
1604118559671,6,1010123456014,104,,1,0,8,1,2,,16.7069,348,377,1.0127,142,0,9.16667,,0,0,0,0,0,0,0,0,0,,935,800,,0,0,0,0
1604118559921,6,1010123456014,104,,1,0,8,1,2,,15.2361,449,2981,0.911136,174,0,9,,9,15,0,0.1,6,0,0,18.0785,31,,1480,822,,0,0,0,1.6
1604118560171,6,1010123456014,104,,1,0,8,1,2,,15.472,447,1577,1.02582,177,0,9,,0,0,0,0,0,0,0,0,0,,1339,882,,0,0,0,0
1604118560421,6,1010123456014,104,,1,0,8,1,2,,15.7679,405,0,1.01459,169,0,9,,0,0,0,0,0,0,0,0,0,,1142,818,,0,0,0,0
1604118560671,6,1010123456014,104,,1,0,8,1,2,,15.9763,380,0,0.975424,153,0,9.4,,0,0,0,0,0,0,0,0,0,,1199,804,,0,0,0,0
1604118560921,6,1010123456014,104,,1,0,8,1,2,,16.6079,329,0,0.974112,129,0,9,,14,9,0,0.1,4,0,0,24.0066,31,,829,782,,0,0,0,1
1604118561171,6,1010123456014,104,,1,0,8,1,2,,15.5495,424,0,0.980384,170,0,9,,0,0,0,0,0,0,0,0,0,,1168,824,,0,0,0,0
1604118561421,6,1010123456014,104,,1,0,8,1,2,,15.767,382,0,0.987392,153,0,9,,0,0,0,0,0,0,0,0,0,,1010,826,,0,0,0,0
1604118561671,6,1010123456014,104,,1,0,8,1,2,,12.7512,402,0,0.988192,162,0,7.83333,,0,0,0,0,0,0,0,0,0,,1112,1036,,0,0,0,0
1604118561921,6,1010123456014,104,,1,0,8,1,2,,14.896,452,958,0.990784,183,0,9,,14.4167,12,0,0.1,5,20,0,19.7268,31,,1246,856,,0,0,0,3.16667
1604118562171,6,1010123456014,104,,1,0,8,1,2,,14.4186,590,613,0.987968,236,0,9,,0,0,0,0,0,0,0,0,0,,1863,950,,0,0,0,0
1604118562421,6,1010123456014,104,,1,0,8,1,2,,17.0385,338,377,0.979808,134,0,9.5,,0,0,0,0,0,0,0,0,0,,901,752,,0,0,0,0
1604118562671,6,1010123456014,104,,1,0,8,1,2,,17.5785,325,0,0.988928,131,0,10,,0,0,0,0,0,0,0,0,0,,857,734,,0,0,0,0
1604118562921,6,1010123456014,104,,1,0,8,1,2,,15.0597,452,1153,0.978016,180,0,9,,11.9091,11,0,0.1,4,0,0,24.7072,31,,1289,846,,0,0,0,1
1604118563171,6,1010123456014,104,,1,0,8,1,2,,15.3643,442,1800,0.96976,174,0,9,,0,0,0,0,0,0,0,0,0,,1473,878,,0,0,0,0
1604118563421,6,1010123456014,104,,1,0,8,1,2,,14.35,580,279,1.00278,235,0,9,,0,0,0,0,0,0,0,0,0,,1835,956,,0,0,0,0
1604118563671,6,1010123456014,104,,1,0,8,1,2,,14.3058,582,4595,0.851424,235,0,9,,0,0,0,0,0,0,0,0,0,,1970,832,,0,0,0,0
1604118563921,6,1010123456014,104,,1,0,8,1,2,,14.168,607,229,1.12851,242,0,9,,12.1765,17,0,0.1,6,33.3333,0,11.658,31,,1958,1066,,0,0,0,5.11765
1604118564171,6,1010123456014,104,,1,0,8,1,2,,14.3427,499,515,0.990624,197,0,9,,12,3,0,0.1,1,0,0,16.3448,31,,1347,916,,0,0,0,1
1604118564421,6,1010123456014,104,,1,0,8,1,2,,16.1784,370,0,0.967808,150,0,9.16667,,0,0,0,0,0,0,0,0,0,,1069,802,,0,0,0,0
1604118564671,6,1010123456014,104,,1,0,8,1,2,,15.787,385,202,1.00522,158,0,9,,0,0,0,0,0,0,0,0,0,,1073,834,,0,0,0,0
1604118564921,6,1010123456014,104,,1,0,8,1,2,,16.6269,335,96,0.986144,135,0,9.57143,,13.8182,11,0,0.1,5,20,0,19.5542,31,,882,744,,0,0,0,2.81818
1604118565171,6,1010123456014,104,,1,0,8,1,2,,15.9377,369,173,0.986912,149,0,9,,0,0,0,0,0,0,0,0,0,,973,810,,0,0,0,0
1604118565421,6,1010123456014,104,,1,0,8,1,2,,16.092,348,951,0.986016,141,0,9,,0,0,0,0,0,0,0,0,0,,905,788,,0,0,0,0
1604118565671,6,1010123456014,104,,1,0,8,1,2,,15.5417,408,729,0.987904,164,0,9,,0,0,0,0,0,0,0,0,0,,1129,826,,0,0,0,0
1604118565921,6,1010123456014,104,,1,0,8,1,2,,16.0608,378,1081,0.98736,153,0,9.14286,,13.625,8,0,0.1,3,0,0,13.0679,31,,995,786,,0,0,0,2.375
1604118566171,6,1010123456014,104,,1,0,8,1,2,,16.1725,371,1433,0.981952,147,0,9,,0,0,0,0,0,0,0,0,0,,1033,798,,0,0,0,0
1604118566421,6,1010123456014,104,,1,0,8,1,2,,16.4735,340,0,0.96256,130,0,9,,0,0,0,0,0,0,0,0,0,,883,778,,0,0,0,0
1604118566671,6,1010123456014,104,,1,0,8,1,2,,16.4829,350,0,0.975968,142,0,9,,0,0,0,0,0,0,0,0,0,,950,794,,0,0,0,0
1604118566921,6,1010123456014,104,,1,0,8,1,2,,15.9577,355,0,0.984992,141,0,9,,10,11,0,0.1,4,0,0,25.2323,31,,921,814,,0,0,0,1
1604118567171,6,1010123456014,104,,1,0,8,1,2,,14.967,485,802,0.980384,195,0,9,,0,0,0,0,0,0,0,0,0,,1420,858,,0,0,0,0
1604118567421,6,1010123456014,104,,1,0,8,1,2,,14.1412,588,1920,0.954912,239,0,8.83333,,0,0,0,0,0,0,0,0,0,,1751,942,,0,0,0,0
1604118567671,6,1010123456014,104,,1,0,8,1,2,,14.4702,570,230,1.02656,231,0,9,,0,0,0,0,0,0,0,0,0,,1788,994,,0,0,0,0
1604118567921,6,1010123456014,104,,1,0,8,1,2,,14.3791,583,993,0.990816,236,0,9,,15,12,0,0,4,100,0,4.97845,0,,1732,912,,0,0,0,10
1604118568171,6,1010123456014,104,,1,0,8,1,2,,15.9628,538,661,0.995648,217,0,9.83333,,0.75,8,0,0.1,3,0,0,15.0819,31,,1553,868,,0,0,0,1
1604118568421,6,1010123456014,104,,1,0,8,1,2,,16.6197,447,281,1.00714,181,0,10,,0,0,0,0,0,0,0,0,0,,1251,822,,0,0,0,0
1604118568671,6,1010123456014,104,,1,0,8,1,2,,18.3806,289,1340,0.95984,113,0,10.3333,,0,0,0,0,0,0,0,0,0,,773,662,,0,0,0,0
1604118568921,6,1010123456014,104,,1,0,8,1,2,,19.7787,244,1001,1.00691,102,0,11.4286,,11.48,50,0,0.1,20,50,0,9.34527,31,,647,588,,0,0,0,5.82
1604118569171,6,1010123456014,104,,1,0,8,1,2,,18.8729,291,0,0.98064,116,0,10.5,,0,0,0,0,0,0,0,0,0,,753,638,,0,0,0,0
1604118569421,6,1010123456014,104,,1,0,8,1,2,,18.9725,255,0,0.960928,101,0,10.3333,,0,0,0,0,0,0,0,0,0,,671,644,,0,0,0,0
1604118569671,6,1010123456014,104,,1,0,8,1,2,,18.8527,292,0,0.983104,116,0,10.6667,,0,0,0,0,0,0,0,0,0,,875,666,,0,0,0,0
1604118569921,6,1010123456014,104,,1,0,8,1,2,,17.9968,313,0,0.971776,125,0,10.2857,,13.7778,9,0,0.1,4,0,0,24.0667,31,,858,678,,0,0,0,1
1604118570171,6,1010123456014,104,,1,0,8,1,2,,18.107,327,430,0.974144,129,0,10.3333,,0,0,0,0,0,0,0,0,0,,938,690,,0,0,0,0
1604118570421,6,1010123456014,104,,1,0,8,1,2,,19.1722,273,0,0.984768,112,0,10.8333,,0,0,0,0,0,0,0,0,0,,689,632,,0,0,0,0
1604118570671,6,1010123456014,104,,1,0,8,1,2,,20.1364,242,0,0.983392,97,0,11,,0,0,0,0,0,0,0,0,0,,620,582,,0,0,0,0
1604118570921,6,1010123456014,104,,1,0,8,1,2,,19.6217,267,0,0.982464,108,0,11,,13.7778,9,0,0.1,4,0,0,25.0632,31,,718,596,,0,0,0,1
1604118571171,6,1010123456014,104,,1,0,8,1,2,,19.0039,257,788,0.982112,105,0,10.8333,,0,0,0,0,0,0,0,0,0,,680,606,,0,0,0,0
1604118571421,6,1010123456014,104,,1,0,8,1,2,,18.6113,355,281,0.987424,144,0,10.8333,,0,0,0,0,0,0,0,0,0,,958,680,,0,0,0,0
1604118571671,6,1010123456014,104,,1,0,8,1,2,,19.5487,277,1463,0.959264,108,0,11,,0,0,0,0,0,0,0,0,0,,757,588,,0,0,0,0
1604118571921,6,1010123456014,104,,1,0,8,1,2,,18.48,525,1235,0.987776,210,0,10.8571,,15.2174,69,0,0.150816,28,64.2857,0,9.75832,31,,1498,720,,0,0,0,7.68116
1604118572171,6,1010123456014,104,,1,0,8,1,2,,18.5155,419,0,0.996256,175,0,11,,0,0,0,0,0,0,0,0,0,,1158,682,,0,0,0,0
1604118572421,6,1010123456014,104,,1,0,8,1,2,,19.2319,345,0,0.990624,140,0,11,,0,0,0,0,0,0,0,0,0,,1034,652,,0,0,0,0
1604118572671,6,1010123456014,104,,1,0,8,1,2,,19.2722,349,0,0.970784,138,0,11,,0,0,0,0,0,0,0,0,0,,1096,660,,0,0,0,0
1604118572921,6,1010123456014,104,,1,0,8,1,2,,19.3673,294,0,0.970752,118,0,11,,12.2222,9,0,0.1,4,0,0,19.8091,31,,785,608,,0,0,0,1.66667
1604118573171,6,1010123456014,104,,1,0,8,1,2,,19.2286,350,0,0.987872,142,0,11,,0,0,0,0,0,0,0,0,0,,963,630,,0,0,0,0
1604118573421,6,1010123456014,104,,1,0,8,1,2,,19.1134,291,0,0.984128,115,0,10.8,,0,0,0,0,0,0,0,0,0,,768,634,,0,0,0,0
1604118573671,6,1010123456014,104,,1,0,8,1,2,,20.5946,222,0,0.98288,91,0,11,,0,0,0,0,0,0,0,0,0,,578,564,,0,0,0,0
1604118573921,6,1010123456014,104,,1,0,8,1,2,,19.1075,400,0,0.986752,159,0,11,,15,12,0,0,4,100,0,6.43213,0,,1294,676,,0,0,0,10
1604118574171,6,1010123456014,104,,1,0,8,1,2,,19,303,0,0.983776,123,0,10.8333,,1.6,5,0,0.1,2,0,0,12.1621,31,,815,624,,0,0,0,1
1604118574421,6,1010123456014,104,,1,0,8,1,2,,17.9133,415,476,0.967744,166,0,10.6667,,0,0,0,0,0,0,0,0,0,,1167,698,,0,0,0,0
1604118574671,6,1010123456014,104,,1,0,8,1,2,,19.4291,282,969,1.0049,116,0,11,,0,0,0,0,0,0,0,0,0,,731,590,,0,0,0,0
1604118574921,6,1010123456014,104,,1,0,8,1,2,,19.3696,276,1433,0.98352,112,0,10.8571,,13.4286,7,0,0.1,3,0,0,27.6866,31,,756,592,,0,0,0,1
1604118575171,6,1010123456014,104,,1,0,8,1,2,,19.2801,307,0,0.951392,116,0,11,,0,0,0,0,0,0,0,0,0,,815,622,,0,0,0,0
1604118575421,6,1010123456014,104,,1,0,8,1,2,,18.9023,348,0,0.992096,144,0,11,,0,0,0,0,0,0,0,0,0,,1014,648,,0,0,0,0
1604118575671,6,1010123456014,104,,1,0,8,1,2,,20.3024,248,0,0.963872,98,0,11.3333,,0,0,0,0,0,0,0,0,0,,729,592,,0,0,0,0
1604118575921,6,1010123456014,104,,1,0,8,1,2,,19.4819,332,94,0.976352,129,0,11,,13.8571,14,0,0.1,5,20,0,19.1168,31,,896,626,,0,0,0,4
1604118576171,6,1010123456014,104,,1,0,8,1,2,,19.3003,323,43,0.9904,132,0,11,,0,0,0,0,0,0,0,0,0,,954,642,,0,0,0,0
1604118576421,6,1010123456014,104,,1,0,8,1,2,,19.9598,249,0,0.983104,104,0,11,,0,0,0,0,0,0,0,0,0,,670,588,,0,0,0,0
1604118576671,6,1010123456014,104,,1,0,8,1,2,,20.4043,235,0,0.98144,94,0,11.1667,,0,0,0,0,0,0,0,0,0,,627,566,,0,0,0,0
1604118576921,6,1010123456014,104,,1,0,8,1,2,,19.3526,346,105,0.985248,140,0,11.3333,,6.84211,38,0,0.1,15,0,0,21.8328,31,,988,604,,0,0,0,1
1604118577171,6,1010123456014,104,,1,0,8,1,2,,19.9857,280,161,0.976192,114,0,12,,0,0,0,0,0,0,0,0,0,,749,554,,0,0,0,0
1604118577421,6,1010123456014,104,,1,0,8,1,2,,20.1968,254,153,0.988512,105,0,11.8333,,0,0,0,0,0,0,0,0,0,,666,550,,0,0,0,0
1604118577671,6,1010123456014,104,,1,0,8,1,2,,22.2212,208,793,0.977408,82,0,12.6667,,0,0,0,0,0,0,0,0,0,,521,450,,0,0,0,0
1604118577921,6,1010123456014,104,,1,0,8,1,2,,22.4155,219,0,0.978336,90,0,12.8571,,14,9,0,0.1,4,0,0,25.1819,31,,594,458,,0,0,0,2.33333
1604118578171,6,1010123456014,104,,1,0,8,1,2,,21.7778,225,0,0.940832,84,0,12.6667,,0,0,0,0,0,0,0,0,0,,599,474,,0,0,0,0
1604118578421,6,1010123456014,104,,1,0,8,1,2,,21.2552,286,0,0.990944,118,0,12.3333,,0,0,0,0,0,0,0,0,0,,794,520,,0,0,0,0
1604118578671,6,1010123456014,104,,1,0,8,1,2,,20.5882,238,0,0.97648,97,0,11.8333,,0,0,0,0,0,0,0,0,0,,617,528,,0,0,0,0
1604118578921,6,1010123456014,104,,1,0,8,1,2,,20.4149,376,0,0.97232,149,0,12.1429,,10.375,8,0,0.1,3,0,0,28.5386,31,,1055,568,,0,0,0,1
1604118579171,6,1010123456014,104,,1,0,8,1,2,,20.9547,287,0,0.981504,118,0,12.3333,,0,0,0,0,0,0,0,0,0,,763,524,,0,0,0,0
1604118579421,6,1010123456014,104,,1,0,8,1,2,,19.4017,229,0,0.978624,93,0,11.6667,,0,0,0,0,0,0,0,0,0,,602,564,,0,0,0,0
1604118579671,6,1010123456014,104,,1,0,8,1,2,,21.7474,289,914,0.963616,112,0,12.6667,,0,0,0,0,0,0,0,0,0,,830,490,,0,0,0,0
1604118579921,6,1010123456014,104,,1,0,8,1,2,,20.6348,356,405,1.00554,146,0,12.4286,,14,9,0,0.1,4,0,0,25.8992,31,,972,562,,0,0,0,1
1604118580171,6,1010123456014,104,,1,0,8,1,2,,21.3315,368,751,0.96496,147,0,12.5,,0,0,0,0,0,0,0,0,0,,1009,534,,0,0,0,0
1604118580421,6,1010123456014,104,,1,0,8,1,2,,21.1304,345,505,1.00794,141,0,12.6,,0,0,0,0,0,0,0,0,0,,968,566,,0,0,0,0
1604118580671,6,1010123456014,104,,1,0,8,1,2,,17.6677,325,793,0.984,130,0,10.6667,,0,0,0,0,0,0,0,0,0,,977,676,,0,0,0,0
1604118580921,6,1010123456014,104,,1,0,8,1,2,,19.759,332,1607,0.946848,126,0,11.8571,,13.4286,7,0,0.1,3,0,0,18.0634,31,,883,548,,0,0,0,1
1604118581171,6,1010123456014,104,,1,0,8,1,2,,19.9225,413,0,1.00749,170,0,12,,0,0,0,0,0,0,0,0,0,,1191,624,,0,0,0,0
1604118581421,6,1010123456014,104,,1,0,8,1,2,,19.9726,329,0,0.955808,130,0,11.8333,,0,0,0,0,0,0,0,0,0,,911,574,,0,0,0,0
1604118581671,6,1010123456014,104,,1,0,8,1,2,,21.3307,384,0,0.987584,154,0,12.8,,0,0,0,0,0,0,0,0,0,,1071,546,,0,0,0,0
1604118581921,6,1010123456014,104,,1,0,8,1,2,,20.7678,379,23,0.985536,151,0,12.4286,,0.977273,44,0,0.1,17,0,0,6.4263,31,,997,560,,0,0,0,1
1604118582171,6,1010123456014,104,,1,0,8,1,2,,19.7125,400,138,0.986304,160,0,11.5,,0,0,0,0,0,0,0,0,0,,1060,606,,0,0,0,0
1604118582421,6,1010123456014,104,,1,0,8,1,2,,19.9032,372,0,0.984416,148,0,11.8333,,0,0,0,0,0,0,0,0,0,,1099,624,,0,0,0,0
1604118582671,6,1010123456014,104,,1,0,8,1,2,,20.5356,379,914,0.983936,153,0,11.6667,,0,0,0,0,0,0,0,0,0,,1200,598,,0,0,0,0
1604118582921,6,1010123456014,104,,1,0,8,1,2,,19.2989,348,105,0.988512,141,0,11.1429,,8.38889,18,0,0.1,7,0,0,20.3945,31,,958,634,,0,0,0,1
1604118583171,6,1010123456014,104,,1,0,8,1,2,,19.3878,294,1327,0.952736,113,0,10.8333,,0,0,0,0,0,0,0,0,0,,799,580,,0,0,0,0
1604118583421,6,1010123456014,104,,1,0,8,1,2,,19.1522,276,1247,1.01418,117,0,10.8333,,0,0,0,0,0,0,0,0,0,,755,634,,0,0,0,0
1604118583671,6,1010123456014,104,,1,0,8,1,2,,19.1117,376,969,0.972544,149,0,11,,0,0,0,0,0,0,0,0,0,,1043,656,,0,0,0,0
1604118583921,6,1010123456014,104,,1,0,8,1,2,,19.6034,290,0,0.999104,120,0,11.1429,,14.7143,14,0,0.1,6,66.6667,0,10.4117,31,,789,582,,0,0,0,7.42857
1604118584171,6,1010123456014,104,,1,0,8,1,2,,19.5,376,0,0.952672,145,0,11.3333,,0,0,0,0,0,0,0,0,0,,1134,636,,0,0,0,0
1604118584421,6,1010123456014,104,,1,0,8,1,2,,19.6291,275,0,0.988576,116,0,11,,0,0,0,0,0,0,0,0,0,,747,612,,0,0,0,0
1604118584671,6,1010123456014,104,,1,0,8,1,2,,19.2997,307,88,0.967072,119,0,11,,0,0,0,0,0,0,0,0,0,,833,614,,0,0,0,0
1604118584921,6,1010123456014,104,,1,0,8,1,2,,19.1672,317,44,0.983104,127,0,11.2857,,11.5556,9,0,0.1,4,0,0,22.6932,31,,873,624,,0,0,0,1
1604118585171,6,1010123456014,104,,1,0,8,1,2,,19.0802,399,0,0.987616,166,0,11.5,,0,0,0,0,0,0,0,0,0,,1115,652,,0,0,0,0
1604118585421,6,1010123456014,104,,1,0,8,1,2,,18.7564,390,0,0.986944,156,0,11.1667,,0,0,0,0,0,0,0,0,0,,1056,658,,0,0,0,0
1604118585671,6,1010123456014,104,,1,0,8,1,2,,19.6109,275,0,0.982304,110,0,11.3333,,0,0,0,0,0,0,0,0,0,,733,576,,0,0,0,0
1604118585921,6,1010123456014,104,,1,0,8,1,2,,19.5352,284,121,0.983616,114,0,11,,14,9,0,0.1,4,0,0,24.2353,31,,758,592,,0,0,0,1
1604118586171,6,1010123456014,104,,1,0,8,1,2,,18.9482,367,161,0.9864,148,0,11,,0,0,0,0,0,0,0,0,0,,984,646,,0,0,0,0
1604118586421,6,1010123456014,104,,1,0,8,1,2,,19.1373,386,505,0.986752,154,0,11.1667,,0,0,0,0,0,0,0,0,0,,1122,650,,0,0,0,0
1604118586671,6,1010123456014,104,,1,0,8,1,2,,18.8864,396,1340,0.987072,159,0,10.8333,,0,0,0,0,0,0,0,0,0,,1170,658,,0,0,0,0
1604118586921,6,1010123456014,104,,1,0,2,1,2,,18.4911,336,1566,0.931936,133,0,10.7143,,13.4286,7,0,0.1,3,0,0,12.2179,31,,949,622,,0,0,0,4
1604118587171,6,1010123456014,104,,1,0,2,1,2,,22.8511,309,16952,0.454656,118,0,11.5,,0,0,0,0,0,0,0,0,0,,500,250,,0,0,0,0
1604118587421,6,1010123456014,104,,1,0,2,1,2,,21.4388,335,32567,0.495232,140,0,11,,0,0,0,0,0,0,0,0,0,,500,276,,0,0,0,0
1604118587671,6,1010123456014,104,,1,0,2,1,2,,22.1785,409,44313,0.6008,163,0,11.1667,,0,0,0,0,0,0,0,0,0,,500,330,,0,0,0,0
1604118587921,6,1010123456014,104,,1,0,2,1,2,,22.3805,481,52519,0.729696,195,0,11.1429,,11.3636,11,0,0.1,4,0,0,25.4638,31,,500,388,,0,0,0,1
1604118588171,6,1010123456014,104,,1,0,2,1,2,,21.3361,366,67230,0.53152,154,0,11.1667,,0,0,0,0,0,0,0,0,0,,500,296,,0,0,0,0
1604118588421,6,1010123456014,104,,1,0,2,1,2,,21.8686,373,80921,0.5384,149,0,11,,0,0,0,0,0,0,0,0,0,,500,302,,0,0,0,0
1604118588671,6,1010123456014,104,,1,0,2,1,2,,24.5872,436,87563,0.745984,172,0,12,,0,0,0,0,0,0,0,0,0,,500,354,,0,0,0,0
1604118588921,6,1010123456014,104,,1,0,2,1,2,,22.9386,293,103795,0.478592,120,0,11.7143,,14.0714,14,0,0.1,6,66.6667,0,11.5096,31,,500,234,,0,0,0,6.14286
1604118589171,6,1010123456014,104,,1,0,2,1,2,,23.784,449,111161,0.744768,178,0,11.6667,,0,0,0,0,0,0,0,0,0,,500,362,,0,0,0,0
1604118589421,6,1010123456014,104,,1,0,2,1,2,,22.8409,352,124749,0.545088,142,0,11.5,,0,0,0,0,0,0,0,0,0,,500,282,,0,0,0,0
1604118589671,8,1010123456014,104,,1,0,2,1,2,,23.6034,411,134326,0.706944,172,0,11.6667,,0,0,0,0,0,0,0,0,0,,500,332,,0,0,0,0
1604118589921,8,1010123456014,104,,1,0,2,1,2,,23.1895,248,150828,0.376257,95,0,11.5714,,7.6,10,0,0.1,4,0,0,11.879,31,,500,202,,0,0,0,1.9
1604118590171,6,1010123456014,104,,1,0,2,1,2,,22.374,492,158624,0.741792,197,0,11,,0,0,0,0,0,0,0,0,0,,500,396,,0,0,0,0
1604118590421,6,1010123456014,104,,1,0,2,1,2,,21.8688,465,168284,0.684512,191,0,11,,0,0,0,0,0,0,0,0,0,,500,378,,0,0,0,0
1604118590671,6,1010123456014,104,,1,0,2,1,2,,21.8964,502,176402,0.721184,201,0,11,,0,0,0,0,0,0,0,0,0,,500,406,,0,0,0,0
1604118590960,5,1010123456014,104,,1,0,2,1,2,,16.3182,66,177879,0.619571,210,0,10.7143,,0,0,0,0.1,4,0,0,0,31,,578,418,,0,0,0,0
1604118591171,5,1010123456014,104,,1,0,2,1,2,,21.61,441,183251,0.578199,140,0,10.8,,0,0,0,0,0,0,0,0,0,,422,280,,0,0,0,0
1604118591421,5,1010123456014,104,,1,0,2,1,2,,21.878,549,182828,0.773888,216,0,11,,0,0,0,0,0,0,0,0,0,,500,432,,0,0,0,0
1604118591671,5,1010123456014,104,,1,0,2,1,2,,21.7468,391,183731,0.545056,153,0,11,,0,0,0,0,0,0,0,0,0,,500,304,,0,0,0,0
1604118591921,5,1010123456014,104,,1,0,2,1,2,,21.8911,496,184023,0.709312,198,0,11,,13.7778,9,0,0.1,4,0,0,22.9869,31,,500,392,,0,0,0,1
1604118592171,5,1010123456014,104,,1,0,2,1,2,,21.7903,434,183969,0.605248,170,0,11,,0,0,0,0,0,0,0,0,0,,500,348,,0,0,0,0
1604118592421,5,1010123456014,104,,1,0,2,1,2,,21.1335,442,184344,0.622112,183,0,10.6667,,0,0,0,0,0,0,0,0,0,,500,358,,0,0,0,0
1604118592671,5,1010123456014,104,,1,0,2,1,2,,19.5924,184,183454,0.209856,70,0,10.5,,0,0,0,0,0,0,0,0,0,,500,148,,0,0,0,0
1604118592921,5,1010123456014,104,,1,0,2,1,2,,21.1363,477,183707,0.668864,198,0,10.7143,,14.2143,14,0,0.1,5,40,0,14.3051,31,,500,388,,0,0,0,5.07143
1604118593171,5,1010123456014,104,,1,0,2,1,2,,21.7675,443,183483,0.610688,172,0,11,,0,0,0,0,0,0,0,0,0,,500,352,,0,0,0,0
1604118593421,5,1010123456014,104,,1,0,2,1,2,,21.4687,463,182628,0.65408,188,0,10.8333,,0,0,0,0,0,0,0,0,0,,500,372,,0,0,0,0
1604118593671,5,1010123456014,104,,1,0,2,1,2,,21.4873,353,183396,0.494624,141,0,10.8333,,0,0,0,0,0,0,0,0,0,,500,284,,0,0,0,0
1604118593921,5,1010123456014,104,,1,0,2,1,2,,21.8522,487,183845,0.697472,196,0,11,,9.72727,33,0,0.109536,13,7.69231,0,15.7602,31,,500,390,,0,0,0,2.27273
1604118594171,5,1010123456014,104,,1,0,2,1,2,,21.5441,465,184210,0.665152,190,0,10.8333,,0,0,0,0,0,0,0,0,0,,500,374,,0,0,0,0
1604118594421,5,1010123456014,104,,1,0,2,1,2,,21.294,466,183315,0.642336,187,0,10.6667,,0,0,0,0,0,0,0,0,0,,500,378,,0,0,0,0
1604118594671,5,1010123456014,104,,1,0,2,1,2,,21.5092,434,183342,0.61312,176,0,10.8333,,0,0,0,0,0,0,0,0,0,,500,354,,0,0,0,0
1604118594921,5,1010123456014,104,,1,0,2,1,2,,19.9684,411,183893,0.513792,166,0,10,,13.5455,11,0,0.1,4,0,0,21.4088,31,,500,330,,0,0,0,1
1604118595171,5,1010123456014,104,,1,0,2,1,2,,20.6502,486,183663,0.62112,190,0,10.5,,0,0,0,0,0,0,0,0,0,,500,384,,0,0,0,0
1604118595421,5,1010123456014,104,,1,0,2,1,2,,20.5568,449,183541,0.57968,179,0,10.3333,,0,0,0,0,0,0,0,0,0,,500,356,,0,0,0,0
1604118595671,5,1010123456014,104,,1,0,2,1,2,,21.0528,549,184561,0.739072,220,0,10.6,,0,0,0,0,0,0,0,0,0,,500,432,,0,0,0,0
1604118595921,5,1010123456014,104,,1,0,2,1,2,,18.357,423,183782,0.4488,163,0,9.57143,,13.4118,17,0,0.1,8,50,0,11.9034,31,,500,334,,0,0,0,5.23529
1604118596171,5,1010123456014,104,,1,0,2,1,2,,20.067,373,184473,0.470592,152,0,10,,0,0,0,0,0,0,0,0,0,,500,294,,0,0,0,0
1604118596421,5,1010123456014,104,,1,0,2,1,2,,16.9643,392,184328,0.388288,152,0,9.16667,,0,0,0,0,0,0,0,0,0,,500,306,,0,0,0,0
1604118596671,5,1010123456014,104,,1,0,2,1,2,,21.1914,350,183030,0.456096,135,0,10.6667,,0,0,0,0,0,0,0,0,0,,500,278,,0,0,0,0
1604118596921,5,1010123456014,104,,1,0,2,1,2,,21.5921,554,182799,0.771712,220,0,10.6667,,10.6667,9,0,0.1,4,0,0,21.8958,31,,500,438,,0,0,0,1
1604118597171,5,1010123456014,104,,1,0,2,1,2,,19.6164,438,183068,0.512928,171,0,9.83333,,0,0,0,0,0,0,0,0,0,,500,346,,0,0,0,0
1604118597421,5,1010123456014,104,,1,0,2,1,2,,20.4384,463,184018,0.60544,188,0,10.3333,,0,0,0,0,0,0,0,0,0,,500,366,,0,0,0,0
1604118597671,5,1010123456014,104,,1,0,2,1,2,,19.3101,416,183962,0.464288,159,0,9.66667,,0,0,0,0,0,0,0,0,0,,500,328,,0,0,0,0
1604118597921,5,1010123456014,104,,1,0,2,1,2,,19.2184,412,184371,0.471104,162,0,9.42857,,14,9,0,0.1,4,0,0,25.2188,31,,500,322,,0,0,0,1
1604118598171,5,1010123456014,104,,1,0,2,1,2,,19.4407,447,183097,0.516352,176,0,9.83333,,0,0,0,0,0,0,0,0,0,,500,354,,0,0,0,0
1604118598421,5,1010123456014,104,,1,0,2,1,2,,19.7365,482,184265,0.586112,194,0,9.83333,,0,0,0,0,0,0,0,0,0,,500,386,,0,0,0,0
1604118598671,5,1010123456014,104,,1,0,2,1,2,,19.7737,464,182957,0.583776,191,0,9.83333,,0,0,0,0,0,0,0,0,0,,500,374,,0,0,0,0
1604118598921,5,1010123456014,104,,1,0,2,1,2,,19.5944,503,183433,0.592544,199,0,9.71429,,14.1538,13,0,0.1,6,50,0,8.52163,31,,500,406,,0,0,0,7.53846
1604118599171,5,1010123456014,104,,1,0,2,1,2,,19.3365,520,183871,0.610816,210,0,9.4,,0,0,0,0,0,0,0,0,0,,500,420,,0,0,0,0
1604118599421,5,1010123456014,104,,1,0,2,1,2,,19.9859,424,183617,0.534464,174,0,9.83333,,0,0,0,0,0,0,0,0,0,,500,348,,0,0,0,0
1604118599671,5,1010123456014,104,,1,0,2,1,2,,18.9358,467,183486,0.527104,188,0,9.33333,,0,0,0,0,0,0,0,0,0,,500,378,,0,0,0,0
1604118599921,5,1010123456014,104,,1,0,2,1,2,,19.905,537,183436,0.674144,219,0,10,,10,11,0,0.1,4,0,0,24.391,31,,500,436,,0,0,0,1
1604118600171,5,1010123456014,104,,1,0,2,1,2,,19.2304,369,183673,0.422944,145,0,9.5,,0,0,0,0,0,0,0,0,0,,500,292,,0,0,0,0
1604118600421,5,1010123456014,104,,1,0,2,1,2,,19.2788,452,184009,0.51648,178,0,9.66667,,0,0,0,0,0,0,0,0,0,,500,354,,0,0,0,0
1604118600671,5,1010123456014,104,,1,0,2,1,2,,19.4768,409,184140,0.471552,160,0,9.83333,,0,0,0,0,0,0,0,0,0,,500,322,,0,0,0,0
1604118600921,5,1010123456014,104,,1,0,2,1,2,,19.1898,469,183920,0.538976,187,0,9.57143,,0,8,0,0,4,100,0,0,0,,500,372,,0,0,0,0
1604118601171,5,1010123456014,104,,1,0,2,1,2,,19.8349,424,184310,0.509024,167,0,10,,3.6,5,0,0.1,2,0,0,21.5762,31,,500,336,,0,0,0,1
1604118601421,5,1010123456014,104,,1,0,2,1,2,,19.5419,465,183315,0.579552,195,0,9.66667,,0,0,0,0,0,0,0,0,0,,500,378,,0,0,0,0
1604118601671,5,1010123456014,104,,1,0,2,1,2,,19.2314,376,183288,0.415648,145,0,9.5,,0,0,0,0,0,0,0,0,0,,500,302,,0,0,0,0
1604118601921,5,1010123456014,104,,1,0,2,1,2,,18.8488,463,183596,0.527264,187,0,9.28571,,14.2222,9,0,0.1,4,0,0,18.8555,31,,500,368,,0,0,0,1.22222
1604118602171,5,1010123456014,104,,1,0,2,1,2,,18.3406,458,183384,0.494464,184,0,9,,0,0,0,0,0,0,0,0,0,,500,364,,0,0,0,0
1604118602421,5,1010123456014,104,,1,0,2,1,2,,17.1667,162,184340,0.1632,66,0,9.66667,,0,0,0,0,0,0,0,0,0,,500,130,,0,0,0,0
1604118602671,5,1010123456014,104,,1,0,2,1,2,,18.6098,328,183794,0.336864,123,0,9.6,,0,0,0,0,0,0,0,0,0,,500,258,,0,0,0,0
1604118602921,5,1010123456014,104,,1,0,2,1,2,,18.9323,473,183789,0.543552,190,0,9.42857,,13.3333,9,0,0.1,4,25,0,19.2292,31,,500,370,,0,0,0,3.22222
1604118603171,5,1010123456014,104,,1,0,2,1,2,,17.3878,361,183068,0.346336,137,0,9,,0,0,0,0,0,0,0,0,0,,500,284,,0,0,0,0
1604118603421,5,1010123456014,104,,1,0,2,1,2,,18.7227,375,183631,0.4256,152,0,9.33333,,0,0,0,0,0,0,0,0,0,,500,296,,0,0,0,0
1604118603671,5,1010123456014,104,,1,0,2,1,2,,19.2132,455,183780,0.50992,175,0,9.66667,,0,0,0,0,0,0,0,0,0,,500,358,,0,0,0,0
1604118603921,5,1010123456014,104,,1,0,2,1,2,,18.4975,408,183341,0.45168,163,0,9.42857,,13.4286,7,0,0.1,3,0,0,20.5575,31,,500,322,,0,0,0,1
1604118604171,5,1010123456014,104,,1,0,2,1,2,,18.9854,478,183191,0.52848,187,0,9.16667,,0,0,0,0,0,0,0,0,0,,500,378,,0,0,0,0
1604118604421,5,1010123456014,104,,1,0,2,1,2,,18.7149,484,183306,0.527456,191,0,9.16667,,0,0,0,0,0,0,0,0,0,,500,380,,0,0,0,0
1604118604671,5,1010123456014,104,,1,0,2,1,2,,18.85,540,182638,0.609152,220,0,9,,0,0,0,0,0,0,0,0,0,,500,434,,0,0,0,0
1604118604921,5,1010123456014,104,,1,0,2,1,2,,18.2029,419,183530,0.441152,166,0,9,,0,8,0,0,4,100,0,0,0,,500,338,,0,0,0,0
1604118605171,5,1010123456014,104,,1,0,2,1,2,,18.7357,454,182338,0.511936,186,0,10,,0,4,0,0.1,2,0,0,0,31,,500,368,,0,0,0,0
1604118605421,5,1010123456014,104,,1,0,2,1,2,,19.5947,417,183880,0.530976,165,0,9,,0,0,0,0,0,0,0,0,0,,500,334,,0,0,0,0
1604118605671,5,1010123456014,104,,1,0,2,1,2,,18.7163,497,183632,0.534304,195,0,9,,0,0,0,0,0,0,0,0,0,,500,392,,0,0,0,0
1604118605921,5,1010123456014,104,,1,0,2,1,2,,18.8062,449,183283,0.494848,178,0,9.42857,,14.8,15,0,0.1,7,57.1429,0,12.652,31,,500,354,,0,0,0,5.8
1604118606171,5,1010123456014,104,,1,0,2,1,2,,19.2719,423,184378,0.50768,173,0,9.66667,,0,0,0,0,0,0,0,0,0,,500,334,,0,0,0,0
1604118606421,5,1010123456014,104,,1,0,2,1,2,,19.25,332,184245,0.370592,127,0,10,,0,0,0,0,0,0,0,0,0,,500,266,,0,0,0,0
1604118606671,5,1010123456014,104,,1,0,2,1,2,,18.5269,372,183526,0.405632,146,0,9.5,,0,0,0,0,0,0,0,0,0,,500,294,,0,0,0,0
1604118606921,5,1010123456014,104,,1,0,2,1,2,,17.9286,504,183956,0.518432,199,0,8.85714,,8.57143,21,0,0.1,9,0,0,16.6446,31,,500,396,,0,0,0,1
1604118607171,5,1010123456014,104,,1,0,2,1,2,,18.4145,427,184508,0.479552,176,0,9.16667,,0,0,0,0,0,0,0,0,0,,500,340,,0,0,0,0
1604118607421,5,1010123456014,104,,1,0,2,1,2,,18.2063,412,184321,0.437312,164,0,9,,0,0,0,0,0,0,0,0,0,,500,330,,0,0,0,0
1604118607671,5,1010123456014,104,,1,0,2,1,2,,18.2279,294,183122,0.316416,118,0,10,,0,0,0,0,0,0,0,0,0,,500,240,,0,0,0,0
1604118607921,5,1010123456014,104,,1,0,2,1,2,,15.2958,311,183501,0.291264,126,0,8.83333,,12,21,0,0.1,8,50,0,12.3139,31,,500,250,,0,0,0,5.28571
1604118608171,5,1010123456014,104,,1,0,2,1,2,,18.0078,257,183814,0.278464,106,0,9.2,,0,0,0,0,0,0,0,0,0,,500,210,,0,0,0,0
1604118608421,5,1010123456014,104,,1,0,2,1,2,,19.4878,164,183137,0.197152,63,0,10.8,,0,0,0,0,0,0,0,0,0,,500,136,,0,0,0,0
1604118608671,5,1010123456014,104,,1,0,2,1,2,,19.0318,534,183643,0.60672,216,0,9,,0,0,0,0,0,0,0,0,0,,500,434,,0,0,0,0
1604118608921,5,1010123456014,104,,1,0,2,1,2,,23.1108,325,184126,0.574944,137,0,9.33333,,12.7273,11,0,0.1,4,0,0,20.7743,31,,500,260,,0,0,0,1
1604118609171,5,1010123456014,104,,1,0,2,1,2,,16.5489,470,184431,0.461216,187,0,9.33333,,0,0,0,0,0,0,0,0,0,,500,382,,0,0,0,0
1604118609421,5,1010123456014,104,,1,0,2,1,2,,18.2468,462,183860,0.510432,191,0,9,,0,0,0,0,0,0,0,0,0,,500,374,,0,0,0,0
1604118609671,5,1010123456014,104,,1,0,2,1,2,,18.9104,502,184199,0.564512,199,0,9.33333,,0,0,0,0,0,0,0,0,0,,500,398,,0,0,0,0
1604118609921,5,1010123456014,104,,1,0,2,1,2,,18.7244,468,183337,0.492096,178,0,9.16667,,13.3333,9,0,0.1,4,0,0,20.9157,31,,500,368,,0,0,0,1
1604118610171,5,1010123456014,104,,1,0,2,1,2,,18.5963,431,183745,0.465216,170,0,9.33333,,0,0,0,0,0,0,0,0,0,,500,340,,0,0,0,0
1604118610421,5,1010123456014,104,,1,0,2,1,2,,18.9521,501,184461,0.553984,198,0,9,,0,0,0,0,0,0,0,0,0,,500,396,,0,0,0,0
1604118610671,5,1010123456014,104,,1,0,2,1,2,,15.6424,467,183556,0.430016,189,0,8.33333,,0,0,0,0,0,0,0,0,0,,500,372,,0,0,0,0
1604118610921,5,1010123456014,104,,1,0,2,1,2,,21.5149,404,183574,0.609568,161,0,10.4,,15.1837,49,0,0.157376,20,50,0,9.93574,31,,500,326,,0,0,0,5.97959
1604118611171,5,1010123456014,104,,1,0,2,1,2,,18.6688,471,183660,0.525312,190,0,9.2,,0,0,0,0,0,0,0,0,0,,500,380,,0,0,0,0
1604118611421,5,1010123456014,104,,1,0,2,1,2,,17.3669,338,183514,0.35344,137,0,9,,0,0,0,0,0,0,0,0,0,,500,268,,0,0,0,0
1604118611671,5,1010123456014,104,,1,0,2,1,2,,15.3865,401,183044,0.352832,158,0,8.33333,,0,0,0,0,0,0,0,0,0,,500,318,,0,0,0,0
1604118611921,5,1010123456014,104,,1,0,2,1,2,,18.5285,369,183957,0.409632,149,0,9.42857,,12.7778,18,0,0.1,8,50,0,10.4622,31,,500,292,,0,0,0,5.66667
1604118612171,5,1010123456014,104,,1,0,2,1,2,,19.8234,368,183016,0.441696,143,0,9.66667,,0,0,0,0,0,0,0,0,0,,500,300,,0,0,0,0
1604118612421,5,1010123456014,104,,1,0,2,1,2,,18.6971,383,183020,0.4328,157,0,9.4,,0,0,0,0,0,0,0,0,0,,500,312,,0,0,0,0
1604118612671,5,1010123456014,104,,1,0,2,1,2,,19.8571,462,183250,0.580064,189,0,10,,0,0,0,0,0,0,0,0,0,,500,370,,0,0,0,0
1604118612921,5,1010123456014,104,,1,0,2,1,2,,19.4733,450,184433,0.521312,177,0,9.71429,,14,16,0,0.1,7,42.8571,0,10.539,31,,500,362,,0,0,0,5.5
1604118613171,5,1010123456014,104,,1,0,2,1,2,,19.4613,388,183877,0.471488,160,0,9.75,,0,0,0,0,0,0,0,0,0,,500,306,,0,0,0,0
1604118613421,5,1010123456014,104,,1,0,2,1,2,,19.0964,363,183043,0.396512,139,0,9.5,,0,0,0,0,0,0,0,0,0,,500,288,,0,0,0,0
1604118613671,5,1010123456014,104,,1,0,2,1,2,,20.0592,439,181760,0.53616,171,0,10,,0,0,0,0,0,0,0,0,0,,500,348,,0,0,0,0
1604118613921,5,1010123456014,104,,1,0,2,1,2,,18.4624,359,182735,0.428256,143,0,9.16667,,11.25,16,0,0.1,6,66.6667,0,4.49366,31,,500,284,,0,0,0,8.625
1604118614171,5,1010123456014,104,,1,0,2,1,2,,17.6934,473,182755,0.477888,186,0,8.83333,,0,0,0,0,0,0,0,0,0,,500,374,,0,0,0,0
1604118614421,5,1010123456014,104,,1,0,2,1,2,,17.9618,314,183157,0.324064,123,0,9.5,,0,0,0,0,0,0,0,0,0,,500,244,,0,0,0,0
1604118614671,5,1010123456014,104,,1,0,2,1,2,,18.8491,530,182787,0.58832,211,0,9.16667,,0,0,0,0,0,0,0,0,0,,500,424,,0,0,0,0
1604118614921,5,1010123456014,104,,1,0,2,1,2,,16.6733,251,184066,0.256544,105,0,8.83333,,0.1,48,0,0.1,20,0,0,2.74419,31,,500,204,,0,0,0,1.125
1604118615171,5,1010123456014,104,,1,0,2,1,2,,18.2432,481,184495,0.518656,194,0,9,,0,0,0,0,0,0,0,0,0,,500,386,,0,0,0,0
1604118615421,5,1010123456014,104,,1,0,2,1,2,,18.4632,462,183771,0.505632,187,0,9,,0,0,0,0,0,0,0,0,0,,500,374,,0,0,0,0
1604118615671,5,1010123456014,104,,1,0,2,1,2,,19.2488,430,184358,0.499104,173,0,9.5,,0,0,0,0,0,0,0,0,0,,500,350,,0,0,0,0
1604118615921,5,1010123456014,104,,1,0,2,1,2,,13.8869,451,183424,0.372128,183,0,8.5,,9.40351,57,0,0.196416,23,17.3913,0,13.177,31,,500,368,,0,0,0,2.85965
1604118616171,5,1010123456014,104,,1,0,2,1,2,,18.9747,316,184014,0.358816,125,0,9.66667,,0,0,0,0,0,0,0,0,0,,500,252,,0,0,0,0
1604118616421,5,1010123456014,104,,1,0,2,1,2,,18.8024,329,184302,0.398784,140,0,9.5,,0,0,0,0,0,0,0,0,0,,500,264,,0,0,0,0
1604118616671,5,1010123456014,104,,1,0,2,1,2,,17.8986,148,182895,0.136032,53,0,10,,0,0,0,0,0,0,0,0,0,,500,112,,0,0,0,0
1604118616921,5,1010123456014,104,,1,0,2,1,2,,21,409,183886,0.529248,157,0,10.5714,,12.9231,13,0,0.1,6,33.3333,0,14.6378,31,,500,320,,0,0,0,3.92308
1604118617171,5,1010123456014,104,,1,0,2,1,2,,19.8429,541,182831,0.660096,216,0,10,,0,0,0,0,0,0,0,0,0,,500,430,,0,0,0,0
1604118617421,5,1010123456014,104,,1,0,2,1,2,,19.1714,461,183170,0.5096,179,0,9.6,,0,0,0,0,0,0,0,0,0,,500,362,,0,0,0,0
1604118617671,5,1010123456014,104,,1,0,2,1,2,,19.6779,503,183569,0.616128,204,0,10,,0,0,0,0,0,0,0,0,0,,500,404,,0,0,0,0
1604118617921,5,1010123456014,104,,1,0,2,1,2,,19.8905,493,183854,0.604704,197,0,10,,3.10811,37,0,0.1,15,13.3333,0,10.4209,31,,500,398,,0,0,0,2.59459
1604118618171,5,1010123456014,104,,1,0,2,1,2,,19.3277,476,182894,0.556096,190,0,9.83333,,0,0,0,0,0,0,0,0,0,,500,382,,0,0,0,0
1604118618421,5,1010123456014,104,,1,0,2,1,2,,19.3203,281,184100,0.346624,118,0,9.83333,,0,0,0,0,0,0,0,0,0,,500,234,,0,0,0,0
1604118618671,5,1010123456014,104,,1,0,2,1,2,,19.4697,511,183318,0.615232,208,0,9.66667,,0,0,0,0,0,0,0,0,0,,500,408,,0,0,0,0
1604118618921,5,1010123456014,104,,1,0,2,1,2,,18.7588,456,183807,0.506432,180,0,9.42857,,15,12,0,0,4,100,0,6.74824,0,,500,362,,0,0,0,10
1604118619171,5,1010123456014,104,,1,0,2,1,2,,19.8522,521,184420,0.636288,208,0,10,,4.8,5,0,0.1,2,0,0,25.1375,31,,500,424,,0,0,0,1
1604118619421,5,1010123456014,104,,1,0,2,1,2,,19.5092,546,167964,0.649536,220,0,9.66667,,0,0,0,0,0,0,0,0,0,,500,438,,0,0,0,0
1604118619671,5,1010123456014,104,,1,0,2,1,2,,20,577,146209,0.723232,233,0,10,,0,0,0,0,0,0,0,0,0,,498,466,,0,0,0,0
1604118619921,5,1010123456014,104,,1,0,2,1,2,,19.9879,580,124391,0.731584,236,0,10,,12,8,0,0.1,3,0,0,15.4634,31,,500,470,,0,0,0,1
1604118620171,5,1010123456014,104,,1,0,2,1,2,,20,586,102637,0.723232,233,0,10,,0,0,0,0,0,0,0,0,0,,500,468,,0,0,0,0
1604118620421,5,1010123456014,104,,1,0,2,1,2,,20,595,80789,0.732544,236,0,10,,0,0,0,0,0,0,0,0,0,,500,470,,0,0,0,0
1604118620671,5,1010123456014,104,,1,0,2,1,2,,20,593,59035,0.723232,233,0,10,,0,0,0,0,0,0,0,0,0,,500,468,,0,0,0,0
1604118620921,5,1010123456014,104,,1,0,2,1,2,,19.9916,595,37208,0.731904,236,0,10,,12.5714,7,0,0.1,3,0,0,21.1033,31,,500,470,,0,0,0,1
1604118621171,5,1010123456014,104,,1,0,2,1,2,,20,593,15453,0.723232,233,0,10,,0,0,0,0,0,0,0,0,0,,500,468,,0,0,0,0
1604118621421,5,1010123456014,104,,1,0,2,1,2,,19.9007,423,0,0.5408,175,0,10,,0,0,0,0,0,0,0,0,0,,356,334,,0,0,0,0
1604118621671,5,1010123456014,104,,1,0,2,1,2,,0,0,0,0,0,0,10.2,,0,0,0,0,0,0,0,0,0,,0,0,,0,0,0,0
1604118621921,5,1010123456014,104,,1,0,2,1,2,,0,0,0,0,0,0,9.16667,,0,0,0,0,0,0,0,0,0,,0,0,,0,0,0,0
1604118622171,5,1010123456014,104,,1,0,2,1,2,,0,0,0,0,0,0,9,,0,0,0,0,0,0,0,0,0,,0,0,,0,0,0,0
1604118622421,5,1010123456014,104,,1,0,2,1,2,,0,0,0,0,0,0,10.2,,0,0,0,0,0,0,0,0,0,,0,0,,0,0,0,0
1604118622671,5,1010123456014,104,,1,0,2,1,2,,0,0,0,0,0,0,9.5,,0,0,0,0,0,0,0,0,0,,0,0,,0,0,0,0
1604118622921,5,1010123456014,104,,1,0,2,1,2,,0,0,0,0,0,0,10,,0,0,0,0,0,0,0,0,0,,0,0,,0,0,0,0
1604118623171,5,1010123456014,104,,1,0,2,1,2,,0,0,0,0,0,0,10.1667,,0,0,0,0,0,0,0,0,0,,0,0,,0,0,0,0
1604118623421,5,1010123456014,104,,1,0,2,1,2,,0,0,0,0,0,0,8.66667,,0,0,0,0,0,0,0,0,0,,0,0,,0,0,0,0
1604118623671,5,1010123456014,104,,1,0,2,1,2,,0,0,0,0,0,0,9.66667,,0,0,0,0,0,0,0,0,0,,0,0,,0,0,0,0
1604118623921,5,1010123456014,104,,1,0,2,1,2,,0,0,0,0,0,0,10,,0,0,0,0,0,0,0,0,0,,0,0,,0,0,0,0
1604118624171,5,1010123456014,104,,1,0,2,1,2,,0,0,0,0,0,0,10,,0,0,0,0,0,0,0,0,0,,0,0,,0,0,0,0
1604118624421,5,1010123456014,104,,1,0,2,1,2,,0,0,0,0,0,0,9.5,,0,0,0,0,0,0,0,0,0,,0,0,,0,0,0,0
1604118624671,5,1010123456014,104,,1,0,2,1,2,,0,0,0,0,0,0,10.5,,0,0,0,0,0,0,0,0,0,,0,0,,0,0,0,0
1604118624921,5,1010123456014,104,,1,0,2,1,2,,0,0,0,0,0,0,9,,0,0,0,0,0,0,0,0,0,,0,0,,0,0,0,0
1604118625171,5,1010123456014,104,,1,0,2,1,2,,0,0,0,0,0,0,8,,0,0,0,0,0,0,0,0,0,,0,0,,0,0,0,0
1604118625421,5,1010123456014,104,,1,0,2,1,2,,0,0,0,0,0,0,7.25,,0,0,0,0,0,0,0,0,0,,0,0,,0,0,0,0
1604118625671,5,1010123456014,104,,1,0,2,1,2,,0,0,0,0,0,0,6.25,,0,0,0,0,0,0,0,0,0,,0,0,,0,0,0,0
1604118625921,5,1010123456014,104,,1,0,2,1,2,,0,0,0,0,0,0,5.5,,0,0,0,0,0,0,0,0,0,,0,0,,0,0,0,0
1604118626171,5,1010123456014,104,,1,0,2,1,2,,0,0,0,0,0,0,8.25,,0,0,0,0,0,0,0,0,0,,0,0,,0,0,0,0
1604118626421,5,1010123456014,104,,1,0,2,1,2,,0,0,0,0,0,0,10.3333,,0,0,0,0,0,0,0,0,0,,0,0,,0,0,0,0
1604118626671,5,1010123456014,104,,1,0,2,1,2,,0,0,0,0,0,0,0.1,,0,0,0,0,0,0,0,0,0,,0,0,,0,0,0,0
1604118626921,5,1010123456014,104,,1,0,2,1,2,,0,0,0,0,0,0,8.33333,,0,0,0,0,0,0,0,0,0,,0,0,,0,0,0,0
1604118627171,5,1010123456014,104,,1,0,2,1,2,,0,0,0,0,0,0,0.1,,0,0,0,0,0,0,0,0,0,,0,0,,0,0,0,0
1604118627421,5,1010123456014,104,,1,0,2,1,2,,0,0,0,0,0,0,12,,0,0,0,0,0,0,0,0,0,,0,0,,0,0,0,0
1604118627671,5,1010123456014,104,,1,0,2,1,2,,0,0,0,0,0,0,6.25,,0,0,0,0,0,0,0,0,0,,0,0,,0,0,0,0
1604118627921,5,1010123456014,104,,1,0,2,1,2,,0,0,0,0,0,0,5.75,,0,0,0,0,0,0,0,0,0,,0,0,,0,0,0,0
1604118628171,5,1010123456014,104,,1,0,2,1,2,,0,0,0,0,0,0,3.33333,,0,0,0,0,0,0,0,0,0,,0,0,,0,0,0,0
1604118628421,5,1010123456014,104,,1,0,2,1,2,,0,0,0,0,0,0,8,,0,0,0,0,0,0,0,0,0,,0,0,,0,0,0,0
1604118628671,5,1010123456014,104,,1,0,2,1,2,,0,0,0,0,0,0,3,,0,0,0,0,0,0,0,0,0,,0,0,,0,0,0,0
1604118628921,5,1010123456014,104,,1,0,2,1,2,,0,0,0,0,0,0,6.66667,,0,0,0,0,0,0,0,0,0,,0,0,,0,0,0,0
1604118629171,5,1010123456014,104,,1,0,2,1,2,,0,0,0,0,0,0,4.5,,0,0,0,0,0,0,0,0,0,,0,0,,0,0,0,0
1604118629421,5,1010123456014,104,,1,0,2,1,2,,0,0,0,0,0,0,5,,0,0,0,0,0,0,0,0,0,,0,0,,0,0,0,0
1604118629671,5,1010123456014,104,,1,0,2,1,2,,0,0,0,0,0,0,5.75,,0,0,0,0,0,0,0,0,0,,0,0,,0,0,0,0
1604118629921,5,1010123456014,104,,1,0,2,1,2,,0,0,0,0,0,0,6,,0,0,0,0,0,0,0,0,0,,0,0,,0,0,0,0
1604118630171,5,1010123456014,104,,1,0,2,1,2,,0,0,0,0,0,0,2.5,,0,0,0,0,0,0,0,0,0,,0,0,,0,0,0,0
1604118630421,5,1010123456014,104,,1,0,2,1,2,,0,0,0,0,0,0,4.33333,,0,0,0,0,0,0,0,0,0,,0,0,,0,0,0,0
1604118630671,5,1010123456014,104,,1,0,2,1,2,,0,0,0,0,0,0,8,,0,0,0,0,0,0,0,0,0,,0,0,,0,0,0,0
1604118630921,5,1010123456014,104,,1,0,2,1,2,,0,0,0,0,0,0,3,,0,0,0,0,0,0,0,0,0,,0,0,,0,0,0,0
1604118631171,5,1010123456014,104,,1,0,2,1,2,,0,0,0,0,0,0,11,,0,0,0,0,0,0,0,0,0,,0,0,,0,0,0,0
1604118631421,5,1010123456014,104,,1,0,2,1,2,,0,0,0,0,0,0,4.5,,0,0,0,0,0,0,0,0,0,,0,0,,0,0,0,0
1604118631671,5,1010123456014,104,,1,0,2,1,2,,0,0,0,0,0,0,7,,0,0,0,0,0,0,0,0,0,,0,0,,0,0,0,0
1604118631921,5,1010123456014,104,,1,0,2,1,2,,0,0,0,0,0,0,11.5,,0,0,0,0,0,0,0,0,0,,0,0,,0,0,0,0
1604118632171,5,1010123456014,104,,1,0,2,1,2,,0,0,0,0,0,0,6.5,,0,0,0,0,0,0,0,0,0,,0,0,,0,0,0,0
1604118632421,5,1010123456014,104,,1,0,2,1,2,,0,0,0,0,0,0,7.33333,,0,0,0,0,0,0,0,0,0,,0,0,,0,0,0,0
