time,cc,pci,earfcn,rsrp,pl,cfo,dl_mcs,dl_snr,dl_turbo,dl_brate,dl_bler,ul_ta,ul_mcs,ul_buff,ul_brate,ul_bler,rf_o,rf_u,rf_l,is_attached
0,0,0,4294967295,0.0,0.0,0.0,0.0,0.0,0.0,0.0,0.0,0.0,0.0,0.0,0.0,0.0,0.0,0.0,0.0,0.0
249,0,0,3400,0.0,0.0,0.0,0.0,0.0,0.0,0.0,0.0,0.0,0.0,0.0,0.0,0.0,0.0,0.0,0.0,0.0
498,0,0,3400,0.0,0.0,0.0,0.0,0.0,0.0,0.0,0.0,0.0,0.0,0.0,0.0,0.0,0.0,0.0,0.0,0.0
747,0,1,3400,0.0,0.0,0.0,0.0,0.0,0.0,0.0,0.0,0.0,0.0,0.0,0.0,0.0,0.0,0.0,0.0,0.0
996,0,1,3400,-59,59,73,0.0,20,0.0,0.0,0.0,0.0,0.0,0.0,0.0,0.0,0.0,0.0,0.0,0.0
1245,0,1,3400,-59,59,-31,1.4,23,0.25,2912.000000,0,0.0,0.0,33,224,0,0.0,0.0,0.0,1.0
1494,0,1,3400,-59,59,-36,2.5,23,0.50,224,0,27,0.98,0.0,19648.000000,0,0.0,0.0,0.0,1.0
1743,0,1,3400,-60,60,-42,3.6,22,0.50,3008.000000,0,27,8.0,21,5952.000000,20,0.0,0.0,0.0,1.0
1992,0,1,3400,-60,60,-37,4.0,22,0.50,1120.000000,0,27,8.6,0.0,25472.000000,0,0.0,0.0,0.0,1.0
2241,0,1,3400,-60,60,-32,3.7,21,0.50,480,0,27,8.8,0.0,0.0,67,0.0,0.0,0.0,1.0
2490,0,1,3400,-60,60,-27,3.3,21,0.50,8768.000000,0,27,4.5,0.0,18112.000000,20,0.0,0.0,0.0,1.0
2739,0,1,3400,-60,60,-30,16,21,0.72,440352.000000,4,27,1.4,0.0,139552.000000,3,0.0,0.0,0.0,1.0
2988,0,1,3400,-60,60,-27,20,21,0.51,600576.000000,0,27,6.5,0.0,39040.000000,25,0.0,0.0,0.0,1.0
3237,0,1,3400,-60,60,-34,20,21,0.50,602912.000000,0,27,6.5,0.0,0.0,0.0,0.0,0.0,0.0,1.0
3486,0,1,3400,-60,60,-36,20,22,0.50,608064.000000,0,27,6.5,0.0,0.0,0.0,0.0,0.0,0.0,1.0
3735,0,1,3400,-60,60,-35,20,22,0.51,612256.000000,0,27,5.3,0.0,79520.000000,4,0.0,0.0,0.0,1.0
3984,0,1,3400,-59,59,-44,21,22,0.54,701120.000000,0,27,2.0,0.0,0.0,0.0,0.0,0.0,0.0,1.0
4233,0,1,3400,-59,59,-47,20,22,0.50,608128.000000,0,27,2.0,0.0,0.0,0.0,0.0,0.0,0.0,1.0
4482,0,1,3400,-59,59,-47,21,23,0.50,667296.000000,0,27,2.0,0.0,0.0,0.0,0.0,0.0,0.0,1.0
4731,0,1,3400,-59,59,-48,20,23,0.51,625120.000000,0,27,2.8,0.0,49728.000000,0,0.0,0.0,0.0,1.0
4980,0,1,3400,-58,58,-42,22,23,0.50,720928.000000,0,27,8.0,0.0,0.0,0.0,0.0,0.0,0.0,1.0
5229,0,1,3400,-58,58,-34,20,23,0.51,591584.000000,0,27,8.0,0.0,0.0,0.0,0.0,0.0,0.0,1.0
5478,0,1,3400,-58,58,-33,22,23,0.50,626464.000000,0,27,8.0,0.0,0.0,0.0,0.0,0.0,0.0,1.0
5727,0,1,3400,-58,58,-31,23,23,0.51,826560.000000,0,27,9.6,0.0,59392.000000,12,0.0,0.0,0.0,1.0
5976,0,1,3400,-58,58,-23,22,23,0.50,686144.000000,0,27,15,0.0,0.0,0.0,0.0,0.0,0.0,1.0
6225,0,1,3400,-58,58,-35,22,23,0.50,707520.000000,0,27,15,0.0,0.0,0.0,0.0,0.0,0.0,1.0
6474,0,1,3400,-58,58,-41,21,23,0.50,474496.000000,0,27,15,0.0,0.0,0.0,0.0,0.0,0.0,1.0
6723,0,1,3400,-58,58,-51,22,23,0.50,780640.000000,0,27,14,0.0,67648.000000,0,0.0,0.0,0.0,1.0
6972,0,1,3400,-57,57,-52,22,24,0.50,696956.187500,0,27,12,0.0,0.0,0.0,0.0,0.0,0.0,1.0
7221,0,1,3400,-57,57,-47,22,24,0.50,675264.000000,0,27,12,0.0,0.0,0.0,0.0,0.0,0.0,1.0
7470,0,1,3400,-57,57,-45,22,24,0.50,639328.000000,0,27,12,0.0,0.0,0.0,0.0,0.0,0.0,1.0
7719,0,1,3400,-58,58,-43,18,24,0.50,541952.000000,0,27,11,0.0,58560.000000,9,0.0,0.0,0.0,1.0
7968,0,1,3400,-58,58,-41,23,24,0.52,694912.000000,0,27,4.5,0.0,21632.000000,0,0.0,0.0,0.0,1.0
8217,0,1,3400,-58,58,-38,19,23,0.50,593056.000000,0,27,4.5,0.0,0.0,0.0,0.0,0.0,0.0,1.0
8466,0,1,3400,-58,58,-37,17,23,0.55,437344.000000,0,27,4.4,0.0,0.0,0.0,0.0,0.0,0.0,1.0
8715,0,1,3400,-59,59,-41,18,23,0.50,476288.000000,0,27,4.1,0.0,54432.000000,7,0.0,0.0,0.0,1.0
8964,0,1,3400,-59,59,-35,18,23,0.50,597696.000000,0,27,4.5,0.0,0.0,0.0,0.0,0.0,0.0,1.0
9213,0,1,3400,-59,59,-41,21,22,0.50,604096.000000,0,27,4.5,0.0,0.0,0.0,0.0,0.0,0.0,1.0
9462,0,1,3400,-59,59,-45,20,22,0.50,624192.000000,0,27,4.5,0.0,0.0,0.0,0.0,0.0,0.0,1.0
9711,0,1,3400,-59,59,-38,20,22,0.50,567104.000000,0,27,4.4,0.0,22464.000000,10,0.0,0.0,0.0,1.0
9960,0,1,3400,-59,59,-36,21,22,0.50,70048.000000,0,27,0.99,0.0,0.0,0.0,0.0,0.0,0.0,1.0
10209,0,1,3400,-59,59,-35,21,22,0.50,0.0,0.0,27,0.99,0.0,0.0,0.0,0.0,0.0,0.0,1.0
10458,0,1,3400,-59,59,-45,20,22,0.50,545504.000000,0,27,1.0,0.0,0.0,0.0,0.0,0.0,0.0,1.0
10707,0,1,3400,-59,59,-45,21,22,0.50,673376.000000,0,27,1.7,0.0,38720.000000,0,0.0,0.0,0.0,1.0
10956,0,1,3400,-59,59,-39,20,22,0.50,561888.000000,0,27,6.5,0.0,0.0,0.0,0.0,0.0,0.0,1.0
11205,0,1,3400,-59,59,-36,21,22,0.50,673728.000000,0,27,6.5,0.0,0.0,0.0,0.0,0.0,0.0,1.0
11454,0,1,3400,-59,59,-41,20,22,0.50,554112.000000,0,27,6.5,0.0,0.0,0.0,0.0,0.0,0.0,1.0
11703,0,1,3400,-59,59,-43,18,22,0.50,436256.000000,0,27,6.5,0.0,26144.000000,0,0.0,0.0,0.0,1.0
11952,0,1,3400,-58,58,-37,21,23,0.50,611328.000000,0,27,5.0,0.0,0.0,0.0,0.0,0.0,0.0,1.0
12201,0,1,3400,-58,58,-35,21,23,0.50,676544.000000,0,27,5.0,0.0,0.0,0.0,0.0,0.0,0.0,1.0
12450,0,1,3400,-58,58,-28,21,23,0.50,504256.000000,0,27,5.0,0.0,0.0,0.0,0.0,0.0,0.0,1.0
12699,0,1,3400,-58,58,-29,20,23,0.50,635104.000000,0,27,5.7,0.0,29152.000000,9,0.0,0.0,0.0,1.0
12948,0,1,3400,-57,57,-32,22,23,0.50,719648.000000,0,27,8.5,0.0,0.0,0.0,0.0,0.0,0.0,1.0
13197,0,1,3400,-57,57,-35,22,24,0.50,692768.000000,0,27,8.5,0.0,0.0,0.0,0.0,0.0,0.0,1.0
13446,0,1,3400,-57,57,-41,22,24,0.50,466240.000000,0,27,8.5,0.0,0.0,0.0,0.0,0.0,0.0,1.0
13695,0,1,3400,-57,57,-43,23,23,0.51,591968.125000,0,27,8.2,0.0,56159.363281,0,0.0,0.0,0.0,1.0
13944,0,1,3400,-57,57,-40,22,23,0.50,718880.000000,0,27,8.0,0.0,0.0,0.0,0.0,0.0,0.0,1.0
14193,0,1,3400,-57,57,-38,22,23,0.50,675520.000000,0,27,7.9,0.0,0.0,0.0,0.0,0.0,0.0,1.0
14442,0,1,3400,-57,57,-31,22,23,0.50,417952.000000,0,27,8.0,0.0,0.0,0.0,0.0,0.0,0.0,1.0
14691,0,1,3400,-57,57,-36,22,23,0.50,655104.000000,0,27,7.2,0.0,33792.000000,0,0.0,0.0,0.0,1.0
14940,0,1,3400,-57,57,-31,22,24,0.50,687872.000000,0,27,2.0,0.0,0.0,0.0,0.0,0.0,0.0,1.0
15189,0,1,3400,-57,57,-29,22,24,0.50,697728.000000,0,27,2.0,0.0,0.0,0.0,0.0,0.0,0.0,1.0
15438,0,1,3400,-57,57,-43,24,23,0.51,735552.000000,0,27,2.0,0.0,0.0,0.0,0.0,0.0,0.0,1.0
15687,0,1,3400,-58,58,-46,20,23,0.50,613088.000000,0,27,2.5,0.0,37312.000000,0,0.0,0.0,0.0,1.0
15936,0,1,3400,-58,58,-45,22,23,0.50,656512.000000,0,27,5.5,0.0,0.0,0.0,0.0,0.0,0.0,1.0
16185,0,1,3400,-58,58,-39,23,23,0.51,690048.000000,0,27,5.5,0.0,0.0,0.0,0.0,0.0,0.0,1.0
16434,0,1,3400,-58,58,-34,21,23,0.50,692576.000000,0,27,5.5,0.0,0.0,0.0,0.0,0.0,0.0,1.0
16683,0,1,3400,-58,58,-36,23,22,0.50,748128.000000,0,27,5.6,0.0,63264.000000,0,0.0,0.0,0.0,1.0
16932,0,1,3400,-58,58,-41,22,23,0.50,770496.000000,0,27,7.0,0.0,0.0,0.0,0.0,0.0,0.0,1.0
17181,0,1,3400,-58,58,-36,22,22,0.50,608864.000000,0,27,7.0,0.0,0.0,0.0,0.0,0.0,0.0,1.0
17430,0,1,3400,-58,58,-33,20,22,0.50,614016.000000,0,27,7.0,0.0,0.0,0.0,0.0,0.0,0.0,1.0
17679,0,1,3400,-58,58,-38,21,23,0.50,697120.000000,0,27,7.0,581,0.0,0.0,0.0,0.0,0.0,1.0
17928,0,1,3400,-58,58,-32,20,22,0.50,605312.000000,0,27,5.5,0.0,41760.000000,0,0.0,0.0,0.0,1.0
18177,0,1,3400,-58,58,-44,21,22,0.50,589888.000000,0,27,5.5,0.0,0.0,0.0,0.0,0.0,0.0,1.0
18426,0,1,3400,-58,58,-38,20,22,0.50,579616.000000,0,27,5.5,0.0,0.0,0.0,0.0,0.0,0.0,1.0
18675,0,1,3400,-58,58,-42,19,22,0.50,475904.000000,0,27,5.5,581,0.0,0.0,0.0,0.0,0.0,1.0
18924,0,1,3400,-58,58,-46,19,22,0.50,562624.000000,0,27,7.6,0.0,106240.000000,38,0.0,0.0,0.0,1.0
19173,0,1,3400,-58,58,-40,20,22,0.50,546592.000000,0,27,8.0,0.0,0.0,0.0,0.0,0.0,0.0,1.0
19422,0,1,3400,-58,58,-38,20,22,0.50,475328.000000,0,27,8.0,0.0,0.0,0.0,0.0,0.0,0.0,1.0
19671,0,1,3400,-58,58,-44,22,22,0.55,650304.000000,0,27,8.1,0.0,49728.000000,0,0.0,0.0,0.0,1.0
19920,0,1,3400,-58,58,-42,20,22,0.50,618752.000000,0,27,8.0,0.0,0.0,0.0,0.0,0.0,0.0,1.0
20169,0,1,3400,-58,58,-33,19,22,0.50,536000.000000,0,27,8.0,0.0,0.0,0.0,0.0,0.0,0.0,1.0
20418,0,1,3400,-58,58,-34,21,22,0.51,666613.562500,0,27,8.0,0.0,0.0,0.0,0.0,0.0,0.0,1.0
20667,0,1,3400,-58,58,-39,15,22,0.50,217408.000000,0,27,8.0,0.0,0.0,0.0,0.0,0.0,0.0,1.0
20916,0,1,3400,-58,58,-41,10,22,0.50,0.0,0.0,27,8.0,0.0,0.0,0.0,0.0,0.0,0.0,1.0
21165,0,1,3400,-58,58,-43,13,22,0.50,155552.000000,0,27,7.6,16,10336.000000,0,0.0,0.0,0.0,1.0
21414,0,1,3400,-58,58,-39,22,22,0.50,565952.000000,0,27,2.0,0.0,57600.000000,50,0.0,0.0,0.0,1.0
21663,0,1,3400,-58,58,-41,17,22,0.50,438560.000000,0,27,2.0,581,0.0,0.0,0.0,0.0,0.0,1.0
21912,0,1,3400,-57,57,-42,20,22,0.50,188704.000000,0,27,9.4,0.0,55776.000000,8,0.0,0.0,0.0,1.0
22161,0,1,3400,-57,57,-42,20,22,0.50,584096.000000,0,27,12,0.0,0.0,0.0,0.0,0.0,0.0,1.0
22410,0,1,3400,-57,57,-43,22,23,0.50,715392.000000,0,27,12,0.0,0.0,0.0,0.0,0.0,0.0,1.0
22659,0,1,3400,-57,57,-33,21,23,0.50,693088.000000,0,27,8.7,0.0,76480.000000,7,0.0,0.0,0.0,1.0
22908,0,1,3400,-57,57,-32,21,22,0.50,692000.000000,0,27,0.0,0.0,0.0,0.0,0.0,0.0,0.0,1.0
23157,0,1,3400,-57,57,-39,22,22,0.50,696672.000000,0,27,0.0,0.0,0.0,0.0,0.0,0.0,0.0,1.0
23406,0,1,3400,-57,57,-39,21,23,0.50,669664.000000,0,27,0.0,0.0,0.0,0.0,0.0,0.0,0.0,1.0
23655,0,1,3400,-57,57,-33,15,22,0.50,428480.000000,0,27,1.5,0.0,72416.000000,0,0.0,0.0,0.0,1.0
23904,0,1,3400,-57,57,-42,20,22,0.50,537184.000000,0,27,15,0.0,0.0,0.0,0.0,0.0,0.0,1.0
24153,0,1,3400,-57,57,-35,21,22,0.50,633536.000000,0,27,15,0.0,0.0,0.0,0.0,0.0,0.0,1.0
24402,0,1,3400,-57,57,-35,19,22,0.50,532992.000000,0,27,15,0.0,0.0,0.0,0.0,0.0,0.0,1.0
24651,0,1,3400,-57,57,-48,20,22,0.50,499680.000000,0,27,12,0.0,56736.000000,18,0.0,0.0,0.0,1.0
24900,0,1,3400,-57,57,-44,21,22,0.50,610944.000000,0,27,4.0,0.0,0.0,0.0,0.0,0.0,0.0,1.0
25149,0,1,3400,-57,57,-37,21,22,0.50,701312.000000,0,27,4.0,0.0,0.0,0.0,0.0,0.0,0.0,1.0
25398,0,1,3400,-57,57,-37,20,22,0.50,662944.000000,0,27,4.0,0.0,0.0,0.0,0.0,0.0,0.0,1.0
25647,0,1,3400,-57,57,-32,15,22,0.50,268128.000000,0,27,2.9,0.0,23360.000000,0,0.0,0.0,0.0,1.0
25896,0,1,3400,-57,57,-33,19,22,0.50,0.0,0.0,27,0.0,0.0,0.0,0.0,0.0,0.0,0.0,1.0
26145,0,1,3400,-57,57,-34,19,22,0.50,145536.000000,0,27,0.0,0.0,0.0,0.0,0.0,0.0,0.0,1.0
26394,0,1,3400,-57,57,-27,19,22,0.50,155296.000000,0,27,0.0,0.0,0.0,0.0,0.0,0.0,0.0,1.0
26643,0,1,3400,-57,57,-28,20,22,0.50,247168.000000,0,27,0.0,581,0.0,0.0,0.0,0.0,0.0,1.0
26892,0,1,3400,-57,57,-29,18,22,0.50,511232.000000,0,27,0.92,0.0,39488.000000,0,0.0,0.0,0.0,1.0
27141,0,1,3400,-57,57,-21,20,22,0.50,503456.000000,0,27,0.99,0.0,0.0,0.0,0.0,0.0,0.0,1.0
27390,0,1,3400,-57,57,-23,19,22,0.50,579232.000000,0,27,1.0,0.0,0.0,0.0,0.0,0.0,0.0,1.0
27639,0,1,3400,-57,57,-33,20,22,0.52,212621.515625,0,27,1.0,581,0.0,0.0,0.0,0.0,0.0,1.0
27888,0,1,3400,-57,57,-41,19,22,0.53,528640.000000,0,27,5.0,0.0,90944.000000,0,0.0,0.0,0.0,1.0
28137,0,1,3400,-57,57,-45,19,22,0.51,641536.000000,0,27,5.5,0.0,0.0,0.0,0.0,0.0,0.0,1.0
28386,0,1,3400,-57,57,-48,19,22,0.51,499232.000000,0,27,5.5,0.0,0.0,0.0,0.0,0.0,0.0,1.0
28635,0,1,3400,-57,57,-46,19,22,0.50,460928.000000,0,27,4.9,0.0,42176.000000,0,0.0,0.0,0.0,1.0
28884,0,1,3400,-57,57,-37,20,22,0.50,605760.000000,0,27,3.5,0.0,0.0,0.0,0.0,0.0,0.0,1.0
29133,0,1,3400,-57,57,-35,19,22,0.50,485728.000000,0,27,3.5,0.0,0.0,0.0,0.0,0.0,0.0,1.0
29382,0,1,3400,-57,57,-36,18,22,0.50,480576.000000,0,27,3.5,0.0,0.0,0.0,0.0,0.0,0.0,1.0
29631,0,1,3400,-58,58,-35,18,22,0.50,502176.000000,0,27,4.4,0.0,61472.000000,4,0.0,0.0,0.0,1.0
29880,0,1,3400,-58,58,-24,19,21,0.54,323040.000000,0,27,7.0,0.0,0.0,0.0,0.0,0.0,0.0,1.0
30129,0,1,3400,-58,58,-30,19,21,0.50,516224.000000,0,27,7.0,0.0,0.0,0.0,0.0,0.0,0.0,1.0
30378,0,1,3400,-58,58,-35,19,21,0.50,522304.000000,0,27,7.0,0.0,0.0,0.0,0.0,0.0,0.0,1.0
30627,0,1,3400,-58,58,-31,20,21,0.53,566656.000000,0,27,7.5,0.0,51424.000000,19,0.0,0.0,0.0,1.0
30876,0,1,3400,-58,58,-38,19,21,0.50,520832.000000,0,27,9.0,0.0,0.0,0.0,0.0,0.0,0.0,1.0
31125,0,1,3400,-58,58,-39,18,21,0.50,541888.000000,0,27,9.0,0.0,0.0,0.0,0.0,0.0,0.0,1.0
31374,0,1,3400,-58,58,-31,24,21,0.92,325856.000000,0,27,8.8,0.0,0.0,0.0,0.0,0.0,0.0,1.0
31623,0,1,3400,-59,59,-29,12,21,0.50,171296.000000,0,27,8.4,0.0,67392.000000,0,0.0,0.0,0.0,1.0
31872,0,1,3400,-59,59,-30,15,21,0.50,294816.000000,0,27,9.0,0.0,0.0,0.0,0.0,0.0,0.0,1.0
32121,0,1,3400,-59,59,-28,15,20,0.50,244896.000000,0,27,8.9,0.0,0.0,0.0,0.0,0.0,0.0,1.0
32370,0,1,3400,-59,59,-26,15,20,0.50,247072.000000,0,27,8.9,0.0,0.0,0.0,0.0,0.0,0.0,1.0
32619,0,1,3400,-59,59,-24,16,20,0.50,329408.000000,0,27,8.2,0.0,112352.000000,0,0.0,0.0,0.0,1.0
32868,0,1,3400,-59,59,-28,14,20,0.51,298816.000000,0,27,4.5,0.0,0.0,0.0,0.0,0.0,0.0,1.0
33117,0,1,3400,-59,59,-29,19,20,0.62,491680.000000,0.6,27,4.5,0.0,0.0,0.0,0.0,0.0,0.0,1.0
33366,0,1,3400,-59,59,-34,18,20,0.51,517504.000000,0,27,4.5,0.0,0.0,0.0,0.0,0.0,0.0,1.0
33615,0,1,3400,-59,59,-34,18,20,0.50,605472.000000,0,27,6.6,0.0,69056.000000,0,0.0,0.0,0.0,1.0
33864,0,1,3400,-59,59,-36,15,20,0.50,372352.000000,0,27,12,0.0,0.0,0.0,0.0,0.0,0.0,1.0
34113,0,1,3400,-59,59,-34,16,20,0.51,413824.000000,0,27,12,0.0,0.0,0.0,0.0,0.0,0.0,1.0
34362,0,1,3400,-59,59,-32,17,20,0.52,485504.000000,0.5,27,12,0.0,0.0,0.0,0.0,0.0,0.0,1.0
34611,0,1,3400,-59,59,-31,15,20,0.50,230336.000000,0,27,12,295,0.0,80,0.0,0.0,0.0,1.0
34860,0,1,3400,-59,59,-31,16,20,0.50,324768.000000,0,27,9.0,295,0.0,0.0,0.0,0.0,0.0,1.0
35109,0,1,3400,-59,59,-32,15,20,0.50,348512.000000,0,27,2.8,0.0,17248.000000,9,0.0,0.0,0.0,1.0
35358,0,1,3400,-59,59,-32,17,20,0.51,453099.593750,0,27,0.0,0.0,0.0,0.0,0.0,0.0,0.0,1.0
35607,0,1,3400,-59,59,-32,17,20,0.50,371776.000000,0,27,0.0,0.0,24416.000000,0,0.0,0.0,0.0,1.0
35856,0,1,3400,-59,59,-35,16,20,0.51,254944.000000,0,27,0.0,0.0,5600.000000,20,0.0,0.0,0.0,1.0
36105,0,1,3400,-59,59,-34,15,20,0.51,419328.000000,0,27,0.0,0.0,0.0,0.0,0.0,0.0,0.0,1.0
36354,0,1,3400,-59,59,-36,14,20,0.50,284320.000000,0,27,0.0,0.0,0.0,0.0,0.0,0.0,0.0,1.0
36603,0,1,3400,-59,59,-34,18,20,0.52,448000.000000,0,27,0.0,581,0.0,0.0,0.0,0.0,0.0,1.0
36852,0,1,3400,-59,59,-28,18,20,0.53,447200.000000,0,27,8.5,0.0,52800.000000,0,0.0,0.0,0.0,1.0
37101,0,1,3400,-59,59,-25,14,21,0.50,25536.000000,0,27,9.0,0.0,0.0,0.0,0.0,0.0,0.0,1.0
37350,0,1,3400,-59,59,-30,20,20,0.84,563520.000000,2,27,9.0,0.0,0.0,0.0,0.0,0.0,0.0,1.0
37599,0,1,3400,-60,60,-34,18,20,0.51,567968.000000,0,27,9.5,0.0,37888.000000,12,0.0,0.0,0.0,1.0
37848,0,1,3400,-60,60,-29,18,20,0.51,325376.000000,0,27,10,0.0,0.0,0.0,0.0,0.0,0.0,1.0
38097,0,1,3400,-60,60,-34,19,20,0.56,190016.000000,0,27,10,0.0,0.0,0.0,0.0,0.0,0.0,1.0
38346,0,1,3400,-60,60,-42,17,20,0.51,514752.000000,0,27,10,0.0,0.0,0.0,0.0,0.0,0.0,1.0
38595,0,1,3400,-60,60,-44,18,20,0.51,564640.000000,0,27,11,103,0.0,80,0.0,0.0,0.0,1.0
38844,0,1,3400,-59,59,-43,16,20,0.51,326400.000000,0,27,12,103,0.0,0.0,0.0,0.0,0.0,1.0
39093,0,1,3400,-59,59,-32,15,21,0.50,242816.000000,0,27,7.3,0.0,10432.000000,0,0.0,0.0,0.0,1.0
39342,0,1,3400,-59,59,-31,17,21,0.77,244096.000000,2,27,4.5,0.0,0.0,0.0,0.0,0.0,0.0,1.0
39591,0,1,3400,-59,59,-35,17,21,0.50,364640.000000,0,27,3.3,0.0,29088.000000,0,0.0,0.0,0.0,1.0
39840,0,1,3400,-58,58,-42,18,21,0.50,268224.000000,0,27,0.0,0.0,0.0,0.0,0.0,0.0,0.0,1.0
40089,0,1,3400,-58,58,-42,18,22,0.50,340064.000000,0,27,0.0,0.0,0.0,0.0,0.0,0.0,0.0,1.0
40338,0,1,3400,-58,58,-41,18,22,0.50,428288.000000,0,27,0.0,0.0,0.0,0.0,0.0,0.0,0.0,1.0
40587,0,1,3400,-58,58,-36,19,22,0.50,466304.000000,0,27,1.8,0.0,134336.000000,0,0.0,0.0,0.0,1.0
40836,0,1,3400,-58,58,-31,19,22,0.51,554464.000000,0,27,16,0.0,0.0,0.0,0.0,0.0,0.0,1.0
41085,0,1,3400,-58,58,-25,19,22,0.50,473888.000000,0,27,16,0.0,0.0,0.0,0.0,0.0,0.0,1.0
41334,0,1,3400,-58,58,-22,17,21,0.51,534688.000000,0,27,16,0.0,0.0,0.0,0.0,0.0,0.0,1.0
41583,0,1,3400,-59,59,-24,17,21,0.50,309184.000000,0,27,15,0.0,31328.000000,14,0.0,0.0,0.0,1.0
41832,0,1,3400,-59,59,-31,17,21,0.50,358496.000000,0,27,7.9,0.0,60192.000000,31,0.0,0.0,0.0,1.0
42081,0,1,3400,-59,59,-39,16,21,0.50,332512.000000,0,27,8.1,0.0,0.0,0.0,0.0,0.0,0.0,1.0
42330,0,1,3400,-59,59,-45,17,21,0.53,375776.000000,0,27,8.0,0.0,0.0,0.0,0.0,0.0,0.0,1.0
42579,0,1,3400,-60,60,-38,17,20,0.59,406752.000000,0,27,5.6,0.0,27776.000000,4,0.0,0.0,0.0,1.0
42828,0,1,3400,-60,60,-32,16,20,0.51,425312.000000,0,27,0.096,0.0,0.0,0.0,0.0,0.0,0.0,1.0
43077,0,1,3400,-60,60,-27,16,20,0.51,256191.234375,0,27,0.048,0.0,0.0,0.0,0.0,0.0,0.0,1.0
43326,0,1,3400,-60,60,-32,16,20,0.50,411008.000000,0,27,0.0,0.0,0.0,0.0,0.0,0.0,0.0,1.0
43575,0,1,3400,-60,60,-33,17,20,0.51,430464.000000,0,27,0.34,0.0,33216.000000,8,0.0,0.0,0.0,1.0
43824,0,1,3400,-59,59,-33,16,20,0.50,374720.000000,0,27,6.0,0.0,0.0,100.000000,0.0,0.0,0.0,1.0
44073,0,1,3400,-59,59,-31,17,21,0.51,443648.000000,0,27,6.0,0.0,0.0,0.0,0.0,0.0,0.0,1.0
44322,0,1,3400,-59,59,-34,16,21,0.50,334592.000000,0,27,6.0,0.0,0.0,0.0,0.0,0.0,0.0,1.0
44571,0,1,3400,-59,59,-34,18,21,0.50,506880.000000,0,27,6.7,0.0,8768.000000,33,0.0,0.0,0.0,1.0
44820,0,1,3400,-59,59,-36,18,21,0.51,551744.000000,0,27,7.0,0.0,65472.000000,8,0.0,0.0,0.0,1.0
45069,0,1,3400,-59,59,-31,16,21,0.50,314688.000000,0,27,7.0,0.0,0.0,0.0,0.0,0.0,0.0,1.0
45318,0,1,3400,-59,59,-41,17,21,0.50,440928.000000,0,27,7.0,0.0,0.0,0.0,0.0,0.0,0.0,1.0
45567,0,1,3400,-59,59,-40,18,21,0.52,516928.000000,0,27,6.8,0.0,31264.000000,0,0.0,0.0,0.0,1.0
45816,0,1,3400,-59,59,-34,19,21,0.61,475712.000000,0,27,5.5,0.0,0.0,0.0,0.0,0.0,0.0,1.0
46065,0,1,3400,-59,59,-38,17,21,0.51,331488.000000,0,27,5.5,0.0,0.0,0.0,0.0,0.0,0.0,1.0
46314,0,1,3400,-59,59,-33,18,21,0.50,415712.000000,0,27,5.5,0.0,0.0,0.0,0.0,0.0,0.0,1.0
46563,0,1,3400,-59,59,-42,18,21,0.52,421184.000000,0,27,4.9,0.0,45568.000000,0,0.0,0.0,0.0,1.0
46812,0,1,3400,-59,59,-40,12,21,0.50,244704.000000,0,27,2.1,0.0,0.0,0.0,0.0,0.0,0.0,1.0
47061,0,1,3400,-59,59,-39,19,21,0.66,432832.000000,0,27,2.0,0.0,0.0,0.0,0.0,0.0,0.0,1.0
47310,0,1,3400,-59,59,-32,18,21,0.51,407328.000000,0,27,2.2,0.0,0.0,0.0,0.0,0.0,0.0,1.0
47559,0,1,3400,-59,59,-37,20,21,0.51,639520.000000,0,27,3.8,0.0,64992.000000,15,0.0,0.0,0.0,1.0
47808,0,1,3400,-58,58,-40,19,22,0.50,572672.000000,0,27,8.0,0.0,0.0,0.0,0.0,0.0,0.0,1.0
48057,0,1,3400,-58,58,-35,19,22,0.50,507392.000000,0,27,8.0,0.0,0.0,0.0,0.0,0.0,0.0,1.0
48306,0,1,3400,-58,58,-30,19,22,0.50,337792.000000,0,27,8.0,0.0,0.0,0.0,0.0,0.0,0.0,1.0
48555,0,1,3400,-58,58,-30,19,22,0.50,524352.000000,0,27,8.7,0.0,28896.000000,0,0.0,0.0,0.0,1.0
48804,0,1,3400,-57,57,-37,19,22,0.50,547200.000000,0,27,13,0.0,0.0,0.0,0.0,0.0,0.0,1.0
49053,0,1,3400,-57,57,-38,20,23,0.50,556096.000000,0,27,13,0.0,0.0,0.0,0.0,0.0,0.0,1.0
49302,0,1,3400,-57,57,-32,21,23,0.51,485440.000000,0,27,13,0.0,0.0,0.0,0.0,0.0,0.0,1.0
49551,0,1,3400,-57,57,-35,21,23,0.51,655296.000000,0,27,12,0.0,55328.000000,5,0.0,0.0,0.0,1.0
49800,0,1,3400,-57,57,-28,20,23,0.50,550304.000000,0,27,9.5,0.0,0.0,0.0,0.0,0.0,0.0,1.0
50049,0,1,3400,-57,57,-23,20,23,0.51,490528.000000,0,27,9.5,0.0,0.0,0.0,0.0,0.0,0.0,1.0
50298,0,1,3400,-57,57,-31,20,22,0.50,607936.000000,0,27,9.5,0.0,0.0,0.0,0.0,0.0,0.0,1.0
50547,0,1,3400,-58,58,-26,19,22,0.51,420160.000000,0,27,9.3,0.0,108448.000000,16,0.0,0.0,0.0,1.0
50796,0,1,3400,-58,58,-25,18,22,0.50,315505.968750,0,27,12,0.0,11888.446289,0,0.0,0.0,0.0,1.0
51045,0,1,3400,-58,58,-41,18,22,0.51,240672.000000,0,27,12,0.0,0.0,0.0,0.0,0.0,0.0,1.0
51294,0,1,3400,-58,58,-37,19,22,0.50,641056.000000,0,27,12,0.0,0.0,0.0,0.0,0.0,0.0,1.0
51543,0,1,3400,-58,58,-34,19,22,0.50,620800.000000,0,27,9.5,0.0,106848.000000,0,0.0,0.0,0.0,1.0
51792,0,1,3400,-58,58,-34,20,22,0.59,549888.000000,0,27,3.5,0.0,0.0,0.0,0.0,0.0,0.0,1.0
52041,0,1,3400,-58,58,-36,19,22,0.50,579872.000000,0,27,3.6,0.0,0.0,0.0,0.0,0.0,0.0,1.0
52290,0,1,3400,-58,58,-34,18,22,0.51,533088.000000,0,27,3.5,0.0,0.0,0.0,0.0,0.0,0.0,1.0
52539,0,1,3400,-59,59,-36,19,21,0.51,374752.000000,0,27,4.3,0.0,23488.000000,10,0.0,0.0,0.0,1.0
52788,0,1,3400,-59,59,-34,18,21,0.52,467072.000000,0,27,5.6,0.0,0.0,0.0,0.0,0.0,0.0,1.0
53037,0,1,3400,-59,59,-34,18,21,0.50,443616.000000,0,27,5.5,0.0,0.0,0.0,0.0,0.0,0.0,1.0
53286,0,1,3400,-59,59,-28,18,21,0.50,445760.000000,0,27,5.5,0.0,0.0,0.0,0.0,0.0,0.0,1.0
53535,0,1,3400,-60,60,-30,17,20,0.50,373376.000000,0,27,5.7,0.0,36352.000000,14,0.0,0.0,0.0,1.0
53784,0,1,3400,-60,60,-38,21,20,1.4,337376.000000,25,27,3.6,0.0,0.0,0.0,0.0,0.0,0.0,1.0
54033,0,1,3400,-60,60,-35,17,20,0.52,415744.000000,0,27,3.6,0.0,0.0,0.0,0.0,0.0,0.0,1.0
54282,0,1,3400,-60,60,-37,17,20,0.51,411616.000000,0,27,3.6,0.0,0.0,0.0,0.0,0.0,0.0,1.0
54531,0,1,3400,-60,60,-29,17,20,0.51,458848.000000,0,27,4.3,295,0.0,80,0.0,0.0,0.0,1.0
54780,0,1,3400,-60,60,-34,17,20,0.51,429600.000000,0,27,6.0,295,0.0,0.0,0.0,0.0,0.0,1.0
55029,0,1,3400,-60,60,-40,17,20,0.52,441248.000000,0,27,6.8,0.0,19648.000000,0,0.0,0.0,0.0,1.0
55278,0,1,3400,-60,60,-37,17,20,0.52,440640.000000,0,27,7.1,0.0,0.0,0.0,0.0,0.0,0.0,1.0
55527,0,1,3400,-60,60,-37,16,20,0.51,382464.000000,0,27,7.0,0.0,34848.000000,0,0.0,0.0,0.0,1.0
55776,0,1,3400,-59,59,-39,17,21,0.50,413856.000000,0,27,5.5,0.0,0.0,0.0,0.0,0.0,0.0,1.0
56025,0,1,3400,-59,59,-32,19,21,0.88,461152.000000,10,27,5.5,0.0,0.0,0.0,0.0,0.0,0.0,1.0
56274,0,1,3400,-59,59,-33,19,21,0.51,616992.000000,0,27,5.5,0.0,0.0,0.0,0.0,0.0,0.0,1.0
56523,0,1,3400,-59,59,-28,17,21,0.51,383904.000000,0,27,5.5,0.0,21600.000000,7,0.0,0.0,0.0,1.0
56772,0,1,3400,-59,59,-38,19,21,0.52,562560.000000,0,27,3.5,0.0,0.0,0.0,0.0,0.0,0.0,1.0
57021,0,1,3400,-59,59,-41,19,21,0.51,599520.000000,0,27,3.5,0.0,0.0,0.0,0.0,0.0,0.0,1.0
57270,0,1,3400,-59,59,-40,18,20,0.50,582368.000000,0,27,3.5,0.0,0.0,0.0,0.0,0.0,0.0,1.0
57519,0,1,3400,-60,60,-44,18,20,0.51,580160.000000,0,27,4.6,0.0,36448.000000,0,0.0,0.0,0.0,1.0
57768,0,1,3400,-60,60,-40,18,20,0.51,577312.000000,0,27,10,0.0,0.0,0.0,0.0,0.0,0.0,1.0
58017,0,1,3400,-60,60,-39,18,20,0.52,581609.562500,0,27,10,0.0,0.0,0.0,0.0,0.0,0.0,1.0
58266,0,1,3400,-60,60,-39,18,20,0.51,577632.000000,0,27,10,0.0,0.0,0.0,0.0,0.0,0.0,1.0
58515,0,1,3400,-60,60,-40,18,20,0.51,565280.000000,0,27,9.7,0.0,25664.000000,0,0.0,0.0,0.0,1.0
58764,0,1,3400,-59,59,-40,18,21,0.50,573568.000000,0,27,3.0,0.0,0.0,0.0,0.0,0.0,0.0,1.0
59013,0,1,3400,-59,59,-36,18,21,0.50,582016.000000,0,27,3.0,0.0,0.0,0.0,0.0,0.0,0.0,1.0
59262,0,1,3400,-59,59,-27,19,21,0.52,610688.000000,0,27,3.0,0.0,0.0,0.0,0.0,0.0,0.0,1.0
59511,0,1,3400,-59,59,-20,18,21,0.51,575040.000000,0,27,4.2,0.0,75488.000000,0,0.0,0.0,0.0,1.0
59760,0,1,3400,-59,59,-25,19,21,0.52,633376.000000,0,27,7.0,0.0,0.0,0.0,0.0,0.0,0.0,1.0
60009,0,1,3400,-59,59,-30,18,21,0.51,573568.000000,0,27,7.0,0.0,0.0,0.0,0.0,0.0,0.0,1.0
60258,0,1,3400,-59,59,-39,19,21,0.51,599296.000000,0,27,7.0,0.0,0.0,0.0,0.0,0.0,0.0,1.0
60507,0,1,3400,-60,60,-38,18,21,0.51,599840.000000,0,27,6.4,0.0,48384.000000,19,0.0,0.0,0.0,1.0
60756,0,1,3400,-60,60,-45,18,21,0.53,589888.000000,0,27,2.0,0.0,0.0,0.0,0.0,0.0,0.0,1.0
61005,0,1,3400,-60,60,-40,18,20,0.52,563072.000000,0,27,2.0,0.0,0.0,0.0,0.0,0.0,0.0,1.0
61254,0,1,3400,-60,60,-38,18,20,0.53,579520.000000,0,27,2.0,0.0,0.0,0.0,0.0,0.0,0.0,1.0
61503,0,1,3400,-60,60,-40,18,20,0.53,576992.000000,0,27,2.7,0.0,67520.000000,0,0.0,0.0,0.0,1.0
61752,0,1,3400,-60,60,-35,18,20,0.52,569088.000000,0,27,9.0,0.0,0.0,0.0,0.0,0.0,0.0,1.0
62001,0,1,3400,-60,60,-38,18,20,0.52,575392.000000,0,27,9.0,0.0,0.0,0.0,0.0,0.0,0.0,1.0
62250,0,1,3400,-60,60,-36,18,20,0.51,570336.000000,0,27,9.0,0.0,0.0,0.0,0.0,0.0,0.0,1.0
62499,0,1,3400,-60,60,-46,18,20,0.51,561792.000000,0,27,7.5,0.0,27840.000000,0,0.0,0.0,0.0,1.0
62748,0,1,3400,-60,60,-56,18,21,0.52,563072.000000,0,27,3.0,0.0,0.0,0.0,0.0,0.0,0.0,1.0
62997,0,1,3400,-60,60,-61,18,21,0.52,581728.000000,0,27,3.0,0.0,0.0,0.0,0.0,0.0,0.0,1.0
63246,0,1,3400,-60,60,-54,18,20,0.52,561472.000000,0,27,3.0,0.0,0.0,0.0,0.0,0.0,0.0,1.0
63495,0,1,3400,-60,60,-45,16,20,0.51,508512.000000,0,27,3.5,0.0,20896.000000,20,0.0,0.0,0.0,1.0
63744,0,1,3400,-60,60,-43,18,21,0.52,568448.000000,0,27,1.5,0.0,8256.000000,0,0.0,0.0,0.0,1.0
63993,0,1,3400,-60,60,-38,18,21,0.52,575104.000000,0,27,1.0,0.0,0.0,0.0,0.0,0.0,0.0,1.0
64242,0,1,3400,-60,60,-28,18,20,0.53,571904.000000,0,27,1.0,0.0,0.0,0.0,0.0,0.0,0.0,1.0
64491,0,1,3400,-61,61,-30,18,20,0.53,566880.000000,0,27,1.7,0.0,28704.000000,0,0.0,0.0,0.0,1.0
64740,0,1,3400,-61,61,-32,18,20,0.55,566183.250000,0,27,5.5,0.0,0.0,0.0,0.0,0.0,0.0,1.0
64989,0,1,3400,-61,61,-38,18,20,0.56,588384.000000,0,27,5.5,0.0,0.0,0.0,0.0,0.0,0.0,1.0
65238,0,1,3400,-61,61,-40,18,20,0.59,573824.000000,0,27,5.5,0.0,0.0,0.0,0.0,0.0,0.0,1.0
65487,0,1,3400,-62,62,-32,18,19,0.60,559296.000000,0,27,7.0,0.0,36448.000000,0,0.0,0.0,0.0,1.0
65736,0,1,3400,-62,62,-33,18,19,0.59,578560.000000,0,27,10,0.0,0.0,0.0,0.0,0.0,0.0,1.0
65985,0,1,3400,-62,62,-27,18,19,0.63,568128.000000,0,27,10,0.0,0.0,0.0,0.0,0.0,0.0,1.0
66234,0,1,3400,-62,62,-26,18,19,0.56,509952.000000,0,27,10,0.0,0.0,0.0,0.0,0.0,0.0,1.0
66483,0,1,3400,-62,62,-33,18,19,0.64,570016.000000,0,27,11,0.0,28768.000000,0,0.0,0.0,0.0,1.0
66732,0,1,3400,-62,62,-37,18,19,0.64,511584.000000,0,27,10,0.0,0.0,0.0,0.0,0.0,0.0,1.0
66981,0,1,3400,-62,62,-33,15,19,0.62,108448.000000,4,27,10,0.0,0.0,0.0,0.0,0.0,0.0,1.0
67230,0,1,3400,-62,62,-23,17,19,0.67,108416.000000,2,27,10,0.0,0.0,0.0,0.0,0.0,0.0,1.0
67479,0,1,3400,-63,63,-24,15,19,0.65,119232.000000,2,27,10,295,0.0,80,0.0,0.0,0.0,1.0
67728,0,1,3400,-63,63,-28,15,18,0.51,81696.000000,0,27,9.0,295,0.0,0.0,0.0,0.0,0.0,1.0
67977,0,1,3400,-63,63,-24,15,18,0.56,114304.000000,0,27,7.1,0.0,40736.000000,4,0.0,0.0,0.0,1.0
68226,0,1,3400,-63,63,-31,15,18,0.50,138144.000000,0,27,7.0,0.0,0.0,0.0,0.0,0.0,0.0,1.0
68475,0,1,3400,-63,63,-27,14,18,0.66,80704.000000,2,27,7.0,581,0.0,0.0,0.0,0.0,0.0,1.0
68724,0,1,3400,-63,63,-30,15,18,0.52,75072.000000,0,27,0.17,0.0,31584.000000,3,0.0,0.0,0.0,1.0
68973,0,1,3400,-63,63,-40,15,18,0.50,125856.000000,0,27,0.0,0.0,0.0,0.0,0.0,0.0,0.0,1.0
69222,0,1,3400,-63,63,-39,15,18,0.52,178912.000000,0,27,0.0,0.0,0.0,0.0,0.0,0.0,0.0,1.0
69471,0,1,3400,-63,63,-32,18,19,0.75,397472.000000,0,27,1.3,0.0,84416.000000,21,0.0,0.0,0.0,1.0
69720,0,1,3400,-62,62,-35,18,19,0.71,364928.000000,0,27,12,0.0,0.0,100.000000,0.0,0.0,0.0,1.0
69969,0,1,3400,-62,62,-35,18,19,0.64,471104.000000,0,27,12,0.0,0.0,0.0,0.0,0.0,0.0,1.0
70218,0,1,3400,-62,62,-25,17,19,0.57,405248.000000,0,27,12,0.0,0.0,0.0,0.0,0.0,0.0,1.0
70467,0,1,3400,-62,62,-27,19,19,0.65,613408.000000,0,27,11,0.0,166208.000000,0,0.0,0.0,0.0,1.0
70716,0,1,3400,-62,62,-25,19,19,0.65,564672.000000,0,27,11,0.0,0.0,0.0,0.0,0.0,0.0,1.0
70965,0,1,3400,-62,62,-34,18,19,0.67,542688.000000,0,27,11,0.0,0.0,0.0,0.0,0.0,0.0,1.0
71214,0,1,3400,-62,62,-37,17,19,0.62,487808.000000,0,27,11,0.0,0.0,0.0,0.0,0.0,0.0,1.0
71463,0,1,3400,-63,63,-35,18,19,0.69,558912.000000,0,27,11,0.0,34912.000000,25,0.0,0.0,0.0,1.0
71712,0,1,3400,-63,63,-36,18,18,0.71,414944.000000,0,27,10,0.0,0.0,0.0,0.0,0.0,0.0,1.0
71961,0,1,3400,-63,63,-37,16,18,0.66,443200.000000,0,27,10,0.0,0.0,0.0,0.0,0.0,0.0,1.0
72210,0,1,3400,-63,63,-37,18,18,0.74,412960.000000,0,27,10,0.0,0.0,0.0,0.0,0.0,0.0,1.0
72459,0,1,3400,-63,63,-36,17,18,0.63,415808.000000,0,27,10,0.0,147616.000000,7,0.0,0.0,0.0,1.0
72708,0,1,3400,-62,62,-42,18,19,0.72,349960.156250,0,27,12,0.0,11888.446289,50,0.0,0.0,0.0,1.0
72957,0,1,3400,-62,62,-41,18,19,0.58,393984.000000,0,27,12,0.0,0.0,0.0,0.0,0.0,0.0,1.0
73206,0,1,3400,-62,62,-37,18,19,0.73,428480.000000,0,27,12,0.0,0.0,0.0,0.0,0.0,0.0,1.0
73455,0,1,3400,-63,63,-41,18,19,0.66,451808.000000,0,27,12,0.0,26720.000000,0,0.0,0.0,0.0,1.0
73704,0,1,3400,-63,63,-42,18,19,0.74,490080.000000,0,27,13,0.0,0.0,0.0,0.0,0.0,0.0,1.0
73953,0,1,3400,-63,63,-42,17,18,0.75,443328.000000,0,27,13,0.0,0.0,0.0,0.0,0.0,0.0,1.0
74202,0,1,3400,-63,63,-36,17,18,0.68,397600.000000,0,27,13,0.0,0.0,0.0,0.0,0.0,0.0,1.0
74451,0,1,3400,-63,63,-38,18,18,0.85,447104.000000,0,27,13,0.0,23808.000000,12,0.0,0.0,0.0,1.0
74700,0,1,3400,-63,63,-32,18,18,0.80,444576.000000,0,27,8.5,0.0,0.0,0.0,0.0,0.0,0.0,1.0
74949,0,1,3400,-63,63,-34,17,18,0.75,438304.000000,0,27,8.5,0.0,0.0,0.0,0.0,0.0,0.0,1.0
75198,0,1,3400,-63,63,-36,16,18,0.69,402304.000000,0,27,8.5,0.0,0.0,0.0,0.0,0.0,0.0,1.0
75447,0,1,3400,-64,64,-28,17,18,0.78,488192.000000,0,27,8.6,0.0,23776.000000,0,0.0,0.0,0.0,1.0
75696,0,1,3400,-64,64,-38,16,18,0.71,506304.000000,0,27,9.0,0.0,0.0,0.0,0.0,0.0,0.0,1.0
75945,0,1,3400,-64,64,-39,14,17,0.50,348128.000000,0,27,9.0,0.0,0.0,0.0,0.0,0.0,0.0,1.0
76194,0,1,3400,-64,64,-33,14,17,0.50,436896.000000,0,27,9.0,0.0,0.0,0.0,0.0,0.0,0.0,1.0
76443,0,1,3400,-64,64,-37,14,17,0.50,401184.000000,0,27,9.9,0.0,67712.000000,0,0.0,0.0,0.0,1.0
76692,0,1,3400,-64,64,-35,14,17,0.50,415200.000000,0,27,15,0.0,0.0,0.0,0.0,0.0,0.0,1.0
76941,0,1,3400,-64,64,-35,14,17,0.50,405856.000000,0,27,15,0.0,0.0,0.0,0.0,0.0,0.0,1.0
77190,0,1,3400,-64,64,-39,13,17,0.50,274496.000000,0,27,15,0.0,0.0,0.0,0.0,0.0,0.0,1.0
77439,0,1,3400,-64,64,-36,13,17,0.50,280192.000000,0,27,14,0.0,23488.000000,18,0.0,0.0,0.0,1.0
77688,0,1,3400,-64,64,-38,13,17,0.51,330272.000000,0,27,5.6,0.0,0.0,0.0,0.0,0.0,0.0,1.0
77937,0,1,3400,-64,64,-36,13,17,0.51,321184.000000,0,27,5.5,0.0,0.0,0.0,0.0,0.0,0.0,1.0
78186,0,1,3400,-64,64,-37,14,17,0.50,438432.000000,0,27,5.5,0.0,0.0,0.0,0.0,0.0,0.0,1.0
78435,0,1,3400,-64,64,-41,14,17,0.50,400224.000000,0,27,5.8,0.0,36384.000000,11,0.0,0.0,0.0,1.0
78684,0,1,3400,-64,64,-31,14,17,0.50,426720.000000,0,27,5.5,0.0,0.0,0.0,0.0,0.0,0.0,1.0
78933,0,1,3400,-64,64,-26,14,17,0.50,446848.000000,0,27,5.6,0.0,0.0,0.0,0.0,1.0,0.0,1.0
79182,0,1,3400,-64,64,-22,15,18,0.56,424640.000000,0,27,5.5,0.0,0.0,0.0,0.0,0.0,0.0,1.0
79431,0,1,3400,-64,64,-25,16,18,0.66,489312.000000,0,27,8.2,0.0,154432.000000,20,0.0,0.0,0.0,1.0
79680,0,1,3400,-63,63,-30,16,18,0.73,393952.000000,0,27,15,0.0,0.0,0.0,0.0,0.0,0.0,1.0
79929,0,1,3400,-63,63,-28,17,18,0.68,452653.375000,0,27,15,0.0,0.0,0.0,0.0,0.0,0.0,1.0
80178,0,1,3400,-63,63,-36,18,19,0.70,475840.000000,0,27,15,0.0,0.0,0.0,0.0,0.0,0.0,1.0
80427,0,1,3400,-63,63,-30,18,19,0.67,404704.000000,0,27,15,0.0,64672.000000,44,0.0,0.0,0.0,1.0
80676,0,1,3400,-62,62,-30,18,19,0.68,533952.000000,0,27,16,0.0,91680.000000,38,0.0,0.0,0.0,1.0
80925,0,1,3400,-62,62,-33,18,19,0.62,527360.000000,0.5,27,16,0.0,0.0,0.0,0.0,0.0,0.0,1.0
81174,0,1,3400,-62,62,-35,18,19,0.63,424928.000000,0,27,16,0.0,0.0,0.0,0.0,0.0,0.0,1.0
81423,0,1,3400,-62,62,-36,18,19,0.66,401568.000000,0,27,16,0.0,66944.000000,0,0.0,0.0,0.0,1.0
81672,0,1,3400,-62,62,-38,17,19,0.59,384480.000000,0,27,16,0.0,0.0,0.0,0.0,0.0,0.0,1.0
81921,0,1,3400,-62,62,-37,18,19,0.61,412320.000000,0,27,16,0.0,0.0,0.0,0.0,0.0,0.0,1.0
82170,0,1,3400,-62,62,-31,18,19,0.64,389248.000000,0,27,16,0.0,0.0,0.0,0.0,0.0,0.0,1.0
82419,0,1,3400,-62,62,-26,18,19,0.60,477728.000000,0,27,15,0.0,31296.000000,0,0.0,0.0,0.0,1.0
82668,0,1,3400,-62,62,-25,16,19,0.57,379552.000000,0,27,12,0.0,0.0,0.0,0.0,0.0,0.0,1.0
82917,0,1,3400,-62,62,-19,18,19,0.63,411040.000000,0,27,12,0.0,0.0,0.0,0.0,0.0,0.0,1.0
83166,0,1,3400,-62,62,-28,19,19,0.68,551392.000000,0,27,12,0.0,0.0,0.0,0.0,0.0,0.0,1.0
83415,0,1,3400,-63,63,-31,16,19,0.58,337536.000000,0,27,12,0.0,72064.000000,12,0.0,0.0,0.0,1.0
83664,0,1,3400,-63,63,-33,19,19,0.79,608512.000000,0,27,16,0.0,0.0,0.0,0.0,0.0,0.0,1.0
83913,0,1,3400,-63,63,-40,18,19,0.81,444128.000000,0,27,16,0.0,0.0,0.0,0.0,0.0,0.0,1.0
84162,0,1,3400,-63,63,-42,17,18,0.74,405504.000000,0,27,16,0.0,0.0,0.0,0.0,0.0,0.0,1.0
84411,0,1,3400,-63,63,-48,18,18,0.79,432128.000000,0,27,16,0.0,50912.000000,25,0.0,0.0,0.0,1.0
84660,0,1,3400,-63,63,-43,17,18,0.72,469152.000000,0,27,15,0.0,15520.000000,0,0.0,0.0,0.0,1.0
84909,0,1,3400,-63,63,-41,18,18,0.67,526976.000000,0,27,15,0.0,0.0,0.0,0.0,0.0,0.0,1.0
85158,0,1,3400,-63,63,-44,17,18,0.71,413216.000000,0,27,15,0.0,0.0,0.0,0.0,0.0,0.0,1.0
85407,0,1,3400,-64,64,-38,16,18,0.72,373792.000000,0,27,15,0.0,133536.000000,39,0.0,0.0,0.0,1.0
85656,0,1,3400,-64,64,-30,15,18,0.61,317728.000000,0,27,14,0.0,0.0,0.0,0.0,0.0,0.0,1.0
85905,0,1,3400,-64,64,-30,14,18,0.50,329376.000000,0,27,14,0.0,0.0,0.0,0.0,0.0,0.0,1.0
86154,0,1,3400,-64,64,-28,15,18,0.65,407040.000000,0,27,14,0.0,0.0,0.0,0.0,0.0,0.0,1.0
86403,0,1,3400,-64,64,-27,15,18,0.58,410560.000000,0,27,14,0.0,35040.000000,0,0.0,0.0,0.0,1.0
86652,0,1,3400,-64,64,-21,14,18,0.53,918880.000000,0,27,13,0.0,0.0,0.0,0.0,0.0,0.0,1.0
86901,0,1,3400,-64,64,-25,13,17,0.50,770400.000000,0,27,13,0.0,0.0,0.0,0.0,0.0,0.0,1.0
87150,0,1,3400,-64,64,-23,13,17,0.51,754976.000000,0,27,13,0.0,0.0,0.0,0.0,0.0,0.0,1.0
87399,0,1,3400,-64,64,-25,13,17,0.52,740128.000000,0,27,12,0.0,36448.000000,14,0.0,0.0,0.0,1.0
87648,0,1,3400,-64,64,-31,13,17,0.52,861088.000000,0,27,10,0.0,0.0,0.0,0.0,0.0,0.0,1.0
87897,0,1,3400,-64,64,-39,14,17,0.51,904605.562500,0,27,10,0.0,0.0,0.0,0.0,0.0,0.0,1.0
88146,0,1,3400,-64,64,-43,14,17,0.52,904320.000000,0,27,11,0.0,0.0,0.0,0.0,0.0,0.0,1.0
88395,0,1,3400,-64,64,-40,14,17,0.51,926080.000000,0,27,11,0.0,70528.000000,0,0.0,0.0,0.0,1.0
88644,0,1,3400,-64,64,-34,14,17,0.52,937088.000000,0,27,16,0.0,0.0,0.0,0.0,0.0,0.0,1.0
88893,0,1,3400,-64,64,-30,13,17,0.53,885856.000000,0,27,16,0.0,0.0,0.0,0.0,0.0,0.0,1.0
89142,0,1,3400,-64,64,-36,14,17,0.51,947392.000000,0,27,16,0.0,0.0,0.0,0.0,0.0,0.0,1.0
89391,0,1,3400,-64,64,-33,14,17,0.51,920768.000000,0,27,16,0.0,35040.000000,0,0.0,0.0,0.0,1.0
89640,0,1,3400,-64,64,-33,14,17,0.52,941248.000000,0,27,13,0.0,0.0,0.0,0.0,0.0,0.0,1.0
89889,0,1,3400,-64,64,-28,14,17,0.51,888736.000000,0,27,13,0.0,0.0,0.0,0.0,0.0,0.0,1.0
90138,0,1,3400,-64,64,-30,14,17,0.52,934368.000000,0,27,13,0.0,0.0,0.0,0.0,0.0,0.0,1.0
90387,0,1,3400,-64,64,-39,14,17,0.51,939072.000000,0,27,14,0.0,72064.000000,0,0.0,0.0,0.0,1.0
90636,0,1,3400,-64,64,-38,14,17,0.52,957952.000000,0,27,16,0.0,0.0,0.0,0.0,0.0,0.0,1.0
90885,0,1,3400,-64,64,-38,14,17,0.53,940512.000000,0,27,16,0.0,0.0,0.0,0.0,0.0,0.0,1.0
91134,0,1,3400,-64,64,-35,14,17,0.51,941664.000000,0,27,16,0.0,0.0,0.0,0.0,0.0,0.0,1.0
91383,0,1,3400,-65,65,-31,14,16,0.52,929408.000000,0,27,16,0.0,70528.000000,0,0.0,0.0,0.0,1.0
91632,0,1,3400,-65,65,-41,13,16,0.53,882336.000000,0,27,16,0.0,0.0,0.0,0.0,0.0,0.0,1.0
91881,0,1,3400,-65,65,-34,12,16,0.51,718240.000000,0,27,16,0.0,0.0,0.0,0.0,0.0,0.0,1.0
92130,0,1,3400,-65,65,-36,12,16,0.51,735392.000000,0,27,16,0.0,0.0,0.0,0.0,0.0,0.0,1.0
92379,0,1,3400,-65,65,-34,11,16,0.50,647264.000000,0,27,16,0.0,72064.000000,0,0.0,0.0,0.0,1.0
92628,0,1,3400,-66,66,-34,11,15,0.52,687744.000000,0,27,16,0.0,0.0,0.0,0.0,0.0,0.0,1.0
92877,0,1,3400,-66,66,-36,11,15,0.51,651008.000000,0,27,16,0.0,0.0,0.0,0.0,0.0,0.0,1.0
93126,0,1,3400,-66,66,-30,11,15,0.50,611520.000000,0,27,16,0.0,0.0,0.0,0.0,0.0,0.0,1.0
93375,0,1,3400,-66,66,-33,11,15,0.52,642688.000000,0,27,15,0.0,31296.000000,0,0.0,0.0,0.0,1.0
93624,0,1,3400,-67,67,-39,11,14,0.52,621664.000000,0,27,12,0.0,0.0,0.0,0.0,0.0,0.0,1.0
93873,0,1,3400,-67,67,-41,9.1,14,0.51,557248.000000,0,27,12,0.0,0.0,0.0,0.0,0.0,0.0,1.0
94122,0,1,3400,-67,67,-29,10,15,0.51,619840.000000,0,27,12,0.0,0.0,0.0,0.0,0.0,0.0,1.0
94371,0,1,3400,-67,67,-33,10,14,0.50,591136.000000,0,27,13,0.0,72064.000000,0,0.0,0.0,0.0,1.0
94620,0,1,3400,-66,66,-48,11,15,0.51,615360.000000,0,27,16,0.0,0.0,0.0,0.0,0.0,0.0,1.0
94869,0,1,3400,-66,66,-41,11,15,0.50,525504.000000,0,27,16,0.0,0.0,0.0,0.0,0.0,0.0,1.0
95118,0,1,3400,-66,66,-42,11,15,0.51,662055.750000,0,27,16,0.0,0.0,0.0,0.0,0.0,0.0,1.0
95367,0,1,3400,-66,66,-44,11,15,0.50,519488.000000,0,27,16,0.0,21728.000000,17,0.0,0.0,0.0,1.0
95616,0,1,3400,-66,66,-47,11,15,0.51,577696.000000,0,27,14,0.0,0.0,0.0,0.0,0.0,0.0,1.0
95865,0,1,3400,-66,66,-34,11,15,0.50,548512.000000,0,27,14,0.0,0.0,0.0,0.0,0.0,0.0,1.0
96114,0,1,3400,-66,66,-34,11,15,0.51,591488.000000,0,27,14,0.0,0.0,0.0,0.0,0.0,0.0,1.0
96363,0,1,3400,-66,66,-36,11,15,0.51,1153024.000000,0,27,14,0.0,70528.000000,0,0.0,0.0,0.0,1.0
96612,0,1,3400,-67,67,-37,11,15,0.51,1238016.000000,0,27,16,0.0,0.0,0.0,0.0,0.0,0.0,1.0
96861,0,1,3400,-67,67,-33,11,14,0.51,1270720.000000,0,27,16,0.0,0.0,0.0,0.0,0.0,0.0,1.0
97110,0,1,3400,-67,67,-25,10,15,0.51,1225056.000000,0,27,16,0.0,0.0,0.0,0.0,0.0,0.0,1.0
97359,0,1,3400,-67,67,-22,11,15,0.50,1233184.000000,0,27,15,0.0,66432.000000,20,0.0,0.0,0.0,1.0
97608,0,1,3400,-66,66,-32,11,15,0.50,1249952.000000,0,27,15,0.0,18336.000000,0,0.0,0.0,0.0,1.0
97857,0,1,3400,-66,66,-39,11,15,0.50,1219616.000000,0,27,15,0.0,0.0,0.0,0.0,0.0,0.0,1.0
98106,0,1,3400,-66,66,-37,10,15,0.50,1242976.000000,0,27,15,0.0,0.0,0.0,0.0,0.0,0.0,1.0
98355,0,1,3400,-66,66,-38,11,15,0.50,1161408.000000,0,27,15,0.0,69248.000000,0,0.0,0.0,0.0,1.0
98604,0,1,3400,-66,66,-34,11,15,0.50,1193184.000000,0,27,15,0.0,0.0,0.0,0.0,0.0,0.0,1.0
98853,0,1,3400,-66,66,-32,11,15,0.50,1235296.000000,0,27,15,0.0,0.0,0.0,0.0,0.0,0.0,1.0
99102,0,1,3400,-66,66,-28,12,16,0.52,1464352.000000,0,27,15,0.0,0.0,0.0,0.0,0.0,0.0,1.0
99351,0,1,3400,-66,66,-34,11,16,0.50,1347808.000000,0,27,15,0.0,67712.000000,0,0.0,0.0,0.0,1.0
99600,0,1,3400,-65,65,-32,13,16,0.51,1763392.000000,0,27,15,0.0,0.0,0.0,0.0,0.0,0.0,1.0
99849,0,1,3400,-65,65,-40,14,17,0.51,1893504.000000,0,27,15,0.0,0.0,0.0,0.0,0.0,0.0,1.0
100098,0,1,3400,-65,65,-31,13,16,0.51,1633888.000000,0,27,15,0.0,0.0,0.0,0.0,0.0,0.0,1.0
100347,0,1,3400,-65,65,-27,12,16,0.51,1223552.000000,0,27,15,0.0,67712.000000,0,0.0,0.0,0.0,1.0
100596,0,1,3400,-65,65,-29,12,17,0.51,1014464.000000,0,27,15,0.0,0.0,0.0,0.0,0.0,0.0,1.0
100845,0,1,3400,-65,65,-23,12,17,0.51,982272.000000,0,27,15,0.0,0.0,0.0,0.0,0.0,0.0,1.0
101094,0,1,3400,-65,65,-18,12,17,0.51,981248.000000,0,27,15,0.0,0.0,0.0,0.0,0.0,0.0,1.0
101343,0,1,3400,-65,65,-35,12,17,0.51,990464.000000,0,27,15,0.0,54912.000000,12,0.0,0.0,0.0,1.0
101592,0,1,3400,-64,64,-37,12,17,0.50,989120.000000,0,27,13,0.0,0.0,0.0,0.0,0.0,0.0,1.0
101841,0,1,3400,-64,64,-35,13,17,0.50,990176.000000,0,27,13,0.0,0.0,0.0,0.0,0.0,0.0,1.0
102090,0,1,3400,-64,64,-28,12,17,0.50,989344.000000,0,27,13,0.0,0.0,0.0,0.0,0.0,0.0,1.0
102339,0,1,3400,-65,65,-30,12,17,0.50,987968.000000,0,27,13,0.0,52352.000000,12,0.0,0.0,0.0,1.0
102588,0,1,3400,-65,65,-35,13,16,0.51,985312.000000,0,27,13,0.0,0.0,0.0,0.0,0.0,0.0,1.0
102837,0,1,3400,-65,65,-35,13,16,0.51,968000.000000,0,27,13,0.0,0.0,0.0,0.0,0.0,0.0,1.0
103086,0,1,3400,-65,65,-38,12,16,0.51,998816.000000,0,27,13,0.0,0.0,0.0,0.0,0.0,0.0,1.0
103335,0,1,3400,-65,65,-34,12,16,0.52,972928.000000,0,27,12,0.0,28768.000000,0,0.0,0.0,0.0,1.0
103584,0,1,3400,-65,65,-26,12,16,0.52,982208.000000,0,27,10,0.0,0.0,0.0,0.0,0.0,0.0,1.0
103833,0,1,3400,-65,65,-32,12,16,0.51,989216.000000,0,27,10,0.0,0.0,0.0,0.0,0.0,0.0,1.0
104082,0,1,3400,-65,65,-32,12,16,0.51,981472.000000,0,27,11,0.0,0.0,0.0,0.0,0.0,0.0,1.0
104331,0,1,3400,-65,65,-36,11,16,0.51,993664.000000,0,27,10,0.0,125696.000000,0,0.0,0.0,0.0,1.0
104580,0,1,3400,-65,65,-31,12,16,0.50,992704.000000,0,27,10,0.0,0.0,0.0,0.0,0.0,0.0,1.0
104829,0,1,3400,-65,65,-28,12,16,0.51,986688.000000,0,27,10,0.0,0.0,0.0,0.0,0.0,0.0,1.0
105078,0,1,3400,-65,65,-23,12,17,0.51,985984.000000,0,27,10,0.0,0.0,0.0,0.0,0.0,0.0,1.0
105327,0,1,3400,-65,65,-22,12,16,0.51,985152.000000,0,27,11,0.0,72000.000000,0,0.0,0.0,0.0,1.0
105576,0,1,3400,-65,65,-13,12,16,0.52,991840.000000,0,27,13,0.0,0.0,0.0,0.0,0.0,0.0,1.0
105825,0,1,3400,-65,65,-7.8,12,16,0.52,987968.000000,0,27,12,0.0,0.0,0.0,0.0,0.0,0.0,1.0
106074,0,1,3400,-65,65,-20,12,17,0.50,988064.000000,0,27,12,0.0,0.0,0.0,0.0,0.0,0.0,1.0
106323,0,1,3400,-65,65,-24,12,16,0.50,981376.000000,0,27,9.6,0.0,24512.000000,0,0.0,0.0,0.0,1.0
106572,0,1,3400,-65,65,-29,12,16,0.51,981888.000000,0,27,2.0,0.0,0.0,0.0,0.0,0.0,0.0,1.0
106821,0,1,3400,-65,65,-36,12,17,0.50,980896.000000,0,27,2.0,0.0,0.0,0.0,0.0,0.0,0.0,1.0
107070,0,1,3400,-65,65,-35,12,17,0.51,981728.000000,0,27,2.0,0.0,0.0,0.0,0.0,0.0,0.0,1.0
107319,0,1,3400,-65,65,-29,12,17,0.50,989248.000000,0,27,2.9,0.0,54080.000000,0,0.0,0.0,0.0,1.0
107568,0,1,3400,-65,65,-35,12,16,0.52,989408.000000,0,27,9.0,0.0,0.0,0.0,0.0,0.0,0.0,1.0
107817,0,1,3400,-65,65,-42,12,16,0.50,990368.000000,0,27,9.0,0.0,0.0,0.0,0.0,0.0,0.0,1.0
108066,0,1,3400,-65,65,-38,12,17,0.50,982432.000000,0,27,9.0,0.0,0.0,0.0,0.0,0.0,0.0,1.0
108315,0,1,3400,-65,65,-35,12,17,0.51,992704.000000,0,27,7.8,0.0,36288.000000,0,0.0,0.0,0.0,1.0
108564,0,1,3400,-65,65,-25,12,17,0.50,983232.000000,0,27,4.5,0.0,0.0,0.0,0.0,0.0,0.0,1.0
108813,0,1,3400,-65,65,-25,12,16,0.51,989952.000000,0,27,4.5,0.0,0.0,0.0,0.0,0.0,0.0,1.0
109062,0,1,3400,-65,65,-33,13,17,0.51,976448.000000,0,27,4.5,0.0,0.0,0.0,0.0,0.0,0.0,1.0
109311,0,1,3400,-65,65,-23,12,16,0.50,979840.000000,0,27,6.5,0.0,67808.000000,0,0.0,0.0,0.0,1.0
109560,0,1,3400,-65,65,-28,11,17,0.51,976992.000000,0,27,13,0.0,0.0,0.0,0.0,0.0,0.0,1.0
109809,0,1,3400,-65,65,-37,12,17,0.50,970112.000000,0,27,13,0.0,0.0,0.0,0.0,0.0,0.0,1.0
110058,0,1,3400,-65,65,-33,12,16,0.51,1008800.000000,0,27,13,0.0,0.0,0.0,0.0,0.0,0.0,1.0
110307,0,1,3400,-65,65,-32,12,16,0.50,992000.000000,0,27,12,0.0,52352.000000,0,0.0,0.0,0.0,1.0
110556,0,1,3400,-66,66,-37,12,16,0.52,986176.000000,0,27,13,0.0,0.0,0.0,0.0,0.0,0.0,1.0
110805,0,1,3400,-66,66,-35,11,16,0.50,993664.000000,0,27,13,0.0,0.0,0.0,0.0,0.0,0.0,1.0
111054,0,1,3400,-66,66,-35,11,15,0.50,991712.000000,0,27,13,0.0,0.0,0.0,0.0,0.0,0.0,1.0
111303,0,1,3400,-66,66,-38,11,15,0.50,984988.062500,0,27,11,0.0,35760.957031,0,0.0,0.0,0.0,1.0
111552,0,1,3400,-66,66,-30,11,15,0.50,995360.000000,0,27,5.5,0.0,0.0,0.0,0.0,0.0,0.0,1.0
111801,0,1,3400,-66,66,-29,11,16,0.50,993696.000000,0,27,5.5,0.0,0.0,0.0,0.0,0.0,0.0,1.0
112050,0,1,3400,-66,66,-32,11,16,0.52,994496.000000,0,27,5.5,0.0,0.0,0.0,0.0,0.0,0.0,1.0
112299,0,1,3400,-66,66,-31,11,16,0.50,992512.000000,0,27,6.3,0.0,45184.000000,0,0.0,0.0,0.0,1.0
112548,0,1,3400,-65,65,-30,11,16,0.51,991360.000000,0,27,12,0.0,0.0,0.0,0.0,0.0,0.0,1.0
112797,0,1,3400,-65,65,-28,12,16,0.51,984000.000000,0,27,12,0.0,0.0,0.0,0.0,0.0,0.0,1.0
113046,0,1,3400,-65,65,-27,12,16,0.51,991008.000000,0,27,12,0.0,0.0,0.0,0.0,0.0,0.0,1.0
113295,0,1,3400,-65,65,-37,12,16,0.52,992736.000000,0,27,12,0.0,73952.000000,14,0.0,0.0,0.0,1.0
113544,0,1,3400,-65,65,-39,12,16,0.51,989632.000000,0,27,9.0,0.0,33792.000000,0,0.0,0.0,0.0,1.0
113793,0,1,3400,-65,65,-47,12,16,0.51,990464.000000,0,27,9.0,0.0,0.0,0.0,0.0,0.0,0.0,1.0
114042,0,1,3400,-65,65,-51,12,16,0.51,982688.000000,0,27,9.0,0.0,0.0,0.0,0.0,0.0,0.0,1.0
114291,0,1,3400,-65,65,-45,12,16,0.52,988704.000000,0,27,10,0.0,52352.000000,0,0.0,0.0,0.0,1.0
114540,0,1,3400,-65,65,-45,11,16,0.51,983168.000000,0,27,13,0.0,0.0,0.0,0.0,0.0,0.0,1.0
114789,0,1,3400,-65,65,-33,12,16,0.50,1002048.000000,0,27,13,0.0,0.0,0.0,0.0,0.0,0.0,1.0
115038,0,1,3400,-65,65,-37,12,16,0.50,984608.000000,0,27,13,0.0,0.0,0.0,0.0,0.0,0.0,1.0
115287,0,1,3400,-65,65,-38,12,16,0.51,978912.000000,0,27,13,0.0,58496.000000,0,0.0,0.0,0.0,1.0
115536,0,1,3400,-65,65,-39,11,16,0.51,986464.000000,0,27,13,0.0,0.0,0.0,0.0,0.0,0.0,1.0
115785,0,1,3400,-65,65,-40,12,16,0.51,980896.000000,0,27,13,0.0,0.0,0.0,0.0,0.0,0.0,1.0
116034,0,1,3400,-65,65,-35,12,16,0.51,992864.000000,0,27,13,0.0,0.0,0.0,0.0,0.0,0.0,1.0
116283,0,1,3400,-65,65,-34,12,16,0.50,993280.000000,0,27,13,0.0,74016.000000,0,0.0,0.0,0.0,1.0
116532,0,1,3400,-65,65,-34,11,16,0.51,983520.000000,0,27,14,0.0,0.0,0.0,0.0,0.0,0.0,1.0
116781,0,1,3400,-65,65,-36,11,16,0.51,990688.000000,0,27,14,0.0,0.0,0.0,0.0,0.0,0.0,1.0
117030,0,1,3400,-65,65,-34,12,16,0.51,1002656.000000,0,27,14,0.0,0.0,0.0,0.0,0.0,0.0,1.0
117279,0,1,3400,-65,65,-32,12,17,0.50,985152.000000,0,27,13,0.0,34912.000000,0,0.0,0.0,0.0,1.0
117528,0,1,3400,-65,65,-26,12,17,0.51,982976.000000,0,27,10,0.0,0.0,0.0,0.0,0.0,0.0,1.0
117777,0,1,3400,-65,65,-25,12,17,0.51,981632.000000,0,27,10,0.0,0.0,0.0,0.0,0.0,0.0,1.0
118026,0,1,3400,-65,65,-21,13,17,0.56,979680.000000,0,27,10,0.0,0.0,0.0,0.0,0.0,0.0,1.0
118275,0,1,3400,-65,65,-20,12,16,0.51,982080.000000,0,27,11,0.0,115264.000000,0,0.0,0.0,0.0,1.0
118524,0,1,3400,-65,65,-20,11,16,0.52,992192.750000,0,27,13,0.0,0.0,0.0,0.0,0.0,0.0,1.0
118773,0,1,3400,-65,65,-23,11,16,0.51,992159.375000,0,27,13,0.0,0.0,0.0,0.0,0.0,0.0,1.0
119022,0,1,3400,-65,65,-28,11,16,0.51,987584.000000,0,27,13,0.0,0.0,0.0,0.0,0.0,0.0,1.0
119271,0,1,3400,-65,65,-34,11,16,0.50,995027.875000,0,27,13,0.0,54693.226562,0,0.0,0.0,0.0,1.0
119520,0,1,3400,-66,66,-28,10,15,0.52,983872.000000,0.4,27,13,0.0,0.0,0.0,0.0,0.0,0.0,1.0
119769,0,1,3400,-66,66,-31,11,15,0.50,1005568.000000,0,27,13,0.0,0.0,0.0,0.0,0.0,0.0,1.0
120018,0,1,3400,-66,66,-41,11,15,0.51,995808.000000,0,27,13,0.0,0.0,0.0,0.0,0.0,0.0,1.0
120267,0,1,3400,-66,66,-48,11,15,0.50,992704.000000,0,27,13,0.0,64128.000000,0,0.0,0.0,0.0,1.0
120516,0,1,3400,-65,65,-35,11,16,0.50,992032.000000,0,27,14,0.0,0.0,0.0,0.0,0.0,0.0,1.0
120765,0,1,3400,-65,65,-27,11,16,0.51,999776.000000,0,27,14,0.0,0.0,0.0,0.0,0.0,0.0,1.0
121014,0,1,3400,-65,65,-28,11,16,0.50,980512.000000,0,27,14,0.0,0.0,0.0,0.0,0.0,0.0,1.0
121263,0,1,3400,-65,65,-35,11,16,0.50,989408.000000,0,27,14,0.0,47744.000000,0,0.0,0.0,0.0,1.0
121512,0,1,3400,-65,65,-36,12,16,0.50,983808.000000,0,27,12,0.0,0.0,0.0,0.0,0.0,0.0,1.0
121761,0,1,3400,-65,65,-34,12,16,0.52,993792.000000,0,27,12,0.0,0.0,0.0,0.0,0.0,0.0,1.0
122010,0,1,3400,-65,65,-39,11,16,0.51,986912.000000,0,27,12,0.0,0.0,0.0,0.0,0.0,0.0,1.0
122259,0,1,3400,-65,65,-32,11,16,0.50,996064.000000,0,27,12,0.0,137728.000000,8,0.0,0.0,0.0,1.0
122508,0,1,3400,-65,65,-28,11,16,0.50,1004384.000000,0,27,12,0.0,0.0,0.0,0.0,0.0,0.0,1.0
122757,0,1,3400,-65,65,-26,11,16,0.50,984992.000000,0,27,12,0.0,0.0,0.0,0.0,0.0,0.0,1.0
123006,0,1,3400,-65,65,-28,11,16,0.51,991360.000000,0,27,12,0.0,0.0,0.0,0.0,0.0,0.0,1.0
123255,0,1,3400,-65,65,-24,11,16,0.50,986560.000000,0,27,12,0.0,52352.000000,0,0.0,0.0,0.0,1.0
123504,0,1,3400,-66,66,-27,11,15,0.51,992544.000000,0,27,13,0.0,0.0,0.0,0.0,0.0,0.0,1.0
123753,0,1,3400,-66,66,-38,11,15,0.50,992320.000000,0,27,13,0.0,0.0,0.0,0.0,0.0,0.0,1.0
124002,0,1,3400,-66,66,-39,11,15,0.50,991904.000000,0,27,13,0.0,0.0,0.0,0.0,0.0,0.0,1.0
124251,0,1,3400,-66,66,-38,11,15,0.50,992192.000000,0,27,13,0.0,47744.000000,0,0.0,0.0,0.0,1.0
124500,0,1,3400,-66,66,-43,11,15,0.50,997504.000000,0,27,12,0.0,0.0,0.0,0.0,0.0,0.0,1.0
124749,0,1,3400,-66,66,-38,11,15,0.51,996736.000000,0,27,12,0.0,0.0,0.0,0.0,0.0,0.0,1.0
124998,0,1,3400,-66,66,-36,11,15,0.50,975744.000000,0,27,12,0.0,0.0,0.0,0.0,0.0,0.0,1.0
125247,0,1,3400,-66,66,-35,11,15,0.51,1015968.000000,0,27,11,0.0,26592.000000,0,0.0,0.0,0.0,1.0
125496,0,1,3400,-67,67,-38,11,14,0.53,991424.000000,0,27,11,0.0,0.0,0.0,0.0,0.0,0.0,1.0
125745,0,1,3400,-67,67,-41,10,14,0.53,936224.000000,0,27,10,0.0,0.0,0.0,0.0,0.0,0.0,1.0
125994,0,1,3400,-67,67,-35,9.6,14,0.51,1014112.000000,0,27,10,0.0,0.0,0.0,0.0,0.0,0.0,1.0
126243,0,1,3400,-67,67,-32,11,15,0.52,1028608.000000,0,27,11,0.0,47744.000000,0,0.0,0.0,0.0,1.0
126492,0,1,3400,-66,66,-34,11,15,0.51,990215.125000,0,27,12,0.0,0.0,0.0,0.0,0.0,0.0,1.0
126741,0,1,3400,-66,66,-38,11,15,0.51,997984.000000,0,27,12,0.0,0.0,0.0,0.0,0.0,0.0,1.0
126990,0,1,3400,-66,66,-50,11,15,0.50,992928.000000,0,27,12,0.0,0.0,0.0,0.0,0.0,0.0,1.0
127239,0,1,3400,-66,66,-52,11,15,0.50,991904.000000,0,27,12,0.0,47744.000000,0,0.0,0.0,0.0,1.0
127488,0,1,3400,-66,66,-45,11,15,0.51,992800.000000,0,27,12,0.0,0.0,0.0,0.0,0.0,0.0,1.0
127737,0,1,3400,-66,66,-40,11,15,0.51,997184.000000,0,27,12,0.0,0.0,0.0,0.0,0.0,0.0,1.0
127986,0,1,3400,-66,66,-30,11,15,0.52,983584.000000,0.4,27,12,0.0,0.0,0.0,0.0,0.0,0.0,1.0
128235,0,1,3400,-66,66,-29,11,15,0.52,1003040.000000,0,27,12,0.0,136416.000000,5,0.0,0.0,0.0,1.0
128484,0,1,3400,-67,67,-31,11,14,0.53,995680.000000,0,27,13,0.0,0.0,0.0,0.0,0.0,0.0,1.0
128733,0,1,3400,-67,67,-28,10,14,0.53,990144.000000,0,27,13,0.0,0.0,0.0,0.0,0.0,0.0,1.0
128982,0,1,3400,-67,67,-32,10,14,0.54,990496.000000,0.4,27,13,0.0,0.0,0.0,0.0,0.0,0.0,1.0
129231,0,1,3400,-67,67,-33,8.9,14,0.51,964704.000000,0,27,13,0.0,13376.000000,38,0.0,0.0,0.0,1.0
129480,0,1,3400,-68,68,-34,9.1,14,0.51,1018688.000000,0,27,12,0.0,0.0,100.000000,0.0,0.0,0.0,1.0
129729,0,1,3400,-68,68,-31,9.1,13,0.52,991616.000000,0,27,12,0.0,0.0,0.0,0.0,0.0,0.0,1.0
129978,0,1,3400,-68,68,-33,9.1,13,0.52,996416.000000,0,27,12,0.0,0.0,0.0,0.0,0.0,0.0,1.0
130227,0,1,3400,-68,68,-25,8.4,13,0.50,969984.000000,0,27,11,0.0,72384.000000,0,0.0,0.0,0.0,1.0
130476,0,1,3400,-68,68,-26,9.2,13,0.52,1021280.000000,0,27,8.0,0.0,0.0,0.0,0.0,0.0,0.0,1.0
130725,0,1,3400,-68,68,-26,8.8,13,0.51,995840.000000,0,27,8.0,0.0,0.0,0.0,0.0,0.0,0.0,1.0
130974,0,1,3400,-68,68,-34,9.2,13,0.51,946208.000000,0,27,8.0,0.0,0.0,0.0,0.0,0.0,0.0,1.0
131223,0,1,3400,-68,68,-33,8.9,13,0.52,1047488.000000,0,27,9.9,0.0,64128.000000,0,0.0,0.0,0.0,1.0
131472,0,1,3400,-68,68,-30,8.8,13,0.52,999807.250000,0,27,15,0.0,0.0,0.0,0.0,0.0,0.0,1.0
131721,0,1,3400,-68,68,-23,8.9,13,0.51,977179.312500,0,27,15,0.0,0.0,0.0,0.0,0.0,0.0,1.0
131970,0,1,3400,-68,68,-25,8.9,13,0.52,1011776.000000,0,27,15,0.0,0.0,0.0,0.0,0.0,0.0,1.0
132219,0,1,3400,-68,68,-26,9.1,13,0.51,993792.000000,0,27,14,0.0,47744.000000,0,0.0,0.0,0.0,1.0
132468,0,1,3400,-68,68,-23,9.0,13,0.51,987584.000000,0,27,11,0.0,0.0,0.0,0.0,0.0,0.0,1.0
132717,0,1,3400,-68,68,-24,8.8,13,0.51,990112.000000,0,27,11,0.0,0.0,0.0,0.0,0.0,0.0,1.0
132966,0,1,3400,-68,68,-19,8.9,14,0.50,1000224.000000,0,27,11,0.0,0.0,0.0,0.0,0.0,0.0,1.0
133215,0,1,3400,-68,68,-18,10.0,14,0.53,996192.000000,0,27,11,0.0,58496.000000,0,0.0,0.0,0.0,1.0
133464,0,1,3400,-67,67,-28,11,15,0.54,997120.000000,0,27,13,0.0,0.0,0.0,0.0,0.0,0.0,1.0
133713,0,1,3400,-67,67,-24,11,15,0.54,1000096.000000,0,27,13,0.0,0.0,0.0,0.0,0.0,0.0,1.0
133962,0,1,3400,-67,67,-15,11,15,0.52,995520.000000,0,27,13,0.0,0.0,0.0,0.0,0.0,0.0,1.0
134211,0,1,3400,-67,67,-19,11,15,0.52,995168.000000,0,27,13,0.0,45184.000000,0,0.0,0.0,0.0,1.0
134460,0,1,3400,-66,66,-27,11,15,0.52,1002080.000000,0,27,12,0.0,0.0,0.0,0.0,0.0,0.0,1.0
134709,0,1,3400,-66,66,-30,11,15,0.52,981280.000000,0,27,12,0.0,0.0,0.0,0.0,0.0,0.0,1.0
134958,0,1,3400,-66,66,-36,11,15,0.51,985338.625000,0,27,12,0.0,0.0,0.0,0.0,0.0,0.0,1.0
135207,0,1,3400,-66,66,-31,11,16,0.54,992768.000000,0,27,11,0.0,39008.000000,0,0.0,0.0,0.0,1.0
135456,0,1,3400,-66,66,-33,11,15,0.51,987872.000000,0,27,7.0,0.0,0.0,0.0,0.0,0.0,0.0,1.0
135705,0,1,3400,-66,66,-37,11,15,0.51,991744.000000,0,27,7.0,0.0,0.0,0.0,0.0,0.0,0.0,1.0
135954,0,1,3400,-66,66,-39,11,15,0.50,991840.000000,0,27,7.0,0.0,0.0,0.0,0.0,0.0,0.0,1.0
136203,0,1,3400,-66,66,-30,12,16,0.52,993920.000000,0,27,8.5,0.0,45184.000000,0,0.0,0.0,0.0,1.0
136452,0,1,3400,-65,65,-33,12,16,0.52,992640.000000,0,27,12,0.0,0.0,0.0,0.0,0.0,0.0,1.0
136701,0,1,3400,-65,65,-34,12,16,0.51,991136.000000,0,27,12,0.0,0.0,0.0,0.0,0.0,0.0,1.0
136950,0,1,3400,-65,65,-26,12,16,0.52,990048.000000,0,27,12,0.0,0.0,0.0,0.0,0.0,0.0,1.0
137199,0,1,3400,-65,65,-36,13,16,0.51,990144.000000,0,27,11,0.0,44224.000000,0,0.0,0.0,0.0,1.0
137448,0,1,3400,-65,65,-44,12,16,0.52,984608.000000,0,27,5.5,0.0,0.0,0.0,0.0,0.0,0.0,1.0
137697,0,1,3400,-65,65,-41,12,16,0.51,983261.062500,0,27,5.5,0.0,0.0,0.0,0.0,0.0,0.0,1.0
137946,0,1,3400,-65,65,-31,12,16,0.52,991744.000000,0,27,5.5,0.0,0.0,0.0,0.0,0.0,0.0,1.0
138195,0,1,3400,-65,65,-26,11,16,0.52,987360.000000,0,27,5.7,0.0,164416.000000,0,0.0,0.0,0.0,1.0
138444,0,1,3400,-66,66,-33,11,16,0.51,989482.062500,0,27,10,0.0,0.0,0.0,0.0,0.0,0.0,1.0
138693,0,1,3400,-66,66,-39,11,15,0.50,994048.000000,0,27,10,0.0,0.0,0.0,0.0,0.0,0.0,1.0
138942,0,1,3400,-66,66,-29,11,15,0.50,972256.000000,0,27,10,0.0,0.0,0.0,0.0,0.0,0.0,1.0
139191,0,1,3400,-66,66,-29,11,16,0.50,1017216.000000,0,27,9.7,0.0,28704.000000,0,0.0,0.0,0.0,1.0
139440,0,1,3400,-65,65,-33,11,16,0.51,990496.000000,0,27,5.5,0.0,0.0,0.0,0.0,0.0,0.0,1.0
139689,0,1,3400,-65,65,-32,12,16,0.51,990688.000000,0,27,5.5,0.0,0.0,0.0,0.0,0.0,0.0,1.0
139938,0,1,3400,-65,65,-33,11,16,0.51,992768.000000,0,27,5.5,0.0,0.0,0.0,0.0,0.0,0.0,1.0
140187,0,1,3400,-66,66,-37,11,16,0.50,994848.000000,0,27,5.7,0.0,45760.000000,0,0.0,0.0,0.0,1.0
140436,0,1,3400,-66,66,-29,11,15,0.50,995136.000000,0,27,5.5,0.0,0.0,0.0,0.0,0.0,0.0,1.0
140685,0,1,3400,-66,66,-26,11,15,0.51,984416.000000,0,27,5.5,0.0,0.0,0.0,0.0,0.0,0.0,1.0
140934,0,1,3400,-66,66,-25,11,15,0.51,992544.000000,0,27,5.5,0.0,0.0,0.0,0.0,0.0,0.0,1.0
141183,0,1,3400,-66,66,-22,11,15,0.51,1002496.000000,0,27,5.6,0.0,28704.000000,0,0.0,0.0,0.0,1.0
141432,0,1,3400,-67,67,-18,11,14,0.53,988800.000000,0,27,5.5,0.0,0.0,0.0,0.0,0.0,0.0,1.0
141681,0,1,3400,-67,67,-26,10,14,0.51,984128.000000,0,27,5.5,0.0,0.0,0.0,0.0,0.0,0.0,1.0
141930,0,1,3400,-67,67,-33,11,14,0.53,1004288.000000,0,27,5.5,0.0,0.0,0.0,0.0,0.0,0.0,1.0
142179,0,1,3400,-67,67,-31,11,15,0.53,991424.000000,0,27,6.1,0.0,34080.000000,15,0.0,0.0,0.0,1.0
142428,0,1,3400,-66,66,-25,11,15,0.51,992096.000000,0,27,3.5,0.0,2272.000000,0,0.0,0.0,0.0,1.0
142677,0,1,3400,-66,66,-22,11,15,0.51,1001280.000000,0,27,3.5,0.0,0.0,0.0,0.0,0.0,0.0,1.0
142926,0,1,3400,-66,66,-32,11,15,0.51,992640.000000,0,27,3.4,0.0,0.0,0.0,0.0,0.0,0.0,1.0
143175,0,1,3400,-66,66,-32,11,16,0.53,988844.625000,0,27,4.2,0.0,66103.585938,0,0.0,0.0,0.0,1.0
143424,0,1,3400,-65,65,-27,8.6,16,0.77,639136.000000,3,27,12,0.0,0.0,0.0,0.0,0.0,0.0,1.0
143673,0,1,3400,-65,65,-24,11,16,0.50,1261216.000000,0,27,12,0.0,0.0,0.0,0.0,0.0,0.0,1.0
143922,0,1,3400,-65,65,-28,12,17,0.54,984608.000000,0,27,12,0.0,0.0,0.0,0.0,0.0,0.0,1.0
144171,0,1,3400,-65,65,-18,12,17,0.51,982816.000000,0,27,12,0.0,72000.000000,0,0.0,0.0,0.0,1.0
144420,0,1,3400,-64,64,-24,12,17,0.51,980576.000000,0,27,12,0.0,0.0,0.0,0.0,0.0,0.0,1.0
144669,0,1,3400,-64,64,-27,13,17,0.56,984963.875000,0,27,12,0.0,0.0,0.0,0.0,0.0,0.0,1.0
144918,0,1,3400,-64,64,-28,16,18,1.1,819920.312500,6,27,12,0.0,0.0,0.0,0.0,0.0,0.0,1.0
145168,0,1,3400,-64,64,-33,16,17,1.3,758496.000000,12,27,12,0.0,66368.000000,0,0.0,0.0,0.0,1.0
145417,0,1,3400,-64,64,-34,15,18,0.71,986176.000000,0,27,12,0.0,0.0,0.0,0.0,0.0,0.0,1.0
145666,0,1,3400,-64,64,-36,14,18,0.63,986880.000000,0,27,11,0.0,0.0,0.0,0.0,0.0,0.0,1.0
145915,0,1,3400,-64,64,-36,13,17,0.60,988032.000000,0,27,12,0.0,0.0,0.0,0.0,0.0,0.0,1.0
146164,0,1,3400,-65,65,-30,11,17,0.52,989280.000000,0,27,12,0.0,45184.000000,0,0.0,0.0,0.0,1.0
146413,0,1,3400,-65,65,-17,11,17,0.51,986688.000000,0,27,12,0.0,0.0,0.0,0.0,0.0,0.0,1.0
146662,0,1,3400,-65,65,-23,12,17,0.51,990720.000000,0,27,12,0.0,0.0,0.0,0.0,0.0,0.0,1.0
146911,0,1,3400,-65,65,-22,12,17,0.51,985120.000000,0,27,12,0.0,0.0,0.0,0.0,0.0,0.0,1.0
147160,0,1,3400,-66,66,-29,8.8,17,0.50,734016.000000,0,27,11,0.0,37888.000000,12,0.0,0.0,0.0,1.0
147409,0,1,3400,-66,66,-27,1.0,16,0.50,126144.000000,0,27,10,0.0,0.0,0.0,0.0,0.0,0.0,1.0
147658,0,1,3400,-66,66,-23,12,16,0.52,797504.000000,0,27,11,0.0,0.0,0.0,0.0,0.0,0.0,1.0
147907,0,1,3400,-66,66,-31,13,16,0.50,803616.000000,0,27,10,0.0,0.0,0.0,0.0,0.0,0.0,1.0
148156,0,1,3400,-66,66,-28,13,16,0.50,821888.000000,0,27,11,0.0,42624.000000,0,0.0,0.0,0.0,1.0
148405,0,1,3400,-66,66,-29,13,16,0.52,868928.000000,0,27,10,0.0,0.0,0.0,0.0,0.0,0.0,1.0
148654,0,1,3400,-66,66,-21,13,16,0.51,801728.000000,0,27,10,0.0,0.0,0.0,0.0,0.0,0.0,1.0
148903,0,1,3400,-66,66,-26,13,16,0.51,787904.000000,0,27,10,0.0,0.0,0.0,0.0,0.0,0.0,1.0
149152,0,1,3400,-66,66,-32,14,16,0.53,888096.000000,0,27,10,0.0,47552.000000,0,0.0,0.0,0.0,1.0
149401,0,1,3400,-66,66,-31,13,16,0.50,799776.000000,0,27,8.0,0.0,0.0,0.0,0.0,0.0,0.0,1.0
149650,0,1,3400,-66,66,-28,14,16,0.52,891616.000000,0,27,8.0,0.0,0.0,0.0,0.0,0.0,0.0,1.0
149899,0,1,3400,-66,66,-36,13,16,0.51,815264.000000,0,27,7.9,0.0,0.0,0.0,0.0,0.0,0.0,1.0
150148,0,1,3400,-66,66,-39,13,16,0.51,780512.000000,0,27,8.3,0.0,54848.000000,0,0.0,0.0,0.0,1.0
150397,0,1,3400,-66,66,-33,14,16,0.53,879680.000000,0,27,9.5,0.0,0.0,0.0,0.0,0.0,0.0,1.0
150646,0,1,3400,-66,66,-30,13,17,0.52,887518.062500,0,27,9.5,0.0,0.0,0.0,0.0,0.0,0.0,1.0
150895,0,1,3400,-66,66,-23,15,16,0.63,952992.000000,0,27,9.5,0.0,0.0,0.0,0.0,0.0,0.0,1.0
151144,0,1,3400,-66,66,-23,13,16,0.52,768256.000000,0,27,8.8,0.0,43200.000000,0,0.0,0.0,0.0,1.0
151393,0,1,3400,-67,67,-38,12,16,0.50,714167.312500,0,27,7.0,0.0,0.0,0.0,0.0,0.0,0.0,1.0
151642,0,1,3400,-67,67,-41,12,15,0.53,723232.000000,0,27,7.0,0.0,0.0,0.0,0.0,0.0,0.0,1.0
151891,0,1,3400,-67,67,-43,12,15,0.53,676302.812500,0,27,7.0,0.0,0.0,0.0,0.0,0.0,0.0,1.0
152140,0,1,3400,-67,67,-39,12,16,0.51,702816.000000,0,27,6.8,0.0,38080.000000,0,0.0,0.0,0.0,1.0
152389,0,1,3400,-67,67,-36,11,16,0.55,656512.000000,0,27,5.5,0.0,0.0,0.0,0.0,0.0,0.0,1.0
152638,0,1,3400,-67,67,-26,12,15,0.51,718976.000000,0,27,5.5,0.0,0.0,0.0,0.0,0.0,0.0,1.0
152887,0,1,3400,-67,67,-26,12,16,0.51,725568.000000,0,27,5.5,0.0,0.0,0.0,0.0,0.0,0.0,1.0
153136,0,1,3400,-67,67,-28,13,16,0.51,819584.000000,0,27,7.5,0.0,47744.000000,0,0.0,0.0,0.0,1.0
153385,0,1,3400,-66,66,-31,13,17,0.52,837856.000000,0,27,12,0.0,0.0,0.0,0.0,0.0,0.0,1.0
153634,0,1,3400,-66,66,-31,13,16,0.51,767392.000000,0,27,12,0.0,0.0,0.0,0.0,0.0,0.0,1.0
153883,0,1,3400,-66,66,-33,14,16,0.52,837056.000000,0,27,12,0.0,0.0,0.0,0.0,0.0,0.0,1.0
154132,0,1,3400,-66,66,-29,13,16,0.54,849312.000000,0,27,10,0.0,44224.000000,10,0.0,0.0,0.0,1.0
154381,0,1,3400,-66,66,-27,13,16,0.53,821056.000000,0,27,5.5,0.0,0.0,0.0,0.0,0.0,0.0,1.0
154630,0,1,3400,-66,66,-27,14,17,0.55,856928.000000,0,27,5.5,0.0,0.0,0.0,0.0,0.0,0.0,1.0
154879,0,1,3400,-66,66,-29,14,17,0.52,923232.000000,0,27,5.5,0.0,0.0,0.0,0.0,0.0,0.0,1.0
155128,0,1,3400,-66,66,-34,14,17,0.51,936000.000000,0,27,5.6,0.0,43200.000000,10,0.0,0.0,0.0,1.0
155377,0,1,3400,-65,65,-36,14,17,0.51,928000.000000,0,27,7.0,0.0,0.0,0.0,0.0,0.0,0.0,1.0
155626,0,1,3400,-65,65,-33,14,17,0.50,936000.000000,0,27,7.0,0.0,0.0,0.0,0.0,0.0,0.0,1.0
155875,0,1,3400,-65,65,-23,15,17,0.57,990720.000000,0,27,7.0,0.0,0.0,0.0,0.0,0.0,0.0,1.0
156124,0,1,3400,-66,66,-29,14,17,0.52,932000.000000,0,27,7.2,0.0,45760.000000,0,0.0,0.0,0.0,1.0
156373,0,1,3400,-66,66,-37,14,17,0.50,862528.000000,0,27,7.0,0.0,0.0,0.0,0.0,0.0,0.0,1.0
156622,0,1,3400,-66,66,-34,13,16,0.52,843712.000000,0,27,7.0,0.0,0.0,0.0,0.0,0.0,0.0,1.0
156871,0,1,3400,-66,66,-28,13,16,0.53,870208.000000,0,27,7.0,0.0,0.0,0.0,0.0,0.0,0.0,1.0
157120,0,1,3400,-66,66,-27,11,16,0.51,667212.875000,0,27,8.3,0.0,19469.878906,50,0.0,0.0,0.0,1.0
157369,0,1,3400,-67,67,-29,12,16,0.54,735680.000000,0,27,12,0.0,0.0,0.0,0.0,0.0,0.0,1.0
157618,0,1,3400,-67,67,-32,12,16,0.56,712256.000000,0,27,12,0.0,0.0,0.0,0.0,0.0,0.0,1.0
157867,0,1,3400,-67,67,-33,12,16,0.53,717258.937500,0,27,12,0.0,0.0,0.0,0.0,0.0,0.0,1.0
158116,0,1,3400,-67,67,-33,12,15,0.54,680992.000000,0,27,11,0.0,109536.000000,0,0.0,0.0,0.0,1.0
158365,0,1,3400,-68,68,-33,12,15,0.55,695040.000000,0,27,7.0,0.0,0.0,0.0,0.0,0.0,0.0,1.0
158614,0,1,3400,-68,68,-37,12,15,0.57,729440.000000,0,27,6.9,0.0,0.0,0.0,0.0,0.0,0.0,1.0
158863,0,1,3400,-68,68,-31,12,15,0.52,706944.000000,0,27,7.0,0.0,0.0,0.0,0.0,0.0,0.0,1.0
159112,0,1,3400,-68,68,-34,11,14,0.55,648064.000000,0,27,7.4,0.0,72000.000000,0,0.0,0.0,0.0,1.0
159361,0,1,3400,-69,69,-29,10,14,0.51,586976.000000,0,27,12,0.0,0.0,0.0,0.0,0.0,0.0,1.0
159610,0,1,3400,-69,69,-38,10,14,0.52,583712.000000,0,27,13,0.0,0.0,0.0,0.0,0.0,0.0,1.0
159859,0,1,3400,-69,69,-39,10,14,0.58,582278.875000,0,27,12,0.0,0.0,0.0,0.0,0.0,0.0,1.0
160108,0,1,3400,-69,69,-33,10,14,0.53,568544.000000,0,27,12,0.0,56000.000000,23,0.0,0.0,0.0,1.0
160357,0,1,3400,-69,69,-30,10.0,14,0.52,575936.000000,0,27,12,0.0,0.0,0.0,0.0,0.0,0.0,1.0
160606,0,1,3400,-69,69,-32,9.8,14,0.54,502880.000000,0,27,12,0.0,0.0,0.0,0.0,0.0,0.0,1.0
160855,0,1,3400,-69,69,-29,10.0,14,0.53,543584.000000,0,27,12,0.0,0.0,0.0,0.0,0.0,0.0,1.0
161104,0,1,3400,-69,69,-34,21,14,2.8,211264.000000,66,27,12,581,0.0,0.0,0.0,0.0,0.0,1.0
161353,0,1,3400,-69,69,-27,11,14,0.55,632288.000000,0,27,7.1,0.0,43200.000000,0,0.0,0.0,0.0,1.0
161602,0,1,3400,-69,69,-13,10.0,14,0.57,578720.000000,0,27,7.0,0.0,0.0,0.0,0.0,0.0,0.0,1.0
161851,0,1,3400,-69,69,-13,9.9,14,0.53,545728.000000,0,27,7.0,0.0,0.0,0.0,0.0,0.0,0.0,1.0
162100,0,1,3400,-69,69,-29,10,14,0.56,574656.000000,0,27,7.2,0.0,51904.000000,0,0.0,0.0,0.0,1.0
162349,0,1,3400,-69,69,-26,10.0,14,0.56,566400.000000,0,27,9.0,0.0,0.0,0.0,0.0,0.0,0.0,1.0
162598,0,1,3400,-69,69,-27,9.8,14,0.56,524416.000000,0,27,9.0,0.0,0.0,0.0,0.0,0.0,0.0,1.0
162847,0,1,3400,-69,69,-34,6.9,14,0.51,367904.000000,0,27,8.9,0.0,0.0,0.0,0.0,0.0,0.0,1.0
163096,0,1,3400,-69,69,-33,11,14,0.57,539424.000000,0,27,7.7,0.0,49696.000000,0,0.0,0.0,0.0,1.0
163345,0,1,3400,-69,69,-32,10.0,14,0.54,558457.812500,0,27,4.5,0.0,0.0,0.0,0.0,0.0,0.0,1.0
163594,0,1,3400,-69,69,-33,11,14,0.55,639107.562500,0,27,4.5,0.0,0.0,0.0,0.0,0.0,0.0,1.0
163843,0,1,3400,-69,69,-28,11,14,0.61,667887.562500,0,27,4.5,0.0,0.0,0.0,0.0,0.0,0.0,1.0
164092,0,1,3400,-69,69,-25,11,14,0.56,633056.000000,0,27,4.9,0.0,39488.000000,0,0.0,0.0,0.0,1.0
164341,0,1,3400,-69,69,-22,10.0,13,0.54,560832.000000,0,27,5.5,0.0,0.0,0.0,0.0,0.0,0.0,1.0
164590,0,1,3400,-69,69,-24,10,14,0.58,596047.812500,0,27,5.5,0.0,0.0,0.0,0.0,0.0,0.0,1.0
164839,0,1,3400,-69,69,-22,11,14,0.60,635744.000000,0,27,5.5,0.0,0.0,0.0,0.0,0.0,0.0,1.0
165088,0,1,3400,-69,69,-25,11,14,0.58,612704.000000,0,27,4.9,0.0,25664.000000,0,0.0,0.0,0.0,1.0
165337,0,1,3400,-69,69,-21,10.0,14,0.56,571008.000000,0,27,3.0,0.0,0.0,0.0,0.0,0.0,0.0,1.0
165586,0,1,3400,-69,69,-10,10,14,0.58,589376.000000,0,27,3.0,0.0,0.0,0.0,0.0,0.0,0.0,1.0
165835,0,1,3400,-69,69,-17,10,14,0.55,579424.000000,0,27,3.0,0.0,0.0,0.0,0.0,0.0,0.0,1.0
166084,0,1,3400,-69,69,-27,11,14,0.59,642688.000000,0,27,3.5,0.0,40256.000000,0,0.0,0.0,0.0,1.0
166333,0,1,3400,-69,69,-19,9.8,14,0.55,485952.000000,0,27,7.0,0.0,0.0,0.0,0.0,0.0,0.0,1.0
166582,0,1,3400,-69,69,-32,7.0,14,0.53,324992.000000,0,27,7.0,0.0,0.0,0.0,0.0,0.0,0.0,1.0
166831,0,1,3400,-69,69,-25,10,14,0.58,514464.000000,0,27,7.0,0.0,0.0,0.0,0.0,0.0,0.0,1.0
167080,0,1,3400,-69,69,-29,8.6,14,0.52,487008.000000,0,27,7.0,581,0.0,0.0,0.0,0.0,0.0,1.0
167329,0,1,3400,-69,69,-30,11,14,0.54,629184.000000,0,27,11,0.0,66368.000000,9,0.0,0.0,0.0,1.0
167578,0,1,3400,-69,69,-25,11,14,0.53,625216.000000,0,27,12,0.0,0.0,0.0,0.0,0.0,0.0,1.0
167827,0,1,3400,-69,69,-25,11,14,0.54,576736.000000,0,27,12,0.0,0.0,0.0,0.0,0.0,0.0,1.0
168076,0,1,3400,-69,69,-26,11,14,0.55,611904.000000,0,27,10,0.0,40352.000000,10,0.0,0.0,0.0,1.0
168325,0,1,3400,-69,69,-23,12,14,0.85,589792.000000,4,27,8.0,0.0,0.0,0.0,0.0,0.0,0.0,1.0
168574,0,1,3400,-69,69,-29,9.0,14,0.53,540320.000000,0,27,8.0,0.0,0.0,0.0,0.0,0.0,0.0,1.0
168823,0,1,3400,-69,69,-28,10,14,0.54,481952.000000,0,27,7.9,0.0,0.0,0.0,0.0,0.0,0.0,1.0
169072,0,1,3400,-69,69,-20,11,14,0.57,633179.312500,0,27,8.1,0.0,48764.941406,0,0.0,0.0,0.0,1.0
169321,0,1,3400,-69,69,-16,9.8,13,0.51,520672.000000,0,27,9.0,0.0,0.0,0.0,0.0,0.0,0.0,1.0
169570,0,1,3400,-69,69,-17,9.9,13,0.53,515200.000000,0,27,9.0,0.0,0.0,0.0,0.0,0.0,0.0,1.0
169819,0,1,3400,-69,69,-28,10,14,0.52,473638.562500,0,27,9.0,0.0,0.0,0.0,0.0,0.0,0.0,1.0
170068,0,1,3400,-69,69,-34,8.0,13,0.54,319008.000000,0,27,8.6,0.0,56896.000000,0,0.0,0.0,0.0,1.0
170317,0,1,3400,-70,70,-37,8.2,13,0.52,431936.000000,0,27,6.4,0.0,0.0,0.0,0.0,0.0,0.0,1.0
170566,0,1,3400,-70,70,-33,9.9,13,0.59,520768.000000,0,27,6.4,0.0,0.0,0.0,0.0,0.0,0.0,1.0
170815,0,1,3400,-70,70,-25,10,13,0.66,574112.000000,0,27,6.5,0.0,0.0,0.0,0.0,0.0,0.0,1.0
171064,0,1,3400,-70,70,-22,9.9,12,0.69,518693.218750,0,27,5.5,0.0,47171.316406,20,0.0,0.0,0.0,1.0
171313,0,1,3400,-71,71,-27,8.2,12,0.60,336352.000000,0,27,0.0,0.0,0.0,0.0,0.0,0.0,0.0,1.0
171562,0,1,3400,-71,71,-27,7.3,12,0.62,375456.000000,0,27,0.0,0.0,0.0,0.0,0.0,0.0,0.0,1.0
171811,0,1,3400,-71,71,-28,7.7,12,0.64,446464.000000,0,27,0.0,0.0,0.0,0.0,0.0,0.0,0.0,1.0
172061,0,1,3400,-71,71,-32,8.0,12,0.67,435072.000000,0,27,1.1,0.0,43552.000000,0,0.0,0.0,0.0,1.0
172310,0,1,3400,-71,71,-25,7.4,12,0.63,423040.000000,0,27,6.4,0.0,0.0,0.0,0.0,0.0,0.0,1.0
172559,0,1,3400,-71,71,-25,12,12,1.2,400800.000000,17,27,6.5,0.0,0.0,0.0,0.0,0.0,0.0,1.0
172808,0,1,3400,-71,71,-25,8.0,12,0.58,438144.000000,0,27,6.5,0.0,0.0,0.0,0.0,0.0,0.0,1.0
173057,0,1,3400,-71,71,-14,8.5,12,0.65,455648.000000,0,27,6.5,0.0,63264.000000,0,0.0,0.0,0.0,1.0
173306,0,1,3400,-71,71,-23,9.3,12,0.77,522752.000000,0,27,8.0,0.0,0.0,0.0,0.0,0.0,0.0,1.0
173555,0,1,3400,-71,71,-22,9.0,12,0.74,490912.000000,0,27,8.0,0.0,0.0,0.0,0.0,0.0,0.0,1.0
173804,0,1,3400,-71,71,-26,10,12,1.5,227360.000000,23,27,8.0,0.0,0.0,0.0,0.0,0.0,0.0,1.0
174053,0,1,3400,-71,71,-34,9.2,12,0.88,391360.000000,4,27,8.1,0.0,54048.000000,10,0.0,0.0,0.0,1.0
174302,0,1,3400,-71,71,-40,7.1,12,0.64,400256.000000,0,27,11,0.0,0.0,0.0,0.0,0.0,0.0,1.0
174551,0,1,3400,-71,71,-35,8.7,12,0.72,508704.000000,0,27,12,0.0,0.0,0.0,0.0,0.0,0.0,1.0
174800,0,1,3400,-71,71,-29,10,12,0.87,571648.000000,0,27,12,0.0,0.0,0.0,0.0,0.0,0.0,1.0
175049,0,1,3400,-71,71,-23,9.9,12,0.67,520128.000000,0,27,11,0.0,62016.000000,0,0.0,0.0,0.0,1.0
175298,0,1,3400,-71,71,-19,7.4,12,0.64,402016.000000,0,27,10,0.0,0.0,0.0,0.0,0.0,0.0,1.0
175547,0,1,3400,-71,71,-24,8.7,12,0.74,486880.000000,0,27,10,0.0,0.0,0.0,0.0,0.0,0.0,1.0
175796,0,1,3400,-71,71,-29,9.3,12,0.73,536960.000000,0,27,10,0.0,0.0,0.0,0.0,0.0,0.0,1.0
176045,0,1,3400,-71,71,-39,8.6,12,0.62,474281.125000,0,27,10,0.0,52112.449219,0,0.0,0.0,0.0,1.0
176294,0,1,3400,-71,71,-31,9.2,12,0.70,492192.000000,0,27,9.0,0.0,0.0,0.0,0.0,0.0,0.0,1.0
176543,0,1,3400,-71,71,-20,9.3,12,0.71,515360.000000,0,27,9.0,0.0,0.0,0.0,0.0,0.0,0.0,1.0
176792,0,1,3400,-71,71,-18,9.9,12,0.81,473952.000000,0,27,8.9,0.0,0.0,0.0,0.0,0.0,0.0,1.0
177041,0,1,3400,-71,71,-23,8.7,12,0.73,467840.000000,0,27,8.4,0.0,34112.000000,0,0.0,0.0,0.0,1.0
177290,0,1,3400,-71,71,-21,7.9,12,0.60,436704.000000,0,27,3.5,0.0,0.0,0.0,0.0,0.0,0.0,1.0
177539,0,1,3400,-71,71,-18,7.6,12,0.58,322932.281250,0,27,3.5,0.0,0.0,0.0,0.0,0.0,0.0,1.0
177788,0,1,3400,-71,71,-30,9.0,12,0.79,521472.000000,0,27,3.5,0.0,0.0,0.0,0.0,0.0,0.0,1.0
178037,0,1,3400,-71,71,-27,8.6,12,0.66,433984.000000,0,27,4.5,0.0,131680.000000,0,0.0,0.0,0.0,1.0
178286,0,1,3400,-71,71,-28,8.0,12,0.68,454342.625000,0,27,8.0,0.0,0.0,0.0,0.0,0.0,0.0,1.0
178535,0,1,3400,-71,71,-22,7.8,12,0.69,390752.000000,0,27,7.9,0.0,0.0,0.0,0.0,0.0,0.0,1.0
178784,0,1,3400,-71,71,-23,8.8,12,0.68,488704.000000,0,27,8.0,0.0,0.0,0.0,0.0,0.0,0.0,1.0
179033,0,1,3400,-70,70,-18,9.2,12,0.63,527360.000000,0,27,7.9,0.0,47552.000000,0,0.0,0.0,0.0,1.0
179282,0,1,3400,-70,70,-22,9.4,13,0.75,542752.000000,0,27,8.0,0.0,0.0,0.0,0.0,0.0,0.0,1.0
179531,0,1,3400,-70,70,-23,9.9,13,0.68,509408.000000,0,27,8.0,0.0,0.0,0.0,0.0,0.0,0.0,1.0
179780,0,1,3400,-70,70,-32,9.2,13,0.59,493440.000000,0,27,8.0,0.0,0.0,0.0,0.0,0.0,0.0,1.0
180029,0,1,3400,-70,70,-38,9.1,13,0.66,485024.000000,0,27,7.8,0.0,43200.000000,0,0.0,0.0,0.0,1.0
180278,0,1,3400,-71,71,-39,8.7,12,0.65,511456.000000,0,27,7.0,0.0,0.0,0.0,0.0,0.0,0.0,1.0
180527,0,1,3400,-71,71,-36,9.8,12,0.70,553248.000000,0,27,7.0,0.0,0.0,0.0,0.0,0.0,0.0,1.0
180776,0,1,3400,-71,71,-30,8.9,12,0.69,424928.000000,0,27,6.9,0.0,0.0,0.0,0.0,0.0,0.0,1.0
181025,0,1,3400,-71,71,-32,8.5,12,0.74,478752.000000,0,27,6.9,0.0,41664.000000,9,0.0,0.0,0.0,1.0
181274,0,1,3400,-71,71,-32,8.4,12,0.71,440224.000000,0,27,6.5,0.0,0.0,0.0,0.0,0.0,0.0,1.0
181523,0,1,3400,-71,71,-19,8.2,12,0.71,484544.000000,0,27,6.5,0.0,0.0,0.0,0.0,0.0,0.0,1.0
181772,0,1,3400,-71,71,-30,8.2,12,0.65,475584.000000,0,27,6.5,0.0,0.0,0.0,0.0,0.0,0.0,1.0
182021,0,1,3400,-71,71,-35,9.7,12,0.88,544704.000000,0,27,6.8,0.0,50016.000000,0,0.0,0.0,0.0,1.0
182270,0,1,3400,-71,71,-28,6.0,12,0.50,308896.000000,0,27,10,0.0,0.0,0.0,0.0,0.0,0.0,1.0
182519,0,1,3400,-71,71,-21,6.0,12,0.50,366912.000000,0,27,10,0.0,0.0,0.0,0.0,0.0,0.0,1.0
182768,0,1,3400,-71,71,-19,5.5,12,0.52,323919.687500,0,27,10,0.0,0.0,0.0,0.0,0.0,0.0,1.0
183017,0,1,3400,-71,71,-23,8.7,12,0.72,495680.000000,0,27,9.1,0.0,33728.000000,18,0.0,0.0,0.0,1.0
183266,0,1,3400,-71,71,-23,10.0,12,0.92,573472.000000,0,27,4.5,0.0,0.0,0.0,0.0,0.0,0.0,1.0
183515,0,1,3400,-71,71,-23,7.0,12,0.54,396096.000000,0,27,4.5,0.0,0.0,0.0,0.0,0.0,0.0,1.0
183764,0,1,3400,-71,71,-18,7.2,12,0.61,422240.000000,0,27,4.5,0.0,0.0,0.0,0.0,0.0,0.0,1.0
184013,0,1,3400,-71,71,-24,6.6,12,0.51,375168.000000,0,27,4.8,0.0,37312.000000,0,0.0,0.0,0.0,1.0
184262,0,1,3400,-71,71,-24,7.3,12,0.61,427824.687500,0,27,5.5,0.0,0.0,0.0,0.0,0.0,0.0,1.0
184511,0,1,3400,-72,72,-23,6.6,12,0.53,380320.000000,0,27,5.5,0.0,0.0,0.0,0.0,0.0,0.0,1.0
184760,0,1,3400,-72,72,-26,6.0,11,0.50,355936.000000,0,27,5.5,0.0,0.0,0.0,0.0,0.0,0.0,1.0
185009,0,1,3400,-72,72,-32,6.0,11,0.50,351232.000000,0,27,5.6,0.0,37312.000000,9,0.0,0.0,0.0,1.0
185258,0,1,3400,-72,72,-31,6.0,11,0.50,357504.000000,0,27,5.5,0.0,0.0,0.0,0.0,0.0,0.0,1.0
185507,0,1,3400,-72,72,-20,6.0,11,0.50,335552.000000,0,27,5.5,0.0,0.0,0.0,0.0,0.0,0.0,1.0
185756,0,1,3400,-72,72,-16,6.0,11,0.50,354368.000000,0,27,5.5,0.0,0.0,0.0,0.0,0.0,0.0,1.0
186005,0,1,3400,-72,72,-12,6.0,11,0.50,365344.000000,0,27,5.7,0.0,47552.000000,0,0.0,0.0,0.0,1.0
186254,0,1,3400,-72,72,-20,6.0,11,0.50,272832.000000,0,27,8.0,0.0,0.0,0.0,0.0,0.0,0.0,1.0
186503,0,1,3400,-72,72,-22,6.0,11,0.51,329280.000000,0,27,8.0,0.0,0.0,0.0,0.0,0.0,0.0,1.0
186752,0,1,3400,-72,72,-19,7.3,12,0.63,417568.000000,0,27,8.0,0.0,0.0,0.0,0.0,0.0,0.0,1.0
187001,0,1,3400,-71,71,-30,6.0,12,0.50,355936.000000,0,27,8.0,581,0.0,0.0,0.0,0.0,0.0,1.0
187250,0,1,3400,-71,71,-37,6.6,12,0.54,383776.000000,0,27,7.8,0.0,62496.000000,0,0.0,0.0,0.0,1.0
187499,0,1,3400,-71,71,-34,7.8,12,0.66,434944.000000,0,27,8.0,0.0,0.0,0.0,0.0,0.0,0.0,1.0
187748,0,1,3400,-71,71,-28,9.0,12,0.71,488063.750000,0,27,7.8,0.0,0.0,0.0,0.0,0.0,0.0,1.0
187997,0,1,3400,-70,70,-31,9.6,12,0.65,476544.000000,0,27,7.3,0.0,31264.000000,7,0.0,0.0,0.0,1.0
188246,0,1,3400,-70,70,-30,9.8,13,0.63,521536.000000,0,27,3.5,0.0,0.0,0.0,0.0,0.0,0.0,1.0
188495,0,1,3400,-70,70,-27,9.9,13,0.59,559456.000000,0,27,3.5,0.0,0.0,0.0,0.0,0.0,0.0,1.0
188744,0,1,3400,-70,70,-26,9.7,13,0.60,552192.000000,0,27,3.5,0.0,0.0,0.0,0.0,0.0,0.0,1.0
188993,0,1,3400,-70,70,-19,9.5,13,0.60,494144.000000,0,27,3.3,0.0,29632.000000,0,0.0,0.0,0.0,1.0
189242,0,1,3400,-70,70,-18,9.8,13,0.58,552996.000000,0,27,3.5,0.0,0.0,0.0,0.0,0.0,0.0,1.0
189491,0,1,3400,-70,70,-27,9.9,13,0.68,568128.000000,0,27,3.5,0.0,0.0,0.0,0.0,0.0,0.0,1.0
189740,0,1,3400,-70,70,-25,9.8,13,0.65,551744.000000,0,27,3.5,0.0,0.0,0.0,0.0,0.0,0.0,1.0
189989,0,1,3400,-70,70,-21,9.6,13,0.55,502816.000000,0,27,3.7,0.0,81440.000000,0,0.0,0.0,0.0,1.0
190238,0,1,3400,-70,70,-23,9.6,13,0.56,516416.000000,0,27,5.5,0.0,0.0,0.0,0.0,0.0,0.0,1.0
190487,0,1,3400,-70,70,-21,9.7,13,0.60,556800.000000,0,27,5.5,0.0,0.0,0.0,0.0,0.0,0.0,1.0
190736,0,1,3400,-70,70,-18,9.8,13,0.63,548589.625000,0,27,5.5,0.0,0.0,0.0,0.0,0.0,0.0,1.0
190985,0,1,3400,-70,70,-14,9.9,13,0.66,562240.000000,0,27,5.8,0.0,44608.000000,0,0.0,0.0,0.0,1.0
191234,0,1,3400,-71,71,-20,9.8,13,0.76,537920.000000,0,27,8.0,0.0,0.0,0.0,0.0,0.0,0.0,1.0
191483,0,1,3400,-71,71,-18,9.5,13,0.74,551904.000000,0,27,8.0,0.0,0.0,0.0,0.0,0.0,0.0,1.0
191732,0,1,3400,-71,71,-21,9.6,12,0.98,401632.000000,4,27,8.0,0.0,0.0,0.0,0.0,0.0,0.0,1.0
191981,0,1,3400,-71,71,-21,7.7,12,0.59,391648.000000,0,27,8.0,0.0,58912.000000,13,0.0,0.0,0.0,1.0
192230,0,1,3400,-72,72,-19,8.2,12,0.79,475360.000000,0,27,9.0,0.0,31616.000000,60,0.0,0.0,0.0,1.0
192479,0,1,3400,-72,72,-14,6.3,12,0.53,360416.000000,0,27,9.0,0.0,0.0,0.0,0.0,0.0,0.0,1.0
192728,0,1,3400,-72,72,-18,9.9,13,0.72,555488.000000,0,27,9.0,0.0,0.0,0.0,0.0,0.0,0.0,1.0
192977,0,1,3400,-71,71,-15,7.4,12,0.63,406016.000000,0,27,8.7,0.0,38048.000000,18,0.0,0.0,0.0,1.0
193226,0,1,3400,-71,71,-23,9.2,12,0.74,519552.000000,0,27,8.0,0.0,18336.000000,0,0.0,0.0,0.0,1.0
193475,0,1,3400,-71,71,-29,9.8,12,0.77,503008.000000,0,27,8.0,0.0,0.0,0.0,0.0,0.0,0.0,1.0
193724,0,1,3400,-71,71,-27,8.6,12,0.67,487264.000000,0,27,8.0,0.0,0.0,0.0,0.0,0.0,0.0,1.0
193973,0,1,3400,-71,71,-26,8.6,12,0.73,472064.000000,0,27,7.7,0.0,134528.000000,0,0.0,0.0,0.0,1.0
194222,0,1,3400,-72,72,-19,7.9,12,0.64,452928.000000,0,27,9.0,0.0,0.0,0.0,0.0,0.0,0.0,1.0
194471,0,1,3400,-72,72,-20,6.0,12,0.51,329280.000000,0,27,9.0,0.0,0.0,0.0,0.0,0.0,0.0,1.0
194720,0,1,3400,-72,72,-20,7.3,12,0.66,393024.000000,0,27,9.0,0.0,0.0,0.0,0.0,0.0,0.0,1.0
194969,0,1,3400,-71,71,-18,7.8,12,0.65,440256.000000,0,27,8.9,0.0,52928.000000,0,0.0,0.0,0.0,1.0
195218,0,1,3400,-71,71,-19,9.9,12,0.88,553024.000000,0,27,8.0,0.0,0.0,0.0,0.0,0.0,0.0,1.0
195467,0,1,3400,-71,71,-22,7.8,12,0.63,359164.656250,0,27,8.0,0.0,0.0,0.0,0.0,0.0,0.0,1.0
195716,0,1,3400,-71,71,-5.3,7.0,12,0.54,352992.000000,0,27,8.0,0.0,0.0,0.0,0.0,0.0,0.0,1.0
195965,0,1,3400,-70,70,-17,9.8,13,0.73,494112.000000,0,27,8.8,0.0,15520.000000,43,0.0,0.0,0.0,1.0
196214,0,1,3400,-70,70,-18,9.8,13,0.65,558816.000000,0,27,10,0.0,19392.000000,0,0.0,0.0,0.0,1.0
196463,0,1,3400,-70,70,-19,9.9,13,0.62,545408.000000,0,27,10,0.0,0.0,0.0,0.0,0.0,0.0,1.0
196712,0,1,3400,-70,70,-22,9.8,13,0.55,524096.000000,0,27,10,0.0,0.0,0.0,0.0,0.0,0.0,1.0
196961,0,1,3400,-70,70,-16,9.8,13,0.66,534496.000000,0,27,11,0.0,58496.000000,0,0.0,0.0,0.0,1.0
197210,0,1,3400,-70,70,-8.1,9.9,13,0.66,537051.812500,0,27,13,0.0,0.0,0.0,0.0,0.0,0.0,1.0
197459,0,1,3400,-70,70,-20,9.7,13,0.67,366944.000000,0,27,13,0.0,0.0,0.0,0.0,0.0,0.0,1.0
197708,0,1,3400,-70,70,-24,10,13,0.74,575520.000000,0,27,13,0.0,0.0,0.0,0.0,0.0,0.0,1.0
197957,0,1,3400,-70,70,-20,9.9,13,0.70,521952.000000,0,27,12,0.0,40064.000000,0,0.0,0.0,0.0,1.0
198206,0,1,3400,-71,71,-23,9.7,13,0.80,450176.000000,0,27,10,0.0,0.0,0.0,0.0,0.0,0.0,1.0
198455,0,1,3400,-71,71,-27,9.9,13,0.81,572192.000000,0,27,10,0.0,0.0,0.0,0.0,0.0,0.0,1.0
198704,0,1,3400,-71,71,-29,9.9,13,0.83,558048.000000,0,27,10,0.0,0.0,0.0,0.0,0.0,0.0,1.0
198953,0,1,3400,-71,71,-26,9.0,12,0.68,478144.000000,0,27,10,0.0,59680.000000,10,0.0,0.0,0.0,1.0
199202,0,1,3400,-71,71,-27,8.4,12,0.64,438048.000000,0,27,12,0.0,0.0,0.0,0.0,0.0,0.0,1.0
199451,0,1,3400,-71,71,-27,9.0,12,0.63,491537.843750,0,27,12,0.0,0.0,0.0,0.0,0.0,0.0,1.0
199700,0,1,3400,-71,71,-23,9.0,12,0.78,501504.000000,0,27,12,0.0,0.0,0.0,0.0,0.0,0.0,1.0
199949,0,1,3400,-71,71,-23,7.9,12,0.60,435360.000000,0,27,12,0.0,50176.000000,0,0.0,0.0,0.0,1.0
200198,0,1,3400,-71,71,-25,8.4,12,0.58,486560.000000,0,27,13,0.0,0.0,0.0,0.0,0.0,0.0,1.0
200447,0,1,3400,-72,72,-26,7.3,12,0.58,426272.000000,0,27,13,0.0,0.0,0.0,0.0,0.0,0.0,1.0
200696,0,1,3400,-72,72,-27,6.0,11,0.50,346528.000000,0,27,13,0.0,0.0,0.0,0.0,0.0,0.0,1.0
200945,0,1,3400,-72,72,-24,6.0,11,0.51,348096.000000,0,27,13,0.0,45184.000000,12,0.0,0.0,0.0,1.0
201194,0,1,3400,-72,72,-21,5.6,11,0.52,340320.000000,0,27,12,0.0,0.0,0.0,0.0,0.0,0.0,1.0
201443,0,1,3400,-73,73,-22,5.8,11,0.51,353248.000000,0,27,12,0.0,0.0,0.0,0.0,0.0,0.0,1.0
201692,0,1,3400,-73,73,-20,5.7,10,0.52,287325.312500,0,27,12,0.0,0.0,0.0,0.0,0.0,0.0,1.0
201941,0,1,3400,-73,73,-23,5.7,11,0.54,314944.000000,0,27,11,0.0,38080.000000,0,0.0,0.0,0.0,1.0
202190,0,1,3400,-73,73,-23,6.0,11,0.54,360640.000000,0,27,5.5,0.0,0.0,0.0,0.0,0.0,0.0,1.0
202439,0,1,3400,-73,73,-19,5.7,10,0.51,341536.000000,0,27,5.5,0.0,0.0,0.0,0.0,0.0,0.0,1.0
202688,0,1,3400,-73,73,-14,5.7,10,0.52,341536.000000,0,27,5.4,0.0,0.0,0.0,0.0,0.0,0.0,1.0
202937,0,1,3400,-73,73,-21,5.4,10,0.52,264512.000000,0,27,5.9,0.0,40064.000000,0,0.0,0.0,0.0,1.0
203186,0,1,3400,-73,73,-29,5.7,10,0.54,342624.000000,0,27,9.0,0.0,0.0,0.0,0.0,0.0,0.0,1.0
203435,0,1,3400,-74,74,-23,5.4,10,0.58,325632.000000,0,27,9.0,0.0,0.0,0.0,0.0,0.0,0.0,1.0
203684,0,1,3400,-74,74,-22,4.5,9.7,0.52,266422.312500,0,27,8.9,0.0,0.0,0.0,0.0,0.0,0.0,1.0
203933,0,1,3400,-74,74,-25,5.3,10,0.52,230880.000000,0,27,9.3,0.0,31328.000000,17,0.0,0.0,0.0,1.0
204182,0,1,3400,-74,74,-25,6.0,11,0.53,338688.000000,0,27,12,0.0,47744.000000,60,0.0,0.0,0.0,1.0
204431,0,1,3400,-74,74,-20,6.0,10,0.55,355936.000000,0,27,12,0.0,0.0,0.0,0.0,0.0,0.0,1.0
204680,0,1,3400,-74,74,-25,5.1,9.7,0.58,299968.000000,0,27,12,0.0,0.0,0.0,0.0,0.0,0.0,1.0
204929,0,1,3400,-74,74,-30,4.3,9.5,0.54,243904.000000,0,27,11,0.0,40640.000000,0,0.0,0.0,0.0,1.0
205178,0,1,3400,-74,74,-19,4.1,9.3,0.52,232448.000000,0.4,27,11,0.0,0.0,0.0,0.0,0.0,0.0,1.0
205427,0,1,3400,-74,74,-23,4.0,9.1,0.53,228352.000000,0,27,11,0.0,0.0,0.0,0.0,0.0,0.0,1.0
205676,0,1,3400,-75,75,-26,4.0,8.7,0.55,237568.000000,0,27,11,0.0,0.0,0.0,0.0,0.0,0.0,1.0
205925,0,1,3400,-75,75,-30,3.0,8.4,0.53,203712.000000,0,27,10,0.0,40064.000000,0,0.0,0.0,0.0,1.0
206174,0,1,3400,-75,75,-25,3.5,8.3,0.60,209280.000000,0,27,9.0,0.0,0.0,0.0,0.0,0.0,0.0,1.0
206423,0,1,3400,-75,75,-18,3.8,8.0,0.62,164992.000000,0,27,9.1,0.0,0.0,0.0,0.0,0.0,0.0,1.0
206672,0,1,3400,-75,75,-18,1.0,7.3,0.51,133056.000000,0,27,9.1,0.0,0.0,0.0,0.0,0.0,0.0,1.0
206921,0,1,3400,-75,75,-30,1.0,7.2,0.51,133184.000000,0,27,9.0,0.0,69216.000000,0,0.0,0.0,0.0,1.0
207170,0,1,3400,-76,76,-25,1.8,6.9,0.54,221440.000000,0,27,11,0.0,0.0,0.0,0.0,0.0,0.0,1.0
207419,0,1,3400,-76,76,-24,1.7,6.6,0.55,200160.000000,0,27,11,0.0,0.0,0.0,0.0,0.0,0.0,1.0
207668,0,1,3400,-76,76,-15,1.8,6.6,0.57,221856.000000,0,27,11,0.0,0.0,0.0,0.0,0.0,0.0,1.0
207917,0,1,3400,-76,76,-21,1.8,6.5,0.57,220000.000000,0,27,11,0.0,66368.000000,0,0.0,0.0,0.0,1.0
208166,0,1,3400,-76,76,-25,1.9,6.7,0.59,224289.156250,0,27,14,0.0,0.0,0.0,0.0,0.0,0.0,1.0
208415,0,1,3400,-76,76,-35,2.0,6.8,0.59,241472.000000,0,27,14,0.0,0.0,0.0,0.0,0.0,0.0,1.0
208664,0,1,3400,-76,76,-40,9.7,6.8,1.7,137024.000000,36,27,14,0.0,0.0,0,0.0,0.0,0.0,1.0
208913,0,1,3400,-76,76,-32,1.8,6.7,0.56,227328.000000,0,27,14,0.0,41952.000000,0,0.0,0.0,0.0,1.0
209162,0,1,3400,-76,76,-31,1.5,6.8,0.58,212192.000000,0,27,5.6,0.0,0.0,0.0,0.0,0.0,0.0,1.0
209411,0,1,3400,-76,76,-20,1.8,7.1,0.52,229152.000000,0,27,5.6,0.0,0.0,0.0,0.0,0.0,0.0,1.0
209660,0,1,3400,-76,76,-17,1.8,7.2,0.55,229896.421875,0,27,5.6,0.0,0.0,0.0,0.0,0.0,0.0,1.0
209909,0,1,3400,-75,75,-29,2.1,7.2,0.56,211424.000000,0,27,5.3,0.0,45408.000000,0,0.0,0.0,0.0,1.0
210158,0,1,3400,-75,75,-32,5.0,7.4,1.0,176096.000000,12,27,4.8,0.0,0.0,0.0,0.0,0.0,0.0,1.0
210407,0,1,3400,-75,75,-32,10.0,7.6,1.6,170932.265625,33,27,4.6,0.0,0.0,0.0,0.0,0.0,0.0,1.0
210656,0,1,3400,-75,75,-28,2.4,7.6,0.54,267232.000000,0,27,4.6,0.0,0.0,0.0,0.0,0.0,0.0,1.0
210905,0,1,3400,-75,75,-19,1.8,7.3,0.52,225856.000000,0.4,27,11,0.0,27328.000000,15,0.0,0.0,0.0,1.0
211154,0,1,3400,-75,75,-24,4.0,7.7,1.5,204032.000000,24,27,14,0.0,4000.000000,0,0.0,0.0,0.0,1.0
211403,0,1,3400,-75,75,-42,2.4,7.6,0.54,243744.000000,0,27,14,0.0,0.0,0.0,0.0,0.0,0.0,1.0
211652,0,1,3400,-75,75,-43,1.9,7.5,0.52,124032.000000,0,27,14,0.0,0.0,0.0,0.0,0.0,0.0,1.0
211901,0,1,3400,-75,75,-40,5.8,7.5,1.6,114944.000000,38,27,14,0.0,0.0,0.0,0.0,0.0,0.0,1.0
212150,0,1,3400,-75,75,-37,5.5,8.1,1.6,170912.000000,23,27,14,295,0.0,0,0.0,0.0,0.0,1.0
212399,0,1,3400,-74,74,-24,3.5,8.5,0.53,289952.000000,0,27,14,0.0,48960.000000,0,0.0,0.0,0.0,1.0
212648,0,1,3400,-74,74,-23,3.6,8.6,0.52,226592.000000,0,27,14,0.0,0.0,0.0,0.0,0.0,0.0,1.0
212897,0,1,3400,-74,74,-28,3.9,8.6,0.53,367648.000000,0,27,14,0.0,37312.000000,0,0.0,0.0,0.0,1.0
213146,0,1,3400,-74,74,-29,2.9,8.1,0.55,280608.000000,0.4,27,12,0.0,3872.000000,0,0.0,0.0,0.0,1.0
213395,0,1,3400,-74,74,-22,3.8,8.7,0.53,342848.000000,0,27,14,0.0,0.0,0.0,0.0,0.0,0.0,1.0
213644,0,1,3400,-74,74,-28,3.8,8.6,0.53,363488.000000,0,27,14,0.0,0.0,0.0,0.0,0.0,0.0,1.0
213893,0,1,3400,-74,74,-26,3.2,8.3,0.51,311168.000000,0,27,14,0.0,37312.000000,0,0.0,0.0,0.0,1.0
214142,0,1,3400,-74,74,-23,3.5,8.3,0.55,312544.000000,0,27,8.0,0.0,0.0,0.0,0.0,0.0,0.0,1.0
214391,0,1,3400,-74,74,-21,4.2,8.3,0.78,348594.375000,2,27,8.0,0.0,0.0,0.0,0.0,0.0,0.0,1.0
214640,0,1,3400,-74,74,-29,2.9,8.0,0.54,177568.000000,0,27,8.1,0.0,0.0,0.0,0.0,0.0,0.0,1.0
214889,0,1,3400,-75,75,-35,2.1,7.8,0.53,223456.000000,0,27,8.0,581,0.0,0.0,0.0,0.0,0.0,1.0
215138,0,1,3400,-75,75,-23,2.1,7.7,0.51,211008.000000,0,27,6.5,0.0,41664.000000,0,0.0,0.0,0.0,1.0
215387,0,1,3400,-75,75,-27,1.9,7.5,0.51,216192.000000,0,27,6.7,0.0,0.0,0.0,0.0,0.0,0.0,1.0
215636,0,1,3400,-75,75,-31,2.9,7.9,0.56,284160.000000,0,27,6.6,0.0,0.0,0.0,0.0,0.0,0.0,1.0
215885,0,1,3400,-75,75,-33,2.4,7.8,0.53,251744.000000,0,27,7.0,0.0,49056.000000,0,0.0,0.0,0.0,1.0
216134,0,1,3400,-74,74,-33,2.8,7.8,0.55,303744.000000,0,27,9.1,0.0,0.0,80,0.0,0.0,0.0,1.0
216383,0,1,3400,-74,74,-27,2.3,8.2,0.52,266336.000000,0,27,10,0.0,0.0,0.0,0.0,0.0,0.0,1.0
216632,0,1,3400,-74,74,-26,2.9,8.2,0.52,303616.000000,0,27,10,0.0,0.0,0.0,0.0,0.0,0.0,1.0
216881,0,1,3400,-75,75,-19,2.5,7.9,0.52,268653.375000,0,27,9.2,0.0,34231.074219,0,0.0,0.0,0.0,1.0
217130,0,1,3400,-75,75,-23,11,7.7,2.6,73856.000000,66,27,7.0,0.0,0.0,0.0,0.0,0.0,0.0,1.0
217379,0,1,3400,-75,75,-17,1.8,7.3,0.51,188768.000000,0,27,7.1,0.0,0.0,0.0,0.0,0.0,0.0,1.0
217628,0,1,3400,-75,75,-18,1.8,7.0,0.51,209848.609375,0,27,12,0.0,3856.573730,33,0.0,0.0,0.0,1.0
217877,0,1,3400,-75,75,-18,1.8,6.9,0.53,211488.000000,0,27,12,0.0,40800.000000,6,0.0,0.0,0.0,1.0
218126,0,1,3400,-76,76,-29,2.4,6.8,0.67,277664.000000,0,27,3.0,0.0,5952.000000,25,0.0,0.0,0.0,1.0
218375,0,1,3400,-76,76,-25,1.8,6.6,0.56,227744.000000,0,27,3.1,0.0,0.0,0.0,0.0,0.0,0.0,1.0
218624,0,1,3400,-76,76,-22,1.8,6.7,0.55,222464.000000,0,27,3.1,0.0,0.0,0.0,0.0,0.0,0.0,1.0
218873,0,1,3400,-76,76,-23,1.8,7.3,0.52,209728.000000,0,27,3.0,0.0,34880.000000,0,0.0,0.0,0.0,1.0
219122,0,1,3400,-75,75,-31,2.1,7.5,0.53,254080.000000,0,27,8.1,0.0,3872.000000,0,0.0,0.0,0.0,1.0
219371,0,1,3400,-75,75,-36,1.8,7.6,0.51,227552.000000,0,27,10,0.0,0.0,0.0,0.0,0.0,0.0,1.0
219620,0,1,3400,-75,75,-34,1.8,7.2,0.51,233472.000000,0,27,10,0.0,0.0,0.0,0.0,0.0,0.0,1.0
219869,0,1,3400,-75,75,-43,1.8,7.0,0.54,224352.000000,0,27,11,581,3872.000000,0,0.0,0.0,0.0,1.0
220118,0,1,3400,-76,76,-42,1.2,6.6,0.54,193728.000000,0,27,2.3,0.0,39328.000000,20,0.0,0.0,0.0,1.0
220367,0,1,3400,-76,76,-38,1.8,6.7,0.56,203328.000000,0,27,2.2,0.0,0.0,0.0,0.0,0.0,0.0,1.0
220616,0,1,3400,-76,76,-34,1.8,6.7,0.55,208448.000000,0,27,2.2,0.0,0.0,0.0,0.0,0.0,0.0,1.0
220865,0,1,3400,-76,76,-31,1.8,6.6,0.53,194880.000000,0,27,2.2,0.0,26368.000000,19,0.0,0.0,0.0,1.0
221114,0,1,3400,-76,76,-33,1.2,6.4,0.57,193767.062500,0,27,3.2,0.0,8546.184570,60,0.0,0.0,0.0,1.0
221363,0,1,3400,-76,76,-38,1.8,6.6,0.61,215584.000000,0,27,3.1,0.0,0.0,0.0,0.0,0.0,0.0,1.0
221612,0,1,3400,-76,76,-29,1.8,6.8,0.57,221984.000000,0,27,3.1,0.0,0.0,0.0,0.0,0.0,0.0,1.0
221861,0,1,3400,-75,75,-32,1.8,6.9,0.54,224864.000000,0,27,6.6,581,1504.000000,33,0.0,0.0,0.0,1.0
222110,0,1,3400,-75,75,-28,2.4,7.2,0.60,259072.000000,0,27,4.0,0.0,43936.000000,10,0.0,0.0,0.0,1.0
222359,0,1,3400,-75,75,-35,2.1,7.5,0.55,254592.000000,0,27,4.5,0.0,3872.000000,0,0.0,0.0,0.0,1.0
222608,0,1,3400,-75,75,-42,1.8,7.5,0.51,227200.000000,0,27,10,0.0,0.0,0.0,0.0,0.0,0.0,1.0
222857,0,1,3400,-75,75,-41,1.7,7.6,0.51,215040.000000,0,27,10,0.0,33760.000000,0,0.0,0.0,0.0,1.0
223106,0,1,3400,-75,75,-39,1.5,7.5,0.51,217536.000000,0,27,10,0.0,0.0,0.0,0.0,0.0,0.0,1.0
223355,0,1,3400,-75,75,-31,1.8,7.1,0.51,169019.921875,0,27,14,0.0,892,0,0.0,0.0,0.0,1.0
223604,0,1,3400,-75,75,-23,1.8,7.6,0.51,229152.000000,0,27,15,0.0,0.0,0.0,0.0,0.0,0.0,1.0
223853,0,1,3400,-75,75,-20,2.1,7.7,0.53,210848.000000,0,27,15,581,0.0,0.0,0.0,0.0,0.0,1.0
224102,0,1,3400,-74,74,-18,19,7.7,2.8,43616.000000,76,27,9.5,0.0,17120.000000,62,0.0,0.0,0.0,1.0
224351,0,1,3400,-74,74,-25,13,7.9,2.1,110304.000000,41,27,9.5,0.0,0.0,0.0,0.0,0.0,0.0,1.0
224600,0,1,3400,-74,74,-25,2.4,7.9,0.51,265856.000000,0,27,9.5,0.0,0.0,0.0,0.0,0.0,0.0,1.0
224849,0,1,3400,-75,75,-35,2.5,7.8,0.54,263680.000000,0,27,8.2,0.0,21088.000000,0,0.0,0.0,0.0,1.0
225098,0,1,3400,-75,75,-29,14,7.7,4.0,0.0,100.000000,27,1.0,0.0,13248.000000,12,0.0,0.0,0.0,1.0
225347,0,1,3400,-75,75,-31,14,7.4,4.0,7680.000000,99,27,1.1,0.0,0.0,0.0,0.0,0.0,0.0,1.0
225596,0,1,3400,-75,75,-23,14,7.5,4.0,0.0,100.000000,27,1.1,0.0,0.0,0.0,0.0,0.0,0.0,1.0
225845,0,1,3400,-75,75,-27,9.8,7.7,2.9,82358.562500,62,27,1.0,0.0,0.0,0.0,0.0,0.0,0.0,1.0
226094,0,1,3400,-74,74,-23,14,7.8,2.9,79362.546875,71,27,1.0,0.0,35856.574219,12,0.0,0.0,0.0,1.0
226343,0,1,3400,-74,74,-27,19,8.0,4.0,0.0,100.000000,27,1.1,0.0,0.0,0.0,0.0,0.0,0.0,1.0
226592,0,1,3400,-74,74,-25,20,8.3,4.0,0.0,100.000000,27,1.1,0.0,0.0,0.0,0.0,0.0,0.0,1.0
226841,0,1,3400,-74,74,-39,19,8.0,4.0,0.0,100.000000,27,1.1,0.0,0.0,0.0,0.0,0.0,0.0,1.0
227090,0,1,3400,-74,74,-40,19,7.9,4.0,0.0,100.000000,27,1.1,0.0,0.0,0.0,0.0,0.0,0.0,1.0
227339,0,1,3400,-74,74,-47,18,8.3,3.8,4896.000000,97,27,1.1,0.0,0.0,0.0,0.0,0.0,0.0,1.0
227588,0,1,3400,-74,74,-43,17,8.4,3.7,10634.538086,94,27,1.0,0.0,0.0,0.0,0.0,0.0,0.0,1.0
227837,0,1,3400,-74,74,-31,17,8.7,3.8,8320.000000,96,27,1.0,0.0,0.0,0.0,0.0,0.0,0.0,1.0
228086,0,1,3400,-74,74,-29,18,8.8,3.8,12224.000000,95,27,1.1,0.0,0.0,0.0,0.0,0.0,0.0,1.0
228335,0,1,3400,-74,74,-29,18,7.9,3.7,10112.000000,95,27,1.0,0.0,0.0,0.0,0.0,0.0,0.0,1.0
228584,0,1,3400,-74,74,-28,18,8.2,3.9,5152.000000,97,27,1.2,0.0,0.0,0.0,0.0,0.0,0.0,1.0
228833,0,1,3400,-74,74,-24,15,8.3,3.3,42048.000000,72,27,1.0,0.0,0.0,0.0,0.0,0.0,0.0,1.0
229082,0,1,3400,-74,74,-22,11,8.3,2.3,120096.000000,53,27,0.53,0.0,50816.000000,4,0.0,0.0,0.0,1.0
229331,0,1,3400,-74,74,-25,16,8.1,3.8,3296.000000,97,27,0.048,0.0,0.0,0.0,0.0,0.0,0.0,1.0
229580,0,1,3400,-74,74,-41,15,8.4,3.6,11584.000000,93,27,0.048,0.0,0.0,0.0,0.0,0.0,0.0,1.0
229829,0,1,3400,-74,74,-34,16,8.0,3.8,10071.712891,96,27,0.048,0.0,0.0,0.0,0.0,0.0,0.0,1.0
230078,0,1,3400,-74,74,-35,16,8.1,3.8,6592.000000,96,27,0.048,0.0,0.0,0.0,0.0,0.0,0.0,1.0
230327,0,1,3400,-74,74,-29,9.0,8.3,2.3,98880.000000,38,27,0.18,227,3136.000000,0,0.0,0.0,0.0,1.0
230576,0,1,3400,-74,74,-28,7.9,8.4,2.7,223488.000000,53,27,0.23,0.0,52704.000000,8,0.0,0.0,0.0,1.0
230825,0,1,3400,-74,74,-29,5.9,8.4,1.2,407584.000000,14,27,3.2,0.0,23392.000000,6,0.0,0.0,0.0,1.0
231074,0,1,3400,-74,74,-21,2.9,8.2,0.53,307968.000000,0,27,0.15,0.0,12000.000000,11,0.0,0.0,0.0,1.0
231323,0,1,3400,-74,74,-29,3.3,8.0,0.56,298752.000000,0,27,0.14,0.0,0.0,0.0,0.0,0.0,0.0,1.0
231572,0,1,3400,-74,74,-31,3.4,8.5,0.52,345696.000000,0,27,0.0,0.0,0.0,0.0,0.0,0.0,0.0,1.0
231821,0,1,3400,-74,74,-31,3.9,8.4,0.55,351904.000000,0,27,0.0080,0.0,18272.000000,0,0.0,0.0,0.0,1.0
232070,0,1,3400,-74,74,-29,28,8.3,4.0,0.0,100.000000,27,0.0080,0.0,17056.000000,19,0.0,0.0,0.0,1.0
232319,0,1,3400,-74,74,-29,27,8.0,4.0,1888.000000,99,27,0.0,0.0,0.0,0.0,0.0,0.0,0.0,1.0
232568,0,1,3400,-74,74,-26,27,8.0,4.0,0.0,100.000000,27,0.048,0.0,0.0,0.0,0.0,0.0,0.0,1.0
232817,0,1,3400,-74,74,-25,27,8.3,4.0,0.0,100.000000,27,0.0,0.0,0.0,0.0,0.0,0.0,0.0,1.0
233066,0,1,3400,-74,74,-17,25,8.5,3.8,18976.000000,88,27,0.048,0.0,0.0,0.0,0.0,0.0,0.0,1.0
233315,0,1,3400,-74,74,-21,5.0,8.7,0.68,395104.000000,1,27,0.30,0.0,32320.000000,8,0.0,0.0,0.0,1.0
233564,0,1,3400,-74,74,-28,22,8.3,3.2,105381.523438,62,27,1.0,0.0,0.0,0.0,0.0,0.0,0.0,1.0
233813,0,1,3400,-74,74,-26,27,8.4,4.0,0.0,100.000000,27,1.0,0.0,0.0,0.0,0.0,0.0,0.0,1.0
234062,0,1,3400,-74,74,-28,26,8.1,3.8,6489.959961,94,27,1.0,0.0,0.0,0.0,0.0,0.0,0.0,1.0
234311,0,1,3400,-74,74,-26,26,8.3,3.9,2752.000000,97,27,1.0,0.0,0.0,0.0,0.0,0.0,0.0,1.0
234560,0,1,3400,-74,74,-24,27,8.2,3.9,1306.772949,99,27,1.1,0.0,0.0,0.0,0.0,0.0,0.0,1.0
234809,0,1,3400,-74,74,-26,5.0,8.2,0.79,262304.000000,1,27,0.42,1119.000000,0.0,80,0.0,0.0,0.0,1.0
235058,0,1,3400,-74,74,-29,3.2,8.5,0.53,314208.000000,0,27,1.0,0.0,46976.000000,8,0.0,0.0,0.0,1.0
235307,0,1,3400,-74,74,-27,1.7,8.7,0.51,215360.000000,0,27,1.2,0.0,0.0,0.0,0.0,0.0,0.0,1.0
235556,0,1,3400,-74,74,-13,2.9,8.2,0.52,284736.000000,0,27,1.1,0.0,0.0,0.0,0.0,0.0,0.0,1.0
235805,0,1,3400,-74,74,-22,3.5,8.4,0.53,330208.000000,0,27,0.94,0.0,17248.000000,0,0.0,0.0,0.0,1.0
236054,0,1,3400,-74,74,-26,3.1,8.0,0.91,224384.000000,10,27,2.5,0.0,19360.000000,7,0.0,0.0,0.0,1.0
236303,0,1,3400,-74,74,-23,2.6,8.1,0.52,263200.000000,0,27,8.2,0.0,0.0,0.0,0.0,0.0,0.0,1.0
236552,0,1,3400,-74,74,-25,15,7.8,2.2,178772.906250,48,27,8.3,0.0,0.0,0.0,0.0,0.0,0.0,1.0
236801,0,1,3400,-75,75,-13,2.0,8.0,0.52,201920.000000,0.5,27,8.4,0.0,17248.000000,6,0.0,0.0,0.0,1.0
237050,0,1,3400,-75,75,-15,9.5,8.2,3.3,261056.000000,65,27,0.97,0.0,15488.000000,0,0.0,0.0,0.0,1.0
237299,0,1,3400,-75,75,-25,3.5,7.9,0.82,317920.000000,6,27,1.0,0.0,0.0,0.0,0.0,0.0,0.0,1.0
237548,0,1,3400,-75,75,-25,2.6,7.7,0.57,289760.000000,0,27,1.0,0.0,0.0,0.0,0.0,0.0,0.0,1.0
237797,0,1,3400,-75,75,-21,2.5,7.6,0.59,266016.000000,0,27,1.1,0.0,20320.000000,0,0.0,0.0,0.0,1.0
238046,0,1,3400,-75,75,-20,2.1,7.2,0.55,257728.000000,0,27,0.99,0.0,4160.000000,0,0.0,0.0,0.0,1.0
238295,0,1,3400,-76,76,-20,1.8,6.9,0.53,236256.000000,0,27,0.99,0.0,0.0,0.0,0.0,0.0,0.0,1.0
238544,0,1,3400,-76,76,-13,1.8,6.7,0.55,229440.000000,0,27,0.98,0.0,0.0,0.0,0.0,0.0,0.0,1.0
238793,0,1,3400,-76,76,-17,1.8,6.6,0.55,208416.000000,0.4,27,0.99,0.0,16160.000000,12,0.0,0.0,0.0,1.0
239042,0,1,3400,-76,76,-24,18,6.8,4.0,0.0,100.000000,27,0.98,0.0,14528.000000,9,0.0,0.0,0.0,1.0
239291,0,1,3400,-76,76,-23,15,7.1,4.0,0.0,100.000000,27,1.0,0.0,0.0,0.0,0.0,0.0,0.0,1.0
239540,0,1,3400,-76,76,-38,14,6.7,4.0,7680.000000,99,27,1.0,0.0,0.0,0.0,0.0,0.0,0.0,1.0
239789,0,1,3400,-76,76,-38,14,6.8,4.0,1510.040161,100,27,1.0,0.0,0.0,0.0,0.0,0.0,0.0,1.0
240038,0,1,3400,-76,76,-38,14,7.2,4.0,6176.000000,100,27,0.99,0.0,0.0,0.0,0.0,0.0,0.0,1.0
240287,0,1,3400,-76,76,-39,14,6.8,4.0,6912.000000,99,27,0.99,0.0,0.0,0.0,0.0,0.0,0.0,1.0
240536,0,1,3400,-76,76,-33,5.2,6.7,1.6,129344.000000,29,27,0.98,581,0.0,0.0,0.0,0.0,0.0,1.0
240785,0,1,3400,-76,76,-30,13,6.8,3.0,117632.000000,69,27,1.7,0.0,39200.000000,8,0.0,0.0,0.0,1.0
241034,0,1,3400,-76,76,-28,18,6.8,4.0,0.0,100.000000,27,2.0,0.0,0.0,0.0,0.0,0.0,0.0,1.0
241283,0,1,3400,-76,76,-28,18,6.9,4.0,0.0,100.000000,27,2.0,0.0,0.0,0.0,0.0,0.0,0.0,1.0
241532,0,1,3400,-76,76,-29,18,6.8,4.0,0.0,100.000000,27,2.0,0.0,0.0,0.0,0.0,0.0,0.0,1.0
241781,0,1,3400,-75,75,-39,18,6.6,4.0,704,100,27,2.0,0.0,0.0,0.0,0.0,0.0,0.0,1.0
242030,0,1,3400,-75,75,-27,15,7.2,3.5,23488.000000,87,27,2.0,0.0,0.0,0.0,0.0,0.0,0.0,1.0
242279,0,1,3400,-75,75,-28,8.0,7.4,1.3,156576.000000,24,27,1.8,0.0,53216.000000,21,0.0,0.0,0.0,1.0
242528,0,1,3400,-75,75,-16,27,7.5,4.0,0.0,100.000000,27,2.0,0.0,0.0,0.0,0.0,0.0,0.0,1.0
242777,0,1,3400,-75,75,-12,27,7.3,4.0,0.0,100.000000,27,2.0,0.0,0.0,0.0,0.0,0.0,0.0,1.0
243026,0,1,3400,-75,75,-15,14,7.4,2.3,146836.656250,22,27,2.0,0.0,23649.402344,12,0.0,0.0,0.0,1.0
243275,0,1,3400,-75,75,-27,2.3,7.4,0.58,274496.000000,0,27,4.2,0.0,3872.000000,0,0.0,0.0,0.0,1.0
243524,0,1,3400,-75,75,-25,2.0,7.4,0.54,253888.000000,0,27,9.5,0.0,0.0,0.0,0.0,0.0,0.0,1.0
243773,0,1,3400,-75,75,-24,1.9,7.3,0.52,229088.000000,0,27,9.4,0.0,24032.000000,0,0.0,0.0,0.0,1.0
244022,0,1,3400,-75,75,-31,1.8,7.5,0.51,236448.000000,0,27,9.5,0.0,4160.000000,33,0.0,0.0,0.0,1.0
244271,0,1,3400,-75,75,-27,1.8,7.5,0.51,234656.000000,0,27,9.5,0.0,0.0,0.0,0.0,0.0,0.0,1.0
244520,0,1,3400,-75,75,-23,1.8,7.5,0.51,236096.000000,0,27,9.5,0.0,0.0,0.0,0.0,0.0,0.0,1.0
244769,0,1,3400,-75,75,-8.3,1.8,7.5,0.51,224127.484375,0,27,8.4,0.0,26071.712891,6,0.0,0.0,0.0,1.0
245018,0,1,3400,-75,75,-13,1.8,7.5,0.52,231168.000000,0,27,0.016,0.0,11456.000000,23,0.0,0.0,0.0,1.0
245267,0,1,3400,-75,75,-31,2.1,7.5,0.55,257312.000000,0,27,0.0,0.0,0.0,0.0,0.0,0.0,0.0,1.0
245516,0,1,3400,-75,75,-27,1.8,7.2,0.51,235296.000000,0,27,0.0,0.0,0.0,0.0,0.0,0.0,0.0,1.0
245765,0,1,3400,-75,75,-26,1.8,7.3,0.52,223520.000000,0,27,0.11,0.0,27488.000000,0,0.0,0.0,0.0,1.0
246014,0,1,3400,-75,75,-36,1.5,7.1,0.50,219968.000000,0,27,0.98,0.0,7776.000000,25,0.0,0.0,0.0,1.0
246263,0,1,3400,-75,75,-22,1.8,7.3,0.53,236480.000000,0.4,27,0.99,0.0,0.0,0.0,0.0,0.0,0.0,1.0
246512,0,1,3400,-75,75,-18,2.1,7.7,0.52,257831.328125,0,27,0.98,0.0,0.0,0.0,0.0,0.0,0.0,1.0
246761,0,1,3400,-75,75,-16,1.8,7.4,0.51,223552.000000,0,27,0.96,0.0,21408.000000,12,0.0,0.0,0.0,1.0
247010,0,1,3400,-75,75,-17,19,7.4,4.0,19456.000000,98,27,0.99,0.0,5856.000000,25,0.0,0.0,0.0,1.0
247259,0,1,3400,-75,75,-14,12,7.3,3.9,32064.000000,96,27,0.98,0.0,0.0,0.0,0.0,0.0,0.0,1.0
247508,0,1,3400,-75,75,-11,2.7,7.4,0.84,226048.000000,8,27,1.0,0.0,0.0,0.0,0.0,0.0,0.0,1.0
247757,0,1,3400,-75,75,-24,1.8,7.1,0.54,223776.000000,0,27,1.0,0.0,19872.000000,12,0.0,0.0,0.0,1.0
248006,0,1,3400,-75,75,-25,1.8,7.0,0.55,235872.000000,0,27,2.0,0.0,11008.000000,0,0.0,0.0,0.0,1.0
248255,0,1,3400,-76,76,-21,1.8,6.8,0.57,229760.000000,0,27,2.0,0.0,0.0,0.0,0.0,0.0,0.0,1.0
248504,0,1,3400,-76,76,-29,1.8,6.8,0.54,231648.000000,0,27,2.0,0.0,0.0,0.0,0.0,0.0,0.0,1.0
248753,0,1,3400,-75,75,-25,1.8,7.3,0.51,209024.000000,0,27,2.0,0.0,19552.000000,8,0.0,0.0,0.0,1.0
249002,0,1,3400,-75,75,-24,2.1,7.3,0.53,250720.000000,0,27,1.9,0.0,11552.000000,40,0.0,0.0,0.0,1.0
249251,0,1,3400,-75,75,-23,1.8,7.4,0.50,229376.000000,0,27,2.0,0.0,0.0,0.0,0.0,0.0,0.0,1.0
249500,0,1,3400,-75,75,-17,2.4,7.5,0.57,254725.093750,0,27,2.0,0.0,0.0,0.0,0.0,0.0,0.0,1.0
249749,0,1,3400,-75,75,-19,2.1,7.7,0.54,233376.000000,0,27,2.0,0.0,42720.000000,0,0.0,0.0,0.0,1.0
249998,0,1,3400,-75,75,-30,1.8,7.4,0.51,222496.000000,0,27,1.9,0.0,0.0,0.0,0.0,0.0,0.0,1.0
250247,0,1,3400,-75,75,-29,3.4,7.5,0.70,359552.000000,0,27,2.0,0.0,0.0,0.0,0.0,0.0,0.0,1.0
250496,0,1,3400,-75,75,-35,2.1,7.6,0.55,261344.000000,0,27,2.0,0.0,0.0,0.0,0.0,0.0,0.0,1.0
250745,0,1,3400,-75,75,-25,2.1,7.5,0.53,237920.000000,0,27,4.1,0.0,44960.000000,5,0.0,0.0,0.0,1.0
250994,0,1,3400,-75,75,-26,2.1,7.4,0.53,257728.000000,0,27,2.0,0.0,0.0,0.0,0.0,0.0,0.0,1.0
251243,0,1,3400,-75,75,-34,3.1,8.0,0.59,300224.000000,0.4,27,2.0,0.0,0.0,0.0,0.0,0.0,0.0,1.0
251492,0,1,3400,-75,75,-32,1.8,7.4,0.52,236896.000000,0,27,2.0,0.0,0.0,0.0,0.0,0.0,0.0,1.0
251741,0,1,3400,-75,75,-29,2.1,7.5,0.56,240768.000000,0,27,2.1,0.0,31648.000000,12,0.0,0.0,0.0,1.0
251990,0,1,3400,-76,76,-20,2.1,7.3,0.55,256800.000000,0,27,3.0,0.0,6848.000000,33,0.0,0.0,0.0,1.0
252239,0,1,3400,-76,76,-26,1.8,6.9,0.55,233472.000000,0,27,3.0,0.0,0.0,0.0,0.0,0.0,0.0,1.0
252488,0,1,3400,-76,76,-19,1.8,7.1,0.53,232992.000000,0,27,6.1,0.0,3872.000000,33,0.0,0.0,0.0,1.0
252737,0,1,3400,-76,76,-21,1.8,6.8,0.57,226080.000000,0,27,9.3,0.0,24160.000000,15,0.0,0.0,0.0,1.0
252986,0,1,3400,-76,76,-22,13,6.6,3.9,40353.414062,93,27,4.0,0.0,20305.220703,20,0.0,0.0,0.0,1.0
253235,0,1,3400,-76,76,-23,9.7,6.9,3.6,56064.000000,85,27,3.9,0.0,0.0,0.0,0.0,0.0,0.0,1.0
253484,0,1,3400,-76,76,-20,1.6,6.7,0.54,227520.000000,0,27,3.9,0.0,0.0,0.0,0.0,0.0,0.0,1.0
253733,0,1,3400,-76,76,-14,1.8,6.8,0.53,237056.000000,0,27,13,581,0.0,80,0.0,0.0,0.0,1.0
253982,0,1,3400,-76,76,-18,1.8,7.1,0.52,222592.000000,0,27,3.5,0.0,38592.000000,0,0.0,0.0,0.0,1.0
254231,0,1,3400,-76,76,-25,1.8,7.2,0.54,233056.000000,0,27,2.9,0.0,0.0,0.0,0.0,0.0,0.0,1.0
254480,0,1,3400,-76,76,-17,1.8,6.8,0.54,233248.000000,0,27,6.3,0.0,3872.000000,0,0.0,0.0,0.0,1.0
254729,0,1,3400,-76,76,-14,1.8,6.8,0.55,220320.000000,0,27,9.6,0.0,52096.000000,10,0.0,0.0,0.0,1.0
254978,0,1,3400,-76,76,-27,1.8,7.0,0.55,233472.000000,0,27,10,0.0,0.0,0.0,0.0,0.0,0.0,1.0
255227,0,1,3400,-76,76,-31,1.8,7.1,0.55,235904.000000,0,27,10,0.0,0.0,0.0,0.0,0.0,0.0,1.0
255476,0,1,3400,-76,76,-35,1.8,6.7,0.57,236896.000000,0,27,16,0.0,3872.000000,0,0.0,0.0,0.0,1.0
255725,0,1,3400,-76,76,-34,1.8,6.8,0.61,222087.656250,0,27,15,0.0,44621.515625,0,0.0,0.0,0.0,1.0
255974,0,1,3400,-76,76,-36,1.8,6.4,0.65,224480.000000,0,27,12,0.0,0.0,0.0,0.0,0.0,0.0,1.0
256223,0,1,3400,-77,77,-32,1.5,6.3,0.68,212175.296875,0,27,17,0.0,8828.685547,33,0.0,0.0,0.0,1.0
256472,0,1,3400,-77,77,-25,1.2,6.2,0.66,201600.000000,0,27,17,0.0,0.0,0.0,0.0,0.0,0.0,1.0
256721,0,1,3400,-77,77,-24,0.96,5.8,0.58,172576.000000,0,27,16,0.0,40928.000000,0,0.0,0.0,0.0,1.0
256970,0,1,3400,-77,77,-21,0.30,5.7,0.59,146048.000000,0,27,5.5,0.0,0.0,0.0,0.0,0.0,0.0,1.0
257219,0,1,3400,-77,77,-32,0.064,5.6,0.58,141664.000000,0.4,27,5.5,0.0,0.0,0.0,0.0,0.0,0.0,1.0
257468,0,1,3400,-77,77,-29,0.58,6.0,0.57,159104.000000,0,27,14,0.0,9376.000000,50,0.0,0.0,0.0,1.0
257717,0,1,3400,-77,77,-29,0.0,5.6,0.54,138016.000000,0,27,17,0.0,64864.000000,0,0.0,0.0,0.0,1.0
257966,0,1,3400,-77,77,-29,0.94,5.9,0.62,184896.000000,0,27,8.0,0.0,0.0,0.0,0.0,0.0,0.0,1.0
258215,0,1,3400,-77,77,-21,1.4,6.0,0.65,209792.000000,0,27,8.0,0.0,0.0,0.0,0.0,0.0,0.0,1.0
258464,0,1,3400,-76,76,-21,0.30,6.0,0.54,146624.000000,0,27,8.0,0.0,0.0,0.0,0.0,0.0,0.0,1.0
258713,0,1,3400,-76,76,-37,0.29,6.0,0.56,148864.000000,0,27,7.9,581,0.0,0.0,0.0,0.0,0.0,1.0
258962,0,1,3400,-77,77,-35,1.3,6.2,0.70,190072.296875,0.4,27,6.3,0.0,57991.968750,0,0.0,0.0,0.0,1.0
259211,0,1,3400,-77,77,-25,0.93,6.1,0.66,184288.000000,0,27,6.5,0.0,0.0,0.0,0.0,0.0,0.0,1.0
259460,0,1,3400,-77,77,-24,1.3,6.2,0.56,208000.000000,0,27,6.5,0.0,0.0,0.0,0.0,0.0,0.0,1.0
259709,0,1,3400,-77,77,-24,1.1,5.8,0.68,163776.000000,0,27,7.1,0.0,58816.000000,0,0.0,0.0,0.0,1.0
259958,0,1,3400,-77,77,-35,0.0,5.5,0.54,137408.000000,0,27,9.9,0.0,0.0,0.0,0.0,0.0,0.0,1.0
260207,0,1,3400,-77,77,-29,3.1,5.3,1.6,110048.000000,31,27,10.0,0.0,0.0,0.0,0.0,0.0,0.0,1.0
260456,0,1,3400,-77,77,-26,0.29,5.4,0.56,154560.000000,0,27,10,0.0,0.0,0.0,0.0,0.0,0.0,1.0
260705,0,1,3400,-77,77,-20,17,5.2,3.7,35648.000000,88,27,10.0,0.0,0.0,0.0,0.0,0.0,0.0,1.0
260954,0,1,3400,-78,78,-31,0.096,5.0,0.72,137408.000000,0,27,10,0.0,69824.000000,8,0.0,0.0,0.0,1.0
261203,0,1,3400,-78,78,-39,0.0,5.2,0.73,135584.000000,0,27,11,0.0,0.0,0.0,0.0,0.0,0.0,1.0
261452,0,1,3400,-78,78,-28,0.30,5.1,0.73,150272.000000,0.4,27,11,0.0,0.0,0.0,0.0,0.0,0.0,1.0
261701,0,1,3400,-77,77,-30,0.30,5.3,0.64,154336.000000,0,27,11,0.0,69824.000000,8,0.0,0.0,0.0,1.0
261950,0,1,3400,-77,77,-39,0.0,5.1,0.61,135584.000000,0,27,11,0.0,0.0,0.0,0.0,0.0,0.0,1.0
262199,0,1,3400,-77,77,-36,0.0,5.4,0.59,139840.000000,0,27,11,0.0,0.0,0.0,0.0,0.0,0.0,1.0
262448,0,1,3400,-77,77,-25,0.29,5.6,0.57,153952.000000,0,27,11,0.0,0.0,0.0,0.0,0.0,0.0,1.0
262697,0,1,3400,-77,77,-25,0.0,5.6,0.57,135043.828125,0,27,11,581,0.0,0.0,0.0,0.0,0.0,1.0
262946,0,1,3400,-77,77,-27,0.32,5.4,0.66,144000.000000,0.5,27,4.3,0.0,39264.000000,0,0.0,0.0,0.0,1.0
263195,0,1,3400,-77,77,-26,0.29,5.5,0.58,150496.000000,0,27,4.0,0.0,0.0,0.0,0.0,0.0,0.0,1.0
263444,0,1,3400,-77,77,-19,0.29,5.5,0.67,152736.000000,0,27,4.0,0.0,0.0,0.0,0.0,0.0,0.0,1.0
263693,0,1,3400,-77,77,-21,0.0,5.4,0.56,137408.000000,0,27,4.1,0.0,34368.000000,0,0.0,0.0,0.0,1.0
263942,0,1,3400,-77,77,-13,0.072,5.5,0.61,140621.515625,0,27,4.0,0.0,0.0,0.0,0.0,0.0,0.0,1.0
264191,0,1,3400,-77,77,-21,1.1,5.7,0.76,183936.000000,0,27,6.5,0.0,5664.000000,0,0.0,0.0,0.0,1.0
264440,0,1,3400,-77,77,-25,0.0,5.4,0.57,130112.000000,0,27,9.4,0.0,0.0,0.0,0.0,0.0,0.0,1.0
264689,0,1,3400,-77,77,-35,0.0,5.4,0.61,140448.000000,0,27,9.4,581,0.0,0.0,0.0,0.0,0.0,1.0
264938,0,1,3400,-77,77,-34,0.30,5.6,0.59,148876.500000,0,27,6.4,0.0,45737.050781,0,0.0,0.0,0.0,1.0
265187,0,1,3400,-77,77,-35,0.0,5.4,0.57,142272.000000,0,27,6.5,0.0,0.0,0.0,0.0,0.0,0.0,1.0
265436,0,1,3400,-77,77,-37,0.28,5.6,0.59,157012.046875,0,27,5.7,0.0,129,50,0.0,0.0,0.0,1.0
265685,0,1,3400,-77,77,-21,5.6,5.5,2.2,74176.000000,50,27,5.5,581,0.0,0.0,0.0,0.0,0.0,1.0
265934,0,1,3400,-77,77,-32,0.29,5.5,0.63,141568.000000,0,27,5.3,0.0,34560.000000,7,0.0,0.0,0.0,1.0
266183,0,1,3400,-77,77,-24,0.28,5.3,0.65,149056.000000,0,27,5.4,0.0,0.0,0.0,0.0,0.0,0.0,1.0
266432,0,1,3400,-77,77,-21,1.1,5.6,0.82,192768.000000,0,27,5.4,0.0,0.0,0.0,0.0,0.0,0.0,1.0
266681,0,1,3400,-77,77,-21,0.59,5.7,0.69,170016.000000,0.4,27,5.5,0.0,0.0,0.0,0.0,0.0,0.0,1.0
266930,0,1,3400,-77,77,-28,0.0,5.4,0.58,136800.000000,0,27,8.8,0.0,66016.000000,0,0.0,0.0,0.0,1.0
267179,0,1,3400,-77,77,-31,0.0,5.6,0.59,141664.000000,0,27,9.8,0.0,0.0,0.0,0.0,0.0,0.0,1.0
267428,0,1,3400,-77,77,-27,0.30,5.5,0.62,153120.000000,0,27,9.9,0.0,0.0,0.0,0.0,0.0,0.0,1.0
267677,0,1,3400,-77,77,-26,0.0,5.4,0.57,134976.000000,0,27,9.3,0.0,51808.000000,0,0.0,0.0,0.0,1.0
267926,0,1,3400,-77,77,-33,0.0,5.6,0.55,139840.000000,0,27,7.7,0.0,0.0,0.0,0.0,0.0,0.0,1.0
268175,0,1,3400,-77,77,-27,0.0,5.1,0.59,138624.000000,0,27,7.8,0.0,0.0,0.0,0.0,0.0,0.0,1.0
268424,0,1,3400,-77,77,-19,0.29,5.5,0.70,155776.000000,0,27,7.8,0.0,0.0,0.0,0.0,0.0,0.0,1.0
268673,0,1,3400,-78,78,-29,7.6,5.3,3.3,27040.000000,82,27,7.9,0.0,0.0,0.0,0.0,0.0,0.0,1.0
268922,0,1,3400,-78,78,-28,1.6,5.2,1.3,119584.000000,17,27,7.9,363,7200.000000,0,0.0,0.0,0.0,1.0
269171,0,1,3400,-78,78,-32,0.0,5.0,0.88,136254.984375,0.4,27,3.1,0.0,41083.664062,0,0.0,0.0,0.0,1.0
269420,0,1,3400,-78,78,-34,0.0,4.9,0.75,136192.000000,0,27,3.0,0.0,0.0,0.0,0.0,0.0,0.0,1.0
269669,0,1,3400,-78,78,-28,0.0,4.9,0.80,141056.000000,0.4,27,3.0,581,0.0,0.0,0.0,0.0,0.0,1.0
269918,0,1,3400,-78,78,-34,0.0,4.9,0.81,132544.000000,0.5,27,5.3,0.0,47424.000000,0,0.0,0.0,0.0,1.0
270167,0,1,3400,-78,78,-31,0.0,4.9,0.79,134976.000000,0,27,5.5,0.0,0.0,0.0,0.0,0.0,0.0,1.0
270416,0,1,3400,-78,78,-26,0.0,4.8,0.91,139232.000000,2,27,5.5,0.0,0.0,0.0,0.0,0.0,0.0,1.0
270665,0,1,3400,-78,78,-19,0.0,4.7,0.94,139232.000000,0.9,27,5.5,0.0,0.0,0.0,0.0,0.0,0.0,1.0
270914,0,1,3400,-78,78,-17,2.1,4.4,2.1,88320.000000,39,27,5.5,0.0,0.0,0.0,0.0,0.0,0.0,1.0
271163,0,1,3400,-78,78,-21,6.6,4.3,4.0,0.0,100.000000,27,5.5,0.0,0.0,0.0,0.0,0.0,0.0,1.0
271412,0,1,3400,-78,78,-33,12,4.3,4.0,0.0,100.000000,27,5.5,0.0,0.0,0.0,0.0,0.0,0.0,1.0
271661,0,1,3400,-78,78,-30,12,4.4,4.0,1028.112427,100,27,5.4,0.0,0.0,0.0,0.0,0.0,0.0,1.0
271910,0,1,3400,-78,78,-30,1.9,4.3,1.7,110048.000000,21,27,5.4,0.0,0.0,0.0,0.0,0.0,0.0,1.0
272159,0,1,3400,-78,78,-27,0.0,4.4,1.3,135584.000000,3,27,5.4,0.0,0.0,0.0,0.0,0.0,0.0,1.0
272408,0,1,3400,-78,78,-34,0.0,4.3,1.3,132544.000000,3,27,5.5,0.0,0.0,0.0,0.0,0.0,0.0,1.0
272657,0,1,3400,-78,78,-19,0.0,4.5,1.2,133760.000000,4,27,5.4,0.0,0.0,0.0,0.0,0.0,0.0,1.0
272906,0,1,3400,-78,78,-17,6.0,4.4,2.7,64448.000000,55,27,5.5,0.0,0.0,0.0,0.0,0.0,0.0,1.0
273155,0,1,3400,-78,78,-11,5.2,4.3,2.5,72352.000000,50,27,5.5,0.0,0.0,0.0,0.0,0.0,0.0,1.0
273404,0,1,3400,-79,79,-1.8,0.0,4.3,1.4,127072.000000,7,27,5.5,0.0,0.0,0.0,0.0,0.0,0.0,1.0
273653,0,1,3400,-78,78,-17,0.0,4.1,1.4,127680.000000,7,27,5.5,0.0,0.0,0.0,0.0,0.0,0.0,1.0
273902,0,1,3400,-79,79,-21,0.0,4.1,1.9,117344.000000,16,27,5.5,0.0,0.0,0.0,0.0,0.0,0.0,1.0
274151,0,1,3400,-79,79,-26,0.0,4.0,2.5,90592.000000,36,27,5.5,0.0,0.0,0.0,0.0,0.0,0.0,1.0
274400,0,1,3400,-79,79,-31,0.0,3.9,2.4,97280.000000,31,27,5.5,0.0,0.0,0.0,0.0,0.0,0.0,1.0
274649,0,1,3400,-79,79,-29,0.0,3.8,2.2,99712.000000,27,27,5.5,0.0,0.0,0.0,0.0,0.0,0.0,1.0
274898,0,1,3400,-79,79,-36,0.0,3.9,2.2,100928.000000,27,27,5.5,0.0,0.0,0.0,0.0,0.0,0.0,1.0
275147,0,1,3400,-79,79,-20,0.0,4.1,1.9,119298.804688,14,27,5.5,0.0,0.0,0.0,0.0,0.0,0.0,1.0
275396,0,1,3400,-79,79,-11,1.6,3.9,2.5,86944.000000,38,27,5.5,0.0,0.0,0.0,0.0,0.0,0.0,1.0
275645,0,1,3400,-79,79,-20,11,3.9,3.9,4685.258789,95,27,5.4,0.0,0.0,0.0,0.0,0.0,0.0,1.0
275894,0,1,3400,-79,79,-22,1.8,4.0,3.8,17760.000000,91,27,5.4,0.0,0.0,0.0,0.0,0.0,0.0,1.0
276143,0,1,3400,-79,79,-34,1.8,3.9,3.9,9952.000000,95,27,5.4,0.0,0.0,0.0,0.0,0.0,0.0,1.0
276392,0,1,3400,-79,79,-22,7.7,3.9,4.0,3104.000000,98,27,5.4,0.0,0.0,0.0,0.0,0.0,0.0,1.0
276641,0,1,3400,-79,79,-16,17,3.8,4.0,0.0,100.000000,27,5.5,0.0,0.0,0.0,0.0,0.0,0.0,1.0
276890,0,1,3400,-79,79,-31,12,3.5,3.9,3648.000000,97,27,5.5,0.0,0.0,0.0,0.0,0.0,0.0,1.0
277139,0,1,3400,-79,79,-21,2.9,3.5,3.4,37696.000000,71,27,5.4,0.0,0.0,0.0,0.0,0.0,0.0,1.0
277388,0,1,3400,-79,79,-24,0.21,3.5,3.4,39136.000000,72,27,5.4,0.0,0.0,0.0,0.0,0.0,0.0,1.0
277637,0,1,3400,-79,79,-24,2.5,3.5,4.0,7872.000000,98,27,5.4,0.0,0.0,0.0,0.0,0.0,0.0,1.0
277886,0,1,3400,-79,79,-32,3.1,3.5,3.9,8416.000000,96,27,5.4,0.0,0.0,0.0,0.0,0.0,0.0,1.0
278135,0,1,3400,-79,79,-17,6.1,3.5,3.8,13622.490234,93,27,5.5,0.0,0.0,0.0,0.0,0.0,0.0,1.0
278384,0,1,3400,-79,79,-35,2.9,3.6,3.6,26144.000000,82,27,5.4,0.0,0.0,0.0,0.0,0.0,0.0,1.0
278633,0,1,3400,-79,79,-33,0.95,3.5,3.4,39520.000000,72,27,5.4,0.0,0.0,0.0,0.0,0.0,0.0,1.0
278882,0,1,3400,-79,79,-21,3.1,3.5,3.8,10944.000000,94,27,5.4,0.0,0.0,0.0,0.0,0.0,0.0,1.0
279131,0,1,3400,-79,79,-17,7.3,3.5,4.0,672,99,27,5.4,0.0,0.0,0.0,0.0,0.0,0.0,1.0
279380,0,1,3400,-79,79,-17,11,3.8,4.0,0.0,100.000000,27,5.4,0.0,0.0,0.0,0.0,0.0,0.0,1.0
279629,0,1,3400,-79,79,-24,3.1,3.9,3.4,40128.000000,72,27,5.3,0.0,0.0,0.0,0.0,0.0,0.0,1.0
279878,0,1,3400,-79,79,-29,0.0,3.8,2.8,79648.000000,43,27,5.3,0.0,0.0,0.0,0.0,0.0,0.0,1.0
280127,0,1,3400,-79,79,-38,0.0,3.8,2.4,99104.000000,28,27,5.4,0.0,0.0,0.0,0.0,0.0,0.0,1.0
280376,0,1,3400,-79,79,-33,0.0,4.1,2.1,112480.000000,20,27,5.5,0.0,0.0,0.0,0.0,0.0,0.0,1.0
280625,0,1,3400,-79,79,-31,0.0,4.1,2.3,100928.000000,28,27,5.5,0.0,0.0,0.0,0.0,0.0,0.0,1.0
280874,0,1,3400,-79,79,-17,1.2,3.9,2.8,72064.000000,50,27,5.5,0.0,0.0,0.0,0.0,0.0,0.0,1.0
281123,0,1,3400,-79,79,-25,0.0,4.0,2.2,105792.000000,23,27,5.4,0.0,0.0,0.0,0.0,0.0,0.0,1.0
281372,0,1,3400,-79,79,-25,0.0,4.1,2.0,119168.000000,14,27,5.5,0.0,0.0,0.0,0.0,0.0,0.0,1.0
281621,0,1,3400,-79,79,-22,0.0,4.2,1.6,123424.000000,10,27,5.5,0.0,0.0,0.0,0.0,0.0,0.0,1.0
281870,0,1,3400,-79,79,-24,0.0,4.5,1.2,133760.000000,3,27,5.5,0.0,0.0,0.0,0.0,0.0,0.0,1.0
282119,0,1,3400,-78,78,-21,0.0,4.3,1.3,133152.000000,5,27,5.5,0.0,0.0,0.0,0.0,0.0,0.0,1.0
282368,0,1,3400,-78,78,-26,0.0,4.6,1.2,135649.406250,3,27,5.5,0.0,0.0,0,0.0,0.0,0.0,1.0
282617,0,1,3400,-78,78,-30,0.0,4.4,1.1,135584.000000,1,27,10,0.0,896,50,0.0,0.0,0.0,1.0
282866,0,1,3400,-78,78,-33,0.0,4.4,1.1,132544.000000,2,27,10,0.0,0.0,0.0,0.0,0.0,0.0,1.0
283115,0,1,3400,-78,78,-26,3.6,4.5,2.7,88544.000000,50,27,10,0.0,0.0,0.0,0.0,0.0,0.0,1.0
283364,0,1,3400,-79,79,-20,12,4.5,4.0,0.0,100.000000,27,10,0.0,0.0,0.0,0.0,0.0,0.0,1.0
283613,0,1,3400,-79,79,-20,15,4.2,4.0,0.0,100.000000,27,10,0.0,0.0,0.0,0.0,0.0,0.0,1.0
283862,0,1,3400,-79,79,-23,7.8,4.2,4.0,2432.000000,98,27,10,0.0,0.0,0.0,0.0,0.0,0.0,1.0
284111,0,1,3400,-79,79,-22,1.7,4.1,2.7,78400.000000,46,27,10,0.0,0.0,0.0,0.0,0.0,0.0,1.0
284360,0,1,3400,-79,79,-30,0.048,4.2,1.5,121600.000000,10,27,10,0.0,0.0,0.0,0.0,0.0,0.0,1.0
284609,0,1,3400,-79,79,-31,0.0,4.3,1.6,121600.000000,10,27,10,0.0,0.0,0.0,0.0,0.0,0.0,1.0
284858,0,1,3400,-79,79,-22,13,4.1,3.7,15808.000000,88,27,10,0.0,0.0,0.0,0.0,0.0,0.0,1.0
285107,0,1,3400,-79,79,-22,4.5,4.2,3.4,36000.000000,77,27,10,0.0,0.0,0.0,0.0,0.0,0.0,1.0
285356,0,1,3400,-79,79,-22,0.0,4.1,1.6,126464.000000,8,27,10,0.0,0.0,0.0,0.0,0.0,0.0,1.0
285605,0,1,3400,-79,79,-17,2.9,4.4,2.6,69280.000000,53,27,10,0.0,0.0,0.0,0.0,0.0,0.0,1.0
285854,0,1,3400,-79,79,-11,2.9,4.4,2.6,64448.000000,54,27,10,0.0,0.0,0.0,0.0,0.0,0.0,1.0
286103,0,1,3400,-79,79,-31,0.0,4.6,1.1,136800.000000,2,27,10,0.0,0.0,0.0,0.0,0.0,0.0,1.0
286352,0,1,3400,-78,78,-27,0.0,4.5,1.2,131936.000000,4,27,10,0.0,0.0,0.0,0.0,0.0,0.0,1.0
286601,0,1,3400,-78,78,-20,0.0,4.5,1.2,133152.000000,3,27,10,0.0,0.0,0.0,0.0,0.0,0.0,1.0
286850,0,1,3400,-78,78,-25,0.0,4.6,1.1,131936.000000,2,27,10,0.0,0.0,0.0,0.0,0.0,0.0,1.0
287099,0,1,3400,-79,79,-28,0.0,4.7,1.1,135584.000000,3,27,10,0.0,0.0,0.0,0.0,0.0,0.0,1.0
287348,0,1,3400,-79,79,-26,0.0,4.7,1.1,133152.000000,1,27,10,0.0,0.0,0.0,0.0,0.0,0.0,1.0
287597,0,1,3400,-78,78,-22,0.0,4.6,1.2,136192.000000,4,27,10,0.0,0.0,0.0,0.0,0.0,0.0,1.0
287846,0,1,3400,-79,79,-27,0.0,4.7,1.2,134976.000000,2,27,10,0.0,81376.000000,0,0.0,0.0,0.0,1.0
288095,0,1,3400,-79,79,-27,0.0,4.7,1.0,133152.000000,2,27,7.8,0.0,44512.000000,0,0.0,0.0,0.0,1.0
288344,0,1,3400,-78,78,-20,0.0,4.7,1.0,133152.000000,2,27,5.4,0.0,0.0,0.0,0.0,0.0,0.0,1.0
288593,0,1,3400,-78,78,-13,0.0,4.7,0.95,133760.000000,0.5,27,5.5,0.0,38624.000000,0,0.0,0.0,0.0,1.0
288842,0,1,3400,-78,78,-32,0.0,5.2,0.79,136254.984375,0,27,6.5,581,39490.039062,20,0.0,0.0,0.0,1.0
289091,0,1,3400,-78,78,-25,0.0,5.2,0.73,128896.000000,0,27,5.7,0.0,94016.000000,3,0.0,0.0,0.0,1.0
289340,0,1,3400,-78,78,-17,0.0,5.2,0.77,136800.000000,0,27,5.5,0.0,43840.000000,0,0.0,0.0,0.0,1.0
289589,0,1,3400,-78,78,-30,0.0,5.1,0.82,141664.000000,0.4,27,5.5,0.0,0.0,0.0,0.0,0.0,0.0,1.0
289838,0,1,3400,-78,78,-27,0.0,5.1,0.78,133152.000000,0,27,5.5,455,0.0,0,0.0,0.0,0.0,1.0
290087,0,1,3400,-78,78,-27,0.0,5.0,0.77,132544.000000,0,27,5.5,0.0,54112.000000,0,0.0,0.0,0.0,1.0
290336,0,1,3400,-78,78,-27,0.0,5.1,0.84,138624.000000,0.4,27,5.6,0.0,0.0,0.0,0.0,0.0,0.0,1.0
290585,0,1,3400,-78,78,-27,0.0,5.0,0.83,136192.000000,0,27,5.5,0.0,0.0,0.0,0.0,0.0,0.0,1.0
290834,0,1,3400,-78,78,-27,0.0,4.7,0.99,137959.843750,0.4,27,5.5,0.0,0.0,0.0,0.0,0.0,0.0,1.0
291083,0,1,3400,-79,79,-29,0.0,4.8,1.0,131328.000000,2,27,9.1,0.0,55744.000000,8,0.0,0.0,0.0,1.0
291332,0,1,3400,-78,78,-28,0.0,4.6,1.2,136800.000000,2,27,11,0.0,0.0,0.0,0.0,0.0,0.0,1.0
291581,0,1,3400,-79,79,-29,0.0,4.6,1.0,136192.000000,2,27,11,0.0,0.0,0.0,0.0,0.0,0.0,1.0
291830,0,1,3400,-79,79,-23,0.0,4.7,1.2,135584.000000,4,27,11,0.0,0.0,0.0,0.0,0.0,0.0,1.0
292079,0,1,3400,-78,78,-27,0.0,4.7,1.0,127072.000000,2,27,11,0.0,0.0,0.0,0.0,0.0,0.0,1.0
292328,0,1,3400,-79,79,-22,0.0,4.4,1.4,126464.000000,6,27,11,0.0,0.0,0.0,0.0,0.0,0.0,1.0
292577,0,1,3400,-79,79,-30,0.0,4.4,1.5,131936.000000,6,27,11,0.0,0.0,0.0,0.0,0.0,0.0,1.0
292826,0,1,3400,-79,79,-23,0.0,4.2,1.8,118560.000000,13,27,11,0.0,0.0,0.0,0.0,0.0,0.0,1.0
293075,0,1,3400,-79,79,-29,0.0,4.2,2.1,112480.000000,21,27,11,0.0,0.0,0.0,0.0,0.0,0.0,1.0
293324,0,1,3400,-79,79,-31,0.0,4.1,2.2,99712.000000,26,27,11,0.0,0.0,0.0,0.0,0.0,0.0,1.0
293573,0,1,3400,-79,79,-35,3.1,4.1,3.6,17024.000000,88,27,11,0.0,0.0,0.0,0.0,0.0,0.0,1.0
293822,0,1,3400,-79,79,-24,9.4,4.0,3.9,12000.000000,98,27,11,0.0,0.0,0.0,0.0,0.0,0.0,1.0
294071,0,1,3400,-79,79,-26,0.76,4.3,2.3,98496.000000,28,27,11,0.0,0.0,0.0,0.0,0.0,0.0,1.0
294320,0,1,3400,-79,79,-31,0.0,4.2,2.2,107008.000000,22,27,11,0.0,0.0,0.0,0.0,0.0,0.0,1.0
294569,0,1,3400,-79,79,-34,0.0,4.3,2.0,111872.000000,19,27,11,0.0,0.0,0.0,0.0,0.0,0.0,1.0
294818,0,1,3400,-79,79,-31,0.0,4.2,2.0,111426.296875,20,27,11,0.0,0.0,0.0,0.0,0.0,0.0,1.0
295067,0,1,3400,-79,79,-38,0.0,4.2,1.9,97280.000000,19,27,11,0.0,0.0,0.0,0.0,0.0,0.0,1.0
295316,0,1,3400,-79,79,-35,0.0,4.4,1.7,121115.539062,12,27,11,0.0,0.0,0.0,0.0,0.0,0.0,1.0
295565,0,1,3400,-79,79,-34,0.0,4.6,1.5,126464.000000,10,27,11,0.0,0.0,0.0,0.0,0.0,0.0,1.0
295814,0,1,3400,-79,79,-29,0.0,4.7,1.3,133760.000000,3,27,11,0.0,0.0,0.0,0.0,0.0,0.0,1.0
296063,0,1,3400,-79,79,-25,0.0,4.7,1.1,124640.000000,2,27,11,0.0,0.0,0.0,0.0,0.0,0.0,1.0
296312,0,1,3400,-79,79,-33,0.19,4.8,0.83,128192.000000,2,27,10,0.0,106464.000000,5,0.0,0.0,0.0,1.0
296561,0,1,3400,-79,79,-29,0.37,5.0,0.97,142464.000000,3,27,9.0,0.0,0.0,0.0,0.0,0.0,0.0,1.0
296810,0,1,3400,-79,79,-20,2.4,5.0,1.4,0.0,100.000000,27,9.0,0.0,0.0,0.0,0.0,0.0,0.0,1.0
297059,0,1,3400,-79,79,-27,12,4.8,4.0,0.0,0.0,27,9.0,0.0,0.0,0.0,0.0,0.0,0.0,1.0
297308,0,1,3400,-80,80,-26,9.8,5.9,4.0,0.0,100.000000,27,9.0,0.0,0.0,0.0,0.0,0.0,0.0,1.0
297557,0,1,3400,-79,79,-10,4.3,5.6,3.8,9024.000000,92,27,9.0,0.0,0.0,0.0,0.0,0.0,0.0,1.0
297806,0,1,3400,-79,79,-24,5.6,5.8,3.6,12416.000000,63,27,9.0,0.0,0.0,0.0,0.0,0.0,0.0,1.0
298055,0,1,3400,-80,80,-30,5.7,6.0,3.1,4704.000000,94,27,9.0,0.0,0.0,0.0,0.0,0.0,0.0,1.0
298304,0,1,3400,-80,80,-32,7.0,5.7,2.4,6848.000000,86,27,9.0,0.0,0.0,0.0,0.0,0.0,0.0,1.0
298553,0,1,3400,-80,80,-33,7.8,5.5,4.0,960,98,27,9.0,0.0,0.0,0.0,0.0,0.0,0.0,1.0
298802,0,1,3400,-80,80,-32,7.2,5.2,3.9,4928.000000,96,27,9.0,0.0,0.0,0.0,0.0,0.0,0.0,1.0
299051,0,1,3400,-80,80,-28,3.2,5.4,3.3,16320.000000,73,27,9.0,0.0,0.0,0.0,0.0,0.0,0.0,1.0
299300,0,1,3400,-80,80,-26,1.0,5.4,2.8,1568.000000,63,27,9.0,0.0,0.0,0.0,0.0,0.0,0.0,1.0
299549,0,1,3400,-80,80,-24,1.5,5.8,2.5,16416.000000,41,27,9.0,0.0,0.0,0.0,0.0,0.0,0.0,1.0
299798,0,1,3400,-79,79,-10,6.3,4.7,3.6,5760.000000,93,27,9.0,0.0,0.0,0.0,0.0,0.0,0.0,1.0
300047,0,1,3400,-80,80,-15,4.0,5.1,2.6,2880.000000,74,27,9.0,0.0,0.0,0.0,0.0,0.0,0.0,1.0
300296,0,1,3400,-80,80,-18,4.0,5.1,2.5,0.0,0.0,27,9.0,0.0,0.0,0.0,0.0,0.0,0.0,1.0
300545,0,1,3400,-80,80,-23,4.0,5.3,3.6,1920.000000,94,27,9.0,0.0,0.0,0.0,0.0,0.0,0.0,1.0
300794,0,1,3400,-80,80,-22,4.0,5.3,4.0,0.0,0.0,27,9.0,0.0,0.0,0.0,0.0,0.0,0.0,1.0
301043,0,1,3400,-80,80,-29,4.5,5.0,3.4,26080.000000,73,27,9.0,0.0,0.0,0.0,0.0,0.0,0.0,1.0
301292,0,1,3400,-80,80,-26,6.0,4.9,2.6,15488.000000,61,27,9.0,0.0,0.0,0.0,0.0,0.0,0.0,1.0
301541,0,1,3400,-80,80,-29,6.0,5.1,3.9,4224.000000,94,27,9.0,0.0,0.0,0.0,0.0,0.0,0.0,1.0
301790,0,1,3400,-80,80,-32,5.0,4.6,4.0,0.0,100.000000,27,9.0,0.0,0.0,0.0,0.0,0.0,0.0,1.0
302039,0,1,3400,-81,81,-31,4.0,4.9,4.0,0.0,0.0,27,9.0,0.0,0.0,0.0,0.0,0.0,0.0,1.0
302288,0,1,3400,-80,80,-30,11,4.3,4.0,2112.000000,98,27,9.0,0.0,0.0,0.0,0.0,0.0,0.0,1.0
302537,0,1,3400,-80,80,-26,5.9,4.6,4.0,1920.000000,95,27,9.0,0.0,0.0,0.0,0.0,0.0,0.0,1.0
302786,0,1,3400,-80,80,-22,4.0,5.1,4.0,0.0,0.0,27,9.0,0.0,0.0,0.0,0.0,0.0,0.0,1.0
303035,0,1,3400,-80,80,-17,4.4,5.1,4.0,0.0,100.000000,27,9.0,0.0,0.0,0.0,0.0,0.0,0.0,1.0
303284,0,1,3400,-80,80,-19,10,4.9,4.0,0.0,100.000000,27,9.0,0.0,0.0,0.0,0.0,0.0,0.0,1.0
303533,0,1,3400,-80,80,-16,9.4,5.2,4.0,1408.000000,99,27,9.0,0.0,0.0,0.0,0.0,0.0,0.0,1.0
303782,0,1,3400,-80,80,-26,6.0,5.0,3.9,7775.100586,95,27,9.0,0.0,0.0,0.0,0.0,0.0,0.0,1.0
304031,0,1,3400,-80,80,-19,6.6,4.9,3.9,4928.000000,97,27,9.0,0.0,0.0,0.0,0.0,0.0,0.0,1.0
304280,0,1,3400,-80,80,-21,15,5.0,4.0,0.0,100.000000,27,9.0,0.0,0.0,0.0,0.0,0.0,0.0,1.0
304529,0,1,3400,-80,80,-27,7.4,5.2,3.9,5472.000000,95,27,9.0,0.0,0.0,0.0,0.0,0.0,0.0,1.0
304778,0,1,3400,-79,79,-29,1.8,5.0,3.7,6336.000000,68,27,9.0,0.0,0.0,0.0,0.0,0.0,0.0,1.0
305027,0,1,3400,-79,79,-21,1.7,5.7,2.6,15232.000000,41,27,9.0,0.0,0.0,0.0,0.0,0.0,0.0,1.0
305276,0,1,3400,-79,79,-29,8.9,5.6,4.0,1402.390381,97,27,9.0,0.0,0.0,0.0,0.0,0.0,0.0,1.0
305525,0,1,3400,-80,80,-32,6.0,5.6,4.0,704,99,27,9.0,0.0,0.0,0.0,0.0,0.0,0.0,1.0
305774,0,1,3400,-80,80,-25,5.6,5.5,3.9,2400.000000,88,27,9.0,0.0,0.0,0.0,0.0,0.0,0.0,1.0
306023,0,1,3400,-80,80,-31,4.0,5.2,3.8,7680.000000,86,27,9.0,0.0,0.0,0.0,0.0,0.0,0.0,1.0
306272,0,1,3400,-80,80,-33,4.0,5.3,3.9,3840.000000,58,27,9.0,0.0,0.0,0.0,0.0,0.0,0.0,1.0
306521,0,1,3400,-80,80,-16,5.9,5.6,3.3,15008.000000,63,27,9.0,0.0,0.0,0.0,0.0,0.0,0.0,1.0
306770,0,1,3400,-80,80,-25,4.7,5.9,3.5,10080.000000,71,27,9.0,0.0,0.0,0.0,0.0,0.0,0.0,1.0
307019,0,1,3400,-79,79,-27,9.2,6.0,3.9,3424.000000,94,27,9.0,0.0,0.0,0.0,0.0,0.0,0.0,1.0
307268,0,1,3400,-79,79,-30,10,5.9,4.0,480,100,27,9.0,0.0,0.0,0.0,0.0,0.0,0.0,1.0
307517,0,1,3400,-79,79,-35,4.0,5.8,3.9,4320.000000,80,27,9.0,0.0,0.0,0.0,0.0,0.0,0.0,1.0
307766,0,1,3400,-79,79,-17,19,5.8,4.0,0.0,100.000000,27,9.0,0.0,0.0,0.0,0.0,0.0,0.0,1.0
308015,0,1,3400,-79,79,-13,23,5.9,4.0,0.0,100.000000,27,9.0,0.0,0.0,0.0,0.0,0.0,0.0,1.0
308264,0,1,3400,-79,79,-23,11,6.1,3.5,10528.000000,80,27,9.0,0.0,0.0,0.0,0.0,0.0,0.0,1.0
308513,0,1,3400,-79,79,-31,2.1,6.3,2.2,25051.792969,46,27,9.0,0.0,0.0,0.0,0.0,0.0,0.0,1.0
308762,0,1,3400,-79,79,-37,3.9,7.0,1.5,40992.000000,21,27,9.0,0.0,0.0,0.0,0.0,0.0,0.0,1.0
309011,0,1,3400,-79,79,-39,1.5,7.0,1.0,25888.000000,20,27,9.0,0.0,0.0,0.0,0.0,0.0,0.0,1.0
309260,0,1,3400,-79,79,-34,1.0,7.1,1.0,47712.000000,5,27,9.0,0.0,0.0,0.0,0.0,0.0,0.0,1.0
309509,0,1,3400,-78,78,-32,2.0,7.2,1.0,56642.570312,9,27,9.0,0.0,0.0,0.0,0.0,0.0,0.0,1.0
309758,0,1,3400,-78,78,-30,6.8,7.5,1.8,9816.733398,44,27,9.0,0.0,0.0,0.0,0.0,0.0,0.0,1.0
310007,0,1,3400,-78,78,-25,2.7,7.7,1.2,71775.101562,11,27,9.0,0.0,0.0,0.0,0.0,0.0,0.0,1.0
310256,0,1,3400,-78,78,-19,2.7,8.4,1.0,74496.000000,4,27,9.0,0.0,0.0,0.0,0.0,0.0,0.0,1.0
310505,0,1,3400,-78,78,-12,2.4,8.0,1.2,67232.000000,9,27,9.0,0.0,0.0,0.0,0.0,0.0,0.0,1.0
310754,0,1,3400,-78,78,-17,3.0,8.4,1.2,83744.000000,7,27,9.0,0.0,0.0,0.0,0.0,0.0,0.0,1.0
311003,0,1,3400,-77,77,-33,3.8,8.3,1.2,100768.000000,5,27,9.0,0.0,0.0,0.0,0.0,0.0,0.0,1.0
311252,0,1,3400,-77,77,-31,3.4,8.3,1.1,95008.000000,4,27,9.0,0.0,0.0,0.0,0.0,0.0,0.0,1.0
311501,0,1,3400,-77,77,-27,3.4,8.4,1.0,93792.000000,3,27,9.0,0.0,0.0,0.0,0.0,0.0,0.0,1.0
311750,0,1,3400,-77,77,-30,3.0,8.2,1.1,88800.000000,4,27,9.0,0.0,0.0,0.0,0.0,0.0,0.0,1.0
311999,0,1,3400,-77,77,-24,13,8.6,2.2,52960.000000,42,27,9.0,0.0,0.0,0.0,0.0,0.0,0.0,1.0
312248,0,1,3400,-77,77,-14,12,8.2,2.8,58592.000000,53,27,9.0,0.0,0.0,0.0,0.0,0.0,0.0,1.0
312497,0,1,3400,-78,78,-19,5.2,7.7,2.1,48256.000000,39,27,9.0,0.0,0.0,0.0,0.0,0.0,0.0,1.0
312746,0,1,3400,-78,78,-14,3.4,7.8,1.4,87072.000000,10,27,9.0,0.0,0.0,0.0,0.0,0.0,0.0,1.0
312995,0,1,3400,-78,78,-19,10,7.5,2.0,38976.000000,25,27,9.0,0.0,0.0,0.0,0.0,0.0,0.0,1.0
313244,0,1,3400,-78,78,-16,1.0,7.5,0.78,48832.000000,0.9,27,9.0,0.0,0.0,0.0,0.0,0.0,0.0,1.0
313493,0,1,3400,-78,78,-14,1.0,7.5,0.81,48160.000000,2,27,9.0,0.0,0.0,0.0,0.0,0.0,0.0,1.0
313742,0,1,3400,-78,78,-19,1.0,7.7,0.71,49728.000000,0.9,27,9.0,0.0,0.0,0.0,0.0,0.0,0.0,1.0
313991,0,1,3400,-78,78,-21,2.4,7.7,1.4,52192.000000,8,27,9.0,0.0,0.0,0.0,0.0,0.0,0.0,1.0
314240,0,1,3400,-78,78,-15,9.9,7.3,2.8,29920.000000,55,27,9.1,0.0,1760.000000,33,0.0,0.0,0.0,1.0
314489,0,1,3400,-78,78,-11,5.9,6.4,1.7,9184.000000,69,27,11,0.0,0.0,0.0,0.0,0.0,0.0,1.0
314738,0,1,3400,-78,78,-19,2.5,7.6,1.0,69408.000000,9,27,11,0.0,0.0,0.0,0.0,0.0,0.0,1.0
314987,0,1,3400,-78,78,-33,3.8,7.8,2.4,35601.593750,44,27,11,0.0,0.0,0.0,0.0,0.0,0.0,1.0
315236,0,1,3400,-78,78,-27,2.2,7.6,1.4,47392.000000,19,27,11,0.0,0.0,0.0,0.0,0.0,0.0,1.0
315485,0,1,3400,-78,78,-30,9.4,7.6,3.3,3232.000000,93,27,11,0.0,0.0,0.0,0.0,0.0,0.0,1.0
315734,0,1,3400,-78,78,-21,2.3,7.2,1.5,45641.433594,21,27,11,0.0,0.0,0.0,0.0,0.0,0.0,1.0
315983,0,1,3400,-78,78,-30,1.5,7.5,1.1,53824.000000,8,27,11,0.0,0.0,0.0,0.0,0.0,0.0,1.0
316232,0,1,3400,-78,78,-29,1.9,7.7,1.1,55072.000000,12,27,11,0.0,0.0,0.0,0.0,0.0,0.0,1.0
316481,0,1,3400,-78,78,-22,5.1,7.7,2.1,37236.949219,39,27,11,0.0,0.0,0.0,0.0,0.0,0.0,1.0
316730,0,1,3400,-78,78,-19,3.2,7.9,1.8,62597.609375,22,27,11,0.0,0.0,0.0,0.0,0.0,0.0,1.0
316979,0,1,3400,-78,78,-23,2.6,7.7,2.0,48867.468750,30,27,11,0.0,0.0,0.0,0.0,0.0,0.0,1.0
317228,0,1,3400,-78,78,-24,1.8,7.7,1.3,53088.000000,11,27,11,0.0,0.0,0.0,0.0,0.0,0.0,1.0
317477,0,1,3400,-78,78,-24,2.9,8.0,2.3,28160.000000,11,27,11,0.0,0.0,0.0,0.0,0.0,0.0,1.0
317726,0,1,3400,-78,78,-22,1.0,7.7,0.68,51968.000000,0.4,27,11,0.0,0.0,0.0,0.0,0.0,0.0,1.0
317975,0,1,3400,-78,78,-24,4.7,8.0,2.3,40864.000000,43,27,11,0.0,0.0,0.0,0.0,0.0,0.0,1.0
318224,0,1,3400,-78,78,-22,9.6,7.8,3.8,15488.000000,90,27,11,0.0,0.0,0.0,0.0,0.0,0.0,1.0
318473,0,1,3400,-78,78,-35,3.5,7.8,1.9,72384.000000,23,27,11,0.0,0.0,0.0,0.0,0.0,0.0,1.0
318722,0,1,3400,-78,78,-35,1.0,7.8,0.78,46592.000000,1,27,11,0.0,0.0,0.0,0.0,0.0,0.0,1.0
318971,0,1,3400,-78,78,-30,1.5,7.5,0.93,53632.000000,5,27,11,0.0,0.0,0.0,0.0,0.0,0.0,1.0
319220,0,1,3400,-78,78,-32,2.4,7.4,1.4,65504.000000,14,27,11,0.0,0.0,0.0,0.0,0.0,0.0,1.0
319469,0,1,3400,-78,78,-27,2.9,7.8,1.6,62368.000000,19,27,11,0.0,0.0,0.0,0.0,0.0,0.0,1.0
319718,0,1,3400,-78,78,-25,3.0,8.4,1.4,65152.000000,10,27,11,0.0,0.0,0.0,0.0,0.0,0.0,1.0
319967,0,1,3400,-77,77,-24,4.0,8.5,1.4,95040.000000,8,27,11,0.0,0.0,0.0,0.0,0.0,0.0,1.0
320216,0,1,3400,-77,77,-20,4.0,8.5,1.6,92640.000000,11,27,11,0.0,0.0,0.0,0.0,0.0,0.0,1.0
320465,0,1,3400,-78,78,-19,6.9,8.2,2.9,42944.000000,53,27,11,0.0,0.0,0.0,0.0,0.0,0.0,1.0
320714,0,1,3400,-78,78,-24,4.9,8.0,2.7,37664.000000,52,27,11,0.0,0.0,0.0,0.0,0.0,0.0,1.0
320963,0,1,3400,-78,78,-28,10,7.9,4.0,0.0,100.000000,27,11,0.0,0.0,0.0,0.0,0.0,0.0,1.0
321212,0,1,3400,-78,78,-22,5.5,7.7,3.2,6720.000000,55,27,11,0.0,0.0,0.0,0.0,0.0,0.0,1.0
321461,0,1,3400,-78,78,-23,8.8,7.5,3.8,2199.203125,98,27,11,0.0,0.0,0.0,0.0,0.0,0.0,1.0
321710,0,1,3400,-79,79,-19,10,7.6,4.0,0.0,0.0,27,11,0.0,0.0,0.0,0.0,0.0,0.0,1.0
321959,0,1,3400,-79,79,-16,10.0,7.3,4.0,0.0,100.000000,27,11,0.0,0.0,0.0,0.0,0.0,0.0,1.0
322208,0,1,3400,-79,79,-23,7.4,7.2,3.9,7616.000000,94,27,11,0.0,0.0,0.0,0.0,0.0,0.0,1.0
322457,0,1,3400,-79,79,-29,2.1,7.1,1.8,37429.718750,31,27,11,0.0,0.0,0.0,0.0,0.0,0.0,1.0
322706,0,1,3400,-79,79,-30,1.4,7.1,1.4,43008.000000,14,27,11,0.0,0.0,0.0,0.0,0.0,0.0,1.0
322955,0,1,3400,-79,79,-27,12,7.2,4.0,0.0,100.000000,27,11,0.0,0.0,0.0,0.0,0.0,0.0,1.0
323204,0,1,3400,-79,79,-23,6.1,7.0,2.3,28224.000000,41,27,11,0.0,0.0,0.0,0.0,0.0,0.0,1.0
323453,0,1,3400,-79,79,-18,1.5,7.1,1.4,50016.000000,11,27,11,0.0,0.0,0.0,0.0,0.0,0.0,1.0
323702,0,1,3400,-79,79,-21,2.0,7.7,1.3,58240.000000,13,27,11,0.0,0.0,0.0,0.0,0.0,0.0,1.0
323951,0,1,3400,-79,79,-23,1.0,7.8,0.93,49056.000000,3,27,11,0.0,0.0,0.0,0.0,0.0,0.0,1.0
324200,0,1,3400,-79,79,-21,1.0,7.4,1.2,47712.000000,7,27,11,0.0,0.0,0.0,0.0,0.0,0.0,1.0
324449,0,1,3400,-79,79,-15,1.0,7.5,1.2,45248.000000,11,27,11,0.0,0.0,0.0,0.0,0.0,0.0,1.0
324698,0,1,3400,-80,80,-7.8,1.0,7.1,1.6,41888.000000,19,27,11,0.0,0.0,0.0,0.0,0.0,0.0,1.0
324947,0,1,3400,-80,80,-18,12,6.7,3.8,4032.000000,92,27,11,0.0,0.0,0.0,0.0,0.0,0.0,1.0
325196,0,1,3400,-80,80,-23,13,6.8,4.0,0.0,100.000000,27,11,0.0,0.0,0.0,0.0,0.0,0.0,1.0
325445,0,1,3400,-79,79,-18,8.6,6.8,4.0,2368.000000,97,27,11,0.0,0.0,0.0,0.0,0.0,0.0,1.0
325694,0,1,3400,-79,79,-19,1.5,7.3,1.6,44384.000000,21,27,11,0.0,0.0,0.0,0.0,0.0,0.0,1.0
325943,0,1,3400,-79,79,-21,1.0,7.4,1.4,46144.000000,11,27,11,0.0,0.0,0.0,0.0,0.0,0.0,1.0
326192,0,1,3400,-79,79,-26,1.0,7.3,1.2,46368.000000,8,27,11,0.0,0.0,0.0,0.0,0.0,0.0,1.0
326441,0,1,3400,-79,79,-17,1.0,6.9,1.2,46368.000000,9,27,11,0.0,0.0,0.0,0.0,0.0,0.0,1.0
326690,0,1,3400,-79,79,-10,3.4,7.5,3.1,22310.757812,57,27,11,0.0,0.0,0.0,0.0,0.0,0.0,1.0
326939,0,1,3400,-79,79,-21,1.0,7.5,1.0,49280.000000,6,27,11,0.0,0.0,0.0,0.0,0.0,0.0,1.0
327188,0,1,3400,-79,79,-20,1.0,7.1,1.3,44800.000000,9,27,11,0.0,0.0,0.0,0.0,0.0,0.0,1.0
327437,0,1,3400,-79,79,-19,10,6.8,3.2,16640.000000,56,27,11,0.0,0.0,0.0,0.0,0.0,0.0,1.0
327686,0,1,3400,-79,79,-23,11,6.5,3.9,3520.000000,96,27,11,0.0,0.0,0.0,0.0,0.0,0.0,1.0
327935,0,1,3400,-80,80,-23,1.0,7.1,1.3,10080.000000,29,27,11,0.0,0.0,0.0,0.0,0.0,0.0,1.0
328184,0,1,3400,-80,80,-26,4.0,7.0,1.2,8414.342773,67,27,11,0.0,0.0,0.0,0.0,0.0,0.0,1.0
328433,0,1,3400,-80,80,-18,7.2,6.9,1.3,0.0,100.000000,27,11,0.0,0.0,0.0,0.0,0.0,0.0,1.0
328683,0,1,3400,-79,79,-18,6.2,6.4,3.1,19296.000000,69,27,11,0.0,0.0,0.0,0.0,0.0,0.0,1.0
328932,0,1,3400,-80,80,-17,1.0,6.7,2.3,33959.839844,34,27,11,0.0,0.0,0.0,0.0,0.0,0.0,1.0
329181,0,1,3400,-80,80,-7.6,1.0,6.7,2.4,31584.000000,37,27,11,0.0,0.0,0.0,0.0,0.0,0.0,1.0
329430,0,1,3400,-80,80,-9.8,3.4,6.8,1.3,13088.000000,43,27,11,0.0,0.0,0.0,0.0,0.0,0.0,1.0
329679,0,1,3400,-80,80,-12,6.0,5.8,3.2,5440.000000,85,27,11,0.0,0.0,0.0,0.0,0.0,0.0,1.0
329928,0,1,3400,-80,80,-1.9,1.0,6.0,2.7,3584.000000,70,27,11,0.0,0.0,0.0,0.0,0.0,0.0,1.0
330177,0,1,3400,-80,80,-6.8,5.3,6.2,3.5,8288.000000,84,27,11,0.0,0.0,0.0,0.0,0.0,0.0,1.0
330426,0,1,3400,-80,80,-23,4.0,6.2,4.0,480,100,27,11,0.0,0.0,0.0,0.0,0.0,0.0,1.0
330675,0,1,3400,-81,81,-25,4.0,6.3,4.0,0.0,0.0,27,11,0.0,0.0,0.0,0.0,0.0,0.0,1.0
330924,0,1,3400,-80,80,-28,4.8,6.1,4.0,2112.000000,96,27,11,0.0,0.0,0.0,0.0,0.0,0.0,1.0
331173,0,1,3400,-80,80,-24,21,6.4,3.9,4224.000000,94,27,11,0.0,0.0,0.0,0.0,0.0,0.0,1.0
331422,0,1,3400,-80,80,-29,2.9,6.8,3.0,30688.000000,60,27,11,0.0,0.0,0.0,0.0,0.0,0.0,1.0
331671,0,1,3400,-80,80,-21,5.0,6.7,3.5,9664.000000,78,27,11,0.0,0.0,0.0,0.0,0.0,0.0,1.0
331920,0,1,3400,-80,80,-13,7.4,7.2,3.5,9696.000000,67,27,11,0.0,0.0,0.0,0.0,0.0,0.0,1.0
332169,0,1,3400,-80,80,-14,1.0,6.7,2.2,18816.000000,45,27,11,0.0,0.0,0.0,0.0,0.0,0.0,1.0
332418,0,1,3400,-80,80,-22,6.7,6.4,3.6,8288.000000,76,27,11,0.0,0.0,0.0,0.0,0.0,0.0,1.0
332667,0,1,3400,-80,80,-20,4.6,6.5,3.7,10560.000000,91,27,11,0.0,0.0,0.0,0.0,0.0,0.0,1.0
332916,0,1,3400,-80,80,-28,8.8,6.2,4.0,704,100,27,11,0.0,0.0,0.0,0.0,0.0,0.0,1.0
333165,0,1,3400,-80,80,-34,13,5.9,4.0,960,99,27,11,0.0,0.0,0.0,0.0,0.0,0.0,1.0
333414,0,1,3400,-81,81,-22,11,5.7,3.7,5472.000000,89,27,11,0.0,0.0,0.0,0.0,0.0,0.0,1.0
333663,0,1,3400,-81,81,-13,28,5.8,4.0,0.0,100.000000,27,11,0.0,0.0,0.0,0.0,0.0,0.0,1.0
333912,0,1,3400,-81,81,-19,19,5.7,4.0,0.0,100.000000,27,11,0.0,0.0,0.0,0.0,0.0,0.0,1.0
334161,0,1,3400,-81,81,-23,15,5.7,3.9,2624.000000,98,27,11,0.0,0.0,0.0,0.0,0.0,0.0,1.0
334410,0,1,3400,-81,81,-30,14,5.4,4.0,0.0,100.000000,27,11,0.0,0.0,0.0,0.0,0.0,0.0,1.0
334659,0,1,3400,-81,81,-32,7.2,5.5,3.6,10167.331055,83,27,11,0.0,0.0,0.0,0.0,0.0,0.0,1.0
334908,0,1,3400,-81,81,-19,13,5.5,4.0,480,100,27,11,0.0,0.0,0.0,0.0,0.0,0.0,1.0
335157,0,1,3400,-81,81,-14,6.5,5.6,3.7,6816.000000,86,27,11,0.0,0.0,0.0,0.0,0.0,0.0,1.0
335406,0,1,3400,-81,81,-15,1.0,6.0,4.0,0.0,0.0,27,11,0.0,0.0,0.0,0.0,0.0,0.0,1.0
335655,0,1,3400,-81,81,-20,3.5,6.2,4.0,480,99,27,11,0.0,0.0,0.0,0.0,0.0,0.0,1.0
335904,0,1,3400,-80,80,-24,4.2,6.3,3.9,3520.000000,74,27,11,0.0,0.0,0.0,0.0,0.0,0.0,1.0
336153,0,1,3400,-81,81,-23,1.4,6.5,2.4,33440.000000,44,27,11,0.0,0.0,0.0,0.0,0.0,0.0,1.0
336402,0,1,3400,-81,81,-25,5.0,6.5,3.2,11168.000000,89,27,11,0.0,0.0,0.0,0.0,0.0,0.0,1.0
336651,0,1,3400,-80,80,-6.5,11,6.4,3.8,5920.000000,91,27,11,0.0,0.0,0.0,0.0,0.0,0.0,1.0
336900,0,1,3400,-81,81,-6.4,10,6.4,3.8,7104.000000,91,27,11,0.0,0.0,0.0,0.0,0.0,0.0,1.0
337149,0,1,3400,-81,81,-8.7,14,6.5,4.0,0.0,100.000000,27,11,0.0,0.0,0.0,0.0,0.0,0.0,1.0
337398,0,1,3400,-80,80,-25,19,6.5,4.0,0.0,100.000000,27,11,0.0,0.0,0.0,0.0,0.0,0.0,1.0
337647,0,1,3400,-80,80,-35,14,6.3,4.0,0.0,100.000000,27,11,0.0,0.0,0.0,0.0,0.0,0.0,1.0
337896,0,1,3400,-81,81,-46,3.1,6.4,3.8,4736.000000,89,27,11,0.0,0.0,0.0,0.0,0.0,0.0,1.0
338145,0,1,3400,-81,81,-39,1.3,6.3,3.9,2400.000000,82,27,11,0.0,0.0,0.0,0.0,0.0,0.0,1.0
338394,0,1,3400,-81,81,-30,4.0,6.0,3.9,3360.000000,97,27,11,0.0,0.0,0.0,0.0,0.0,0.0,1.0
338643,0,1,3400,-81,81,-30,4.1,5.9,3.9,3968.000000,95,27,11,0.0,0.0,0.0,0.0,0.0,0.0,1.0
338892,0,1,3400,-81,81,-25,2.4,5.6,4.0,896,98,27,11,0.0,0.0,0.0,0.0,0.0,0.0,1.0
339141,0,1,3400,-81,81,-27,1.0,5.6,4.0,0.0,0.0,27,11,0.0,0.0,0.0,0.0,0.0,0.0,1.0
339390,0,1,3400,-81,81,-15,1.0,5.3,4.0,0.0,0.0,27,11,0.0,0.0,0.0,0.0,0.0,0.0,1.0
339639,0,1,3400,-82,82,-27,1.0,5.2,4.0,0.0,0.0,27,11,0.0,0.0,0.0,0.0,0.0,0.0,1.0
339888,0,1,3400,-82,82,-26,17,4.9,4.0,0.0,100.000000,27,11,0.0,0.0,0.0,0.0,0.0,0.0,1.0
340137,0,1,3400,-82,82,-26,14,4.9,4.0,0.0,100.000000,27,11,0.0,0.0,0.0,0.0,0.0,0.0,1.0
340386,0,1,3400,-82,82,-27,10,5.0,4.0,0.0,0.0,27,11,0.0,0.0,0.0,0.0,0.0,0.0,1.0
340635,0,1,3400,-82,82,-33,1.0,5.1,2.4,8064.000000,76,27,11,0.0,0.0,0.0,0.0,0.0,0.0,1.0
340884,0,1,3400,-81,81,-36,1.2,4.6,1.00,0.0,100.000000,27,11,0.0,0.0,0.0,0.0,0.0,0.0,1.0
341133,0,1,3400,-82,82,-22,4.0,4.7,3.8,8127.490234,93,27,11,0.0,0.0,0.0,0.0,0.0,0.0,1.0
341382,0,1,3400,-82,82,-24,13,4.7,4.0,964,99,27,11,0.0,0.0,0.0,0.0,0.0,0.0,1.0
341631,0,1,3400,-82,82,-23,4.0,4.6,4.0,223,100,27,11,0.0,0.0,0.0,0.0,0.0,0.0,1.0
341880,0,1,3400,-82,82,-33,7.4,4.4,4.0,450,99,27,11,0.0,0.0,0.0,0.0,0.0,0.0,1.0
342129,0,1,3400,-82,82,-39,6.1,4.2,4.0,224,99,27,11,0.0,0.0,0.0,0.0,0.0,0.0,1.0
342378,0,1,3400,-82,82,-25,15,4.3,4.0,0.0,100.000000,27,11,0.0,0.0,0.0,0.0,0.0,0.0,1.0
342627,0,1,3400,-82,82,-16,12,4.2,4.0,0.0,100.000000,27,11,0.0,0.0,0.0,0.0,0.0,0.0,1.0
342876,0,1,3400,-82,82,-29,11,4.2,4.0,0.0,100.000000,27,11,0.0,0.0,0.0,0.0,0.0,0.0,1.0
343125,0,1,3400,-82,82,-26,11,4.4,4.0,0.0,100.000000,27,11,0.0,0.0,0.0,0.0,0.0,0.0,1.0
343374,0,1,3400,-82,82,-24,16,4.5,3.9,1120.000000,98,27,11,0.0,0.0,0.0,0.0,0.0,0.0,1.0
343623,0,1,3400,-82,82,-25,5.6,4.7,4.0,224,99,27,11,0.0,0.0,0.0,0.0,0.0,0.0,1.0
343872,0,1,3400,-81,81,-26,11,4.6,4.0,0.0,100.000000,27,11,0.0,0.0,0.0,0.0,0.0,0.0,1.0
344121,0,1,3400,-82,82,-22,6.1,4.6,4.0,704,99,27,11,0.0,0.0,0.0,0.0,0.0,0.0,1.0
344370,0,1,3400,-82,82,-17,10,4.8,4.0,0.0,100.000000,27,11,0.0,0.0,0.0,0.0,0.0,0.0,1.0
344619,0,1,3400,-82,82,-19,3.9,4.6,4.0,448,98,27,11,0.0,0.0,0.0,0.0,0.0,0.0,1.0
344868,0,1,3400,-82,82,-11,1.2,4.4,3.9,672,96,27,11,0.0,0.0,0.0,0.0,0.0,0.0,1.0
345117,0,1,3400,-81,81,-9.5,4.9,4.0,4.0,3104.000000,93,27,11,0.0,0.0,0.0,0.0,0.0,0.0,1.0
345366,0,1,3400,-82,82,-11,7.9,4.2,4.0,0.0,100.000000,27,11,0.0,0.0,0.0,0.0,0.0,0.0,1.0
345615,0,1,3400,-82,82,-7.4,11,4.5,4.0,0.0,100.000000,27,11,0.0,0.0,0.0,0.0,0.0,0.0,1.0
345864,0,1,3400,-81,81,-11,10,4.4,4.0,0.0,100.000000,27,11,0.0,0.0,0.0,0.0,0.0,0.0,1.0
346113,0,1,3400,-82,82,-7.9,10.0,4.7,4.0,0.0,100.000000,27,11,0.0,0.0,0.0,0.0,0.0,0.0,1.0
346362,0,1,3400,-82,82,-8.1,8.1,4.3,4.0,0.0,100.000000,27,11,0.0,0.0,0.0,0.0,0.0,0.0,1.0
346611,0,1,3400,-82,82,-14,6.1,4.4,4.0,0.0,100.000000,27,11,0.0,0.0,0.0,0.0,0.0,0.0,1.0
346860,0,1,3400,-82,82,-24,10.0,4.2,4.0,0.0,100.000000,27,11,0.0,0.0,0.0,0.0,0.0,0.0,1.0
347109,0,1,3400,-82,82,-26,10,4.3,4.0,0.0,100.000000,27,11,0.0,0.0,0.0,0.0,0.0,0.0,1.0
347358,0,1,3400,-82,82,-24,10.0,4.0,4.0,0.0,100.000000,27,11,0.0,0.0,0.0,0.0,0.0,0.0,1.0
347607,0,1,3400,-82,82,-5.8,10,4.1,4.0,0.0,0.0,27,11,0.0,0.0,0.0,0.0,0.0,0.0,1.0
347856,0,1,3400,-82,82,-11,11,4.3,3.9,1120.000000,97,27,11,0.0,0.0,0.0,0.0,0.0,0.0,1.0
348105,0,1,3400,-82,82,-14,1.0,4.3,3.9,2024.096436,53,27,11,0.0,0.0,0.0,0.0,0.0,0.0,1.0
348354,0,1,3400,-82,82,-18,9.1,4.2,4.0,0.0,100.000000,27,11,0.0,0.0,0.0,0.0,0.0,0.0,1.0
348603,0,1,3400,-82,82,-15,10.0,4.4,4.0,448,99,27,11,0.0,0.0,0.0,0.0,0.0,0.0,1.0
348852,0,1,3400,-82,82,-33,10,4.3,4.0,0.0,100.000000,27,11,0.0,0.0,0.0,0.0,0.0,0.0,1.0
349101,0,1,3400,-82,82,-21,10,4.1,4.0,0.0,0.0,27,11,0.0,0.0,0.0,0.0,0.0,0.0,1.0
349350,0,1,3400,-82,82,-26,10.0,4.2,4.0,0.0,100.000000,27,11,0.0,0.0,0.0,0.0,0.0,0.0,1.0
349599,0,1,3400,-82,82,-26,9.8,4.3,4.0,0.0,100.000000,27,11,0.0,0.0,0.0,0.0,0.0,0.0,1.0
349848,0,1,3400,-82,82,-22,6.9,4.1,4.0,701,100,27,11,0.0,0.0,0.0,0.0,0.0,0.0,1.0
350097,0,1,3400,-82,82,-20,19,3.9,4.0,0.0,100.000000,27,11,0.0,0.0,0.0,0.0,0.0,0.0,1.0
350346,0,1,3400,-82,82,-25,3.3,3.6,1.5,3808.000000,75,27,11,0.0,0.0,0.0,0.0,0.0,0.0,1.0
350595,0,1,3400,-82,82,-36,11,3.5,4.0,0.0,100.000000,27,11,0.0,0.0,0.0,0.0,0.0,0.0,1.0
350844,0,1,3400,-82,82,-35,19,3.6,4.0,0.0,100.000000,27,11,0.0,0.0,0.0,0.0,0.0,0.0,1.0
351093,0,1,3400,-82,82,-35,17,3.5,4.0,0.0,100.000000,27,11,0.0,0.0,0.0,0.0,0.0,0.0,1.0
351342,0,1,3400,-82,82,-18,9.4,3.6,4.0,0.0,100.000000,27,11,0.0,0.0,0.0,0.0,0.0,0.0,1.0
351591,0,1,3400,-82,82,-34,14,3.7,4.0,0.0,100.000000,27,11,0.0,0.0,0.0,0.0,0.0,0.0,1.0
351840,0,1,3400,-82,82,-40,12,3.5,4.0,0.0,100.000000,27,11,0.0,0.0,0.0,0.0,0.0,0.0,1.0
352089,0,1,3400,-82,82,-37,8.9,3.6,3.5,2688.000000,93,27,11,0.0,0.0,0.0,0.0,0.0,0.0,1.0
352338,0,1,3400,-82,82,-25,9.6,3.5,3.9,0.0,100.000000,27,11,0.0,0.0,0.0,0.0,0.0,0.0,1.0
352587,0,1,3400,-82,82,-30,10,3.6,4.0,0.0,100.000000,27,11,0.0,0.0,0.0,0.0,0.0,0.0,1.0
352836,0,1,3400,-82,82,-15,11,3.5,4.0,0.0,100.000000,27,11,0.0,0.0,0.0,0.0,0.0,0.0,1.0
353085,0,1,3400,-82,82,-3.5,12,3.5,4.0,0.0,100.000000,27,11,0.0,0.0,0.0,0.0,0.0,0.0,1.0
353334,0,1,3400,-82,82,-9.9,12,3.4,4.0,0.0,100.000000,27,11,0.0,0.0,0.0,0.0,0.0,0.0,1.0
353583,0,1,3400,-82,82,-15,24,3.5,4.0,0.0,100.000000,27,11,0.0,0.0,0.0,0.0,0.0,0.0,1.0
353832,0,1,3400,-82,82,-1.8,12,3.4,4.0,0.0,100.000000,27,11,0.0,0.0,0.0,0.0,0.0,0.0,1.0
354081,0,1,3400,-82,82,-5.4,11,3.3,4.0,0.0,100.000000,27,11,0.0,0.0,0.0,0.0,0.0,0.0,1.0
354330,0,1,3400,-83,83,-19,12,3.5,4.0,0.0,100.000000,27,11,0.0,0.0,0.0,0.0,0.0,0.0,1.0
354579,0,1,3400,-82,82,-15,19,3.5,4.0,0.0,100.000000,27,11,0.0,0.0,0.0,0.0,0.0,0.0,1.0
354828,0,1,3400,-83,83,-12,19,3.7,4.0,0.0,100.000000,27,11,0.0,0.0,0.0,0.0,0.0,0.0,1.0
355077,0,1,3400,-83,83,-14,10,3.9,4.0,0.0,100.000000,27,11,0.0,0.0,0.0,0.0,0.0,0.0,1.0
355326,0,1,3400,-82,82,-25,10.0,3.5,4.0,0.0,100.000000,27,11,0.0,0.0,0.0,0.0,0.0,0.0,1.0
355575,0,1,3400,-82,82,-18,6.0,3.8,3.8,14784.000000,90,27,11,0.0,0.0,0.0,0.0,0.0,0.0,1.0
355824,0,1,3400,-82,82,-21,9.1,3.8,3.9,4928.000000,97,27,11,0.0,0.0,0.0,0.0,0.0,0.0,1.0
356073,0,1,3400,-82,82,-15,10.0,4.0,4.0,0.0,100.000000,27,11,0.0,0.0,0.0,0.0,0.0,0.0,1.0
356322,0,1,3400,-82,82,-28,1.4,4.0,3.9,2016.000000,91,27,11,0.0,0.0,0.0,0.0,0.0,0.0,1.0
356571,0,1,3400,-82,82,-23,1.0,4.3,4.0,0.0,0.0,27,11,0.0,0.0,0.0,0.0,0.0,0.0,1.0
356820,0,1,3400,-81,81,-34,1.8,4.3,4.0,0.0,100.000000,27,11,0.0,0.0,0.0,0.0,0.0,0.0,1.0
357069,0,1,3400,-82,82,-23,2.0,4.7,3.2,10752.000000,76,27,11,0.0,0.0,0.0,0.0,0.0,0.0,1.0
357318,0,1,3400,-81,81,-22,5.3,4.3,3.3,1440.000000,98,27,11,0.0,0.0,0.0,0.0,0.0,0.0,1.0
357567,0,1,3400,-81,81,-24,12,3.9,4.0,448,99,27,11,0.0,0.0,0.0,0.0,0.0,0.0,1.0
357816,0,1,3400,-81,81,-28,15,4.1,4.0,0.0,100.000000,27,11,0.0,0.0,0.0,0.0,0.0,0.0,1.0
358065,0,1,3400,-81,81,-24,13,3.7,4.0,0.0,100.000000,27,11,0.0,0.0,0.0,0.0,0.0,0.0,1.0
358314,0,1,3400,-81,81,-19,11,3.9,4.0,0.0,100.000000,27,11,0.0,0.0,0.0,0.0,0.0,0.0,1.0
358563,0,1,3400,-81,81,-19,10.0,3.9,4.0,0.0,100.000000,27,11,0.0,0.0,0.0,0.0,0.0,0.0,1.0
358812,0,1,3400,-82,82,1.4,8.8,3.7,3.9,2016.000000,96,27,11,0.0,0.0,0.0,0.0,0.0,0.0,1.0
359061,0,1,3400,-82,82,-17,19,3.7,4.0,0.0,100.000000,27,11,0.0,0.0,0.0,0.0,0.0,0.0,1.0
359310,0,1,3400,-81,81,-22,16,3.4,4.0,0.0,100.000000,27,11,0.0,0.0,0.0,0.0,0.0,0.0,1.0
359559,0,1,3400,-82,82,-22,12,3.7,4.0,0.0,100.000000,27,11,0.0,0.0,0.0,0.0,0.0,0.0,1.0
359808,0,1,3400,-82,82,-32,12,3.9,4.0,0.0,100.000000,27,11,0.0,0.0,0.0,0.0,0.0,0.0,1.0
360057,0,1,3400,-82,82,-28,13,3.6,4.0,0.0,100.000000,27,11,0.0,0.0,0.0,0.0,0.0,0.0,1.0
360306,0,1,3400,-81,81,-32,15,3.5,4.0,0.0,100.000000,27,11,0.0,0.0,0.0,0.0,0.0,0.0,1.0
360555,0,1,3400,-82,82,-15,17,3.8,4.0,0.0,100.000000,27,11,0.0,0.0,0.0,0.0,0.0,0.0,1.0
360804,0,1,3400,-82,82,-31,20,3.7,4.0,0.0,100.000000,27,11,0.0,0.0,0.0,0.0,0.0,0.0,1.0
361053,0,1,3400,-82,82,-29,20,3.6,4.0,0.0,100.000000,27,11,0.0,0.0,0.0,0.0,0.0,0.0,1.0
361302,0,1,3400,-82,82,-22,14,3.9,4.0,0.0,100.000000,27,11,0.0,0.0,0.0,0.0,0.0,0.0,1.0
361551,0,1,3400,-82,82,-24,10,3.6,4.0,0.0,100.000000,27,11,0.0,0.0,0.0,0.0,0.0,0.0,1.0
361800,0,1,3400,-81,81,-29,10,3.5,4.0,0.0,100.000000,27,11,0.0,2144.000000,33,0.0,0.0,0.0,1.0
362049,0,1,3400,-82,82,-28,4.0,3.6,3.7,13920.000000,87,27,12,0.0,0.0,0.0,0.0,0.0,0.0,1.0
362298,0,1,3400,-82,82,-20,9.7,3.7,3.9,1920.000000,98,27,12,0.0,0.0,0.0,0.0,0.0,0.0,1.0
362547,0,1,3400,-82,82,-26,10,4.1,4.0,0.0,100.000000,27,12,0.0,0.0,0.0,0.0,0.0,0.0,1.0
362796,0,1,3400,-81,81,-26,10,3.4,4.0,0.0,0.0,27,12,0.0,0.0,0.0,0.0,0.0,0.0,1.0
363045,0,1,3400,-82,82,-29,9.3,3.5,4.0,1440.000000,95,27,12,0.0,0.0,0.0,0.0,0.0,0.0,1.0
363294,0,1,3400,-82,82,-17,14,3.3,4.0,0.0,100.000000,27,12,0.0,0.0,0.0,0.0,0.0,0.0,1.0
363543,0,1,3400,-81,81,-11,20,2.8,4.0,0.0,100.000000,27,12,0.0,0.0,0.0,0.0,0.0,0.0,1.0
363792,0,1,3400,-82,82,-24,21,3.1,4.0,0.0,100.000000,27,12,0.0,0.0,0.0,0.0,0.0,0.0,1.0
364041,0,1,3400,-82,82,-23,25,3.2,4.0,0.0,0.0,27,12,0.0,0.0,0.0,0.0,0.0,0.0,1.0
364290,0,1,3400,-82,82,-27,20,2.9,4.0,0.0,100.000000,27,12,0.0,0.0,0.0,0.0,0.0,0.0,1.0
364539,0,1,3400,-82,82,-17,9.0,3.0,4.0,0.0,100.000000,27,12,0.0,0.0,0.0,0.0,0.0,0.0,1.0
364788,0,1,3400,-81,81,-16,10,2.8,4.0,0.0,100.000000,27,12,0.0,0.0,0.0,0.0,0.0,0.0,1.0
365037,0,1,3400,-82,82,-3.7,13,3.4,4.0,0.0,100.000000,27,12,0.0,0.0,0.0,0.0,0.0,0.0,1.0
365286,0,1,3400,-82,82,-1.8,17,3.3,4.0,0.0,100.000000,27,12,0.0,0.0,0.0,0.0,0.0,0.0,1.0
365536,0,1,3400,-82,82,-7.0,15,3.4,4.0,0.0,100.000000,27,12,0.0,0.0,0.0,0.0,0.0,0.0,1.0
365785,0,1,3400,-82,82,3.8,19,3.0,4.0,0.0,100.000000,27,12,0.0,0.0,0.0,0.0,0.0,0.0,1.0
366034,0,1,3400,-82,82,-24,13,3.2,4.0,0.0,0.0,27,12,0.0,0.0,0.0,0.0,0.0,0.0,1.0
366283,0,1,3400,-82,82,-17,13,3.5,4.0,0.0,0.0,27,12,0.0,0.0,0.0,0.0,0.0,0.0,1.0
366532,0,1,3400,-81,81,24,18,3.0,4.0,0.0,100.000000,27,12,0.0,0.0,0.0,0.0,0.0,0.0,1.0
366781,0,1,3400,-82,82,-20,19,3.4,4.0,0.0,100.000000,27,12,0.0,0.0,0.0,0.0,0.0,0.0,1.0
367030,0,1,3400,-82,82,-22,16,3.6,4.0,0.0,100.000000,27,12,0.0,0.0,0.0,0.0,0.0,0.0,1.0
367279,0,1,3400,-82,82,-23,9.1,3.4,4.0,0.0,100.000000,27,12,0.0,0.0,0.0,0.0,0.0,0.0,1.0
367528,0,1,3400,-82,82,-20,10.0,3.4,4.0,0.0,100.000000,27,12,0.0,0.0,0.0,0.0,0.0,0.0,1.0
367777,0,1,3400,-83,83,-21,10,3.5,4.0,0.0,100.000000,27,12,0.0,0.0,0.0,0.0,0.0,0.0,1.0
368026,0,1,3400,-82,82,-23,16,2.9,4.0,0.0,100.000000,27,12,0.0,0.0,0.0,0.0,0.0,0.0,1.0
368275,0,1,3400,-82,82,-19,14,3.3,4.0,0.0,100.000000,27,12,0.0,0.0,0.0,0.0,0.0,0.0,1.0
368524,0,1,3400,-82,82,-22,10.0,3.0,4.0,0.0,100.000000,27,12,0.0,0.0,0.0,0.0,0.0,0.0,1.0
368773,0,1,3400,-82,82,-9.7,10,3.4,4.0,0.0,0.0,27,12,0.0,0.0,0.0,0.0,0.0,0.0,1.0
369022,0,1,3400,-82,82,-3.6,22,2.9,4.0,0.0,100.000000,27,12,0.0,0.0,0.0,0.0,0.0,0.0,1.0
369271,0,1,3400,-82,82,-7.8,24,2.9,4.0,0.0,100.000000,27,12,0.0,0.0,0.0,0.0,0.0,0.0,1.0
369520,0,1,3400,-82,82,-5.2,18,3.1,4.0,0.0,100.000000,27,12,0.0,0.0,0.0,0.0,0.0,0.0,1.0
369769,0,1,3400,-82,82,-14,13,3.0,4.0,480,99,27,12,0.0,0.0,0.0,0.0,0.0,0.0,1.0
370018,0,1,3400,-82,82,-15,24,3.0,4.0,0.0,100.000000,27,12,0.0,0.0,0.0,0.0,0.0,0.0,1.0
370267,0,1,3400,-82,82,-5.6,20,3.0,4.0,0.0,100.000000,27,12,0.0,0.0,0.0,0.0,0.0,0.0,1.0
370516,0,1,3400,-82,82,1.1,20,3.1,4.0,0.0,0.0,27,12,0.0,0.0,0.0,0.0,0.0,0.0,1.0
370765,0,1,3400,-82,82,-14,14,3.0,4.0,0.0,100.000000,27,12,0.0,0.0,0.0,0.0,0.0,0.0,1.0
371014,0,1,3400,-82,82,-80,12,3.0,4.0,0.0,100.000000,27,12,0.0,0.0,0.0,0.0,0.0,0.0,1.0
371263,0,1,3400,-82,82,-30,8.1,3.0,4.0,480,99,27,12,0.0,0.0,0.0,0.0,0.0,0.0,1.0
371512,0,1,3400,-82,82,-45,4.6,3.1,4.0,0.0,100.000000,27,12,0.0,0.0,0.0,0.0,0.0,0.0,1.0
371761,0,1,3400,-82,82,-22,27,3.1,4.0,0.0,100.000000,27,12,0.0,0.0,0.0,0.0,0.0,0.0,1.0
372010,0,1,3400,-82,82,-22,25,2.9,4.0,0.0,100.000000,27,12,0.0,0.0,0.0,0.0,0.0,0.0,1.0
372259,0,1,3400,-81,81,-29,18,2.5,4.0,1440.000000,93,27,12,0.0,0.0,0.0,0.0,0.0,0.0,1.0
372508,0,1,3400,-81,81,-11,12,2.8,4.0,480,99,27,12,0.0,0.0,0.0,0.0,0.0,0.0,1.0
372757,0,1,3400,-82,82,-20,10.0,3.1,4.0,0.0,100.000000,27,12,0.0,0.0,0.0,0.0,0.0,0.0,1.0
373006,0,1,3400,-82,82,-27,21,2.9,4.0,0.0,100.000000,27,12,0.0,0.0,0.0,0.0,0.0,0.0,1.0
373255,0,1,3400,-81,81,-15,25,2.6,4.0,0.0,0.0,27,12,0.0,0.0,0.0,0.0,0.0,0.0,1.0
373504,0,1,3400,-81,81,-9.8,23,2.8,4.0,0.0,100.000000,27,12,0.0,0.0,0.0,0.0,0.0,0.0,1.0
373753,0,1,3400,-82,82,-13,23,3.0,4.0,0.0,100.000000,27,12,0.0,0.0,0.0,0.0,0.0,0.0,1.0
374002,0,1,3400,-82,82,-17,24,3.1,4.0,0.0,100.000000,27,12,0.0,0.0,0.0,0.0,0.0,0.0,1.0
374251,0,1,3400,-82,82,-18,16,3.2,4.0,0.0,100.000000,27,12,0.0,0.0,0.0,0.0,0.0,0.0,1.0
374500,0,1,3400,-81,81,-21,18,2.7,4.0,0.0,100.000000,27,12,0.0,0.0,0.0,0.0,0.0,0.0,1.0
374749,0,1,3400,-82,82,-25,10,3.1,4.0,0.0,100.000000,27,12,0.0,0.0,0.0,0.0,0.0,0.0,1.0
374998,0,1,3400,-82,82,-29,11,3.1,4.0,0.0,100.000000,27,12,0.0,0.0,0.0,0.0,0.0,0.0,1.0
375247,0,1,3400,-82,82,-17,17,2.9,4.0,0.0,100.000000,27,12,0.0,0.0,0.0,0.0,0.0,0.0,1.0
375496,0,1,3400,-82,82,-15,6.1,2.8,4.0,0.0,100.000000,27,12,0.0,0.0,50,0.0,0.0,0.0,1.0
375745,0,1,3400,-82,82,-15,9.8,2.9,3.7,2016.000000,92,27,14,0.0,0.0,100.000000,0.0,0.0,0.0,1.0
375994,0,1,3400,-82,82,-29,28,3.1,4.0,0.0,100.000000,27,14,0.0,0.0,0.0,0.0,0.0,0.0,1.0
376243,0,1,3400,-82,82,-17,28,3.4,4.0,0.0,0.0,27,14,0.0,0.0,0.0,0.0,0.0,0.0,1.0
376492,0,1,3400,-82,82,-32,28,3.4,4.0,0.0,0.0,27,14,0.0,0.0,0.0,0.0,0.0,0.0,1.0
376741,0,1,3400,-82,82,-30,28,3.4,4.0,0.0,0.0,27,14,0.0,0.0,0.0,0.0,0.0,0.0,1.0
376990,0,1,3400,-82,82,-28,28,3.4,4.0,0.0,0.0,27,14,0.0,0.0,0.0,0.0,0.0,0.0,1.0
377239,0,1,3400,-82,82,-20,28,3.4,4.0,0.0,0.0,27,14,0.0,0.0,0.0,0.0,0.0,0.0,1.0
377488,0,1,3400,-81,81,-18,28,2.9,4.0,0.0,0.0,27,14,0.0,0.0,0.0,0.0,0.0,0.0,1.0
377737,0,1,3400,-82,82,-30,28,3.3,4.0,0.0,0.0,27,14,0.0,0.0,0.0,0.0,0.0,0.0,1.0
377986,0,1,3400,-82,82,-35,28,3.3,4.0,0.0,0.0,27,14,0.0,0.0,0.0,0.0,0.0,0.0,1.0
378235,0,1,3400,-81,81,-32,28,3.2,4.0,0.0,0.0,27,14,0.0,0.0,0.0,0.0,0.0,0.0,1.0
378484,0,1,3400,-82,82,-22,28,3.4,4.0,0.0,0.0,27,14,0.0,0.0,0.0,0.0,0.0,0.0,1.0
378733,0,1,3400,-82,82,-13,28,3.4,4.0,0.0,0.0,27,14,0.0,0.0,0.0,0.0,0.0,0.0,1.0
378982,0,1,3400,-82,82,-24,28,3.5,4.0,0.0,0.0,27,14,0.0,0.0,0.0,0.0,0.0,0.0,1.0
379231,0,1,3400,-81,81,-14,28,3.7,4.0,0.0,0.0,27,14,0.0,0.0,0.0,0.0,0.0,0.0,1.0
379480,0,1,3400,-81,81,-29,28,3.7,4.0,0.0,0.0,27,14,0.0,0.0,0.0,0.0,0.0,0.0,1.0
379729,0,1,3400,-81,81,-22,28,3.8,4.0,0.0,0.0,27,14,0.0,0.0,0.0,0.0,0.0,0.0,1.0
379978,0,1,3400,-81,81,-21,28,3.7,4.0,0.0,0.0,27,14,0.0,0.0,0.0,0.0,0.0,0.0,1.0
380227,0,1,3400,-82,82,-28,28,3.7,4.0,0.0,0.0,27,14,0.0,0.0,0.0,0.0,0.0,0.0,1.0
380476,0,1,3400,-81,81,-17,28,3.5,4.0,0.0,0.0,27,14,0.0,0.0,0.0,0.0,0.0,0.0,1.0
380725,0,1,3400,-82,82,-23,28,3.6,4.0,0.0,0.0,27,14,0.0,0.0,0.0,0.0,0.0,0.0,1.0
380974,0,1,3400,-81,81,-13,28,3.5,4.0,0.0,0.0,27,14,0.0,0.0,0.0,0.0,0.0,0.0,1.0
381223,0,1,3400,-81,81,-32,28,3.3,4.0,0.0,0.0,27,14,0.0,0.0,0.0,0.0,0.0,0.0,1.0
381472,0,1,3400,-81,81,-27,28,3.8,4.0,0.0,0.0,27,14,0.0,0.0,0.0,0.0,0.0,0.0,1.0
381721,0,1,3400,-81,81,-28,28,3.7,4.0,0.0,0.0,27,14,0.0,0.0,0.0,0.0,0.0,0.0,1.0
381970,0,1,3400,-81,81,-33,28,3.7,4.0,0.0,0.0,27,14,0.0,0.0,0.0,0.0,0.0,0.0,1.0
382219,0,1,3400,-81,81,-26,28,3.2,4.0,0.0,0.0,27,14,0.0,0.0,0.0,0.0,0.0,0.0,1.0
382468,0,1,3400,-81,81,-24,28,3.5,4.0,0.0,0.0,27,14,0.0,0.0,0.0,0.0,0.0,0.0,1.0
382717,0,1,3400,-81,81,-26,28,3.3,4.0,0.0,0.0,27,14,0.0,0.0,0.0,0.0,0.0,0.0,1.0
382966,0,1,3400,-82,82,-23,28,3.4,4.0,0.0,0.0,27,14,0.0,0.0,0.0,0.0,0.0,0.0,1.0
383215,0,1,3400,-82,82,-34,28,3.2,4.0,0.0,0.0,27,14,0.0,0.0,0.0,0.0,0.0,0.0,1.0
383464,0,1,3400,-82,82,-42,28,2.9,4.0,0.0,0.0,27,14,0.0,0.0,0.0,0.0,0.0,0.0,1.0
383713,0,1,3400,-81,81,-23,28,2.4,4.0,0.0,0.0,27,14,0.0,0.0,0.0,0.0,0.0,0.0,1.0
383962,0,1,3400,-82,82,-38,28,2.9,4.0,0.0,0.0,27,14,0.0,0.0,0.0,0.0,0.0,0.0,1.0
384211,0,1,3400,-82,82,-24,28,2.7,4.0,0.0,0.0,27,14,0.0,0.0,0.0,0.0,0.0,0.0,1.0
384460,0,1,3400,-82,82,-56,28,2.4,4.0,0.0,0.0,27,14,0.0,0.0,0.0,0.0,0.0,0.0,1.0
384709,0,1,3400,-82,82,-28,28,2.6,4.0,0.0,0.0,27,14,0.0,0.0,0.0,0.0,0.0,0.0,1.0
384958,0,1,3400,-82,82,-28,27,2.6,4.0,0.0,100.000000,27,15,0.0,4256.000000,33,0.0,0.0,0.0,1.0
385207,0,1,3400,-82,82,-27,25,2.6,4.0,0.0,100.000000,27,20,0.0,0.0,0.0,0.0,0.0,0.0,1.0
385456,0,1,3400,-82,82,-30,25,2.6,4.0,0.0,100.000000,27,20,0.0,0.0,0.0,0.0,0.0,0.0,1.0
385705,0,1,3400,-80,80,467,20,7.6,3.3,649,0,27,19,0.0,0.0,0.0,0.0,0.0,0.0,1.0
385954,0,1,3400,-79,79,678,8.6,9.8,1.3,0.0,0.0,27,13,0.0,0.0,100.000000,0.0,0.0,0.0,0.0
386203,0,1,3400,-79,79,687,0.0,9.3,0.22,0.0,0.0,0.0,0.0,0.0,0.0,0.0,0.0,0.0,0.0,0.0
386452,0,1,3400,-78,78,681,0.0,7.5,0.25,0.0,0.0,0.0,0.0,0.0,0.0,0.0,0.0,0.0,0.0,0.0
386701,0,1,3400,-79,79,678,0.0,7.7,0.25,0.0,0.0,0.0,0.0,0.0,0.0,0.0,0.0,0.0,0.0,0.0
386950,0,1,3400,-79,79,679,0.0,7.8,0.25,0.0,0.0,0.0,0.0,0.0,0.0,0.0,0.0,0.0,0.0,0.0
387199,0,1,3400,-79,79,672,0.0,7.7,0.25,0.0,0.0,0.0,0.0,0.0,0.0,0.0,0.0,0.0,0.0,0.0
387448,0,1,3400,-79,79,673,0.0,7.8,0.25,0.0,0.0,0.0,0.0,0.0,0.0,0.0,0.0,0.0,0.0,0.0
387697,0,1,3400,-79,79,678,0.0,7.8,0.25,0.0,0.0,0.0,0.0,0.0,0.0,0.0,0.0,0.0,0.0,0.0
387946,0,1,3400,-79,79,675,0.0,7.8,0.25,0.0,0.0,0.0,0.0,0.0,0.0,0.0,0.0,0.0,0.0,0.0
388195,0,1,3400,-79,79,679,0.0,7.9,0.25,0.0,0.0,0.0,0.0,0.0,0.0,0.0,0.0,0.0,0.0,0.0
388444,0,1,3400,-79,79,680,0.0,7.7,0.25,0.0,0.0,0.0,0.0,0.0,0.0,0.0,0.0,0.0,0.0,0.0
388693,0,1,3400,-79,79,676,0.0,7.7,0.25,0.0,0.0,0.0,0.0,0.0,0.0,0.0,0.0,0.0,0.0,0.0
388942,0,1,3400,-79,79,671,0.0,7.8,0.25,0.0,0.0,0.0,0.0,0.0,0.0,0.0,0.0,0.0,0.0,0.0
389191,0,1,3400,-79,79,665,0.0,7.7,0.25,0.0,0.0,0.0,0.0,0.0,0.0,0.0,0.0,0.0,0.0,0.0
389440,0,1,3400,-79,79,673,0.0,7.7,0.25,0.0,0.0,0.0,0.0,0.0,0.0,0.0,0.0,0.0,0.0,0.0
389689,0,1,3400,-79,79,675,0.0,7.7,0.25,0.0,0.0,0.0,0.0,0.0,0.0,0.0,0.0,0.0,0.0,0.0
389938,0,1,3400,-79,79,667,0.0,7.8,0.25,0.0,0.0,0.0,0.0,0.0,0.0,0.0,0.0,0.0,0.0,0.0
390187,0,1,3400,-79,79,669,0.0,7.8,0.25,0.0,0.0,0.0,0.0,0.0,0.0,0.0,0.0,0.0,0.0,0.0
390436,0,1,3400,-79,79,681,0.0,7.7,0.25,0.0,0.0,0.0,0.0,0.0,0.0,0.0,0.0,0.0,0.0,0.0
390685,0,1,3400,-79,79,681,0.0,7.5,0.25,0.0,0.0,0.0,0.0,0.0,0.0,0.0,0.0,0.0,0.0,0.0
390934,0,1,3400,-79,79,675,0.0,7.7,0.25,0.0,0.0,0.0,0.0,0.0,0.0,0.0,0.0,0.0,0.0,0.0
391183,0,1,3400,-79,79,679,0.0,7.9,0.25,0.0,0.0,0.0,0.0,0.0,0.0,0.0,0.0,0.0,0.0,0.0
391432,0,1,3400,-79,79,679,0.0,8.0,0.25,0.0,0.0,0.0,0.0,0.0,0.0,0.0,0.0,0.0,0.0,0.0
391681,0,1,3400,-79,79,681,0.0,7.6,0.25,0.0,0.0,0.0,0.0,0.0,0.0,0.0,0.0,0.0,0.0,0.0
391930,0,1,3400,-79,79,687,0.0,7.9,0.25,0.0,0.0,0.0,0.0,0.0,0.0,0.0,0.0,0.0,0.0,0.0
392179,0,1,3400,-79,79,686,0.0,7.7,0.25,0.0,0.0,0.0,0.0,0.0,0.0,0.0,0.0,0.0,0.0,0.0
392428,0,1,3400,-79,79,679,0.0,7.5,0.25,0.0,0.0,0.0,0.0,0.0,0.0,0.0,0.0,0.0,0.0,0.0
392677,0,1,3400,-79,79,683,0.0,7.6,0.25,0.0,0.0,0.0,0.0,0.0,0.0,0.0,0.0,0.0,0.0,0.0
392926,0,1,3400,-79,79,686,0.0,7.8,0.25,0.0,0.0,0.0,0.0,0.0,0.0,0.0,0.0,0.0,0.0,0.0
393175,0,1,3400,-79,79,686,0.0,7.8,0.25,0.0,0.0,0.0,0.0,0.0,0.0,0.0,0.0,0.0,0.0,0.0
393424,0,1,3400,-79,79,692,0.0,7.8,0.25,0.0,0.0,0.0,0.0,0.0,0.0,0.0,0.0,0.0,0.0,0.0
393673,0,1,3400,-79,79,691,0.0,7.7,0.25,0.0,0.0,0.0,0.0,0.0,0.0,0.0,0.0,0.0,0.0,0.0
393922,0,1,3400,-79,79,696,0.0,7.7,0.25,0.0,0.0,0.0,0.0,0.0,0.0,0.0,0.0,0.0,0.0,0.0
394171,0,1,3400,-79,79,689,0.0,7.8,0.25,0.0,0.0,0.0,0.0,0.0,0.0,0.0,0.0,0.0,0.0,0.0
394420,0,1,3400,-79,79,682,0.0,7.7,0.25,0.0,0.0,0.0,0.0,0.0,0.0,0.0,0.0,0.0,0.0,0.0
394669,0,1,3400,-79,79,681,0.0,7.7,0.25,0.0,0.0,0.0,0.0,0.0,0.0,0.0,0.0,0.0,0.0,0.0
394918,0,1,3400,-79,79,680,0.0,7.8,0.25,0.0,0.0,0.0,0.0,0.0,0.0,0.0,0.0,0.0,0.0,0.0
395167,0,1,3400,-79,79,687,0.0,7.6,0.25,0.0,0.0,0.0,0.0,0.0,0.0,0.0,0.0,0.0,0.0,0.0
395416,0,1,3400,-79,79,689,0.0,7.9,0.25,0.0,0.0,0.0,0.0,0.0,0.0,0.0,0.0,0.0,0.0,0.0
395665,0,1,3400,-79,79,689,0.0,7.8,0.25,0.0,0.0,0.0,0.0,0.0,0.0,0.0,0.0,0.0,0.0,0.0
395914,0,1,3400,-79,79,686,0.0,7.6,0.25,0.0,0.0,0.0,0.0,0.0,0.0,0.0,0.0,0.0,0.0,0.0
396163,0,1,3400,-79,79,683,0.0,7.5,0.25,0.0,0.0,0.0,0.0,0.0,0.0,0.0,0.0,0.0,0.0,0.0
396412,0,1,3400,-79,79,683,0.0,7.5,0.25,0.0,0.0,0.0,0.0,0.0,0.0,0.0,0.0,0.0,0.0,0.0
396661,0,1,3400,-79,79,683,0.0,8.7,0.25,0.0,0.0,0.0,0.0,0.0,0.0,0.0,0.0,0.0,0.0,0.0
396910,0,1,3400,-79,79,681,0.0,9.4,0.25,0.0,0.0,0.0,0.0,0.0,0.0,0.0,0.0,0.0,0.0,0.0
397159,0,1,3400,-79,79,683,0.0,9.6,0.25,0.0,0.0,0.0,0.0,0.0,0.0,0.0,0.0,0.0,0.0,0.0
397408,0,1,3400,-79,79,684,0.0,9.4,0.25,0.0,0.0,0.0,0.0,0.0,0.0,0.0,0.0,0.0,0.0,0.0
397657,0,1,3400,-79,79,682,0.0,9.6,0.25,0.0,0.0,0.0,0.0,0.0,0.0,0.0,0.0,0.0,0.0,0.0
397906,0,1,3400,-79,79,681,0.0,9.6,0.25,0.0,0.0,0.0,0.0,0.0,0.0,0.0,0.0,0.0,0.0,0.0
398155,0,1,3400,-79,79,681,0.0,9.6,0.25,0.0,0.0,0.0,0.0,0.0,0.0,0.0,0.0,0.0,0.0,0.0
398404,0,1,3400,-79,79,678,0.0,9.7,0.25,0.0,0.0,0.0,0.0,0.0,0.0,0.0,0.0,0.0,0.0,0.0
398653,0,1,3400,-79,79,686,0.0,9.1,0.25,0.0,0.0,0.0,0.0,0.0,0.0,0.0,0.0,0.0,0.0,0.0
398902,0,1,3400,-79,79,690,0.0,9.4,0.25,0.0,0.0,0.0,0.0,0.0,0.0,0.0,0.0,0.0,0.0,0.0
399151,0,1,3400,-79,79,692,0.0,9.6,0.25,0.0,0.0,0.0,0.0,0.0,0.0,0.0,0.0,0.0,0.0,0.0
399400,0,1,3400,-79,79,683,0.0,9.7,0.25,0.0,0.0,0.0,0.0,0.0,0.0,0.0,0.0,0.0,0.0,0.0
399649,0,1,3400,-79,79,674,0.0,9.3,0.25,0.0,0.0,0.0,0.0,0.0,0.0,0.0,0.0,0.0,0.0,0.0
399898,0,1,3400,-79,79,673,0.0,9.7,0.25,0.0,0.0,0.0,0.0,0.0,0.0,0.0,0.0,0.0,0.0,0.0
400147,0,1,3400,-79,79,680,0.0,9.6,0.25,0.0,0.0,0.0,0.0,0.0,0.0,0.0,0.0,0.0,0.0,0.0
400396,0,1,3400,-79,79,686,0.0,9.6,0.25,0.0,0.0,0.0,0.0,0.0,0.0,0.0,0.0,0.0,0.0,0.0
400645,0,1,3400,-79,79,680,0.0,9.7,0.25,0.0,0.0,0.0,0.0,0.0,0.0,0.0,0.0,0.0,0.0,0.0
400894,0,1,3400,-79,79,685,0.0,9.7,0.25,0.0,0.0,0.0,0.0,0.0,0.0,0.0,0.0,0.0,0.0,0.0
401143,0,1,3400,-79,79,684,0.0,10.0,0.25,0.0,0.0,0.0,0.0,0.0,0.0,0.0,0.0,0.0,0.0,0.0
401392,0,1,3400,-79,79,684,0.0,9.5,0.25,0.0,0.0,0.0,0.0,0.0,0.0,0.0,0.0,0.0,0.0,0.0
401641,0,1,3400,-79,79,684,0.0,9.7,0.25,0.0,0.0,0.0,0.0,0.0,0.0,0.0,0.0,0.0,0.0,0.0
401890,0,1,3400,-79,79,677,0.0,9.8,0.25,0.0,0.0,0.0,0.0,0.0,0.0,0.0,0.0,0.0,0.0,0.0
402139,0,1,3400,-79,79,679,0.0,9.6,0.25,0.0,0.0,0.0,0.0,0.0,0.0,0.0,0.0,0.0,0.0,0.0
402388,0,1,3400,-79,79,674,0.0,9.9,0.25,0.0,0.0,0.0,0.0,0.0,0.0,0.0,0.0,0.0,0.0,0.0
402637,0,1,3400,-79,79,674,0.0,9.8,0.25,0.0,0.0,0.0,0.0,0.0,0.0,0.0,0.0,0.0,0.0,0.0
402886,0,1,3400,-79,79,676,0.0,9.7,0.25,0.0,0.0,0.0,0.0,0.0,0.0,0.0,0.0,0.0,0.0,0.0
403135,0,1,3400,-79,79,684,0.0,9.3,0.25,0.0,0.0,0.0,0.0,0.0,0.0,0.0,0.0,0.0,0.0,0.0
403384,0,1,3400,-79,79,687,0.0,9.8,0.25,0.0,0.0,0.0,0.0,0.0,0.0,0.0,0.0,0.0,0.0,0.0
403633,0,1,3400,-79,79,682,0.0,9.7,0.25,0.0,0.0,0.0,0.0,0.0,0.0,0.0,0.0,0.0,0.0,0.0
403882,0,1,3400,-79,79,680,0.0,9.5,0.25,0.0,0.0,0.0,0.0,0.0,0.0,0.0,0.0,0.0,0.0,0.0
404131,0,1,3400,-79,79,684,0.0,9.6,0.25,0.0,0.0,0.0,0.0,0.0,0.0,0.0,0.0,0.0,0.0,0.0
404380,0,1,3400,-79,79,679,0.0,9.7,0.25,0.0,0.0,0.0,0.0,0.0,0.0,0.0,0.0,0.0,0.0,0.0
404629,0,1,3400,-79,79,676,0.0,9.1,0.25,0.0,0.0,0.0,0.0,0.0,0.0,0.0,0.0,0.0,0.0,0.0
404878,0,1,3400,-79,79,686,0.0,8.9,0.25,0.0,0.0,0.0,0.0,0.0,0.0,0.0,0.0,0.0,0.0,0.0
405127,0,1,3400,-79,79,694,0.0,9.6,0.25,0.0,0.0,0.0,0.0,0.0,0.0,0.0,0.0,0.0,0.0,0.0
405376,0,1,3400,-79,79,692,0.0,9.4,0.25,0.0,0.0,0.0,0.0,0.0,0.0,0.0,0.0,0.0,0.0,0.0
405625,0,1,3400,-79,79,683,0.0,9.5,0.25,0.0,0.0,0.0,0.0,0.0,0.0,0.0,0.0,0.0,0.0,0.0
405874,0,1,3400,-79,79,677,0.0,9.4,0.25,0.0,0.0,0.0,0.0,0.0,0.0,0.0,0.0,0.0,0.0,0.0
406123,0,1,3400,-79,79,676,0.0,9.8,0.25,0.0,0.0,0.0,0.0,0.0,0.0,0.0,0.0,0.0,0.0,0.0
406372,0,1,3400,-79,79,674,0.0,9.8,0.25,0.0,0.0,0.0,0.0,0.0,0.0,0.0,0.0,0.0,0.0,0.0
406621,0,1,3400,-79,79,682,0.0,9.8,0.25,0.0,0.0,0.0,0.0,0.0,0.0,0.0,0.0,0.0,0.0,0.0
406870,0,1,3400,-79,79,676,0.0,9.8,0.25,0.0,0.0,0.0,0.0,0.0,0.0,0.0,0.0,0.0,0.0,0.0
407119,0,1,3400,-79,79,674,0.0,9.5,0.25,0.0,0.0,0.0,0.0,0.0,0.0,0.0,0.0,0.0,0.0,0.0
407368,0,1,3400,-79,79,678,0.0,9.5,0.25,0.0,0.0,0.0,0.0,0.0,0.0,0.0,0.0,0.0,0.0,0.0
407617,0,1,3400,-79,79,683,0.0,9.9,0.25,0.0,0.0,0.0,0.0,0.0,0.0,0.0,0.0,0.0,0.0,0.0
407866,0,1,3400,-79,79,691,0.0,9.5,0.25,0.0,0.0,0.0,0.0,0.0,0.0,0.0,0.0,0.0,0.0,0.0
408115,0,1,3400,-79,79,687,0.0,9.7,0.25,0.0,0.0,0.0,0.0,0.0,0.0,0.0,0.0,0.0,0.0,0.0
408364,0,1,3400,-79,79,681,0.0,9.9,0.25,0.0,0.0,0.0,0.0,0.0,0.0,0.0,0.0,0.0,0.0,0.0
408613,0,1,3400,-79,79,685,0.0,9.8,0.25,0.0,0.0,0.0,0.0,0.0,0.0,0.0,0.0,0.0,0.0,0.0
408862,0,1,3400,-79,79,694,0.0,9.9,0.25,0.0,0.0,0.0,0.0,0.0,0.0,0.0,0.0,0.0,0.0,0.0
409111,0,1,3400,-79,79,677,0.0,9.7,0.25,0.0,0.0,0.0,0.0,0.0,0.0,0.0,0.0,0.0,0.0,0.0
409360,0,1,3400,-79,79,673,0.0,9.8,0.25,0.0,0.0,0.0,0.0,0.0,0.0,0.0,0.0,0.0,0.0,0.0
409609,0,1,3400,-79,79,678,0.0,9.7,0.25,0.0,0.0,0.0,0.0,0.0,0.0,0.0,0.0,0.0,0.0,0.0
409858,0,1,3400,-79,79,676,0.0,9.9,0.25,0.0,0.0,0.0,0.0,0.0,0.0,0.0,0.0,0.0,0.0,0.0
410107,0,1,3400,-79,79,681,0.0,9.8,0.25,0.0,0.0,0.0,0.0,0.0,0.0,0.0,0.0,0.0,0.0,0.0
410356,0,1,3400,-79,79,682,8.3,10.0,1.2,0.0,0.0,0.0,0.0,0.0,0.0,0.0,0.0,0.0,0.0,0.0
410605,0,1,3400,-79,79,682,15,10,2.0,0.0,0.0,0.0,0.0,0.0,0.0,0.0,0.0,0.0,0.0,0.0
410854,0,1,3400,-79,79,683,15,9.8,2.0,0.0,0.0,0.0,0.0,0.0,0.0,0.0,0.0,0.0,0.0,0.0
411103,0,1,3400,-79,79,683,1.3,9.9,0.40,0.0,0.0,0.0,0.0,0.0,0.0,0.0,0.0,0.0,0.0,0.0
411352,0,1,3400,-79,79,687,0.0,9.9,0.25,0.0,0.0,0.0,0.0,0.0,0.0,0.0,0.0,0.0,0.0,0.0
411601,0,1,3400,-79,79,686,0.0,9.6,0.25,0.0,0.0,0.0,0.0,0.0,0.0,0.0,0.0,0.0,0.0,0.0
411850,0,1,3400,-79,79,678,0.0,9.5,0.25,0.0,0.0,0.0,0.0,0.0,0.0,0.0,0.0,0.0,0.0,0.0
412099,0,1,3400,-79,79,678,0.0,9.3,0.25,0.0,0.0,0.0,0.0,0.0,0.0,0.0,0.0,0.0,0.0,0.0
412348,0,1,3400,-79,79,682,0.0,9.5,0.25,0.0,0.0,0.0,0.0,0.0,0.0,0.0,0.0,0.0,0.0,0.0
412597,0,1,3400,-79,79,681,0.0,9.6,0.25,0.0,0.0,0.0,0.0,0.0,0.0,0.0,0.0,0.0,0.0,0.0
412846,0,1,3400,-79,79,684,0.0,9.6,0.25,0.0,0.0,0.0,0.0,0.0,0.0,0.0,0.0,0.0,0.0,0.0
413095,0,1,3400,-79,79,681,0.0,9.5,0.25,0.0,0.0,0.0,0.0,0.0,0.0,0.0,0.0,0.0,0.0,0.0
413344,0,1,3400,-79,79,681,0.0,9.7,0.25,0.0,0.0,0.0,0.0,0.0,0.0,0.0,0.0,0.0,0.0,0.0
413593,0,1,3400,-79,79,682,0.0,9.8,0.25,0.0,0.0,0.0,0.0,0.0,0.0,0.0,0.0,0.0,0.0,0.0
413842,0,1,3400,-79,79,678,0.0,9.8,0.25,0.0,0.0,0.0,0.0,0.0,0.0,0.0,0.0,0.0,0.0,0.0
414091,0,1,3400,-79,79,681,0.0,9.8,0.25,0.0,0.0,0.0,0.0,0.0,0.0,0.0,0.0,0.0,0.0,0.0
414340,0,1,3400,-79,79,683,0.0,10.0,0.25,0.0,0.0,0.0,0.0,0.0,0.0,0.0,0.0,0.0,0.0,0.0
414589,0,1,3400,-79,79,682,0.0,9.5,0.25,0.0,0.0,0.0,0.0,0.0,0.0,0.0,0.0,0.0,0.0,0.0
414838,0,1,3400,-79,79,678,0.0,9.5,0.25,0.0,0.0,0.0,0.0,0.0,0.0,0.0,0.0,0.0,0.0,0.0
415087,0,1,3400,-79,79,681,0.0,9.7,0.25,0.0,0.0,0.0,0.0,0.0,0.0,0.0,0.0,0.0,0.0,0.0
415336,0,1,3400,-79,79,688,0.0,9.6,0.25,0.0,0.0,0.0,0.0,0.0,0.0,0.0,0.0,0.0,0.0,0.0
415585,0,1,3400,-79,79,688,0.0,9.5,0.25,0.0,0.0,0.0,0.0,0.0,0.0,0.0,0.0,0.0,0.0,0.0
415834,0,1,3400,-79,79,690,0.0,9.7,0.25,0.0,0.0,0.0,0.0,0.0,0.0,0.0,0.0,0.0,0.0,0.0
416083,0,1,3400,-79,79,688,0.0,9.6,0.25,0.0,0.0,0.0,0.0,0.0,0.0,0.0,0.0,0.0,0.0,0.0
416332,0,1,3400,-79,79,682,0.0,9.9,0.25,0.0,0.0,0.0,0.0,0.0,0.0,0.0,0.0,0.0,0.0,0.0
416581,0,1,3400,-79,79,690,0.0,9.9,0.25,0.0,0.0,0.0,0.0,0.0,0.0,0.0,0.0,0.0,0.0,0.0
416830,0,1,3400,-79,79,689,0.0,9.8,0.25,0.0,0.0,0.0,0.0,0.0,0.0,0.0,0.0,0.0,0.0,0.0
417079,0,1,3400,-79,79,686,0.0,9.6,0.25,0.0,0.0,0.0,0.0,0.0,0.0,0.0,0.0,0.0,0.0,0.0
417328,0,1,3400,-79,79,677,0.0,9.8,0.25,0.0,0.0,0.0,0.0,0.0,0.0,0.0,0.0,0.0,0.0,0.0
417577,0,1,3400,-79,79,673,0.0,9.2,0.25,0.0,0.0,0.0,0.0,0.0,0.0,0.0,0.0,0.0,0.0,0.0
417826,0,1,3400,-79,79,674,0.0,9.8,0.25,0.0,0.0,0.0,0.0,0.0,0.0,0.0,0.0,0.0,0.0,0.0
418075,0,1,3400,-79,79,675,0.0,9.7,0.25,0.0,0.0,0.0,0.0,0.0,0.0,0.0,0.0,0.0,0.0,0.0
418324,0,1,3400,-79,79,676,0.0,9.4,0.25,0.0,0.0,0.0,0.0,0.0,0.0,0.0,0.0,0.0,0.0,0.0
418573,0,1,3400,-79,79,676,0.0,9.8,0.25,0.0,0.0,0.0,0.0,0.0,0.0,0.0,0.0,0.0,0.0,0.0
418822,0,1,3400,-79,79,669,0.0,9.9,0.25,0.0,0.0,0.0,0.0,0.0,0.0,0.0,0.0,0.0,0.0,0.0
419071,0,1,3400,-79,79,669,0.0,9.6,0.25,0.0,0.0,0.0,0.0,0.0,0.0,0.0,0.0,0.0,0.0,0.0
419320,0,1,3400,-79,79,675,0.0,9.6,0.25,0.0,0.0,0.0,0.0,0.0,0.0,0.0,0.0,0.0,0.0,0.0
419569,0,1,3400,-79,79,681,0.0,9.2,0.25,0.0,0.0,0.0,0.0,0.0,0.0,0.0,0.0,0.0,0.0,0.0
419818,0,1,3400,-79,79,685,0.0,9.3,0.25,0.0,0.0,0.0,0.0,0.0,0.0,0.0,0.0,0.0,0.0,0.0
420067,0,1,3400,-79,79,688,0.0,9.7,0.25,0.0,0.0,0.0,0.0,0.0,0.0,0.0,0.0,0.0,0.0,0.0
420316,0,1,3400,-79,79,683,0.0,9.6,0.25,0.0,0.0,0.0,0.0,0.0,0.0,0.0,0.0,0.0,0.0,0.0
420565,0,1,3400,-79,79,683,0.0,9.6,0.25,0.0,0.0,0.0,0.0,0.0,0.0,0.0,0.0,0.0,0.0,0.0
420814,0,1,3400,-79,79,683,0.0,9.3,0.25,0.0,0.0,0.0,0.0,0.0,0.0,0.0,0.0,0.0,0.0,0.0
421063,0,1,3400,-79,79,683,0.0,9.0,0.25,0.0,0.0,0.0,0.0,0.0,0.0,0.0,0.0,0.0,0.0,0.0
421312,0,1,3400,-79,79,681,0.0,8.9,0.25,0.0,0.0,0.0,0.0,0.0,0.0,0.0,0.0,0.0,0.0,0.0
421561,0,1,3400,-79,79,675,0.0,9.2,0.25,0.0,0.0,0.0,0.0,0.0,0.0,0.0,0.0,0.0,0.0,0.0
421810,0,1,3400,-79,79,677,0.0,9.5,0.25,0.0,0.0,0.0,0.0,0.0,0.0,0.0,0.0,0.0,0.0,0.0
422059,0,1,3400,-79,79,680,0.0,9.2,0.25,0.0,0.0,0.0,0.0,0.0,0.0,0.0,0.0,0.0,0.0,0.0
422308,0,1,3400,-79,79,680,0.0,9.5,0.25,0.0,0.0,0.0,0.0,0.0,0.0,0.0,0.0,0.0,0.0,0.0
422557,0,1,3400,-79,79,674,0.0,9.7,0.25,0.0,0.0,0.0,0.0,0.0,0.0,0.0,0.0,0.0,0.0,0.0
422806,0,1,3400,-79,79,671,0.0,9.3,0.25,0.0,0.0,0.0,0.0,0.0,0.0,0.0,0.0,0.0,0.0,0.0
423055,0,1,3400,-79,79,667,0.0,9.6,0.25,0.0,0.0,0.0,0.0,0.0,0.0,0.0,0.0,0.0,0.0,0.0
423304,0,1,3400,-79,79,664,0.0,9.4,0.25,0.0,0.0,0.0,0.0,0.0,0.0,0.0,0.0,0.0,0.0,0.0
423553,0,1,3400,-79,79,673,0.0,9.0,0.25,0.0,0.0,0.0,0.0,0.0,0.0,0.0,0.0,0.0,0.0,0.0
423802,0,1,3400,-79,79,680,0.0,9.5,0.25,0.0,0.0,0.0,0.0,0.0,0.0,0.0,0.0,0.0,0.0,0.0
424051,0,1,3400,-79,79,676,0.0,9.6,0.25,0.0,0.0,0.0,0.0,0.0,0.0,0.0,0.0,0.0,0.0,0.0
424300,0,1,3400,-79,79,675,0.0,9.6,0.25,0.0,0.0,0.0,0.0,0.0,0.0,0.0,0.0,0.0,0.0,0.0
424549,0,1,3400,-79,79,684,0.0,8.9,0.25,0.0,0.0,0.0,0.0,0.0,0.0,0.0,0.0,0.0,0.0,0.0
424798,0,1,3400,-79,79,681,0.0,9.3,0.25,0.0,0.0,0.0,0.0,0.0,0.0,0.0,0.0,0.0,0.0,0.0
425047,0,1,3400,-79,79,680,0.0,9.2,0.25,0.0,0.0,0.0,0.0,0.0,0.0,0.0,0.0,0.0,0.0,0.0
425296,0,1,3400,-79,79,671,0.0,9.3,0.25,0.0,0.0,0.0,0.0,0.0,0.0,0.0,0.0,0.0,0.0,0.0
425545,0,1,3400,-79,79,685,0.0,9.7,0.25,0.0,0.0,0.0,0.0,0.0,0.0,0.0,0.0,0.0,0.0,0.0
425794,0,1,3400,-79,79,682,0.0,9.3,0.25,0.0,0.0,0.0,0.0,0.0,0.0,0.0,0.0,0.0,0.0,0.0
426043,0,1,3400,-79,79,679,0.0,9.7,0.25,0.0,0.0,0.0,0.0,0.0,0.0,0.0,0.0,0.0,0.0,0.0
426292,0,1,3400,-79,79,678,0.0,9.6,0.25,0.0,0.0,0.0,0.0,0.0,0.0,0.0,0.0,0.0,0.0,0.0
426541,0,1,3400,-79,79,672,0.0,9.2,0.25,0.0,0.0,0.0,0.0,0.0,0.0,0.0,0.0,0.0,0.0,0.0
426790,0,1,3400,-79,79,665,0.0,9.7,0.25,0.0,0.0,0.0,0.0,0.0,0.0,0.0,0.0,0.0,0.0,0.0
427039,0,1,3400,-79,79,673,0.0,9.6,0.25,0.0,0.0,0.0,0.0,0.0,0.0,0.0,0.0,0.0,0.0,0.0
427288,0,1,3400,-79,79,676,0.0,9.8,0.25,0.0,0.0,0.0,0.0,0.0,0.0,0.0,0.0,0.0,0.0,0.0
427537,0,1,3400,-79,79,669,0.0,9.8,0.25,0.0,0.0,0.0,0.0,0.0,0.0,0.0,0.0,0.0,0.0,0.0
427786,0,1,3400,-79,79,671,0.0,9.4,0.25,0.0,0.0,0.0,0.0,0.0,0.0,0.0,0.0,0.0,0.0,0.0
428035,0,1,3400,-79,79,676,0.0,9.1,0.25,0.0,0.0,0.0,0.0,0.0,0.0,0.0,0.0,0.0,0.0,0.0
428284,0,1,3400,-79,79,681,0.0,9.3,0.25,0.0,0.0,0.0,0.0,0.0,0.0,0.0,0.0,0.0,0.0,0.0
428533,0,1,3400,-79,79,683,0.0,9.8,0.25,0.0,0.0,0.0,0.0,0.0,0.0,0.0,0.0,0.0,0.0,0.0
428782,0,1,3400,-79,79,684,0.0,9.4,0.25,0.0,0.0,0.0,0.0,0.0,0.0,0.0,0.0,0.0,0.0,0.0
429031,0,1,3400,-79,79,686,0.0,9.1,0.25,0.0,0.0,0.0,0.0,0.0,0.0,0.0,0.0,0.0,0.0,0.0
429280,0,1,3400,-79,79,692,0.0,9.2,0.25,0.0,0.0,0.0,0.0,0.0,0.0,0.0,0.0,0.0,0.0,0.0
429529,0,1,3400,-79,79,674,0.0,9.3,0.25,0.0,0.0,0.0,0.0,0.0,0.0,0.0,0.0,0.0,0.0,0.0
429778,0,1,3400,-79,79,668,0.0,9.6,0.25,0.0,0.0,0.0,0.0,0.0,0.0,0.0,0.0,0.0,0.0,0.0
430027,0,1,3400,-79,79,674,0.0,9.5,0.25,0.0,0.0,0.0,0.0,0.0,0.0,0.0,0.0,0.0,0.0,0.0
430276,0,1,3400,-79,79,682,8.5,8.9,1.4,0.0,0.0,0.0,0.0,0.0,0.0,0.0,0.0,0.0,0.0,0.0
430525,0,1,3400,-79,79,685,15,9.5,2.2,0.0,0.0,0.0,0.0,0.0,0.0,0.0,0.0,0.0,0.0,0.0
430774,0,1,3400,-79,79,678,15,9.2,2.2,0.0,0.0,0.0,0.0,0.0,0.0,0.0,0.0,0.0,0.0,0.0
431023,0,1,3400,-79,79,678,15,9.5,2.2,0.0,0.0,0.0,0.0,0.0,0.0,0.0,0.0,0.0,0.0,0.0
431272,0,1,3400,-79,79,676,15,9.2,2.2,0.0,0.0,0.0,0.0,0.0,0.0,0.0,0.0,0.0,0.0,0.0
431521,0,1,3400,-79,79,677,15,9.3,2.2,0.0,0.0,0.0,0.0,0.0,0.0,0.0,0.0,0.0,0.0,0.0
431770,0,1,3400,-79,79,679,15,9.0,2.2,0.0,0.0,0.0,0.0,0.0,0.0,0.0,0.0,0.0,0.0,0.0
432019,0,1,3400,-79,79,681,15,9.5,2.2,0.0,0.0,0.0,0.0,0.0,0.0,0.0,0.0,0.0,0.0,0.0
432268,0,1,3400,-79,79,687,15,9.4,2.2,0.0,0.0,0.0,0.0,0.0,0.0,0.0,0.0,0.0,0.0,0.0
432517,0,1,3400,-79,79,685,15,9.0,2.2,0.0,0.0,0.0,0.0,0.0,0.0,0.0,0.0,0.0,0.0,0.0
432766,0,1,3400,-79,79,689,15,9.6,2.2,0.0,0.0,0.0,0.0,0.0,0.0,0.0,0.0,0.0,0.0,0.0
433015,0,1,3400,-79,79,687,15,9.6,2.3,0.0,0.0,0.0,0.0,0.0,0.0,0.0,0.0,0.0,0.0,0.0
433264,0,1,3400,-79,79,679,15,9.6,2.2,0.0,0.0,0.0,0.0,0.0,0.0,0.0,0.0,0.0,0.0,0.0
433513,0,1,3400,-79,79,677,15,9.8,2.2,0.0,0.0,0.0,0.0,0.0,0.0,0.0,0.0,0.0,0.0,0.0
433762,0,1,3400,-79,79,681,15,9.8,2.2,0.0,0.0,0.0,0.0,0.0,0.0,0.0,0.0,0.0,0.0,0.0
434011,0,1,3400,-79,79,692,15,9.8,2.2,0.0,0.0,0.0,0.0,0.0,0.0,0.0,0.0,0.0,0.0,0.0
434260,0,1,3400,-79,79,683,15,9.7,2.2,0.0,0.0,0.0,0.0,0.0,0.0,0.0,0.0,0.0,0.0,0.0
434509,0,1,3400,-79,79,683,15,9.0,2.2,0.0,0.0,0.0,0.0,0.0,0.0,0.0,0.0,0.0,0.0,0.0
434758,0,1,3400,-79,79,682,15,9.6,2.2,0.0,0.0,0.0,0.0,0.0,0.0,0.0,0.0,0.0,0.0,0.0
435007,0,1,3400,-79,79,677,15,9.2,2.2,0.0,0.0,0.0,0.0,0.0,0.0,0.0,0.0,0.0,0.0,0.0
435256,0,1,3400,-79,79,681,15,9.4,2.2,0.0,0.0,0.0,0.0,0.0,0.0,0.0,0.0,0.0,0.0,0.0
435505,0,1,3400,-79,79,684,15,9.4,2.2,0.0,0.0,0.0,0.0,0.0,0.0,0.0,0.0,0.0,0.0,0.0
435754,0,1,3400,-79,79,670,15,9.4,2.2,0.0,0.0,0.0,0.0,0.0,0.0,0.0,0.0,0.0,0.0,0.0
436003,0,1,3400,-79,79,665,15,10.0,2.2,0.0,0.0,0.0,0.0,0.0,0.0,0.0,0.0,0.0,0.0,0.0
436252,0,1,3400,-79,79,672,15,9.2,2.2,0.0,0.0,0.0,0.0,0.0,0.0,0.0,0.0,0.0,0.0,0.0
436501,0,1,3400,-79,79,677,15,9.6,2.2,0.0,0.0,0.0,0.0,0.0,0.0,0.0,0.0,0.0,0.0,0.0
436750,0,1,3400,-79,79,677,15,9.7,2.2,0.0,0.0,0.0,0.0,0.0,0.0,0.0,0.0,0.0,0.0,0.0
436999,0,1,3400,-79,79,682,15,9.5,2.2,0.0,0.0,0.0,0.0,0.0,0.0,0.0,0.0,0.0,0.0,0.0
437248,0,1,3400,-79,79,684,15,9.9,2.2,0.0,0.0,0.0,0.0,0.0,0.0,0.0,0.0,0.0,0.0,0.0
437497,0,1,3400,-79,79,686,15,9.2,2.2,0.0,0.0,0.0,0.0,0.0,0.0,0.0,0.0,0.0,0.0,0.0
437746,0,1,3400,-79,79,688,15,9.8,2.2,0.0,0.0,0.0,0.0,0.0,0.0,0.0,0.0,0.0,0.0,0.0
437995,0,1,3400,-79,79,685,15,9.5,2.2,0.0,0.0,0.0,0.0,0.0,0.0,0.0,0.0,0.0,0.0,0.0
438244,0,1,3400,-79,79,688,15,9.6,2.2,0.0,0.0,0.0,0.0,0.0,0.0,0.0,0.0,0.0,0.0,0.0
438493,0,1,3400,-79,79,688,15,9.9,2.2,0.0,0.0,0.0,0.0,0.0,0.0,0.0,0.0,0.0,0.0,0.0
438742,0,1,3400,-79,79,690,15,10.0,2.2,0.0,0.0,0.0,0.0,0.0,0.0,0.0,0.0,0.0,0.0,0.0
438991,0,1,3400,-79,79,682,15,9.6,2.2,0.0,0.0,0.0,0.0,0.0,0.0,0.0,0.0,0.0,0.0,0.0
439240,0,1,3400,-79,79,683,15,9.9,2.2,0.0,0.0,0.0,0.0,0.0,0.0,0.0,0.0,0.0,0.0,0.0
439489,0,1,3400,-79,79,686,15,9.8,2.2,0.0,0.0,0.0,0.0,0.0,0.0,0.0,0.0,0.0,0.0,0.0
439738,0,1,3400,-79,79,692,15,9.5,2.2,0.0,0.0,0.0,0.0,0.0,0.0,0.0,0.0,0.0,0.0,0.0
439987,0,1,3400,-79,79,684,15,9.7,2.2,0.0,0.0,0.0,0.0,0.0,0.0,0.0,0.0,0.0,0.0,0.0
440236,0,1,3400,-79,79,678,15,9.7,2.2,0.0,0.0,0.0,0.0,0.0,0.0,0.0,0.0,0.0,0.0,0.0
440485,0,1,3400,-79,79,682,15,9.0,2.2,0.0,0.0,0.0,0.0,0.0,0.0,0.0,0.0,0.0,0.0,0.0
440734,0,1,3400,-79,79,687,15,9.5,2.2,0.0,0.0,0.0,0.0,0.0,0.0,0.0,0.0,0.0,0.0,0.0
440983,0,1,3400,-79,79,682,15,9.4,2.2,0.0,0.0,0.0,0.0,0.0,0.0,0.0,0.0,0.0,0.0,0.0
441232,0,1,3400,-79,79,681,15,9.8,2.2,0.0,0.0,0.0,0.0,0.0,0.0,0.0,0.0,0.0,0.0,0.0
441481,0,1,3400,-79,79,681,15,9.7,2.2,0.0,0.0,0.0,0.0,0.0,0.0,0.0,0.0,0.0,0.0,0.0
441730,0,1,3400,-79,79,675,15,9.3,2.2,0.0,0.0,0.0,0.0,0.0,0.0,0.0,0.0,0.0,0.0,0.0
441979,0,1,3400,-79,79,664,15,9.4,2.2,0.0,0.0,0.0,0.0,0.0,0.0,0.0,0.0,0.0,0.0,0.0
442228,0,1,3400,-79,79,662,15,9.9,2.2,0.0,0.0,0.0,0.0,0.0,0.0,0.0,0.0,0.0,0.0,0.0
442477,0,1,3400,-79,79,673,15,9.6,2.2,0.0,0.0,0.0,0.0,0.0,0.0,0.0,0.0,0.0,0.0,0.0
442726,0,1,3400,-79,79,675,15,9.4,2.2,0.0,0.0,0.0,0.0,0.0,0.0,0.0,0.0,0.0,0.0,0.0
442975,0,1,3400,-79,79,676,15,9.9,2.2,0.0,0.0,0.0,0.0,0.0,0.0,0.0,0.0,0.0,0.0,0.0
443224,0,1,3400,-79,79,670,15,9.3,2.2,0.0,0.0,0.0,0.0,0.0,0.0,0.0,0.0,0.0,0.0,0.0
443473,0,1,3400,-79,79,667,15,8.9,2.2,0.0,0.0,0.0,0.0,0.0,0.0,0.0,0.0,0.0,0.0,0.0
443722,0,1,3400,-79,79,670,15,9.8,2.2,0.0,0.0,0.0,0.0,0.0,0.0,0.0,0.0,0.0,0.0,0.0
443971,0,1,3400,-79,79,674,15,9.7,2.2,0.0,0.0,0.0,0.0,0.0,0.0,0.0,0.0,0.0,0.0,0.0
444220,0,1,3400,-79,79,670,15,9.9,2.2,0.0,0.0,0.0,0.0,0.0,0.0,0.0,0.0,0.0,0.0,0.0
444469,0,1,3400,-79,79,676,15,9.9,2.2,0.0,0.0,0.0,0.0,0.0,0.0,0.0,0.0,0.0,0.0,0.0
444718,0,1,3400,-79,79,672,15,9.6,2.2,0.0,0.0,0.0,0.0,0.0,0.0,0.0,0.0,0.0,0.0,0.0
444967,0,1,3400,-79,79,673,15,9.6,2.2,0.0,0.0,0.0,0.0,0.0,0.0,0.0,0.0,0.0,0.0,0.0
445216,0,1,3400,-79,79,673,15,9.8,2.2,0.0,0.0,0.0,0.0,0.0,0.0,0.0,0.0,0.0,0.0,0.0
445465,0,1,3400,-79,79,672,15,10.0,2.2,0.0,0.0,0.0,0.0,0.0,0.0,0.0,0.0,0.0,0.0,0.0
445714,0,1,3400,-79,79,680,15,9.6,2.2,0.0,0.0,0.0,0.0,0.0,0.0,0.0,0.0,0.0,0.0,0.0
445963,0,1,3400,-79,79,683,15,9.5,2.2,0.0,0.0,0.0,0.0,0.0,0.0,0.0,0.0,0.0,0.0,0.0
446212,0,1,3400,-79,79,688,15,10,2.3,0.0,0.0,0.0,0.0,0.0,0.0,0.0,0.0,0.0,0.0,0.0
446461,0,1,3400,-79,79,679,15,9.9,2.2,0.0,0.0,0.0,0.0,0.0,0.0,0.0,0.0,0.0,0.0,0.0
446710,0,1,3400,-79,79,675,15,9.8,2.2,0.0,0.0,0.0,0.0,0.0,0.0,0.0,0.0,0.0,0.0,0.0
446959,0,1,3400,-79,79,672,15,9.4,2.2,0.0,0.0,0.0,0.0,0.0,0.0,0.0,0.0,0.0,0.0,0.0
447208,0,1,3400,-79,79,671,15,9.7,2.2,0.0,0.0,0.0,0.0,0.0,0.0,0.0,0.0,0.0,0.0,0.0
447457,0,1,3400,-79,79,669,15,9.8,2.2,0.0,0.0,0.0,0.0,0.0,0.0,0.0,0.0,0.0,0.0,0.0
447706,0,1,3400,-79,79,674,15,10.0,2.2,0.0,0.0,0.0,0.0,0.0,0.0,0.0,0.0,0.0,0.0,0.0
447955,0,1,3400,-79,79,679,15,10,2.2,0.0,0.0,0.0,0.0,0.0,0.0,0.0,0.0,0.0,0.0,0.0
448204,0,1,3400,-79,79,682,15,10,2.2,0.0,0.0,0.0,0.0,0.0,0.0,0.0,0.0,0.0,0.0,0.0
448453,0,1,3400,-79,79,674,15,10,2.2,0.0,0.0,0.0,0.0,0.0,0.0,0.0,0.0,0.0,0.0,0.0
448702,0,1,3400,-79,79,671,15,10,2.2,0.0,0.0,0.0,0.0,0.0,0.0,0.0,0.0,0.0,0.0,0.0
448951,0,1,3400,-79,79,676,15,10,2.2,0.0,0.0,0.0,0.0,0.0,0.0,0.0,0.0,0.0,0.0,0.0
449200,0,1,3400,-79,79,678,15,10,2.2,0.0,0.0,0.0,0.0,0.0,0.0,0.0,0.0,0.0,0.0,0.0
449449,0,1,3400,-79,79,667,15,10,2.2,0.0,0.0,0.0,0.0,0.0,0.0,0.0,0.0,0.0,0.0,0.0
449698,0,1,3400,-79,79,670,15,10,2.2,0.0,0.0,0.0,0.0,0.0,0.0,0.0,0.0,0.0,0.0,0.0
449947,0,1,3400,-79,79,680,15,10,2.2,0.0,0.0,0.0,0.0,0.0,0.0,0.0,0.0,0.0,0.0,0.0
450196,0,1,3400,-79,79,680,15,10,2.2,0.0,0.0,0.0,0.0,0.0,0.0,0.0,0.0,0.0,0.0,0.0
450445,0,1,3400,-79,79,684,15,10,2.2,0.0,0.0,0.0,0.0,0.0,0.0,0.0,0.0,0.0,0.0,0.0
450694,0,1,3400,-79,79,682,15,10,2.2,0.0,0.0,0.0,0.0,0.0,0.0,0.0,0.0,0.0,0.0,0.0
450943,0,1,3400,-79,79,679,15,10,2.2,0.0,0.0,0.0,0.0,0.0,0.0,0.0,0.0,0.0,0.0,0.0
451192,0,1,3400,-79,79,681,15,10,2.2,0.0,0.0,0.0,0.0,0.0,0.0,0.0,0.0,0.0,0.0,0.0
451441,0,1,3400,-79,79,689,15,10,2.2,0.0,0.0,0.0,0.0,0.0,0.0,0.0,0.0,0.0,0.0,0.0
451690,0,1,3400,-79,79,686,15,10.0,2.2,0.0,0.0,0.0,0.0,0.0,0.0,0.0,0.0,0.0,0.0,0.0
451939,0,1,3400,-79,79,681,15,10,2.2,0.0,0.0,0.0,0.0,0.0,0.0,0.0,0.0,0.0,0.0,0.0
452188,0,1,3400,-79,79,683,15,10,2.2,0.0,0.0,0.0,0.0,0.0,0.0,0.0,0.0,0.0,0.0,0.0
452437,0,1,3400,-79,79,671,15,10,2.2,0.0,0.0,0.0,0.0,0.0,0.0,0.0,0.0,0.0,0.0,0.0
452686,0,1,3400,-79,79,673,15,10.0,2.2,0.0,0.0,0.0,0.0,0.0,0.0,0.0,0.0,0.0,0.0,0.0
452935,0,1,3400,-79,79,671,15,10,2.2,0.0,0.0,0.0,0.0,0.0,0.0,0.0,0.0,0.0,0.0,0.0
453184,0,1,3400,-79,79,679,15,9.9,2.2,0.0,0.0,0.0,0.0,0.0,0.0,0.0,0.0,0.0,0.0,0.0
453433,0,1,3400,-81,81,691,15,8.9,2.2,0.0,0.0,0.0,0.0,0.0,0.0,0.0,0.0,0.0,0.0,0.0
453682,0,1,3400,-81,81,691,15,8.9,2.2,0.0,0.0,0.0,0.0,0.0,0.0,0.0,0.0,0.0,0.0,0.0
453931,0,1,3400,-81,81,691,15,8.9,2.2,0.0,0.0,0.0,0.0,0.0,0.0,0.0,0.0,0.0,0.0,0.0
454180,0,1,3400,-81,81,691,15,8.9,2.2,0.0,0.0,0.0,0.0,0.0,0.0,0.0,0.0,0.0,0.0,0.0
454429,0,1,3400,-81,81,691,15,8.9,2.2,0.0,0.0,0.0,0.0,0.0,0.0,0.0,0.0,0.0,0.0,0.0
454678,0,1,3400,-81,81,691,15,8.9,2.2,0.0,0.0,0.0,0.0,0.0,0.0,0.0,0.0,0.0,0.0,0.0
454927,0,1,3400,-81,81,691,15,8.9,2.2,0.0,0.0,0.0,0.0,0.0,0.0,0.0,0.0,0.0,0.0,0.0
455176,0,1,3400,-81,81,691,15,8.9,2.2,0.0,0.0,0.0,0.0,0.0,0.0,0.0,0.0,0.0,0.0,0.0
455425,0,1,3400,-81,81,691,15,8.9,2.2,0.0,0.0,0.0,0.0,0.0,0.0,0.0,0.0,0.0,0.0,0.0
455674,0,1,3400,-81,81,691,15,8.9,2.2,0.0,0.0,0.0,0.0,0.0,0.0,0.0,0.0,0.0,0.0,0.0
455923,0,1,3400,-81,81,691,15,8.9,2.2,0.0,0.0,0.0,0.0,0.0,0.0,0.0,0.0,0.0,0.0,0.0
456172,0,1,3400,-81,81,691,15,8.9,2.2,0.0,0.0,0.0,0.0,0.0,0.0,0.0,0.0,0.0,0.0,0.0
456421,0,1,3400,-81,81,691,15,8.9,2.2,0.0,0.0,0.0,0.0,0.0,0.0,0.0,0.0,0.0,0.0,0.0
456670,0,1,3400,-81,81,691,15,8.9,2.2,0.0,0.0,0.0,0.0,0.0,0.0,0.0,0.0,0.0,0.0,0.0
456919,0,1,3400,-81,81,691,15,8.9,2.2,0.0,0.0,0.0,0.0,0.0,0.0,0.0,0.0,0.0,0.0,0.0
457168,0,1,3400,-81,81,691,15,8.9,2.2,0.0,0.0,0.0,0.0,0.0,0.0,0.0,0.0,0.0,0.0,0.0
457417,0,1,3400,-81,81,691,15,8.9,2.2,0.0,0.0,0.0,0.0,0.0,0.0,0.0,0.0,0.0,0.0,0.0
457666,0,1,3400,-81,81,691,15,8.9,2.2,0.0,0.0,0.0,0.0,0.0,0.0,0.0,0.0,0.0,0.0,0.0
457915,0,1,3400,-81,81,691,15,8.9,2.2,0.0,0.0,0.0,0.0,0.0,0.0,0.0,0.0,0.0,0.0,0.0
458164,0,1,3400,-81,81,691,15,8.9,2.2,0.0,0.0,0.0,0.0,0.0,0.0,0.0,0.0,0.0,0.0,0.0
458413,0,1,3400,-81,81,691,15,8.9,2.2,0.0,0.0,0.0,0.0,0.0,0.0,0.0,0.0,0.0,0.0,0.0
458662,0,1,3400,-81,81,691,15,8.9,2.2,0.0,0.0,0.0,0.0,0.0,0.0,0.0,0.0,0.0,0.0,0.0
458911,0,1,3400,-81,81,691,15,8.9,2.2,0.0,