time,cc,pci,earfcn,rsrp,pl,cfo,dl_mcs,dl_snr,dl_turbo,dl_brate,dl_bler,ul_ta,ul_mcs,ul_buff,ul_brate,ul_bler,rf_o,rf_u,rf_l,is_attached
0,0,0,4294967295,0.0,0.0,0.0,0.0,0.0,0.0,0.0,0.0,0.0,0.0,0.0,0.0,0.0,0.0,0.0,0.0,0.0
249,0,0,3400,0.0,0.0,0.0,0.0,0.0,0.0,0.0,0.0,0.0,0.0,0.0,0.0,0.0,0.0,0.0,0.0,0.0
498,0,0,3400,0.0,0.0,0.0,0.0,0.0,0.0,0.0,0.0,0.0,0.0,0.0,0.0,0.0,0.0,0.0,0.0,0.0
747,0,0,3400,0.0,0.0,0.0,0.0,0.0,0.0,0.0,0.0,0.0,0.0,0.0,0.0,0.0,0.0,0.0,0.0,0.0
996,0,0,3400,0.0,0.0,0.0,0.0,0.0,0.0,0.0,0.0,0.0,0.0,0.0,0.0,0.0,0.0,0.0,0.0,0.0
1245,0,0,3400,0.0,0.0,0.0,0.0,0.0,0.0,0.0,0.0,0.0,0.0,0.0,0.0,0.0,0.0,0.0,0.0,0.0
1494,0,0,3400,0.0,0.0,0.0,0.0,0.0,0.0,0.0,0.0,0.0,0.0,0.0,0.0,0.0,0.0,0.0,0.0,0.0
1743,0,0,3400,0.0,0.0,0.0,0.0,0.0,0.0,0.0,0.0,0.0,0.0,0.0,0.0,0.0,0.0,0.0,0.0,0.0
1992,0,0,3400,0.0,0.0,0.0,0.0,0.0,0.0,0.0,0.0,0.0,0.0,0.0,0.0,0.0,0.0,0.0,0.0,0.0
2241,0,0,3400,0.0,0.0,0.0,0.0,0.0,0.0,0.0,0.0,0.0,0.0,0.0,0.0,0.0,0.0,0.0,0.0,0.0
2490,0,0,3400,0.0,0.0,0.0,0.0,0.0,0.0,0.0,0.0,0.0,0.0,0.0,0.0,0.0,0.0,0.0,0.0,0.0
2739,0,0,3400,0.0,0.0,0.0,0.0,0.0,0.0,0.0,0.0,0.0,0.0,0.0,0.0,0.0,0.0,0.0,0.0,0.0
2988,0,0,3400,0.0,0.0,0.0,0.0,0.0,0.0,0.0,0.0,0.0,0.0,0.0,0.0,0.0,0.0,0.0,0.0,0.0
3237,0,0,3400,0.0,0.0,0.0,0.0,0.0,0.0,0.0,0.0,0.0,0.0,0.0,0.0,0.0,0.0,0.0,0.0,0.0
3486,0,0,3400,0.0,0.0,0.0,0.0,0.0,0.0,0.0,0.0,0.0,0.0,0.0,0.0,0.0,0.0,0.0,0.0,0.0
3735,0,0,3400,0.0,0.0,0.0,0.0,0.0,0.0,0.0,0.0,0.0,0.0,0.0,0.0,0.0,0.0,0.0,0.0,0.0
3984,0,0,3400,0.0,0.0,0.0,0.0,0.0,0.0,0.0,0.0,0.0,0.0,0.0,0.0,0.0,0.0,0.0,0.0,0.0
4233,0,0,3400,0.0,0.0,0.0,0.0,0.0,0.0,0.0,0.0,0.0,0.0,0.0,0.0,0.0,0.0,0.0,0.0,0.0
4482,0,0,3400,0.0,0.0,0.0,0.0,0.0,0.0,0.0,0.0,0.0,0.0,0.0,0.0,0.0,0.0,0.0,0.0,0.0
4731,0,0,3400,0.0,0.0,0.0,0.0,0.0,0.0,0.0,0.0,0.0,0.0,0.0,0.0,0.0,0.0,0.0,0.0,0.0
4980,0,0,3400,0.0,0.0,0.0,0.0,0.0,0.0,0.0,0.0,0.0,0.0,0.0,0.0,0.0,0.0,0.0,0.0,0.0
5229,0,0,3400,0.0,0.0,0.0,0.0,0.0,0.0,0.0,0.0,0.0,0.0,0.0,0.0,0.0,0.0,0.0,0.0,0.0
5478,0,0,3400,0.0,0.0,0.0,0.0,0.0,0.0,0.0,0.0,0.0,0.0,0.0,0.0,0.0,0.0,0.0,0.0,0.0
5727,0,0,3400,0.0,0.0,0.0,0.0,0.0,0.0,0.0,0.0,0.0,0.0,0.0,0.0,0.0,0.0,0.0,0.0,0.0
5976,0,0,3400,0.0,0.0,0.0,0.0,0.0,0.0,0.0,0.0,0.0,0.0,0.0,0.0,0.0,0.0,0.0,0.0,0.0
6225,0,0,3400,0.0,0.0,0.0,0.0,0.0,0.0,0.0,0.0,0.0,0.0,0.0,0.0,0.0,0.0,0.0,0.0,0.0
6474,0,0,3400,0.0,0.0,0.0,0.0,0.0,0.0,0.0,0.0,0.0,0.0,0.0,0.0,0.0,0.0,0.0,0.0,0.0
6723,0,0,3400,0.0,0.0,0.0,0.0,0.0,0.0,0.0,0.0,0.0,0.0,0.0,0.0,0.0,0.0,0.0,0.0,0.0
6972,0,0,3400,0.0,0.0,0.0,0.0,0.0,0.0,0.0,0.0,0.0,0.0,0.0,0.0,0.0,0.0,0.0,0.0,0.0
7221,0,0,3400,0.0,0.0,0.0,0.0,0.0,0.0,0.0,0.0,0.0,0.0,0.0,0.0,0.0,0.0,0.0,0.0,0.0
7470,0,0,3400,0.0,0.0,0.0,0.0,0.0,0.0,0.0,0.0,0.0,0.0,0.0,0.0,0.0,0.0,0.0,0.0,0.0
7719,0,0,3400,0.0,0.0,0.0,0.0,0.0,0.0,0.0,0.0,0.0,0.0,0.0,0.0,0.0,0.0,0.0,0.0,0.0
7968,0,0,3400,0.0,0.0,0.0,0.0,0.0,0.0,0.0,0.0,0.0,0.0,0.0,0.0,0.0,0.0,0.0,0.0,0.0
8217,0,0,3400,0.0,0.0,0.0,0.0,0.0,0.0,0.0,0.0,0.0,0.0,0.0,0.0,0.0,0.0,0.0,0.0,0.0
8466,0,0,3400,0.0,0.0,0.0,0.0,0.0,0.0,0.0,0.0,0.0,0.0,0.0,0.0,0.0,0.0,0.0,0.0,0.0
8715,0,0,3400,0.0,0.0,0.0,0.0,0.0,0.0,0.0,0.0,0.0,0.0,0.0,0.0,0.0,0.0,0.0,0.0,0.0
8964,0,0,3400,0.0,0.0,0.0,0.0,0.0,0.0,0.0,0.0,0.0,0.0,0.0,0.0,0.0,0.0,0.0,0.0,0.0
9213,0,0,3400,0.0,0.0,0.0,0.0,0.0,0.0,0.0,0.0,0.0,0.0,0.0,0.0,0.0,0.0,0.0,0.0,0.0
9462,0,0,3400,0.0,0.0,0.0,0.0,0.0,0.0,0.0,0.0,0.0,0.0,0.0,0.0,0.0,0.0,0.0,0.0,0.0
9712,0,0,3400,0.0,0.0,0.0,0.0,0.0,0.0,0.0,0.0,0.0,0.0,0.0,0.0,0.0,0.0,0.0,0.0,0.0
9961,0,0,3400,0.0,0.0,0.0,0.0,0.0,0.0,0.0,0.0,0.0,0.0,0.0,0.0,0.0,0.0,0.0,0.0,0.0
10210,0,0,3400,0.0,0.0,0.0,0.0,0.0,0.0,0.0,0.0,0.0,0.0,0.0,0.0,0.0,0.0,0.0,0.0,0.0
10459,0,0,3400,0.0,0.0,0.0,0.0,0.0,0.0,0.0,0.0,0.0,0.0,0.0,0.0,0.0,0.0,0.0,0.0,0.0
10708,0,0,3400,0.0,0.0,0.0,0.0,0.0,0.0,0.0,0.0,0.0,0.0,0.0,0.0,0.0,0.0,0.0,0.0,0.0
10957,0,0,3400,0.0,0.0,0.0,0.0,0.0,0.0,0.0,0.0,0.0,0.0,0.0,0.0,0.0,0.0,0.0,0.0,0.0
11206,0,0,3400,0.0,0.0,0.0,0.0,0.0,0.0,0.0,0.0,0.0,0.0,0.0,0.0,0.0,0.0,0.0,0.0,0.0
11455,0,0,3400,0.0,0.0,0.0,0.0,0.0,0.0,0.0,0.0,0.0,0.0,0.0,0.0,0.0,0.0,0.0,0.0,0.0
11704,0,0,3400,0.0,0.0,0.0,0.0,0.0,0.0,0.0,0.0,0.0,0.0,0.0,0.0,0.0,0.0,0.0,0.0,0.0
11953,0,0,3400,0.0,0.0,0.0,0.0,0.0,0.0,0.0,0.0,0.0,0.0,0.0,0.0,0.0,0.0,0.0,0.0,0.0
12202,0,0,3400,0.0,0.0,0.0,0.0,0.0,0.0,0.0,0.0,0.0,0.0,0.0,0.0,0.0,0.0,0.0,0.0,0.0
12451,0,0,3400,0.0,0.0,0.0,0.0,0.0,0.0,0.0,0.0,0.0,0.0,0.0,0.0,0.0,0.0,0.0,0.0,0.0
12700,0,0,3400,0.0,0.0,0.0,0.0,0.0,0.0,0.0,0.0,0.0,0.0,0.0,0.0,0.0,0.0,0.0,0.0,0.0
12949,0,0,3400,0.0,0.0,0.0,0.0,0.0,0.0,0.0,0.0,0.0,0.0,0.0,0.0,0.0,0.0,0.0,0.0,0.0
13199,0,0,3400,0.0,0.0,0.0,0.0,0.0,0.0,0.0,0.0,0.0,0.0,0.0,0.0,0.0,0.0,0.0,0.0,0.0
13448,0,0,3400,0.0,0.0,0.0,0.0,0.0,0.0,0.0,0.0,0.0,0.0,0.0,0.0,0.0,0.0,0.0,0.0,0.0
13697,0,0,3400,0.0,0.0,0.0,0.0,0.0,0.0,0.0,0.0,0.0,0.0,0.0,0.0,0.0,0.0,0.0,0.0,0.0
13946,0,0,3400,0.0,0.0,0.0,0.0,0.0,0.0,0.0,0.0,0.0,0.0,0.0,0.0,0.0,0.0,0.0,0.0,0.0
14195,0,0,3400,0.0,0.0,0.0,0.0,0.0,0.0,0.0,0.0,0.0,0.0,0.0,0.0,0.0,0.0,0.0,0.0,0.0
14444,0,0,3400,0.0,0.0,0.0,0.0,0.0,0.0,0.0,0.0,0.0,0.0,0.0,0.0,0.0,0.0,0.0,0.0,0.0
14693,0,0,3400,0.0,0.0,0.0,0.0,0.0,0.0,0.0,0.0,0.0,0.0,0.0,0.0,0.0,0.0,0.0,0.0,0.0
14942,0,0,3400,0.0,0.0,0.0,0.0,0.0,0.0,0.0,0.0,0.0,0.0,0.0,0.0,0.0,0.0,0.0,0.0,0.0
15191,0,0,3400,0.0,0.0,0.0,0.0,0.0,0.0,0.0,0.0,0.0,0.0,0.0,0.0,0.0,0.0,0.0,0.0,0.0
15440,0,0,3400,0.0,0.0,0.0,0.0,0.0,0.0,0.0,0.0,0.0,0.0,0.0,0.0,0.0,0.0,0.0,0.0,0.0
15689,0,0,3400,0.0,0.0,0.0,0.0,0.0,0.0,0.0,0.0,0.0,0.0,0.0,0.0,0.0,0.0,0.0,0.0,0.0
15938,0,0,3400,0.0,0.0,0.0,0.0,0.0,0.0,0.0,0.0,0.0,0.0,0.0,0.0,0.0,0.0,0.0,0.0,0.0
16187,0,0,3400,0.0,0.0,0.0,0.0,0.0,0.0,0.0,0.0,0.0,0.0,0.0,0.0,0.0,0.0,0.0,0.0,0.0
16436,0,0,3400,0.0,0.0,0.0,0.0,0.0,0.0,0.0,0.0,0.0,0.0,0.0,0.0,0.0,0.0,0.0,0.0,0.0
16685,0,0,3400,0.0,0.0,0.0,0.0,0.0,0.0,0.0,0.0,0.0,0.0,0.0,0.0,0.0,0.0,0.0,0.0,0.0
16934,0,0,3400,0.0,0.0,0.0,0.0,0.0,0.0,0.0,0.0,0.0,0.0,0.0,0.0,0.0,0.0,0.0,0.0,0.0
17183,0,0,3400,0.0,0.0,0.0,0.0,0.0,0.0,0.0,0.0,0.0,0.0,0.0,0.0,0.0,0.0,0.0,0.0,0.0
17432,0,0,3400,0.0,0.0,0.0,0.0,0.0,0.0,0.0,0.0,0.0,0.0,0.0,0.0,0.0,0.0,0.0,0.0,0.0
17681,0,0,3400,0.0,0.0,0.0,0.0,0.0,0.0,0.0,0.0,0.0,0.0,0.0,0.0,0.0,0.0,0.0,0.0,0.0
17930,0,0,3400,0.0,0.0,0.0,0.0,0.0,0.0,0.0,0.0,0.0,0.0,0.0,0.0,0.0,0.0,0.0,0.0,0.0
18179,0,0,3400,0.0,0.0,0.0,0.0,0.0,0.0,0.0,0.0,0.0,0.0,0.0,0.0,0.0,0.0,0.0,0.0,0.0
18428,0,0,3400,0.0,0.0,0.0,0.0,0.0,0.0,0.0,0.0,0.0,0.0,0.0,0.0,0.0,0.0,0.0,0.0,0.0
18677,0,0,3400,0.0,0.0,0.0,0.0,0.0,0.0,0.0,0.0,0.0,0.0,0.0,0.0,0.0,0.0,0.0,0.0,0.0
18926,0,0,3400,0.0,0.0,0.0,0.0,0.0,0.0,0.0,0.0,0.0,0.0,0.0,0.0,0.0,0.0,0.0,0.0,0.0
19175,0,0,3400,0.0,0.0,0.0,0.0,0.0,0.0,0.0,0.0,0.0,0.0,0.0,0.0,0.0,0.0,0.0,0.0,0.0
19425,0,0,3400,0.0,0.0,0.0,0.0,0.0,0.0,0.0,0.0,0.0,0.0,0.0,0.0,0.0,0.0,0.0,0.0,0.0
19674,0,0,3400,0.0,0.0,0.0,0.0,0.0,0.0,0.0,0.0,0.0,0.0,0.0,0.0,0.0,0.0,0.0,0.0,0.0
19923,0,0,3400,0.0,0.0,0.0,0.0,0.0,0.0,0.0,0.0,0.0,0.0,0.0,0.0,0.0,0.0,0.0,0.0,0.0
20172,0,0,3400,0.0,0.0,0.0,0.0,0.0,0.0,0.0,0.0,0.0,0.0,0.0,0.0,0.0,0.0,0.0,0.0,0.0
20421,0,0,3400,0.0,0.0,0.0,0.0,0.0,0.0,0.0,0.0,0.0,0.0,0.0,0.0,0.0,0.0,0.0,0.0,0.0
20670,0,0,3400,0.0,0.0,0.0,0.0,0.0,0.0,0.0,0.0,0.0,0.0,0.0,0.0,0.0,0.0,0.0,0.0,0.0
20919,0,0,3400,0.0,0.0,0.0,0.0,0.0,0.0,0.0,0.0,0.0,0.0,0.0,0.0,0.0,0.0,0.0,0.0,0.0
21168,0,0,3400,0.0,0.0,0.0,0.0,0.0,0.0,0.0,0.0,0.0,0.0,0.0,0.0,0.0,0.0,0.0,0.0,0.0
21417,0,0,3400,0.0,0.0,0.0,0.0,0.0,0.0,0.0,0.0,0.0,0.0,0.0,0.0,0.0,0.0,0.0,0.0,0.0
21666,0,0,3400,0.0,0.0,0.0,0.0,0.0,0.0,0.0,0.0,0.0,0.0,0.0,0.0,0.0,0.0,0.0,0.0,0.0
21915,0,0,3400,0.0,0.0,0.0,0.0,0.0,0.0,0.0,0.0,0.0,0.0,0.0,0.0,0.0,0.0,0.0,0.0,0.0
22164,0,0,3400,0.0,0.0,0.0,0.0,0.0,0.0,0.0,0.0,0.0,0.0,0.0,0.0,0.0,0.0,0.0,0.0,0.0
22413,0,0,3400,0.0,0.0,0.0,0.0,0.0,0.0,0.0,0.0,0.0,0.0,0.0,0.0,0.0,0.0,0.0,0.0,0.0
22662,0,0,3400,0.0,0.0,0.0,0.0,0.0,0.0,0.0,0.0,0.0,0.0,0.0,0.0,0.0,0.0,0.0,0.0,0.0
22911,0,0,3400,0.0,0.0,0.0,0.0,0.0,0.0,0.0,0.0,0.0,0.0,0.0,0.0,0.0,0.0,0.0,0.0,0.0
23160,0,0,3400,0.0,0.0,0.0,0.0,0.0,0.0,0.0,0.0,0.0,0.0,0.0,0.0,0.0,0.0,0.0,0.0,0.0
23409,0,0,3400,0.0,0.0,0.0,0.0,0.0,0.0,0.0,0.0,0.0,0.0,0.0,0.0,0.0,0.0,0.0,0.0,0.0
23658,0,0,3400,0.0,0.0,0.0,0.0,0.0,0.0,0.0,0.0,0.0,0.0,0.0,0.0,0.0,0.0,0.0,0.0,0.0
23907,0,0,3400,0.0,0.0,0.0,0.0,0.0,0.0,0.0,0.0,0.0,0.0,0.0,0.0,0.0,0.0,0.0,0.0,0.0
24156,0,0,3400,0.0,0.0,0.0,0.0,0.0,0.0,0.0,0.0,0.0,0.0,0.0,0.0,0.0,0.0,0.0,0.0,0.0
24405,0,0,3400,0.0,0.0,0.0,0.0,0.0,0.0,0.0,0.0,0.0,0.0,0.0,0.0,0.0,0.0,0.0,0.0,0.0
24654,0,0,3400,0.0,0.0,0.0,0.0,0.0,0.0,0.0,0.0,0.0,0.0,0.0,0.0,0.0,0.0,0.0,0.0,0.0
24903,0,0,3400,0.0,0.0,0.0,0.0,0.0,0.0,0.0,0.0,0.0,0.0,0.0,0.0,0.0,0.0,0.0,0.0,0.0
25152,0,0,3400,0.0,0.0,0.0,0.0,0.0,0.0,0.0,0.0,0.0,0.0,0.0,0.0,0.0,0.0,0.0,0.0,0.0
25401,0,0,3400,0.0,0.0,0.0,0.0,0.0,0.0,0.0,0.0,0.0,0.0,0.0,0.0,0.0,0.0,0.0,0.0,0.0
25650,0,0,3400,0.0,0.0,0.0,0.0,0.0,0.0,0.0,0.0,0.0,0.0,0.0,0.0,0.0,0.0,0.0,0.0,0.0
25899,0,0,3400,0.0,0.0,0.0,0.0,0.0,0.0,0.0,0.0,0.0,0.0,0.0,0.0,0.0,0.0,0.0,0.0,0.0
26148,0,0,3400,0.0,0.0,0.0,0.0,0.0,0.0,0.0,0.0,0.0,0.0,0.0,0.0,0.0,0.0,0.0,0.0,0.0
26397,0,0,3400,0.0,0.0,0.0,0.0,0.0,0.0,0.0,0.0,0.0,0.0,0.0,0.0,0.0,0.0,0.0,0.0,0.0
26647,0,0,3400,0.0,0.0,0.0,0.0,0.0,0.0,0.0,0.0,0.0,0.0,0.0,0.0,0.0,0.0,0.0,0.0,0.0
26896,0,0,3400,0.0,0.0,0.0,0.0,0.0,0.0,0.0,0.0,0.0,0.0,0.0,0.0,0.0,0.0,0.0,0.0,0.0
27146,0,0,3400,0.0,0.0,0.0,0.0,0.0,0.0,0.0,0.0,0.0,0.0,0.0,0.0,0.0,0.0,0.0,0.0,0.0
27395,0,0,3400,0.0,0.0,0.0,0.0,0.0,0.0,0.0,0.0,0.0,0.0,0.0,0.0,0.0,0.0,0.0,0.0,0.0
27644,0,0,3400,0.0,0.0,0.0,0.0,0.0,0.0,0.0,0.0,0.0,0.0,0.0,0.0,0.0,0.0,0.0,0.0,0.0
27893,0,0,3400,0.0,0.0,0.0,0.0,0.0,0.0,0.0,0.0,0.0,0.0,0.0,0.0,0.0,0.0,0.0,0.0,0.0
28142,0,0,3400,0.0,0.0,0.0,0.0,0.0,0.0,0.0,0.0,0.0,0.0,0.0,0.0,0.0,0.0,0.0,0.0,0.0
28391,0,0,3400,0.0,0.0,0.0,0.0,0.0,0.0,0.0,0.0,0.0,0.0,0.0,0.0,0.0,0.0,0.0,0.0,0.0
28640,0,0,3400,0.0,0.0,0.0,0.0,0.0,0.0,0.0,0.0,0.0,0.0,0.0,0.0,0.0,0.0,0.0,0.0,0.0
28889,0,0,3400,0.0,0.0,0.0,0.0,0.0,0.0,0.0,0.0,0.0,0.0,0.0,0.0,0.0,0.0,0.0,0.0,0.0
29138,0,0,3400,0.0,0.0,0.0,0.0,0.0,0.0,0.0,0.0,0.0,0.0,0.0,0.0,0.0,0.0,0.0,0.0,0.0
29387,0,0,3400,0.0,0.0,0.0,0.0,0.0,0.0,0.0,0.0,0.0,0.0,0.0,0.0,0.0,0.0,0.0,0.0,0.0
29636,0,0,3400,0.0,0.0,0.0,0.0,0.0,0.0,0.0,0.0,0.0,0.0,0.0,0.0,0.0,0.0,0.0,0.0,0.0
29885,0,0,3400,0.0,0.0,0.0,0.0,0.0,0.0,0.0,0.0,0.0,0.0,0.0,0.0,0.0,0.0,0.0,0.0,0.0
30134,0,0,3400,0.0,0.0,0.0,0.0,0.0,0.0,0.0,0.0,0.0,0.0,0.0,0.0,0.0,0.0,0.0,0.0,0.0
30383,0,0,3400,0.0,0.0,0.0,0.0,0.0,0.0,0.0,0.0,0.0,0.0,0.0,0.0,0.0,0.0,0.0,0.0,0.0
30632,0,0,3400,0.0,0.0,0.0,0.0,0.0,0.0,0.0,0.0,0.0,0.0,0.0,0.0,0.0,0.0,0.0,0.0,0.0
30881,0,0,3400,0.0,0.0,0.0,0.0,0.0,0.0,0.0,0.0,0.0,0.0,0.0,0.0,0.0,0.0,0.0,0.0,0.0
31130,0,0,3400,0.0,0.0,0.0,0.0,0.0,0.0,0.0,0.0,0.0,0.0,0.0,0.0,0.0,0.0,0.0,0.0,0.0
31379,0,0,3400,0.0,0.0,0.0,0.0,0.0,0.0,0.0,0.0,0.0,0.0,0.0,0.0,0.0,0.0,0.0,0.0,0.0
31628,0,0,3400,0.0,0.0,0.0,0.0,0.0,0.0,0.0,0.0,0.0,0.0,0.0,0.0,0.0,0.0,0.0,0.0,0.0
31877,0,0,3400,0.0,0.0,0.0,0.0,0.0,0.0,0.0,0.0,0.0,0.0,0.0,0.0,0.0,0.0,0.0,0.0,0.0
32126,0,0,3400,0.0,0.0,0.0,0.0,0.0,0.0,0.0,0.0,0.0,0.0,0.0,0.0,0.0,0.0,0.0,0.0,0.0
32375,0,1,3400,0.0,0.0,0.0,0.0,0.0,0.0,0.0,0.0,0.0,0.0,0.0,0.0,0.0,0.0,0.0,0.0,0.0
32624,0,1,3400,0.0,0.0,0.0,0.0,0.0,0.0,0.0,0.0,0.0,0.0,0.0,0.0,0.0,0.0,0.0,0.0,0.0
32873,0,1,3400,-66,66,533,0.72,21,0.18,576,0,0.0,0.0,0.0,0.0,0.0,0.0,0.0,0.0,0.0
33122,0,1,3400,-66,66,534,1.9,21,0.25,2336.000000,0,0.0,0.0,33,224,0,0.0,0.0,0.0,1.0
33371,0,1,3400,-66,66,535,2.3,21,0.31,2880.000000,0,27,2.3,21,38400.000000,0,0.0,0.0,0.0,1.0
33620,0,1,3400,-66,66,537,4.4,21,0.50,6208.000000,0,27,12,0.0,94752.000000,0,0.0,0.0,0.0,1.0
33869,0,1,3400,-67,67,539,11,20,0.50,27712.000000,0,27,13,186,113632.000000,0,0.0,0.0,0.0,1.0
34118,0,1,3400,-67,67,541,17,20,0.50,15616.000000,0,27,14,0.0,46976.000000,0,0.0,0.0,0.0,1.0
34367,0,1,3400,-67,67,538,16,19,0.50,41888.000000,0,27,14,0.0,0.0,0.0,0.0,0.0,0.0,1.0
34616,0,1,3400,-67,67,537,15,19,0.56,25920.000000,0,27,14,0.0,0.0,0.0,0.0,0.0,0.0,1.0
34865,0,1,3400,-67,67,534,13,19,0.50,31840.000000,0,27,14,0.0,23488.000000,0,0.0,0.0,0.0,1.0
35114,0,1,3400,-67,67,534,15,19,0.50,26016.000000,0,27,14,0.0,0.0,0.0,0.0,0.0,0.0,1.0
35363,0,1,3400,-67,67,534,18,19,0.56,36064.000000,0,27,14,0.0,0.0,0.0,0.0,0.0,0.0,1.0
35612,0,1,3400,-67,67,539,17,19,0.56,62336.000000,0,27,14,0.0,0.0,0.0,0.0,0.0,0.0,1.0
35861,0,1,3400,-67,67,539,14,19,0.57,26016.000000,0,27,14,0.0,34112.000000,0,0.0,0.0,0.0,1.0
36110,0,1,3400,-67,67,538,15,19,0.50,36736.000000,0,27,14,0.0,6432.000000,0,0.0,0.0,0.0,1.0
36359,0,1,3400,-67,67,538,13,19,0.56,52128.000000,0,27,14,0.0,17056.000000,0,0.0,0.0,0.0,1.0
36608,0,1,3400,-67,67,535,17,19,0.50,31072.000000,0,27,14,0.0,0.0,0.0,0.0,0.0,0.0,1.0
36857,0,1,3400,-67,67,536,17,19,0.50,30912.000000,0,27,14,0.0,23488.000000,0,0.0,0.0,0.0,1.0
37106,0,1,3400,-67,67,540,14,19,0.54,36320.000000,0,27,14,0.0,0.0,0.0,0.0,0.0,0.0,1.0
37356,0,1,3400,-67,67,540,15,19,0.53,30912.000000,0,27,14,0.0,0.0,0.0,0.0,0.0,0.0,1.0
37605,0,1,3400,-67,67,539,17,19,0.51,46688.000000,0,27,14,0.0,0.0,0.0,0.0,0.0,0.0,1.0
37854,0,1,3400,-67,67,539,17,20,0.69,10304.000000,0,27,14,0.0,23488.000000,0,0.0,0.0,0.0,1.0
38103,0,1,3400,-67,67,544,18,20,0.66,31008.000000,0,27,14,0.0,0.0,0.0,0.0,0.0,0.0,1.0
38352,0,1,3400,-67,67,538,17,20,0.64,31328.000000,0,27,14,0.0,0.0,0.0,0.0,0.0,0.0,1.0
38601,0,1,3400,-66,66,537,18,20,0.57,20608.000000,0,27,13,0.0,0.0,0.0,0.0,0.0,0.0,1.0
38850,0,1,3400,-66,66,534,16,20,0.55,46720.000000,0,27,13,0.0,23744.000000,0,0.0,0.0,0.0,1.0
39099,0,1,3400,-66,66,531,16,20,0.51,63040.000000,0,27,12,0.0,0.0,0.0,0.0,0.0,0.0,1.0
39348,0,1,3400,-66,66,534,18,20,0.61,31328.000000,0,27,12,0.0,0.0,0.0,0.0,0.0,0.0,1.0
39597,0,1,3400,-66,66,535,16,20,0.61,36480.000000,0,27,12,0.0,0.0,0.0,0.0,0.0,0.0,1.0
39846,0,1,3400,-66,66,538,13,20,0.50,31232.000000,0,27,12,0.0,17056.000000,0,0.0,0.0,0.0,1.0
40095,0,1,3400,-66,66,538,17,20,0.50,52192.000000,0,27,14,0.0,6432.000000,0,0.0,0.0,0.0,1.0
40344,0,1,3400,-66,66,537,18,20,0.50,25760.000000,0,27,13,0.0,0.0,0.0,0.0,0.0,0.0,1.0
40593,0,1,3400,-66,66,535,16,20,0.50,15712.000000,0,27,14,0.0,0.0,0.0,0.0,0.0,0.0,1.0
40842,0,1,3400,-67,67,536,18,20,0.50,26016.000000,0,27,14,0.0,23488.000000,0,0.0,0.0,0.0,1.0
41091,0,1,3400,-67,67,536,17,20,0.63,31072.000000,0,27,14,0.0,0.0,0.0,0.0,0.0,0.0,1.0
41340,0,1,3400,-67,67,540,17,20,0.89,20864.000000,0,27,14,0.0,0.0,0.0,0.0,0.0,0.0,1.0
41589,0,1,3400,-67,67,534,18,19,0.75,25760.000000,0,27,14,0.0,0.0,0.0,0.0,0.0,0.0,1.0
41838,0,1,3400,-67,67,533,18,19,0.66,36064.000000,0,27,14,0.0,23488.000000,0,0.0,0.0,0.0,1.0
42087,0,1,3400,-67,67,535,12,19,0.50,47296.000000,0,27,14,0.0,0.0,0.0,0.0,0.0,0.0,1.0
42336,0,1,3400,-67,67,539,14,19,0.63,36064.000000,0,27,13,0.0,0.0,0.0,0.0,0.0,0.0,1.0
42585,0,1,3400,-67,67,538,16,19,0.52,46880.000000,0,27,14,0.0,0.0,0.0,0.0,0.0,0.0,1.0
42834,0,1,3400,-68,68,535,17,19,0.64,31168.000000,0,27,13,0.0,23488.000000,0,0.0,0.0,0.0,1.0
43083,0,1,3400,-68,68,533,17,19,0.51,51776.000000,0,27,13,0.0,0.0,0.0,0.0,0.0,0.0,1.0
43332,0,1,3400,-68,68,531,16,19,0.57,31168.000000,0,27,14,0.0,11936.000000,0,0.0,0.0,0.0,1.0
43581,0,1,3400,-68,68,531,17,18,0.64,31392.000000,0,27,13,0.0,0.0,0.0,0.0,0.0,0.0,1.0
43830,0,1,3400,-68,68,534,15,18,0.66,46848.000000,0,27,14,0.0,23488.000000,0,0.0,0.0,0.0,1.0
44079,0,1,3400,-68,68,537,16,18,0.75,26016.000000,0,27,14,0.0,0.0,0.0,0.0,0.0,0.0,1.0
44328,0,1,3400,-68,68,534,12,18,0.51,31488.000000,0,27,14,0.0,0.0,0.0,0.0,0.0,0.0,1.0
44577,0,1,3400,-68,68,534,15,18,0.56,36480.000000,0,27,14,0.0,0.0,0.0,0.0,0.0,0.0,1.0
44826,0,1,3400,-69,69,538,14,18,0.57,31712.000000,0,27,13,0.0,23488.000000,0,0.0,0.0,0.0,1.0
45075,0,1,3400,-69,69,537,13,18,0.50,42592.000000,0,27,13,0.0,0.0,0.0,0.0,0.0,0.0,1.0
45324,0,1,3400,-69,69,539,13,18,0.50,58336.000000,0,27,14,0.0,0.0,0.0,0.0,0.0,0.0,1.0
45573,0,1,3400,-69,69,536,12,17,0.52,37376.000000,0,27,14,0.0,0.0,0.0,0.0,0.0,0.0,1.0
45822,0,1,3400,-69,69,538,12,18,0.53,37248.000000,0,27,13,0.0,18368.000000,0,0.0,0.0,0.0,1.0
46071,0,1,3400,-69,69,538,13,18,0.50,52992.000000,0,27,13,0.0,17056.000000,0,0.0,0.0,0.0,1.0
46320,0,1,3400,-69,69,537,13,18,0.57,52576.000000,0,27,13,0.0,0.0,0.0,0.0,0.0,0.0,1.0
46569,0,1,3400,-68,68,538,14,18,0.65,36576.000000,0,27,13,0.0,0.0,0.0,0.0,0.0,0.0,1.0
46818,0,1,3400,-68,68,539,14,18,0.58,5312.000000,0,27,14,0.0,0.0,0.0,0.0,0.0,0.0,1.0
47067,0,1,3400,-68,68,539,14,18,0.53,41792.000000,0,27,13,0.0,23488.000000,0,0.0,0.0,0.0,1.0
47316,0,1,3400,-68,68,536,15,18,0.62,20928.000000,0,27,14,0.0,0.0,0.0,0.0,0.0,0.0,1.0
47565,0,1,3400,-68,68,540,16,18,0.50,30912.000000,0,27,14,0.0,0.0,0.0,0.0,0.0,0.0,1.0
47814,0,1,3400,-68,68,538,14,18,0.50,42336.000000,0,27,13,0.0,23744.000000,0,0.0,0.0,0.0,1.0
48063,0,1,3400,-68,68,537,15,18,0.52,25920.000000,0,27,12,0.0,0.0,0.0,0.0,0.0,0.0,1.0
48312,0,1,3400,-68,68,535,17,18,0.67,46912.000000,0,27,11,0.0,0.0,0.0,0.0,0.0,0.0,1.0
48561,0,1,3400,-68,68,534,17,18,0.74,56928.000000,0,27,12,0.0,0.0,0.0,0.0,0.0,0.0,1.0
48810,0,1,3400,-69,69,539,15,18,0.65,68416.000000,0,27,12,0.0,23488.000000,0,0.0,0.0,0.0,1.0
49059,0,1,3400,-69,69,539,13,18,0.50,36128.000000,0,27,13,0.0,0.0,0.0,0.0,0.0,0.0,1.0
49309,0,1,3400,-69,69,541,13,18,0.50,54400.000000,0,27,13,0.0,0.0,0.0,0.0,0.0,0.0,1.0
49558,0,1,3400,-69,69,538,13,17,0.50,79296.000000,0,27,13,0.0,0.0,0.0,0.0,0.0,0.0,1.0
49807,0,1,3400,-69,69,536,12,17,0.50,48160.000000,0,27,14,0.0,23488.000000,0,0.0,0.0,0.0,1.0
50056,0,1,3400,-69,69,536,12,18,0.50,26624.000000,0,27,14,0.0,17056.000000,0,0.0,0.0,0.0,1.0
50305,0,1,3400,-69,69,538,12,18,0.50,31552.000000,0,27,14,0.0,17056.000000,0,0.0,0.0,0.0,1.0
50554,0,1,3400,-68,68,533,14,18,0.50,36640.000000,0,27,14,0.0,0.0,0.0,0.0,0.0,0.0,1.0
50803,0,1,3400,-68,68,533,15,18,0.62,31168.000000,0,27,13,0.0,35424.000000,0,0.0,0.0,0.0,1.0
51052,0,1,3400,-68,68,537,16,19,0.59,47040.000000,0,27,12,0.0,0.0,0.0,0.0,0.0,0.0,1.0
51301,0,1,3400,-68,68,538,18,19,0.59,20608.000000,0,27,12,0.0,0.0,0.0,0.0,0.0,0.0,1.0
51550,0,1,3400,-67,67,535,18,19,0.57,20608.000000,0,27,12,0.0,0.0,0.0,0.0,0.0,0.0,1.0
51799,0,1,3400,-67,67,541,17,19,0.55,51936.000000,0,27,13,0.0,23488.000000,0,0.0,0.0,0.0,1.0
52048,0,1,3400,-67,67,539,14,20,0.50,21632.000000,0,27,14,0.0,0.0,0.0,0.0,0.0,0.0,1.0
52297,0,1,3400,-67,67,536,13,20,0.50,42784.000000,0,27,14,0.0,0.0,0.0,0.0,0.0,0.0,1.0
52546,0,1,3400,-66,66,536,14,20,0.50,21632.000000,0,27,14,0.0,0.0,0.0,0.0,0.0,0.0,1.0
52795,0,1,3400,-66,66,537,13,20,0.50,21536.000000,0,27,14,0.0,23488.000000,0,0.0,0.0,0.0,1.0
53044,0,1,3400,-66,66,534,13,20,0.53,54240.000000,0,27,14,0.0,0.0,0.0,0.0,0.0,0.0,1.0
53293,0,1,3400,-66,66,530,13,21,0.71,43104.000000,0,27,13,0.0,0.0,0.0,0.0,0.0,0.0,1.0
53542,0,1,3400,-65,65,529,15,21,0.50,75296.000000,0,27,13,0.0,0.0,0.0,0.0,0.0,0.0,1.0
53791,0,1,3400,-65,65,533,15,21,0.54,41824.000000,0,27,14,0.0,23488.000000,0,0.0,0.0,0.0,1.0
54040,0,1,3400,-65,65,538,13,21,0.50,26688.000000,0,27,14,0.0,0.0,0.0,0.0,0.0,0.0,1.0
54289,0,1,3400,-65,65,536,15,21,0.50,68704.000000,0,27,13,0.0,0.0,0.0,0.0,0.0,0.0,1.0
54538,0,1,3400,-65,65,538,11,21,0.50,31968.000000,0,27,13,0.0,0.0,0.0,0.0,0.0,0.0,1.0
54787,0,1,3400,-65,65,539,14,21,0.74,21056.000000,0,27,13,0.0,23488.000000,0,0.0,0.0,0.0,1.0
55036,0,1,3400,-65,65,537,14,21,0.50,58304.000000,0,27,13,0.0,0.0,0.0,0.0,0.0,0.0,1.0
55285,0,1,3400,-65,65,541,12,21,0.50,42848.000000,0,27,14,0.0,0.0,0.0,0.0,0.0,0.0,1.0
55534,0,1,3400,-65,65,537,15,21,0.50,53568.000000,0,27,14,0.0,0.0,0.0,0.0,0.0,0.0,1.0
55783,0,1,3400,-65,65,538,14,21,0.50,58688.000000,0,27,13,0.0,29920.000000,0,0.0,0.0,0.0,1.0
56032,0,1,3400,-65,65,538,12,21,0.50,42656.000000,0,27,12,0.0,0.0,0.0,0.0,0.0,0.0,1.0
56281,0,1,3400,-65,65,539,12,21,0.50,31648.000000,0,27,12,0.0,0.0,0.0,0.0,0.0,0.0,1.0
56530,0,1,3400,-65,65,536,12,21,0.50,21280.000000,0,27,12,0.0,0.0,0.0,0.0,0.0,0.0,1.0
56779,0,1,3400,-65,65,535,16,21,0.67,41152.000000,0,27,12,0.0,23488.000000,0,0.0,0.0,0.0,1.0
57028,0,1,3400,-65,65,538,14,20,0.95,29568.000000,14,27,12,0.0,0.0,0.0,0.0,0.0,0.0,1.0
57277,0,1,3400,-65,65,538,16,19,0.82,43520.000000,0,27,12,0.0,0.0,0.0,0.0,0.0,0.0,1.0
57526,0,1,3400,-65,65,541,9.9,19,0.50,32544.000000,0,27,12,0.0,0.0,0.0,0.0,0.0,0.0,1.0
57775,0,1,3400,-65,65,543,11,19,0.52,42944.000000,0,27,12,0.0,24000.000000,0,0.0,0.0,0.0,1.0
58024,0,1,3400,-65,65,541,13,19,0.50,32192.000000,0,27,12,0.0,0.0,0.0,0.0,0.0,0.0,1.0
58274,0,1,3400,-65,65,536,13,19,0.50,37792.000000,0,27,12,0.0,0.0,0.0,0.0,0.0,0.0,1.0
58523,0,1,3400,-64,64,535,12,19,0.57,43168.000000,0,27,12,0.0,0.0,0.0,0.0,0.0,0.0,1.0
58772,0,1,3400,-64,64,534,13,20,0.60,32288.000000,0,27,11,0.0,14400.000000,0,0.0,0.0,0.0,1.0
59021,0,1,3400,-64,64,537,13,19,0.50,21504.000000,0,27,7.0,0.0,0.0,0.0,0.0,0.0,0.0,1.0
59270,0,1,3400,-64,64,536,13,19,0.50,43264.000000,0,27,7.0,0.0,0.0,0.0,0.0,0.0,0.0,1.0
59519,0,1,3400,-64,64,539,10,19,0.52,37536.000000,0,27,7.0,0.0,0.0,0.0,0.0,0.0,0.0,1.0
59768,0,1,3400,-65,65,538,13,19,0.50,37856.000000,0,27,8.2,0.0,15808.000000,0,0.0,0.0,0.0,1.0
60017,0,1,3400,-65,65,536,14,19,0.58,47936.000000,0,27,10,0.0,0.0,0.0,0.0,0.0,0.0,1.0
60266,0,1,3400,-65,65,534,8.3,19,0.52,37568.000000,0,27,10,0.0,0.0,0.0,0.0,0.0,0.0,1.0
60515,0,1,3400,-65,65,536,12,18,0.62,63552.000000,7,27,10,0.0,0.0,0.0,0.0,0.0,0.0,1.0
60764,0,1,3400,-66,66,535,8.3,18,0.50,17344.000000,0,27,11,0.0,15808.000000,0,0.0,0.0,0.0,1.0
61013,0,1,3400,-66,66,537,3.9,18,0.50,44640.000000,0,27,12,0.0,0.0,0.0,0.0,0.0,0.0,1.0
61262,0,1,3400,-66,66,538,11,17,0.55,58560.000000,0,27,12,0.0,0.0,0.0,0.0,0.0,0.0,1.0
61511,0,1,3400,-66,66,536,12,17,0.54,48512.000000,0,27,12,0.0,0.0,0.0,0.0,0.0,0.0,1.0
61760,0,1,3400,-66,66,538,15,16,1.4,41216.000000,19,27,12,0.0,4256.000000,0,0.0,0.0,0.0,1.0
62009,0,1,3400,-66,66,543,13,18,0.54,16128.000000,0,27,4.0,0.0,38752.000000,0,0.0,0.0,0.0,1.0
62258,0,1,3400,-66,66,541,9.4,17,0.58,75584.000000,0,27,4.0,0.0,0.0,0.0,0.0,0.0,0.0,1.0
62507,0,1,3400,-66,66,535,10,17,0.67,71776.000000,0,27,4.0,0.0,0.0,0.0,0.0,0.0,0.0,1.0
62756,0,1,3400,-67,67,536,12,16,0.59,57504.000000,0,27,3.6,0.0,9152.000000,0,0.0,0.0,0.0,1.0
63005,0,1,3400,-67,67,537,11,17,0.77,81312.000000,0,27,1.5,0.0,0.0,0.0,0.0,0.0,0.0,1.0
63254,0,1,3400,-67,67,543,7.8,17,0.54,40128.000000,0,27,1.5,0.0,0.0,0.0,0.0,0.0,0.0,1.0
63503,0,1,3400,-67,67,541,9.1,16,0.69,38208.000000,0,27,1.5,0.0,0.0,0.0,0.0,0.0,0.0,1.0
63752,0,1,3400,-67,67,533,12,17,0.79,43424.000000,0,27,1.7,0.0,11744.000000,0,0.0,0.0,0.0,1.0
64001,0,1,3400,-67,67,535,12,17,0.59,32768.000000,0,27,2.0,0.0,0.0,0.0,0.0,0.0,0.0,1.0
64250,0,1,3400,-67,67,535,13,17,0.52,48736.000000,0,27,2.0,0.0,0.0,0.0,0.0,0.0,0.0,1.0
64499,0,1,3400,-66,66,536,13,17,0.80,43392.000000,0,27,2.0,0.0,0.0,0.0,0.0,0.0,0.0,1.0
64748,0,1,3400,-66,66,535,12,17,0.56,69536.000000,0,27,4.3,0.0,75168.000000,0,0.0,0.0,0.0,1.0
64997,0,1,3400,-66,66,534,9.4,17,0.63,43872.000000,0,27,8.8,0.0,0.0,0.0,0.0,0.0,0.0,1.0
65246,0,1,3400,-66,66,535,9.3,19,0.50,26720.000000,0,27,8.9,0.0,0.0,0.0,0.0,0.0,0.0,1.0
65495,0,1,3400,-65,65,537,13,18,0.61,48000.000000,0,27,9.0,0.0,0.0,0.0,0.0,0.0,0.0,1.0
65744,0,1,3400,-65,65,536,13,18,0.73,31840.000000,0,27,8.9,0.0,7200.000000,0,0.0,0.0,0.0,1.0
65993,0,1,3400,-65,65,536,14,18,0.51,26752.000000,0,27,3.5,0.0,6528.000000,0,0.0,0.0,0.0,1.0
66242,0,1,3400,-65,65,541,11,19,0.60,48896.000000,0,27,3.5,0.0,0.0,0.0,0.0,0.0,0.0,1.0
66491,0,1,3400,-65,65,539,12,18,0.78,68800.000000,0,27,3.5,0.0,0.0,0.0,0.0,0.0,0.0,1.0
66740,0,1,3400,-65,65,536,11,18,0.65,16224.000000,0,27,4.6,0.0,13632.000000,0,0.0,0.0,0.0,1.0
66989,0,1,3400,-65,65,535,11,19,0.69,27200.000000,0,27,9.5,0.0,0.0,0.0,0.0,0.0,0.0,1.0
67238,0,1,3400,-65,65,537,14,18,0.70,49952.000000,6,27,9.4,0.0,0.0,0.0,0.0,0.0,0.0,1.0
67487,0,1,3400,-65,65,533,11,19,0.55,33664.000000,0,27,9.5,0.0,0.0,0.0,0.0,0.0,0.0,1.0
67736,0,1,3400,-66,66,535,13,17,0.65,74784.000000,0,27,9.4,0.0,13632.000000,0,0.0,0.0,0.0,1.0
67985,0,1,3400,-66,66,538,13,18,0.58,26752.000000,0,27,9.5,0.0,0.0,0.0,0.0,0.0,0.0,1.0
68234,0,1,3400,-66,66,538,12,17,0.71,43584.000000,0,27,9.5,0.0,0.0,0.0,0.0,0.0,0.0,1.0
68483,0,1,3400,-66,66,534,14,18,1.3,21472.000000,25,27,9.4,0.0,0.0,0.0,0.0,0.0,0.0,1.0
68732,0,1,3400,-67,67,534,9.4,17,0.87,28640.000000,0,27,9.1,0.0,14144.000000,0,0.0,0.0,0.0,1.0
68981,0,1,3400,-67,67,539,12,17,0.81,32192.000000,0,27,8.5,0.0,0.0,0.0,0.0,0.0,0.0,1.0
69230,0,1,3400,-67,67,535,13,17,1.0,48352.000000,0,27,8.4,0.0,0.0,0.0,0.0,0.0,0.0,1.0
69479,0,1,3400,-67,67,534,13,17,0.77,38400.000000,0,27,8.4,0.0,0.0,0.0,0.0,0.0,0.0,1.0
69728,0,1,3400,-67,67,537,11,16,0.60,38080.000000,0,27,8.3,0.0,7200.000000,0,0.0,0.0,0.0,1.0
69977,0,1,3400,-67,67,537,10,17,0.54,43968.000000,0,27,1.5,0.0,6496.000000,0,0.0,0.0,0.0,1.0
70226,0,1,3400,-67,67,533,9.3,18,0.51,38688.000000,0,27,1.5,0.0,0.0,0.0,0.0,0.0,0.0,1.0
70475,0,1,3400,-66,66,536,12,17,0.69,37824.000000,0,27,1.5,0.0,0.0,0.0,0.0,0.0,0.0,1.0
70724,0,1,3400,-66,66,535,11,17,0.76,54393.574219,0,27,1.6,0.0,15935.743164,0,0.0,0.0,0.0,1.0
70973,0,1,3400,-66,66,538,10,18,0.56,32544.000000,0,27,1.5,0.0,0.0,0.0,0.0,0.0,0.0,1.0
71222,0,1,3400,-66,66,534,11,18,0.70,32446.214844,0,27,1.5,0.0,0.0,0.0,0.0,0.0,0.0,1.0
71471,0,1,3400,-66,66,536,10,18,0.50,21568.000000,0,27,1.5,0.0,0.0,0.0,0.0,0.0,0.0,1.0
71720,0,1,3400,-66,66,538,12,17,0.64,37280.000000,0,27,3.3,0.0,15808.000000,0,0.0,0.0,0.0,1.0
71969,0,1,3400,-66,66,540,5.0,18,0.50,28416.000000,0,27,10,0.0,0.0,0.0,0.0,0.0,0.0,1.0
72218,0,1,3400,-66,66,540,11,18,0.55,37920.000000,0,27,10,0.0,0.0,0.0,0.0,0.0,0.0,1.0
72467,0,1,3400,-65,65,533,13,18,0.50,32384.000000,0,27,10,0.0,0.0,0.0,0.0,0.0,0.0,1.0
72716,0,1,3400,-65,65,531,12,18,0.58,37472.000000,0,27,10,0.0,16320.000000,0,0.0,0.0,0.0,1.0
72965,0,1,3400,-65,65,538,10,18,0.50,70752.000000,0,27,9.4,0.0,0.0,0.0,0.0,0.0,0.0,1.0
73214,0,1,3400,-65,65,539,13,18,0.54,37856.000000,0,27,9.5,0.0,0.0,0.0,0.0,0.0,0.0,1.0
73463,0,1,3400,-65,65,537,10,18,0.57,65760.000000,0,27,9.5,0.0,0.0,0.0,0.0,0.0,0.0,1.0
73712,0,1,3400,-65,65,534,12,18,0.55,43104.000000,0,27,9.5,0.0,16320.000000,0,0.0,0.0,0.0,1.0
73961,0,1,3400,-65,65,535,11,19,0.50,26912.000000,0,27,9.5,0.0,0.0,0.0,0.0,0.0,0.0,1.0
74210,0,1,3400,-65,65,534,12,19,0.50,37664.000000,0,27,9.4,0.0,0.0,0.0,0.0,0.0,0.0,1.0
74459,0,1,3400,-65,65,541,11,18,0.51,59744.000000,0,27,9.5,0.0,0.0,0.0,0.0,0.0,0.0,1.0
74708,0,1,3400,-65,65,540,9.5,18,0.53,54304.000000,0,27,9.2,0.0,14144.000000,0,0.0,0.0,0.0,1.0
74957,0,1,3400,-65,65,534,15,19,0.70,42560.000000,0,27,8.5,0.0,0.0,0.0,0.0,0.0,0.0,1.0
75206,0,1,3400,-65,65,533,15,18,0.69,26624.000000,0,27,8.5,0.0,0.0,0.0,0.0,0.0,0.0,1.0
75455,0,1,3400,-65,65,541,8.7,19,0.55,39296.000000,0,27,8.5,0.0,0.0,0.0,0.0,0.0,0.0,1.0
75704,0,1,3400,-65,65,539,5.6,18,0.50,16384.000000,0,27,8.3,0.0,80224.000000,0,0.0,0.0,0.0,1.0
75953,0,1,3400,-65,65,536,12,18,0.51,32928.000000,0,27,9.5,0.0,0.0,0.0,0.0,0.0,0.0,1.0
76202,0,1,3400,-65,65,535,13,18,0.51,48256.000000,0,27,9.5,0.0,0.0,0.0,0.0,0.0,0.0,1.0
76451,0,1,3400,-65,65,537,11,18,0.57,21696.000000,0,27,9.4,0.0,0.0,0.0,0.0,0.0,0.0,1.0
76700,0,1,3400,-65,65,535,9.4,18,0.50,32706.828125,0,27,9.3,0.0,16128.513672,0,0.0,0.0,0.0,1.0
76949,0,1,3400,-65,65,534,11,18,0.61,58071.714844,0,27,8.5,0.0,0.0,0.0,0.0,0.0,0.0,1.0
77198,0,1,3400,-65,65,537,14,18,0.94,59264.000000,0,27,8.5,0.0,0.0,0.0,0.0,0.0,0.0,1.0
77447,0,1,3400,-65,65,534,12,18,0.59,38232.933594,0,27,8.5,0.0,0.0,0.0,0.0,0.0,0.0,1.0
77696,0,1,3400,-65,65,534,11,18,0.56,53673.308594,0,27,9.7,0.0,22374.501953,0,0.0,0.0,0.0,1.0
77945,0,1,3400,-65,65,534,12,19,0.57,32352.000000,0,27,12,0.0,0.0,0.0,0.0,0.0,0.0,1.0
78195,0,1,3400,-65,65,536,15,19,1.1,69952.000000,6,27,12,0.0,0.0,0.0,0.0,0.0,0.0,1.0
78444,0,1,3400,-64,64,536,15,19,0.77,36736.000000,0,27,12,0.0,0.0,0.0,0.0,0.0,0.0,1.0
78693,0,1,3400,-65,65,535,15,20,0.73,16096.000000,0,27,12,0.0,1568.000000,0,0.0,0.0,0.0,1.0
78942,0,1,3400,-65,65,536,13,19,0.50,27136.000000,0,27,7.0,0.0,61216.000000,0,0.0,0.0,0.0,1.0
79191,0,1,3400,-65,65,535,13,18,0.50,32256.000000,0,27,6.9,0.0,0.0,0.0,0.0,0.0,0.0,1.0
79440,0,1,3400,-65,65,541,13,19,0.56,26720.000000,0,27,6.9,0.0,0.0,0.0,0.0,0.0,0.0,1.0
79689,0,1,3400,-65,65,538,13,18,0.77,47968.000000,0,27,7.4,0.0,69920.000000,0,0.0,0.0,0.0,1.0
79938,0,1,3400,-65,65,533,13,19,0.73,43712.000000,0,27,8.9,0.0,0.0,0.0,0.0,0.0,0.0,1.0
80187,0,1,3400,-65,65,529,10.0,18,0.76,15936.000000,0,27,8.9,0.0,0.0,0.0,0.0,0.0,0.0,1.0
80436,0,1,3400,-65,65,531,12,19,0.53,37728.000000,0,27,8.9,0.0,0.0,0.0,0.0,0.0,0.0,1.0
80685,0,1,3400,-65,65,535,14,19,0.59,42624.000000,0,27,8.4,0.0,13888.000000,0,0.0,0.0,0.0,1.0
80934,0,1,3400,-65,65,534,13,19,0.52,27104.000000,0,27,7.5,0.0,0.0,0.0,0.0,0.0,0.0,1.0
81183,0,1,3400,-65,65,537,11,18,0.81,42240.000000,0,27,7.1,0.0,1024.000000,33,0.0,0.0,0.0,1.0
81432,0,1,3400,-65,65,529,12,19,0.59,32448.000000,0,27,7.0,0.0,0.0,0.0,0.0,0.0,0.0,1.0
81681,0,1,3400,-65,65,533,13,19,0.75,37664.000000,8,27,6.9,0.0,53888.000000,0,0.0,0.0,0.0,1.0
81930,0,1,3400,-65,65,532,13,18,0.57,44128.000000,0,27,7.0,0.0,0.0,0.0,0.0,0.0,0.0,1.0
82179,0,1,3400,-65,65,535,14,19,0.58,54944.000000,0,27,6.9,0.0,0.0,0.0,0.0,0.0,0.0,1.0
82428,0,1,3400,-65,65,538,13,18,0.54,41312.000000,0,27,7.0,0.0,0.0,0.0,0.0,0.0,0.0,1.0
82677,0,1,3400,-65,65,533,13,17,0.60,70496.000000,0,27,7.7,0.0,29920.000000,0,0.0,0.0,0.0,1.0
82926,0,1,3400,-65,65,535,13,17,0.53,48867.468750,0,27,10,0.0,0.0,0.0,0.0,0.0,0.0,1.0
83175,0,1,3400,-65,65,535,13,18,0.53,53792.000000,0,27,10,0.0,0.0,0.0,0.0,0.0,0.0,1.0
83424,0,1,3400,-65,65,539,13,17,0.74,27456.000000,0,27,10,0.0,0.0,0.0,0.0,0.0,0.0,1.0
83673,0,1,3400,-65,65,539,13,17,0.58,41568.000000,0,27,10,0.0,13632.000000,0,0.0,0.0,0.0,1.0
83922,0,1,3400,-65,65,533,14,17,0.60,34240.000000,0,27,9.5,0.0,0.0,0.0,0.0,0.0,0.0,1.0
84171,0,1,3400,-65,65,531,14,17,0.68,75123.507812,0,27,9.5,0.0,0.0,0.0,0.0,0.0,0.0,1.0
84420,0,1,3400,-65,65,534,12,17,0.50,16256.000000,0,27,9.5,0.0,0.0,0.0,0.0,0.0,0.0,1.0
84669,0,1,3400,-66,66,537,11,17,0.58,27296.000000,0,27,8.4,0.0,13984.000000,0,0.0,0.0,0.0,1.0
84918,0,1,3400,-66,66,537,14,17,0.95,43488.000000,4,27,4.0,0.0,0.0,0.0,0.0,0.0,0.0,1.0
85167,0,1,3400,-66,66,536,14,17,1.3,10944.000000,12,27,4.0,0.0,0.0,0.0,0.0,0.0,0.0,1.0
85416,0,1,3400,-66,66,541,16,16,1.2,21536.000000,0,27,4.0,0.0,0.0,0.0,0.0,0.0,0.0,1.0
85665,0,1,3400,-66,66,538,12,16,0.66,38272.000000,0,27,4.5,0.0,16160.000000,0,0.0,0.0,0.0,1.0
85914,0,1,3400,-67,67,531,8.5,16,0.64,34912.000000,0,27,6.5,0.0,0.0,0.0,0.0,0.0,0.0,1.0
86163,0,1,3400,-67,67,532,12,16,0.94,40384.000000,12,27,6.5,0.0,0.0,0.0,0.0,0.0,0.0,1.0
86412,0,1,3400,-67,67,537,13,16,1.2,13952.000000,22,27,6.5,0.0,0.0,0.0,0.0,0.0,0.0,1.0
86661,0,1,3400,-67,67,538,13,16,1.4,11040.000000,11,27,6.5,0.0,9376.000000,0,0.0,0.0,0.0,1.0
86910,0,1,3400,-67,67,541,14,16,1.5,13728.000000,25,27,9.5,0.0,6944.000000,0,0.0,0.0,0.0,1.0
87159,0,1,3400,-67,67,535,12,16,0.60,61824.000000,2,27,9.5,0.0,0.0,0.0,0.0,0.0,0.0,1.0
87408,0,1,3400,-67,67,539,11,16,0.51,22656.000000,0,27,9.5,0.0,0.0,0.0,0.0,0.0,0.0,1.0
87657,0,1,3400,-67,67,537,12,15,1.2,31936.000000,5,27,10.0,0.0,18368.000000,0,0.0,0.0,0.0,1.0
87906,0,1,3400,-68,68,536,11,15,1.3,34208.000000,14,27,12,0.0,0.0,0.0,0.0,0.0,0.0,1.0
88155,0,1,3400,-68,68,537,7.5,15,0.60,56000.000000,0,27,12,0.0,0.0,0.0,0.0,0.0,0.0,1.0
88404,0,1,3400,-68,68,536,14,14,1.8,29024.000000,18,27,12,0.0,0.0,0.0,0.0,0.0,0.0,1.0
88653,0,1,3400,-68,68,539,14,14,1.7,26048.000000,24,27,12,0.0,11936.000000,0,0.0,0.0,0.0,1.0
88902,0,1,3400,-68,68,535,13,15,1.5,50016.000000,0,27,12,0.0,6432.000000,0,0.0,0.0,0.0,1.0
89151,0,1,3400,-68,68,533,11,15,0.50,27872.000000,0,27,12,0.0,0.0,0.0,0.0,0.0,0.0,1.0
89400,0,1,3400,-68,68,537,11,14,0.55,21856.000000,0,27,12,0.0,0.0,0.0,0.0,0.0,0.0,1.0
89649,0,1,3400,-68,68,536,8.7,15,0.51,61012.046875,0,27,9.8,0.0,14168.674805,0,0.0,0.0,0.0,1.0
89898,0,1,3400,-68,68,537,8.3,15,0.60,48608.000000,0,27,0.0,0.0,0.0,0.0,0.0,0.0,0.0,1.0
90147,0,1,3400,-68,68,538,8.1,15,0.53,27840.000000,0,27,0.0,0.0,0.0,0.0,0.0,0.0,0.0,1.0
90396,0,1,3400,-68,68,537,12,15,1.3,29888.000000,28,27,0.0,0.0,0.0,0.0,0.0,0.0,0.0,1.0
90645,0,1,3400,-68,68,535,13,15,1.0,48605.578125,3,27,0.14,0.0,13896.414062,0,0.0,0.0,0.0,1.0
90894,0,1,3400,-68,68,533,9.0,15,0.54,44320.000000,0,27,0.0,0.0,0.0,0.0,0.0,0.0,0.0,1.0
91143,0,1,3400,-68,68,530,11,14,0.56,58240.000000,0,27,0.0,0.0,0.0,0.0,0.0,0.0,0.0,1.0
91392,0,1,3400,-68,68,534,6.7,15,0.50,14464.000000,0,27,0.0,0.0,0.0,0.0,0.0,0.0,0.0,1.0
91641,0,1,3400,-68,68,540,8.7,15,0.52,40576.000000,0,27,3.3,0.0,37888.000000,20,0.0,0.0,0.0,1.0
91890,0,1,3400,-68,68,541,11,14,0.51,35872.000000,0,27,10,0.0,28992.000000,0,0.0,0.0,0.0,1.0
92139,0,1,3400,-68,68,537,15,14,1.2,23744.000000,27,27,11,0.0,0.0,0.0,0.0,0.0,0.0,1.0
92388,0,1,3400,-68,68,535,14,15,1.4,12480.000000,9,27,11,0.0,0.0,0.0,0.0,0.0,0.0,1.0
92637,0,1,3400,-68,68,539,7.3,15,0.81,21920.000000,5,27,11,0.0,0.0,0.0,0.0,0.0,0.0,1.0
92886,0,1,3400,-68,68,537,7.1,15,0.53,26176.000000,5,27,13,0.0,23488.000000,0,0.0,0.0,0.0,1.0
93136,0,1,3400,-68,68,534,9.3,14,0.63,66592.000000,0,27,13,0.0,0.0,0.0,0.0,0.0,0.0,1.0
93385,0,1,3400,-68,68,534,8.9,15,0.56,35456.000000,0,27,14,0.0,0.0,0.0,0.0,0.0,0.0,1.0
93634,0,1,3400,-68,68,535,7.8,14,0.51,22816.000000,0,27,13,0.0,0.0,0.0,0.0,0.0,0.0,1.0
93883,0,1,3400,-69,69,535,8.3,14,0.85,16736.000000,20,27,13,0.0,21952.000000,0,0.0,0.0,0.0,1.0
94132,0,1,3400,-69,69,538,9.1,14,0.70,25280.000000,4,27,13,0.0,0.0,0.0,0.0,0.0,0.0,1.0
94381,0,1,3400,-69,69,536,11,14,1.2,28480.000000,25,27,13,0.0,0.0,0.0,0.0,0.0,0.0,1.0
94630,0,1,3400,-69,69,532,5.8,14,0.60,21312.000000,5,27,13,0.0,0.0,0.0,0.0,0.0,0.0,1.0
94879,0,1,3400,-70,70,532,10,13,0.97,7584.000000,14,27,1.8,0.0,16288.000000,0,0.0,0.0,0.0,1.0
95128,0,1,3400,-70,70,537,8.7,13,0.67,68064.000000,0,27,0.0,0.0,0.0,0.0,0.0,0.0,0.0,1.0
95377,0,1,3400,-70,70,534,7.5,13,0.53,51744.000000,0,27,0.0,0.0,0.0,0.0,0.0,0.0,0.0,1.0
95626,0,1,3400,-70,70,535,9.1,12,0.76,69120.000000,0,27,2.8,0.0,0.0,80,0.0,0.0,0.0,1.0
95875,0,1,3400,-71,71,537,7.0,12,0.54,43328.000000,0,27,0.84,0.0,1568.000000,0,0.0,0.0,0.0,1.0
96124,0,1,3400,-71,71,533,11,12,1.5,56289.156250,6,27,0.0,0.0,0.0,0.0,0.0,0.0,0.0,1.0
96373,0,1,3400,-71,71,535,5.4,12,0.50,56352.000000,0,27,0.0,0.0,0.0,0.0,0.0,0.0,0.0,1.0
96622,0,1,3400,-71,71,536,9.9,12,1.9,7200.000000,35,27,0.080,0.0,1568.000000,0,0.0,0.0,0.0,1.0
96871,0,1,3400,-71,71,539,8.4,12,1.3,27424.000000,7,27,14,0.0,91360.000000,0,0.0,0.0,0.0,1.0
97120,0,1,3400,-71,71,535,6.8,12,1.4,9466.135742,36,27,14,0.0,0.0,0.0,0.0,0.0,0.0,1.0
97369,0,1,3400,-71,71,534,10,12,1.5,20896.000000,29,27,14,0.0,0.0,0.0,0.0,0.0,0.0,1.0
97618,0,1,3400,-71,71,535,7.0,12,0.62,67456.000000,0,27,13,0.0,24256.000000,0,0.0,0.0,0.0,1.0
97867,0,1,3400,-71,71,539,9.6,12,1.2,22624.000000,3,27,11,0.0,0.0,0.0,0.0,0.0,0.0,1.0
98116,0,1,3400,-70,70,541,9.0,12,1.1,34496.000000,11,27,11,0.0,0.0,0.0,0.0,0.0,0.0,1.0
98365,0,1,3400,-70,70,537,9.0,13,1.0,27008.000000,4,27,11,0.0,0.0,0.0,0.0,0.0,0.0,1.0
98614,0,1,3400,-70,70,535,7.6,12,0.52,34304.000000,0,27,9.3,0.0,13760.000000,0,0.0,0.0,0.0,1.0
98863,0,1,3400,-71,71,537,7.3,13,0.62,28544.000000,0,27,1.5,0.0,0.0,0.0,0.0,0.0,0.0,1.0
99112,0,1,3400,-71,71,537,8.7,12,0.74,51232.000000,0,27,1.5,0.0,0.0,0.0,0.0,0.0,0.0,1.0
99361,0,1,3400,-71,71,531,9.9,12,1.6,41248.000000,13,27,1.5,0.0,0.0,0.0,0.0,0.0,0.0,1.0
99610,0,1,3400,-71,71,534,11,12,1.7,32160.000000,12,27,2.2,0.0,22048.000000,14,0.0,0.0,0.0,1.0
99859,0,1,3400,-71,71,538,7.8,12,0.59,28544.000000,0,27,3.5,0.0,0.0,0.0,0.0,0.0,0.0,1.0
100109,0,1,3400,-70,70,535,10,13,1.4,36544.000000,20,27,3.5,0.0,0.0,0.0,0.0,0.0,0.0,1.0
100358,0,1,3400,-70,70,535,7.9,13,0.86,30432.000000,5,27,3.4,0.0,0.0,0.0,0.0,0.0,0.0,1.0
100607,0,1,3400,-70,70,533,9.6,13,1.5,26816.000000,18,27,3.5,0.0,0.0,0.0,0.0,0.0,0.0,1.0
100856,0,1,3400,-70,70,535,11,13,1.1,28512.000000,3,27,7.0,0.0,28256.000000,0,0.0,0.0,0.0,1.0
101105,0,1,3400,-70,70,536,8.1,13,0.50,10304.000000,0,27,9.5,0.0,0.0,0.0,0.0,0.0,0.0,1.0
101354,0,1,3400,-70,70,540,7.7,13,0.52,48096.000000,0,27,9.5,0.0,0.0,0.0,0.0,0.0,0.0,1.0
101603,0,1,3400,-70,70,534,8.2,13,0.57,40160.000000,0,27,12,0.0,32576.000000,0,0.0,0.0,0.0,1.0
101852,0,1,3400,-70,70,535,5.5,13,0.52,52384.000000,0,27,13,0.0,24000.000000,0,0.0,0.0,0.0,1.0
102101,0,1,3400,-70,70,540,8.5,13,0.64,45590.363281,0,27,15,0.0,0.0,0.0,0.0,0.0,0.0,1.0
102350,0,1,3400,-70,70,539,7.6,13,0.54,40448.000000,0,27,15,0.0,0.0,0.0,0.0,0.0,0.0,1.0
102599,0,1,3400,-70,70,534,8.8,13,0.61,17056.000000,0,27,15,0.0,15520.000000,0,0.0,0.0,0.0,1.0
102848,0,1,3400,-70,70,529,11,13,1.5,13216.000000,47,27,13,0.0,6432.000000,0,0.0,0.0,0.0,1.0
103097,0,1,3400,-70,70,534,25,13,3.7,5632.000000,29,27,13,0.0,0.0,0.0,0.0,0.0,0.0,1.0
103346,0,1,3400,-70,70,537,9.8,13,0.75,48160.000000,2,27,13,0.0,0.0,0.0,0.0,0.0,0.0,1.0
103595,0,1,3400,-70,70,536,13,13,1.3,12621.513672,37,27,12,0.0,15745.019531,0,0.0,0.0,0.0,1.0
103844,0,1,3400,-70,70,538,9.1,13,0.71,27392.000000,5,27,10,0.0,0.0,0.0,0.0,0.0,0.0,1.0
104093,0,1,3400,-69,69,535,16,14,1.7,22272.000000,17,27,10,0.0,0.0,0.0,0.0,0.0,0.0,1.0
104342,0,1,3400,-69,69,536,14,14,1.7,19488.000000,48,27,10,0.0,0.0,0.0,0.0,0.0,0.0,1.0
104591,0,1,3400,-69,69,538,16,13,2.8,18848.000000,64,27,10,0.0,0.0,0.0,0.0,0.0,0.0,1.0
104840,0,1,3400,-70,70,538,12,13,2.6,16352.000000,55,27,9.2,0.0,80832.000000,0,0.0,0.0,0.0,1.0
105089,0,1,3400,-70,70,537,9.3,13,0.79,17312.000000,0,27,9.7,0.0,11936.000000,0,0.0,0.0,0.0,1.0
105338,0,1,3400,-70,70,536,9.6,13,1.2,40000.000000,2,27,11,0.0,0.0,0.0,0.0,0.0,0.0,1.0
105587,0,1,3400,-70,70,533,10,13,0.73,13280.000000,6,27,10,186,0.0,0.0,0.0,0.0,0.0,1.0
105836,0,1,3400,-70,70,532,12,13,1.3,28704.000000,24,27,11,0.0,93088.000000,0,0.0,0.0,0.0,1.0
106085,0,1,3400,-70,70,539,14,13,2.3,17472.000000,42,27,12,0.0,0.0,0.0,0.0,0.0,0.0,1.0
106334,0,1,3400,-70,70,536,14,13,1.6,34368.000000,15,27,12,0.0,0.0,0.0,0.0,0.0,0.0,1.0
106583,0,1,3400,-70,70,535,15,13,2.1,18272.000000,37,27,12,0.0,0.0,0.0,0.0,0.0,0.0,1.0
106832,0,1,3400,-70,70,538,16,13,2.6,11840.000000,56,27,12,0.0,0.0,0.0,0.0,0.0,0.0,1.0
107081,0,1,3400,-69,69,536,12,13,1.2,31968.000000,14,27,12,0.0,18368.000000,0,0.0,0.0,0.0,1.0
107330,0,1,3400,-69,69,532,8.2,14,1.1,19936.000000,20,27,12,0.0,0.0,0.0,0.0,0.0,0.0,1.0
107579,0,1,3400,-69,69,531,13,14,2.4,7360.000000,50,27,12,0.0,0.0,0.0,0.0,0.0,0.0,1.0
107828,0,1,3400,-69,69,537,17,14,2.0,24928.000000,19,27,11,0.0,18624.000000,0,0.0,0.0,0.0,1.0
108077,0,1,3400,-69,69,540,15,14,2.0,14304.000000,56,27,10,0.0,0.0,0.0,0.0,0.0,0.0,1.0
108326,0,1,3400,-69,69,537,12,14,2.0,36864.000000,17,27,10,0.0,0.0,0.0,0.0,0.0,0.0,1.0
108575,0,1,3400,-69,69,539,13,14,2.2,14586.345703,36,27,10,0.0,0.0,0.0,0.0,0.0,0.0,1.0
108824,0,1,3400,-69,69,540,15,14,2.8,12384.000000,47,27,10,186,0.0,0.0,0.0,0.0,0.0,1.0
109073,0,1,3400,-68,68,542,18,15,2.7,15072.000000,46,27,9.2,0.0,22464.000000,0,0.0,0.0,0.0,1.0
109322,0,1,3400,-68,68,540,16,14,2.9,16928.000000,25,27,9.0,0.0,0.0,0.0,0.0,0.0,0.0,1.0
109571,0,1,3400,-68,68,538,12,15,1.5,18656.000000,7,27,9.9,0.0,23488.000000,0,0.0,0.0,0.0,1.0
109820,0,1,3400,-68,68,538,17,15,2.6,8768.000000,69,27,13,0.0,0.0,0.0,0.0,0.0,0.0,1.0
110069,0,1,3400,-67,67,537,12,15,1.6,27378.486328,19,27,13,0.0,0.0,0.0,0.0,0.0,0.0,1.0
110318,0,1,3400,-67,67,535,9.5,16,0.66,33536.000000,4,27,13,0.0,0.0,0.0,0.0,0.0,0.0,1.0
110567,0,1,3400,-67,67,540,13,16,1.2,24736.000000,22,27,12,0.0,18464.000000,0,0.0,0.0,0.0,1.0
110816,0,1,3400,-67,67,537,15,16,1.3,86720.000000,0,27,3.6,0.0,0.0,0.0,0.0,0.0,0.0,1.0
111065,0,1,3400,-67,67,536,12,15,1.5,32288.000000,11,27,3.6,0.0,0.0,0.0,0.0,0.0,0.0,1.0
111314,0,1,3400,-67,67,534,9.2,16,0.70,51200.000000,0,27,3.5,0.0,0.0,0.0,0.0,0.0,0.0,1.0
111563,0,1,3400,-67,67,533,11,16,0.52,77056.000000,0,27,5.3,0.0,80576.000000,0,0.0,0.0,0.0,1.0
111812,0,1,3400,-67,67,537,14,16,0.82,37312.000000,0,27,9.0,0.0,0.0,0.0,0.0,0.0,0.0,1.0
112061,0,1,3400,-67,67,536,15,16,1.7,27136.000000,23,27,9.0,0.0,0.0,0.0,0.0,0.0,0.0,1.0
112310,0,1,3400,-66,66,536,11,17,0.81,21536.000000,0,27,9.1,0.0,0.0,0.0,0.0,0.0,0.0,1.0
112559,0,1,3400,-66,66,532,12,17,0.56,37664.000000,0,27,9.1,0.0,14144.000000,0,0.0,0.0,0.0,1.0
112808,0,1,3400,-66,66,536,9.9,16,0.60,58944.000000,0,27,9.5,0.0,0.0,0.0,0.0,0.0,0.0,1.0
113057,0,1,3400,-66,66,535,13,16,0.89,53248.000000,5,27,9.5,0.0,0.0,0.0,0.0,0.0,0.0,1.0
113306,0,1,3400,-66,66,535,13,16,1.3,29728.000000,24,27,9.5,0.0,0.0,0.0,0.0,0.0,0.0,1.0
113555,0,1,3400,-66,66,537,16,17,1.8,23808.000000,20,27,9.7,0.0,39360.000000,18,0.0,0.0,0.0,1.0
113804,0,1,3400,-66,66,539,13,17,0.71,15936.000000,0,27,12,0.0,0.0,0.0,0.0,0.0,0.0,1.0
114053,0,1,3400,-66,66,541,15,17,1.2,50240.000000,0,27,11,0.0,0.0,0.0,0.0,0.0,0.0,1.0
114302,0,1,3400,-65,65,535,14,18,1.4,12864.000000,0,27,11,0.0,0.0,0.0,0.0,0.0,0.0,1.0
114551,0,1,3400,-65,65,533,12,18,0.56,32288.000000,0,27,11,0.0,0.0,80,0.0,0.0,0.0,1.0
114800,0,1,3400,-65,65,537,13,18,0.76,58592.000000,0,27,10,0.0,0.0,0.0,0.0,0.0,0.0,1.0
115049,0,1,3400,-65,65,538,14,18,0.65,48417.671875,0,27,10,0.0,0.0,0.0,0.0,0.0,0.0,1.0
115298,0,1,3400,-64,64,535,13,18,0.62,42048.000000,0,27,11,0.0,0.0,0.0,0.0,0.0,0.0,1.0
115547,0,1,3400,-64,64,539,16,19,0.76,26016.000000,0,27,10,0.0,30304.000000,0,0.0,0.0,0.0,1.0
115796,0,1,3400,-64,64,535,15,18,0.62,42720.000000,0,27,10,0.0,0.0,0.0,0.0,0.0,0.0,1.0
116045,0,1,3400,-64,64,539,13,18,0.50,21376.000000,0,27,10,0.0,0.0,0.0,0.0,0.0,0.0,1.0
116294,0,1,3400,-64,64,544,13,18,0.55,52704.000000,0,27,10,0.0,0.0,0.0,0.0,0.0,0.0,1.0
116543,0,1,3400,-65,65,540,13,18,0.66,31745.019531,0,27,9.6,0.0,75824.703125,0,0.0,0.0,0.0,1.0
116792,0,1,3400,-65,65,541,13,18,0.58,59520.000000,0,27,8.0,0.0,0.0,0.0,0.0,0.0,0.0,1.0
117041,0,1,3400,-65,65,540,13,18,0.53,32352.000000,0,27,8.0,0.0,0.0,0.0,0.0,0.0,0.0,1.0
117290,0,1,3400,-65,65,538,13,17,0.50,48448.000000,0,27,8.0,0.0,0.0,0.0,0.0,0.0,0.0,1.0
117539,0,1,3400,-65,65,536,11,18,0.50,21344.000000,0,27,7.8,0.0,1568.000000,0,0.0,0.0,0.0,1.0
117788,0,1,3400,-65,65,538,9.0,18,0.61,10720.000000,0,27,5.9,0.0,48160.000000,0,0.0,0.0,0.0,1.0
118037,0,1,3400,-65,65,538,13,18,0.54,36864.000000,0,27,6.1,0.0,0.0,0.0,0.0,0.0,0.0,1.0
118286,0,1,3400,-65,65,537,14,17,0.69,47936.000000,0,27,6.1,0.0,0.0,0.0,0.0,0.0,0.0,1.0
118535,0,1,3400,-65,65,538,14,17,0.70,37664.000000,8,27,6.4,0.0,17056.000000,0,0.0,0.0,0.0,1.0
118784,0,1,3400,-65,65,536,11,17,0.50,49120.000000,0,27,12,0.0,6944.000000,0,0.0,0.0,0.0,1.0
119033,0,1,3400,-65,65,536,11,17,0.50,48608.000000,0,27,12,0.0,0.0,0.0,0.0,0.0,0.0,1.0
119282,0,1,3400,-65,65,537,10,18,0.55,26880.000000,0,27,12,0.0,0.0,0.0,0.0,0.0,0.0,1.0
119531,0,1,3400,-65,65,537,13,17,0.63,53056.000000,0,27,12,0.0,15808.000000,0,0.0,0.0,0.0,1.0
119780,0,1,3400,-65,65,537,12,17,0.50,37824.000000,0,27,11,0.0,0.0,0.0,0.0,0.0,0.0,1.0
120029,0,1,3400,-65,65,536,13,17,0.55,32256.000000,0,27,11,0.0,0.0,0.0,0.0,0.0,0.0,1.0
120278,0,1,3400,-65,65,533,14,18,0.98,21024.000000,0,27,10,0.0,0.0,0.0,0.0,0.0,0.0,1.0
120527,0,1,3400,-66,66,535,13,17,0.57,38464.000000,0,27,8.6,0.0,14112.000000,0,0.0,0.0,0.0,1.0
120776,0,1,3400,-66,66,537,12,17,0.57,31776.000000,0,27,0.0,0.0,0.0,0.0,0.0,0.0,0.0,1.0
121025,0,1,3400,-66,66,535,14,17,1.2,32352.000000,19,27,0.048,0.0,0.0,0.0,0.0,0.0,0.0,1.0
121274,0,1,3400,-66,66,535,12,17,1.2,21024.000000,0,27,0.14,0.0,0.0,0.0,0.0,0.0,0.0,1.0
121523,0,1,3400,-67,67,540,12,17,0.66,21879.517578,0,27,0.096,0.0,0.0,0.0,0.0,0.0,0.0,1.0
121772,0,1,3400,-67,67,534,11,16,0.67,38080.000000,0,27,0.73,0.0,12096.000000,0,0.0,0.0,0.0,1.0
122021,0,1,3400,-67,67,534,11,16,1.1,37600.000000,0,27,1.0,0.0,0.0,0.0,0.0,0.0,0.0,1.0
122270,0,1,3400,-67,67,537,11,16,0.69,54400.000000,0,27,1.0,0.0,0.0,0.0,0.0,0.0,0.0,1.0
122519,0,1,3400,-67,67,534,11,16,0.57,49344.000000,0,27,2.3,0.0,13888.000000,0,0.0,0.0,0.0,1.0
122768,0,1,3400,-67,67,533,8.2,15,0.50,16256.000000,0,27,7.5,0.0,0.0,0.0,0.0,0.0,0.0,1.0
123017,0,1,3400,-67,67,539,11,16,0.50,21673.306641,0,27,7.5,0.0,0.0,0.0,0.0,0.0,0.0,1.0
123266,0,1,3400,-67,67,540,13,15,1.2,56384.000000,6,27,7.5,0.0,0.0,0.0,0.0,0.0,0.0,1.0
123515,0,1,3400,-67,67,537,9.7,15,0.56,21984.000000,0,27,8.3,0.0,12864.000000,0,0.0,0.0,0.0,1.0
123764,0,1,3400,-68,68,534,13,15,1.2,26656.000000,18,27,11,0.0,0.0,0.0,0.0,0.0,0.0,1.0
124013,0,1,3400,-68,68,536,16,15,2.1,29824.000000,9,27,11,0.0,0.0,0.0,0.0,0.0,0.0,1.0
124262,0,1,3400,-68,68,540,9.8,14,0.69,48768.000000,0,27,11,0.0,0.0,0.0,0.0,0.0,0.0,1.0
124511,0,1,3400,-68,68,536,11,14,0.59,54208.000000,0,27,11,0.0,99008.000000,0,0.0,0.0,0.0,1.0
124760,0,1,3400,-68,68,537,9.6,15,1.3,16000.000000,25,27,12,0.0,0.0,0.0,0.0,0.0,0.0,1.0
125009,0,1,3400,-68,68,541,6.8,15,0.53,49152.000000,5,27,12,0.0,0.0,0.0,0.0,0.0,0.0,1.0
125258,0,1,3400,-68,68,533,9.6,15,1.0,38080.000000,0,27,12,0.0,0.0,0.0,0.0,0.0,0.0,1.0
125507,0,1,3400,-68,68,538,10,15,1.1,61728.000000,4,27,12,0.0,15520.000000,0,0.0,0.0,0.0,1.0
125756,0,1,3400,-68,68,539,14,15,1.6,42624.000000,0,27,12,0.0,10688.000000,0,0.0,0.0,0.0,1.0
126005,0,1,3400,-67,67,535,15,15,1.4,31360.000000,11,27,9.0,0.0,0.0,0.0,0.0,0.0,0.0,1.0
126254,0,1,3400,-67,67,535,16,15,1.2,20832.000000,0,27,9.0,0.0,0.0,0.0,0.0,0.0,0.0,1.0
126503,0,1,3400,-67,67,539,7.1,16,0.60,44064.000000,0,27,7.8,0.0,18496.000000,0,0.0,0.0,0.0,1.0
126752,0,1,3400,-67,67,536,6.8,16,0.54,42624.000000,0,27,1.5,0.0,0.0,0.0,0.0,0.0,0.0,1.0
127001,0,1,3400,-67,67,533,7.0,15,0.51,83424.000000,0,27,1.6,0.0,0.0,0.0,0.0,0.0,0.0,1.0
127250,0,1,3400,-67,67,533,11,15,0.61,38080.000000,0,27,1.6,0.0,0.0,0.0,0.0,0.0,0.0,1.0
127499,0,1,3400,-67,67,537,16,15,2.5,24192.000000,33,27,3.7,0.0,22464.000000,0,0.0,0.0,0.0,1.0
127748,0,1,3400,-68,68,539,12,15,0.87,10784.000000,0,27,12,0.0,0.0,0.0,0.0,0.0,0.0,1.0
127997,0,1,3400,-68,68,539,14,14,2.3,34602.410156,42,27,12,0.0,0.0,0.0,0.0,0.0,0.0,1.0
128246,0,1,3400,-68,68,537,17,15,2.9,5312.000000,33,27,12,0.0,0.0,0.0,0.0,0.0,0.0,1.0
128495,0,1,3400,-68,68,538,8.0,15,0.99,26688.000000,8,27,12,0.0,0.0,0.0,0.0,0.0,0.0,1.0
128744,0,1,3400,-69,69,535,7.0,14,0.56,75360.000000,0,27,8.5,0.0,31392.000000,0,0.0,0.0,0.0,1.0
128993,0,1,3400,-69,69,537,9.4,14,0.58,16416.000000,20,27,7.0,0.0,0.0,0.0,0.0,0.0,0.0,1.0
129242,0,1,3400,-69,69,537,10,13,1.4,33888.000000,18,27,7.1,0.0,0.0,0.0,0.0,0.0,0.0,1.0
129491,0,1,3400,-69,69,539,15,14,2.7,10549.800781,40,27,7.0,186,0.0,0.0,0.0,0.0,0.0,1.0
129740,0,1,3400,-69,69,536,14,14,2.8,19264.000000,60,27,4.5,0.0,41600.000000,0,0.0,0.0,0.0,1.0
129989,0,1,3400,-68,68,535,13,15,1.7,26880.000000,31,27,4.0,0.0,0.0,0.0,0.0,0.0,0.0,1.0
130238,0,1,3400,-68,68,540,11,15,0.77,32192.000000,0,27,4.1,0.0,0.0,0.0,0.0,0.0,0.0,1.0
130487,0,1,3400,-68,68,534,7.8,14,0.50,54496.000000,0,27,4.9,0.0,91072.000000,0,0.0,0.0,0.0,1.0
130736,0,1,3400,-68,68,531,12,15,2.2,10752.000000,44,27,10,0.0,0.0,0.0,0.0,0.0,0.0,1.0
130985,0,1,3400,-68,68,532,7.5,15,0.53,32800.000000,0,27,11,0.0,0.0,0.0,0.0,0.0,0.0,1.0
131234,0,1,3400,-68,68,533,8.3,14,0.68,32928.000000,6,27,10,0.0,0.0,0.0,0.0,0.0,0.0,1.0
131483,0,1,3400,-68,68,536,10,15,1.2,43104.000000,9,27,10,0.0,13888.000000,0,0.0,0.0,0.0,1.0
131732,0,1,3400,-69,69,535,13,14,1.4,26304.000000,30,27,8.5,0.0,0.0,0.0,0.0,0.0,0.0,1.0
131981,0,1,3400,-69,69,538,8.4,14,0.58,21664.000000,0,27,8.5,0.0,0.0,0.0,0.0,0.0,0.0,1.0
132230,0,1,3400,-69,69,538,8.6,13,0.78,32096.000000,8,27,8.5,0.0,0.0,0.0,0.0,0.0,0.0,1.0
132479,0,1,3400,-69,69,531,13,14,1.8,14272.000000,38,27,8.9,0.0,15808.000000,43,0.0,0.0,0.0,1.0
132728,0,1,3400,-69,69,535,12,14,1.0,19456.000000,25,27,10,0.0,0.0,0.0,0.0,0.0,0.0,1.0
132977,0,1,3400,-69,69,533,13,13,2.2,21504.000000,20,27,10,0.0,0.0,0.0,0.0,0.0,0.0,1.0
133226,0,1,3400,-69,69,534,8.1,14,1.7,29600.000000,17,27,11,0.0,0.0,0.0,0.0,0.0,0.0,1.0
133475,0,1,3400,-69,69,539,8.7,14,0.97,34144.000000,7,27,8.6,0.0,14112.000000,0,0.0,0.0,0.0,1.0
133724,0,1,3400,-69,69,538,5.8,13,0.84,62752.000000,8,27,0.0,0.0,0.0,0.0,0.0,0.0,0.0,1.0
133973,0,1,3400,-69,69,536,13,14,1.8,17344.000000,20,27,0.096,0.0,0.0,0.0,0.0,0.0,0.0,1.0
134222,0,1,3400,-69,69,533,7.1,14,0.50,5461.847168,0,27,0.0,0.0,0.0,0.0,0.0,0.0,0.0,1.0
134471,0,1,3400,-69,69,536,6.0,13,0.55,55168.000000,0,27,1.9,0.0,18880.000000,0,0.0,0.0,0.0,1.0
134720,0,1,3400,-69,69,533,8.4,14,0.66,59040.000000,0,27,5.0,0.0,0.0,0.0,0.0,0.0,0.0,1.0
134969,0,1,3400,-69,69,536,12,14,1.8,17824.000000,44,27,5.0,0.0,0.0,0.0,0.0,0.0,0.0,1.0
135218,0,1,3400,-69,69,537,8.8,13,1.1,32768.000000,20,27,5.0,0.0,0.0,0.0,0.0,0.0,0.0,1.0
135467,0,1,3400,-69,69,539,8.7,14,0.61,21728.000000,0,27,6.1,0.0,22208.000000,0,0.0,0.0,0.0,1.0
135716,0,1,3400,-69,69,542,6.8,14,0.50,11040.000000,0,27,11,0.0,0.0,0.0,0.0,0.0,0.0,1.0
135965,0,1,3400,-68,68,537,9.2,14,1.5,26486.056641,33,27,11,0.0,0.0,0.0,0.0,0.0,0.0,1.0
136214,0,1,3400,-68,68,538,8.8,14,0.79,53696.000000,0,27,11,0.0,0.0,0.0,0.0,0.0,0.0,1.0
136463,0,1,3400,-68,68,539,6.0,14,0.80,27968.000000,9,27,11,0.0,9376.000000,0,0.0,0.0,0.0,1.0
136712,0,1,3400,-69,69,537,5.6,14,0.53,47904.000000,0,27,10,0.0,6432.000000,50,0.0,0.0,0.0,1.0
136961,0,1,3400,-69,69,534,8.0,14,0.62,65152.000000,0,27,11,0.0,0.0,0.0,0.0,0.0,0.0,1.0
137210,0,1,3400,-69,69,531,13,14,2.3,21728.000000,27,27,10,0.0,0.0,0.0,0.0,0.0,0.0,1.0
137459,0,1,3400,-69,69,535,13,14,1.9,29344.000000,20,27,10,186,0.0,0.0,0.0,0.0,0.0,1.0
137708,0,1,3400,-69,69,535,8.8,14,0.98,26656.000000,13,27,15,0.0,144608.000000,5,0.0,0.0,0.0,1.0
137957,0,1,3400,-69,69,535,8.7,14,0.55,47808.000000,0,27,16,0.0,0.0,0.0,0.0,0.0,0.0,1.0
138206,0,1,3400,-69,69,538,7.1,14,0.79,31936.000000,7,27,16,0.0,0.0,0.0,0.0,0.0,0.0,1.0
138455,0,1,3400,-69,69,536,8.7,14,0.50,32512.000000,0,27,16,0.0,9376.000000,0,0.0,0.0,0.0,1.0
138704,0,1,3400,-69,69,533,11,14,0.94,43200.000000,11,27,8.6,0.0,6688.000000,0,0.0,0.0,0.0,1.0
138953,0,1,3400,-69,69,533,8.9,14,0.93,28288.000000,15,27,8.7,0.0,0.0,0.0,0.0,0.0,0.0,1.0
139202,0,1,3400,-69,69,535,3.6,13,0.53,51520.000000,3,27,8.5,0.0,0.0,0.0,0.0,0.0,0.0,1.0
139451,0,1,3400,-69,69,535,9.1,14,2.2,5312.000000,33,27,8.5,0.0,0.0,0.0,0.0,0.0,0.0,1.0
139700,0,1,3400,-69,69,535,12,14,1.4,39936.000000,27,27,11,0.0,22464.000000,0,0.0,0.0,0.0,1.0
139949,0,1,3400,-68,68,535,8.4,15,0.50,37856.000000,0,27,12,0.0,0.0,0.0,0.0,0.0,0.0,1.0
140198,0,1,3400,-68,68,537,7.6,15,0.60,48192.769531,0,27,12,0.0,0.0,0.0,0.0,0.0,0.0,1.0
140447,0,1,3400,-68,68,536,4.5,15,0.52,22752.000000,0,27,12,0.0,16320.000000,0,0.0,0.0,0.0,1.0
140696,0,1,3400,-68,68,536,8.5,14,0.58,42976.000000,0,27,9.5,0.0,0.0,0.0,0.0,0.0,0.0,1.0
140945,0,1,3400,-68,68,540,7.8,15,0.73,54976.000000,0,27,9.5,0.0,0.0,0.0,0.0,0.0,0.0,1.0
141194,0,1,3400,-68,68,537,11,14,1.2,52832.000000,6,27,9.5,0.0,0.0,0.0,0.0,0.0,0.0,1.0
141443,0,1,3400,-68,68,534,4.2,15,0.50,37984.000000,0,27,9.7,0.0,18624.000000,0,0.0,0.0,0.0,1.0
141692,0,1,3400,-68,68,534,7.5,14,0.52,65120.000000,0,27,10,0.0,0.0,0.0,0.0,0.0,0.0,1.0
141941,0,1,3400,-67,67,532,6.7,15,0.50,45440.000000,0,27,10,0.0,0.0,0.0,0.0,0.0,0.0,1.0
142190,0,1,3400,-67,67,532,9.5,15,0.50,54016.000000,0,27,10,0.0,0.0,0.0,0.0,0.0,0.0,1.0
142439,0,1,3400,-67,67,537,11,14,0.93,37545.816406,0,27,6.9,0.0,28079.681641,0,0.0,0.0,0.0,1.0
142688,0,1,3400,-67,67,537,6.3,14,0.64,47840.000000,3,27,0.064,0.0,0.0,0.0,0.0,0.0,0.0,1.0
142937,0,1,3400,-67,67,536,9.4,15,0.69,43072.000000,0,27,0.13,0.0,0.0,0.0,0.0,0.0,0.0,1.0
143186,0,1,3400,-67,67,532,13,17,0.50,32320.000000,0,27,0.13,0.0,0.0,0.0,0.0,0.0,0.0,1.0
143435,0,1,3400,-67,67,534,12,17,0.50,31872.000000,0,27,0.58,0.0,27904.000000,0,0.0,0.0,0.0,1.0
143684,0,1,3400,-67,67,536,11,17,0.58,43488.000000,0,27,2.1,0.0,0.0,0.0,0.0,0.0,0.0,1.0
143933,0,1,3400,-67,67,538,9.5,17,0.80,33664.000000,4,27,2.0,0.0,0.0,0.0,0.0,0.0,0.0,1.0
144182,0,1,3400,-67,67,537,12,17,0.73,26560.000000,0,27,2.0,0.0,0.0,0.0,0.0,0.0,0.0,1.0
144431,0,1,3400,-67,67,543,9.4,17,0.56,45440.000000,0,27,6.1,0.0,29408.000000,14,0.0,0.0,0.0,1.0
144680,0,1,3400,-67,67,537,13,17,0.51,32192.000000,0,27,7.6,0.0,0.0,0.0,0.0,0.0,0.0,1.0
144929,0,1,3400,-67,67,534,14,17,0.68,21088.000000,0,27,7.6,0.0,0.0,0.0,0.0,0.0,0.0,1.0
145178,0,1,3400,-67,67,536,11,17,0.50,59040.000000,0,27,7.6,0.0,0.0,0.0,0.0,0.0,0.0,1.0
145427,0,1,3400,-67,67,539,13,17,0.98,27104.000000,8,27,7.4,0.0,35040.000000,0,0.0,0.0,0.0,1.0
145676,0,1,3400,-67,67,543,6.1,17,0.50,52576.000000,0,27,8.9,0.0,0.0,0.0,0.0,0.0,0.0,1.0
145925,0,1,3400,-67,67,539,9.5,17,0.50,26976.000000,0,27,8.9,0.0,0.0,0.0,0.0,0.0,0.0,1.0
146174,0,1,3400,-67,67,541,9.0,17,0.54,76160.000000,0,27,8.9,0.0,0.0,0.0,0.0,0.0,0.0,1.0
146423,0,1,3400,-67,67,540,9.2,17,0.50,30400.000000,0,27,8.9,0.0,16064.000000,0,0.0,0.0,0.0,1.0
146672,0,1,3400,-67,67,535,13,17,0.93,39935.742188,6,27,8.4,0.0,0.0,0.0,0.0,0.0,0.0,1.0
146921,0,1,3400,-67,67,542,13,17,0.50,10688.000000,0,27,8.4,0.0,0.0,0.0,0.0,0.0,0.0,1.0
147170,0,1,3400,-67,67,535,12,17,0.50,53504.000000,0,27,8.5,0.0,0.0,0.0,0.0,0.0,0.0,1.0
147419,0,1,3400,-68,68,532,11,17,0.50,10816.000000,0,27,8.4,0.0,0.0,0.0,0.0,0.0,0.0,1.0
147668,0,1,3400,-68,68,535,8.4,17,0.50,49600.000000,0,27,2.7,0.0,32128.000000,0,0.0,0.0,0.0,1.0
147917,0,1,3400,-68,68,543,6.6,17,0.50,27904.000000,0,27,2.0,0.0,0.0,0.0,0.0,0.0,0.0,1.0
148166,0,1,3400,-68,68,537,11,16,0.51,32160.000000,0,27,2.0,0.0,0.0,0.0,0.0,0.0,0.0,1.0
148415,0,1,3400,-69,69,535,13,16,0.81,57952.000000,0,27,2.2,0.0,30208.000000,0,0.0,0.0,0.0,1.0
148664,0,1,3400,-69,69,537,11,16,0.60,37120.000000,0,27,4.5,0.0,0.0,0.0,0.0,0.0,0.0,1.0
148913,0,1,3400,-69,69,535,8.8,16,0.50,39328.000000,0,27,4.5,0.0,0.0,0.0,0.0,0.0,0.0,1.0
149162,0,1,3400,-69,69,537,7.9,16,0.50,27474.103516,0,27,4.5,0.0,0.0,0.0,0.0,0.0,0.0,1.0
149411,0,1,3400,-70,70,538,8.7,15,0.50,54048.000000,0,27,4.3,0.0,2272.000000,0,0.0,0.0,0.0,1.0
149660,0,1,3400,-70,70,540,8.4,15,0.50,28768.000000,0,27,2.0,0.0,6528.000000,0,0.0,0.0,0.0,1.0
149909,0,1,3400,-70,70,534,9.2,15,0.50,59392.000000,0,27,2.0,0.0,0.0,0.0,0.0,0.0,0.0,1.0
150158,0,1,3400,-70,70,528,9.1,15,0.50,43680.000000,0,27,2.0,0.0,0.0,0.0,0.0,0.0,0.0,1.0
150407,0,1,3400,-70,70,532,7.2,14,0.51,53952.000000,0,27,2.1,0.0,36288.000000,0,0.0,0.0,0.0,1.0
150656,0,1,3400,-71,71,537,8.4,14,0.50,57376.000000,0,27,3.5,0.0,0.0,0.0,0.0,0.0,0.0,1.0
150905,0,1,3400,-71,71,541,7.2,14,0.50,43040.000000,0,27,3.4,0.0,0.0,0.0,0.0,0.0,0.0,1.0
151154,0,1,3400,-71,71,536,6.5,14,0.50,36224.000000,0,27,3.5,0.0,0.0,0.0,0.0,0.0,0.0,1.0
151403,0,1,3400,-71,71,531,7.0,14,0.50,54880.000000,0,27,4.5,0.0,11840.000000,0,0.0,0.0,0.0,1.0
151652,0,1,3400,-71,71,533,7.7,13,0.50,86720.000000,0,27,9.4,0.0,0.0,0.0,0.0,0.0,0.0,1.0
151901,0,1,3400,-71,71,530,6.8,13,0.50,43360.000000,0,27,9.5,0.0,0.0,0.0,0.0,0.0,0.0,1.0
152150,0,1,3400,-71,71,534,7.0,14,0.51,60352.000000,0,27,10,0.0,17056.000000,33,0.0,0.0,0.0,1.0
152399,0,1,3400,-71,71,539,7.8,14,0.54,26816.000000,0,27,14,186,0.0,0.0,0.0,0.0,0.0,1.0
152648,0,1,3400,-71,71,530,8.4,14,0.58,16704.000000,0,27,14,0.0,0.0,80,0.0,0.0,0.0,1.0
152897,0,1,3400,-70,70,532,9.5,14,0.61,32835.339844,0,27,13,0.0,0.0,0.0,0.0,0.0,0.0,1.0
153146,0,1,3400,-70,70,534,5.4,15,0.50,27872.000000,0,27,14,0.0,0.0,0.0,0.0,0.0,0.0,1.0
153395,0,1,3400,-70,70,537,8.2,15,0.50,48864.000000,0,27,12,0.0,20256.000000,25,0.0,0.0,0.0,1.0
153644,0,1,3400,-70,70,536,6.6,15,0.53,54592.000000,0,27,6.0,0.0,0.0,0.0,0.0,0.0,0.0,1.0
153893,0,1,3400,-70,70,536,5.8,15,0.50,22624.000000,0,27,5.9,0.0,1568.000000,0,0.0,0.0,0.0,1.0
154142,0,1,3400,-69,69,538,8.2,15,0.50,65088.000000,0,27,6.0,0.0,0.0,0.0,0.0,0.0,0.0,1.0
154391,0,1,3400,-69,69,536,7.6,15,0.50,39104.000000,0,27,5.9,186,0.0,0.0,0.0,0.0,0.0,1.0
154640,0,1,3400,-69,69,534,9.4,15,1.1,31072.000000,4,27,7.5,0.0,16576.000000,20,0.0,0.0,0.0,1.0
154889,0,1,3400,-69,69,536,7.6,15,0.50,35456.000000,0,27,8.0,0.0,0.0,0.0,0.0,0.0,0.0,1.0
155138,0,1,3400,-69,69,536,6.1,15,0.50,22016.000000,0,27,8.0,0.0,0.0,0.0,0.0,0.0,0.0,1.0
155387,0,1,3400,-70,70,531,10,15,1.2,62208.000000,2,27,7.2,0.0,35552.000000,7,0.0,0.0,0.0,1.0
155636,0,1,3400,-70,70,536,4.4,15,0.50,30629.482422,0,27,7.0,0.0,0.0,0.0,0.0,0.0,0.0,1.0
155885,0,1,3400,-70,70,539,9.5,15,0.50,38080.000000,0,27,7.0,0.0,0.0,0.0,0.0,0.0,0.0,1.0
156134,0,1,3400,-70,70,535,7.0,15,0.52,44608.000000,0,27,7.0,0.0,0.0,0.0,0.0,0.0,0.0,1.0
156383,0,1,3400,-70,70,533,6.8,14,0.56,45472.000000,0,27,4.5,0.0,25376.000000,0,0.0,1.0,1.0,1.0
156632,0,1,3400,-70,70,538,5.1,14,0.56,54496.000000,0,27,0.0,0.0,0.0,0.0,0.0,0.0,0.0,1.0
156881,0,1,3400,-70,70,541,8.9,15,0.69,16480.000000,0,27,0.0,0.0,0.0,0.0,0.0,0.0,0.0,1.0
157130,0,1,3400,-70,70,539,2.7,15,0.50,25088.000000,0,27,0.0,0.0,0.0,0.0,0.0,0.0,0.0,1.0
157379,0,1,3400,-70,70,536,6.6,15,0.50,40032.000000,0,27,1.4,0.0,14400.000000,0,0.0,0.0,0.0,1.0
157628,0,1,3400,-70,70,534,8.7,15,0.50,38304.000000,0,27,7.0,0.0,0.0,0.0,0.0,0.0,0.0,1.0
157877,0,1,3400,-70,70,531,5.1,15,0.50,28480.000000,0,27,6.9,0.0,0.0,0.0,0.0,0.0,0.0,1.0
158126,0,1,3400,-69,69,534,5.2,15,0.50,17024.000000,0,27,6.9,0.0,0.0,0.0,0.0,0.0,0.0,1.0
158375,0,1,3400,-70,70,535,5.4,15,0.50,11072.000000,0,27,6.2,0.0,31040.000000,6,0.0,0.0,0.0,1.0
158624,0,1,3400,-70,70,535,8.2,15,0.50,54912.000000,0,27,4.5,0.0,0.0,0.0,0.0,0.0,0.0,1.0
158873,0,1,3400,-70,70,530,6.8,15,0.50,22720.000000,0,27,4.5,0.0,0.0,0.0,0.0,0.0,0.0,1.0
159122,0,1,3400,-70,70,528,5.1,15,0.50,34216.867188,0,27,4.5,0.0,0.0,0.0,0.0,0.0,0.0,1.0
159371,0,1,3400,-70,70,532,5.3,15,0.50,38880.000000,0,27,2.9,0.0,13952.000000,0,0.0,0.0,0.0,1.0
159620,0,1,3400,-70,70,534,9.6,14,0.52,65216.000000,0,27,0.0,0.0,0.0,0.0,0.0,0.0,0.0,1.0
159869,0,1,3400,-70,70,532,8.2,14,0.56,48928.000000,0,27,0.0,0.0,0.0,0.0,0.0,0.0,0.0,1.0
160118,0,1,3400,-70,70,530,6.4,15,0.50,26624.000000,0,27,0.0,0.0,0.0,0.0,0.0,0.0,0.0,1.0
160367,0,1,3400,-70,70,530,4.3,15,0.50,47456.000000,0,27,0.24,0.0,16832.000000,7,0.0,0.0,0.0,1.0
160616,0,1,3400,-70,70,530,6.3,14,0.50,33216.000000,0,27,2.0,0.0,0.0,0.0,0.0,0.0,0.0,1.0
160865,0,1,3400,-70,70,532,11,14,1.3,44544.000000,3,27,2.0,0.0,0.0,0.0,0.0,0.0,0.0,1.0
161114,0,1,3400,-70,70,538,6.6,14,0.50,38816.000000,0,27,2.0,0.0,0.0,0.0,0.0,0.0,0.0,1.0
161363,0,1,3400,-70,70,539,5.1,15,0.50,28064.000000,0,27,3.1,0.0,33664.000000,33,0.0,0.0,0.0,1.0
161612,0,1,3400,-70,70,535,5.2,15,0.50,28704.000000,0,27,9.0,0.0,0.0,0.0,0.0,0.0,0.0,1.0
161861,0,1,3400,-70,70,534,4.8,15,0.50,33280.000000,0,27,8.9,0.0,0.0,0.0,0.0,0.0,0.0,1.0
162110,0,1,3400,-70,70,534,5.0,15,0.50,50071.714844,0,27,8.9,0.0,0.0,0.0,0.0,0.0,0.0,1.0
162359,0,1,3400,-70,70,539,5.2,15,0.50,51072.000000,0,27,7.3,0.0,13952.000000,0,0.0,0.0,0.0,1.0
162608,0,1,3400,-70,70,542,5.3,14,0.50,62112.000000,0,27,0.0,0.0,0.0,0.0,0.0,0.0,0.0,1.0
162857,0,1,3400,-70,70,533,7.8,15,0.52,72096.000000,0,27,0.0,0.0,0.0,0.0,0.0,0.0,0.0,1.0
163106,0,1,3400,-70,70,537,4.8,15,0.50,68448.000000,0,27,0.0,0.0,0.0,0.0,0.0,0.0,0.0,1.0
163355,0,1,3400,-70,70,535,4.9,15,0.50,17184.000000,0,27,0.0,186,0.0,0.0,0.0,0.0,0.0,1.0
163604,0,1,3400,-70,70,534,5.8,15,0.50,44352.000000,0,27,0.032,0.0,9888.000000,8,0.0,0.0,0.0,1.0
163853,0,1,3400,-70,70,533,9.1,14,1.0,58304.000000,6,27,0.0,0.0,0.0,0.0,0.0,0.0,0.0,1.0
164102,0,1,3400,-70,70,536,7.7,15,0.50,75552.000000,0,27,0.0,0.0,0.0,0.0,0.0,0.0,0.0,1.0
164351,0,1,3400,-70,70,541,8.1,15,0.60,37792.000000,0,27,0.42,0.0,24896.000000,0,0.0,0.0,0.0,1.0
164600,0,1,3400,-70,70,536,13,15,0.87,47648.000000,0,27,3.0,0.0,0.0,0.0,0.0,0.0,0.0,1.0
164849,0,1,3400,-70,70,529,9.8,15,0.53,48896.000000,0,27,3.0,0.0,0.0,0.0,0.0,0.0,0.0,1.0
165098,0,1,3400,-70,70,534,6.9,15,0.51,39200.000000,0,27,3.0,0.0,0.0,0.0,0.0,0.0,0.0,1.0
165347,0,1,3400,-70,70,534,8.7,15,0.50,52352.000000,0,27,2.4,0.0,23872.000000,7,0.0,0.0,0.0,1.0
165596,0,1,3400,-70,70,531,3.6,14,0.51,45204.820312,0,27,0.0,0.0,0.0,0.0,0.0,0.0,0.0,1.0
165845,0,1,3400,-70,70,535,7.1,15,0.58,65568.000000,0,27,0.0,0.0,0.0,0.0,0.0,0.0,0.0,1.0
166094,0,1,3400,-70,70,536,8.2,15,0.50,32672.000000,0,27,0.0,0.0,0.0,0.0,0.0,0.0,0.0,1.0
166343,0,1,3400,-70,70,536,7.6,15,0.56,38848.000000,0,27,1.9,0.0,11488.000000,0,0.0,0.0,0.0,1.0
166592,0,1,3400,-70,70,535,15,15,0.99,47200.000000,0,27,5.5,0.0,0.0,0.0,0.0,0.0,0.0,1.0
166841,0,1,3400,-70,70,535,6.9,15,0.50,45376.000000,0,27,5.4,0.0,0.0,0.0,0.0,0.0,0.0,1.0
167090,0,1,3400,-69,69,531,3.8,15,0.50,63136.000000,0,27,5.5,0.0,0.0,0.0,0.0,0.0,0.0,1.0
167339,0,1,3400,-69,69,529,6.2,15,0.50,49280.000000,0,27,4.4,0.0,10240.000000,0,0.0,0.0,0.0,1.0
167588,0,1,3400,-69,69,532,7.2,16,0.50,34176.000000,0,27,0.0,0.0,0.0,0.0,0.0,0.0,0.0,1.0
167837,0,1,3400,-69,69,533,2.7,15,0.50,73824.000000,0,27,0.0,0.0,0.0,0.0,0.0,0.0,0.0,1.0
168086,0,1,3400,-69,69,534,9.9,16,0.50,43392.000000,0,27,0.0,0.0,0.0,0.0,0.0,0.0,0.0,1.0
168335,0,1,3400,-69,69,532,7.2,16,0.50,49152.000000,0,27,0.064,0.0,9888.000000,0,0.0,0.0,0.0,1.0
168584,0,1,3400,-69,69,529,5.2,16,0.50,39713.148438,0,27,0.0,0.0,0.0,0.0,0.0,0.0,0.0,1.0
168833,0,1,3400,-69,69,532,5.8,16,0.54,33504.000000,0,27,0.0,0.0,0.0,0.0,0.0,0.0,0.0,1.0
169082,0,1,3400,-68,68,532,19,16,2.4,15904.000000,17,27,0.0,0.0,0.0,0.0,0.0,0.0,0.0,1.0
169331,0,1,3400,-68,68,535,9.0,16,0.71,38336.000000,0,27,0.27,0.0,12576.000000,0,0.0,0.0,0.0,1.0
169580,0,1,3400,-68,68,535,11,16,0.50,43360.000000,0,27,0.99,0.0,0.0,0.0,0.0,0.0,0.0,1.0
169829,0,1,3400,-68,68,538,12,16,0.53,44192.000000,0,27,1.0,0.0,0.0,0.0,0.0,0.0,0.0,1.0
170078,0,1,3400,-68,68,535,12,16,0.51,63680.000000,0,27,0.98,0.0,0.0,0.0,0.0,0.0,0.0,1.0
170327,0,1,3400,-68,68,535,13,16,0.50,48640.000000,0,27,0.72,0.0,10240.000000,0,0.0,0.0,0.0,1.0
170576,0,1,3400,-68,68,533,12,16,0.50,59232.000000,0,27,0.0,0.0,0.0,0.0,0.0,0.0,0.0,1.0
170825,0,1,3400,-68,68,533,12,17,0.56,32704.000000,7,27,0.0,0.0,0.0,0.0,0.0,0.0,0.0,1.0
171074,0,1,3400,-68,68,532,13,16,0.52,32256.000000,0,27,0.0,0.0,0.0,0.0,0.0,0.0,0.0,1.0
171323,0,1,3400,-68,68,538,9.0,16,0.53,37792.000000,0,27,0.63,0.0,10496.000000,12,0.0,0.0,0.0,1.0
171572,0,1,3400,-68,68,537,8.8,16,0.50,58112.000000,0,27,3.0,0.0,0.0,0.0,0.0,0.0,0.0,1.0
171821,0,1,3400,-68,68,537,9.2,16,0.50,41606.425781,0,27,3.0,0.0,0.0,0.0,0.0,0.0,0.0,1.0
172070,0,1,3400,-68,68,535,8.4,17,0.50,28352.000000,0,27,3.0,0.0,0.0,0.0,0.0,0.0,0.0,1.0
172319,0,1,3400,-68,68,532,7.1,16,0.50,40256.000000,0,27,3.7,0.0,25504.000000,0,0.0,0.0,0.0,1.0
172568,0,1,3400,-68,68,534,11,16,1.0,12192.000000,13,27,5.5,0.0,0.0,0.0,0.0,0.0,0.0,1.0
172817,0,1,3400,-68,68,534,17,17,2.5,576,67,27,5.5,0.0,0.0,0.0,0.0,0.0,0.0,1.0
173066,0,1,3400,-68,68,534,12,16,1.4,21600.000000,10,27,5.5,0.0,0.0,0.0,0.0,0.0,0.0,1.0
173315,0,1,3400,-68,68,532,7.9,17,0.50,31200.000000,0,27,5.1,0.0,10784.000000,33,0.0,0.0,0.0,1.0
173564,0,1,3400,-68,68,533,13,16,1.2,32672.000000,11,27,3.5,0.0,0.0,0.0,0.0,0.0,0.0,1.0
173813,0,1,3400,-68,68,537,13,17,1.8,17376.000000,5,27,3.5,0.0,0.0,0.0,0.0,0.0,0.0,1.0
174062,0,1,3400,-68,68,536,7.3,16,0.51,70976.000000,0,27,3.5,0.0,0.0,0.0,0.0,0.0,0.0,1.0
174311,0,1,3400,-68,68,537,8.2,17,0.50,34656.000000,0,27,2.5,0.0,9696.000000,0,0.0,0.0,0.0,1.0
174560,0,1,3400,-68,68,534,8.0,16,0.50,56992.000000,0,27,0.54,0.0,0.0,0.0,0.0,0.0,0.0,1.0
174809,0,1,3400,-68,68,534,8.1,17,0.50,29856.000000,0,27,0.52,0.0,0.0,0.0,0.0,0.0,0.0,1.0
175058,0,1,3400,-68,68,530,7.6,16,0.50,34836.652344,0,27,0.51,0.0,0.0,0.0,0.0,0.0,0.0,1.0
175307,0,1,3400,-68,68,532,8.5,17,0.50,57792.000000,0,27,0.36,0.0,11616.000000,0,0.0,0.0,0.0,1.0
175556,0,1,3400,-68,68,534,10,17,0.54,43616.000000,0,27,0.0,0.0,0.0,0.0,0.0,0.0,0.0,1.0
175805,0,1,3400,-68,68,536,8.0,17,0.50,40992.000000,0,27,0.080,0.0,0.0,0.0,0.0,0.0,0.0,1.0
176054,0,1,3400,-67,67,538,11,17,0.50,38336.000000,0,27,0.0,0.0,0.0,0.0,0.0,0.0,0.0,1.0
176303,0,1,3400,-68,68,537,12,17,0.50,65440.000000,0,27,0.79,0.0,9472.000000,44,0.0,0.0,0.0,1.0
176552,0,1,3400,-68,68,529,11,17,0.51,49504.000000,0,27,3.5,0.0,0.0,0.0,0.0,0.0,0.0,1.0
176801,0,1,3400,-68,68,526,12,17,0.50,38208.000000,0,27,3.5,0.0,0.0,0.0,0.0,0.0,0.0,1.0
177050,0,1,3400,-68,68,530,10,17,0.50,32928.000000,0,27,3.5,0.0,0.0,0.0,0.0,0.0,0.0,1.0
177299,0,1,3400,-68,68,532,10,16,0.53,71296.000000,0,27,2.9,0.0,7648.000000,45,0.0,0.0,0.0,1.0
177548,0,1,3400,-68,68,534,9.5,16,0.55,22688.000000,0,27,0.016,0.0,1568.000000,0,0.0,0.0,0.0,1.0
177797,0,1,3400,-68,68,533,8.9,16,0.50,45216.000000,0,27,0.064,0.0,0.0,0.0,0.0,0.0,0.0,1.0
178046,0,1,3400,-68,68,538,11,16,0.50,35232.000000,0,27,0.032,0.0,0.0,0.0,0.0,0.0,0.0,1.0
178295,0,1,3400,-68,68,537,7.7,17,0.50,18377.509766,0,27,0.0,186,0.0,0.0,0.0,0.0,0.0,1.0
178544,0,1,3400,-68,68,532,2.9,16,0.50,21440.000000,0,27,0.90,112,0.0,80,0.0,0.0,0.0,1.0
178793,0,1,3400,-68,68,531,4.3,16,0.50,55808.000000,0,27,2.3,0.0,22720.000000,29,0.0,0.0,0.0,1.0
179042,0,1,3400,-68,68,533,11,16,0.50,64000.000000,0,27,5.0,0.0,0.0,0.0,0.0,0.0,0.0,1.0
179291,0,1,3400,-69,69,532,11,16,0.50,22080.000000,0,27,4.9,0.0,2592.000000,0,0.0,0.0,0.0,1.0
179540,0,1,3400,-69,69,534,10,16,0.50,34912.000000,0,27,2.0,0.0,9152.000000,50,0.0,0.0,0.0,1.0
179789,0,1,3400,-69,69,530,8.2,16,0.50,44000.000000,0,27,2.0,0.0,0.0,0.0,0.0,0.0,0.0,1.0
180038,0,1,3400,-69,69,531,6.4,16,0.50,20128.000000,0,27,2.0,0.0,0.0,0.0,0.0,0.0,0.0,1.0
180287,0,1,3400,-69,69,529,3.7,15,0.50,25440.000000,0,27,2.0,0.0,0.0,0.0,0.0,0.0,0.0,1.0
180536,0,1,3400,-69,69,528,3.5,16,0.50,11328.000000,0,27,1.9,0.0,19808.000000,0,0.0,0.0,0.0,1.0
180785,0,1,3400,-69,69,535,5.4,15,0.50,67744.000000,0,27,2.0,0.0,0.0,0.0,0.0,0.0,0.0,1.0
181034,0,1,3400,-69,69,533,9.5,15,0.50,45088.000000,0,27,2.0,0.0,0.0,0.0,0.0,0.0,0.0,1.0
181283,0,1,3400,-69,69,533,6.7,16,0.50,47136.000000,0,27,2.0,0.0,13024.000000,0,0.0,0.0,0.0,1.0
181532,0,1,3400,-69,69,533,3.5,16,0.50,50645.417969,0,27,1.5,0.0,0.0,0.0,0.0,0.0,0.0,1.0
181782,0,1,3400,-69,69,534,8.6,16,0.50,68224.000000,0,27,1.5,0.0,0.0,0.0,0.0,0.0,0.0,1.0
182031,0,1,3400,-68,68,538,8.9,17,0.53,41888.000000,0,27,1.5,0.0,0.0,0.0,0.0,0.0,0.0,1.0
182280,0,1,3400,-68,68,537,5.1,16,0.51,40384.000000,0,27,1.2,0.0,14752.000000,12,0.0,0.0,0.0,1.0
182529,0,1,3400,-68,68,538,11,17,0.53,69984.000000,2,27,0.032,0.0,0.0,0.0,0.0,0.0,0.0,1.0
182778,0,1,3400,-68,68,541,9.0,17,0.50,57312.000000,0,27,0.080,0.0,0.0,0.0,0.0,0.0,0.0,1.0
183027,0,1,3400,-67,67,536,12,17,0.50,16512.000000,0,27,0.0,0.0,0.0,0.0,0.0,0.0,0.0,1.0
183276,0,1,3400,-67,67,530,11,17,0.50,32864.000000,0,27,0.20,0.0,18464.000000,5,0.0,0.0,0.0,1.0
183525,0,1,3400,-67,67,531,7.9,17,0.50,31136.000000,0,27,0.0,0.0,0.0,0.0,0.0,0.0,0.0,1.0
183774,0,1,3400,-67,67,539,8.4,17,0.50,34304.000000,0,27,0.080,0.0,0.0,0.0,0.0,0.0,0.0,1.0
184023,0,1,3400,-67,67,537,3.0,17,0.50,16800.000000,0,27,0.016,0.0,0.0,0.0,0.0,0.0,0.0,1.0
184272,0,1,3400,-68,68,537,11,17,0.50,94912.000000,0,27,0.016,0.0,14592.000000,0,0.0,0.0,0.0,1.0
184521,0,1,3400,-68,68,532,10,17,0.50,76160.000000,0,27,0.048,0.0,0.0,0.0,0.0,0.0,0.0,1.0
184770,0,1,3400,-68,68,531,11,17,0.50,50441.765625,0,27,0.048,0.0,0.0,0.0,0.0,0.0,0.0,1.0
185019,0,1,3400,-68,68,534,9.0,16,0.51,50048.000000,0,27,0.0,0.0,0.0,0.0,0.0,0.0,0.0,1.0
185268,0,1,3400,-68,68,529,9.8,17,0.51,49952.000000,0,27,0.25,0.0,18464.000000,5,0.0,0.0,0.0,1.0
185517,0,1,3400,-68,68,530,8.5,17,0.50,38752.000000,0,27,0.016,0.0,0.0,0.0,0.0,0.0,0.0,1.0
185766,0,1,3400,-68,68,532,12,17,0.53,34048.000000,6,27,0.0,0.0,0.0,0.0,0.0,0.0,0.0,1.0
186015,0,1,3400,-67,67,531,14,17,0.81,27360.000000,0,27,0.016,0.0,0.0,0.0,0.0,0.0,0.0,1.0
186264,0,1,3400,-67,67,534,6.7,17,0.52,40224.000000,0,27,0.16,0.0,14112.000000,0,0.0,0.0,0.0,1.0
186513,0,1,3400,-67,67,535,9.0,17,0.50,30688.000000,0,27,0.064,0.0,0.0,0.0,0.0,0.0,0.0,1.0
186762,0,1,3400,-67,67,534,7.1,17,0.50,48672.000000,0,27,0.016,0.0,0.0,0.0,0.0,0.0,0.0,1.0
187011,0,1,3400,-67,67,533,11,17,0.50,46272.000000,0,27,0.016,0.0,0.0,0.0,0.0,0.0,0.0,1.0
187260,0,1,3400,-67,67,531,8.3,18,0.50,33472.000000,0,27,0.17,0.0,19072.000000,0,0.0,0.0,0.0,1.0
187509,0,1,3400,-67,67,535,6.5,17,0.50,19136.000000,0,27,0.0,0.0,0.0,0.0,0.0,0.0,0.0,1.0
187758,0,1,3400,-67,67,537,3.5,17,0.50,23520.000000,0,27,0.0,0.0,0.0,0.0,0.0,0.0,0.0,1.0
188007,0,1,3400,-67,67,538,13,17,0.50,18996.015625,0,27,0.032,0.0,0.0,0.0,0.0,0.0,0.0,1.0
188256,0,1,3400,-67,67,536,4.3,17,0.50,58304.000000,0,27,0.44,0.0,34048.000000,0,0.0,1.0,2.0,1.0
188505,0,1,3400,-67,67,533,13,17,0.50,112896.000000,0,27,3.5,0.0,0.0,0.0,0.0,0.0,0.0,1.0
188754,0,1,3400,-67,67,539,10,17,0.50,34336.000000,0,27,3.5,0.0,0.0,0.0,0.0,0.0,0.0,1.0
189003,0,1,3400,-67,67,537,8.4,17,0.50,50208.000000,0,27,3.5,0.0,0.0,0.0,0.0,0.0,0.0,1.0
189252,0,1,3400,-67,67,538,9.5,18,0.51,46080.000000,0,27,3.3,0.0,1568.000000,0,0.0,0.0,0.0,1.0
189501,0,1,3400,-67,67,537,12,18,0.61,5472.000000,0,27,8.8,0.0,51168.000000,10,0.0,0.0,0.0,1.0
189750,0,1,3400,-67,67,538,11,18,0.63,49088.000000,0,27,8.9,0.0,0.0,0.0,0.0,0.0,0.0,1.0
189999,0,1,3400,-66,66,533,12,18,0.53,32512.000000,0,27,9.0,0.0,0.0,0.0,0.0,0.0,0.0,1.0
190248,0,1,3400,-66,66,535,12,19,0.68,63680.000000,3,27,9.2,0.0,13632.000000,0,0.0,0.0,0.0,1.0
190497,0,1,3400,-66,66,535,12,19,0.65,10912.000000,0,27,10,0.0,0.0,0.0,0.0,0.0,0.0,1.0
190746,0,1,3400,-66,66,536,14,19,0.82,27244.980469,0,27,10,0.0,0.0,0.0,0.0,0.0,0.0,1.0
190995,0,1,3400,-65,65,536,11,19,0.55,43537.847656,0,27,10,0.0,0.0,0.0,0.0,0.0,0.0,1.0
191244,0,1,3400,-65,65,533,13,19,0.78,44433.734375,4,27,10,0.0,81156.625000,0,0.0,0.0,0.0,1.0
191493,0,1,3400,-65,65,535,12,19,0.54,59648.000000,0,27,9.0,0.0,0.0,0.0,0.0,0.0,0.0,1.0
191742,0,1,3400,-65,65,536,12,19,0.53,54656.000000,0,27,8.9,0.0,0.0,0.0,0.0,1.0,0.0,1.0
191991,0,1,3400,-65,65,534,12,19,0.56,43712.000000,0,27,9.0,0.0,0.0,0.0,0.0,0.0,0.0,1.0
192240,0,1,3400,-65,65,531,12,19,0.50,48736.000000,0,27,9.1,0.0,16320.000000,0,0.0,0.0,0.0,1.0
192489,0,1,3400,-65,65,533,11,20,0.51,43616.000000,0,27,9.5,0.0,0.0,0.0,0.0,0.0,0.0,1.0
192738,0,1,3400,-65,65,530,12,20,0.50,54656.000000,0,27,9.5,0.0,0.0,0.0,0.0,0.0,0.0,1.0
192987,0,1,3400,-64,64,532,10,20,0.50,35904.000000,0,27,9.5,0.0,0.0,0.0,0.0,0.0,0.0,1.0
193236,0,1,3400,-64,64,532,12,20,0.50,45376.000000,0,27,8.1,0.0,13152.000000,0,0.0,0.0,0.0,1.0
193485,0,1,3400,-64,64,536,11,20,0.50,27360.000000,0,27,2.0,0.0,0.0,0.0,0.0,0.0,0.0,1.0
193734,0,1,3400,-64,64,533,12,20,0.50,43360.000000,0,27,2.0,0.0,0.0,0.0,0.0,0.0,0.0,1.0
193983,0,1,3400,-64,64,534,12,20,0.50,27424.000000,0,27,2.0,0.0,0.0,0.0,0.0,1.0,2.0,1.0
194232,0,1,3400,-65,65,532,12,20,1.3,37280.000000,5,27,2.0,0.0,0.0,0.0,0.0,0.0,0.0,1.0
194481,0,1,3400,-65,65,531,12,20,0.63,38151.394531,0,27,2.2,0.0,26039.839844,0,0.0,0.0,0.0,1.0
194730,0,1,3400,-65,65,536,11,20,0.51,49216.000000,0,27,2.0,0.0,0.0,0.0,0.0,0.0,0.0,1.0
194979,0,1,3400,-65,65,535,13,19,0.50,37696.000000,0,27,2.0,0.0,0.0,0.0,0.0,0.0,0.0,1.0
195228,0,1,3400,-66,66,532,12,19,0.53,43232.000000,4,27,2.0,186,0.0,0.0,0.0,0.0,0.0,1.0
195477,0,1,3400,-66,66,531,10,19,0.53,56000.000000,0,27,5.4,0.0,56704.000000,6,0.0,0.0,0.0,1.0
195726,0,1,3400,-66,66,535,12,19,0.55,21920.000000,0,27,8.0,0.0,0.0,0.0,0.0,0.0,0.0,1.0
195975,0,1,3400,-66,66,534,11,18,0.57,21888.000000,0,27,8.0,0.0,0.0,0.0,0.0,0.0,0.0,1.0
196224,0,1,3400,-66,66,535,12,19,0.51,48992.000000,0,27,8.3,0.0,18624.000000,0,0.0,0.0,0.0,1.0
196473,0,1,3400,-66,66,536,11,19,0.52,32544.000000,0,27,10.0,0.0,0.0,0.0,0.0,0.0,0.0,1.0
196722,0,1,3400,-66,66,539,11,19,0.50,16416.000000,0,27,10,0.0,0.0,0.0,0.0,0.0,0.0,1.0
196971,0,1,3400,-65,65,538,11,19,0.50,43360.000000,0,27,10.0,0.0,0.0,0.0,0.0,0.0,0.0,1.0
197220,0,1,3400,-66,66,535,12,19,0.59,35136.000000,0,27,9.8,0.0,4256.000000,0,0.0,0.0,0.0,1.0
197469,0,1,3400,-66,66,529,11,19,0.66,38457.832031,0,27,4.1,0.0,39421.687500,0,0.0,0.0,0.0,1.0
197718,0,1,3400,-66,66,532,12,18,0.67,32448.000000,0,27,4.0,0.0,0.0,0.0,0.0,0.0,0.0,1.0
197967,0,1,3400,-66,66,531,11,18,0.58,38144.000000,0,27,4.0,0.0,0.0,0.0,0.0,0.0,0.0,1.0
198216,0,1,3400,-66,66,536,12,19,0.51,48896.000000,0,27,5.1,0.0,9056.000000,0,0.0,0.0,0.0,1.0
198465,0,1,3400,-66,66,535,11,19,0.64,38144.000000,0,27,10.0,0.0,0.0,0.0,0.0,0.0,0.0,1.0
198714,0,1,3400,-66,66,539,9.9,19,0.51,37056.000000,0,27,9.9,0.0,0.0,0.0,0.0,0.0,0.0,1.0
198963,0,1,3400,-65,65,538,14,19,0.52,41440.000000,0,27,9.9,0.0,0.0,0.0,0.0,0.0,0.0,1.0
199212,0,1,3400,-66,66,538,11,19,0.50,53952.000000,0,27,9.8,0.0,15808.000000,0,0.0,0.0,0.0,1.0
199461,0,1,3400,-66,66,534,11,19,0.50,32768.000000,0,27,9.9,0.0,0.0,0.0,0.0,0.0,0.0,1.0
199710,0,1,3400,-66,66,534,12,18,0.53,38336.000000,0,27,10,0.0,0.0,0.0,0.0,0.0,0.0,1.0
199959,0,1,3400,-66,66,536,9.0,18,0.50,43840.000000,0,27,9.9,0.0,0.0,0.0,0.0,0.0,0.0,1.0
200208,0,1,3400,-66,66,538,12,18,0.50,49568.000000,0,27,8.8,0.0,15904.000000,0,0.0,0.0,0.0,1.0
200457,0,1,3400,-66,66,537,12,19,0.53,43840.000000,0,27,3.5,0.0,0.0,0.0,0.0,0.0,0.0,1.0
200706,0,1,3400,-66,66,539,12,19,0.68,13472.000000,0,27,3.5,0.0,0.0,0.0,0.0,0.0,0.0,1.0
200955,0,1,3400,-65,65,544,12,19,0.50,78406.375000,0,27,5.4,0.0,7171.314941,0,0.0,0.0,0.0,1.0
201204,0,1,3400,-65,65,537,11,19,0.53,38400.000000,0,27,5.4,0.0,4256.000000,0,0.0,0.0,0.0,1.0
201453,0,1,3400,-65,65,536,6.5,20,0.53,40928.000000,0,27,12,0.0,42016.000000,0,0.0,0.0,0.0,1.0
201702,0,1,3400,-65,65,535,14,20,0.56,31712.000000,0,27,12,0.0,0.0,0.0,0.0,0.0,0.0,1.0
201951,0,1,3400,-65,65,535,17,20,0.64,36224.000000,0,27,12,0.0,0.0,0.0,0.0,0.0,0.0,1.0
202200,0,1,3400,-66,66,534,13,20,0.56,64608.000000,0,27,13,0.0,21952.000000,0,0.0,0.0,0.0,1.0
202449,0,1,3400,-66,66,534,13,20,0.59,26496.000000,0,27,13,0.0,0.0,0.0,0.0,0.0,0.0,1.0
202698,0,1,3400,-66,66,533,13,20,0.59,26688.000000,0,27,12,0.0,9376.000000,0,0.0,0.0,0.0,1.0
202947,0,1,3400,-66,66,533,15,20,0.63,41824.000000,0,27,12,0.0,0.0,0.0,0.0,0.0,0.0,1.0
203196,0,1,3400,-66,66,536,16,20,0.50,20896.000000,0,27,7.9,0.0,26080.000000,0,0.0,0.0,0.0,1.0
203445,0,1,3400,-66,66,536,16,20,0.56,36512.000000,0,27,13,0.0,0.0,0.0,0.0,0.0,0.0,1.0
203694,0,1,3400,-66,66,536,12,20,0.52,53975.902344,0,27,14,0.0,0.0,0.0,0.0,0.0,0.0,1.0
203943,0,1,3400,-65,65,532,13,20,0.50,43040.000000,0,27,14,0.0,0.0,0.0,0.0,0.0,0.0,1.0
204192,0,1,3400,-65,65,530,12,20,0.50,64160.000000,0,27,11,0.0,65472.000000,0,0.0,0.0,0.0,1.0
204441,0,1,3400,-65,65,532,13,21,0.50,47488.000000,0,27,6.9,0.0,0.0,0.0,0.0,0.0,0.0,1.0
204690,0,1,3400,-65,65,535,11,21,0.50,16160.000000,0,27,6.9,0.0,0.0,0.0,0.0,0.0,0.0,1.0
204939,0,1,3400,-65,65,532,11,21,0.50,49216.000000,0,27,7.0,0.0,0.0,0.0,0.0,0.0,0.0,1.0
205188,0,1,3400,-65,65,534,15,21,0.50,21024.000000,0,27,7.0,186,0.0,0.0,0.0,0.0,0.0,1.0
205437,0,1,3400,-65,65,534,12,20,0.56,59936.000000,0,27,12,0.0,96736.000000,0,0.0,0.0,0.0,1.0
205686,0,1,3400,-65,65,535,12,20,0.50,22304.000000,0,27,13,0.0,15520.000000,0,0.0,0.0,0.0,1.0
205935,0,1,3400,-65,65,534,13,20,0.51,52512.000000,0,27,13,0.0,0.0,0.0,0.0,0.0,0.0,1.0
206184,0,1,3400,-65,65,535,14,21,0.50,36576.000000,0,27,13,0.0,23488.000000,0,0.0,0.0,0.0,1.0
206433,0,1,3400,-65,65,529,12,20,0.50,25984.000000,0,27,14,0.0,0.0,0.0,0.0,0.0,0.0,1.0
206682,0,1,3400,-65,65,532,13,21,0.50,38272.000000,0,27,14,0.0,0.0,0.0,0.0,0.0,0.0,1.0
206931,0,1,3400,-65,65,532,14,21,0.50,52448.000000,0,27,14,0.0,0.0,0.0,0.0,0.0,0.0,1.0
207180,0,1,3400,-65,65,536,12,21,0.50,21344.000000,0,27,13,0.0,21952.000000,0,0.0,0.0,0.0,1.0
207429,0,1,3400,-65,65,534,15,21,0.52,79617.531250,0,27,13,0.0,0.0,0.0,0.0,0.0,0.0,1.0
207678,0,1,3400,-65,65,532,14,21,0.50,31776.000000,0,27,13,0.0,0.0,0.0,0.0,0.0,0.0,1.0
207927,0,1,3400,-64,64,536,15,21,0.50,58272.000000,0,27,13,0.0,0.0,0.0,0.0,0.0,0.0,1.0
208176,0,1,3400,-64,64,535,17,21,0.50,62368.000000,0,27,13,0.0,21312.000000,0,0.0,0.0,0.0,1.0
208425,0,1,3400,-64,64,538,12,22,0.50,21152.000000,0,27,3.5,0.0,6528.000000,0,0.0,0.0,0.0,1.0
208674,0,1,3400,-64,64,538,15,22,0.50,41568.000000,0,27,3.5,0.0,0.0,0.0,0.0,0.0,0.0,1.0
208923,0,1,3400,-64,64,531,16,22,0.50,26240.000000,0,27,3.5,0.0,0.0,0.0,0.0,0.0,0.0,1.0
209172,0,1,3400,-64,64,531,17,22,0.50,42336.000000,0,27,5.1,0.0,18368.000000,0,0.0,0.0,0.0,1.0
209421,0,1,3400,-64,64,538,16,22,0.50,36704.000000,0,27,12,0.0,0.0,0.0,0.0,0.0,0.0,1.0
209670,0,1,3400,-64,64,536,11,22,0.50,48992.000000,0,27,12,0.0,0.0,0.0,0.0,0.0,0.0,1.0
209919,0,1,3400,-63,63,531,14,22,0.50,52851.406250,0,27,12,0.0,15582.329102,0,0.0,0.0,0.0,1.0
210168,0,1,3400,-63,63,532,15,23,0.50,41760.000000,0,27,13,0.0,21952.000000,0,0.0,0.0,0.0,1.0
210417,0,1,3400,-63,63,536,15,22,0.50,31552.000000,0,27,13,0.0,0.0,0.0,0.0,0.0,0.0,1.0
210666,0,1,3400,-63,63,538,13,22,0.50,44224.000000,0,27,11,0.0,4256.000000,0,0.0,0.0,0.0,1.0
210915,0,1,3400,-63,63,534,15,22,0.50,31744.000000,0,27,12,0.0,15520.000000,0,0.0,0.0,0.0,1.0
211164,0,1,3400,-64,64,537,15,22,0.50,57536.000000,0,27,14,0.0,23488.000000,0,0.0,0.0,0.0,1.0
211413,0,1,3400,-64,64,533,13,22,0.50,31520.000000,0,27,14,0.0,0.0,0.0,0.0,0.0,0.0,1.0
211662,0,1,3400,-64,64,530,14,22,0.54,58400.000000,0,27,13,0.0,0.0,0.0,0.0,0.0,0.0,1.0
211911,0,1,3400,-64,64,538,15,22,0.56,20928.000000,0,27,13,0.0,0.0,0.0,0.0,0.0,0.0,1.0
212160,0,1,3400,-64,64,534,18,21,0.50,41216.000000,0,27,13,0.0,7200.000000,0,0.0,0.0,0.0,1.0
212409,0,1,3400,-64,64,533,13,22,0.50,26944.000000,0,27,9.4,0.0,6432.000000,0,0.0,0.0,0.0,1.0
212658,0,1,3400,-64,64,535,16,22,0.50,62528.000000,0,27,9.5,0.0,0.0,0.0,0.0,0.0,0.0,1.0
212907,0,1,3400,-63,63,541,16,23,0.50,42208.000000,0,27,10,0.0,15520.000000,0,0.0,0.0,0.0,1.0
213156,0,1,3400,-64,64,536,18,22,0.50,62016.000000,0,27,11,0.0,23488.000000,0,0.0,0.0,0.0,1.0
213405,0,1,3400,-64,64,534,11,22,0.54,70368.000000,0,27,12,0.0,9376.000000,0,0.0,0.0,0.0,1.0
213654,0,1,3400,-64,64,534,14,22,0.65,26240.000000,0,27,10,0.0,0.0,0.0,0.0,0.0,0.0,1.0
213903,0,1,3400,-64,64,536,15,22,0.50,42613.546875,0,27,10,0.0,0.0,0.0,0.0,0.0,0.0,1.0
214152,0,1,3400,-64,64,536,15,22,0.50,62880.000000,0,27,11,0.0,23488.000000,0,0.0,0.0,0.0,1.0
214401,0,1,3400,-64,64,534,16,22,0.50,47136.000000,0,27,13,0.0,0.0,0.0,0.0,0.0,0.0,1.0
214650,0,1,3400,-64,64,533,15,22,0.50,20992.000000,0,27,14,0.0,0.0,0.0,0.0,0.0,0.0,1.0
214899,0,1,3400,-63,63,534,17,22,0.50,31296.000000,0,27,14,0.0,0.0,0.0,0.0,0.0,0.0,1.0
215148,0,1,3400,-63,63,531,16,23,0.50,51840.000000,0,27,13,0.0,15808.000000,0,0.0,0.0,0.0,1.0
215397,0,1,3400,-63,63,531,18,23,0.50,36672.000000,0,27,10,0.0,0.0,0.0,0.0,0.0,0.0,1.0
215646,0,1,3400,-63,63,535,17,23,0.50,36384.000000,0,27,10,0.0,0.0,0.0,0.0,0.0,0.0,1.0
215895,0,1,3400,-62,62,532,19,24,0.50,39584.000000,0,27,10,0.0,0.0,0.0,0.0,0.0,0.0,1.0
216144,0,1,3400,-62,62,536,18,24,0.50,33600.000000,0,27,11,0.0,11936.000000,0,0.0,0.0,0.0,1.0
216393,0,1,3400,-62,62,533,18,23,0.53,57220.882812,0,27,12,0.0,6457.831543,0,0.0,0.0,0.0,1.0
216642,0,1,3400,-62,62,534,14,23,0.50,16096.000000,0,27,12,0.0,0.0,0.0,0.0,0.0,0.0,1.0
216891,0,1,3400,-62,62,535,17,24,0.50,26336.000000,0,27,12,0.0,0.0,0.0,0.0,0.0,0.0,1.0
217140,0,1,3400,-62,62,532,17,23,0.51,41856.000000,0,27,11,0.0,81984.000000,0,0.0,0.0,0.0,1.0
217389,0,1,3400,-62,62,535,16,23,0.50,57728.000000,0,27,9.0,0.0,0.0,0.0,0.0,0.0,0.0,1.0
217638,0,1,3400,-62,62,536,17,23,0.50,15456.000000,0,27,9.0,0.0,0.0,0.0,0.0,0.0,0.0,1.0
217887,0,1,3400,-62,62,531,16,24,0.50,21184.000000,0,27,8.9,0.0,0.0,0.0,0.0,0.0,0.0,1.0
218136,0,1,3400,-62,62,534,18,23,0.50,21088.000000,0,27,9.1,0.0,11936.000000,0,0.0,0.0,0.0,1.0
218385,0,1,3400,-62,62,534,17,23,0.50,41696.000000,0,27,12,0.0,6432.000000,0,0.0,0.0,0.0,1.0
218634,0,1,3400,-62,62,534,16,24,0.50,5152.000000,0,27,12,0.0,0.0,0.0,0.0,0.0,0.0,1.0
218883,0,1,3400,-62,62,536,17,23,0.50,46784.000000,0,27,12,0.0,0.0,0.0,0.0,0.0,0.0,1.0
219132,0,1,3400,-62,62,537,17,23,0.50,31072.000000,0,27,11,0.0,15808.000000,0,0.0,0.0,0.0,1.0
219381,0,1,3400,-62,62,536,15,23,0.50,41760.000000,0,27,10,0.0,0.0,0.0,0.0,0.0,0.0,1.0
219630,0,1,3400,-62,62,533,17,23,0.50,41696.000000,0,27,10,0.0,0.0,0.0,0.0,0.0,0.0,1.0
219879,0,1,3400,-62,62,534,17,23,0.56,41760.000000,0,27,10,0.0,0.0,0.0,0.0,0.0,0.0,1.0
220128,0,1,3400,-62,62,538,17,23,0.50,47520.000000,0,27,7.4,0.0,15936.000000,0,0.0,0.0,0.0,1.0
220377,0,1,3400,-62,62,534,15,23,0.50,71104.000000,0,27,1.5,0.0,0.0,0.0,0.0,0.0,0.0,1.0
220626,0,1,3400,-62,62,533,18,23,0.50,51792.828125,0,27,2.4,0.0,16988.046875,0,0.0,0.0,0.0,1.0
220875,0,1,3400,-62,62,534,14,23,0.50,21088.000000,0,27,8.0,0.0,0.0,0.0,0.0,0.0,0.0,1.0
221124,0,1,3400,-62,62,538,17,24,0.50,20832.000000,0,27,8.9,0.0,23488.000000,0,0.0,0.0,0.0,1.0
221373,0,1,3400,-62,62,535,16,23,0.50,25760.000000,0,27,13,0.0,0.0,0.0,0.0,0.0,0.0,1.0
221622,0,1,3400,-62,62,533,16,24,0.50,47008.000000,0,27,14,0.0,0.0,0.0,0.0,0.0,0.0,1.0
221871,0,1,3400,-62,62,538,14,23,0.50,32608.000000,0,27,13,0.0,0.0,0.0,0.0,0.0,0.0,1.0
222120,0,1,3400,-62,62,536,16,23,0.50,36864.000000,0,27,12,0.0,43008.000000,0,0.0,0.0,0.0,1.0
222369,0,1,3400,-62,62,540,17,23,0.50,26304.000000,0,27,4.0,0.0,0.0,0.0,0.0,0.0,0.0,1.0
222618,0,1,3400,-62,62,538,15,24,0.50,26144.000000,0,27,4.0,0.0,0.0,0.0,0.0,0.0,0.0,1.0
222867,0,1,3400,-62,62,535,18,23,0.50,36530.121094,0,27,3.9,0.0,0.0,0.0,0.0,0.0,0.0,1.0
223116,0,1,3400,-62,62,528,17,24,0.50,36704.000000,0,27,7.1,0.0,112928.000000,18,0.0,0.0,0.0,1.0
223365,0,1,3400,-62,62,534,18,23,0.50,26400.000000,0,27,14,0.0,0.0,0.0,0.0,0.0,0.0,1.0
223614,0,1,3400,-62,62,531,16,24,0.50,63232.000000,0,27,14,0.0,0.0,0.0,0.0,0.0,0.0,1.0
223863,0,1,3400,-62,62,531,17,23,0.50,20928.000000,0,27,14,0.0,0.0,0.0,0.0,0.0,0.0,1.0
224112,0,1,3400,-62,62,533,18,23,0.50,62592.000000,0,27,13,0.0,30304.000000,0,0.0,0.0,0.0,1.0
224361,0,1,3400,-62,62,532,16,23,0.50,31456.000000,0,27,12,0.0,0.0,0.0,0.0,0.0,0.0,1.0
224610,0,1,3400,-62,62,533,16,23,0.50,47488.000000,0,27,12,0.0,0.0,0.0,0.0,0.0,0.0,1.0
224859,0,1,3400,-62,62,531,16,23,0.50,57344.000000,0,27,12,0.0,0.0,0.0,0.0,0.0,0.0,1.0
225108,0,1,3400,-62,62,534,16,23,0.50,25920.000000,0,27,12,0.0,17056.000000,0,0.0,0.0,0.0,1.0
225357,0,1,3400,-62,62,536,17,23,0.50,83328.000000,0,27,11,0.0,15808.000000,0,0.0,0.0,0.0,1.0
225606,0,1,3400,-62,62,535,17,23,0.50,52224.000000,0,27,10,0.0,0.0,0.0,0.0,0.0,0.0,1.0
225855,0,1,3400,-62,62,537,15,23,0.50,41984.000000,0,27,10,0.0,0.0,0.0,0.0,0.0,0.0,1.0
226104,0,1,3400,-62,62,541,16,23,0.50,47136.000000,0,27,11,0.0,24256.000000,20,0.0,0.0,0.0,1.0
226353,0,1,3400,-62,62,535,14,24,0.50,26432.000000,0,27,11,0.0,0.0,0.0,0.0,0.0,0.0,1.0
226602,0,1,3400,-62,62,537,16,24,0.50,41760.000000,0,27,11,0.0,0.0,0.0,0.0,0.0,0.0,1.0
226851,0,1,3400,-62,62,536,18,24,0.50,31552.000000,0,27,11,0.0,0.0,0.0,0.0,0.0,0.0,1.0
227100,0,1,3400,-62,62,537,16,24,0.50,25880.478516,0,27,10,0.0,31203.187500,0,0.0,0.0,0.0,1.0
227349,0,1,3400,-62,62,529,16,24,0.50,36768.000000,0,27,11,0.0,9376.000000,0,0.0,0.0,0.0,1.0
227598,0,1,3400,-62,62,528,14,23,0.50,47360.000000,0,27,10,0.0,0.0,0.0,0.0,0.0,0.0,1.0
227847,0,1,3400,-62,62,530,14,23,0.50,10464.000000,0,27,10,0.0,0.0,0.0,0.0,0.0,0.0,1.0
228096,0,1,3400,-62,62,535,17,23,0.50,57152.000000,0,27,11,0.0,21952.000000,0,0.0,0.0,0.0,1.0
228345,0,1,3400,-62,62,536,17,23,0.50,25920.000000,0,27,13,0.0,0.0,0.0,0.0,0.0,0.0,1.0
228594,0,1,3400,-62,62,528,16,23,0.50,15680.000000,0,27,13,0.0,0.0,0.0,0.0,0.0,0.0,1.0
228843,0,1,3400,-62,62,532,18,24,0.50,41799.195312,0,27,13,0.0,0.0,0.0,0.0,0.0,0.0,1.0
229092,0,1,3400,-62,62,535,16,23,0.50,52576.000000,0,27,11,0.0,13952.000000,0,0.0,0.0,0.0,1.0
229341,0,1,3400,-62,62,534,17,24,0.50,15776.000000,0,27,4.0,0.0,31040.000000,0,0.0,0.0,0.0,1.0
229590,0,1,3400,-62,62,534,14,23,0.50,34048.000000,0,27,7.0,0.0,0.0,0.0,0.0,0.0,0.0,1.0
229839,0,1,3400,-62,62,533,16,24,0.50,41792.000000,0,27,7.3,0.0,17056.000000,0,0.0,0.0,0.0,1.0
230088,0,1,3400,-62,62,532,16,23,0.50,31232.000000,0,27,7.8,0.0,17056.000000,0,0.0,0.0,0.0,1.0
230337,0,1,3400,-62,62,534,17,23,0.50,57696.000000,0,27,13,0.0,6432.000000,0,0.0,0.0,0.0,1.0
230586,0,1,3400,-62,62,533,18,23,0.50,36384.000000,0,27,13,0.0,0.0,0.0,0.0,0.0,0.0,1.0
230835,0,1,3400,-62,62,532,17,24,0.50,41920.000000,0,27,13,0.0,0.0,0.0,0.0,0.0,0.0,1.0
231084,0,1,3400,-62,62,533,17,23,0.50,29344.000000,0,27,13,0.0,7200.000000,0,0.0,0.0,0.0,1.0
231333,0,1,3400,-62,62,533,17,24,0.50,33344.000000,0,27,9.3,0.0,6432.000000,0,0.0,0.0,0.0,1.0
231582,0,1,3400,-62,62,534,15,23,0.79,26176.000000,0,27,9.4,0.0,0.0,0.0,0.0,0.0,0.0,1.0
231831,0,1,3400,-62,62,536,17,23,0.60,51744.000000,0,27,9.4,0.0,0.0,0.0,0.0,0.0,0.0,1.0
232080,0,1,3400,-62,62,537,18,23,0.50,51520.000000,0,27,9.2,0.0,81984.000000,0,0.0,0.0,0.0,1.0
232329,0,1,3400,-62,62,538,9.8,23,0.50,32288.000000,0,27,8.0,0.0,4256.000000,0,0.0,0.0,0.0,1.0
232578,0,1,3400,-62,62,533,18,23,0.50,46688.000000,0,27,6.5,0.0,0.0,0.0,0.0,0.0,0.0,1.0
232827,0,1,3400,-62,62,529,17,23,0.50,25984.000000,0,27,11,0.0,17056.000000,0,0.0,0.0,0.0,1.0
233076,0,1,3400,-62,62,531,17,23,0.50,36064.000000,0,27,12,0.0,15808.000000,0,0.0,0.0,0.0,1.0
233325,0,1,3400,-62,62,532,15,24,0.50,31136.000000,0,27,9.8,0.0,7200.000000,0,0.0,0.0,0.0,1.0
233574,0,1,3400,-62,62,533,16,23,0.50,41211.156250,0,27,9.5,0.0,0.0,0.0,0.0,0.0,0.0,1.0
233823,0,1,3400,-62,62,531,17,23,0.50,46592.000000,0,27,9.5,0.0,0.0,0.0,0.0,0.0,0.0,1.0
234072,0,1,3400,-62,62,532,16,24,0.50,25760.000000,0,27,9.4,186,0.0,0.0,0.0,0.0,0.0,1.0
234321,0,1,3400,-62,62,530,18,23,0.50,25760.000000,0,27,12,0.0,33888.000000,0,0.0,0.0,0.0,1.0
234570,0,1,3400,-62,62,531,14,23,0.50,20768.000000,0,27,12,0.0,0.0,0.0,0.0,0.0,0.0,1.0
234819,0,1,3400,-62,62,532,17,23,0.50,41408.000000,0,27,12,0.0,0.0,0.0,0.0,0.0,0.0,1.0
235068,0,1,3400,-62,62,536,16,23,0.50,58048.000000,0,27,12,0.0,23744.000000,0,0.0,0.0,0.0,1.0
235317,0,1,3400,-62,62,538,17,24,0.50,67244.976562,0,27,12,0.0,17124.498047,0,0.0,0.0,0.0,1.0
235566,0,1,3400,-62,62,530,16,24,0.50,27136.000000,0,27,15,0.0,15520.000000,0,0.0,0.0,0.0,1.0
235815,0,1,3400,-61,61,527,12,24,0.50,46816.000000,0,27,14,0.0,15520.000000,0,0.0,0.0,0.0,1.0
236064,0,1,3400,-61,61,534,14,24,0.50,39360.000000,0,27,13,0.0,29920.000000,0,0.0,0.0,0.0,1.0
236313,0,1,3400,-61,61,534,14,24,0.50,30656.000000,0,27,7.4,0.0,5664.000000,0,0.0,0.0,0.0,1.0
236562,0,1,3400,-61,61,534,13,25,0.50,42496.000000,0,27,7.9,0.0,0.0,0.0,0.0,0.0,0.0,1.0
236811,0,1,3400,-60,60,534,7.4,25,0.50,59424.000000,0,27,8.3,0.0,11936.000000,0,0.0,0.0,0.0,1.0
237060,0,1,3400,-60,60,536,15,25,0.50,46688.000000,0,27,11,0.0,35680.000000,0,0.0,0.0,0.0,1.0
237309,0,1,3400,-60,60,532,17,25,0.50,36288.000000,0,27,9.2,0.0,4256.000000,0,0.0,0.0,0.0,1.0
237558,0,1,3400,-60,60,530,10,25,0.62,37120.000000,0,27,8.3,0.0,15520.000000,0,0.0,0.0,0.0,1.0
237807,0,1,3400,-60,60,531,15,25,0.72,20768.000000,0,27,11,0.0,0.0,0.0,0.0,0.0,0.0,1.0
238056,0,1,3400,-60,60,532,5.9,25,0.50,18080.000000,0,27,12,0.0,37984.000000,0,0.0,0.0,0.0,1.0
238305,0,1,3400,-60,60,537,7.4,25,0.50,46976.000000,0,27,12,0.0,0.0,0.0,0.0,0.0,0.0,1.0
238554,0,1,3400,-60,60,536,10,25,0.51,56800.000000,0,27,11,0.0,9376.000000,0,0.0,0.0,0.0,1.0
238803,0,1,3400,-60,60,534,7.4,25,0.50,52448.000000,0,27,10,0.0,11936.000000,0,0.0,0.0,0.0,1.0
239052,0,1,3400,-60,60,537,11,25,0.50,53056.000000,0,27,12,0.0,45184.000000,0,0.0,0.0,0.0,1.0
239301,0,1,3400,-60,60,536,6.7,25,0.50,28224.000000,0,27,10,0.0,0.0,0.0,0.0,0.0,0.0,1.0
239550,0,1,3400,-60,60,537,13,26,0.51,25920.000000,0,27,6.2,0.0,1568.000000,0,0.0,0.0,0.0,1.0
239799,0,1,3400,-60,60,539,9.8,25,0.51,76320.000000,0,27,5.5,0.0,11936.000000,0,0.0,0.0,0.0,1.0
240048,0,1,3400,-60,60,540,13,26,0.51,32286.853516,0,27,11,0.0,44621.515625,0,0.0,0.0,0.0,1.0
240297,0,1,3400,-60,60,535,18,25,0.50,41216.000000,0,27,10,0.0,0.0,0.0,0.0,0.0,0.0,1.0
240546,0,1,3400,-60,60,533,11,26,0.50,26944.000000,0,27,10,0.0,0.0,0.0,0.0,0.0,0.0,1.0
240795,0,1,3400,-59,59,533,10,25,0.50,49632.000000,0,27,10,0.0,11936.000000,0,0.0,0.0,0.0,1.0
241044,0,1,3400,-59,59,536,8.2,26,0.50,27008.000000,0,27,10,186,9376.000000,33,0.0,0.0,0.0,1.0
241293,0,1,3400,-59,59,533,7.2,26,0.50,17088.000000,0,27,10,0.0,23008.000000,0,0.0,0.0,0.0,1.0
241542,0,1,3400,-59,59,534,3.7,26,0.50,45493.976562,0,27,11,0.0,21397.589844,0,0.0,0.0,0.0,1.0
241791,0,1,3400,-59,59,534,16,26,0.50,31040.000000,0,27,10,0.0,0.0,0.0,0.0,0.0,0.0,1.0
242040,0,1,3400,-59,59,534,8.4,26,0.50,45984.000000,0,27,10,0.0,25184.000000,0,0.0,0.0,0.0,1.0
242289,0,1,3400,-59,59,534,1.9,26,0.50,55936.000000,0,27,9.9,0.0,7200.000000,0,0.0,0.0,0.0,1.0
242538,0,1,3400,-59,59,536,6.1,26,0.50,21408.000000,0,27,9.7,0.0,17056.000000,0,0.0,0.0,0.0,1.0
242787,0,1,3400,-59,59,537,8.1,26,0.50,15456.000000,0,27,11,0.0,0.0,0.0,0.0,0.0,0.0,1.0
243036,0,1,3400,-59,59,538,11,26,0.50,21408.000000,0,27,10,0.0,14144.000000,0,0.0,0.0,0.0,1.0
243285,0,1,3400,-59,59,536,5.0,26,0.50,44064.000000,0,27,8.5,0.0,0.0,0.0,0.0,0.0,0.0,1.0
243534,0,1,3400,-59,59,536,4.1,27,0.50,61152.000000,0,27,9.6,0.0,11936.000000,0,0.0,0.0,0.0,1.0
243783,0,1,3400,-58,58,535,12,26,0.50,78624.000000,0,27,9.5,0.0,9376.000000,0,0.0,0.0,0.0,1.0
244032,0,1,3400,-58,58,533,5.1,26,0.50,54912.000000,0,27,9.5,0.0,39936.000000,0,0.0,0.0,0.0,1.0
244281,0,1,3400,-58,58,534,3.3,27,0.50,38048.000000,0,27,8.4,0.0,9376.000000,0,0.0,0.0,0.0,1.0
244530,0,1,3400,-58,58,533,3.9,27,0.50,29344.000000,0,27,8.4,0.0,0.0,0.0,0.0,0.0,0.0,1.0
244779,0,1,3400,-57,57,537,3.9,28,0.50,44608.000000,0,27,8.7,0.0,9376.000000,0,0.0,0.0,0.0,1.0
245028,0,1,3400,-57,57,532,15,27,0.50,36064.000000,0,27,9.1,0.0,17056.000000,0,0.0,0.0,0.0,1.0
245277,0,1,3400,-57,57,530,7.2,27,0.50,38560.000000,0,27,7.7,0.0,14400.000000,0,0.0,0.0,0.0,1.0
245526,0,1,3400,-57,57,534,7.4,27,0.50,61376.000000,0,27,6.6,0.0,2592.000000,33,0.0,0.0,0.0,1.0
245775,0,1,3400,-57,57,536,15,28,0.50,26016.000000,0,27,3.7,0.0,1568.000000,0,0.0,0.0,0.0,1.0
246024,0,1,3400,-57,57,536,5.3,27,0.50,33728.000000,0,27,7.0,0.0,33376.000000,0,0.0,0.0,0.0,1.0
246273,0,1,3400,-57,57,533,3.3,27,0.50,77760.000000,0,27,12,0.0,9376.000000,0,0.0,0.0,0.0,1.0
246522,0,1,3400,-57,57,530,11,27,0.50,57593.625000,0,27,12,0.0,18677.291016,0,0.0,0.0,0.0,1.0
246771,0,1,3400,-57,57,531,7.8,27,0.50,50112.000000,0,27,11,0.0,11936.000000,0,0.0,0.0,0.0,1.0
247020,0,1,3400,-57,57,531,3.8,27,0.50,33056.000000,0,27,11,0.0,34272.000000,0,0.0,0.0,0.0,1.0
247269,0,1,3400,-57,57,535,15,28,0.55,24160.000000,0,27,11,0.0,6688.000000,0,0.0,0.0,0.0,1.0
247518,0,1,3400,-57,57,535,3.0,27,0.50,36800.000000,0,27,9.9,0.0,1568.000000,0,0.0,0.0,0.0,1.0
247767,0,1,3400,-56,56,535,8.9,28,0.50,32995.984375,0,27,3.9,0.0,0.0,0.0,0.0,0.0,0.0,1.0
248016,0,1,3400,-56,56,538,6.9,28,0.55,64608.000000,0,27,5.6,0.0,18368.000000,0,0.0,0.0,0.0,1.0
248265,0,1,3400,-56,56,534,5.0,28,0.54,55008.000000,0,27,12,0.0,0.0,0.0,0.0,0.0,0.0,1.0
248514,0,1,3400,-56,56,530,2.5,28,0.50,25440.000000,0,27,11,0.0,24896.000000,0,0.0,0.0,0.0,1.0
248763,0,1,3400,-56,56,532,3.9,28,0.50,31520.000000,0,27,11,0.0,18752.000000,0,0.0,0.0,0.0,1.0
249012,0,1,3400,-56,56,528,4.4,28,0.50,22304.000000,0,27,9.3,0.0,18624.000000,0,0.0,0.0,0.0,1.0
249261,0,1,3400,-56,56,534,7.1,28,0.50,34720.000000,0,27,10.0,0.0,0.0,0.0,0.0,0.0,0.0,1.0
249510,0,1,3400,-56,56,536,2.2,28,0.50,48960.000000,0,27,8.9,0.0,21312.000000,0,0.0,0.0,0.0,1.0
249759,0,1,3400,-56,56,534,3.6,28,0.50,53760.000000,0,27,10,0.0,9376.000000,0,0.0,0.0,0.0,1.0
250008,0,1,3400,-56,56,534,9.8,28,0.50,29344.000000,0,27,10.0,0.0,21312.000000,0,0.0,0.0,0.0,1.0
250257,0,1,3400,-56,56,536,7.3,28,0.50,33280.000000,0,27,13,0.0,31328.000000,0,0.0,0.0,0.0,1.0
250506,0,1,3400,-56,56,534,2.7,28,0.50,27904.000000,0,27,13,0.0,11936.000000,0,0.0,0.0,0.0,1.0
250755,0,1,3400,-56,56,532,5.8,28,0.50,16736.000000,0,27,12,0.0,0.0,0.0,0.0,0.0,0.0,1.0
251004,0,1,3400,-57,57,534,7.5,27,0.50,43712.000000,0,27,13,0.0,27456.000000,0,0.0,0.0,0.0,1.0
251253,0,1,3400,-57,57,535,8.2,28,0.50,22016.000000,0,27,13,0.0,18400.000000,17,0.0,0.0,0.0,1.0
251502,0,1,3400,-57,57,529,5.7,28,0.50,16064.000000,0,27,18,0.0,0.0,0.0,0.0,0.0,0.0,1.0
251751,0,1,3400,-57,57,535,11,27,0.52,79616.000000,0,27,19,0.0,15520.000000,0,0.0,0.0,0.0,1.0
252000,0,1,3400,-57,57,538,13,28,0.50,38784.000000,0,27,18,0.0,22464.000000,0,0.0,0.0,0.0,1.0
252249,0,1,3400,-57,57,532,8.0,28,0.50,47776.000000,0,27,9.4,0.0,2592.000000,0,0.0,0.0,0.0,1.0
252498,0,1,3400,-57,57,532,12,28,0.50,42912.000000,0,27,4.2,0.0,2592.000000,0,0.0,0.0,0.0,1.0
252747,0,1,3400,-56,56,534,14,28,0.50,42592.000000,0,27,6.9,0.0,15520.000000,0,0.0,0.0,0.0,1.0
252996,0,1,3400,-56,56,537,14,28,0.57,53641.433594,0,27,7.5,0.0,33243.027344,0,0.0,0.0,0.0,1.0
253245,0,1,3400,-56,56,539,11,28,0.50,26240.000000,0,27,12,0.0,0.0,0.0,0.0,0.0,0.0,1.0
253494,0,1,3400,-56,56,535,8.4,28,0.50,57952.000000,0,27,10,0.0,7200.000000,0,0.0,0.0,0.0,1.0
253743,0,1,3400,-56,56,535,7.9,28,0.50,49888.000000,0,27,8.4,0.0,0.0,0.0,0.0,0.0,0.0,1.0
253992,0,1,3400,-56,56,532,4.1,28,0.50,29312.000000,0,27,8.3,0.0,1568.000000,0,0.0,0.0,0.0,1.0
254241,0,1,3400,-56,56,534,9.8,28,0.50,10795.180664,0,27,12,0.0,85590.359375,0,0.0,0.0,0.0,1.0
254490,0,1,3400,-56,56,542,15,29,0.50,10304.000000,0,27,12,0.0,0.0,0.0,0.0,0.0,0.0,1.0
254739,0,1,3400,-56,56,539,13,28,0.50,17600.000000,0,27,12,0.0,11936.000000,0,0.0,0.0,0.0,1.0
254988,0,1,3400,-56,56,532,13,29,0.50,37088.000000,0,27,13,0.0,34112.000000,0,0.0,0.0,0.0,1.0
255237,0,1,3400,-56,56,531,12,27,0.50,29760.000000,0,27,12,0.0,30304.000000,0,0.0,0.0,0.0,1.0
255486,0,1,3400,-56,56,530,13,28,0.50,48512.000000,0,27,12,0.0,0.0,0.0,0.0,0.0,0.0,1.0
255735,0,1,3400,-56,56,537,12,27,0.50,42496.000000,0,27,12,0.0,27456.000000,0,0.0,0.0,0.0,1.0
255984,0,1,3400,-57,57,536,9.5,28,0.50,40416.000000,0,27,13,0.0,18368.000000,0,0.0,0.0,0.0,1.0
256233,0,1,3400,-57,57,529,11,27,0.60,53536.000000,0,27,12,0.0,11936.000000,0,0.0,0.0,0.0,1.0
256482,0,1,3400,-57,57,532,6.7,28,0.50,49600.000000,0,27,13,0.0,24896.000000,0,0.0,0.0,0.0,1.0
256731,0,1,3400,-57,57,536,13,27,0.50,36768.000000,0,27,12,0.0,0.0,0.0,0.0,0.0,0.0,1.0
256980,0,1,3400,-58,58,531,5.6,27,0.50,39168.000000,0,27,11,0.0,34400.000000,0,0.0,0.0,0.0,1.0
257229,0,1,3400,-58,58,537,16,27,0.55,46592.000000,0,27,12,0.0,0.0,0.0,0.0,0.0,0.0,1.0
257478,0,1,3400,-58,58,537,18,27,0.52,51520.000000,0,27,12,0.0,0.0,0.0,0.0,0.0,0.0,1.0
257727,0,1,3400,-58,58,533,16,26,0.50,37984.000000,0,27,12,0.0,0.0,0.0,0.0,0.0,0.0,1.0
257976,0,1,3400,-58,58,534,8.2,27,0.50,32992.000000,0,27,12,0.0,37120.000000,0,0.0,0.0,0.0,1.0
258225,0,1,3400,-58,58,533,18,27,0.50,25760.000000,0,27,8.0,0.0,0.0,0.0,0.0,0.0,0.0,1.0
258474,0,1,3400,-58,58,538,16,27,0.61,25920.000000,0,27,8.0,0.0,0.0,0.0,0.0,0.0,0.0,1.0
258723,0,1,3400,-58,58,534,17,26,0.56,36064.000000,0,27,8.4,0.0,15520.000000,0,0.0,0.0,0.0,1.0
258972,0,1,3400,-58,58,538,18,27,0.50,61824.000000,0,27,10,0.0,21952.000000,0,0.0,0.0,0.0,1.0
259221,0,1,3400,-58,58,533,17,27,0.50,32800.000000,0,27,13,0.0,11936.000000,0,0.0,0.0,0.0,1.0
259470,0,1,3400,-58,58,530,7.5,27,0.50,60207.171875,0,27,13,0.0,0.0,0.0,0.0,0.0,0.0,1.0
259719,0,1,3400,-57,57,532,9.9,27,0.50,20928.000000,0,27,14,0.0,0.0,80,0.0,0.0,0.0,1.0
259968,0,1,3400,-57,57,540,11,27,0.50,67616.000000,0,27,12,0.0,42784.000000,0,0.0,0.0,0.0,1.0
260217,0,1,3400,-57,57,543,7.2,27,0.50,27808.000000,0,27,3.0,0.0,0.0,0.0,0.0,0.0,0.0,1.0
260466,0,1,3400,-57,57,541,12,27,0.50,32544.000000,0,27,7.0,0.0,29024.000000,0,0.0,0.0,0.0,1.0
260715,0,1,3400,-57,57,534,19,27,0.50,20112.449219,0,27,13,0.0,0.0,0.0,0.0,0.0,0.0,1.0
260964,0,1,3400,-57,57,535,1.2,27,0.50,13440.000000,0,27,13,186,17056.000000,0,0.0,0.0,0.0,1.0
261213,0,1,3400,-57,57,532,13,28,0.50,44000.000000,0,27,11,0.0,23136.000000,0,0.0,0.0,0.0,1.0
261462,0,1,3400,-57,57,533,9.8,28,0.50,21088.000000,0,27,9.2,0.0,17056.000000,33,0.0,0.0,0.0,1.0
261711,0,1,3400,-57,57,536,11,28,0.50,26912.000000,0,27,9.5,0.0,0.0,0.0,0.0,0.0,0.0,1.0
261960,0,1,3400,-57,57,537,8.0,27,0.50,61056.000000,0,27,8.4,0.0,39552.000000,20,0.0,0.0,0.0,1.0
262209,0,1,3400,-57,57,538,10,27,0.50,44512.000000,0,27,9.9,0.0,7200.000000,0,0.0,0.0,0.0,1.0
262458,0,1,3400,-57,57,537,12,27,0.50,48608.000000,0,27,9.5,0.0,0.0,0.0,0.0,0.0,0.0,1.0
262707,0,1,3400,-57,57,537,16,27,0.50,57408.000000,0,27,9.5,0.0,0.0,0,0.0,0.0,0.0,1.0
262956,0,1,3400,-57,57,535,18,27,0.50,36064.000000,0,27,8.0,186,9376.000000,0,0.0,0.0,0.0,1.0
263205,0,1,3400,-57,57,535,5.1,27,0.50,16960.000000,0,27,8.8,0.0,71456.000000,0,0.0,0.0,0.0,1.0
263454,0,1,3400,-57,57,535,5.7,27,0.50,43520.000000,0,27,9.1,0.0,0.0,0.0,0.0,0.0,0.0,1.0
263703,0,1,3400,-56,56,534,7.4,28,0.53,40320.000000,0,27,11,0.0,17056.000000,0,0.0,0.0,0.0,1.0
263952,0,1,3400,-56,56,533,11,27,0.54,26976.000000,0,27,13,0.0,35424.000000,0,0.0,0.0,0.0,1.0
264201,0,1,3400,-56,56,533,7.0,28,0.50,61760.000000,0,27,13,0.0,17056.000000,33,0.0,0.0,0.0,1.0
264450,0,1,3400,-56,56,528,6.7,27,0.50,45568.000000,0,27,9.8,0.0,7200.000000,0,0.0,0.0,0.0,1.0
264699,0,1,3400,-56,56,527,3.4,28,0.50,41024.000000,0,27,9.5,0.0,0.0,0.0,0.0,0.0,0.0,1.0
264948,0,1,3400,-56,56,533,13,27,0.50,26752.000000,0,27,10,186,11936.000000,0,0.0,0.0,0.0,1.0
265197,0,1,3400,-56,56,532,12,28,0.56,33248.000000,0,27,3.3,0.0,26048.000000,18,0.0,0.0,0.0,1.0
265446,0,1,3400,-56,56,531,5.9,27,0.50,27200.000000,0,27,0.048,0.0,0.0,0.0,0.0,0.0,0.0,1.0
265695,0,1,3400,-56,56,534,9.0,28,0.50,38240.000000,0,27,2.4,0.0,9376.000000,0,0.0,0.0,0.0,1.0
265944,0,1,3400,-56,56,533,14,27,0.50,32764.939453,0,27,4.4,0.0,42039.839844,0,0.0,0.0,0.0,1.0
266193,0,1,3400,-56,56,533,14,28,0.50,61664.000000,0,27,2.0,0.0,1568.000000,0,0.0,0.0,0.0,1.0
266442,0,1,3400,-56,56,535,8.6,27,0.50,46016.000000,0,27,1.1,0.0,1568.000000,0,0.0,0.0,0.0,1.0
266691,0,1,3400,-56,56,535,8.1,28,0.50,43168.000000,0,27,1.0,0.0,0.0,0.0,0.0,0.0,0.0,1.0
266940,0,1,3400,-56,56,535,4.0,27,0.50,52562.250000,0,27,2.1,0.0,21044.175781,0,0.0,0.0,0.0,1.0
267189,0,1,3400,-56,56,536,6.6,28,0.50,51392.000000,0,27,11,0.0,35808.000000,0,0.0,0.0,0.0,1.0
267438,0,1,3400,-56,56,537,13,27,0.50,25568.000000,0,27,9.8,0.0,2592.000000,0,0.0,0.0,0.0,1.0
267687,0,1,3400,-56,56,533,2.9,28,0.50,11744.000000,0,27,7.0,0.0,11936.000000,50,0.0,0.0,0.0,1.0
267936,0,1,3400,-56,56,533,10,27,0.50,38720.000000,0,27,8.6,0.0,18880.000000,0,0.0,0.0,0.0,1.0
268185,0,1,3400,-56,56,535,5.3,27,0.50,61792.000000,0,27,11,0.0,0.0,0.0,0.0,0.0,0.0,1.0
268434,0,1,3400,-56,56,534,9.4,27,0.50,16928.000000,0,27,9.7,0.0,4256.000000,0,0.0,0.0,0.0,1.0
268683,0,1,3400,-56,56,532,7.4,27,0.50,55040.000000,0,27,7.0,0.0,1568.000000,0,0.0,0.0,0.0,1.0
268932,0,1,3400,-56,56,532,5.6,27,0.50,36480.000000,0,27,5.9,0.0,37984.000000,14,0.0,0.0,0.0,1.0
269181,0,1,3400,-56,56,534,18,27,0.50,15456.000000,0,27,12,0.0,17056.000000,33,0.0,0.0,0.0,1.0
269430,0,1,3400,-56,56,540,6.9,28,0.50,63680.000000,0,27,9.1,0.0,13632.000000,0,0.0,0.0,0.0,1.0
269679,0,1,3400,-56,56,537,11,27,0.50,33184.000000,0,27,8.0,0.0,11936.000000,0,0.0,0.0,0.0,1.0
269928,0,1,3400,-56,56,531,11,28,0.50,42880.000000,0,27,8.2,0.0,17056.000000,0,0.0,0.0,0.0,1.0
270177,0,1,3400,-56,56,535,12,27,0.50,44608.000000,0,27,12,0.0,6944.000000,0,0.0,0.0,0.0,1.0
270426,0,1,3400,-56,56,538,4.0,28,0.50,41920.000000,0,27,14,0.0,15520.000000,0,0.0,0.0,0.0,1.0
270675,0,1,3400,-56,56,536,10,27,0.50,30432.000000,0,27,15,0.0,0.0,60,0.0,0.0,0.0,1.0
270924,0,1,3400,-56,56,537,13,28,0.55,53024.000000,0,27,12,0.0,33376.000000,17,0.0,0.0,0.0,1.0
271173,0,1,3400,-56,56,535,6.9,27,0.50,47488.000000,0,27,12,0.0,15520.000000,0,0.0,0.0,0.0,1.0
271422,0,1,3400,-56,56,535,8.2,28,0.50,43264.000000,0,27,7.4,0.0,2592.000000,0,0.0,0.0,0.0,1.0
271671,0,1,3400,-56,56,538,10,27,0.50,22880.000000,0,27,7.6,0.0,11936.000000,0,0.0,0.0,0.0,1.0
271920,0,1,3400,-57,57,539,17,28,0.50,25760.000000,0,27,11,186,0.0,0.0,0.0,0.0,0.0,1.0
272169,0,1,3400,-57,57,536,16,26,0.50,65248.000000,0,27,11,0.0,18880.000000,0,0.0,0.0,0.0,1.0
272418,0,1,3400,-57,57,534,11,27,0.50,41880.476562,0,27,11,0.0,9338.645508,0,0.0,0.0,0.0,1.0
272667,0,1,3400,-57,57,533,13,26,0.50,36672.000000,0,27,11,0.0,0.0,0.0,0.0,0.0,0.0,1.0
272916,0,1,3400,-57,57,538,13,27,0.52,57504.000000,0,27,8.7,0.0,21088.000000,0,0.0,0.0,0.0,1.0
273165,0,1,3400,-57,57,538,14,27,0.50,52947.792969,0,27,1.5,0.0,0.0,0.0,0.0,0.0,0.0,1.0
273414,0,1,3400,-57,57,535,9.4,28,0.50,10688.000000,0,27,1.5,0.0,0.0,0.0,0.0,0.0,0.0,1.0
273663,0,1,3400,-56,56,535,12,27,0.50,74432.000000,0,27,1.5,0.0,0.0,0.0,0.0,0.0,0.0,1.0
273912,0,1,3400,-56,56,534,10,27,0.50,54048.000000,0,27,1.4,0.0,14112.000000,0,0.0,0.0,0.0,1.0
274161,0,1,3400,-56,56,532,10,27,0.50,28928.000000,0,27,0.24,0.0,0.0,0.0,0.0,0.0,0.0,1.0
274410,0,1,3400,-56,56,536,11,28,0.50,59072.000000,0,27,0.19,0.0,0.0,0.0,0.0,0.0,0.0,1.0
274659,0,1,3400,-56,56,534,6.4,27,0.50,25504.000000,0,27,1.7,0.0,4256.000000,0,0.0,0.0,0.0,1.0
274908,0,1,3400,-57,57,533,9.8,27,0.50,70400.000000,0,27,5.3,0.0,32096.000000,17,0.0,0.0,0.0,1.0
275157,0,1,3400,-57,57,536,4.5,27,0.50,50720.000000,0,27,6.0,0.0,0.0,0.0,0.0,0.0,0.0,1.0
275406,0,1,3400,-57,57,534,8.7,27,0.50,21760.000000,0,27,5.8,0.0,1568.000000,0,0.0,0.0,0.0,1.0
275655,0,1,3400,-57,57,536,7.3,27,0.54,33952.000000,0,27,4.6,0.0,0.0,0.0,0.0,0.0,0.0,1.0
275904,0,1,3400,-57,57,537,5.6,27,0.50,22784.000000,0,27,4.8,0.0,26720.000000,0,0.0,0.0,0.0,1.0
276153,0,1,3400,-57,57,534,7.0,27,0.50,71584.000000,0,27,7.5,0.0,15520.000000,0,0.0,0.0,0.0,1.0
276402,0,1,3400,-57,57,534,5.1,27,0.50,41024.000000,0,27,9.0,0.0,0.0,0.0,0.0,0.0,0.0,1.0
276651,0,1,3400,-56,56,531,8.9,28,0.50,42368.000000,0,27,7.0,0.0,9376.000000,0,0.0,0.0,0.0,1.0
276900,0,1,3400,-56,56,530,7.7,27,0.50,47360.000000,0,27,5.8,0.0,21728.000000,0,0.0,0.0,0.0,1.0
277149,0,1,3400,-56,56,531,8.3,28,0.50,58784.000000,0,27,6.0,0.0,0.0,0.0,0.0,0.0,0.0,1.0
277398,0,1,3400,-56,56,534,8.0,27,0.50,35872.000000,0,27,6.0,0.0,0.0,0.0,0.0,0.0,0.0,1.0
277647,0,1,3400,-56,56,531,11,28,0.50,31776.000000,0,27,6.0,0.0,0.0,0.0,0.0,0.0,0.0,1.0
277896,0,1,3400,-57,57,539,13,27,0.50,22240.000000,0,27,5.3,0.0,19712.000000,0,0.0,0.0,0.0,1.0
278145,0,1,3400,-57,57,537,7.6,27,0.50,48928.000000,0,27,3.0,0.0,0.0,0.0,0.0,0.0,0.0,1.0
278394,0,1,3400,-57,57,534,6.7,26,0.50,16480.000000,0,27,3.0,0.0,0.0,0.0,0.0,0.0,0.0,1.0
278643,0,1,3400,-57,57,536,7.1,27,0.50,11072.000000,0,27,3.0,0.0,0.0,0.0,0.0,0.0,0.0,1.0
278892,0,1,3400,-57,57,536,7.7,27,0.50,43474.105469,0,27,3.0,186,0.0,0.0,0.0,0.0,0.0,1.0
279141,0,1,3400,-57,57,533,6.5,27,0.50,44256.000000,0,27,5.1,0.0,11488.000000,0,0.0,0.0,0.0,1.0
279390,0,1,3400,-57,57,535,9.9,26,0.50,32384.000000,0,27,5.5,0.0,0.0,0.0,0.0,0.0,0.0,1.0
279639,0,1,3400,-57,57,536,11,27,0.50,54489.960938,0,27,5.5,0.0,0.0,0.0,0.0,0.0,0.0,1.0
279888,0,1,3400,-58,58,536,6.3,26,0.50,28384.000000,0,27,5.7,0.0,11936.000000,0,0.0,0.0,0.0,1.0
280137,0,1,3400,-58,58,539,5.0,27,0.50,49184.000000,0,27,5.9,0.0,16736.000000,0,0.0,0.0,0.0,1.0
280386,0,1,3400,-58,58,533,9.1,26,0.54,59360.000000,0,27,4.5,0.0,0.0,0.0,0.0,0.0,0.0,1.0
280635,0,1,3400,-58,58,529,4.8,26,0.50,49216.000000,0,27,4.5,0.0,0.0,0.0,0.0,0.0,0.0,1.0
280884,0,1,3400,-58,58,531,8.4,26,0.50,39552.000000,0,27,4.4,0.0,19936.000000,0,0.0,0.0,0.0,1.0
281133,0,1,3400,-58,58,538,9.1,27,0.50,29216.000000,0,27,6.1,0.0,0.0,0.0,0.0,0.0,0.0,1.0
281382,0,1,3400,-58,58,541,18,26,0.50,26560.000000,0,27,11,0.0,7200.000000,0,0.0,0.0,0.0,1.0
281631,0,1,3400,-57,57,534,8.8,27,0.50,33504.000000,0,27,12,0.0,0.0,0,0.0,0.0,0.0,1.0
281880,0,1,3400,-57,57,533,16,27,0.50,41824.000000,0,27,6.9,0.0,7616.000000,0,0.0,0.0,0.0,1.0
282129,0,1,3400,-57,57,534,15,27,0.50,38848.000000,0,27,5.3,0.0,9184.000000,0,0.0,0.0,0.0,1.0
282378,0,1,3400,-57,57,532,14,27,0.50,79680.000000,0,27,4.0,0.0,0.0,0.0,0.0,0.0,0.0,1.0
282627,0,1,3400,-56,56,538,11,28,0.50,44768.000000,0,27,6.0,0.0,15520.000000,0,0.0,0.0,0.0,1.0
282876,0,1,3400,-56,56,532,8.4,27,0.50,26464.000000,0,27,5.9,0.0,20064.000000,0,0.0,0.0,0.0,1.0
283125,0,1,3400,-56,56,532,9.9,27,0.50,60960.000000,0,27,11,0.0,15520.000000,0,0.0,0.0,0.0,1.0
283374,0,1,3400,-56,56,534,17,27,0.58,56896.000000,0,27,12,0.0,0.0,0.0,0.0,0.0,0.0,1.0
283623,0,1,3400,-56,56,532,12,28,0.50,39552.000000,0,27,12,0.0,17056.000000,0,0.0,0.0,0.0,1.0
283872,0,1,3400,-56,56,533,17,27,0.51,56896.000000,0,27,12,0.0,0.0,80,0.0,0.0,0.0,1.0
284121,0,1,3400,-56,56,534,13,27,0.51,69376.000000,0,27,12,0.0,1568.000000,0,0.0,0.0,0.0,1.0
284370,0,1,3400,-56,56,539,17,27,0.53,17536.000000,0,27,6.0,0.0,0.0,0.0,0.0,0.0,0.0,1.0
284619,0,1,3400,-56,56,536,10,27,0.50,34592.000000,0,27,6.7,0.0,17056.000000,0,0.0,0.0,0.0,1.0
284868,0,1,3400,-56,56,539,18,27,0.50,46368.000000,0,27,8.3,0.0,18624.000000,0,0.0,0.0,0.0,1.0
285117,0,1,3400,-56,56,537,18,27,0.50,46368.000000,0,27,10,0.0,0.0,0.0,0.0,0.0,0.0,1.0
285366,0,1,3400,-56,56,535,9.6,28,0.50,28015.935547,0,27,9.2,0.0,1561.752930,0,0.0,0.0,0.0,1.0
285615,0,1,3400,-56,56,536,9.1,27,0.50,27341.365234,0,27,8.4,0.0,9413.654297,0,0.0,0.0,0.0,1.0
285864,0,1,3400,-56,56,531,15,28,0.56,31808.765625,7,27,8.6,0.0,11888.446289,0,0.0,0.0,0.0,1.0
286113,0,1,3400,-56,56,530,17,27,0.57,31036.144531,0,27,9.5,0.0,6971.887695,0,0.0,0.0,0.0,1.0
286362,0,1,3400,-56,56,527,9.5,28,0.50,40096.000000,0,27,9.5,0.0,0.0,0.0,0.0,0.0,0.0,1.0
286611,0,1,3400,-56,56,534,12,27,0.50,39648.000000,0,27,12,0.0,0.0,80,0.0,0.0,0.0,1.0
286860,0,1,3400,-56,56,532,18,28,0.50,25760.000000,0,27,13,0.0,70592.000000,0,0.0,0.0,0.0,1.0
287109,0,1,3400,-56,56,531,17,27,0.50,22816.000000,0,27,15,0.0,0.0,80,0.0,0.0,0.0,1.0
287358,0,1,3400,-56,56,532,12,28,0.50,27680.000000,0,27,15,0.0,0.0,0.0,0.0,0.0,0.0,1.0
287607,0,1,3400,-56,56,533,6.2,27,0.50,51712.000000,0,27,11,0.0,1568.000000,0,0.0,0.0,0.0,1.0
287856,0,1,3400,-56,56,536,10,28,0.50,33312.000000,0,27,6.7,0.0,16704.000000,7,0.0,0.0,0.0,1.0
288105,0,1,3400,-56,56,535,16,27,0.50,21536.000000,0,27,1.0,0.0,0.0,0.0,0.0,0.0,0.0,1.0
288354,0,1,3400,-56,56,533,13,28,0.50,26656.000000,0,27,1.1,0.0,0.0,0.0,0.0,0.0,0.0,1.0
288603,0,1,3400,-56,56,531,15,27,0.50,41216.000000,0,27,1.0,0.0,0.0,0.0,0.0,0.0,0.0,1.0
288852,0,1,3400,-56,56,530,6.1,28,0.50,34912.000000,0,27,4.8,0.0,37600.000000,0,0.0,0.0,0.0,1.0
289101,0,1,3400,-56,56,530,12,27,0.50,42848.000000,0,27,4.8,0.0,24896.000000,0,0.0,0.0,0.0,1.0
289350,0,1,3400,-56,56,530,8.6,28,0.51,34400.000000,0,27,11,0.0,24896.000000,0,0.0,0.0,0.0,1.0
289599,0,1,3400,-56,56,531,9.6,27,0.51,38912.000000,0,27,11,0.0,0.0,0.0,0.0,0.0,0.0,1.0
289848,0,1,3400,-56,56,534,7.6,28,0.50,38816.000000,0,27,12,0.0,23488.000000,0,0.0,0.0,0.0,1.0
290097,0,1,3400,-56,56,537,17,27,0.50,36288.000000,0,27,13,0.0,0.0,0.0,0.0,0.0,0.0,1.0
290346,0,1,3400,-56,56,531,9.1,28,0.50,23840.000000,0,27,14,0.0,15520.000000,0,0.0,0.0,0.0,1.0
290595,0,1,3400,-56,56,531,15,27,0.61,51776.000000,0,27,14,0.0,0.0,0.0,0.0,0.0,0.0,1.0
290844,0,1,3400,-56,56,534,11,28,0.50,21888.000000,0,27,14,0.0,18368.000000,0,0.0,0.0,0.0,1.0
291093,0,1,3400,-56,56,532,13,27,0.70,16832.000000,0,27,12,0.0,0.0,0.0,0.0,0.0,0.0,1.0
291342,0,1,3400,-56,56,531,10,28,0.50,53504.000000,0,27,12,0.0,0.0,0.0,0.0,0.0,0.0,1.0
291591,0,1,3400,-56,56,534,9.2,27,0.54,54656.000000,0,27,12,0.0,11936.000000,0,0.0,0.0,0.0,1.0
291840,0,1,3400,-56,56,534,18,28,0.50,56446.214844,0,27,12,0.0,30693.226562,0,0.0,0.0,0.0,1.0
292089,0,1,3400,-56,56,538,17,27,0.50,36787.148438,0,27,11,0.0,0.0,0.0,0.0,0.0,0.0,1.0
292338,0,1,3400,-56,56,542,11,28,0.55,53568.000000,0,27,9.6,0.0,2592.000000,0,0.0,0.0,0.0,1.0
292587,0,1,3400,-56,56,537,13,27,0.50,37440.000000,0,27,3.3,0.0,29024.000000,0,0.0,0.0,0.0,1.0
292836,0,1,3400,-56,56,535,16,27,0.50,88320.000000,0,27,7.8,0.0,23744.000000,20,0.0,0.0,0.0,1.0
293085,0,1,3400,-56,56,533,12,27,0.55,43488.000000,0,27,9.3,0.0,9376.000000,0,0.0,0.0,0.0,1.0
293334,0,1,3400,-56,56,533,17,27,0.51,31072.000000,0,27,8.8,0.0,11936.000000,0,0.0,0.0,0.0,1.0
293583,0,1,3400,-56,56,530,15,27,0.52,32288.000000,0,27,11,0.0,0.0,0.0,0.0,0.0,0.0,1.0
293832,0,1,3400,-57,57,534,12,27,0.50,15552.000000,0,27,11,0.0,11936.000000,0,0.0,0.0,0.0,1.0
294081,0,1,3400,-57,57,535,18,28,0.54,25920.000000,0,27,11,0.0,18368.000000,0,0.0,0.0,0.0,1.0
294330,0,1,3400,-57,57,534,17,27,0.56,46368.000000,0,27,12,0.0,0.0,0.0,0.0,0.0,0.0,1.0
294579,0,1,3400,-57,57,534,17,27,0.56,46592.000000,0,27,12,0.0,0.0,0.0,0.0,0.0,0.0,1.0
294828,0,1,3400,-57,57,533,17,26,0.55,46528.000000,0,27,8.5,0.0,18496.000000,0,0.0,0.0,0.0,1.0
295077,0,1,3400,-57,57,532,16,27,0.55,67424.000000,0,27,1.6,0.0,0.0,0.0,0.0,0.0,0.0,1.0
295326,0,1,3400,-57,57,536,18,27,0.50,30912.000000,0,27,1.5,0.0,0.0,0.0,0.0,0.0,0.0,1.0
295575,0,1,3400,-57,57,540,18,27,0.50,30912.000000,0,27,1.5,0.0,0.0,0.0,0.0,0.0,0.0,1.0
295824,0,1,3400,-57,57,540,18,27,0.50,51520.000000,0,27,2.4,0.0,22048.000000,0,0.0,0.0,0.0,1.0
296073,0,1,3400,-57,57,534,18,27,0.52,41440.000000,0,27,3.5,0.0,0.0,0.0,0.0,0.0,0.0,1.0
296322,0,1,3400,-57,57,534,16,26,0.60,46816.000000,0,27,3.6,0.0,0.0,0.0,0.0,0.0,0.0,1.0
296571,0,1,3400,-57,57,535,17,27,0.53,31072.000000,0,27,3.5,0.0,0.0,0.0,0.0,0.0,0.0,1.0
296820,0,1,3400,-57,57,531,16,26,0.59,46528.000000,0,27,6.0,0.0,15808.000000,0,0.0,0.0,0.0,1.0
297069,0,1,3400,-57,57,534,17,27,0.53,36224.000000,0,27,10,0.0,0.0,0.0,0.0,0.0,0.0,1.0
297318,0,1,3400,-57,57,535,16,27,0.56,51680.000000,0,27,10,0.0,0.0,0.0,0.0,0.0,0.0,1.0
297567,0,1,3400,-57,57,532,18,27,0.50,10304.000000,0,27,10,0.0,0.0,0.0,0.0,0.0,0.0,1.0
297816,0,1,3400,-57,57,534,17,26,0.50,56736.000000,0,27,11,0.0,18880.000000,0,0.0,0.0,0.0,1.0
298065,0,1,3400,-57,57,532,17,27,0.50,46592.000000,0,27,11,0.0,0.0,0.0,0.0,0.0,0.0,1.0
298314,0,1,3400,-57,57,530,18,27,0.50,61824.000000,0,27,11,0.0,0.0,0.0,0.0,0.0,0.0,1.0
298563,0,1,3400,-56,56,531,19,28,0.50,31008.000000,0,27,11,0.0,9376.000000,0,0.0,0.0,0.0,1.0
298812,0,1,3400,-56,56,532,18,27,0.50,36160.000000,0,27,11,0.0,22464.000000,0,0.0,0.0,0.0,1.0
299061,0,1,3400,-56,56,536,16,28,0.57,20832.000000,0,27,12,0.0,0.0,0.0,0.0,0.0,0.0,1.0
299310,0,1,3400,-56,56,538,17,27,0.50,30912.000000,0,27,12,0.0,0.0,0.0,0.0,0.0,0.0,1.0
299559,0,1,3400,-56,56,532,17,28,0.53,46528.000000,0,27,12,0.0,0.0,0.0,0.0,0.0,0.0,1.0
299808,0,1,3400,-56,56,532,17,27,0.56,36224.000000,0,27,13,0.0,20032.000000,29,0.0,0.0,0.0,1.0
300057,0,1,3400,-56,56,534,4.9,28,0.57,17440.000000,0,27,11,0.0,18880.000000,0,0.0,0.0,0.0,1.0
300306,0,1,3400,-56,56,533,8.2,27,0.50,15456.000000,0,27,12,0.0,0.0,0.0,0.0,0.0,0.0,1.0
300555,0,1,3400,-56,56,534,18,28,0.50,41376.000000,0,27,11,0.0,9376.000000,0,0.0,0.0,0.0,1.0
300804,0,1,3400,-56,56,535,17,27,0.50,30912.000000,0,27,11,0.0,24000.000000,0,0.0,0.0,0.0,1.0
301053,0,1,3400,-56,56,536,17,27,0.51,46688.000000,0,27,13,0.0,0.0,0.0,0.0,0.0,0.0,1.0
301302,0,1,3400,-56,56,531,16,28,0.50,30912.000000,0,27,12,0.0,0.0,0.0,0.0,0.0,0.0,1.0
301551,0,1,3400,-56,56,529,18,27,0.50,36064.000000,0,27,9.8,0.0,4256.000000,0,0.0,0.0,0.0,1.0
301800,0,1,3400,-56,56,530,17,27,0.58,41376.000000,0,27,8.0,0.0,22208.000000,20,0.0,0.0,0.0,1.0
302049,0,1,3400,-56,56,530,18,27,0.51,41216.000000,0,27,11,0.0,0.0,0.0,0.0,0.0,0.0,1.0
302298,0,1,3400,-56,56,529,18,27,0.50,56672.000000,0,27,11,0.0,0.0,0.0,0.0,0.0,0.0,1.0
302547,0,1,3400,-56,56,535,15,27,0.74,31232.000000,14,27,11,0.0,0.0,0.0,0.0,0.0,0.0,1.0
302796,0,1,3400,-56,56,534,18,28,0.50,51520.000000,0,27,11,0.0,21952.000000,0,0.0,0.0,0.0,1.0
303045,0,1,3400,-56,56,532,18,27,0.50,41216.000000,0,27,13,0.0,0.0,0.0,0.0,0.0,0.0,1.0
303294,0,1,3400,-56,56,530,16,28,0.83,51680.000000,8,27,13,0.0,0.0,0.0,0.0,0.0,0.0,1.0
303543,0,1,3400,-56,56,536,15,27,0.67,31136.000000,0,27,11,0.0,4256.000000,0,0.0,0.0,0.0,1.0
303792,0,1,3400,-57,57,535,18,28,0.50,20608.000000,0,27,9.7,0.0,23744.000000,0,0.0,0.0,0.0,1.0
304041,0,1,3400,-57,57,533,15,27,0.69,31072.000000,0,27,11,0.0,0.0,0.0,0.0,0.0,0.0,1.0
304290,0,1,3400,-57,57,529,16,27,0.59,41600.000000,0,27,12,0.0,0.0,50,0.0,0.0,0.0,1.0
304539,0,1,3400,-57,57,528,18,26,0.50,41440.000000,0,27,14,0.0,8096.000000,0,0.0,0.0,0.0,1.0
304788,0,1,3400,-58,58,533,17,27,0.52,51680.000000,0,27,14,0.0,15520.000000,0,0.0,0.0,0.0,1.0
305037,0,1,3400,-58,58,537,17,26,0.58,56928.000000,0,27,13,0.0,6432.000000,0,0.0,0.0,0.0,1.0
305286,0,1,3400,-58,58,540,17,26,0.57,41440.000000,0,27,11,0.0,7200.000000,0,0.0,0.0,0.0,1.0
305535,0,1,3400,-58,58,533,17,26,0.55,20608.000000,0,27,10,0.0,0.0,0.0,0.0,0.0,0.0,1.0
305784,0,1,3400,-58,58,534,13,26,0.56,52224.000000,0,27,11,0.0,25696.000000,0,0.0,0.0,0.0,1.0
306033,0,1,3400,-58,58,533,11,26,0.57,58240.000000,0,27,11,0.0,9376.000000,0,0.0,0.0,0.0,1.0
306282,0,1,3400,-58,58,534,18,26,0.50,36064.000000,0,27,11,0.0,0.0,0.0,0.0,0.0,0.0,1.0
306531,0,1,3400,-58,58,534,18,26,0.50,41216.000000,0,27,13,0.0,32576.000000,0,0.0,0.0,0.0,1.0
306780,0,1,3400,-58,58,536,17,26,0.52,36288.000000,0,27,14,0.0,15808.000000,0,0.0,0.0,0.0,1.0
307029,0,1,3400,-58,58,536,16,26,0.68,25984.000000,0,27,10,0.0,0.0,0.0,0.0,0.0,0.0,1.0
307278,0,1,3400,-58,58,535,18,26,0.50,25760.000000,0,27,10,0.0,0.0,0.0,0.0,0.0,0.0,1.0
307527,0,1,3400,-58,58,537,17,26,0.50,25856.000000,0,27,10,0.0,0.0,0.0,0.0,0.0,0.0,1.0
307776,0,1,3400,-59,59,538,18,26,0.50,30912.000000,0,27,11,0.0,18880.000000,0,0.0,0.0,0.0,1.0
308025,0,1,3400,-59,59,537,15,26,0.74,21056.000000,0,27,11,0.0,0.0,0.0,0.0,0.0,0.0,1.0
308274,0,1,3400,-59,59,534,15,26,0.65,20768.000000,0,27,11,0.0,0.0,0.0,0.0,0.0,0.0,1.0
308523,0,1,3400,-59,59,534,18,25,0.50,36064.000000,0,27,11,0.0,0.0,0.0,0.0,0.0,0.0,1.0
308772,0,1,3400,-59,59,533,18,25,0.50,25760.000000,0,27,11,0.0,18368.000000,0,0.0,0.0,0.0,1.0
309021,0,1,3400,-59,59,538,17,25,0.50,41376.000000,0,27,12,0.0,0.0,0.0,0.0,0.0,0.0,1.0
309270,0,1,3400,-59,59,536,18,25,0.50,46368.000000,0,27,12,0.0,0.0,0.0,0.0,0.0,0.0,1.0
309519,0,1,3400,-59,59,534,13,25,0.64,52064.000000,0,27,12,0.0,0.0,0.0,0.0,0.0,0.0,1.0
309768,0,1,3400,-59,59,536,12,25,0.50,64448.000000,0,27,10,0.0,24384.000000,0,0.0,0.0,0.0,1.0
310017,0,1,3400,-59,59,537,17,25,0.53,56928.000000,0,27,6.5,0.0,0.0,0.0,0.0,0.0,0.0,1.0
310266,0,1,3400,-59,59,532,18,25,0.50,20608.000000,0,27,6.5,0.0,0.0,0.0,0.0,0.0,0.0,1.0
310515,0,1,3400,-59,59,532,17,25,0.52,25920.000000,0,27,6.5,0.0,0.0,0.0,0.0,0.0,0.0,1.0
310764,0,1,3400,-59,59,533,15,25,0.75,46368.000000,0,27,7.3,0.0,28896.000000,25,0.0,0.0,0.0,1.0
311013,0,1,3400,-59,59,534,15,25,0.52,57408.000000,0,27,11,0.0,0.0,0.0,0.0,0.0,0.0,1.0
311262,0,1,3400,-59,59,538,18,25,0.50,66976.000000,0,27,11,0.0,0.0,0.0,0.0,0.0,0.0,1.0
311511,0,1,3400,-59,59,536,18,26,0.50,10304.000000,0,27,11,0.0,0.0,0.0,0.0,0.0,0.0,1.0
311760,0,1,3400,-60,60,536,17,25,0.52,56992.000000,0,27,11,0.0,22208.000000,0,0.0,0.0,0.0,1.0
312009,0,1,3400,-60,60,533,18,25,0.50,15456.000000,0,27,11,0.0,0.0,0.0,0.0,0.0,0.0,1.0
312258,0,1,3400,-60,60,532,16,24,0.50,41344.000000,0,27,11,0.0,0.0,0.0,0.0,0.0,0.0,1.0
312507,0,1,3400,-60,60,535,17,24,0.50,56992.000000,0,27,11,0.0,0.0,0.0,0.0,0.0,0.0,1.0
312756,0,1,3400,-60,60,534,15,24,0.50,41536.000000,0,27,11,0.0,32096.000000,0,0.0,0.0,0.0,1.0
313005,0,1,3400,-60,60,533,18,25,0.50,41216.000000,0,27,10,0.0,0.0,0.0,0.0,0.0,0.0,1.0
313254,0,1,3400,-60,60,529,14,25,0.50,36224.000000,0,27,11,0.0,0.0,0.0,0.0,0.0,0.0,1.0
313503,0,1,3400,-60,60,532,16,26,0.50,31008.000000,0,27,10,0.0,0.0,0.0,0.0,0.0,0.0,1.0
313752,0,1,3400,-60,60,534,17,25,0.50,31136.000000,0,27,9.2,0.0,14400.000000,0,0.0,0.0,0.0,1.0
314001,0,1,3400,-60,60,534,13,25,0.56,62144.000000,0,27,7.0,0.0,0.0,0.0,0.0,0.0,0.0,1.0
314250,0,1,3400,-60,60,531,18,25,0.50,25760.000000,0,27,7.0,0.0,0.0,0.0,0.0,0.0,0.0,1.0
314499,0,1,3400,-60,60,530,15,25,0.50,25920.000000,0,27,7.0,0.0,0.0,0.0,0.0,0.0,0.0,1.0
314748,0,1,3400,-60,60,532,14,24,0.50,41312.000000,0,27,6.0,0.0,24192.000000,0,0.0,0.0,0.0,1.0
314997,0,1,3400,-60,60,533,16,25,0.50,31104.000000,0,27,2.1,0.0,0.0,0.0,0.0,0.0,0.0,1.0
315246,0,1,3400,-60,60,533,15,24,0.50,15968.000000,0,27,2.1,0.0,0.0,0.0,0.0,0.0,0.0,1.0
315495,0,1,3400,-60,60,534,12,25,0.50,41760.000000,0,27,2.1,0.0,0.0,0.0,0.0,0.0,0.0,1.0
315744,0,1,3400,-60,60,536,18,25,0.50,36352.000000,0,27,2.3,0.0,10784.000000,0,0.0,0.0,0.0,1.0
315993,0,1,3400,-60,60,534,18,25,0.52,15680.000000,0,27,3.5,0.0,0.0,0.0,0.0,0.0,0.0,1.0
316242,0,1,3400,-60,60,531,17,25,0.58,67296.000000,0,27,3.5,0.0,0.0,0.0,0.0,0.0,0.0,1.0
316491,0,1,3400,-59,59,531,18,25,0.50,56672.000000,0,27,3.5,0.0,0.0,0.0,0.0,0.0,0.0,1.0
316740,0,1,3400,-59,59,531,18,25,0.50,56672.000000,0,27,2.6,0.0,16288.000000,0,0.0,0.0,0.0,1.0
316989,0,1,3400,-59,59,532,18,26,0.50,25760.000000,0,27,0.11,0.0,0.0,0.0,0.0,0.0,0.0,1.0
317238,0,1,3400,-59,59,535,14,26,0.55,52352.000000,0,27,0.036,0.0,0.0,0.0,0.0,0.0,0.0,1.0
317487,0,1,3400,-58,58,535,18,26,0.50,30912.000000,0,27,0.036,0.0,0.0,0.0,0.0,0.0,0.0,1.0
317736,0,1,3400,-58,58,532,17,26,0.52,31072.000000,0,27,1.1,0.0,16192.000000,0,0.0,0.0,0.0,1.0
317985,0,1,3400,-58,58,534,12,26,0.50,46784.000000,0,27,11,0.0,6944.000000,0,0.0,0.0,0.0,1.0
318234,0,1,3400,-58,58,536,17,27,0.56,46528.000000,0,27,11,0.0,11936.000000,0,0.0,0.0,0.0,1.0
318483,0,1,3400,-57,57,535,14,26,0.57,38240.000000,0,27,12,0.0,0.0,0.0,0.0,0.0,0.0,1.0
318732,0,1,3400,-57,57,532,14,27,0.71,41824.000000,0,27,12,0.0,22720.000000,0,0.0,0.0,0.0,1.0
318981,0,1,3400,-57,57,535,16,27,0.60,20608.000000,0,27,9.6,0.0,11936.000000,0,0.0,0.0,0.0,1.0
319230,0,1,3400,-57,57,536,18,27,0.50,30912.000000,0,27,9.5,0.0,0.0,0.0,0.0,0.0,0.0,1.0
319479,0,1,3400,-57,57,532,18,26,0.50,56672.000000,0,27,9.5,0.0,0.0,0.0,0.0,0.0,0.0,1.0
319728,0,1,3400,-57,57,533,18,27,0.51,25760.000000,0,27,9.6,0.0,17664.000000,0,0.0,0.0,0.0,1.0
319977,0,1,3400,-57,57,531,18,26,0.50,46368.000000,0,27,10,0.0,0.0,0.0,0.0,0.0,0.0,1.0
320226,0,1,3400,-57,57,530,18,27,0.50,25760.000000,0,27,10,0.0,0.0,0.0,0.0,0.0,0.0,1.0
320475,0,1,3400,-57,57,531,17,26,0.50,36160.000000,0,27,10,0.0,0.0,0,0.0,0.0,0.0,1.0
320724,0,1,3400,-57,57,534,18,27,0.50,30912.000000,0,27,6.0,0.0,13184.000000,0,0.0,0.0,0.0,1.0
320973,0,1,3400,-57,57,531,16,26,0.60,57120.000000,0,27,8.5,0.0,0.0,0.0,0.0,0.0,0.0,1.0
321222,0,1,3400,-57,57,530,18,27,0.53,46368.000000,0,27,8.5,0.0,0.0,0.0,0.0,0.0,0.0,1.0
321471,0,1,3400,-57,57,533,18,26,0.52,57152.000000,0,27,8.5,0.0,0.0,0,0.0,0.0,0.0,1.0
321720,0,1,3400,-57,57,539,16,27,0.60,41888.000000,0,27,9.0,0.0,26336.000000,0,0.0,0.0,0.0,1.0
321969,0,1,3400,-57,57,534,16,26,0.55,36800.000000,0,27,7.0,0.0,0.0,0.0,0.0,0.0,0.0,1.0
322218,0,1,3400,-57,57,530,15,27,0.50,20640.000000,0,27,7.0,0.0,0.0,0.0,0.0,0.0,0.0,1.0
322467,0,1,3400,-57,57,528,16,26,0.50,21952.000000,0,27,7.0,0.0,0.0,0.0,0.0,0.0,0.0,1.0
322716,0,1,3400,-57,57,531,16,27,0.50,37120.000000,0,27,9.3,0.0,23488.000000,0,0.0,0.0,0.0,1.0
322965,0,1,3400,-57,57,530,16,26,0.50,31904.000000,0,27,13,0.0,0.0,0.0,0.0,0.0,0.0,1.0
323214,0,1,3400,-57,57,530,16,27,0.50,26496.000000,0,27,13,0.0,0.0,0.0,0.0,0.0,0.0,1.0
323463,0,1,3400,-57,57,533,16,27,0.50,26560.000000,0,27,13,0.0,0.0,0.0,0.0,0.0,0.0,1.0
323712,0,1,3400,-57,57,540,16,27,0.63,25760.000000,10,27,13,0.0,28992.000000,0,0.0,0.0,0.0,1.0
323961,0,1,3400,-57,57,535,17,26,0.50,21216.000000,0,27,11,0.0,7200.000000,0,0.0,0.0,0.0,1.0
324210,0,1,3400,-57,57,535,16,27,0.84,51072.000000,10,27,11,0.0,2592.000000,0,0.0,0.0,0.0,1.0
324459,0,1,3400,-57,57,531,16,26,0.50,26816.000000,0,27,9.6,0.0,17056.000000,0,0.0,0.0,0.0,1.0
324708,0,1,3400,-57,57,533,17,27,0.50,26752.000000,0,27,15,0.0,11936.000000,0,0.0,0.0,0.0,1.0
324957,0,1,3400,-57,57,529,20,27,1.0,36032.000000,9,27,13,0.0,18880.000000,0,0.0,0.0,0.0,1.0
325206,0,1,3400,-57,57,530,16,27,0.50,31968.000000,0,27,13,0.0,0.0,0.0,0.0,0.0,0.0,1.0
325455,0,1,3400,-56,56,532,16,27,0.51,37184.000000,0,27,13,0.0,0.0,0.0,0.0,0.0,0.0,1.0
325704,0,1,3400,-56,56,534,16,28,0.50,47648.000000,0,27,13,0.0,18880.000000,0,0.0,0.0,0.0,1.0
325953,0,1,3400,-56,56,538,17,27,0.50,21440.000000,0,27,11,0.0,0.0,0.0,0.0,0.0,0.0,1.0
326202,0,1,3400,-56,56,536,17,27,0.50,42432.000000,0,27,11,0.0,0.0,0.0,0.0,0.0,0.0,1.0
326451,0,1,3400,-56,56,534,13,27,0.50,33056.000000,0,27,11,0.0,0.0,0.0,0.0,0.0,0.0,1.0
326700,0,1,3400,-56,56,528,14,27,0.50,32224.000000,0,27,10,0.0,45024.000000,0,0.0,0.0,0.0,1.0
326949,0,1,3400,-56,56,530,14,27,0.51,58496.000000,3,27,9.5,0.0,11936.000000,0,0.0,0.0,0.0,1.0
327198,0,1,3400,-56,56,529,11,27,0.50,33152.000000,0,27,9.4,0.0,0.0,0.0,0.0,0.0,0.0,1.0
327447,0,1,3400,-56,56,527,16,27,0.57,78560.000000,3,27,9.5,0.0,0.0,0.0,0.0,0.0,0.0,1.0
327696,0,1,3400,-56,56,527,16,27,0.50,47808.000000,0,27,10,0.0,21952.000000,0,0.0,0.0,0.0,1.0
327945,0,1,3400,-56,56,527,14,27,0.51,32064.000000,0,27,13,0.0,0.0,0.0,0.0,0.0,0.0,1.0
328194,0,1,3400,-56,56,531,16,27,0.50,47936.000000,0,27,13,0.0,17056.000000,33,0.0,0.0,0.0,1.0
328443,0,1,3400,-56,56,533,16,27,0.50,21216.000000,0,27,14,0.0,0.0,0.0,0.0,0.0,0.0,1.0
328692,0,1,3400,-56,56,537,16,27,0.50,16128.000000,0,27,12,0.0,14112.000000,0,0.0,0.0,0.0,1.0
328941,0,1,3400,-56,56,534,15,27,0.77,25440.000000,10,27,0.0,0.0,0.0,0.0,0.0,0.0,0.0,1.0
329190,0,1,3400,-56,56,535,15,27,0.50,10656.000000,0,27,0.0,0.0,0.0,0.0,0.0,0.0,0.0,1.0
329439,0,1,3400,-56,56,532,16,28,0.50,42752.000000,0,27,0.0,0.0,0.0,0.0,0.0,0.0,0.0,1.0
329688,0,1,3400,-56,56,529,17,27,0.50,48000.000000,0,27,1.3,0.0,13728.000000,0,0.0,0.0,0.0,1.0
329937,0,1,3400,-56,56,530,16,27,0.77,57568.000000,5,27,3.5,0.0,0.0,0.0,0.0,0.0,0.0,1.0
330186,0,1,3400,-56,56,530,15,27,0.60,32000.000000,0,27,3.5,0.0,0.0,0.0,0.0,0.0,0.0,1.0
330435,0,1,3400,-56,56,538,15,28,0.50,26560.000000,0,27,4.9,0.0,11936.000000,0,0.0,0.0,0.0,1.0
330684,0,1,3400,-56,56,535,15,27,0.50,10592.000000,0,27,7.9,0.0,18368.000000,0,0.0,0.0,0.0,1.0
330933,0,1,3400,-56,56,530,15,28,0.50,21440.000000,0,27,8.0,0.0,0.0,0.0,0.0,0.0,0.0,1.0
331182,0,1,3400,-56,56,529,16,27,0.50,68992.000000,0,27,8.0,0.0,0.0,0.0,0.0,0.0,0.0,1.0
331431,0,1,3400,-56,56,529,16,28,0.75,53472.000000,5,27,8.0,0.0,0.0,0.0,0.0,0.0,0.0,1.0
331680,0,1,3400,-56,56,529,15,27,0.50,47936.000000,0,27,8.1,0.0,23488.000000,0,0.0,0.0,0.0,1.0
331929,0,1,3400,-56,56,531,15,28,0.50,16128.000000,0,27,8.1,0.0,0.0,0.0,0.0,0.0,0.0,1.0
332178,0,1,3400,-56,56,533,15,27,0.54,26496.000000,0,27,8.1,0.0,0.0,0.0,0.0,0.0,0.0,1.0
332427,0,1,3400,-56,56,536,16,28,0.50,21376.000000,0,27,8.0,0.0,0.0,0.0,0.0,0.0,0.0,1.0
332676,0,1,3400,-56,56,534,12,27,0.50,47872.000000,0,27,8.8,0.0,15808.000000,0,0.0,0.0,0.0,1.0
332925,0,1,3400,-56,56,531,15,28,0.50,21440.000000,0,27,10,0.0,0.0,0.0,0.0,0.0,0.0,1.0
333174,0,1,3400,-56,56,532,15,27,0.50,53120.000000,0,27,10,0.0,9376.000000,0,0.0,0.0,0.0,1.0
333423,0,1,3400,-56,56,534,13,28,0.50,26496.000000,0,27,9.0,0.0,0.0,0.0,0.0,0.0,0.0,1.0
333672,0,1,3400,-56,56,537,16,27,0.50,53472.000000,0,27,6.5,0.0,14336.000000,0,0.0,0.0,0.0,1.0
333921,0,1,3400,-56,56,535,15,28,0.50,42496.000000,0,27,2.0,0.0,0.0,0.0,0.0,0.0,0.0,1.0
334170,0,1,3400,-56,56,534,16,27,0.50,21344.000000,0,27,2.2,0.0,0.0,0.0,0.0,0.0,0.0,1.0
334419,0,1,3400,-56,56,536,12,28,0.50,58432.000000,0,27,2.1,0.0,0.0,0.0,0.0,0.0,0.0,1.0
334668,0,1,3400,-56,56,534,18,27,0.50,42592.000000,0,27,2.1,186,0.0,0.0,0.0,0.0,0.0,1.0
334917,0,1,3400,-56,56,541,16,28,0.63,68096.000000,4,27,11,0.0,22464.000000,0,0.0,0.0,0.0,1.0
335166,0,1,3400,-56,56,535,16,27,0.61,37312.000000,0,27,12,0.0,0.0,0.0,0.0,0.0,0.0,1.0
335415,0,1,3400,-57,57,531,18,27,0.58,58272.000000,0,27,12,0.0,0.0,0,0.0,0.0,0.0,1.0
335664,0,1,3400,-57,57,531,16,27,0.50,48704.000000,0,27,12,0.0,37472.000000,0,0.0,0.0,0.0,1.0
335913,0,1,3400,-57,57,531,15,27,0.50,42720.000000,0,27,13,0.0,0.0,0.0,0.0,0.0,0.0,1.0
336162,0,1,3400,-57,57,534,16,27,0.50,53184.000000,0,27,13,0.0,11936.000000,0,0.0,0.0,0.0,1.0
336411,0,1,3400,-57,57,533,17,27,0.50,48032.000000,0,27,13,0.0,15520.000000,0,0.0,0.0,0.0,1.0
336660,0,1,3400,-57,57,533,16,27,0.63,57728.000000,5,27,11,0.0,26336.000000,0,0.0,0.0,0.0,1.0
336909,0,1,3400,-57,57,532,16,26,0.50,53344.000000,0,27,9.5,0.0,0.0,0.0,0.0,0.0,0.0,1.0
337158,0,1,3400,-57,57,533,17,27,0.50,31648.000000,0,27,7.6,0.0,4384.000000,0,0.0,0.0,0.0,1.0
337407,0,1,3400,-58,58,536,18,27,0.50,47808.000000,0,27,7.1,0.0,0.0,0.0,0.0,0.0,0.0,1.0
337656,0,1,3400,-58,58,539,15,27,0.57,32160.000000,0,27,8.0,0.0,18368.000000,0,0.0,0.0,0.0,1.0
337905,0,1,3400,-58,58,534,17,26,0.50,58496.000000,0,27,12,0.0,0.0,0.0,0.0,0.0,0.0,1.0
338154,0,1,3400,-58,58,533,17,26,0.50,32288.000000,0,27,12,0.0,0.0,0.0,0.0,0.0,0.0,1.0
338403,0,1,3400,-58,58,535,17,26,0.50,53408.000000,0,27,12,0.0,0.0,0,0.0,0.0,0.0,1.0
338652,0,1,3400,-58,58,536,18,26,0.50,58560.000000,0,27,11,0.0,43328.000000,0,0.0,0.0,0.0,1.0
338901,0,1,3400,-58,58,532,19,26,0.50,42464.000000,0,27,10,0.0,0.0,0.0,0.0,0.0,0.0,1.0
339150,0,1,3400,-58,58,537,17,26,0.50,26624.000000,0,27,12,0.0,17056.000000,0,0.0,0.0,0.0,1.0
339399,0,1,3400,-58,58,536,17,26,0.50,64000.000000,0,27,14,0.0,11936.000000,0,0.0,0.0,0.0,1.0
339648,0,1,3400,-59,59,534,17,26,1.0,45664.000000,12,27,12,0.0,31808.000000,0,0.0,0.0,0.0,1.0
339897,0,1,3400,-59,59,530,16,25,0.79,37888.000000,0,27,0.0,0.0,0.0,0.0,0.0,0.0,0.0,1.0
340146,0,1,3400,-59,59,534,16,26,0.50,48320.000000,0,27,0.0,0.0,0.0,0.0,0.0,0.0,0.0,1.0
340395,0,1,3400,-59,59,534,15,25,0.50,37568.000000,0,27,0.12,0.0,0.0,0.0,0.0,0.0,0.0,1.0
340644,0,1,3400,-59,59,533,15,25,0.50,37792.000000,0,27,1.3,0.0,8800.000000,0,0.0,0.0,0.0,1.0
340893,0,1,3400,-59,59,530,16,25,0.50,37376.000000,0,27,3.2,0.0,1568.000000,0,0.0,0.0,0.0,1.0
341142,0,1,3400,-59,59,531,17,25,0.50,31968.000000,0,27,2.1,0.0,1568.000000,0,0.0,0.0,0.0,1.0
341391,0,1,3400,-59,59,531,16,25,0.50,37440.000000,0,27,2.1,0.0,0.0,0.0,0.0,0.0,0.0,1.0
341640,0,1,3400,-59,59,529,12,26,0.50,39840.000000,0,27,3.4,0.0,16064.000000,0,0.0,0.0,0.0,1.0
341889,0,1,3400,-59,59,529,14,25,0.50,59136.000000,0,27,8.6,0.0,0.0,0.0,0.0,0.0,0.0,1.0
342138,0,1,3400,-59,59,535,16,26,0.50,21760.000000,0,27,8.5,0.0,0.0,0.0,0.0,0.0,0.0,1.0
342387,0,1,3400,-58,58,535,17,26,0.50,53408.000000,0,27,9.0,0.0,9376.000000,0,0.0,0.0,0.0,1.0
342636,0,1,3400,-58,58,534,13,26,0.50,69504.000000,0,27,6.9,0.0,33344.000000,0,0.0,0.0,0.0,1.0
342885,0,1,3400,-58,58,530,15,26,0.50,28448.000000,0,27,4.6,0.0,0.0,0.0,0.0,0.0,0.0,1.0
343134,0,1,3400,-58,58,529,11,26,0.50,37920.000000,0,27,4.6,0.0,0.0,0.0,0.0,0.0,0.0,1.0
343383,0,1,3400,-58,58,530,15,26,0.50,65888.000000,0,27,4.6,0.0,0.0,0.0,0.0,0.0,0.0,1.0
343632,0,1,3400,-58,58,533,15,26,0.71,52800.000000,4,27,4.1,0.0,54304.000000,41,0.0,0.0,0.0,1.0
343881,0,1,3400,-58,58,535,14,26,0.50,54816.000000,0,27,9.0,0.0,0.0,0.0,0.0,0.0,0.0,1.0
344130,0,1,3400,-58,58,533,13,26,0.50,48544.000000,0,27,9.0,0.0,0.0,0.0,0.0,0.0,0.0,1.0
344379,0,1,3400,-58,58,532,12,26,0.50,5472.000000,0,27,9.0,0.0,0.0,0.0,0.0,0.0,0.0,1.0
344628,0,1,3400,-59,59,529,13,26,0.50,74432.000000,0,27,8.2,0.0,11616.000000,0,0.0,0.0,0.0,1.0
344877,0,1,3400,-59,59,532,16,26,0.50,53408.000000,0,27,7.0,0.0,0.0,0.0,0.0,0.0,0.0,1.0
345126,0,1,3400,-59,59,533,14,26,0.50,37152.000000,0,27,5.4,0.0,4256.000000,0,0.0,0.0,0.0,1.0
345375,0,1,3400,-59,59,538,11,25,0.50,33376.000000,0,27,5.0,0.0,0.0,0.0,0.0,0.0,0.0,1.0
345624,0,1,3400,-59,59,541,12,25,0.50,22208.000000,0,27,4.5,0.0,10784.000000,0,0.0,0.0,0.0,1.0
345873,0,1,3400,-59,59,533,9.7,25,0.50,27328.000000,0,27,3.5,0.0,4256.000000,0,0.0,0.0,0.0,1.0
346122,0,1,3400,-59,59,533,13,25,0.50,48096.000000,0,27,3.5,0.0,0.0,0.0,0.0,0.0,0.0,1.0
346371,0,1,3400,-59,59,535,15,25,0.95,26208.000000,7,27,3.5,0.0,4256.000000,0,0.0,0.0,0.0,1.0
346620,0,1,3400,-60,60,532,8.6,25,0.54,27072.000000,0,27,4.1,0.0,64064.000000,5,0.0,0.0,0.0,1.0
346869,0,1,3400,-60,60,532,17,25,0.50,32032.000000,0,27,6.2,0.0,1568.000000,0,0.0,0.0,0.0,1.0
347118,0,1,3400,-60,60,529,13,24,0.50,43520.000000,0,27,3.6,0.0,0.0,0.0,0.0,0.0,0.0,1.0
347367,0,1,3400,-60,60,529,16,25,0.50,32224.000000,0,27,3.6,0.0,0.0,0.0,0.0,0.0,0.0,1.0
347616,0,1,3400,-60,60,526,13,24,0.50,21888.000000,0,27,3.6,0.0,4256.000000,0,0.0,0.0,0.0,1.0
347865,0,1,3400,-60,60,533,14,24,0.50,43360.000000,0,27,3.6,0.0,10848.000000,0,0.0,0.0,0.0,1.0
348114,0,1,3400,-60,60,534,13,24,0.50,32608.000000,0,27,7.7,0.0,11936.000000,33,0.0,0.0,0.0,1.0
348363,0,1,3400,-60,60,531,13,25,0.50,32800.000000,0,27,9.0,0.0,0.0,0.0,0.0,0.0,0.0,1.0
348612,0,1,3400,-60,60,537,12,24,0.50,37952.000000,0,27,7.4,0.0,14112.000000,0,0.0,0.0,0.0,1.0
348861,0,1,3400,-60,60,540,16,25,0.50,37440.000000,0,27,0.74,0.0,2592.000000,0,0.0,0.0,0.0,1.0
349110,0,1,3400,-60,60,536,11,25,0.50,38176.000000,0,27,2.1,0.0,7200.000000,0,0.0,0.0,0.0,1.0
349359,0,1,3400,-59,59,531,12,26,0.50,21600.000000,0,27,4.6,0.0,0.0,0.0,0.0,0.0,0.0,1.0
349608,0,1,3400,-59,59,534,17,25,0.50,32288.000000,0,27,4.6,0.0,0.0,0.0,0.0,0.0,0.0,1.0
349857,0,1,3400,-59,59,536,17,26,0.50,30624.000000,0,27,2.3,0.0,27904.000000,0,0.0,0.0,0.0,1.0
350106,0,1,3400,-59,59,535,14,25,0.52,54816.000000,0,27,2.1,0.0,0.0,0.0,0.0,0.0,0.0,1.0
350355,0,1,3400,-59,59,533,13,26,0.50,32896.000000,0,27,4.1,0.0,7200.000000,0,0.0,0.0,0.0,1.0
350604,0,1,3400,-59,59,537,11,25,0.50,5440.000000,0,27,3.0,0.0,13024.000000,0,0.0,0.0,0.0,1.0
350853,0,1,3400,-59,59,540,13,25,0.50,21536.000000,0,27,0.30,0.0,0.0,0.0,0.0,0.0,0.0,1.0
351102,0,1,3400,-59,59,535,14,25,0.50,48384.000000,0,27,0.0,0.0,0.0,0.0,0.0,0.0,0.0,1.0
351351,0,1,3400,-59,59,530,19,25,0.58,27360.000000,0,27,0.18,0.0,0.0,0.0,0.0,0.0,0.0,1.0
351600,0,1,3400,-60,60,531,19,25,0.80,59328.000000,0,27,2.1,0.0,43072.000000,0,0.0,0.0,0.0,1.0
351849,0,1,3400,-60,60,529,12,26,0.50,43072.000000,0,27,5.0,0.0,1568.000000,0,0.0,0.0,0.0,1.0
352098,0,1,3400,-60,60,528,13,26,0.50,26624.000000,0,27,3.5,0.0,7200.000000,0,0.0,0.0,0.0,1.0
352347,0,1,3400,-60,60,529,5.9,26,0.50,48992.000000,0,27,3.5,0.0,0.0,0.0,0.0,0.0,0.0,1.0
352596,0,1,3400,-60,60,531,12,25,0.50,32160.000000,0,27,2.3,0.0,9888.000000,0,0.0,0.0,0.0,1.0
352845,0,1,3400,-60,60,533,13,26,0.50,31744.000000,0,27,0.12,0.0,0.0,0.0,0.0,0.0,0.0,1.0
353094,0,1,3400,-60,60,537,18,25,0.50,46368.000000,0,27,1.3,0.0,7232.000000,0,0.0,0.0,0.0,1.0
353343,0,1,3400,-60,60,534,14,25,0.50,53472.000000,0,27,4.5,0.0,0.0,0.0,0.0,0.0,0.0,1.0
353592,0,1,3400,-60,60,528,16,26,0.50,26336.000000,0,27,3.5,0.0,19168.000000,12,0.0,0.0,0.0,1.0
353841,0,1,3400,-60,60,529,14,25,1.0,31616.000000,11,27,2.6,0.0,28032.000000,15,0.0,0.0,0.0,1.0
354090,0,1,3400,-60,60,532,16,25,0.50,36736.000000,0,27,1.6,0.0,0.0,0.0,0.0,0.0,0.0,1.0
354339,0,1,3400,-60,60,534,19,25,0.50,46880.000000,0,27,1.5,0.0,0.0,0.0,0.0,0.0,0.0,1.0
354588,0,1,3400,-61,61,530,15,26,0.50,64384.000000,0,27,4.7,0.0,23008.000000,0,0.0,0.0,0.0,1.0
354837,0,1,3400,-61,61,533,15,25,0.51,31840.000000,0,27,11,0.0,0.0,0.0,0.0,0.0,0.0,1.0
355086,0,1,3400,-61,61,534,17,25,0.50,41792.000000,0,27,10,0.0,0.0,0.0,0.0,0.0,0.0,1.0
355335,0,1,3400,-61,61,534,15,25,0.50,26304.000000,0,27,10,0.0,0.0,0.0,0.0,0.0,0.0,1.0
355584,0,1,3400,-61,61,535,11,25,0.50,31712.000000,0,27,9.0,0.0,30848.000000,0,0.0,0.0,0.0,1.0
355833,0,1,3400,-61,61,535,14,24,0.50,53152.000000,0,27,2.0,0.0,0.0,0.0,0.0,0.0,0.0,1.0
356082,0,1,3400,-61,61,531,13,25,0.50,75488.000000,0,27,1.7,0.0,1568.000000,0,0.0,0.0,0.0,1.0
356331,0,1,3400,-61,61,528,14,25,0.50,53216.000000,0,27,1.1,0.0,0.0,0.0,0.0,0.0,0.0,1.0
356580,0,1,3400,-61,61,529,17,25,0.50,26400.000000,0,27,3.7,0.0,21312.000000,0,0.0,0.0,0.0,1.0
356829,0,1,3400,-61,61,534,12,25,0.50,26624.000000,0,27,10,0.0,6688.000000,50,0.0,0.0,0.0,1.0
357078,0,1,3400,-61,61,538,17,25,0.50,36736.000000,0,27,10,0.0,0.0,0.0,0.0,0.0,0.0,1.0
357327,0,1,3400,-61,61,538,17,25,0.50,52320.000000,0,27,10,0.0,0.0,0.0,0.0,0.0,0.0,1.0
357576,0,1,3400,-62,62,537,17,25,0.50,62624.000000,0,27,9.4,0.0,13088.000000,25,0.0,0.0,0.0,1.0
357825,0,1,3400,-62,62,534,18,24,0.50,41664.000000,0,27,13,0.0,28992.000000,20,0.0,0.0,0.0,1.0
358074,0,1,3400,-62,62,528,17,25,0.50,41984.000000,0,27,13,0.0,4256.000000,0,0.0,0.0,0.0,1.0
358323,0,1,3400,-62,62,531,15,24,0.50,53088.000000,0,27,8.0,0.0,0.0,0.0,0.0,0.0,0.0,1.0
358572,0,1,3400,-62,62,533,14,24,0.50,48224.000000,0,27,7.7,0.0,18752.000000,0,0.0,0.0,0.0,1.0
358821,0,1,3400,-62,62,535,12,24,0.50,59136.000000,0,27,5.6,0.0,7200.000000,0,0.0,0.0,0.0,1.0
359070,0,1,3400,-62,62,537,15,25,0.50,26592.000000,0,27,5.5,0.0,0.0,0.0,0.0,0.0,0.0,1.0
359319,0,1,3400,-61,61,539,11,25,0.50,42944.000000,0,27,5.5,0.0,0.0,0.0,0.0,0.0,0.0,1.0
359568,0,1,3400,-61,61,536,11,25,0.50,27072.000000,0,27,5.5,186,0.0,0.0,0.0,0.0,0.0,1.0
359817,0,1,3400,-61,61,528,14,25,0.51,64192.000000,0,27,2.9,0.0,28672.000000,9,0.0,0.0,0.0,1.0
360066,0,1,3400,-61,61,531,13,25,0.59,64224.000000,0,27,2.1,0.0,0.0,0.0,0.0,0.0,0.0,1.0
360315,0,1,3400,-61,61,528,15,25,0.50,53312.000000,0,27,4.8,0.0,5664.000000,25,0.0,0.0,0.0,1.0
360564,0,1,3400,-61,61,533,18,25,0.50,62208.000000,0,27,5.6,0.0,26336.000000,0,0.0,0.0,0.0,1.0
360813,0,1,3400,-61,61,534,17,25,0.50,41664.000000,0,27,9.5,0.0,0.0,0.0,0.0,0.0,0.0,1.0
361062,0,1,3400,-61,61,534,14,25,0.50,42240.000000,0,27,9.5,0.0,0.0,0.0,0.0,0.0,0.0,1.0
361311,0,1,3400,-60,60,535,16,25,0.50,62528.000000,0,27,9.6,0.0,0.0,0.0,0.0,0.0,0.0,1.0
361560,0,1,3400,-60,60,531,18,26,0.50,31296.000000,0,27,9.0,0.0,80064.000000,0,0.0,0.0,0.0,1.0
361809,0,1,3400,-60,60,527,15,26,0.50,36672.000000,0,27,8.5,0.0,7200.000000,0,0.0,0.0,0.0,1.0
362058,0,1,3400,-60,60,530,17,26,0.70,35712.000000,9,27,8.1,0.0,0.0,0.0,0.0,0.0,0.0,1.0
362307,0,1,3400,-59,59,531,16,26,0.89,37216.000000,0,27,8.0,0.0,0.0,0.0,0.0,0.0,0.0,1.0
362556,0,1,3400,-59,59,535,14,27,0.50,26784.000000,0,27,8.2,0.0,11936.000000,0,0.0,0.0,0.0,1.0
362805,0,1,3400,-59,59,535,13,27,0.50,37600.000000,0,27,8.4,0.0,10688.000000,0,0.0,0.0,0.0,1.0
363054,0,1,3400,-59,59,535,10,27,0.50,28256.000000,0,27,8.3,0.0,9376.000000,0,0.0,0.0,0.0,1.0
363303,0,1,3400,-59,59,535,13,27,0.50,56736.000000,0,27,10,0.0,0.0,0.0,0.0,0.0,0.0,1.0
363552,0,1,3400,-58,58,531,11,27,0.50,20832.000000,0,27,10,0.0,9376.000000,25,0.0,0.0,0.0,1.0
363801,0,1,3400,-58,58,536,16,28,0.50,36512.000000,0,27,0.68,0.0,20640.000000,7,0.0,0.0,0.0,1.0
364051,0,1,3400,-58,58,536,12,27,0.50,48127.488281,0,27,0.060,0.0,0.0,0.0,0.0,0.0,0.0,1.0
364300,0,1,3400,-58,58,530,15,27,0.50,37622.488281,0,27,0.0,0.0,0.0,0.0,0.0,0.0,0.0,1.0
364549,0,1,3400,-59,59,531,15,27,0.50,26784.000000,0,27,0.46,0.0,15520.000000,0,0.0,0.0,0.0,1.0
364798,0,1,3400,-59,59,534,10,27,0.50,65504.000000,0,27,11,0.0,6688.000000,0,0.0,0.0,0.0,1.0
365047,0,1,3400,-59,59,532,15,27,0.50,20896.000000,0,27,7.7,0.0,7200.000000,0,0.0,0.0,0.0,1.0
365296,0,1,3400,-59,59,534,18,27,0.61,40608.000000,9,27,7.5,0.0,7200.000000,0,0.0,0.0,0.0,1.0
365545,0,1,3400,-59,59,533,16,27,0.50,31328.000000,0,27,8.7,0.0,25696.000000,44,0.0,0.0,0.0,1.0
365794,0,1,3400,-59,59,531,15,27,0.50,37728.000000,0,27,0.53,0.0,6752.000000,0,0.0,0.0,0.0,1.0
366043,0,1,3400,-59,59,530,14,27,0.50,47488.000000,0,27,0.12,0.0,0.0,0.0,0.0,0.0,0.0,1.0
366292,0,1,3400,-59,59,530,18,27,0.50,51776.000000,0,27,0.24,0.0,1568.000000,0,0.0,0.0,0.0,1.0
366541,0,1,3400,-59,59,528,18,27,0.50,5152.000000,0,27,0.24,0.0,0.0,0.0,0.0,0.0,0.0,1.0
366790,0,1,3400,-59,59,529,18,28,0.50,5312.000000,0,27,1.7,0.0,14400.000000,0,0.0,0.0,0.0,1.0
367039,0,1,3400,-59,59,529,7.9,27,0.50,40512.000000,0,27,7.1,0.0,7200.000000,0,0.0,0.0,0.0,1.0
367288,0,1,3400,-59,59,532,16,27,0.50,57184.000000,0,27,7.9,0.0,11936.000000,0,0.0,0.0,0.0,1.0
367537,0,1,3400,-59,59,533,17,27,0.50,62496.000000,0,27,9.2,0.0,16064.000000,0,0.0,0.0,0.0,1.0
367786,0,1,3400,-59,59,531,12,27,0.50,58432.000000,0,27,8.5,0.0,0.0,0.0,0.0,0.0,0.0,1.0
368035,0,1,3400,-59,59,530,5.1,27,0.50,50816.000000,0,27,8.6,0.0,0.0,0.0,0.0,0.0,0.0,1.0
368284,0,1,3400,-59,59,527,18,27,0.50,46912.000000,0,27,7.8,0.0,7200.000000,0,0.0,0.0,0.0,1.0
368533,0,1,3400,-59,59,529,14,27,0.50,57056.000000,0,27,6.5,0.0,12736.000000,7,0.0,0.0,0.0,1.0
368782,0,1,3400,-59,59,534,14,27,0.50,48128.000000,0,27,2.1,0.0,0.0,0.0,0.0,0.0,0.0,1.0
369031,0,1,3400,-59,59,535,18,27,0.50,41888.000000,0,27,2.0,0.0,0.0,0.0,0.0,0.0,0.0,1.0
369280,0,1,3400,-59,59,534,16,28,0.50,69088.000000,0,27,2.0,0.0,0.0,0.0,0.0,0.0,0.0,1.0
369529,0,1,3400,-58,58,535,8.1,27,0.50,37600.000000,0,27,4.0,0.0,24832.000000,11,0.0,0.0,0.0,1.0
369778,0,1,3400,-58,58,531,11,28,0.50,46400.000000,0,27,7.6,0.0,0.0,0.0,0.0,0.0,0.0,1.0
370027,0,1,3400,-58,58,531,12,27,0.50,51968.000000,0,27,7.5,0.0,0.0,0.0,0.0,0.0,0.0,1.0
370276,0,1,3400,-58,58,532,12,28,0.50,47296.000000,0,27,7.6,0.0,7200.000000,0,0.0,0.0,0.0,1.0
370525,0,1,3400,-58,58,532,12,28,0.50,59040.000000,0,27,8.1,0.0,15808.000000,0,0.0,0.0,0.0,1.0
370774,0,1,3400,-58,58,533,12,28,0.50,52352.000000,0,27,10,0.0,9376.000000,0,0.0,0.0,0.0,1.0
371023,0,1,3400,-58,58,529,18,28,0.50,30912.000000,0,27,10,0.0,0.0,0.0,0.0,0.0,0.0,1.0
371272,0,1,3400,-58,58,529,13,28,0.50,58784.000000,0,27,10,0.0,16576.000000,0,0.0,0.0,0.0,1.0
371521,0,1,3400,-58,58,528,14,28,0.50,37088.000000,0,27,9.0,0.0,17632.000000,14,0.0,0.0,0.0,1.0
371770,0,1,3400,-58,58,526,17,28,0.50,36064.000000,0,27,4.5,0.0,0.0,0.0,0.0,0.0,0.0,1.0
372019,0,1,3400,-58,58,531,17,28,0.50,68640.000000,0,27,4.5,0.0,0.0,0.0,0.0,0.0,0.0,1.0
372268,0,1,3400,-58,58,531,13,28,0.50,32096.000000,0,27,4.5,0.0,0.0,0.0,0.0,0.0,0.0,1.0
372517,0,1,3400,-58,58,531,15,28,0.50,62240.000000,0,27,2.6,0.0,17888.000000,0,0.0,0.0,0.0,1.0
372766,0,1,3400,-58,58,528,17,28,0.50,15712.000000,0,27,9.5,0.0,0.0,0.0,0.0,0.0,0.0,1.0
373015,0,1,3400,-58,58,533,15,28,0.50,37344.000000,0,27,9.5,0.0,0.0,0.0,0.0,0.0,0.0,1.0
373264,0,1,3400,-58,58,535,11,28,0.50,37792.000000,0,27,7.1,0.0,1568.000000,0,0.0,0.0,0.0,1.0
373513,0,1,3400,-58,58,530,16,28,0.50,30912.000000,0,27,4.0,0.0,15232.000000,0,0.0,0.0,0.0,1.0
373762,0,1,3400,-58,58,532,18,28,0.50,46368.000000,0,27,4.0,0.0,0.0,0.0,0.0,0.0,0.0,1.0
374011,0,1,3400,-58,58,535,16,28,0.50,51680.000000,0,27,4.0,0.0,0.0,0.0,0.0,0.0,0.0,1.0
374260,0,1,3400,-58,58,531,18,28,0.50,5152.000000,0,27,4.1,0.0,0.0,0.0,0.0,0.0,0.0,1.0
374509,0,1,3400,-58,58,533,12,28,0.50,47936.000000,0,27,5.0,0.0,20192.000000,0,0.0,0.0,0.0,1.0
374758,0,1,3400,-58,58,533,16,28,0.50,36576.000000,0,27,4.6,0.0,11936.000000,0,0.0,0.0,0.0,1.0
375007,0,1,3400,-58,58,531,16,28,0.50,26528.000000,0,27,10,0.0,0.0,0.0,0.0,0.0,0.0,1.0
375256,0,1,3400,-59,59,532,16,28,0.50,36832.000000,0,27,10,0.0,0.0,0.0,0.0,0.0,0.0,1.0
375505,0,1,3400,-59,59,533,15,28,0.50,52544.000000,0,27,10,0.0,22720.000000,0,0.0,0.0,0.0,1.0
375754,0,1,3400,-59,59,535,17,27,0.50,41856.000000,0,27,11,0.0,0.0,0.0,0.0,0.0,0.0,1.0
376003,0,1,3400,-59,59,532,11,28,0.50,44000.000000,0,27,10,0.0,4256.000000,0,0.0,0.0,0.0,1.0
376252,0,1,3400,-59,59,531,12,27,0.50,46880.000000,0,27,6.6,0.0,9376.000000,0,0.0,0.0,0.0,1.0
376501,0,1,3400,-59,59,530,15,28,0.50,36416.000000,0,27,5.7,0.0,25792.000000,6,0.0,0.0,0.0,1.0
376750,0,1,3400,-59,59,532,18,27,0.50,20864.000000,0,27,0.0,0.0,0.0,0.0,0.0,0.0,0.0,1.0
376999,0,1,3400,-59,59,533,15,28,0.50,47296.000000,0,27,0.0,0.0,0.0,0.0,0.0,0.0,0.0,1.0
377248,0,1,3400,-58,58,532,15,28,0.50,57728.000000,0,27,0.0,0.0,0.0,0.0,0.0,0.0,0.0,1.0
377497,0,1,3400,-58,58,535,18,29,0.50,51520.000000,0,27,0.34,0.0,23072.000000,9,0.0,0.0,0.0,1.0
377746,0,1,3400,-58,58,534,17,28,0.50,31168.000000,0,27,0.0,0.0,0.0,0.0,0.0,0.0,0.0,1.0
377995,0,1,3400,-58,58,530,14,29,0.50,21536.000000,0,27,0.060,0.0,0.0,0.0,0.0,0.0,0.0,1.0
378244,0,1,3400,-58,58,529,18,28,0.50,30912.000000,0,27,0.0,0.0,0.0,0.0,0.0,0.0,0.0,1.0
378493,0,1,3400,-57,57,533,18,29,0.50,25920.000000,0,27,0.20,0.0,20384.000000,5,0.0,0.0,0.0,1.0
378742,0,1,3400,-57,57,533,14,28,0.50,36768.000000,0,27,0.12,0.0,0.0,0.0,0.0,0.0,0.0,1.0
378991,0,1,3400,-57,57,532,14,29,0.50,47680.000000,0,27,0.0,0.0,0.0,0.0,0.0,0.0,0.0,1.0
379240,0,1,3400,-57,57,530,19,29,0.50,31840.000000,0,27,0.0,0.0,0.0,0.0,0.0,0.0,0.0,1.0
379489,0,1,3400,-57,57,533,15,29,0.50,31904.000000,0,27,0.25,0.0,20640.000000,9,0.0,0.0,0.0,1.0
379738,0,1,3400,-57,57,534,15,29,0.50,42240.000000,0,27,0.060,0.0,0.0,0.0,0.0,0.0,0.0,1.0
379987,0,1,3400,-57,57,531,13,29,0.50,43072.000000,0,27,0.060,0.0,0.0,0.0,0.0,0.0,0.0,1.0
380236,0,1,3400,-58,58,529,13,28,0.50,41792.000000,0,27,0.0,0.0,1568.000000,0,0.0,0.0,0.0,1.0
380485,0,1,3400,-58,58,532,15,29,0.50,52160.000000,0,27,1.5,0.0,13888.000000,0,0.0,0.0,0.0,1.0
380734,0,1,3400,-58,58,533,18,29,0.52,25984.000000,0,27,7.5,0.0,0.0,0.0,0.0,0.0,0.0,1.0
380983,0,1,3400,-58,58,535,17,28,0.50,41888.000000,0,27,7.5,0.0,0.0,0.0,0.0,0.0,0.0,1.0
381232,0,1,3400,-58,58,529,18,28,0.50,46720.000000,0,27,7.5,0.0,0.0,0.0,0.0,0.0,0.0,1.0
381481,0,1,3400,-59,59,535,14,28,0.50,47872.000000,0,27,6.5,0.0,23808.000000,0,0.0,0.0,0.0,1.0
381730,0,1,3400,-59,59,535,14,28,0.50,79296.000000,0,27,2.0,0.0,0.0,0.0,0.0,0.0,0.0,1.0
381979,0,1,3400,-59,59,534,13,28,0.50,31488.000000,0,27,2.1,0.0,0.0,0.0,0.0,0.0,0.0,1.0
382228,0,1,3400,-59,59,532,16,27,0.50,21024.000000,0,27,1.9,0.0,1568.000000,0,0.0,0.0,0.0,1.0
382477,0,1,3400,-59,59,533,17,27,0.51,56832.000000,0,27,4.6,0.0,26336.000000,0,0.0,0.0,0.0,1.0
382726,0,1,3400,-59,59,537,19,28,0.71,37696.000000,0,27,5.8,0.0,2592.000000,0,0.0,0.0,0.0,1.0
382975,0,1,3400,-59,59,539,15,27,0.54,21568.000000,0,27,4.6,0.0,0.0,0.0,0.0,0.0,0.0,1.0
383224,0,1,3400,-59,59,538,13,28,0.50,46944.000000,0,27,4.5,0.0,0.0,0.0,0.0,0.0,0.0,1.0
383473,0,1,3400,-59,59,535,16,27,0.50,47360.000000,0,27,3.7,0.0,11616.000000,0,0.0,0.0,0.0,1.0
383722,0,1,3400,-59,59,534,16,28,0.50,26016.000000,0,27,0.0,0.0,0.0,0.0,0.0,0.0,0.0,1.0
383971,0,1,3400,-59,59,529,18,28,0.50,41216.000000,0,27,0.0,0.0,0.0,0.0,0.0,0.0,0.0,1.0
384220,0,1,3400,-58,58,528,14,28,0.50,26272.000000,0,27,0.0,0.0,0.0,0.0,0.0,0.0,0.0,1.0
384469,0,1,3400,-58,58,528,17,28,0.50,41536.000000,0,27,0.0,186,0.0,0.0,0.0,0.0,0.0,1.0
384718,0,1,3400,-58,58,534,13,29,0.57,22048.000000,0,27,1.9,0.0,30592.000000,9,0.0,0.0,0.0,1.0
384967,0,1,3400,-58,58,533,10,28,0.50,28864.000000,0,27,2.1,0.0,0.0,0.0,0.0,0.0,0.0,1.0
385216,0,1,3400,-59,59,530,4.1,29,0.50,10464.000000,0,27,2.8,0.0,4256.000000,0,0.0,0.0,0.0,1.0
385465,0,1,3400,-59,59,531,14,28,0.50,10880.000000,0,27,3.9,0.0,55456.000000,0,0.0,0.0,0.0,1.0
385714,0,1,3400,-59,59,533,14,28,0.50,37664.000000,0,27,4.0,0.0,0.0,0.0,0.0,0.0,0.0,1.0
385963,0,1,3400,-59,59,534,16,27,0.50,36512.000000,0,27,4.0,0.0,0.0,0.0,0.0,0.0,0.0,1.0
386212,0,1,3400,-59,59,533,18,28,0.50,36064.000000,0,27,3.7,0.0,1568.000000,0,0.0,0.0,0.0,1.0
386461,0,1,3400,-59,59,536,19,27,0.50,58208.000000,0,27,2.1,0.0,7200.000000,0,0.0,0.0,0.0,1.0
386710,0,1,3400,-59,59,537,16,28,0.50,20768.000000,0,27,2.2,0.0,10816.000000,17,0.0,0.0,0.0,1.0
386959,0,1,3400,-59,59,534,16,27,0.50,5152.000000,0,27,3.0,0.0,0.0,0.0,0.0,0.0,0.0,1.0
387208,0,1,3400,-60,60,535,15,28,0.50,57600.000000,0,27,3.0,0.0,0.0,0.0,0.0,0.0,0.0,1.0
387457,0,1,3400,-60,60,534,15,27,0.50,26080.000000,0,27,3.8,0.0,14400.000000,43,0.0,0.0,0.0,1.0
387706,0,1,3400,-60,60,536,17,27,0.50,46528.000000,0,27,7.0,0.0,7200.000000,0,0.0,0.0,0.0,1.0
387955,0,1,3400,-60,60,533,14,27,0.50,47296.000000,0,27,7.0,0.0,0.0,0.0,0.0,0.0,0.0,1.0
388204,0,1,3400,-60,60,533,16,27,0.50,20928.000000,0,27,7.0,0.0,0.0,0.0,0.0,0.0,0.0,1.0
388453,0,1,3400,-60,60,533,16,27,0.50,36320.000000,0,27,6.9,0.0,4256.000000,0,0.0,0.0,0.0,1.0
388702,0,1,3400,-60,60,532,17,27,0.50,36544.000000,0,27,1.4,0.0,27136.000000,10,0.0,0.0,0.0,1.0
388951,0,1,3400,-60,60,533,17,27,0.50,53408.000000,0,27,1.0,0.0,0.0,0.0,0.0,0.0,0.0,1.0
389200,0,1,3400,-59,59,535,19,28,0.50,41856.000000,0,27,1.8,0.0,4256.000000,0,0.0,0.0,0.0,1.0
389449,0,1,3400,-59,59,535,15,28,0.50,52256.000000,0,27,2.3,0.0,13728.000000,0,0.0,0.0,0.0,1.0
389698,0,1,3400,-59,59,534,16,28,0.50,52096.000000,0,27,3.5,0.0,0.0,0.0,0.0,0.0,0.0,1.0
389947,0,1,3400,-59,59,531,16,28,0.50,26080.000000,0,27,3.5,0.0,0.0,0.0,0.0,0.0,0.0,1.0
390196,0,1,3400,-59,59,532,5.4,28,0.50,34368.000000,0,27,3.5,0.0,0.0,0.0,0.0,0.0,0.0,1.0
390445,0,1,3400,-58,58,533,14,28,0.50,43488.000000,0,27,3.5,0.0,43680.000000,0,0.0,0.0,0.0,1.0
390694,0,1,3400,-58,58,529,18,28,0.50,36192.000000,0,27,3.0,0.0,0.0,0.0,0.0,0.0,0.0,1.0
390943,0,1,3400,-58,58,529,15,28,0.50,89856.000000,0,27,3.0,0.0,0.0,0.0,0.0,0.0,0.0,1.0
391192,0,1,3400,-59,59,531,14,28,0.50,36992.000000,0,27,3.0,0.0,0.0,0.0,0.0,0.0,0.0,1.0
391441,0,1,3400,-59,59,534,12,28,0.50,53280.000000,0,27,4.4,0.0,14400.000000,0,0.0,0.0,0.0,1.0
391690,0,1,3400,-59,59,533,14,28,0.50,36608.000000,0,27,7.0,0.0,0.0,0.0,0.0,0.0,0.0,1.0
391939,0,1,3400,-59,59,531,16,28,0.50,36160.000000,0,27,7.0,0.0,0.0,0.0,0.0,0.0,0.0,1.0
392188,0,1,3400,-59,59,531,14,27,0.50,50368.000000,0,27,5.3,0.0,1568.000000,0,0.0,0.0,0.0,1.0
392437,0,1,3400,-59,59,534,16,28,0.50,75328.000000,0,27,5.2,0.0,25728.000000,0,0.0,0.0,0.0,1.0
392686,0,1,3400,-59,59,535,19,27,0.50,26304.000000,0,27,1.5,0.0,0.0,0.0,0.0,0.0,0.0,1.0
392935,0,1,3400,-59,59,531,12,28,0.50,26016.000000,0,27,1.5,0.0,0.0,0.0,0.0,0.0,0.0,1.0
393184,0,1,3400,-59,59,530,17,27,0.50,41536.000000,0,27,1.5,0.0,0.0,0.0,0.0,0.0,0.0,1.0
393433,0,1,3400,-59,59,530,18,28,0.50,31232.000000,0,27,1.5,0.0,0.0,0.0,0.0,0.0,0.0,1.0
393682,0,1,3400,-59,59,531,18,27,0.50,25760.000000,0,27,1.3,0.0,24672.000000,14,0.0,0.0,0.0,1.0
393931,0,1,3400,-59,59,531,18,28,0.50,46784.000000,0,27,1.0,0.0,2592.000000,0,0.0,0.0,0.0,1.0
394180,0,1,3400,-60,60,532,15,27,0.50,46848.000000,0,27,1.0,0.0,0.0,0.0,0.0,0.0,0.0,1.0
394429,0,1,3400,-60,60,534,18,28,0.86,31072.000000,12,27,2.0,0.0,27072.000000,8,0.0,0.0,0.0,1.0
394678,0,1,3400,-60,60,530,16,27,0.72,41632.000000,0,27,0.016,0.0,0.0,0.0,0.0,0.0,0.0,1.0
394927,0,1,3400,-60,60,536,13,27,0.50,26464.000000,0,27,0.47,0.0,2592.000000,0,0.0,0.0,0.0,1.0
395176,0,1,3400,-60,60,533,12,27,0.50,31776.000000,0,27,1.0,0.0,0.0,0.0,0.0,0.0,0.0,1.0
395425,0,1,3400,-60,60,530,13,27,0.50,31776.000000,0,27,1.5,0.0,10784.000000,0,0.0,0.0,0.0,1.0
395674,0,1,3400,-60,60,531,14,27,0.50,53120.000000,0,27,3.5,0.0,0.0,0.0,0.0,0.0,0.0,1.0
395923,0,1,3400,-60,60,533,15,28,0.51,47328.000000,6,27,3.5,0.0,0.0,0.0,0.0,0.0,0.0,1.0
396172,0,1,3400,-60,60,537,13,27,0.50,58496.000000,0,27,3.5,0.0,0.0,0.0,0.0,0.0,0.0,1.0
396421,0,1,3400,-59,59,530,12,28,0.50,47648.000000,0,27,2.0,0.0,30336.000000,8,0.0,0.0,0.0,1.0
396670,0,1,3400,-59,59,532,17,27,0.50,18144.000000,0,27,1.4,0.0,1568.000000,0,0.0,0.0,0.0,1.0
396919,0,1,3400,-59,59,534,20,28,0.50,35904.000000,0,27,1.0,0.0,0.0,0.0,0.0,0.0,0.0,1.0
397168,0,1,3400,-59,59,533,17,27,0.50,36256.000000,0,27,2.3,0.0,7200.000000,0,0.0,0.0,0.0,1.0
397417,0,1,3400,-59,59,535,14,28,0.50,37312.000000,0,27,2.4,0.0,18016.000000,9,0.0,0.0,0.0,1.0
397666,0,1,3400,-59,59,533,11,28,0.50,26848.000000,0,27,2.2,0.0,4256.000000,0,0.0,0.0,0.0,1.0
397915,0,1,3400,-59,59,537,6.5,28,0.50,10784.000000,0,27,2.5,0.0,0.0,0.0,0.0,0.0,0.0,1.0
398164,0,1,3400,-59,59,532,13,28,0.50,34304.000000,0,27,2.5,0.0,0.0,0.0,0.0,0.0,0.0,1.0
398413,0,1,3400,-58,58,526,14,28,0.50,58080.000000,0,27,2.9,0.0,13728.000000,0,0.0,0.0,0.0,1.0
398662,0,1,3400,-58,58,530,18,28,0.50,25760.000000,0,27,3.5,0.0,0.0,0.0,0.0,0.0,0.0,1.0
398911,0,1,3400,-58,58,531,11,28,0.50,58592.000000,0,27,3.5,0.0,0.0,0.0,0.0,0.0,0.0,1.0
399160,0,1,3400,-58,58,532,9.9,28,0.50,37984.000000,0,27,3.5,0.0,0.0,0.0,0.0,0.0,0.0,1.0
399409,0,1,3400,-58,58,532,9.8,28,0.50,27200.000000,0,27,3.6,0.0,7200.000000,0,0.0,0.0,0.0,1.0
399658,0,1,3400,-58,58,531,11,29,0.50,27040.000000,0,27,7.0,0.0,7200.000000,0,0.0,0.0,0.0,1.0
399907,0,1,3400,-58,58,529,11,29,0.50,21376.000000,0,27,7.0,0.0,0.0,0.0,0.0,0.0,0.0,1.0
400156,0,1,3400,-57,57,532,9.8,29,0.50,26240.000000,0,27,7.0,0.0,7200.000000,0,0.0,0.0,0.0,1.0
400405,0,1,3400,-57,57,533,10,29,0.50,37248.000000,0,27,6.4,0.0,15904.000000,0,0.0,0.0,0.0,1.0
400654,0,1,3400,-57,57,534,9.6,30,0.50,46368.000000,0,27,3.5,0.0,0.0,0.0,0.0,0.0,0.0,1.0
400903,0,1,3400,-57,57,527,9.4,29,0.50,28416.000000,0,27,3.5,0.0,0.0,0.0,0.0,0.0,0.0,1.0
401152,0,1,3400,-57,57,526,9.6,30,0.50,16128.000000,0,27,3.5,0.0,0.0,0.0,0.0,0.0,0.0,1.0
401401,0,1,3400,-57,57,529,9.9,29,0.50,37856.000000,0,27,3.1,0.0,21152.000000,5,0.0,0.0,0.0,1.0
401650,0,1,3400,-57,57,527,20,30,0.50,51552.000000,0,27,0.032,0.0,0.0,0.0,0.0,0.0,0.0,1.0
401899,0,1,3400,-57,57,531,18,29,0.50,31008.000000,0,27,0.032,0.0,0.0,0.0,0.0,0.0,0.0,1.0
402148,0,1,3400,-57,57,531,6.4,29,0.50,49824.000000,0,27,0.056,0.0,1568.000000,0,0.0,0.0,0.0,1.0
402397,0,1,3400,-57,57,528,8.3,29,0.50,37728.000000,0,27,3.5,0.0,54752.000000,4,0.0,0.0,0.0,1.0
402646,0,1,3400,-57,57,528,10,29,0.50,48512.000000,0,27,3.0,0.0,0.0,0.0,0.0,0.0,0.0,1.0
402895,0,1,3400,-57,57,533,13,29,0.50,36064.000000,0,27,3.0,0.0,0.0,0.0,0.0,0.0,0.0,1.0
403144,0,1,3400,-57,57,531,15,30,0.50,21120.000000,0,27,3.0,0.0,0.0,0.0,0.0,0.0,0.0,1.0
403393,0,1,3400,-56,56,531,10,29,0.50,36608.000000,0,27,3.0,0.0,4256.000000,0,0.0,0.0,0.0,1.0
403642,0,1,3400,-56,56,530,14,30,0.54,63200.000000,0,27,0.0,0.0,10048.000000,0,0.0,0.0,0.0,1.0
403891,0,1,3400,-56,56,536,12,29,0.51,48160.000000,0,27,0.29,0.0,4256.000000,0,0.0,0.0,0.0,1.0
404140,0,1,3400,-56,56,537,6.8,30,0.58,22688.000000,7,27,3.5,0.0,9376.000000,0,0.0,0.0,0.0,1.0
404389,0,1,3400,-56,56,533,9.7,29,0.50,36928.000000,0,27,6.0,0.0,15904.000000,14,0.0,0.0,0.0,1.0
404638,0,1,3400,-56,56,531,9.8,30,0.50,37504.000000,0,27,3.5,0.0,0.0,0.0,0.0,0.0,0.0,1.0
404887,0,1,3400,-56,56,530,10.0,29,0.50,26688.000000,0,27,3.4,0.0,2592.000000,0,0.0,0.0,0.0,1.0
405136,0,1,3400,-56,56,534,16,30,0.59,44800.000000,0,27,5.0,0.0,7200.000000,0,0.0,0.0,0.0,1.0
405385,0,1,3400,-56,56,533,17,29,0.50,5312.000000,0,27,5.4,0.0,4256.000000,0,0.0,0.0,0.0,1.0
405634,0,1,3400,-56,56,535,14,30,0.50,20704.000000,0,27,2.2,0.0,26336.000000,11,0.0,0.0,0.0,1.0
405883,0,1,3400,-56,56,537,11,29,0.50,21184.000000,0,27,2.0,0.0,0.0,0.0,0.0,0.0,0.0,1.0
406132,0,1,3400,-57,57,533,8.8,30,0.50,42976.000000,0,27,2.0,0.0,0.0,0.0,0.0,0.0,0.0,1.0
406381,0,1,3400,-57,57,534,16,29,0.50,28864.000000,0,27,1.9,0.0,20160.000000,16,0.0,0.0,0.0,1.0
406630,0,1,3400,-57,57,532,9.9,30,0.50,50144.000000,0,27,1.5,0.0,0.0,0.0,0.0,0.0,0.0,1.0
406879,0,1,3400,-57,57,537,12,28,0.52,64800.000000,0,27,1.5,0.0,0.0,0.0,0.0,0.0,0.0,1.0
407128,0,1,3400,-57,57,534,18,29,0.50,36064.000000,0,27,3.7,0.0,14400.000000,0,0.0,0.0,0.0,1.0
407377,0,1,3400,-57,57,535,15,29,0.50,45088.000000,0,27,6.2,0.0,25728.000000,0,0.0,0.0,0.0,1.0
407626,0,1,3400,-57,57,536,13,29,0.50,36768.000000,0,27,4.3,0.0,14528.000000,0,0.0,0.0,0.0,1.0
407875,0,1,3400,-57,57,531,11,29,0.50,21312.000000,0,27,3.0,0.0,0.0,0.0,0.0,0.0,0.0,1.0
408124,0,1,3400,-57,57,530,12,29,0.50,47040.000000,0,27,3.0,0.0,0.0,0.0,0.0,0.0,0.0,1.0
408373,0,1,3400,-57,57,537,15,29,0.51,62784.000000,0,27,5.3,0.0,25440.000000,14,0.0,0.0,0.0,1.0
408622,0,1,3400,-57,57,536,17,29,0.51,31072.000000,0,27,6.7,0.0,4256.000000,0,0.0,0.0,0.0,1.0
408871,0,1,3400,-57,57,534,18,29,0.66,53536.000000,0,27,9.7,0.0,11936.000000,0,0.0,0.0,0.0,1.0
409120,0,1,3400,-57,57,531,12,29,0.51,41376.000000,0,27,10.0,0.0,0.0,0,0.0,0.0,0.0,1.0
409369,0,1,3400,-57,57,527,13,29,0.52,42464.000000,0,27,6.4,0.0,43072.000000,15,0.0,0.0,0.0,1.0
409618,0,1,3400,-57,57,538,12,29,0.59,31232.000000,0,27,3.0,0.0,0.0,0.0,0.0,0.0,0.0,1.0
409867,0,1,3400,-57,57,534,21,29,0.61,52416.000000,0,27,3.0,0.0,0.0,0.0,0.0,0.0,0.0,1.0
410116,0,1,3400,-57,57,533,20,29,0.50,20608.000000,0,27,3.0,0.0,0.0,0.0,0.0,0.0,0.0,1.0
410365,0,1,3400,-57,57,532,23,29,0.96,38464.000000,0,27,4.6,0.0,13888.000000,0,0.0,0.0,0.0,1.0
410614,0,1,3400,-57,57,529,14,29,0.57,26944.000000,0,27,6.6,0.0,1568.000000,0,0.0,0.0,0.0,1.0
410863,0,1,3400,-57,57,526,10,29,0.50,37376.000000,0,27,4.0,0.0,0.0,0.0,0.0,0.0,0.0,1.0
411112,0,1,3400,-58,58,531,10,29,0.50,20992.000000,0,27,5.3,0.0,4256.000000,0,0.0,0.0,0.0,1.0
411361,0,1,3400,-58,58,533,10,29,0.50,37056.000000,0,27,5.2,0.0,13728.000000,0,0.0,0.0,0.0,1.0
411610,0,1,3400,-58,58,533,13,28,0.50,58208.000000,0,27,3.5,0.0,0.0,0.0,0.0,0.0,0.0,1.0
411859,0,1,3400,-58,58,529,11,29,0.50,37728.000000,0,27,3.5,0.0,0.0,0.0,0.0,0.0,0.0,1.0
412108,0,1,3400,-58,58,529,9.0,28,0.50,48064.000000,0,27,3.8,0.0,8512.000000,0,0.0,0.0,0.0,1.0
412357,0,1,3400,-58,58,533,6.0,29,0.50,31968.000000,0,27,6.1,0.0,26336.000000,0,0.0,0.0,0.0,1.0
412606,0,1,3400,-58,58,536,6.5,28,0.50,26624.000000,0,27,7.5,0.0,6688.000000,0,0.0,0.0,0.0,1.0
412855,0,1,3400,-58,58,532,8.6,29,0.50,22048.000000,0,27,6.3,0.0,4256.000000,0,0.0,0.0,0.0,1.0
413104,0,1,3400,-58,58,532,13,28,0.50,32352.000000,0,27,5.3,0.0,4256.000000,0,0.0,0.0,0.0,1.0
413353,0,1,3400,-57,57,538,12,29,0.50,16224.000000,0,27,4.0,186,0.0,0.0,0.0,0.0,0.0,1.0
413602,0,1,3400,-57,57,536,9.8,29,0.50,22048.000000,0,27,3.6,0.0,13728.000000,0,0.0,0.0,0.0,1.0
413851,0,1,3400,-57,57,536,5.8,29,0.50,45568.000000,0,27,3.9,0.0,4256.000000,0,0.0,0.0,0.0,1.0
414100,0,1,3400,-57,57,530,14,29,0.63,20928.000000,0,27,5.6,0.0,9376.000000,0,0.0,0.0,0.0,1.0
414349,0,1,3400,-57,57,534,12,29,0.50,43744.000000,0,27,6.4,0.0,20704.000000,0,0.0,0.0,0.0,1.0
414598,0,1,3400,-57,57,531,14,29,0.50,52608.000000,0,27,7.5,0.0,9376.000000,0,0.0,0.0,0.0,1.0
414847,0,1,3400,-57,57,533,18,30,0.50,46368.000000,0,27,8.0,0.0,0.0,0.0,0.0,0.0,0.0,1.0
415096,0,1,3400,-57,57,532,18,29,0.50,46368.000000,0,27,8.0,0.0,0.0,0.0,0.0,0.0,0.0,1.0
415345,0,1,3400,-56,56,532,18,30,0.50,56672.000000,0,27,8.0,0.0,14400.000000,0,0.0,0.0,0.0,1.0
415594,0,1,3400,-56,56,533,15,30,0.50,42656.000000,0,27,8.0,0.0,0.0,0.0,0.0,0.0,0.0,1.0
415843,0,1,3400,-56,56,533,7.8,30,0.50,27424.000000,0,27,5.7,0.0,8512.000000,0,0.0,0.0,0.0,1.0
416092,0,1,3400,-56,56,531,11,29,0.50,16608.000000,0,27,5.5,0.0,4256.000000,0,0.0,0.0,0.0,1.0
416341,0,1,3400,-56,56,537,9.8,30,0.50,65536.000000,0,27,5.5,0.0,8512.000000,0,0.0,0.0,0.0,1.0
416590,0,1,3400,-56,56,534,9.8,29,0.50,43968.000000,0,27,3.4,0.0,9120.000000,0,0.0,0.0,0.0,1.0
416839,0,1,3400,-56,56,529,8.3,29,0.50,27328.000000,0,27,3.0,0.0,0.0,0.0,0.0,0.0,0.0,1.0
417088,0,1,3400,-56,56,528,11,30,0.50,10976.000000,0,27,3.0,0.0,4256.000000,0,0.0,0.0,0.0,1.0
417337,0,1,3400,-56,56,527,8.9,29,0.50,60704.000000,0,27,3.2,0.0,17024.000000,0,0.0,0.0,0.0,1.0
417586,0,1,3400,-56,56,530,15,30,0.50,36832.000000,0,27,2.5,0.0,3136.000000,0,0.0,0.0,0.0,1.0
417835,0,1,3400,-56,56,536,18,29,0.50,61824.000000,0,27,2.0,0.0,0.0,0.0,0.0,0.0,0.0,1.0
418084,0,1,3400,-56,56,530,18,30,0.50,36064.000000,0,27,3.6,0.0,4256.000000,0,0.0,0.0,0.0,1.0
418333,0,1,3400,-56,56,530,16,29,0.50,36992.000000,0,27,4.3,0.0,55712.000000,0,0.0,0.0,0.0,1.0
418582,0,1,3400,-56,56,536,9.4,30,0.50,54816.000000,0,27,7.9,0.0,0.0,0.0,0.0,0.0,0.0,1.0
418831,0,1,3400,-56,56,534,15,29,0.50,42496.000000,0,27,8.0,0.0,0.0,0.0,0.0,0.0,0.0,1.0
419080,0,1,3400,-56,56,535,8.7,30,0.50,22048.000000,0,27,7.1,0.0,7200.000000,0,0.0,0.0,0.0,1.0
419329,0,1,3400,-56,56,535,7.6,29,0.50,22048.000000,0,27,5.9,0.0,23104.000000,0,0.0,0.0,0.0,1.0
419578,0,1,3400,-56,56,533,8.8,30,0.50,54784.000000,0,27,3.1,0.0,2592.000000,0,0.0,0.0,0.0,1.0
419827,0,1,3400,-56,56,531,10,29,0.50,71296.000000,0,27,3.0,0.0,4256.000000,0,0.0,0.0,0.0,1.0
420076,0,1,3400,-56,56,527,10.0,30,0.50,55264.000000,0,27,3.2,0.0,12384.000000,0,0.0,0.0,0.0,1.0
420325,0,1,3400,-56,56,530,10,29,0.50,27584.000000,0,27,2.0,0.0,2592.000000,0,0.0,0.0,0.0,1.0
420574,0,1,3400,-56,56,532,10,30,0.50,44128.000000,0,27,4.3,0.0,33536.000000,0,0.0,0.0,0.0,1.0
420823,0,1,3400,-56,56,531,11,29,0.50,43552.000000,0,27,4.5,0.0,0.0,0.0,0.0,0.0,0.0,1.0
421072,0,1,3400,-56,56,529,9.1,30,0.50,43776.000000,0,27,2.7,0.0,13024.000000,0,0.0,0.0,0.0,1.0
421321,0,1,3400,-56,56,529,11,29,0.50,55360.000000,0,27,2.6,0.0,21184.000000,8,0.0,0.0,0.0,1.0
421570,0,1,3400,-56,56,534,13,30,0.50,37504.000000,0,27,3.2,0.0,9440.000000,0,0.0,0.0,0.0,1.0
421819,0,1,3400,-56,56,531,18,29,0.50,46464.000000,0,27,4.0,0.0,0.0,0.0,0.0,0.0,0.0,1.0
422068,0,1,3400,-56,56,532,18,30,0.50,51616.000000,0,27,5.2,0.0,7200.000000,0,0.0,0.0,0.0,1.0
422317,0,1,3400,-56,56,530,18,29,0.50,20608.000000,0,27,5.3,0.0,2592.000000,0,0.0,0.0,0.0,1.0
422566,0,1,3400,-56,56,535,18,30,0.50,36064.000000,0,27,0.32,0.0,8672.000000,0,0.0,0.0,0.0,1.0
422815,0,1,3400,-56,56,531,18,29,0.50,56672.000000,0,27,0.032,0.0,0.0,0.0,0.0,0.0,0.0,1.0
423064,0,1,3400,-57,57,531,18,30,0.50,30912.000000,0,27,0.83,0.0,2592.000000,0,0.0,0.0,0.0,1.0
423313,0,1,3400,-57,57,529,18,29,0.50,51520.000000,0,27,2.4,0.0,30336.000000,8,0.0,0.0,0.0,1.0
423562,0,1,3400,-57,57,530,18,29,0.50,51520.000000,0,27,1.5,0.0,0.0,0.0,0.0,0.0,0.0,1.0
423811,0,1,3400,-57,57,533,18,29,0.50,36064.000000,0,27,1.5,0.0,0.0,0.0,0.0,0.0,0.0,1.0
424060,0,1,3400,-57,57,527,18,29,0.50,25760.000000,0,27,1.5,0.0,0.0,0.0,0.0,0.0,0.0,1.0
424309,0,1,3400,-57,57,527,18,29,0.50,61920.000000,0,27,2.2,0.0,36416.000000,16,0.0,0.0,0.0,1.0
424558,0,1,3400,-57,57,527,18,29,0.50,30912.000000,0,27,4.0,0.0,0.0,0.0,0.0,0.0,0.0,1.0
424807,0,1,3400,-57,57,532,18,29,0.50,41312.000000,0,27,3.7,0.0,5184.000000,0,0.0,0.0,0.0,1.0
425056,0,1,3400,-57,57,531,18,29,0.50,41216.000000,0,27,3.0,0.0,0.0,0.0,0.0,0.0,0.0,1.0
425305,0,1,3400,-57,57,528,18,29,0.50,46368.000000,0,27,2.1,0.0,8448.000000,9,0.0,0.0,0.0,1.0
425554,0,1,3400,-57,57,531,18,29,0.50,51520.000000,0,27,0.0,0.0,0.0,0.0,0.0,0.0,0.0,1.0
425803,0,1,3400,-57,57,536,18,29,0.50,30912.000000,0,27,0.0,0.0,0.0,0.0,0.0,0.0,0.0,1.0
426052,0,1,3400,-57,57,534,18,29,0.50,36064.000000,0,27,0.0,0.0,0.0,0.0,0.0,0.0,0.0,1.0
426301,0,1,3400,-57,57,531,18,29,0.50,41216.000000,0,27,0.68,0.0,20096.000000,20,0.0,0.0,0.0,1.0
426550,0,1,3400,-57,57,531,18,29,0.50,25760.000000,0,27,0.0,0.0,4032.000000,0,0.0,0.0,0.0,1.0
426799,0,1,3400,-57,57,528,18,29,0.50,51520.000000,0,27,0.0,0.0,0.0,0.0,0.0,0.0,0.0,1.0
427048,0,1,3400,-57,57,532,18,29,0.50,36064.000000,0,27,0.0,0.0,0.0,0.0,0.0,0.0,0.0,1.0
427297,0,1,3400,-57,57,535,18,29,0.50,61824.000000,0,27,0.0,0.0,0.0,0.0,0.0,0.0,0.0,1.0
427546,0,1,3400,-57,57,532,18,29,0.50,56672.000000,0,27,1.4,0.0,13216.000000,20,0.0,0.0,0.0,1.0
427795,0,1,3400,-57,57,531,18,29,0.50,25760.000000,0,27,2.0,0.0,0.0,0.0,0.0,0.0,0.0,1.0
428044,0,1,3400,-57,57,529,18,29,0.50,56672.000000,0,27,2.0,0.0,0.0,0.0,0.0,0.0,0.0,1.0
428293,0,1,3400,-57,57,533,18,29,0.50,46368.000000,0,27,1.8,0.0,13504.000000,9,0.0,0.0,0.0,1.0
428542,0,1,3400,-57,57,536,17,29,0.50,62592.000000,0,27,1.00,0.0,0.0,0.0,0.0,0.0,0.0,1.0
428791,0,1,3400,-57,57,535,18,29,0.50,41216.000000,0,27,1.0,0.0,0.0,0.0,0.0,0.0,0.0,1.0
429040,0,1,3400,-57,57,531,19,29,0.50,26144.000000,0,27,1.0,0.0,0.0,0.0,0.0,0.0,0.0,1.0
429290,0,1,3400,-57,57,530,21,29,0.50,57120.000000,0,27,1.2,0.0,10816.000000,20,0.0,0.0,0.0,1.0
429539,0,1,3400,-57,57,534,18,29,0.50,52160.000000,0,27,1.5,0.0,0.0,0.0,0.0,0.0,0.0,1.0
429788,0,1,3400,-57,57,534,18,29,0.50,41312.000000,0,27,1.7,0.0,2592.000000,0,0.0,0.0,0.0,1.0
430037,0,1,3400,-57,57,531,19,28,0.50,42144.000000,0,27,2.0,0.0,0.0,0.0,0.0,0.0,0.0,1.0
430286,0,1,3400,-57,57,535,20,29,0.50,36256.000000,0,27,1.8,0.0,6752.000000,44,0.0,0.0,0.0,1.0
430535,0,1,3400,-57,57,533,20,29,0.50,41472.000000,0,27,0.0,0.0,0.0,100.000000,0.0,0.0,0.0,1.0
430784,0,1,3400,-57,57,531,18,29,0.50,36384.000000,0,27,0.0,0.0,0.0,0.0,0.0,0.0,0.0,1.0
431033,0,1,3400,-57,57,529,16,29,0.50,51936.000000,0,27,0.0,0.0,0.0,0.0,0.0,0.0,0.0,1.0
431282,0,1,3400,-57,57,527,18,29,0.50,31392.000000,0,27,0.46,0.0,10560.000000,20,0.0,0.0,0.0,1.0
431531,0,1,3400,-57,57,529,18,28,0.50,36064.000000,0,27,0.0,0.0,9408.000000,33,0.0,0.0,0.0,1.0
431780,0,1,3400,-57,57,532,18,29,0.50,36064.000000,0,27,0.0,0.0,0.0,0.0,0.0,0.0,0.0,1.0
432029,0,1,3400,-57,57,533,19,29,0.50,36224.000000,0,27,0.0,0.0,0.0,0.0,0.0,0.0,0.0,1.0
432278,0,1,3400,-57,57,532,16,30,0.50,21376.000000,0,27,0.59,0.0,19232.000000,0,0.0,0.0,0.0,1.0
432527,0,1,3400,-57,57,528,13,29,0.50,10816.000000,0,27,2.0,0.0,0.0,0.0,0.0,0.0,0.0,1.0
432776,0,1,3400,-57,57,531,13,30,0.50,37824.000000,0,27,2.0,0.0,0.0,0.0,0.0,0.0,0.0,1.0
433025,0,1,3400,-57,57,537,17,29,0.50,56672.000000,0,27,2.0,0.0,0.0,0.0,0.0,0.0,0.0,1.0
433274,0,1,3400,-56,56,532,18,30,0.59,26112.000000,0,27,2.0,0.0,0.0,0.0,0.0,0.0,0.0,1.0
433523,0,1,3400,-56,56,528,18,29,0.50,20608.000000,0,27,0.69,0.0,12736.000000,13,0.0,0.0,0.0,1.0
433772,0,1,3400,-56,56,530,18,30,0.50,46368.000000,0,27,0.0,0.0,0.0,0.0,0.0,0.0,0.0,1.0
434021,0,1,3400,-56,56,531,18,29,0.50,25760.000000,0,27,0.0,0.0,1568.000000,0,0.0,0.0,0.0,1.0
434270,0,1,3400,-56,56,527,17,30,0.54,51680.000000,0,27,0.0,144,0.0,50,0.0,0.0,0.0,1.0
434519,0,1,3400,-56,56,528,14,29,0.50,32352.000000,0,27,0.96,0.0,8672.000000,27,0.0,0.0,0.0,1.0
434768,0,1,3400,-56,56,527,8.9,30,0.50,59360.000000,0,27,1.0,0.0,0.0,0.0,0.0,0.0,0.0,1.0
435017,0,1,3400,-56,56,528,9.3,30,0.50,16512.000000,0,27,0.99,0.0,0.0,0.0,0.0,0.0,0.0,1.0
435266,0,1,3400,-56,56,528,9.3,30,0.50,43264.000000,0,27,0.97,6.0,1568.000000,0,0.0,0.0,0.0,1.0
435515,0,1,3400,-56,56,534,16,29,0.50,46528.000000,0,27,0.0,0.0,5344.000000,60,0.0,0.0,0.0,1.0
435764,0,1,3400,-56,56,533,18,29,0.50,56768.000000,0,27,0.0,0.0,0.0,0.0,0.0,0.0,0.0,1.0
436013,0,1,3400,-57,57,529,20,30,0.50,15552.000000,0,27,0.80,0.0,2592.000000,50,0.0,0.0,0.0,1.0
436262,0,1,3400,-57,57,534,19,29,0.50,25760.000000,0,27,0.77,0.0,12352.000000,32,0.0,0.0,0.0,1.0
436511,0,1,3400,-57,57,530,18,30,0.50,36064.000000,0,27,0.0,0.0,0.0,0.0,0.0,0.0,0.0,1.0
436760,0,1,3400,-57,57,535,18,29,0.50,25760.000000,0,27,0.0,0.0,0.0,0.0,0.0,0.0,0.0,1.0
437009,0,1,3400,-57,57,534,18,29,0.50,20608.000000,0,27,0.0,0.0,0.0,0.0,0.0,0.0,0.0,1.0
437258,0,1,3400,-57,57,529,15,29,0.50,37312.000000,0,27,0.28,0.0,11136.000000,28,0.0,0.0,0.0,1.0
437507,0,1,3400,-57,57,532,14,30,0.50,37760.000000,0,27,0.0,0.0,0.0,100.000000,0.0,0.0,0.0,1.0
437756,0,1,3400,-57,57,532,11,29,0.50,63424.000000,0,27,0.0,0.0,0.0,0.0,0.0,0.0,0.0,1.0
438005,0,1,3400,-57,57,530,13,30,0.50,32000.000000,0,27,0.0,0.0,0.0,0.0,0.0,0.0,0.0,1.0
438254,0,1,3400,-57,57,531,11,28,0.89,74528.000000,6,27,0.0,0.0,13184.000000,7,0.0,0.0,0.0,1.0
438503,0,1,3400,-57,57,532,16,30,0.52,57984.000000,0,27,0.0,0.0,0.0,0.0,0.0,0.0,0.0,1.0
438752,0,1,3400,-57,57,534,19,29,0.66,62848.000000,0,27,0.0,0.0,0.0,0.0,0.0,0.0,0.0,1.0
439001,0,1,3400,-57,57,537,15,30,0.56,25920.000000,0,27,0.0,0.0,0.0,0.0,0.0,0.0,0.0,1.0
439250,0,1,3400,-57,57,536,18,29,0.50,25760.000000,0,27,0.27,0.0,19520.000000,0,0.0,0.0,0.0,1.0
439499,0,1,3400,-57,57,533,18,30,0.50,51616.000000,0,27,2.0,0.0,0.0,0.0,0.0,0.0,0.0,1.0
439748,0,1,3400,-57,57,535,18,29,0.50,41312.000000,0,27,2.0,0.0,0.0,0.0,0.0,0.0,0.0,1.0
439997,0,1,3400,-57,57,534,18,30,0.50,30912.000000,0,27,2.0,0.0,2592.000000,0,0.0,0.0,0.0,1.0
440246,0,1,3400,-57,57,534,19,29,0.50,46560.000000,0,27,1.7,0.0,15072.000000,12,0.0,0.0,0.0,1.0
440495,0,1,3400,-57,57,532,18,30,0.50,61920.000000,0,27,1.7,0.0,2592.000000,0,0.0,0.0,0.0,1.0
440744,0,1,3400,-57,57,530,18,29,0.50,36160.000000,0,27,2.3,0.0,0.0,75,0.0,0.0,0.0,1.0
440993,0,1,3400,-57,57,534,18,29,0.50,31104.000000,0,27,3.5,0.0,1568.000000,33,0.0,0.0,0.0,1.0
441242,0,1,3400,-57,57,533,18,29,0.50,36064.000000,0,27,3.2,0.0,16704.000000,0,0.0,0.0,0.0,1.0
441491,0,1,3400,-57,57,531,18,29,0.50,56512.000000,0,27,0.0,0.0,0.0,0.0,0.0,0.0,0.0,1.0
441740,0,1,3400,-57,57,533,19,28,0.50,35904.000000,0,27,0.0,0.0,0.0,0.0,0.0,0.0,0.0,1.0
441989,0,1,3400,-57,57,535,18,29,0.50,66816.000000,0,27,0.0,0.0,0.0,0.0,0.0,0.0,0.0,1.0
442238,0,1,3400,-57,57,533,18,28,0.50,20608.000000,0,27,0.17,0.0,9696.000000,11,0.0,0.0,0.0,1.0
442487,0,1,3400,-57,57,530,19,29,0.50,51360.000000,0,27,0.50,0.0,0.0,0.0,0.0,0.0,0.0,1.0
442736,0,1,3400,-57,57,533,18,28,0.50,31296.000000,0,27,0.49,0.0,0.0,0.0,0.0,0.0,0.0,1.0
442985,0,1,3400,-57,57,534,17,29,0.50,30976.000000,0,27,0.50,0.0,0.0,0.0,0.0,0.0,0.0,1.0
443234,0,1,3400,-57,57,531,18,29,0.50,15456.000000,0,27,0.58,0.0,12288.000000,0,0.0,0.0,0.0,1.0
443483,0,1,3400,-57,57,530,18,29,0.50,0.0,0.0,27,1.0,0.0,0.0,0.0,0.0,0.0,0.0,1.0
443732,0,1,3400,-57,57,530,14,29,0.50,53024.000000,0,27,1.0,0.0,0.0,0.0,0.0,0.0,0.0,1.0
443981,0,1,3400,-57,57,532,11,28,0.50,21120.000000,0,27,1.0,0.0,0.0,0.0,0.0,0.0,0.0,1.0
444230,0,1,3400,-57,57,536,12,29,0.50,32160.000000,0,27,1.6,0.0,15360.000000,0,0.0,0.0,0.0,1.0
444479,0,1,3400,-57,57,536,14,28,0.50,47456.000000,0,27,4.4,0.0,0.0,0.0,0.0,0.0,0.0,1.0
444728,0,1,3400,-57,57,534,19,29,0.50,46208.000000,0,27,4.5,0.0,0.0,0.0,0.0,0.0,0.0,1.0
444977,0,1,3400,-57,57,536,21,28,0.50,51360.000000,0,27,4.5,0.0,0.0,0.0,0.0,0.0,0.0,1.0
445226,0,1,3400,-57,57,534,18,29,0.50,48000.000000,0,27,4.4,0.0,2592.000000,0,0.0,0.0,0.0,1.0
445475,0,1,3400,-57,57,529,3.2,28,0.50,20992.000000,0,27,3.5,0.0,6528.000000,0,0.0,0.0,0.0,1.0
445724,0,1,3400,-57,57,530,9.3,29,0.52,42304.000000,0,27,3.4,0.0,0.0,0.0,0.0,0.0,0.0,1.0
445973,0,1,3400,-57,57,534,18,28,0.50,30912.000000,0,27,4.7,0.0,9376.000000,0,0.0,0.0,0.0,1.0
446222,0,1,3400,-57,57,534,18,29,0.50,46368.000000,0,27,5.4,0.0,15264.000000,8,0.0,0.0,0.0,1.0
446471,0,1,3400,-57,57,530,15,28,0.50,15552.000000,0,27,2.0,0.0,0.0,0.0,0.0,0.0,0.0,1.0
446720,0,1,3400,-57,57,535,9.5,29,0.50,15968.000000,0,27,2.3,0.0,2592.000000,0,0.0,0.0,0.0,1.0
446969,0,1,3400,-57,57,530,12,28,0.50,64000.000000,0,27,2.9,0.0,0.0,0.0,0.0,0.0,0.0,1.0
447218,0,1,3400,-57,57,528,8.8,29,0.50,33664.000000,0,27,3.0,0.0,53568.000000,17,0.0,0.0,0.0,1.0
447467,0,1,3400,-57,57,531,18,28,0.50,30912.000000,0,27,5.5,0.0,7200.000000,67,0.0,0.0,0.0,1.0
447716,0,1,3400,-57,57,532,17,29,0.50,50624.000000,0,27,5.5,0.0,0.0,0.0,0.0,0.0,0.0,1.0
447965,0,1,3400,-57,57,532,19,28,0.50,37664.000000,0,27,5.5,0.0,0.0,0.0,0.0,0.0,0.0,1.0
448214,0,1,3400,-57,57,529,19,29,0.50,35904.000000,0,27,4.2,0.0,10816.000000,11,0.0,0.0,0.0,1.0
448463,0,1,3400,-57,57,529,18,28,0.50,41216.000000,0,27,1.5,0.0,0.0,0.0,0.0,0.0,0.0,1.0
448712,0,1,3400,-57,57,526,20,29,0.50,61504.000000,0,27,1.5,0.0,0.0,0.0,0.0,0.0,0.0,1.0
448961,0,1,3400,-57,57,532,18,28,0.50,41216.000000,0,27,1.5,0.0,0.0,0.0,0.0,0.0,0.0,1.0
449210,0,1,3400,-57,57,534,19,29,0.50,30752.000000,0,27,1.6,0.0,2272.000000,0,0.0,0.0,0.0,1.0
449459,0,1,3400,-57,57,530,21,28,0.50,41056.000000,0,27,0.20,0.0,8960.000000,18,0.0,0.0,0.0,1.0
449708,0,1,3400,-57,57,530,18,29,0.50,41216.000000,0,27,0.080,0.0,0.0,0.0,0.0,0.0,0.0,1.0
449957,0,1,3400,-57,57,526,18,28,0.50,30912.000000,0,27,0.032,0.0,0.0,0.0,0.0,0.0,0.0,1.0
450206,0,1,3400,-57,57,534,18,29,0.50,25760.000000,0,27,0.45,60,0.0,80,0.0,0.0,0.0,1.0
450455,0,1,3400,-57,57,531,18,28,0.50,20608.000000,0,27,2.0,60,0.0,0.0,0.0,0.0,0.0,1.0
450704,0,1,3400,-57,57,531,11,29,0.50,58496.000000,0,27,0.78,0.0,5856.000000,11,0.0,0.0,0.0,1.0
450953,0,1,3400,-57,57,530,17,29,0.50,36064.000000,0,27,0.064,0.0,0.0,0.0,0.0,0.0,0.0,1.0
451202,0,1,3400,-56,56,532,18,29,0.50,25760.000000,0,27,1.00,0.0,20928.000000,27,0.0,0.0,0.0,1.0
451451,0,1,3400,-56,56,531,18,29,0.50,48000.000000,0,27,3.5,0.0,0.0,0.0,0.0,0.0,0.0,1.0
451700,0,1,3400,-56,56,532,16,29,0.50,26528.000000,0,27,3.5,0.0,0.0,0.0,0.0,0.0,0.0,1.0
451949,0,1,3400,-56,56,533,15,28,0.50,25760.000000,0,27,3.5,0.0,0.0,0.0,0.0,0.0,0.0,1.0
452198,0,1,3400,-56,56,533,19,29,0.50,56544.000000,0,27,5.8,0.0,18624.000000,33,0.0,0.0,0.0,1.0
452447,0,1,3400,-56,56,530,18,29,0.50,46496.000000,0,27,10.0,0.0,0.0,0.0,0.0,0.0,0.0,1.0
452696,0,1,3400,-56,56,534,10,29,0.50,64800.000000,0,27,9.9,0.0,0.0,0.0,0.0,0.0,0.0,1.0
452945,0,1,3400,-57,57,532,18,29,0.50,25920.000000,0,27,9.9,0.0,0.0,0.0,0.0,0.0,0.0,1.0
453194,0,1,3400,-57,57,535,15,29,0.85,46656.000000,8,27,8.5,0.0,6528.000000,42,0.0,0.0,0.0,1.0
453443,0,1,3400,-57,57,531,17,29,0.50,36320.000000,0,27,0.032,0.0,3744.000000,0,0.0,0.0,0.0,1.0
453692,0,1,3400,-57,57,532,16,28,0.50,26016.000000,0,27,0.048,0.0,0.0,0.0,0.0,0.0,0.0,1.0
453941,0,1,3400,-57,57,533,15,28,0.50,36544.000000,0,27,0.016,0.0,0.0,0.0,0.0,0.0,0.0,1.0
454190,0,1,3400,-57,57,529,14,28,0.50,41792.000000,0,27,0.096,0.0,896,0,0.0,0.0,0.0,1.0
454439,0,1,3400,-57,57,529,14,29,0.50,10592.000000,0,27,8.8,0.0,62944.000000,40,0.0,0.0,0.0,1.0
454688,0,1,3400,-57,57,532,12,28,0.50,52224.000000,0,27,9.0,0.0,0.0,0.0,0.0,0.0,0.0,1.0
454937,0,1,3400,-57,57,532,15,29,0.50,42144.000000,0,27,9.0,0.0,0.0,0.0,0.0,0.0,0.0,1.0
455186,0,1,3400,-57,57,533,16,28,0.50,41696.000000,0,27,6.8,0.0,9728.000000,0,0.0,0.0,0.0,1.0
455435,0,1,3400,-57,57,533,15,29,0.50,31744.000000,0,27,2.6,0.0,0.0,0.0,0.0,0.0,0.0,1.0
455684,0,1,3400,-57,57,532,12,28,0.50,21024.000000,0,27,2.6,0.0,0.0,0.0,0.0,0.0,0.0,1.0
455933,0,1,3400,-57,57,534,16,30,0.50,37120.000000,0,27,2.7,0.0,0.0,0.0,0.0,0.0,0.0,1.0
456182,0,1,3400,-56,56,537,14,29,0.50,36320.000000,0,27,2.0,0.0,13952.000000,8,0.0,0.0,0.0,1.0
456431,0,1,3400,-56,56,530,17,30,0.50,42208.000000,0,27,0.036,0.0,0.0,0.0,0.0,0.0,0.0,1.0
456680,0,1,3400,-56,56,535,16,28,0.50,41376.000000,0,27,0.14,0.0,0.0,0.0,0.0,0.0,0.0,1.0
456929,0,1,3400,-56,56,531,17,30,0.50,56992.000000,0,27,0.072,0.0,0.0,0.0,0.0,0.0,0.0,1.0
457178,0,1,3400,-56,56,526,16,28,0.50,36320.000000,0,27,0.38,0.0,17536.000000,18,0.0,0.0,0.0,1.0
457427,0,1,3400,-56,56,531,12,30,0.50,47936.000000,0,27,0.18,0.0,1568.000000,0,0.0,0.0,0.0,1.0
457676,0,1,3400,-56,56,536,14,29,0.50,36192.000000,0,27,0.11,0.0,0.0,0.0,0.0,0.0,0.0,1.0
457925,0,1,3400,-56,56,533,14,30,0.59,85664.000000,0,27,0.65,0.0,0.0,80,0.0,0.0,0.0,1.0
458174,0,1,3400,-56,56,534,19,28,0.58,50848.000000,0,27,3.3,0.0,16768.000000,33,0.0,0.0,0.0,1.0
458423,0,1,3400,-56,56,529,12,30,0.50,45088.000000,0,27,0.22,0.0,0.0,0.0,0.0,0.0,0.0,1.0
458672,0,1,3400,-56,56,529,16,29,0.50,30976.000000,0,27,0.14,0.0,0.0,0.0,0.0,0.0,0.0,1.0
458921,0,1,3400,-56,56,533,17,30,0.50,47168.000000,0,27,0.14,0.0,0.0,0.0,0.0,0.0,0.0,1.0
459170,0,1,3400,-56,56,528,14,28,0.50,46752.000000,0,27,0.036,52,1568.000000,0,0.0,0.0,0.0,1.0
459419,0,1,3400,-56,56,530,13,30,0.50,64000.000000,0,27,5.4,0.0,35744.000000,25,0.0,0.0,0.0,1.0
459668,0,1,3400,-56,56,531,14,29,0.50,26656.000000,0,27,6.0,0.0,0.0,0.0,0.0,0.0,0.0,1.0
459917,0,1,3400,-56,56,528,17,30,0.50,46528.000000,0,27,4.8,0.0,1568.000000,0,0.0,0.0,0.0,1.0
460166,0,1,3400,-56,56,528,13,29,0.50,31232.000000,0,27,3.9,0.0,9696.000000,42,0.0,0.0,0.0,1.0
460415,0,1,3400,-56,56,535,20,29,0.50,35744.000000,0,27,2.1,0.0,0.0,0.0,0.0,0.0,0.0,1.0
460664,0,1,3400,-56,56,537,21,29,0.50,20608.000000,0,27,2.2,0.0,0.0,0.0,0.0,0.0,0.0,1.0
460913,0,1,3400,-57,57,534,14,29,0.50,62848.000000,0,27,2.1,0.0,0.0,0.0,0.0,0.0,0.0,1.0
461162,0,1,3400,-57,57,531,18,29,0.50,36064.000000,0,27,2.7,0.0,11648.000000,44,0.0,0.0,0.0,1.0
461411,0,1,3400,-57,57,529,18,29,0.50,15456.000000,0,27,3.5,0.0,0.0,0.0,0.0,0.0,0.0,1.0
461660,0,1,3400,-57,57,530,11,28,0.50,26912.000000,0,27,3.6,0.0,0.0,0.0,0.0,0.0,0.0,1.0
461909,0,1,3400,-57,57,529,12,28,0.50,41696.000000,0,27,3.3,0.0,896,0,0.0,0.0,0.0,1.0
462158,0,1,3400,-57,57,535,17,29,0.50,56832.000000,0,27,2.3,0.0,34304.000000,18,0.0,0.0,0.0,1.0
462407,0,1,3400,-57,57,534,18,29,0.50,25760.000000,0,27,4.7,0.0,9376.000000,0,0.0,0.0,0.0,1.0
462656,0,1,3400,-57,57,529,16,29,0.50,25920.000000,0,27,4.7,0.0,0.0,0.0,0.0,0.0,0.0,1.0
462905,0,1,3400,-57,57,532,11,29,0.50,46656.000000,0,27,4.6,0.0,0.0,0.0,0.0,0.0,0.0,1.0
463154,0,1,3400,-56,56,531,14,29,0.50,31328.000000,0,27,4.6,0.0,0.0,50,0.0,0.0,0.0,1.0
463403,0,1,3400,-56,56,524,16,29,0.50,41472.000000,0,27,0.68,0.0,13952.000000,21,0.0,0.0,0.0,1.0
463652,0,1,3400,-56,56,529,19,30,0.50,66912.000000,0,27,0.14,0.0,0.0,0.0,0.0,0.0,0.0,1.0
463901,0,1,3400,-57,57,534,18,29,0.50,61824.000000,0,27,0.11,0.0,0.0,0.0,0.0,0.0,0.0,1.0
464150,0,1,3400,-57,57,532,13,30,0.50,16000.000000,0,27,0.28,0.0,19968.000000,6,0.0,0.0,0.0,1.0
464399,0,1,3400,-57,57,528,9.5,28,0.50,20608.000000,0,27,2.0,0.0,0.0,0.0,0.0,0.0,0.0,1.0
464648,0,1,3400,-57,57,526,18,29,0.50,30912.000000,0,27,2.0,0.0,0.0,0.0,0.0,0.0,0.0,1.0
464897,0,1,3400,-57,57,530,18,28,0.50,36064.000000,0,27,2.0,0.0,0.0,0.0,0.0,0.0,0.0,1.0
465146,0,1,3400,-57,57,534,22,29,0.50,46592.000000,0,27,2.0,60,0.0,50,0.0,0.0,0.0,1.0
465395,0,1,3400,-57,57,535,11,28,0.50,62208.000000,0,27,3.5,0.0,8800.000000,0,0.0,0.0,0.0,1.0
465644,0,1,3400,-57,57,530,11,30,0.50,41888.000000,0,27,3.5,0.0,0.0,0.0,0.0,0.0,0.0,1.0
465893,0,1,3400,-57,57,532,20,29,0.50,61888.000000,0,27,3.0,0.0,2592.000000,0,0.0,0.0,0.0,1.0
466142,0,1,3400,-56,56,528,18,30,0.50,30912.000000,0,27,3.1,0.0,13984.000000,0,0.0,0.0,0.0,1.0
466391,0,1,3400,-56,56,530,16,28,0.50,31072.000000,0,27,3.0,0.0,0.0,0.0,0.0,0.0,0.0,1.0
466640,0,1,3400,-56,56,533,19,30,0.50,41056.000000,0,27,3.0,0.0,0.0,0.0,0.0,0.0,0.0,1.0
466889,0,1,3400,-56,56,534,13,28,0.50,67520.000000,0,27,2.7,0.0,2592.000000,0,0.0,0.0,0.0,1.0
467138,0,1,3400,-56,56,531,18,30,0.50,61824.000000,0,27,4.2,0.0,31968.000000,7,0.0,0.0,0.0,1.0
467387,0,1,3400,-56,56,529,18,28,0.50,46368.000000,0,27,3.8,0.0,3136.000000,0,0.0,0.0,0.0,1.0
467636,0,1,3400,-56,56,530,18,30,0.50,36064.000000,0,27,3.5,0.0,0.0,0.0,0.0,0.0,0.0,1.0
467885,0,1,3400,-56,56,533,18,29,0.50,15456.000000,0,27,3.5,0.0,0.0,0.0,0.0,0.0,0.0,1.0
468134,0,1,3400,-56,56,533,18,30,0.50,41376.000000,0,27,3.6,0.0,4896.000000,0,0.0,0.0,0.0,1.0
468383,0,1,3400,-56,56,533,14,28,0.50,53024.000000,0,27,5.7,0.0,13792.000000,0,0.0,0.0,0.0,1.0
468632,0,1,3400,-56,56,530,19,30,0.50,41760.000000,0,27,5.9,0.0,0.0,0.0,0.0,0.0,0.0,1.0
468881,0,1,3400,-56,56,532,18,28,0.50,30912.000000,0,27,3.7,0.0,1568.000000,33,0.0,0.0,0.0,1.0
469130,0,1,3400,-56,56,530,18,30,0.50,36064.000000,0,27,3.2,0.0,15968.000000,0,0.0,0.0,0.0,1.0
469379,0,1,3400,-56,56,534,22,29,1.5,37600.000000,12,27,3.5,0.0,0.0,0.0,0.0,0.0,0.0,1.0
469628,0,1,3400,-56,56,528,17,30,0.62,41632.000000,0,27,3.5,0.0,1568.000000,0,0.0,0.0,0.0,1.0
469877,0,1,3400,-56,56,526,21,29,0.63,37696.000000,0,27,3.5,0.0,1568.000000,0,0.0,0.0,0.0,1.0
470126,0,1,3400,-56,56,528,10,30,0.51,49632.000000,0,27,4.1,0.0,42944.000000,8,0.0,0.0,0.0,1.0
470375,0,1,3400,-56,56,531,15,29,0.50,21376.000000,0,27,6.7,0.0,8768.000000,0,0.0,0.0,0.0,1.0
470624,0,1,3400,-56,56,531,19,29,0.50,36224.000000,0,27,4.1,0.0,8768.000000,0,0.0,0.0,0.0,1.0
470873,0,1,3400,-56,56,534,18,29,0.50,36320.000000,0,27,3.5,0.0,0.0,0.0,0.0,0.0,0.0,1.0
471122,0,1,3400,-56,56,531,16,30,0.50,49728.000000,0,27,3.7,0.0,32384.000000,0,0.0,0.0,0.0,1.0
471371,0,1,3400,-56,56,532,9.7,29,0.65,56576.000000,0,27,5.4,0.0,9376.000000,0,0.0,0.0,0.0,1.0
471620,0,1,3400,-56,56,536,20,30,0.63,64608.000000,0,27,4.5,0.0,0.0,0.0,0.0,0.0,0.0,1.0
471869,0,1,3400,-56,56,533,19,30,0.58,46368.000000,0,27,4.5,0.0,9376.000000,0,0.0,0.0,0.0,1.0
472118,0,1,3400,-56,56,535,18,30,0.61,41728.000000,0,27,4.3,0.0,13728.000000,0,0.0,0.0,0.0,1.0
472367,0,1,3400,-56,56,531,18,30,0.69,53440.000000,0,27,2.2,0.0,1568.000000,0,0.0,0.0,0.0,1.0
472616,0,1,3400,-56,56,529,18,30,0.50,5152.000000,0,27,2.0,0.0,0.0,0.0,0.0,0.0,0.0,1.0
472865,0,1,3400,-56,56,535,17,30,0.66,20768.000000,0,27,2.0,0.0,0.0,0.0,0.0,0.0,0.0,1.0
473114,0,1,3400,-57,57,530,19,29,0.55,46368.000000,0,27,3.7,0.0,21088.000000,0,0.0,0.0,0.0,1.0
473363,0,1,3400,-56,56,533,20,30,0.64,59328.000000,0,27,7.5,0.0,0.0,0.0,0.0,0.0,0.0,1.0
473612,0,1,3400,-56,56,532,20,29,0.65,36832.000000,0,27,6.3,0.0,4256.000000,0,0.0,0.0,0.0,1.0
473861,0,1,3400,-57,57,532,17,30,0.50,25920.000000,0,27,6.0,0.0,0.0,0.0,0.0,0.0,0.0,1.0
474110,0,1,3400,-57,57,531,20,29,0.50,37696.000000,0,27,6.7,0.0,19136.000000,0,0.0,0.0,0.0,1.0
474359,0,1,3400,-57,57,535,18,30,0.50,20768.000000,0,27,9.5,0.0,0.0,0.0,0.0,0.0,0.0,1.0
474608,0,1,3400,-57,57,534,15,29,0.50,67680.000000,0,27,9.5,0.0,0.0,0.0,0.0,0.0,0.0,1.0
474857,0,1,3400,-57,57,529,18,29,0.50,30912.000000,0,27,9.5,0.0,0.0,0.0,0.0,0.0,0.0,1.0
475106,0,1,3400,-57,57,529,18,29,0.50,15616.000000,0,27,9.5,186,0.0,0.0,0.0,0.0,0.0,1.0
475355,0,1,3400,-57,57,533,6.2,30,0.50,40832.000000,0,27,3.7,0.0,42976.000000,8,0.0,0.0,0.0,1.0
475604,0,1,3400,-57,57,532,17,29,0.50,32544.000000,0,27,5.5,0.0,4256.000000,0,0.0,0.0,0.0,1.0
475853,0,1,3400,-57,57,532,18,30,0.50,72768.000000,0,27,4.8,0.0,4256.000000,0,0.0,0.0,0.0,1.0
476102,0,1,3400,-57,57,538,16,29,0.50,36864.000000,0,27,2.8,0.0,10048.000000,0,0.0,0.0,0.0,1.0
476351,0,1,3400,-56,56,539,17,30,0.50,36640.000000,0,27,0.0,0.0,0.0,0.0,0.0,0.0,0.0,1.0
476600,0,1,3400,-56,56,530,17,29,0.50,31488.000000,0,27,3.2,0.0,4384.000000,0,0.0,0.0,0.0,1.0
476849,0,1,3400,-56,56,527,13,30,0.55,31680.000000,0,27,2.3,0.0,1568.000000,0,0.0,0.0,0.0,1.0
477098,0,1,3400,-56,56,523,17,29,0.50,36064.000000,0,27,1.5,0.0,13888.000000,0,0.0,0.0,0.0,1.0
477347,0,1,3400,-56,56,530,17,30,0.50,57280.000000,0,27,7.5,0.0,0.0,0.0,0.0,0.0,0.0,1.0
477596,0,1,3400,-56,56,532,15,29,0.50,46688.000000,0,27,7.5,0.0,0.0,0.0,0.0,0.0,0.0,1.0
477845,0,1,3400,-56,56,533,12,30,0.50,36384.000000,0,27,7.5,0.0,0.0,0.0,0.0,0.0,0.0,1.0
478094,0,1,3400,-56,56,531,14,29,0.50,20608.000000,0,27,6.6,0.0,31520.000000,0,0.0,0.0,0.0,1.0
478343,0,1,3400,-56,56,533,19,30,0.57,59072.000000,0,27,3.5,0.0,0.0,0.0,0.0,0.0,0.0,1.0
478592,0,1,3400,-56,56,535,18,29,0.68,20768.000000,0,27,3.5,0.0,0.0,0.0,0.0,0.0,0.0,1.0
478841,0,1,3400,-56,56,530,18,30,0.50,10304.000000,0,27,3.5,0.0,0.0,0.0,0.0,0.0,0.0,1.0
479090,0,1,3400,-56,56,531,17,30,0.50,25920.000000,0,27,3.5,0.0,13728.000000,0,0.0,0.0,0.0,1.0
479339,0,1,3400,-56,56,532,18,30,0.50,36064.000000,0,27,3.5,0.0,0.0,0.0,0.0,0.0,0.0,1.0
479588,0,1,3400,-56,56,534,17,29,0.59,41760.000000,0,27,3.5,0.0,0.0,0.0,0.0,0.0,0.0,1.0
479837,0,1,3400,-56,56,531,17,30,0.50,46368.000000,0,27,3.5,0.0,0.0,0.0,0.0,0.0,0.0,1.0
480086,0,1,3400,-56,56,537,18,29,0.50,36064.000000,0,27,3.9,0.0,28320.000000,0,0.0,0.0,0.0,1.0
480335,0,1,3400,-56,56,535,18,30,0.50,31232.000000,0,27,8.4,0.0,0.0,0.0,0.0,0.0,0.0,1.0
480584,0,1,3400,-56,56,527,19,30,0.50,31264.000000,0,27,8.5,0.0,0.0,0.0,0.0,0.0,0.0,1.0
480833,0,1,3400,-56,56,527,17,30,0.50,31424.000000,0,27,8.5,0.0,0.0,0.0,0.0,0.0,0.0,1.0
481082,0,1,3400,-56,56,531,17,30,0.56,62304.000000,0,27,8.9,0.0,24256.000000,20,0.0,0.0,0.0,1.0
481331,0,1,3400,-56,56,536,15,30,0.53,25920.000000,0,27,9.8,0.0,9376.000000,0,0.0,0.0,0.0,1.0
481580,0,1,3400,-56,56,531,19,30,0.50,58464.000000,0,27,8.0,0.0,0.0,0.0,0.0,0.0,0.0,1.0
481829,0,1,3400,-57,57,529,18,30,0.50,36224.000000,0,27,8.0,0.0,0.0,0.0,0.0,0.0,0.0,1.0
482078,0,1,3400,-57,57,532,16,30,0.50,25920.000000,0,27,7.2,0.0,15904.000000,0,0.0,0.0,0.0,1.0
482327,0,1,3400,-57,57,523,18,29,0.50,56992.000000,0,27,3.5,0.0,0.0,0.0,0.0,0.0,0.0,1.0
482576,0,1,3400,-57,57,527,18,30,0.50,41536.000000,0,27,3.5,0.0,0.0,0.0,0.0,0.0,0.0,1.0
482825,0,1,3400,-57,57,531,17,29,0.50,41536.000000,0,27,3.5,0.0,0.0,0.0,0.0,0.0,0.0,1.0
483074,0,1,3400,-57,57,530,12,30,0.50,28160.000000,0,27,3.5,0.0,2592.000000,0,0.0,0.0,0.0,1.0
483323,0,1,3400,-57,57,530,11,29,0.50,28704.000000,0,27,3.0,0.0,64352.000000,0,0.0,0.0,0.0,1.0
483572,0,1,3400,-57,57,528,18,30,0.50,31520.000000,0,27,2.0,0.0,0.0,0.0,0.0,0.0,0.0,1.0
483821,0,1,3400,-57,57,528,17,29,0.50,25760.000000,0,27,4.0,0.0,9376.000000,0,0.0,0.0,0.0,1.0
484070,0,1,3400,-57,57,531,15,30,0.50,41472.000000,0,27,4.9,0.0,14400.000000,0,0.0,0.0,0.0,1.0
484319,0,1,3400,-57,57,528,18,29,0.50,15456.000000,0,27,7.0,0.0,7200.000000,0,0.0,0.0,0.0,1.0
484568,0,1,3400,-57,57,530,18,30,0.54,16224.000000,0,27,6.9,0.0,0.0,0.0,0.0,0.0,0.0,1.0
484817,0,1,3400,-57,57,528,18,29,0.50,36224.000000,0,27,7.0,0.0,0.0,0.0,0.0,0.0,0.0,1.0
485066,0,1,3400,-57,57,527,13,29,0.50,42208.000000,0,27,6.9,0.0,7200.000000,0,0.0,0.0,0.0,1.0
485315,0,1,3400,-57,57,526,18,29,0.50,41216.000000,0,27,0.0,0.0,6912.000000,0,0.0,0.0,0.0,1.0
485564,0,1,3400,-57,57,531,17,29,0.50,46688.000000,0,27,0.0,0.0,0.0,0.0,0.0,0.0,0.0,1.0
485813,0,1,3400,-57,57,534,16,29,0.50,26432.000000,0,27,0.0,0.0,0.0,0.0,0.0,0.0,0.0,1.0
486062,0,1,3400,-57,57,528,17,30,0.50,20768.000000,0,27,0.056,0.0,1568.000000,0,0.0,0.0,0.0,1.0
486311,0,1,3400,-57,57,526,17,29,0.50,57312.000000,0,27,4.6,0.0,48896.000000,0,0.0,0.0,0.0,1.0
486560,0,1,3400,-57,57,527,18,30,0.50,41824.000000,0,27,6.5,0.0,0.0,0.0,0.0,0.0,0.0,1.0
486809,0,1,3400,-57,57,529,18,29,0.50,46368.000000,0,27,6.4,0.0,0.0,0.0,0.0,0.0,0.0,1.0
487058,0,1,3400,-56,56,534,18,30,0.50,25920.000000,0,27,7.0,0.0,19136.000000,0,0.0,0.0,0.0,1.0
487307,0,1,3400,-56,56,530,18,29,0.50,41536.000000,0,27,9.5,0.0,0.0,0.0,0.0,0.0,0.0,1.0
487556,0,1,3400,-56,56,530,16,30,0.50,30912.000000,0,27,8.3,0.0,4256.000000,0,0.0,0.0,0.0,1.0
487805,0,1,3400,-56,56,532,17,29,0.50,62784.000000,0,27,7.5,0.0,9376.000000,0,0.0,0.0,0.0,1.0
488054,0,1,3400,-56,56,531,19,30,0.62,41984.000000,0,27,7.9,0.0,13888.000000,0,0.0,0.0,0.0,1.0
488303,0,1,3400,-56,56,532,18,29,0.50,62144.000000,0,27,7.5,0.0,0.0,0.0,0.0,0.0,0.0,1.0
488552,0,1,3400,-56,56,533,19,30,0.50,46912.000000,0,27,6.6,0.0,2592.000000,0,0.0,0.0,0.0,1.0
488801,0,1,3400,-56,56,529,18,29,0.50,51680.000000,0,27,4.5,0.0,0.0,0.0,0.0,0.0,0.0,1.0
489050,0,1,3400,-56,56,532,18,30,0.50,25920.000000,0,27,4.6,0.0,9376.000000,0,0.0,0.0,0.0,1.0
489299,0,1,3400,-56,56,530,18,30,0.50,25920.000000,0,27,8.5,0.0,6688.000000,0,0.0,0.0,0.0,1.0
489548,0,1,3400,-56,56,527,16,30,0.50,20864.000000,0,27,8.4,0.0,0.0,0.0,0.0,0.0,0.0,1.0
489797,0,1,3400,-57,57,530,20,29,0.50,26176.000000,0,27,8.5,0.0,0.0,0.0,0.0,0.0,0.0,1.0
490046,0,1,3400,-57,57,532,15,30,0.50,30784.000000,0,27,8.3,0.0,2592.000000,0,0.0,0.0,0.0,1.0
490295,0,1,3400,-57,57,531,15,29,0.50,31968.000000,0,27,0.11,0.0,19072.000000,0,0.0,0.0,0.0,1.0
490544,0,1,3400,-57,57,532,18,29,0.50,25760.000000,0,27,0.0,0.0,0.0,0.0,0.0,0.0,0.0,1.0
490793,0,1,3400,-57,57,530,18,29,0.50,20608.000000,0,27,0.0,0.0,0.0,0.0,0.0,0.0,0.0,1.0
491042,0,1,3400,-58,58,526,18,29,0.51,41984.000000,0,27,1.4,0.0,15904.000000,0,0.0,0.0,0.0,1.0
491291,0,1,3400,-58,58,529,18,29,0.50,30912.000000,0,27,3.5,0.0,0.0,0.0,0.0,0.0,0.0,1.0
491540,0,1,3400,-58,58,530,17,29,0.50,52000.000000,0,27,3.5,0.0,0.0,0.0,0.0,0.0,0.0,1.0
491789,0,1,3400,-58,58,534,17,28,0.50,20608.000000,0,27,3.5,0.0,0.0,0.0,0.0,0.0,0.0,1.0
492038,0,1,3400,-58,58,528,15,28,0.50,37088.000000,0,27,3.6,0.0,7200.000000,0,0.0,0.0,0.0,1.0
492287,0,1,3400,-58,58,530,8.7,28,0.63,54464.000000,0,27,3.1,0.0,9120.000000,0,0.0,0.0,0.0,1.0
492536,0,1,3400,-58,58,530,18,28,0.52,82272.000000,0,27,6.8,0.0,7200.000000,0,0.0,0.0,0.0,1.0
492785,0,1,3400,-58,58,532,16,28,0.50,62176.000000,0,27,8.0,0.0,0.0,0,0.0,0.0,0.0,1.0
493034,0,1,3400,-58,58,529,16,28,0.50,56960.000000,0,27,11,0.0,26336.000000,0,0.0,0.0,0.0,1.0
493283,0,1,3400,-58,58,529,18,29,0.79,41216.000000,11,27,7.0,0.0,0.0,0.0,0.0,0.0,0.0,1.0
493532,0,1,3400,-58,58,528,16,28,1.7,25760.000000,0,27,7.0,0.0,0.0,0.0,0.0,0.0,0.0,1.0
493781,0,1,3400,-58,58,528,18,29,0.50,36544.000000,0,27,6.9,0.0,0.0,0.0,0.0,0.0,0.0,1.0
494030,0,1,3400,-59,59,531,19,28,0.50,31072.000000,0,27,6.3,0.0,45344.000000,12,0.0,0.0,0.0,1.0
494279,0,1,3400,-58,58,535,9.9,29,0.50,38816.000000,0,27,4.7,0.0,11456.000000,0,0.0,0.0,0.0,1.0
494528,0,1,3400,-58,58,537,18,28,0.50,10304.000000,0,27,4.0,0.0,0.0,0.0,0.0,0.0,0.0,1.0
494777,0,1,3400,-58,58,537,14,29,0.50,36544.000000,0,27,4.0,0.0,0.0,0.0,0.0,0.0,0.0,1.0
495026,0,1,3400,-58,58,534,16,28,0.50,31168.000000,0,27,4.6,0.0,14400.000000,0,0.0,0.0,0.0,1.0
495275,0,1,3400,-58,58,534,16,29,0.50,39168.000000,0,27,6.9,0.0,0.0,0.0,0.0,0.0,0.0,1.0
495524,0,1,3400,-58,58,534,16,28,0.50,34528.000000,0,27,6.9,0.0,0.0,0.0,0.0,0.0,0.0,1.0
495773,0,1,3400,-59,59,537,16,29,0.50,41216.000000,0,27,7.0,0.0,0.0,0.0,0.0,0.0,0.0,1.0
496022,0,1,3400,-59,59,535,18,28,0.50,67520.000000,0,27,7.0,0.0,14400.000000,0,0.0,0.0,0.0,1.0
496271,0,1,3400,-59,59,536,16,28,0.50,47008.000000,0,27,7.0,0.0,0.0,0.0,0.0,0.0,0.0,1.0
496520,0,1,3400,-59,59,536,18,28,0.50,52032.000000,0,27,7.0,0.0,0.0,0.0,0.0,0.0,0.0,1.0
496769,0,1,3400,-59,59,535,19,28,0.50,61664.000000,0,27,7.0,0.0,0.0,0.0,0.0,0.0,0.0,1.0
497018,0,1,3400,-59,59,531,17,27,0.50,26080.000000,0,27,6.9,0.0,2592.000000,0,0.0,0.0,0.0,1.0
497267,0,1,3400,-59,59,526,15,28,0.50,41376.000000,0,27,2.1,0.0,29440.000000,0,0.0,0.0,0.0,1.0
497516,0,1,3400,-60,60,530,18,27,0.50,25760.000000,0,27,2.0,0.0,0.0,0.0,0.0,0.0,0.0,1.0
497765,0,1,3400,-60,60,534,18,28,0.50,46688.000000,0,27,2.0,0.0,0.0,0.0,0.0,0.0,0.0,1.0
498014,0,1,3400,-60,60,534,18,27,0.50,25920.000000,0,27,2.5,0.0,20224.000000,0,0.0,0.0,0.0,1.0
498263,0,1,3400,-60,60,530,13,28,0.50,32896.000000,0,27,5.5,0.0,0.0,0.0,0.0,0.0,0.0,1.0
498512,0,1,3400,-60,60,532,18,27,0.50,62336.000000,0,27,5.4,0.0,0.0,0.0,0.0,0.0,0.0,1.0
498761,0,1,3400,-60,60,531,18,27,0.50,52000.000000,0,27,5.5,0.0,0.0,0.0,0.0,0.0,0.0,1.0
499010,0,1,3400,-60,60,537,18,27,0.50,41472.000000,0,27,5.3,0.0,34752.000000,6,0.0,0.0,0.0,1.0
499259,0,1,3400,-60,60,539,16,27,0.50,26016.000000,0,27,4.0,0.0,0.0,0.0,0.0,0.0,0.0,1.0
499508,0,1,3400,-60,60,532,13,27,0.50,26112.000000,0,27,4.0,0.0,0.0,0.0,0.0,0.0,0.0,1.0
499757,0,1,3400,-60,60,532,17,27,0.50,20608.000000,0,27,4.0,0.0,0.0,0.0,0.0,0.0,0.0,1.0
500006,0,1,3400,-60,60,530,18,27,0.50,30912.000000,0,27,3.4,0.0,29440.000000,0,0.0,0.0,0.0,1.0
500255,0,1,3400,-60,60,536,18,27,0.50,20608.000000,0,27,2.0,0.0,0.0,0.0,0.0,0.0,0.0,1.0
500504,0,1,3400,-60,60,534,19,28,0.50,41568.000000,0,27,2.0,0.0,0.0,0.0,0.0,0.0,0.0,1.0
500753,0,1,3400,-60,60,536,13,28,0.50,41920.000000,0,27,2.0,0.0,0.0,0.0,0.0,0.0,0.0,1.0
501002,0,1,3400,-60,60,533,13,27,0.50,29376.000000,0,27,2.4,0.0,13728.000000,14,0.0,0.0,0.0,1.0
501251,0,1,3400,-60,60,532,10,27,0.50,42848.000000,0,27,3.5,0.0,0.0,0.0,0.0,0.0,0.0,1.0
501500,0,1,3400,-60,60,531,16,27,0.50,30912.000000,0,27,5.0,0.0,9376.000000,0,0.0,0.0,0.0,1.0
501749,0,1,3400,-60,60,528,10.0,27,0.50,22016.000000,0,27,6.0,0.0,9376.000000,0,0.0,0.0,0.0,1.0
501998,0,1,3400,-60,60,533,1.7,27,0.50,17728.000000,0,27,6.7,0.0,23264.000000,14,0.0,0.0,0.0,1.0
502247,0,1,3400,-60,60,533,14,27,0.52,79072.000000,0,27,8.1,0.0,7200.000000,0,0.0,0.0,0.0,1.0
502496,0,1,3400,-60,60,534,19,27,0.73,46624.000000,0,27,7.9,0.0,7200.000000,0,0.0,0.0,0.0,1.0
502745,0,1,3400,-61,61,530,15,26,0.50,21280.000000,0,27,7.9,0.0,0.0,0.0,0.0,0.0,0.0,1.0
502994,0,1,3400,-61,61,524,17,27,0.50,41632.000000,0,27,7.7,0.0,14400.000000,0,0.0,0.0,0.0,1.0
503243,0,1,3400,-61,61,531,18,26,0.50,25920.000000,0,27,6.9,0.0,0.0,0.0,0.0,0.0,0.0,1.0
503492,0,1,3400,-61,61,525,16,26,0.55,46880.000000,0,27,6.9,0.0,0.0,0.0,0.0,0.0,0.0,1.0
503741,0,1,3400,-61,61,527,14,26,0.81,36288.000000,0,27,7.0,0.0,0.0,0.0,0.0,0.0,0.0,1.0
503990,0,1,3400,-61,61,529,18,26,0.50,25760.000000,0,27,6.2,0.0,29440.000000,9,0.0,0.0,0.0,1.0
504239,0,1,3400,-61,61,530,18,26,0.50,0.0,0.0,27,2.0,0.0,0.0,0.0,0.0,0.0,0.0,1.0
504488,0,1,3400,-61,61,533,18,26,0.50,0.0,0.0,27,2.0,0.0,0.0,0.0,0.0,0.0,0.0,1.0
504737,0,1,3400,-62,62,534,18,26,0.50,0.0,0.0,27,2.0,0.0,0.0,0.0,0.0,0.0,0.0,1.0
504986,0,1,3400,-62,62,532,18,26,0.50,0.0,0.0,27,2.0,0.0,0.0,0.0,0.0,0.0,0.0,1.0
505235,0,1,3400,-62,62,531,18,26,0.50,0.0,0.0,27,2.0,0.0,0.0,0.0,0.0,0.0,0.0,1.0
505484,0,1,3400,-62,62,530,18,26,0.50,0.0,0.0,27,2.6,0.0,4256.000000,0,0.0,0.0,0.0,1.0
505733,0,1,3400,-62,62,530,18,25,0.50,0.0,0.0,27,3.0,0.0,0.0,0.0,0.0,0.0,0.0,1.0
505982,0,1,3400,-62,62,528,18,25,0.50,0.0,0.0,27,3.0,0.0,0.0,0.0,0.0,0.0,0.0,1.0
506231,0,1,3400,-62,62,532,18,25,0.50,0.0,0.0,27,3.0,0.0,0.0,0.0,0.0,0.0,0.0,1.0
506480,0,1,3400,-62,62,535,18,25,0.50,0.0,0.0,27,3.0,0.0,0.0,0.0,0.0,0.0,0.0,1.0
506729,0,1,3400,-62,62,529,18,25,0.50,0.0,0.0,27,3.5,0.0,7200.000000,0,0.0,0.0,0.0,1.0
506978,0,1,3400,-62,62,528,18,25,0.50,0.0,0.0,27,4.4,0.0,0.0,0.0,0.0,0.0,0.0,1.0
507227,0,1,3400,-62,62,533,18,25,0.50,0.0,0.0,27,4.5,0.0,0.0,0.0,0.0,0.0,0.0,1.0
507476,0,1,3400,-62,62,533,18,25,0.50,0.0,0.0,27,4.5,0.0,0.0,0.0,0.0,0.0,0.0,1.0
507725,0,1,3400,-62,62,532,18,25,0.50,0.0,0.0,27,4.4,0.0,0.0,0.0,0.0,0.0,0.0,1.0
507974,0,1,3400,-62,62,526,18,25,0.50,0.0,0.0,27,4.5,0.0,0.0,0.0,0.0,0.0,0.0,1.0
508223,0,1,3400,-62,62,523,18,25,0.50,0.0,0.0,27,4.4,0.0,0.0,0.0,0.0,0.0,0.0,1.0
508472,0,1,3400,-62,62,533,18,25,0.50,0.0,0.0,27,4.5,0.0,0.0,0.0,0.0,0.0,0.0,1.0
508721,0,1,3400,-62,62,527,18,25,0.50,0.0,0.0,27,4.5,0.0,0.0,0.0,0.0,0.0,0.0,1.0
508970,0,1,3400,-62,62,526,18,25,0.50,0.0,0.0,27,4.5,0.0,0.0,0.0,0.0,0.0,0.0,1.0
509219,0,1,3400,-62,62,523,18,25,0.50,0.0,0.0,27,4.5,0.0,0.0,0.0,0.0,0.0,0.0,1.0
509468,0,1,3400,-62,62,524,18,25,0.50,0.0,0.0,27,4.4,0.0,0.0,0.0,0.0,0.0,0.0,1.0
509717,0,1,3400,-76,76,322,15,13,2.2,0.0,100.000000,27,4.5,0.0,0.0,0.0,0.0,0.0,0.0,1.0
509966,0,1,3400,-89,89,-92,15,0.90,2.2,0.0,0.0,27,4.4,0.0,0.0,0.0,0.0,0.0,0.0,1.0
510215,0,1,3400,-89,89,-757,15,0.97,2.2,0.0,0.0,27,4.4,0.0,0.0,0.0,0.0,0.0,0.0,1.0
510464,0,1,3400,-89,89,-901,15,0.78,2.2,0.0,0.0,27,4.5,0.0,0.0,0.0,0.0,0.0,0.0,1.0
510713,0,1,3400,-89,89,-547,15,0.97,2.3,0.0,0.0,27,4.4,0.0,0.0,0.0,0.0,0.0,0.0,1.0
510962,0,1,3400,-89,89,-547,15,0.97,2.3,0.0,0.0,27,4.4,0.0,0.0,0.0,0.0,0.0,0.0,1.0
511211,0,1,3400,-89,89,-547,15,0.97,2.3,0.0,0.0,27,4.4,0.0,0.0,0.0,0.0,0.0,0.0,1.0
511460,0,1,3400,-89,89,-547,15,0.97,2.3,0.0,0.0,27,4.4,0.0,0.0,0.0,0.0,0.0,0.0,1.0
511709,0,1,3400,-89,89,-547,15,0.97,2.3,0.0,0.0,27,4.4,0.0,0.0,0.0,0.0,0.0,0.0,0.0
511958,0,1,3400,-89,89,-547,15,0.97,2.3,0.0,0.0,27,4.4,0.0,0.0,0.0,0.0,0.0,0.0,0.0
512207,0,1,3400,-89,89,-547,15,0.97,2.3,0.0,0.0,27,4.4,0.0,0.0,0.0,0.0,0.0,0.0,0.0
512456,0,1,3400,-89,89,-547,15,0.97,2.3,0.0,0.0,27,4.4,0.0,0.0,0.0,0.0,0.0,0.0,0.0
512705,0,1,3400,-89,89,-547,15,0.97,2.3,0.0,0.0,27,4.4,0.0,0.0,0.0,0.0,0.0,0.0,0.0
512954,0,1,3400,-89,89,-547,15,0.97,2.3,0.0,0.0,27,4.4,0.0,0.0,0.0,0.0,0.0,0.0,0.0
513203,0,1,3400,-89,89,-547,15,0.97,2.3,0.0,0.0,27,4.4,0.0,0.0,0.0,0.0,0.0,0.0,0.0
513452,0,1,3400,-89,89,-547,15,0.97,2.3,0.0,0.0,27,4.4,0.0,0.0,0.0,0.0,0.0,0.0,0.0
513701,0,1,3400,-89,89,-547,15,0.97,2.3,0.0,0.0,27,4.4,0.0,0.0,0.0,0.0,0.0,0.0,0.0
513950,0,1,3400,-89,89,-547,15,0.97,2.3,0.0,0.0,27,4.4,0.0,0.0,0.0,0.0,0.0,0.0,0.0
514199,0,1,3400,-89,89,-547,15,0.97,2.3,0.0,0.0,27,4.4,0.0,0.0,0.0,0.0,0.0,0.0,0.0
514448,0,1,3400,-89,89,-547,15,0.97,2.3,0.0,0.0,27,4.4,0.0,0.0,0.0,0.0,0.0,0.0,0.0
514697,0,1,3400,-89,89,-547,15,0.97,2.3,0.0,0.0,27,4.4,0.0,0.0,0.0,0.0,0.0,0.0,0.0
514946,0,1,3400,-89,89,-547,15,0.97,2.3,0.0,0.0,27,4.4,0.0,0.0,0.0,0.0,0.0,0.0,0.0
515195,0,1,3400,-89,89,-547,15,0.97,2.3,0.0,0.0,27,4.4,0.0,0.0,0.0,0.0,0.0,0.0,0.0
515444,0,1,3400,-89,89,-547,15,0.97,2.3,0.0,0.0,27,4.4,0.0,0.0,0.0,0.0,0.0,0.0,0.0
515693,0,1,3400,-89,89,-547,15,0.97,2.3,0.0,0.0,27,4.4,0.0,0.0,0.0,0.0,0.0,0.0,0.0
515942,0,1,3400,-89,89,-547,15,0.97,2.3,0.0,0.0,27,4.4,0.0,0.0,0.0,0.0,0.0,0.0,0.0
516191,0,1,3400,-89,89,-547,15,0.97,2.3,0.0,0.0,27,4.4,0.0,0.0,0.0,0.0,0.0,0.0,0.0
516440,0,1,3400,-89,89,-547,15,0.97,2.3,0.0,0.0,27,4.4,0.0,0.0,0.0,0.0,0.0,0.0,0.0
516689,0,1,3400,-89,89,-547,15,0.97,2.3,0.0,0.0,27,4.4,0.0,0.0,0.0,0.0,0.0,0.0,0.0
516938,0,1,3400,-89,89,-547,15,0.97,2.3,0.0,0.0,27,4.4,0.0,0.0,0.0,0.0,0.0,0.0,0.0
517187,0,1,3400,-89,89,-547,15,0.97,2.3,0.0,0.0,27,4.4,0.0,0.0,0.0,0.0,0.0,0.0,0.0
517436,0,1,3400,-89,89,-547,15,0.97,2.3,0.0,0.0,27,4.4,0.0,0.0,0.0,0.0,0.0,0.0,0.0
517685,0,1,3400,-89,89,-547,15,0.97,2.3,0.0,0.0,27,4.4,0.0,0.0,0.0,0.0,0.0,0.0,0.0
517934,0,1,3400,-89,89,-547,15,0.97,2.3,0.0,0.0,27,4.4,0.0,0.0,0.0,0.0,0.0,0.0,0.0
518183,0,1,3400,-89,89,-547,15,0.97,2.3,0.0,0.0,27,4.4,0.0,0.0,0.0,0.0,0.0,0.0,0.0
518432,0,1,3400,-89,89,-547,15,0.97,2.3,0.0,0.0,27,4.4,0.0,0.0,0.0,0.0,0.0,0.0,0.0
518681,0,1,3400,-89,89,-547,15,0.97,2.3,0.0,0.0,27,4.4,0.0,0.0,0.0,0.0,0.0,0.0,0.0
518930,0,1,3400,-89,89,-547,15,0.97,2.3,0.0,0.0,27,4.4,0.0,0.0,0.0,0.0,0.0,0.0,0.0
519179,0,1,3400,-89,89,-547,15,0.97,2.3,0.0,0.0,27,4.4,0.0,0.0,0.0,0.0,0.0,0.0,0.0
519428,0,1,3400,-89,89,-547,15,0.97,2.3,0.0,0.0,27,4.4,0.0,0.0,0.0,0.0,0.0,0.0,0.0
519677,0,1,3400,-89,89,-547,15,0.97,2.3,0.0,0.0,27,4.4,0.0,0.0,0.0,0.0,0.0,0.0,0.0
519926,0,1,3400,-89,89,-547,15,0.97,2.3,0.0,0.0,27,4.4,0.0,0.0,0.0,0.0,0.0,0.0,0.0
520175,0,1,3400,-89,89,-547,15,0.97,2.3,0.0,0.0,27,4.4,0.0,0.0,0.0,0.0,0.0,0.0,0.0
520424,0,1,3400,-89,89,-547,15,0.97,2.3,0.0,0.0,27,4.4,0.0,0.0,0.0,0.0,0.0,0.0,0.0
520673,0,1,3400,-89,89,-547,15,0.97,2.3,0.0,0.0,27,4.4,0.0,0.0,0.0,0.0,0.0,0.0,0.0
520922,0,1,3400,-89,89,-547,15,0.97,2.3,0.0,0.0,27,4.4,0.0,0.0,0.0,0.0,0.0,0.0,0.0
521171,0,1,3400,-89,89,-547,15,0.97,2.3,0.0,0.0,27,4.4,0.0,0.0,0.0,0.0,0.0,0.0,