time,cc,pci,earfcn,rsrp,pl,cfo,dl_mcs,dl_snr,dl_turbo,dl_brate,dl_bler,ul_ta,ul_mcs,ul_buff,ul_brate,ul_bler,rf_o,rf_u,rf_l,is_attached
0,0,0,4294967295,0.0,0.0,0.0,0.0,0.0,0.0,0.0,0.0,0.0,0.0,0.0,0.0,0.0,0.0,0.0,0.0,0.0
249,0,0,3400,0.0,0.0,0.0,0.0,0.0,0.0,0.0,0.0,0.0,0.0,0.0,0.0,0.0,0.0,0.0,0.0,0.0
498,0,0,3400,0.0,0.0,0.0,0.0,0.0,0.0,0.0,0.0,0.0,0.0,0.0,0.0,0.0,0.0,0.0,0.0,0.0
747,0,1,3400,0.0,0.0,0.0,0.0,0.0,0.0,0.0,0.0,0.0,0.0,0.0,0.0,0.0,0.0,0.0,0.0,0.0
996,0,1,3400,0.0,0.0,0.0,0.0,0.0,0.0,0.0,0.0,0.0,0.0,0.0,0.0,0.0,0.0,0.0,0.0,0.0
1245,0,1,3400,-68,68,611,1.1,20,0.25,3004.081543,0,0.0,0.0,0.0,229,0,0.0,0.0,0.0,1.0
1490,0,1,3400,-68,68,617,2.0,20,0.49,0.0,0.0,27,0.0,33,0.0,0.0,0.0,0.0,0.0,1.0
1739,0,1,3400,-69,69,617,1.8,19,0.50,224,0,27,2.9,0.0,19392.000000,0,0.0,0.0,0.0,1.0
1988,0,1,3400,-69,69,618,1.0,19,0.50,0.0,0.0,27,11,0.0,0.0,0.0,0.0,0.0,0.0,1.0
2237,0,1,3400,-69,69,618,5.1,18,0.50,3008.000000,0,27,6.3,0.0,35840.000000,0,0.0,0.0,0.0,1.0
2486,0,1,3400,-69,69,620,5.3,18,0.50,5792.000000,0,27,2.6,36,24704.000000,0,0.0,0.0,0.0,1.0
2735,0,1,3400,-69,69,619,8.8,18,0.61,57024.000000,0,27,3.7,581,21760.000000,0,0.0,0.0,0.0,1.0
2984,0,1,3400,-69,69,619,11,17,0.59,106432.000000,0,27,8.2,581,65632.000000,15,0.0,0.0,0.0,1.0
3233,0,1,3400,-69,69,618,12,17,0.63,84448.000000,0,27,12,55,36160.000000,35,0.0,0.0,0.0,1.0
3482,0,1,3400,-69,69,618,15,17,0.83,89792.000000,4,27,6.1,0.0,58240.000000,0,0.0,0.0,0.0,1.0
3731,0,1,3400,-69,69,616,18,18,1.3,148448.000000,10,27,5.5,0.0,0.0,0.0,0.0,0.0,0.0,1.0
3980,0,1,3400,-69,69,616,16,18,0.94,146368.000000,0,27,9.5,0.0,31328.000000,0,0.0,0.0,0.0,1.0
4229,0,1,3400,-68,68,615,19,18,1.5,130848.000000,18,27,10,0.0,0.0,0.0,0.0,0.0,0.0,1.0
4478,0,1,3400,-68,68,615,14,18,0.59,112064.000000,0,27,10,0.0,0.0,0.0,0.0,0.0,0.0,1.0
4727,0,1,3400,-69,69,616,18,17,1.3,129856.000000,0,27,10,0.0,0.0,0.0,0.0,0.0,0.0,1.0
4976,0,1,3400,-69,69,617,11,17,0.69,104256.000000,0,27,11,0.0,59776.000000,0,0.0,0.0,0.0,1.0
5225,0,1,3400,-69,69,617,13,16,0.62,95872.000000,0,27,12,0.0,0.0,0.0,0.0,0.0,0.0,1.0
5474,0,1,3400,-69,69,615,11,17,0.57,92032.000000,0,27,12,0.0,0.0,0.0,0.0,0.0,0.0,1.0
5723,0,1,3400,-69,69,616,9.5,16,0.55,93504.000000,0,27,12,0.0,0.0,0.0,0.0,0.0,0.0,1.0
5972,0,1,3400,-69,69,616,9.5,16,0.53,66560.000000,0,27,9.8,0.0,45760.000000,0,0.0,0.0,0.0,1.0
6221,0,1,3400,-69,69,615,18,16,2.2,88480.000000,37,27,7.0,0.0,0.0,0.0,0.0,0.0,0.0,1.0
6470,0,1,3400,-69,69,613,14,16,0.56,85216.000000,0,27,7.0,0.0,0.0,0.0,0.0,0.0,0.0,1.0
6719,0,1,3400,-69,69,613,12,16,0.50,112320.000000,0,27,7.0,0.0,0.0,0.0,0.0,0.0,0.0,1.0
6968,0,1,3400,-69,69,611,14,17,0.67,137984.000000,0,27,6.7,0.0,56032.000000,0,0.0,0.0,0.0,1.0
7217,0,1,3400,-68,68,614,15,17,0.75,129184.000000,0,27,7.0,0.0,0.0,0.0,0.0,0.0,0.0,1.0
7466,0,1,3400,-68,68,615,12,17,0.67,96288.000000,0,27,7.0,0.0,0.0,0.0,0.0,0.0,0.0,1.0
7715,0,1,3400,-69,69,616,15,17,0.82,132608.000000,0,27,7.0,0.0,0.0,0.0,0.0,0.0,0.0,1.0
7964,0,1,3400,-69,69,614,14,17,0.58,119104.000000,0,27,7.9,0.0,46816.000000,17,0.0,0.0,0.0,1.0
8213,0,1,3400,-69,69,615,15,16,1.1,101376.000000,18,27,8.9,0.0,0.0,0.0,0.0,0.0,0.0,1.0
8462,0,1,3400,-69,69,614,22,16,2.7,55520.000000,59,27,9.0,0.0,0.0,0.0,0.0,0.0,0.0,1.0
8711,0,1,3400,-69,69,615,12,17,0.53,73664.000000,0,27,9.0,0.0,0.0,0.0,0.0,0.0,0.0,1.0
8960,0,1,3400,-69,69,612,14,17,0.59,120064.000000,0,27,6.9,0.0,31264.000000,0,0.0,0.0,0.0,1.0
9209,0,1,3400,-68,68,613,15,18,0.63,149312.000000,0,27,5.5,0.0,0.0,0.0,0.0,0.0,0.0,1.0
9458,0,1,3400,-68,68,613,17,17,0.99,160704.000000,0,27,5.5,0.0,0.0,0.0,0.0,0.0,0.0,1.0
9707,0,1,3400,-68,68,612,16,17,0.82,161408.000000,0,27,5.4,0.0,0.0,0.0,0.0,0.0,0.0,1.0
9956,0,1,3400,-68,68,613,13,17,0.60,98976.000000,0,27,2.7,0.0,63520.000000,0,0.0,0.0,0.0,1.0
10205,0,1,3400,-68,68,613,16,17,0.79,108256.000000,0,27,1.00,0.0,0.0,0.0,0.0,0.0,0.0,1.0
10454,0,1,3400,-68,68,614,14,17,0.64,126720.000000,1,27,1.0,0.0,0.0,0.0,0.0,0.0,0.0,1.0
10703,0,1,3400,-68,68,614,8.0,18,0.86,21824.000000,16,27,1.0,0.0,0.0,0.0,0.0,0.0,0.0,1.0
10952,0,1,3400,-68,68,612,15,18,1.3,69280.000000,32,27,1.0,581,0.0,0.0,0.0,0.0,0.0,1.0
11201,0,1,3400,-68,68,615,18,18,0.95,171776.000000,0,27,8.9,0.0,32512.000000,30,0.0,0.0,0.0,1.0
11450,0,1,3400,-68,68,615,16,18,2.2,43744.000000,49,27,9.0,0.0,0.0,0.0,0.0,0.0,0.0,1.0
11699,0,1,3400,-68,68,616,14,17,0.89,79584.000000,0,27,8.9,0.0,0.0,0.0,0.0,0.0,0.0,1.0
11948,0,1,3400,-68,68,613,17,18,0.95,164768.000000,0,27,5.3,0.0,52768.000000,0,0.0,0.0,0.0,1.0
12197,0,1,3400,-67,67,612,15,18,0.70,127776.000000,0,27,4.0,0.0,0.0,0.0,0.0,0.0,0.0,1.0
12446,0,1,3400,-67,67,614,19,18,1.1,125184.000000,0,27,4.0,0.0,0.0,0.0,0.0,0.0,0.0,1.0
12695,0,1,3400,-68,68,613,20,19,1.7,153248.000000,15,27,4.0,0.0,0.0,0.0,0.0,0.0,0.0,1.0
12944,0,1,3400,-68,68,612,16,18,0.80,145312.000000,0,27,7.1,103,0.0,80,0.0,0.0,0.0,1.0
13193,0,1,3400,-68,68,613,14,18,0.61,122432.000000,0,27,8.4,0.0,25600.000000,33,0.0,0.0,0.0,1.0
13442,0,1,3400,-68,68,613,18,18,1.6,140000.000000,17,27,9.0,0.0,0.0,100.000000,0.0,0.0,0.0,1.0
13691,0,1,3400,-68,68,612,17,18,0.98,137952.000000,0,27,9.0,0.0,0.0,0.0,0.0,0.0,0.0,1.0
13940,0,1,3400,-68,68,613,12,18,0.72,93408.000000,0,27,12,0.0,116096.000000,26,0.0,0.0,0.0,1.0
14189,0,1,3400,-67,67,612,16,18,0.80,173856.000000,0,27,14,0.0,0.0,0.0,0.0,0.0,0.0,1.0
14438,0,1,3400,-67,67,611,17,19,0.85,183904.000000,0,27,14,0.0,0.0,0.0,0.0,0.0,0.0,1.0
14687,0,1,3400,-67,67,611,18,18,1.00,202816.000000,0,27,14,0.0,0.0,0.0,0.0,0.0,0.0,1.0
14936,0,1,3400,-67,67,610,14,19,0.91,107264.000000,0,27,15,0.0,172128.000000,22,0.0,0.0,0.0,1.0
15185,0,1,3400,-67,67,609,17,19,1.0,171136.000000,0,27,16,0.0,0.0,0.0,0.0,0.0,0.0,1.0
15434,0,1,3400,-67,67,611,18,19,1.1,199232.000000,0,27,16,0.0,0.0,0.0,0.0,0.0,0.0,1.0
15683,0,1,3400,-67,67,610,15,19,1.9,40192.000000,52,27,16,0.0,0.0,0.0,0.0,0.0,0.0,1.0
15932,0,1,3400,-67,67,610,19,20,1.5,179456.000000,13,27,11,0.0,31264.000000,0,0.0,0.0,0.0,1.0
16181,0,1,3400,-66,66,612,17,19,0.95,153568.000000,0,27,5.5,0.0,0.0,0.0,0.0,0.0,0.0,1.0
16430,0,1,3400,-66,66,613,9.9,19,0.67,124416.000000,0,27,5.5,0.0,0.0,0.0,0.0,0.0,0.0,1.0
16679,0,1,3400,-66,66,613,19,20,0.91,140544.000000,0,27,5.5,0.0,0.0,0.0,0.0,0.0,0.0,1.0
16928,0,1,3400,-66,66,613,18,20,0.79,163296.000000,2,27,8.6,0.0,36448.000000,0,0.0,0.0,0.0,1.0
17177,0,1,3400,-66,66,613,15,20,0.70,172000.000000,0,27,10,0.0,0.0,0.0,0.0,0.0,0.0,1.0
17426,0,1,3400,-66,66,611,18,20,0.84,176992.000000,4,27,10,0.0,0.0,0.0,0.0,0.0,0.0,1.0
17675,0,1,3400,-66,66,611,21,20,1.6,174624.000000,22,27,10,0.0,0.0,0.0,0.0,0.0,0.0,1.0
17924,0,1,3400,-66,66,612,17,20,0.83,127712.000000,0,27,9.0,0.0,35328.000000,0,0.0,0.0,0.0,1.0
18173,0,1,3400,-66,66,610,15,20,0.70,178848.000000,0,27,8.4,0.0,0.0,0.0,0.0,0.0,0.0,1.0
18422,0,1,3400,-66,66,609,6.7,19,0.53,48480.000000,0,27,8.5,0.0,0.0,0.0,0.0,0.0,0.0,1.0
18671,0,1,3400,-66,66,611,19,20,0.97,110016.000000,0,27,8.5,0.0,0.0,0.0,0.0,0.0,0.0,1.0
18920,0,1,3400,-66,66,610,19,19,0.87,121504.000000,0,27,9.5,0.0,44544.000000,27,0.0,0.0,0.0,1.0
19169,0,1,3400,-66,66,609,16,20,1.1,152160.000000,5,27,10,0.0,0.0,0.0,0.0,0.0,0.0,1.0
19418,0,1,3400,-66,66,608,21,20,1.7,127936.000000,16,27,10,0.0,0.0,0.0,0.0,0.0,0.0,1.0
19667,0,1,3400,-66,66,610,19,19,0.90,165664.000000,0,27,10,0.0,0.0,0.0,0.0,0.0,0.0,1.0
19916,0,1,3400,-66,66,610,17,19,0.78,186112.000000,0,27,7.0,0.0,19328.000000,17,0.0,0.0,0.0,1.0
20165,0,1,3400,-66,66,609,19,20,0.92,185152.000000,0,27,6.0,0.0,0.0,0.0,0.0,0.0,0.0,1.0
20414,0,1,3400,-66,66,609,20,20,1.2,183904.000000,3,27,6.0,0.0,0.0,0.0,0.0,0.0,0.0,1.0
20663,0,1,3400,-66,66,612,18,20,1.7,104544.000000,27,27,6.0,0.0,0.0,0.0,0.0,0.0,0.0,1.0
20912,0,1,3400,-66,66,610,15,19,0.71,87168.000000,0,27,6.4,0.0,71488.000000,9,0.0,0.0,0.0,1.0
21161,0,1,3400,-66,66,611,18,20,0.86,105280.000000,0,27,14,0.0,0.0,0.0,0.0,0.0,0.0,1.0
21410,0,1,3400,-66,66,612,10,20,0.82,79168.000000,9,27,14,0.0,0.0,0.0,0.0,0.0,0.0,1.0
21659,0,1,3400,-66,66,611,18,20,1.1,144096.000000,10,27,14,0.0,0.0,0.0,0.0,0.0,0.0,1.0
21908,0,1,3400,-66,66,609,16,20,0.68,162272.000000,0,27,4.9,0.0,24512.000000,0,0.0,0.0,0.0,1.0
22157,0,1,3400,-65,65,609,16,19,0.64,145600.000000,0,27,2.0,0.0,0.0,0.0,0.0,0.0,0.0,1.0
22406,0,1,3400,-65,65,609,9.7,21,0.62,99392.000000,0,27,2.0,0.0,0.0,0.0,0.0,0.0,0.0,1.0
22655,0,1,3400,-65,65,610,14,22,0.97,110496.000000,10,27,2.0,0.0,0.0,0.0,0.0,0.0,0.0,1.0
22904,0,1,3400,-65,65,612,18,21,0.81,190464.000000,0,27,5.2,0.0,99232.000000,14,0.0,0.0,0.0,1.0
23153,0,1,3400,-65,65,612,20,22,0.83,240864.000000,0,27,8.0,0.0,0.0,0.0,0.0,0.0,0.0,1.0
23402,0,1,3400,-64,64,609,20,22,0.77,236192.000000,0,27,8.0,0.0,0.0,0.0,0.0,0.0,0.0,1.0
23651,0,1,3400,-64,64,607,19,22,0.64,160928.000000,0,27,8.0,0.0,0.0,0.0,0.0,0.0,0.0,1.0
23900,0,1,3400,-64,64,606,14,21,0.73,115360.000000,0,27,11,0.0,123296.000000,21,0.0,0.0,0.0,1.0
24149,0,1,3400,-64,64,608,18,21,0.72,156928.000000,0,27,12,0.0,0.0,0.0,0.0,0.0,0.0,1.0
24398,0,1,3400,-64,64,609,19,22,0.77,192128.000000,0,27,12,0.0,0.0,0.0,0.0,0.0,0.0,1.0
24647,0,1,3400,-64,64,610,20,21,0.77,169824.000000,0,27,12,0.0,0.0,0.0,0.0,0.0,0.0,1.0
24896,0,1,3400,-64,64,608,20,21,0.85,197056.000000,0,27,8.7,0.0,42784.000000,18,0.0,0.0,0.0,1.0
25145,0,1,3400,-64,64,608,22,22,1.6,215296.000000,7,27,7.5,0.0,0.0,0.0,0.0,0.0,0.0,1.0
25394,0,1,3400,-64,64,608,20,22,0.87,154272.000000,0,27,7.5,0.0,0.0,0.0,0.0,0.0,0.0,1.0
25643,0,1,3400,-64,64,607,19,21,0.80,168896.000000,0,27,7.5,0.0,0.0,0.0,0.0,0.0,0.0,1.0
25892,0,1,3400,-64,64,607,16,21,0.62,161440.000000,0,27,1.8,0.0,33056.000000,6,0.0,0.0,0.0,1.0
26141,0,1,3400,-64,64,608,18,22,0.70,154880.000000,0,27,0.0,0.0,0.0,0.0,0.0,0.0,0.0,1.0
26390,0,1,3400,-64,64,607,17,22,0.71,187584.000000,0,27,0.0,0.0,0.0,0.0,0.0,0.0,0.0,1.0
26639,0,1,3400,-64,64,607,27,21,3.6,46144.000000,83,27,0.0,0.0,0.0,0.0,0.0,0.0,0.0,1.0
26888,0,1,3400,-64,64,608,21,21,1.4,143296.000000,19,27,0.24,0.0,23776.000000,0,0.0,0.0,0.0,1.0
27137,0,1,3400,-64,64,607,4.6,21,0.51,37376.000000,0,27,0.0,0.0,0.0,0.0,0.0,0.0,0.0,1.0
27386,0,1,3400,-64,64,609,20,21,0.80,227712.000000,1,27,0.0,0.0,0.0,0.0,0.0,0.0,0.0,1.0
27635,0,1,3400,-64,64,608,18,20,0.69,325568.000000,0,27,0.0,581,0.0,0.0,0.0,0.0,0.0,1.0
27884,0,1,3400,-64,64,608,15,20,0.78,418144.000000,0,27,9.8,0.0,80096.000000,18,0.0,0.0,0.0,1.0
28133,0,1,3400,-64,64,608,19,20,0.69,376320.000000,0,27,11,0.0,0.0,0.0,0.0,0.0,0.0,1.0
28382,0,1,3400,-64,64,606,21,20,1.2,421824.000000,3,27,12,0.0,0.0,0.0,0.0,0.0,0.0,1.0
28631,0,1,3400,-64,64,606,15,21,1.2,273088.000000,2,27,12,0.0,0.0,0.0,0.0,0.0,0.0,1.0
28880,0,1,3400,-64,64,608,10,21,0.58,220032.000000,0,27,9.6,0.0,59008.000000,39,0.0,0.0,0.0,1.0
29129,0,1,3400,-64,64,607,8.9,21,0.54,175072.000000,0,27,9.0,0.0,0.0,0.0,0.0,0.0,0.0,1.0
29378,0,1,3400,-63,63,606,19,21,0.69,386400.000000,0,27,9.0,0.0,0.0,0.0,0.0,0.0,0.0,1.0
29627,0,1,3400,-63,63,606,13,21,0.59,301344.000000,0,27,9.0,581,0.0,0.0,0.0,0.0,0.0,1.0
29876,0,1,3400,-63,63,607,19,22,0.65,428320.000000,0,27,9.5,0.0,65600.000000,15,0.0,0.0,0.0,1.0
30125,0,1,3400,-63,63,608,9.5,22,0.56,241760.000000,0,27,11,0.0,0.0,0.0,0.0,0.0,0.0,1.0
30374,0,1,3400,-62,62,610,16,22,0.65,366880.000000,0,27,11,0.0,0.0,0.0,0.0,0.0,0.0,1.0
30623,0,1,3400,-62,62,608,19,22,0.67,374464.000000,0,27,11,581,0.0,0.0,0.0,0.0,0.0,1.0
30872,0,1,3400,-62,62,606,19,22,0.75,447872.000000,0,27,4.7,0.0,54080.000000,0,0.0,0.0,0.0,1.0
31121,0,1,3400,-62,62,606,13,22,0.63,304640.000000,0,27,4.5,0.0,0.0,0.0,0.0,0.0,0.0,1.0
31370,0,1,3400,-62,62,607,15,22,0.56,389984.000000,0,27,4.5,0.0,0.0,0.0,0.0,0.0,0.0,1.0
31619,0,1,3400,-63,63,606,12,22,0.55,202592.000000,0,27,4.5,581,0.0,0.0,0.0,0.0,0.0,1.0
31868,0,1,3400,-63,63,606,4.9,21,0.56,85152.000000,0,27,0.67,0.0,25568.000000,0,0.0,0.0,0.0,1.0
32117,0,1,3400,-63,63,606,19,21,0.73,365984.000000,0,27,0.0,0.0,0.0,0.0,0.0,0.0,0.0,1.0
32366,0,1,3400,-63,63,605,11,21,0.57,220704.000000,0,27,0.0,0.0,0.0,0.0,0.0,0.0,0.0,1.0
32615,0,1,3400,-63,63,606,17,21,0.71,346016.000000,0,27,0.036,0.0,0.0,0.0,0.0,0.0,0.0,1.0
32864,0,1,3400,-63,63,607,3.9,21,0.57,97600.000000,0,27,0.22,0.0,54656.000000,25,0.0,0.0,0.0,1.0
33113,0,1,3400,-63,63,605,14,21,0.62,288896.000000,0,27,0.0,0.0,0.0,0.0,0.0,0.0,0.0,1.0
33362,0,1,3400,-63,63,605,12,21,0.60,222720.000000,0,27,0.036,0.0,0.0,0.0,0.0,0.0,0.0,1.0
33611,0,1,3400,-63,63,607,19,21,0.70,359840.000000,0,27,0.0,581,0.0,0.0,0.0,0.0,0.0,1.0
33860,0,1,3400,-63,63,604,16,21,0.72,377952.000000,0,27,0.33,0.0,37792.000000,39,0.0,0.0,0.0,1.0
34109,0,1,3400,-63,63,605,19,21,0.66,444160.000000,0,27,0.0,0.0,0.0,0.0,0.0,0.0,0.0,1.0
34358,0,1,3400,-63,63,603,15,21,0.68,230112.000000,0,27,0.036,0.0,0.0,0.0,0.0,0.0,0.0,1.0
34607,0,1,3400,-63,63,604,19,21,0.64,368192.000000,0,27,0.0,0.0,0.0,0.0,0.0,0.0,0.0,1.0
34856,0,1,3400,-63,63,604,11,21,0.54,202848.000000,0,27,0.70,0.0,33088.000000,10,0.0,0.0,0.0,1.0
35105,0,1,3400,-63,63,605,7.9,20,1.1,70304.000000,17,27,1.00,0.0,0.0,0.0,0.0,0.0,0.0,1.0
35354,0,1,3400,-63,63,605,4.8,21,0.51,94368.000000,0,27,1.0,0.0,0.0,0.0,0.0,0.0,0.0,1.0
35603,0,1,3400,-63,63,608,18,21,0.62,373824.000000,0,27,1.0,0.0,0.0,0.0,0.0,0.0,0.0,1.0
35852,0,1,3400,-63,63,606,15,21,0.57,263264.000000,0,27,0.76,0.0,27264.000000,27,0.0,0.0,0.0,1.0
36101,0,1,3400,-63,63,603,18,21,0.61,288960.000000,0,27,0.0,0.0,0.0,0.0,0.0,0.0,0.0,1.0
36350,0,1,3400,-63,63,604,18,21,0.81,392736.000000,0,27,0.036,0.0,0.0,0.0,0.0,0.0,0.0,1.0
36599,0,1,3400,-63,63,607,18,21,0.69,340704.000000,0,27,0.036,0.0,0.0,0.0,0.0,0.0,0.0,1.0
36848,0,1,3400,-63,63,608,19,21,0.67,423744.000000,0,27,0.26,0.0,58400.000000,10,0.0,0.0,0.0,1.0
37097,0,1,3400,-63,63,606,13,20,0.54,237792.000000,0,27,0.072,0.0,0.0,0.0,0.0,0.0,0.0,1.0
37346,0,1,3400,-63,63,605,17,21,0.58,360864.000000,0,27,0.0,0.0,0.0,0.0,0.0,0.0,0.0,1.0
37595,0,1,3400,-64,64,605,19,21,0.74,404992.000000,0,27,0.0,581,0.0,0.0,0.0,0.0,0.0,1.0
37844,0,1,3400,-64,64,605,19,21,0.70,374688.000000,0,27,0.12,0.0,41888.000000,0,0.0,0.0,0.0,1.0
38093,0,1,3400,-64,64,605,19,21,0.87,402080.000000,0,27,0.036,0.0,0.0,0.0,0.0,0.0,0.0,1.0
38342,0,1,3400,-64,64,605,10.0,20,0.62,188608.000000,0,27,0.0,0.0,0.0,0.0,0.0,0.0,0.0,1.0
38591,0,1,3400,-65,65,603,6.0,20,0.50,103488.000000,0,27,0.036,0.0,0.0,0.0,0.0,0.0,0.0,1.0
38840,0,1,3400,-65,65,603,15,20,2.2,30848.000000,53,27,0.0,0.0,0.0,0.0,0.0,0.0,0.0,1.0
39089,0,1,3400,-65,65,605,12,19,0.58,272000.000000,0,27,0.60,0.0,51072.000000,31,0.0,0.0,0.0,1.0
39338,0,1,3400,-65,65,606,11,19,0.52,213120.000000,0,27,0.0,0.0,0.0,0.0,0.0,0.0,0.0,1.0
39587,0,1,3400,-65,65,607,4.9,20,0.55,97408.000000,0,27,0.0,581,0.0,0.0,0.0,0.0,0.0,1.0
39836,0,1,3400,-65,65,606,18,20,0.64,343616.000000,0,27,1.7,0.0,30144.000000,19,0.0,0.0,0.0,1.0
40085,0,1,3400,-65,65,606,19,20,0.73,440096.000000,0,27,2.0,0.0,0.0,0.0,0.0,0.0,0.0,1.0
40334,0,1,3400,-64,64,603,9.7,20,0.60,198080.000000,0,27,2.0,0.0,0.0,0.0,0.0,0.0,0.0,1.0
40583,0,1,3400,-64,64,602,9.3,20,0.60,170336.000000,0,27,2.0,0.0,0.0,0.0,0.0,0.0,0.0,1.0
40832,0,1,3400,-64,64,604,18,20,1.1,276992.000000,4,27,3.4,0.0,37504.000000,19,0.0,0.0,0.0,1.0
41081,0,1,3400,-64,64,604,18,20,0.78,357952.000000,0,27,4.5,0.0,0.0,0.0,0.0,0.0,0.0,1.0
41330,0,1,3400,-64,64,603,23,20,1.8,444800.000000,15,27,4.5,0.0,0.0,0.0,0.0,0.0,0.0,1.0
41579,0,1,3400,-65,65,604,19,20,0.82,364000.000000,0,27,4.5,0.0,0.0,0.0,0.0,0.0,0.0,1.0
41828,0,1,3400,-65,65,605,15,19,0.77,329664.000000,0,27,4.7,0.0,43168.000000,11,0.0,0.0,0.0,1.0
42077,0,1,3400,-65,65,606,16,19,0.75,332096.000000,0,27,4.5,0.0,0.0,0.0,0.0,0.0,0.0,1.0
42326,0,1,3400,-65,65,605,19,19,0.82,362432.000000,0,27,4.5,0.0,0.0,0.0,0.0,0.0,0.0,1.0
42575,0,1,3400,-65,65,604,20,19,0.89,366816.000000,0,27,4.5,0.0,0.0,0.0,0.0,0.0,0.0,1.0
42824,0,1,3400,-65,65,605,20,20,1.0,483680.000000,0,27,3.6,0.0,40448.000000,30,0.0,0.0,0.0,1.0
43073,0,1,3400,-65,65,605,19,20,0.65,448128.000000,0,27,3.5,0.0,0.0,0.0,0.0,0.0,0.0,1.0
43322,0,1,3400,-64,64,604,18,20,0.63,293792.000000,0,27,3.5,0.0,0.0,0.0,0.0,0.0,0.0,1.0
43571,0,1,3400,-65,65,602,26,20,3.0,325504.000000,49,27,3.5,0.0,0.0,0.0,0.0,0.0,0.0,1.0
43820,0,1,3400,-65,65,601,26,20,3.2,266720.000000,48,27,3.5,0.0,0.0,0.0,0.0,0.0,0.0,1.0
44069,0,1,3400,-65,65,603,7.3,19,0.58,144352.000000,0,27,3.6,455,0.0,0,0.0,0.0,0.0,1.0
44318,0,1,3400,-65,65,604,18,19,0.85,344928.000000,0,27,2.8,0.0,21952.000000,46,0.0,0.0,0.0,1.0
44567,0,1,3400,-65,65,602,12,19,0.58,240256.000000,0,27,3.0,0.0,0.0,0.0,0.0,0.0,0.0,1.0
44816,0,1,3400,-65,65,602,0.96,19,0.50,27808.000000,0,27,3.0,0.0,0.0,0.0,0.0,0.0,0.0,1.0
45065,0,1,3400,-65,65,601,18,19,0.89,299712.000000,0,27,4.7,0.0,54240.000000,34,0.0,0.0,0.0,1.0
45314,0,1,3400,-65,65,602,16,19,0.71,363232.000000,0,27,5.4,0.0,0.0,0.0,0.0,0.0,0.0,1.0
45563,0,1,3400,-65,65,603,16,19,0.70,315840.000000,0,27,5.5,0.0,0.0,0.0,0.0,0.0,0.0,1.0
45812,0,1,3400,-65,65,605,18,19,0.79,376832.000000,0,27,3.4,0.0,52032.000000,25,0.0,0.0,0.0,1.0
46061,0,1,3400,-65,65,604,18,19,0.82,302560.000000,0,27,3.0,0.0,0.0,0.0,0.0,0.0,0.0,1.0
46310,0,1,3400,-65,65,602,18,19,0.81,368928.000000,0,27,3.0,0.0,0.0,0.0,0.0,0.0,0.0,1.0
46559,0,1,3400,-65,65,601,19,19,0.88,344768.000000,0,27,3.0,0.0,0.0,0.0,0.0,0.0,0.0,1.0
46808,0,1,3400,-65,65,602,13,19,0.74,332512.000000,0,27,2.1,0.0,75552.000000,39,0.0,0.0,0.0,1.0
47057,0,1,3400,-65,65,602,19,19,0.90,378240.000000,0,27,2.0,0.0,0.0,0.0,0.0,0.0,0.0,1.0
47306,0,1,3400,-65,65,604,18,19,0.82,355424.000000,0,27,2.0,0.0,0.0,0.0,0.0,0.0,0.0,1.0
47555,0,1,3400,-65,65,604,18,19,0.79,327744.000000,0,27,2.0,0.0,0.0,0.0,0.0,0.0,0.0,1.0
47804,0,1,3400,-65,65,605,17,20,0.85,327008.000000,0,27,1.7,0.0,25888.000000,38,0.0,0.0,0.0,1.0
48053,0,1,3400,-65,65,602,8.7,20,0.53,182336.000000,0,27,0.0,0.0,0.0,0.0,0.0,0.0,0.0,1.0
48302,0,1,3400,-64,64,600,27,20,3.6,123520.000000,82,27,0.0,0.0,0.0,0.0,0.0,0.0,0.0,1.0
48551,0,1,3400,-65,65,600,27,20,3.7,121728.000000,82,27,0.0,0.0,0.0,0.0,0.0,0.0,0.0,1.0
48800,0,1,3400,-65,65,600,28,19,3.9,40576.000000,94,27,0.0,0.0,0.0,0.0,0.0,0.0,0.0,1.0
49049,0,1,3400,-65,65,601,28,19,4.0,10144.000000,98,27,0.0,0.0,0.0,0.0,0.0,0.0,0.0,1.0
49298,0,1,3400,-65,65,602,28,19,3.8,52512.000000,92,27,0.0,0.0,0.0,0.0,0.0,0.0,0.0,1.0
49547,0,1,3400,-65,65,604,27,19,4.0,40576.000000,94,27,0.0,0.0,0.0,0.0,0.0,0.0,0.0,1.0
49796,0,1,3400,-65,65,602,28,19,4.0,30432.000000,96,27,0.0,0.0,0.0,0.0,0.0,0.0,0.0,1.0
50045,0,1,3400,-65,65,602,21,19,1.9,248800.000000,28,27,1.2,725,0.0,67,0.0,0.0,0.0,1.0
50294,0,1,3400,-65,65,604,14,19,0.64,306496.000000,0,27,2.8,0.0,47968.000000,46,0.0,0.0,0.0,1.0
50543,0,1,3400,-66,66,602,18,19,0.75,291072.000000,0,27,3.0,581,0.0,0.0,0.0,0.0,0.0,1.0
50792,0,1,3400,-66,66,602,13,18,0.59,261856.000000,0,27,1.8,0.0,31360.000000,48,0.0,0.0,0.0,1.0
51041,0,1,3400,-66,66,601,17,18,0.77,318816.000000,0,27,2.0,0.0,0.0,0.0,0.0,0.0,0.0,1.0
51290,0,1,3400,-66,66,600,16,18,1.2,342400.000000,0,27,2.0,0.0,0.0,0.0,0.0,0.0,0.0,1.0
51539,0,1,3400,-66,66,600,5.6,18,0.61,121408.000000,0,27,2.0,0.0,0.0,0.0,0.0,0.0,0.0,1.0
51788,0,1,3400,-66,66,600,19,18,1.3,342272.000000,5,27,1.6,0.0,27968.000000,33,0.0,0.0,0.0,1.0
52037,0,1,3400,-66,66,599,24,18,2.4,232064.000000,39,27,0.0,0.0,0.0,0.0,0.0,0.0,0.0,1.0
52286,0,1,3400,-66,66,600,16,18,0.92,293216.000000,4,27,0.0,0.0,0.0,0.0,0.0,0.0,0.0,1.0
52535,0,1,3400,-66,66,600,14,18,0.50,256928.000000,0,27,0.0,0.0,0.0,0.0,0.0,0.0,0.0,1.0
52784,0,1,3400,-66,66,599,15,18,0.61,281600.000000,0,27,0.76,0.0,32832.000000,19,0.0,0.0,0.0,1.0
53033,0,1,3400,-66,66,601,16,19,0.76,314944.000000,0,27,3.0,0.0,0.0,0.0,0.0,0.0,0.0,1.0
53282,0,1,3400,-65,65,601,17,19,0.75,387616.000000,0,27,3.0,0.0,0.0,0.0,0.0,0.0,0.0,1.0
53531,0,1,3400,-66,66,601,18,19,0.90,379104.000000,0,27,3.0,0.0,0.0,0.0,0.0,0.0,0.0,1.0
53780,0,1,3400,-66,66,601,20,18,1.2,393024.000000,3,27,0.88,0.0,9632.000000,61,0.0,0.0,0.0,1.0
54029,0,1,3400,-66,66,603,15,18,0.75,313440.000000,0,27,0.0,0.0,0.0,0.0,0.0,0.0,0.0,1.0
54278,0,1,3400,-66,66,602,12,18,0.50,221920.000000,0,27,0.0,0.0,0.0,0.0,0.0,0.0,0.0,1.0
54527,0,1,3400,-66,66,600,15,18,0.56,324128.000000,0,27,0.0,0.0,0.0,0.0,0.0,0.0,0.0,1.0
54776,0,1,3400,-66,66,601,9.3,18,0.50,169056.000000,0,27,0.60,0.0,26784.000000,30,0.0,0.0,0.0,1.0
55025,0,1,3400,-66,66,600,6.3,18,0.51,126112.000000,0,27,2.0,0.0,0.0,0.0,0.0,0.0,0.0,1.0
55274,0,1,3400,-66,66,601,12,18,0.58,184480.000000,0,27,2.0,0.0,0.0,0.0,0.0,0.0,0.0,1.0
55523,0,1,3400,-67,67,602,15,18,0.58,255040.000000,0,27,2.0,0.0,0.0,0.0,0.0,0.0,0.0,1.0
55772,0,1,3400,-67,67,600,11,18,0.57,182816.000000,0,27,1.9,0.0,19328.000000,55,0.0,0.0,0.0,1.0
56021,0,1,3400,-67,67,600,11,17,0.50,200128.000000,0,27,2.0,0.0,0.0,0.0,0.0,0.0,0.0,1.0
56270,0,1,3400,-67,67,600,7.8,18,0.52,128832.000000,0,27,2.0,0.0,0.0,0.0,0.0,0.0,0.0,1.0
56519,0,1,3400,-67,67,600,7.9,18,0.52,208416.000000,0,27,2.0,0.0,0.0,0.0,0.0,0.0,0.0,1.0
56768,0,1,3400,-67,67,601,16,17,1.6,372192.000000,0,27,1.9,0.0,27552.000000,47,0.0,0.0,0.0,1.0
57017,0,1,3400,-67,67,600,14,17,0.57,281920.000000,0,27,2.0,0.0,0.0,0.0,0.0,0.0,0.0,1.0
57266,0,1,3400,-67,67,598,14,17,0.52,331616.000000,0,27,2.0,0.0,0.0,0.0,0.0,0.0,0.0,1.0
57515,0,1,3400,-68,68,599,14,17,0.54,268544.000000,0,27,2.0,581,0.0,0.0,0.0,0.0,0.0,1.0
57764,0,1,3400,-68,68,600,11,17,0.56,230816.000000,0,27,0.92,0.0,30912.000000,40,0.0,0.0,0.0,1.0
58013,0,1,3400,-68,68,601,14,16,0.53,175776.000000,0,27,0.0,0.0,0.0,0.0,0.0,0.0,0.0,1.0
58262,0,1,3400,-68,68,601,14,17,0.57,257408.000000,0,27,0.0,0.0,0.0,0.0,0.0,0.0,0.0,1.0
58511,0,1,3400,-68,68,597,12,17,0.52,217632.000000,0,27,0.0,0.0,0.0,0.0,0.0,0.0,0.0,1.0
58760,0,1,3400,-68,68,599,9.7,16,0.51,156448.000000,0,27,3.0,0.0,37888.000000,33,0.0,0.0,0.0,1.0
59009,0,1,3400,-67,67,601,14,17,0.85,300448.000000,0,27,4.0,0.0,0.0,0.0,0.0,0.0,0.0,1.0
59258,0,1,3400,-67,67,603,16,17,0.84,356544.000000,0,27,4.0,0.0,0.0,0.0,0.0,0.0,0.0,1.0
59507,0,1,3400,-67,67,599,6.4,17,0.50,119264.000000,0,27,4.0,0.0,0.0,0.0,0.0,0.0,0.0,1.0
59756,0,1,3400,-67,67,599,15,17,1.00,346016.000000,0,27,7.0,0.0,58624.000000,46,0.0,0.0,0.0,1.0
60005,0,1,3400,-67,67,599,9.9,17,0.52,193984.000000,0,27,9.0,0.0,0.0,0.0,0.0,0.0,0.0,1.0
60254,0,1,3400,-67,67,599,4.7,17,0.51,102688.000000,0,27,9.0,0.0,0.0,0.0,0.0,0.0,0.0,1.0
60503,0,1,3400,-68,68,600,6.9,17,0.50,134208.000000,0,27,9.0,0.0,0.0,0.0,0.0,0.0,0.0,1.0
60752,0,1,3400,-68,68,599,19,17,2.3,57504.000000,49,27,9.0,0.0,0.0,0.0,0.0,0.0,0.0,1.0
61001,0,1,3400,-68,68,599,15,16,1.3,173664.000000,19,27,6.2,0.0,24992.000000,41,0.0,0.0,0.0,1.0
61250,0,1,3400,-68,68,598,15,16,0.75,248032.000000,0,27,5.4,0.0,0.0,0.0,0.0,0.0,0.0,1.0
61499,0,1,3400,-68,68,600,13,16,0.57,253440.000000,0,27,5.5,0.0,0.0,0.0,0.0,0.0,0.0,1.0
61748,0,1,3400,-68,68,599,12,17,0.60,226368.000000,0,27,4.7,0.0,44032.000000,37,0.0,0.0,0.0,1.0
61997,0,1,3400,-68,68,598,14,16,0.63,303776.000000,0,27,1.00,0.0,0.0,0.0,0.0,0.0,0.0,1.0
62246,0,1,3400,-68,68,597,14,16,0.56,228032.000000,0,27,1.0,0.0,0.0,0.0,0.0,0.0,0.0,1.0
62495,0,1,3400,-68,68,598,12,16,0.55,136256.000000,0,27,1.0,0.0,0.0,0.0,0.0,0.0,0.0,1.0
62744,0,1,3400,-68,68,598,12,16,0.50,176320.000000,0,27,3.6,0.0,47200.000000,46,0.0,0.0,0.0,1.0
62993,0,1,3400,-68,68,599,8.0,15,0.50,122592.000000,0,27,4.5,0.0,0.0,0.0,0.0,0.0,0.0,1.0
63242,0,1,3400,-68,68,600,12,16,0.52,175808.000000,0,27,4.5,0.0,0.0,0.0,0.0,0.0,0.0,1.0
63491,0,1,3400,-68,68,599,26,16,3.5,18624.000000,90,27,4.5,0.0,0.0,0.0,0.0,0.0,0.0,1.0
63740,0,1,3400,-68,68,600,28,16,4.0,0.0,100.000000,27,4.5,0.0,0.0,0.0,0.0,0.0,0.0,1.0
63989,0,1,3400,-68,68,599,27,16,3.9,4704.000000,95,27,4.5,0.0,0.0,0.0,0.0,0.0,0.0,1.0
64238,0,1,3400,-68,68,599,5.9,16,0.50,97152.000000,0,27,4.2,0.0,72032.000000,38,0.0,0.0,0.0,1.0
64487,0,1,3400,-68,68,600,13,17,1.4,155200.000000,15,27,6.5,0.0,0.0,100.000000,0.0,0.0,0.0,1.0
64736,0,1,3400,-68,68,599,16,17,1.1,286944.000000,2,27,2.7,0.0,31104.000000,41,0.0,0.0,0.0,1.0
64985,0,1,3400,-67,67,596,14,17,0.57,264928.000000,0,27,2.0,0.0,0.0,0.0,0.0,0.0,0.0,1.0
65234,0,1,3400,-67,67,598,8.3,17,0.53,153632.000000,0,27,2.0,0.0,0.0,0.0,0.0,0.0,0.0,1.0
65483,0,1,3400,-67,67,600,15,18,0.78,375712.000000,0,27,2.0,0.0,0.0,0.0,0.0,0.0,0.0,1.0
65732,0,1,3400,-67,67,599,14,18,0.52,308928.000000,0,27,3.5,0.0,44896.000000,41,0.0,0.0,0.0,1.0
65981,0,1,3400,-67,67,599,14,18,0.58,269344.000000,0,27,4.0,0.0,0.0,0.0,0.0,0.0,0.0,1.0
66230,0,1,3400,-66,66,597,17,18,0.82,379840.000000,0,27,4.0,0.0,0.0,0.0,0.0,0.0,0.0,1.0
66479,0,1,3400,-66,66,598,18,18,0.98,336288.000000,0,27,4.0,0.0,0.0,0.0,0.0,0.0,0.0,1.0
66728,0,1,3400,-66,66,600,11,18,0.58,178176.000000,0,27,4.1,0.0,58656.000000,19,0.0,0.0,0.0,1.0
66977,0,1,3400,-66,66,598,11,18,0.51,200544.000000,0,27,4.5,0.0,0.0,0.0,0.0,0.0,0.0,1.0
67226,0,1,3400,-66,66,596,19,18,0.97,379936.000000,0,27,9.6,0.0,3104.000000,33,0.0,0.0,0.0,1.0
67475,0,1,3400,-67,67,596,15,18,0.78,286464.000000,0,27,10,0.0,0.0,0.0,0.0,0.0,0.0,1.0
67724,0,1,3400,-67,67,598,9.1,18,0.72,211392.000000,0,27,5.5,0.0,45728.000000,38,0.0,0.0,0.0,1.0
67973,0,1,3400,-67,67,598,12,17,0.52,257696.000000,0,27,4.5,0.0,0.0,0.0,0.0,0.0,0.0,1.0
68222,0,1,3400,-67,67,597,14,17,0.54,251008.000000,0,27,4.5,0.0,0.0,0.0,0.0,0.0,0.0,1.0
68471,0,1,3400,-67,67,598,17,17,0.92,297728.000000,0,27,4.5,0.0,0.0,0.0,0.0,0.0,0.0,1.0
68720,0,1,3400,-67,67,599,17,17,0.95,353088.000000,0,27,3.2,0.0,39072.000000,33,0.0,0.0,0.0,1.0
68969,0,1,3400,-67,67,599,14,17,0.54,304000.000000,0,27,3.0,0.0,0.0,0.0,0.0,0.0,0.0,1.0
69218,0,1,3400,-67,67,597,17,17,1.2,216000.000000,25,27,3.0,0.0,0.0,0.0,0.0,0.0,0.0,1.0
69467,0,1,3400,-67,67,597,26,17,3.6,24640.000000,84,27,3.0,0.0,0.0,0.0,0.0,0.0,0.0,1.0
69716,0,1,3400,-67,67,600,12,17,0.51,236000.000000,0,27,2.4,0.0,16640.000000,25,0.0,0.0,0.0,1.0
69965,0,1,3400,-66,66,598,2.4,18,0.50,56000.000000,0,27,2.0,0.0,0.0,0.0,0.0,0.0,0.0,1.0
70214,0,1,3400,-66,66,599,13,18,0.68,302368.000000,0,27,2.0,0.0,0.0,0.0,0.0,0.0,0.0,1.0
70463,0,1,3400,-66,66,601,13,18,0.78,208064.000000,0,27,2.0,0.0,0.0,0.0,0.0,0.0,0.0,1.0
70712,0,1,3400,-66,66,599,20,18,2.0,274784.000000,38,27,3.3,0.0,25536.000000,46,0.0,0.0,0.0,1.0
70961,0,1,3400,-66,66,598,11,18,0.51,251200.000000,0,27,4.0,0.0,0.0,0.0,0.0,0.0,0.0,1.0
71210,0,1,3400,-66,66,597,14,18,0.81,285024.000000,0,27,4.0,0.0,0.0,0.0,0.0,0.0,0.0,1.0
71459,0,1,3400,-67,67,598,12,18,0.64,250048.000000,0,27,4.0,0.0,0.0,0.0,0.0,0.0,0.0,1.0
71708,0,1,3400,-67,67,597,8.7,18,0.61,132064.000000,0,27,2.5,0.0,40960.000000,0,0.0,0.0,0.0,1.0
71957,0,1,3400,-67,67,598,14,17,0.54,258848.000000,0,27,2.0,0.0,0.0,0.0,0.0,0.0,0.0,1.0
72206,0,1,3400,-67,67,595,15,17,0.73,236736.000000,0,27,2.0,0.0,0.0,0.0,0.0,0.0,0.0,1.0
72455,0,1,3400,-68,68,595,17,17,1.1,315136.000000,0,27,2.0,0.0,0.0,0.0,0.0,0.0,0.0,1.0
72704,0,1,3400,-68,68,594,14,16,1.6,103392.000000,36,27,1.5,0.0,32768.000000,16,0.0,0.0,0.0,1.0
72953,0,1,3400,-68,68,594,9.4,16,0.64,150304.000000,0,27,0.0,0.0,0.0,0.0,0.0,0.0,0.0,1.0
73202,0,1,3400,-68,68,596,8.5,16,0.52,148576.000000,0,27,0.0,0.0,0.0,0.0,0.0,0.0,0.0,1.0
73451,0,1,3400,-69,69,597,7.3,16,0.54,160352.000000,0,27,0.0,0.0,0.0,0.0,0.0,0.0,0.0,1.0
73700,0,1,3400,-69,69,598,9.4,16,0.69,207520.000000,0,27,3.3,0.0,78368.000000,23,0.0,0.0,0.0,1.0
73949,0,1,3400,-69,69,597,12,16,1.1,262624.000000,0,27,9.0,0.0,0.0,0.0,0.0,0.0,0.0,1.0
74198,0,1,3400,-69,69,599,11,15,0.53,202080.000000,0,27,9.0,0.0,0.0,0.0,0.0,0.0,0.0,1.0
74447,0,1,3400,-69,69,599,5.4,15,0.53,106528.000000,0,27,9.0,0.0,0.0,0.0,0.0,0.0,0.0,1.0
74696,0,1,3400,-69,69,596,11,15,0.53,189856.000000,0,27,8.5,0.0,104928.000000,15,0.0,0.0,0.0,1.0
74945,0,1,3400,-69,69,595,12,15,0.54,189760.000000,0,27,9.0,0.0,0.0,0.0,0.0,0.0,0.0,1.0
75194,0,1,3400,-69,69,597,4.1,15,0.50,93920.000000,0,27,9.0,0.0,0.0,0.0,0.0,0.0,0.0,1.0
75443,0,1,3400,-69,69,597,22,15,2.7,58752.000000,65,27,9.0,0.0,0.0,0.0,0.0,0.0,0.0,1.0
75692,0,1,3400,-69,69,597,6.3,16,0.53,106304.000000,0,27,8.5,0.0,94752.000000,8,0.0,0.0,0.0,1.0
75941,0,1,3400,-68,68,597,13,16,0.81,261408.000000,0,27,9.0,0.0,0.0,0.0,0.0,0.0,0.0,1.0
76190,0,1,3400,-68,68,596,11,16,0.51,248384.000000,0,27,9.0,0.0,0.0,0.0,0.0,0.0,0.0,1.0
76439,0,1,3400,-68,68,596,13,16,0.55,257984.000000,0,27,9.0,0.0,0.0,0.0,0.0,0.0,0.0,1.0
76688,0,1,3400,-68,68,596,15,17,0.70,310144.000000,0,27,8.0,363,0.0,80,0.0,0.0,0.0,1.0
76937,0,1,3400,-68,68,598,13,16,0.88,244768.000000,0,27,6.1,0.0,76896.000000,17,0.0,0.0,0.0,1.0
77186,0,1,3400,-68,68,598,8.9,16,0.66,232384.000000,0,27,4.5,0.0,0.0,0.0,0.0,0.0,0.0,1.0
77435,0,1,3400,-68,68,598,5.4,16,0.51,126816.000000,0,27,4.5,581,0.0,0.0,0.0,0.0,0.0,1.0
77684,0,1,3400,-68,68,598,13,16,0.57,239200.000000,0,27,4.5,0.0,22336.000000,40,0.0,0.0,0.0,1.0
77933,0,1,3400,-68,68,596,18,16,3.1,81664.000000,64,27,4.5,0.0,0.0,0.0,0.0,0.0,0.0,1.0
78182,0,1,3400,-68,68,598,12,16,1.3,96064.000000,30,27,4.5,0.0,0.0,0.0,0.0,0.0,0.0,1.0
78431,0,1,3400,-68,68,597,23,16,2.8,164160.000000,45,27,4.5,0.0,0.0,0.0,0.0,0.0,0.0,1.0
78680,0,1,3400,-68,68,596,5.4,16,0.54,141120.000000,0,27,6.8,0.0,78336.000000,7,0.0,0.0,0.0,1.0
78929,0,1,3400,-68,68,594,18,16,1.9,236480.000000,26,27,8.0,0.0,0.0,0.0,0.0,0.0,0.0,1.0
79178,0,1,3400,-68,68,595,20,16,3.1,252064.000000,49,27,8.0,0.0,0.0,0.0,0.0,0.0,0.0,1.0
79427,0,1,3400,-68,68,595,17,17,1.1,368640.000000,0,27,8.0,0.0,0.0,0.0,0.0,0.0,0.0,1.0
79676,0,1,3400,-68,68,596,15,17,0.65,325568.000000,0,27,0.76,0.0,36960.000000,0,0.0,0.0,0.0,1.0
79925,0,1,3400,-67,67,599,18,17,1.6,393152.000000,7,27,0.0,0.0,0.0,0.0,0.0,0.0,0.0,1.0
80174,0,1,3400,-67,67,596,14,17,0.55,282304.000000,0,27,0.0,0.0,0.0,0.0,0.0,0.0,0.0,1.0
80423,0,1,3400,-68,68,596,14,17,0.85,245248.000000,0,27,0.0,0.0,0.0,0.0,0.0,0.0,0.0,1.0
80672,0,1,3400,-68,68,596,13,17,0.55,290080.000000,0,27,6.8,0.0,29440.000000,26,0.0,0.0,0.0,1.0
80921,0,1,3400,-68,68,596,14,16,0.60,315616.000000,0,27,7.5,0.0,0.0,0.0,0.0,0.0,0.0,1.0
81170,0,1,3400,-68,68,595,14,17,0.68,308000.000000,0,27,7.5,0.0,0.0,0.0,0.0,0.0,0.0,1.0
81419,0,1,3400,-68,68,596,12,16,0.60,276192.000000,0,27,7.5,581,0.0,0.0,0.0,0.0,0.0,1.0
81668,0,1,3400,-68,68,595,11,16,1.1,169984.000000,18,27,2.3,0.0,30080.000000,25,0.0,0.0,0.0,1.0
81917,0,1,3400,-68,68,593,24,16,3.4,32352.000000,81,27,2.0,0.0,0.0,0.0,0.0,0.0,0.0,1.0
82166,0,1,3400,-68,68,596,13,16,0.59,215264.000000,0,27,2.0,0.0,0.0,0.0,0.0,0.0,0.0,1.0
82415,0,1,3400,-68,68,594,1.3,17,0.53,39584.000000,0,27,2.0,0.0,0.0,0.0,0.0,0.0,0.0,1.0
82664,0,1,3400,-68,68,596,11,16,0.57,256000.000000,0,27,4.6,0.0,38912.000000,7,0.0,0.0,0.0,1.0
82913,0,1,3400,-68,68,594,12,16,0.54,252544.000000,0,27,6.5,0.0,0.0,0.0,0.0,0.0,0.0,1.0
83162,0,1,3400,-68,68,595,9.3,16,0.51,211584.000000,0,27,6.5,0.0,0.0,0.0,0.0,0.0,0.0,1.0
83411,0,1,3400,-68,68,596,1.0,17,0.50,50688.000000,0,27,6.5,0.0,0.0,0.0,0.0,0.0,0.0,1.0
83660,0,1,3400,-68,68,593,8.5,17,0.50,196160.000000,0,27,5.6,0.0,43552.000000,8,0.0,0.0,0.0,1.0
83909,0,1,3400,-67,67,595,14,17,0.53,295232.000000,0,27,3.5,0.0,0.0,0.0,0.0,0.0,0.0,1.0
84158,0,1,3400,-67,67,597,14,17,0.53,314848.000000,0,27,3.5,0.0,0.0,0.0,0.0,0.0,0.0,1.0
84407,0,1,3400,-67,67,599,14,17,0.53,283232.000000,0,27,3.5,0.0,0.0,0.0,0.0,0.0,0.0,1.0
84656,0,1,3400,-67,67,596,14,17,0.52,350464.000000,0,27,2.5,0.0,32032.000000,8,0.0,0.0,0.0,1.0
84905,0,1,3400,-67,67,592,14,17,0.53,255232.000000,0,27,2.0,0.0,0.0,0.0,0.0,0.0,0.0,1.0
85154,0,1,3400,-67,67,592,16,17,0.88,427008.000000,0,27,2.0,0.0,0.0,0.0,0.0,0.0,0.0,1.0
85403,0,1,3400,-68,68,594,15,17,0.82,268288.000000,0,27,2.0,0.0,0.0,0.0,0.0,0.0,0.0,1.0
85652,0,1,3400,-68,68,598,18,17,1.2,394912.000000,0,27,2.1,0.0,38080.000000,18,0.0,0.0,0.0,1.0
85901,0,1,3400,-68,68,598,17,17,1.2,392576.000000,0,27,2.0,0.0,0.0,0.0,0.0,0.0,0.0,1.0
86150,0,1,3400,-68,68,595,13,16,0.63,309056.000000,0,27,2.0,0.0,0.0,0.0,0.0,0.0,0.0,1.0
86399,0,1,3400,-68,68,594,12,17,0.54,224032.000000,0,27,2.0,0.0,0.0,0.0,0.0,0.0,0.0,1.0
86648,0,1,3400,-68,68,595,12,16,0.53,198560.000000,0,27,7.7,0.0,54400.000000,14,0.0,0.0,0.0,1.0
86897,0,1,3400,-68,68,595,12,16,0.53,228576.000000,0,27,10,0.0,0.0,0.0,0.0,0.0,0.0,1.0
87146,0,1,3400,-68,68,594,12,16,0.53,268672.000000,0,27,9.9,0.0,0.0,0.0,0.0,0.0,0.0,1.0
87395,0,1,3400,-68,68,593,13,16,0.57,489632.000000,0,27,10.0,581,0.0,0.0,0.0,0.0,0.0,1.0
87644,0,1,3400,-68,68,594,6.6,15,0.51,243456.000000,0,27,2.9,0.0,32608.000000,24,0.0,0.0,0.0,1.0
87893,0,1,3400,-68,68,595,8.5,15,0.50,292288.000000,0,27,1.0,0.0,0.0,0.0,0.0,0.0,0.0,1.0
88142,0,1,3400,-68,68,594,11,15,0.51,390720.000000,0,27,1.0,0.0,0.0,0.0,0.0,0.0,0.0,1.0
88391,0,1,3400,-68,68,594,11,15,0.50,412480.000000,0,27,1.0,0.0,0.0,0.0,0.0,0.0,0.0,1.0
88640,0,1,3400,-68,68,593,11,15,0.50,496384.000000,0,27,2.9,0.0,45152.000000,21,0.0,0.0,0.0,1.0
88889,0,1,3400,-68,68,592,10,15,0.50,432960.000000,0,27,3.5,0.0,0.0,0.0,0.0,0.0,0.0,1.0
89138,0,1,3400,-68,68,593,9.1,15,0.50,411200.000000,0,27,3.5,0.0,0.0,0.0,0.0,0.0,0.0,1.0
89387,0,1,3400,-68,68,594,19,15,2.5,167648.000000,61,27,3.4,0.0,0.0,0.0,0.0,0.0,0.0,1.0
89636,0,1,3400,-68,68,594,26,15,4.0,0.0,100.000000,27,3.5,0.0,0.0,0.0,0.0,0.0,0.0,1.0
89885,0,1,3400,-68,68,595,26,15,4.0,0.0,100.000000,27,3.4,0.0,0.0,0.0,0.0,0.0,0.0,1.0
90134,0,1,3400,-68,68,597,24,15,3.4,196256.000000,76,27,3.5,581,0.0,0.0,0.0,0.0,0.0,1.0
90383,0,1,3400,-68,68,593,15,15,1.1,787008.000000,0,27,9.2,581,42464.000000,28,0.0,0.0,0.0,1.0
90632,0,1,3400,-68,68,593,10,15,0.51,405568.000000,0,27,1.5,0.0,29664.000000,14,0.0,0.0,0.0,1.0
90881,0,1,3400,-68,68,594,10,15,0.50,432960.000000,0,27,0.0,0.0,0.0,0.0,0.0,0.0,0.0,1.0
91130,0,1,3400,-68,68,595,11,15,0.50,424192.000000,0,27,0.0,0.0,0.0,0.0,0.0,0.0,0.0,1.0
91379,0,1,3400,-69,69,595,11,15,0.50,494240.000000,0,27,0.0,581,0.0,0.0,0.0,0.0,0.0,1.0
91628,0,1,3400,-69,69,595,7.3,14,0.51,356672.000000,0,27,3.9,0.0,26560.000000,47,0.0,0.0,0.0,1.0
91877,0,1,3400,-69,69,592,12,14,0.72,552128.000000,0,27,4.0,0.0,0.0,0.0,0.0,0.0,0.0,1.0
92126,0,1,3400,-69,69,592,10,14,0.75,499136.000000,0,27,4.0,0.0,0.0,0.0,0.0,0.0,0.0,1.0
92375,0,1,3400,-69,69,590,10,14,1.1,552576.000000,0,27,4.0,0.0,0.0,0.0,0.0,0.0,0.0,1.0
92624,0,1,3400,-69,69,592,24,14,3.4,193536.000000,77,27,0.64,0.0,29792.000000,26,0.0,0.0,0.0,1.0
92873,0,1,3400,-68,68,593,24,15,3.4,68992.000000,85,27,0.032,0.0,0.0,0.0,0.0,0.0,0.0,1.0
93122,0,1,3400,-68,68,593,10,15,0.50,470752.000000,0,27,0.0,0.0,0.0,0.0,0.0,0.0,0.0,1.0
93371,0,1,3400,-69,69,596,10,15,0.52,418240.000000,0,27,0.016,0.0,0.0,0.0,0.0,0.0,0.0,1.0
93620,0,1,3400,-69,69,594,14,14,1.2,430080.000000,16,27,2.5,0.0,27168.000000,24,0.0,0.0,0.0,1.0
93869,0,1,3400,-69,69,595,12,14,1.2,301728.000000,15,27,3.5,0.0,0.0,0.0,0.0,0.0,0.0,1.0
94118,0,1,3400,-69,69,593,7.8,14,0.57,249568.000000,0,27,3.5,0.0,0.0,0.0,0.0,0.0,0.0,1.0
94367,0,1,3400,-69,69,593,8.3,14,0.50,387392.000000,0,27,3.5,581,0.0,0.0,0.0,0.0,0.0,1.0
94616,0,1,3400,-70,70,594,9.1,13,0.54,355360.000000,0,27,2.0,0.0,37024.000000,9,0.0,0.0,0.0,1.0
94865,0,1,3400,-70,70,593,10,13,1.2,293440.000000,17,27,2.0,0.0,0.0,0.0,0.0,0.0,0.0,1.0
95114,0,1,3400,-70,70,594,16,13,2.5,125760.000000,56,27,2.0,0.0,0.0,0.0,0.0,0.0,0.0,1.0
95363,0,1,3400,-70,70,594,7.8,13,0.51,314656.000000,0,27,2.0,581,0.0,0.0,0.0,0.0,0.0,1.0
95612,0,1,3400,-70,70,594,6.4,13,0.53,294208.000000,0,27,1.5,0.0,44224.000000,31,0.0,0.0,0.0,1.0
95861,0,1,3400,-70,70,595,10,13,1.2,250400.000000,19,27,1.0,0.0,0.0,0.0,0.0,0.0,0.0,1.0
96110,0,1,3400,-70,70,597,16,13,2.1,229216.000000,39,27,0.99,0.0,0.0,0.0,0.0,0.0,0.0,1.0
96359,0,1,3400,-70,70,596,9.4,13,0.58,382272.000000,0,27,0.99,581,0.0,0.0,0.0,0.0,0.0,1.0
96608,0,1,3400,-71,71,594,16,13,2.3,272864.000000,46,27,3.1,0.0,72032.000000,3,0.0,0.0,0.0,1.0
96857,0,1,3400,-71,71,595,14,12,2.4,217792.000000,34,27,3.5,0.0,0.0,0.0,0.0,0.0,0.0,1.0
97106,0,1,3400,-71,71,593,11,12,1.0,416160.000000,1,27,3.5,0.0,0.0,0.0,0.0,0.0,0.0,1.0
97355,0,1,3400,-71,71,595,8.9,12,0.96,400512.000000,0,27,3.5,0.0,0.0,0.0,0.0,0.0,0.0,1.0
97604,0,1,3400,-72,72,594,21,11,3.2,41408.000000,84,27,1.5,0.0,25376.000000,29,0.0,0.0,0.0,1.0
97853,0,1,3400,-72,72,595,17,11,2.7,241568.000000,49,27,0.0,0.0,0.0,0.0,0.0,0.0,0.0,1.0
98102,0,1,3400,-72,72,596,4.5,11,0.50,191968.000000,0,27,0.056,0.0,0.0,0.0,0.0,0.0,0.0,1.0
98351,0,1,3400,-72,72,594,4.1,11,0.50,174240.000000,0,27,0.056,0.0,0.0,0.0,0.0,0.0,0.0,1.0
98600,0,1,3400,-72,72,592,12,11,1.5,119712.000000,36,27,2.6,0.0,28064.000000,0,0.0,0.0,0.0,1.0
98849,0,1,3400,-72,72,594,17,11,3.5,298720.000000,58,27,3.6,0.0,0.0,0.0,0.0,0.0,0.0,1.0
99098,0,1,3400,-72,72,592,12,11,1.3,360672.000000,12,27,3.6,0.0,0.0,0.0,0.0,0.0,0.0,1.0
99347,0,1,3400,-72,72,592,7.6,11,0.85,354432.000000,0,27,3.5,0.0,0.0,0.0,0.0,0.0,0.0,1.0
99596,0,1,3400,-71,71,593,15,12,2.1,177312.000000,51,27,5.4,0.0,24416.000000,27,0.0,0.0,0.0,1.0
99845,0,1,3400,-71,71,593,15,12,1.9,282432.000000,25,27,6.0,0.0,0.0,0.0,0.0,0.0,0.0,1.0
100094,0,1,3400,-71,71,594,14,12,1.8,483424.000000,15,27,6.0,0.0,0.0,0.0,0.0,0.0,0.0,1.0
100343,0,1,3400,-71,71,592,11,12,1.5,319392.000000,9,27,6.0,0.0,0.0,0.0,0.0,0.0,0.0,1.0
100592,0,1,3400,-71,71,593,7.8,12,0.53,328000.000000,0,27,1.3,0.0,47232.000000,0,0.0,0.0,0.0,1.0
100841,0,1,3400,-71,71,592,8.8,12,0.61,318400.000000,0,27,0.0,0.0,0.0,0.0,0.0,0.0,0.0,1.0
101090,0,1,3400,-71,71,592,9.4,12,0.67,367904.000000,0,27,0.056,0.0,0.0,0.0,0.0,0.0,0.0,1.0
101339,0,1,3400,-71,71,592,13,12,1.9,578688.000000,9,27,0.084,581,0.0,0.0,0.0,0.0,0.0,1.0
101588,0,1,3400,-72,72,595,4.3,12,0.65,192192.000000,0,27,2.8,0.0,34080.000000,18,0.0,0.0,0.0,1.0
101837,0,1,3400,-72,72,593,6.9,11,0.63,360384.000000,0,27,3.5,0.0,0.0,0.0,0.0,0.0,0.0,1.0
102086,0,1,3400,-72,72,592,5.8,11,0.50,273568.000000,0,27,3.5,0.0,0.0,0.0,0.0,0.0,0.0,1.0
102335,0,1,3400,-72,72,591,5.7,12,0.50,222688.000000,0,27,3.5,0.0,0.0,0.0,0.0,0.0,0.0,1.0
102584,0,1,3400,-71,71,591,7.4,12,0.93,240160.000000,8,27,4.5,0.0,66432.000000,0,0.0,0.0,0.0,1.0
102833,0,1,3400,-71,71,591,16,12,2.7,344096.000000,48,27,5.5,0.0,0.0,0.0,0.0,0.0,0.0,1.0
103082,0,1,3400,-71,71,594,7.8,12,0.81,281824.000000,6,27,5.5,0.0,0.0,0.0,0.0,0.0,0.0,1.0
103331,0,1,3400,-71,71,594,7.1,12,0.52,309088.000000,0,27,5.5,0.0,0.0,0.0,0.0,0.0,0.0,1.0
103580,0,1,3400,-71,71,593,6.6,12,0.50,232576.000000,0,27,10,0.0,44864.000000,38,0.0,0.0,0.0,1.0
103829,0,1,3400,-71,71,590,15,12,2.4,247936.000000,42,27,12,0.0,0.0,0.0,0.0,0.0,0.0,1.0
104078,0,1,3400,-71,71,592,8.6,12,0.62,366720.000000,0,27,12,0.0,0.0,0.0,0.0,0.0,0.0,1.0
104327,0,1,3400,-71,71,592,6.3,12,0.52,260000.000000,0,27,12,0.0,0.0,0.0,0.0,0.0,0.0,1.0
104576,0,1,3400,-71,71,592,8.5,12,0.56,378112.000000,0,27,2.9,0.0,39104.000000,0,0.0,0.0,0.0,1.0
104825,0,1,3400,-71,71,595,8.7,12,0.67,433792.000000,1,27,0.0,0.0,0.0,0.0,0.0,0.0,0.0,1.0
105074,0,1,3400,-71,71,594,7.1,12,0.54,256416.000000,0,27,0.0,0.0,0.0,0.0,0.0,0.0,0.0,1.0
105323,0,1,3400,-71,71,593,9.0,12,0.56,384224.000000,0,27,0.0,0.0,0.0,0.0,0.0,0.0,0.0,1.0
105572,0,1,3400,-71,71,593,4.2,12,0.50,193120.000000,0,27,0.42,0.0,17376.000000,10,0.0,0.0,0.0,1.0
105821,0,1,3400,-71,71,593,7.4,12,0.54,303072.000000,0,27,0.0,0.0,0.0,0.0,0.0,0.0,0.0,1.0
106070,0,1,3400,-71,71,593,6.5,12,0.56,204640.000000,0,27,0.0,0.0,0.0,0.0,0.0,0.0,0.0,1.0
106319,0,1,3400,-71,71,593,5.7,12,0.50,273472.000000,0,27,0.0,0.0,0.0,0.0,0.0,0.0,0.0,1.0
106568,0,1,3400,-71,71,592,9.8,12,0.68,373376.000000,0,27,1.6,0.0,12512.000000,0,0.0,0.0,0.0,1.0
106817,0,1,3400,-71,71,594,9.3,12,0.68,425280.000000,0,27,2.0,0.0,0.0,0.0,0.0,0.0,0.0,1.0
107066,0,1,3400,-71,71,590,6.4,12,0.56,294336.000000,0,27,2.0,0.0,0.0,0.0,0.0,0.0,0.0,1.0
107315,0,1,3400,-71,71,592,14,12,1.8,239424.000000,40,27,2.0,581,0.0,0.0,0.0,0.0,0.0,1.0
107564,0,1,3400,-71,71,592,12,12,1.6,195072.000000,33,27,0.99,0.0,37440.000000,0,0.0,0.0,0.0,1.0
107813,0,1,3400,-71,71,591,7.1,12,0.52,330368.000000,0,27,0.99,0.0,0.0,0.0,0.0,0.0,0.0,1.0
108062,0,1,3400,-71,71,590,8.8,12,1.0,326208.000000,8,27,1.0,0.0,0.0,0.0,0.0,0.0,0.0,1.0
108311,0,1,3400,-71,71,591,7.0,12,0.61,261056.000000,1,27,1.0,0.0,0.0,0.0,0.0,0.0,0.0,1.0
108560,0,1,3400,-71,71,591,13,12,1.7,391712.000000,18,27,0.59,0.0,81696.000000,0,0.0,0.0,0.0,1.0
108809,0,1,3400,-71,71,591,8.7,12,0.64,348672.000000,0,27,0.0,0.0,0.0,0.0,0.0,0.0,0.0,1.0
109058,0,1,3400,-71,71,591,9.7,12,0.62,464512.000000,0,27,0.0,0.0,0.0,0.0,0.0,0.0,0.0,1.0
109307,0,1,3400,-71,71,593,7.0,12,0.51,279264.000000,0,27,0.0,0.0,0.0,0.0,0.0,0.0,0.0,1.0
109556,0,1,3400,-71,71,591,9.3,12,0.73,360736.000000,0,27,5.3,0.0,24480.000000,33,0.0,0.0,0.0,1.0
109805,0,1,3400,-71,71,588,9.0,12,0.65,417632.000000,0,27,7.0,0.0,0.0,0.0,0.0,0.0,0.0,1.0
110054,0,1,3400,-71,71,592,8.3,12,0.53,346560.000000,0,27,7.0,0.0,0.0,0.0,0.0,0.0,0.0,1.0
110303,0,1,3400,-71,71,593,4.8,12,0.53,223488.000000,0,27,7.0,0.0,0.0,0.0,0.0,0.0,0.0,1.0
110552,0,1,3400,-71,71,590,8.3,13,0.52,298528.000000,0,27,5.1,0.0,111776.000000,0,0.0,0.0,0.0,1.0
110801,0,1,3400,-70,70,589,6.7,13,0.53,260832.000000,0,27,4.5,0.0,0.0,0.0,0.0,0.0,0.0,1.0
111050,0,1,3400,-70,70,592,8.7,13,0.54,286400.000000,0,27,4.5,0.0,0.0,0.0,0.0,0.0,0.0,1.0
111299,0,1,3400,-70,70,591,8.3,13,0.50,306592.000000,0,27,4.5,0.0,0.0,0.0,0.0,0.0,0.0,1.0
111548,0,1,3400,-70,70,590,9.2,13,0.62,404704.000000,0,27,7.3,0.0,30816.000000,25,0.0,0.0,0.0,1.0
111797,0,1,3400,-70,70,590,8.5,13,0.52,350400.000000,0,27,8.0,0.0,0.0,0.0,0.0,0.0,0.0,1.0
112046,0,1,3400,-70,70,589,8.3,13,0.50,359936.000000,0,27,8.0,0.0,0.0,0.0,0.0,0.0,0.0,1.0
112295,0,1,3400,-70,70,593,14,13,2.3,181376.000000,48,27,7.8,0.0,0.0,0.0,0.0,0.0,0.0,1.0
112544,0,1,3400,-71,71,594,11,12,1.3,222080.000000,18,27,7.1,0.0,53600.000000,0,0.0,0.0,0.0,1.0
112793,0,1,3400,-71,71,592,6.7,12,0.52,290688.000000,0,27,4.5,0.0,0.0,0.0,0.0,0.0,0.0,1.0
113042,0,1,3400,-71,71,590,8.5,12,0.61,375072.000000,0,27,4.5,0.0,0.0,0.0,0.0,0.0,0.0,1.0
113291,0,1,3400,-71,71,590,9.4,12,0.71,305600.000000,0,27,4.5,0.0,0.0,0.0,0.0,0.0,0.0,1.0
113540,0,1,3400,-71,71,591,7.8,12,0.51,324608.000000,0,27,4.5,0.0,55296.000000,14,0.0,0.0,0.0,1.0
113789,0,1,3400,-71,71,591,23,12,3.4,52224.000000,84,27,5.5,0.0,0.0,0.0,0.0,0.0,0.0,1.0
114038,0,1,3400,-71,71,594,12,12,1.6,139584.000000,32,27,5.5,0.0,0.0,0.0,0.0,0.0,0.0,1.0
114287,0,1,3400,-71,71,592,8.9,12,0.58,355712.000000,0,27,5.5,0.0,0.0,0.0,0.0,0.0,0.0,1.0
114536,0,1,3400,-71,71,593,8.4,12,0.60,327808.000000,0,27,3.7,0.0,42976.000000,0,0.0,0.0,0.0,1.0
114785,0,1,3400,-71,71,591,5.6,12,0.51,286816.000000,0,27,3.5,0.0,0.0,0.0,0.0,0.0,0.0,1.0
115034,0,1,3400,-71,71,591,7.1,12,0.54,286144.000000,0,27,3.5,0.0,0.0,0.0,0.0,0.0,0.0,1.0
115283,0,1,3400,-71,71,592,11,12,0.96,311648.000000,16,27,3.5,0.0,0.0,0.0,0.0,0.0,0.0,1.0
115532,0,1,3400,-71,71,592,22,12,3.3,169920.000000,67,27,2.5,0.0,23328.000000,0,0.0,0.0,0.0,1.0
115781,0,1,3400,-71,71,592,22,12,3.6,247072.000000,73,27,0.0,0.0,0.0,0.0,0.0,0.0,0.0,1.0
116030,0,1,3400,-71,71,591,6.6,12,0.88,152640.000000,13,27,0.0,0.0,0.0,0.0,0.0,0.0,0.0,1.0
116279,0,1,3400,-71,71,591,8.3,12,0.81,274464.000000,7,27,0.0,0.0,0.0,0.0,0.0,0.0,0.0,1.0
116528,0,1,3400,-71,71,591,12,12,1.7,168096.000000,37,27,6.3,0.0,78912.000000,3,0.0,0.0,0.0,1.0
116777,0,1,3400,-71,71,592,8.4,12,0.62,312128.000000,0,27,9.0,0.0,0.0,0.0,0.0,0.0,0.0,1.0
117026,0,1,3400,-71,71,591,9.1,12,0.69,339296.000000,0,27,9.0,0.0,0.0,0.0,0.0,0.0,0.0,1.0
117275,0,1,3400,-71,71,589,9.6,12,1.0,304224.000000,3,27,9.0,0.0,0.0,0.0,0.0,0.0,0.0,1.0
117524,0,1,3400,-71,71,594,9.6,12,0.93,382752.000000,3,27,6.5,0.0,62080.000000,3,0.0,0.0,0.0,1.0
117773,0,1,3400,-71,71,591,17,12,2.2,155424.000000,51,27,5.5,0.0,0.0,0.0,0.0,0.0,0.0,1.0
118022,0,1,3400,-71,71,590,8.4,12,0.60,321696.000000,0,27,5.5,0.0,0.0,0.0,0.0,0.0,0.0,1.0
118271,0,1,3400,-71,71,591,10,12,0.80,444480.000000,0,27,5.5,0.0,0.0,0.0,0.0,0.0,0.0,1.0
118520,0,1,3400,-71,71,590,6.3,12,0.51,244352.000000,0,27,1.5,0.0,48448.000000,7,0.0,0.0,0.0,1.0
118769,0,1,3400,-71,71,589,5.8,12,0.50,316256.000000,0,27,0.0,0.0,0.0,0.0,0.0,0.0,0.0,1.0
119018,0,1,3400,-71,71,589,6.5,12,0.52,303424.000000,0,27,0.0,0.0,0.0,0.0,0.0,0.0,0.0,1.0
119267,0,1,3400,-71,71,591,6.6,12,0.54,245408.000000,0,27,0.0,581,0.0,0.0,0.0,0.0,0.0,1.0
119516,0,1,3400,-72,72,592,7.3,12,0.64,326080.000000,0,27,2.6,0.0,63872.000000,3,0.0,0.0,0.0,1.0
119765,0,1,3400,-72,72,591,5.3,11,0.65,291104.000000,0,27,3.0,0.0,0.0,0.0,0.0,0.0,0.0,1.0
120014,0,1,3400,-72,72,590,4.2,11,0.50,154528.000000,0,27,3.0,0.0,0.0,0.0,0.0,0.0,0.0,1.0
120263,0,1,3400,-72,72,589,4.4,12,0.50,184320.000000,0,27,3.0,0.0,0.0,0.0,0.0,0.0,0.0,1.0
120512,0,1,3400,-71,71,593,7.5,12,0.64,268064.000000,0,27,5.5,0.0,38816.000000,21,0.0,0.0,0.0,1.0
120761,0,1,3400,-71,71,593,8.2,12,0.58,326496.000000,0,27,6.5,0.0,0.0,0.0,0.0,0.0,0.0,1.0
121010,0,1,3400,-71,71,590,17,12,2.2,156192.000000,54,27,6.5,0.0,0.0,0.0,0.0,0.0,0.0,1.0
121259,0,1,3400,-71,71,588,11,12,1.0,356512.000000,10,27,6.5,0.0,0.0,0.0,0.0,0.0,0.0,1.0
121508,0,1,3400,-71,71,591,23,12,4.0,0.0,100.000000,27,6.4,0.0,0.0,0.0,0.0,0.0,0.0,1.0
121757,0,1,3400,-71,71,592,22,12,3.9,3200.000000,93,27,6.5,0.0,0.0,0.0,0.0,0.0,0.0,1.0
122006,0,1,3400,-71,71,592,7.2,12,0.77,236064.000000,0,27,6.3,73,1568.000000,0,0.0,0.0,0.0,1.0
122255,0,1,3400,-71,71,592,12,12,1.4,286848.000000,29,27,8.8,0.0,45088.000000,52,0.0,0.0,0.0,1.0
122504,0,1,3400,-71,71,592,17,12,2.5,97344.000000,63,27,8.5,0.0,31296.000000,0,0.0,0.0,0.0,1.0
122753,0,1,3400,-71,71,592,13,12,1.2,491936.000000,0,27,9.0,0.0,0.0,0.0,0.0,0.0,0.0,1.0
123002,0,1,3400,-71,71,591,9.6,12,0.63,413568.000000,0,27,9.0,0.0,0.0,0.0,0.0,0.0,0.0,1.0
123251,0,1,3400,-71,71,588,9.2,13,0.53,319872.000000,0,27,9.0,0.0,0.0,0.0,0.0,0.0,0.0,1.0
123500,0,1,3400,-71,71,589,8.8,13,0.52,372544.000000,0,27,4.0,0.0,33056.000000,23,0.0,0.0,0.0,1.0
123749,0,1,3400,-70,70,589,20,13,3.2,61056.000000,81,27,2.0,0.0,0.0,0.0,0.0,0.0,0.0,1.0
123998,0,1,3400,-70,70,590,10,13,0.67,463744.000000,0,27,2.0,0.0,0.0,0.0,0.0,0.0,0.0,1.0
124247,0,1,3400,-70,70,590,4.5,13,0.52,267744.000000,0,27,2.0,0.0,0.0,0.0,0.0,0.0,0.0,1.0
124496,0,1,3400,-70,70,590,12,13,0.72,456064.000000,0,27,0.52,0.0,43072.000000,4,0.0,0.0,0.0,1.0
124745,0,1,3400,-70,70,590,8.8,13,0.58,351712.000000,0,27,0.0,0.0,0.0,0.0,0.0,0.0,0.0,1.0
124994,0,1,3400,-70,70,588,7.0,13,0.52,304256.000000,0,27,0.0,0.0,0.0,0.0,0.0,0.0,0.0,1.0
125243,0,1,3400,-70,70,588,8.1,13,0.50,348480.000000,0,27,0.0,0.0,0.0,0.0,0.0,0.0,0.0,1.0
125492,0,1,3400,-70,70,589,9.1,13,0.83,353920.000000,3,27,0.0,0.0,27552.000000,11,0.0,0.0,0.0,1.0
125741,0,1,3400,-69,69,588,11,14,1.6,159168.000000,29,27,0.0,0.0,0.0,0.0,0.0,0.0,0.0,1.0
125990,0,1,3400,-69,69,590,18,14,2.1,248192.000000,46,27,0.0,0.0,0.0,0.0,0.0,0.0,0.0,1.0
126239,0,1,3400,-70,70,591,17,14,3.0,246240.000000,58,27,0.0,0.0,0.0,0.0,0.0,0.0,0.0,1.0
126488,0,1,3400,-70,70,590,14,13,2.4,140160.000000,54,27,0.73,0.0,37472.000000,22,0.0,0.0,0.0,1.0
126737,0,1,3400,-70,70,592,14,13,2.3,176576.000000,49,27,7.0,0.0,0.0,0.0,0.0,0.0,0.0,1.0
126986,0,1,3400,-70,70,589,15,13,2.4,109120.000000,57,27,7.0,0.0,0.0,0.0,0.0,0.0,0.0,1.0
127235,0,1,3400,-70,70,588,9.7,13,2.0,36704.000000,41,27,7.0,0.0,0.0,0.0,0.0,0.0,0.0,1.0
127484,0,1,3400,-70,70,590,8.1,13,0.50,362688.000000,0,27,5.5,0.0,29984.000000,21,0.0,0.0,0.0,1.0
127733,0,1,3400,-70,70,591,17,13,2.8,180480.000000,65,27,0.0,0.0,0.0,0.0,0.0,0.0,0.0,1.0
127982,0,1,3400,-70,70,590,11,13,0.73,464224.000000,0,27,0.0,0.0,0.0,0.0,0.0,0.0,0.0,1.0
128231,0,1,3400,-70,70,589,8.6,13,0.51,302272.000000,0,27,0.028,581,0.0,0.0,0.0,0.0,0.0,1.0
128480,0,1,3400,-71,71,590,8.0,12,0.53,291360.000000,0,27,0.11,0.0,31648.000000,5,0.0,0.0,0.0,1.0
128729,0,1,3400,-71,71,589,8.7,12,0.53,311584.000000,0,27,0.028,0.0,0.0,0.0,0.0,0.0,0.0,1.0
128978,0,1,3400,-71,71,589,11,12,1.1,347712.000000,14,27,0.084,0.0,0.0,0.0,0.0,0.0,0.0,1.0
129227,0,1,3400,-71,71,590,11,12,0.89,469088.000000,0,27,0.0,581,0.0,0.0,0.0,0.0,0.0,1.0
129476,0,1,3400,-72,72,592,6.0,12,0.55,232448.000000,0,27,2.5,0.0,52832.000000,4,0.0,0.0,0.0,1.0
129725,0,1,3400,-72,72,590,5.6,12,0.53,253632.000000,0,27,3.5,0.0,0.0,0.0,0.0,0.0,0.0,1.0
129974,0,1,3400,-72,72,589,21,11,3.5,24832.000000,89,27,3.5,0.0,0.0,0.0,0.0,0.0,0.0,1.0
130223,0,1,3400,-72,72,590,7.8,11,0.88,191360.000000,9,27,3.5,0.0,0.0,0.0,0.0,0.0,0.0,1.0
130472,0,1,3400,-72,72,589,5.7,11,0.50,225504.000000,0,27,0.73,0.0,25760.000000,4,0.0,0.0,0.0,1.0
130721,0,1,3400,-72,72,589,5.7,11,0.50,255232.000000,0,27,0.0,0.0,0.0,0.0,0.0,0.0,0.0,1.0
130970,0,1,3400,-72,72,590,16,11,2.8,39072.000000,81,27,0.0,0.0,0.0,0.0,0.0,0.0,0.0,1.0
131219,0,1,3400,-72,72,589,13,11,2.0,199776.000000,36,27,0.0,0.0,0.0,0.0,0.0,0.0,0.0,1.0
131468,0,1,3400,-72,72,590,27,11,4.0,0.0,100.000000,27,0.0,0.0,0.0,0.0,0.0,0.0,0.0,1.0
131717,0,1,3400,-72,72,591,15,11,2.2,93696.000000,56,27,1.3,0.0,42848.000000,3,0.0,0.0,0.0,1.0
131966,0,1,3400,-72,72,591,25,11,3.7,23936.000000,91,27,3.5,0.0,0.0,0.0,0.0,0.0,0.0,1.0
132215,0,1,3400,-72,72,589,5.5,11,0.50,237472.000000,0,27,3.5,0.0,0.0,0.0,0.0,0.0,0.0,1.0
132464,0,1,3400,-72,72,590,5.8,11,0.50,223680.000000,0,27,0.79,0.0,60032.000000,0,0.0,0.0,0.0,1.0
132713,0,1,3400,-72,72,588,5.8,11,0.50,209856.000000,0,27,0.0,0.0,0.0,0.0,0.0,0.0,0.0,1.0
132962,0,1,3400,-72,72,588,5.6,11,0.51,244672.000000,1,27,0.0,0.0,0.0,0.0,0.0,0.0,0.0,1.0
133211,0,1,3400,-72,72,587,5.3,11,0.51,195744.000000,0,27,0.0,0.0,0.0,0.0,0.0,0.0,0.0,1.0
133460,0,1,3400,-73,73,589,5.0,11,0.53,207104.000000,0,27,4.9,0.0,67456.000000,4,0.0,0.0,0.0,1.0
133709,0,1,3400,-73,73,590,27,11,3.9,3232.000000,99,27,7.0,0.0,0.0,0.0,0.0,0.0,0.0,1.0
133958,0,1,3400,-73,73,588,14,10,1.7,195360.000000,34,27,7.0,0.0,0.0,0.0,0.0,0.0,0.0,1.0
134207,0,1,3400,-73,73,588,5.9,10,0.53,249856.000000,0,27,7.0,0.0,0.0,0.0,0.0,0.0,0.0,1.0
134456,0,1,3400,-73,73,591,13,9.9,2.7,42784.000000,68,27,1.9,0.0,37568.000000,15,0.0,0.0,0.0,1.0
134705,0,1,3400,-74,74,591,22,9.7,4.0,0.0,100.000000,27,0.0,0.0,0.0,0.0,0.0,0.0,0.0,1.0
134954,0,1,3400,-74,74,588,24,9.5,4.0,0.0,100.000000,27,0.0,0.0,0.0,0.0,0.0,0.0,0.0,1.0
135203,0,1,3400,-74,74,587,23,9.4,4.0,0.0,100.000000,27,0.0,0.0,0.0,0.0,0.0,0.0,0.0,1.0
135452,0,1,3400,-74,74,589,18,9.4,2.5,110464.000000,57,27,0.0,581,0.0,0.0,0.0,0.0,0.0,1.0
135701,0,1,3400,-74,74,590,7.4,9.5,0.80,251904.000000,4,27,4.8,0.0,66816.000000,24,0.0,0.0,0.0,1.0
135950,0,1,3400,-74,74,591,24,9.5,4.0,0.0,100.000000,27,5.4,0.0,0.0,0.0,0.0,0.0,0.0,1.0
136199,0,1,3400,-73,73,589,24,9.7,4.0,0.0,100.000000,27,5.4,0.0,0.0,0.0,0.0,0.0,0.0,1.0
136448,0,1,3400,-73,73,590,9.2,9.9,1.9,227552.000000,23,27,5.0,0.0,35328.000000,5,0.0,0.0,0.0,1.0
136697,0,1,3400,-73,73,588,5.7,10,0.50,229920.000000,0,27,5.4,0.0,7392.000000,70,0.0,0.0,0.0,1.0
136946,0,1,3400,-73,73,590,9.4,10,1.3,164736.000000,27,27,5.5,0.0,0.0,0.0,0.0,0.0,0.0,1.0
137195,0,1,3400,-73,73,587,8.7,10,1.5,104384.000000,28,27,5.5,0.0,0.0,0.0,0.0,0.0,0.0,1.0
137444,0,1,3400,-73,73,588,5.4,10,0.50,189728.000000,0,27,5.2,0.0,33088.000000,36,0.0,0.0,0.0,1.0
137693,0,1,3400,-73,73,589,15,10,2.8,42400.000000,73,27,6.7,0.0,20480.000000,65,0.0,0.0,0.0,1.0
137942,0,1,3400,-73,73,590,19,10,3.8,22016.000000,90,27,7.0,0.0,0.0,0.0,0.0,0.0,0.0,1.0
138191,0,1,3400,-73,73,590,5.8,11,0.50,272288.000000,0,27,7.0,581,0.0,0.0,0.0,0.0,0.0,1.0
138440,0,1,3400,-72,72,591,4.9,11,0.50,224800.000000,0,27,1.3,0.0,24544.000000,17,0.0,0.0,0.0,1.0
138689,0,1,3400,-72,72,588,6.2,11,0.64,337760.000000,0,27,1.0,0.0,0.0,0.0,0.0,0.0,0.0,1.0
138938,0,1,3400,-72,72,590,1.3,11,0.67,61888.000000,9,27,1.0,0.0,0.0,0.0,0.0,0.0,0.0,1.0
139187,0,1,3400,-72,72,590,16,11,2.1,321472.000000,26,27,1.0,0.0,0.0,0.0,0.0,0.0,0.0,1.0
139436,0,1,3400,-72,72,589,14,11,2.7,105376.000000,67,27,0.78,0.0,30816.000000,26,0.0,0.0,0.0,1.0
139685,0,1,3400,-73,73,586,18,11,4.0,0.0,100.000000,27,0.99,0.0,0.0,0.0,0.0,0.0,0.0,1.0
139934,0,1,3400,-73,73,584,18,10,4.0,0.0,100.000000,27,0.98,0.0,0.0,0.0,0.0,0.0,0.0,1.0
140183,0,1,3400,-73,73,586,17,10,3.9,2112.000000,96,27,0.99,0.0,0.0,0.0,0.0,0.0,0.0,1.0
140432,0,1,3400,-73,73,589,18,10.0,4.0,0.0,100.000000,27,0.98,0.0,0.0,0.0,0.0,0.0,0.0,1.0
140681,0,1,3400,-74,74,585,19,9.8,4.0,0.0,100.000000,27,0.99,0.0,0.0,0.0,0.0,0.0,0.0,1.0
140930,0,1,3400,-74,74,587,19,9.4,4.0,0.0,100.000000,27,1.0,0.0,0.0,0.0,0.0,0.0,0.0,1.0
141179,0,1,3400,-74,74,589,19,9.3,4.0,704,99,27,1.0,0.0,0.0,0.0,0.0,0.0,0.0,1.0
141428,0,1,3400,-74,74,590,19,9.0,4.0,0.0,100.000000,27,0.99,0.0,0.0,0.0,0.0,0.0,0.0,1.0
141677,0,1,3400,-74,74,590,6.1,8.9,1.1,78912.000000,22,27,1.0,0.0,18816.000000,19,0.0,0.0,0.0,1.0
141926,0,1,3400,-75,75,590,0.92,8.7,0.51,61248.000000,0,27,1.0,0.0,26656.000000,38,0.0,0.0,0.0,1.0
142175,0,1,3400,-74,74,591,5.7,8.9,1.4,55968.000000,30,27,0.99,0.0,3136.000000,33,0.0,0.0,0.0,1.0
142424,0,1,3400,-74,74,588,20,9.0,4.0,0.0,100.000000,27,0.99,0.0,0.0,0.0,0.0,0.0,0.0,1.0
142673,0,1,3400,-74,74,585,19,9.4,4.0,0.0,100.000000,27,0.98,0.0,0.0,0.0,0.0,0.0,0.0,1.0
142922,0,1,3400,-74,74,590,19,9.5,4.0,0.0,100.000000,27,0.98,0.0,0.0,0.0,0.0,0.0,0.0,1.0
143171,0,1,3400,-74,74,587,20,9.2,4.0,0.0,100.000000,27,0.98,0.0,0.0,0.0,0.0,0.0,0.0,1.0
143420,0,1,3400,-74,74,586,20,9.2,4.0,0.0,100.000000,27,0.98,0.0,0.0,0.0,0.0,0.0,0.0,1.0
143669,0,1,3400,-74,74,586,20,9.0,4.0,0.0,100.000000,27,1.0,0.0,0.0,0.0,0.0,0.0,0.0,1.0
143918,0,1,3400,-75,75,587,19,8.7,4.0,0.0,100.000000,27,0.99,0.0,0.0,0.0,0.0,0.0,0.0,1.0
144167,0,1,3400,-75,75,587,19,8.4,4.0,0.0,100.000000,27,1.0,0.0,0.0,0.0,0.0,0.0,0.0,1.0
144416,0,1,3400,-75,75,588,19,8.2,4.0,0.0,100.000000,27,0.98,0.0,0.0,0.0,0.0,0.0,0.0,1.0
144665,0,1,3400,-75,75,587,20,8.2,4.0,0.0,100.000000,27,0.99,0.0,0.0,0.0,0.0,0.0,0.0,1.0
144914,0,1,3400,-75,75,589,20,7.9,4.0,0.0,100.000000,27,1.0,0.0,0.0,0.0,0.0,0.0,0.0,1.0
145163,0,1,3400,-75,75,589,19,8.0,4.0,0.0,100.000000,27,0.98,0.0,0.0,0.0,0.0,0.0,0.0,1.0
145412,0,1,3400,-75,75,587,19,8.0,4.0,0.0,100.000000,27,0.98,0.0,0.0,0.0,0.0,0.0,0.0,1.0
145661,0,1,3400,-75,75,588,20,7.8,4.0,0.0,100.000000,27,0.98,0.0,0.0,0.0,0.0,0.0,0.0,1.0
145910,0,1,3400,-75,75,589,20,7.8,4.0,0.0,100.000000,27,0.98,0.0,0.0,0.0,0.0,0.0,0.0,1.0
146159,0,1,3400,-76,76,592,20,7.7,4.0,0.0,100.000000,27,0.98,0.0,0.0,0.0,0.0,0.0,0.0,1.0
146408,0,1,3400,-76,76,591,19,7.5,4.0,0.0,100.000000,27,0.99,0.0,0.0,0.0,0.0,0.0,0.0,1.0
146657,0,1,3400,-76,76,589,20,7.5,4.0,0.0,100.000000,27,0.98,0.0,0.0,0.0,0.0,0.0,0.0,1.0
146906,0,1,3400,-76,76,588,20,7.2,4.0,0.0,100.000000,27,0.99,0.0,0.0,0.0,0.0,0.0,0.0,1.0
147155,0,1,3400,-76,76,593,19,7.8,4.0,0.0,100.000000,27,0.96,0.0,0.0,0.0,0.0,0.0,0.0,1.0
147404,0,1,3400,-76,76,592,18,8.1,4.0,0.0,100.000000,27,1.00,0.0,0.0,0.0,0.0,0.0,0.0,1.0
147653,0,1,3400,-76,76,590,18,9.1,4.0,0.0,100.000000,27,0.99,0.0,0.0,0.0,0.0,0.0,0.0,1.0
147902,0,1,3400,-76,76,589,18,8.9,4.0,0.0,100.000000,27,1.00,0.0,0.0,0.0,0.0,0.0,0.0,1.0
148151,0,1,3400,-76,76,589,18,8.4,4.0,0.0,100.000000,27,0.99,0.0,0.0,0.0,0.0,0.0,0.0,1.0
148400,0,1,3400,-76,76,590,18,8.5,4.0,0.0,100.000000,27,1.0,0.0,0.0,0.0,0.0,0.0,0.0,1.0
148649,0,1,3400,-76,76,589,18,8.9,4.0,0.0,100.000000,27,1.0,0.0,0.0,0.0,0.0,0.0,0.0,1.0
148898,0,1,3400,-76,76,589,18,8.5,4.0,0.0,100.000000,27,1.0,0.0,0.0,0.0,0.0,0.0,0.0,1.0
149147,0,1,3400,-76,76,589,19,8.5,4.0,0.0,100.000000,27,1.0,0.0,0.0,0.0,0.0,0.0,0.0,1.0
149396,0,1,3400,-76,76,588,18,8.3,4.0,0.0,100.000000,27,0.99,0.0,0.0,0.0,0.0,0.0,0.0,1.0
149645,0,1,3400,-76,76,589,19,8.3,4.0,0.0,100.000000,27,1.00,0.0,0.0,0.0,0.0,0.0,0.0,1.0
149894,0,1,3400,-76,76,586,19,8.2,4.0,0.0,100.000000,27,0.99,0.0,0.0,0.0,0.0,0.0,0.0,1.0
150143,0,1,3400,-76,76,586,19,8.2,4.0,0.0,100.000000,27,1.00,0.0,0.0,0.0,0.0,0.0,0.0,1.0
150392,0,1,3400,-76,76,589,19,8.7,4.0,0.0,100.000000,27,0.99,0.0,0.0,0.0,0.0,0.0,0.0,1.0
150641,0,1,3400,-76,76,586,19,8.8,4.0,0.0,100.000000,27,0.98,0.0,0.0,0.0,0.0,0.0,0.0,1.0
150890,0,1,3400,-76,76,590,19,8.4,4.0,0.0,100.000000,27,1.0,0.0,0.0,0.0,0.0,0.0,0.0,1.0
151139,0,1,3400,-76,76,589,19,8.3,4.0,0.0,100.000000,27,1.0,0.0,0.0,0.0,0.0,0.0,0.0,1.0
151388,0,1,3400,-76,76,587,19,8.3,4.0,0.0,100.000000,27,1.00,0.0,0.0,0.0,0.0,0.0,0.0,1.0
151637,0,1,3400,-76,76,587,19,7.9,4.0,0.0,100.000000,27,1.0,0.0,0.0,0.0,0.0,0.0,0.0,1.0
151886,0,1,3400,-76,76,588,19,7.7,4.0,0.0,100.000000,27,0.99,0.0,0.0,0.0,0.0,0.0,0.0,1.0
152135,0,1,3400,-76,76,588,23,7.9,4.0,0.0,100.000000,27,1.0,0.0,0.0,0.0,0.0,0.0,0.0,1.0
152384,0,1,3400,-76,76,589,25,7.9,4.0,0.0,100.000000,27,1.0,0.0,0.0,0.0,0.0,0.0,0.0,1.0
152633,0,1,3400,-76,76,589,23,7.7,4.0,0.0,100.000000,27,0.99,0.0,0.0,0.0,0.0,0.0,0.0,1.0
152882,0,1,3400,-77,77,589,24,7.9,4.0,0.0,100.000000,27,1.0,0.0,0.0,0.0,0.0,0.0,0.0,1.0
153131,0,1,3400,-77,77,588,21,7.5,4.0,0.0,100.000000,27,5.6,0.0,1952.000000,33,0.0,0.0,0.0,1.0
153380,0,1,3400,-77,77,589,12,7.5,3.5,30112.000000,75,27,7.0,0.0,0.0,0.0,0.0,0.0,0.0,1.0
153629,0,1,3400,-77,77,589,10,7.3,3.7,23296.000000,85,27,7.0,0.0,0.0,0.0,0.0,0.0,0.0,1.0
153878,0,1,3400,-77,77,588,12,7.0,4.0,5824.000000,97,27,7.0,0.0,0.0,0.0,0.0,0.0,0.0,1.0
154127,0,1,3400,-77,77,587,12,6.9,3.9,8928.000000,95,27,7.0,0.0,0.0,0.0,0.0,0.0,0.0,1.0
154376,0,1,3400,-77,77,588,12,7.1,4.0,3104.000000,99,27,7.0,0.0,0.0,0.0,0.0,0.0,0.0,1.0
154625,0,1,3400,-77,77,588,12,6.9,4.0,0.0,100.000000,27,6.9,0.0,0.0,0.0,0.0,0.0,0.0,1.0
154874,0,1,3400,-77,77,588,12,7.3,4.0,3104.000000,99,27,6.9,0.0,0.0,0.0,0.0,0.0,0.0,1.0
155123,0,1,3400,-77,77,589,7.4,7.6,2.5,23264.000000,56,27,7.0,0.0,0.0,0.0,0.0,0.0,0.0,1.0
155372,0,1,3400,-77,77,588,1.0,7.6,0.50,50112.000000,0,27,7.0,0.0,0.0,0.0,0.0,0.0,0.0,1.0
155621,0,1,3400,-77,77,587,1.0,7.5,0.50,42464.000000,0,27,5.6,0.0,27552.000000,15,0.0,0.0,0.0,1.0
155870,0,1,3400,-76,76,589,4.6,8.5,0.63,85888.000000,0,27,0.0,0.0,30016.000000,6,0.0,0.0,0.0,1.0
156119,0,1,3400,-76,76,584,4.0,8.5,0.54,59392.000000,0,27,0.0,581,29792.000000,0,0.0,0.0,0.0,1.0
156368,0,1,3400,-76,76,584,21,8.6,3.2,8192.000000,87,27,0.0,0.0,30688.000000,9,0.0,0.0,0.0,1.0
156617,0,1,3400,-76,76,587,25,8.9,3.9,0.0,100.000000,27,0.0,0.0,0.0,0.0,0.0,0.0,0.0,1.0
156866,0,1,3400,-76,76,588,26,8.8,4.0,0.0,100.000000,27,0.0,0.0,0.0,0.0,0.0,0.0,0.0,1.0
157115,0,1,3400,-75,75,588,27,8.9,4.0,0.0,100.000000,27,0.0,0.0,0.0,0.0,0.0,0.0,0.0,1.0
157364,0,1,3400,-75,75,590,26,8.9,4.0,0.0,100.000000,27,0.0,0.0,0.0,0.0,0.0,0.0,0.0,1.0
157613,0,1,3400,-75,75,587,27,9.4,4.0,0.0,100.000000,27,0.0,0.0,0.0,0.0,0.0,0.0,0.0,1.0
157862,0,1,3400,-75,75,587,27,9.5,4.0,0.0,100.000000,27,0.0,0.0,0.0,0.0,0.0,0.0,0.0,1.0
158111,0,1,3400,-75,75,586,27,9.0,4.0,0.0,100.000000,27,0.0,0.0,0.0,0.0,0.0,0.0,0.0,1.0
158360,0,1,3400,-75,75,584,26,8.7,4.0,0.0,100.000000,27,0.0,0.0,0.0,0.0,0.0,0.0,0.0,1.0
158609,0,1,3400,-76,76,585,15,9.4,3.9,12416.000000,95,27,0.0,0.0,0.0,0.0,0.0,0.0,0.0,1.0
158858,0,1,3400,-76,76,586,5.0,9.2,0.86,80320.000000,8,27,0.0,0.0,0.0,0.0,0.0,0.0,0.0,1.0
159107,0,1,3400,-76,76,589,4.0,8.2,0.51,71680.000000,0,27,0.0,0.0,0.0,0.0,0.0,0.0,0.0,1.0
159356,0,1,3400,-76,76,584,4.0,8.3,0.52,84992.000000,0,27,0.0,0.0,0.0,0.0,0.0,0.0,0.0,1.0
159605,0,1,3400,-76,76,586,8.1,8.6,1.2,75776.000000,14,27,0.0,0.0,0.0,0.0,0.0,0.0,0.0,1.0
159854,0,1,3400,-77,77,588,26,8.3,4.0,0.0,100.000000,27,0.0,0.0,0.0,0.0,0.0,0.0,0.0,1.0
160103,0,1,3400,-77,77,589,27,8.0,4.0,0.0,100.000000,27,0.0,0.0,0.0,0.0,0.0,0.0,0.0,1.0
160352,0,1,3400,-76,76,586,26,7.9,4.0,0.0,100.000000,27,0.0,0.0,0.0,0.0,0.0,0.0,0.0,1.0
160601,0,1,3400,-77,77,590,27,8.2,4.0,0.0,100.000000,27,0.0,0.0,0.0,0.0,0.0,0.0,0.0,1.0
160850,0,1,3400,-76,76,585,26,8.0,4.0,0.0,100.000000,27,0.0,0.0,0.0,0.0,0.0,0.0,0.0,1.0
161099,0,1,3400,-76,76,584,26,7.2,4.0,0.0,100.000000,27,0.0,0.0,0.0,0.0,0.0,0.0,0.0,1.0
161348,0,1,3400,-76,76,587,25,7.7,4.0,0.0,100.000000,27,0.0,0.0,0.0,0.0,0.0,0.0,0.0,1.0
161597,0,1,3400,-77,77,586,27,8.3,4.0,0.0,100.000000,27,0.0,0.0,0.0,0.0,0.0,0.0,0.0,1.0
161846,0,1,3400,-77,77,590,26,8.2,4.0,0.0,100.000000,27,0.0,0.0,0.0,0.0,0.0,0.0,0.0,1.0
162095,0,1,3400,-77,77,586,26,8.5,4.0,0.0,100.000000,27,0.0,0.0,0.0,0.0,0.0,0.0,0.0,1.0
162344,0,1,3400,-76,76,588,26,7.5,4.0,0.0,100.000000,27,0.0,0.0,0.0,0.0,0.0,0.0,0.0,1.0
162593,0,1,3400,-77,77,589,27,8.6,4.0,0.0,100.000000,27,0.0,0.0,0.0,0.0,0.0,0.0,0.0,1.0
162842,0,1,3400,-76,76,587,25,7.8,4.0,0.0,100.000000,27,0.0,0.0,0.0,0.0,0.0,0.0,0.0,1.0
163091,0,1,3400,-76,76,583,24,7.9,4.0,0.0,100.000000,27,0.0,0.0,0.0,0.0,0.0,0.0,0.0,1.0
163340,0,1,3400,-76,76,584,19,8.0,4.0,0.0,100.000000,27,0.0,0.0,0.0,0.0,0.0,0.0,0.0,1.0
163589,0,1,3400,-76,76,584,19,7.8,4.0,0.0,100.000000,27,0.0,0.0,0.0,0.0,0.0,0.0,0.0,1.0
163838,0,1,3400,-76,76,584,19,7.7,4.0,0.0,100.000000,27,0.0,0.0,0.0,0.0,0.0,0.0,0.0,1.0
164087,0,1,3400,-76,76,584,19,7.8,4.0,0.0,100.000000,27,0.0,0.0,0.0,0.0,0.0,0.0,0.0,1.0
164336,0,1,3400,-76,76,585,19,7.8,4.0,0.0,100.000000,27,0.0,0.0,0.0,0.0,0.0,0.0,0.0,1.0
164585,0,1,3400,-76,76,586,19,7.5,4.0,0.0,100.000000,27,0.0,0.0,0.0,0.0,0.0,0.0,0.0,1.0
164834,0,1,3400,-76,76,584,20,7.9,4.0,0.0,100.000000,27,0.0,0.0,0.0,0.0,0.0,0.0,0.0,1.0
165083,0,1,3400,-77,77,588,20,8.0,4.0,0.0,100.000000,27,0.0,0.0,0.0,0.0,0.0,0.0,0.0,1.0
165332,0,1,3400,-76,76,586,19,7.7,4.0,0.0,100.000000,27,0.0,0.0,0.0,0.0,0.0,0.0,0.0,1.0
165581,0,1,3400,-77,77,586,19,8.2,4.0,0.0,100.000000,27,0.0,0.0,0.0,0.0,0.0,0.0,0.0,1.0
165830,0,1,3400,-76,76,585,19,7.8,4.0,0.0,100.000000,27,0.0,0.0,0.0,0.0,0.0,0.0,0.0,1.0
166079,0,1,3400,-77,77,585,20,8.3,4.0,0.0,100.000000,27,0.0,0.0,0.0,0.0,0.0,0.0,0.0,1.0
166328,0,1,3400,-77,77,586,20,8.4,4.0,0.0,100.000000,27,0.0,0.0,0.0,0.0,0.0,0.0,0.0,1.0
166577,0,1,3400,-77,77,586,22,8.3,4.0,0.0,100.000000,27,0.0,0.0,0.0,0.0,0.0,0.0,0.0,1.0
166826,0,1,3400,-76,76,586,22,7.9,4.0,0.0,100.000000,27,0.0,0.0,0.0,0.0,0.0,0.0,0.0,1.0
167075,0,1,3400,-76,76,586,21,7.7,4.0,0.0,100.000000,27,0.0,0.0,0.0,0.0,0.0,0.0,0.0,1.0
167324,0,1,3400,-76,76,591,15,8.2,3.1,13056.000000,69,27,0.0,0.0,0.0,0.0,0.0,0.0,0.0,1.0
167573,0,1,3400,-76,76,591,2.1,7.6,0.53,65024.000000,0,27,0.0,0.0,0.0,0.0,0.0,0.0,0.0,1.0
167822,0,1,3400,-76,76,587,1.0,8.3,0.50,38592.000000,0,27,0.0080,0.0,27680.000000,11,0.0,0.0,0.0,1.0
168071,0,1,3400,-76,76,588,2.4,7.9,0.52,62080.000000,0,27,0.016,0.0,0.0,0.0,0.0,0.0,0.0,1.0
168320,0,1,3400,-76,76,586,3.9,7.8,0.62,57184.000000,0,27,0.024,0.0,26592.000000,9,0.0,0.0,0.0,1.0
168569,0,1,3400,-76,76,586,7.1,7.7,1.8,53952.000000,38,27,0.69,0.0,35456.000000,34,0.0,0.0,0.0,1.0
168818,0,1,3400,-76,76,586,11,7.5,3.7,46208.000000,81,27,0.0,0.0,0.0,0.0,0.0,0.0,0.0,1.0
169067,0,1,3400,-77,77,583,12,8.4,3.9,11648.000000,94,27,0.0,0.0,0.0,0.0,0.0,0.0,0.0,1.0
169316,0,1,3400,-76,76,589,12,7.5,3.9,18624.000000,93,27,0.0,0.0,0.0,0.0,0.0,0.0,0.0,1.0
169565,0,1,3400,-76,76,588,12,7.7,3.8,18240.000000,90,27,0.0,0.0,0.0,0.0,0.0,0.0,0.0,1.0
169814,0,1,3400,-77,77,590,12,7.6,3.9,29504.000000,83,27,0.0,0.0,0.0,0.0,0.0,0.0,0.0,1.0
170063,0,1,3400,-77,77,585,12,7.6,3.9,11264.000000,94,27,0.0,0.0,0.0,0.0,0.0,0.0,0.0,1.0
170312,0,1,3400,-77,77,587,12,7.5,4.0,6208.000000,97,27,0.0,0.0,0.0,0.0,0.0,0.0,0.0,1.0
170561,0,1,3400,-77,77,585,12,7.3,4.0,9312.000000,96,27,0.0,0.0,0.0,0.0,0.0,0.0,0.0,1.0
170810,0,1,3400,-77,77,585,12,7.4,4.0,3104.000000,99,27,0.0,0.0,0.0,0.0,0.0,0.0,0.0,1.0
171059,0,1,3400,-77,77,587,10.0,7.7,3.1,20480.000000,76,27,0.0,0.0,0.0,0.0,0.0,0.0,0.0,1.0
171308,0,1,3400,-77,77,586,2.9,7.7,0.53,59776.000000,0,27,0.0,0.0,0.0,0.0,0.0,0.0,0.0,1.0
171557,0,1,3400,-77,77,587,8.8,7.6,2.8,32352.000000,60,27,0.66,0.0,35648.000000,24,0.0,0.0,0.0,1.0
171806,0,1,3400,-77,77,584,13,8.1,3.9,8928.000000,96,27,0.99,0.0,0.0,0.0,0.0,0.0,0.0,1.0
172055,0,1,3400,-76,76,586,4.5,7.7,1.0,56480.000000,9,27,1.0,0.0,0.0,0.0,0.0,0.0,0.0,1.0
172304,0,1,3400,-77,77,585,6.5,8.4,1.5,26432.000000,35,27,1.3,0.0,27072.000000,8,0.0,0.0,0.0,1.0
172553,0,1,3400,-77,77,583,20,8.1,4.0,0.0,100.000000,27,2.0,0.0,0.0,0.0,0.0,0.0,0.0,1.0
172802,0,1,3400,-77,77,585,20,8.1,4.0,0.0,100.000000,27,2.0,0.0,0.0,0.0,0.0,0.0,0.0,1.0
173051,0,1,3400,-76,76,587,20,7.9,4.0,0.0,100.000000,27,2.0,0.0,0.0,0.0,0.0,0.0,0.0,1.0
173300,0,1,3400,-77,77,589,21,8.1,4.0,0.0,100.000000,27,2.0,0.0,0.0,0.0,0.0,0.0,0.0,1.0
173549,0,1,3400,-76,76,583,21,7.8,4.0,0.0,100.000000,27,2.0,0.0,0.0,0.0,0.0,0.0,0.0,1.0
173798,0,1,3400,-76,76,589,21,8.0,4.0,0.0,100.000000,27,1.9,0.0,0.0,0.0,0.0,0.0,0.0,1.0
174047,0,1,3400,-76,76,587,21,8.0,4.0,0.0,100.000000,27,2.0,0.0,0.0,0.0,0.0,0.0,0.0,1.0
174296,0,1,3400,-76,76,587,21,8.0,4.0,0.0,100.000000,27,2.0,0.0,0.0,0.0,0.0,0.0,0.0,1.0
174545,0,1,3400,-77,77,585,24,8.4,4.0,0.0,100.000000,27,2.0,0.0,0.0,0.0,0.0,0.0,0.0,1.0
174794,0,1,3400,-76,76,584,21,7.9,4.0,0.0,100.000000,27,2.0,0.0,0.0,0.0,0.0,0.0,0.0,1.0
175043,0,1,3400,-77,77,588,20,7.9,4.0,0.0,100.000000,27,2.0,0.0,0.0,0.0,0.0,0.0,0.0,1.0
175292,0,1,3400,-77,77,586,20,8.2,4.0,0.0,100.000000,27,2.0,0.0,0.0,0.0,0.0,0.0,0.0,1.0
175541,0,1,3400,-76,76,586,20,8.0,4.0,0.0,100.000000,27,2.0,0.0,0.0,0.0,0.0,0.0,0.0,1.0
175790,0,1,3400,-77,77,586,20,8.0,4.0,0.0,100.000000,27,2.0,0.0,0.0,0.0,0.0,0.0,0.0,1.0
176039,0,1,3400,-77,77,584,20,8.2,4.0,0.0,100.000000,27,2.0,0.0,0.0,0.0,0.0,0.0,0.0,1.0
176288,0,1,3400,-77,77,581,20,8.1,4.0,0.0,100.000000,27,2.0,0.0,0.0,0.0,0.0,0.0,0.0,1.0
176537,0,1,3400,-76,76,581,23,7.9,4.0,0.0,100.000000,27,2.0,0.0,0.0,0.0,0.0,0.0,0.0,1.0
176786,0,1,3400,-77,77,584,25,7.9,4.0,0.0,100.000000,27,2.0,0.0,0.0,0.0,0.0,0.0,0.0,1.0
177035,0,1,3400,-76,76,589,24,7.8,4.0,0.0,100.000000,27,2.0,0.0,0.0,0.0,0.0,0.0,0.0,1.0
177284,0,1,3400,-77,77,587,21,8.2,4.0,0.0,100.000000,27,2.0,0.0,0.0,0.0,0.0,0.0,0.0,1.0
177533,0,1,3400,-76,76,588,17,8.0,4.0,0.0,100.000000,27,2.0,0.0,0.0,0.0,0.0,0.0,0.0,1.0
177782,0,1,3400,-77,77,587,17,8.1,4.0,0.0,100.000000,27,2.0,0.0,0.0,0.0,0.0,0.0,0.0,1.0
178031,0,1,3400,-77,77,584,18,8.4,4.0,0.0,100.000000,27,2.0,0.0,0.0,0.0,0.0,0.0,0.0,1.0
178280,0,1,3400,-77,77,588,18,8.2,4.0,0.0,100.000000,27,2.0,0.0,0.0,0.0,0.0,0.0,0.0,1.0
178529,0,1,3400,-76,76,589,18,7.9,4.0,0.0,100.000000,27,2.0,0.0,0.0,0.0,0.0,0.0,0.0,1.0
178778,0,1,3400,-76,76,583,4.9,7.7,1.6,13728.000000,29,27,2.0,0.0,0.0,0.0,0.0,0.0,0.0,1.0
179027,0,1,3400,-76,76,583,3.4,7.9,1.4,24096.000000,25,27,7.3,0.0,11328.000000,33,0.0,0.0,0.0,1.0
179276,0,1,3400,-76,76,586,15,8.5,3.9,2720.000000,99,27,17,0.0,0.0,0.0,0.0,0.0,0.0,1.0
179525,0,1,3400,-76,76,585,19,8.9,4.0,0.0,100.000000,27,17,0.0,0.0,0.0,0.0,0.0,0.0,1.0
179774,0,1,3400,-76,76,586,23,8.8,4.0,0.0,100.000000,27,17,0.0,0.0,0.0,0.0,0.0,0.0,1.0
180023,0,1,3400,-75,75,585,27,9.3,4.0,0.0,100.000000,27,18,0.0,0.0,0.0,0.0,0.0,0.0,1.0
180272,0,1,3400,-75,75,584,9.7,9.3,2.3,80576.000000,36,27,17,0.0,0.0,0.0,0.0,0.0,0.0,1.0
180521,0,1,3400,-75,75,587,4.0,9.8,0.52,58368.000000,0,27,13,0.0,42656.000000,0,0.0,0.0,0.0,1.0
180770,0,1,3400,-75,75,587,7.2,9.6,1.4,50976.000000,14,27,2.0,0.0,24256.000000,41,0.0,0.0,0.0,1.0
181019,0,1,3400,-75,75,586,22,9.6,4.0,0.0,100.000000,27,0.0,0.0,0.0,0.0,0.0,0.0,0.0,1.0
181268,0,1,3400,-75,75,587,22,9.6,4.0,0.0,100.000000,27,0.0,0.0,0.0,0.0,0.0,0.0,0.0,1.0
181517,0,1,3400,-75,75,583,5.3,9.8,0.64,120032.000000,0,27,0.14,0.0,44448.000000,0,0.0,0.0,0.0,1.0
181766,0,1,3400,-75,75,585,9.3,10,2.3,99104.000000,30,27,0.0,0.0,0.0,0.0,0.0,0.0,0.0,1.0
182015,0,1,3400,-75,75,583,4.9,9.8,0.53,69856.000000,0,27,1.4,0.0,52736.000000,0,0.0,0.0,0.0,1.0
182264,0,1,3400,-75,75,583,5.2,9.6,1.2,60768.000000,8,27,2.2,0.0,38848.000000,4,0.0,0.0,0.0,1.0
182513,0,1,3400,-75,75,582,1.6,9.6,0.50,37184.000000,0,27,1.0,0.0,0.0,0.0,0.0,0.0,0.0,1.0
182762,0,1,3400,-75,75,582,2.5,9.7,0.50,53216.000000,0,27,1.1,0.0,38112.000000,0,0.0,0.0,0.0,1.0
183011,0,1,3400,-75,75,588,18,9.4,3.5,3520.000000,79,27,1.00,0.0,0.0,0.0,0.0,0.0,0.0,1.0
183260,0,1,3400,-75,75,589,15,9.8,3.4,56288.000000,69,27,0.98,0.0,0.0,0.0,0.0,0.0,0.0,1.0
183509,0,1,3400,-75,75,584,12,9.7,3.2,127136.000000,50,27,1.0,0.0,0.0,0.0,0.0,0.0,0.0,1.0
183758,0,1,3400,-75,75,582,4.1,9.3,0.53,76800.000000,0,27,1.1,21,4256.000000,0,0.0,0.0,0.0,1.0
184007,0,1,3400,-74,74,584,4.3,10,0.50,80736.000000,0,27,3.8,0.0,117344.000000,7,0.0,0.0,0.0,1.0
184256,0,1,3400,-74,74,586,4.6,10,0.50,60576.000000,0,27,3.0,0.0,40160.000000,6,0.0,0.0,0.0,1.0
184505,0,1,3400,-74,74,584,18,11,2.7,17248.000000,81,27,3.0,0.0,0.0,0.0,0.0,0.0,0.0,1.0
184754,0,1,3400,-74,74,584,24,11,4.0,0.0,100.000000,27,3.0,0.0,0.0,0.0,0.0,0.0,0.0,1.0
185003,0,1,3400,-74,74,583,24,11,4.0,0.0,100.000000,27,3.0,0.0,0.0,0.0,0.0,0.0,0.0,1.0
185252,0,1,3400,-74,74,583,27,11,4.0,0.0,100.000000,27,3.0,0.0,0.0,0.0,0.0,0.0,0.0,1.0
185501,0,1,3400,-74,74,585,15,10,2.2,124224.000000,11,27,2.0,539,41312.000000,0,0.0,0.0,0.0,1.0
185750,0,1,3400,-74,74,587,19,11,3.4,33600.000000,82,27,0.088,0.0,50176.000000,7,0.0,0.0,0.0,1.0
185999,0,1,3400,-74,74,588,19,10,4.0,0.0,100.000000,27,0.0,0.0,0.0,0.0,0.0,0.0,0.0,1.0
186248,0,1,3400,-74,74,587,19,10,4.0,0.0,100.000000,27,0.0,0.0,0.0,0.0,0.0,0.0,0.0,1.0
186497,0,1,3400,-74,74,585,19,11,4.0,0.0,100.000000,27,0.0,0.0,0.0,0.0,0.0,0.0,0.0,1.0
186746,0,1,3400,-74,74,585,20,11,4.0,0.0,100.000000,27,0.0,0.0,0.0,0.0,0.0,0.0,0.0,1.0
186995,0,1,3400,-74,74,585,8.5,11,1.1,76832.000000,11,27,0.0,581,0.0,0.0,0.0,0.0,0.0,1.0
187244,0,1,3400,-73,73,583,6.0,11,0.50,92512.000000,0,27,0.76,0.0,38560.000000,0,0.0,0.0,0.0,1.0
187493,0,1,3400,-73,73,583,6.0,11,0.51,123872.000000,0,27,1.0,0.0,25568.000000,0,0.0,0.0,0.0,1.0
187742,0,1,3400,-73,73,586,6.0,11,0.50,86240.000000,0,27,0.0,0.0,0.0,0.0,0.0,0.0,0.0,1.0
187991,0,1,3400,-73,73,587,6.0,11,0.50,81536.000000,0,27,0.0,0.0,0.0,0.0,0.0,0.0,0.0,1.0
188240,0,1,3400,-74,74,586,8.9,11,0.84,185312.000000,0,27,0.0,0.0,0.0,0.0,0.0,0.0,0.0,1.0
188489,0,1,3400,-74,74,584,6.0,11,0.50,106624.000000,0,27,0.57,0.0,61504.000000,0,0.0,0.0,0.0,1.0
188738,0,1,3400,-74,74,584,6.5,10,0.70,144096.000000,0,27,2.0,0.0,0.0,0.0,0.0,0.0,0.0,1.0
188987,0,1,3400,-74,74,579,22,10,3.6,12544.000000,89,27,2.0,0.0,0.0,0.0,0.0,0.0,0.0,1.0
189236,0,1,3400,-74,74,583,20,11,4.0,0.0,100.000000,27,2.0,0.0,0.0,0.0,0.0,0.0,0.0,1.0
189485,0,1,3400,-74,74,586,16,10,3.3,12192.000000,75,27,2.0,0.0,0.0,0.0,0.0,0.0,0.0,1.0
189734,0,1,3400,-74,74,586,2.9,11,0.50,85952.000000,0,27,2.0,0.0,6848.000000,0,0.0,0.0,0.0,1.0
189983,0,1,3400,-74,74,583,7.1,11,0.76,115680.000000,0,27,3.5,0.0,39776.000000,20,0.0,0.0,0.0,1.0
190232,0,1,3400,-74,74,584,12,10,1.7,119200.000000,0,27,3.5,0.0,0.0,0.0,0.0,0.0,0.0,1.0
190481,0,1,3400,-74,74,584,5.0,10,0.99,82848.000000,0,27,3.5,581,0.0,0.0,0.0,0.0,0.0,1.0
190730,0,1,3400,-74,74,582,11,10,2.8,91360.000000,58,27,0.65,0.0,32480.000000,4,0.0,0.0,0.0,1.0
190979,0,1,3400,-74,74,583,14,10,3.4,55776.000000,77,27,0.0,0.0,0.0,0.0,0.0,0.0,0.0,1.0
191228,0,1,3400,-74,74,584,8.9,10,1.6,107584.000000,18,27,0.0,0.0,0.0,0.0,0.0,0.0,0.0,1.0
191477,0,1,3400,-75,75,585,6.0,10,0.56,125943.773438,0,27,0.048,455,0.0,0,0.0,0.0,0.0,1.0
191726,0,1,3400,-75,75,585,5.1,9.9,0.72,80701.195312,2,27,6.7,0.0,54406.375000,0,0.0,0.0,0.0,1.0
191975,0,1,3400,-75,75,585,24,9.9,3.6,3072.000000,96,27,7.0,0.0,0.0,0.0,0.0,0.0,0.0,1.0
192224,0,1,3400,-74,74,584,21,10,4.0,0.0,100.000000,27,7.0,0.0,0.0,0.0,0.0,0.0,0.0,1.0
192473,0,1,3400,-74,74,583,18,11,3.7,22912.000000,85,27,7.0,0.0,0.0,0.0,0.0,0.0,0.0,1.0
192722,0,1,3400,-74,74,583,19,11,4.0,5664.000000,99,27,7.0,0.0,0.0,0.0,0.0,0.0,0.0,1.0
192971,0,1,3400,-74,74,585,7.2,11,0.83,73696.000000,10,27,7.0,0.0,0.0,0.0,0.0,0.0,0.0,1.0
193220,0,1,3400,-73,73,586,7.9,11,0.65,82880.000000,0,27,1.9,0.0,36576.000000,16,0.0,0.0,0.0,1.0
193469,0,1,3400,-73,73,583,7.7,11,0.56,95200.000000,0,27,0.14,295,0.0,0,0.0,0.0,0.0,1.0
193718,0,1,3400,-73,73,584,6.0,12,0.50,111328.000000,0,27,4.3,0.0,62720.000000,12,0.0,0.0,0.0,1.0
193967,0,1,3400,-73,73,584,6.0,12,0.50,98784.000000,0,27,4.0,0.0,0.0,0.0,0.0,0.0,0.0,1.0
194216,0,1,3400,-74,74,585,8.3,11,1.3,114816.000000,13,27,4.0,0.0,0.0,0.0,0.0,0.0,0.0,1.0
194465,0,1,3400,-74,74,584,6.2,11,0.57,112192.000000,0,27,3.0,0.0,32288.000000,8,0.0,0.0,0.0,1.0
194714,0,1,3400,-74,74,583,16,11,3.5,10976.000000,90,27,0.0,0.0,0.0,0.0,0.0,0.0,0.0,1.0
194963,0,1,3400,-74,74,582,17,10,4.0,4512.000000,98,27,0.0,0.0,0.0,0.0,0.0,0.0,0.0,1.0
195212,0,1,3400,-74,74,582,18,10,4.0,4512.000000,98,27,0.0,0.0,0.0,0.0,0.0,0.0,0.0,1.0
195461,0,1,3400,-75,75,583,19,10,4.0,0.0,100.000000,27,0.0,0.0,0.0,0.0,0.0,0.0,0.0,1.0
195710,0,1,3400,-75,75,584,21,9.6,4.0,0.0,100.000000,27,4.6,0.0,7456.000000,0,0.0,0.0,0.0,1.0
195959,0,1,3400,-75,75,584,22,11,4.0,0.0,100.000000,27,14,0.0,0.0,0.0,0.0,0.0,0.0,1.0
196208,0,1,3400,-74,74,584,17,10,2.4,54880.000000,53,27,13,0.0,0.0,0.0,0.0,0.0,0.0,1.0
196457,0,1,3400,-74,74,583,27,10,4.0,0.0,100.000000,27,14,0.0,0.0,0.0,0.0,0.0,0.0,1.0
196706,0,1,3400,-74,74,582,17,11,3.2,44416.000000,74,27,14,0.0,0.0,0.0,0.0,0.0,0.0,1.0
196955,0,1,3400,-74,74,581,4.8,11,0.60,79456.000000,0,27,14,0.0,0.0,0.0,0.0,0.0,0.0,1.0
197204,0,1,3400,-74,74,582,9.5,11,1.5,67872.000000,21,27,5.8,0.0,101024.000000,15,0.0,0.0,0.0,1.0
197453,0,1,3400,-74,74,582,22,11,4.0,0.0,100.000000,27,5.5,0.0,0.0,0.0,0.0,0.0,0.0,1.0
197702,0,1,3400,-74,74,585,19,10,3.5,15680.000000,64,27,5.5,0.0,0.0,0.0,0.0,0.0,0.0,1.0
197951,0,1,3400,-74,74,586,19,11,3.6,12544.000000,85,27,5.5,0.0,0.0,0.0,0.0,0.0,0.0,1.0
198200,0,1,3400,-73,73,583,21,11,4.0,0.0,100.000000,27,5.5,0.0,0.0,0.0,0.0,0.0,0.0,1.0
198449,0,1,3400,-73,73,581,13,12,1.9,123872.000000,33,27,5.0,581,59232.000000,0,0.0,0.0,0.0,1.0
198698,0,1,3400,-73,73,583,7.7,12,0.70,155072.000000,0,27,3.4,0.0,42208.000000,10,0.0,0.0,0.0,1.0
198947,0,1,3400,-73,73,583,12,12,2.1,53760.000000,52,27,3.5,0.0,0.0,0.0,0.0,0.0,0.0,1.0
199196,0,1,3400,-73,73,584,7.8,12,1.0,72992.000000,15,27,3.5,0.0,0.0,0.0,0.0,0.0,0.0,1.0
199445,0,1,3400,-73,73,586,16,11,2.8,23520.000000,67,27,3.5,0.0,0.0,0.0,0.0,0.0,0.0,1.0
199694,0,1,3400,-73,73,587,6.1,11,0.53,105056.000000,0,27,2.9,0.0,33696.000000,0,0.0,0.0,0.0,1.0
199943,0,1,3400,-73,73,584,6.4,11,0.57,124512.000000,1,27,1.0,0.0,0.0,0.0,0.0,0.0,0.0,1.0
200192,0,1,3400,-73,73,583,6.8,11,0.61,135424.000000,0,27,1.00,0.0,0.0,0.0,0.0,0.0,0.0,1.0
200441,0,1,3400,-74,74,585,6.0,11,0.50,120736.000000,0,27,0.97,539,0.0,0,0.0,0.0,0.0,1.0
200690,0,1,3400,-74,74,581,8.2,10,1.1,78400.000000,7,27,2.0,0.0,40160.000000,7,0.0,0.0,0.0,1.0
200939,0,1,3400,-74,74,581,5.0,11,0.55,72320.000000,0,27,2.0,0.0,0.0,0.0,0.0,0.0,0.0,1.0
201188,0,1,3400,-74,74,579,5.9,10,0.52,87264.000000,0,27,2.0,0.0,0.0,0.0,0.0,0.0,0.0,1.0
201437,0,1,3400,-75,75,581,5.3,10,0.53,100864.000000,0,27,2.5,0.0,51776.000000,15,0.0,0.0,0.0,1.0
201686,0,1,3400,-75,75,584,5.3,10,0.52,107008.000000,0,27,6.0,0.0,0.0,0.0,0.0,0.0,0.0,1.0
201935,0,1,3400,-75,75,584,7.8,10.0,1.3,159520.000000,0,27,6.0,0.0,0.0,0.0,0.0,0.0,0.0,1.0
202184,0,1,3400,-75,75,582,5.6,10.0,0.72,93280.000000,1,27,5.9,0.0,0.0,0.0,0.0,0.0,0.0,1.0
202433,0,1,3400,-75,75,581,4.0,9.8,0.50,83968.000000,0,27,5.5,0.0,61184.000000,0,0.0,0.0,0.0,1.0
202682,0,1,3400,-75,75,584,5.5,9.8,0.56,133728.000000,0,27,3.0,0.0,0.0,0.0,0.0,0.0,0.0,1.0
202931,0,1,3400,-75,75,586,13,9.8,2.4,93056.000000,43,27,3.0,0.0,0.0,0.0,0.0,0.0,0.0,1.0
203180,0,1,3400,-74,74,583,6.7,10,0.74,103488.000000,4,27,3.0,0.0,0.0,0.0,0.0,0.0,0.0,1.0
203429,0,1,3400,-74,74,582,6.0,10,0.52,108192.000000,0,27,3.0,0.0,29536.000000,10,0.0,0.0,0.0,1.0
203678,0,1,3400,-74,74,583,13,11,1.8,92896.000000,30,27,3.5,0.0,7200.000000,50,0.0,0.0,0.0,1.0
203927,0,1,3400,-74,74,582,6.5,10,0.64,116480.000000,0,27,4.8,0.0,4896.000000,33,0.0,0.0,0.0,1.0
204176,0,1,3400,-74,74,581,15,11,2.1,58016.000000,46,27,5.5,0.0,0.0,0.0,0.0,0.0,0.0,1.0
204425,0,1,3400,-74,74,583,21,11,3.4,37301.203125,74,27,5.5,0.0,0.0,0.0,0.0,0.0,0.0,1.0
204674,0,1,3400,-74,74,584,17,11,2.8,84736.000000,52,27,5.8,0.0,55488.000000,13,0.0,0.0,0.0,1.0
204923,0,1,3400,-74,74,582,16,11,2.5,34358.566406,56,27,6.9,0.0,0.0,0.0,0.0,0.0,0.0,1.0
205172,0,1,3400,-73,73,582,6.0,11,0.50,120736.000000,0,27,7.0,0.0,0.0,0.0,0.0,0.0,0.0,1.0
205421,0,1,3400,-73,73,583,7.9,12,1.1,121600.000000,9,27,6.5,0.0,68640.000000,10,0.0,0.0,0.0,1.0
205670,0,1,3400,-73,73,581,23,12,4.0,0.0,100.000000,27,7.9,0.0,0.0,100.000000,0.0,0.0,0.0,1.0
205919,0,1,3400,-73,73,582,23,12,4.0,0.0,100.000000,27,8.0,0.0,0.0,0.0,0.0,0.0,0.0,1.0
206168,0,1,3400,-73,73,582,15,12,2.5,97056.000000,43,27,8.0,0.0,0.0,0.0,0.0,0.0,0.0,1.0
206417,0,1,3400,-72,72,582,17,12,3.5,58656.000000,80,27,7.9,0.0,0.0,0.0,0.0,0.0,0.0,1.0
206666,0,1,3400,-72,72,585,13,13,1.9,116992.000000,36,27,4.9,0.0,51168.000000,3,0.0,0.0,0.0,1.0
206915,0,1,3400,-72,72,584,19,13,4.0,9376.000000,99,27,2.5,0.0,0.0,0.0,0.0,0.0,0.0,1.0
207164,0,1,3400,-72,72,583,19,13,3.9,27936.000000,93,27,2.5,0.0,0.0,0.0,0.0,0.0,0.0,1.0
207413,0,1,3400,-71,71,581,19,12,3.8,73440.000000,87,27,2.5,0.0,0.0,0.0,0.0,0.0,0.0,1.0
207662,0,1,3400,-71,71,584,13,12,1.9,101952.000000,19,27,1.6,0.0,25984.000000,11,0.0,0.0,0.0,1.0
207911,0,1,3400,-71,71,585,10,13,1.1,216480.000000,18,27,0.0,0.0,0.0,0.0,0.0,0.0,0.0,1.0
208160,0,1,3400,-71,71,584,11,13,1.1,251264.000000,18,27,0.0,0.0,0.0,0.0,0.0,0.0,0.0,1.0
208409,0,1,3400,-71,71,585,19,13,3.9,87232.000000,88,27,0.0,0.0,0.0,0.0,0.0,0.0,0.0,1.0
208658,0,1,3400,-71,71,584,16,13,2.8,86336.000000,63,27,0.0,0.0,0.0,0.0,0.0,0.0,0.0,1.0
208907,0,1,3400,-71,71,583,15,13,2.6,94528.000000,67,27,7.4,0.0,85440.000000,10,0.0,0.0,0.0,1.0
209156,0,1,3400,-71,71,582,19,13,3.9,57440.000000,91,27,12,0.0,0.0,0.0,0.0,0.0,0.0,1.0
209405,0,1,3400,-71,71,584,19,13,4.0,28672.000000,94,27,11,0.0,0.0,0.0,0.0,0.0,0.0,1.0
209654,0,1,3400,-71,71,582,15,13,2.3,153536.000000,45,27,9.1,0.0,32544.000000,4,0.0,0.0,0.0,1.0
209903,0,1,3400,-71,71,585,9.5,13,0.57,259648.000000,0,27,0.0,0.0,0.0,0.0,0.0,0.0,0.0,1.0
210152,0,1,3400,-71,71,585,9.4,13,0.53,282656.000000,0,27,0.0,0.0,0.0,0.0,0.0,0.0,0.0,1.0
210401,0,1,3400,-70,70,584,15,13,1.8,174944.000000,37,27,0.0,0.0,0.0,0.0,0.0,0.0,0.0,1.0
210650,0,1,3400,-70,70,581,22,13,3.9,610,98,27,0.0,0.0,0.0,0.0,0.0,0.0,0.0,1.0
210899,0,1,3400,-70,70,581,16,14,2.4,137312.000000,46,27,0.0,581,0.0,0.0,0.0,0.0,0.0,1.0
211148,0,1,3400,-70,70,581,5.3,14,0.52,151424.000000,0,27,1.7,0.0,50208.000000,9,0.0,0.0,0.0,1.0
211397,0,1,3400,-70,70,580,7.4,13,1.1,156015.937500,16,27,2.0,581,0.0,0.0,0.0,0.0,0.0,1.0
211646,0,1,3400,-70,70,583,8.5,14,0.62,218368.000000,0,27,3.3,0.0,45856.000000,0,0.0,0.0,0.0,1.0
211895,0,1,3400,-70,70,584,9.7,13,1.0,303616.000000,2,27,4.0,0.0,0.0,0.0,0.0,0.0,0.0,1.0
212144,0,1,3400,-71,71,583,16,13,2.4,365216.000000,18,27,4.0,0.0,0.0,0.0,0.0,0.0,0.0,1.0
212393,0,1,3400,-71,71,584,17,13,3.4,347424.000000,40,27,4.0,0.0,0.0,0.0,0.0,0.0,0.0,1.0
212642,0,1,3400,-71,71,582,12,13,1.5,309024.000000,15,27,3.3,0.0,27488.000000,17,0.0,0.0,0.0,1.0
212891,0,1,3400,-71,71,583,9.1,13,0.59,240544.000000,0,27,1.00,0.0,0.0,0.0,0.0,0.0,0.0,1.0
213140,0,1,3400,-71,71,583,9.2,13,0.60,286816.000000,0,27,1.0,0.0,0.0,0.0,0.0,0.0,0.0,1.0
213389,0,1,3400,-71,71,583,7.9,13,0.53,250144.000000,0,27,1.0,507,0.0,0,0.0,0.0,0.0,1.0
213638,0,1,3400,-71,71,583,9.6,13,0.64,260256.000000,0,27,1.9,0.0,40640.000000,10,0.0,0.0,0.0,1.0
213887,0,1,3400,-71,71,581,9.4,13,0.62,283040.000000,0,27,2.0,0.0,0.0,0.0,0.0,0.0,0.0,1.0
214136,0,1,3400,-71,71,583,7.9,13,0.53,260896.000000,0,27,2.0,0.0,0.0,0.0,0.0,0.0,0.0,1.0
214385,0,1,3400,-71,71,583,8.1,13,0.57,170944.000000,0,27,1.3,0.0,27776.000000,14,0.0,0.0,0.0,1.0
214634,0,1,3400,-71,71,583,9.4,13,0.63,262624.000000,0,27,0.016,0.0,0.0,0.0,0.0,0.0,0.0,1.0
214883,0,1,3400,-71,71,583,9.0,13,0.53,264800.000000,0,27,0.032,0.0,0.0,0.0,0.0,0.0,0.0,1.0
215132,0,1,3400,-71,71,582,9.4,13,0.56,280192.000000,0,27,0.032,0.0,0.0,0.0,0.0,0.0,0.0,1.0
215381,0,1,3400,-70,70,581,10,13,0.67,325856.000000,0,27,0.45,0.0,57792.000000,9,0.0,0.0,0.0,1.0
215630,0,1,3400,-70,70,584,15,14,2.2,268928.000000,32,27,5.5,0.0,0.0,0.0,0.0,0.0,0.0,1.0
215879,0,1,3400,-70,70,584,18,14,2.9,164864.000000,62,27,5.5,0.0,0.0,0.0,0.0,0.0,0.0,1.0
216128,0,1,3400,-71,71,586,14,13,2.4,129312.000000,52,27,5.5,0.0,0.0,0.0,0.0,0.0,0.0,1.0
216377,0,1,3400,-71,71,585,5.3,13,0.53,163744.000000,0,27,4.2,0.0,41344.000000,0,0.0,0.0,0.0,1.0
216626,0,1,3400,-71,71,581,12,13,1.3,233984.000000,24,27,2.0,0.0,0.0,0.0,0.0,0.0,0.0,1.0
216875,0,1,3400,-71,71,582,22,13,4.0,0.0,100.000000,27,2.0,0.0,0.0,0.0,0.0,0.0,0.0,1.0
217124,0,1,3400,-72,72,583,21,12,4.0,0.0,100.000000,27,2.0,0.0,0.0,0.0,0.0,0.0,0.0,1.0
217373,0,1,3400,-72,72,581,14,12,2.4,104864.000000,52,27,1.9,539,0.0,0,0.0,0.0,0.0,1.0
217622,0,1,3400,-72,72,584,7.9,12,0.60,211776.000000,0,27,5.4,0.0,31424.000000,6,0.0,0.0,0.0,1.0
217871,0,1,3400,-72,72,582,8.8,11,1.1,170613.546875,11,27,5.5,0.0,0.0,0.0,0.0,0.0,0.0,1.0
218120,0,1,3400,-73,73,581,4.7,11,0.50,151904.000000,0,27,5.5,0.0,0.0,0.0,0.0,0.0,0.0,1.0
218369,0,1,3400,-73,73,582,15,11,2.4,136512.000000,48,27,5.5,0.0,0.0,0.0,0.0,0.0,0.0,1.0
218618,0,1,3400,-73,73,584,21,11,4.0,0.0,100.000000,27,5.5,0.0,0.0,0.0,0.0,0.0,0.0,1.0
218867,0,1,3400,-73,73,582,15,11,2.6,84800.000000,61,27,5.5,0.0,0.0,0.0,0.0,0.0,0.0,1.0
219116,0,1,3400,-72,72,585,7.1,12,0.65,196416.000000,0,27,6.5,0.0,70880.000000,0,0.0,0.0,0.0,1.0
219365,0,1,3400,-72,72,583,8.5,12,0.63,194848.000000,0,27,5.2,0.0,27968.000000,0,0.0,0.0,0.0,1.0
219614,0,1,3400,-72,72,580,8.9,12,0.65,176288.000000,0,27,0.0,0.0,0.0,0.0,0.0,0.0,0.0,1.0
219863,0,1,3400,-72,72,580,14,12,2.6,93024.000000,60,27,0.0,0.0,0.0,0.0,0.0,0.0,0.0,1.0
220112,0,1,3400,-73,73,580,10,11,1.7,190624.000000,26,27,0.016,0.0,0.0,0.0,0.0,0.0,0.0,1.0
220361,0,1,3400,-73,73,583,6.1,11,0.76,184896.000000,0,27,0.38,0.0,31616.000000,10,0.0,0.0,0.0,1.0
220610,0,1,3400,-73,73,584,8.0,11,0.81,175168.000000,0,27,1.0,0.0,1568.000000,0,0.0,0.0,0.0,1.0
220859,0,1,3400,-73,73,582,5.9,11,0.50,133952.000000,0,27,1.00,0.0,0.0,0.0,0.0,0.0,0.0,1.0
221108,0,1,3400,-73,73,580,4.3,11,0.50,133184.000000,0,27,1.0,0.0,0.0,0.0,0.0,0.0,0.0,1.0
221357,0,1,3400,-73,73,580,4.8,11,0.50,136864.000000,0,27,0.98,539,0.0,0,0.0,0.0,0.0,1.0
221606,0,1,3400,-73,73,582,5.9,11,0.50,163520.000000,0,27,0.088,0.0,32736.000000,0,0.0,0.0,0.0,1.0
221855,0,1,3400,-73,73,582,16,11,3.7,19200.000000,91,27,0.016,0.0,0.0,0.0,0.0,0.0,0.0,1.0
222104,0,1,3400,-73,73,584,8.4,10,1.3,197408.000000,13,27,0.016,0.0,0.0,0.0,0.0,0.0,0.0,1.0
222353,0,1,3400,-74,74,587,8.5,10,0.95,236992.000000,0,27,0.33,0.0,28448.000000,10,0.0,0.0,0.0,1.0
222602,0,1,3400,-74,74,584,8.2,10,1.2,258560.000000,0,27,2.0,0.0,0.0,0.0,0.0,0.0,0.0,1.0
222851,0,1,3400,-74,74,584,10,10,1.9,304000.000000,0,27,2.0,0.0,0.0,0.0,0.0,0.0,0.0,1.0
223100,0,1,3400,-74,74,581,8.4,10,1.2,251104.000000,0,27,2.0,0.0,0.0,0.0,0.0,0.0,0.0,1.0
223349,0,1,3400,-74,74,579,7.7,10,1.2,147616.000000,12,27,1.6,0.0,27776.000000,6,0.0,0.0,0.0,1.0
223598,0,1,3400,-74,74,583,12,10,2.3,137606.421875,38,27,0.016,0.0,0.0,0.0,0.0,0.0,0.0,1.0
223847,0,1,3400,-74,74,580,7.6,9.9,1.1,215008.000000,0,27,0.032,0.0,0.0,0.0,0.0,0.0,0.0,1.0
224096,0,1,3400,-74,74,579,5.9,9.7,0.57,177664.000000,0,27,0.032,0.0,0.0,0.0,0.0,0.0,0.0,1.0
224345,0,1,3400,-75,75,584,6.0,9.3,0.56,197035.859375,0,27,0.12,0.0,11984.063477,24,0.0,0.0,0.0,1.0
224594,0,1,3400,-75,75,582,4.5,9.4,0.53,166016.000000,0,27,0.22,0.0,25824.000000,15,0.0,0.0,0.0,1.0
224843,0,1,3400,-75,75,585,5.5,9.6,0.59,117920.000000,0,27,0.048,0.0,0.0,0.0,0.0,0.0,0.0,1.0
225092,0,1,3400,-74,74,584,4.9,9.9,0.54,141184.000000,0,27,0.016,0.0,0.0,0.0,0.0,0.0,0.0,1.0
225341,0,1,3400,-74,74,583,6.1,10,0.54,167744.000000,0,27,0.26,0.0,35680.000000,28,0.0,0.0,0.0,1.0
225590,0,1,3400,-74,74,582,11,9.8,2.1,150112.000000,0,27,1.0,0.0,0.0,0.0,0.0,0.0,0.0,1.0
225839,0,1,3400,-74,74,582,6.0,10,0.54,148704.000000,0,27,1.0,0.0,0.0,0.0,0.0,0.0,0.0,1.0
226088,0,1,3400,-74,74,582,4.1,9.7,0.51,90080.000000,0,27,1.0,0.0,0.0,0.0,0.0,0.0,0.0,1.0
226337,0,1,3400,-75,75,579,4.2,9.4,0.51,110272.000000,0,27,1.00,581,0.0,0.0,0.0,0.0,0.0,1.0
226586,0,1,3400,-75,75,580,11,9.4,2.9,81696.000000,65,27,9.3,0.0,43424.000000,29,0.0,0.0,0.0,1.0
226835,0,1,3400,-75,75,581,14,9.5,3.8,53824.000000,87,27,15,0.0,0.0,0.0,0.0,0.0,0.0,1.0
227084,0,1,3400,-75,75,583,4.4,9.2,0.64,141056.000000,1,27,15,0.0,0.0,0.0,0.0,0.0,0.0,1.0
227333,0,1,3400,-75,75,582,3.9,9.4,0.50,108832.000000,0,27,15,581,0.0,0.0,0.0,0.0,0.0,1.0
227582,0,1,3400,-75,75,585,20,9.6,2.9,32800.000000,74,27,3.8,0.0,32096.000000,19,0.0,0.0,0.0,1.0
227831,0,1,3400,-75,75,582,13,9.2,1.8,173920.000000,20,27,2.0,0.0,0.0,0.0,0.0,0.0,0.0,1.0
228080,0,1,3400,-75,75,581,6.7,9.3,1.0,188832.000000,0,27,2.0,0.0,0.0,0.0,0.0,0.0,0.0,1.0
228329,0,1,3400,-75,75,580,3.9,9.3,0.52,47424.000000,0,27,2.0,0.0,0.0,0.0,0.0,0.0,0.0,1.0
228578,0,1,3400,-75,75,584,3.8,9.3,0.50,56352.000000,0,27,1.9,0.0,33760.000000,20,0.0,0.0,0.0,1.0
228827,0,1,3400,-75,75,582,5.9,9.2,0.86,48256.000000,14,27,2.0,0.0,0.0,0.0,0.0,0.0,0.0,1.0
229076,0,1,3400,-75,75,582,25,9.4,4.0,0.0,100.000000,27,2.0,0.0,0.0,0.0,0.0,0.0,0.0,1.0
229325,0,1,3400,-75,75,577,24,9.4,4.0,0.0,100.000000,27,2.0,0.0,0.0,0.0,0.0,0.0,0.0,1.0
229574,0,1,3400,-75,75,578,23,9.3,4.0,0.0,100.000000,27,2.0,0.0,0.0,0.0,0.0,0.0,0.0,1.0
229823,0,1,3400,-75,75,579,23,9.3,4.0,0.0,100.000000,27,2.0,0.0,0.0,0.0,0.0,0.0,0.0,1.0
230072,0,1,3400,-75,75,581,23,9.2,4.0,0.0,100.000000,27,2.0,0.0,0.0,0.0,0.0,0.0,0.0,1.0
230321,0,1,3400,-75,75,584,23,9.2,4.0,0.0,100.000000,27,2.0,0.0,0.0,0.0,0.0,0.0,0.0,1.0
230570,0,1,3400,-75,75,586,22,9.4,4.0,0.0,100.000000,27,2.0,0.0,0.0,0.0,0.0,0.0,0.0,1.0
230819,0,1,3400,-75,75,582,17,9.5,3.0,130709.164062,57,27,2.0,0.0,0.0,0.0,0.0,0.0,0.0,1.0
231068,0,1,3400,-75,75,580,8.5,9.5,0.99,135616.000000,0,27,2.0,0.0,0.0,0.0,0.0,0.0,0.0,1.0
231317,0,1,3400,-75,75,582,8.5,9.2,0.95,69216.000000,0,27,2.0,0.0,0.0,0.0,0.0,0.0,0.0,1.0
231566,0,1,3400,-75,75,581,7.5,9.2,0.79,209184.000000,0,27,2.0,0.0,0.0,0.0,0.0,0.0,0.0,1.0
231815,0,1,3400,-75,75,579,3.8,9.2,0.50,75712.000000,0,27,2.0,0.0,0.0,0.0,0.0,0.0,0.0,1.0
232064,0,1,3400,-75,75,581,3.9,9.5,0.50,110528.000000,0,27,2.0,0.0,0.0,0.0,0.0,0.0,0.0,1.0
232313,0,1,3400,-75,75,582,3.9,9.5,0.50,123904.000000,0,27,2.0,0.0,0.0,0.0,0.0,0.0,0.0,1.0
232562,0,1,3400,-75,75,583,3.8,9.4,0.50,116160.000000,0,27,2.0,0.0,0.0,0.0,0.0,0.0,0.0,1.0
232811,0,1,3400,-75,75,582,4.1,9.5,0.50,96096.000000,0,27,1.6,581,28672.000000,6,0.0,0.0,0.0,1.0
233060,0,1,3400,-75,75,582,6.6,9.4,1.2,133056.000000,7,27,0.71,0.0,109216.000000,10,0.0,0.0,0.0,1.0
233309,0,1,3400,-75,75,585,11,9.4,2.5,160480.000000,39,27,0.032,0.0,6880.000000,0,0.0,0.0,0.0,1.0
233558,0,1,3400,-75,75,582,3.9,9.4,0.50,105504.000000,0,27,0.26,0.0,9376.000000,0,0.0,0.0,0.0,1.0
233807,0,1,3400,-75,75,580,3.8,9.2,0.50,96768.000000,0,27,3.0,0.0,31456.000000,0,0.0,0.0,0.0,1.0
234056,0,1,3400,-75,75,584,3.8,9.2,0.50,86752.000000,0,27,3.0,0.0,0.0,0.0,0.0,0.0,0.0,1.0
234305,0,1,3400,-75,75,583,15,9.3,3.7,0.0,100.000000,27,3.0,0.0,0.0,0.0,0.0,0.0,0.0,1.0
234554,0,1,3400,-75,75,582,11,9.4,2.7,21888.000000,56,27,3.0,0.0,0.0,0.0,0.0,0.0,0.0,1.0
234803,0,1,3400,-75,75,584,3.6,9.5,0.50,103872.000000,0,27,2.9,0.0,39040.000000,0,0.0,0.0,0.0,1.0
235052,0,1,3400,-75,75,578,3.9,9.5,0.50,114208.000000,0,27,3.0,0.0,0.0,0.0,0.0,0.0,0.0,1.0
235301,0,1,3400,-75,75,577,9.5,9.4,1.7,108896.000000,36,27,3.0,0.0,0.0,0.0,0.0,0.0,0.0,1.0
235550,0,1,3400,-75,75,575,19,9.2,4.0,0.0,100.000000,27,3.0,0.0,0.0,0.0,0.0,0.0,0.0,1.0
235799,0,1,3400,-75,75,578,19,9.5,4.0,0.0,100.000000,27,3.0,0.0,0.0,0.0,0.0,0.0,0.0,1.0
236048,0,1,3400,-75,75,581,19,9.6,4.0,0.0,100.000000,27,3.0,0.0,0.0,0.0,0.0,0.0,0.0,1.0
236297,0,1,3400,-75,75,580,18,9.4,4.0,0.0,100.000000,27,3.0,0.0,0.0,0.0,0.0,0.0,0.0,1.0
236546,0,1,3400,-75,75,582,15,9.5,3.6,70656.000000,75,27,3.0,0.0,0.0,0.0,0.0,0.0,0.0,1.0
236795,0,1,3400,-75,75,585,14,9.2,3.3,156064.000000,54,27,3.0,0.0,0.0,0.0,0.0,0.0,0.0,1.0
237044,0,1,3400,-75,75,582,11,9.0,3.2,135968.000000,53,27,3.0,0.0,0.0,0.0,0.0,0.0,0.0,1.0
237293,0,1,3400,-75,75,582,11,8.7,3.6,61737.050781,78,27,3.0,0.0,0.0,0.0,0.0,0.0,0.0,1.0
237542,0,1,3400,-76,76,582,5.0,8.6,0.84,102336.000000,7,27,3.0,0.0,0.0,0.0,0.0,0.0,0.0,1.0
237791,0,1,3400,-75,75,582,3.3,9.0,0.51,90176.000000,0,27,2.6,0.0,81536.000000,5,0.0,0.0,0.0,1.0
238040,0,1,3400,-75,75,581,3.9,9.2,0.52,136096.000000,0,27,3.7,0.0,45376.000000,4,0.0,0.0,0.0,1.0
238289,0,1,3400,-75,75,580,12,9.4,2.2,34848.000000,61,27,4.0,0.0,0.0,0.0,0.0,0.0,0.0,1.0
238538,0,1,3400,-75,75,583,6.8,9.6,1.6,99584.000000,23,27,4.0,0.0,0.0,0.0,0.0,0.0,0.0,1.0
238787,0,1,3400,-75,75,581,5.8,9.7,0.76,176416.000000,1,27,3.7,0.0,50720.000000,3,0.0,0.0,0.0,1.0
239036,0,1,3400,-75,75,580,2.5,9.5,0.50,100768.000000,0,27,4.0,0.0,0.0,0.0,0.0,0.0,0.0,1.0
239285,0,1,3400,-75,75,579,8.9,9.6,1.2,102912.000000,13,27,4.0,0.0,0.0,0.0,0.0,0.0,0.0,1.0
239534,0,1,3400,-75,75,581,12,9.6,3.0,13984.000000,71,27,4.0,0.0,0.0,0.0,0.0,0.0,0.0,1.0
239783,0,1,3400,-75,75,581,16,9.4,4.0,0.0,100.000000,27,4.0,0.0,0.0,0.0,0.0,0.0,0.0,1.0
240032,0,1,3400,-75,75,583,15,9.5,3.3,110688.000000,60,27,3.2,0.0,43488.000000,12,0.0,0.0,0.0,1.0
240281,0,1,3400,-75,75,578,17,9.5,4.0,0.0,100.000000,27,2.0,0.0,0.0,0.0,0.0,0.0,0.0,1.0
240530,0,1,3400,-75,75,580,17,9.5,4.0,0.0,100.000000,27,2.0,0.0,0.0,0.0,0.0,0.0,0.0,1.0
240779,0,1,3400,-75,75,579,17,9.6,4.0,0.0,100.000000,27,2.0,0.0,0.0,0.0,0.0,0.0,0.0,1.0
241028,0,1,3400,-75,75,580,18,9.6,3.7,30944.000000,85,27,2.0,0.0,0.0,0.0,0.0,0.0,0.0,1.0
241277,0,1,3400,-75,75,581,19,9.5,4.0,0.0,100.000000,27,2.0,0.0,0.0,0.0,0.0,0.0,0.0,1.0
241526,0,1,3400,-75,75,580,6.3,9.7,0.99,116384.000000,8,27,2.0,0.0,62112.000000,17,0.0,0.0,0.0,1.0
241775,0,1,3400,-75,75,583,14,9.2,3.4,30624.000000,84,27,0.0,0.0,0.0,0.0,0.0,0.0,0.0,1.0
242024,0,1,3400,-75,75,585,20,9.1,4.0,0.0,100.000000,27,0.0,0.0,0.0,0.0,0.0,0.0,0.0,1.0
242273,0,1,3400,-75,75,587,4.3,8.9,0.65,116672.000000,6,27,1.1,363,54304.000000,0,0.0,0.0,0.0,1.0
242522,0,1,3400,-76,76,583,15,8.7,4.0,0.0,100.000000,27,1.4,0.0,27341.365234,12,0.0,0.0,0.0,1.0
242771,0,1,3400,-76,76,580,20,8.6,3.1,48096.000000,69,27,1.4,0.0,0.0,0.0,0.0,0.0,0.0,1.0
243020,0,1,3400,-76,76,582,3.9,8.8,0.52,106240.000000,0,27,1.5,0.0,0.0,0.0,0.0,0.0,0.0,1.0
243269,0,1,3400,-76,76,577,4.0,8.5,0.51,114944.000000,0,27,1.5,0.0,36768.000000,10,0.0,0.0,0.0,1.0
243518,0,1,3400,-76,76,578,12,8.8,3.2,55360.000000,72,27,5.3,0.0,13024.000000,0,0.0,0.0,0.0,1.0
243767,0,1,3400,-76,76,582,4.0,8.7,0.57,113338.648438,0,27,5.4,0.0,0.0,0.0,0.0,0.0,0.0,1.0
244016,0,1,3400,-76,76,584,3.9,8.8,0.53,116352.000000,0,27,5.4,0.0,0.0,0.0,0.0,0.0,0.0,1.0
244265,0,1,3400,-76,76,582,14,8.9,2.2,77920.000000,45,27,5.4,0.0,0.0,0.0,0.0,0.0,0.0,1.0
244514,0,1,3400,-76,76,580,3.9,8.8,0.51,138624.000000,0,27,6.3,0.0,73632.000000,0,0.0,0.0,0.0,1.0
244763,0,1,3400,-76,76,579,5.2,8.7,0.85,99712.000000,13,27,7.0,0.0,0.0,0.0,0.0,0.0,0.0,1.0
245012,0,1,3400,-76,76,583,9.2,8.8,2.2,118528.000000,38,27,7.0,0.0,0.0,0.0,0.0,0.0,0.0,1.0
245261,0,1,3400,-76,76,582,3.7,8.9,0.52,97824.000000,0,27,7.0,455,0.0,0,0.0,0.0,0.0,1.0
245510,0,1,3400,-76,76,580,3.7,8.7,0.52,94624.000000,0,27,3.0,0.0,53472.000000,0,0.0,0.0,0.0,1.0
245759,0,1,3400,-76,76,581,2.3,8.7,0.50,73632.000000,0,27,3.0,0.0,0.0,0.0,0.0,0.0,0.0,1.0
246008,0,1,3400,-76,76,581,5.0,8.6,0.94,142432.000000,9,27,2.9,0.0,0.0,0.0,0.0,0.0,0.0,1.0
246257,0,1,3400,-76,76,583,5.9,8.8,1.1,131200.000000,7,27,3.0,0.0,0.0,0.0,0.0,0.0,0.0,1.0
246506,0,1,3400,-76,76,580,10,8.6,2.9,30560.000000,69,27,2.9,0.0,0.0,0.0,0.0,0.0,0.0,1.0
246755,0,1,3400,-76,76,582,12,8.9,3.2,33952.000000,71,27,2.9,0.0,0.0,0.0,0.0,0.0,0.0,1.0
247004,0,1,3400,-76,76,580,3.9,8.7,0.54,126400.000000,0,27,3.0,581,0.0,0.0,0.0,0.0,0.0,1.0
247253,0,1,3400,-76,76,581,18,8.7,3.4,19264.000000,84,27,6.2,0.0,37792.000000,0,0.0,0.0,0.0,1.0
247502,0,1,3400,-76,76,580,15,8.6,2.7,109152.000000,52,27,6.4,581,0.0,0.0,0.0,0.0,0.0,1.0
247751,0,1,3400,-76,76,579,24,8.6,4.0,4128.000000,99,27,0.76,0.0,24160.000000,4,0.0,0.0,0.0,1.0
248000,0,1,3400,-76,76,580,25,8.3,4.0,0.0,100.000000,27,0.0,0.0,0.0,0.0,0.0,0.0,0.0,1.0
248249,0,1,3400,-76,76,578,16,8.2,3.7,48320.000000,85,27,0.0,0.0,0.0,0.0,0.0,0.0,0.0,1.0
248498,0,1,3400,-76,76,580,13,7.7,3.9,19168.000000,93,27,0.0,0.0,0.0,0.0,0.0,0.0,0.0,1.0
248747,0,1,3400,-77,77,580,17,7.7,4.0,0.0,100.000000,27,0.0,0.0,0.0,0.0,0.0,0.0,0.0,1.0
248996,0,1,3400,-77,77,583,14,7.6,4.0,1028.112427,99,27,0.0,0.0,0.0,0.0,0.0,0.0,0.0,1.0
249245,0,1,3400,-77,77,579,23,7.4,4.0,0.0,100.000000,27,0.0,0.0,0.0,0.0,0.0,0.0,0.0,1.0
249494,0,1,3400,-77,77,584,24,7.3,4.0,0.0,100.000000,27,0.0,0.0,0.0,0.0,0.0,0.0,0.0,1.0
249743,0,1,3400,-77,77,582,23,7.1,4.0,0.0,100.000000,27,0.0,0.0,0.0,0.0,0.0,0.0,0.0,1.0
249992,0,1,3400,-77,77,581,23,7.2,4.0,0.0,100.000000,27,0.0,0.0,0.0,0.0,0.0,0.0,0.0,1.0
250241,0,1,3400,-77,77,580,16,7.3,4.0,1019.920349,99,27,0.0,0.0,0.0,0.0,0.0,0.0,0.0,1.0
250490,0,1,3400,-77,77,579,12,7.1,4.0,1024.000000,99,27,0.0,0.0,0.0,0.0,0.0,0.0,0.0,1.0
250739,0,1,3400,-77,77,578,24,7.0,4.0,0.0,100.000000,27,0.0,0.0,0.0,0.0,0.0,0.0,0.0,1.0
250988,0,1,3400,-77,77,579,24,7.3,4.0,0.0,100.000000,27,0.0,0.0,0.0,0.0,0.0,0.0,0.0,1.0
251237,0,1,3400,-77,77,576,28,7.3,4.0,0.0,100.000000,27,0.0,0.0,0.0,0.0,0.0,0.0,0.0,1.0
251486,0,1,3400,-77,77,582,16,7.4,4.0,0.0,100.000000,27,0.0,0.0,0.0,0.0,0.0,0.0,0.0,1.0
251735,0,1,3400,-77,77,580,16,7.4,4.0,0.0,100.000000,27,0.0,0.0,0.0,0.0,0.0,0.0,0.0,1.0
251984,0,1,3400,-77,77,578,21,7.6,4.0,0.0,100.000000,27,0.0,0.0,0.0,0.0,0.0,0.0,0.0,1.0
252233,0,1,3400,-77,77,579,26,7.8,4.0,0.0,100.000000,27,0.0,0.0,0.0,0.0,0.0,0.0,0.0,1.0
252482,0,1,3400,-76,76,580,24,8.1,4.0,0.0,100.000000,27,0.0,0.0,0.0,0.0,0.0,0.0,0.0,1.0
252731,0,1,3400,-76,76,577,18,8.1,4.0,0.0,100.000000,27,0.0,0.0,0.0,0.0,0.0,0.0,0.0,1.0
252980,0,1,3400,-76,76,577,9.8,7.9,1.8,65184.000000,37,27,0.0,0.0,0.0,0.0,0.0,0.0,0.0,1.0
253229,0,1,3400,-76,76,578,14,7.9,2.9,32160.000000,64,27,0.0,0.0,0.0,0.0,0.0,0.0,0.0,1.0
253478,0,1,3400,-76,76,581,14,7.9,3.0,54144.000000,68,27,0.0,0.0,0.0,0.0,0.0,0.0,0.0,1.0
253727,0,1,3400,-76,76,582,11,7.7,2.1,74784.000000,41,27,0.0,0.0,0.0,0.0,0.0,0.0,0.0,1.0
253976,0,1,3400,-76,76,578,3.0,7.9,0.57,95968.000000,0,27,4.2,0.0,106592.000000,17,0.0,0.0,0.0,1.0
254225,0,1,3400,-76,76,577,6.7,8.1,1.7,50752.000000,35,27,5.1,0.0,44096.000000,0,0.0,0.0,0.0,1.0
254474,0,1,3400,-76,76,581,20,8.0,4.0,0.0,100.000000,27,5.5,0.0,0.0,0.0,0.0,0.0,0.0,1.0
254723,0,1,3400,-76,76,582,7.7,8.0,1.5,90592.000000,24,27,5.5,581,0.0,0.0,0.0,0.0,0.0,1.0
254972,0,1,3400,-76,76,583,2.8,7.9,0.91,61984.000000,12,27,5.3,0.0,44704.000000,13,0.0,0.0,0.0,1.0
255221,0,1,3400,-76,76,578,11,8.0,2.9,24738.955078,70,27,5.5,0.0,0.0,0.0,0.0,0.0,0.0,1.0
255470,0,1,3400,-76,76,579,4.1,8.1,1.0,71616.000000,13,27,5.3,183,1568.000000,0,0.0,0.0,0.0,1.0
255719,0,1,3400,-76,76,585,5.5,8.1,1.3,65888.000000,16,27,4.2,0.0,102368.000000,3,0.0,0.0,0.0,1.0
255968,0,1,3400,-76,76,581,5.1,8.6,1.3,109408.000000,19,27,4.1,0.0,65568.000000,0,0.0,0.0,0.0,1.0
256217,0,1,3400,-76,76,582,7.9,8.4,2.3,29088.000000,60,27,7.0,0.0,0.0,0.0,0.0,0.0,0.0,1.0
256466,0,1,3400,-76,76,583,9.2,8.8,1.7,125536.000000,25,27,6.9,7.0,7200.000000,0,0.0,0.0,0.0,1.0
256715,0,1,3400,-75,75,581,12,9.0,2.5,136063.750000,41,27,5.2,0.0,44398.406250,36,0.0,0.0,0.0,1.0
256964,0,1,3400,-75,75,581,4.6,9.2,0.69,125248.000000,0,27,5.1,0.0,35168.000000,5,0.0,0.0,0.0,1.0
257213,0,1,3400,-75,75,577,3.4,9.6,1.1,35488.000000,12,27,3.0,0.0,19744.000000,17,0.0,0.0,0.0,1.0
257462,0,1,3400,-75,75,576,8.3,9.6,1.6,82240.000000,28,27,3.0,0.0,0.0,0.0,0.0,0.0,0.0,1.0
257711,0,1,3400,-75,75,579,11,9.6,2.4,61632.000000,57,27,3.0,0.0,0.0,0.0,0.0,0.0,0.0,1.0
257960,0,1,3400,-75,75,578,15,9.2,3.9,18496.000000,95,27,3.0,0.0,0.0,0.0,0.0,0.0,0.0,1.0
258209,0,1,3400,-75,75,579,4.0,9.0,0.53,124224.000000,0,27,3.8,0.0,101600.000000,0,0.0,0.0,0.0,1.0
258458,0,1,3400,-76,76,583,6.0,8.7,1.1,100576.000000,8,27,10,0.0,0.0,0.0,0.0,0.0,0.0,1.0
258707,0,1,3400,-76,76,579,4.2,8.8,0.59,121632.000000,0,27,10,0.0,0.0,0.0,0.0,0.0,0.0,1.0
258956,0,1,3400,-76,76,580,6.2,8.9,1.1,98720.000000,23,27,10,0.0,0.0,0.0,0.0,0.0,0.0,1.0
259205,0,1,3400,-76,76,577,19,8.9,2.8,44096.000000,65,27,7.0,0.0,28704.000000,33,0.0,0.0,0.0,1.0
259454,0,1,3400,-76,76,576,12,8.9,3.1,156224.000000,52,27,5.5,0.0,0.0,0.0,0.0,0.0,0.0,1.0
259703,0,1,3400,-75,75,580,16,8.9,3.9,19776.000000,93,27,5.5,0.0,0.0,0.0,0.0,0.0,0.0,1.0
259952,0,1,3400,-75,75,580,11,9.2,2.8,127872.000000,51,27,5.5,0.0,0.0,0.0,0.0,0.0,0.0,1.0
260201,0,1,3400,-75,75,580,8.4,9.2,1.9,127744.000000,35,27,4.2,0.0,32256.000000,6,0.0,0.0,0.0,1.0
260450,0,1,3400,-75,75,580,11,9.5,3.1,71840.000000,67,27,2.0,0.0,0.0,0.0,0.0,0.0,0.0,1.0
260699,0,1,3400,-75,75,579,8.6,9.8,1.5,169408.000000,18,27,2.0,0.0,0.0,0.0,0.0,0.0,0.0,1.0
260948,0,1,3400,-74,74,582,8.4,10,1.0,144320.000000,7,27,2.3,0.0,92032.000000,0,0.0,0.0,0.0,1.0
261197,0,1,3400,-74,74,580,5.9,10,0.53,208288.000000,0,27,3.5,0.0,0.0,0.0,0.0,0.0,0.0,1.0
261446,0,1,3400,-74,74,581,5.9,11,0.53,188384.000000,0,27,3.5,0.0,0.0,0.0,0.0,0.0,0.0,1.0
261695,0,1,3400,-74,74,584,5.7,10,0.57,194816.000000,1,27,3.5,0.0,0.0,0.0,0.0,0.0,0.0,1.0
261944,0,1,3400,-74,74,581,9.4,10,2.2,105445.781250,41,27,6.0,0.0,69140.562500,17,0.0,0.0,0.0,1.0
262193,0,1,3400,-75,75,582,3.2,10.0,0.55,135456.000000,0,27,7.0,0.0,0.0,0.0,0.0,0.0,0.0,1.0
262442,0,1,3400,-75,75,577,6.6,9.9,1.1,177440.000000,10,27,7.0,0.0,0.0,0.0,0.0,0.0,0.0,1.0
262691,0,1,3400,-75,75,581,9.2,9.8,2.1,62880.000000,53,27,6.9,0.0,0.0,0.0,0.0,0.0,0.0,1.0
262940,0,1,3400,-75,75,580,7.6,9.7,1.7,119456.000000,25,27,5.3,0.0,27168.000000,23,0.0,0.0,0.0,1.0
263189,0,1,3400,-75,75,579,6.1,9.7,0.70,183713.140625,0,27,0.0,0.0,0.0,0.0,0.0,0.0,0.0,1.0
263438,0,1,3400,-75,75,577,5.3,9.5,0.69,175104.000000,0,27,0.0,0.0,0.0,0.0,0.0,0.0,0.0,1.0
263687,0,1,3400,-75,75,578,6.8,9.7,1.3,191296.000000,7,27,0.0,0.0,0.0,0.0,0.0,0.0,0.0,1.0
263936,0,1,3400,-75,75,576,12,9.6,3.1,29888.000000,77,27,0.0,0.0,0.0,0.0,0.0,0.0,0.0,1.0
264185,0,1,3400,-75,75,578,4.1,9.6,0.62,120512.000000,0,27,2.0,0.0,77472.000000,0,0.0,0.0,0.0,1.0
264434,0,1,3400,-75,75,580,7.5,9.7,1.7,96320.000000,31,27,4.4,0.0,0.0,0.0,0.0,0.0,0.0,1.0
264683,0,1,3400,-75,75,580,12,9.7,1.7,127584.000000,35,27,4.4,0.0,0.0,0.0,0.0,0.0,0.0,1.0
264932,0,1,3400,-75,75,582,13,9.8,2.3,87648.000000,47,27,3.3,0.0,24928.000000,0,0.0,0.0,0.0,1.0
265181,0,1,3400,-75,75,584,15,9.8,4.0,0.0,100.000000,27,0.0,0.0,0.0,0.0,0.0,0.0,0.0,1.0
265430,0,1,3400,-75,75,582,14,9.7,3.9,40096.000000,90,27,0.0,0.0,0.0,0.0,0.0,0.0,0.0,1.0
265679,0,1,3400,-75,75,580,4.5,9.6,0.79,137632.000000,6,27,0.0,0.0,0.0,0.0,0.0,0.0,0.0,1.0
265928,0,1,3400,-75,75,581,6.0,9.8,0.98,138368.000000,14,27,0.10,0.0,45376.000000,0,0.0,0.0,0.0,1.0
266177,0,1,3400,-75,75,580,8.0,9.8,1.8,114272.000000,28,27,0.0,0.0,0.0,0.0,0.0,0.0,0.0,1.0
266426,0,1,3400,-75,75,579,12,9.9,2.9,36000.000000,72,27,0.0,0.0,0.0,0.0,0.0,0.0,0.0,1.0
266675,0,1,3400,-75,75,581,10,9.9,2.6,54944.000000,61,27,0.0,0.0,0.0,0.0,0.0,0.0,0.0,1.0
266924,0,1,3400,-75,75,576,14,9.8,3.3,54272.000000,80,27,0.0,0.0,0.0,0.0,0.0,0.0,0.0,1.0
267173,0,1,3400,-75,75,578,3.9,9.8,0.51,112320.000000,0,27,3.6,0.0,57824.000000,8,0.0,0.0,0.0,1.0
267422,0,1,3400,-75,75,582,11,9.9,2.4,51616.000000,60,27,4.5,0.0,0.0,0.0,0.0,0.0,0.0,1.0
267671,0,1,3400,-75,75,580,9.5,9.8,2.2,103872.000000,44,27,4.5,0.0,0.0,0.0,0.0,0.0,0.0,1.0
267920,0,1,3400,-75,75,578,3.8,9.6,0.50,119296.000000,0,27,3.2,0.0,45248.000000,11,0.0,0.0,0.0,1.0
268169,0,1,3400,-75,75,578,16,9.7,3.6,27566.265625,90,27,1.0,0.0,0.0,0.0,0.0,0.0,0.0,1.0
268418,0,1,3400,-75,75,576,14,9.8,3.6,66880.000000,76,27,1.0,0.0,0.0,0.0,0.0,0.0,0.0,1.0
268667,0,1,3400,-75,75,578,17,9.4,4.0,0.0,100.000000,27,1.0,0.0,0.0,0.0,0.0,0.0,0.0,1.0
268916,0,1,3400,-75,75,578,17,9.4,4.0,0.0,100.000000,27,1.0,0.0,0.0,0.0,0.0,0.0,0.0,1.0
269165,0,1,3400,-76,76,583,4.9,9.4,0.61,129312.000000,3,27,3.2,0.0,66560.000000,11,0.0,0.0,0.0,1.0
269414,0,1,3400,-76,76,578,8.6,9.3,1.7,109824.000000,27,27,5.4,0.0,0.0,0.0,0.0,0.0,0.0,1.0
269663,0,1,3400,-76,76,583,3.8,9.1,0.51,116780.875000,0,27,5.5,0.0,0.0,0.0,0.0,0.0,0.0,1.0
269912,0,1,3400,-76,76,578,4.1,9.1,0.53,144288.000000,0,27,6.4,0.0,34816.000000,27,0.0,0.0,0.0,1.0
270161,0,1,3400,-76,76,579,4.2,9.0,0.56,132384.000000,0,27,6.5,0.0,0.0,0.0,0.0,0.0,0.0,1.0
270410,0,1,3400,-76,76,580,11,9.1,2.4,54528.000000,56,27,6.4,0.0,0.0,0.0,0.0,0.0,0.0,1.0
270659,0,1,3400,-75,75,582,17,9.1,4.0,0.0,100.000000,27,6.4,0.0,0.0,0.0,0.0,0.0,0.0,1.0
270908,0,1,3400,-75,75,579,17,9.4,4.0,0.0,100.000000,27,6.4,0.0,0.0,0.0,0.0,0.0,0.0,1.0
271157,0,1,3400,-75,75,580,16,9.5,3.9,48640.000000,86,27,6.5,0.0,0.0,0.0,0.0,0.0,0.0,1.0
271406,0,1,3400,-75,75,579,6.3,9.7,1.4,150624.000000,17,27,6.4,0.0,7200.000000,0,0.0,0.0,0.0,1.0
271655,0,1,3400,-75,75,581,5.3,9.7,0.58,156864.000000,0,27,8.0,0.0,61408.000000,0,0.0,0.0,0.0,1.0
271904,0,1,3400,-75,75,581,4.3,9.5,0.53,147424.000000,0,27,9.4,0.0,59200.000000,0,0.0,0.0,0.0,1.0
272153,0,1,3400,-75,75,579,3.9,9.7,0.51,112160.000000,0,27,10,0.0,0.0,0.0,0.0,0.0,0.0,1.0
272402,0,1,3400,-75,75,580,7.6,9.9,1.2,123136.000000,25,27,10,0.0,0.0,0.0,0.0,0.0,0.0,1.0
272651,0,1,3400,-75,75,577,17,9.8,4.0,0.0,100.000000,27,10,0.0,0.0,0.0,0.0,0.0,0.0,1.0
272900,0,1,3400,-75,75,580,13,9.9,2.6,82752.000000,57,27,10,0.0,0.0,0.0,0.0,0.0,0.0,1.0
273149,0,1,3400,-75,75,579,8.7,9.7,1.2,135136.000000,13,27,6.3,0.0,54432.000000,0,0.0,0.0,0.0,1.0
273398,0,1,3400,-75,75,579,22,9.9,4.0,0.0,100.000000,27,5.5,0.0,0.0,0.0,0.0,0.0,0.0,1.0
273647,0,1,3400,-74,74,578,21,10,4.0,0.0,100.000000,27,5.4,0.0,0.0,0.0,0.0,0.0,0.0,1.0
273896,0,1,3400,-74,74,578,12,10,2.5,186816.000000,43,27,5.5,0.0,0.0,0.0,0.0,0.0,0.0,1.0
274145,0,1,3400,-74,74,580,14,11,2.9,271680.000000,39,27,5.5,0.0,0.0,0.0,0.0,0.0,0.0,1.0
274394,0,1,3400,-74,74,575,5.5,11,1.2,139983.937500,10,27,5.5,0.0,0.0,0.0,0.0,0.0,0.0,1.0
274643,0,1,3400,-74,74,574,5.9,11,0.50,206756.968750,0,27,7.0,0.0,96764.937500,0,0.0,0.0,0.0,1.0
274892,0,1,3400,-74,74,574,6.0,11,0.52,183871.484375,0,27,3.4,0.0,29622.490234,0,0.0,0.0,0.0,1.0
275141,0,1,3400,-74,74,573,6.6,11,0.58,232224.000000,0,27,0.0,0.0,0.0,0.0,0.0,0.0,0.0,1.0
275390,0,1,3400,-74,74,577,6.0,11,0.50,163232.000000,0,27,0.0,0.0,0.0,0.0,0.0,0.0,0.0,1.0
275639,0,1,3400,-74,74,580,6.0,11,0.52,188608.000000,0,27,0.0,0.0,0.0,0.0,0.0,0.0,0.0,1.0
275888,0,1,3400,-74,74,580,5.9,11,0.50,192032.000000,0,27,2.9,0.0,50528.000000,32,0.0,0.0,0.0,1.0
276137,0,1,3400,-74,74,581,5.9,11,0.51,178645.421875,0,27,5.5,0.0,0.0,0.0,0.0,0.0,0.0,1.0
276386,0,1,3400,-74,74,583,6.6,11,0.63,196448.000000,0,27,5.5,0.0,0.0,0.0,0.0,0.0,0.0,1.0
276635,0,1,3400,-74,74,582,6.3,11,0.56,215328.000000,0,27,5.5,0.0,0.0,0.0,0.0,0.0,0.0,1.0
276884,0,1,3400,-73,73,584,6.0,11,0.50,206592.000000,0,27,3.3,0.0,68256.000000,0,0.0,0.0,0.0,1.0
277133,0,1,3400,-73,73,583,9.8,11,1.7,131584.000000,38,27,2.0,0.0,0.0,0.0,0.0,0.0,0.0,1.0
277382,0,1,3400,-73,73,581,17,12,3.8,37888.000000,90,27,2.0,0.0,0.0,0.0,0.0,0.0,0.0,1.0
277631,0,1,3400,-73,73,578,6.1,11,0.53,251136.000000,0,27,2.0,0.0,0.0,0.0,0.0,0.0,0.0,1.0
277880,0,1,3400,-73,73,576,8.4,12,0.91,344288.000000,0,27,5.5,0.0,46208.000000,0,0.0,0.0,0.0,1.0
278129,0,1,3400,-73,73,579,4.9,12,0.50,191232.000000,0,27,8.0,0.0,0.0,0.0,0.0,0.0,0.0,1.0
278378,0,1,3400,-73,73,580,13,12,2.6,85856.000000,61,27,8.0,0.0,0.0,0.0,0.0,0.0,0.0,1.0
278627,0,1,3400,-73,73,581,4.9,12,0.86,128896.000000,6,27,8.0,0.0,0.0,0.0,0.0,0.0,0.0,1.0
278876,0,1,3400,-73,73,581,13,12,3.1,70880.000000,71,27,8.0,0.0,0.0,0.0,0.0,0.0,0.0,1.0
279125,0,1,3400,-73,73,581,11,11,2.7,54816.000000,56,27,8.0,0.0,0.0,0.0,0.0,0.0,0.0,1.0
279374,0,1,3400,-73,73,580,7.0,12,0.63,260960.000000,0,27,3.8,0.0,35136.000000,0,0.0,0.0,0.0,1.0
279623,0,1,3400,-73,73,582,5.9,11,0.50,181376.000000,0,27,0.0,0.0,0.0,0.0,0.0,0.0,0.0,1.0
279872,0,1,3400,-74,74,579,13,11,2.7,92480.000000,57,27,3.3,0.0,70432.000000,0,0.0,0.0,0.0,1.0
280121,0,1,3400,-74,74,580,7.9,11,1.1,189376.000000,14,27,5.5,0.0,0.0,0.0,0.0,0.0,0.0,1.0
280370,0,1,3400,-74,74,579,1.9,11,0.51,112896.000000,0,27,5.5,0.0,0.0,0.0,0.0,0.0,0.0,1.0
280619,0,1,3400,-74,74,579,5.9,11,0.52,206656.000000,0,27,6.7,0.0,1888.000000,0,0.0,0.0,0.0,1.0
280868,0,1,3400,-74,74,578,5.0,11,0.51,167100.406250,0,27,6.5,0.0,43437.750000,9,0.0,0.0,0.0,1.0
281117,0,1,3400,-74,74,576,16,10,2.3,66016.000000,50,27,6.5,0.0,0.0,0.0,0.0,0.0,0.0,1.0
281366,0,1,3400,-74,74,577,28,11,4.0,0.0,100.000000,27,6.5,0.0,0.0,0.0,0.0,0.0,0.0,1.0
281615,0,1,3400,-74,74,577,26,11,3.7,28928.000000,88,27,6.5,0.0,0.0,0.0,0.0,0.0,0.0,1.0
281864,0,1,3400,-73,73,578,6.0,12,0.50,202464.000000,0,27,5.9,0.0,59648.000000,0,0.0,0.0,0.0,1.0
282113,0,1,3400,-73,73,577,7.1,12,0.59,300384.000000,0,27,5.5,0.0,0.0,0.0,0.0,0.0,0.0,1.0
282362,0,1,3400,-73,73,581,11,12,2.1,185888.000000,40,27,5.5,0.0,0.0,0.0,0.0,0.0,0.0,1.0
282611,0,1,3400,-73,73,582,8.4,12,0.81,230756.968750,3,27,5.5,0.0,0.0,0.0,0.0,0.0,0.0,1.0
282860,0,1,3400,-73,73,580,7.1,12,0.62,238016.000000,0,27,4.4,0.0,92608.000000,22,0.0,0.0,0.0,1.0
283109,0,1,3400,-73,73,582,8.9,12,0.77,320576.000000,0,27,4.5,0.0,0.0,0.0,0.0,0.0,0.0,1.0
283358,0,1,3400,-73,73,583,5.9,12,0.50,213536.000000,0,27,4.5,0.0,0.0,0.0,0.0,0.0,0.0,1.0
283607,0,1,3400,-73,73,581,24,12,3.7,9600.000000,95,27,4.5,0.0,0.0,0.0,0.0,0.0,0.0,1.0
283856,0,1,3400,-73,73,579,9.6,13,0.83,278112.000000,6,27,4.5,0.0,60128.000000,26,0.0,0.0,0.0,1.0
284105,0,1,3400,-72,72,580,9.2,13,0.61,281056.000000,0,27,4.5,0.0,0.0,0.0,0.0,0.0,0.0,1.0
284354,0,1,3400,-72,72,579,9.6,13,0.72,316640.000000,4,27,4.5,0.0,0.0,0.0,0.0,0.0,0.0,1.0
284603,0,1,3400,-72,72,579,6.5,13,1.0,208352.000000,6,27,4.5,0.0,0.0,0.0,0.0,0.0,0.0,1.0
284852,0,1,3400,-72,72,578,6.9,12,1.1,210240.000000,15,27,6.4,0.0,60096.000000,33,0.0,0.0,0.0,1.0
285101,0,1,3400,-72,72,581,12,13,1.8,221856.000000,36,27,8.0,0.0,0.0,0.0,0.0,0.0,0.0,1.0
285350,0,1,3400,-72,72,580,8.4,13,0.68,254400.000000,0,27,8.0,0.0,0.0,0.0,0.0,0.0,0.0,1.0
285599,0,1,3400,-72,72,582,10,13,1.2,308832.000000,11,27,8.0,0.0,0.0,0.0,0.0,0.0,0.0,1.0
285848,0,1,3400,-72,72,578,15,13,2.4,191104.000000,47,27,8.0,581,0.0,0.0,0.0,0.0,0.0,1.0
286097,0,1,3400,-71,71,579,9.7,14,0.67,352384.000000,0,27,0.23,0.0,31296.000000,3,0.0,0.0,0.0,1.0
286346,0,1,3400,-71,71,580,15,14,1.9,276192.000000,37,27,0.0,0.0,0.0,0.0,0.0,0.0,0.0,1.0
286595,0,1,3400,-71,71,579,13,14,1.6,285216.000000,24,27,0.0,0.0,0.0,0.0,0.0,0.0,0.0,1.0
286844,0,1,3400,-71,71,576,21,14,4.0,0.0,100.000000,27,0.0,0.0,0.0,0.0,0.0,0.0,0.0,1.0
287093,0,1,3400,-71,71,576,21,14,4.0,0.0,100.000000,27,0.0,0.0,0.0,0.0,0.0,0.0,0.0,1.0
287342,0,1,3400,-71,71,576,19,14,3.3,80514.054688,80,27,0.0,581,0.0,0.0,0.0,0.0,0.0,1.0
287591,0,1,3400,-71,71,577,8.8,14,1.0,211200.000000,9,27,2.2,0.0,74272.000000,27,0.0,0.0,0.0,1.0
287840,0,1,3400,-71,71,580,12,14,1.7,239456.000000,24,27,0.93,0.0,38432.000000,10,0.0,0.0,0.0,1.0
288089,0,1,3400,-71,71,578,11,14,0.77,356320.000000,0,27,6.5,0.0,0.0,0.0,0.0,0.0,0.0,1.0
288338,0,1,3400,-71,71,577,12,14,0.79,409376.000000,0,27,6.5,0.0,0.0,0.0,0.0,0.0,0.0,1.0
288587,0,1,3400,-71,71,578,12,14,1.0,346720.000000,1,27,6.5,0.0,0.0,0.0,0.0,0.0,0.0,1.0
288836,0,1,3400,-71,71,579,13,15,1.4,427520.000000,7,27,4.7,0.0,65056.000000,0,0.0,0.0,0.0,1.0
289085,0,1,3400,-70,70,582,6.1,15,0.59,210624.000000,0,27,2.0,0.0,0.0,0.0,0.0,0.0,0.0,1.0
289334,0,1,3400,-70,70,582,11,15,0.61,400828.687500,0,27,2.0,0.0,0.0,0.0,0.0,0.0,0.0,1.0
289583,0,1,3400,-70,70,580,12,15,0.63,459616.000000,0,27,2.0,0.0,0.0,0.0,0.0,0.0,0.0,1.0
289832,0,1,3400,-70,70,580,12,15,0.62,395264.000000,1,27,5.7,0.0,50528.000000,0,0.0,0.0,0.0,1.0
290081,0,1,3400,-70,70,579,11,15,0.56,312640.000000,0,27,7.0,0.0,0.0,0.0,0.0,0.0,0.0,1.0
290330,0,1,3400,-70,70,579,11,15,0.70,255136.000000,0,27,7.0,0.0,0.0,0.0,0.0,0.0,0.0,1.0
290579,0,1,3400,-70,70,579,19,15,3.2,89056.000000,76,27,7.0,0.0,0.0,0.0,0.0,0.0,0.0,1.0
290828,0,1,3400,-70,70,580,15,15,2.5,95552.000000,54,27,6.8,0.0,56416.000000,6,0.0,0.0,0.0,1.0
291077,0,1,3400,-69,69,578,9.4,15,0.55,342944.000000,0,27,7.0,0.0,0.0,0.0,0.0,0.0,0.0,1.0
291326,0,1,3400,-69,69,580,12,16,0.56,355680.000000,0,27,7.0,0.0,0.0,0.0,0.0,0.0,0.0,1.0
291575,0,1,3400,-69,69,579,11,16,0.59,356096.000000,0,27,7.0,0.0,0.0,0.0,0.0,0.0,0.0,1.0
291824,0,1,3400,-69,69,577,2.8,15,0.56,102944.000000,0,27,6.4,0.0,52992.000000,14,0.0,0.0,0.0,1.0
292073,0,1,3400,-69,69,578,11,15,0.59,326528.000000,0,27,7.0,0.0,0.0,0.0,0.0,0.0,0.0,1.0
292322,0,1,3400,-69,69,578,11,15,0.62,320032.000000,1,27,7.0,0.0,0.0,0.0,0.0,0.0,0.0,1.0
292571,0,1,3400,-69,69,578,13,16,0.67,396864.000000,0,27,7.0,0.0,0.0,0.0,0.0,0.0,0.0,1.0
292820,0,1,3400,-69,69,578,12,16,0.62,468864.000000,0,27,7.6,0.0,40352.000000,18,0.0,0.0,0.0,1.0
293069,0,1,3400,-69,69,578,13,16,0.72,511776.000000,1,27,8.0,0.0,0.0,0.0,0.0,0.0,0.0,1.0
293318,0,1,3400,-68,68,580,7.0,17,0.63,252800.000000,1,27,8.0,0.0,0.0,0.0,0.0,0.0,0.0,1.0
293567,0,1,3400,-68,68,580,13,16,0.58,450688.000000,0,27,8.0,0.0,0.0,0.0,0.0,0.0,0.0,1.0
293816,0,1,3400,-68,68,577,12,16,0.57,448642.562500,0,27,6.0,0.0,51502.007812,0,0.0,0.0,0.0,1.0
294065,0,1,3400,-68,68,576,14,16,0.64,457920.000000,1,27,5.4,0.0,0.0,0.0,0.0,0.0,0.0,1.0
294314,0,1,3400,-68,68,578,14,17,0.62,528416.000000,0,27,5.5,0.0,0.0,0.0,0.0,0.0,0.0,1.0
294563,0,1,3400,-68,68,577,14,16,0.62,453472.000000,0,27,5.5,0.0,0.0,0.0,0.0,0.0,0.0,1.0
294812,0,1,3400,-68,68,576,14,17,0.65,522208.000000,0,27,4.5,0.0,42464.000000,12,0.0,0.0,0.0,1.0
295061,0,1,3400,-68,68,579,13,16,0.63,448864.000000,1,27,4.0,0.0,0.0,0.0,0.0,0.0,0.0,1.0
295310,0,1,3400,-68,68,580,14,16,0.55,522816.000000,1,27,4.0,0.0,0.0,0.0,0.0,0.0,0.0,1.0
295559,0,1,3400,-68,68,580,12,17,0.54,467552.000000,0,27,4.0,0.0,0.0,0.0,0.0,0.0,0.0,1.0
295808,0,1,3400,-68,68,579,12,16,0.52,396430.281250,0,27,1.1,0.0,40382.468750,28,0.0,0.0,0.0,1.0
296057,0,1,3400,-68,68,580,13,17,0.53,476064.000000,0,27,0.0,0.0,0.0,0.0,0.0,0.0,0.0,1.0
296306,0,1,3400,-67,67,581,13,17,0.51,484480.000000,0,27,0.0,0.0,0.0,0.0,0.0,0.0,0.0,1.0
296555,0,1,3400,-67,67,580,8.6,18,0.50,113792.000000,0,27,0.0,0.0,0.0,0.0,0.0,0.0,0.0,1.0
296804,0,1,3400,-67,67,578,18,19,0.98,217024.000000,0,27,4.6,0.0,75456.000000,3,0.0,0.0,0.0,1.0
297053,0,1,3400,-67,67,577,19,19,1.3,242176.000000,0,27,9.5,0.0,0.0,0.0,0.0,0.0,0.0,1.0
297302,0,1,3400,-67,67,578,19,19,1.1,267136.000000,0,27,9.5,0.0,0.0,0.0,0.0,0.0,0.0,1.0
297551,0,1,3400,-67,67,580,19,19,1.2,274944.000000,0,27,9.5,0.0,0.0,0.0,0.0,0.0,0.0,1.0
297800,0,1,3400,-67,67,582,18,19,0.92,198528.000000,1,27,5.6,0.0,32512.000000,0,0.0,0.0,0.0,1.0
298049,0,1,3400,-67,67,580,18,19,1.1,207904.000000,0,27,6.5,0.0,0.0,0.0,0.0,0.0,0.0,1.0
298298,0,1,3400,-67,67,580,15,19,0.83,162240.000000,0,27,6.5,0.0,0.0,0.0,0.0,0.0,0.0,1.0
298547,0,1,3400,-68,68,578,4.0,19,0.50,0.0,0.0,27,6.5,0.0,0.0,0.0,0.0,0.0,0.0,1.0
298796,0,1,3400,-68,68,577,15,18,1.1,152064.000000,0,27,8.2,0.0,52672.000000,0,0.0,0.0,0.0,1.0
299045,0,1,3400,-68,68,578,19,18,1.2,0.0,0.0,27,9.5,0.0,0.0,0.0,0.0,0.0,0.0,1.0
299294,0,1,3400,-68,68,580,19,18,1.2,0.0,0.0,27,9.5,0.0,0.0,0.0,0.0,0.0,0.0,1.0
299543,0,1,3400,-68,68,581,14,18,0.82,121056.000000,0,27,9.5,0.0,0.0,0.0,0.0,0.0,0.0,1.0
299792,0,1,3400,-68,68,579,16,18,1.1,176416.000000,0,27,8.5,0.0,67200.000000,5,0.0,0.0,0.0,1.0
300041,0,1,3400,-68,68,581,11,17,0.51,87678.718750,0,27,7.5,0.0,0.0,0.0,0.0,0.0,0.0,1.0
300290,0,1,3400,-68,68,582,14,18,0.54,136256.000000,1,27,7.5,0.0,0.0,0.0,0.0,0.0,0.0,1.0
300539,0,1,3400,-68,68,581,14,18,0.74,137056.000000,1,27,7.5,0.0,0.0,0.0,0.0,0.0,0.0,1.0
300788,0,1,3400,-68,68,577,16,18,0.93,190880.000000,0,27,6.2,0.0,29760.000000,7,0.0,0.0,0.0,1.0
301037,0,1,3400,-68,68,581,25,18,3.0,71296.000000,69,27,5.5,0.0,0.0,0.0,0.0,0.0,0.0,1.0
301286,0,1,3400,-68,68,580,21,18,1.9,202080.000000,25,27,5.5,0.0,0.0,0.0,0.0,0.0,0.0,1.0
301535,0,1,3400,-69,69,579,19,17,1.4,220000.000000,0,27,5.5,0.0,0.0,0.0,0.0,0.0,0.0,1.0
301784,0,1,3400,-69,69,578,6.0,17,0.55,80928.000000,0,27,5.5,581,0.0,0.0,0.0,0.0,0.0,1.0
302033,0,1,3400,-69,69,578,14,17,0.69,178720.000000,0,27,0.38,0.0,56992.000000,0,0.0,0.0,0.0,1.0
302282,0,1,3400,-69,69,580,15,17,1.3,177466.140625,1,27,0.0,0.0,0.0,0.0,0.0,0.0,0.0,1.0
302531,0,1,3400,-69,69,578,15,17,0.97,205472.000000,0,27,0.0,0.0,0.0,0.0,0.0,0.0,0.0,1.0
302780,0,1,3400,-69,69,578,14,17,0.55,161632.000000,0,27,1.3,0.0,66784.000000,4,0.0,0.0,0.0,1.0
303029,0,1,3400,-69,69,580,18,19,1.1,130080.000000,0,27,4.5,0.0,0.0,0.0,0.0,0.0,0.0,1.0
303278,0,1,3400,-68,68,578,14,18,1.1,179840.000000,0,27,4.5,0.0,0.0,0.0,0.0,0.0,0.0,1.0
303527,0,1,3400,-68,68,579,15,18,0.74,110336.000000,0,27,4.5,0.0,0.0,0.0,0.0,0.0,0.0,1.0
303776,0,1,3400,-68,68,579,12,18,0.69,155008.000000,0,27,5.3,0.0,44288.000000,7,0.0,0.0,0.0,1.0
304025,0,1,3400,-68,68,578,26,17,3.6,51296.000000,56,27,7.0,0.0,0.0,0.0,0.0,0.0,0.0,1.0
304274,0,1,3400,-68,68,577,16,18,1.6,77984.000000,0,27,7.0,0.0,0.0,0.0,0.0,0.0,0.0,1.0
304523,0,1,3400,-68,68,578,16,18,0.82,205856.000000,0,27,7.0,0.0,0.0,0.0,0.0,0.0,0.0,1.0
304772,0,1,3400,-68,68,579,20,19,2.1,5856.000000,93,27,7.0,0.0,0.0,0.0,0.0,0.0,0.0,1.0
305021,0,1,3400,-68,68,581,19,19,1.8,114080.000000,34,27,7.2,0.0,38048.000000,10,0.0,0.0,0.0,1.0
305270,0,1,3400,-67,67,578,19,19,1.1,216384.000000,0,27,7.5,0.0,0.0,0.0,0.0,0.0,0.0,1.0
305519,0,1,3400,-68,68,575,16,19,0.82,196384.000000,0,27,7.5,0.0,0.0,0.0,0.0,0.0,0.0,1.0
305768,0,1,3400,-68,68,578,7.2,19,0.62,96704.000000,0,27,8.3,0.0,73376.000000,0,0.0,0.0,0.0,1.0
306017,0,1,3400,-68,68,577,11,18,0.82,133824.000000,0,27,9.0,0.0,0.0,0.0,0.0,0.0,0.0,1.0
306266,0,1,3400,-68,68,581,17,18,1.1,235040.000000,0,27,9.0,0.0,0.0,0.0,0.0,0.0,0.0,1.0
306515,0,1,3400,-69,69,578,14,18,0.99,73991.968750,0,27,9.0,0.0,0.0,0.0,0.0,0.0,0.0,1.0
306764,0,1,3400,-69,69,579,12,18,0.82,146496.000000,0,27,7.9,0.0,35872.000000,10,0.0,0.0,0.0,1.0
307013,0,1,3400,-69,69,577,13,18,0.74,170656.000000,0,27,6.5,0.0,0.0,0.0,0.0,0.0,0.0,1.0
307262,0,1,3400,-69,69,577,13,17,0.63,195072.000000,0,27,6.5,0.0,0.0,0.0,0.0,0.0,0.0,1.0
307511,0,1,3400,-69,69,577,7.8,18,0.98,119232.000000,1.0,27,6.5,0.0,0.0,0.0,0.0,0.0,0.0,1.0
307760,0,1,3400,-69,69,578,12,17,0.62,143552.000000,0,27,4.9,0.0,106720.000000,0,0.0,0.0,0.0,1.0
308009,0,1,3400,-69,69,577,12,17,0.65,172928.000000,0,27,4.5,0.0,0.0,0.0,0.0,0.0,0.0,1.0
308258,0,1,3400,-69,69,577,15,18,0.86,214368.000000,1.0,27,4.5,0.0,0.0,0.0,0.0,0.0,0.0,1.0
308507,0,1,3400,-70,70,579,11,17,0.65,95360.000000,0,27,4.5,0.0,0.0,0.0,0.0,0.0,0.0,1.0
308756,0,1,3400,-70,70,580,14,17,1.00,5832.669434,0,27,4.5,0.0,0.0,0.0,0.0,0.0,0.0,1.0
309005,0,1,3400,-70,70,581,14,17,0.80,138784.000000,0,27,4.9,0.0,40640.000000,0,0.0,0.0,0.0,1.0
309254,0,1,3400,-70,70,578,20,17,2.6,89792.000000,54,27,5.5,0.0,0.0,0.0,0.0,0.0,0.0,1.0
309503,0,1,3400,-71,71,577,18,16,2.2,104800.000000,41,27,5.5,0.0,0.0,0.0,0.0,0.0,0.0,1.0
309752,0,1,3400,-71,71,580,14,16,0.85,182848.000000,0,27,8.4,0.0,57024.000000,0,0.0,0.0,0.0,1.0
310001,0,1,3400,-71,71,581,14,15,1.3,90624.000000,17,27,11,0.0,0.0,0.0,0.0,0.0,0.0,1.0
310250,0,1,3400,-71,71,578,16,15,2.6,16800.000000,65,27,10,0.0,0.0,0.0,0.0,0.0,0.0,1.0
310499,0,1,3400,-72,72,578,12,15,0.85,118592.000000,0,27,10,0.0,0.0,0.0,0.0,0.0,0.0,1.0
310748,0,1,3400,-72,72,580,24,16,3.7,0.0,100.000000,27,10,0.0,0.0,0.0,0.0,0.0,0.0,1.0
310997,0,1,3400,-72,72,578,21,15,2.7,73984.000000,52,27,6.4,0.0,38144.000000,0,0.0,0.0,0.0,1.0
311246,0,1,3400,-72,72,578,18,15,2.6,73760.000000,48,27,2.0,0.0,0.0,0.0,0.0,0.0,0.0,1.0
311495,0,1,3400,-72,72,578,24,15,4.0,0.0,100.000000,27,2.0,0.0,0.0,0.0,0.0,0.0,0.0,1.0
311744,0,1,3400,-72,72,579,16,14,2.2,99840.000000,34,27,2.0,581,0.0,0.0,0.0,0.0,0.0,1.0
311993,0,1,3400,-72,72,577,17,14,2.8,78464.000000,58,27,7.7,0.0,67616.000000,0,0.0,0.0,0.0,1.0
312242,0,1,3400,-72,72,576,20,15,4.0,2528.000000,99,27,8.0,0.0,0.0,0.0,0.0,0.0,0.0,1.0
312491,0,1,3400,-73,73,577,12,14,1.0,122112.000000,9,27,8.0,0.0,0.0,0.0,0.0,0.0,0.0,1.0
312740,0,1,3400,-73,73,578,21,14,2.7,50560.000000,27,27,7.0,0.0,96032.000000,18,0.0,0.0,0.0,1.0
312989,0,1,3400,-73,73,578,16,14,2.1,93975.906250,35,27,7.0,0.0,0.0,0.0,0.0,0.0,0.0,1.0
313238,0,1,3400,-73,73,578,27,14,4.0,3616.000000,99,27,7.0,0.0,0.0,0.0,0.0,0.0,0.0,1.0
313487,0,1,3400,-73,73,577,22,14,4.0,0.0,100.000000,27,7.0,0.0,0.0,0.0,0.0,0.0,0.0,1.0
313736,0,1,3400,-73,73,577,22,13,4.0,0.0,100.000000,27,7.0,0.0,0.0,0.0,0.0,0.0,0.0,1.0
313985,0,1,3400,-73,73,580,22,13,4.0,0.0,100.000000,27,7.0,0.0,0.0,0.0,0.0,0.0,0.0,1.0
314234,0,1,3400,-73,73,579,22,13,4.0,0.0,100.000000,27,7.0,0.0,0.0,0.0,0.0,0.0,0.0,1.0
314483,0,1,3400,-73,73,576,22,13,4.0,0.0,100.000000,27,7.0,0.0,0.0,0.0,0.0,0.0,0.0,1.0
314732,0,1,3400,-73,73,578,22,14,4.0,3360.000000,99,27,7.0,0.0,0.0,0.0,0.0,0.0,0.0,1.0
314981,0,1,3400,-73,73,577,22,14,4.0,0.0,100.000000,27,7.0,0.0,0.0,0.0,0.0,0.0,0.0,1.0
315230,0,1,3400,-73,73,578,22,14,4.0,0.0,100.000000,27,7.0,0.0,0.0,0.0,0.0,0.0,0.0,1.0
315479,0,1,3400,-73,73,582,22,14,4.0,0.0,100.000000,27,7.0,0.0,0.0,0.0,0.0,0.0,0.0,1.0
315728,0,1,3400,-73,73,583,27,13,4.0,0.0,100.000000,27,7.0,0.0,0.0,0.0,0.0,0.0,0.0,1.0
315977,0,1,3400,-73,73,578,28,14,4.0,0.0,100.000000,27,7.0,0.0,0.0,0.0,0.0,0.0,0.0,1.0
316226,0,1,3400,-73,73,575,28,14,4.0,0.0,100.000000,27,7.0,0.0,0.0,0.0,0.0,0.0,0.0,1.0
316475,0,1,3400,-73,73,576,23,14,3.9,17568.000000,95,27,7.0,0.0,0.0,0.0,0.0,0.0,0.0,1.0
316724,0,1,3400,-73,73,579,20,14,4.0,0.0,100.000000,27,7.0,0.0,0.0,0.0,0.0,0.0,0.0,1.0
316973,0,1,3400,-73,73,578,20,14,4.0,6208.000000,98,27,7.0,0.0,0.0,0.0,0.0,0.0,0.0,1.0
317222,0,1,3400,-73,73,575,20,14,4.0,0.0,100.000000,27,7.0,0.0,0.0,0.0,0.0,0.0,0.0,1.0
317471,0,1,3400,-73,73,575,22,14,4.0,0.0,100.000000,27,7.0,0.0,0.0,0.0,0.0,0.0,0.0,1.0
317720,0,1,3400,-73,73,577,22,14,4.0,0.0,100.000000,27,7.0,0.0,0.0,0.0,0.0,0.0,0.0,1.0
317969,0,1,3400,-73,73,578,20,14,3.5,25376.000000,82,27,7.0,0.0,0.0,0.0,0.0,0.0,0.0,1.0
318218,0,1,3400,-73,73,579,10,14,1.0,96000.000000,0,27,7.2,0.0,61184.000000,0,0.0,0.0,0.0,1.0
318467,0,1,3400,-73,73,577,19,13,3.2,17280.000000,83,27,5.4,0.0,34560.000000,7,0.0,0.0,0.0,1.0
318716,0,1,3400,-73,73,578,26,13,4.0,0.0,100.000000,27,3.5,0.0,0.0,0.0,0.0,0.0,0.0,1.0
318965,0,1,3400,-73,73,580,22,13,4.0,0.0,100.000000,27,3.5,0.0,0.0,0.0,0.0,0.0,0.0,1.0
319214,0,1,3400,-73,73,579,22,14,4.0,0.0,100.000000,27,3.5,0.0,0.0,0.0,0.0,0.0,0.0,1.0
319463,0,1,3400,-73,73,576,22,14,4.0,3616.000000,99,27,3.5,0.0,0.0,0.0,0.0,0.0,0.0,1.0
319712,0,1,3400,-73,73,577,26,14,4.0,0.0,100.000000,27,3.5,0.0,0.0,0.0,0.0,0.0,0.0,1.0
319961,0,1,3400,-72,72,579,28,15,4.0,0.0,100.000000,27,3.5,0.0,0.0,0.0,0.0,0.0,0.0,1.0
320210,0,1,3400,-72,72,578,22,15,3.2,12000.000000,75,27,3.5,0.0,0.0,0.0,0.0,0.0,0.0,1.0
320459,0,1,3400,-72,72,578,20,14,3.1,26880.000000,78,27,3.5,0.0,0.0,0.0,0.0,0.0,0.0,1.0
320708,0,1,3400,-72,72,580,21,15,3.1,14656.000000,88,27,3.5,0.0,0.0,0.0,0.0,0.0,0.0,1.0
320957,0,1,3400,-71,71,577,10,15,0.69,112704.000000,0,27,4.3,0.0,45664.000000,6,0.0,0.0,0.0,1.0
321206,0,1,3400,-71,71,578,12,15,0.67,137376.000000,0,27,4.6,0.0,117600.000000,2,0.0,0.0,0.0,1.0
321455,0,1,3400,-71,71,577,13,16,0.77,144320.000000,0,27,2.1,0.0,88160.000000,0,0.0,0.0,0.0,1.0
321704,0,1,3400,-71,71,576,7.8,16,0.61,119394.421875,0,27,0.032,0.0,0.0,0.0,0.0,0.0,0.0,1.0
321953,0,1,3400,-71,71,575,11,16,0.72,145056.000000,0,27,0.54,0.0,57888.000000,0,0.0,0.0,0.0,1.0
322202,0,1,3400,-70,70,576,14,16,0.90,222336.000000,0,27,4.0,0.0,0.0,0.0,0.0,0.0,0.0,1.0
322451,0,1,3400,-70,70,578,14,16,0.86,187008.000000,0,27,4.0,0.0,0.0,0.0,0.0,0.0,0.0,1.0
322700,0,1,3400,-70,70,578,14,17,0.75,197152.000000,0,27,4.0,0.0,0.0,0.0,0.0,0.0,0.0,1.0
322949,0,1,3400,-70,70,578,14,16,0.72,191104.000000,0,27,4.4,0.0,38816.000000,6,0.0,0.0,0.0,1.0
323198,0,1,3400,-70,70,580,12,16,0.60,154912.000000,0,27,5.5,0.0,0.0,0.0,0.0,0.0,0.0,1.0
323447,0,1,3400,-70,70,577,13,17,0.66,191232.000000,0,27,5.5,0.0,0.0,0.0,0.0,0.0,0.0,1.0
323696,0,1,3400,-70,70,576,14,16,0.85,181152.000000,0,27,5.5,0.0,0.0,0.0,0.0,0.0,0.0,1.0
323945,0,1,3400,-70,70,577,13,16,0.74,182944.000000,0,27,5.4,0.0,59712.000000,0,0.0,0.0,0.0,1.0
324194,0,1,3400,-70,70,576,13,15,0.60,158720.000000,0,27,5.5,0.0,0.0,0.0,0.0,0.0,0.0,1.0
324443,0,1,3400,-70,70,578,12,17,0.50,0.0,0.0,27,5.5,0.0,0.0,0.0,0.0,0.0,0.0,1.0
324692,0,1,3400,-70,70,580,12,17,0.50,0.0,0.0,27,5.5,0.0,0.0,0.0,0.0,0.0,0.0,1.0
324941,0,1,3400,-70,70,577,9.5,18,0.53,103776.000000,0,27,4.6,0.0,32960.000000,8,0.0,0.0,0.0,1.0
325190,0,1,3400,-69,69,577,15,17,0.83,191936.000000,0,27,3.0,0.0,0.0,0.0,0.0,0.0,0.0,1.0
325439,0,1,3400,-70,70,577,14,17,0.65,173344.000000,0,27,3.0,0.0,0.0,0.0,0.0,0.0,0.0,1.0
325688,0,1,3400,-70,70,579,14,17,0.72,174425.703125,0,27,3.0,0.0,0.0,0.0,0.0,0.0,0.0,1.0
325937,0,1,3400,-70,70,580,14,16,0.81,189376.000000,0,27,2.8,0.0,52480.000000,0,0.0,0.0,0.0,1.0
326186,0,1,3400,-70,70,580,14,17,0.97,23424.000000,0,27,2.0,0.0,0.0,0.0,0.0,0.0,0.0,1.0
326435,0,1,3400,-70,70,579,14,17,1.0,0.0,0.0,27,2.0,0.0,0.0,0.0,0.0,0.0,0.0,1.0
326684,0,1,3400,-70,70,576,14,16,1.0,0.0,0.0,27,2.0,0.0,0.0,0.0,0.0,0.0,0.0,1.0
326933,0,1,3400,-70,70,576,14,17,1.0,0.0,0.0,27,2.0,0.0,0.0,0.0,0.0,0.0,0.0,1.0
327182,0,1,3400,-70,70,577,14,16,1.0,0.0,0.0,27,2.0,0.0,0.0,0.0,0.0,0.0,0.0,1.0
327431,0,1,3400,-71,71,577,14,16,1.0,0.0,0.0,27,2.0,0.0,0.0,0.0,0.0,0.0,0.0,1.0
327680,0,1,3400,-71,71,576,14,16,1.0,0.0,0.0,27,2.0,0.0,0.0,0.0,0.0,0.0,0.0,1.0
327929,0,1,3400,-71,71,578,14,16,1.0,0.0,0.0,27,2.0,0.0,0.0,0.0,0.0,0.0,0.0,1.0
328178,0,1,3400,-71,71,576,14,15,1.0,0.0,0.0,27,2.0,0.0,0.0,0.0,0.0,0.0,0.0,1.0
328427,0,1,3400,-71,71,576,14,16,1.0,0.0,0.0,27,2.0,0.0,0.0,0.0,0.0,0.0,0.0,1.0
328676,0,1,3400,-71,71,575,14,16,1.0,0.0,0.0,27,2.0,0.0,0.0,0.0,0.0,0.0,0.0,1.0
328925,0,1,3400,-71,71,576,14,15,1.0,0.0,0.0,27,2.0,0.0,0.0,0.0,0.0,0.0,0.0,1.0
329174,0,1,3400,-71,71,576,19,16,2.1,0.0,100.000000,27,2.0,0.0,0.0,0.0,0.0,0.0,0.0,1.0
329423,0,1,3400,-72,72,576,28,15,4.0,0.0,100.000000,27,2.0,0.0,0.0,0.0,0.0,0.0,0.0,1.0
329672,0,1,3400,-72,72,577,28,15,4.0,0.0,100.000000,27,2.0,0.0,0.0,0.0,0.0,0.0,0.0,1.0
329921,0,1,3400,-72,72,577,28,14,4.0,0.0,100.000000,27,2.0,0.0,0.0,0.0,0.0,0.0,0.0,1.0
330170,0,1,3400,-72,72,576,28,14,4.0,0.0,100.000000,27,2.0,0.0,0.0,0.0,0.0,0.0,0.0,1.0
330419,0,1,3400,-72,72,577,28,14,4.0,0.0,100.000000,27,2.0,0.0,0.0,0.0,0.0,0.0,0.0,1.0
330668,0,1,3400,-72,72,575,28,15,4.0,0.0,100.000000,27,2.0,0.0,0.0,0.0,0.0,0.0,0.0,1.0
330917,0,1,3400,-72,72,577,28,15,4.0,0.0,100.000000,27,2.0,0.0,0.0,0.0,0.0,0.0,0.0,1.0
331166,0,1,3400,-72,72,577,28,14,4.0,0.0,100.000000,27,2.0,0.0,0.0,0.0,0.0,0.0,0.0,1.0
331415,0,1,3400,-72,72,575,28,15,4.0,0.0,100.000000,27,2.0,0.0,0.0,0.0,0.0,0.0,0.0,1.0
331664,0,1,3400,-72,72,575,28,15,4.0,0.0,100.000000,27,2.0,0.0,0.0,0.0,0.0,0.0,0.0,1.0
331913,0,1,3400,-71,71,575,28,15,4.0,0.0,100.000000,27,2.0,0.0,0.0,0.0,0.0,0.0,0.0,1.0
332162,0,1,3400,-71,71,578,28,16,4.0,0.0,100.000000,27,2.0,0.0,0.0,0.0,0.0,0.0,0.0,1.0
332411,0,1,3400,-71,71,577,28,16,4.0,0.0,100.000000,27,2.0,0.0,0.0,0.0,0.0,0.0,0.0,1.0
332660,0,1,3400,-71,71,580,14,16,1.4,113088.000000,22,27,1.9,0.0,50848.000000,0,0.0,0.0,0.0,1.0
332909,0,1,3400,-71,71,578,27,16,4.0,0.0,100.000000,27,2.0,0.0,0.0,0.0,0.0,0.0,0.0,1.0
333158,0,1,3400,-70,70,577,27,17,4.0,30144.000000,93,27,2.0,0.0,0.0,0.0,0.0,0.0,0.0,1.0
333407,0,1,3400,-70,70,579,27,16,4.0,10048.000000,98,27,2.0,0.0,0.0,0.0,0.0,0.0,0.0,1.0
333656,0,1,3400,-70,70,576,26,17,4.0,0.0,100.000000,27,2.0,0.0,0.0,0.0,0.0,0.0,0.0,1.0
333905,0,1,3400,-70,70,576,27,18,3.9,39936.000000,92,27,2.0,0.0,0.0,0.0,0.0,0.0,0.0,1.0
334154,0,1,3400,-69,69,577,27,17,4.0,5024.000000,99,27,2.0,0.0,0.0,0.0,0.0,0.0,0.0,1.0
334403,0,1,3400,-69,69,578,26,17,3.9,18560.000000,95,27,2.0,0.0,0.0,0.0,0.0,0.0,0.0,1.0
334652,0,1,3400,-69,69,578,26,17,4.0,10007.967773,98,27,2.0,0.0,0.0,0.0,0.0,0.0,0.0,1.0
334901,0,1,3400,-69,69,579,23,17,3.4,8160.000000,83,27,2.0,0.0,0.0,0.0,0.0,0.0,0.0,1.0
335150,0,1,3400,-69,69,580,14,17,1.2,205024.000000,0,27,2.1,192,145696.000000,8,0.0,0.0,0.0,1.0
335399,0,1,3400,-69,69,578,12,17,0.50,12768.000000,0,27,3.8,0.0,95904.000000,11,0.0,0.0,0.0,1.0
335648,0,1,3400,-69,69,579,13,18,0.92,14464.000000,69,27,5.5,0.0,0.0,0.0,0.0,0.0,0.0,1.0
335897,0,1,3400,-69,69,576,13,18,1.0,115136.000000,12,27,5.5,581,0.0,0.0,0.0,0.0,0.0,1.0
336146,0,1,3400,-68,68,575,13,18,0.53,61728.000000,0,27,2.6,0.0,88512.000000,4,0.0,0.0,0.0,1.0
336395,0,1,3400,-68,68,576,15,18,0.87,126208.000000,0,27,1.8,0.0,49312.000000,0,0.0,0.0,0.0,1.0
336644,0,1,3400,-68,68,576,19,19,1.5,233760.000000,0,27,1.0,0.0,0.0,0.0,0.0,0.0,0.0,1.0
336893,0,1,3400,-68,68,577,18,18,1.1,273248.000000,0,27,1.0,0.0,0.0,0.0,0.0,0.0,0.0,1.0
337142,0,1,3400,-68,68,577,19,18,1.2,282880.000000,0,27,1.8,0.0,68000.000000,0,0.0,0.0,0.0,1.0
337391,0,1,3400,-68,68,577,16,18,1.2,262496.000000,0,27,4.0,0.0,0.0,0.0,0.0,0.0,0.0,1.0
337640,0,1,3400,-68,68,575,19,18,1.4,267616.000000,0,27,4.0,0.0,0.0,0.0,0.0,0.0,0.0,1.0
337889,0,1,3400,-68,68,577,18,18,1.1,255904.000000,0,27,4.0,0.0,0.0,0.0,0.0,0.0,0.0,1.0
338138,0,1,3400,-68,68,578,17,18,0.93,194827.312500,0,27,3.4,0.0,51180.722656,0,0.0,0.0,0.0,1.0
338387,0,1,3400,-69,69,579,18,18,1.3,266528.000000,0,27,0.0,0.0,0.0,0.0,0.0,0.0,0.0,1.0
338636,0,1,3400,-69,69,578,16,17,0.89,204608.000000,0,27,0.0,0.0,0.0,0.0,0.0,0.0,0.0,1.0
338885,0,1,3400,-69,69,579,14,17,0.61,204384.000000,0,27,0.0,0.0,0.0,0.0,0.0,0.0,0.0,1.0
339134,0,1,3400,-69,69,580,12,18,0.56,159424.000000,0,27,0.79,0.0,74272.000000,4,0.0,0.0,0.0,1.0
339383,0,1,3400,-69,69,579,14,17,0.63,176160.000000,0,27,4.0,0.0,0.0,0.0,0.0,0.0,0.0,1.0
339632,0,1,3400,-69,69,577,14,17,0.55,157792.000000,0,27,4.0,0.0,0.0,0.0,0.0,0.0,0.0,1.0
339881,0,1,3400,-69,69,572,14,17,0.58,177696.000000,0,27,4.0,0.0,0.0,0.0,0.0,0.0,0.0,1.0
340130,0,1,3400,-68,68,573,19,18,1.1,238272.000000,0,27,4.4,0.0,65888.000000,0,0.0,0.0,0.0,1.0
340379,0,1,3400,-68,68,577,19,18,1.3,196128.000000,0,27,5.5,0.0,0.0,0.0,0.0,0.0,0.0,1.0
340628,0,1,3400,-68,68,579,18,18,1.3,57952.000000,0,27,5.5,0.0,0.0,0.0,0.0,0.0,0.0,1.0
340877,0,1,3400,-68,68,579,18,18,1.3,278912.000000,1.0,27,5.5,0.0,0.0,0.0,0.0,0.0,0.0,1.0
341126,0,1,3400,-68,68,577,21,18,2.3,119394.421875,43,27,3.9,0.0,49147.410156,0,0.0,0.0,0.0,1.0
341375,0,1,3400,-68,68,578,27,18,4.0,0.0,100.000000,27,1.0,0.0,0.0,0.0,0.0,0.0,0.0,1.0
341624,0,1,3400,-68,68,578,27,18,4.0,9792.000000,98,27,1.0,0.0,0.0,0.0,0.0,0.0,0.0,1.0
341873,0,1,3400,-68,68,576,19,19,1.9,149728.000000,28,27,1.0,0.0,0.0,0.0,0.0,0.0,0.0,1.0
342122,0,1,3400,-67,67,576,21,19,2.1,117088.000000,42,27,2.8,0.0,96960.000000,4,0.0,0.0,0.0,1.0
342371,0,1,3400,-67,67,576,18,19,1.2,192960.000000,7,27,7.0,0.0,0.0,0.0,0.0,0.0,0.0,1.0
342620,0,1,3400,-67,67,576,16,19,1.0,241152.000000,0,27,7.0,0.0,0.0,0.0,0.0,0.0,0.0,1.0
342869,0,1,3400,-67,67,574,14,19,0.84,132096.000000,1,27,7.0,0.0,0.0,0.0,0.0,0.0,0.0,1.0
343118,0,1,3400,-67,67,577,27,19,3.8,38400.000000,73,27,7.0,0.0,0.0,0.0,0.0,0.0,0.0,1.0
343367,0,1,3400,-67,67,575,24,19,3.1,76640.000000,0,27,7.0,0.0,0.0,0.0,0.0,0.0,0.0,1.0
343616,0,1,3400,-67,67,578,20,20,2.2,128736.000000,42,27,7.0,581,0.0,0.0,0.0,0.0,0.0,1.0
343865,0,1,3400,-67,67,579,9.2,20,0.61,114176.000000,0,27,5.5,0.0,45152.000000,0,0.0,0.0,0.0,1.0
344114,0,1,3400,-66,66,578,19,20,0.92,226944.000000,0,27,4.4,0.0,48096.000000,0,0.0,0.0,0.0,1.0
344363,0,1,3400,-67,67,576,15,19,0.71,171456.000000,0,27,3.5,0.0,0.0,0.0,0.0,0.0,0.0,1.0
344612,0,1,3400,-67,67,575,18,19,0.85,208546.187500,0,27,3.5,0.0,0.0,0.0,0.0,0.0,0.0,1.0
344861,0,1,3400,-67,67,574,19,19,0.95,264608.000000,0,27,3.5,0.0,0.0,0.0,0.0,0.0,0.0,1.0
345110,0,1,3400,-67,67,576,19,19,1.0,235680.000000,0,27,2.3,0.0,45088.000000,0,0.0,0.0,0.0,1.0
345359,0,1,3400,-67,67,579,24,19,2.7,260352.000000,37,27,1.0,0.0,0.0,0.0,0.0,0.0,0.0,1.0
345608,0,1,3400,-67,67,575,20,20,1.2,325376.000000,2,27,1.0,0.0,0.0,0.0,0.0,0.0,0.0,1.0
345857,0,1,3400,-67,67,574,27,19,3.9,15072.000000,96,27,1.0,0.0,0.0,0.0,0.0,0.0,0.0,1.0
346106,0,1,3400,-66,66,576,28,20,4.0,5024.000000,93,27,1.0,0.0,0.0,0.0,0.0,0.0,0.0,1.0
346355,0,1,3400,-67,67,575,28,20,4.0,0.0,100.000000,27,1.0,0.0,0.0,0.0,0.0,0.0,0.0,1.0
346604,0,1,3400,-67,67,577,23,19,2.9,46848.000000,69,27,1.0,0.0,0.0,0.0,0.0,0.0,0.0,1.0
346853,0,1,3400,-67,67,578,16,19,0.94,229536.000000,0,27,5.7,0.0,104032.000000,0,0.0,0.0,0.0,1.0
347102,0,1,3400,-67,67,578,25,19,3.9,21536.000000,96,27,7.0,0.0,0.0,0.0,0.0,0.0,0.0,1.0
347351,0,1,3400,-67,67,578,19,19,1.7,187936.000000,17,27,6.5,0.0,105568.000000,29,0.0,0.0,0.0,1.0
347600,0,1,3400,-67,67,577,16,19,0.83,184159.359375,0,27,5.5,0.0,0.0,0.0,0.0,0.0,0.0,1.0
347849,0,1,3400,-67,67,577,18,19,1.1,236320.000000,3,27,5.5,0.0,0.0,0.0,0.0,0.0,0.0,1.0
348098,0,1,3400,-67,67,576,26,19,3.8,58272.000000,87,27,5.5,0.0,0.0,0.0,0.0,0.0,0.0,1.0
348347,0,1,3400,-67,67,575,21,19,2.2,122912.000000,41,27,5.3,0.0,50368.000000,0,0.0,0.0,0.0,1.0
348596,0,1,3400,-67,67,578,19,19,1.0,278272.000000,0,27,5.5,0.0,23360.000000,20,0.0,0.0,0.0,1.0
348845,0,1,3400,-67,67,577,19,19,1.4,259200.000000,3,27,5.5,0.0,0.0,0.0,0.0,0.0,0.0,1.0
349094,0,1,3400,-67,67,577,24,19,4.0,9024.000000,98,27,5.5,0.0,0.0,0.0,0.0,0.0,0.0,1.0
349343,0,1,3400,-67,67,576,22,19,2.5,167584.000000,36,27,5.3,0.0,52288.000000,0,0.0,0.0,0.0,1.0
349592,0,1,3400,-67,67,578,7.8,19,0.80,134912.000000,0,27,8.0,0.0,39616.000000,0,0.0,0.0,0.0,1.0
349841,0,1,3400,-67,67,578,18,19,1.1,251456.000000,0,27,8.0,0.0,0.0,0.0,0.0,0.0,0.0,1.0
350090,0,1,3400,-67,67,579,20,19,1.5,188800.000000,20,27,6.1,0.0,19808.000000,8,0.0,0.0,0.0,1.0
350339,0,1,3400,-68,68,577,27,18,3.8,36160.000000,91,27,2.0,0.0,0.0,0.0,0.0,0.0,0.0,1.0
350588,0,1,3400,-68,68,575,19,18,1.6,166144.000000,28,27,2.0,0.0,0.0,0.0,0.0,0.0,0.0,1.0
350837,0,1,3400,-68,68,577,17,18,1.7,85815.257812,30,27,2.0,0.0,0.0,0.0,0.0,0.0,0.0,1.0
351086,0,1,3400,-68,68,578,15,18,1.3,117280.000000,17,27,3.1,0.0,66048.000000,0,0.0,0.0,0.0,1.0
351335,0,1,3400,-68,68,580,17,18,1.5,114624.000000,34,27,5.5,0.0,0.0,0.0,0.0,0.0,0.0,1.0
351584,0,1,3400,-68,68,578,14,18,0.64,128160.000000,0,27,5.5,0.0,0.0,0.0,0.0,0.0,0.0,1.0
351833,0,1,3400,-68,68,577,14,18,0.58,163040.000000,0,27,5.5,0.0,0.0,0.0,0.0,0.0,0.0,1.0
352082,0,1,3400,-68,68,574,15,17,0.66,177536.000000,1,27,5.5,0.0,41152.000000,7,0.0,0.0,0.0,1.0
352331,0,1,3400,-68,68,575,19,18,1.4,236448.000000,0,27,5.5,0.0,0.0,0.0,0.0,0.0,0.0,1.0
352580,0,1,3400,-68,68,577,15,18,0.79,202976.000000,0,27,5.5,0.0,0.0,0.0,0.0,0.0,0.0,1.0
352829,0,1,3400,-68,68,575,17,18,0.97,225120.000000,0,27,5.5,0.0,0.0,0.0,0.0,0.0,0.0,1.0
353078,0,1,3400,-68,68,576,17,18,0.83,191040.000000,0,27,3.6,0.0,54816.000000,7,0.0,0.0,0.0,1.0
353327,0,1,3400,-68,68,576,15,18,0.71,174016.000000,0,27,2.0,0.0,0.0,0.0,0.0,0.0,0.0,1.0
353576,0,1,3400,-68,68,577,24,18,3.3,86976.000000,68,27,2.0,0.0,0.0,0.0,0.0,0.0,0.0,1.0
353825,0,1,3400,-68,68,579,18,18,2.3,102688.000000,29,27,2.0,0.0,0.0,0.0,0.0,0.0,0.0,1.0
354074,0,1,3400,-68,68,578,17,18,1.4,174023.906250,13,27,2.1,0.0,35888.445312,12,0.0,0.0,0.0,1.0
354323,0,1,3400,-68,68,575,27,18,4.0,14464.000000,96,27,2.0,0.0,0.0,0.0,0.0,0.0,0.0,1.0
354572,0,1,3400,-68,68,575,26,18,4.0,0.0,100.000000,27,2.0,0.0,0.0,0.0,0.0,0.0,0.0,1.0
354821,0,1,3400,-68,68,575,27,18,4.0,3616.000000,99,27,2.0,0.0,0.0,0.0,0.0,0.0,0.0,1.0
355070,0,1,3400,-68,68,572,22,18,3.7,101568.000000,64,27,2.0,0.0,0.0,0.0,0.0,0.0,0.0,1.0
355319,0,1,3400,-69,69,573,25,17,3.9,10080.000000,95,27,2.0,0.0,0.0,0.0,0.0,0.0,0.0,1.0
355568,0,1,3400,-69,69,576,24,17,3.6,39840.000000,80,27,2.0,0.0,0.0,0.0,0.0,0.0,0.0,1.0
355817,0,1,3400,-69,69,576,14,17,0.74,106432.000000,0,27,2.8,0.0,78560.000000,0,0.0,0.0,0.0,1.0
356066,0,1,3400,-69,69,577,15,17,1.1,79040.000000,13,27,4.0,581,0.0,0.0,0.0,0.0,0.0,1.0
356315,0,1,3400,-70,70,574,11,16,0.70,143264.000000,0,27,3.1,0.0,103264.000000,0,0.0,0.0,0.0,1.0
356564,0,1,3400,-70,70,575,12,16,0.61,142176.000000,0,27,3.0,0.0,0.0,0.0,0.0,0.0,0.0,1.0
356813,0,1,3400,-70,70,575,13,16,0.78,154080.000000,0,27,3.0,0.0,0.0,0.0,0.0,0.0,0.0,1.0
357062,0,1,3400,-70,70,577,16,15,1.8,99424.000000,37,27,2.2,0.0,30784.000000,13,0.0,0.0,0.0,1.0
357311,0,1,3400,-70,70,576,22,16,3.9,14522.087891,96,27,1.0,0.0,0.0,0.0,0.0,0.0,0.0,1.0
357560,0,1,3400,-70,70,575,25,16,4.0,0.0,100.000000,27,1.0,0.0,0.0,0.0,0.0,0.0,0.0,1.0
357809,0,1,3400,-70,70,574,27,15,4.0,0.0,100.000000,27,1.0,0.0,0.0,0.0,0.0,0.0,0.0,1.0
358058,0,1,3400,-70,70,577,26,16,3.9,8288.000000,91,27,1.0,0.0,0.0,0.0,0.0,0.0,0.0,1.0
358307,0,1,3400,-70,70,577,12,16,1.4,87488.000000,20,27,1.7,0.0,36960.000000,27,0.0,0.0,0.0,1.0
358556,0,1,3400,-70,70,574,27,16,4.0,0.0,100.000000,27,4.0,0.0,0.0,0.0,0.0,0.0,0.0,1.0
358805,0,1,3400,-70,70,574,27,16,4.0,0.0,100.000000,27,4.0,0.0,0.0,0.0,0.0,0.0,0.0,1.0
359054,0,1,3400,-69,69,575,27,16,4.0,0.0,100.000000,27,4.0,0.0,0.0,0.0,0.0,0.0,0.0,1.0
359303,0,1,3400,-69,69,576,26,16,4.0,0.0,100.000000,27,4.0,0.0,0.0,0.0,0.0,0.0,0.0,1.0
359552,0,1,3400,-69,69,576,27,16,4.0,0.0,100.000000,27,4.0,0.0,0.0,0.0,0.0,0.0,0.0,1.0
359801,0,1,3400,-69,69,576,27,17,4.0,0.0,100.000000,27,4.0,0.0,0.0,0.0,0.0,0.0,0.0,1.0
360050,0,1,3400,-69,69,574,19,17,2.2,159936.000000,28,27,3.9,27,1568.000000,0,0.0,0.0,0.0,1.0
360299,0,1,3400,-69,69,577,19,17,3.4,18496.000000,82,27,0.0080,0.0,23136.000000,0,0.0,0.0,0.0,1.0
360548,0,1,3400,-69,69,578,6.9,16,0.64,96573.703125,0,27,0.0,581,0.0,0.0,0.0,0.0,0.0,1.0
360797,0,1,3400,-69,69,577,13,16,0.63,147744.000000,0,27,5.1,0.0,104928.000000,0,0.0,0.0,0.0,1.0
361046,0,1,3400,-69,69,577,12,16,0.53,117280.000000,0,27,5.3,0.0,104928.000000,0,0.0,0.0,0.0,1.0
361295,0,1,3400,-69,69,577,12,16,0.56,110336.000000,0,27,5.5,0.0,0.0,0.0,0.0,0.0,0.0,1.0
361544,0,1,3400,-69,69,576,15,17,1.6,111392.000000,32,27,5.5,0.0,0.0,0.0,0.0,0.0,0.0,1.0
361793,0,1,3400,-69,69,575,23,16,3.9,20928.000000,92,27,5.5,0.0,0.0,0.0,0.0,0.0,0.0,1.0
362042,0,1,3400,-69,69,576,23,17,3.8,27648.000000,92,27,5.5,0.0,0.0,0.0,0.0,0.0,0.0,1.0
362291,0,1,3400,-69,69,578,24,17,4.0,7232.000000,98,27,5.5,0.0,0.0,0.0,0.0,0.0,0.0,1.0
362540,0,1,3400,-69,69,575,28,16,4.0,0.0,100.000000,27,5.5,0.0,0.0,0.0,0.0,0.0,0.0,1.0
362789,0,1,3400,-69,69,575,21,17,2.9,62464.000000,46,27,3.0,0.0,30272.000000,0,0.0,0.0,0.0,1.0
363038,0,1,3400,-69,69,576,19,17,2.2,86848.000000,41,27,0.0,192,1568.000000,0,0.0,0.0,0.0,1.0
363287,0,1,3400,-69,69,577,15,17,0.81,183936.000000,0,27,3.0,0.0,57408.000000,0,0.0,0.0,0.0,1.0
363536,0,1,3400,-69,69,575,14,17,1.6,66506.023438,47,27,3.0,0.0,0.0,0.0,0.0,0.0,0.0,1.0
363785,0,1,3400,-69,69,575,28,17,4.0,0.0,100.000000,27,3.0,0.0,0.0,0.0,0.0,0.0,0.0,1.0
364034,0,1,3400,-68,68,577,28,18,4.0,0.0,100.000000,27,3.0,0.0,0.0,0.0,0.0,0.0,0.0,1.0
364283,0,1,3400,-68,68,579,28,18,4.0,0.0,100.000000,27,3.0,0.0,0.0,0.0,0.0,0.0,0.0,1.0
364532,0,1,3400,-68,68,579,28,18,4.0,0.0,100.000000,27,3.0,0.0,0.0,0.0,0.0,0.0,0.0,1.0
364781,0,1,3400,-68,68,578,22,18,2.8,191040.000000,38,27,3.0,0.0,0.0,0.0,0.0,0.0,0.0,1.0
365030,0,1,3400,-68,68,579,19,18,1.5,142528.000000,19,27,4.6,0.0,93792.000000,25,0.0,0.0,0.0,1.0
365279,0,1,3400,-68,68,578,27,18,3.7,25056.000000,90,27,5.5,0.0,7200.000000,0,0.0,0.0,0.0,1.0
365528,0,1,3400,-68,68,575,15,18,0.73,209632.000000,0,27,5.5,0.0,0.0,0.0,0.0,0.0,0.0,1.0
365777,0,1,3400,-68,68,575,16,17,0.77,238624.000000,0,27,5.5,0.0,0.0,0.0,0.0,0.0,0.0,1.0
366026,0,1,3400,-68,68,574,19,17,2.0,200640.000000,25,27,5.5,0.0,0.0,0.0,0.0,0.0,0.0,1.0
366275,0,1,3400,-68,68,576,20,18,2.1,229280.000000,19,27,4.4,0.0,72384.000000,0,0.0,0.0,0.0,1.0
366524,0,1,3400,-68,68,575,16,18,0.82,210112.000000,0,27,3.0,0.0,0.0,0.0,0.0,0.0,0.0,1.0
366773,0,1,3400,-68,68,574,19,18,1.4,307456.000000,0,27,3.0,0.0,0.0,0.0,0.0,0.0,0.0,1.0
367022,0,1,3400,-67,67,576,18,19,1.0,245322.703125,0,27,3.4,0.0,73051.789062,0,0.0,0.0,0.0,1.0
367271,0,1,3400,-67,67,574,18,19,0.90,233280.000000,0,27,4.0,0.0,0.0,0.0,0.0,0.0,0.0,1.0
367520,0,1,3400,-67,67,574,18,19,1.0,245920.000000,0,27,4.0,0.0,0.0,0.0,0.0,0.0,0.0,1.0
367769,0,1,3400,-67,67,577,23,19,2.4,91040.000000,54,27,4.0,0.0,0.0,0.0,0.0,0.0,0.0,1.0
368018,0,1,3400,-66,66,578,27,19,3.9,34560.000000,92,27,4.0,0.0,0.0,0.0,0.0,0.0,0.0,1.0
368267,0,1,3400,-66,66,578,24,19,3.5,106688.000000,68,27,4.0,0.0,0.0,0.0,0.0,0.0,0.0,1.0
368516,0,1,3400,-66,66,576,25,19,3.7,122912.000000,75,27,4.0,0.0,0.0,0.0,0.0,0.0,0.0,1.0
368765,0,1,3400,-66,66,576,20,19,1.6,255488.000000,12,27,3.7,0.0,70784.000000,0,0.0,0.0,0.0,1.0
369014,0,1,3400,-66,66,575,19,19,0.93,257856.000000,0,27,1.6,0.0,43008.000000,18,0.0,0.0,0.0,1.0
369263,0,1,3400,-66,66,575,19,20,0.88,230048.000000,0,27,0.0,0.0,0.0,0.0,0.0,0.0,0.0,1.0
369512,0,1,3400,-66,66,576,17,19,0.82,233664.000000,0,27,0.0,0.0,0.0,0.0,0.0,0.0,0.0,1.0
369761,0,1,3400,-66,66,576,18,19,0.90,215550.203125,0,27,0.0,0.0,0.0,0.0,0.0,0.0,0.0,1.0
370010,0,1,3400,-66,66,574,18,20,0.88,250176.000000,0,27,2.3,0.0,78976.000000,0,0.0,0.0,0.0,1.0
370259,0,1,3400,-66,66,576,21,20,1.7,208320.000000,23,27,7.0,0.0,0.0,0.0,0.0,0.0,0.0,1.0
370508,0,1,3400,-66,66,576,26,20,4.0,4256.000000,99,27,7.0,0.0,0.0,0.0,0.0,0.0,0.0,1.0
370757,0,1,3400,-66,66,575,28,19,4.0,0.0,100.000000,27,7.0,0.0,0.0,0.0,0.0,0.0,0.0,1.0
371006,0,1,3400,-66,66,576,28,19,4.0,0.0,100.000000,27,7.0,0.0,0.0,0.0,0.0,0.0,0.0,1.0
371255,0,1,3400,-66,66,574,28,19,4.0,0.0,100.000000,27,7.0,0.0,0.0,0.0,0.0,0.0,0.0,1.0
371504,0,1,3400,-66,66,573,28,19,4.0,0.0,100.000000,27,7.0,0.0,0.0,0.0,0.0,0.0,0.0,1.0
371753,0,1,3400,-66,66,573,28,20,4.0,0.0,100.000000,27,7.0,0.0,0.0,0.0,0.0,0.0,0.0,1.0
372002,0,1,3400,-66,66,574,28,19,4.0,0.0,100.000000,27,7.0,0.0,0.0,0.0,0.0,0.0,0.0,1.0
372251,0,1,3400,-66,66,578,22,19,1.8,202208.000000,26,27,7.0,0.0,0.0,0.0,0.0,0.0,0.0,1.0
372500,0,1,3400,-66,66,577,21,19,1.8,153152.000000,35,27,7.0,0.0,0.0,0.0,0.0,0.0,0.0,1.0
372749,0,1,3400,-66,66,576,28,19,4.0,0.0,100.000000,27,7.0,0.0,0.0,0.0,0.0,0.0,0.0,1.0
372998,0,1,3400,-66,66,575,28,19,4.0,0.0,100.000000,27,7.0,0.0,0.0,0.0,0.0,0.0,0.0,1.0
373247,0,1,3400,-66,66,575,28,19,4.0,0.0,100.000000,27,7.0,0.0,0.0,0.0,0.0,0.0,0.0,1.0
373496,0,1,3400,-66,66,576,21,19,1.7,221227.093750,20,27,7.0,581,0.0,0.0,0.0,0.0,0.0,1.0
373745,0,1,3400,-66,66,577,20,19,2.2,48608.000000,62,27,4.8,0.0,83008.000000,5,0.0,0.0,0.0,1.0
373994,0,1,3400,-66,66,575,27,19,3.8,24192.000000,91,27,5.5,0.0,0.0,0.0,0.0,0.0,0.0,1.0
374243,0,1,3400,-66,66,573,19,20,1.0,277152.000000,0,27,3.1,0.0,91488.000000,11,0.0,0.0,0.0,1.0
374492,0,1,3400,-66,66,573,26,19,3.3,19488.000000,91,27,3.0,0.0,0.0,0.0,0.0,0.0,0.0,1.0
374741,0,1,3400,-66,66,574,28,19,3.9,11840.000000,98,27,3.0,0.0,0.0,0.0,0.0,0.0,0.0,1.0
374990,0,1,3400,-66,66,575,28,19,4.0,0.0,100.000000,27,3.0,0.0,0.0,0.0,0.0,0.0,0.0,1.0
375239,0,1,3400,-66,66,577,28,19,4.0,5024.000000,99,27,3.0,0.0,0.0,0.0,0.0,0.0,0.0,1.0
375488,0,1,3400,-66,66,575,27,19,3.9,19072.000000,96,27,3.0,0.0,0.0,0.0,0.0,0.0,0.0,1.0
375737,0,1,3400,-66,66,576,27,19,4.0,4768.000000,99,27,3.0,0.0,0.0,0.0,0.0,0.0,0.0,1.0
375986,0,1,3400,-66,66,575,27,19,3.9,24352.000000,95,27,3.0,0.0,0.0,0.0,0.0,0.0,0.0,1.0
376235,0,1,3400,-66,66,577,27,20,3.4,150554.218750,71,27,3.0,0.0,0.0,0.0,0.0,0.0,0.0,1.0
376484,0,1,3400,-66,66,578,23,20,2.9,55072.000000,63,27,3.0,0.0,0.0,0.0,0.0,0.0,0.0,1.0
376733,0,1,3400,-66,66,575,28,19,4.0,5024.000000,99,27,3.0,0.0,0.0,0.0,0.0,0.0,0.0,1.0
376982,0,1,3400,-65,65,578,21,20,1.8,167040.000000,19,27,2.5,786,44736.000000,23,0.0,0.0,0.0,1.0
377231,0,1,3400,-65,65,578,6.6,20,0.62,86464.000000,0,27,1.1,0.0,67104.000000,4,0.0,0.0,0.0,1.0
377480,0,1,3400,-65,65,575,21,20,1.8,193088.000000,21,27,1.0,0.0,0.0,0.0,0.0,0.0,0.0,1.0
377729,0,1,3400,-65,65,575,19,20,0.87,296352.000000,0,27,1.0,0.0,0.0,0.0,0.0,0.0,0.0,1.0
377978,0,1,3400,-65,65,578,20,20,1.3,277760.000000,4,27,1.3,0.0,32864.000000,8,0.0,0.0,0.0,1.0
378227,0,1,3400,-65,65,577,19,20,0.84,245888.000000,0,27,2.5,0.0,0.0,0.0,0.0,0.0,0.0,1.0
378476,0,1,3400,-65,65,577,18,20,0.85,251872.000000,0,27,2.5,0.0,0.0,0.0,0.0,0.0,0.0,1.0
378725,0,1,3400,-65,65,577,18,20,0.84,223712.000000,0,27,2.5,0.0,0.0,0.0,0.0,0.0,0.0,1.0
378974,0,1,3400,-65,65,578,19,20,0.85,232448.000000,0,27,2.8,0.0,67360.000000,0,0.0,0.0,0.0,1.0
379223,0,1,3400,-66,66,576,19,20,0.83,240224.000000,0,27,3.0,0.0,0.0,0.0,0.0,0.0,0.0,1.0
379472,0,1,3400,-66,66,574,24,20,3.1,243488.000000,44,27,3.0,0.0,0.0,0.0,0.0,0.0,0.0,1.0
379721,0,1,3400,-66,66,573,18,19,0.97,209024.000000,0,27,3.0,0.0,0.0,0.0,0.0,0.0,0.0,1.0
379970,0,1,3400,-66,66,574,21,19,2.1,191168.000000,33,27,3.0,0.0,0.0,0.0,0.0,0.0,0.0,1.0
380219,0,1,3400,-67,67,573,21,19,1.9,180270.921875,27,27,3.8,0.0,68557.765625,0,0.0,0.0,0.0,1.0
380468,0,1,3400,-67,67,576,17,19,0.79,222208.000000,0,27,5.5,0.0,0.0,0.0,0.0,0.0,0.0,1.0
380717,0,1,3400,-67,67,577,19,19,1.0,297856.000000,0,27,5.5,0.0,0.0,0.0,0.0,0.0,0.0,1.0
380966,0,1,3400,-67,67,576,20,18,1.9,213632.000000,7,27,6.6,0.0,64576.000000,0,0.0,0.0,0.0,1.0
381215,0,1,3400,-68,68,574,24,18,2.9,168960.000000,47,27,8.0,0.0,0.0,0.0,0.0,0.0,0.0,1.0
381464,0,1,3400,-68,68,574,28,18,4.0,0.0,100.000000,27,8.0,0.0,0.0,0.0,0.0,0.0,0.0,1.0
381713,0,1,3400,-68,68,577,28,17,4.0,0.0,100.000000,27,8.0,0.0,0.0,0.0,0.0,0.0,0.0,1.0
381962,0,1,3400,-68,68,578,20,17,2.0,120256.000000,39,27,6.5,0.0,57312.000000,0,0.0,0.0,0.0,1.0
382211,0,1,3400,-69,69,574,15,17,0.78,148000.000000,1,27,0.0,0.0,0.0,0.0,0.0,0.0,0.0,1.0
382460,0,1,3400,-69,69,572,14,17,0.58,201895.578125,0,27,0.0,0.0,0.0,0.0,0.0,0.0,0.0,1.0
382709,0,1,3400,-69,69,575,13,16,0.66,149728.000000,0,27,0.0,0.0,0.0,0.0,0.0,0.0,0.0,1.0
382958,0,1,3400,-69,69,575,13,16,0.66,121184.000000,0,27,2.3,0.0,121856.000000,11,0.0,0.0,0.0,1.0
383207,0,1,3400,-70,70,574,17,16,2.2,157760.000000,28,27,7.0,0.0,0.0,0.0,0.0,0.0,0.0,1.0
383456,0,1,3400,-70,70,577,13,16,0.77,156544.000000,0,27,7.0,0.0,0.0,0.0,0.0,0.0,0.0,1.0
383705,0,1,3400,-70,70,576,14,15,1.3,131808.000000,17,27,7.0,0.0,0.0,0.0,0.0,0.0,0.0,1.0
383954,0,1,3400,-70,70,574,16,15,1.9,75904.000000,33,27,7.0,0.0,0.0,0.0,0.0,0.0,0.0,1.0
384203,0,1,3400,-71,71,575,13,15,1.9,23936.000000,79,27,7.0,0.0,0.0,0.0,0.0,0.0,0.0,1.0
384452,0,1,3400,-71,71,575,18,15,3.4,62368.000000,80,27,7.0,0.0,0.0,0.0,0.0,0.0,0.0,1.0
384701,0,1,3400,-71,71,575,13,14,1.1,239488.000000,9,27,5.8,0.0,64128.000000,13,0.0,0.0,0.0,1.0
384950,0,1,3400,-71,71,576,11,14,0.72,301856.000000,0,27,6.9,0.0,42848.000000,0,0.0,0.0,0.0,1.0
385199,0,1,3400,-71,71,579,11,14,0.63,296352.000000,0,27,8.0,0.0,0.0,0.0,0.0,0.0,0.0,1.0
385448,0,1,3400,-71,71,577,11,14,0.70,291168.000000,0,27,8.0,0.0,0.0,0.0,0.0,0.0,0.0,1.0
385697,0,1,3400,-71,71,575,14,14,1.3,235584.000000,15,27,8.0,0.0,0.0,0.0,0.0,0.0,0.0,1.0
385946,0,1,3400,-71,71,574,22,14,3.2,71808.000000,76,27,8.0,0.0,0.0,0.0,0.0,0.0,0.0,1.0
386195,0,1,3400,-72,72,574,11,14,0.64,806880.000000,0,27,2.9,0.0,32608.000000,6,0.0,0.0,0.0,1.0
386444,0,1,3400,-72,72,576,12,12,1.5,613152.000000,26,27,2.0,0.0,0.0,0.0,0.0,0.0,0.0,1.0
386693,0,1,3400,-72,72,576,5.8,11,0.50,539506.000000,0,27,2.0,0.0,0.0,0.0,0.0,0.0,0.0,1.0
386942,0,1,3400,-72,72,577,17,11,3.2,41472.000000,85,27,2.0,0.0,0.0,0.0,0.0,0.0,0.0,1.0
387191,0,1,3400,-72,72,578,16,12,3.1,65568.000000,80,27,5.3,295,0.0,80,0.0,0.0,0.0,1.0
387440,0,1,3400,-72,72,575,14,12,2.4,281024.000000,58,27,7.1,0.0,59904.000000,0,0.0,0.0,0.0,1.0
387689,0,1,3400,-71,71,575,7.7,12,1.0,428000.000000,18,27,10,0.0,0.0,0.0,0.0,0.0,0.0,1.0
387938,0,1,3400,-71,71,573,19,12,3.5,47168.000000,90,27,10,0.0,0.0,0.0,0.0,0.0,0.0,1.0
388187,0,1,3400,-71,71,574,13,12,2.5,346784.000000,55,27,10,0.0,47264.000000,0,0.0,0.0,0.0,1.0
388436,0,1,3400,-71,71,577,8.2,12,0.57,980928.000000,0,27,10,0.0,11936.000000,0,0.0,0.0,0.0,1.0
388685,0,1,3400,-71,71,576,22,12,4.0,15068.273438,100,27,10,0.0,0.0,0.0,0.0,0.0,0.0,1.0
388934,0,1,3400,-71,71,575,10,12,0.88,658272.000000,9,27,10,0.0,82464.000000,0,0.0,0.0,0.0,1.0
389183,0,1,3400,-71,71,574,13,12,1.6,618912.000000,26,27,10,0.0,0.0,0.0,0.0,0.0,0.0,1.0
389432,0,1,3400,-71,71,575,19,12,3.2,163200.000000,63,27,10,0.0,0.0,0.0,0.0,0.0,0.0,1.0
389681,0,1,3400,-71,71,576,21,12,3.7,63872.000000,86,27,10,0.0,0.0,0.0,0.0,0.0,0.0,1.0
389930,0,1,3400,-71,71,576,22,12,3.7,22848.000000,92,27,10,0.0,0.0,0.0,0.0,0.0,0.0,1.0
390179,0,1,3400,-71,71,575,9.6,12,1.2,310624.000000,9,27,7.4,0.0,17248.000000,16,0.0,0.0,0.0,1.0
390428,0,1,3400,-71,71,576,19,12,3.1,154752.000000,72,27,0.0,0.0,0.0,0.0,0.0,0.0,0.0,1.0
390677,0,1,3400,-71,71,577,20,12,3.9,2496.000000,99,27,0.0,0.0,0.0,0.0,0.0,0.0,0.0,1.0
390926,0,1,3400,-71,71,573,20,12,3.4,144384.000000,70,27,0.0,0.0,0.0,0.0,0.0,0.0,0.0,1.0
391175,0,1,3400,-71,71,573,9.6,12,0.96,668768.000000,11,27,3.8,0.0,28640.000000,21,0.0,0.0,0.0,1.0
391424,0,1,3400,-71,71,574,13,12,2.1,559616.000000,42,27,6.0,0.0,0.0,0.0,0.0,0.0,0.0,1.0
391673,0,1,3400,-71,71,575,21,12,3.8,14432.000000,94,27,6.0,0.0,0.0,0.0,0.0,0.0,0.0,1.0
391922,0,1,3400,-71,71,577,22,12,3.5,65760.000000,86,27,6.0,0.0,0.0,0.0,0.0,0.0,0.0,1.0
392171,0,1,3400,-71,71,574,19,12,3.2,222464.000000,73,27,5.7,0.0,18688.000000,0,0.0,0.0,0.0,1.0
392420,0,1,3400,-71,71,571,18,12,3.3,16000.000000,85,27,4.5,0.0,0.0,0.0,0.0,0.0,0.0,1.0
392669,0,1,3400,-71,71,573,18,12,3.2,199200.000000,67,27,4.5,0.0,0.0,0.0,0.0,0.0,0.0,1.0
392918,0,1,3400,-71,71,575,20,12,3.4,53504.000000,85,27,4.5,0.0,0.0,0.0,0.0,0.0,0.0,1.0
393167,0,1,3400,-71,71,578,16,12,3.1,126470.117188,71,27,4.5,0.0,0.0,0.0,0.0,0.0,0.0,1.0
393416,0,1,3400,-71,71,575,17,12,3.2,108096.000000,79,27,4.5,0.0,0.0,0.0,0.0,0.0,0.0,1.0
393665,0,1,3400,-71,71,575,16,12,2.9,96928.000000,62,27,4.5,0.0,0.0,0.0,0.0,0.0,0.0,1.0
393914,0,1,3400,-71,71,577,16,12,2.7,353472.000000,52,27,6.4,0.0,49568.000000,0,0.0,0.0,0.0,1.0
394163,0,1,3400,-71,71,576,20,12,3.7,95936.000000,92,27,6.4,0.0,0.0,0.0,0.0,0.0,0.0,1.0
394412,0,1,3400,-71,71,577,19,13,2.8,316992.000000,50,27,7.0,0.0,42528.000000,18,0.0,0.0,0.0,1.0
394661,0,1,3400,-70,70,574,23,13,3.4,72416.000000,82,27,8.0,0.0,0.0,0.0,0.0,0.0,0.0,1.0
394910,0,1,3400,-70,70,573,11,13,0.91,794400.000000,2,27,7.8,0.0,38048.000000,0,0.0,0.0,0.0,1.0
395159,0,1,3400,-70,70,572,9.2,13,0.52,1007453.812500,0,27,7.5,0.0,0.0,0.0,0.0,0.0,0.0,1.0
395408,0,1,3400,-70,70,572,14,13,1.5,759872.000000,11,27,7.5,0.0,0.0,0.0,0.0,0.0,0.0,1.0
395657,0,1,3400,-70,70,574,23,13,3.5,65024.000000,85,27,7.5,0.0,0.0,0.0,0.0,0.0,0.0,1.0
395906,0,1,3400,-70,70,576,19,13,2.8,55296.000000,76,27,7.5,0.0,0.0,0.0,0.0,0.0,0.0,1.0
396155,0,1,3400,-70,70,577,11,13,1.3,661248.000000,19,27,7.4,0.0,69792.000000,0,0.0,0.0,0.0,1.0
396404,0,1,3400,-70,70,577,16,13,1.9,551264.000000,20,27,8.0,0.0,0.0,0.0,0.0,0.0,0.0,1.0
396653,0,1,3400,-70,70,577,20,13,3.4,88960.000000,87,27,7.8,0.0,0.0,0.0,0.0,0.0,0.0,1.0
396902,0,1,3400,-70,70,574,22,13,3.3,66368.000000,82,27,8.0,0.0,0.0,0.0,0.0,0.0,0.0,1.0
397151,0,1,3400,-70,70,574,23,13,3.7,33792.000000,91,27,8.0,0.0,0.0,0.0,0.0,0.0,0.0,1.0
397400,0,1,3400,-71,71,574,21,13,3.3,61504.000000,75,27,7.9,0.0,0.0,0.0,0.0,0.0,0.0,1.0
397649,0,1,3400,-71,71,572,22,12,3.8,25856.000000,94,27,8.0,0.0,0.0,0.0,0.0,0.0,0.0,1.0
397898,0,1,3400,-71,71,573,17,12,3.3,184736.000000,73,27,3.9,0.0,24416.000000,20,0.0,0.0,0.0,1.0
398147,0,1,3400,-71,71,576,14,12,2.0,625728.000000,40,27,1.5,0.0,105312.000000,0,0.0,0.0,0.0,1.0
398396,0,1,3400,-71,71,574,13,12,2.2,345728.000000,48,27,6.9,0.0,0.0,0.0,0.0,0.0,0.0,1.0
398645,0,1,3400,-71,71,576,19,12,3.6,84768.000000,84,27,6.8,0.0,0.0,0.0,0.0,0.0,0.0,1.0
398894,0,1,3400,-71,71,575,19,12,3.0,191104.000000,69,27,6.9,0.0,0.0,0.0,0.0,0.0,0.0,1.0
399143,0,1,3400,-71,71,576,9.1,12,0.54,1032128.000000,0,27,9.0,0.0,70560.000000,6,0.0,0.0,0.0,1.0
399392,0,1,3400,-71,71,576,9.1,13,0.53,995264.000000,0,27,9.5,0.0,0.0,0.0,0.0,0.0,0.0,1.0
399641,0,1,3400,-70,70,578,9.5,13,0.62,958183.250000,3,27,9.5,0.0,0.0,0.0,0.0,0.0,0.0,1.0
399890,0,1,3400,-70,70,578,21,13,3.1,144512.000000,63,27,8.8,0.0,40256.000000,0,0.0,0.0,0.0,1.0
400139,0,1,3400,-70,70,576,21,13,3.4,38528.000000,87,27,7.0,0.0,0.0,0.0,0.0,0.0,0.0,1.0
400388,0,1,3400,-70,70,577,22,13,3.6,63072.000000,89,27,7.0,0.0,0.0,0.0,0.0,0.0,0.0,1.0
400637,0,1,3400,-70,70,576,23,13,3.7,43008.000000,91,27,7.0,0.0,0.0,0.0,0.0,0.0,0.0,1.0
400886,0,1,3400,-70,70,575,23,13,3.6,32288.000000,88,27,7.0,0.0,0.0,0.0,0.0,0.0,0.0,1.0
401135,0,1,3400,-70,70,574,22,13,3.2,78714.859375,77,27,7.0,0.0,0.0,0.0,0.0,0.0,0.0,1.0
401384,0,1,3400,-70,70,574,9.3,13,0.63,838310.750000,1,27,6.9,0.0,60844.621094,0,0.0,0.0,0.0,1.0
401633,0,1,3400,-70,70,578,9.1,13,0.53,984416.000000,0,27,7.0,0.0,0.0,0.0,0.0,0.0,0.0,1.0
401882,0,1,3400,-70,70,575,14,13,1.6,741590.375000,15,27,7.2,0.0,85847.390625,0,0.0,0.0,0.0,1.0
402131,0,1,3400,-70,70,572,15,13,1.8,500064.000000,30,27,8.0,0.0,0.0,0.0,0.0,0.0,0.0,1.0
402380,0,1,3400,-70,70,574,24,13,3.6,68000.000000,79,27,8.0,0.0,0.0,0.0,0.0,0.0,0.0,1.0
402629,0,1,3400,-70,70,575,16,13,2.1,523712.000000,22,27,8.0,0.0,0.0,0.0,0.0,0.0,0.0,1.0
402878,0,1,3400,-70,70,576,15,13,1.7,560800.000000,21,27,7.4,0.0,58432.000000,0,0.0,0.0,0.0,1.0
403127,0,1,3400,-70,70,576,24,13,3.6,39584.000000,90,27,7.0,0.0,0.0,0.0,0.0,0.0,0.0,1.0
403376,0,1,3400,-70,70,575,24,13,3.7,39168.000000,91,27,7.0,0.0,0.0,0.0,0.0,0.0,0.0,1.0
403625,0,1,3400,-70,70,574,26,13,3.7,7168.000000,92,27,7.0,0.0,0.0,0.0,0.0,0.0,0.0,1.0
403874,0,1,3400,-70,70,575,19,13,2.3,475040.000000,20,27,6.7,154,1568.000000,0,0.0,0.0,0.0,1.0
404123,0,1,3400,-70,70,574,14,13,1.7,434912.000000,20,27,3.4,0.0,34304.000000,25,0.0,0.0,0.0,1.0
404372,0,1,3400,-71,71,573,9.3,13,0.55,1106368.000000,0,27,3.5,0.0,0.0,0.0,0.0,0.0,0.0,1.0
404621,0,1,3400,-71,71,576,9.2,12,0.56,1069696.000000,0,27,3.5,0.0,0.0,0.0,0.0,0.0,0.0,1.0
404870,0,1,3400,-71,71,576,8.8,12,0.57,800544.000000,0,27,5.3,0.0,54880.000000,20,0.0,0.0,0.0,1.0
405119,0,1,3400,-71,71,575,8.6,12,0.54,691232.000000,0,27,8.5,0.0,0.0,0.0,0.0,0.0,0.0,1.0
405368,0,1,3400,-71,71,575,13,13,2.0,453344.000000,43,27,8.5,0.0,0.0,0.0,0.0,0.0,0.0,1.0
405617,0,1,3400,-70,70,575,17,13,2.6,280288.000000,59,27,8.4,0.0,0.0,0.0,0.0,0.0,0.0,1.0
405866,0,1,3400,-70,70,571,14,13,2.0,716160.000000,34,27,8.5,0.0,0.0,0.0,0.0,0.0,0.0,1.0
406115,0,1,3400,-70,70,569,8.3,13,0.51,509195.218750,0,27,5.0,0.0,28334.662109,21,0.0,0.0,0.0,1.0
406364,0,1,3400,-71,71,574,11,13,1.1,776576.000000,17,27,4.5,0.0,0.0,0.0,0.0,0.0,0.0,1.0
406613,0,1,3400,-71,71,576,12,12,1.5,777280.000000,20,27,4.5,0.0,0.0,0.0,0.0,0.0,0.0,1.0
406862,0,1,3400,-71,71,576,9.0,12,0.58,903168.000000,0,27,3.6,0.0,77632.000000,0,0.0,0.0,0.0,1.0
407111,0,1,3400,-71,71,576,22,12,3.6,46944.000000,81,27,3.0,0.0,0.0,0.0,0.0,0.0,0.0,1.0
407360,0,1,3400,-72,72,575,11,12,1.4,597856.000000,7,27,3.0,0.0,0.0,0.0,0.0,0.0,0.0,1.0
407609,0,1,3400,-72,72,572,11,12,1.7,461600.000000,28,27,3.0,0.0,0.0,0.0,0.0,0.0,0.0,1.0
407858,0,1,3400,-72,72,575,20,12,3.5,16128.513672,88,27,3.0,0.0,0.0,0.0,0.0,0.0,0.0,1.0
408107,0,1,3400,-72,72,576,16,12,2.5,221472.000000,42,27,5.8,0.0,58560.000000,9,0.0,0.0,0.0,1.0
408356,0,1,3400,-73,73,576,23,11,4.0,0.0,100.000000,27,7.0,0.0,0.0,0.0,0.0,0.0,0.0,1.0
408605,0,1,3400,-73,73,574,15,11,2.7,285600.000000,45,27,7.0,0.0,0.0,0.0,0.0,0.0,0.0,1.0
408854,0,1,3400,-73,73,574,5.0,10,0.50,552384.000000,0,27,6.8,0.0,107488.000000,0,0.0,0.0,0.0,1.0
409103,0,1,3400,-73,73,573,6.1,11,0.73,735840.000000,0.9,27,7.0,0.0,0.0,0.0,0.0,0.0,0.0,1.0
409352,0,1,3400,-73,73,573,6.4,9.9,0.76,693344.000000,3,27,7.0,0.0,0.0,0.0,0.0,0.0,0.0,1.0
409601,0,1,3400,-74,74,574,4.6,9.8,0.61,505632.000000,3,27,7.0,0.0,0.0,0.0,0.0,0.0,0.0,1.0
409850,0,1,3400,-74,74,574,19,9.6,3.9,14048.000000,99,27,7.0,0.0,0.0,0.0,0.0,0.0,0.0,1.0
410099,0,1,3400,-74,74,571,19,9.8,3.7,22528.000000,92,27,7.0,0.0,0.0,0.0,0.0,0.0,0.0,1.0
410348,0,1,3400,-74,74,575,17,9.5,3.5,42624.000000,79,27,7.0,0.0,0.0,0.0,0.0,0.0,0.0,1.0
410597,0,1,3400,-74,74,574,4.4,9.7,0.50,555840.000000,0,27,4.2,0.0,37952.000000,0,0.0,0.0,0.0,1.0
410846,0,1,3400,-74,74,579,4.0,9.5,0.50,449216.000000,0,27,5.1,0.0,52160.000000,0,0.0,0.0,0.0,1.0
411095,0,1,3400,-74,74,575,3.1,9.3,0.50,327872.000000,0,27,6.9,0.0,0.0,0.0,0.0,0.0,0.0,1.0
411344,0,1,3400,-74,74,576,15,9.1,2.7,171232.000000,64,27,6.9,0.0,0.0,0.0,0.0,0.0,0.0,1.0
411593,0,1,3400,-75,75,576,14,8.9,2.3,202816.000000,41,27,7.0,0.0,0.0,0.0,0.0,0.0,0.0,1.0
411842,0,1,3400,-75,75,576,15,8.8,2.8,123168.000000,50,27,7.0,0.0,0.0,0.0,0.0,0.0,0.0,1.0
412091,0,1,3400,-75,75,576,21,8.7,3.9,0.0,100.000000,27,7.0,0.0,0.0,0.0,0.0,0.0,0.0,1.0
412340,0,1,3400,-75,75,572,19,8.7,3.7,11552.000000,94,27,7.0,0.0,0.0,0.0,0.0,0.0,0.0,1.0
412589,0,1,3400,-75,75,575,21,8.6,4.0,2996.015869,97,27,7.0,0.0,0.0,0.0,0.0,0.0,0.0,1.0
412838,0,1,3400,-75,75,575,17,8.8,3.7,7296.000000,96,27,7.0,0.0,0.0,0.0,0.0,0.0,0.0,1.0
413087,0,1,3400,-75,75,572,18,8.8,3.9,14944.000000,95,27,7.0,0.0,0.0,0.0,0.0,0.0,0.0,1.0
413336,0,1,3400,-75,75,571,18,8.8,3.9,3136.000000,98,27,7.0,0.0,0.0,0.0,0.0,0.0,0.0,1.0
413585,0,1,3400,-75,75,573,19,8.8,3.8,12192.000000,94,27,7.0,0.0,0.0,0.0,0.0,0.0,0.0,1.0
413834,0,1,3400,-75,75,575,20,8.7,3.8,5952.000000,95,27,6.9,0.0,0.0,0.0,0.0,0.0,0.0,1.0
414083,0,1,3400,-75,75,573,21,8.7,4.0,0.0,100.000000,27,7.0,0.0,0.0,0.0,0.0,0.0,0.0,1.0
414332,0,1,3400,-75,75,575,6.4,8.8,1.2,327072.000000,7,27,7.0,0.0,103040.000000,6,0.0,0.0,0.0,1.0
414581,0,1,3400,-75,75,575,3.7,8.7,0.50,492433.750000,0,27,7.0,0.0,0.0,0.0,0.0,0.0,0.0,1.0
414830,0,1,3400,-75,75,573,3.7,8.7,0.52,417088.000000,0,27,5.6,0.0,29440.000000,17,0.0,0.0,0.0,1.0
415079,0,1,3400,-75,75,573,19,8.8,3.1,116000.000000,69,27,3.5,0.0,0.0,0.0,0.0,0.0,0.0,1.0
415328,0,1,3400,-75,75,575,15,8.8,3.0,134880.000000,46,27,3.5,0.0,0.0,0.0,0.0,0.0,0.0,1.0
415577,0,1,3400,-75,75,576,3.7,8.7,0.50,485568.000000,0,27,3.5,0.0,0.0,0.0,0.0,0.0,0.0,1.0
415826,0,1,3400,-75,75,570,3.1,8.7,0.50,381920.000000,0,27,3.4,0.0,49056.000000,0,0.0,0.0,0.0,1.0
416075,0,1,3400,-75,75,572,3.9,9.1,0.50,267456.000000,0,27,3.5,0.0,0.0,0.0,0.0,0.0,0.0,1.0
416324,0,1,3400,-75,75,571,4.0,9.2,0.50,75360.000000,0,27,3.5,0.0,0.0,0.0,0.0,0.0,0.0,1.0
416573,0,1,3400,-75,75,573,22,9.0,3.4,16320.000000,83,27,3.5,0.0,0.0,0.0,0.0,0.0,0.0,1.0
416822,0,1,3400,-75,75,575,11,9.1,1.5,74880.000000,29,27,3.5,0.0,0.0,0.0,0.0,0.0,0.0,1.0
417071,0,1,3400,-75,75,571,4.2,9.5,0.50,107392.000000,0,27,4.1,0.0,55648.000000,6,0.0,0.0,0.0,1.0
417320,0,1,3400,-74,74,575,16,9.6,3.2,41184.000000,74,27,4.0,0.0,0.0,0.0,0.0,0.0,0.0,1.0
417569,0,1,3400,-74,74,576,19,9.8,3.9,33152.000000,95,27,4.0,0.0,0.0,0.0,0.0,0.0,0.0,1.0
417818,0,1,3400,-74,74,574,20,10,4.0,19488.000000,97,27,4.0,0.0,0.0,0.0,0.0,0.0,0.0,1.0
418067,0,1,3400,-74,74,575,24,11,4.0,0.0,100.000000,27,4.0,0.0,0.0,0.0,0.0,0.0,0.0,1.0
418316,0,1,3400,-74,74,575,9.3,12,1.2,199744.000000,8,27,4.8,0.0,61888.000000,0,0.0,0.0,0.0,1.0
418565,0,1,3400,-73,73,577,6.7,11,0.57,180416.000000,0,27,7.0,0.0,0.0,0.0,0.0,0.0,0.0,1.0
418814,0,1,3400,-73,73,572,8.8,12,0.77,229728.000000,0,27,6.3,0.0,77856.000000,0,0.0,0.0,0.0,1.0
419063,0,1,3400,-73,73,573,9.5,12,0.91,251346.609375,0,27,5.5,0.0,0.0,0.0,0.0,0.0,0.0,1.0
419312,0,1,3400,-74,74,576,6.6,12,0.57,174752.000000,0,27,5.5,0.0,0.0,0.0,0.0,0.0,0.0,1.0
419561,0,1,3400,-74,74,574,6.0,11,0.50,155584.000000,0,27,5.5,0.0,0.0,0.0,0.0,0.0,0.0,1.0
419810,0,1,3400,-74,74,576,6.0,11,0.51,123904.000000,0,27,5.3,0.0,4256.000000,0,0.0,0.0,0.0,1.0
420059,0,1,3400,-74,74,573,6.0,11,0.51,159104.000000,0,27,5.5,0.0,59072.000000,0,0.0,0.0,0.0,1.0
420308,0,1,3400,-74,74,573,8.1,11,1.0,123200.000000,17,27,5.5,0.0,0.0,0.0,0.0,0.0,0.0,1.0
420557,0,1,3400,-74,74,572,7.4,11,1.0,164401.609375,10,27,5.5,0.0,0.0,0.0,0.0,0.0,0.0,1.0
420806,0,1,3400,-74,74,572,25,11,3.5,21120.000000,87,27,5.5,0.0,0.0,0.0,0.0,0.0,0.0,1.0
421055,0,1,3400,-74,74,572,28,11,4.0,0.0,100.000000,27,5.5,0.0,0.0,0.0,0.0,0.0,0.0,1.0
421304,0,1,3400,-74,74,574,22,11,4.0,0.0,100.000000,27,5.5,0.0,0.0,0.0,0.0,0.0,0.0,1.0
421553,0,1,3400,-74,74,573,22,11,4.0,0.0,100.000000,27,5.5,0.0,0.0,0.0,0.0,0.0,0.0,1.0
421802,0,1,3400,-74,74,576,24,11,4.0,0.0,100.000000,27,5.5,0.0,0.0,0.0,0.0,0.0,0.0,1.0
422051,0,1,3400,-74,74,576,20,11,4.0,17984.000000,97,27,5.5,0.0,0.0,0.0,0.0,0.0,0.0,1.0
422300,0,1,3400,-74,74,573,20,11,3.9,36608.000000,95,27,5.5,0.0,0.0,0.0,0.0,0.0,0.0,1.0
422549,0,1,3400,-74,74,574,8.7,12,1.1,207360.000000,7,27,5.5,363,0.0,0,0.0,0.0,0.0,1.0
422798,0,1,3400,-74,74,572,6.0,11,0.50,149248.000000,0,27,3.3,0.0,114816.000000,5,0.0,0.0,0.0,1.0
423047,0,1,3400,-74,74,574,6.0,11,0.51,150656.000000,0,27,5.5,0.0,56512.000000,0,0.0,0.0,0.0,1.0
423296,0,1,3400,-74,74,572,6.6,12,0.58,180160.000000,0,27,9.7,0.0,6944.000000,33,0.0,0.0,0.0,1.0
423545,0,1,3400,-73,73,576,15,12,2.3,109536.000000,52,27,12,0.0,0.0,0.0,0.0,0.0,0.0,1.0
423794,0,1,3400,-73,73,574,12,12,1.6,166848.000000,25,27,10,0.0,55264.000000,0,0.0,0.0,0.0,1.0
424043,0,1,3400,-73,73,574,8.9,12,0.71,234592.000000,0,27,3.0,0.0,0.0,0.0,0.0,0.0,0.0,1.0
424292,0,1,3400,-73,73,577,9.8,12,0.70,254560.000000,0,27,3.0,0.0,0.0,0.0,0.0,0.0,0.0,1.0
424541,0,1,3400,-73,73,575,9.3,12,0.73,239712.000000,0,27,3.0,0.0,0.0,0.0,0.0,0.0,0.0,1.0
424790,0,1,3400,-73,73,574,21,12,2.6,134560.000000,58,27,3.0,0.0,0.0,0.0,0.0,0.0,0.0,1.0
425039,0,1,3400,-73,73,573,28,12,4.0,0.0,100.000000,27,3.0,0.0,0.0,0.0,0.0,0.0,0.0,1.0
425288,0,1,3400,-73,73,575,27,12,4.0,0.0,100.000000,27,3.0,0.0,0.0,0.0,0.0,0.0,0.0,1.0
425537,0,1,3400,-73,73,570,27,12,4.0,0.0,100.000000,27,3.0,0.0,0.0,0.0,0.0,0.0,0.0,1.0
425786,0,1,3400,-73,73,573,27,12,4.0,0.0,100.000000,27,3.0,0.0,0.0,0.0,0.0,0.0,0.0,1.0
426035,0,1,3400,-73,73,575,25,12,4.0,0.0,100.000000,27,3.0,0.0,0.0,0.0,0.0,0.0,0.0,1.0
426284,0,1,3400,-74,74,574,22,11,4.0,0.0,100.000000,27,3.0,0.0,0.0,0.0,0.0,0.0,0.0,1.0
426533,0,1,3400,-74,74,574,21,11,4.0,0.0,100.000000,27,3.0,0.0,0.0,0.0,0.0,0.0,0.0,1.0
426782,0,1,3400,-74,74,575,20,11,4.0,3104.000000,100,27,3.0,0.0,0.0,0.0,0.0,0.0,0.0,1.0
427031,0,1,3400,-74,74,572,21,11,4.0,3116.465820,100,27,3.0,0.0,0.0,0.0,0.0,0.0,0.0,1.0
427280,0,1,3400,-74,74,573,25,12,4.0,0.0,100.000000,27,3.0,0.0,0.0,0.0,0.0,0.0,0.0,1.0
427529,0,1,3400,-73,73,574,25,12,4.0,0.0,100.000000,27,3.0,0.0,0.0,0.0,0.0,0.0,0.0,1.0
427778,0,1,3400,-73,73,576,25,12,4.0,0.0,100.000000,27,3.0,0.0,0.0,0.0,0.0,0.0,0.0,1.0
428027,0,1,3400,-73,73,575,21,12,4.0,6208.000000,99,27,3.0,0.0,0.0,0.0,0.0,0.0,0.0,1.0
428276,0,1,3400,-73,73,575,21,13,3.9,23616.000000,96,27,3.0,0.0,0.0,0.0,0.0,0.0,0.0,1.0
428525,0,1,3400,-72,72,575,25,13,4.0,0.0,100.000000,27,3.0,0.0,0.0,0.0,0.0,0.0,0.0,1.0
428774,0,1,3400,-72,72,576,25,13,4.0,0.0,100.000000,27,3.0,0.0,0.0,0.0,0.0,0.0,0.0,1.0
429023,0,1,3400,-72,72,572,26,13,4.0,0.0,100.000000,27,3.0,0.0,0.0,0.0,0.0,0.0,0.0,1.0
429272,0,1,3400,-72,72,574,26,13,4.0,0.0,100.000000,27,3.0,0.0,0.0,0.0,0.0,0.0,0.0,1.0
429521,0,1,3400,-72,72,574,25,13,4.0,0.0,100.000000,27,3.0,0.0,0.0,0.0,0.0,0.0,0.0,1.0
429770,0,1,3400,-72,72,571,22,13,3.3,76384.000000,78,27,3.0,0.0,0.0,0.0,0.0,0.0,0.0,1.0
430019,0,1,3400,-72,72,573,9.4,12,0.69,229280.000000,0,27,4.5,581,261440.000000,2,0.0,0.0,0.0,1.0
430268,0,1,3400,-73,73,574,9.2,12,0.61,219328.000000,0,27,4.1,0.0,176896.000000,0,0.0,0.0,0.0,1.0
430517,0,1,3400,-73,73,575,7.9,12,0.58,208512.000000,0,27,5.7,0.0,6944.000000,50,0.0,0.0,0.0,1.0
430766,0,1,3400,-73,73,575,8.0,12,0.66,213568.000000,0,27,12,0.0,0.0,0.0,0.0,0.0,0.0,1.0
431015,0,1,3400,-73,73,572,7.3,12,0.61,194400.000000,0,27,4.6,0.0,56960.000000,7,0.0,0.0,0.0,1.0
431264,0,1,3400,-73,73,573,7.9,12,0.64,206464.000000,0,27,2.0,0.0,0.0,0.0,0.0,0.0,0.0,1.0
431513,0,1,3400,-73,73,574,6.8,12,0.55,183776.000000,0,27,2.0,0.0,0.0,0.0,0.0,0.0,0.0,1.0
431762,0,1,3400,-73,73,573,6.5,12,0.54,167040.000000,0,27,2.0,0.0,0.0,0.0,0.0,0.0,0.0,1.0
432011,0,1,3400,-73,73,577,7.9,12,0.60,208509.953125,0,27,4.3,0.0,94023.906250,0,0.0,0.0,0.0,1.0
432260,0,1,3400,-73,73,573,7.2,12,0.56,195808.000000,0,27,5.5,0.0,0.0,0.0,0.0,0.0,0.0,1.0
432509,0,1,3400,-73,73,571,8.7,12,0.54,227904.000000,0,27,5.5,0.0,0.0,0.0,0.0,0.0,0.0,1.0
432758,0,1,3400,-73,73,575,8.7,12,0.54,224160.000000,0,27,5.5,0.0,0.0,0.0,0.0,0.0,0.0,1.0
433007,0,1,3400,-73,73,575,9.6,13,0.59,256512.000000,0.4,27,6.7,0.0,75456.000000,0,0.0,0.0,0.0,1.0
433256,0,1,3400,-73,73,575,9.8,13,0.63,260320.000000,0,27,7.0,0.0,0.0,0.0,0.0,0.0,0.0,1.0
433505,0,1,3400,-72,72,572,10.0,13,0.70,269472.000000,0,27,7.0,0.0,0.0,0.0,0.0,0.0,0.0,1.0
433754,0,1,3400,-72,72,571,10,13,0.65,278168.687500,0,27,7.0,0.0,0.0,0.0,0.0,0.0,0.0,1.0
434003,0,1,3400,-72,72,572,9.5,13,0.62,253120.000000,0,27,4.1,0.0,67712.000000,8,0.0,0.0,0.0,1.0
434252,0,1,3400,-73,73,572,9.8,13,0.64,268928.000000,0,27,3.0,0.0,0.0,0.0,0.0,0.0,0.0,1.0
434501,0,1,3400,-73,73,574,9.3,12,0.68,252576.000000,0,27,3.0,0.0,0.0,0.0,0.0,0.0,0.0,1.0
434750,0,1,3400,-73,73,574,9.3,12,0.61,243424.000000,0,27,3.0,0.0,0.0,0.0,0.0,0.0,0.0,1.0
434999,0,1,3400,-73,73,575,9.2,12,0.64,248000.000000,0,27,3.6,0.0,55360.000000,4,0.0,0.0,0.0,1.0
435248,0,1,3400,-73,73,575,9.8,12,0.58,260960.000000,0,27,4.0,0.0,0.0,0.0,0.0,0.0,0.0,1.0
435497,0,1,3400,-72,72,570,16,13,1.8,177600.000000,34,27,4.0,0.0,0.0,0.0,0.0,0.0,0.0,1.0
435746,0,1,3400,-72,72,571,27,13,4.0,0.0,100.000000,27,4.0,0.0,0.0,0.0,0.0,0.0,0.0,1.0
435995,0,1,3400,-72,72,575,28,13,4.0,0.0,100.000000,27,4.0,0.0,0.0,0.0,0.0,0.0,0.0,1.0
436244,0,1,3400,-72,72,575,28,13,4.0,0.0,100.000000,27,4.0,0.0,0.0,0.0,0.0,0.0,0.0,1.0
436493,0,1,3400,-72,72,573,15,13,1.6,231520.000000,24,27,4.0,0.0,0.0,0.0,0.0,0.0,0.0,1.0
436742,0,1,3400,-72,72,574,10.0,13,0.54,269472.000000,0,27,5.3,0.0,63264.000000,0,0.0,0.0,0.0,1.0
436991,0,1,3400,-72,72,576,9.9,13,0.57,259360.000000,0,27,4.9,0.0,58592.000000,4,0.0,0.0,0.0,1.0
437240,0,1,3400,-72,72,576,9.4,13,0.62,257632.000000,0,27,4.0,0.0,0.0,0.0,0.0,0.0,0.0,1.0
437489,0,1,3400,-72,72,575,10,13,0.63,253600.000000,0,27,4.0,0.0,0.0,0.0,0.0,0.0,0.0,1.0
437738,0,1,3400,-72,72,571,17,13,3.0,103104.000000,67,27,4.0,0.0,0.0,0.0,0.0,0.0,0.0,1.0
437987,0,1,3400,-72,72,573,27,13,4.0,2784.000000,100,27,4.0,0.0,0.0,0.0,0.0,0.0,0.0,1.0
438236,0,1,3400,-72,72,575,28,13,4.0,0.0,100.000000,27,4.0,0.0,0.0,0.0,0.0,0.0,0.0,1.0
438485,0,1,3400,-72,72,575,12,13,1.0,259123.500000,10,27,4.4,0.0,44015.937500,0,0.0,0.0,0.0,1.0
438734,0,1,3400,-72,72,573,19,13,2.5,124320.000000,55,27,5.5,0.0,0.0,0.0,0.0,0.0,0.0,1.0
438983,0,1,3400,-72,72,572,28,13,4.0,0.0,100.000000,27,5.5,0.0,0.0,0.0,0.0,0.0,0.0,1.0
439232,0,1,3400,-72,72,572,19,13,2.9,119488.000000,63,27,5.5,0.0,0.0,0.0,0.0,0.0,0.0,1.0
439481,0,1,3400,-72,72,574,9.9,13,0.55,267968.000000,0,27,6.6,0.0,58912.000000,0,0.0,0.0,0.0,1.0
439730,0,1,3400,-72,72,573,10.0,13,0.56,276658.625000,0,27,7.0,0.0,0.0,0.0,0.0,0.0,0.0,1.0
439979,0,1,3400,-72,72,572,9.9,13,0.55,256832.000000,0,27,7.2,0.0,75584.000000,4,0.0,0.0,0.0,1.0
440228,0,1,3400,-72,72,573,10.0,13,0.55,278080.000000,0,27,8.0,0.0,0.0,0.0,0.0,0.0,0.0,1.0
440477,0,1,3400,-71,71,576,14,13,1.7,173728.000000,35,27,8.0,0.0,0.0,0.0,0.0,0.0,0.0,1.0
440726,0,1,3400,-71,71,573,22,14,4.0,14464.000000,98,27,8.0,0.0,0.0,0.0,0.0,0.0,0.0,1.0
440975,0,1,3400,-71,71,572,15,14,1.4,223360.000000,27,27,7.5,0.0,65440.000000,6,0.0,0.0,0.0,1.0
441224,0,1,3400,-71,71,572,10.0,14,0.56,273184.000000,0,27,7.0,0.0,0.0,0.0,0.0,0.0,0.0,1.0
441473,0,1,3400,-71,71,573,10,14,0.60,285504.000000,0,27,7.0,0.0,0.0,0.0,0.0,0.0,0.0,1.0
441722,0,1,3400,-71,71,574,10.0,14,0.52,269632.000000,0,27,7.0,0.0,0.0,0.0,0.0,0.0,0.0,1.0
441971,0,1,3400,-71,71,576,9.9,13,0.50,258880.000000,0,27,5.3,0.0,41184.000000,6,0.0,0.0,0.0,1.0
442220,0,1,3400,-71,71,575,10.0,14,0.51,273344.000000,0,27,4.5,0.0,0.0,0.0,0.0,0.0,0.0,1.0
442469,0,1,3400,-70,70,571,11,14,0.54,304160.000000,0,27,4.5,0.0,0.0,0.0,0.0,0.0,0.0,1.0
442718,0,1,3400,-70,70,571,12,15,0.55,324864.000000,0,27,4.5,0.0,0.0,0.0,0.0,0.0,0.0,1.0
442967,0,1,3400,-70,70,576,11,14,0.52,285984.000000,0,27,9.7,0.0,120736.000000,0,0.0,0.0,0.0,1.0
443216,0,1,3400,-70,70,574,15,15,1.3,193536.000000,27,27,12,0.0,0.0,0.0,0.0,0.0,0.0,1.0
443465,0,1,3400,-70,70,573,18,14,2.0,223744.000000,36,27,12,0.0,0.0,0.0,0.0,0.0,0.0,1.0
443714,0,1,3400,-70,70,570,12,15,0.54,348544.000000,0,27,12,0.0,0.0,0.0,0.0,0.0,0.0,1.0
443963,0,1,3400,-71,71,571,12,15,0.53,329984.000000,0,27,10,0.0,77088.000000,0,0.0,0.0,0.0,1.0
444212,0,1,3400,-71,71,571,24,14,3.3,61664.000000,81,27,10,0.0,0.0,0.0,0.0,0.0,0.0,1.0
444461,0,1,3400,-71,71,575,22,14,2.8,120320.000000,65,27,10,0.0,0.0,0.0,0.0,0.0,0.0,1.0
444710,0,1,3400,-71,71,573,11,14,0.54,310560.000000,0,27,10,0.0,0.0,0.0,0.0,0.0,0.0,1.0
444959,0,1,3400,-71,71,572,9.9,14,0.51,253609.562500,0,27,9.0,0.0,70693.226562,11,0.0,0.0,0.0,1.0
445208,0,1,3400,-71,71,572,12,15,0.58,326848.000000,0,27,9.0,0.0,0.0,0.0,0.0,0.0,0.0,1.0
445457,0,1,3400,-70,70,572,12,14,0.57,343648.000000,0,27,9.0,0.0,0.0,0.0,0.0,0.0,0.0,1.0
445706,0,1,3400,-70,70,572,12,15,0.51,340256.000000,0,27,9.0,0.0,0.0,0.0,0.0,0.0,0.0,1.0
445955,0,1,3400,-70,70,576,12,14,0.57,318432.000000,0,27,6.9,0.0,51104.000000,0,0.0,0.0,0.0,1.0
446204,0,1,3400,-70,70,577,11,14,0.52,290506.031250,0,27,6.5,0.0,0.0,0.0,0.0,0.0,0.0,1.0
446453,0,1,3400,-70,70,574,12,15,0.58,333376.000000,0,27,6.5,0.0,0.0,0.0,0.0,0.0,0.0,1.0
446702,0,1,3400,-70,70,573,11,15,0.59,323680.000000,0,27,6.5,0.0,0.0,0.0,0.0,0.0,0.0,1.0
446951,0,1,3400,-71,71,575,11,14,0.56,291264.000000,0,27,7.9,0.0,126528.000000,0,0.0,0.0,0.0,1.0
447200,0,1,3400,-71,71,573,11,14,0.61,307424.000000,0,27,9.0,0.0,0.0,0.0,0.0,0.0,0.0,1.0
447449,0,1,3400,-71,71,576,11,14,0.62,302464.000000,0,27,9.0,0.0,0.0,0.0,0.0,0.0,0.0,1.0
447698,0,1,3400,-71,71,575,11,13,0.61,290624.000000,0,27,9.0,0.0,0.0,0.0,0.0,0.0,0.0,1.0
447947,0,1,3400,-71,71,573,13,14,1.1,271296.000000,15,27,8.1,0.0,67616.000000,0,0.0,0.0,0.0,1.0
448196,0,1,3400,-71,71,572,11,14,0.73,330624.000000,0,27,8.0,0.0,0.0,0.0,0.0,0.0,0.0,1.0
448445,0,1,3400,-71,71,570,11,14,0.72,326752.000000,0,27,8.0,0.0,0.0,0.0,0.0,0.0,0.0,1.0
448694,0,1,3400,-71,71,571,12,14,0.77,347136.000000,0,27,8.0,0.0,0.0,0.0,0.0,0.0,0.0,1.0
448943,0,1,3400,-71,71,574,12,15,0.61,340128.000000,0,27,8.4,0.0,74144.000000,0,0.0,0.0,0.0,1.0
449192,0,1,3400,-71,71,574,12,15,0.55,351936.000000,0,27,9.0,0.0,0.0,0.0,0.0,0.0,0.0,1.0
449441,0,1,3400,-71,71,573,12,15,0.62,353440.000000,0,27,9.0,0.0,0.0,0.0,0.0,0.0,0.0,1.0
449690,0,1,3400,-70,70,574,12,15,0.63,351936.000000,0,27,9.0,0.0,0.0,0.0,0.0,0.0,0.0,1.0
449939,0,1,3400,-70,70,572,12,15,0.56,348544.000000,0,27,8.9,0.0,54080.000000,0,0.0,0.0,0.0,1.0
450188,0,1,3400,-70,70,572,12,15,0.62,351936.000000,0,27,9.0,0.0,0.0,0.0,0.0,0.0,0.0,1.0
450437,0,1,3400,-70,70,573,12,15,0.57,351936.000000,0,27,9.0,0.0,0.0,0.0,0.0,0.0,0.0,1.0
450686,0,1,3400,-70,70,573,12,15,0.56,353440.000000,0,27,9.0,0.0,0.0,0.0,0.0,0.0,0.0,1.0
450935,0,1,3400,-70,70,573,13,16,0.53,379584.000000,0,27,12,