Timestamp,num_ues,IMSI,RNTI,,slicing_enabled,slice_id,slice_prb,power_multiplier,scheduling_policy,,dl_mcs,dl_n_samples,dl_buffer [bytes],tx_brate downlink [Mbps],tx_pkts downlink,tx_errors downlink (%),dl_cqi,,ul_mcs,ul_n_samples,ul_buffer [bytes],rx_brate uplink [Mbps],rx_pkts uplink,rx_errors uplink (%),ul_rssi,ul_sinr,phr,,sum_requested_prbs,sum_granted_prbs,,dl_pmi,dl_ri,ul_n,ul_turbo_iters
1604436483681,17,1010123456030,79,,1,2,4,1,0,,5.2,20,0,0.00893548,10,0,9.66667,,8.92593,27,0,0.1,11,0,0,15.9101,31,,11,18,,0,0,0,1.40741
1604436483931,15,1010123456030,79,,1,2,4,1,0,,3.5,6,0,0.002249,2,0,7.5,,12.6,10,0,0.1,4,25,0,14.9131,31,,8,8,,0,0,0,4.3
1604436484181,13,1010123456030,79,,1,2,4,1,0,,4.84615,13,0,0.00565462,5,0,5,,10,5,0,0.1,2,0,0,15.429,31,,63,16,,0,0,0,1
1604436484431,10,1010123456030,79,,1,2,4,1,0,,11.5,14,0,0.0160643,6,0,7.66667,,9.61539,13,0,0.1,5,0,0,14.8821,31,,128,22,,0,0,0,1.23077
1604436484681,9,1010123456030,79,,1,2,4,1,0,,10.9474,19,22,0.0108916,5,0,7.66667,,9.38889,18,0,0.1,8,12.5,0,14.388,31,,59,20,,0,0,0,2.33333
1604436484931,9,1010123456030,79,,1,2,4,1,0,,10,11,0,0.016257,7,0,7.2,,0,0,0,0,0,0,0,0,0,,88,18,,0,0,0,0
1604436485181,9,1010123456030,79,,1,2,4,1,0,,5.72727,11,0,0.00562249,4,0,6,,0,0,0,0,0,0,0,0,0,,4,14,,0,0,0,0
1604436485431,9,1010123456030,79,,1,2,4,1,0,,0,0,0,0,0,0,7.25,,0,0,0,0,0,0,0,0,0,,0,0,,0,0,0,0
1604436485682,9,1010123456030,79,,1,2,4,1,0,,2.5122,41,0,0.01216,16,0,4.75,,0,10,0,0.1,5,40,0,0,31,,-7,64,,0,0,0,0
1604436485932,9,1010123456030,79,,1,2,4,1,0,,2.42857,35,0,0.012,14,0,5.66667,,0,0,0,0,0,0,0,0,0,,191,60,,0,0,0,0
1604436486181,10,1010123456030,79,,1,2,4,1,0,,10.2222,9,0,0.0105382,4,0,5.25,,0,0,0,0,0,0,0,0,0,,55,16,,0,0,0,0
1604436486432,10,1010123456030,79,,1,2,4,1,0,,7.73684,19,0,0.016032,8,0,6,,6.125,16,0,0.1,6,0,0,10.0846,31,,159,32,,0,0,0,1.125
1604436486681,10,1010123456030,79,,1,2,4,1,0,,10.3333,15,0,0.016,6,0,7,,9.75,12,0,0.1,4,0,0,11.6525,31,,126,24,,0,0,0,2
1604436486932,10,1010123456030,79,,1,2,4,1,0,,10.6667,15,0,0.016064,6,0,7.25,,0.1,3,0,0.1,1,0,0,1.88444,31,,95,24,,0,0,0,1
1604436487182,10,1010123456030,79,,1,2,4,1,0,,10.4762,21,158,0.021568,9,0,7,,8,9,0,0.1,3,33.3333,0,8.2162,31,,139,32,,0,0,0,5
1604436487432,10,1010123456030,79,,1,2,4,1,0,,9.2963,27,0,0.02432,11,0,6.66667,,1.8,25,0,0.1,10,0,0,8.29328,31,,186,46,,0,0,0,1.16
1604436487681,10,1010123456030,79,,1,2,4,1,0,,11.0667,15,0,0.0188916,7,0,7.66667,,0,2,0,0.1,1,0,0,0,31,,103,26,,0,0,0,0
1604436487931,10,1010123456030,79,,1,2,4,1,0,,0.1,108,18,0.0130763,37,0,4.33333,,0,10,0,0.1,5,60,0,0,31,,64,214,,0,0,0,0
1604436488181,10,1010123456030,79,,1,2,4,1,0,,6.27778,18,0,0.014008,14,0,8.6,,0,2,0,0.1,1,0,0,0,31,,69,24,,0,0,0,0
1604436488431,10,1010123456030,79,,1,2,4,1,0,,18,8,0,0.0155181,3,0,7.66667,,11.6,5,0,0.1,2,0,0,11.531,31,,44,12,,0,0,0,1
1604436488681,10,1010123456030,79,,1,2,4,1,0,,5.4,20,0,0.0111165,8,0,5.66667,,0,0,0,0,0,0,0,0,0,,146,36,,0,0,0,0
1604436488931,10,1010123456030,79,,1,2,4,1,0,,9.58333,12,0,0.0106988,5,0,7,,0,0,0,0,0,0,0,0,0,,31,16,,0,0,0,0
1604436489181,10,1010123456030,79,,1,2,4,1,0,,8.9,30,0,0.0165783,9,0,6.4,,4,3,0,0.1,1,0,0,17.1522,31,,187,38,,0,0,0,1
1604436489431,10,1010123456030,79,,1,2,4,1,0,,7.88,25,0,0.0219438,11,0,6.33333,,12.8,5,0,0.1,2,0,0,15.0875,31,,150,32,,0,0,0,1
1604436489681,10,1010123456030,79,,1,2,4,1,0,,10.1176,17,65,0.0158072,6,0,5.66667,,0,0,0,0,0,0,0,0,0,,145,32,,0,0,0,0
1604436489931,10,1010123456030,79,,1,2,4,1,0,,8.93333,30,77,0.0269558,12,0,6.66667,,0,0,0,0,0,0,0,0,0,,196,44,,0,0,0,0
1604436490181,10,1010123456030,79,,1,2,4,1,0,,4.23404,47,81,0.0225221,11,0,4.66667,,9,3,0,0.1,1,0,0,9.87684,31,,39,68,,0,0,0,1
1604436490431,10,1010123456030,79,,1,2,4,1,0,,0.366412,131,95,0.0222972,58,0,3.5,,0,16,0,0.1,8,25,0,0,31,,138,248,,0,0,0,0
1604436490681,10,1010123456030,79,,1,2,4,1,0,,0,4,0,0.00562249,3,0,10,,0,0,0,0,0,0,0,0,0,,30,8,,0,0,0,0
1604436490931,10,1010123456030,79,,1,2,4,1,0,,10.0952,21,0,0.0158072,6,0,7,,0,0,0,0,0,0,0,0,0,,159,32,,0,0,0,0
1604436491181,10,1010123456030,79,,1,2,4,1,0,,8.26316,19,0,0.0216225,10,0,6.33333,,9,3,0,0.1,1,0,0,14.7215,31,,360,30,,0,0,0,1
1604436491431,10,1010123456030,79,,1,2,4,1,0,,9.3,30,0,0.0268273,11,0,7.4,,6.625,8,0,0.1,3,0,0,9.88713,31,,325,44,,0,0,0,1.375
1604436491681,10,1010123456030,79,,1,2,4,1,0,,17.7778,9,0,0.0210763,4,0,6.5,,0,0,0,0,0,0,0,0,0,,35,16,,0,0,0,0
1604436491932,10,1010123456030,79,,1,2,4,1,0,,7.02941,34,137,0.021984,12,0,4.33333,,0,0,0,0,0,0,0,0,0,,222,52,,0,0,0,0
1604436492181,10,1010123456030,79,,1,2,4,1,0,,1.86207,58,0,0.0232932,25,0,8.66667,,0,2,0,0.1,1,0,0,0,31,,123,108,,0,0,0,0
1604436492431,10,1010123456030,79,,1,2,4,1,0,,0,0,0,0,0,0,6.5,,8.8,5,0,0.1,2,0,0,14.7944,31,,0,0,,0,0,0,1
1604436492681,10,1010123456030,79,,1,2,4,1,0,,11,5,0,0.00546185,2,0,8,,0,0,0,0,0,0,0,0,0,,40,8,,0,0,0,0
1604436492932,10,1010123456030,79,,1,2,4,1,0,,0,0,0,0,0,0,6,,0,0,0,0,0,0,0,0,0,,0,0,,0,0,0,0
1604436493181,10,1010123456030,79,,1,2,4,1,0,,1.26415,53,0,0.0116305,20,0,5,,0,2,0,0.1,1,0,0,0,31,,86,96,,0,0,0,0
1604436493431,10,1010123456030,79,,1,2,4,1,0,,10.4375,16,0,0.0174779,7,0,7.4,,8.57143,7,0,0.1,3,33.3333,0,10.6431,31,,112,36,,0,0,0,3.85714
1604436493682,10,1010123456030,79,,1,2,4,1,0,,3.22222,45,0,0.01744,18,0,4.66667,,0,0,0,0,0,0,0,0,0,,49,70,,0,0,0,0
1604436493931,9,1010123456030,79,,1,2,4,1,0,,8.21429,14,0,0.0108273,6,0,8,,0,0,0,0,0,0,0,0,0,,112,20,,0,0,0,0
1604436494182,9,1010123456030,79,,1,2,4,1,0,,10.3333,9,0,0.010656,4,0,8.75,,12,3,0,0.1,1,0,0,15.8731,31,,55,14,,0,0,0,1
1604436494432,9,1010123456030,79,,1,2,4,1,0,,8.26667,15,0,0.01088,6,0,6.33333,,12,5,0,0.1,2,0,0,15.7293,31,,96,20,,0,0,0,1
1604436494681,9,1010123456030,79,,1,2,4,1,0,,7.04167,24,0,0.0166104,9,0,7.4,,0,0,0,0,0,0,0,0,0,,183,36,,0,0,0,0
1604436494931,9,1010123456030,79,,1,2,4,1,0,,0,0,0,0,0,0,6,,0,0,0,0,0,0,0,0,0,,0,0,,0,0,0,0
1604436495181,9,1010123456030,79,,1,2,4,1,0,,8.21429,14,0,0.0109558,6,0,6,,0,2,0,0.1,1,0,0,0,31,,120,20,,0,0,0,0
1604436495431,9,1010123456030,79,,1,2,4,1,0,,11.125,16,0,0.0159679,6,0,7,,9,5,0,0.1,2,0,0,15.4917,31,,103,22,,0,0,0,1.4
1604436495681,9,1010123456030,79,,1,2,4,1,0,,18,9,0,0.0206908,4,0,9.5,,0,0,0,0,0,0,0,0,0,,76,16,,0,0,0,0
1604436495931,9,1010123456030,79,,1,2,4,1,0,,8.125,8,0,0.0055261,3,0,6.33333,,0,0,0,0,0,0,0,0,0,,32,10,,0,0,0,0
1604436496181,9,1010123456030,79,,1,2,4,1,0,,14.2,15,0,0.0260884,6,0,8,,12,3,0,0.1,1,0,0,12.782,31,,28,24,,0,0,0,1
1604436496431,9,1010123456030,79,,1,2,4,1,0,,12.5,14,0,0.0160643,5,0,4.33333,,9.4,5,0,0.1,2,0,0,17.0282,31,,50,18,,0,0,0,1
1604436496681,9,1010123456030,79,,1,2,4,1,0,,8,15,0,0.0108594,6,0,6.33333,,0,0,0,0,0,0,0,0,0,,115,20,,0,0,0,0
1604436496931,9,1010123456030,79,,1,2,4,1,0,,0,8,0,0.0105382,4,0,7.5,,0,0,0,0,0,0,0,0,0,,51,16,,0,0,0,0
1604436497181,9,1010123456030,79,,1,2,4,1,0,,3.52273,44,0,0.0175743,18,0,4.5,,15,3,0,0.1,1,0,0,13.0159,31,,107,70,,0,0,0,2
1604436497431,9,1010123456030,79,,1,2,4,1,0,,5.83333,18,0,0.0110201,7,0,6,,9.4,5,0,0.1,2,0,0,12.6645,31,,17,26,,0,0,0,1
1604436497681,9,1010123456030,79,,1,2,4,1,0,,18,3,0,0.00517269,1,0,5.5,,0,0,0,0,0,0,0,0,0,,8,4,,0,0,0,0
1604436497931,9,1010123456030,79,,1,2,4,1,0,,1.42857,63,0,0.016,18,0,2,,0,0,0,0,0,0,0,0,0,,46,134,,0,0,0,0
1604436498181,9,1010123456030,79,,1,2,4,1,0,,2.33,100,0,0.0330281,47,0,5,,0,2,0,0.1,1,0,0,0,31,,401,154,,0,0,0,0
1604436498431,9,1010123456030,79,,1,2,4,1,0,,9.69231,13,0,0.0159679,6,0,10.3333,,4.57143,28,0,0.1,11,0,0,11.068,31,,189,24,,0,0,0,1.07143
1604436498682,9,1010123456030,79,,1,2,4,1,0,,18,5,0,0.010304,2,0,5,,0,0,0,0,0,0,0,0,0,,15,8,,0,0,0,0
1604436498932,9,1010123456030,79,,1,2,4,1,0,,5.11765,17,0,0.011072,8,0,14,,0,0,0,0,0,0,0,0,0,,212,36,,0,0,0,0
1604436499182,9,1010123456030,79,,1,2,4,1,0,,15.3077,13,0,0.020896,5,0,8,,0,0,0,0,0,0,0,0,0,,61,16,,0,0,0,0
1604436499431,9,1010123456030,79,,1,2,4,1,0,,1,31,0,0.00427309,8,0,4,,10.2,5,0,0.1,2,0,0,15.2145,31,,30,46,,0,0,0,1.4
1604436499682,9,1010123456030,79,,1,2,4,1,0,,0,0,0,0.002304,4,0,9.5,,0,0,0,0,0,0,0,0,0,,0,0,,0,0,0,0
1604436499932,9,1010123456030,79,,1,2,4,1,0,,11.3125,16,0,0.015872,6,0,7,,0,0,0,0,0,0,0,0,0,,208,22,,0,0,0,0
1604436500182,9,1010123456030,79,,1,2,4,1,0,,7.6,15,0,0.010144,5,0,6.6,,7,3,0,0.1,1,0,0,11.745,31,,139,24,,0,0,0,1
1604436500431,9,1010123456030,79,,1,2,4,1,0,,12.1429,28,0,0.0329317,12,0,7,,7.4,5,0,0.1,2,0,0,15.4065,31,,131,38,,0,0,0,1
1604436500682,9,1010123456030,79,,1,2,4,1,0,,8.28571,7,158,0.005632,3,0,7,,0,2,0,0.1,1,0,0,0,31,,135,10,,0,0,0,0
1604436500931,9,1010123456030,79,,1,2,4,1,0,,10.5714,21,0,0.0215904,9,0,7.33333,,0,0,0,0,0,0,0,0,0,,129,32,,0,0,0,0
1604436501181,9,1010123456030,79,,1,2,4,1,0,,10.7143,21,77,0.0214618,8,0,6.6,,9,3,0,0.1,1,0,0,12.562,31,,168,36,,0,0,0,1
1604436501431,9,1010123456030,79,,1,2,4,1,0,,10.4545,22,0,0.0267309,10,0,7,,8.5,8,0,0.1,3,0,0,17.1627,31,,135,36,,0,0,0,1
1604436501681,9,1010123456030,79,,1,2,4,1,0,,10.3,10,0,0.0107309,4,0,7.5,,16,3,0,0.1,1,0,0,19.1791,31,,57,16,,0,0,0,1
1604436501931,9,1010123456030,79,,1,2,4,1,0,,10.5714,14,0,0.016,6,0,9,,0,0,0,0,0,0,0,0,0,,91,24,,0,0,0,0
1604436502181,9,1010123456030,79,,1,2,4,1,0,,10.2222,9,0,0.0105382,4,0,8.66667,,0,0,0,0,0,0,0,0,0,,31,16,,0,0,0,0
1604436502431,9,1010123456030,79,,1,2,4,1,0,,1,59,0,0.0131727,24,0,3,,13,5,0,0.1,2,0,0,15.325,31,,82,100,,0,0,0,1
1604436502681,9,1010123456030,79,,1,2,4,1,0,,0,0,0,0,0,0,5,,0,0,0,0,0,0,0,0,0,,0,0,,0,0,0,0
1604436502931,9,1010123456030,79,,1,2,4,1,0,,0,4,0,0.00546185,2,0,6.4,,0,0,0,0,0,0,0,0,0,,67,8,,0,0,0,0
1604436503181,9,1010123456030,79,,1,2,4,1,0,,14.5,10,0,0.0158072,4,0,8.33333,,0,0,0,0,0,0,0,0,0,,80,16,,0,0,0,0
1604436503431,9,1010123456030,79,,1,2,4,1,0,,10.7,10,0,0.0107309,4,0,7.33333,,13.2,5,0,0.1,2,0,0,16.2312,31,,52,16,,0,0,0,1
1604436503681,9,1010123456030,79,,1,2,4,1,0,,5.12903,31,0,0.0166747,12,0,5,,0,0,0,0,0,0,0,0,0,,222,48,,0,0,0,0
1604436503931,9,1010123456030,79,,1,2,4,1,0,,12.0714,14,0,0.0159036,5,0,7.5,,0,0,0,0,0,0,0,0,0,,110,20,,0,0,0,0
1604436504181,9,1010123456030,79,,1,2,4,1,0,,1.61972,71,0,0.0190843,29,0,5,,0,4,0,0.1,2,50,0,0,31,,135,116,,0,0,0,0
1604436504431,9,1010123456030,79,,1,2,4,1,0,,10.4,5,0,0.00526908,2,0,3.25,,11.2,5,0,0.1,2,0,0,14.9659,0,,23,8,,0,0,0,1
1604436504681,9,1010123456030,79,,1,2,4,1,0,,11,5,0,0.00546185,2,0,6.33333,,12,3,0,0.1,1,0,0,10.9117,31,,47,8,,0,0,0,2
1604436504931,9,1010123456030,79,,1,2,4,1,0,,0.1,33,60,0.00212048,6,0,4,,0,0,0,0,0,0,0,0,0,,-21,58,,0,0,0,0
1604436505181,9,1010123456030,79,,1,2,4,1,0,,3.6,20,0,0.0107309,15,0,6,,0,0,0,0,0,0,0,0,0,,103,30,,0,0,0,0
1604436505431,9,1010123456030,79,,1,2,4,1,0,,10.7692,13,0,0.0107309,4,0,7,,7.4,5,0,0.1,2,0,0,12.1954,31,,133,28,,0,0,0,1
1604436505681,9,1010123456030,79,,1,2,4,1,0,,10.7368,19,37,0.0214618,8,0,7.5,,0,0,0,0,0,0,0,0,0,,125,28,,0,0,0,0
1604436505931,9,1010123456030,79,,1,2,4,1,0,,16.25,8,0,0.0156787,4,0,10,,0,0,0,0,0,0,0,0,0,,16,10,,0,0,0,0
1604436506181,9,1010123456030,79,,1,2,4,1,0,,0.931035,58,0,0.0133012,24,0,4.5,,7,3,0,0.1,1,0,0,15.4923,31,,17,108,,0,0,0,1
1604436506432,9,1010123456030,79,,1,2,4,1,0,,9.6,5,0,0.005248,2,0,7,,6.625,8,0,0.1,3,0,0,9.85288,31,,41,8,,0,0,0,1
1604436506681,9,1010123456030,79,,1,2,4,1,0,,2.39683,63,0,0.023743,26,0,3.33333,,0,0,0,0,0,0,0,0,0,,197,148,,0,0,0,0
1604436506932,9,1010123456030,79,,1,2,4,1,0,,0,0,0,0,0,0,6,,0,0,0,0,0,0,0,0,0,,0,0,,0,0,0,0
1604436507182,9,1010123456030,79,,1,2,4,1,0,,9.6,5,158,0.005248,2,0,7,,0,0,0,0,0,0,0,0,0,,34,8,,0,0,0,0
1604436507431,9,1010123456030,79,,1,2,4,1,0,,10.25,20,0,0.0211406,8,0,7.25,,5.3,10,0,0.1,4,0,0,8.39737,31,,225,30,,0,0,0,1
1604436507681,9,1010123456030,79,,1,2,4,1,0,,0,4,0,0.00526908,2,0,7.33333,,0,0,0,0,0,0,0,0,0,,84,8,,0,0,0,0
1604436507931,9,1010123456030,79,,1,2,4,1,0,,0,0,0,0,0,0,3,,0,0,0,0,0,0,0,0,0,,0,0,,0,0,0,0
1604436508181,9,1010123456030,79,,1,2,4,1,0,,0,4,0,0.00546185,2,0,7,,0,2,0,0.1,1,0,0,0,31,,63,8,,0,0,0,0
1604436508431,9,1010123456030,79,,1,2,4,1,0,,4.51163,43,0,0.0224578,17,0,4.25,,8.2,5,0,0.1,2,0,0,15.1719,31,,118,68,,0,0,0,1
1604436508681,9,1010123456030,79,,1,2,4,1,0,,5.4,10,0,0.00555823,4,0,5,,0,0,0,0,0,0,0,0,0,,132,16,,0,0,0,0
1604436508931,9,1010123456030,79,,1,2,4,1,0,,6.57692,26,0,0.0138474,9,0,7,,0,0,0,0,0,0,0,0,0,,282,42,,0,0,0,0
1604436509181,9,1010123456030,79,,1,2,4,1,0,,10.4,15,0,0.0165783,6,0,7,,14,3,0,0.1,1,0,0,11.4726,31,,118,24,,0,0,0,2
1604436509431,9,1010123456030,79,,1,2,4,1,0,,9.90476,21,0,0.0232289,9,0,6.5,,3.5,24,0,0.1,10,30,0,9.2877,31,,286,32,,0,0,0,3.75
1604436509681,9,1010123456030,79,,1,2,8,1,0,,5.14286,21,0,0.0111165,8,0,5.66667,,0,0,0,0,0,0,0,0,0,,205,32,,0,0,0,0
1604436509931,9,1010123456030,79,,1,2,8,1,0,,0,0,0,0,0,0,5.66667,,0,0,0,0,0,0,0,0,0,,0,0,,0,0,0,0
1604436510181,12,1010123456030,79,,1,2,8,1,0,,9.09091,11,0,0.0164498,4,0,0.1,,0,2,0,0.1,1,0,0,0,31,,97,26,,0,0,0,0
1604436510431,10,1010123456030,79,,1,2,8,1,0,,11,3,0,0.00555823,1,0,9.33333,,5.14286,7,0,0.1,3,0,0,7.7128,31,,7,8,,0,0,0,1
1604436510681,9,1010123456030,79,,1,2,8,1,0,,7.1875,16,0,0.0164498,6,0,7,,0,2,0,0.1,1,0,0,0,0,,201,36,,0,0,0,0
1604436510931,9,1010123456030,79,,1,2,8,1,0,,18,8,0,0.0155181,3,0,14,,0,0,0,0,0,0,0,0,0,,19,12,,0,0,0,0
1604436511181,9,1010123456030,79,,1,2,8,1,0,,3.51613,31,0,0.0186667,11,0,4,,15,3,0,0.1,1,0,0,9.63546,31,,220,132,,0,0,0,2
1604436511431,9,1010123456030,79,,1,2,8,1,0,,4.66667,12,0,0.0139759,7,0,4.4,,3.83333,6,0,0.1,3,0,0,8.93562,31,,123,46,,0,0,0,1
1604436511681,9,1010123456030,79,,1,2,8,1,0,,8.14286,14,158,0.0162892,6,0,7.33333,,0,0,0,0,0,0,0,0,0,,131,34,,0,0,0,0
1604436511931,9,1010123456030,79,,1,2,8,1,0,,3.66667,9,0,0.00562249,3,0,8,,0,0,0,0,0,0,0,0,0,,40,38,,0,0,0,0
1604436512181,9,1010123456030,79,,1,2,8,1,0,,9.36364,11,0,0.0160321,4,0,5.71429,,0,2,0,0.1,1,0,0,0,31,,81,22,,0,0,0,0
1604436512431,9,1010123456030,79,,1,2,8,1,0,,7.36364,11,0,0.0107952,4,0,6,,0.833333,24,0,0.1,11,0,0,6.67237,31,,43,22,,0,0,0,1.33333
1604436512682,9,1010123456030,79,,1,2,8,1,0,,0,0,0,0,0,0,5.75,,0,0,0,0,0,0,0,0,0,,0,0,,0,0,0,0
1604436512931,9,1010123456030,79,,1,2,8,1,0,,0,0,0,0,0,0,5,,0,0,0,0,0,0,0,0,0,,0,0,,0,0,0,0
1604436513182,9,1010123456030,79,,1,2,8,1,0,,6.69565,23,0,0.021408,9,0,5.66667,,0,4,0,0.1,2,50,0,0,31,,91,48,,0,0,0,0
1604436513432,9,1010123456030,79,,1,2,8,1,0,,5.45455,11,0,0.010496,4,0,5.5,,0,2,0,0,1,100,0,0,0,,54,28,,0,0,0,0
1604436513682,9,1010123456030,79,,1,2,8,1,0,,0.622222,45,0,0.017632,18,0,1,,0.285714,14,0,0.1,6,0,0,4.02259,31,,124,176,,0,0,0,2
1604436513931,9,1010123456030,79,,1,2,8,1,0,,5.64,25,0,0.0267309,10,0,5,,0,0,0,0,0,0,0,0,0,,270,70,,0,0,0,0
1604436514181,9,1010123456030,79,,1,2,8,1,0,,1.66667,24,0,0.0115341,10,0,3.57143,,0,2,0,0.1,1,0,0,0,31,,35,82,,0,0,0,0
1604436514431,9,1010123456030,79,,1,2,8,1,0,,2.25,48,0,0.0228755,19,0,8.5,,0,16,0,0.1,8,12.5,0,0,31,,75,402,,0,0,0,0
1604436514681,9,1010123456030,79,,1,2,8,1,0,,9.14286,7,0,0.0104418,3,0,7.75,,0,0,0,0,0,0,0,0,0,,44,18,,0,0,0,0
1604436514931,9,1010123456030,79,,1,2,8,1,0,,5.75,16,0,0.0157751,6,0,6,,0,0,0,0,0,0,0,0,0,,177,36,,0,0,0,0
1604436515181,9,1010123456030,79,,1,2,8,1,0,,7.15385,13,0,0.0163213,6,0,6,,0,2,0,0.1,1,0,0,0,31,,165,30,,0,0,0,0
1604436515431,9,1010123456030,79,,1,2,8,1,0,,0,0,0,0,0,0,9.25,,0,0,0,0,0,0,0,0,0,,0,0,,0,0,0,0
1604436515681,9,1010123456030,79,,1,2,8,1,0,,5.44444,9,0,0.0105382,4,0,5,,1.27273,11,0,0.1,5,0,0,5.18024,31,,162,28,,0,0,0,1
1604436515931,9,1010123456030,79,,1,2,8,1,0,,2.25,12,0,0.00581526,5,0,6.25,,0,0,0,0,0,0,0,0,0,,-6,36,,0,0,0,0
1604436516181,9,1010123456030,79,,1,2,8,1,0,,0,0,0,0,0,0,5.5,,0,2,0,0.1,1,0,0,0,31,,0,0,,0,0,0,0
1604436516431,9,1010123456030,79,,1,2,8,1,0,,2.52273,44,0,0.0278554,18,0,6,,8.2,5,0,0.1,2,0,0,16.3464,31,,232,164,,0,0,0,1
1604436516681,9,1010123456030,79,,1,2,8,1,0,,5.66667,15,158,0.0160321,6,0,5.6,,0,0,0,0,0,0,0,0,0,,101,36,,0,0,0,0
1604436516931,9,1010123456030,79,,1,2,8,1,0,,5.02326,43,0,0.0326426,17,0,6.66667,,0,0,0,0,0,0,0,0,0,,336,110,,0,0,0,0
1604436517181,9,1010123456030,79,,1,2,8,1,0,,0,0,0,0,0,0,6.85714,,0,0,0,0,0,0,0,0,0,,0,0,,0,0,0,0
1604436517431,9,1010123456030,79,,1,2,8,1,0,,10.6364,11,0,0.0218795,5,0,7,,9.8,5,0,0.1,2,0,0,12.44,31,,135,32,,0,0,0,1
1604436517681,9,1010123456030,79,,1,2,8,1,0,,8.5,24,0,0.0271486,10,0,5.4,,0,0,0,0,0,0,0,0,0,,87,46,,0,0,0,0
1604436517931,9,1010123456030,79,,1,2,8,1,0,,2.33333,30,0,0.0167711,12,0,2.66667,,0,0,0,0,0,0,0,0,0,,49,84,,0,0,0,0
1604436518181,9,1010123456030,79,,1,2,8,1,0,,5.57143,21,0,0.0214618,9,0,6.4,,0,0,0,0,0,0,0,0,0,,108,60,,0,0,0,0
1604436518432,9,1010123456030,79,,1,2,8,1,0,,6.3,10,0,0.01056,4,0,6.5,,3.28,25,0,0.1,11,0,0,5.4944,31,,51,22,,0,0,0,1.08
1604436518681,9,1010123456030,79,,1,2,8,1,0,,5.88889,18,0,0.0163855,8,0,5.75,,0,0,0,0,0,0,0,0,0,,152,42,,0,0,0,0
1604436518932,9,1010123456030,79,,1,2,8,1,0,,5.26667,45,0,0.04304,18,0,5,,0,0,0,0,0,0,0,0,0,,361,302,,0,0,0,0
1604436519182,9,1010123456030,79,,1,2,8,1,0,,1.54167,24,158,0.011456,10,0,3.6,,0,0,0,0,0,0,0,0,0,,40,90,,0,0,0,0
1604436519432,9,1010123456030,79,,1,2,8,1,0,,6,15,0,0.015808,6,0,5.25,,5.85714,7,0,0.1,3,0,0,12.3317,31,,133,38,,0,0,0,1
1604436519682,9,1010123456030,79,,1,2,8,1,0,,9.66667,9,0,0.0104,3,0,6.75,,0,0,0,0,0,0,0,0,0,,32,18,,0,0,0,0
1604436519932,9,1010123456030,79,,1,2,8,1,0,,0,0,0,0,0,0,5.66667,,0,0,0,0,0,0,0,0,0,,0,0,,0,0,0,0
1604436520182,9,1010123456030,79,,1,2,8,1,0,,11,3,0,0.005536,1,0,5,,9,3,0,0.1,1,0,0,13.6962,31,,15,8,,0,0,0,1
1604436520431,9,1010123456030,79,,1,2,8,1,0,,0,0,0,0,0,0,5,,0,0,0,0,0,0,0,0,0,,0,0,,0,0,0,0
1604436520681,9,1010123456030,79,,1,2,8,1,0,,5.04167,24,0,0.0213976,10,0,5,,3.33333,9,0,0.1,4,0,0,5.9015,31,,254,60,,0,0,0,1.22222
1604436520931,9,1010123456030,79,,1,2,8,1,0,,5.8,10,158,0.0109237,4,0,5,,0,0,0,0,0,0,0,0,0,,113,28,,0,0,0,0
1604436521181,9,1010123456030,79,,1,2,8,1,0,,5.08333,24,0,0.0213333,10,0,6,,0,2,0,0.1,1,0,0,0,31,,307,64,,0,0,0,0
1604436521431,9,1010123456030,79,,1,2,8,1,0,,6.44444,9,0,0.0107631,4,0,5.33333,,0.72,25,0,0.1,9,0,0,8.2032,31,,87,30,,0,0,0,1.12
1604436521681,9,1010123456030,79,,1,2,8,1,0,,5.0625,32,0,0.0268916,12,0,4.6,,0,0,0,0,0,0,0,0,0,,294,248,,0,0,0,0
1604436521931,9,1010123456030,79,,1,2,8,1,0,,4.31579,19,0,0.0164819,8,0,5.5,,0,0,0,0,0,0,0,0,0,,203,66,,0,0,0,0
1604436522181,9,1010123456030,79,,1,2,8,1,0,,6.07692,13,0,0.0160964,5,0,5.33333,,0,2,0,0.1,1,0,0,0,31,,101,74,,0,0,0,0
1604436522431,9,1010123456030,79,,1,2,8,1,0,,3.70833,24,0,0.0165462,10,0,8,,8.19355,31,0,0.1,13,61.5385,0,6.09118,31,,50,196,,0,0,0,6.87097
1604436522681,9,1010123456030,79,,1,2,8,1,0,,10.25,8,0,0.0104418,3,0,8,,0,0,0,0,0,0,0,0,0,,45,18,,0,0,0,0
1604436522931,9,1010123456030,79,,1,2,8,1,0,,2.7,30,0,0.0167711,12,0,5.75,,0,0,0,0,0,0,0,0,0,,56,98,,0,0,0,0
1604436523181,9,1010123456030,79,,1,2,8,1,0,,0,4,0,0.00526908,2,0,5,,2,3,0,0.1,1,0,0,5.55318,31,,62,14,,0,0,0,1
1604436523431,9,1010123456030,79,,1,2,8,1,0,,5.26667,15,0,0.0107309,4,0,4.2,,1.96296,27,0,0.1,13,30.7692,0,5.99595,31,,332,96,,0,0,0,4
1604436523681,9,1010123456030,79,,1,2,8,1,0,,5.13636,22,0,0.0216546,11,0,5,,0,0,0,0,0,0,0,0,0,,212,44,,0,0,0,0
1604436523932,9,1010123456030,79,,1,2,8,1,0,,6.5,22,0,0.026368,9,0,8.66667,,0,0,0,0,0,0,0,0,0,,154,62,,0,0,0,0
1604436524181,9,1010123456030,79,,1,2,8,1,0,,5.27027,37,0,0.0322249,14,0,5,,0.1,3,0,0.1,1,0,0,12.0469,31,,309,82,,0,0,0,1
1604436524431,9,1010123456030,79,,1,2,8,1,0,,4.69565,23,0,0.0216225,9,0,4.5,,8.4,5,0,0.1,2,0,0,14.4752,31,,318,204,,0,0,0,1
1604436524681,9,1010123456030,79,,1,2,8,1,0,,0,0,0,0,0,0,4.5,,0,0,0,0,0,0,0,0,0,,0,0,,0,0,0,0
1604436524932,9,1010123456030,79,,1,2,8,1,0,,8,14,0,0.020704,5,0,6,,0,8,0,0,4,100,0,0,0,,193,44,,0,0,0,0
1604436525181,9,1010123456030,79,,1,2,8,1,0,,6.8,5,0,0.005751,3,0,7,,0,2,0,0.1,1,0,0,0,31,,24,10,,0,0,0,0
1604436525431,9,1010123456030,79,,1,2,8,1,0,,13,3,0,0.00542972,1,0,5.75,,0,0,0,0,0,0,0,0,0,,24,6,,0,0,0,0
1604436525682,9,1010123456030,79,,1,2,8,1,0,,5.6,5,0,0.005248,2,0,8.33333,,8.80882,68,0,0.1,28,78.5714,0,3.08171,31,,57,14,,0,0,0,8.51471
1604436525931,9,1010123456030,79,,1,2,8,1,0,,7.4,10,0,0.0107309,4,0,4,,0,0,0,0,0,0,0,0,0,,46,20,,0,0,0,0
1604436526182,9,1010123456030,79,,1,2,8,1,0,,5.48148,27,0,0.031776,11,0,5,,0.1,3,0,0.1,1,0,0,9.07719,31,,451,102,,0,0,0,1
1604436526432,9,1010123456030,79,,1,2,8,1,0,,7.90909,11,0,0.010656,4,0,7,,1.26316,19,0,0.1,7,14.2857,0,8.79745,31,,60,16,,0,0,0,2.89474
1604436526682,9,1010123456030,79,,1,2,8,1,0,,5.6,5,0,0.005248,2,0,4.75,,0,0,0,0,0,0,0,0,0,,38,14,,0,0,0,0
1604436526931,9,1010123456030,79,,1,2,8,1,0,,8.5,10,0,0.0107309,4,0,7.5,,0,0,0,0,0,0,0,0,0,,207,24,,0,0,0,0
1604436527181,9,1010123456030,79,,1,2,8,1,0,,3.75,8,0,0.00539759,3,0,5.2,,0,8,0,0,4,100,0,0,0,,69,18,,0,0,0,0
1604436527431,9,1010123456030,79,,1,2,8,1,0,,5.1875,16,0,0.0161928,6,0,5.4,,6.78261,23,0,0.1,9,0,0,10.12,31,,171,54,,0,0,0,1.34783
1604436527681,9,1010123456030,79,,1,2,8,1,0,,0,4,0,0.00539759,2,0,6,,0,0,0,0,0,0,0,0,0,,47,12,,0,0,0,0
1604436527931,9,1010123456030,79,,1,2,8,1,0,,6.83333,18,0,0.0107952,5,0,5.66667,,0,0,0,0,0,0,0,0,0,,121,34,,0,0,0,0
1604436528181,9,1010123456030,79,,1,2,8,1,0,,10.6111,18,0,0.0212048,8,0,6,,0,2,0,0.1,1,0,0,0,31,,110,34,,0,0,0,0
1604436528431,9,1010123456030,79,,1,2,8,1,0,,9.28571,14,0,0.0210763,6,0,5.5,,0,2,0,0.1,1,0,0,0,31,,62,24,,0,0,0,0
1604436528681,9,1010123456030,79,,1,2,8,1,0,,2.77778,27,92,0.0162892,8,0,3.25,,1.71429,7,0,0.1,3,0,0,3.20767,0,,142,136,,0,0,0,1.57143
1604436528931,9,1010123456030,79,,1,2,8,1,0,,4.27273,33,0,0.0274056,16,0,5,,0,0,0,0,0,0,0,0,0,,184,84,,0,0,0,0
1604436529181,9,1010123456030,79,,1,2,8,1,0,,5.4,10,0,0.0105382,4,0,6.33333,,0.1,3,0,0.1,1,0,0,1.58063,31,,153,36,,0,0,0,1
1604436529431,9,1010123456030,79,,1,2,8,1,0,,6.76923,13,0,0.0108916,5,0,5.4,,1.56522,23,0,0.1,10,0,0,9.84035,31,,78,32,,0,0,0,1.08696
1604436529681,9,1010123456030,79,,1,2,8,1,0,,5.08333,12,0,0.0107631,5,0,5,,0,0,0,0,0,0,0,0,0,,81,30,,0,0,0,0
1604436529931,9,1010123456030,79,,1,2,8,1,0,,5.1,10,0,0.0107309,4,0,5.5,,0,0,0,0,0,0,0,0,0,,72,30,,0,0,0,0
1604436530181,9,1010123456030,79,,1,2,8,1,0,,5.375,40,0,0.0373012,16,0,6.2,,0,2,0,0.1,1,0,0,0,31,,314,100,,0,0,0,0
1604436530431,9,1010123456030,79,,1,2,8,1,0,,4.83333,18,0,0.0111486,7,0,3.66667,,9.6,5,0,0.1,2,0,0,14.5816,31,,116,32,,0,0,0,1.4
1604436530681,9,1010123456030,79,,1,2,8,1,0,,4.2,5,24,0,0,0,4.83333,,0,0,0,0,0,0,0,0,0,,34,14,,0,0,0,0
1604436530932,9,1010123456030,79,,1,2,8,1,0,,2.92308,13,0,0.010976,7,0,4.33333,,0,0,0,0,0,0,0,0,0,,63,32,,0,0,0,0
1604436531181,9,1010123456030,79,,1,2,8,1,0,,6.13333,30,0,0.0268273,12,0,7,,14,3,0,0.1,1,0,0,13.5386,31,,441,110,,0,0,0,1
1604436531431,9,1010123456030,79,,1,2,8,1,0,,7.36,25,0,0.0191807,8,0,7.75,,3.85714,21,0,0.1,8,25,0,3.40151,31,,232,66,,0,0,0,4.71429
1604436531681,9,1010123456030,79,,1,2,8,1,0,,1.86667,30,0,0.0136867,11,0,4.2,,0,0,0,0,0,0,0,0,0,,103,132,,0,0,0,0
1604436531932,9,1010123456030,79,,1,2,8,1,0,,4,15,0,0.01616,8,0,4.75,,0,0,0,0,0,0,0,0,0,,103,40,,0,0,0,0
1604436532182,9,1010123456030,79,,1,2,8,1,0,,5.75,12,0,0.015648,5,0,5.2,,2,3,0,0.1,1,0,0,15.0828,31,,167,40,,0,0,0,1
1604436532432,9,1010123456030,79,,1,2,8,1,0,,4.45,20,0,0.016064,8,0,5,,9.85714,7,0,0.1,3,33.3333,0,5.80027,31,,153,64,,0,0,0,5
1604436532682,9,1010123456030,79,,1,2,8,1,0,,5.58333,12,113,0.010496,4,0,5,,0,0,0,0,0,0,0,0,0,,222,38,,0,0,0,0
1604436532932,14,1010123456030,79,,1,2,8,1,0,,4.75676,37,0,0.031616,15,0,4,,0,0,0,0,0,0,0,0,0,,341,96,,0,0,0,0
1604436533181,11,1010123456030,79,,1,2,8,1,0,,0,0,0,0.00112903,2,0,3.66667,,0.1,3,0,0.1,1,0,0,16.4734,31,,0,0,,0,0,0,1
1604436533431,11,1010123456030,79,,1,2,8,1,0,,5.33333,9,0,0.0107309,4,0,7.33333,,14,12,0,0,4,100,0,5.08985,0,,152,30,,0,0,0,10
1604436533681,11,1010123456030,79,,1,2,8,1,0,,5.66667,9,0,0.0107309,4,0,5.16667,,0,0,0,0,0,0,0,0,0,,332,36,,0,0,0,0
1604436533931,10,1010123456030,79,,1,2,8,1,0,,5.14286,14,0,0.0109237,6,0,5.25,,0,0,0,0,0,0,0,0,0,,145,32,,0,0,0,0
1604436534181,8,1010123456030,79,,1,2,8,1,0,,5.27273,11,0,0.0107309,4,0,5.2,,0,2,0,0.1,1,0,0,0,31,,149,30,,0,0,0,0
1604436534431,8,1010123456030,79,,1,2,8,1,0,,4.90909,22,0,0.0213976,9,0,5,,0,8,0,0.1,4,50,0,0,31,,266,62,,0,0,0,0
1604436534681,8,1010123456030,79,,1,2,8,1,0,,4.68421,19,0,0.0160964,8,0,5,,0,0,0,0,0,0,0,0,0,,250,50,,0,0,0,0
1604436534931,8,1010123456030,79,,1,2,8,1,0,,5.66667,12,0,0.00928514,4,0,5.66667,,0,0,0,0,0,0,0,0,0,,65,24,,0,0,0,0
1604436535181,8,1010123456030,79,,1,2,8,1,0,,5.6,5,0,0.00684337,3,0,5,,7,3,0,0.1,1,0,0,15.4548,31,,135,22,,0,0,0,1
1604436535431,8,1010123456030,79,,1,2,8,1,0,,5.52632,19,0,0.0161928,7,0,6,,10,5,0,0.1,2,0,0,7.92902,31,,107,32,,0,0,0,2.4
1604436535681,8,1010123456030,79,,1,2,8,1,0,,0,4,0,0.0053012,2,0,5.8,,0,0,0,0,0,0,0,0,0,,24,10,,0,0,0,0
1604436535931,8,1010123456030,79,,1,2,8,1,0,,6.21429,14,0,0.0163855,6,0,6,,0,0,0,0,0,0,0,0,0,,128,38,,0,0,0,0
1604436536181,8,1010123456030,79,,1,2,8,1,0,,7.62963,27,0,0.0320964,11,0,6.5,,0,2,0,0.1,1,0,0,0,31,,267,58,,0,0,0,0
1604436536431,8,1010123456030,79,,1,2,8,1,0,,6.5,18,0,0.0162249,7,0,7.75,,8.6,5,0,0.1,2,0,0,9.85159,31,,74,34,,0,0,0,3
1604436536681,8,1010123456030,79,,1,2,8,1,0,,6.11111,18,26,0.016,6,0,6,,0,0,0,0,0,0,0,0,0,,91,38,,0,0,0,0
1604436536931,8,1010123456030,79,,1,2,8,1,0,,6.23077,13,0,0.0159679,6,0,6.25,,0,0,0,0,0,0,0,0,0,,120,30,,0,0,0,0
1604436537182,8,1010123456030,79,,1,2,8,1,0,,7.375,16,0,0.021664,7,0,6,,0.1,3,0,0.1,1,0,0,13.7518,31,,177,32,,0,0,0,1
1604436537432,8,1010123456030,79,,1,2,8,1,0,,7.2,15,0,0.016,6,0,6,,9,10,0,0,4,100,0,2.64914,0,,94,32,,0,0,0,10
1604436537681,8,1010123456030,79,,1,2,8,1,0,,0,4,158,0.0053012,2,0,6,,0,0,0,0,0,0,0,0,0,,53,10,,0,0,0,0
1604436537931,8,1010123456030,79,,1,2,8,1,0,,6.57143,14,0,0.016,6,0,7.75,,0,0,0,0,0,0,0,0,0,,52,30,,0,0,0,0
1604436538182,8,1010123456030,79,,1,2,8,1,0,,0,0,0,0,0,0,6,,0,2,0,0.1,1,0,0,0,31,,0,0,,0,0,0,0
1604436538431,8,1010123456030,79,,1,2,8,1,0,,1.23404,47,0,0.0226506,19,0,5,,9,11,0,0,4,100,0,1.31275,0,,31,176,,0,0,0,10
1604436538682,8,1010123456030,79,,1,2,8,1,0,,7.5,6,0,0.00528,2,0,6,,0,0,0,0,0,0,0,0,0,,23,10,,0,0,0,0
1604436538931,8,1010123456030,79,,1,2,8,1,0,,6.93333,15,0,0.0160643,6,0,6,,0,0,0,0,0,0,0,0,0,,63,32,,0,0,0,0
1604436539181,8,1010123456030,79,,1,2,8,1,0,,7.22222,18,0,0.017992,6,0,6,,0,0,0,0,0,0,0,0,0,,112,38,,0,0,0,0
1604436539431,8,1010123456030,79,,1,2,8,1,0,,6.81818,11,0,0.0141044,5,0,6.2,,0.1,29,0,0.1,11,0,0,3.55981,31,,49,24,,0,0,0,1.17241
1604436539682,8,1010123456030,79,,1,2,2,1,0,,8.36364,22,0,0.016576,9,0,7,,0,0,0,0,0,0,0,0,0,,165,36,,0,0,0,0
1604436539932,8,1010123456030,79,,1,2,2,1,0,,7.45588,68,0,0.023712,27,0,5,,0,0,0,0,0,0,0,0,0,,645,86,,0,0,0,0
1604436540181,8,1010123456030,79,,1,2,2,1,0,,9.45455,11,0,0.00578313,5,0,5.25,,0,2,0,0.1,1,0,0,0,31,,147,10,,0,0,0,0
1604436540431,8,1010123456030,79,,1,2,2,1,0,,11.3333,18,0,0.0110522,7,0,9,,0.434783,23,0,0.1,9,0,0,3.40293,31,,81,14,,0,0,0,2.47826
1604436540681,8,1010123456030,79,,1,2,2,1,0,,18.4,5,0,0.00539759,2,0,10,,0,0,0,0,0,0,0,0,0,,28,4,,0,0,0,0
1604436540931,8,1010123456030,79,,1,2,2,1,0,,0,0,315,0,0,0,4,,0,0,0,0,0,0,0,0,0,,-52,34,,0,0,0,0
1604436541181,8,1010123456030,79,,1,2,2,1,0,,11.7568,37,158,0.0221365,15,0,7,,0.1,3,0,0.1,1,0,0,5.23695,31,,378,66,,0,0,0,1
1604436541431,8,1010123456030,79,,1,2,2,1,0,,11.1333,30,0,0.0167711,12,0,4.5,,1.14286,14,0,0.1,6,0,0,6.82301,31,,174,24,,0,0,0,1
1604436541681,8,1010123456030,79,,1,2,2,1,0,,10.8,10,0,0.00555823,4,0,6.75,,0,0,0,0,0,0,0,0,0,,87,8,,0,0,0,0
1604436541931,8,1010123456030,79,,1,2,2,1,0,,10.9091,22,0,0.0111165,8,0,5,,0,0,0,0,0,0,0,0,0,,108,16,,0,0,0,0
1604436542181,8,1010123456030,79,,1,2,2,1,0,,19.5,12,0,0.0160321,5,0,7.75,,0,0,0,0,0,0,0,0,0,,-2,38,,0,0,0,0
1604436542431,8,1010123456030,79,,1,2,2,1,0,,9.96923,65,0,0.0339598,28,0,7,,3.83333,12,0,0.1,5,0,0,8.81487,31,,665,56,,0,0,0,1
1604436542681,8,1010123456030,79,,1,2,2,1,0,,9.69565,46,0,0.0225221,19,0,6.33333,,0,0,0,0,0,0,0,0,0,,338,42,,0,0,0,0
1604436542931,8,1010123456030,79,,1,2,2,1,0,,13.15,20,220,0.0111807,6,0,9.25,,0,0,0,0,0,0,0,0,0,,184,16,,0,0,0,0
1604436543181,8,1010123456030,79,,1,2,2,1,0,,10.6818,22,0,0.0163534,12,0,6,,4,3,0,0.1,1,0,0,8.64906,31,,118,20,,0,0,0,1
1604436543431,8,1010123456030,79,,1,2,2,1,0,,8.61539,26,0,0.0116627,11,0,6.5,,6.75676,37,0,0.1,14,57.1429,0,6.21729,31,,272,22,,0,0,0,5.91892
1604436543681,8,1010123456030,79,,1,2,2,1,0,,12.375,8,0,0.00443373,2,0,7.33333,,0,0,0,0,0,0,0,0,0,,48,6,,0,0,0,0
1604436543931,8,1010123456030,79,,1,2,2,1,0,,0,0,315,0.00102811,1,0,6,,0,0,0,0,0,0,0,0,0,,29,0,,0,0,0,0
1604436544181,8,1010123456030,79,,1,2,2,1,0,,10.1489,47,92,0.0223293,18,0,6.33333,,0,2,0,0.1,1,0,0,0,31,,490,40,,0,0,0,0
1604436544431,8,1010123456030,79,,1,2,2,1,0,,11.75,36,72,0.0221687,15,0,8.33333,,0.27907,43,0,0.1,17,17.6471,0,3.21257,31,,578,30,,0,0,0,3.2093
1604436544681,8,1010123456030,79,,1,2,2,1,0,,10.7115,52,92,0.0277912,20,0,5,,0,0,0,0,0,0,0,0,0,,358,40,,0,0,0,0
1604436544932,8,1010123456030,79,,1,2,2,1,0,,9.25,44,0,0.022624,20,0,9,,0,0,0,0,0,0,0,0,0,,333,36,,0,0,0,0
1604436545182,8,1010123456030,79,,1,2,2,1,0,,11.35,20,0,0.01104,8,0,7,,0,2,0,0.1,1,0,0,0,31,,183,16,,0,0,0,0
1604436545432,8,1010123456030,79,,1,2,2,1,0,,10.16,25,125,0.011168,9,0,6.5,,1.93333,30,0,0.1,12,41.6667,0,3.03055,31,,153,20,,0,0,0,5.6
1604436545682,8,1010123456030,79,,1,2,2,1,0,,9.39655,58,183,0.027488,24,0,5,,0,0,0,0,0,0,0,0,0,,527,74,,0,0,0,0
1604436545932,8,1010123456030,79,,1,2,2,1,0,,10.4722,36,0,0.017696,14,0,6.33333,,0,0,0,0,0,0,0,0,0,,195,32,,0,0,0,0
1604436546182,8,1010123456030,79,,1,2,2,1,0,,12,10,0,0.005312,2,0,15,,0,2,0,0.1,1,0,0,0,31,,22,8,,0,0,0,0
1604436546431,8,1010123456030,79,,1,2,2,1,0,,9.44444,36,0,0.018988,14,0,8,,0.148148,27,0,0.1,11,9.09091,0,3.65577,31,,450,30,,0,0,0,1.66667
1604436546681,8,1010123456030,79,,1,2,2,1,0,,9.5,12,0,0.00922088,8,0,6,,0,0,0,0,0,0,0,0,0,,51,10,,0,0,0,0
1604436546931,8,1010123456030,79,,1,2,2,1,0,,9.5,12,0,0.00565462,5,0,6,,0,0,0,0,0,0,0,0,0,,87,10,,0,0,0,0
1604436547181,8,1010123456030,79,,1,2,2,1,0,,9.5,12,0,0.00578313,5,0,6,,0.1,6,0,0.1,2,50,0,1.18769,31,,123,10,,0,0,0,5.5
1604436547431,8,1010123456030,79,,1,2,2,1,0,,8.24,25,0,0.0114378,11,0,6,,6.125,24,0,0.1,10,40,0,7.12152,31,,281,22,,0,0,0,4
1604436547681,8,1010123456030,79,,1,2,2,1,0,,8.72727,22,0,0.0113092,10,0,6.25,,0,0,0,0,0,0,0,0,0,,237,20,,0,0,0,0
1604436547931,8,1010123456030,79,,1,2,2,1,0,,11.5294,17,0,0.010988,7,0,8,,0,0,0,0,0,0,0,0,0,,75,14,,0,0,0,0
1604436548181,8,1010123456030,79,,1,2,2,1,0,,4.36585,82,0,0.0195341,34,0,7.25,,0,1,0,0.1,1,0,0,0,31,,131,68,,0,0,0,0
1604436548431,8,1010123456030,79,,1,2,2,1,0,,9.53846,13,0,0.00578313,5,0,6,,0,0,0,0,0,0,0,0,0,,70,10,,0,0,0,0
1604436548681,8,1010123456030,79,,1,2,2,1,0,,7.35443,79,0,0.029494,33,0,6.25,,2.56,25,0,0.1,10,40,0,7.83731,31,,1003,70,,0,0,0,5.32
1604436548931,8,1010123456030,79,,1,2,2,1,0,,7.66667,30,0,0.0117269,12,0,7.33333,,0,0,0,0,0,0,0,0,0,,209,24,,0,0,0,0
1604436549181,8,1010123456030,79,,1,2,2,1,0,,18.2,5,0,0.00533333,2,0,9.5,,0,2,0,0.1,1,0,0,0,31,,4,4,,0,0,0,0
1604436549431,8,1010123456030,79,,1,2,2,1,0,,8,43,0,0.0175743,18,0,5.5,,3.71429,7,0,0.1,3,0,0,6.94365,31,,443,36,,0,0,0,1.28571
1604436549681,8,1010123456030,79,,1,2,2,1,0,,7.18182,33,0,0.0118876,14,0,5,,0,0,0,0,0,0,0,0,0,,333,28,,0,0,0,0
1604436549931,8,1010123456030,79,,1,2,2,1,0,,1.53247,77,0,0.00925301,33,0,3.75,,0,0,0,0,0,0,0,0,0,,4,68,,0,0,0,0
1604436550181,8,1010123456030,79,,1,2,2,1,0,,5.83077,65,0,0.0186667,27,0,5,,0,0,0,0,0,0,0,0,0,,221,84,,0,0,0,0
1604436550431,8,1010123456030,79,,1,2,2,1,0,,5.85714,70,0,0.0186667,27,0,5.5,,2.84211,38,0,0.1,13,38.4615,0,3.05901,31,,718,56,,0,0,0,5.42105
1604436550681,8,1010123456030,79,,1,2,2,1,0,,7.07843,51,0,0.0177671,20,0,6.8,,0,0,0,0,0,0,0,0,0,,334,42,,0,0,0,0
1604436550931,8,1010123456030,79,,1,2,2,1,0,,6.86111,36,158,0.0118876,14,0,3.66667,,0,1,0,0.1,1,0,0,0,31,,435,46,,0,0,0,0
1604436551182,8,1010123456030,79,,1,2,2,1,0,,10.3469,49,0,0.027776,20,0,7.25,,0,8,0,0,4,100,0,0,0,,272,40,,0,0,0,0
1604436551432,8,1010123456030,79,,1,2,2,1,0,,5.86364,22,0,0.006208,9,0,5.66667,,0,12,0,0.1,6,0,0,0,31,,194,18,,0,0,0,0
1604436551681,8,1010123456030,79,,1,2,2,1,0,,6.8,35,0,0.0120161,14,0,6,,0,0,0,0,0,0,0,0,0,,505,28,,0,0,0,0
1604436551932,8,1010123456030,79,,1,2,2,1,0,,7.65217,46,0,0.017632,19,0,6.5,,0,0,0,0,0,0,0,0,0,,344,38,,0,0,0,0
1604436552182,8,1010123456030,79,,1,2,2,1,0,,10.5294,51,0,0.027808,21,0,6.8,,0,0,0,0,0,0,0,0,0,,613,42,,0,0,0,0
1604436552432,8,1010123456030,79,,1,2,2,1,0,,10.4,10,0,0.005568,4,0,6.5,,0,10,0,0.1,5,80,0,0,31,,-11,8,,0,0,0,0
1604436552681,8,1010123456030,79,,1,2,2,1,0,,6,37,63,0.00989558,14,0,6.4,,0,0,0,0,0,0,0,0,0,,448,30,,0,0,0,0
1604436552931,8,1010123456030,79,,1,2,2,1,0,,7.11111,27,140,0.00838554,10,0,5.5,,0,0,0,0,0,0,0,0,0,,350,22,,0,0,0,0
1604436553181,8,1010123456030,79,,1,2,2,1,0,,8.39216,51,158,0.0229076,21,0,6.4,,0,0,0,0,0,0,0,0,0,,339,40,,0,0,0,0
1604436553431,8,1010123456030,79,,1,2,2,1,0,,9.275,40,0,0.016996,15,0,6.75,,3.66667,24,0,0.1,10,40,0,4.67017,31,,354,30,,0,0,0,4.75
1604436553681,8,1010123456030,79,,1,2,2,1,0,,7.80488,41,36,0.0127871,14,0,6.4,,0,0,0,0,0,0,0,0,0,,471,34,,0,0,0,0
1604436553931,8,1010123456030,79,,1,2,2,1,0,,8.52083,48,0,0.0219116,21,0,5.4,,0,0,0,0,0,0,0,0,0,,519,40,,0,0,0,0
1604436554181,8,1010123456030,79,,1,2,2,1,0,,10.8,10,0,0.0055261,4,0,5.25,,0,2,0,0.1,1,0,0,0,31,,171,48,,0,0,0,0
1604436554431,8,1010123456030,79,,1,2,2,1,0,,0,8,0,0.00555823,4,0,8.5,,0,8,0,0.1,4,0,0,0,31,,79,8,,0,0,0,0
1604436554681,8,1010123456030,79,,1,2,2,1,0,,11.24,25,35,0.0110843,8,0,6.8,,0,0,0,0,0,0,0,0,0,,186,22,,0,0,0,0
1604436554931,8,1010123456030,79,,1,2,2,1,0,,10.4667,45,0,0.0278233,21,0,6.8,,0,0,0,0,0,0,0,0,0,,592,36,,0,0,0,0
1604436555181,8,1010123456030,79,,1,2,2,1,0,,5.82609,46,0,0.012241,17,0,5,,0,2,0,0.1,1,0,0,0,31,,626,38,,0,0,0,0
1604436555431,8,1010123456030,79,,1,2,2,1,0,,0,0,0,0,0,0,6,,0,0,0,0,0,0,0,0,0,,0,0,,0,0,0,0
1604436555681,8,1010123456030,79,,1,2,2,1,0,,11.2,10,0,0.00555823,4,0,4.2,,0,6,0,0.1,3,0,0,0,31,,55,8,,0,0,0,0
1604436555931,8,1010123456030,79,,1,2,2,1,0,,0,0,0,0,0,0,6.4,,0,0,0,0,0,0,0,0,0,,0,0,,0,0,0,0
1604436556181,8,1010123456030,79,,1,2,2,1,0,,11.5,10,0,0,0,0,5.5,,9,10,0,0,4,100,0,2.99678,0,,-58,104,,0,0,0,10
1604436556431,8,1010123456030,79,,1,2,2,1,0,,11.1111,9,0,0.0112129,8,0,5.5,,4.24,25,0,0.1,9,44.4444,0,4.91788,31,,85,8,,0,0,0,5.48
1604436556681,8,1010123456030,79,,1,2,2,1,0,,9.58333,12,115,0.00568675,5,0,7,,0,0,0,0,0,0,0,0,0,,178,12,,0,0,0,0
1604436556931,8,1010123456030,79,,1,2,2,1,0,,12.04,25,0,0.0110522,7,0,6.2,,0,0,0,0,0,0,0,0,0,,65,30,,0,0,0,0
1604436557182,8,1010123456030,79,,1,2,2,1,0,,10.2917,24,0,0.01664,12,0,7.5,,0,0,0,0,0,0,0,0,0,,99,18,,0,0,0,0
1604436557432,8,1010123456030,79,,1,2,2,1,0,,10.4286,21,0,0.01104,8,0,7,,0.1,26,0,0.1,11,0,0,2.08245,31,,79,16,,0,0,0,2.42308
1604436557681,8,1010123456030,79,,1,2,2,1,0,,12.8462,13,0,0.0108916,6,0,8.4,,0,0,0,0,0,0,0,0,0,,77,12,,0,0,0,0
1604436557932,8,1010123456030,79,,1,2,2,1,0,,10.2917,48,0,0.027488,19,0,8.16667,,0,0,0,0,0,0,0,0,0,,261,38,,0,0,0,0
1604436558182,8,1010123456030,79,,1,2,2,1,0,,15.5,6,0,0.005472,3,0,7,,0,8,0,0,4,100,0,0,0,,30,6,,0,0,0,0
1604436558432,8,1010123456030,79,,1,2,2,1,0,,11.8,25,0,0.01648,10,0,9.16667,,1.18919,37,0,0.1,14,35.7143,0,2.20027,31,,259,20,,0,0,0,4.86486
1604436558682,8,1010123456030,79,,1,2,2,1,0,,9.89286,28,249,0.013632,11,0,7,,0,0,0,0,0,0,0,0,0,,374,22,,0,0,0,0
1604436558932,8,1010123456030,79,,1,2,2,1,0,,10.225,40,0,0.020096,16,0,7.8,,0,0,0,0,0,0,0,0,0,,371,34,,0,0,0,0
1604436559182,8,1010123456030,79,,1,2,2,1,0,,10.6429,28,0,0.01648,11,0,8.85714,,0,2,0,0.1,1,0,0,0,31,,137,22,,0,0,0,0
1604436559431,8,1010123456030,79,,1,2,2,1,0,,12.0435,23,0,0.0163213,10,0,7.5,,3.69231,26,0,0.1,10,40,0,5.12458,31,,171,20,,0,0,0,5.26923
1604436559681,8,1010123456030,79,,1,2,2,1,0,,5.59091,22,0,0.00616867,9,0,5.75,,0,0,0,0,0,0,0,0,0,,302,26,,0,0,0,0
1604436559931,8,1010123456030,79,,1,2,2,1,0,,11.5932,59,0,0.0278876,19,0,8.25,,0,0,0,0,0,0,0,0,0,,469,44,,0,0,0,0
1604436560181,8,1010123456030,79,,1,2,2,1,0,,0,0,0,0.00546185,3,0,7.2,,0,0,0,0,0,0,0,0,0,,0,0,,0,0,0,0
1604436560431,8,1010123456030,79,,1,2,2,1,0,,14.4,5,0,0.0053012,2,0,9.2,,0,0,0,0,0,0,0,0,0,,4,4,,0,0,0,0
1604436560681,8,1010123456030,79,,1,2,2,1,0,,11.1111,9,0,0.00555823,4,0,7.16667,,9,6,0,0,2,100,0,1.28474,0,,37,8,,0,0,0,10
1604436560931,8,1010123456030,79,,1,2,2,1,0,,0,0,0,0,0,0,8.25,,9,6,0,0,2,100,0,1.32331,0,,0,0,,0,0,0,10
1604436561181,8,1010123456030,79,,1,2,2,1,0,,6.81818,66,0,0.0235502,27,0,6.5,,0,0,0,0,0,0,0,0,0,,357,64,,0,0,0,0
1604436561431,8,1010123456030,79,,1,2,2,1,0,,10,34,0,0.0169317,14,0,6.4,,2.19231,26,0,0.1,10,40,0,4.5446,31,,325,28,,0,0,0,5.15385
1604436561681,8,1010123456030,79,,1,2,2,1,0,,9,9,158,0.0055261,4,0,7.5,,0,0,0,0,0,0,0,0,0,,46,8,,0,0,0,0
1604436561931,8,1010123456030,79,,1,2,2,1,0,,11.2667,45,9,0.02551,17,0,7.6,,0,0,0,0,0,0,0,0,0,,397,36,,0,0,0,0
1604436562181,8,1010123456030,79,,1,2,2,1,0,,9.25,28,0,0.0135261,11,0,7.8,,0,6,0,0.1,3,66.6667,0,0,31,,253,20,,0,0,0,0
1604436562431,8,1010123456030,79,,1,2,2,1,0,,12.5556,27,0,0.0165462,10,0,6.6,,0,8,0,0.1,4,0,0,0,31,,173,20,,0,0,0,0
1604436562681,8,1010123456030,79,,1,2,2,1,0,,10.9032,31,0,0.0166104,12,0,6.5,,0,0,0,0,0,0,0,0,0,,212,24,,0,0,0,0
1604436562931,8,1010123456030,79,,1,2,2,1,0,,6.19048,21,0,0.00613655,8,0,7,,0,0,0,0,0,0,0,0,0,,168,16,,0,0,0,0
1604436563181,8,1010123456030,79,,1,2,2,1,0,,13,9,0,0.00549398,3,0,7.5,,7,3,0,0.1,1,0,0,9.45196,31,,54,8,,0,0,0,1
1604436563431,8,1010123456030,79,,1,2,2,1,0,,4.28571,70,82,0.0133012,26,0,5.6,,2.90909,11,0,0.1,5,0,0,10.6182,31,,446,60,,0,0,0,1.54545
1604436563681,8,1010123456030,79,,1,2,2,1,0,,11.2464,69,0,0.039004,28,0,7,,0,0,0,0,0,0,0,0,0,,662,54,,0,0,0,0
1604436563931,8,1010123456030,79,,1,2,2,1,0,,11.0476,21,0,0.0111165,8,0,6.4,,0,0,0,0,0,0,0,0,0,,124,16,,0,0,0,0
1604436564181,8,1010123456030,79,,1,2,2,1,0,,10.8947,19,0,0.0110843,8,0,6.66667,,0,2,0,0.1,1,0,0,0,31,,80,18,,0,0,0,0
1604436564432,8,1010123456030,79,,1,2,2,1,0,,11.2,10,0,0.005536,4,0,6,,7,5,0,0.1,2,0,0,9.04093,31,,81,8,,0,0,0,1
1604436564681,8,1010123456030,79,,1,2,2,1,0,,11,20,0,0.0111165,8,0,7.5,,0,0,0,0,0,0,0,0,0,,160,16,,0,0,0,0
1604436564932,8,1010123456030,79,,1,2,2,1,0,,12.037,27,0,0.016544,11,0,6,,0,0,0,0,0,0,0,0,0,,153,22,,0,0,0,0
1604436565181,8,1010123456030,79,,1,2,2,1,0,,7.61702,47,0,0.0175422,19,0,6.66667,,2,3,0,0.1,1,0,0,6.7217,31,,523,50,,0,0,0,1
1604436565432,8,1010123456030,79,,1,2,2,1,0,,11.8475,59,134,0.043232,23,0,8.2,,2.125,16,0,0.1,6,0,0,8.1346,31,,201,50,,0,0,0,1.25
1604436565682,8,1010123456030,79,,1,2,2,1,0,,6.48571,35,0,0.012128,16,0,7.5,,0,0,0,0,0,0,0,0,0,,460,28,,0,0,0,0
1604436565931,8,1010123456030,79,,1,2,2,1,0,,13.8421,19,0,0.0161606,8,0,7.83333,,0,0,0,0,0,0,0,0,0,,118,16,,0,0,0,0
1604436566181,8,1010123456030,79,,1,2,2,1,0,,10.2414,29,0,0.0166426,12,0,8.8,,0,0,0,0,0,0,0,0,0,,133,24,,0,0,0,0
1604436566431,8,1010123456030,79,,1,2,2,1,0,,0,0,0,0,0,0,7.2,,3.35714,14,0,0.1,6,66.6667,0,5.07267,31,,0,0,,0,0,0,6.14286
1604436566681,8,1010123456030,79,,1,2,2,1,0,,11.4444,36,158,0.0219116,14,0,8,,0,0,0,0,0,0,0,0,0,,285,28,,0,0,0,0
1604436566931,8,1010123456030,79,,1,2,2,1,0,,11,17,0,0.0110201,7,0,7.66667,,0,0,0,0,0,0,0,0,0,,125,14,,0,0,0,0
1604436567181,8,1010123456030,79,,1,2,2,1,0,,5.93023,43,14,0.0104739,15,0,6.71429,,0,2,0,0.1,1,0,0,0,31,,396,34,,0,0,0,0
1604436567431,8,1010123456030,79,,1,2,2,1,0,,7.66667,33,0,0.0137189,15,0,8.8,,3.52381,21,0,0.1,8,12.5,0,5.37437,31,,397,28,,0,0,0,3.42857
1604436567681,8,1010123456030,79,,1,2,2,1,0,,11.7111,45,9,0.0253815,16,0,8,,0,2,0,0.1,1,0,0,0,31,,186,34,,0,0,0,0
1604436567931,8,1010123456030,79,,1,2,2,1,0,,11.1111,9,0,0.00767871,5,0,7.4,,0,0,0,0,0,0,0,0,0,,31,8,,0,0,0,0
1604436568181,8,1010123456030,79,,1,2,2,1,0,,12.1923,26,0,0.0163213,10,0,7.4,,0,2,0,0.1,1,0,0,0,31,,253,20,,0,0,0,0
1604436568431,8,1010123456030,79,,1,2,2,1,0,,0,0,0,0,0,0,6.5,,0,0,0,0,0,0,0,0,0,,0,0,,0,0,0,0
1604436568681,8,1010123456030,79,,1,2,2,1,0,,9.16667,48,0,0.022747,19,0,7.66667,,0.421053,38,0,0.1,17,58.8235,0,1.89764,31,,336,38,,0,0,0,6.28947
1604436568931,8,1010123456030,79,,1,2,2,1,0,,13.375,8,0,0.00549398,3,0,7.5,,0,0,0,0,0,0,0,0,0,,113,6,,0,0,0,0
1604436569181,8,1010123456030,79,,1,2,2,1,0,,9.4,10,0,0.0055261,4,0,8,,0,0,0,0,0,0,0,0,0,,24,8,,0,0,0,0
1604436569431,8,1010123456030,79,,1,2,2,1,0,,10.6,20,0,0.0110522,8,0,8,,0.48,25,0,0.1,10,0,0,4.49096,31,,49,16,,0,0,0,2.04
1604436569681,8,1010123456030,79,,1,2,2,1,0,,10.3333,9,0,0.0055261,4,0,6.66667,,0,0,0,0,0,0,0,0,0,,55,8,,0,0,0,0
1604436569931,8,1010123456030,79,,1,2,2,1,0,,10.8519,27,0,0.0165462,11,0,7.8,,0,0,0,0,0,0,0,0,0,,84,22,,0,0,0,0
1604436570181,8,1010123456030,79,,1,2,2,1,0,,9.80645,31,0,0.0167068,13,0,7.71429,,0,2,0,0.1,1,0,0,0,31,,131,26,,0,0,0,0
1604436570432,8,1010123456030,79,,1,2,2,1,0,,9.72727,11,0,0.005504,4,0,8,,0,0,0,0,0,0,0,0,0,,58,8,,0,0,0,0
1604436570682,8,1010123456030,79,,1,2,2,1,0,,11.8889,18,0,0.010976,7,0,7.25,,0.4,20,0,0.1,8,0,0,2.74314,31,,198,14,,0,0,0,1.75
1604436570931,8,1010123456030,79,,1,2,2,1,0,,7.21053,57,213,0.019759,23,0,8,,0,0,0,0,0,0,0,0,0,,543,58,,0,0,0,0
1604436571182,8,1010123456030,79,,1,2,2,1,0,,13.25,20,56,0.014432,8,0,7.66667,,0,4,0,0.1,2,50,0,0,31,,154,18,,0,0,0,0
1604436571432,8,1010123456030,79,,1,2,2,1,0,,10.4783,23,0,0.014464,9,0,7.8,,0.1,22,0,0.1,9,0,0,1.91997,31,,117,18,,0,0,0,2.36364
1604436571682,8,1010123456030,79,,1,2,2,1,0,,10.25,20,0,0.01312,10,0,6.66667,,0,0,0,0,0,0,0,0,0,,164,16,,0,0,0,0
1604436571932,8,1010123456030,79,,1,2,2,1,0,,13.2727,22,0,0.016224,9,0,7.4,,0,0,0,0,0,0,0,0,0,,224,18,,0,0,0,0
1604436572182,8,1010123456030,79,,1,2,2,1,0,,8.22222,27,107,0.011488,11,0,7.4,,0.1,3,0,0.1,1,0,0,11.0084,31,,243,24,,0,0,0,1
1604436572431,8,1010123456030,79,,1,2,2,1,0,,9.85714,42,0,0.0221044,16,0,8,,0,8,0,0,4,100,0,0,0,,147,30,,0,0,0,0
1604436572681,8,1010123456030,79,,1,2,2,1,0,,9.4,10,0,0.0055261,4,0,7.8,,0.1,8,0,0.1,3,0,0,4.38106,31,,33,8,,0,0,0,1
1604436572931,8,1010123456030,79,,1,2,2,1,0,,16.6,5,0,0.00539759,2,0,7.8,,0,0,0,0,0,0,0,0,0,,14,4,,0,0,0,0
1604436573181,8,1010123456030,79,,1,2,2,1,0,,10.3333,9,0,0.0055261,4,0,7.28571,,2,3,0,0.1,1,0,0,3.5182,31,,35,8,,0,0,0,2
1604436573431,8,1010123456030,79,,1,2,2,1,0,,9.26087,23,0,0.0112771,9,0,7.66667,,0.705882,34,0,0.1,14,21.4286,0,2.0781,31,,169,18,,0,0,0,4.17647
1604436573681,8,1010123456030,79,,1,2,2,1,0,,13.72,25,0,0.0216867,11,0,9,,0,0,0,0,0,0,0,0,0,,240,22,,0,0,0,0
1604436573931,8,1010123456030,79,,1,2,2,1,0,,13.5,28,0,0.0216225,11,0,9.8,,0,0,0,0,0,0,0,0,0,,127,22,,0,0,0,0
1604436574181,8,1010123456030,79,,1,2,2,1,0,,12.6667,9,0,0.00546185,3,0,9,,0,4,0,0.1,2,50,0,0,31,,40,6,,0,0,0,0
1604436574431,8,1010123456030,79,,1,2,2,1,0,,12.5517,29,0,0.0218474,12,0,9,,0.1,26,0,0.1,10,10,0,1.91013,31,,115,24,,0,0,0,3.03846
1604436574681,8,1010123456030,79,,1,2,2,1,0,,14.64,25,0,0.0214618,10,0,7.66667,,0,0,0,0,0,0,0,0,0,,203,20,,0,0,0,0
1604436574950,7,1010123456030,79,,1,2,2,1,0,,8,35,0,0,0,0,9.8,,0,0,0,0,0,0,0,0,0,,0,0,,0,0,0,0
1604436575181,7,1010123456030,79,,1,2,2,1,0,,12.8,20,0,0.017697,9,0,6.5,,0,2,0,0.1,1,0,0,0,31,,77,18,,0,0,0,0
1604436575431,7,1010123456030,79,,1,2,2,1,0,,11.1923,26,0,0.0165141,10,0,7.6,,3.75,12,0,0.1,4,0,0,8.82609,31,,86,24,,0,0,0,1
1604436575681,7,1010123456030,79,,1,2,2,1,0,,14.9286,14,0,0.0108273,5,0,7.16667,,0,0,0,0,0,0,0,0,0,,0,46,,0,0,0,0
1604436575931,7,1010123456030,79,,1,2,2,1,0,,13,15,0,0.010988,6,0,7.33333,,0,0,0,0,0,0,0,0,0,,53,12,,0,0,0,0
1604436576181,7,1010123456030,79,,1,2,2,1,0,,13,15,0,0.00803213,4,0,8.6,,0,2,0,0.1,1,0,0,0,31,,44,12,,0,0,0,0
1604436576432,7,1010123456030,79,,1,2,2,1,0,,13.4348,23,0,0.01936,11,0,9.16667,,1.31707,41,0,0.1,16,31.25,0,3.48638,31,,79,20,,0,0,0,4.87805
1604436576681,7,1010123456030,79,,1,2,2,1,0,,11.6061,33,0,0.0221687,14,0,7.6,,0.1,3,0,0.1,1,0,0,1.68001,31,,121,36,,0,0,0,3
1604436576931,7,1010123456030,79,,1,2,2,1,0,,8,22,158,0.0114699,10,0,8.16667,,0,0,0,0,0,0,0,0,0,,381,36,,0,0,0,0
1604436577181,7,1010123456030,79,,1,2,2,1,0,,14.3846,26,0,0.0164177,9,0,8.66667,,0.1,3,0,0.1,1,0,0,3.50581,31,,104,22,,0,0,0,1
1604436577431,7,1010123456030,79,,1,2,2,1,0,,14.6316,19,0,0.021494,10,0,9.66667,,0.1,28,0,0.1,12,8.33333,0,1.61558,31,,82,16,,0,0,0,3.39286
1604436577681,7,1010123456030,79,,1,2,2,1,0,,13.7143,21,0,0.0164819,9,0,9,,0,0,0,0,0,0,0,0,0,,70,18,,0,0,0,0
1604436577931,7,1010123456030,79,,1,2,2,1,0,,10.6667,9,0,0.00562249,4,0,8.5,,0,0,0,0,0,0,0,0,0,,90,58,,0,0,0,0
1604436578182,7,1010123456030,79,,1,2,2,1,0,,12,7,0,0.00544,3,0,11,,0.1,3,0,0.1,1,0,0,3.77691,31,,16,6,,0,0,0,1
1604436578432,7,1010123456030,79,,1,2,2,1,0,,0,0,0,0,0,0,7.16667,,0,0,0,0,0,0,0,0,0,,0,0,,0,0,0,0
1604436578682,7,1010123456030,79,,1,2,2,1,0,,5.23404,94,0,0.0248,37,0,6.6,,2.24,25,0,0.1,10,40,0,5.24287,31,,374,82,,0,0,0,5.48
1604436578931,7,1010123456030,79,,1,2,2,1,0,,0,0,0,0,0,0,7.66667,,0,0,0,0,0,0,0,0,0,,0,0,,0,0,0,0
1604436579181,7,1010123456030,79,,1,2,2,1,0,,4.57471,87,0,0.0159357,32,0,6.5,,0,2,0,0.1,1,0,0,0,31,,571,100,,0,0,0,0
1604436579431,7,1010123456030,79,,1,2,2,1,0,,4.44681,47,103,0.0123695,18,0,7.6,,2,12,0,0,4,100,0,0.881699,0,,417,54,,0,0,0,10
1604436579681,7,1010123456030,79,,1,2,2,1,0,,5.45161,31,0,0.00758233,12,0,8.33333,,0.1,30,0,0.1,11,45.4545,0,2.05253,31,,195,50,,0,0,0,5.76667
1604436579931,7,1010123456030,79,,1,2,2,1,0,,14.4828,29,0,0.0247711,13,0,8.2,,0,0,0,0,0,0,0,0,0,,97,34,,0,0,0,0
1604436580181,7,1010123456030,79,,1,2,2,1,0,,15.2727,11,165,0.00549398,3,0,9.83333,,0,2,0,0.1,1,0,0,0,31,,57,10,,0,0,0,0
1604436580431,7,1010123456030,79,,1,2,2,1,0,,15.7,30,0,0.0320321,14,0,10.8333,,0.122449,49,199,0.1,20,80,0,1.1818,31,,213,24,,0,0,0,8.4898
1604436580681,7,1010123456030,79,,1,2,2,1,0,,7.06122,49,4,0.0161606,16,0,7.6,,0.1,52,0,0.1,21,76.1905,0,1.59401,31,,292,100,,0,0,0,8.21154
1604436580931,7,1010123456030,79,,1,2,2,1,0,,11.5833,12,0,0.00954217,7,0,10.1667,,0,0,0,0,0,0,0,0,0,,55,16,,0,0,0,0
1604436581181,7,1010123456030,79,,1,2,2,1,0,,17,5,0,0.00828916,4,0,7.6,,0,0,0,0,0,0,0,0,0,,14,4,,0,0,0,0
1604436581431,7,1010123456030,79,,1,2,2,1,0,,12.6471,17,0,0.0162249,8,0,9.8,,1.43243,37,0,0.1,16,62.5,0,2.02611,31,,57,16,,0,0,0,6.54054
1604436581681,7,1010123456030,79,,1,2,2,1,0,,12.6667,27,0,0.0218474,12,0,9,,0,0,0,0,0,0,0,0,0,,98,24,,0,0,0,0
1604436581931,7,1010123456030,79,,1,2,2,1,0,,0,0,0,0,0,0,10,,0,0,0,0,0,0,0,0,0,,0,0,,0,0,0,0
1604436582181,7,1010123456030,79,,1,2,2,1,0,,0,0,471,0,0,0,6.75,,0.1,3,0,0.1,1,0,0,0.598123,31,,36,36,,0,0,0,3
1604436582431,7,1010123456030,79,,1,2,2,1,0,,14.3455,55,0,0.0485462,23,0,9,,0.1,41,0,0.1,16,18.75,0,1.57574,31,,397,48,,0,0,0,3.60976
1604436582681,7,1010123456030,79,,1,2,2,1,0,,0,6,0,0.00546185,3,0,9.16667,,0,0,0,0,0,0,0,0,0,,12,6,,0,0,0,0
1604436582931,7,1010123456030,79,,1,2,2,1,0,,12.375,8,0,0.00546185,3,0,8,,0,0,0,0,0,0,0,0,0,,32,6,,0,0,0,0
1604436583181,7,1010123456030,79,,1,2,2,1,0,,13.7143,7,0,0.00546185,3,0,7.6,,0,0,0,0,0,0,0,0,0,,50,6,,0,0,0,0
1604436583432,7,1010123456030,79,,1,2,2,1,0,,14.8333,24,0,0.017408,8,0,9,,0.1,30,0,0.1,12,8.33333,0,1.9435,31,,262,22,,0,0,0,3.1
1604436583681,7,1010123456030,79,,1,2,2,1,0,,13,14,0,0.0151004,8,0,8,,0.1,3,0,0.1,1,0,0,0.751143,31,,66,12,,0,0,0,7
1604436583931,7,1010123456030,79,,1,2,2,1,0,,12.5,28,0,0.0186024,10,0,9,,0,0,0,0,0,0,0,0,0,,90,24,,0,0,0,0
1604436584181,7,1010123456030,79,,1,2,2,1,0,,12.6667,9,0,0.00870683,5,0,7.2,,0,2,0,0.1,1,0,0,0,31,,25,6,,0,0,0,0
1604436584431,7,1010123456030,79,,1,2,2,1,0,,13.4667,15,0,0.0109237,6,0,7.25,,0,0,0,0,0,0,0,0,0,,69,12,,0,0,0,0
1604436584682,7,1010123456030,79,,1,2,2,1,0,,13.5,34,93,0.02704,14,0,9,,0.210526,57,0,0.1,23,60.8696,0,1.9331,31,,249,30,,0,0,0,6.29825
1604436584932,7,1010123456030,79,,1,2,2,1,0,,12.3077,26,0,0.02176,12,0,7.33333,,0.1,6,0,0,2,100,0,1.23063,0,,77,22,,0,0,0,10
1604436585182,7,1010123456030,79,,1,2,2,1,0,,7.13333,45,0,0.017472,18,0,6,,0.1,3,0,0.1,1,0,0,8.09016,31,,241,46,,0,0,0,1
1604436585431,7,1010123456030,79,,1,2,2,1,0,,12.6667,9,158,0.00546185,3,0,5.5,,0.923077,26,0,0.1,10,20,0,2.53524,31,,43,6,,0,0,0,3.38462
1604436585681,7,1010123456030,79,,1,2,2,1,0,,13.2692,26,0,0.0216867,11,0,9.8,,0,0,0,0,0,0,0,0,0,,59,46,,0,0,0,0
1604436585931,7,1010123456030,79,,1,2,2,1,0,,2.5679,81,71,0.0157751,27,0,3,,0,0,0,0,0,0,0,0,0,,-12,152,,0,0,0,0
1604436586181,7,1010123456030,79,,1,2,2,1,0,,6.05882,34,93,0.0101847,18,0,5.6,,0,0,0,0,0,0,0,0,0,,88,24,,0,0,0,0
1604436586431,7,1010123456030,79,,1,2,2,1,0,,5.93617,47,0,0.0178956,21,0,4.5,,1.02857,35,0,0.1,15,33.3333,0,3.0896,31,,612,124,,0,0,0,4.54286
1604436586681,7,1010123456030,79,,1,2,2,1,0,,17.6,5,0,0.0053012,2,0,10.3333,,0,4,0,0.1,2,50,0,0,0,,10,4,,0,0,0,0
1604436586931,7,1010123456030,79,,1,2,2,1,0,,16.4615,26,0,0.0268273,11,0,9.5,,0,0,0,0,0,0,0,0,0,,104,22,,0,0,0,0
1604436587181,7,1010123456030,79,,1,2,2,1,0,,14.6,25,0,0.0215904,10,0,9.75,,0.1,3,0,0.1,1,0,0,5.94255,31,,115,20,,0,0,0,1
1604436587431,7,1010123456030,79,,1,2,2,1,0,,15.0833,24,0,0.0213655,9,0,11,,0,0,0,0,0,0,0,0,0,,87,18,,0,0,0,0
1604436587681,7,1010123456030,79,,1,2,2,1,0,,17.5455,11,8,0.00533333,2,0,9.5,,0,0,0,0,0,0,0,0,0,,35,8,,0,0,0,0
1604436587931,7,1010123456030,79,,1,2,2,1,0,,3.94444,108,158,0.0242892,42,0,6.33333,,0,8,0,0.1,4,25,0,0,31,,6,210,,0,0,0,0
1604436588181,7,1010123456030,79,,1,2,2,1,0,,3.90826,109,0,0.0226185,48,0,6.5,,4,5,0,0.1,2,0,0,4.82169,31,,491,124,,0,0,0,3.4
1604436588431,7,1010123456030,79,,1,2,2,1,0,,0,4,0,0.00536546,2,0,10.25,,0,0,0,0,0,0,0,0,0,,-17,44,,0,0,0,0
1604436588681,7,1010123456030,79,,1,2,2,1,0,,4.27273,33,158,0.00668273,13,0,7.4,,0.75,48,0,0.1,20,60,0,2.92287,31,,251,76,,0,0,0,6.5
1604436588931,7,1010123456030,79,,1,2,2,1,0,,4.13,100,0,0.0204016,41,0,3.5,,0,0,0,0,0,0,0,0,0,,207,304,,0,0,0,0
1604436589181,7,1010123456030,79,,1,2,2,1,0,,5.38636,44,0,0.0124337,18,0,5.66667,,0,0,0,0,0,0,0,0,0,,288,56,,0,0,0,0
1604436589431,7,1010123456030,79,,1,2,2,1,0,,5.06897,58,0,0.0181526,23,0,9,,0,8,0,0,4,100,0,0,0,,364,84,,0,0,0,0
1604436589682,7,1010123456030,79,,1,2,2,1,0,,6.51852,27,0,0.011552,12,0,7,,0,0,0,0,0,0,0,0,0,,241,24,,0,0,0,0
1604436589931,7,1010123456030,79,,1,2,2,1,0,,8.38095,42,158,0.0225221,17,0,7.83333,,0,0,0,0,0,0,0,0,0,,-39,100,,0,0,0,0
1604436590182,7,1010123456030,79,,1,2,2,1,0,,7.44681,47,92,0.019168,17,0,8.57143,,0,2,0,0.1,1,0,0,0,31,,252,70,,0,0,0,0
1604436590431,7,1010123456030,79,,1,2,2,1,0,,4.33333,18,0,0.00427309,8,0,10.3333,,0.1,54,0,0.1,22,36.3636,0,2.6194,31,,222,66,,0,0,0,4.59259
1604436590682,7,1010123456030,79,,1,2,2,1,0,,13.6,10,93,0.00544,3,0,8.75,,0,0,0,0,0,0,0,0,0,,58,8,,0,0,0,0
1604436590931,7,1010123456030,79,,1,2,2,1,0,,12.7895,19,0,0.0164516,9,0,9,,0,0,0,0,0,0,0,0,0,,76,16,,0,0,0,0
1604436591182,7,1010123456030,79,,1,2,2,1,0,,19.4118,17,30,0.015744,5,0,13,,0,0,0,0,0,0,0,0,0,,42,12,,0,0,0,0
1604436591432,7,1010123456030,79,,1,2,2,1,0,,10.8286,35,0,0.027232,15,0,7.8,,0.1,46,0,0.1,20,45,0,1.69167,31,,34,28,,0,0,0,6
1604436591682,7,1010123456030,79,,1,2,2,1,0,,7.51724,58,0,0.023072,23,0,7.33333,,0,0,0,0,0,0,0,0,0,,-81,200,,0,0,0,0
1604436591931,7,1010123456030,79,,1,2,2,1,0,,14.4,5,158,0.0053012,2,0,9.6,,0,0,0,0,0,0,0,0,0,,14,4,,0,0,0,0
1604436592181,7,1010123456030,79,,1,2,2,1,0,,13.8571,21,0,0.0161606,8,0,9,,4,12,0,0,4,100,0,1.20068,0,,81,16,,0,0,0,10
1604436592431,7,1010123456030,79,,1,2,2,1,0,,14.1,10,93,0.00546185,3,0,11,,0.1,23,0,0.1,10,20,0,2.76406,31,,64,8,,0,0,0,2.65217
1604436592681,7,1010123456030,79,,1,2,2,1,0,,13.2,5,0,0.00546185,3,0,9,,0,0,0,0,0,0,0,0,0,,13,4,,0,0,0,0
1604436592931,7,1010123456030,79,,1,2,2,1,0,,13.1,20,0,0.0162249,8,0,8.75,,0,0,0,0,0,0,0,0,0,,46,16,,0,0,0,0
1604436593181,7,1010123456030,79,,1,2,2,1,0,,12.6053,38,0,0.0273092,15,0,7.83333,,0,0,0,0,0,0,0,0,0,,146,30,,0,0,0,0
1604436593431,7,1010123456030,79,,1,2,2,1,0,,0,0,0,0,0,0,4.6,,0.1,37,0,0.1,15,53.3333,0,2.50867,31,,0,0,,0,0,0,6.24324
1604436593681,7,1010123456030,79,,1,2,2,1,0,,9,23,0,0.0112129,9,0,8,,0,0,0,0,0,0,0,0,0,,167,18,,0,0,0,0
1604436593931,7,1010123456030,79,,1,2,2,1,0,,12.375,16,0,0.0109237,6,0,7.75,,0,0,0,0,0,0,0,0,0,,39,12,,0,0,0,0
1604436594181,7,1010123456030,79,,1,2,2,1,0,,0,0,0,0,0,0,7.33333,,0,0,0,0,0,0,0,0,0,,0,0,,0,0,0,0
1604436594431,7,1010123456030,79,,1,2,2,1,0,,12.6786,28,0,0.0218474,12,0,6.33333,,0.1,29,0,0.1,13,23.0769,0,2.838,31,,141,30,,0,0,0,3.41379
1604436594681,7,1010123456030,79,,1,2,2,1,0,,4.66667,21,143,0.00613655,6,0,6.8,,0,0,0,0,0,0,0,0,0,,-63,84,,0,0,0,0
1604436594931,7,1010123456030,79,,1,2,2,1,0,,6.93878,49,250,0.0175422,21,0,8,,0,0,0,0,0,0,0,0,0,,400,60,,0,0,0,0
1604436595181,7,1010123456030,79,,1,2,2,1,0,,13.5769,26,0,0.0162892,8,0,7.5,,0,2,0,0.1,1,0,0,0,31,,80,20,,0,0,0,0
1604436595431,7,1010123456030,79,,1,2,2,1,0,,12.6786,28,93,0.0262811,14,0,9,,2.8125,16,0,0.1,7,42.8571,0,3.18742,31,,151,28,,0,0,0,4.375
1604436595681,7,1010123456030,79,,1,2,2,1,0,,13.3333,42,0,0.0335743,18,0,9,,0,0,0,0,0,0,0,0,0,,115,32,,0,0,0,0
1604436595931,7,1010123456030,79,,1,2,2,1,0,,12.6667,21,0,0.0163855,9,0,9,,0,0,0,0,0,0,0,0,0,,74,20,,0,0,0,0
1604436596181,7,1010123456030,79,,1,2,2,1,0,,13,7,0,0.00546185,3,0,9.71429,,0.1,3,0,0.1,1,0,0,3.77426,31,,12,6,,0,0,0,1
1604436596432,7,1010123456030,79,,1,2,2,1,0,,14.0526,19,0,0.01616,8,0,9,,0.1,43,0,0.1,16,12.5,0,1.65593,31,,227,18,,0,0,0,3.39535
1604436596681,7,1010123456030,79,,1,2,2,1,0,,13,16,0,0.0109237,6,0,8.2,,0,0,0,0,0,0,0,0,0,,120,12,,0,0,0,0
1604436596932,7,1010123456030,79,,1,2,2,1,0,,0,0,0,0,0,0,8.6,,0,0,0,0,0,0,0,0,0,,0,0,,0,0,0,0
1604436597181,7,1010123456030,79,,1,2,2,1,0,,12.8125,16,0,0.0109237,6,0,9,,0.1,3,0,0.1,1,0,0,1.8096,31,,57,12,,0,0,0,1
1604436597432,7,1010123456030,79,,1,2,2,1,0,,12.0769,13,0,0.010912,6,0,9.2,,0.1,25,0,0.1,10,0,0,2.3449,31,,27,12,,0,0,0,1.96
1604436597681,7,1010123456030,79,,1,2,2,1,0,,12.8462,13,0,0.0109237,6,0,8,,0,0,0,0,0,0,0,0,0,,57,12,,0,0,0,0
1604436597932,7,1010123456030,79,,1,2,2,1,0,,12.5,14,0,0.01088,6,0,8.16667,,0,0,0,0,0,0,0,0,0,,87,12,,0,0,0,0
1604436598182,7,1010123456030,79,,1,2,2,1,0,,14.7667,30,158,0.026784,12,0,7.57143,,0,2,0,0.1,1,0,0,0,31,,181,24,,0,0,0,0
1604436598431,7,1010123456030,79,,1,2,2,1,0,,12.8387,31,0,0.0218474,12,0,9,,0.16,25,0,0.1,11,18.1818,0,2.43417,31,,48,72,,0,0,0,3.84
1604436598681,7,1010123456030,79,,1,2,2,1,0,,12.4,15,0,0.0109237,6,0,8,,0,0,0,0,0,0,0,0,0,,70,12,,0,0,0,0
1604436598931,7,1010123456030,79,,1,2,2,1,0,,13.5385,26,0,0.021751,11,0,8,,0,0,0,0,0,0,0,0,0,,177,22,,0,0,0,0
1604436599181,7,1010123456030,79,,1,2,2,1,0,,11.1667,18,0,0.0110201,7,0,8.83333,,0.1,10,0,0,4,100,0,0.530419,0,,51,14,,0,0,0,10
1604436599431,7,1010123456030,79,,1,2,2,1,0,,12.65,20,0,0.0109237,6,0,9,,0.1,20,0,0.1,8,0,0,3.11001,31,,120,20,,0,0,0,1.95
1604436599681,7,1010123456030,79,,1,2,4,1,0,,0,0,0,0.00546185,3,0,8.4,,0,0,0,0,0,0,0,0,0,,0,0,,0,0,0,0
1604436599931,7,1010123456030,79,,1,2,4,1,0,,9.5,12,0,0.0109558,5,0,7.25,,0,0,0,0,0,0,0,0,0,,58,18,,0,0,0,0
1604436600181,7,1010123456030,79,,1,2,4,1,0,,11.8,5,0,0.00542972,2,0,8.25,,4,3,0,0.1,1,0,0,3.83594,31,,14,6,,0,0,0,3
1604436600431,7,1010123456030,79,,1,2,4,1,0,,9.3913,23,0,0.0216867,9,0,7.5,,0.5,36,0,0.1,14,21.4286,0,2.93474,31,,186,44,,0,0,0,3.61111
1604436600681,7,1010123456030,79,,1,2,4,1,0,,12.125,16,0,0.0214297,7,0,7.2,,0,0,0,0,0,0,0,0,0,,47,22,,0,0,0,0
1604436600931,7,1010123456030,79,,1,2,4,1,0,,11.5385,26,0,0.0270201,10,0,8,,0,0,0,0,0,0,0,0,0,,50,30,,0,0,0,0
1604436601181,7,1010123456030,79,,1,2,4,1,0,,12,13,0,0.0160321,5,0,9,,0,0,0,0,0,0,0,0,0,,68,16,,0,0,0,0
1604436601431,7,1010123456030,79,,1,2,4,1,0,,0.796875,64,0,0.0135582,25,0,6.2,,1.63636,22,0,0.1,9,33.3333,0,3.55276,31,,61,172,,0,0,0,4.72727
1604436601681,7,1010123456030,79,,1,2,4,1,0,,12.2581,31,0,0.0268916,10,0,9,,0,0,0,0,0,0,0,0,0,,107,34,,0,0,0,0
1604436601931,7,1010123456030,79,,1,2,4,1,0,,11.4,20,0,0.0269558,10,0,7.83333,,0,0,0,0,0,0,0,0,0,,59,24,,0,0,0,0
1604436602181,7,1010123456030,79,,1,2,4,1,0,,0,0,0,0,0,0,9,,12,6,0,0.1,2,50,0,6.21031,31,,0,0,,0,0,0,7
1604436602432,7,1010123456030,79,,1,2,4,1,0,,0,0,0,0,0,0,9,,0,0,0,0,0,0,0,0,0,,0,0,,0,0,0,0
1604436602682,7,1010123456030,79,,1,2,4,1,0,,10.6364,11,0,0.010816,4,0,9.66667,,0,0,0,0,0,0,0,0,0,,21,12,,0,0,0,0
1604436602931,7,1010123456030,79,,1,2,4,1,0,,0,2,0,0.00517269,1,0,8.83333,,0,0,0,0,0,0,0,0,0,,3,4,,0,0,0,0
1604436603181,7,1010123456030,79,,1,2,4,1,0,,11.8182,11,0,0.0107631,4,0,8.28571,,0.711111,45,0,0.1,19,84.2105,0,1.33805,31,,19,12,,0,0,0,8.44444
1604436603432,7,1010123456030,79,,1,2,4,1,0,,0,10,0,0.015872,5,0,9.4,,0.1,12,0,0,4,100,0,0.994746,0,,68,18,,0,0,0,10
1604436603682,7,1010123456030,79,,1,2,4,1,0,,13.1,10,0,0.010688,4,0,8.4,,0.333333,12,953,0.1,5,40,0,3.77625,31,,65,12,,0,0,0,4.75
1604436603932,7,1010123456030,79,,1,2,4,1,0,,8,29,0,0.021536,11,0,8.5,,1.34884,43,0,0.1,16,62.5,0,2.84352,0,,196,46,,0,0,0,6.5814
1604436604181,7,1010123456030,79,,1,2,4,1,0,,18,3,0,0.00517269,1,0,8.8,,2,3,0,0.1,1,0,0,3.54247,31,,15,4,,0,0,0,2
1604436604432,7,1010123456030,79,,1,2,4,1,0,,10.9167,12,0,0.010784,5,0,8.33333,,0.4,30,0,0.1,12,50,0,2.28204,31,,51,14,,0,0,0,6.06667
1604436604682,7,1010123456030,79,,1,2,4,1,0,,15.4,10,0,0.015616,4,0,8.83333,,0,0,0,0,0,0,0,0,0,,137,14,,0,0,0,0
1604436604931,7,1010123456030,79,,1,2,4,1,0,,18,3,0,0.00517269,1,0,10.2,,0,0,0,0,0,0,0,0,0,,3,4,,0,0,0,0
1604436605181,7,1010123456030,79,,1,2,4,1,0,,10.5,12,0,0.0106988,4,0,9.42857,,0.1,9,0,0.1,3,66.6667,0,3.23141,31,,37,14,,0,0,0,7
1604436605431,7,1010123456030,79,,1,2,4,1,0,,11.8,5,0,0.00542972,2,0,9.16667,,0,8,0,0,4,100,0,0,0,,5,6,,0,0,0,0
1604436605681,7,1010123456030,79,,1,2,4,1,0,,0,2,0,0.00517269,1,0,10.3333,,0.1,25,0,0.1,10,60,0,0.963124,31,,9,4,,0,0,0,7.04
1604436605931,7,1010123456030,79,,1,2,4,1,0,,18,3,0,0.00517269,1,0,10.2,,0,0,0,0,0,0,0,0,0,,4,4,,0,0,0,0
1604436606181,7,1010123456030,79,,1,2,4,1,0,,15.5,12,0,0.0209157,5,0,9.8,,0,6,0,0.1,3,66.6667,0,0,31,,59,18,,0,0,0,0
1604436606431,7,1010123456030,79,,1,2,4,1,0,,18,3,0,0.00517269,1,0,9,,0,0,0,0,0,0,0,0,0,,12,4,,0,0,0,0
1604436606681,7,1010123456030,79,,1,2,4,1,0,,14,10,22,0.0106024,3,0,9,,0,0,0,0,0,0,0,0,0,,54,16,,0,0,0,0
1604436606942,6,1010123456030,79,,1,2,4,1,0,,15.25,8,0,0.0151077,4,0,10.2,,0,0,0,0,0,0,0,0,0,,16,8,,0,0,0,0
1604436607181,6,1010123456030,79,,1,2,4,1,0,,10.2,5,0,0.0056569,2,0,9.5,,0.1,3,0,0.1,1,0,0,8.6957,31,,5,6,,0,0,0,1
1604436607431,6,1010123456030,79,,1,2,4,1,0,,14.1429,21,0,0.0315502,8,0,9.33333,,0,0,0,0,0,0,0,0,0,,79,30,,0,0,0,0
1604436607681,6,1010123456030,79,,1,2,4,1,0,,14.1818,11,0,0.0157751,4,0,8.6,,0,0,0,0,0,0,0,0,0,,42,14,,0,0,0,0
1604436607931,6,1010123456030,79,,1,2,4,1,0,,4.91667,36,0,0.0222008,14,0,7,,0.333333,36,0,0.1,14,0,0,4.49541,31,,41,104,,0,0,0,1
1604436608181,6,1010123456030,79,,1,2,4,1,0,,13.6786,28,0,0.0276948,8,0,8.5,,0.1,3,0,0.1,1,0,0,4.05475,31,,132,36,,0,0,0,1
1604436608431,6,1010123456030,79,,1,2,4,1,0,,5.25,20,0,0.0203052,10,0,7.66667,,0.1,24,0,0.1,9,0,0,4.38101,31,,84,32,,0,0,0,1
1604436608681,6,1010123456030,79,,1,2,4,1,0,,18,10,0,0.0155181,3,0,9.16667,,0,0,0,0,0,0,0,0,0,,40,16,,0,0,0,0
1604436608931,6,1010123456030,79,,1,2,4,1,0,,12.6154,13,0,0.0212048,6,0,7.66667,,0,0,0,0,0,0,0,0,0,,51,16,,0,0,0,0
1604436609181,6,1010123456030,79,,1,2,4,1,0,,13.2857,7,0,0.010506,3,0,9,,0,2,0,0.1,1,0,0,0,31,,17,10,,0,0,0,0
1604436609431,6,1010123456030,79,,1,2,4,1,0,,0,0,0,0,0,0,9.2,,0,0,0,0,0,0,0,0,0,,0,0,,0,0,0,0
1604436609681,6,1010123456030,79,,1,2,4,1,0,,0,4,0,0.00542972,2,0,9,,1.27273,11,0,0.1,5,20,0,4.6944,31,,15,6,,0,0,0,2.63636
1604436609931,7,1010123456030,79,,1,2,4,1,0,,18,7,0,0.0155181,3,0,10.25,,0,6,0,0.1,3,33.3333,0,0,0,,36,12,,0,0,0,0
1604436610181,7,1010123456030,79,,1,2,4,1,0,,10.2,5,0,0.00542972,2,0,8.5,,0.1,3,0,0.1,1,0,0,5.95396,31,,14,6,,0,0,0,1
1604436610432,7,1010123456030,79,,1,2,4,1,0,,10.8621,29,0,0.031872,12,0,8.6,,0.833333,24,0,0.1,10,0,0,5.68513,31,,240,42,,0,0,0,1
1604436610682,7,1010123456030,79,,1,2,4,1,0,,10.1739,23,0,0.021248,9,0,8,,0,0,0,0,0,0,0,0,0,,93,30,,0,0,0,0
1604436610932,7,1010123456030,79,,1,2,4,1,0,,10.2,15,0,0.020992,7,0,8.2,,0,0,0,0,0,0,0,0,0,,174,28,,0,0,0,0
1604436611182,7,1010123456030,79,,1,2,4,1,0,,6.76471,17,0,0.01104,7,0,5.4,,0,2,0,0.1,1,0,0,0,31,,67,22,,0,0,0,0
1604436611431,7,1010123456030,79,,1,2,4,1,0,,12,9,0,0.0107952,4,0,8.2,,0.888889,27,0,0.1,11,0,0,5.42531,31,,27,14,,0,0,0,1.07407
1604436611681,7,1010123456030,79,,1,2,4,1,0,,18,8,0,0.0155181,3,0,9.8,,0,0,0,0,0,0,0,0,0,,40,12,,0,0,0,0
1604436611931,7,1010123456030,79,,1,2,4,1,0,,0,0,0,0,0,0,8,,0,0,0,0,0,0,0,0,0,,0,0,,0,0,0,0
1604436612181,7,1010123456030,79,,1,2,4,1,0,,0,4,0,0.0103454,2,0,9.66667,,0,2,0,0.1,1,0,0,0,31,,24,8,,0,0,0,0
1604436612431,7,1010123456030,79,,1,2,4,1,0,,18,3,0,0.00517269,1,0,9.4,,0.866667,15,0,0.1,6,0,0,3.48926,31,,6,4,,0,0,0,1.4
1604436612681,7,1010123456030,79,,1,2,4,1,0,,18,5,0,0.0103454,2,0,8.33333,,0,0,0,0,0,0,0,0,0,,8,8,,0,0,0,0
1604436612931,7,1010123456030,79,,1,2,4,1,0,,18,8,0,0.0155181,3,0,9.8,,0,0,0,0,0,0,0,0,0,,44,12,,0,0,0,0
1604436613181,7,1010123456030,79,,1,2,4,1,0,,0,0,0,0,0,0,9.71429,,0,2,0,0.1,1,0,0,0,31,,0,0,,0,0,0,0
1604436613431,7,1010123456030,79,,1,2,4,1,0,,18,7,0,0.0155181,3,0,10.25,,0.193548,31,0,0.1,11,9.09091,0,3.60178,31,,27,12,,0,0,0,1.96774
1604436613681,7,1010123456030,79,,1,2,4,1,0,,18,3,0,0.00517269,1,0,8.75,,0,0,0,0,0,0,0,0,0,,4,4,,0,0,0,0
1604436613931,7,1010123456030,79,,1,2,4,1,0,,9.21053,19,0,0.0135904,5,0,7.5,,0,0,0,0,0,0,0,0,0,,102,26,,0,0,0,0
1604436614181,7,1010123456030,79,,1,2,4,1,0,,9.15151,33,0,0.0348916,15,0,8,,0,2,0,0.1,1,0,0,0,31,,136,52,,0,0,0,0
1604436614431,7,1010123456030,79,,1,2,4,1,0,,0,0,0,0,0,0,9,,1.13333,15,0,0.1,6,0,0,6.9131,31,,0,0,,0,0,0,1.33333
1604436614681,7,1010123456030,79,,1,2,4,1,0,,18,9,0,0.0103454,2,0,9.2,,0,0,0,0,0,0,0,0,0,,40,12,,0,0,0,0
1604436614931,7,1010123456030,79,,1,2,4,1,0,,18,3,0,0.0103454,2,0,10,,0,0,0,0,0,0,0,0,0,,12,4,,0,0,0,0
1604436615181,7,1010123456030,79,,1,2,4,1,0,,9.52941,17,0,0.0162249,7,0,8.75,,0,0,0,0,0,0,0,0,0,,98,26,,0,0,0,0
1604436615431,7,1010123456030,79,,1,2,4,1,0,,6.70588,17,0,0.0111807,7,0,7,,3.9,10,0,0.1,4,0,0,7.41783,31,,119,24,,0,0,0,1.3
1604436615681,7,1010123456030,79,,1,2,4,1,0,,10.75,12,0,0.0106667,4,0,9.4,,0,0,0,0,0,0,0,0,0,,86,14,,0,0,0,0
1604436615931,7,1010123456030,79,,1,2,4,1,0,,0,4,0,0.00539759,2,0,7.25,,0,0,0,0,0,0,0,0,0,,44,6,,0,0,0,0
1604436616181,7,1010123456030,79,,1,2,4,1,0,,7.53846,13,0,0.0109558,5,0,7.5,,2,3,0,0.1,1,0,0,9.10367,31,,101,18,,0,0,0,1
1604436616432,7,1010123456030,79,,1,2,4,1,0,,0,0,0,0,0,0,7,,0,0,0,0,0,0,0,0,0,,0,0,,0,0,0,0
1604436616681,7,1010123456030,79,,1,2,4,1,0,,6.30952,42,0,0.0220723,13,0,6.8,,3.5,10,0,0.1,4,0,0,7.73118,31,,360,70,,0,0,0,1.3
1604436616931,7,1010123456030,79,,1,2,4,1,0,,5.81818,11,0,0.0111807,7,0,10,,0,0,0,0,0,0,0,0,0,,32,12,,0,0,0,0
1604436617181,7,1010123456030,79,,1,2,4,1,0,,7.14286,7,0,0.00562249,3,0,7.33333,,0,0,0,0,0,0,0,0,0,,87,12,,0,0,0,0
1604436617432,7,1010123456030,79,,1,2,4,1,0,,7,25,0,0.013568,7,0,8.4,,4.75,8,0,0.1,3,0,0,8.58087,31,,217,36,,0,0,0,1
1604436617682,7,1010123456030,79,,1,2,4,1,0,,6.47368,19,0,0.014048,9,0,7.2,,0,0,0,0,0,0,0,0,0,,99,26,,0,0,0,0
1604436617931,7,1010123456030,79,,1,2,4,1,0,,8.10714,28,12,0.0166747,9,0,6,,0,0,0,0,0,0,0,0,0,,170,42,,0,0,0,0
1604436618181,7,1010123456030,79,,1,2,4,1,0,,9.76471,17,0,0.0213012,9,0,8,,0,2,0,0.1,1,0,0,0,31,,105,22,,0,0,0,0
1604436618431,7,1010123456030,79,,1,2,4,1,0,,0.933333,30,0,0.00671486,12,0,4.4,,3.75,8,0,0.1,3,0,0,6.20601,31,,22,64,,0,0,0,1.375
1604436618681,7,1010123456030,79,,1,2,4,1,0,,10.9,10,0,0.0110522,4,0,6.75,,0,0,0,0,0,0,0,0,0,,123,16,,0,0,0,0
1604436618931,7,1010123456030,79,,1,2,4,1,0,,12.2,5,0,0.00533333,2,0,8,,0,0,0,0,0,0,0,0,0,,34,6,,0,0,0,0
1604436619181,7,1010123456030,79,,1,2,4,1,0,,9.56667,30,0,0.026988,12,0,7.5,,0,2,0,0.1,1,0,0,0,31,,254,42,,0,0,0,0
1604436619431,7,1010123456030,79,,1,2,4,1,0,,0,10,0,0.0158715,5,0,10,,3,8,0,0.1,3,0,0,8.8263,31,,53,18,,0,0,0,1
1604436619681,7,1010123456030,79,,1,2,4,1,0,,14.1667,12,0,0.0159036,5,0,8.33333,,0,0,0,0,0,0,0,0,0,,42,16,,0,0,0,0
1604436619931,7,1010123456030,79,,1,2,4,1,0,,11,15,0,0.0159679,6,0,9.25,,0,0,0,0,0,0,0,0,0,,240,22,,0,0,0,0
1604436620181,7,1010123456030,79,,1,2,4,1,0,,12.8,5,0,0.00533333,2,0,7,,0,2,0,0.1,1,0,0,0,31,,24,6,,0,0,0,0
1604436620431,7,1010123456030,79,,1,2,4,1,0,,13.8571,7,0,0.010506,3,0,7.33333,,2.625,16,0,0.1,6,16.6667,0,5.97156,31,,27,10,,0,0,0,2.6875
1604436620681,7,1010123456030,79,,1,2,4,1,0,,18,10,0,0.0206908,4,0,7.66667,,0,2,0,0.1,1,0,0,0,31,,30,16,,0,0,0,0
1604436620931,7,1010123456030,79,,1,2,4,1,0,,0,3,0,0.00559036,2,0,10.6667,,0,0,0,0,0,0,0,0,0,,48,8,,0,0,0,0
1604436621181,7,1010123456030,79,,1,2,4,1,0,,11.1333,15,0,0.0129478,5,0,8,,4,3,0,0.1,1,0,0,6.69678,31,,77,22,,0,0,0,1
1604436621431,7,1010123456030,79,,1,2,4,1,0,,18,14,0,0.0345382,7,0,6,,2.76744,43,0,0.1,16,50,0,2.8985,31,,108,24,,0,0,0,6.62791
1604436621681,7,1010123456030,79,,1,2,4,1,0,,8.28571,7,0,0.00542972,3,0,8,,0,0,0,0,0,0,0,0,0,,26,10,,0,0,0,0
1604436621931,7,1010123456030,79,,1,2,4,1,0,,10.4,10,0,0.0106988,4,0,7.5,,0,0,0,0,0,0,0,0,0,,89,14,,0,0,0,0
1604436622181,7,1010123456030,79,,1,2,4,1,0,,0,6,0,0.0055261,3,0,7,,0,2,0,0.1,1,0,0,0,31,,27,10,,0,0,0,0
1604436622431,7,1010123456030,79,,1,2,4,1,0,,11.4444,18,0,0.0217189,8,0,0.1,,1.45,20,0,0.1,8,0,0,9.10038,31,,76,24,,0,0,0,1.1
1604436622682,7,1010123456030,79,,1,2,4,1,0,,0,0,0,0,0,0,7.4,,0,0,0,0,0,0,0,0,0,,0,0,,0,0,0,0
1604436622931,7,1010123456030,79,,1,2,4,1,0,,13,7,0,0.0108916,3,0,7,,0,2,0,0.1,1,0,0,0,31,,40,12,,0,0,0,0
1604436623181,7,1010123456030,79,,1,2,4,1,0,,9.34783,23,0,0.021751,10,0,6,,0,0,0,0,0,0,0,0,0,,204,36,,0,0,0,0
1604436623432,7,1010123456030,79,,1,2,4,1,0,,11,5,0,0.00544,2,0,9,,3.69231,13,0,0.1,6,16.6667,0,8.33402,31,,59,10,,0,0,0,2.38462
1604436623682,7,1010123456030,79,,1,2,4,1,0,,18,3,0,0.005152,1,0,8.66667,,0,0,0,0,0,0,0,0,0,,6,4,,0,0,0,0
1604436623932,7,1010123456030,79,,1,2,4,1,0,,12.6,20,0,0.031584,9,0,10.25,,0,0,0,0,0,0,0,0,0,,150,36,,0,0,0,0
1604436624182,7,1010123456030,79,,1,2,4,1,0,,8.94118,17,0,0.016352,7,0,7.75,,4,3,0,0.1,1,0,0,9.29479,31,,77,28,,0,0,0,1
1604436624431,7,1010123456030,79,,1,2,4,1,0,,0.610169,59,0,0.0133012,24,0,5.5,,7.1,30,0,0.1,12,16.6667,0,9.27164,31,,50,104,,0,0,0,2.7
1604436624681,7,1010123456030,79,,1,2,4,1,0,,18,3,0,0.00517269,1,0,8.66667,,0,0,0,0,0,0,0,0,0,,3,4,,0,0,0,0
1604436624931,7,1010123456030,79,,1,2,4,1,0,,3.30612,49,0,0.0179598,19,0,8,,0,0,0,0,0,0,0,0,0,,103,84,,0,0,0,0
1604436625181,7,1010123456030,79,,1,2,4,1,0,,10,21,228,0.0202731,7,0,9,,0,8,0,0.1,4,75,0,0,31,,203,36,,0,0,0,0
1604436625431,7,1010123456030,79,,1,2,4,1,0,,7.12,25,0,0.0231968,13,0,7.33333,,1.75,16,0,0.1,7,14.2857,0,6.1906,31,,147,44,,0,0,0,2.375
1604436625681,7,1010123456030,79,,1,2,4,1,0,,0,6,0,0.00562249,3,0,7,,0,0,0,0,0,0,0,0,0,,52,12,,0,0,0,0
1604436625931,7,1010123456030,79,,1,2,4,1,0,,9,12,0,0.0110201,5,0,7,,0,0,0,0,0,0,0,0,0,,73,18,,0,0,0,0
1604436626181,7,1010123456030,79,,1,2,4,1,0,,9.6087,23,0,0.0165462,9,0,8,,0,2,0,0.1,1,0,0,0,31,,70,34,,0,0,0,0
1604436626431,7,1010123456030,79,,1,2,4,1,0,,10.625,16,0,0.0214618,8,0,7.5,,3.16667,12,0,0.1,5,0,0,8.30196,31,,88,24,,0,0,0,1
1604436626681,7,1010123456030,79,,1,2,4,1,0,,6.71429,28,0,0.0164819,11,0,8,,0,0,0,0,0,0,0,0,0,,149,38,,0,0,0,0
1604436626931,7,1010123456030,79,,1,2,4,1,0,,12,11,0,0.0107952,4,0,8.66667,,0,0,0,0,0,0,0,0,0,,35,14,,0,0,0,0
1604436627181,7,1010123456030,79,,1,2,4,1,0,,12.2727,11,0,0.0160964,5,0,8.33333,,0,2,0,0.1,1,0,0,0,31,,26,16,,0,0,0,0
1604436627431,7,1010123456030,79,,1,2,4,1,0,,11,5,0,0.00546185,2,0,8.5,,4.54545,11,0,0.1,4,25,0,6.33529,31,,11,8,,0,0,0,2.63636
1604436627681,7,1010123456030,79,,1,2,4,1,0,,12,21,0,0.0216546,8,0,7,,0,0,0,0,0,0,0,0,0,,97,30,,0,0,0,0
1604436627931,7,1010123456030,79,,1,2,4,1,0,,13.2857,14,0,0.0211406,6,0,10.25,,0,0,0,0,0,0,0,0,0,,78,24,,0,0,0,0
1604436628181,7,1010123456030,79,,1,2,4,1,0,,10.2941,17,0,0.0159036,6,0,6,,0,2,0,0.1,1,0,0,0,31,,112,20,,0,0,0,0
1604436628431,7,1010123456030,79,,1,2,4,1,0,,18,5,0,0.00517269,1,0,9,,1.81818,33,0,0.1,13,15.3846,0,6.83536,31,,32,8,,0,0,0,2.57576
1604436628681,7,1010123456030,79,,1,2,4,1,0,,7.09091,22,0,0.0220402,10,0,6,,0,0,0,0,0,0,0,0,0,,142,36,,0,0,0,0
1604436628931,7,1010123456030,79,,1,2,4,1,0,,0,0,0,0,0,0,7,,0,0,0,0,0,0,0,0,0,,0,0,,0,0,0,0
1604436629181,7,1010123456030,79,,1,2,4,1,0,,0,0,0,0,0,0,8,,4,3,0,0.1,1,0,0,8.17036,31,,0,0,,0,0,0,1
1604436629432,7,1010123456030,79,,1,2,4,1,0,,8.69231,13,0,0.007456,3,0,7,,5.25,8,0,0.1,3,0,0,13.4078,31,,80,18,,0,0,0,1
1604436629681,7,1010123456030,79,,1,2,6,1,0,,8.33333,21,0,0.0201124,10,0,7.66667,,0,0,0,0,0,0,0,0,0,,95,30,,0,0,0,0
1604436629932,7,1010123456030,79,,1,2,6,1,0,,0.1,55,0,0.012864,22,0,2,,0,0,0,0,0,0,0,0,0,,33,132,,0,0,0,0
1604436630181,7,1010123456030,79,,1,2,6,1,0,,3.22222,36,0,0.022747,15,0,6,,7,3,0,0.1,1,0,0,9.61353,31,,66,82,,0,0,0,1
1604436630432,7,1010123456030,79,,1,2,6,1,0,,0,4,0,0.010304,2,0,13,,4,3,0,0.1,1,0,0,9.48058,31,,13,8,,0,0,0,1
1604436630682,7,1010123456030,79,,1,2,6,1,0,,0,2,0,0.005152,1,0,9,,4,13,0,0.1,5,0,0,11.6116,31,,3,4,,0,0,0,1.23077
1604436630931,7,1010123456030,79,,1,2,6,1,0,,10,16,0,0.0215904,6,0,7.33333,,0.1,3,0,0.1,1,0,0,11.1098,31,,81,38,,0,0,0,1
1604436631181,7,1010123456030,79,,1,2,6,1,0,,11.6923,13,0,0.0210763,6,0,9.66667,,7,3,0,0.1,1,0,0,12.3958,31,,92,26,,0,0,0,1
1604436631431,7,1010123456030,79,,1,2,6,1,0,,0,2,0,0.00517269,1,0,9.33333,,9.4,5,0,0.1,2,0,0,11.7836,31,,8,4,,0,0,0,1.4
1604436631681,7,1010123456030,79,,1,2,6,1,0,,11.0833,12,0,0.0160321,5,0,9,,0,0,0,0,0,0,0,0,0,,54,22,,0,0,0,0
1604436631931,7,1010123456030,79,,1,2,6,1,0,,13,3,158,0.00542972,1,0,9,,0,0,0,0,0,0,0,0,0,,13,6,,0,0,0,0
1604436632181,7,1010123456030,79,,1,2,6,1,0,,13,7,0,0.0162892,3,0,8.5,,0,2,0,0.1,1,0,0,0,31,,60,18,,0,0,0,0
1604436632431,7,1010123456030,79,,1,2,6,1,0,,10.0556,18,0,0.0158394,5,0,7.75,,9.6,5,0,0.1,2,0,0,12.6677,31,,170,28,,0,0,0,1
1604436632681,7,1010123456030,79,,1,2,6,1,0,,6.68421,19,0,0.0272129,10,0,7.33333,,0,0,0,0,0,0,0,0,0,,78,42,,0,0,0,0
1604436632931,7,1010123456030,79,,1,2,6,1,0,,0,0,0,0,0,0,7.66667,,0,0,0,0,0,0,0,0,0,,0,0,,0,0,0,0
1604436633181,7,1010123456030,79,,1,2,6,1,0,,8.4,5,0,0.00533333,2,0,7.5,,7,3,0,0.1,1,0,0,15.3939,31,,12,10,,0,0,0,1
1604436633431,7,1010123456030,79,,1,2,6,1,0,,11.4211,19,0,0.0163534,7,0,6.5,,6,7,0,0.1,3,0,0,11.8747,31,,35,20,,0,0,0,1.28571
1604436633681,7,1010123456030,79,,1,2,6,1,0,,10.7143,7,0,0.0105382,3,0,9,,0,0,0,0,0,0,0,0,0,,35,12,,0,0,0,0
1604436633931,7,1010123456030,79,,1,2,6,1,0,,10.5556,9,0,0.0107631,4,0,7.5,,0,0,0,0,0,0,0,0,0,,46,16,,0,0,0,0
1604436634181,7,1010123456030,79,,1,2,6,1,0,,10.4286,7,0,0.0107952,3,0,7.8,,0,0,0,0,0,0,0,0,0,,58,14,,0,0,0,0
1604436634431,7,1010123456030,79,,1,2,6,1,0,,11.625,8,0,0.0105382,3,0,8.66667,,10.4,5,0,0.1,2,0,0,14.1016,31,,10,12,,0,0,0,1
1604436634681,7,1010123456030,79,,1,2,6,1,0,,10.2857,7,0,0.0107952,3,0,10,,0,0,0,0,0,0,0,0,0,,19,14,,0,0,0,0
1604436634931,7,1010123456030,79,,1,2,6,1,0,,5.39286,28,0,0.022008,11,0,6.33333,,0,0,0,0,0,0,0,0,0,,209,66,,0,0,0,0
1604436635181,7,1010123456030,79,,1,2,6,1,0,,10,7,0,0.0106988,3,0,9,,0,0,0,0,0,0,0,0,0,,78,16,,0,0,0,0
1604436635431,7,1010123456030,79,,1,2,6,1,0,,0,0,0,0,0,0,12,,8,13,0,0.1,6,33.3333,0,5.68692,31,,0,0,,0,0,0,4.30769
1604436635681,7,1010123456030,79,,1,2,6,1,0,,0,10,0,0.0161606,5,0,8,,0,2,0,0.1,1,0,0,0,31,,56,24,,0,0,0,0
1604436635932,7,1010123456030,79,,1,2,6,1,0,,11,15,0,0.021632,4,0,7,,0,0,0,0,0,0,0,0,0,,72,32,,0,0,0,0
1604436636181,7,1010123456030,79,,1,2,6,1,0,,11.9333,15,158,0.0216867,8,0,8,,2,3,0,0.1,1,0,0,7.91784,31,,75,20,,0,0,0,1
1604436636431,7,1010123456030,79,,1,2,6,1,0,,13,9,0,0.016257,4,0,5.66667,,2,16,0,0.1,7,14.2857,0,6.44831,31,,40,18,,0,0,0,2.125
1604436636681,7,1010123456030,79,,1,2,6,1,0,,14.25,12,0,0.0214618,4,0,9.33333,,0,0,0,0,0,0,0,0,0,,33,22,,0,0,0,0
1604436636932,7,1010123456030,79,,1,2,6,1,0,,9.9375,16,0,0.016032,6,0,7.25,,0,0,0,0,0,0,0,0,0,,97,26,,0,0,0,0
1604436637182,7,1010123456030,79,,1,2,6,1,0,,9.46154,13,0,0.016096,5,0,8,,0.1,3,0,0.1,1,0,0,2.18012,31,,51,22,,0,0,0,1
1604436637431,7,1010123456030,79,,1,2,6,1,0,,13,3,0,0.00542972,1,0,8,,1.71429,7,0,0.1,3,0,0,10.4081,31,,12,6,,0,0,0,1
1604436637681,7,1010123456030,79,,1,2,6,1,0,,13.3333,12,0,0.0160964,5,0,8.25,,0,0,0,0,0,0,0,0,0,,54,18,,0,0,0,0
1604436637931,7,1010123456030,79,,1,2,6,1,0,,0,0,0,0,0,0,7.66667,,0,0,0,0,0,0,0,0,0,,0,0,,0,0,0,0
1604436638181,7,1010123456030,79,,1,2,6,1,0,,13,9,0,0.016257,4,0,9.5,,0,2,0,0.1,1,0,0,0,31,,52,18,,0,0,0,0
1604436638431,7,1010123456030,79,,1,2,6,1,0,,0,2,0,0,0,0,8,,0,0,0,0,0,0,0,0,0,,18,6,,0,0,0,0
1604436638681,7,1010123456030,79,,1,2,6,1,0,,0,4,0,0.0162892,3,0,8.33333,,2.7,10,0,0.1,4,0,0,7.17395,31,,60,12,,0,0,0,1
1604436638931,7,1010123456030,79,,1,2,6,1,0,,0,2,0,0.00542972,1,0,8,,0,0,0,0,0,0,0,0,0,,18,6,,0,0,0,0
1604436639181,7,1010123456030,79,,1,2,6,1,0,,0,4,0,0.0108594,2,0,5.66667,,0,2,0,0.1,1,0,0,0,31,,36,12,,0,0,0,0
1604436639431,7,1010123456030,79,,1,2,6,1,0,,9.72727,11,0,0.0159357,4,0,7,,1.84211,19,0,0.1,7,14.2857,0,5.04862,31,,64,20,,0,0,0,2.57895
1604436639681,7,1010123456030,79,,1,2,6,1,0,,10.7,10,0,0.0161928,4,0,7.5,,0,0,0,0,0,0,0,0,0,,155,22,,0,0,0,0
1604436639931,7,1010123456030,79,,1,2,6,1,0,,8,13,0,0.016,6,0,8,,0,0,0,0,0,0,0,0,0,,121,26,,0,0,0,0
1604436640181,7,1010123456030,79,,1,2,6,1,0,,13,6,0,0.0108594,2,0,8,,0,0,0,0,0,0,0,0,0,,18,12,,0,0,0,0
1604436640431,7,1010123456030,79,,1,2,6,1,0,,13,19,0,0.0270843,7,0,0.1,,1.85714,14,0,0.1,6,0,0,7.31576,31,,191,30,,0,0,0,1
1604436640681,7,1010123456030,79,,1,2,6,1,0,,9.28571,7,0,0.0107952,3,0,8,,0,0,0,0,0,0,0,0,0,,57,14,,0,0,0,0
1604436640931,7,1010123456030,79,,1,2,6,1,0,,13,6,0,0.0108594,2,0,7.33333,,0,0,0,0,0,0,0,0,0,,24,12,,0,0,0,0
1604436641181,7,1010123456030,79,,1,2,6,1,0,,0,0,0,0,0,0,7.6,,0,0,0,0,0,0,0,0,0,,0,0,,0,0,0,0
1604436641431,7,1010123456030,79,,1,2,6,1,0,,0,2,0,0.00542972,1,0,8.66667,,2.875,8,0,0.1,3,0,0,9.47066,31,,36,6,,0,0,0,1
1604436641681,7,1010123456030,79,,1,2,6,1,0,,8.36364,11,0,0.0160321,5,0,7.5,,0,0,0,0,0,0,0,0,0,,14,26,,0,0,0,0
1604436641931,7,1010123456030,79,,1,2,6,1,0,,13,5,0,0.0108594,2,0,8.33333,,4,3,0,0.1,1,0,0,8.47079,31,,22,12,,0,0,0,1
1604436642181,7,1010123456030,79,,1,2,6,1,0,,13,5,0,0.0108594,2,0,8,,0,0,0,0,0,0,0,0,0,,30,12,,0,0,0,0
1604436642432,7,1010123456030,79,,1,2,6,1,0,,0.1,25,0,0.006432,11,0,4,,4,3,0,0.1,1,0,0,13.9429,31,,13,80,,0,0,0,1
1604436642682,7,1010123456030,79,,1,2,6,1,0,,13.25,8,0,0.010976,3,0,8.5,,4.72727,22,0,0.1,10,20,0,8.18963,31,,42,12,,0,0,0,2.72727
1604436642931,7,1010123456030,79,,1,2,6,1,0,,13,9,0,0.0217189,4,0,8.66667,,0,0,0,0,0,0,0,0,0,,62,24,,0,0,0,0
1604436643181,7,1010123456030,79,,1,2,6,1,0,,3.61111,18,0,0.0111807,7,0,7.25,,0,0,0,0,0,0,0,0,0,,54,44,,0,0,0,0
1604436643432,7,1010123456030,79,,1,2,6,1,0,,12.6522,23,0,0.031904,10,0,8,,4.24242,33,0,0.1,14,35.7143,0,6.67907,31,,83,36,,0,0,0,4.06061
1604436643682,7,1010123456030,79,,1,2,6,1,0,,13,3,0,0.005408,1,0,8,,0,0,0,0,0,0,0,0,0,,42,6,,0,0,0,0
1604436643931,7,1010123456030,79,,1,2,6,1,0,,0,4,0,0.0108594,2,0,8.66667,,0,0,0,0,0,0,0,0,0,,24,12,,0,0,0,0
1604436644181,7,1010123456030,79,,1,2,6,1,0,,0,1,0,0.00542972,1,0,8,,0,4,0,0.1,2,0,0,0,31,,29,6,,0,0,0,0
1604436644431,7,1010123456030,79,,1,2,6,1,0,,9.78571,14,0,0.0163534,5,0,9.25,,0,4,0,0.1,2,0,0,0,31,,42,22,,0,0,0,0
1604436644681,7,1010123456030,79,,1,2,6,1,0,,0,0,0,0,0,0,8.5,,0,0,0,0,0,0,0,0,0,,0,0,,0,0,0,0
1604436644931,7,1010123456030,79,,1,2,6,1,0,,0,4,0,0.00542972,1,0,9,,0,0,0,0,0,0,0,0,0,,8,12,,0,0,0,0
1604436645181,7,1010123456030,79,,1,2,6,1,0,,2.78049,41,0,0.0229719,17,0,7,,0,0,0,0,0,0,0,0,0,,33,86,,0,0,0,0
1604436645431,7,1010123456030,79,,1,2,6,1,0,,13.5,8,0,0.0106988,3,0,8.66667,,4.57143,7,0,0.1,3,0,0,9.1157,31,,19,12,,0,0,0,1
1604436645681,7,1010123456030,79,,1,2,6,1,0,,13,3,0,0.00542972,1,0,8,,0,2,0,0.1,1,0,0,0,31,,18,6,,0,0,0,0
1604436645931,7,1010123456030,79,,1,2,6,1,0,,10.4545,22,0,0.0216867,9,0,8,,0,0,0,0,0,0,0,0,0,,60,32,,0,0,0,0
1604436646181,7,1010123456030,79,,1,2,6,1,0,,4.95918,49,0,0.0331888,19,0,6.6,,0,0,0,0,0,0,0,0,0,,102,104,,0,0,0,0
1604436646431,7,1010123456030,79,,1,2,6,1,0,,10.5455,11,0,0.0162249,4,0,8.5,,5.375,8,0,0.1,3,0,0,10.0672,31,,70,20,,0,0,0,1.25
1604436646681,7,1010123456030,79,,1,2,6,1,0,,13,8,0,0.0108273,3,0,8,,0,0,0,0,0,0,0,0,0,,26,12,,0,0,0,0
1604436646931,7,1010123456030,79,,1,2,6,1,0,,13,6,0,0.0108594,2,0,7.66667,,0,0,0,0,0,0,0,0,0,,38,12,,0,0,0,0
1604436647181,7,1010123456030,79,,1,2,6,1,0,,15.5,6,0,0.0106024,2,0,10,,7,3,0,0.1,1,0,0,12.3536,31,,28,10,,0,0,0,1
1604436647431,7,1010123456030,79,,1,2,6,1,0,,14.2667,15,0,0.0158715,6,0,8,,5.14286,7,0,0.1,3,0,0,8.01534,31,,37,18,,0,0,0,1
1604436647681,7,1010123456030,79,,1,2,6,1,0,,11.3333,12,0,0.0216225,5,0,8.5,,0,0,0,0,0,0,0,0,0,,84,28,,0,0,0,0
1604436647931,7,1010123456030,79,,1,2,6,1,0,,0,2,0,0.00542972,1,0,8.66667,,0,0,0,0,0,0,0,0,0,,4,6,,0,0,0,0
1604436648181,7,1010123456030,79,,1,2,6,1,0,,16.3333,9,0,0.0209478,4,0,9,,0,0,0,0,0,0,0,0,0,,51,18,,0,0,0,0
1604436648431,7,1010123456030,79,,1,2,6,1,0,,0,0,0,0,0,0,9,,7,5,0,0.1,2,0,0,7.82823,31,,0,0,,0,0,0,1.6
1604436648681,7,1010123456030,79,,1,2,6,1,0,,14.4375,16,0,0.0211406,6,0,10,,0,2,0,0.1,1,0,0,0,31,,44,22,,0,0,0,0
1604436648931,7,1010123456030,79,,1,2,6,1,0,,13,6,0,0.0108594,2,0,8.33333,,0,0,0,0,0,0,0,0,0,,22,12,,0,0,0,0
1604436649181,7,1010123456030,79,,1,2,6,1,0,,13.3077,13,0,0.0215582,5,0,9,,0,0,0,0,0,0,0,0,0,,50,24,,0,0,0,0
1604436649432,7,1010123456030,79,,1,2,6,1,0,,13.7368,19,0,0.0272,8,0,8.33333,,9.625,8,0,0.1,3,0,0,11.0639,31,,44,30,,0,0,0,1.375
1604436649681,7,1010123456030,79,,1,2,6,1,0,,0,0,0,0,0,0,8.5,,0,0,0,0,0,0,0,0,0,,0,0,,0,0,0,0
1604436649932,7,1010123456030,79,,1,2,6,1,0,,13,5,0,0.010816,2,0,8.33333,,0,0,0,0,0,0,0,0,0,,18,12,,0,0,0,0
1604436650182,7,1010123456030,79,,1,2,6,1,0,,18,6,0,0.010304,2,0,8.4,,0,0,0,0,0,0,0,0,0,,15,8,,0,0,0,0
1604436650432,7,1010123456030,79,,1,2,6,1,0,,13,5,0,0.010816,2,0,8.5,,4.2,10,0,0.1,4,0,0,10.0759,31,,22,12,,0,0,0,1
1604436650681,7,1010123456030,79,,1,2,6,1,0,,8.9375,16,128,0.0217189,4,0,5,,0,0,0,0,0,0,0,0,0,,37,42,,0,0,0,0
1604436650931,7,1010123456030,79,,1,2,6,1,0,,2.45455,33,0,0.0173815,15,0,8.4,,0,0,0,0,0,0,0,0,0,,18,70,,0,0,0,0
1604436651181,7,1010123456030,79,,1,2,6,1,0,,13,9,0,0.0162892,3,0,8.33333,,0,0,0,0,0,0,0,0,0,,73,18,,0,0,0,0
1604436651431,7,1010123456030,79,,1,2,6,1,0,,0,2,0,0.00542972,1,0,7.33333,,1.70588,17,0,0.1,7,0,0,8.08461,31,,38,6,,0,0,0,1.35294
1604436651681,7,1010123456030,79,,1,2,6,1,0,,13,9,0,0.0164177,3,0,8.4,,0,0,0,0,0,0,0,0,0,,97,18,,0,0,0,0
1604436651931,7,1010123456030,79,,1,2,6,1,0,,13,5,0,0.0108594,2,0,7.75,,0,0,0,0,0,0,0,0,0,,48,12,,0,0,0,0
1604436652181,7,1010123456030,79,,1,2,6,1,0,,13,13,0,0.0216867,5,0,7,,0,0,0,0,0,0,0,0,0,,112,24,,0,0,0,0
1604436652431,7,1010123456030,79,,1,2,6,1,0,,2.39806,103,0,0.0459759,41,0,8,,1.52941,17,0,0.1,8,0,0,10.8472,31,,37,342,,0,0,0,1
1604436652681,7,1010123456030,79,,1,2,6,1,0,,11.75,12,0,0.0163855,5,0,8.66667,,0,0,0,0,0,0,0,0,0,,46,20,,0,0,0,0
1604436652931,7,1010123456030,79,,1,2,6,1,0,,18,3,0,0.00517269,1,0,10,,0,0,0,0,0,0,0,0,0,,9,4,,0,0,0,0
1604436653181,7,1010123456030,79,,1,2,6,1,0,,13,3,0,0.00542972,1,0,9,,4,3,0,0.1,1,0,0,9.92934,31,,52,6,,0,0,0,1
1604436653431,7,1010123456030,79,,1,2,6,1,0,,15,5,0,0.0106024,2,0,10.6667,,2.9,10,0,0.1,4,0,0,8.844,31,,22,10,,0,0,0,1
1604436653681,7,1010123456030,79,,1,2,6,1,0,,14.1429,14,0,0.0212048,5,0,9,,0,0,0,0,0,0,0,0,0,,28,20,,0,0,0,0
1604436653931,7,1010123456030,79,,1,2,6,1,0,,14.5,20,0,0.0320643,8,0,10,,0,0,0,0,0,0,0,0,0,,51,34,,0,0,0,0
1604436654181,7,1010123456030,79,,1,2,6,1,0,,14.5714,14,0,0.0263133,6,0,9.75,,0,0,0,0,0,0,0,0,0,,70,26,,0,0,0,0
1604436654431,7,1010123456030,79,,1,2,6,1,0,,13,7,0,0.0162892,3,0,8.5,,3.625,8,0,0.1,3,0,0,7.29533,31,,46,18,,0,0,0,1
1604436654681,7,1010123456030,79,,1,2,6,1,0,,0,0,0,0,0,0,7.5,,0,0,0,0,0,0,0,0,0,,0,0,,0,0,0,0
1604436654931,7,1010123456030,79,,1,2,6,1,0,,13,10,0,0.0162892,3,0,8.5,,0,0,0,0,0,0,0,0,0,,47,24,,0,0,0,0
1604436655181,7,1010123456030,79,,1,2,6,1,0,,18,8,0,0.0209478,4,0,9.8,,0,0,0,0,0,0,0,0,0,,47,12,,0,0,0,0
1604436655431,7,1010123456030,79,,1,2,6,1,0,,8.45833,24,0,0.026988,10,0,9,,1.82609,23,0,0.1,10,0,0,8.13399,31,,154,46,,0,0,0,1.52174
1604436655681,7,1010123456030,79,,1,2,6,1,0,,13,5,0,0.0108594,2,0,9,,0,0,0,0,0,0,0,0,0,,22,12,,0,0,0,0
1604436655931,7,1010123456030,79,,1,2,6,1,0,,12.5833,12,0,0.0158715,5,0,10,,0,0,0,0,0,0,0,0,0,,134,18,,0,0,0,0
1604436656182,7,1010123456030,79,,1,2,6,1,0,,0,6,0,0.016224,3,0,10,,0,0,0,0,0,0,0,0,0,,20,18,,0,0,0,0
1604436656432,7,1010123456030,79,,1,2,6,1,0,,13,11,0,0.021632,4,0,8.66667,,0.933333,15,0,0.1,6,0,0,4.09227,31,,51,24,,0,0,0,1.26667
1604436656682,7,1010123456030,79,,1,2,6,1,0,,11.8889,18,0,0.016096,7,0,8.33333,,0,0,0,0,0,0,0,0,0,,46,20,,0,0,0,0
1604436656931,7,1010123456030,79,,1,2,6,1,0,,13,6,0,0.0108594,2,0,9,,0,0,0,0,0,0,0,0,0,,50,12,,0,0,0,0
1604436657181,7,1010123456030,79,,1,2,6,1,0,,0,0,0,0,0,0,10.75,,0,0,0,0,0,0,0,0,0,,0,0,,0,0,0,0
1604436657431,7,1010123456030,79,,1,2,6,1,0,,13,11,0,0.0216867,5,0,8.33333,,0.1,26,0,0.1,11,0,0,4.22236,31,,49,24,,0,0,0,1.11538
1604436657681,7,1010123456030,79,,1,2,6,1,0,,18,5,0,0.00517269,1,0,10,,9,3,0,0.1,1,0,0,9.03693,31,,16,8,,0,0,0,1
1604436657931,7,1010123456030,79,,1,2,6,1,0,,13,5,0,0.0160321,3,0,8.6,,0,0,0,0,0,0,0,0,0,,23,12,,0,0,0,0
1604436658181,7,1010123456030,79,,1,2,6,1,0,,13.1429,7,0,0.0107631,3,0,9,,0,0,0,0,0,0,0,0,0,,70,12,,0,0,0,0
1604436658431,7,1010123456030,79,,1,2,6,1,0,,3.83333,12,0,0.00587952,5,0,6,,2.8,5,0,0.1,2,0,0,8.04457,31,,87,76,,0,0,0,1
1604436658681,7,1010123456030,79,,1,2,6,1,0,,13,6,0,0.0108594,2,0,8.5,,3.4,5,0,0.1,2,0,0,9.48289,0,,30,12,,0,0,0,1
1604436658931,7,1010123456030,79,,1,2,6,1,0,,0,4,0,0.0108594,2,0,8.5,,0,0,0,0,0,0,0,0,0,,12,12,,0,0,0,0
1604436659181,7,1010123456030,79,,1,2,6,1,0,,16.5714,7,0,0.0157751,3,0,9.33333,,0,0,0,0,0,0,0,0,0,,66,14,,0,0,0,0
1604436659431,7,1010123456030,79,,1,2,6,1,0,,18,5,0,0.0103454,2,0,9,,1.4,15,0,0.1,6,0,0,7.32846,31,,36,8,,0,0,0,1.2
1604436659681,7,1010123456030,79,,1,2,4,1,0,,11.8571,7,0,0.00542972,1,0,9,,0,0,0,0,0,0,0,0,0,,15,12,,0,0,0,0
1604436659931,7,1010123456030,79,,1,2,4,1,0,,18,11,0,0.0261205,6,0,10,,0,0,0,0,0,0,0,0,0,,28,16,,0,0,0,0
1604436660181,7,1010123456030,79,,1,2,4,1,0,,18,3,0,0.00517269,1,0,8.25,,0,0,0,0,0,0,0,0,0,,13,4,,0,0,0,0
1604436660431,7,1010123456030,79,,1,2,4,1,0,,18,6,0,0.00517269,1,0,10,,3.8,10,0,0.1,4,0,0,9.69439,31,,13,8,,0,0,0,1
1604436660681,7,1010123456030,79,,1,2,4,1,0,,18.5714,7,0,0.020755,4,0,8.75,,0,0,0,0,0,0,0,0,0,,36,10,,0,0,0,0
1604436660931,7,1010123456030,79,,1,2,4,1,0,,12.2,30,0,0.0294297,10,0,7.5,,0,0,0,0,0,0,0,0,0,,280,38,,0,0,0,0
1604436661181,7,1010123456030,79,,1,2,4,1,0,,12,11,0,0.0131406,5,0,9,,0,0,0,0,0,0,0,0,0,,37,12,,0,0,0,0
1604436661432,7,1010123456030,79,,1,2,4,1,0,,13.8,10,0,0.015712,4,0,9.25,,1.47368,19,0,0.1,8,0,0,7.26222,31,,42,14,,0,0,0,1.26316
1604436661681,7,1010123456030,79,,1,2,4,1,0,,0,0,0,0,0,0,5.5,,0,0,0,0,0,0,0,0,0,,0,0,,0,0,0,0
1604436661931,7,1010123456030,79,,1,2,4,1,0,,0,2,0,0.00517269,1,0,9,,0,0,0,0,0,0,0,0,0,,4,4,,0,0,0,0
1604436662181,7,1010123456030,79,,1,2,4,1,0,,8.30769,13,0,0.0107309,5,0,10,,0.1,5,0,0.1,2,0,0,5.94783,31,,90,20,,0,0,0,1
1604436662431,7,1010123456030,79,,1,2,4,1,0,,15.4615,13,0,0.0208514,5,0,9,,2.27273,11,0,0.1,4,0,0,7.49489,31,,60,18,,0,0,0,1
1604436662682,7,1010123456030,79,,1,2,4,1,0,,14.3846,13,0,0.020768,5,0,8.66667,,0,0,0,0,0,0,0,0,0,,68,20,,0,0,0,0
1604436662932,7,1010123456030,79,,1,2,4,1,0,,18.3,10,158,0.015616,4,0,10,,0,0,0,0,0,0,0,0,0,,52,12,,0,0,0,0
1604436663182,7,1010123456030,79,,1,2,4,1,0,,14.8182,11,0,0.020896,5,0,8.66667,,0,0,0,0,0,0,0,0,0,,35,20,,0,0,0,0
1604436663431,7,1010123456030,79,,1,2,4,1,0,,10,6,0,0.00526908,2,0,7.66667,,2.41667,12,0,0.1,5,0,0,7.48938,31,,43,8,,0,0,0,1
1604436663681,7,1010123456030,79,,1,2,4,1,0,,10.6818,22,0,0.0161606,7,0,9.5,,0,0,0,0,0,0,0,0,0,,78,34,,0,0,0,0
1604436663931,7,1010123456030,79,,1,2,4,1,0,,0,0,0,0.00517269,1,0,9,,0,0,0,0,0,0,0,0,0,,0,0,,0,0,0,0
1604436664181,7,1010123456030,79,,1,2,4,1,0,,0,4,0,0.0103454,2,0,10.3333,,0,0,0,0,0,0,0,0,0,,17,8,,0,0,0,0
1604436664431,7,1010123456030,79,,1,2,4,1,0,,18,8,0,0.0155181,3,0,7.66667,,2.69565,23,0,0.1,9,0,0,6.45382,31,,47,16,,0,0,0,1.08696
1604436664681,7,1010123456030,79,,1,2,4,1,0,,9.15,20,0,0.0213333,8,0,9,,0,2,0,0.1,1,0,0,0,31,,97,26,,0,0,0,0
1604436664931,7,1010123456030,79,,1,2,4,1,0,,18,3,0,0.00517269,1,0,10,,0,0,0,0,0,0,0,0,0,,4,4,,0,0,0,0
1604436665181,7,1010123456030,79,,1,2,4,1,0,,14.4545,11,0,0.0157751,4,0,8.4,,0,0,0,0,0,0,0,0,0,,71,14,,0,0,0,0
1604436665431,7,1010123456030,79,,1,2,4,1,0,,14.1,10,0,0.0157751,4,0,10.2,,1.06667,15,0,0.1,6,0,0,6.14484,31,,29,14,,0,0,0,1.13333
1604436665681,7,1010123456030,79,,1,2,4,1,0,,14.3333,9,0,0.010506,3,0,8.66667,,0,0,0,0,0,0,0,0,0,,52,10,,0,0,0,0
1604436665931,7,1010123456030,79,,1,2,4,1,0,,18,3,0,0.00517269,1,0,10.3333,,0,0,0,0,0,0,0,0,0,,17,4,,0,0,0,0
1604436666181,7,1010123456030,79,,1,2,4,1,0,,0,0,0,0,0,0,9.25,,0,0,0,0,0,0,0,0,0,,0,0,,0,0,0,0
1604436666431,7,1010123456030,79,,1,2,4,1,0,,18,9,0,0.0206908,4,0,10,,0.428571,28,0,0.1,12,16.6667,0,3.78693,31,,60,16,,0,0,0,2.60714
1604436666681,7,1010123456030,79,,1,2,4,1,0,,0.923077,39,53,0.00764659,8,0,5,,0,0,0,0,0,0,0,0,0,,-24,66,,0,0,0,0
1604436666931,7,1010123456030,79,,1,2,4,1,0,,2.25,24,0,0.0108273,17,0,6,,0,0,0,0,0,0,0,0,0,,71,40,,0,0,0,0
1604436667181,7,1010123456030,79,,1,2,4,1,0,,18,17,0,0.0310361,6,0,11,,0,0,0,0,0,0,0,0,0,,48,24,,0,0,0,0
1604436667431,7,1010123456030,79,,1,2,4,1,0,,0,2,0,0.00517269,1,0,10.25,,2.875,8,0,0.1,3,0,0,8.25245,31,,12,4,,0,0,0,1
1604436667681,7,1010123456030,79,,1,2,4,1,0,,14.5714,7,0,0.010506,3,0,8.66667,,0,0,0,0,0,0,0,0,0,,78,10,,0,0,0,0
1604436667931,7,1010123456030,79,,1,2,4,1,0,,13.6667,9,0,0.0106024,4,0,7,,0,0,0,0,0,0,0,0,0,,35,12,,0,0,0,0
1604436668182,7,1010123456030,79,,1,2,4,1,0,,18,11,0,0.020608,4,0,10.3333,,0,0,0,0,0,0,0,0,0,,59,16,,0,0,0,0
1604436668432,7,1010123456030,79,,1,2,4,1,0,,0,0,0,0,0,0,12,,2,3,0,0.1,1,0,0,9.00245,31,,0,0,,0,0,0,1
1604436668681,7,1010123456030,79,,1,2,4,1,0,,18,7,0,0.0155181,3,0,11.5,,0.72,25,0,0.1,10,0,0,6.1623,31,,26,12,,0,0,0,1
1604436668932,7,1010123456030,79,,1,2,4,1,0,,17.8571,7,0,0.015712,3,0,9.66667,,0,2,0,0.1,1,0,0,0,31,,95,12,,0,0,0,0
1604436669181,7,1010123456030,79,,1,2,4,1,0,,18,7,0,0.0155181,3,0,10.5,,0.1,3,0,0.1,1,0,0,4.09507,31,,20,12,,0,0,0,1
1604436669432,7,1010123456030,79,,1,2,4,1,0,,0,2,0,0.005152,1,0,10,,0.4,25,0,0.1,10,0,0,5.59968,31,,8,4,,0,0,0,1
1604436669682,7,1010123456030,79,,1,2,4,1,0,,0,0,0,0,0,0,7,,0,0,0,0,0,0,0,0,0,,0,0,,0,0,0,0
1604436669931,7,1010123456030,79,,1,2,4,1,0,,10.1333,15,0,0.0158072,6,0,8.5,,0,0,0,0,0,0,0,0,0,,75,24,,0,0,0,0
1604436670181,7,1010123456030,79,,1,2,4,1,0,,10.5714,7,0,0.00546185,3,0,8.5,,0,0,0,0,0,0,0,0,0,,37,8,,0,0,0,0
1604436670431,7,1010123456030,79,,1,2,4,1,0,,10.6579,38,0,0.0374618,15,0,6.5,,1.78571,14,0,0.1,6,16.6667,0,5.8571,31,,182,54,,0,0,0,2.28571
1604436670681,7,1010123456030,79,,1,2,4,1,0,,10.6,20,0,0.0162892,8,0,10,,0,0,0,0,0,0,0,0,0,,99,24,,0,0,0,0
1604436670931,7,1010123456030,79,,1,2,4,1,0,,15.9,10,0,0.0156145,4,0,10,,0,0,0,0,0,0,0,0,0,,30,14,,0,0,0,0
1604436671181,7,1010123456030,79,,1,2,4,1,0,,18,3,0,0.00517269,1,0,10,,0,2,0,0.1,1,0,0,0,31,,12,4,,0,0,0,0
1604436671431,7,1010123456030,79,,1,2,4,1,0,,18,7,0,0.0155181,3,0,10,,1.6,15,0,0.1,6,0,0,5.94758,31,,36,12,,0,0,0,1
1604436671681,7,1010123456030,79,,1,2,4,1,0,,18,6,0,0.0103454,2,0,10,,0,0,0,0,0,0,0,0,0,,20,8,,0,0,0,0
1604436671931,7,1010123456030,79,,1,2,4,1,0,,0,4,0,0.0103454,2,0,10.6667,,0,0,0,0,0,0,0,0,0,,11,8,,0,0,0,0
1604436672181,7,1010123456030,79,,1,2,4,1,0,,15.2,5,0,0.00526908,2,0,0.1,,0,0,0,0,0,0,0,0,0,,18,6,,0,0,0,0
1604436672431,7,1010123456030,79,,1,2,4,1,0,,18,12,0,0.0258635,5,0,10,,1.41176,17,0,0.1,7,0,0,7.33324,31,,44,20,,0,0,0,1
1604436672681,7,1010123456030,79,,1,2,4,1,0,,18,16,0,0.0310361,6,0,12,,0,0,0,0,0,0,0,0,0,,52,24,,0,0,0,0
1604436672931,7,1010123456030,79,,1,2,4,1,0,,18,8,0,0.0155181,3,0,11.5,,0,0,0,0,0,0,0,0,0,,23,12,,0,0,0,0
1604436673181,7,1010123456030,79,,1,2,4,1,0,,18,3,0,0.00517269,1,0,10,,4,3,0,0.1,1,0,0,4.71461,31,,20,4,,0,0,0,1
1604436673431,7,1010123456030,79,,1,2,4,1,0,,18,11,0,0.0206908,4,0,11,,0.1,24,0,0.1,9,0,0,2.59623,31,,47,16,,0,0,0,1.66667
1604436673681,7,1010123456030,79,,1,2,4,1,0,,0,2,0,0.00517269,1,0,12,,0,0,0,0,0,0,0,0,0,,3,4,,0,0,0,0
1604436673931,7,1010123456030,79,,1,2,4,1,0,,0,0,0,0,0,0,0.1,,0,0,0,0,0,0,0,0,0,,0,0,,0,0,0,0
1604436674181,7,1010123456030,79,,1,2,4,1,0,,11.75,12,0,0.0157751,5,0,8,,0,0,0,0,0,0,0,0,0,,34,18,,0,0,0,0
1604436674431,7,1010123456030,79,,1,2,4,1,0,,9.6,5,0,0.00526908,2,0,5.5,,0,2,0,0.1,1,0,0,0,31,,41,8,,0,0,0,0
1604436674682,7,1010123456030,79,,1,2,4,1,0,,0.893939,66,0,0.01376,26,0,7,,3.71429,7,0,0.1,3,0,0,7.97518,0,,67,108,,0,0,0,1
1604436674932,7,1010123456030,79,,1,2,4,1,0,,18,10,0,0.020608,4,0,8.5,,0,0,0,0,0,0,0,0,0,,72,16,,0,0,0,0
1604436675181,7,1010123456030,79,,1,2,4,1,0,,0,0,0,0,0,0,7.5,,0,0,0,0,0,0,0,0,0,,0,0,,0,0,0,0
1604436675432,7,1010123456030,79,,1,2,4,1,0,,17.5,8,0,0.015712,3,0,10,,4,23,0,0.1,9,0,0,7.62902,31,,66,12,,0,0,0,1.13043
1604436675682,7,1010123456030,79,,1,2,4,1,0,,5.55172,29,0,0.016672,12,0,8.66667,,0,0,0,0,0,0,0,0,0,,235,46,,0,0,0,0
1604436675931,7,1010123456030,79,,1,2,4,1,0,,14.7143,14,0,0.0210763,6,0,9.66667,,0,0,0,0,0,0,0,0,0,,27,20,,0,0,0,0
1604436676182,7,1010123456030,79,,1,2,4,1,0,,0,2,0,0.005152,1,0,8.83333,,0,0,0,0,0,0,0,0,0,,8,4,,0,0,0,0
1604436676431,7,1010123456030,79,,1,2,4,1,0,,12.8,5,0,0.00533333,2,0,6.5,,6.14286,28,0,0.1,11,0,0,9.47227,31,,11,6,,0,0,0,1.10714
1604436676681,7,1010123456030,79,,1,2,4,1,0,,10.2222,9,0,0.0106345,4,0,8.4,,0,0,0,0,0,0,0,0,0,,27,14,,0,0,0,0
1604436676931,7,1010123456030,79,,1,2,4,1,0,,8.88889,18,0,0.0162249,7,0,9.75,,0,0,0,0,0,0,0,0,0,,122,26,,0,0,0,0
1604436677181,7,1010123456030,79,,1,2,4,1,0,,10.2,5,0,0.00542972,2,0,9.16667,,0,0,0,0,0,0,0,0,0,,9,6,,0,0,0,0
1604436677431,7,1010123456030,79,,1,2,4,1,0,,18,11,0,0.0206908,4,0,9.33333,,0.421053,19,0,0.1,8,0,0,4.52684,31,,35,16,,0,0,0,1.10526
1604436677681,7,1010123456030,79,,1,2,4,1,0,,18,3,0,0.00517269,1,0,9.66667,,0,0,0,0,0,0,0,0,0,,8,4,,0,0,0,0
1604436677931,7,1010123456030,79,,1,2,4,1,0,,0,10,158,0.0158394,5,0,9.66667,,0.1,3,0,0.1,1,0,0,4.05649,31,,40,16,,0,0,0,1
1604436678181,7,1010123456030,79,,1,2,4,1,0,,14.0714,14,0,0.021012,6,0,7,,0,2,0,0.1,1,0,0,0,31,,75,20,,0,0,0,0
1604436678431,7,1010123456030,79,,1,2,4,1,0,,18,5,0,0.0103454,2,0,11.6667,,4.57143,7,0,0.1,3,0,0,9.93985,31,,84,8,,0,0,0,1
1604436678681,7,1010123456030,79,,1,2,4,1,0,,18,5,0,0.0103454,2,0,8.75,,0,0,0,0,0,0,0,0,0,,28,8,,0,0,0,0
1604436678931,7,1010123456030,79,,1,2,4,1,0,,18,5,0,0.0103454,2,0,10,,0,0,0,0,0,0,0,0,0,,21,8,,0,0,0,0
1604436679181,7,1010123456030,79,,1,2,4,1,0,,14.875,8,0,0.0105703,3,0,9.75,,0,2,0,0.1,1,0,0,0,31,,15,10,,0,0,0,0
1604436679431,7,1010123456030,79,,1,2,4,1,0,,0,0,0,0,0,0,10,,7,3,0,0.1,1,0,0,14.987,31,,0,0,,0,0,0,1
1604436679681,7,1010123456030,79,,1,2,4,1,0,,0,4,0,0.0103454,2,0,9,,10.8,5,0,0.1,2,0,0,13.1915,31,,18,8,,0,0,0,1
1604436679931,7,1010123456030,79,,1,2,4,1,0,,11.5263,19,0,0.0212691,8,0,7.4,,0,0,0,0,0,0,0,0,0,,101,26,,0,0,0,0
1604436680181,7,1010123456030,79,,1,2,4,1,0,,18,12,0,0.0258635,5,0,8,,0,2,0,0.1,1,0,0,0,31,,101,20,,0,0,0,0
1604436680431,7,1010123456030,79,,1,2,4,1,0,,15.7273,11,0,0.0209157,5,0,9,,10.8,5,0,0.1,2,0,0,9.55363,31,,160,18,,0,0,0,2.2
1604436680681,7,1010123456030,79,,1,2,4,1,0,,13.2941,17,0,0.0211727,7,0,8,,0,0,0,0,0,0,0,0,0,,82,22,,0,0,0,0
1604436680931,7,1010123456030,79,,1,2,4,1,0,,12.6364,11,0,0.0107309,4,0,9,,0,0,0,0,0,0,0,0,0,,73,14,,0,0,0,0
1604436681182,7,1010123456030,79,,1,2,4,1,0,,0,0,0,0,0,0,10.2,,0,0,0,0,0,0,0,0,0,,0,0,,0,0,0,0
1604436681431,7,1010123456030,79,,1,2,4,1,0,,6.95455,22,0,0.0162892,9,0,8.25,,4.18182,11,0,0.1,4,0,0,8.78469,31,,217,38,,0,0,0,1
1604436681681,7,1010123456030,79,,1,2,4,1,0,,14.75,24,0,0.0317751,9,0,9.6,,0,0,0,0,0,0,0,0,0,,83,30,,0,0,0,0
1604436681932,7,1010123456030,79,,1,2,4,1,0,,3.27778,36,0,0.017088,15,0,5.75,,0,0,0,0,0,0,0,0,0,,57,56,,0,0,0,0
1604436682181,7,1010123456030,79,,1,2,4,1,0,,2.26786,56,0,0.0182169,23,0,6.75,,0,0,0,0,0,0,0,0,0,,93,98,,0,0,0,0
1604436682431,7,1010123456030,79,,1,2,4,1,0,,1.30303,66,0,0.0186667,27,0,7.5,,9,3,0,0.1,1,0,0,13.365,31,,-52,116,,0,0,0,1
1604436682682,7,1010123456030,79,,1,2,4,1,0,,18,5,0,0.010304,2,0,10.5,,0,2,0,0.1,1,0,0,0,0,,60,8,,0,0,0,0
1604436682931,7,1010123456030,79,,1,2,4,1,0,,12.5,6,0,0,0,0,11,,0,4,0,0.1,2,50,0,0,31,,88,6,,0,0,0,0
1604436683181,7,1010123456030,79,,1,2,4,1,0,,12.5,18,0,0.026506,9,0,6.6,,0,0,0,0,0,0,0,0,0,,68,24,,0,0,0,0
1604436683431,7,1010123456030,79,,1,2,4,1,0,,1.90244,41,0,0.0122731,16,0,8.8,,4.19231,26,0,0.1,10,0,0,11.7189,31,,-7,66,,0,0,0,1
1604436683681,7,1010123456030,79,,1,2,4,1,0,,18,10,0,0.0156787,4,0,5.5,,0,0,0,0,0,0,0,0,0,,25,12,,0,0,0,0
1604436683931,7,1010123456030,79,,1,2,4,1,0,,0,0,0,0,0,0,7,,0,0,0,0,0,0,0,0,0,,0,0,,0,0,0,0
1604436684181,7,1010123456030,79,,1,2,4,1,0,,18,4,158,0.0103454,2,0,6.66667,,0,0,0,0,0,0,0,0,0,,26,8,,0,0,0,0
1604436684431,7,1010123456030,79,,1,2,4,1,0,,4.11111,36,0,0.0221365,15,0,8.5,,8.2,5,0,0.1,2,0,0,8.59725,31,,10,60,,0,0,0,1.4
1604436684681,7,1010123456030,79,,1,2,4,1,0,,18,3,0,0.00517269,1,0,10.3333,,0,0,0,0,0,0,0,0,0,,10,4,,0,0,0,0
1604436684931,7,1010123456030,79,,1,2,4,1,0,,18,11,0,0.0206908,4,0,10.3333,,0,0,0,0,0,0,0,0,0,,59,16,,0,0,0,0
1604436685181,7,1010123456030,79,,1,2,4,1,0,,6.11111,18,0,0.0110201,7,0,8.8,,0,0,0,0,0,0,0,0,0,,173,28,,0,0,0,0
1604436685431,7,1010123456030,79,,1,2,4,1,0,,18,5,0,0.0103454,2,0,7.5,,1.3125,16,0,0.1,6,0,0,6.75865,31,,11,8,,0,0,0,1
1604436685681,7,1010123456030,79,,1,2,4,1,0,,16.3846,13,0,0.0158394,5,0,8.5,,0,0,0,0,0,0,0,0,0,,45,14,,0,0,0,0
1604436685931,7,1010123456030,79,,1,2,4,1,0,,18,3,0,0.00517269,1,0,10.3333,,0,0,0,0,0,0,0,0,0,,8,4,,0,0,0,0
1604436686181,7,1010123456030,79,,1,2,4,1,0,,15.1,10,0,0.0156787,4,0,7.66667,,0,0,0,0,0,0,0,0,0,,60,14,,0,0,0,0
1604436686431,7,1010123456030,79,,1,2,4,1,0,,16.5625,16,0,0.0158394,5,0,9.83333,,9.61905,21,0,0.1,9,0,0,13.4127,31,,54,18,,0,0,0,1.33333
1604436686681,7,1010123456030,79,,1,2,4,1,0,,18,3,0,0.0103454,2,0,10.5,,0,0,0,0,0,0,0,0,0,,19,4,,0,0,0,0
1604436686931,7,1010123456030,79,,1,2,4,1,0,,18,8,0,0.0155181,3,0,9.6,,0,0,0,0,0,0,0,0,0,,29,12,,0,0,0,0
1604436687181,7,1010123456030,79,,1,2,4,1,0,,13.4286,14,0,0.021012,6,0,9.4,,0,0,0,0,0,0,0,0,0,,45,22,,0,0,0,0
1604436687431,7,1010123456030,79,,1,2,4,1,0,,16.3077,13,0,0.0208514,5,0,9.5,,1.6,15,0,0.1,6,0,0,6.96379,31,,95,18,,0,0,0,1.93333
1604436687681,7,1010123456030,79,,1,2,4,1,0,,0,0,0,0,0,0,10.25,,0,0,0,0,0,0,0,0,0,,0,0,,0,0,0,0
1604436687931,7,1010123456030,79,,1,2,4,1,0,,13.2727,22,0,0.0214297,7,0,7.4,,0,0,0,0,0,0,0,0,0,,303,28,,0,0,0,0
1604436688181,7,1010123456030,79,,1,2,4,1,0,,14.5,12,103,0.0158394,5,0,9.5,,0,0,0,0,0,0,0,0,0,,137,16,,0,0,0,0
1604436688431,7,1010123456030,79,,1,2,4,1,0,,15.9231,13,0,0.0262169,6,0,8,,1.95238,21,0,0.1,8,0,0,6.75848,31,,38,16,,0,0,0,1.14286
1604436688681,7,1010123456030,79,,1,2,4,1,0,,3.65714,35,0,0.011759,13,0,7,,0,0,0,0,0,0,0,0,0,,121,56,,0,0,0,0
1604436688932,7,1010123456030,79,,1,2,4,1,0,,0.457627,118,0,0.020992,46,0,7.8,,0,0,0,0,0,0,0,0,0,,6,218,,0,0,0,0
1604436689181,7,1010123456030,79,,1,2,4,1,0,,0,2,0,0.00517269,1,0,9.4,,0,0,0,0,0,0,0,0,0,,16,4,,0,0,0,0
1604436689431,7,1010123456030,79,,1,2,4,1,0,,0.1,110,0,0.0159036,45,0,4.25,,4.75,8,0,0.1,3,0,0,9.93394,31,,14,198,,0,0,0,1
1604436689681,7,1010123456030,79,,1,2,4,1,0,,4.21053,57,0,0.0333815,23,0,8.5,,0,0,0,0,0,0,0,0,0,,40,114,,0,0,0,0
1604436689931,7,1010123456030,79,,1,2,4,1,0,,6.11765,17,130,0.0119197,7,0,7.25,,0,0,0,0,0,0,0,0,0,,-1,62,,0,0,0,0
1604436690181,7,1010123456030,79,,1,2,4,1,0,,1.72581,124,0,0.0361125,50,0,6.25,,0,0,0,0,0,0,0,0,0,,37,238,,0,0,0,0
1604436690431,7,1010123456030,79,,1,2,4,1,0,,5.1,10,0,0.00555823,4,0,6.5,,1.2,15,0,0.1,6,0,0,9.89877,31,,106,16,,0,0,0,1.26667
1604436690681,7,1010123456030,79,,1,2,4,1,0,,1,8,116,0.000578313,1,0,5.5,,0,0,0,0,0,0,0,0,0,,-12,12,,0,0,0,0
1604436690931,7,1010123456030,79,,1,2,4,1,0,,1,22,0,0.00600803,11,0,6,,0,0,0,0,0,0,0,0,0,,44,38,,0,0,0,0
1604436691181,7,1010123456030,79,,1,2,4,1,0,,0.466102,118,0,0.0213655,47,0,5.33333,,0,0,0,0,0,0,0,0,0,,29,222,,0,0,0,0
1604436691431,7,1010123456030,79,,1,2,4,1,0,,0,0,0,0,0,0,8,,9.6,5,0,0.1,2,0,0,11.2515,31,,0,0,,0,0,0,1.4
1604436691681,7,1010123456030,79,,1,2,4,1,0,,0,0,0,0,0,0,9.75,,0,0,0,0,0,0,0,0,0,,0,0,,0,0,0,0
1604436691931,7,1010123456030,79,,1,2,4,1,0,,10,11,0,0.0107309,5,0,7.33333,,0,0,0,0,0,0,0,0,0,,66,20,,0,0,0,0
1604436692181,7,1010123456030,79,,1,2,4,1,0,,12.2,5,0,0.00533333,2,0,8.5,,0,0,0,0,0,0,0,0,0,,12,6,,0,0,0,0
1604436692431,7,1010123456030,79,,1,2,4,1,0,,12.5,6,0,0.00533333,2,0,8.33333,,7.6,5,0,0.1,2,0,0,12.5862,31,,18,6,,0,0,0,1
1604436692681,7,1010123456030,79,,1,2,4,1,0,,0.883333,120,0,0.0264739,48,0,7.66667,,0,0,0,0,0,0,0,0,0,,120,192,,0,0,0,0
1604436692931,7,1010123456030,79,,1,2,4,1,0,,14.8182,22,0,0.0367871,9,0,8.25,,0,0,0,0,0,0,0,0,0,,125,36,,0,0,0,0
1604436693181,7,1010123456030,79,,1,2,4,1,0,,1.25714,105,0,0.0256386,42,0,7,,0,0,0,0,0,0,0,0,0,,-6,182,,0,0,0,0
1604436693431,7,1010123456030,79,,1,2,4,1,0,,7.85714,7,0,0.00542972,3,0,7.16667,,8.8,5,0,0.1,2,0,0,15.5791,31,,44,10,,0,0,0,1
1604436693681,7,1010123456030,79,,1,2,4,1,0,,11,11,0,0.0109237,4,0,5.75,,0,0,0,0,0,0,0,0,0,,111,16,,0,0,0,0
1604436693931,7,1010123456030,79,,1,2,4,1,0,,0,10,0,0.0133655,4,0,9.25,,0,0,0,0,0,0,0,0,0,,41,20,,0,0,0,0
1604436694181,7,1010123456030,79,,1,2,4,1,0,,3.5,34,0,0.0196627,15,0,8.8,,0,0,0,0,0,0,0,0,0,,173,56,,0,0,0,0
1604436694432,7,1010123456030,79,,1,2,4,1,0,,15.6667,12,0,0.020896,5,0,9.5,,4.8,10,0,0.1,4,0,0,12.8267,31,,48,20,,0,0,0,1.9
1604436694681,7,1010123456030,79,,1,2,4,1,0,,13.4375,16,0,0.0210763,6,0,10.25,,0,0,0,0,0,0,0,0,0,,71,24,,0,0,0,0
1604436694931,7,1010123456030,79,,1,2,4,1,0,,18,3,0,0.00517269,1,0,6.5,,0,0,0,0,0,0,0,0,0,,12,4,,0,0,0,0
1604436695181,7,1010123456030,79,,1,2,4,1,0,,11,18,0,0.0164819,7,0,7.2,,0,0,0,0,0,0,0,0,0,,72,24,,0,0,0,0
1604436695432,7,1010123456030,79,,1,2,4,1,0,,9.9,10,0,0.01056,4,0,9.4,,10.4,5,0,0.1,2,0,0,14.3793,31,,48,14,,0,0,0,1.6
1604436695682,7,1010123456030,79,,1,2,4,1,0,,11.6,10,0,0.010752,4,0,8.5,,0,0,0,0,0,0,0,0,0,,41,14,,0,0,0,0
1604436695931,7,1010123456030,79,,1,2,4,1,0,,13,5,0,0.00539759,2,0,9.33333,,0,0,0,0,0,0,0,0,0,,24,6,,0,0,0,0
1604436696181,7,1010123456030,79,,1,2,4,1,0,,0,0,0,0,0,0,13.8,,0,0,0,0,0,0,0,0,0,,0,0,,0,0,0,0
1604436696431,7,1010123456030,79,,1,2,4,1,0,,12.2381,21,0,0.0266345,8,0,9,,11.2,5,0,0.1,2,0,0,14.6882,31,,99,28,,0,0,0,1
1604436696681,7,1010123456030,79,,1,2,4,1,0,,0,0,0,0,0,0,8.4,,0,0,0,0,0,0,0,0,0,,0,0,,0,0,0,0
1604436696931,7,1010123456030,79,,1,2,4,1,0,,13.25,12,0,0.0159679,5,0,8.4,,0,0,0,0,0,0,0,0,0,,49,18,,0,0,0,0
1604436697181,7,1010123456030,79,,1,2,4,1,0,,11.8,15,0,0.0161285,6,0,8.25,,0,0,0,0,0,0,0,0,0,,86,20,,0,0,0,0
1604436697431,7,1010123456030,79,,1,2,4,1,0,,0,6,0,0.010506,3,0,8.25,,11.2,5,0,0.1,2,0,0,13.9883,31,,46,12,,0,0,0,1
1604436697681,7,1010123456030,79,,1,2,4,1,0,,14,3,37,0,0,0,8,,0,0,0,0,0,0,0,0,0,,8,4,,0,0,0,0
1604436697931,7,1010123456030,79,,1,2,4,1,0,,0,2,0,0.00533333,2,0,12.4,,0,0,0,0,0,0,0,0,0,,4,2,,0,0,0,0
1604436698181,7,1010123456030,79,,1,2,4,1,0,,12.3158,19,0,0.0215261,8,0,8,,0,0,0,0,0,0,0,0,0,,80,26,,0,0,0,0
1604436698431,7,1010123456030,79,,1,2,4,1,0,,12.8,10,0,0.0107309,4,0,8,,10.8,5,0,0.1,2,0,0,17.0191,31,,70,12,,0,0,0,1
1604436698681,7,1010123456030,79,,1,2,4,1,0,,0,4,0,0.00546185,2,0,7.5,,0,0,0,0,0,0,0,0,0,,23,8,,0,0,0,0
1604436698931,7,1010123456030,79,,1,2,4,1,0,,15.7,10,0,0.00539759,2,0,9.25,,0,0,0,0,0,0,0,0,0,,40,10,,0,0,0,0
1604436699181,7,1010123456030,79,,1,2,4,1,0,,13.1,10,0,0.016257,6,0,5.83333,,0,0,0,0,0,0,0,0,0,,50,12,,0,0,0,0
1604436699431,7,1010123456030,79,,1,2,4,1,0,,0,0,0,0,0,0,9,,0,0,0,0,0,0,0,0,0,,0,0,,0,0,0,0
1604436699681,7,1010123456030,79,,1,2,4,1,0,,15.5,10,0,0.015743,4,0,9.25,,7.7,10,0,0.1,4,0,0,12.4959,31,,88,14,,0,0,0,1.3
1604436699931,7,1010123456030,79,,1,2,4,1,0,,9,21,0,0.0162892,8,0,7.66667,,0,0,0,0,0,0,0,0,0,,100,36,,0,0,0,0
1604436700181,7,1010123456030,79,,1,2,4,1,0,,13.5556,18,0,0.0212369,7,0,8.8,,0,0,0,0,0,0,0,0,0,,62,22,,0,0,0,0
1604436700431,7,1010123456030,79,,1,2,4,1,0,,11.9375,32,0,0.0322249,13,0,8,,9.4,5,0,0.1,2,0,0,14.7808,31,,153,38,,0,0,0,1
1604436700681,7,1010123456030,79,,1,2,4,1,0,,12.8,10,0,0.0106667,4,0,8,,0,0,0,0,0,0,0,0,0,,40,12,,0,0,0,0
1604436700931,7,1010123456030,79,,1,2,4,1,0,,14.875,8,0,0.0105703,3,0,10,,0,0,0,0,0,0,0,0,0,,31,10,,0,0,0,0
1604436701182,7,1010123456030,79,,1,2,4,1,0,,18,5,0,0.010304,2,0,7.16667,,0,0,0,0,0,0,0,0,0,,43,8,,0,0,0,0
1604436701432,7,1010123456030,79,,1,2,4,1,0,,7.75,8,0,0.005472,3,0,6.6,,9.6,5,0,0.1,2,0,0,12.7563,31,,14,18,,0,0,0,1
1604436701681,7,1010123456030,79,,1,2,4,1,0,,12.3636,11,0,0.0106667,4,0,9.33333,,0,0,0,0,0,0,0,0,0,,36,12,,0,0,0,0
1604436701932,7,1010123456030,79,,1,2,4,1,0,,7.04167,24,0,0.01072,4,0,7.8,,0,0,0,0,0,0,0,0,0,,99,36,,0,0,0,0
1604436702182,7,1010123456030,79,,1,2,4,1,0,,9.71429,14,0,0.016512,11,0,7.16667,,0,0,0,0,0,0,0,0,0,,34,14,,0,0,0,0
1604436702431,7,1010123456030,79,,1,2,4,1,0,,13.8571,7,0,0.010506,3,0,9,,7.8,5,0,0.1,2,0,0,12.1795,31,,32,10,,0,0,0,1
1604436702681,7,1010123456030,79,,1,2,4,1,0,,7.24074,54,0,0.0333494,21,0,6,,0,0,0,0,0,0,0,0,0,,199,72,,0,0,0,0
1604436702931,7,1010123456030,79,,1,2,4,1,0,,1.025,80,0,0.0194378,31,0,7,,0,0,0,0,0,0,0,0,0,,80,150,,0,0,0,0
1604436703181,7,1010123456030,79,,1,2,4,1,0,,10.6667,9,0,0.0107309,4,0,7.33333,,0,0,0,0,0,0,0,0,0,,62,16,,0,0,0,0
1604436703431,7,1010123456030,79,,1,2,4,1,0,,0,6,0,0.010506,3,0,6,,8.2,5,0,0.1,2,0,0,11.2685,31,,35,10,,0,0,0,1
1604436703681,7,1010123456030,79,,1,2,4,1,0,,1.03226,62,0,0.0121446,24,0,4.5,,0,0,0,0,0,0,0,0,0,,38,102,,0,0,0,0
1604436703931,7,1010123456030,79,,1,2,4,1,0,,13.7273,11,0,0.0172209,6,0,10.5,,0,0,0,0,0,0,0,0,0,,88,16,,0,0,0,0
1604436704181,7,1010123456030,79,,1,2,4,1,0,,9.1,10,0,0.0106024,4,0,6.6,,0,0,0,0,0,0,0,0,0,,25,14,,0,0,0,0
1604436704431,7,1010123456030,79,,1,2,4,1,0,,0,2,0,0.00517269,1,0,6,,9.4,5,0,0.1,2,0,0,15.1472,31,,14,4,,0,0,0,1
1604436704681,7,1010123456030,79,,1,2,4,1,0,,3.7,40,0,0.0173815,16,0,5.5,,0,0,0,0,0,0,0,0,0,,87,62,,0,0,0,0
1604436704931,7,1010123456030,79,,1,2,4,1,0,,14.1,10,0,0.0159357,4,0,8.66667,,0,0,0,0,0,0,0,0,0,,50,16,,0,0,0,0
1604436705181,7,1010123456030,79,,1,2,4,1,0,,3.625,16,0,0.00584739,6,0,6.33333,,0,0,0,0,0,0,0,0,0,,81,24,,0,0,0,0
1604436705431,7,1010123456030,79,,1,2,4,1,0,,15.2,5,0,0.00526908,2,0,8.66667,,9,5,0,0.1,2,0,0,11.8036,31,,18,6,,0,0,0,1
1604436705681,7,1010123456030,79,,1,2,4,1,0,,0,4,0,0.00533333,2,0,8,,0,0,0,0,0,0,0,0,0,,10,6,,0,0,0,0
1604436705931,7,1010123456030,79,,1,2,4,1,0,,12.6667,12,0,0.0158394,5,0,6.25,,0,0,0,0,0,0,0,0,0,,70,18,,0,0,0,0
1604436706181,7,1010123456030,79,,1,2,4,1,0,,9.2,20,0,0.0162249,8,0,7.25,,0,0,0,0,0,0,0,0,0,,96,28,,0,0,0,0
1604436706431,7,1010123456030,79,,1,2,4,1,0,,14.2857,7,0,0.010506,3,0,9.75,,7.8,5,0,0.1,2,0,0,10.3351,31,,32,10,,0,0,0,1
1604436706681,7,1010123456030,79,,1,2,4,1,0,,13.7222,18,0,0.0212369,7,0,10.25,,0,0,0,0,0,0,0,0,0,,156,22,,0,0,0,0
1604436706931,7,1010123456030,79,,1,2,4,1,0,,18,3,0,0.00517269,1,0,10.6,,0,0,0,0,0,0,0,0,0,,24,4,,0,0,0,0
1604436707181,7,1010123456030,79,,1,2,4,1,0,,0,4,0,0.00526908,2,0,8.75,,0,0,0,0,0,0,0,0,0,,24,8,,0,0,0,0
1604436707431,7,1010123456030,79,,1,2,4,1,0,,0,0,0,0,0,0,9,,0,0,0,0,0,0,0,0,0,,0,0,,0,0,0,0
1604436707681,7,1010123456030,79,,1,2,4,1,0,,0,0,0,0,0,0,9.66667,,0,0,0,0,0,0,0,0,0,,0,0,,0,0,0,0
1604436707932,7,1010123456030,79,,1,2,4,1,0,,18.0714,14,0,0.020768,5,0,4,,7.5,6,0,0.1,2,0,0,14.1724,31,,49,16,,0,0,0,1
1604436708182,7,1010123456030,79,,1,2,4,1,0,,18,7,0,0.015456,3,0,7.5,,0,0,0,0,0,0,0,0,0,,18,12,,0,0,0,0
1604436708432,7,1010123456030,79,,1,2,4,1,0,,9.23077,13,0,0.010976,5,0,6.33333,,0,4,0,0.1,2,0,0,0,31,,33,22,,0,0,0,0
1604436708682,7,1010123456030,79,,1,2,4,1,0,,0,0,0,0.005152,1,0,6.5,,0,0,0,0,0,0,0,0,0,,0,0,,0,0,0,0
1604436708931,7,1010123456030,79,,1,2,4,1,0,,6.40909,22,0,0.0162892,9,0,7,,0,0,0,0,0,0,0,0,0,,102,36,,0,0,0,0
1604436709181,7,1010123456030,79,,1,2,4,1,0,,0,0,0,0,0,0,8,,0,0,0,0,0,0,0,0,0,,0,0,,0,0,0,0
1604436709431,7,1010123456030,79,,1,2,4,1,0,,7.3,20,0,0.0161928,8,0,8.25,,8.5,6,0,0.1,2,0,0,12.4737,31,,121,32,,0,0,0,1
1604436709681,7,1010123456030,79,,1,2,4,1,0,,0,10,123,0.00106024,3,0,2,,0,0,0,0,0,0,0,0,0,,-17,24,,0,0,0,0
1604436709931,7,1010123456030,79,,1,2,4,1,0,,1.70769,65,0,0.0181847,28,0,8,,0,0,0,0,0,0,0,0,0,,220,112,,0,0,0,0
1604436710181,7,1010123456030,79,,1,2,4,1,0,,0.1,51,18,0.0053012,15,0,5.5,,0,0,0,0,0,0,0,0,0,,12,84,,0,0,0,0
1604436710431,6,1010123456030,79,,1,2,4,1,0,,4.13333,60,0,0.0309719,30,0,7.66667,,1.76471,17,0,0.1,7,0,0,10.8241,31,,153,92,,0,0,0,1.23529
1604436710681,6,1010123456030,79,,1,2,4,1,0,,3.71429,28,0,0.0116948,12,0,4,,0,0,0,0,0,0,0,0,0,,135,52,,0,0,0,0
1604436710931,6,1010123456030,79,,1,2,4,1,0,,0.1,166,0,0.0236787,67,0,4,,0,0,0,0,0,0,0,0,0,,50,304,,0,0,0,0
1604436711181,6,1010123456030,79,,1,2,4,1,0,,4.97674,86,0,0.0501205,35,0,5.4,,0,0,0,0,0,0,0,0,0,,114,140,,0,0,0,0
1604436711431,6,1010123456030,79,,1,2,4,1,0,,18,3,0,0.00517269,1,0,10,,9.6,5,0,0.1,2,0,0,13.0408,31,,12,4,,0,0,0,1.4
1604436711681,6,1010123456030,79,,1,2,4,1,0,,0,2,0,0.00517269,1,0,3,,0,0,0,0,0,0,0,0,0,,12,4,,0,0,0,0
1604436711931,6,1010123456030,79,,1,2,4,1,0,,11.4,15,0,0.0161928,6,0,9,,0,0,0,0,0,0,0,0,0,,44,18,,0,0,0,0
1604436712181,6,1010123456030,79,,1,2,4,1,0,,0,0,0,0,0,0,10,,0,0,0,0,0,0,0,0,0,,0,0,,0,0,0,0
1604436712431,6,1010123456030,79,,1,2,4,1,0,,1.38095,63,0,0.0187309,26,0,6.5,,8.25,8,0,0.1,3,33.3333,0,8.45482,31,,91,110,,0,0,0,3.625
1604436712681,6,1010123456030,79,,1,2,4,1,0,,17.4,10,0,0.0157751,3,0,10,,0,0,0,0,0,0,0,0,0,,35,16,,0,0,0,0
1604436712931,6,1010123456030,79,,1,2,4,1,0,,1.35227,88,0,0.030008,37,0,9,,0,0,0,0,0,0,0,0,0,,88,164,,0,0,0,0
1604436713181,6,1010123456030,79,,1,2,4,1,0,,0,0,0,0,0,0,6.5,,0,0,0,0,0,0,0,0,0,,0,0,,0,0,0,0
1604436713431,6,1010123456030,79,,1,2,4,1,0,,0.1,59,0,0.00812851,23,0,8,,4.57143,7,0,0.1,3,0,0,10.0516,31,,42,100,,0,0,0,1
1604436713681,6,1010123456030,79,,1,2,4,1,0,,12.68,25,0,0.0266667,10,0,8,,0,0,0,0,0,0,0,0,0,,88,30,,0,0,0,0
1604436713931,6,1010123456030,79,,1,2,4,1,0,,2.58333,72,0,0.0241285,29,0,2,,0,0,0,0,0,0,0,0,0,,75,114,,0,0,0,0
1604436714181,6,1010123456030,79,,1,2,4,1,0,,18,3,0,0.00517269,1,0,10,,0,0,0,0,0,0,0,0,0,,11,4,,0,0,0,0
1604436714431,6,1010123456030,79,,1,2,4,1,0,,18,6,0,0.0103454,2,0,6.5,,5.25,8,0,0.1,3,0,0,13.4362,31,,19,8,,0,0,0,1
1604436714682,6,1010123456030,79,,1,2,4,1,0,,0.382979,47,0,0.00752,19,0,8,,0,0,0,0,0,0,0,0,0,,11,74,,0,0,0,0
1604436714932,6,1010123456030,79,,1,2,4,1,0,,0,6,0,0.010464,3,0,14,,0,0,0,0,0,0,0,0,0,,24,10,,0,0,0,0
1604436715182,6,1010123456030,79,,1,2,4,1,0,,1.33333,27,79,0.006208,4,0,1.5,,0,0,0,0,0,0,0,0,0,,-1,48,,0,0,0,0
1604436715431,6,1010123456030,79,,1,2,4,1,0,,0.642857,56,0,0.0133655,30,0,3.25,,11,8,0,0.1,3,33.3333,0,8.12984,31,,50,88,,0,0,0,4.375
1604436715681,6,1010123456030,79,,1,2,4,1,0,,0,0,0,0,0,0,6,,0,0,0,0,0,0,0,0,0,,0,0,,0,0,0,0
1604436715931,6,1010123456030,79,,1,2,4,1,0,,18,3,0,0.00517269,1,0,6.5,,0,0,0,0,0,0,0,0,0,,8,4,,0,0,0,0
1604436716181,6,1010123456030,79,,1,2,4,1,0,,1.65672,67,0,0.0187952,27,0,5,,0,0,0,0,0,0,0,0,0,,57,132,,0,0,0,0
1604436716431,6,1010123456030,79,,1,2,4,1,0,,12.8,5,0,0.00533333,2,0,11.6667,,8.4,5,0,0.1,2,0,0,11.8634,31,,12,6,,0,0,0,1.6
1604436716681,6,1010123456030,79,,1,2,4,1,0,,6.10345,29,0,0.0217831,12,0,6.33333,,0,0,0,0,0,0,0,0,0,,19,48,,0,0,0,0
1604436716931,6,1010123456030,79,,1,2,4,1,0,,1.125,48,0,0.0127229,20,0,7,,0,0,0,0,0,0,0,0,0,,22,78,,0,0,0,0
1604436717181,6,1010123456030,79,,1,2,4,1,0,,0,4,0,0.00533333,2,0,10,,0,0,0,0,0,0,0,0,0,,10,6,,0,0,0,0
1604436717431,6,1010123456030,79,,1,2,4,1,0,,18,6,0,0.0103454,2,0,2,,7.6,5,0,0.1,2,0,0,15.077,31,,13,8,,0,0,0,1
1604436717681,6,1010123456030,79,,1,2,4,1,0,,0,0,0,0,0,0,7.5,,0,0,0,0,0,0,0,0,0,,0,0,,0,0,0,0
1604436717931,6,1010123456030,79,,1,2,4,1,0,,18,5,0,0.0103454,2,0,11,,0,0,0,0,0,0,0,0,0,,13,8,,0,0,0,0
1604436718181,6,1010123456030,79,,1,2,4,1,0,,18,5,0,0.0103454,2,0,0.1,,0,0,0,0,0,0,0,0,0,,16,8,,0,0,0,0
1604436718431,6,1010123456030,79,,1,2,4,1,0,,0,2,0,0.00517269,1,0,5,,11,7,0,0.1,3,33.3333,0,8.6981,31,,4,4,,0,0,0,4.14286
1604436718681,6,1010123456030,79,,1,2,4,1,0,,9,7,0,0.00568675,3,0,10,,0,0,0,0,0,0,0,0,0,,19,10,,0,0,0,0
1604436718931,6,1010123456030,79,,1,2,4,1,0,,18,9,0,0.0206908,4,0,12.5,,0,0,0,0,0,0,0,0,0,,13,16,,0,0,0,0
1604436719181,6,1010123456030,79,,1,2,4,1,0,,0,0,0,0,0,0,9.66667,,0,0,0,0,0,0,0,0,0,,0,0,,0,0,0,0
1604436719431,6,1010123456030,79,,1,2,4,1,0,,15.5625,16,0,0.0261205,6,0,9,,4.57143,7,0,0.1,3,0,0,12.174,31,,47,22,,0,0,0,1
1604436719681,6,1010123456030,79,,1,2,2,1,0,,10.2,5,158,0.00542972,2,0,5.5,,0,0,0,0,0,0,0,0,0,,-5,34,,0,0,0,0
1604436719931,6,1010123456030,79,,1,2,2,1,0,,5.15702,121,0,0.0316145,49,0,7.6,,0,0,0,0,0,0,0,0,0,,132,118,,0,0,0,0
1604436720181,6,1010123456030,79,,1,2,2,1,0,,17,5,0,0.00533333,2,0,8,,0,0,0,0,0,0,0,0,0,,-11,28,,0,0,0,0
1604436720431,6,1010123456030,79,,1,2,2,1,0,,15.0556,18,0,0.0161606,7,0,11.5,,8.6,5,0,0.1,2,0,0,13.8115,31,,42,14,,0,0,0,1
1604436720681,6,1010123456030,79,,1,2,2,1,0,,9.41379,29,0,0.0167711,12,0,7,,0,0,0,0,0,0,0,0,0,,72,24,,0,0,0,0
1604436720932,6,1010123456030,79,,1,2,2,1,0,,13.875,8,0,0.00544,3,0,9.5,,0,0,0,0,0,0,0,0,0,,22,6,,0,0,0,0
1604436721181,6,1010123456030,79,,1,2,2,1,0,,4.11429,35,0,0.00690763,14,0,6.2,,0,0,0,0,0,0,0,0,0,,137,28,,0,0,0,0
1604436721432,6,1010123456030,79,,1,2,2,1,0,,15.9,30,0,0.017792,8,0,4.66667,,9.6,5,0,0.1,2,0,0,13.7348,31,,26,150,,0,0,0,1
1604436721681,6,1010123456030,79,,1,2,2,1,0,,3.1413,92,0,0.0292048,41,0,5.5,,0,0,0,0,0,0,0,0,0,,33,74,,0,0,0,0
1604436721931,6,1010123456030,79,,1,2,2,1,0,,11.5714,7,0,0.00549398,3,0,10,,0,0,0,0,0,0,0,0,0,,26,6,,0,0,0,0
1604436722181,6,1010123456030,79,,1,2,2,1,0,,18.5,20,0,0.0213333,8,0,10,,0,0,0,0,0,0,0,0,0,,48,16,,0,0,0,0
1604436722431,6,1010123456030,79,,1,2,2,1,0,,9.1,10,0,0.00565462,4,0,6.33333,,8.6,5,0,0.1,2,0,0,12.4721,31,,0,8,,0,0,0,1
1604436722681,6,1010123456030,79,,1,2,2,1,0,,16.6111,18,0,0.0161285,7,0,9.5,,0,0,0,0,0,0,0,0,0,,51,14,,0,0,0,0
1604436722931,6,1010123456030,79,,1,2,2,1,0,,15,19,0,0.0108916,6,0,7.5,,0,0,0,0,0,0,0,0,0,,65,18,,0,0,0,0
1604436723181,6,1010123456030,79,,1,2,2,1,0,,18.45,20,158,0.0266667,10,0,2,,0,0,0,0,0,0,0,0,0,,24,64,,0,0,0,0
1604436723431,6,1010123456030,79,,1,2,2,1,0,,18.4,10,0,0.0106667,4,0,9.25,,8.6,5,0,0.1,2,0,0,14.0256,31,,-94,224,,0,0,0,1
1604436723681,6,1010123456030,79,,1,2,2,1,0,,15,13,0,0.0107309,5,0,7.25,,0,0,0,0,0,0,0,0,0,,67,10,,0,0,0,0
1604436723931,6,1010123456030,79,,1,2,2,1,0,,1.75926,108,0,0.015743,44,0,10.3333,,0,0,0,0,0,0,0,0,0,,148,90,,0,0,0,0
1604436724181,6,1010123456030,79,,1,2,2,1,0,,0,0,0,0,0,0,8,,0,0,0,0,0,0,0,0,0,,0,0,,0,0,0,0
1604436724431,6,1010123456030,79,,1,2,2,1,0,,7.75,56,0,0.0231004,22,0,7.75,,10.4,5,0,0.1,2,0,0,13.5842,31,,134,44,,0,0,0,1.6
1604436724681,6,1010123456030,79,,1,2,2,1,0,,11.125,32,0,0.0167068,12,0,7,,0,0,0,0,0,0,0,0,0,,10,180,,0,0,0,0
1604436724931,6,1010123456030,79,,1,2,2,1,0,,17.9333,15,0,0.016,6,0,10,,0,0,0,0,0,0,0,0,0,,45,12,,0,0,0,0
1604436725181,6,1010123456030,79,,1,2,2,1,0,,18,9,0,0.0106667,4,0,9.14286,,0,0,0,0,0,0,0,0,0,,25,8,,0,0,0,0
1604436725431,6,1010123456030,79,,1,2,2,1,0,,13.2857,28,0,0.0217831,11,0,9.33333,,10.4,5,0,0.1,2,0,0,15.205,31,,71,22,,0,0,0,1.6
1604436725681,6,1010123456030,79,,1,2,2,1,0,,0,0,0,0,0,0,10.8,,0,0,0,0,0,0,0,0,0,,0,0,,0,0,0,0
1604436725931,6,1010123456030,79,,1,2,2,1,0,,12.48,25,0,0.0164498,9,0,9.5,,0,0,0,0,0,0,0,0,0,,44,18,,0,0,0,0
1604436726181,6,1010123456030,79,,1,2,2,1,0,,18.5455,11,0,0.0106667,4,0,8.5,,0,0,0,0,0,0,0,0,0,,22,8,,0,0,0,0
1604436726431,6,1010123456030,79,,1,2,2,1,0,,18.5,6,0,0.00533333,2,0,10.25,,10.4,5,0,0.1,2,0,0,13.0663,31,,12,4,,0,0,0,1.4
1604436726681,6,1010123456030,79,,1,2,2,1,0,,15.7222,18,0,0.016096,7,0,10.5,,0,0,0,0,0,0,0,0,0,,59,14,,0,0,0,0
1604436726931,6,1010123456030,79,,1,2,2,1,0,,9.66667,12,158,0.00568675,5,0,6,,0,0,0,0,0,0,0,0,0,,-41,146,,0,0,0,0
1604436727181,6,1010123456030,79,,1,2,2,1,0,,13.4194,31,0,0.021751,12,0,9.14286,,0,0,0,0,0,0,0,0,0,,84,30,,0,0,0,0
1604436727431,6,1010123456030,79,,1,2,2,1,0,,14.6154,13,0,0.0107952,5,0,12,,8.4,5,0,0.1,2,0,0,15.2445,31,,37,10,,0,0,0,1
1604436727681,6,1010123456030,79,,1,2,2,1,0,,5.86957,23,0,0.00623293,9,0,9.4,,0,0,0,0,0,0,0,0,0,,119,18,,0,0,0,0
1604436727931,6,1010123456030,79,,1,2,2,1,0,,12.375,8,0,0.00549398,3,0,10,,0,0,0,0,0,0,0,0,0,,17,6,,0,0,0,0
1604436728182,6,1010123456030,79,,1,2,2,1,0,,13.3077,13,158,0.011008,6,0,9.75,,0,0,0,0,0,0,0,0,0,,62,12,,0,0,0,0
1604436728431,6,1010123456030,79,,1,2,2,1,0,,15.1905,21,0,0.0163213,8,0,8,,0,4,0,0.1,2,0,0,0,31,,39,16,,0,0,0,0
1604436728681,6,1010123456030,79,,1,2,2,1,0,,0,0,0,0,0,0,10.5,,0,0,0,0,0,0,0,0,0,,0,0,,0,0,0,0
1604436728931,6,1010123456030,79,,1,2,2,1,0,,8.57895,38,238,0.0174458,11,0,8.5,,0,0,0,0,0,0,0,0,0,,63,32,,0,0,0,0
1604436729181,6,1010123456030,79,,1,2,2,1,0,,12.8205,39,0,0.0324819,21,0,8,,0,0,0,0,0,0,0,0,0,,38,128,,0,0,0,0
1604436729431,6,1010123456030,79,,1,2,2,1,0,,13.2273,22,0,0.0164819,9,0,9.6,,10.8,5,0,0.1,2,0,0,15.5461,31,,29,18,,0,0,0,1.6
1604436729681,6,1010123456030,79,,1,2,2,1,0,,15.6667,30,0,0.026988,12,0,10.4,,0,0,0,0,0,0,0,0,0,,63,24,,0,0,0,0
1604436729931,6,1010123456030,79,,1,2,2,1,0,,16.0714,14,0,0.0108273,5,0,9,,0,0,0,0,0,0,0,0,0,,38,10,,0,0,0,0
1604436730181,6,1010123456030,79,,1,2,2,1,0,,11.4286,21,158,0.0113092,8,0,6.5,,0,0,0,0,0,0,0,0,0,,92,16,,0,0,0,0
1604436730431,6,1010123456030,79,,1,2,2,1,0,,18.5,16,0,0.0106667,4,0,8.5,,11.1429,7,0,0.1,3,33.3333,0,11.4726,31,,40,12,,0,0,0,3.57143
1604436730681,6,1010123456030,79,,1,2,2,1,0,,18.4545,11,0,0.016,6,0,9.4,,0,0,0,0,0,0,0,0,0,,26,8,,0,0,0,0
1604436730931,6,1010123456030,79,,1,2,2,1,0,,16.2273,22,0,0.0169317,7,0,10.5,,0,0,0,0,0,0,0,0,0,,99,18,,0,0,0,0
1604436731181,6,1010123456030,79,,1,2,2,1,0,,9.29412,17,104,0.010988,6,0,7.33333,,0,0,0,0,0,0,0,0,0,,139,16,,0,0,0,0
1604436731431,6,1010123456030,79,,1,2,2,1,0,,8,26,0,0.0118876,13,0,8.33333,,12,5,0,0.1,2,0,0,18.9434,31,,72,20,,0,0,0,1
1604436731681,6,1010123456030,79,,1,2,2,1,0,,8.25926,27,0,0.0115663,11,0,5.75,,0,0,0,0,0,0,0,0,0,,69,30,,0,0,0,0
1604436731931,6,1010123456030,79,,1,2,2,1,0,,14.7692,26,0,0.0216546,10,0,9.6,,0,0,0,0,0,0,0,0,0,,87,20,,0,0,0,0
1604436732181,6,1010123456030,79,,1,2,2,1,0,,14.6552,29,0,0.0266667,11,0,10.5,,0,0,0,0,0,0,0,0,0,,117,24,,0,0,0,0
1604436732431,6,1010123456030,79,,1,2,2,1,0,,13.9231,26,0,0.021984,12,0,9.66667,,10.8,5,0,0.1,2,0,0,14.4787,31,,46,22,,0,0,0,1.4
1604436732681,6,1010123456030,79,,1,2,2,1,0,,14,15,0,0.010988,6,0,9.33333,,0,0,0,0,0,0,0,0,0,,39,12,,0,0,0,0
1604436732931,6,1010123456030,79,,1,2,2,1,0,,15.7273,33,0,0.0321606,14,0,8.16667,,0,0,0,0,0,0,0,0,0,,73,86,,0,0,0,0
1604436733181,6,1010123456030,79,,1,2,2,1,0,,18.5,6,0,0.00533333,2,0,7.66667,,0,0,0,0,0,0,0,0,0,,16,4,,0,0,0,0
1604436733431,6,1010123456030,79,,1,2,2,1,0,,14.4167,12,0,0.0108273,5,0,9.6,,10.8,5,0,0.1,2,0,0,14.7364,31,,26,10,,0,0,0,1
1604436733681,6,1010123456030,79,,1,2,2,1,0,,18.6,5,0,0.00533333,2,0,8.16667,,0,0,0,0,0,0,0,0,0,,10,4,,0,0,0,0
1604436733931,6,1010123456030,79,,1,2,2,1,0,,18.6,5,0,0.00533333,2,0,8.2,,0,0,0,0,0,0,0,0,0,,14,4,,0,0,0,0
1604436734181,6,1010123456030,79,,1,2,2,1,0,,0,0,0,0,0,0,9.25,,0,0,0,0,0,0,0,0,0,,0,0,,0,0,0,0
1604436734432,6,1010123456030,79,,1,2,2,1,0,,18.6,5,0,0.005312,2,0,8.5,,0,0,0,0,0,0,0,0,0,,22,4,,0,0,0,0
1604436734682,6,1010123456030,79,,1,2,2,1,0,,5.87179,39,0,0.012128,16,0,8.83333,,12,5,0,0.1,2,0,0,18.7925,31,,110,32,,0,0,0,1
1604436734931,6,1010123456030,79,,1,2,2,1,0,,18.4,5,0,0.00533333,2,0,9.83333,,0,0,0,0,0,0,0,0,0,,14,4,,0,0,0,0
1604436735181,6,1010123456030,79,,1,2,2,1,0,,16.3182,22,0,0.021494,9,0,10,,0,0,0,0,0,0,0,0,0,,58,18,,0,0,0,0
1604436735431,6,1010123456030,79,,1,2,2,1,0,,18.4,5,0,0.00533333,2,0,8.83333,,13.8,5,0,0.1,2,0,0,19.136,31,,14,4,,0,0,0,1
1604436735681,6,1010123456030,79,,1,2,2,1,0,,11.1,10,0,0.0055261,4,0,7.66667,,0,0,0,0,0,0,0,0,0,,43,8,,0,0,0,0
1604436735931,6,1010123456030,79,,1,2,2,1,0,,18.6,5,0,0.00533333,2,0,6.6,,0,0,0,0,0,0,0,0,0,,7,4,,0,0,0,0
1604436736181,6,1010123456030,79,,1,2,2,1,0,,18.6,5,0,0.00533333,2,0,10.1429,,0,0,0,0,0,0,0,0,0,,18,4,,0,0,0,0
1604436736431,6,1010123456030,79,,1,2,2,1,0,,12.1389,36,0,0.0165462,10,0,8.83333,,13.8,5,0,0.1,2,0,0,18.1913,31,,109,28,,0,0,0,1
1604436736681,6,1010123456030,79,,1,2,2,1,0,,18.4,5,0,0.0108594,6,0,10,,0,0,0,0,0,0,0,0,0,,18,4,,0,0,0,0
1604436736931,6,1010123456030,79,,1,2,2,1,0,,18.4,5,0,0.00533333,2,0,8.66667,,0,0,0,0,0,0,0,0,0,,22,4,,0,0,0,0
1604436737181,6,1010123456030,79,,1,2,2,1,0,,16.4583,24,0,0.021494,9,0,9,,0,0,0,0,0,0,0,0,0,,69,18,,0,0,0,0
1604436737431,6,1010123456030,79,,1,2,2,1,0,,12.1111,36,0,0.0221044,14,0,7.33333,,13.2,5,0,0.1,2,0,0,11.1697,31,,135,28,,0,0,0,2.2
1604436737681,6,1010123456030,79,,1,2,2,1,0,,0,0,0,0,0,0,9,,0,0,0,0,0,0,0,0,0,,0,0,,0,0,0,0
1604436737931,6,1010123456030,79,,1,2,2,1,0,,18.6,5,0,0.00533333,2,0,9.5,,0,0,0,0,0,0,0,0,0,,6,4,,0,0,0,0
1604436738181,6,1010123456030,79,,1,2,2,1,0,,11.7143,28,0,0.0165462,11,0,5.83333,,0,0,0,0,0,0,0,0,0,,19,116,,0,0,0,0
1604436738431,6,1010123456030,79,,1,2,2,1,0,,14.913,23,0,0.0216546,10,0,9.66667,,10.3,10,0,0.1,4,0,0,20.4872,31,,68,20,,0,0,0,1
1604436738681,6,1010123456030,79,,1,2,2,1,0,,0,0,628,0,0,0,7.6,,0,0,0,0,0,0,0,0,0,,-33,24,,0,0,0,0
1604436738931,6,1010123456030,79,,1,2,2,1,0,,9.74684,79,0,0.0445944,31,0,7.6,,0,0,0,0,0,0,0,0,0,,105,150,,0,0,0,0
1604436739181,6,1010123456030,79,,1,2,2,1,0,,12.7826,23,0,0.0164819,9,0,9,,0,0,0,0,0,0,0,0,0,,64,18,,0,0,0,0
1604436739431,6,1010123456030,79,,1,2,2,1,0,,12.4,20,0,0.0164177,9,0,9.16667,,12,5,0,0.1,2,0,0,9.83189,31,,56,18,,0,0,0,2
1604436739681,6,1010123456030,79,,1,2,2,1,0,,13.1351,37,158,0.0274378,15,0,9.8,,0,0,0,0,0,0,0,0,0,,111,30,,0,0,0,0
1604436739931,6,1010123456030,79,,1,2,2,1,0,,13.125,24,0,0.0164498,9,0,9,,0,0,0,0,0,0,0,0,0,,76,18,,0,0,0,0
1604436740181,6,1010123456030,79,,1,2,2,1,0,,14.3929,28,0,0.0217189,11,0,9.4,,0,0,0,0,0,0,0,0,0,,93,22,,0,0,0,0
1604436740431,6,1010123456030,79,,1,2,2,1,0,,14.4,20,0,0.0162249,8,0,6,,2.85714,21,0,0.1,8,0,0,13.5512,31,,78,16,,0,0,0,1
1604436740681,6,1010123456030,79,,1,2,2,1,0,,14.6471,17,0,0.0161928,8,0,9,,0,0,0,0,0,0,0,0,0,,87,16,,0,0,0,0
1604436740932,6,1010123456030,79,,1,2,2,1,0,,0,0,0,0,0,0,9,,0,0,0,0,0,0,0,0,0,,0,0,,0,0,0,0
1604436741182,6,1010123456030,79,,1,2,2,1,0,,8.73771,61,0,0.028512,25,0,8.4,,0,0,0,0,0,0,0,0,0,,303,54,,0,0,0,0
1604436741431,6,1010123456030,79,,1,2,2,1,0,,13.9714,35,0,0.0271807,14,0,8.2,,5.08333,12,0,0.1,5,20,0,11.2607,31,,115,28,,0,0,0,3.5
1604436741682,6,1010123456030,79,,1,2,2,1,0,,13.8,15,0,0.01088,6,0,9,,0,0,0,0,0,0,0,0,0,,23,12,,0,0,0,0
1604436741931,6,1010123456030,79,,1,2,2,1,0,,13.48,25,0,0.0216867,11,0,9.8,,0,0,0,0,0,0,0,0,0,,111,22,,0,0,0,0
1604436742181,6,1010123456030,79,,1,2,2,1,0,,13,9,0,0.00549398,3,0,7.6,,0,0,0,0,0,0,0,0,0,,19,6,,0,0,0,0
1604436742431,6,1010123456030,79,,1,2,2,1,0,,13.5342,73,0,0.0513414,27,0,9,,9.85714,7,0,0.1,3,33.3333,0,11.172,31,,188,58,,0,0,0,4.14286
1604436742681,6,1010123456030,79,,1,2,2,1,0,,14.4545,11,0,0.0139759,7,0,6.66667,,0,0,0,0,0,0,0,0,0,,53,10,,0,0,0,0
1604436742931,6,1010123456030,79,,1,2,2,1,0,,15.4444,36,0,0.0324177,14,0,7.75,,0,0,0,0,0,0,0,0,0,,84,52,,0,0,0,0
1604436743181,6,1010123456030,79,,1,2,2,1,0,,12.375,8,0,0,0,0,7,,0,0,0,0,0,0,0,0,0,,17,6,,0,0,0,0
1604436743431,6,1010123456030,79,,1,2,2,1,0,,13.2941,17,0,0.0164177,9,0,5.25,,11.5385,26,0,0.105446,11,9.09091,0,13.9615,31,,63,12,,0,0,0,1.80769
1604436743681,6,1010123456030,79,,1,2,2,1,0,,13.7143,7,0,0.00549398,3,0,5.25,,0,0,0,0,0,0,0,0,0,,9,6,,0,0,0,0
1604436743931,6,1010123456030,79,,1,2,2,1,0,,12,15,0,0.010988,6,0,9.66667,,0,0,0,0,0,0,0,0,0,,41,12,,0,0,0,0
1604436744181,6,1010123456030,79,,1,2,2,1,0,,8.67857,28,70,0.0121124,7,0,8,,0,0,0,0,0,0,0,0,0,,167,24,,0,0,0,0
1604436744431,6,1010123456030,79,,1,2,2,1,0,,6,26,0,0.0110522,16,0,10,,12,5,0,0.1,2,0,0,17.4717,31,,29,22,,0,0,0,1
1604436744681,6,1010123456030,79,,1,2,2,1,0,,13.7143,7,0,0.00549398,3,0,4,,0,0,0,0,0,0,0,0,0,,13,6,,0,0,0,0
1604436744931,6,1010123456030,79,,1,2,2,1,0,,10.1071,28,0,0.016739,11,0,8.16667,,0,0,0,0,0,0,0,0,0,,30,22,,0,0,0,0
1604436745181,6,1010123456030,79,,1,2,2,1,0,,0,0,0,0,0,0,8.83333,,0,0,0,0,0,0,0,0,0,,0,0,,0,0,0,0
1604436745431,6,1010123456030,79,,1,2,2,1,0,,12.8571,14,158,0.0109237,6,0,7.33333,,13.2,5,0,0.1,2,0,0,14.8893,31,,32,12,,0,0,0,1.4
1604436745681,6,1010123456030,79,,1,2,2,1,0,,8.66177,68,0,0.0286908,27,0,8,,0,0,0,0,0,0,0,0,0,,224,54,,0,0,0,0
1604436745931,6,1010123456030,79,,1,2,2,1,0,,13.7,20,0,0.016257,8,0,9.33333,,0,0,0,0,0,0,0,0,0,,44,16,,0,0,0,0
1604436746181,6,1010123456030,79,,1,2,2,1,0,,16.7,10,0,0.010656,4,0,10.6,,0,0,0,0,0,0,0,0,0,,39,8,,0,0,0,0
1604436746431,6,1010123456030,79,,1,2,2,1,0,,15.8,5,0,0.00533333,2,0,7.75,,9.5,6,0,0.1,2,0,0,17.4993,31,,10,4,,0,0,0,1
1604436746681,6,1010123456030,79,,1,2,2,1,0,,10.75,36,0,0.0221365,14,0,8.6,,0,0,0,0,0,0,0,0,0,,89,28,,0,0,0,0
1604436746931,6,1010123456030,79,,1,2,2,1,0,,14.6923,13,0,0.0108273,5,0,9.33333,,0,0,0,0,0,0,0,0,0,,31,10,,0,0,0,0
1604436747182,6,1010123456030,79,,1,2,2,1,0,,15.15,20,0,0.016224,8,0,9.4,,0,0,0,0,0,0,0,0,0,,63,16,,0,0,0,0
1604436747432,6,1010123456030,79,,1,2,2,1,0,,17.8889,9,0,0.010624,4,0,9,,13.8,5,0,0.1,2,0,0,14.5355,31,,19,8,,0,0,0,1
1604436747682,6,1010123456030,79,,1,2,2,1,0,,14.3846,13,0,0.010816,5,0,9.8,,0,0,0,0,0,0,0,0,0,,36,10,,0,0,0,0
1604436747932,6,1010123456030,79,,1,2,2,1,0,,0,0,0,0,0,0,10.5,,0,0,0,0,0,0,0,0,0,,0,0,,0,0,0,0
1604436748182,6,1010123456030,79,,1,2,2,1,0,,0,0,0,0,0,0,10.2,,0,0,0,0,0,0,0,0,0,,0,0,,0,0,0,0
1604436748431,6,1010123456030,79,,1,2,2,1,0,,14.25,8,0,0.00549398,3,0,9.4,,4.57143,7,0,0.1,3,0,0,14.9586,31,,14,6,,0,0,0,1
1604436748681,6,1010123456030,79,,1,2,2,1,0,,17,14,0,0.0160964,6,0,10,,0,0,0,0,0,0,0,0,0,,41,12,,0,0,0,0
1604436748931,6,1010123456030,79,,1,2,2,1,0,,12.4,25,158,0.0164498,10,0,7,,0,0,0,0,0,0,0,0,0,,83,34,,0,0,0,0
1604436749181,6,1010123456030,79,,1,2,2,1,0,,13.0588,34,0,0.0270201,14,0,9,,0,0,0,0,0,0,0,0,0,,120,30,,0,0,0,0
1604436749431,6,1010123456030,79,,1,2,2,1,0,,7.84848,33,0,0.0121124,13,0,8.4,,8.55556,9,0,0.1,4,25,0,9.22789,31,,141,24,,0,0,0,4.55556
1604436749681,6,1010123456030,79,,1,2,6,1,0,,16.25,8,0,0.0107631,3,0,8.6,,0,0,0,0,0,0,0,0,0,,31,10,,0,0,0,0
1604436749931,6,1010123456030,79,,1,2,6,1,0,,0,0,0,0,0,0,8.75,,0,0,0,0,0,0,0,0,0,,0,0,,0,0,0,0
1604436750181,6,1010123456030,79,,1,2,6,1,0,,14.4545,11,0,0.0157751,4,0,8.8,,0,0,0,0,0,0,0,0,0,,28,14,,0,0,0,0
1604436750431,6,1010123456030,79,,1,2,6,1,0,,3.66667,21,0,0.0111807,8,0,8.2,,5.5,8,0,0.1,3,0,0,9.372,31,,17,50,,0,0,0,1
1604436750681,6,1010123456030,79,,1,2,6,1,0,,11.7,10,0,0.0159357,4,0,7.16667,,0,0,0,0,0,0,0,0,0,,53,24,,0,0,0,0
1604436750931,6,1010123456030,79,,1,2,6,1,0,,14.2,10,0,0.0106024,4,0,8.4,,0,0,0,0,0,0,0,0,0,,22,12,,0,0,0,0
1604436751181,6,1010123456030,79,,1,2,6,1,0,,10.2,5,0,0.00542972,2,0,5.8,,0,0,0,0,0,0,0,0,0,,14,6,,0,0,0,0
1604436751431,6,1010123456030,79,,1,2,6,1,0,,15.375,8,0,0.0104418,3,0,6.8,,10,5,0,0.1,2,0,0,19.5696,31,,23,10,,0,0,0,1
1604436751681,6,1010123456030,79,,1,2,6,1,0,,13.8,5,0,0.00533333,2,0,8.66667,,0,0,0,0,0,0,0,0,0,,10,6,,0,0,0,0
1604436751931,6,1010123456030,79,,1,2,6,1,0,,0,0,0,0,0,0,7.2,,0,0,0,0,0,0,0,0,0,,0,0,,0,0,0,0
1604436752181,6,1010123456030,79,,1,2,6,1,0,,7.875,16,115,0.0106345,4,0,8.42857,,0,0,0,0,0,0,0,0,0,,16,26,,0,0,0,0
1604436752431,6,1010123456030,79,,1,2,6,1,0,,1.59259,27,0,0.0116627,13,0,9,,11,4,0,0.1,2,0,0,20.9709,31,,32,68,,0,0,0,1
1604436752681,6,1010123456030,79,,1,2,6,1,0,,16.8333,12,0,0.0155181,3,0,9.66667,,0,0,0,0,0,0,0,0,0,,40,18,,0,0,0,0
1604436752931,6,1010123456030,79,,1,2,6,1,0,,0,4,0,0.0158715,4,0,9.5,,0,0,0,0,0,0,0,0,0,,12,10,,0,0,0,0
1604436753181,6,1010123456030,79,,1,2,6,1,0,,9.5,22,0,0.0216546,9,0,8.8,,0,0,0,0,0,0,0,0,0,,84,34,,0,0,0,0
1604436753432,6,1010123456030,79,,1,2,6,1,0,,19.2,5,0,0.015552,2,0,9.2,,13,8,0,0.1,3,33.3333,0,8.50672,31,,21,10,,0,0,0,6.25
1604436753682,6,1010123456030,79,,1,2,6,1,0,,7.57143,21,0,0.016192,8,0,8,,0,0,0,0,0,0,0,0,0,,80,34,,0,0,0,0
1604436753932,6,1010123456030,79,,1,2,6,1,0,,13,11,0,0.021632,4,0,9,,0,0,0,0,0,0,0,0,0,,20,24,,0,0,0,0
1604436754182,6,1010123456030,79,,1,2,6,1,0,,8.07692,13,0,0.016288,5,0,7.75,,0,0,0,0,0,0,0,0,0,,14,26,,0,0,0,0
1604436754431,6,1010123456030,79,,1,2,6,1,0,,3.97143,35,0,0.0169639,14,0,5.66667,,9,5,0,0.1,2,0,0,15.9831,31,,25,72,,0,0,0,1
1604436754681,6,1010123456030,79,,1,2,6,1,0,,13.4091,22,0,0.0322892,9,0,9,,0,0,0,0,0,0,0,0,0,,54,36,,0,0,0,0
1604436754931,6,1010123456030,79,,1,2,6,1,0,,11.3077,13,0,0.0108594,5,0,9,,0,0,0,0,0,0,0,0,0,,26,16,,0,0,0,0
1604436755181,6,1010123456030,79,,1,2,6,1,0,,4,44,0,0.0224257,17,0,8,,0,0,0,0,0,0,0,0,0,,53,94,,0,0,0,0
1604436755431,6,1010123456030,79,,1,2,6,1,0,,0,4,0,0.0103454,2,0,9,,0,4,0,0.1,2,0,0,0,31,,6,8,,0,0,0,0
1604436755681,6,1010123456030,79,,1,2,6,1,0,,15.3077,13,0,0.0160321,5,0,9,,0,0,0,0,0,0,0,0,0,,23,16,,0,0,0,0
1604436755931,6,1010123456030,79,,1,2,6,1,0,,17,5,0,0.00533333,2,0,10,,0,0,0,0,0,0,0,0,0,,8,4,,0,0,0,0
1604436756181,6,1010123456030,79,,1,2,6,1,0,,0,4,0,0.00536546,2,0,8,,0,0,0,0,0,0,0,0,0,,9,8,,0,0,0,0
1604436756431,6,1010123456030,79,,1,2,6,1,0,,13.3636,22,0,0.0378153,9,0,11,,10.2,5,0,0.1,2,0,0,10.6754,31,,60,42,,0,0,0,1.8
1604436756681,6,1010123456030,79,,1,2,6,1,0,,16.4615,13,0,0.0211084,5,0,9.75,,0,0,0,0,0,0,0,0,0,,15,18,,0,0,0,0
1604436756931,6,1010123456030,79,,1,2,6,1,0,,9.4,10,0,0.0108273,4,0,7.25,,0,0,0,0,0,0,0,0,0,,34,16,,0,0,0,0
1604436757181,6,1010123456030,79,,1,2,6,1,0,,8.28571,7,0,0.00549398,3,0,4.6,,0,0,0,0,0,0,0,0,0,,19,10,,0,0,0,0
1604436757431,6,1010123456030,79,,1,2,6,1,0,,3.7,10,0,0.00562249,4,0,7.5,,0,2,0,0.1,1,0,0,0,31,,26,22,,0,0,0,0
1604436757681,6,1010123456030,79,,1,2,6,1,0,,11.1429,14,0,0.0270843,6,0,8,,12,3,0,0.1,1,0,0,16.1345,0,,36,32,,0,0,0,1
1604436757931,6,1010123456030,79,,1,2,6,1,0,,0,2,143,0,0,0,7,,0,0,0,0,0,0,0,0,0,,-1,6,,0,0,0,0
1604436758181,6,1010123456030,79,,1,2,6,1,0,,9.42857,7,0,0.0109237,4,0,11,,0,0,0,0,0,0,0,0,0,,2,16,,0,0,0,0
1604436758431,6,1010123456030,79,,1,2,6,1,0,,15.375,8,0,0.0104418,3,0,9.4,,0,2,0,0.1,1,0,0,0,31,,14,10,,0,0,0,0
1604436758681,6,1010123456030,79,,1,2,6,1,0,,8.96296,27,0,0.0271165,11,0,9.66667,,3.6,5,0,0.1,2,0,0,15.0011,0,,61,42,,0,0,0,1
1604436758931,6,1010123456030,79,,1,2,6,1,0,,11.2,10,0,0.00533333,2,0,8.5,,0,0,0,0,0,0,0,0,0,,35,14,,0,0,0,0
1604436759181,6,1010123456030,79,,1,2,6,1,0,,1.90476,63,0,0.0279197,25,0,3.66667,,0,0,0,0,0,0,0,0,0,,35,154,,0,0,0,0
1604436759431,6,1010123456030,79,,1,2,6,1,0,,5.75,12,0,0.011759,7,0,5,,7.6,5,0,0.1,2,0,0,17.1788,31,,35,30,,0,0,0,1
1604436759681,6,1010123456030,79,,1,2,6,1,0,,15.1429,7,0,0.0160321,3,0,10.75,,0,0,0,0,0,0,0,0,0,,17,16,,0,0,0,0
1604436759932,6,1010123456030,79,,1,2,6,1,0,,0,6,0,0.01056,2,0,10.25,,0,0,0,0,0,0,0,0,0,,15,14,,0,0,0,0
1604436760182,6,1010123456030,79,,1,2,6,1,0,,15.6,10,0,0.020768,5,0,10.2,,0,0,0,0,0,0,0,0,0,,27,14,,0,0,0,0
1604436760431,6,1010123456030,79,,1,2,6,1,0,,15.1429,7,0,0.0160321,3,0,8,,13.2,5,0,0.1,2,0,0,18.9962,31,,14,16,,0,0,0,1
1604436760681,6,1010123456030,79,,1,2,6,1,0,,18,12,0,0.0258635,5,0,11.25,,0,0,0,0,0,0,0,0,0,,19,20,,0,0,0,0
1604436760931,6,1010123456030,79,,1,2,6,1,0,,9.6,25,0,0.0268916,10,0,7.75,,0,0,0,0,0,0,0,0,0,,107,50,,0,0,0,0
1604436761181,6,1010123456030,79,,1,2,6,1,0,,15.5,6,0,0.00542972,1,0,10,,0,0,0,0,0,0,0,0,0,,7,10,,0,0,0,0
1604436761431,6,1010123456030,79,,1,2,6,1,0,,10.6667,21,0,0.026506,9,0,9.83333,,0,4,0,0.1,2,0,0,0,31,,53,32,,0,0,0,0
1604436761681,6,1010123456030,79,,1,2,6,1,0,,6.57143,14,0,0.0107952,5,0,9.33333,,0,0,0,0,0,0,0,0,0,,65,28,,0,0,0,0
1604436761931,6,1010123456030,79,,1,2,6,1,0,,8.45455,11,0,0.0106345,4,0,9.2,,0,0,0,0,0,0,0,0,0,,50,20,,0,0,0,0
1604436762181,6,1010123456030,79,,1,2,6,1,0,,18,5,0,0.0103454,2,0,9.5,,0,0,0,0,0,0,0,0,0,,9,8,,0,0,0,0
1604436762431,6,1010123456030,79,,1,2,6,1,0,,13.5714,7,0,0.0107631,3,0,9.5,,9.8,5,0,0.1,2,0,0,6.58226,31,,14,12,,0,0,0,3.8
1604436762681,6,1010123456030,79,,1,2,6,1,0,,2.0625,32,0,0.0117912,13,0,8,,0,0,0,0,0,0,0,0,0,,31,74,,0,0,0,0
1604436762931,6,1010123456030,79,,1,2,6,1,0,,18,5,0,0.0103454,2,0,9.83333,,0,0,0,0,0,0,0,0,0,,20,8,,0,0,0,0
1604436763181,6,1010123456030,79,,1,2,6,1,0,,13,5,0,0.00542972,1,0,10,,0,0,0,0,0,0,0,0,0,,22,12,,0,0,0,0
1604436763431,6,1010123456030,79,,1,2,6,1,0,,0,0,0,0.00542972,1,0,6.66667,,13.619,21,0,0.12996,9,0,0,17.6479,31,,0,0,,0,0,0,1.14286
1604436763681,6,1010123456030,79,,1,2,6,1,0,,8.51724,29,0,0.0216546,11,0,8.66667,,0,0,0,0,0,0,0,0,0,,27,64,,0,0,0,0
1604436763931,6,1010123456030,79,,1,2,6,1,0,,0,6,0,0.0206908,4,0,9.5,,0,0,0,0,0,0,0,0,0,,28,12,,0,0,0,0
1604436764181,6,1010123456030,79,,1,2,6,1,0,,0,2,0,0.00517269,1,0,9.66667,,0,0,0,0,0,0,0,0,0,,6,4,,0,0,0,0
1604436764431,6,1010123456030,79,,1,2,6,1,0,,0.1,54,0,0.0129157,22,0,7.66667,,13,6,0,0.1,2,0,0,14.7335,31,,30,140,,0,0,0,1
1604436764681,6,1010123456030,79,,1,2,6,1,0,,13,7,0,0.0162892,3,0,9,,0,0,0,0,0,0,0,0,0,,26,18,,0,0,0,0
1604436764931,6,1010123456030,79,,1,2,6,1,0,,0,0,0,0,0,0,9,,0,0,0,0,0,0,0,0,0,,0,0,,0,0,0,0
1604436765181,6,1010123456030,79,,1,2,6,1,0,,13,7,0,0.0162892,3,0,8.28571,,0,0,0,0,0,0,0,0,0,,41,18,,0,0,0,0
1604436765431,6,1010123456030,79,,1,2,6,1,0,,13,5,0,0.0108594,2,0,8.66667,,12,4,0,0.1,2,0,0,20.4728,31,,46,12,,0,0,0,1
1604436765681,6,1010123456030,79,,1,2,6,1,0,,13,8,0,0.0162892,3,0,9.16667,,0,0,0,0,0,0,0,0,0,,31,18,,0,0,0,0
1604436765931,6,1010123456030,79,,1,2,6,1,0,,13,8,0,0.0162892,3,0,9,,0,0,0,0,0,0,0,0,0,,26,18,,0,0,0,0
1604436766181,6,1010123456030,79,,1,2,6,1,0,,13,3,0,0.00542972,1,0,8.85714,,0,0,0,0,0,0,0,0,0,,4,6,,0,0,0,0
1604436766432,6,1010123456030,79,,1,2,6,1,0,,13,7,0,0.016224,3,0,9.33333,,13.5,6,0,0.1,2,0,0,18.6372,31,,21,18,,0,0,0,1
1604436766681,6,1010123456030,79,,1,2,6,1,0,,0.1,27,0,0.00645783,11,0,6.33333,,0,0,0,0,0,0,0,0,0,,12,64,,0,0,0,0
1604436766932,6,1010123456030,79,,1,2,6,1,0,,0,4,0,0.005312,2,0,9.2,,0,0,0,0,0,0,0,0,0,,15,8,,0,0,0,0
1604436767182,6,1010123456030,79,,1,2,6,1,0,,14.75,12,0,0.016128,5,0,9.4,,0,0,0,0,0,0,0,0,0,,27,16,,0,0,0,0
1604436767432,6,1010123456030,79,,1,2,6,1,0,,14.4167,12,0,0.02128,5,0,9.66667,,10.2,5,0,0.1,2,0,0,11.1585,31,,48,22,,0,0,0,1.4
1604436767681,6,1010123456030,79,,1,2,6,1,0,,13.6667,9,0,0.0158394,4,0,9.16667,,0,0,0,0,0,0,0,0,0,,70,14,,0,0,0,0
1604436767931,6,1010123456030,79,,1,2,6,1,0,,16,5,0,0.00542972,1,0,9.5,,0,0,0,0,0,0,0,0,0,,25,10,,0,0,0,0
1604436768181,6,1010123456030,79,,1,2,6,1,0,,14.75,8,0,0.010506,3,0,9.83333,,0,0,0,0,0,0,0,0,0,,25,10,,0,0,0,0
1604436768431,6,1010123456030,79,,1,2,6,1,0,,10.2,5,0,0.010506,3,0,9.5,,0,4,0,0.1,2,0,0,0,31,,16,8,,0,0,0,0
1604436768681,6,1010123456030,79,,1,2,6,1,0,,15,20,0,0.0157751,5,0,10.6,,0,0,0,0,0,0,0,0,0,,59,26,,0,0,0,0
1604436768931,6,1010123456030,79,,1,2,6,1,0,,17,5,0,0.0157751,5,0,10.3333,,0,0,0,0,0,0,0,0,0,,13,4,,0,0,0,0
1604436769181,6,1010123456030,79,,1,2,6,1,0,,18,3,0,0.00517269,1,0,10,,0,0,0,0,0,0,0,0,0,,12,4,,0,0,0,0
1604436769431,6,1010123456030,79,,1,2,6,1,0,,16,13,0,0.0260241,6,0,10.1667,,1.4,15,0,0.1,6,0,0,10.3448,31,,41,22,,0,0,0,1.8
1604436769681,6,1010123456030,79,,1,2,6,1,0,,16,7,0,0.0104418,3,0,9.5,,0,0,0,0,0,0,0,0,0,,30,10,,0,0,0,0
1604436769931,6,1010123456030,79,,1,2,6,1,0,,0,0,0,0,0,0,10.1667,,0,0,0,0,0,0,0,0,0,,0,0,,0,0,0,0
1604436770181,6,1010123456030,79,,1,2,6,1,0,,2.25,32,0,0.0168032,13,0,8.5,,0,0,0,0,0,0,0,0,0,,35,76,,0,0,0,0
1604436770431,6,1010123456030,79,,1,2,6,1,0,,16.25,8,0,0.0104418,3,0,9.83333,,0,4,0,0.1,2,0,0,0,31,,22,10,,0,0,0,0
1604436770681,6,1010123456030,79,,1,2,6,1,0,,18,3,0,0.00517269,1,0,9.83333,,0,0,0,0,0,0,0,0,0,,12,4,,0,0,0,0
1604436770931,6,1010123456030,79,,1,2,6,1,0,,0,0,0,0,0,0,10,,0,0,0,0,0,0,0,0,0,,0,0,,0,0,0,0
1604436771181,6,1010123456030,79,,1,2,6,1,0,,18,12,0,0.0258635,5,0,10,,0,0,0,0,0,0,0,0,0,,44,20,,0,0,0,0
1604436771431,6,1010123456030,79,,1,2,6,1,0,,18,5,0,0.0103454,2,0,9.66667,,5.25,8,0,0.1,3,0,0,15.6316,31,,16,8,,0,0,0,1
1604436771681,6,1010123456030,79,,1,2,6,1,0,,13.8,5,0,0.00526908,2,0,10,,0,0,0,0,0,0,0,0,0,,14,6,,0,0,0,0
1604436771931,6,1010123456030,79,,1,2,6,1,0,,11.9231,13,0,0.0217189,5,0,9.33333,,0,0,0,0,0,0,0,0,0,,45,24,,0,0,0,0
1604436772181,6,1010123456030,79,,1,2,6,1,0,,16,5,0,0.0106024,2,0,7.85714,,0,0,0,0,0,0,0,0,0,,32,10,,0,0,0,0
1604436772431,6,1010123456030,79,,1,2,6,1,0,,18,3,0,0.00517269,1,0,9.4,,10.8,5,0,0.1,2,0,0,17.4114,31,,8,4,,0,0,0,1
1604436772681,6,1010123456030,79,,1,2,6,1,0,,15.6667,9,0,0.0156787,4,0,9.83333,,0,0,0,0,0,0,0,0,0,,32,14,,0,0,0,0
1604436772931,6,1010123456030,79,,1,2,6,1,0,,14.0769,13,0,0.0213655,5,0,7.66667,,0,0,0,0,0,0,0,0,0,,39,22,,0,0,0,0
1604436773182,6,1010123456030,79,,1,2,6,1,0,,11,7,0,0.010816,3,0,7.66667,,0,0,0,0,0,0,0,0,0,,11,12,,0,0,0,0
1604436773432,6,1010123456030,79,,1,2,6,1,0,,14.875,8,0,0.015968,3,0,9.5,,13.8,5,0,0.1,2,0,0,12.6025,31,,50,18,,0,0,0,1.8
1604436773682,6,1010123456030,79,,1,2,6,1,0,,14.6429,14,0,0.020928,6,0,10,,0,0,0,0,0,0,0,0,0,,53,22,,0,0,0,0
1604436773932,6,1010123456030,79,,1,2,6,1,0,,18,5,0,0.010304,2,0,10,,0,0,0,0,0,0,0,0,0,,16,8,,0,0,0,0
1604436774182,6,1010123456030,79,,1,2,6,1,0,,11.8,10,0,0.010816,4,0,10.2857,,0,0,0,0,0,0,0,0,0,,18,14,,0,0,0,0
1604436774431,6,1010123456030,79,,1,2,6,1,0,,15,7,0,0.010506,3,0,10,,14.1481,27,0,0.148884,11,9.09091,0,15.9753,31,,26,10,,0,0,0,2.59259
1604436774681,6,1010123456030,79,,1,2,6,1,0,,13.8,5,0,0.00526908,2,0,10,,0,0,0,0,0,0,0,0,0,,18,6,,0,0,0,0
1604436774931,6,1010123456030,79,,1,2,6,1,0,,15.4167,12,0,0.0209478,5,0,10,,0,0,0,0,0,0,0,0,0,,49,18,,0,0,0,0
1604436775181,6,1010123456030,79,,1,2,6,1,0,,13.8636,22,158,0.0317108,9,0,9.83333,,0,0,0,0,0,0,0,0,0,,67,30,,0,0,0,0
1604436775431,6,1010123456030,79,,1,2,6,1,0,,12.5556,9,0,0.0106024,4,0,9.83333,,9.8,5,0,0.1,2,0,0,11.1072,31,,21,12,,0,0,0,1.4
1604436775681,6,1010123456030,79,,1,2,6,1,0,,3.41667,36,0,0.0169639,14,0,8.33333,,0,0,0,0,0,0,0,0,0,,26,76,,0,0,0,0
1604436775931,6,1010123456030,79,,1,2,6,1,0,,0,0,0,0,0,0,9.5,,0,0,0,0,0,0,0,0,0,,0,0,,0,0,0,0
1604436776181,6,1010123456030,79,,1,2,6,1,0,,0,2,0,0.00517269,1,0,9.42857,,0,0,0,0,0,0,0,0,0,,16,4,,0,0,0,0
1604436776431,6,1010123456030,79,,1,2,6,1,0,,14.2667,15,0,0.0266345,6,0,9.33333,,10,5,0,0.1,2,0,0,18.413,31,,61,26,,0,0,0,1
1604436776681,6,1010123456030,79,,1,2,6,1,0,,15.9,10,0,0.00533333,2,0,9.5,,0,0,0,0,0,0,0,0,0,,30,14,,0,0,0,0
1604436776931,6,1010123456030,79,,1,2,6,1,0,,13,5,0,0.0212048,4,0,9.33333,,0,0,0,0,0,0,0,0,0,,18,12,,0,0,0,0
1604436777181,6,1010123456030,79,,1,2,6,1,0,,0,2,0,0.00517269,1,0,9.57143,,0,0,0,0,0,0,0,0,0,,8,4,,0,0,0,0
1604436777431,6,1010123456030,79,,1,2,6,1,0,,14.4286,7,0,0.0160321,3,0,9.5,,13.5,6,0,0.1,2,0,0,16.2445,31,,51,16,,0,0,0,1
1604436777681,6,1010123456030,79,,1,2,6,1,0,,15.5,6,0,0.0106024,2,0,10,,0,0,0,0,0,0,0,0,0,,8,10,,0,0,0,0
1604436777931,6,1010123456030,79,,1,2,6,1,0,,13.6087,23,0,0.035759,8,0,9.83333,,0,0,0,0,0,0,0,0,0,,67,36,,0,0,0,0
1604436778181,6,1010123456030,79,,1,2,6,1,0,,13,10,0,0.0230361,5,0,9,,0,0,0,0,0,0,0,0,0,,35,24,,0,0,0,0
1604436778431,6,1010123456030,79,,1,2,6,1,0,,0,2,0,0.00542972,1,0,9.33333,,12,5,0,0.1,2,0,0,17.8075,31,,4,6,,0,0,0,1
1604436778681,6,1010123456030,79,,1,2,6,1,0,,16,5,0,0.0106024,2,0,9.16667,,0,0,0,0,0,0,0,0,0,,18,10,,0,0,0,0
1604436778931,6,1010123456030,79,,1,2,6,1,0,,0,4,0,0.0108594,2,0,8.5,,0,0,0,0,0,0,0,0,0,,36,12,,0,0,0,0
1604436779181,6,1010123456030,79,,1,2,6,1,0,,15,10,0,0.0263454,4,0,9,,0,0,0,0,0,0,0,0,0,,33,24,,0,0,0,0
1604436779431,6,1010123456030,79,,1,2,6,1,0,,9.73333,15,0,0.0218153,6,0,8.6,,7.8,5,0,0.1,2,0,0,14.1993,31,,38,28,,0,0,0,1
1604436779682,6,1010123456030,79,,1,2,6,1,0,,0,0,0,0,0,0,9.66667,,0,0,0,0,0,0,0,0,0,,0,0,,0,0,0,0
1604436779931,6,1010123456030,79,,1,2,6,1,0,,0,0,0,0,0,0,9.16667,,0,0,0,0,0,0,0,0,0,,0,0,,0,0,0,0
1604436780181,6,1010123456030,79,,1,2,6,1,0,,18,7,0,0.0155181,3,0,10.1667,,0,0,0,0,0,0,0,0,0,,26,12,,0,0,0,0
1604436780431,6,1010123456030,79,,1,2,6,1,0,,3.20312,64,0,0.0286586,26,0,9.33333,,12.8,5,0,0.1,2,0,0,19.5997,31,,39,162,,0,0,0,1
1604436780682,6,1010123456030,79,,1,2,6,1,0,,18,12,0,0.020608,4,0,10.6667,,0,0,0,0,0,0,0,0,0,,34,16,,0,0,0,0
1604436780931,6,1010123456030,79,,1,2,6,1,0,,15.75,16,0,0.0211084,5,0,9.8,,0,0,0,0,0,0,0,0,0,,29,24,,0,0,0,0
1604436781181,6,1010123456030,79,,1,2,6,1,0,,14.9,10,158,0.0209478,5,0,10.5,,0,0,0,0,0,0,0,0,0,,27,18,,0,0,0,0
1604436781431,6,1010123456030,79,,1,2,6,1,0,,18,12,0,0.0206908,4,0,10.6667,,13.8,5,0,0.1,2,0,0,20.8652,31,,14,12,,0,0,0,1
1604436781681,6,1010123456030,79,,1,2,6,1,0,,18.0526,19,0,0.0311968,7,0,10.5,,0,0,0,0,0,0,0,0,0,,65,24,,0,0,0,0
1604436781931,6,1010123456030,79,,1,2,6,1,0,,16.1667,12,0,0.0208514,5,0,10.8,,0,0,0,0,0,0,0,0,0,,34,18,,0,0,0,0
1604436782181,6,1010123456030,79,,1,2,6,1,0,,9.30435,23,37,0.0216867,9,0,9.28571,,0,0,0,0,0,0,0,0,0,,23,42,,0,0,0,0
1604436782431,6,1010123456030,79,,1,2,6,1,0,,15.375,8,0,0.0156787,4,0,11,,6.85714,7,0,0.1,3,0,0,12.5643,31,,23,10,,0,0,0,1.85714
1604436782681,6,1010123456030,79,,1,2,6,1,0,,18,14,158,0.0258635,5,0,10.8,,0,0,0,0,0,0,0,0,0,,60,20,,0,0,0,0
1604436782931,6,1010123456030,79,,1,2,6,1,0,,18,11,0,0.0258635,5,0,10.4,,0,0,0,0,0,0,0,0,0,,38,20,,0,0,0,0
1604436783181,6,1010123456030,79,,1,2,6,1,0,,11.0909,22,0,0.0271486,9,0,9.28571,,0,0,0,0,0,0,0,0,0,,36,40,,0,0,0,0
1604436783431,6,1010123456030,79,,1,2,6,1,0,,0,4,0,0.0103454,2,0,11.3333,,13,5,0,0.1,2,0,0,15.5261,31,,6,8,,0,0,0,1.6
1604436783681,6,1010123456030,79,,1,2,6,1,0,,18,7,0,0.0155181,3,0,9.16667,,0,0,0,0,0,0,0,0,0,,33,14,,0,0,0,0
1604436783931,6,1010123456030,79,,1,2,6,1,0,,18,3,0,0.00517269,1,0,11,,0,0,0,0,0,0,0,0,0,,11,4,,0,0,0,0
1604436784181,6,1010123456030,79,,1,2,6,1,0,,0,2,0,0.00517269,1,0,8,,0,0,0,0,0,0,0,0,0,,12,4,,0,0,0,0
1604436784431,6,1010123456030,79,,1,2,6,1,0,,4.53659,41,0,0.0278233,16,0,8.83333,,0,4,0,0.1,2,0,0,0,31,,31,102,,0,0,0,0
1604436784681,6,1010123456030,79,,1,2,6,1,0,,18,5,0,0.0103454,2,0,10.6667,,0,0,0,0,0,0,0,0,0,,13,8,,0,0,0,0
1604436784931,6,1010123456030,79,,1,2,6,1,0,,0,0,0,0,0,0,8.83333,,0,0,0,0,0,0,0,0,0,,0,0,,0,0,0,0
1604436785181,6,1010123456030,79,,1,2,6,1,0,,17.6667,15,158,0.0260241,6,0,10.6667,,0,0,0,0,0,0,0,0,0,,31,20,,0,0,0,0
1604436785431,6,1010123456030,79,,1,2,6,1,0,,15.7692,13,0,0.0208514,5,0,11.1667,,13.2,5,0,0.1,2,0,0,20.0978,31,,18,18,,0,0,0,1
1604436785681,6,1010123456030,79,,1,2,6,1,0,,0,0,0,0,0,0,10.8,,0,0,0,0,0,0,0,0,0,,0,0,,0,0,0,0
1604436785931,6,1010123456030,79,,1,2,6,1,0,,18,9,0,0.0155181,3,0,10.6,,0,0,0,0,0,0,0,0,0,,18,12,,0,0,0,0
1604436786181,6,1010123456030,79,,1,2,6,1,0,,0,2,0,0.00542972,1,0,10.5714,,0,0,0,0,0,0,0,0,0,,4,6,,0,0,0,0
1604436786432,6,1010123456030,79,,1,2,6,1,0,,0,2,158,0.005152,1,0,9.6,,13.2,5,0,0.1,2,0,0,18.4278,31,,11,4,,0,0,0,1
1604436786682,6,1010123456030,79,,1,2,6,1,0,,18,14,0,0.02576,5,0,10.8333,,0,0,0,0,0,0,0,0,0,,64,20,,0,0,0,0
1604436786931,6,1010123456030,79,,1,2,6,1,0,,16,12,0,0.0158394,5,0,10.8,,0,0,0,0,0,0,0,0,0,,35,14,,0,0,0,0
1604436787182,6,1010123456030,79,,1,2,6,1,0,,15.2,10,0,0.010624,4,0,7.83333,,0,0,0,0,0,0,0,0,0,,16,10,,0,0,0,0
1604436787431,6,1010123456030,79,,1,2,6,1,0,,3.65217,23,0,0.0164177,9,0,10.6,,13.8,5,0,0.1,2,0,0,19.6733,31,,-5,60,,0,0,0,1
1604436787681,6,1010123456030,79,,1,2,6,1,0,,18.1,10,0,0.0156787,4,0,10.8333,,0,0,0,0,0,0,0,0,0,,27,12,,0,0,0,0
1604436787931,6,1010123456030,79,,1,2,6,1,0,,18.0714,14,0,0.0260241,6,0,8.83333,,0,0,0,0,0,0,0,0,0,,25,20,,0,0,0,0
1604436788181,6,1010123456030,79,,1,2,6,1,0,,18,8,0,0.0155181,3,0,10.8333,,0,0,0,0,0,0,0,0,0,,15,12,,0,0,0,0
1604436788431,6,1010123456030,79,,1,2,6,1,0,,16.5,14,0,0.0260241,6,0,10.1667,,13.8,5,0,0.1,2,0,0,14.2278,31,,26,22,,0,0,0,2.6
1604436788681,6,1010123456030,79,,1,2,6,1,0,,0,2,0,0.00517269,1,0,8.83333,,0,0,0,0,0,0,0,0,0,,8,4,,0,0,0,0
1604436788931,6,1010123456030,79,,1,2,6,1,0,,16.8571,14,0,0.0310361,6,0,9.83333,,0,0,0,0,0,0,0,0,0,,79,28,,0,0,0,0
1604436789181,6,1010123456030,79,,1,2,6,1,0,,18,3,0,0.00517269,1,0,9.66667,,0,0,0,0,0,0,0,0,0,,12,4,,0,0,0,0
1604436789431,6,1010123456030,79,,1,2,6,1,0,,18,5,0,0.0103454,2,0,10.2,,14.56,25,0,0.150554,10,0,0,17.2941,31,,8,8,,0,0,0,1
1604436789681,6,1010123456030,79,,1,2,6,1,0,,0,2,0,0.00542972,1,0,9.5,,0,0,0,0,0,0,0,0,0,,4,6,,0,0,0,0
1604436789931,6,1010123456030,79,,1,2,6,1,0,,13,6,0,0.0108594,2,0,6.83333,,0,0,0,0,0,0,0,0,0,,33,12,,0,0,0,0
1604436790181,6,1010123456030,79,,1,2,6,1,0,,5.6087,23,83,0.0162892,4,0,8,,0,0,0,0,0,0,0,0,0,,23,56,,0,0,0,0
1604436790431,6,1010123456030,79,,1,2,6,1,0,,1.91489,47,0,0.023261,24,0,10,,13,6,0,0.1,2,0,0,21.3577,31,,69,112,,0,0,0,1
1604436790681,6,1010123456030,79,,1,2,6,1,0,,0,4,0,0.0103454,2,0,7.83333,,0,0,0,0,0,0,0,0,0,,16,8,,0,0,0,0
1604436790931,6,1010123456030,79,,1,2,6,1,0,,1.9697,33,0,0.0173173,13,0,3.66667,,0,0,0,0,0,0,0,0,0,,25,76,,0,0,0,0
1604436791181,6,1010123456030,79,,1,2,6,1,0,,0,2,0,0.00542972,1,0,8,,0,0,0,0,0,0,0,0,0,,19,6,,0,0,0,0
1604436791431,6,1010123456030,79,,1,2,6,1,0,,2,32,0,0.0168675,13,0,7,,13.8,5,0,0.1,2,0,0,20.4184,31,,36,74,,0,0,0,1
1604436791681,6,1010123456030,79,,1,2,6,1,0,,0,0,0,0,0,0,10.6,,0,0,0,0,0,0,0,0,0,,0,0,,0,0,0,0
1604436791931,6,1010123456030,79,,1,2,6,1,0,,14.1,10,0,0.0157751,4,0,10,,0,0,0,0,0,0,0,0,0,,26,14,,0,0,0,0
1604436792181,6,1010123456030,79,,1,2,6,1,0,,15.375,8,0,0.010506,3,0,10.5,,0,0,0,0,0,0,0,0,0,,15,10,,0,0,0,0
1604436792431,6,1010123456030,79,,1,2,6,1,0,,18,5,0,0.0103454,2,0,7.25,,13.6,5,0,0.1,2,0,0,24.2384,31,,12,8,,0,0,0,1
1604436792681,6,1010123456030,79,,1,2,6,1,0,,18,8,0,0.0103454,2,0,10.6,,0,0,0,0,0,0,0,0,0,,33,14,,0,0,0,0
1604436792931,6,1010123456030,79,,1,2,6,1,0,,18,7,0,0.0206908,4,0,10.4,,0,0,0,0,0,0,0,0,0,,36,12,,0,0,0,0
1604436793181,6,1010123456030,79,,1,2,6,1,0,,18.0588,17,0,0.0311968,7,0,9.4,,0,0,0,0,0,0,0,0,0,,54,28,,0,0,0,0
1604436793432,6,1010123456030,79,,1,2,6,1,0,,1.65,60,0,0.028416,24,0,7.5,,13.2,5,0,0.1,2,0,0,15.202,31,,52,142,,0,0,0,1.6
1604436793682,6,1010123456030,79,,1,2,6,1,0,,19.5,6,0,0.0104,1,0,10,,0,0,0,0,0,0,0,0,0,,26,10,,0,0,0,0
1604436793931,6,1010123456030,79,,1,2,6,1,0,,7.8,5,0,0.0105382,3,0,9.4,,0,0,0,0,0,0,0,0,0,,22,8,,0,0,0,0
1604436794181,6,1010123456030,79,,1,2,6,1,0,,12.2,5,0,0.00533333,2,0,8.6,,0,0,0,0,0,0,0,0,0,,29,8,,0,0,0,0
1604436794431,6,1010123456030,79,,1,2,6,1,0,,18,3,0,0.00517269,1,0,9.6,,9.4,5,0,0.1,2,0,0,13.4823,31,,16,4,,0,0,0,1.4
1604436794681,6,1010123456030,79,,1,2,6,1,0,,13.2,5,0,0.00533333,2,0,6.4,,0,0,0,0,0,0,0,0,0,,14,6,,0,0,0,0
1604436794931,6,1010123456030,79,,1,2,6,1,0,,18,5,0,0.0103454,2,0,11.1667,,0,0,0,0,0,0,0,0,0,,36,10,,0,0,0,0
1604436795181,6,1010123456030,79,,1,2,6,1,0,,1.24138,29,0,0.0116305,12,0,9.42857,,0,0,0,0,0,0,0,0,0,,24,70,,0,0,0,0
1604436795431,6,1010123456030,79,,1,2,6,1,0,,15.2727,11,0,0.0212048,4,0,10,,10,5,0,0.1,2,0,0,18.0965,31,,33,20,,0,0,0,1
1604436795681,6,1010123456030,79,,1,2,6,1,0,,14.2222,9,0,0.0156787,4,0,7.16667,,0,0,0,0,0,0,0,0,0,,22,16,,0,0,0,0
1604436795931,6,1010123456030,79,,1,2,6,1,0,,0,4,0,0.0103454,2,0,10,,0,0,0,0,0,0,0,0,0,,24,8,,0,0,0,0
1604436796181,6,1010123456030,79,,1,2,6,1,0,,0,4,0,0.0103454,2,0,10.25,,0,0,0,0,0,0,0,0,0,,7,8,,0,0,0,0
1604436796431,6,1010123456030,79,,1,2,6,1,0,,18,8,0,0.0155181,3,0,9.5,,13.2,5,0,0.1,2,0,0,18.611,31,,23,12,,0,0,0,1
1604436796681,6,1010123456030,79,,1,2,6,1,0,,18,3,0,0.00517269,1,0,9,,0,0,0,0,0,0,0,0,0,,3,4,,0,0,0,0
1604436796931,6,1010123456030,79,,1,2,6,1,0,,15,16,0,0.0212369,6,0,8.4,,0,0,0,0,0,0,0,0,0,,56,20,,0,0,0,0
1604436797181,6,1010123456030,79,,1,2,6,1,0,,14.5217,23,0,0.0374618,10,0,9.85714,,0,0,0,0,0,0,0,0,0,,87,40,,0,0,0,0
1604436797431,6,1010123456030,79,,1,2,6,1,0,,16.2,5,0,0.0158715,2,0,10.2,,0,4,0,0.1,2,0,0,0,31,,21,12,,0,0,0,0
1604436797681,6,1010123456030,79,,1,2,6,1,0,,18,5,0,0.0103454,2,0,8.25,,0,0,0,0,0,0,0,0,0,,22,8,,0,0,0,0
1604436797931,6,1010123456030,79,,1,2,6,1,0,,0,2,0,0.00517269,1,0,10.3333,,0,0,0,0,0,0,0,0,0,,23,4,,0,0,0,0
1604436798181,6,1010123456030,79,,1,2,6,1,0,,0.1,79,0,0.0192771,32,0,9.16667,,0,0,0,0,0,0,0,0,0,,14,194,,0,0,0,0
1604436798431,6,1010123456030,79,,1,2,6,1,0,,16.0909,11,0,0.0104418,3,0,11.1667,,12,5,0,0.1,2,0,0,19.1711,31,,35,14,,0,0,0,1
1604436798681,6,1010123456030,79,,1,2,6,1,0,,18,7,0,0.0206908,4,0,10.2,,0,0,0,0,0,0,0,0,0,,26,12,,0,0,0,0
1604436798931,6,1010123456030,79,,1,2,6,1,0,,15.2,5,0,0.00526908,2,0,10.6,,0,0,0,0,0,0,0,0,0,,18,6,,0,0,0,0
1604436799182,6,1010123456030,79,,1,2,6,1,0,,17,5,0,0.005312,2,0,10.6667,,0,0,0,0,0,0,0,0,0,,22,4,,0,0,0,0
1604436799431,6,1010123456030,79,,1,2,6,1,0,,15.8182,11,0,0.0156787,4,0,10.75,,7.75,8,0,0.1,3,0,0,15.6849,31,,38,16,,0,0,0,1.75
1604436799681,6,1010123456030,79,,1,2,6,1,0,,18,10,0,0.0206908,4,0,10.5,,0,0,0,0,0,0,0,0,0,,25,16,,0,0,0,0
1604436799932,6,1010123456030,79,,1,2,6,1,0,,18,8,0,0.015456,3,0,10.3333,,0,0,0,0,0,0,0,0,0,,34,12,,0,0,0,0
1604436800182,6,1010123456030,79,,1,2,6,1,0,,17.375,8,0,0.005152,1,0,10.8571,,0,0,0,0,0,0,0,0,0,,29,8,,0,0,0,0
1604436800431,6,1010123456030,79,,1,2,6,1,0,,18,3,0,0.010506,3,0,8.2,,13.8,5,0,0.1,2,0,0,20.1034,31,,15,4,,0,0,0,1
1604436800681,6,1010123456030,79,,1,2,6,1,0,,0,0,0,0,0,0,9.4,,0,0,0,0,0,0,0,0,0,,0,0,,0,0,0,0
1604436800931,6,1010123456030,79,,1,2,6,1,0,,15,7,0,0.010506,3,0,10.4,,0,0,0,0,0,0,0,0,0,,30,10,,0,0,0,0
1604436801181,6,1010123456030,79,,1,2,6,1,0,,15.1,10,0,0.0156787,4,0,10.4,,0,0,0,0,0,0,0,0,0,,28,14,,0,0,0,0
1604436801431,6,1010123456030,79,,1,2,6,1,0,,13.3,10,0,0.0156787,4,0,10.6,,13.8,5,0,0.1,2,0,0,17.6531,31,,12,14,,0,0,0,1
1604436801681,6,1010123456030,79,,1,2,6,1,0,,18,9,0,0.0103454,2,0,10.8,,0,0,0,0,0,0,0,0,0,,42,12,,0,0,0,0
1604436801931,6,1010123456030,79,,1,2,6,1,0,,14,15,0,0.0262811,7,0,10.25,,0,0,0,0,0,0,0,0,0,,44,20,,0,0,0,0
1604436802181,6,1010123456030,79,,1,2,6,1,0,,18,3,0,0.00517269,1,0,10.8571,,0,0,0,0,0,0,0,0,0,,7,4,,0,0,0,0
1604436802431,6,1010123456030,79,,1,2,6,1,0,,14.4444,9,0,0.0159357,4,0,10.5,,13.8,5,0,0.1,2,0,0,18.0436,31,,46,16,,0,0,0,1
1604436802681,6,1010123456030,79,,1,2,6,1,0,,18,5,0,0.0103454,2,0,10.6667,,0,0,0,0,0,0,0,0,0,,23,8,,0,0,0,0
1604436802931,6,1010123456030,79,,1,2,6,1,0,,2.64706,34,0,0.0168032,13,0,9.5,,0,0,0,0,0,0,0,0,0,,25,72,,0,0,0,0
1604436803181,6,1010123456030,79,,1,2,6,1,0,,18,3,0,0.00517269,1,0,10.6667,,0,0,0,0,0,0,0,0,0,,3,4,,0,0,0,0
1604436803431,6,1010123456030,79,,1,2,6,1,0,,13.8182,11,0,0.0215904,5,0,10.8,,13.2,5,0,0.1,2,0,0,19.8745,31,,28,20,,0,0,0,1
1604436803681,6,1010123456030,79,,1,2,6,1,0,,18.0769,13,65,0.0156787,4,0,10.6667,,0,0,0,0,0,0,0,0,0,,53,14,,0,0,0,0
1604436803931,6,1010123456030,79,,1,2,6,1,0,,13.125,8,0,0.0106667,4,0,10.2,,0,0,0,0,0,0,0,0,0,,11,8,,0,0,0,0
1604436804181,6,1010123456030,79,,1,2,6,1,0,,13.4286,7,0,0.010506,3,0,9.83333,,0,0,0,0,0,0,0,0,0,,33,10,,0,0,0,0
1604436804431,6,1010123456030,79,,1,2,6,1,0,,15,7,0,0.010506,3,0,9.83333,,10.2,5,0,0.1,2,0,0,16.4708,31,,22,10,,0,0,0,1.8
1604436804681,6,1010123456030,79,,1,2,6,1,0,,6.78571,14,0,0.0107952,5,0,9.5,,0,0,0,0,0,0,0,0,0,,53,28,,0,0,0,0
1604436804931,6,1010123456030,79,,1,2,6,1,0,,15.2222,9,0,0.0212048,4,0,9.5,,0,0,0,0,0,0,0,0,0,,61,20,,0,0,0,0
1604436805181,6,1010123456030,79,,1,2,6,1,0,,11,6,0,0.00542972,2,0,9.83333,,0,0,0,0,0,0,0,0,0,,10,6,,0,0,0,0
1604436805431,6,1010123456030,79,,1,2,6,1,0,,16.5,10,0,0.0157751,3,0,10.1667,,13.8,5,0,0.1,2,0,0,17.8976,31,,68,18,,0,0,0,1
1604436805681,6,1010123456030,79,,1,2,6,1,0,,18.2,5,0,0.010506,3,0,9.66667,,0,0,0,0,0,0,0,0,0,,12,4,,0,0,0,0
1604436805931,6,1010123456030,79,,1,2,6,1,0,,15.2308,13,0,0.0210442,5,0,8.5,,0,0,0,0,0,0,0,0,0,,43,20,,0,0,0,0
1604436806181,6,1010123456030,79,,1,2,6,1,0,,18,12,0,0.0206908,4,0,10,,0,0,0,0,0,0,0,0,0,,24,16,,0,0,0,0
1604436806432,6,1010123456030,79,,1,2,6,1,0,,0,6,0,0.015968,3,0,9.5,,12.8,5,0,0.1,2,0,0,17.2675,31,,12,16,,0,0,0,1
1604436806681,6,1010123456030,79,,1,2,6,1,0,,0,0,0,0,0,0,9.66667,,0,0,0,0,0,0,0,0,0,,0,0,,0,0,0,0
1604436806931,6,1010123456030,79,,1,2,6,1,0,,11.7,10,0,0.0107631,4,0,9.66667,,0,0,0,0,0,0,0,0,0,,23,12,,0,0,0,0
1604436807181,6,1010123456030,79,,1,2,6,1,0,,8.84615,13,0,0.0161285,5,0,9.28571,,0,0,0,0,0,0,0,0,0,,33,24,,0,0,0,0
1604436807431,6,1010123456030,79,,1,2,6,1,0,,18,8,0,0.010506,3,0,10.3333,,0,2,0,0,1,100,0,0,0,,26,8,,0,0,0,0
1604436807681,6,1010123456030,79,,1,2,6,1,0,,16,7,0,0.0104418,3,0,10.3333,,12.8,5,0,0.1,2,0,0,18.936,31,,26,10,,0,0,0,1
1604436807931,6,1010123456030,79,,1,2,6,1,0,,18,6,0,0.0103454,2,0,9.66667,,0,0,0,0,0,0,0,0,0,,10,8,,0,0,0,0
1604436808181,6,1010123456030,79,,1,2,6,1,0,,15,8,0,0.010506,3,0,10.4286,,0,0,0,0,0,0,0,0,0,,10,10,,0,0,0,0
1604436808431,6,1010123456030,79,,1,2,6,1,0,,15,5,0,0.0106024,2,0,10.1667,,13.8,5,0,0.1,2,0,0,15.2933,31,,17,10,,0,0,0,3.4
1604436808681,6,1010123456030,79,,1,2,6,1,0,,0,0,0,0,0,0,10.5,,0,0,0,0,0,0,0,0,0,,0,0,,0,0,0,0
1604436808931,6,1010123456030,79,,1,2,6,1,0,,18,5,0,0.0103454,2,0,10.4,,0,0,0,0,0,0,0,0,0,,24,8,,0,0,0,0
1604436809181,6,1010123456030,79,,1,2,6,1,0,,16.3846,13,0,0.0208514,5,0,9.85714,,0,0,0,0,0,0,0,0,0,,41,20,,0,0,0,0
1604436809431,6,1010123456030,79,,1,2,6,1,0,,15.375,8,0,0.010506,3,0,9.5,,7.3,10,0,0.1,4,0,0,20.1335,31,,18,10,,0,0,0,1
1604436809681,6,1010123456030,79,,1,2,8,1,0,,15.5,6,0,0.010506,3,0,10,,0,0,0,0,0,0,0,0,0,,20,10,,0,0,0,0
1604436809931,6,1010123456030,79,,1,2,8,1,0,,0,0,0,0,0,0,8.83333,,0,0,0,0,0,0,0,0,0,,0,0,,0,0,0,0
1604436810181,6,1010123456030,79,,1,2,8,1,0,,14.6,5,0,0.0103454,2,0,9.71429,,0,0,0,0,0,0,0,0,0,,21,10,,0,0,0,0
1604436810431,6,1010123456030,79,,1,2,8,1,0,,14.2857,7,0,0.010506,3,0,10,,13.8,5,0,0.1,2,0,0,19.7752,31,,21,10,,0,0,0,1
1604436810681,6,1010123456030,79,,1,2,8,1,0,,15.4167,12,0,0.0210442,5,0,9.66667,,0,0,0,0,0,0,0,0,0,,45,20,,0,0,0,0
1604436810931,6,1010123456030,79,,1,2,8,1,0,,0,2,0,0.00517269,1,0,9.66667,,0,0,0,0,0,0,0,0,0,,4,4,,0,0,0,0
1604436811181,6,1010123456030,79,,1,2,8,1,0,,18,5,0,0.0103454,2,0,8.42857,,0,0,0,0,0,0,0,0,0,,12,8,,0,0,0,0
1604436811431,6,1010123456030,79,,1,2,8,1,0,,0,2,0,0.00517269,1,0,9.8,,13.2,5,0,0.1,2,0,0,21.3275,31,,12,4,,0,0,0,1
1604436811681,6,1010123456030,79,,1,2,8,1,0,,17.0769,13,0,0.0157751,5,0,9.16667,,0,0,0,0,0,0,0,0,0,,32,14,,0,0,0,0
1604436811931,6,1010123456030,79,,1,2,8,1,0,,12.75,12,0,0.0160964,5,0,9.5,,0,0,0,0,0,0,0,0,0,,41,18,,0,0,0,0
1604436812181,6,1010123456030,79,,1,2,8,1,0,,14.1,10,0,0.0157751,4,0,10,,0,0,0,0,0,0,0,0,0,,26,14,,0,0,0,0
1604436812431,6,1010123456030,79,,1,2,8,1,0,,16,5,0,0.0106024,2,0,8.5,,13,5,0,0.1,2,0,0,17.6972,31,,17,10,,0,0,0,1
1604436812682,6,1010123456030,79,,1,2,8,1,0,,15.9091,22,0,0.036736,8,0,9.33333,,0,0,0,0,0,0,0,0,0,,53,34,,0,0,0,0
1604436812932,6,1010123456030,79,,1,2,8,1,0,,11.1333,15,0,0.021632,6,0,9.4,,0,0,0,0,0,0,0,0,0,,53,24,,0,0,0,0
1604436813182,6,1010123456030,79,,1,2,8,1,0,,15.2,5,0,0.005248,2,0,9.28571,,0,0,0,0,0,0,0,0,0,,11,6,,0,0,0,0
1604436813431,6,1010123456030,79,,1,2,8,1,0,,15.2353,17,0,0.0315823,7,0,10.5,,13.2,5,0,0.1,2,0,0,19.2509,31,,53,30,,0,0,0,1
1604436813681,6,1010123456030,79,,1,2,8,1,0,,0,2,0,0.00517269,1,0,10.5,,0,0,0,0,0,0,0,0,0,,3,4,,0,0,0,0
1604436813931,6,1010123456030,79,,1,2,8,1,0,,0,2,158,0.00517269,1,0,10.4,,0,0,0,0,0,0,0,0,0,,21,10,,0,0,0,0
1604436814181,6,1010123456030,79,,1,2,8,1,0,,15.7143,14,0,0.0262811,6,0,10.1667,,0,0,0,0,0,0,0,0,0,,35,18,,0,0,0,0
1604436814431,6,1010123456030,79,,1,2,8,1,0,,2.57143,42,0,0.0223936,17,0,8.4,,13.5,6,0,0.1,2,0,0,17.9749,31,,17,134,,0,0,0,1
1604436814681,6,1010123456030,79,,1,2,8,1,0,,15.8571,7,0,0.0157751,3,0,10.2,,0,0,0,0,0,0,0,0,0,,28,14,,0,0,0,0
1604436814931,6,1010123456030,79,,1,2,8,1,0,,15.7778,9,0,0.0212048,4,0,9.4,,0,0,0,0,0,0,0,0,0,,39,20,,0,0,0,0
1604436815181,6,1010123456030,79,,1,2,8,1,0,,15,5,0,0.0106024,2,0,9.66667,,0,0,0,0,0,0,0,0,0,,12,10,,0,0,0,0
1604436815431,6,1010123456030,79,,1,2,8,1,0,,0,2,0,0.00517269,1,0,8.8,,13.2,5,0,0.1,2,0,0,20.7107,31,,12,4,,0,0,0,1
1604436815681,6,1010123456030,79,,1,2,8,1,0,,10.75,8,0,0.0107631,3,0,9.6,,0,0,0,0,0,0,0,0,0,,26,14,,0,0,0,0
1604436815931,6,1010123456030,79,,1,2,8,1,0,,0,2,0,0.00542972,1,0,9,,0,0,0,0,0,0,0,0,0,,4,6,,0,0,0,0
1604436816181,6,1010123456030,79,,1,2,8,1,0,,0,10,0,0.0218795,5,0,9.42857,,0,0,0,0,0,0,0,0,0,,31,26,,0,0,0,0
1604436816431,6,1010123456030,79,,1,2,8,1,0,,15.375,8,0,0.0104418,3,0,9.33333,,13.2,5,0,0.1,2,0,0,17.3551,31,,18,10,,0,0,0,1
1604436816681,6,1010123456030,79,,1,2,8,1,0,,13.1,10,0,0.0161928,4,0,8.6,,0,0,0,0,0,0,0,0,0,,35,18,,0,0,0,0
1604436816931,6,1010123456030,79,,1,2,8,1,0,,0,0,0,0,0,0,10.4,,0,0,0,0,0,0,0,0,0,,0,0,,0,0,0,0
1604436817181,6,1010123456030,79,,1,2,8,1,0,,18.2857,7,0,0.010506,3,0,9.85714,,0,0,0,0,0,0,0,0,0,,14,8,,0,0,0,0
1604436817431,6,1010123456030,79,,1,2,8,1,0,,15.2857,21,0,0.0265382,8,0,9.66667,,11.6,5,0,0.1,2,0,0,14.4916,31,,51,26,,0,0,0,1.6
1604436817681,6,1010123456030,79,,1,2,8,1,0,,12.875,16,0,0.0271486,7,0,9.2,,0,0,0,0,0,0,0,0,0,,41,30,,0,0,0,0
1604436817931,6,1010123456030,79,,1,2,8,1,0,,12.6,10,0,0.0159357,4,0,9.6,,0,0,0,0,0,0,0,0,0,,28,22,,0,0,0,0
1604436818181,6,1010123456030,79,,1,2,8,1,0,,12.8235,17,0,0.0268916,7,0,9,,0,0,0,0,0,0,0,0,0,,37,32,,0,0,0,0
1604436818431,6,1010123456030,79,,1,2,8,1,0,,13.5,10,0,0.0106667,4,0,9.33333,,13.2,5,0,0.1,2,0,0,19.0757,31,,30,12,,0,0,0,1
1604436818681,6,1010123456030,79,,1,2,8,1,0,,15.2,5,0,0.00526908,2,0,9.5,,0,0,0,0,0,0,0,0,0,,10,6,,0,0,0,0
1604436818931,6,1010123456030,79,,1,2,8,1,0,,13,14,0,0.0271486,5,0,9,,0,0,0,0,0,0,0,0,0,,44,30,,0,0,0,0
1604436819182,6,1010123456030,79,,1,2,8,1,0,,0,2,0,0.005408,1,0,9.14286,,0,0,0,0,0,0,0,0,0,,4,6,,0,0,0,0
1604436819432,6,1010123456030,79,,1,2,8,1,0,,11.5,10,0,0.01088,4,0,9.16667,,13.8,5,0,0.1,2,0,0,20.6778,31,,14,14,,0,0,0,1
1604436819682,6,1010123456030,79,,1,2,8,1,0,,12.8571,7,0,0.01072,3,0,9.16667,,0,0,0,0,0,0,0,0,0,,23,18,,0,0,0,0
1604436819931,6,1010123456030,79,,1,2,8,1,0,,13,3,0,0.00542972,1,0,9,,0,0,0,0,0,0,0,0,0,,0,0,,0,0,0,0
1604436820181,6,1010123456030,79,,1,2,8,1,0,,10.75,8,0,0.0107631,3,0,8.85714,,0,0,0,0,0,0,0,0,0,,14,14,,0,0,0,0
1604436820431,6,1010123456030,79,,1,2,8,1,0,,0,4,0,0.0108594,2,0,9.33333,,13.8,5,0,0.1,2,0,0,16.8092,31,,12,12,,0,0,0,1
1604436820681,6,1010123456030,79,,1,2,8,1,0,,12.4,10,0,0.0162892,4,0,9,,0,0,0,0,0,0,0,0,0,,24,18,,0,0,0,0
1604436820931,6,1010123456030,79,,1,2,8,1,0,,0,0,0,0,0,0,9.16667,,0,0,0,0,0,0,0,0,0,,0,0,,0,0,0,0
1604436821181,6,1010123456030,79,,1,2,8,1,0,,0,2,0,0.00542972,1,0,8.83333,,0,0,0,0,0,0,0,0,0,,9,6,,0,0,0,0
1604436821431,6,1010123456030,79,,1,2,8,1,0,,13.5,8,0,0.0106988,3,0,9,,13.2,5,0,0.1,2,0,0,21.7321,31,,20,12,,0,0,0,1
1604436821681,6,1010123456030,79,,1,2,8,1,0,,13,7,0,0.0162892,3,0,9,,0,0,0,0,0,0,0,0,0,,12,18,,0,0,0,0
1604436821931,6,1010123456030,79,,1,2,8,1,0,,13.125,8,0,0.0107631,3,0,9,,0,0,0,0,0,0,0,0,0,,20,12,,0,0,0,0
1604436822181,6,1010123456030,79,,1,2,8,1,0,,13.2,5,0,0.00533333,2,0,9,,0,0,0,0,0,0,0,0,0,,12,6,,0,0,0,0
1604436822431,6,1010123456030,79,,1,2,8,1,0,,13.8,5,0,0.00526908,2,0,9,,0,0,0,0,0,0,0,0,0,,11,6,,0,0,0,0
1604436822681,6,1010123456030,79,,1,2,8,1,0,,13.3333,12,0,0.0160964,5,0,8,,14.4,5,0,0.1,2,0,0,16.4263,31,,37,18,,0,0,0,1.6
1604436822931,6,1010123456030,79,,1,2,8,1,0,,13.5,16,0,0.0268916,7,0,8.66667,,0,0,0,0,0,0,0,0,0,,53,30,,0,0,0,0
1604436823181,6,1010123456030,79,,1,2,8,1,0,,0,2,0,0.00542972,1,0,8.14286,,0,0,0,0,0,0,0,0,0,,4,6,,0,0,0,0
1604436823431,6,1010123456030,79,,1,2,8,1,0,,13.5,8,0,0.0107631,3,0,9.16667,,13.2,5,0,0.1,2,0,0,18.1501,31,,22,12,,0,0,0,1
1604436823681,6,1010123456030,79,,1,2,8,1,0,,15,7,0,0.0104418,3,0,9,,0,0,0,0,0,0,0,0,0,,24,10,,0,0,0,0
1604436823931,6,1010123456030,79,,1,2,8,1,0,,13,7,0,0.0162892,3,0,9,,0,0,0,0,0,0,0,0,0,,26,18,,0,0,0,0
1604436824181,6,1010123456030,79,,1,2,8,1,0,,13.8,5,0,0.00533333,2,0,9,,0,0,0,0,0,0,0,0,0,,13,6,,0,0,0,0
1604436824431,6,1010123456030,79,,1,2,8,1,0,,13.1429,7,0,0.0107631,3,0,9,,13.2,5,0,0.1,2,0,0,16.7028,31,,21,12,,0,0,0,1
1604436824681,6,1010123456030,79,,1,2,8,1,0,,11.6875,16,0,0.0162892,5,0,8.66667,,0,0,0,0,0,0,0,0,0,,40,26,,0,0,0,0
1604436824931,6,1010123456030,79,,1,2,8,1,0,,1.18182,22,0,0.0170602,10,0,7.66667,,0,0,0,0,0,0,0,0,0,,17,70,,0,0,0,0
1604436825181,6,1010123456030,79,,1,2,8,1,0,,9.10714,28,0,0.0267952,9,0,8.28571,,0,0,0,0,0,0,0,0,0,,72,70,,0,0,0,0
1604436825431,6,1010123456030,79,,1,2,8,1,0,,12.6429,14,33,0.0215261,6,0,8.75,,12,5,0,0.1,2,0,0,17.0187,31,,29,24,,0,0,0,1
1604436825682,6,1010123456030,79,,1,2,8,1,0,,14.1818,11,0,0.021024,5,0,9.66667,,0,0,0,0,0,0,0,0,0,,15,16,,0,0,0,0
1604436825932,6,1010123456030,79,,1,2,8,1,0,,0,8,0,0.01616,4,0,8.83333,,0,0,0,0,0,0,0,0,0,,21,20,,0,0,0,0
1604436826182,6,1010123456030,79,,1,2,8,1,0,,0,2,0,0.005408,1,0,9,,0,0,0,0,0,0,0,0,0,,4,6,,0,0,0,0
1604436826431,6,1010123456030,79,,1,2,8,1,0,,11.4167,12,0,0.0108594,4,0,8.83333,,10.8,5,0,0.1,2,0,0,17.0729,31,,19,20,,0,0,0,1
1604436826681,6,1010123456030,79,,1,2,8,1,0,,0,6,0,0.0163213,4,0,8.5,,0,0,0,0,0,0,0,0,0,,20,18,,0,0,0,0
1604436826931,6,1010123456030,79,,1,2,8,1,0,,12,14,0,0.0216225,5,0,8.4,,0,0,0,0,0,0,0,0,0,,37,26,,0,0,0,0
1604436827181,6,1010123456030,79,,1,2,8,1,0,,14.3571,14,0,0.0213012,5,0,8.75,,0,0,0,0,0,0,0,0,0,,32,22,,0,0,0,0
1604436827431,6,1010123456030,79,,1,2,8,1,0,,0,6,0,0.0107631,3,0,7.16667,,12,5,0,0.1,2,0,0,19.0962,31,,17,16,,0,0,0,1
1604436827681,6,1010123456030,79,,1,2,8,1,0,,0,2,0,0.00542972,1,0,8.5,,0,0,0,0,0,0,0,0,0,,4,6,,0,0,0,0
1604436827931,6,1010123456030,79,,1,2,8,1,0,,12.5556,9,0,0.0218474,4,0,6.6,,0,0,0,0,0,0,0,0,0,,31,26,,0,0,0,0
1604436828181,6,1010123456030,79,,1,2,8,1,0,,13,6,0,0.0108594,2,0,7.71429,,0,0,0,0,0,0,0,0,0,,18,12,,0,0,0,0
1604436828431,6,1010123456030,79,,1,2,8,1,0,,2.78125,32,0,0.0226506,13,0,5.5,,11.6,5,0,0.1,2,0,0,17.9372,31,,51,118,,0,0,0,1
1604436828681,6,1010123456030,79,,1,2,8,1,0,,4.19355,31,0,0.0279197,13,0,7,,0,0,0,0,0,0,0,0,0,,54,106,,0,0,0,0
1604436828931,6,1010123456030,79,,1,2,8,1,0,,8.90476,21,0,0.0218795,8,0,7.25,,0,0,0,0,0,0,0,0,0,,56,36,,0,0,0,0
1604436829181,6,1010123456030,79,,1,2,8,1,0,,4.33333,21,0,0.0169317,8,0,7,,0,0,0,0,0,0,0,0,0,,40,54,,0,0,0,0
1604436829431,6,1010123456030,79,,1,2,8,1,0,,0,2,0,0.00542972,1,0,7.8,,13.8,5,0,0.1,2,0,0,17.9249,31,,12,6,,0,0,0,1
1604436829681,6,1010123456030,79,,1,2,8,1,0,,12.25,8,0,0.0164177,3,0,7.8,,0,0,0,0,0,0,0,0,0,,32,20,,0,0,0,0
1604436829931,6,1010123456030,79,,1,2,8,1,0,,0,0,0,0,0,0,7.2,,0,0,0,0,0,0,0,0,0,,0,0,,0,0,0,0
1604436830181,6,1010123456030,79,,1,2,8,1,0,,0,2,0,0.00517269,1,0,7.66667,,0,0,0,0,0,0,0,0,0,,4,4,,0,0,0,0
1604436830431,6,1010123456030,79,,1,2,8,1,0,,6.2,20,0,0.0164498,8,0,6.83333,,13.5,6,0,0.1,2,0,0,15.2461,31,,35,54,,0,0,0,1
1604436830681,6,1010123456030,79,,1,2,8,1,0,,2.77778,18,0,0.0113092,7,0,5.25,,0,0,0,0,0,0,0,0,0,,15,54,,0,0,0,0
1604436830931,6,1010123456030,79,,1,2,8,1,0,,13,3,0,0.00542972,1,0,9.5,,0,0,0,0,0,0,0,0,0,,12,6,,0,0,0,0
1604436831181,6,1010123456030,79,,1,2,8,1,0,,3.22222,18,4,0.00542972,2,0,6.6,,0,0,0,0,0,0,0,0,0,,39,54,,0,0,0,0
1604436831431,6,1010123456030,79,,1,2,8,1,0,,10.6,10,0,0.0221044,9,0,8,,9.5,6,0,0.1,2,0,0,17.0032,31,,38,20,,0,0,0,1
1604436831681,6,1010123456030,79,,1,2,8,1,0,,0,2,0,0.00542972,1,0,8,,0,0,0,0,0,0,0,0,0,,12,6,,0,0,0,0
1604436831931,6,1010123456030,79,,1,2,8,1,0,,13,3,0,0.00542972,1,0,5.75,,0,0,0,0,0,0,0,0,0,,6,6,,0,0,0,0
1604436832182,6,1010123456030,79,,1,2,8,1,0,,1.77273,22,0,0.011584,9,0,7.4,,0,0,0,0,0,0,0,0,0,,8,72,,0,0,0,0
1604436832431,6,1010123456030,79,,1,2,8,1,0,,7.8,5,0,0.00536546,2,0,8,,12,5,0,0.1,2,0,0,13.8848,31,,13,8,,0,0,0,1
1604436832682,6,1010123456030,79,,1,2,8,1,0,,0,4,0,0.010816,2,0,8.2,,0,0,0,0,0,0,0,0,0,,12,12,,0,0,0,0
1604436832931,6,1010123456030,79,,1,2,8,1,0,,10,9,0,0.0107952,3,0,9.16667,,0,0,0,0,0,0,0,0,0,,20,14,,0,0,0,0
1604436833181,6,1010123456030,79,,1,2,8,1,0,,11.9333,15,0,0.0218153,6,0,8,,0,0,0,0,0,0,0,0,0,,53,26,,0,0,0,0
1604436833431,6,1010123456030,79,,1,2,8,1,0,,7.25,24,0,0.0220402,10,0,6.8,,7.8,5,0,0.1,2,0,0,12.1733,31,,51,62,,0,0,0,1
1604436833681,6,1010123456030,79,,1,2,8,1,0,,3.75,20,143,0.0169317,7,0,5.25,,0,0,0,0,0,0,0,0,0,,37,66,,0,0,0,0
1604436833931,6,1010123456030,79,,1,2,8,1,0,,3.06667,15,0,0.0112129,7,0,7,,0,0,0,0,0,0,0,0,0,,28,42,,0,0,0,0
1604436834181,6,1010123456030,79,,1,2,8,1,0,,1.77273,22,0,0.0116305,9,0,4.16667,,0,0,0,0,0,0,0,0,0,,10,72,,0,0,0,0
1604436834431,6,1010123456030,79,,1,2,8,1,0,,9.75,8,0,0.0107952,3,0,6.66667,,8.6,5,0,0.1,2,0,0,14.0717,31,,19,14,,0,0,0,1
1604436834681,6,1010123456030,79,,1,2,8,1,0,,0,0,0,0,0,0,10.5,,0,0,0,0,0,0,0,0,0,,0,0,,0,0,0,0
1604436834931,6,1010123456030,79,,1,2,8,1,0,,10.2857,7,0,0.0107952,3,0,6.5,,0,0,0,0,0,0,0,0,0,,19,14,,0,0,0,0
1604436835181,6,1010123456030,79,,1,2,8,1,0,,10.1111,18,0,0.0212369,8,0,7.33333,,0,0,0,0,0,0,0,0,0,,52,28,,0,0,0,0
1604436835431,6,1010123456030,79,,1,2,8,1,0,,8.85714,7,0,0.0109558,3,0,5.4,,13.8462,13,0,0.1,5,0,0,19.6672,31,,32,18,,0,0,0,1
1604436835681,6,1010123456030,79,,1,2,8,1,0,,0,2,0,0.00542972,1,0,9.66667,,0,0,0,0,0,0,0,0,0,,12,6,,0,0,0,0
1604436835931,6,1010123456030,79,,1,2,8,1,0,,3.4,15,0,0.0113735,6,0,5.2,,0,0,0,0,0,0,0,0,0,,25,52,,0,0,0,0
1604436836181,6,1010123456030,79,,1,2,8,1,0,,6,20,0,0.0220402,8,0,6.14286,,0,0,0,0,0,0,0,0,0,,39,70,,0,0,0,0
1604436836431,6,1010123456030,79,,1,2,8,1,0,,13,6,0,0.0108594,2,0,8.2,,0,4,0,0.1,2,0,0,0,31,,24,12,,0,0,0,0
1604436836681,6,1010123456030,79,,1,2,8,1,0,,0,0,0,0,0,0,7.75,,0,0,0,0,0,0,0,0,0,,0,0,,0,0,0,0
1604436836931,6,1010123456030,79,,1,2,8,1,0,,9.625,8,0,0.0107631,3,0,7.6,,0,0,0,0,0,0,0,0,0,,23,16,,0,0,0,0
1604436837181,6,1010123456030,79,,1,2,8,1,0,,3,15,0,0.0113735,6,0,4.8,,0,0,0,0,0,0,0,0,0,,28,44,,0,0,0,0
1604436837431,6,1010123456030,79,,1,2,8,1,0,,10.2857,7,0,0.0107952,3,0,7.5,,10.8,5,0,0.1,2,0,0,16.3024,31,,22,14,,0,0,0,1
1604436837681,6,1010123456030,79,,1,2,8,1,0,,10.3125,16,0,0.026988,7,0,7.25,,0,0,0,0,0,0,0,0,0,,46,36,,0,0,0,0
1604436837931,6,1010123456030,79,,1,2,8,1,0,,5.125,8,0,0.00565462,3,0,7.5,,0,0,0,0,0,0,0,0,0,,45,18,,0,0,0,0
1604436838181,6,1010123456030,79,,1,2,8,1,0,,7.8,5,0,0.00536546,2,0,6.8,,0,0,0,0,0,0,0,0,0,,9,8,,0,0,0,0
1604436838431,6,1010123456030,79,,1,2,8,1,0,,0,4,0,0.0106024,2,0,7.4,,12.8,5,0,0.1,2,0,0,17.1612,31,,16,10,,0,0,0,1
1604436838682,6,1010123456030,79,,1,2,8,1,0,,9.91667,12,0,0.016,5,0,8,,0,0,0,0,0,0,0,0,0,,33,22,,0,0,0,0
1604436838931,6,1010123456030,79,,1,2,8,1,0,,9.4,10,0,0.0109558,4,0,5.6,,0,0,0,0,0,0,0,0,0,,18,16,,0,0,0,0
1604436839181,6,1010123456030,79,,1,2,8,1,0,,13,6,0,0.0108594,2,0,8,,0,0,0,0,0,0,0,0,0,,18,12,,0,0,0,0
1604436839431,6,1010123456030,79,,1,2,8,1,0,,5.36842,19,0,0.0221365,8,0,6.6,,6.57143,7,0,0.1,3,0,0,14.301,31,,34,60,,0,0,0,2.42857
1604436839682,6,1010123456030,79,,1,2,4,1,0,,13,5,0,0.010816,2,0,7.6,,0,0,0,0,0,0,0,0,0,,12,12,,0,0,0,0
1604436839931,6,1010123456030,79,,1,2,4,1,0,,11.9333,15,0,0.0159679,6,0,8.2,,0,0,0,0,0,0,0,0,0,,59,18,,0,0,0,0
1604436840181,6,1010123456030,79,,1,2,4,1,0,,16.8947,19,0,0.0311325,7,0,9,,0,0,0,0,0,0,0,0,0,,57,26,,0,0,0,0
1604436840431,6,1010123456030,79,,1,2,4,1,0,,0,0,0,0,0,0,7.66667,,0,0,0,0,0,0,0,0,0,,0,0,,0,0,0,0
1604436840681,6,1010123456030,79,,1,2,4,1,0,,13.125,8,0,0.0106024,3,0,5.6,,12,5,0,0.1,2,0,0,18.4674,31,,24,10,,0,0,0,1
1604436840931,6,1010123456030,79,,1,2,4,1,0,,9.38636,44,0,0.0382329,18,0,7.5,,0,0,0,0,0,0,0,0,0,,116,66,,0,0,0,0
1604436841181,6,1010123456030,79,,1,2,4,1,0,,18,5,0,0.0103454,2,0,7.66667,,0,0,0,0,0,0,0,0,0,,16,8,,0,0,0,0
1604436841431,6,1010123456030,79,,1,2,4,1,0,,13.2,5,0,0.00533333,2,0,7.66667,,12,5,0,0.1,2,0,0,17.4518,31,,16,6,,0,0,0,1
1604436841681,6,1010123456030,79,,1,2,4,1,0,,9.55556,18,0,0.0215904,8,0,8.16667,,0,0,0,0,0,0,0,0,0,,92,32,,0,0,0,0
1604436841931,6,1010123456030,79,,1,2,4,1,0,,0,4,0,0.0103454,2,0,8,,0,0,0,0,0,0,0,0,0,,15,8,,0,0,0,0
1604436842181,6,1010123456030,79,,1,2,4,1,0,,14.8333,12,0,0.0207871,5,0,9.83333,,0,0,0,0,0,0,0,0,0,,40,20,,0,0,0,0
1604436842431,6,1010123456030,79,,1,2,4,1,0,,14.6522,23,0,0.0315181,9,0,8.8,,13.8,5,0,0.1,2,0,0,16.7973,31,,82,34,,0,0,0,1
1604436842681,6,1010123456030,79,,1,2,4,1,0,,0,10,0,0.0261205,6,0,10,,0,0,0,0,0,0,0,0,0,,16,18,,0,0,0,0
1604436842931,6,1010123456030,79,,1,2,4,1,0,,0.1,48,182,0.00459438,13,0,5.5,,0,0,0,0,0,0,0,0,0,,17,78,,0,0,0,0
1604436843181,6,1010123456030,79,,1,2,4,1,0,,9.69231,13,0,0.0136546,11,0,9,,0,0,0,0,0,0,0,0,0,,20,20,,0,0,0,0
1604436843431,6,1010123456030,79,,1,2,4,1,0,,1.45161,62,0,0.0184739,25,0,8.2,,9.14286,7,0,0.1,3,33.3333,0,9.90792,31,,52,100,,0,0,0,3.57143
1604436843681,6,1010123456030,79,,1,2,4,1,0,,10.2,10,0,0.0107631,4,0,7.16667,,0,0,0,0,0,0,0,0,0,,22,12,,0,0,0,0
1604436843931,6,1010123456030,79,,1,2,4,1,0,,10.9655,29,0,0.0319036,12,0,9,,0,0,0,0,0,0,0,0,0,,57,40,,0,0,0,0
1604436844181,6,1010123456030,79,,1,2,4,1,0,,10.9231,13,0,0.0107952,5,0,9,,0,0,0,0,0,0,0,0,0,,48,14,,0,0,0,0
1604436844431,6,1010123456030,79,,1,2,4,1,0,,18,6,0,0.0103454,2,0,8.5,,11.2,5,0,0.1,2,0,0,15.8836,31,,26,8,,0,0,0,1
1604436844681,6,1010123456030,79,,1,2,4,1,0,,0,0,0,0,0,0,9.8,,0,0,0,0,0,0,0,0,0,,0,0,,0,0,0,0
1604436844931,6,1010123456030,79,,1,2,4,1,0,,16.2941,17,0,0.0263454,7,0,11,,0,0,0,0,0,0,0,0,0,,52,22,,0,0,0,0
1604436845181,6,1010123456030,79,,1,2,4,1,0,,11.6923,13,0,0.0157751,5,0,7.2,,0,0,0,0,0,0,0,0,0,,61,18,,0,0,0,0
1604436845431,6,1010123456030,79,,1,2,4,1,0,,10.1176,17,93,0.0108916,6,0,7.75,,13,6,0,0.1,2,0,0,16.3941,31,,85,24,,0,0,0,1
1604436845682,6,1010123456030,79,,1,2,4,1,0,,15,6,0,0.010464,3,0,8,,0,0,0,0,0,0,0,0,0,,30,8,,0,0,0,0
1604436845931,6,1010123456030,79,,1,2,4,1,0,,1.54762,126,0,0.0369799,50,0,7,,0,0,0,0,0,0,0,0,0,,113,190,,0,0,0,0
1604436846182,6,1010123456030,79,,1,2,4,1,0,,7.3125,16,0,0.010784,6,0,9,,0,0,0,0,0,0,0,0,0,,73,20,,0,0,0,0
1604436846431,6,1010123456030,79,,1,2,4,1,0,,3.5,34,0,0.0169317,14,0,7.2,,10.8,5,0,0.1,2,0,0,16.6916,31,,72,68,,0,0,0,1
1604436846681,6,1010123456030,79,,1,2,4,1,0,,12.3846,13,0,0.0159036,5,0,10,,0,0,0,0,0,0,0,0,0,,49,20,,0,0,0,0
1604436846931,6,1010123456030,79,,1,2,4,1,0,,18,5,0,0.0103454,2,0,10.5,,0,0,0,0,0,0,0,0,0,,14,8,,0,0,0,0
1604436847181,6,1010123456030,79,,1,2,4,1,0,,1,30,0,0.00658635,12,0,6.33333,,0,0,0,0,0,0,0,0,0,,40,46,,0,0,0,0
1604436847431,6,1010123456030,79,,1,2,4,1,0,,18,6,0,0.0103454,2,0,8.5,,0,4,0,0.1,2,0,0,0,31,,21,8,,0,0,0,0
1604436847681,6,1010123456030,79,,1,2,4,1,0,,18,3,0,0.00517269,1,0,4.8,,0,0,0,0,0,0,0,0,0,,8,4,,0,0,0,0
1604436847931,6,1010123456030,79,,1,2,4,1,0,,0.1,32,67,0.0024739,7,0,6.2,,0,0,0,0,0,0,0,0,0,,-21,68,,0,0,0,0
1604436848181,6,1010123456030,79,,1,2,4,1,0,,9.04167,24,0,0.0210442,15,0,7.4,,0,0,0,0,0,0,0,0,0,,92,32,,0,0,0,0
1604436848431,6,1010123456030,79,,1,2,4,1,0,,0,2,0,0.00517269,1,0,8.75,,0,0,0,0,0,0,0,0,0,,9,4,,0,0,0,0
1604436848681,6,1010123456030,79,,1,2,4,1,0,,0,4,0,0.0103454,2,0,7.75,,9.4,5,0,0.1,2,0,0,12.639,31,,15,8,,0,0,0,1
1604436848931,6,1010123456030,79,,1,2,4,1,0,,11.381,21,0,0.0213976,8,0,8.5,,0,0,0,0,0,0,0,0,0,,146,28,,0,0,0,0
1604436849181,6,1010123456030,79,,1,2,4,1,0,,14.5556,9,0,0.0157751,4,0,7.83333,,0,0,0,0,0,0,0,0,0,,26,14,,0,0,0,0
1604436849431,6,1010123456030,79,,1,2,4,1,0,,0.1,58,0,0.00812851,23,0,7,,8.92308,26,0,0.1,10,0,0,13.6852,31,,43,94,,0,0,0,1.15385
1604436849681,6,1010123456030,79,,1,2,4,1,0,,17.6,5,0,0.00536546,2,0,10.6667,,0,0,0,0,0,0,0,0,0,,10,4,,0,0,0,0
1604436849931,6,1010123456030,79,,1,2,4,1,0,,0,0,0,0,0,0,6.8,,0,0,0,0,0,0,0,0,0,,0,0,,0,0,0,0
1604436850181,6,1010123456030,79,,1,2,4,1,0,,18,3,0,0.00517269,1,0,10.3333,,0,0,0,0,0,0,0,0,0,,18,4,,0,0,0,0
1604436850431,6,1010123456030,79,,1,2,4,1,0,,1.58621,58,0,0.0183454,25,0,8,,5.625,8,0,0.1,3,0,0,12.1223,31,,92,102,,0,0,0,1.375
1604436850681,6,1010123456030,79,,1,2,4,1,0,,18,3,0,0.00517269,1,0,10.4,,0,0,0,0,0,0,0,0,0,,9,4,,0,0,0,0
1604436850931,6,1010123456030,79,,1,2,4,1,0,,14.9,10,0,0.0157751,4,0,11,,0,0,0,0,0,0,0,0,0,,36,14,,0,0,0,0
1604436851181,6,1010123456030,79,,1,2,4,1,0,,0.885246,61,0,0.0133012,24,0,7.2,,0,0,0,0,0,0,0,0,0,,64,116,,0,0,0,0
1604436851431,6,1010123456030,79,,1,2,4,1,0,,18,3,0,0.00517269,1,0,8.66667,,8.4,5,0,0.1,2,0,0,15.2744,31,,18,4,,0,0,0,1
1604436851681,6,1010123456030,79,,1,2,4,1,0,,2.08333,60,0,0.0185382,23,0,7.6,,0,0,0,0,0,0,0,0,0,,-22,90,,0,0,0,0
1604436851931,6,1010123456030,79,,1,2,4,1,0,,18,5,0,0.0103454,2,0,6.2,,0,0,0,0,0,0,0,0,0,,26,8,,0,0,0,0
1604436852182,6,1010123456030,79,,1,2,4,1,0,,13.25,8,0,0.0104,3,0,8.75,,0,0,0,0,0,0,0,0,0,,13,12,,0,0,0,0
1604436852431,6,1010123456030,79,,1,2,4,1,0,,18,3,0,0.00517269,1,0,6.5,,13,6,0,0.1,2,0,0,15.7354,31,,21,4,,0,0,0,1
1604436852681,6,1010123456030,79,,1,2,4,1,0,,18,10,0,0.0206908,4,0,11.25,,0,0,0,0,0,0,0,0,0,,28,16,,0,0,0,0
1604436852931,6,1010123456030,79,,1,2,4,1,0,,18,8,0,0.0155181,3,0,8.2,,0,0,0,0,0,0,0,0,0,,66,12,,0,0,0,0
1604436853181,6,1010123456030,79,,1,2,4,1,0,,18,5,0,0.0103454,2,0,5,,0,0,0,0,0,0,0,0,0,,16,8,,0,0,0,0
1604436853431,6,1010123456030,79,,1,2,4,1,0,,0.1,56,0,0.00812851,23,0,6,,12,3,0,0.1,1,0,0,14.8589,31,,42,138,,0,0,0,1
1604436853681,6,1010123456030,79,,1,2,4,1,0,,0,2,0,0.00517269,1,0,5.8,,0,2,0,0.1,1,0,0,0,0,,16,4,,0,0,0,0
1604436853931,6,1010123456030,79,,1,2,4,1,0,,0,0,0,0,0,0,11,,0,0,0,0,0,0,0,0,0,,0,0,,0,0,0,0
1604436854181,6,1010123456030,79,,1,2,4,1,0,,0,2,0,0.00517269,1,0,9,,0,0,0,0,0,0,0,0,0,,21,4,,0,0,0,0
1604436854431,6,1010123456030,79,,1,2,4,1,0,,10.7647,17,0,0.0211084,7,0,6.2,,11.2,5,0,0.1,2,0,0,15.0888,31,,81,24,,0,0,0,1
1604436854681,6,1010123456030,79,,1,2,4,1,0,,8.57143,7,0,0.0055261,3,0,9.25,,0,0,0,0,0,0,0,0,0,,28,10,,0,0,0,0
1604436854931,6,1010123456030,79,,1,2,4,1,0,,18,5,0,0.0103454,2,0,9,,0,0,0,0,0,0,0,0,0,,18,8,,0,0,0,0
1604436855181,6,1010123456030,79,,1,2,4,1,0,,8.6,5,0,0.00533333,2,0,10.6,,0,0,0,0,0,0,0,0,0,,10,6,,0,0,0,0
1604436855431,6,1010123456030,79,,1,2,4,1,0,,5.33333,27,0,0.0169639,12,0,6.2,,11,6,0,0.1,2,0,0,11.7393,31,,8,48,,0,0,0,1.5
1604436855681,6,1010123456030,79,,1,2,4,1,0,,18.4615,13,0,0.0311004,6,0,9.4,,0,0,0,0,0,0,0,0,0,,59,22,,0,0,0,0
1604436855931,6,1010123456030,79,,1,2,4,1,0,,18,6,0,0.0103454,2,0,10,,0,0,0,0,0,0,0,0,0,,38,8,,0,0,0,0
1604436856181,6,1010123456030,79,,1,2,4,1,0,,11,6,0,0.0104418,3,0,5.5,,0,0,0,0,0,0,0,0,0,,29,12,,0,0,0,0
1604436856431,6,1010123456030,79,,1,2,4,1,0,,0,0,0,0,0,0,8.6,,12.5714,28,0,0.140948,11,0,0,15.2539,31,,0,0,,0,0,0,1.35714
1604436856681,6,1010123456030,79,,1,2,4,1,0,,4.54545,33,158,0.0168353,13,0,7,,0,0,0,0,0,0,0,0,0,,75,50,,0,0,0,0
1604436856931,6,1010123456030,79,,1,2,4,1,0,,2.57143,56,25,0.0194056,14,0,8.75,,0,0,0,0,0,0,0,0,0,,38,88,,0,0,0,0
1604436857181,6,1010123456030,79,,1,2,4,1,0,,4.125,16,0,0.00967068,14,0,5.4,,0,0,0,0,0,0,0,0,0,,35,22,,0,0,0,0
1604436857431,6,1010123456030,79,,1,2,4,1,0,,0,4,0,0.0103454,2,0,7.5,,0,4,0,0.1,2,0,0,0,31,,8,8,,0,0,0,0
1604436857681,6,1010123456030,79,,1,2,4,1,0,,2.39063,64,95,0.0179598,18,0,3,,0,0,0,0,0,0,0,0,0,,53,94,,0,0,0,0
1604436857931,6,1010123456030,79,,1,2,4,1,0,,6.76,25,158,0.0220723,17,0,9.4,,0,0,0,0,0,0,0,0,0,,27,38,,0,0,0,0
1604436858181,6,1010123456030,79,,1,2,4,1,0,,18,3,0,0.00517269,1,0,3.33333,,0,0,0,0,0,0,0,0,0,,6,4,,0,0,0,0
1604436858431,6,1010123456030,79,,1,2,4,1,0,,2.52113,71,0,0.0239679,28,0,8,,10.4,5,0,0.1,2,0,0,15.1816,31,,134,122,,0,0,0,1.8
1604436858682,6,1010123456030,79,,1,2,4,1,0,,12.6,15,0,0.02096,6,0,8,,0,0,0,0,0,0,0,0,0,,46,22,,0,0,0,0
1604436858931,6,1010123456030,79,,1,2,4,1,0,,11.125,16,0,0.0160643,6,0,6.5,,0,0,0,0,0,0,0,0,0,,73,22,,0,0,0,0
1604436859182,6,1010123456030,79,,1,2,4,1,0,,1.47541,61,0,0.0184,25,0,7.5,,0,0,0,0,0,0,0,0,0,,49,100,,0,0,0,0
1604436859431,6,1010123456030,79,,1,2,4,1,0,,0,4,0,0.0103454,2,0,8.25,,13.2,5,0,0.1,2,0,0,12.7055,31,,17,8,,0,0,0,1.8
1604436859681,6,1010123456030,79,,1,2,4,1,0,,18,6,0,0.0103454,2,0,9,,0,0,0,0,0,0,0,0,0,,8,8,,0,0,0,0
1604436859931,6,1010123456030,79,,1,2,4,1,0,,18.1538,13,0,0.0209157,5,0,8.5,,0,0,0,0,0,0,0,0,0,,32,16,,0,0,0,0
1604436860181,6,1010123456030,79,,1,2,4,1,0,,17.1667,12,0,0.0158394,5,0,7.16667,,0,0,0,0,0,0,0,0,0,,29,12,,0,0,0,0
1604436860431,6,1010123456030,79,,1,2,4,1,0,,1.42857,63,0,0.0184739,25,0,8.75,,6.96,25,0,0.1,10,0,0,12.5793,31,,52,102,,0,0,0,1
1604436860681,6,1010123456030,79,,1,2,4,1,0,,15.25,12,0,0.0208514,5,0,10,,0,0,0,0,0,0,0,0,0,,53,20,,0,0,0,0
1604436860931,6,1010123456030,79,,1,2,4,1,0,,18,7,0,0.0155181,3,0,8.8,,0,0,0,0,0,0,0,0,0,,24,12,,0,0,0,0
1604436861181,6,1010123456030,79,,1,2,4,1,0,,18.3,10,0,0.0156787,4,0,8.83333,,0,0,0,0,0,0,0,0,0,,26,12,,0,0,0,0
1604436861431,6,1010123456030,79,,1,2,4,1,0,,11.7692,13,0,0.0158394,5,0,9.5,,8.5,6,0,0.1,2,0,0,14.7179,31,,21,16,,0,0,0,1
1604436861681,6,1010123456030,79,,1,2,4,1,0,,0,2,0,0.00517269,1,0,9,,0,0,0,0,0,0,0,0,0,,4,4,,0,0,0,0
1604436861931,6,1010123456030,79,,1,2,4,1,0,,0,2,0,0.00517269,1,0,9.66667,,0,0,0,0,0,0,0,0,0,,12,4,,0,0,0,0
1604436862181,6,1010123456030,79,,1,2,4,1,0,,0,4,0,0.00526908,2,0,9.16667,,0,0,0,0,0,0,0,0,0,,21,8,,0,0,0,0
1604436862431,6,1010123456030,79,,1,2,4,1,0,,17.6,5,0,0.00536546,2,0,9.6,,0,0,0,0,0,0,0,0,0,,10,4,,0,0,0,0
1604436862681,6,1010123456030,79,,1,2,4,1,0,,13.25,8,0,0.0104418,3,0,7,,11.2,5,0,0.1,2,0,0,13.9145,31,,21,12,,0,0,0,1
1604436862931,6,1010123456030,79,,1,2,4,1,0,,17.7778,9,0,0.0157108,4,0,8.66667,,0,0,0,0,0,0,0,0,0,,34,12,,0,0,0,0
1604436863181,6,1010123456030,79,,1,2,4,1,0,,0.1,170,0,0.0236787,67,0,3.66667,,0,0,0,0,0,0,0,0,0,,52,278,,0,0,0,0
1604436863431,6,1010123456030,79,,1,2,4,1,0,,6.6,35,0,0.0274699,15,0,12.1667,,7.4,5,0,0.1,2,0,0,13.1125,31,,25,60,,0,0,0,1
1604436863681,6,1010123456030,79,,1,2,4,1,0,,18,3,0,0.0103454,2,0,8.5,,0,0,0,0,0,0,0,0,0,,12,4,,0,0,0,0
1604436863931,6,1010123456030,79,,1,2,4,1,0,,18,3,158,0.00517269,1,0,10.2,,0,0,0,0,0,0,0,0,0,,3,4,,0,0,0,0
1604436864181,6,1010123456030,79,,1,2,4,1,0,,18,11,0,0.0206908,4,0,10,,0,0,0,0,0,0,0,0,0,,15,16,,0,0,0,0
1604436864431,6,1010123456030,79,,1,2,4,1,0,,0,0,0,0,0,0,11.6,,0,0,0,0,0,0,0,0,0,,0,0,,0,0,0,0
1604436864681,6,1010123456030,79,,1,2,4,1,0,,2.475,40,0,0.0174137,16,0,5.5,,8.4,5,0,0.1,2,0,0,11.3033,31,,26,64,,0,0,0,1
1604436864931,6,1010123456030,79,,1,2,4,1,0,,18,5,0,0.0103454,2,0,8,,0,0,0,0,0,0,0,0,0,,29,8,,0,0,0,0
1604436865182,6,1010123456030,79,,1,2,4,1,0,,18,17,0,0.030912,6,0,11.4,,0,0,0,0,0,0,0,0,0,,57,24,,0,0,0,0
1604436865431,6,1010123456030,79,,1,2,4,1,0,,18,8,0,0.0155181,3,0,9.8,,6.42857,7,0,0.1,3,0,0,13.1723,31,,31,12,,0,0,0,1.28571
1604436865682,6,1010123456030,79,,1,2,4,1,0,,14.5,12,0,0.020704,5,0,8.66667,,0,0,0,0,0,0,0,0,0,,44,20,,0,0,0,0
1604436865931,6,1010123456030,79,,1,2,4,1,0,,13.0909,11,0,0.0158715,4,0,9.2,,0,0,0,0,0,0,0,0,0,,13,16,,0,0,0,0
1604436866181,6,1010123456030,79,,1,2,4,1,0,,1.86207,29,88,0.00623293,4,0,4.6,,0,0,0,0,0,0,0,0,0,,3,48,,0,0,0,0
1604436866431,6,1010123456030,79,,1,2,4,1,0,,0.405797,69,0,0.0139759,35,0,9.66667,,10.8,5,0,0.1,2,0,0,13.5108,31,,-31,110,,0,0,0,1.4
1604436866681,6,1010123456030,79,,1,2,4,1,0,,0,0,0,0,0,0,12,,0,0,0,0,0,0,0,0,0,,0,0,,0,0,0,0
1604436866931,6,1010123456030,79,,1,2,4,1,0,,18,12,0,0.0258635,5,0,0.1,,0,0,0,0,0,0,0,0,0,,24,20,,0,0,0,0
1604436867181,6,1010123456030,79,,1,2,4,1,0,,0.153465,202,0,0.0306185,80,0,1.5,,0,0,0,0,0,0,0,0,0,,79,374,,0,0,0,0
1604436867431,6,1010123456030,79,,1,2,4,1,0,,0.9,30,0,0.00671486,12,0,6,,8.4,5,0,0.1,2,0,0,14.3088,31,,30,48,,0,0,0,1
1604436867681,6,1010123456030,79,,1,2,4,1,0,,18,18,0,0.0362088,7,0,10.6667,,0,0,0,0,0,0,0,0,0,,69,28,,0,0,0,0
1604436867931,6,1010123456030,79,,1,2,4,1,0,,0.9,60,0,0.0133012,24,0,7.66667,,0,0,0,0,0,0,0,0,0,,54,96,,0,0,0,0
1604436868181,6,1010123456030,79,,1,2,4,1,0,,0,2,0,0.00517269,1,0,9.4,,0,0,0,0,0,0,0,0,0,,6,4,,0,0,0,0
1604436868431,6,1010123456030,79,,1,2,4,1,0,,0,2,0,0.00517269,1,0,9.4,,9.6,5,0,0.1,2,0,0,14.6941,31,,3,4,,0,0,0,1
1604436868681,6,1010123456030,79,,1,2,4,1,0,,0.1,5,144,0,0,0,0.1,,0,0,0,0,0,0,0,0,0,,-4,8,,0,0,0,0
1604436868931,6,1010123456030,79,,1,2,4,1,0,,2.9697,66,0,0.029012,29,0,11,,0,0,0,0,0,0,0,0,0,,113,108,,0,0,0,0
1604436869181,6,1010123456030,79,,1,2,4,1,0,,1.47619,42,0,0.012241,17,0,5.8,,0,0,0,0,0,0,0,0,0,,1,66,,0,0,0,0
1604436869431,6,1010123456030,79,,1,2,4,1,0,,0,2,0,0.00517269,1,0,5.75,,9,5,0,0.1,2,0,0,12.2707,31,,8,4,,0,0,0,1
1604436869681,6,1010123456030,79,,1,2,2,1,0,,1.08696,69,0,0.013751,27,0,7,,0,0,0,0,0,0,0,0,0,,25,106,,0,0,0,0
1604436869931,6,1010123456030,79,,1,2,2,1,0,,15.7857,14,0,0.0107309,5,0,3.66667,,0,0,0,0,0,0,0,0,0,,7,40,,0,0,0,0
1604436870181,6,1010123456030,79,,1,2,2,1,0,,1,102,348,0.00922088,41,0,4,,0,0,0,0,0,0,0,0,0,,-72,136,,0,0,0,0
1604436870431,6,1010123456030,79,,1,2,2,1,0,,17.5294,17,0,0.0171888,7,0,7.5,,5.14286,7,0,0.1,3,0,0,10.4463,31,,153,48,,0,0,0,1
1604436870681,6,1010123456030,79,,1,2,2,1,0,,10.1304,23,0,0.0112129,9,0,6.25,,0,0,0,0,0,0,0,0,0,,104,18,,0,0,0,0
1604436870931,6,1010123456030,79,,1,2,2,1,0,,10.1935,31,0,0.0155181,12,0,7.66667,,0,0,0,0,0,0,0,0,0,,154,26,,0,0,0,0
1604436871181,6,1010123456030,79,,1,2,2,1,0,,0,6,0,0.00118876,1,0,8.5,,0,0,0,0,0,0,0,0,0,,11,6,,0,0,0,0
1604436871431,5,1010123456030,79,,1,2,2,1,0,,0,0,0,0.00549398,3,0,6,,7,6,0,0.1,2,0,0,10.2933,31,,0,0,,0,0,0,1
1604436871681,5,1010123456030,79,,1,2,2,1,0,,12,5,0,0.00533333,2,0,13,,0,0,0,0,0,0,0,0,0,,4,4,,0,0,0,0
1604436871932,5,1010123456030,79,,1,2,2,1,0,,12.2727,22,26,0.015968,6,0,7.66667,,0,0,0,0,0,0,0,0,0,,76,20,,0,0,0,0
1604436872181,5,1010123456030,79,,1,2,2,1,0,,11.7778,9,0,0.0110843,8,0,8.33333,,0,0,0,0,0,0,0,0,0,,27,8,,0,0,0,0
1604436872431,5,1010123456030,79,,1,2,2,1,0,,18.5,16,0,0.016,6,0,8.33333,,7,9,0,0,4,100,0,0.906869,0,,38,12,,0,0,0,10
1604436872681,5,1010123456030,79,,1,2,2,1,0,,9.5,20,0,0.011245,8,0,6,,0,0,0,0,0,0,0,0,0,,76,16,,0,0,0,0
1604436872931,5,1010123456030,79,,1,2,2,1,0,,9.25,12,0,0.00565462,5,0,7,,0,0,0,0,0,0,0,0,0,,89,10,,0,0,0,0
1604436873181,5,1010123456030,79,,1,2,2,1,0,,0,0,0,0,0,0,0.1,,0,0,0,0,0,0,0,0,0,,0,0,,0,0,0,0
1604436873431,5,1010123456030,79,,1,2,2,1,0,,5.20339,59,0,0.0182811,24,0,6.4,,0,16,0,0.1,8,0,0,0,31,,55,54,,0,0,0,0
1604436873681,5,1010123456030,79,,1,2,2,1,0,,6.92308,78,0,0.0291727,30,0,6.5,,0,0,0,0,0,0,0,0,0,,147,60,,0,0,0,0
1604436873931,5,1010123456030,79,,1,2,2,1,0,,13.5152,33,0,0.0270843,14,0,7.5,,0,0,0,0,0,0,0,0,0,,95,28,,0,0,0,0
1604436874181,5,1010123456030,79,,1,2,2,1,0,,8.11111,36,0,0.0171566,14,0,7.25,,0,0,0,0,0,0,0,0,0,,31,28,,0,0,0,0
1604436874431,5,1010123456030,79,,1,2,2,1,0,,13.3333,9,0,0.00391968,2,0,0.1,,3,21,0,0.1,9,22.2222,0,8.02214,31,,38,6,,0,0,0,3.42857
1604436874681,5,1010123456030,79,,1,2,2,1,0,,13.3846,13,0,0.0123695,7,0,4,,0,0,0,0,0,0,0,0,0,,100,12,,0,0,0,0
1604436874931,5,1010123456030,79,,1,2,2,1,0,,4.50685,73,0,0.0189237,29,0,6.66667,,0,0,0,0,0,0,0,0,0,,131,78,,0,0,0,0
1604436875181,5,1010123456030,79,,1,2,2,1,0,,0,0,0,0,0,0,4.75,,0,0,0,0,0,0,0,0,0,,0,0,,0,0,0,0
1604436875431,5,1010123456030,79,,1,2,2,1,0,,10.8,10,0,0.00555823,4,0,7.25,,10,5,0,0.1,2,0,0,11.3848,31,,78,8,,0,0,0,1.6
1604436875681,5,1010123456030,79,,1,2,2,1,0,,14.4167,12,0,0.0107952,5,0,6,,0,0,0,0,0,0,0,0,0,,52,60,,0,0,0,0
1604436875931,5,1010123456030,79,,1,2,2,1,0,,13.0714,14,0,0.0109558,6,0,4,,0,0,0,0,0,0,0,0,0,,61,12,,0,0,0,0
1604436876181,5,1010123456030,79,,1,2,2,1,0,,0,0,158,0,0,0,3,,0,0,0,0,0,0,0,0,0,,-47,64,,0,0,0,0
1604436876431,5,1010123456030,79,,1,2,2,1,0,,3.35354,99,0,0.0201767,39,0,5,,7.6,5,0,0.1,2,0,0,13.0042,31,,-109,238,,0,0,0,1
1604436876681,5,1010123456030,79,,1,2,2,1,0,,12.1176,17,0,0.010988,7,0,8,,0,0,0,0,0,0,0,0,0,,57,14,,0,0,0,0
1604436876931,5,1010123456030,79,,1,2,2,1,0,,1,27,128,0.0011245,5,0,3,,0,0,0,0,0,0,0,0,0,,-16,20,,0,0,0,0
1604436877181,5,1010123456030,79,,1,2,2,1,0,,15.4186,43,0,0.0379759,22,0,8.6,,0,0,0,0,0,0,0,0,0,,104,34,,0,0,0,0
1604436877431,5,1010123456030,79,,1,2,2,1,0,,12.375,8,0,0.00546185,3,0,8.66667,,0,8,0,0,4,100,0,0,0,,23,6,,0,0,0,0
1604436877681,5,1010123456030,79,,1,2,2,1,0,,13.3333,15,0,0.0108594,6,0,7.5,,0,0,0,0,0,0,0,0,0,,30,12,,0,0,0,0
1604436877931,5,1010123456030,79,,1,2,2,1,0,,8.96154,26,0,0.0114056,10,0,7.33333,,0,0,0,0,0,0,0,0,0,,89,20,,0,0,0,0
1604436878182,5,1010123456030,79,,1,2,2,1,0,,0,0,0,0,0,0,6,,0,0,0,0,0,0,0,0,0,,0,0,,0,0,0,0
1604436878431,5,1010123456030,79,,1,2,2,1,0,,11.8889,18,0,0.010988,7,0,5.6,,3.5,8,0,0.1,3,0,0,12.1984,31,,40,24,,0,0,0,1
1604436878681,5,1010123456030,79,,1,2,2,1,0,,13.7143,7,0,0.00546185,3,0,5.66667,,0,0,0,0,0,0,0,0,0,,-6,26,,0,0,0,0
1604436878931,5,1010123456030,79,,1,2,2,1,0,,9.30769,13,0,0.00565462,5,0,5.5,,0,0,0,0,0,0,0,0,0,,33,10,,0,0,0,0
1604436879181,5,1010123456030,79,,1,2,2,1,0,,10.8571,21,0,0.0110522,8,0,4.5,,0,0,0,0,0,0,0,0,0,,56,16,,0,0,0,0
1604436879431,5,1010123456030,79,,1,2,2,1,0,,9.4,25,0,0.0114378,10,0,5.75,,6,7,0,0.1,3,0,0,5.77603,31,,176,20,,0,0,0,2.57143
1604436879681,5,1010123456030,79,,1,2,2,1,0,,10.5366,41,0,0.0223293,17,0,8,,0,0,0,0,0,0,0,0,0,,444,34,,0,0,0,0
1604436879931,5,1010123456030,79,,1,2,2,1,0,,18.6,5,628,0.00533333,2,0,6.66667,,0,0,0,0,0,0,0,0,0,,-136,106,,0,0,0,0
1604436880181,5,1010123456030,79,,1,2,2,1,0,,9.8421,57,0,0.0282731,23,0,8,,0,0,0,0,0,0,0,0,0,,118,48,,0,0,0,0
1604436880431,5,1010123456030,79,,1,2,2,1,0,,12.3333,24,158,0.0164819,10,0,4,,1.0625,16,0,0.1,6,0,0,7.59356,31,,73,38,,0,0,0,1.625
1604436880681,5,1010123456030,79,,1,2,2,1,0,,9.91228,57,0,0.0280803,22,0,8.25,,0,0,0,0,0,0,0,0,0,,216,64,,0,0,0,0
1604436880931,5,1010123456030,79,,1,2,2,1,0,,16.381,42,0,0.0375904,16,0,9,,0,0,0,0,0,0,0,0,0,,143,32,,0,0,0,0
1604436881181,5,1010123456030,79,,1,2,2,1,0,,18.55,20,0,0.0213333,8,0,8.5,,0,0,0,0,0,0,0,0,0,,68,16,,0,0,0,0
1604436881431,5,1010123456030,79,,1,2,2,1,0,,0,4,0,0.00533333,2,0,8.5,,12,9,0,0,4,100,0,0.704512,0,,25,4,,0,0,0,10
1604436881681,5,1010123456030,79,,1,2,2,1,0,,14.5,22,0,0.0163213,8,0,8.4,,0,0,0,0,0,0,0,0,0,,88,16,,0,0,0,0
1604436881931,5,1010123456030,79,,1,2,2,1,0,,14.3929,28,44,0.0216546,10,0,7,,0,0,0,0,0,0,0,0,0,,85,46,,0,0,0,0
1604436882181,5,1010123456030,79,,1,2,2,1,0,,12.8889,9,315,0.0108594,6,0,2,,0,0,0,0,0,0,0,0,0,,-123,140,,0,0,0,0
1604436882431,5,1010123456030,79,,1,2,2,1,0,,12.3077,52,0,0.0329639,21,0,5.66667,,0,2,0,0.1,1,0,0,0,31,,-28,192,,0,0,0,0
1604436882681,5,1010123456030,79,,1,2,2,1,0,,18.4,5,0,0.00533333,2,0,8.75,,2.6087,23,0,0.1,10,40,0,7.69866,31,,22,4,,0,0,0,4.13043
1604436882931,5,1010123456030,79,,1,2,2,1,0,,18.5263,19,0,0.0213333,8,0,8,,0,0,0,0,0,0,0,0,0,,111,16,,0,0,0,0
1604436883181,5,1010123456030,79,,1,2,2,1,0,,13.3125,32,0,0.021751,12,0,8.5,,0,0,0,0,0,0,0,0,0,,116,24,,0,0,0,0
1604436883431,5,1010123456030,79,,1,2,2,1,0,,13.6364,22,0,0.0148434,8,0,8.4,,0,8,0,0,4,100,0,0,0,,77,18,,0,0,0,0
1604436883681,5,1010123456030,79,,1,2,2,1,0,,13.25,8,0,0.00693976,4,0,8.66667,,0,0,0,0,0,0,0,0,0,,40,6,,0,0,0,0
1604436883931,5,1010123456030,79,,1,2,2,1,0,,10.6667,21,0,0.0110522,8,0,7.33333,,0,0,0,0,0,0,0,0,0,,83,16,,0,0,0,0
1604436884181,5,1010123456030,79,,1,2,2,1,0,,13.4286,7,0,0.00542972,3,0,8.25,,0,0,0,0,0,0,0,0,0,,40,6,,0,0,0,0
1604436884431,5,1010123456030,79,,1,2,2,1,0,,0,0,0,0,0,0,7.66667,,0,0,0,0,0,0,0,0,0,,0,0,,0,0,0,0
1604436884681,5,1010123456030,79,,1,2,2,1,0,,9.35135,37,0,0.0169639,15,0,6,,2.66667,18,0,0.1,8,0,0,8.81416,31,,164,30,,0,0,0,1
1604436884931,5,1010123456030,79,,1,2,2,1,0,,11.8889,18,0,0.0109558,7,0,6.75,,0,0,0,0,0,0,0,0,0,,132,14,,0,0,0,0
1604436885181,5,1010123456030,79,,1,2,2,1,0,,13.4286,7,0,0.00542972,3,0,8.2,,0,0,0,0,0,0,0,0,0,,14,6,,0,0,0,0
1604436885431,5,1010123456030,79,,1,2,2,1,0,,14.871,31,0,0.0269558,13,0,8,,3.33333,33,0,0.1,13,23.0769,0,8.13408,31,,125,26,,0,0,0,4.18182
1604436885681,5,1010123456030,79,,1,2,2,1,0,,0,0,0,0,0,0,8.2,,0,0,0,0,0,0,0,0,0,,0,0,,0,0,0,0
1604436885931,5,1010123456030,79,,1,2,2,1,0,,9.30769,13,0,0.00565462,5,0,7.2,,0,0,0,0,0,0,0,0,0,,29,10,,0,0,0,0
1604436886181,5,1010123456030,79,,1,2,2,1,0,,12.9583,24,0,0.0163534,9,0,6.5,,0,0,0,0,0,0,0,0,0,,52,18,,0,0,0,0
1604436886431,5,1010123456030,79,,1,2,2,1,0,,12.5306,49,0,0.0329317,19,0,7.8,,3.8,10,0,0.1,4,0,0,9.21201,31,,93,38,,0,0,0,1
1604436886681,5,1010123456030,79,,1,2,2,1,0,,13.2857,14,0,0.0108594,6,0,9,,0,0,0,0,0,0,0,0,0,,50,12,,0,0,0,0
1604436886931,5,1010123456030,79,,1,2,2,1,0,,15.4545,11,0,0.0108273,5,0,7.75,,0,0,0,0,0,0,0,0,0,,22,10,,0,0,0,0
1604436887181,5,1010123456030,79,,1,2,2,1,0,,13.125,16,115,0.0109237,6,0,8,,0,0,0,0,0,0,0,0,0,,53,16,,0,0,0,0
1604436887431,5,1010123456030,79,,1,2,2,1,0,,13.5676,37,0,0.0326747,18,0,8.75,,4,12,0,0,4,100,0,1.13103,0,,140,32,,0,0,0,10
1604436887681,5,1010123456030,79,,1,2,2,1,0,,18.6,5,0,0.00533333,2,0,8.5,,3,8,0,0.1,3,0,0,10.262,31,,17,4,,0,0,0,1
1604436887931,5,1010123456030,79,,1,2,2,1,0,,13.2857,14,0,0.0108594,6,0,7.75,,0,0,0,0,0,0,0,0,0,,132,12,,0,0,0,0
1604436888181,5,1010123456030,79,,1,2,2,1,0,,13.6,15,0,0.0109237,6,0,8,,0,0,0,0,0,0,0,0,0,,35,12,,0,0,0,0
1604436888431,5,1010123456030,79,,1,2,2,1,0,,11.1111,9,0,0.00555823,4,0,8,,7,5,0,0.1,2,0,0,10.3836,31,,57,8,,0,0,0,1
1604436888681,5,1010123456030,79,,1,2,2,1,0,,13.3421,38,0,0.0272129,15,0,0.1,,0,0,0,0,0,0,0,0,0,,214,30,,0,0,0,0
1604436888931,5,1010123456030,79,,1,2,2,1,0,,11.1111,18,0,0.0111165,8,0,7,,0,0,0,0,0,0,0,0,0,,136,16,,0,0,0,0
1604436889181,5,1010123456030,79,,1,2,2,1,0,,15.8696,23,0,0.0215261,9,0,8.75,,0,0,0,0,0,0,0,0,0,,82,18,,0,0,0,0
1604436889431,5,1010123456030,79,,1,2,2,1,0,,0,0,0,0,0,0,9,,4.75,8,0,0.1,3,0,0,5.51337,31,,0,0,,0,0,0,2.875
1604436889681,5,1010123456030,79,,1,2,2,1,0,,18.4,5,0,0.00533333,2,0,7,,0,0,0,0,0,0,0,0,0,,23,4,,0,0,0,0
1604436889931,5,1010123456030,79,,1,2,2,1,0,,17.5,6,0,0.00533333,2,0,11,,0,0,0,0,0,0,0,0,0,,8,4,,0,0,0,0
1604436890181,5,1010123456030,79,,1,2,2,1,0,,17,9,0,0.0107309,4,0,0.1,,0,0,0,0,0,0,0,0,0,,23,8,,0,0,0,0
1604436890431,5,1010123456030,79,,1,2,2,1,0,,14.2105,19,0,0.016257,8,0,8.66667,,4.04167,24,0,0.1,10,0,0,7.66818,31,,61,16,,0,0,0,1.125
1604436890681,5,1010123456030,79,,1,2,2,1,0,,17.5,6,0,0.00539759,2,0,9.33333,,0,0,0,0,0,0,0,0,0,,6,4,,0,0,0,0
1604436890931,5,1010123456030,79,,1,2,2,1,0,,10.9474,19,0,0.0111165,8,0,7.33333,,0,0,0,0,0,0,0,0,0,,87,16,,0,0,0,0
1604436891181,5,1010123456030,79,,1,2,2,1,0,,17.1111,9,0,0.0107309,4,0,8.25,,0,0,0,0,0,0,0,0,0,,15,8,,0,0,0,0
1604436891431,5,1010123456030,79,,1,2,2,1,0,,12.3548,31,0,0.0219759,14,0,6.5,,6.30769,26,0,0.1,10,0,0,10.3798,31,,237,68,,0,0,0,1
1604436891682,5,1010123456030,79,,1,2,2,1,0,,17.9286,14,0,0.015936,6,0,8.8,,0,0,0,0,0,0,0,0,0,,49,12,,0,0,0,0
1604436891931,5,1010123456030,79,,1,2,2,1,0,,18.6,15,0,0.016,6,0,9,,0,0,0,0,0,0,0,0,0,,23,12,,0,0,0,0
1604436892181,5,1010123456030,79,,1,2,2,1,0,,12.16,25,0,0.0138153,8,0,8,,0,0,0,0,0,0,0,0,0,,76,20,,0,0,0,0
1604436892431,5,1010123456030,79,,1,2,2,1,0,,9.74419,43,0,0.0252851,19,0,8.66667,,6.73077,26,0,0.1,9,44.4444,0,9.33237,31,,175,34,,0,0,0,5.15385
1604436892681,5,1010123456030,79,,1,2,2,1,0,,18,16,0,0.016,6,0,9,,0,0,0,0,0,0,0,0,0,,60,12,,0,0,0,0
1604436892931,5,1010123456030,79,,1,2,2,1,0,,14.56,25,0,0.0216546,10,0,9,,0,0,0,0,0,0,0,0,0,,69,20,,0,0,0,0
1604436893181,5,1010123456030,79,,1,2,2,1,0,,1,139,297,0.0121446,54,0,3,,0,0,0,0,0,0,0,0,0,,-122,116,,0,0,0,0
1604436893431,5,1010123456030,79,,1,2,2,1,0,,3.37363,91,0,0.020241,40,0,9,,10.8,5,0,0.1,2,0,0,12.1394,31,,-49,74,,0,0,0,1.4
1604436893681,5,1010123456030,79,,1,2,2,1,0,,18.6,10,0,0.0106667,4,0,9,,0,0,0,0,0,0,0,0,0,,20,8,,0,0,0,0
1604436893931,5,1010123456030,79,,1,2,2,1,0,,13.8462,13,0,0.0109558,6,0,9,,0,0,0,0,0,0,0,0,0,,37,12,,0,0,0,0
1604436894181,5,1010123456030,79,,1,2,2,1,0,,10.5,8,0,0.00555823,4,0,8,,0,0,0,0,0,0,0,0,0,,73,8,,0,0,0,0
1604436894431,5,1010123456030,79,,1,2,2,1,0,,12.8286,35,72,0.0218474,13,0,8,,8.6,5,0,0.1,2,0,0,13.0639,31,,163,30,,0,0,0,1
1604436894681,5,1010123456030,79,,1,2,2,1,0,,11.0882,34,158,0.0222008,16,0,8,,0,0,0,0,0,0,0,0,0,,149,28,,0,0,0,0
1604436894931,5,1010123456030,79,,1,2,2,1,0,,10.8571,21,0,0.0111165,8,0,10,,0,0,0,0,0,0,0,0,0,,96,16,,0,0,0,0
1604436895181,5,1010123456030,79,,1,2,2,1,0,,18.4,5,0,0.00533333,2,0,8,,0,0,0,0,0,0,0,0,0,,14,4,,0,0,0,0
1604436895431,5,1010123456030,79,,1,2,2,1,0,,15.0833,12,0,0.0107631,5,0,7.5,,8.6,5,0,0.1,2,0,0,11.6174,31,,31,10,,0,0,0,1
1604436895681,5,1010123456030,79,,1,2,2,1,0,,17.2593,27,0,0.0268273,11,0,9,,0,0,0,0,0,0,0,0,0,,77,22,,0,0,0,0
1604436895931,5,1010123456030,79,,1,2,2,1,0,,18.5,6,0,0.00533333,2,0,9.6,,0,0,0,0,0,0,0,0,0,,12,4,,0,0,0,0
1604436896181,5,1010123456030,79,,1,2,2,1,0,,11.7143,35,75,0.0166426,12,0,7.5,,0,0,0,0,0,0,0,0,0,,134,26,,0,0,0,0
1604436896431,5,1010123456030,79,,1,2,2,1,0,,11.5714,42,0,0.0274378,17,0,7,,1.07407,27,0,0.1,11,0,0,8.46418,31,,153,32,,0,0,0,1.22222
1604436896681,5,1010123456030,79,,1,2,2,1,0,,11.1111,9,0,0.00555823,4,0,0.1,,0,0,0,0,0,0,0,0,0,,57,8,,0,0,0,0
1604436896931,5,1010123456030,79,,1,2,2,1,0,,18.6,5,0,0.00533333,2,0,9.5,,0,0,0,0,0,0,0,0,0,,10,4,,0,0,0,0
1604436897181,5,1010123456030,79,,1,2,2,1,0,,11.0476,21,0,0.0111165,8,0,7,,0,0,0,0,0,0,0,0,0,,87,16,,0,0,0,0
1604436897431,5,1010123456030,79,,1,2,2,1,0,,10.6667,9,0,0.00555823,4,0,9,,0.1,12,0,0,4,100,0,0.86964,0,,82,8,,0,0,0,10
1604436897682,5,1010123456030,79,,1,2,2,1,0,,0,0,0,0,0,0,9.5,,0,0,0,0,0,0,0,0,0,,0,0,,0,0,0,0
1604436897931,5,1010123456030,79,,1,2,2,1,0,,13.3846,13,0,0.0108916,6,0,9,,6.9,10,0,0.1,4,0,0,14.0404,31,,57,12,,0,0,0,1
1604436898181,5,1010123456030,79,,1,2,2,1,0,,17.0833,24,0,0.021494,9,0,9,,0,0,0,0,0,0,0,0,0,,79,18,,0,0,0,0
1604436898431,5,1010123456030,79,,1,2,2,1,0,,18.6,5,0,0.00533333,2,0,8,,8.6,5,0,0.1,2,0,0,12.3549,31,,18,4,,0,0,0,1
1604436898681,5,1010123456030,79,,1,2,2,1,0,,11.8235,17,0,0.0110201,7,0,7.66667,,0,0,0,0,0,0,0,0,0,,53,14,,0,0,0,0
1604436898931,5,1010123456030,79,,1,2,2,1,0,,13.0968,31,0,0.022008,13,0,8.33333,,0,0,0,0,0,0,0,0,0,,130,26,,0,0,0,0
1604436899181,5,1010123456030,79,,1,2,2,1,0,,0,0,0,0,0,0,4.5,,0,0,0,0,0,0,0,0,0,,0,0,,0,0,0,0
1604436899431,5,1010123456030,79,,1,2,2,1,0,,16.75,20,0,0.0214297,8,0,10,,8.2,5,0,0.1,2,0,0,8.80778,31,,-15,84,,0,0,0,2.6
1604436899681,5,1010123456030,79,,1,2,8,1,0,,18.4286,14,0,0.016,6,0,9,,0,0,0,0,0,0,0,0,0,,32,12,,0,0,0,0
1604436899931,5,1010123456030,79,,1,2,8,1,0,,10,7,0,0.0105703,3,0,10.3333,,0,0,0,0,0,0,0,0,0,,36,16,,0,0,0,0
1604436900181,5,1010123456030,79,,1,2,8,1,0,,11.7778,9,0,0.0156787,4,0,8.25,,0,0,0,0,0,0,0,0,0,,33,18,,0,0,0,0
1604436900431,5,1010123456030,79,,1,2,8,1,0,,5.7,20,0,0.0213976,8,0,6,,3.73913,23,0,0.1,9,0,0,9.58978,31,,113,46,,0,0,0,1
1604436900681,5,1010123456030,79,,1,2,8,1,0,,5.2,5,0,0.00533333,2,0,11,,0,0,0,0,0,0,0,0,0,,50,10,,0,0,0,0
1604436900931,5,1010123456030,79,,1,2,8,1,0,,6.16,25,0,0.0266667,10,0,6,,0,0,0,0,0,0,0,0,0,,94,50,,0,0,0,0
1604436901181,5,1010123456030,79,,1,2,8,1,0,,6,10,0,0.00533333,2,0,6,,0,0,0,0,0,0,0,0,0,,52,20,,0,0,0,0
1604436901431,5,1010123456030,79,,1,2,8,1,0,,0,0,0,0.00533333,2,0,0.1,,7.4,5,0,0.1,2,0,0,13.3975,31,,0,0,,0,0,0,1
1604436901681,5,1010123456030,79,,1,2,8,1,0,,6.71429,21,0,0.0213655,8,0,0.1,,0,0,0,0,0,0,0,0,0,,129,46,,0,0,0,0
1604436901931,5,1010123456030,79,,1,2,8,1,0,,0,0,0,0,0,0,0.1,,0,0,0,0,0,0,0,0,0,,0,0,,0,0,0,0
1604436902181,5,1010123456030,79,,1,2,8,1,0,,7.2,5,0,0.00539759,2,0,6,,0,0,0,0,0,0,0,0,0,,23,12,,0,0,0,0
1604436902431,5,1010123456030,79,,1,2,8,1,0,,6.6,5,0,0.00546185,2,0,11,,9.5,6,0,0.1,2,0,0,12.027,31,,49,16,,0,0,0,1.5
1604436902681,5,1010123456030,79,,1,2,8,1,0,,18,3,0,0.00517269,1,0,11,,0,0,0,0,0,0,0,0,0,,3,4,,0,0,0,0
1604436902931,5,1010123456030,79,,1,2,8,1,0,,16.4286,14,0,0.0260241,6,0,10,,0,0,0,0,0,0,0,0,0,,58,22,,0,0,0,0
1604436903181,5,1010123456030,79,,1,2,8,1,0,,6.11765,17,0,0.0160643,6,0,6.5,,0,0,0,0,0,0,0,0,0,,44,32,,0,0,0,0
1604436903431,5,1010123456030,79,,1,2,8,1,0,,0,0,0,0,0,0,5.66667,,9.6,5,0,0.1,2,0,0,13.6612,31,,0,0,,0,0,0,1
1604436903681,5,1010123456030,79,,1,2,8,1,0,,0,0,0,0,0,0,8.2,,0,0,0,0,0,0,0,0,0,,0,0,,0,0,0,0
1604436903931,5,1010123456030,79,,1,2,8,1,0,,6.8,5,0,0.00533333,2,0,9.25,,0,0,0,0,0,0,0,0,0,,30,10,,0,0,0,0
1604436904181,5,1010123456030,79,,1,2,8,1,0,,6.22222,18,0,0.0159679,7,0,7,,0,0,0,0,0,0,0,0,0,,24,48,,0,0,0,0
1604436904431,5,1010123456030,79,,1,2,8,1,0,,3.23333,30,0,0.0224257,13,0,10.3333,,8.6,5,0,0.1,2,0,0,12.7721,31,,66,104,,0,0,0,1
1604436904681,5,1010123456030,79,,1,2,8,1,0,,7.22222,18,0,0.0215261,7,0,7.2,,0,0,0,0,0,0,0,0,0,,114,40,,0,0,0,0
1604436904931,5,1010123456030,79,,1,2,8,1,0,,0,4,0,0.0107309,2,0,7.5,,0,0,0,0,0,0,0,0,0,,34,12,,0,0,0,0
1604436905181,5,1010123456030,79,,1,2,8,1,0,,3.75,24,0,0.0165462,10,0,6,,0,0,0,0,0,0,0,0,0,,25,76,,0,0,0,0
1604436905431,5,1010123456030,79,,1,2,8,1,0,,6.8,5,0,0.00533333,2,0,5,,8.6,5,0,0.1,2,0,0,13.9577,31,,40,10,,0,0,0,1
1604436905681,5,1010123456030,79,,1,2,8,1,0,,11,5,0,0.0111165,2,0,6.4,,0,0,0,0,0,0,0,0,0,,30,16,,0,0,0,0
1604436905931,5,1010123456030,79,,1,2,8,1,0,,0.1,19,0,0.0062008,8,0,9,,0,0,0,0,0,0,0,0,0,,0,70,,0,0,0,0
1604436906181,5,1010123456030,79,,1,2,8,1,0,,6.2,15,0,0.016,6,0,8,,0,0,0,0,0,0,0,0,0,,66,30,,0,0,0,0
1604436906431,5,1010123456030,79,,1,2,8,1,0,,3.26923,26,0,0.0115341,10,0,2.75,,10,5,0,0.1,2,0,0,9.88783,31,,20,68,,0,0,0,1.6
1604436906681,5,1010123456030,79,,1,2,8,1,0,,11,3,0,0.00555823,1,0,8,,0,0,0,0,0,0,0,0,0,,31,8,,0,0,0,0
1604436906931,5,1010123456030,79,,1,2,8,1,0,,14.4375,16,0,0.0319679,7,0,9,,0,0,0,0,0,0,0,0,0,,72,32,,0,0,0,0
1604436907181,5,1010123456030,79,,1,2,8,1,0,,8.36364,11,0,0.0164498,4,0,7.5,,0,0,0,0,0,0,0,0,0,,83,26,,0,0,0,0
1604436907431,5,1010123456030,79,,1,2,8,1,0,,0,4,0,0.0107309,2,0,8.5,,6.73529,34,0,0.1,13,38.4615,0,6.0956,31,,11,12,,0,0,0,4.76471
1604436907681,5,1010123456030,79,,1,2,8,1,0,,12.1818,11,0,0.0103454,2,0,9.33333,,0,0,0,0,0,0,0,0,0,,21,18,,0,0,0,0
1604436907931,5,1010123456030,79,,1,2,8,1,0,,9.47059,17,0,0.0325141,9,0,8.33333,,0,0,0,0,0,0,0,0,0,,103,42,,0,0,0,0
1604436908181,5,1010123456030,79,,1,2,8,1,0,,13.8,5,0,0.016,2,0,9.66667,,0,0,0,0,0,0,0,0,0,,35,16,,0,0,0,0
1604436908431,5,1010123456030,79,,1,2,8,1,0,,12.8,10,0,0.0217189,4,0,8,,2.30769,13,0,0.1,5,0,0,8.80221,31,,101,30,,0,0,0,1
1604436908681,5,1010123456030,79,,1,2,8,1,0,,10,8,0,0.010506,3,0,8.5,,0,0,0,0,0,0,0,0,0,,15,14,,0,0,0,0
1604436908931,5,1010123456030,79,,1,2,8,1,0,,0.1,21,0,0.0062008,8,0,6.4,,0,0,0,0,0,0,0,0,0,,7,72,,0,0,0,0
1604436909181,5,1010123456030,79,,1,2,8,1,0,,15.5,14,0,0.0207871,5,0,10,,0,0,0,0,0,0,0,0,0,,67,26,,0,0,0,0
1604436909431,5,1010123456030,79,,1,2,8,1,0,,0,0,0,0.00555823,1,0,6,,8.2,5,0,0.1,2,0,0,8.81073,31,,0,0,,0,0,0,1.4
1604436909681,5,1010123456030,79,,1,2,8,1,0,,3.4,20,0,0.0110843,8,0,10,,0,0,0,0,0,0,0,0,0,,2,58,,0,0,0,0
1604436909931,5,1010123456030,79,,1,2,8,1,0,,0,6,0,0.0104418,3,0,11,,0,0,0,0,0,0,0,0,0,,23,10,,0,0,0,0
1604436910181,5,1010123456030,79,,1,2,8,1,0,,15.2,5,0,0.0107309,2,0,9.4,,0,0,0,0,0,0,0,0,0,,18,12,,0,0,0,0
1604436910431,5,1010123456030,79,,1,2,8,1,0,,10.2727,11,0,0.0160643,4,0,6.5,,4.6087,23,0,0.1,8,25,0,7.38764,31,,34,22,,0,0,0,3.34783
1604436910681,5,1010123456030,79,,1,2,8,1,0,,18,3,0,0.00517269,1,0,8,,0,0,0,0,0,0,0,0,0,,6,4,,0,0,0,0
1604436910931,5,1010123456030,79,,1,2,8,1,0,,0,0,0,0,0,0,9.66667,,0,0,0,0,0,0,0,0,0,,0,0,,0,0,0,0
1604436911181,5,1010123456030,79,,1,2,8,1,0,,16,9,158,0.0156466,4,0,11.4,,0,0,0,0,0,0,0,0,0,,59,12,,0,0,0,0
1604436911431,5,1010123456030,79,,1,2,8,1,0,,7.875,16,0,0.0208514,6,0,3,,3.81818,33,0,0.1,13,15.3846,0,6.63813,31,,61,34,,0,0,0,2.63636
1604436911681,5,1010123456030,79,,1,2,8,1,0,,11.6,10,0,0.0159679,5,0,8.5,,0,0,0,0,0,0,0,0,0,,48,20,,0,0,0,0
1604436911931,5,1010123456030,79,,1,2,8,1,0,,18,3,0,0.00517269,1,0,11,,0,0,0,0,0,0,0,0,0,,19,4,,0,0,0,0
1604436912181,5,1010123456030,79,,1,2,8,1,0,,6.6,5,0,0.00546185,2,0,6,,0,0,0,0,0,0,0,0,0,,13,12,,0,0,0,0
1604436912431,5,1010123456030,79,,1,2,8,1,0,,14,12,0,0.0208514,5,0,9.33333,,6.6087,23,0,0.1,9,0,0,9.52065,31,,28,22,,0,0,0,1
1604436912681,5,1010123456030,79,,1,2,8,1,0,,10.9091,11,0,0.0157751,5,0,8.5,,0,0,0,0,0,0,0,0,0,,42,20,,0,0,0,0
1604436912931,5,1010123456030,79,,1,2,8,1,0,,13,17,0,0.0263454,7,0,10.6667,,0,0,0,0,0,0,0,0,0,,89,30,,0,0,0,0
1604436913181,5,1010123456030,79,,1,2,8,1,0,,5.2,5,0,0.00533333,2,0,7.66667,,0,0,0,0,0,0,0,0,0,,12,10,,0,0,0,0
1604436913431,5,1010123456030,79,,1,2,8,1,0,,6,6,0,0.00533333,2,0,7,,8.17391,23,0,0.1,9,0,0,10.283,31,,15,12,,0,0,0,1.13043
1604436913681,5,1010123456030,79,,1,2,8,1,0,,8.94118,17,158,0.0269558,7,0,7.66667,,0,0,0,0,0,0,0,0,0,,57,40,,0,0,0,0
1604436913931,5,1010123456030,79,,1,2,8,1,0,,10,9,0,0.010506,3,0,7.25,,0,0,0,0,0,0,0,0,0,,17,14,,0,0,0,0
1604436914181,5,1010123456030,79,,1,2,8,1,0,,13.1,10,0,0.0218474,4,0,11,,0,0,0,0,0,0,0,0,0,,64,28,,0,0,0,0
1604436914431,5,1010123456030,79,,1,2,8,1,0,,18,3,0,0.00517269,1,0,11.5,,0,2,0,0.1,1,0,0,0,31,,7,4,,0,0,0,0
1604436914681,5,1010123456030,79,,1,2,8,1,0,,18,7,0,0.0155181,3,0,9,,7,3,0,0.1,1,0,0,9.94646,0,,13,12,,0,0,0,1
1604436914931,5,1010123456030,79,,1,2,8,1,0,,0.1,38,0,0.0124016,16,0,3.5,,0,0,0,0,0,0,0,0,0,,2,124,,0,0,0,0
1604436915181,5,1010123456030,79,,1,2,8,1,0,,18,9,0,0.0155181,3,0,9.5,,0,0,0,0,0,0,0,0,0,,21,12,,0,0,0,0
1604436915431,5,1010123456030,79,,1,2,8,1,0,,0,2,0,0.00517269,1,0,11.6667,,6.30769,26,0,0.1,10,0,0,9.62767,31,,3,4,,0,0,0,1.30769
1604436915681,5,1010123456030,79,,1,2,8,1,0,,18,5,0,0.0103454,2,0,9,,0,0,0,0,0,0,0,0,0,,34,8,,0,0,0,0
1604436915931,5,1010123456030,79,,1,2,8,1,0,,14.8182,11,0,0.0214618,4,0,9,,0,0,0,0,0,0,0,0,0,,40,24,,0,0,0,0
1604436916181,5,1010123456030,79,,1,2,8,1,0,,11.5,8,0,0.0104739,3,0,10.3333,,0,0,0,0,0,0,0,0,0,,24,14,,0,0,0,0
1604436916431,5,1010123456030,79,,1,2,8,1,0,,0,0,0,0,0,0,13,,0,0,0,0,0,0,0,0,0,,0,0,,0,0,0,0
1604436916681,5,1010123456030,79,,1,2,8,1,0,,18,11,0,0.0206908,4,0,9.6,,6.72727,22,0,0.1,9,0,0,10.8422,31,,20,16,,0,0,0,1
1604436916931,5,1010123456030,79,,1,2,8,1,0,,0,2,0,0.00517269,1,0,11,,0,0,0,0,0,0,0,0,0,,3,4,,0,0,0,0
1604436917181,5,1010123456030,79,,1,2,8,1,0,,0,0,0,0,0,0,8,,0,0,0,0,0,0,0,0,0,,0,0,,0,0,0,0
1604436917431,5,1010123456030,79,,1,2,8,1,0,,6.8,5,0,0.00539759,2,0,9.6,,7.6,5,0,0.1,2,0,0,12.6125,31,,31,12,,0,0,0,1
1604436917681,5,1010123456030,79,,1,2,8,1,0,,8.85714,7,0,0.010506,3,0,8.75,,0,0,0,0,0,0,0,0,0,,35,14,,0,0,0,0
1604436917931,5,1010123456030,79,,1,2,8,1,0,,13.9231,13,0,0.0213333,5,0,10,,0,0,0,0,0,0,0,0,0,,26,22,,0,0,0,0
1604436918181,5,1010123456030,79,,1,2,8,1,0,,18,6,0,0.0103454,2,0,10.1429,,0,0,0,0,0,0,0,0,0,,6,8,,0,0,0,0
1604436918431,5,1010123456030,79,,1,2,8,1,0,,16.5714,7,0,0.0157751,3,0,9.8,,8.4,5,0,0.1,2,0,0,11.9711,31,,31,14,,0,0,0,1
1604436918681,5,1010123456030,79,,1,2,8,1,0,,0,2,0,0.00555823,1,0,9.2,,0,0,0,0,0,0,0,0,0,,23,8,,0,0,0,0
1604436918931,5,1010123456030,79,,1,2,8,1,0,,11.9412,17,0,0.0211084,6,0,9.33333,,0,0,0,0,0,0,0,0,0,,70,24,,0,0,0,0
1604436919181,5,1010123456030,79,,1,2,8,1,0,,18,10,0,0.0206908,4,0,10,,0,0,0,0,0,0,0,0,0,,44,16,,0,0,0,0
1604436919431,5,1010123456030,79,,1,2,8,1,0,,13.8,5,0,0.00526908,2,0,10,,8.8,5,0,0.1,2,0,0,15.2262,31,,22,6,,0,0,0,1
1604436919681,5,1010123456030,79,,1,2,8,1,0,,11.7826,23,0,0.026988,9,0,9.75,,0,0,0,0,0,0,0,0,0,,92,34,,0,0,0,0
1604436919931,5,1010123456030,79,,1,2,8,1,0,,11,6,0,0.00542972,2,0,9.83333,,0,0,0,0,0,0,0,0,0,,8,6,,0,0,0,0
1604436920181,5,1010123456030,79,,1,2,8,1,0,,18,3,0,0,0,0,10,,0,0,0,0,0,0,0,0,0,,4,4,,0,0,0,0
1604436920431,5,1010123456030,79,,1,2,8,1,0,,0,4,0,0.0160321,3,0,9,,10.4,5,0,0.1,2,0,0,13.8543,31,,18,12,,0,0,0,1
1604436920681,5,1010123456030,79,,1,2,8,1,0,,0,0,158,0,0,0,10.2,,0,0,0,0,0,0,0,0,0,,12,0,,0,0,0,0
1604436920931,5,1010123456030,79,,1,2,8,1,0,,14.8333,18,0,0.0263133,7,0,10,,0,0,0,0,0,0,0,0,0,,71,26,,0,0,0,0
1604436921181,5,1010123456030,79,,1,2,8,1,0,,9.125,8,0,0.0108273,3,0,9.16667,,0,0,0,0,0,0,0,0,0,,42,18,,0,0,0,0
1604436921431,5,1010123456030,79,,1,2,8,1,0,,0,2,0,0,0,0,10,,0,0,0,0,0,0,0,0,0,,8,4,,0,0,0,0
1604436921681,5,1010123456030,79,,1,2,8,1,0,,17,10,0,0.0209478,4,0,9.8,,10.8571,7,0,0.1,3,33.3333,0,10.7489,31,,43,18,,0,0,0,4.14286
1604436921931,5,1010123456030,79,,1,2,8,1,0,,9.2,5,0,0.0107631,3,0,9.66667,,0,0,0,0,0,0,0,0,0,,23,8,,0,0,0,0
1604436922181,5,1010123456030,79,,1,2,8,1,0,,0,0,0,0,0,0,9.85714,,0,0,0,0,0,0,0,0,0,,0,0,,0,0,0,0
1604436922431,5,1010123456030,79,,1,2,8,1,0,,18,9,0,0.0155181,3,0,9.66667,,8.2,5,0,0.1,2,0,0,13.8763,31,,25,12,,0,0,0,1
1604436922681,5,1010123456030,79,,1,2,8,1,0,,0,4,0,0.0106024,2,0,9.25,,0,0,0,0,0,0,0,0,0,,30,10,,0,0,0,0
1604436922931,5,1010123456030,79,,1,2,8,1,0,,0.1,20,0,0.0062008,8,0,8.5,,0,0,0,0,0,0,0,0,0,,1,60,,0,0,0,0
1604436923181,5,1010123456030,79,,1,2,8,1,0,,18,5,0,0.0103454,2,0,10.5714,,0,0,0,0,0,0,0,0,0,,23,8,,0,0,0,0
1604436923431,5,1010123456030,79,,1,2,8,1,0,,12.4286,7,0,0.0106024,3,0,8,,5.5,8,0,0.1,3,0,0,11.6791,31,,13,10,,0,0,0,1
1604436923681,5,1010123456030,79,,1,2,8,1,0,,0,0,0,0,0,0,9.16667,,0,0,0,0,0,0,0,0,0,,0,0,,0,0,0,0
1604436923931,5,1010123456030,79,,1,2,8,1,0,,12.3333,12,0,0.0211406,5,0,9.5,,0,0,0,0,0,0,0,0,0,,50,22,,0,0,0,0
1604436924181,5,1010123456030,79,,1,2,8,1,0,,13.3636,11,0,0.0161928,4,0,9.57143,,0,0,0,0,0,0,0,0,0,,31,18,,0,0,0,0
1604436924432,5,1010123456030,79,,1,2,8,1,0,,12.7692,13,0,0.021312,5,0,9.33333,,9.4,5,0,0.1,2,0,0,16.0636,31,,61,24,,0,0,0,1
1604436924681,5,1010123456030,79,,1,2,8,1,0,,0,0,0,0,0,0,10,,0,0,0,0,0,0,0,0,0,,0,0,,0,0,0,0
1604436924931,5,1010123456030,79,,1,2,8,1,0,,15,5,0,0.0106024,2,0,9.4,,0,0,0,0,0,0,0,0,0,,8,10,,0,0,0,0
1604436925181,5,1010123456030,79,,1,2,8,1,0,,14.1111,9,0,0.0214618,4,0,9.16667,,0,0,0,0,0,0,0,0,0,,46,22,,0,0,0,0
1604436925431,5,1010123456030,79,,1,2,8,1,0,,0,4,0,0.010988,2,0,9,,12.4,5,0,0.1,2,0,0,13.3441,31,,28,14,,0,0,0,1
1604436925681,5,1010123456030,79,,1,2,8,1,0,,10.2,5,0,0.00542972,2,0,9.66667,,0,0,0,0,0,0,0,0,0,,9,6,,0,0,0,0
1604436925931,5,1010123456030,79,,1,2,8,1,0,,0,6,0,0.010506,3,0,9.83333,,0,0,0,0,0,0,0,0,0,,31,10,,0,0,0,0
1604436926181,5,1010123456030,79,,1,2,8,1,0,,18,8,0,0.0155181,3,0,9.71429,,0,0,0,0,0,0,0,0,0,,20,12,,0,0,0,0
1604436926431,5,1010123456030,79,,1,2,8,1,0,,0,4,0,0.0103454,2,0,9.5,,10,5,0,0.1,2,0,0,17.1188,31,,16,8,,0,0,0,1
1604436926681,5,1010123456030,79,,1,2,8,1,0,,15.0625,16,0,0.0213655,5,0,9.66667,,0,0,0,0,0,0,0,0,0,,58,26,,0,0,0,0
1604436926931,5,1010123456030,79,,1,2,8,1,0,,14.7778,18,0,0.042249,7,0,9.66667,,0,0,0,0,0,0,0,0,0,,81,38,,0,0,0,0
1604436927181,5,1010123456030,79,,1,2,8,1,0,,11.25,12,0,0.0211084,5,0,9.57143,,0,0,0,0,0,0,0,0,0,,88,20,,0,0,0,0
1604436927431,5,1010123456030,79,,1,2,8,1,0,,18,5,0,0.0103454,2,0,9.83333,,12.8,5,0,0.1,2,0,0,16.1008,31,,24,8,,0,0,0,1
1604436927681,5,1010123456030,79,,1,2,8,1,0,,0,8,0,0.0206908,4,0,10.8333,,0,0,0,0,0,0,0,0,0,,23,16,,0,0,0,0
1604436927935,6,1010123456030,79,,1,2,8,1,0,,18,5,0,0.0101818,2,0,10.8571,,0,0,0,0,0,0,0,0,0,,18,8,,0,0,0,0
1604436928181,6,1010123456030,79,,1,2,8,1,0,,16.0909,11,0,0.0158049,4,0,10.6667,,0,0,0,0,0,0,0,0,0,,29,14,,0,0,0,0
1604436928431,7,1010123456030,79,,1,2,8,1,0,,17.5833,12,0,0.0212369,5,0,10.6667,,12,5,0,0.1,2,0,0,17.0845,31,,77,16,,0,0,0,1
1604436928681,8,1010123456030,79,,1,2,8,1,0,,18,5,0,0.0103454,2,0,10.8333,,0,0,0,0,0,0,0,0,0,,19,8,,0,0,0,0
1604436928931,8,1010123456030,79,,1,2,8,1,0,,15,7,158,0.0104418,3,0,9.83333,,0,0,0,0,0,0,0,0,0,,27,10,,0,0,0,0
1604436929181,9,1010123456030,79,,1,2,8,1,0,,16.1905,21,0,0.0263133,8,0,10.7143,,0,0,0,0,0,0,0,0,0,,44,22,,0,0,0,0
1604436930181,8,1010123456030,129,,1,2,4,1,0,,14.5349,43,0,0.0702972,17,0,10.8,,10.2,20,0,0.1,8,0,0,24.0777,31,,35,60,,0,0,0,1
1604436930431,8,1010123456030,129,,1,2,4,1,0,,18,5,0,0.0103454,2,0,10.8,,13.8,5,0,0.1,2,0,0,18.9337,31,,6,8,,0,0,0,1
1604436930682,7,1010123456030,129,,1,2,4,1,0,,18,9,0,0.020608,4,0,10.3333,,0,0,0,0,0,0,0,0,0,,19,16,,0,0,0,0
1604436930931,7,1010123456030,129,,1,2,4,1,0,,18,3,0,0.00517269,1,0,11,,0,0,0,0,0,0,0,0,0,,3,4,,0,0,0,0
1604436931182,7,1010123456030,129,,1,2,4,1,0,,0.9,60,0,0.013248,24,0,9.28571,,0,2,0,0.1,1,0,0,0,31,,42,100,,0,0,0,0
1604436931431,7,1010123456030,129,,1,2,4,1,0,,18,3,0,0.00517269,1,0,11,,12.8,5,0,0.1,2,0,0,18.2717,31,,3,4,,0,0,0,1
1604436931681,7,1010123456030,129,,1,2,4,1,0,,0,0,0,0,0,0,11,,0,0,0,0,0,0,0,0,0,,0,0,,0,0,0,0
1604436931931,7,1010123456030,129,,1,2,4,1,0,,0,0,0,0,0,0,11,,0,0,0,0,0,0,0,0,0,,0,0,,0,0,0,0
1604436932181,7,1010123456030,129,,1,2,4,1,0,,0,0,0,0,0,0,11,,0,0,0,0,0,0,0,0,0,,0,0,,0,0,0,0
1604436932431,7,1010123456030,129,,1,2,4,1,0,,0,0,0,0,0,0,11,,0,0,0,0,0,0,0,0,0,,0,0,,0,0,0,0
1604436932681,7,1010123456030,129,,1,2,4,1,0,,0,0,0,0,0,0,11,,0,0,0,0,0,0,0,0,0,,0,0,,0,0,0,0
1604436932931,7,1010123456030,129,,1,2,4,1,0,,0,0,0,0,0,0,10.8333,,0,0,0,0,0,0,0,0,0,,0,0,,0,0,0,0
1604436933181,7,1010123456030,129,,1,2,4,1,0,,0,0,0,0,0,0,10.8571,,0,0,0,0,0,0,0,0,0,,0,0,,0,0,0,0
1604436933431,7,1010123456030,129,,1,2,4,1,0,,0,0,0,0,0,0,11,,0,0,0,0,0,0,0,0,0,,0,0,,0,0,0,0
1604436933681,7,1010123456030,129,,1,2,4,1,0,,0,0,0,0,0,0,11,,0,0,0,0,0,0,0,0,0,,0,0,,0,0,0,0
1604436933931,7,1010123456030,129,,1,2,4,1,0,,0,0,0,0,0,0,11,,0,0,0,0,0,0,0,0,0,,0,0,,0,0,0,0
1604436934181,7,1010123456030,129,,1,2,4,1,0,,0,0,0,0,0,0,11,,0,0,0,0,0,0,0,0,0,,0,0,,0,0,0,0
1604436934431,7,1010123456030,129,,1,2,4,1,0,,0,0,0,0,0,0,11,,0,0,0,0,0,0,0,0,0,,0,0,,0,0,0,0
1604436934681,7,1010123456030,129,,1,2,4,1,0,,0,0,0,0,0,0,11,,0,0,0,0,0,0,0,0,0,,0,0,,0,0,0,0
1604436934931,6,1010123456030,129,,1,2,4,1,0,,0,0,0,0,0,0,11,,0,0,0,0,0,0,0,0,0,,0,0,,0,0,0,0
1604436935181,6,1010123456030,129,,1,2,4,1,0,,0,0,0,0,0,0,11,,0,0,0,0,0,0,0,0,0,,0,0,,0,0,0,0
1604436935431,6,1010123456030,129,,1,2,4,1,0,,0,0,0,0,0,0,11,,0,0,0,0,0,0,0,0,0,,0,0,,0,0,0,0
1604436935681,6,1010123456030,129,,1,2,4,1,0,,0,0,0,0,0,0,11,,0,0,0,0,0,0,0,0,0,,0,0,,0,0,0,0
1604436935931,6,1010123456030,129,,1,2,4,1,0,,0,0,0,0,0,0,11,,0,0,0,0,0,0,0,0,0,,0,0,,0,0,0,0
1604436936181,6,1010123456030,129,,1,2,4,1,0,,0,0,0,0,0,0,11,,0,0,0,0,0,0,0,0,0,,0,0,,0,0,0,0
1604436936431,6,1010123456030,129,,1,2,4,1,0,,0,0,0,0,0,0,11,,0,0,0,0,0,0,0,0,0,,0,0,,0,0,0,0
1604436936681,6,1010123456030,129,,1,2,4,1,0,,0,0,0,0,0,0,11,,0,0,0,0,0,0,0,0,0,,0,0,,0,0,0,0
1604436936931,6,1010123456030,129,,1,2,4,1,0,,0,0,0,0,0,0,11,,0,0,0,0,0,0,0,0,0,,0,0,,0,0,0,0
1604436937181,6,1010123456030,129,,1,2,4,1,0,,0,0,0,0,0,0,4.75,,0,0,0,0,0,0,0,0,0,,0,0,,0,0,0,0
1604436937431,6,1010123456030,129,,1,2,4,1,0,,0,0,0,0,0,0,0.1,,0,0,0,0,0,0,0,0,0,,0,0,,0,0,0,0
1604436937682,6,1010123456030,129,,1,2,4,1,0,,0,0,0,0,0,0,5.33333,,0,0,0,0,0,0,0,0,0,,0,0,,0,0,0,0
1604436937931,6,1010123456030,129,,1,2,4,1,0,,0,0,0,0,0,0,0.1,,0,0,0,0,0,0,0,0,0,,0,0,,0,0,0,0
1604436938181,6,1010123456030,129,,1,2,4,1,0,,0,0,0,0,0,0,11,,0,0,0,0,0,0,0,0,0,,0,0,,0,0,0,0
1604436938431,6,1010123456030,129,,1,2,4,1,0,,0,0,0,0,0,0,8,,0,2,0,0,1,100,0,0,0,,0,0,,0,0,0,0
1604436938681,6,1010123456030,129,,1,2,4,1,0,,0,0,0,0,0,0,2.5,,0,6,0,0,3,100,0,0,0,,0,0,,0,0,0,0
1604436938931,6,1010123456030,129,,1,2,4,1,0,,0,0,0,0,0,0,14,,0,0,0,0,0,0,0,0,0,,0,0,,0,0,0,0
1604436939181,6,1010123456030,129,,1,2,4,1,0,,0,0,0,0,0,0,4,,0,0,0,0,0,0,0,0,0,,0,0,,0,0,0,0
1604436939431,6,1010123456030,129,,1,2,4,1,0,,0,0,0,0,0,0,10.3333,,0,0,0,0,0,0,0,0,0,,0,0,,0,0,0,0
1604436939681,6,1010123456030,129,,1,2,4,1,0,,0,0,0,0,0,0,8,,0,0,0,0,0,0,0,0,0,,0,0,,0,0,0,0
1604436939931,6,1010123456030,129,,1,2,4,1,0,,0,0,0,0,0,0,6.66667,,0,0,0,0,0,0,0,0,0,,0,0,,0,0,0,0
1604436940181,6,1010123456030,129,,1,2,4,1,0,,0,0,0,0,0,0,10.5,,0,0,0,0,0,0,0,0,0,,0,0,,0,0,0,0
1604436940431,6,1010123456030,129,,1,2,4,1,0,,0,0,0,0,0,0,6,,0,0,0,0,0,0,0,0,0,,0,0,,0,0,0,0
1604436940681,6,1010123456030,129,,1,2,4,1,0,,0,0,0,0,0,0,4.5,,0,0,0,0,0,0,0,0,0,,0,0,,0,0,0,0
1604436940931,6,1010123456030,129,,1,2,4,1,0,,0,0,0,0,0,0,0.666667,,0,0,0,0,0,0,0,0,0,,0,0,,0,0,0,0
1604436941181,6,1010123456030,129,,1,2,4,1,0,,0,0,0,0,0,0,10,,0,0,0,0,0,0,0,0,0,,0,0,,0,0,0,0
1604436941431,6,1010123456030,129,,1,2,4,1,0,,0,0,0,0,0,0,0.1,,0,0,0,0,0,0,0,0,0,,0,0,,0,0,0,0
1604436941681,6,1010123456030,129,,1,2,4,1,0,,0,0,0,0,0,0,4.5,,0,0,0,0,0,0,0,0,0,,0,0,,0,0,0,0
1604436941931,6,1010123456030,129,,1,2,4,1,0,,0,0,0,0,0,0,15,,0,0,0,0,0,0,0,0,0,,0,0,,0,0,0,0
1604436942181,6,1010123456030,129,,1,2,4,1,0,,0,0,0,0,0,0,12.5,,0,0,0,0,0,0,0,0,0,,0,0,,0,0,0,0
1604436942431,6,1010123456030,129,,1,2,4,1,0,,0,0,0,0,0,0,10,,0,0,0,0,0,0,0,0,0,,0,0,,0,0,0,0
1604436942681,6,1010123456030,129,,1,2,4,1,0,,0,0,0,0,0,0,6,,0,0,0,0,0,0,0,0,0,,0,0,,0,0,0,0
1604436942931,6,1010123456030,129,,1,2,4,1,0,,0,0,0,0,0,0,9,,0,0,0,0,0,0,0,0,0,,0,0,,0,0,0,0
1604436943181,6,1010123456030,129,,1,2,4,1,0,,0,0,0,0,0,0,7,,0,0,0,0,0,0,0,0,0,,0,0,,0,0,0,0
1604436943431,6,1010123456030,129,,1,2,4,1,0,,0,0,0,0,0,0,14,,0,0,0,0,0,0,0,0,0,,0,0,,0,0,0,0
1604436943681,6,1010123456030,129,,1,2,4,1,0,,0,0,0,0,0,0,9.5,,0,0,0,0,0,0,0,0,0,,0,0,,0,0,0,0
1604436943931,6,1010123456030,129,,1,2,4,1,0,,0,0,0,0,0,0,6,,0,0,0,0,0,0,0,0,0,,0,0,,0,0,0,0
1604436944181,6,1010123456030,129,,1,2,4,1,0,,0,0,0,0,0,0,7,,0,0,0,0,0,0,0,0,0,,0,0,,0,0,0,0
1604436944431,6,1010123456030,129,,1,2,4,1,0,,0,0,0,0,0,0,4.5,,0,0,0,0,0,0,0,0,0,,0,0,,0,0,0,0
1604436944681,6,1010123456030,129,,1,2,4,1,0,,0,0,0,0,0,0,2.66667,,0,0,0,0,0,0,0,0,0,,0,0,,0,0,0,0
1604436944931,6,1010123456030,129,,1,2,4,1,0,,0,0,0,0,0,0,6.66667,,0,0,0,0,0,0,0,0,0,,0,0,,0,0,0,0
1604436945181,6,1010123456030,129,,1,2,4,1,0,,0,0,0,0,0,0,15,,0,0,0,0,0,0,0,0,0,,0,0,,0,0,0,0
1604436945431,6,1010123456030,129,,1,2,4,1,0,,0,0,0,0,0,0,8,,0,0,0,0,0,0,0,0,0,,0,0,,0,0,0,0
1604436945681,6,1010123456030,129,,1,2,4,1,0,,0,0,0,0,0,0,7,,0,0,0,0,0,0,0,0,0,,0,0,,0,0,0,0
1604436945931,6,1010123456030,129,,1,2,4,1,0,,0,0,0,0,0,0,2,,0,0,0,0,0,0,0,0,0,,0,0,,0,0,0,0
1604436946181,6,1010123456030,129,,1,2,4,1,0,,0,0,0,0,0,0,0.1,,0,0,0,0,0,0,0,0,0,,0,0,,0,0,0,0
1604436946431,6,1010123456030,129,,1,2,4,1,0,,0,0,0,0,0,0,0.1,,0,0,0,0,0,0,0,0,0,,0,0,,0,0,0,0
1604436946681,6,1010123456030,129,,1,2,4,1,0,,0,0,0,0,0,0,0.1,,0,0,0,0,0,0,0,0,0,,0,0,,0,0,0,0
1604436946931,6,1010123456030,129,,1,2,4,1,0,,0,0,0,0,0,0,8,,0,0,0,0,0,0,0,0,0,,0,0,,0,0,0,0
1604436947181,6,1010123456030,129,,1,2,4,1,0,,0,0,0,0,0,0,7.5,,0,0,0,0,0,0,0,0,0,,0,0,,0,0,0,0
1604436947431,6,1010123456030,129,,1,2,4,1,0,,0,0,0,0,0,0,9.5,,0,0,0,0,0,0,0,0,0,,0,0,,0,0,0,0
1604436947681,6,1010123456030,129,,1,2,4,1,0,,0,0,0,0,0,0,9,,0,0,0,0,0,0,0,0,0,,0,0,,0,0,0,0
1604436947931,6,1010123456030,129,,1,2,4,1,0,,0,0,0,0,0,0,10,,0,0,0,0,0,0,0,0,0,,0,0,,0,0,0,0
1604436948181,6,1010123456030,129,,1,2,4,1,0,,0,0,0,0,0,0,10,,0,0,0,0,0,0,0,0,0,,0,0,,0,0,0,0
1604436948431,6,1010123456030,129,,1,2,4,1,0,,0,0,0,0,0,0,7.33333,,0,0,0,0,0,0,0,0,0,,0,0,,0,0,0,0
1604436948681,6,1010123456030,129,,1,2,4,1,0,,0,0,0,0,0,0,11.5,,0,0,0,0,0,0,0,0,0,,0,0,,0,0,0,0
1604436948931,6,1010123456030,129,,1,2,4,1,0,,0,0,0,0,0,0,7.33333,,0,0,0,0,0,0,0,0,0,,0,0,,0,0,0,0
1604436949181,6,1010123456030,129,,1,2,4,1,0,,0,0,0,0,0,0,8,,0,0,0,0,0,0,0,0,0,,0,0,,0,0,0,0
1604436949431,6,1010123456030,129,,1,2,4,1,0,,0,0,0,0,0,0,5,,0,0,0,0,0,0,0,0,0,,0,0,,0,0,0,0
