Timestamp,num_ues,IMSI,RNTI,,slicing_enabled,slice_id,slice_prb,power_multiplier,scheduling_policy,,dl_mcs,dl_n_samples,dl_buffer [bytes],tx_brate downlink [Mbps],tx_pkts downlink,tx_errors downlink (%),dl_cqi,,ul_mcs,ul_n_samples,ul_buffer [bytes],rx_brate uplink [Mbps],rx_pkts uplink,rx_errors uplink (%),ul_rssi,ul_sinr,phr,,sum_requested_prbs,sum_granted_prbs,,dl_pmi,dl_ri,ul_n,ul_turbo_iters
1604111306351,10,1010123456020,78,,1,0,2,1,0,,18.2791,86,20851,0.120672,33,0,6.2,,9.07143,14,0,0.1,7,57.1429,0,6.95308,31,,-182,148,,0,0,0,6.14286
1604111306601,10,1010123456020,78,,1,0,2,1,0,,13.3111,270,45119,0.200768,111,0,7.5,,4.8,110,0,0.145312,43,30.2326,0,6.82086,31,,-250,218,,0,0,0,4.19091
1604111306851,10,1010123456020,78,,1,0,2,1,0,,12.1289,256,69979,0.176128,104,0,7,,6.21154,52,0,0.1,21,14.2857,0,10.3423,31,,-249,212,,0,0,0,2.38462
1604111307101,11,1010123456020,78,,1,0,2,1,0,,13.8496,246,94489,0.186464,97,0,8,,9.45455,11,0,0.1,4,0,0,16.9204,31,,-250,198,,0,0,0,2.54545
1604111307351,11,1010123456020,78,,1,0,2,1,0,,18.8451,142,119660,0.159264,57,0,3.5,,0,0,0,0,0,0,0,0,0,,-250,222,,0,0,0,0
1604111307601,11,1010123456020,78,,1,0,2,1,0,,17.7826,207,142567,0.244768,81,0,7.6,,0,2,0,0.1,1,0,0,0,31,,-250,208,,0,0,0,0
1604111307851,11,1010123456020,78,,1,0,2,1,0,,19.6968,188,164402,0.234912,79,0,6,,5.88889,18,0,0.1,7,0,0,13.2675,31,,-250,186,,0,0,0,1
1604111308101,11,1010123456020,78,,1,0,2,1,0,,1,145,184275,0.011872,53,0,3,,0,0,0,0,0,0,0,0,0,,-250,190,,0,0,0,0
1604111308351,11,1010123456020,78,,1,0,2,1,0,,1,209,184017,0.019264,86,0,3,,9,3,0,0.1,1,0,0,11.0967,31,,-250,172,,0,0,0,1
1604111308601,11,1010123456020,78,,1,0,2,1,0,,10.39,241,183330,0.172832,99,0,6.2,,0,0,0,0,0,0,0,0,0,,-250,216,,0,0,0,0
1604111308851,11,1010123456020,78,,1,0,2,1,0,,8.03902,205,183759,0.088512,86,0,6.33333,,1.11429,70,0,0.1,31,51.6129,0,3.92125,31,,-250,170,,0,0,0,6.07143
1604111309101,11,1010123456020,78,,1,0,2,1,0,,8.19491,236,183930,0.09504,96,0,7,,0,0,0,0,0,0,0,0,0,,-250,194,,0,0,0,0
1604111309351,11,1010123456020,78,,1,0,2,1,0,,9.55336,253,183996,0.187808,103,0,8.75,,0,0,0,0,0,0,0,0,0,,-250,204,,0,0,0,0
1604111309601,11,1010123456020,78,,1,0,2,1,0,,27.1434,244,183592,0.53616,99,0,13,,7,3,0,0.1,1,0,0,8.18954,31,,-250,198,,0,0,0,1
1604111309851,11,1010123456020,78,,1,0,2,1,0,,25.9393,247,183544,0.467264,98,0,0.1,,0,0,0,0,0,0,0,0,0,,-250,200,,0,0,0,0
1604111310101,11,1010123456020,78,,1,0,2,1,0,,10.8143,237,183704,0.207328,93,0,3,,0,0,0,0,0,0,0,0,0,,-250,188,,0,0,0,0
1604111310351,11,1010123456020,78,,1,0,2,1,0,,13.5756,205,184198,0.174144,86,0,8.5,,4,3,0,0.1,1,0,0,8.2284,31,,-250,170,,0,0,0,1
1604111310601,11,1010123456020,78,,1,0,2,1,0,,10.8739,230,183687,0.121344,91,0,6.75,,3.7377,61,0,0.1,24,12.5,0,8.00375,31,,-250,180,,0,0,0,2.45902
1604111310851,11,1010123456020,78,,1,0,2,1,0,,11.7946,258,183686,0.150304,103,0,7,,0,0,0,0,0,0,0,0,0,,-250,206,,0,0,0,0
1604111311101,11,1010123456020,78,,1,0,2,1,0,,22.6358,151,183728,0.221216,59,0,7.5,,0,0,0,0,0,0,0,0,0,,-250,210,,0,0,0,0
1604111311351,11,1010123456020,78,,1,0,2,1,0,,26.8481,237,183532,0.482048,96,0,14,,0,0,0,0,0,0,0,0,0,,-250,190,,0,0,0,0
1604111311601,11,1010123456020,78,,1,0,2,1,0,,27.7923,260,182405,0.590944,103,0,0.1,,0,2,0,0.1,1,0,0,0,31,,-250,210,,0,0,0,0
1604111311851,11,1010123456020,78,,1,0,2,1,0,,23.0722,97,184297,0.204096,44,0,3.33333,,0,0,0,0,0,0,0,0,0,,-251,172,,0,0,0,0
1604111312101,11,1010123456020,78,,1,0,2,1,0,,0,0,184297,0,0,0,0.1,,0,0,0,0,0,0,0,0,0,,-250,196,,0,0,0,0
1604111312351,11,1010123456020,78,,1,0,2,1,0,,24.8492,126,183297,0.20512,46,0,12,,0,0,0,0,0,0,0,0,0,,-249,230,,0,0,0,0
1604111312601,11,1010123456020,78,,1,0,2,1,0,,24.5633,229,183882,0.403584,92,0,0.1,,0,2,0,0.1,1,0,0,0,31,,-250,186,,0,0,0,0
1604111312851,10,1010123456020,78,,1,0,2,1,0,,18.8577,239,183866,0.309888,100,0,8,,0,0,0,0,0,0,0,0,0,,-250,192,,0,0,0,0
1604111313101,10,1010123456020,78,,1,0,2,1,0,,11.4706,255,184165,0.141056,99,0,6,,6.25,20,312,0.1,9,11.1111,0,8.68801,31,,-250,196,,0,0,0,2.65
1604111313351,10,1010123456020,78,,1,0,2,1,0,,10.2349,281,184640,0.133952,109,0,6.33333,,2.35849,53,0,0.1,21,23.8095,0,6.98736,31,,-250,222,,0,0,0,3.50943
1604111313601,10,1010123456020,78,,1,0,2,1,0,,9.90306,196,183450,0.096032,79,0,6.25,,7.0625,16,0,0.1,7,57.1429,0,5.06862,31,,-251,158,,0,0,0,5.875
1604111313851,10,1010123456020,78,,1,0,2,1,0,,7.33333,294,183492,0.100768,113,0,6.33333,,0,0,0,0,0,0,0,0,0,,-249,230,,0,0,0,0
1604111314101,10,1010123456020,78,,1,0,2,1,0,,10.7,260,184007,0.139936,108,0,8,,0,0,0,0,0,0,0,0,0,,-250,206,,0,0,0,0
1604111314351,10,1010123456020,78,,1,0,2,1,0,,19.7962,260,183212,0.290048,98,0,14,,0,0,0,0,0,0,0,0,0,,-250,204,,0,0,0,0
1604111314601,10,1010123456020,78,,1,0,2,1,0,,25.3233,300,184098,0.594688,116,0,11.5,,0,0,0,0,0,0,0,0,0,,-250,234,,0,0,0,0
1604111314851,10,1010123456020,78,,1,0,2,1,0,,11.3893,298,183562,0.180096,120,0,6,,5.66667,21,0,0.1,8,12.5,0,10.2805,31,,-250,236,,0,0,0,2.42857
1604111315101,10,1010123456020,78,,1,0,2,1,0,,10.4103,273,183950,0.1368,110,0,6.25,,0,0,0,0,0,0,0,0,0,,-250,222,,0,0,0,0
1604111315351,10,1010123456020,78,,1,0,2,1,0,,11.822,236,184140,0.142432,97,0,7,,0,2,0,0.1,1,0,0,0,31,,-250,196,,0,0,0,0
1604111315601,10,1010123456020,78,,1,0,2,1,0,,11.9343,289,183533,0.170112,114,0,7,,3.53226,62,0,0.1,24,29.1667,0,6.04845,31,,-250,230,,0,0,0,4
1604111315851,10,1010123456020,78,,1,0,2,1,0,,11.9522,251,183559,0.158464,106,0,2,,0,0,0,0,0,0,0,0,0,,-250,242,,0,0,0,0
1604111316101,10,1010123456020,78,,1,0,2,1,0,,27.7843,255,183180,0.542688,95,0,14,,0,0,0,0,0,0,0,0,0,,-250,228,,0,0,0,0
1604111316351,10,1010123456020,78,,1,0,2,1,0,,27.9328,119,184495,0.322016,55,0,2,,0,0,0,0,0,0,0,0,0,,-250,228,,0,0,0,0
1604111316601,10,1010123456020,78,,1,0,2,1,0,,27.5578,147,184627,0.325984,59,0,7.5,,0.1,3,0,0.1,1,0,0,12.378,31,,-250,244,,0,0,0,1
1604111316851,10,1010123456020,78,,1,0,2,1,0,,13.6812,160,184025,0.11184,61,0,6,,0,0,0,0,0,0,0,0,0,,-250,250,,0,0,0,0
1604111317101,10,1010123456020,78,,1,0,2,1,0,,21.7739,283,183934,0.436416,118,0,11,,7.8,15,0,0.1,6,0,0,11.8256,31,,-250,230,,0,0,0,1.6
1604111317351,10,1010123456020,78,,1,0,2,1,0,,11.9534,236,184188,0.141888,94,0,7,,0,0,0,0,0,0,0,0,0,,-250,188,,0,0,0,0
1604111317601,10,1010123456020,78,,1,0,2,1,0,,9.02991,234,184183,0.103584,93,0,6,,6.5,18,0,0.1,7,42.8571,0,8.52121,31,,-250,192,,0,0,0,4.5
1604111317851,10,1010123456020,78,,1,0,2,1,0,,14.3571,252,184428,0.2336,101,0,7.8,,9,3,0,0,1,100,0,2.62958,0,,-250,232,,0,0,0,10
1604111318101,10,1010123456020,78,,1,0,2,1,0,,12.8182,264,183589,0.172448,103,0,7.66667,,0,0,0,0,0,0,0,0,0,,-250,210,,0,0,0,0
1604111318351,10,1010123456020,78,,1,0,2,1,0,,13.1385,260,183839,0.195872,111,0,7.75,,0.1,3,0,0.1,1,0,0,15.0594,31,,-251,218,,0,0,0,1
1604111318601,10,1010123456020,78,,1,0,2,1,0,,22.6035,227,184132,0.361632,93,0,7,,0,0,0,0,0,0,0,0,0,,-249,204,,0,0,0,0
1604111318851,10,1010123456020,78,,1,0,2,1,0,,10.9179,195,184330,0.151136,81,0,5,,0,0,0,0,0,0,0,0,0,,-250,188,,0,0,0,0
1604111319101,10,1010123456020,78,,1,0,2,1,0,,16.3134,284,184597,0.273536,112,0,8.25,,0,0,0,0,0,0,0,0,0,,-249,232,,0,0,0,0
1604111319351,10,1010123456020,78,,1,0,2,1,0,,16.9302,301,183507,0.325792,123,0,10.4,,7.17391,23,0,0.1,10,30,0,7.29661,31,,-251,240,,0,0,0,3.43478
1604111319601,10,1010123456020,78,,1,0,2,1,0,,21.2353,272,182858,0.401344,104,0,10.3333,,8.06667,15,0,0.1,6,33.3333,0,11.2196,31,,-249,212,,0,0,0,4.13333
1604111319851,10,1010123456020,78,,1,0,2,1,0,,13.8193,249,184395,0.202144,107,0,7.66667,,0,0,0,0,0,0,0,0,0,,-250,208,,0,0,0,0
1604111320101,10,1010123456020,78,,1,0,2,1,0,,13.5643,319,183262,0.229952,124,0,7.8,,0,0,0,0,0,0,0,0,0,,-250,254,,0,0,0,0
1604111320351,10,1010123456020,78,,1,0,2,1,0,,17.3725,298,183849,0.356672,126,0,9.75,,12,9,0,0.1,3,66.6667,0,7.57032,31,,-250,248,,0,0,0,7
1604111320601,10,1010123456020,78,,1,0,2,1,0,,20.8057,247,183321,0.408384,100,0,8.66667,,0,0,0,0,0,0,0,0,0,,-250,202,,0,0,0,0
1604111320851,10,1010123456020,78,,1,0,2,1,0,,16.3142,261,184057,0.26544,105,0,9.25,,11.52,25,0,0.1,10,50,0,7.85218,31,,-250,210,,0,0,0,6.16
1604111321101,10,1010123456020,78,,1,0,2,1,0,,24.373,252,183893,0.482848,103,0,11.6667,,11.4828,29,0,0.1,12,58.3333,0,6.3935,0,,-250,202,,0,0,0,6.03448
1604111321351,10,1010123456020,78,,1,0,2,1,0,,15.2862,276,183805,0.231968,105,0,9.5,,0,0,0,0,0,0,0,0,0,,-250,212,,0,0,0,0
1604111321601,10,1010123456020,78,,1,0,2,1,0,,14.0093,107,184395,0.142528,46,0,2.5,,0,2,0,0.1,1,0,0,0,31,,-250,234,,0,0,0,0
1604111321851,10,1010123456020,78,,1,0,2,1,0,,13.2075,212,184005,0.158848,83,0,7.75,,8.64,25,0,0.1,11,0,0,15.0841,31,,-250,212,,0,0,0,1.16
1604111322101,10,1010123456020,78,,1,0,2,1,0,,18.0122,246,183507,0.306208,97,0,8.66667,,14,3,0,0.1,1,0,0,13.4725,0,,-250,196,,0,0,0,2
1604111322351,10,1010123456020,78,,1,0,2,1,0,,19.769,290,183366,0.373312,114,0,9.66667,,0,0,0,0,0,0,0,0,0,,-250,226,,0,0,0,0
1604111322601,10,1010123456020,78,,1,0,2,1,0,,13.0652,276,183072,0.2144,110,0,7.33333,,7.28571,14,0,0.1,6,0,0,12.4275,31,,-250,222,,0,0,0,1.64286
1604111322851,10,1010123456020,78,,1,0,2,1,0,,14.6829,246,183468,0.229408,100,0,7.4,,0,0,0,0,0,0,0,0,0,,-250,266,,0,0,0,0
1604111323101,10,1010123456020,78,,1,0,2,1,0,,17.9714,280,183126,0.30064,115,0,8.66667,,0,0,0,0,0,0,0,0,0,,-250,230,,0,0,0,0
1604111323351,10,1010123456020,78,,1,0,2,1,0,,16.6291,275,183725,0.272576,112,0,8.75,,0,0,0,0,0,0,0,0,0,,-250,224,,0,0,0,0
1604111323601,10,1010123456020,78,,1,0,2,1,0,,12.3686,255,183158,0.168832,103,0,7.5,,7,24,0,0.1,9,44.4444,0,7.45691,31,,-250,206,,0,0,0,5.66667
1604111323851,10,1010123456020,78,,1,0,2,1,0,,14.6927,205,183858,0.173632,84,0,8.33333,,0,0,0,0,0,0,0,0,0,,-250,166,,0,0,0,0
1604111324101,10,1010123456020,78,,1,0,2,1,0,,13.9147,211,183357,0.160288,83,0,8,,0,0,0,0,0,0,0,0,0,,-250,170,,0,0,0,0
1604111324351,10,1010123456020,78,,1,0,2,1,0,,15.3869,274,183658,0.258112,110,0,9.25,,0,0,0,0,0,0,0,0,0,,-250,222,,0,0,0,0
1604111324601,10,1010123456020,78,,1,0,2,1,0,,20.3223,301,183625,0.438272,120,0,9.25,,0.1,3,0,0.1,1,0,0,15.3575,31,,-250,240,,0,0,0,1
1604111324851,10,1010123456020,78,,1,0,2,1,0,,11.9459,259,183684,0.209984,106,0,6.75,,10.6667,9,0,0.1,4,0,0,13.414,31,,-250,210,,0,0,0,1.22222
1604111325101,10,1010123456020,78,,1,0,2,1,0,,17.572,257,183989,0.281472,104,0,9.5,,0,0,0,0,0,0,0,0,0,,-251,208,,0,0,0,0
1604111325351,10,1010123456020,78,,1,0,2,1,0,,13.754,309,183616,0.25488,122,0,8.6,,7,3,0,0.1,1,0,0,6.95424,31,,-249,244,,0,0,0,1
1604111325601,10,1010123456020,78,,1,0,2,1,0,,16.2651,298,183747,0.334688,121,0,9.6,,0,0,0,0,0,0,0,0,0,,-251,240,,0,0,0,0
1604111325851,10,1010123456020,78,,1,0,2,1,0,,12.0986,284,184121,0.185952,113,0,7.4,,10.8056,72,0,0.102496,28,60.7143,0,6.49628,31,,-249,224,,0,0,0,6.58333
1604111326101,10,1010123456020,78,,1,0,2,1,0,,20.6208,240,184269,0.330976,95,0,8.4,,0,0,0,0,0,0,0,0,0,,-250,232,,0,0,0,0
1604111326351,10,1010123456020,78,,1,0,2,1,0,,14.8498,273,183149,0.225792,110,0,10,,0,0,0,0,0,0,0,0,0,,-250,222,,0,0,0,0
1604111326601,10,1010123456020,78,,1,0,2,1,0,,16.4938,243,183501,0.24144,102,0,7.16667,,7.18644,59,0,0.1,24,45.8333,0,6.25933,31,,-250,202,,0,0,0,5.33898
1604111326851,10,1010123456020,78,,1,0,2,1,0,,16.8685,213,183823,0.222176,85,0,8.6,,0,0,0,0,0,0,0,0,0,,-250,214,,0,0,0,0
1604111327101,10,1010123456020,78,,1,0,2,1,0,,17.1767,317,183193,0.308608,124,0,8.75,,0,0,0,0,0,0,0,0,0,,-250,250,,0,0,0,0
1604111327351,10,1010123456020,78,,1,0,2,1,0,,19.8577,253,184048,0.31488,104,0,10,,0,0,0,0,0,0,0,0,0,,-250,202,,0,0,0,0
1604111327601,10,1010123456020,78,,1,0,2,1,0,,17.7198,257,183582,0.24848,97,0,8.8,,2.625,32,0,0.1,14,21.4286,0,6.94272,31,,-250,200,,0,0,0,3.375
1604111327851,10,1010123456020,78,,1,0,2,1,0,,18.8945,256,183861,0.28112,103,0,10,,0,0,0,0,0,0,0,0,0,,-250,202,,0,0,0,0
1604111328101,10,1010123456020,78,,1,0,2,1,0,,17.9416,308,184372,0.373952,124,0,7,,0,0,0,0,0,0,0,0,0,,-249,250,,0,0,0,0
1604111328351,10,1010123456020,78,,1,0,2,1,0,,6,19,184228,0.008448,12,0,1,,0,2,0,0.1,1,0,0,0,31,,-250,194,,0,0,0,0
1604111328601,10,1010123456020,78,,1,0,2,1,0,,16.2939,279,183873,0.243552,107,0,8.16667,,4.89474,19,0,0.1,8,0,0,8.60238,31,,-250,234,,0,0,0,1.63158
1604111328851,10,1010123456020,78,,1,0,2,1,0,,20.5556,288,183295,0.398464,118,0,11,,0,0,0,0,0,0,0,0,0,,-250,234,,0,0,0,0
1604111329101,10,1010123456020,78,,1,0,2,1,0,,15.0068,294,183924,0.278432,118,0,7.2,,0,0,0,0,0,0,0,0,0,,-250,234,,0,0,0,0
1604111329351,10,1010123456020,78,,1,0,2,1,0,,17.7951,288,183719,0.295968,115,0,8.75,,0,2,0,0.1,1,0,0,0,31,,-250,230,,0,0,0,0
1604111329601,10,1010123456020,78,,1,0,2,1,0,,19.3116,276,183521,0.336384,110,0,9.66667,,3.8,20,0,0.1,8,0,0,6.32193,31,,-250,224,,0,0,0,2.45
1604111329851,10,1010123456020,78,,1,0,2,1,0,,22.2201,209,184079,0.322848,85,0,9.4,,0,0,0,0,0,0,0,0,0,,-250,228,,0,0,0,0
1604111330101,10,1010123456020,78,,1,0,2,1,0,,20.0208,288,183415,0.346272,111,0,9.8,,0,0,0,0,0,0,0,0,0,,-250,230,,0,0,0,0
1604111330351,10,1010123456020,78,,1,0,2,1,0,,18.4493,276,184472,0.31504,113,0,7.5,,0,4,0,0.1,2,50,0,0,31,,-250,244,,0,0,0,0
1604111330601,10,1010123456020,78,,1,0,2,1,0,,26.7671,249,183464,0.506816,102,0,7.5,,0,0,0,0,0,0,0,0,0,,-250,254,,0,0,0,0
1604111330851,10,1010123456020,78,,1,0,2,1,0,,15.917,229,184088,0.206304,89,0,8.4,,7.76923,13,0,0.1,5,0,0,12.5472,31,,-250,222,,0,0,0,1.15385
1604111331101,10,1010123456020,78,,1,0,2,1,0,,18.5652,276,184185,0.343424,114,0,8.33333,,0,0,0,0,0,0,0,0,0,,-250,226,,0,0,0,0
1604111331351,10,1010123456020,78,,1,0,4,1,0,,18.9338,272,182728,0.371072,106,0,9.8,,0,0,0,0,0,0,0,0,0,,-250,250,,0,0,0,0
1604111331601,10,1010123456020,78,,1,0,4,1,0,,13.2481,258,183234,0.406624,103,0,8.25,,7.84211,19,0,0.1,7,28.5714,0,7.99727,31,,-250,416,,0,0,0,3.84211
1604111331851,10,1010123456020,78,,1,0,4,1,0,,9.20339,236,184255,0.26864,98,0,5,,0,0,0,0,0,0,0,0,0,,-250,376,,0,0,0,0
1604111332101,10,1010123456020,78,,1,0,4,1,0,,18.4449,263,183783,0.57152,104,0,8.75,,0,0,0,0,0,0,0,0,0,,-251,432,,0,0,0,0
1604111332351,10,1010123456020,78,,1,0,4,1,0,,16.5615,260,184017,0.606432,109,0,9.4,,0,2,0,0.1,1,0,0,0,31,,-249,428,,0,0,0,0
1604111332601,10,1010123456020,78,,1,0,4,1,0,,16.6807,285,184095,0.571072,114,0,7,,7.6,15,0,0.1,6,33.3333,0,5.94137,31,,-250,464,,0,0,0,5.6
1604111332851,10,1010123456020,78,,1,0,4,1,0,,18.4455,303,183023,0.732512,121,0,9.33333,,0,0,0,0,0,0,0,0,0,,-250,476,,0,0,0,0
1604111333101,10,1010123456020,78,,1,0,4,1,0,,22.3966,237,183950,0.70816,94,0,11,,0,0,0,0,0,0,0,0,0,,-250,376,,0,0,0,0
1604111333351,10,1010123456020,78,,1,0,4,1,0,,17.9862,289,182746,0.703552,114,0,9,,0,0,0,0,0,0,0,0,0,,-250,452,,0,0,0,0
1604111333601,10,1010123456020,78,,1,0,4,1,0,,24.3897,195,183098,0.730432,82,0,12.3333,,0,2,0,0.1,1,0,0,0,31,,-250,328,,0,0,0,0
1604111333851,10,1010123456020,78,,1,0,4,1,0,,15.4043,235,183364,0.528768,95,0,9.2,,0,0,0,0,0,0,0,0,0,,-250,376,,0,0,0,0
1604111334101,10,1010123456020,78,,1,0,4,1,0,,17.1523,243,183580,0.514464,95,0,7.75,,6.66667,24,0,0.1,10,50,0,5.7021,31,,-250,388,,0,0,0,6.375
1604111334351,10,1010123456020,78,,1,0,4,1,0,,12.25,252,183033,0.437568,101,0,8.8,,0,2,0,0.1,1,0,0,0,31,,-250,404,,0,0,0,0
1604111334601,10,1010123456020,78,,1,0,4,1,0,,4.36502,263,183202,0.151456,101,0,4.25,,0,0,0,0,0,0,0,0,0,,-250,412,,0,0,0,0
1604111334851,10,1010123456020,78,,1,0,4,1,0,,14.1224,237,180327,0.464544,101,0,8,,3.36364,33,0,0.1,11,0,0,9.87252,31,,-250,388,,0,0,0,1
1604111335101,10,1010123456020,78,,1,0,4,1,0,,7.12435,193,184135,0.21088,76,0,5.8,,0,0,0,0,0,0,0,0,0,,-250,308,,0,0,0,0
1604111335351,10,1010123456020,78,,1,0,4,1,0,,17.4724,199,182749,0.456992,78,0,8,,0,0,0,0,0,0,0,0,0,,-250,312,,0,0,0,0
1604111335601,10,1010123456020,78,,1,0,4,1,0,,8.82727,220,183756,0.274016,89,0,6,,3.88889,18,505,0.1,8,87.5,0,0.766707,31,,-250,352,,0,0,0,9
1604111335851,10,1010123456020,78,,1,0,4,1,0,,9.34052,232,184162,0.362016,91,0,8.25,,6.26087,46,0,0.1,19,42.1053,0,6.59633,31,,-250,380,,0,0,0,5.78261
1604111336101,10,1010123456020,78,,1,0,4,1,0,,7.19861,287,184251,0.246368,122,0,4.66667,,0,0,0,0,0,0,0,0,0,,-250,468,,0,0,0,0
1604111336351,10,1010123456020,78,,1,0,4,1,0,,7.10857,175,184285,0.14576,71,0,5.75,,0,2,0,0.1,1,0,0,0,31,,-250,284,,0,0,0,0
1604111336601,10,1010123456020,78,,1,0,4,1,0,,19.9146,199,183707,0.625888,79,0,8.5,,0,0,0,0,0,0,0,0,0,,-250,320,,0,0,0,0
1604111336851,10,1010123456020,78,,1,0,4,1,0,,5.23132,281,183472,0.204832,110,0,4.4,,0,0,0,0,0,0,0,0,0,,-250,452,,0,0,0,0
1604111337101,10,1010123456020,78,,1,0,4,1,0,,10.1585,246,183458,0.381376,100,0,7.25,,6.23913,46,0,0.1,18,38.8889,0,6.02817,31,,-250,396,,0,0,0,5.04348
1604111337351,10,1010123456020,78,,1,0,4,1,0,,9.57959,245,183855,0.321152,98,0,6.6,,0,0,0,0,0,0,0,0,0,,-250,392,,0,0,0,0
1604111337601,10,1010123456020,78,,1,0,4,1,0,,6.37302,252,183727,0.247328,103,0,6.25,,0,0,0,0,0,0,0,0,0,,-250,404,,0,0,0,0
1604111337851,10,1010123456020,78,,1,0,4,1,0,,16.284,257,182438,0.57632,102,0,8,,2.39062,64,0,0.1,24,62.5,0,2.21607,31,,-250,416,,0,0,0,7.10938
1604111338101,10,1010123456020,78,,1,0,4,1,0,,9.96244,213,184523,0.387264,88,0,2.66667,,0,0,0,0,0,0,0,0,0,,-250,352,,0,0,0,0
1604111338351,10,1010123456020,78,,1,0,4,1,0,,13.1881,303,181531,0.499616,121,0,7.5,,0.1,3,0,0.1,1,0,0,9.61866,31,,-251,488,,0,0,0,1
1604111338601,10,1010123456020,78,,1,0,4,1,0,,12.7935,276,182130,0.52432,107,0,8.4,,0,0,0,0,0,0,0,0,0,,-250,428,,0,0,0,0
1604111338851,10,1010123456020,78,,1,0,4,1,0,,8.51974,152,183293,0.200192,64,0,6,,0,26,0,0.1,13,38.4615,0,0,31,,-249,244,,0,0,0,0
1604111339101,10,1010123456020,78,,1,0,4,1,0,,9.31579,190,182482,0.17296,72,0,7.75,,0,0,0,0,0,0,0,0,0,,-250,300,,0,0,0,0
1604111339351,10,1010123456020,78,,1,0,4,1,0,,7.6367,267,183485,0.336032,107,0,3,,0,0,0,0,0,0,0,0,0,,-250,428,,0,0,0,0
1604111339601,10,1010123456020,78,,1,0,4,1,0,,9.22477,218,184010,0.223424,88,0,6,,0.225806,93,0,0.1,35,40,0,1.83969,31,,-250,356,,0,0,0,5.15054
1604111339851,10,1010123456020,78,,1,0,4,1,0,,7.03252,246,183284,0.21472,102,0,5.85714,,7,12,0,0.1,4,50,0,4.78321,0,,-250,396,,0,0,0,6
1604111340101,10,1010123456020,78,,1,0,4,1,0,,14.6715,274,183406,0.57136,111,0,9,,0,0,0,0,0,0,0,0,0,,-250,448,,0,0,0,0
1604111340351,10,1010123456020,78,,1,0,4,1,0,,12.6372,215,184259,0.310272,87,0,7,,0.1,3,0,0.1,1,0,0,9.09004,31,,-250,340,,0,0,0,1
1604111340601,10,1010123456020,78,,1,0,4,1,0,,17.7705,292,183489,0.681312,113,0,10,,0,8,137,0.1,4,50,0,0,31,,-250,460,,0,0,0,0
1604111340851,10,1010123456020,78,,1,0,4,1,0,,8.91892,259,183278,0.253504,102,0,5.66667,,6.375,8,0,0.1,3,0,0,7.93875,0,,-250,404,,0,0,0,1.375
1604111341101,10,1010123456020,78,,1,0,4,1,0,,11.7538,199,183922,0.339264,81,0,8.8,,0,0,0,0,0,0,0,0,0,,-250,324,,0,0,0,0
1604111341351,10,1010123456020,78,,1,0,4,1,0,,17.4396,273,183361,0.584288,107,0,8.6,,0,0,0,0,0,0,0,0,0,,-250,440,,0,0,0,0
1604111341601,10,1010123456020,78,,1,0,4,1,0,,8.37963,216,184170,0.222368,89,0,4.4,,5.9,20,0,0.1,8,12.5,0,10.0549,31,,-250,348,,0,0,0,1.9
1604111341851,10,1010123456020,78,,1,0,4,1,0,,4.59727,293,184327,0.158016,116,0,3.8,,0,0,0,0,0,0,0,0,0,,-250,468,,0,0,0,0
1604111342101,10,1010123456020,78,,1,0,4,1,0,,6.86022,279,184560,0.281824,110,0,7,,0,0,0,0,0,0,0,0,0,,-250,444,,0,0,0,0
1604111342351,10,1010123456020,78,,1,0,4,1,0,,13.3546,282,183630,0.485344,117,0,8.33333,,0,0,0,0,0,0,0,0,0,,-250,468,,0,0,0,0
1604111342601,10,1010123456020,78,,1,0,4,1,0,,14.2537,272,183983,0.480128,107,0,8,,5.60976,82,0,0.1,33,66.6667,0,4.09103,31,,-250,428,,0,0,0,6.92683
1604111342851,10,1010123456020,78,,1,0,4,1,0,,6.90811,185,184532,0.1784,78,0,5.2,,0,0,0,0,0,0,0,0,0,,-250,300,,0,0,0,0
1604111343101,10,1010123456020,78,,1,0,4,1,0,,21.4122,279,179929,0.864736,113,0,12.25,,0,0,0,0,0,0,0,0,0,,-250,460,,0,0,0,0
1604111343351,10,1010123456020,78,,1,0,4,1,0,,19.9091,220,182071,0.6664,89,0,10.2,,0.1,3,0,0.1,1,0,0,1.69298,31,,-250,356,,0,0,0,1
1604111343601,10,1010123456020,78,,1,0,4,1,0,,22.8956,249,182623,0.848448,102,0,9,,0,0,0,0,0,0,0,0,0,,-250,408,,0,0,0,0
1604111343851,10,1010123456020,78,,1,0,4,1,0,,18.2015,273,182862,0.646688,109,0,10.5,,5.28125,64,0,0.1,24,41.6667,0,5.24692,31,,-250,444,,0,0,0,4.98438
1604111344101,10,1010123456020,78,,1,0,4,1,0,,24.3926,270,175036,1.00934,110,0,13,,0,0,0,0,0,0,0,0,0,,-250,440,,0,0,0,0
1604111344351,10,1010123456020,78,,1,0,4,1,0,,10.8437,256,183511,0.395712,106,0,5.5,,0,0,0,0,0,0,0,0,0,,-250,412,,0,0,0,0
1604111344601,10,1010123456020,78,,1,0,4,1,0,,0.490842,273,183830,0.050656,107,0,2.33333,,0,2,0,0.1,1,0,0,0,31,,-250,440,,0,0,0,0
1604111344851,10,1010123456020,78,,1,0,4,1,0,,14.9333,270,183299,0.564192,111,0,10.75,,0,0,0,0,0,0,0,0,0,,-250,436,,0,0,0,0
1604111345101,10,1010123456020,78,,1,0,4,1,0,,17.2028,286,184330,0.677152,114,0,9.2,,3.85417,48,0,0.1,19,52.6316,0,2.31913,31,,-250,456,,0,0,0,6.125
1604111345351,10,1010123456020,78,,1,0,4,1,0,,14.6868,265,184602,0.522176,105,0,7.66667,,0,2,0,0.1,1,0,0,0,31,,-251,420,,0,0,0,0
1604111345601,10,1010123456020,78,,1,0,4,1,0,,2.71765,255,183815,0.085568,105,0,3,,2.36364,55,0,0.1,22,36.3636,0,5.30652,31,,-249,416,,0,0,0,3.72727
1604111345851,10,1010123456020,78,,1,0,4,1,0,,4.33191,235,183807,0.131232,95,0,11,,0,0,0,0,0,0,0,0,0,,-250,376,,0,0,0,0
1604111346101,10,1010123456020,78,,1,0,4,1,0,,14.2913,254,182925,0.506208,101,0,5.75,,0,0,0,0,0,0,0,0,0,,-250,412,,0,0,0,0
1604111346351,10,1010123456020,78,,1,0,4,1,0,,21.9693,228,184272,0.759936,93,0,8.5,,0.1,3,0,0.1,1,0,0,2.03219,31,,-250,376,,0,0,0,7
1604111346601,10,1010123456020,78,,1,0,4,1,0,,13.7052,268,183317,0.408832,109,0,8,,4.46341,41,0,0.1,16,31.25,0,6.16219,31,,-250,424,,0,0,0,4.12195
1604111346851,10,1010123456020,78,,1,0,4,1,0,,7.4786,257,183020,0.2016,101,0,4.6,,0,0,0,0,0,0,0,0,0,,-250,412,,0,0,0,0
1604111347101,10,1010123456020,78,,1,0,4,1,0,,12.2353,255,182693,0.317408,99,0,8,,0,0,0,0,0,0,0,0,0,,-250,396,,0,0,0,0
1604111347351,10,1010123456020,78,,1,0,4,1,0,,22.6935,310,182389,1.01046,125,0,10,,0,0,0,0,0,0,0,0,0,,-250,500,,0,0,0,0
1604111347601,10,1010123456020,78,,1,0,4,1,0,,8.79853,273,184550,0.333024,113,0,6.66667,,2.17647,68,0,0.1,26,73.0769,0,1.63922,31,,-250,448,,0,0,0,8.19118
1604111347851,10,1010123456020,78,,1,0,4,1,0,,6.61888,286,183927,0.21824,115,0,5,,0,0,0,0,0,0,0,0,0,,-250,464,,0,0,0,0
1604111348101,10,1010123456020,78,,1,0,4,1,0,,8.60769,260,183775,0.2144,104,0,7.2,,0,0,0,0,0,0,0,0,0,,-250,420,,0,0,0,0
1604111348351,10,1010123456020,78,,1,0,4,1,0,,13.2413,286,184488,0.48608,114,0,6.66667,,0,0,0,0,0,0,0,0,0,,-250,448,,0,0,0,0
1604111348601,10,1010123456020,78,,1,0,4,1,0,,6.38976,254,184517,0.242208,103,0,4.8,,0.1,3,0,0.1,1,0,0,4.95033,31,,-250,408,,0,0,0,1
1604111348851,10,1010123456020,78,,1,0,4,1,0,,15.6346,260,183653,0.681856,102,0,8.66667,,0,0,0,0,0,0,0,0,0,,-250,424,,0,0,0,0
1604111349101,10,1010123456020,78,,1,0,4,1,0,,23.6728,272,180139,0.94176,112,0,12.6667,,0,0,0,0,0,0,0,0,0,,-250,432,,0,0,0,0
1604111349351,10,1010123456020,78,,1,0,4,1,0,,24.0072,278,181358,0.92032,108,0,12,,0,2,0,0.1,1,0,0,0,31,,-250,440,,0,0,0,0
1604111349601,10,1010123456020,78,,1,0,4,1,0,,17.5827,266,184159,0.786176,112,0,9.16667,,0,0,0,0,0,0,0,0,0,,-250,444,,0,0,0,0
1604111349851,10,1010123456020,78,,1,0,4,1,0,,10,270,183833,0.325984,106,0,7.83333,,1.3211,109,0,0.1,45,51.1111,0,3.17758,31,,-250,428,,0,0,0,5.59633
1604111350101,10,1010123456020,78,,1,0,4,1,0,,12.9356,233,182990,0.358592,94,0,7.66667,,0.1,3,0,0.1,1,0,0,7.67829,0,,-250,376,,0,0,0,1
1604111350351,10,1010123456020,78,,1,0,4,1,0,,19.2259,239,184277,0.726848,95,0,11,,0,0,0,0,0,0,0,0,0,,-250,380,,0,0,0,0
1604111350601,10,1010123456020,78,,1,0,4,1,0,,10.4791,263,183264,0.29808,105,0,7.6,,2.10938,64,0,0.1,26,50,0,2.49508,31,,-250,424,,0,0,0,6.20312
1604111350851,10,1010123456020,78,,1,0,4,1,0,,23.1531,209,183509,0.810912,91,0,8.33333,,0,0,0,0,0,0,0,0,0,,-250,348,,0,0,0,0
1604111351101,10,1010123456020,78,,1,0,4,1,0,,17.7398,246,183067,0.592928,99,0,10.8,,0,0,0,0,0,0,0,0,0,,-250,404,,0,0,0,0
1604111351351,10,1010123456020,78,,1,0,4,1,0,,24.1403,228,181367,0.891744,92,0,9.5,,0,0,0,0,0,0,0,0,0,,-251,368,,0,0,0,0
1604111351601,10,1010123456020,78,,1,0,4,1,0,,20.7558,258,183818,0.752928,103,0,10.25,,0.1,12,0,0.1,4,75,0,2.71204,31,,-249,420,,0,0,0,7.75
1604111351851,10,1010123456020,78,,1,0,4,1,0,,25.9467,300,177441,1.1953,121,0,13.3333,,0,0,0,0,0,0,0,0,0,,-251,476,,0,0,0,0
1604111352101,10,1010123456020,78,,1,0,4,1,0,,15.7041,267,181766,0.687136,107,0,7.6,,0,0,0,0,0,0,0,0,0,,-249,440,,0,0,0,0
1604111352351,10,1010123456020,78,,1,0,4,1,0,,10.5469,256,183301,0.324032,102,0,6,,3.12821,39,0,0.1,16,43.75,0,4.94747,31,,-250,404,,0,0,0,4.92308
1604111352601,10,1010123456020,78,,1,0,4,1,0,,7.56175,251,182871,0.268384,107,0,9.5,,2.375,56,0,0.1,23,47.8261,0,5.5254,31,,-251,408,,0,0,0,4.53571
1604111352851,10,1010123456020,78,,1,0,4,1,0,,23.8403,288,176891,1.13606,114,0,8,,0,0,0,0,0,0,0,0,0,,-249,468,,0,0,0,0
1604111353101,10,1010123456020,78,,1,0,4,1,0,,17.5485,268,183174,0.659136,110,0,10.6667,,0,0,0,0,0,0,0,0,0,,-250,444,,0,0,0,0
1604111353351,10,1010123456020,78,,1,0,4,1,0,,12.5913,230,183539,0.335008,93,0,7,,2,3,0,0.1,1,0,0,3.9051,31,,-250,360,,0,0,0,1
1604111353601,10,1010123456020,78,,1,0,4,1,0,,20.4052,306,183119,0.84224,120,0,9.5,,3.30303,33,0,0.1,14,21.4286,0,6.96855,31,,-250,492,,0,0,0,3.24242
1604111353851,10,1010123456020,78,,1,0,4,1,0,,14.166,265,182805,0.424448,106,0,7.75,,0,6,0,0,3,100,0,0,0,,-250,428,,0,0,0,0
1604111354101,10,1010123456020,78,,1,0,4,1,0,,20.3173,312,183758,0.827328,126,0,9.5,,0,0,0,0,0,0,0,0,0,,-250,500,,0,0,0,0
1604111354351,10,1010123456020,78,,1,0,4,1,0,,15.498,249,182059,0.460032,100,0,11.5,,7,6,0,0.1,2,50,0,4.87804,31,,-250,396,,0,0,0,5.5
1604111354601,10,1010123456020,78,,1,0,4,1,0,,16.3451,255,184451,0.602784,101,0,9.4,,1.05556,90,0,0.1,38,47.3684,0,3.08691,31,,-250,412,,0,0,0,5.67778
1604111354851,10,1010123456020,78,,1,0,4,1,0,,20.3867,256,184454,0.690496,106,0,10.3333,,0,0,0,0,0,0,0,0,0,,-250,416,,0,0,0,0
1604111355101,10,1010123456020,78,,1,0,4,1,0,,17.9719,249,182898,0.574624,97,0,8.33333,,0,0,0,0,0,0,0,0,0,,-250,396,,0,0,0,0
1604111355351,10,1010123456020,78,,1,0,4,1,0,,15.6381,268,183217,0.50688,108,0,9.5,,0,2,0,0.1,1,0,0,0,31,,-250,432,,0,0,0,0
1604111355601,10,1010123456020,78,,1,0,4,1,0,,16.2411,253,182025,0.505792,96,0,7.8,,0,0,0,0,0,0,0,0,0,,-250,392,,0,0,0,0
1604111355851,10,1010123456020,78,,1,0,4,1,0,,10.0326,184,184474,0.274912,75,0,4.5,,1.30303,66,0,0.1,26,42.3077,0,3.07274,31,,-250,284,,0,0,0,5.84848
1604111356101,10,1010123456020,78,,1,0,4,1,0,,16.1992,266,181602,0.59536,108,0,10.5,,0,0,0,0,0,0,0,0,0,,-250,432,,0,0,0,0
1604111356351,10,1010123456020,78,,1,0,4,1,0,,13.6829,246,183430,0.41616,99,0,7.33333,,4,3,0,0.1,1,0,0,9.80762,31,,-250,400,,0,0,0,1
1604111356601,10,1010123456020,78,,1,0,4,1,0,,14.559,229,184266,0.505056,91,0,7,,0,8,0,0,4,100,0,0,0,,-250,368,,0,0,0,0
1604111356851,10,1010123456020,78,,1,0,4,1,0,,18.2396,217,183377,0.591712,87,0,7.16667,,0,0,0,0,0,0,0,0,0,,-250,344,,0,0,0,0
1604111357101,10,1010123456020,78,,1,0,4,1,0,,6.10236,254,183502,0.23808,104,0,5.2,,2.325,40,0,0.1,16,31.25,0,6.54622,31,,-250,408,,0,0,0,3.35
1604111357351,10,1010123456020,78,,1,0,4,1,0,,9.00366,273,183549,0.28896,105,0,5,,0,2,0,0.1,1,0,0,0,31,,-250,428,,0,0,0,0
1604111357601,10,1010123456020,78,,1,0,4,1,0,,25.2111,289,174338,1.23075,119,0,11.6667,,0,0,0,0,0,0,0,0,0,,-250,460,,0,0,0,0
1604111357851,10,1010123456020,78,,1,0,4,1,0,,4.05128,273,182869,0.152384,104,0,2.85714,,0,0,0,0,0,0,0,0,0,,-251,432,,0,0,0,0
1604111358101,10,1010123456020,78,,1,0,4,1,0,,11.8649,222,183294,0.358048,87,0,7,,2.19608,51,0,0.1,22,59.0909,0,2.46726,31,,-250,344,,0,0,0,6.47059
1604111358351,10,1010123456020,78,,1,0,4,1,0,,6.85281,231,184436,0.213184,94,0,5.4,,0,0,0,0,0,0,0,0,0,,-249,364,,0,0,0,0
1604111358601,10,1010123456020,78,,1,0,4,1,0,,8.78431,204,181255,0.294944,81,0,4.6,,0,2,0,0.1,1,0,0,0,31,,-250,340,,0,0,0,0
1604111358851,10,1010123456020,78,,1,0,4,1,0,,14.9519,270,183327,0.617184,111,0,9.14286,,2.11111,54,0,0.1,23,47.8261,0,4.3921,31,,-251,436,,0,0,0,5.27778
1604111359101,10,1010123456020,78,,1,0,4,1,0,,20.168,256,184554,0.730688,100,0,9.6,,0,0,0,0,0,0,0,0,0,,-249,408,,0,0,0,0
1604111359351,10,1010123456020,78,,1,0,4,1,0,,19.6287,237,184451,0.70672,99,0,10.4,,0,8,0,0.1,4,75,0,0,31,,-250,380,,0,0,0,0
1604111359601,10,1010123456020,78,,1,0,4,1,0,,17.7597,233,183298,0.644832,89,0,10.6667,,0,0,0,0,0,0,0,0,0,,-250,372,,0,0,0,0
1604111359851,10,1010123456020,78,,1,0,4,1,0,,13.7341,267,183508,0.45616,109,0,8.16667,,0.1,92,0,0.1,37,56.7568,0,2.05248,31,,-250,436,,0,0,0,6.61957
1604111360101,10,1010123456020,78,,1,0,4,1,0,,19.05,280,183507,0.753216,113,0,9.8,,0,0,0,0,0,0,0,0,0,,-250,448,,0,0,0,0
1604111360351,10,1010123456020,78,,1,0,4,1,0,,7.53112,241,183524,0.239008,99,0,7.5,,0,0,0,0,0,0,0,0,0,,-250,400,,0,0,0,0
1604111360601,10,1010123456020,78,,1,0,4,1,0,,11.5357,252,184097,0.351392,103,0,6.25,,0,2,0,0.1,1,0,0,0,31,,-250,408,,0,0,0,0
1604111360851,10,1010123456020,78,,1,0,4,1,0,,17.444,250,183986,0.590784,102,0,9.16667,,0.1,12,0,0,4,100,0,0.630145,0,,-250,396,,0,0,0,10
1604111361101,10,1010123456020,78,,1,0,4,1,0,,16.7164,268,184538,0.639296,108,0,7.5,,1.82759,58,0,0.1,23,47.8261,0,3.56252,31,,-250,444,,0,0,0,5.5
1604111361351,10,1010123456020,78,,1,0,4,1,0,,23.7955,264,178639,0.974496,109,0,12.6,,0,0,0,0,0,0,0,0,0,,-250,432,,0,0,0,0
1604111361601,10,1010123456020,78,,1,0,4,1,0,,17.4286,301,182490,0.609728,114,0,7.5,,0,4,0,0.1,2,50,0,0,31,,-250,460,,0,0,0,0
1604111361851,10,1010123456020,78,,1,0,4,1,0,,18.9589,219,181012,0.728352,85,0,9,,0.26087,92,0,0.1,37,72.973,0,1.92309,31,,-250,348,,0,0,0,7.3587
1604111362101,10,1010123456020,78,,1,0,4,1,0,,10.0033,305,183425,0.343744,120,0,6.25,,0,0,0,0,0,0,0,0,0,,-250,476,,0,0,0,0
1604111362351,10,1010123456020,78,,1,0,4,1,0,,17.0394,254,183666,0.640064,100,0,9.66667,,0,0,0,0,0,0,0,0,0,,-250,408,,0,0,0,0
1604111362601,10,1010123456020,78,,1,0,4,1,0,,9.08582,268,184229,0.280896,110,0,6.5,,0.377358,53,0,0.1,21,42.8571,0,3.14366,31,,-250,436,,0,0,0,4.90566
1604111362851,10,1010123456020,78,,1,0,4,1,0,,8.51754,228,184119,0.298624,97,0,6.42857,,0.355556,45,0,0.1,18,66.6667,0,2.23886,31,,-250,368,,0,0,0,6.8
1604111363101,10,1010123456020,78,,1,0,4,1,0,,9.60627,287,184605,0.363968,111,0,4.33333,,0,0,0,0,0,0,0,0,0,,-250,448,,0,0,0,0
1604111363351,10,1010123456020,78,,1,0,4,1,0,,9.95638,298,183745,0.454208,120,0,8.6,,0,6,0,0,3,100,0,0,0,,-250,484,,0,0,0,0
1604111363601,10,1010123456020,78,,1,0,4,1,0,,13.3709,275,184127,0.388048,108,0,7.75,,0.657895,76,0,0.1,31,45.1613,0,2.47272,31,,-250,448,,0,0,0,5.14474
1604111363851,10,1010123456020,78,,1,0,4,1,0,,13.2937,286,184242,0.542336,119,0,7.83333,,0,0,0,0,0,0,0,0,0,,-250,460,,0,0,0,0
1604111364101,10,1010123456020,78,,1,0,4,1,0,,3.71672,293,183041,0.1456,118,0,5,,0,0,0,0,0,0,0,0,0,,-250,472,,0,0,0,0
1604111364351,10,1010123456020,78,,1,0,4,1,0,,13.7005,207,182957,0.4104,83,0,8.5,,0,6,0,0.1,3,66.6667,0,0,31,,-251,332,,0,0,0,0
1604111364601,10,1010123456020,78,,1,0,4,1,0,,6.27839,273,183381,0.229536,105,0,4,,0,0,0,0,0,0,0,0,0,,-249,436,,0,0,0,0
1604111364851,10,1010123456020,78,,1,0,4,1,0,,3.09665,269,183734,0.111904,110,0,3.4,,0.1,57,0,0.1,21,19.0476,0,3.46143,31,,-251,436,,0,0,0,2.73684
1604111365101,10,1010123456020,78,,1,0,4,1,0,,4.82178,303,183985,0.241792,123,0,6,,0,0,0,0,0,0,0,0,0,,-249,484,,0,0,0,0
1604111365351,10,1010123456020,78,,1,0,4,1,0,,6.58036,336,182498,0.326176,133,0,10.5,,0,0,0,0,0,0,0,0,0,,-250,536,,0,0,0,0
1604111365601,10,1010123456020,78,,1,0,4,1,0,,9.41379,232,182229,0.27184,92,0,5,,0.16,75,0,0.1,29,24.1379,0,3.27104,31,,-250,368,,0,0,0,2.8
1604111365851,10,1010123456020,78,,1,0,4,1,0,,17.4281,285,184308,0.722976,115,0,7.4,,0,0,0,0,0,0,0,0,0,,-250,452,,0,0,0,0
1604111366101,10,1010123456020,78,,1,0,4,1,0,,4.38889,252,184322,0.195872,101,0,7.5,,0,0,0,0,0,0,0,0,0,,-250,412,,0,0,0,0
1604111366351,10,1010123456020,78,,1,0,4,1,0,,14.8071,254,183735,0.523776,100,0,11.6667,,0.1,3,0,0.1,1,0,0,2.42776,31,,-250,404,,0,0,0,1
1604111366601,10,1010123456020,78,,1,0,4,1,0,,22.3948,271,180349,0.892576,109,0,10.6667,,0,0,0,0,0,0,0,0,0,,-250,436,,0,0,0,0
1604111366851,10,1010123456020,78,,1,0,4,1,0,,22.7619,210,181780,0.68176,89,0,10.8,,0,0,0,0,0,0,0,0,0,,-250,336,,0,0,0,0
1604111367101,10,1010123456020,78,,1,0,4,1,0,,23.7133,293,175520,0.984512,114,0,13,,0.1,105,0,0.1,43,55.814,0,2.24372,31,,-250,476,,0,0,0,5.88571
1604111367351,10,1010123456020,78,,1,0,4,1,0,,24.7701,274,171053,1.16682,115,0,10.6667,,7,3,0,0.1,1,0,0,4.02065,31,,-250,456,,0,0,0,3
1604111367601,10,1010123456020,78,,1,0,4,1,0,,8.89212,241,181744,0.29888,98,0,6.75,,0.1,53,0,0.1,21,47.619,0,2.53723,31,,-250,388,,0,0,0,5.07547
1604111367851,10,1010123456020,78,,1,0,4,1,0,,17.8941,255,183254,0.63264,102,0,11.25,,0.1,79,0,0.1,31,80.6452,0,0.973236,31,,-250,404,,0,0,0,8.40506
1604111368101,10,1010123456020,78,,1,0,4,1,0,,3.64621,277,182922,0.147168,111,0,8.5,,0,0,0,0,0,0,0,0,0,,-250,444,,0,0,0,0
1604111368351,10,1010123456020,78,,1,0,4,1,0,,13.0352,256,184054,0.538176,98,0,3.5,,0,0,0,0,0,0,0,0,0,,-250,400,,0,0,0,0
1604111368601,10,1010123456020,78,,1,0,4,1,0,,11.6547,278,183572,0.452544,114,0,7.5,,0.113208,106,0,0.1,44,59.0909,0,2.2624,31,,-250,448,,0,0,0,5.78302
1604111368851,10,1010123456020,78,,1,0,4,1,0,,14.4725,218,183978,0.405344,89,0,8.5,,0,0,0,0,0,0,0,0,0,,-250,356,,0,0,0,0
1604111369101,10,1010123456020,78,,1,0,4,1,0,,19.0352,284,184019,0.756064,115,0,10.4,,0,0,0,0,0,0,0,0,0,,-250,452,,0,0,0,0
1604111369351,10,1010123456020,78,,1,0,4,1,0,,4.52788,269,184208,0.143968,105,0,4.66667,,0,2,0,0.1,1,0,0,0,31,,-250,436,,0,0,0,0
1604111369601,10,1010123456020,78,,1,0,4,1,0,,10.6585,287,183680,0.399456,114,0,7,,0,0,0,0,0,0,0,0,0,,-250,456,,0,0,0,0
1604111369851,10,1010123456020,78,,1,0,4,1,0,,17.4531,256,183319,0.65744,105,0,10,,0.1,142,0,0.1,52,55.7692,0,1.81844,31,,-250,416,,0,0,0,5.94366
1604111370101,10,1010123456020,78,,1,0,4,1,0,,10.9067,225,184461,0.306016,86,0,6.83333,,0,0,0,0,0,0,0,0,0,,-250,352,,0,0,0,0
1604111370351,10,1010123456020,78,,1,0,4,1,0,,9.9625,240,183375,0.370464,101,0,6.33333,,0,0,0,0,0,0,0,0,0,,-250,384,,0,0,0,0
1604111370601,9,1010123456020,78,,1,0,4,1,0,,14.8083,193,182739,0.364416,70,0,8.66667,,0.1,3,0,0.1,1,0,0,3.4253,31,,-250,304,,0,0,0,1
1604111370851,9,1010123456020,78,,1,0,4,1,0,,9.37063,286,183306,0.350208,115,0,4.25,,0.1,104,0,0.1,41,34.1463,0,2.81412,31,,-250,452,,0,0,0,4.375
1604111371101,9,1010123456020,78,,1,0,4,1,0,,7.85342,307,184273,0.349664,126,0,5.66667,,0,0,0,0,0,0,0,0,0,,-251,512,,0,0,0,0
1604111371351,9,1010123456020,78,,1,0,4,1,0,,12.6164,292,183360,0.495584,118,0,8.75,,0,0,0,0,0,0,0,0,0,,-249,460,,0,0,0,0
1604111371601,9,1010123456020,78,,1,0,4,1,0,,10.6931,290,183442,0.385536,118,0,4.25,,0,2,0,0.1,1,0,0,0,31,,-250,468,,0,0,0,0
1604111371851,9,1010123456020,78,,1,0,4,1,0,,12.8689,267,184039,0.392992,105,0,7.83333,,0.1,138,0,0.1,54,68.5185,0,1.6529,31,,-250,424,,0,0,0,7.13043
1604111372101,9,1010123456020,78,,1,0,4,1,0,,9.64314,255,183231,0.332992,102,0,4.5,,0,0,0,0,0,0,0,0,0,,-250,412,,0,0,0,0
1604111372351,9,1010123456020,78,,1,0,4,1,0,,13.0285,281,183175,0.410976,107,0,7.25,,0,4,0,0.1,2,50,0,0,31,,-250,436,,0,0,0,0
1604111372601,9,1010123456020,78,,1,0,4,1,0,,13.5031,326,182960,0.5272,132,0,7.83333,,0,0,0,0,0,0,0,0,0,,-250,520,,0,0,0,0
1604111372851,9,1010123456020,78,,1,0,4,1,0,,14.6888,286,182536,0.49408,116,0,8.71429,,0,0,0,0,0,0,0,0,0,,-250,456,,0,0,0,0
1604111373101,9,1010123456020,78,,1,0,4,1,0,,10.932,294,184137,0.438208,117,0,6,,0.1,76,0,0.1,30,40,0,2.11492,31,,-250,472,,0,0,0,5.14474
1604111373351,9,1010123456020,78,,1,0,4,1,0,,16.6667,294,183776,0.617632,119,0,9.4,,0,0,0,0,0,0,0,0,0,,-250,476,,0,0,0,0
1604111373601,9,1010123456020,78,,1,0,4,1,0,,5.46341,328,183769,0.207712,132,0,4.8,,0,0,0,0,0,0,0,0,0,,-250,528,,0,0,0,0
1604111373851,9,1010123456020,78,,1,0,4,1,0,,9.5477,283,183574,0.264128,114,0,6.83333,,0.618557,97,0,0.1,39,46.1538,0,2.5457,31,,-250,464,,0,0,0,4.71134
1604111374101,9,1010123456020,78,,1,0,4,1,0,,13.2437,320,183645,0.54128,135,0,7.25,,0,0,0,0,0,0,0,0,0,,-250,532,,0,0,0,0
1604111374351,9,1010123456020,78,,1,0,4,1,0,,7.68317,303,184029,0.267424,117,0,5.33333,,0,0,0,0,0,0,0,0,0,,-250,484,,0,0,0,0
1604111374601,9,1010123456020,78,,1,0,4,1,0,,11.2576,295,184121,0.403936,119,0,6.83333,,0.1,115,0,0.1,46,73.913,0,1.6434,31,,-250,472,,0,0,0,7.41739
1604111374851,9,1010123456020,78,,1,0,4,1,0,,9.74059,239,184548,0.363904,102,0,8.5,,0,6,0,0.1,3,66.6667,0,0,0,,-250,388,,0,0,0,0
1604111375101,9,1010123456020,78,,1,0,4,1,0,,15.6796,309,180448,0.598624,122,0,7.8,,0,0,0,0,0,0,0,0,0,,-250,508,,0,0,0,0
1604111375351,9,1010123456020,78,,1,0,4,1,0,,15.5733,307,182771,0.7208,127,0,7.6,,0,0,0,0,0,0,0,0,0,,-250,500,,0,0,0,0
1604111375601,9,1010123456020,78,,1,0,4,1,0,,7.61278,266,183110,0.243648,107,0,5.6,,0,2,0,0.1,1,0,0,0,31,,-250,424,,0,0,0,0
1604111375851,9,1010123456020,78,,1,0,4,1,0,,20.5107,280,181197,0.860736,116,0,8.66667,,0.1,68,0,0.1,27,51.8519,0,1.74791,31,,-250,468,,0,0,0,5.80882
1604111376101,9,1010123456020,78,,1,0,4,1,0,,9.84112,321,183147,0.401504,133,0,7,,0.1,35,0,0.1,14,64.2857,0,1.63724,31,,-250,524,,0,0,0,7.42857
1604111376351,9,1010123456020,78,,1,0,4,1,0,,16.8624,327,183799,0.692736,130,0,8.8,,0,0,0,0,0,0,0,0,0,,-250,524,,0,0,0,0
1604111376601,9,1010123456020,78,,1,0,4,1,0,,14.7,270,182515,0.439424,108,0,8.4,,0.1,3,0,0.1,1,0,0,1.80518,31,,-250,440,,0,0,0,1
1604111376851,9,1010123456020,78,,1,0,4,1,0,,9.71321,265,183684,0.379904,110,0,4.85714,,0.1,164,0,0.1,65,72.3077,0,1.02233,31,,-250,440,,0,0,0,7.62805
1604111377101,9,1010123456020,78,,1,0,4,1,0,,18.6599,294,183050,0.692832,119,0,10.3333,,0,0,0,0,0,0,0,0,0,,-250,480,,0,0,0,0
1604111377351,9,1010123456020,78,,1,0,4,1,0,,14.5909,308,184037,0.55936,128,0,7.66667,,0,0,0,0,0,0,0,0,0,,-250,508,,0,0,0,0
1604111377601,9,1010123456020,78,,1,0,4,1,0,,12.3553,273,182974,0.33856,108,0,7.2,,0.1,96,0,0.1,38,57.8947,0,1.46303,31,,-250,440,,0,0,0,6.42708
1604111377851,9,1010123456020,78,,1,0,4,1,0,,13.0415,289,183039,0.547008,122,0,6.57143,,0,0,0,0,0,0,0,0,0,,-251,480,,0,0,0,0
1604111378101,9,1010123456020,78,,1,0,4,1,0,,13.3012,342,183236,0.548032,138,0,7.8,,0,0,0,0,0,0,0,0,0,,-249,552,,0,0,0,0
1604111378351,9,1010123456020,78,,1,0,4,1,0,,14.938,274,184513,0.547936,112,0,7.2,,0,0,0,0,0,0,0,0,0,,-250,440,,0,0,0,0
1604111378601,9,1010123456020,78,,1,0,4,1,0,,15.4956,337,183986,0.723552,135,0,8.2,,0.1,3,0,0.1,1,0,0,1.70219,31,,-250,548,,0,0,0,1
1604111378851,9,1010123456020,78,,1,0,4,1,0,,12.2755,294,183236,0.501024,121,0,7.14286,,0.1,68,0,0.1,27,18.5185,0,2.02679,31,,-250,472,,0,0,0,2.91176
1604111379101,9,1010123456020,78,,1,0,4,1,0,,12.7924,289,183475,0.410656,113,0,7.4,,0,0,0,0,0,0,0,0,0,,-250,468,,0,0,0,0
1604111379351,9,1010123456020,78,,1,0,4,1,0,,7.01167,257,183636,0.201536,110,0,5.33333,,0,6,0,0,3,100,0,0,0,,-250,424,,0,0,0,0
1604111379601,9,1010123456020,78,,1,0,4,1,0,,14.3858,254,182338,0.471168,102,0,8.2,,0.697674,86,0,0.1,39,64.1026,0,1.49255,31,,-250,416,,0,0,0,6.59302
1604111379851,9,1010123456020,78,,1,0,4,1,0,,11.456,250,184540,0.443968,98,0,5,,0,0,0,0,0,0,0,0,0,,-250,388,,0,0,0,0
1604111380101,9,1010123456020,78,,1,0,4,1,0,,9.16225,302,181118,0.3256,120,0,6.83333,,0,0,0,0,0,0,0,0,0,,-250,480,,0,0,0,0
1604111380351,9,1010123456020,78,,1,0,4,1,0,,11.8142,296,183536,0.56272,120,0,6.16667,,0.1,3,0,0.1,1,0,0,2.29132,31,,-250,484,,0,0,0,1
1604111380601,9,1010123456020,78,,1,0,4,1,0,,6.52013,298,184424,0.220608,121,0,5.16667,,0.1,73,0,0.1,29,48.2759,0,1.61081,31,,-250,480,,0,0,0,5.52055
1604111380851,9,1010123456020,78,,1,0,4,1,0,,7.22177,248,183743,0.21392,98,0,5.42857,,0,0,0,0,0,0,0,0,0,,-250,396,,0,0,0,0
1604111381101,9,1010123456020,78,,1,0,4,1,0,,9.07063,269,183354,0.301696,107,0,6.25,,0,0,0,0,0,0,0,0,0,,-250,428,,0,0,0,0
1604111381351,9,1010123456020,78,,1,0,4,1,0,,7.35573,253,183576,0.23984,101,0,5.5,,0,0,0,0,0,0,0,0,0,,-250,400,,0,0,0,0
1604111381601,9,1010123456020,78,,1,0,4,1,0,,5.51196,209,184338,0.117856,83,0,4.83333,,0,0,0,0,0,0,0,0,0,,-250,340,,0,0,0,0
1604111381851,9,1010123456020,78,,1,0,4,1,0,,16.4983,289,184076,0.61952,116,0,8.33333,,0.1,97,0,0.1,39,61.5385,0,1.74227,31,,-250,468,,0,0,0,6.58763
1604111382101,9,1010123456020,78,,1,0,4,1,0,,6,275,183512,0.17248,110,0,5,,0,0,0,0,0,0,0,0,0,,-250,432,,0,0,0,0
1604111382351,9,1010123456020,78,,1,0,4,1,0,,10.8121,298,182482,0.39952,120,0,7.33333,,0,2,0,0.1,1,0,0,0,31,,-250,480,,0,0,0,0
1604111382601,9,1010123456020,78,,1,0,4,1,0,,8.017,353,183376,0.328544,138,0,5.33333,,0.1,83,0,0.1,33,42.4242,0,2.31674,31,,-250,548,,0,0,0,4.60241
1604111382851,9,1010123456020,78,,1,0,4,1,0,,7.71326,279,183607,0.238112,113,0,5.57143,,0,0,0,0,0,0,0,0,0,,-250,448,,0,0,0,0
1604111383101,9,1010123456020,78,,1,0,4,1,0,,7.61994,321,184495,0.261856,127,0,5.8,,0,0,0,0,0,0,0,0,0,,-250,512,,0,0,0,0
1604111383351,9,1010123456020,78,,1,0,4,1,0,,11.7532,312,183550,0.50704,125,0,8.2,,0,2,0,0.1,1,0,0,0,31,,-250,496,,0,0,0,0
1604111383601,9,1010123456020,78,,1,0,4,1,0,,16.7382,317,182435,0.784384,128,0,8.4,,0,0,0,0,0,0,0,0,0,,-250,520,,0,0,0,0
1604111383851,9,1010123456020,78,,1,0,4,1,0,,12,245,183343,0.350843,96,0,7.6,,0,0,0,0,0,0,0,0,0,,-250,388,,0,0,0,0
1604111384101,9,1010123456020,78,,1,0,4,1,0,,7.41096,292,183582,0.230112,116,0,5.5,,0.1,75,0,0.1,30,56.6667,0,1.25764,31,,-251,468,,0,0,0,6.25333
1604111384351,9,1010123456020,78,,1,0,4,1,0,,11.2265,309,184175,0.466848,124,0,6.8,,0,2,0,0.1,1,0,0,0,31,,-249,488,,0,0,0,0
1604111384601,9,1010123456020,78,,1,0,4,1,0,,6.84483,290,183965,0.254624,121,0,5.4,,0,0,0,0,0,0,0,0,0,,-250,472,,0,0,0,0
1604111384851,9,1010123456020,78,,1,0,4,1,0,,6.82594,293,183171,0.219872,115,0,5.16667,,0.1,102,0,0.1,40,45,0,1.81956,31,,-250,476,,0,0,0,5.21569
1604111385101,9,1010123456020,78,,1,0,4,1,0,,11.5556,306,181327,0.460032,124,0,7.5,,0,0,0,0,0,0,0,0,0,,-250,500,,0,0,0,0
1604111385351,9,1010123456020,78,,1,0,4,1,0,,14.3815,270,184046,0.602016,114,0,7.83333,,0,0,0,0,0,0,0,0,0,,-250,440,,0,0,0,0
1604111385601,9,1010123456020,78,,1,0,4,1,0,,12.3935,310,183349,0.430144,120,0,6.6,,0,2,0,0.1,1,0,0,0,31,,-250,492,,0,0,0,0
1604111385851,9,1010123456020,78,,1,0,4,1,0,,12.4983,289,183249,0.499936,119,0,7.33333,,0.1,63,0,0.1,25,56,0,1.80133,31,,-250,468,,0,0,0,5.57143
1604111386101,9,1010123456020,78,,1,0,4,1,0,,11.7432,292,183685,0.36992,115,0,7.83333,,0.1,18,0,0.1,8,75,0,0.889267,0,,-250,468,,0,0,0,7.16667
1604111386351,9,1010123456020,78,,1,0,4,1,0,,7.80615,325,184623,0.354112,130,0,4.8,,0.1,3,0,0.1,1,0,0,1.49281,31,,-250,520,,0,0,0,2
1604111386601,9,1010123456020,78,,1,0,4,1,0,,11.729,262,180671,0.345696,104,0,8,,0,0,0,0,0,0,0,0,0,,-250,420,,0,0,0,0
1604111386851,9,1010123456020,78,,1,0,4,1,0,,11.4788,259,184013,0.436224,110,0,5.16667,,0.1,95,0,0.1,39,56.4103,0,1.29718,31,,-250,424,,0,0,0,6.18947
1604111387101,9,1010123456020,78,,1,0,4,1,0,,9.71769,294,184605,0.307072,115,0,6,,0,0,0,0,0,0,0,0,0,,-250,464,,0,0,0,0
1604111387351,9,1010123456020,78,,1,0,4,1,0,,11.7743,288,183920,0.403872,113,0,7.4,,0.1,3,0,0.1,1,0,0,1.31214,31,,-250,452,,0,0,0,2
1604111387601,9,1010123456020,78,,1,0,4,1,0,,5.20747,241,184183,0.1504,94,0,4.5,,0.1,102,0,0.1,41,60.9756,0,2.00116,31,,-250,384,,0,0,0,6.38235
1604111387851,9,1010123456020,78,,1,0,4,1,0,,6.69395,281,182225,0.248864,110,0,5.66667,,0.1,3,0,0.1,1,0,0,4.23802,31,,-250,444,,0,0,0,1
1604111388101,9,1010123456020,78,,1,0,4,1,0,,5.0059,339,182598,0.18112,137,0,4.5,,0,0,0,0,0,0,0,0,0,,-250,540,,0,0,0,0
1604111388351,9,1010123456020,78,,1,0,4,1,0,,12.0705,312,183531,0.399008,123,0,6.83333,,0,0,0,0,0,0,0,0,0,,-250,492,,0,0,0,0
1604111388601,9,1010123456020,78,,1,0,4,1,0,,13.4742,213,183880,0.378912,89,0,7.75,,0.1,72,0,0.1,27,48.1481,0,2.15785,31,,-250,344,,0,0,0,5.125
1604111388851,9,1010123456020,78,,1,0,4,1,0,,16.0599,334,177129,0.881696,131,0,9,,0,0,0,0,0,0,0,0,0,,-250,532,,0,0,0,0
1604111389101,9,1010123456020,78,,1,0,4,1,0,,11.0695,331,181092,0.491328,131,0,7,,0.1,3,0,0.1,1,0,0,1.96254,31,,-250,520,,0,0,0,1
1604111389351,9,1010123456020,78,,1,0,4,1,0,,6.46021,289,184138,0.174208,112,0,5,,0.1,3,0,0.1,1,0,0,5.52914,31,,-250,460,,0,0,0,1
1604111389601,9,1010123456020,78,,1,0,4,1,0,,8.94654,318,183332,0.330272,129,0,6.2,,0.1,12,0,0,4,100,0,0.344861,0,,-250,508,,0,0,0,10
1604111389851,9,1010123456020,78,,1,0,4,1,0,,10.2239,335,183244,0.387648,137,0,6.33333,,0,0,0,0,0,0,0,0,0,,-250,544,,0,0,0,0
1604111390101,9,1010123456020,78,,1,0,4,1,0,,5.4902,306,183349,0.189888,124,0,4.75,,0.1,59,0,0.1,23,34.7826,0,2.35564,31,,-250,500,,0,0,0,4.20339
1604111390351,9,1010123456020,78,,1,0,4,1,0,,15.7027,259,182494,0.53104,106,0,9,,0,0,0,0,0,0,0,0,0,,-250,424,,0,0,0,0
1604111390601,9,1010123456020,78,,1,0,4,1,0,,9.64821,307,180625,0.378752,119,0,6.25,,0.1,56,0,0.1,24,37.5,0,2.42886,31,,-250,484,,0,0,0,4.73214
1604111390851,9,1010123456020,78,,1,0,4,1,0,,8.67202,311,183995,0.321984,130,0,5.42857,,0,0,0,0,0,0,0,0,0,,-250,504,,0,0,0,0
1604111391101,9,1010123456020,78,,1,0,4,1,0,,8.72101,276,182953,0.256384,108,0,6,,0,0,0,0,0,0,0,0,0,,-250,444,,0,0,0,0
1604111391351,9,1010123456020,78,,1,0,8,1,0,,12.1423,260,183655,0.453888,104,0,6.83333,,0,4,0,0.1,2,50,0,0,31,,-250,464,,0,0,0,0
1604111391601,9,1010123456020,78,,1,0,8,1,0,,8.1891,312,184419,0.554784,124,0,4.6,,0,0,0,0,0,0,0,0,0,,-250,958,,0,0,0,0
1604111391851,9,1010123456020,78,,1,0,8,1,0,,16.6471,340,163378,1.60592,135,0,9.14286,,0.1,90,0,0.1,36,55.5556,0,1.63115,31,,-250,1052,,0,0,0,6.4
1604111392101,9,1010123456020,78,,1,0,8,1,0,,12.7358,352,162799,0.998112,139,0,8.5,,0,0,0,0,0,0,0,0,0,,-250,1038,,0,0,0,0
1604111392351,9,1010123456020,78,,1,0,8,1,0,,8.13982,329,174842,0.603264,132,0,5.83333,,0,0,0,0,0,0,0,0,0,,-250,992,,0,0,0,0
1604111392601,9,1010123456020,78,,1,0,8,1,0,,15.5015,343,164967,1.28278,138,0,8.83333,,0.1,83,0,0.1,34,38.2353,0,2.34479,31,,-250,1062,,0,0,0,4.3012
1604111392851,9,1010123456020,78,,1,0,8,1,0,,14.4645,338,157915,1.22781,140,0,7.85714,,0,0,0,0,0,0,0,0,0,,-250,1010,,0,0,0,0
1604111393101,9,1010123456020,78,,1,0,8,1,0,,7.60586,307,169378,0.532672,123,0,8,,0,0,0,0,0,0,0,0,0,,-250,978,,0,0,0,0
1604111393351,9,1010123456020,78,,1,0,8,1,0,,11.3935,310,174943,0.830912,125,0,6,,0.1,6,0,0.1,2,50,0,0.748317,31,,-250,900,,0,0,0,5.5
1604111393601,9,1010123456020,78,,1,0,8,1,0,,6.10435,345,184025,0.415328,138,0,5,,0,0,0,0,0,0,0,0,0,,-250,1044,,0,0,0,0
1604111393851,9,1010123456020,78,,1,0,8,1,0,,7.43692,325,184201,0.520736,131,0,5.14286,,0.1,82,0,0.1,34,50,0,2.08758,31,,-250,1008,,0,0,0,5.5
1604111394101,9,1010123456020,78,,1,0,8,1,0,,14.6803,319,173219,1.06125,124,0,9.33333,,0,0,0,0,0,0,0,0,0,,-250,992,,0,0,0,0
1604111394351,9,1010123456020,78,,1,0,8,1,0,,8.35693,325,182235,0.828768,137,0,4.5,,0,0,0,0,0,0,0,0,0,,-250,1026,,0,0,0,0
1604111394601,9,1010123456020,78,,1,0,8,1,0,,8.6699,309,180351,0.61984,122,0,6.5,,0.1,11,0,0.1,5,80,0,0.834927,31,,-250,932,,0,0,0,7.54545
1604111394851,9,1010123456020,78,,1,0,8,1,0,,18.2388,335,160306,1.62198,135,0,9.57143,,0,0,0,0,0,0,0,0,0,,-250,982,,0,0,0,0
1604111395101,9,1010123456020,78,,1,0,8,1,0,,10.0687,335,163293,0.8856,134,0,6.4,,0.1,82,0,0.1,32,43.75,0,1.80289,31,,-250,1066,,0,0,0,4.84146
1604111395351,9,1010123456020,78,,1,0,8,1,0,,8.33788,293,176273,0.573408,124,0,5.2,,0,0,0,0,0,0,0,0,0,,-250,996,,0,0,0,0
1604111395601,9,1010123456020,78,,1,0,8,1,0,,11.4148,270,178650,0.584512,103,0,7.8,,0,6,0,0.1,3,66.6667,0,0,31,,-250,818,,0,0,0,0
1604111395851,9,1010123456020,78,,1,0,8,1,0,,8.81931,321,181956,0.69248,128,0,6.5,,0.26087,92,0,0.1,40,72.5,0,1.22784,31,,-250,994,,0,0,0,7.19565
1604111396101,9,1010123456020,78,,1,0,8,1,0,,12.6712,368,174752,1.17475,152,0,7.25,,0.1,20,0,0.1,8,12.5,0,2.03539,31,,-250,1102,,0,0,0,2.05
1604111396351,9,1010123456020,78,,1,0,8,1,0,,18.6234,316,155736,1.57786,128,0,8.4,,0.1,3,0,0.1,1,0,0,1.44733,31,,-250,954,,0,0,0,2
1604111396601,9,1010123456020,78,,1,0,8,1,0,,8.1983,353,166679,0.563392,137,0,6,,0.1,127,0,0.1,50,82,0,0.712034,31,,-250,1102,,0,0,0,8.37008
1604111396851,9,1010123456020,78,,1,0,8,1,0,,11.52,400,164718,1.08755,162,0,7,,0.1,5,0,0.1,2,50,0,1.89238,0,,-250,1242,,0,0,0,4.6
1604111397101,9,1010123456020,78,,1,0,8,1,0,,8.23796,353,174145,0.682528,144,0,5.4,,0,0,0,0,0,0,0,0,0,,-250,1116,,0,0,0,0
1604111397351,9,1010123456020,78,,1,0,8,1,0,,16.4654,318,161987,1.39059,128,0,9.16667,,0.1,3,0,0.1,1,0,0,0.927324,31,,-250,946,,0,0,0,2
1604111397601,9,1010123456020,78,,1,0,8,1,0,,8.72544,397,170593,0.700448,152,0,6.75,,0,0,0,0,0,0,0,0,0,,-250,1146,,0,0,0,0
1604111397851,9,1010123456020,78,,1,0,8,1,0,,12.9917,363,173281,0.842688,150,0,8,,0.1,132,0,0.1,50,80,0,0.501521,31,,-250,984,,0,0,0,8.25
1604111398101,9,1010123456020,78,,1,0,8,1,0,,14.9161,441,156979,1.55578,176,0,8,,0,0,0,0,0,0,0,0,0,,-250,1224,,0,0,0,0
1604111398351,9,1010123456020,78,,1,0,8,1,0,,11.0839,465,155993,1.02205,185,0,7.2,,0,0,0,0,0,0,0,0,0,,-250,1330,,0,0,0,0
1604111398601,9,1010123456020,78,,1,0,8,1,0,,11.6066,361,161636,0.827648,151,0,6.66667,,0.1,189,0,0.1,74,85.1351,0,0.609045,31,,-250,1024,,0,0,0,8.85714
1604111398851,9,1010123456020,78,,1,0,8,1,0,,8.58146,356,171714,0.622304,141,0,6.2,,0,0,0,0,0,0,0,0,0,,-250,1086,,0,0,0,0
1604111399101,9,1010123456020,78,,1,0,8,1,0,,11.0518,367,172355,0.987744,147,0,6.33333,,0,0,0,0,0,0,0,0,0,,-250,1154,,0,0,0,0
1604111399351,9,1010123456020,78,,1,0,8,1,0,,9.65099,404,180356,0.646336,160,0,6.4,,0.1,12,0,0,4,100,0,0.1,0,,-250,1066,,0,0,0,10
1604111399601,9,1010123456020,78,,1,0,8,1,0,,19.7979,381,169650,1.34035,152,0,10.8,,0,0,0,0,0,0,0,0,0,,-250,824,,0,0,0,0
1604111399851,9,1010123456020,78,,1,0,8,1,0,,12.4635,384,170807,0.981248,155,0,5.6,,0.1,115,0,0.1,49,73.4694,0,0.850058,31,,-250,1058,,0,0,0,7.93043
1604111400101,9,1010123456020,78,,1,0,8,1,0,,9.15815,411,176645,0.793408,167,0,6.5,,0,0,0,0,0,0,0,0,0,,-250,1250,,0,0,0,0
1604111400351,9,1010123456020,78,,1,0,8,1,0,,12.4387,351,179622,0.843008,143,0,7.25,,0,0,0,0,0,0,0,0,0,,-250,932,,0,0,0,0
1604111400601,9,1010123456020,78,,1,0,8,1,0,,17.4824,369,163143,1.4865,144,0,9.5,,0,4,0,0.1,2,50,0,0,31,,-250,1044,,0,0,0,0
1604111400851,9,1010123456020,78,,1,0,8,1,0,,14.3014,345,151391,1.3895,139,0,6.25,,0.1,85,0,0.1,35,45.7143,0,1.31837,31,,-250,982,,0,0,0,5.56471
1604111401101,9,1010123456020,78,,1,0,8,1,0,,8.20958,334,164534,0.558016,134,0,5.2,,0,0,0,0,0,0,0,0,0,,-250,1014,,0,0,0,0
1604111401351,9,1010123456020,78,,1,0,8,1,0,,14.4613,349,164391,0.946432,139,0,8,,0.1,6,0,0.1,2,50,0,1.34814,31,,-250,950,,0,0,0,5.5
1604111401601,9,1010123456020,78,,1,0,8,1,0,,7.44327,379,177641,0.604704,156,0,4.5,,0,0,0,0,0,0,0,0,0,,-250,1096,,0,0,0,0
1604111401851,9,1010123456020,78,,1,0,8,1,0,,17.8914,350,156565,1.63382,142,0,9.5,,0.1,95,0,0.1,39,56.4103,0,1.34183,31,,-250,1036,,0,0,0,6.18947
1604111402101,9,1010123456020,78,,1,0,8,1,0,,11.0142,353,159402,0.8576,138,0,7,,0,0,0,0,0,0,0,0,0,,-250,1084,,0,0,0,0
1604111402351,9,1010123456020,78,,1,0,8,1,0,,14.8652,371,153842,1.13606,155,0,8.5,,0,6,0,0,3,100,0,0,0,,-250,1084,,0,0,0,0
1604111402601,9,1010123456020,78,,1,0,8,1,0,,10.7792,308,167215,0.559168,123,0,6.4,,0,2,0,0,1,100,0,0,0,,-250,784,,0,0,0,0
1604111402851,9,1010123456020,78,,1,0,8,1,0,,9.84416,308,180867,0.547552,125,0,7,,0.1,37,778,0.1,16,81.25,0,0.800067,31,,-250,850,,0,0,0,8.45946
1604111403101,9,1010123456020,78,,1,0,8,1,0,,15.823,305,179020,1.02502,126,0,8.5,,0.1,339,0,0.1,138,96.3768,0,0.389315,0,,-250,820,,0,0,0,9.69026
1604111403351,9,1010123456020,78,,1,0,8,1,0,,11.1815,281,183842,0.593824,116,0,7.5,,0.1,9,0,0,3,100,0,0.663821,0,,-250,804,,0,0,0,10
1604111403601,9,1010123456020,78,,1,0,8,1,0,,11.676,321,182961,0.715872,126,0,7,,0,10,0,0,5,100,0,0,0,,-250,892,,0,0,0,0
1604111403851,9,1010123456020,78,,1,0,8,1,0,,15.9407,354,169070,1.29238,141,0,8.33333,,0,0,0,0,0,0,0,0,0,,-250,1060,,0,0,0,0
1604111404101,9,1010123456020,78,,1,0,8,1,0,,10.1804,327,179206,0.662784,131,0,6.5,,0.1,12,0,0,4,100,0,0.122166,0,,-250,990,,0,0,0,10
1604111404351,9,1010123456020,78,,1,0,8,1,0,,9.53082,292,183508,0.48512,123,0,7.33333,,0,0,0,0,0,0,0,0,0,,-250,770,,0,0,0,0
1604111404601,9,1010123456020,78,,1,0,8,1,0,,12.5556,333,182375,0.90416,129,0,8.16667,,0,16,0,0,8,100,0,0,0,,-250,964,,0,0,0,0
1604111404851,9,1010123456020,78,,1,0,8,1,0,,13.3352,349,178978,1.04864,140,0,7.4,,0,0,0,0,0,0,0,0,0,,-250,1044,,0,0,0,0
1604111405101,9,1010123456020,78,,1,0,8,1,0,,8.64486,321,183995,0.516352,133,0,6.2,,0.1,158,0,0.1,66,65.1515,0,0.908243,31,,-250,882,,0,0,0,7.15823
1604111405351,9,1010123456020,78,,1,0,8,1,0,,12.6037,328,183536,0.868064,130,0,7,,0,0,0,0,0,0,0,0,0,,-250,934,,0,0,0,0
1604111405601,9,1010123456020,78,,1,0,8,1,0,,7.75073,341,183740,0.515264,141,0,6,,0,16,0,0,8,100,0,0,0,,-250,1002,,0,0,0,0
1604111405851,9,1010123456020,78,,1,0,8,1,0,,17.7516,322,168975,1.40634,130,0,9.33333,,0,0,0,0,0,0,0,0,0,,-250,930,,0,0,0,0
1604111406101,9,1010123456020,78,,1,0,8,1,0,,8.3366,306,182832,0.52064,120,0,6,,0.1,12,0,0,4,100,0,0.190831,0,,-250,958,,0,0,0,10
1604111406351,9,1010123456020,78,,1,0,8,1,0,,9.73156,339,183210,0.70864,139,0,5.75,,0,0,0,0,0,0,0,0,0,,-250,1024,,0,0,0,0
1604111406601,9,1010123456020,78,,1,0,8,1,0,,5.95173,290,183850,0.370688,118,0,4.5,,0.1,12,0,0,4,100,0,0.1,0,,-250,920,,0,0,0,10
1604111406851,9,1010123456020,78,,1,0,8,1,0,,15.2078,361,162174,1.67283,140,0,7,,0.1,12,0,0,4,100,0,1.01938,0,,-250,1084,,0,0,0,10
1604111407101,9,1010123456020,78,,1,0,8,1,0,,7.21598,338,178449,0.451904,134,0,5.66667,,0,0,0,0,0,0,0,0,0,,-250,966,,0,0,0,0
1604111407351,9,1010123456020,78,,1,0,8,1,0,,15.8378,376,167410,1.34006,153,0,8.25,,0.1,12,0,0,4,100,0,0.320614,0,,-250,1118,,0,0,0,10
1604111407601,9,1010123456020,78,,1,0,8,1,0,,6.98137,322,183796,0.421952,129,0,4.5,,0,0,0,0,0,0,0,0,0,,-250,884,,0,0,0,0
1604111407851,9,1010123456020,78,,1,0,8,1,0,,15.9412,323,180527,0.834304,128,0,10.25,,0.1,12,0,0,4,100,0,0.2701,0,,-250,758,,0,0,0,10
1604111408101,9,1010123456020,78,,1,0,8,1,0,,17.8412,359,160521,1.60214,145,0,7.5,,0.1,12,0,0,4,100,0,0.169143,0,,-250,1074,,0,0,0,10
1604111408351,9,1010123456020,78,,1,0,8,1,0,,12.9761,335,163872,0.871328,134,0,7.5,,0,6,0,0,3,100,0,0,0,,-250,952,,0,0,0,0
1604111408601,9,1010123456020,78,,1,0,8,1,0,,13.6089,358,160245,1.08704,138,0,7.8,,0.1,14,0,0,5,100,0,0.543465,0,,-250,1044,,0,0,0,10
1604111408851,9,1010123456020,78,,1,0,8,1,0,,12.7994,309,164148,0.872416,129,0,6.33333,,0,0,0,0,0,0,0,0,0,,-250,856,,0,0,0,0
1604111409101,9,1010123456020,78,,1,0,8,1,0,,12.3324,352,160029,1.04387,138,0,7.66667,,0.1,12,0,0,4,100,0,0.112705,0,,-250,1080,,0,0,0,10
1604111409351,9,1010123456020,78,,1,0,8,1,0,,10.5596,327,162934,0.945408,135,0,6.16667,,0.1,10,0,0,4,100,0,0.1,0,,-250,992,,0,0,0,10
1604111409601,9,1010123456020,78,,1,0,8,1,0,,10.4934,302,171222,0.72256,125,0,6,,0,8,0,0,4,100,0,0,0,,-250,932,,0,0,0,0
1604111409851,9,1010123456020,78,,1,0,8,1,0,,12.6565,361,168506,1.03853,146,0,7.25,,0,0,0,0,0,0,0,0,0,,-250,1106,,0,0,0,0
1604111410101,9,1010123456020,78,,1,0,8,1,0,,12.9745,353,166677,1.08272,142,0,7.5,,0,2,0,0,1,100,0,0,0,,-250,1018,,0,0,0,0
1604111410351,9,1010123456020,78,,1,0,8,1,0,,15.8657,350,155552,1.28947,136,0,10,,0.381743,482,2866,0.1,194,97.9381,0,0.39343,31,,-251,1002,,0,0,0,9.85477
1604111410601,9,1010123456020,78,,1,0,8,1,0,,16.1254,343,141187,1.37805,136,0,8,,0.1,109,0,0.1,45,91.1111,0,0.692264,0,,-249,1012,,0,0,0,9.33945
1604111410851,9,1010123456020,78,,1,0,8,1,0,,19.2271,339,124665,1.56259,138,0,9.5,,0,0,0,0,0,0,0,0,0,,-250,922,,0,0,0,0
1604111411101,9,1010123456020,78,,1,0,8,1,0,,14.8771,358,111782,1.41021,147,0,6.66667,,0.1,179,477,0.1,71,97.1831,0,0.462917,31,,-250,1062,,0,0,0,9.88827
1604111411351,9,1010123456020,78,,1,0,8,1,0,,9.80299,335,122364,0.635712,136,0,6.6,,0.1,116,0,0.1,43,88.3721,0,0.59853,31,,-250,1000,,0,0,0,9.39655
1604111411601,9,1010123456020,78,,1,0,8,1,0,,8.0912,307,137742,0.48624,120,0,5,,0,8,0,0,4,100,0,0,0,,-250,932,,0,0,0,0
1604111411851,9,1010123456020,78,,1,0,8,1,0,,14.7775,355,131204,1.19408,148,0,8.33333,,0,0,0,0,0,0,0,0,0,,-250,1030,,0,0,0,0
1604111412101,9,1010123456020,78,,1,0,8,1,0,,10.9771,350,136313,0.789088,138,0,6.66667,,0.1,10,0,0,4,100,0,0.158889,0,,-250,1030,,0,0,0,10
1604111412351,9,1010123456020,78,,1,0,8,1,0,,12.9914,350,135336,1.0223,141,0,6.6,,0.1,110,635,0.1,45,93.3333,0,0.307832,31,,-250,1020,,0,0,0,9.64546
1604111412601,9,1010123456020,78,,1,0,8,1,0,,16.4507,375,115718,1.64294,151,0,7.66667,,0.1,93,0,0.1,37,97.2973,0,0.472997,0,,-250,1092,,0,0,0,9.89247
1604111412851,9,1010123456020,78,,1,0,8,1,0,,11.006,333,123545,0.733408,134,0,5,,0,0,0,0,0,0,0,0,0,,-250,932,,0,0,0,0
1604111413101,9,1010123456020,78,,1,0,8,1,0,,8.42196,346,137713,0.524288,139,0,6,,0,8,0,0,4,100,0,0,0,,-250,960,,0,0,0,0
1604111413351,9,1010123456020,78,,1,0,8,1,0,,6.94636,261,157737,0.342464,103,0,5,,0,8,0,0,4,100,0,0,0,,-250,752,,0,0,0,0
1604111413601,9,1010123456020,78,,1,0,8,1,0,,9.70833,312,170139,0.545248,123,0,7.33333,,0,0,0,0,0,0,0,0,0,,-250,868,,0,0,0,0
1604111413851,9,1010123456020,78,,1,0,8,1,0,,10.7539,386,171793,0.962464,154,0,5.75,,0.1,12,0,0,4,100,0,0.493504,0,,-250,1126,,0,0,0,10
1604111414101,9,1010123456020,78,,1,0,8,1,0,,9.43526,363,179656,0.68304,142,0,7.25,,0,0,0,0,0,0,0,0,0,,-250,1046,,0,0,0,0
1604111414351,9,1010123456020,78,,1,0,8,1,0,,10.454,326,183163,0.7672,131,0,5.83333,,0.1,12,0,0,4,100,0,0.1,0,,-250,990,,0,0,0,10
1604111414601,9,1010123456020,78,,1,0,8,1,0,,8.79023,348,178348,0.611072,143,0,6.2,,0,8,0,0,4,100,0,0,0,,-250,1006,,0,0,0,0
1604111414851,9,1010123456020,78,,1,0,8,1,0,,17.0592,338,171918,1.21245,137,0,9.6,,0,8,0,0,4,100,0,0,0,,-250,912,,0,0,0,0
1604111415101,9,1010123456020,78,,1,0,8,1,0,,13.1073,317,175010,0.811872,124,0,8,,0,0,0,0,0,0,0,0,0,,-250,898,,0,0,0,0
1604111415351,9,1010123456020,78,,1,0,8,1,0,,9.63415,328,181161,0.741664,134,0,6,,0.1,12,0,0,4,100,0,0.1,0,,-250,978,,0,0,0,10
1604111415601,9,1010123456020,78,,1,0,8,1,0,,16.0191,366,165928,1.48768,147,0,9.25,,0,8,0,0,4,100,0,0,0,,-250,1076,,0,0,0,0
1604111415851,9,1010123456020,78,,1,0,8,1,0,,14.5879,398,158583,1.23744,161,0,8.25,,0,0,0,0,0,0,0,0,0,,-250,1112,,0,0,0,0
1604111416101,9,1010123456020,78,,1,0,8,1,0,,13.8011,367,152301,1.17245,148,0,8.33333,,0,8,0,0,4,100,0,0,0,,-250,1112,,0,0,0,0
1604111416351,9,1010123456020,78,,1,0,8,1,0,,16.7913,345,139173,1.40515,139,0,7.25,,0,0,0,0,0,0,0,0,0,,-250,934,,0,0,0,0
1604111416601,9,1010123456020,78,,1,0,8,1,0,,12.0188,373,138704,0.989216,156,0,7,,0,8,0,0,4,100,0,0,0,,-250,1164,,0,0,0,0
1604111416851,9,1010123456020,78,,1,0,8,1,0,,11.0274,328,143129,0.81248,135,0,6.83333,,0,8,0,0,4,100,0,0,0,,-251,954,,0,0,0,0
1604111417101,9,1010123456020,78,,1,0,8,1,0,,8.00292,342,157189,0.535712,136,0,6.66667,,0,0,0,0,0,0,0,0,0,,-250,988,,0,0,0,0
1604111417351,9,1010123456020,78,,1,0,8,1,0,,7.24242,330,170968,0.542016,130,0,6,,0.1,12,0,0,4,100,0,0.1,0,,-249,990,,0,0,0,10
1604111417601,9,1010123456020,78,,1,0,8,1,0,,11.2219,311,181742,0.637344,129,0,6,,0,16,0,0,8,100,0,0,0,,-250,900,,0,0,0,0
1604111417851,9,1010123456020,78,,1,0,8,1,0,,18.0694,317,166515,1.35728,122,0,9.4,,0,0,0,0,0,0,0,0,0,,-250,888,,0,0,0,0
1604111418101,9,1010123456020,78,,1,0,8,1,0,,10.6284,366,170708,0.857056,146,0,7.5,,0.1,9,0,0,4,100,0,0.1,0,,-250,1056,,0,0,0,10
1604111418351,9,1010123456020,78,,1,0,8,1,0,,12.1957,327,179318,0.692832,132,0,8,,0.1,9,0,0,3,100,0,0.534855,0,,-250,794,,0,0,0,10
1604111418601,9,1010123456020,78,,1,0,8,1,0,,7.37801,291,183746,0.44896,116,0,4.75,,0.1,3,0,0,1,100,0,0.1,0,,-250,848,,0,0,0,10
1604111418851,9,1010123456020,78,,1,0,8,1,0,,11.8645,310,177783,0.851552,122,0,6.57143,,0.1,12,0,0,4,100,0,0.274048,0,,-250,906,,0,0,0,10
1604111419101,9,1010123456020,78,,1,0,8,1,0,,3.84699,366,184508,0.357184,149,0,5,,0,8,0,0,4,100,0,0,0,,-250,1146,,0,0,0,0
1604111419351,9,1010123456020,78,,1,0,8,1,0,,5.81789,313,183357,0.409984,124,0,5.66667,,0.1,9,0,0,3,100,0,0.672181,0,,-250,992,,0,0,0,10
1604111419601,9,1010123456020,78,,1,0,8,1,0,,12.9805,308,184288,0.91568,125,0,7.25,,0.1,3,0,0,1,100,0,0.176026,0,,-250,872,,0,0,0,10
1604111419851,9,1010123456020,78,,1,0,8,1,0,,14.7995,369,177569,1.10022,150,0,9,,0,0,0,0,0,0,0,0,0,,-250,1034,,0,0,0,0
1604111420101,9,1010123456020,78,,1,0,8,1,0,,21.9713,349,136127,2.31594,137,0,9.25,,0,8,0,0,4,100,0,0,0,,-250,1072,,0,0,0,0
1604111420351,9,1010123456020,78,,1,0,8,1,0,,11.2197,314,147307,0.672672,134,0,6.25,,0.1,12,0,0,4,100,0,0.767101,0,,-250,820,,0,0,0,10
1604111420601,9,1010123456020,78,,1,0,8,1,0,,22.6416,332,102606,2.32416,135,0,11,,0,0,0,0,0,0,0,0,0,,-250,1036,,0,0,0,0
1604111420851,9,1010123456020,78,,1,0,8,1,0,,12.2265,362,106567,0.930944,145,0,7.16667,,0,8,0,0,4,100,0,0,0,,-250,970,,0,0,0,0
1604111421101,9,1010123456020,78,,1,0,8,1,0,,12.4316,373,105896,0.999232,150,0,6.75,,0.1,174,4275,0.1,67,98.5075,0,0.553025,31,,-250,1120,,0,0,0,9.93103
1604111421351,9,1010123456020,78,,1,0,8,1,0,,6.16875,320,123993,0.396768,129,0,4,,0.1,505,2364,0.1,209,98.5646,0,0.444339,0,,-250,982,,0,0,0,9.89109
1604111421601,9,1010123456020,78,,1,0,8,1,0,,11.4745,333,124797,0.9768,139,0,7.16667,,0.123188,552,2887,0.1,220,99.0909,0,0.404704,31,,-250,988,,0,0,0,9.95652
1604111421851,9,1010123456020,78,,1,0,8,1,0,,14.2941,391,118143,1.20653,157,0,7,,0.651163,86,0,0.1,35,97.1429,0,0.63757,0,,-250,1148,,0,0,0,9.83721
1604111422101,9,1010123456020,78,,1,0,8,1,0,,7.52973,370,134167,0.467744,150,0,5.33333,,0,0,0,0,0,0,0,0,0,,-250,978,,0,0,0,0
1604111422351,9,1010123456020,78,,1,0,8,1,0,,13.0748,361,132386,0.989312,141,0,8.4,,0.1,12,0,0,4,100,0,0.598309,0,,-250,1102,,0,0,0,10
1604111422601,9,1010123456020,78,,1,0,8,1,0,,8.825,360,146193,0.570624,143,0,6.2,,0,0,0,0,0,0,0,0,0,,-250,984,,0,0,0,0
1604111422851,9,1010123456020,78,,1,0,8,1,0,,15.8804,368,135497,1.28726,146,0,8.6,,0.1,12,0,0,4,100,0,0.306068,0,,-250,1060,,0,0,0,10
1604111423101,9,1010123456020,78,,1,0,8,1,0,,11.6954,348,140824,0.819264,138,0,5.66667,,0,0,0,0,0,0,0,0,0,,-250,990,,0,0,0,0
1604111423351,9,1010123456020,78,,1,0,8,1,0,,7.51282,351,153575,0.573184,145,0,6.5,,0,8,0,0,4,100,0,0,0,,-250,1110,,0,0,0,0
1604111423601,9,1010123456020,78,,1,0,8,1,0,,14.5053,376,147110,1.1865,151,0,8.2,,0,8,0,0,4,100,0,0,0,,-251,1098,,0,0,0,0
1604111423851,9,1010123456020,78,,1,0,8,1,0,,12.2599,327,150259,0.858016,132,0,7.2,,0.1,9,0,0,4,100,0,0.1,0,,-249,996,,0,0,0,10
1604111424101,9,1010123456020,78,,1,0,8,1,0,,17.8864,352,132443,1.57414,146,0,9.75,,0.1,12,0,0,4,100,0,0.407021,0,,-250,1104,,0,0,0,10
1604111424351,9,1010123456020,78,,1,0,8,1,0,,20.513,345,108039,1.69478,132,0,9,,0,0,0,0,0,0,0,0,0,,-250,1018,,0,0,0,0
1604111424601,9,1010123456020,78,,1,0,8,1,0,,12.8278,360,107137,1.10816,148,0,6.4,,0.1,112,908,0.1,44,86.3636,0,0.649735,0,,-250,1052,,0,0,0,9.32143
1604111424851,9,1010123456020,78,,1,0,8,1,0,,10.4131,305,117794,0.596672,118,0,6.66667,,0.1,232,0,0.1,98,95.9184,0,0.399708,0,,-250,890,,0,0,0,9.63362
1604111425101,9,1010123456020,78,,1,0,8,1,0,,14.9583,312,119069,0.963936,125,0,0.1,,0,0,0,0,0,0,0,0,0,,-250,844,,0,0,0,0
1604111425351,9,1010123456020,78,,1,0,8,1,0,,18.4335,376,104149,1.38928,153,0,10.25,,0,6,0,0.1,3,66.6667,0,0,31,,-250,990,,0,0,0,0
1604111425601,9,1010123456020,78,,1,0,8,1,0,,15.6863,408,90971,1.44816,161,0,8,,0,0,0,0,0,0,0,0,0,,-250,1158,,0,0,0,0
1604111425851,9,1010123456020,78,,1,0,8,1,0,,14.9538,346,86077,1.14608,139,0,6.71429,,0.1,185,0,0.1,77,88.3117,0,0.602577,31,,-250,926,,0,0,0,9.21081
1604111426101,9,1010123456020,78,,1,0,8,1,0,,2.89619,289,110476,0.166112,116,0,5,,0,0,0,0,0,0,0,0,0,,-250,910,,0,0,0,0
1604111426351,9,1010123456020,78,,1,0,8,1,0,,8.83139,344,124817,0.539136,140,0,6.5,,0,0,0,0,0,0,0,0,0,,-250,912,,0,0,0,0
1604111426601,9,1010123456020,78,,1,0,8,1,0,,8.33235,340,138229,0.56656,138,0,5.5,,0.1,114,32,0.1,49,85.7143,0,0.707203,31,,-250,1016,,0,0,0,9.18421
1604111426851,9,1010123456020,78,,1,0,8,1,0,,8.53186,361,151932,0.543072,143,0,6.2,,0.1,50,0,0.1,20,90,0,0.570547,0,,-250,982,,0,0,0,9.22
1604111427101,9,1010123456020,78,,1,0,8,1,0,,5.36826,334,172645,0.310272,129,0,4.5,,0,0,0,0,0,0,0,0,0,,-250,936,,0,0,0,0
1604111427351,9,1010123456020,78,,1,0,8,1,0,,5.73193,332,183635,0.353856,136,0,0.1,,0,0,0,0,0,0,0,0,0,,-250,962,,0,0,0,0
1604111427601,9,1010123456020,78,,1,0,8,1,0,,12.9601,326,183746,0.836256,133,0,8.2,,0,0,0,0,0,0,0,0,0,,-250,906,,0,0,0,0
1604111427851,9,1010123456020,78,,1,0,8,1,0,,8.8105,343,183215,0.524576,134,0,6.25,,0.1,12,0,0,4,100,0,0.526926,0,,-250,960,,0,0,0,10
1604111428101,9,1010123456020,78,,1,0,8,1,0,,9.23782,349,184074,0.607008,145,0,7.66667,,0,0,0,0,0,0,0,0,0,,-250,970,,0,0,0,0
1604111428351,9,1010123456020,78,,1,0,8,1,0,,8.83947,299,184646,0.514336,123,0,5.75,,0.1,12,0,0,4,100,0,0.28552,0,,-250,874,,0,0,0,10
1604111428601,9,1010123456020,78,,1,0,8,1,0,,9.21084,332,182689,0.505216,129,0,6.75,,0.1,12,0,0,4,100,0,0.1,0,,-250,886,,0,0,0,10
1604111428851,9,1010123456020,78,,1,0,8,1,0,,19.0331,332,164528,1.59523,139,0,9,,0.1,230,0,0.1,92,92.3913,0,0.35195,31,,-250,948,,0,0,0,9.42609
1604111429101,9,1010123456020,78,,1,0,8,1,0,,8.72654,373,175651,0.615552,146,0,6,,0.1,3,0,0,1,100,0,0.1,0,,-250,1098,,0,0,0,10
1604111429351,9,1010123456020,78,,1,0,8,1,0,,12.5504,367,174257,1.0313,147,0,7.5,,0,8,0,0,4,100,0,0,0,,-250,1116,,0,0,0,0
1604111429601,9,1010123456020,78,,1,0,8,1,0,,7.63918,291,182279,0.429504,120,0,4.83333,,0,8,0,0,4,100,0,0,0,,-250,892,,0,0,0,0
1604111429851,9,1010123456020,78,,1,0,8,1,0,,16.9642,307,179795,1.04499,126,0,9.5,,0,0,0,0,0,0,0,0,0,,-250,784,,0,0,0,0
1604111430101,9,1010123456020,78,,1,0,8,1,0,,12.9709,309,181974,0.854816,125,0,7.33333,,0,0,0,0,0,0,0,0,0,,-250,952,,0,0,0,0
1604111430351,9,1010123456020,78,,1,0,8,1,0,,10.9258,310,174973,0.942624,125,0,6.4,,0.1,161,0,0.1,67,92.5373,0,0.450053,31,,-251,926,,0,0,0,9.31056
1604111430601,9,1010123456020,78,,1,0,8,1,0,,14.1273,330,174582,0.972256,132,0,9,,0.1,24,0,0,8,100,0,0.1,0,,-249,954,,0,0,0,10
1604111430851,9,1010123456020,78,,1,0,8,1,0,,14.9678,342,165945,1.27987,141,0,9,,0,0,0,0,0,0,0,0,0,,-250,1010,,0,0,0,0
1604111431101,9,1010123456020,78,,1,0,8,1,0,,14.5503,338,158905,1.19264,137,0,7.75,,0,4,0,0,2,100,0,0,0,,-250,1052,,0,0,0,0
1604111431351,9,1010123456020,78,,1,0,8,1,0,,13.4368,364,157465,1.04944,148,0,7,,0,4,0,0,2,100,0,0,0,,-251,1012,,0,0,0,0
1604111431601,9,1010123456020,78,,1,0,8,1,0,,13.4558,351,146875,1.28,142,0,6.8,,0.1,184,1301,0.1,76,96.0526,0,0.399917,31,,-249,1042,,0,0,0,9.80435
1604111431851,9,1010123456020,78,,1,0,8,1,0,,13.513,347,145111,1.02582,137,0,8.66667,,0.1,224,0,0.1,87,98.8506,0,0.254759,0,,-250,930,,0,0,0,9.87946
1604111432101,9,1010123456020,78,,1,0,8,1,0,,16.0137,365,139767,1.1089,147,0,8.66667,,0.1,11,0,0,4,100,0,0.434204,0,,-250,986,,0,0,0,10
1604111432351,9,1010123456020,78,,1,0,8,1,0,,7.05517,290,156945,0.48784,120,0,3,,0,6,0,0,3,100,0,0,0,,-250,880,,0,0,0,0
1604111432601,9,1010123456020,78,,1,0,8,1,0,,8.58333,360,169685,0.566048,143,0,6,,0,2,0,0,1,100,0,0,0,,-250,1016,,0,0,0,0
1604111432851,9,1010123456020,78,,1,0,8,1,0,,13.1131,327,173339,0.788992,128,0,10.25,,0,0,0,0,0,0,0,0,0,,-250,878,,0,0,0,0
1604111433101,9,1010123456020,78,,1,0,8,1,0,,13.9375,320,172876,1.08819,136,0,8,,0.1,224,0,0.1,88,97.7273,0,0.287976,31,,-250,928,,0,0,0,9.83929
1604111433351,9,1010123456020,78,,1,0,8,1,0,,12.2367,300,180373,0.73664,120,0,8.4,,0,7,0,0,4,100,0,0,0,,-250,748,,0,0,0,0
1604111433601,9,1010123456020,78,,1,0,8,1,0,,10.9395,314,183367,0.683424,122,0,7.6,,0,0,0,0,0,0,0,0,0,,-250,848,,0,0,0,0
1604111433851,9,1010123456020,78,,1,0,8,1,0,,14.1589,365,173062,1.17942,143,0,8.66667,,0.1,186,0,0.1,74,85.1351,0,0.559004,31,,-250,1116,,0,0,0,9.13978
1604111434101,9,1010123456020,78,,1,0,8,1,0,,18.039,359,149700,1.73347,147,0,9.83333,,0,0,0,0,0,0,0,0,0,,-250,1110,,0,0,0,0
1604111434351,9,1010123456020,78,,1,0,8,1,0,,15.7672,335,145640,1.16294,134,0,8.25,,0,0,0,0,0,0,0,0,0,,-250,914,,0,0,0,0
1604111434601,9,1010123456020,78,,1,0,8,1,0,,9.7284,324,153834,0.673376,131,0,6.33333,,0.1,126,0,0.1,50,72,0,0.853519,31,,-250,936,,0,0,0,7.97619
1604111434851,9,1010123456020,78,,1,0,8,1,0,,17.211,327,148217,1.14166,131,0,9.16667,,0,0,0,0,0,0,0,0,0,,-250,852,,0,0,0,0
1604111435101,9,1010123456020,78,,1,0,8,1,0,,8.39788,377,157557,0.703136,153,0,5.2,,0,0,0,0,0,0,0,0,0,,-250,1168,,0,0,0,0
1604111435351,9,1010123456020,78,,1,0,8,1,0,,16.4105,324,146719,1.32851,129,0,9,,0.1,9,0,0,3,100,0,0.235504,0,,-250,972,,0,0,0,10
1604111435601,9,1010123456020,78,,1,0,8,1,0,,19.5,384,119427,1.76198,151,0,10.6667,,0.1,3,0,0.1,1,0,0,1.35324,31,,-250,1004,,0,0,0,4
1604111435851,9,1010123456020,78,,1,0,8,1,0,,11.9156,320,125608,0.885728,128,0,7,,0.1,160,0,0.1,66,92.4242,0,0.416284,31,,-250,874,,0,0,0,9.54375
1604111436101,9,1010123456020,78,,1,0,8,1,0,,13.7793,367,122138,1.09651,151,0,8.33333,,0,0,0,0,0,0,0,0,0,,-250,1006,,0,0,0,0
1604111436351,9,1010123456020,78,,1,0,8,1,0,,9.32534,292,136727,0.502688,119,0,6.33333,,0,0,0,0,0,0,0,0,0,,-250,860,,0,0,0,0
1604111436601,9,1010123456020,78,,1,0,8,1,0,,8.22,350,148621,0.576768,140,0,5.8,,0,0,0,0,0,0,0,0,0,,-250,976,,0,0,0,0
1604111436851,9,1010123456020,78,,1,0,8,1,0,,15.6344,320,143631,1.18797,130,0,7.85714,,0.1,22,0,0,8,100,0,0.532761,0,,-250,948,,0,0,0,10
1604111437101,9,1010123456020,78,,1,0,8,1,0,,12.303,330,146886,0.85072,136,0,8.66667,,0,0,0,0,0,0,0,0,0,,-250,974,,0,0,0,0
1604111437351,9,1010123456020,78,,1,0,8,1,0,,12.6676,340,149291,0.91968,135,0,7.66667,,0.354286,175,0,0.1,69,84.058,0,0.714134,31,,-250,920,,0,0,0,8.90857
1604111437601,9,1010123456020,78,,1,0,8,1,0,,6.08788,330,164238,0.442176,132,0,5.2,,0,0,0,0,0,0,0,0,0,,-250,1008,,0,0,0,0
1604111437851,9,1010123456020,78,,1,0,8,1,0,,9.32326,331,172777,0.681344,135,0,6.42857,,0.1,146,0,0.1,58,82.7586,0,0.662933,31,,-250,1020,,0,0,0,8.93836
1604111438101,9,1010123456020,78,,1,0,8,1,0,,11.1365,381,174425,0.972,153,0,6,,0,0,0,0,0,0,0,0,0,,-250,1074,,0,0,0,0
1604111438351,9,1010123456020,78,,1,0,8,1,0,,12.1711,339,179212,0.8184,135,0,7,,0,0,0,0,0,0,0,0,0,,-250,966,,0,0,0,0
1604111438601,9,1010123456020,78,,1,0,8,1,0,,16.6687,329,170627,1.23142,134,0,9.33333,,0.1,142,0,0.1,60,76.6667,0,0.653125,31,,-250,964,,0,0,0,8.14085
1604111438851,9,1010123456020,78,,1,0,8,1,0,,12.275,320,174704,0.90256,133,0,6.71429,,0,4,0,0.1,2,50,0,0,31,,-250,992,,0,0,0,0
1604111439101,9,1010123456020,78,,1,0,8,1,0,,17.9822,338,162674,1.37152,136,0,9,,0,0,0,0,0,0,0,0,0,,-250,910,,0,0,0,0
1604111439351,9,1010123456020,78,,1,0,8,1,0,,9.5016,313,173721,0.625344,122,0,6.6,,0,4,0,0.1,2,50,0,0,31,,-250,890,,0,0,0,0
1604111439601,9,1010123456020,78,,1,0,8,1,0,,9.0641,312,178339,0.636512,127,0,4.8,,0.1,149,0,0.1,61,68.8525,0,1.04196,31,,-250,954,,0,0,0,7.30873
1604111439851,9,1010123456020,78,,1,0,8,1,0,,6.00685,292,182678,0.426848,113,0,4.5,,0.1,3,0,0,1,100,0,1.02342,0,,-250,920,,0,0,0,10
1604111440101,9,1010123456020,78,,1,0,8,1,0,,17.0572,332,174234,1.3136,137,0,6.75,,0,0,0,0,0,0,0,0,0,,-250,960,,0,0,0,0
1604111440377,8,1010123456020,78,,1,0,8,1,0,,6.27778,18,180142,0.510435,147,0,6.5,,0,0,0,0,1,100,0,0,0,,-277,1064,,0,0,0,0
1604111440601,8,1010123456020,78,,1,0,8,1,0,,24.4961,385,122330,3.11526,138,0,14,,0,8,0,0,3,100,0,0,0,,-223,1052,,0,0,0,0
1604111440851,8,1010123456020,78,,1,0,8,1,0,,15.5039,387,98486,1.76454,159,0,4.5,,0,0,0,0,0,0,0,0,0,,-250,1160,,0,0,0,0
1604111441101,8,1010123456020,78,,1,0,8,1,0,,20.5736,387,64865,2.08586,153,0,9,,0.1,197,0,0.1,81,88.8889,0,0.297865,31,,-250,1122,,0,0,0,9.30964
1604111441351,8,1010123456020,78,,1,0,8,1,0,,14.3077,403,52992,1.32675,162,0,8.66667,,0.1,3,0,0.1,1,0,0,1.71057,31,,-250,1186,,0,0,0,1
1604111441601,8,1010123456020,78,,1,0,8,1,0,,21.8997,399,14081,2.24106,161,0,10.8,,0.1,12,0,0,4,100,0,0.1,0,,-250,1154,,0,0,0,10
1604111441851,8,1010123456020,78,,1,0,8,1,0,,15.9191,383,0,1.44512,152,0,10.1667,,0,0,0,0,0,0,0,0,0,,-157,1098,,0,0,0,0
1604111442101,8,1010123456020,78,,1,0,8,1,0,,12.655,313,3617,0.887968,123,0,8,,0,8,0,0,4,100,0,0,0,,-98,922,,0,0,0,0
1604111442351,8,1010123456020,78,,1,0,8,1,0,,12.9306,360,1810,1.03725,140,0,7.75,,0.1,12,0,0,4,100,0,0.439705,0,,-59,1018,,0,0,0,10
1604111442601,8,1010123456020,78,,1,0,8,1,0,,11.925,320,2886,0.96144,133,0,8.25,,0.1,101,0,0.1,42,88.0952,0,0.509232,31,,1,950,,0,0,0,9.17822
1604111442851,8,1010123456020,78,,1,0,8,1,0,,12.2266,353,8308,0.8072,140,0,7.66667,,0.1,167,0,0.1,66,95.4545,0,0.321683,31,,-131,966,,0,0,0,9.60479
1604111443101,8,1010123456020,78,,1,0,8,1,0,,11.7955,357,10320,0.909376,143,0,7,,0,0,0,0,0,0,0,0,0,,-250,1072,,0,0,0,0
1604111443351,8,1010123456020,78,,1,0,8,1,0,,11.2534,371,12250,0.896,152,0,8,,0,0,0,0,0,0,0,0,0,,-250,1046,,0,0,0,0
1604111443601,8,1010123456020,78,,1,0,8,1,0,,12.641,376,5698,1.15024,147,0,7.66667,,0.1,200,0,0.1,81,88.8889,0,0.429602,31,,-250,1120,,0,0,0,9.465
1604111443851,8,1010123456020,78,,1,0,8,1,0,,10.5284,405,7387,0.898176,159,0,6.66667,,0,6,0,0.1,3,66.6667,0,0,31,,-250,1214,,0,0,0,0
1604111444101,8,1010123456020,78,,1,0,8,1,0,,11.3391,345,10623,0.971712,147,0,5.16667,,0,0,0,0,0,0,0,0,0,,-250,1048,,0,0,0,0
1604111444351,8,1010123456020,78,,1,0,8,1,0,,9.21552,348,20192,0.65168,134,0,5.8,,0.1,9,0,0,4,100,0,0.469818,0,,-250,1066,,0,0,0,10
1604111444601,8,1010123456020,78,,1,0,8,1,0,,13.6824,403,13239,1.19162,166,0,8.4,,0,0,0,0,0,0,0,0,0,,-250,1196,,0,0,0,0
1604111444851,8,1010123456020,78,,1,0,8,1,0,,10.3561,396,18467,0.847424,157,0,5.83333,,0.1,111,0,0.1,44,65.9091,0,0.822338,31,,-250,1114,,0,0,0,7.47748
1604111445101,8,1010123456020,78,,1,0,8,1,0,,13.2071,396,6405,1.36861,158,0,6.2,,0,0,0,0,0,0,0,0,0,,-206,1222,,0,0,0,0
1604111445351,8,1010123456020,78,,1,0,8,1,0,,8.27811,338,18781,0.579616,137,0,5.8,,0,0,0,0,0,0,0,0,0,,-250,1042,,0,0,0,0
1604111445601,8,1010123456020,78,,1,0,8,1,0,,8.23754,341,33064,0.532128,135,0,5.6,,0.1,75,0,0.1,34,58.8235,0,1.19909,31,,-250,992,,0,0,0,6.61333
1604111445851,8,1010123456020,78,,1,0,8,1,0,,13.7984,382,23980,1.28419,155,0,7.28571,,0,0,0,0,0,0,0,0,0,,-250,1172,,0,0,0,0
1604111446101,8,1010123456020,78,,1,0,8,1,0,,9.91755,376,26730,0.891168,150,0,6,,0,0,0,0,0,0,0,0,0,,-250,1128,,0,0,0,0
1604111446351,8,1010123456020,78,,1,0,8,1,0,,12.0112,356,21329,1.08547,143,0,7.16667,,0,8,0,0.1,4,75,0,0,31,,-250,1058,,0,0,0,0
1604111446601,8,1010123456020,78,,1,0,8,1,0,,15.028,393,9172,1.38416,157,0,8.16667,,0,0,0,0,0,0,0,0,0,,-250,1190,,0,0,0,0
1604111446851,8,1010123456020,78,,1,0,8,1,0,,10.7159,352,14773,0.816064,142,0,6.71429,,0.1,105,0,0.1,41,60.9756,0,0.920995,31,,-250,1056,,0,0,0,6.84762
1604111447101,8,1010123456020,78,,1,0,8,1,0,,7.60506,395,27073,0.586048,157,0,5,,0,0,0,0,0,0,0,0,0,,-250,1170,,0,0,0,0
1604111447351,8,1010123456020,78,,1,0,8,1,0,,11.395,400,29653,0.91136,162,0,7.25,,0.1,3,0,0.1,1,0,0,3.16361,31,,-250,1196,,0,0,0,1
1604111447601,8,1010123456020,78,,1,0,8,1,0,,8.91057,369,40890,0.62336,148,0,6,,0.1,94,0,0.1,37,51.3514,0,1.67889,31,,-250,1088,,0,0,0,5.71277
1604111447851,8,1010123456020,78,,1,0,8,1,0,,15.1176,357,37390,1.10819,146,0,8.83333,,0,0,0,0,0,0,0,0,0,,-250,956,,0,0,0,0
1604111448101,8,1010123456020,78,,1,0,8,1,0,,10.9406,387,40136,0.790496,153,0,7.83333,,0,0,0,0,0,0,0,0,0,,-250,1108,,0,0,0,0
1604111448351,8,1010123456020,78,,1,0,8,1,0,,11.9787,376,41990,1.02941,151,0,6.83333,,0,2,0,0.1,1,0,0,0,31,,-250,1078,,0,0,0,0
1604111448601,8,1010123456020,78,,1,0,8,1,0,,10.7961,358,50239,0.710592,142,0,7,,0,0,0,0,0,0,0,0,0,,-250,1010,,0,0,0,0
1604111448851,8,1010123456020,78,,1,0,8,1,0,,7.58133,332,66123,0.47712,133,0,4.5,,0,0,0,0,0,0,0,0,0,,-250,948,,0,0,0,0
1604111449101,8,1010123456020,78,,1,0,8,1,0,,11.9698,397,65347,1.00125,161,0,8.2,,0,0,0,0,0,0,0,0,0,,-250,1102,,0,0,0,0
1604111449351,8,1010123456020,78,,1,0,8,1,0,,9.98113,371,72666,0.712448,149,0,6,,0,6,0,0,3,100,0,0,0,,-250,1086,,0,0,0,0
1604111449601,8,1010123456020,78,,1,0,8,1,0,,10.7626,396,69476,1.08829,160,0,6.6,,0.1,107,0,0.1,43,60.4651,0,1.23376,31,,-250,1204,,0,0,0,6.40187
1604111449851,8,1010123456020,78,,1,0,8,1,0,,16.5534,356,53271,1.52406,145,0,8.33333,,0.222222,99,0,0.1,40,45,0,1.99494,31,,-250,1108,,0,0,0,4.91919
1604111450101,8,1010123456020,78,,1,0,8,1,0,,6.43812,404,66946,0.522944,158,0,6,,0,0,0,0,0,0,0,0,0,,-249,1212,,0,0,0,0
1604111450351,8,1010123456020,78,,1,0,8,1,0,,9.79301,372,77567,0.651936,149,0,6.66667,,0,0,0,0,0,0,0,0,0,,-250,1002,,0,0,0,0
1604111450601,8,1010123456020,78,,1,0,8,1,0,,8.45502,378,89130,0.622528,153,0,6,,0.1,15,0,0.1,5,80,0,0.574354,31,,-250,1096,,0,0,0,8.4
1604111450851,8,1010123456020,78,,1,0,8,1,0,,10.7883,326,98224,0.676352,128,0,7.66667,,0,0,0,0,0,0,0,0,0,,-250,886,,0,0,0,0
1604111451101,8,1010123456020,78,,1,0,8,1,0,,11.2419,372,101340,0.905568,146,0,5.25,,0.1,87,0,0.1,35,57.1429,0,1.77004,31,,-250,1110,,0,0,0,5.86207
1604111451351,8,1010123456020,78,,1,0,4,1,0,,8.98489,397,110087,0.700768,160,0,6,,0.1,13,0,0.1,5,60,0,1.37401,31,,-250,1136,,0,0,0,5.84615
1604111451601,8,1010123456020,78,,1,0,4,1,0,,9.68814,295,131663,0.28928,120,0,6,,0.1,106,0,0.1,43,48.8372,0,1.97482,31,,-250,476,,0,0,0,5.53774
1604111451851,8,1010123456020,78,,1,0,4,1,0,,10.8479,263,153102,0.27392,102,0,8.25,,0,0,0,0,0,0,0,0,0,,-250,408,,0,0,0,0
1604111452101,8,1010123456020,78,,1,0,4,1,0,,11.9424,295,171659,0.405216,119,0,6.8,,0,0,0,0,0,0,0,0,0,,-250,468,,0,0,0,0
1604111452351,8,1010123456020,78,,1,0,4,1,0,,8.51095,274,184155,0.259616,110,0,6.2,,0,0,0,0,0,0,0,0,0,,-250,440,,0,0,0,0
1604111452601,8,1010123456020,78,,1,0,4,1,0,,11.1735,340,182898,0.46016,131,0,8.5,,0.1,99,0,0.1,39,41.0256,0,2.19353,31,,-250,536,,0,0,0,4.68687
1604111452851,8,1010123456020,78,,1,0,4,1,0,,11.7304,345,183746,0.454272,140,0,7,,0,0,0,0,0,0,0,0,0,,-250,552,,0,0,0,0
1604111453101,8,1010123456020,78,,1,0,4,1,0,,13.3276,348,184203,0.50864,139,0,6.8,,0,0,0,0,0,0,0,0,0,,-250,556,,0,0,0,0
1604111453351,8,1010123456020,78,,1,0,4,1,0,,14.9433,353,182868,0.65824,140,0,8.33333,,0,2,0,0.1,1,0,0,0,31,,-250,560,,0,0,0,0
1604111453601,8,1010123456020,78,,1,0,4,1,0,,15.291,299,183437,0.526944,117,0,8.66667,,0.1,199,0,0.1,81,86.4198,0,0.838233,31,,-250,472,,0,0,0,8.74372
1604111453851,8,1010123456020,78,,1,0,4,1,0,,10.8549,317,184295,0.41856,124,0,6.42857,,0,0,0,0,0,0,0,0,0,,-250,500,,0,0,0,0
1604111454101,8,1010123456020,78,,1,0,4,1,0,,10.9733,375,183202,0.513088,144,0,6,,0,0,0,0,0,0,0,0,0,,-250,576,,0,0,0,0
1604111454351,8,1010123456020,78,,1,0,4,1,0,,8.31978,369,184297,0.304128,144,0,5.16667,,0,2,0,0.1,1,0,0,0,31,,-250,576,,0,0,0,0
1604111454601,8,1010123456020,78,,1,0,4,1,0,,11.8754,345,182537,0.402848,135,0,7,,0,0,0,0,0,0,0,0,0,,-250,548,,0,0,0,0
1604111454851,8,1010123456020,78,,1,0,4,1,0,,6.68817,372,183524,0.311232,150,0,3.71429,,0.1,62,0,0.1,22,9.09091,0,3.00516,31,,-250,592,,0,0,0,1.87097
1604111455101,8,1010123456020,78,,1,0,4,1,0,,13.0455,330,183884,0.546048,132,0,8.4,,0,0,0,0,0,0,0,0,0,,-250,528,,0,0,0,0
1604111455351,8,1010123456020,78,,1,0,4,1,0,,8.30973,339,183366,0.36064,138,0,6,,0.1,3,0,0.1,1,0,0,3.41717,31,,-250,544,,0,0,0,1
1604111455601,8,1010123456020,78,,1,0,4,1,0,,10.3321,280,182429,0.342784,116,0,8,,0.1,93,0,0.1,35,60,0,1.89852,31,,-250,464,,0,0,0,6.32258
1604111455851,8,1010123456020,78,,1,0,4,1,0,,16.7769,390,182046,0.808128,154,0,9.71429,,0,0,0,0,0,0,0,0,0,,-250,616,,0,0,0,0
1604111456101,8,1010123456020,78,,1,0,4,1,0,,20.0201,299,183480,0.869152,117,0,9.16667,,0,0,0,0,0,0,0,0,0,,-250,468,,0,0,0,0
1604111456351,8,1010123456020,78,,1,0,4,1,0,,16.2347,277,183126,0.516192,111,0,10.6667,,0,4,0,0.1,2,50,0,0,31,,-251,452,,0,0,0,0
1604111456601,8,1010123456020,78,,1,0,4,1,0,,16.4911,338,182906,0.67184,137,0,7.5,,0.1,59,0,0.1,24,8.33333,0,3.13359,31,,-250,544,,0,0,0,1.76271
1604111456851,8,1010123456020,78,,1,0,4,1,0,,12.7747,364,182927,0.52672,148,0,8,,0,0,0,0,0,0,0,0,0,,-249,588,,0,0,0,0
1604111457101,8,1010123456020,78,,1,0,4,1,0,,16.1566,332,184094,0.658144,135,0,8.6,,0,0,0,0,0,0,0,0,0,,-250,544,,0,0,0,0
1604111457351,8,1010123456020,78,,1,0,4,1,0,,11.2366,355,184099,0.502624,147,0,6.33333,,0,0,0,0,0,0,0,0,0,,-250,580,,0,0,0,0
1604111457601,8,1010123456020,78,,1,0,4,1,0,,14.6408,284,183302,0.545568,113,0,8.33333,,0.931035,58,0,0.1,23,21.7391,0,2.61449,31,,-250,452,,0,0,0,3.37931
1604111457851,8,1010123456020,78,,1,0,4,1,0,,9.18876,249,183582,0.228352,98,0,6,,0,0,0,0,0,0,0,0,0,,-250,400,,0,0,0,0
1604111458101,8,1010123456020,78,,1,0,4,1,0,,10.9487,312,183069,0.336992,123,0,7.8,,0,0,0,0,0,0,0,0,0,,-250,500,,0,0,0,0
1604111458351,8,1010123456020,78,,1,0,4,1,0,,8.21771,271,184172,0.323488,109,0,4.83333,,0,0,0,0,0,0,0,0,0,,-250,432,,0,0,0,0
1604111458601,8,1010123456020,78,,1,0,4,1,0,,10.3082,292,183950,0.34064,117,0,6.66667,,0.1,101,0,0.1,40,60,0,1.31398,31,,-250,456,,0,0,0,6.19802
1604111458851,8,1010123456020,78,,1,0,4,1,0,,11.142,324,183327,0.495072,131,0,6.5,,0,0,0,0,0,0,0,0,0,,-250,524,,0,0,0,0
1604111459101,8,1010123456020,78,,1,0,4,1,0,,9.6447,349,183598,0.32496,135,0,6,,0,0,0,0,0,0,0,0,0,,-250,548,,0,0,0,0
1604111459351,8,1010123456020,78,,1,0,4,1,0,,6.97325,299,184269,0.230656,118,0,4.33333,,0,2,0,0.1,1,0,0,0,31,,-250,476,,0,0,0,0
1604111459601,8,1010123456020,78,,1,0,4,1,0,,11.44,325,183203,0.399008,135,0,7.33333,,0,0,0,0,0,0,0,0,0,,-250,532,,0,0,0,0
1604111459851,8,1010123456020,78,,1,0,4,1,0,,13.2244,312,183627,0.51664,125,0,7.42857,,0.1,79,0,0.1,33,63.6364,0,1.42532,31,,-250,504,,0,0,0,6.81013
1604111460101,8,1010123456020,78,,1,0,4,1,0,,13.6041,341,183593,0.56688,137,0,7.25,,0.1,3,0,0.1,1,0,0,2.70537,31,,-250,552,,0,0,0,1
1604111460351,8,1010123456020,78,,1,0,4,1,0,,11.7899,357,183397,0.487232,146,0,7.6,,0,0,0,0,0,0,0,0,0,,-250,576,,0,0,0,0
1604111460601,8,1010123456020,78,,1,0,4,1,0,,8.63836,318,183598,0.341728,127,0,5.8,,0.1,86,0,0.1,34,38.2353,0,2.42591,31,,-250,516,,0,0,0,4.37209
1604111460851,8,1010123456020,78,,1,0,4,1,0,,12.6936,346,181897,0.52592,143,0,7,,0,0,0,0,0,0,0,0,0,,-250,564,,0,0,0,0
1604111461101,8,1010123456020,78,,1,0,4,1,0,,11.6504,349,183069,0.439936,142,0,6.83333,,0.1,12,0,0,4,100,0,0.349766,0,,-250,568,,0,0,0,10
1604111461351,8,1010123456020,78,,1,0,4,1,0,,12.1478,372,183907,0.494336,148,0,6.83333,,0,0,0,0,0,0,0,0,0,,-250,596,,0,0,0,0
1604111461601,8,1010123456020,78,,1,0,4,1,0,,9.8,320,183067,0.3168,130,0,6,,0.1,3,0,0.1,1,0,0,4.13027,31,,-250,524,,0,0,0,1
1604111461851,8,1010123456020,78,,1,0,4,1,0,,5.09966,291,184033,0.174656,122,0,4.8,,0.1,50,0,0.1,20,0,0,3.4355,31,,-250,476,,0,0,0,1
1604111462101,8,1010123456020,78,,1,0,4,1,0,,16.912,318,179223,0.796608,132,0,9.6,,0,0,0,0,0,0,0,0,0,,-250,528,,0,0,0,0
1604111462351,8,1010123456020,78,,1,0,4,1,0,,14.3173,312,183690,0.61952,124,0,7,,0,2,0,0.1,1,0,0,0,31,,-250,496,,0,0,0,0
1604111462601,8,1010123456020,78,,1,0,4,1,0,,10.7373,316,183338,0.35248,123,0,6.6,,0.1,85,87,0.1,34,67.6471,0,1.49288,31,,-250,500,,0,0,0,7.07059
1604111462851,8,1010123456020,78,,1,0,4,1,0,,16.6667,324,183771,0.694592,134,0,8.42857,,0.1,42,0,0.1,17,70.5882,0,1.69442,0,,-250,528,,0,0,0,7.69048
1604111463101,8,1010123456020,78,,1,0,4,1,0,,12.442,371,184160,0.607232,146,0,5.83333,,0,0,0,0,0,0,0,0,0,,-251,596,,0,0,0,0
1604111463351,8,1010123456020,78,,1,0,4,1,0,,7.22286,350,183517,0.314944,142,0,4.6,,0,0,0,0,0,0,0,0,0,,-249,560,,0,0,0,0
1604111463601,8,1010123456020,78,,1,0,4,1,0,,17.0662,317,183168,0.70784,124,0,9.33333,,0,2,0,0.1,1,0,0,0,31,,-250,500,,0,0,0,0
1604111463851,8,1010123456020,78,,1,0,4,1,0,,19.082,366,183742,0.856352,145,0,9,,0,0,0,0,0,0,0,0,0,,-250,584,,0,0,0,0
1604111464101,8,1010123456020,78,,1,0,4,1,0,,17.097,361,178821,0.769344,147,0,8,,0.1,94,0,0.1,38,42.1053,0,2.05872,31,,-250,584,,0,0,0,4.91489
1604111464351,8,1010123456020,78,,1,0,4,1,0,,19.1941,376,178129,1.02909,155,0,6.33333,,0,0,0,0,0,0,0,0,0,,-250,620,,0,0,0,0
1604111464601,8,1010123456020,78,,1,0,4,1,0,,13.6938,307,182743,0.450816,120,0,7.83333,,2,3,0,0.1,1,0,0,5.66787,31,,-250,492,,0,0,0,1
1604111464851,8,1010123456020,78,,1,0,4,1,0,,14.2322,323,182394,0.531936,131,0,7.66667,,0.1,78,0,0.1,30,36.6667,0,2.57535,31,,-250,508,,0,0,0,4.69231
1604111465101,8,1010123456020,78,,1,0,4,1,0,,15.5901,322,183150,0.648384,126,0,6.25,,0,0,0,0,0,0,0,0,0,,-250,512,,0,0,0,0
1604111465351,8,1010123456020,78,,1,0,4,1,0,,9.8156,282,183470,0.31072,114,0,6.4,,0.1,6,0,0,2,100,0,1.07705,0,,-250,452,,0,0,0,10
1604111465601,8,1010123456020,78,,1,0,4,1,0,,15.3941,307,183481,0.626752,122,0,8,,0.1,79,0,0.1,32,53.125,0,2.09367,31,,-250,492,,0,0,0,5.21519
1604111465851,8,1010123456020,78,,1,0,4,1,0,,15.0357,308,183081,0.564704,123,0,7.85714,,0,0,0,0,0,0,0,0,0,,-250,492,,0,0,0,0
1604111466101,8,1010123456020,78,,1,0,4,1,0,,12.4096,354,182525,0.472288,139,0,6.25,,0,0,0,0,0,0,0,0,0,,-250,560,,0,0,0,0
1604111466351,8,1010123456020,78,,1,0,4,1,0,,16.2735,340,183264,0.720544,137,0,8.66667,,0,0,0,0,0,0,0,0,0,,-250,544,,0,0,0,0
1604111466601,8,1010123456020,78,,1,0,4,1,0,,16.5668,307,184415,0.6832,124,0,7.75,,0.1,12,0,0,4,100,0,0.425233,0,,-250,500,,0,0,0,10
1604111466851,8,1010123456020,78,,1,0,4,1,0,,15.2219,329,183585,0.582592,136,0,8.57143,,0,0,0,0,0,0,0,0,0,,-250,528,,0,0,0,0
1604111467101,8,1010123456020,78,,1,0,4,1,0,,11.6122,294,182642,0.363712,112,0,5.33333,,0.152542,118,0,0.1,48,70.8333,0,1.54738,31,,-250,464,,0,0,0,7.1017
1604111467351,8,1010123456020,78,,1,0,4,1,0,,16.3746,339,182635,0.665888,137,0,8.8,,0,4,0,0.1,2,50,0,0,31,,-250,532,,0,0,0,0
1604111467601,8,1010123456020,78,,1,0,4,1,0,,16.3137,306,181301,0.666656,121,0,8.83333,,0.1,51,0,0.1,22,13.6364,0,3.08484,31,,-250,492,,0,0,0,2.41176
1604111467851,8,1010123456020,78,,1,0,4,1,0,,22.1573,286,182801,0.883168,115,0,11.2857,,0,0,0,0,0,0,0,0,0,,-250,448,,0,0,0,0
1604111468101,8,1010123456020,78,,1,0,4,1,0,,16.4418,249,183759,0.488608,99,0,9,,0,0,0,0,0,0,0,0,0,,-250,396,,0,0,0,0
1604111468351,8,1010123456020,78,,1,0,4,1,0,,11.4389,319,183474,0.430592,122,0,7,,0,2,0,0.1,1,0,0,0,31,,-250,504,,0,0,0,0
1604111468601,8,1010123456020,78,,1,0,4,1,0,,17.3969,383,182956,0.813888,154,0,9,,0.714286,84,0,0.1,35,48.5714,0,2.59098,31,,-250,608,,0,0,0,5.07143
1604111468851,8,1010123456020,78,,1,0,4,1,0,,15.0799,288,183984,0.54864,113,0,6.33333,,0,0,0,0,0,0,0,0,0,,-250,452,,0,0,0,0
1604111469101,8,1010123456020,78,,1,0,4,1,0,,11.6778,270,183216,0.355072,110,0,7.5,,0,0,0,0,0,0,0,0,0,,-250,440,,0,0,0,0
1604111469351,8,1010123456020,78,,1,0,4,1,0,,11.093,344,182788,0.408129,137,0,6.6,,0,0,0,0,0,0,0,0,0,,-250,564,,0,0,0,0
1604111469601,8,1010123456020,78,,1,0,4,1,0,,17.3715,393,183226,0.911872,160,0,8.25,,0.1,89,0,0.1,38,50,0,1.80227,31,,-249,628,,0,0,0,5.34831
1604111469851,8,1010123456020,78,,1,0,4,1,0,,19.2252,333,184168,0.82784,138,0,10,,0,0,0,0,0,0,0,0,0,,-251,536,,0,0,0,0
1604111470101,8,1010123456020,78,,1,0,4,1,0,,14.1607,224,183422,0.403264,92,0,6.16667,,0,0,0,0,0,0,0,0,0,,-249,372,,0,0,0,0
1604111470351,8,1010123456020,78,,1,0,4,1,0,,13.8892,307,182977,0.520416,123,0,9.2,,0,0,0,0,0,0,0,0,0,,-250,508,,0,0,0,0
1604111470601,8,1010123456020,78,,1,0,4,1,0,,5.44199,362,183822,0.234176,144,0,3.5,,0.171429,70,0,0.1,28,32.1429,0,2.7748,31,,-250,576,,0,0,0,4
1604111470851,8,1010123456020,78,,1,0,4,1,0,,8.38138,333,184380,0.320288,135,0,6.75,,0.1,12,0,0,4,100,0,0.387234,0,,-250,528,,0,0,0,10
1604111471101,8,1010123456020,78,,1,0,4,1,0,,8.11111,324,183645,0.258688,125,0,5.33333,,0,0,0,0,0,0,0,0,0,,-250,512,,0,0,0,0
1604111471351,8,1010123456020,78,,1,0,4,1,0,,10.0596,319,183354,0.440672,131,0,6.4,,0,0,0,0,0,0,0,0,0,,-250,520,,0,0,0,0
1604111471601,8,1010123456020,78,,1,0,4,1,0,,15.1193,327,183761,0.594176,127,0,8,,0.1,75,0,0.1,29,37.931,0,2.95961,31,,-250,516,,0,0,0,3.92
1604111471851,8,1010123456020,78,,1,0,4,1,0,,19.4212,368,181139,1.06886,146,0,9,,0,0,0,0,0,0,0,0,0,,-250,588,,0,0,0,0
1604111472101,8,1010123456020,78,,1,0,4,1,0,,8,314,184226,0.289984,128,0,4.6,,0,0,0,0,0,0,0,0,0,,-250,500,,0,0,0,0
1604111472351,8,1010123456020,78,,1,0,4,1,0,,9.95692,325,183603,0.414048,129,0,6,,0,2,0,0.1,1,0,0,0,31,,-250,516,,0,0,0,0
1604111472601,8,1010123456020,78,,1,0,4,1,0,,18.5134,335,184141,0.748032,132,0,10.2,,0,0,0,0,0,0,0,0,0,,-250,528,,0,0,0,0
1604111472851,8,1010123456020,78,,1,0,4,1,0,,13.8144,291,184120,0.555744,123,0,8.25,,0.1,109,1235,0.1,45,88.8889,0,0.597548,31,,-250,484,,0,0,0,9.09174
1604111473101,8,1010123456020,78,,1,0,4,1,0,,10.3646,288,181565,0.337696,114,0,8.6,,0.1,46,0,0.1,19,73.6842,0,1.00487,31,,-250,460,,0,0,0,8.04348
1604111473351,8,1010123456020,78,,1,0,4,1,0,,20.847,379,176627,1.13843,152,0,10.6667,,0,0,0,0,0,0,0,0,0,,-250,612,,0,0,0,0
1604111473601,8,1010123456020,78,,1,0,4,1,0,,15.3252,326,183381,0.653056,130,0,7.5,,0.1,66,0,0.1,29,65.5172,0,1.79417,31,,-250,528,,0,0,0,6.72727
1604111473851,8,1010123456020,78,,1,0,4,1,0,,12.4561,296,184161,0.40864,118,0,6.8,,0,2,0,0.1,1,0,0,0,31,,-250,464,,0,0,0,0
1604111474101,8,1010123456020,78,,1,0,4,1,0,,7.75714,280,183770,0.25792,118,0,5.25,,0,0,0,0,0,0,0,0,0,,-250,468,,0,0,0,0
1604111474351,8,1010123456020,78,,1,0,4,1,0,,13.3067,313,183125,0.443232,123,0,7.83333,,0.1,8,0,0,4,100,0,0.515522,0,,-250,500,,0,0,0,10
1604111474601,8,1010123456020,78,,1,0,4,1,0,,19.5213,305,182172,0.808416,126,0,10,,0.1,98,0,0.1,39,46.1538,0,2.17705,31,,-250,496,,0,0,0,5.5
1604111474851,8,1010123456020,78,,1,0,4,1,0,,11.1132,327,183274,0.465088,132,0,6.14286,,0,0,0,0,0,0,0,0,0,,-250,532,,0,0,0,0
1604111475101,8,1010123456020,78,,1,0,4,1,0,,19.6696,345,181305,0.908768,139,0,10.3333,,0,0,0,0,0,0,0,0,0,,-250,556,,0,0,0,0
1604111475351,8,1010123456020,78,,1,0,4,1,0,,16.7813,311,183950,0.603072,126,0,9,,0,2,0,0.1,1,0,0,0,31,,-250,508,,0,0,0,0
1604111475601,8,1010123456020,78,,1,0,4,1,0,,21.5808,260,179192,0.735872,104,0,10.8,,0,8,0,0,4,100,0,0,0,,-250,416,,0,0,0,0
1604111475851,8,1010123456020,78,,1,0,4,1,0,,13.5406,357,181957,0.700192,143,0,7.42857,,0,0,0,0,0,0,0,0,0,,-250,568,,0,0,0,0
1604111476101,8,1010123456020,78,,1,0,4,1,0,,13.2764,322,183435,0.49744,125,0,6.33333,,0.114286,105,0,0.1,41,53.6585,0,1.86653,31,,-250,496,,0,0,0,5.62857
1604111476351,8,1010123456020,78,,1,0,4,1,0,,14.2464,211,182871,0.37776,85,0,9.16667,,0,8,0,0,4,100,0,0,0,,-250,348,,0,0,0,0
1604111476601,8,1010123456020,78,,1,0,4,1,0,,17.291,402,177095,0.877824,154,0,8.83333,,0.1,87,0,0.1,36,38.8889,0,2.71434,31,,-250,620,,0,0,0,4.22989
1604111476851,8,1010123456020,78,,1,0,4,1,0,,23.3114,350,169811,1.25638,142,0,10.2,,0,2,0,0.1,1,0,0,0,31,,-250,564,,0,0,0,0
1604111477101,8,1010123456020,78,,1,0,4,1,0,,16.1951,328,179519,0.713504,134,0,7.33333,,0,0,0,0,0,0,0,0,0,,-250,520,,0,0,0,0
1604111477351,8,1010123456020,78,,1,0,4,1,0,,8.99348,307,183811,0.383328,119,0,5.83333,,0,2,0,0.1,1,0,0,0,31,,-250,484,,0,0,0,0
1604111477601,8,1010123456020,78,,1,0,4,1,0,,10.8817,355,182432,0.431232,142,0,7.16667,,0.1,89,0,0.1,37,51.3514,0,1.98926,31,,-250,572,,0,0,0,5.75281
1604111477851,8,1010123456020,78,,1,0,4,1,0,,14.0855,304,182941,0.573536,123,0,7.71429,,0,0,0,0,0,0,0,0,0,,-250,488,,0,0,0,0
1604111478101,8,1010123456020,78,,1,0,4,1,0,,15.5127,353,183525,0.684384,139,0,7.8,,0,0,0,0,0,0,0,0,0,,-250,556,,0,0,0,0
1604111478351,8,1010123456020,78,,1,0,4,1,0,,8.68889,360,182605,0.366816,139,0,5,,0,0,0,0,0,0,0,0,0,,-250,556,,0,0,0,0
1604111478601,8,1010123456020,78,,1,0,4,1,0,,12.1606,274,184165,0.395712,110,0,7.5,,0.1,36,1861,0.1,15,13.3333,0,3.10954,31,,-250,440,,0,0,0,2
1604111478851,8,1010123456020,78,,1,0,4,1,0,,16.0443,316,182933,0.646784,128,0,9.83333,,0.1,35,0,0.1,14,50,0,2.36956,0,,-250,508,,0,0,0,5.42857
1604111479101,8,1010123456020,78,,1,0,4,1,0,,16.236,322,182925,0.649344,130,0,8.5,,0,0,0,0,0,0,0,0,0,,-250,528,,0,0,0,0
1604111479351,8,1010123456020,78,,1,0,4,1,0,,18.7913,345,183444,0.851552,139,0,9.5,,0.1,3,0,0.1,1,0,0,4.81752,31,,-250,560,,0,0,0,1
1604111479601,8,1010123456020,78,,1,0,4,1,0,,12.0592,338,182919,0.489696,137,0,7.2,,0.1,65,0,0.1,27,29.6296,0,2.69169,31,,-250,536,,0,0,0,3.93846
1604111479851,8,1010123456020,78,,1,0,4,1,0,,8.1478,318,183490,0.332608,127,0,5.16667,,0,2,0,0.1,1,0,0,0,31,,-250,508,,0,0,0,0
1604111480101,8,1010123456020,78,,1,0,4,1,0,,14.4593,344,183051,0.548768,133,0,8.6,,0,0,0,0,0,0,0,0,0,,-250,540,,0,0,0,0
1604111480351,8,1010123456020,78,,1,0,4,1,0,,15.4251,287,183457,0.560192,118,0,8.16667,,0,0,0,0,0,0,0,0,0,,-250,472,,0,0,0,0
1604111480601,8,1010123456020,78,,1,0,4,1,0,,15.2295,305,183442,0.642592,125,0,7.83333,,0.1,80,0,0.1,32,37.5,0,2.23667,31,,-250,496,,0,0,0,4.6
1604111480851,8,1010123456020,78,,1,0,4,1,0,,14.7713,341,184026,0.688064,138,0,7.57143,,0,0,0,0,0,0,0,0,0,,-250,548,,0,0,0,0
1604111481101,8,1010123456020,78,,1,0,4,1,0,,8.90354,311,182506,0.29792,121,0,6.16667,,0,0,0,0,0,0,0,0,0,,-250,496,,0,0,0,0
1604111481351,8,1010123456020,78,,1,0,4,1,0,,16.5029,348,182947,0.700448,141,0,9,,0.1,3,0,0.1,1,0,0,3.89629,31,,-250,556,,0,0,0,1
1604111481601,8,1010123456020,78,,1,0,4,1,0,,11.9457,313,183475,0.493344,127,0,6.33333,,0.1,63,0,0.1,25,24,0,2.52187,31,,-250,512,,0,0,0,3.42857
1604111481851,8,1010123456020,78,,1,0,4,1,0,,20.4818,330,182488,0.905536,130,0,10.1429,,0,0,0,0,0,0,0,0,0,,-250,524,,0,0,0,0
1604111482101,8,1010123456020,78,,1,0,4,1,0,,17.9854,343,182754,0.818656,137,0,9,,0,0,0,0,0,0,0,0,0,,-250,548,,0,0,0,0
1604111482351,8,1010123456020,78,,1,0,4,1,0,,16.4672,351,183929,0.748352,146,0,8.8,,0,0,0,0,0,0,0,0,0,,-250,564,,0,0,0,0
1604111482601,8,1010123456020,78,,1,0,4,1,0,,15.8994,338,183206,0.653088,131,0,8.66667,,0.1,12,0,0,4,100,0,0.657832,0,,-250,544,,0,0,0,10
1604111482851,8,1010123456020,78,,1,0,4,1,0,,10.1829,339,182198,0.409248,135,0,7,,0,0,0,0,0,0,0,0,0,,-250,540,,0,0,0,0
1604111483101,8,1010123456020,78,,1,0,4,1,0,,9.19437,355,181806,0.482848,141,0,6.5,,0.1,112,0,0.1,45,55.5556,0,1.51381,31,,-250,564,,0,0,0,6.16071
1604111483351,8,1010123456020,78,,1,0,4,1,0,,16.7473,281,184161,0.625216,114,0,6.4,,0,0,0,0,0,0,0,0,0,,-250,444,,0,0,0,0
1604111483601,8,1010123456020,78,,1,0,4,1,0,,17.1862,333,183503,0.7184,130,0,9.16667,,0.1,114,0,0.1,46,45.6522,0,2.40143,31,,-250,532,,0,0,0,5.05263
1604111483851,8,1010123456020,78,,1,0,4,1,0,,15.5251,379,184190,0.750368,157,0,7.57143,,0,0,0,0,0,0,0,0,0,,-250,616,,0,0,0,0
1604111484101,8,1010123456020,78,,1,0,4,1,0,,14.5287,348,184492,0.596416,140,0,7.66667,,0,0,0,0,0,0,0,0,0,,-250,564,,0,0,0,0
1604111484351,8,1010123456020,78,,1,0,4,1,0,,9.62575,334,184656,0.379424,135,0,6.4,,0,0,0,0,0,0,0,0,0,,-250,540,,0,0,0,0
1604111484601,8,1010123456020,78,,1,0,4,1,0,,15.1606,330,184613,0.567776,131,0,8,,0.1,121,0,0.1,47,80.8511,0,1.27133,31,,-250,528,,0,0,0,8.36364
1604111484851,8,1010123456020,78,,1,0,4,1,0,,20.338,358,182770,1.00435,142,0,10,,0.1,15,0,0.1,6,83.3333,0,1.20166,0,,-250,560,,0,0,0,8.2
1604111485101,8,1010123456020,78,,1,0,4,1,0,,9.82637,311,183714,0.301888,124,0,7,,0,0,0,0,0,0,0,0,0,,-250,500,,0,0,0,0
1604111485351,8,1010123456020,78,,1,0,4,1,0,,14.3315,359,182026,0.599872,144,0,7.83333,,0,0,0,0,0,0,0,0,0,,-250,584,,0,0,0,0
1604111485601,8,1010123456020,78,,1,0,4,1,0,,11.0806,310,184099,0.444672,126,0,5.66667,,1.425,80,0,0.1,31,58.0645,0,2.19944,31,,-250,500,,0,0,0,6.4375
1604111485851,8,1010123456020,78,,1,0,4,1,0,,10.6748,329,183021,0.383392,133,0,6.4,,0,0,0,0,0,0,0,0,0,,-250,532,,0,0,0,0
1604111486101,8,1010123456020,78,,1,0,4,1,0,,21.0932,311,180523,0.90736,127,0,10.5,,0,0,0,0,0,0,0,0,0,,-250,508,,0,0,0,0
1604111486351,8,1010123456020,78,,1,0,4,1,0,,20.2754,345,179228,1.06675,140,0,9,,0,0,0,0,0,0,0,0,0,,-250,556,,0,0,0,0
1604111486601,8,1010123456020,78,,1,0,4,1,0,,21.1704,311,177555,0.903552,124,0,14,,0.1,3,0,0.1,1,0,0,5.65296,31,,-250,500,,0,0,0,1
1604111486851,8,1010123456020,78,,1,0,4,1,0,,11.0665,346,184297,0.489024,144,0,6.33333,,0.122449,98,0,0.1,39,56.4103,0,2.59371,31,,-250,564,,0,0,0,6.08163
1604111487101,8,1010123456020,78,,1,0,4,1,0,,8.77064,327,183350,0.374112,136,0,5.2,,0,0,0,0,0,0,0,0,0,,-250,544,,0,0,0,0
1604111487351,8,1010123456020,78,,1,0,4,1,0,,14.6887,318,184198,0.630528,124,0,9,,0,2,0,0.1,1,0,0,0,31,,-250,504,,0,0,0,0
1604111487601,8,1010123456020,78,,1,0,4,1,0,,16.6484,347,182023,0.699616,138,0,10.5,,1.05714,70,0,0.1,29,41.3793,0,3.15647,31,,-250,560,,0,0,0,4.88571
1604111487851,8,1010123456020,78,,1,0,4,1,0,,10.4501,351,184033,0.491008,144,0,6.57143,,0,0,0,0,0,0,0,0,0,,-250,560,,0,0,0,0
1604111488101,8,1010123456020,78,,1,0,4,1,0,,19.7695,347,182941,0.862784,138,0,10.5,,0,0,0,0,0,0,0,0,0,,-250,560,,0,0,0,0
1604111488351,8,1010123456020,78,,1,0,4,1,0,,17.1564,358,183652,0.80064,148,0,9,,0,0,0,0,0,0,0,0,0,,-250,580,,0,0,0,0
1604111488601,8,1010123456020,78,,1,0,4,1,0,,17.4414,333,181033,0.772832,131,0,10.6,,0.985075,67,0,0.1,28,39.2857,0,3.49525,31,,-250,536,,0,0,0,4.1791
1604111488851,8,1010123456020,78,,1,0,4,1,0,,21.7391,299,181842,0.893024,123,0,11,,0,0,0,0,0,0,0,0,0,,-250,496,,0,0,0,0
1604111489101,8,1010123456020,78,,1,0,4,1,0,,14.0245,367,183488,0.683104,149,0,7,,0.1,3,0,0.1,1,0,0,6.19158,31,,-250,592,,0,0,0,1
1604111489351,8,1010123456020,78,,1,0,4,1,0,,11.51,351,183923,0.604064,143,0,7.5,,0,0,0,0,0,0,0,0,0,,-250,576,,0,0,0,0
1604111489601,8,1010123456020,78,,1,0,4,1,0,,16.3092,359,181138,0.74112,144,0,11,,0.670455,88,0,0.1,36,50,0,3.35055,31,,-250,568,,0,0,0,5.5
1604111489851,8,1010123456020,78,,1,0,4,1,0,,15.3618,351,182817,0.635232,143,0,9.33333,,0,0,0,0,0,0,0,0,0,,-250,580,,0,0,0,0
1604111490101,8,1010123456020,78,,1,0,4,1,0,,18.3022,364,181557,0.948992,152,0,9.2,,0,0,0,0,0,0,0,0,0,,-250,604,,0,0,0,0
1604111490351,8,1010123456020,78,,1,0,4,1,0,,19.9611,386,182209,0.965024,157,0,0.1,,0,0,0,0,0,0,0,0,0,,-250,628,,0,0,0,0
1604111490601,8,1010123456020,78,,1,0,4,1,0,,18.7403,285,182410,0.707648,118,0,10.25,,0.390805,87,0,0.1,35,42.8571,0,3.1098,31,,-250,464,,0,0,0,5.01149
1604111490851,8,1010123456020,78,,1,0,4,1,0,,18.7668,343,179555,0.928064,138,0,9.83333,,0.1,3,0,0.1,1,0,0,5.53626,31,,-250,560,,0,0,0,1
1604111491101,8,1010123456020,78,,1,0,4,1,0,,16.7003,377,181886,0.791104,148,0,7.25,,0,0,0,0,0,0,0,0,0,,-250,604,,0,0,0,0
1604111491351,8,1010123456020,78,,1,0,4,1,0,,20.9088,318,181125,1.01261,134,0,9.75,,0,0,0,0,0,0,0,0,0,,-250,516,,0,0,0,0
1604111491601,8,1010123456020,78,,1,0,4,1,0,,18.7053,285,183879,0.684672,114,0,10,,1.18367,49,0,0.1,19,52.6316,0,2.88052,31,,-250,464,,0,0,0,5.95918
1604111491851,8,1010123456020,78,,1,0,4,1,0,,16.3777,323,184088,0.672032,133,0,9,,1.08333,48,0,0.1,20,60,0,2.1557,31,,-250,520,,0,0,0,6.625
1604111492101,8,1010123456020,78,,1,0,4,1,0,,20.4928,345,183045,0.848736,131,0,10.6667,,0,0,0,0,0,0,0,0,0,,-250,540,,0,0,0,0
1604111492351,8,1010123456020,78,,1,0,4,1,0,,16.2165,328,183168,0.721664,130,0,7.5,,0,2,0,0.1,1,0,0,0,31,,-250,512,,0,0,0,0
1604111492601,8,1010123456020,78,,1,0,4,1,0,,13.7293,351,184596,0.583616,138,0,8,,0.1,82,0,0.1,33,54.5455,0,2.26455,31,,-250,560,,0,0,0,5.71951
1604111492851,8,1010123456020,78,,1,0,4,1,0,,9.38271,324,184363,0.395616,129,0,6.5,,0,0,0,0,0,0,0,0,0,,-250,512,,0,0,0,0
1604111493101,8,1010123456020,78,,1,0,4,1,0,,11.2938,371,183946,0.584512,150,0,4.5,,0,0,0,0,0,0,0,0,0,,-250,604,,0,0,0,0
1604111493351,8,1010123456020,78,,1,0,4,1,0,,15.7025,363,182745,0.824416,145,0,9.16667,,0,2,0,0.1,1,0,0,0,31,,-250,580,,0,0,0,0
1604111493601,8,1010123456020,78,,1,0,4,1,0,,16.0406,345,174490,0.801984,140,0,7.83333,,0.1,101,0,0.1,39,43.5897,0,2.44344,31,,-250,556,,0,0,0,4.74257
1604111493851,8,1010123456020,78,,1,0,4,1,0,,17.7342,301,182946,0.735168,118,0,9.5,,0,0,0,0,0,0,0,0,0,,-250,484,,0,0,0,0
1604111494101,8,1010123456020,78,,1,0,4,1,0,,21.6848,330,178055,1.00912,139,0,11.25,,0,0,0,0,0,0,0,0,0,,-250,536,,0,0,0,0
1604111494351,8,1010123456020,78,,1,0,4,1,0,,17.6766,334,180520,0.732544,132,0,10.75,,0,4,0,0.1,2,50,0,0,31,,-250,536,,0,0,0,0
1604111494601,8,1010123456020,78,,1,0,4,1,0,,20.7152,323,182978,0.933376,128,0,10,,0.1,121,0,0.1,50,76,0,1.32976,31,,-250,520,,0,0,0,7.94215
1604111494851,8,1010123456020,78,,1,0,4,1,0,,23.2988,338,175109,1.24739,141,0,9.5,,0.1,30,0,0.1,11,81.8182,0,1.93556,0,,-250,548,,0,0,0,8.5
1604111495101,8,1010123456020,78,,1,0,4,1,0,,18.3039,329,179400,0.835584,130,0,9,,0,0,0,0,0,0,0,0,0,,-250,532,,0,0,0,0
1604111495351,8,1010123456020,78,,1,0,4,1,0,,14,322,183911,0.567424,133,0,7,,0.1,3,0,0.1,1,0,0,4.74471,31,,-250,524,,0,0,0,1
1604111495601,8,1010123456020,78,,1,0,4,1,0,,17.4,325,183293,0.674336,129,0,9.6,,0.109589,73,0,0.1,29,41.3793,0,2.6249,31,,-250,516,,0,0,0,4.82192
1604111495851,8,1010123456020,78,,1,0,4,1,0,,17.2964,334,183855,0.712992,133,0,9.66667,,0,0,0,0,0,0,0,0,0,,-250,540,,0,0,0,0
1604111496101,8,1010123456020,78,,1,0,4,1,0,,21.4613,349,181262,1.06643,138,0,10.4,,0,0,0,0,0,0,0,0,0,,-250,556,,0,0,0,0
1604111496351,8,1010123456020,78,,1,0,4,1,0,,14.3436,358,183379,0.658944,147,0,8,,0,0,0,0,0,0,0,0,0,,-250,576,,0,0,0,0
1604111496601,8,1010123456020,78,,1,0,4,1,0,,9.89796,392,182676,0.444,157,0,6.4,,0.1,12,0,0.1,4,75,0,1.88499,31,,-250,636,,0,0,0,7.75
1604111496851,8,1010123456020,78,,1,0,4,1,0,,18.4881,377,183035,0.887936,152,0,9.57143,,0.1,99,0,0.1,40,55,0,2.26125,31,,-250,604,,0,0,0,5.90909
1604111497101,8,1010123456020,78,,1,0,4,1,0,,18.9415,359,180848,0.859232,147,0,9.83333,,0,0,0,0,0,0,0,0,0,,-250,592,,0,0,0,0
1604111497351,8,1010123456020,78,,1,0,4,1,0,,11.9165,383,184324,0.587296,153,0,5.66667,,0,0,0,0,0,0,0,0,0,,-250,612,,0,0,0,0
1604111497601,8,1010123456020,78,,1,0,4,1,0,,14.1088,340,183685,0.530368,138,0,7.83333,,0.285714,84,0,0.1,33,30.303,0,3.15307,31,,-250,552,,0,0,0,4
1604111497851,8,1010123456020,78,,1,0,4,1,0,,9.75371,337,183064,0.405504,134,0,5.75,,0,0,0,0,0,0,0,0,0,,-250,536,,0,0,0,0
1604111498101,8,1010123456020,78,,1,0,4,1,0,,13.4472,369,181761,0.544352,151,0,7.83333,,0,0,0,0,0,0,0,0,0,,-250,604,,0,0,0,0
1604111498351,8,1010123456020,78,,1,0,4,1,0,,13.7077,390,183409,0.686048,163,0,6.83333,,0,0,0,0,0,0,0,0,0,,-250,640,,0,0,0,0
1604111498601,8,1010123456020,78,,1,0,4,1,0,,8.37741,363,184454,0.404384,141,0,4.83333,,0.1,92,0,0.1,38,44.7368,0,2.42668,31,,-250,576,,0,0,0,4.68478
1604111498851,8,1010123456020,78,,1,0,4,1,0,,11.9208,379,183688,0.44832,150,0,7,,0,0,0,0,0,0,0,0,0,,-250,592,,0,0,0,0
1604111499101,8,1010123456020,78,,1,0,4,1,0,,14.6658,374,184042,0.595456,144,0,7.75,,0,0,0,0,0,0,0,0,0,,-250,588,,0,0,0,0
1604111499351,8,1010123456020,78,,1,0,4,1,0,,11.9239,355,183968,0.462144,142,0,6.66667,,0,2,0,0.1,1,0,0,0,31,,-250,568,,0,0,0,0
1604111499601,8,1010123456020,78,,1,0,4,1,0,,18.1155,355,177205,0.832896,144,0,9.33333,,0.1,81,0,0.1,34,52.9412,0,2.43003,31,,-250,568,,0,0,0,5.44444
1604111499851,8,1010123456020,78,,1,0,4,1,0,,7.70422,355,182622,0.373824,142,0,4.8,,0,0,0,0,0,0,0,0,0,,-250,572,,0,0,0,0
1604111500101,8,1010123456020,78,,1,0,4,1,0,,8.98204,334,183350,0.305568,135,0,4.33333,,0,0,0,0,0,0,0,0,0,,-250,548,,0,0,0,0
1604111500351,8,1010123456020,78,,1,0,4,1,0,,12.9167,324,183103,0.476352,132,0,5.75,,0,0,0,0,0,0,0,0,0,,-250,520,,0,0,0,0
1604111500601,8,1010123456020,78,,1,0,4,1,0,,12.2439,328,183746,0.519328,132,0,6.66667,,0.1,62,0,0.1,24,8.33333,0,3.43773,31,,-250,524,,0,0,0,2.01613
1604111500851,8,1010123456020,78,,1,0,4,1,0,,16.3671,316,184181,0.61168,127,0,7.5,,0,0,0,0,0,0,0,0,0,,-250,504,,0,0,0,0
1604111501101,8,1010123456020,78,,1,0,4,1,0,,12.6949,354,184146,0.510848,144,0,7.83333,,0,0,0,0,0,0,0,0,0,,-250,584,,0,0,0,0
1604111501351,8,1010123456020,78,,1,0,4,1,0,,16.069,348,183184,0.649728,140,0,8.8,,0,0,0,0,0,0,0,0,0,,-250,556,,0,0,0,0
1604111501601,8,1010123456020,78,,1,0,4,1,0,,16.2965,344,184231,0.67344,137,0,8.83333,,0.1,59,0,0.1,23,4.34783,0,3.98062,31,,-250,548,,0,0,0,1.45763
1604111501851,8,1010123456020,78,,1,0,4,1,0,,13.3894,321,183642,0.599424,134,0,8,,0,0,0,0,0,0,0,0,0,,-250,528,,0,0,0,0
1604111502101,8,1010123456020,78,,1,0,4,1,0,,4.11957,368,184373,0.20144,145,0,5.5,,0,0,0,0,0,0,0,0,0,,-250,588,,0,0,0,0
1604111502351,8,1010123456020,78,,1,0,4,1,0,,18.8772,399,183805,0.927744,156,0,9.4,,0,2,0,0.1,1,0,0,0,31,,-250,620,,0,0,0,0
1604111502601,8,1010123456020,78,,1,0,4,1,0,,5.97059,340,182629,0.22912,134,0,4.2,,0.1,64,0,0.1,26,23.0769,0,3.33655,31,,-250,548,,0,0,0,2.6875
1604111502851,8,1010123456020,78,,1,0,4,1,0,,16.2846,376,183320,0.826208,151,0,8.2,,0,0,0,0,0,0,0,0,0,,-250,592,,0,0,0,0
1604111503101,8,1010123456020,78,,1,0,4,1,0,,13.73,363,181458,0.623936,141,0,8.2,,0,0,0,0,0,0,0,0,0,,-250,568,,0,0,0,0
1604111503351,8,1010123456020,78,,1,0,4,1,0,,8.31356,354,183613,0.362784,139,0,5,,0,2,0,0.1,1,0,0,0,31,,-250,556,,0,0,0,0
1604111503601,8,1010123456020,78,,1,0,4,1,0,,17.7312,372,183013,0.97184,145,0,9.16667,,0.1,65,0,0.1,26,23.0769,0,3.55597,31,,-250,584,,0,0,0,3.21538
1604111503851,8,1010123456020,78,,1,0,4,1,0,,8.56989,372,183102,0.332768,151,0,5,,0,0,0,0,0,0,0,0,0,,-250,604,,0,0,0,0
1604111504101,8,1010123456020,78,,1,0,4,1,0,,12.435,331,183090,0.465632,136,0,6.66667,,0,0,0,0,0,0,0,0,0,,-250,540,,0,0,0,0
1604111504351,8,1010123456020,78,,1,0,4,1,0,,13.5669,344,183916,0.556352,138,0,7.6,,0.1,6,0,0.1,2,50,0,1.74894,31,,-250,552,,0,0,0,5.5
1604111504601,8,1010123456020,78,,1,0,4,1,0,,14.2722,338,184580,0.546592,139,0,8,,0.1,72,0,0.1,28,50,0,2.89118,31,,-250,548,,0,0,0,5.875
1604111504851,8,1010123456020,78,,1,0,4,1,0,,21.147,347,180950,0.995264,138,0,10.2,,0,0,0,0,0,0,0,0,0,,-250,560,,0,0,0,0
1604111505101,8,1010123456020,78,,1,0,4,1,0,,18.1468,327,184496,0.784128,134,0,9.2,,0,0,0,0,0,0,0,0,0,,-250,532,,0,0,0,0
1604111505351,8,1010123456020,78,,1,0,4,1,0,,17.8715,358,183395,0.795168,141,0,8.8,,0,0,0,0,0,0,0,0,0,,-250,572,,0,0,0,0
1604111505601,8,1010123456020,78,,1,0,4,1,0,,17.0141,354,180482,0.8448,140,0,8.2,,0.1,83,0,0.1,32,34.375,0,3.27019,31,,-250,564,,0,0,0,4.25301
1604111505851,8,1010123456020,78,,1,0,4,1,0,,20.1706,340,181189,0.922592,141,0,9.5,,0,0,0,0,0,0,0,0,0,,-250,552,,0,0,0,0
1604111506101,8,1010123456020,78,,1,0,4,1,0,,16.8952,353,180974,0.743552,142,0,9.33333,,0,0,0,0,0,0,0,0,0,,-250,572,,0,0,0,0
1604111506351,8,1010123456020,78,,1,0,4,1,0,,18.8822,314,183349,0.792064,128,0,9,,0,2,0,0.1,1,0,0,0,31,,-250,496,,0,0,0,0
1604111506601,8,1010123456020,78,,1,0,4,1,0,,19.0226,354,181901,0.92544,134,0,10.1667,,0.580645,62,0,0.1,25,28,0,3.49478,31,,-250,556,,0,0,0,3.80645
1604111506851,8,1010123456020,78,,1,0,4,1,0,,13.7163,356,183915,0.556192,145,0,7.33333,,0,0,0,0,0,0,0,0,0,,-250,572,,0,0,0,0
1604111507101,8,1010123456020,78,,1,0,4,1,0,,8.95616,365,182950,0.361952,145,0,4.66667,,0,0,0,0,0,0,0,0,0,,-250,596,,0,0,0,0
1604111507351,8,1010123456020,78,,1,0,4,1,0,,12.3883,376,181336,0.533824,156,0,8,,0.1,3,0,0.1,1,0,0,5.54984,31,,-250,616,,0,0,0,1
1604111507601,8,1010123456020,78,,1,0,4,1,0,,17.2023,351,180426,0.911456,141,0,8,,0.1,44,0,0.1,19,5.26316,0,3.98472,31,,-250,560,,0,0,0,1.47727
1604111507851,8,1010123456020,78,,1,0,4,1,0,,12.4,355,183399,0.582912,146,0,5.83333,,0,0,0,0,0,0,0,0,0,,-250,584,,0,0,0,0
1604111508101,8,1010123456020,78,,1,0,4,1,0,,7.92941,340,184598,0.297248,133,0,5.16667,,0,0,0,0,0,0,0,0,0,,-250,540,,0,0,0,0
1604111508351,8,1010123456020,78,,1,0,4,1,0,,8.37299,311,183853,0.268768,129,0,5.6,,2,3,0,0.1,1,0,0,4.46207,31,,-250,508,,0,0,0,1
1604111508601,8,1010123456020,78,,1,0,4,1,0,,13.7086,374,183442,0.631552,148,0,7.66667,,0.1,79,0,0.1,32,40.625,0,2.56674,31,,-250,596,,0,0,0,4.83544
1604111508851,8,1010123456020,78,,1,0,4,1,0,,9.58453,349,183159,0.437536,137,0,6.66667,,0,0,0,0,0,0,0,0,0,,-250,544,,0,0,0,0
1604111509101,8,1010123456020,78,,1,0,4,1,0,,6.68733,371,184090,0.310624,143,0,3.66667,,0,0,0,0,0,0,0,0,0,,-250,580,,0,0,0,0
1604111509351,8,1010123456020,78,,1,0,4,1,0,,17.3829,363,178899,0.790304,145,0,10,,0,2,0,0.1,1,0,0,0,31,,-250,572,,0,0,0,0
1604111509601,8,1010123456020,78,,1,0,4,1,0,,15.485,367,182870,0.786112,142,0,8.5,,0.1,55,0,0.1,22,9.09091,0,3.91612,31,,-250,572,,0,0,0,1.83636
1604111509851,8,1010123456020,78,,1,0,4,1,0,,9.92068,353,182674,0.383776,137,0,6.71429,,0,0,0,0,0,0,0,0,0,,-250,552,,0,0,0,0
1604111510101,8,1010123456020,78,,1,0,4,1,0,,7.93125,320,183267,0.297344,128,0,5.2,,0,0,0,0,0,0,0,0,0,,-250,512,,0,0,0,0
1604111510351,8,1010123456020,78,,1,0,4,1,0,,11.8129,294,184160,0.445856,117,0,7.8,,0,0,0,0,0,0,0,0,0,,-250,468,,0,0,0,0
1604111510601,8,1010123456020,78,,1,0,4,1,0,,9.26772,381,183699,0.399104,150,0,4.6,,0.430769,65,0,0.1,26,19.2308,0,3.52737,31,,-250,596,,0,0,0,3.33846
1604111510851,8,1010123456020,78,,1,0,4,1,0,,11.3099,342,184032,0.556704,137,0,6.57143,,0,0,0,0,0,0,0,0,0,,-250,540,,0,0,0,0
1604111511101,8,1010123456020,78,,1,0,4,1,0,,18.0985,325,183029,0.674496,126,0,9,,0,0,0,0,0,0,0,0,0,,-250,516,,0,0,0,0
1604111511351,8,1010123456020,78,,1,0,6,1,0,,16.6644,295,184161,0.746464,121,0,8.33333,,0,0,0,0,0,0,0,0,0,,-250,494,,0,0,0,0
1604111511601,8,1010123456020,78,,1,0,6,1,0,,9.99691,324,184288,0.655616,130,0,5.33333,,0.1,90,0,0.1,33,45.4545,0,2.19799,31,,-250,774,,0,0,0,5.13333
1604111511851,8,1010123456020,78,,1,0,6,1,0,,8.65069,292,183242,0.405664,116,0,5.83333,,0,0,0,0,0,0,0,0,0,,-250,676,,0,0,0,0
1604111512101,8,1010123456020,78,,1,0,6,1,0,,4.17757,321,183965,0.2672,134,0,2.5,,0,0,0,0,0,0,0,0,0,,-250,794,,0,0,0,0
1604111512351,8,1010123456020,78,,1,0,6,1,0,,10.2435,386,183226,0.649632,149,0,5.66667,,0,0,0,0,0,0,0,0,0,,-250,864,,0,0,0,0
1604111512601,8,1010123456020,78,,1,0,6,1,0,,11.6921,341,181929,0.703392,136,0,7.16667,,0.1,80,0,0.1,34,50,0,1.66639,31,,-250,796,,0,0,0,5.525
1604111512851,8,1010123456020,78,,1,0,6,1,0,,8.52771,379,181583,0.516736,153,0,5.42857,,0,0,0,0,0,0,0,0,0,,-250,884,,0,0,0,0
1604111513101,8,1010123456020,78,,1,0,6,1,0,,11.8485,231,181124,0.518912,98,0,6,,0,0,0,0,0,0,0,0,0,,-250,544,,0,0,0,0
1604111513351,8,1010123456020,78,,1,0,6,1,0,,15.1168,368,177265,1.00541,146,0,7.83333,,0,0,0,0,0,0,0,0,0,,-250,850,,0,0,0,0
1604111513601,8,1010123456020,78,,1,0,6,1,0,,10.3832,321,182836,0.519968,129,0,6,,0.1,67,0,0.1,24,33.3333,0,2.64019,31,,-250,690,,0,0,0,4.22388
1604111513851,8,1010123456020,78,,1,0,6,1,0,,9.57925,347,183849,0.487936,136,0,6.6,,0.1,3,0,0.1,1,0,0,4.55313,31,,-250,770,,0,0,0,1
1604111514101,8,1010123456020,78,,1,0,6,1,0,,12.9062,309,184420,0.681152,127,0,7.33333,,0,0,0,0,0,0,0,0,0,,-250,698,,0,0,0,0
1604111514351,8,1010123456020,78,,1,0,6,1,0,,9.75588,340,180382,0.536512,135,0,6.25,,0,0,0,0,0,0,0,0,0,,-250,812,,0,0,0,0
1604111514601,8,1010123456020,78,,1,0,6,1,0,,10.5714,287,183101,0.497056,117,0,5.83333,,0.1,75,0,0.1,26,34.6154,0,2.14146,31,,-250,662,,0,0,0,4.32
1604111514851,8,1010123456020,78,,1,0,6,1,0,,10.4694,245,183760,0.46704,104,0,5.33333,,0,0,0,0,0,0,0,0,0,,-250,576,,0,0,0,0
1604111515101,8,1010123456020,78,,1,0,6,1,0,,7.3861,259,183838,0.335904,103,0,4.33333,,0,0,0,0,0,0,0,0,0,,-250,612,,0,0,0,0
1604111515351,8,1010123456020,78,,1,0,6,1,0,,13.6266,316,179011,0.903904,122,0,7.33333,,0,0,0,0,0,0,0,0,0,,-251,760,,0,0,0,0
1604111515601,8,1010123456020,78,,1,0,6,1,0,,11.5733,375,177467,0.915136,153,0,6.33333,,0.1,91,0,0.1,36,38.8889,0,2.42515,31,,-249,884,,0,0,0,4.23077
1604111515851,8,1010123456020,78,,1,0,6,1,0,,14.3603,383,178950,0.92256,154,0,8.33333,,0,0,0,0,0,0,0,0,0,,-250,894,,0,0,0,0
1604111516101,8,1010123456020,78,,1,0,6,1,0,,18.404,349,168763,1.31082,141,0,9.5,,0,0,0,0,0,0,0,0,0,,-250,822,,0,0,0,0
1604111516351,8,1010123456020,78,,1,0,6,1,0,,11.9426,383,173825,0.850016,157,0,7.4,,0,2,0,0.1,1,0,0,0,31,,-250,886,,0,0,0,0
1604111516601,8,1010123456020,78,,1,0,6,1,0,,13.3859,368,177185,0.88112,148,0,7.16667,,0.210526,76,0,0.1,32,50,0,2.04807,31,,-250,836,,0,0,0,5.39474
1604111516851,8,1010123456020,78,,1,0,6,1,0,,10.6346,364,182967,0.60928,145,0,6,,0,0,0,0,0,0,0,0,0,,-250,850,,0,0,0,0
1604111517101,8,1010123456020,78,,1,0,6,1,0,,9.25532,376,183920,0.531136,150,0,5.5,,0,0,0,0,0,0,0,0,0,,-250,878,,0,0,0,0
1604111517351,8,1010123456020,78,,1,0,6,1,0,,11.9436,390,183170,0.724768,159,0,7.75,,0,0,0,0,0,0,0,0,0,,-250,898,,0,0,0,0
1604111517601,8,1010123456020,78,,1,0,6,1,0,,13.8911,358,183243,0.873824,144,0,7.4,,0.1,97,0,0.1,39,46.1538,0,1.93013,31,,-250,794,,0,0,0,4.86598
1604111517851,8,1010123456020,78,,1,0,6,1,0,,15.1429,329,179632,0.85744,132,0,8.75,,0,0,0,0,0,0,0,0,0,,-250,768,,0,0,0,0
1604111518101,8,1010123456020,78,,1,0,6,1,0,,14.6505,432,178636,1.00346,171,0,8,,0,0,0,0,0,0,0,0,0,,-250,982,,0,0,0,0
1604111518351,8,1010123456020,78,,1,0,6,1,0,,15.671,386,178467,1.00688,154,0,8,,0.1,3,0,0.1,1,0,0,2.47745,31,,-250,882,,0,0,0,1
1604111518601,8,1010123456020,78,,1,0,6,1,0,,15.8806,360,178737,0.913312,146,0,8.5,,0.1,64,0,0.1,25,24,0,2.68176,31,,-250,820,,0,0,0,3.29688
1604111518851,8,1010123456020,78,,1,0,6,1,0,,18.507,357,171141,1.2409,146,0,9.8,,0,0,0,0,0,0,0,0,0,,-250,854,,0,0,0,0
1604111519101,8,1010123456020,78,,1,0,6,1,0,,15.3551,414,170760,1.00035,165,0,8.2,,0,0,0,0,0,0,0,0,0,,-250,928,,0,0,0,0
1604111519351,8,1010123456020,78,,1,0,6,1,0,,13.9023,389,174998,0.849728,155,0,7.25,,0,0,0,0,0,0,0,0,0,,-250,876,,0,0,0,0
1604111519601,8,1010123456020,78,,1,0,6,1,0,,11.8689,389,183970,0.703552,158,0,7,,0.1,71,0,0.1,29,27.5862,0,2.68875,31,,-250,874,,0,0,0,3.87324
1604111519851,8,1010123456020,78,,1,0,6,1,0,,15.1395,387,179112,0.998304,154,0,8.5,,0,0,0,0,0,0,0,0,0,,-250,876,,0,0,0,0
1604111520101,8,1010123456020,78,,1,0,6,1,0,,15.3774,371,179303,0.927072,150,0,9.33333,,0,0,0,0,0,0,0,0,0,,-250,854,,0,0,0,0
1604111520351,8,1010123456020,78,,1,0,6,1,0,,14.5875,383,181772,0.913248,152,0,8.25,,0,0,0,0,0,0,0,0,0,,-250,876,,0,0,0,0
1604111520601,8,1010123456020,78,,1,0,6,1,0,,11.9842,380,178340,0.725792,153,0,6.6,,0.315789,76,0,0.1,31,35.4839,0,2.53879,31,,-250,866,,0,0,0,4.28947
1604111520851,8,1010123456020,78,,1,0,6,1,0,,18.4835,395,155770,1.77619,163,0,10,,0,0,0,0,0,0,0,0,0,,-250,936,,0,0,0,0
1604111521101,8,1010123456020,78,,1,0,6,1,0,,16.4378,434,143748,1.33424,170,0,9.5,,0,0,0,0,0,0,0,0,0,,-250,966,,0,0,0,0
1604111521351,8,1010123456020,78,,1,0,6,1,0,,19.3226,403,124217,1.58141,161,0,8.66667,,0,0,0,0,0,0,0,0,0,,-250,916,,0,0,0,0
1604111521601,8,1010123456020,78,,1,0,6,1,0,,12.488,375,128986,0.903104,153,0,7.2,,0.1,85,0,0.1,35,48.5714,0,1.8904,31,,-250,858,,0,0,0,5.45882
1604111521851,8,1010123456020,78,,1,0,6,1,0,,7.44371,302,148041,0.365536,120,0,5.25,,0,0,0,0,0,0,0,0,0,,-250,698,,0,0,0,0
1604111522101,8,1010123456020,78,,1,0,6,1,0,,4.17215,395,170170,0.245728,158,0,4.75,,0,0,0,0,0,0,0,0,0,,-250,926,,0,0,0,0
1604111522351,8,1010123456020,78,,1,0,6,1,0,,15.7487,386,168288,1.05091,155,0,9,,0,2,0,0.1,1,0,0,0,31,,-250,886,,0,0,0,0
1604111522601,8,1010123456020,78,,1,0,6,1,0,,12.8734,395,173527,0.795552,159,0,7.5,,0.1,83,0,0.1,34,47.0588,0,2.02128,31,,-250,886,,0,0,0,5.43373
1604111522851,8,1010123456020,78,,1,0,6,1,0,,19.5522,393,161284,1.39558,158,0,10,,0,0,0,0,0,0,0,0,0,,-250,910,,0,0,0,0
1604111523101,8,1010123456020,78,,1,0,6,1,0,,18.5531,367,152343,1.23136,150,0,9.5,,0,0,0,0,0,0,0,0,0,,-250,856,,0,0,0,0
1604111523351,8,1010123456020,78,,1,0,6,1,0,,18.6869,396,142321,1.30598,156,0,9.75,,0,0,0,0,0,0,0,0,0,,-250,888,,0,0,0,0
1604111523601,8,1010123456020,78,,1,0,6,1,0,,11.5249,341,149797,0.773504,137,0,5.5,,0.181818,88,0,0.1,37,29.7297,0,3.2634,31,,-250,810,,0,0,0,3.75
1604111523851,8,1010123456020,78,,1,0,6,1,0,,16.5206,340,150527,0.925312,136,0,8.8,,0.1,3,0,0.1,1,0,0,5.89408,31,,-250,782,,0,0,0,1
1604111524101,8,1010123456020,78,,1,0,6,1,0,,15.5152,394,146225,1.15808,156,0,8,,0,0,0,0,0,0,0,0,0,,-250,916,,0,0,0,0
1604111524351,8,1010123456020,78,,1,0,6,1,0,,13.3577,383,145366,0.960192,154,0,11,,0,0,0,0,0,0,0,0,0,,-250,898,,0,0,0,0
1604111524601,8,1010123456020,78,,1,0,6,1,0,,10.3032,376,154302,0.750336,154,0,7.33333,,0.28169,71,0,0.1,29,24.1379,0,3.52295,31,,-250,868,,0,0,0,3.38028
1604111524851,8,1010123456020,78,,1,0,6,1,0,,0.1,358,182204,0.088768,146,0,0.1,,0,0,0,0,0,0,0,0,0,,-250,882,,0,0,0,0
1604111525101,8,1010123456020,78,,1,0,6,1,0,,9.75591,381,172879,0.723328,150,0,11,,0,0,0,0,0,0,0,0,0,,-250,922,,0,0,0,0
1604111525351,8,1010123456020,78,,1,0,6,1,0,,13.9103,379,173201,1.02739,153,0,4.66667,,0,0,0,0,0,0,0,0,0,,-250,896,,0,0,0,0
1604111525601,8,1010123456020,78,,1,0,6,1,0,,15.4246,391,165501,1.23158,154,0,7,,0.280992,121,0,0.1,46,60.8696,0,2.10379,31,,-250,888,,0,0,0,6.40496
1604111525851,8,1010123456020,78,,1,0,6,1,0,,12.65,380,169250,0.820544,152,0,10,,0,0,0,0,0,0,0,0,0,,-250,876,,0,0,0,0
1604111526101,8,1010123456020,78,,1,0,6,1,0,,19.3415,369,159398,1.27542,151,0,10,,0,0,0,0,0,0,0,0,0,,-250,840,,0,0,0,0
1604111526351,8,1010123456020,78,,1,0,6,1,0,,8.25587,383,172580,0.57792,147,0,5.25,,0,0,0,0,0,0,0,0,0,,-250,880,,0,0,0,0
1604111526601,8,1010123456020,78,,1,0,6,1,0,,11.237,384,178106,0.812096,159,0,7.33333,,0.111111,108,0,0.1,43,58.1395,0,2.1183,31,,-250,898,,0,0,0,6.51852
1604111526851,8,1010123456020,78,,1,0,6,1,0,,2.15633,403,183527,0.166944,161,0,4,,0,0,0,0,0,0,0,0,0,,-250,922,,0,0,0,0
1604111527101,8,1010123456020,78,,1,0,6,1,0,,3.84789,355,183106,0.215648,145,0,0.1,,0,0,0,0,0,0,0,0,0,,-250,810,,0,0,0,0
1604111527351,8,1010123456020,78,,1,0,6,1,0,,21.0385,364,160959,1.64922,146,0,10.8,,0,0,0,0,0,0,0,0,0,,-250,848,,0,0,0,0
1604111527601,8,1010123456020,78,,1,0,6,1,0,,1.78591,369,184394,0.139936,149,0,0.1,,0.380952,63,0,0.1,24,25,0,4.64132,31,,-250,852,,0,0,0,2.71429
1604111527851,8,1010123456020,78,,1,0,6,1,0,,1.75714,350,183824,0.125472,138,0,0.1,,0,0,0,0,0,0,0,0,0,,-250,788,,0,0,0,0
1604111528101,8,1010123456020,78,,1,0,6,1,0,,8.00595,336,174100,0.627072,141,0,13.5,,0,0,0,0,0,0,0,0,0,,-250,790,,0,0,0,0
1604111528351,8,1010123456020,78,,1,0,6,1,0,,26.3466,352,145683,1.88573,137,0,0.1,,0,2,0,0.1,1,0,0,0,31,,-250,772,,0,0,0,0
1604111528601,8,1010123456020,78,,1,0,6,1,0,,23.9787,328,125853,1.65142,131,0,8,,0.20339,59,0,0.1,24,16.6667,0,3.97114,31,,-250,740,,0,0,0,2.59322
1604111528851,8,1010123456020,78,,1,0,6,1,0,,3.8445,373,149334,0.231104,150,0,4,,0,0,0,0,0,0,0,0,0,,-250,874,,0,0,0,0
1604111529101,8,1010123456020,78,,1,0,6,1,0,,9.03117,385,157389,0.600576,152,0,13,,0,0,0,0,0,0,0,0,0,,-250,880,,0,0,0,0
1604111529351,8,1010123456020,78,,1,0,6,1,0,,26.6091,394,117883,2.24048,155,0,13,,0,0,0,0,0,0,0,0,0,,-250,906,,0,0,0,0
1604111529601,8,1010123456020,78,,1,0,6,1,0,,26.3705,359,86727,1.95715,141,0,0.1,,0.377358,53,0,0.1,21,0,0,4.60151,31,,-250,808,,0,0,0,1
1604111529851,8,1010123456020,78,,1,0,6,1,0,,21.2827,428,61463,1.85395,172,0,10,,2,3,0,0.1,1,0,0,2.45917,31,,-250,962,,0,0,0,3
1604111530101,8,1010123456020,78,,1,0,6,1,0,,22.7139,360,36713,1.79002,146,0,10,,0,0,0,0,0,0,0,0,0,,-250,828,,0,0,0,0
1604111530351,8,1010123456020,78,,1,0,6,1,0,,27.2738,347,0,2.16378,138,0,0.1,,0,0,0,0,0,0,0,0,0,,-1,792,,0,0,0,0
1604111530601,8,1010123456020,78,,1,0,6,1,0,,23.3413,208,425,0.97792,81,0,11,,1.26437,87,0,0.1,34,67.6471,0,1.52639,31,,614,434,,0,0,0,7.41379
1604111530851,8,1010123456020,78,,1,0,6,1,0,,20.2015,273,586,0.98064,107,0,10,,0,0,0,0,0,0,0,0,0,,571,562,,0,0,0,0
1604111531101,8,1010123456020,78,,1,0,6,1,0,,2.05263,342,25113,0.218048,132,0,0.1,,0,0,0,0,0,0,0,0,0,,-142,826,,0,0,0,0
1604111531351,8,1010123456020,78,,1,0,6,1,0,,0.1,350,53045,0.088768,146,0,0.1,,0.1,3,0,0.1,1,0,0,4.81231,31,,-250,886,,0,0,0,1
1604111531601,8,1010123456020,78,,1,0,6,1,0,,0.1,324,81142,0.079648,131,0,0.1,,0.4,30,1028,0.1,13,15.3846,0,4.29098,31,,-250,808,,0,0,0,2.6
1604111531851,8,1010123456020,78,,1,0,6,1,0,,4.14706,374,99876,0.294304,151,0,10,,0.1,21,0,0.1,9,0,0,3.54093,0,,-250,924,,0,0,0,1.85714
1604111532101,8,1010123456020,78,,1,0,6,1,0,,25.676,429,57822,2.29296,171,0,13,,0,0,0,0,0,0,0,0,0,,-250,996,,0,0,0,0
1604111532351,8,1010123456020,78,,1,0,6,1,0,,26.2037,378,26426,2.02614,153,0,0.1,,0,0,0,0,0,0,0,0,0,,-250,816,,0,0,0,0
1604111532601,8,1010123456020,78,,1,0,6,1,0,,23.9634,383,0,1.85229,154,0,12,,0.1,66,0,0.1,26,30.7692,0,3.34264,31,,-39,850,,0,0,0,3.89394
1604111532851,8,1010123456020,78,,1,0,6,1,0,,12.0096,312,9611,0.704704,124,0,6.25,,0,0,0,0,0,0,0,0,0,,188,744,,0,0,0,0
1604111533101,8,1010123456020,78,,1,0,6,1,0,,12.0253,395,15909,0.774272,160,0,8,,0,0,0,0,0,0,0,0,0,,-250,884,,0,0,0,0
1604111533351,8,1010123456020,78,,1,0,6,1,0,,13.6986,345,22424,0.779264,138,0,0.1,,0,0,0,0,0,0,0,0,0,,-250,778,,0,0,0,0
1604111533601,8,1010123456020,78,,1,0,6,1,0,,22.431,348,4064,1.46458,136,0,12.5,,0.470588,68,0,0.1,28,35.7143,0,2.9672,31,,-250,786,,0,0,0,3.91176
1604111533851,8,1010123456020,78,,1,0,6,1,0,,6.21795,312,18603,0.630272,128,0,2,,0,0,0,0,0,0,0,0,0,,-4,762,,0,0,0,0
1604111534101,8,1010123456020,78,,1,0,6,1,0,,0.1,362,46490,0.086944,143,0,0.1,,0,0,0,0,0,0,0,0,0,,-250,898,,0,0,0,0
1604111534351,8,1010123456020,78,,1,0,6,1,0,,8.68207,368,57001,0.580928,146,0,11,,2,6,0,0.1,2,50,0,1.61635,31,,-250,878,,0,0,0,5.5
1604111534601,8,1010123456020,78,,1,0,6,1,0,,19.6073,382,46381,1.35728,155,0,9,,0.153846,78,0,0.1,32,18.75,0,3.24802,31,,-250,862,,0,0,0,3.30769
1604111534851,8,1010123456020,78,,1,0,6,1,0,,19.8155,401,24816,1.6681,164,0,11.8,,0,0,0,0,0,0,0,0,0,,-250,892,,0,0,0,0
1604111535101,8,1010123456020,78,,1,0,6,1,0,,17.0024,411,13221,1.29184,161,0,11,,0,0,0,0,0,0,0,0,0,,-250,960,,0,0,0,0
1604111535351,8,1010123456020,78,,1,0,6,1,0,,21.2216,361,745,1.42909,143,0,0.1,,0,0,0,0,0,0,0,0,0,,37,782,,0,0,0,0
1604111535601,8,1010123456020,78,,1,0,6,1,0,,14.1947,375,3639,0.89792,147,0,7.5,,0.358209,67,0,0.1,27,18.5185,0,4.13628,31,,260,848,,0,0,0,2.65672
1604111535851,8,1010123456020,78,,1,0,6,1,0,,12.2716,335,12866,0.701472,136,0,7,,0,0,0,0,0,0,0,0,0,,-250,758,,0,0,0,0
1604111536101,8,1010123456020,78,,1,0,6,1,0,,1.7863,365,39254,0.135424,144,0,0.1,,0,0,0,0,0,0,0,0,0,,-250,828,,0,0,0,0
1604111536351,8,1010123456020,78,,1,0,6,1,0,,1.76,375,65618,0.1392,151,0,0.1,,0.1,3,0,0.1,1,0,0,2.89073,31,,-250,844,,0,0,0,1
1604111536601,8,1010123456020,78,,1,0,6,1,0,,9.71277,376,75881,0.6136,153,0,10.5,,1.25926,54,0,0.1,22,40.9091,0,2.59624,31,,-250,852,,0,0,0,5.03704
1604111536851,8,1010123456020,78,,1,0,6,1,0,,26.504,375,40429,2.07792,147,0,13,,0,0,0,0,0,0,0,0,0,,-250,860,,0,0,0,0
1604111537101,8,1010123456020,78,,1,0,6,1,0,,15.2601,396,38201,1.12643,157,0,7,,0,0,0,0,0,0,0,0,0,,-250,880,,0,0,0,0
1604111537351,8,1010123456020,78,,1,0,6,1,0,,8.73889,360,51045,0.514944,144,0,9.5,,0,0,0,0,0,0,0,0,0,,-250,828,,0,0,0,0
1604111537601,8,1010123456020,78,,1,0,6,1,0,,11.0352,398,53417,0.98032,159,0,7.5,,0.206897,87,0,0.1,34,38.2353,0,3.05453,31,,-250,930,,0,0,0,4.66667
1604111537851,8,1010123456020,78,,1,0,6,1,0,,15.0027,365,49283,1.03917,150,0,11,,0,0,0,0,0,0,0,0,0,,-250,862,,0,0,0,0
1604111538101,8,1010123456020,78,,1,0,6,1,0,,11.309,398,54774,0.83776,158,0,4,,0.1,3,0,0.1,1,0,0,3.51226,31,,-250,906,,0,0,0,1
1604111538351,8,1010123456020,78,,1,0,6,1,0,,3.87106,349,78741,0.212416,140,0,0.1,,0,2,0,0.1,1,0,0,0,31,,-250,812,,0,0,0,0
1604111538601,8,1010123456020,78,,1,0,6,1,0,,6.43976,332,96198,0.424096,133,0,6.5,,0.1,66,0,0.1,26,23.0769,0,2.74106,31,,-250,790,,0,0,0,3.68182
1604111538851,8,1010123456020,78,,1,0,6,1,0,,0.1,348,124144,0.086944,143,0,0.1,,0,0,0,0,0,0,0,0,0,,-250,872,,0,0,0,0
1604111539101,8,1010123456020,78,,1,0,6,1,0,,0.1,351,152061,0.086944,143,0,0.1,,0,0,0,0,0,0,0,0,0,,-250,880,,0,0,0,0
1604111539351,8,1010123456020,78,,1,0,6,1,0,,0.1,341,180039,0.08512,140,0,0.1,,0.1,3,0,0.1,1,0,0,4.33379,31,,-250,858,,0,0,0,1
1604111539601,8,1010123456020,78,,1,0,6,1,0,,5.85354,396,183241,0.459264,152,0,8,,0.150943,53,0,0.1,22,27.2727,0,2.82977,31,,-250,906,,0,0,0,4.16981
1604111539851,8,1010123456020,78,,1,0,6,1,0,,3.85536,401,183573,0.24224,160,0,0.1,,0,0,0,0,0,0,0,0,0,,-250,904,,0,0,0,0
1604111540101,8,1010123456020,78,,1,0,6,1,0,,19.226,385,167798,1.34525,155,0,10.5,,0,0,0,0,0,0,0,0,0,,-250,860,,0,0,0,0
1604111540351,8,1010123456020,78,,1,0,6,1,0,,22.8056,391,142750,1.8103,156,0,9,,0,0,0,0,0,0,0,0,0,,-250,894,,0,0,0,0
1604111540601,8,1010123456020,78,,1,0,6,1,0,,23.3957,417,108284,2.11677,170,0,11.6,,0.1,66,0,0.1,28,21.4286,0,3.45894,31,,-250,972,,0,0,0,3.10606
1604111540851,8,1010123456020,78,,1,0,6,1,0,,14.3677,359,111885,0.807296,146,0,9,,0.1,6,0,0.1,2,50,0,1.23625,31,,-250,796,,0,0,0,7
1604111541101,8,1010123456020,78,,1,0,6,1,0,,5.68067,357,130341,0.420928,146,0,2,,0,0,0,0,0,0,0,0,0,,-250,868,,0,0,0,0
1604111541351,8,1010123456020,78,,1,0,6,1,0,,3.84906,318,152961,0.199904,123,0,8,,0,4,0,0.1,2,50,0,0,31,,-250,746,,0,0,0,0
1604111541601,8,1010123456020,78,,1,0,6,1,0,,1.23355,304,178612,0.210784,125,0,0.1,,0.1,16,174,0.1,7,0,0,3.95513,31,,-250,770,,0,0,0,1
1604111541851,8,1010123456020,78,,1,0,6,1,0,,22.8373,375,156611,1.62902,147,0,11.5,,0.1,35,0,0.1,15,13.3333,0,3.66362,0,,-250,838,,0,0,0,2.11429
1604111542101,8,1010123456020,78,,1,0,6,1,0,,23.586,413,126323,1.95558,164,0,0.1,,0,0,0,0,0,0,0,0,0,,-250,928,,0,0,0,0
1604111542351,8,1010123456020,78,,1,0,6,1,0,,10.3033,389,131674,0.874688,156,0,6.5,,0.1,3,0,0.1,1,0,0,4.01908,31,,-250,908,,0,0,0,1
1604111542601,8,1010123456020,78,,1,0,6,1,0,,0.1,285,160041,0.071136,117,0,0.1,,0.1,23,180,0.1,8,25,0,2.55489,31,,-250,712,,0,0,0,3.43478
1604111542851,8,1010123456020,78,,1,0,6,1,0,,27.6123,374,115420,2.32458,143,0,15,,0.1,95,0,0.1,37,59.4595,0,1.44681,31,,-250,852,,0,0,0,6.6421
1604111543101,8,1010123456020,78,,1,0,6,1,0,,23.8622,392,84447,2.00275,158,0,11.5,,0,0,0,0,0,0,0,0,0,,-250,904,,0,0,0,0
1604111543351,9,1010123456020,78,,1,0,6,1,0,,20.7626,358,73434,1.4008,147,0,10,,0,0,0,0,0,0,0,0,0,,-250,784,,0,0,0,0
1604111543601,8,1010123456020,78,,1,0,6,1,0,,21.0213,376,55741,1.48739,149,0,12,,0.705882,68,0,0.1,27,22.2222,0,3.32503,31,,-250,852,,0,0,0,3.11765
1604111543851,8,1010123456020,78,,1,0,6,1,0,,22.3579,394,20681,2.12794,158,0,6,,0,0,0,0,0,0,0,0,0,,-250,938,,0,0,0,0
1604111544101,8,1010123456020,78,,1,0,6,1,0,,7.60174,344,34511,0.4944,138,0,11,,0,0,0,0,0,0,0,0,0,,-250,818,,0,0,0,0
1604111544351,8,1010123456020,78,,1,0,6,1,0,,23.4395,380,9823,1.74234,150,0,12,,0.1,3,0,0.1,1,0,0,4.50773,31,,-250,852,,0,0,0,1
1604111544601,8,1010123456020,78,,1,0,6,1,0,,21.465,286,1656,1.30339,117,0,10.5,,0.1,129,0,0.1,52,73.0769,0,1.24658,31,,275,662,,0,0,0,7.69768
1604111544851,8,1010123456020,78,,1,0,6,1,0,,16.4595,346,156,1.0127,141,0,12,,0,0,0,0,0,0,0,0,0,,157,800,,0,0,0,0
1604111545101,8,1010123456020,78,,1,0,6,1,0,,22.0212,236,944,0.981344,96,0,0.1,,0,0,0,0,0,0,0,0,0,,671,498,,0,0,0,0
1604111545351,8,1010123456020,78,,1,0,6,1,0,,20.9547,243,1601,0.94368,98,0,11,,0,0,0,0,0,0,0,0,0,,619,530,,0,0,0,0
1604111545601,8,1010123456020,78,,1,0,6,1,0,,20.5585,265,425,1.0041,107,0,0.1,,0,0,0,0,0,0,0,0,0,,740,576,,0,0,0,0
1604111545851,8,1010123456020,78,,1,0,6,1,0,,20.6935,261,1087,0.995008,109,0,0.1,,0.1,12,0,0,4,100,0,0.1,0,,661,544,,0,0,0,10
1604111546101,8,1010123456020,78,,1,0,6,1,0,,23.0324,216,1433,0.980064,85,0,13,,0.1,124,0,0.1,50,76,0,1.17583,31,,623,466,,0,0,0,7.82258
1604111546351,8,1010123456020,78,,1,0,6,1,0,,18.8767,300,1167,0.949344,119,0,10,,0,2,0,0.1,1,0,0,0,31,,422,658,,0,0,0,0
1604111546601,8,1010123456020,78,,1,0,6,1,0,,7,330,16620,0.449248,133,0,5,,0.1,74,0,0.1,33,54.5455,0,1.86614,31,,-109,786,,0,0,0,5.41892
1604111546851,8,1010123456020,78,,1,0,6,1,0,,19.0568,352,10107,1.22621,143,0,5.5,,0,6,0,0.1,3,66.6667,0,0,0,,-250,812,,0,0,0,0
1604111547101,8,1010123456020,78,,1,0,6,1,0,,12.3422,339,15957,0.753248,135,0,10.5,,0,0,0,0,0,0,0,0,0,,-250,802,,0,0,0,0
1604111547351,8,1010123456020,78,,1,0,6,1,0,,20.5699,372,1479,1.4624,149,0,8,,0,0,0,0,0,0,0,0,0,,-61,844,,0,0,0,0
1604111547601,8,1010123456020,78,,1,0,6,1,0,,9.752,375,12897,0.645632,150,0,2,,0.1,92,0,0.1,36,22.2222,0,3.07971,31,,-250,868,,0,0,0,3.33696
1604111547851,8,1010123456020,78,,1,0,6,1,0,,0.246753,308,40638,0.075392,124,0,6,,0,0,0,0,0,0,0,0,0,,-250,766,,0,0,0,0
1604111548101,8,1010123456020,78,,1,0,6,1,0,,20.302,404,22980,1.53824,162,0,11.5,,4,12,0,0.1,4,75,0,1.83366,31,,-250,904,,0,0,0,8
1604111548351,8,1010123456020,78,,1,0,6,1,0,,14.5749,367,22904,1.00774,145,0,5,,0.1,3,0,0.1,1,0,0,3.99048,31,,-250,830,,0,0,0,1
1604111548601,8,1010123456020,78,,1,0,6,1,0,,9.14441,367,34192,0.541952,148,0,13,,0.1,83,0,0.1,33,48.4848,0,1.9529,31,,-250,838,,0,0,0,5.43373
1604111548851,8,1010123456020,78,,1,0,6,1,0,,20.5482,394,12984,1.7456,155,0,3.5,,0,2,0,0,1,100,0,0,0,,-250,872,,0,0,0,0
1604111549101,8,1010123456020,78,,1,0,6,1,0,,9.95604,364,22655,0.644128,149,0,11,,0,0,0,0,0,0,0,0,0,,-250,856,,0,0,0,0
1604111549351,8,1010123456020,78,,1,0,6,1,0,,21.8251,406,1353,1.65043,160,0,11.5,,0,0,0,0,0,0,0,0,0,,-220,898,,0,0,0,0
1604111549601,8,1010123456020,78,,1,0,6,1,0,,5.05031,318,20982,0.355424,129,0,3,,0.133333,45,0,0.1,16,0,0,3.32993,31,,-62,722,,0,0,0,1.48889
1604111549851,8,1010123456020,78,,1,0,6,1,0,,5.43152,387,38735,0.39296,159,0,11.5,,0,0,0,0,0,0,0,0,0,,-250,886,,0,0,0,0
1604111550101,8,1010123456020,78,,1,0,6,1,0,,15.0958,449,29598,1.29792,172,0,7.5,,0,0,0,0,0,0,0,0,0,,-250,1018,,0,0,0,0
1604111550351,8,1010123456020,78,,1,0,6,1,0,,9.61628,430,39050,0.653856,173,0,8.5,,0.1,5,0,0.1,2,0,0,2.23544,31,,-250,988,,0,0,0,1
1604111550601,8,1010123456020,78,,1,0,6,1,0,,18.707,372,32791,1.19619,151,0,9,,0.1,75,0,0.1,30,26.6667,0,2.3244,31,,-250,834,,0,0,0,3.90667
1604111550851,8,1010123456020,78,,1,0,6,1,0,,12.8645,369,38553,0.782048,145,0,6.66667,,0,0,0,0,0,0,0,0,0,,-250,850,,0,0,0,0
1604111551101,8,1010123456020,78,,1,0,6,1,0,,19.0443,361,32014,1.21978,146,0,11,,0,0,0,0,0,0,0,0,0,,-250,824,,0,0,0,0
1604111551351,8,1010123456020,78,,1,0,6,1,0,,23.1038,366,9223,1.68566,145,0,0.1,,0,2,0,0.1,1,0,0,0,31,,-250,844,,0,0,0,0
1604111551601,8,1010123456020,78,,1,0,6,1,0,,22.7174,276,801,1.28416,114,0,0.1,,0,0,0,0,0,0,0,0,0,,347,634,,0,0,0,0
1604111551851,8,1010123456020,78,,1,0,6,1,0,,11.899,297,10674,0.683488,117,0,8,,0,8,0,0,4,100,0,0,0,,438,682,,0,0,0,0
1604111552101,8,1010123456020,78,,1,0,6,1,0,,18.2835,388,1113,1.26282,155,0,11,,0.1,107,0,0.1,44,50,0,1.96703,31,,-188,852,,0,0,0,5.6729
1604111552351,8,1010123456020,78,,1,0,6,1,0,,15.0202,346,5367,0.8616,135,0,8,,0,0,0,0,0,0,0,0,0,,62,740,,0,0,0,0
1604111552601,8,1010123456020,78,,1,0,6,1,0,,17.1574,343,0,1.12995,143,0,14,,0.173913,92,0,0.1,37,32.4324,0,3.03335,31,,-70,784,,0,0,0,4.07609
1604111552851,8,1010123456020,78,,1,0,6,1,0,,17.5732,314,210,0.964224,123,0,7.66667,,0,6,0,0.1,3,66.6667,0,0,31,,199,660,,0,0,0,0
1604111553101,8,1010123456020,78,,1,0,6,1,0,,6.48485,330,19484,0.372256,130,0,2.5,,0,0,0,0,0,0,0,0,0,,-124,772,,0,0,0,0
1604111553351,8,1010123456020,78,,1,0,6,1,0,,18.0975,400,4467,1.44384,160,0,12,,0,0,0,0,0,0,0,0,0,,-250,908,,0,0,0,0
1604111553601,8,1010123456020,78,,1,0,6,1,0,,15.1833,360,1936,1.02307,140,0,10,,0.1,96,0,0.1,38,47.3684,0,2.35898,31,,113,774,,0,0,0,5.66667
1604111553851,8,1010123456020,78,,1,0,6,1,0,,26.0428,187,0,1.05939,74,0,0.1,,0,0,0,0,0,0,0,0,0,,463,400,,0,0,0,0
1604111554101,8,1010123456020,78,,1,0,6,1,0,,26.2156,167,0,0.978496,70,0,0.1,,0,0,0,0,0,0,0,0,0,,522,378,,0,0,0,0
1604111554351,8,1010123456020,78,,1,0,6,1,0,,25.8462,169,889,0.976608,71,0,0.1,,0,0,0,0,0,0,0,0,0,,512,366,,0,0,0,0
1604111554601,8,1010123456020,78,,1,0,6,1,0,,23.5149,202,793,0.972928,78,0,11,,0.1,104,0,0.1,42,59.5238,0,1.84726,31,,514,442,,0,0,0,7.08654
1604111554851,8,1010123456020,78,,1,0,6,1,0,,21.8789,223,1065,0.984032,94,0,12,,0.1,3,0,0.1,1,0,0,6.1131,31,,845,510,,0,0,0,1
1604111555101,8,1010123456020,78,,1,0,6,1,0,,22.0128,234,1433,0.970944,94,0,10,,0,0,0,0,0,0,0,0,0,,716,506,,0,0,0,0
1604111555351,8,1010123456020,78,,1,0,6,1,0,,22.2231,242,1433,0.97792,96,0,13,,2,3,0,0.1,1,0,0,4.12242,31,,731,498,,0,0,0,1
1604111555601,8,1010123456020,78,,1,0,6,1,0,,19.8094,278,0,0.958464,109,0,11,,0.1,15,0,0.1,5,80,0,1.17257,31,,616,590,,0,0,0,8.2
1604111555851,8,1010123456020,78,,1,0,6,1,0,,14.0031,324,7073,0.78016,133,0,10,,0,0,0,0,0,0,0,0,0,,36,734,,0,0,0,0
1604111556101,8,1010123456020,78,,1,0,6,1,0,,11.4564,390,17628,0.643904,153,0,0.1,,0.617284,81,0,0.1,32,37.5,0,3.17228,31,,-250,852,,0,0,0,4.8642
1604111556351,8,1010123456020,78,,1,0,6,1,0,,13.6703,370,20317,0.915328,150,0,8,,0,0,0,0,0,0,0,0,0,,-250,858,,0,0,0,0
1604111556601,8,1010123456020,78,,1,0,6,1,0,,12.818,401,23262,0.86288,159,0,8.25,,0.1,79,0,0.1,31,41.9355,0,2.6501,31,,-250,908,,0,0,0,5.67089
1604111556851,8,1010123456020,78,,1,0,6,1,0,,20.3595,395,5261,1.53802,159,0,11,,0,0,0,0,0,0,0,0,0,,-250,922,,0,0,0,0
1604111557101,8,1010123456020,78,,1,0,6,1,0,,20.8667,285,983,1.15526,120,0,11,,0,0,0,0,0,0,0,0,0,,497,636,,0,0,0,0
1604111557351,8,1010123456020,78,,1,0,6,1,0,,20.4478,268,1113,0.988352,110,0,0.1,,0,0,0,0,0,0,0,0,0,,678,566,,0,0,0,0
1604111557601,8,1010123456020,78,,1,0,6,1,0,,18.311,299,1197,0.966208,118,0,9.33333,,0.1,15,0,0.1,5,80,0,1.06599,31,,414,654,,0,0,0,8.2
1604111557851,8,1010123456020,78,,1,0,6,1,0,,9.49389,409,14078,0.583264,163,0,6,,0,0,0,0,0,0,0,0,0,,-250,946,,0,0,0,0
1604111558101,8,1010123456020,78,,1,0,6,1,0,,9.19478,421,27864,0.535136,167,0,0.1,,0.1,72,0,0.1,29,37.931,0,3.03114,31,,-250,910,,0,0,0,4.58333
1604111558351,8,1010123456020,78,,1,0,6,1,0,,16.5913,389,23785,1.0992,157,0,11.3333,,0,0,0,0,0,0,0,0,0,,-250,850,,0,0,0,0
1604111558601,8,1010123456020,78,,1,0,6,1,0,,21.4051,390,5047,1.52218,152,0,0.1,,0.1,34,0,0.1,14,28.5714,0,3.55498,31,,-250,856,,0,0,0,3.64706
1604111558851,8,1010123456020,78,,1,0,6,1,0,,2.43817,372,29942,0.20272,150,0,7,,0.301887,53,0,0.1,22,45.4545,0,2.75149,31,,-250,834,,0,0,0,4.56604
1604111559101,8,1010123456020,78,,1,0,6,1,0,,14.4605,380,32406,0.92096,151,0,7,,0,0,0,0,0,0,0,0,0,,-250,836,,0,0,0,0
1604111559351,8,1010123456020,78,,1,0,6,1,0,,10.9899,396,43096,0.655296,155,0,6.66667,,0.1,9,0,0.1,3,66.6667,0,1.36601,31,,-250,846,,0,0,0,7
1604111559601,8,1010123456020,78,,1,0,6,1,0,,19.3022,364,33217,1.27936,145,0,9,,0.155556,90,0,0.1,37,51.3514,0,2.88185,31,,-250,814,,0,0,0,5.44444
1604111559851,8,1010123456020,78,,1,0,6,1,0,,11.2474,291,49772,0.46512,116,0,7,,0.1,3,0,0.1,1,0,0,2.00612,0,,-250,600,,0,0,0,1
1604111560101,8,1010123456020,78,,1,0,6,1,0,,11.4723,379,60719,0.633728,154,0,0.1,,0,0,0,0,0,0,0,0,0,,-250,830,,0,0,0,0
1604111560351,8,1010123456020,78,,1,0,6,1,0,,21.2029,350,49177,1.34125,139,0,11.5,,0,0,0,0,0,0,0,0,0,,-250,756,,0,0,0,0
1604111560601,8,1010123456020,78,,1,0,6,1,0,,24.224,375,21446,1.81469,147,0,13,,0.486486,74,0,0.1,29,31.0345,0,3.00304,31,,-250,854,,0,0,0,4.33784
1604111560851,8,1010123456020,78,,1,0,6,1,0,,25.5478,314,1089,1.7088,130,0,0.1,,0,0,0,0,0,0,0,0,0,,142,686,,0,0,0,0
1604111561101,8,1010123456020,78,,1,0,6,1,0,,21.4701,251,1716,0.941248,98,0,11,,0,0,0,0,0,0,0,0,0,,672,516,,0,0,0,0
1604111561351,8,1010123456020,78,,1,0,6,1,0,,20.5,258,2284,0.957152,106,0,0.1,,0,0,0,0,0,0,0,0,0,,615,552,,0,0,0,0
1604111561601,8,1010123456020,78,,1,0,6,1,0,,12.8669,293,8872,0.755424,119,0,2,,0.328767,73,0,0.1,30,36.6667,0,2.32041,31,,335,694,,0,0,0,4.49315
1604111561851,8,1010123456020,78,,1,0,6,1,0,,0.1,297,37150,0.07296,120,0,0.1,,0,4,0,0.1,2,0,0,0,31,,-250,722,,0,0,0,0
1604111562101,8,1010123456020,78,,1,0,6,1,0,,4.48315,356,56495,0.300704,141,0,11,,0,0,0,0,0,0,0,0,0,,-250,868,,0,0,0,0
1604111562351,8,1010123456020,78,,1,0,6,1,0,,21.0342,351,44514,1.3848,139,0,11,,0.1,3,0,0.1,1,0,0,7.45559,31,,-251,794,,0,0,0,1
1604111562601,8,1010123456020,78,,1,0,6,1,0,,20.7051,356,31427,1.3822,145,0,11,,0.52459,61,0,0.1,25,20,0,2.67872,31,,-249,808,,0,0,0,3.98361
1604111562851,8,1010123456020,78,,1,0,6,1,0,,8.07395,311,44499,0.63424,130,0,6,,0,0,0,0,0,0,0,0,0,,-250,768,,0,0,0,0
1604111563101,8,1010123456020,78,,1,0,6,1,0,,10.0815,319,58670,0.505184,122,0,6.66667,,0,0,0,0,0,0,0,0,0,,-250,724,,0,0,0,0
1604111563351,8,1010123456020,78,,1,0,6,1,0,,20.1936,377,44726,1.39894,152,0,11,,0,0,0,0,0,0,0,0,0,,-250,866,,0,0,0,0
1604111563601,8,1010123456020,78,,1,0,6,1,0,,21.2781,374,27221,1.55674,150,0,11,,0.3,60,0,0.1,24,12.5,0,3.94383,31,,-250,874,,0,0,0,2.71667
1604111563851,8,1010123456020,78,,1,0,6,1,0,,21.4387,367,11049,1.4903,146,0,0.1,,0,0,0,0,0,0,0,0,0,,-250,832,,0,0,0,0
1604111564101,8,1010123456020,78,,1,0,6,1,0,,23.4227,291,2057,1.2703,115,0,11.6667,,0.1,3,0,0.1,1,0,0,6.6651,31,,-234,622,,0,0,0,1
1604111564351,8,1010123456020,78,,1,0,6,1,0,,20.364,283,1138,0.997536,117,0,12,,0,2,0,0.1,1,0,0,0,31,,443,580,,0,0,0,0
1604111564601,8,1010123456020,78,,1,0,6,1,0,,21.1196,276,0,1.01747,112,0,0.1,,1.11429,70,0,0.1,28,39.2857,0,1.54918,31,,672,568,,0,0,0,5.45714
1604111564851,8,1010123456020,78,,1,0,6,1,0,,21.9957,232,0,0.970368,92,0,12,,0,0,0,0,0,0,0,0,0,,740,516,,0,0,0,0
1604111565101,8,1010123456020,78,,1,0,6,1,0,,23.2757,214,0,0.967104,86,0,13,,0,0,0,0,0,0,0,0,0,,874,456,,0,0,0,0
1604111565351,8,1010123456020,78,,1,0,6,1,0,,23.7757,214,0,0.978688,86,0,0.1,,0,0,0,0,0,0,0,0,0,,842,434,,0,0,0,0
1604111565601,8,1010123456020,78,,1,0,6,1,0,,14.1523,243,8944,0.73552,97,0,1.5,,1.09091,88,0,0.1,34,58.8235,0,1.89325,31,,443,550,,0,0,0,6.80682
1604111565851,8,1010123456020,78,,1,0,6,1,0,,12.6761,389,8963,0.960416,154,0,9.5,,0,0,0,0,0,0,0,0,0,,-250,890,,0,0,0,0
1604111566101,8,1010123456020,78,,1,0,6,1,0,,17.6818,374,0,1.25181,154,0,11.6667,,0,4,0,0.1,2,50,0,0,31,,23,874,,0,0,0,0
1604111566351,8,1010123456020,78,,1,0,6,1,0,,12.759,307,10217,0.677728,119,0,6,,0,2,0,0.1,1,0,0,0,31,,114,686,,0,0,0,0
1604111566601,8,1010123456020,78,,1,0,6,1,0,,9.15707,382,25369,0.508992,157,0,0.1,,0.947368,76,0,0.1,30,30,0,3.43516,31,,-250,838,,0,0,0,4
1604111566851,8,1010123456020,78,,1,0,6,1,0,,16.1286,350,23986,0.997024,140,0,11.3333,,0,0,0,0,0,0,0,0,0,,-250,798,,0,0,0,0
1604111567101,8,1010123456020,78,,1,0,6,1,0,,6.20924,368,39849,0.512096,147,0,4,,0,0,0,0,0,0,0,0,0,,-250,896,,0,0,0,0
1604111567351,8,1010123456020,78,,1,0,6,1,0,,0.1,367,66229,0.0912,150,0,0.1,,0,0,0,0,0,0,0,0,0,,-250,924,,0,0,0,0
1604111567601,8,1010123456020,78,,1,0,6,1,0,,0.1,367,94087,0.091808,151,0,0.1,,0.1,15,870,0.1,5,40,0,1.6403,31,,-250,910,,0,0,0,4.8
1604111567851,8,1010123456020,78,,1,0,6,1,0,,26.1829,339,62473,1.97805,136,0,11.6667,,0.1,58,0,0.1,24,45.8333,0,3.49296,31,,-250,794,,0,0,0,4.56897
1604111568101,8,1010123456020,78,,1,0,6,1,0,,11.5811,370,73231,0.627488,145,0,0.1,,0,0,0,0,0,0,0,0,0,,-250,834,,0,0,0,0
1604111568351,8,1010123456020,78,,1,0,6,1,0,,11.5266,395,82976,0.695392,159,0,0.1,,0,0,0,0,0,0,0,0,0,,-250,878,,0,0,0,0
1604111568601,8,1010123456020,78,,1,0,6,1,0,,11.5086,407,91925,0.706688,165,0,0.1,,0.896552,58,0,0.1,24,12.5,0,4.03906,31,,-250,918,,0,0,0,2.27586
1604111568851,8,1010123456020,78,,1,0,6,1,0,,18.9462,353,83430,1.18077,136,0,11,,0,0,0,0,0,0,0,0,0,,-250,814,,0,0,0,0
1604111569101,8,1010123456020,78,,1,0,6,1,0,,21.8731,386,63601,1.63712,158,0,13,,0,0,0,0,0,0,0,0,0,,-250,874,,0,0,0,0
1604111569351,8,1010123456020,78,,1,0,6,1,0,,23.7388,402,35240,1.90109,159,0,11,,0.1,21,0,0.1,7,57.1429,0,1.72691,31,,-250,900,,0,0,0,6.42857
1604111569601,8,1010123456020,78,,1,0,6,1,0,,21.3229,353,20518,1.43862,141,0,0.1,,0.265487,113,0,0.1,45,60,0,2.04792,31,,-250,814,,0,0,0,6.62832
1604111569851,8,1010123456020,78,,1,0,6,1,0,,22.5682,359,1113,1.65482,149,0,11.6667,,0.1,3,0,0.1,1,0,0,3.13934,31,,-5,814,,0,0,0,1
1604111570101,8,1010123456020,78,,1,0,6,1,0,,20.6417,254,1089,0.99568,107,0,0.1,,0,0,0,0,0,0,0,0,0,,628,574,,0,0,0,0
1604111570351,8,1010123456020,78,,1,0,6,1,0,,9.5303,330,13846,0.52656,134,0,6,,0,0,0,0,0,0,0,0,0,,5,758,,0,0,0,0
1604111570601,8,1010123456020,78,,1,0,6,1,0,,12.3183,333,24914,0.623584,135,0,11,,1.40625,64,0,0.1,25,52,0,2.61002,31,,-250,744,,0,0,0,5.78125
1604111570851,8,1010123456020,78,,1,0,6,1,0,,16.5497,362,17637,1.2201,144,0,9,,0,2,0,0.1,1,0,0,0,31,,-250,830,,0,0,0,0
1604111571101,8,1010123456020,78,,1,0,6,1,0,,9.1392,352,33637,0.461536,139,0,0.1,,0,0,0,0,0,0,0,0,0,,-250,796,,0,0,0,0
1604111571351,8,1010123456020,78,,1,0,6,1,0,,9.2134,403,46918,0.564608,164,0,0.1,,0,0,0,0,0,0,0,0,0,,-250,942,,0,0,0,0
1604111571601,8,1010123456020,78,,1,0,6,1,0,,11.2835,395,52474,0.746368,162,0,7.5,,1.51852,54,0,0.1,22,45.4545,0,2.47404,31,,-250,940,,0,0,0,5.53704
1604111571851,8,1010123456020,78,,1,0,6,1,0,,26.4091,374,18206,2.06976,148,0,13.5,,0,0,0,0,0,0,0,0,0,,-250,844,,0,0,0,0
1604111572101,8,1010123456020,78,,1,0,6,1,0,,26.9035,259,0,1.60573,105,0,0.1,,0,0,0,0,0,0,0,0,0,,209,574,,0,0,0,0
1604111572351,8,1010123456020,78,,1,0,6,1,0,,20.5103,194,3346,0.908704,77,0,4,,0.1,6,0,0.1,2,50,0,2.13806,31,,427,448,,0,0,0,5.5
1604111572601,8,1010123456020,78,,1,0,6,1,0,,14.0084,358,969,1.05322,151,0,12.5,,0.157895,76,0,0.1,28,32.1429,0,3.2775,31,,-125,828,,0,0,0,3.96053
1604111572851,8,1010123456020,78,,1,0,6,1,0,,18.4739,268,969,0.980544,109,0,8.33333,,0,0,0,0,0,0,0,0,0,,601,588,,0,0,0,0
1604111573101,8,1010123456020,78,,1,0,6,1,0,,21.4186,258,1090,0.9696,99,0,11,,0,0,0,0,0,0,0,0,0,,649,512,,0,0,0,0
1604111573351,8,1010123456020,78,,1,0,6,1,0,,15.3333,357,920,0.885696,138,0,9.5,,0,0,0,0,0,0,0,0,0,,157,766,,0,0,0,0
1604111573601,8,1010123456020,78,,1,0,6,1,0,,17.3703,343,0,1.05715,136,0,8.75,,1.17808,73,0,0.1,30,60,0,2.43938,31,,69,726,,0,0,0,6.64384
1604111573851,8,1010123456020,78,,1,0,6,1,0,,20.8244,262,0,0.978112,107,0,14,,0,0,0,0,0,0,0,0,0,,767,552,,0,0,0,0
1604111574101,8,1010123456020,78,,1,0,6,1,0,,26.0414,169,0,0.965056,66,0,0.1,,0,0,0,0,0,0,0,0,0,,484,380,,0,0,0,0
1604111574351,8,1010123456020,78,,1,0,6,1,0,,25.1568,185,0,0.97584,73,0,13,,0,0,0,0,0,0,0,0,0,,459,398,,0,0,0,0
1604111574601,8,1010123456020,78,,1,0,6,1,0,,13.3798,258,8845,0.737184,103,0,8,,0.25,96,0,0.1,39,58.9744,0,1.93185,31,,399,558,,0,0,0,6.85417
1604111574851,8,1010123456020,78,,1,0,6,1,0,,1.77692,390,35047,0.145088,155,0,3,,0,0,0,0,0,0,0,0,0,,-250,876,,0,0,0,0
1604111575101,8,1010123456020,78,,1,0,6,1,0,,19.4246,391,19256,1.4512,156,0,11,,0,0,0,0,0,0,0,0,0,,-250,904,,0,0,0,0
1604111575351,8,1010123456020,78,,1,0,6,1,0,,20.9331,329,9895,1.29286,132,0,0.1,,0,0,0,0,0,0,0,0,0,,-250,744,,0,0,0,0
1604111575601,8,1010123456020,78,,1,0,6,1,0,,20.7471,340,1089,1.28957,137,0,11,,0.96,75,0,0.1,30,43.3333,0,2.84845,31,,205,724,,0,0,0,5.38667
1604111575851,8,1010123456020,78,,1,0,6,1,0,,22.1379,232,1433,0.980064,94,0,12,,0.1,3,0,0.1,1,0,0,1.69688,31,,601,488,,0,0,0,1
1604111576101,8,1010123456020,78,,1,0,6,1,0,,11.1486,323,11449,0.645824,126,0,5,,0,0,0,0,0,0,0,0,0,,191,728,,0,0,0,0
1604111576351,8,1010123456020,78,,1,0,6,1,0,,17.1463,335,9577,0.983456,133,0,8.5,,0,0,0,0,0,0,0,0,0,,-250,770,,0,0,0,0
1604111576601,8,1010123456020,78,,1,0,6,1,0,,16.1821,368,5595,1.09021,153,0,15,,0.1,67,0,0.1,28,25,0,3.27862,31,,-250,828,,0,0,0,3.22388
1604111576851,8,1010123456020,78,,1,0,6,1,0,,22.4118,255,49,1.17094,102,0,9,,0,0,0,0,0,0,0,0,0,,441,576,,0,0,0,0
1604111577101,8,1010123456020,78,,1,0,6,1,0,,18.5199,352,356,0.978816,143,0,11,,0,0,0,0,0,0,0,0,0,,316,688,,0,0,0,0
1604111577351,8,1010123456020,78,,1,0,6,1,0,,20.4674,276,0,0.981376,108,0,11,,0,0,0,0,0,0,0,0,0,,904,576,,0,0,0,0
1604111577601,8,1010123456020,78,,1,0,6,1,0,,18.7289,273,111,0.982464,111,0,9.66667,,0.490196,102,0,0.1,42,69.0476,0,1.33867,31,,328,620,,0,0,0,7.54902
1604111577851,8,1010123456020,78,,1,0,6,1,0,,17.1452,365,0,0.970752,142,0,12,,0,0,0,0,0,0,0,0,0,,386,782,,0,0,0,0
1604111578101,8,1010123456020,78,,1,0,6,1,0,,14.7909,263,6619,0.827712,106,0,0.1,,0.1,3,0,0.1,1,0,0,2.16785,31,,500,608,,0,0,0,2
1604111578351,8,1010123456020,78,,1,0,6,1,0,,16.8027,365,990,1.13142,151,0,9.2,,0,0,0,0,0,0,0,0,0,,56,846,,0,0,0,0
1604111578601,8,1010123456020,78,,1,0,6,1,0,,22.3739,222,1433,1.00502,93,0,0.1,,0.64,100,0,0.1,40,52.5,0,2.56187,31,,613,504,,0,0,0,6.06
1604111578851,8,1010123456020,78,,1,0,6,1,0,,22.3276,232,1033,0.97056,90,0,12,,0,0,0,0,0,0,0,0,0,,786,510,,0,0,0,0
1604111579101,8,1010123456020,78,,1,0,6,1,0,,21.783,235,0,0.98704,95,0,12,,0,0,0,0,0,0,0,0,0,,832,506,,0,0,0,0
1604111579351,8,1010123456020,78,,1,0,6,1,0,,23.3548,217,0,0.966944,85,0,11,,0,0,0,0,0,0,0,0,0,,609,434,,0,0,0,0
1604111579601,8,1010123456020,78,,1,0,6,1,0,,22.3651,241,0,0.963776,96,0,13,,1.11111,90,0,0.1,36,66.6667,0,2.40489,31,,668,492,,0,0,0,7.06667
1604111579851,8,1010123456020,78,,1,0,6,1,0,,24.6409,181,797,0.98128,69,0,0.1,,0,0,0,0,0,0,0,0,0,,504,406,,0,0,0,0
1604111580101,8,1010123456020,78,,1,0,6,1,0,,4.99738,382,18703,0.40544,154,0,7.5,,0,0,0,0,0,0,0,0,0,,-250,920,,0,0,0,0
1604111580351,8,1010123456020,78,,1,0,6,1,0,,0.348485,330,46417,0.097024,134,0,2,,0,0,0,0,0,0,0,0,0,,-250,814,,0,0,0,0
1604111580601,8,1010123456020,78,,1,0,6,1,0,,0.1,358,74290,0.088768,146,0,0.1,,2,3,0,0.1,1,0,0,4.42256,31,,-250,908,,0,0,0,1
1604111580851,8,1010123456020,78,,1,0,6,1,0,,15.3619,373,74918,0.961184,149,0,6.5,,0.657534,73,0,0.1,30,43.3333,0,2.84375,31,,-250,866,,0,0,0,5.15068
1604111581101,8,1010123456020,78,,1,0,6,1,0,,16.5622,370,68155,1.14486,150,0,10.25,,0,0,0,0,0,0,0,0,0,,-250,850,,0,0,0,0
1604111581351,8,1010123456020,78,,1,0,6,1,0,,17.6792,371,55730,1.41158,150,0,9.75,,0,0,0,0,0,0,0,0,0,,-250,856,,0,0,0,0
1604111581601,8,1010123456020,78,,1,0,6,1,0,,26.5419,406,15295,2.22771,160,0,13.5,,0.538462,78,0,0.1,31,35.4839,0,3.38568,31,,-250,898,,0,0,0,4.89744
1604111581851,8,1010123456020,78,,1,0,6,1,0,,18.1147,375,5757,1.36566,149,0,7,,0,0,0,0,0,0,0,0,0,,-18,824,,0,0,0,0
1604111582101,8,1010123456020,78,,1,0,6,1,0,,16.9237,367,0,1.12042,149,0,11.3333,,0,0,0,0,0,0,0,0,0,,2,838,,0,0,0,0
1604111582351,8,1010123456020,78,,1,0,6,1,0,,7.51576,349,15643,0.49664,137,0,6.33333,,0,0,0,0,0,0,0,0,0,,-14,808,,0,0,0,0
1604111582601,8,1010123456020,78,,1,0,6,1,0,,4.37368,380,37675,0.274176,149,0,4,,0.548387,62,0,0.1,25,32,0,3.72018,31,,-250,880,,0,0,0,4.22581
1604111582851,8,1010123456020,78,,1,0,6,1,0,,8.29847,392,47931,0.614048,163,0,11.3333,,0,0,0,0,0,0,0,0,0,,-250,952,,0,0,0,0
1604111583101,8,1010123456020,78,,1,0,6,1,0,,22.382,377,32437,1.48691,154,0,11.75,,0,0,0,0,0,0,0,0,0,,-250,764,,0,0,0,0
1604111583351,8,1010123456020,78,,1,0,6,1,0,,26.1862,376,0,2.01984,150,0,0.1,,0.1,3,0,0.1,1,0,0,8.00477,31,,-172,830,,0,0,0,1
1604111583601,8,1010123456020,78,,1,0,6,1,0,,14.3765,255,8832,0.736384,99,0,8,,1.28155,103,0,0.1,40,72.5,0,2.12989,31,,346,550,,0,0,0,7.76699
1604111583851,8,1010123456020,78,,1,0,6,1,0,,1.75369,406,34867,0.154016,166,0,0.1,,0,0,0,0,0,0,0,0,0,,-250,924,,0,0,0,0
1604111584101,8,1010123456020,78,,1,0,6,1,0,,17.0345,377,25378,1.21728,147,0,10,,0,0,0,0,0,0,0,0,0,,-250,860,,0,0,0,0
1604111584351,8,1010123456020,78,,1,0,6,1,0,,24.695,341,3093,1.76243,138,0,10,,2,3,0,0.1,1,0,0,9.09134,31,,257,738,,0,0,0,1
1604111584601,8,1010123456020,78,,1,0,6,1,0,,18.98,300,969,1.04237,120,0,13,,1.36923,65,0,0.1,25,36,0,2.56266,31,,261,652,,0,0,0,4.90769
1604111584851,8,1010123456020,78,,1,0,6,1,0,,22.8969,223,1089,0.966368,85,0,13,,0,0,0,0,0,0,0,0,0,,765,454,,0,0,0,0
1604111585101,8,1010123456020,78,,1,0,6,1,0,,20.7606,259,0,0.992704,108,0,11,,0,0,0,0,0,0,0,0,0,,683,546,,0,0,0,0
1604111585351,8,1010123456020,78,,1,0,6,1,0,,18.9038,260,2656,0.8832,104,0,6,,0,0,0,0,0,0,0,0,0,,568,560,,0,0,0,0
1604111585601,8,1010123456020,78,,1,0,6,1,0,,10.848,408,12921,0.595136,158,0,11,,1.15385,52,0,0.1,21,19.0476,0,4.64876,31,,-250,840,,0,0,0,2.78846
1604111585851,7,1010123456020,78,,1,0,6,1,0,,21.5525,324,1210,1.39798,135,0,11,,0,0,0,0,0,0,0,0,0,,-207,750,,0,0,0,0
1604111586101,7,1010123456020,78,,1,0,6,1,0,,21.0074,269,153,1.00861,106,0,0.1,,0,0,0,0,0,0,0,0,0,,660,568,,0,0,0,0
1604111586351,7,1010123456020,78,,1,0,6,1,0,,20.5593,270,774,0.982432,107,0,0.1,,0,0,0,0,0,0,0,0,0,,773,556,,0,0,0,0
1604111586601,7,1010123456020,78,,1,0,6,1,0,,17.3507,288,4400,0.868672,117,0,7,,0.277778,90,0,0.1,36,47.2222,0,3.2793,31,,459,636,,0,0,0,5.22222
1604111586851,7,1010123456020,78,,1,0,6,1,0,,12.6114,368,10552,0.778784,147,0,8,,0,0,0,0,0,0,0,0,0,,-250,846,,0,0,0,0
1604111587101,7,1010123456020,78,,1,0,6,1,0,,18.1262,309,8827,1.02038,125,0,11,,0,0,0,0,0,0,0,0,0,,-250,710,,0,0,0,0
1604111587351,7,1010123456020,78,,1,0,6,1,0,,22.2028,286,1065,1.25494,119,0,12.5,,0,0,0,0,0,0,0,0,0,,300,634,,0,0,0,0
1604111587601,7,1010123456020,78,,1,0,6,1,0,,17.3639,294,1094,0.909824,114,0,9.8,,1.22892,83,0,0.1,34,41.1765,0,3.09779,31,,272,660,,0,0,0,4.72289
1604111587851,7,1010123456020,78,,1,0,6,1,0,,9.26596,282,15227,0.615328,117,0,7.33333,,0,0,0,0,0,0,0,0,0,,216,664,,0,0,0,0
1604111588101,7,1010123456020,78,,1,0,6,1,0,,3.53333,345,38004,0.199392,139,0,4,,0,0,0,0,0,0,0,0,0,,-250,816,,0,0,0,0
1604111588351,7,1010123456020,78,,1,0,6,1,0,,3.86072,359,61819,0.221536,145,0,0.1,,0.1,3,0,0.1,1,0,0,4.96046,31,,-250,824,,0,0,0,1
1604111588601,7,1010123456020,78,,1,0,6,1,0,,6.86054,294,81844,0.28096,116,0,9,,1.1,60,0,0.1,22,13.6364,0,5.51923,31,,-250,698,,0,0,0,2.15
1604111588851,7,1010123456020,78,,1,0,6,1,0,,21.5481,343,67540,1.44557,142,0,11,,0,0,0,0,0,0,0,0,0,,-250,796,,0,0,0,0
1604111589101,7,1010123456020,78,,1,0,6,1,0,,18.4685,333,62597,1.19421,137,0,8.5,,0,0,0,0,0,0,0,0,0,,-250,754,,0,0,0,0
1604111589351,7,1010123456020,78,,1,0,6,1,0,,15.179,324,67783,0.76992,126,0,10,,0,2,0,0.1,1,0,0,0,31,,-250,732,,0,0,0,0
1604111589601,7,1010123456020,78,,1,0,6,1,0,,19.1562,365,56717,1.33741,149,0,10,,2.125,48,0,0.1,18,22.2222,0,5.3859,31,,-250,822,,0,0,0,3.33333
1604111589851,7,1010123456020,78,,1,0,6,1,0,,24.8889,342,33154,1.73162,131,0,11.5,,0,0,0,0,0,0,0,0,0,,-250,772,,0,0,0,0
1604111590101,7,1010123456020,78,,1,0,6,1,0,,18.2614,352,25799,1.26746,148,0,9.5,,0,0,0,0,0,0,0,0,0,,-250,826,,0,0,0,0
1604111590351,7,1010123456020,78,,1,0,6,1,0,,19.1472,360,15801,1.29824,141,0,9.33333,,0,2,0,0.1,1,0,0,0,31,,-250,820,,0,0,0,0
1604111590601,7,1010123456020,78,,1,0,6,1,0,,19.4274,365,1646,1.4001,148,0,8.75,,2.79167,48,0,0.1,20,30,0,4.29532,31,,-234,854,,0,0,0,4.08333
1604111590851,7,1010123456020,78,,1,0,6,1,0,,20.2807,285,1433,1.02448,115,0,11.25,,0,0,0,0,0,0,0,0,0,,577,588,,0,0,0,0
1604111591101,7,1010123456020,78,,1,0,6,1,0,,21.7033,246,0,0.972064,97,0,11,,0,0,0,0,0,0,0,0,0,,554,496,,0,0,0,0
1604111591351,7,1010123456020,78,,1,0,6,1,0,,18.5167,269,2726,0.916128,108,0,8,,0,4,0,0.1,2,50,0,0,31,,768,578,,0,0,0,0
1604111591601,7,1010123456020,78,,1,0,6,1,0,,16.0929,323,4041,0.94048,131,0,9.2,,1.96721,61,0,0.1,24,33.3333,0,4.5692,31,,71,736,,0,0,0,4.37705
1604111591851,7,1010123456020,78,,1,0,6,1,0,,8.16149,322,16107,0.585696,131,0,6.33333,,0,0,0,0,0,0,0,0,0,,-250,786,,0,0,0,0
1604111592101,7,1010123456020,78,,1,0,6,1,0,,9.22713,317,33604,0.407808,125,0,0.1,,2,3,0,0.1,1,0,0,9.13812,31,,-250,700,,0,0,0,1
1604111592351,7,1010123456020,78,,1,0,6,1,0,,19.4407,354,23800,1.26531,144,0,10.5,,0,0,0,0,0,0,0,0,0,,-250,824,,0,0,0,0
1604111592601,7,1010123456020,78,,1,0,6,1,0,,19.4545,341,18666,1.17434,138,0,10,,1.43333,60,0,0.1,26,38.4615,0,3.77072,31,,-250,762,,0,0,0,4.5
1604111592851,7,1010123456020,78,,1,0,6,1,0,,21.6991,329,4366,1.4439,138,0,11.5,,0,0,0,0,0,0,0,0,0,,-250,786,,0,0,0,0
1604111593101,7,1010123456020,78,,1,0,6,1,0,,23.2292,240,1289,1.09974,97,0,13,,0,0,0,0,0,0,0,0,0,,495,520,,0,0,0,0
1604111593351,7,1010123456020,78,,1,0,6,1,0,,19.8964,280,907,0.970368,109,0,10,,0,2,0,0.1,1,0,0,0,31,,671,612,,0,0,0,0
1604111593601,7,1010123456020,78,,1,0,6,1,0,,22.3822,225,1031,0.957664,91,0,11.5,,0.740741,81,0,0.1,32,28.125,0,3.47276,31,,945,502,,0,0,0,3.93827
1604111593851,7,1010123456020,78,,1,0,6,1,0,,20.7863,262,0,0.992384,106,0,11.3333,,0,0,0,0,0,0,0,0,0,,678,544,,0,0,0,0
1604111594101,7,1010123456020,78,,1,0,6,1,0,,13.6886,350,6581,0.766176,138,0,7,,0,0,0,0,0,0,0,0,0,,-5,802,,0,0,0,0
1604111594351,7,1010123456020,78,,1,0,6,1,0,,17.6614,316,4661,1.05098,127,0,10.25,,0,0,0,0,0,0,0,0,0,,27,720,,0,0,0,0
1604111594601,7,1010123456020,78,,1,0,6,1,0,,13.4798,346,10109,0.782912,143,0,12,,2.05556,54,0,0.1,21,23.8095,0,4.55589,31,,-250,772,,0,0,0,3.48148
1604111594851,7,1010123456020,78,,1,0,6,1,0,,24.6576,257,156,1.30784,104,0,12.5,,0,8,0,0.1,4,75,0,0,31,,588,564,,0,0,0,0
1604111595101,7,1010123456020,78,,1,0,6,1,0,,21.3945,256,0,0.981536,103,0,12,,0,0,0,0,0,0,0,0,0,,739,536,,0,0,0,0
1604111595351,7,1010123456020,78,,1,0,6,1,0,,19.3384,198,7281,0.785536,81,0,5,,0.1,6,0,0.1,2,50,0,1.76339,31,,467,410,,0,0,0,5.5
1604111595601,7,1010123456020,78,,1,0,6,1,0,,21.906,298,886,1.17171,116,0,12,,2.46429,56,0,0.1,23,60.8696,0,3.59119,31,,412,612,,0,0,0,6.30357
1604111595851,7,1010123456020,78,,1,0,6,1,0,,15.5594,320,2313,0.895136,123,0,3.66667,,0,0,0,0,0,0,0,0,0,,104,710,,0,0,0,0
1604111596101,7,1010123456020,78,,1,0,6,1,0,,20.7762,277,1200,1.04067,113,0,11,,0,0,0,0,0,0,0,0,0,,671,574,,0,0,0,0
1604111596351,7,1010123456020,78,,1,0,6,1,0,,20.5688,276,1335,0.970688,107,0,11,,2,3,0,0.1,1,0,0,1.58187,31,,742,552,,0,0,0,5
1604111596601,7,1010123456020,78,,1,0,6,1,0,,17.7279,305,1089,1.00429,123,0,8.5,,1.14607,89,0,0.1,38,47.3684,0,3.66519,31,,282,662,,0,0,0,5.33708
1604111596851,7,1010123456020,78,,1,0,6,1,0,,19.9963,267,425,0.944384,106,0,9,,0,0,0,0,0,0,0,0,0,,799,582,,0,0,0,0
1604111597101,7,1010123456020,78,,1,0,6,1,0,,17.7045,308,1386,0.965856,125,0,9,,0,0,0,0,0,0,0,0,0,,-224,688,,0,0,0,0
1604111597351,7,1010123456020,78,,1,0,6,1,0,,20.6594,276,0,1.01587,112,0,0.1,,0,0,0,0,0,0,0,0,0,,566,582,,0,0,0,0
1604111597601,7,1010123456020,78,,1,0,6,1,0,,21.3452,252,0,0.983424,101,0,13,,3.34831,89,0,0.1,35,51.4286,0,4.39755,31,,729,522,,0,0,0,5.85393
1604111597851,7,1010123456020,78,,1,0,6,1,0,,18.3452,310,1277,0.94768,124,0,10.5,,0,0,0,0,0,0,0,0,0,,270,674,,0,0,0,0
1604111598101,7,1010123456020,78,,1,0,6,1,0,,21.9876,241,0,1.00061,98,0,11.75,,0,0,0,0,0,0,0,0,0,,789,536,,0,0,0,0
1604111598351,7,1010123456020,78,,1,0,6,1,0,,21.1914,256,0,0.981024,104,0,12,,0.1,9,0,0.1,3,66.6667,0,2.86873,31,,804,530,,0,0,0,7
1604111598601,7,1010123456020,78,,1,0,6,1,0,,9.12892,287,16614,0.486112,113,0,8.5,,3.73333,30,0,0.1,14,7.14286,0,7.43529,31,,1,622,,0,0,0,2
1604111598851,7,1010123456020,78,,1,0,6,1,0,,17.5845,373,7076,1.2401,149,0,12,,0,0,0,0,0,0,0,0,0,,-250,848,,0,0,0,0
1604111599101,7,1010123456020,78,,1,0,6,1,0,,12.7612,335,12075,0.874976,129,0,8,,0,0,0,0,0,0,0,0,0,,92,748,,0,0,0,0
1604111599351,7,1010123456020,78,,1,0,6,1,0,,7.40227,353,26398,0.441056,142,0,9.33333,,0,0,0,0,0,0,0,0,0,,-250,822,,0,0,0,0
1604111599601,7,1010123456020,78,,1,0,6,1,0,,27.3993,293,887,1.86701,120,0,0.1,,2.27419,62,0,0.1,24,20.8333,0,4.92907,31,,50,646,,0,0,0,3.27419
1604111599851,7,1010123456020,78,,1,0,6,1,0,,11.2384,344,11330,0.5416,131,0,8,,0,0,0,0,0,0,0,0,0,,-81,704,,0,0,0,0
1604111600101,7,1010123456020,78,,1,0,6,1,0,,20.5817,306,2143,1.29725,126,0,10.25,,0,0,0,0,0,0,0,0,0,,-8,696,,0,0,0,0
1604111600351,7,1010123456020,78,,1,0,6,1,0,,20.7673,275,913,1.05978,114,0,0.1,,0,4,0,0.1,2,50,0,0,31,,583,578,,0,0,0,0
1604111600601,7,1010123456020,78,,1,0,6,1,0,,20.6073,275,0,0.980832,107,0,11,,3.13333,60,0,0.1,25,48,0,4.55383,31,,838,574,,0,0,0,5.23333
1604111600851,7,1010123456020,78,,1,0,6,1,0,,20.5843,267,0,0.982016,108,0,11.6667,,0,0,0,0,0,0,0,0,0,,715,574,,0,0,0,0
1604111601101,7,1010123456020,78,,1,0,6,1,0,,23.4626,214,0,0.978784,87,0,13,,0,0,0,0,0,0,0,0,0,,705,450,,0,0,0,0
1604111601351,7,1010123456020,78,,1,0,2,1,0,,17.6348,293,3460,0.907232,118,0,9.66667,,0.1,5,0,0.1,2,50,0,1.9322,31,,201,572,,0,0,0,4.6
1604111601601,7,1010123456020,78,,1,0,2,1,0,,26.6111,288,16385,0.546048,112,0,13,,3.52632,38,0,0.1,15,26.6667,0,6.67667,31,,-250,230,,0,0,0,3.36842
1604111601851,7,1010123456020,78,,1,0,2,1,0,,27.6032,310,25274,0.69328,125,0,13.8333,,0,0,0,0,0,0,0,0,0,,-250,250,,0,0,0,0
1604111602101,7,1010123456020,78,,1,0,2,1,0,,27.378,328,33590,0.7272,133,0,13,,0,0,0,0,0,0,0,0,0,,-250,264,,0,0,0,0
1604111602351,7,1010123456020,78,,1,0,2,1,0,,26.6505,289,45889,0.58208,118,0,13,,4,3,0,0.1,1,0,0,3.78088,31,,-250,238,,0,0,0,2
1604111602601,7,1010123456020,78,,1,0,2,1,0,,26.5025,199,63979,0.426336,87,0,9.33333,,1.78947,38,0,0.1,15,6.66667,0,7.02072,31,,-250,236,,0,0,0,1.73684
1604111602851,7,1010123456020,78,,1,0,2,1,0,,0,0,92609,0,0,0,0.1,,0,0,0,0,0,0,0,0,0,,-250,260,,0,0,0,0
1604111603101,7,1010123456020,78,,1,0,2,1,0,,26.8085,141,114250,0.278528,56,0,6.5,,0,0,0,0,0,0,0,0,0,,-250,238,,0,0,0,0
1604111603351,7,1010123456020,78,,1,0,2,1,0,,26.7429,210,131108,0.41632,82,0,13.5,,0,0,0,0,0,0,0,0,0,,-250,290,,0,0,0,0
1604111603601,7,1010123456020,78,,1,0,2,1,0,,27,20,159954,0.060288,12,0,1,,14,3,0,0.1,1,0,0,10.9707,31,,-250,268,,0,0,0,2
1604111603851,7,1010123456020,78,,1,0,2,1,0,,25.9823,226,175922,0.44048,89,0,13,,2.12195,41,0,0.1,17,11.7647,0,5.42299,31,,-250,230,,0,0,0,2.34146
1604111604101,7,1010123456020,78,,1,0,2,1,0,,22.731,316,183691,0.51792,129,0,10.8,,0,0,0,0,0,0,0,0,0,,-250,256,,0,0,0,0
1604111604351,7,1010123456020,78,,1,0,2,1,0,,26.5284,299,183919,0.58848,122,0,13,,0,0,0,0,0,0,0,0,0,,-250,248,,0,0,0,0
1604111604601,7,1010123456020,78,,1,0,2,1,0,,26.6456,285,183673,0.576544,117,0,13,,6.80645,31,0,0.1,14,71.4286,0,5.41614,31,,-250,234,,0,0,0,6.80645
1604111604851,7,1010123456020,78,,1,0,2,1,0,,26.8711,287,183939,0.626816,120,0,13.25,,0,0,0,0,0,0,0,0,0,,-250,232,,0,0,0,0
1604111605101,7,1010123456020,78,,1,0,2,1,0,,26.953,298,183891,0.642048,120,0,14,,0,0,0,0,0,0,0,0,0,,-250,246,,0,0,0,0
1604111605351,7,1010123456020,78,,1,0,2,1,0,,27.2517,298,184075,0.654624,121,0,13,,0.1,3,0,0.1,1,0,0,9.96102,31,,-250,244,,0,0,0,1
1604111605601,7,1010123456020,78,,1,0,2,1,0,,18.8125,272,184299,0.391776,114,0,9,,4.5,32,0,0.1,13,15.3846,0,7.23693,31,,-250,222,,0,0,0,2.875
1604111605851,7,1010123456020,78,,1,0,2,1,0,,26.4545,319,182959,0.715264,128,0,11.25,,0,0,0,0,0,0,0,0,0,,-250,262,,0,0,0,0
1604111606101,7,1010123456020,78,,1,0,2,1,0,,25.3024,291,182573,0.607328,122,0,14,,0,0,0,0,0,0,0,0,0,,-250,240,,0,0,0,0
1604111606351,7,1010123456020,78,,1,0,2,1,0,,27.8571,119,184152,0.301568,52,0,8,,0,0,0,0,0,0,0,0,0,,-250,246,,0,0,0,0
1604111606601,7,1010123456020,78,,1,0,2,1,0,,27.6377,138,183250,0.278976,50,0,14,,2.20408,49,0,0.1,20,5,0,8.17003,31,,-250,266,,0,0,0,2.10204
1604111606851,7,1010123456020,78,,1,0,2,1,0,,26.5524,286,184238,0.643936,119,0,13,,0,0,0,0,0,0,0,0,0,,-250,232,,0,0,0,0
1604111607101,7,1010123456020,78,,1,0,2,1,0,,27.8767,300,184177,0.71472,123,0,14,,0,0,0,0,0,0,0,0,0,,-250,244,,0,0,0,0
1604111607351,7,1010123456020,78,,1,0,2,1,0,,26.8788,297,183237,0.595776,118,0,13,,0,0,0,0,0,0,0,0,0,,-250,238,,0,0,0,0
1604111607601,7,1010123456020,78,,1,0,2,1,0,,26.7643,314,183461,0.660416,126,0,13.6,,6.95238,21,0,0.1,8,12.5,0,8.76125,31,,-250,250,,0,0,0,2.47619
1604111607851,7,1010123456020,78,,1,0,2,1,0,,20.2126,348,183846,0.499872,137,0,10.75,,0,0,0,0,0,0,0,0,0,,-250,278,,0,0,0,0
1604111608101,7,1010123456020,78,,1,0,2,1,0,,27.0844,308,183449,0.627904,122,0,13,,0,0,0,0,0,0,0,0,0,,-250,244,,0,0,0,0
1604111608351,7,1010123456020,78,,1,0,2,1,0,,24.8031,325,184254,0.586272,129,0,12,,0,0,0,0,0,0,0,0,0,,-250,258,,0,0,0,0
1604111608601,7,1010123456020,78,,1,0,2,1,0,,27.8811,328,182575,0.76208,131,0,14,,5.07143,14,0,0.1,6,0,0,10.5412,31,,-250,262,,0,0,0,1.28571
1604111608851,7,1010123456020,78,,1,0,2,1,0,,20.4706,306,183711,0.458336,121,0,11.2,,0,0,0,0,0,0,0,0,0,,-250,240,,0,0,0,0
1604111609101,7,1010123456020,78,,1,0,2,1,0,,12,361,183118,0.216576,144,0,0.1,,0,0,0,0,0,0,0,0,0,,-250,294,,0,0,0,0
1604111609351,7,1010123456020,78,,1,0,2,1,0,,17.0606,330,183236,0.374944,135,0,12,,0,0,0,0,0,0,0,0,0,,-250,264,,0,0,0,0
1604111609601,7,1010123456020,78,,1,0,2,1,0,,23.3311,302,184318,0.594912,125,0,11.4,,6.32258,31,0,0.1,13,23.0769,0,7.50696,31,,-250,250,,0,0,0,3.25806
1604111609851,7,1010123456020,78,,1,0,2,1,0,,6.75421,297,183867,0.149056,122,0,13.5,,0,0,0,0,0,0,0,0,0,,-250,246,,0,0,0,0
1604111610101,7,1010123456020,78,,1,0,2,1,0,,19.6918,331,184462,0.47536,133,0,9.33333,,0,0,0,0,0,0,0,0,0,,-250,270,,0,0,0,0
1604111610351,7,1010123456020,78,,1,0,2,1,0,,25.2034,290,183367,0.588032,118,0,14.25,,0,2,0,0.1,1,0,0,0,31,,-250,230,,0,0,0,0
1604111610601,7,1010123456020,78,,1,0,2,1,0,,27.3435,294,183144,0.618944,114,0,13.3333,,5.26667,30,0,0.1,12,0,0,7.89908,31,,-250,230,,0,0,0,1.53333
1604111610851,7,1010123456020,78,,1,0,2,1,0,,26.8708,294,184095,0.589248,118,0,0.1,,0,0,0,0,0,0,0,0,0,,-250,234,,0,0,0,0
1604111611101,7,1010123456020,78,,1,0,2,1,0,,26.3562,292,184052,0.571008,116,0,7.33333,,0,0,0,0,0,0,0,0,0,,-250,268,,0,0,0,0
1604111611351,7,1010123456020,78,,1,0,2,1,0,,27.0483,352,183576,0.754176,138,0,14,,0,2,0,0.1,1,0,0,0,31,,-250,276,,0,0,0,0
1604111611601,7,1010123456020,78,,1,0,2,1,0,,21.4195,379,182182,0.570592,149,0,9.5,,5.13333,15,0,0.1,6,0,0,11.4027,31,,-250,300,,0,0,0,1.4
1604111611851,7,1010123456020,78,,1,0,2,1,0,,22.3095,336,182767,0.551168,130,0,10.75,,0,0,0,0,0,0,0,0,0,,-250,260,,0,0,0,0
1604111612101,7,1010123456020,78,,1,0,2,1,0,,27.433,358,182401,0.76896,142,0,14,,0,0,0,0,0,0,0,0,0,,-250,282,,0,0,0,0
1604111612351,7,1010123456020,78,,1,0,2,1,0,,27.07,300,183630,0.62992,121,0,13.3333,,0,2,0,0.1,1,0,0,0,31,,-250,240,,0,0,0,0
1604111612601,7,1010123456020,78,,1,0,2,1,0,,14.0487,370,183167,0.404576,145,0,11,,5.53333,15,0,0.1,6,0,0,12.0532,31,,-250,290,,0,0,0,1.2
1604111612851,7,1010123456020,78,,1,0,2,1,0,,23.64,325,183790,0.58976,128,0,10.3333,,0,0,0,0,0,0,0,0,0,,-250,256,,0,0,0,0
1604111613101,7,1010123456020,78,,1,0,2,1,0,,27.5529,340,183706,0.751872,136,0,13.8,,0,0,0,0,0,0,0,0,0,,-250,274,,0,0,0,0
1604111613351,7,1010123456020,78,,1,0,2,1,0,,22.4613,323,184541,0.614208,132,0,10,,0,0,0,0,0,0,0,0,0,,-250,260,,0,0,0,0
1604111613601,7,1010123456020,78,,1,0,2,1,0,,25.0031,324,183331,0.600032,127,0,12.5,,7.41176,17,0,0.1,7,14.2857,0,12.637,31,,-250,252,,0,0,0,2.76471
1604111613851,7,1010123456020,78,,1,0,2,1,0,,25.0067,298,184079,0.585152,118,0,12.25,,0,0,0,0,0,0,0,0,0,,-250,240,,0,0,0,0
1604111614101,7,1010123456020,78,,1,0,2,1,0,,27.6395,319,184477,0.711264,127,0,13,,0,2,0,0.1,1,0,0,0,31,,-250,246,,0,0,0,0
1604111614351,7,1010123456020,78,,1,0,2,1,0,,24.5109,229,183879,0.39968,92,0,5.75,,0,0,0,0,0,0,0,0,0,,-250,266,,0,0,0,0
1604111614601,7,1010123456020,78,,1,0,2,1,0,,0,0,183879,0,0,0,0.1,,0,0,0,0,0,0,0,0,0,,-250,288,,0,0,0,0
1604111614851,7,1010123456020,78,,1,0,2,1,0,,11.9189,259,183411,0.155968,101,0,10.6667,,5.59091,22,0,0.1,9,0,0,11.0859,31,,-250,210,,0,0,0,1
1604111615101,7,1010123456020,78,,1,0,2,1,0,,27.0271,295,182660,0.58272,114,0,13.1667,,0,0,0,0,0,0,0,0,0,,-250,232,,0,0,0,0
1604111615351,7,1010123456020,78,,1,0,2,1,0,,26.6957,322,183571,0.630112,127,0,12.6667,,0,2,0,0.1,1,0,0,0,31,,-250,256,,0,0,0,0
1604111615601,7,1010123456020,78,,1,0,2,1,0,,26.7824,340,183337,0.668,135,0,13,,6.37037,27,0,0.1,11,9.09091,0,11.5973,31,,-250,270,,0,0,0,2.07407
1604111615851,7,1010123456020,78,,1,0,2,1,0,,27.1122,294,183525,0.629184,122,0,13,,0,0,0,0,0,0,0,0,0,,-250,236,,0,0,0,0
1604111616101,7,1010123456020,78,,1,0,2,1,0,,20.2768,336,183528,0.456096,130,0,11,,0,0,0,0,0,0,0,0,0,,-250,270,,0,0,0,0
1604111616351,7,1010123456020,78,,1,0,2,1,0,,22.8837,215,183410,0.349504,90,0,6.75,,0,0,0,0,0,0,0,0,0,,-250,252,,0,0,0,0
1604111616601,7,1010123456020,78,,1,0,2,1,0,,26.3698,311,184637,0.621056,128,0,13,,7.82353,17,0,0.1,7,14.2857,0,10.5532,31,,-250,256,,0,0,0,2.05882
1604111616851,7,1010123456020,78,,1,0,2,1,0,,26.8606,287,184029,0.58976,118,0,12,,0,2,0,0.1,1,0,0,0,31,,-250,236,,0,0,0,0
1604111617101,7,1010123456020,78,,1,0,2,1,0,,24.409,335,183559,0.577568,133,0,11.6667,,0,0,0,0,0,0,0,0,0,,-250,270,,0,0,0,0
1604111617351,7,1010123456020,78,,1,0,2,1,0,,23.9967,308,183435,0.535936,126,0,11.75,,7,3,0,0.1,1,0,0,10.9951,31,,-250,250,,0,0,0,1
1604111617601,6,1010123456020,78,,1,0,2,1,0,,24.2288,389,183182,0.655584,155,0,12,,5.73333,15,0,0.1,6,0,0,10.4519,31,,-250,314,,0,0,0,1.2
1604111617851,6,1010123456020,78,,1,0,2,1,0,,26.471,465,182570,0.947744,189,0,11.5,,0,0,0,0,0,0,0,0,0,,-250,376,,0,0,0,0
1604111618101,6,1010123456020,78,,1,0,2,1,0,,23.6398,472,182060,0.79136,184,0,12.8333,,0,0,0,0,0,0,0,0,0,,-250,372,,0,0,0,0
1604111618351,6,1010123456020,78,,1,0,2,1,0,,24.8828,435,183094,0.776736,173,0,12,,9,6,0,0.1,2,50,0,6.55697,31,,-250,346,,0,0,0,5.5
1604111618601,6,1010123456020,78,,1,0,2,1,0,,22.125,472,183310,0.72016,185,0,10.6,,9.89474,19,0,0.1,7,28.5714,0,11.3901,31,,-250,370,,0,0,0,4.31579
1604111618851,6,1010123456020,78,,1,0,2,1,0,,24.129,372,182761,0.633888,151,0,9.8,,9,3,0,0.1,1,0,0,9.11645,31,,-250,360,,0,0,0,1
1604111619101,6,1010123456020,78,,1,0,2,1,0,,26.5049,410,183943,0.815584,167,0,13,,0,0,0,0,0,0,0,0,0,,-250,332,,0,0,0,0
1604111619351,6,1010123456020,78,,1,0,2,1,0,,26.1196,301,183194,0.599328,125,0,10.4,,4,3,0,0.1,1,0,0,9.08536,31,,-250,374,,0,0,0,1
1604111619601,6,1010123456020,78,,1,0,2,1,0,,26.903,474,183260,0.923296,185,0,13,,4.82857,35,0,0.1,14,14.2857,0,8.50562,31,,-250,378,,0,0,0,2.4
1604111619851,6,1010123456020,78,,1,0,2,1,0,,26.7679,474,183321,0.963296,191,0,13,,0,0,0,0,0,0,0,0,0,,-250,376,,0,0,0,0
1604111620101,6,1010123456020,78,,1,0,2,1,0,,24.578,481,183792,0.84592,193,0,12,,0,0,0,0,0,0,0,0,0,,-250,384,,0,0,0,0
1604111620351,6,1010123456020,78,,1,0,2,1,0,,26.6392,485,183798,0.932896,189,0,12,,0,0,0,0,0,0,0,0,0,,-249,384,,0,0,0,0
1604111620601,6,1010123456020,78,,1,0,2,1,0,,24.5982,448,183026,0.772224,176,0,12,,6.92857,14,0,0.1,6,0,0,10.5552,31,,-250,358,,0,0,0,1.21429
1604111620851,6,1010123456020,78,,1,0,2,1,0,,26.5597,486,183289,0.939008,192,0,12.8333,,0,0,0,0,0,0,0,0,0,,-250,380,,0,0,0,0
1604111621101,6,1010123456020,78,,1,0,2,1,0,,21.2197,478,183592,0.716128,192,0,11.25,,0,0,0,0,0,0,0,0,0,,-250,380,,0,0,0,0
1604111621351,6,1010123456020,78,,1,0,2,1,0,,26.7387,421,183736,0.847584,171,0,13,,4,3,0,0.1,1,0,0,13.1147,31,,-250,342,,0,0,0,1
1604111621601,6,1010123456020,78,,1,0,2,1,0,,26.6473,431,183264,0.858048,174,0,13,,2.26531,49,0,0.1,19,15.7895,0,7.2,31,,-250,352,,0,0,0,2.53061
1604111621851,6,1010123456020,78,,1,0,2,1,0,,26.4912,456,182959,0.91504,187,0,12.8333,,0,0,0,0,0,0,0,0,0,,-250,372,,0,0,0,0
1604111622101,6,1010123456020,78,,1,0,2,1,0,,26.6358,475,182666,0.939328,190,0,13,,0,0,0,0,0,0,0,0,0,,-250,384,,0,0,0,0
1604111622351,6,1010123456020,78,,1,0,2,1,0,,27.4837,492,179623,1.10877,201,0,13,,0,0,0,0,0,0,0,0,0,,-250,398,,0,0,0,0
1604111622601,6,1010123456020,78,,1,0,2,1,0,,26.8081,469,179906,0.983648,191,0,13,,6.72,25,0,0.1,10,20,0,9.90807,31,,-250,382,,0,0,0,2.44
1604111622851,6,1010123456020,78,,1,0,2,1,0,,25.731,461,183420,0.88192,188,0,12.4286,,0,0,0,0,0,0,0,0,0,,-250,376,,0,0,0,0
1604111623101,6,1010123456020,78,,1,0,2,1,0,,26.8178,450,182518,0.986592,183,0,13,,0,0,0,0,0,0,0,0,0,,-250,362,,0,0,0,0
1604111623351,6,1010123456020,78,,1,0,2,1,0,,25.768,431,181935,0.804608,172,0,13,,0,2,0,0.1,1,0,0,0,31,,-250,350,,0,0,0,0
1604111623601,6,1010123456020,78,,1,0,2,1,0,,27.241,473,180804,1.03414,193,0,13.4,,9,11,0,0.1,4,0,0,12.4224,31,,-250,384,,0,0,0,1.18182
1604111623851,6,1010123456020,78,,1,0,2,1,0,,20.5094,373,183215,0.546208,153,0,9.2,,0,0,0,0,0,0,0,0,0,,-250,368,,0,0,0,0
1604111624101,6,1010123456020,78,,1,0,2,1,0,,26.9496,456,182373,0.922112,184,0,13,,0,0,0,0,0,0,0,0,0,,-250,370,,0,0,0,0
1604111624351,6,1010123456020,78,,1,0,2,1,0,,26.6837,471,182048,0.96032,190,0,13,,9,3,0,0.1,1,0,0,12.1064,31,,-250,380,,0,0,0,1
1604111624601,6,1010123456020,78,,1,0,2,1,0,,26.5911,450,181008,0.912512,180,0,13.5,,7.46154,13,0,0.1,5,0,0,13.3456,31,,-250,364,,0,0,0,1
1604111624851,6,1010123456020,78,,1,0,2,1,0,,27.5576,434,181838,0.981408,177,0,13.8,,0,0,0,0,0,0,0,0,0,,-250,348,,0,0,0,0
1604111625101,6,1010123456020,78,,1,0,2,1,0,,26.3878,477,180561,1.02902,193,0,12.3333,,0,0,0,0,0,0,0,0,0,,-250,388,,0,0,0,0
1604111625351,6,1010123456020,78,,1,0,2,1,0,,27.4307,462,180175,1.00253,185,0,13.6,,9,3,0,0.1,1,0,0,5.71635,31,,-250,370,,0,0,0,2
1604111625601,6,1010123456020,78,,1,0,2,1,0,,26.9815,432,183481,0.894848,176,0,13,,5.84615,13,0,0.1,5,0,0,10.9601,31,,-250,350,,0,0,0,1.46154
1604111625851,6,1010123456020,78,,1,0,2,1,0,,26.7662,325,183697,0.680864,137,0,7.5,,0,0,0,0,0,0,0,0,0,,-250,334,,0,0,0,0
1604111626101,6,1010123456020,78,,1,0,2,1,0,,27,36,184281,0.040192,8,0,13,,0,0,0,0,0,0,0,0,0,,-250,376,,0,0,0,0
1604111626351,6,1010123456020,78,,1,0,2,1,0,,26.9239,473,182274,0.97584,195,0,13,,0,0,0,0,0,0,0,0,0,,-250,386,,0,0,0,0
1604111626601,6,1010123456020,78,,1,0,2,1,0,,27.0967,455,182626,0.929312,181,0,13.25,,8.38235,34,0,0.1,14,21.4286,0,9.49267,31,,-250,364,,0,0,0,3.52941
1604111626851,6,1010123456020,78,,1,0,2,1,0,,26.9158,463,182818,0.94544,189,0,13,,0,0,0,0,0,0,0,0,0,,-250,376,,0,0,0,0
1604111627101,6,1010123456020,78,,1,0,2,1,0,,27.0665,451,182530,0.953024,182,0,13,,0,2,0,0.1,1,0,0,0,31,,-250,366,,0,0,0,0
1604111627351,6,1010123456020,78,,1,0,2,1,0,,26.6586,454,183521,0.916128,185,0,13.2,,7,3,0,0.1,1,0,0,8.54181,31,,-250,368,,0,0,0,1
1604111627601,6,1010123456020,78,,1,0,2,1,0,,25.3089,437,183392,0.809728,176,0,12.5,,8.97436,39,0,0.10384,16,25,0,10.3435,31,,-250,354,,0,0,0,3.41026
1604111627851,6,1010123456020,78,,1,0,2,1,0,,24.1683,404,183885,0.698816,166,0,13,,0,0,0,0,0,0,0,0,0,,-250,328,,0,0,0,0
1604111628101,6,1010123456020,78,,1,0,2,1,0,,27.6395,430,183154,0.959584,171,0,13.5,,0,0,0,0,0,0,0,0,0,,-250,344,,0,0,0,0
1604111628351,6,1010123456020,78,,1,0,2,1,0,,26.0855,421,184480,0.825344,172,0,12.6667,,0,0,0,0,0,0,0,0,0,,-250,338,,0,0,0,0
1604111628601,6,1010123456020,78,,1,0,2,1,0,,19.4409,474,181618,0.739616,187,0,11.25,,9,17,0,0.1,7,0,0,14.711,31,,-250,380,,0,0,0,1.29412
1604111628851,6,1010123456020,78,,1,0,2,1,0,,27.8013,468,179407,1.09821,191,0,10.5,,0,0,0,0,0,0,0,0,0,,-250,378,,0,0,0,0
1604111629101,6,1010123456020,78,,1,0,2,1,0,,27.7754,374,183275,0.827936,145,0,14,,0,0,0,0,0,0,0,0,0,,-250,356,,0,0,0,0
1604111629351,6,1010123456020,78,,1,0,2,1,0,,26.6612,484,181030,1.02534,190,0,13.1667,,0,0,0,0,0,0,0,0,0,,-250,380,,0,0,0,0
1604111629601,6,1010123456020,78,,1,0,2,1,0,,27.5126,398,181514,0.86608,157,0,13.6667,,12.9444,18,0,0.1,8,50,0,9.58614,31,,-250,316,,0,0,0,5.5
1604111629851,6,1010123456020,78,,1,0,2,1,0,,27.795,478,178439,1.09706,191,0,13.8,,0,0,0,0,0,0,0,0,0,,-250,380,,0,0,0,0
1604111630101,6,1010123456020,78,,1,0,2,1,0,,27.9681,502,173581,1.14902,195,0,14,,0,0,0,0,0,0,0,0,0,,-250,390,,0,0,0,0
1604111630351,6,1010123456020,78,,1,0,2,1,0,,27.5624,457,173245,1.00778,181,0,13.8,,0,0,0,0,0,0,0,0,0,,-250,360,,0,0,0,0
1604111630601,6,1010123456020,78,,1,0,2,1,0,,26.3864,471,173569,0.980288,186,0,12.5,,7.8,15,0,0.1,6,0,0,15.3253,31,,-250,374,,0,0,0,1.2
1604111630851,6,1010123456020,78,,1,0,2,1,0,,27.875,408,175372,0.93072,161,0,14,,0,4,0,0.1,2,50,0,0,31,,-250,320,,0,0,0,0
1604111631101,6,1010123456020,78,,1,0,2,1,0,,27.3402,388,180494,0.813344,149,0,13.6,,0,0,0,0,0,0,0,0,0,,-250,302,,0,0,0,0
1604111631351,6,1010123456020,78,,1,0,2,1,0,,27.8237,465,177831,1.09523,190,0,14,,7,3,0,0.1,1,0,0,11.7329,31,,-250,374,,0,0,0,1
1604111631601,6,1010123456020,78,,1,0,2,1,0,,21.2656,448,183832,0.615968,175,0,11.5,,3.3913,46,0,0.1,18,0,0,9.81672,31,,-250,352,,0,0,0,1.17391
1604111631851,6,1010123456020,78,,1,0,2,1,0,,25.0887,451,183228,0.85776,185,0,13.6,,0,0,0,0,0,0,0,0,0,,-250,370,,0,0,0,0
1604111632101,6,1010123456020,78,,1,0,2,1,0,,27.9045,398,183155,0.93968,161,0,14,,0,0,0,0,0,0,0,0,0,,-250,324,,0,0,0,0
1604111632351,6,1010123456020,78,,1,0,2,1,0,,26.3342,401,181167,0.861216,163,0,12.75,,0,0,0,0,0,0,0,0,0,,-250,328,,0,0,0,0
1604111632601,6,1010123456020,78,,1,0,2,1,0,,27.4326,467,180064,1.03363,189,0,13.75,,4.5,34,0,0.1,13,7.69231,0,10.2572,31,,-250,378,,0,0,0,2
1604111632851,6,1010123456020,78,,1,0,2,1,0,,27.9259,486,174889,1.16554,199,0,14,,9,3,0,0.1,1,0,0,7.95451,31,,-250,396,,0,0,0,1
1604111633101,6,1010123456020,78,,1,0,2,1,0,,27.6113,476,172214,1.06877,191,0,13.6,,0,0,0,0,0,0,0,0,0,,-250,386,,0,0,0,0
1604111633351,6,1010123456020,78,,1,0,2,1,0,,27.6824,488,168384,1.13616,201,0,13.6,,0,0,0,0,0,0,0,0,0,,-250,396,,0,0,0,0
1604111633601,6,1010123456020,78,,1,0,2,1,0,,27.8643,420,168652,0.959424,166,0,14,,5.5,18,0,0.1,7,14.2857,0,13.5029,31,,-250,338,,0,0,0,2
1604111633851,6,1010123456020,78,,1,0,2,1,0,,27.2925,482,167811,1.02582,193,0,13.4286,,0,0,0,0,0,0,0,0,0,,-249,382,,0,0,0,0
1604111634101,6,1010123456020,78,,1,0,2,1,0,,27.9078,477,164500,1.104,188,0,13.75,,0,0,0,0,0,0,0,0,0,,-250,374,,0,0,0,0
1604111634351,6,1010123456020,78,,1,0,2,1,0,,27.0143,491,162532,1.06368,196,0,13.5,,0,0,0,0,0,0,0,0,0,,-250,390,,0,0,0,0
1604111634601,6,1010123456020,78,,1,0,2,1,0,,27.5457,449,161440,1.01949,183,0,13.8333,,4.94872,39,0,0.1,16,25,0,8.57995,31,,-250,366,,0,0,0,3.28205
1604111634851,6,1010123456020,78,,1,0,2,1,0,,26.5317,457,162022,0.971456,182,0,13.1667,,9,3,0,0.1,1,0,0,12.2749,31,,-250,366,,0,0,0,1
1604111635101,6,1010123456020,78,,1,0,2,1,0,,27.8295,475,157699,1.0704,186,0,14,,0,0,0,0,0,0,0,0,0,,-250,376,,0,0,0,0
1604111635351,6,1010123456020,78,,1,0,2,1,0,,27.4802,504,154724,1.10893,202,0,13.5,,0,0,0,0,0,0,0,0,0,,-250,398,,0,0,0,0
1604111635601,6,1010123456020,78,,1,0,2,1,0,,22.0395,430,165478,0.63168,170,0,11.5,,3.55882,34,0,0.1,14,7.14286,0,9.914,31,,-250,342,,0,0,0,1.88235
1604111635851,6,1010123456020,78,,1,0,2,1,0,,27.6184,490,162855,1.07715,193,0,13.7143,,0,0,0,0,0,0,0,0,0,,-250,386,,0,0,0,0
1604111636101,6,1010123456020,78,,1,0,2,1,0,,27.8883,403,164782,0.956544,164,0,14,,4,3,0,0.1,1,0,0,8.3264,31,,-250,318,,0,0,0,1
1604111636351,6,1010123456020,78,,1,0,2,1,0,,27.9017,417,165808,0.931072,160,0,14,,0,0,0,0,0,0,0,0,0,,-250,328,,0,0,0,0
1604111636601,6,1010123456020,78,,1,0,2,1,0,,27.362,453,166467,0.97088,180,0,13.5,,3.75,20,0,0.1,8,0,0,7.57563,31,,-250,360,,0,0,0,1.45
1604111636851,6,1010123456020,78,,1,0,2,1,0,,27.8023,435,166411,1.00176,173,0,13.8,,0,0,0,0,0,0,0,0,0,,-250,344,,0,0,0,0
1604111637101,6,1010123456020,78,,1,0,2,1,0,,27.8034,473,163680,1.06374,186,0,14,,0,0,0,0,0,0,0,0,0,,-250,376,,0,0,0,0
1604111637351,6,1010123456020,78,,1,0,2,1,0,,27.5143,420,165696,0.924384,167,0,13.6667,,0,0,0,0,0,0,0,0,0,,-250,336,,0,0,0,0
1604111637601,6,1010123456020,78,,1,0,2,1,0,,27.2848,474,165560,1.00173,188,0,13.75,,3.7027,37,0,0.1,15,6.66667,0,8.79326,31,,-250,372,,0,0,0,1.54054
1604111637851,6,1010123456020,78,,1,0,2,1,0,,27.7662,432,166303,0.977376,171,0,13.8,,0,0,0,0,0,0,0,0,0,,-250,338,,0,0,0,0
1604111638101,6,1010123456020,78,,1,0,2,1,0,,27.609,445,165294,0.977632,175,0,13.5,,0,0,0,0,0,0,0,0,0,,-250,350,,0,0,0,0
1604111638351,6,1010123456020,78,,1,0,2,1,0,,27.8615,397,167571,0.896096,155,0,0.1,,0,2,0,0.1,1,0,0,0,31,,-250,316,,0,0,0,0
1604111638601,6,1010123456020,78,,1,0,2,1,0,,26.711,436,170829,0.878912,170,0,13,,2.52632,38,0,0.1,15,6.66667,0,7.79314,31,,-250,342,,0,0,0,1.92105
1604111638851,6,1010123456020,78,,1,0,2,1,0,,20.4196,448,179436,0.736832,180,0,11.25,,0,0,0,0,0,0,0,0,0,,-250,352,,0,0,0,0
1604111639101,6,1010123456020,78,,1,0,2,1,0,,27.9775,488,175241,1.1153,189,0,14.3333,,0,0,0,0,0,0,0,0,0,,-250,382,,0,0,0,0
1604111639351,6,1010123456020,78,,1,0,2,1,0,,27.5546,458,175063,0.98592,178,0,13.5,,0,0,0,0,0,0,0,0,0,,-250,362,,0,0,0,0
1604111639601,6,1010123456020,78,,1,0,2,1,0,,25.047,383,182914,0.745088,154,0,12,,5.08571,35,0,0.1,14,35.7143,0,5.8628,31,,-250,306,,0,0,0,4.45714
1604111639851,6,1010123456020,78,,1,0,2,1,0,,27.532,359,182990,0.80624,147,0,14,,0,0,0,0,0,0,0,0,0,,-250,288,,0,0,0,0
1604111640101,6,1010123456020,78,,1,0,2,1,0,,25.531,435,183923,0.840512,174,0,12.75,,0,0,0,0,0,0,0,0,0,,-250,342,,0,0,0,0
1604111640351,6,1010123456020,78,,1,0,2,1,0,,17.9594,394,183184,0.465984,149,0,12,,0,0,0,0,0,0,0,0,0,,-249,310,,0,0,0,0
1604111640601,6,1010123456020,78,,1,0,2,1,0,,27.9661,472,179765,1.11619,189,0,14.2,,3.65625,32,0,0.1,13,0,0,7.66563,31,,-250,372,,0,0,0,1.1875
1604111640851,6,1010123456020,78,,1,0,2,1,0,,27.475,400,183565,0.851488,157,0,13.5,,0.1,3,0,0.1,1,0,0,1.0972,31,,-250,318,,0,0,0,3
1604111641101,6,1010123456020,78,,1,0,2,1,0,,27.1897,427,182406,0.91152,173,0,13.3333,,0,0,0,0,0,0,0,0,0,,-250,340,,0,0,0,0
1604111641351,6,1010123456020,78,,1,0,2,1,0,,27.6828,413,182786,0.920032,163,0,14,,0.1,3,0,0.1,1,0,0,8.25816,31,,-250,328,,0,0,0,1
1604111641601,6,1010123456020,78,,1,0,2,1,0,,27.6109,460,181242,1.03667,184,0,13.3333,,8.26316,19,0,0.1,8,25,0,9.08619,31,,-250,372,,0,0,0,3.10526
1604111641851,6,1010123456020,78,,1,0,2,1,0,,26.8534,423,182615,0.943936,174,0,13.5,,0,0,0,0,0,0,0,0,0,,-250,346,,0,0,0,0
1604111642101,6,1010123456020,78,,1,0,2,1,0,,27.7137,468,180975,1.0383,183,0,13.5,,0,0,0,0,0,0,0,0,0,,-250,368,,0,0,0,0
1604111642351,6,1010123456020,78,,1,0,2,1,0,,27.7981,416,182059,0.960448,166,0,13.75,,0,0,0,0,0,0,0,0,0,,-250,332,,0,0,0,0
1604111642601,6,1010123456020,78,,1,0,2,1,0,,27.8341,422,181801,1.00051,174,0,14,,6.54545,33,0,0.1,13,23.0769,0,6.56524,31,,-250,346,,0,0,0,3.69697
1604111642851,6,1010123456020,78,,1,0,2,1,0,,27.7667,450,180139,1.05398,185,0,13.8,,0,0,0,0,0,0,0,0,0,,-250,366,,0,0,0,0
1604111643101,6,1010123456020,78,,1,0,2,1,0,,26.7647,425,182616,0.914048,172,0,12.75,,0,0,0,0,0,0,0,0,0,,-250,344,,0,0,0,0
1604111643351,6,1010123456020,78,,1,0,2,1,0,,27.7117,437,182380,0.984224,173,0,14,,4,6,0,0.1,2,50,0,5.94503,31,,-250,350,,0,0,0,5.5
1604111643601,6,1010123456020,78,,1,0,2,1,0,,27.1961,464,182862,0.973376,182,0,13.5,,4.36,25,0,0.1,10,0,0,9.4833,31,,-250,364,,0,0,0,1
1604111643851,6,1010123456020,78,,1,0,2,1,0,,27.7443,438,182488,1.01277,177,0,13.75,,0,0,0,0,0,0,0,0,0,,-250,352,,0,0,0,0
1604111644101,6,1010123456020,78,,1,0,2,1,0,,26.9458,480,182336,0.952,190,0,13,,0,0,0,0,0,0,0,0,0,,-250,380,,0,0,0,0
1604111644351,6,1010123456020,78,,1,0,2,1,0,,26.8561,424,182606,0.895648,169,0,13.1667,,0,0,0,0,0,0,0,0,0,,-250,336,,0,0,0,0
1604111644601,6,1010123456020,78,,1,0,2,1,0,,19.9454,421,182228,0.635552,169,0,11.4,,6.88235,17,0,0.1,7,0,0,12.402,31,,-250,336,,0,0,0,1.35294
1604111644851,6,1010123456020,78,,1,0,2,1,0,,18.7562,402,182694,0.583328,153,0,10.3333,,0,0,0,0,0,0,0,0,0,,-250,312,,0,0,0,0
1604111645101,6,1010123456020,78,,1,0,2,1,0,,26.7558,430,182350,0.910656,170,0,13.3333,,0,0,0,0,0,0,0,0,0,,-250,340,,0,0,0,0
1604111645351,6,1010123456020,78,,1,0,2,1,0,,27.4052,422,183931,0.9552,170,0,14.1667,,9,6,0,0.1,2,50,0,7.93152,31,,-250,334,,0,0,0,5.5
1604111645601,6,1010123456020,78,,1,0,2,1,0,,27.9181,452,180772,1.03261,177,0,14.3333,,7.73333,15,0,0.1,6,0,0,11.8317,31,,-250,360,,0,0,0,1
1604111645851,6,1010123456020,78,,1,0,2,1,0,,27.9479,211,184379,0.523296,89,0,1,,0,0,0,0,0,0,0,0,0,,-250,330,,0,0,0,0
1604111646101,6,1010123456020,78,,1,0,2,1,0,,12.2983,352,182398,0.283328,137,0,11,,0,0,0,0,0,0,0,0,0,,-250,328,,0,0,0,0
1604111646351,6,1010123456020,78,,1,0,2,1,0,,27.5571,429,183038,0.962848,173,0,13.8333,,0,0,0,0,0,0,0,0,0,,-250,348,,0,0,0,0
1604111646601,6,1010123456020,78,,1,0,2,1,0,,27.6745,384,182342,0.865984,154,0,13.8,,6.94118,17,0,0.1,7,0,0,11.1106,31,,-250,310,,0,0,0,1.11765
1604111646851,6,1010123456020,78,,1,0,2,1,0,,19.3716,401,183940,0.538528,166,0,11,,0,0,0,0,0,0,0,0,0,,-249,324,,0,0,0,0
1604111647101,6,1010123456020,78,,1,0,2,1,0,,27.1909,419,182001,0.903328,169,0,13.4,,0,0,0,0,0,0,0,0,0,,-251,342,,0,0,0,0
1604111647351,6,1010123456020,78,,1,0,2,1,0,,27.7048,437,182269,0.974592,172,0,13.6667,,0,0,0,0,0,0,0,0,0,,-250,346,,0,0,0,0
1604111647601,6,1010123456020,78,,1,0,2,1,0,,25.2924,407,183647,0.788128,163,0,12.5,,3.83333,18,0,0.1,7,0,0,5.79716,31,,-250,320,,0,0,0,1.83333
1604111647851,6,1010123456020,78,,1,0,2,1,0,,25.4621,422,182706,0.779392,164,0,13,,0,0,0,0,0,0,0,0,0,,-250,330,,0,0,0,0
1604111648101,6,1010123456020,78,,1,0,2,1,0,,25.9865,446,181583,0.870016,176,0,14,,0,0,0,0,0,0,0,0,0,,-250,356,,0,0,0,0
1604111648351,6,1010123456020,78,,1,0,2,1,0,,27.1576,476,182178,1.00365,192,0,13,,0,0,0,0,0,0,0,0,0,,-250,374,,0,0,0,0
1604111648601,6,1010123456020,78,,1,0,2,1,0,,25.2481,262,183534,0.486496,107,0,9.75,,3.77612,67,0,0.1,27,33.3333,0,6.63962,31,,-250,312,,0,0,0,4.01493
1604111648851,6,1010123456020,78,,1,0,2,1,0,,0,0,183534,0,0,0,0.1,,0,0,0,0,0,0,0,0,0,,-250,364,,0,0,0,0
1604111649101,6,1010123456020,78,,1,0,2,1,0,,24.253,336,182494,0.568352,125,0,12,,0,0,0,0,0,0,0,0,0,,-250,366,,0,0,0,0
1604111649351,6,1010123456020,78,,1,0,2,1,0,,26.9358,436,183078,0.884512,173,0,13.2,,0,0,0,0,0,0,0,0,0,,-250,344,,0,0,0,0
1604111649601,6,1010123456020,78,,1,0,2,1,0,,27.2917,480,181167,1.04842,191,0,13,,4.63415,41,0,0.1,16,12.5,0,7.53241,31,,-250,382,,0,0,0,2.78049
1604111649851,6,1010123456020,78,,1,0,2,1,0,,23.1727,498,183505,0.804544,194,0,10.8571,,0,0,0,0,0,0,0,0,0,,-250,388,,0,0,0,0
1604111650101,6,1010123456020,78,,1,0,2,1,0,,22.8216,426,181993,0.740416,172,0,13.5,,0,2,0,0.1,1,0,0,0,31,,-250,344,,0,0,0,0
1604111650351,6,1010123456020,78,,1,0,2,1,0,,26.6658,404,183479,0.81488,165,0,13,,0,2,0,0.1,1,0,0,0,31,,-250,326,,0,0,0,0
1604111650601,6,1010123456020,78,,1,0,2,1,0,,24.5023,440,182751,0.76768,174,0,11,,4.85294,34,0,0.1,14,7.14286,0,9.12197,31,,-250,354,,0,0,0,1.58824
1604111650851,6,1010123456020,78,,1,0,2,1,0,,26.9786,420,183962,0.889056,175,0,13.3333,,0,0,0,0,0,0,0,0,0,,-250,338,,0,0,0,0
1604111651101,6,1010123456020,78,,1,0,2,1,0,,27.3356,450,181403,0.945184,177,0,13.5,,0,0,0,0,0,0,0,0,0,,-250,366,,0,0,0,0
1604111651351,6,1010123456020,78,,1,0,2,1,0,,25.7071,420,184477,0.87936,172,0,12.1667,,0,0,0,0,0,0,0,0,0,,-250,342,,0,0,0,0
1604111651601,6,1010123456020,78,,1,0,2,1,0,,21.3048,397,183839,0.57552,162,0,11.6667,,7.25,16,0,0.1,6,0,0,10.5781,31,,-250,322,,0,0,0,1.1875
1604111651851,6,1010123456020,78,,1,0,2,1,0,,27.4725,436,181874,0.945472,174,0,13.5,,0,0,0,0,0,0,0,0,0,,-250,354,,0,0,0,0
1604111652101,6,1010123456020,78,,1,0,2,1,0,,27.7715,442,181234,1.01702,178,0,13.75,,0,0,0,0,0,0,0,0,0,,-250,354,,0,0,0,0
1604111652351,6,1010123456020,78,,1,0,2,1,0,,27.5878,427,181942,0.980064,175,0,13.5,,0.1,3,0,0.1,1,0,0,11.688,31,,-249,344,,0,0,0,1
1604111652601,6,1010123456020,78,,1,0,2,1,0,,26.9356,404,183168,0.83408,157,0,13.25,,8.52381,21,0,0.1,8,12.5,0,10.7944,31,,-250,322,,0,0,0,2.71429
1604111652851,6,1010123456020,78,,1,0,2,1,0,,27.6464,461,181028,1.02397,183,0,13.6,,0,0,0,0,0,0,0,0,0,,-250,362,,0,0,0,0
1604111653101,6,1010123456020,78,,1,0,2,1,0,,26.8677,461,181315,0.986912,181,0,13,,0,0,0,0,0,0,0,0,0,,-250,362,,0,0,0,0
1604111653351,6,1010123456020,78,,1,0,2,1,0,,27.567,448,181518,0.972096,174,0,13.6,,0,2,0,0.1,1,0,0,0,31,,-249,350,,0,0,0,0
1604111653601,6,1010123456020,78,,1,0,2,1,0,,27.2955,440,182904,0.959776,173,0,12.5,,10.6667,9,0,0.1,4,0,0,13.8449,31,,-250,344,,0,0,0,1.22222
1604111653851,6,1010123456020,78,,1,0,2,1,0,,24.4248,153,183369,0.291552,59,0,7.75,,0,0,0,0,0,0,0,0,0,,-251,344,,0,0,0,0
1604111654101,6,1010123456020,78,,1,0,2,1,0,,24.443,386,180826,0.716768,153,0,11,,0,0,0,0,0,0,0,0,0,,-250,366,,0,0,0,0
1604111654351,6,1010123456020,78,,1,0,2,1,0,,27.9585,458,178543,1.06938,182,0,14,,0,0,0,0,0,0,0,0,0,,-250,362,,0,0,0,0
1604111654601,6,1010123456020,78,,1,0,2,1,0,,19.7299,385,183003,0.555008,148,0,7.4,,10.5833,24,0,0.1,9,22.2222,0,11.0697,31,,-250,356,,0,0,0,3.45833
1604111654851,6,1010123456020,78,,1,0,2,1,0,,24.5585,410,183254,0.766784,166,0,11.5,,0,0,0,0,0,0,0,0,0,,-250,328,,0,0,0,0
1604111655101,6,1010123456020,78,,1,0,2,1,0,,27.7874,414,183534,0.9232,162,0,14,,0,0,0,0,0,0,0,0,0,,-250,326,,0,0,0,0
1604111655351,6,1010123456020,78,,1,0,2,1,0,,25.5968,439,183354,0.884288,174,0,12.2,,0,2,0,0.1,1,0,0,0,31,,-250,348,,0,0,0,0
1604111655601,6,1010123456020,78,,1,0,2,1,0,,18.6356,483,183481,0.605984,195,0,10.6667,,4.20755,53,0,0.1,21,4.7619,0,10.4061,31,,-250,390,,0,0,0,1.69811
1604111655851,6,1010123456020,78,,1,0,2,1,0,,26.8809,445,180698,0.991616,184,0,14,,0,0,0,0,0,0,0,0,0,,-250,362,,0,0,0,0
1604111656101,6,1010123456020,78,,1,0,2,1,0,,21.9613,465,184491,0.84032,186,0,10.1667,,0,0,0,0,0,0,0,0,0,,-250,378,,0,0,0,0
1604111656351,6,1010123456020,78,,1,0,2,1,0,,12.6341,492,180109,0.51152,201,0,14,,0,2,0,0.1,1,0,0,0,31,,-250,400,,0,0,0,0
1604111656601,6,1010123456020,78,,1,0,2,1,0,,27.7688,506,174730,1.15078,202,0,13.6667,,6.61538,13,0,0.1,5,0,0,11.6445,31,,-250,408,,0,0,0,1.15385
1604111656851,6,1010123456020,78,,1,0,2,1,0,,27.0112,448,176825,0.95552,184,0,12.75,,0,0,0,0,0,0,0,0,0,,-250,360,,0,0,0,0
1604111657101,6,1010123456020,78,,1,0,2,1,0,,17.7459,362,182659,0.408576,142,0,8,,0,0,0,0,0,0,0,0,0,,-250,290,,0,0,0,0
1604111657351,6,1010123456020,78,,1,0,2,1,0,,27.7882,491,179026,1.11856,195,0,14,,0,0,0,0,0,0,0,0,0,,-250,386,,0,0,0,0
1604111657601,6,1010123456020,78,,1,0,2,1,0,,27.7262,504,174971,1.12019,198,0,13.8,,4.45455,44,0,0.1,17,0,0,10.4209,31,,-250,396,,0,0,0,1.27273
1604111657851,6,1010123456020,78,,1,0,2,1,0,,27.9029,484,171197,1.10778,190,0,14.2,,0,0,0,0,0,0,0,0,0,,-250,382,,0,0,0,0
1604111658101,6,1010123456020,78,,1,0,2,1,0,,26.5945,476,173112,0.942432,187,0,12.8,,0,0,0,0,0,0,0,0,0,,-250,372,,0,0,0,0
1604111658351,6,1010123456020,78,,1,0,2,1,0,,27.0948,496,172268,1.00509,193,0,13.5,,9,3,0,0.1,1,0,0,9.21697,31,,-250,394,,0,0,0,1
1604111658601,6,1010123456020,78,,1,0,2,1,0,,25.0728,481,173240,0.952672,191,0,12.25,,3,37,0,0.1,15,0,0,9.31673,31,,-250,382,,0,0,0,1
1604111658851,6,1010123456020,78,,1,0,2,1,0,,27.9504,464,169221,1.08624,185,0,14,,0,0,0,0,0,0,0,0,0,,-250,366,,0,0,0,0
1604111659101,6,1010123456020,78,,1,0,2,1,0,,25.0444,473,170768,0.94608,187,0,10,,0,0,0,0,0,0,0,0,0,,-250,374,,0,0,0,0
1604111659351,6,1010123456020,78,,1,0,2,1,0,,23.0088,456,177473,0.771168,181,0,9.5,,0,2,0,0.1,1,0,0,0,31,,-250,360,,0,0,0,0
1604111659601,6,1010123456020,78,,1,0,2,1,0,,27.4458,480,176640,1.02477,188,0,13.5,,6,15,0,0.1,6,0,0,8.53685,31,,-250,376,,0,0,0,1.4
1604111659851,6,1010123456020,78,,1,0,2,1,0,,27.9335,406,178011,0.93232,159,0,14,,0,0,0,0,0,0,0,0,0,,-249,320,,0,0,0,0
1604111660101,6,1010123456020,78,,1,0,2,1,0,,27.0364,439,180750,0.91344,177,0,13,,0,0,0,0,0,0,0,0,0,,-249,350,,0,0,0,0
1604111660351,6,1010123456020,78,,1,0,2,1,0,,27.5201,448,181074,0.97568,178,0,13.75,,0,0,0,0,0,0,0,0,0,,-250,354,,0,0,0,0
1604111660601,6,1010123456020,78,,1,0,2,1,0,,27.91,489,177424,1.11728,191,0,14.25,,2.09524,42,0,0.1,17,0,0,7.83415,31,,-250,380,,0,0,0,1.14286
1604111660851,6,1010123456020,78,,1,0,2,1,0,,25.8581,458,181178,0.870752,183,0,12.6667,,0.1,3,0,0.1,1,0,0,8.48125,31,,-250,368,,0,0,0,1
1604111661101,6,1010123456020,78,,1,0,2,1,0,,21.4138,406,183148,0.614912,162,0,7,,0,0,0,0,0,0,0,0,0,,-250,328,,0,0,0,0
1604111661351,6,1010123456020,78,,1,0,2,1,0,,10.4813,374,183648,0.23424,156,0,7.66667,,0,0,0,0,0,0,0,0,0,,-250,302,,0,0,0,0
1604111661601,6,1010123456020,78,,1,0,2,1,0,,18.5511,274,183973,0.324672,104,0,5.6,,6.58824,17,0,0.1,7,0,0,11.0788,31,,-250,302,,0,0,0,1.11765
1604111661851,6,1010123456020,78,,1,0,2,1,0,,23.74,400,181950,0.662784,160,0,12.6,,0,0,0,0,0,0,0,0,0,,-250,320,,0,0,0,0
1604111662101,6,1010123456020,78,,1,0,2,1,0,,24.4103,368,182856,0.634944,146,0,12,,0,0,0,0,0,0,0,0,0,,-250,292,,0,0,0,0
1604111662351,6,1010123456020,78,,1,0,2,1,0,,24.7759,473,180460,0.874816,187,0,12.1667,,0,0,0,0,0,0,0,0,0,,-250,374,,0,0,0,0
1604111662601,6,1010123456020,78,,1,0,2,1,0,,23.2729,403,184000,0.769568,161,0,11.5,,5.24,25,0,0.1,10,0,0,10.3451,31,,-250,318,,0,0,0,1
1604111662851,6,1010123456020,78,,1,0,2,1,0,,24.9239,381,183896,0.653536,149,0,12.6667,,0,2,0,0.1,1,0,0,0,31,,-250,298,,0,0,0,0
1604111663101,6,1010123456020,78,,1,0,2,1,0,,26.4718,443,183328,0.892512,179,0,10,,0,0,0,0,0,0,0,0,0,,-250,376,,0,0,0,0
1604111663351,6,1010123456020,78,,1,0,2,1,0,,25.7871,202,182217,0.384672,77,0,7.8,,0,0,0,0,0,0,0,0,0,,-250,364,,0,0,0,0
1604111663601,6,1010123456020,78,,1,0,2,1,0,,26.4633,436,181840,0.846624,169,0,13.25,,2.06977,43,0,0.1,17,0,0,6.30794,31,,-250,344,,0,0,0,1.83721
1604111663851,6,1010123456020,78,,1,0,2,1,0,,19.2956,159,184101,0.249216,66,0,4,,0,0,0,0,0,0,0,0,0,,-250,352,,0,0,0,0
1604111664101,6,1010123456020,78,,1,0,2,1,0,,16.4619,394,183191,0.396992,158,0,14,,0,0,0,0,0,0,0,0,0,,-250,316,,0,0,0,0
1604111664351,6,1010123456020,78,,1,0,2,1,0,,24.2089,316,183899,0.5536,124,0,10.6667,,0,2,0,0.1,1,0,0,0,31,,-250,252,,0,0,0,0
1604111664601,6,1010123456020,78,,1,0,2,1,0,,23.2667,345,184581,0.5696,144,0,13,,0.1,55,0,0.1,22,0,0,4.35864,31,,-250,274,,0,0,0,1.30909
1604111664851,6,1010123456020,78,,1,0,2,1,0,,14.2569,471,183690,0.354368,180,0,10.5,,0,0,0,0,0,0,0,0,0,,-250,370,,0,0,0,0
1604111665101,6,1010123456020,78,,1,0,2,1,0,,21.5358,349,182567,0.5648,142,0,10.6,,0,0,0,0,0,0,0,0,0,,-250,284,,0,0,0,0
1604111665351,6,1010123456020,78,,1,0,2,1,0,,22.5649,416,183816,0.667328,167,0,11.6,,0,2,0,0.1,1,0,0,0,31,,-250,334,,0,0,0,0
1604111665601,6,1010123456020,78,,1,0,2,1,0,,18.771,297,184070,0.389984,119,0,6.33333,,4.67568,37,0,0.1,15,6.66667,0,9.0655,31,,-250,356,,0,0,0,1.64865
1604111665851,6,1010123456020,78,,1,0,2,1,0,,16.0956,293,184025,0.294144,120,0,7.2,,0,0,0,0,0,0,0,0,0,,-249,296,,0,0,0,0
1604111666101,6,1010123456020,78,,1,0,2,1,0,,15.8786,420,183133,0.43456,169,0,11,,0,0,0,0,0,0,0,0,0,,-251,346,,0,0,0,0
1604111666351,6,1010123456020,78,,1,0,2,1,0,,27.5969,325,184060,0.758944,137,0,10.5,,0,0,0,0,0,0,0,0,0,,-250,334,,0,0,0,0
1604111666601,6,1010123456020,78,,1,0,2,1,0,,25.2568,296,183304,0.511392,113,0,11.5,,7.55556,18,0,0.1,7,0,0,10.4557,31,,-249,368,,0,0,0,1.16667
1604111666851,6,1010123456020,78,,1,0,2,1,0,,14.6229,358,184191,0.31632,145,0,7.2,,0,0,0,0,0,0,0,0,0,,-251,338,,0,0,0,0
1604111667101,6,1010123456020,78,,1,0,2,1,0,,25.6682,434,184162,0.871072,177,0,13,,0,0,0,0,0,0,0,0,0,,-250,350,,0,0,0,0
1604111667351,6,1010123456020,78,,1,0,2,1,0,,22.0063,476,183760,0.777536,188,0,12,,0,0,0,0,0,0,0,0,0,,-250,382,,0,0,0,0
1604111667601,6,1010123456020,78,,1,0,2,1,0,,19.2198,414,182321,0.506048,166,0,10,,5.44444,18,0,0.1,7,0,0,10.9622,31,,-250,334,,0,0,0,1
1604111667851,6,1010123456020,78,,1,0,2,1,0,,16.6299,381,183749,0.3936,155,0,5.33333,,0,0,0,0,0,0,0,0,0,,-250,364,,0,0,0,0
1604111668101,6,1010123456020,78,,1,0,2,1,0,,20.7647,476,183872,0.708224,196,0,11,,0,0,0,0,0,0,0,0,0,,-250,388,,0,0,0,0
1604111668351,6,1010123456020,78,,1,0,2,1,0,,20.8134,434,183590,0.64848,176,0,8.75,,0,0,0,0,0,0,0,0,0,,-250,354,,0,0,0,0
1604111668601,6,1010123456020,78,,1,0,2,1,0,,22.8051,390,183182,0.603168,157,0,11.3333,,8.09091,22,0,0.1,9,22.2222,0,8.75817,31,,-250,318,,0,0,0,3.09091
1604111668851,6,1010123456020,78,,1,0,2,1,0,,22.639,385,182775,0.637312,156,0,10.8,,0,0,0,0,0,0,0,0,0,,-250,310,,0,0,0,0
1604111669101,6,1010123456020,78,,1,0,2,1,0,,23.3578,464,182854,0.816128,192,0,11.6667,,0,0,0,0,0,0,0,0,0,,-250,378,,0,0,0,0
1604111669351,6,1010123456020,78,,1,0,2,1,0,,22.4789,380,183222,0.603136,154,0,11.5,,0,0,0,0,0,0,0,0,0,,-250,310,,0,0,0,0
1604111669601,6,1010123456020,78,,1,0,2,1,0,,24.3904,415,183374,0.719328,167,0,12,,3.60465,43,0,0.1,17,0,0,10.2137,31,,-250,330,,0,0,0,1.4186
1604111669851,6,1010123456020,78,,1,0,2,1,0,,19.7901,424,184492,0.539936,165,0,9.66667,,0,0,0,0,0,0,0,0,0,,-250,336,,0,0,0,0
1604111670101,6,1010123456020,78,,1,0,2,1,0,,19.3263,377,183213,0.450048,149,0,11.1667,,0,0,0,0,0,0,0,0,0,,-250,300,,0,0,0,0
1604111670351,6,1010123456020,78,,1,0,2,1,0,,16.2985,325,183769,0.396,131,0,2,,0,0,0,0,0,0,0,0,0,,-250,370,,0,0,0,0
1604111670601,6,1010123456020,78,,1,0,2,1,0,,15.156,468,183172,0.396416,185,0,8.6,,7.40625,32,0,0.1,13,0,0,10.7341,31,,-250,370,,0,0,0,1.125
1604111670851,6,1010123456020,78,,1,0,2,1,0,,11.1546,388,183035,0.244576,158,0,8,,9,3,0,0.1,1,0,0,7.91641,31,,-250,314,,0,0,0,2
1604111671101,6,1010123456020,78,,1,0,2,1,0,,26.172,465,182072,0.86992,181,0,12.75,,0,0,0,0,0,0,0,0,0,,-250,368,,0,0,0,0
1604111671351,6,1010123456020,78,,1,0,2,1,0,,13.7345,452,184511,0.441184,180,0,10.3333,,0,0,0,0,0,0,0,0,0,,-250,358,,0,0,0,0
1604111671601,6,1010123456020,78,,1,0,2,1,0,,16.4713,471,182928,0.470496,188,0,10.5,,5.92857,14,0,0.1,6,0,0,11.5868,31,,-250,374,,0,0,0,1
1604111671851,6,1010123456020,78,,1,0,2,1,0,,20.8575,421,183354,0.593184,165,0,11.8,,0,0,0,0,0,0,0,0,0,,-250,334,,0,0,0,0
1604111672101,6,1010123456020,78,,1,0,2,1,0,,23.1839,446,184118,0.768032,181,0,11.2,,0,0,0,0,0,0,0,0,0,,-249,352,,0,0,0,0
1604111672351,6,1010123456020,78,,1,0,2,1,0,,17.0722,388,183546,0.402592,154,0,9,,9,3,0,0.1,1,0,0,9.67858,31,,-250,308,,0,0,0,1
1604111672601,6,1010123456020,78,,1,0,2,1,0,,22.1088,441,183078,0.622336,172,0,12,,4.06667,15,0,0.1,6,0,0,8.36614,31,,-251,350,,0,0,0,1.26667
1604111672851,6,1010123456020,78,,1,0,2,1,0,,25.3341,437,183759,0.76944,169,0,12.6,,2,3,0,0.1,1,0,0,12.6608,31,,-249,340,,0,0,0,1
1604111673101,6,1010123456020,78,,1,0,2,1,0,,23.8684,471,183906,0.82016,190,0,11.8333,,0,0,0,0,0,0,0,0,0,,-250,372,,0,0,0,0
1604111673351,6,1010123456020,78,,1,0,2,1,0,,15.2386,394,183287,0.369536,154,0,6.4,,0,0,0,0,0,0,0,0,0,,-250,372,,0,0,0,0
1604111673601,6,1010123456020,78,,1,0,2,1,0,,19.3273,443,182961,0.558208,174,0,9.66667,,6.08333,12,0,0.1,5,0,0,12.6146,31,,-251,354,,0,0,0,1.41667
1604111673851,6,1010123456020,78,,1,0,2,1,0,,26.6619,281,183145,0.570752,116,0,10.8333,,0,2,0,0.1,1,0,0,0,31,,-250,338,,0,0,0,0
1604111674101,6,1010123456020,78,,1,0,2,1,0,,17.3187,455,183729,0.528704,178,0,10.3333,,0,0,0,0,0,0,0,0,0,,-250,360,,0,0,0,0
1604111674351,6,1010123456020,78,,1,0,2,1,0,,23.748,246,182847,0.388928,98,0,10,,0,0,0,0,0,0,0,0,0,,-250,364,,0,0,0,0
1604111674601,6,1010123456020,78,,1,0,2,1,0,,26.7322,366,182895,0.713728,144,0,9,,6.3913,23,0,0.1,9,22.2222,0,6.59434,31,,-250,348,,0,0,0,3.69565
1604111674851,6,1010123456020,78,,1,0,2,1,0,,25.8796,357,183952,0.694048,141,0,10.4286,,0.1,3,0,0.1,1,0,0,10.6975,31,,-250,338,,0,0,0,1
1604111675101,6,1010123456020,78,,1,0,2,1,0,,15.3341,449,183425,0.392896,178,0,10.5,,0,0,0,0,0,0,0,0,0,,-250,356,,0,0,0,0
1604111675351,6,1010123456020,78,,1,0,2,1,0,,21.8944,161,183556,0.232992,65,0,6,,0,0,0,0,0,0,0,0,0,,-250,368,,0,0,0,0
1604111675601,6,1010123456020,78,,1,0,2,1,0,,25.4811,397,183194,0.709376,156,0,10.6,,6.90909,22,0,0.1,9,0,0,13.6223,31,,-250,366,,0,0,0,1.13636
1604111675851,6,1010123456020,78,,1,0,2,1,0,,26.1197,451,183095,0.860544,180,0,12.6,,0,0,0,0,0,0,0,0,0,,-250,358,,0,0,0,0
1604111676101,6,1010123456020,78,,1,0,2,1,0,,21.8099,484,183445,0.750496,191,0,10.25,,0,0,0,0,0,0,0,0,0,,-250,382,,0,0,0,0
1604111676351,6,1010123456020,78,,1,0,2,1,0,,21.6321,443,184090,0.669248,174,0,10.3333,,0,0,0,0,0,0,0,0,0,,-250,346,,0,0,0,0
1604111676601,6,1010123456020,78,,1,0,2,1,0,,23.9239,394,181940,0.656416,157,0,13,,8.2,10,0,0.1,4,0,0,10.3755,31,,-250,320,,0,0,0,1.6
1604111676851,6,1010123456020,78,,1,0,2,1,0,,25.3311,453,183967,0.855712,185,0,12.3333,,0,0,0,0,0,0,0,0,0,,-250,366,,0,0,0,0
1604111677101,6,1010123456020,78,,1,0,2,1,0,,23.2284,416,183622,0.695232,176,0,10,,0,0,0,0,0,0,0,0,0,,-250,368,,0,0,0,0
1604111677351,6,1010123456020,78,,1,0,2,1,0,,26.2671,161,182685,0.300992,62,0,13,,2,3,0,0.1,1,0,0,13.177,31,,-250,324,,0,0,0,1
1604111677601,6,1010123456020,78,,1,0,2,1,0,,25.6109,424,182865,0.784032,169,0,12.5,,5.06667,15,0,0.1,6,0,0,7.26358,31,,-250,344,,0,0,0,1.8
1604111677851,6,1010123456020,78,,1,0,2,1,0,,25.5967,429,182861,0.802208,173,0,12.5714,,0,0,0,0,0,0,0,0,0,,-250,350,,0,0,0,0
1604111678101,6,1010123456020,78,,1,0,2,1,0,,20.4531,309,183389,0.438976,126,0,5.33333,,0,0,0,0,0,0,0,0,0,,-250,364,,0,0,0,0
1604111678351,6,1010123456020,78,,1,0,2,1,0,,21.5735,408,184489,0.638368,172,0,9.5,,0,0,0,0,0,0,0,0,0,,-250,364,,0,0,0,0
1604111678601,6,1010123456020,78,,1,0,2,1,0,,26.1146,410,183180,0.770048,160,0,12.6,,5.17241,58,0,0.1,23,26.087,0,7.97968,31,,-250,356,,0,0,0,3.63793
1604111678851,6,1010123456020,78,,1,0,2,1,0,,22.5052,388,183534,0.616544,157,0,9,,0,0,0,0,0,0,0,0,0,,-250,364,,0,0,0,0
1604111679101,6,1010123456020,78,,1,0,2,1,0,,26.7154,130,184342,0.279456,57,0,6.5,,0,0,0,0,0,0,0,0,0,,-250,352,,0,0,0,0
1604111679351,6,1010123456020,78,,1,0,2,1,0,,26.875,344,181807,0.664096,133,0,13,,7,3,0,0.1,1,0,0,3.26032,31,,-249,370,,0,0,0,2
1604111679601,6,1010123456020,78,,1,0,2,1,0,,25.614,443,182442,0.832608,179,0,12.5,,5.93333,15,0,0.1,6,0,0,12.8029,31,,-249,356,,0,0,0,1
1604111679851,6,1010123456020,78,,1,0,2,1,0,,24.1464,321,183554,0.584448,130,0,10.8571,,0,0,0,0,0,0,0,0,0,,-250,308,,0,0,0,0
1604111680101,6,1010123456020,78,,1,0,2,1,0,,16.8872,461,183104,0.540352,185,0,9,,0,0,0,0,0,0,0,0,0,,-251,372,,0,0,0,0
1604111680351,6,1010123456020,78,,1,0,2,1,0,,26.58,469,182482,0.925312,188,0,12.8,,0,0,0,0,0,0,0,0,0,,-250,374,,0,0,0,0
1604111680601,6,1010123456020,78,,1,0,2,1,0,,23.2361,432,182731,0.703872,170,0,11.6,,10.9091,11,0,0.1,5,0,0,13.6569,31,,-250,342,,0,0,0,1.27273
1604111680851,6,1010123456020,78,,1,0,2,1,0,,26.9043,418,184189,0.866784,167,0,13.25,,0,0,0,0,0,0,0,0,0,,-250,328,,0,0,0,0
1604111681101,6,1010123456020,78,,1,0,2,1,0,,21.6272,456,183471,0.691136,180,0,11,,0,0,0,0,0,0,0,0,0,,-250,360,,0,0,0,0
1604111681351,6,1010123456020,78,,1,0,2,1,0,,24.6898,490,183794,0.832032,189,0,12.4,,0,2,0,0.1,1,0,0,0,31,,-250,384,,0,0,0,0
1604111681601,6,1010123456020,78,,1,0,2,1,0,,26.5103,388,183925,0.75328,156,0,9.75,,8,13,0,0.1,5,0,0,11.8872,31,,-250,370,,0,0,0,1
1604111681851,6,1010123456020,78,,1,0,2,1,0,,25.4307,411,183412,0.778496,168,0,12.25,,0,0,0,0,0,0,0,0,0,,-250,336,,0,0,0,0
1604111682101,6,1010123456020,78,,1,0,2,1,0,,20.2637,421,184193,0.591872,169,0,9.25,,0,0,0,0,0,0,0,0,0,,-250,340,,0,0,0,0
1604111682351,6,1010123456020,78,,1,0,2,1,0,,25.8791,455,183095,0.862528,182,0,12.4,,0,0,0,0,0,0,0,0,0,,-250,356,,0,0,0,0
1604111682601,6,1010123456020,78,,1,0,2,1,0,,23.9684,411,182080,0.677216,163,0,11.6,,9.375,16,0,0.1,7,57.1429,0,6.62111,31,,-250,334,,0,0,0,5.6875
1604111682851,6,1010123456020,78,,1,0,2,1,0,,23.4336,369,183660,0.668448,152,0,12.3333,,0,0,0,0,0,0,0,0,0,,-250,298,,0,0,0,0
1604111683101,6,1010123456020,78,,1,0,2,1,0,,22.5408,429,183662,0.65712,169,0,11.25,,0,0,0,0,0,0,0,0,0,,-250,342,,0,0,0,0
1604111683351,6,1010123456020,78,,1,0,2,1,0,,22.3943,383,183306,0.60272,151,0,10.8,,0,2,0,0.1,1,0,0,0,31,,-250,302,,0,0,0,0
1604111683601,6,1010123456020,78,,1,0,2,1,0,,12.2613,463,184269,0.314208,183,0,7.5,,5.86957,23,0,0.1,9,0,0,12.345,31,,-250,366,,0,0,0,1.13043
1604111683851,6,1010123456020,78,,1,0,2,1,0,,17.1736,455,183288,0.450848,177,0,9.25,,0,0,0,0,0,0,0,0,0,,-250,358,,0,0,0,0
1604111684101,6,1010123456020,78,,1,0,2,1,0,,22.8487,456,183277,0.701024,183,0,12.25,,0,0,0,0,0,0,0,0,0,,-250,366,,0,0,0,0
1604111684351,6,1010123456020,78,,1,0,2,1,0,,22.8254,441,183300,0.7224,173,0,11.6667,,0,0,0,0,0,0,0,0,0,,-250,346,,0,0,0,0
1604111684601,6,1010123456020,78,,1,0,2,1,0,,24.9716,457,183558,0.787296,179,0,12.3333,,7.66667,15,0,0.1,6,0,0,13.2742,31,,-250,360,,0,0,0,1
1604111684851,6,1010123456020,78,,1,0,2,1,0,,15.2962,395,184176,0.387744,160,0,9.8,,7,3,0,0.1,1,0,0,4.99522,31,,-250,312,,0,0,0,2
1604111685101,6,1010123456020,78,,1,0,2,1,0,,25.1551,477,184154,0.850432,188,0,12.5,,0,0,0,0,0,0,0,0,0,,-250,378,,0,0,0,0
1604111685351,6,1010123456020,78,,1,0,2,1,0,,25.368,462,181841,0.825472,180,0,12.25,,0,0,0,0,0,0,0,0,0,,-250,362,,0,0,0,0
1604111685601,6,1010123456020,78,,1,0,2,1,0,,25.956,91,183960,0.196768,41,0,0.666667,,0.1,3,0,0.1,1,0,0,7.9466,31,,-250,366,,0,0,0,1
1604111685851,6,1010123456020,78,,1,0,2,1,0,,23.8365,318,183941,0.501952,120,0,8,,7.8,15,0,0.1,6,0,0,13.0568,31,,-250,378,,0,0,0,1.6
1604111686101,6,1010123456020,78,,1,0,2,1,0,,26.2608,441,182911,0.82576,173,0,13,,0,0,0,0,0,0,0,0,0,,-249,348,,0,0,0,0
1604111686351,6,1010123456020,78,,1,0,2,1,0,,27.0975,482,181562,0.990336,192,0,13.5,,0,0,0,0,0,0,0,0,0,,-250,384,,0,0,0,0
1604111686601,6,1010123456020,78,,1,0,2,1,0,,20.0442,475,183522,0.617536,188,0,10,,8.33333,15,0,0.1,6,0,0,12.8983,31,,-251,376,,0,0,0,1
1604111686851,6,1010123456020,78,,1,0,2,1,0,,23.3688,423,183916,0.757824,171,0,10.8,,0,8,0,0,4,100,0,0,0,,-250,334,,0,0,0,0
1604111687101,6,1010123456020,78,,1,0,2,1,0,,22.4682,487,183739,0.69888,188,0,12,,0,0,0,0,0,0,0,0,0,,-250,382,,0,0,0,0
1604111687351,6,1010123456020,78,,1,0,2,1,0,,19.9375,448,182841,0.609376,177,0,10.5,,0,2,0,0.1,1,0,0,0,31,,-250,356,,0,0,0,0
1604111687601,6,1010123456020,78,,1,0,2,1,0,,20.75,348,182961,0.477312,140,0,7.75,,2.14286,42,0,0.1,17,5.88235,0,8.21537,31,,-250,342,,0,0,0,1.57143
1604111687851,6,1010123456020,78,,1,0,2,1,0,,13.9077,401,183927,0.324032,158,0,7,,0,0,0,0,0,0,0,0,0,,-250,314,,0,0,0,0
1604111688101,6,1010123456020,78,,1,0,2,1,0,,26.8481,428,182256,0.871488,166,0,13.6,,0,0,0,0,0,0,0,0,0,,-250,338,,0,0,0,0
1604111688351,6,1010123456020,78,,1,0,2,1,0,,26.0062,323,181888,0.633056,127,0,8.33333,,0,0,0,0,0,0,0,0,0,,-250,310,,0,0,0,0
1604111688601,6,1010123456020,78,,1,0,2,1,0,,13.8903,456,183402,0.360992,181,0,8.5,,4.90909,22,0,0.1,9,0,0,10.383,31,,-250,358,,0,0,0,1
1604111688851,6,1010123456020,78,,1,0,2,1,0,,26.0512,449,182022,0.8848,176,0,12.6667,,0,4,0,0.1,2,50,0,0,31,,-250,354,,0,0,0,0
1604111689101,6,1010123456020,78,,1,0,2,1,0,,25.852,304,183284,0.646976,130,0,10.8,,0,0,0,0,0,0,0,0,0,,-250,332,,0,0,0,0
1604111689351,6,1010123456020,78,,1,0,2,1,0,,11.8151,238,183509,0.135296,92,0,7,,0,2,0,0.1,1,0,0,0,31,,-250,346,,0,0,0,0
1604111689601,6,1010123456020,78,,1,0,2,1,0,,14.7365,425,183707,0.369408,170,0,9.75,,4.22222,27,0,0.1,11,27.2727,0,5.89338,31,,-250,342,,0,0,0,3.48148
1604111689851,6,1010123456020,78,,1,0,2,1,0,,21.9828,291,181607,0.492896,120,0,9.5,,0,0,0,0,0,0,0,0,0,,-250,362,,0,0,0,0
1604111690101,6,1010123456020,78,,1,0,2,1,0,,27.6425,442,180983,1.00723,180,0,13.6667,,0,0,0,0,0,0,0,0,0,,-250,360,,0,0,0,0
1604111690351,6,1010123456020,78,,1,0,2,1,0,,19.1358,405,183413,0.563296,165,0,6.75,,0,0,0,0,0,0,0,0,0,,-250,374,,0,0,0,0
1604111690601,6,1010123456020,78,,1,0,2,1,0,,16.0229,480,184375,0.48704,194,0,9,,3.4,40,0,0.1,16,6.25,0,8.28792,31,,-250,388,,0,0,0,1.525
1604111690851,6,1010123456020,78,,1,0,2,1,0,,22.9452,420,183585,0.720512,168,0,12,,0,0,0,0,0,0,0,0,0,,-250,338,,0,0,0,0
1604111691101,6,1010123456020,78,,1,0,2,1,0,,27.7117,444,182874,1.02413,180,0,13.6,,0,0,0,0,0,0,0,0,0,,-250,360,,0,0,0,0
1604111691351,6,1010123456020,78,,1,0,8,1,0,,19.6678,289,183365,0.435776,118,0,6.66667,,0,0,0,0,0,0,0,0,0,,-250,452,,0,0,0,0
1604111691601,6,1010123456020,78,,1,0,8,1,0,,18.5237,464,144227,2.0487,185,0,8.75,,0.228571,70,0,0.1,28,32.1429,0,2.84997,31,,-250,1360,,0,0,0,4.25714
1604111691851,6,1010123456020,78,,1,0,8,1,0,,25.0744,524,68493,3.49498,212,0,12.5,,0,0,0,0,0,0,0,0,0,,-249,1452,,0,0,0,0
1604111692101,6,1010123456020,78,,1,0,8,1,0,,13.9908,437,46996,1.70208,173,0,8.75,,0,0,0,0,0,0,0,0,0,,-249,1364,,0,0,0,0
1604111692351,6,1010123456020,78,,1,0,8,1,0,,3,395,68812,0.27728,159,0,5,,0.1,3,0,0.1,1,0,0,10.075,31,,-249,1272,,0,0,0,1
1604111692601,6,1010123456020,78,,1,0,8,1,0,,5.73438,448,84626,0.480768,184,0,0.1,,2.68182,22,0,0.1,10,0,0,8.17958,31,,-250,1300,,0,0,0,1.13636
1604111692851,6,1010123456020,78,,1,0,8,1,0,,23.4257,505,21875,2.9064,201,0,12.8,,0,0,0,0,0,0,0,0,0,,-250,1424,,0,0,0,0
1604111693101,7,1010123456020,78,,1,0,8,1,0,,23.6748,329,0,1.74787,134,0,12.4,,0,0,0,0,0,0,0,0,0,,244,766,,0,0,0,0
1604111693351,7,1010123456020,78,,1,0,8,1,0,,21.6533,225,33,0.98032,87,0,0.1,,0,0,0,0,0,0,0,0,0,,415,520,,0,0,0,0
1604111693601,7,1010123456020,78,,1,0,8,1,0,,21.4699,249,1433,0.980448,104,0,12,,2.51613,31,0,0.1,12,16.6667,0,5.86726,31,,579,566,,0,0,0,2.45161
1604111693851,6,1010123456020,78,,1,0,8,1,0,,9.56322,261,15321,0.522976,102,0,8,,0,0,0,0,0,0,0,0,0,,-68,906,,0,0,0,0
1604111694101,6,1010123456020,78,,1,0,8,1,0,,7.89034,383,29229,0.499072,158,0,0.1,,0.1,3,0,0.1,1,0,0,7.54083,31,,-250,1016,,0,0,0,1
1604111694351,6,1010123456020,78,,1,0,8,1,0,,7.98595,427,42804,0.538496,169,0,0.1,,2,3,0,0.1,1,0,0,6.70665,31,,-250,1082,,0,0,0,1
1604111694601,6,1010123456020,78,,1,0,8,1,0,,16.6855,461,29477,1.34099,184,0,11,,2.69565,69,0,0.1,25,44,0,3.45944,31,,-250,1074,,0,0,0,5.46377
1604111694851,6,1010123456020,78,,1,0,8,1,0,,26.3323,322,0,2.03408,136,0,13,,0,0,0,0,0,0,0,0,0,,86,764,,0,0,0,0
1604111695101,6,1010123456020,78,,1,0,8,1,0,,21.7073,205,0,0.954816,83,0,11,,0,0,0,0,0,0,0,0,0,,481,518,,0,0,0,0
1604111695351,6,1010123456020,78,,1,0,8,1,0,,23.1343,216,0,0.96064,84,0,13,,0,0,0,0,0,0,0,0,0,,421,456,,0,0,0,0
1604111695601,6,1010123456020,78,,1,0,8,1,0,,25.0345,145,0,0.98912,60,0,14,,0.226415,53,0,0.1,22,13.6364,0,4.8179,31,,283,384,,0,0,0,2.26415
1604111695851,6,1010123456020,78,,1,0,8,1,0,,20.0663,181,0,0.989216,73,0,9.66667,,0,0,0,0,0,0,0,0,0,,213,512,,0,0,0,0
1604111696101,6,1010123456020,78,,1,0,8,1,0,,21.7953,215,254,0.979872,88,0,12,,0,0,0,0,0,0,0,0,0,,492,490,,0,0,0,0
1604111696351,6,1010123456020,78,,1,0,8,1,0,,21.3318,214,399,0.98,87,0,0.1,,0,0,0,0,0,0,0,0,0,,495,516,,0,0,0,0
1604111696601,6,1010123456020,78,,1,0,8,1,0,,21.731,197,679,0.981152,80,0,12,,3.06522,46,0,0.1,19,47.3684,0,3.81038,31,,393,502,,0,0,0,4.84783
1604111696851,6,1010123456020,78,,1,0,8,1,0,,13.4425,287,6646,0.813376,115,0,5,,0,2,0,0.1,1,0,0,0,31,,183,802,,0,0,0,0
1604111697101,6,1010123456020,78,,1,0,8,1,0,,14.5589,331,0,1.14317,134,0,11,,0,0,0,0,0,0,0,0,0,,48,990,,0,0,0,0
1604111697351,6,1010123456020,78,,1,0,8,1,0,,15.6795,259,3713,0.861824,97,0,10,,0,0,0,0,0,0,0,0,0,,237,658,,0,0,0,0
1604111697601,6,1010123456020,78,,1,0,8,1,0,,20.2864,220,0,1.07507,90,0,12.5,,6.73333,30,0,0.1,12,0,0,8.36486,31,,416,616,,0,0,0,1.23333
1604111697851,6,1010123456020,78,,1,0,8,1,0,,20.9954,216,0,0.975744,86,0,10,,0,0,0,0,0,0,0,0,0,,426,534,,0,0,0,0
1604111698101,6,1010123456020,78,,1,0,8,1,0,,18.8992,238,0,0.982272,94,0,11,,0,0,0,0,0,0,0,0,0,,358,636,,0,0,0,0
1604111698351,6,1010123456020,78,,1,0,8,1,0,,18.3193,238,121,0.980416,96,0,10,,0,0,0,0,0,0,0,0,0,,302,644,,0,0,0,0
1604111698601,6,1010123456020,78,,1,0,8,1,0,,18.037,243,0,0.980128,97,0,10.75,,2.04082,49,0,0.1,20,45,0,3.37462,31,,384,642,,0,0,0,5.12245
1604111698851,6,1010123456020,78,,1,0,8,1,0,,22.4294,177,505,0.983584,73,0,12,,0,0,0,0,0,0,0,0,0,,478,478,,0,0,0,0
1604111699101,6,1010123456020,78,,1,0,8,1,0,,23.4337,166,49,0.985376,65,0,15,,0,0,0,0,0,0,0,0,0,,420,462,,0,0,0,0
1604111699351,6,1010123456020,78,,1,0,8,1,0,,22.0663,181,1049,0.98464,73,0,12,,0,0,0,0,0,0,0,0,0,,259,450,,0,0,0,0
1604111699601,6,1010123456020,78,,1,0,8,1,0,,21.1796,206,1433,0.97536,82,0,13.5,,2.48077,52,0,0.1,20,20,0,5.94326,31,,286,500,,0,0,0,3.11538
1604111699851,6,1010123456020,78,,1,0,8,1,0,,24.5574,244,689,0.968416,94,0,0.1,,0,2,0,0.1,1,0,0,0,31,,572,422,,0,0,0,0
1604111700101,6,1010123456020,78,,1,0,8,1,0,,24.5573,131,0,1.00131,55,0,11,,0,0,0,0,0,0,0,0,0,,229,368,,0,0,0,0
1604111700351,6,1010123456020,78,,1,0,8,1,0,,19.85,240,0,0.98128,96,0,0.1,,0,0,0,0,0,0,0,0,0,,345,584,,0,0,0,0
1604111700601,6,1010123456020,78,,1,0,8,1,0,,22.7238,181,0,0.97328,73,0,12.6667,,1.62791,43,0,0.1,17,5.88235,0,4.98559,31,,285,456,,0,0,0,1.60465
1604111700851,6,1010123456020,78,,1,0,8,1,0,,21.2322,211,0,0.982368,83,0,11.5,,2,3,0,0.1,1,0,0,5.48859,31,,343,510,,0,0,0,1
1604111701101,6,1010123456020,78,,1,0,8,1,0,,21.1542,201,0,0.962528,79,0,11,,0,0,0,0,0,0,0,0,0,,395,534,,0,0,0,0
1604111701351,6,1010123456020,78,,1,0,8,1,0,,17.7022,225,2658,0.938528,89,0,10,,0,0,0,0,0,0,0,0,0,,313,598,,0,0,0,0
1604111701601,6,1010123456020,78,,1,0,8,1,0,,12.7083,336,119,1.02512,134,0,10.3333,,1.80952,42,0,0.1,17,0,0,6.72551,31,,-32,1006,,0,0,0,1
1604111701851,6,1010123456020,78,,1,0,8,1,0,,2.61662,373,23024,0.287936,148,0,2,,0,0,0,0,0,0,0,0,0,,-129,1182,,0,0,0,0
1604111702101,6,1010123456020,78,,1,0,8,1,0,,15.1204,407,732,1.68426,168,0,9.75,,0,0,0,0,0,0,0,0,0,,-17,1232,,0,0,0,0
1604111702351,6,1010123456020,78,,1,0,8,1,0,,23.5285,193,0,0.96752,77,0,12.5,,0,0,0,0,0,0,0,0,0,,450,460,,0,0,0,0
1604111702601,6,1010123456020,78,,1,0,8,1,0,,19.8046,220,1433,0.988832,91,0,11,,0.346154,52,0,0.1,21,0,0,5.42731,31,,344,542,,0,0,0,1
1604111702851,6,1010123456020,78,,1,0,8,1,0,,20.47,217,1433,0.98496,88,0,13,,0,0,0,0,0,0,0,0,0,,330,514,,0,0,0,0
1604111703101,6,1010123456020,78,,1,0,8,1,0,,19.4879,248,0,0.982336,100,0,0.1,,0,0,0,0,0,0,0,0,0,,454,596,,0,0,0,0
1604111703351,6,1010123456020,78,,1,0,8,1,0,,20.1847,222,0,0.958656,87,0,11,,0,0,0,0,0,0,0,0,0,,354,574,,0,0,0,0
1604111703601,6,1010123456020,78,,1,0,8,1,0,,13.044,250,6913,0.77312,94,0,3,,0.307692,65,0,0.1,26,15.3846,0,4.1825,31,,161,706,,0,0,0,2.33846
1604111703851,6,1010123456020,78,,1,0,8,1,0,,16.6563,323,5070,1.05011,132,0,9.66667,,0.1,3,0,0.1,1,0,0,4.53784,31,,113,854,,0,0,0,1
1604111704101,6,1010123456020,78,,1,0,8,1,0,,16.9708,308,0,1.10125,120,0,11.5,,0,0,0,0,0,0,0,0,0,,251,832,,0,0,0,0
1604111704351,6,1010123456020,78,,1,0,8,1,0,,23.3161,174,169,0.985472,70,0,14,,0,0,0,0,0,0,0,0,0,,380,432,,0,0,0,0
1604111704601,6,1010123456020,78,,1,0,8,1,0,,14.5304,362,6029,0.819072,140,0,9.33333,,0.1,57,0,0.1,24,8.33333,0,3.49488,31,,302,772,,0,0,0,1.89474
1604111704851,6,1010123456020,78,,1,0,8,1,0,,10.7489,474,4072,1.0585,190,0,7.5,,0,0,0,0,0,0,0,0,0,,-201,1312,,0,0,0,0
1604111705101,6,1010123456020,78,,1,0,8,1,0,,18.0342,263,861,1.08118,113,0,11.3333,,0,0,0,0,0,0,0,0,0,,295,746,,0,0,0,0
1604111705351,6,1010123456020,78,,1,0,8,1,0,,10.7938,291,12630,0.622368,115,0,7.66667,,0,0,0,0,0,0,0,0,0,,151,804,,0,0,0,0
1604111705601,6,1010123456020,78,,1,0,8,1,0,,15.5968,496,2860,1.21763,198,0,9.5,,0.533981,103,0,0.1,41,70.7317,0,2.74813,31,,-250,1172,,0,0,0,7.40777
1604111705851,6,1010123456020,78,,1,0,8,1,0,,13.9763,337,6177,0.888928,134,0,9,,0,0,0,0,0,0,0,0,0,,269,894,,0,0,0,0
1604111706101,6,1010123456020,78,,1,0,8,1,0,,20.6466,266,0,1.18714,110,0,11.5,,0,0,0,0,0,0,0,0,0,,385,668,,0,0,0,0
1604111706351,6,1010123456020,78,,1,0,8,1,0,,19.6726,223,0,0.993728,90,0,11,,0,0,0,0,0,0,0,0,0,,303,590,,0,0,0,0
1604111706601,6,1010123456020,78,,1,0,8,1,0,,19.7656,256,0,0.980896,105,0,11.6667,,1.06452,62,0,0.1,26,26.9231,0,2.24406,31,,483,598,,0,0,0,3.90323
1604111706851,6,1010123456020,78,,1,0,8,1,0,,12.2445,364,939,0.912704,143,0,9,,0.1,3,0,0.1,1,0,0,3.15209,31,,26,1048,,0,0,0,1
1604111707101,6,1010123456020,78,,1,0,8,1,0,,18.932,294,471,1.02557,119,0,0.1,,0,0,0,0,0,0,0,0,0,,526,662,,0,0,0,0
1604111707351,6,1010123456020,78,,1,0,8,1,0,,19.0237,253,3154,0.923936,102,0,9.25,,0,0,0,0,0,0,0,0,0,,545,578,,0,0,0,0
1604111707601,6,1010123456020,78,,1,0,8,1,0,,11.9465,430,784,0.970592,168,0,12,,0.1875,64,0,0.1,25,20,0,2.75902,31,,-250,1220,,0,0,0,3.04688
1604111707851,6,1010123456020,78,,1,0,8,1,0,,14.1847,352,0,1.05779,143,0,8,,0,0,0,0,0,0,0,0,0,,83,938,,0,0,0,0
1604111708101,6,1010123456020,78,,1,0,8,1,0,,8.57308,260,14955,0.539424,106,0,7,,0,0,0,0,0,0,0,0,0,,2,862,,0,0,0,0
1604111708351,6,1010123456020,78,,1,0,8,1,0,,12.2545,334,18324,0.814976,136,0,8,,0,0,0,0,0,0,0,0,0,,-250,1056,,0,0,0,0
1604111708601,6,1010123456020,78,,1,0,8,1,0,,19.8674,377,967,1.59325,154,0,11,,3.45205,73,0,0.1,30,46.6667,0,3.27083,31,,-13,930,,0,0,0,5.24658
1604111708851,6,1010123456020,78,,1,0,8,1,0,,19.8831,248,0,0.964032,97,0,0.1,,0.1,3,0,0.1,1,0,0,4.9296,31,,341,580,,0,0,0,1
1604111709101,6,1010123456020,78,,1,0,8,1,0,,16.8788,297,0,0.979776,116,0,9.25,,0,0,0,0,0,0,0,0,0,,428,730,,0,0,0,0
1604111709351,6,1010123456020,78,,1,0,8,1,0,,13.2453,375,0,0.989952,146,0,0.1,,0,0,0,0,0,0,0,0,0,,297,1030,,0,0,0,0
1604111709601,6,1010123456020,78,,1,0,8,1,0,,13.2079,380,0,0.972736,152,0,0.1,,2.81818,44,0,0.1,18,0,0,8.24803,31,,322,1060,,0,0,0,1
1604111709851,6,1010123456020,78,,1,0,8,1,0,,13.2828,389,0,0.982208,154,0,12,,0,0,0,0,0,0,0,0,0,,459,1038,,0,0,0,0
1604111710101,6,1010123456020,78,,1,0,8,1,0,,21.8049,205,0,0.981152,85,0,0.1,,0,0,0,0,0,0,0,0,0,,473,506,,0,0,0,0
1604111710351,6,1010123456020,78,,1,0,8,1,0,,22.0214,187,0,0.98384,77,0,0.1,,0,0,0,0,0,0,0,0,0,,465,504,,0,0,0,0
1604111710601,6,1010123456020,78,,1,0,8,1,0,,17.7672,305,858,0.97424,119,0,10,,0.888889,54,0,0.1,21,23.8095,0,2.46103,31,,526,702,,0,0,0,3.42593
1604111710851,6,1010123456020,78,,1,0,8,1,0,,10.1936,372,10538,0.702976,155,0,8.25,,0,0,0,0,0,0,0,0,0,,56,1034,,0,0,0,0
1604111711101,6,1010123456020,78,,1,0,8,1,0,,5.83838,297,30487,0.323264,116,0,6.5,,0,0,0,0,0,0,0,0,0,,-250,1048,,0,0,0,0
1604111711351,6,1010123456020,78,,1,0,8,1,0,,8.57208,437,40009,0.683648,178,0,0.1,,0,0,0,0,0,0,0,0,0,,-250,1230,,0,0,0,0
1604111711601,6,1010123456020,78,,1,0,8,1,0,,9.52778,504,41631,0.907104,201,0,8,,2.56364,55,0,0.1,21,33.3333,0,4.60039,31,,-250,1436,,0,0,0,4.43636
1604111711851,6,1010123456020,78,,1,0,8,1,0,,19.1617,501,0,2.25446,200,0,11.3333,,0,0,0,0,0,0,0,0,0,,-220,1432,,0,0,0,0
1604111712101,6,1010123456020,78,,1,0,8,1,0,,20.0318,220,0,1.03165,95,0,11,,0,2,0,0.1,1,0,0,0,31,,370,586,,0,0,0,0
1604111712351,6,1010123456020,78,,1,0,8,1,0,,19.5664,286,0,0.970432,116,0,11,,2,3,0,0.1,1,0,0,2.36619,31,,500,620,,0,0,0,8
1604111712601,6,1010123456020,78,,1,0,8,1,0,,18.378,254,0,0.981312,104,0,9,,1.6,35,0,0.1,14,0,0,3.8735,31,,335,664,,0,0,0,1.54286
1604111712851,6,1010123456020,78,,1,0,8,1,0,,21.6766,235,0,0.980416,94,0,12.3333,,0,0,0,0,0,0,0,0,0,,512,508,,0,0,0,0
1604111713101,6,1010123456020,78,,1,0,8,1,0,,23,192,0,0.979104,77,0,0.1,,0,0,0,0,0,0,0,0,0,,514,448,,0,0,0,0
1604111713351,6,1010123456020,78,,1,0,8,1,0,,20.7005,207,121,0.97904,85,0,11,,0,0,0,0,0,0,0,0,0,,358,546,,0,0,0,0
1604111713601,6,1010123456020,78,,1,0,8,1,0,,20.7208,265,0,0.981472,106,0,11.5,,0,0,0,0,0,0,0,0,0,,458,562,,0,0,0,0
1604111713851,6,1010123456020,78,,1,0,8,1,0,,13.4286,329,604,0.985408,133,0,5.66667,,0.233333,60,0,0.1,23,13.0435,0,3.78015,31,,293,878,,0,0,0,2.35
1604111714101,6,1010123456020,78,,1,0,8,1,0,,22.9045,199,0,0.98,80,0,0.1,,0,0,0,0,0,0,0,0,0,,507,470,,0,0,0,0
1604111714351,6,1010123456020,78,,1,0,8,1,0,,22.4122,262,1049,0.984256,106,0,0.1,,0.1,9,0,0,3,100,0,0.291775,0,,653,482,,0,0,0,10
1604111714601,6,1010123456020,78,,1,0,8,1,0,,18.4715,263,3710,0.902464,106,0,8,,0.1,162,0,0.1,65,87.6923,0,0.915479,31,,396,602,,0,0,0,9.01235
1604111714851,6,1010123456020,78,,1,0,8,1,0,,14.2168,369,0,1.06816,150,0,10,,0,7,0,0.1,4,75,0,0,31,,139,1034,,0,0,0,0
1604111715101,6,1010123456020,78,,1,0,8,1,0,,10.4974,390,9596,0.660704,152,0,9.5,,0,0,0,0,0,0,0,0,0,,-22,946,,0,0,0,0
1604111715351,6,1010123456020,78,,1,0,8,1,0,,18.5873,315,0,1.29818,127,0,13,,0.1,9,0,0,3,100,0,0.201088,0,,229,786,,0,0,0,10
1604111715601,6,1010123456020,78,,1,0,8,1,0,,19.3548,248,0,0.958016,98,0,10,,0.567568,74,0,0.1,30,46.6667,0,2.21862,31,,467,594,,0,0,0,5.39189
1604111715851,6,1010123456020,78,,1,0,8,1,0,,18.7055,309,7,0.975904,122,0,13,,0,0,0,0,0,0,0,0,0,,621,680,,0,0,0,0
1604111716101,6,1010123456020,78,,1,0,8,1,0,,14.785,307,5014,0.856832,127,0,6,,0,0,0,0,0,0,0,0,0,,294,748,,0,0,0,0
1604111716351,6,1010123456020,78,,1,0,8,1,0,,7.9731,409,18507,0.551104,164,0,0.1,,0,0,0,0,0,0,0,0,0,,-250,1124,,0,0,0,0
1604111716601,6,1010123456020,78,,1,0,8,1,0,,17.1128,390,3563,1.46816,154,0,10,,0.123457,81,0,0.1,33,45.4545,0,2.30543,31,,-67,1008,,0,0,0,5.24691
1604111716851,6,1010123456020,78,,1,0,8,1,0,,19.3129,310,793,1.0656,131,0,11.5,,0.1,3,0,0.1,1,0,0,2.58369,31,,309,716,,0,0,0,1
1604111717101,6,1010123456020,78,,1,0,8,1,0,,22.5,208,1001,0.981056,82,0,12,,0.1,3,0,0.1,1,0,0,1.48739,31,,484,476,,0,0,0,1
1604111717351,6,1010123456020,78,,1,0,8,1,0,,16.9147,293,1625,0.95328,112,0,7,,0.1,3,0,0.1,1,0,0,3.04961,31,,379,730,,0,0,0,1
1604111717601,6,1010123456020,78,,1,0,8,1,0,,12.2455,444,1620,0.953824,177,0,9,,0.1,88,0,0.1,37,64.8649,0,1.42156,31,,-238,1240,,0,0,0,6.81818
1604111717851,6,1010123456020,78,,1,0,8,1,0,,26.1419,155,0,1.05536,68,0,13.5,,0.1,18,0,0.1,7,71.4286,0,1.09294,31,,294,384,,0,0,0,7
1604111718101,6,1010123456020,78,,1,0,8,1,0,,21.8194,216,0,0.966336,83,0,0.1,,0,0,0,0,0,0,0,0,0,,592,516,,0,0,0,0
1604111718351,6,1010123456020,78,,1,0,8,1,0,,22.1193,218,0,0.971456,88,0,13,,0,0,0,0,0,0,0,0,0,,514,494,,0,0,0,0
1604111718601,6,1010123456020,78,,1,0,8,1,0,,13.7704,379,1867,0.937536,151,0,6.66667,,0.111111,108,0,0.1,44,52.2727,0,2.67273,31,,67,950,,0,0,0,5.66667
1604111718851,6,1010123456020,78,,1,0,8,1,0,,21.4268,239,0,1.01117,97,0,12,,0,0,0,0,0,0,0,0,0,,483,562,,0,0,0,0
1604111719101,6,1010123456020,78,,1,0,8,1,0,,11.2626,396,8125,0.762656,161,0,7,,0,0,0,0,0,0,0,0,0,,-133,1050,,0,0,0,0
1604111719351,6,1010123456020,78,,1,0,8,1,0,,9.30769,429,19922,0.59568,170,0,6,,0,0,0,0,0,0,0,0,0,,-251,1070,,0,0,0,0
1604111719601,6,1010123456020,78,,1,0,8,1,0,,15.1429,427,0,1.60714,171,0,9.75,,1.14286,63,0,0.1,25,28,0,2.61167,31,,1,1260,,0,0,0,3.88889
1604111719851,6,1010123456020,78,,1,0,8,1,0,,17.8597,285,0,0.984128,114,0,0.1,,0,0,0,0,0,0,0,0,0,,463,720,,0,0,0,0
1604111720101,6,1010123456020,78,,1,0,8,1,0,,18.9416,257,860,0.985504,104,0,10.3333,,0,0,0,0,0,0,0,0,0,,444,600,,0,0,0,0
1604111720351,6,1010123456020,78,,1,0,8,1,0,,19.9184,294,919,0.97152,114,0,7,,0,2,0,0.1,1,0,0,0,31,,507,638,,0,0,0,0
1604111720601,6,1010123456020,78,,1,0,8,1,0,,9.24496,347,13722,0.596384,139,0,4.66667,,0.111111,54,0,0.1,18,5.55556,0,3.5327,31,,236,1008,,0,0,0,1.72222
1604111720851,6,1010123456020,78,,1,0,8,1,0,,22.4109,331,0,1.36387,136,0,13,,0,0,0,0,0,0,0,0,0,,474,698,,0,0,0,0
1604111721101,6,1010123456020,78,,1,0,8,1,0,,22.2329,249,0,0.991264,98,0,12,,0,0,0,0,0,0,0,0,0,,644,520,,0,0,0,0
1604111721351,6,1010123456020,78,,1,0,2,1,0,,21.645,231,1420,0.94112,94,0,12,,0,0,0,0,0,0,0,0,0,,575,504,,0,0,0,0
1604111721601,6,1010123456020,78,,1,0,2,1,0,,24.3085,363,12079,0.625504,147,0,12.5,,0.1,101,0,0.1,41,58.5366,0,2.05629,31,,-250,300,,0,0,0,6.52475
1604111721851,6,1010123456020,78,,1,0,2,1,0,,26.4809,445,15252,0.884768,181,0,0.1,,0,0,0,0,0,0,0,0,0,,-250,364,,0,0,0,0
1604111722101,6,1010123456020,78,,1,0,2,1,0,,26.2946,387,22210,0.774912,160,0,14,,0,0,0,0,0,0,0,0,0,,-250,316,,0,0,0,0
1604111722351,6,1010123456020,78,,1,0,2,1,0,,25.9659,352,32002,0.671072,139,0,13,,0.1,3,0,0.1,1,0,0,3.85851,31,,-250,278,,0,0,0,1
1604111722601,6,1010123456020,78,,1,0,2,1,0,,26.0743,350,41109,0.678848,142,0,0.1,,0.1,12,0,0,4,100,0,0.539604,0,,-250,290,,0,0,0,10
1604111722851,6,1010123456020,78,,1,0,2,1,0,,26.2786,402,47637,0.79424,164,0,0.1,,0,0,0,0,0,0,0,0,0,,-250,324,,0,0,0,0
1604111723101,6,1010123456020,78,,1,0,2,1,0,,26.573,466,49780,0.914496,186,0,13,,0.1,50,0,0.1,20,0,0,3.16212,31,,-250,376,,0,0,0,1.04
1604111723351,6,1010123456020,78,,1,0,2,1,0,,27,42,77259,0.114784,23,0,2,,0,0,0,0,0,0,0,0,0,,-249,366,,0,0,0,0
1604111723601,6,1010123456020,78,,1,0,2,1,0,,16.5243,267,99577,0.252608,102,0,9,,0.1,82,0,0.1,33,36.3636,0,2.50661,31,,-251,354,,0,0,0,4.46341
1604111723851,6,1010123456020,78,,1,0,2,1,0,,11.6967,389,121742,0.230304,159,0,0.1,,0,0,0,0,0,0,0,0,0,,-250,314,,0,0,0,0
1604111724101,6,1010123456020,78,,1,0,2,1,0,,15.1814,419,140008,0.395328,172,0,14,,0,0,0,0,0,0,0,0,0,,-250,342,,0,0,0,0
1604111724351,6,1010123456020,78,,1,0,2,1,0,,26.823,452,140420,0.95472,179,0,13.25,,0.1,3,0,0.1,1,0,0,2.04857,31,,-249,364,,0,0,0,2
1604111724601,6,1010123456020,78,,1,0,2,1,0,,27.7939,427,140181,0.990112,173,0,0.1,,0.1,57,0,0.1,23,13.0435,0,2.41483,31,,-250,348,,0,0,0,2.68421
1604111724851,6,1010123456020,78,,1,0,2,1,0,,23.8568,384,149500,0.720704,162,0,11,,0,0,0,0,0,0,0,0,0,,-250,314,,0,0,0,0
1604111725101,6,1010123456020,78,,1,0,2,1,0,,24.3768,422,157252,0.728096,169,0,12,,0,0,0,0,0,0,0,0,0,,-250,344,,0,0,0,0
1604111725351,6,1010123456020,78,,1,0,2,1,0,,21.8758,314,173385,0.480448,134,0,7.33333,,0,0,0,0,0,0,0,0,0,,-250,344,,0,0,0,0
1604111725601,6,1010123456020,78,,1,0,2,1,0,,21.3867,225,184168,0.284992,82,0,11,,0.1,50,0,0.1,20,5,0,3.2934,31,,-250,370,,0,0,0,1.6
1604111725851,6,1010123456020,78,,1,0,2,1,0,,21.8554,166,184105,0.244384,69,0,7.33333,,0.1,7,0,0.1,3,33.3333,0,2.05548,0,,-250,362,,0,0,0,3.57143
1604111726101,6,1010123456020,78,,1,0,2,1,0,,23.4749,299,183701,0.470208,118,0,9.5,,0.1,3,0,0.1,1,0,0,1.71423,31,,-251,340,,0,0,0,9
1604111726351,6,1010123456020,78,,1,0,2,1,0,,26.2425,367,182497,0.74848,146,0,12.3333,,0.1,9,0,0.1,3,66.6667,0,1.01355,31,,-250,292,,0,0,0,7
1604111726601,6,1010123456020,78,,1,0,2,1,0,,17.0444,405,183342,0.532672,164,0,6,,0.1,87,0,0.1,33,45.4545,0,1.81395,31,,-250,324,,0,0,0,5.4023
1604111726851,6,1010123456020,78,,1,0,2,1,0,,9.25293,427,183793,0.187136,168,0,7,,0,0,0,0,0,0,0,0,0,,-250,336,,0,0,0,0
1604111727101,6,1010123456020,78,,1,0,2,1,0,,15.971,379,183812,0.38592,148,0,7.6,,0,0,0,0,0,0,0,0,0,,-250,344,,0,0,0,0
1604111727351,6,1010123456020,78,,1,0,2,1,0,,9.56757,370,183330,0.177056,154,0,0.1,,0.1,3,0,0.1,1,0,0,2.2945,31,,-250,300,,0,0,0,2
1604111727601,6,1010123456020,78,,1,0,2,1,0,,10.4214,439,184269,0.211584,169,0,7,,0.1,80,0,0.1,31,48.3871,0,1.29791,31,,-250,350,,0,0,0,5.7125
1604111727851,6,1010123456020,78,,1,0,2,1,0,,11.8998,439,183926,0.267648,180,0,0.1,,0,0,0,0,0,0,0,0,0,,-250,354,,0,0,0,0
1604111728101,6,1010123456020,78,,1,0,2,1,0,,14.6138,435,183251,0.364704,177,0,9.33333,,0,0,0,0,0,0,0,0,0,,-250,354,,0,0,0,0
1604111728351,6,1010123456020,78,,1,0,2,1,0,,19.5653,421,183168,0.510752,169,0,11,,0,0,0,0,0,0,0,0,0,,-250,342,,0,0,0,0
1604111728601,6,1010123456020,78,,1,0,2,1,0,,21.8596,470,183153,0.669536,187,0,0.1,,0.1,61,0,0.1,25,20,0,1.86782,31,,-250,372,,0,0,0,3.09836
1604111728851,6,1010123456020,78,,1,0,2,1,0,,23.7036,442,184015,0.749408,179,0,10.5,,0,2,0,0.1,1,0,0,0,31,,-250,350,,0,0,0,0
1604111729101,6,1010123456020,78,,1,0,2,1,0,,24.9977,430,183260,0.757856,169,0,12.5,,0,0,0,0,0,0,0,0,0,,-250,346,,0,0,0,0
1604111729351,6,1010123456020,78,,1,0,2,1,0,,26.9202,476,183750,0.935648,187,0,0.1,,0,0,0,0,0,0,0,0,0,,-250,374,,0,0,0,0
1604111729601,6,1010123456020,78,,1,0,2,1,0,,26.5361,457,183521,0.905472,184,0,12,,0.1,55,0,0.1,22,0,0,3.72528,31,,-250,370,,0,0,0,1.12727
1604111729851,6,1010123456020,78,,1,0,2,1,0,,25.8437,467,183481,0.922912,189,0,9.66667,,0,0,0,0,0,0,0,0,0,,-250,378,,0,0,0,0
1604111730101,6,1010123456020,78,,1,0,2,1,0,,15.8194,443,182186,0.496128,178,0,12.6667,,0,0,0,0,0,0,0,0,0,,-249,358,,0,0,0,0
1604111730351,6,1010123456020,78,,1,0,2,1,0,,24.6145,454,183350,0.821056,186,0,0.1,,0,0,0,0,0,0,0,0,0,,-249,370,,0,0,0,0
1604111730601,6,1010123456020,78,,1,0,2,1,0,,24.6746,461,182746,0.835872,189,0,0.1,,0.1,53,0,0.1,21,0,0,3.38348,31,,-250,374,,0,0,0,1.0566
1604111730851,6,1010123456020,78,,1,0,2,1,0,,22.5632,467,182933,0.755392,190,0,10.3333,,0,0,0,0,0,0,0,0,0,,-250,380,,0,0,0,0
1604111731101,6,1010123456020,78,,1,0,2,1,0,,25,64,183828,0.135872,30,0,2,,0,0,0,0,0,0,0,0,0,,-250,336,,0,0,0,0
1604111731351,6,1010123456020,78,,1,0,2,1,0,,19.9611,180,184229,0.210112,68,0,10,,0,0,0,0,0,0,0,0,0,,-250,362,,0,0,0,0
1604111731601,6,1010123456020,78,,1,0,2,1,0,,20.5912,411,183589,0.538304,166,0,11,,0.1,100,0,0.1,40,47.5,0,1.74916,31,,-250,336,,0,0,0,5.52
1604111731851,6,1010123456020,78,,1,0,2,1,0,,25.1946,442,183001,0.828288,180,0,13.5,,0,2,0,0.1,1,0,0,0,31,,-250,356,,0,0,0,0
1604111732101,6,1010123456020,78,,1,0,2,1,0,,24.6539,419,183185,0.7432,169,0,0.1,,0,0,0,0,0,0,0,0,0,,-250,342,,0,0,0,0
1604111732351,6,1010123456020,78,,1,0,2,1,0,,24.8208,413,183914,0.7448,167,0,0.1,,0,2,0,0.1,1,0,0,0,31,,-250,330,,0,0,0,0
1604111732601,6,1010123456020,78,,1,0,2,1,0,,24.6605,324,184163,0.584064,132,0,0.1,,0.1,72,0,0.1,29,31.0345,0,1.82557,31,,-251,378,,0,0,0,3.875
1604111732851,6,1010123456020,78,,1,0,2,1,0,,20,12,183698,0,0,0,10,,0,0,0,0,0,0,0,0,0,,-250,330,,0,0,0,0
1604111733101,6,1010123456020,78,,1,0,2,1,0,,15.4237,465,183352,0.407552,182,0,8.5,,0,0,0,0,0,0,0,0,0,,-250,366,,0,0,0,0
1604111733351,6,1010123456020,78,,1,0,2,1,0,,20.2906,413,183048,0.522208,165,0,10.6667,,0,0,0,0,0,0,0,0,0,,-250,332,,0,0,0,0
1604111733601,6,1010123456020,78,,1,0,2,1,0,,20.8229,446,182334,0.588192,181,0,13,,0.1,52,0,0.1,21,0,0,2.89398,31,,-250,360,,0,0,0,1.11538
1604111733851,6,1010123456020,78,,1,0,2,1,0,,26.5504,476,183259,0.934432,189,0,10,,0,0,0,0,0,0,0,0,0,,-250,374,,0,0,0,0
1604111734101,6,1010123456020,78,,1,0,2,1,0,,19.3568,426,183487,0.530016,175,0,7.5,,0,0,0,0,0,0,0,0,0,,-250,348,,0,0,0,0
1604111734351,6,1010123456020,78,,1,0,2,1,0,,4,326,183488,0.06336,132,0,0.1,,0,0,0,0,0,0,0,0,0,,-250,260,,0,0,0,0
1604111734601,6,1010123456020,78,,1,0,2,1,0,,8.43409,311,183881,0.135744,123,0,7,,0.1,109,0,0.1,44,63.6364,0,1.37411,31,,-250,254,,0,0,0,6.94495
1604111734851,6,1010123456020,78,,1,0,2,1,0,,22.6817,377,183530,0.579936,152,0,12.75,,0.1,7,0,0.1,3,0,0,2.40585,31,,-250,300,,0,0,0,1.85714
1604111735101,6,1010123456020,78,,1,0,2,1,0,,19.7639,432,183925,0.50336,166,0,0.1,,0,0,0,0,0,0,0,0,0,,-250,338,,0,0,0,0
1604111735351,6,1010123456020,78,,1,0,2,1,0,,21.4301,458,183739,0.621056,180,0,11,,0,0,0,0,0,0,0,0,0,,-250,360,,0,0,0,0
1604111735601,6,1010123456020,78,,1,0,2,1,0,,11.2819,298,184139,0.207616,126,0,5.75,,0.1,62,0,0.1,22,9.09091,0,2.17561,31,,-250,284,,0,0,0,2.58065
1604111735851,6,1010123456020,78,,1,0,2,1,0,,0,0,184139,0,0,0,0.1,,0,0,0,0,0,0,0,0,0,,-250,346,,0,0,0,0
1604111736101,6,1010123456020,78,,1,0,2,1,0,,0,0,184139,0,0,0,0.1,,0,0,0,0,0,0,0,0,0,,-250,342,,0,0,0,0
1604111736351,6,1010123456020,78,,1,0,2,1,0,,0,0,184139,0,0,0,0.1,,0,0,0,0,0,0,0,0,0,,-249,350,,0,0,0,0
1604111736601,6,1010123456020,78,,1,0,2,1,0,,27.7838,148,182808,0.285248,50,0,15,,0.1,48,744,0.1,19,84.2105,0,0.614636,31,,-250,356,,0,0,0,8.5625
1604111736851,6,1010123456020,78,,1,0,2,1,0,,18.4247,438,183692,0.532192,182,0,8,,0.1,51,0,0.1,20,30,0,1.99468,0,,-249,354,,0,0,0,3.7451
1604111737101,6,1010123456020,78,,1,0,2,1,0,,21.1583,398,183482,0.563008,164,0,15,,0,0,0,0,0,0,0,0,0,,-251,332,,0,0,0,0
1604111737351,6,1010123456020,78,,1,0,2,1,0,,27.5416,421,182947,0.961952,169,0,12,,0,0,0,0,0,0,0,0,0,,-249,338,,0,0,0,0
1604111737601,6,1010123456020,78,,1,0,2,1,0,,16.3024,205,183415,0.248064,87,0,3.66667,,0.1,39,0,0.1,19,5.26316,0,1.77232,31,,-250,246,,0,0,0,2.48718
1604111737851,6,1010123456020,78,,1,0,2,1,0,,21.5994,317,184308,0.439712,125,0,11,,0.1,5,0,0.1,2,0,0,1.80243,31,,-250,254,,0,0,0,1.6
1604111738101,6,1010123456020,78,,1,0,2,1,0,,20.4745,411,183387,0.53968,165,0,9.5,,0,0,0,0,0,0,0,0,0,,-250,338,,0,0,0,0
1604111738351,6,1010123456020,78,,1,0,2,1,0,,24.6496,448,183577,0.786368,182,0,13,,0,0,0,0,0,0,0,0,0,,-250,366,,0,0,0,0
1604111738601,6,1010123456020,78,,1,0,2,1,0,,27.0811,444,181365,0.969472,180,0,13.5,,0.1,64,0,0.1,25,20,0,2.20957,31,,-250,362,,0,0,0,3.15625
1604111738851,6,1010123456020,78,,1,0,2,1,0,,9.943,421,184316,0.234752,173,0,6,,0.1,3,0,0.1,1,0,0,4.00392,31,,-250,336,,0,0,0,1
1604111739101,6,1010123456020,78,,1,0,2,1,0,,9.85376,465,184037,0.209696,179,0,0.1,,0,0,0,0,0,0,0,0,0,,-251,368,,0,0,0,0
1604111739351,6,1010123456020,78,,1,0,2,1,0,,16.0097,411,183112,0.412672,167,0,12.6667,,0,2,0,0.1,1,0,0,0,31,,-250,324,,0,0,0,0
1604111739601,6,1010123456020,78,,1,0,2,1,0,,26.3192,401,182584,0.760608,157,0,0.1,,0.1,50,0,0.1,20,0,0,2.86249,31,,-250,320,,0,0,0,1
1604111739851,6,1010123456020,78,,1,0,2,1,0,,17.509,391,184359,0.4984,158,0,5,,0,0,0,0,0,0,0,0,0,,-250,308,,0,0,0,0
1604111740101,6,1010123456020,78,,1,0,2,1,0,,12.6364,451,183348,0.328608,174,0,7,,0,0,0,0,0,0,0,0,0,,-250,356,,0,0,0,0
1604111740351,6,1010123456020,78,,1,0,2,1,0,,20.4877,365,182633,0.5224,149,0,13,,0,0,0,0,0,0,0,0,0,,-250,298,,0,0,0,0
1604111740601,6,1010123456020,78,,1,0,2,1,0,,24.1088,377,183605,0.753952,149,0,10.3333,,0.1,103,0,0.1,42,66.6667,0,1.04677,31,,-250,300,,0,0,0,7.07767
1604111740851,6,1010123456020,78,,1,0,2,1,0,,1,380,184576,0.034272,153,0,0.1,,0,2,0,0.1,1,0,0,0,31,,-250,306,,0,0,0,0
1604111741101,6,1010123456020,78,,1,0,2,1,0,,1,429,184060,0.038752,173,0,0.1,,0,0,0,0,0,0,0,0,0,,-250,344,,0,0,0,0
1604111741351,6,1010123456020,78,,1,0,2,1,0,,13.33,403,182086,0.384672,163,0,11,,0,0,0,0,0,0,0,0,0,,-250,322,,0,0,0,0
1604111741601,6,1010123456020,78,,1,0,2,1,0,,12.8,360,182881,0.2712,142,0,8.5,,0.1,75,0,0.1,28,53.5714,0,0.981183,31,,-250,288,,0,0,0,6.16
1604111741851,6,1010123456020,78,,1,0,2,1,0,,14.8062,387,183362,0.342272,158,0,8,,0,0,0,0,0,0,0,0,0,,-250,308,,0,0,0,0
1604111742101,6,1010123456020,78,,1,0,2,1,0,,13.8273,417,183925,0.316128,165,0,0.1,,0,6,0,0.1,3,33.3333,0,0,31,,-250,338,,0,0,0,0
1604111742351,6,1010123456020,78,,1,0,2,1,0,,24.8561,410,182761,0.737312,167,0,13,,0,0,0,0,0,0,0,0,0,,-250,334,,0,0,0,0
1604111742601,6,1010123456020,78,,1,0,2,1,0,,25.1828,443,181896,0.864192,177,0,11,,0.1,65,0,0.1,25,12,0,2.07832,31,,-250,358,,0,0,0,2.61538
1604111742851,6,1010123456020,78,,1,0,2,1,0,,27.778,437,181200,1.03747,181,0,0.1,,0,0,0,0,0,0,0,0,0,,-250,354,,0,0,0,0
1604111743101,6,1010123456020,78,,1,0,2,1,0,,26.5523,440,183124,0.869952,174,0,13,,0,0,0,0,0,0,0,0,0,,-250,354,,0,0,0,0
1604111743351,6,1010123456020,78,,1,0,2,1,0,,25.1412,425,183310,0.804064,175,0,12.5,,0,0,0,0,0,0,0,0,0,,-250,348,,0,0,0,0
1604111743601,6,1010123456020,78,,1,0,2,1,0,,21.7332,431,183507,0.68112,175,0,7,,0.1,87,0,0.1,35,31.4286,0,1.53347,31,,-249,346,,0,0,0,4.02299
1604111743851,6,1010123456020,78,,1,0,2,1,0,,11.9324,429,183472,0.253184,170,0,0.1,,0,0,0,0,0,0,0,0,0,,-250,338,,0,0,0,0
1604111744101,6,1010123456020,78,,1,0,2,1,0,,17.0618,453,183522,0.455584,173,0,10.3333,,0,0,0,0,0,0,0,0,0,,-250,354,,0,0,0,0
1604111744351,6,1010123456020,78,,1,0,2,1,0,,23.0667,90,183543,0.14992,37,0,5.5,,0,0,0,0,0,0,0,0,0,,-250,374,,0,0,0,0
1604111744601,6,1010123456020,78,,1,0,2,1,0,,18.5971,407,183868,0.48176,163,0,7,,0.1,117,0,0.1,47,76.5957,0,0.740114,31,,-250,326,,0,0,0,8.05128
1604111744851,6,1010123456020,78,,1,0,2,1,0,,13.7644,416,183313,0.311872,168,0,12,,0,0,0,0,0,0,0,0,0,,-250,330,,0,0,0,0
1604111745101,6,1010123456020,78,,1,0,2,1,0,,24.3759,439,182341,0.724096,168,0,0.1,,0,0,0,0,0,0,0,0,0,,-250,344,,0,0,0,0
1604111745351,6,1010123456020,78,,1,0,2,1,0,,23.8375,443,182962,0.74224,175,0,10.5,,0,0,0,0,0,0,0,0,0,,-250,348,,0,0,0,0
1604111745601,6,1010123456020,78,,1,0,2,1,0,,24.9392,411,182496,0.762112,168,0,13,,0.1,80,0,0.1,32,37.5,0,1.28698,31,,-251,338,,0,0,0,5.25
1604111745851,6,1010123456020,78,,1,0,2,1,0,,27.7202,411,182902,0.947424,167,0,0.1,,0,0,0,0,0,0,0,0,0,,-250,328,,0,0,0,0
1604111746101,6,1010123456020,78,,1,0,2,1,0,,26.4535,430,183480,0.871488,170,0,12.6667,,0,0,0,0,0,0,0,0,0,,-250,344,,0,0,0,0
1604111746351,6,1010123456020,78,,1,0,2,1,0,,26.6585,451,183504,0.899008,182,0,0.1,,0,0,0,0,0,0,0,0,0,,-250,364,,0,0,0,0
1604111746601,6,1010123456020,78,,1,0,2,1,0,,7.10377,424,183464,0.186368,172,0,5,,0.1,73,0,0.1,29,24.1379,0,2.0233,31,,-250,346,,0,0,0,3.68493
1604111746851,6,1010123456020,78,,1,0,2,1,0,,10.3101,416,183161,0.2504,173,0,11,,0,2,0,0.1,1,0,0,0,31,,-250,338,,0,0,0,0
1604111747101,6,1010123456020,78,,1,0,2,1,0,,27.5501,409,184413,0.918304,165,0,9.33333,,0.1,9,0,0.1,3,66.6667,0,1.10069,31,,-250,346,,0,0,0,7
1604111747351,6,1010123456020,78,,1,0,2,1,0,,0,0,184413,0,0,0,0.1,,0.1,6,0,0.1,2,0,0,2.56563,31,,-250,294,,0,0,0,5
1604111747601,6,1010123456020,78,,1,0,2,1,0,,21.5985,132,184431,0.189632,54,0,6.5,,0.1,68,0,0.1,27,29.6296,0,1.62116,31,,-250,300,,0,0,0,4.45588
1604111747851,6,1010123456020,78,,1,0,2,1,0,,6,117,183547,0.029568,42,0,5,,0,0,0,0,0,0,0,0,0,,-250,316,,0,0,0,0
1604111748101,6,1010123456020,78,,1,0,2,1,0,,18.4763,443,183921,0.54944,181,0,8.66667,,0,0,0,0,0,0,0,0,0,,-250,356,,0,0,0,0
1604111748351,6,1010123456020,78,,1,0,2,1,0,,21.7218,417,184074,0.617632,169,0,9,,0,0,0,0,0,0,0,0,0,,-250,342,,0,0,0,0
1604111748601,6,1010123456020,78,,1,0,2,1,0,,21.5031,491,180657,0.701536,195,0,15,,0.1,91,0,0.1,36,41.6667,0,1.40839,31,,-250,394,,0,0,0,5.05495
1604111748851,6,1010123456020,78,,1,0,2,1,0,,26.5011,447,183559,0.932128,177,0,11,,0,0,0,0,0,0,0,0,0,,-250,352,,0,0,0,0
1604111749101,6,1010123456020,78,,1,0,2,1,0,,11.8767,430,183406,0.264192,176,0,0.1,,0,0,0,0,0,0,0,0,0,,-250,344,,0,0,0,0
1604111749351,6,1010123456020,78,,1,0,2,1,0,,19.321,458,184015,0.540096,180,0,11,,0,0,0,0,0,0,0,0,0,,-250,366,,0,0,0,0
1604111749601,6,1010123456020,78,,1,0,2,1,0,,21.7089,450,184362,0.650496,184,0,0.1,,0.1,50,0,0.1,20,0,0,1.81132,31,,-250,368,,0,0,0,1.64
1604111749851,6,1010123456020,78,,1,0,2,1,0,,21.615,452,183684,0.64432,183,0,11,,0.1,3,0,0.1,1,0,0,2.78358,31,,-250,364,,0,0,0,1
1604111750101,6,1010123456020,78,,1,0,2,1,0,,21.9977,428,184633,0.627168,173,0,11,,0,0,0,0,0,0,0,0,0,,-249,350,,0,0,0,0
1604111750351,6,1010123456020,78,,1,0,2,1,0,,21.7835,448,183707,0.652256,183,0,0.1,,0,0,0,0,0,0,0,0,0,,-250,362,,0,0,0,0
1604111750601,6,1010123456020,78,,1,0,2,1,0,,20.6597,432,183693,0.578432,176,0,9,,0.1,110,0,0.1,44,56.8182,0,1.17013,31,,-250,352,,0,0,0,6.96364
1604111750851,6,1010123456020,78,,1,0,2,1,0,,23.7731,401,183616,0.654048,161,0,11.3333,,0,0,0,0,0,0,0,0,0,,-250,322,,0,0,0,0
1604111751101,6,1010123456020,78,,1,0,2,1,0,,12.22,350,183636,0.272544,142,0,6,,0.1,18,0,0.1,8,75,0,1.15714,31,,-250,280,,0,0,0,7.77778
1604111751351,6,1010123456020,78,,1,0,2,1,0,,11.1119,286,183133,0.156128,115,0,11,,0,6,0,0.1,3,66.6667,0,0,31,,-250,232,,0,0,0,0
1604111751601,6,1010123456020,78,,1,0,2,1,0,,19.4825,458,184352,0.595296,185,0,4,,0.1,70,0,0.1,29,31.0345,0,1.59673,31,,-250,368,,0,0,0,4.11429
1604111751851,6,1010123456020,78,,1,0,2,1,0,,8.54386,456,183640,0.266176,182,0,7.5,,0.1,3,0,0.1,1,0,0,1.80167,31,,-250,370,,0,0,0,5
1604111752101,6,1010123456020,78,,1,0,2,1,0,,2.72059,476,184521,0.099456,195,0,3,,0,0,0,0,0,0,0,0,0,,-250,386,,0,0,0,0
1604111752351,6,1010123456020,78,,1,0,2,1,0,,19.5205,438,182910,0.561728,180,0,11,,0,0,0,0,0,0,0,0,0,,-251,360,,0,0,0,0
1604111752601,6,1010123456020,78,,1,0,2,1,0,,22.5141,496,183597,0.720064,194,0,13,,0.1,65,0,0.1,27,29.6296,0,1.79277,31,,-250,392,,0,0,0,4.09231
1604111752851,6,1010123456020,78,,1,0,2,1,0,,21.4013,476,183917,0.714208,189,0,9.66667,,0,0,0,0,0,0,0,0,0,,-250,378,,0,0,0,0
1604111753101,6,1010123456020,78,,1,0,2,1,0,,21.8698,453,183317,0.64112,179,0,0.1,,0,0,0,0,0,0,0,0,0,,-250,356,,0,0,0,0
1604111753351,6,1010123456020,78,,1,0,2,1,0,,21.9143,455,174079,0.639296,178,0,11,,0,0,0,0,0,0,0,0,0,,-250,356,,0,0,0,0
1604111753601,6,1010123456020,78,,1,0,2,1,0,,21.9341,516,152071,0.73408,204,0,0.1,,0.1,64,0,0.1,26,26.9231,0,1.6968,31,,-250,406,,0,0,0,3.92188
1604111753851,6,1010123456020,78,,1,0,2,1,0,,8.88788,330,146435,0.216,134,0,4.8,,0,0,0,0,0,0,0,0,0,,-250,398,,0,0,0,0
1604111754101,6,1010123456020,78,,1,0,2,1,0,,0,0,146435,0,0,0,0.1,,0,0,0,0,0,0,0,0,0,,-250,382,,0,0,0,0
1604111754351,6,1010123456020,78,,1,0,2,1,0,,0,0,146435,0,0,0,0.1,,0,0,0,0,0,0,0,0,0,,-250,402,,0,0,0,0
1604111754601,6,1010123456020,78,,1,0,2,1,0,,0,0,146435,0,0,0,0.1,,0,0,0,0,0,0,0,0,0,,-250,388,,0,0,0,0
1604111754851,6,1010123456020,78,,1,0,2,1,0,,18.9792,240,138460,0.253056,92,0,10,,0.1,55,0,0.1,22,4.54545,0,2.44559,31,,-250,390,,0,0,0,2.16364
1604111755101,6,1010123456020,78,,1,0,2,1,0,,22,514,116559,0.712352,197,0,11,,0,0,0,0,0,0,0,0,0,,-250,402,,0,0,0,0
1604111755351,6,1010123456020,78,,1,0,2,1,0,,22,498,95313,0.715968,198,0,0.1,,0,0,0,0,0,0,0,0,0,,-250,392,,0,0,0,0
1604111755601,6,1010123456020,78,,1,0,2,1,0,,17.2992,478,80796,0.491168,185,0,8.33333,,0.1,69,0,0.1,27,18.5185,0,1.95897,31,,-250,376,,0,0,0,3.30435
1604111755851,6,1010123456020,78,,1,0,2,1,0,,27.2798,511,46401,1.10742,203,0,13,,0,0,0,0,0,0,0,0,0,,-249,404,,0,0,0,0
1604111756101,6,1010123456020,78,,1,0,2,1,0,,28,470,12753,1.10704,187,0,0.1,,0,0,0,0,0,0,0,0,0,,-250,374,,0,0,0,0
1604111756351,6,1010123456020,78,,1,0,2,1,0,,28,182,0,0.46176,78,0,0.1,,0,0,0,0,0,0,0,0,0,,-10,140,,0,0,0,0
1604111756601,6,1010123456020,78,,1,0,2,1,0,,0,0,0,0,0,0,10,,0,0,0,0,0,0,0,0,0,,0,0,,0,0,0,0
1604111756851,6,1010123456020,78,,1,0,2,1,0,,0,0,0,0,0,0,10,,0,0,0,0,0,0,0,0,0,,0,0,,0,0,0,0
1604111757101,6,1010123456020,78,,1,0,2,1,0,,0,0,0,0,0,0,0.1,,0,0,0,0,0,0,0,0,0,,0,0,,0,0,0,0
1604111757351,6,1010123456020,78,,1,0,2,1,0,,0,0,0,0,0,0,10,,0,0,0,0,0,0,0,0,0,,0,0,,0,0,0,0
1604111757601,6,1010123456020,78,,1,0,2,1,0,,0,0,0,0,0,0,7,,0,0,0,0,0,0,0,0,0,,0,0,,0,0,0,0
1604111757851,6,1010123456020,78,,1,0,2,1,0,,0,0,0,0,0,0,0.1,,0,0,0,0,0,0,0,0,0,,0,0,,0,0,0,0
1604111758101,6,1010123456020,78,,1,0,2,1,0,,0,0,0,0,0,0,10,,0,0,0,0,0,0,0,0,0,,0,0,,0,0,0,0
1604111758351,6,1010123456020,78,,1,0,2,1,0,,0,0,0,0,0,0,0.1,,0,0,0,0,0,0,0,0,0,,0,0,,0,0,0,0
1604111758601,6,1010123456020,78,,1,0,2,1,0,,0,0,0,0,0,0,0.1,,0,0,0,0,0,0,0,0,0,,0,0,,0,0,0,0
1604111758851,6,1010123456020,78,,1,0,2,1,0,,0,0,0,0,0,0,10,,0,0,0,0,0,0,0,0,0,,0,0,,0,0,0,0
1604111759101,6,1010123456020,78,,1,0,2,1,0,,0,0,0,0,0,0,7,,0,0,0,0,0,0,0,0,0,,0,0,,0,0,0,0
1604111759351,6,1010123456020,78,,1,0,2,1,0,,0,0,0,0,0,0,14,,0,0,0,0,0,0,0,0,0,,0,0,,0,0,0,0
1604111759601,6,1010123456020,78,,1,0,2,1,0,,0,0,0,0,0,0,12.5,,0,0,0,0,0,0,0,0,0,,0,0,,0,0,0,0
1604111759851,6,1010123456020,78,,1,0,2,1,0,,0,0,0,0,0,0,7,,0,0,0,0,0,0,0,0,0,,0,0,,0,0,0,0
1604111760101,6,1010123456020,78,,1,0,2,1,0,,0,0,0,0,0,0,1,,0,0,0,0,0,0,0,0,0,,0,0,,0,0,0,0
1604111760351,6,1010123456020,78,,1,0,2,1,0,,0,0,0,0,0,0,6,,0,0,0,0,0,0,0,0,0,,0,0,,0,0,0,0
1604111760601,6,1010123456020,78,,1,0,2,1,0,,0,0,0,0,0,0,11.5,,0,0,0,0,0,0,0,0,0,,0,0,,0,0,0,0
1604111760851,6,1010123456020,78,,1,0,2,1,0,,0,0,0,0,0,0,7,,0,0,0,0,0,0,0,0,0,,0,0,,0,0,0,0
1604111761101,6,1010123456020,78,,1,0,2,1,0,,0,0,0,0,0,0,0.1,,0,0,0,0,0,0,0,0,0,,0,0,,0,0,0,0
1604111761351,6,1010123456020,78,,1,0,2,1,0,,0,0,0,0,0,0,5.5,,0,0,0,0,0,0,0,0,0,,0,0,,0,0,0,0
1604111761601,6,1010123456020,78,,1,0,2,1,0,,0,0,0,0,0,0,10,,0,0,0,0,0,0,0,0,0,,0,0,,0,0,0,0
1604111761851,6,1010123456020,78,,1,0,2,1,0,,0,0,0,0,0,0,6.25,,0,0,0,0,0,0,0,0,0,,0,0,,0,0,0,0
1604111762101,6,1010123456020,78,,1,0,2,1,0,,0,0,0,0,0,0,3.25,,0,0,0,0,0,0,0,0,0,,0,0,,0,0,0,0
1604111762351,6,1010123456020,78,,1,0,2,1,0,,0,0,0,0,0,0,13,,0,0,0,0,0,0,0,0,0,,0,0,,0,0,0,0
1604111762601,6,1010123456020,78,,1,0,2,1,0,,0,0,0,0,0,0,15,,0,0,0,0,0,0,0,0,0,,0,0,,0,0,0,0
1604111762851,6,1010123456020,78,,1,0,2,1,0,,0,0,0,0,0,0,5.8,,0,0,0,0,0,0,0,0,0,,0,0,,0,0,0,0
1604111763101,6,1010123456020,78,,1,0,2,1,0,,0,0,0,0,0,0,4.5,,0,0,0,0,0,0,0,0,0,,0,0,,0,0,0,0
1604111763351,6,1010123456020,78,,1,0,2,1,0,,0,0,0,0,0,0,12,,0,0,0,0,0,0,0,0,0,,0,0,,0,0,0,0
1604111763601,6,1010123456020,78,,1,0,2,1,0,,0,0,0,0,0,0,5,,0,0,0,0,0,0,0,0,0,,0,0,,0,0,0,0
1604111763851,6,1010123456020,78,,1,0,2,1,0,,0,0,0,0,0,0,7,,0,0,0,0,0,0,0,0,0,,0,0,,0,0,0,0
1604111764101,6,1010123456020,78,,1,0,2,1,0,,0,0,0,0,0,0,11,,0,0,0,0,0,0,0,0,0,,0,0,,0,0,0,0
1604111764351,6,1010123456020,78,,1,0,2,1,0,,0,0,0,0,0,0,9.25,,0,0,0,0,0,0,0,0,0,,0,0,,0,0,0,0
1604111764601,6,1010123456020,78,,1,0,2,1,0,,0,0,0,0,0,0,5.5,,0,0,0,0,0,0,0,0,0,,0,0,,0,0,0,0
1604111764851,6,1010123456020,78,,1,0,2,1,0,,0,0,0,0,0,0,6.33333,,0,0,0,0,0,0,0,0,0,,0,0,,0,0,0,0
1604111765101,6,1010123456020,78,,1,0,2,1,0,,0,0,0,0,0,0,7.25,,0,0,0,0,0,0,0,0,0,,0,0,,0,0,0,0
1604111765351,6,1010123456020,78,,1,0,2,1,0,,0,0,0,0,0,0,5,,0,0,0,0,0,0,0,0,0,,0,0,,0,0,0,0
1604111765601,6,1010123456020,78,,1,0,2,1,0,,0,0,0,0,0,0,7,,0,0,0,0,0,0,0,0,0,,0,0,,0,0,0,0
1604111765851,6,1010123456020,78,,1,0,2,1,0,,0,0,0,0,0,0,11.3333,,0,0,0,0,0,0,0,0,0,,0,0,,0,0,0,0
1604111766101,6,1010123456020,78,,1,0,2,1,0,,0,0,0,0,0,0,8.5,,0,0,0,0,0,0,0,0,0,,0,0,,0,0,0,0
1604111766351,6,1010123456020,78,,1,0,2,1,0,,0,0,0,0,0,0,8.5,,0,0,0,0,0,0,0,0,0,,0,0,,0,0,0,0
1604111766601,6,1010123456020,78,,1,0,2,1,0,,0,0,0,0,0,0,3,,0,0,0,0,0,0,0,0,0,,0,0,,0,0,0,0
1604111766851,6,1010123456020,78,,1,0,2,1,0,,0,0,0,0,0,0,8.57143,,0,0,0,0,0,0,0,0,0,,0,0,,0,0,0,0
1604111767101,6,1010123456020,78,,1,0,2,1,0,,0,0,0,0,0,0,0.1,,0,0,0,0,0,0,0,0,0,,0,0,,0,0,0,0
1604111767351,6,1010123456020,78,,1,0,2,1,0,,0,0,0,0,0,0,10.5,,0,0,0,0,0,0,0,0,0,,0,0,,0,0,0,0
1604111767601,6,1010123456020,78,,1,0,2,1,0,,0,0,0,0,0,0,11,,0,0,0,0,0,0,0,0,0,,0,0,,0,0,0,0
1604111767851,6,1010123456020,78,,1,0,2,1,0,,0,0,0,0,0,0,4.33333,,0,0,0,0,0,0,0,0,0,,0,0,,0,0,0,0
1604111768101,6,1010123456020,78,,1,0,2,1,0,,0,0,0,0,0,0,0.1,,0,0,0,0,0,0,0,0,0,,0,0,,0,0,0,0
1604111768351,6,1010123456020,78,,1,0,2,1,0,,0,0,0,0,0,0,4.5,,0,0,0,0,0,0,0,0,0,,0,0,,0,0,0,0
1604111768601,6,1010123456020,78,,1,0,2,1,0,,0,0,0,0,0,0,10.3333,,0,0,0,0,0,0,0,0,0,,0,0,,0,0,0,0
1604111768851,6,1010123456020,78,,1,0,2,1,0,,0,0,0,0,0,0,0.1,,0,0,0,0,0,0,0,0,0,,0,0,,0,0,0,0
1604111769101,6,1010123456020,78,,1,0,2,1,0,,0,0,0,0,0,0,4,,0,0,0,0,0,0,0,0,0,,0,0,,0,0,0,0
1604111769351,6,1010123456020,78,,1,0,2,1,0,,0,0,0,0,0,0,7.5,,0,0,0,0,0,0,0,0,0,,0,0,,0,0,0,0
1604111769601,6,1010123456020,78,,1,0,2,1,0,,0,0,0,0,0,0,2,,0,0,0,0,0,0,0,0,0,,0,0,,0,0,0,0
1604111769851,6,1010123456020,78,,1,0,2,1,0,,0,0,0,0,0,0,4.33333,,0,0,0,0,0,0,0,0,0,,0,0,,0,0,0,0
1604111770101,6,1010123456020,78,,1,0,2,1,0,,0,0,0,0,0,0,11,,0,0,0,0,0,0,0,0,0,,0,0,,0,0,0,0
1604111770351,6,1010123456020,78,,1,0,2,1,0,,0,0,0,0,0,0,11,,0,0,0,0,0,0,0,0,0,,0,0,,0,0,0,0
1604111770601,6,1010123456020,78,,1,0,2,1,0,,0,0,0,0,0,0,8,,0,0,0,0,0,0,0,0,0,,0,0,,0,0,0,0
1604111770851,6,1010123456020,78,,1,0,2,1,0,,0,0,0,0,0,0,13,,0,0,0,0,0,0,0,0,0,,0,0,,0,0,0,0
1604111771101,6,1010123456020,78,,1,0,2,1,0,,0,0,0,0,0,0,1.5,,0,0,0,0,0,0,0,0,0,,0,0,,0,0,0,0
1604111771351,6,1010123456020,78,,1,0,2,1,0,,0,0,0,0,0,0,7.33333,,0,0,0,0,0,0,0,0,0,,0,0,,0,0,0,0
1604111771601,6,1010123456020,78,,1,0,2,1,0,,0,0,0,0,0,0,7.5,,0,0,0,0,0,0,0,0,0,,0,0,,0,0,0,0
1604111771851,6,1010123456020,78,,1,0,2,1,0,,0,0,0,0,0,0,13,,0,0,0,0,0,0,0,0,0,,0,0,,0,0,0,0
1604111772101,6,1010123456020,78,,1,0,2,1,0,,0,0,0,0,0,0,7,,0,0,0,0,0,0,0,0,0,,0,0,,0,0,0,0
1604111772351,6,1010123456020,78,,1,0,2,1,0,,0,0,0,0,0,0,5,,0,0,0,0,0,0,0,0,0,,0,0,,0,0,0,0
1604111772601,6,1010123456020,78,,1,0,2,1,0,,0,0,0,0,0,0,5.5,,0,0,0,0,0,0,0,0,0,,0,0,,0,0,0,0
1604111772851,6,1010123456020,78,,1,0,2,1,0,,0,0,0,0,0,0,5.2,,0,0,0,0,0,0,0,0,0,,0,0,,0,0,0,0
1604111773101,6,1010123456020,78,,1,0,2,1,0,,0,0,0,0,0,0,4.4,,0,0,0,0,0,0,0,0,0,,0,0,,0,0,0,0
1604111773351,6,1010123456020,78,,1,0,2,1,0,,0,0,0,0,0,0,10,,0,0,0,0,0,0,0,0,0,,0,0,,0,0,0,0
1604111773601,6,1010123456020,78,,1,0,2,1,0,,0,0,0,0,0,0,5.5,,0,0,0,0,0,0,0,0,0,,0,0,,0,0,0,0
1604111773851,6,1010123456020,78,,1,0,2,1,0,,0,0,0,0,0,0,6,,0,0,0,0,0,0,0,0,0,,0,0,,0,0,0,0
1604111774101,6,1010123456020,78,,1,0,2,1,0,,0,0,0,0,0,0,3,,0,0,0,0,0,0,0,0,0,,0,0,,0,0,0,0
1604111774351,6,1010123456020,78,,1,0,2,1,0,,0,0,0,0,0,0,0.5,,0,0,0,0,0,0,0,0,0,,0,0,,0,0,0,0
1604111774601,6,1010123456020,78,,1,0,2,1,0,,0,0,0,0,0,0,0.1,,0,0,0,0,0,0,0,0,0,,0,0,,0,0,0,0
1604111774851,6,1010123456020,78,,1,0,2,1,0,,0,0,0,0,0,0,6.75,,0,0,0,0,0,0,0,0,0,,0,0,,0,0,0,0
1604111775101,6,1010123456020,78,,1,0,2,1,0,,0,0,0,0,0,0,8,,0,0,0,0,0,0,0,0,0,,0,0,,0,0,0,0
1604111775351,6,1010123456020,78,,1,0,2,1,0,,0,0,0,0,0,0,5.5,,0,0,0,0,0,0,0,0,0,,0,0,,0,0,0,0
1604111775601,6,1010123456020,78,,1,0,2,1,0,,0,0,0,0,0,0,10,,0,0,0,0,0,0,0,0,0,,0,0,,0,0,0,0
1604111775851,6,1010123456020,78,,1,0,2,1,0,,0,0,0,0,0,0,7.5,,0,0,0,0,0,0,0,0,0,,0,0,,0,0,0,0
1604111776101,6,1010123456020,78,,1,0,2,1,0,,0,0,0,0,0,0,8,,0,0,0,0,0,0,0,0,0,,0,0,,0,0,0,0
1604111776351,6,1010123456020,78,,1,0,2,1,0,,0,0,0,0,0,0,2,,0,0,0,0,0,0,0,0,0,,0,0,,0,0,0,0
1604111776601,6,1010123456020,78,,1,0,2,1,0,,0,0,0,0,0,0,10.6667,,0,0,0,0,0,0,0,0,0,,0,0,,0,0,0,0
1604111776851,6,1010123456020,78,,1,0,2,1,0,,0,0,0,0,0,0,6,,0,0,0,0,0,0,0,0,0,,0,0,,0,0,0,0
1604111777101,6,1010123456020,78,,1,0,2,1,0,,0,0,0,0,0,0,5,,0,0,0,0,0,0,0,0,0,,0,0,,0,0,0,0
1604111777351,6,1010123456020,78,,1,0,2,1,0,,0,0,0,0,0,0,5.5,,0,0,0,0,0,0,0,0,0,,0,0,,0,0,0,0
1604111777601,6,1010123456020,78,,1,0,2,1,0,,0,0,0,0,0,0,6.5,,0,0,0,0,0,0,0,0,0,,0,0,,0,0,0,0
1604111777851,6,1010123456020,78,,1,0,2,1,0,,0,0,0,0,0,0,9.66667,,0,0,0,0,0,0,0,0,0,,0,0,,0,0,0,0
1604111778101,6,1010123456020,78,,1,0,2,1,0,,0,0,0,0,0,0,9.66667,,0,0,0,0,0,0,0,0,0,,0,0,,0,0,0,0
1604111778351,6,1010123456020,78,,1,0,2,1,0,,0,0,0,0,0,0,5,,0,0,0,0,0,0,0,0,0,,0,0,,0,0,0,0
1604111778601,6,1010123456020,78,,1,0,2,1,0,,0,0,0,0,0,0,4,,0,0,0,0,0,0,0,0,0,,0,0,,0,0,0,0
1604111778851,6,1010123456020,78,,1,0,2,1,0,,0,0,0,0,0,0,0.1,,0,0,0,0,0,0,0,0,0,,0,0,,0,0,0,0
1604111779101,6,1010123456020,78,,1,0,2,1,0,,0,0,0,0,0,0,7,,0,0,0,0,0,0,0,0,0,,0,0,,0,0,0,0
1604111779351,6,1010123456020,78,,1,0,2,1,0,,0,0,0,0,0,0,8,,0,0,0,0,0,0,0,0,0,,0,0,,0,0,0,0
1604111779601,6,1010123456020,78,,1,0,2,1,0,,0,0,0,0,0,0,7,,0,0,0,0,0,0,0,0,0,,0,0,,0,0,0,0
1604111779851,6,1010123456020,78,,1,0,2,1,0,,0,0,0,0,0,0,11.6667,,0,0,0,0,0,0,0,0,0,,0,0,,0,0,0,0
1604111780101,6,1010123456020,78,,1,0,2,1,0,,0,0,0,0,0,0,5,,0,0,0,0,0,0,0,0,0,,0,0,,0,0,0,0
1604111780351,6,1010123456020,78,,1,0,2,1,0,,0,0,0,0,0,0,1.66667,,0,0,0,0,0,0,0,0,0,,0,0,,0,0,0,0
1604111780601,6,1010123456020,78,,1,0,2,1,0,,0,0,0,0,0,0,3.33333,,0,0,0,0,0,0,0,0,0,,0,0,,0,0,0,0
1604111780851,6,1010123456020,78,,1,0,2,1,0,,0,0,0,0,0,0,6,,0,0,0,0,0,0,0,0,0,,0,0,,0,0,0,0
1604111781101,6,1010123456020,78,,1,0,2,1,0,,0,0,0,0,0,0,4,,0,0,0,0,0,0,0,0,0,,0,0,,0,0,0,0
1604111781351,6,1010123456020,78,,1,0,4,1,0,,0,0,0,0,0,0,7.5,,0,0,0,0,0,0,0,0,0,,0,0,,0,0,0,0
1604111781601,6,1010123456020,78,,1,0,4,1,0,,0,0,0,0,0,0,9,,0,0,0,0,0,0,0,0,0,,0,0,,0,0,0,0
1604111781851,6,1010123456020,78,,1,0,4,1,0,,0,0,0,0,0,0,0.1,,0,0,0,0,0,0,0,0,0,,0,0,,0,0,0,0
1604111782101,6,1010123456020,78,,1,0,4,1,0,,0,0,0,0,0,0,12,,0,0,0,0,0,0,0,0,0,,0,0,,0,0,0,0
1604111782351,6,1010123456020,78,,1,0,4,1,0,,0,0,0,0,0,0,5,,0,0,0,0,0,0,0,0,0,,0,0,,0,0,0,0
1604111782601,6,1010123456020,78,,1,0,4,1,0,,0,0,0,0,0,0,9.66667,,0,0,0,0,0,0,0,0,0,,0,0,,0,0,0,0
1604111782851,6,1010123456020,78,,1,0,4,1,0,,0,0,0,0,0,0,2,,0,0,0,0,0,0,0,0,0,,0,0,,0,0,0,0
1604111783101,6,1010123456020,78,,1,0,4,1,0,,0,0,0,0,0,0,6.33333,,0,0,0,0,0,0,0,0,0,,0,0,,0,0,0,0
1604111783351,6,1010123456020,78,,1,0,4,1,0,,0,0,0,0,0,0,4,,0,0,0,0,0,0,0,0,0,,0,0,,0,0,0,0
1604111783601,6,1010123456020,78,,1,0,4,1,0,,0,0,0,0,0,0,4,,0,0,0,0,0,0,0,0,0,,0,0,,0,0,0,0
1604111783851,6,1010123456020,78,,1,0,4,1,0,,0,0,0,0,0,0,6,,0,0,0,0,0,0,0,0,0,,0,0,,0,0,0,0
1604111784101,6,1010123456020,78,,1,0,4,1,0,,0,0,0,0,0,0,1,,0,0,0,0,0,0,0,0,0,,0,0,,0,0,0,0
1604111784351,6,1010123456020,78,,1,0,4,1,0,,0,0,0,0,0,0,8.2,,0,0,0,0,0,0,0,0,0,,0,0,,0,0,0,0
