Timestamp,num_ues,IMSI,RNTI,,slicing_enabled,slice_id,slice_prb,power_multiplier,scheduling_policy,,dl_mcs,dl_n_samples,dl_buffer [bytes],tx_brate downlink [Mbps],tx_pkts downlink,tx_errors downlink (%),dl_cqi,,ul_mcs,ul_n_samples,ul_buffer [bytes],rx_brate uplink [Mbps],rx_pkts uplink,rx_errors uplink (%),ul_rssi,ul_sinr,phr,,sum_requested_prbs,sum_granted_prbs,,dl_pmi,dl_ri,ul_n,ul_turbo_iters
1604119887151,11,1010123456042,74,,1,0,2,1,2,,5.57143,21,0,0.00874194,8,0,13.5,,12.0303,33,0,0.131484,13,0,0,26.8223,31,,11,22,,0,0,0,1
1604119887401,11,1010123456042,74,,1,0,2,1,2,,26.3182,88,7783,0.136514,29,0,13,,11.4286,14,0,0.1,6,0,0,24.1079,31,,0,72,,0,0,0,1
1604119887651,11,1010123456042,74,,1,0,2,1,2,,27,13,37085,0.0605301,12,0,13.5,,13,14,0,0.1,6,0,0,27.0916,0,,0,8,,0,0,0,1
1604119887901,10,1010123456042,74,,1,0,2,1,2,,26.8529,68,61564,0.137735,27,0,13.1429,,13.4286,7,0,0.1,3,0,0,17.6398,31,,169,54,,0,0,0,1.42857
1604119888151,10,1010123456042,74,,1,0,2,1,2,,0,0,91625,0,0,0,13,,0,0,0,0,0,0,0,0,0,,0,0,,0,0,0,0
1604119888401,10,1010123456042,74,,1,0,2,1,2,,0,0,121687,0,0,0,13,,0,0,0,0,0,0,0,0,0,,0,0,,0,0,0,0
1604119888651,10,1010123456042,74,,1,0,2,1,2,,0,0,151748,0,0,0,13,,0,0,0,0,0,0,0,0,0,,0,0,,0,0,0,0
1604119888901,10,1010123456042,74,,1,0,2,1,2,,0,0,181810,0,0,0,13.1429,,0,0,0,0,0,0,0,0,0,,0,0,,0,0,0,0
1604119889151,10,1010123456042,74,,1,0,2,1,2,,0,0,183241,0,0,0,13,,0,0,0,0,0,0,0,0,0,,0,0,,0,0,0,0
1604119889401,10,1010123456042,74,,1,0,2,1,2,,0,0,183241,0,0,0,12.6667,,0,0,0,0,0,0,0,0,0,,0,0,,0,0,0,0
1604119889651,10,1010123456042,74,,1,0,2,1,2,,0,0,183241,0,0,0,12.6667,,0,0,0,0,0,0,0,0,0,,0,0,,0,0,0,0
1604119889901,10,1010123456042,74,,1,0,2,1,2,,0,0,183241,0,0,0,12.7143,,0,0,0,0,0,0,0,0,0,,0,0,,0,0,0,0
1604119890151,10,1010123456042,74,,1,0,2,1,2,,0,0,183241,0,0,0,12.5,,0,0,0,0,0,0,0,0,0,,0,0,,0,0,0,0
1604119890402,10,1010123456042,74,,1,0,2,1,2,,0,0,183241,0,0,0,12.3333,,0,0,0,0,0,0,0,0,0,,0,0,,0,0,0,0
1604119890651,10,1010123456042,74,,1,0,2,1,2,,0,0,183241,0,0,0,12.8333,,0,0,0,0,0,0,0,0,0,,0,0,,0,0,0,0
1604119890901,10,1010123456042,74,,1,0,2,1,2,,0,0,183241,0,0,0,13.1429,,0,0,0,0,0,0,0,0,0,,0,0,,0,0,0,0
1604119891151,10,1010123456042,74,,1,0,2,1,2,,0,0,183241,0,0,0,12.6667,,0,0,0,0,0,0,0,0,0,,0,0,,0,0,0,0
1604119891401,10,1010123456042,74,,1,0,2,1,2,,0,0,183241,0,0,0,13,,0,0,0,0,0,0,0,0,0,,0,0,,0,0,0,0
1604119891652,10,1010123456042,74,,1,0,2,1,2,,0,0,183241,0,0,0,13,,0,0,0,0,0,0,0,0,0,,0,0,,0,0,0,0
1604119891902,10,1010123456042,74,,1,0,2,1,2,,0,0,183241,0,0,0,13.2857,,0,0,0,0,0,0,0,0,0,,0,0,,0,0,0,0
1604119892151,10,1010123456042,74,,1,0,2,1,2,,0,0,183241,0,0,0,12.8333,,0,0,0,0,0,0,0,0,0,,0,0,,0,0,0,0
1604119892402,10,1010123456042,74,,1,0,2,1,2,,0,0,183241,0,0,0,12.6667,,0,0,0,0,0,0,0,0,0,,0,0,,0,0,0,0
1604119892652,10,1010123456042,74,,1,0,2,1,2,,0,0,183241,0,0,0,12.6667,,0,0,0,0,0,0,0,0,0,,0,0,,0,0,0,0
1604119892901,10,1010123456042,74,,1,0,2,1,2,,0,0,183241,0,0,0,13,,0,0,0,0,0,0,0,0,0,,0,0,,0,0,0,0
1604119893151,10,1010123456042,74,,1,0,2,1,2,,0,0,183241,0,0,0,12.8333,,0,0,0,0,0,0,0,0,0,,0,0,,0,0,0,0
1604119893401,10,1010123456042,74,,1,0,2,1,2,,0,0,183241,0,0,0,12.8333,,0,0,0,0,0,0,0,0,0,,0,0,,0,0,0,0
1604119893651,10,1010123456042,74,,1,0,2,1,2,,0,0,183241,0,0,0,12.8333,,0,0,0,0,0,0,0,0,0,,0,0,,0,0,0,0
1604119893901,10,1010123456042,74,,1,0,2,1,2,,0,0,183241,0,0,0,13,,0,0,0,0,0,0,0,0,0,,0,0,,0,0,0,0
1604119894151,10,1010123456042,74,,1,0,2,1,2,,0,0,183241,0,0,0,13,,14,3,0,0.1,1,0,0,20.8444,31,,0,0,,0,0,0,1
1604119894401,10,1010123456042,74,,1,0,2,1,2,,0,0,183241,0,0,0,12.6667,,0,0,0,0,0,0,0,0,0,,0,0,,0,0,0,0
1604119894651,10,1010123456042,74,,1,0,2,1,2,,0,0,183241,0,0,0,12.6667,,0,0,0,0,0,0,0,0,0,,0,0,,0,0,0,0
1604119894901,10,1010123456042,74,,1,0,2,1,2,,0,0,183241,0,0,0,12.7143,,0,0,0,0,0,0,0,0,0,,0,0,,0,0,0,0
1604119895151,10,1010123456042,74,,1,0,2,1,2,,0,0,183241,0,0,0,13,,0,0,0,0,0,0,0,0,0,,0,0,,0,0,0,0
1604119895401,10,1010123456042,74,,1,0,2,1,2,,0,0,183241,0,0,0,12.5,,0,0,0,0,0,0,0,0,0,,0,0,,0,0,0,0
1604119895651,10,1010123456042,74,,1,0,2,1,2,,0,0,183241,0,0,0,12.6667,,0,0,0,0,0,0,0,0,0,,0,0,,0,0,0,0
1604119895901,10,1010123456042,74,,1,0,2,1,2,,0,0,183241,0,0,0,12.7143,,0,0,0,0,0,0,0,0,0,,0,0,,0,0,0,0
1604119896151,10,1010123456042,74,,1,0,2,1,2,,0,0,183241,0,0,0,12.5,,0,0,0,0,0,0,0,0,0,,0,0,,0,0,0,0
1604119896401,10,1010123456042,74,,1,0,2,1,2,,0,0,183241,0,0,0,12.3333,,0,0,0,0,0,0,0,0,0,,0,0,,0,0,0,0
1604119896651,10,1010123456042,74,,1,0,2,1,2,,0,0,183241,0,0,0,12.6667,,0,0,0,0,0,0,0,0,0,,0,0,,0,0,0,0
1604119896901,10,1010123456042,74,,1,0,2,1,2,,0,0,183241,0,0,0,13,,0,0,0,0,0,0,0,0,0,,0,0,,0,0,0,0
1604119897151,10,1010123456042,74,,1,0,2,1,2,,0,0,183241,0,0,0,12.6667,,0,0,0,0,0,0,0,0,0,,0,0,,0,0,0,0
1604119897401,10,1010123456042,74,,1,0,2,1,2,,0,0,183241,0,0,0,12.3333,,0,0,0,0,0,0,0,0,0,,0,0,,0,0,0,0
1604119897651,10,1010123456042,74,,1,0,2,1,2,,0,0,183241,0,0,0,12.3333,,0,0,0,0,0,0,0,0,0,,0,0,,0,0,0,0
1604119897902,10,1010123456042,74,,1,0,2,1,2,,0,0,183241,0,0,0,12.4286,,0,0,0,0,0,0,0,0,0,,0,0,,0,0,0,0
1604119898151,10,1010123456042,74,,1,0,2,1,2,,0,0,183241,0,0,0,12.3333,,0,0,0,0,0,0,0,0,0,,0,0,,0,0,0,0
1604119898402,10,1010123456042,74,,1,0,2,1,2,,0,0,183241,0,0,0,11.3333,,0,0,0,0,0,0,0,0,0,,0,0,,0,0,0,0
1604119898652,10,1010123456042,74,,1,0,2,1,2,,0,0,183241,0,0,0,12,,0,0,0,0,0,0,0,0,0,,0,0,,0,0,0,0
1604119898901,10,1010123456042,74,,1,0,2,1,2,,0,0,183241,0,0,0,11,,0,0,0,0,0,0,0,0,0,,0,0,,0,0,0,0
1604119899151,10,1010123456042,74,,1,0,2,1,2,,0,0,183241,0,0,0,11.2,,0,0,0,0,0,0,0,0,0,,0,0,,0,0,0,0
1604119899401,10,1010123456042,74,,1,0,2,1,2,,0,0,183241,0,0,0,11.3333,,0,0,0,0,0,0,0,0,0,,0,0,,0,0,0,0
1604119899651,10,1010123456042,74,,1,0,2,1,2,,0,0,183241,0,0,0,12.1667,,0,0,0,0,0,0,0,0,0,,0,0,,0,0,0,0
1604119899901,10,1010123456042,74,,1,0,2,1,2,,0,0,183241,0,0,0,12,,0,0,0,0,0,0,0,0,0,,0,0,,0,0,0,0
1604119900151,10,1010123456042,74,,1,0,2,1,2,,0,0,183241,0,0,0,11.8333,,0,0,0,0,0,0,0,0,0,,0,0,,0,0,0,0
1604119900401,10,1010123456042,74,,1,0,2,1,2,,0,0,183241,0,0,0,12,,0,0,0,0,0,0,0,0,0,,0,0,,0,0,0,0
1604119900651,10,1010123456042,74,,1,0,2,1,2,,0,0,183241,0,0,0,13,,0,0,0,0,0,0,0,0,0,,0,0,,0,0,0,0
1604119900901,10,1010123456042,74,,1,0,2,1,2,,0,0,183241,0,0,0,12.5714,,0,0,0,0,0,0,0,0,0,,0,0,,0,0,0,0
1604119901151,10,1010123456042,74,,1,0,2,1,2,,0,0,183241,0,0,0,11.8,,0,0,0,0,0,0,0,0,0,,0,0,,0,0,0,0
1604119901401,10,1010123456042,74,,1,0,2,1,2,,0,0,183241,0,0,0,12,,0,0,0,0,0,0,0,0,0,,0,0,,0,0,0,0
1604119901651,10,1010123456042,74,,1,0,2,1,2,,0,0,183241,0,0,0,12.3333,,0,0,0,0,0,0,0,0,0,,0,0,,0,0,0,0
1604119901901,10,1010123456042,74,,1,0,2,1,2,,0,0,183241,0,0,0,12.8571,,0,0,0,0,0,0,0,0,0,,0,0,,0,0,0,0
1604119902151,10,1010123456042,74,,1,0,2,1,2,,0,0,183241,0,0,0,10.6667,,0,0,0,0,0,0,0,0,0,,0,0,,0,0,0,0
1604119902401,10,1010123456042,74,,1,0,2,1,2,,0,0,183241,0,0,0,12.8333,,0,0,0,0,0,0,0,0,0,,0,0,,0,0,0,0
1604119902651,10,1010123456042,74,,1,0,2,1,2,,0,0,183241,0,0,0,12.5,,0,0,0,0,0,0,0,0,0,,0,0,,0,0,0,0
1604119902901,10,1010123456042,74,,1,0,2,1,2,,0,0,183241,0,0,0,12.8571,,0,0,0,0,0,0,0,0,0,,0,0,,0,0,0,0
1604119903151,10,1010123456042,74,,1,0,2,1,2,,0,0,183241,0,0,0,12.5,,0,0,0,0,0,0,0,0,0,,0,0,,0,0,0,0
1604119903401,10,1010123456042,74,,1,0,2,1,2,,0,0,183241,0,0,0,12.5,,0,0,0,0,0,0,0,0,0,,0,0,,0,0,0,0
1604119903651,10,1010123456042,74,,1,0,2,1,2,,0,0,183241,0,0,0,12.8333,,0,0,0,0,0,0,0,0,0,,0,0,,0,0,0,0
1604119903901,10,1010123456042,74,,1,0,2,1,2,,0,0,183241,0,0,0,12.7143,,0,0,0,0,0,0,0,0,0,,0,0,,0,0,0,0
1604119904151,10,1010123456042,74,,1,0,2,1,2,,0,0,183241,0,0,0,11.6667,,0,0,0,0,0,0,0,0,0,,0,0,,0,0,0,0
1604119904402,10,1010123456042,74,,1,0,2,1,2,,0,0,183241,0,0,0,12.5,,0,0,0,0,0,0,0,0,0,,0,0,,0,0,0,0
1604119904651,10,1010123456042,74,,1,0,2,1,2,,0,0,183241,0,0,0,12.5,,0,0,0,0,0,0,0,0,0,,0,0,,0,0,0,0
1604119904902,10,1010123456042,74,,1,0,2,1,2,,0,0,183241,0,0,0,13,,0,0,0,0,0,0,0,0,0,,0,0,,0,0,0,0
1604119905152,10,1010123456042,74,,1,0,2,1,2,,0,0,183241,0,0,0,12.6667,,0,0,0,0,0,0,0,0,0,,0,0,,0,0,0,0
1604119905402,10,1010123456042,74,,1,0,2,1,2,,0,0,183241,0,0,0,12.5,,0,0,0,0,0,0,0,0,0,,0,0,,0,0,0,0
1604119905651,10,1010123456042,74,,1,0,2,1,2,,0,0,183241,0,0,0,12.1667,,0,0,0,0,0,0,0,0,0,,0,0,,0,0,0,0
1604119905901,10,1010123456042,74,,1,0,2,1,2,,0,0,183241,0,0,0,11.2857,,0,0,0,0,0,0,0,0,0,,0,0,,0,0,0,0
1604119906151,10,1010123456042,74,,1,0,2,1,2,,0,0,183241,0,0,0,10.4,,0,0,0,0,0,0,0,0,0,,0,0,,0,0,0,0
1604119906401,10,1010123456042,74,,1,0,2,1,2,,0,0,183241,0,0,0,12.5,,0,0,0,0,0,0,0,0,0,,0,0,,0,0,0,0
1604119906651,10,1010123456042,74,,1,0,2,1,2,,0,0,183241,0,0,0,12.8333,,0,0,0,0,0,0,0,0,0,,0,0,,0,0,0,0
1604119906901,10,1010123456042,74,,1,0,2,1,2,,0,0,183241,0,0,0,12.7143,,0,0,0,0,0,0,0,0,0,,0,0,,0,0,0,0
1604119907151,10,1010123456042,74,,1,0,2,1,2,,0,0,183241,0,0,0,13,,0,0,0,0,0,0,0,0,0,,0,0,,0,0,0,0
1604119907401,10,1010123456042,74,,1,0,2,1,2,,0,0,183241,0,0,0,12,,0,0,0,0,0,0,0,0,0,,0,0,,0,0,0,0
1604119907651,10,1010123456042,74,,1,0,2,1,2,,0,0,183241,0,0,0,12.3333,,0,0,0,0,0,0,0,0,0,,0,0,,0,0,0,0
1604119907901,10,1010123456042,74,,1,0,2,1,2,,0,0,183241,0,0,0,12.8571,,0,0,0,0,0,0,0,0,0,,0,0,,0,0,0,0
1604119908151,10,1010123456042,74,,1,0,2,1,2,,0,0,183241,0,0,0,11,,0,0,0,0,0,0,0,0,0,,0,0,,0,0,0,0
1604119908401,10,1010123456042,74,,1,0,2,1,2,,0,0,183241,0,0,0,13,,0,0,0,0,0,0,0,0,0,,0,0,,0,0,0,0
1604119908651,10,1010123456042,74,,1,0,2,1,2,,0,0,183241,0,0,0,12.3333,,0,0,0,0,0,0,0,0,0,,0,0,,0,0,0,0
1604119908901,10,1010123456042,74,,1,0,2,1,2,,0,0,183241,0,0,0,12.8571,,0,0,0,0,0,0,0,0,0,,0,0,,0,0,0,0
1604119909151,10,1010123456042,74,,1,0,2,1,2,,0,0,183241,0,0,0,13,,0,0,0,0,0,0,0,0,0,,0,0,,0,0,0,0
1604119909402,10,1010123456042,74,,1,0,2,1,2,,0,0,183241,0,0,0,12.5,,0,0,0,0,0,0,0,0,0,,0,0,,0,0,0,0
1604119909651,10,1010123456042,74,,1,0,2,1,2,,0,0,183241,0,0,0,12.3333,,0,0,0,0,0,0,0,0,0,,0,0,,0,0,0,0
1604119909901,10,1010123456042,74,,1,0,2,1,2,,0,0,183241,0,0,0,12.7143,,0,0,0,0,0,0,0,0,0,,0,0,,0,0,0,0
1604119910151,10,1010123456042,74,,1,0,2,1,2,,0,0,183241,0,0,0,12.6,,0,0,0,0,0,0,0,0,0,,0,0,,0,0,0,0
1604119910401,10,1010123456042,74,,1,0,2,1,2,,0,0,183241,0,0,0,12.8333,,0,0,0,0,0,0,0,0,0,,0,0,,0,0,0,0
1604119910651,10,1010123456042,74,,1,0,2,1,2,,0,0,183241,0,0,0,12.6667,,0,0,0,0,0,0,0,0,0,,0,0,,0,0,0,0
1604119910901,10,1010123456042,74,,1,0,2,1,2,,0,0,183241,0,0,0,12.7143,,0,0,0,0,0,0,0,0,0,,0,0,,0,0,0,0
1604119911151,10,1010123456042,74,,1,0,2,1,2,,0,0,183241,0,0,0,12.6667,,0,0,0,0,0,0,0,0,0,,0,0,,0,0,0,0
1604119911402,10,1010123456042,74,,1,0,2,1,2,,0,0,183241,0,0,0,12.6667,,0,0,0,0,0,0,0,0,0,,0,0,,0,0,0,0
1604119911652,10,1010123456042,74,,1,0,2,1,2,,0,0,183241,0,0,0,12.3333,,0,0,0,0,0,0,0,0,0,,0,0,,0,0,0,0
1604119911901,10,1010123456042,74,,1,0,2,1,2,,0,0,183241,0,0,0,12.7143,,0,0,0,0,0,0,0,0,0,,0,0,,0,0,0,0
1604119912151,10,1010123456042,74,,1,0,2,1,2,,0,0,183241,0,0,0,12.8333,,0,0,0,0,0,0,0,0,0,,0,0,,0,0,0,0
1604119912401,10,1010123456042,74,,1,0,2,1,2,,0,0,183241,0,0,0,12.8333,,0,0,0,0,0,0,0,0,0,,0,0,,0,0,0,0
1604119912651,10,1010123456042,74,,1,0,4,1,2,,24.224,250,183462,0.402185,94,0,10.3333,,9.95891,73,0,0.1,30,46.6667,0,11.1156,31,,173,196,,0,0,0,5.13699
1604119912901,10,1010123456042,74,,1,0,4,1,2,,24.1717,367,184261,0.641703,149,0,12.5714,,11.093,43,0,0.1,18,66.6667,0,8.75656,31,,251,300,,0,0,0,6.72093
1604119913151,10,1010123456042,74,,1,0,4,1,2,,25.6387,357,184001,0.684016,146,0,12.8333,,0,0,0,0,0,0,0,0,0,,249,286,,0,0,0,0
1604119913401,10,1010123456042,74,,1,0,4,1,2,,25.3538,325,182882,0.589108,128,0,13,,0,0,0,0,0,0,0,0,0,,249,264,,0,0,0,0
1604119913651,10,1010123456042,74,,1,0,4,1,2,,24.7905,358,183013,0.661076,148,0,12.5,,12.9412,17,0,0.1,6,66.6667,0,13.2142,31,,250,296,,0,0,0,7.35294
1604119913901,10,1010123456042,74,,1,0,4,1,2,,24.7066,334,183310,0.614779,139,0,12.4286,,0,0,0,0,0,0,0,0,0,,250,276,,0,0,0,0
1604119914151,10,1010123456042,74,,1,0,4,1,2,,24.4576,354,183072,0.618474,142,0,12.3333,,0,0,0,0,0,0,0,0,0,,251,288,,0,0,0,0
1604119914401,10,1010123456042,74,,1,0,4,1,2,,24.0169,413,183420,0.707663,166,0,12.3333,,0,0,0,0,0,0,0,0,0,,250,330,,0,0,0,0
1604119914651,10,1010123456042,74,,1,0,4,1,2,,22.9751,362,183121,0.594153,149,0,12,,9.5,8,0,0.1,3,0,0,17.4325,31,,250,296,,0,0,0,1.5
1604119914902,10,1010123456042,74,,1,0,4,1,2,,22.8346,393,183005,0.60944,157,0,12,,0,0,0,0,0,0,0,0,0,,250,318,,0,0,0,0
1604119915151,10,1010123456042,74,,1,0,4,1,2,,23.7592,407,182842,0.685912,165,0,12.1667,,0,0,0,0,0,0,0,0,0,,250,324,,0,0,0,0
1604119915401,10,1010123456042,74,,1,0,4,1,2,,22.8926,419,183256,0.644562,166,0,12,,0,0,0,0,0,0,0,0,0,,250,334,,0,0,0,0
1604119915651,10,1010123456042,74,,1,0,4,1,2,,21.3523,352,184069,0.505671,143,0,11.2,,6.51163,43,0,0.1,16,25,0,9.49338,31,,250,286,,0,0,0,3.51163
1604119915901,10,1010123456042,74,,1,0,4,1,2,,21.543,442,183684,0.633414,179,0,11.2857,,0,0,0,0,0,0,0,0,0,,250,358,,0,0,0,0
1604119916152,10,1010123456042,74,,1,0,4,1,2,,21.8293,416,183066,0.5872,162,0,11.5,,0,0,0,0,0,0,0,0,0,,250,326,,0,0,0,0
1604119916401,10,1010123456042,74,,1,0,4,1,2,,21.3084,428,184235,0.586345,170,0,11.3333,,0,0,0,0,0,0,0,0,0,,250,336,,0,0,0,0
1604119916651,10,1010123456042,74,,1,0,4,1,2,,21.3846,403,184322,0.569382,162,0,11.1667,,7.75,8,0,0.1,3,0,0,14.9515,31,,250,326,,0,0,0,1
1604119916901,10,1010123456042,74,,1,0,4,1,2,,21,382,184419,0.522892,155,0,11,,0,0,0,0,0,0,0,0,0,,250,310,,0,0,0,0
1604119917151,10,1010123456042,74,,1,0,4,1,2,,21.7574,371,184034,0.534233,148,0,11.5,,0,0,0,0,0,0,0,0,0,,250,298,,0,0,0,0
1604119917402,10,1010123456042,74,,1,0,4,1,2,,21.9726,402,183351,0.602496,164,0,11.5,,0,0,0,0,0,0,0,0,0,,250,322,,0,0,0,0
1604119917652,10,1010123456042,74,,1,0,4,1,2,,21.6005,378,182794,0.537952,151,0,11.3333,,9.33333,12,0,0.1,5,20,0,15.8015,31,,250,304,,0,0,0,3.16667
1604119917902,10,1010123456042,74,,1,0,4,1,2,,20.6821,409,183557,0.541504,164,0,11,,0,0,0,0,0,0,0,0,0,,250,332,,0,0,0,0
1604119918152,10,1010123456042,74,,1,0,4,1,2,,20.8261,414,182770,0.549056,166,0,11,,0,0,0,0,0,0,0,0,0,,250,332,,0,0,0,0
1604119918401,10,1010123456042,74,,1,0,4,1,2,,20.8011,377,183409,0.508434,153,0,11,,0,0,0,0,0,0,0,0,0,,250,306,,0,0,0,0
1604119918651,10,1010123456042,74,,1,0,4,1,2,,20.7694,399,183483,0.524016,158,0,11,,7,8,0,0.1,3,0,0,20.2939,31,,250,316,,0,0,0,1
1604119918901,10,1010123456042,74,,1,0,4,1,2,,20.7677,396,183084,0.538024,162,0,11,,0,0,0,0,0,0,0,0,0,,250,324,,0,0,0,0
1604119919151,10,1010123456042,74,,1,0,4,1,2,,20.5113,397,183198,0.523084,161,0,11,,0,0,0,0,0,0,0,0,0,,250,324,,0,0,0,0
1604119919401,10,1010123456042,74,,1,0,4,1,2,,20.9927,409,183320,0.568321,169,0,11,,0,0,0,0,0,0,0,0,0,,250,338,,0,0,0,0
1604119919651,10,1010123456042,74,,1,0,4,1,2,,20.824,358,183482,0.473125,142,0,11,,13.9231,13,0,0.1,6,66.6667,0,16.0348,31,,249,282,,0,0,0,5.84615
1604119919901,10,1010123456042,74,,1,0,4,1,2,,20.984,375,183805,0.518747,154,0,11,,0,0,0,0,0,0,0,0,0,,251,308,,0,0,0,0
1604119920151,10,1010123456042,74,,1,0,4,1,2,,21,368,183478,0.485783,144,0,11,,0,0,0,0,0,0,0,0,0,,250,290,,0,0,0,0
1604119920401,10,1010123456042,74,,1,0,4,1,2,,20.7322,351,183590,0.48588,147,0,11,,0,0,0,0,0,0,0,0,0,,249,286,,0,0,0,0
1604119920651,10,1010123456042,74,,1,0,4,1,2,,21.1896,364,183883,0.505028,147,0,11.1667,,10.0667,30,0,0.1,13,61.5385,0,10.0544,31,,251,300,,0,0,0,6.3
1604119920901,10,1010123456042,74,,1,0,4,1,2,,20.7254,335,183634,0.445912,135,0,11,,0,0,0,0,0,0,0,0,0,,250,266,,0,0,0,0
1604119921151,10,1010123456042,74,,1,0,4,1,2,,21,420,183749,0.566747,168,0,11,,0,0,0,0,0,0,0,0,0,,250,338,,0,0,0,0
1604119921401,10,1010123456042,74,,1,0,4,1,2,,20.7674,374,184158,0.517269,156,0,11,,0,0,0,0,0,0,0,0,0,,250,310,,0,0,0,0
1604119921651,10,1010123456042,74,,1,0,4,1,2,,20.6208,327,182978,0.408064,125,0,11,,10.8571,14,0,0.1,6,66.6667,0,9.5741,31,,250,258,,0,0,0,6.14286
1604119921901,10,1010123456042,74,,1,0,4,1,2,,20.6892,370,183745,0.511068,155,0,11,,0,0,0,0,0,0,0,0,0,,250,304,,0,0,0,0
1604119922151,10,1010123456042,74,,1,0,4,1,2,,20.5904,376,183403,0.490345,150,0,11,,0,0,0,0,0,0,0,0,0,,250,300,,0,0,0,0
1604119922401,10,1010123456042,74,,1,0,4,1,2,,20.9837,429,183441,0.572723,170,0,11,,0,0,0,0,0,0,0,0,0,,250,340,,0,0,0,0
1604119922651,10,1010123456042,74,,1,0,4,1,2,,20.8743,366,184195,0.497767,149,0,11,,11.0769,13,0,0.1,6,66.6667,0,12.1291,31,,250,300,,0,0,0,6.53846
1604119922901,10,1010123456042,74,,1,0,4,1,2,,20.1071,252,183312,0.321992,102,0,11,,0,0,0,0,0,0,0,0,0,,250,202,,0,0,0,0
1604119923152,10,1010123456042,74,,1,0,4,1,2,,20.9948,384,183494,0.513312,153,0,11,,0,0,0,0,0,0,0,0,0,,250,308,,0,0,0,0
1604119923402,10,1010123456042,74,,1,0,4,1,2,,20.9205,365,183275,0.493952,148,0,11,,0,0,0,0,0,0,0,0,0,,250,290,,0,0,0,0
1604119923651,10,1010123456042,74,,1,0,4,1,2,,21.1066,394,183033,0.517141,152,0,11,,9.71429,7,0,0.1,3,0,0,16.0909,31,,250,314,,0,0,0,1
1604119923902,10,1010123456042,74,,1,0,4,1,2,,21.0886,395,184045,0.551264,163,0,11,,0,0,0,0,0,0,0,0,0,,250,318,,0,0,0,0
1604119924152,10,1010123456042,74,,1,0,4,1,2,,20.3916,406,182926,0.508096,160,0,10.6667,,0,0,0,0,0,0,0,0,0,,250,324,,0,0,0,0
1604119924402,10,1010123456042,74,,1,0,4,1,2,,20.5711,422,183801,0.549664,169,0,10.6,,0,0,0,0,0,0,0,0,0,,250,336,,0,0,0,0
1604119924652,10,1010123456042,74,,1,0,4,1,2,,21.1657,350,183349,0.48656,145,0,11.1667,,2.16667,48,0,0.1,20,5,0,8.32343,31,,250,288,,0,0,0,1.72917
1604119924902,10,1010123456042,74,,1,0,4,1,2,,19.9442,376,183615,0.471776,153,0,10.5714,,0,0,0,0,0,0,0,0,0,,250,308,,0,0,0,0
1604119925151,10,1010123456042,74,,1,0,4,1,2,,19.6061,363,183383,0.446169,149,0,10.3333,,0,0,0,0,0,0,0,0,0,,250,296,,0,0,0,0
1604119925401,10,1010123456042,74,,1,0,4,1,2,,19.4292,424,183068,0.485237,165,0,10.3333,,0,0,0,0,0,0,0,0,0,,250,338,,0,0,0,0
1604119925651,10,1010123456042,74,,1,0,4,1,2,,19.5457,350,183105,0.429301,142,0,10.5,,5.075,40,0,0.1,17,23.5294,0,6.79423,31,,250,280,,0,0,0,3.3
1604119925901,10,1010123456042,74,,1,0,4,1,2,,20.6399,386,183402,0.512675,157,0,10.8333,,0,0,0,0,0,0,0,0,0,,250,318,,0,0,0,0
1604119926151,10,1010123456042,74,,1,0,4,1,2,,20.9586,362,184355,0.504482,150,0,11,,0,0,0,0,0,0,0,0,0,,250,294,,0,0,0,0
1604119926401,10,1010123456042,74,,1,0,4,1,2,,20.8522,406,183541,0.543454,163,0,11,,0,0,0,0,0,0,0,0,0,,250,332,,0,0,0,0
1604119926651,10,1010123456042,74,,1,0,4,1,2,,21.9191,309,182542,0.450859,125,0,10,,7.22727,22,0,0.1,9,44.4444,0,11.322,31,,250,288,,0,0,0,4.27273
1604119926901,10,1010123456042,74,,1,0,4,1,2,,20.6455,347,183021,0.485044,143,0,10.8333,,0,0,0,0,0,0,0,0,0,,250,282,,0,0,0,0
1604119927151,10,1010123456042,74,,1,0,4,1,2,,21.0375,400,182767,0.530924,157,0,11,,0,0,0,0,0,0,0,0,0,,250,314,,0,0,0,0
1604119927401,10,1010123456042,74,,1,0,4,1,2,,20.5151,398,184179,0.529189,163,0,10.8333,,0,0,0,0,0,0,0,0,0,,250,326,,0,0,0,0
1604119927651,10,1010123456042,74,,1,0,4,1,2,,20.779,362,184009,0.476273,144,0,11,,14,18,0,0.1,6,66.6667,0,11.3229,31,,250,292,,0,0,0,7
1604119927901,10,1010123456042,74,,1,0,4,1,2,,20.8929,420,184173,0.575357,172,0,11,,0,0,0,0,0,0,0,0,0,,250,340,,0,0,0,0
1604119928151,10,1010123456042,74,,1,0,4,1,2,,20.6667,414,183801,0.534715,163,0,11,,0,0,0,0,0,0,0,0,0,,250,328,,0,0,0,0
1604119928401,10,1010123456042,74,,1,0,4,1,2,,21.191,398,183037,0.55939,163,0,11,,0,0,0,0,0,0,0,0,0,,250,322,,0,0,0,0
1604119928651,10,1010123456042,74,,1,0,4,1,2,,20.8817,389,183277,0.518522,155,0,11,,8.27586,29,0,0.1,10,20,0,8.14992,31,,250,310,,0,0,0,3.48276
1604119928901,10,1010123456042,74,,1,0,4,1,2,,20.8819,364,184132,0.510747,153,0,11,,0,0,0,0,0,0,0,0,0,,250,298,,0,0,0,0
1604119929152,10,1010123456042,74,,1,0,4,1,2,,20.9181,354,182773,0.450528,135,0,11,,0,0,0,0,0,0,0,0,0,,250,284,,0,0,0,0
1604119929401,10,1010123456042,74,,1,0,4,1,2,,20.8351,285,184098,0.410056,123,0,8,,0,0,0,0,0,0,0,0,0,,250,320,,0,0,0,0
1604119929651,10,1010123456042,74,,1,0,4,1,2,,20.9438,160,183485,0.188145,56,0,11,,12.6667,15,0,0.1,6,66.6667,0,8.43098,31,,250,286,,0,0,0,7.6
1604119929902,10,1010123456042,74,,1,0,4,1,2,,21.0905,420,183893,0.571424,169,0,11,,0,0,0,0,0,0,0,0,0,,250,330,,0,0,0,0
1604119930151,10,1010123456042,74,,1,0,4,1,2,,20.5345,406,183580,0.531888,163,0,11,,0.1,3,0,0.1,1,0,0,17.9389,31,,250,330,,0,0,0,1
1604119930402,10,1010123456042,74,,1,0,4,1,2,,20.9575,400,183328,0.538144,161,0,11,,0,0,0,0,0,0,0,0,0,,250,318,,0,0,0,0
1604119930652,10,1010123456042,74,,1,0,4,1,2,,21.3315,356,184269,0.49184,142,0,11.1667,,15,10,0,0,4,100,0,3.99647,0,,250,284,,0,0,0,10
1604119930902,10,1010123456042,74,,1,0,4,1,2,,21.5066,377,183568,0.536192,152,0,11.2,,0.1,8,0,0.1,3,0,0,5.25241,31,,250,310,,0,0,0,1
1604119931152,10,1010123456042,74,,1,0,4,1,2,,20.9385,423,183763,0.56528,169,0,11,,0,0,0,0,0,0,0,0,0,,250,338,,0,0,0,0
1604119931402,10,1010123456042,74,,1,0,4,1,2,,20.8981,412,183287,0.543328,163,0,11,,0,0,0,0,0,0,0,0,0,,250,324,,0,0,0,0
1604119931651,10,1010123456042,74,,1,0,4,1,2,,21.0862,406,183789,0.549333,162,0,11,,11.2857,14,0,0.1,6,66.6667,0,7.82765,31,,250,330,,0,0,0,6.57143
1604119931901,10,1010123456042,74,,1,0,4,1,2,,18.3043,322,184051,0.39139,134,0,8.5,,0,0,0,0,0,0,0,0,0,,250,316,,0,0,0,0
1604119932151,10,1010123456042,74,,1,0,4,1,2,,21.1202,391,183569,0.535904,156,0,11.1667,,0,0,0,0,0,0,0,0,0,,250,316,,0,0,0,0
1604119932401,10,1010123456042,74,,1,0,4,1,2,,20.8068,409,183115,0.536996,162,0,11,,0,0,0,0,0,0,0,0,0,,250,326,,0,0,0,0
1604119932651,10,1010123456042,74,,1,0,4,1,2,,18.8921,315,183572,0.38959,131,0,8.66667,,6.37838,37,0,0.1,15,40,0,8.05727,31,,250,296,,0,0,0,4.56757
1604119932901,10,1010123456042,74,,1,0,4,1,2,,18.637,416,183079,0.476755,162,0,10.2857,,0,0,0,0,0,0,0,0,0,,250,342,,0,0,0,0
1604119933151,10,1010123456042,74,,1,0,4,1,2,,21.209,378,183352,0.518651,150,0,11,,0,0,0,0,0,0,0,0,0,,249,298,,0,0,0,0
1604119933401,10,1010123456042,74,,1,0,4,1,2,,17.6162,383,183901,0.421173,154,0,10,,2,3,0,0.1,1,0,0,5.1141,31,,250,304,,0,0,0,1
1604119933651,10,1010123456042,74,,1,0,4,1,2,,20.9711,380,184232,0.508369,151,0,11,,14.1714,35,0,0.1,13,38.4615,0,11.7227,31,,250,306,,0,0,0,5.45714
1604119933901,10,1010123456042,74,,1,0,4,1,2,,21.9817,383,183789,0.597301,159,0,11.3333,,0,0,0,0,0,0,0,0,0,,251,314,,0,0,0,0
1604119934151,10,1010123456042,74,,1,0,4,1,2,,19.4796,319,184060,0.382715,130,0,10.6667,,0,0,0,0,0,0,0,0,0,,250,254,,0,0,0,0
1604119934401,10,1010123456042,74,,1,0,4,1,2,,20.3702,362,184161,0.462329,144,0,10.6667,,0,0,0,0,0,0,0,0,0,,250,298,,0,0,0,0
1604119934651,10,1010123456042,74,,1,0,4,1,2,,20.0413,339,184204,0.44453,144,0,10.3333,,13.7857,14,0,0.1,6,66.6667,0,7.76699,31,,250,278,,0,0,0,7
1604119934901,10,1010123456042,74,,1,0,4,1,2,,19.5679,361,184135,0.421205,142,0,10.4,,0,0,0,0,0,0,0,0,0,,250,294,,0,0,0,0
1604119935151,10,1010123456042,74,,1,0,4,1,2,,18.3208,371,183709,0.416643,154,0,9,,2,3,0,0.1,1,0,0,15.8946,31,,250,298,,0,0,0,1
1604119935401,10,1010123456042,74,,1,0,4,1,2,,17.0824,352,183448,0.378859,142,0,9.6,,0,0,0,0,0,0,0,0,0,,250,292,,0,0,0,0
1604119935652,10,1010123456042,74,,1,0,4,1,2,,18.7297,296,183285,0.343296,120,0,9,,6.08333,12,0,0.1,5,0,0,9.46996,31,,250,242,,0,0,0,2.33333
1604119935902,10,1010123456042,74,,1,0,4,1,2,,20.1227,383,183310,0.486432,155,0,10,,0,0,0,0,0,0,0,0,0,,250,306,,0,0,0,0
1604119936151,10,1010123456042,74,,1,0,4,1,2,,16.9782,413,183658,0.413655,167,0,10.2,,0,0,0,0,0,0,0,0,0,,250,336,,0,0,0,0
1604119936402,10,1010123456042,74,,1,0,4,1,2,,21.6907,388,184187,0.560384,158,0,11.1667,,0,0,0,0,0,0,0,0,0,,250,312,,0,0,0,0
1604119936652,10,1010123456042,74,,1,0,4,1,2,,18.9949,395,184033,0.477952,160,0,9.6,,11.375,16,0,0.1,7,0,0,17.6787,31,,250,324,,0,0,0,1
1604119936901,10,1010123456042,74,,1,0,4,1,2,,20.5741,378,183740,0.505092,155,0,9.8,,0,0,0,0,0,0,0,0,0,,250,300,,0,0,0,0
1604119937152,10,1010123456042,74,,1,0,4,1,2,,17.4623,385,183772,0.414464,151,0,9.83333,,0,0,0,0,0,0,0,0,0,,250,312,,0,0,0,0
1604119937402,10,1010123456042,74,,1,0,4,1,2,,22.3114,273,183551,0.431328,111,0,9.6,,0,0,0,0,0,0,0,0,0,,250,328,,0,0,0,0
1604119937652,10,1010123456042,74,,1,0,4,1,2,,20.5803,355,184146,0.47488,146,0,10.8333,,12.8571,7,0,0.1,3,0,0,18.3479,31,,250,282,,0,0,0,1
1604119937902,10,1010123456042,74,,1,0,4,1,2,,22.6327,245,184038,0.385728,98,0,8.66667,,0,0,0,0,0,0,0,0,0,,250,304,,0,0,0,0
1604119938151,10,1010123456042,74,,1,0,4,1,2,,24.653,219,182305,0.361189,82,0,13,,0,0,0,0,0,0,0,0,0,,250,320,,0,0,0,0
1604119938401,10,1010123456042,74,,1,0,4,1,2,,20.3033,333,183762,0.495647,133,0,7.75,,0,0,0,0,0,0,0,0,0,,250,324,,0,0,0,0
1604119938651,10,1010123456042,74,,1,0,4,1,2,,19.2384,344,183369,0.393285,137,0,10.6,,13.087,23,0,0.1,9,77.7778,0,8.84308,31,,250,272,,0,0,0,7.65217
1604119938901,10,1010123456042,74,,1,0,4,1,2,,15.1478,318,183603,0.296,129,0,7.14286,,0,2,0,0.1,1,0,0,0,31,,249,308,,0,0,0,0
1604119939151,10,1010123456042,74,,1,0,4,1,2,,15.7221,385,183416,0.337767,147,0,8.75,,0,0,0,0,0,0,0,0,0,,251,300,,0,0,0,0
1604119939401,10,1010123456042,74,,1,0,4,1,2,,14.4299,435,183665,0.379341,173,0,8.16667,,12,3,0,0.1,1,0,0,5.96483,31,,250,344,,0,0,0,7
1604119939651,10,1010123456042,74,,1,0,4,1,2,,16.2898,383,183889,0.381044,154,0,8.66667,,4.73077,26,0,0.1,11,36.3636,0,6.51686,31,,249,312,,0,0,0,4
1604119939901,10,1010123456042,74,,1,0,4,1,2,,18.7129,418,183703,0.488289,170,0,10,,0,0,0,0,0,0,0,0,0,,250,336,,0,0,0,0
1604119940151,10,1010123456042,74,,1,0,4,1,2,,18.8247,365,183850,0.433414,152,0,10.2,,0,0,0,0,0,0,0,0,0,,250,302,,0,0,0,0
1604119940401,10,1010123456042,74,,1,0,4,1,2,,18.4804,383,183859,0.438072,153,0,9,,0,0,0,0,0,0,0,0,0,,251,306,,0,0,0,0
1604119940651,10,1010123456042,74,,1,0,4,1,2,,16.1832,322,184360,0.31351,128,0,9.33333,,0.1,53,0,0.1,21,0,0,4.36086,31,,250,258,,0,0,0,1
1604119940901,10,1010123456042,74,,1,0,4,1,2,,19.775,320,183803,0.406169,130,0,10.7143,,0,0,0,0,0,0,0,0,0,,250,258,,0,0,0,0
1604119941151,10,1010123456042,74,,1,0,4,1,2,,18.7573,342,182611,0.377735,137,0,8.4,,0,0,0,0,0,0,0,0,0,,250,328,,0,0,0,0
1604119941401,10,1010123456042,74,,1,0,4,1,2,,16.5379,396,183098,0.403406,160,0,11.3333,,4.8,5,0,0.1,2,0,0,14.4863,31,,250,322,,0,0,0,1
1604119941652,10,1010123456042,74,,1,0,4,1,2,,20.9762,421,183573,0.622656,170,0,10.2,,11.7143,7,0,0.1,3,0,0,19.0777,31,,250,336,,0,0,0,1.42857
1604119941901,10,1010123456042,74,,1,0,4,1,2,,15.1699,359,182920,0.311711,142,0,8.66667,,0,0,0,0,0,0,0,0,0,,250,288,,0,0,0,0
1604119942151,10,1010123456042,74,,1,0,4,1,2,,20.5897,351,182859,0.481221,144,0,10.8333,,0,0,0,0,0,0,0,0,0,,250,288,,0,0,0,0
1604119942401,10,1010123456042,74,,1,0,4,1,2,,23.8317,303,184631,0.526426,123,0,13.3333,,0,0,0,0,0,0,0,0,0,,250,236,,0,0,0,0
1604119942651,10,1010123456042,74,,1,0,4,1,2,,23.6848,184,184463,0.338795,75,0,7.75,,15,12,0,0,4,100,0,2.38544,0,,250,150,,0,0,0,10
1604119942902,10,1010123456042,74,,1,0,4,1,2,,14.8836,189,183514,0.176736,75,0,8.2,,0,0,0,0,0,0,0,0,0,,250,154,,0,0,0,0
1604119943151,10,1010123456042,74,,1,0,4,1,2,,17.4827,346,183172,0.390683,142,0,11.1667,,4,7,0,0.1,3,33.3333,0,7.50281,31,,250,284,,0,0,0,4.14286
1604119943402,10,1010123456042,74,,1,0,4,1,2,,10.7744,399,183284,0.251264,157,0,5.75,,0,0,0,0,0,0,0,0,0,,250,322,,0,0,0,0
1604119943652,10,1010123456042,74,,1,0,4,1,2,,15.2432,403,184155,0.345568,161,0,10,,6.4,35,0,0.1,14,35.7143,0,6.01818,31,,250,322,,0,0,0,4.4
1604119943902,10,1010123456042,74,,1,0,4,1,2,,18.9506,385,182967,0.426944,154,0,10,,0,0,0,0,0,0,0,0,0,,250,306,,0,0,0,0
1604119944152,10,1010123456042,74,,1,0,4,1,2,,18.9949,393,182751,0.436832,157,0,10,,0,0,0,0,0,0,0,0,0,,250,316,,0,0,0,0
1604119944402,10,1010123456042,74,,1,0,4,1,2,,18.6257,366,183552,0.411552,153,0,9.66667,,0,0,0,0,0,0,0,0,0,,250,302,,0,0,0,0
1604119944651,10,1010123456042,74,,1,0,4,1,2,,18.7343,350,183739,0.375936,137,0,9.75,,10.8571,14,0,0.1,6,66.6667,0,8.36822,31,,249,278,,0,0,0,6.14286
1604119944901,10,1010123456042,74,,1,0,4,1,2,,18.5635,323,183340,0.36694,137,0,9.8,,0,0,0,0,0,0,0,0,0,,251,264,,0,0,0,0
1604119945151,10,1010123456042,74,,1,0,4,1,2,,12.6162,99,184055,0.0689799,37,0,8,,0,0,0,0,0,0,0,0,0,,250,78,,0,0,0,0
1604119945401,10,1010123456042,74,,1,0,4,1,2,,18.0311,225,184327,0.237944,92,0,9.6,,0,0,0,0,0,0,0,0,0,,250,178,,0,0,0,0
1604119945651,10,1010123456042,74,,1,0,4,1,2,,10.7669,163,184413,0.0799679,59,0,6,,0,0,0,0,0,0,0,0,0,,249,152,,0,0,0,0
1604119945901,10,1010123456042,74,,1,0,4,1,2,,18.5648,347,183290,0.378281,140,0,9.5,,5.75,32,0,0.1,13,30.7692,0,8.18544,31,,250,278,,0,0,0,3.4375
1604119946151,10,1010123456042,74,,1,0,4,1,2,,18.9218,371,183827,0.41796,151,0,9.75,,0,0,0,0,0,0,0,0,0,,250,298,,0,0,0,0
1604119946401,10,1010123456042,74,,1,0,4,1,2,,18.9446,397,183431,0.444016,158,0,9.83333,,0,0,0,0,0,0,0,0,0,,250,320,,0,0,0,0
1604119946651,9,1010123456042,74,,1,0,4,1,2,,19.3757,386,184422,0.495775,155,0,9.6,,6.64706,17,0,0.1,7,28.5714,0,10.1134,31,,250,312,,0,0,0,3.82353
1604119946901,9,1010123456042,74,,1,0,4,1,2,,12.9403,352,183996,0.276112,144,0,7.33333,,0,4,0,0,2,100,0,0,0,,251,286,,0,0,0,0
1604119947151,9,1010123456042,74,,1,0,4,1,2,,7.31231,333,183406,0.122956,133,0,7.66667,,0,0,0,0,0,0,0,0,0,,250,260,,0,0,0,0
1604119947401,9,1010123456042,74,,1,0,4,1,2,,15.3592,387,183563,0.338506,154,0,8.16667,,0,0,0,0,0,0,0,0,0,,250,310,,0,0,0,0
1604119947651,9,1010123456042,74,,1,0,4,1,2,,19.2589,282,183763,0.328643,115,0,10.1667,,3.65854,41,0,0.1,16,31.25,0,3.98064,31,,250,228,,0,0,0,4.07317
1604119947902,9,1010123456042,74,,1,0,4,1,2,,19.8747,359,184290,0.458048,142,0,10.4286,,0,0,0,0,0,0,0,0,0,,250,286,,0,0,0,0
1604119948151,9,1010123456042,74,,1,0,4,1,2,,19.7373,354,183156,0.414265,136,0,10.2,,0.1,6,0,0.1,2,50,0,1.80777,31,,250,278,,0,0,0,5.5
1604119948401,9,1010123456042,74,,1,0,4,1,2,,18.8703,316,184061,0.363277,127,0,8.16667,,0,0,0,0,0,0,0,0,0,,250,286,,0,0,0,0
1604119948651,9,1010123456042,74,,1,0,4,1,2,,20.6585,325,182958,0.41812,128,0,11,,3.34884,43,0,0.1,18,33.3333,0,5.6314,31,,250,258,,0,0,0,3.51163
1604119948901,9,1010123456042,74,,1,0,4,1,2,,18.1335,352,183607,0.364916,138,0,9.66667,,0,0,0,0,0,0,0,0,0,,250,276,,0,0,0,0
1604119949152,9,1010123456042,74,,1,0,4,1,2,,18.8468,385,183874,0.482496,156,0,9,,0,0,0,0,0,0,0,0,0,,250,310,,0,0,0,0
1604119949402,9,1010123456042,74,,1,0,4,1,2,,15.4651,387,183765,0.336192,158,0,9.2,,12,3,0,0.1,1,0,0,14.8444,31,,250,314,,0,0,0,1
1604119949651,9,1010123456042,74,,1,0,4,1,2,,17.1963,219,184379,0.231679,90,0,6.75,,7.30769,13,0,0.1,5,20,0,7.47031,31,,250,294,,0,0,0,3.92308
1604119949902,9,1010123456042,74,,1,0,4,1,2,,18.1831,355,183334,0.358336,136,0,9.66667,,0,0,0,0,0,0,0,0,0,,250,284,,0,0,0,0
1604119950152,9,1010123456042,74,,1,0,4,1,2,,18.9628,376,183727,0.413536,149,0,10,,0,0,0,0,0,0,0,0,0,,250,302,,0,0,0,0
1604119950402,9,1010123456042,74,,1,0,4,1,2,,19.836,189,183971,0.237408,79,0,8.5,,0,0,0,0,0,0,0,0,0,,250,284,,0,0,0,0
1604119950652,9,1010123456042,74,,1,0,4,1,2,,19.4594,357,183938,0.431968,147,0,9.75,,13.098,51,0,0.1,19,84.2105,0,4.01356,31,,250,294,,0,0,0,8.76471
1604119950901,9,1010123456042,74,,1,0,4,1,2,,14.2418,397,183029,0.32543,159,0,8.28571,,0,0,0,0,0,0,0,0,0,,250,322,,0,0,0,0
1604119951151,9,1010123456042,74,,1,0,4,1,2,,17.8591,362,184026,0.403566,147,0,9.4,,0,0,0,0,0,0,0,0,0,,250,290,,0,0,0,0
1604119951401,9,1010123456042,74,,1,0,4,1,2,,19.399,396,183762,0.481863,162,0,10.5,,0.1,3,0,0.1,1,0,0,15.8117,31,,250,326,,0,0,0,1
1604119951651,9,1010123456042,74,,1,0,4,1,2,,22.0776,348,183917,0.511711,139,0,11.3333,,8.6875,16,0,0.1,6,33.3333,0,7.27279,31,,250,280,,0,0,0,5.5
1604119951901,9,1010123456042,74,,1,0,4,1,2,,15.5962,369,183363,0.371695,151,0,9.16667,,0,0,0,0,0,0,0,0,0,,250,304,,0,0,0,0
1604119952151,9,1010123456042,74,,1,0,4,1,2,,17.7535,353,183619,0.376707,145,0,9.8,,0,0,0,0,0,0,0,0,0,,249,286,,0,0,0,0
1604119952401,9,1010123456042,74,,1,0,4,1,2,,18.8518,398,183883,0.486201,161,0,9.66667,,0,0,0,0,0,0,0,0,0,,251,322,,0,0,0,0
1604119952651,9,1010123456042,74,,1,0,4,1,2,,17.2111,341,184303,0.365141,138,0,9.83333,,5.21053,38,0,0.1,15,40,0,4.83783,31,,249,272,,0,0,0,5.13158
1604119952901,8,1010123456042,74,,1,0,4,1,2,,19.852,392,183013,0.468466,153,0,10.5,,0,0,0,0,0,0,0,0,0,,252,312,,0,0,0,0
1604119953151,8,1010123456042,74,,1,0,4,1,2,,16.3414,249,183324,0.297677,105,0,7,,0,0,0,0,0,0,0,0,0,,248,246,,0,0,0,0
1604119953402,8,1010123456042,74,,1,0,4,1,2,,0,0,183324,0,0,0,0.1,,0,0,0,0,0,0,0,0,0,,251,286,,0,0,0,0
1604119953651,8,1010123456042,74,,1,0,4,1,2,,20.9612,129,183715,0.168161,50,0,8.75,,4.56716,67,0,0.1,26,30.7692,0,4.24991,31,,250,262,,0,0,0,3.73134
1604119953901,8,1010123456042,74,,1,0,4,1,2,,20.7194,278,184077,0.373687,111,0,9.28571,,0,0,0,0,0,0,0,0,0,,250,272,,0,0,0,0
1604119954151,8,1010123456042,74,,1,0,4,1,2,,14.1596,332,183986,0.283598,135,0,8.83333,,0,0,0,0,0,0,0,0,0,,250,274,,0,0,0,0
1604119954401,8,1010123456042,74,,1,0,4,1,2,,16.8131,337,183643,0.353799,136,0,9.2,,0,0,0,0,0,0,0,0,0,,250,270,,0,0,0,0
1604119954652,8,1010123456042,74,,1,0,4,1,2,,20.9085,317,183907,0.409952,123,0,11,,4.21429,28,0,0.1,11,36.3636,0,4.27058,31,,250,252,,0,0,0,4.85714
1604119954901,8,1010123456042,74,,1,0,4,1,2,,20.9887,266,184564,0.387695,115,0,8,,0,0,0,0,0,0,0,0,0,,250,254,,0,0,0,0
1604119955151,8,1010123456042,74,,1,0,4,1,2,,15.8519,162,183936,0.14294,61,0,8,,0,0,0,0,0,0,0,0,0,,250,244,,0,0,0,0
1604119955401,8,1010123456042,74,,1,0,4,1,2,,21.2775,209,184244,0.290635,82,0,8.8,,0,0,0,0,0,0,0,0,0,,250,198,,0,0,0,0
1604119955652,8,1010123456042,74,,1,0,4,1,2,,19.3218,289,183758,0.35904,118,0,10,,6.84211,19,0,0.1,7,57.1429,0,5.21555,31,,250,232,,0,0,0,6.68421
1604119955901,8,1010123456042,74,,1,0,4,1,2,,17.2827,336,183434,0.348787,136,0,9.5,,0.1,3,0,0.1,1,0,0,10.3973,31,,250,272,,0,0,0,1
1604119956151,8,1010123456042,74,,1,0,4,1,2,,22.7641,284,184274,0.452787,117,0,8.75,,0,0,0,0,0,0,0,0,0,,250,252,,0,0,0,0
1604119956402,8,1010123456042,74,,1,0,4,1,2,,21.8201,289,183908,0.430528,116,0,11.4,,0,0,0,0,0,0,0,0,0,,250,268,,0,0,0,0
1604119956651,8,1010123456042,74,,1,0,4,1,2,,19.2544,287,183575,0.344739,118,0,9.75,,8.2,25,0,0.1,10,80,0,3.8905,31,,250,238,,0,0,0,8.2
1604119956902,8,1010123456042,74,,1,0,4,1,2,,20.6923,195,183040,0.25568,78,0,11,,0,0,0,0,0,0,0,0,0,,250,156,,0,0,0,0
1604119957152,8,1010123456042,74,,1,0,4,1,2,,18.9388,98,183878,0.122208,39,0,9.5,,0,0,0,0,0,0,0,0,0,,250,82,,0,0,0,0
1604119957402,8,1010123456042,74,,1,0,4,1,2,,20.0309,259,184292,0.321408,105,0,11,,0,0,0,0,0,0,0,0,0,,250,202,,0,0,0,0
1604119957651,8,1010123456042,74,,1,0,4,1,2,,16.8521,142,184401,0.148209,60,0,7,,4.46154,52,0,0.1,21,42.8571,0,4.65462,31,,250,122,,0,0,0,4.76923
1604119957901,8,1010123456042,74,,1,0,4,1,2,,1,239,184107,0.0215904,96,0,3,,0,0,0,0,0,0,0,0,0,,250,198,,0,0,0,0
1604119958151,8,1010123456042,74,,1,0,4,1,2,,10.917,289,184095,0.179534,112,0,7.6,,0,0,0,0,0,0,0,0,0,,249,280,,0,0,0,0
1604119958401,8,1010123456042,74,,1,0,4,1,2,,21.4889,270,183995,0.390843,113,0,9.25,,0,0,0,0,0,0,0,0,0,,250,246,,0,0,0,0
1604119958651,8,1010123456042,74,,1,0,4,1,2,,21.4014,284,183387,0.411052,116,0,9.2,,9.55556,27,0,0.1,11,72.7273,0,5.78227,31,,250,272,,0,0,0,7.66667
1604119958901,8,1010123456042,74,,1,0,4,1,2,,20.5697,251,183566,0.316659,98,0,9.33333,,0,0,0,0,0,0,0,0,0,,249,274,,0,0,0,0
1604119959151,8,1010123456042,74,,1,0,4,1,2,,20.7177,248,183653,0.335711,101,0,7.33333,,0,0,0,0,0,0,0,0,0,,250,248,,0,0,0,0
1604119959401,8,1010123456042,74,,1,0,4,1,2,,21.2402,204,183746,0.290859,87,0,8,,0,0,0,0,0,0,0,0,0,,250,260,,0,0,0,0
1604119959651,8,1010123456042,74,,1,0,4,1,2,,25.3759,290,183787,0.578763,120,0,12,,0.1,73,0,0.1,28,39.2857,0,1.44758,31,,250,236,,0,0,0,5
1604119959901,8,1010123456042,74,,1,0,4,1,2,,19.3788,293,183655,0.331245,114,0,8.6,,0,0,0,0,0,0,0,0,0,,250,284,,0,0,0,0
1604119960151,8,1010123456042,74,,1,0,4,1,2,,19.5882,323,183614,0.385157,128,0,9.66667,,0,0,0,0,0,0,0,0,0,,251,258,,0,0,0,0
1604119960401,8,1010123456042,74,,1,0,4,1,2,,20.0883,317,183384,0.395823,128,0,10.6667,,0,0,0,0,0,0,0,0,0,,250,252,,0,0,0,0
1604119960651,8,1010123456042,74,,1,0,4,1,2,,19.5826,230,183567,0.275149,92,0,8.4,,2.65909,44,0,0.1,18,44.4444,0,6.80644,31,,250,256,,0,0,0,4.79545
1604119960902,8,1010123456042,74,,1,0,4,1,2,,18.1818,11,183108,0.016704,6,0,2.75,,0,0,0,0,0,0,0,0,0,,250,262,,0,0,0,0
1604119961151,8,1010123456042,74,,1,0,4,1,2,,18.6772,285,183475,0.332755,123,0,10,,0,0,0,0,0,0,0,0,0,,250,240,,0,0,0,0
1604119961401,8,1010123456042,74,,1,0,4,1,2,,19.7986,283,183080,0.325237,111,0,8.33333,,0,0,0,0,0,0,0,0,0,,250,274,,0,0,0,0
1604119961652,8,1010123456042,74,,1,0,4,1,2,,19.4927,274,183581,0.34096,113,0,10,,3.2973,37,0,0.1,15,26.6667,0,5.67142,31,,250,220,,0,0,0,3.64865
1604119961901,8,1010123456042,74,,1,0,4,1,2,,18.5032,312,183882,0.330924,124,0,10,,0,0,0,0,0,0,0,0,0,,250,246,,0,0,0,0
1604119962152,8,1010123456042,74,,1,0,4,1,2,,18.8421,342,184070,0.378816,138,0,10,,0,0,0,0,0,0,0,0,0,,250,276,,0,0,0,0
1604119962401,8,1010123456042,74,,1,0,4,1,2,,18.4844,320,183962,0.334297,125,0,9.6,,0,0,0,0,0,0,0,0,0,,250,256,,0,0,0,0
1604119962652,8,1010123456042,74,,1,0,4,1,2,,17.6931,189,184120,0.200416,79,0,6,,11.3086,81,0,0.1,32,71.875,0,3.28959,31,,250,204,,0,0,0,7.50617
1604119962902,8,1010123456042,74,,1,0,4,1,2,,28,10,183246,0,0,0,15,,0,0,0,0,0,0,0,0,0,,250,252,,0,0,0,0
1604119963152,8,1010123456042,74,,1,0,4,1,2,,18.1586,290,183544,0.34144,116,0,9,,0,0,0,0,0,0,0,0,0,,250,232,,0,0,0,0
1604119963402,8,1010123456042,74,,1,0,4,1,2,,18.5238,252,184137,0.277504,104,0,10,,0,0,0,0,0,0,0,0,0,,250,202,,0,0,0,0
1604119963652,8,1010123456042,74,,1,0,4,1,2,,20.2632,247,183487,0.301632,96,0,10.6,,2.15493,71,0,0.1,28,53.5714,0,3.20603,31,,250,198,,0,0,0,6.66197
1604119963902,8,1010123456042,74,,1,0,4,1,2,,15.8364,330,183066,0.30592,136,0,8,,0,0,0,0,0,0,0,0,0,,250,272,,0,0,0,0
1604119964151,8,1010123456042,74,,1,0,4,1,2,,19.1989,372,183288,0.428594,150,0,10.2,,0,0,0,0,0,0,0,0,0,,250,300,,0,0,0,0
1604119964401,8,1010123456042,74,,1,0,4,1,2,,18.0448,268,183607,0.282088,108,0,9.75,,0,0,0,0,0,0,0,0,0,,250,212,,0,0,0,0
1604119964651,8,1010123456042,74,,1,0,4,1,2,,18.6157,216,183885,0.227084,84,0,7.75,,2.74324,74,32,0.1,29,44.8276,0,3.27846,31,,249,206,,0,0,0,5.72973
1604119964901,8,1010123456042,74,,1,0,4,1,2,,18.7209,86,183821,0.11139,41,0,10.25,,0.1,31,0,0.1,13,61.5385,0,2.16792,31,,250,72,,0,0,0,6.80645
1604119965151,8,1010123456042,74,,1,0,4,1,2,,18.0833,60,183287,0.066506,26,0,5.5,,0,0,0,0,0,0,0,0,0,,251,60,,0,0,0,0
1604119965401,8,1010123456042,74,,1,0,4,1,2,,24.7101,138,183111,0.239133,53,0,12.3333,,0,0,0,0,0,0,0,0,0,,249,144,,0,0,0,0
1604119965651,8,1010123456042,74,,1,0,4,1,2,,17.9039,229,184185,0.253719,95,0,9,,7.33333,57,0,0.1,23,73.913,0,4.86073,31,,250,190,,0,0,0,7.70175
1604119965901,8,1010123456042,74,,1,0,4,1,2,,19.5789,95,183780,0.109269,37,0,8.2,,0,0,0,0,0,0,0,0,0,,250,172,,0,0,0,0
1604119966151,8,1010123456042,74,,1,0,4,1,2,,18.6714,280,184561,0.312193,115,0,10,,0,0,0,0,0,0,0,0,0,,250,230,,0,0,0,0
1604119966401,8,1010123456042,74,,1,0,4,1,2,,18.1751,257,183337,0.281671,105,0,10.3333,,0,0,0,0,0,0,0,0,0,,250,210,,0,0,0,0
1604119966651,8,1010123456042,74,,1,0,4,1,2,,18.9009,222,183216,0.245269,88,0,10.3333,,6.18182,33,0,0.1,13,61.5385,0,3.97415,31,,251,176,,0,0,0,6.57576
1604119966901,8,1010123456042,74,,1,0,4,1,2,,17.4529,223,184441,0.248739,94,0,9.2,,0,0,0,0,0,0,0,0,0,,250,188,,0,0,0,0
1604119967151,8,1010123456042,74,,1,0,4,1,2,,20.274,292,184521,0.374683,118,0,10.8,,0,0,0,0,0,0,0,0,0,,250,240,,0,0,0,0
1604119967401,8,1010123456042,74,,1,0,4,1,2,,20.4932,292,184632,0.385767,119,0,11,,0,0,0,0,0,0,0,0,0,,250,234,,0,0,0,0
1604119967651,8,1010123456042,74,,1,0,4,1,2,,19.3362,235,183226,0.28906,93,0,10.6667,,5.5625,32,0,0.1,13,23.0769,0,8.19828,31,,250,188,,0,0,0,3.75
1604119967901,8,1010123456042,74,,1,0,4,1,2,,16.9249,293,182921,0.282795,118,0,9.83333,,0,0,0,0,0,0,0,0,0,,250,240,,0,0,0,0
1604119968151,8,1010123456042,74,,1,0,4,1,2,,26.5512,205,183780,0.403052,81,0,15,,0,0,0,0,0,0,0,0,0,,250,160,,0,0,0,0
1604119968401,8,1010123456042,74,,1,0,4,1,2,,24.1966,295,183260,0.544739,119,0,11.8,,0,0,0,0,0,0,0,0,0,,250,240,,0,0,0,0
1604119968651,8,1010123456042,74,,1,0,4,1,2,,20.4583,216,183116,0.300916,92,0,8.8,,4.26316,38,0,0.1,17,35.2941,0,3.82295,31,,250,234,,0,0,0,4.10526
1604119968901,8,1010123456042,74,,1,0,4,1,2,,18.1142,219,184342,0.245687,90,0,8.42857,,0,0,0,0,0,0,0,0,0,,250,218,,0,0,0,0
1604119969152,8,1010123456042,74,,1,0,4,1,2,,20.7113,284,183210,0.361408,110,0,11,,0,0,0,0,0,0,0,0,0,,250,226,,0,0,0,0
1604119969402,8,1010123456042,74,,1,0,4,1,2,,19.8312,314,184564,0.39984,131,0,10.75,,0,0,0,0,0,0,0,0,0,,250,254,,0,0,0,0
1604119969652,8,1010123456042,74,,1,0,4,1,2,,19.9529,191,184417,0.249568,81,0,9.2,,7.43478,46,0,0.1,20,60,0,6.22526,31,,250,200,,0,0,0,6.32609
1604119969902,8,1010123456042,74,,1,0,4,1,2,,20.2297,209,183613,0.262496,83,0,11,,0,0,0,0,0,0,0,0,0,,250,168,,0,0,0,0
1604119970152,8,1010123456042,74,,1,0,4,1,2,,20.0261,230,183344,0.28944,93,0,11,,0,0,0,0,0,0,0,0,0,,250,190,,0,0,0,0
1604119970402,8,1010123456042,74,,1,0,4,1,2,,19.0472,212,184383,0.241728,82,0,8.83333,,0,0,0,0,0,0,0,0,0,,250,208,,0,0,0,0
1604119970651,8,1010123456042,74,,1,0,4,1,2,,20.1557,212,183544,0.275759,87,0,8.75,,8.4,45,0,0.1,18,27.7778,0,9.8575,31,,250,196,,0,0,0,3.6
1604119970901,8,1010123456042,74,,1,0,4,1,2,,20.1436,188,183641,0.239679,76,0,11,,0,0,0,0,0,0,0,0,0,,250,150,,0,0,0,0
1604119971151,8,1010123456042,74,,1,0,4,1,2,,20.3652,230,183034,0.301687,94,0,11,,0,0,0,0,0,0,0,0,0,,249,190,,0,0,0,0
1604119971401,8,1010123456042,74,,1,0,4,1,2,,19.5169,178,183541,0.229622,75,0,10.5,,0,0,0,0,0,0,0,0,0,,249,148,,0,0,0,0
1604119971651,8,1010123456042,74,,1,0,4,1,2,,17.0672,134,183428,0.145703,57,0,7.6,,0.1,47,0,0.1,19,10.5263,0,2.27653,31,,249,132,,0,0,0,3.87234
1604119971901,8,1010123456042,74,,1,0,4,1,2,,17.88,200,184212,0.221108,80,0,9.25,,0.1,3,0,0.1,1,0,0,3.05092,0,,250,156,,0,0,0,1
1604119972151,8,1010123456042,74,,1,0,4,1,2,,20.0941,255,183241,0.318169,101,0,10.6667,,0,0,0,0,0,0,0,0,0,,250,204,,0,0,0,0
1604119972401,8,1010123456042,74,,1,0,4,1,2,,19.8167,60,184008,0.0755984,25,0,8.25,,0,0,0,0,0,0,0,0,0,,250,60,,0,0,0,0
1604119972651,8,1010123456042,74,,1,0,8,1,2,,11.429,352,184031,0.388402,137,0,7,,10.6957,23,0,0.1,10,60,0,7.13347,31,,586,516,,0,0,0,6.47826
1604119972901,8,1010123456042,74,,1,0,8,1,2,,15.3805,318,183983,0.568996,130,0,8.57143,,0,0,0,0,0,0,0,0,0,,750,504,,0,0,0,0
1604119973151,8,1010123456042,74,,1,0,8,1,2,,18.5983,229,184092,0.497831,91,0,10.6,,0,0,0,0,0,0,0,0,0,,753,368,,0,0,0,0
1604119973401,8,1010123456042,74,,1,0,8,1,2,,18.6175,251,183181,0.545671,100,0,10.5,,0,0,0,0,0,0,0,0,0,,750,396,,0,0,0,0
1604119973651,8,1010123456042,74,,1,0,8,1,2,,19.1896,211,182841,0.501398,86,0,10.6667,,12,9,0,0,4,100,0,1.31064,0,,750,328,,0,0,0,10
1604119973901,8,1010123456042,74,,1,0,8,1,2,,19.0375,373,182507,0.808964,149,0,10.5,,3.87805,41,0,0.1,16,50,0,3.95504,31,,750,560,,0,0,0,5.58537
1604119974151,8,1010123456042,74,,1,0,8,1,2,,18.7782,248,183802,0.525398,99,0,10.6,,7.8,5,0,0.1,2,50,0,7.67922,0,,750,368,,0,0,0,5.2
1604119974401,8,1010123456042,74,,1,0,8,1,2,,18.7264,212,183595,0.48302,88,0,10.6667,,0,0,0,0,0,0,0,0,0,,750,342,,0,0,0,0
1604119974651,8,1010123456042,74,,1,0,8,1,2,,18.5078,319,183175,0.623807,125,0,10.4,,0,8,0,0,4,100,0,0,0,,750,448,,0,0,0,0
1604119974902,8,1010123456042,74,,1,0,8,1,2,,17.7209,387,183253,0.7528,157,0,10.2,,0,0,0,0,0,0,0,0,0,,750,568,,0,0,0,0
1604119975152,8,1010123456042,74,,1,0,8,1,2,,19.6585,246,183107,0.628992,104,0,11,,3.72093,43,0,0.1,20,65,0,2.6247,31,,750,406,,0,0,0,7.18605
1604119975402,8,1010123456042,74,,1,0,8,1,2,,19.1512,258,184057,0.585696,107,0,10.6,,0,0,0,0,0,0,0,0,0,,750,400,,0,0,0,0
1604119975652,8,1010123456042,74,,1,0,8,1,2,,20.1738,420,183523,0.96064,170,0,10.8333,,0.1,53,0,0.1,22,22.7273,0,1.59373,31,,750,592,,0,0,0,3.98113
1604119975902,8,1010123456042,74,,1,0,8,1,2,,18.4721,269,183523,0.569344,110,0,10.5,,0,0,0,0,0,0,0,0,0,,750,394,,0,0,0,0
1604119976152,8,1010123456042,74,,1,0,8,1,2,,18.9048,252,184395,0.57792,102,0,10.6,,0,0,0,0,0,0,0,0,0,,750,410,,0,0,0,0
1604119976402,8,1010123456042,74,,1,0,8,1,2,,19.1198,217,183091,0.511008,89,0,10.6667,,0,0,0,0,0,0,0,0,0,,750,354,,0,0,0,0
1604119976652,8,1010123456042,74,,1,0,8,1,2,,19.0743,202,183052,0.469568,84,0,10.75,,0.1,57,0,0.1,25,40,0,1.23524,31,,750,328,,0,0,0,5.64912
1604119976901,8,1010123456042,74,,1,0,8,1,2,,19.0489,307,183119,0.670265,127,0,10.4,,0,0,0,0,0,0,0,0,0,,750,458,,0,0,0,0
1604119977151,8,1010123456042,74,,1,0,8,1,2,,18.1095,283,182700,0.58098,117,0,10.5,,0,0,0,0,0,0,0,0,0,,747,436,,0,0,0,0
1604119977401,8,1010123456042,74,,1,0,8,1,2,,18.3395,380,183733,0.732498,157,0,10.1667,,0,0,0,0,0,0,0,0,0,,753,534,,0,0,0,0
1604119977651,8,1010123456042,74,,1,0,8,1,2,,18.6696,230,183585,0.472064,92,0,10.25,,0.1,49,0,0.1,22,22.7273,0,1.83185,31,,747,334,,0,0,0,3.61224
1604119977901,8,1010123456042,74,,1,0,8,1,2,,18.4101,317,183912,0.641028,127,0,10.1429,,0.1,9,0,0,3,100,0,0.1,0,,750,480,,0,0,0,10
1604119978151,8,1010123456042,74,,1,0,8,1,2,,17.8044,363,183165,0.688225,145,0,10,,0,0,0,0,0,0,0,0,0,,747,526,,0,0,0,0
1604119978401,8,1010123456042,74,,1,0,8,1,2,,17.0771,376,183182,0.672225,155,0,9.66667,,0,0,0,0,0,0,0,0,0,,769,534,,0,0,0,0
1604119978651,8,1010123456042,74,,1,0,8,1,2,,17.6051,276,183004,0.527454,110,0,10,,0.1,48,0,0.1,20,20,0,1.61512,31,,750,410,,0,0,0,3.625
1604119978901,8,1010123456042,74,,1,0,8,1,2,,18.1061,443,183263,0.813012,183,0,10.1667,,0,0,0,0,0,0,0,0,0,,768,584,,0,0,0,0
1604119979151,8,1010123456042,74,,1,0,8,1,2,,17.0504,377,183830,0.633896,146,0,9.5,,0,0,0,0,0,0,0,0,0,,767,506,,0,0,0,0
1604119979401,8,1010123456042,74,,1,0,8,1,2,,16.5499,371,183514,0.646104,156,0,9.5,,0,0,0,0,0,0,0,0,0,,765,522,,0,0,0,0
1604119979651,8,1010123456042,74,,1,0,8,1,2,,17.5703,370,183061,0.677365,150,0,10,,0.1,54,0,0.1,22,31.8182,0,1.54874,31,,754,534,,0,0,0,5.09259
1604119979901,8,1010123456042,74,,1,0,8,1,2,,18.3283,332,182917,0.665317,133,0,10.6,,0,0,0,0,0,0,0,0,0,,754,484,,0,0,0,0
1604119980151,8,1010123456042,74,,1,0,8,1,2,,18.6667,405,183460,0.827084,166,0,10.4,,0,0,0,0,0,0,0,0,0,,767,590,,0,0,0,0
1604119980402,8,1010123456042,74,,1,0,8,1,2,,15.3525,261,183433,0.437664,109,0,8.4,,0,0,0,0,0,0,0,0,0,,761,390,,0,0,0,0
1604119980651,8,1010123456042,74,,1,0,8,1,2,,19.6455,268,182470,0.584386,103,0,10.75,,4.13115,61,0,0.1,24,37.5,0,2.74091,31,,755,392,,0,0,0,4.90164
1604119980901,8,1010123456042,74,,1,0,8,1,2,,11.6979,374,182496,0.479743,154,0,6.83333,,0,0,0,0,0,0,0,0,0,,759,572,,0,0,0,0
1604119981151,8,1010123456042,74,,1,0,8,1,2,,18.0545,422,183867,0.843406,175,0,8.2,,0,0,0,0,0,0,0,0,0,,781,598,,0,0,0,0
1604119981402,8,1010123456042,74,,1,0,8,1,2,,13.7239,355,183946,0.496896,140,0,10,,0,0,0,0,0,0,0,0,0,,776,568,,0,0,0,0
1604119981652,8,1010123456042,74,,1,0,8,1,2,,18.2303,330,183458,0.625504,132,0,10.5,,8.88889,27,0,0.1,11,63.6364,0,6.09338,31,,770,466,,0,0,0,6.44444
1604119981902,8,1010123456042,74,,1,0,8,1,2,,19.2385,478,182987,1.01789,195,0,10.3333,,0,0,0,0,0,0,0,0,0,,773,676,,0,0,0,0
1604119982152,8,1010123456042,74,,1,0,8,1,2,,16.8729,362,184394,0.614208,144,0,9.4,,0,0,0,0,0,0,0,0,0,,760,512,,0,0,0,0
1604119982402,8,1010123456042,74,,1,0,8,1,2,,20.1893,486,179093,1.08211,200,0,11,,0,0,0,0,0,0,0,0,0,,787,660,,0,0,0,0
1604119982652,8,1010123456042,74,,1,0,8,1,2,,20.0921,445,182667,0.866912,175,0,11,,0.1,46,0,0.1,20,10,0,2.01281,31,,796,578,,0,0,0,2.13043
1604119982902,8,1010123456042,74,,1,0,8,1,2,,19.1798,317,183418,0.492576,129,0,11,,0,0,0,0,0,0,0,0,0,,766,364,,0,0,0,0
1604119983152,8,1010123456042,74,,1,0,8,1,2,,19.1107,244,183422,0.385344,102,0,11,,0,0,0,0,0,0,0,0,0,,762,300,,0,0,0,0
1604119983401,8,1010123456042,74,,1,0,8,1,2,,18.4969,318,183867,0.472064,128,0,10.5,,0,0,0,0,0,0,0,0,0,,751,338,,0,0,0,0
1604119983651,8,1010123456042,74,,1,0,8,1,2,,18.9886,262,182909,0.409157,105,0,11,,7.28571,63,0,0.1,27,66.6667,0,3.72296,31,,751,298,,0,0,0,7.4127
1604119983901,8,1010123456042,74,,1,0,8,1,2,,19.2575,365,183550,0.541044,144,0,11,,0,0,0,0,0,0,0,0,0,,756,436,,0,0,0,0
1604119984151,8,1010123456042,74,,1,0,8,1,2,,19.3143,455,184293,0.665735,185,0,11.1667,,0,0,0,0,0,0,0,0,0,,781,486,,0,0,0,0
1604119984401,8,1010123456042,74,,1,0,8,1,2,,20.0976,379,183312,0.59608,149,0,11.4,,0,0,0,0,0,0,0,0,0,,757,416,,0,0,0,0
1604119984651,8,1010123456042,74,,1,0,8,1,2,,18.6608,339,183942,0.494201,130,0,10.8333,,0.1,38,0,0.1,16,0,0,2.08421,31,,761,418,,0,0,0,1.89474
1604119984901,8,1010123456042,74,,1,0,8,1,2,,19.2191,324,183863,0.529478,132,0,11,,0,0,0,0,0,0,0,0,0,,759,392,,0,0,0,0
1604119985151,8,1010123456042,74,,1,0,8,1,2,,16.2577,260,183247,0.308112,107,0,7.33333,,0,0,0,0,0,0,0,0,0,,762,352,,0,0,0,0
1604119985401,8,1010123456042,74,,1,0,8,1,2,,19.9048,315,182466,0.542137,128,0,10.1667,,0,0,0,0,0,0,0,0,0,,750,382,,0,0,0,0
1604119985651,8,1010123456042,74,,1,0,8,1,2,,17.7565,345,183575,0.72408,138,0,10.3333,,0.1,46,0,0.1,17,0,0,2.5207,31,,762,494,,0,0,0,1.41304
1604119985901,8,1010123456042,74,,1,0,8,1,2,,19.2069,493,176118,1.04225,194,0,10,,0,0,0,0,0,0,0,0,0,,768,660,,0,0,0,0
1604119986151,8,1010123456042,74,,1,0,8,1,2,,20.8478,414,176960,0.992129,172,0,11.3333,,0,0,0,0,0,0,0,0,0,,782,562,,0,0,0,0
1604119986401,8,1010123456042,74,,1,0,8,1,2,,20.6049,486,176132,1.015,194,0,11.3333,,0,0,0,0,0,0,0,0,0,,784,640,,0,0,0,0
1604119986651,8,1010123456042,74,,1,0,8,1,2,,20.8502,247,182952,0.437012,100,0,11.8333,,0.923077,26,0,0.1,10,0,0,7.51242,31,,753,264,,0,0,0,1.11538
1604119986901,8,1010123456042,74,,1,0,8,1,2,,20.2652,411,183414,0.65857,168,0,11.4286,,0,0,0,0,0,0,0,0,0,,784,440,,0,0,0,0
1604119987151,8,1010123456042,74,,1,0,8,1,2,,20.5613,351,182913,0.668337,140,0,11.6667,,0,0,0,0,0,0,0,0,0,,769,460,,0,0,0,0
1604119987402,8,1010123456042,74,,1,0,8,1,2,,21.1514,317,184377,0.680192,136,0,12,,0,0,0,0,0,0,0,0,0,,764,428,,0,0,0,0
1604119987651,8,1010123456042,74,,1,0,8,1,2,,20.9831,295,184192,0.482795,119,0,10.3333,,0,8,0,0,4,100,0,0,0,,778,340,,0,0,0,0
1604119987902,8,1010123456042,74,,1,0,8,1,2,,16.7485,342,183927,0.668064,133,0,8.71429,,0.1,3,321,0.1,1,0,0,3.50242,31,,769,520,,0,0,0,1
1604119988152,8,1010123456042,74,,1,0,8,1,2,,15.6787,361,182758,0.608512,146,0,6.8,,0.1,17,0,0.1,8,0,0,4.95238,0,,765,566,,0,0,0,1
1604119988402,8,1010123456042,74,,1,0,8,1,2,,15.139,259,183879,0.469952,104,0,9.8,,0,0,0,0,0,0,0,0,0,,759,432,,0,0,0,0
1604119988652,8,1010123456042,74,,1,0,8,1,2,,14.9146,328,181517,0.569952,122,0,8,,0.1,43,0,0.1,19,5.26316,0,4.04113,31,,756,526,,0,0,0,1.72093
1604119988902,8,1010123456042,74,,1,0,8,1,2,,17.168,387,183729,0.854368,165,0,8.57143,,0,0,0,0,0,0,0,0,0,,769,596,,0,0,0,0
1604119989152,8,1010123456042,74,,1,0,8,1,2,,16.4127,424,182372,0.809984,164,0,8.66667,,0,0,0,0,0,0,0,0,0,,776,652,,0,0,0,0
1604119989402,8,1010123456042,74,,1,0,8,1,2,,18.5486,381,182420,0.818592,159,0,9,,0,0,0,0,0,0,0,0,0,,755,546,,0,0,0,0
1604119989652,8,1010123456042,74,,1,0,8,1,2,,20.578,282,181424,0.67936,114,0,11.1667,,0.1,64,0,0.1,25,20,0,2.1463,31,,751,414,,0,0,0,3.0625
1604119989901,8,1010123456042,74,,1,0,8,1,2,,17.6304,322,182564,0.681831,126,0,9.71429,,0,0,0,0,0,0,0,0,0,,763,480,,0,0,0,0
1604119990151,8,1010123456042,74,,1,0,8,1,2,,17.619,496,180246,0.96392,200,0,9.16667,,0,2,0,0.1,1,0,0,0,31,,783,708,,0,0,0,0
1604119990401,8,1010123456042,74,,1,0,8,1,2,,19.7694,464,179636,1.03261,190,0,10.75,,0,0,0,0,0,0,0,0,0,,766,646,,0,0,0,0
1604119990651,8,1010123456042,74,,1,0,8,1,2,,17.7692,403,183319,0.809189,162,0,9,,2.25455,55,0,0.1,21,23.8095,0,2.32817,31,,754,602,,0,0,0,4.23636
1604119990901,8,1010123456042,74,,1,0,8,1,2,,20.2871,317,179942,0.802249,128,0,10,,0,0,0,0,0,0,0,0,0,,747,472,,0,0,0,0
1604119991151,8,1010123456042,74,,1,0,8,1,2,,17.7517,447,180490,0.944193,184,0,7.33333,,0,0,0,0,0,0,0,0,0,,771,622,,0,0,0,0
1604119991401,8,1010123456042,74,,1,0,8,1,2,,14.254,433,181733,0.636787,166,0,8,,0,0,0,0,0,0,0,0,0,,759,630,,0,0,0,0
1604119991651,8,1010123456042,74,,1,0,8,1,2,,20.1991,447,181951,0.99788,186,0,10.6,,4.8,50,0,0.1,20,60,0,2.68821,31,,772,608,,0,0,0,6.68
1604119991901,8,1010123456042,74,,1,0,8,1,2,,16.9583,432,182954,0.835952,177,0,9,,0,0,0,0,0,0,0,0,0,,757,626,,0,0,0,0
1604119992151,8,1010123456042,74,,1,0,8,1,2,,11.5477,283,183636,0.40302,114,0,9.25,,0,0,0,0,0,0,0,0,0,,755,464,,0,0,0,0
1604119992401,8,1010123456042,74,,1,0,8,1,2,,22.2712,236,183142,0.674602,93,0,12.2,,0,0,0,0,0,0,0,0,0,,760,354,,0,0,0,0
1604119992651,8,1010123456042,74,,1,0,8,1,2,,20.3242,293,183453,0.750297,121,0,11.2,,0.1,66,0,0.1,26,34.6154,0,2.21045,31,,752,448,,0,0,0,4.07576
1604119992901,8,1010123456042,74,,1,0,8,1,2,,17.6832,382,182702,0.770667,151,0,9.66667,,0,0,0,0,0,0,0,0,0,,766,570,,0,0,0,0
1604119993151,8,1010123456042,74,,1,0,8,1,2,,19.5372,363,180597,0.760546,146,0,10.75,,0,0,0,0,0,0,0,0,0,,765,492,,0,0,0,0
1604119993401,8,1010123456042,74,,1,0,8,1,2,,20.9142,373,183821,0.908369,155,0,11.4,,0,0,0,0,0,0,0,0,0,,770,510,,0,0,0,0
1604119993652,8,1010123456042,74,,1,0,8,1,2,,20.7338,417,180181,1.03242,164,0,9.6,,8.06061,33,0,0.1,16,75,0,5.81521,31,,767,604,,0,0,0,7.27273
1604119993901,8,1010123456042,74,,1,0,8,1,2,,15.3295,258,184622,0.503293,109,0,9.28571,,0,0,0,0,0,0,0,0,0,,754,410,,0,0,0,0
1604119994152,8,1010123456042,74,,1,0,8,1,2,,17.7728,405,182917,0.84688,163,0,9,,0,0,0,0,0,0,0,0,0,,756,598,,0,0,0,0
1604119994401,8,1010123456042,74,,1,0,8,1,2,,19.0146,410,180439,0.822008,163,0,10.5,,0,0,0,0,0,0,0,0,0,,764,540,,0,0,0,0
1604119994652,8,1010123456042,74,,1,0,8,1,2,,12.4623,305,183520,0.454976,126,0,6.16667,,2.57143,42,0,0.1,14,28.5714,0,2.33503,31,,758,466,,0,0,0,3.78571
1604119994902,8,1010123456042,74,,1,0,8,1,2,,18.3379,367,181563,0.752,144,0,9.5,,0,0,0,0,0,0,0,0,0,,766,552,,0,0,0,0
1604119995152,8,1010123456042,74,,1,0,8,1,2,,21.3165,455,178324,1.0976,186,0,11.6,,0,0,0,0,0,0,0,0,0,,769,620,,0,0,0,0
1604119995402,8,1010123456042,74,,1,0,8,1,2,,20.0238,421,179009,0.977664,172,0,10.6667,,0,0,0,0,0,0,0,0,0,,763,600,,0,0,0,0
1604119995652,8,1010123456042,74,,1,0,8,1,2,,19.2929,338,182495,0.757344,137,0,10.8333,,0.1,53,0,0.1,23,8.69565,0,1.87775,31,,750,506,,0,0,0,3.03774
1604119995902,8,1010123456042,74,,1,0,8,1,2,,21.3661,295,184185,0.828448,121,0,10,,0,0,0,0,0,0,0,0,0,,750,450,,0,0,0,0
1604119996151,8,1010123456042,74,,1,0,8,1,2,,18.3271,480,181756,0.910394,190,0,11,,0,0,0,0,0,0,0,0,0,,787,664,,0,0,0,0
1604119996401,8,1010123456042,74,,1,0,8,1,2,,20.4795,415,181397,0.941783,165,0,11.1667,,0,0,0,0,0,0,0,0,0,,753,578,,0,0,0,0
1604119996651,8,1010123456042,74,,1,0,8,1,2,,20.4413,349,183297,0.88559,145,0,11.6,,0.1,52,0,0.1,19,10.5263,0,2.15155,31,,754,518,,0,0,0,3.40385
1604119996901,8,1010123456042,74,,1,0,8,1,2,,19.2297,283,183563,0.761349,117,0,10.4,,0,0,0,0,0,0,0,0,0,,747,438,,0,0,0,0
1604119997151,8,1010123456042,74,,1,0,8,1,2,,21.3438,352,180587,0.930474,139,0,10.75,,0,0,0,0,0,0,0,0,0,,757,498,,0,0,0,0
1604119997401,8,1010123456042,74,,1,0,8,1,2,,21.2835,455,175593,1.16414,181,0,11.2,,0,0,0,0,0,0,0,0,0,,760,630,,0,0,0,0
1604119997651,8,1010123456042,74,,1,0,8,1,2,,18.8729,409,181224,0.818474,168,0,11,,0.1,53,0,0.1,22,0,0,2.13342,31,,769,542,,0,0,0,2.03774
1604119997901,8,1010123456042,74,,1,0,8,1,2,,21.9268,328,181235,0.898088,129,0,10,,0,0,0,0,0,0,0,0,0,,751,468,,0,0,0,0
1604119998151,8,1010123456042,74,,1,0,8,1,2,,19.1836,452,176047,1.01841,186,0,10.4,,0,0,0,0,0,0,0,0,0,,768,658,,0,0,0,0
1604119998401,8,1010123456042,74,,1,0,8,1,2,,18.8158,342,182675,0.705799,135,0,9.6,,0,0,0,0,0,0,0,0,0,,757,482,,0,0,0,0
1604119998651,8,1010123456042,74,,1,0,8,1,2,,22.4261,453,176324,1.19261,182,0,12.2,,0.1,54,0,0.1,23,4.34783,0,1.98755,31,,759,614,,0,0,0,2.55556
1604119998901,8,1010123456042,74,,1,0,8,1,2,,17.6585,407,180631,0.838779,165,0,8.4,,0,0,0,0,0,0,0,0,0,,782,604,,0,0,0,0
1604119999151,8,1010123456042,74,,1,0,8,1,2,,20.1331,496,174838,1.23785,205,0,8.8,,0,0,0,0,0,0,0,0,0,,758,694,,0,0,0,0
1604119999401,8,1010123456042,74,,1,0,8,1,2,,18.7167,360,179897,0.793478,145,0,10.2,,0.1,3,0,0.1,1,0,0,1.85861,31,,771,536,,0,0,0,1
1604119999651,8,1010123456042,74,,1,0,8,1,2,,22.2551,345,180802,0.956691,139,0,12.2,,5.6,40,0,0.1,16,56.25,0,3.52872,31,,755,496,,0,0,0,6.525
1604119999901,8,1010123456042,74,,1,0,8,1,2,,18.9925,400,177975,0.90943,156,0,10.1667,,0,0,0,0,0,0,0,0,0,,757,590,,0,0,0,0
1604120000151,8,1010123456042,74,,1,0,8,1,2,,20.4414,435,174500,1.11033,181,0,9.2,,0,0,0,0,0,0,0,0,0,,769,632,,0,0,0,0
1604120000401,8,1010123456042,74,,1,0,8,1,2,,18.6547,333,181040,0.756337,135,0,10.5,,0,0,0,0,0,0,0,0,0,,751,496,,0,0,0,0
1604120000652,8,1010123456042,74,,1,0,8,1,2,,18.862,384,183600,0.886656,159,0,9.2,,2.45455,44,0,0.1,16,31.25,0,3.13627,31,,754,552,,0,0,0,4.11364
1604120000901,8,1010123456042,74,,1,0,8,1,2,,20.4785,441,178997,1.06153,172,0,10.5,,0.1,3,0,0.1,1,0,0,2.71277,31,,777,620,,0,0,0,1
1604120001152,8,1010123456042,74,,1,0,8,1,2,,18.8356,517,177071,1.03818,207,0,9.5,,0,0,0,0,0,0,0,0,0,,783,696,,0,0,0,0
1604120001402,8,1010123456042,74,,1,0,8,1,2,,18.0872,413,180671,0.912352,168,0,8.5,,0,0,0,0,0,0,0,0,0,,761,590,,0,0,0,0
1604120001652,8,1010123456042,74,,1,0,8,1,2,,23.279,534,166462,1.43731,217,0,12.4,,0.1,55,0,0.1,23,17.3913,0,1.82601,31,,776,698,,0,0,0,3.63636
1604120001902,8,1010123456042,74,,1,0,8,1,2,,19.471,465,165594,1.00416,183,0,9.2,,0,0,0,0,0,0,0,0,0,,773,630,,0,0,0,0
1604120002152,8,1010123456042,74,,1,0,8,1,2,,22.8974,429,161087,1.15664,175,0,11.8333,,0,0,0,0,0,0,0,0,0,,783,566,,0,0,0,0
1604120002402,8,1010123456042,74,,1,0,8,1,2,,22.8101,495,150361,1.3064,197,0,12,,0,0,0,0,0,0,0,0,0,,770,672,,0,0,0,0
1604120002651,8,1010123456042,74,,1,0,8,1,2,,24.3877,521,132514,1.57892,208,0,12.8333,,0.1,49,0,0.1,20,0,0,2.35284,31,,765,712,,0,0,0,1.83673
1604120002902,8,1010123456042,74,,1,0,8,1,2,,17.9827,519,126915,1.1063,212,0,9.14286,,0,0,0,0,0,0,0,0,0,,781,792,,0,0,0,0
1604120003151,8,1010123456042,74,,1,0,8,1,2,,19.0146,549,121489,1.23798,222,0,7.4,,0,0,0,0,0,0,0,0,0,,794,782,,0,0,0,0
1604120003401,8,1010123456042,74,,1,0,8,1,2,,14.027,519,125792,0.799582,207,0,7.83333,,0,0,0,0,0,0,0,0,0,,799,804,,0,0,0,0
1604120003651,8,1010123456042,74,,1,0,8,1,2,,20.8997,598,112504,1.4461,240,0,11,,2.36066,61,0,0.1,25,16,0,2.58073,31,,786,820,,0,0,0,3.83607
1604120003901,8,1010123456042,74,,1,0,8,1,2,,20.8145,566,100722,1.38789,230,0,10.4286,,0,0,0,0,0,0,0,0,0,,818,790,,0,0,0,0
1604120004151,8,1010123456042,74,,1,0,8,1,2,,20.6055,550,91072,1.28575,221,0,10,,0,0,0,0,0,0,0,0,0,,792,782,,0,0,0,0
1604120004401,8,1010123456042,74,,1,0,8,1,2,,21.0466,601,79955,1.38895,243,0,11.2,,0.1,8,0,0.1,3,0,0,2.35495,31,,804,774,,0,0,0,1
1604120004651,8,1010123456042,74,,1,0,8,1,2,,18.1358,545,77514,1.03836,220,0,9.25,,1.32787,61,0,0.1,25,16,0,2.22254,31,,803,766,,0,0,0,3.55738
1604120004901,8,1010123456042,74,,1,0,8,1,2,,15.8741,564,81683,0.909558,226,0,8.33333,,0,0,0,0,0,0,0,0,0,,786,764,,0,0,0,0
1604120005151,8,1010123456042,74,,1,0,8,1,2,,21.3983,585,67549,1.48048,238,0,9.33333,,0,0,0,0,0,0,0,0,0,,785,794,,0,0,0,0
1604120005401,8,1010123456042,74,,1,0,8,1,2,,22.3533,583,51714,1.48858,232,0,12,,0,0,0,0,0,0,0,0,0,,798,780,,0,0,0,0
1604120005651,8,1010123456042,74,,1,0,8,1,2,,18.417,566,47260,1.13198,228,0,9.66667,,0.1,56,0,0.1,22,0,0,2.57655,31,,779,790,,0,0,0,1.60714
1604120005901,8,1010123456042,74,,1,0,8,1,2,,19.7873,583,34794,1.34573,236,0,10.3333,,0,0,0,0,0,0,0,0,0,,814,816,,0,0,0,0
1604120006151,8,1010123456042,74,,1,0,8,1,2,,17.286,535,33153,1.05308,211,0,7.4,,0,0,0,0,0,0,0,0,0,,795,786,,0,0,0,0
1604120006401,8,1010123456042,74,,1,0,8,1,2,,22.4893,609,15985,1.53716,246,0,12.25,,0,0,0,0,0,0,0,0,0,,807,796,,0,0,0,0
1604120006651,8,1010123456042,74,,1,0,8,1,2,,24.3685,521,1018,1.49953,211,0,12.8333,,0.375,48,0,0.1,19,0,0,3.19956,31,,675,674,,0,0,0,1.25
1604120006901,8,1010123456042,74,,1,0,8,1,2,,23.642,352,1015,0.978185,140,0,12.5714,,0,0,0,0,0,0,0,0,0,,457,464,,0,0,0,0
1604120007151,8,1010123456042,74,,1,0,8,1,2,,22.9712,382,1353,0.990201,154,0,12.3333,,0,0,0,0,0,0,0,0,0,,487,476,,0,0,0,0
1604120007401,8,1010123456042,74,,1,0,8,1,2,,25.8686,312,1065,0.98792,129,0,13.6667,,0,0,0,0,0,0,0,0,0,,387,416,,0,0,0,0
1604120007652,8,1010123456042,74,,1,0,8,1,2,,20.6497,354,5860,0.87664,143,0,11.3333,,9,44,0,0.1,18,66.6667,0,3.78017,31,,477,482,,0,0,0,7.61364
1604120007902,8,1010123456042,74,,1,0,8,1,2,,24.5052,384,1965,1.09232,155,0,13.1429,,0,0,0,0,0,0,0,0,0,,489,490,,0,0,0,0
1604120008152,8,1010123456042,74,,1,0,8,1,2,,22.8822,382,2089,0.989152,157,0,12,,0,2,0,0.1,1,0,0,0,31,,486,492,,0,0,0,0
1604120008402,8,1010123456042,74,,1,0,8,1,2,,23.7135,377,1189,1.00198,148,0,13.1667,,0,0,0,0,0,0,0,0,0,,510,480,,0,0,0,0
1604120008652,8,1010123456042,74,,1,0,8,1,2,,23.4932,367,1135,0.98928,151,0,13.3333,,15.3649,74,0,0.1,30,83.3333,0,6.20159,31,,512,468,,0,0,0,8.90541
1604120008902,8,1010123456042,74,,1,0,8,1,2,,23.7619,357,0,0.982656,143,0,13.1429,,15.8947,19,0,0.1,7,71.4286,0,7.10424,31,,473,464,,0,0,0,7.63158
1604120009151,8,1010123456042,74,,1,0,8,1,2,,23.0283,389,0,0.97751,155,0,12.6667,,0,0,0,0,0,0,0,0,0,,551,496,,0,0,0,0
1604120009401,8,1010123456042,74,,1,0,8,1,2,,23.2292,384,0,0.993125,152,0,12.8,,0,0,0,0,0,0,0,0,0,,499,488,,0,0,0,0
1604120009651,8,1010123456042,74,,1,0,8,1,2,,24.5237,380,0,0.983647,152,0,13.6667,,10.1667,84,0,0.1,35,57.1429,0,5.90368,31,,452,450,,0,0,0,5.96429
1604120009901,8,1010123456042,74,,1,0,8,1,2,,24.3957,374,356,0.993896,152,0,13.5714,,0,0,0,0,0,0,0,0,0,,484,458,,0,0,0,0
1604120010151,8,1010123456042,74,,1,0,8,1,2,,24.3276,409,225,0.994345,166,0,13.2,,0,0,0,0,0,0,0,0,0,,499,458,,0,0,0,0
1604120010401,8,1010123456042,74,,1,0,8,1,2,,23.4828,406,1501,0.961606,162,0,12.6667,,0,0,0,0,0,0,0,0,0,,517,454,,0,0,0,0
1604120010651,8,1010123456042,74,,1,0,8,1,2,,19.9866,446,1349,0.986024,178,0,11.5,,2.68085,47,0,0.1,19,10.5263,0,7.13133,31,,609,602,,0,0,0,1.87234
1604120010901,8,1010123456042,74,,1,0,8,1,2,,24.304,352,849,1.02432,146,0,13.2857,,0,0,0,0,0,0,0,0,0,,486,452,,0,0,0,0
1604120011151,8,1010123456042,74,,1,0,8,1,2,,24.2954,369,1189,0.981333,149,0,13.3333,,0,0,0,0,0,0,0,0,0,,456,454,,0,0,0,0
1604120011401,8,1010123456042,74,,1,0,8,1,2,,23.5915,377,1494,0.977574,153,0,13,,0,0,0,0,0,0,0,0,0,,491,470,,0,0,0,0
1604120011651,8,1010123456042,74,,1,0,8,1,2,,23.4125,400,2141,0.975036,160,0,12.8333,,0.742857,35,0,0.1,14,0,0,4.93495,31,,502,476,,0,0,0,1.08571
1604120011901,8,1010123456042,74,,1,0,8,1,2,,24.6604,371,0,1.00488,151,0,13.2857,,0,0,0,0,0,0,0,0,0,,528,454,,0,0,0,0
1604120012151,8,1010123456042,74,,1,0,8,1,2,,23.7973,370,134,0.987084,149,0,13.3333,,0.1,3,0,0.1,1,0,0,8.44312,31,,486,464,,0,0,0,1
1604120012401,8,1010123456042,74,,1,0,8,1,2,,23.9596,371,0,0.996851,149,0,13.1667,,0,0,0,0,0,0,0,0,0,,470,470,,0,0,0,0
1604120012651,8,1010123456042,74,,1,0,8,1,2,,22.682,412,0,0.993703,162,0,12.6667,,4.5,64,0,0.1,25,24,0,6.12734,31,,543,498,,0,0,0,3.34375
1604120012901,8,1010123456042,74,,1,0,8,1,2,,22.5627,391,217,0.983454,155,0,12.8571,,0,0,0,0,0,0,0,0,0,,520,498,,0,0,0,0
1604120013151,8,1010123456042,74,,1,0,8,1,2,,22.8564,390,393,0.993189,154,0,12.8333,,0,0,0,0,0,0,0,0,0,,511,496,,0,0,0,0
1604120013401,8,1010123456042,74,,1,0,8,1,2,,23.9808,364,350,0.992225,149,0,13.2,,0,0,0,0,0,0,0,0,0,,469,460,,0,0,0,0
1604120013652,8,1010123456042,74,,1,0,8,1,2,,24.2451,359,1008,0.963712,147,0,13.5,,4.52174,69,0,0.1,27,29.6296,0,3.95203,31,,492,444,,0,0,0,3.68116
1604120013901,8,1010123456042,74,,1,0,8,1,2,,23.5387,375,695,1.00209,150,0,12.8571,,0,0,0,0,0,0,0,0,0,,498,482,,0,0,0,0
1604120014151,8,1010123456042,74,,1,0,8,1,2,,24.2676,370,1245,0.998426,145,0,13.3333,,0,2,0,0.1,1,0,0,0,31,,480,454,,0,0,0,0
1604120014401,8,1010123456042,74,,1,0,8,1,2,,24.1322,348,1137,0.988369,141,0,13.1667,,0,0,0,0,0,0,0,0,0,,483,462,,0,0,0,0
1604120014651,8,1010123456042,74,,1,0,8,1,2,,24.4113,355,1433,0.977382,141,0,13.3333,,0.1,52,0,0.1,21,0,0,4.11136,31,,496,444,,0,0,0,1
1604120014902,8,1010123456042,74,,1,0,8,1,2,,23.6561,346,876,0.955584,141,0,13,,0,0,0,0,0,0,0,0,0,,497,452,,0,0,0,0
1604120015152,8,1010123456042,74,,1,0,8,1,2,,22.6832,404,0,1.01302,159,0,12.5,,0,0,0,0,0,0,0,0,0,,547,520,,0,0,0,0
1604120015402,8,1010123456042,74,,1,0,8,1,2,,24.2752,396,0,0.985472,160,0,13.1667,,0,0,0,0,0,0,0,0,0,,483,460,,0,0,0,0
1604120015651,8,1010123456042,74,,1,0,8,1,2,,24.4462,372,13,0.982972,154,0,13.5,,3.68627,51,0,0.1,21,19.0476,0,5.04898,31,,518,450,,0,0,0,2.94118
1604120015901,8,1010123456042,74,,1,0,8,1,2,,23.9358,374,240,0.993157,149,0,13.2857,,0,0,0,0,0,0,0,0,0,,443,460,,0,0,0,0
1604120016151,8,1010123456042,74,,1,0,8,1,2,,24.1884,345,569,0.990908,140,0,13.1667,,0,0,0,0,0,0,0,0,0,,455,448,,0,0,0,0
1604120016401,8,1010123456042,74,,1,0,8,1,2,,24.3668,368,697,0.991422,149,0,13.2,,0,0,0,0,0,0,0,0,0,,468,460,,0,0,0,0
1604120016651,8,1010123456042,74,,1,0,8,1,2,,24.3183,377,993,0.986892,151,0,13.5,,1.61905,42,0,0.1,17,0,0,7.63733,31,,468,448,,0,0,0,1.09524
1604120016901,8,1010123456042,74,,1,0,8,1,2,,24.297,394,1054,0.990008,159,0,13.4286,,0,2,0,0.1,1,0,0,0,31,,468,446,,0,0,0,0
1604120017151,8,1010123456042,74,,1,0,8,1,2,,23.8978,362,1382,0.979181,144,0,13.5,,0,0,0,0,0,0,0,0,0,,471,458,,0,0,0,0
1604120017401,8,1010123456042,74,,1,0,8,1,2,,24.0587,358,1433,0.985928,145,0,13.3333,,2,3,0,0.1,1,0,0,2.48036,31,,487,462,,0,0,0,1
1604120017651,8,1010123456042,74,,1,0,8,1,2,,24.0109,366,0,0.997269,148,0,13,,0.367347,49,0,0.1,20,0,0,4.91284,31,,474,454,,0,0,0,1.12245
1604120017901,8,1010123456042,74,,1,0,8,1,2,,23.9462,372,0,0.986217,146,0,13.5714,,0,0,0,0,0,0,0,0,0,,504,460,,0,0,0,0
1604120018151,8,1010123456042,74,,1,0,8,1,2,,25.456,318,1088,0.941462,123,0,13.3333,,0,0,0,0,0,0,0,0,0,,472,408,,0,0,0,0
1604120018401,8,1010123456042,74,,1,0,8,1,2,,24.4876,363,105,1.02069,152,0,13.5,,0.1,3,0,0.1,1,0,0,6.35552,31,,452,468,,0,0,0,1
1604120018651,8,1010123456042,74,,1,0,8,1,2,,23.4694,360,57,0.99306,147,0,13,,1.63636,44,0,0.1,17,0,0,9.00721,31,,471,476,,0,0,0,1
1604120018901,8,1010123456042,74,,1,0,8,1,2,,24.2888,374,409,0.992707,150,0,13.5,,0,0,0,0,0,0,0,0,0,,468,454,,0,0,0,0
1604120019152,8,1010123456042,74,,1,0,8,1,2,,24.651,361,584,0.975392,147,0,13.6667,,15.75,16,0,0.1,6,83.3333,0,10.4843,31,,448,440,,0,0,0,8.3125
1604120019401,8,1010123456042,74,,1,0,8,1,2,,23.986,357,539,1.0054,146,0,13.3333,,0,4,0,0,2,100,0,0,0,,496,464,,0,0,0,0
1604120019651,8,1010123456042,74,,1,0,8,1,2,,23.3809,378,893,0.98959,154,0,13,,0.76,50,0,0.1,20,0,0,6.15604,31,,488,484,,0,0,0,1
1604120019902,8,1010123456042,74,,1,0,8,1,2,,24.6359,423,1535,0.955168,171,0,13.4286,,0,0,0,0,0,0,0,0,0,,568,430,,0,0,0,0
1604120020152,8,1010123456042,74,,1,0,8,1,2,,24.573,363,1044,1.01267,148,0,13.6667,,0,0,0,0,0,0,0,0,0,,456,450,,0,0,0,0
1604120020402,8,1010123456042,74,,1,0,8,1,2,,24.4799,373,1119,0.982368,149,0,13.6667,,0,0,0,0,0,0,0,0,0,,449,444,,0,0,0,0
1604120020652,8,1010123456042,74,,1,0,8,1,2,,24.7581,372,1011,0.952864,150,0,13.3333,,13.875,16,0,0.1,6,66.6667,0,6.52651,31,,463,428,,0,0,0,7.875
1604120020901,8,1010123456042,74,,1,0,8,1,2,,24.5952,378,0,1.01176,151,0,13.4286,,0.1,3,0,0.1,1,0,0,4.1273,31,,477,468,,0,0,0,1
1604120021152,8,1010123456042,74,,1,0,8,1,2,,24.1356,376,0,0.9888,149,0,13.3333,,0,0,0,0,0,0,0,0,0,,444,458,,0,0,0,0
1604120021402,8,1010123456042,74,,1,0,8,1,2,,24.2594,374,503,0.979552,154,0,13.5,,0,0,0,0,0,0,0,0,0,,455,450,,0,0,0,0
1604120021652,8,1010123456042,74,,1,0,8,1,2,,24.624,367,0,0.983968,147,0,13.6667,,2.44828,29,0,0.1,11,0,0,10.5048,31,,463,462,,0,0,0,1
1604120021902,8,1010123456042,74,,1,0,8,1,2,,24.5674,356,713,0.988,145,0,13.4286,,12.1875,16,0,0.1,6,66.6667,0,8.26089,31,,457,438,,0,0,0,6.625
1604120022151,8,1010123456042,74,,1,0,8,1,2,,23.3367,392,654,0.990104,154,0,13,,0,0,0,0,0,0,0,0,0,,496,484,,0,0,0,0
1604120022401,8,1010123456042,74,,1,0,8,1,2,,23.9521,376,766,0.986474,148,0,13.5,,0,0,0,0,0,0,0,0,0,,457,456,,0,0,0,0
1604120022651,8,1010123456042,74,,1,0,8,1,2,,24.6809,376,1086,0.992193,152,0,13.5,,1.34884,43,0,0.1,18,0,0,5.92708,31,,465,446,,0,0,0,1
1604120022901,8,1010123456042,74,,1,0,8,1,2,,24.1894,396,993,0.980755,156,0,13.5714,,0.1,3,0,0.1,1,0,0,1.95383,31,,479,456,,0,0,0,1
1604120023151,8,1010123456042,74,,1,0,8,1,2,,23.8455,369,1312,0.989783,148,0,13.1667,,0,0,0,0,0,0,0,0,0,,496,468,,0,0,0,0
1604120023401,8,1010123456042,74,,1,0,8,1,2,,23.2962,395,1433,0.988145,158,0,12.75,,0,0,0,0,0,0,0,0,0,,468,478,,0,0,0,0
1604120023651,8,1010123456042,74,,1,0,8,1,2,,19.9134,404,3882,0.894554,158,0,11.8333,,2.03846,52,0,0.1,22,9.09091,0,6.98376,31,,537,512,,0,0,0,1.69231
1604120023901,8,1010123456042,74,,1,0,8,1,2,,24.2395,430,0,1.09022,177,0,13.4286,,0,0,0,0,0,0,0,0,0,,537,506,,0,0,0,0
1604120024151,8,1010123456042,74,,1,0,8,1,2,,24.4433,388,0,0.982426,150,0,13.3333,,10.9091,11,0,0.1,5,80,0,4.88,0,,492,450,,0,0,0,7.54545
1604120024401,8,1010123456042,74,,1,0,8,1,2,,24.0964,363,257,0.988016,149,0,13.1667,,0,0,0,0,0,0,0,0,0,,472,460,,0,0,0,0
1604120024651,8,1010123456042,74,,1,0,8,1,2,,24.4128,407,244,0.993671,162,0,13.5,,2.25806,62,0,0.1,25,16,0,4.80987,31,,460,456,,0,0,0,2.16129
1604120024901,8,1010123456042,74,,1,0,8,1,2,,24.6989,382,817,0.993671,156,0,13.8571,,0,0,0,0,0,0,0,0,0,,452,438,,0,0,0,0
1604120025151,8,1010123456042,74,,1,0,8,1,2,,24.5984,371,1317,0.950715,148,0,13.5,,0.1,3,0,0.1,1,0,0,1.1807,31,,445,442,,0,0,0,1
1604120025401,8,1010123456042,74,,1,0,8,1,2,,24.7382,382,880,1.01362,155,0,13.3333,,0,0,0,0,0,0,0,0,0,,440,450,,0,0,0,0
1604120025651,8,1010123456042,74,,1,0,8,1,2,,23.1279,438,856,1.00141,176,0,12.5,,0.428571,56,0,0.1,22,0,0,4.60706,31,,513,496,,0,0,0,1.10714
1604120025902,8,1010123456042,74,,1,0,8,1,2,,24.5496,373,967,0.979488,151,0,13.7143,,0,0,0,0,0,0,0,0,0,,463,442,,0,0,0,0
1604120026152,8,1010123456042,74,,1,0,8,1,2,,24.3954,387,991,0.995776,153,0,13.1667,,0,0,0,0,0,0,0,0,0,,476,450,,0,0,0,0
1604120026401,8,1010123456042,74,,1,0,8,1,2,,24.6031,383,1135,0.988305,157,0,13.1667,,0,2,0,0.1,1,0,0,0,31,,460,452,,0,0,0,0
1604120026651,8,1010123456042,74,,1,0,8,1,2,,23.3556,405,0,0.990715,163,0,13,,0.634146,41,0,0.1,17,0,0,3.91394,31,,499,476,,0,0,0,1
1604120026901,8,1010123456042,74,,1,0,8,1,2,,22.449,392,0,0.99261,158,0,12.5,,0,0,0,0,0,0,0,0,0,,570,510,,0,0,0,0
1604120027152,8,1010123456042,74,,1,0,8,1,2,,23.6753,385,1027,0.950368,152,0,13,,0,2,0,0.1,1,0,0,0,31,,463,452,,0,0,0,0
1604120027402,8,1010123456042,74,,1,0,8,1,2,,24.4883,383,154,1.01251,152,0,13.1667,,0,10,0,0.1,5,80,0,0,31,,485,466,,0,0,0,0
1604120027651,8,1010123456042,74,,1,0,8,1,2,,24.5774,362,288,0.987855,147,0,13.3333,,6.31111,45,0,0.1,19,31.5789,0,7.56286,31,,449,444,,0,0,0,3.55556
1604120027902,8,1010123456042,74,,1,0,8,1,2,,23.815,400,348,0.989664,163,0,13,,0.8,5,0,0.1,2,0,0,15.2703,31,,476,468,,0,0,0,1
1604120028152,8,1010123456042,74,,1,0,8,1,2,,23.9796,392,644,0.9816,157,0,13,,0,0,0,0,0,0,0,0,0,,496,454,,0,0,0,0
1604120028402,8,1010123456042,74,,1,0,8,1,2,,23.5765,366,1295,0.95648,146,0,13.3333,,0,0,0,0,0,0,0,0,0,,488,466,,0,0,0,0
1604120028651,8,1010123456042,74,,1,0,8,1,2,,24.1806,360,993,1.01115,149,0,13.1667,,16,9,0,0,4,100,0,6.73136,0,,516,468,,0,0,0,10
1604120028901,8,1010123456042,74,,1,0,8,1,2,,24.019,369,1114,0.988016,148,0,12.8571,,3.91892,37,0,0.1,15,26.6667,0,9.12521,31,,500,466,,0,0,0,3.18919
1604120029151,8,1010123456042,74,,1,0,8,1,2,,22.1502,406,1942,0.985767,168,0,12.3333,,0,0,0,0,0,0,0,0,0,,515,508,,0,0,0,0
1604120029401,8,1010123456042,74,,1,0,8,1,2,,23.3415,366,1433,0.998137,150,0,13,,0,0,0,0,0,0,0,0,0,,510,484,,0,0,0,0
1604120029651,8,1010123456042,74,,1,0,8,1,2,,19.9426,383,4042,0.888835,152,0,11.1667,,12,98,0,0.1129,40,60,0,8.50675,31,,530,534,,0,0,0,6.34694
1604120029901,8,1010123456042,74,,1,0,8,1,2,,23.5207,434,0,1.09269,175,0,12.7143,,0,0,0,0,0,0,0,0,0,,544,538,,0,0,0,0
1604120030151,8,1010123456042,74,,1,0,8,1,2,,23.3113,379,206,0.981847,152,0,12.8333,,0,0,0,0,0,0,0,0,0,,475,476,,0,0,0,0
1604120030401,8,1010123456042,74,,1,0,8,1,2,,22.439,369,265,0.992161,152,0,12.5,,0,0,0,0,0,0,0,0,0,,525,504,,0,0,0,0
1604120030651,8,1010123456042,74,,1,0,8,1,2,,23.0763,367,430,0.992225,152,0,13,,12.75,16,0,0.1,7,57.1429,0,11.1497,31,,494,486,,0,0,0,5.5
1604120030901,8,1010123456042,74,,1,0,8,1,2,,23.6517,379,401,0.993349,153,0,13.1429,,0.1,3,0,0.1,1,0,0,5.35481,31,,458,462,,0,0,0,1
1604120031151,8,1010123456042,74,,1,0,8,1,2,,24.058,379,942,0.988723,150,0,13,,0,2,0,0.1,1,0,0,0,31,,451,454,,0,0,0,0
1604120031401,8,1010123456042,74,,1,0,8,1,2,,22.8226,389,1019,0.980177,153,0,12.5,,0.1,3,0,0.1,1,0,0,4.35752,31,,516,498,,0,0,0,1
1604120031651,8,1010123456042,74,,1,0,8,1,2,,22.9421,397,1137,0.997398,163,0,12.8333,,3.44,50,0,0.1,20,10,0,9.51193,31,,484,488,,0,0,0,2.4
1604120031901,8,1010123456042,74,,1,0,8,1,2,,23.8525,373,1358,0.968771,144,0,13.2857,,0,0,0,0,0,0,0,0,0,,501,454,,0,0,0,0
1604120032151,8,1010123456042,74,,1,0,8,1,2,,23.5564,408,1137,1.00058,165,0,12.8333,,0,0,0,0,0,0,0,0,0,,521,478,,0,0,0,0
1604120032401,8,1010123456042,74,,1,0,8,1,2,,22.8886,395,0,0.989687,160,0,12.6667,,0,0,0,0,0,0,0,0,0,,515,490,,0,0,0,0
1604120032651,8,1010123456042,74,,1,0,4,1,2,,22.7773,238,14400,0.525301,93,0,12.3333,,12.3333,18,0,0.1,8,37.5,0,9.23556,31,,376,266,,0,0,0,4.88889
1604120032901,8,1010123456042,74,,1,0,4,1,2,,24.3453,139,37038,0.2711,62,0,12.5714,,0,0,0,0,0,0,0,0,0,,250,114,,0,0,0,0
1604120033151,8,1010123456042,74,,1,0,4,1,2,,23.443,158,59238,0.262297,64,0,10.6667,,0,0,0,0,0,0,0,0,0,,250,142,,0,0,0,0
1604120033402,8,1010123456042,74,,1,0,4,1,2,,23.165,200,79555,0.316512,79,0,12.5,,0,0,0,0,0,0,0,0,0,,250,182,,0,0,0,0
1604120033652,8,1010123456042,74,,1,0,4,1,2,,18.8653,193,102247,0.250112,78,0,10.6667,,6.87273,55,0,0.1,21,38.0952,0,6.8807,31,,250,154,,0,0,0,4.32727
1604120033901,8,1010123456042,74,,1,0,4,1,2,,21.3691,233,122564,0.311293,89,0,11.7143,,0,0,0,0,0,0,0,0,0,,250,186,,0,0,0,0
1604120034152,8,1010123456042,74,,1,0,4,1,2,,22.9747,198,143363,0.30432,78,0,12.5,,0,0,0,0,0,0,0,0,0,,250,156,,0,0,0,0
1604120034402,8,1010123456042,74,,1,0,4,1,2,,22.6747,166,165770,0.26304,68,0,12.1667,,0,0,0,0,0,0,0,0,0,,250,132,,0,0,0,0
1604120034652,8,1010123456042,74,,1,0,4,1,2,,22.453,181,183270,0.284032,74,0,12,,1.08571,35,0,0.1,15,0,0,5.88773,31,,250,144,,0,0,0,1
1604120034902,8,1010123456042,74,,1,0,4,1,2,,23.4822,309,183661,0.501952,122,0,12.2857,,0,0,0,0,0,0,0,0,0,,250,248,,0,0,0,0
1604120035151,8,1010123456042,74,,1,0,4,1,2,,22.196,250,183703,0.374651,101,0,11.8,,0,0,0,0,0,0,0,0,0,,250,206,,0,0,0,0
1604120035401,8,1010123456042,74,,1,0,4,1,2,,23.2921,267,182929,0.458538,112,0,12.1667,,0,0,0,0,0,0,0,0,0,,250,222,,0,0,0,0
1604120035651,8,1010123456042,74,,1,0,4,1,2,,22.6418,268,183068,0.409285,107,0,12,,8.33846,65,0,0.1,25,48,0,6.57694,31,,249,220,,0,0,0,5.46154
1604120035901,8,1010123456042,74,,1,0,4,1,2,,24.1749,303,182907,0.549526,128,0,12.4286,,0,0,0,0,0,0,0,0,0,,250,246,,0,0,0,0
1604120036151,8,1010123456042,74,,1,0,4,1,2,,21.8127,283,183339,0.407518,112,0,11.5,,0,0,0,0,0,0,0,0,0,,249,226,,0,0,0,0
1604120036401,8,1010123456042,74,,1,0,4,1,2,,23.3056,324,182985,0.526169,129,0,12.1667,,0,0,0,0,0,0,0,0,0,,250,262,,0,0,0,0
1604120036651,8,1010123456042,74,,1,0,4,1,2,,24.3077,325,184256,0.582008,135,0,12.5,,6.28571,35,0,0.1,14,35.7143,0,4.82016,31,,250,266,,0,0,0,4.31429
1604120036901,8,1010123456042,74,,1,0,4,1,2,,24.392,301,183198,0.510104,117,0,12.4286,,0,0,0,0,0,0,0,0,0,,250,236,,0,0,0,0
1604120037151,8,1010123456042,74,,1,0,4,1,2,,23.6078,334,183885,0.56559,136,0,12.3333,,0,0,0,0,0,0,0,0,0,,250,264,,0,0,0,0
1604120037401,8,1010123456042,74,,1,0,4,1,2,,22.5272,239,184032,0.360803,94,0,11.8333,,0,0,0,0,0,0,0,0,0,,250,196,,0,0,0,0
1604120037651,8,1010123456042,74,,1,0,4,1,2,,23.1018,275,183452,0.448289,113,0,12.1667,,5.07143,28,0,0.1,12,25,0,6.23647,31,,250,224,,0,0,0,3.67857
1604120037901,8,1010123456042,74,,1,0,4,1,2,,24.6507,292,183588,0.522442,117,0,12.5714,,0,0,0,0,0,0,0,0,0,,250,234,,0,0,0,0
1604120038151,8,1010123456042,74,,1,0,4,1,2,,24.0142,212,184037,0.379791,89,0,12.6667,,0,0,0,0,0,0,0,0,0,,250,172,,0,0,0,0
1604120038401,8,1010123456042,74,,1,0,4,1,2,,24.6265,249,183649,0.425928,97,0,12.8333,,0,0,0,0,0,0,0,0,0,,250,200,,0,0,0,0
1604120038651,8,1010123456042,74,,1,0,4,1,2,,24.4765,319,183925,0.57298,130,0,12.6667,,5.90476,21,0,0.1,9,44.4444,0,8.72866,31,,250,256,,0,0,0,4.57143
1604120038901,8,1010123456042,74,,1,0,4,1,2,,24.5921,228,183191,0.390811,88,0,13.1429,,0,0,0,0,0,0,0,0,0,,251,182,,0,0,0,0
1604120039151,8,1010123456042,74,,1,0,4,1,2,,23.7477,321,183126,0.537542,129,0,12.3333,,0,0,0,0,0,0,0,0,0,,250,254,,0,0,0,0
1604120039401,8,1010123456042,74,,1,0,4,1,2,,23.5587,315,183286,0.514538,125,0,12,,0,0,0,0,0,0,0,0,0,,250,252,,0,0,0,0
1604120039651,8,1010123456042,74,,1,0,4,1,2,,23.3174,334,183798,0.538924,134,0,12,,3.79487,39,0,0.1,18,22.2222,0,5.35858,31,,250,274,,0,0,0,2.61538
1604120039901,8,1010123456042,74,,1,0,4,1,2,,22.5871,264,183203,0.427631,110,0,11.8571,,0,0,0,0,0,0,0,0,0,,250,210,,0,0,0,0
1604120040152,8,1010123456042,74,,1,0,4,1,2,,23.4377,249,183907,0.387776,96,0,10.3333,,0,0,0,0,0,0,0,0,0,,250,230,,0,0,0,0
1604120040401,8,1010123456042,74,,1,0,4,1,2,,22.9747,237,183534,0.394763,99,0,12,,0,0,0,0,0,0,0,0,0,,250,198,,0,0,0,0
1604120040652,8,1010123456042,74,,1,0,4,1,2,,23.0472,254,184352,0.407232,102,0,9.83333,,6.72289,83,0,0.1,33,48.4848,0,5.21445,31,,250,244,,0,0,0,5.44578
1604120040902,8,1010123456042,74,,1,0,4,1,2,,20.5254,177,184412,0.253088,77,0,9.5,,0,0,0,0,0,0,0,0,0,,250,150,,0,0,0,0
1604120041152,8,1010123456042,74,,1,0,4,1,2,,21.1429,105,184418,0.142656,42,0,9.2,,0,0,0,0,0,0,0,0,0,,250,128,,0,0,0,0
1604120041401,8,1010123456042,74,,1,0,4,1,2,,22.1579,114,183928,0.159711,43,0,8.33333,,0,0,0,0,0,0,0,0,0,,250,118,,0,0,0,0
1604120041651,8,1010123456042,74,,1,0,4,1,2,,16.8462,104,183753,0.0997912,40,0,10.25,,4,34,0,0.1,15,33.3333,0,7.01888,31,,250,94,,0,0,0,4.05882
1604120041901,8,1010123456042,74,,1,0,4,1,2,,20.5202,173,182767,0.211663,66,0,11,,0,0,0,0,0,0,0,0,0,,250,138,,0,0,0,0
1604120042151,8,1010123456042,74,,1,0,4,1,2,,21.806,299,183866,0.454008,125,0,11.6,,0,0,0,0,0,0,0,0,0,,250,242,,0,0,0,0
1604120042401,8,1010123456042,74,,1,0,4,1,2,,22.2103,233,183361,0.334458,90,0,10,,0,0,0,0,0,0,0,0,0,,250,232,,0,0,0,0
1604120042651,8,1010123456042,74,,1,0,4,1,2,,21.7581,215,184185,0.314281,86,0,11.6,,2.54545,33,0,0.1,13,30.7692,0,3.71926,31,,249,168,,0,0,0,4.54545
1604120042901,8,1010123456042,74,,1,0,4,1,2,,22.6481,233,183652,0.364177,95,0,9.83333,,0,0,0,0,0,0,0,0,0,,250,186,,0,0,0,0
1604120043151,8,1010123456042,74,,1,0,4,1,2,,21.9708,171,183135,0.243631,67,0,9.6,,0,0,0,0,0,0,0,0,0,,250,188,,0,0,0,0
1604120043401,8,1010123456042,74,,1,0,4,1,2,,21.5758,165,183329,0.241896,67,0,10.1667,,0,0,0,0,0,0,0,0,0,,250,160,,0,0,0,0
1604120043651,8,1010123456042,74,,1,0,4,1,2,,23.5769,156,184090,0.264482,64,0,10.8333,,9.14286,7,0,0.1,3,0,0,20.0318,31,,250,148,,0,0,0,1
1604120043901,8,1010123456042,74,,1,0,4,1,2,,23.8622,225,184256,0.360771,85,0,12.5,,0,0,0,0,0,0,0,0,0,,250,206,,0,0,0,0
1604120044151,8,1010123456042,74,,1,0,4,1,2,,22.8636,242,184620,0.373076,96,0,12.3333,,0,0,0,0,0,0,0,0,0,,250,190,,0,0,0,0
1604120044401,8,1010123456042,74,,1,0,4,1,2,,22.3448,116,183721,0.178988,47,0,8.33333,,0,0,0,0,0,0,0,0,0,,250,136,,0,0,0,0
1604120044651,8,1010123456042,74,,1,0,4,1,2,,23.5707,198,183998,0.31955,78,0,11,,8.8125,16,0,0.1,7,57.1429,0,8.90386,31,,250,184,,0,0,0,5.6875
1604120044901,8,1010123456042,74,,1,0,4,1,2,,22.2603,146,183010,0.22898,59,0,10.8571,,0,0,0,0,0,0,0,0,0,,250,128,,0,0,0,0
1604120045151,8,1010123456042,74,,1,0,4,1,2,,25.0196,255,183578,0.461558,102,0,13,,0,0,0,0,0,0,0,0,0,,250,202,,0,0,0,0
1604120045401,8,1010123456042,74,,1,0,4,1,2,,23.4118,153,184608,0.256482,63,0,10.3333,,0,0,0,0,0,0,0,0,0,,251,154,,0,0,0,0
1604120045652,8,1010123456042,74,,1,0,4,1,2,,21.9689,193,184304,0.292256,77,0,11.6667,,7.30435,23,0,0.1,10,20,0,9.13013,31,,250,172,,0,0,0,3.17391
1604120045901,8,1010123456042,74,,1,0,4,1,2,,22.2772,202,183645,0.308241,80,0,13,,0,0,0,0,0,0,0,0,0,,250,158,,0,0,0,0
1604120046151,8,1010123456042,74,,1,0,4,1,2,,25.1837,196,184269,0.352161,77,0,13,,0,0,0,0,0,0,0,0,0,,250,158,,0,0,0,0
1604120046402,8,1010123456042,74,,1,0,4,1,2,,23.4153,236,183799,0.399808,98,0,12.4,,0,0,0,0,0,0,0,0,0,,250,194,,0,0,0,0
1604120046651,8,1010123456042,74,,1,0,4,1,2,,22.2359,195,183916,0.282699,75,0,12,,4.62963,27,0,0.1,11,9.09091,0,8.35106,31,,250,152,,0,0,0,2.03704
1604120046902,8,1010123456042,74,,1,0,4,1,2,,24.0925,346,183364,0.577568,137,0,12.4286,,0,0,0,0,0,0,0,0,0,,250,276,,0,0,0,0
1604120047152,8,1010123456042,74,,1,0,4,1,2,,25.322,118,184028,0.234464,51,0,11.1667,,0,0,0,0,0,0,0,0,0,,250,100,,0,0,0,0
1604120047402,8,1010123456042,74,,1,0,4,1,2,,24.4788,165,183389,0.287296,66,0,12.8,,0,0,0,0,0,0,0,0,0,,250,140,,0,0,0,0
1604120047651,8,1010123456042,74,,1,0,4,1,2,,24.0186,161,183697,0.282667,66,0,11,,3.09091,33,0,0.1,12,0,0,8.13047,31,,250,154,,0,0,0,1.27273
1604120047901,8,1010123456042,74,,1,0,4,1,2,,24.7915,331,183292,0.573687,128,0,12.6667,,0,0,0,0,0,0,0,0,0,,250,264,,0,0,0,0
1604120048151,8,1010123456042,74,,1,0,4,1,2,,24.2357,297,183666,0.506924,118,0,12.6667,,0,0,0,0,0,0,0,0,0,,249,234,,0,0,0,0
1604120048401,8,1010123456042,74,,1,0,4,1,2,,25.434,288,183530,0.533173,115,0,12.8333,,0,0,0,0,0,0,0,0,0,,251,228,,0,0,0,0
1604120048651,8,1010123456042,74,,1,0,4,1,2,,25.0932,311,183597,0.574137,126,0,12.8333,,8.5,8,0,0.1,3,0,0,15.0866,31,,249,250,,0,0,0,1.25
1604120048901,8,1010123456042,74,,1,0,4,1,2,,15.0066,151,183384,0.169092,63,0,10.4286,,0,0,0,0,0,0,0,0,0,,249,120,,0,0,0,0
1604120049151,8,1010123456042,74,,1,0,4,1,2,,22.2632,209,184103,0.296867,80,0,10.2,,0,0,0,0,0,0,0,0,0,,250,200,,0,0,0,0
1604120049401,8,1010123456042,74,,1,0,4,1,2,,22.1106,208,183443,0.313189,82,0,12,,0,0,0,0,0,0,0,0,0,,250,162,,0,0,0,0
1604120049651,8,1010123456042,74,,1,0,4,1,2,,23.257,249,184265,0.398361,99,0,12.6,,0.9,40,0,0.1,17,0,0,6.17965,31,,250,200,,0,0,0,1.05
1604120049901,8,1010123456042,74,,1,0,4,1,2,,23.8663,187,183527,0.320643,76,0,12.7143,,0,0,0,0,0,0,0,0,0,,250,148,,0,0,0,0
1604120050151,8,1010123456042,74,,1,0,4,1,2,,23.0336,149,183646,0.227631,57,0,10.5,,0,0,0,0,0,0,0,0,0,,249,142,,0,0,0,0
1604120050401,8,1010123456042,74,,1,0,4,1,2,,22.4426,183,183705,0.295004,78,0,12.1667,,0,0,0,0,0,0,0,0,0,,250,150,,0,0,0,0
1604120050651,8,1010123456042,74,,1,0,4,1,2,,23.5427,164,184016,0.2729,66,0,12.5,,6.41667,48,0,0.1,19,31.5789,0,7.49471,31,,250,134,,0,0,0,4.35417
1604120050901,8,1010123456042,74,,1,0,4,1,2,,22.2989,184,183883,0.287582,73,0,10.4286,,0,0,0,0,0,0,0,0,0,,250,172,,0,0,0,0
1604120051151,8,1010123456042,74,,1,0,4,1,2,,22.5075,201,183040,0.305992,80,0,12.3333,,0,0,0,0,0,0,0,0,0,,250,164,,0,0,0,0
1604120051401,8,1010123456042,74,,1,0,4,1,2,,23.5788,292,183076,0.482602,117,0,12.3333,,0,0,0,0,0,0,0,0,0,,250,230,,0,0,0,0
1604120051651,8,1010123456042,74,,1,0,4,1,2,,21.555,191,183560,0.280161,78,0,12.25,,5.25,20,0,0.1,8,0,0,9.18984,31,,250,152,,0,0,0,1.4
1604120051901,8,1010123456042,74,,1,0,4,1,2,,22.445,200,184032,0.310779,79,0,10.5714,,0,0,0,0,0,0,0,0,0,,251,194,,0,0,0,0
1604120052151,8,1010123456042,74,,1,0,4,1,2,,23.4257,202,184078,0.331727,81,0,10.4,,0,0,0,0,0,0,0,0,0,,250,178,,0,0,0,0
1604120052402,8,1010123456042,74,,1,0,4,1,2,,23.9664,268,184513,0.469472,111,0,12.5,,0,0,0,0,0,0,0,0,0,,250,218,,0,0,0,0
1604120052651,8,1010123456042,74,,1,0,4,1,2,,23.593,258,184209,0.414233,101,0,10.6667,,13,16,0,0.1,6,66.6667,0,9.48199,31,,250,244,,0,0,0,7.75
1604120052901,8,1010123456042,74,,1,0,4,1,2,,19.8621,232,183681,0.326329,93,0,11.5714,,0,0,0,0,0,0,0,0,0,,250,178,,0,0,0,0
1604120053152,8,1010123456042,74,,1,0,4,1,2,,24.1548,155,182826,0.262176,61,0,10.8333,,0,0,0,0,0,0,0,0,0,,250,154,,0,0,0,0
1604120053402,8,1010123456042,74,,1,0,4,1,2,,24.2882,229,183485,0.407872,94,0,12.8333,,0,0,0,0,0,0,0,0,0,,250,188,,0,0,0,0
1604120053652,8,1010123456042,74,,1,0,4,1,2,,23.2678,239,183283,0.37856,94,0,12.3333,,1.52941,34,0,0.1,13,0,0,5.69989,31,,250,192,,0,0,0,1.08824
1604120053902,8,1010123456042,74,,1,0,4,1,2,,23.6804,194,183530,0.330624,80,0,11.1429,,0,0,0,0,0,0,0,0,0,,250,186,,0,0,0,0
1604120054152,8,1010123456042,74,,1,0,4,1,2,,25.0388,258,183673,0.46176,102,0,13,,0,0,0,0,0,0,0,0,0,,250,208,,0,0,0,0
1604120054401,8,1010123456042,74,,1,0,4,1,2,,23.7692,208,184087,0.37494,90,0,12.6667,,0,0,0,0,0,0,0,0,0,,250,176,,0,0,0,0
1604120054651,8,1010123456042,74,,1,0,4,1,2,,24.0204,196,183787,0.346635,81,0,12.6667,,1.76,25,0,0.1,11,0,0,5.7512,31,,250,164,,0,0,0,1.24
1604120054901,8,1010123456042,74,,1,0,4,1,2,,23.5158,190,184393,0.320835,78,0,12.1429,,0,0,0,0,0,0,0,0,0,,250,150,,0,0,0,0
1604120055151,8,1010123456042,74,,1,0,4,1,2,,22.4912,114,183353,0.17796,47,0,12.5,,0,0,0,0,0,0,0,0,0,,250,94,,0,0,0,0
1604120055401,8,1010123456042,74,,1,0,4,1,2,,22.3452,84,183777,0.130088,33,0,10,,0,0,0,0,0,0,0,0,0,,250,88,,0,0,0,0
1604120055651,8,1010123456042,74,,1,0,4,1,2,,24.1532,124,184506,0.213655,50,0,10.6,,3.82353,34,0,0.1,15,6.66667,0,6.96616,31,,249,112,,0,0,0,1.64706
1604120055901,8,1010123456042,74,,1,0,4,1,2,,23.8397,156,183474,0.273767,65,0,11.1429,,0,0,0,0,0,0,0,0,0,,250,164,,0,0,0,0
1604120056151,8,1010123456042,74,,1,0,4,1,2,,22.5266,169,184116,0.264514,69,0,12.3333,,0,0,0,0,0,0,0,0,0,,250,138,,0,0,0,0
1604120056401,8,1010123456042,74,,1,0,4,1,2,,23.8012,171,183779,0.30188,72,0,12.6667,,0,0,0,0,0,0,0,0,0,,250,142,,0,0,0,0
1604120056651,8,1010123456042,74,,1,0,4,1,2,,23.0652,184,183641,0.286972,72,0,12.5,,4.14815,27,0,0.1,10,0,0,9.71583,31,,250,146,,0,0,0,1
1604120056901,8,1010123456042,74,,1,0,4,1,2,,25.0511,313,183896,0.548916,121,0,12.8571,,0,0,0,0,0,0,0,0,0,,250,248,,0,0,0,0
1604120057151,8,1010123456042,74,,1,0,4,1,2,,25.788,349,182737,0.656932,139,0,13,,0,0,0,0,0,0,0,0,0,,250,278,,0,0,0,0
1604120057401,8,1010123456042,74,,1,0,4,1,2,,25.5287,174,183952,0.351325,75,0,13,,0,0,0,0,0,0,0,0,0,,250,146,,0,0,0,0
1604120057651,8,1010123456042,74,,1,0,4,1,2,,24.6667,63,183480,0.11547,26,0,13.1667,,3.06383,47,0,0.1,18,11.1111,0,7.93468,31,,250,50,,0,0,0,2.21277
1604120057901,8,1010123456042,74,,1,0,4,1,2,,25.4211,76,183728,0.138988,30,0,12,,12,6,0,0.1,2,50,0,9.72872,0,,250,58,,0,0,0,5.5
1604120058151,8,1010123456042,74,,1,0,4,1,2,,22.4474,114,183657,0.193863,48,0,13.1667,,0,0,0,0,0,0,0,0,0,,250,96,,0,0,0,0
1604120058401,8,1010123456042,74,,1,0,4,1,2,,24.5989,177,184113,0.309912,70,0,13.1667,,0,0,0,0,0,0,0,0,0,,250,144,,0,0,0,0
1604120058651,8,1010123456042,74,,1,0,4,1,2,,24.6465,198,183465,0.351968,79,0,13.1667,,6.58333,12,0,0.1,5,0,0,11.3242,31,,251,160,,0,0,0,1.16667
1604120058902,8,1010123456042,74,,1,0,4,1,2,,26.2324,185,184097,0.366208,76,0,13.5714,,0,0,0,0,0,0,0,0,0,,250,148,,0,0,0,0
1604120059152,8,1010123456042,74,,1,0,4,1,2,,25.4286,140,183729,0.245792,53,0,11.1667,,0,0,0,0,0,0,0,0,0,,250,126,,0,0,0,0
1604120059401,8,1010123456042,74,,1,0,4,1,2,,25.3367,196,183977,0.373108,81,0,13.3333,,0,0,0,0,0,0,0,0,0,,250,162,,0,0,0,0
1604120059652,8,1010123456042,74,,1,0,4,1,2,,24.0253,158,182984,0.270464,64,0,12.8333,,8.15517,58,0,0.1,23,39.1304,0,7.24885,31,,250,128,,0,0,0,4.91379
1604120059901,8,1010123456042,74,,1,0,4,1,2,,24.3013,156,183265,0.276819,64,0,13,,0,0,0,0,0,0,0,0,0,,250,128,,0,0,0,0
1604120060152,8,1010123456042,74,,1,0,4,1,2,,25.0833,192,184183,0.349472,77,0,13.3333,,0,0,0,0,0,0,0,0,0,,250,154,,0,0,0,0
1604120060402,8,1010123456042,74,,1,0,4,1,2,,24.7789,190,183897,0.338048,76,0,13.1667,,0,0,0,0,0,0,0,0,0,,250,154,,0,0,0,0
1604120060651,8,1010123456042,74,,1,0,4,1,2,,24.625,200,183635,0.355245,81,0,13.2,,3.5,28,0,0.1,12,8.33333,0,5.76711,31,,249,156,,0,0,0,1.82143
1604120060902,8,1010123456042,74,,1,0,4,1,2,,22.3854,192,183493,0.290464,77,0,12.5,,0,0,0,0,0,0,0,0,0,,250,154,,0,0,0,0
1604120061151,8,1010123456042,74,,1,0,4,1,2,,24.5103,194,183476,0.324948,74,0,13,,0,0,0,0,0,0,0,0,0,,249,152,,0,0,0,0
1604120061401,8,1010123456042,74,,1,0,4,1,2,,25.7236,246,183604,0.464514,98,0,13.5,,0,0,0,0,0,0,0,0,0,,250,200,,0,0,0,0
1604120061651,8,1010123456042,74,,1,0,4,1,2,,25.989,273,183828,0.519486,109,0,13.3333,,2.46154,26,0,0.1,10,0,0,7.90258,31,,250,216,,0,0,0,1.19231
1604120061901,8,1010123456042,74,,1,0,4,1,2,,25.6452,248,184140,0.466988,99,0,13.2857,,0,0,0,0,0,0,0,0,0,,250,198,,0,0,0,0
1604120062151,8,1010123456042,74,,1,0,4,1,2,,24.3851,161,183045,0.274345,63,0,13,,0,0,0,0,0,0,0,0,0,,249,126,,0,0,0,0
1604120062401,8,1010123456042,74,,1,0,4,1,2,,25.7402,204,182869,0.385606,82,0,13.5,,0,0,0,0,0,0,0,0,0,,250,164,,0,0,0,0
1604120062651,8,1010123456042,74,,1,0,4,1,2,,25.6774,186,184020,0.340819,72,0,13.5,,8.47619,21,0,0.1,9,22.2222,0,9.87231,31,,250,146,,0,0,0,3
1604120062901,8,1010123456042,74,,1,0,4,1,2,,26.0625,256,183324,0.501622,105,0,13.4286,,0,0,0,0,0,0,0,0,0,,250,208,,0,0,0,0
1604120063151,8,1010123456042,74,,1,0,4,1,2,,24.845,271,183087,0.47788,106,0,12.8333,,0,0,0,0,0,0,0,0,0,,250,216,,0,0,0,0
1604120063401,8,1010123456042,74,,1,0,4,1,2,,24.2679,224,184193,0.409799,95,0,12.8333,,0,0,0,0,0,0,0,0,0,,250,182,,0,0,0,0
1604120063651,8,1010123456042,74,,1,0,4,1,2,,25.8474,249,184089,0.463743,98,0,13.5,,3.60714,28,0,0.1,12,0,0,10.7551,31,,250,202,,0,0,0,1.14286
1604120063901,8,1010123456042,74,,1,0,4,1,2,,25.9355,279,183905,0.524787,110,0,13.5714,,0,0,0,0,0,0,0,0,0,,250,222,,0,0,0,0
1604120064151,8,1010123456042,74,,1,0,4,1,2,,25.2049,205,184081,0.391743,85,0,13.1667,,0,0,0,0,0,0,0,0,0,,250,166,,0,0,0,0
1604120064401,8,1010123456042,74,,1,0,4,1,2,,24.3636,286,184350,0.507631,116,0,12.8333,,0,0,0,0,0,0,0,0,0,,250,234,,0,0,0,0
1604120064651,8,1010123456042,74,,1,0,4,1,2,,24.6216,222,183872,0.394699,89,0,13,,8.20588,68,0,0.1,27,33.3333,0,8.85033,31,,250,180,,0,0,0,4.22059
1604120064901,8,1010123456042,74,,1,0,4,1,2,,25.7125,327,183057,0.60559,129,0,13.2857,,0,0,0,0,0,0,0,0,0,,250,254,,0,0,0,0
1604120065151,8,1010123456042,74,,1,0,4,1,2,,23.6224,196,183082,0.337157,82,0,12.6667,,0,0,0,0,0,0,0,0,0,,251,162,,0,0,0,0
1604120065401,8,1010123456042,74,,1,0,4,1,2,,23.8721,172,184002,0.309108,73,0,12.6667,,0,0,0,0,0,0,0,0,0,,250,144,,0,0,0,0
1604120065652,8,1010123456042,74,,1,0,4,1,2,,23.8429,191,184026,0.327488,78,0,13,,2.0625,32,0,0.1,14,0,0,6.44284,31,,250,158,,0,0,0,1.65625
1604120065901,8,1010123456042,74,,1,0,4,1,2,,24.5597,243,183993,0.434602,99,0,13,,0,0,0,0,0,0,0,0,0,,250,196,,0,0,0,0
1604120066152,8,1010123456042,74,,1,0,4,1,2,,24.8889,189,183497,0.348096,78,0,13.1667,,0,0,0,0,0,0,0,0,0,,250,156,,0,0,0,0
1604120066402,8,1010123456042,74,,1,0,4,1,2,,24.6949,295,183289,0.518432,117,0,12.6667,,0,0,0,0,0,0,0,0,0,,250,240,,0,0,0,0
1604120066652,8,1010123456042,74,,1,0,4,1,2,,23.4024,246,183783,0.414016,102,0,12.3333,,5.25,56,0,0.1,23,21.7391,0,9.71496,31,,250,202,,0,0,0,3.33929
1604120066902,8,1010123456042,74,,1,0,4,1,2,,24.2174,207,184447,0.370496,86,0,12.7143,,0,0,0,0,0,0,0,0,0,,250,166,,0,0,0,0
1604120067151,8,1010123456042,74,,1,0,4,1,2,,24.0095,105,183242,0.183357,43,0,12.6667,,0,0,0,0,0,0,0,0,0,,250,86,,0,0,0,0
1604120067401,8,1010123456042,74,,1,0,4,1,2,,23.9424,191,183715,0.309751,73,0,12.8333,,0,0,0,0,0,0,0,0,0,,250,152,,0,0,0,0
1604120067651,8,1010123456042,74,,1,0,4,1,2,,24.4749,259,183355,0.430104,99,0,12.6667,,4.36364,22,0,0.1,9,0,0,8.41094,31,,249,200,,0,0,0,1.27273
1604120067901,8,1010123456042,74,,1,0,4,1,2,,23.9859,284,182257,0.460209,108,0,12.4286,,0,0,0,0,0,0,0,0,0,,250,220,,0,0,0,0
1604120068151,8,1010123456042,74,,1,0,4,1,2,,24.7609,297,183336,0.547181,123,0,12.8333,,0,0,0,0,0,0,0,0,0,,250,240,,0,0,0,0
1604120068401,8,1010123456042,74,,1,0,4,1,2,,24.4646,325,183695,0.549494,127,0,12.3333,,0,0,0,0,0,0,0,0,0,,250,258,,0,0,0,0
1604120068651,8,1010123456042,74,,1,0,4,1,2,,23.8662,142,183638,0.256129,60,0,12.8333,,6.04878,41,0,0.1,16,12.5,0,9.89867,31,,250,114,,0,0,0,2.73171
1604120068901,8,1010123456042,74,,1,0,4,1,2,,23.9721,215,184409,0.360514,85,0,12.8571,,0,0,0,0,0,0,0,0,0,,250,168,,0,0,0,0
1604120069151,8,1010123456042,74,,1,0,4,1,2,,23.3622,185,183716,0.2969,73,0,12.6,,0,0,0,0,0,0,0,0,0,,250,152,,0,0,0,0
1604120069401,8,1010123456042,74,,1,0,4,1,2,,23.5709,268,183738,0.431293,104,0,12.3333,,0,0,0,0,0,0,0,0,0,,250,208,,0,0,0,0
1604120069651,8,1010123456042,74,,1,0,4,1,2,,23.7895,342,183296,0.574394,138,0,12.3333,,10.75,16,0,0.1,7,71.4286,0,8.16027,31,,250,280,,0,0,0,6.8125
1604120069901,8,1010123456042,74,,1,0,4,1,2,,24.106,302,183570,0.525333,123,0,12.4286,,0,0,0,0,0,0,0,0,0,,250,242,,0,0,0,0
1604120070151,8,1010123456042,74,,1,0,4,1,2,,24.6111,288,184048,0.507823,114,0,12.5,,0,0,0,0,0,0,0,0,0,,250,230,,0,0,0,0
1604120070401,8,1010123456042,74,,1,0,4,1,2,,22.9675,277,183547,0.443823,114,0,12.3333,,0,0,0,0,0,0,0,0,0,,250,226,,0,0,0,0
1604120070651,8,1010123456042,74,,1,0,4,1,2,,24.3344,317,183740,0.564755,130,0,12.5,,10.8571,14,0,0.1,6,66.6667,0,8.90019,31,,250,260,,0,0,0,6.35714
1604120070901,8,1010123456042,74,,1,0,4,1,2,,24.107,299,184032,0.525944,122,0,12.4286,,0,0,0,0,0,0,0,0,0,,250,240,,0,0,0,0
1604120071151,8,1010123456042,74,,1,0,4,1,2,,22.2335,197,183906,0.298153,80,0,11.8333,,0,0,0,0,0,0,0,0,0,,250,156,,0,0,0,0
1604120071401,8,1010123456042,74,,1,0,4,1,2,,22.4973,187,183927,0.281639,74,0,11.8333,,0,0,0,0,0,0,0,0,0,,250,150,,0,0,0,0
1604120071652,8,1010123456042,74,,1,0,4,1,2,,23.5391,230,183904,0.375264,91,0,12.1667,,12.4103,39,0,0.1,16,56.25,0,8.97128,31,,251,186,,0,0,0,5.84615
1604120071901,8,1010123456042,74,,1,0,4,1,2,,23.5701,107,184469,0.179149,44,0,12.1429,,0,0,0,0,0,0,0,0,0,,250,84,,0,0,0,0
1604120072151,8,1010123456042,74,,1,0,4,1,2,,23.3849,291,183176,0.458667,112,0,12.3333,,0,0,0,0,0,0,0,0,0,,250,232,,0,0,0,0
1604120072401,8,1010123456042,74,,1,0,4,1,2,,22.5167,240,183884,0.346506,93,0,12.1667,,0,0,0,0,0,0,0,0,0,,250,188,,0,0,0,0
1604120072652,8,1010123456042,74,,1,0,4,1,2,,22.6274,212,183837,0.353216,90,0,11.8333,,1.15152,33,0,0.1,14,0,0,6.94848,31,,250,174,,0,0,0,1
1604120072902,8,1010123456042,74,,1,0,4,1,2,,23.3481,293,183633,0.474688,118,0,12.2857,,0,0,0,0,0,0,0,0,0,,250,238,,0,0,0,0
1604120073152,8,1010123456042,74,,1,0,4,1,2,,22.7905,296,184286,0.469664,121,0,12,,0,0,0,0,0,0,0,0,0,,250,234,,0,0,0,0
1604120073402,8,1010123456042,74,,1,0,4,1,2,,22.4844,256,183891,0.382848,100,0,11.8333,,0,0,0,0,0,0,0,0,0,,250,208,,0,0,0,0
1604120073651,8,1010123456042,74,,1,0,4,1,2,,21.7227,256,183022,0.366811,101,0,11.5,,4.77419,62,0,0.1,26,26.9231,0,9.08166,31,,250,198,,0,0,0,3.06452
1604120073901,8,1010123456042,74,,1,0,4,1,2,,22.2558,215,183287,0.327679,87,0,11.6,,0,0,0,0,0,0,0,0,0,,249,172,,0,0,0,0
1604120074151,8,1010123456042,74,,1,0,4,1,2,,20.9277,83,184246,0.11457,34,0,11.6667,,0,0,0,0,0,0,0,0,0,,249,66,,0,0,0,0
1604120074401,8,1010123456042,74,,1,0,4,1,2,,21.2833,60,183304,0.0762731,22,0,11.5,,0,0,0,0,0,0,0,0,0,,249,46,,0,0,0,0
1604120074651,8,1010123456042,74,,1,0,4,1,2,,21.7347,98,183287,0.143422,40,0,11.8333,,2.35714,28,0,0.1,11,0,0,9.39794,31,,249,80,,0,0,0,1.21429
1604120074901,8,1010123456042,74,,1,0,4,1,2,,21.3375,80,184251,0.114795,33,0,11.5714,,0,0,0,0,0,0,0,0,0,,250,64,,0,0,0,0
1604120075151,8,1010123456042,74,,1,0,4,1,2,,22.8375,80,183380,0.124402,32,0,10.5,,0,0,0,0,0,0,0,0,0,,249,68,,0,0,0,0
1604120075401,8,1010123456042,74,,1,0,4,1,2,,22.6296,54,183831,0.07049,18,0,12,,0,0,0,0,0,0,0,0,0,,250,44,,0,0,0,0
1604120075651,8,1010123456042,74,,1,0,4,1,2,,24.0072,276,183786,0.469205,112,0,12.5,,1.69444,36,0,0.1,15,0,0,10.5281,31,,250,224,,0,0,0,1
1604120075901,8,1010123456042,74,,1,0,4,1,2,,23.0357,280,183492,0.449928,112,0,12,,0,0,0,0,0,0,0,0,0,,250,222,,0,0,0,0
1604120076151,8,1010123456042,74,,1,0,4,1,2,,19.5914,301,184155,0.396594,121,0,10.5,,0,0,0,0,0,0,0,0,0,,250,248,,0,0,0,0
1604120076401,8,1010123456042,74,,1,0,4,1,2,,23.8859,333,183294,0.568675,136,0,12.3333,,0,0,0,0,0,0,0,0,0,,250,262,,0,0,0,0
1604120076651,8,1010123456042,74,,1,0,4,1,2,,22.4884,129,183203,0.193382,51,0,12.1667,,8.72727,11,0,0.1,5,0,0,12.1552,31,,250,102,,0,0,0,1.81818
1604120076901,8,1010123456042,74,,1,0,4,1,2,,21.8133,75,184024,0.116048,32,0,12.1429,,0,0,0,0,0,0,0,0,0,,250,64,,0,0,0,0
1604120077151,8,1010123456042,74,,1,0,4,1,2,,22.1429,70,183761,0.102394,27,0,11.8333,,0,0,0,0,0,0,0,0,0,,250,56,,0,0,0,0
1604120077401,8,1010123456042,74,,1,0,4,1,2,,21.977,87,183985,0.142104,39,0,12,,0,0,0,0,0,0,0,0,0,,250,74,,0,0,0,0
1604120077651,8,1010123456042,74,,1,0,4,1,2,,22.4478,67,183664,0.106153,28,0,12.1667,,7.18182,11,0,0.1,5,0,0,9.29227,31,,250,56,,0,0,0,1.18182
1604120077901,8,1010123456042,74,,1,0,4,1,2,,22.0872,195,183880,0.266313,73,0,11.7143,,0,0,0,0,0,0,0,0,0,,250,152,,0,0,0,0
1604120078152,8,1010123456042,74,,1,0,4,1,2,,22.6644,146,184444,0.23168,60,0,11.5,,0,0,0,0,0,0,0,0,0,,251,114,,0,0,0,0
1604120078401,8,1010123456042,74,,1,0,4,1,2,,21.6622,74,184195,0.103743,29,0,11.6667,,0,0,0,0,0,0,0,0,0,,250,58,,0,0,0,0
1604120078652,8,1010123456042,74,,1,0,4,1,2,,21.3735,83,183490,0.110208,32,0,11.6667,,7.46154,13,0,0.1,5,0,0,11.9414,31,,250,68,,0,0,0,1.15385
1604120078902,8,1010123456042,74,,1,0,4,1,2,,23.2985,134,183978,0.21728,54,0,12.7143,,0,0,0,0,0,0,0,0,0,,250,110,,0,0,0,0
1604120079152,8,1010123456042,74,,1,0,4,1,2,,22.4,80,184656,0.128832,34,0,12.3333,,0,0,0,0,0,0,0,0,0,,250,64,,0,0,0,0
1604120079402,8,1010123456042,74,,1,0,4,1,2,,21.6889,90,183519,0.131072,36,0,11.8333,,0,0,0,0,0,0,0,0,0,,250,74,,0,0,0,0
1604120079652,8,1010123456042,74,,1,0,4,1,2,,21.7559,295,183704,0.416896,116,0,11.6667,,7.28125,32,0,0.1,13,30.7692,0,10.9057,31,,250,234,,0,0,0,3.4375
1604120079902,8,1010123456042,74,,1,0,4,1,2,,20.9516,289,183757,0.374528,112,0,11.4286,,0,0,0,0,0,0,0,0,0,,250,226,,0,0,0,0
1604120080151,8,1010123456042,74,,1,0,4,1,2,,22.0438,365,183230,0.539952,146,0,11.6667,,0,0,0,0,0,0,0,0,0,,250,296,,0,0,0,0
1604120080401,8,1010123456042,74,,1,0,4,1,2,,21.1238,323,183629,0.466056,131,0,10.8333,,0,0,0,0,0,0,0,0,0,,250,262,,0,0,0,0
1604120080651,8,1010123456042,74,,1,0,4,1,2,,22.1775,231,183297,0.341333,92,0,11.8333,,3.13043,23,0,0.1,10,0,0,7.76759,31,,249,182,,0,0,0,1.08696
1604120080901,8,1010123456042,74,,1,0,4,1,2,,23.2943,333,183835,0.557269,137,0,12.1429,,0,0,0,0,0,0,0,0,0,,250,272,,0,0,0,0
1604120081151,8,1010123456042,74,,1,0,4,1,2,,24.3952,377,182723,0.648418,150,0,12.5,,0,0,0,0,0,0,0,0,0,,250,302,,0,0,0,0
1604120081401,8,1010123456042,74,,1,0,4,1,2,,23.1462,212,183626,0.369831,91,0,12.3333,,0,0,0,0,0,0,0,0,0,,250,176,,0,0,0,0
1604120081651,8,1010123456042,74,,1,0,4,1,2,,24.6074,298,183452,0.530924,121,0,12.6667,,14,15,0,0.1,6,66.6667,0,7.70045,31,,250,240,,0,0,0,7.6
1604120081901,8,1010123456042,74,,1,0,4,1,2,,24.3488,301,182994,0.515695,119,0,12.5714,,0,0,0,0,0,0,0,0,0,,250,248,,0,0,0,0
1604120082151,8,1010123456042,74,,1,0,4,1,2,,23.0685,219,183989,0.372466,93,0,12.3333,,0,0,0,0,0,0,0,0,0,,250,176,,0,0,0,0
1604120082401,8,1010123456042,74,,1,0,4,1,2,,24.7634,279,184604,0.479711,107,0,12.6667,,0,0,0,0,0,0,0,0,0,,250,226,,0,0,0,0
1604120082651,8,1010123456042,74,,1,0,4,1,2,,23.8128,203,184093,0.369735,88,0,12.5,,9.82143,28,0,0.1,12,66.6667,0,10.5903,31,,250,166,,0,0,0,7.10714
1604120082901,8,1010123456042,74,,1,0,4,1,2,,22.6541,318,183260,0.492402,126,0,11.8571,,0.1,3,0,0.1,1,0,0,22.8954,31,,250,258,,0,0,0,1
1604120083151,8,1010123456042,74,,1,0,4,1,2,,22.2072,222,183476,0.326908,87,0,12,,15,3,0,0.1,1,0,0,18.8809,31,,250,176,,0,0,0,1
1604120083401,8,1010123456042,74,,1,0,4,1,2,,23.8871,310,183717,0.516755,124,0,12.4,,0,0,0,0,0,0,0,0,0,,250,244,,0,0,0,0
1604120083651,8,1010123456042,74,,1,0,4,1,2,,23.4774,243,183005,0.415904,101,0,12.1667,,13.4167,24,0,0.1,10,70,0,7.07053,31,,250,198,,0,0,0,7.75
1604120083901,8,1010123456042,74,,1,0,4,1,2,,23.2781,338,183960,0.534747,132,0,12.2857,,0,0,0,0,0,0,0,0,0,,250,266,,0,0,0,0
1604120084151,8,1010123456042,74,,1,0,4,1,2,,23.1322,348,184048,0.562763,140,0,11.8333,,0,0,0,0,0,0,0,0,0,,250,284,,0,0,0,0
1604120084401,8,1010123456042,74,,1,0,4,1,2,,23.0732,355,182820,0.551839,140,0,12,,0,0,0,0,0,0,0,0,0,,250,284,,0,0,0,0
1604120084651,8,1010123456042,74,,1,0,4,1,2,,22.8994,358,183226,0.57992,146,0,11.6,,7.90476,42,0,0.1,16,31.25,0,9.2206,31,,250,284,,0,0,0,4.64286
1604120084901,8,1010123456042,74,,1,0,4,1,2,,22.5138,325,183751,0.498442,130,0,11.7143,,0,0,0,0,0,0,0,0,0,,251,264,,0,0,0,0
1604120085152,8,1010123456042,74,,1,0,4,1,2,,22.6143,350,184525,0.551488,142,0,11.6667,,0,0,0,0,0,0,0,0,0,,250,282,,0,0,0,0
1604120085402,8,1010123456042,74,,1,0,4,1,2,,21.0776,219,183977,0.303936,90,0,11.5,,0,0,0,0,0,0,0,0,0,,250,180,,0,0,0,0
1604120085652,8,1010123456042,74,,1,0,4,1,2,,21.0733,191,183496,0.262976,78,0,11.5,,10.4286,21,0,0.1,9,33.3333,0,10.5765,31,,250,150,,0,0,0,4.33333
1604120085902,8,1010123456042,74,,1,0,4,1,2,,22.2434,189,183387,0.28896,78,0,12,,0,0,0,0,0,0,0,0,0,,250,156,,0,0,0,0
1604120086152,8,1010123456042,74,,1,0,4,1,2,,22.1255,247,183586,0.373664,101,0,11.6667,,0,0,0,0,0,0,0,0,0,,250,202,,0,0,0,0
1604120086402,8,1010123456042,74,,1,0,4,1,2,,20.5051,196,183157,0.252864,78,0,11.3333,,0,0,0,0,0,0,0,0,0,,250,156,,0,0,0,0
1604120086651,8,1010123456042,74,,1,0,4,1,2,,20.36,175,183784,0.218602,68,0,11,,6.33333,21,0,0.1,8,0,0,12.6458,31,,249,136,,0,0,0,1
1604120086901,8,1010123456042,74,,1,0,4,1,2,,20.6985,262,183560,0.342618,104,0,11,,0,0,0,0,0,0,0,0,0,,250,208,,0,0,0,0
1604120087151,8,1010123456042,74,,1,0,4,1,2,,20.0703,185,183798,0.225157,72,0,11,,0,0,0,0,0,0,0,0,0,,249,148,,0,0,0,0
1604120087401,8,1010123456042,74,,1,0,4,1,2,,20.5385,273,182949,0.363502,112,0,11,,0,0,0,0,0,0,0,0,0,,251,226,,0,0,0,0
1604120087651,8,1010123456042,74,,1,0,4,1,2,,20.6488,299,184145,0.391679,119,0,11,,15.619,42,0,0.1,18,77.7778,0,8.27832,31,,249,236,,0,0,0,8.57143
1604120087901,8,1010123456042,74,,1,0,4,1,2,,19.4872,78,184177,0.101333,34,0,10.8571,,0,0,0,0,0,0,0,0,0,,250,64,,0,0,0,0
1604120088151,8,1010123456042,74,,1,0,4,1,2,,21.2162,111,183774,0.160225,47,0,11.6667,,0,0,0,0,0,0,0,0,0,,250,92,,0,0,0,0
1604120088401,8,1010123456042,74,,1,0,4,1,2,,19.6429,70,184134,0.0840482,28,0,10.8,,0,0,0,0,0,0,0,0,0,,250,56,,0,0,0,0
1604120088651,8,1010123456042,74,,1,0,4,1,2,,20.2824,85,183756,0.102297,32,0,11,,4.6,40,487,0.1,15,13.3333,0,9.83453,31,,249,68,,0,0,0,3.025
1604120088901,8,1010123456042,74,,1,0,4,1,2,,20.3,80,183471,0.10853,34,0,9.71429,,8.36364,22,0,0.1,8,37.5,0,9.40212,0,,250,86,,0,0,0,4.68182
1604120089151,8,1010123456042,74,,1,0,4,1,2,,19.8095,84,183228,0.104225,34,0,10.8,,0,0,0,0,0,0,0,0,0,,250,68,,0,0,0,0
1604120089401,8,1010123456042,74,,1,0,4,1,2,,20.1019,108,183298,0.144643,46,0,11,,0.1,3,0,0.1,1,0,0,14.9122,31,,250,90,,0,0,0,1
1604120089651,8,1010123456042,74,,1,0,4,1,2,,20.4919,124,183889,0.154988,48,0,11,,6.34286,35,0,0.1,15,33.3333,0,7.12964,31,,250,106,,0,0,0,3.82857
1604120089901,8,1010123456042,74,,1,0,4,1,2,,18.5099,253,183479,0.299309,102,0,10,,0,0,0,0,0,0,0,0,0,,250,206,,0,0,0,0
1604120090151,8,1010123456042,74,,1,0,4,1,2,,17.8553,228,184039,0.277751,97,0,9.83333,,0,0,0,0,0,0,0,0,0,,250,190,,0,0,0,0
1604120090401,8,1010123456042,74,,1,0,4,1,2,,20.4906,212,184196,0.287904,89,0,9.5,,0,0,0,0,0,0,0,0,0,,250,212,,0,0,0,0
1604120090651,8,1010123456042,74,,1,0,4,1,2,,21.892,324,183785,0.484819,134,0,11.3333,,3.88889,54,0,0.1,22,22.7273,0,5.79667,31,,250,272,,0,0,0,2.74074
1604120090901,8,1010123456042,74,,1,0,4,1,2,,20.53,300,183354,0.409349,121,0,10.1429,,0,0,0,0,0,0,0,0,0,,250,240,,0,0,0,0
1604120091151,8,1010123456042,74,,1,0,4,1,2,,19.1473,292,183914,0.352964,116,0,11.3333,,0,0,0,0,0,0,0,0,0,,250,234,,0,0,0,0
1604120091402,8,1010123456042,74,,1,0,4,1,2,,20.656,250,184124,0.334272,102,0,11,,0,0,0,0,0,0,0,0,0,,251,200,,0,0,0,0
1604120091652,8,1010123456042,74,,1,0,4,1,2,,20.8746,335,183608,0.44304,133,0,11,,10.8571,14,0,0.1,6,66.6667,0,8.99183,31,,250,268,,0,0,0,6.14286
1604120091902,8,1010123456042,74,,1,0,4,1,2,,21.1159,371,183979,0.500096,148,0,11,,0,0,0,0,0,0,0,0,0,,250,302,,0,0,0,0
1604120092152,8,1010123456042,74,,1,0,4,1,2,,20.8808,302,183326,0.410976,123,0,11,,0,0,0,0,0,0,0,0,0,,250,242,,0,0,0,0
1604120092402,8,1010123456042,74,,1,0,4,1,2,,20.0884,181,183647,0.231488,74,0,11,,0,0,0,0,0,0,0,0,0,,250,146,,0,0,0,0
1604120092651,8,1010123456042,74,,1,0,4,1,2,,20.2254,213,184176,0.266924,84,0,11,,7.27778,18,0,0.1,7,14.2857,0,12.4308,31,,249,170,,0,0,0,2.5
1604120092901,8,1010123456042,74,,1,0,4,1,2,,20.0116,172,183572,0.224643,72,0,11,,0,0,0,0,0,0,0,0,0,,251,138,,0,0,0,0
1604120093151,8,1010123456042,74,,1,0,4,1,2,,21,257,183175,0.33555,100,0,11.3333,,0,2,0,0.1,1,0,0,0,31,,249,204,,0,0,0,0
1604120093401,8,1010123456042,74,,1,0,4,1,2,,21.3926,326,183934,0.448129,128,0,11,,14.6,5,0,0.1,2,0,0,22.5711,31,,251,260,,0,0,0,1
1604120093651,8,1010123456042,74,,1,0,6,1,2,,20.383,436,184051,0.577831,179,0,11,,15,12,0,0,4,100,0,6.41989,0,,405,354,,0,0,0,10
1604120093901,8,1010123456042,74,,1,0,6,1,2,,20.2358,246,184507,0.318908,100,0,11,,0.25,8,0,0.1,3,0,0,10.864,31,,500,202,,0,0,0,1
1604120094151,8,1010123456042,74,,1,0,6,1,2,,20.3967,426,183702,0.556145,172,0,11,,0,0,0,0,0,0,0,0,0,,498,340,,0,0,0,0
1604120094401,8,1010123456042,74,,1,0,6,1,2,,20.248,375,183574,0.483438,151,0,10.8333,,0,0,0,0,0,0,0,0,0,,500,304,,0,0,0,0
1604120094651,8,1010123456042,74,,1,0,6,1,2,,19.5749,247,184554,0.309944,103,0,11,,13.3636,44,0,0.111422,18,44.4444,0,10.714,31,,500,200,,0,0,0,5.31818
1604120094901,8,1010123456042,74,,1,0,6,1,2,,19.8981,216,183667,0.263486,85,0,11,,0,0,0,0,0,0,0,0,0,,500,174,,0,0,0,0
1604120095151,8,1010123456042,74,,1,0,6,1,2,,20.0271,369,183649,0.465928,148,0,11,,0,0,0,0,0,0,0,0,0,,500,304,,0,0,0,0
1604120095401,8,1010123456042,74,,1,0,6,1,2,,20.5585,487,183151,0.647807,197,0,11,,0,0,0,0,0,0,0,0,0,,500,390,,0,0,0,0
1604120095651,8,1010123456042,74,,1,0,6,1,2,,20.2134,253,183496,0.312064,99,0,11,,8.03333,30,0,0.1,12,0,0,12.0067,31,,500,204,,0,0,0,1.26667
1604120095901,8,1010123456042,74,,1,0,6,1,2,,20.4531,245,183785,0.342876,106,0,11,,0,0,0,0,0,0,0,0,0,,500,202,,0,0,0,0
1604120096151,8,1010123456042,74,,1,0,6,1,2,,20.1446,242,183148,0.309141,98,0,11,,0,0,0,0,0,0,0,0,0,,500,196,,0,0,0,0
1604120096401,8,1010123456042,74,,1,0,6,1,2,,20.2254,315,184051,0.407968,128,0,11,,0,0,0,0,0,0,0,0,0,,500,252,,0,0,0,0
1604120096651,8,1010123456042,74,,1,0,6,1,2,,19.783,364,183214,0.457157,149,0,10.8333,,3.26316,38,0,0.1,16,6.25,0,7.82232,31,,500,300,,0,0,0,2.07895
1604120096901,8,1010123456042,74,,1,0,6,1,2,,19.8114,334,183679,0.4169,136,0,10.7143,,7,3,0,0.1,1,0,0,5.26818,31,,500,272,,0,0,0,2
1604120097151,8,1010123456042,74,,1,0,6,1,2,,20.0254,473,184306,0.586313,187,0,10.6667,,0.1,3,0,0.1,1,0,0,3.35468,31,,500,386,,0,0,0,1
1604120097401,8,1010123456042,74,,1,0,6,1,2,,19.5297,455,183778,0.552643,187,0,10.6,,0,0,0,0,0,0,0,0,0,,500,368,,0,0,0,0
1604120097651,8,1010123456042,74,,1,0,6,1,2,,19.5593,295,183314,0.349751,116,0,10.6667,,7.11111,18,0,0.1,8,0,0,12.9455,31,,500,236,,0,0,0,1.55556
1604120097902,8,1010123456042,74,,1,0,6,1,2,,20.1307,528,183105,0.67504,217,0,10.7143,,0,0,0,0,0,0,0,0,0,,502,432,,0,0,0,0
1604120098152,8,1010123456042,74,,1,0,6,1,2,,19.8,385,183358,0.47344,155,0,10.8333,,9,3,0,0.1,1,0,0,4.78493,31,,500,308,,0,0,0,2
1604120098402,8,1010123456042,74,,1,0,6,1,2,,19.4786,234,183537,0.294688,99,0,10.8333,,0,0,0,0,0,0,0,0,0,,500,190,,0,0,0,0
1604120098652,8,1010123456042,74,,1,0,6,1,2,,18.3321,265,182994,0.283168,101,0,9.83333,,4.4,25,0,0.1,11,0,0,10.3512,31,,500,216,,0,0,0,1.08
1604120098902,8,1010123456042,74,,1,0,6,1,2,,20.4736,416,184218,0.551552,170,0,11,,0,0,0,0,0,0,0,0,0,,500,328,,0,0,0,0
1604120099151,8,1010123456042,74,,1,0,6,1,2,,20.0433,231,184196,0.284884,91,0,11,,0,0,0,0,0,0,0,0,0,,500,184,,0,0,0,0
1604120099401,8,1010123456042,74,,1,0,6,1,2,,20.496,500,183013,0.648096,200,0,11,,0,8,0,0,4,100,0,0,0,,500,410,,0,0,0,0
1604120099651,8,1010123456042,74,,1,0,6,1,2,,20.0337,475,183811,0.595598,190,0,10.8333,,0.957447,47,0,0.1,19,0,0,6.48609,31,,500,382,,0,0,0,1
1604120099901,8,1010123456042,74,,1,0,6,1,2,,20.3909,307,184508,0.426763,133,0,11,,0,0,0,0,0,0,0,0,0,,500,252,,0,0,0,0
1604120100151,8,1010123456042,74,,1,0,6,1,2,,20.0708,226,184391,0.285269,91,0,11,,0,0,0,0,0,0,0,0,0,,498,186,,0,0,0,0
1604120100401,8,1010123456042,74,,1,0,6,1,2,,19.9353,201,183900,0.259855,84,0,10.8333,,0,0,0,0,0,0,0,0,0,,500,166,,0,0,0,0
1604120100651,8,1010123456042,74,,1,0,6,1,2,,20.2422,289,184530,0.371823,117,0,11,,8.53659,41,0,0.102104,17,17.6471,0,14.0666,31,,502,228,,0,0,0,2.68293
1604120100901,8,1010123456042,74,,1,0,6,1,2,,19.9818,55,183918,0.0653815,21,0,11,,0,0,0,0,0,0,0,0,0,,498,44,,0,0,0,0
1604120101151,8,1010123456042,74,,1,0,6,1,2,,20.4184,98,184269,0.131759,41,0,11,,0,0,0,0,0,0,0,0,0,,498,82,,0,0,0,0
1604120101401,8,1010123456042,74,,1,0,6,1,2,,19.9369,111,184396,0.139727,45,0,11,,0,0,0,0,0,0,0,0,0,,500,90,,0,0,0,0
1604120101651,8,1010123456042,74,,1,0,6,1,2,,20.2888,232,184137,0.284112,89,0,11,,8,19,0,0.1,7,0,0,11.659,31,,500,186,,0,0,0,1.31579
1604120101901,8,1010123456042,74,,1,0,6,1,2,,20.2947,397,183185,0.5031,157,0,11,,0,0,0,0,0,0,0,0,0,,500,318,,0,0,0,0
1604120102151,8,1010123456042,74,,1,0,6,1,2,,20.6046,483,183018,0.62098,190,0,11.1667,,9,3,0,0.1,1,0,0,4.75536,31,,500,382,,0,0,0,3
1604120102401,8,1010123456042,74,,1,0,6,1,2,,20.5817,416,183960,0.568,171,0,11,,0,0,0,0,0,0,0,0,0,,500,330,,0,0,0,0
1604120102651,8,1010123456042,74,,1,0,6,1,2,,21.4087,438,183917,0.611534,174,0,11.5,,2.53846,26,0,0.1,10,0,0,5.65703,31,,500,354,,0,0,0,1.07692
1604120102901,8,1010123456042,74,,1,0,6,1,2,,21.2725,466,184551,0.64739,186,0,11.4286,,0.1,3,0,0.1,1,0,0,4.12871,31,,500,372,,0,0,0,1
1604120103151,8,1010123456042,74,,1,0,6,1,2,,21.7978,544,182265,0.7831,214,0,11.5,,0.1,3,0,0.1,1,0,0,2.25119,31,,500,434,,0,0,0,2
1604120103401,8,1010123456042,74,,1,0,6,1,2,,20.38,300,183487,0.405976,126,0,11.25,,0,0,0,0,0,0,0,0,0,,500,242,,0,0,0,0
1604120103651,8,1010123456042,74,,1,0,6,1,2,,24.0075,535,183119,0.894072,210,0,12.5,,3.53846,26,0,0.1,11,9.09091,0,8.728,31,,500,430,,0,0,0,2.34615
1604120103901,8,1010123456042,74,,1,0,6,1,2,,22.2021,485,183413,0.774361,196,0,11.4286,,0,0,0,0,0,0,0,0,0,,500,384,,0,0,0,0
1604120104151,8,1010123456042,74,,1,0,6,1,2,,21.9968,310,182626,0.432835,120,0,12,,0,0,0,0,0,0,0,0,0,,500,248,,0,0,0,0
1604120104402,8,1010123456042,74,,1,0,6,1,2,,23.5156,514,182749,0.855648,209,0,12.1667,,0,0,0,0,0,0,0,0,0,,502,416,,0,0,0,0
1604120104652,8,1010123456042,74,,1,0,6,1,2,,23.6101,495,182121,0.821056,200,0,12.4,,1.18919,37,0,0.1,15,0,0,6.24303,31,,500,402,,0,0,0,1
1604120104902,8,1010123456042,74,,1,0,6,1,2,,24.3444,482,182851,0.8416,194,0,12.7143,,0,0,0,0,0,0,0,0,0,,500,384,,0,0,0,0
1604120105152,8,1010123456042,74,,1,0,6,1,2,,23.6056,322,184096,0.543904,131,0,12.5,,0,0,0,0,0,0,0,0,0,,500,256,,0,0,0,0
1604120105402,8,1010123456042,74,,1,0,6,1,2,,24.7663,291,182919,0.491264,112,0,10.8333,,0.8,5,0,0.1,2,0,0,10.7902,31,,500,270,,0,0,0,1
1604120105652,8,1010123456042,74,,1,0,6,1,2,,23.9532,449,184199,0.78608,185,0,12.5,,11.0968,31,0,0.1,14,57.1429,0,7.05268,31,,500,362,,0,0,0,6.41935
1604120105901,8,1010123456042,74,,1,0,6,1,2,,25.4629,499,181946,0.920193,199,0,13.1429,,0,0,0,0,0,0,0,0,0,,500,404,,0,0,0,0
1604120106151,8,1010123456042,74,,1,0,6,1,2,,24.0303,297,183708,0.521253,122,0,12.6667,,0,0,0,0,0,0,0,0,0,,500,242,,0,0,0,0
1604120106401,8,1010123456042,74,,1,0,6,1,2,,25.0566,442,182249,0.785574,175,0,13.1667,,0,0,0,0,0,0,0,0,0,,498,356,,0,0,0,0
1604120106651,8,1010123456042,74,,1,0,6,1,2,,25.1471,333,183905,0.64212,140,0,13.1667,,6.58065,31,0,0.1,13,0,0,11.6308,31,,500,268,,0,0,0,1.45161
1604120106901,8,1010123456042,74,,1,0,6,1,2,,25.1303,238,183498,0.432803,95,0,13.3333,,0,0,0,0,0,0,0,0,0,,498,194,,0,0,0,0
1604120107151,8,1010123456042,74,,1,0,6,1,2,,25.6754,268,183945,0.511229,108,0,13.5,,0,0,0,0,0,0,0,0,0,,500,218,,0,0,0,0
1604120107401,8,1010123456042,74,,1,0,6,1,2,,25.3564,188,183567,0.358747,78,0,13.5,,0,0,0,0,0,0,0,0,0,,498,148,,0,0,0,0
1604120107651,8,1010123456042,74,,1,0,6,1,2,,25.6243,173,183986,0.314249,67,0,13.5,,4.06383,47,0,0.1,19,21.0526,0,7.32063,31,,500,136,,0,0,0,3.19149
1604120107901,8,1010123456042,74,,1,0,6,1,2,,25.199,387,184461,0.703679,154,0,13,,0,0,0,0,0,0,0,0,0,,500,306,,0,0,0,0
1604120108151,8,1010123456042,74,,1,0,6,1,2,,25.7405,131,184093,0.23653,50,0,13.3333,,0,0,0,0,0,0,0,0,0,,500,106,,0,0,0,0
1604120108401,8,1010123456042,74,,1,0,6,1,2,,26.1913,115,184421,0.236369,49,0,13.6667,,0,0,0,0,0,0,0,0,0,,500,94,,0,0,0,0
1604120108651,8,1010123456042,74,,1,0,6,1,2,,25.2091,110,183936,0.208996,45,0,13.3333,,8.85185,27,0,0.1,11,0,0,12.2639,31,,500,90,,0,0,0,1.55556
1604120108901,8,1010123456042,74,,1,0,6,1,2,,26.1619,451,182454,0.836723,173,0,13.5714,,0,0,0,0,0,0,0,0,0,,500,356,,0,0,0,0
1604120109151,8,1010123456042,74,,1,0,6,1,2,,26.1953,512,180924,1.00067,208,0,13.6667,,0,0,0,0,0,0,0,0,0,,500,414,,0,0,0,0
1604120109401,8,1010123456042,74,,1,0,6,1,2,,25.8276,348,184158,0.675084,142,0,13.5,,0,0,0,0,0,0,0,0,0,,500,276,,0,0,0,0
1604120109651,8,1010123456042,74,,1,0,6,1,2,,25.9739,268,183392,0.497735,104,0,13.6667,,13.4286,7,0,0.1,3,0,0,13.234,31,,500,210,,0,0,0,1.85714
1604120109901,8,1010123456042,74,,1,0,6,1,2,,25.7773,238,183901,0.449125,95,0,13.4286,,0,0,0,0,0,0,0,0,0,,500,194,,0,0,0,0
1604120110151,8,1010123456042,74,,1,0,6,1,2,,25.8265,490,181345,0.927293,196,0,13.3333,,0,0,0,0,0,0,0,0,0,,500,398,,0,0,0,0
1604120110401,8,1010123456042,74,,1,0,6,1,2,,25.589,365,183253,0.722538,155,0,13.3333,,0,2,0,0.1,1,0,0,0,31,,500,300,,0,0,0,0
1604120110651,8,1010123456042,74,,1,0,6,1,2,,25.8644,317,183589,0.621269,131,0,13.5,,13.3043,23,0,0.1,9,33.3333,0,12.1422,31,,500,256,,0,0,0,4.08696
1604120110901,8,1010123456042,74,,1,0,6,1,2,,25.6581,389,182729,0.717944,154,0,13.2857,,0,0,0,0,0,0,0,0,0,,500,318,,0,0,0,0
1604120111152,8,1010123456042,74,,1,0,6,1,2,,26.1708,404,184521,0.796448,165,0,13.3333,,0,0,0,0,0,0,0,0,0,,502,330,,0,0,0,0
1604120111402,8,1010123456042,74,,1,0,6,1,2,,25.3581,430,182003,0.779072,170,0,13.1667,,0,0,0,0,0,0,0,0,0,,500,346,,0,0,0,0
1604120111652,8,1010123456042,74,,1,0,6,1,2,,26.4142,367,183188,0.716736,148,0,13.8333,,6.23077,26,0,0.1,10,40,0,7.28007,31,,500,296,,0,0,0,5.23077
1604120111902,8,1010123456042,74,,1,0,6,1,2,,26.5176,539,180909,1.09517,224,0,13.8571,,0,0,0,0,0,0,0,0,0,,500,438,,0,0,0,0
1604120112151,8,1010123456042,74,,1,0,6,1,2,,26.3137,153,183577,0.2969,61,0,13.6667,,0,0,0,0,0,0,0,0,0,,500,122,,0,0,0,0
1604120112401,8,1010123456042,74,,1,0,6,1,2,,25.4302,86,183145,0.163181,35,0,13.4,,0,0,0,0,0,0,0,0,0,,500,66,,0,0,0,0
1604120112651,8,1010123456042,74,,1,0,6,1,2,,24.75,56,184224,0.111454,25,0,13.1667,,2.94118,34,0,0.1,14,0,0,5.75741,31,,500,48,,0,0,0,1.29412
1604120112901,8,1010123456042,74,,1,0,6,1,2,,24.6585,41,183386,0.0755984,17,0,13.4286,,0,0,0,0,0,0,0,0,0,,498,34,,0,0,0,0
1604120113151,8,1010123456042,74,,1,0,6,1,2,,24.0746,67,184305,0.112578,26,0,12.1667,,0,0,0,0,0,0,0,0,0,,502,52,,0,0,0,0
1604120113401,8,1010123456042,74,,1,0,6,1,2,,18.8592,71,182900,0.0826988,26,0,11.5,,0,0,0,0,0,0,0,0,0,,498,58,,0,0,0,0
1604120113651,8,1010123456042,74,,1,0,6,1,2,,24.1588,170,183893,0.304996,71,0,13,,12.5,28,0,0.148145,12,0,0,14.4846,31,,500,140,,0,0,0,1.5
1604120113901,8,1010123456042,74,,1,0,6,1,2,,25.0667,90,184573,0.177189,39,0,11.5,,0,0,0,0,0,0,0,0,0,,500,86,,0,0,0,0
1604120114151,8,1010123456042,74,,1,0,6,1,2,,18.4286,63,183716,0.0772048,25,0,9.5,,0,0,0,0,0,0,0,0,0,,500,50,,0,0,0,0
1604120114401,8,1010123456042,74,,1,0,6,1,2,,25.1842,76,183879,0.137574,30,0,13.6667,,0,0,0,0,0,0,0,0,0,,500,60,,0,0,0,0
1604120114651,8,1010123456042,74,,1,0,6,1,2,,21.6065,216,183647,0.342361,84,0,11.4,,9,9,0,0,4,100,0,2.35287,0,,500,172,,0,0,0,10
1604120114901,8,1010123456042,74,,1,0,6,1,2,,21.008,249,184291,0.344867,99,0,10.5714,,0,0,0,0,0,0,0,0,0,,500,228,,0,0,0,0
1604120115151,8,1010123456042,74,,1,0,6,1,2,,26.1183,355,182930,0.715759,144,0,12,,0,12,0,0.1,6,0,0,0,31,,500,310,,0,0,0,0
1604120115401,8,1010123456042,74,,1,0,6,1,2,,21.1577,317,183730,0.499116,129,0,11.6667,,0,0,0,0,0,0,0,0,0,,500,258,,0,0,0,0
1604120115651,8,1010123456042,74,,1,0,6,1,2,,19.5491,224,184053,0.339277,94,0,9.66667,,0,8,0,0,4,100,0,0,0,,502,240,,0,0,0,0
1604120115901,8,1010123456042,74,,1,0,6,1,2,,18.8713,334,183087,0.452065,132,0,11.8571,,3.4,5,0,0.1,2,0,0,8.39036,31,,498,274,,0,0,0,1
1604120116151,8,1010123456042,74,,1,0,6,1,2,,22.5909,88,184647,0.150265,37,0,11.6667,,0,0,0,0,0,0,0,0,0,,500,70,,0,0,0,0
1604120116401,8,1010123456042,74,,1,0,6,1,2,,22.5789,76,183849,0.126297,31,0,9.83333,,0,0,0,0,0,0,0,0,0,,500,76,,0,0,0,0
1604120116651,8,1010123456042,74,,1,0,6,1,2,,24.3259,135,183993,0.212273,49,0,11,,0,0,0,0,0,0,0,0,0,,500,120,,0,0,0,0
1604120116901,8,1010123456042,74,,1,0,6,1,2,,18.5191,262,183889,0.333398,105,0,9,,0,8,0,0.1,4,0,0,0,31,,500,232,,0,0,0,0
1604120117151,8,1010123456042,74,,1,0,6,1,2,,15.011,365,183570,0.424675,146,0,6.5,,0,0,0,0,0,0,0,0,0,,500,330,,0,0,0,0
1604120117401,8,1010123456042,74,,1,0,6,1,2,,14,370,183876,0.381108,152,0,8.5,,0,2,0,0.1,1,0,0,0,31,,500,300,,0,0,0,0
1604120117652,8,1010123456042,74,,1,0,6,1,2,,18.3522,460,183417,0.571744,187,0,11.3333,,11.3571,14,0,0.1,6,66.6667,0,5.49262,31,,502,374,,0,0,0,6.35714
1604120117902,8,1010123456042,74,,1,0,6,1,2,,17.9,330,183313,0.456768,138,0,8.85714,,0,0,0,0,0,0,0,0,0,,500,274,,0,0,0,0
1604120118152,8,1010123456042,74,,1,0,6,1,2,,18.4793,363,184406,0.486176,140,0,10.1667,,0,0,0,0,0,0,0,0,0,,500,318,,0,0,0,0
1604120118402,8,1010123456042,74,,1,0,6,1,2,,19.2894,387,181682,0.494048,155,0,11.8333,,0,0,0,0,0,0,0,0,0,,500,310,,0,0,0,0
1604120118651,8,1010123456042,74,,1,0,6,1,2,,19.1149,522,182065,0.708562,210,0,9.5,,7,8,0,0.1,3,0,0,12.8497,31,,500,426,,0,0,0,2.5
1604120118901,8,1010123456042,74,,1,0,6,1,2,,17.2076,578,180725,0.712546,232,0,10.2857,,0,0,0,0,0,0,0,0,0,,500,468,,0,0,0,0
1604120119151,8,1010123456042,74,,1,0,6,1,2,,12.1551,548,182192,0.50596,223,0,7.16667,,0,0,0,0,0,0,0,0,0,,498,452,,0,0,0,0
1604120119401,8,1010123456042,74,,1,0,6,1,2,,21.8122,490,181602,0.730249,196,0,9.66667,,0,0,0,0,0,0,0,0,0,,500,464,,0,0,0,0
1604120119651,8,1010123456042,74,,1,0,6,1,2,,14.8667,390,183206,0.425896,154,0,8.25,,0,8,0,0.1,4,0,0,0,31,,500,310,,0,0,0,0
1604120119901,8,1010123456042,74,,1,0,6,1,2,,24.0071,283,183993,0.526586,120,0,11.2857,,0,0,0,0,0,0,0,0,0,,498,294,,0,0,0,0
1604120120151,8,1010123456042,74,,1,0,6,1,2,,21.5328,259,184512,0.423229,107,0,9.33333,,0,0,0,0,0,0,0,0,0,,500,248,,0,0,0,0
1604120120401,8,1010123456042,74,,1,0,6,1,2,,22.3241,216,184364,0.331695,86,0,10.5,,0,0,0,0,0,0,0,0,0,,498,222,,0,0,0,0
1604120120651,8,1010123456042,74,,1,0,6,1,2,,24.9902,305,183761,0.512225,115,0,13.3333,,10.4167,12,0,0.1,5,20,0,10.156,31,,500,242,,0,0,0,3.33333
1604120120901,8,1010123456042,74,,1,0,6,1,2,,17.6548,310,183601,0.423518,130,0,8.33333,,0,0,0,0,0,0,0,0,0,,498,324,,0,0,0,0
1604120121151,8,1010123456042,74,,1,0,6,1,2,,18.3498,303,183504,0.381044,121,0,12.1667,,0,0,0,0,0,0,0,0,0,,500,242,,0,0,0,0
1604120121401,8,1010123456042,74,,1,0,6,1,2,,24.664,372,183915,0.656514,146,0,12.6667,,0.1,3,0,0.1,1,0,0,16.8904,31,,498,294,,0,0,0,1
1604120121651,8,1010123456042,74,,1,0,6,1,2,,19.2369,477,181777,0.623614,190,0,10.8333,,8.19048,21,0,0.1,9,22.2222,0,5.75695,31,,500,388,,0,0,0,3.66667
1604120121901,8,1010123456042,74,,1,0,6,1,2,,14.3005,386,183646,0.444594,164,0,9.66667,,0,0,0,0,0,0,0,0,0,,500,322,,0,0,0,0
1604120122151,8,1010123456042,74,,1,0,6,1,2,,12.5021,235,183116,0.218988,96,0,9,,0,0,0,0,0,0,0,0,0,,500,194,,0,0,0,0
1604120122401,8,1010123456042,74,,1,0,6,1,2,,23.8819,271,183673,0.441189,104,0,12.2,,0,0,0,0,0,0,0,0,0,,500,214,,0,0,0,0
1604120122651,8,1010123456042,74,,1,0,6,1,2,,22.2,220,184279,0.376996,92,0,11.8333,,5.22222,27,0,0.1,10,0,0,10.536,31,,500,178,,0,0,0,1.33333
1604120122901,8,1010123456042,74,,1,0,6,1,2,,22.2863,227,183950,0.355341,88,0,11.8571,,0,0,0,0,0,0,0,0,0,,500,176,,0,0,0,0
1604120123151,8,1010123456042,74,,1,0,6,1,2,,22.0622,193,183524,0.307149,80,0,11.3333,,0,0,0,0,0,0,0,0,0,,500,158,,0,0,0,0
1604120123401,8,1010123456042,74,,1,0,6,1,2,,24.9695,197,184086,0.357783,80,0,13.5,,0,2,0,0.1,1,0,0,0,31,,500,178,,0,0,0,0
1604120123651,8,1010123456042,74,,1,0,6,1,2,,25.6006,323,182899,0.580562,124,0,13.1667,,10,12,0,0.1,5,60,0,8.08045,31,,500,262,,0,0,0,6.25
1604120123901,8,1010123456042,74,,1,0,6,1,2,,25.4325,511,182869,0.976032,211,0,13.2857,,0,2,0,0,1,100,0,0,0,,500,412,,0,0,0,0
1604120124152,8,1010123456042,74,,1,0,6,1,2,,25.9856,417,182831,0.797888,168,0,13.5,,0,0,0,0,0,0,0,0,0,,502,340,,0,0,0,0
1604120124402,8,1010123456042,74,,1,0,6,1,2,,24.4578,391,182045,0.681152,156,0,13,,0.1,3,0,0.1,1,0,0,19.9221,31,,500,316,,0,0,0,1
1604120124651,8,1010123456042,74,,1,0,6,1,2,,25.5946,370,182504,0.693108,149,0,13.3333,,15,9,0,0,4,100,0,3.86562,0,,500,302,,0,0,0,10
1604120124902,8,1010123456042,74,,1,0,6,1,2,,25.6121,446,181265,0.865664,186,0,13.2857,,0,0,0,0,0,0,0,0,0,,500,362,,0,0,0,0
1604120125151,8,1010123456042,74,,1,0,6,1,2,,24.7695,295,183820,0.541976,121,0,13.1667,,1.63636,11,0,0.1,4,0,0,7.33834,31,,498,240,,0,0,0,1
1604120125401,8,1010123456042,74,,1,0,6,1,2,,25.0168,297,183151,0.538056,119,0,13.1667,,0,2,0,0.1,1,0,0,0,31,,498,242,,0,0,0,0
1604120125651,8,1010123456042,74,,1,0,6,1,2,,24.0845,296,183741,0.516112,120,0,12.8,,3.92857,42,0,0.1,17,0,0,12.4129,31,,500,234,,0,0,0,1
1604120125901,8,1010123456042,74,,1,0,6,1,2,,24.7198,257,183120,0.441189,100,0,13.2857,,0,0,0,0,0,0,0,0,0,,498,202,,0,0,0,0
1604120126151,8,1010123456042,74,,1,0,6,1,2,,25.695,259,183962,0.500627,106,0,13.6667,,0,0,0,0,0,0,0,0,0,,500,210,,0,0,0,0
1604120126401,8,1010123456042,74,,1,0,6,1,2,,26.0113,354,183138,0.671293,140,0,13.5,,0,0,0,0,0,0,0,0,0,,500,290,,0,0,0,0
1604120126651,8,1010123456042,74,,1,0,6,1,2,,23.8727,330,183471,0.591133,139,0,12.8333,,6.09091,11,0,0.1,5,0,0,6.42786,31,,500,266,,0,0,0,2.36364
1604120126901,8,1010123456042,74,,1,0,6,1,2,,23.7651,149,184471,0.259116,61,0,12.4286,,0,0,0,0,0,0,0,0,0,,500,120,,0,0,0,0
1604120127151,8,1010123456042,74,,1,0,6,1,2,,26.4159,113,183255,0.233189,48,0,13.8333,,0,0,0,0,0,0,0,0,0,,500,94,,0,0,0,0
1604120127401,8,1010123456042,74,,1,0,6,1,2,,24.9898,98,183687,0.171373,38,0,13.5,,0,0,0,0,0,0,0,0,0,,500,78,,0,0,0,0
1604120127651,8,1010123456042,74,,1,0,6,1,2,,25.8462,65,184298,0.119036,25,0,13.1667,,0.8,45,0,0.1,17,0,0,6.2968,31,,500,52,,0,0,0,1.4
1604120127901,8,1010123456042,74,,1,0,6,1,2,,23.5888,107,183154,0.177446,43,0,12.8571,,0,0,0,0,0,0,0,0,0,,500,88,,0,0,0,0
1604120128151,8,1010123456042,74,,1,0,6,1,2,,24.6991,113,184318,0.207133,47,0,13.1667,,0,0,0,0,0,0,0,0,0,,500,90,,0,0,0,0
1604120128401,8,1010123456042,74,,1,0,6,1,2,,25.5163,153,184072,0.299052,64,0,13.3333,,0,0,0,0,0,0,0,0,0,,500,126,,0,0,0,0
1604120128651,8,1010123456042,74,,1,0,6,1,2,,25.6105,95,184296,0.178056,38,0,13.6667,,0,0,0,0,0,0,0,0,0,,500,78,,0,0,0,0
1604120128901,8,1010123456042,74,,1,0,6,1,2,,25.0088,114,183781,0.209285,46,0,11.5714,,11.2727,11,0,0.1,5,0,0,17.0771,31,,500,104,,0,0,0,1
1604120129151,8,1010123456042,74,,1,0,6,1,2,,19.0596,151,183383,0.196627,58,0,11.6667,,0,0,0,0,0,0,0,0,0,,500,120,,0,0,0,0
1604120129401,8,1010123456042,74,,1,0,6,1,2,,25.8241,381,183195,0.703068,149,0,13.5,,0,2,0,0.1,1,0,0,0,31,,500,304,,0,0,0,0
1604120129651,8,1010123456042,74,,1,0,6,1,2,,25.9865,371,184650,0.718329,150,0,13.6667,,9.35294,17,0,0.1,6,16.6667,0,11.5011,31,,500,298,,0,0,0,2.94118
1604120129901,8,1010123456042,74,,1,0,6,1,2,,26.3958,283,182058,0.568096,116,0,13.7143,,0,0,0,0,0,0,0,0,0,,500,230,,0,0,0,0
1604120130151,8,1010123456042,74,,1,0,6,1,2,,24.7473,376,183052,0.674827,152,0,13,,0,0,0,0,0,0,0,0,0,,500,306,,0,0,0,0
1604120130401,8,1010123456042,74,,1,0,6,1,2,,26.1277,501,183998,0.975807,202,0,13.5,,9,3,0,0.1,1,0,0,19.3579,31,,500,402,,0,0,0,1
1604120130651,8,1010123456042,74,,1,0,6,1,2,,26.0697,545,181114,1.02618,214,0,13.6667,,15,12,0,0,4,100,0,5.22258,0,,500,436,,0,0,0,10
1604120130902,8,1010123456042,74,,1,0,6,1,2,,25.7909,464,182922,0.891328,190,0,13.5714,,0,0,0,0,0,0,0,0,0,,502,378,,0,0,0,0
1604120131152,8,1010123456042,74,,1,0,6,1,2,,26.1075,521,181285,1.02448,213,0,13.3333,,3.6,5,0,0.1,2,0,0,20.8443,31,,500,418,,0,0,0,1
1604120131402,8,1010123456042,74,,1,0,6,1,2,,24.9835,364,182656,0.642144,143,0,13,,0,0,0,0,0,0,0,0,0,,500,296,,0,0,0,0
1604120131651,8,1010123456042,74,,1,0,6,1,2,,25.8937,301,182597,0.57057,121,0,13.6667,,13.4286,7,0,0.1,3,0,0,13.913,31,,500,244,,0,0,0,1.71429
1604120131901,8,1010123456042,74,,1,0,6,1,2,,26.0757,304,182998,0.619052,128,0,13.5714,,0,0,0,0,0,0,0,0,0,,498,250,,0,0,0,0
1604120132151,8,1010123456042,74,,1,0,6,1,2,,25.7712,271,184490,0.528,112,0,13.6667,,0,0,0,0,0,0,0,0,0,,500,220,,0,0,0,0
1604120132401,8,1010123456042,74,,1,0,6,1,2,,25.6918,305,184104,0.591711,125,0,13.5,,0,0,0,0,0,0,0,0,0,,500,248,,0,0,0,0
1604120132651,8,1010123456042,74,,1,0,6,1,2,,24.6333,240,182842,0.42612,97,0,13.1667,,6.26829,41,0,0.1,16,12.5,0,11.4555,31,,502,194,,0,0,0,2.95122
1604120132901,8,1010123456042,74,,1,0,6,1,2,,26.1421,359,182231,0.677012,140,0,13.5714,,0.1,3,0,0.1,1,0,0,14.901,31,,498,282,,0,0,0,1
1604120133151,8,1010123456042,74,,1,0,6,1,2,,25.8195,399,183374,0.76543,162,0,13.5,,0,0,0,0,0,0,0,0,0,,500,326,,0,0,0,0
1604120133401,8,1010123456042,74,,1,0,6,1,2,,25.794,335,182772,0.626635,132,0,13.5,,0,0,0,0,0,0,0,0,0,,500,270,,0,0,0,0
1604120133651,8,1010123456042,74,,1,0,6,1,2,,25.5355,366,183130,0.731663,157,0,13.3333,,6.68182,22,0,0.1,9,11.1111,0,13.7201,31,,500,302,,0,0,0,1.81818
1604120133901,8,1010123456042,74,,1,0,6,1,2,,26.0774,323,182639,0.618378,129,0,13.5714,,0,0,0,0,0,0,0,0,0,,500,264,,0,0,0,0
1604120134151,8,1010123456042,74,,1,0,6,1,2,,26.2456,395,182358,0.755598,156,0,13.6667,,0,2,0,0.1,1,0,0,0,31,,500,318,,0,0,0,0
1604120134401,8,1010123456042,74,,1,0,6,1,2,,26.1675,412,183761,0.822169,170,0,13.5,,0,0,0,0,0,0,0,0,0,,500,336,,0,0,0,0
1604120134651,8,1010123456042,74,,1,0,6,1,2,,26.0304,395,183358,0.772723,161,0,13.6667,,3.07692,13,0,0.1,6,0,0,9.51383,31,,500,324,,0,0,0,1.15385
1604120134901,8,1010123456042,74,,1,0,6,1,2,,24.9003,381,182692,0.697382,156,0,13.1429,,0,0,0,0,0,0,0,0,0,,500,308,,0,0,0,0
1604120135151,8,1010123456042,74,,1,0,6,1,2,,24.5401,324,184003,0.588594,134,0,13.3333,,0,2,0,0.1,1,0,0,0,31,,500,262,,0,0,0,0
1604120135401,8,1010123456042,74,,1,0,6,1,2,,25.4692,260,183841,0.479133,103,0,13.5,,0,2,0,0.1,1,0,0,0,31,,500,208,,0,0,0,0
1604120135651,8,1010123456042,74,,1,0,6,1,2,,26.1017,403,183146,0.77208,161,0,13.6667,,2.63415,41,0,0.1,17,0,0,8.5703,31,,500,326,,0,0,0,1.07317
1604120135901,8,1010123456042,74,,1,0,6,1,2,,25.3602,483,183323,0.887647,192,0,13.2857,,0,0,0,0,0,0,0,0,0,,500,390,,0,0,0,0
1604120136151,8,1010123456042,74,,1,0,6,1,2,,25.3418,474,182615,0.888064,193,0,13.3333,,0,0,0,0,0,0,0,0,0,,500,382,,0,0,0,0
1604120136401,8,1010123456042,74,,1,0,6,1,2,,26.6184,435,181085,0.849285,172,0,13.8333,,2,3,0,0.1,1,0,0,22.889,31,,500,348,,0,0,0,1
1604120136651,8,1010123456042,74,,1,0,6,1,2,,25.9653,490,182606,0.948916,199,0,13.5,,11.1176,17,0,0.1,7,57.1429,0,7.68521,31,,500,398,,0,0,0,5.94118
1604120136901,8,1010123456042,74,,1,0,6,1,2,,26.4173,417,184036,0.838554,172,0,13.8571,,0,0,0,0,0,0,0,0,0,,500,332,,0,0,0,0
1604120137151,8,1010123456042,74,,1,0,6,1,2,,24.8904,146,184660,0.275566,61,0,13.1667,,0,0,0,0,0,0,0,0,0,,500,118,,0,0,0,0
1604120137402,8,1010123456042,74,,1,0,6,1,2,,25.5349,86,183903,0.15408,33,0,13.3333,,0,0,0,0,0,0,0,0,0,,502,72,,0,0,0,0
1604120137652,8,1010123456042,74,,1,0,6,1,2,,26.9271,96,183871,0.173536,35,0,14,,4.23529,34,0,0.1,13,0,0,13.393,31,,500,76,,0,0,0,1
1604120137902,8,1010123456042,74,,1,0,6,1,2,,25.3951,81,183737,0.177088,38,0,13.5714,,0,0,0,0,0,0,0,0,0,,500,64,,0,0,0,0
1604120138151,8,1010123456042,74,,1,0,6,1,2,,26.1512,86,184396,0.164177,34,0,13.5,,0,0,0,0,0,0,0,0,0,,498,70,,0,0,0,0
1604120138401,8,1010123456042,74,,1,0,6,1,2,,24.5521,96,183692,0.162217,37,0,13,,0,4,0,0.1,2,50,0,0,31,,500,76,,0,0,0,0
1604120138651,8,1010123456042,74,,1,0,6,1,2,,25.7612,67,184156,0.136,29,0,13.6667,,0,0,0,0,0,0,0,0,0,,498,54,,0,0,0,0
1604120138901,8,1010123456042,74,,1,0,6,1,2,,25.7865,178,182330,0.311839,66,0,13.5714,,12.5294,17,0,0.1,7,71.4286,0,9.22815,31,,500,146,,0,0,0,7
1604120139151,8,1010123456042,74,,1,0,6,1,2,,25.8996,468,182369,0.906988,190,0,13.3333,,0,0,0,0,0,0,0,0,0,,500,380,,0,0,0,0
1604120139401,8,1010123456042,74,,1,0,6,1,2,,25.7443,352,183774,0.689317,147,0,13.3333,,0,2,0,0.1,1,0,0,0,31,,502,286,,0,0,0,0
1604120139651,8,1010123456042,74,,1,0,6,1,2,,25.2952,420,182943,0.763695,166,0,13,,4.57143,28,0,0.1,11,0,0,8.19506,31,,498,342,,0,0,0,1.28571
1604120139901,8,1010123456042,74,,1,0,6,1,2,,26.2673,449,182314,0.882731,183,0,13.6667,,0,0,0,0,0,0,0,0,0,,500,362,,0,0,0,0
1604120140151,8,1010123456042,74,,1,0,6,1,2,,26.4368,261,183892,0.533173,109,0,13.8333,,0,0,0,0,0,0,0,0,0,,500,212,,0,0,0,0
1604120140401,8,1010123456042,74,,1,0,6,1,2,,25.4962,260,183624,0.487325,104,0,13.3333,,0,0,0,0,0,0,0,0,0,,502,208,,0,0,0,0
1604120140651,8,1010123456042,74,,1,0,6,1,2,,25.7008,244,184071,0.451984,96,0,13.5,,15.0714,42,0,0.147888,18,38.8889,0,12.8074,31,,498,196,,0,0,0,4.35714
1604120140901,8,1010123456042,74,,1,0,6,1,2,,25.2334,347,183128,0.653398,143,0,13.1429,,0,0,0,0,0,0,0,0,0,,500,284,,0,0,0,0
1604120141151,8,1010123456042,74,,1,0,6,1,2,,26.515,534,181240,1.04565,212,0,13.6667,,15,3,0,0.1,1,0,0,16.4087,31,,500,432,,0,0,0,1
1604120141401,8,1010123456042,74,,1,0,6,1,2,,25.4371,302,184250,0.585574,126,0,13.3333,,0,0,0,0,0,0,0,0,0,,500,244,,0,0,0,0
1604120141651,8,1010123456042,74,,1,0,6,1,2,,26.0935,428,182565,0.79894,167,0,13.6667,,12.4211,19,0,0.1,7,57.1429,0,9.69838,31,,500,340,,0,0,0,6.84211
1604120141901,8,1010123456042,74,,1,0,6,1,2,,25.7052,553,181186,1.04337,221,0,13.1429,,0.1,5,0,0.1,2,0,0,9.14073,31,,500,444,,0,0,0,1
1604120142151,8,1010123456042,74,,1,0,6,1,2,,25.6044,407,183929,0.780627,167,0,13.3333,,0,8,0,0,4,100,0,0,0,,500,328,,0,0,0,0
1604120142401,8,1010123456042,74,,1,0,6,1,2,,26.2585,468,183707,0.913799,188,0,13.6667,,4.8,5,0,0.1,2,0,0,14.5866,31,,500,376,,0,0,0,1
1604120142651,8,1010123456042,74,,1,0,6,1,2,,25.7393,303,184305,0.619116,132,0,13.6667,,9.9375,16,0,0.1,6,16.6667,0,9.5484,31,,500,254,,0,0,0,3.125
1604120142901,8,1010123456042,74,,1,0,6,1,2,,26.1781,320,183908,0.605719,125,0,13.7143,,0,0,0,0,0,0,0,0,0,,500,262,,0,0,0,0
1604120143151,8,1010123456042,74,,1,0,6,1,2,,24.0563,231,183555,0.411566,96,0,13.1667,,0,0,0,0,0,0,0,0,0,,500,184,,0,0,0,0
1604120143401,8,1010123456042,74,,1,0,6,1,2,,25.9216,255,183113,0.482281,101,0,13.6667,,0,2,0,0.1,1,0,0,0,31,,500,206,,0,0,0,0
1604120143651,8,1010123456042,74,,1,0,6,1,2,,25.4154,260,183666,0.507695,110,0,13.5,,9.54545,11,0,0.1,4,0,0,15.7663,31,,500,218,,0,0,0,1.27273
1604120143902,8,1010123456042,74,,1,0,6,1,2,,25.0193,259,184010,0.457312,101,0,13.2857,,0,0,0,0,0,0,0,0,0,,502,206,,0,0,0,0
1604120144151,8,1010123456042,74,,1,0,6,1,2,,25.2741,405,182731,0.742554,162,0,13.1667,,13.4545,11,0,0.1,4,75,0,6.88179,31,,498,330,,0,0,0,8.36364
1604120144401,8,1010123456042,74,,1,0,6,1,2,,25.439,492,183865,0.928418,201,0,13.2,,7.71429,14,0,0.1,5,60,0,8.3663,31,,502,398,,0,0,0,6.78571
1604120144651,8,1010123456042,74,,1,0,6,1,2,,24.8975,244,183516,0.433639,97,0,13.1667,,14.3462,26,0,0.114474,10,20,0,14.7931,31,,500,196,,0,0,0,3.26923
1604120144901,8,1010123456042,74,,1,0,6,1,2,,26.212,467,180736,0.922924,190,0,13.5714,,14.4545,11,0,0.1,4,50,0,10.8112,31,,500,372,,0,0,0,5.90909
1604120145151,8,1010123456042,74,,1,0,6,1,2,,25.6623,379,183334,0.714602,152,0,13.5,,0,0,0,0,0,0,0,0,0,,498,306,,0,0,0,0
1604120145401,8,1010123456042,74,,1,0,6,1,2,,25.5193,337,183048,0.633125,136,0,13.5,,0,0,0,0,0,0,0,0,0,,502,272,,0,0,0,0
1604120145651,8,1010123456042,74,,1,0,6,1,2,,26.1923,364,183249,0.694618,144,0,13.8333,,13.8571,14,0,0.1,6,66.6667,0,9.48307,31,,498,290,,0,0,0,6.14286
1604120145901,8,1010123456042,74,,1,0,6,1,2,,26.1638,464,183267,0.924498,191,0,13.5714,,2,3,0,0.1,1,0,0,16.2089,31,,500,374,,0,0,0,1
1604120146151,8,1010123456042,74,,1,0,6,1,2,,25.8564,376,181487,0.692369,146,0,13.5,,0,0,0,0,0,0,0,0,0,,498,306,,0,0,0,0
1604120146401,8,1010123456042,74,,1,0,6,1,2,,26.0374,321,182679,0.628948,132,0,13.6667,,0,0,0,0,0,0,0,0,0,,500,262,,0,0,0,0
1604120146651,8,1010123456042,74,,1,0,6,1,2,,24.7695,525,182973,0.940948,211,0,12.8333,,10.0714,14,0,0.1,5,0,0,10.1582,31,,500,424,,0,0,0,1.64286
1604120146901,8,1010123456042,74,,1,0,6,1,2,,25.5443,474,183529,0.890442,191,0,13.4286,,0,0,0,0,0,0,0,0,0,,500,380,,0,0,0,0
1604120147151,8,1010123456042,74,,1,0,6,1,2,,25.285,407,183893,0.775068,168,0,13,,0,0,0,0,0,0,0,0,0,,500,326,,0,0,0,0
1604120147401,8,1010123456042,74,,1,0,6,1,2,,24.5746,315,182812,0.548177,124,0,13.1667,,0,0,0,0,0,0,0,0,0,,500,254,,0,0,0,0
1604120147651,8,1010123456042,74,,1,0,6,1,2,,24.0621,306,182763,0.540145,126,0,13,,6.84211,19,0,0.1,8,0,0,11.3129,31,,500,246,,0,0,0,1.84211
1604120147901,8,1010123456042,74,,1,0,6,1,2,,24.1186,295,183339,0.487518,114,0,12.5714,,0,0,0,0,0,0,0,0,0,,500,236,,0,0,0,0
1604120148151,8,1010123456042,74,,1,0,6,1,2,,24.0083,363,183512,0.619598,145,0,13,,0,2,0,0.1,1,0,0,0,31,,500,288,,0,0,0,0
1604120148401,8,1010123456042,74,,1,0,6,1,2,,24.8828,478,183462,0.860177,191,0,13.1667,,0,2,0,0.1,1,0,0,0,31,,500,382,,0,0,0,0
1604120148651,8,1010123456042,74,,1,0,6,1,2,,25.8609,460,182635,0.896546,189,0,13.5,,4.34,50,0,0.1,20,20,0,7.83139,31,,500,372,,0,0,0,2.98
1604120148901,8,1010123456042,74,,1,0,6,1,2,,24.153,379,182798,0.640353,149,0,12.8571,,0,0,0,0,0,0,0,0,0,,500,308,,0,0,0,0
1604120149151,8,1010123456042,74,,1,0,6,1,2,,24.6103,408,182176,0.747855,169,0,13,,0,6,0,0.1,3,0,0,0,31,,500,332,,0,0,0,0
1604120149401,8,1010123456042,74,,1,0,6,1,2,,24.6818,352,183265,0.62853,141,0,13.1667,,0,2,0,0.1,1,0,0,0,31,,500,284,,0,0,0,0
1604120149651,8,1010123456042,74,,1,0,6,1,2,,25.1349,519,181809,0.93706,206,0,13,,12.2353,51,0,0.1,21,57.1429,0,6.63833,31,,500,418,,0,0,0,7.96078
1604120149901,8,1010123456042,74,,1,0,6,1,2,,25.9573,562,179455,1.08019,227,0,13.4286,,0,0,0,0,0,0,0,0,0,,500,452,,0,0,0,0
1604120150151,8,1010123456042,74,,1,0,6,1,2,,25.6136,590,176073,1.11518,236,0,13,,0,0,0,0,0,0,0,0,0,,500,474,,0,0,0,0
1604120150401,8,1010123456042,74,,1,0,6,1,2,,25.4894,564,172590,1.06612,231,0,13.1667,,0,0,0,0,0,0,0,0,0,,502,462,,0,0,0,0
1604120150651,8,1010123456042,74,,1,0,6,1,2,,25.6496,528,172935,0.984675,210,0,13.1667,,7.9,60,0,0.1,23,34.7826,0,10.1223,31,,498,420,,0,0,0,4.86667
1604120150901,8,1010123456042,74,,1,0,6,1,2,,26.0886,519,172839,1.00806,210,0,13.5714,,0,0,0,0,0,0,0,0,0,,502,420,,0,0,0,0
1604120151151,8,1010123456042,74,,1,0,6,1,2,,25.3991,436,178563,0.810249,175,0,13.1667,,0,0,0,0,0,0,0,0,0,,500,350,,0,0,0,0
1604120151401,8,1010123456042,74,,1,0,6,1,2,,24.7258,507,181482,0.926394,208,0,12.8333,,0,0,0,0,0,0,0,0,0,,500,404,,0,0,0,0
1604120151651,8,1010123456042,74,,1,0,6,1,2,,26.0513,156,184161,0.295261,62,0,13.5,,0,0,0,0,0,0,0,0,0,,500,122,,0,0,0,0
1604120151901,8,1010123456042,74,,1,0,6,1,2,,25.8086,303,182683,0.549076,116,0,13.2857,,10.9714,35,0,0.1,13,23.0769,0,10.6977,31,,498,242,,0,0,0,4.11429
1604120152151,8,1010123456042,74,,1,0,6,1,2,,25.6004,493,182116,0.914088,195,0,13.1667,,0,0,0,0,0,0,0,0,0,,500,392,,0,0,0,0
1604120152401,8,1010123456042,74,,1,0,6,1,2,,25.7593,457,183180,0.873928,185,0,13.3333,,0,0,0,0,0,0,0,0,0,,500,368,,0,0,0,0
1604120152651,8,1010123456042,74,,1,0,6,1,2,,25.816,576,180643,1.07714,228,0,13.3333,,5.34043,47,0,0.1,19,21.0526,0,10.8996,31,,500,458,,0,0,0,2.7234
1604120152901,8,1010123456042,74,,1,0,6,1,2,,26.0685,540,179205,1.05446,220,0,13.5714,,0,0,0,0,0,0,0,0,0,,500,438,,0,0,0,0
1604120153151,8,1010123456042,74,,1,0,6,1,2,,25.6612,369,183975,0.698827,149,0,13.3333,,0,0,0,0,0,0,0,0,0,,500,300,,0,0,0,0
1604120153401,8,1010123456042,74,,1,0,6,1,2,,25.538,355,184096,0.691213,148,0,13.1667,,0,0,0,0,0,0,0,0,0,,500,282,,0,0,0,0
1604120153651,8,1010123456042,74,,1,0,6,1,2,,25.1711,409,183079,0.725558,159,0,13.1667,,6.14815,27,0,0.1,11,0,0,10.0073,31,,500,328,,0,0,0,1.22222
1604120153901,8,1010123456042,74,,1,0,6,1,2,,25.2821,436,182968,0.822265,179,0,13.2857,,7.5,6,0,0.1,2,0,0,19.0154,31,,500,354,,0,0,0,1
1604120154151,8,1010123456042,74,,1,0,6,1,2,,25.9366,347,182474,0.666988,140,0,13.6667,,0,8,0,0,4,100,0,0,0,,500,286,,0,0,0,0
1604120154401,8,1010123456042,74,,1,0,6,1,2,,25.765,468,179918,0.894458,190,0,13.3333,,0,0,0,0,0,0,0,0,0,,500,380,,0,0,0,0
1604120154651,8,1010123456042,74,,1,0,6,1,2,,25.5288,590,176572,1.10731,237,0,13.1667,,10.6667,6,0,0.1,3,0,0,15.622,31,,500,476,,0,0,0,1.66667
1604120154901,8,1010123456042,74,,1,0,6,1,2,,25.5947,602,172980,1.11817,239,0,13.2857,,0,0,0,0,0,0,0,0,0,,500,478,,0,0,0,0
1604120155151,8,1010123456042,74,,1,0,6,1,2,,26.3467,600,167981,1.1652,239,0,13.4,,0,0,0,0,0,0,0,0,0,,500,478,,0,0,0,0
1604120155401,8,1010123456042,74,,1,0,6,1,2,,26.0705,596,163406,1.15602,241,0,13.5,,0,0,0,0,0,0,0,0,0,,500,480,,0,0,0,0
1604120155651,8,1010123456042,74,,1,0,6,1,2,,25.6393,596,159661,1.11958,239,0,13.1667,,10.2857,7,0,0.1,3,0,0,17.1883,31,,500,480,,0,0,0,1
1604120155901,8,1010123456042,74,,1,0,6,1,2,,26.1506,591,155325,1.15396,239,0,13.2857,,0,0,0,0,0,0,0,0,0,,500,476,,0,0,0,0
1604120156151,8,1010123456042,74,,1,0,6,1,2,,24.7231,585,153877,1.03971,235,0,12.8333,,0,0,0,0,0,0,0,0,0,,500,472,,0,0,0,0
1604120156401,8,1010123456042,74,,1,0,6,1,2,,25.7543,586,148940,1.11852,238,0,13,,0,0,0,0,0,0,0,0,0,,500,474,,0,0,0,0
1604120156651,8,1010123456042,74,,1,0,6,1,2,,25.9931,579,145196,1.12498,235,0,13.3333,,13.1429,14,0,0.1,6,66.6667,0,8.76387,31,,500,470,,0,0,0,7.57143
1604120156901,8,1010123456042,74,,1,0,6,1,2,,25.6861,599,141573,1.12186,238,0,13.1429,,0,0,0,0,0,0,0,0,0,,500,476,,0,0,0,0
1604120157151,8,1010123456042,74,,1,0,6,1,2,,23.9242,594,141344,1.00039,237,0,12.3333,,0,0,0,0,0,0,0,0,0,,502,478,,0,0,0,0
1604120157431,7,1010123456042,74,,1,0,6,1,2,,25.0716,573,133155,1.0515,259,0,12.8571,,0,0,0,0,0,0,0,0,0,,558,516,,0,0,0,0
1604120157651,7,1010123456042,74,,1,0,6,1,2,,24.8971,311,153116,0.505091,100,0,13,,12.8649,37,0,0.174145,14,14.2857,0,16.4566,31,,442,196,,0,0,0,2.54054
1604120157901,7,1010123456042,74,,1,0,6,1,2,,24.5918,245,169897,0.449446,101,0,12.8571,,0,0,0,0,0,0,0,0,0,,498,198,,0,0,0,0
1604120158151,6,1010123456042,74,,1,0,6,1,2,,24.5668,494,167122,1.04286,193,0,12.8333,,0,0,0,0,0,0,0,0,0,,663,486,,0,0,0,0
1604120158401,6,1010123456042,74,,1,0,6,1,2,,23.5637,573,160406,1.23688,232,0,12.3333,,0,0,0,0,0,0,0,0,0,,753,588,,0,0,0,0
1604120158651,6,1010123456042,74,,1,0,6,1,2,,23.7375,602,148698,1.36665,241,0,12.5,,15,12,0,0,4,100,0,7.00191,0,,750,652,,0,0,0,10
1604120158901,6,1010123456042,74,,1,0,6,1,2,,24.661,531,140964,1.28042,219,0,12.8571,,6.2,5,0,0.1,2,0,0,15.5687,31,,747,550,,0,0,0,1
1604120159151,6,1010123456042,74,,1,0,6,1,2,,24.2096,520,132630,1.22683,203,0,12.6667,,0,0,0,0,0,0,0,0,0,,750,578,,0,0,0,0
1604120159401,6,1010123456042,74,,1,0,6,1,2,,23.6672,580,121241,1.345,235,0,12.1667,,0,0,0,0,0,0,0,0,0,,750,630,,0,0,0,0
1604120159651,6,1010123456042,74,,1,0,6,1,2,,23.5262,382,120347,1.01937,156,0,12.8333,,12.7273,11,0,0.1,4,0,0,20.7379,31,,750,486,,0,0,0,1
1604120159901,6,1010123456042,74,,1,0,6,1,2,,23.5522,297,125042,0.857574,122,0,12.7143,,0,0,0,0,0,0,0,0,0,,750,396,,0,0,0,0
1604120160151,6,1010123456042,74,,1,0,6,1,2,,23.2361,305,131719,0.753671,118,0,12.6667,,0,0,0,0,0,0,0,0,0,,750,370,,0,0,0,0
1604120160401,6,1010123456042,74,,1,0,6,1,2,,24.5942,446,127352,1.12749,171,0,12.5,,0,0,0,0,0,0,0,0,0,,750,508,,0,0,0,0
1604120160651,6,1010123456042,74,,1,0,6,1,2,,22.4609,525,123795,1.10435,209,0,11.8333,,5,17,0,0.1,7,0,0,9.47335,31,,750,570,,0,0,0,1.47059
1604120160901,6,1010123456042,74,,1,0,6,1,2,,23.75,472,121210,1.06638,189,0,12.5714,,0,0,0,0,0,0,0,0,0,,750,502,,0,0,0,0
1604120161151,6,1010123456042,74,,1,0,6,1,2,,23.4791,597,110898,1.33989,234,0,12.3333,,0,0,0,0,0,0,0,0,0,,750,638,,0,0,0,0
1604120161401,6,1010123456042,74,,1,0,6,1,2,,23.1133,609,101541,1.31184,243,0,12,,0,0,0,0,0,0,0,0,0,,750,638,,0,0,0,0
1604120161651,6,1010123456042,74,,1,0,6,1,2,,24.1972,426,98911,1.08064,175,0,12.5,,9.5,8,0,0.1,3,0,0,14.7823,31,,750,504,,0,0,0,3.625
1604120161901,6,1010123456042,74,,1,0,6,1,2,,22.5864,324,105772,0.741976,124,0,11.8571,,0,0,0,0,0,0,0,0,0,,750,400,,0,0,0,0
1604120162151,6,1010123456042,74,,1,0,6,1,2,,22.954,500,101077,1.14201,205,0,12.1667,,0,0,0,0,0,0,0,0,0,,750,540,,0,0,0,0
1604120162401,6,1010123456042,74,,1,0,6,1,2,,23.0023,429,100980,0.964787,165,0,12,,0,0,0,0,0,0,0,0,0,,750,492,,0,0,0,0
1604120162651,6,1010123456042,74,,1,0,6,1,2,,23.1861,403,102817,0.954088,168,0,12.3333,,4.28571,21,0,0.1,9,0,0,9.44864,31,,750,456,,0,0,0,1
1604120162901,6,1010123456042,74,,1,0,6,1,2,,22.9599,474,100754,1.02525,183,0,12.1429,,0,0,0,0,0,0,0,0,0,,750,532,,0,0,0,0
1604120163151,7,1010123456042,74,,1,0,6,1,2,,23.8199,472,96735,1.13915,188,0,12.3333,,0,0,0,0,0,0,0,0,0,,750,524,,0,0,0,0
1604120163401,7,1010123456042,74,,1,0,6,1,2,,22.9789,521,93813,1.08469,209,0,12.1667,,0,0,0,0,0,0,0,0,0,,750,542,,0,0,0,0
1604120163652,6,1010123456042,74,,1,0,6,1,2,,23.2472,441,94874,0.981952,182,0,12.3333,,4.39286,28,0,0.1,11,0,0,12.4362,31,,753,466,,0,0,0,1
1604120163901,6,1010123456042,74,,1,0,6,1,2,,21.2706,521,93942,1.00267,204,0,11.4286,,0,0,0,0,0,0,0,0,0,,750,582,,0,0,0,0
1604120164151,6,1010123456042,74,,1,0,6,1,2,,21.5198,479,93361,0.998361,190,0,11.3333,,0,0,0,0,0,0,0,0,0,,747,558,,0,0,0,0
1604120164401,6,1010123456042,74,,1,0,6,1,2,,20.5562,356,101656,0.764402,150,0,11.3333,,0,0,0,0,0,0,0,0,0,,753,424,,0,0,0,0
1604120164651,5,1010123456042,74,,1,0,6,1,2,,21.5178,365,107988,0.741141,140,0,11.6667,,6.06897,87,0,0.139213,35,0,0,11.619,31,,747,436,,0,0,0,1.03448
1604120164901,5,1010123456042,74,,1,0,6,1,2,,22.1757,370,116747,0.718329,150,0,11.5714,,0,2,0,0.1,1,0,0,0,31,,750,380,,0,0,0,0
1604120165151,5,1010123456042,74,,1,0,6,1,2,,20.376,500,121043,0.808321,203,0,11,,0,0,0,0,0,0,0,0,0,,750,494,,0,0,0,0
1604120165401,5,1010123456042,74,,1,0,6,1,2,,20.6152,382,129399,0.730153,156,0,11.6667,,0,0,0,0,0,0,0,0,0,,750,418,,0,0,0,0
1604120165651,5,1010123456042,74,,1,0,6,1,2,,21.4286,315,139256,0.670394,128,0,11.6667,,5.875,16,0,0.1,6,0,0,14.0926,31,,750,372,,0,0,0,1.75
1604120165901,5,1010123456042,74,,1,0,6,1,2,,21.2279,294,151074,0.591261,117,0,11.8571,,0,0,0,0,0,0,0,0,0,,750,338,,0,0,0,0
1604120166151,5,1010123456042,74,,1,0,6,1,2,,21.7416,503,153678,0.915791,202,0,11.3333,,0,0,0,0,0,0,0,0,0,,750,498,,0,0,0,0
1604120166401,5,1010123456042,74,,1,0,6,1,2,,21.688,500,155935,0.913992,204,0,11.5,,0,0,0,0,0,0,0,0,0,,750,504,,0,0,0,0
1604120166651,5,1010123456042,74,,1,0,6,1,2,,23.0077,520,155497,1.02904,215,0,12.1667,,5.55556,18,0,0.1,7,0,0,10.6666,31,,750,506,,0,0,0,2.5
1604120166901,5,1010123456042,74,,1,0,6,1,2,,21.6632,475,158692,0.869687,185,0,11.8571,,0,0,0,0,0,0,0,0,0,,750,484,,0,0,0,0
1604120167151,5,1010123456042,74,,1,0,6,1,2,,23.7368,589,152622,1.20485,235,0,12.3333,,0,0,0,0,0,0,0,0,0,,750,566,,0,0,0,0
1604120167401,5,1010123456042,74,,1,0,6,1,2,,24.2338,385,156135,0.895133,161,0,12.5,,0,0,0,0,0,0,0,0,0,,750,404,,0,0,0,0
1604120167651,5,1010123456042,74,,1,0,6,1,2,,23.2474,485,157629,0.947181,197,0,12.1667,,4.10526,19,0,0.1,8,0,0,12.5598,31,,750,466,,0,0,0,1
1604120167901,5,1010123456042,74,,1,0,6,1,2,,23.5363,248,168489,0.625767,101,0,12.5,,0,0,0,0,0,0,0,0,0,,750,302,,0,0,0,0
1604120168151,5,1010123456042,74,,1,0,6,1,2,,23.1694,366,172657,0.793639,144,0,12.1667,,0,0,0,0,0,0,0,0,0,,750,394,,0,0,0,0
1604120168401,5,1010123456042,74,,1,0,6,1,2,,23.3574,333,180417,0.747213,139,0,12.8333,,0,0,0,0,0,0,0,0,0,,750,358,,0,0,0,0
1604120168651,5,1010123456042,74,,1,0,6,1,2,,23.5806,341,179782,0.754602,129,0,12.6667,,10.2857,7,0,0.1,3,0,0,20.5336,31,,750,370,,0,0,0,1
1604120168901,5,1010123456042,74,,1,0,6,1,2,,23.1351,370,181241,0.808418,152,0,12.1429,,0,0,0,0,0,0,0,0,0,,750,400,,0,0,0,0
1604120169151,5,1010123456042,74,,1,0,6,1,2,,24.3901,282,182766,0.714892,115,0,13,,0,0,0,0,0,0,0,0,0,,750,322,,0,0,0,0
1604120169401,5,1010123456042,74,,1,0,6,1,2,,24.6737,472,177503,1.01147,184,0,12.8333,,15,12,0,0,4,100,0,8.08398,0,,750,460,,0,0,0,10
1604120169651,5,1010123456042,74,,1,0,6,1,2,,23.9038,208,183417,0.577831,87,0,12.8333,,10,7,0,0.1,3,0,0,20.4858,31,,750,262,,0,0,0,1
1604120169901,5,1010123456042,74,,1,0,6,1,2,,23.7809,397,183113,0.870779,161,0,12.5714,,0,0,0,0,0,0,0,0,0,,750,410,,0,0,0,0
1604120170151,5,1010123456042,74,,1,0,6,1,2,,23.5942,207,184057,0.571727,81,0,12.8333,,0,0,0,0,0,0,0,0,0,,753,276,,0,0,0,0
1604120170402,5,1010123456042,74,,1,0,6,1,2,,23.3784,185,184513,0.476096,74,0,12.8333,,0,0,0,0,0,0,0,0,0,,750,224,,0,0,0,0
1604120170651,5,1010123456042,74,,1,0,6,1,2,,24.0878,205,183648,0.531149,78,0,13.1667,,13.5455,11,0,0.1,4,0,0,21.0757,31,,747,248,,0,0,0,1
1604120170901,5,1010123456042,74,,1,0,6,1,2,,24.0467,214,183318,0.523566,82,0,13.1429,,0,0,0,0,0,0,0,0,0,,750,248,,0,0,0,0
1604120171151,5,1010123456042,74,,1,0,6,1,2,,23.4714,227,183224,0.560353,89,0,12.8333,,0,0,0,0,0,0,0,0,0,,747,270,,0,0,0,0
1604120171401,5,1010123456042,74,,1,0,6,1,2,,24.8018,217,182864,0.590618,89,0,13.2,,0,0,0,0,0,0,0,0,0,,750,254,,0,0,0,0
1604120171651,5,1010123456042,74,,1,0,6,1,2,,23.7411,197,182804,0.566683,80,0,13,,11.125,8,0,0.1,4,0,0,13.6448,31,,750,266,,0,0,0,1
1604120171901,5,1010123456042,74,,1,0,6,1,2,,23.8698,215,184106,0.578185,86,0,13.1429,,0,0,0,0,0,0,0,0,0,,750,264,,0,0,0,0
1604120172151,5,1010123456042,74,,1,0,6,1,2,,23.7607,234,182404,0.603245,92,0,13,,0,0,0,0,0,0,0,0,0,,750,292,,0,0,0,0
1604120172401,5,1010123456042,74,,1,0,6,1,2,,23.7536,276,183075,0.743871,113,0,13.1667,,0,0,0,0,0,0,0,0,0,,750,342,,0,0,0,0
1604120172651,5,1010123456042,74,,1,0,6,1,2,,25.235,234,183677,0.686618,95,0,13.5,,10.5714,7,0,0.1,3,0,0,18.1864,31,,750,294,,0,0,0,1
1604120172901,5,1010123456042,74,,1,0,6,1,2,,25.3469,245,183009,0.682924,100,0,13.4286,,0,0,0,0,0,0,0,0,0,,750,292,,0,0,0,0
1604120173151,5,1010123456042,74,,1,0,6,1,2,,25.2511,450,177632,1.03916,174,0,13.5,,0,0,0,0,0,0,0,0,0,,750,462,,0,0,0,0
1604120173401,5,1010123456042,74,,1,0,6,1,2,,24.4847,295,183731,0.726008,123,0,13,,0,0,0,0,0,0,0,0,0,,750,314,,0,0,0,0
1604120173651,5,1010123456042,74,,1,0,6,1,2,,23.5219,251,183234,0.623165,98,0,13,,15,12,0,0,4,100,0,6.43389,0,,750,298,,0,0,0,10
1604120173901,5,1010123456042,74,,1,0,6,1,2,,25.2785,237,183336,0.663004,96,0,13.4286,,0,0,0,0,0,0,0,0,0,,750,282,,0,0,0,0
1604120174151,5,1010123456042,74,,1,0,6,1,2,,25.3388,546,172340,1.23418,212,0,13.1667,,0,4,0,0.1,2,0,0,0,31,,750,540,,0,0,0,0
1604120174401,5,1010123456042,74,,1,0,6,1,2,,25.4956,567,162821,1.30821,232,0,13.1667,,0,0,0,0,0,0,0,0,0,,750,560,,0,0,0,0
1604120174651,5,1010123456042,74,,1,0,6,1,2,,25.3494,541,157373,1.18573,218,0,13.1667,,5.52381,42,0,0.1,16,25,0,8.04749,31,,750,508,,0,0,0,3.57143
1604120174901,5,1010123456042,74,,1,0,6,1,2,,25.2209,584,148940,1.26818,238,0,13,,0,0,0,0,0,0,0,0,0,,750,552,,0,0,0,0
1604120175151,5,1010123456042,74,,1,0,6,1,2,,25.4254,449,139672,1.32851,186,0,13.5,,0,0,0,0,0,0,0,0,0,,861,548,,0,0,0,0
1604120175401,5,1010123456042,74,,1,0,6,1,2,,25.4798,421,135947,1.05115,163,0,13.1667,,0,0,0,0,0,0,0,0,0,,794,474,,0,0,0,0
1604120175651,5,1010123456042,74,,1,0,6,1,2,,25.875,584,94256,2.3519,235,0,13.1667,,4.64286,42,0,0.1,18,11.1111,0,9.93622,31,,1197,966,,0,0,0,1.85714
1604120175901,5,1010123456042,74,,1,0,6,1,2,,25.0236,508,64418,2.00466,207,0,12.8571,,0,0,0,0,0,0,0,0,0,,1137,846,,0,0,0,0
1604120176151,5,1010123456042,74,,1,0,6,1,2,,23.2739,230,77174,0.563695,91,0,12.8333,,0,0,0,0,0,0,0,0,0,,750,276,,0,0,0,0
1604120176401,5,1010123456042,74,,1,0,6,1,2,,24.2634,243,88765,0.605076,95,0,13.1667,,0,0,0,0,0,0,0,0,0,,750,278,,0,0,0,0
1604120176651,5,1010123456042,74,,1,0,6,1,2,,23.41,239,101703,0.562281,95,0,13,,13.9375,16,0,0.1,6,16.6667,0,16.4591,31,,753,270,,0,0,0,2.6875
1604120176901,5,1010123456042,74,,1,0,6,1,2,,23.2511,227,113249,0.572369,93,0,12.7143,,0,0,0,0,0,0,0,0,0,,750,274,,0,0,0,0
1604120177151,5,1010123456042,74,,1,0,6,1,2,,23.0162,247,125583,0.591647,97,0,12.8,,0,0,0,0,0,0,0,0,0,,750,286,,0,0,0,0
1604120177401,5,1010123456042,74,,1,0,6,1,2,,24.0045,220,137384,0.606426,91,0,13.1667,,0,0,0,0,0,0,0,0,0,,747,278,,0,0,0,0
1604120177651,5,1010123456042,74,,1,0,6,1,2,,25.4788,236,148246,0.61539,94,0,13.6667,,15.1667,24,0,0.138024,11,18.1818,0,17.8145,31,,747,270,,0,0,0,2.58333
1604120177901,5,1010123456042,74,,1,0,6,1,2,,23.8702,208,160467,0.597622,87,0,13,,0,0,0,0,0,0,0,0,0,,750,274,,0,0,0,0
1604120178151,5,1010123456042,74,,1,0,6,1,2,,22.7881,236,172253,0.60212,99,0,12.6667,,0,0,0,0,0,0,0,0,0,,750,300,,0,0,0,0
1604120178401,5,1010123456042,74,,1,0,6,1,2,,24.6538,182,183165,0.513799,72,0,13.3333,,0,0,0,0,0,0,0,0,0,,750,238,,0,0,0,0
1604120178651,5,1010123456042,74,,1,0,6,1,2,,24.6652,230,182786,0.692884,98,0,13.3333,,14,9,0,0.1,4,0,0,21.2171,31,,750,300,,0,0,0,1
1604120178901,5,1010123456042,74,,1,0,6,1,2,,25.1806,216,183031,0.576867,81,0,13.5714,,0,0,0,0,0,0,0,0,0,,750,258,,0,0,0,0
1604120179151,5,1010123456042,74,,1,0,6,1,2,,25.6814,452,180354,1.02975,179,0,13.3333,,0,0,0,0,0,0,0,0,0,,750,436,,0,0,0,0
1604120179401,5,1010123456042,74,,1,0,6,1,2,,25.4253,602,171201,1.29253,240,0,13.2,,0,0,0,0,0,0,0,0,0,,750,554,,0,0,0,0
1604120179651,5,1010123456042,74,,1,0,6,1,2,,26.3796,432,167911,1.09327,170,0,13.8333,,14,11,0,0.1,5,40,0,15.2841,31,,750,432,,0,0,0,4.27273
1604120179901,5,1010123456042,74,,1,0,6,1,2,,26.6118,322,172282,0.822876,132,0,13.8571,,0,0,0,0,0,0,0,0,0,,750,314,,0,0,0,0
1604120180151,5,1010123456042,74,,1,0,6,1,2,,26.0259,578,160986,1.34805,228,0,13.5,,0,0,0,0,0,0,0,0,0,,750,564,,0,0,0,0
1604120180401,5,1010123456042,74,,1,0,6,1,2,,25.6846,447,159475,1.08877,186,0,13.5,,0,0,0,0,0,0,0,0,0,,750,434,,0,0,0,0
1604120180651,5,1010123456042,74,,1,0,6,1,2,,25.7062,337,163424,0.820305,128,0,13.6667,,10.5556,9,0,0.1,4,0,0,12.3273,31,,750,362,,0,0,0,2
1604120180901,5,1010123456042,74,,1,0,6,1,2,,25.6834,338,168435,0.856193,139,0,13.6667,,0,0,0,0,0,0,0,0,0,,750,346,,0,0,0,0
1604120181151,5,1010123456042,74,,1,0,6,1,2,,25.8055,293,173624,0.776675,114,0,13.5,,0,0,0,0,0,0,0,0,0,,750,342,,0,0,0,0
1604120181401,5,1010123456042,74,,1,0,6,1,2,,25.6169,355,175529,0.969253,148,0,13.5,,0,0,0,0,0,0,0,0,0,,750,386,,0,0,0,0
1604120181651,5,1010123456042,74,,1,0,6,1,2,,25.7101,476,171376,1.09934,183,0,13.3333,,4.60976,41,0,0.1,16,0,0,10.7426,31,,750,478,,0,0,0,1.12195
1604120181901,5,1010123456042,74,,1,0,6,1,2,,25.3673,490,167284,1.15913,206,0,13.4286,,0,0,0,0,0,0,0,0,0,,750,486,,0,0,0,0
1604120182151,5,1010123456042,74,,1,0,6,1,2,,26.3591,504,160767,1.20588,203,0,13.8333,,0,0,0,0,0,0,0,0,0,,750,492,,0,0,0,0
1604120182401,5,1010123456042,74,,1,0,6,1,2,,25.5199,302,168531,0.743357,121,0,13.5,,0,0,0,0,0,0,0,0,0,,750,312,,0,0,0,0
1604120182651,5,1010123456042,74,,1,0,6,1,2,,24.9262,420,168077,0.975582,161,0,13.3333,,5.17857,28,0,0.1,11,0,0,13.0909,31,,750,440,,0,0,0,1.35714
1604120182901,5,1010123456042,74,,1,0,6,1,2,,24.88,300,175433,0.705542,122,0,13,,0,0,0,0,0,0,0,0,0,,750,310,,0,0,0,0
1604120183151,5,1010123456042,74,,1,0,6,1,2,,25.3874,475,173820,1.03968,190,0,13.2,,0,0,0,0,0,0,0,0,0,,750,452,,0,0,0,0
1604120183401,5,1010123456042,74,,1,0,6,1,2,,25.8005,441,172420,1.06259,183,0,13.5,,0,0,0,0,0,0,0,0,0,,750,434,,0,0,0,0
1604120183652,5,1010123456042,74,,1,0,2,1,2,,26.1615,192,183326,0.454464,78,0,13.5,,15.25,40,0,0.138752,15,40,0,13.0507,31,,439,178,,0,0,0,6.025
1604120183901,5,1010123456042,74,,1,0,2,1,2,,26.425,120,183286,0.238265,48,0,13.2857,,0,0,0,0,0,0,0,0,0,,249,96,,0,0,0,0
1604120184151,5,1010123456042,74,,1,0,2,1,2,,26.7083,120,184385,0.249349,49,0,13.1667,,0,0,0,0,0,0,0,0,0,,250,98,,0,0,0,0
1604120184401,5,1010123456042,74,,1,0,2,1,2,,26.913,115,182966,0.205494,40,0,13.5,,0,0,0,0,0,0,0,0,0,,250,90,,0,0,0,0
1604120184651,5,1010123456042,74,,1,0,2,1,2,,27.4016,127,183249,0.304675,55,0,13.8333,,11,12,148854,0.1,5,40,0,20.2601,31,,249,98,,0,0,0,4
1604120184901,5,1010123456042,74,,1,0,2,1,2,,26.6286,105,183609,0.231486,45,0,13.2857,,14.5,40,0,0.154088,16,37.5,0,11.9386,0,,250,88,,0,0,0,5.9
1604120185151,5,1010123456042,74,,1,0,2,1,2,,27.1525,118,184593,0.251984,47,0,13.6667,,0,0,0,0,0,0,0,0,0,,250,94,,0,0,0,0
1604120185401,5,1010123456042,74,,1,0,2,1,2,,26.4324,111,183785,0.206972,42,0,13,,0,0,0,0,0,0,0,0,0,,250,88,,0,0,0,0
1604120185651,5,1010123456042,74,,1,0,2,1,2,,26.4766,107,184513,0.218602,44,0,13.1667,,13.7778,9,0,0.1,4,0,0,25.7124,31,,250,86,,0,0,0,1
1604120185901,5,1010123456042,74,,1,0,2,1,2,,25.9035,114,183210,0.228434,46,0,13.2857,,0,0,0,0,0,0,0,0,0,,250,94,,0,0,0,0
1604120186151,5,1010123456042,74,,1,0,2,1,2,,26.7895,114,183281,0.245044,47,0,13.3333,,0,0,0,0,0,0,0,0,0,,250,90,,0,0,0,0
1604120186401,5,1010123456042,74,,1,0,2,1,2,,25.7826,115,184020,0.213494,45,0,12.8333,,0,0,0,0,0,0,0,0,0,,250,90,,0,0,0,0
1604120186651,5,1010123456042,74,,1,0,2,1,2,,26.2101,119,184164,0.224578,46,0,13.1667,,14.5263,19,0,0.1,7,42.8571,0,17.0462,31,,250,96,,0,0,0,4.89474
1604120186901,5,1010123456042,74,,1,0,2,1,2,,26.0614,114,183233,0.218924,46,0,13.2857,,0,0,0,0,0,0,0,0,0,,250,92,,0,0,0,0
1604120187151,5,1010123456042,74,,1,0,2,1,2,,26.6017,118,184600,0.250795,50,0,13,,0,0,0,0,0,0,0,0,0,,250,96,,0,0,0,0
1604120187401,5,1010123456042,74,,1,0,2,1,2,,25.6087,92,183392,0.17404,37,0,12.8333,,0,0,0,0,0,0,0,0,0,,250,78,,0,0,0,0
1604120187651,5,1010123456042,74,,1,0,2,1,2,,25.844,109,184066,0.219406,45,0,12.8333,,14.5714,7,0,0.1,3,0,0,21.1392,31,,250,88,,0,0,0,1
1604120187901,5,1010123456042,74,,1,0,2,1,2,,26.7895,133,184352,0.274249,52,0,13.4286,,0,0,0,0,0,0,0,0,0,,250,104,,0,0,0,0
1604120188151,5,1010123456042,74,,1,0,2,1,2,,26.0404,99,184132,0.198586,41,0,13,,0,0,0,0,0,0,0,0,0,,250,82,,0,0,0,0
1604120188401,5,1010123456042,74,,1,0,2,1,2,,26.3333,108,183268,0.213976,44,0,13,,0,0,0,0,0,0,0,0,0,,250,90,,0,0,0,0
1604120188651,5,1010123456042,74,,1,0,2,1,2,,25.3131,99,183623,0.178602,39,0,12.5,,14.4375,16,0,0.1,6,50,0,14.7548,31,,250,78,,0,0,0,6.25
1604120188901,5,1010123456042,74,,1,0,2,1,2,,24.708,113,183343,0.210088,47,0,12.6667,,0,0,0,0,0,0,0,0,0,,250,90,,0,0,0,0
1604120189151,5,1010123456042,74,,1,0,2,1,2,,25.6748,123,183310,0.227952,47,0,12.6667,,0,0,0,0,0,0,0,0,0,,250,100,,0,0,0,0
1604120189401,5,1010123456042,74,,1,0,2,1,2,,26.0438,137,182997,0.250763,53,0,13,,0,0,0,0,0,0,0,0,0,,250,104,,0,0,0,0
1604120189651,5,1010123456042,74,,1,0,2,1,2,,25.5887,124,183532,0.218699,47,0,12.6667,,5.85714,28,0,0.1,11,0,0,16.7747,31,,250,94,,0,0,0,1.14286
1604120189901,5,1010123456042,74,,1,0,2,1,2,,23.8,100,184110,0.176514,42,0,12,,0,0,0,0,0,0,0,0,0,,250,82,,0,0,0,0
1604120190151,5,1010123456042,74,,1,0,2,1,2,,24.4808,104,184473,0.183582,42,0,12,,0,0,0,0,0,0,0,0,0,,250,82,,0,0,0,0
1604120190401,5,1010123456042,74,,1,0,2,1,2,,25.9302,129,183031,0.223197,47,0,12.6667,,0,0,0,0,0,0,0,0,0,,250,100,,0,0,0,0
1604120190651,5,1010123456042,74,,1,0,2,1,2,,26.2917,120,183166,0.24347,50,0,12.6667,,10.375,8,0,0.1,3,0,0,17.2486,31,,249,96,,0,0,0,1.5
1604120190901,5,1010123456042,74,,1,0,2,1,2,,24.7521,117,183912,0.213847,48,0,12.1429,,0,0,0,0,0,0,0,0,0,,249,94,,0,0,0,0
1604120191151,5,1010123456042,74,,1,0,2,1,2,,23.0105,95,183587,0.151197,38,0,11.8333,,0,0,0,0,0,0,0,0,0,,250,78,,0,0,0,0
1604120191401,5,1010123456042,74,,1,0,2,1,2,,25.8026,152,183828,0.269944,58,0,12.5,,0,0,0,0,0,0,0,0,0,,250,120,,0,0,0,0
1604120191651,5,1010123456042,74,,1,0,2,1,2,,26.6824,85,183197,0.168932,34,0,13,,4.73077,26,0,0.1,10,0,0,16.5061,31,,250,64,,0,0,0,1
1604120191901,5,1010123456042,74,,1,0,2,1,2,,26.82,100,184188,0.209285,42,0,13,,0,0,0,0,0,0,0,0,0,,250,82,,0,0,0,0
1604120192151,5,1010123456042,74,,1,0,2,1,2,,25.5299,117,183400,0.214811,46,0,12.3333,,0,2,0,0.1,1,0,0,0,31,,250,94,,0,0,0,0
1604120192401,5,1010123456042,74,,1,0,2,1,2,,25.0741,108,184567,0.206072,46,0,12.6,,0,0,0,0,0,0,0,0,0,,250,88,,0,0,0,0
1604120192651,5,1010123456042,74,,1,0,2,1,2,,25.4712,104,184405,0.190876,41,0,12.6667,,14.5556,9,0,0.1,4,0,0,24.4671,31,,250,84,,0,0,0,1
1604120192901,5,1010123456042,74,,1,0,2,1,2,,25.4322,118,183601,0.222329,48,0,12.7143,,0,0,0,0,0,0,0,0,0,,250,94,,0,0,0,0
1604120193151,5,1010123456042,74,,1,0,2,1,2,,23.1232,138,184220,0.207165,52,0,11.8333,,0,0,0,0,0,0,0,0,0,,250,110,,0,0,0,0
1604120193401,5,1010123456042,74,,1,0,2,1,2,,22.6891,119,184440,0.191293,50,0,11.5,,0,0,0,0,0,0,0,0,0,,250,96,,0,0,0,0
1604120193651,5,1010123456042,74,,1,0,2,1,2,,23.7634,131,183402,0.215647,52,0,12.3333,,0,8,0,0.1,4,0,0,0,31,,250,108,,0,0,0,0
1604120193901,5,1010123456042,74,,1,0,2,1,2,,23.7385,130,184067,0.221847,53,0,12,,0,0,0,0,0,0,0,0,0,,250,104,,0,0,0,0
1604120194151,5,1010123456042,74,,1,0,2,1,2,,23.165,103,184651,0.178667,45,0,11.8333,,0,0,0,0,0,0,0,0,0,,250,86,,0,0,0,0
1604120194401,5,1010123456042,74,,1,0,2,1,2,,21.6562,96,183386,0.137735,39,0,11.1667,,0,0,0,0,0,0,0,0,0,,250,78,,0,0,0,0
1604120194651,5,1010123456042,74,,1,0,2,1,2,,22.3451,113,183915,0.16241,43,0,11.3333,,10.9231,13,0,0.1,5,0,0,19.6199,31,,250,92,,0,0,0,1.15385
1604120194901,5,1010123456042,74,,1,0,2,1,2,,22.4356,101,183776,0.155149,41,0,11.7143,,0,0,0,0,0,0,0,0,0,,250,78,,0,0,0,0
1604120195151,5,1010123456042,74,,1,0,2,1,2,,23.9402,117,183580,0.200867,48,0,12,,0,0,0,0,0,0,0,0,0,,250,94,,0,0,0,0
1604120195401,5,1010123456042,74,,1,0,2,1,2,,23.4369,103,183940,0.175133,43,0,12,,0,0,0,0,0,0,0,0,0,,250,88,,0,0,0,0
1604120195651,5,1010123456042,74,,1,0,2,1,2,,23.4127,126,183357,0.209349,52,0,11.8333,,4.70833,24,0,0.1,10,0,0,14.3499,31,,250,104,,0,0,0,1
1604120195901,5,1010123456042,74,,1,0,2,1,2,,24.0909,121,184250,0.208867,49,0,12.3333,,0,0,0,0,0,0,0,0,0,,250,98,,0,0,0,0
1604120196151,5,1010123456042,74,,1,0,2,1,2,,25.4255,94,183234,0.176514,38,0,12.8333,,0,0,0,0,0,0,0,0,0,,250,76,,0,0,0,0
1604120196401,5,1010123456042,74,,1,0,2,1,2,,25.2991,117,183612,0.22596,49,0,12.6667,,0,0,0,0,0,0,0,0,0,,251,98,,0,0,0,0
1604120196651,5,1010123456042,74,,1,0,2,1,2,,23.6863,102,184228,0.167325,40,0,12.1667,,10.5714,7,0,0.1,3,0,0,14.3403,31,,249,82,,0,0,0,1.85714
1604120196901,5,1010123456042,74,,1,0,2,1,2,,23.6591,132,183520,0.21812,53,0,12.1429,,0,0,0,0,0,0,0,0,0,,250,104,,0,0,0,0
1604120197151,5,1010123456042,74,,1,0,2,1,2,,23.3684,95,184495,0.157783,39,0,12.6667,,0,0,0,0,0,0,0,0,0,,249,78,,0,0,0,0
1604120197401,5,1010123456042,74,,1,0,2,1,2,,25.2956,159,184376,0.284594,62,0,12.6667,,0,0,0,0,0,0,0,0,0,,250,126,,0,0,0,0
1604120197651,5,1010123456042,74,,1,0,2,1,2,,26.2966,118,182974,0.23245,47,0,12.8333,,5.05882,17,0,0.1,7,0,0,17.2295,31,,250,96,,0,0,0,1.35294
1604120197901,5,1010123456042,74,,1,0,2,1,2,,26.4435,115,183645,0.224064,46,0,13,,0,0,0,0,0,0,0,0,0,,250,88,,0,0,0,0
1604120198151,5,1010123456042,74,,1,0,2,1,2,,27.1091,110,184089,0.22294,43,0,13.1667,,0,0,0,0,0,0,0,0,0,,250,86,,0,0,0,0
1604120198401,5,1010123456042,74,,1,0,2,1,2,,26.453,117,184473,0.22988,47,0,13,,0,0,0,0,0,0,0,0,0,,250,92,,0,0,0,0
1604120198651,5,1010123456042,74,,1,0,2,1,2,,26.4091,110,183577,0.20996,43,0,13,,11.5,8,0,0.1,3,0,0,17.5029,31,,250,90,,0,0,0,1.375
1604120198901,5,1010123456042,74,,1,0,2,1,2,,25.0707,99,183969,0.187791,41,0,13,,0,0,0,0,0,0,0,0,0,,250,78,,0,0,0,0
1604120199151,5,1010123456042,74,,1,0,2,1,2,,25.3211,109,183713,0.186345,40,0,13,,0,0,0,0,0,0,0,0,0,,250,86,,0,0,0,0
1604120199401,5,1010123456042,74,,1,0,2,1,2,,25.6636,107,183657,0.190104,41,0,13,,0,0,0,0,0,0,0,0,0,,250,82,,0,0,0,0
1604120199651,5,1010123456042,74,,1,0,2,1,2,,25.4628,121,184263,0.2231,48,0,12.6667,,13.5,16,0,0.1,6,66.6667,0,9.58511,31,,250,94,,0,0,0,7.75
1604120199901,5,1010123456042,74,,1,0,2,1,2,,25.9661,118,184533,0.2391,50,0,12.7143,,0,0,0,0,0,0,0,0,0,,250,96,,0,0,0,0
1604120200151,5,1010123456042,74,,1,0,2,1,2,,25.125,112,184257,0.186249,41,0,12.3333,,0,0,0,0,0,0,0,0,0,,250,88,,0,0,0,0
1604120200401,5,1010123456042,74,,1,0,2,1,2,,24.6696,115,184036,0.206618,47,0,12.3333,,0,0,0,0,0,0,0,0,0,,250,90,,0,0,0,0
1604120200651,5,1010123456042,74,,1,0,2,1,2,,25.4275,138,183694,0.244434,52,0,12.8333,,11.7143,14,0,0.1,6,66.6667,0,15.2002,31,,250,106,,0,0,0,6.14286
1604120200901,5,1010123456042,74,,1,0,2,1,2,,24.6891,119,183046,0.218249,49,0,12.7143,,0,0,0,0,0,0,0,0,0,,250,96,,0,0,0,0
1604120201151,5,1010123456042,74,,1,0,2,1,2,,26.0687,131,183712,0.252273,52,0,12.8333,,0,0,0,0,0,0,0,0,0,,250,108,,0,0,0,0
1604120201401,5,1010123456042,74,,1,0,2,1,2,,24.8788,132,183873,0.242956,54,0,12.3333,,2,3,0,0.1,1,0,0,18.8189,31,,250,104,,0,0,0,1
1604120201651,5,1010123456042,74,,1,0,2,1,2,,25.7229,83,183476,0.151004,32,0,12.6667,,12.375,8,0,0.1,3,0,0,13.3621,31,,250,66,,0,0,0,1.375
1604120201901,5,1010123456042,74,,1,0,2,1,2,,26,116,183887,0.234442,49,0,12.7143,,0,0,0,0,0,0,0,0,0,,250,94,,0,0,0,0
1604120202151,5,1010123456042,74,,1,0,2,1,2,,25.5433,127,183730,0.228787,49,0,12.8333,,0,0,0,0,0,0,0,0,0,,250,104,,0,0,0,0
1604120202401,5,1010123456042,74,,1,0,2,1,2,,26.4248,113,184393,0.230137,47,0,12.8333,,0,0,0,0,0,0,0,0,0,,250,88,,0,0,0,0
1604120202651,5,1010123456042,74,,1,0,2,1,2,,26.1268,142,183018,0.26898,56,0,12.8333,,5.64286,28,0,0.1,11,0,0,10.6745,31,,250,118,,0,0,0,1.10714
1604120202901,5,1010123456042,74,,1,0,2,1,2,,26.2083,120,184607,0.237141,49,0,12.8571,,0,0,0,0,0,0,0,0,0,,250,96,,0,0,0,0
1604120203151,5,1010123456042,74,,1,0,2,1,2,,24.9286,126,183712,0.230394,51,0,12.5,,0,0,0,0,0,0,0,0,0,,250,98,,0,0,0,0
1604120203401,5,1010123456042,74,,1,0,2,1,2,,26.0577,104,183504,0.187213,39,0,13,,0,0,0,0,0,0,0,0,0,,251,82,,0,0,0,0
1604120203651,5,1010123456042,74,,1,0,2,1,2,,24.4362,94,184287,0.169992,39,0,12.1667,,14.3019,53,0,0.109141,20,55,0,9.24987,31,,249,76,,0,0,0,6.11321
1604120203901,5,1010123456042,74,,1,0,2,1,2,,25,146,183692,0.253558,56,0,12.5714,,0,0,0,0,0,0,0,0,0,,251,114,,0,0,0,0
1604120204151,5,1010123456042,74,,1,0,2,1,2,,25.5684,95,184094,0.172498,37,0,12.5,,0,0,0,0,0,0,0,0,0,,249,76,,0,0,0,0
1604120204401,5,1010123456042,74,,1,0,2,1,2,,26.0645,124,183881,0.249574,52,0,12.6667,,0,0,0,0,0,0,0,0,0,,250,102,,0,0,0,0
1604120204651,5,1010123456042,74,,1,0,2,1,2,,26.6471,136,184264,0.276562,56,0,12.8333,,0,8,0,0,4,100,0,0,0,,250,110,,0,0,0,0
1604120204901,5,1010123456042,74,,1,0,2,1,2,,26.6827,104,183856,0.203727,41,0,13,,0,0,0,0,0,0,0,0,0,,250,82,,0,0,0,0
1604120205151,5,1010123456042,74,,1,0,2,1,2,,25.8705,139,184440,0.256193,54,0,12.8,,4.92,25,0,0.1,10,0,0,11.1094,31,,250,112,,0,0,0,1.12
1604120205401,5,1010123456042,74,,1,0,2,1,2,,26.8661,112,183384,0.230233,46,0,13,,0,0,0,0,0,0,0,0,0,,250,90,,0,0,0,0
1604120205651,5,1010123456042,74,,1,0,2,1,2,,25.5714,119,183927,0.217896,46,0,12.6667,,7,8,0,0.1,3,0,0,19.7014,31,,250,94,,0,0,0,1
1604120205901,5,1010123456042,74,,1,0,2,1,2,,24.4914,116,183327,0.210378,48,0,13,,0,2,0,0.1,1,0,0,0,31,,250,96,,0,0,0,0
1604120206151,5,1010123456042,74,,1,0,2,1,2,,25.2222,90,183824,0.178345,39,0,12.8,,0,0,0,0,0,0,0,0,0,,250,76,,0,0,0,0
1604120206401,5,1010123456042,74,,1,0,2,1,2,,24.2432,111,183721,0.194217,45,0,12.6667,,0,0,0,0,0,0,0,0,0,,250,90,,0,0,0,0
1604120206651,5,1010123456042,74,,1,0,2,1,2,,26.3451,113,184273,0.22808,47,0,13,,0,8,0,0,4,100,0,0,0,,250,90,,0,0,0,0
1604120206901,5,1010123456042,74,,1,0,2,1,2,,25.807,114,183537,0.214747,44,0,13.4286,,0,0,0,0,0,0,0,0,0,,250,88,,0,0,0,0
1604120207151,5,1010123456042,74,,1,0,2,1,2,,25.9545,88,183899,0.168932,34,0,12.8333,,5,5,0,0.1,2,0,0,11.5118,31,,250,72,,0,0,0,1
1604120207401,5,1010123456042,74,,1,0,2,1,2,,25.5243,103,183899,0.18959,41,0,13,,0,0,0,0,0,0,0,0,0,,250,82,,0,0,0,0
1604120207651,5,1010123456042,74,,1,0,2,1,2,,25.7578,128,184113,0.232514,49,0,12.8333,,11.3333,15,0,0.1,6,33.3333,0,13.4228,31,,250,98,,0,0,0,3.53333
1604120207901,5,1010123456042,74,,1,0,2,1,2,,25,107,184091,0.194795,43,0,12.4286,,13.8421,38,0,0.1,15,53.3333,0,8.43617,0,,250,84,,0,0,0,7.02632
1604120208151,5,1010123456042,74,,1,0,2,1,2,,26.3209,134,183481,0.248,51,0,12.8333,,0,0,0,0,0,0,0,0,0,,250,106,,0,0,0,0
1604120208401,5,1010123456042,74,,1,0,2,1,2,,26.3421,114,184321,0.215004,44,0,13,,0,0,0,0,0,0,0,0,0,,250,86,,0,0,0,0
1604120208651,5,1010123456042,74,,1,0,2,1,2,,25.9717,106,184273,0.191871,40,0,13,,6.75439,57,0,0.1,23,26.087,0,9.99932,31,,250,80,,0,0,0,3.52632
1604120208901,5,1010123456042,74,,1,0,2,1,2,,26.1222,90,184169,0.190908,38,0,13.1429,,0,0,0,0,0,0,0,0,0,,250,78,,0,0,0,0
1604120209151,5,1010123456042,74,,1,0,2,1,2,,27.2474,97,183517,0.209092,40,0,13.3333,,0,0,0,0,0,0,0,0,0,,250,80,,0,0,0,0
1604120209401,5,1010123456042,74,,1,0,2,1,2,,26,125,183349,0.249446,52,0,13,,0,0,0,0,0,0,0,0,0,,250,102,,0,0,0,0
1604120209651,5,1010123456042,74,,1,0,2,1,2,,26.282,117,183485,0.242699,50,0,13,,3.21739,23,0,0.1,10,0,0,13.8007,31,,250,96,,0,0,0,1.43478
1604120209901,5,1010123456042,74,,1,0,2,1,2,,26.087,115,182558,0.20106,42,0,13,,0,0,0,0,0,0,0,0,0,,250,92,,0,0,0,0
1604120210151,5,1010123456042,74,,1,0,2,1,2,,24.5667,90,183253,0.177863,40,0,13,,0,0,0,0,0,0,0,0,0,,250,76,,0,0,0,0
1604120210401,5,1010123456042,74,,1,0,2,1,2,,25.3613,119,183453,0.237462,51,0,13,,0,0,0,0,0,0,0,0,0,,250,100,,0,0,0,0
1604120210651,5,1010123456042,74,,1,0,2,1,2,,26.835,103,184437,0.209285,42,0,13,,4.93333,45,0,0.1,19,10.5263,0,10.952,31,,250,82,,0,0,0,2.33333
1604120210901,5,1010123456042,74,,1,0,2,1,2,,25.7838,111,183780,0.212337,45,0,13,,0,0,0,0,0,0,0,0,0,,250,90,,0,0,0,0
1604120211151,5,1010123456042,74,,1,0,2,1,2,,26.0519,135,184496,0.25147,51,0,13.1667,,0,0,0,0,0,0,0,0,0,,250,106,,0,0,0,0
1604120211401,5,1010123456042,74,,1,0,2,1,2,,27.203,133,183141,0.286426,55,0,13.3333,,0,0,0,0,0,0,0,0,0,,250,108,,0,0,0,0
1604120211651,5,1010123456042,74,,1,0,2,1,2,,26.3571,126,184136,0.253141,51,0,13.1667,,8.5,8,0,0.1,3,0,0,14.6399,31,,250,102,,0,0,0,2.75
1604120211901,5,1010123456042,74,,1,0,2,1,2,,26.0273,110,183592,0.208932,43,0,13.1429,,0,0,0,0,0,0,0,0,0,,250,86,,0,0,0,0
1604120212151,5,1010123456042,74,,1,0,2,1,2,,26.7177,124,184581,0.250474,48,0,13.5,,0,0,0,0,0,0,0,0,0,,250,96,,0,0,0,0
1604120212401,5,1010123456042,74,,1,0,2,1,2,,27.0786,140,183082,0.287807,54,0,13.3333,,0,2,0,0.1,1,0,0,0,31,,250,108,,0,0,0,0
1604120212651,5,1010123456042,74,,1,0,2,1,2,,27.6239,117,183837,0.258249,46,0,11.8333,,15.6842,76,0,0.1,31,77.4194,0,8.94892,31,,250,104,,0,0,0,8.13158
1604120212901,5,1010123456042,74,,1,0,2,1,2,,27.1705,88,183885,0.188112,35,0,13.7143,,0,0,0,0,0,0,0,0,0,,250,70,,0,0,0,0
1604120213151,5,1010123456042,74,,1,0,2,1,2,,26.812,117,183744,0.243245,47,0,13.3333,,0,0,0,0,0,0,0,0,0,,250,94,,0,0,0,0
1604120213401,5,1010123456042,74,,1,0,2,1,2,,26.6702,94,183660,0.187373,36,0,13.6667,,2,3,0,0.1,1,0,0,19.8929,31,,250,74,,0,0,0,1
1604120213651,5,1010123456042,74,,1,0,2,1,2,,27.5172,116,183105,0.260337,47,0,13.8333,,14.9375,16,0,0.1,7,57.1429,0,13.3028,31,,250,92,,0,0,0,5.5
1604120213901,5,1010123456042,74,,1,0,2,1,2,,27.879,124,184296,0.286747,49,0,13.8571,,0,0,0,0,0,0,0,0,0,,250,100,,0,0,0,0
1604120214151,5,1010123456042,74,,1,0,2,1,2,,26.3607,122,184168,0.242024,49,0,13.5,,0,0,0,0,0,0,0,0,0,,250,98,,0,0,0,0
1604120214401,5,1010123456042,74,,1,0,2,1,2,,26.4022,92,184376,0.188594,38,0,13.1667,,0,0,0,0,0,0,0,0,0,,250,74,,0,0,0,0
1604120214651,5,1010123456042,74,,1,0,2,1,2,,26.4268,82,183444,0.178217,35,0,13.5,,9.68,25,0,0.1,9,44.4444,0,11.8036,31,,250,68,,0,0,0,5.4
1604120214901,5,1010123456042,74,,1,0,2,1,2,,26.4904,104,184364,0.206908,40,0,13.7143,,0,0,0,0,0,0,0,0,0,,250,80,,0,0,0,0
1604120215151,5,1010123456042,74,,1,0,2,1,2,,27.2154,130,183628,0.251727,47,0,13.3333,,0,0,0,0,0,0,0,0,0,,250,98,,0,0,0,0
1604120215401,5,1010123456042,74,,1,0,2,1,2,,26.9266,109,183407,0.248386,47,0,13.3333,,0,0,0,0,0,0,0,0,0,,250,92,,0,0,0,0
1604120215651,5,1010123456042,74,,1,0,2,1,2,,26.4537,108,183739,0.232386,45,0,13.3333,,2.72973,37,0,0.1,14,0,0,8.49109,31,,250,88,,0,0,0,1.08108
1604120215901,5,1010123456042,74,,1,0,2,1,2,,26.9902,102,184451,0.207807,40,0,13.4286,,0,0,0,0,0,0,0,0,0,,250,82,,0,0,0,0
1604120216151,5,1010123456042,74,,1,0,2,1,2,,27.7478,115,183639,0.263518,46,0,14,,0,0,0,0,0,0,0,0,0,,250,92,,0,0,0,0
1604120216401,5,1010123456042,74,,1,0,2,1,2,,27.4375,160,184583,0.35396,65,0,13.5,,0,0,0,0,0,0,0,0,0,,249,128,,0,0,0,0
1604120216651,5,1010123456042,74,,1,0,2,1,2,,26.2923,130,183815,0.263229,53,0,13.3333,,3.71429,21,0,0.1,8,0,0,8.88072,31,,250,106,,0,0,0,1
1604120216901,5,1010123456042,74,,1,0,2,1,2,,26.1182,110,184479,0.21057,42,0,13.5714,,0,0,0,0,0,0,0,0,0,,250,86,,0,0,0,0
1604120217151,5,1010123456042,74,,1,0,2,1,2,,27.0112,89,184251,0.192257,36,0,13.8333,,0,0,0,0,0,0,0,0,0,,250,74,,0,0,0,0
1604120217401,5,1010123456042,74,,1,0,2,1,2,,25.8906,128,184239,0.248546,52,0,13.8333,,0,0,0,0,0,0,0,0,0,,250,100,,0,0,0,0
1604120217651,5,1010123456042,74,,1,0,2,1,2,,26.7,110,184175,0.233542,45,0,13.6667,,5.41463,41,0,0.1,16,0,0,15.0705,31,,250,92,,0,0,0,1.68293
1604120217901,5,1010123456042,74,,1,0,2,1,2,,26.9182,110,184093,0.234056,45,0,13.4286,,0,0,0,0,0,0,0,0,0,,250,92,,0,0,0,0
1604120218151,5,1010123456042,74,,1,0,2,1,2,,26.7558,86,184425,0.190876,37,0,13.6667,,0,0,0,0,0,0,0,0,0,,250,70,,0,0,0,0
1604120218401,5,1010123456042,74,,1,0,2,1,2,,26.3065,124,183082,0.223775,45,0,13.5,,0,0,0,0,0,0,0,0,0,,250,94,,0,0,0,0
1604120218651,5,1010123456042,74,,1,0,2,1,2,,26.5968,124,184065,0.25902,50,0,13.6667,,13.4286,7,0,0.1,3,0,0,12.6768,31,,250,98,,0,0,0,2.28571
1604120218901,5,1010123456042,74,,1,0,2,1,2,,26.2847,137,183245,0.26506,54,0,13.4286,,0,0,0,0,0,0,0,0,0,,250,108,,0,0,0,0
1604120219151,5,1010123456042,74,,1,0,2,1,2,,27.0684,117,184217,0.248257,47,0,13.4,,0,0,0,0,0,0,0,0,0,,250,96,,0,0,0,0
1604120219401,5,1010123456042,74,,1,0,2,1,2,,26.4831,89,184469,0.190265,38,0,13.8333,,0,0,0,0,0,0,0,0,0,,250,72,,0,0,0,0
1604120219651,5,1010123456042,74,,1,0,2,1,2,,26.785,107,183405,0.22008,42,0,13.8333,,3.57143,35,0,0.1,14,0,0,13.0065,31,,250,86,,0,0,0,1
1604120219901,5,1010123456042,74,,1,0,2,1,2,,26.7194,139,183517,0.286169,55,0,13.5714,,0,0,0,0,0,0,0,0,0,,250,108,,0,0,0,0
1604120220151,5,1010123456042,74,,1,0,2,1,2,,26.7788,104,184153,0.203534,39,0,13.5,,0,0,0,0,0,0,0,0,0,,250,84,,0,0,0,0
1604120220401,5,1010123456042,74,,1,0,2,1,2,,26.7049,122,183849,0.255454,51,0,13.6667,,0,0,0,0,0,0,0,0,0,,250,98,,0,0,0,0
1604120220651,5,1010123456042,74,,1,0,2,1,2,,27.453,117,184497,0.257896,47,0,13.8333,,9.375,8,0,0.1,3,0,0,15.8064,31,,250,96,,0,0,0,1.5
1604120220901,5,1010123456042,74,,1,0,2,1,2,,27.3196,97,184045,0.208803,39,0,13.4286,,0,0,0,0,0,0,0,0,0,,250,76,,0,0,0,0
1604120221151,5,1010123456042,74,,1,0,2,1,2,,26.5941,101,183685,0.202763,39,0,13.3333,,0,0,0,0,0,0,0,0,0,,250,78,,0,0,0,0
1604120221401,5,1010123456042,74,,1,0,2,1,2,,25.1391,115,183198,0.207711,45,0,13,,0,0,0,0,0,0,0,0,0,,250,90,,0,0,0,0
1604120221651,5,1010123456042,74,,1,0,2,1,2,,25.9072,97,184209,0.198458,41,0,13.5,,0,0,0,0,0,0,0,0,0,,250,84,,0,0,0,0
1604120221901,5,1010123456042,74,,1,0,2,1,2,,26.0667,120,182966,0.224707,46,0,13.4286,,6.5,24,0,0.1,9,0,0,14.6247,31,,250,94,,0,0,0,1.25
1604120222151,5,1010123456042,74,,1,0,2,1,2,,26.427,89,184373,0.201896,40,0,13.3333,,0,0,0,0,0,0,0,0,0,,250,76,,0,0,0,0
1604120222401,5,1010123456042,74,,1,0,2,1,2,,25.6337,101,184435,0.190072,40,0,12.8333,,0,0,0,0,0,0,0,0,0,,250,80,,0,0,0,0
1604120222651,5,1010123456042,74,,1,0,2,1,2,,26.4914,116,182896,0.229944,45,0,13.1667,,14.3636,11,0,0.1,5,20,0,16.295,31,,250,94,,0,0,0,2.81818
1604120222901,5,1010123456042,74,,1,0,2,1,2,,26.4904,104,183817,0.213687,43,0,13.2857,,0,0,0,0,0,0,0,0,0,,250,84,,0,0,0,0
1604120223151,5,1010123456042,74,,1,0,2,1,2,,26.8333,120,183817,0.235872,47,0,13.1667,,0,0,0,0,0,0,0,0,0,,250,94,,0,0,0,0
1604120223401,5,1010123456042,74,,1,0,2,1,2,,26.1324,136,183321,0.2551,52,0,13.1667,,0,0,0,0,0,0,0,0,0,,250,104,,0,0,0,0
1604120223651,5,1010123456042,74,,1,0,2,1,2,,26.8548,124,183090,0.238779,48,0,13,,5.07143,14,0,0.1,6,0,0,6.40442,31,,250,98,,0,0,0,1.5
1604120223901,5,1010123456042,74,,1,0,2,1,2,,26.6018,113,183251,0.247293,49,0,13,,0,0,0,0,0,0,0,0,0,,250,94,,0,0,0,0
1604120224151,5,1010123456042,74,,1,0,2,1,2,,26.0568,88,183483,0.173847,35,0,13,,0,0,0,0,0,0,0,0,0,,250,72,,0,0,0,0
1604120224401,5,1010123456042,74,,1,0,2,1,2,,26.5435,92,183371,0.202281,40,0,13.6667,,0,0,0,0,0,0,0,0,0,,250,76,,0,0,0,0
1604120224651,5,1010123456042,74,,1,0,2,1,2,,26.4038,104,184571,0.197912,40,0,13.1667,,3,25,0,0.1,10,0,0,9.087,31,,250,80,,0,0,0,1.12
1604120224901,5,1010123456042,74,,1,0,2,1,2,,26.7315,108,183859,0.209028,42,0,13,,0,0,0,0,0,0,0,0,0,,250,86,,0,0,0,0
1604120225151,5,1010123456042,74,,1,0,2,1,2,,26.7387,111,184435,0.218345,44,0,13,,0,0,0,0,0,0,0,0,0,,250,88,,0,0,0,0
1604120225401,5,1010123456042,74,,1,0,2,1,2,,25.3036,112,183823,0.216,47,0,12.8333,,0,0,0,0,0,0,0,0,0,,250,92,,0,0,0,0
1604120225651,5,1010123456042,74,,1,0,2,1,2,,24.3241,108,183802,0.181398,42,0,12.6667,,12.4444,9,0,0.1,4,0,0,17.4036,31,,250,88,,0,0,0,1
1604120225901,5,1010123456042,74,,1,0,2,1,2,,22.8385,130,183328,0.217028,55,0,12.2857,,0,0,0,0,0,0,0,0,0,,250,106,,0,0,0,0
1604120226151,5,1010123456042,74,,1,0,2,1,2,,25.3068,88,183927,0.165655,36,0,12.5,,0,0,0,0,0,0,0,0,0,,250,74,,0,0,0,0
1604120226401,5,1010123456042,74,,1,0,2,1,2,,25.9072,97,183955,0.181655,38,0,12.6667,,0,2,0,0.1,1,0,0,0,31,,250,80,,0,0,0,0
1604120226651,5,1010123456042,74,,1,0,2,1,2,,25.2346,81,183871,0.158426,35,0,12.3333,,13.4286,7,0,0.1,3,0,0,19.2921,31,,250,64,,0,0,0,1
1604120226901,5,1010123456042,74,,1,0,2,1,2,,24.5037,135,184079,0.226313,52,0,12.5714,,0,0,0,0,0,0,0,0,0,,250,106,,0,0,0,0
1604120227151,5,1010123456042,74,,1,0,2,1,2,,24.4809,131,184156,0.232,53,0,12,,0,0,0,0,0,0,0,0,0,,250,108,,0,0,0,0
1604120227401,5,1010123456042,74,,1,0,2,1,2,,24.136,125,183343,0.217285,51,0,12.2,,0,0,0,0,0,0,0,0,0,,250,102,,0,0,0,0
1604120227651,5,1010123456042,74,,1,0,2,1,2,,24.771,131,183708,0.230554,52,0,12.3333,,14.5,8,0,0.1,3,0,0,16.3595,31,,250,102,,0,0,0,1.75
1604120227901,5,1010123456042,74,,1,0,2,1,2,,25.1165,103,183749,0.185092,41,0,12.4286,,0,0,0,0,0,0,0,0,0,,250,84,,0,0,0,0
1604120228151,5,1010123456042,74,,1,0,2,1,2,,24.9825,114,183112,0.215775,48,0,12.1667,,0,0,0,0,0,0,0,0,0,,250,94,,0,0,0,0
1604120228401,5,1010123456042,74,,1,0,2,1,2,,23.6378,127,184220,0.19894,48,0,11.6667,,0,0,0,0,0,0,0,0,0,,250,98,,0,0,0,0
1604120228651,5,1010123456042,74,,1,0,2,1,2,,24.37,100,183296,0.171695,40,0,12,,12,11,0,0.1,5,20,0,19.9394,31,,250,80,,0,0,0,2.63636
1604120228901,5,1010123456042,74,,1,0,2,1,2,,23.4919,124,184315,0.205044,50,0,11.5714,,0,0,0,0,0,0,0,0,0,,250,100,,0,0,0,0
1604120229151,5,1010123456042,74,,1,0,2,1,2,,23.3053,131,183668,0.216353,54,0,11.5,,0,0,0,0,0,0,0,0,0,,250,106,,0,0,0,0
1604120229401,5,1010123456042,74,,1,0,2,1,2,,24.0909,143,183552,0.239422,56,0,11.6667,,0,0,0,0,0,0,0,0,0,,250,114,,0,0,0,0
1604120229651,5,1010123456042,74,,1,0,2,1,2,,22.7938,97,184401,0.158876,41,0,11.3333,,8,15,0,0.1,7,57.1429,0,4.12322,31,,250,84,,0,0,0,5.8
1604120229901,5,1010123456042,74,,1,0,2,1,2,,23.4021,97,183964,0.168418,42,0,11.7143,,0,0,0,0,0,0,0,0,0,,250,78,,0,0,0,0
1604120230151,5,1010123456042,74,,1,0,2,1,2,,24.1735,98,184304,0.179341,42,0,11.6667,,0,0,0,0,0,0,0,0,0,,250,84,,0,0,0,0
1604120230401,5,1010123456042,74,,1,0,2,1,2,,24.7656,128,184525,0.23094,52,0,12,,0,0,0,0,0,0,0,0,0,,250,104,,0,0,0,0
1604120230651,5,1010123456042,74,,1,0,2,1,2,,24.2,125,183600,0.218185,51,0,11.6667,,10.8571,14,0,0.1,6,66.6667,0,8.13829,31,,250,104,,0,0,0,7.21429
1604120230901,5,1010123456042,74,,1,0,2,1,2,,23.9145,117,183373,0.20151,48,0,12.4,,0,0,0,0,0,0,0,0,0,,250,94,,0,0,0,0
1604120231151,5,1010123456042,74,,1,0,2,1,2,,24.3025,119,183124,0.189687,44,0,12.3333,,0,0,0,0,0,0,0,0,0,,250,92,,0,0,0,0
1604120231401,5,1010123456042,74,,1,0,2,1,2,,24.5841,113,184075,0.197173,45,0,12.3333,,0,0,0,0,0,0,0,0,0,,250,94,,0,0,0,0
1604120231651,5,1010123456042,74,,1,0,2,1,2,,22.6539,130,183769,0.216386,55,0,12,,11.7407,27,0,0.126169,11,0,0,16.7707,31,,250,104,,0,0,0,1
1604120231901,5,1010123456042,74,,1,0,2,1,2,,24.8,95,184411,0.167904,38,0,10.7143,,0,0,0,0,0,0,0,0,0,,250,92,,0,0,0,0
1604120232151,5,1010123456042,74,,1,0,2,1,2,,26.5,84,183818,0.157301,32,0,12.8333,,0,0,0,0,0,0,0,0,0,,250,66,,0,0,0,0
1604120232401,5,1010123456042,74,,1,0,2,1,2,,24.7656,128,184152,0.237269,53,0,12.8333,,0,0,0,0,0,0,0,0,0,,250,102,,0,0,0,0
1604120232651,5,1010123456042,74,,1,0,2,1,2,,24.1913,115,183824,0.197076,46,0,10.6667,,15.5692,65,0,0.170731,25,56,0,9.91939,31,,250,100,,0,0,0,6.52308
1604120232901,5,1010123456042,74,,1,0,2,1,2,,23.6466,133,184409,0.218506,53,0,12.1429,,0,0,0,0,0,0,0,0,0,,250,106,,0,0,0,0
1604120233151,5,1010123456042,74,,1,0,2,1,2,,24.2476,105,183273,0.180755,42,0,12.1667,,0,0,0,0,0,0,0,0,0,,250,84,,0,0,0,0
1604120233401,5,1010123456042,74,,1,0,2,1,2,,23.7687,134,183988,0.215004,52,0,11.6667,,0,0,0,0,0,0,0,0,0,,250,104,,0,0,0,0
1604120233651,5,1010123456042,74,,1,0,2,1,2,,24.2931,116,183616,0.20302,47,0,12,,6.33333,30,0,0.1,12,8.33333,0,9.23057,31,,250,94,,0,0,0,2.46667
1604120233901,5,1010123456042,74,,1,0,2,1,2,,23.578,109,183947,0.180434,44,0,11.4286,,0,0,0,0,0,0,0,0,0,,250,88,,0,0,0,0
1604120234151,5,1010123456042,74,,1,0,2,1,2,,22.9542,153,184070,0.23351,60,0,11.5,,0,0,0,0,0,0,0,0,0,,250,120,,0,0,0,0
1604120234401,5,1010123456042,74,,1,0,2,1,2,,23.0082,122,184004,0.19759,50,0,11.5,,0,0,0,0,0,0,0,0,0,,250,98,,0,0,0,0
1604120234651,5,1010123456042,74,,1,0,2,1,2,,23.2317,82,184200,0.136546,34,0,10,,15.3115,61,0,0.157976,25,60,0,9.27468,31,,250,78,,0,0,0,6.65574
1604120234901,5,1010123456042,74,,1,0,2,1,2,,23.4074,108,183147,0.171245,42,0,11.4286,,0,0,0,0,0,0,0,0,0,,250,90,,0,0,0,0
1604120235151,5,1010123456042,74,,1,0,2,1,2,,23.2595,131,183927,0.21947,55,0,11.6667,,0,0,0,0,0,0,0,0,0,,250,106,,0,0,0,0
1604120235401,5,1010123456042,74,,1,0,2,1,2,,22.8475,118,183922,0.181944,47,0,11.3333,,0,0,0,0,0,0,0,0,0,,250,98,,0,0,0,0
1604120235651,5,1010123456042,74,,1,0,2,1,2,,22.8077,104,183450,0.164177,42,0,11.5,,0,8,0,0,4,100,0,0,0,,250,82,,0,0,0,0
1604120235901,5,1010123456042,74,,1,0,2,1,2,,23.5873,126,184331,0.208161,51,0,11.7143,,0,0,0,0,0,0,0,0,0,,250,102,,0,0,0,0
1604120236151,5,1010123456042,74,,1,0,2,1,2,,23.7158,95,183753,0.166811,40,0,11.5,,3.6,5,0,0.1,2,0,0,20.3688,31,,250,78,,0,0,0,1
1604120236401,5,1010123456042,74,,1,0,2,1,2,,23.3063,111,184047,0.173719,43,0,11.5,,0,0,0,0,0,0,0,0,0,,250,90,,0,0,0,0
1604120236651,5,1010123456042,74,,1,0,2,1,2,,22.7537,134,183613,0.20347,53,0,11.5,,14.3654,52,0,0.190586,20,35,0,13.2105,31,,250,106,,0,0,0,4.28846
1604120236901,5,1010123456042,74,,1,0,2,1,2,,23.4483,87,183660,0.147149,36,0,11.7143,,0,0,0,0,0,0,0,0,0,,250,70,,0,0,0,0
1604120237151,5,1010123456042,74,,1,0,2,1,2,,22,109,183232,0.153639,42,0,11.4,,0,0,0,0,0,0,0,0,0,,250,86,,0,0,0,0
1604120237401,5,1010123456042,74,,1,0,2,1,2,,23.0396,101,184121,0.16392,42,0,11.5,,0,0,0,0,0,0,0,0,0,,250,82,,0,0,0,0
1604120237651,5,1010123456042,74,,1,0,2,1,2,,22.0847,118,183329,0.170474,46,0,11.1667,,12.0588,17,0,0.1,7,57.1429,0,7.35897,31,,250,92,,0,0,0,5.58824
1604120237901,5,1010123456042,74,,1,0,2,1,2,,21.4224,116,184251,0.163952,47,0,11,,0,0,0,0,0,0,0,0,0,,250,92,,0,0,0,0
1604120238151,5,1010123456042,74,,1,0,2,1,2,,21.7323,127,184633,0.178185,50,0,11,,0,0,0,0,0,0,0,0,0,,250,100,,0,0,0,0
1604120238401,5,1010123456042,74,,1,0,2,1,2,,21.7521,121,183785,0.167807,47,0,11,,0,0,0,0,0,0,0,0,0,,250,96,,0,0,0,0
1604120238651,5,1010123456042,74,,1,0,2,1,2,,21.7462,130,183957,0.188819,53,0,10.8333,,11.7895,19,0,0.1,7,71.4286,0,5.11578,31,,250,104,,0,0,0,8.57895
1604120238901,5,1010123456042,74,,1,0,2,1,2,,21.4062,96,184287,0.132305,38,0,11,,0,0,0,0,0,0,0,0,0,,250,76,,0,0,0,0
1604120239151,5,1010123456042,74,,1,0,2,1,2,,21.2,110,183627,0.161799,43,0,11.3333,,0,2,0,0.1,1,0,0,0,31,,250,88,,0,0,0,0
1604120239401,5,1010123456042,74,,1,0,2,1,2,,21.9733,75,182992,0.109944,30,0,11.1667,,0,0,0,0,0,0,0,0,0,,250,64,,0,0,0,0
1604120239651,5,1010123456042,74,,1,0,2,1,2,,21.831,142,184010,0.215004,60,0,11,,14.8571,14,0,0.1,5,80,0,5.25691,31,,250,114,,0,0,0,8.71429
1604120239901,5,1010123456042,74,,1,0,2,1,2,,21.3271,107,184053,0.138795,40,0,9.71429,,0,0,0,0,0,0,0,0,0,,250,94,,0,0,0,0
1604120240151,5,1010123456042,74,,1,0,2,1,2,,19.198,101,184515,0.128064,42,0,9.83333,,3.11111,9,0,0.1,4,0,0,6.73557,31,,250,84,,0,0,0,1.66667
1604120240401,5,1010123456042,74,,1,0,2,1,2,,21.7417,120,183574,0.178185,50,0,11,,0,0,0,0,0,0,0,0,0,,250,98,,0,0,0,0
1604120240651,5,1010123456042,74,,1,0,2,1,2,,21.8115,122,183940,0.175068,49,0,11,,6.70588,34,0,0.1,14,28.5714,0,14.0108,31,,250,100,,0,0,0,3.97059
1604120240901,5,1010123456042,74,,1,0,2,1,2,,19.6471,102,184111,0.13857,43,0,10.2857,,0,0,0,0,0,0,0,0,0,,250,86,,0,0,0,0
1604120241151,5,1010123456042,74,,1,0,2,1,2,,21.7934,121,183346,0.168321,47,0,11.1667,,0,0,0,0,0,0,0,0,0,,250,94,,0,0,0,0
1604120241401,5,1010123456042,74,,1,0,2,1,2,,21.194,134,183742,0.17539,51,0,11,,0,0,0,0,0,0,0,0,0,,250,104,,0,0,0,0
1604120241651,5,1010123456042,74,,1,0,2,1,2,,21.8673,98,183596,0.150683,42,0,11.3333,,13.3846,13,0,0.1,6,50,0,10.7339,31,,250,82,,0,0,0,5.15385
1604120241901,5,1010123456042,74,,1,0,2,1,2,,21.7117,111,184414,0.163663,46,0,11,,0,0,0,0,0,0,0,0,0,,250,92,,0,0,0,0
1604120242151,5,1010123456042,74,,1,0,2,1,2,,21.9076,119,183627,0.169349,47,0,11,,0,0,0,0,0,0,0,0,0,,250,94,,0,0,0,0
1604120242401,5,1010123456042,74,,1,0,2,1,2,,21.8197,122,184296,0.168578,47,0,11,,0,0,0,0,0,0,0,0,0,,250,94,,0,0,0,0
1604120242651,5,1010123456042,74,,1,0,2,1,2,,21.945,109,183602,0.169863,47,0,11,,8.69767,43,0,0.1,17,47.0588,0,6.77518,31,,250,92,,0,0,0,5.18605
1604120242901,5,1010123456042,74,,1,0,2,1,2,,21.9153,118,184239,0.165976,46,0,11,,0,0,0,0,0,0,0,0,0,,250,94,,0,0,0,0
1604120243151,5,1010123456042,74,,1,0,2,1,2,,19.0104,96,183666,0.111679,37,0,10.1667,,0,0,0,0,0,0,0,0,0,,250,76,,0,0,0,0
1604120243401,5,1010123456042,74,,1,0,2,1,2,,21.3592,103,183701,0.138538,40,0,11,,0,0,0,0,0,0,0,0,0,,250,82,,0,0,0,0
1604120243651,5,1010123456042,74,,1,0,2,1,2,,21.5377,106,183462,0.154859,44,0,11,,5.52381,42,0,0.1,17,29.4118,0,9.37307,31,,250,86,,0,0,0,3.57143
1604120243901,5,1010123456042,74,,1,0,2,1,2,,21.7727,110,184256,0.162763,46,0,11.2857,,0,0,0,0,0,0,0,0,0,,250,92,,0,0,0,0
1604120244151,5,1010123456042,74,,1,0,2,1,2,,21.582,122,183251,0.182458,51,0,11,,0,0,0,0,0,0,0,0,0,,250,100,,0,0,0,0
1604120244401,5,1010123456042,74,,1,0,2,1,2,,21.984,125,183537,0.174008,48,0,11,,0,0,0,0,0,0,0,0,0,,250,100,,0,0,0,0
1604120244651,5,1010123456042,74,,1,0,2,1,2,,21.6552,116,184488,0.166522,47,0,11,,0,0,0,0,0,0,0,0,0,,250,90,,0,0,0,0
1604120244901,5,1010123456042,74,,1,0,2,1,2,,18.9836,122,183131,0.141815,48,0,10.2857,,12.2222,36,0,0.1,14,50,0,13.0503,31,,250,96,,0,0,0,5.75
1604120245151,5,1010123456042,74,,1,0,2,1,2,,22.48,125,183089,0.188594,50,0,11,,0,0,0,0,0,0,0,0,0,,250,102,,0,0,0,0
1604120245401,5,1010123456042,74,,1,0,2,1,2,,21.7895,114,184201,0.15743,44,0,11,,0,0,0,0,0,0,0,0,0,,250,86,,0,0,0,0
1604120245651,5,1010123456042,74,,1,0,2,1,2,,21.5821,134,183234,0.170153,48,0,10.8333,,5.41935,31,0,0.1,13,23.0769,0,6.42468,31,,250,100,,0,0,0,2.80645
1604120245901,5,1010123456042,74,,1,0,2,1,2,,21.875,128,183559,0.17812,50,0,11,,0,0,0,0,0,0,0,0,0,,250,100,,0,0,0,0
1604120246151,5,1010123456042,74,,1,0,2,1,2,,21.8716,109,183317,0.154827,43,0,11,,0,0,0,0,0,0,0,0,0,,250,84,,0,0,0,0
1604120246401,5,1010123456042,74,,1,0,2,1,2,,21.8488,86,183838,0.129671,36,0,11,,0,0,0,0,0,0,0,0,0,,250,70,,0,0,0,0
1604120246651,5,1010123456042,74,,1,0,2,1,2,,20.7143,119,183493,0.152289,46,0,10.8,,8.36585,41,0,0.1,16,43.75,0,9.01173,31,,250,94,,0,0,0,4.82927
1604120246901,5,1010123456042,74,,1,0,2,1,2,,21.379,124,184120,0.173301,50,0,10.8333,,0,0,0,0,0,0,0,0,0,,250,98,,0,0,0,0
1604120247151,5,1010123456042,74,,1,0,2,1,2,,20.8523,88,183503,0.11245,34,0,11,,0,0,0,0,0,0,0,0,0,,250,70,,0,0,0,0
1604120247401,5,1010123456042,74,,1,0,2,1,2,,21.5158,95,183918,0.13645,39,0,11,,0,0,0,0,0,0,0,0,0,,250,74,,0,0,0,0
1604120247652,5,1010123456042,74,,1,0,2,1,2,,21.5893,112,183453,0.158112,45,0,11,,15,12,0,0,4,100,0,1.85312,0,,250,90,,0,0,0,10
1604120247901,5,1010123456042,74,,1,0,2,1,2,,20.8115,122,184403,0.159614,48,0,11,,0,0,0,0,0,0,0,0,0,,250,96,,0,0,0,0
1604120248151,5,1010123456042,74,,1,0,2,1,2,,20.7798,109,184351,0.138345,42,0,10.75,,0.1,8,0,0.1,3,0,0,2.48262,31,,250,88,,0,0,0,1.375
1604120248401,5,1010123456042,74,,1,0,2,1,2,,21.2727,110,184107,0.144,42,0,11,,0,0,0,0,0,0,0,0,0,,250,88,,0,0,0,0
1604120248651,5,1010123456042,74,,1,0,2,1,2,,21.2414,87,183354,0.135165,39,0,7.83333,,7.16667,78,0,0.1,31,51.6129,0,6.70858,31,,250,92,,0,0,0,6
1604120248901,5,1010123456042,74,,1,0,2,1,2,,21.0893,112,184412,0.149462,44,0,11,,0,0,0,0,0,0,0,0,0,,250,92,,0,0,0,0
1604120249151,5,1010123456042,74,,1,0,2,1,2,,20.2553,94,183614,0.129028,40,0,10.6,,0,0,0,0,0,0,0,0,0,,250,76,,0,0,0,0
1604120249401,5,1010123456042,74,,1,0,2,1,2,,21.2079,101,183806,0.133365,39,0,10.8,,0,0,0,0,0,0,0,0,0,,250,80,,0,0,0,0
1604120249651,5,1010123456042,74,,1,0,2,1,2,,20.9643,28,184228,0.0337349,10,0,6.5,,0,0,0,0,0,0,0,0,0,,250,104,,0,0,0,0
1604120249901,5,1010123456042,74,,1,0,2,1,2,,19.8198,111,184325,0.13706,44,0,10.6667,,10.5476,84,0,0.1,35,68.5714,0,5.39403,31,,250,90,,0,0,0,7.33333
1604120250151,5,1010123456042,74,,1,0,2,1,2,,21.5267,150,183745,0.214522,61,0,11,,0,0,0,0,0,0,0,0,0,,250,120,,0,0,0,0
1604120250401,5,1010123456042,74,,1,0,2,1,2,,21.3596,114,183485,0.148145,43,0,11,,0,0,0,0,0,0,0,0,0,,250,88,,0,0,0,0
1604120250651,5,1010123456042,74,,1,0,2,1,2,,21.0085,117,184393,0.164659,49,0,10.6667,,7.11111,27,0,0.1,12,50,0,4.95579,31,,250,96,,0,0,0,5
1604120250901,5,1010123456042,74,,1,0,2,1,2,,21.6636,110,184013,0.159261,45,0,11,,0,0,0,0,0,0,0,0,0,,250,88,,0,0,0,0
1604120251151,5,1010123456042,74,,1,0,2,1,2,,21.91,100,183864,0.141076,39,0,11,,0,0,0,0,0,0,0,0,0,,250,82,,0,0,0,0
1604120251401,5,1010123456042,74,,1,0,2,1,2,,20.8908,119,183473,0.16,48,0,10.6667,,0.1,3,0,0.1,1,0,0,17.0578,31,,250,94,,0,0,0,1
1604120251651,5,1010123456042,74,,1,0,2,1,2,,21.7883,137,184625,0.203855,57,0,11,,12.2667,15,0,0.1,7,57.1429,0,8.88403,31,,250,112,,0,0,0,6.13333
1604120251901,5,1010123456042,74,,1,0,2,1,2,,21.7093,86,183754,0.117237,33,0,9.33333,,0,0,0,0,0,0,0,0,0,,250,98,,0,0,0,0
1604120252151,5,1010123456042,74,,1,0,2,1,2,,22.1825,137,183388,0.191616,52,0,11.2,,0,0,0,0,0,0,0,0,0,,250,110,,0,0,0,0
1604120252401,5,1010123456042,74,,1,0,2,1,2,,21.8681,91,183792,0.14445,40,0,11,,0,0,0,0,0,0,0,0,0,,250,72,,0,0,0,0
1604120252651,5,1010123456042,74,,1,0,2,1,2,,21.699,103,183598,0.152771,43,0,11,,5.57143,28,0,0.1,12,16.6667,0,10.1473,31,,250,84,,0,0,0,2.35714
1604120252901,5,1010123456042,74,,1,0,2,1,2,,21.9727,110,184647,0.155855,43,0,11,,0,0,0,0,0,0,0,0,0,,250,86,,0,0,0,0
1604120253151,5,1010123456042,74,,1,0,2,1,2,,22.3788,132,184304,0.191325,51,0,11.2,,0,0,0,0,0,0,0,0,0,,250,108,,0,0,0,0
1604120253401,5,1010123456042,74,,1,0,2,1,2,,21.9664,119,183493,0.177382,49,0,11,,0,0,0,0,0,0,0,0,0,,250,94,,0,0,0,0
1604120253651,5,1010123456042,74,,1,0,2,1,2,,21.535,157,184337,0.210635,60,0,10.8333,,12.4304,79,0,0.100241,32,75,0,5.70238,31,,250,120,,0,0,0,7.87342
1604120253901,5,1010123456042,74,,1,0,2,1,2,,21.3362,116,183677,0.161767,47,0,10.7143,,0,0,0,0,0,0,0,0,0,,250,96,,0,0,0,0
1604120254151,5,1010123456042,74,,1,0,2,1,2,,21.66,100,183398,0.156145,44,0,10.8333,,0,0,0,0,0,0,0,0,0,,250,86,,0,0,0,0
1604120254401,5,1010123456042,74,,1,0,2,1,2,,21.9344,122,183808,0.166233,46,0,11,,0,0,0,0,0,0,0,0,0,,250,98,,0,0,0,0
1604120254651,5,1010123456042,74,,1,0,2,1,2,,22.3523,88,184183,0.1351,37,0,11.3333,,14.2059,68,0,0.1,27,70.3704,0,4.88472,31,,250,70,,0,0,0,7.77941
1604120254901,5,1010123456042,74,,1,0,2,1,2,,21.8571,147,183849,0.19759,54,0,11,,0,0,0,0,0,0,0,0,0,,250,112,,0,0,0,0
1604120255151,5,1010123456042,74,,1,0,2,1,2,,21.887,115,184502,0.179984,50,0,11,,0,0,0,0,0,0,0,0,0,,250,94,,0,0,0,0
1604120255401,4,1010123456042,74,,1,0,2,1,2,,21.93,100,184353,0.140819,39,0,11,,0,0,0,0,0,0,0,0,0,,250,82,,0,0,0,0
1604120255651,6,1010123456042,74,,1,0,2,1,2,,20.3581,148,184246,0.197888,60,0,10.6,,5.9596,99,0,0.1,40,57.5,0,5.2337,31,,250,118,,0,0,0,6.31313
1604120255901,5,1010123456042,74,,1,0,2,1,2,,21.8688,122,183575,0.169092,47,0,11,,0,0,0,0,0,0,0,0,0,,249,92,,0,0,0,0
1604120256151,5,1010123456042,74,,1,0,2,1,2,,21.3285,137,183611,0.193542,56,0,11,,0,0,0,0,0,0,0,0,0,,250,110,,0,0,0,0
1604120256401,5,1010123456042,74,,1,0,2,1,2,,21.3737,99,183755,0.134908,39,0,11,,0,0,0,0,0,0,0,0,0,,249,80,,0,0,0,0
1604120256651,5,1010123456042,74,,1,0,2,1,2,,19.4495,109,184224,0.121221,41,0,10.1667,,7.13333,75,0,0.1,30,43.3333,0,6.23961,31,,248,86,,0,0,0,5.17333
1604120256901,5,1010123456042,74,,1,0,2,1,2,,20.734,94,183324,0.133655,40,0,11.25,,0,0,0,0,0,0,0,0,0,,250,76,,0,0,0,0
1604120257151,5,1010123456042,74,,1,0,2,1,2,,19.2083,96,184080,0.121992,41,0,10.5,,0,0,0,0,0,0,0,0,0,,250,80,,0,0,0,0
1604120257401,5,1010123456042,74,,1,0,2,1,2,,21.6857,105,183902,0.14551,41,0,11,,0,0,0,0,0,0,0,0,0,,250,84,,0,0,0,0
1604120257651,5,1010123456042,74,,1,0,2,1,2,,22.0556,108,183359,0.155984,43,0,11.2,,10.875,8,0,0.1,3,0,0,13.7299,31,,250,88,,0,0,0,1
1604120257901,5,1010123456042,74,,1,0,2,1,2,,21.4167,96,183596,0.144482,41,0,11,,0,0,0,0,0,0,0,0,0,,250,78,,0,0,0,0
1604120258151,5,1010123456042,74,,1,0,2,1,2,,20.9587,121,183077,0.154667,46,0,11,,0,0,0,0,0,0,0,0,0,,250,96,,0,0,0,0
1604120258401,5,1010123456042,74,,1,0,2,1,2,,20.2049,122,184276,0.152289,48,0,10.5,,0,0,0,0,0,0,0,0,0,,250,96,,0,0,0,0
1604120258651,5,1010123456042,74,,1,0,2,1,2,,21.2045,132,184555,0.18747,55,0,11,,4.06452,31,0,0.1,13,30.7692,0,6.38265,31,,250,106,,0,0,0,3.90323
1604120258901,5,1010123456042,74,,1,0,2,1,2,,21.3721,86,183663,0.118554,34,0,11,,0,0,0,0,0,0,0,0,0,,250,72,,0,0,0,0
1604120259151,5,1010123456042,74,,1,0,2,1,2,,19.4775,111,184096,0.136386,45,0,10.6667,,0,0,0,0,0,0,0,0,0,,250,86,,0,0,0,0
1604120259401,5,1010123456042,74,,1,0,2,1,2,,20.7941,102,184206,0.132627,40,0,11,,0,0,0,0,0,0,0,0,0,,250,84,,0,0,0,0
1604120259651,5,1010123456042,74,,1,0,2,1,2,,19.9608,102,184432,0.142394,43,0,10,,5.82979,47,0,0.1,20,55,0,6.3321,31,,250,84,,0,0,0,5.7234
1604120259901,5,1010123456042,74,,1,0,2,1,2,,21.4479,96,183243,0.128996,38,0,10.7143,,0,0,0,0,0,0,0,0,0,,250,78,,0,0,0,0
1604120260151,5,1010123456042,74,,1,0,2,1,2,,21.4458,83,183985,0.122699,35,0,11,,0,0,0,0,0,0,0,0,0,,250,68,,0,0,0,0
1604120260401,5,1010123456042,74,,1,0,2,1,2,,22.4766,107,183614,0.15139,40,0,11.3333,,0,0,0,0,0,0,0,0,0,,250,82,,0,0,0,0
1604120260651,5,1010123456042,74,,1,0,2,1,2,,19.5196,102,183997,0.132273,43,0,10.3333,,6.14286,14,0,0.1,6,0,0,10.5147,31,,250,86,,0,0,0,1.14286
1604120260901,5,1010123456042,74,,1,0,2,1,2,,19.6937,111,184331,0.129831,43,0,7.66667,,0,0,0,0,0,0,0,0,0,,250,104,,0,0,0,0
1604120261151,5,1010123456042,74,,1,0,2,1,2,,21.3504,137,183022,0.189141,55,0,11,,0,0,0,0,0,0,0,0,0,,250,108,,0,0,0,0
1604120261401,5,1010123456042,74,,1,0,2,1,2,,21.6514,109,184176,0.148884,42,0,11.2,,0,0,0,0,0,0,0,0,0,,250,86,,0,0,0,0
1604120261651,5,1010123456042,74,,1,0,2,1,2,,21.5556,108,183828,0.165751,47,0,8.75,,11.8254,63,0,0.1,24,62.5,0,6.54578,31,,250,96,,0,0,0,6.93651
1604120261901,5,1010123456042,74,,1,0,2,1,2,,21.4462,130,184128,0.181076,52,0,11,,0,0,0,0,0,0,0,0,0,,250,108,,0,0,0,0
1604120262151,5,1010123456042,74,,1,0,2,1,2,,21.5169,118,183368,0.16498,47,0,11,,0,0,0,0,0,0,0,0,0,,250,96,,0,0,0,0
1604120262401,5,1010123456042,74,,1,0,2,1,2,,21.0748,107,183398,0.142972,42,0,11,,0,0,0,0,0,0,0,0,0,,250,84,,0,0,0,0
1604120262651,5,1010123456042,74,,1,0,2,1,2,,21.7607,117,184307,0.163663,46,0,9.2,,13.8947,76,0,0.1,32,78.125,0,4.70374,31,,250,102,,0,0,0,8.38158
1604120262901,5,1010123456042,74,,1,0,2,1,2,,20.1556,90,183775,0.113735,36,0,11,,0,0,0,0,0,0,0,0,0,,250,82,,0,0,0,0
1604120263151,5,1010123456042,74,,1,0,2,1,2,,19.8739,111,184047,0.131309,43,0,9,,0,0,0,0,0,0,0,0,0,,250,100,,0,0,0,0
1604120263401,5,1010123456042,74,,1,0,2,1,2,,20.7745,102,184191,0.142426,43,0,10.5,,0,0,0,0,0,0,0,0,0,,250,84,,0,0,0,0
1604120263651,5,1010123456042,74,,1,0,2,1,2,,20.3143,105,184239,0.139759,42,0,9.75,,8.53061,49,0,0.1,20,45,0,5.93944,31,,250,88,,0,0,0,5.81633
1604120263901,5,1010123456042,74,,1,0,2,1,2,,21.3725,102,184479,0.134554,40,0,11,,0,0,0,0,0,0,0,0,0,,250,78,,0,0,0,0
1604120264151,5,1010123456042,74,,1,0,2,1,2,,17.5455,77,183451,0.0862651,33,0,10,,0,0,0,0,0,0,0,0,0,,250,64,,0,0,0,0
1604120264401,5,1010123456042,74,,1,0,2,1,2,,21.8739,111,184322,0.15457,43,0,11,,0,0,0,0,0,0,0,0,0,,250,90,,0,0,0,0
1604120264651,5,1010123456042,74,,1,0,2,1,2,,21.5505,109,183865,0.162635,46,0,11,,7.11111,54,0,0.1,21,47.619,0,6.37991,31,,250,90,,0,0,0,5.53704
1604120264901,5,1010123456042,74,,1,0,2,1,2,,21.05,80,183279,0.114699,34,0,11,,16,3,0,0,1,100,0,1.5872,0,,250,68,,0,0,0,10
1604120265151,5,1010123456042,74,,1,0,2,1,2,,21.2397,121,184164,0.150747,44,0,10.8333,,0,0,0,0,0,0,0,0,0,,250,94,,0,0,0,0
1604120265401,5,1010123456042,74,,1,0,2,1,2,,21.4074,135,184064,0.199936,57,0,10.6667,,0,0,0,0,0,0,0,0,0,,250,112,,0,0,0,0
1604120265651,5,1010123456042,74,,1,0,2,1,2,,21.7358,106,183886,0.147277,42,0,8.75,,14.4219,64,0,0.1,26,80.7692,0,6.55203,31,,250,90,,0,0,0,8.03125
1604120265901,5,1010123456042,74,,1,0,2,1,2,,21.7255,102,183801,0.153799,43,0,11,,0,0,0,0,0,0,0,0,0,,250,82,,0,0,0,0
1604120266151,5,1010123456042,74,,1,0,2,1,2,,21.77,100,183918,0.142394,40,0,11,,0,0,0,0,0,0,0,0,0,,250,78,,0,0,0,0
1604120266401,5,1010123456042,74,,1,0,2,1,2,,21.1862,145,183803,0.187791,55,0,10.8,,0,0,0,0,0,0,0,0,0,,250,114,,0,0,0,0
1604120266651,5,1010123456042,74,,1,0,2,1,2,,21.5283,53,184341,0.0848193,24,0,9,,6.26667,15,0,0.1,6,16.6667,0,11.9065,31,,250,66,,0,0,0,3
1604120266901,5,1010123456042,74,,1,0,2,1,2,,20.7383,107,184390,0.141976,43,0,10.8,,0,0,0,0,0,0,0,0,0,,250,88,,0,0,0,0
1604120267151,5,1010123456042,74,,1,0,2,1,2,,21.6577,111,184119,0.144996,41,0,11,,0,0,0,0,0,0,0,0,0,,250,86,,0,0,0,0
1604120267401,5,1010123456042,74,,1,0,2,1,2,,20.5917,120,183719,0.161189,49,0,11,,0,0,0,0,0,0,0,0,0,,250,96,,0,0,0,0
1604120267651,5,1010123456042,74,,1,0,2,1,2,,21.1852,81,183295,0.112867,33,0,8.5,,10.4265,68,0,0.115759,27,59.2593,0,7.21932,31,,250,80,,0,0,0,6.55882
1604120267901,5,1010123456042,74,,1,0,2,1,2,,19,90,184443,0.103518,32,0,9.4,,0,0,0,0,0,0,0,0,0,,250,86,,0,0,0,0
1604120268151,5,1010123456042,74,,1,0,2,1,2,,17.2273,88,184619,0.0820884,35,0,8.6,,0,0,0,0,0,0,0,0,0,,250,76,,0,0,0,0
1604120268401,5,1010123456042,74,,1,0,2,1,2,,21.7222,108,182901,0.153028,43,0,10.8333,,0,0,0,0,0,0,0,0,0,,250,86,,0,0,0,0
1604120268652,5,1010123456042,74,,1,0,2,1,2,,18.7685,108,183694,0.122976,43,0,9.66667,,4.71429,28,0,0.1,11,9.09091,0,5.50853,31,,250,84,,0,0,0,2.39286
1604120268901,5,1010123456042,74,,1,0,2,1,2,,19.8633,139,184282,0.170153,56,0,10.4286,,0,0,0,0,0,0,0,0,0,,250,112,,0,0,0,0
1604120269151,5,1010123456042,74,,1,0,2,1,2,,20.3818,110,183060,0.137863,43,0,10.6667,,0,0,0,0,0,0,0,0,0,,250,86,,0,0,0,0
1604120269401,5,1010123456042,74,,1,0,2,1,2,,20.6667,117,184261,0.15502,47,0,10.8333,,0,0,0,0,0,0,0,0,0,,250,92,,0,0,0,0
1604120269651,5,1010123456042,74,,1,0,2,1,2,,21.04,100,183265,0.128321,38,0,11,,10.4615,26,0,0.1,10,70,0,9.95092,31,,250,76,,0,0,0,6.88462
1604120269901,5,1010123456042,74,,1,0,2,1,2,,20.9664,119,184179,0.160835,48,0,10.8333,,0,0,0,0,0,0,0,0,0,,250,96,,0,0,0,0
1604120270151,5,1010123456042,74,,1,0,2,1,2,,20.8462,130,183303,0.172851,52,0,10.5,,0,0,0,0,0,0,0,0,0,,250,104,,0,0,0,0
1604120270401,5,1010123456042,74,,1,0,2,1,2,,21.8417,120,183964,0.171952,48,0,11,,0,0,0,0,0,0,0,0,0,,250,94,,0,0,0,0
1604120270651,5,1010123456042,74,,1,0,2,1,2,,21.8947,114,183286,0.165719,46,0,8.75,,8.85,60,0,0.1,24,54.1667,0,7.57617,31,,250,108,,0,0,0,5.95
1604120270901,5,1010123456042,74,,1,0,2,1,2,,20.6552,116,184496,0.147952,45,0,11,,0,0,0,0,0,0,0,0,0,,250,92,,0,0,0,0
1604120271151,5,1010123456042,74,,1,0,2,1,2,,21.2551,98,183341,0.133622,39,0,11,,0,0,0,0,0,0,0,0,0,,250,78,,0,0,0,0
1604120271401,5,1010123456042,74,,1,0,2,1,2,,21.8673,98,183116,0.147052,41,0,11,,0,0,0,0,0,0,0,0,0,,250,84,,0,0,0,0
1604120271651,5,1010123456042,74,,1,0,2,1,2,,21.4186,129,183423,0.18808,54,0,11,,8.92857,14,0,0.1,7,57.1429,0,5.64906,31,,250,104,,0,0,0,7
1604120271901,5,1010123456042,74,,1,0,2,1,2,,21.7368,95,183649,0.13253,37,0,10.8571,,0,0,0,0,0,0,0,0,0,,250,76,,0,0,0,0
1604120272151,5,1010123456042,74,,1,0,2,1,2,,21.3627,102,183688,0.141526,41,0,11,,0,0,0,0,0,0,0,0,0,,250,82,,0,0,0,0
1604120272401,5,1010123456042,74,,1,0,2,1,2,,20.9159,107,183564,0.148177,44,0,10.6667,,0,0,0,0,0,0,0,0,0,,250,88,,0,0,0,0
1604120272651,5,1010123456042,74,,1,0,2,1,2,,21.42,100,183793,0.138795,40,0,10.8333,,5.08824,34,0,0.1,15,33.3333,0,7.27437,31,,250,78,,0,0,0,3.88235
1604120272901,5,1010123456042,74,,1,0,2,1,2,,20.8553,76,183760,0.0931727,28,0,9.5,,0,0,0,0,0,0,0,0,0,,250,88,,0,0,0,0
1604120273151,5,1010123456042,74,,1,0,2,1,2,,21.2692,104,183516,0.155149,45,0,11,,0,0,0,0,0,0,0,0,0,,250,88,,0,0,0,0
1604120273401,5,1010123456042,74,,1,0,2,1,2,,21.3496,123,184064,0.169735,49,0,10.8,,0,0,0,0,0,0,0,0,0,,250,100,,0,0,0,0
1604120273651,5,1010123456042,74,,1,0,8,1,2,,7.87009,331,183350,0.31804,129,0,8.25,,0,8,0,0,4,100,0,0,0,,718,508,,0,0,0,0
1604120273901,5,1010123456042,74,,1,0,8,1,2,,11.9558,475,182464,0.657992,188,0,7.85714,,0,0,0,0,0,0,0,0,0,,1000,752,,0,0,0,0
1604120274151,5,1010123456042,74,,1,0,8,1,2,,16.6143,516,182177,1.02265,206,0,8.8,,0.1,7,0,0.1,3,0,0,2.11509,31,,1000,820,,0,0,0,1
1604120274402,5,1010123456042,74,,1,0,8,1,2,,15.2969,576,179734,1.0561,231,0,7.25,,0,0,0,0,0,0,0,0,0,,1000,928,,0,0,0,0
1604120274651,5,1010123456042,74,,1,0,8,1,2,,16.2768,542,178910,0.983871,215,0,9.4,,5.52727,55,0,0.1,23,34.7826,0,3.43195,31,,1000,864,,0,0,0,4.61818
1604120274901,5,1010123456042,74,,1,0,8,1,2,,16.1335,532,165261,1.41555,215,0,8.5,,0,0,0,0,0,0,0,0,0,,1424,1122,,0,0,0,0
1604120275151,5,1010123456042,74,,1,0,8,1,2,,19.1699,612,127014,2.23396,246,0,10.3333,,0,0,0,0,0,0,0,0,0,,1681,1478,,0,0,0,0
1604120275401,5,1010123456042,74,,1,0,8,1,2,,16.7327,606,103134,1.83107,245,0,8.4,,0,0,0,0,0,0,0,0,0,,1656,1330,,0,0,0,0
1604120275651,5,1010123456042,74,,1,0,8,1,2,,17.7056,591,77124,1.78124,236,0,9.8,,4.84615,65,0,0.1,26,30.7692,0,4.36921,31,,1679,1362,,0,0,0,3.95385
1604120275901,5,1010123456042,74,,1,0,8,1,2,,14.9982,550,62723,1.4934,221,0,8,,0,0,0,0,0,0,0,0,0,,1665,1280,,0,0,0,0
1604120276151,5,1010123456042,74,,1,0,8,1,2,,11.6268,552,55049,1.27602,222,0,5.75,,0,0,0,0,0,0,0,0,0,,1661,1376,,0,0,0,0
1604120276401,5,1010123456042,74,,1,0,8,1,2,,16.8553,539,31315,1.68151,215,0,8.75,,0,0,0,0,0,0,0,0,0,,1675,1306,,0,0,0,0
1604120276651,5,1010123456042,74,,1,0,8,1,2,,14.8699,515,17754,1.46757,206,0,8,,7.31707,41,0,0.1,17,35.2941,0,8.01072,31,,1613,1196,,0,0,0,4.09756
1604120276901,5,1010123456042,74,,1,0,8,1,2,,15.5058,516,4866,1.41282,207,0,8.5,,0,0,0,0,0,0,0,0,0,,1359,1150,,0,0,0,0
1604120277151,5,1010123456042,74,,1,0,8,1,2,,17.1891,423,1433,1.12925,172,0,10,,0,0,0,0,0,0,0,0,0,,1078,844,,0,0,0,0
1604120277401,5,1010123456042,74,,1,0,8,1,2,,13.3013,375,7114,0.781719,151,0,6.8,,0,0,0,0,0,0,0,0,0,,1100,818,,0,0,0,0
1604120277651,5,1010123456042,74,,1,0,8,1,2,,8.03375,563,11559,0.786795,227,0,7.25,,6.88525,61,0,0.1,24,45.8333,0,6.41074,31,,1661,1352,,0,0,0,5.31148
1604120277901,5,1010123456042,74,,1,0,8,1,2,,17.501,485,232,1.40244,198,0,9.85714,,0,0,0,0,0,0,0,0,0,,1315,1000,,0,0,0,0
1604120278151,5,1010123456042,74,,1,0,8,1,2,,16.377,427,0,0.987759,172,0,9.66667,,0.1,6,0,0.1,2,0,0,0.951698,31,,1125,822,,0,0,0,2
1604120278401,5,1010123456042,74,,1,0,8,1,2,,18.1011,366,538,0.992675,148,0,10,,0,0,0,0,0,0,0,0,0,,810,678,,0,0,0,0
1604120278651,5,1010123456042,74,,1,0,8,1,2,,13.876,379,4771,0.852691,154,0,7.66667,,9.73626,91,0,0.1,35,54.2857,0,6.08229,31,,1292,784,,0,0,0,6.16484
1604120278901,5,1010123456042,74,,1,0,8,1,2,,18.3196,363,645,1.04671,145,0,10.6,,0,0,0,0,0,0,0,0,0,,1343,782,,0,0,0,0
1604120279151,5,1010123456042,74,,1,0,8,1,2,,17.2567,335,3056,1.00199,141,0,9.5,,0,0,0,0,0,0,0,0,0,,1055,684,,0,0,0,0
1604120279401,5,1010123456042,74,,1,0,8,1,2,,14.1114,395,3710,0.914635,155,0,7.16667,,0,0,0,0,0,0,0,0,0,,1406,908,,0,0,0,0
1604120279651,5,1010123456042,74,,1,0,8,1,2,,15.3266,395,2466,1.08655,164,0,8.5,,3.9375,64,0,0.1,24,33.3333,0,2.15223,31,,1480,876,,0,0,0,4.26562
1604120279901,5,1010123456042,74,,1,0,8,1,2,,15.5464,280,9386,0.745189,114,0,9.5,,0,0,0,0,0,0,0,0,0,,1472,626,,0,0,0,0
1604120280151,5,1010123456042,74,,1,0,8,1,2,,14.4347,490,720,1.20093,193,0,7.25,,0,0,0,0,0,0,0,0,0,,1566,1140,,0,0,0,0
1604120280401,5,1010123456042,74,,1,0,8,1,2,,14.781,411,2633,0.983518,163,0,8.2,,0,0,0,0,0,0,0,0,0,,1177,832,,0,0,0,0
1604120280651,5,1010123456042,74,,1,0,8,1,2,,16.367,376,1479,0.964273,152,0,9.66667,,4.78261,69,0,0.1,27,37.037,0,4.21708,31,,1559,830,,0,0,0,4.6087
1604120280901,5,1010123456042,74,,1,0,8,1,2,,12.6137,365,7394,0.867213,152,0,7.66667,,0,0,0,0,0,0,0,0,0,,1292,820,,0,0,0,0
1604120281151,5,1010123456042,74,,1,0,8,1,2,,14.559,449,3380,1.06741,175,0,9,,0,0,0,0,0,0,0,0,0,,1582,1014,,0,0,0,0
1604120281401,5,1010123456042,74,,1,0,8,1,2,,17.2841,359,3710,1.03264,147,0,8,,0,0,0,0,0,0,0,0,0,,1058,734,,0,0,0,0
1604120281651,5,1010123456042,74,,1,0,8,1,2,,15.2493,381,1821,1.03174,157,0,11,,8.49275,69,0,0.1,28,67.8571,0,4.7504,31,,1440,854,,0,0,0,7.21739
1604120281901,5,1010123456042,74,,1,0,8,1,2,,19.7247,287,810,0.985382,112,0,11,,0,0,0,0,0,0,0,0,0,,1418,650,,0,0,0,0
1604120282151,5,1010123456042,74,,1,0,8,1,2,,18.35,340,1640,0.992803,142,0,10.5,,0,0,0,0,0,0,0,0,0,,1002,684,,0,0,0,0
1604120282401,5,1010123456042,74,,1,0,8,1,2,,18.2861,381,789,1.02419,154,0,11,,0,0,0,0,0,0,0,0,0,,1011,720,,0,0,0,0
1604120282651,5,1010123456042,74,,1,0,8,1,2,,14.4593,381,5172,0.86747,150,0,7.33333,,9.88,25,0,0.1,9,55.5556,0,6.82821,31,,847,768,,0,0,0,6.52
1604120282901,5,1010123456042,74,,1,0,8,1,2,,8.80769,546,6290,0.962153,220,0,6.5,,0,0,0,0,0,0,0,0,0,,1454,1266,,0,0,0,0
1604120283151,5,1010123456042,74,,1,0,8,1,2,,0.1,588,31468,0.140273,234,0,2,,0,0,0,0,0,0,0,0,0,,1630,1426,,0,0,0,0
1604120283401,5,1010123456042,74,,1,0,8,1,2,,13.3668,608,9877,1.69671,244,0,7.66667,,0,0,0,0,0,0,0,0,0,,1682,1486,,0,0,0,0
1604120283651,5,1010123456042,74,,1,0,8,1,2,,18.3733,434,0,1.28305,176,0,11,,12,14,0,0.1,5,20,0,10.9437,31,,1111,886,,0,0,0,2.92857
1604120283901,5,1010123456042,74,,1,0,8,1,2,,17.9455,404,0,0.987791,162,0,10.5,,0,0,0,0,0,0,0,0,0,,836,730,,0,0,0,0
1604120284151,5,1010123456042,74,,1,0,8,1,2,,14.2424,458,0,0.989173,181,0,7.75,,0,0,0,0,0,0,0,0,0,,1102,926,,0,0,0,0
1604120284401,5,1010123456042,74,,1,0,8,1,2,,18.4016,371,313,0.991936,149,0,10.3333,,0,0,0,0,0,0,0,0,0,,777,668,,0,0,0,0
1604120284651,5,1010123456042,74,,1,0,8,1,2,,7.97536,487,12710,0.6256,190,0,1,,10.2692,26,0,0.1,10,50,0,8.53144,31,,1281,1062,,0,0,0,5.73077
1604120284901,5,1010123456042,74,,1,0,8,1,2,,15.3796,490,681,1.36414,205,0,8.6,,0,0,0,0,0,0,0,0,0,,1498,1190,,0,0,0,0
1604120285151,5,1010123456042,74,,1,0,8,1,2,,9.20551,472,6960,0.728288,186,0,6.4,,0,0,0,0,0,0,0,0,0,,1357,1108,,0,0,0,0
1604120285401,5,1010123456042,74,,1,0,8,1,2,,15.8241,415,3964,1.17195,166,0,8.6,,0,0,0,0,0,0,0,0,0,,994,858,,0,0,0,0
1604120285651,5,1010123456042,74,,1,0,8,1,2,,9.12474,481,9951,0.798144,196,0,6.6,,9,12,0,0,4,100,0,2.29036,0,,1636,1112,,0,0,0,10
1604120285901,5,1010123456042,74,,1,0,8,1,2,,17.9773,441,1433,1.24906,181,0,10.25,,8.6875,32,0,0.1,13,38.4615,0,9.6919,31,,1042,908,,0,0,0,4.375
1604120286151,5,1010123456042,74,,1,0,8,1,2,,15.0663,407,0,0.975072,159,0,8.5,,9.9375,16,0,0.1,6,66.6667,0,6.22879,0,,1014,840,,0,0,0,7
1604120286401,5,1010123456042,74,,1,0,8,1,2,,18.6988,342,0,0.99232,138,0,10.8333,,0,0,0,0,0,0,0,0,0,,1115,668,,0,0,0,0
1604120286651,5,1010123456042,74,,1,0,8,1,2,,17.3,380,365,0.972337,151,0,10.2,,14,14,0,0.1,5,20,0,14.4081,31,,902,734,,0,0,0,2.92857
1604120286901,5,1010123456042,74,,1,0,8,1,2,,11.2108,427,9098,0.734394,175,0,7.57143,,0,0,0,0,0,0,0,0,0,,1104,894,,0,0,0,0
1604120287151,5,1010123456042,74,,1,0,8,1,2,,18.0161,436,0,1.25231,170,0,10.5,,0,0,0,0,0,0,0,0,0,,1073,908,,0,0,0,0
1604120287401,5,1010123456042,74,,1,0,8,1,2,,18.7596,337,1031,0.978827,136,0,10.6,,0,0,0,0,0,0,0,0,0,,901,650,,0,0,0,0
1604120287651,5,1010123456042,74,,1,0,8,1,2,,12.7012,425,6850,0.810313,168,0,6.75,,12,27,0,0.1,11,54.5455,0,8.56651,31,,1128,882,,0,0,0,5.77778
1604120287901,5,1010123456042,74,,1,0,8,1,2,,11.2985,392,8733,0.914153,159,0,6.42857,,0,0,0,0,0,0,0,0,0,,1639,1004,,0,0,0,0
1604120288151,5,1010123456042,74,,1,0,8,1,2,,15.3196,460,688,1.26609,188,0,8,,0,0,0,0,0,0,0,0,0,,1326,1026,,0,0,0,0
1604120288401,5,1010123456042,74,,1,0,8,1,2,,19.1875,336,792,0.988402,132,0,11,,0,0,0,0,0,0,0,0,0,,686,620,,0,0,0,0
1604120288651,5,1010123456042,74,,1,0,8,1,2,,17.9344,381,1025,0.97841,149,0,10.25,,11.2105,19,0,0.1,8,62.5,0,7.212,31,,817,702,,0,0,0,6.68421
1604120288901,5,1010123456042,74,,1,0,8,1,2,,17.7749,391,1433,0.992771,159,0,10.4,,0,0,0,0,0,0,0,0,0,,941,724,,0,0,0,0
1604120289151,5,1010123456042,74,,1,0,8,1,2,,13.5046,434,1285,0.96212,166,0,7.5,,0,0,0,0,0,0,0,0,0,,1091,894,,0,0,0,0
1604120289401,5,1010123456042,74,,1,0,8,1,2,,13.382,411,2554,0.95004,166,0,8.8,,0,0,0,0,0,0,0,0,0,,1504,944,,0,0,0,0
1604120289651,5,1010123456042,74,,1,0,8,1,2,,10.9727,549,0,1.04594,222,0,7.33333,,4.6875,32,0,0.1,13,15.3846,0,6.13508,31,,1437,1268,,0,0,0,2.625
1604120289901,5,1010123456042,74,,1,0,8,1,2,,18.0057,350,1124,0.984289,138,0,8.6,,0,0,0,0,0,0,0,0,0,,797,666,,0,0,0,0
1604120290151,5,1010123456042,74,,1,0,8,1,2,,9.95248,505,2356,0.896867,201,0,7.16667,,0,0,0,0,0,0,0,0,0,,1505,1176,,0,0,0,0
1604120290401,5,1010123456042,74,,1,0,8,1,2,,17.9519,395,985,1.06795,162,0,10.3333,,0,0,0,0,0,0,0,0,0,,1011,760,,0,0,0,0
1604120290651,5,1010123456042,74,,1,0,8,1,2,,9.02083,480,8000,0.73661,188,0,6.4,,12,12,0,0,4,100,0,0.978097,0,,1511,1148,,0,0,0,10
1604120290901,5,1010123456042,74,,1,0,8,1,2,,14.6946,501,732,1.28225,204,0,8.71429,,0,0,0,0,0,0,0,0,0,,1374,1110,,0,0,0,0
1604120291151,5,1010123456042,74,,1,0,8,1,2,,5.87026,501,13752,0.51608,197,0,5.75,,6.9375,48,0,0.1,16,43.75,0,5.42631,31,,1552,1186,,0,0,0,5.375
1604120291401,5,1010123456042,74,,1,0,8,1,2,,19.372,422,1112,1.47075,175,0,10.75,,0,0,0,0,0,0,0,0,0,,1245,886,,0,0,0,0
1604120291651,5,1010123456042,74,,1,0,8,1,2,,15.0651,384,1261,0.981558,153,0,8,,0,22,0,0.1,11,63.6364,0,0,31,,982,818,,0,0,0,0
1604120291901,5,1010123456042,74,,1,0,8,1,2,,15.8435,377,2106,0.950201,152,0,8.5,,0,0,0,0,0,0,0,0,0,,1055,786,,0,0,0,0
1604120292151,5,1010123456042,74,,1,0,8,1,2,,19.5924,341,0,1.0151,139,0,11,,0,0,0,0,0,0,0,0,0,,880,648,,0,0,0,0
1604120292401,5,1010123456042,74,,1,0,8,1,2,,14.3279,427,0,0.987341,169,0,8,,0,0,0,0,0,0,0,0,0,,1034,902,,0,0,0,0
1604120292651,5,1010123456042,74,,1,0,8,1,2,,18.6051,352,0,0.987181,144,0,10.6667,,8.47619,21,0,0.1,10,40,0,11.4096,31,,746,668,,0,0,0,4
1604120292901,5,1010123456042,74,,1,0,8,1,2,,4.99415,513,16431,0.462522,204,0,6.4,,0,0,0,0,0,0,0,0,0,,1394,1198,,0,0,0,0
1604120293151,5,1010123456042,74,,1,0,8,1,2,,14.9792,576,101,1.52697,231,0,8.16667,,0,0,0,0,0,0,0,0,0,,1493,1338,,0,0,0,0
1604120293401,5,1010123456042,74,,1,0,8,1,2,,18.6793,368,200,0.992257,148,0,10.8,,0,0,0,0,0,0,0,0,0,,727,658,,0,0,0,0
1604120293651,5,1010123456042,74,,1,0,8,1,2,,9.78414,454,8860,0.752225,182,0,5,,12.5909,22,0,0.1,9,44.4444,0,10.8722,31,,1110,992,,0,0,0,5.09091
1604120293901,5,1010123456042,74,,1,0,8,1,2,,12.4629,499,3681,1.10692,202,0,8,,0,0,0,0,0,0,0,0,0,,1405,1148,,0,0,0,0
1604120294151,5,1010123456042,74,,1,0,8,1,2,,18.5703,384,789,1.12427,158,0,10.5,,0,0,0,0,0,0,0,0,0,,913,746,,0,0,0,0
1604120294401,5,1010123456042,74,,1,0,8,1,2,,18.5778,360,1196,0.982843,142,0,10.4,,0,0,0,0,0,0,0,0,0,,744,656,,0,0,0,0
1604120294651,5,1010123456042,74,,1,0,8,1,2,,12.6227,485,1221,0.997237,194,0,8,,0,8,0,0,4,100,0,0,0,,1237,1048,,0,0,0,0
1604120294901,5,1010123456042,74,,1,0,8,1,2,,16.7797,395,0,0.978827,159,0,10.1667,,0,0,0,0,0,0,0,0,0,,887,756,,0,0,0,0
1604120295151,5,1010123456042,74,,1,0,8,1,2,,14.1096,438,1270,0.971084,172,0,8,,6.75,8,0,0.1,3,33.3333,0,17.1025,31,,985,890,,0,0,0,4.75
1604120295401,5,1010123456042,74,,1,0,8,1,2,,16.7717,381,0,1.00488,158,0,10.8,,0,0,0,0,0,0,0,0,0,,931,782,,0,0,0,0
1604120295651,5,1010123456042,74,,1,0,8,1,2,,20.9367,300,0,0.972016,122,0,11.25,,14.35,20,0,0.1,8,75,0,9.26402,31,,724,564,,0,0,0,7.3
1604120295901,5,1010123456042,74,,1,0,8,1,2,,15.4724,398,62,0.994474,161,0,8.6,,0,0,0,0,0,0,0,0,0,,1259,830,,0,0,0,0
1604120296151,5,1010123456042,74,,1,0,8,1,2,,11.6247,477,1159,0.94008,191,0,7.5,,0,0,0,0,0,0,0,0,0,,1293,1080,,0,0,0,0
1604120296401,5,1010123456042,74,,1,0,8,1,2,,15.9369,396,389,1.00871,161,0,8.6,,0,0,0,0,0,0,0,0,0,,1061,820,,0,0,0,0
1604120296651,5,1010123456042,74,,1,0,8,1,2,,12.5,452,257,1.03361,184,0,5.75,,1.97468,79,0,0.1,31,9.67742,0,5.87643,31,,1283,1056,,0,0,0,2.17722
1604120296901,5,1010123456042,74,,1,0,8,1,2,,9.20914,569,1490,0.991068,228,0,5.5,,0,0,0,0,0,0,0,0,0,,1557,1324,,0,0,0,0
1604120297151,5,1010123456042,74,,1,0,8,1,2,,13.3034,468,2666,0.960353,187,0,8.2,,0,0,0,0,0,0,0,0,0,,1127,958,,0,0,0,0
1604120297401,5,1010123456042,74,,1,0,8,1,2,,17.0132,380,1001,1.03454,159,0,11.3333,,0,0,0,0,0,0,0,0,0,,851,754,,0,0,0,0
1604120297651,5,1010123456042,74,,1,0,8,1,2,,18.4563,355,1324,0.985446,143,0,10.3333,,10.825,40,0,0.115309,16,25,0,11.8751,31,,761,656,,0,0,0,3.3
1604120297901,5,1010123456042,74,,1,0,8,1,2,,10.5089,450,7375,0.711036,172,0,5.75,,0,0,0,0,0,0,0,0,0,,1080,936,,0,0,0,0
1604120298151,5,1010123456042,74,,1,0,8,1,2,,13.9939,493,1255,1.24212,198,0,5.75,,0,0,0,0,0,0,0,0,0,,1218,1094,,0,0,0,0
1604120298401,5,1010123456042,74,,1,0,8,1,2,,10.8625,531,0,1.01616,219,0,7.2,,0,0,0,0,0,0,0,0,0,,1393,1196,,0,0,0,0
1604120298651,5,1010123456042,74,,1,0,8,1,2,,18.1689,379,0,0.979341,148,0,10.4,,11.2857,21,0,0.1,8,50,0,9.75755,31,,787,688,,0,0,0,5.28571
1604120298901,5,1010123456042,74,,1,0,8,1,2,,17.3723,368,1344,0.984803,151,0,8.66667,,0,0,0,0,0,0,0,0,0,,807,706,,0,0,0,0
1604120299151,5,1010123456042,74,,1,0,8,1,2,,9.84138,580,998,0.98792,230,0,7,,0,8,0,0,4,100,0,0,0,,1530,1332,,0,0,0,0
1604120299401,5,1010123456042,74,,1,0,8,1,2,,15.2004,464,257,1.00929,188,0,10,,0.1,3,0,0.1,1,0,0,15.3032,31,,1013,930,,0,0,0,1
1604120299651,5,1010123456042,74,,1,0,8,1,2,,11.7855,415,7955,0.777863,164,0,5.66667,,13.3333,18,0,0.1,7,71.4286,0,7.47627,31,,981,844,,0,0,0,8
1604120299901,5,1010123456042,74,,1,0,8,1,2,,10.6435,575,1199,1.21349,235,0,6.28571,,0,0,0,0,0,0,0,0,0,,1561,1386,,0,0,0,0
1604120300151,5,1010123456042,74,,1,0,8,1,2,,11.7978,534,825,0.995695,216,0,7.6,,0.1,3,0,0.1,1,0,0,2.14867,31,,1368,1208,,0,0,0,1
1604120300428,4,1010123456042,74,,1,0,8,1,2,,19.4933,300,0,0.853884,127,0,10.4,,0,0,0,0,0,0,0,0,0,,633,584,,0,0,0,0
1604120300651,4,1010123456042,74,,1,0,8,1,2,,16.7279,419,1340,1.14687,165,0,9.66667,,7.68889,90,0,0.154798,35,28.5714,0,8.79898,31,,911,830,,0,0,0,3.93333
1604120300901,4,1010123456042,74,,1,0,8,1,2,,11.4479,509,0,0.977157,201,0,7.33333,,0,0,0,0,0,0,0,0,0,,1272,1134,,0,0,0,0
1604120301151,4,1010123456042,74,,1,0,8,1,2,,16.9069,419,0,0.989847,168,0,9.75,,0,0,0,0,0,0,0,0,0,,862,786,,0,0,0,0
1604120301401,4,1010123456042,74,,1,0,8,1,2,,12.1058,463,5329,0.845216,187,0,8.4,,0,0,0,0,0,0,0,0,0,,1107,980,,0,0,0,0
1604120301651,4,1010123456042,74,,1,0,8,1,2,,13.6016,492,0,1.13333,198,0,8.2,,12.6667,15,0,0.1,7,42.8571,0,10.9354,31,,1221,1106,,0,0,0,4.86667
1604120301901,4,1010123456042,74,,1,0,8,1,2,,12.218,500,1337,0.997687,199,0,6.85714,,0,0,0,0,0,0,0,0,0,,1174,1064,,0,0,0,0
1604120302151,4,1010123456042,74,,1,0,8,1,2,,11.1957,552,329,0.999197,220,0,8,,0,0,0,0,0,0,0,0,0,,1399,1248,,0,0,0,0
1604120302401,4,1010123456042,74,,1,0,8,1,2,,18.4309,376,304,0.990908,147,0,11.25,,0,0,0,0,0,0,0,0,0,,742,672,,0,0,0,0
1604120302651,4,1010123456042,74,,1,0,8,1,2,,19.0318,346,732,0.991325,142,0,10.8,,12.08,25,0,0.1,10,50,0,9.85697,31,,725,632,,0,0,0,5.68
1604120302901,4,1010123456042,74,,1,0,8,1,2,,13.9146,445,1396,0.992032,180,0,6.6,,0,0,0,0,0,0,0,0,0,,1047,932,,0,0,0,0
1604120303151,4,1010123456042,74,,1,0,8,1,2,,11.0515,485,2679,0.955341,191,0,7,,0,0,0,0,0,0,0,0,0,,1214,1098,,0,0,0,0
1604120303401,4,1010123456042,74,,1,0,8,1,2,,10.6476,542,3295,0.972466,218,0,7.16667,,0,0,0,0,0,0,0,0,0,,1385,1236,,0,0,0,0
1604120303651,4,1010123456042,74,,1,0,2,1,2,,14.1115,296,17484,0.529735,122,0,9.2,,15,12,0,0,4,100,0,6.14242,0,,719,570,,0,0,0,10
1604120303901,4,1010123456042,74,,1,0,2,1,2,,21.4659,176,38987,0.239454,69,0,10.8333,,5,5,0,0.1,2,0,0,12.6883,31,,250,136,,0,0,0,1
1604120304151,4,1010123456042,74,,1,0,2,1,2,,21.9781,137,63172,0.195277,54,0,11,,0,0,0,0,0,0,0,0,0,,250,108,,0,0,0,0
1604120304401,4,1010123456042,74,,1,0,2,1,2,,21.9237,131,87818,0.180498,50,0,11,,0,0,0,0,0,0,0,0,0,,250,100,,0,0,0,0
1604120304651,4,1010123456042,74,,1,0,2,1,2,,21.9058,138,111817,0.198394,55,0,11,,7,12,0,0,4,100,0,2.05113,0,,250,112,,0,0,0,10
1604120304901,4,1010123456042,74,,1,0,2,1,2,,21.8563,167,134759,0.241189,67,0,11,,0,0,0,0,0,0,0,0,0,,250,132,,0,0,0,0
1604120305151,4,1010123456042,74,,1,0,2,1,2,,21.9188,160,157885,0.234442,65,0,11,,9,16,0,0.1,6,66.6667,0,6.48294,31,,250,128,,0,0,0,7.75
1604120305401,4,1010123456042,74,,1,0,2,1,2,,23.102,147,180935,0.233606,59,0,11.6667,,0,0,0,0,0,0,0,0,0,,250,118,,0,0,0,0
1604120305651,4,1010123456042,74,,1,0,2,1,2,,23.2465,142,184115,0.222972,56,0,11.6667,,7.36,25,0,0.1,10,80,0,4.54709,31,,250,114,,0,0,0,8.2
1604120305901,4,1010123456042,74,,1,0,2,1,2,,21.9915,118,183281,0.172177,47,0,11,,0,0,0,0,0,0,0,0,0,,250,94,,0,0,0,0
1604120306151,4,1010123456042,74,,1,0,2,1,2,,23.875,176,183554,0.278876,68,0,12,,0,0,0,0,0,0,0,0,0,,253,134,,0,0,0,0
1604120306401,4,1010123456042,74,,1,0,2,1,2,,26.3567,171,184074,0.299456,62,0,12.3333,,0,0,0,0,0,0,0,0,0,,253,130,,0,0,0,0
1604120306651,4,1010123456042,74,,1,0,2,1,2,,22.9053,95,183937,0.167518,42,0,9.25,,11.0769,78,0,0.1,32,78.125,0,4.91917,31,,250,112,,0,0,0,8.38461
1604120306901,4,1010123456042,74,,1,0,2,1,2,,25,135,183696,0.23804,53,0,12.2,,0,0,0,0,0,0,0,0,0,,250,110,,0,0,0,0
1604120307151,4,1010123456042,74,,1,0,2,1,2,,24.411,146,183531,0.246908,57,0,12.3333,,0,0,0,0,0,0,0,0,0,,250,112,,0,0,0,0
1604120307401,4,1010123456042,74,,1,0,2,1,2,,26.4101,178,183611,0.320064,66,0,12.6,,0,0,0,0,0,0,0,0,0,,250,136,,0,0,0,0
1604120307651,4,1010123456042,74,,1,0,2,1,2,,25.383,141,184428,0.269944,58,0,12.2,,8.59091,66,0,0.1,27,55.5556,0,7.38219,31,,250,112,,0,0,0,6.0303
1604120307901,4,1010123456042,74,,1,0,2,1,2,,25.1343,134,184359,0.233767,52,0,12.4,,0,0,0,0,0,0,0,0,0,,250,106,,0,0,0,0
1604120308151,4,1010123456042,74,,1,0,2,1,2,,26.4172,163,183366,0.313317,64,0,12.6667,,0,0,0,0,0,0,0,0,0,,250,130,,0,0,0,0
1604120308401,4,1010123456042,74,,1,0,2,1,2,,26.5443,158,184045,0.315373,64,0,12.6667,,0,0,0,0,0,0,0,0,0,,250,126,,0,0,0,0
1604120308651,4,1010123456042,74,,1,0,2,1,2,,25.5665,173,183313,0.31698,68,0,12,,4.90909,44,0,0.1,18,44.4444,0,4.72913,31,,250,134,,0,0,0,5.34091
1604120308901,4,1010123456042,74,,1,0,2,1,2,,25.1623,154,183865,0.265478,59,0,12.4,,0,0,0,0,0,0,0,0,0,,250,118,,0,0,0,0
1604120309151,4,1010123456042,74,,1,0,2,1,2,,26.4697,132,184617,0.260402,53,0,12.75,,0,0,0,0,0,0,0,0,0,,250,106,,0,0,0,0
1604120309401,4,1010123456042,74,,1,0,2,1,2,,24.7889,180,184065,0.298795,68,0,12.5,,0,0,0,0,0,0,0,0,0,,250,138,,0,0,0,0
1604120309651,4,1010123456042,74,,1,0,2,1,2,,24.3684,171,184075,0.290281,67,0,12.3333,,10.9615,26,0,0.1,10,80,0,3.4068,31,,250,132,,0,0,0,8.03846
1604120309901,4,1010123456042,74,,1,0,2,1,2,,22.5645,124,183744,0.202249,51,0,11.3333,,0,0,0,0,0,0,0,0,0,,250,102,,0,0,0,0
1604120310151,4,1010123456042,74,,1,0,2,1,2,,25.1704,135,183569,0.239839,53,0,12.5,,0,0,0,0,0,0,0,0,0,,250,108,,0,0,0,0
1604120310401,4,1010123456042,74,,1,0,2,1,2,,23.5548,155,184283,0.266956,65,0,11.3333,,0,0,0,0,0,0,0,0,0,,250,128,,0,0,0,0
1604120310651,4,1010123456042,74,,1,0,2,1,2,,24.4702,151,183594,0.261141,60,0,12.25,,5.97368,114,0,0.1,47,53.1915,0,4.39688,31,,250,120,,0,0,0,6.14912
1604120310901,4,1010123456042,74,,1,0,2,1,2,,22.6606,165,183372,0.243438,63,0,11.5,,0,0,0,0,0,0,0,0,0,,250,128,,0,0,0,0
1604120311151,4,1010123456042,74,,1,0,2,1,2,,23.5,114,184453,0.209478,52,0,12,,0,0,0,0,0,0,0,0,0,,250,100,,0,0,0,0
1604120311401,4,1010123456042,74,,1,0,2,1,2,,23.0234,128,183806,0.20861,53,0,11.3333,,0,0,0,0,0,0,0,0,0,,250,108,,0,0,0,0
1604120311651,4,1010123456042,74,,1,0,2,1,2,,23.7364,129,184361,0.21902,53,0,12,,7.36,25,0,0.1,10,80,0,3.3149,31,,250,106,,0,0,0,8.2
1604120311901,4,1010123456042,74,,1,0,2,1,2,,24.2708,144,183993,0.246137,57,0,12.3333,,0,0,0,0,0,0,0,0,0,,250,116,,0,0,0,0
1604120312151,4,1010123456042,74,,1,0,2,1,2,,22.7014,144,184356,0.224835,58,0,11.2,,0,0,0,0,0,0,0,0,0,,250,118,,0,0,0,0
1604120312401,4,1010123456042,74,,1,0,2,1,2,,22.9281,153,184255,0.24768,64,0,11.75,,0,0,0,0,0,0,0,0,0,,250,124,,0,0,0,0
1604120312651,4,1010123456042,74,,1,0,2,1,2,,23.6303,119,183925,0.201799,49,0,11,,3.54545,66,0,0.1,26,34.6154,0,4.44968,31,,250,98,,0,0,0,4.42424
1604120312901,4,1010123456042,74,,1,0,2,1,2,,22.5833,156,183814,0.233446,62,0,11.4,,0,0,0,0,0,0,0,0,0,,250,128,,0,0,0,0
1604120313151,4,1010123456042,74,,1,0,2,1,2,,22.5342,146,184313,0.23457,61,0,11.75,,0,0,0,0,0,0,0,0,0,,250,116,,0,0,0,0
1604120313401,4,1010123456042,74,,1,0,2,1,2,,22.9917,121,183071,0.175454,45,0,11.5,,0,0,0,0,0,0,0,0,0,,250,94,,0,0,0,0
1604120313651,4,1010123456042,74,,1,0,2,1,2,,17.9067,150,183807,0.169799,57,0,9.75,,4.61538,78,0,0.1,31,54.8387,0,3.33237,31,,250,114,,0,0,0,6.51282
1604120313901,4,1010123456042,74,,1,0,2,1,2,,24.1111,117,183633,0.192932,45,0,11.3333,,0,0,0,0,0,0,0,0,0,,250,92,,0,0,0,0
1604120314151,4,1010123456042,74,,1,0,2,1,2,,21.6364,121,184273,0.172576,49,0,11,,0,0,0,0,0,0,0,0,0,,250,96,,0,0,0,0
1604120314401,4,1010123456042,74,,1,0,2,1,2,,21.9638,138,184240,0.191904,53,0,11,,0,0,0,0,0,0,0,0,0,,250,106,,0,0,0,0
1604120314651,4,1010123456042,74,,1,0,2,1,2,,21.8143,140,184380,0.186496,52,0,11,,7,12,0,0,4,100,0,1.57222,0,,250,104,,0,0,0,10
1604120314901,4,1010123456042,74,,1,0,2,1,2,,21.6183,131,184515,0.189622,54,0,10.6667,,0,0,0,0,0,0,0,0,0,,250,106,,0,0,0,0
1604120315151,4,1010123456042,74,,1,0,2,1,2,,21.1266,158,183719,0.211598,62,0,11,,4.28571,42,0,0.1,16,37.5,0,6.55099,31,,250,128,,0,0,0,4.69048
1604120315401,4,1010123456042,74,,1,0,2,1,2,,21.777,148,184443,0.220209,62,0,11,,0,0,0,0,0,0,0,0,0,,250,120,,0,0,0,0
1604120315651,4,1010123456042,74,,1,0,2,1,2,,21.9209,139,183671,0.216546,60,0,11,,6.5,20,0,0.1,8,37.5,0,7.14047,31,,250,120,,0,0,0,4.6
1604120315901,4,1010123456042,74,,1,0,2,1,2,,21.9091,143,183225,0.209285,58,0,11,,0,0,0,0,0,0,0,0,0,,250,114,,0,0,0,0
1604120316151,4,1010123456042,74,,1,0,2,1,2,,21.9846,130,183510,0.1849,51,0,0.1,,0,0,0,0,0,0,0,0,0,,250,102,,0,0,0,0
1604120316401,4,1010123456042,74,,1,0,2,1,2,,21.9524,147,184263,0.202538,56,0,11,,0,0,0,0,0,0,0,0,0,,250,116,,0,0,0,0
1604120316651,4,1010123456042,74,,1,0,2,1,2,,21.9265,136,184028,0.202281,56,0,0.1,,6.84211,19,0,0.1,7,57.1429,0,4.50955,31,,250,110,,0,0,0,6.68421
1604120316901,4,1010123456042,74,,1,0,2,1,2,,21.9837,123,184314,0.1849,51,0,11.3333,,0,0,0,0,0,0,0,0,0,,250,100,,0,0,0,0
1604120317151,4,1010123456042,74,,1,0,2,1,2,,24.9315,146,183752,0.252659,56,0,12,,0,0,0,0,0,0,0,0,0,,250,114,,0,0,0,0
1604120317401,4,1010123456042,74,,1,0,2,1,2,,24.3022,139,183638,0.237719,55,0,11.5,,0,0,0,0,0,0,0,0,0,,250,112,,0,0,0,0
1604120317651,4,1010123456042,74,,1,0,2,1,2,,23.5198,177,183375,0.296739,72,0,11,,3.92593,54,0,0.1,21,52.381,0,3.17418,31,,250,144,,0,0,0,6.38889
1604120317901,4,1010123456042,74,,1,0,2,1,2,,21.8896,154,183942,0.223293,62,0,0.1,,0,0,0,0,0,0,0,0,0,,250,122,,0,0,0,0
1604120318151,4,1010123456042,74,,1,0,2,1,2,,21.8261,138,183646,0.190618,53,0,0.1,,0,0,0,0,0,0,0,0,0,,250,112,,0,0,0,0
1604120318401,4,1010123456042,74,,1,0,2,1,2,,22.4862,109,184498,0.172787,46,0,11.5,,0,0,0,0,0,0,0,0,0,,250,86,,0,0,0,0
1604120318651,4,1010123456042,74,,1,0,2,1,2,,23.1707,164,183860,0.249414,63,0,12,,3.29545,44,0,0.1,18,33.3333,0,6.01988,31,,250,130,,0,0,0,4.13636
1604120318901,4,1010123456042,74,,1,0,2,1,2,,24.6794,131,184204,0.235984,53,0,12,,0,0,0,0,0,0,0,0,0,,250,102,,0,0,0,0
1604120319151,4,1010123456042,74,,1,0,2,1,2,,24.6119,134,184442,0.230426,52,0,12,,0,0,0,0,0,0,0,0,0,,250,104,,0,0,0,0
1604120319401,4,1010123456042,74,,1,0,2,1,2,,24.6714,140,183864,0.253076,57,0,12,,0,0,0,0,0,0,0,0,0,,250,116,,0,0,0,0
1604120319651,4,1010123456042,74,,1,0,2,1,2,,23.406,133,183285,0.219052,54,0,9.25,,4.71429,42,0,0.1,16,50,0,6.4487,31,,250,120,,0,0,0,5.5
1604120319901,4,1010123456042,74,,1,0,2,1,2,,0,0,183285,0,0,0,0.1,,0,0,0,0,0,0,0,0,0,,250,122,,0,0,0,0
1604120320151,4,1010123456042,74,,1,0,2,1,2,,0,0,183285,0,0,0,0.1,,0,0,0,0,0,0,0,0,0,,250,110,,0,0,0,0
1604120320401,4,1010123456042,74,,1,0,2,1,2,,0,0,183285,0,0,0,0.1,,0,0,0,0,0,0,0,0,0,,250,128,,0,0,0,0
1604120320651,4,1010123456042,74,,1,0,2,1,2,,0,0,183285,0,0,0,0.1,,0,0,0,0,0,0,0,0,0,,250,104,,0,0,0,0
1604120320901,4,1010123456042,74,,1,0,2,1,2,,0,0,183285,0,0,0,0.1,,0,0,0,0,0,0,0,0,0,,250,104,,0,0,0,0
1604120321151,4,1010123456042,74,,1,0,2,1,2,,0,0,183285,0,0,0,0.1,,0,0,0,0,0,0,0,0,0,,250,124,,0,0,0,0
1604120321401,4,1010123456042,74,,1,0,2,1,2,,0,0,183285,0,0,0,0.1,,0,0,0,0,0,0,0,0,0,,250,88,,0,0,0,0
1604120321651,4,1010123456042,74,,1,0,2,1,2,,0,0,183285,0,0,0,0.1,,0,0,0,0,0,0,0,0,0,,250,104,,0,0,0,0
1604120321901,4,1010123456042,74,,1,0,2,1,2,,6,10,183214,0,0,0,5,,0,0,0,0,0,0,0,0,0,,250,114,,0,0,0,0
1604120322151,4,1010123456042,74,,1,0,2,1,2,,6,144,183655,0.040996,58,0,0.1,,4.08889,45,0,0.1,19,36.8421,0,6.88169,31,,250,110,,0,0,0,3.8
1604120322401,4,1010123456042,74,,1,0,2,1,2,,12.5038,133,183914,0.0882892,50,0,10.5,,3.77778,72,0,0.1,29,68.9655,0,3.27669,31,,250,100,,0,0,0,7.30556
1604120322651,4,1010123456042,74,,1,0,2,1,2,,19.6028,141,184193,0.184964,55,0,8,,3.33333,72,0,0.1,27,62.963,0,3.57798,31,,250,110,,0,0,0,7
1604120322901,4,1010123456042,74,,1,0,2,1,2,,20.3404,141,184252,0.190233,55,0,11.5,,0,0,0,0,0,0,0,0,0,,250,108,,0,0,0,0
1604120323151,4,1010123456042,74,,1,0,2,1,2,,20.9189,37,184177,0.0503454,15,0,2,,0,0,0,0,0,0,0,0,0,,250,132,,0,0,0,0
1604120323401,4,1010123456042,74,,1,0,2,1,2,,21.1845,103,184292,0.135968,40,0,10.6667,,0,0,0,0,0,0,0,0,0,,250,102,,0,0,0,0
1604120323651,4,1010123456042,74,,1,0,2,1,2,,13.5912,137,183812,0.118329,55,0,8,,2.4918,61,0,0.1,25,32,0,6.50508,31,,250,108,,0,0,0,3.52459
1604120323901,4,1010123456042,74,,1,0,2,1,2,,13.9145,152,183452,0.105157,55,0,9.5,,0,0,0,0,0,0,0,0,0,,250,116,,0,0,0,0
1604120324151,4,1010123456042,74,,1,0,2,1,2,,22.2353,153,184045,0.214426,58,0,11.3333,,0,0,0,0,0,0,0,0,0,,250,116,,0,0,0,0
1604120324401,4,1010123456042,74,,1,0,2,1,2,,21.5034,147,183574,0.213751,61,0,11,,0,0,0,0,0,0,0,0,0,,250,118,,0,0,0,0
1604120324651,4,1010123456042,74,,1,0,2,1,2,,21.9197,137,183231,0.19502,54,0,11,,4.32143,28,0,0.1,12,50,0,5.54681,31,,250,112,,0,0,0,4.85714
1604120324901,4,1010123456042,74,,1,0,2,1,2,,24.4183,153,183720,0.276177,64,0,12,,0,0,0,0,0,0,0,0,0,,250,124,,0,0,0,0
1604120325151,4,1010123456042,74,,1,0,2,1,2,,23.9304,158,184355,0.269622,64,0,11,,0,0,0,0,0,0,0,0,0,,250,126,,0,0,0,0
1604120325401,4,1010123456042,74,,1,0,2,1,2,,24.4098,122,183650,0.206104,47,0,12,,0,0,0,0,0,0,0,0,0,,250,98,,0,0,0,0
1604120325651,4,1010123456042,74,,1,0,2,1,2,,20.9463,149,183178,0.207518,61,0,10,,2.46479,71,0,0.1,28,50,0,4.81356,31,,250,124,,0,0,0,5.43662
1604120325901,4,1010123456042,74,,1,0,2,1,2,,22.8032,127,183103,0.188241,49,0,11,,0,0,0,0,0,0,0,0,0,,250,100,,0,0,0,0
1604120326151,4,1010123456042,74,,1,0,2,1,2,,17.1608,143,184254,0.166747,62,0,7,,0,0,0,0,0,0,0,0,0,,250,118,,0,0,0,0
1604120326401,4,1010123456042,74,,1,0,2,1,2,,14.991,111,184270,0.0958072,46,0,11,,0,0,0,0,0,0,0,0,0,,250,92,,0,0,0,0
1604120326651,4,1010123456042,74,,1,0,2,1,2,,21.6894,132,184575,0.17232,49,0,11,,2.79452,73,0,0.1,29,68.9655,0,2.58081,31,,250,102,,0,0,0,7.65753
1604120326901,4,1010123456042,74,,1,0,2,1,2,,21.8255,149,183843,0.226153,63,0,11,,0,0,0,0,0,0,0,0,0,,250,120,,0,0,0,0
1604120327151,4,1010123456042,74,,1,0,2,1,2,,23.881,126,184568,0.214329,51,0,11.5,,0,0,0,0,0,0,0,0,0,,250,102,,0,0,0,0
1604120327401,4,1010123456042,74,,1,0,2,1,2,,21.7949,78,184101,0.11056,31,0,2,,0,0,0,0,0,0,0,0,0,,250,102,,0,0,0,0
1604120327651,4,1010123456042,74,,1,0,2,1,2,,19.7857,70,184255,0.083328,28,0,10,,4,30,0,0.1,12,50,0,5.14461,31,,250,130,,0,0,0,5.8
1604120327901,4,1010123456042,74,,1,0,2,1,2,,21.894,151,183600,0.21992,61,0,11,,4,16,0,0.1,6,66.6667,0,3.14178,0,,250,118,,0,0,0,7.1875
1604120328151,4,1010123456042,74,,1,0,2,1,2,,21.4351,131,184009,0.173815,50,0,11,,0,0,0,0,0,0,0,0,0,,250,102,,0,0,0,0
1604120328401,4,1010123456042,74,,1,0,2,1,2,,20.687,131,184613,0.17494,53,0,8,,0,0,0,0,0,0,0,0,0,,250,112,,0,0,0,0
1604120328651,4,1010123456042,74,,1,0,2,1,2,,0,0,184613,0,0,0,0.1,,0,0,0,0,0,0,0,0,0,,250,112,,0,0,0,0
1604120328901,4,1010123456042,74,,1,0,2,1,2,,4,60,184349,0.0101205,21,0,4,,0,0,0,0,0,0,0,0,0,,250,106,,0,0,0,0
1604120329151,4,1010123456042,74,,1,0,2,1,2,,4,167,183623,0.0327711,68,0,0.1,,0,0,0,0,0,0,0,0,0,,250,132,,0,0,0,0
1604120329401,4,1010123456042,74,,1,0,2,1,2,,18.8705,139,184400,0.166618,56,0,11,,3.32,75,0,0.1,30,66.6667,0,4.13841,31,,250,110,,0,0,0,6.76
1604120329651,4,1010123456042,74,,1,0,2,1,2,,21.52,100,184177,0.150715,43,0,2,,5.57778,45,0,0.1,18,50,0,4.61401,31,,250,116,,0,0,0,6
1604120329901,4,1010123456042,74,,1,0,2,1,2,,0,0,184177,0,0,0,2,,0,0,0,0,0,0,0,0,0,,250,118,,0,0,0,0
1604120330151,4,1010123456042,74,,1,0,2,1,2,,0,0,184177,0,0,0,0.1,,0,0,0,0,0,0,0,0,0,,250,130,,0,0,0,0
1604120330401,4,1010123456042,74,,1,0,2,1,2,,0,0,184177,0,0,0,0.1,,0,0,0,0,0,0,0,0,0,,250,106,,0,0,0,0
1604120330651,4,1010123456042,74,,1,0,2,1,2,,0,0,184177,0,0,0,0.1,,0,0,0,0,0,0,0,0,0,,250,98,,0,0,0,0
1604120330901,4,1010123456042,74,,1,0,2,1,2,,17.5766,137,184200,0.142394,54,0,9,,4.4375,64,0,0.1,26,61.5385,0,4.26627,31,,250,114,,0,0,0,6.625
1604120331151,4,1010123456042,74,,1,0,2,1,2,,18.75,152,183221,0.17555,60,0,11,,0,0,0,0,0,0,0,0,0,,250,120,,0,0,0,0
1604120331401,4,1010123456042,74,,1,0,2,1,2,,20.6712,146,183244,0.188112,57,0,10.5,,0,0,0,0,0,0,0,0,0,,250,116,,0,0,0,0
1604120331651,4,1010123456042,74,,1,0,2,1,2,,21.5041,123,183815,0.174586,50,0,11,,3.76596,47,0,0.1,18,38.8889,0,5.59366,31,,250,98,,0,0,0,5.2766
1604120331901,4,1010123456042,74,,1,0,2,1,2,,21.6129,155,184199,0.222297,63,0,11,,0,0,0,0,0,0,0,0,0,,250,128,,0,0,0,0
1604120332151,4,1010123456042,74,,1,0,2,1,2,,21.6474,156,183229,0.219695,62,0,11,,0,0,0,0,0,0,0,0,0,,250,126,,0,0,0,0
1604120332401,4,1010123456042,74,,1,0,2,1,2,,21.6133,150,183822,0.223582,63,0,0.1,,0,0,0,0,0,0,0,0,0,,250,124,,0,0,0,0
1604120332651,4,1010123456042,74,,1,0,2,1,2,,21.6067,178,183677,0.241824,69,0,11,,3.66667,63,0,0.1,25,32,0,5.39782,31,,250,138,,0,0,0,4.11111
1604120332901,4,1010123456042,74,,1,0,2,1,2,,21.0169,118,184347,0.172819,51,0,10.5,,0,0,0,0,0,0,0,0,0,,250,100,,0,0,0,0
1604120333151,4,1010123456042,74,,1,0,2,1,2,,21.4148,135,183334,0.17298,50,0,11,,0,0,0,0,0,0,0,0,0,,250,104,,0,0,0,0
1604120333401,4,1010123456042,74,,1,0,2,1,2,,21.3354,164,183458,0.231679,67,0,10.6,,0,0,0,0,0,0,0,0,0,,250,134,,0,0,0,0
1604120333651,4,1010123456042,74,,1,0,2,1,2,,21.1988,161,184270,0.212096,62,0,10.5,,8.45455,22,0,0.1,9,55.5556,0,7.43504,31,,250,124,,0,0,0,5.63636
1604120333901,4,1010123456042,74,,1,0,2,1,2,,19.8897,136,183608,0.172466,56,0,10,,0,0,0,0,0,0,0,0,0,,250,108,,0,0,0,0
1604120334151,4,1010123456042,74,,1,0,2,1,2,,20.9326,193,183165,0.246848,74,0,11,,0,0,0,0,0,0,0,0,0,,250,152,,0,0,0,0
1604120334401,4,1010123456042,74,,1,0,2,1,2,,20.1637,171,183964,0.214747,68,0,10.6,,0,0,0,0,0,0,0,0,0,,250,136,,0,0,0,0
1604120334651,4,1010123456042,74,,1,0,2,1,2,,20.0902,133,183270,0.168546,54,0,11,,5.94444,18,0,0.1,7,0,0,9.64133,31,,250,106,,0,0,0,1.33333
1604120334901,4,1010123456042,74,,1,0,2,1,2,,21.7669,163,183582,0.219952,62,0,0.1,,0,0,0,0,0,0,0,0,0,,250,128,,0,0,0,0
1604120335151,4,1010123456042,74,,1,0,2,1,2,,19.9713,174,184349,0.225671,72,0,10,,0,0,0,0,0,0,0,0,0,,250,138,,0,0,0,0
1604120335401,4,1010123456042,74,,1,0,2,1,2,,19.7975,158,180153,0.188851,62,0,10,,0,0,0,0,0,0,0,0,0,,250,124,,0,0,0,0
1604120335651,4,1010123456042,74,,1,0,2,1,2,,13.2026,153,176511,0.126651,56,0,3,,2.93671,79,0,0.1,31,48.3871,0,4.37457,31,,250,122,,0,0,0,5.56962
1604120335901,4,1010123456042,74,,1,0,2,1,2,,19.6587,167,170372,0.204145,72,0,10,,0,0,0,0,0,0,0,0,0,,250,134,,0,0,0,0
1604120336151,4,1010123456042,74,,1,0,2,1,2,,20.5802,131,165500,0.155245,48,0,10.5,,0,0,0,0,0,0,0,0,0,,250,100,,0,0,0,0
1604120336401,4,1010123456042,74,,1,0,2,1,2,,21.4251,167,158721,0.230876,66,0,10.5,,0,0,0,0,0,0,0,0,0,,250,130,,0,0,0,0
1604120336651,4,1010123456042,74,,1,0,2,1,2,,21.3897,136,153008,0.193285,56,0,11,,6.08333,48,0,0.1,18,66.6667,0,3.72727,31,,250,110,,0,0,0,7.3125
1604120336901,4,1010123456042,74,,1,0,2,1,2,,20.9551,178,145848,0.242892,72,0,10.6,,0,0,0,0,0,0,0,0,0,,250,142,,0,0,0,0
1604120337151,4,1010123456042,74,,1,0,2,1,2,,22,423,127104,0.595406,164,0,11,,0,0,0,0,0,0,0,0,0,,407,344,,0,0,0,0
1604120337401,4,1010123456042,74,,1,0,2,1,2,,21.6725,574,102322,0.830008,234,0,10.8333,,0,0,0,0,0,0,0,0,0,,500,466,,0,0,0,0
1604120337651,4,1010123456042,74,,1,0,2,1,2,,21.3705,583,77804,0.815456,235,0,10.6667,,4.24,25,0,0.1,10,0,0,9.50947,31,,500,472,,0,0,0,1
1604120337901,4,1010123456042,74,,1,0,2,1,2,,21.2892,574,53744,0.805847,234,0,10.5714,,0,0,0,0,0,0,0,0,0,,500,466,,0,0,0,0
1604120338151,4,1010123456042,74,,1,0,2,1,2,,21.7256,583,28541,0.830304,235,0,11,,0,0,0,0,0,0,0,0,0,,500,472,,0,0,0,0
1604120338401,4,1010123456042,74,,1,0,2,1,2,,21.6934,574,3728,0.831036,234,0,10.8,,0,0,0,0,0,0,0,0,0,,500,466,,0,0,0,0
1604120338651,4,1010123456042,74,,1,0,2,1,2,,20.6809,94,0,0.150201,45,0,6.5,,2,3,0,0.1,1,0,0,8.59155,31,,80,76,,0,0,0,1
1604120338901,4,1010123456042,74,,1,0,2,1,2,,0,0,0,0,0,0,5.5,,0,0,0,0,0,0,0,0,0,,0,0,,0,0,0,0
1604120339151,4,1010123456042,74,,1,0,2,1,2,,0,0,0,0,0,0,0.1,,0,0,0,0,0,0,0,0,0,,0,0,,0,0,0,0
1604120339401,3,1010123456042,74,,1,0,2,1,2,,0,0,0,0,0,0,2,,0,0,0,0,0,0,0,0,0,,0,0,,0,0,0,0
1604120339651,3,1010123456042,74,,1,0,2,1,2,,0,0,0,0,0,0,0.1,,0,0,0,0,0,0,0,0,0,,0,0,,0,0,0,0
1604120339901,3,1010123456042,74,,1,0,2,1,2,,0,0,0,0,0,0,0.1,,0,0,0,0,0,0,0,0,0,,0,0,,0,0,0,0
1604120340151,3,1010123456042,74,,1,0,2,1,2,,0,0,0,0,0,0,0.1,,0,0,0,0,0,0,0,0,0,,0,0,,0,0,0,0
1604120340401,3,1010123456042,74,,1,0,2,1,2,,0,0,0,0,0,0,0.1,,0,0,0,0,0,0,0,0,0,,0,0,,0,0,0,0
1604120340651,3,1010123456042,74,,1,0,2,1,2,,0,0,0,0,0,0,9,,0,0,0,0,0,0,0,0,0,,0,0,,0,0,0,0
1604120340901,3,1010123456042,74,,1,0,2,1,2,,0,0,0,0,0,0,5,,0,0,0,0,0,0,0,0,0,,0,0,,0,0,0,0
1604120341151,3,1010123456042,74,,1,0,2,1,2,,0,0,0,0,0,0,1.5,,0,0,0,0,0,0,0,0,0,,0,0,,0,0,0,0
1604120341401,3,1010123456042,74,,1,0,2,1,2,,0,0,0,0,0,0,0.1,,0,0,0,0,0,0,0,0,0,,0,0,,0,0,0,0
1604120341651,3,1010123456042,74,,1,0,2,1,2,,0,0,0,0,0,0,6.5,,0,0,0,0,0,0,0,0,0,,0,0,,0,0,0,0
1604120341901,3,1010123456042,74,,1,0,2,1,2,,0,0,0,0,0,0,9.33333,,0,0,0,0,0,0,0,0,0,,0,0,,0,0,0,0
1604120342151,3,1010123456042,74,,1,0,2,1,2,,0,0,0,0,0,0,5.33333,,0,0,0,0,0,0,0,0,0,,0,0,,0,0,0,0
1604120342401,3,1010123456042,74,,1,0,2,1,2,,0,0,0,0,0,0,3,,0,0,0,0,0,0,0,0,0,,0,0,,0,0,0,0
1604120342651,3,1010123456042,74,,1,0,2,1,2,,0,0,0,0,0,0,7.33333,,0,0,0,0,0,0,0,0,0,,0,0,,0,0,0,0
1604120342901,3,1010123456042,74,,1,0,2,1,2,,0,0,0,0,0,0,6.25,,0,0,0,0,0,0,0,0,0,,0,0,,0,0,0,0
1604120343151,3,1010123456042,74,,1,0,2,1,2,,0,0,0,0,0,0,8,,0,0,0,0,0,0,0,0,0,,0,0,,0,0,0,0
1604120343401,3,1010123456042,74,,1,0,2,1,2,,0,0,0,0,0,0,9,,0,0,0,0,0,0,0,0,0,,0,0,,0,0,0,0
1604120343651,3,1010123456042,74,,1,0,2,1,2,,0,0,0,0,0,0,4,,0,0,0,0,0,0,0,0,0,,0,0,,0,0,0,0
1604120343901,3,1010123456042,74,,1,0,2,1,2,,0,0,0,0,0,0,9.5,,0,0,0,0,0,0,0,0,0,,0,0,,0,0,0,0
1604120344151,3,1010123456042,74,,1,0,2,1,2,,0,0,0,0,0,0,0.1,,0,0,0,0,0,0,0,0,0,,0,0,,0,0,0,0
1604120344401,3,1010123456042,74,,1,0,2,1,2,,0,0,0,0,0,0,1,,0,0,0,0,0,0,0,0,0,,0,0,,0,0,0,0
1604120344651,3,1010123456042,74,,1,0,2,1,2,,0,0,0,0,0,0,7.75,,0,0,0,0,0,0,0,0,0,,0,0,,0,0,0,0
1604120344901,3,1010123456042,74,,1,0,2,1,2,,0,0,0,0,0,0,7.2,,0,0,0,0,0,0,0,0,0,,0,0,,0,0,0,0
1604120345151,3,1010123456042,74,,1,0,2,1,2,,0,0,0,0,0,0,4,,0,0,0,0,0,0,0,0,0,,0,0,,0,0,0,0
1604120345401,3,1010123456042,74,,1,0,2,1,2,,0,0,0,0,0,0,11.5,,0,0,0,0,0,0,0,0,0,,0,0,,0,0,0,0
1604120345651,3,1010123456042,74,,1,0,2,1,2,,0,0,0,0,0,0,6,,4,12,0,0,4,100,0,0.185291,0,,0,0,,0,0,0,10
1604120345901,3,1010123456042,74,,1,0,2,1,2,,0,0,0,0,0,0,0.1,,0,0,0,0,0,0,0,0,0,,0,0,,0,0,0,0
1604120346151,3,1010123456042,74,,1,0,2,1,2,,0,0,0,0,0,0,9.66667,,0,0,0,0,0,0,0,0,0,,0,0,,0,0,0,0
1604120346401,3,1010123456042,74,,1,0,2,1,2,,0,0,0,0,0,0,6.5,,0,0,0,0,0,0,0,0,0,,0,0,,0,0,0,0
1604120346651,3,1010123456042,74,,1,0,2,1,2,,0,0,0,0,0,0,0.1,,0,0,0,0,0,0,0,0,0,,0,0,,0,0,0,0
1604120346901,3,1010123456042,74,,1,0,2,1,2,,0,0,0,0,0,0,3,,0,0,0,0,0,0,0,0,0,,0,0,,0,0,0,0
1604120347151,3,1010123456042,74,,1,0,2,1,2,,0,0,0,0,0,0,4.5,,0,0,0,0,0,0,0,0,0,,0,0,,0,0,0,0
1604120347401,3,1010123456042,74,,1,0,2,1,2,,0,0,0,0,0,0,8.33333,,0,0,0,0,0,0,0,0,0,,0,0,,0,0,0,0
1604120347651,3,1010123456042,74,,1,0,2,1,2,,0,0,0,0,0,0,0.1,,0,0,0,0,0,0,0,0,0,,0,0,,0,0,0,0
1604120347901,3,1010123456042,74,,1,0,2,1,2,,0,0,0,0,0,0,10.5,,0,0,0,0,0,0,0,0,0,,0,0,,0,0,0,0
1604120348151,3,1010123456042,74,,1,0,2,1,2,,0,0,0,0,0,0,11.5,,0,0,0,0,0,0,0,0,0,,0,0,,0,0,0,0
1604120348401,3,1010123456042,74,,1,0,2,1,2,,0,0,0,0,0,0,1.5,,0,0,0,0,0,0,0,0,0,,0,0,,0,0,0,0
1604120348651,3,1010123456042,74,,1,0,2,1,2,,0,0,0,0,0,0,7.5,,0,0,0,0,0,0,0,0,0,,0,0,,0,0,0,0
1604120348901,3,1010123456042,74,,1,0,2,1,2,,0,0,0,0,0,0,9.75,,0,0,0,0,0,0,0,0,0,,0,0,,0,0,0,0
1604120349151,3,1010123456042,74,,1,0,2,1,2,,0,0,0,0,0,0,4,,0,0,0,0,0,0,0,0,0,,0,0,,0,0,0,0
1604120349401,3,1010123456042,74,,1,0,2,1,2,,0,0,0,0,0,0,7,,0,0,0,0,0,0,0,0,0,,0,0,,0,0,0,0
1604120349651,3,1010123456042,74,,1,0,2,1,2,,0,0,0,0,0,0,11,,0,0,0,0,0,0,0,0,0,,0,0,,0,0,0,0
1604120349901,3,1010123456042,74,,1,0,2,1,2,,0,0,0,0,0,0,8,,0,0,0,0,0,0,0,0,0,,0,0,,0,0,0,0
1604120350151,3,1010123456042,74,,1,0,2,1,2,,0,0,0,0,0,0,3.33333,,0,0,0,0,0,0,0,0,0,,0,0,,0,0,0,0
1604120350401,3,1010123456042,74,,1,0,2,1,2,,0,0,0,0,0,0,5,,0,0,0,0,0,0,0,0,0,,0,0,,0,0,0,0
1604120350651,3,1010123456042,74,,1,0,2,1,2,,0,0,0,0,0,0,8.5,,0,0,0,0,0,0,0,0,0,,0,0,,0,0,0,0
1604120350901,3,1010123456042,74,,1,0,2,1,2,,0,0,0,0,0,0,10.75,,0,0,0,0,0,0,0,0,0,,0,0,,0,0,0,0
1604120351151,3,1010123456042,74,,1,0,2,1,2,,0,0,0,0,0,0,0.1,,0,0,0,0,0,0,0,0,0,,0,0,,0,0,0,0
1604120351401,3,1010123456042,74,,1,0,2,1,2,,0,0,0,0,0,0,8.66667,,0,0,0,0,0,0,0,0,0,,0,0,,0,0,0,0
1604120351651,3,1010123456042,74,,1,0,2,1,2,,0,0,0,0,0,0,12.5,,0,0,0,0,0,0,0,0,0,,0,0,,0,0,0,0
1604120351901,3,1010123456042,74,,1,0,2,1,2,,0,0,0,0,0,0,6.66667,,0,0,0,0,0,0,0,0,0,,0,0,,0,0,0,0
1604120352151,3,1010123456042,74,,1,0,2,1,2,,0,0,0,0,0,0,11,,0,0,0,0,0,0,0,0,0,,0,0,,0,0,0,0
1604120352401,3,1010123456042,74,,1,0,2,1,2,,0,0,0,0,0,0,0.1,,0,0,0,0,0,0,0,0,0,,0,0,,0,0,0,0
1604120352651,3,1010123456042,74,,1,0,2,1,2,,0,0,0,0,0,0,14,,0,0,0,0,0,0,0,0,0,,0,0,,0,0,0,0
1604120352901,3,1010123456042,74,,1,0,2,1,2,,0,0,0,0,0,0,10,,0,0,0,0,0,0,0,0,0,,0,0,,0,0,0,0
1604120353151,3,1010123456042,74,,1,0,2,1,2,,0,0,0,0,0,0,0.1,,0,0,0,0,0,0,0,0,0,,0,0,,0,0,0,0
1604120353401,3,1010123456042,74,,1,0,2,1,2,,0,0,0,0,0,0,2.5,,0,0,0,0,0,0,0,0,0,,0,0,,0,0,0,0
1604120353651,3,1010123456042,74,,1,0,2,1,2,,0,0,0,0,0,0,5.33333,,0,0,0,0,0,0,0,0,0,,0,0,,0,0,0,0
1604120353901,3,1010123456042,74,,1,0,2,1,2,,0,0,0,0,0,0,7.5,,0,0,0,0,0,0,0,0,0,,0,0,,0,0,0,0
1604120354151,3,1010123456042,74,,1,0,2,1,2,,0,0,0,0,0,0,6,,0,0,0,0,0,0,0,0,0,,0,0,,0,0,0,0
1604120354401,3,1010123456042,74,,1,0,2,1,2,,0,0,0,0,0,0,8.5,,0,0,0,0,0,0,0,0,0,,0,0,,0,0,0,0
1604120354651,3,1010123456042,74,,1,0,2,1,2,,0,0,0,0,0,0,12.5,,0,0,0,0,0,0,0,0,0,,0,0,,0,0,0,0
1604120354901,3,1010123456042,74,,1,0,2,1,2,,0,0,0,0,0,0,8.5,,0,0,0,0,0,0,0,0,0,,0,0,,0,0,0,0
1604120355151,3,1010123456042,74,,1,0,2,1,2,,0,0,0,0,0,0,12,,0,0,0,0,0,0,0,0,0,,0,0,,0,0,0,0
1604120355401,3,1010123456042,74,,1,0,2,1,2,,0,0,0,0,0,0,10,,0,0,0,0,0,0,0,0,0,,0,0,,0,0,0,0
1604120355651,3,1010123456042,74,,1,0,2,1,2,,0,0,0,0,0,0,5,,0,0,0,0,0,0,0,0,0,,0,0,,0,0,0,0
1604120355901,3,1010123456042,74,,1,0,2,1,2,,0,0,0,0,0,0,6.5,,0,0,0,0,0,0,0,0,0,,0,0,,0,0,0,0
