Timestamp,num_ues,IMSI,RNTI,,slicing_enabled,slice_id,slice_prb,power_multiplier,scheduling_policy,,dl_mcs,dl_n_samples,dl_buffer [bytes],tx_brate downlink [Mbps],tx_pkts downlink,tx_errors downlink (%),dl_cqi,,ul_mcs,ul_n_samples,ul_buffer [bytes],rx_brate uplink [Mbps],rx_pkts uplink,rx_errors uplink (%),ul_rssi,ul_sinr,phr,,sum_requested_prbs,sum_granted_prbs,,dl_pmi,dl_ri,ul_n,ul_turbo_iters
1604116451738,9,1010123456030,73,,1,2,4,1,1,,0,0,0,0.000417671,1,0,9.16667,,0,2,0,0.1,1,0,0,0,0,,0,0,,0,0,0,0
1604116451988,9,1010123456030,73,,1,2,4,1,1,,4.2,5,0,0.00199197,2,0,7.5,,10.8,5,0,0.1,2,0,0,15.6467,31,,0,10,,0,0,0,1
1604116452238,9,1010123456030,73,,1,2,4,1,1,,0,0,0,0,0,0,7.85714,,0,0,0,0,0,0,0,0,0,,0,0,,0,0,0,0
1604116452488,9,1010123456030,73,,1,2,4,1,1,,11.2222,9,0,0.0107631,4,0,8.6,,9,8,0,0.1,3,0,0,14.8137,31,,0,12,,0,0,0,1.25
1604116452738,9,1010123456030,73,,1,2,4,1,1,,11.75,12,0,0.00542972,2,0,8.16667,,2.65,20,0,0.1,8,0,0,11.2837,31,,0,12,,0,0,0,1.15
1604116452988,9,1010123456030,73,,1,2,4,1,1,,16.3333,12,0,0.026249,7,0,8.2,,6.40909,22,0,0.1,9,0,0,12.7008,31,,0,18,,0,0,0,1.27273
1604116453238,9,1010123456030,73,,1,2,4,1,1,,10.55,20,0,0.0213012,8,0,7.42857,,0,0,0,0,0,0,0,0,0,,0,28,,0,0,0,0
1604116453488,9,1010123456030,73,,1,2,4,1,1,,16.0833,12,0,0.0215582,5,0,9.6,,7,3,0,0.1,1,0,0,17.6168,31,,0,18,,0,0,0,1
1604116453738,9,1010123456030,73,,1,2,4,1,1,,2.01205,83,87,0.014747,24,0,6.6,,0,2,0,0.1,1,0,0,0,0,,20,94,,0,0,0,0
1604116453988,9,1010123456030,73,,1,2,4,1,1,,2.23563,174,0,0.0285622,77,0,5.33333,,0,0,0,0,0,0,0,0,0,,123,156,,0,0,0,0
1604116454238,9,1010123456030,73,,1,2,4,1,1,,7.80645,31,0,0.0117269,12,0,6,,0,0,0,0,0,0,0,0,0,,17,24,,0,0,0,0
1604116454488,9,1010123456030,73,,1,2,4,1,1,,11.5882,17,158,0.010988,7,0,4.5,,0,0,0,0,0,0,0,0,0,,23,30,,0,0,0,0
1604116454738,9,1010123456030,73,,1,2,4,1,1,,11.5862,29,0,0.0165462,11,0,6.8,,1.4,15,0,0.1,6,0,0,12.4965,31,,53,60,,0,0,0,1.8
1604116454988,9,1010123456030,73,,1,2,4,1,1,,6.45098,51,0,0.0179598,21,0,6,,0,0,0,0,0,0,0,0,0,,24,44,,0,0,0,0
1604116455238,9,1010123456030,73,,1,2,4,1,1,,0,0,0,0,0,0,7.4,,0,0,0,0,0,0,0,0,0,,0,0,,0,0,0,0
1604116455488,9,1010123456030,73,,1,2,4,1,1,,9.6,10,0,0.0055261,4,0,8,,12,3,0,0.1,1,0,0,13.401,31,,4,8,,0,0,0,2
1604116455738,9,1010123456030,73,,1,2,4,1,1,,9.6,10,0,0.0055261,4,0,4,,0,2,0,0.1,1,0,0,0,0,,4,8,,0,0,0,0
1604116455988,9,1010123456030,73,,1,2,4,1,1,,9.61539,26,0,0.0114056,10,0,7.5,,0,0,0,0,0,0,0,0,0,,10,20,,0,0,0,0
1604116456238,9,1010123456030,73,,1,2,4,1,1,,4.38043,92,0,0.0161285,34,0,5.6,,0,0,0,0,0,0,0,0,0,,282,298,,0,0,0,0
1604116456488,9,1010123456030,73,,1,2,4,1,1,,9.54545,44,0,0.0263133,21,0,4.66667,,0,0,0,0,0,0,0,0,0,,25,44,,0,0,0,0
1604116456738,9,1010123456030,73,,1,2,4,1,1,,12.24,25,0,0.0164498,10,0,7.83333,,4.16,25,0,0.1,10,0,0,7.72306,31,,10,20,,0,0,0,1.64
1604116456988,9,1010123456030,73,,1,2,4,1,1,,9.54545,11,0,0.00568675,5,0,9.75,,0,0,0,0,0,0,0,0,0,,5,10,,0,0,0,0
1604116457238,9,1010123456030,73,,1,2,4,1,1,,18.25,40,0,0.0424739,16,0,5,,0,0,0,0,0,0,0,0,0,,270,306,,0,0,0,0
1604116457488,9,1010123456030,73,,1,2,4,1,1,,12.9375,16,0,0.0108594,6,0,7,,0,0,0,0,0,0,0,0,0,,151,160,,0,0,0,0
1604116457738,9,1010123456030,73,,1,2,4,1,1,,22.125,8,0,0.0112771,3,0,8.5,,4.8,25,0,0.1,10,0,0,7.75412,31,,3,6,,0,0,0,2.4
1604116457988,9,1010123456030,73,,1,2,4,1,1,,15.1429,14,0,0.0107631,5,0,10,,0,0,0,0,0,0,0,0,0,,5,10,,0,0,0,0
1604116458238,9,1010123456030,73,,1,2,4,1,1,,12.0714,42,0,0.0275341,17,0,7,,0,0,0,0,0,0,0,0,0,,17,34,,0,0,0,0
1604116458488,9,1010123456030,73,,1,2,4,1,1,,0,0,0,0,0,0,8.5,,0,0,0,0,0,0,0,0,0,,0,0,,0,0,0,0
1604116458738,9,1010123456030,73,,1,2,4,1,1,,13.5556,18,44,0.0148434,8,0,4.5,,6.75,16,0,0.1,7,0,0,9.69586,31,,58,68,,0,0,0,1.125
1604116458988,9,1010123456030,73,,1,2,4,1,1,,9.54,50,0,0.0193735,15,0,7,,0,0,0,0,0,0,0,0,0,,48,64,,0,0,0,0
1604116459238,9,1010123456030,73,,1,2,4,1,1,,7.85714,42,0,0.0220723,22,0,9.25,,0,0,0,0,0,0,0,0,0,,20,34,,0,0,0,0
1604116459488,9,1010123456030,73,,1,2,4,1,1,,12.375,16,0,0.0108916,6,0,6.75,,0,0,0,0,0,0,0,0,0,,6,12,,0,0,0,0
1604116459738,9,1010123456030,73,,1,2,4,1,1,,12.375,32,0,0.0270201,13,0,9,,7.03448,29,0,0.1,12,16.6667,0,9.30059,31,,13,26,,0,0,0,2.31034
1604116459988,9,1010123456030,73,,1,2,4,1,1,,7.12857,70,0,0.0239036,28,0,8.25,,0,0,0,0,0,0,0,0,0,,28,56,,0,0,0,0
1604116460238,9,1010123456030,73,,1,2,4,1,1,,16.2941,17,158,0.016032,7,0,5.5,,0,0,0,0,0,0,0,0,0,,76,88,,0,0,0,0
1604116460488,9,1010123456030,73,,1,2,4,1,1,,10.4848,33,0,0.0168032,13,0,7.66667,,0,0,0,0,0,0,0,0,0,,136,150,,0,0,0,0
1604116460738,9,1010123456030,73,,1,2,4,1,1,,13.3077,13,0,0.005472,3,0,6.66667,,0,0,0,0,0,0,0,0,0,,6,12,,0,0,0,0
1604116460988,9,1010123456030,73,,1,2,4,1,1,,5.3662,71,0,0.0244177,32,0,6.75,,1.12,25,0,0.1,10,0,0,10.5291,31,,45,64,,0,0,0,1.24
1604116461238,9,1010123456030,73,,1,2,4,1,1,,16.1765,17,0,0.0160321,7,0,8,,0,0,0,0,0,0,0,0,0,,288,304,,0,0,0,0
1604116461488,9,1010123456030,73,,1,2,4,1,1,,10.6709,79,0,0.0445944,32,0,9.25,,0,0,0,0,0,0,0,0,0,,32,64,,0,0,0,0
1604116461738,9,1010123456030,73,,1,2,4,1,1,,9.625,24,0,0.0114056,10,0,7,,0,6,0,0.1,3,33.3333,0,0,31,,10,20,,0,0,0,0
1604116461988,9,1010123456030,73,,1,2,4,1,1,,9.40541,37,0,0.0170924,15,0,6.33333,,0,0,0,0,0,0,0,0,0,,15,30,,0,0,0,0
1604116462238,9,1010123456030,73,,1,2,4,1,1,,7.69565,46,0,0.0175422,18,0,8,,0,0,0,0,0,0,0,0,0,,19,36,,0,0,0,0
1604116462488,9,1010123456030,73,,1,2,4,1,1,,0,0,0,0,0,0,5.8,,0,0,0,0,0,0,0,0,0,,0,0,,0,0,0,0
1604116462738,9,1010123456030,73,,1,2,4,1,1,,17.6,5,0,0.00536546,2,0,12,,0,0,0,0,0,0,0,0,0,,2,4,,0,0,0,0
1604116462988,9,1010123456030,73,,1,2,4,1,1,,0,0,0,0,0,0,1.66667,,0,0,0,0,0,0,0,0,0,,0,0,,0,0,0,0
1604116463238,9,1010123456030,73,,1,2,4,1,1,,10.4419,43,0,0.0223293,17,0,7.5,,3.23077,26,0,0.1,10,40,0,4.13037,31,,33,52,,0,0,0,5.15385
1604116463488,9,1010123456030,73,,1,2,4,1,1,,13.3333,15,0,0.0108594,6,0,0.1,,0,0,0,0,0,0,0,0,0,,6,12,,0,0,0,0
1604116463738,9,1010123456030,73,,1,2,4,1,1,,13.3636,22,0,0.0164177,9,0,0.1,,6.83333,30,0,0.1,12,16.6667,0,7.39258,31,,9,18,,0,0,0,2.76667
1604116463988,9,1010123456030,73,,1,2,4,1,1,,13.3333,15,0,0.00542972,3,0,0.1,,0,0,0,0,0,0,0,0,0,,6,12,,0,0,0,0
1604116464238,9,1010123456030,73,,1,2,4,1,1,,13.2857,7,158,0.0109237,6,0,2.5,,0,0,0,0,0,0,0,0,0,,102,112,,0,0,0,0
1604116464488,9,1010123456030,73,,1,2,4,1,1,,0,0,628,0,0,0,0.1,,0,0,0,0,0,0,0,0,0,,448,466,,0,0,0,0
1604116464738,9,1010123456030,73,,1,2,4,1,1,,11.6596,47,0,0.0275984,19,0,7,,0,0,0,0,0,0,0,0,0,,432,438,,0,0,0,0
1604116464988,9,1010123456030,73,,1,2,4,1,1,,0,2,0,0.00594378,1,0,10.6,,8.37037,27,0,0.1,11,9.09091,0,10.5897,31,,1,2,,0,0,0,2
1604116465238,9,1010123456030,73,,1,2,4,1,1,,10.9032,31,0,0.0168353,13,0,8,,0,0,0,0,0,0,0,0,0,,13,26,,0,0,0,0
1604116465488,9,1010123456030,73,,1,2,4,1,1,,1.96279,215,0,0.0313896,87,0,3.66667,,0,2,0,0.1,1,0,0,0,31,,196,218,,0,0,0,0
1604116465738,9,1010123456030,73,,1,2,4,1,1,,3.76316,38,0,0.00697189,15,0,5,,10,3,0,0.1,1,0,0,17.2358,0,,174,182,,0,0,0,1
1604116465988,9,1010123456030,73,,1,2,4,1,1,,11.4595,37,0,0.0221365,15,0,5.75,,0,0,0,0,0,0,0,0,0,,15,30,,0,0,0,0
1604116466238,9,1010123456030,73,,1,2,4,1,1,,3.46324,136,0,0.027245,55,0,4.25,,0,0,0,0,0,0,0,0,0,,179,198,,0,0,0,0
1604116466488,9,1010123456030,73,,1,2,4,1,1,,13.25,8,0,0.00549398,3,0,5.25,,0,0,0,0,0,0,0,0,0,,3,6,,0,0,0,0
1604116466738,9,1010123456030,73,,1,2,4,1,1,,5.8,45,0,0.0124337,18,0,4,,10.4,5,0,0.1,2,0,0,14.5501,31,,304,314,,0,0,0,1
1604116466988,9,1010123456030,73,,1,2,4,1,1,,8.92105,38,0,0.0170602,15,0,8,,0,0,0,0,0,0,0,0,0,,16,30,,0,0,0,0
1604116467238,9,1010123456030,73,,1,2,4,1,1,,12.7368,19,0,0.0143936,6,0,6.66667,,0,0,0,0,0,0,0,0,0,,8,16,,0,0,0,0
1604116467488,9,1010123456030,73,,1,2,4,1,1,,4.68966,29,0,0.00835341,13,0,5.5,,0,0,0,0,0,0,0,0,0,,17,22,,0,0,0,0
1604116467738,9,1010123456030,73,,1,2,4,1,1,,8.51852,27,0,0.0115984,11,0,7.8,,11,6,0,0.1,2,0,0,14.5342,31,,14,26,,0,0,0,1
1604116467988,9,1010123456030,73,,1,2,4,1,1,,7.2375,80,0,0.0295582,33,0,5.66667,,0,0,0,0,0,0,0,0,0,,36,66,,0,0,0,0
1604116468238,9,1010123456030,73,,1,2,4,1,1,,15.1765,17,0,0.0176064,7,0,7.4,,0,0,0,0,0,0,0,0,0,,7,14,,0,0,0,0
1604116468488,9,1010123456030,73,,1,2,4,1,1,,7.4375,64,0,0.0177992,20,0,7.4,,0,0,0,0,0,0,0,0,0,,32,50,,0,0,0,0
1604116468738,9,1010123456030,73,,1,2,4,1,1,,7.86667,15,0,0.0114699,11,0,6,,4.45455,11,0,0.1,4,0,0,10.6426,31,,8,12,,0,0,0,1.54545
1604116468988,9,1010123456030,73,,1,2,4,1,1,,8.63158,38,10,0.0116627,12,0,6.5,,0,0,0,0,0,0,0,0,0,,18,32,,0,0,0,0
1604116469238,9,1010123456030,73,,1,2,4,1,1,,8.92593,27,0,0.016992,15,0,7,,0,0,0,0,0,0,0,0,0,,11,22,,0,0,0,0
1604116469488,9,1010123456030,73,,1,2,4,1,1,,18.4,5,0,0.00533333,2,0,10,,0,0,0,0,0,0,0,0,0,,2,4,,0,0,0,0
1604116469738,9,1010123456030,73,,1,2,4,1,1,,7.86667,15,0,0.0053012,5,0,5,,0,0,0,0,0,0,0,0,0,,8,16,,0,0,0,0
1604116469988,9,1010123456030,73,,1,2,4,1,1,,8.75,40,0,0.0129157,12,0,6.33333,,9,5,0,0.1,2,0,0,16.6729,31,,16,32,,0,0,0,1
1604116470238,9,1010123456030,73,,1,2,4,1,1,,12.2857,14,0,0.0155823,11,0,7.8,,0,0,0,0,0,0,0,0,0,,68,78,,0,0,0,0
1604116470488,9,1010123456030,73,,1,2,4,1,1,,10.5273,55,0,0.0333173,22,0,7.33333,,0,0,0,0,0,0,0,0,0,,24,48,,0,0,0,0
1604116470739,9,1010123456030,73,,1,2,4,1,1,,11.9412,34,0,0.018848,11,0,10.3333,,12.4,5,0,0.1,2,0,0,16.1307,31,,13,26,,0,0,0,1
1604116470988,9,1010123456030,73,,1,2,4,1,1,,11.6667,18,0,0.0140402,9,0,8,,0,0,0,0,0,0,0,0,0,,7,14,,0,0,0,0
1604116471238,9,1010123456030,73,,1,2,4,1,1,,8.25,16,584,0.007264,6,0,2,,0,0,0,0,0,0,0,0,0,,213,246,,0,0,0,0
1604116471488,9,1010123456030,73,,1,2,4,1,1,,0,0,1210,0,0,0,0.1,,0,0,0,0,0,0,0,0,0,,419,452,,0,0,0,0
1604116471738,9,1010123456030,73,,1,2,4,1,1,,5.89806,206,0,0.059502,82,0,3.75,,13.5,6,0,0.1,2,0,0,16.2226,31,,166,214,,0,0,0,1
1604116471988,9,1010123456030,73,,1,2,4,1,1,,11.6154,26,0,0.0171566,10,0,7.66667,,0,0,0,0,0,0,0,0,0,,82,106,,0,0,0,0
1604116472238,9,1010123456030,73,,1,2,4,1,1,,10.8,10,0,0.0055261,4,0,7,,0,0,0,0,0,0,0,0,0,,4,8,,0,0,0,0
1604116472488,9,1010123456030,73,,1,2,4,1,1,,9.07143,14,0,0.005664,5,0,10.3333,,0,0,0,0,0,0,0,0,0,,5,10,,0,0,0,0
1604116472738,9,1010123456030,73,,1,2,4,1,1,,0,0,0,0,0,0,5.33333,,0,0,0,0,0,0,0,0,0,,0,0,,0,0,0,0
1604116472988,9,1010123456030,73,,1,2,4,1,1,,13.0909,22,0,0.0162892,8,0,9.8,,0,0,0,0,0,0,0,0,0,,8,16,,0,0,0,0
1604116473238,9,1010123456030,73,,1,2,4,1,1,,9.63636,22,0,0.0113414,9,0,4.6,,11.2,5,0,0.1,2,0,0,14.4616,31,,47,58,,0,0,0,1
1604116473488,9,1010123456030,73,,1,2,4,1,1,,6.61111,36,0,0.0120803,15,0,6.83333,,12,3,0,0.1,1,0,0,12.9207,31,,16,32,,0,0,0,1
1604116473738,9,1010123456030,73,,1,2,4,1,1,,5.81013,79,0,0.021751,30,0,6,,0,2,0,0.1,1,0,0,0,0,,49,82,,0,0,0,0
1604116473988,9,1010123456030,73,,1,2,4,1,1,,8.75,40,0,0.0200803,19,0,9.33333,,0,0,0,0,0,0,0,0,0,,17,34,,0,0,0,0
1604116474238,9,1010123456030,73,,1,2,4,1,1,,5.86364,22,0,0.00623293,9,0,7.33333,,0,0,0,0,0,0,0,0,0,,9,18,,0,0,0,0
1604116474488,9,1010123456030,73,,1,2,4,1,1,,10.9,10,0,0.0055261,4,0,4.2,,0,2,0,0.1,1,0,0,0,31,,138,150,,0,0,0,0
1604116474738,9,1010123456030,73,,1,2,4,1,1,,11.75,8,0,0.00542972,3,0,5.5,,8,3,0,0.1,1,0,0,13.2026,0,,119,128,,0,0,0,1
1604116474988,9,1010123456030,73,,1,2,4,1,1,,9.26087,23,0,0.0113735,10,0,7,,0,0,0,0,0,0,0,0,0,,10,20,,0,0,0,0
1604116475238,9,1010123456030,73,,1,2,4,1,1,,9.15385,13,0,0.00568675,5,0,0.1,,0,0,0,0,0,0,0,0,0,,5,10,,0,0,0,0
1604116475488,9,1010123456030,73,,1,2,4,1,1,,11.697,33,75,0.0195341,13,0,10,,0,0,0,0,0,0,0,0,0,,13,26,,0,0,0,0
1604116475738,9,1010123456030,73,,1,2,4,1,1,,13,21,0,0.0135582,8,0,4,,10.8,5,0,0.1,2,0,0,16.3171,31,,8,16,,0,0,0,1.6
1604116475988,9,1010123456030,73,,1,2,4,1,1,,5.93846,65,0,0.018249,25,0,5.5,,0,0,0,0,0,0,0,0,0,,29,58,,0,0,0,0
1604116476238,9,1010123456030,73,,1,2,4,1,1,,9.66667,12,0,0.00568675,5,0,7.5,,0,0,0,0,0,0,0,0,0,,5,10,,0,0,0,0
1604116476488,9,1010123456030,73,,1,2,4,1,1,,4.65049,103,0,0.0254779,41,0,5,,0,0,0,0,0,0,0,0,0,,57,88,,0,0,0,0
1604116476738,9,1010123456030,73,,1,2,4,1,1,,5.90909,22,0,0.00623293,9,0,6,,10.5714,14,0,0.1,5,60,0,7.49011,31,,9,18,,0,0,0,7.21429
1604116476988,9,1010123456030,73,,1,2,8,1,1,,12.375,8,0,0.00549398,3,0,6,,0,0,0,0,0,0,0,0,0,,3,6,,0,0,0,0
1604116477238,9,1010123456030,73,,1,2,8,1,1,,11.6667,18,0,0.0110522,7,0,6.66667,,0,0,0,0,0,0,0,0,0,,10,14,,0,0,0,0
1604116477488,9,1010123456030,73,,1,2,8,1,1,,0.689076,119,0,0.0214297,47,0,13,,0,0,0,0,0,0,0,0,0,,344,352,,0,0,0,0
1604116477738,9,1010123456030,73,,1,2,8,1,1,,0,0,0,0,0,0,4,,0,0,0,0,0,0,0,0,0,,0,0,,0,0,0,0
1604116477988,9,1010123456030,73,,1,2,8,1,1,,0,0,0,0,0,0,9.5,,0,0,0,0,0,0,0,0,0,,0,0,,0,0,0,0
1604116478238,9,1010123456030,73,,1,2,8,1,1,,6.51351,37,0,0.0120482,15,0,5.5,,10.4,5,0,0.1,2,0,0,13.4601,31,,25,30,,0,0,0,2.2
1604116478488,9,1010123456030,73,,1,2,8,1,1,,6.19444,72,0,0.0240964,29,0,6,,0,0,0,0,0,0,0,0,0,,47,64,,0,0,0,0
1604116478738,9,1010123456030,73,,1,2,8,1,1,,2.76923,52,0,0.0126908,20,0,3,,0,0,0,0,0,0,0,0,0,,104,110,,0,0,0,0
1604116478988,9,1010123456030,73,,1,2,8,1,1,,3.42857,35,0,0.00684337,14,0,4,,8.4,5,0,0.1,2,0,0,14.9457,31,,48,62,,0,0,0,1
1604116479238,9,1010123456030,73,,1,2,8,1,1,,16.3704,27,0,0.0269558,11,0,8.5,,0,0,0,0,0,0,0,0,0,,11,22,,0,0,0,0
1604116479488,9,1010123456030,73,,1,2,8,1,1,,18.4,10,0,0.0107952,4,0,5,,0,0,0,0,0,0,0,0,0,,4,8,,0,0,0,0
1604116479738,9,1010123456030,73,,1,2,8,1,1,,5.8,40,0,0.0121446,16,0,6,,11.6,5,0,0.1,2,0,0,14.0799,31,,29,36,,0,0,0,1.6
1604116479988,9,1010123456030,73,,1,2,8,1,1,,6.44444,18,0,0.00594378,7,0,7.5,,0,0,0,0,0,0,0,0,0,,11,14,,0,0,0,0
1604116480238,9,1010123456030,73,,1,2,8,1,1,,7.8913,46,0,0.0176064,18,0,7,,0,0,0,0,0,0,0,0,0,,32,42,,0,0,0,0
1604116480488,9,1010123456030,73,,1,2,8,1,1,,9.38461,13,0,0.005751,5,0,6,,0,0,0,0,0,0,0,0,0,,6,10,,0,0,0,0
1604116480738,9,1010123456030,73,,1,2,8,1,1,,7.04,50,0,0.0177992,20,0,5.66667,,10,5,0,0.1,2,0,0,11.516,31,,31,42,,0,0,0,1
1604116480988,9,1010123456030,73,,1,2,8,1,1,,3.55714,70,0,0.0188594,28,0,2.25,,0,0,0,0,0,0,0,0,0,,115,124,,0,0,0,0
1604116481238,9,1010123456030,73,,1,2,8,1,1,,4.06383,94,0,0.0251245,38,0,5,,0,0,0,0,0,0,0,0,0,,128,144,,0,0,0,0
1604116481488,9,1010123456030,73,,1,2,8,1,1,,1.65278,72,0,0.0138153,28,0,8,,0,0,0,0,0,0,0,0,0,,163,170,,0,0,0,0
1604116481738,9,1010123456030,73,,1,2,8,1,1,,8.11628,43,0,0.0173494,17,0,6.5,,6.55556,9,0,0.1,4,0,0,14.6567,31,,23,34,,0,0,0,1.33333
1604116481988,9,1010123456030,73,,1,2,8,1,1,,7.09524,42,42,0.0138474,12,0,7,,0,0,0,0,0,0,0,0,0,,37,50,,0,0,0,0
1604116482238,9,1010123456030,73,,1,2,8,1,1,,2.8,10,0,0.00398394,9,0,8,,0,0,0,0,0,0,0,0,0,,16,16,,0,0,0,0
1604116482488,9,1010123456030,73,,1,2,8,1,1,,12.375,16,0,0.0108916,6,0,2.66667,,0,0,0,0,0,0,0,0,0,,6,12,,0,0,0,0
1604116482738,9,1010123456030,73,,1,2,8,1,1,,0,0,0,0,0,0,11.5,,0,0,0,0,0,0,0,0,0,,0,0,,0,0,0,0
1604116482988,9,1010123456030,73,,1,2,8,1,1,,12.625,16,0,0.0108916,6,0,10,,0,0,0,0,0,0,0,0,0,,6,12,,0,0,0,0
1604116483238,9,1010123456030,73,,1,2,8,1,1,,7.73333,30,0,0.0116948,12,0,3.5,,10.8,5,0,0.1,2,0,0,15.6634,31,,15,24,,0,0,0,1.4
1604116483488,9,1010123456030,73,,1,2,8,1,1,,5.73077,52,0,0.0228112,20,0,4,,0,0,0,0,0,0,0,0,0,,120,140,,0,0,0,0
1604116483738,9,1010123456030,73,,1,2,8,1,1,,6.33333,18,0,0.0059759,7,0,5.5,,10.4,5,0,0.1,2,0,0,15.8693,31,,11,14,,0,0,0,1
1604116483988,9,1010123456030,73,,1,2,8,1,1,,6.15,80,0,0.0344418,32,0,4.66667,,0,0,0,0,0,0,0,0,0,,142,160,,0,0,0,0
1604116484286,8,1010123456030,73,,1,2,8,1,1,,7.95349,43,0,0.0145724,17,0,6,,0,0,0,0,0,0,0,0,0,,29,38,,0,0,0,0
1604116484488,8,1010123456030,73,,1,2,8,1,1,,6.98,50,0,0.0220498,20,0,6,,0,0,0,0,0,0,0,0,0,,33,44,,0,0,0,0
1604116484738,8,1010123456030,73,,1,2,8,1,1,,4.89744,39,0,0.011936,15,0,5,,9.18182,11,0,0.1,4,25,0,8.13977,31,,44,52,,0,0,0,4.81818
1604116484988,8,1010123456030,73,,1,2,8,1,1,,5.96296,81,0,0.0244177,33,0,5.4,,0,0,0,0,0,0,0,0,0,,57,72,,0,0,0,0
1604116485238,8,1010123456030,73,,1,2,8,1,1,,0.1,57,0,0.00812851,23,0,3,,0,0,0,0,0,0,0,0,0,,109,112,,0,0,0,0
1604116485488,8,1010123456030,73,,1,2,8,1,1,,0,0,0,0,0,0,9.75,,0,0,0,0,0,0,0,0,0,,0,0,,0,0,0,0
1604116485738,8,1010123456030,73,,1,2,8,1,1,,9.8,20,0,0.0113735,8,0,8.33333,,8.4,5,0,0.1,2,0,0,12.4219,31,,9,16,,0,0,0,1
1604116485988,8,1010123456030,73,,1,2,8,1,1,,2.16667,42,0,0.00729317,17,0,5,,0,0,0,0,0,0,0,0,0,,43,46,,0,0,0,0
1604116486238,8,1010123456030,73,,1,2,8,1,1,,7.12903,31,0,0.0117912,13,0,5.25,,0,0,0,0,0,0,0,0,0,,20,26,,0,0,0,0
1604116486488,8,1010123456030,73,,1,2,8,1,1,,5.96296,81,0,0.0293655,32,0,6.4,,0,0,0,0,0,0,0,0,0,,99,114,,0,0,0,0
1604116486738,8,1010123456030,73,,1,2,8,1,1,,7.16049,81,121,0.029728,33,0,6,,4.44444,9,0,0.1,4,0,0,12.9146,31,,50,68,,0,0,0,1
1604116486988,8,1010123456030,73,,1,2,8,1,1,,7.0625,32,0,0.0119197,14,0,4.66667,,0,0,0,0,0,0,0,0,0,,19,24,,0,0,0,0
1604116487238,8,1010123456030,73,,1,2,8,1,1,,5,20,0,0.00610442,8,0,5.66667,,0,0,0,0,0,0,0,0,0,,19,22,,0,0,0,0
1604116487488,8,1010123456030,73,,1,2,8,1,1,,7.2421,95,0,0.0352,38,0,5.33333,,10.4286,7,0,0.1,3,33.3333,0,8.0034,31,,64,82,,0,0,0,3.57143
1604116487738,8,1010123456030,73,,1,2,8,1,1,,6.89394,66,0,0.023743,27,0,5.83333,,0,0,0,0,0,0,0,0,0,,50,70,,0,0,0,0
1604116487988,8,1010123456030,73,,1,2,8,1,1,,1.7,80,0,0.0194378,32,0,5,,0,0,0,0,0,0,0,0,0,,162,172,,0,0,0,0
1604116488238,8,1010123456030,73,,1,2,8,1,1,,5.46667,30,0,0.011759,12,0,4.33333,,0,0,0,0,0,0,0,0,0,,30,34,,0,0,0,0
1604116488488,8,1010123456030,73,,1,2,8,1,1,,5.33696,92,0,0.024996,37,0,6.25,,0,2,0,0.1,1,0,0,0,31,,83,96,,0,0,0,0
1604116488738,8,1010123456030,73,,1,2,8,1,1,,9.33333,54,0,0.0328032,19,0,9.66667,,11.6364,33,0,0.1,12,33.3333,0,12.3946,0,,141,156,,0,0,0,4.54545
1604116488988,8,1010123456030,73,,1,2,8,1,1,,5.58333,60,0,0.0235502,26,0,5.33333,,0,0,0,0,0,0,0,0,0,,43,54,,0,0,0,0
1604116489238,8,1010123456030,73,,1,2,8,1,1,,1.73333,90,0,0.0198554,36,0,4.33333,,0,0,0,0,0,0,0,0,0,,220,230,,0,0,0,0
1604116489488,8,1010123456030,73,,1,2,8,1,1,,7.73333,15,158,0.00584739,6,0,6,,0,0,0,0,0,0,0,0,0,,20,26,,0,0,0,0
1604116489738,8,1010123456030,73,,1,2,8,1,1,,1.56757,74,0,0.014048,30,0,7.33333,,8.2,5,0,0.1,2,0,0,15.5778,31,,105,108,,0,0,0,1
1604116489988,8,1010123456030,73,,1,2,8,1,1,,9.15385,13,0,0.00568675,5,0,10,,0,0,0,0,0,0,0,0,0,,7,10,,0,0,0,0
1604116490238,8,1010123456030,73,,1,2,8,1,1,,0,0,0,0,0,0,14,,0,0,0,0,0,0,0,0,0,,0,0,,0,0,0,0
1604116490488,8,1010123456030,73,,1,2,8,1,1,,13.875,8,0,0.00544,3,0,12,,0,0,0,0,0,0,0,0,0,,3,6,,0,0,0,0
1604116490739,8,1010123456030,73,,1,2,8,1,1,,10.5,38,0,0.0168,13,0,5.8,,12.4,5,0,0.1,2,0,0,12.7742,31,,19,30,,0,0,0,1.6
1604116490988,8,1010123456030,73,,1,2,8,1,1,,7.1875,32,0,0.0171245,15,0,4.33333,,0,0,0,0,0,0,0,0,0,,88,94,,0,0,0,0
1604116491238,8,1010123456030,73,,1,2,8,1,1,,7.22581,62,0,0.0235181,25,0,0.1,,0,0,0,0,0,0,0,0,0,,39,52,,0,0,0,0
1604116491488,8,1010123456030,73,,1,2,8,1,1,,11.2609,23,65,0.00584739,6,0,11,,0,0,0,0,0,0,0,0,0,,12,18,,0,0,0,0
1604116491738,8,1010123456030,73,,1,2,8,1,1,,8.01667,60,0,0.0338635,27,0,7,,3.84615,13,0,0.1,6,50,0,6.03266,31,,47,64,,0,0,0,5.15385
1604116491988,8,1010123456030,73,,1,2,8,1,1,,8.58696,46,65,0.011648,12,0,8,,0,0,0,0,0,0,0,0,0,,22,38,,0,0,0,0
1604116492238,8,1010123456030,73,,1,2,8,1,1,,10.4,25,0,0.0224578,17,0,8.5,,0,0,0,0,0,0,0,0,0,,12,20,,0,0,0,0
1604116492488,8,1010123456030,73,,1,2,8,1,1,,7.73171,41,0,0.0173173,17,0,7,,0,0,0,0,0,0,0,0,0,,25,34,,0,0,0,0
1604116492738,8,1010123456030,73,,1,2,8,1,1,,10.8,20,0,0.0110522,8,0,9.75,,7,28,0,0.1,12,16.6667,0,6.81385,31,,8,16,,0,0,0,3.28571
1604116492988,8,1010123456030,73,,1,2,8,1,1,,10.55,20,0,0.0111807,8,0,0.1,,0,0,0,0,0,0,0,0,0,,11,16,,0,0,0,0
1604116493238,8,1010123456030,73,,1,2,8,1,1,,7.83333,24,47,0.0059759,7,0,7.75,,0,0,0,0,0,0,0,0,0,,14,22,,0,0,0,0
1604116493488,8,1010123456030,73,,1,2,8,1,1,,7.58333,48,158,0.0232289,22,0,5,,0,2,0,0.1,1,0,0,0,31,,54,76,,0,0,0,0
1604116493738,8,1010123456030,73,,1,2,8,1,1,,1.64126,223,81,0.04032,87,0,6,,7,18,0,0.1,6,0,0,11.2837,0,,527,564,,0,0,0,1
1604116494006,7,1010123456030,73,,1,2,8,1,1,,12.65,20,0,0.0165393,11,0,11,,0,0,0,0,0,0,0,0,0,,9,14,,0,0,0,0
1604116494238,7,1010123456030,73,,1,2,8,1,1,,16.05,40,0,0.0343448,12,0,8,,0,0,0,0,0,0,0,0,0,,16,32,,0,0,0,0
1604116494488,7,1010123456030,73,,1,2,8,1,1,,6.61111,18,0,0.011488,11,0,6,,0,0,0,0,0,0,0,0,0,,9,16,,0,0,0,0
1604116494738,7,1010123456030,73,,1,2,8,1,1,,7.73333,15,0,0.00584739,6,0,0.1,,0,0,0,0,0,0,0,0,0,,10,14,,0,0,0,0
1604116494988,7,1010123456030,73,,1,2,8,1,1,,7.94737,57,0,0.0232289,23,0,4,,11.6,25,0,0.1,10,0,0,11.3466,31,,69,86,,0,0,0,2.08
1604116495238,7,1010123456030,73,,1,2,8,1,1,,0,0,0,0,0,0,0.1,,0,0,0,0,0,0,0,0,0,,0,0,,0,0,0,0
1604116495488,7,1010123456030,73,,1,2,8,1,1,,6.5,10,0,0.005751,4,0,0.1,,0,0,0,0,0,0,0,0,0,,12,14,,0,0,0,0
1604116495738,7,1010123456030,73,,1,2,8,1,1,,0.1,57,158,0.008096,23,0,1,,7,5,0,0.1,2,0,0,11.7206,31,,139,144,,0,0,0,1
1604116495988,7,1010123456030,73,,1,2,8,1,1,,0.975806,124,0,0.0218153,50,0,6,,0,0,0,0,0,0,0,0,0,,269,276,,0,0,0,0
1604116496238,7,1010123456030,73,,1,2,8,1,1,,5.21333,75,0,0.0291727,30,0,5.66667,,0,0,0,0,0,0,0,0,0,,145,160,,0,0,0,0
1604116496488,7,1010123456030,73,,1,2,8,1,1,,13.5455,22,0,0.0163855,9,0,8.5,,0,0,0,0,0,0,0,0,0,,13,20,,0,0,0,0
1604116496738,7,1010123456030,73,,1,2,8,1,1,,14.4,5,0,0,0,0,0.1,,0,0,0,0,0,0,0,0,0,,2,4,,0,0,0,0
1604116496988,7,1010123456030,73,,1,2,8,1,1,,3.5,30,0,0.0120161,14,0,6.33333,,0,4,0,0.1,2,0,0,0,31,,48,50,,0,0,0,0
1604116497238,7,1010123456030,73,,1,2,8,1,1,,12.3125,16,0,0.0108594,6,0,13,,0,0,0,0,0,0,0,0,0,,6,12,,0,0,0,0
1604116497489,7,1010123456030,73,,1,2,8,1,1,,9.37037,27,37,0.010944,7,0,5.66667,,0,0,0,0,0,0,0,0,0,,17,24,,0,0,0,0
1604116497738,7,1010123456030,73,,1,2,8,1,1,,6.54167,24,0,0.0119518,14,0,10,,5.875,8,0,0.1,3,0,0,9.45181,31,,16,18,,0,0,0,1
1604116497988,7,1010123456030,73,,1,2,8,1,1,,8.94286,35,0,0.01696,14,0,6,,0,0,0,0,0,0,0,0,0,,19,28,,0,0,0,0
1604116498238,7,1010123456030,73,,1,2,8,1,1,,14.5,20,0,0.0213333,8,0,12.6667,,0,0,0,0,0,0,0,0,0,,8,16,,0,0,0,0
1604116498488,7,1010123456030,73,,1,2,8,1,1,,15.6667,15,0,0.015872,6,0,0.1,,0,0,0,0,0,0,0,0,0,,6,12,,0,0,0,0
1604116498738,7,1010123456030,73,,1,2,8,1,1,,15.2273,22,0,0.021312,9,0,11,,0,0,0,0,0,0,0,0,0,,9,18,,0,0,0,0
1604116498988,7,1010123456030,73,,1,2,8,1,1,,15.6111,18,0,0.016064,7,0,0.1,,2.58333,12,0,0.1,5,0,0,9.34758,31,,7,14,,0,0,0,1
1604116499238,7,1010123456030,73,,1,2,8,1,1,,5.67241,58,0,0.0183133,24,0,5.66667,,0,0,0,0,0,0,0,0,0,,51,60,,0,0,0,0
1604116499488,7,1010123456030,73,,1,2,8,1,1,,9.83333,12,0,0.005751,5,0,2,,0,0,0,0,0,0,0,0,0,,7,10,,0,0,0,0
1604116499738,7,1010123456030,73,,1,2,8,1,1,,0.36,125,158,0.0222008,51,0,6.5,,9.36364,22,0,0.1,8,0,0,12.9566,31,,315,326,,0,0,0,1.13636
1604116499988,7,1010123456030,73,,1,2,8,1,1,,2.5,68,0,0.0187952,27,0,11,,0,0,0,0,0,0,0,0,0,,116,120,,0,0,0,0
1604116500238,7,1010123456030,73,,1,2,8,1,1,,7.91398,93,32,0.034506,33,0,6.33333,,0,0,0,0,0,0,0,0,0,,77,102,,0,0,0,0
1604116500488,7,1010123456030,73,,1,2,8,1,1,,0,2,0,0.00587952,6,0,9.25,,0,0,0,0,0,0,0,0,0,,2,2,,0,0,0,0
1604116500738,7,1010123456030,73,,1,2,8,1,1,,18.4,5,0,0.005376,2,0,12.3333,,0,0,0,0,0,0,0,0,0,,2,4,,0,0,0,0
1604116500988,7,1010123456030,73,,1,2,8,1,1,,5.80952,63,0,0.018368,25,0,7.25,,11.2,5,0,0.1,2,0,0,15.01,31,,56,68,,0,0,0,1.6
1604116501238,7,1010123456030,73,,1,2,8,1,1,,12.0263,38,0,0.02736,15,0,12,,0,0,0,0,0,0,0,0,0,,23,34,,0,0,0,0
1604116501488,7,1010123456030,73,,1,2,8,1,1,,9.73684,38,0,0.0171566,15,0,7,,0,0,0,0,0,0,0,0,0,,29,40,,0,0,0,0
1604116501738,7,1010123456030,73,,1,2,8,1,1,,8.92453,53,0,0.0229398,21,0,8.33333,,11.2,5,0,0.1,2,0,0,13.9752,31,,47,58,,0,0,0,1
1604116501988,7,1010123456030,73,,1,2,8,1,1,,18.2,15,0,0.016,6,0,11,,0,0,0,0,0,0,0,0,0,,6,12,,0,0,0,0
1604116502238,7,1010123456030,73,,1,2,8,1,1,,18.6,5,0,0.00533333,2,0,0.1,,0,0,0,0,0,0,0,0,0,,2,4,,0,0,0,0
1604116502488,7,1010123456030,73,,1,2,8,1,1,,10.9167,24,49,0.016448,10,0,9,,0,0,0,0,0,0,0,0,0,,23,30,,0,0,0,0
1604116502738,7,1010123456030,73,,1,2,8,1,1,,12.0909,33,0,0.022016,13,0,6.8,,8.6,5,0,0.1,2,0,0,11.9668,31,,17,26,,0,0,0,1
1604116502988,7,1010123456030,73,,1,2,8,1,1,,12.05,20,0,0.0162249,8,0,9.66667,,0,0,0,0,0,0,0,0,0,,10,16,,0,0,0,0
1604116503238,7,1010123456030,73,,1,2,8,1,1,,18.4,5,0,0,0,0,5.25,,0,0,0,0,0,0,0,0,0,,2,4,,0,0,0,0
1604116503488,7,1010123456030,73,,1,2,8,1,1,,18.4,5,0,0.0107952,4,0,0.1,,0,0,0,0,0,0,0,0,0,,2,4,,0,0,0,0
1604116503738,7,1010123456030,73,,1,2,8,1,1,,11.3704,27,0,0.0165462,11,0,6.66667,,7,5,0,0.1,2,0,0,12.8148,31,,14,22,,0,0,0,1
1604116503988,7,1010123456030,73,,1,2,8,1,1,,12.2941,17,0,0.01104,7,0,13,,0,0,0,0,0,0,0,0,0,,12,18,,0,0,0,0
1604116504238,7,1010123456030,73,,1,2,8,1,1,,14.4,10,0,0.01056,4,0,0.1,,0,0,0,0,0,0,0,0,0,,4,8,,0,0,0,0
1604116504488,7,1010123456030,73,,1,2,8,1,1,,17.16,25,0,0.0266345,10,0,11,,0,0,0,0,0,0,0,0,0,,13,24,,0,0,0,0
1604116504738,7,1010123456030,73,,1,2,8,1,1,,18.6,5,0,0.00533333,2,0,4,,0,0,0,0,0,0,0,0,0,,2,4,,0,0,0,0
1604116504988,7,1010123456030,73,,1,2,8,1,1,,5.31884,69,0,0.0186667,27,0,8.33333,,9.6,5,0,0.1,2,0,0,10.7197,31,,82,96,,0,0,0,1.4
1604116505238,7,1010123456030,73,,1,2,8,1,1,,0,0,0,0,0,0,9,,0,0,0,0,0,0,0,0,0,,0,0,,0,0,0,0
1604116505488,7,1010123456030,73,,1,2,8,1,1,,12.5357,28,0,0.02176,12,0,11.3333,,0,0,0,0,0,0,0,0,0,,15,24,,0,0,0,0
1604116505738,7,1010123456030,73,,1,2,8,1,1,,9.4,25,0,0.0113735,10,0,8.33333,,5.2,5,15975,0.1,2,0,0,10.5173,31,,16,20,,0,0,0,1
1604116505988,7,1010123456030,73,,1,2,8,1,1,,4.56566,99,23,0.0238715,37,0,8,,5.84615,26,0,0.1,10,10,0,9.20236,0,,115,134,,0,0,0,2.23077
1604116506238,7,1010123456030,73,,1,2,8,1,1,,4.2027,74,0,0.025408,32,0,8.16667,,0,0,0,0,0,0,0,0,0,,140,150,,0,0,0,0
1604116506488,7,1010123456030,73,,1,2,8,1,1,,16,20,0,0.0212048,8,0,0.1,,0,0,0,0,0,0,0,0,0,,8,16,,0,0,0,0
1604116506738,7,1010123456030,73,,1,2,8,1,1,,3.63946,147,0,0.027712,60,0,5.5,,12.9677,31,0,0.11344,13,30.7692,0,10.7874,31,,153,202,,0,0,0,4.09677
1604116506988,7,1010123456030,73,,1,2,2,1,1,,0,0,315,0,0,0,7,,0,0,0,0,0,0,0,0,0,,0,0,,0,0,0,0
1604116507238,7,1010123456030,73,,1,2,2,1,1,,0,0,941,0,0,0,8.25,,0,0,0,0,0,0,0,0,0,,0,0,,0,0,0,0
1604116507488,7,1010123456030,73,,1,2,2,1,1,,0,0,1097,0,0,0,8,,0,0,0,0,0,0,0,0,0,,0,0,,0,0,0,0
1604116507738,7,1010123456030,73,,1,2,2,1,1,,0,0,1723,0,0,0,9.5,,0,0,0,0,0,0,0,0,0,,0,0,,0,0,0,0
1604116507988,7,1010123456030,73,,1,2,2,1,1,,0,0,1723,0,0,0,12,,0,0,0,0,0,0,0,0,0,,0,0,,0,0,0,0
1604116508238,7,1010123456030,73,,1,2,2,1,1,,0,0,1723,0,0,0,4,,0,0,0,0,0,0,0,0,0,,0,0,,0,0,0,0
1604116508488,7,1010123456030,73,,1,2,2,1,1,,0,0,2349,0,0,0,5.33333,,0,0,0,0,0,0,0,0,0,,0,0,,0,0,0,0
1604116508738,7,1010123456030,73,,1,2,2,1,1,,0,0,2662,0,0,0,9,,0,0,0,0,0,0,0,0,0,,0,0,,0,0,0,0
1604116508988,7,1010123456030,73,,1,2,2,1,1,,0,0,2975,0,0,0,7,,0,0,0,0,0,0,0,0,0,,0,0,,0,0,0,0
1604116509238,7,1010123456030,73,,1,2,2,1,1,,0,0,3601,0,0,0,8,,0,0,0,0,0,0,0,0,0,,0,0,,0,0,0,0
1604116509488,7,1010123456030,73,,1,2,2,1,1,,0,0,3914,0,0,0,0.1,,0,0,0,0,0,0,0,0,0,,0,0,,0,0,0,0
1604116509738,7,1010123456030,73,,1,2,2,1,1,,0,0,4853,0,0,0,0.1,,0,0,0,0,0,0,0,0,0,,0,0,,0,0,0,0
1604116509988,7,1010123456030,73,,1,2,2,1,1,,0,0,5166,0,0,0,1,,0,0,0,0,0,0,0,0,0,,0,0,,0,0,0,0
1604116510238,7,1010123456030,73,,1,2,2,1,1,,0,0,5323,0,0,0,9,,0,0,0,0,0,0,0,0,0,,0,0,,0,0,0,0
1604116510488,7,1010123456030,73,,1,2,2,1,1,,0,0,5636,0,0,0,5.33333,,0,0,0,0,0,0,0,0,0,,0,0,,0,0,0,0
1604116510738,6,1010123456030,73,,1,2,2,1,1,,0,0,5636,0,0,0,9,,0,0,0,0,0,0,0,0,0,,0,0,,0,0,0,0
1604116510988,6,1010123456030,73,,1,2,2,1,1,,0,0,6105,0,0,0,0.1,,0,0,0,0,0,0,0,0,0,,0,0,,0,0,0,0
1604116511238,6,1010123456030,73,,1,2,2,1,1,,0,0,6575,0,0,0,6,,0,0,0,0,0,0,0,0,0,,0,0,,0,0,0,0
1604116511488,6,1010123456030,73,,1,2,2,1,1,,0,0,6731,0,0,0,0.1,,0,0,0,0,0,0,0,0,0,,0,0,,0,0,0,0
1604116511738,6,1010123456030,73,,1,2,2,1,1,,0,0,7044,0,0,0,10.5,,0,0,0,0,0,0,0,0,0,,0,0,,0,0,0,0
1604116511988,6,1010123456030,73,,1,2,2,1,1,,0,0,7670,0,0,0,0.1,,0,0,0,0,0,0,0,0,0,,0,0,,0,0,0,0
1604116512238,6,1010123456030,73,,1,2,2,1,1,,0,0,8140,0,0,0,8.5,,0,0,0,0,0,0,0,0,0,,0,0,,0,0,0,0
1604116512488,6,1010123456030,73,,1,2,2,1,1,,0,0,8922,0,0,0,0.1,,0,0,0,0,0,0,0,0,0,,0,0,,0,0,0,0
1604116512738,6,1010123456030,73,,1,2,2,1,1,,0,0,9235,0,0,0,11,,0,0,0,0,0,0,0,0,0,,0,0,,0,0,0,0
1604116512988,6,1010123456030,73,,1,2,2,1,1,,0,0,10018,0,0,0,0.1,,0,0,0,0,0,0,0,0,0,,0,0,,0,0,0,0
1604116513238,6,1010123456030,73,,1,2,2,1,1,,0,0,10174,0,0,0,0.1,,0,0,0,0,0,0,0,0,0,,0,0,,0,0,0,0
1604116513488,6,1010123456030,73,,1,2,2,1,1,,0,0,10331,0,0,0,11,,0,0,0,0,0,0,0,0,0,,0,0,,0,0,0,0
1604116513738,6,1010123456030,73,,1,2,2,1,1,,0,0,10487,0,0,0,0.1,,0,0,0,0,0,0,0,0,0,,0,0,,0,0,0,0
1604116513988,6,1010123456030,73,,1,2,2,1,1,,0,0,11113,0,0,0,5,,0,0,0,0,0,0,0,0,0,,0,0,,0,0,0,0
1604116514238,6,1010123456030,73,,1,2,2,1,1,,0,0,11739,0,0,0,14,,0,0,0,0,0,0,0,0,0,,0,0,,0,0,0,0
1604116514488,6,1010123456030,73,,1,2,2,1,1,,0,0,11896,0,0,0,11,,0,0,0,0,0,0,0,0,0,,0,0,,0,0,0,0
1604116514738,6,1010123456030,73,,1,2,2,1,1,,0,0,13148,0,0,0,6,,0,0,0,0,0,0,0,0,0,,0,0,,0,0,0,0
1604116514988,6,1010123456030,73,,1,2,2,1,1,,0,0,13304,0,0,0,0.1,,0,0,0,0,0,0,0,0,0,,0,0,,0,0,0,0
1604116515238,6,1010123456030,73,,1,2,2,1,1,,0,0,13461,0,0,0,0.1,,0,0,0,0,0,0,0,0,0,,0,0,,0,0,0,0
1604116515488,6,1010123456030,73,,1,2,2,1,1,,0,0,14400,0,0,0,0.1,,0,0,0,0,0,0,0,0,0,,0,0,,0,0,0,0
1604116515738,6,1010123456030,73,,1,2,2,1,1,,0,0,15026,0,0,0,0.1,,0,0,0,0,0,0,0,0,0,,0,0,,0,0,0,0
1604116515988,6,1010123456030,73,,1,2,2,1,1,,0,0,15026,0,0,0,0.1,,0,0,0,0,0,0,0,0,0,,0,0,,0,0,0,0
1604116516238,6,1010123456030,73,,1,2,2,1,1,,0,0,15652,0,0,0,5.33333,,0,0,0,0,0,0,0,0,0,,0,0,,0,0,0,0
1604116516488,6,1010123456030,73,,1,2,2,1,1,,0,0,15808,0,0,0,0.1,,0,0,0,0,0,0,0,0,0,,0,0,,0,0,0,0
1604116516738,6,1010123456030,73,,1,2,2,1,1,,0,0,16121,0,0,0,5,,0,0,0,0,0,0,0,0,0,,0,0,,0,0,0,0
1604116516988,6,1010123456030,73,,1,2,2,1,1,,0,0,16278,0,0,0,10,,0,0,0,0,0,0,0,0,0,,0,0,,0,0,0,0
1604116517238,6,1010123456030,73,,1,2,2,1,1,,0,0,16434,0,0,0,8,,0,0,0,0,0,0,0,0,0,,0,0,,0,0,0,0
1604116517488,6,1010123456030,73,,1,2,2,1,1,,0,0,16747,0,0,0,0.1,,0,0,0,0,0,0,0,0,0,,0,0,,0,0,0,0
1604116517738,6,1010123456030,73,,1,2,2,1,1,,0,0,17060,0,0,0,0.1,,0,0,0,0,0,0,0,0,0,,0,0,,0,0,0,0
1604116517988,6,1010123456030,73,,1,2,2,1,1,,0,0,17686,0,0,0,10.5,,0,0,0,0,0,0,0,0,0,,0,0,,0,0,0,0
1604116518238,6,1010123456030,73,,1,2,2,1,1,,0,0,17686,0,0,0,10.5,,0,0,0,0,0,0,0,0,0,,0,0,,0,0,0,0
1604116518488,6,1010123456030,73,,1,2,2,1,1,,0,0,18469,0,0,0,4.5,,0,0,0,0,0,0,0,0,0,,0,0,,0,0,0,0
1604116518738,6,1010123456030,73,,1,2,2,1,1,,0,0,18782,0,0,0,5,,0,0,0,0,0,0,0,0,0,,0,0,,0,0,0,0
1604116518988,6,1010123456030,73,,1,2,2,1,1,,0,0,19095,0,0,0,7,,0,0,0,0,0,0,0,0,0,,0,0,,0,0,0,0
1604116519238,6,1010123456030,73,,1,2,2,1,1,,0,0,19408,0,0,0,10,,0,0,0,0,0,0,0,0,0,,0,0,,0,0,0,0
1604116519488,6,1010123456030,73,,1,2,2,1,1,,0,0,19721,0,0,0,0.1,,0,0,0,0,0,0,0,0,0,,0,0,,0,0,0,0
1604116519738,6,1010123456030,73,,1,2,2,1,1,,0,0,20034,0,0,0,0.1,,0,0,0,0,0,0,0,0,0,,0,0,,0,0,0,0
1604116519988,6,1010123456030,73,,1,2,2,1,1,,0,0,20034,0,0,0,0.1,,0,0,0,0,0,0,0,0,0,,0,0,,0,0,0,0
1604116520238,6,1010123456030,73,,1,2,2,1,1,,0,0,20034,0,0,0,0.1,,0,0,0,0,0,0,0,0,0,,0,0,,0,0,0,0
1604116520488,6,1010123456030,73,,1,2,2,1,1,,0,0,20034,0,0,0,7,,0,0,0,0,0,0,0,0,0,,0,0,,0,0,0,0
1604116520738,6,1010123456030,73,,1,2,2,1,1,,0,0,20034,0,0,0,0.1,,0,0,0,0,0,0,0,0,0,,0,0,,0,0,0,0
1604116520988,6,1010123456030,73,,1,2,2,1,1,,0,0,20034,0,0,0,9,,0,0,0,0,0,0,0,0,0,,0,0,,0,0,0,0
1604116521238,6,1010123456030,73,,1,2,2,1,1,,0,0,20034,0,0,0,5,,0,0,0,0,0,0,0,0,0,,0,0,,0,0,0,0
1604116521488,6,1010123456030,73,,1,2,2,1,1,,0,0,20034,0,0,0,0.1,,0,0,0,0,0,0,0,0,0,,0,0,,0,0,0,0
1604116521738,6,1010123456030,73,,1,2,2,1,1,,0,0,20034,0,0,0,9,,0,0,0,0,0,0,0,0,0,,0,0,,0,0,0,0
1604116521988,6,1010123456030,73,,1,2,2,1,1,,0,0,20034,0,0,0,0.1,,0,0,0,0,0,0,0,0,0,,0,0,,0,0,0,0
1604116522238,6,1010123456030,73,,1,2,2,1,1,,0,0,20034,0,0,0,4.5,,0,0,0,0,0,0,0,0,0,,0,0,,0,0,0,0
1604116522488,6,1010123456030,73,,1,2,2,1,1,,0,0,20034,0,0,0,0.1,,0,0,0,0,0,0,0,0,0,,0,0,,0,0,0,0
1604116522738,6,1010123456030,73,,1,2,2,1,1,,0,0,20034,0,0,0,0.1,,0,0,0,0,0,0,0,0,0,,0,0,,0,0,0,0
1604116522988,6,1010123456030,73,,1,2,2,1,1,,0,0,20034,0,0,0,8,,0,0,0,0,0,0,0,0,0,,0,0,,0,0,0,0
1604116523238,6,1010123456030,73,,1,2,2,1,1,,0,0,20034,0,0,0,0.1,,0,0,0,0,0,0,0,0,0,,0,0,,0,0,0,0
1604116523488,6,1010123456030,73,,1,2,2,1,1,,0,0,20034,0,0,0,0.1,,0,0,0,0,0,0,0,0,0,,0,0,,0,0,0,0
1604116523738,6,1010123456030,73,,1,2,2,1,1,,0,0,20034,0,0,0,0.1,,0,0,0,0,0,0,0,0,0,,0,0,,0,0,0,0
1604116523988,6,1010123456030,73,,1,2,2,1,1,,0,0,20034,0,0,0,13,,0,0,0,0,0,0,0,0,0,,0,0,,0,0,0,0
1604116524238,6,1010123456030,73,,1,2,2,1,1,,0,0,20034,0,0,0,9,,0,0,0,0,0,0,0,0,0,,0,0,,0,0,0,0
1604116524488,6,1010123456030,73,,1,2,2,1,1,,0,0,20034,0,0,0,0.1,,0,0,0,0,0,0,0,0,0,,0,0,,0,0,0,0
1604116524738,6,1010123456030,73,,1,2,2,1,1,,0,0,20034,0,0,0,0.1,,0,0,0,0,0,0,0,0,0,,0,0,,0,0,0,0
1604116524988,6,1010123456030,73,,1,2,2,1,1,,0,0,20034,0,0,0,0.1,,0,0,0,0,0,0,0,0,0,,0,0,,0,0,0,0
1604116525238,6,1010123456030,73,,1,2,2,1,1,,0,0,20034,0,0,0,0.1,,0,0,0,0,0,0,0,0,0,,0,0,,0,0,0,0
1604116525488,6,1010123456030,73,,1,2,2,1,1,,0,0,20034,0,0,0,0.1,,0,0,0,0,0,0,0,0,0,,0,0,,0,0,0,0
1604116525738,6,1010123456030,73,,1,2,2,1,1,,0,0,20034,0,0,0,0.1,,0,0,0,0,0,0,0,0,0,,0,0,,0,0,0,0
1604116525988,6,1010123456030,73,,1,2,2,1,1,,0,0,20034,0,0,0,8,,0,0,0,0,0,0,0,0,0,,0,0,,0,0,0,0
1604116526238,6,1010123456030,73,,1,2,2,1,1,,0,0,20034,0,0,0,8,,0,0,0,0,0,0,0,0,0,,0,0,,0,0,0,0
1604116526489,6,1010123456030,73,,1,2,2,1,1,,0,0,20034,0,0,0,5.5,,0,0,0,0,0,0,0,0,0,,0,0,,0,0,0,0
1604116526738,6,1010123456030,73,,1,2,2,1,1,,0,0,20034,0,0,0,0.1,,0,0,0,0,0,0,0,0,0,,0,0,,0,0,0,0
1604116526988,6,1010123456030,73,,1,2,2,1,1,,0,0,20034,0,0,0,4,,0,0,0,0,0,0,0,0,0,,0,0,,0,0,0,0
1604116527238,6,1010123456030,73,,1,2,2,1,1,,0,0,20034,0,0,0,14,,0,0,0,0,0,0,0,0,0,,0,0,,0,0,0,0
1604116527488,6,1010123456030,73,,1,2,2,1,1,,0,0,20034,0,0,0,0.1,,0,0,0,0,0,0,0,0,0,,0,0,,0,0,0,0
1604116527738,6,1010123456030,73,,1,2,2,1,1,,0,0,20034,0,0,0,8,,0,0,0,0,0,0,0,0,0,,0,0,,0,0,0,0
1604116527988,6,1010123456030,73,,1,2,2,1,1,,0,0,20034,0,0,0,8,,0,0,0,0,0,0,0,0,0,,0,0,,0,0,0,0
1604116528238,6,1010123456030,73,,1,2,2,1,1,,0,0,20034,0,0,0,0.1,,0,0,0,0,0,0,0,0,0,,0,0,,0,0,0,0
1604116528488,6,1010123456030,73,,1,2,2,1,1,,0,0,20034,0,0,0,0.1,,0,0,0,0,0,0,0,0,0,,0,0,,0,0,0,0
1604116528738,6,1010123456030,73,,1,2,2,1,1,,0,0,20034,0,0,0,5,,0,0,0,0,0,0,0,0,0,,0,0,,0,0,0,0
1604116528988,6,1010123456030,73,,1,2,2,1,1,,0,0,20034,0,0,0,0.1,,0,0,0,0,0,0,0,0,0,,0,0,,0,0,0,0
1604116529238,6,1010123456030,73,,1,2,2,1,1,,0,0,20034,0,0,0,11,,0,0,0,0,0,0,0,0,0,,0,0,,0,0,0,0
1604116529488,6,1010123456030,73,,1,2,2,1,1,,0,0,20034,0,0,0,8,,0,0,0,0,0,0,0,0,0,,0,0,,0,0,0,0
1604116529738,6,1010123456030,73,,1,2,2,1,1,,0,0,20034,0,0,0,0.1,,0,0,0,0,0,0,0,0,0,,0,0,,0,0,0,0
1604116529988,6,1010123456030,73,,1,2,2,1,1,,0,0,20034,0,0,0,4,,0,0,0,0,0,0,0,0,0,,0,0,,0,0,0,0
1604116530238,6,1010123456030,73,,1,2,2,1,1,,0,0,20034,0,0,0,1,,0,0,0,0,0,0,0,0,0,,0,0,,0,0,0,0
1604116530488,6,1010123456030,73,,1,2,2,1,1,,0,0,20034,0,0,0,0.1,,0,0,0,0,0,0,0,0,0,,0,0,,0,0,0,0
1604116530738,6,1010123456030,73,,1,2,2,1,1,,0,0,20034,0,0,0,9,,0,0,0,0,0,0,0,0,0,,0,0,,0,0,0,0
1604116530988,6,1010123456030,73,,1,2,2,1,1,,0,0,20034,0,0,0,7,,0,0,0,0,0,0,0,0,0,,0,0,,0,0,0,0
1604116531238,6,1010123456030,73,,1,2,2,1,1,,0,0,20034,0,0,0,14,,0,0,0,0,0,0,0,0,0,,0,0,,0,0,0,0
1604116531488,6,1010123456030,73,,1,2,2,1,1,,0,0,20034,0,0,0,0.1,,0,0,0,0,0,0,0,0,0,,0,0,,0,0,0,0
1604116531738,6,1010123456030,73,,1,2,2,1,1,,0,0,20034,0,0,0,0.1,,0,0,0,0,0,0,0,0,0,,0,0,,0,0,0,0
1604116531988,6,1010123456030,73,,1,2,2,1,1,,0,0,20034,0,0,0,4,,0,0,0,0,0,0,0,0,0,,0,0,,0,0,0,0
1604116532238,6,1010123456030,73,,1,2,2,1,1,,0,0,20034,0,0,0,0.1,,0,0,0,0,0,0,0,0,0,,0,0,,0,0,0,0
1604116532488,6,1010123456030,73,,1,2,2,1,1,,0,0,20034,0,0,0,0.1,,0,0,0,0,0,0,0,0,0,,0,0,,0,0,0,0
1604116532738,6,1010123456030,73,,1,2,2,1,1,,0,0,20034,0,0,0,0.1,,0,0,0,0,0,0,0,0,0,,0,0,,0,0,0,0
1604116532988,6,1010123456030,73,,1,2,2,1,1,,0,0,20034,0,0,0,0.1,,0,0,0,0,0,0,0,0,0,,0,0,,0,0,0,0
1604116533238,6,1010123456030,73,,1,2,2,1,1,,0,0,20034,0,0,0,0.1,,0,0,0,0,0,0,0,0,0,,0,0,,0,0,0,0
1604116533488,6,1010123456030,73,,1,2,2,1,1,,0,0,20034,0,0,0,13,,0,0,0,0,0,0,0,0,0,,0,0,,0,0,0,0
1604116533738,6,1010123456030,73,,1,2,2,1,1,,0,0,20034,0,0,0,9,,0,0,0,0,0,0,0,0,0,,0,0,,0,0,0,0
1604116533988,6,1010123456030,73,,1,2,2,1,1,,0,0,20034,0,0,0,0.1,,0,0,0,0,0,0,0,0,0,,0,0,,0,0,0,0
1604116534238,6,1010123456030,73,,1,2,2,1,1,,0,0,20034,0,0,0,9,,0,0,0,0,0,0,0,0,0,,0,0,,0,0,0,0
1604116534488,6,1010123456030,73,,1,2,2,1,1,,0,0,20034,0,0,0,0.1,,0,0,0,0,0,0,0,0,0,,0,0,,0,0,0,0
1604116534738,6,1010123456030,73,,1,2,2,1,1,,0,0,20034,0,0,0,0.1,,0,0,0,0,0,0,0,0,0,,0,0,,0,0,0,0
1604116534988,6,1010123456030,73,,1,2,2,1,1,,0,0,20034,0,0,0,0.1,,0,0,0,0,0,0,0,0,0,,0,0,,0,0,0,0
1604116535238,6,1010123456030,73,,1,2,2,1,1,,0,0,20034,0,0,0,0.1,,0,0,0,0,0,0,0,0,0,,0,0,,0,0,0,0
1604116535488,6,1010123456030,73,,1,2,2,1,1,,0,0,20034,0,0,0,9,,0,0,0,0,0,0,0,0,0,,0,0,,0,0,0,0
1604116535738,6,1010123456030,73,,1,2,2,1,1,,0,0,20034,0,0,0,0.1,,0,0,0,0,0,0,0,0,0,,0,0,,0,0,0,0
1604116535988,6,1010123456030,73,,1,2,2,1,1,,0,0,20034,0,0,0,0.1,,0,0,0,0,0,0,0,0,0,,0,0,,0,0,0,0
1604116536238,6,1010123456030,73,,1,2,2,1,1,,0,0,20034,0,0,0,9,,0,0,0,0,0,0,0,0,0,,0,0,,0,0,0,0
1604116536488,6,1010123456030,73,,1,2,2,1,1,,0,0,20034,0,0,0,0.1,,0,0,0,0,0,0,0,0,0,,0,0,,0,0,0,0
1604116536738,6,1010123456030,73,,1,2,2,1,1,,0,0,20034,0,0,0,0.1,,0,0,0,0,0,0,0,0,0,,0,0,,0,0,0,0
1604116536988,6,1010123456030,73,,1,2,2,1,1,,0,0,20034,0,0,0,0.1,,0,0,0,0,0,0,0,0,0,,0,0,,0,0,0,0
1604116537238,6,1010123456030,73,,1,2,2,1,1,,0,0,20034,0,0,0,0.1,,0,0,0,0,0,0,0,0,0,,0,0,,0,0,0,0
1604116537488,6,1010123456030,73,,1,2,2,1,1,,0,0,20034,0,0,0,0.1,,0,0,0,0,0,0,0,0,0,,0,0,,0,0,0,0
1604116537738,6,1010123456030,73,,1,2,2,1,1,,0,0,20034,0,0,0,0.1,,0,0,0,0,0,0,0,0,0,,0,0,,0,0,0,0
1604116537988,6,1010123456030,73,,1,2,2,1,1,,0,0,20034,0,0,0,0.1,,0,0,0,0,0,0,0,0,0,,0,0,,0,0,0,0
1604116538238,6,1010123456030,73,,1,2,2,1,1,,0,0,20034,0,0,0,8,,0,0,0,0,0,0,0,0,0,,0,0,,0,0,0,0
1604116538488,6,1010123456030,73,,1,2,2,1,1,,0,0,20034,0,0,0,0.1,,0,0,0,0,0,0,0,0,0,,0,0,,0,0,0,0
1604116538738,6,1010123456030,73,,1,2,2,1,1,,0,0,20034,0,0,0,0.1,,0,0,0,0,0,0,0,0,0,,0,0,,0,0,0,0
1604116538988,6,1010123456030,73,,1,2,2,1,1,,0,0,20034,0,0,0,0.1,,0,0,0,0,0,0,0,0,0,,0,0,,0,0,0,0
1604116539238,6,1010123456030,73,,1,2,2,1,1,,0,0,20034,0,0,0,14,,0,0,0,0,0,0,0,0,0,,0,0,,0,0,0,0
1604116539488,6,1010123456030,73,,1,2,2,1,1,,0,0,20034,0,0,0,0.1,,0,0,0,0,0,0,0,0,0,,0,0,,0,0,0,0
1604116539738,6,1010123456030,73,,1,2,2,1,1,,0,0,20034,0,0,0,8,,0,0,0,0,0,0,0,0,0,,0,0,,0,0,0,0
1604116539988,6,1010123456030,73,,1,2,2,1,1,,0,0,20034,0,0,0,0.1,,0,0,0,0,0,0,0,0,0,,0,0,,0,0,0,0
1604116540238,6,1010123456030,73,,1,2,2,1,1,,0,0,20034,0,0,0,0.1,,0,0,0,0,0,0,0,0,0,,0,0,,0,0,0,0
1604116540488,6,1010123456030,73,,1,2,2,1,1,,0,0,20034,0,0,0,0.1,,0,0,0,0,0,0,0,0,0,,0,0,,0,0,0,0
1604116540738,6,1010123456030,73,,1,2,2,1,1,,0,0,20034,0,0,0,7,,0,0,0,0,0,0,0,0,0,,0,0,,0,0,0,0
1604116540988,6,1010123456030,73,,1,2,2,1,1,,0,0,20034,0,0,0,0.1,,0,0,0,0,0,0,0,0,0,,0,0,,0,0,0,0
1604116541238,6,1010123456030,73,,1,2,2,1,1,,0,0,20034,0,0,0,0.1,,0,0,0,0,0,0,0,0,0,,0,0,,0,0,0,0
1604116541488,6,1010123456030,73,,1,2,2,1,1,,0,0,20034,0,0,0,0.1,,0,0,0,0,0,0,0,0,0,,0,0,,0,0,0,0
1604116541738,6,1010123456030,73,,1,2,2,1,1,,0,0,20034,0,0,0,0.1,,0,0,0,0,0,0,0,0,0,,0,0,,0,0,0,0
1604116541988,6,1010123456030,73,,1,2,2,1,1,,0,0,20034,0,0,0,0.1,,0,0,0,0,0,0,0,0,0,,0,0,,0,0,0,0
1604116542238,6,1010123456030,73,,1,2,2,1,1,,0,0,20034,0,0,0,0.1,,0,0,0,0,0,0,0,0,0,,0,0,,0,0,0,0
1604116542488,6,1010123456030,73,,1,2,2,1,1,,0,0,20034,0,0,0,11,,0,0,0,0,0,0,0,0,0,,0,0,,0,0,0,0
1604116542738,6,1010123456030,73,,1,2,2,1,1,,0,0,20034,0,0,0,9,,0,0,0,0,0,0,0,0,0,,0,0,,0,0,0,0
1604116542988,6,1010123456030,73,,1,2,2,1,1,,0,0,20034,0,0,0,11,,0,0,0,0,0,0,0,0,0,,0,0,,0,0,0,0
1604116543238,6,1010123456030,73,,1,2,2,1,1,,0,0,20034,0,0,0,0.1,,0,0,0,0,0,0,0,0,0,,0,0,,0,0,0,0
1604116543488,6,1010123456030,73,,1,2,2,1,1,,0,0,20034,0,0,0,0.1,,0,0,0,0,0,0,0,0,0,,0,0,,0,0,0,0
1604116543738,6,1010123456030,73,,1,2,2,1,1,,0,0,20034,0,0,0,8,,0,0,0,0,0,0,0,0,0,,0,0,,0,0,0,0
1604116543988,6,1010123456030,73,,1,2,2,1,1,,0,0,20034,0,0,0,11,,0,0,0,0,0,0,0,0,0,,0,0,,0,0,0,0
1604116544238,6,1010123456030,73,,1,2,2,1,1,,0,0,20034,0,0,0,9.5,,0,0,0,0,0,0,0,0,0,,0,0,,0,0,0,0
1604116544488,6,1010123456030,73,,1,2,2,1,1,,0,0,20034,0,0,0,0.1,,0,0,0,0,0,0,0,0,0,,0,0,,0,0,0,0
1604116544738,6,1010123456030,73,,1,2,2,1,1,,0,0,20034,0,0,0,15,,0,0,0,0,0,0,0,0,0,,0,0,,0,0,0,0
1604116544988,6,1010123456030,73,,1,2,2,1,1,,0,0,20034,0,0,0,0.1,,0,0,0,0,0,0,0,0,0,,0,0,,0,0,0,0
1604116545238,6,1010123456030,73,,1,2,2,1,1,,0,0,20034,0,0,0,0.1,,0,0,0,0,0,0,0,0,0,,0,0,,0,0,0,0
1604116545488,6,1010123456030,73,,1,2,2,1,1,,0,0,20034,0,0,0,0.1,,0,0,0,0,0,0,0,0,0,,0,0,,0,0,0,0
1604116545738,6,1010123456030,73,,1,2,2,1,1,,0,0,20034,0,0,0,0.1,,0,0,0,0,0,0,0,0,0,,0,0,,0,0,0,0
1604116545988,6,1010123456030,73,,1,2,2,1,1,,0,0,20034,0,0,0,0.1,,0,0,0,0,0,0,0,0,0,,0,0,,0,0,0,0
1604116546238,6,1010123456030,73,,1,2,2,1,1,,0,0,20034,0,0,0,7,,0,0,0,0,0,0,0,0,0,,0,0,,0,0,0,0
1604116546488,6,1010123456030,73,,1,2,2,1,1,,0,0,20034,0,0,0,6,,0,0,0,0,0,0,0,0,0,,0,0,,0,0,0,0
1604116546738,6,1010123456030,73,,1,2,2,1,1,,0,0,20034,0,0,0,2,,0,0,0,0,0,0,0,0,0,,0,0,,0,0,0,0
1604116546988,6,1010123456030,73,,1,2,2,1,1,,0,0,20034,0,0,0,0.1,,0,0,0,0,0,0,0,0,0,,0,0,,0,0,0,0
1604116547238,6,1010123456030,73,,1,2,2,1,1,,0,0,20034,0,0,0,0.1,,0,0,0,0,0,0,0,0,0,,0,0,,0,0,0,0
1604116547488,6,1010123456030,73,,1,2,2,1,1,,0,0,20034,0,0,0,11,,0,0,0,0,0,0,0,0,0,,0,0,,0,0,0,0
1604116547738,6,1010123456030,73,,1,2,2,1,1,,0,0,20034,0,0,0,2,,0,0,0,0,0,0,0,0,0,,0,0,,0,0,0,0
1604116547988,6,1010123456030,73,,1,2,2,1,1,,0,0,20034,0,0,0,0.1,,0,0,0,0,0,0,0,0,0,,0,0,,0,0,0,0
1604116548238,6,1010123456030,73,,1,2,2,1,1,,0,0,20034,0,0,0,0.1,,0,0,0,0,0,0,0,0,0,,0,0,,0,0,0,0
1604116548488,6,1010123456030,73,,1,2,2,1,1,,0,0,20034,0,0,0,4.5,,0,0,0,0,0,0,0,0,0,,0,0,,0,0,0,0
1604116548738,6,1010123456030,73,,1,2,2,1,1,,0,0,20034,0,0,0,6.33333,,0,0,0,0,0,0,0,0,0,,0,0,,0,0,0,0
1604116548988,6,1010123456030,73,,1,2,2,1,1,,0,0,20034,0,0,0,0.1,,0,0,0,0,0,0,0,0,0,,0,0,,0,0,0,0
1604116549238,6,1010123456030,73,,1,2,2,1,1,,0,0,20034,0,0,0,0.1,,0,0,0,0,0,0,0,0,0,,0,0,,0,0,0,0
1604116549488,6,1010123456030,73,,1,2,2,1,1,,0,0,20034,0,0,0,3.33333,,0,0,0,0,0,0,0,0,0,,0,0,,0,0,0,0
1604116549738,6,1010123456030,73,,1,2,2,1,1,,0,0,20034,0,0,0,0.1,,0,0,0,0,0,0,0,0,0,,0,0,,0,0,0,0
1604116549988,6,1010123456030,73,,1,2,2,1,1,,0,0,20034,0,0,0,0.1,,0,0,0,0,0,0,0,0,0,,0,0,,0,0,0,0
1604116550238,6,1010123456030,73,,1,2,2,1,1,,0,0,20034,0,0,0,0.1,,0,0,0,0,0,0,0,0,0,,0,0,,0,0,0,0
1604116550488,6,1010123456030,73,,1,2,2,1,1,,0,0,20034,0,0,0,0.1,,0,0,0,0,0,0,0,0,0,,0,0,,0,0,0,0
1604116550738,6,1010123456030,73,,1,2,2,1,1,,0,0,20034,0,0,0,0.1,,0,0,0,0,0,0,0,0,0,,0,0,,0,0,0,0
1604116550988,6,1010123456030,73,,1,2,2,1,1,,0,0,20034,0,0,0,0.1,,0,0,0,0,0,0,0,0,0,,0,0,,0,0,0,0
1604116551238,6,1010123456030,73,,1,2,2,1,1,,15.6316,19,19666,0.0179277,8,0,9,,0,0,0,0,0,0,0,0,0,,10,16,,0,0,0,0
1604116551488,6,1010123456030,73,,1,2,2,1,1,,18.5941,101,16761,0.105888,39,0,0.1,,0,0,0,0,0,0,0,0,0,,59,80,,0,0,0,0
1604116551738,6,1010123456030,73,,1,2,2,1,1,,12.7449,98,15165,0.0722892,40,0,7,,9,12,0,0,4,100,0,0.719436,0,,68,80,,0,0,0,10
1604116551988,6,1010123456030,73,,1,2,2,1,1,,14.6562,64,13645,0.0542651,27,0,6,,2.23256,86,0,0.1,35,34.2857,0,4.93932,31,,43,56,,0,0,0,4.93023
1604116552238,6,1010123456030,73,,1,2,2,1,1,,0,0,14427,0,0,0,0.1,,0,0,0,0,0,0,0,0,0,,0,0,,0,0,0,0
1604116552488,6,1010123456030,73,,1,2,2,1,1,,0,0,15210,0,0,0,4,,0,0,0,0,0,0,0,0,0,,0,0,,0,0,0,0
1604116552738,6,1010123456030,73,,1,2,2,1,1,,0,0,15366,0,0,0,0.1,,0,0,0,0,0,0,0,0,0,,0,0,,0,0,0,0
1604116552988,6,1010123456030,73,,1,2,2,1,1,,0,0,15523,0,0,0,0.1,,0,0,0,0,0,0,0,0,0,,0,0,,0,0,0,0
1604116553238,6,1010123456030,73,,1,2,2,1,1,,0,0,15523,0,0,0,6,,0,0,0,0,0,0,0,0,0,,0,0,,0,0,0,0
1604116553488,6,1010123456030,73,,1,2,2,1,1,,0,0,16305,0,0,0,0.1,,0,0,0,0,0,0,0,0,0,,0,0,,0,0,0,0
1604116553738,6,1010123456030,73,,1,2,2,1,1,,0,0,16618,0,0,0,0.1,,0,0,0,0,0,0,0,0,0,,0,0,,0,0,0,0
1604116553988,6,1010123456030,73,,1,2,2,1,1,,0,0,17244,0,0,0,1,,0,0,0,0,0,0,0,0,0,,0,0,,0,0,0,0
1604116554238,6,1010123456030,73,,1,2,2,1,1,,0,0,17557,0,0,0,2,,0,0,0,0,0,0,0,0,0,,12,16,,0,0,0,0
1604116554488,6,1010123456030,73,,1,2,2,1,1,,14,7,17856,0.001952,1,0,8,,0,0,0,0,0,0,0,0,0,,52,70,,0,0,0,0
1604116554738,6,1010123456030,73,,1,2,2,1,1,,12.4954,109,16316,0.0772369,45,0,7,,4.40426,47,0,0.1,19,36.8421,0,4.69167,31,,67,90,,0,0,0,4.61702
1604116554988,6,1010123456030,73,,1,2,2,1,1,,13.7594,133,13902,0.101408,54,0,8,,0,0,0,0,0,0,0,0,0,,60,104,,0,0,0,0
1604116555238,6,1010123456030,73,,1,2,2,1,1,,0,0,14372,0,0,0,4.5,,0,0,0,0,0,0,0,0,0,,0,0,,0,0,0,0
1604116555488,6,1010123456030,73,,1,2,2,1,1,,0,0,14841,0,0,0,0.1,,0,0,0,0,0,0,0,0,0,,10,16,,0,0,0,0
1604116555738,6,1010123456030,73,,1,2,2,1,1,,0,0,15311,0,0,0,0.1,,0,0,0,0,0,0,0,0,0,,0,0,,0,0,0,0
1604116555988,6,1010123456030,73,,1,2,2,1,1,,0,0,15467,0,0,0,0.1,,0,0,0,0,0,0,0,0,0,,0,0,,0,0,0,0
1604116556238,6,1010123456030,73,,1,2,2,1,1,,0,0,15937,0,0,0,0.1,,0,0,0,0,0,0,0,0,0,,0,0,,0,0,0,0
1604116556488,6,1010123456030,73,,1,2,2,1,1,,0,0,16093,0,0,0,2.33333,,0,0,0,0,0,0,0,0,0,,0,0,,0,0,0,0
1604116556738,6,1010123456030,73,,1,2,2,1,1,,19.4167,24,15246,0.0319357,10,0,11.3333,,0,6,110,0.1,3,66.6667,0,0,31,,14,22,,0,0,0,0
1604116556988,6,1010123456030,73,,1,2,2,1,1,,4.53764,93,16044,0.0212691,38,0,4,,4,17,0,0.1,6,66.6667,0,4.2413,0,,49,74,,0,0,0,7.35294
1604116557238,6,1010123456030,73,,1,2,2,1,1,,4,48,16149,0.00915663,19,0,0.1,,0,0,0,0,0,0,0,0,0,,22,38,,0,0,0,0
1604116557488,6,1010123456030,73,,1,2,2,1,1,,0,0,16775,0,0,0,5,,0,0,0,0,0,0,0,0,0,,0,0,,0,0,0,0
1604116557738,6,1010123456030,73,,1,2,2,1,1,,0,0,16931,0,0,0,5.75,,0,0,0,0,0,0,0,0,0,,0,0,,0,0,0,0
1604116557988,6,1010123456030,73,,1,2,2,1,1,,0,0,17870,0,0,0,4.5,,0,0,0,0,0,0,0,0,0,,0,0,,0,0,0,0
1604116558238,6,1010123456030,73,,1,2,2,1,1,,0,0,18027,0,0,0,15,,0,0,0,0,0,0,0,0,0,,0,0,,0,0,0,0
1604116558488,6,1010123456030,73,,1,2,2,1,1,,0,0,18183,0,0,0,4,,0,0,0,0,0,0,0,0,0,,0,0,,0,0,0,0
1604116558738,6,1010123456030,73,,1,2,2,1,1,,0,0,18496,0,0,0,5.75,,0,0,0,0,0,0,0,0,0,,0,0,,0,0,0,0
1604116558988,6,1010123456030,73,,1,2,2,1,1,,0,0,18966,0,0,0,1,,0,0,0,0,0,0,0,0,0,,0,0,,0,0,0,0
1604116559238,6,1010123456030,73,,1,2,2,1,1,,0,0,19122,0,0,0,6,,0,0,0,0,0,0,0,0,0,,0,0,,0,0,0,0
1604116559488,6,1010123456030,73,,1,2,2,1,1,,0,0,19435,0,0,0,10,,0,0,0,0,0,0,0,0,0,,0,0,,0,0,0,0
1604116559738,6,1010123456030,73,,1,2,2,1,1,,0,0,20061,0,0,0,0.1,,0,0,0,0,0,0,0,0,0,,0,0,,0,0,0,0
1604116559988,6,1010123456030,73,,1,2,2,1,1,,0,0,20061,0,0,0,7,,0,0,0,0,0,0,0,0,0,,0,0,,0,0,0,0
1604116560238,6,1010123456030,73,,1,2,2,1,1,,0,0,20061,0,0,0,1,,0,0,0,0,0,0,0,0,0,,0,0,,0,0,0,0
1604116560488,6,1010123456030,73,,1,2,2,1,1,,0,0,20061,0,0,0,1,,0,0,0,0,0,0,0,0,0,,0,0,,0,0,0,0
1604116560738,6,1010123456030,73,,1,2,2,1,1,,0,0,20061,0,0,0,0.1,,0,0,0,0,0,0,0,0,0,,0,0,,0,0,0,0
1604116560988,6,1010123456030,73,,1,2,2,1,1,,0,0,20061,0,0,0,8,,0,0,0,0,0,0,0,0,0,,0,0,,0,0,0,0
1604116561238,6,1010123456030,73,,1,2,2,1,1,,0,0,20061,0,0,0,6,,0,0,0,0,0,0,0,0,0,,0,0,,0,0,0,0
1604116561488,6,1010123456030,73,,1,2,2,1,1,,0,0,20061,0,0,0,0.1,,0,0,0,0,0,0,0,0,0,,0,0,,0,0,0,0
1604116561738,6,1010123456030,73,,1,2,2,1,1,,0,0,20061,0,0,0,0.1,,0,0,0,0,0,0,0,0,0,,0,0,,0,0,0,0
1604116561988,6,1010123456030,73,,1,2,2,1,1,,0,0,20061,0,0,0,7.66667,,0,0,0,0,0,0,0,0,0,,0,0,,0,0,0,0
1604116562238,6,1010123456030,73,,1,2,2,1,1,,0,0,20061,0,0,0,3.5,,0,0,0,0,0,0,0,0,0,,0,0,,0,0,0,0
1604116562488,6,1010123456030,73,,1,2,2,1,1,,0,0,20061,0,0,0,6,,0,0,0,0,0,0,0,0,0,,0,0,,0,0,0,0
1604116562738,6,1010123456030,73,,1,2,2,1,1,,0,0,20061,0,0,0,0.1,,0,0,0,0,0,0,0,0,0,,0,0,,0,0,0,0
1604116562988,6,1010123456030,73,,1,2,2,1,1,,0,0,20061,0,0,0,2,,0,0,0,0,0,0,0,0,0,,0,0,,0,0,0,0
1604116563238,6,1010123456030,73,,1,2,2,1,1,,0,0,20061,0,0,0,0.1,,0,0,0,0,0,0,0,0,0,,0,0,,0,0,0,0
1604116563488,6,1010123456030,73,,1,2,2,1,1,,0,0,20061,0,0,0,5,,0,0,0,0,0,0,0,0,0,,0,0,,0,0,0,0
1604116563738,6,1010123456030,73,,1,2,2,1,1,,0,0,20061,0,0,0,0.1,,0,0,0,0,0,0,0,0,0,,11,18,,0,0,0,0
1604116563988,6,1010123456030,73,,1,2,2,1,1,,0,0,20061,0,0,0,0.1,,0,0,0,0,0,0,0,0,0,,55,72,,0,0,0,0
1604116564238,6,1010123456030,73,,1,2,2,1,1,,0,0,20061,0,0,0,0.1,,0,0,0,0,0,0,0,0,0,,57,86,,0,0,0,0
1604116564488,6,1010123456030,73,,1,2,2,1,1,,12.4783,23,19906,0.016256,10,0,5,,0.347826,46,0,0.1,19,10.5263,0,3.67222,31,,50,54,,0,0,0,2.36957
1604116564738,6,1010123456030,73,,1,2,2,1,1,,0,0,20062,0,0,0,0.1,,0,0,0,0,0,0,0,0,0,,34,42,,0,0,0,0
1604116564988,6,1010123456030,73,,1,2,2,1,1,,4,26,19953,0.00433735,9,0,5,,1.18519,27,0,0.1,11,9.09091,0,5.76472,31,,18,28,,0,0,0,2.25926
1604116565238,6,1010123456030,73,,1,2,2,1,1,,9.03158,95,19077,0.045632,38,0,9,,3.48936,47,0,0.1,19,26.3158,0,5.25858,31,,58,78,,0,0,0,4.23404
1604116565488,6,1010123456030,73,,1,2,2,1,1,,18.8851,87,17463,0.094008,34,0,9,,3.07317,41,0,0.1,16,43.75,0,4.49106,31,,53,70,,0,0,0,5.12195
1604116565738,6,1010123456030,73,,1,2,2,1,1,,18.9167,72,15235,0.0886747,32,0,0.1,,0,0,0,0,0,0,0,0,0,,48,62,,0,0,0,0
1604116565988,6,1010123456030,73,,1,2,2,1,1,,17.8857,105,12480,0.1064,41,0,8.5,,0,0,0,0,0,0,0,0,0,,59,80,,0,0,0,0
1604116566238,6,1010123456030,73,,1,2,2,1,1,,20.9804,51,10551,0.0696,21,0,7,,0,0,0,0,0,0,0,0,0,,31,42,,0,0,0,0
1604116566488,6,1010123456030,73,,1,2,2,1,1,,0,0,11333,0,0,0,6,,0,0,0,0,0,0,0,0,0,,25,34,,0,0,0,0
1604116566738,6,1010123456030,73,,1,2,2,1,1,,9.87879,66,10421,0.0305863,26,0,6,,4.75,8,0,0.1,3,0,0,6.91527,31,,42,56,,0,0,0,1.75
1604116566988,6,1010123456030,73,,1,2,2,1,1,,9.90909,88,9280,0.0424739,36,0,0.1,,0,0,0,0,0,0,0,0,0,,50,70,,0,0,0,0
1604116567238,6,1010123456030,73,,1,2,2,1,1,,20.5397,63,6801,0.099712,27,0,8,,0,0,0,0,0,0,0,0,0,,42,52,,0,0,0,0
1604116567488,6,1010123456030,73,,1,2,2,1,1,,0,0,7114,0,0,0,4,,0,0,0,0,0,0,0,0,0,,0,0,,0,0,0,0
1604116567738,6,1010123456030,73,,1,2,2,1,1,,0,0,7270,0,0,0,0.1,,0,0,0,0,0,0,0,0,0,,0,0,,0,0,0,0
1604116567988,6,1010123456030,73,,1,2,4,1,1,,0,0,7583,0,0,0,1,,0,0,0,0,0,0,0,0,0,,13,26,,0,0,0,0
1604116568238,6,1010123456030,73,,1,2,4,1,1,,7.92105,38,8236,0.016256,16,0,6,,4.12766,47,0,0.1,19,52.6316,0,5.36312,31,,17,34,,0,0,0,5.59574
1604116568488,6,1010123456030,73,,1,2,4,1,1,,6.76296,135,7502,0.0443373,52,0,5.25,,7,13,0,0.1,5,60,0,5.35478,31,,58,116,,0,0,0,6.53846
1604116568738,6,1010123456030,73,,1,2,4,1,1,,5.55102,147,7309,0.0405141,62,0,4,,0,0,0,0,0,0,0,0,0,,83,130,,0,0,0,0
1604116568988,6,1010123456030,73,,1,2,4,1,1,,3.92053,151,6973,0.0281125,59,0,0.1,,0,0,0,0,0,0,0,0,0,,90,140,,0,0,0,0
1604116569238,6,1010123456030,73,,1,2,4,1,1,,3.88889,81,6785,0.0157108,33,0,1,,0,0,0,0,0,0,0,0,0,,116,140,,0,0,0,0
1604116569488,6,1010123456030,73,,1,2,4,1,1,,3.80435,46,6906,0.00751807,16,0,4,,7,3,0,0.1,1,0,0,8.64449,31,,119,158,,0,0,0,1
1604116569739,6,1010123456030,73,,1,2,4,1,1,,3.85,20,6977,0.004736,10,0,0.666667,,4,8,0,0.1,3,33.3333,0,4.20975,0,,151,156,,0,0,0,7.375
1604116569988,6,1010123456030,73,,1,2,4,1,1,,15.3032,155,803,0.201349,57,0,6.66667,,0,0,0,0,0,0,0,0,0,,208,220,,0,0,0,0
1604116570238,6,1010123456030,73,,1,2,4,1,1,,8.20513,39,277,0.0449478,17,0,5,,0,0,0,0,0,0,0,0,0,,42,42,,0,0,0,0
1604116570488,6,1010123456030,73,,1,2,4,1,1,,6.77083,96,202,0.0346345,37,0,6,,0,4,200,0.1,2,50,0,0,31,,84,96,,0,0,0,0
1604116570738,6,1010123456030,73,,1,2,4,1,1,,10.6,25,0,0.0223293,15,0,5.25,,0.1,20,0,0.1,8,0,0,4.75297,0,,22,28,,0,0,0,1.1
1604116570988,6,1010123456030,73,,1,2,4,1,1,,4.27692,65,46,0.021184,23,0,5,,0,0,0,0,0,0,0,0,0,,103,110,,0,0,0,0
1604116571238,6,1010123456030,73,,1,2,4,1,1,,0.1,3,509,0.00141365,4,0,0.1,,0,0,0,0,0,0,0,0,0,,4,4,,0,0,0,0
1604116571488,6,1010123456030,73,,1,2,4,1,1,,0,0,978,0,0,0,0.1,,0,0,0,0,0,0,0,0,0,,0,0,,0,0,0,0
1604116571738,6,1010123456030,73,,1,2,4,1,1,,0,0,2074,0,0,0,7,,0,0,0,0,0,0,0,0,0,,0,0,,0,0,0,0
1604116571988,6,1010123456030,73,,1,2,4,1,1,,24.5366,41,0,0.074144,17,0,12,,7,12,0,0,4,100,0,1.30499,0,,17,34,,0,0,0,10
1604116572238,6,1010123456030,73,,1,2,4,1,1,,0,0,0,0,0,0,13,,0,0,0,0,0,0,0,0,0,,0,0,,0,0,0,0
1604116572488,6,1010123456030,73,,1,2,4,1,1,,17.6,5,0,0.00536546,2,0,0.1,,0.1,6,200,0.1,2,50,0,1.02845,31,,4,4,,0,0,0,8
1604116572738,6,1010123456030,73,,1,2,4,1,1,,16.7273,11,0,0.0107309,4,0,7,,2.08696,23,0,0.1,9,22.2222,0,7.16838,0,,5,8,,0,0,0,3.34783
1604116572988,6,1010123456030,73,,1,2,4,1,1,,11,7,47,0,0,0,0.1,,0,0,0,0,0,0,0,0,0,,3,6,,0,0,0,0
1604116573238,6,1010123456030,73,,1,2,4,1,1,,11,21,158,0.0166747,11,0,6.66667,,0,0,0,0,0,0,0,0,0,,12,24,,0,0,0,0
1604116573488,6,1010123456030,73,,1,2,4,1,1,,0,0,628,0,0,0,0.1,,0,0,0,0,0,0,0,0,0,,131,158,,0,0,0,0
1604116573738,6,1010123456030,73,,1,2,4,1,1,,0,0,941,0,0,0,0.1,,0,0,0,0,0,0,0,0,0,,141,158,,0,0,0,0
1604116573988,6,1010123456030,73,,1,2,4,1,1,,0,0,1410,0,0,0,0.1,,0,0,0,0,0,0,0,0,0,,136,156,,0,0,0,0
1604116574238,6,1010123456030,73,,1,2,4,1,1,,7.22388,67,0,0.0542008,27,0,8,,2.8125,16,0,0.1,7,42.8571,0,6.80931,31,,174,176,,0,0,0,4.375
1604116574488,6,1010123456030,73,,1,2,4,1,1,,11.1923,26,0,0.0167068,10,0,10.5,,2.3125,32,0,0.1,13,30.7692,0,3.92655,31,,27,24,,0,0,0,5.0625
1604116574738,6,1010123456030,73,,1,2,4,1,1,,9.15385,13,0,0.005664,5,0,13,,0,0,0,0,0,0,0,0,0,,9,10,,0,0,0,0
1604116574988,6,1010123456030,73,,1,2,4,1,1,,17.6,5,0,0.00528,2,0,0.1,,0,0,0,0,0,0,0,0,0,,2,4,,0,0,0,0
1604116575238,6,1010123456030,73,,1,2,4,1,1,,16,14,0,0.0161285,6,0,9.5,,0,0,0,0,0,0,0,0,0,,9,12,,0,0,0,0
1604116575488,6,1010123456030,73,,1,2,4,1,1,,0,0,0,0,0,0,0.1,,0,0,0,0,0,0,0,0,0,,0,0,,0,0,0,0
1604116575738,6,1010123456030,73,,1,2,4,1,1,,10.1364,22,0,0.0112129,9,0,14,,5.11111,9,0,0.1,4,25,0,7.25163,31,,13,18,,0,0,0,3
1604116575989,6,1010123456030,73,,1,2,4,1,1,,14.5,10,0,0.0105817,4,0,14,,0,0,0,0,0,0,0,0,0,,7,8,,0,0,0,0
1604116576238,6,1010123456030,73,,1,2,4,1,1,,20.1429,7,0,0.010506,3,0,8.66667,,0,0,0,0,0,0,0,0,0,,3,6,,0,0,0,0
1604116576488,6,1010123456030,73,,1,2,4,1,1,,11.7059,17,0,0.0110843,7,0,7.5,,5,42,0,0.1,17,41.1765,0,6.53512,31,,13,16,,0,0,0,4.64286
1604116576738,6,1010123456030,73,,1,2,4,1,1,,21.625,8,158,0.0106345,3,0,0.1,,0,0,0,0,0,0,0,0,0,,5,8,,0,0,0,0
1604116576988,6,1010123456030,73,,1,2,4,1,1,,17.1111,9,0,0.0107631,4,0,11,,0,0,0,0,0,0,0,0,0,,5,6,,0,0,0,0
1604116577238,6,1010123456030,73,,1,2,4,1,1,,13,18,83,0.010912,6,0,9,,0,0,0,0,0,0,0,0,0,,11,14,,0,0,0,0
1604116577488,6,1010123456030,73,,1,2,4,1,1,,5.81395,43,0,0.03776,18,0,7,,0,0,0,0,0,0,0,0,0,,113,130,,0,0,0,0
1604116577738,6,1010123456030,73,,1,2,4,1,1,,0,0,628,0,0,0,0.1,,2.7,30,0,0.1,12,16.6667,0,6.40354,31,,0,0,,0,0,0,2.86667
1604116577988,6,1010123456030,73,,1,2,4,1,1,,21.1724,29,0,0.04192,12,0,0.1,,0,0,0,0,0,0,0,0,0,,12,24,,0,0,0,0
1604116578238,6,1010123456030,73,,1,2,4,1,1,,18.7619,21,0,0.0265703,9,0,0.1,,0,0,0,0,0,0,0,0,0,,10,18,,0,0,0,0
1604116578488,6,1010123456030,73,,1,2,4,1,1,,18.2,5,315,0.00533333,2,0,3,,0,0,0,0,0,0,0,0,0,,2,4,,0,0,0,0
1604116578738,6,1010123456030,73,,1,2,4,1,1,,0,0,784,0,0,0,0.1,,0,0,0,0,0,0,0,0,0,,0,0,,0,0,0,0
1604116578988,6,1010123456030,73,,1,2,4,1,1,,0,0,1254,0,0,0,0.1,,0,0,0,0,0,0,0,0,0,,0,0,,0,0,0,0
1604116579238,6,1010123456030,73,,1,2,4,1,1,,0,0,1410,0,0,0,0.1,,0,0,0,0,0,0,0,0,0,,0,0,,0,0,0,0
1604116579488,6,1010123456030,73,,1,2,4,1,1,,0,0,1410,0,0,0,1,,0,0,0,0,0,0,0,0,0,,0,0,,0,0,0,0
1604116579738,6,1010123456030,73,,1,2,4,1,1,,0,0,1567,0,0,0,0.1,,0,0,0,0,0,0,0,0,0,,0,0,,0,0,0,0
1604116579988,6,1010123456030,73,,1,2,4,1,1,,0,0,2036,0,0,0,0.1,,0,0,0,0,0,0,0,0,0,,0,0,,0,0,0,0
1604116580238,6,1010123456030,73,,1,2,4,1,1,,0,0,2506,0,0,0,1,,0,0,0,0,0,0,0,0,0,,33,66,,0,0,0,0
1604116580488,6,1010123456030,73,,1,2,4,1,1,,1,21,3577,0.001792,8,0,3,,0,0,0,0,0,0,0,0,0,,21,42,,0,0,0,0
1604116580738,6,1010123456030,73,,1,2,4,1,1,,0,0,3734,0,0,0,12.5,,0,0,0,0,0,0,0,0,0,,0,0,,0,0,0,0
1604116580988,6,1010123456030,73,,1,2,4,1,1,,20.8571,28,3581,0.0332209,10,0,0.1,,0,0,0,0,0,0,0,0,0,,11,22,,0,0,0,0
1604116581238,6,1010123456030,73,,1,2,4,1,1,,20.1471,102,0,0.131872,41,0,0.1,,4.32143,28,0,0.1,13,53.8462,0,5.13661,31,,43,86,,0,0,0,5.82143
1604116581488,6,1010123456030,73,,1,2,4,1,1,,14.125,8,147,0.0077751,4,0,4,,0,2,46,0.1,1,0,0,0,31,,6,12,,0,0,0,0
1604116581738,6,1010123456030,73,,1,2,4,1,1,,11.125,16,0,0.0106988,7,0,9,,6.44444,36,0,0.1,15,46.6667,0,3.637,0,,8,16,,0,0,0,6.13889
1604116581988,6,1010123456030,73,,1,2,4,1,1,,0,0,0,0,0,0,7,,0,0,0,0,0,0,0,0,0,,0,0,,0,0,0,0
1604116582238,6,1010123456030,73,,1,2,4,1,1,,0,0,315,0,0,0,0.1,,0,0,0,0,0,0,0,0,0,,0,0,,0,0,0,0
1604116582488,6,1010123456030,73,,1,2,4,1,1,,0,0,784,0,0,0,0.1,,0,0,0,0,0,0,0,0,0,,0,0,,0,0,0,0
1604116582738,6,1010123456030,73,,1,2,4,1,1,,0,0,941,0,0,0,6.5,,0,0,0,0,0,0,0,0,0,,0,0,,0,0,0,0
1604116582988,6,1010123456030,73,,1,2,4,1,1,,0,0,1254,0,0,0,4.33333,,0,0,0,0,0,0,0,0,0,,0,0,,0,0,0,0
1604116583238,6,1010123456030,73,,1,2,4,1,1,,0,0,1410,0,0,0,1,,0,0,0,0,0,0,0,0,0,,0,0,,0,0,0,0
1604116583488,6,1010123456030,73,,1,2,4,1,1,,0,0,1880,0,0,0,0.1,,0,0,0,0,0,0,0,0,0,,0,0,,0,0,0,0
1604116583738,6,1010123456030,73,,1,2,4,1,1,,0,0,2036,0,0,0,6,,0,0,0,0,0,0,0,0,0,,0,0,,0,0,0,0
1604116583988,6,1010123456030,73,,1,2,4,1,1,,0,0,2975,0,0,0,0.1,,0,0,0,0,0,0,0,0,0,,0,0,,0,0,0,0
1604116584238,6,1010123456030,73,,1,2,4,1,1,,0,0,3288,0,0,0,6,,0,0,0,0,0,0,0,0,0,,0,0,,0,0,0,0
1604116584488,6,1010123456030,73,,1,2,4,1,1,,0,0,3288,0,0,0,0.1,,0,0,0,0,0,0,0,0,0,,0,0,,0,0,0,0
1604116584738,6,1010123456030,73,,1,2,4,1,1,,7.89655,58,3280,0.022272,22,0,6,,0.634146,41,0,0.1,16,0,0,4.52625,31,,23,46,,0,0,0,1.63415
1604116584988,6,1010123456030,73,,1,2,4,1,1,,20.1325,83,206,0.110304,33,0,12,,1.35294,34,0,0.1,14,28.5714,0,2.42395,31,,33,66,,0,0,0,4.55882
1604116585238,6,1010123456030,73,,1,2,4,1,1,,21.4,5,315,0.010592,3,0,1,,0,0,0,0,0,0,0,0,0,,24,48,,0,0,0,0
1604116585488,6,1010123456030,73,,1,2,4,1,1,,7.4375,32,270,0.00870683,11,0,4.66667,,0,0,0,0,0,0,0,0,0,,51,100,,0,0,0,0
1604116585738,6,1010123456030,73,,1,2,4,1,1,,14.2941,17,0,0.0191486,9,0,5.5,,0.1,32,0,0.1,13,23.0769,0,2.99682,31,,10,14,,0,0,0,3.625
1604116585988,6,1010123456030,73,,1,2,4,1,1,,7.29545,44,0,0.0176064,18,0,9,,0,0,0,0,0,0,0,0,0,,30,42,,0,0,0,0
1604116586238,6,1010123456030,73,,1,2,4,1,1,,0,0,0,0,0,0,4.66667,,0,0,0,0,0,0,0,0,0,,0,0,,0,0,0,0
1604116586488,6,1010123456030,73,,1,2,4,1,1,,0,0,0,0,0,0,0.1,,0,0,0,0,0,0,0,0,0,,0,0,,0,0,0,0
1604116586738,6,1010123456030,73,,1,2,4,1,1,,4.87963,108,75,0.0306827,42,0,10,,3.72222,36,0,0.1,13,30.7692,0,5.22367,31,,93,106,,0,0,0,4.75
1604116586988,6,1010123456030,73,,1,2,4,1,1,,0,2,0,0.00533333,2,0,0.1,,0,0,0,0,0,0,0,0,0,,2,2,,0,0,0,0
1604116587238,6,1010123456030,73,,1,2,4,1,1,,5.94286,35,0,0.0119518,14,0,4,,0,0,0,0,0,0,0,0,0,,29,32,,0,0,0,0
1604116587488,6,1010123456030,73,,1,2,4,1,1,,7.4,45,0,0.0175743,18,0,9,,1.5,28,0,0.1,11,0,0,7.66288,31,,27,44,,0,0,0,1.10714
1604116587738,6,1010123456030,73,,1,2,4,1,1,,10.2941,17,0,0.00568675,5,0,8.66667,,0,0,0,0,0,0,0,0,0,,7,14,,0,0,0,0
1604116587988,6,1010123456030,73,,1,2,4,1,1,,1.75,112,222,0.023328,43,0,3,,0,0,0,0,0,0,0,0,0,,102,114,,0,0,0,0
1604116588238,6,1010123456030,73,,1,2,4,1,1,,11.4815,27,0,0.0196305,15,0,6.66667,,0,0,0,0,0,0,0,0,0,,16,24,,0,0,0,0
1604116588488,6,1010123456030,73,,1,2,4,1,1,,11.3333,18,0,0.0109558,7,0,7,,4,3,0,0.1,1,0,0,12.214,31,,15,14,,0,0,0,1
1604116588738,6,1010123456030,73,,1,2,4,1,1,,13.4286,7,0,0.00542972,3,0,4,,0.727273,22,0,0.1,9,0,0,3.59176,0,,8,6,,0,0,0,1.27273
1604116588988,6,1010123456030,73,,1,2,4,1,1,,0,0,471,0,0,0,0.1,,0,0,0,0,0,0,0,0,0,,0,0,,0,0,0,0
1604116589238,6,1010123456030,73,,1,2,4,1,1,,0,0,1254,0,0,0,0.1,,0,0,0,0,0,0,0,0,0,,0,0,,0,0,0,0
1604116589488,6,1010123456030,73,,1,2,4,1,1,,0,0,1567,0,0,0,0.1,,0,0,0,0,0,0,0,0,0,,0,0,,0,0,0,0
1604116589738,6,1010123456030,73,,1,2,4,1,1,,0,0,1880,0,0,0,10.3333,,0,0,0,0,0,0,0,0,0,,0,0,,0,0,0,0
1604116589988,6,1010123456030,73,,1,2,4,1,1,,0,0,2349,0,0,0,9.5,,0,0,0,0,0,0,0,0,0,,0,0,,0,0,0,0
1604116590238,6,1010123456030,73,,1,2,4,1,1,,0,0,2662,0,0,0,3,,0,0,0,0,0,0,0,0,0,,0,0,,0,0,0,0
1604116590488,6,1010123456030,73,,1,2,4,1,1,,0,0,3132,0,0,0,8.33333,,0,0,0,0,0,0,0,0,0,,0,0,,0,0,0,0
1604116590738,6,1010123456030,73,,1,2,4,1,1,,0,0,3601,0,0,0,6,,0,0,0,0,0,0,0,0,0,,0,0,,0,0,0,0
1604116590988,6,1010123456030,73,,1,2,4,1,1,,0,0,3601,0,0,0,7,,0,0,0,0,0,0,0,0,0,,0,0,,0,0,0,0
1604116591238,6,1010123456030,73,,1,2,4,1,1,,0,0,4697,0,0,0,7.5,,0,0,0,0,0,0,0,0,0,,0,0,,0,0,0,0
1604116591488,6,1010123456030,73,,1,2,4,1,1,,13.4167,36,4333,0.0268273,14,0,9,,0,0,0,0,0,0,0,0,0,,16,32,,0,0,0,0
1604116591738,6,1010123456030,73,,1,2,4,1,1,,15.2609,69,2668,0.064,29,0,6,,1.90909,66,0,0.1,26,23.0769,0,3.90693,31,,28,56,,0,0,0,3.37879
1604116591988,6,1010123456030,73,,1,2,4,1,1,,0,0,2981,0,0,0,8.5,,0,0,0,0,0,0,0,0,0,,0,0,,0,0,0,0
1604116592238,6,1010123456030,73,,1,2,4,1,1,,0,0,3137,0,0,0,8,,0,0,0,0,0,0,0,0,0,,0,0,,0,0,0,0
1604116592488,6,1010123456030,73,,1,2,4,1,1,,13.1698,53,2541,0.0370442,21,0,8,,1.57143,21,0,0.1,9,0,0,6.51201,31,,21,42,,0,0,0,1.28571
1604116592738,6,1010123456030,73,,1,2,4,1,1,,14.9821,112,0,0.0977992,46,0,9.5,,0,0,0,0,0,0,0,0,0,,46,92,,0,0,0,0
1604116592988,6,1010123456030,73,,1,2,4,1,1,,5.45833,24,0,0.00624,9,0,5,,0,0,0,0,0,0,0,0,0,,14,28,,0,0,0,0
1604116593238,6,1010123456030,73,,1,2,4,1,1,,14.3333,27,0,0.0216867,11,0,6,,0,0,0,0,0,0,0,0,0,,13,22,,0,0,0,0
1604116593488,6,1010123456030,73,,1,2,4,1,1,,12.375,8,0,0.00549398,3,0,9,,1.3,20,0,0.1,8,0,0,4.41083,31,,4,6,,0,0,0,1.6
1604116593738,6,1010123456030,73,,1,2,4,1,1,,0,0,315,0,0,0,13,,0,0,0,0,0,0,0,0,0,,0,0,,0,0,0,0
1604116593988,6,1010123456030,73,,1,2,4,1,1,,10.0484,62,88,0.0353092,23,0,7,,0,0,0,0,0,0,0,0,0,,26,52,,0,0,0,0
1604116594238,6,1010123456030,73,,1,2,4,1,1,,10.9032,31,0,0.0146506,11,0,9.25,,0,0,0,0,0,0,0,0,0,,18,26,,0,0,0,0
1604116594488,6,1010123456030,73,,1,2,4,1,1,,4.38889,54,0,0.0183133,24,0,6,,0.1,32,0,0.1,14,35.7143,0,4.1382,31,,53,52,,0,0,0,4
1604116594740,7,1010123456030,73,,1,2,4,1,1,,12.8,15,0,0.0108685,6,0,0.1,,0,0,0,0,0,0,0,0,0,,6,12,,0,0,0,0
1604116594996,10,1010123456030,73,,1,2,4,1,1,,0,0,471,0,0,0,6.5,,0,0,0,0,0,0,0,0,0,,0,0,,0,0,0,0
1604116595239,11,1010123456030,73,,1,2,4,1,1,,0,0,1254,0,0,0,11.5,,0,0,0,0,0,0,0,0,0,,0,0,,0,0,0,0
1604116595490,14,1010123456030,73,,1,2,4,1,1,,0,0,1410,0,0,0,10,,0,0,0,0,0,0,0,0,0,,0,0,,0,0,0,0
1604116595739,12,1010123456030,73,,1,2,4,1,1,,0,0,1880,0,0,0,0.1,,0,0,0,0,0,0,0,0,0,,0,0,,0,0,0,0
1604116595988,10,1010123456030,73,,1,2,4,1,1,,0,0,2036,0,0,0,1,,0,0,0,0,0,0,0,0,0,,0,0,,0,0,0,0
1604116596238,8,1010123456030,73,,1,2,4,1,1,,0,0,2662,0,0,0,7,,0,0,0,0,0,0,0,0,0,,0,0,,0,0,0,0
1604116596488,6,1010123456030,73,,1,2,4,1,1,,0,0,3288,0,0,0,0.1,,0,0,0,0,0,0,0,0,0,,0,0,,0,0,0,0
1604116596738,6,1010123456030,73,,1,2,4,1,1,,14.7778,27,2766,0.0177028,9,0,8.66667,,0,0,0,0,0,0,0,0,0,,12,24,,0,0,0,0
1604116596988,6,1010123456030,73,,1,2,4,1,1,,10.7241,58,2579,0.039743,25,0,7,,2.31429,35,0,0.1,14,7.14286,0,4.93173,31,,23,46,,0,0,0,2.97143
1604116597238,6,1010123456030,73,,1,2,4,1,1,,20.3962,53,665,0.0577671,18,0,11,,0,0,0,0,0,0,0,0,0,,20,40,,0,0,0,0
1604116597488,6,1010123456030,73,,1,2,4,1,1,,19.6364,22,471,0.033952,11,0,1,,0,0,0,0,0,0,0,0,0,,10,20,,0,0,0,0
1604116597738,6,1010123456030,73,,1,2,4,1,1,,0,0,628,0,0,0,0.1,,0,0,0,0,0,0,0,0,0,,43,74,,0,0,0,0
1604116597988,6,1010123456030,73,,1,2,6,1,1,,12.8816,76,0,0.05449,30,0,8.33333,,6.71053,38,0,0.1,15,33.3333,0,6.60936,31,,60,86,,0,0,0,4.26316
1604116598238,6,1010123456030,73,,1,2,6,1,1,,9.15385,13,0,0.005632,5,0,4.5,,0,0,0,0,0,0,0,0,0,,5,10,,0,0,0,0
1604116598488,6,1010123456030,73,,1,2,6,1,1,,0,0,784,0,0,0,0.1,,0,0,0,0,0,0,0,0,0,,269,312,,0,0,0,0
1604116598738,6,1010123456030,73,,1,2,6,1,1,,5.82105,95,0,0.030208,38,0,7.5,,7,5,0,0.1,2,0,0,6.56257,31,,214,214,,0,0,0,2.2
1604116598988,6,1010123456030,73,,1,2,6,1,1,,0,0,0,0,0,0,3.66667,,0,0,0,0,0,0,0,0,0,,0,0,,0,0,0,0
1604116599238,6,1010123456030,73,,1,2,6,1,1,,3.575,40,0,0.00704,16,0,4,,0,0,0,0,0,0,0,0,0,,42,48,,0,0,0,0
1604116599488,6,1010123456030,73,,1,2,6,1,1,,0,0,315,0,0,0,2.5,,0,0,0,0,0,0,0,0,0,,234,246,,0,0,0,0
1604116599738,6,1010123456030,73,,1,2,6,1,1,,8.76364,55,0,0.0230361,22,0,6,,8.64,25,0,0.1,10,0,0,12.5682,31,,316,324,,0,0,0,1
1604116599988,6,1010123456030,73,,1,2,6,1,1,,8.94286,35,0,0.016896,14,0,8,,0,0,0,0,0,0,0,0,0,,15,28,,0,0,0,0
1604116600238,6,1010123456030,73,,1,2,6,1,1,,17.7333,15,0,0.015936,6,0,11,,0,0,0,0,0,0,0,0,0,,6,12,,0,0,0,0
1604116600488,6,1010123456030,73,,1,2,6,1,1,,15.6154,13,0,0.0166104,5,0,13,,10,5,0,0.1,2,0,0,8.23913,31,,5,10,,0,0,0,2.8
1604116600738,6,1010123456030,73,,1,2,6,1,1,,15.5,10,0,0.010624,4,0,14,,0,0,0,0,0,0,0,0,0,,4,8,,0,0,0,0
1604116600988,6,1010123456030,73,,1,2,6,1,1,,16.2,15,0,0.0160964,6,0,0.1,,0.1,3,0,0.1,1,0,0,15.4151,31,,6,12,,0,0,0,1
1604116601238,7,1010123456030,73,,1,2,6,1,1,,7.69091,55,0,0.02288,22,0,8,,0,0,0,0,0,0,0,0,0,,102,124,,0,0,0,0
1604116601488,8,1010123456030,73,,1,2,6,1,1,,16.4,5,0,0.0055261,2,0,0.1,,12,3,0,0.1,1,0,0,14.9083,31,,2,4,,0,0,0,1
1604116601738,7,1010123456030,73,,1,2,6,1,1,,15.5455,11,158,0.0106667,4,0,7,,0,2,0,0.1,1,0,0,0,0,,20,30,,0,0,0,0
1604116601989,6,1010123456030,73,,1,2,6,1,1,,10.2273,22,0,0.011264,9,0,8,,0,0,0,0,0,0,0,0,0,,277,282,,0,0,0,0
1604116602238,6,1010123456030,73,,1,2,6,1,1,,13.1739,23,0,0.0164177,9,0,0.1,,0,0,0,0,0,0,0,0,0,,9,18,,0,0,0,0
1604116602488,6,1010123456030,73,,1,2,6,1,1,,7.75,60,315,0.0233253,24,0,4.5,,8.25806,31,0,0.1,13,23.0769,0,8.34513,31,,74,112,,0,0,0,3.41935
1604116602738,6,1010123456030,73,,1,2,6,1,1,,20.2308,13,0,0.0159036,5,0,9.75,,0,0,0,0,0,0,0,0,0,,131,134,,0,0,0,0
1604116602988,6,1010123456030,73,,1,2,6,1,1,,28,3,0,0.00594378,1,0,13,,0,0,0,0,0,0,0,0,0,,1,2,,0,0,0,0
1604116603238,6,1010123456030,73,,1,2,6,1,1,,16.9,10,0,0.00533333,2,0,10.5,,0,0,0,0,0,0,0,0,0,,4,8,,0,0,0,0
1604116603488,6,1010123456030,73,,1,2,6,1,1,,17.6,10,0,0.016,6,0,9,,7.4,5,0,0.1,2,0,0,10.6764,31,,4,8,,0,0,0,1.4
1604116603738,6,1010123456030,73,,1,2,6,1,1,,4.52632,57,0,0.012992,23,0,7.75,,0,0,0,0,0,0,0,0,0,,36,46,,0,0,0,0
1604116603988,6,1010123456030,73,,1,2,6,1,1,,3.34146,41,0,0.00722892,17,0,4.5,,0,0,0,0,0,0,0,0,0,,19,38,,0,0,0,0
1604116604238,6,1010123456030,73,,1,2,6,1,1,,14.05,20,0,0.0107309,5,0,6.8,,0,0,0,0,0,0,0,0,0,,25,36,,0,0,0,0
1604116604488,6,1010123456030,73,,1,2,6,1,1,,13.7143,7,0,0.010912,6,0,0.1,,0.64,25,0,0.1,10,0,0,9.32482,31,,3,6,,0,0,0,1.24
1604116604738,6,1010123456030,73,,1,2,6,1,1,,12.5652,23,0,0.0164177,9,0,10.5,,0,0,0,0,0,0,0,0,0,,9,18,,0,0,0,0
1604116604988,6,1010123456030,73,,1,2,6,1,1,,13.0455,22,0,0.0164177,9,0,10,,0,0,0,0,0,0,0,0,0,,9,18,,0,0,0,0
1604116605238,6,1010123456030,73,,1,2,6,1,1,,7.58621,29,0,0.011552,12,0,6,,0,0,0,0,0,0,0,0,0,,17,24,,0,0,0,0
1604116605488,6,1010123456030,73,,1,2,6,1,1,,7.6,15,0,0.005824,6,0,0.1,,0,2,0,0.1,1,0,0,0,31,,6,12,,0,0,0,0
1604116605738,6,1010123456030,73,,1,2,6,1,1,,5.84127,63,0,0.0184096,25,0,7,,7.10345,29,0,0.1,12,33.3333,0,9.6853,0,,29,58,,0,0,0,3.48276
1604116605988,6,1010123456030,73,,1,2,6,1,1,,5.75,92,0,0.030016,38,0,7.5,,0,0,0,0,0,0,0,0,0,,45,82,,0,0,0,0
1604116606238,6,1010123456030,73,,1,2,6,1,1,,15.8696,23,0,0.0213976,9,0,0.1,,0,0,0,0,0,0,0,0,0,,9,18,,0,0,0,0
1604116606488,6,1010123456030,73,,1,2,6,1,1,,4.36765,68,0,0.018528,27,0,6.5,,0,2,0,0.1,1,0,0,0,31,,28,56,,0,0,0,0
1604116606738,6,1010123456030,73,,1,2,6,1,1,,15.6667,18,158,0.0161606,7,0,11,,7.10526,57,0,0.1,22,63.6364,0,3.62409,0,,7,14,,0,0,0,7.4386
1604116606988,6,1010123456030,73,,1,2,6,1,1,,16.4286,21,0,0.021344,9,0,10,,0,0,0,0,0,0,0,0,0,,9,18,,0,0,0,0
1604116607238,6,1010123456030,73,,1,2,6,1,1,,12.625,16,0,0.0108916,6,0,10.5,,0,0,0,0,0,0,0,0,0,,6,12,,0,0,0,0
1604116607488,6,1010123456030,73,,1,2,6,1,1,,12.8261,23,0,0.0164177,9,0,9.25,,7.2,35,0,0.1,14,14.2857,0,8.0411,31,,9,18,,0,0,0,2.97143
1604116607738,6,1010123456030,73,,1,2,6,1,1,,0,0,0,0,0,0,11.6667,,0,0,0,0,0,0,0,0,0,,0,0,,0,0,0,0
1604116607988,6,1010123456030,73,,1,2,6,1,1,,0,0,0,0,0,0,11,,0,0,0,0,0,0,0,0,0,,0,0,,0,0,0,0
1604116608238,6,1010123456030,73,,1,2,6,1,1,,17.5,14,0,0.015936,6,0,0.1,,0,0,0,0,0,0,0,0,0,,6,12,,0,0,0,0
1604116608488,6,1010123456030,73,,1,2,6,1,1,,18.4444,9,0,0.0107309,4,0,10.75,,3.71429,7,0,0.1,3,0,0,4.90547,31,,4,8,,0,0,0,1.85714
1604116608738,6,1010123456030,73,,1,2,6,1,1,,10.25,20,0,0.0111807,8,0,6,,0,0,0,0,0,0,0,0,0,,8,16,,0,0,0,0
1604116608988,6,1010123456030,73,,1,2,6,1,1,,7.66667,15,0,0.00587952,6,0,0.1,,0,0,0,0,0,0,0,0,0,,7,14,,0,0,0,0
1604116609238,6,1010123456030,73,,1,2,6,1,1,,6.61111,18,0,0.00594378,7,0,0.1,,0,0,0,0,0,0,0,0,0,,8,14,,0,0,0,0
1604116609488,6,1010123456030,73,,1,2,6,1,1,,7.66667,63,0,0.0233253,24,0,6.5,,8.05714,35,0,0.1,12,41.6667,0,6.4713,31,,28,52,,0,0,0,4.94286
1604116609738,6,1010123456030,73,,1,2,6,1,1,,3.93805,113,0,0.02016,39,0,9,,0,0,0,0,0,0,0,0,0,,62,90,,0,0,0,0
1604116609988,6,1010123456030,73,,1,2,6,1,1,,9.28,25,0,0.0170602,15,0,0.1,,0,0,0,0,0,0,0,0,0,,10,20,,0,0,0,0
1604116610238,6,1010123456030,73,,1,2,6,1,1,,2.22353,85,77,0.0102169,26,0,6.33333,,0,0,0,0,0,0,0,0,0,,59,70,,0,0,0,0
1604116610488,6,1010123456030,73,,1,2,6,1,1,,5.84615,91,0,0.03408,44,0,6.66667,,6.62069,29,0,0.1,12,16.6667,0,7.50304,31,,61,72,,0,0,0,2.65517
1604116610738,6,1010123456030,73,,1,2,6,1,1,,9.33333,12,0,0.00578313,5,0,6,,0,0,0,0,0,0,0,0,0,,44,88,,0,0,0,0
1604116610988,6,1010123456030,73,,1,2,6,1,1,,2.89231,65,0,0.013494,26,0,5.33333,,0,0,0,0,0,0,0,0,0,,28,54,,0,0,0,0
1604116611238,6,1010123456030,73,,1,2,6,1,1,,18.4,5,0,0.00533333,2,0,11.25,,0,0,0,0,0,0,0,0,0,,2,4,,0,0,0,0
1604116611488,6,1010123456030,73,,1,2,6,1,1,,18.1333,15,0,0.015872,6,0,8,,1,6,69,0.1,2,0,0,6.89396,31,,6,12,,0,0,0,1
1604116611738,6,1010123456030,73,,1,2,6,1,1,,0,0,0,0,0,0,5.25,,2.33333,15,0,0.1,6,0,0,10.9024,0,,0,0,,0,0,0,1
1604116611988,6,1010123456030,73,,1,2,6,1,1,,14.4615,26,0,0.021751,11,0,0.1,,0,0,0,0,0,0,0,0,0,,11,22,,0,0,0,0
1604116612238,6,1010123456030,73,,1,2,6,1,1,,0,0,0,0,0,0,6,,0,0,0,0,0,0,0,0,0,,0,0,,0,0,0,0
1604116612488,6,1010123456030,73,,1,2,6,1,1,,7.51351,37,114,0.011808,13,0,0.1,,10.88,25,0,0.101952,10,0,0,13.3754,31,,15,30,,0,0,0,1.4
1604116612738,6,1010123456030,73,,1,2,6,1,1,,6.76471,34,91,0.0118554,14,0,8.66667,,0,0,0,0,0,0,0,0,0,,15,30,,0,0,0,0
1604116612988,6,1010123456030,73,,1,2,6,1,1,,6.90909,44,158,0.0177992,20,0,6.2,,0,0,0,0,0,0,0,0,0,,19,38,,0,0,0,0
1604116613238,6,1010123456030,73,,1,2,6,1,1,,12.5161,31,0,0.0217831,12,0,9,,0,0,0,0,0,0,0,0,0,,167,186,,0,0,0,0
1604116613488,6,1010123456030,73,,1,2,6,1,1,,15.24,25,0,0.0215904,10,0,10,,12,12,0,0,4,100,0,5.00574,0,,11,20,,0,0,0,10
1604116613738,6,1010123456030,73,,1,2,6,1,1,,17.3333,15,0,0.016,6,0,6,,0,0,0,0,0,0,0,0,0,,63,76,,0,0,0,0
1604116613988,6,1010123456030,73,,1,2,6,1,1,,0,0,0,0,0,0,7.5,,0,0,0,0,0,0,0,0,0,,0,0,,0,0,0,0
1604116614238,6,1010123456030,73,,1,2,6,1,1,,14.3,20,0,0.0161928,8,0,9,,0,0,0,0,0,0,0,0,0,,216,236,,0,0,0,0
1604116614488,6,1010123456030,73,,1,2,6,1,1,,15.8,5,0,0.00533333,2,0,7.75,,1.31579,19,0,0.1,8,0,0,10.0131,31,,2,4,,0,0,0,1
1604116614738,6,1010123456030,73,,1,2,6,1,1,,0,0,0,0,0,0,9.5,,0,0,0,0,0,0,0,0,0,,0,0,,0,0,0,0
1604116614988,6,1010123456030,73,,1,2,6,1,1,,7.63333,30,0,0.0117269,12,0,6,,0,0,0,0,0,0,0,0,0,,14,24,,0,0,0,0
1604116615239,6,1010123456030,73,,1,2,6,1,1,,14.76,25,0,0.021408,10,0,10,,0,0,0,0,0,0,0,0,0,,10,20,,0,0,0,0
1604116615488,6,1010123456030,73,,1,2,6,1,1,,18.2,5,158,0.00533333,2,0,3,,0,0,0,0,0,0,0,0,0,,79,94,,0,0,0,0
1604116615738,6,1010123456030,73,,1,2,6,1,1,,6.94118,17,315,0.00591165,7,0,4,,8.4,5,0,0.1,2,0,0,13.8176,31,,311,324,,0,0,0,1
1604116615988,6,1010123456030,73,,1,2,6,1,1,,5.73171,123,0,0.04192,49,0,8,,0,0,0,0,0,0,0,0,0,,82,126,,0,0,0,0
1604116616238,6,1010123456030,73,,1,2,6,1,1,,10.093,43,0,0.027552,18,0,7.5,,0,0,0,0,0,0,0,0,0,,21,36,,0,0,0,0
1604116616488,6,1010123456030,73,,1,2,6,1,1,,18.3,10,0,0.0093494,3,0,11,,12,10,0,0,4,100,0,3.07458,0,,4,8,,0,0,0,10
1604116616738,6,1010123456030,73,,1,2,6,1,1,,16.3333,9,0,0.011936,5,0,0.1,,0,0,0,0,0,0,0,0,0,,4,8,,0,0,0,0
1604116616988,6,1010123456030,73,,1,2,6,1,1,,7.66667,15,0,0.005856,6,0,6.33333,,0,0,0,0,0,0,0,0,0,,7,14,,0,0,0,0
1604116617238,6,1010123456030,73,,1,2,6,1,1,,2.625,112,0,0.020864,45,0,7,,0,0,0,0,0,0,0,0,0,,47,94,,0,0,0,0
1604116617488,6,1010123456030,73,,1,2,6,1,1,,4.6,70,0,0.0186988,28,0,4.8,,6,28,0,0.1,11,0,0,11.8051,31,,28,56,,0,0,0,1
1604116617738,6,1010123456030,73,,1,2,6,1,1,,4.34247,73,0,0.018976,30,0,8.2,,0,0,0,0,0,0,0,0,0,,31,62,,0,0,0,0
1604116617988,6,1010123456030,73,,1,2,6,1,1,,11.85,20,0,0.016192,8,0,6.5,,0,0,0,0,0,0,0,0,0,,8,16,,0,0,0,0
1604116618238,6,1010123456030,73,,1,2,6,1,1,,15.6667,9,0,0.0106988,4,0,9,,0,0,0,0,0,0,0,0,0,,4,8,,0,0,0,0
1604116618488,6,1010123456030,73,,1,2,6,1,1,,18.3077,13,65,0.0106667,4,0,11.3333,,5.09091,11,0,0.1,4,0,0,15.4608,31,,5,10,,0,0,0,1
1604116618738,6,1010123456030,73,,1,2,6,1,1,,13.75,12,104,0.0106667,4,0,7,,0,0,0,0,0,0,0,0,0,,5,10,,0,0,0,0
1604116618988,6,1010123456030,73,,1,2,6,1,1,,8.54545,66,0,0.028672,28,0,6,,0,0,0,0,0,0,0,0,0,,27,54,,0,0,0,0
1604116619238,6,1010123456030,73,,1,2,6,1,1,,8,27,0,0.0115663,11,0,5.4,,0,0,0,0,0,0,0,0,0,,11,22,,0,0,0,0
1604116619488,6,1010123456030,73,,1,2,6,1,1,,11.64,25,158,0.0165141,10,0,2,,9.5,6,0,0.1,2,0,0,13.1426,31,,225,296,,0,0,0,1.5
1604116619738,6,1010123456030,73,,1,2,6,1,1,,6.22414,58,0,0.0180562,23,0,7.4,,0,0,0,0,0,0,0,0,0,,72,92,,0,0,0,0
1604116619988,6,1010123456030,73,,1,2,6,1,1,,0,0,0,0,0,0,8,,0,0,0,0,0,0,0,0,0,,0,0,,0,0,0,0
1604116620238,6,1010123456030,73,,1,2,6,1,1,,13.3333,15,0,0.010816,6,0,10,,0,0,0,0,0,0,0,0,0,,6,12,,0,0,0,0
1604116620488,6,1010123456030,73,,1,2,6,1,1,,8.94,50,0,0.0228755,20,0,7.75,,0,2,0,0.1,1,0,0,0,31,,179,208,,0,0,0,0
1604116620738,6,1010123456030,73,,1,2,6,1,1,,15.5,24,0,0.0213976,9,0,7.25,,7,3,0,0.1,1,0,0,10.8306,0,,9,18,,0,0,0,1
1604116620988,6,1010123456030,73,,1,2,6,1,1,,13.4,15,0,0.0108594,6,0,7.33333,,0,0,0,0,0,0,0,0,0,,7,12,,0,0,0,0
1604116621238,6,1010123456030,73,,1,2,6,1,1,,15.6667,18,0,0.0161285,7,0,9.5,,0,0,0,0,0,0,0,0,0,,7,14,,0,0,0,0
1604116621488,6,1010123456030,73,,1,2,6,1,1,,0,0,0,0,0,0,7.25,,0,0,0,0,0,0,0,0,0,,0,0,,0,0,0,0
1604116621738,6,1010123456030,73,,1,2,6,1,1,,7.84444,45,0,0.01751,18,0,8.5,,7.6,5,0,0.1,2,0,0,14.3998,31,,33,66,,0,0,0,1
1604116621988,6,1010123456030,73,,1,2,6,1,1,,13.9744,39,0,0.0325141,16,0,9,,0,0,0,0,0,0,0,0,0,,16,32,,0,0,0,0
1604116622238,6,1010123456030,73,,1,2,6,1,1,,5.8,85,158,0.020256,32,0,9,,0,0,0,0,0,0,0,0,0,,54,70,,0,0,0,0
1604116622488,6,1010123456030,73,,1,2,6,1,1,,16.9,30,0,0.036128,14,0,7.6,,11.2,5,0,0.1,2,0,0,14.4689,31,,20,40,,0,0,0,1
1604116622738,6,1010123456030,73,,1,2,6,1,1,,2.95,60,0,0.0131727,24,0,8.33333,,0,0,0,0,0,0,0,0,0,,25,50,,0,0,0,0
1604116622988,6,1010123456030,73,,1,2,6,1,1,,0,4,0,0.00533333,2,0,10,,0,0,0,0,0,0,0,0,0,,2,4,,0,0,0,0
1604116623238,6,1010123456030,73,,1,2,6,1,1,,0,0,158,0,0,0,4.5,,0,0,0,0,0,0,0,0,0,,12,24,,0,0,0,0
1604116623488,6,1010123456030,73,,1,2,6,1,1,,6.89474,57,21,0.0196948,17,0,8.25,,5.33333,9,0,0.1,4,0,0,12.4943,31,,251,274,,0,0,0,1
1604116623738,6,1010123456030,73,,1,2,6,1,1,,8.4,75,0,0.037728,37,0,7,,0,0,0,0,0,0,0,0,0,,42,60,,0,0,0,0
1604116623988,6,1010123456030,73,,1,2,6,1,1,,10.641,39,0,0.0221044,16,0,8,,0,0,0,0,0,0,0,0,0,,18,32,,0,0,0,0
1604116624238,6,1010123456030,73,,1,2,6,1,1,,13.9643,28,0,0.0163855,9,0,10,,0,0,0,0,0,0,0,0,0,,11,22,,0,0,0,0
1604116624488,6,1010123456030,73,,1,2,6,1,1,,12.9333,15,0,0.016128,8,0,10,,7.6,5,0,0.1,2,0,0,11.6984,31,,6,12,,0,0,0,1
1604116624738,6,1010123456030,73,,1,2,6,1,1,,13.4,5,0,0.005344,2,0,0.1,,0,0,0,0,0,0,0,0,0,,2,4,,0,0,0,0
1604116624988,6,1010123456030,73,,1,2,6,1,1,,16,20,0,0.021248,8,0,7,,0,0,0,0,0,0,0,0,0,,8,16,,0,0,0,0
1604116625238,6,1010123456030,73,,1,2,6,1,1,,15.4839,31,0,0.0268273,12,0,6,,0,0,0,0,0,0,0,0,0,,83,114,,0,0,0,0
1604116625488,6,1010123456030,73,,1,2,6,1,1,,14.4615,13,0,0.01072,5,0,10,,0,0,0,0,0,0,0,0,0,,5,10,,0,0,0,0
1604116625738,6,1010123456030,73,,1,2,6,1,1,,11.027,37,0,0.022112,14,0,10.3333,,5.36364,11,0,0.1,4,25,0,7.49104,31,,14,28,,0,0,0,3.45455
1604116625988,6,1010123456030,73,,1,2,6,1,1,,6.61111,18,158,0.00592,7,0,2.66667,,0,0,0,0,0,0,0,0,0,,94,118,,0,0,0,0
1604116626238,6,1010123456030,73,,1,2,6,1,1,,11.6047,43,0,0.027264,17,0,7.5,,0,0,0,0,0,0,0,0,0,,303,354,,0,0,0,0
1604116626488,6,1010123456030,73,,1,2,6,1,1,,11.3333,39,0,0.0220402,15,0,9,,1.4,15,0,0.1,6,0,0,9.50286,31,,16,32,,0,0,0,2.2
1604116626738,6,1010123456030,73,,1,2,6,1,1,,13.7143,7,0,0.00549398,3,0,10,,0,0,0,0,0,0,0,0,0,,3,6,,0,0,0,0
1604116626989,6,1010123456030,73,,1,2,6,1,1,,12.1579,19,0,0.01088,7,0,9.5,,0,0,0,0,0,0,0,0,0,,7,14,,0,0,0,0
1604116627238,6,1010123456030,73,,1,2,6,1,1,,13.375,8,0,0.00549398,3,0,8.5,,0,0,0,0,0,0,0,0,0,,3,6,,0,0,0,0
1604116627488,6,1010123456030,73,,1,2,6,1,1,,18.5333,15,0,0.015936,6,0,10,,7.6,5,0,0.1,2,0,0,11.0122,31,,6,12,,0,0,0,1
1604116627738,6,1010123456030,73,,1,2,6,1,1,,14.8421,19,0,0.0107309,5,0,10,,0,0,0,0,0,0,0,0,0,,8,16,,0,0,0,0
1604116627988,6,1010123456030,73,,1,2,4,1,1,,0,0,471,0.005408,3,0,7.75,,0,0,0,0,0,0,0,0,0,,0,0,,0,0,0,0
1604116628238,6,1010123456030,73,,1,2,4,1,1,,0,0,471,0,0,0,10.5,,0,0,0,0,0,0,0,0,0,,0,0,,0,0,0,0
1604116628488,6,1010123456030,73,,1,2,4,1,1,,0,0,784,0,0,0,0.1,,0,0,0,0,0,0,0,0,0,,0,0,,0,0,0,0
1604116628738,6,1010123456030,73,,1,2,4,1,1,,0,0,1097,0,0,0,0.1,,0,0,0,0,0,0,0,0,0,,0,0,,0,0,0,0
1604116628988,6,1010123456030,73,,1,2,4,1,1,,0,0,1410,0,0,0,10,,0,0,0,0,0,0,0,0,0,,0,0,,0,0,0,0
1604116629238,6,1010123456030,73,,1,2,4,1,1,,0,0,2036,0,0,0,6.66667,,0,0,0,0,0,0,0,0,0,,0,0,,0,0,0,0
1604116629488,6,1010123456030,73,,1,2,4,1,1,,0,0,2193,0,0,0,7,,0,0,0,0,0,0,0,0,0,,0,0,,0,0,0,0
1604116629738,6,1010123456030,73,,1,2,4,1,1,,0,0,2506,0,0,0,9,,0,0,0,0,0,0,0,0,0,,0,0,,0,0,0,0
1604116629988,6,1010123456030,73,,1,2,4,1,1,,0,0,3132,0,0,0,5,,0,0,0,0,0,0,0,0,0,,0,0,,0,0,0,0
1604116630238,6,1010123456030,73,,1,2,4,1,1,,0,0,3288,0,0,0,0.1,,0,0,0,0,0,0,0,0,0,,0,0,,0,0,0,0
1604116630488,6,1010123456030,73,,1,2,4,1,1,,0,0,3758,0,0,0,9,,0,0,0,0,0,0,0,0,0,,0,0,,0,0,0,0
1604116630738,7,1010123456030,73,,1,2,4,1,1,,0,0,4384,0,0,0,10,,0,0,0,0,0,0,0,0,0,,0,0,,0,0,0,0
1604116630988,8,1010123456030,73,,1,2,4,1,1,,0,0,5010,0,0,0,0.1,,0,0,0,0,0,0,0,0,0,,0,0,,0,0,0,0
1604116631238,8,1010123456030,73,,1,2,4,1,1,,0,0,5479,0,0,0,9,,0,0,0,0,0,0,0,0,0,,0,0,,0,0,0,0
1604116631488,8,1010123456030,73,,1,2,4,1,1,,0,0,5636,0,0,0,11,,0,0,0,0,0,0,0,0,0,,0,0,,0,0,0,0
1604116631738,7,1010123456030,73,,1,2,4,1,1,,0,0,5636,0,0,0,10.5,,0,0,0,0,0,0,0,0,0,,0,0,,0,0,0,0
1604116631988,7,1010123456030,73,,1,2,4,1,1,,0,0,6105,0,0,0,10.5,,0,0,0,0,0,0,0,0,0,,0,0,,0,0,0,0
1604116632238,7,1010123456030,73,,1,2,4,1,1,,0,0,6418,0,0,0,8.5,,0,0,0,0,0,0,0,0,0,,0,0,,0,0,0,0
1604116632488,7,1010123456030,73,,1,2,4,1,1,,0,0,6888,0,0,0,0.1,,0,0,0,0,0,0,0,0,0,,0,0,,0,0,0,0
1604116632738,7,1010123456030,73,,1,2,4,1,1,,0,0,7514,0,0,0,5,,0,0,0,0,0,0,0,0,0,,0,0,,0,0,0,0
1604116632988,7,1010123456030,73,,1,2,4,1,1,,0,0,8296,0,0,0,0.1,,0,0,0,0,0,0,0,0,0,,0,0,,0,0,0,0
1604116633238,7,1010123456030,73,,1,2,4,1,1,,0,0,8609,0,0,0,7,,0,0,0,0,0,0,0,0,0,,0,0,,0,0,0,0
1604116633488,7,1010123456030,73,,1,2,4,1,1,,0,0,8766,0,0,0,0.1,,0,0,0,0,0,0,0,0,0,,0,0,,0,0,0,0
1604116633738,7,1010123456030,73,,1,2,4,1,1,,0,0,9235,0,0,0,0.1,,0,0,0,0,0,0,0,0,0,,0,0,,0,0,0,0
1604116633988,7,1010123456030,73,,1,2,4,1,1,,0,0,9392,0,0,0,12,,0,0,0,0,0,0,0,0,0,,0,0,,0,0,0,0
1604116634238,7,1010123456030,73,,1,2,4,1,1,,0,0,9861,0,0,0,10,,0,0,0,0,0,0,0,0,0,,0,0,,0,0,0,0
1604116634489,7,1010123456030,73,,1,2,4,1,1,,0,0,10487,0,0,0,5,,0,0,0,0,0,0,0,0,0,,0,0,,0,0,0,0
1604116634738,7,1010123456030,73,,1,2,4,1,1,,0,0,10644,0,0,0,10,,0,0,0,0,0,0,0,0,0,,0,0,,0,0,0,0
1604116634988,7,1010123456030,73,,1,2,4,1,1,,0,0,10800,0,0,0,10,,0,0,0,0,0,0,0,0,0,,0,0,,0,0,0,0
1604116635238,7,1010123456030,73,,1,2,4,1,1,,0,0,11426,0,0,0,4.66667,,0,0,0,0,0,0,0,0,0,,0,0,,0,0,0,0
1604116635488,7,1010123456030,73,,1,2,4,1,1,,0,0,12052,0,0,0,12,,0,0,0,0,0,0,0,0,0,,0,0,,0,0,0,0
1604116635738,7,1010123456030,73,,1,2,4,1,1,,0,0,12209,0,0,0,8.5,,0,0,0,0,0,0,0,0,0,,0,0,,0,0,0,0
1604116635988,7,1010123456030,73,,1,2,4,1,1,,0,0,12209,0,0,0,0.1,,0,0,0,0,0,0,0,0,0,,0,0,,0,0,0,0
1604116636238,7,1010123456030,73,,1,2,4,1,1,,0,0,12209,0,0,0,10,,0,0,0,0,0,0,0,0,0,,0,0,,0,0,0,0
1604116636488,7,1010123456030,73,,1,2,4,1,1,,0,0,12835,0,0,0,4.33333,,0,0,0,0,0,0,0,0,0,,0,0,,0,0,0,0
1604116636738,7,1010123456030,73,,1,2,4,1,1,,0,0,13148,0,0,0,12,,0,0,0,0,0,0,0,0,0,,0,0,,0,0,0,0
1604116636988,7,1010123456030,73,,1,2,4,1,1,,0,0,13930,0,0,0,7,,0,0,0,0,0,0,0,0,0,,0,0,,0,0,0,0
1604116637238,7,1010123456030,73,,1,2,4,1,1,,0,0,14243,0,0,0,10,,0,0,0,0,0,0,0,0,0,,0,0,,0,0,0,0
1604116637488,7,1010123456030,73,,1,2,4,1,1,,0,0,14400,0,0,0,7,,0,0,0,0,0,0,0,0,0,,0,0,,0,0,0,0
1604116637738,7,1010123456030,73,,1,2,4,1,1,,0,0,14869,0,0,0,6.66667,,0,0,0,0,0,0,0,0,0,,0,0,,0,0,0,0
1604116637988,7,1010123456030,73,,1,2,4,1,1,,0,0,15495,0,0,0,6.75,,0,0,0,0,0,0,0,0,0,,0,0,,0,0,0,0
1604116638238,7,1010123456030,73,,1,2,4,1,1,,0,0,15652,0,0,0,1,,0,0,0,0,0,0,0,0,0,,0,0,,0,0,0,0
1604116638488,7,1010123456030,73,,1,2,4,1,1,,0,0,15808,0,0,0,0.1,,0,0,0,0,0,0,0,0,0,,0,0,,0,0,0,0
1604116638738,7,1010123456030,73,,1,2,4,1,1,,0,0,16434,0,0,0,9,,0,0,0,0,0,0,0,0,0,,0,0,,0,0,0,0
1604116638988,7,1010123456030,73,,1,2,4,1,1,,0,0,16747,0,0,0,7,,0,0,0,0,0,0,0,0,0,,0,0,,0,0,0,0
1604116639238,7,1010123456030,73,,1,2,4,1,1,,0,0,17060,0,0,0,0.1,,0,0,0,0,0,0,0,0,0,,0,0,,0,0,0,0
1604116639488,7,1010123456030,73,,1,2,4,1,1,,0,0,17217,0,0,0,3,,0,0,0,0,0,0,0,0,0,,0,0,,0,0,0,0
1604116639738,7,1010123456030,73,,1,2,4,1,1,,0,0,17217,0,0,0,1,,0,0,0,0,0,0,0,0,0,,0,0,,0,0,0,0
1604116639988,7,1010123456030,73,,1,2,4,1,1,,0,0,17686,0,0,0,6.5,,0,0,0,0,0,0,0,0,0,,0,0,,0,0,0,0
1604116640238,7,1010123456030,73,,1,2,4,1,1,,0,0,18625,0,0,0,0.1,,0,0,0,0,0,0,0,0,0,,0,0,,0,0,0,0
1604116640488,7,1010123456030,73,,1,2,4,1,1,,0,0,19251,0,0,0,5.33333,,0,0,0,0,0,0,0,0,0,,0,0,,0,0,0,0
1604116640738,7,1010123456030,73,,1,2,4,1,1,,0,0,19564,0,0,0,3,,0,0,0,0,0,0,0,0,0,,0,0,,0,0,0,0
1604116640988,7,1010123456030,73,,1,2,4,1,1,,0,0,20034,0,0,0,0.1,,0,0,0,0,0,0,0,0,0,,0,0,,0,0,0,0
1604116641238,7,1010123456030,73,,1,2,4,1,1,,0,0,20034,0,0,0,4,,0,0,0,0,0,0,0,0,0,,0,0,,0,0,0,0
1604116641488,7,1010123456030,73,,1,2,4,1,1,,0,0,20034,0,0,0,7,,0,0,0,0,0,0,0,0,0,,0,0,,0,0,0,0
1604116641738,7,1010123456030,73,,1,2,4,1,1,,0,0,20034,0,0,0,4,,0,0,0,0,0,0,0,0,0,,0,0,,0,0,0,0
1604116641988,7,1010123456030,73,,1,2,4,1,1,,0,0,20034,0,0,0,4,,0,0,0,0,0,0,0,0,0,,0,0,,0,0,0,0
1604116642238,7,1010123456030,73,,1,2,4,1,1,,0,0,20034,0,0,0,5.33333,,0,0,0,0,0,0,0,0,0,,0,0,,0,0,0,0
1604116642488,7,1010123456030,73,,1,2,4,1,1,,0,0,20034,0,0,0,8,,0,0,0,0,0,0,0,0,0,,0,0,,0,0,0,0
1604116642738,7,1010123456030,73,,1,2,4,1,1,,0,0,20034,0,0,0,13,,0,0,0,0,0,0,0,0,0,,0,0,,0,0,0,0
1604116642988,7,1010123456030,73,,1,2,4,1,1,,0,0,20034,0,0,0,10,,0,0,0,0,0,0,0,0,0,,0,0,,0,0,0,0
1604116643238,7,1010123456030,73,,1,2,4,1,1,,0,0,20034,0,0,0,0.1,,0,0,0,0,0,0,0,0,0,,0,0,,0,0,0,0
1604116643488,7,1010123456030,73,,1,2,4,1,1,,0,0,20034,0,0,0,8,,0,0,0,0,0,0,0,0,0,,0,0,,0,0,0,0
1604116643738,7,1010123456030,73,,1,2,4,1,1,,0,0,20034,0,0,0,12,,0,0,0,0,0,0,0,0,0,,0,0,,0,0,0,0
1604116643988,7,1010123456030,73,,1,2,4,1,1,,0,0,20034,0,0,0,3,,0,0,0,0,0,0,0,0,0,,0,0,,0,0,0,0
1604116644238,7,1010123456030,73,,1,2,4,1,1,,0,0,20034,0,0,0,0.1,,0,0,0,0,0,0,0,0,0,,0,0,,0,0,0,0
1604116644488,7,1010123456030,73,,1,2,4,1,1,,0,0,20034,0,0,0,12,,0,0,0,0,0,0,0,0,0,,0,0,,0,0,0,0
1604116644738,7,1010123456030,73,,1,2,4,1,1,,0,0,20034,0,0,0,8,,0,0,0,0,0,0,0,0,0,,0,0,,0,0,0,0
1604116644988,7,1010123456030,73,,1,2,4,1,1,,0,0,20034,0,0,0,4,,0,0,0,0,0,0,0,0,0,,0,0,,0,0,0,0
1604116645238,7,1010123456030,73,,1,2,4,1,1,,0,0,20034,0,0,0,10,,0,0,0,0,0,0,0,0,0,,0,0,,0,0,0,0
1604116645488,7,1010123456030,73,,1,2,4,1,1,,0,0,20034,0,0,0,7,,0,0,0,0,0,0,0,0,0,,0,0,,0,0,0,0
1604116645738,7,1010123456030,73,,1,2,4,1,1,,0,0,20034,0,0,0,4,,0,0,0,0,0,0,0,0,0,,0,0,,0,0,0,0
1604116645988,7,1010123456030,73,,1,2,4,1,1,,0,0,20034,0,0,0,9.6,,0,0,0,0,0,0,0,0,0,,0,0,,0,0,0,0
1604116646238,7,1010123456030,73,,1,2,4,1,1,,0,0,20034,0,0,0,7.25,,0,0,0,0,0,0,0,0,0,,0,0,,0,0,0,0
1604116646488,7,1010123456030,73,,1,2,4,1,1,,0,0,20034,0,0,0,11,,0,0,0,0,0,0,0,0,0,,0,0,,0,0,0,0
1604116646738,7,1010123456030,73,,1,2,4,1,1,,0,0,20034,0,0,0,9,,0,0,0,0,0,0,0,0,0,,0,0,,0,0,0,0
1604116646988,7,1010123456030,73,,1,2,4,1,1,,0,0,20034,0,0,0,10.75,,0,0,0,0,0,0,0,0,0,,0,0,,0,0,0,0
1604116647238,7,1010123456030,73,,1,2,4,1,1,,0,0,20034,0,0,0,10.6,,0,0,0,0,0,0,0,0,0,,0,0,,0,0,0,0
1604116647488,7,1010123456030,73,,1,2,4,1,1,,0,0,20034,0,0,0,11.5,,0,0,0,0,0,0,0,0,0,,0,0,,0,0,0,0
1604116647738,7,1010123456030,73,,1,2,4,1,1,,0,0,20034,0,0,0,8,,0,0,0,0,0,0,0,0,0,,0,0,,0,0,0,0
1604116647988,7,1010123456030,73,,1,2,4,1,1,,0,0,20034,0,0,0,11,,0,0,0,0,0,0,0,0,0,,0,0,,0,0,0,0
1604116648238,7,1010123456030,73,,1,2,4,1,1,,0,0,20034,0,0,0,11.2,,0,0,0,0,0,0,0,0,0,,0,0,,0,0,0,0
1604116648488,7,1010123456030,73,,1,2,4,1,1,,0,0,20034,0,0,0,9.5,,0,0,0,0,0,0,0,0,0,,0,0,,0,0,0,0
1604116648738,7,1010123456030,73,,1,2,4,1,1,,0,0,20034,0,0,0,7.33333,,0,0,0,0,0,0,0,0,0,,0,0,,0,0,0,0
1604116648988,7,1010123456030,73,,1,2,4,1,1,,0,0,20034,0,0,0,6.6,,0,0,0,0,0,0,0,0,0,,0,0,,0,0,0,0
1604116649238,7,1010123456030,73,,1,2,4,1,1,,0,0,20034,0,0,0,8,,0,0,0,0,0,0,0,0,0,,0,0,,0,0,0,0
1604116649488,7,1010123456030,73,,1,2,4,1,1,,0,0,20034,0,0,0,11.3333,,0,0,0,0,0,0,0,0,0,,0,0,,0,0,0,0
1604116649738,7,1010123456030,73,,1,2,4,1,1,,0,0,20034,0,0,0,6.66667,,0,0,0,0,0,0,0,0,0,,0,0,,0,0,0,0
1604116649988,7,1010123456030,73,,1,2,4,1,1,,0,0,20034,0,0,0,7.5,,0,0,0,0,0,0,0,0,0,,0,0,,0,0,0,0
1604116650238,7,1010123456030,73,,1,2,4,1,1,,0,0,20034,0,0,0,8.66667,,0,0,0,0,0,0,0,0,0,,0,0,,0,0,0,0
1604116650488,7,1010123456030,73,,1,2,4,1,1,,0,0,20034,0,0,0,7.25,,0,0,0,0,0,0,0,0,0,,0,0,,0,0,0,0
1604116650738,7,1010123456030,73,,1,2,4,1,1,,0,0,20034,0,0,0,9.8,,0,0,0,0,0,0,0,0,0,,0,0,,0,0,0,0
1604116650988,7,1010123456030,73,,1,2,4,1,1,,0,0,20034,0,0,0,10,,0,0,0,0,0,0,0,0,0,,0,0,,0,0,0,0
1604116651238,7,1010123456030,73,,1,2,4,1,1,,0,0,20034,0,0,0,11.25,,0,0,0,0,0,0,0,0,0,,0,0,,0,0,0,0
1604116651488,7,1010123456030,73,,1,2,4,1,1,,0,0,20034,0,0,0,7,,0,0,0,0,0,0,0,0,0,,0,0,,0,0,0,0
1604116651738,7,1010123456030,73,,1,2,4,1,1,,0,0,20034,0,0,0,8.33333,,0,0,0,0,0,0,0,0,0,,0,0,,0,0,0,0
1604116651988,7,1010123456030,73,,1,2,4,1,1,,0,0,20034,0,0,0,7,,0,0,0,0,0,0,0,0,0,,0,0,,0,0,0,0
1604116652238,7,1010123456030,73,,1,2,4,1,1,,0,0,20034,0,0,0,0.1,,0,0,0,0,0,0,0,0,0,,0,0,,0,0,0,0
1604116652488,7,1010123456030,73,,1,2,4,1,1,,0,0,20034,0,0,0,5.75,,0,0,0,0,0,0,0,0,0,,0,0,,0,0,0,0
1604116652738,7,1010123456030,73,,1,2,4,1,1,,0,0,20034,0,0,0,10,,0,0,0,0,0,0,0,0,0,,0,0,,0,0,0,0
1604116652988,7,1010123456030,73,,1,2,4,1,1,,0,0,20034,0,0,0,11.6667,,0,0,0,0,0,0,0,0,0,,0,0,,0,0,0,0
1604116653238,7,1010123456030,73,,1,2,4,1,1,,0,0,20034,0,0,0,0.1,,0,0,0,0,0,0,0,0,0,,0,0,,0,0,0,0
1604116653488,7,1010123456030,73,,1,2,4,1,1,,0,0,20034,0,0,0,10.25,,0,0,0,0,0,0,0,0,0,,0,0,,0,0,0,0
1604116653738,7,1010123456030,73,,1,2,4,1,1,,0,0,20034,0,0,0,7,,0,0,0,0,0,0,0,0,0,,0,0,,0,0,0,0
1604116653988,7,1010123456030,73,,1,2,4,1,1,,0,0,20034,0,0,0,6,,0,0,0,0,0,0,0,0,0,,0,0,,0,0,0,0
1604116654238,7,1010123456030,73,,1,2,4,1,1,,0,0,20034,0,0,0,9.33333,,0,0,0,0,0,0,0,0,0,,0,0,,0,0,0,0
1604116654488,7,1010123456030,73,,1,2,4,1,1,,0,0,20034,0,0,0,6.75,,0,0,0,0,0,0,0,0,0,,0,0,,0,0,0,0
1604116654738,7,1010123456030,73,,1,2,4,1,1,,0,0,20034,0,0,0,9.33333,,0,0,0,0,0,0,0,0,0,,0,0,,0,0,0,0
1604116654988,7,1010123456030,73,,1,2,4,1,1,,0,0,20034,0,0,0,8.5,,0,0,0,0,0,0,0,0,0,,0,0,,0,0,0,0
1604116655238,7,1010123456030,73,,1,2,4,1,1,,0,0,20034,0,0,0,9.33333,,0,0,0,0,0,0,0,0,0,,0,0,,0,0,0,0
1604116655488,7,1010123456030,73,,1,2,4,1,1,,0,0,20034,0,0,0,7.33333,,0,0,0,0,0,0,0,0,0,,0,0,,0,0,0,0
1604116655738,7,1010123456030,73,,1,2,4,1,1,,0,0,20034,0,0,0,8.5,,0,0,0,0,0,0,0,0,0,,0,0,,0,0,0,0
1604116655988,7,1010123456030,73,,1,2,4,1,1,,0,0,20034,0,0,0,9.5,,0,0,0,0,0,0,0,0,0,,0,0,,0,0,0,0
1604116656238,7,1010123456030,73,,1,2,4,1,1,,0,0,20034,0,0,0,9,,0,0,0,0,0,0,0,0,0,,0,0,,0,0,0,0
1604116656488,7,1010123456030,73,,1,2,4,1,1,,0,0,20034,0,0,0,7.5,,0,0,0,0,0,0,0,0,0,,0,0,,0,0,0,0
1604116656738,7,1010123456030,73,,1,2,4,1,1,,0,0,20034,0,0,0,6.66667,,0,0,0,0,0,0,0,0,0,,0,0,,0,0,0,0
1604116656988,7,1010123456030,73,,1,2,4,1,1,,0,0,20034,0,0,0,6.5,,0,0,0,0,0,0,0,0,0,,0,0,,0,0,0,0
1604116657238,7,1010123456030,73,,1,2,4,1,1,,0,0,20034,0,0,0,9.5,,0,0,0,0,0,0,0,0,0,,0,0,,0,0,0,0
1604116657488,7,1010123456030,73,,1,2,4,1,1,,0,0,20034,0,0,0,6.75,,0,0,0,0,0,0,0,0,0,,0,0,,0,0,0,0
1604116657738,7,1010123456030,73,,1,2,4,1,1,,0,0,20034,0,0,0,9.5,,0,0,0,0,0,0,0,0,0,,0,0,,0,0,0,0
1604116657988,7,1010123456030,73,,1,2,4,1,1,,0,0,20034,0,0,0,10.3333,,0,0,0,0,0,0,0,0,0,,0,0,,0,0,0,0
1604116658238,7,1010123456030,73,,1,2,4,1,1,,0,0,20034,0,0,0,8,,0,0,0,0,0,0,0,0,0,,0,0,,0,0,0,0
1604116658488,7,1010123456030,73,,1,2,4,1,1,,0,0,20034,0,0,0,9,,0,0,0,0,0,0,0,0,0,,0,0,,0,0,0,0
1604116658738,7,1010123456030,73,,1,2,4,1,1,,0,0,20034,0,0,0,8.16667,,0,0,0,0,0,0,0,0,0,,0,0,,0,0,0,0
1604116658988,7,1010123456030,73,,1,2,4,1,1,,0,0,20034,0,0,0,9.33333,,0,0,0,0,0,0,0,0,0,,0,0,,0,0,0,0
1604116659238,7,1010123456030,73,,1,2,4,1,1,,0,0,20034,0,0,0,8,,0,0,0,0,0,0,0,0,0,,0,0,,0,0,0,0
1604116659488,7,1010123456030,73,,1,2,4,1,1,,0,0,20034,0,0,0,5.66667,,0,0,0,0,0,0,0,0,0,,0,0,,0,0,0,0
1604116659738,7,1010123456030,73,,1,2,4,1,1,,0,0,20034,0,0,0,10.25,,0,0,0,0,0,0,0,0,0,,0,0,,0,0,0,0
1604116659988,7,1010123456030,73,,1,2,4,1,1,,0,0,20034,0,0,0,10,,0,0,0,0,0,0,0,0,0,,0,0,,0,0,0,0
1604116660238,7,1010123456030,73,,1,2,4,1,1,,0,0,20034,0,0,0,9.42857,,0,0,0,0,0,0,0,0,0,,0,0,,0,0,0,0
1604116660488,7,1010123456030,73,,1,2,4,1,1,,0,0,20034,0,0,0,10.25,,0,0,0,0,0,0,0,0,0,,0,0,,0,0,0,0
1604116660738,7,1010123456030,73,,1,2,4,1,1,,0,0,20034,0,0,0,8.66667,,0,0,0,0,0,0,0,0,0,,0,0,,0,0,0,0
1604116660988,7,1010123456030,73,,1,2,4,1,1,,0,0,20034,0,0,0,11.5,,0,0,0,0,0,0,0,0,0,,0,0,,0,0,0,0
1604116661238,7,1010123456030,73,,1,2,4,1,1,,0,0,20034,0,0,0,9.8,,0,0,0,0,0,0,0,0,0,,0,0,,0,0,0,0
1604116661488,7,1010123456030,73,,1,2,4,1,1,,0,0,20034,0,0,0,9,,0,0,0,0,0,0,0,0,0,,0,0,,0,0,0,0
1604116661738,7,1010123456030,73,,1,2,4,1,1,,0,0,20034,0,0,0,7.75,,0,0,0,0,0,0,0,0,0,,0,0,,0,0,0,0
1604116661988,7,1010123456030,73,,1,2,4,1,1,,0,0,20034,0,0,0,8.83333,,0,0,0,0,0,0,0,0,0,,0,0,,0,0,0,0
1604116662238,7,1010123456030,73,,1,2,4,1,1,,0,0,20034,0,0,0,10.6667,,0,0,0,0,0,0,0,0,0,,0,0,,0,0,0,0
1604116662488,7,1010123456030,73,,1,2,4,1,1,,0,0,20034,0,0,0,7.75,,0,0,0,0,0,0,0,0,0,,0,0,,0,0,0,0
1604116662738,7,1010123456030,73,,1,2,4,1,1,,0,0,20034,0,0,0,9.25,,0,0,0,0,0,0,0,0,0,,0,0,,0,0,0,0
1604116662988,7,1010123456030,73,,1,2,4,1,1,,0,0,20034,0,0,0,9.75,,0,0,0,0,0,0,0,0,0,,0,0,,0,0,0,0
1604116663238,7,1010123456030,73,,1,2,4,1,1,,0,0,20034,0,0,0,7.14286,,0,0,0,0,0,0,0,0,0,,0,0,,0,0,0,0
1604116663488,7,1010123456030,73,,1,2,4,1,1,,0,0,20034,0,0,0,6.75,,0,0,0,0,0,0,0,0,0,,0,0,,0,0,0,0
1604116663738,7,1010123456030,73,,1,2,4,1,1,,0,0,20034,0,0,0,6.5,,0,0,0,0,0,0,0,0,0,,0,0,,0,0,0,0
1604116663988,7,1010123456030,73,,1,2,4,1,1,,0,0,20034,0,0,0,6.66667,,0,0,0,0,0,0,0,0,0,,0,0,,0,0,0,0
1604116664238,7,1010123456030,73,,1,2,4,1,1,,0,0,20034,0,0,0,6.6,,0,0,0,0,0,0,0,0,0,,0,0,,0,0,0,0
1604116664488,7,1010123456030,73,,1,2,4,1,1,,0,0,20034,0,0,0,8.5,,0,0,0,0,0,0,0,0,0,,0,0,,0,0,0,0
1604116664738,7,1010123456030,73,,1,2,4,1,1,,0,0,20034,0,0,0,8.5,,0,0,0,0,0,0,0,0,0,,0,0,,0,0,0,0
1604116664988,7,1010123456030,73,,1,2,4,1,1,,0,0,20034,0,0,0,10,,0,0,0,0,0,0,0,0,0,,0,0,,0,0,0,0
1604116665238,7,1010123456030,73,,1,2,4,1,1,,0,0,20034,0,0,0,7,,0,0,0,0,0,0,0,0,0,,0,0,,0,0,0,0
1604116665488,7,1010123456030,73,,1,2,4,1,1,,0,0,20034,0,0,0,10,,0,0,0,0,0,0,0,0,0,,0,0,,0,0,0,0
1604116665738,7,1010123456030,73,,1,2,4,1,1,,0,0,20034,0,0,0,9.66667,,0,0,0,0,0,0,0,0,0,,0,0,,0,0,0,0
1604116665988,7,1010123456030,73,,1,2,4,1,1,,0,0,20034,0,0,0,10,,0,0,0,0,0,0,0,0,0,,0,0,,0,0,0,0
1604116666238,7,1010123456030,73,,1,2,4,1,1,,0,0,20034,0,0,0,8.4,,0,0,0,0,0,0,0,0,0,,0,0,,0,0,0,0
1604116666488,7,1010123456030,73,,1,2,4,1,1,,0,0,20034,0,0,0,9.75,,0,0,0,0,0,0,0,0,0,,0,0,,0,0,0,0
1604116666738,7,1010123456030,73,,1,2,4,1,1,,0,0,20034,0,0,0,10,,0,0,0,0,0,0,0,0,0,,0,0,,0,0,0,0
1604116666988,7,1010123456030,73,,1,2,4,1,1,,0,0,20034,0,0,0,9.4,,0,0,0,0,0,0,0,0,0,,0,0,,0,0,0,0
1604116667238,7,1010123456030,73,,1,2,4,1,1,,0,0,20034,0,0,0,10,,0,0,0,0,0,0,0,0,0,,0,0,,0,0,0,0
1604116667488,7,1010123456030,73,,1,2,4,1,1,,0,0,20034,0,0,0,10.25,,0,0,0,0,0,0,0,0,0,,0,0,,0,0,0,0
1604116667738,7,1010123456030,73,,1,2,4,1,1,,0,0,20034,0,0,0,11.2,,0,0,0,0,0,0,0,0,0,,0,0,,0,0,0,0
1604116667988,7,1010123456030,73,,1,2,4,1,1,,0,0,20034,0,0,0,9,,0,0,0,0,0,0,0,0,0,,0,0,,0,0,0,0
1604116668238,7,1010123456030,73,,1,2,4,1,1,,0,0,20034,0,0,0,9.71429,,0,0,0,0,0,0,0,0,0,,0,0,,0,0,0,0
1604116668488,7,1010123456030,73,,1,2,4,1,1,,0,0,20034,0,0,0,9.66667,,0,0,0,0,0,0,0,0,0,,0,0,,0,0,0,0
1604116668738,7,1010123456030,73,,1,2,4,1,1,,0,0,20034,0,0,0,10,,0,0,0,0,0,0,0,0,0,,0,0,,0,0,0,0
1604116668988,7,1010123456030,73,,1,2,4,1,1,,0,0,20034,0,0,0,9,,0,0,0,0,0,0,0,0,0,,0,0,,0,0,0,0
1604116669238,7,1010123456030,73,,1,2,4,1,1,,0,0,20034,0,0,0,9.2,,0,0,0,0,0,0,0,0,0,,0,0,,0,0,0,0
1604116669488,7,1010123456030,73,,1,2,4,1,1,,0,0,20034,0,0,0,10,,0,0,0,0,0,0,0,0,0,,0,0,,0,0,0,0
1604116669738,7,1010123456030,73,,1,2,4,1,1,,0,0,20034,0,0,0,9.4,,0,0,0,0,0,0,0,0,0,,0,0,,0,0,0,0
1604116669988,7,1010123456030,73,,1,2,4,1,1,,0,0,20034,0,0,0,11.5,,0,0,0,0,0,0,0,0,0,,0,0,,0,0,0,0
1604116670238,7,1010123456030,73,,1,2,4,1,1,,0,0,20034,0,0,0,6.8,,0,0,0,0,0,0,0,0,0,,0,0,,0,0,0,0
1604116670488,7,1010123456030,73,,1,2,4,1,1,,0,0,20034,0,0,0,9.66667,,0,0,0,0,0,0,0,0,0,,0,0,,0,0,0,0
1604116670738,7,1010123456030,73,,1,2,4,1,1,,0,0,20034,0,0,0,11,,0,0,0,0,0,0,0,0,0,,0,0,,0,0,0,0
1604116670988,7,1010123456030,73,,1,2,4,1,1,,0,0,20034,0,0,0,8.25,,0,0,0,0,0,0,0,0,0,,0,0,,0,0,0,0
1604116671238,7,1010123456030,73,,1,2,4,1,1,,0,0,20034,0,0,0,8,,0,0,0,0,0,0,0,0,0,,0,0,,0,0,0,0
1604116671488,7,1010123456030,73,,1,2,4,1,1,,0,0,20034,0,0,0,7.4,,0,0,0,0,0,0,0,0,0,,0,0,,0,0,0,0
1604116671738,7,1010123456030,73,,1,2,4,1,1,,0,0,20034,0,0,0,10.2,,0,0,0,0,0,0,0,0,0,,0,0,,0,0,0,0
1604116671988,7,1010123456030,73,,1,2,4,1,1,,0,0,20034,0,0,0,7.75,,0,0,0,0,0,0,0,0,0,,0,0,,0,0,0,0
1604116672238,7,1010123456030,73,,1,2,4,1,1,,0,0,20034,0,0,0,10.3333,,0,0,0,0,0,0,0,0,0,,0,0,,0,0,0,0
1604116672488,7,1010123456030,73,,1,2,4,1,1,,0,0,20034,0,0,0,9.66667,,0,0,0,0,0,0,0,0,0,,0,0,,0,0,0,0
1604116672738,7,1010123456030,73,,1,2,4,1,1,,0,0,20034,0,0,0,10,,0,0,0,0,0,0,0,0,0,,0,0,,0,0,0,0
1604116672988,7,1010123456030,73,,1,2,4,1,1,,0,0,20034,0,0,0,7.33333,,0,0,0,0,0,0,0,0,0,,0,0,,0,0,0,0
1604116673238,7,1010123456030,73,,1,2,4,1,1,,0,0,20034,0,0,0,10,,0,0,0,0,0,0,0,0,0,,0,0,,0,0,0,0
1604116673488,7,1010123456030,73,,1,2,4,1,1,,0,0,20034,0,0,0,8.6,,0,0,0,0,0,0,0,0,0,,0,0,,0,0,0,0
1604116673738,7,1010123456030,73,,1,2,4,1,1,,0,0,20034,0,0,0,10.3333,,0,0,0,0,0,0,0,0,0,,0,0,,0,0,0,0
1604116673988,7,1010123456030,73,,1,2,4,1,1,,0,0,20034,0,0,0,4.33333,,0,0,0,0,0,0,0,0,0,,0,0,,0,0,0,0
1604116674238,7,1010123456030,73,,1,2,4,1,1,,0,0,20034,0,0,0,9.5,,0,0,0,0,0,0,0,0,0,,0,0,,0,0,0,0
1604116674488,7,1010123456030,73,,1,2,4,1,1,,0,0,20034,0,0,0,5.5,,0,0,0,0,0,0,0,0,0,,0,0,,0,0,0,0
1604116674738,7,1010123456030,73,,1,2,4,1,1,,0,0,20034,0,0,0,9.25,,0,0,0,0,0,0,0,0,0,,0,0,,0,0,0,0
1604116674988,7,1010123456030,73,,1,2,4,1,1,,0,0,20034,0,0,0,6.66667,,0,0,0,0,0,0,0,0,0,,0,0,,0,0,0,0
1604116675238,7,1010123456030,73,,1,2,4,1,1,,0,0,20034,0,0,0,5.4,,0,0,0,0,0,0,0,0,0,,0,0,,0,0,0,0
1604116675488,7,1010123456030,73,,1,2,4,1,1,,0,0,20034,0,0,0,9,,0,0,0,0,0,0,0,0,0,,0,0,,0,0,0,0
1604116675738,7,1010123456030,73,,1,2,4,1,1,,0,0,20034,0,0,0,9.8,,0,0,0,0,0,0,0,0,0,,0,0,,0,0,0,0
1604116675988,7,1010123456030,73,,1,2,4,1,1,,0,0,20034,0,0,0,6.5,,0,0,0,0,0,0,0,0,0,,0,0,,0,0,0,0
1604116676238,7,1010123456030,73,,1,2,4,1,1,,0,0,20034,0,0,0,8.5,,0,0,0,0,0,0,0,0,0,,0,0,,0,0,0,0
1604116676488,7,1010123456030,73,,1,2,4,1,1,,0,0,20034,0,0,0,8.75,,0,0,0,0,0,0,0,0,0,,0,0,,0,0,0,0
1604116676738,7,1010123456030,73,,1,2,4,1,1,,0,0,20034,0,0,0,7.33333,,0,0,0,0,0,0,0,0,0,,0,0,,0,0,0,0
1604116676988,7,1010123456030,73,,1,2,4,1,1,,0,0,20034,0,0,0,9,,0,0,0,0,0,0,0,0,0,,0,0,,0,0,0,0
1604116677238,7,1010123456030,73,,1,2,4,1,1,,0,0,20034,0,0,0,10.25,,0,0,0,0,0,0,0,0,0,,0,0,,0,0,0,0
1604116677488,7,1010123456030,73,,1,2,4,1,1,,0,0,20034,0,0,0,7,,0,0,0,0,0,0,0,0,0,,0,0,,0,0,0,0
1604116677738,7,1010123456030,73,,1,2,4,1,1,,0,0,20034,0,0,0,5,,0,0,0,0,0,0,0,0,0,,0,0,,0,0,0,0
1604116677988,7,1010123456030,73,,1,2,4,1,1,,0,0,20034,0,0,0,5,,0,0,0,0,0,0,0,0,0,,0,0,,0,0,0,0
1604116678238,7,1010123456030,73,,1,2,4,1,1,,0,0,20034,0,0,0,8.33333,,0,0,0,0,0,0,0,0,0,,0,0,,0,0,0,0
1604116678488,7,1010123456030,73,,1,2,4,1,1,,0,0,20034,0,0,0,7.5,,0,0,0,0,0,0,0,0,0,,0,0,,0,0,0,0
1604116678738,7,1010123456030,73,,1,2,4,1,1,,0,0,20034,0,0,0,7.5,,0,0,0,0,0,0,0,0,0,,0,0,,0,0,0,0
1604116678988,7,1010123456030,73,,1,2,4,1,1,,0,0,20034,0,0,0,11.6667,,0,0,0,0,0,0,0,0,0,,0,0,,0,0,0,0
1604116679238,7,1010123456030,73,,1,2,4,1,1,,0,0,20034,0,0,0,9.75,,0,0,0,0,0,0,0,0,0,,0,0,,0,0,0,0
1604116679488,7,1010123456030,73,,1,2,4,1,1,,0,0,20034,0,0,0,8,,0,0,0,0,0,0,0,0,0,,0,0,,0,0,0,0
1604116679738,7,1010123456030,73,,1,2,4,1,1,,0,0,20034,0,0,0,8.66667,,0,0,0,0,0,0,0,0,0,,0,0,,0,0,0,0
1604116679988,7,1010123456030,73,,1,2,4,1,1,,0,0,20034,0,0,0,8,,0,0,0,0,0,0,0,0,0,,0,0,,0,0,0,0
1604116680238,7,1010123456030,73,,1,2,4,1,1,,0,0,20034,0,0,0,11,,0,0,0,0,0,0,0,0,0,,0,0,,0,0,0,0
1604116680488,7,1010123456030,73,,1,2,4,1,1,,0,0,20034,0,0,0,7.75,,0,0,0,0,0,0,0,0,0,,0,0,,0,0,0,0
1604116680738,7,1010123456030,73,,1,2,4,1,1,,0,0,20034,0,0,0,11.5,,0,0,0,0,0,0,0,0,0,,0,0,,0,0,0,0
1604116680988,7,1010123456030,73,,1,2,4,1,1,,0,0,20034,0,0,0,5.66667,,0,0,0,0,0,0,0,0,0,,0,0,,0,0,0,0
1604116681238,7,1010123456030,73,,1,2,4,1,1,,0,0,20034,0,0,0,8,,0,0,0,0,0,0,0,0,0,,0,0,,0,0,0,0
1604116681488,7,1010123456030,73,,1,2,4,1,1,,0,0,20034,0,0,0,9,,0,0,0,0,0,0,0,0,0,,0,0,,0,0,0,0
1604116681738,7,1010123456030,73,,1,2,4,1,1,,0,0,20034,0,0,0,10,,0,0,0,0,0,0,0,0,0,,0,0,,0,0,0,0
1604116681988,7,1010123456030,73,,1,2,4,1,1,,0,0,20034,0,0,0,5.66667,,0,0,0,0,0,0,0,0,0,,0,0,,0,0,0,0
1604116682238,7,1010123456030,73,,1,2,4,1,1,,0,0,20034,0,0,0,4.66667,,0,0,0,0,0,0,0,0,0,,0,0,,0,0,0,0
1604116682488,7,1010123456030,73,,1,2,4,1,1,,0,0,20034,0,0,0,6.75,,0,0,0,0,0,0,0,0,0,,0,0,,0,0,0,0
1604116682738,7,1010123456030,73,,1,2,4,1,1,,0,0,20034,0,0,0,11,,0,0,0,0,0,0,0,0,0,,0,0,,0,0,0,0
1604116682988,7,1010123456030,73,,1,2,4,1,1,,0,0,20034,0,0,0,5,,0,0,0,0,0,0,0,0,0,,0,0,,0,0,0,0
1604116683238,7,1010123456030,73,,1,2,4,1,1,,0,0,20034,0,0,0,8,,0,0,0,0,0,0,0,0,0,,0,0,,0,0,0,0
1604116683488,7,1010123456030,73,,1,2,4,1,1,,0,0,20034,0,0,0,10,,0,0,0,0,0,0,0,0,0,,0,0,,0,0,0,0
1604116683738,7,1010123456030,73,,1,2,4,1,1,,0,0,20034,0,0,0,5.5,,0,0,0,0,0,0,0,0,0,,0,0,,0,0,0,0
1604116683988,7,1010123456030,73,,1,2,4,1,1,,0,0,20034,0,0,0,0.5,,0,0,0,0,0,0,0,0,0,,0,0,,0,0,0,0
1604116684238,7,1010123456030,73,,1,2,4,1,1,,0,0,20034,0,0,0,8,,0,0,0,0,0,0,0,0,0,,0,0,,0,0,0,0
1604116684488,7,1010123456030,73,,1,2,4,1,1,,0,0,20034,0,0,0,4.33333,,0,0,0,0,0,0,0,0,0,,0,0,,0,0,0,0
1604116684738,7,1010123456030,73,,1,2,4,1,1,,0,0,20034,0,0,0,9.66667,,0,0,0,0,0,0,0,0,0,,0,0,,0,0,0,0
1604116684988,7,1010123456030,73,,1,2,4,1,1,,0,0,20034,0,0,0,15,,0,0,0,0,0,0,0,0,0,,0,0,,0,0,0,0
1604116685238,7,1010123456030,73,,1,2,4,1,1,,0,0,20034,0,0,0,6,,0,0,0,0,0,0,0,0,0,,0,0,,0,0,0,0
1604116685488,7,1010123456030,73,,1,2,4,1,1,,0,0,20034,0,0,0,5.66667,,0,0,0,0,0,0,0,0,0,,0,0,,0,0,0,0
1604116685738,7,1010123456030,73,,1,2,4,1,1,,0,0,20034,0,0,0,12,,0,0,0,0,0,0,0,0,0,,0,0,,0,0,0,0
1604116685989,7,1010123456030,73,,1,2,4,1,1,,0,0,20034,0,0,0,9.5,,0,0,0,0,0,0,0,0,0,,0,0,,0,0,0,0
1604116686238,7,1010123456030,73,,1,2,4,1,1,,0,0,20034,0,0,0,13,,0,0,0,0,0,0,0,0,0,,0,0,,0,0,0,0
1604116686488,7,1010123456030,73,,1,2,4,1,1,,0,0,20034,0,0,0,10,,0,0,0,0,0,0,0,0,0,,0,0,,0,0,0,0
1604116686738,7,1010123456030,73,,1,2,4,1,1,,0,0,20034,0,0,0,2,,0,0,0,0,0,0,0,0,0,,0,0,,0,0,0,0
1604116686988,7,1010123456030,73,,1,2,4,1,1,,0,0,20034,0,0,0,3,,0,0,0,0,0,0,0,0,0,,0,0,,0,0,0,0
1604116687238,7,1010123456030,73,,1,2,4,1,1,,0,0,20034,0,0,0,3,,0,0,0,0,0,0,0,0,0,,0,0,,0,0,0,0
1604116687488,7,1010123456030,73,,1,2,4,1,1,,0,0,20034,0,0,0,3.5,,0,0,0,0,0,0,0,0,0,,0,0,,0,0,0,0
1604116687738,7,1010123456030,73,,1,2,4,1,1,,0,0,20034,0,0,0,4.5,,0,0,0,0,0,0,0,0,0,,0,0,,0,0,0,0
