time,cc,pci,earfcn,rsrp,pl,cfo,dl_mcs,dl_snr,dl_turbo,dl_brate,dl_bler,ul_ta,ul_mcs,ul_buff,ul_brate,ul_bler,rf_o,rf_u,rf_l,is_attached
0,0,0,4294967295,0.0,0.0,0.0,0.0,0.0,0.0,0.0,0.0,0.0,0.0,0.0,0.0,0.0,0.0,0.0,0.0,0.0
248,0,0,3400,0.0,0.0,0.0,0.0,0.0,0.0,0.0,0.0,0.0,0.0,0.0,0.0,0.0,0.0,0.0,0.0,0.0
497,0,0,3400,0.0,0.0,0.0,0.0,0.0,0.0,0.0,0.0,0.0,0.0,0.0,0.0,0.0,0.0,0.0,0.0,0.0
746,0,1,3400,0.0,0.0,0.0,0.0,0.0,0.0,0.0,0.0,0.0,0.0,0.0,0.0,0.0,0.0,0.0,0.0,0.0
995,0,1,3400,-61,61,90,0.0,23,0.0,0.0,0.0,0.0,0.0,0.0,0.0,0.0,0.0,0.0,0.0,0.0
1244,0,1,3400,-61,61,234,1.3,25,0.23,2912.000000,0,0.0,0.0,33,224,0,0.0,0.0,0.0,1.0
1493,0,1,3400,-61,61,242,5.5,25,0.50,0.0,0.0,27,0.0,33,0.0,0.0,0.0,0.0,0.0,1.0
1742,0,1,3400,-61,61,240,4.7,25,0.50,225,0,27,6.6,0.0,18056.224609,0,0.0,0.0,0.0,1.0
1991,0,1,3400,-61,61,237,4.1,24,0.50,4000.000000,0,27,12,34,21504.000000,0,0.0,0.0,0.0,1.0
2240,0,1,3400,-61,61,235,3.1,24,0.50,5312.000000,0,27,11,0.0,52320.000000,0,0.0,0.0,0.0,1.0
2489,0,1,3400,-61,61,230,11,24,0.55,33184.000000,0,27,13,0.0,218944.000000,23,0.0,0.0,0.0,1.0
2738,0,1,3400,-61,61,232,13,24,0.50,36640.000000,0,27,16,0.0,0.0,0.0,0.0,0.0,0.0,1.0
2987,0,1,3400,-61,61,234,16,24,0.50,25760.000000,0,27,15,0.0,0.0,0.0,0.0,0.0,0.0,1.0
3236,0,1,3400,-61,61,231,18,24,0.53,46208.000000,0,27,16,0.0,0.0,0.0,0.0,0.0,0.0,1.0
3485,0,1,3400,-61,61,231,18,24,0.50,41600.000000,0,27,14,0.0,21952.000000,0,0.0,0.0,0.0,1.0
3734,0,1,3400,-62,62,230,17,23,0.50,36160.000000,0,27,13,0.0,0.0,0.0,0.0,0.0,0.0,1.0
3983,0,1,3400,-62,62,232,16,24,0.54,25760.000000,0,27,13,0.0,0.0,0.0,0.0,0.0,0.0,1.0
4232,0,1,3400,-62,62,228,18,23,0.50,20608.000000,0,27,13,0.0,0.0,0.0,0.0,0.0,0.0,1.0
4481,0,1,3400,-62,62,232,18,23,0.55,36064.000000,0,27,13,0.0,23488.000000,0,0.0,0.0,0.0,1.0
4730,0,1,3400,-62,62,236,18,23,0.50,36015.937500,0,27,13,0.0,0.0,0.0,0.0,0.0,0.0,1.0
4979,0,1,3400,-62,62,237,18,23,0.50,46560.000000,0,27,14,0.0,0.0,0.0,0.0,0.0,0.0,1.0
5228,0,1,3400,-62,62,235,18,23,0.53,46368.000000,0,27,13,0.0,0.0,0.0,0.0,0.0,0.0,1.0
5477,0,1,3400,-62,62,233,17,23,0.50,26400.000000,0,27,14,0.0,23488.000000,0,0.0,0.0,0.0,1.0
5726,0,1,3400,-63,63,233,18,22,0.58,62368.000000,0,27,14,0.0,0.0,0.0,0.0,0.0,0.0,1.0
5975,0,1,3400,-63,63,237,19,22,0.72,20704.000000,0,27,14,0.0,0.0,0.0,0.0,0.0,0.0,1.0
6224,0,1,3400,-63,63,233,16,22,0.59,52320.000000,0,27,14,0.0,0.0,0.0,0.0,0.0,0.0,1.0
6473,0,1,3400,-63,63,232,18,22,0.54,31008.000000,0,27,13,0.0,23488.000000,0,0.0,0.0,0.0,1.0
6722,0,1,3400,-64,64,240,17,22,0.54,62656.000000,0,27,14,0.0,0.0,0.0,0.0,0.0,0.0,1.0
6971,0,1,3400,-64,64,238,17,21,0.63,57536.000000,0,27,14,0.0,0.0,0.0,0.0,0.0,0.0,1.0
7220,0,1,3400,-64,64,237,18,22,0.50,10560.000000,0,27,14,0.0,0.0,0.0,0.0,0.0,0.0,1.0
7469,0,1,3400,-64,64,235,12,21,0.61,68800.000000,0,27,14,0.0,23488.000000,0,0.0,0.0,0.0,1.0
7718,0,1,3400,-64,64,229,12,21,0.60,58208.000000,0,27,14,0.0,0.0,0.0,0.0,0.0,0.0,1.0
7967,0,1,3400,-64,64,233,13,21,0.50,80064.000000,0,27,13,0.0,0.0,0.0,0.0,0.0,0.0,1.0
8216,0,1,3400,-64,64,234,12,21,0.50,70361.445312,0,27,14,0.0,0.0,0.0,0.0,0.0,0.0,1.0
8465,0,1,3400,-64,64,231,11,20,0.50,46560.000000,0,27,14,0.0,23488.000000,0,0.0,0.0,0.0,1.0
8714,0,1,3400,-65,65,228,15,21,0.50,36480.000000,0,27,14,0.0,0.0,0.0,0.0,0.0,0.0,1.0
8963,0,1,3400,-65,65,233,16,20,0.61,42720.000000,0,27,14,0.0,0.0,0.0,0.0,0.0,0.0,1.0
9212,0,1,3400,-65,65,231,13,20,0.50,32448.000000,0,27,15,0.0,17056.000000,0,0.0,0.0,0.0,1.0
9461,0,1,3400,-65,65,229,10.0,20,0.50,43616.000000,0,27,13,0.0,18368.000000,0,0.0,0.0,0.0,1.0
9710,0,1,3400,-66,66,232,12,19,0.50,37344.000000,0,27,12,0.0,0.0,0.0,0.0,0.0,0.0,1.0
9959,0,1,3400,-66,66,231,13,20,0.56,50624.000000,0,27,12,0.0,0.0,0.0,0.0,0.0,0.0,1.0
10208,0,1,3400,-65,65,235,14,20,0.71,71136.000000,0,27,12,0.0,0.0,0.0,0.0,0.0,0.0,1.0
10457,0,1,3400,-65,65,235,16,21,0.50,21632.000000,0,27,14,0.0,166624.000000,19,0.0,0.0,0.0,1.0
10706,0,1,3400,-65,65,231,10,20,0.50,48736.000000,0,27,16,0.0,0.0,0.0,0.0,0.0,0.0,1.0
10955,0,1,3400,-65,65,235,14,21,0.50,31424.000000,0,27,16,0.0,0.0,0.0,0.0,0.0,0.0,1.0
11204,0,1,3400,-65,65,236,15,20,0.50,31553.785156,0,27,16,0.0,0.0,0.0,0.0,0.0,0.0,1.0
11453,0,1,3400,-65,65,237,14,20,0.50,37344.000000,0,27,15,0.0,23488.000000,20,0.0,0.0,0.0,1.0
11702,0,1,3400,-65,65,236,14,20,0.52,84640.000000,0,27,14,0.0,0.0,0.0,0.0,0.0,0.0,1.0
11951,0,1,3400,-65,65,238,13,21,0.50,15968.000000,0,27,14,0.0,0.0,0.0,0.0,0.0,0.0,1.0
12200,0,1,3400,-65,65,238,16,22,0.50,20608.000000,0,27,14,0.0,0.0,0.0,0.0,0.0,0.0,1.0
12449,0,1,3400,-65,65,231,15,20,0.50,48416.000000,0,27,7.5,0.0,30336.000000,0,0.0,0.0,0.0,1.0
12698,0,1,3400,-65,65,228,15,21,0.66,37088.000000,0,27,2.0,0.0,0.0,0.0,0.0,0.0,0.0,1.0
12947,0,1,3400,-65,65,234,15,20,0.69,62592.000000,0,27,2.0,0.0,0.0,0.0,0.0,0.0,0.0,1.0
13196,0,1,3400,-64,64,236,17,21,0.69,31168.000000,0,27,2.0,0.0,0.0,0.0,0.0,0.0,0.0,1.0
13445,0,1,3400,-64,64,233,15,22,0.65,46848.000000,0,27,6.7,0.0,135488.000000,23,0.0,0.0,0.0,1.0
13694,0,1,3400,-64,64,230,16,22,0.67,26560.000000,0,27,16,0.0,0.0,0.0,0.0,0.0,0.0,1.0
13943,0,1,3400,-64,64,235,15,22,0.50,42176.000000,0,27,16,0.0,0.0,0.0,0.0,0.0,0.0,1.0
14192,0,1,3400,-63,63,237,14,22,0.50,21344.000000,0,27,16,0.0,0.0,0.0,0.0,0.0,0.0,1.0
14441,0,1,3400,-63,63,237,17,23,0.64,46528.000000,0,27,15,0.0,153824.000000,12,0.0,0.0,0.0,1.0
14690,0,1,3400,-63,63,237,18,23,0.67,41767.066406,0,27,16,0.0,0.0,0.0,0.0,0.0,0.0,1.0
14939,0,1,3400,-63,63,235,18,23,0.71,31072.000000,0,27,16,0.0,0.0,0.0,0.0,0.0,0.0,1.0
15188,0,1,3400,-63,63,231,18,22,0.59,46624.000000,0,27,16,0.0,0.0,0.0,0.0,0.0,0.0,1.0
15437,0,1,3400,-63,63,230,15,22,0.54,31168.000000,0,27,15,0.0,21952.000000,0,0.0,0.0,0.0,1.0
15686,0,1,3400,-64,64,233,14,21,0.52,46912.000000,0,27,13,0.0,0.0,0.0,0.0,0.0,0.0,1.0
15935,0,1,3400,-64,64,234,14,21,0.50,47520.000000,0,27,13,0.0,0.0,0.0,0.0,0.0,0.0,1.0
16184,0,1,3400,-64,64,238,12,22,0.50,26528.000000,0,27,13,0.0,0.0,0.0,0.0,0.0,0.0,1.0
16433,0,1,3400,-64,64,234,10,21,0.84,36960.000000,0,27,13,0.0,21952.000000,0,0.0,0.0,0.0,1.0
16682,0,1,3400,-64,64,233,18,21,0.82,31008.000000,0,27,13,0.0,0.0,0.0,0.0,0.0,0.0,1.0
16931,0,1,3400,-64,64,233,18,22,0.75,30976.000000,0,27,13,0.0,0.0,0.0,0.0,0.0,0.0,1.0
17180,0,1,3400,-63,63,232,14,22,0.52,20864.000000,0,27,13,0.0,0.0,0.0,0.0,0.0,0.0,1.0
17429,0,1,3400,-63,63,231,16,22,0.50,41376.000000,0,27,13,0.0,23488.000000,20,0.0,0.0,0.0,1.0
17678,0,1,3400,-63,63,229,15,22,0.58,20780.876953,0,27,13,0.0,0.0,0.0,0.0,0.0,0.0,1.0
17927,0,1,3400,-63,63,230,17,22,0.50,46528.000000,0,27,13,0.0,0.0,0.0,0.0,0.0,0.0,1.0
18176,0,1,3400,-63,63,232,16,22,0.51,67744.000000,0,27,13,0.0,0.0,0.0,0.0,0.0,0.0,1.0
18425,0,1,3400,-63,63,237,17,22,0.54,41216.000000,0,27,14,0.0,168288.000000,5,0.0,0.0,0.0,1.0
18674,0,1,3400,-63,63,235,17,22,0.58,56832.000000,0,27,16,0.0,0.0,0.0,0.0,0.0,0.0,1.0
18923,0,1,3400,-63,63,233,18,22,0.68,41216.000000,0,27,16,0.0,0.0,0.0,0.0,0.0,0.0,1.0
19172,0,1,3400,-63,63,233,18,23,0.63,20608.000000,0,27,16,0.0,0.0,0.0,0.0,0.0,0.0,1.0
19421,0,1,3400,-63,63,235,16,22,0.54,46624.000000,0,27,15,0.0,23488.000000,0,0.0,0.0,0.0,1.0
19670,0,1,3400,-63,63,234,17,22,0.50,41824.000000,0,27,13,0.0,0.0,0.0,0.0,0.0,0.0,1.0
19919,0,1,3400,-63,63,233,17,22,0.54,62080.000000,0,27,14,0.0,0.0,0.0,0.0,0.0,0.0,1.0
20168,0,1,3400,-63,63,235,16,22,0.50,41216.000000,0,27,14,0.0,0.0,0.0,0.0,0.0,0.0,1.0
20417,0,1,3400,-63,63,231,18,22,0.59,30912.000000,0,27,13,0.0,24000.000000,0,0.0,0.0,0.0,1.0
20666,0,1,3400,-63,63,232,18,22,0.65,20690.763672,0,27,12,0.0,0.0,0.0,0.0,0.0,0.0,1.0
20915,0,1,3400,-63,63,230,18,22,0.70,20621.513672,0,27,12,0.0,0.0,0.0,0.0,0.0,0.0,1.0
21165,0,1,3400,-63,63,229,18,22,0.61,36800.000000,0,27,12,0.0,0.0,0.0,0.0,0.0,0.0,1.0
21414,0,1,3400,-63,63,233,17,23,0.58,25959.839844,0,27,11,0.0,13943.775391,0,0.0,0.0,0.0,1.0
21663,0,1,3400,-63,63,229,18,22,0.57,46528.000000,0,27,7.5,0.0,0.0,0.0,0.0,0.0,0.0,1.0
21912,0,1,3400,-63,63,230,17,23,0.57,30912.000000,0,27,7.5,0.0,0.0,0.0,0.0,0.0,0.0,1.0
22161,0,1,3400,-63,63,232,16,23,0.54,36160.000000,0,27,7.5,0.0,0.0,0.0,0.0,0.0,0.0,1.0
22410,0,1,3400,-63,63,236,16,23,0.55,67808.000000,0,27,9.1,0.0,15808.000000,0,0.0,0.0,0.0,1.0
22659,0,1,3400,-63,63,234,16,23,0.50,36576.000000,0,27,10,0.0,0.0,0.0,0.0,0.0,0.0,1.0
22908,0,1,3400,-63,63,234,16,22,0.71,51936.000000,0,27,10,0.0,0.0,0.0,0.0,0.0,0.0,1.0
23157,0,1,3400,-63,63,230,16,23,0.80,36064.000000,0,27,10,0.0,0.0,0.0,0.0,0.0,0.0,1.0
23406,0,1,3400,-63,63,230,17,22,0.50,56992.000000,0,27,12,0.0,23488.000000,0,0.0,0.0,0.0,1.0
23655,0,1,3400,-64,64,239,16,21,0.64,42112.000000,0,27,14,0.0,0.0,0.0,0.0,0.0,0.0,1.0
23904,0,1,3400,-64,64,234,12,22,1.2,24608.000000,0,27,14,0.0,0.0,0.0,0.0,0.0,0.0,1.0
24153,0,1,3400,-64,64,233,15,21,0.55,32350.597656,0,27,14,0.0,0.0,0.0,0.0,0.0,0.0,1.0
24402,0,1,3400,-65,65,233,15,21,0.57,26528.000000,0,27,13,0.0,21952.000000,0,0.0,0.0,0.0,1.0
24651,0,1,3400,-65,65,231,12,21,0.52,27200.000000,0,27,12,0.0,0.0,0.0,0.0,0.0,0.0,1.0
24900,0,1,3400,-65,65,232,10,21,0.51,37536.000000,0,27,12,0.0,0.0,0.0,0.0,0.0,0.0,1.0
25149,0,1,3400,-65,65,233,13,20,0.58,47904.000000,0,27,12,0.0,0.0,0.0,0.0,0.0,0.0,1.0
25398,0,1,3400,-65,65,232,6.0,21,0.66,21664.000000,0,27,13,0.0,23488.000000,0,0.0,0.0,0.0,1.0
25647,0,1,3400,-65,65,234,14,21,0.83,41856.000000,0,27,14,0.0,0.0,0.0,0.0,0.0,0.0,1.0
25896,0,1,3400,-65,65,233,17,21,0.56,36416.000000,0,27,14,0.0,0.0,0.0,0.0,0.0,0.0,1.0
26145,0,1,3400,-65,65,226,17,21,0.57,20864.000000,0,27,14,0.0,0.0,0.0,0.0,0.0,0.0,1.0
26394,0,1,3400,-65,65,231,15,21,0.68,47392.000000,0,27,13,0.0,23488.000000,0,0.0,0.0,0.0,1.0
26643,0,1,3400,-65,65,232,17,21,0.84,23840.000000,0,27,14,0.0,0.0,0.0,0.0,0.0,0.0,1.0
26892,0,1,3400,-65,65,234,17,21,0.71,34944.000000,0,27,14,0.0,0.0,0.0,0.0,0.0,0.0,1.0
27141,0,1,3400,-65,65,239,13,20,0.50,48800.000000,0,27,13,0.0,0.0,0.0,0.0,0.0,0.0,1.0
27390,0,1,3400,-65,65,237,15,20,0.51,48768.000000,0,27,14,0.0,23488.000000,0,0.0,0.0,0.0,1.0
27639,0,1,3400,-65,65,234,16,20,0.58,48931.726562,0,27,14,0.0,0.0,0.0,0.0,0.0,0.0,1.0
27888,0,1,3400,-65,65,237,16,20,0.54,40512.000000,0,27,14,0.0,0.0,0.0,0.0,0.0,0.0,1.0
28137,0,1,3400,-65,65,234,17,20,0.54,80064.000000,0,27,14,0.0,0.0,0.0,0.0,0.0,0.0,1.0
28386,0,1,3400,-65,65,234,14,20,0.62,37376.000000,0,27,14,0.0,23488.000000,0,0.0,0.0,0.0,1.0
28635,0,1,3400,-65,65,236,14,20,0.54,46496.000000,0,27,14,0.0,0.0,0.0,0.0,0.0,0.0,1.0
28884,0,1,3400,-65,65,232,13,20,0.57,37792.000000,10,27,13,0.0,0.0,0.0,0.0,0.0,0.0,1.0
29133,0,1,3400,-65,65,229,11,20,0.54,54080.000000,0,27,14,0.0,0.0,0.0,0.0,0.0,0.0,1.0
29382,0,1,3400,-65,65,230,12,20,0.51,48736.000000,0,27,12,0.0,15808.000000,0,0.0,0.0,0.0,1.0
29631,0,1,3400,-65,65,232,12,20,0.55,21664.000000,0,27,10,0.0,0.0,0.0,0.0,0.0,0.0,1.0
29880,0,1,3400,-65,65,239,13,20,0.52,21216.000000,0,27,10,0.0,0.0,0.0,0.0,0.0,0.0,1.0
30129,0,1,3400,-64,64,237,14,20,0.58,39584.000000,0,27,10,0.0,0.0,0.0,0.0,0.0,0.0,1.0
30378,0,1,3400,-64,64,236,17,20,0.57,24640.000000,0,27,12,0.0,23488.000000,0,0.0,0.0,0.0,1.0
30627,0,1,3400,-64,64,234,13,21,0.51,26528.000000,0,27,14,0.0,0.0,0.0,0.0,0.0,0.0,1.0
30876,0,1,3400,-64,64,229,14,21,0.56,32701.195312,0,27,13,0.0,0.0,0.0,0.0,0.0,0.0,1.0
31125,0,1,3400,-63,63,231,16,21,0.50,31872.000000,0,27,14,0.0,0.0,0.0,0.0,0.0,0.0,1.0
31374,0,1,3400,-63,63,231,14,21,0.50,25248.000000,0,27,14,0.0,23488.000000,0,0.0,0.0,0.0,1.0
31623,0,1,3400,-63,63,235,14,22,0.50,44000.000000,0,27,14,0.0,0.0,0.0,0.0,0.0,0.0,1.0
31872,0,1,3400,-63,63,230,8.2,22,0.50,11264.000000,0,27,14,0.0,0.0,0.0,0.0,0.0,0.0,1.0
32121,0,1,3400,-63,63,231,18,22,0.51,37408.000000,0,27,14,0.0,0.0,0.0,0.0,0.0,0.0,1.0
32370,0,1,3400,-63,63,236,18,22,0.50,39648.000000,0,27,14,0.0,23488.000000,0,0.0,0.0,0.0,1.0
32619,0,1,3400,-63,63,231,18,22,0.70,34528.000000,0,27,13,0.0,0.0,0.0,0.0,0.0,0.0,1.0
32868,0,1,3400,-63,63,229,13,21,0.57,43168.000000,0,27,14,0.0,0.0,0.0,0.0,0.0,0.0,1.0
33117,0,1,3400,-63,63,237,15,21,0.52,53472.000000,0,27,14,0.0,0.0,0.0,0.0,0.0,0.0,1.0
33366,0,1,3400,-63,63,239,16,21,0.50,39328.000000,0,27,14,0.0,23488.000000,0,0.0,0.0,0.0,1.0
33615,0,1,3400,-64,64,233,15,21,0.51,46496.000000,0,27,14,0.0,0.0,0.0,0.0,0.0,0.0,1.0
33864,0,1,3400,-64,64,237,15,21,0.59,42955.824219,0,27,14,0.0,0.0,0.0,0.0,0.0,0.0,1.0
34113,0,1,3400,-64,64,238,15,21,0.52,58752.000000,0,27,14,0.0,0.0,0.0,0.0,0.0,0.0,1.0
34362,0,1,3400,-64,64,234,11,21,0.50,37696.000000,0,27,14,0.0,23488.000000,0,0.0,0.0,0.0,1.0
34611,0,1,3400,-64,64,230,13,21,0.68,15968.000000,0,27,14,0.0,0.0,0.0,0.0,0.0,0.0,1.0
34860,0,1,3400,-64,64,231,13,21,0.61,45760.000000,0,27,14,0.0,0.0,0.0,0.0,0.0,0.0,1.0
35109,0,1,3400,-64,64,233,11,21,0.52,46016.000000,0,27,14,0.0,0.0,0.0,0.0,0.0,0.0,1.0
35358,0,1,3400,-64,64,237,13,21,0.51,32032.000000,0,27,14,186,0.0,0.0,0.0,0.0,0.0,1.0
35607,0,1,3400,-64,64,235,15,21,0.53,60992.000000,0,27,12,0.0,17344.000000,0,0.0,0.0,0.0,1.0
35856,0,1,3400,-64,64,233,13,21,1.0,36032.000000,5,27,12,0.0,0.0,0.0,0.0,0.0,0.0,1.0
36105,0,1,3400,-64,64,231,13,21,0.53,37504.000000,0,27,12,0.0,0.0,0.0,0.0,0.0,0.0,1.0
36354,0,1,3400,-64,64,235,13,21,0.53,59616.000000,0,27,13,0.0,23488.000000,0,0.0,0.0,0.0,1.0
36603,0,1,3400,-64,64,233,11,21,0.69,27072.000000,0,27,14,0.0,0.0,0.0,0.0,0.0,0.0,1.0
36852,0,1,3400,-64,64,236,13,21,0.56,38368.000000,0,27,14,0.0,0.0,0.0,0.0,0.0,0.0,1.0
37101,0,1,3400,-64,64,237,12,21,0.51,26944.000000,0,27,14,0.0,0.0,0.0,0.0,0.0,0.0,1.0
37350,0,1,3400,-64,64,235,15,21,0.54,32350.597656,0,27,14,0.0,23394.421875,0,0.0,0.0,0.0,1.0
37599,0,1,3400,-64,64,236,12,21,0.54,21824.000000,0,27,14,0.0,0.0,0.0,0.0,0.0,0.0,1.0
37848,0,1,3400,-64,64,236,12,21,0.52,35328.000000,0,27,13,0.0,0.0,0.0,0.0,0.0,0.0,1.0
38097,0,1,3400,-64,64,231,14,21,0.62,29632.000000,0,27,13,0.0,0.0,0.0,0.0,0.0,0.0,1.0
38346,0,1,3400,-64,64,231,14,21,0.51,34016.000000,0,27,13,0.0,23744.000000,0,0.0,0.0,0.0,1.0
38595,0,1,3400,-64,64,232,15,21,0.50,37024.000000,0,27,12,0.0,0.0,0.0,0.0,0.0,0.0,1.0
38844,0,1,3400,-64,64,235,15,21,0.52,46208.000000,0,27,12,0.0,0.0,0.0,0.0,0.0,0.0,1.0
39093,0,1,3400,-64,64,234,14,21,0.50,27008.000000,0,27,11,0.0,0.0,0.0,0.0,0.0,0.0,1.0
39342,0,1,3400,-64,64,230,13,20,0.54,27072.000000,0,27,11,0.0,15808.000000,0,0.0,0.0,0.0,1.0
39591,0,1,3400,-65,65,235,14,20,0.58,42176.000000,0,27,10,0.0,0.0,0.0,0.0,0.0,0.0,1.0
39840,0,1,3400,-65,65,230,15,20,0.52,22944.000000,0,27,10,0.0,0.0,0.0,0.0,0.0,0.0,1.0
40089,0,1,3400,-65,65,234,12,20,0.76,16992.000000,9,27,10,0.0,0.0,0.0,0.0,0.0,0.0,1.0
40338,0,1,3400,-65,65,233,11,19,0.56,46104.417969,0,27,11,0.0,23582.330078,0,0.0,0.0,0.0,1.0
40587,0,1,3400,-66,66,228,13,19,0.51,57248.000000,0,27,14,0.0,0.0,0.0,0.0,0.0,0.0,1.0
40836,0,1,3400,-66,66,234,14,19,0.74,75232.000000,0,27,13,0.0,0.0,0.0,0.0,0.0,0.0,1.0
41085,0,1,3400,-66,66,231,14,18,0.67,42240.000000,0,27,13,0.0,17056.000000,0,0.0,0.0,0.0,1.0
41334,0,1,3400,-66,66,228,14,18,0.60,49152.000000,0,27,14,0.0,23488.000000,0,0.0,0.0,0.0,1.0
41583,0,1,3400,-67,67,232,13,18,0.55,59904.000000,0,27,14,0.0,0.0,0.0,0.0,0.0,0.0,1.0
41832,0,1,3400,-67,67,233,12,18,0.70,21792.000000,0,27,14,0.0,0.0,0.0,0.0,0.0,0.0,1.0
42081,0,1,3400,-67,67,225,15,18,0.66,29248.000000,0,27,14,0.0,0.0,0.0,0.0,0.0,0.0,1.0
42330,0,1,3400,-67,67,233,12,18,0.67,30048.000000,0,27,14,0.0,23488.000000,0,0.0,0.0,0.0,1.0
42579,0,1,3400,-67,67,232,11,18,0.60,54176.000000,0,27,13,0.0,0.0,0.0,0.0,0.0,0.0,1.0
42828,0,1,3400,-67,67,232,12,18,0.60,37472.000000,0,27,14,0.0,0.0,0.0,0.0,0.0,0.0,1.0
43077,0,1,3400,-66,66,233,13,18,0.65,43264.000000,0,27,14,0.0,0.0,0.0,0.0,0.0,0.0,1.0
43326,0,1,3400,-66,66,230,13,19,0.62,42880.000000,0,27,14,0.0,23488.000000,0,0.0,0.0,0.0,1.0
43575,0,1,3400,-66,66,230,15,19,0.68,32192.000000,0,27,14,0.0,0.0,0.0,0.0,0.0,0.0,1.0
43824,0,1,3400,-66,66,232,12,19,0.53,21545.816406,0,27,13,0.0,0.0,0.0,0.0,0.0,0.0,1.0
44073,0,1,3400,-65,65,235,13,19,0.59,32480.000000,0,27,14,0.0,0.0,0.0,0.0,0.0,0.0,1.0
44322,0,1,3400,-65,65,229,15,20,0.51,48192.000000,0,27,11,0.0,13632.000000,0,0.0,0.0,0.0,1.0
44571,0,1,3400,-65,65,238,15,20,0.54,53600.000000,0,27,9.5,0.0,0.0,0.0,0.0,0.0,0.0,1.0
44820,0,1,3400,-65,65,241,11,20,0.55,54464.000000,0,27,9.5,0.0,0.0,0.0,0.0,0.0,0.0,1.0
45069,0,1,3400,-65,65,233,13,19,0.71,21632.000000,17,27,9.5,0.0,0.0,0.0,0.0,0.0,0.0,1.0
45318,0,1,3400,-65,65,234,18,19,1.9,21824.000000,17,27,11,0.0,23488.000000,0,0.0,0.0,0.0,1.0
45567,0,1,3400,-66,66,234,14,19,0.73,35584.000000,0,27,13,0.0,0.0,0.0,0.0,0.0,0.0,1.0
45816,0,1,3400,-66,66,233,16,19,0.59,52832.000000,0,27,13,0.0,0.0,0.0,0.0,0.0,0.0,1.0
46065,0,1,3400,-66,66,231,14,19,0.73,33248.000000,0,27,14,0.0,0.0,0.0,0.0,0.0,0.0,1.0
46314,0,1,3400,-66,66,224,10,19,0.54,16736.000000,0,27,13,0.0,21952.000000,0,0.0,0.0,0.0,1.0
46563,0,1,3400,-66,66,231,12,19,0.69,40192.000000,0,27,13,0.0,0.0,0.0,0.0,0.0,0.0,1.0
46812,0,1,3400,-66,66,232,11,19,0.53,30136.546875,0,27,13,0.0,0.0,0.0,0.0,0.0,0.0,1.0
47061,0,1,3400,-66,66,231,12,19,0.66,51328.000000,0,27,13,0.0,0.0,0.0,0.0,0.0,0.0,1.0
47310,0,1,3400,-66,66,236,13,19,0.62,40928.000000,0,27,13,0.0,23488.000000,0,0.0,0.0,0.0,1.0
47559,0,1,3400,-66,66,236,13,19,0.62,37536.000000,0,27,14,0.0,0.0,0.0,0.0,0.0,0.0,1.0
47808,0,1,3400,-66,66,232,15,19,0.50,26944.000000,0,27,14,0.0,0.0,0.0,0.0,0.0,0.0,1.0
48057,0,1,3400,-66,66,236,12,19,0.50,33216.000000,0,27,14,0.0,0.0,0.0,0.0,0.0,0.0,1.0
48306,0,1,3400,-66,66,234,12,19,0.52,20768.000000,0,27,14,0.0,23488.000000,20,0.0,0.0,0.0,1.0
48555,0,1,3400,-66,66,234,13,19,0.73,31200.000000,7,27,14,0.0,0.0,0.0,0.0,0.0,0.0,1.0
48804,0,1,3400,-66,66,226,14,19,0.56,55392.000000,0,27,14,0.0,0.0,0.0,0.0,0.0,0.0,1.0
49053,0,1,3400,-65,65,229,11,20,0.51,21792.000000,0,27,14,0.0,0.0,0.0,0.0,0.0,0.0,1.0
49302,0,1,3400,-65,65,232,12,19,0.50,35104.000000,0,27,14,0.0,23488.000000,0,0.0,0.0,0.0,1.0
49551,0,1,3400,-65,65,233,13,20,0.55,56928.000000,0,27,14,0.0,0.0,0.0,0.0,0.0,0.0,1.0
49800,0,1,3400,-65,65,238,13,20,0.61,47552.000000,8,27,14,0.0,0.0,0.0,0.0,0.0,0.0,1.0
50049,0,1,3400,-64,64,233,15,20,0.54,40608.000000,0,27,14,0.0,0.0,0.0,0.0,0.0,0.0,1.0
50298,0,1,3400,-64,64,231,13,21,0.50,35474.105469,0,27,13,0.0,23394.421875,0,0.0,0.0,0.0,1.0
50547,0,1,3400,-64,64,232,12,21,0.52,38176.000000,0,27,14,0.0,0.0,0.0,0.0,0.0,0.0,1.0
50796,0,1,3400,-64,64,235,16,21,0.50,21856.000000,0,27,14,0.0,0.0,0.0,0.0,0.0,0.0,1.0
51045,0,1,3400,-64,64,230,23,21,1.9,20064.000000,36,27,14,0.0,0.0,0.0,0.0,0.0,0.0,1.0
51294,0,1,3400,-64,64,235,15,21,0.60,43232.000000,0,27,13,0.0,23488.000000,0,0.0,0.0,0.0,1.0
51543,0,1,3400,-64,64,234,10,21,0.52,43296.000000,0,27,14,0.0,0.0,0.0,0.0,0.0,0.0,1.0
51792,0,1,3400,-64,64,229,12,21,0.51,55744.000000,0,27,13,0.0,0.0,0.0,0.0,0.0,0.0,1.0
52041,0,1,3400,-64,64,236,15,21,0.62,32128.000000,0,27,14,0.0,0.0,0.0,0.0,0.0,0.0,1.0
52290,0,1,3400,-64,64,235,14,20,1.1,22720.000000,13,27,14,0.0,23488.000000,0,0.0,0.0,0.0,1.0
52539,0,1,3400,-65,65,228,12,20,0.53,32544.000000,0,27,14,0.0,0.0,0.0,0.0,0.0,0.0,1.0
52788,0,1,3400,-65,65,227,12,20,0.50,27424.000000,0,27,14,0.0,0.0,0.0,0.0,0.0,0.0,1.0
53037,0,1,3400,-65,65,230,14,20,0.63,38136.546875,0,27,14,0.0,0.0,0.0,0.0,0.0,0.0,1.0
53286,0,1,3400,-65,65,234,19,20,1.7,14496.000000,36,27,14,186,0.0,0.0,0.0,0.0,0.0,1.0
53535,0,1,3400,-65,65,236,12,20,0.55,45664.000000,0,27,14,0.0,23488.000000,20,0.0,0.0,0.0,1.0
53784,0,1,3400,-65,65,238,11,20,0.52,37600.000000,0,27,14,0.0,0.0,0.0,0.0,0.0,0.0,1.0
54033,0,1,3400,-65,65,233,12,19,0.52,28224.000000,0,27,14,0.0,0.0,0.0,0.0,0.0,0.0,1.0
54282,0,1,3400,-65,65,230,14,19,0.50,40768.000000,0,27,14,0.0,23488.000000,0,0.0,0.0,0.0,1.0
54531,0,1,3400,-66,66,230,15,19,0.58,29952.000000,0,27,14,0.0,0.0,0.0,0.0,0.0,0.0,1.0
54780,0,1,3400,-66,66,232,11,19,0.50,16480.000000,0,27,14,0.0,0.0,0.0,0.0,0.0,0.0,1.0
55029,0,1,3400,-66,66,227,17,18,1.2,23264.000000,21,27,13,0.0,0.0,0.0,0.0,0.0,0.0,1.0
55278,0,1,3400,-66,66,226,14,18,0.60,39776.000000,0,27,13,0.0,21952.000000,0,0.0,0.0,0.0,1.0
55527,0,1,3400,-67,67,228,13,18,0.52,46080.000000,0,27,13,0.0,0.0,0.0,0.0,0.0,0.0,1.0
55776,0,1,3400,-67,67,225,11,18,0.51,28768.000000,0,27,13,0.0,0.0,0.0,0.0,0.0,0.0,1.0
56025,0,1,3400,-67,67,233,12,18,0.61,80256.000000,0,27,13,0.0,0.0,0.0,0.0,0.0,0.0,1.0
56274,0,1,3400,-67,67,234,12,18,0.58,49024.000000,0,27,13,0.0,21952.000000,0,0.0,0.0,0.0,1.0
56523,0,1,3400,-67,67,238,9.4,18,0.57,48928.000000,0,27,13,0.0,0.0,0.0,0.0,0.0,0.0,1.0
56772,0,1,3400,-67,67,240,13,18,0.50,53705.179688,0,27,13,0.0,0.0,0.0,0.0,0.0,0.0,1.0
57021,0,1,3400,-67,67,229,13,18,0.50,48288.000000,0,27,13,0.0,0.0,0.0,0.0,0.0,0.0,1.0
57270,0,1,3400,-67,67,227,12,17,0.56,53920.000000,0,27,13,0.0,23488.000000,0,0.0,0.0,0.0,1.0
57519,0,1,3400,-68,68,233,12,17,0.50,21536.000000,0,27,14,0.0,0.0,0.0,0.0,0.0,0.0,1.0
57768,0,1,3400,-68,68,235,12,17,0.50,37856.000000,0,27,14,0.0,0.0,0.0,0.0,0.0,0.0,1.0
58017,0,1,3400,-68,68,228,12,17,0.51,48992.000000,0,27,14,0.0,0.0,0.0,0.0,0.0,0.0,1.0
58266,0,1,3400,-68,68,222,11,17,0.50,63936.000000,0,27,14,0.0,23488.000000,0,0.0,0.0,0.0,1.0
58515,0,1,3400,-68,68,230,13,17,0.50,48768.000000,0,27,13,0.0,0.0,0.0,0.0,0.0,0.0,1.0
58764,0,1,3400,-68,68,232,12,17,0.59,37504.000000,0,27,14,0.0,0.0,0.0,0.0,0.0,0.0,1.0
59013,0,1,3400,-67,67,231,12,18,0.50,21632.000000,0,27,14,0.0,0.0,0.0,0.0,0.0,0.0,1.0
59262,0,1,3400,-67,67,230,13,18,0.50,27040.000000,0,27,14,0.0,23488.000000,0,0.0,0.0,0.0,1.0
59511,0,1,3400,-67,67,237,13,18,0.74,32321.285156,0,27,14,0.0,0.0,0.0,0.0,0.0,0.0,1.0
59760,0,1,3400,-67,67,236,13,18,1.5,32352.000000,12,27,14,0.0,0.0,0.0,0.0,0.0,0.0,1.0
60009,0,1,3400,-66,66,236,13,18,0.50,48096.000000,0,27,14,0.0,0.0,0.0,0.0,0.0,0.0,1.0
60258,0,1,3400,-66,66,240,12,19,0.50,43264.000000,0,27,14,0.0,23488.000000,0,0.0,0.0,0.0,1.0
60507,0,1,3400,-66,66,237,13,19,0.51,48512.000000,0,27,13,0.0,0.0,0.0,0.0,0.0,0.0,1.0
60756,0,1,3400,-66,66,237,13,19,0.52,32192.000000,0,27,14,0.0,0.0,0.0,0.0,0.0,0.0,1.0
61005,0,1,3400,-66,66,238,14,19,0.57,48256.000000,0,27,14,0.0,0.0,0.0,0.0,0.0,0.0,1.0
61254,0,1,3400,-66,66,235,13,19,0.50,10816.000000,0,27,13,0.0,30688.000000,0,0.0,0.0,0.0,1.0
61503,0,1,3400,-66,66,231,13,19,0.58,63968.000000,0,27,9.5,0.0,0.0,0.0,0.0,0.0,0.0,1.0
61752,0,1,3400,-66,66,229,14,19,0.59,27040.000000,0,27,9.5,0.0,0.0,0.0,0.0,0.0,0.0,1.0
62001,0,1,3400,-65,65,231,13,19,0.50,47648.000000,0,27,9.5,0.0,0.0,0.0,0.0,0.0,0.0,1.0
62250,0,1,3400,-65,65,238,14,20,0.50,21120.000000,0,27,10,0.0,99776.000000,0,0.0,0.0,0.0,1.0
62499,0,1,3400,-65,65,234,12,20,0.50,58880.000000,0,27,12,0.0,0.0,0.0,0.0,0.0,0.0,1.0
62748,0,1,3400,-65,65,232,14,20,0.50,26624.000000,0,27,12,0.0,0.0,0.0,0.0,0.0,0.0,1.0
62997,0,1,3400,-65,65,229,13,20,0.50,21632.000000,0,27,13,0.0,17056.000000,0,0.0,0.0,0.0,1.0
63246,0,1,3400,-65,65,232,8.0,20,0.50,37664.000000,0,27,14,0.0,23488.000000,0,0.0,0.0,0.0,1.0
63495,0,1,3400,-65,65,236,10,20,0.50,37609.562500,0,27,13,0.0,0.0,0.0,0.0,0.0,0.0,1.0
63744,0,1,3400,-65,65,234,13,20,0.50,37856.000000,0,27,14,0.0,0.0,0.0,0.0,0.0,0.0,1.0
63993,0,1,3400,-65,65,231,13,20,0.50,54080.000000,0,27,14,0.0,0.0,0.0,0.0,0.0,0.0,1.0
64242,0,1,3400,-65,65,230,12,20,0.50,37344.000000,0,27,14,0.0,23488.000000,0,0.0,0.0,0.0,1.0
64491,0,1,3400,-65,65,232,14,20,0.65,38336.000000,0,27,14,0.0,0.0,0.0,0.0,0.0,0.0,1.0
64740,0,1,3400,-65,65,237,9.8,20,0.50,53888.000000,0,27,14,0.0,0.0,0.0,0.0,0.0,0.0,1.0
64989,0,1,3400,-65,65,235,4.4,20,0.50,33216.000000,0,27,14,0.0,0.0,0.0,0.0,0.0,0.0,1.0
65238,0,1,3400,-65,65,235,9.5,20,0.50,37760.000000,0,27,13,0.0,18368.000000,0,0.0,0.0,0.0,1.0
65487,0,1,3400,-65,65,235,14,20,0.76,21216.000000,0,27,12,0.0,0.0,0.0,0.0,0.0,0.0,1.0
65736,0,1,3400,-65,65,231,12,20,0.50,43168.000000,0,27,12,0.0,0.0,0.0,0.0,0.0,0.0,1.0
65985,0,1,3400,-65,65,228,12,19,0.50,32481.927734,0,27,12,0.0,0.0,0.0,0.0,0.0,0.0,1.0
66234,0,1,3400,-65,65,233,11,19,0.50,37856.000000,0,27,12,0.0,21952.000000,0,0.0,0.0,0.0,1.0
66483,0,1,3400,-66,66,234,11,19,0.50,21536.000000,0,27,12,0.0,0.0,0.0,0.0,0.0,0.0,1.0
66732,0,1,3400,-66,66,233,12,19,0.50,26560.000000,0,27,12,0.0,0.0,0.0,0.0,0.0,0.0,1.0
66981,0,1,3400,-66,66,226,11,19,0.52,32096.000000,0,27,12,0.0,0.0,0.0,0.0,0.0,0.0,1.0
67230,0,1,3400,-66,66,228,11,18,0.63,37760.000000,0,27,12,0.0,21952.000000,0,0.0,0.0,0.0,1.0
67479,0,1,3400,-67,67,229,13,18,0.50,48160.000000,0,27,13,0.0,0.0,0.0,0.0,0.0,0.0,1.0
67728,0,1,3400,-67,67,225,12,18,0.50,48608.000000,0,27,13,0.0,0.0,0.0,0.0,0.0,0.0,1.0
67977,0,1,3400,-67,67,223,13,18,0.50,21632.000000,0,27,13,0.0,0.0,0.0,0.0,0.0,0.0,1.0
68226,0,1,3400,-67,67,230,12,18,0.50,16128.000000,0,27,13,0.0,21952.000000,0,0.0,0.0,0.0,1.0
68475,0,1,3400,-67,67,236,13,18,0.50,54080.000000,0,27,12,0.0,0.0,0.0,0.0,0.0,0.0,1.0
68724,0,1,3400,-67,67,231,13,18,0.50,37856.000000,0,27,12,0.0,0.0,0.0,0.0,0.0,0.0,1.0
68973,0,1,3400,-66,66,230,12,19,0.50,26944.000000,0,27,12,0.0,0.0,0.0,0.0,0.0,0.0,1.0
69222,0,1,3400,-66,66,232,13,19,0.50,21632.000000,0,27,13,0.0,128448.000000,5,0.0,0.0,0.0,1.0
69471,0,1,3400,-66,66,236,12,19,0.50,53984.000000,0,27,14,0.0,0.0,0.0,0.0,0.0,0.0,1.0
69720,0,1,3400,-66,66,235,12,19,0.50,48480.000000,0,27,14,0.0,0.0,0.0,0.0,0.0,0.0,1.0
69969,0,1,3400,-66,66,232,12,19,0.55,37195.218750,0,27,14,0.0,0.0,0.0,0.0,0.0,0.0,1.0
70218,0,1,3400,-66,66,230,12,19,0.51,53792.000000,0,27,14,0.0,128448.000000,5,0.0,0.0,0.0,1.0
70467,0,1,3400,-66,66,233,12,19,0.50,37664.000000,0,27,14,0.0,0.0,0.0,0.0,0.0,0.0,1.0
70716,0,1,3400,-66,66,238,12,19,0.50,43168.000000,0,27,14,0.0,0.0,0.0,0.0,0.0,0.0,1.0
70965,0,1,3400,-65,65,232,13,19,0.50,59488.000000,0,27,14,0.0,0.0,0.0,0.0,0.0,0.0,1.0
71214,0,1,3400,-65,65,235,11,20,0.50,43072.000000,0,27,14,0.0,18368.000000,0,0.0,0.0,0.0,1.0
71463,0,1,3400,-65,65,236,11,20,0.50,21536.000000,0,27,13,0.0,0.0,0.0,0.0,0.0,0.0,1.0
71712,0,1,3400,-65,65,231,11,20,0.50,43008.000000,0,27,13,0.0,0.0,0.0,0.0,0.0,0.0,1.0
71961,0,1,3400,-65,65,232,13,20,0.50,43264.000000,0,27,13,0.0,0.0,0.0,0.0,0.0,0.0,1.0
72210,0,1,3400,-65,65,233,13,20,0.52,64546.183594,0,27,12,0.0,18441.767578,0,0.0,0.0,0.0,1.0
72459,0,1,3400,-65,65,237,13,20,0.50,32352.000000,0,27,12,0.0,0.0,0.0,0.0,0.0,0.0,1.0
72708,0,1,3400,-65,65,237,13,19,0.50,59488.000000,0,27,12,0.0,0.0,0.0,0.0,0.0,0.0,1.0
72957,0,1,3400,-65,65,238,13,20,0.50,10816.000000,0,27,12,0.0,0.0,0.0,0.0,0.0,0.0,1.0
73206,0,1,3400,-65,65,233,13,19,0.51,58656.000000,0,27,12,0.0,18368.000000,0,0.0,0.0,0.0,1.0
73455,0,1,3400,-66,66,231,13,19,0.50,16224.000000,0,27,12,0.0,0.0,0.0,0.0,0.0,0.0,1.0
73704,0,1,3400,-66,66,231,13,19,0.50,26784.000000,0,27,12,0.0,0.0,0.0,0.0,0.0,0.0,1.0
73953,0,1,3400,-65,65,237,13,19,0.56,75520.000000,0,27,12,0.0,0.0,0.0,0.0,0.0,0.0,1.0
74202,0,1,3400,-65,65,244,13,20,0.50,21632.000000,0,27,12,0.0,101696.000000,0,0.0,0.0,0.0,1.0
74451,0,1,3400,-65,65,239,13,20,0.50,54336.000000,0,27,12,0.0,0.0,0.0,0.0,0.0,0.0,1.0
74700,0,1,3400,-65,65,232,7.2,20,0.50,21824.000000,0,27,12,0.0,0.0,0.0,0.0,0.0,0.0,1.0
74949,0,1,3400,-65,65,223,11,20,0.50,26944.000000,0,27,12,0.0,0.0,0.0,0.0,0.0,0.0,1.0
75198,0,1,3400,-65,65,224,12,19,0.50,64288.000000,0,27,11,0.0,13632.000000,0,0.0,0.0,0.0,1.0
75447,0,1,3400,-66,66,228,10,19,0.65,21440.000000,0,27,9.5,0.0,0.0,0.0,0.0,0.0,0.0,1.0
75696,0,1,3400,-66,66,229,12,19,0.52,70112.000000,0,27,9.5,0.0,0.0,0.0,0.0,0.0,0.0,1.0
75945,0,1,3400,-66,66,234,13,19,0.50,32448.000000,0,27,9.5,0.0,0.0,0.0,0.0,0.0,0.0,1.0
76194,0,1,3400,-66,66,242,13,19,0.50,27040.000000,0,27,9.9,0.0,15808.000000,0,0.0,0.0,0.0,1.0
76443,0,1,3400,-66,66,233,7.7,19,0.50,32605.578125,0,27,11,0.0,0.0,0.0,0.0,0.0,0.0,1.0
76692,0,1,3400,-66,66,236,11,19,0.50,65280.000000,0,27,10,0.0,0.0,0.0,0.0,0.0,0.0,1.0
76941,0,1,3400,-65,65,234,13,19,0.57,26944.000000,0,27,10,0.0,0.0,0.0,0.0,0.0,0.0,1.0
77190,0,1,3400,-65,65,234,12,20,0.50,32672.000000,0,27,8.0,0.0,8928.000000,0,0.0,0.0,0.0,1.0
77439,0,1,3400,-65,65,231,13,20,0.50,43168.000000,0,27,6.0,0.0,0.0,0.0,0.0,0.0,0.0,1.0
77688,0,1,3400,-65,65,233,13,20,0.50,27040.000000,0,27,6.0,0.0,0.0,0.0,0.0,0.0,0.0,1.0
77937,0,1,3400,-65,65,231,13,20,0.50,31936.000000,0,27,6.0,0.0,0.0,0.0,0.0,0.0,0.0,1.0
78186,0,1,3400,-65,65,229,12,20,0.50,32352.000000,0,27,7.7,0.0,15808.000000,0,0.0,0.0,0.0,1.0
78435,0,1,3400,-65,65,231,12,20,0.50,37760.000000,0,27,10,0.0,0.0,0.0,0.0,0.0,0.0,1.0
78684,0,1,3400,-65,65,227,13,20,0.64,53664.000000,0,27,10,0.0,0.0,0.0,0.0,0.0,0.0,1.0
78933,0,1,3400,-65,65,233,13,20,0.50,70489.960938,0,27,10,0.0,0.0,0.0,0.0,0.0,0.0,1.0
79182,0,1,3400,-65,65,234,17,20,0.86,21120.000000,0,27,11,0.0,15808.000000,0,0.0,0.0,0.0,1.0
79431,0,1,3400,-65,65,231,11,20,0.51,16128.000000,0,27,12,0.0,0.0,0.0,0.0,0.0,0.0,1.0
79680,0,1,3400,-65,65,227,13,20,0.61,37440.000000,0,27,12,0.0,0.0,0.0,0.0,0.0,0.0,1.0
79929,0,1,3400,-65,65,226,12,20,0.50,64704.000000,0,27,12,0.0,0.0,0.0,0.0,0.0,0.0,1.0
80178,0,1,3400,-65,65,228,13,20,0.50,43264.000000,0,27,11,0.0,15808.000000,0,0.0,0.0,0.0,1.0
80427,0,1,3400,-65,65,228,13,20,0.50,48576.000000,0,27,10,0.0,0.0,0.0,0.0,0.0,0.0,1.0
80676,0,1,3400,-65,65,228,13,20,0.50,32448.000000,0,27,10,0.0,0.0,0.0,0.0,0.0,0.0,1.0
80925,0,1,3400,-64,64,232,13,21,0.50,10816.000000,0,27,10,0.0,0.0,0.0,0.0,0.0,0.0,1.0
81174,0,1,3400,-64,64,239,13,21,0.50,37248.000000,0,27,11,0.0,16320.000000,0,0.0,0.0,0.0,1.0
81423,0,1,3400,-64,64,235,12,21,0.50,59392.000000,0,27,11,0.0,0.0,0.0,0.0,0.0,0.0,1.0
81672,0,1,3400,-64,64,231,12,21,0.55,48224.000000,0,27,11,0.0,0.0,0.0,0.0,0.0,0.0,1.0
81921,0,1,3400,-63,63,233,15,21,0.62,41824.000000,0,27,11,0.0,0.0,0.0,0.0,0.0,0.0,1.0
82170,0,1,3400,-63,63,232,16,21,0.61,51680.000000,0,27,11,0.0,15808.000000,0,0.0,0.0,0.0,1.0
82419,0,1,3400,-63,63,233,13,22,0.58,42144.000000,0,27,10,0.0,0.0,0.0,0.0,0.0,0.0,1.0
82668,0,1,3400,-63,63,234,15,21,0.64,36224.000000,0,27,10,0.0,0.0,0.0,0.0,0.0,0.0,1.0
82917,0,1,3400,-63,63,232,15,22,0.55,31362.548828,0,27,11,0.0,0.0,0.0,0.0,0.0,0.0,1.0
83166,0,1,3400,-63,63,224,18,22,0.58,56672.000000,0,27,11,0.0,15808.000000,0,0.0,0.0,0.0,1.0
83415,0,1,3400,-63,63,230,18,22,0.58,25760.000000,0,27,12,0.0,0.0,0.0,0.0,0.0,0.0,1.0
83664,0,1,3400,-63,63,233,15,22,0.53,36384.000000,0,27,12,0.0,0.0,0.0,0.0,0.0,0.0,1.0
83913,0,1,3400,-63,63,234,16,21,0.51,41376.000000,0,27,12,0.0,0.0,0.0,0.0,0.0,0.0,1.0
84162,0,1,3400,-63,63,233,18,21,0.61,41472.000000,0,27,11,0.0,15808.000000,0,0.0,0.0,0.0,1.0
84411,0,1,3400,-63,63,231,17,21,0.65,56992.000000,0,27,10,0.0,0.0,0.0,0.0,0.0,0.0,1.0
84660,0,1,3400,-63,63,239,16,22,0.51,21248.000000,0,27,10,0.0,0.0,0.0,0.0,0.0,0.0,1.0
84909,0,1,3400,-62,62,239,13,21,0.51,63008.000000,0,27,10,0.0,0.0,0.0,0.0,0.0,0.0,1.0
85158,0,1,3400,-62,62,231,16,22,0.50,30912.000000,0,27,10,0.0,15808.000000,0,0.0,0.0,0.0,1.0
85407,0,1,3400,-62,62,233,17,22,0.58,31196.787109,0,27,10,0.0,0.0,0.0,0.0,0.0,0.0,1.0
85656,0,1,3400,-62,62,234,15,22,0.57,43168.000000,0,27,10,0.0,0.0,0.0,0.0,0.0,0.0,1.0
85905,0,1,3400,-62,62,235,16,22,0.57,31232.000000,0,27,10,0.0,0.0,0.0,0.0,0.0,0.0,1.0
86154,0,1,3400,-62,62,233,17,22,0.60,41376.000000,0,27,11,0.0,101440.000000,0,0.0,0.0,0.0,1.0
86403,0,1,3400,-62,62,232,16,22,0.56,62144.000000,0,27,12,0.0,0.0,0.0,0.0,0.0,0.0,1.0
86652,0,1,3400,-62,62,228,17,23,0.50,36384.000000,0,27,12,0.0,0.0,0.0,0.0,0.0,0.0,1.0
86901,0,1,3400,-61,61,231,18,22,0.53,66944.000000,0,27,12,0.0,0.0,0.0,0.0,0.0,0.0,1.0
87150,0,1,3400,-61,61,238,16,22,0.50,52000.000000,0,27,10,0.0,16064.000000,0,0.0,0.0,0.0,1.0
87399,0,1,3400,-61,61,238,17,22,0.50,46528.000000,0,27,8.5,0.0,0.0,0.0,0.0,0.0,0.0,1.0
87648,0,1,3400,-61,61,238,13,22,0.50,33312.000000,0,27,8.5,0.0,0.0,0.0,0.0,0.0,0.0,1.0
87897,0,1,3400,-61,61,238,18,22,0.50,30912.000000,0,27,8.5,0.0,0.0,0.0,0.0,0.0,0.0,1.0
88146,0,1,3400,-61,61,235,18,22,0.50,36064.000000,0,27,9.4,0.0,18624.000000,0,0.0,0.0,0.0,1.0
88395,0,1,3400,-61,61,233,15,22,0.50,47104.000000,0,27,10,0.0,0.0,0.0,0.0,0.0,0.0,1.0
88644,0,1,3400,-61,61,225,17,22,0.50,36480.000000,0,27,10,0.0,0.0,0.0,0.0,0.0,0.0,1.0
88893,0,1,3400,-61,61,229,16,22,0.50,36736.000000,0,27,10,0.0,0.0,0.0,0.0,0.0,0.0,1.0
89142,0,1,3400,-61,61,232,11,22,0.50,38592.000000,0,27,8.5,0.0,9056.000000,0,0.0,0.0,0.0,1.0
89391,0,1,3400,-61,61,234,18,22,0.50,30948.207031,0,27,7.4,0.0,0.0,0.0,0.0,0.0,0.0,1.0
89640,0,1,3400,-61,61,229,17,22,0.55,46368.000000,0,27,7.5,0.0,0.0,0.0,0.0,0.0,0.0,1.0
89889,0,1,3400,-61,61,227,15,22,0.50,31072.000000,0,27,7.5,0.0,0.0,0.0,0.0,0.0,0.0,1.0
90138,0,1,3400,-61,61,234,14,22,0.50,15616.000000,0,27,8.9,0.0,18624.000000,0,0.0,0.0,0.0,1.0
90387,0,1,3400,-61,61,229,17,22,0.50,36064.000000,0,27,10,0.0,0.0,0.0,0.0,0.0,0.0,1.0
90636,0,1,3400,-61,61,227,18,22,0.50,41600.000000,0,27,10,0.0,0.0,0.0,0.0,0.0,0.0,1.0
90885,0,1,3400,-61,61,232,15,22,0.50,53824.000000,0,27,10,0.0,0.0,0.0,0.0,0.0,0.0,1.0
91134,0,1,3400,-61,61,232,17,22,0.50,20608.000000,0,27,9.0,0.0,9056.000000,0,0.0,0.0,0.0,1.0
91383,0,1,3400,-61,61,233,15,22,0.51,67296.000000,0,27,7.5,0.0,0.0,0.0,0.0,0.0,0.0,1.0
91632,0,1,3400,-61,61,237,16,22,0.50,36320.000000,0,27,7.5,0.0,0.0,0.0,0.0,0.0,0.0,1.0
91881,0,1,3400,-61,61,237,16,22,0.50,36530.121094,0,27,7.5,0.0,0.0,0.0,0.0,0.0,0.0,1.0
92130,0,1,3400,-61,61,233,18,22,0.50,25760.000000,0,27,4.3,0.0,9152.000000,0,0.0,0.0,0.0,1.0
92379,0,1,3400,-61,61,236,17,22,0.50,36384.000000,0,27,1.5,0.0,0.0,0.0,0.0,0.0,0.0,1.0
92628,0,1,3400,-61,61,235,16,22,0.50,25760.000000,0,27,1.5,0.0,0.0,0.0,0.0,0.0,0.0,1.0
92877,0,1,3400,-61,61,233,16,22,0.50,36224.000000,0,27,1.5,0.0,0.0,0.0,0.0,0.0,0.0,1.0
93126,0,1,3400,-61,61,233,18,22,0.50,30912.000000,0,27,5.1,0.0,0.0,80,0.0,0.0,0.0,1.0
93375,0,1,3400,-62,62,228,17,21,0.50,31072.000000,0,27,8.0,0.0,0.0,0.0,0.0,0.0,0.0,1.0
93624,0,1,3400,-62,62,229,14,21,0.50,52256.000000,0,27,8.0,0.0,0.0,0.0,0.0,0.0,0.0,1.0
93873,0,1,3400,-61,61,228,12,21,0.50,41792.000000,0,27,8.0,0.0,0.0,0.0,0.0,0.0,0.0,1.0
94122,0,1,3400,-61,61,228,15,22,0.50,41632.000000,0,27,11,0.0,46080.000000,7,0.0,0.0,0.0,1.0
94371,0,1,3400,-61,61,229,18,22,0.50,25760.000000,0,27,14,0.0,0.0,0.0,0.0,0.0,0.0,1.0
94620,0,1,3400,-61,61,237,15,22,0.50,41792.000000,0,27,14,0.0,0.0,0.0,0.0,0.0,0.0,1.0
94869,0,1,3400,-60,60,234,14,22,0.50,31840.000000,0,27,14,0.0,0.0,0.0,0.0,0.0,0.0,1.0
95118,0,1,3400,-60,60,232,17,23,0.50,56672.000000,0,27,7.5,0.0,9152.000000,0,0.0,0.0,0.0,1.0
95367,0,1,3400,-60,60,234,16,23,0.50,41376.000000,0,27,1.5,0.0,0.0,0.0,0.0,0.0,0.0,1.0
95616,0,1,3400,-60,60,232,10,23,0.50,47264.000000,0,27,1.5,0.0,0.0,0.0,0.0,0.0,0.0,1.0
95865,0,1,3400,-59,59,232,16,23,0.50,56605.578125,0,27,1.5,0.0,0.0,0.0,0.0,0.0,0.0,1.0
96114,0,1,3400,-59,59,226,14,23,0.50,43424.000000,0,27,1.7,0.0,15936.000000,0,0.0,0.0,0.0,1.0
96363,0,1,3400,-59,59,223,16,24,0.50,41376.000000,0,27,1.5,0.0,0.0,0.0,0.0,0.0,0.0,1.0
96612,0,1,3400,-59,59,227,17,24,0.50,46784.000000,0,27,1.5,0.0,0.0,0.0,0.0,0.0,0.0,1.0
96861,0,1,3400,-59,59,233,17,24,0.50,77856.000000,0,27,1.5,0.0,0.0,0.0,0.0,0.0,0.0,1.0
97110,0,1,3400,-59,59,235,18,23,0.50,57312.000000,0,27,2.7,0.0,15904.000000,0,0.0,0.0,0.0,1.0
97359,0,1,3400,-59,59,233,14,24,0.50,36384.000000,0,27,3.5,0.0,0.0,0.0,0.0,0.0,0.0,1.0
97608,0,1,3400,-59,59,231,13,24,0.50,43296.000000,0,27,3.5,0.0,0.0,0.0,0.0,0.0,0.0,1.0
97857,0,1,3400,-59,59,229,17,24,0.50,15456.000000,0,27,3.5,0.0,0.0,0.0,0.0,0.0,0.0,1.0
98106,0,1,3400,-60,60,225,18,23,0.50,30912.000000,0,27,3.6,0.0,13728.000000,0,0.0,0.0,0.0,1.0
98355,0,1,3400,-60,60,227,10,23,0.50,34248.996094,0,27,3.5,0.0,0.0,0.0,0.0,0.0,0.0,1.0
98604,0,1,3400,-60,60,239,13,23,0.50,36832.000000,0,27,3.5,0.0,0.0,0.0,0.0,0.0,0.0,1.0
98853,0,1,3400,-60,60,233,16,23,0.50,52448.000000,0,27,3.5,0.0,0.0,0.0,0.0,0.0,0.0,1.0
99102,0,1,3400,-60,60,237,8.7,22,0.50,21280.000000,0,27,3.4,0.0,9152.000000,0,0.0,0.0,0.0,1.0
99351,0,1,3400,-61,61,236,13,22,0.50,62944.000000,0,27,1.5,0.0,0.0,0.0,0.0,0.0,0.0,1.0
99600,0,1,3400,-61,61,230,11,22,0.50,39136.000000,0,27,1.5,0.0,0.0,0.0,0.0,0.0,0.0,1.0
99849,0,1,3400,-61,61,227,9.4,22,0.50,32960.000000,0,27,1.5,0.0,0.0,0.0,0.0,0.0,0.0,1.0
100098,0,1,3400,-61,61,231,9.8,22,0.50,43808.000000,0,27,1.5,0.0,9152.000000,0,0.0,0.0,0.0,1.0
100347,0,1,3400,-61,61,229,12,22,0.50,26912.000000,0,27,1.5,0.0,0.0,0.0,0.0,0.0,0.0,1.0
100596,0,1,3400,-61,61,229,13,22,0.50,46624.000000,0,27,1.5,0.0,0.0,0.0,0.0,0.0,0.0,1.0
100845,0,1,3400,-61,61,227,18,22,0.52,36064.000000,0,27,1.5,0.0,0.0,0.0,0.0,0.0,0.0,1.0
101094,0,1,3400,-61,61,229,15,21,0.51,41760.000000,0,27,3.1,0.0,23584.000000,25,0.0,0.0,0.0,1.0
101343,0,1,3400,-62,62,235,18,21,0.50,30912.000000,0,27,3.5,0.0,0.0,0.0,0.0,0.0,0.0,1.0
101592,0,1,3400,-62,62,234,11,21,0.50,54688.000000,0,27,3.5,0.0,0.0,0.0,0.0,0.0,0.0,1.0
101841,0,1,3400,-62,62,230,10,21,0.50,26848.000000,0,27,3.5,0.0,0.0,0.0,0.0,0.0,0.0,1.0
102090,0,1,3400,-62,62,227,13,21,0.50,37760.000000,0,27,2.5,0.0,13696.000000,0,0.0,0.0,0.0,1.0
102339,0,1,3400,-62,62,233,13,21,0.50,15776.000000,0,27,1.5,0.0,0.0,0.0,0.0,0.0,0.0,1.0
102588,0,1,3400,-62,62,238,6.3,21,0.50,29737.052734,0,27,1.5,0.0,0.0,0.0,0.0,0.0,0.0,1.0
102837,0,1,3400,-61,61,232,16,21,0.50,42144.000000,0,27,1.5,0.0,0.0,0.0,0.0,0.0,0.0,1.0
103086,0,1,3400,-61,61,234,11,22,0.50,26816.000000,0,27,1.7,0.0,15936.000000,0,0.0,0.0,0.0,1.0
103335,0,1,3400,-61,61,237,11,22,0.50,22112.000000,0,27,1.5,0.0,0.0,0.0,0.0,0.0,0.0,1.0
103584,0,1,3400,-61,61,238,7.5,22,0.50,10528.000000,0,27,1.5,0.0,0.0,0.0,0.0,0.0,0.0,1.0
103833,0,1,3400,-61,61,230,14,21,0.50,36480.000000,0,27,1.5,0.0,0.0,0.0,0.0,0.0,0.0,1.0
104082,0,1,3400,-61,61,229,10,21,0.50,28672.000000,0,27,1.3,0.0,11232.000000,0,0.0,0.0,0.0,1.0
104331,0,1,3400,-62,62,231,12,21,0.50,42987.953125,0,27,0.0,0.0,0.0,0.0,0.0,0.0,0.0,1.0
104580,0,1,3400,-62,62,236,10,21,0.50,26486.056641,0,27,0.0,0.0,0.0,0.0,0.0,0.0,0.0,1.0
104829,0,1,3400,-62,62,239,15,20,0.57,62560.000000,0,27,0.0,0.0,0.0,0.0,0.0,0.0,0.0,1.0
105078,0,1,3400,-62,62,237,3.9,21,0.50,50336.000000,0,27,0.42,0.0,12288.000000,0,0.0,0.0,0.0,1.0
105327,0,1,3400,-62,62,237,7.4,21,0.50,37558.234375,0,27,0.99,0.0,0.0,0.0,0.0,0.0,0.0,1.0
105576,0,1,3400,-62,62,233,12,21,0.50,42368.000000,0,27,1.0,0.0,0.0,0.0,0.0,0.0,0.0,1.0
105825,0,1,3400,-62,62,234,8.1,21,0.50,38720.000000,0,27,0.99,0.0,0.0,0.0,0.0,0.0,0.0,1.0
106074,0,1,3400,-62,62,233,13,21,0.50,55648.000000,0,27,2.6,0.0,27232.000000,0,0.0,0.0,0.0,1.0
106323,0,1,3400,-62,62,226,12,21,0.50,31872.000000,0,27,4.5,0.0,0.0,0.0,0.0,0.0,0.0,1.0
106572,0,1,3400,-62,62,228,14,21,0.50,25760.000000,0,27,4.5,0.0,0.0,0.0,0.0,0.0,0.0,1.0
106821,0,1,3400,-62,62,227,13,21,0.50,32896.000000,0,27,4.5,0.0,0.0,0.0,0.0,0.0,0.0,1.0
107070,0,1,3400,-62,62,232,12,21,0.53,33440.000000,0,27,3.1,0.0,22848.000000,0,0.0,0.0,0.0,1.0
107319,0,1,3400,-62,62,231,6.9,21,0.50,43552.000000,0,27,2.0,0.0,0.0,0.0,0.0,0.0,0.0,1.0
107568,0,1,3400,-62,62,228,13,21,0.50,48192.000000,0,27,2.0,0.0,0.0,0.0,0.0,0.0,0.0,1.0
107817,0,1,3400,-62,62,231,14,21,0.50,52448.000000,0,27,2.0,0.0,0.0,0.0,0.0,0.0,0.0,1.0
108066,0,1,3400,-62,62,231,14,20,0.50,65088.000000,0,27,2.6,0.0,26848.000000,0,0.0,0.0,0.0,1.0
108315,0,1,3400,-62,62,235,6.4,20,0.50,62496.000000,0,27,4.5,0.0,0.0,0.0,0.0,0.0,0.0,1.0
108564,0,1,3400,-62,62,235,13,21,0.50,31648.000000,0,27,4.5,0.0,0.0,0.0,0.0,0.0,0.0,1.0
108813,0,1,3400,-62,62,229,17,21,0.54,41216.000000,0,27,4.5,0.0,0.0,0.0,0.0,0.0,0.0,1.0
109062,0,1,3400,-62,62,228,12,20,0.55,58932.269531,0,27,3.1,0.0,18422.310547,11,0.0,0.0,0.0,1.0
109311,0,1,3400,-62,62,229,12,20,0.50,81504.000000,0,27,1.5,0.0,0.0,0.0,0.0,0.0,0.0,1.0
109560,0,1,3400,-62,62,229,11,20,0.50,32032.000000,0,27,1.5,0.0,0.0,0.0,0.0,0.0,0.0,1.0
109809,0,1,3400,-62,62,237,16,20,0.50,47040.000000,0,27,1.5,0.0,0.0,0.0,0.0,0.0,0.0,1.0
110058,0,1,3400,-62,62,234,16,20,0.50,51232.000000,0,27,0.76,0.0,11456.000000,0,0.0,0.0,0.0,1.0
110307,0,1,3400,-62,62,232,9.8,20,0.50,49600.000000,0,27,0.0,0.0,0.0,0.0,0.0,0.0,0.0,1.0
110556,0,1,3400,-62,62,233,13,20,0.50,36480.000000,0,27,0.0,0.0,0.0,0.0,0.0,0.0,0.0,1.0
110805,0,1,3400,-62,62,236,13,20,0.50,46944.000000,0,27,0.0,0.0,0.0,0.0,0.0,0.0,0.0,1.0
111054,0,1,3400,-62,62,232,13,20,0.50,69312.000000,0,27,0.52,0.0,15232.000000,0,0.0,0.0,0.0,1.0
111303,0,1,3400,-62,62,228,14,20,0.50,26024.095703,0,27,1.0,0.0,0.0,0.0,0.0,0.0,0.0,1.0
111552,0,1,3400,-62,62,227,14,20,0.50,36992.000000,0,27,1.0,0.0,0.0,0.0,0.0,0.0,0.0,1.0
111801,0,1,3400,-62,62,235,12,20,0.57,48832.000000,0,27,0.99,0.0,0.0,0.0,0.0,0.0,0.0,1.0
112050,0,1,3400,-62,62,231,10,20,0.80,42272.000000,6,27,1.3,0.0,14336.000000,0,0.0,0.0,0.0,1.0
112299,0,1,3400,-63,63,235,16,19,0.53,57152.000000,0,27,2.0,0.0,0.0,0.0,0.0,0.0,0.0,1.0
112548,0,1,3400,-63,63,234,12,19,0.50,42592.000000,0,27,2.0,0.0,0.0,0.0,0.0,0.0,0.0,1.0
112797,0,1,3400,-63,63,241,11,19,0.50,27520.000000,0,27,2.0,0.0,0.0,0.0,0.0,0.0,0.0,1.0
113046,0,1,3400,-63,63,234,9.4,19,0.50,64320.000000,0,27,1.8,0.0,9152.000000,0,0.0,0.0,0.0,1.0
113295,0,1,3400,-63,63,227,11,19,0.50,53568.000000,0,27,1.5,0.0,0.0,0.0,0.0,0.0,0.0,1.0
113544,0,1,3400,-63,63,229,11,19,0.50,32512.000000,0,27,1.5,0.0,0.0,0.0,0.0,0.0,0.0,1.0
113793,0,1,3400,-62,62,229,9.6,19,0.50,50912.000000,0,27,1.5,0.0,0.0,0.0,0.0,0.0,0.0,1.0
114042,0,1,3400,-62,62,234,16,20,0.56,20608.000000,0,27,1.5,0.0,9152.000000,0,0.0,0.0,0.0,1.0
114291,0,1,3400,-62,62,237,16,20,0.67,36224.000000,0,27,1.5,0.0,0.0,0.0,0.0,0.0,0.0,1.0
114540,0,1,3400,-62,62,235,16,20,0.58,26176.000000,0,27,1.5,0.0,0.0,0.0,0.0,0.0,0.0,1.0
114789,0,1,3400,-62,62,230,7.3,20,0.50,55552.000000,0,27,1.5,0.0,0.0,0.0,0.0,0.0,0.0,1.0
115038,0,1,3400,-62,62,228,9.0,20,0.50,31744.000000,0,27,1.2,0.0,17280.000000,0,0.0,0.0,0.0,1.0
115287,0,1,3400,-62,62,227,16,20,0.50,57472.000000,0,27,1.0,0.0,0.0,0.0,0.0,0.0,0.0,1.0
115536,0,1,3400,-62,62,228,15,20,0.53,62183.265625,0,27,1.0,0.0,0.0,0.0,0.0,0.0,0.0,1.0
115785,0,1,3400,-62,62,233,16,20,0.50,52896.000000,0,27,1.0,0.0,0.0,0.0,0.0,0.0,0.0,1.0
116034,0,1,3400,-62,62,235,11,20,0.50,32064.000000,0,27,1.5,0.0,18144.000000,0,0.0,0.0,0.0,1.0
116283,0,1,3400,-62,62,234,5.5,20,0.50,32896.000000,0,27,2.0,0.0,0.0,0.0,0.0,0.0,0.0,1.0
116532,0,1,3400,-62,62,230,18,20,0.50,25760.000000,0,27,2.0,0.0,0.0,0.0,0.0,0.0,0.0,1.0
116781,0,1,3400,-62,62,226,15,20,0.50,68416.000000,0,27,2.0,0.0,0.0,0.0,0.0,0.0,0.0,1.0
117030,0,1,3400,-62,62,229,8.6,20,0.50,38368.000000,0,27,2.4,0.0,19072.000000,0,0.0,0.0,0.0,1.0
117279,0,1,3400,-62,62,233,8.8,20,0.50,35244.980469,0,27,4.5,0.0,0.0,0.0,0.0,0.0,0.0,1.0
117528,0,1,3400,-62,62,229,12,20,0.50,34486.054688,0,27,4.5,0.0,0.0,0.0,0.0,0.0,0.0,1.0
117777,0,1,3400,-62,62,233,9.7,20,0.50,27823.292969,0,27,4.5,0.0,0.0,0.0,0.0,0.0,0.0,1.0
118026,0,1,3400,-62,62,232,9.3,20,0.50,16800.000000,0,27,2.7,0.0,12288.000000,0,0.0,0.0,0.0,1.0
118275,0,1,3400,-62,62,236,13,20,0.50,32672.000000,0,27,1.0,0.0,0.0,0.0,0.0,0.0,0.0,1.0
118524,0,1,3400,-62,62,237,17,21,0.50,10720.000000,0,27,0.99,0.0,0.0,0.0,0.0,0.0,0.0,1.0
118773,0,1,3400,-62,62,232,11,20,0.50,67584.000000,0,27,0.98,0.0,0.0,0.0,0.0,0.0,0.0,1.0
119022,0,1,3400,-62,62,228,11,20,0.50,21856.000000,0,27,1.2,0.0,7456.000000,0,0.0,0.0,0.0,1.0
119271,0,1,3400,-62,62,227,12,20,0.50,43648.000000,0,27,2.0,0.0,19648.000000,0,0.0,0.0,0.0,1.0
119520,0,1,3400,-62,62,230,11,20,0.50,53888.000000,0,27,2.0,0.0,0.0,0.0,0.0,0.0,0.0,1.0
119769,0,1,3400,-62,62,230,11,20,0.50,52576.000000,0,27,2.0,0.0,0.0,0.0,0.0,0.0,0.0,1.0
120018,0,1,3400,-62,62,235,10,20,0.53,41696.000000,0,27,1.7,0.0,11744.000000,0,0.0,0.0,0.0,1.0
120267,0,1,3400,-62,62,233,11,20,0.57,27008.000000,0,27,1.5,0.0,0.0,0.0,0.0,0.0,0.0,1.0
120516,0,1,3400,-62,62,226,6.6,20,0.50,5504.000000,0,27,1.5,0.0,0.0,0.0,0.0,0.0,0.0,1.0
120765,0,1,3400,-61,61,234,11,21,0.50,89632.000000,0,27,1.5,0.0,0.0,0.0,0.0,0.0,0.0,1.0
121014,0,1,3400,-61,61,239,17,21,0.52,37504.000000,0,27,1.5,0.0,11744.000000,0,0.0,0.0,0.0,1.0
121263,0,1,3400,-61,61,233,11,21,0.50,43936.000000,0,27,1.5,0.0,0.0,0.0,0.0,0.0,0.0,1.0
121512,0,1,3400,-61,61,237,15,21,0.56,53408.000000,0,27,1.5,0.0,0.0,0.0,0.0,0.0,0.0,1.0
121761,0,1,3400,-60,60,234,11,22,0.50,54528.000000,0,27,1.5,0.0,0.0,0.0,0.0,0.0,0.0,1.0
122010,0,1,3400,-60,60,228,12,22,0.50,48988.046875,0,27,2.3,0.0,13003.984375,0,0.0,0.0,0.0,1.0
122259,0,1,3400,-60,60,234,14,22,0.50,26816.000000,0,27,3.5,0.0,0.0,0.0,0.0,0.0,0.0,1.0
122508,0,1,3400,-60,60,229,14,22,0.50,60352.000000,0,27,3.5,0.0,0.0,0.0,0.0,0.0,0.0,1.0
122757,0,1,3400,-60,60,231,15,22,0.50,37600.000000,0,27,3.5,0.0,0.0,0.0,0.0,0.0,0.0,1.0
123006,0,1,3400,-60,60,224,18,22,0.50,26592.000000,0,27,3.5,0.0,21856.000000,0,0.0,0.0,0.0,1.0
123255,0,1,3400,-60,60,226,17,22,0.50,42976.000000,0,27,4.0,0.0,0.0,0.0,0.0,0.0,0.0,1.0
123504,0,1,3400,-60,60,230,19,22,0.50,15936.000000,0,27,4.0,0.0,0.0,0.0,0.0,0.0,0.0,1.0
123753,0,1,3400,-60,60,233,18,22,0.50,21333.333984,0,27,4.0,0.0,0.0,0.0,0.0,0.0,0.0,1.0
124002,0,1,3400,-60,60,234,17,22,0.50,64352.000000,0,27,3.9,0.0,8800.000000,0,0.0,0.0,0.0,1.0
124251,0,1,3400,-60,60,234,13,22,0.50,47392.000000,0,27,3.5,0.0,0.0,0.0,0.0,0.0,0.0,1.0
124500,0,1,3400,-60,60,233,7.6,22,0.50,24032.000000,0,27,3.5,0.0,0.0,0.0,0.0,0.0,0.0,1.0
124749,0,1,3400,-59,59,228,15,22,0.50,21344.000000,0,27,3.5,0.0,0.0,0.0,0.0,0.0,0.0,1.0
124998,0,1,3400,-59,59,229,14,23,0.50,54144.000000,0,27,2.9,0.0,14336.000000,0,0.0,0.0,0.0,1.0
125247,0,1,3400,-59,59,229,16,23,0.50,17824.000000,0,27,2.0,0.0,0.0,0.0,0.0,0.0,0.0,1.0
125496,0,1,3400,-59,59,233,14,23,0.50,32160.000000,0,27,2.0,0.0,0.0,0.0,0.0,0.0,0.0,1.0
125745,0,1,3400,-59,59,229,11,23,0.50,28608.000000,0,27,2.0,0.0,0.0,0.0,0.0,0.0,0.0,1.0
125994,0,1,3400,-59,59,228,12,23,0.50,42304.000000,0,27,1.4,0.0,15072.000000,0,0.0,0.0,0.0,1.0
126243,0,1,3400,-59,59,233,15,23,0.50,37280.000000,0,27,1.0,0.0,0.0,0.0,0.0,0.0,0.0,1.0
126492,0,1,3400,-59,59,231,16,23,0.50,62048.000000,0,27,1.0,0.0,0.0,0.0,0.0,0.0,0.0,1.0
126741,0,1,3400,-58,58,237,16,23,0.50,37376.000000,0,27,1.0,0.0,0.0,0.0,0.0,0.0,0.0,1.0
126990,0,1,3400,-58,58,230,12,23,0.50,34784.000000,0,27,1.0,0.0,15072.000000,0,0.0,0.0,0.0,1.0
127239,0,1,3400,-58,58,228,11,24,0.50,61824.000000,0,27,1.0,0.0,0.0,0.0,0.0,0.0,0.0,1.0
127488,0,1,3400,-58,58,234,16,24,0.50,61472.000000,0,27,1.0,0.0,0.0,0.0,0.0,0.0,0.0,1.0
127737,0,1,3400,-57,57,232,17,24,0.50,39264.000000,0,27,1.0,0.0,0.0,0.0,0.0,0.0,0.0,1.0
127986,0,1,3400,-57,57,228,9.7,24,0.50,57504.000000,0,27,1.5,0.0,40032.000000,0,0.0,0.0,0.0,1.0
128235,0,1,3400,-57,57,228,16,24,0.50,28064.000000,0,27,4.5,0.0,0.0,0.0,0.0,0.0,0.0,1.0
128484,0,1,3400,-57,57,232,11,25,0.50,34772.910156,0,27,4.5,0.0,0.0,0.0,0.0,0.0,0.0,1.0
128733,0,1,3400,-57,57,229,7.1,25,0.50,39136.000000,0,27,4.5,0.0,0.0,0.0,0.0,0.0,0.0,1.0
128982,0,1,3400,-57,57,228,11,24,0.50,45504.000000,0,27,4.1,0.0,15360.000000,0,0.0,0.0,0.0,1.0
129231,0,1,3400,-57,57,229,12,24,0.51,48928.000000,0,27,2.0,0.0,0.0,0.0,0.0,0.0,0.0,1.0
129480,0,1,3400,-57,57,236,13,24,0.51,78688.000000,0,27,2.0,0.0,0.0,0.0,0.0,0.0,0.0,1.0
129729,0,1,3400,-57,57,235,9.5,24,0.50,35328.000000,0,27,2.0,0.0,0.0,0.0,0.0,0.0,0.0,1.0
129978,0,1,3400,-58,58,229,11,24,0.50,58464.000000,0,27,2.8,0.0,8800.000000,0,0.0,0.0,0.0,1.0
130227,0,1,3400,-58,58,228,12,24,0.60,58987.953125,0,27,3.5,0.0,0.0,0.0,0.0,0.0,0.0,1.0
130476,0,1,3400,-58,58,231,13,23,0.50,38151.394531,0,27,3.5,0.0,0.0,0.0,0.0,0.0,0.0,1.0
130725,0,1,3400,-57,57,232,13,24,0.50,46586.343750,0,27,3.5,0.0,0.0,0.0,0.0,0.0,0.0,1.0
130974,0,1,3400,-57,57,230,10,24,0.50,31392.000000,0,27,2.6,0.0,14880.000000,0,0.0,0.0,0.0,1.0
131223,0,1,3400,-57,57,231,14,24,0.50,43232.000000,0,27,1.0,0.0,0.0,0.0,0.0,0.0,0.0,1.0
131472,0,1,3400,-57,57,232,13,24,0.50,53760.000000,0,27,0.98,0.0,0.0,0.0,0.0,0.0,0.0,1.0
131721,0,1,3400,-57,57,235,13,24,0.50,56960.000000,0,27,0.99,0.0,0.0,0.0,0.0,0.0,0.0,1.0
131970,0,1,3400,-57,57,236,10,24,0.50,16064.000000,0,27,1.3,0.0,19424.000000,0,0.0,0.0,0.0,1.0
132219,0,1,3400,-57,57,236,17,24,0.50,42528.000000,0,27,2.0,0.0,0.0,0.0,0.0,0.0,0.0,1.0
132468,0,1,3400,-57,57,232,16,24,0.50,32320.000000,0,27,2.0,0.0,0.0,0.0,0.0,0.0,0.0,1.0
132717,0,1,3400,-57,57,229,15,24,0.50,53952.000000,0,27,2.0,0.0,0.0,0.0,0.0,0.0,0.0,1.0
132966,0,1,3400,-57,57,233,11,24,0.50,50880.000000,0,27,1.7,0.0,11744.000000,0,0.0,0.0,0.0,1.0
133215,0,1,3400,-57,57,229,16,24,0.50,37504.000000,0,27,1.5,0.0,0.0,0.0,0.0,0.0,0.0,1.0
133464,0,1,3400,-57,57,235,15,24,0.50,44224.000000,0,27,1.5,0.0,0.0,0.0,0.0,0.0,0.0,1.0
133713,0,1,3400,-57,57,236,17,24,0.50,21376.000000,0,27,1.5,0.0,0.0,0.0,0.0,0.0,0.0,1.0
133962,0,1,3400,-57,57,233,13,24,0.50,25632.000000,0,27,1.5,0.0,8128.000000,0,0.0,0.0,0.0,1.0
134211,0,1,3400,-57,57,233,17,24,0.50,49888.000000,0,27,1.0,0.0,4160.000000,0,0.0,0.0,0.0,1.0
134460,0,1,3400,-57,57,235,8.0,24,0.50,37280.000000,0,27,0.99,0.0,0.0,0.0,0.0,0.0,0.0,1.0
134709,0,1,3400,-57,57,234,9.1,24,0.50,30784.000000,0,27,1.0,0.0,0.0,0.0,0.0,0.0,0.0,1.0
134958,0,1,3400,-58,58,233,15,23,0.50,27136.000000,0,27,1.5,0.0,14336.000000,0,0.0,0.0,0.0,1.0
135207,0,1,3400,-58,58,237,14,23,0.50,48541.832031,0,27,2.0,0.0,0.0,0.0,0.0,0.0,0.0,1.0
135456,0,1,3400,-58,58,236,17,23,0.57,47584.000000,0,27,2.0,0.0,0.0,0.0,0.0,0.0,0.0,1.0
135705,0,1,3400,-58,58,230,14,23,0.54,30304.000000,0,27,2.0,0.0,0.0,0.0,0.0,0.0,0.0,1.0
135954,0,1,3400,-59,59,234,13,22,0.50,16320.000000,0,27,1.4,0.0,17280.000000,0,0.0,0.0,0.0,1.0
136203,0,1,3400,-59,59,236,12,22,0.50,45600.000000,0,27,0.97,0.0,0.0,0.0,0.0,0.0,0.0,1.0
136452,0,1,3400,-59,59,231,8.7,22,0.50,42976.000000,0,27,0.99,0.0,0.0,0.0,0.0,0.0,0.0,1.0
136701,0,1,3400,-59,59,233,11,22,0.50,67437.750000,0,27,0.96,0.0,0.0,0.0,0.0,0.0,0.0,1.0
136950,0,1,3400,-59,59,232,16,22,0.50,59697.210938,0,27,1.9,0.0,31617.529297,0,0.0,0.0,0.0,1.0
137199,0,1,3400,-59,59,229,6.2,22,0.50,36497.992188,0,27,3.0,0.0,0.0,0.0,0.0,0.0,0.0,1.0
137448,0,1,3400,-59,59,233,11,22,0.50,52480.000000,0,27,3.0,0.0,0.0,0.0,0.0,0.0,0.0,1.0
137697,0,1,3400,-58,58,228,13,23,0.50,54144.000000,0,27,3.0,0.0,0.0,0.0,0.0,0.0,0.0,1.0
137946,0,1,3400,-58,58,231,12,23,0.50,44608.000000,0,27,1.4,0.0,20608.000000,0,0.0,0.0,0.0,1.0
138195,0,1,3400,-58,58,229,10,23,0.50,43200.000000,0,27,0.0,0.0,0.0,0.0,0.0,0.0,0.0,1.0
138444,0,1,3400,-58,58,228,16,23,0.50,53504.000000,0,27,0.0,0.0,0.0,0.0,0.0,0.0,0.0,1.0
138693,0,1,3400,-58,58,231,16,23,0.50,26752.000000,0,27,0.016,0.0,0.0,0.0,0.0,0.0,0.0,1.0
138942,0,1,3400,-58,58,236,12,24,0.50,39712.000000,0,27,1.0,0.0,29440.000000,0,0.0,0.0,0.0,1.0
139191,0,1,3400,-58,58,239,4.9,23,0.50,30688.000000,0,27,2.0,0.0,0.0,0.0,0.0,0.0,0.0,1.0
139440,0,1,3400,-58,58,240,13,23,0.50,48544.000000,0,27,2.0,0.0,0.0,0.0,0.0,0.0,0.0,1.0
139689,0,1,3400,-57,57,237,13,24,0.50,32256.000000,0,27,2.0,0.0,0.0,0.0,0.0,0.0,0.0,1.0
139938,0,1,3400,-57,57,227,14,24,0.50,51008.000000,0,27,2.4,0.0,18880.000000,0,0.0,0.0,0.0,1.0
140187,0,1,3400,-57,57,229,9.4,24,0.55,31072.000000,0,27,3.0,0.0,0.0,0.0,0.0,0.0,0.0,1.0
140436,0,1,3400,-57,57,230,12,24,0.50,24096.000000,0,27,3.0,0.0,0.0,0.0,0.0,0.0,0.0,1.0
140685,0,1,3400,-56,56,234,17,25,0.50,71328.000000,0,27,3.0,0.0,0.0,0.0,0.0,0.0,0.0,1.0
140934,0,1,3400,-56,56,237,16,25,0.50,33632.000000,0,27,4.2,0.0,22656.000000,0,0.0,0.0,0.0,1.0
141183,0,1,3400,-56,56,229,16,25,0.50,21312.000000,0,27,6.5,0.0,0.0,0.0,0.0,0.0,0.0,1.0
141432,0,1,3400,-56,56,232,17,25,0.50,47872.000000,0,27,6.5,0.0,0.0,0.0,0.0,0.0,0.0,1.0
141681,0,1,3400,-56,56,235,8.7,25,0.50,32127.490234,0,27,6.5,0.0,0.0,0.0,0.0,0.0,0.0,1.0
141930,0,1,3400,-56,56,236,14,26,0.50,21184.000000,0,27,7.0,0.0,13888.000000,0,0.0,0.0,0.0,1.0
142179,0,1,3400,-56,56,239,15,26,0.50,10688.000000,0,27,7.5,0.0,0.0,0.0,0.0,0.0,0.0,1.0
142428,0,1,3400,-56,56,233,16,25,0.50,58656.000000,0,27,7.5,0.0,0.0,0.0,0.0,0.0,0.0,1.0
142677,0,1,3400,-56,56,231,15,25,0.50,42688.000000,0,27,7.5,0.0,0.0,0.0,0.0,0.0,0.0,1.0
142926,0,1,3400,-57,57,229,18,25,0.50,21248.000000,0,27,7.9,0.0,16064.000000,0,0.0,0.0,0.0,1.0
143175,0,1,3400,-57,57,230,16,25,0.50,42698.796875,0,27,8.4,0.0,0.0,0.0,0.0,0.0,0.0,1.0
143424,0,1,3400,-57,57,230,15,25,0.50,32672.000000,0,27,8.4,0.0,0.0,0.0,0.0,0.0,0.0,1.0
143673,0,1,3400,-56,56,235,13,25,0.50,65600.000000,0,27,8.4,0.0,0.0,0.0,0.0,0.0,0.0,1.0
143922,0,1,3400,-56,56,234,17,25,0.50,26720.000000,0,27,8.5,0.0,16064.000000,0,0.0,0.0,0.0,1.0
144171,0,1,3400,-56,56,223,14,26,0.50,36128.000000,0,27,8.5,0.0,0.0,0.0,0.0,0.0,0.0,1.0
144420,0,1,3400,-56,56,233,17,26,0.54,58400.000000,0,27,8.5,0.0,0.0,0.0,0.0,0.0,0.0,1.0
144669,0,1,3400,-56,56,236,17,25,0.50,37344.000000,0,27,8.5,0.0,0.0,0.0,0.0,0.0,0.0,1.0
144918,0,1,3400,-56,56,230,17,25,0.50,42752.000000,0,27,9.3,0.0,18624.000000,0,0.0,0.0,0.0,1.0
145167,0,1,3400,-56,56,224,16,26,0.50,26592.000000,0,27,10.0,0.0,0.0,0.0,0.0,0.0,0.0,1.0
145416,0,1,3400,-56,56,223,12,26,0.50,55008.000000,0,27,10.0,0.0,0.0,0.0,0.0,0.0,0.0,1.0
145665,0,1,3400,-56,56,226,16,25,0.50,48256.000000,0,27,9.8,0.0,0.0,0.0,0.0,0.0,0.0,1.0
145914,0,1,3400,-57,57,232,17,25,0.50,16000.000000,0,27,9.9,186,0.0,0.0,0.0,0.0,0.0,1.0
146163,0,1,3400,-57,57,230,15,25,0.50,69920.000000,0,27,2.6,0.0,18432.000000,0,0.0,0.0,0.0,1.0
146412,0,1,3400,-57,57,227,13,25,0.50,32480.000000,0,27,1.5,0.0,0.0,0.0,0.0,0.0,0.0,1.0
146661,0,1,3400,-57,57,231,15,25,0.50,45504.000000,0,27,1.5,0.0,0.0,0.0,0.0,0.0,0.0,1.0
146910,0,1,3400,-57,57,232,14,25,0.50,16224.000000,0,27,4.7,0.0,18624.000000,0,0.0,0.0,0.0,1.0
147159,0,1,3400,-57,57,237,17,25,0.50,64000.000000,0,27,9.9,0.0,0.0,0.0,0.0,0.0,0.0,1.0
147408,0,1,3400,-57,57,232,11,26,0.50,57376.000000,0,27,9.9,0.0,0.0,0.0,0.0,0.0,0.0,1.0
147657,0,1,3400,-56,56,229,16,26,0.53,36384.000000,10,27,9.8,0.0,0.0,0.0,0.0,0.0,0.0,1.0
147906,0,1,3400,-56,56,235,13,26,0.98,21984.000000,7,27,9.6,0.0,19136.000000,0,0.0,0.0,0.0,1.0
148155,0,1,3400,-56,56,233,14,26,0.64,41498.007812,8,27,9.4,0.0,0.0,0.0,0.0,0.0,0.0,1.0
148404,0,1,3400,-56,56,230,12,27,0.51,26016.000000,3,27,9.5,0.0,0.0,0.0,0.0,0.0,0.0,1.0
148653,0,1,3400,-56,56,227,7.7,27,0.50,32768.000000,0,27,9.3,0.0,0.0,0.0,0.0,0.0,0.0,1.0
148902,0,1,3400,-56,56,232,11,27,0.50,50048.000000,0,27,9.8,0.0,15808.000000,0,0.0,0.0,0.0,1.0
149151,0,1,3400,-56,56,235,16,26,0.98,47776.000000,5,27,10,0.0,0.0,0.0,0.0,0.0,0.0,1.0
149400,0,1,3400,-56,56,237,15,26,0.67,63552.000000,7,27,10,0.0,0.0,0.0,0.0,0.0,0.0,1.0
149649,0,1,3400,-56,56,233,17,26,0.60,42056.226562,0,27,10,0.0,0.0,0.0,0.0,0.0,0.0,1.0
149898,0,1,3400,-56,56,237,15,27,0.50,32352.000000,0,27,10,0.0,18624.000000,0,0.0,0.0,0.0,1.0
150147,0,1,3400,-56,56,239,11,27,0.96,32576.000000,11,27,9.9,0.0,0.0,0.0,0.0,0.0,0.0,1.0
150396,0,1,3400,-56,56,232,14,26,1.3,31808.000000,15,27,10.0,0.0,0.0,0.0,0.0,0.0,0.0,1.0
150645,0,1,3400,-56,56,229,11,26,1.0,49088.000000,4,27,9.9,0.0,0.0,0.0,0.0,0.0,0.0,1.0
150894,0,1,3400,-56,56,225,12,26,0.50,35328.000000,0,27,6.7,0.0,22048.000000,0,0.0,0.0,0.0,1.0
151143,0,1,3400,-56,56,229,11,27,0.56,51008.000000,2,27,3.5,0.0,0.0,0.0,0.0,0.0,0.0,1.0
151392,0,1,3400,-56,56,230,18,26,0.50,41920.000000,0,27,3.5,0.0,0.0,0.0,0.0,0.0,0.0,1.0
151641,0,1,3400,-56,56,229,17,26,0.63,22848.000000,8,27,3.5,0.0,0.0,0.0,0.0,0.0,0.0,1.0
151890,0,1,3400,-56,56,234,5.9,26,0.50,46144.000000,0,27,5.3,0.0,65472.000000,0,0.0,0.0,0.0,1.0
152139,0,1,3400,-56,56,234,15,27,0.50,41216.000000,0,27,6.9,0.0,0.0,0.0,0.0,0.0,0.0,1.0
152388,0,1,3400,-56,56,226,16,26,0.58,31296.000000,10,27,7.0,0.0,0.0,0.0,0.0,0.0,0.0,1.0
152637,0,1,3400,-56,56,228,16,26,0.58,67680.000000,6,27,6.9,0.0,0.0,0.0,0.0,0.0,0.0,1.0
152886,0,1,3400,-57,57,229,11,26,0.63,46944.000000,9,27,7.2,0.0,13888.000000,0,0.0,0.0,0.0,1.0
153135,0,1,3400,-57,57,233,18,26,1.5,36192.000000,20,27,7.4,0.0,0.0,0.0,0.0,0.0,0.0,1.0
153384,0,1,3400,-57,57,230,17,26,0.95,76864.000000,10,27,7.4,0.0,0.0,0.0,0.0,0.0,0.0,1.0
153633,0,1,3400,-57,57,232,15,25,0.50,28096.000000,0,27,7.4,0.0,0.0,0.0,0.0,0.0,0.0,1.0
153882,0,1,3400,-57,57,231,15,25,0.68,36992.000000,5,27,5.6,0.0,22048.000000,0,0.0,0.0,0.0,1.0
154131,0,1,3400,-57,57,228,12,25,0.58,42368.000000,4,27,3.4,0.0,0.0,0.0,0.0,0.0,0.0,1.0
154380,0,1,3400,-57,57,231,17,26,0.92,36992.000000,14,27,3.5,0.0,0.0,0.0,0.0,0.0,0.0,1.0
154629,0,1,3400,-56,56,234,11,26,0.50,41561.753906,0,27,3.4,0.0,0.0,0.0,0.0,0.0,0.0,1.0
154878,0,1,3400,-56,56,229,16,25,1.1,29856.000000,11,27,7.2,0.0,15808.000000,0,0.0,0.0,0.0,1.0
155127,0,1,3400,-56,56,232,16,26,0.50,66016.000000,0,27,10,0.0,0.0,0.0,0.0,0.0,0.0,1.0
155376,0,1,3400,-56,56,233,9.8,26,0.50,54688.000000,0,27,10,0.0,0.0,0.0,0.0,0.0,0.0,1.0
155625,0,1,3400,-56,56,231,12,27,0.50,26016.000000,0,27,10,0.0,0.0,0.0,0.0,0.0,0.0,1.0
155874,0,1,3400,-56,56,227,16,26,0.54,37952.000000,0,27,12,0.0,21952.000000,0,0.0,0.0,0.0,1.0
156123,0,1,3400,-56,56,232,12,26,1.3,34506.023438,2,27,13,0.0,0.0,0.0,0.0,0.0,0.0,1.0
156372,0,1,3400,-56,56,245,18,26,0.50,68096.000000,0,27,13,0.0,0.0,0.0,0.0,0.0,0.0,1.0
156621,0,1,3400,-56,56,238,15,27,0.65,16064.000000,14,27,13,0.0,0.0,0.0,0.0,0.0,0.0,1.0
156870,0,1,3400,-56,56,231,15,26,0.71,68576.000000,4,27,12,0.0,22208.000000,0,0.0,0.0,0.0,1.0
157119,0,1,3400,-56,56,232,15,26,0.98,26400.000000,18,27,11,0.0,0.0,0.0,0.0,0.0,0.0,1.0
157368,0,1,3400,-56,56,235,17,26,0.82,36224.000000,11,27,11,0.0,0.0,0.0,0.0,0.0,0.0,1.0
157617,0,1,3400,-56,56,232,18,27,0.54,26112.000000,0,27,11,0.0,0.0,0.0,0.0,0.0,0.0,1.0
157866,0,1,3400,-56,56,226,17,26,0.71,67488.000000,6,27,10,0.0,13632.000000,0,0.0,0.0,0.0,1.0
158115,0,1,3400,-56,56,230,15,26,0.72,31488.000000,18,27,9.5,0.0,0.0,0.0,0.0,0.0,0.0,1.0
158364,0,1,3400,-56,56,237,13,26,0.50,47680.000000,0,27,9.5,0.0,0.0,0.0,0.0,0.0,0.0,1.0
158613,0,1,3400,-56,56,229,15,26,1.9,81824.000000,14,27,9.4,0.0,0.0,0.0,0.0,0.0,0.0,1.0
158862,0,1,3400,-56,56,221,17,27,0.50,20736.000000,0,27,9.0,0.0,16576.000000,0,0.0,0.0,0.0,1.0
159111,0,1,3400,-56,56,225,12,26,0.50,61280.000000,0,27,8.0,0.0,0.0,0.0,0.0,0.0,0.0,1.0
159360,0,1,3400,-56,56,232,18,26,0.50,46368.000000,0,27,8.0,0.0,0.0,0.0,0.0,0.0,0.0,1.0
159609,0,1,3400,-56,56,230,18,26,0.50,41696.000000,0,27,8.0,0.0,0.0,0.0,0.0,0.0,0.0,1.0
159858,0,1,3400,-56,56,235,13,27,0.50,39136.000000,0,27,8.8,0.0,16320.000000,0,0.0,0.0,0.0,1.0
160107,0,1,3400,-56,56,239,15,26,0.50,34336.000000,0,27,9.5,0.0,0.0,0.0,0.0,0.0,0.0,1.0
160356,0,1,3400,-56,56,236,13,26,1.2,42272.000000,16,27,9.5,0.0,0.0,0.0,0.0,0.0,0.0,1.0
160605,0,1,3400,-56,56,237,18,26,0.55,41920.000000,0,27,9.4,0.0,0.0,0.0,0.0,0.0,0.0,1.0
160854,0,1,3400,-56,56,235,13,27,0.51,42080.000000,0,27,6.4,0.0,15904.000000,0,0.0,0.0,0.0,1.0
161103,0,1,3400,-56,56,227,17,27,0.50,35984.062500,0,27,3.5,0.0,0.0,0.0,0.0,0.0,0.0,1.0
161352,0,1,3400,-56,56,225,16,26,0.50,36480.000000,0,27,3.5,0.0,0.0,0.0,0.0,0.0,0.0,1.0
161601,0,1,3400,-56,56,230,13,26,0.52,48320.000000,0,27,3.4,0.0,0.0,0.0,0.0,0.0,0.0,1.0
161850,0,1,3400,-56,56,232,14,27,0.70,26272.000000,10,27,5.3,0.0,14144.000000,0,0.0,0.0,0.0,1.0
162099,0,1,3400,-56,56,234,16,27,0.82,15712.000000,0,27,8.4,0.0,0.0,0.0,0.0,0.0,0.0,1.0
162348,0,1,3400,-56,56,228,15,27,0.50,46976.000000,0,27,8.5,0.0,0.0,0.0,0.0,0.0,0.0,1.0
162597,0,1,3400,-56,56,228,13,26,0.50,51662.652344,0,27,8.5,0.0,0.0,0.0,0.0,0.0,0.0,1.0
162846,0,1,3400,-56,56,231,14,26,0.50,36557.769531,0,27,6.7,0.0,13673.306641,0,0.0,0.0,0.0,1.0
163095,0,1,3400,-56,56,228,19,27,0.50,15646.585938,0,27,3.5,0.0,0.0,0.0,0.0,0.0,0.0,1.0
163344,0,1,3400,-56,56,225,15,27,0.50,21472.000000,0,27,3.5,0.0,0.0,0.0,0.0,0.0,0.0,1.0
163593,0,1,3400,-56,56,225,11,27,0.50,50976.000000,0,27,3.5,0.0,0.0,0.0,0.0,0.0,0.0,1.0
163842,0,1,3400,-56,56,228,5.4,26,0.50,8096.000000,0,27,4.3,0.0,14400.000000,0,0.0,0.0,0.0,1.0
164091,0,1,3400,-56,56,229,9.6,27,0.51,42944.000000,0,27,6.9,0.0,0.0,0.0,0.0,0.0,0.0,1.0
164340,0,1,3400,-56,56,234,9.5,27,0.50,34528.000000,0,27,7.0,0.0,0.0,0.0,0.0,0.0,0.0,1.0
164589,0,1,3400,-56,56,232,11,27,0.63,50144.000000,3,27,6.9,0.0,0.0,0.0,0.0,0.0,0.0,1.0
164838,0,1,3400,-56,56,233,8.6,26,0.50,37856.000000,0,27,7.1,0.0,13888.000000,0,0.0,0.0,0.0,1.0
165087,0,1,3400,-56,56,232,15,26,0.54,47840.000000,6,27,7.5,0.0,0.0,0.0,0.0,0.0,0.0,1.0
165336,0,1,3400,-56,56,229,9.0,27,0.50,48544.000000,0,27,7.5,0.0,0.0,0.0,0.0,0.0,0.0,1.0
165585,0,1,3400,-56,56,231,15,27,0.50,52352.000000,0,27,7.4,0.0,0.0,0.0,0.0,0.0,0.0,1.0
165834,0,1,3400,-56,56,233,15,27,1.4,51968.000000,20,27,9.5,0.0,22208.000000,0,0.0,0.0,0.0,1.0
166083,0,1,3400,-56,56,226,12,26,0.62,31744.000000,10,27,11,0.0,0.0,0.0,0.0,0.0,0.0,1.0
166332,0,1,3400,-56,56,226,14,27,0.89,20928.000000,12,27,11,0.0,0.0,0.0,0.0,0.0,0.0,1.0
166581,0,1,3400,-56,56,227,16,27,1.1,25888.000000,25,27,11,0.0,0.0,0.0,0.0,0.0,0.0,1.0
166830,0,1,3400,-56,56,233,13,27,0.60,55712.000000,2,27,9.1,0.0,13888.000000,0,0.0,0.0,0.0,1.0
167079,0,1,3400,-56,56,237,8.5,27,0.72,20608.000000,20,27,7.4,0.0,0.0,0.0,0.0,0.0,0.0,1.0
167328,0,1,3400,-56,56,235,17,27,0.50,36576.000000,0,27,7.5,0.0,0.0,0.0,0.0,0.0,0.0,1.0
167577,0,1,3400,-56,56,228,13,27,0.50,36717.132812,0,27,7.4,0.0,0.0,0.0,0.0,0.0,0.0,1.0
167826,0,1,3400,-56,56,231,17,27,0.50,15456.000000,0,27,8.1,0.0,82240.000000,0,0.0,0.0,0.0,1.0
168075,0,1,3400,-56,56,229,15,27,0.56,37280.000000,7,27,8.9,0.0,0.0,0.0,0.0,0.0,0.0,1.0
168324,0,1,3400,-56,56,234,14,26,1.1,33792.000000,7,27,8.9,0.0,0.0,0.0,0.0,0.0,0.0,1.0
168573,0,1,3400,-56,56,238,16,27,0.91,35456.000000,10,27,8.8,0.0,0.0,0.0,0.0,0.0,0.0,1.0
168822,0,1,3400,-56,56,239,13,27,0.55,61248.000000,0,27,8.1,0.0,13888.000000,0,0.0,0.0,0.0,1.0
169071,0,1,3400,-56,56,231,19,27,0.89,20864.000000,14,27,7.4,0.0,0.0,0.0,0.0,0.0,0.0,1.0
169320,0,1,3400,-56,56,222,16,26,0.60,58248.996094,6,27,7.5,0.0,0.0,0.0,0.0,0.0,0.0,1.0
169569,0,1,3400,-56,56,230,15,27,0.50,41856.000000,0,27,7.5,0.0,0.0,0.0,0.0,0.0,0.0,1.0
169818,0,1,3400,-56,56,233,12,27,0.50,48160.000000,0,27,7.4,0.0,13888.000000,0,0.0,0.0,0.0,1.0
170067,0,1,3400,-56,56,228,11,27,0.98,61088.000000,4,27,7.5,0.0,0.0,0.0,0.0,0.0,0.0,1.0
170316,0,1,3400,-56,56,226,18,27,0.78,20608.000000,20,27,7.4,0.0,0.0,0.0,0.0,0.0,0.0,1.0
170565,0,1,3400,-56,56,228,17,26,0.53,62880.000000,0,27,7.4,0.0,0.0,0.0,0.0,0.0,0.0,1.0
170814,0,1,3400,-56,56,227,15,27,0.50,74816.000000,0,27,8.3,0.0,18880.000000,0,0.0,0.0,0.0,1.0
171063,0,1,3400,-56,56,232,10.0,27,0.50,54240.000000,0,27,9.0,0.0,0.0,0.0,0.0,0.0,0.0,1.0
171312,0,1,3400,-56,56,231,17,27,0.99,41888.000000,9,27,9.0,0.0,0.0,0.0,0.0,0.0,0.0,1.0
171561,0,1,3400,-56,56,231,16,26,0.56,37152.000000,0,27,9.0,0.0,0.0,0.0,0.0,0.0,0.0,1.0
171810,0,1,3400,-57,57,234,12,26,0.50,37536.000000,0,27,9.8,0.0,22720.000000,0,0.0,0.0,0.0,1.0
172059,0,1,3400,-57,57,237,16,26,1.5,31264.000000,22,27,10,0.0,0.0,0.0,0.0,0.0,0.0,1.0
172308,0,1,3400,-57,57,239,16,26,1.1,21504.000000,15,27,10,0.0,0.0,0.0,0.0,0.0,0.0,1.0
172557,0,1,3400,-57,57,234,12,26,0.58,37664.000000,0,27,10,0.0,0.0,0.0,0.0,0.0,0.0,1.0
172806,0,1,3400,-58,58,235,14,25,0.67,50784.000000,4,27,10,0.0,18624.000000,0,0.0,0.0,0.0,1.0
173055,0,1,3400,-58,58,235,10,25,0.86,14112.000000,9,27,10,0.0,0.0,0.0,0.0,0.0,0.0,1.0
173304,0,1,3400,-58,58,236,14,25,1.2,34976.000000,5,27,9.8,0.0,0.0,0.0,0.0,0.0,0.0,1.0
173553,0,1,3400,-58,58,231,14,25,0.50,45120.000000,0,27,9.9,0.0,0.0,0.0,0.0,0.0,0.0,1.0
173802,0,1,3400,-58,58,232,17,25,1.2,20608.000000,33,27,9.7,0.0,19136.000000,0,0.0,0.0,0.0,1.0
174051,0,1,3400,-58,58,231,9.2,25,0.84,27296.000000,0,27,9.5,0.0,0.0,0.0,0.0,0.0,0.0,1.0
174300,0,1,3400,-58,58,226,7.3,25,0.51,70788.843750,1,27,9.5,0.0,0.0,0.0,0.0,0.0,0.0,1.0
174549,0,1,3400,-58,58,228,14,26,0.50,27072.000000,0,27,9.5,0.0,0.0,0.0,0.0,0.0,0.0,1.0
174798,0,1,3400,-58,58,234,12,25,0.56,21216.000000,14,27,9.5,0.0,16320.000000,0,0.0,0.0,0.0,1.0
175047,0,1,3400,-58,58,237,11,25,1.1,37248.000000,16,27,9.4,0.0,0.0,0.0,0.0,0.0,0.0,1.0
175296,0,1,3400,-58,58,236,17,25,1.1,36896.000000,15,27,9.4,0.0,0.0,0.0,0.0,0.0,0.0,1.0
175545,0,1,3400,-58,58,231,17,26,0.98,52448.000000,6,27,9.4,0.0,0.0,0.0,0.0,0.0,0.0,1.0
175794,0,1,3400,-58,58,233,14,26,1.1,47485.945312,6,27,8.9,0.0,14200.802734,0,0.0,0.0,0.0,1.0
176043,0,1,3400,-58,58,228,6.5,25,0.67,35776.000000,2,27,8.5,0.0,0.0,0.0,0.0,0.0,0.0,1.0
176292,0,1,3400,-58,58,229,8.0,25,0.91,35040.000000,3,27,8.5,0.0,0.0,0.0,0.0,0.0,0.0,1.0
176541,0,1,3400,-58,58,224,15,26,0.55,47456.000000,0,27,8.5,0.0,0.0,0.0,0.0,0.0,0.0,1.0
176790,0,1,3400,-58,58,239,13,25,0.60,26112.000000,0,27,8.4,0.0,14144.000000,0,0.0,0.0,0.0,1.0
177039,0,1,3400,-58,58,241,16,25,0.70,46752.000000,8,27,8.5,0.0,0.0,0.0,0.0,0.0,0.0,1.0
177288,0,1,3400,-58,58,231,17,25,1.3,46368.000000,18,27,8.4,0.0,0.0,0.0,0.0,0.0,0.0,1.0
177537,0,1,3400,-58,58,229,6.7,26,0.50,39712.000000,0,27,8.4,0.0,0.0,0.0,0.0,0.0,0.0,1.0
177786,0,1,3400,-58,58,226,14,26,0.57,37184.000000,5,27,4.8,0.0,13760.000000,0,0.0,0.0,0.0,1.0
178035,0,1,3400,-58,58,226,9.1,26,0.50,38976.000000,0,27,1.5,0.0,0.0,0.0,0.0,0.0,0.0,1.0
178284,0,1,3400,-58,58,226,7.8,25,1.1,38688.000000,4,27,1.5,0.0,0.0,0.0,0.0,0.0,0.0,1.0
178533,0,1,3400,-58,58,233,15,25,0.50,36416.000000,0,27,1.5,0.0,0.0,0.0,0.0,0.0,0.0,1.0
178782,0,1,3400,-58,58,231,14,26,1.2,37056.000000,7,27,5.5,0.0,22464.000000,0,0.0,0.0,0.0,1.0
179031,0,1,3400,-58,58,232,12,25,0.99,41760.000000,8,27,12,0.0,0.0,0.0,0.0,0.0,0.0,1.0
179280,0,1,3400,-58,58,235,17,25,0.96,20608.000000,33,27,12,0.0,0.0,0.0,0.0,0.0,0.0,1.0
179529,0,1,3400,-58,58,236,12,25,1.3,37856.000000,10,27,12,0.0,0.0,0.0,0.0,0.0,0.0,1.0
179778,0,1,3400,-58,58,226,8.4,26,0.50,28640.000000,0,27,8.7,0.0,8800.000000,0,0.0,0.0,0.0,1.0
180027,0,1,3400,-58,58,226,15,25,0.67,37024.000000,9,27,3.5,0.0,0.0,0.0,0.0,0.0,0.0,1.0
180276,0,1,3400,-58,58,230,15,25,0.50,43936.000000,0,27,3.4,0.0,0.0,0.0,0.0,0.0,0.0,1.0
180525,0,1,3400,-58,58,229,11,25,0.79,82656.000000,2,27,3.5,0.0,0.0,0.0,0.0,0.0,0.0,1.0
180774,0,1,3400,-59,59,232,18,25,0.50,25657.371094,0,27,5.2,0.0,81625.500000,28,0.0,0.0,0.0,1.0
181023,0,1,3400,-59,59,230,8.9,25,0.50,42784.000000,0,27,15,0.0,0.0,100.000000,0.0,0.0,0.0,1.0
181272,0,1,3400,-59,59,230,12,25,0.50,47360.000000,0,27,15,0.0,0.0,0.0,0.0,0.0,0.0,1.0
181521,0,1,3400,-59,59,226,8.2,24,0.50,37408.000000,0,27,15,0.0,0.0,0.0,0.0,0.0,0.0,1.0
181770,0,1,3400,-60,60,230,15,23,0.50,36064.000000,0,27,8.1,0.0,28928.000000,0,0.0,0.0,0.0,1.0
182019,0,1,3400,-60,60,237,16,24,0.50,37365.460938,0,27,2.0,0.0,0.0,0.0,0.0,0.0,0.0,1.0
182268,0,1,3400,-60,60,236,13,24,0.50,76704.000000,0,27,2.0,0.0,0.0,0.0,0.0,0.0,0.0,1.0
182517,0,1,3400,-60,60,234,8.9,24,0.50,21568.000000,0,27,2.0,0.0,0.0,0.0,0.0,0.0,0.0,1.0
182766,0,1,3400,-60,60,234,17,23,0.50,46368.000000,0,27,3.1,0.0,41600.000000,0,0.0,0.0,0.0,1.0
183015,0,1,3400,-60,60,236,11,24,0.50,21632.000000,0,27,4.0,0.0,0.0,0.0,0.0,0.0,0.0,1.0
183264,0,1,3400,-60,60,235,4.8,24,0.50,22048.000000,0,27,4.0,0.0,0.0,0.0,0.0,0.0,0.0,1.0
183513,0,1,3400,-60,60,228,9.0,24,0.50,10816.000000,0,27,4.0,0.0,0.0,0.0,0.0,0.0,0.0,1.0
183762,0,1,3400,-60,60,236,14,23,0.50,80576.000000,0,27,2.4,0.0,18976.000000,0,0.0,0.0,0.0,1.0
184011,0,1,3400,-60,60,234,12,24,0.50,54688.000000,0,27,1.0,0.0,0.0,0.0,0.0,0.0,0.0,1.0
184260,0,1,3400,-60,60,229,16,24,0.50,58080.000000,0,27,1.0,0.0,0.0,0.0,0.0,0.0,0.0,1.0
184509,0,1,3400,-60,60,224,16,24,0.50,31168.000000,0,27,1.0,0.0,0.0,0.0,0.0,0.0,0.0,1.0
184758,0,1,3400,-60,60,222,15,24,0.50,5312.000000,0,27,2.0,0.0,13504.000000,0,0.0,0.0,0.0,1.0
185007,0,1,3400,-60,60,226,12,23,0.50,89856.000000,0,27,5.5,0.0,0.0,0.0,0.0,0.0,0.0,1.0
185256,0,1,3400,-60,60,229,12,24,0.50,30912.000000,0,27,5.5,0.0,0.0,0.0,0.0,0.0,0.0,1.0
185505,0,1,3400,-59,59,230,18,24,0.50,46368.000000,0,27,5.5,0.0,0.0,0.0,0.0,0.0,0.0,1.0
185754,0,1,3400,-59,59,228,18,24,0.50,20608.000000,0,27,8.5,0.0,22208.000000,0,0.0,0.0,0.0,1.0
186003,0,1,3400,-59,59,228,7.0,25,0.50,48672.000000,0,27,11,0.0,0.0,0.0,0.0,0.0,0.0,1.0
186252,0,1,3400,-59,59,226,7.0,24,0.50,21728.000000,0,27,11,0.0,0.0,0.0,0.0,0.0,0.0,1.0
186501,0,1,3400,-59,59,229,15,25,0.50,20608.000000,0,27,11,0.0,0.0,0.0,0.0,0.0,0.0,1.0
186750,0,1,3400,-59,59,229,16,25,0.50,41600.000000,0,27,5.5,0.0,9696.000000,0,0.0,0.0,0.0,1.0
186999,0,1,3400,-59,59,232,13,24,0.50,32288.000000,0,27,0.50,0.0,0.0,0.0,0.0,0.0,0.0,1.0
187248,0,1,3400,-59,59,230,5.1,24,0.50,39266.933594,0,27,0.50,0.0,0.0,0.0,0.0,0.0,0.0,1.0
187497,0,1,3400,-59,59,235,15,25,0.50,32672.000000,0,27,0.50,0.0,0.0,0.0,0.0,0.0,0.0,1.0
187746,0,1,3400,-59,59,234,12,25,0.50,53280.000000,0,27,3.9,0.0,52736.000000,0,0.0,0.0,0.0,1.0
187995,0,1,3400,-59,59,233,9.7,25,0.50,10784.000000,0,27,7.0,0.0,0.0,0.0,0.0,0.0,0.0,1.0
188244,0,1,3400,-59,59,237,5.9,24,0.50,27488.000000,0,27,7.0,0.0,0.0,0.0,0.0,0.0,0.0,1.0
188493,0,1,3400,-59,59,229,12,24,0.50,36832.000000,0,27,7.0,0.0,0.0,0.0,0.0,0.0,0.0,1.0
188742,0,1,3400,-60,60,234,5.8,24,0.50,60787.148438,0,27,7.1,0.0,19212.851562,0,0.0,0.0,0.0,1.0
188991,0,1,3400,-60,60,229,17,24,0.50,61920.000000,0,27,7.0,0.0,0.0,0.0,0.0,0.0,0.0,1.0
189240,0,1,3400,-60,60,232,8.2,24,0.50,64416.000000,0,27,7.0,0.0,0.0,0.0,0.0,0.0,0.0,1.0
189489,0,1,3400,-60,60,235,13,23,0.50,31616.000000,0,27,7.0,0.0,0.0,0.0,0.0,0.0,0.0,1.0
189738,0,1,3400,-61,61,228,15,23,0.50,31552.000000,0,27,8.4,0.0,19136.000000,0,0.0,0.0,0.0,1.0
189987,0,1,3400,-61,61,226,17,23,0.50,30912.000000,0,27,9.5,0.0,0.0,0.0,0.0,0.0,0.0,1.0
190236,0,1,3400,-61,61,230,9.8,23,0.50,58432.000000,0,27,9.5,0.0,0.0,0.0,0.0,0.0,0.0,1.0
190485,0,1,3400,-61,61,231,10,23,0.50,26656.000000,0,27,9.4,0.0,0.0,0.0,0.0,0.0,0.0,1.0
190734,0,1,3400,-61,61,232,9.7,23,0.50,47424.000000,0,27,7.0,0.0,12032.000000,0,0.0,0.0,0.0,1.0
190983,0,1,3400,-61,61,238,18,23,0.50,36064.000000,0,27,3.0,0.0,0.0,0.0,0.0,0.0,0.0,1.0
191232,0,1,3400,-61,61,227,16,23,0.50,31136.000000,0,27,3.0,0.0,0.0,0.0,0.0,0.0,0.0,1.0
191481,0,1,3400,-61,61,229,6.7,23,0.50,64416.000000,0,27,3.0,0.0,0.0,0.0,0.0,0.0,0.0,1.0
191730,0,1,3400,-61,61,228,9.2,23,0.50,80576.000000,0,27,3.1,0.0,9120.000000,0,0.0,0.0,0.0,1.0
191979,0,1,3400,-61,61,229,7.4,23,0.50,35488.000000,0,27,3.5,0.0,0.0,0.0,0.0,0.0,0.0,1.0
192228,0,1,3400,-61,61,229,15,23,0.50,40448.000000,0,27,3.5,0.0,0.0,0.0,0.0,0.0,0.0,1.0
192477,0,1,3400,-60,60,234,10,23,0.50,20608.000000,0,27,3.5,0.0,0.0,0.0,0.0,0.0,0.0,1.0
192726,0,1,3400,-60,60,228,16,24,0.50,36288.000000,0,27,2.8,0.0,29440.000000,0,0.0,0.0,0.0,1.0
192975,0,1,3400,-60,60,230,18,24,0.50,30912.000000,0,27,2.0,0.0,0.0,0.0,0.0,0.0,0.0,1.0
193224,0,1,3400,-60,60,232,17,24,0.50,56896.000000,0,27,2.0,0.0,0.0,0.0,0.0,0.0,0.0,1.0
193473,0,1,3400,-60,60,229,16,24,0.50,62496.000000,0,27,2.0,0.0,0.0,0.0,0.0,0.0,0.0,1.0
193722,0,1,3400,-61,61,233,15,23,0.50,15617.530273,0,27,2.8,0.0,41434.261719,0,0.0,0.0,0.0,1.0
193971,0,1,3400,-61,61,228,17,23,0.50,30912.000000,0,27,4.0,0.0,0.0,0.0,0.0,0.0,0.0,1.0
194220,0,1,3400,-61,61,224,17,24,0.50,20832.000000,0,27,4.0,0.0,0.0,0.0,0.0,0.0,0.0,1.0
194469,0,1,3400,-60,60,226,13,23,0.50,36736.000000,0,27,4.0,0.0,0.0,0.0,0.0,0.0,0.0,1.0
194718,0,1,3400,-60,60,230,11,24,0.50,33344.000000,0,27,4.7,0.0,78048.000000,0,0.0,0.0,0.0,1.0
194967,0,1,3400,-60,60,232,11,24,0.50,53920.000000,0,27,5.5,0.0,0.0,0.0,0.0,0.0,0.0,1.0
195216,0,1,3400,-60,60,231,15,24,0.50,36369.476562,0,27,5.5,0.0,0.0,0.0,0.0,0.0,0.0,1.0
195465,0,1,3400,-60,60,235,15,24,0.50,15680.000000,0,27,5.5,0.0,0.0,0.0,0.0,0.0,0.0,1.0
195714,0,1,3400,-61,61,230,4.9,24,0.50,38496.000000,0,27,6.7,0.0,85600.000000,0,0.0,0.0,0.0,1.0
195963,0,1,3400,-61,61,232,4.2,23,0.50,21696.000000,0,27,8.0,0.0,0.0,0.0,0.0,0.0,0.0,1.0
196212,0,1,3400,-61,61,235,9.6,23,0.50,10304.000000,0,27,8.0,0.0,0.0,0.0,0.0,0.0,0.0,1.0
196461,0,1,3400,-60,60,232,16,24,0.50,52608.000000,0,27,8.0,0.0,0.0,0.0,0.0,0.0,0.0,1.0
196710,0,1,3400,-60,60,233,14,24,0.50,5152.000000,0,27,7.4,0.0,13728.000000,0,0.0,0.0,0.0,1.0
196959,0,1,3400,-60,60,233,17,24,0.51,77344.000000,0,27,5.0,0.0,0.0,0.0,0.0,0.0,0.0,1.0
197208,0,1,3400,-60,60,227,9.7,24,0.50,50816.000000,0,27,5.0,0.0,0.0,0.0,0.0,0.0,0.0,1.0
197457,0,1,3400,-59,59,227,14,24,0.50,37728.000000,0,27,5.0,0.0,0.0,0.0,0.0,0.0,0.0,1.0
197706,0,1,3400,-59,59,230,12,25,0.50,47488.000000,0,27,6.7,0.0,19136.000000,0,0.0,0.0,0.0,1.0
197955,0,1,3400,-59,59,230,8.7,25,0.50,32832.000000,0,27,9.5,0.0,0.0,0.0,0.0,0.0,0.0,1.0
198204,0,1,3400,-59,59,234,8.2,25,0.50,61184.000000,0,27,9.5,0.0,0.0,0.0,0.0,0.0,0.0,1.0
198453,0,1,3400,-59,59,228,18,25,0.50,30912.000000,0,27,9.5,0.0,0.0,0.0,0.0,0.0,0.0,1.0
198702,0,1,3400,-59,59,227,14,25,0.50,44000.000000,0,27,8.9,0.0,16064.000000,0,0.0,0.0,0.0,1.0
198951,0,1,3400,-59,59,228,7.6,25,0.51,55552.000000,0,27,8.5,0.0,0.0,0.0,0.0,0.0,0.0,1.0
199200,0,1,3400,-59,59,231,12,25,0.50,27104.000000,0,27,8.5,0.0,0.0,0.0,0.0,0.0,0.0,1.0
199449,0,1,3400,-58,58,231,18,25,0.50,20608.000000,0,27,8.5,0.0,0.0,0.0,0.0,0.0,0.0,1.0
199698,0,1,3400,-58,58,229,16,25,0.50,10464.000000,0,27,4.6,0.0,29472.000000,0,0.0,0.0,0.0,1.0
199947,0,1,3400,-58,58,227,14,26,0.50,10304.000000,0,27,1.0,0.0,0.0,0.0,0.0,0.0,0.0,1.0
200196,0,1,3400,-58,58,228,13,26,0.50,32031.873047,0,27,1.0,0.0,0.0,0.0,0.0,0.0,0.0,1.0
200445,0,1,3400,-58,58,231,16,26,0.50,36064.000000,0,27,1.0,0.0,0.0,0.0,0.0,0.0,0.0,1.0
200694,0,1,3400,-58,58,237,12,25,0.50,44000.000000,0,27,0.61,0.0,11136.000000,0,0.0,0.0,0.0,1.0
200943,0,1,3400,-58,58,237,16,26,0.50,41376.000000,0,27,0.0,0.0,0.0,0.0,0.0,0.0,0.0,1.0
201192,0,1,3400,-58,58,232,6.4,26,0.50,42120.480469,0,27,0.0080,0.0,0.0,0.0,0.0,0.0,0.0,1.0
201441,0,1,3400,-58,58,227,18,25,0.50,46368.000000,0,27,0.0,0.0,0.0,0.0,0.0,0.0,0.0,1.0
201690,0,1,3400,-59,59,232,18,25,0.50,51520.000000,0,27,4.2,0.0,0.0,80,0.0,0.0,0.0,1.0
201939,0,1,3400,-59,59,229,18,25,0.50,25760.000000,0,27,7.4,0.0,0.0,0.0,0.0,0.0,0.0,1.0
202188,0,1,3400,-59,59,225,18,25,0.50,41568.000000,0,27,7.5,0.0,0.0,0.0,0.0,0.0,0.0,1.0
202437,0,1,3400,-58,58,223,9.8,25,0.50,39136.000000,0,27,7.4,0.0,0.0,0.0,0.0,0.0,0.0,1.0
202686,0,1,3400,-58,58,231,7.5,26,0.50,65696.000000,0,27,3.7,0.0,9152.000000,0,0.0,0.0,0.0,1.0
202935,0,1,3400,-58,58,233,2.7,25,0.50,20896.000000,0,27,0.0080,0.0,0.0,0.0,0.0,0.0,0.0,1.0
203184,0,1,3400,-58,58,229,16,26,0.50,55040.000000,0,27,0.0,0.0,0.0,0.0,0.0,0.0,0.0,1.0
203433,0,1,3400,-58,58,230,8.3,26,0.50,26624.000000,0,27,0.0,0.0,0.0,0.0,0.0,0.0,0.0,1.0
203682,0,1,3400,-58,58,230,8.4,26,0.50,16032.000000,0,27,1.5,0.0,18464.000000,0,0.0,0.0,0.0,1.0
203931,0,1,3400,-58,58,232,13,25,0.50,41792.000000,0,27,3.5,0.0,0.0,0.0,0.0,0.0,0.0,1.0
204180,0,1,3400,-58,58,239,17,26,0.50,41376.000000,0,27,3.5,0.0,0.0,0.0,0.0,0.0,0.0,1.0
204429,0,1,3400,-57,57,235,9.7,26,0.50,56256.000000,0,27,3.5,0.0,0.0,0.0,0.0,0.0,0.0,1.0
204678,0,1,3400,-57,57,229,8.4,27,0.50,47840.000000,0,27,2.6,0.0,12480.000000,0,0.0,0.0,0.0,1.0
204927,0,1,3400,-57,57,233,14,26,0.50,21280.000000,0,27,1.0,0.0,0.0,0.0,0.0,0.0,0.0,1.0
205176,0,1,3400,-57,57,229,13,26,0.50,68160.000000,0,27,1.0,0.0,0.0,0.0,0.0,0.0,0.0,1.0
205425,0,1,3400,-57,57,232,8.3,27,0.50,26816.000000,0,27,1.0,0.0,0.0,0.0,0.0,0.0,0.0,1.0
205674,0,1,3400,-57,57,235,6.1,27,0.50,38208.000000,0,27,2.4,0.0,10784.000000,0,0.0,0.0,0.0,1.0
205923,0,1,3400,-57,57,236,3.4,27,0.50,16704.000000,0,27,3.5,0.0,0.0,0.0,0.0,0.0,0.0,1.0
206172,0,1,3400,-57,57,232,3.5,26,0.50,16704.000000,0,27,3.5,0.0,0.0,0.0,0.0,0.0,0.0,1.0
206421,0,1,3400,-56,56,234,13,26,0.50,47616.000000,0,27,3.5,0.0,0.0,0.0,0.0,0.0,0.0,1.0
206670,0,1,3400,-56,56,231,18,27,0.50,20608.000000,0,27,2.3,0.0,8448.000000,0,0.0,0.0,0.0,1.0
206919,0,1,3400,-56,56,229,18,27,0.52,15617.530273,0,27,0.0,0.0,0.0,0.0,0.0,0.0,0.0,1.0
207168,0,1,3400,-56,56,232,8.6,26,0.63,51488.000000,0,27,0.0080,0.0,0.0,0.0,0.0,0.0,0.0,1.0
207417,0,1,3400,-56,56,236,9.5,26,0.50,58560.000000,0,27,0.0,0.0,0.0,0.0,0.0,0.0,0.0,1.0
207666,0,1,3400,-57,57,231,13,26,0.51,46880.000000,0,27,0.0,0.0,15424.000000,0,0.0,0.0,0.0,1.0
207915,0,1,3400,-57,57,228,12,26,0.53,53847.390625,0,27,0.0,0.0,0.0,0.0,0.0,0.0,0.0,1.0
208164,0,1,3400,-57,57,236,8.3,26,0.50,38272.000000,0,27,0.0,0.0,0.0,0.0,0.0,0.0,0.0,1.0
208413,0,1,3400,-56,56,238,11,26,0.50,21568.000000,0,27,0.0,0.0,0.0,0.0,0.0,0.0,0.0,1.0
208662,0,1,3400,-56,56,234,16,26,0.50,30912.000000,0,27,0.0080,0.0,14592.000000,0,0.0,0.0,0.0,1.0
208911,0,1,3400,-56,56,230,17,27,0.57,31136.000000,0,27,0.0,0.0,0.0,0.0,0.0,0.0,0.0,1.0
209160,0,1,3400,-56,56,226,15,27,0.72,36512.000000,0,27,0.0,0.0,0.0,0.0,0.0,0.0,0.0,1.0
209409,0,1,3400,-56,56,230,8.3,26,0.50,58240.000000,0,27,0.0080,0.0,0.0,0.0,0.0,0.0,0.0,1.0
209658,0,1,3400,-56,56,227,12,26,0.56,42976.000000,0,27,0.016,0.0,15424.000000,0,0.0,0.0,0.0,1.0
209907,0,1,3400,-56,56,225,9.2,27,0.50,38080.000000,0,27,0.0,0.0,0.0,0.0,0.0,0.0,0.0,1.0
210156,0,1,3400,-56,56,233,9.5,27,0.50,21760.000000,0,27,0.0,0.0,0.0,0.0,0.0,0.0,0.0,1.0
210405,0,1,3400,-56,56,236,12,27,0.50,42240.000000,0,27,0.0,0.0,0.0,0.0,0.0,0.0,0.0,1.0
210654,0,1,3400,-56,56,229,11,26,0.66,19712.000000,0,27,0.016,0.0,15424.000000,0,0.0,0.0,0.0,1.0
210903,0,1,3400,-56,56,224,8.4,27,0.50,46048.000000,0,27,0.0,0.0,0.0,0.0,0.0,0.0,0.0,1.0
211152,0,1,3400,-56,56,230,9.7,27,0.50,32832.000000,0,27,0.0080,0.0,0.0,0.0,0.0,0.0,0.0,1.0
211401,0,1,3400,-56,56,227,9.1,27,0.50,57760.000000,0,27,0.0080,0.0,0.0,0.0,0.0,0.0,0.0,1.0
211650,0,1,3400,-56,56,229,9.9,26,0.50,39200.000000,0,27,0.0,0.0,13024.000000,0,0.0,0.0,0.0,1.0
211899,0,1,3400,-56,56,233,12,26,0.50,47328.000000,0,27,0.0,0.0,0.0,0.0,0.0,0.0,0.0,1.0
212148,0,1,3400,-56,56,233,15,27,0.55,47904.000000,0,27,0.0080,0.0,0.0,0.0,0.0,0.0,0.0,1.0
212397,0,1,3400,-56,56,231,10,27,0.50,49440.000000,0,27,0.0,0.0,0.0,0.0,0.0,0.0,0.0,1.0
212646,0,1,3400,-56,56,230,18,27,0.50,25760.000000,0,27,0.0,0.0,15424.000000,0,0.0,0.0,0.0,1.0
212895,0,1,3400,-56,56,235,15,26,0.50,15552.000000,0,27,0.0,0.0,0.0,0.0,0.0,0.0,0.0,1.0
213144,0,1,3400,-56,56,230,16,27,0.50,30912.000000,0,27,0.0080,0.0,0.0,0.0,0.0,0.0,0.0,1.0
213393,0,1,3400,-56,56,225,15,27,0.50,57147.410156,0,27,0.0,0.0,0.0,0.0,0.0,0.0,0.0,1.0
213642,0,1,3400,-56,56,227,17,27,0.50,20608.000000,0,27,0.0,0.0,15424.000000,0,0.0,0.0,0.0,1.0
213891,0,1,3400,-56,56,226,11,26,0.50,49024.000000,0,27,0.0,0.0,0.0,0.0,0.0,0.0,0.0,1.0
214140,0,1,3400,-56,56,231,6.5,26,0.50,26432.000000,0,27,0.0,0.0,0.0,0.0,0.0,0.0,0.0,1.0
214389,0,1,3400,-56,56,229,4.2,27,0.50,23485.943359,0,27,0.032,0.0,0.0,0.0,0.0,0.0,0.0,1.0
214638,0,1,3400,-56,56,230,7.2,27,0.50,44256.000000,0,27,0.0,0.0,14592.000000,0,0.0,0.0,0.0,1.0
214887,0,1,3400,-56,56,229,18,27,0.50,47616.000000,0,27,0.0,0.0,0.0,0.0,0.0,0.0,0.0,1.0
215136,0,1,3400,-56,56,226,18,26,0.50,30912.000000,0,27,0.0,0.0,0.0,0.0,0.0,0.0,0.0,1.0
215385,0,1,3400,-56,56,230,17,26,0.54,41440.000000,0,27,0.0,0.0,0.0,0.0,0.0,0.0,0.0,1.0
215634,0,1,3400,-56,56,234,18,27,0.50,36064.000000,0,27,0.0080,0.0,13856.000000,0,0.0,0.0,0.0,1.0
215883,0,1,3400,-56,56,238,15,27,0.54,42048.000000,0,27,0.0,0.0,0.0,0.0,0.0,0.0,0.0,1.0
216132,0,1,3400,-56,56,231,15,26,0.55,25984.000000,0,27,0.0,0.0,0.0,0.0,0.0,0.0,0.0,1.0
216381,0,1,3400,-56,56,233,17,26,0.54,67200.000000,0,27,0.0,0.0,0.0,0.0,0.0,0.0,0.0,1.0
216630,0,1,3400,-56,56,237,18,27,0.50,30912.000000,0,27,0.0,0.0,15424.000000,0,0.0,0.0,0.0,1.0
216879,0,1,3400,-56,56,233,18,27,0.50,25760.000000,0,27,0.0,0.0,0.0,0.0,0.0,0.0,0.0,1.0
217128,0,1,3400,-56,56,228,18,26,0.50,25760.000000,0,27,0.0,0.0,0.0,0.0,0.0,0.0,0.0,1.0
217377,0,1,3400,-56,56,226,18,26,0.50,61824.000000,0,27,0.0,0.0,0.0,0.0,0.0,0.0,0.0,1.0
217626,0,1,3400,-56,56,227,18,27,0.50,41472.000000,0,27,0.0,0.0,15424.000000,0,0.0,0.0,0.0,1.0
217875,0,1,3400,-56,56,232,7.7,27,0.50,44320.000000,0,27,0.0,0.0,0.0,0.0,0.0,0.0,0.0,1.0
218124,0,1,3400,-56,56,230,14,27,0.50,41792.000000,0,27,0.0,0.0,0.0,0.0,0.0,0.0,0.0,1.0
218373,0,1,3400,-56,56,221,14,26,0.50,57632.000000,0,27,0.0080,0.0,0.0,0.0,0.0,0.0,0.0,1.0
218622,0,1,3400,-57,57,229,15,26,0.50,20608.000000,0,27,0.0,0.0,4704.000000,0,0.0,0.0,0.0,1.0
218871,0,1,3400,-57,57,228,18,26,0.50,56672.000000,0,27,0.0,0.0,10720.000000,0,0.0,0.0,0.0,1.0
219120,0,1,3400,-57,57,230,16,26,0.50,52384.000000,0,27,0.0080,0.0,0.0,0.0,0.0,0.0,0.0,1.0
219369,0,1,3400,-57,57,233,11,25,0.50,32448.000000,0,27,0.0,0.0,0.0,0.0,0.0,0.0,0.0,1.0
219618,0,1,3400,-58,58,227,18,25,0.50,61824.000000,0,27,0.0,0.0,14592.000000,0,0.0,0.0,0.0,1.0
219867,0,1,3400,-58,58,225,17,25,0.53,20749.003906,0,27,0.0,0.0,0.0,0.0,0.0,0.0,0.0,1.0
220116,0,1,3400,-58,58,228,17,25,0.50,51520.000000,0,27,0.0,0.0,0.0,0.0,0.0,0.0,0.0,1.0
220365,0,1,3400,-58,58,236,6.4,25,0.50,68448.000000,0,27,0.0,0.0,0.0,0.0,0.0,0.0,0.0,1.0
220614,0,1,3400,-59,59,237,17,24,0.50,31136.000000,0,27,0.016,0.0,15424.000000,0,0.0,0.0,0.0,1.0
220863,0,1,3400,-59,59,236,16,24,0.50,20608.000000,0,27,0.0,0.0,0.0,0.0,0.0,0.0,0.0,1.0
221112,0,1,3400,-59,59,236,18,24,0.50,31036.144531,0,27,0.0,0.0,0.0,0.0,0.0,0.0,0.0,1.0
221361,0,1,3400,-58,58,227,18,25,0.50,56672.000000,0,27,0.0080,0.0,0.0,0.0,0.0,0.0,0.0,1.0
221610,0,1,3400,-58,58,227,18,25,0.50,41216.000000,0,27,0.0,0.0,15424.000000,0,0.0,0.0,0.0,1.0
221859,0,1,3400,-58,58,233,14,24,0.50,42048.000000,0,27,0.016,0.0,0.0,0.0,0.0,0.0,0.0,1.0
222108,0,1,3400,-58,58,231,18,25,0.50,41216.000000,0,27,0.0,0.0,0.0,0.0,0.0,0.0,0.0,1.0
222357,0,1,3400,-58,58,229,15,25,0.50,40896.000000,0,27,0.0,0.0,0.0,0.0,0.0,0.0,0.0,1.0
222606,0,1,3400,-58,58,228,18,25,0.50,57184.000000,0,27,0.016,0.0,14592.000000,0,0.0,0.0,0.0,1.0
222855,0,1,3400,-58,58,228,7.8,25,0.50,31744.000000,0,27,0.0080,0.0,0.0,0.0,0.0,0.0,0.0,1.0
223104,0,1,3400,-58,58,233,18,25,0.50,15456.000000,0,27,0.0,0.0,0.0,0.0,0.0,0.0,0.0,1.0
223353,0,1,3400,-57,57,231,18,26,0.50,46528.000000,0,27,0.0,0.0,0.0,0.0,0.0,0.0,0.0,1.0
223602,0,1,3400,-57,57,229,15,26,0.59,21280.000000,0,27,0.0,0.0,14336.000000,0,0.0,0.0,0.0,1.0
223851,0,1,3400,-57,57,229,15,26,0.57,10304.000000,0,27,0.0,0.0,0.0,0.0,0.0,0.0,0.0,1.0
224100,0,1,3400,-57,57,232,11,25,0.53,32672.000000,0,27,0.0,0.0,0.0,0.0,0.0,0.0,0.0,1.0
224349,0,1,3400,-57,57,233,12,26,0.53,54208.000000,0,27,0.0080,0.0,0.0,0.0,0.0,0.0,0.0,1.0
224598,0,1,3400,-57,57,224,18,26,0.50,25760.000000,0,27,0.024,0.0,13024.000000,0,0.0,1.0,3.0,1.0
224847,0,1,3400,-57,57,227,18,26,0.50,56672.000000,0,27,0.0,0.0,0.0,0.0,0.0,0.0,0.0,1.0
225096,0,1,3400,-57,57,229,18,26,0.50,15456.000000,0,27,0.0,0.0,0.0,0.0,0.0,0.0,0.0,1.0
225345,0,1,3400,-57,57,233,7.6,25,0.52,46752.000000,0,27,0.0080,0.0,0.0,0.0,0.0,0.0,0.0,1.0
225594,0,1,3400,-58,58,234,15,25,0.62,57568.000000,0,27,0.48,0.0,17472.000000,0,0.0,0.0,0.0,1.0
225843,0,1,3400,-58,58,233,17,25,0.53,57120.000000,0,27,1.0,0.0,0.0,0.0,0.0,0.0,0.0,1.0
226092,0,1,3400,-58,58,232,15,25,0.58,31360.000000,0,27,1.0,0.0,0.0,0.0,0.0,0.0,0.0,1.0
226341,0,1,3400,-57,57,233,17,25,0.58,20525.896484,0,27,1.0,0.0,0.0,0.0,0.0,0.0,0.0,1.0
226590,0,1,3400,-57,57,226,17,26,0.51,25984.000000,0,27,0.60,0.0,14592.000000,0,0.0,0.0,0.0,1.0
226839,0,1,3400,-57,57,227,8.8,26,0.50,27919.679688,0,27,0.0,0.0,0.0,0.0,0.0,0.0,0.0,1.0
227088,0,1,3400,-57,57,229,18,26,0.50,51744.000000,0,27,0.0080,0.0,0.0,0.0,0.0,0.0,0.0,1.0
227337,0,1,3400,-57,57,234,13,25,0.55,28704.000000,0,27,0.0,0.0,0.0,0.0,0.0,0.0,0.0,1.0
227586,0,1,3400,-58,58,235,17,25,0.52,62272.000000,0,27,0.0080,0.0,16640.000000,0,0.0,0.0,0.0,1.0
227835,0,1,3400,-58,58,232,13,25,0.50,74432.000000,0,27,0.0080,0.0,0.0,0.0,0.0,0.0,0.0,1.0
228084,0,1,3400,-58,58,235,7.8,25,0.50,28096.000000,0,27,0.0,0.0,0.0,0.0,0.0,0.0,0.0,1.0
228333,0,1,3400,-58,58,229,12,25,0.50,46624.000000,0,27,0.0,0.0,0.0,0.0,0.0,0.0,0.0,1.0
228582,0,1,3400,-58,58,230,17,25,0.50,61824.000000,0,27,0.31,0.0,9696.000000,0,0.0,0.0,0.0,1.0
228831,0,1,3400,-58,58,232,18,25,0.50,41312.000000,0,27,0.50,0.0,0.0,0.0,0.0,0.0,0.0,1.0
229080,0,1,3400,-58,58,229,12,25,0.50,37632.000000,0,27,0.51,0.0,0.0,0.0,0.0,0.0,0.0,1.0
229329,0,1,3400,-58,58,229,17,25,0.50,72288.000000,0,27,0.50,0.0,0.0,0.0,0.0,0.0,0.0,1.0
229578,0,1,3400,-58,58,227,18,25,0.50,30912.000000,0,27,0.27,0.0,10240.000000,0,0.0,0.0,0.0,1.0
229827,0,1,3400,-58,58,225,9.5,24,0.50,32544.000000,0,27,0.0080,0.0,0.0,0.0,0.0,0.0,0.0,1.0
230076,0,1,3400,-58,58,226,8.9,25,0.50,41312.000000,0,27,0.0,0.0,0.0,0.0,0.0,0.0,0.0,1.0
230325,0,1,3400,-58,58,231,13,25,0.50,44096.000000,0,27,0.0080,0.0,0.0,0.0,0.0,0.0,0.0,1.0
230574,0,1,3400,-58,58,227,18,25,0.50,36064.000000,0,27,0.52,0.0,15232.000000,0,0.0,0.0,0.0,1.0
230823,0,1,3400,-58,58,229,18,25,0.50,30912.000000,0,27,1.0,0.0,0.0,0.0,0.0,0.0,0.0,1.0
231072,0,1,3400,-58,58,230,18,25,0.50,17856.000000,0,27,1.0,0.0,0.0,0.0,0.0,0.0,0.0,1.0
231321,0,1,3400,-58,58,232,9.0,25,0.50,46464.000000,0,27,1.0,0.0,0.0,0.0,0.0,0.0,0.0,1.0
231570,0,1,3400,-58,58,228,9.7,25,0.50,33984.000000,0,27,2.0,0.0,34304.000000,0,0.0,0.0,0.0,1.0
231819,0,1,3400,-58,58,232,3.2,25,0.50,47680.000000,0,27,4.0,0.0,0.0,0.0,0.0,0.0,0.0,1.0
232068,0,1,3400,-58,58,228,16,25,0.50,15456.000000,0,27,4.0,0.0,0.0,0.0,0.0,0.0,0.0,1.0
232317,0,1,3400,-58,58,230,7.8,25,0.50,32640.000000,0,27,4.0,0.0,0.0,0.0,0.0,0.0,0.0,1.0
232566,0,1,3400,-58,58,234,6.9,25,0.50,21376.000000,0,27,2.9,0.0,9152.000000,0,0.0,0.0,0.0,1.0
232815,0,1,3400,-58,58,230,10,25,0.50,43219.125000,0,27,2.0,0.0,0.0,0.0,0.0,0.0,0.0,1.0
233064,0,1,3400,-58,58,231,12,25,0.50,28096.000000,0,27,2.0,0.0,0.0,0.0,0.0,0.0,0.0,1.0
233313,0,1,3400,-58,58,229,18,25,0.50,20608.000000,0,27,2.0,0.0,0.0,0.0,0.0,0.0,0.0,1.0
233562,0,1,3400,-58,58,229,10,25,0.51,31744.000000,0,27,1.3,0.0,13024.000000,0,0.0,0.0,0.0,1.0
233811,0,1,3400,-58,58,232,15,25,0.50,41568.000000,0,27,0.0040,0.0,0.0,0.0,0.0,0.0,0.0,1.0
234060,0,1,3400,-58,58,233,9.4,25,0.50,36337.347656,0,27,0.0040,0.0,0.0,0.0,0.0,0.0,0.0,1.0
234309,0,1,3400,-58,58,231,14,25,0.50,28544.000000,0,27,0.0,0.0,0.0,0.0,0.0,0.0,0.0,1.0
234558,0,1,3400,-58,58,229,15,25,0.50,37088.000000,0,27,0.0,0.0,4704.000000,0,0.0,0.0,0.0,1.0
234807,0,1,3400,-58,58,232,14,25,0.50,47104.000000,0,27,2.0,0.0,12288.000000,0,0.0,0.0,0.0,1.0
235056,0,1,3400,-58,58,234,17,25,0.50,30912.000000,0,27,2.0,0.0,0.0,0.0,0.0,0.0,0.0,1.0
235305,0,1,3400,-58,58,230,16,25,0.50,31008.000000,0,27,2.0,0.0,0.0,0.0,0.0,0.0,0.0,1.0
235554,0,1,3400,-58,58,231,7.5,25,0.50,26656.000000,0,27,1.5,0.0,11520.000000,0,0.0,0.0,0.0,1.0
235803,0,1,3400,-58,58,228,12,25,0.50,42368.000000,0,27,1.0,0.0,0.0,0.0,0.0,0.0,0.0,1.0
236052,0,1,3400,-58,58,230,15,25,0.50,36640.000000,0,27,1.0,0.0,0.0,0.0,0.0,0.0,0.0,1.0
236301,0,1,3400,-58,58,236,15,25,0.50,10304.000000,0,27,1.0,0.0,0.0,0.0,0.0,0.0,0.0,1.0
236550,0,1,3400,-58,58,235,18,25,0.50,41216.000000,0,27,0.49,0.0,11616.000000,0,0.0,0.0,0.0,1.0
236799,0,1,3400,-58,58,234,16,25,0.50,47264.000000,0,27,0.0,0.0,0.0,0.0,0.0,0.0,0.0,1.0
237048,0,1,3400,-58,58,229,12,25,0.50,57760.000000,0,27,0.0,0.0,0.0,0.0,0.0,0.0,0.0,1.0
237297,0,1,3400,-58,58,231,13,25,0.50,52544.000000,0,27,0.0,0.0,0.0,0.0,0.0,0.0,0.0,1.0
237546,0,1,3400,-58,58,223,12,25,0.50,47776.000000,0,27,2.0,0.0,14336.000000,0,0.0,0.0,0.0,1.0
237795,0,1,3400,-58,58,225,17,25,0.50,46592.000000,0,27,4.0,0.0,0.0,0.0,0.0,0.0,0.0,1.0
238044,0,1,3400,-58,58,233,13,25,0.50,84384.000000,0,27,4.0,0.0,0.0,0.0,0.0,0.0,0.0,1.0
238293,0,1,3400,-58,58,230,15,25,0.50,43776.000000,0,27,4.0,0.0,0.0,0.0,0.0,0.0,0.0,1.0
238542,0,1,3400,-59,59,226,13,24,0.50,26720.000000,0,27,3.9,0.0,8416.000000,0,0.0,0.0,0.0,1.0
238791,0,1,3400,-59,59,232,7.1,24,0.50,33120.000000,0,27,1.0,0.0,2880.000000,0,0.0,0.0,0.0,1.0
239040,0,1,3400,-59,59,231,13,24,0.50,27296.000000,0,27,1.0,0.0,0.0,0.0,0.0,0.0,0.0,1.0
239289,0,1,3400,-59,59,225,12,24,0.50,15456.000000,0,27,1.0,0.0,0.0,0.0,0.0,0.0,0.0,1.0
239538,0,1,3400,-60,60,233,13,24,0.50,53450.199219,0,27,1.5,0.0,18613.544922,0,0.0,0.0,0.0,1.0
239787,0,1,3400,-60,60,231,6.1,23,0.50,48896.000000,0,27,2.0,0.0,0.0,0.0,0.0,0.0,0.0,1.0
240036,0,1,3400,-60,60,231,16,23,0.50,46496.000000,0,27,2.0,0.0,0.0,0.0,0.0,0.0,0.0,1.0
240285,0,1,3400,-60,60,232,18,23,0.50,67244.976562,0,27,2.0,0.0,0.0,0.0,0.0,0.0,0.0,1.0
240534,0,1,3400,-60,60,236,17,24,0.50,31808.000000,0,27,1.2,0.0,14592.000000,0,0.0,0.0,0.0,1.0
240783,0,1,3400,-60,60,237,6.2,23,0.50,38048.000000,0,27,0.0040,0.0,0.0,0.0,0.0,0.0,0.0,1.0
241032,0,1,3400,-60,60,232,5.1,23,0.50,45376.000000,0,27,0.0040,0.0,0.0,0.0,0.0,0.0,0.0,1.0
241281,0,1,3400,-60,60,225,3.2,24,0.50,50496.000000,0,27,0.0080,0.0,0.0,0.0,0.0,0.0,0.0,1.0
241530,0,1,3400,-60,60,222,12,24,0.50,36544.000000,0,27,0.0,0.0,14592.000000,0,0.0,0.0,0.0,1.0
241779,0,1,3400,-60,60,226,15,23,0.50,36896.000000,0,27,0.0,0.0,0.0,0.0,0.0,0.0,0.0,1.0
242028,0,1,3400,-60,60,232,17,23,0.50,56992.000000,0,27,0.0040,0.0,0.0,0.0,0.0,0.0,0.0,1.0
242277,0,1,3400,-60,60,228,16,23,0.50,31168.000000,0,27,0.0,0.0,0.0,0.0,0.0,0.0,0.0,1.0
242526,0,1,3400,-60,60,226,14,24,0.50,38784.000000,0,27,0.0080,0.0,14592.000000,0,0.0,0.0,0.0,1.0
242775,0,1,3400,-60,60,231,13,24,0.50,27040.000000,0,27,0.0,0.0,0.0,0.0,0.0,0.0,0.0,1.0
243024,0,1,3400,-60,60,231,13,23,0.50,48224.000000,0,27,0.0,0.0,0.0,0.0,0.0,0.0,0.0,1.0
243273,0,1,3400,-59,59,227,15,23,0.50,63808.000000,0,27,0.0040,0.0,0.0,0.0,0.0,0.0,0.0,1.0
243522,0,1,3400,-59,59,229,18,24,0.50,41216.000000,0,27,0.97,0.0,21568.000000,0,0.0,0.0,0.0,1.0
243771,0,1,3400,-59,59,227,18,24,0.50,46560.000000,0,27,2.0,0.0,0.0,0.0,0.0,0.0,0.0,1.0
244020,0,1,3400,-59,59,230,18,24,0.50,25760.000000,0,27,2.0,0.0,0.0,0.0,0.0,0.0,0.0,1.0
244269,0,1,3400,-59,59,234,15,24,0.50,36736.000000,0,27,2.0,0.0,0.0,0.0,0.0,0.0,0.0,1.0
244518,0,1,3400,-59,59,234,9.2,24,0.53,25920.000000,0,27,1.6,0.0,18688.000000,0,0.0,0.0,0.0,1.0
244767,0,1,3400,-59,59,230,12,24,0.50,37216.000000,0,27,1.00,0.0,0.0,0.0,0.0,0.0,0.0,1.0
245016,0,1,3400,-59,59,229,15,24,0.50,52800.000000,0,27,1.00,0.0,0.0,0.0,0.0,0.0,0.0,1.0
245265,0,1,3400,-59,59,230,13,24,0.50,16128.000000,0,27,1.0,0.0,0.0,0.0,0.0,0.0,0.0,1.0
245514,0,1,3400,-59,59,232,13,24,0.50,10816.000000,0,27,0.58,0.0,19744.000000,0,0.0,0.0,0.0,1.0
245763,0,1,3400,-59,59,233,13,24,0.50,32448.000000,0,27,0.0080,0.0,0.0,0.0,0.0,0.0,0.0,1.0
246012,0,1,3400,-59,59,230,13,24,0.50,37705.179688,0,27,0.0080,0.0,0.0,0.0,0.0,0.0,0.0,1.0
246261,0,1,3400,-59,59,234,10,24,0.50,47904.000000,0,27,0.0040,0.0,0.0,0.0,0.0,0.0,0.0,1.0
246510,0,1,3400,-59,59,228,7.4,24,0.50,32192.000000,0,27,1.5,0.0,22304.000000,0,0.0,0.0,0.0,1.0
246759,0,1,3400,-59,59,231,8.5,24,0.50,27084.337891,0,27,3.0,0.0,0.0,0.0,0.0,0.0,0.0,1.0
247008,0,1,3400,-59,59,234,13,24,0.59,57472.000000,6,27,3.0,0.0,0.0,0.0,0.0,0.0,0.0,1.0
247257,0,1,3400,-59,59,230,16,24,0.50,36416.000000,0,27,3.0,0.0,0.0,0.0,0.0,0.0,0.0,1.0
247506,0,1,3400,-59,59,227,18,24,0.50,56672.000000,0,27,2.5,0.0,29440.000000,0,0.0,0.0,0.0,1.0
247755,0,1,3400,-59,59,227,14,24,0.63,31296.000000,0,27,2.0,0.0,0.0,0.0,0.0,0.0,0.0,1.0
248004,0,1,3400,-59,59,229,13,24,0.50,59296.000000,0,27,2.0,0.0,0.0,0.0,0.0,0.0,0.0,1.0
248253,0,1,3400,-59,59,229,15,24,0.50,48512.000000,0,27,2.0,0.0,0.0,0.0,0.0,0.0,0.0,1.0
248502,0,1,3400,-59,59,228,13,24,0.50,37024.000000,0,27,1.4,0.0,16640.000000,0,0.0,0.0,0.0,1.0
248751,0,1,3400,-59,59,229,13,24,0.50,43936.000000,0,27,1.0,0.0,0.0,0.0,0.0,0.0,0.0,1.0
249000,0,1,3400,-59,59,230,7.8,24,0.50,26432.000000,0,27,1.0,0.0,0.0,0.0,0.0,0.0,0.0,1.0
249249,0,1,3400,-59,59,233,9.8,24,0.59,31328.000000,0,27,1.0,0.0,0.0,0.0,0.0,0.0,0.0,1.0
249498,0,1,3400,-60,60,229,18,24,0.52,31072.000000,0,27,1.5,0.0,19328.000000,0,0.0,0.0,0.0,1.0
249747,0,1,3400,-60,60,232,12,23,0.50,37024.000000,0,27,2.0,0.0,0.0,0.0,0.0,0.0,0.0,1.0
249996,0,1,3400,-60,60,226,18,23,0.50,56768.000000,0,27,2.0,0.0,0.0,0.0,0.0,0.0,0.0,1.0
250245,0,1,3400,-59,59,230,15,24,0.50,58944.000000,0,27,2.0,0.0,0.0,0.0,0.0,0.0,0.0,1.0
250494,0,1,3400,-59,59,229,14,24,0.61,48704.000000,0,27,0.97,0.0,12640.000000,0,0.0,0.0,0.0,1.0
250743,0,1,3400,-59,59,230,16,24,0.50,20960.000000,0,27,0.024,0.0,0.0,0.0,0.0,0.0,0.0,1.0
250992,0,1,3400,-59,59,234,12,24,0.50,37408.000000,0,27,0.024,0.0,0.0,0.0,0.0,0.0,0.0,1.0
251241,0,1,3400,-59,59,229,13,24,0.50,64672.000000,0,27,0.0080,0.0,0.0,0.0,0.0,0.0,0.0,1.0
251490,0,1,3400,-59,59,229,6.3,24,0.50,57728.000000,0,27,2.2,0.0,24576.000000,0,0.0,0.0,0.0,1.0
251739,0,1,3400,-59,59,224,1.4,24,0.50,35264.000000,0,27,4.5,0.0,0.0,0.0,0.0,0.0,0.0,1.0
251988,0,1,3400,-59,59,230,9.0,24,0.50,41312.000000,0,27,4.4,0.0,0.0,0.0,0.0,0.0,0.0,1.0
252237,0,1,3400,-59,59,236,12,24,0.55,23488.000000,0,27,4.5,0.0,0.0,0.0,0.0,0.0,0.0,1.0
252486,0,1,3400,-59,59,234,9.2,24,0.50,36908.367188,0,27,4.1,0.0,8764.940430,0,0.0,0.0,0.0,1.0
252735,0,1,3400,-59,59,230,18,24,0.50,20608.000000,0,27,3.5,0.0,0.0,0.0,0.0,0.0,0.0,1.0
252984,0,1,3400,-59,59,225,14,24,0.58,36704.000000,0,27,3.5,0.0,0.0,0.0,0.0,0.0,0.0,1.0
253233,0,1,3400,-59,59,229,11,24,0.60,21879.517578,0,27,3.5,0.0,0.0,0.0,0.0,0.0,0.0,1.0
253482,0,1,3400,-60,60,230,15,24,0.50,15552.000000,0,27,2.2,0.0,12576.000000,0,0.0,0.0,0.0,1.0
253731,0,1,3400,-60,60,229,14,24,0.50,43552.000000,0,27,1.0,0.0,0.0,0.0,0.0,0.0,0.0,1.0
253980,0,1,3400,-60,60,236,15,23,0.50,26208.000000,0,27,1.0,0.0,0.0,0.0,0.0,0.0,0.0,1.0
254229,0,1,3400,-60,60,232,15,23,0.62,31424.000000,0,27,1.0,0.0,0.0,0.0,0.0,0.0,0.0,1.0
254478,0,1,3400,-60,60,231,14,23,0.50,51872.000000,0,27,1.1,0.0,12576.000000,0,0.0,0.0,0.0,1.0
254727,0,1,3400,-60,60,227,14,24,0.50,31072.000000,0,27,1.0,0.0,0.0,0.0,0.0,0.0,0.0,1.0
254976,0,1,3400,-60,60,227,18,23,0.50,67072.000000,0,27,1.0,0.0,0.0,0.0,0.0,0.0,0.0,1.0
255225,0,1,3400,-60,60,227,17,23,0.50,67264.000000,0,27,1.0,0.0,0.0,0.0,0.0,0.0,0.0,1.0
255474,0,1,3400,-60,60,228,6.8,23,0.50,21792.000000,0,27,1.5,0.0,10784.000000,0,0.0,0.0,0.0,1.0
255723,0,1,3400,-60,60,229,10,23,0.50,21472.000000,0,27,3.5,0.0,0.0,0.0,0.0,0.0,0.0,1.0
255972,0,1,3400,-60,60,227,13,23,0.50,48608.000000,0,27,3.5,0.0,0.0,0.0,0.0,0.0,0.0,1.0
256221,0,1,3400,-60,60,235,13,23,0.50,70304.000000,0,27,3.5,0.0,0.0,0.0,0.0,0.0,0.0,1.0
256470,0,1,3400,-60,60,232,15,23,0.50,67648.000000,0,27,3.6,0.0,15904.000000,0,0.0,0.0,0.0,1.0
256719,0,1,3400,-60,60,230,7.1,23,0.50,16736.000000,0,27,3.5,0.0,0.0,0.0,0.0,0.0,0.0,1.0
256968,0,1,3400,-60,60,230,13,23,0.50,48576.000000,0,27,3.5,0.0,0.0,0.0,0.0,0.0,0.0,1.0
257217,0,1,3400,-60,60,230,12,23,0.50,26976.000000,0,27,3.5,0.0,0.0,0.0,0.0,0.0,0.0,1.0
257466,0,1,3400,-61,61,231,14,23,0.50,37152.000000,0,27,2.1,0.0,14688.000000,0,0.0,0.0,0.0,1.0
257715,0,1,3400,-61,61,230,13,22,0.57,53056.000000,0,27,1.0,0.0,0.0,0.0,0.0,0.0,0.0,1.0
257964,0,1,3400,-61,61,231,4.8,22,0.50,32704.000000,0,27,1.0,0.0,0.0,0.0,0.0,0.0,0.0,1.0
258213,0,1,3400,-61,61,237,14,22,0.50,47168.000000,0,27,1.0,0.0,0.0,0.0,0.0,0.0,0.0,1.0
258462,0,1,3400,-62,62,233,11,22,0.50,36640.000000,0,27,0.50,0.0,19968.000000,0,0.0,0.0,0.0,1.0
258711,0,1,3400,-62,62,234,15,22,0.50,36256.000000,0,27,0.0,0.0,0.0,0.0,0.0,0.0,0.0,1.0
258960,0,1,3400,-62,62,234,8.5,21,0.50,26996.015625,0,27,0.0,0.0,0.0,0.0,0.0,0.0,0.0,1.0
259209,0,1,3400,-62,62,230,16,21,0.64,47776.000000,0,27,0.0,0.0,0.0,0.0,0.0,0.0,0.0,1.0
259458,0,1,3400,-63,63,229,14,21,0.50,53333.332031,0,27,0.052,0.0,11855.421875,0,0.0,0.0,0.0,1.0
259707,0,1,3400,-63,63,227,15,21,0.61,26496.000000,0,27,0.0,0.0,0.0,0.0,0.0,0.0,0.0,1.0
259956,0,1,3400,-63,63,227,9.7,20,0.50,44160.000000,0,27,0.0080,0.0,0.0,0.0,0.0,0.0,0.0,1.0
260205,0,1,3400,-63,63,230,11,21,0.50,32064.000000,0,27,0.0080,0.0,0.0,0.0,0.0,0.0,0.0,1.0
260454,0,1,3400,-63,63,231,1.2,21,0.50,17728.000000,0,27,2.7,0.0,42720.000000,0,0.0,0.0,0.0,1.0
260703,0,1,3400,-63,63,221,7.7,21,0.59,47360.000000,0,27,5.5,0.0,0.0,0.0,0.0,0.0,0.0,1.0
260952,0,1,3400,-63,63,226,14,20,0.57,27424.000000,0,27,5.5,0.0,0.0,0.0,0.0,0.0,0.0,1.0
261201,0,1,3400,-63,63,226,8.7,20,0.63,22240.000000,0,27,5.5,0.0,0.0,0.0,0.0,0.0,0.0,1.0
261450,0,1,3400,-64,64,229,15,20,0.61,47136.000000,0,27,4.5,0.0,13728.000000,0,0.0,0.0,0.0,1.0
261699,0,1,3400,-64,64,231,8.5,20,0.50,71264.000000,0,27,3.5,0.0,0.0,0.0,0.0,0.0,0.0,1.0
261948,0,1,3400,-64,64,227,8.8,20,0.50,60960.000000,0,27,3.5,0.0,0.0,0.0,0.0,0.0,0.0,1.0
262197,0,1,3400,-63,63,230,15,20,0.50,37088.000000,0,27,3.5,0.0,0.0,0.0,0.0,0.0,0.0,1.0
262446,0,1,3400,-63,63,235,16,20,0.50,52480.000000,0,27,2.2,0.0,12288.000000,0,0.0,0.0,0.0,1.0
262695,0,1,3400,-63,63,234,8.2,21,0.50,21280.000000,0,27,1.0,0.0,0.0,0.0,0.0,0.0,0.0,1.0
262944,0,1,3400,-63,63,228,6.1,21,0.50,38336.000000,0,27,1.0,0.0,0.0,0.0,0.0,0.0,0.0,1.0
263193,0,1,3400,-63,63,231,11,20,0.50,42464.000000,0,27,1.0,0.0,0.0,0.0,0.0,0.0,0.0,1.0
263442,0,1,3400,-64,64,230,10,20,0.56,48320.000000,0,27,0.51,0.0,13184.000000,0,0.0,0.0,0.0,1.0
263691,0,1,3400,-64,64,227,11,20,0.61,37600.000000,0,27,0.0,0.0,0.0,0.0,0.0,0.0,0.0,1.0
263940,0,1,3400,-64,64,228,14,20,0.95,51968.000000,7,27,0.0080,0.0,0.0,0.0,0.0,0.0,0.0,1.0
264189,0,1,3400,-64,64,227,8.7,20,0.50,10688.000000,0,27,0.0080,0.0,0.0,0.0,0.0,0.0,0.0,1.0
264438,0,1,3400,-64,64,223,5.6,20,0.50,35712.000000,0,27,0.78,0.0,10656.000000,0,0.0,0.0,0.0,1.0
264687,0,1,3400,-64,64,227,5.2,19,0.50,62560.000000,0,27,1.5,0.0,0.0,0.0,0.0,1.0,3.0,1.0
264936,0,1,3400,-64,64,229,8.6,20,0.50,22976.000000,0,27,1.5,0.0,0.0,0.0,0.0,0.0,0.0,1.0
265185,0,1,3400,-64,64,229,13,20,0.58,58144.000000,0,27,1.5,0.0,0.0,0.0,0.0,0.0,0.0,1.0
265434,0,1,3400,-64,64,227,7.6,20,0.50,22374.501953,0,27,1.0,0.0,11410.358398,0,0.0,0.0,0.0,1.0
265683,0,1,3400,-64,64,231,11,20,0.50,49863.453125,0,27,0.0,0.0,0.0,0.0,0.0,0.0,0.0,1.0
265932,0,1,3400,-64,64,232,13,20,0.63,31296.000000,0,27,0.0,0.0,0.0,0.0,0.0,0.0,0.0,1.0
266181,0,1,3400,-64,64,227,9.2,20,0.50,50304.000000,0,27,0.024,0.0,0.0,0.0,0.0,0.0,0.0,1.0
266430,0,1,3400,-64,64,228,9.6,20,0.50,48128.000000,0,27,0.0,0.0,13184.000000,0,0.0,0.0,0.0,1.0
266679,0,1,3400,-64,64,231,13,20,0.91,43680.000000,6,27,0.0,0.0,0.0,0.0,0.0,0.0,0.0,1.0
266928,0,1,3400,-64,64,228,17,20,1.0,53344.000000,0,27,0.0080,0.0,0.0,0.0,0.0,0.0,0.0,1.0
267177,0,1,3400,-64,64,228,16,20,1.5,38560.000000,11,27,0.0,0.0,0.0,0.0,0.0,0.0,0.0,1.0
267426,0,1,3400,-64,64,231,14,20,1.4,16352.000000,0,27,1.1,0.0,31104.000000,17,0.0,0.0,0.0,1.0
267675,0,1,3400,-64,64,237,14,20,0.89,27136.000000,0,27,8.0,0.0,0.0,0.0,0.0,0.0,0.0,1.0
267924,0,1,3400,-64,64,235,15,20,1.6,5888.000000,33,27,8.0,0.0,0.0,0.0,0.0,0.0,0.0,1.0
268173,0,1,3400,-64,64,228,11,20,0.53,57760.000000,0,27,8.0,0.0,0.0,0.0,0.0,0.0,0.0,1.0
268422,0,1,3400,-64,64,226,9.5,20,0.52,27168.000000,0,27,5.7,0.0,26080.000000,0,0.0,0.0,0.0,1.0
268671,0,1,3400,-64,64,233,11,20,0.50,5472.000000,0,27,2.0,0.0,0.0,0.0,0.0,0.0,0.0,1.0
268920,0,1,3400,-64,64,234,12,20,1.1,47584.000000,2,27,2.0,0.0,0.0,0.0,0.0,0.0,0.0,1.0
269169,0,1,3400,-64,64,231,2.5,20,0.50,896,0,27,2.0,0.0,0.0,0.0,0.0,0.0,0.0,1.0
269418,0,1,3400,-64,64,233,2.7,20,0.58,54624.000000,14,27,2.0,186,0.0,0.0,0.0,0.0,0.0,1.0
269667,0,1,3400,-64,64,233,15,20,1.3,25600.000000,13,27,0.30,0.0,9888.000000,0,0.0,0.0,0.0,1.0
269916,0,1,3400,-64,64,231,13,20,0.82,21568.000000,0,27,0.0,0.0,0.0,0.0,0.0,0.0,0.0,1.0
270165,0,1,3400,-64,64,228,16,19,2.1,9568.000000,40,27,0.0,0.0,0.0,0.0,0.0,0.0,0.0,1.0
270414,0,1,3400,-64,64,226,16,19,2.2,0.0,0.0,27,0.0,0.0,0.0,0.0,0.0,0.0,0.0,1.0
270663,0,1,3400,-65,65,231,16,19,2.2,0.0,0.0,27,0.0,0.0,0.0,0.0,0.0,0.0,0.0,1.0
270912,0,1,3400,-65,65,227,16,19,2.2,0.0,0.0,27,0.0,0.0,0.0,0.0,0.0,0.0,0.0,1.0
271161,0,1,3400,-65,65,225,12,19,0.80,147872.000000,0,27,0.45,0.0,15904.000000,0,0.0,0.0,0.0,1.0
271410,0,1,3400,-65,65,227,10,19,1.8,3360.000000,6,27,1.00,0.0,0.0,0.0,0.0,0.0,0.0,1.0
271659,0,1,3400,-65,65,232,11,19,0.50,59072.000000,0,27,0.94,0.0,21568.000000,0,0.0,0.0,0.0,1.0
271908,0,1,3400,-65,65,230,8.4,19,0.50,28096.000000,0,27,1.0,0.0,0.0,0.0,0.0,0.0,0.0,1.0
272157,0,1,3400,-65,65,227,10,19,0.85,91296.000000,1,27,1.0,0.0,0.0,0.0,0.0,0.0,0.0,1.0
272406,0,1,3400,-65,65,227,12,18,0.51,16416.000000,0,27,0.86,0.0,11136.000000,0,0.0,0.0,0.0,1.0
272655,0,1,3400,-66,66,230,12,18,0.58,81568.000000,0,27,0.0,0.0,0.0,0.0,0.0,0.0,0.0,1.0
272904,0,1,3400,-66,66,231,13,18,0.59,48800.000000,0,27,0.0080,0.0,0.0,0.0,0.0,0.0,0.0,1.0
273153,0,1,3400,-66,66,232,12,18,1.1,22976.000000,12,27,0.0,0.0,0.0,0.0,0.0,0.0,0.0,1.0
273402,0,1,3400,-66,66,233,9.6,18,0.68,52096.000000,0,27,0.22,0.0,13408.000000,0,0.0,0.0,0.0,1.0
273651,0,1,3400,-66,66,236,15,18,0.62,21696.000000,0,27,0.0,0.0,0.0,0.0,0.0,0.0,0.0,1.0
273900,0,1,3400,-66,66,230,9.0,18,0.55,34144.000000,0,27,0.0080,0.0,0.0,0.0,0.0,0.0,0.0,1.0
274149,0,1,3400,-66,66,234,9.9,18,0.50,22784.000000,0,27,0.0,0.0,0.0,0.0,0.0,0.0,0.0,1.0
274398,0,1,3400,-66,66,231,8.6,18,0.50,11104.000000,0,27,1.3,0.0,21792.000000,0,0.0,0.0,0.0,1.0
274647,0,1,3400,-66,66,230,7.6,18,0.50,39424.000000,0,27,3.5,0.0,0.0,0.0,0.0,0.0,0.0,1.0
274896,0,1,3400,-66,66,225,9.2,18,0.50,55712.000000,0,27,3.5,0.0,0.0,0.0,0.0,0.0,0.0,1.0
275145,0,1,3400,-65,65,226,15,18,2.0,5376.000000,50,27,3.5,0.0,0.0,0.0,0.0,0.0,0.0,1.0
275394,0,1,3400,-65,65,227,14,19,1.0,26240.000000,21,27,2.5,0.0,18400.000000,0,0.0,0.0,0.0,1.0
275643,0,1,3400,-65,65,235,16,19,2.1,14432.000000,33,27,2.0,0.0,0.0,0.0,0.0,0.0,0.0,1.0
275892,0,1,3400,-65,65,232,14,19,1.7,11616.000000,0,27,2.0,0.0,0.0,0.0,0.0,0.0,0.0,1.0
276141,0,1,3400,-65,65,226,11,19,1.5,16224.000000,12,27,2.0,0.0,0.0,0.0,0.0,0.0,0.0,1.0
276390,0,1,3400,-65,65,228,11,19,1.3,39840.000000,3,27,3.1,0.0,24480.000000,0,0.0,0.0,0.0,1.0
276639,0,1,3400,-65,65,229,12,19,0.59,65408.000000,0,27,5.5,0.0,0.0,0.0,0.0,0.0,0.0,1.0
276888,0,1,3400,-65,65,230,15,19,1.9,12032.000000,45,27,5.5,0.0,0.0,0.0,0.0,0.0,0.0,1.0
277137,0,1,3400,-65,65,234,14,19,1.0,0.0,0.0,27,5.5,0.0,0.0,0.0,0.0,0.0,0.0,1.0
277386,0,1,3400,-65,65,232,14,19,1.00,0.0,0.0,27,5.5,0.0,0.0,0.0,0.0,0.0,0.0,1.0
277635,0,1,3400,-65,65,237,13,19,0.84,66432.000000,0,27,4.6,0.0,16832.000000,0,0.0,0.0,0.0,1.0
277884,0,1,3400,-65,65,231,12,18,0.56,54368.000000,0,27,2.0,0.0,0.0,0.0,0.0,0.0,0.0,1.0
278133,0,1,3400,-65,65,221,12,18,0.50,29504.000000,0,27,2.0,0.0,0.0,0.0,0.0,0.0,0.0,1.0
278382,0,1,3400,-65,65,225,12,18,0.53,39520.000000,0,27,1.7,0.0,12288.000000,0,0.0,0.0,0.0,1.0
278631,0,1,3400,-66,66,225,9.6,18,0.55,39872.000000,0,27,1.0,0.0,0.0,0.0,0.0,0.0,0.0,1.0
278880,0,1,3400,-66,66,227,6.9,18,0.60,52064.000000,0,27,1.0,0.0,0.0,0.0,0.0,0.0,0.0,1.0
279129,0,1,3400,-66,66,233,8.4,18,0.54,22080.000000,0,27,1.0,0.0,0.0,0.0,0.0,0.0,0.0,1.0
279378,0,1,3400,-66,66,232,8.2,18,0.56,47008.000000,8,27,1.0,186,0.0,0.0,0.0,0.0,0.0,1.0
279627,0,1,3400,-66,66,223,17,18,2.0,8320.000000,50,27,1.8,0.0,16832.000000,0,0.0,0.0,0.0,1.0
279876,0,1,3400,-66,66,228,9.5,18,0.70,39136.000000,3,27,2.0,0.0,0.0,0.0,0.0,0.0,0.0,1.0
280125,0,1,3400,-66,66,230,12,18,0.58,65600.000000,0,27,2.2,0.0,352,33,0.0,0.0,0.0,1.0
280374,0,1,3400,-66,66,232,9.4,18,0.82,36960.000000,7,27,3.8,0.0,50144.000000,0,0.0,0.0,0.0,1.0
280623,0,1,3400,-66,66,229,15,18,0.67,30176.000000,0,27,6.2,0.0,352,0,0.0,0.0,0.0,1.0
280872,0,1,3400,-66,66,226,17,18,0.69,87424.000000,0,27,5.0,0.0,0.0,0.0,0.0,0.0,0.0,1.0
281121,0,1,3400,-66,66,220,11,18,0.50,34432.000000,0,27,5.0,0.0,0.0,0.0,0.0,0.0,0.0,1.0
281370,0,1,3400,-66,66,227,7.8,17,0.50,55488.000000,0,27,2.5,0.0,14112.000000,0,0.0,0.0,0.0,1.0
281619,0,1,3400,-67,67,230,9.4,17,0.50,59744.000000,0,27,0.0,0.0,0.0,0.0,0.0,0.0,0.0,1.0
281868,0,1,3400,-67,67,229,7.0,17,0.50,47872.000000,0,27,0.0,0.0,0.0,0.0,0.0,0.0,0.0,1.0
282117,0,1,3400,-67,67,230,9.6,17,0.58,66144.000000,0,27,0.0080,0.0,0.0,0.0,0.0,0.0,0.0,1.0
282366,0,1,3400,-67,67,229,8.9,17,0.58,44992.000000,0,27,2.6,0.0,14400.000000,0,0.0,0.0,0.0,1.0
282615,0,1,3400,-67,67,229,12,17,0.85,41280.000000,3,27,7.0,0.0,0.0,0.0,0.0,0.0,0.0,1.0
282864,0,1,3400,-67,67,233,12,17,1.1,35520.000000,0,27,7.0,0.0,0.0,0.0,0.0,0.0,0.0,1.0
283113,0,1,3400,-66,66,231,9.5,18,0.50,57504.000000,0,27,6.8,0.0,0.0,50,0.0,0.0,0.0,1.0
283362,0,1,3400,-66,66,232,11,18,0.53,48352.000000,0,27,3.8,0.0,41440.000000,9,0.0,0.0,0.0,1.0
283611,0,1,3400,-66,66,233,9.3,18,0.56,45024.000000,0,27,4.0,0.0,0.0,0.0,0.0,0.0,0.0,1.0
283860,0,1,3400,-66,66,233,11,18,0.69,21632.000000,0,27,4.0,0.0,0.0,0.0,0.0,0.0,0.0,1.0
284109,0,1,3400,-66,66,235,11,18,0.70,88928.000000,0,27,4.0,0.0,0.0,0.0,0.0,0.0,0.0,1.0
284358,0,1,3400,-66,66,233,10,18,0.50,22272.000000,0,27,3.9,0.0,10080.000000,0,0.0,0.0,0.0,1.0
284607,0,1,3400,-66,66,227,11,18,0.50,66592.000000,0,27,4.0,0.0,8512.000000,0,0.0,0.0,0.0,1.0
284856,0,1,3400,-66,66,232,10,18,0.50,54656.000000,0,27,4.0,0.0,0.0,0.0,0.0,0.0,0.0,1.0
285105,0,1,3400,-65,65,234,13,18,0.81,17248.000000,21,27,4.0,0.0,0.0,0.0,0.0,0.0,0.0,1.0
285354,0,1,3400,-65,65,228,14,19,1.6,40448.000000,12,27,4.0,0.0,34688.000000,0,0.0,0.0,0.0,1.0
285603,0,1,3400,-65,65,223,16,19,1.7,4224.000000,50,27,4.5,0.0,0.0,0.0,0.0,0.0,0.0,1.0
285852,0,1,3400,-65,65,228,11,19,0.95,33280.000000,4,27,4.5,0.0,0.0,0.0,0.0,0.0,0.0,1.0
286101,0,1,3400,-65,65,233,15,19,0.50,5472.000000,0,27,4.5,0.0,0.0,0.0,0.0,0.0,0.0,1.0
286350,0,1,3400,-65,65,229,15,19,0.60,62368.000000,0,27,2.2,0.0,14112.000000,0,0.0,0.0,0.0,1.0
286599,0,1,3400,-65,65,229,10,19,0.56,48032.000000,0,27,0.0,0.0,0.0,0.0,0.0,0.0,0.0,1.0
286848,0,1,3400,-65,65,236,13,19,0.64,43296.000000,0,27,0.0,0.0,0.0,0.0,0.0,0.0,0.0,1.0
287097,0,1,3400,-64,64,229,15,19,1.3,27840.000000,14,27,0.0,0.0,0.0,0.0,0.0,0.0,0.0,1.0
287346,0,1,3400,-64,64,233,16,20,2.4,14336.000000,47,27,1.2,0.0,24288.000000,0,0.0,0.0,0.0,1.0
287595,0,1,3400,-64,64,240,11,20,1.1,17696.000000,0,27,3.5,0.0,0.0,0.0,0.0,0.0,0.0,1.0
287844,0,1,3400,-64,64,228,6.0,20,0.50,0.0,0.0,27,3.5,0.0,0.0,0.0,0.0,0.0,0.0,1.0
288093,0,1,3400,-64,64,228,6.8,20,0.56,47584.000000,10,27,3.5,0.0,0.0,0.0,0.0,0.0,0.0,1.0
288342,0,1,3400,-64,64,229,16,20,1.2,79520.000000,18,27,4.0,0.0,25536.000000,0,0.0,0.0,0.0,1.0
288591,0,1,3400,-64,64,228,13,20,0.53,65568.000000,2,27,5.5,0.0,0.0,0.0,0.0,0.0,0.0,1.0
288840,0,1,3400,-64,64,234,11,20,0.50,32704.000000,0,27,5.5,0.0,0.0,0.0,0.0,0.0,0.0,1.0
289089,0,1,3400,-64,64,235,13,20,0.63,68928.000000,4,27,5.5,0.0,0.0,0.0,0.0,0.0,0.0,1.0
289338,0,1,3400,-64,64,234,12,20,1.4,29216.000000,3,27,5.0,0.0,11840.000000,0,0.0,0.0,0.0,1.0
289587,0,1,3400,-64,64,224,13,20,0.70,23904.000000,44,27,4.5,0.0,0.0,0.0,0.0,0.0,0.0,1.0
289836,0,1,3400,-64,64,228,18,20,1.3,39808.000000,14,27,4.5,0.0,0.0,0.0,0.0,0.0,0.0,1.0
290085,0,1,3400,-64,64,233,17,19,0.62,47168.000000,0,27,4.5,0.0,0.0,0.0,0.0,0.0,0.0,1.0
290334,0,1,3400,-65,65,229,13,19,0.50,33152.000000,0,27,3.0,0.0,14112.000000,0,0.0,0.0,0.0,1.0
290583,0,1,3400,-65,65,230,12,19,0.53,43520.000000,0,27,0.0080,0.0,0.0,0.0,0.0,0.0,0.0,1.0
290832,0,1,3400,-65,65,232,8.3,19,0.50,32704.000000,0,27,0.0080,0.0,0.0,0.0,0.0,0.0,0.0,1.0
291081,0,1,3400,-65,65,228,13,19,1.2,23296.000000,5,27,0.0,0.0,0.0,0.0,0.0,0.0,0.0,1.0
291330,0,1,3400,-65,65,221,12,19,0.50,32128.000000,0,27,0.0,186,0.0,0.0,0.0,0.0,0.0,1.0
291579,0,1,3400,-65,65,228,17,19,0.71,15872.509766,0,27,4.5,0.0,16828.685547,0,0.0,0.0,0.0,1.0
291828,0,1,3400,-65,65,230,18,19,0.75,0.0,0.0,27,5.0,0.0,0.0,0.0,0.0,0.0,0.0,1.0
292077,0,1,3400,-64,64,229,17,19,1.0,54208.000000,20,27,5.0,0.0,0.0,0.0,0.0,0.0,0.0,1.0
292326,0,1,3400,-64,64,228,12,20,0.64,22144.000000,0,27,3.4,0.0,21216.000000,0,0.0,0.0,0.0,1.0
292575,0,1,3400,-64,64,227,10,20,0.50,0.0,0.0,27,2.0,0.0,0.0,0.0,0.0,0.0,0.0,1.0
292824,0,1,3400,-64,64,236,10,20,0.50,0.0,0.0,27,2.0,0.0,0.0,0.0,0.0,0.0,0.0,1.0
293073,0,1,3400,-64,64,238,10,20,0.50,123968.000000,0,27,2.0,0.0,0.0,0.0,0.0,0.0,0.0,1.0
293322,0,1,3400,-64,64,232,11,20,0.50,30528.000000,0,27,1.1,0.0,16288.000000,0,0.0,0.0,0.0,1.0
293571,0,1,3400,-64,64,224,8.6,20,0.50,0.0,0.0,27,0.024,0.0,0.0,0.0,0.0,0.0,0.0,1.0
293820,0,1,3400,-64,64,225,11,19,0.50,75296.000000,0,27,0.0,0.0,0.0,0.0,0.0,0.0,0.0,1.0
294069,0,1,3400,-64,64,225,8.8,19,0.50,16736.000000,0,27,0.0,0.0,0.0,0.0,0.0,0.0,0.0,1.0
294318,0,1,3400,-65,65,225,18,19,0.66,52096.000000,0,27,0.024,186,0.0,0.0,0.0,0.0,0.0,1.0
294567,0,1,3400,-65,65,224,11,19,0.50,38336.000000,0,27,7.2,0.0,16576.000000,0,0.0,0.0,0.0,1.0
294816,0,1,3400,-65,65,227,17,19,1.6,22368.000000,18,27,8.0,0.0,0.0,0.0,0.0,0.0,0.0,1.0
295065,0,1,3400,-65,65,233,15,19,1.9,17600.000000,14,27,8.0,0.0,0.0,0.0,0.0,0.0,0.0,1.0
295314,0,1,3400,-65,65,230,9.8,19,0.54,60160.000000,0,27,7.4,0.0,14400.000000,0,0.0,0.0,0.0,1.0
295563,0,1,3400,-65,65,227,12,19,0.72,32800.000000,0,27,7.0,0.0,0.0,0.0,0.0,0.0,0.0,1.0
295812,0,1,3400,-65,65,235,12,19,1.1,0.0,100.000000,27,7.0,0.0,0.0,0.0,0.0,0.0,0.0,1.0
296061,0,1,3400,-65,65,235,14,20,1.9,22944.000000,0,27,7.0,0.0,0.0,0.0,0.0,0.0,0.0,1.0
296310,0,1,3400,-65,65,235,9.1,21,0.54,38976.000000,0,27,4.9,0.0,28448.000000,0,0.0,0.0,0.0,1.0
296559,0,1,3400,-65,65,232,3.8,20,0.50,36064.000000,0,27,1.0,0.0,0.0,0.0,0.0,0.0,0.0,1.0
296808,0,1,3400,-65,65,232,11,20,0.56,52832.000000,0,27,1.0,0.0,0.0,0.0,0.0,0.0,0.0,1.0
297057,0,1,3400,-65,65,233,13,21,0.53,47616.000000,0,27,1.0,0.0,0.0,0.0,0.0,0.0,0.0,1.0
297306,0,1,3400,-66,66,230,14,21,0.63,26400.000000,0,27,1.2,0.0,28704.000000,0,0.0,0.0,0.0,1.0
297555,0,1,3400,-66,66,232,13,20,0.50,43008.000000,0,27,1.0,0.0,0.0,0.0,0.0,0.0,0.0,1.0
297804,0,1,3400,-66,66,227,13,20,0.50,37856.000000,0,27,1.0,0.0,0.0,0.0,0.0,0.0,0.0,1.0
298053,0,1,3400,-66,66,228,12,20,0.58,22368.000000,0,27,1.0,0.0,0.0,0.0,0.0,0.0,0.0,1.0
298302,0,1,3400,-66,66,226,12,20,0.58,52384.000000,0,27,0.62,0.0,22208.000000,0,0.0,0.0,0.0,1.0
298551,0,1,3400,-66,66,231,14,20,0.74,49824.000000,0,27,0.0,0.0,0.0,0.0,0.0,0.0,0.0,1.0
298800,0,1,3400,-66,66,233,8.0,20,0.50,26496.000000,0,27,0.0080,0.0,0.0,0.0,0.0,0.0,0.0,1.0
299049,0,1,3400,-66,66,235,2.0,19,0.51,35968.000000,0,27,0.0,0.0,0.0,0.0,0.0,0.0,0.0,1.0
299298,0,1,3400,-66,66,231,10,20,0.55,31648.000000,0,27,0.52,0.0,28448.000000,0,0.0,0.0,0.0,1.0
299547,0,1,3400,-66,66,226,9.7,19,0.55,49248.000000,0,27,1.0,0.0,0.0,0.0,0.0,0.0,0.0,1.0
299796,0,1,3400,-66,66,228,12,20,0.64,62848.000000,0,27,1.0,0.0,0.0,0.0,0.0,0.0,0.0,1.0
300045,0,1,3400,-65,65,229,14,20,0.56,32192.000000,0,27,1.0,0.0,0.0,0.0,0.0,0.0,0.0,1.0
300294,0,1,3400,-65,65,232,14,20,0.58,42432.000000,0,27,5.6,0.0,16320.000000,0,0.0,0.0,0.0,1.0
300543,0,1,3400,-65,65,223,9.2,21,0.50,28896.000000,0,27,9.5,0.0,0.0,0.0,0.0,0.0,0.0,1.0
300792,0,1,3400,-65,65,228,10,20,0.53,38080.000000,0,27,9.5,0.0,0.0,0.0,0.0,0.0,0.0,1.0
301041,0,1,3400,-65,65,231,4.8,21,0.55,66240.000000,0,27,9.5,0.0,0.0,0.0,0.0,0.0,0.0,1.0
301290,0,1,3400,-65,65,227,7.3,20,0.52,67680.000000,0,27,6.5,0.0,11744.000000,0,0.0,0.0,0.0,1.0
301539,0,1,3400,-65,65,227,11,20,0.56,45664.000000,0,27,1.5,0.0,0.0,0.0,0.0,0.0,0.0,1.0
301788,0,1,3400,-65,65,228,7.9,21,0.50,37984.000000,0,27,1.5,0.0,0.0,0.0,0.0,0.0,0.0,1.0
302037,0,1,3400,-65,65,230,7.6,21,0.54,43872.000000,0,27,1.5,0.0,0.0,0.0,0.0,0.0,0.0,1.0
302286,0,1,3400,-65,65,232,8.0,21,0.50,27648.000000,0,27,6.1,0.0,107104.000000,5,0.0,0.0,0.0,1.0
302535,0,1,3400,-65,65,230,5.9,21,0.50,48768.000000,0,27,10,0.0,0.0,0.0,0.0,0.0,0.0,1.0
302784,0,1,3400,-65,65,231,11,20,0.50,67616.000000,0,27,10,0.0,0.0,0.0,0.0,0.0,0.0,1.0
303033,0,1,3400,-65,65,224,13,20,0.54,48160.000000,0,27,10,0.0,0.0,0.0,0.0,0.0,0.0,1.0
303282,0,1,3400,-66,66,219,5.0,20,0.54,46048.000000,0,27,10,0.0,15808.000000,0,0.0,0.0,0.0,1.0
303531,0,1,3400,-66,66,225,13,20,0.51,59104.000000,0,27,10,0.0,0.0,0.0,0.0,0.0,0.0,1.0
303780,0,1,3400,-66,66,231,13,19,0.55,26784.000000,0,27,10,0.0,0.0,0.0,0.0,0.0,0.0,1.0
304029,0,1,3400,-65,65,230,11,20,0.50,82432.000000,0,27,10,0.0,0.0,0.0,0.0,0.0,0.0,1.0
304278,0,1,3400,-65,65,230,15,21,0.73,21120.000000,0,27,10,186,0.0,0.0,0.0,0.0,0.0,1.0
304527,0,1,3400,-65,65,230,16,21,0.74,52608.000000,0,27,6.6,0.0,12064.000000,0,0.0,0.0,0.0,1.0
304776,0,1,3400,-65,65,232,17,21,0.71,20608.000000,0,27,6.0,0.0,0.0,0.0,0.0,0.0,0.0,1.0
305025,0,1,3400,-65,65,234,18,21,0.86,62336.000000,0,27,6.0,0.0,0.0,0.0,0.0,0.0,0.0,1.0
305274,0,1,3400,-65,65,227,15,21,0.73,42496.000000,0,27,6.8,0.0,16320.000000,0,0.0,0.0,0.0,1.0
305523,0,1,3400,-65,65,227,15,20,0.65,68928.000000,0,27,9.5,0.0,0.0,0.0,0.0,0.0,0.0,1.0
305772,0,1,3400,-65,65,226,14,20,0.70,58496.000000,0,27,9.5,0.0,0.0,0.0,0.0,0.0,0.0,1.0
306021,0,1,3400,-65,65,225,14,21,0.54,53728.000000,0,27,9.5,0.0,0.0,0.0,0.0,0.0,0.0,1.0
306270,0,1,3400,-66,66,232,13,20,0.50,48416.000000,0,27,6.3,0.0,13728.000000,0,0.0,0.0,0.0,1.0
306519,0,1,3400,-66,66,228,13,20,0.55,47904.000000,0,27,3.5,0.0,0.0,0.0,0.0,0.0,0.0,1.0
306768,0,1,3400,-66,66,234,13,20,0.52,48672.000000,0,27,3.5,0.0,0.0,0.0,0.0,0.0,0.0,1.0
307017,0,1,3400,-65,65,227,13,20,0.50,32448.000000,0,27,3.5,0.0,0.0,0.0,0.0,0.0,0.0,1.0
307266,0,1,3400,-65,65,222,13,21,0.55,31936.000000,0,27,7.6,0.0,22208.000000,0,0.0,0.0,0.0,1.0
307515,0,1,3400,-65,65,229,15,21,0.70,42560.000000,0,27,11,0.0,0.0,0.0,0.0,0.0,0.0,1.0
307764,0,1,3400,-65,65,231,7.4,21,0.50,27328.000000,0,27,11,0.0,0.0,0.0,0.0,0.0,0.0,1.0
308013,0,1,3400,-64,64,228,9.2,21,0.50,39744.000000,0,27,11,0.0,0.0,0.0,0.0,0.0,0.0,1.0
308262,0,1,3400,-64,64,229,6.0,21,0.50,22336.000000,0,27,7.7,0.0,63968.000000,0,0.0,0.0,0.0,1.0
308511,0,1,3400,-64,64,230,9.3,21,0.53,43968.000000,0,27,4.5,0.0,0.0,0.0,0.0,0.0,0.0,1.0
308760,0,1,3400,-64,64,235,18,22,0.50,26272.000000,0,27,4.5,0.0,0.0,0.0,0.0,0.0,0.0,1.0
309009,0,1,3400,-64,64,234,8.1,21,0.50,51040.000000,0,27,4.5,0.0,0.0,0.0,0.0,0.0,0.0,1.0
309258,0,1,3400,-64,64,230,15,22,0.53,46784.000000,0,27,7.6,0.0,18624.000000,0,0.0,0.0,0.0,1.0
309507,0,1,3400,-64,64,228,10,21,0.52,32448.000000,0,27,10,0.0,0.0,0.0,0.0,0.0,0.0,1.0
309756,0,1,3400,-64,64,226,18,22,0.61,30912.000000,0,27,10,0.0,0.0,0.0,0.0,0.0,0.0,1.0
310005,0,1,3400,-64,64,228,16,21,0.74,51936.000000,0,27,10,0.0,0.0,0.0,0.0,0.0,0.0,1.0
310254,0,1,3400,-65,65,229,15,21,0.85,37344.000000,0,27,8.8,0.0,65984.000000,0,0.0,0.0,0.0,1.0
310503,0,1,3400,-65,65,230,11,21,0.76,36736.000000,0,27,7.0,0.0,0.0,0.0,0.0,0.0,0.0,1.0
310752,0,1,3400,-65,65,231,13,21,0.57,32352.000000,0,27,7.0,0.0,0.0,0.0,0.0,0.0,0.0,1.0
311001,0,1,3400,-64,64,234,7.8,21,0.53,38272.000000,0,27,7.0,0.0,0.0,0.0,0.0,0.0,0.0,1.0
311250,0,1,3400,-64,64,227,18,21,0.79,36064.000000,0,27,9.3,0.0,111712.000000,0,0.0,0.0,0.0,1.0
311499,0,1,3400,-64,64,224,18,21,0.60,57184.000000,0,27,12,0.0,0.0,0.0,0.0,0.0,0.0,1.0
311748,0,1,3400,-64,64,229,16,21,0.63,15616.000000,0,27,12,0.0,0.0,0.0,0.0,0.0,0.0,1.0
311997,0,1,3400,-63,63,233,14,22,0.50,5152.000000,0,27,12,0.0,0.0,0.0,0.0,0.0,0.0,1.0
312246,0,1,3400,-63,63,233,17,23,0.50,20608.000000,0,27,11,0.0,18880.000000,0,0.0,0.0,0.0,1.0
312495,0,1,3400,-63,63,229,18,22,0.50,61824.000000,0,27,11,0.0,0.0,0.0,0.0,0.0,0.0,1.0
312744,0,1,3400,-63,63,228,17,22,0.50,57088.000000,0,27,11,0.0,0.0,0.0,0.0,0.0,0.0,1.0
312993,0,1,3400,-63,63,232,16,22,0.53,62080.000000,0,27,11,0.0,0.0,0.0,0.0,0.0,0.0,1.0
313242,0,1,3400,-63,63,227,15,23,0.51,46624.000000,0,27,9.6,0.0,14144.000000,0,0.0,0.0,0.0,1.0
313491,0,1,3400,-63,63,230,18,23,0.55,36064.000000,0,27,8.5,0.0,0.0,0.0,0.0,0.0,0.0,1.0
313740,0,1,3400,-63,63,230,18,23,0.50,61824.000000,0,27,8.5,0.0,0.0,0.0,0.0,0.0,0.0,1.0
313989,0,1,3400,-62,62,226,17,23,0.55,46528.000000,0,27,8.5,0.0,0.0,0.0,0.0,0.0,0.0,1.0
314238,0,1,3400,-62,62,232,18,23,0.50,51520.000000,0,27,8.6,0.0,14144.000000,0,0.0,0.0,0.0,1.0
314487,0,1,3400,-62,62,232,16,24,0.51,67424.000000,0,27,8.5,0.0,0.0,0.0,0.0,0.0,0.0,1.0
314736,0,1,3400,-62,62,232,18,24,0.50,36064.000000,0,27,8.5,0.0,0.0,0.0,0.0,0.0,0.0,1.0
314985,0,1,3400,-62,62,227,18,23,0.50,41216.000000,0,27,8.5,0.0,0.0,0.0,0.0,0.0,0.0,1.0
315234,0,1,3400,-62,62,226,18,24,0.50,56672.000000,0,27,9.6,0.0,15808.000000,0,0.0,0.0,0.0,1.0
315483,0,1,3400,-62,62,225,18,23,0.55,36064.000000,0,27,11,0.0,0.0,0.0,0.0,0.0,0.0,1.0
315732,0,1,3400,-62,62,231,18,23,0.54,51520.000000,0,27,10,0.0,0.0,0.0,0.0,0.0,0.0,1.0
315981,0,1,3400,-62,62,233,18,23,0.52,66976.000000,0,27,10,0.0,0.0,0.0,0.0,0.0,0.0,1.0
316230,0,1,3400,-62,62,227,18,24,0.50,30912.000000,0,27,6.8,0.0,13728.000000,0,0.0,0.0,0.0,1.0
316479,0,1,3400,-62,62,232,18,24,0.50,46592.000000,0,27,3.5,0.0,0.0,0.0,0.0,0.0,0.0,1.0
316728,0,1,3400,-62,62,235,18,24,0.50,36064.000000,0,27,3.5,0.0,0.0,0.0,0.0,0.0,0.0,1.0
316977,0,1,3400,-62,62,232,18,23,0.55,41216.000000,0,27,3.5,0.0,0.0,0.0,0.0,0.0,0.0,1.0
317226,0,1,3400,-62,62,234,17,23,0.50,67424.000000,0,27,8.6,0.0,21952.000000,0,0.0,0.0,0.0,1.0
317475,0,1,3400,-62,62,232,18,24,0.50,30912.000000,0,27,13,0.0,0.0,0.0,0.0,0.0,0.0,1.0
317724,0,1,3400,-62,62,235,18,23,0.53,61824.000000,0,27,13,0.0,0.0,0.0,0.0,0.0,0.0,1.0
317973,0,1,3400,-62,62,231,18,24,0.50,20608.000000,0,27,13,0.0,0.0,0.0,0.0,0.0,0.0,1.0
318222,0,1,3400,-62,62,227,18,23,0.56,30912.000000,0,27,9.6,0.0,18464.000000,0,0.0,0.0,0.0,1.0
318471,0,1,3400,-62,62,224,13,23,0.50,36768.000000,0,27,3.5,0.0,0.0,0.0,0.0,0.0,0.0,1.0
318720,0,1,3400,-62,62,230,15,24,0.50,31072.000000,0,27,3.5,0.0,0.0,0.0,0.0,0.0,0.0,1.0
318969,0,1,3400,-62,62,231,12,24,0.50,32512.000000,0,27,3.5,0.0,0.0,0.0,0.0,0.0,0.0,1.0
319218,0,1,3400,-62,62,229,17,23,0.54,66976.000000,0,27,3.7,0.0,22048.000000,0,0.0,0.0,0.0,1.0
319467,0,1,3400,-62,62,233,18,23,0.50,10304.000000,0,27,3.5,0.0,0.0,0.0,0.0,0.0,0.0,1.0
319716,0,1,3400,-62,62,235,18,24,0.50,46368.000000,0,27,3.5,0.0,0.0,0.0,0.0,0.0,0.0,1.0
319965,0,1,3400,-62,62,230,18,24,0.56,25760.000000,0,27,3.5,0.0,0.0,0.0,0.0,0.0,0.0,1.0
320214,0,1,3400,-62,62,231,18,23,0.50,30912.000000,0,27,3.6,0.0,13728.000000,0,0.0,0.0,0.0,1.0
320464,0,1,3400,-62,62,235,15,23,0.50,36448.000000,0,27,3.5,0.0,0.0,0.0,0.0,0.0,0.0,1.0
320713,0,1,3400,-62,62,235,18,24,0.50,51520.000000,0,27,3.5,0.0,0.0,0.0,0.0,0.0,0.0,1.0
320962,0,1,3400,-61,61,225,18,24,0.50,41216.000000,0,27,3.5,0.0,0.0,0.0,0.0,0.0,0.0,1.0
321211,0,1,3400,-61,61,222,19,24,0.50,30912.000000,0,27,4.8,0.0,13632.000000,0,0.0,0.0,0.0,1.0
321460,0,1,3400,-61,61,228,18,24,0.50,46368.000000,0,27,9.5,0.0,0.0,0.0,0.0,0.0,0.0,1.0
321709,0,1,3400,-61,61,232,18,24,0.50,41216.000000,0,27,9.5,0.0,0.0,0.0,0.0,0.0,0.0,1.0
321958,0,1,3400,-60,60,231,18,24,0.50,25760.000000,0,27,9.5,0.0,0.0,0.0,0.0,0.0,0.0,1.0
322207,0,1,3400,-60,60,228,18,25,0.50,41216.000000,0,27,11,0.0,21952.000000,0,0.0,0.0,0.0,1.0
322456,0,1,3400,-60,60,222,18,25,0.50,56672.000000,0,27,13,0.0,0.0,0.0,0.0,0.0,0.0,1.0
322705,0,1,3400,-60,60,229,18,25,0.50,46368.000000,0,27,13,0.0,0.0,0.0,0.0,0.0,0.0,1.0
322954,0,1,3400,-60,60,235,13,25,0.50,47648.000000,0,27,13,0.0,0.0,0.0,0.0,0.0,0.0,1.0
323203,0,1,3400,-61,61,235,9.0,25,0.50,5152.000000,0,27,12,0.0,13632.000000,0,0.0,0.0,0.0,1.0
323452,0,1,3400,-61,61,237,18,25,0.50,41216.000000,0,27,9.5,0.0,0.0,0.0,0.0,0.0,0.0,1.0
323701,0,1,3400,-61,61,233,17,24,0.50,25984.000000,0,27,9.5,0.0,0.0,0.0,0.0,0.0,0.0,1.0
323950,0,1,3400,-61,61,234,15,24,0.50,30912.000000,0,27,9.5,0.0,0.0,0.0,0.0,0.0,0.0,1.0
324199,0,1,3400,-61,61,230,18,24,0.50,41216.000000,0,27,10,0.0,15808.000000,0,0.0,0.0,0.0,1.0
324448,0,1,3400,-61,61,228,18,24,0.50,41216.000000,0,27,10,0.0,0.0,0.0,0.0,0.0,0.0,1.0
324697,0,1,3400,-61,61,232,18,25,0.50,30912.000000,0,27,10,0.0,0.0,0.0,0.0,0.0,0.0,1.0
324946,0,1,3400,-61,61,225,18,24,0.50,30912.000000,0,27,10,0.0,0.0,0.0,0.0,0.0,0.0,1.0
325195,0,1,3400,-61,61,231,18,24,0.50,56672.000000,0,27,12,0.0,23488.000000,0,0.0,0.0,0.0,1.0
325444,0,1,3400,-61,61,233,18,25,0.53,30912.000000,0,27,14,0.0,0.0,0.0,0.0,0.0,0.0,1.0
325693,0,1,3400,-61,61,231,18,25,0.50,51520.000000,0,27,14,0.0,0.0,0.0,0.0,0.0,0.0,1.0
325942,0,1,3400,-60,60,222,18,25,0.50,25760.000000,0,27,14,0.0,0.0,0.0,0.0,0.0,0.0,1.0
326191,0,1,3400,-60,60,223,18,25,0.50,46368.000000,0,27,10,0.0,14400.000000,0,0.0,0.0,0.0,1.0
326440,0,1,3400,-60,60,227,18,25,0.50,41216.000000,0,27,7.0,0.0,0.0,0.0,0.0,0.0,0.0,1.0
326689,0,1,3400,-60,60,234,16,25,0.52,41600.000000,0,27,7.0,0.0,0.0,0.0,0.0,0.0,0.0,1.0
326938,0,1,3400,-59,59,233,17,26,0.50,82624.000000,0,27,7.0,0.0,0.0,0.0,0.0,0.0,0.0,1.0
327187,0,1,3400,-59,59,224,18,26,0.50,30912.000000,0,27,7.9,0.0,13632.000000,0,0.0,0.0,0.0,1.0
327436,0,1,3400,-59,59,223,18,26,0.50,25760.000000,0,27,9.5,0.0,0.0,0.0,0.0,0.0,0.0,1.0
327685,0,1,3400,-59,59,229,18,26,0.50,46368.000000,0,27,9.5,0.0,0.0,0.0,0.0,0.0,0.0,1.0
327935,0,1,3400,-59,59,234,18,26,0.50,46368.000000,0,27,9.5,0.0,0.0,0.0,0.0,0.0,0.0,1.0
328184,0,1,3400,-59,59,229,18,26,0.52,20832.000000,0,27,10,0.0,15808.000000,0,0.0,0.0,0.0,1.0
328433,0,1,3400,-59,59,227,16,26,0.54,51872.000000,0,27,10,0.0,0.0,0.0,0.0,0.0,0.0,1.0
328682,0,1,3400,-59,59,234,15,26,0.50,36224.000000,0,27,10,0.0,0.0,0.0,0.0,0.0,0.0,1.0
328931,0,1,3400,-59,59,235,18,26,0.50,30912.000000,0,27,11,0.0,0.0,0.0,0.0,0.0,0.0,1.0
329180,0,1,3400,-60,60,224,18,25,0.50,46528.000000,0,27,11,0.0,18880.000000,0,0.0,0.0,0.0,1.0
329429,0,1,3400,-60,60,224,18,26,0.65,26144.000000,0,27,11,0.0,0.0,0.0,0.0,0.0,0.0,1.0
329678,0,1,3400,-60,60,228,18,25,0.50,36064.000000,0,27,11,0.0,0.0,0.0,0.0,0.0,0.0,1.0
329927,0,1,3400,-60,60,234,18,25,0.50,15456.000000,0,27,11,0.0,0.0,0.0,0.0,0.0,0.0,1.0
330176,0,1,3400,-60,60,231,18,25,0.55,36352.000000,0,27,11,0.0,18880.000000,0,0.0,0.0,0.0,1.0
330425,0,1,3400,-60,60,227,21,26,0.73,5152.000000,0,27,11,0.0,0.0,0.0,0.0,0.0,0.0,1.0
330674,0,1,3400,-60,60,223,18,25,0.50,15456.000000,0,27,11,0.0,0.0,0.0,0.0,0.0,0.0,1.0
330923,0,1,3400,-59,59,227,17,26,0.64,31104.000000,0,27,11,0.0,0.0,0.0,0.0,0.0,0.0,1.0
331172,0,1,3400,-59,59,232,16,26,0.57,31072.000000,0,27,11,0.0,18880.000000,0,0.0,0.0,0.0,1.0
331421,0,1,3400,-59,59,236,16,26,0.50,46752.000000,0,27,11,0.0,0.0,0.0,0.0,0.0,0.0,1.0
331670,0,1,3400,-59,59,232,16,26,0.50,51744.000000,0,27,11,0.0,0.0,0.0,0.0,0.0,0.0,1.0
331919,0,1,3400,-59,59,232,17,26,0.50,25568.000000,0,27,11,0.0,0.0,0.0,0.0,0.0,0.0,1.0
332168,0,1,3400,-59,59,223,13,26,0.50,5728.000000,0,27,12,0.0,18368.000000,0,0.0,0.0,0.0,1.0
332417,0,1,3400,-59,59,223,16,26,0.50,46752.000000,0,27,12,0.0,0.0,0.0,0.0,0.0,0.0,1.0
332666,0,1,3400,-59,59,229,17,26,0.50,31488.000000,0,27,12,0.0,0.0,0.0,0.0,0.0,0.0,1.0
332915,0,1,3400,-58,58,227,17,26,0.50,41568.000000,0,27,12,0.0,0.0,0.0,0.0,0.0,0.0,1.0
333164,0,1,3400,-58,58,230,18,26,0.50,52192.000000,0,27,12,0.0,21952.000000,0,0.0,0.0,0.0,1.0
333413,0,1,3400,-58,58,234,18,27,0.50,20448.000000,0,27,13,0.0,0.0,0.0,0.0,0.0,0.0,1.0
333662,0,1,3400,-58,58,230,19,27,0.50,36064.000000,0,27,13,0.0,0.0,0.0,0.0,0.0,0.0,1.0
333911,0,1,3400,-58,58,232,18,27,0.50,41440.000000,0,27,13,0.0,0.0,0.0,0.0,0.0,0.0,1.0
334160,0,1,3400,-59,59,230,16,26,0.50,41344.000000,0,27,13,0.0,21952.000000,0,0.0,0.0,0.0,1.0
334409,0,1,3400,-59,59,231,18,26,0.50,41216.000000,0,27,13,0.0,0.0,0.0,0.0,0.0,0.0,1.0
334658,0,1,3400,-59,59,235,18,27,0.60,51712.000000,0,27,13,0.0,0.0,0.0,0.0,0.0,0.0,1.0
334907,0,1,3400,-58,58,229,18,27,0.50,52512.000000,0,27,13,0.0,0.0,0.0,0.0,0.0,0.0,1.0
335156,0,1,3400,-58,58,231,18,27,0.50,36064.000000,0,27,13,0.0,21952.000000,0,0.0,0.0,0.0,1.0
335405,0,1,3400,-58,58,229,18,27,0.50,20608.000000,0,27,13,0.0,0.0,0.0,0.0,0.0,0.0,1.0
335654,0,1,3400,-58,58,234,17,27,0.50,41408.000000,0,27,13,0.0,0.0,0.0,0.0,0.0,0.0,1.0
335903,0,1,3400,-58,58,230,16,27,0.50,30912.000000,0,27,13,0.0,0.0,0.0,0.0,0.0,0.0,1.0
336152,0,1,3400,-58,58,229,17,27,0.50,72512.000000,0,27,13,0.0,21952.000000,0,0.0,0.0,0.0,1.0
336401,0,1,3400,-58,58,232,18,27,0.50,57088.000000,0,27,13,0.0,0.0,0.0,0.0,0.0,0.0,1.0
336650,0,1,3400,-58,58,232,17,27,0.50,46560.000000,0,27,13,0.0,0.0,0.0,0.0,0.0,0.0,1.0
336899,0,1,3400,-57,57,228,17,28,0.50,41216.000000,0,27,13,0.0,0.0,0.0,0.0,0.0,0.0,1.0
337148,0,1,3400,-57,57,229,18,28,0.50,31040.000000,0,27,13,0.0,18368.000000,0,0.0,0.0,0.0,1.0
337397,0,1,3400,-57,57,230,18,27,0.50,52064.000000,0,27,12,0.0,0.0,0.0,0.0,0.0,0.0,1.0
337646,0,1,3400,-57,57,232,18,27,0.50,72128.000000,0,27,12,0.0,0.0,0.0,0.0,0.0,0.0,1.0
337895,0,1,3400,-57,57,225,17,28,0.50,20800.000000,0,27,12,0.0,0.0,0.0,0.0,0.0,0.0,1.0
338144,0,1,3400,-57,57,225,21,29,0.63,31680.000000,0,27,11,0.0,15808.000000,0,0.0,0.0,0.0,1.0
338393,0,1,3400,-57,57,229,13,28,0.50,36416.000000,0,27,11,0.0,0.0,0.0,0.0,0.0,0.0,1.0
338642,0,1,3400,-57,57,229,18,28,0.50,41216.000000,0,27,10,0.0,0.0,0.0,0.0,0.0,0.0,1.0
338891,0,1,3400,-57,57,232,18,28,0.50,25760.000000,0,27,10,0.0,0.0,0.0,0.0,0.0,0.0,1.0
339140,0,1,3400,-57,57,230,17,29,0.51,31072.000000,0,27,11,0.0,18368.000000,0,0.0,0.0,0.0,1.0
339390,0,1,3400,-57,57,229,19,28,0.50,51360.000000,0,27,12,0.0,0.0,0.0,0.0,0.0,0.0,1.0
339639,0,1,3400,-57,57,225,18,28,0.50,41216.000000,0,27,12,0.0,0.0,0.0,0.0,0.0,0.0,1.0
339888,0,1,3400,-57,57,227,18,27,0.50,41216.000000,0,27,12,0.0,0.0,0.0,0.0,0.0,0.0,1.0
340137,0,1,3400,-58,58,231,18,28,0.50,10304.000000,0,27,12,0.0,18368.000000,0,0.0,0.0,0.0,1.0
340386,0,1,3400,-58,58,230,17,28,0.50,41376.000000,0,27,12,0.0,0.0,0.0,0.0,0.0,0.0,1.0
340635,0,1,3400,-58,58,229,15,27,0.50,31104.000000,0,27,12,0.0,0.0,0.0,0.0,0.0,0.0,1.0
340884,0,1,3400,-58,58,230,18,26,0.50,56896.000000,0,27,12,0.0,0.0,0.0,0.0,0.0,0.0,1.0
341133,0,1,3400,-59,59,230,20,27,0.50,41248.000000,0,27,11,0.0,15808.000000,0,0.0,0.0,0.0,1.0
341382,0,1,3400,-59,59,229,19,26,0.59,56864.000000,0,27,10,0.0,0.0,0.0,0.0,0.0,0.0,1.0
341631,0,1,3400,-59,59,232,18,27,0.50,52160.000000,0,27,10,0.0,0.0,0.0,0.0,0.0,0.0,1.0
341880,0,1,3400,-59,59,226,20,26,0.50,15456.000000,0,27,10,0.0,0.0,0.0,0.0,0.0,0.0,1.0
342129,0,1,3400,-59,59,231,19,26,0.50,30976.000000,0,27,11,0.0,18368.000000,0,0.0,0.0,0.0,1.0
342378,0,1,3400,-59,59,238,18,26,0.50,41216.000000,0,27,12,0.0,0.0,0.0,0.0,0.0,0.0,1.0
342627,0,1,3400,-59,59,237,18,27,0.50,30912.000000,0,27,12,0.0,0.0,0.0,0.0,0.0,0.0,1.0
342876,0,1,3400,-59,59,231,18,26,0.50,31136.000000,0,27,12,0.0,0.0,0.0,0.0,0.0,0.0,1.0
343125,0,1,3400,-60,60,226,18,26,0.50,10304.000000,0,27,12,0.0,18368.000000,0,0.0,0.0,0.0,1.0
343375,0,1,3400,-60,60,228,18,25,0.50,31136.000000,0,27,12,0.0,0.0,0.0,0.0,0.0,0.0,1.0
343624,0,1,3400,-60,60,229,19,25,0.50,51680.000000,0,27,12,0.0,0.0,0.0,0.0,0.0,0.0,1.0
343873,0,1,3400,-60,60,231,18,25,0.50,20608.000000,0,27,12,0.0,0.0,0.0,0.0,0.0,0.0,1.0
344122,0,1,3400,-60,60,229,18,25,0.50,56672.000000,0,27,12,0.0,18368.000000,0,0.0,0.0,0.0,1.0
344371,0,1,3400,-60,60,226,18,25,0.50,36064.000000,0,27,12,0.0,0.0,0.0,0.0,0.0,0.0,1.0
344620,0,1,3400,-60,60,230,18,26,0.50,20608.000000,0,27,12,0.0,0.0,0.0,0.0,0.0,0.0,1.0
344869,0,1,3400,-59,59,229,18,26,0.50,41440.000000,0,27,12,0.0,0.0,0.0,0.0,0.0,0.0,1.0
345118,0,1,3400,-59,59,235,18,27,0.50,10304.000000,0,27,12,0.0,15808.000000,0,0.0,0.0,0.0,1.0
345367,0,1,3400,-59,59,233,18,26,0.50,36224.000000,0,27,10,0.0,0.0,0.0,0.0,0.0,0.0,1.0
345616,0,1,3400,-59,59,228,17,26,0.50,25760.000000,0,27,10,0.0,0.0,0.0,0.0,0.0,0.0,1.0
345865,0,1,3400,-59,59,225,18,27,0.50,41216.000000,0,27,10,0.0,0.0,0.0,0.0,0.0,0.0,1.0
346114,0,1,3400,-60,60,226,19,27,0.50,31168.000000,0,27,10,0.0,15808.000000,0,0.0,0.0,0.0,1.0
346363,0,1,3400,-60,60,230,18,26,0.50,15456.000000,0,27,10,0.0,0.0,0.0,0.0,0.0,0.0,1.0
346612,0,1,3400,-60,60,230,18,25,0.50,46368.000000,0,27,10,0.0,0.0,0.0,0.0,0.0,0.0,1.0
346861,0,1,3400,-59,59,233,18,26,0.50,51520.000000,0,27,10,0.0,0.0,0.0,0.0,0.0,0.0,1.0
347110,0,1,3400,-59,59,231,18,26,0.50,25760.000000,0,27,11,0.0,18368.000000,0,0.0,0.0,0.0,1.0
347359,0,1,3400,-59,59,232,18,26,0.50,56672.000000,0,27,12,0.0,0.0,0.0,0.0,0.0,0.0,1.0
347608,0,1,3400,-59,59,226,16,26,0.50,31296.000000,0,27,12,0.0,0.0,0.0,0.0,0.0,0.0,1.0
347857,0,1,3400,-59,59,222,17,26,0.56,46592.000000,0,27,12,0.0,0.0,0.0,0.0,0.0,0.0,1.0
348106,0,1,3400,-60,60,223,18,26,0.54,26144.000000,0,27,13,0.0,23488.000000,0,0.0,0.0,0.0,1.0
348355,0,1,3400,-60,60,230,18,26,0.54,30912.000000,0,27,13,0.0,0.0,0.0,0.0,0.0,0.0,1.0
348604,0,1,3400,-60,60,229,18,25,0.50,25760.000000,0,27,14,0.0,0.0,0.0,0.0,0.0,0.0,1.0
348853,0,1,3400,-60,60,231,18,25,0.50,72448.000000,0,27,14,0.0,0.0,0.0,0.0,0.0,0.0,1.0
349102,0,1,3400,-60,60,234,18,25,0.50,41376.000000,0,27,12,0.0,15808.000000,0,0.0,0.0,0.0,1.0
349351,0,1,3400,-60,60,233,18,26,0.50,20608.000000,0,27,10,0.0,0.0,0.0,0.0,0.0,0.0,1.0
349600,0,1,3400,-60,60,233,18,26,0.50,31072.000000,0,27,10,0.0,0.0,0.0,0.0,0.0,0.0,1.0
349849,0,1,3400,-60,60,228,17,25,0.51,41248.000000,0,27,11,0.0,0.0,0.0,0.0,0.0,0.0,1.0
350098,0,1,3400,-60,60,234,18,25,0.50,25760.000000,0,27,12,0.0,23488.000000,0,0.0,0.0,0.0,1.0
350347,0,1,3400,-60,60,232,17,26,0.50,42752.000000,0,27,14,0.0,0.0,0.0,0.0,0.0,0.0,1.0
350596,0,1,3400,-60,60,234,9.0,26,0.50,5152.000000,0,27,14,0.0,0.0,0.0,0.0,0.0,0.0,1.0
350845,0,1,3400,-60,60,227,17,25,0.50,25760.000000,0,27,14,0.0,0.0,0.0,0.0,0.0,0.0,1.0
351094,0,1,3400,-60,60,227,18,25,0.50,20768.000000,0,27,12,0.0,15808.000000,0,0.0,0.0,0.0,1.0
351343,0,1,3400,-60,60,233,18,25,0.50,25760.000000,0,27,10,0.0,0.0,0.0,0.0,0.0,0.0,1.0
351592,0,1,3400,-60,60,234,18,25,0.50,41376.000000,0,27,10,0.0,0.0,0.0,0.0,0.0,0.0,1.0
351841,0,1,3400,-60,60,225,18,25,0.50,36064.000000,0,27,10,0.0,0.0,0.0,0.0,0.0,0.0,1.0
352090,0,1,3400,-61,61,224,15,24,0.50,61216.000000,0,27,10,0.0,15808.000000,0,0.0,0.0,0.0,1.0
352339,0,1,3400,-61,61,234,18,24,0.50,51520.000000,0,27,10,0.0,0.0,0.0,0.0,0.0,0.0,1.0
352588,0,1,3400,-61,61,231,18,24,0.50,36064.000000,0,27,10,0.0,0.0,0.0,0.0,0.0,0.0,1.0
352837,0,1,3400,-61,61,232,15,25,0.50,39008.000000,0,27,10,0.0,0.0,0.0,0.0,0.0,0.0,1.0
353086,0,1,3400,-61,61,232,16,25,0.50,25760.000000,0,27,10,0.0,15808.000000,0,0.0,0.0,0.0,1.0
353335,0,1,3400,-61,61,228,18,24,0.50,46368.000000,0,27,10,0.0,0.0,0.0,0.0,0.0,0.0,1.0
353584,0,1,3400,-61,61,227,18,24,0.50,46528.000000,0,27,11,0.0,0.0,0.0,0.0,0.0,0.0,1.0
353833,0,1,3400,-61,61,232,19,24,0.50,52064.000000,0,27,10,0.0,0.0,0.0,0.0,0.0,0.0,1.0
354082,0,1,3400,-61,61,233,18,25,0.50,25760.000000,0,27,10,0.0,15808.000000,0,0.0,0.0,0.0,1.0
354331,0,1,3400,-61,61,230,18,24,0.50,66976.000000,0,27,10,0.0,0.0,0.0,0.0,0.0,0.0,1.0
354580,0,1,3400,-61,61,227,18,24,0.50,41376.000000,0,27,10,0.0,0.0,0.0,0.0,0.0,0.0,1.0
354829,0,1,3400,-61,61,232,13,25,0.50,26016.000000,0,27,11,0.0,0.0,0.0,0.0,0.0,0.0,1.0
355078,0,1,3400,-61,61,233,12,25,0.53,49600.000000,0,27,10,0.0,15808.000000,0,0.0,0.0,0.0,1.0
355327,0,1,3400,-61,61,230,16,25,0.50,25984.000000,0,27,10,0.0,0.0,0.0,0.0,0.0,0.0,1.0
355576,0,1,3400,-61,61,229,17,24,0.57,36320.000000,0,27,11,0.0,0.0,0.0,0.0,0.0,0.0,1.0
355825,0,1,3400,-61,61,225,19,25,0.50,31232.000000,0,27,10,0.0,0.0,0.0,0.0,0.0,0.0,1.0
356074,0,1,3400,-61,61,226,18,25,0.50,20608.000000,0,27,10,0.0,15808.000000,0,0.0,0.0,0.0,1.0
356323,0,1,3400,-61,61,232,17,25,0.50,31072.000000,0,27,10,0.0,0.0,0.0,0.0,0.0,0.0,1.0
356572,0,1,3400,-61,61,227,14,25,0.50,36224.000000,0,27,10,0.0,0.0,0.0,0.0,0.0,0.0,1.0
356821,0,1,3400,-60,60,224,18,25,0.50,56672.000000,0,27,10,0.0,9376.000000,0,0.0,0.0,0.0,1.0
357070,0,1,3400,-60,60,226,18,25,0.50,36064.000000,0,27,12,0.0,23488.000000,0,0.0,0.0,0.0,1.0
357319,0,1,3400,-60,60,231,18,25,0.50,41216.000000,0,27,14,0.0,0.0,0.0,0.0,0.0,0.0,1.0
357568,0,1,3400,-60,60,227,18,26,0.50,20608.000000,0,27,14,0.0,0.0,0.0,0.0,0.0,0.0,1.0
357817,0,1,3400,-59,59,229,18,25,0.50,36064.000000,0,27,14,0.0,0.0,0.0,0.0,0.0,0.0,1.0
358066,0,1,3400,-59,59,231,18,26,0.50,25760.000000,0,27,12,0.0,15808.000000,0,0.0,0.0,0.0,1.0
358315,0,1,3400,-59,59,233,18,26,0.50,30912.000000,0,27,10,0.0,0.0,0.0,0.0,0.0,0.0,1.0
358564,0,1,3400,-59,59,238,18,26,0.50,15456.000000,0,27,10,0.0,0.0,0.0,0.0,0.0,0.0,1.0
358813,0,1,3400,-59,59,236,16,26,0.50,25920.000000,0,27,10,0.0,0.0,0.0,0.0,0.0,0.0,1.0
359062,0,1,3400,-59,59,230,12,26,0.50,25760.000000,0,27,9.9,0.0,13632.000000,0,0.0,0.0,0.0,1.0
359311,0,1,3400,-59,59,227,14,26,0.50,36064.000000,0,27,9.5,0.0,0.0,0.0,0.0,0.0,0.0,1.0
359560,0,1,3400,-59,59,224,17,26,0.50,36064.000000,0,27,9.5,0.0,0.0,0.0,0.0,0.0,0.0,1.0
359809,0,1,3400,-59,59,226,18,26,0.50,46368.000000,0,27,9.5,0.0,0.0,0.0,0.0,0.0,0.0,1.0
360058,0,1,3400,-60,60,228,18,25,0.50,46368.000000,0,27,9.5,0.0,16320.000000,0,0.0,0.0,0.0,1.0
360307,0,1,3400,-60,60,222,18,25,0.50,46368.000000,0,27,9.5,0.0,0.0,0.0,0.0,0.0,0.0,1.0
360556,0,1,3400,-60,60,230,18,25,0.50,61824.000000,0,27,9.5,0.0,0.0,0.0,0.0,0.0,0.0,1.0
360805,0,1,3400,-60,60,230,14,25,0.50,42624.000000,0,27,9.5,0.0,0.0,0.0,0.0,0.0,0.0,1.0
361054,0,1,3400,-60,60,228,16,26,0.50,25760.000000,0,27,10,0.0,15808.000000,0,0.0,0.0,0.0,1.0
361303,0,1,3400,-60,60,226,18,25,0.50,20608.000000,0,27,10,0.0,0.0,0.0,0.0,0.0,0.0,1.0
361552,0,1,3400,-60,60,227,18,26,0.50,56672.000000,0,27,10,0.0,0.0,0.0,0.0,0.0,0.0,1.0
361801,0,1,3400,-60,60,229,18,25,0.50,41216.000000,0,27,10,0.0,0.0,0.0,0.0,0.0,0.0,1.0
362050,0,1,3400,-60,60,226,18,26,0.50,20608.000000,0,27,10,0.0,15808.000000,0,0.0,0.0,0.0,1.0
362299,0,1,3400,-60,60,228,18,25,0.50,20608.000000,0,27,10,0.0,0.0,0.0,0.0,0.0,0.0,1.0
362548,0,1,3400,-60,60,229,18,26,0.50,36064.000000,0,27,10,0.0,0.0,0.0,0.0,0.0,0.0,1.0
362797,0,1,3400,-60,60,227,18,25,0.50,41216.000000,0,27,10,0.0,0.0,0.0,0.0,0.0,0.0,1.0
363046,0,1,3400,-60,60,226,18,25,0.50,66976.000000,0,27,10,0.0,15808.000000,0,0.0,0.0,0.0,1.0
363295,0,1,3400,-60,60,228,15,25,0.50,46528.000000,0,27,10,0.0,0.0,0.0,0.0,0.0,0.0,1.0
363544,0,1,3400,-60,60,233,16,25,0.50,26816.000000,0,27,10,0.0,0.0,0.0,0.0,0.0,0.0,1.0
363793,0,1,3400,-60,60,234,15,26,0.50,46368.000000,0,27,10,0.0,0.0,0.0,0.0,0.0,0.0,1.0
364042,0,1,3400,-60,60,230,18,25,0.50,41216.000000,0,27,10,0.0,15808.000000,0,0.0,0.0,0.0,1.0
364291,0,1,3400,-60,60,225,18,25,0.50,36064.000000,0,27,10,0.0,0.0,0.0,0.0,0.0,0.0,1.0
364540,0,1,3400,-60,60,228,18,25,0.50,15456.000000,0,27,10,0.0,0.0,0.0,0.0,0.0,0.0,1.0
364789,0,1,3400,-59,59,230,18,26,0.50,46368.000000,0,27,10,0.0,0.0,0.0,0.0,0.0,0.0,1.0
365038,0,1,3400,-59,59,230,18,26,0.50,72128.000000,0,27,10,0.0,15808.000000,0,0.0,0.0,0.0,1.0
365287,0,1,3400,-59,59,226,18,26,0.50,56672.000000,0,27,10,0.0,0.0,0.0,0.0,0.0,0.0,1.0
365536,0,1,3400,-59,59,233,18,26,0.50,20608.000000,0,27,10,0.0,0.0,0.0,0.0,0.0,0.0,1.0
365785,0,1,3400,-59,59,231,18,26,0.50,46368.000000,0,27,10,0.0,0.0,0.0,0.0,0.0,0.0,1.0
366034,0,1,3400,-59,59,227,18,27,0.50,36160.000000,0,27,10,0.0,15808.000000,0,0.0,0.0,0.0,1.0
366283,0,1,3400,-59,59,232,18,26,0.50,41216.000000,0,27,10,0.0,0.0,0.0,0.0,0.0,0.0,1.0
366532,0,1,3400,-59,59,229,18,26,0.50,46368.000000,0,27,10,0.0,0.0,0.0,0.0,0.0,0.0,1.0
366781,0,1,3400,-59,59,234,18,26,0.50,41216.000000,0,27,10,0.0,0.0,0.0,0.0,0.0,0.0,1.0
367030,0,1,3400,-59,59,235,18,26,0.50,36320.000000,0,27,11,0.0,21952.000000,0,0.0,0.0,0.0,1.0
367279,0,1,3400,-59,59,230,16,26,0.50,51904.000000,0,27,13,0.0,0.0,0.0,0.0,0.0,0.0,1.0
367528,0,1,3400,-59,59,227,18,26,0.50,25856.000000,0,27,13,0.0,0.0,0.0,0.0,0.0,0.0,1.0
367777,0,1,3400,-59,59,230,18,26,0.50,41216.000000,0,27,13,0.0,0.0,0.0,0.0,0.0,0.0,1.0
368026,0,1,3400,-60,60,235,16,25,0.50,53024.000000,0,27,12,0.0,15808.000000,0,0.0,0.0,0.0,1.0
368275,0,1,3400,-60,60,234,18,26,0.50,30912.000000,0,27,11,0.0,0.0,0.0,0.0,0.0,0.0,1.0
368524,0,1,3400,-60,60,231,18,25,0.50,46368.000000,0,27,10,0.0,0.0,0.0,0.0,0.0,0.0,1.0
368773,0,1,3400,-60,60,231,17,25,0.50,57696.000000,0,27,10,0.0,0.0,0.0,0.0,0.0,0.0,1.0
369022,0,1,3400,-61,61,227,4.8,25,0.50,41568.000000,0,27,10,0.0,16320.000000,0,0.0,0.0,0.0,1.0
369271,0,1,3400,-61,61,232,18,25,0.50,20608.000000,0,27,9.5,0.0,0.0,0.0,0.0,0.0,0.0,1.0
369520,0,1,3400,-61,61,238,18,25,0.51,72224.000000,0,27,9.5,0.0,0.0,0.0,0.0,0.0,0.0,1.0
369769,0,1,3400,-61,61,229,18,25,0.50,30912.000000,0,27,9.5,0.0,0.0,0.0,0.0,0.0,0.0,1.0
370018,0,1,3400,-61,61,225,13,25,0.50,48096.000000,0,27,10,0.0,18880.000000,0,0.0,0.0,0.0,1.0
370267,0,1,3400,-61,61,236,9.4,25,0.50,16480.000000,0,27,11,0.0,0.0,0.0,0.0,0.0,0.0,1.0
370516,0,1,3400,-61,61,235,14,25,0.50,61920.000000,0,27,11,0.0,0.0,0.0,0.0,0.0,0.0,1.0
370765,0,1,3400,-61,61,235,16,25,0.50,58528.000000,0,27,11,0.0,0.0,0.0,0.0,0.0,0.0,1.0
371014,0,1,3400,-61,61,231,14,25,0.50,33216.000000,0,27,9.1,0.0,13888.000000,0,0.0,0.0,0.0,1.0
371263,0,1,3400,-61,61,226,14,24,0.50,27168.000000,0,27,7.5,0.0,0.0,0.0,0.0,0.0,0.0,1.0
371512,0,1,3400,-61,61,228,18,25,0.50,41216.000000,0,27,7.5,0.0,0.0,0.0,0.0,0.0,0.0,1.0
371761,0,1,3400,-61,61,232,15,25,0.50,43520.000000,0,27,7.5,0.0,0.0,0.0,0.0,0.0,0.0,1.0
372010,0,1,3400,-61,61,228,10,25,0.50,37088.000000,0,27,8.0,0.0,14144.000000,0,0.0,0.0,0.0,1.0
372259,0,1,3400,-61,61,230,18,24,0.50,46368.000000,0,27,8.5,0.0,0.0,0.0,0.0,0.0,0.0,1.0
372508,0,1,3400,-61,61,232,8.2,24,0.50,75072.000000,0,27,8.5,0.0,0.0,0.0,0.0,0.0,0.0,1.0
372757,0,1,3400,-61,61,227,10,24,0.50,37024.000000,0,27,8.5,0.0,0.0,0.0,0.0,0.0,0.0,1.0
373006,0,1,3400,-61,61,229,18,25,0.50,36064.000000,0,27,8.5,0.0,16064.000000,0,0.0,0.0,0.0,1.0
373255,0,1,3400,-61,61,231,18,25,0.50,51520.000000,0,27,8.5,0.0,0.0,0.0,0.0,0.0,0.0,1.0
373504,0,1,3400,-61,61,228,14,25,0.50,53312.000000,0,27,8.5,0.0,0.0,0.0,0.0,0.0,0.0,1.0
373753,0,1,3400,-61,61,231,9.6,24,0.50,62656.000000,0,27,8.5,0.0,0.0,0.0,0.0,0.0,0.0,1.0
374002,0,1,3400,-61,61,232,14,24,0.50,48448.000000,0,27,7.9,0.0,13888.000000,0,0.0,0.0,0.0,1.0
374251,0,1,3400,-61,61,230,8.9,25,0.50,27520.000000,0,27,7.5,0.0,0.0,0.0,0.0,0.0,0.0,1.0
374500,0,1,3400,-61,61,226,18,24,0.50,46368.000000,0,27,7.5,0.0,0.0,0.0,0.0,0.0,0.0,1.0
374749,0,1,3400,-61,61,231,7.1,24,0.50,58208.000000,0,27,7.5,0.0,0.0,0.0,0.0,0.0,0.0,1.0
374998,0,1,3400,-61,61,235,4.2,24,0.55,51712.000000,0,27,7.7,0.0,14144.000000,0,0.0,0.0,0.0,1.0
375247,0,1,3400,-61,61,231,9.7,25,0.50,50496.000000,0,27,8.5,0.0,0.0,0.0,0.0,0.0,0.0,1.0
375496,0,1,3400,-61,61,226,12,25,0.50,42816.000000,0,27,8.5,0.0,0.0,0.0,0.0,0.0,0.0,1.0
375745,0,1,3400,-61,61,225,10,24,0.50,45440.000000,0,27,8.5,0.0,0.0,0.0,0.0,0.0,0.0,1.0
375994,0,1,3400,-61,61,229,4.2,24,0.50,36832.000000,0,27,9.8,0.0,18880.000000,0,0.0,0.0,0.0,1.0
376243,0,1,3400,-61,61,230,11,24,0.50,41216.000000,0,27,11,0.0,0.0,0.0,0.0,0.0,0.0,1.0
376492,0,1,3400,-61,61,228,18,25,0.50,31296.000000,0,27,11,0.0,0.0,0.0,0.0,0.0,0.0,1.0
376741,0,1,3400,-61,61,227,17,24,0.50,46848.000000,0,27,11,0.0,0.0,0.0,0.0,0.0,0.0,1.0
376990,0,1,3400,-61,61,222,17,24,0.50,41216.000000,0,27,11,0.0,22208.000000,0,0.0,0.0,0.0,1.0
377239,0,1,3400,-61,61,227,18,25,0.50,30912.000000,0,27,11,0.0,0.0,0.0,0.0,0.0,0.0,1.0
377488,0,1,3400,-61,61,228,18,25,0.50,15456.000000,0,27,11,0.0,0.0,0.0,0.0,0.0,0.0,1.0
377737,0,1,3400,-61,61,223,18,25,0.50,17952.000000,0,27,11,0.0,0.0,0.0,0.0,0.0,0.0,1.0
377986,0,1,3400,-62,62,222,7.2,24,0.50,35616.000000,0,27,10,0.0,13632.000000,0,0.0,0.0,0.0,1.0
378235,0,1,3400,-62,62,227,15,23,0.58,47776.000000,0,27,9.5,0.0,0.0,0.0,0.0,0.0,0.0,1.0
378484,0,1,3400,-62,62,228,14,24,0.52,42944.000000,0,27,9.5,0.0,0.0,0.0,0.0,0.0,0.0,1.0
378733,0,1,3400,-62,62,225,6.4,24,0.50,16480.000000,0,27,9.5,0.0,0.0,0.0,0.0,0.0,0.0,1.0
378982,0,1,3400,-62,62,235,15,23,0.60,46368.000000,0,27,11,0.0,24000.000000,0,0.0,0.0,0.0,1.0
379231,0,1,3400,-62,62,236,5.9,24,0.50,29952.000000,0,27,12,0.0,0.0,0.0,0.0,0.0,0.0,1.0
379480,0,1,3400,-62,62,233,5.2,24,0.50,49984.000000,0,27,12,0.0,0.0,0.0,0.0,0.0,0.0,1.0
379729,0,1,3400,-62,62,226,8.1,24,0.58,37504.000000,0,27,12,0.0,0.0,0.0,0.0,0.0,0.0,1.0
379978,0,1,3400,-62,62,231,4.0,24,0.50,52480.000000,0,27,12,0.0,15808.000000,0,0.0,0.0,0.0,1.0
380227,0,1,3400,-62,62,231,11,24,0.50,26592.000000,0,27,10,0.0,0.0,0.0,0.0,0.0,0.0,1.0
380476,0,1,3400,-62,62,231,3.8,24,0.50,34272.000000,0,27,10,0.0,0.0,0.0,0.0,0.0,0.0,1.0
380725,0,1,3400,-62,62,226,9.6,23,0.53,68032.000000,0,27,10,0.0,0.0,0.0,0.0,0.0,0.0,1.0
380974,0,1,3400,-63,63,231,11,23,0.50,47680.000000,0,27,10,0.0,18624.000000,0,0.0,0.0,0.0,1.0
381223,0,1,3400,-63,63,231,16,22,0.50,15616.000000,0,27,10,0.0,0.0,0.0,0.0,0.0,0.0,1.0
381472,0,1,3400,-63,63,228,10,23,0.51,38272.000000,0,27,10,0.0,0.0,0.0,0.0,0.0,0.0,1.0
381721,0,1,3400,-63,63,230,13,23,0.50,31072.000000,0,27,10,0.0,0.0,0.0,0.0,0.0,0.0,1.0
381970,0,1,3400,-64,64,228,16,23,0.52,26144.000000,0,27,9.7,0.0,16320.000000,0,0.0,0.0,0.0,1.0
382219,0,1,3400,-64,64,234,12,23,0.50,11328.000000,0,27,9.5,0.0,0.0,0.0,0.0,0.0,0.0,1.0
382468,0,1,3400,-64,64,231,13,22,0.60,47520.000000,0,27,9.5,0.0,0.0,0.0,0.0,0.0,0.0,1.0
382717,0,1,3400,-63,63,233,13,23,0.59,38176.000000,0,27,9.5,0.0,0.0,0.0,0.0,0.0,0.0,1.0
382966,0,1,3400,-63,63,233,8.6,23,0.50,54272.000000,0,27,11,0.0,22464.000000,0,0.0,0.0,0.0,1.0
383215,0,1,3400,-63,63,232,18,23,0.57,46368.000000,0,27,12,0.0,0.0,0.0,0.0,0.0,0.0,1.0
383464,0,1,3400,-63,63,238,18,23,0.50,51520.000000,0,27,12,0.0,0.0,0.0,0.0,0.0,0.0,1.0
383713,0,1,3400,-62,62,235,16,23,0.51,62304.000000,0,27,12,0.0,0.0,0.0,0.0,0.0,0.0,1.0
383962,0,1,3400,-62,62,233,14,23,0.57,69344.000000,0,27,6.8,0.0,42144.000000,0,0.0,0.0,0.0,1.0
384211,0,1,3400,-62,62,228,6.5,24,0.50,38592.000000,0,27,2.0,0.0,0.0,0.0,0.0,0.0,0.0,1.0
384460,0,1,3400,-62,62,232,4.4,24,0.50,27776.000000,0,27,2.0,0.0,0.0,0.0,0.0,0.0,0.0,1.0
384709,0,1,3400,-62,62,234,7.5,23,0.53,43392.000000,0,27,2.0,0.0,0.0,0.0,0.0,0.0,0.0,1.0
384958,0,1,3400,-63,63,230,15,23,0.51,52576.000000,0,27,2.1,0.0,28160.000000,0,0.0,0.0,0.0,1.0
385207,0,1,3400,-63,63,232,6.3,23,0.50,32832.000000,0,27,2.0,0.0,0.0,0.0,0.0,0.0,0.0,1.0
385456,0,1,3400,-63,63,229,13,23,0.50,43264.000000,0,27,2.0,0.0,0.0,0.0,0.0,0.0,0.0,1.0
385705,0,1,3400,-62,62,226,18,22,0.52,56672.000000,0,27,2.0,0.0,0.0,0.0,0.0,0.0,0.0,1.0
385954,0,1,3400,-62,62,236,17,21,0.50,36832.000000,0,27,5.0,0.0,13888.000000,0,0.0,0.0,0.0,1.0
386203,0,1,3400,-62,62,235,17,21,0.64,30912.000000,0,27,7.5,0.0,0.0,0.0,0.0,0.0,0.0,1.0
386452,0,1,3400,-62,62,231,16,21,0.67,37312.000000,0,27,7.5,0.0,0.0,0.0,0.0,0.0,0.0,1.0
386701,0,1,3400,-62,62,227,16,21,0.70,46624.000000,0,27,7.5,0.0,0.0,0.0,0.0,0.0,0.0,1.0
386950,0,1,3400,-62,62,225,10,21,0.52,53632.000000,0,27,4.8,0.0,10048.000000,0,0.0,0.0,0.0,1.0
387199,0,1,3400,-62,62,233,14,21,0.63,50560.000000,3,27,0.0,0.0,0.0,0.0,0.0,0.0,0.0,1.0
387448,0,1,3400,-62,62,228,11,22,0.60,44864.000000,0,27,0.0,0.0,0.0,0.0,0.0,0.0,0.0,1.0
387697,0,1,3400,-61,61,227,3.8,24,0.50,53056.000000,0,27,0.0,0.0,0.0,0.0,0.0,0.0,0.0,1.0
387946,0,1,3400,-61,61,232,11,23,0.50,44480.000000,0,27,0.18,0.0,15648.000000,0,0.0,0.0,0.0,1.0
388195,0,1,3400,-61,61,232,3.3,23,0.50,28832.000000,0,27,0.0,0.0,0.0,0.0,0.0,0.0,0.0,1.0
388444,0,1,3400,-61,61,232,10.0,24,0.50,21824.000000,0,27,0.0,0.0,0.0,0.0,0.0,0.0,0.0,1.0
388693,0,1,3400,-61,61,227,6.5,23,0.50,0.0,0.0,27,0.0,0.0,0.0,0.0,0.0,0.0,0.0,1.0
388942,0,1,3400,-62,62,230,6.8,23,0.50,39232.000000,0,27,0.18,0.0,16288.000000,14,0.0,0.0,0.0,1.0
389191,0,1,3400,-62,62,232,17,23,0.50,36224.000000,0,27,0.0,0.0,0.0,0.0,0.0,0.0,0.0,1.0
389440,0,1,3400,-62,62,227,18,23,0.50,10304.000000,0,27,0.0,0.0,0.0,0.0,0.0,0.0,0.0,1.0
389689,0,1,3400,-62,62,226,17,22,0.50,67136.000000,0,27,0.0,0.0,0.0,0.0,0.0,0.0,0.0,1.0
389938,0,1,3400,-62,62,232,14,23,0.50,38464.000000,0,27,0.032,0.0,13024.000000,0,0.0,0.0,0.0,1.0
390187,0,1,3400,-62,62,232,8.5,23,0.50,68736.000000,0,27,0.0,0.0,0.0,0.0,0.0,0.0,0.0,1.0
390436,0,1,3400,-62,62,229,14,23,0.50,41216.000000,0,27,0.0,0.0,0.0,0.0,0.0,0.0,0.0,1.0
390685,0,1,3400,-62,62,228,9.3,23,0.50,22720.000000,0,27,0.0,0.0,0.0,0.0,0.0,0.0,0.0,1.0
390934,0,1,3400,-62,62,231,12,23,0.50,26528.000000,0,27,1.4,0.0,32512.000000,0,0.0,0.0,0.0,1.0
391183,0,1,3400,-62,62,228,17,23,0.50,26016.000000,0,27,4.5,0.0,0.0,0.0,0.0,0.0,0.0,1.0
391432,0,1,3400,-62,62,226,18,22,0.50,51520.000000,0,27,4.5,0.0,0.0,0.0,0.0,0.0,0.0,1.0
391681,0,1,3400,-62,62,230,16,23,0.50,31680.000000,0,27,4.5,0.0,0.0,0.0,0.0,0.0,0.0,1.0
391930,0,1,3400,-62,62,229,2.1,23,0.50,5152.000000,0,27,4.5,186,0.0,0.0,0.0,0.0,0.0,1.0
392179,0,1,3400,-62,62,234,13,23,0.50,52288.000000,0,27,9.4,0.0,18624.000000,0,0.0,0.0,0.0,1.0
392428,0,1,3400,-62,62,230,15,23,0.50,49472.000000,0,27,9.9,0.0,0.0,0.0,0.0,0.0,0.0,1.0
392677,0,1,3400,-62,62,230,6.4,22,0.50,38304.000000,0,27,10,0.0,0.0,0.0,0.0,0.0,0.0,1.0
392926,0,1,3400,-62,62,228,17,23,0.50,25760.000000,0,27,10,0.0,18624.000000,20,0.0,0.0,0.0,1.0
393175,0,1,3400,-62,62,232,18,23,0.53,61824.000000,0,27,10,0.0,0.0,0.0,0.0,0.0,0.0,1.0
393424,0,1,3400,-62,62,228,14,23,0.50,33152.000000,0,27,10,0.0,0.0,0.0,0.0,0.0,0.0,1.0
393673,0,1,3400,-62,62,234,14,23,0.50,42080.000000,0,27,9.9,0.0,0.0,0.0,0.0,0.0,0.0,1.0
393922,0,1,3400,-62,62,232,12,23,0.50,65696.000000,0,27,10,0.0,16064.000000,0,0.0,0.0,0.0,1.0
394171,0,1,3400,-62,62,224,18,23,0.50,41216.000000,0,27,10,0.0,0.0,0.0,0.0,0.0,0.0,1.0
394420,0,1,3400,-62,62,228,17,23,0.50,26144.000000,0,27,10,0.0,0.0,0.0,0.0,0.0,0.0,1.0
394669,0,1,3400,-62,62,231,10,23,0.50,38464.000000,0,27,10.0,0.0,0.0,0.0,0.0,0.0,0.0,1.0
394918,0,1,3400,-62,62,230,12,22,0.50,44128.000000,0,27,4.8,0.0,18848.000000,0,0.0,0.0,0.0,1.0
395167,0,1,3400,-62,62,224,10,23,0.50,43392.000000,0,27,0.0,0.0,0.0,0.0,0.0,0.0,0.0,1.0
395416,0,1,3400,-62,62,225,15,23,0.50,27168.000000,0,27,0.0,0.0,0.0,0.0,0.0,0.0,0.0,1.0
395665,0,1,3400,-61,61,231,7.1,23,0.50,27520.000000,0,27,0.0,0.0,0.0,0.0,0.0,0.0,0.0,1.0
395914,0,1,3400,-61,61,235,7.8,23,0.50,49472.000000,0,27,2.3,0.0,25504.000000,0,0.0,0.0,0.0,1.0
396163,0,1,3400,-61,61,225,13,23,0.50,32512.000000,0,27,4.5,0.0,0.0,0.0,0.0,0.0,0.0,1.0
396412,0,1,3400,-61,61,224,14,24,0.50,41760.000000,0,27,4.5,0.0,0.0,0.0,0.0,0.0,0.0,1.0
396661,0,1,3400,-61,61,227,5.1,24,0.50,53984.000000,0,27,4.5,0.0,0.0,0.0,0.0,0.0,0.0,1.0
396910,0,1,3400,-61,61,227,12,24,0.50,11008.000000,0,27,5.0,0.0,18880.000000,0,0.0,0.0,0.0,1.0
397159,0,1,3400,-61,61,231,15,24,0.50,41216.000000,0,27,11,0.0,0.0,0.0,0.0,0.0,0.0,1.0
397408,0,1,3400,-61,61,231,13,24,0.50,64832.000000,0,27,11,0.0,0.0,0.0,0.0,0.0,0.0,1.0
397657,0,1,3400,-61,61,228,9.3,24,0.50,50752.000000,0,27,11,0.0,0.0,0.0,0.0,0.0,0.0,1.0
397907,0,1,3400,-61,61,224,5.9,24,0.50,57402.390625,0,27,12,0.0,0.0,80,0.0,0.0,0.0,1.0
398156,0,1,3400,-61,61,233,11,23,0.50,37236.949219,0,27,13,0.0,0.0,0.0,0.0,0.0,0.0,1.0
398405,0,1,3400,-61,61,239,11,24,0.50,32224.000000,0,27,13,0.0,0.0,0.0,0.0,0.0,0.0,1.0
398654,0,1,3400,-60,60,235,6.9,24,0.50,39616.000000,0,27,13,0.0,0.0,0.0,0.0,0.0,0.0,1.0
398903,0,1,3400,-60,60,226,9.1,24,0.50,44672.000000,0,27,6.5,0.0,12096.000000,0,0.0,0.0,0.0,1.0
399152,0,1,3400,-60,60,223,7.9,24,0.50,25184.000000,0,27,1.0,0.0,0.0,0.0,0.0,0.0,0.0,1.0
399401,0,1,3400,-60,60,234,11,24,0.50,53632.000000,0,27,1.0,0.0,0.0,0.0,0.0,0.0,0.0,1.0
399650,0,1,3400,-60,60,232,8.7,25,0.50,16512.000000,0,27,1.0,0.0,0.0,0.0,0.0,0.0,0.0,1.0
399899,0,1,3400,-60,60,227,7.4,25,0.50,39072.000000,0,27,6.9,0.0,18368.000000,0,0.0,0.0,0.0,1.0
400148,0,1,3400,-60,60,226,16,25,0.50,47744.000000,0,27,12,0.0,0.0,0.0,0.0,0.0,0.0,1.0
400397,0,1,3400,-60,60,228,10,24,0.50,47904.000000,0,27,12,0.0,0.0,0.0,0.0,0.0,0.0,1.0
400646,0,1,3400,-60,60,226,11,24,0.50,35296.000000,0,27,12,0.0,0.0,0.0,0.0,0.0,0.0,1.0
400895,0,1,3400,-61,61,227,6.1,24,0.50,28608.000000,0,27,12,0.0,105920.000000,26,0.0,0.0,0.0,1.0
401144,0,1,3400,-61,61,223,15,24,0.50,31008.000000,0,27,14,0.0,0.0,0.0,0.0,0.0,0.0,1.0
401393,0,1,3400,-61,61,225,16,24,0.50,36224.000000,0,27,14,0.0,0.0,0.0,0.0,0.0,0.0,1.0
401642,0,1,3400,-61,61,225,11,23,0.50,31584.000000,0,27,14,0.0,0.0,0.0,0.0,0.0,0.0,1.0
401891,0,1,3400,-61,61,229,16,23,0.50,51776.000000,0,27,8.5,0.0,18464.000000,0,0.0,0.0,0.0,1.0
402140,0,1,3400,-61,61,239,16,24,0.50,43584.000000,0,27,3.5,0.0,0.0,0.0,0.0,0.0,0.0,1.0
402389,0,1,3400,-61,61,237,15,24,0.50,56992.000000,0,27,3.5,0.0,0.0,0.0,0.0,0.0,0.0,1.0
402638,0,1,3400,-61,61,235,8.1,24,0.50,28800.000000,0,27,3.5,0.0,0.0,0.0,0.0,0.0,0.0,1.0
402887,0,1,3400,-61,61,232,14,23,0.50,52512.000000,0,27,6.7,0.0,13632.000000,0,0.0,0.0,0.0,1.0
403136,0,1,3400,-61,61,231,10,24,0.50,66624.000000,0,27,9.5,0.0,0.0,0.0,0.0,0.0,0.0,1.0
403385,0,1,3400,-61,61,227,17,24,0.50,72288.000000,0,27,9.4,0.0,0.0,0.0,0.0,0.0,0.0,1.0
403634,0,1,3400,-61,61,224,16,24,0.50,46528.000000,0,27,9.5,0.0,0.0,0.0,0.0,0.0,0.0,1.0
403883,0,1,3400,-61,61,229,18,23,0.50,30912.000000,0,27,11,0.0,23488.000000,0,0.0,0.0,0.0,1.0
404132,0,1,3400,-61,61,238,13,24,0.50,28704.000000,0,27,14,0.0,0.0,0.0,0.0,0.0,0.0,1.0
404381,0,1,3400,-61,61,230,17,23,0.50,57088.000000,0,27,14,0.0,0.0,0.0,0.0,0.0,0.0,1.0
404630,0,1,3400,-61,61,224,13,24,0.50,79680.000000,0,27,13,0.0,0.0,0.0,0.0,0.0,0.0,1.0
404879,0,1,3400,-61,61,235,18,24,0.50,30912.000000,0,27,7.4,0.0,23552.000000,0,0.0,0.0,0.0,1.0
405128,0,1,3400,-61,61,233,18,23,0.50,36064.000000,0,27,1.5,0.0,0.0,0.0,0.0,0.0,0.0,1.0
405377,0,1,3400,-61,61,226,15,23,0.50,36640.000000,0,27,1.5,0.0,0.0,0.0,0.0,0.0,0.0,1.0
405626,0,1,3400,-61,61,233,11,23,0.50,42080.000000,0,27,1.5,0.0,0.0,0.0,0.0,0.0,0.0,1.0
405875,0,1,3400,-62,62,232,18,23,0.50,21056.000000,0,27,1.9,0.0,14144.000000,0,0.0,0.0,0.0,1.0
406124,0,1,3400,-62,62,227,17,22,0.50,57184.000000,0,27,8.5,0.0,0.0,0.0,0.0,0.0,0.0,1.0
406373,0,1,3400,-62,62,224,18,23,0.50,36064.000000,0,27,8.5,0.0,0.0,0.0,0.0,0.0,0.0,1.0
406622,0,1,3400,-62,62,230,18,23,0.50,20608.000000,0,27,8.5,0.0,0.0,0.0,0.0,0.0,0.0,1.0
406871,0,1,3400,-63,63,234,18,22,0.50,25760.000000,0,27,9.0,0.0,13632.000000,0,0.0,0.0,0.0,1.0
407120,0,1,3400,-63,63,229,17,22,0.50,36224.000000,0,27,9.5,0.0,0.0,0.0,0.0,0.0,0.0,1.0
407369,0,1,3400,-63,63,225,17,22,0.50,52160.000000,0,27,9.5,0.0,0.0,0.0,0.0,0.0,0.0,1.0
407618,0,1,3400,-62,62,231,18,22,0.50,30912.000000,0,27,9.5,0.0,0.0,0.0,0.0,0.0,0.0,1.0
407867,0,1,3400,-62,62,228,18,23,0.50,25760.000000,0,27,8.6,0.0,14400.000000,0,0.0,0.0,0.0,1.0
408116,0,1,3400,-62,62,228,18,23,0.50,51520.000000,0,27,7.0,0.0,0.0,0.0,0.0,0.0,0.0,1.0
408365,0,1,3400,-62,62,228,18,23,0.50,20608.000000,0,27,7.0,0.0,0.0,0.0,0.0,0.0,0.0,1.0
408614,0,1,3400,-62,62,240,16,22,0.50,51776.000000,0,27,7.0,0.0,0.0,0.0,0.0,0.0,0.0,1.0
408863,0,1,3400,-63,63,236,14,22,0.50,52480.000000,0,27,8.3,0.0,13632.000000,0,0.0,0.0,0.0,1.0
409112,0,1,3400,-63,63,226,16,22,0.50,62144.000000,0,27,9.5,0.0,0.0,0.0,0.0,0.0,0.0,1.0
409361,0,1,3400,-63,63,221,18,22,0.61,30912.000000,0,27,9.5,0.0,0.0,0.0,0.0,0.0,0.0,1.0
409610,0,1,3400,-63,63,227,18,21,0.50,15456.000000,0,27,9.5,0.0,0.0,0.0,0.0,0.0,0.0,1.0
409859,0,1,3400,-64,64,232,15,21,0.50,26016.000000,0,27,9.0,0.0,14144.000000,0,0.0,0.0,0.0,1.0
410108,0,1,3400,-64,64,228,16,21,0.50,41632.000000,0,27,8.5,0.0,0.0,0.0,0.0,0.0,0.0,1.0
410357,0,1,3400,-64,64,228,16,21,0.50,41632.000000,0,27,8.4,0.0,0.0,0.0,0.0,0.0,0.0,1.0
410606,0,1,3400,-63,63,233,15,21,0.50,56992.000000,0,27,8.5,0.0,0.0,0.0,0.0,0.0,0.0,1.0
410855,0,1,3400,-63,63,234,17,21,0.50,41376.000000,0,27,5.9,0.0,13728.000000,0,0.0,0.0,0.0,1.0
411104,0,1,3400,-63,63,234,17,22,0.50,56672.000000,0,27,3.5,0.0,0.0,0.0,0.0,0.0,0.0,1.0
411353,0,1,3400,-63,63,226,14,22,0.50,46848.000000,0,27,3.5,0.0,0.0,0.0,0.0,0.0,0.0,1.0
411602,0,1,3400,-63,63,225,18,22,0.50,25760.000000,0,27,3.5,0.0,0.0,0.0,0.0,0.0,0.0,1.0
411851,0,1,3400,-63,63,229,15,21,0.50,41696.000000,0,27,6.9,0.0,0.0,80,0.0,0.0,0.0,1.0
412100,0,1,3400,-63,63,227,17,22,0.50,51520.000000,0,27,9.5,0.0,0.0,0.0,0.0,0.0,0.0,1.0
412349,0,1,3400,-63,63,232,16,22,0.51,67552.000000,0,27,9.5,0.0,0.0,0.0,0.0,0.0,0.0,1.0
412598,0,1,3400,-62,62,226,15,22,0.50,51936.000000,0,27,9.5,0.0,0.0,0.0,0.0,0.0,0.0,1.0
412847,0,1,3400,-62,62,227,13,22,0.50,26016.000000,0,27,7.0,0.0,27168.000000,0,0.0,0.0,0.0,1.0
413096,0,1,3400,-62,62,231,15,22,0.50,31072.000000,0,27,5.5,0.0,0.0,0.0,0.0,0.0,0.0,1.0
413345,0,1,3400,-62,62,231,14,23,0.50,31072.000000,0,27,5.5,0.0,0.0,0.0,0.0,0.0,0.0,1.0
413594,0,1,3400,-62,62,226,15,23,0.50,57152.000000,0,27,5.5,0.0,0.0,0.0,0.0,0.0,0.0,1.0
413843,0,1,3400,-62,62,233,15,23,0.50,41888.000000,0,27,4.5,0.0,13056.000000,0,0.0,0.0,0.0,1.0
414092,0,1,3400,-62,62,235,12,22,0.50,25920.000000,0,27,3.5,0.0,0.0,0.0,0.0,0.0,0.0,1.0
414341,0,1,3400,-62,62,234,18,23,0.50,36064.000000,0,27,3.5,0.0,0.0,0.0,0.0,0.0,0.0,1.0
414590,0,1,3400,-62,62,228,18,23,0.50,41216.000000,0,27,3.5,0.0,0.0,0.0,0.0,0.0,0.0,1.0
414839,0,1,3400,-62,62,228,18,23,0.50,31072.000000,0,27,4.4,0.0,8928.000000,0,0.0,0.0,0.0,1.0
415088,0,1,3400,-62,62,223,16,22,0.53,46880.000000,0,27,6.0,0.0,0.0,0.0,0.0,0.0,0.0,1.0
415337,0,1,3400,-62,62,234,18,22,0.50,46528.000000,0,27,6.0,0.0,0.0,0.0,0.0,0.0,0.0,1.0
415586,0,1,3400,-62,62,228,18,24,0.50,20608.000000,0,27,6.0,0.0,0.0,0.0,0.0,0.0,0.0,1.0
415835,0,1,3400,-62,62,220,17,24,0.50,31232.000000,0,27,5.2,0.0,15904.000000,0,0.0,0.0,0.0,1.0
416084,0,1,3400,-62,62,223,12,24,0.50,26080.000000,0,27,3.5,0.0,0.0,0.0,0.0,0.0,0.0,1.0
416333,0,1,3400,-62,62,226,18,24,0.50,67296.000000,0,27,3.5,0.0,0.0,0.0,0.0,0.0,0.0,1.0
416582,0,1,3400,-62,62,226,17,24,0.50,41536.000000,0,27,3.5,0.0,0.0,0.0,0.0,0.0,0.0,1.0
416831,0,1,3400,-62,62,231,17,24,0.50,57600.000000,0,27,7.3,0.0,15808.000000,0,0.0,0.0,0.0,1.0
417080,0,1,3400,-62,62,230,17,24,0.51,57728.000000,0,27,10,0.0,0.0,0.0,0.0,0.0,0.0,1.0
417329,0,1,3400,-62,62,230,17,24,0.50,42272.000000,0,27,10,0.0,0.0,0.0,0.0,0.0,0.0,1.0
417578,0,1,3400,-62,62,231,17,24,0.50,47424.000000,0,27,10,0.0,0.0,0.0,0.0,0.0,0.0,1.0
417827,0,1,3400,-62,62,229,17,25,0.50,15776.000000,0,27,9.9,0.0,13632.000000,0,0.0,0.0,0.0,1.0
418076,0,1,3400,-62,62,227,19,24,0.50,15776.000000,0,27,9.5,0.0,0.0,0.0,0.0,0.0,0.0,1.0
418325,0,1,3400,-62,62,227,18,24,0.50,53568.000000,0,27,9.5,0.0,0.0,0.0,0.0,0.0,0.0,1.0
418574,0,1,3400,-62,62,233,18,24,0.50,41792.000000,0,27,9.5,0.0,0.0,0.0,0.0,0.0,0.0,1.0
418823,0,1,3400,-63,63,231,16,24,0.50,36736.000000,0,27,9.5,0.0,16320.000000,0,0.0,0.0,0.0,1.0
419072,0,1,3400,-63,63,230,18,23,0.50,41856.000000,0,27,9.5,0.0,0.0,0.0,0.0,0.0,0.0,1.0
419321,0,1,3400,-63,63,229,19,24,0.50,31232.000000,0,27,9.5,0.0,0.0,0.0,0.0,0.0,0.0,1.0
419570,0,1,3400,-62,62,236,18,24,0.50,21088.000000,0,27,9.5,0.0,0.0,0.0,0.0,0.0,0.0,1.0
419819,0,1,3400,-62,62,230,17,24,0.50,68256.000000,0,27,10,0.0,15808.000000,0,0.0,0.0,0.0,1.0
420068,0,1,3400,-62,62,229,11,24,0.50,34208.000000,0,27,10,0.0,0.0,0.0,0.0,0.0,0.0,1.0
420317,0,1,3400,-62,62,233,13,25,0.50,15456.000000,0,27,10,0.0,0.0,0.0,0.0,0.0,0.0,1.0
420566,0,1,3400,-61,61,233,17,25,0.50,36544.000000,0,27,10,0.0,0.0,0.0,0.0,0.0,0.0,1.0
420815,0,1,3400,-61,61,232,18,25,0.50,36864.000000,0,27,9.9,0.0,13632.000000,0,0.0,0.0,0.0,1.0
421064,0,1,3400,-61,61,226,17,25,0.50,63168.000000,0,27,9.5,0.0,0.0,0.0,0.0,0.0,0.0,1.0
421313,0,1,3400,-61,61,222,17,25,0.50,36544.000000,0,27,9.5,0.0,0.0,0.0,0.0,0.0,0.0,1.0
421562,0,1,3400,-61,61,229,8.0,26,0.50,28096.000000,0,27,9.5,0.0,0.0,0.0,0.0,0.0,0.0,1.0
421811,0,1,3400,-61,61,235,16,25,0.50,47584.000000,0,27,9.9,0.0,15808.000000,0,0.0,0.0,0.0,1.0
422060,0,1,3400,-61,61,225,17,25,0.50,26752.000000,0,27,10,0.0,0.0,0.0,0.0,0.0,0.0,1.0
422309,0,1,3400,-61,61,226,16,25,0.50,36832.000000,0,27,10,0.0,0.0,0.0,0.0,0.0,0.0,1.0
422558,0,1,3400,-61,61,228,16,25,0.50,47808.000000,0,27,10,0.0,0.0,0.0,0.0,0.0,0.0,1.0
422807,0,1,3400,-61,61,239,17,25,0.50,52864.000000,0,27,10,0.0,15808.000000,0,0.0,0.0,0.0,1.0
423056,0,1,3400,-61,61,236,17,25,0.50,31488.000000,0,27,10,0.0,0.0,0.0,0.0,0.0,0.0,1.0
423305,0,1,3400,-61,61,228,18,25,0.51,36704.000000,0,27,10,0.0,0.0,0.0,0.0,0.0,0.0,1.0
423554,0,1,3400,-61,61,224,17,26,0.52,40960.000000,0,27,10,0.0,0.0,0.0,0.0,0.0,0.0,1.0
423803,0,1,3400,-61,61,231,16,25,0.50,37728.000000,0,27,10,0.0,15808.000000,0,0.0,0.0,0.0,1.0
424052,0,1,3400,-61,61,235,18,25,0.50,10464.000000,0,27,10,0.0,0.0,0.0,0.0,0.0,0.0,1.0
424301,0,1,3400,-61,61,229,19,25,0.50,31392.000000,0,27,10,0.0,0.0,0.0,0.0,0.0,0.0,1.0
424550,0,1,3400,-60,60,232,16,26,0.51,32032.000000,0,27,10,0.0,0.0,0.0,0.0,0.0,0.0,1.0
424799,0,1,3400,-60,60,233,16,26,0.50,42240.000000,0,27,9.9,0.0,16320.000000,0,0.0,0.0,0.0,1.0
425048,0,1,3400,-60,60,234,17,25,0.50,42336.000000,0,27,9.5,0.0,0.0,0.0,0.0,0.0,0.0,1.0
425297,0,1,3400,-60,60,227,17,25,0.50,36544.000000,0,27,9.5,0.0,0.0,0.0,0.0,0.0,0.0,1.0
425546,0,1,3400,-60,60,230,17,26,0.50,42112.000000,0,27,9.5,0.0,0.0,0.0,0.0,0.0,0.0,1.0
425795,0,1,3400,-60,60,228,19,26,0.50,27680.000000,0,27,9.8,0.0,18880.000000,0,0.0,0.0,0.0,1.0
426044,0,1,3400,-60,60,230,18,26,0.50,31392.000000,0,27,11,0.0,0.0,0.0,0.0,0.0,0.0,1.0
426293,0,1,3400,-60,60,234,18,26,0.50,62720.000000,0,27,11,0.0,0.0,0.0,0.0,0.0,0.0,1.0
426542,0,1,3400,-60,60,233,17,26,0.50,31232.000000,0,27,11,0.0,0.0,0.0,0.0,0.0,0.0,1.0
426791,0,1,3400,-60,60,228,17,26,0.50,52480.000000,0,27,12,0.0,23488.000000,0,0.0,0.0,0.0,1.0
427040,0,1,3400,-60,60,229,11,26,0.50,26496.000000,0,27,14,0.0,0.0,0.0,0.0,0.0,0.0,1.0
427289,0,1,3400,-60,60,227,19,26,0.50,41984.000000,0,27,14,0.0,0.0,0.0,0.0,0.0,0.0,1.0
427538,0,1,3400,-59,59,231,16,26,0.50,47520.000000,0,27,13,0.0,0.0,0.0,0.0,0.0,0.0,1.0
427787,0,1,3400,-59,59,227,11,26,0.50,44800.000000,0,27,12,0.0,15808.000000,0,0.0,0.0,0.0,1.0
428036,0,1,3400,-59,59,230,17,27,0.50,47136.000000,0,27,10,0.0,0.0,0.0,0.0,0.0,0.0,1.0
428285,0,1,3400,-59,59,232,16,27,0.50,24544.000000,0,27,10,0.0,0.0,0.0,0.0,0.0,0.0,1.0
428534,0,1,3400,-59,59,229,17,27,0.50,27936.000000,0,27,10,0.0,0.0,0.0,0.0,0.0,0.0,1.0
428783,0,1,3400,-60,60,228,14,26,0.50,36672.000000,0,27,12,0.0,23488.000000,0,0.0,0.0,0.0,1.0
429032,0,1,3400,-60,60,229,15,27,0.50,20608.000000,0,27,13,0.0,0.0,0.0,0.0,0.0,0.0,1.0
429281,0,1,3400,-60,60,231,14,26,0.50,38976.000000,0,27,14,0.0,0.0,0.0,0.0,0.0,0.0,1.0
429530,0,1,3400,-59,59,235,15,26,0.50,22400.000000,0,27,14,0.0,0.0,0.0,0.0,0.0,0.0,1.0
429779,0,1,3400,-59,59,232,14,26,0.50,20576.000000,0,27,12,0.0,15808.000000,0,0.0,0.0,0.0,1.0
430028,0,1,3400,-59,59,230,11,27,0.50,26720.000000,0,27,10,0.0,0.0,0.0,0.0,0.0,0.0,1.0
430277,0,1,3400,-59,59,228,18,27,0.50,41728.000000,0,27,10,0.0,0.0,0.0,0.0,0.0,0.0,1.0
430526,0,1,3400,-59,59,226,17,27,0.50,53024.000000,0,27,10,0.0,0.0,0.0,0.0,0.0,0.0,1.0
430775,0,1,3400,-59,59,228,17,27,0.50,41728.000000,0,27,8.9,0.0,13888.000000,0,0.0,0.0,0.0,1.0
431024,0,1,3400,-59,59,229,18,26,0.50,15456.000000,0,27,7.5,0.0,0.0,0.0,0.0,0.0,0.0,1.0
431273,0,1,3400,-59,59,229,12,27,0.50,32832.000000,0,27,7.5,0.0,0.0,0.0,0.0,0.0,0.0,1.0
431522,0,1,3400,-58,58,230,16,27,0.50,46944.000000,0,27,7.5,0.0,0.0,0.0,0.0,0.0,0.0,1.0
431771,0,1,3400,-58,58,229,16,27,0.50,46912.000000,0,27,8.2,0.0,13632.000000,0,0.0,0.0,0.0,1.0
432020,0,1,3400,-58,58,230,18,27,0.50,41792.000000,0,27,9.5,0.0,0.0,0.0,0.0,0.0,0.0,1.0
432269,0,1,3400,-58,58,226,17,27,0.50,31648.000000,0,27,9.5,0.0,0.0,0.0,0.0,0.0,0.0,1.0
432518,0,1,3400,-58,58,231,13,27,0.50,47200.000000,0,27,9.5,0.0,0.0,0.0,0.0,0.0,0.0,1.0
432767,0,1,3400,-58,58,235,17,27,0.50,26240.000000,0,27,10,0.0,15808.000000,0,0.0,0.0,0.0,1.0
433016,0,1,3400,-58,58,229,21,27,0.50,56800.000000,0,27,10,0.0,0.0,0.0,0.0,0.0,0.0,1.0
433265,0,1,3400,-58,58,229,16,27,0.50,52288.000000,0,27,10,0.0,0.0,0.0,0.0,0.0,0.0,1.0
433514,0,1,3400,-58,58,240,15,27,0.50,52224.000000,0,27,10,0.0,0.0,0.0,0.0,0.0,0.0,1.0
433763,0,1,3400,-58,58,237,16,28,0.50,57408.000000,0,27,10,0.0,15808.000000,0,0.0,0.0,0.0,1.0
434012,0,1,3400,-58,58,232,16,27,0.50,52192.000000,0,27,10,0.0,0.0,0.0,0.0,0.0,0.0,1.0
434261,0,1,3400,-58,58,237,17,27,0.50,15648.000000,0,27,10,0.0,0.0,0.0,0.0,0.0,0.0,1.0
434510,0,1,3400,-58,58,234,20,27,0.50,41216.000000,0,27,10,0.0,0.0,0.0,0.0,0.0,0.0,1.0
434759,0,1,3400,-59,59,227,17,28,0.50,10464.000000,0,27,10,0.0,15808.000000,0,0.0,0.0,0.0,1.0
435008,0,1,3400,-59,59,231,18,27,0.50,30912.000000,0,27,10,0.0,0.0,0.0,0.0,0.0,0.0,1.0
435257,0,1,3400,-59,59,231,18,27,0.50,25760.000000,0,27,10,0.0,0.0,0.0,0.0,0.0,0.0,1.0
435506,0,1,3400,-59,59,227,16,26,0.50,36416.000000,0,27,10,0.0,0.0,0.0,0.0,0.0,0.0,1.0
435755,0,1,3400,-60,60,234,18,27,0.50,15808.000000,0,27,10,0.0,15808.000000,0,0.0,0.0,0.0,1.0
436004,0,1,3400,-60,60,229,16,26,0.50,36832.000000,0,27,10,0.0,0.0,0.0,0.0,0.0,0.0,1.0
436253,0,1,3400,-60,60,226,18,26,0.50,15456.000000,0,27,10,0.0,0.0,0.0,0.0,0.0,0.0,1.0
436502,0,1,3400,-59,59,228,21,26,0.50,51904.000000,0,27,10,0.0,0.0,0.0,0.0,0.0,0.0,1.0
436751,0,1,3400,-59,59,233,17,26,0.50,52864.000000,0,27,10,0.0,15808.000000,0,0.0,0.0,0.0,1.0
437000,0,1,3400,-59,59,235,15,27,0.50,20800.000000,0,27,10,0.0,0.0,0.0,0.0,0.0,0.0,1.0
437249,0,1,3400,-59,59,224,20,27,0.50,36448.000000,0,27,10,0.0,0.0,0.0,0.0,0.0,0.0,1.0
437498,0,1,3400,-59,59,228,17,27,0.50,57472.000000,0,27,10,0.0,0.0,0.0,0.0,0.0,0.0,1.0
437747,0,1,3400,-59,59,233,18,26,0.50,77792.000000,0,27,10,0.0,15808.000000,0,0.0,0.0,0.0,1.0
437996,0,1,3400,-59,59,231,16,26,0.50,57472.000000,0,27,10,0.0,0.0,0.0,0.0,0.0,0.0,1.0
438245,0,1,3400,-59,59,227,16,27,0.50,52096.000000,0,27,10,0.0,0.0,0.0,0.0,0.0,0.0,1.0
438494,0,1,3400,-59,59,231,18,27,0.50,51552.000000,0,27,10,0.0,0.0,0.0,0.0,0.0,0.0,1.0
438743,0,1,3400,-59,59,230,18,27,0.50,10528.000000,0,27,10,186,0.0,0.0,0.0,0.0,0.0,1.0
438992,0,1,3400,-59,59,228,17,26,0.50,47360.000000,0,27,10,0.0,15808.000000,0,0.0,0.0,0.0,1.0
439241,0,1,3400,-59,59,235,17,27,0.50,31104.000000,0,27,10,0.0,0.0,0.0,0.0,0.0,0.0,1.0
439490,0,1,3400,-59,59,235,20,27,0.50,41408.000000,0,27,10,0.0,0.0,0.0,0.0,0.0,0.0,1.0
439739,0,1,3400,-59,59,228,14,26,0.50,15648.000000,0,27,10,0.0,15808.000000,0,0.0,0.0,0.0,1.0
439988,0,1,3400,-59,59,226,15,26,0.50,25984.000000,0,27,10,0.0,0.0,0.0,0.0,0.0,0.0,1.0
440237,0,1,3400,-59,59,228,20,27,0.50,41248.000000,0,27,10,0.0,0.0,0.0,0.0,0.0,0.0,1.0
440486,0,1,3400,-59,59,228,18,27,0.50,20608.000000,0,27,10,0.0,0.0,0.0,0.0,0.0,0.0,1.0
440735,0,1,3400,-59,59,231,18,27,0.52,41984.000000,0,27,9.8,0.0,16480.000000,0,0.0,0.0,0.0,1.0
440984,0,1,3400,-59,59,230,20,26,0.57,46560.000000,0,27,8.5,0.0,0.0,0.0,0.0,0.0,0.0,1.0
441233,0,1,3400,-59,59,225,17,26,0.50,62400.000000,0,27,8.5,0.0,0.0,0.0,0.0,0.0,0.0,1.0
441482,0,1,3400,-58,58,228,17,27,0.50,57024.000000,0,27,8.5,0.0,0.0,0.0,0.0,0.0,0.0,1.0
441731,0,1,3400,-58,58,230,18,27,0.50,46560.000000,0,27,12,0.0,14144.000000,0,0.0,0.0,0.0,1.0
441980,0,1,3400,-58,58,232,16,27,0.50,51520.000000,0,27,16,0.0,0.0,0.0,0.0,0.0,0.0,1.0
442229,0,1,3400,-58,58,227,18,27,0.50,30912.000000,0,27,16,0.0,0.0,0.0,0.0,0.0,0.0,1.0
442478,0,1,3400,-58,58,230,18,28,0.50,41216.000000,0,27,16,0.0,0.0,0.0,0.0,0.0,0.0,1.0
442727,0,1,3400,-58,58,231,18,28,0.50,25760.000000,0,27,15,0.0,7200.000000,57,0.0,0.0,0.0,1.0
442976,0,1,3400,-58,58,227,18,28,0.50,41536.000000,0,27,12,0.0,0.0,0.0,0.0,0.0,0.0,1.0
443225,0,1,3400,-58,58,226,14,28,0.50,41568.000000,0,27,11,0.0,0.0,0.0,0.0,0.0,0.0,1.0
443474,0,1,3400,-57,57,227,18,28,0.50,25760.000000,0,27,11,0.0,0.0,0.0,0.0,0.0,0.0,1.0
443723,0,1,3400,-57,57,233,19,29,0.50,56512.000000,0,27,9.2,0.0,46944.000000,17,0.0,0.0,0.0,1.0
443972,0,1,3400,-57,57,227,19,29,0.50,51712.000000,0,27,7.0,0.0,0.0,0.0,0.0,0.0,0.0,1.0
444221,0,1,3400,-57,57,233,16,28,0.50,36256.000000,0,27,7.0,0.0,0.0,0.0,0.0,0.0,0.0,1.0
444470,0,1,3400,-57,57,233,13,28,0.50,37408.000000,0,27,7.0,0.0,0.0,0.0,0.0,0.0,0.0,1.0
444719,0,1,3400,-57,57,231,18,28,0.50,15456.000000,0,27,7.3,0.0,23488.000000,0,0.0,0.0,0.0,1.0
444968,0,1,3400,-57,57,226,18,28,0.50,25760.000000,0,27,9.5,0.0,0.0,0.0,0.0,0.0,0.0,1.0
445217,0,1,3400,-57,57,229,19,29,0.68,37184.000000,0,27,9.5,0.0,0.0,0.0,0.0,0.0,0.0,1.0
445466,0,1,3400,-57,57,226,14,28,0.50,26144.000000,0,27,9.5,0.0,0.0,0.0,0.0,0.0,0.0,1.0
445715,0,1,3400,-58,58,230,15,28,0.50,36224.000000,0,27,7.4,0.0,13728.000000,0,0.0,0.0,0.0,1.0
445964,0,1,3400,-58,58,233,18,28,0.50,30912.000000,0,27,3.5,0.0,0.0,0.0,0.0,0.0,0.0,1.0
446213,0,1,3400,-58,58,232,18,28,0.50,41216.000000,0,27,3.5,0.0,0.0,0.0,0.0,0.0,0.0,1.0
446462,0,1,3400,-58,58,233,18,27,0.50,36064.000000,0,27,3.5,0.0,0.0,0.0,0.0,0.0,0.0,1.0
446711,0,1,3400,-59,59,229,18,27,0.50,20992.000000,0,27,6.4,0.0,324960.000000,25,0.0,0.0,0.0,1.0
446960,0,1,3400,-59,59,226,14,27,0.50,36960.000000,0,27,16,0.0,0.0,100.000000,0.0,0.0,0.0,1.0
447209,0,1,3400,-59,59,228,14,27,0.50,15968.000000,0,27,16,0.0,0.0,0.0,0.0,0.0,0.0,1.0
447458,0,1,3400,-59,59,233,15,27,0.50,62144.000000,0,27,16,0.0,0.0,0.0,0.0,0.0,0.0,1.0
447707,0,1,3400,-59,59,233,18,27,0.50,51520.000000,0,27,12,0.0,43264.000000,0,0.0,0.0,0.0,1.0
447956,0,1,3400,-59,59,230,18,27,0.50,15456.000000,0,27,4.0,0.0,0.0,0.0,0.0,0.0,0.0,1.0
448205,0,1,3400,-59,59,224,18,27,0.50,51520.000000,0,27,4.0,0.0,0.0,0.0,0.0,0.0,0.0,1.0
448454,0,1,3400,-58,58,233,16,28,0.50,31168.000000,0,27,4.0,0.0,0.0,0.0,0.0,0.0,0.0,1.0
448703,0,1,3400,-58,58,234,18,27,0.50,41568.000000,0,27,8.9,0.0,142816.000000,16,0.0,0.0,0.0,1.0
448952,0,1,3400,-58,58,234,18,27,0.50,41216.000000,0,27,14,0.0,0.0,0.0,0.0,0.0,0.0,1.0
449201,0,1,3400,-58,58,235,18,28,0.50,25760.000000,0,27,14,0.0,0.0,0.0,0.0,0.0,0.0,1.0
449450,0,1,3400,-58,58,227,18,28,0.50,0.0,0.0,27,14,0.0,0.0,0.0,0.0,0.0,0.0,1.0
449699,0,1,3400,-58,58,236,18,28,0.50,0.0,0.0,27,14,0.0,0.0,0.0,0.0,0.0,0.0,1.0
449948,0,1,3400,-58,58,234,18,28,0.50,0.0,0.0,27,14,0.0,0.0,0.0,0.0,0.0,0.0,1.0
450197,0,1,3400,-58,58,230,18,28,0.50,0.0,0.0,27,14,0.0,0.0,0.0,0.0,0.0,0.0,1.0
450446,0,1,3400,-57,57,230,18,29,0.50,0.0,0.0,27,14,0.0,0.0,0.0,0.0,0.0,0.0,1.0
450695,0,1,3400,-57,57,226,18,29,0.50,0.0,0.0,27,14,0.0,0.0,0.0,0.0,0.0,0.0,1.0
450944,0,1,3400,-57,57,228,18,29,0.50,0.0,0.0,27,14,0.0,0.0,0.0,0.0,0.0,0.0,1.0
451193,0,1,3400,-57,57,229,18,28,0.50,0.0,0.0,27,14,0.0,0.0,0.0,0.0,0.0,0.0,1.0
451442,0,1,3400,-57,57,230,18,29,0.50,0.0,0.0,27,14,0.0,0.0,0.0,0.0,0.0,0.0,1.0
451691,0,1,3400,-57,57,225,18,29,0.50,0.0,0.0,27,14,0.0,0.0,0.0,0.0,0.0,0.0,1.0
451940,0,1,3400,-57,57,227,18,29,0.50,0.0,0.0,27,14,0.0,0.0,0.0,0.0,0.0,0.0,1.0
452189,0,1,3400,-57,57,227,18,29,0.50,0.0,0.0,27,14,0.0,0.0,0.0,0.0,0.0,0.0,1.0
452438,0,1,3400,-57,57,228,18,29,0.50,0.0,0.0,27,14,0.0,0.0,0.0,0.0,0.0,0.0,1.0
452687,0,1,3400,-57,57,234,18,29,0.50,0.0,0.0,27,14,0.0,0.0,0.0,0.0,0.0,0.0,1.0
452936,0,1,3400,-57,57,229,18,29,0.50,0.0,0.0,27,14,0.0,0.0,0.0,0.0,0.0,0.0,1.0
453185,0,1,3400,-57,57,224,18,29,0.50,0.0,0.0,27,14,0.0,0.0,0.0,0.0,0.0,0.0,1.0
453434,0,1,3400,-57,57,222,18,29,0.50,0.0,0.0,27,14,0.0,0.0,0.0,0.0,0.0,0.0,1.0
453683,0,1,3400,-57,57,227,18,29,0.50,0.0,0.0,27,14,0.0,0.0,0.0,0.0,0.0,0.0,1.0
453932,0,1,3400,-57,57,234,18,29,0.50,0.0,0.0,27,14,0.0,0.0,0.0,0.0,0.0,0.0,1.0
454181,0,1,3400,-57,57,235,18,29,0.50,0.0,0.0,27,14,0.0,0.0,0.0,0.0,0.0,0.0,1.0
454430,0,1,3400,-57,57,235,18,29,0.50,0.0,0.0,27,14,0.0,0.0,0.0,0.0,0.0,0.0,1.0
454679,0,1,3400,-57,57,225,18,29,0.50,0.0,0.0,27,14,0.0,0.0,0.0,0.0,0.0,0.0,1.0
454928,0,1,3400,-66,66,232,18,22,0.50,0.0,0.0,27,14,0.0,0.0,0.0,0.0,0.0,0.0,1.0
455177,0,1,3400,-88,88,589,18,0.94,0.50,0.0,0.0,27,14,0.0,0.0,0.0,0.0,0.0,0.0,1.0
455426,0,1,3400,-88,88,1303.937622,18,0.84,0.50,0.0,0.0,27,14,0.0,0.0,0.0,0.0,0.0,0.0,1.0
455675,0,1,3400,-88,88,1186.998535,18,0.98,0.50,0.0,0.0,27,14,0.0,0.0,0.0,0.0,0.0,0.0,1.0
455924,0,1,3400,-88,88,318,18,0.94,0.50,0.0,0.0,27,14,0.0,0.0,0.0,0.0,0.0,0.0,1.0
456173,0,1,3400,-88,88,318,18,0.94,0.50,0.0,0.0,27,14,0.0,0.0,0.0,0.0,0.0,0.0,1.0
456422,0,1,3400,-88,88,318,18,0.94,0.50,0.0,0.0,27,14,0.0,0.0,0.0,0.0,0.0,0.0,1.0
456671,0,1,3400,-88,88,318,18,0.94,0.50,0.0,0.0,27,14,0.0,0.0,0.0,0.0,0.0,0.0,1.0
456920,0,1,3400,-88,88,318,18,0.94,0.50,0.0,0.0,27,14,0.0,0.0,0.0,0.0,0.0,0.0,0.0