time,cc,pci,earfcn,rsrp,pl,cfo,dl_mcs,dl_snr,dl_turbo,dl_brate,dl_bler,ul_ta,ul_mcs,ul_buff,ul_brate,ul_bler,rf_o,rf_u,rf_l,is_attached
0,0,0,4294967295,0.0,0.0,0.0,0.0,0.0,0.0,0.0,0.0,0.0,0.0,0.0,0.0,0.0,0.0,0.0,0.0,0.0
249,0,0,3400,0.0,0.0,0.0,0.0,0.0,0.0,0.0,0.0,0.0,0.0,0.0,0.0,0.0,0.0,0.0,0.0,0.0
498,0,0,3400,0.0,0.0,0.0,0.0,0.0,0.0,0.0,0.0,0.0,0.0,0.0,0.0,0.0,0.0,0.0,0.0,0.0
747,0,1,3400,0.0,0.0,0.0,0.0,0.0,0.0,0.0,0.0,0.0,0.0,0.0,0.0,0.0,0.0,0.0,0.0,0.0
996,0,1,3400,-63,63,-62,0.0,13,0.0,0.0,0.0,0.0,0.0,0.0,0.0,0.0,0.0,0.0,0.0,0.0
1245,0,1,3400,-63,63,189,1.0,21,0.25,1888.000000,0,0.0,0.0,0.0,224,0,0.0,0.0,0.0,0.0
1494,0,1,3400,-63,63,218,2.5,22,0.49,1024.000000,0,27,0.0,33,0.0,0.0,0.0,0.0,0.0,1.0
1743,0,1,3400,-63,63,218,3.8,22,0.50,4736.000000,0,27,6.0,12,56064.000000,0,0.0,0.0,0.0,1.0
1992,0,1,3400,-63,63,217,5.1,22,0.50,6560.000000,0,27,12,0.0,55072.000000,0,0.0,0.0,0.0,1.0
2241,0,1,3400,-63,63,217,8.4,22,0.50,0.0,0.0,27,9.9,0.0,16544.000000,0,0.0,0.0,0.0,1.0
2490,0,1,3400,-63,63,214,8.5,22,0.50,0.0,0.0,27,10,0.0,0.0,0.0,0.0,0.0,0.0,1.0
2739,0,1,3400,-63,63,213,8.5,22,0.50,0.0,0.0,27,10,0.0,0.0,0.0,0.0,0.0,0.0,1.0
2988,0,1,3400,-63,63,220,16,22,0.50,10304.000000,0,27,8.4,0.0,27744.000000,0,0.0,0.0,0.0,1.0
3237,0,1,3400,-63,63,214,18,22,0.75,30912.000000,0,27,9.7,0.0,64704.000000,0,0.0,0.0,0.0,1.0
3486,0,1,3400,-64,64,216,18,22,0.66,20608.000000,0,27,12,0.0,6432.000000,0,0.0,0.0,0.0,1.0
3735,0,1,3400,-64,64,216,18,22,0.71,20768.000000,0,27,12,0.0,0.0,0.0,0.0,0.0,0.0,1.0
3984,0,1,3400,-64,64,216,18,21,0.50,5152.000000,0,27,12,186,0.0,0.0,0.0,0.0,0.0,1.0
4233,0,1,3400,-64,64,218,18,21,0.65,25760.000000,0,27,10,0.0,16064.000000,0,0.0,0.0,0.0,1.0
4482,0,1,3400,-64,64,219,18,21,0.84,5152.000000,0,27,10,0.0,0.0,0.0,0.0,0.0,0.0,1.0
4731,0,1,3400,-64,64,217,10,21,0.57,16064.000000,0,27,10,0.0,0.0,0.0,0.0,0.0,0.0,1.0
4980,0,1,3400,-64,64,218,18,21,0.69,15456.000000,0,27,8.7,0.0,16576.000000,0,0.0,0.0,0.0,1.0
5229,0,1,3400,-64,64,218,18,21,0.57,15456.000000,0,27,8.0,0.0,0.0,0.0,0.0,0.0,0.0,1.0
5478,0,1,3400,-64,64,219,18,21,0.50,0.0,0.0,27,8.0,0.0,0.0,0.0,0.0,0.0,0.0,1.0
5727,0,1,3400,-64,64,218,18,22,0.50,0.0,0.0,27,8.0,0.0,0.0,0.0,0.0,0.0,0.0,1.0
5976,0,1,3400,-64,64,212,18,22,0.50,10262.948242,0,27,14,0.0,119362.546875,22,0.0,0.0,0.0,1.0
6225,0,1,3400,-64,64,215,18,22,0.49,10345.381836,0,27,16,0.0,0.0,0.0,0.0,0.0,0.0,1.0
6474,0,1,3400,-64,64,217,18,22,0.53,10304.000000,0,27,16,0.0,0.0,0.0,0.0,0.0,0.0,1.0
6723,0,1,3400,-64,64,221,18,22,0.50,15456.000000,0,27,16,0.0,0.0,0.0,0.0,0.0,0.0,1.0
6972,0,1,3400,-64,64,215,17,22,0.50,15712.000000,0,27,14,0.0,14144.000000,0,0.0,0.0,0.0,1.0
7221,0,1,3400,-64,64,218,18,21,0.50,15456.000000,0,27,13,0.0,0.0,0.0,0.0,0.0,0.0,1.0
7470,0,1,3400,-64,64,220,14,21,0.52,42912.000000,0,27,13,0.0,0.0,0.0,0.0,0.0,0.0,1.0
7719,0,1,3400,-64,64,219,17,21,0.50,10464.000000,0,27,13,0.0,0.0,0.0,0.0,0.0,0.0,1.0
7968,0,1,3400,-64,64,217,15,21,0.50,10304.000000,0,27,8.8,0.0,14112.000000,0,0.0,0.0,0.0,1.0
8217,0,1,3400,-64,64,215,18,21,0.57,10304.000000,0,27,0.0,0.0,0.0,0.0,0.0,0.0,0.0,1.0
8466,0,1,3400,-64,64,212,18,21,0.65,20608.000000,0,27,0.0,0.0,0.0,0.0,0.0,0.0,0.0,1.0
8715,0,1,3400,-64,64,216,18,21,0.50,5152.000000,0,27,0.0,0.0,0.0,0.0,0.0,0.0,0.0,1.0
8964,0,1,3400,-64,64,219,18,22,0.50,10304.000000,0,27,0.80,0.0,22208.000000,0,0.0,0.0,0.0,1.0
9213,0,1,3400,-63,63,220,18,22,0.50,10304.000000,0,27,4.0,0.0,0.0,0.0,0.0,0.0,0.0,1.0
9462,0,1,3400,-63,63,219,18,22,0.50,20608.000000,0,27,4.0,0.0,0.0,0.0,0.0,0.0,0.0,1.0
9711,0,1,3400,-63,63,221,18,22,0.57,20608.000000,0,27,4.0,0.0,0.0,0.0,0.0,0.0,0.0,1.0
9960,0,1,3400,-63,63,218,18,22,0.80,20608.000000,0,27,6.4,0.0,24256.000000,0,0.0,0.0,0.0,1.0
10209,0,1,3400,-62,62,217,18,22,0.63,25760.000000,0,27,11,0.0,0.0,0.0,0.0,0.0,0.0,1.0
10458,0,1,3400,-62,62,217,18,23,0.50,15456.000000,0,27,11,0.0,0.0,0.0,0.0,0.0,0.0,1.0
10707,0,1,3400,-62,62,221,18,23,0.50,15456.000000,0,27,11,0.0,0.0,0.0,0.0,0.0,0.0,1.0
10956,0,1,3400,-62,62,219,18,23,0.50,0.0,0.0,27,11,0.0,0.0,0.0,0.0,0.0,0.0,1.0
11205,0,1,3400,-62,62,219,18,23,0.55,25760.000000,0,27,9.9,0.0,28512.000000,0,0.0,0.0,0.0,1.0
11454,0,1,3400,-61,61,220,18,24,0.62,10304.000000,0,27,9.5,0.0,0.0,0.0,0.0,0.0,0.0,1.0
11703,0,1,3400,-61,61,217,17,23,0.50,26016.000000,0,27,9.5,0.0,0.0,0.0,0.0,0.0,0.0,1.0
11952,0,1,3400,-61,61,218,18,23,0.52,20608.000000,0,27,11,0.0,23744.000000,0,0.0,0.0,0.0,1.0
12201,0,1,3400,-61,61,219,18,23,0.50,25760.000000,0,27,11,0.0,0.0,0.0,0.0,0.0,0.0,1.0
12450,0,1,3400,-61,61,217,18,24,0.50,15394.421875,0,27,12,0.0,0.0,0.0,0.0,0.0,0.0,1.0
12699,0,1,3400,-61,61,216,18,24,0.50,0.0,0.0,27,12,0.0,0.0,0.0,0.0,0.0,0.0,1.0
12948,0,1,3400,-61,61,219,18,24,0.50,5152.000000,0,27,12,0.0,14400.000000,0,0.0,0.0,0.0,1.0
13197,0,1,3400,-61,61,219,18,24,0.50,0.0,0.0,27,12,0.0,0.0,0.0,0.0,0.0,0.0,1.0
13446,0,1,3400,-61,61,218,18,23,0.50,15456.000000,0,27,12,0.0,0.0,0.0,0.0,0.0,0.0,1.0
13695,0,1,3400,-61,61,221,18,24,0.50,10304.000000,0,27,12,0.0,0.0,0.0,0.0,0.0,0.0,1.0
13944,0,1,3400,-61,61,218,18,24,0.55,20608.000000,0,27,6.9,0.0,13664.000000,0,0.0,0.0,0.0,1.0
14193,0,1,3400,-61,61,215,15,24,0.50,5408.000000,0,27,5.5,0.0,0.0,0.0,0.0,0.0,0.0,1.0
14442,0,1,3400,-61,61,213,16,24,0.50,10304.000000,0,27,5.5,0.0,0.0,0.0,0.0,0.0,0.0,1.0
14691,0,1,3400,-61,61,219,5.5,24,0.50,25344.000000,0,27,5.5,0.0,0.0,0.0,0.0,0.0,0.0,1.0
14940,0,1,3400,-61,61,218,18,24,0.50,5152.000000,0,27,6.9,0.0,11968.000000,0,0.0,0.0,0.0,1.0
15189,0,1,3400,-61,61,220,18,24,0.50,0.0,0.0,27,8.5,0.0,0.0,0.0,0.0,0.0,0.0,1.0
15438,0,1,3400,-62,62,217,18,24,0.50,15456.000000,0,27,8.5,0.0,0.0,0.0,0.0,0.0,0.0,1.0
15687,0,1,3400,-62,62,217,18,23,0.50,15456.000000,0,27,8.5,0.0,0.0,0.0,0.0,0.0,0.0,1.0
15936,0,1,3400,-62,62,215,18,23,0.50,15456.000000,0,27,8.7,0.0,17760.000000,0,0.0,0.0,0.0,1.0
16185,0,1,3400,-62,62,217,17,23,0.50,19264.000000,0,27,8.5,0.0,0.0,0.0,0.0,0.0,0.0,1.0
16434,0,1,3400,-62,62,218,10,23,0.50,18240.000000,0,27,8.5,0.0,0.0,0.0,0.0,0.0,0.0,1.0
16683,0,1,3400,-62,62,218,7.7,23,0.50,13120.000000,0,27,8.4,0.0,0.0,0.0,0.0,0.0,0.0,1.0
16932,0,1,3400,-62,62,218,14,23,0.50,10304.000000,0,27,6.6,0.0,20192.000000,0,0.0,0.0,0.0,1.0
17181,0,1,3400,-62,62,214,15,23,0.50,10560.000000,0,27,5.5,0.0,0.0,0.0,0.0,0.0,0.0,1.0
17430,0,1,3400,-63,63,219,17,23,0.73,15456.000000,0,27,5.5,0.0,0.0,0.0,0.0,0.0,0.0,1.0
17679,0,1,3400,-63,63,221,18,22,0.56,10304.000000,0,27,5.5,0.0,0.0,0.0,0.0,0.0,0.0,1.0
17928,0,1,3400,-63,63,217,18,22,0.50,10304.000000,0,27,5.7,0.0,0.0,0,0.0,0.0,0.0,1.0
18177,0,1,3400,-63,63,216,18,22,0.50,15456.000000,0,27,13,0.0,17856.000000,25,0.0,0.0,0.0,1.0
18426,0,1,3400,-63,63,219,18,22,0.65,20608.000000,0,27,13,0.0,0.0,0.0,0.0,0.0,0.0,1.0
18675,0,1,3400,-63,63,216,18,22,0.65,20608.000000,0,27,13,0.0,0.0,0.0,0.0,0.0,0.0,1.0
18924,0,1,3400,-63,63,218,18,22,0.50,5152.000000,0,27,8.0,0.0,29248.000000,0,0.0,0.0,0.0,1.0
19173,0,1,3400,-63,63,222,18,22,0.50,15456.000000,0,27,5.0,0.0,0.0,0.0,0.0,0.0,0.0,1.0
19422,0,1,3400,-63,63,220,18,22,0.50,15456.000000,0,27,5.0,0.0,0.0,0.0,0.0,0.0,0.0,1.0
19671,0,1,3400,-63,63,218,18,22,0.50,5152.000000,0,27,5.0,0.0,0.0,0.0,0.0,0.0,0.0,1.0
19920,0,1,3400,-63,63,220,18,22,0.50,0.0,0.0,27,5.0,0.0,0.0,0.0,0.0,0.0,0.0,1.0
20169,0,1,3400,-63,63,220,18,22,0.50,15456.000000,0,27,5.9,0.0,17312.000000,0,0.0,0.0,0.0,1.0
20418,0,1,3400,-63,63,221,18,22,0.50,10304.000000,0,27,6.0,0.0,0.0,0.0,0.0,0.0,0.0,1.0
20667,0,1,3400,-63,63,218,18,22,0.50,31168.000000,0,27,6.0,0.0,0.0,0.0,0.0,0.0,0.0,1.0
20916,0,1,3400,-63,63,217,17,22,0.50,10304.000000,0,27,12,0.0,55776.000000,56,0.0,0.0,0.0,1.0
21165,0,1,3400,-63,63,220,18,22,0.50,20608.000000,0,27,16,0.0,0.0,0.0,0.0,0.0,0.0,1.0
21414,0,1,3400,-63,63,217,18,22,0.50,25760.000000,0,27,16,0.0,0.0,0.0,0.0,0.0,0.0,1.0
21663,0,1,3400,-63,63,221,18,22,0.50,15456.000000,0,27,16,0.0,0.0,0.0,0.0,0.0,0.0,1.0
21912,0,1,3400,-63,63,219,18,22,0.50,15456.000000,0,27,8.4,0.0,11168.000000,0,0.0,0.0,0.0,1.0
22161,0,1,3400,-63,63,215,18,22,0.50,10304.000000,0,27,6.5,0.0,0.0,0.0,0.0,0.0,0.0,1.0
22410,0,1,3400,-63,63,217,18,22,0.50,10464.000000,0,27,6.5,0.0,0.0,0.0,0.0,0.0,0.0,1.0
22659,0,1,3400,-63,63,216,18,22,0.57,10304.000000,0,27,6.5,0.0,0.0,0.0,0.0,0.0,0.0,1.0
22908,0,1,3400,-63,63,218,18,22,0.75,0.0,0.0,27,6.5,0.0,0.0,0.0,0.0,0.0,0.0,1.0
23157,0,1,3400,-63,63,220,18,22,0.63,10304.000000,0,27,9.0,0.0,55488.000000,0,0.0,0.0,0.0,1.0
23406,0,1,3400,-64,64,221,18,22,0.49,15456.000000,0,27,14,0.0,0.0,0.0,0.0,0.0,0.0,1.0
23655,0,1,3400,-64,64,216,16,22,0.50,5248.000000,0,27,14,0.0,0.0,0.0,0.0,0.0,0.0,1.0
23904,0,1,3400,-64,64,217,18,22,0.50,15456.000000,0,27,9.7,0.0,12512.000000,0,0.0,0.0,0.0,1.0
24153,0,1,3400,-64,64,222,17,21,0.65,26016.000000,0,27,8.5,0.0,0.0,0.0,0.0,0.0,0.0,1.0
24402,0,1,3400,-65,65,220,18,21,0.75,5152.000000,0,27,8.5,0.0,0.0,0.0,0.0,0.0,0.0,1.0
24651,0,1,3400,-65,65,219,18,21,0.69,5152.000000,0,27,8.5,0.0,0.0,0.0,0.0,0.0,0.0,1.0
24900,0,1,3400,-65,65,219,18,21,0.50,5152.000000,0,27,7.5,0.0,10880.000000,0,0.0,0.0,0.0,1.0
25150,0,1,3400,-65,65,219,18,20,0.59,10262.948242,0,27,6.5,0.0,0.0,0.0,0.0,0.0,0.0,1.0
25399,0,1,3400,-65,65,219,18,20,1.0,0.0,0.0,27,6.5,0.0,0.0,0.0,0.0,0.0,0.0,1.0
25648,0,1,3400,-65,65,220,16,20,0.73,15839.357422,0,27,6.5,0.0,0.0,0.0,0.0,0.0,0.0,1.0
25897,0,1,3400,-65,65,221,12,20,0.50,21024.000000,0,27,6.3,0.0,30688.000000,14,0.0,0.0,0.0,1.0
26146,0,1,3400,-65,65,221,16,20,0.50,10304.000000,0,27,5.5,0.0,0.0,0.0,0.0,0.0,0.0,1.0
26395,0,1,3400,-65,65,221,15,20,0.50,10560.000000,0,27,5.5,0.0,0.0,0.0,0.0,0.0,0.0,1.0
26644,0,1,3400,-65,65,221,12,21,0.51,10560.000000,0,27,5.5,0.0,0.0,0.0,0.0,0.0,0.0,1.0
26893,0,1,3400,-65,65,219,18,21,0.57,15456.000000,0,27,4.8,0.0,29216.000000,8,0.0,0.0,0.0,1.0
27142,0,1,3400,-65,65,214,18,20,0.50,5152.000000,0,27,4.5,0.0,0.0,0.0,0.0,0.0,0.0,1.0
27391,0,1,3400,-65,65,217,18,20,0.52,10304.000000,0,27,4.5,0.0,0.0,0.0,0.0,0.0,0.0,1.0
27640,0,1,3400,-65,65,218,15,20,0.62,10720.000000,0,27,4.5,0.0,0.0,0.0,0.0,0.0,0.0,1.0
27889,0,1,3400,-65,65,219,9.4,20,0.50,5344.000000,0,27,2.2,0.0,10304.000000,0,0.0,0.0,0.0,1.0
28138,0,1,3400,-65,65,214,8.5,20,0.50,0.0,0.0,27,1.0,0.0,0.0,0.0,0.0,0.0,0.0,1.0
28387,0,1,3400,-65,65,219,9.7,20,0.50,5408.000000,0,27,1.0,0.0,0.0,0.0,0.0,0.0,0.0,1.0
28636,0,1,3400,-65,65,219,11,19,0.50,27360.000000,0,27,1.0,0.0,0.0,0.0,0.0,0.0,0.0,1.0
28885,0,1,3400,-65,65,219,3.0,19,0.50,0.0,0.0,27,1.0,0.0,0.0,0.0,0.0,0.0,0.0,1.0
29134,0,1,3400,-65,65,221,13,19,1.7,15968.000000,0,27,0.27,0.0,11904.000000,0,0.0,0.0,0.0,1.0
29383,0,1,3400,-65,65,217,14,20,0.52,15552.000000,0,27,0.0,0.0,0.0,0.0,0.0,0.0,0.0,1.0
29632,0,1,3400,-65,65,219,12,19,0.50,21568.000000,0,27,0.0,0.0,0.0,0.0,0.0,0.0,0.0,1.0
29881,0,1,3400,-65,65,221,13,19,0.50,10816.000000,0,27,2.0,0.0,10592.000000,0,0.0,0.0,0.0,1.0
30130,0,1,3400,-65,65,222,13,20,0.50,0.0,0.0,27,5.0,0.0,0.0,0.0,0.0,0.0,0.0,1.0
30379,0,1,3400,-66,66,219,9.9,19,0.50,16160.000000,0,27,5.0,0.0,0.0,0.0,0.0,0.0,0.0,1.0
30628,0,1,3400,-66,66,221,10,19,0.50,10816.000000,0,27,5.0,0.0,0.0,0.0,0.0,0.0,0.0,1.0
30877,0,1,3400,-66,66,221,12,19,0.50,10816.000000,0,27,5.5,0.0,16128.000000,24,0.0,0.0,0.0,1.0
31126,0,1,3400,-66,66,222,12,19,0.50,21888.000000,0,27,7.5,0.0,0.0,0.0,0.0,0.0,0.0,1.0
31375,0,1,3400,-66,66,220,11,19,0.52,21312.000000,0,27,7.5,0.0,0.0,0.0,0.0,0.0,0.0,1.0
31624,0,1,3400,-66,66,220,11,19,0.63,10656.000000,0,27,7.5,0.0,0.0,0.0,0.0,0.0,0.0,1.0
31873,0,1,3400,-66,66,222,10,19,0.50,16160.000000,0,27,5.2,0.0,39072.000000,0,0.0,0.0,0.0,1.0
32122,0,1,3400,-65,65,223,8.9,19,0.50,10816.000000,0,27,3.0,0.0,0.0,0.0,0.0,0.0,0.0,1.0
32371,0,1,3400,-65,65,221,12,20,0.50,5408.000000,0,27,3.0,0.0,0.0,0.0,0.0,0.0,0.0,1.0
32620,0,1,3400,-65,65,221,13,19,0.50,10816.000000,0,27,3.0,0.0,0.0,0.0,0.0,0.0,0.0,1.0
32869,0,1,3400,-65,65,218,13,19,0.50,0.0,0.0,27,3.0,0.0,0.0,0.0,0.0,0.0,0.0,1.0
33118,0,1,3400,-65,65,219,13,19,0.50,0.0,0.0,27,3.0,0.0,0.0,0.0,0.0,0.0,0.0,1.0
33367,0,1,3400,-66,66,220,11,19,0.50,21536.000000,0,27,2.9,0.0,21152.000000,23,0.0,0.0,0.0,1.0
33616,0,1,3400,-66,66,219,13,19,0.50,16128.000000,0,27,2.0,0.0,0.0,0.0,0.0,0.0,0.0,1.0
33865,0,1,3400,-66,66,220,13,19,0.50,10816.000000,0,27,0.48,0.0,43328.000000,0,0.0,0.0,0.0,1.0
34114,0,1,3400,-66,66,221,13,19,0.49,26944.000000,0,27,0.17,0.0,0.0,0.0,0.0,0.0,0.0,1.0
34363,0,1,3400,-66,66,220,13,19,0.49,16224.000000,0,27,0.17,0.0,0.0,0.0,0.0,0.0,0.0,1.0
34612,0,1,3400,-66,66,220,13,18,0.50,16224.000000,0,27,0.0,0.0,0.0,0.0,0.0,0.0,0.0,1.0
34861,0,1,3400,-66,66,220,13,19,0.50,10816.000000,0,27,4.9,0.0,896,57,0.0,0.0,0.0,1.0
35110,0,1,3400,-66,66,219,13,19,0.50,16224.000000,0,27,7.5,0.0,0.0,0.0,0.0,0.0,0.0,1.0
35359,0,1,3400,-66,66,216,13,19,0.50,16224.000000,0,27,7.6,0.0,0.0,0.0,0.0,0.0,0.0,1.0
35608,0,1,3400,-66,66,217,13,19,0.50,0.0,0.0,27,7.5,0.0,0.0,0.0,0.0,0.0,0.0,1.0
35857,0,1,3400,-66,66,217,13,19,0.50,10816.000000,0,27,4.1,0.0,12096.000000,0,0.0,0.0,0.0,1.0
36106,0,1,3400,-66,66,218,13,19,0.49,5408.000000,0,27,0.0,0.0,0.0,0.0,0.0,0.0,0.0,1.0
36355,0,1,3400,-66,66,220,13,19,0.50,0.0,0.0,27,0.0,0.0,0.0,0.0,0.0,0.0,0.0,1.0
36604,0,1,3400,-66,66,221,17,19,0.57,25760.000000,0,27,0.0,0.0,0.0,0.0,0.0,0.0,0.0,1.0
36853,0,1,3400,-66,66,220,15,19,0.50,26592.000000,0,27,0.0,0.0,10112.000000,0,0.0,0.0,0.0,1.0
37102,0,1,3400,-66,66,220,13,19,0.50,21632.000000,0,27,0.0,0.0,0.0,0.0,0.0,0.0,0.0,1.0
37351,0,1,3400,-66,66,214,13,19,0.50,5408.000000,0,27,0.0,0.0,0.0,0.0,0.0,0.0,0.0,1.0
37600,0,1,3400,-66,66,223,13,19,0.50,27040.000000,0,27,0.0,0.0,0.0,0.0,0.0,0.0,0.0,1.0
37849,0,1,3400,-66,66,222,13,19,0.50,21472.000000,0,27,0.15,0.0,13408.000000,0,0.0,0.0,0.0,1.0
38098,0,1,3400,-66,66,221,10,19,0.50,10816.000000,0,27,0.0,0.0,0.0,0.0,0.0,0.0,0.0,1.0
38347,0,1,3400,-66,66,220,10,19,0.50,21568.000000,0,27,0.0,0.0,0.0,0.0,0.0,0.0,0.0,1.0
38596,0,1,3400,-66,66,221,11,19,0.50,16224.000000,0,27,0.0,0.0,0.0,0.0,0.0,0.0,0.0,1.0
38845,0,1,3400,-66,66,221,13,19,1.1,21408.000000,12,27,4.8,0.0,24960.000000,30,0.0,0.0,0.0,1.0
39094,0,1,3400,-66,66,222,8.5,19,0.50,26976.000000,0,27,6.0,0.0,0.0,0.0,0.0,0.0,0.0,1.0
39343,0,1,3400,-66,66,221,9.7,19,0.50,21376.000000,0,27,6.0,0.0,0.0,0.0,0.0,0.0,0.0,1.0
39592,0,1,3400,-66,66,220,13,19,0.50,5408.000000,0,27,6.0,0.0,0.0,0.0,0.0,0.0,0.0,1.0
39841,0,1,3400,-66,66,215,13,19,0.50,10816.000000,0,27,2.7,0.0,15520.000000,7,0.0,0.0,0.0,1.0
40090,0,1,3400,-65,65,221,13,20,0.50,0.0,0.0,27,0.0,0.0,0.0,0.0,0.0,0.0,0.0,1.0
40339,0,1,3400,-66,66,221,13,19,0.50,5408.000000,0,27,0.0,0.0,0.0,0.0,0.0,0.0,0.0,1.0
40588,0,1,3400,-66,66,218,13,19,0.50,0.0,0.0,27,0.0,0.0,0.0,0.0,0.0,0.0,0.0,1.0
40837,0,1,3400,-66,66,218,12,19,0.50,21568.000000,0,27,0.62,0.0,9920.000000,0,0.0,0.0,0.0,1.0
41086,0,1,3400,-66,66,221,13,18,0.50,16224.000000,0,27,1.0,0.0,0.0,0.0,0.0,0.0,0.0,1.0
41335,0,1,3400,-66,66,221,13,19,0.50,16224.000000,0,27,1.0,0.0,0.0,0.0,0.0,0.0,0.0,1.0
41584,0,1,3400,-66,66,221,10,19,0.50,11584.000000,0,27,1.0,0.0,0.0,0.0,0.0,0.0,0.0,1.0
41833,0,1,3400,-66,66,222,8.1,19,0.53,26784.000000,0,27,5.7,0.0,76096.000000,9,0.0,0.0,0.0,1.0
42082,0,1,3400,-65,65,219,13,19,0.50,16224.000000,0,27,9.0,0.0,0.0,0.0,0.0,0.0,0.0,1.0
42331,0,1,3400,-65,65,213,11,20,0.50,21536.000000,0,27,9.0,0.0,0.0,0.0,0.0,0.0,0.0,1.0
42580,0,1,3400,-65,65,223,11,20,0.50,10720.000000,0,27,9.0,0.0,0.0,0.0,0.0,0.0,0.0,1.0
42829,0,1,3400,-65,65,222,11,19,0.50,10944.000000,0,27,5.3,0.0,23552.000000,0,0.0,0.0,0.0,1.0
43078,0,1,3400,-65,65,222,13,19,0.57,15968.000000,0,27,3.5,0.0,0.0,0.0,0.0,0.0,0.0,1.0
43327,0,1,3400,-66,66,221,12,19,0.64,5344.000000,0,27,3.5,0.0,0.0,0.0,0.0,0.0,0.0,1.0
43576,0,1,3400,-66,66,222,9.9,19,0.55,15968.000000,0,27,3.5,0.0,0.0,0.0,0.0,0.0,0.0,1.0
43825,0,1,3400,-66,66,218,10,19,0.50,21632.000000,0,27,1.6,0.0,17120.000000,0,0.0,0.0,0.0,1.0
44074,0,1,3400,-66,66,217,13,18,0.50,32352.000000,0,27,0.0,0.0,0.0,0.0,0.0,0.0,0.0,1.0
44323,0,1,3400,-66,66,219,9.6,19,0.50,22816.000000,0,27,0.0,0.0,0.0,0.0,0.0,0.0,0.0,1.0
44572,0,1,3400,-66,66,219,13,19,0.50,21536.000000,0,27,0.0,0.0,0.0,0.0,0.0,0.0,0.0,1.0
44821,0,1,3400,-66,66,218,12,19,0.50,0.0,0.0,27,0.0,0.0,0.0,0.0,0.0,0.0,0.0,1.0
45070,0,1,3400,-65,65,219,13,19,0.50,27040.000000,0,27,0.080,0.0,13024.000000,0,0.0,0.0,0.0,1.0
45319,0,1,3400,-66,66,219,13,19,0.50,0.0,0.0,27,0.0,0.0,0.0,0.0,0.0,0.0,0.0,1.0
45568,0,1,3400,-66,66,219,13,19,0.50,5408.000000,0,27,0.0,0.0,0.0,0.0,0.0,0.0,0.0,1.0
45817,0,1,3400,-66,66,218,13,19,0.50,5312.000000,0,27,1.1,0.0,14400.000000,0,0.0,0.0,0.0,1.0
46066,0,1,3400,-66,66,220,13,19,0.50,10816.000000,0,27,7.0,0.0,4384.000000,0,0.0,0.0,0.0,1.0
46315,0,1,3400,-66,66,219,13,18,0.50,32448.000000,0,27,7.0,0.0,0.0,0.0,0.0,0.0,0.0,1.0
46564,0,1,3400,-66,66,221,11,18,0.50,10848.000000,0,27,16,0.0,2336.000000,62,0.0,0.0,0.0,1.0
46813,0,1,3400,-66,66,223,7.8,19,0.50,5408.000000,0,27,9.5,0.0,7904.000000,0,0.0,0.0,0.0,1.0
47062,0,1,3400,-66,66,221,10.0,18,0.50,10720.000000,0,27,6.0,0.0,0.0,0.0,0.0,0.0,0.0,1.0
47311,0,1,3400,-66,66,217,13,18,0.50,10816.000000,0,27,6.0,0.0,0.0,0.0,0.0,0.0,0.0,1.0
47560,0,1,3400,-66,66,215,13,18,0.50,10816.000000,0,27,6.0,0.0,0.0,0.0,0.0,0.0,0.0,1.0
47809,0,1,3400,-66,66,218,9.8,18,0.50,10752.000000,0,27,8.6,0.0,13888.000000,0,0.0,0.0,0.0,1.0
48058,0,1,3400,-66,66,224,13,19,0.50,16224.000000,0,27,10,0.0,0.0,0.0,0.0,0.0,0.0,1.0
48307,0,1,3400,-66,66,224,13,19,0.50,16224.000000,0,27,9.9,0.0,0.0,0.0,0.0,0.0,0.0,1.0
48556,0,1,3400,-66,66,221,13,18,0.50,16224.000000,0,27,9.9,0.0,0.0,0.0,0.0,0.0,0.0,1.0
48805,0,1,3400,-66,66,218,14,18,0.65,26624.000000,0,27,3.8,0.0,18528.000000,0,0.0,0.0,0.0,1.0
49054,0,1,3400,-66,66,220,13,19,0.61,16064.000000,0,27,2.0,0.0,0.0,0.0,0.0,0.0,0.0,1.0
49303,0,1,3400,-66,66,218,12,18,0.50,16224.000000,0,27,2.0,0.0,0.0,0.0,0.0,0.0,0.0,1.0
49552,0,1,3400,-66,66,222,13,19,0.50,5408.000000,0,27,2.0,0.0,0.0,0.0,0.0,0.0,0.0,1.0
49801,0,1,3400,-66,66,216,12,19,0.50,16128.000000,0,27,3.1,0.0,14752.000000,0,0.0,0.0,0.0,1.0
50050,0,1,3400,-65,65,216,11,19,0.50,5408.000000,0,27,5.5,0.0,0.0,0.0,0.0,0.0,0.0,1.0
50299,0,1,3400,-65,65,222,14,19,0.62,37600.000000,0,27,5.5,0.0,0.0,0.0,0.0,0.0,0.0,1.0
50548,0,1,3400,-65,65,223,14,20,0.50,10816.000000,0,27,5.4,0.0,0.0,0.0,0.0,0.0,0.0,1.0
50797,0,1,3400,-65,65,219,14,20,0.50,5408.000000,0,27,5.5,0.0,0.0,0,0.0,0.0,0.0,1.0
51046,0,1,3400,-64,64,221,14,20,0.50,10816.000000,0,27,1.9,0.0,22016.000000,12,0.0,0.0,0.0,1.0
51295,0,1,3400,-64,64,220,13,20,0.50,26944.000000,0,27,1.5,0.0,0.0,0.0,0.0,0.0,0.0,1.0
51544,0,1,3400,-64,64,222,11,20,0.50,21504.000000,0,27,1.5,0.0,0.0,0.0,0.0,0.0,0.0,1.0
51793,0,1,3400,-64,64,221,7.2,20,0.50,21344.000000,0,27,3.1,0.0,12448.000000,0,0.0,0.0,0.0,1.0
52042,0,1,3400,-64,64,219,15,20,0.50,15840.000000,0,27,6.5,0.0,0.0,0.0,0.0,0.0,0.0,1.0
52291,0,1,3400,-65,65,220,13,20,0.50,5408.000000,0,27,6.5,0.0,0.0,0.0,0.0,0.0,0.0,1.0
52540,0,1,3400,-65,65,224,10,20,0.50,10752.000000,0,27,6.5,0.0,0.0,0.0,0.0,0.0,0.0,1.0
52789,0,1,3400,-65,65,220,13,19,0.50,21536.000000,0,27,3.4,0.0,10816.000000,0,0.0,0.0,0.0,1.0
53038,0,1,3400,-65,65,221,14,19,0.50,21632.000000,0,27,1.5,0.0,0.0,0.0,0.0,0.0,0.0,1.0
53287,0,1,3400,-65,65,222,13,19,0.50,0.0,0.0,27,1.5,0.0,0.0,0.0,0.0,0.0,0.0,1.0
53536,0,1,3400,-65,65,219,13,19,0.50,10816.000000,0,27,1.5,0.0,0.0,0.0,0.0,0.0,0.0,1.0
53785,0,1,3400,-65,65,220,13,19,0.50,10816.000000,0,27,5.7,0.0,0.0,80,0.0,0.0,0.0,1.0
54034,0,1,3400,-65,65,221,13,19,0.50,10720.000000,0,27,15,0.0,0.0,0.0,0.0,0.0,0.0,1.0
54283,0,1,3400,-65,65,224,11,19,0.50,10752.000000,0,27,15,0.0,0.0,0.0,0.0,0.0,0.0,1.0
54532,0,1,3400,-65,65,222,8.3,20,0.50,22112.000000,0,27,15,0.0,0.0,0.0,0.0,0.0,0.0,1.0
54781,0,1,3400,-65,65,217,13,20,0.50,16128.000000,0,27,4.0,0.0,12768.000000,0,0.0,0.0,0.0,1.0
55030,0,1,3400,-64,64,222,13,20,0.81,10816.000000,33,27,1.0,0.0,0.0,0.0,0.0,0.0,0.0,1.0
55279,0,1,3400,-65,65,220,13,20,0.50,5408.000000,0,27,1.0,0.0,0.0,0.0,0.0,0.0,0.0,1.0
55528,0,1,3400,-65,65,220,8.9,20,0.50,16992.000000,0,27,1.0,0.0,0.0,0.0,0.0,0.0,0.0,1.0
55777,0,1,3400,-65,65,222,6.5,20,0.50,16224.000000,0,27,1.1,0.0,22080.000000,0,0.0,0.0,0.0,1.0
56026,0,1,3400,-65,65,220,6.5,19,0.50,10816.000000,0,27,0.98,0.0,0.0,0.0,0.0,0.0,0.0,1.0
56275,0,1,3400,-65,65,220,12,19,0.50,32352.000000,0,27,1.0,0.0,0.0,0.0,0.0,0.0,0.0,1.0
56524,0,1,3400,-65,65,223,13,19,0.50,16224.000000,0,27,1.0,0.0,0.0,0.0,0.0,0.0,0.0,1.0
56773,0,1,3400,-65,65,219,13,19,0.56,21312.000000,0,27,0.39,0.0,26016.000000,0,0.0,0.0,0.0,1.0
57022,0,1,3400,-65,65,222,10,19,0.50,10720.000000,0,27,0.0,0.0,0.0,0.0,0.0,0.0,0.0,1.0
57271,0,1,3400,-66,66,222,14,19,0.50,15968.000000,0,27,0.0,0.0,0.0,0.0,0.0,0.0,0.0,1.0
57520,0,1,3400,-66,66,220,11,19,0.50,10816.000000,0,27,0.0,0.0,0.0,0.0,0.0,0.0,0.0,1.0
57769,0,1,3400,-66,66,221,11,19,0.55,16416.000000,0,27,8.3,0.0,125760.000000,39,0.0,0.0,0.0,1.0
58018,0,1,3400,-66,66,218,11,18,0.73,10944.000000,0,27,14,0.0,0.0,0.0,0.0,0.0,0.0,1.0
58267,0,1,3400,-66,66,220,10,18,0.75,0.0,0.0,27,14,0.0,0.0,0.0,0.0,0.0,0.0,1.0
58516,0,1,3400,-66,66,223,11,18,0.62,21600.000000,0,27,14,0.0,0.0,0.0,0.0,0.0,0.0,1.0
58765,0,1,3400,-66,66,222,12,18,0.58,5440.000000,0,27,13,0.0,32768.000000,0,0.0,0.0,0.0,1.0
59014,0,1,3400,-66,66,223,11,18,0.58,16384.000000,0,27,8.5,0.0,0.0,0.0,0.0,0.0,0.0,1.0
59263,0,1,3400,-67,67,221,11,18,0.50,21568.000000,0,27,8.5,0.0,0.0,0.0,0.0,0.0,0.0,1.0
59512,0,1,3400,-67,67,220,13,18,0.50,10880.000000,0,27,8.5,0.0,0.0,0.0,0.0,0.0,0.0,1.0
59761,0,1,3400,-67,67,220,13,18,0.61,21440.000000,0,27,9.8,0.0,28864.000000,29,0.0,0.0,0.0,1.0
60010,0,1,3400,-67,67,219,13,17,0.54,16128.000000,0,27,16,0.0,0.0,0.0,0.0,0.0,0.0,1.0
60259,0,1,3400,-68,68,221,20,18,2.1,0.0,100.000000,27,16,0.0,0.0,0.0,0.0,0.0,0.0,1.0
60508,0,1,3400,-68,68,222,12,17,0.60,16384.000000,0,27,16,0.0,0.0,0.0,0.0,0.0,0.0,1.0
60757,0,1,3400,-68,68,218,13,17,0.50,0.0,0.0,27,16,0.0,0.0,0.0,0.0,0.0,0.0,1.0
61006,0,1,3400,-68,68,222,12,17,0.55,14624.000000,0,27,15,0.0,60832.000000,0,0.0,0.0,0.0,1.0
61255,0,1,3400,-68,68,223,11,16,0.50,12704.000000,0,27,14,0.0,0.0,0.0,0.0,0.0,0.0,1.0
61504,0,1,3400,-68,68,226,12,16,0.51,10720.000000,0,27,14,0.0,0.0,0.0,0.0,0.0,0.0,1.0
61753,0,1,3400,-68,68,222,12,16,0.50,10880.000000,0,27,10,0.0,13312.000000,30,0.0,0.0,0.0,1.0
62002,0,1,3400,-68,68,218,12,16,0.50,5408.000000,0,27,6.0,0.0,0.0,0.0,0.0,0.0,0.0,1.0
62251,0,1,3400,-69,69,220,11,16,0.50,16320.000000,0,27,6.0,0.0,0.0,0.0,0.0,0.0,0.0,1.0
62500,0,1,3400,-69,69,221,12,16,0.50,37952.000000,0,27,6.0,0.0,0.0,0.0,0.0,0.0,0.0,1.0
62749,0,1,3400,-69,69,223,12,16,0.59,16448.000000,0,27,9.9,0.0,18368.000000,0,0.0,0.0,0.0,1.0
62998,0,1,3400,-69,69,222,13,16,0.62,26976.000000,0,27,12,0.0,0.0,0.0,0.0,0.0,0.0,1.0
63247,0,1,3400,-69,69,220,10,15,0.50,0.0,0.0,27,12,0.0,0.0,0.0,0.0,0.0,0.0,1.0
63496,0,1,3400,-69,69,220,10,15,0.50,11168.000000,0,27,12,0.0,0.0,0.0,0.0,0.0,0.0,1.0
63745,0,1,3400,-69,69,221,11,15,0.50,5536.000000,0,27,12,60,0.0,0,0.0,0.0,0.0,1.0
63994,0,1,3400,-69,69,221,11,15,0.53,16096.000000,0,27,11,0.0,24032.000000,0,0.0,0.0,0.0,1.0
64243,0,1,3400,-69,69,220,12,15,0.88,22080.000000,0,27,12,0.0,0.0,0.0,0.0,0.0,0.0,1.0
64492,0,1,3400,-69,69,216,11,15,0.50,11072.000000,0,27,12,0.0,10496.000000,33,0.0,0.0,0.0,1.0
64741,0,1,3400,-69,69,223,10,15,0.50,33152.000000,0,27,12,0.0,18368.000000,0,0.0,0.0,0.0,1.0
64990,0,1,3400,-69,69,220,10,15,0.50,11040.000000,0,27,12,0.0,0.0,0.0,0.0,0.0,0.0,1.0
65239,0,1,3400,-69,69,220,10,15,0.50,11008.000000,0,27,12,0.0,0.0,0.0,0.0,0.0,0.0,1.0
65488,0,1,3400,-69,69,223,10,15,0.50,16544.000000,0,27,12,0.0,0.0,0.0,0.0,0.0,0.0,1.0
65737,0,1,3400,-69,69,220,10,15,0.50,33440.000000,0,27,5.8,0.0,27072.000000,7,0.0,0.0,0.0,1.0
65986,0,1,3400,-69,69,222,10,15,0.50,5504.000000,0,27,4.5,0.0,0.0,0.0,0.0,0.0,0.0,1.0
66235,0,1,3400,-69,69,220,10,15,0.50,11072.000000,0,27,4.6,0.0,0.0,0.0,0.0,0.0,0.0,1.0
66484,0,1,3400,-69,69,221,9.2,15,0.50,16704.000000,0,27,4.6,0.0,0.0,0.0,0.0,0.0,0.0,1.0
66733,0,1,3400,-69,69,219,9.2,16,0.50,5472.000000,0,27,5.1,0.0,13600.000000,0,0.0,0.0,0.0,1.0
66982,0,1,3400,-68,68,223,12,16,0.50,5632.000000,0,27,8.5,0.0,0.0,0.0,0.0,0.0,0.0,1.0
67231,0,1,3400,-69,69,222,13,16,0.50,5472.000000,0,27,8.5,0.0,0.0,0.0,0.0,0.0,0.0,1.0
67480,0,1,3400,-69,69,227,13,16,0.50,16448.000000,0,27,8.6,0.0,0.0,0.0,0.0,0.0,0.0,1.0
67729,0,1,3400,-69,69,226,10,15,0.50,7040.000000,0,27,9.9,0.0,18880.000000,0,0.0,0.0,0.0,1.0
67978,0,1,3400,-69,69,219,10,15,0.50,9568.000000,0,27,11,0.0,0.0,0.0,0.0,0.0,0.0,1.0
68227,0,1,3400,-69,69,220,10,15,0.50,16576.000000,0,27,11,0.0,0.0,0.0,0.0,0.0,0.0,1.0
68476,0,1,3400,-69,69,222,9.5,15,0.50,16800.000000,0,27,11,0.0,0.0,0.0,0.0,0.0,0.0,1.0
68725,0,1,3400,-69,69,219,9.6,15,0.50,16704.000000,0,27,4.9,0.0,37152.000000,0,0.0,0.0,0.0,1.0
68974,0,1,3400,-69,69,218,10,15,0.50,16736.000000,0,27,3.0,0.0,0.0,0.0,0.0,0.0,0.0,1.0
69223,0,1,3400,-69,69,220,7.2,15,0.50,5536.000000,0,27,3.0,0.0,0.0,0.0,0.0,0.0,0.0,1.0
69472,0,1,3400,-69,69,218,8.7,15,0.50,16864.000000,0,27,3.0,0.0,0.0,0.0,0.0,0.0,0.0,1.0
69721,0,1,3400,-69,69,218,8.2,16,0.50,7040.000000,0,27,4.6,0.0,15616.000000,11,0.0,0.0,0.0,1.0
69970,0,1,3400,-68,68,224,11,16,0.50,4000.000000,0,27,7.5,0.0,0.0,0.0,0.0,0.0,0.0,1.0
70219,0,1,3400,-68,68,220,11,16,0.50,17344.000000,0,27,7.6,0.0,0.0,0.0,0.0,0.0,0.0,1.0
70468,0,1,3400,-68,68,220,11,16,0.50,27424.000000,0,27,7.5,186,0.0,0.0,0.0,0.0,0.0,1.0
70717,0,1,3400,-68,68,220,13,16,0.50,10944.000000,0,27,12,0.0,24000.000000,20,0.0,0.0,0.0,1.0
70966,0,1,3400,-68,68,221,12,16,0.50,16576.000000,0,27,13,0.0,0.0,0.0,0.0,0.0,0.0,1.0
71215,0,1,3400,-68,68,221,12,16,0.50,22048.000000,0,27,13,0.0,0.0,0.0,0.0,0.0,0.0,1.0
71464,0,1,3400,-68,68,220,11,16,0.50,0.0,0.0,27,13,0.0,0.0,0.0,0.0,0.0,0.0,1.0
71713,0,1,3400,-68,68,221,12,16,0.50,10880.000000,0,27,12,0.0,24608.000000,0,0.0,0.0,0.0,1.0
71962,0,1,3400,-67,67,222,13,17,0.50,16224.000000,0,27,7.6,0.0,0.0,0.0,0.0,0.0,0.0,1.0
72211,0,1,3400,-67,67,220,13,17,0.50,27040.000000,0,27,7.6,0.0,0.0,0.0,0.0,0.0,0.0,1.0
72460,0,1,3400,-67,67,220,13,17,0.50,5408.000000,0,27,7.6,0.0,0.0,0.0,0.0,0.0,0.0,1.0
72709,0,1,3400,-67,67,223,13,17,0.50,10944.000000,0,27,7.6,0.0,38112.000000,15,0.0,0.0,0.0,1.0
72958,0,1,3400,-67,67,223,13,17,0.50,10880.000000,0,27,9.0,0.0,0.0,0.0,0.0,0.0,0.0,1.0
73207,0,1,3400,-68,68,221,13,16,0.50,21632.000000,0,27,9.0,0.0,0.0,0.0,0.0,0.0,0.0,1.0
73456,0,1,3400,-68,68,221,13,16,0.50,16352.000000,0,27,9.0,0.0,0.0,0.0,0.0,0.0,0.0,1.0
73705,0,1,3400,-68,68,218,12,16,0.50,16416.000000,0,27,5.6,0.0,13536.000000,0,0.0,0.0,0.0,1.0
73954,0,1,3400,-68,68,222,12,16,0.50,10912.000000,0,27,2.1,0.0,0.0,0.0,0.0,0.0,0.0,1.0
74203,0,1,3400,-68,68,221,10,16,0.50,11200.000000,0,27,2.1,0.0,0.0,0.0,0.0,0.0,0.0,1.0
74452,0,1,3400,-69,69,226,6.6,15,0.50,5664.000000,0,27,2.1,0.0,0.0,0.0,0.0,0.0,0.0,1.0
74701,0,1,3400,-69,69,225,7.9,15,0.50,27744.000000,0,27,5.7,0.0,33760.000000,0,0.0,0.0,0.0,1.0
74950,0,1,3400,-69,69,222,12,15,0.51,12352.000000,10,27,7.0,0.0,0.0,0.0,0.0,0.0,0.0,1.0
75199,0,1,3400,-69,69,222,10,15,0.50,0.0,0.0,27,7.0,0.0,0.0,0.0,0.0,0.0,0.0,1.0
75448,0,1,3400,-69,69,224,10,15,0.50,1504.000000,0,27,7.0,0.0,0.0,0.0,0.0,0.0,0.0,1.0
75697,0,1,3400,-69,69,222,10,15,0.50,4032.000000,0,27,12,0.0,23488.000000,0,0.0,0.0,0.0,1.0
75946,0,1,3400,-68,68,222,10,16,0.50,0.0,0.0,27,14,0.0,0.0,0.0,0.0,0.0,0.0,1.0
76195,0,1,3400,-68,68,225,11,16,0.64,10912.000000,0,27,13,0.0,0.0,0.0,0.0,0.0,0.0,1.0
76444,0,1,3400,-68,68,225,17,16,1.4,5504.000000,0,27,13,0.0,0.0,0.0,0.0,0.0,0.0,1.0
76693,0,1,3400,-68,68,223,10,16,0.50,5536.000000,0,27,13,0.0,0.0,0,0.0,0.0,0.0,1.0
76942,0,1,3400,-68,68,220,11,16,0.50,11040.000000,0,27,9.5,0.0,16320.000000,0,0.0,0.0,0.0,1.0
77191,0,1,3400,-68,68,224,11,16,0.50,11040.000000,0,27,9.6,0.0,0.0,0.0,0.0,0.0,0.0,1.0
77440,0,1,3400,-69,69,224,8.6,16,0.50,11168.000000,0,27,9.5,0.0,0.0,0.0,0.0,0.0,0.0,1.0
77689,0,1,3400,-69,69,219,10,15,0.50,16544.000000,0,27,11,0.0,18368.000000,0,0.0,0.0,0.0,1.0
77938,0,1,3400,-69,69,218,10,15,0.50,22144.000000,0,27,11,0.0,0.0,0.0,0.0,0.0,0.0,1.0
78187,0,1,3400,-69,69,221,6.8,15,0.50,5664.000000,0,27,11,0.0,0.0,0.0,0.0,0.0,0.0,1.0
78436,0,1,3400,-69,69,222,10,15,0.65,16448.000000,0,27,11,0.0,0.0,0.0,0.0,0.0,0.0,1.0
78685,0,1,3400,-69,69,220,12,15,0.76,22016.000000,0,27,13,0.0,100704.000000,26,0.0,0.0,0.0,1.0
78934,0,1,3400,-69,69,220,11,15,0.50,11168.000000,0,27,16,0.0,0.0,0.0,0.0,0.0,0.0,1.0
79183,0,1,3400,-69,69,222,9.5,15,0.50,16608.000000,0,27,16,0.0,0.0,0.0,0.0,0.0,0.0,1.0
79432,0,1,3400,-69,69,223,11,15,0.63,18528.000000,7,27,16,0.0,0.0,0.0,0.0,0.0,0.0,1.0
79681,0,1,3400,-69,69,220,17,15,2.1,11200.000000,0,27,16,0.0,0.0,0,0.0,0.0,0.0,1.0
79930,0,1,3400,-69,69,222,8.6,15,0.50,22272.000000,0,27,0.12,0.0,14112.000000,0,0.0,0.0,0.0,1.0
80179,0,1,3400,-69,69,220,10,15,0.50,0.0,0.0,27,0.0,0.0,0.0,0.0,0.0,0.0,0.0,1.0
80428,0,1,3400,-69,69,222,10,15,0.50,5536.000000,0,27,0.056,0.0,0.0,0.0,0.0,0.0,0.0,1.0
80677,0,1,3400,-69,69,223,10,15,0.50,5536.000000,0,27,3.2,0.0,16032.000000,0,0.0,0.0,0.0,1.0
80926,0,1,3400,-69,69,227,10,15,0.50,5536.000000,0,27,9.5,0.0,0.0,0.0,0.0,0.0,0.0,1.0
81175,0,1,3400,-69,69,222,10,15,0.50,16544.000000,0,27,9.5,0.0,0.0,0.0,0.0,0.0,0.0,1.0
81424,0,1,3400,-69,69,219,9.2,15,0.50,16736.000000,0,27,9.5,0.0,0.0,0.0,0.0,0.0,0.0,1.0
81673,0,1,3400,-69,69,224,11,15,0.53,6848.000000,17,27,9.6,0.0,0.0,0,0.0,0.0,0.0,1.0
81922,0,1,3400,-68,68,224,11,15,0.50,21824.000000,0,27,13,0.0,23488.000000,0,0.0,0.0,0.0,1.0
82171,0,1,3400,-68,68,224,7.4,15,0.50,12640.000000,0,27,14,0.0,0.0,0.0,0.0,0.0,0.0,1.0
82420,0,1,3400,-69,69,226,12,15,0.61,20288.000000,0,27,13,0.0,0.0,0.0,0.0,0.0,0.0,1.0
82669,0,1,3400,-69,69,224,9.3,15,0.50,15488.000000,0,27,12,0.0,18368.000000,0,0.0,0.0,0.0,1.0
82918,0,1,3400,-69,69,220,10.0,15,0.50,1024.000000,0,27,12,0.0,0.0,0.0,0.0,0.0,0.0,1.0
83167,0,1,3400,-69,69,221,12,15,1.2,1024.000000,50,27,12,0.0,0.0,0.0,0.0,0.0,0.0,1.0
83416,0,1,3400,-69,69,220,15,15,2.1,13664.000000,21,27,12,0.0,0.0,0.0,0.0,0.0,0.0,1.0
83665,0,1,3400,-69,69,222,9.3,14,0.50,22176.000000,0,27,10.0,0.0,57856.000000,6,0.0,0.0,0.0,1.0
83914,0,1,3400,-69,69,223,9.9,15,0.68,10944.000000,0,27,9.0,0.0,0.0,0.0,0.0,0.0,0.0,1.0
84163,0,1,3400,-69,69,221,11,14,0.57,11168.000000,0,27,9.0,0.0,0.0,0.0,0.0,0.0,0.0,1.0
84412,0,1,3400,-69,69,218,14,14,1.7,576,50,27,9.0,0.0,0.0,0.0,0.0,0.0,0.0,1.0
84661,0,1,3400,-69,69,218,9.1,14,1.1,22496.000000,0,27,9.5,0.0,23744.000000,0,0.0,0.0,0.0,1.0
84910,0,1,3400,-69,69,220,11,14,0.50,16416.000000,0,27,12,0.0,0.0,0.0,0.0,0.0,0.0,1.0
85159,0,1,3400,-69,69,225,8.8,15,0.50,11200.000000,0,27,12,0.0,0.0,0.0,0.0,0.0,0.0,1.0
85408,0,1,3400,-69,69,226,10,15,0.52,49248.000000,0,27,12,0.0,0.0,0.0,0.0,0.0,0.0,1.0
85657,0,1,3400,-69,69,224,11,15,0.50,5504.000000,0,27,12,0.0,19136.000000,20,0.0,0.0,0.0,1.0
85906,0,1,3400,-68,68,224,9.7,15,0.50,16576.000000,0,27,12,0.0,0.0,0.0,0.0,0.0,0.0,1.0
86155,0,1,3400,-68,68,224,11,15,0.50,16320.000000,0,27,12,0.0,0.0,0.0,0.0,0.0,0.0,1.0
86404,0,1,3400,-68,68,224,13,15,0.50,0.0,0.0,27,12,0.0,0.0,0.0,0.0,0.0,0.0,1.0
86653,0,1,3400,-68,68,221,12,15,0.95,22624.000000,6,27,14,0.0,39264.000000,0,0.0,0.0,0.0,1.0
86902,0,1,3400,-68,68,220,13,15,1.4,5472.000000,0,27,14,0.0,0.0,0.0,0.0,0.0,0.0,1.0
87151,0,1,3400,-68,68,223,10,15,0.50,16544.000000,0,27,14,0.0,0.0,0.0,0.0,0.0,0.0,1.0
87400,0,1,3400,-68,68,225,7.6,15,0.50,5664.000000,0,27,14,0.0,0.0,0.0,0.0,0.0,0.0,1.0
87649,0,1,3400,-68,68,225,9.7,15,0.55,27200.000000,0,27,12,0.0,17792.000000,25,0.0,0.0,0.0,1.0
87898,0,1,3400,-67,67,226,8.4,15,0.54,11584.000000,11,27,10,0.0,0.0,0.0,0.0,0.0,0.0,1.0
88147,0,1,3400,-67,67,224,5.4,15,0.52,576,50,27,10,0.0,0.0,0.0,0.0,0.0,0.0,1.0
88396,0,1,3400,-67,67,221,5.1,15,0.50,0.0,0.0,27,11,0.0,0.0,0.0,0.0,0.0,0.0,1.0
88645,0,1,3400,-67,67,220,7.0,15,0.50,22400.000000,0,27,13,0.0,45312.000000,22,0.0,0.0,0.0,1.0
88894,0,1,3400,-67,67,224,6.8,15,0.50,5664.000000,0,27,14,0.0,0.0,0.0,0.0,0.0,0.0,1.0
89143,0,1,3400,-67,67,223,8.6,15,0.50,5536.000000,0,27,14,0.0,0.0,0.0,0.0,0.0,0.0,1.0
89392,0,1,3400,-67,67,222,8.1,15,0.50,11328.000000,0,27,14,0.0,0.0,0.0,0.0,0.0,0.0,1.0
89641,0,1,3400,-67,67,223,8.3,15,0.50,5536.000000,0,27,11,0.0,14144.000000,20,0.0,0.0,0.0,1.0
89890,0,1,3400,-67,67,224,9.1,15,0.50,16704.000000,0,27,8.5,0.0,0.0,0.0,0.0,0.0,0.0,1.0
90139,0,1,3400,-67,67,224,8.1,15,0.50,16832.000000,0,27,8.6,0.0,0.0,0.0,0.0,0.0,0.0,1.0
90388,0,1,3400,-67,67,223,8.5,15,0.50,5632.000000,0,27,8.6,0.0,0.0,0.0,0.0,0.0,0.0,1.0
90637,0,1,3400,-67,67,222,8.3,15,0.50,12256.000000,0,27,7.3,0.0,26400.000000,0,0.0,0.0,0.0,1.0
90886,0,1,3400,-67,67,219,8.4,15,0.50,28256.000000,0,27,7.5,0.0,0.0,0.0,0.0,0.0,0.0,1.0
91135,0,1,3400,-67,67,221,9.7,15,0.50,11168.000000,0,27,7.5,0.0,0.0,0.0,0.0,0.0,0.0,1.0
91384,0,1,3400,-67,67,221,9.4,15,0.50,11072.000000,0,27,7.6,0.0,0.0,0.0,0.0,0.0,0.0,1.0
91633,0,1,3400,-67,67,220,10,15,0.50,11040.000000,0,27,11,0.0,0.0,80,0.0,0.0,0.0,1.0
91882,0,1,3400,-67,67,218,8.6,15,0.50,22208.000000,0,27,12,0.0,0.0,0.0,0.0,0.0,0.0,1.0
92131,0,1,3400,-67,67,221,10,15,0.50,11136.000000,0,27,12,0.0,0.0,0.0,0.0,0.0,0.0,1.0
92380,0,1,3400,-67,67,226,10,15,0.50,16576.000000,0,27,12,0.0,0.0,0.0,0.0,0.0,0.0,1.0
92629,0,1,3400,-67,67,225,10,15,0.50,5536.000000,0,27,12,144,0.0,0,0.0,0.0,0.0,1.0
92878,0,1,3400,-67,67,227,6.6,15,0.50,5664.000000,0,27,13,0.0,30400.000000,31,0.0,0.0,0.0,1.0
93127,0,1,3400,-67,67,225,7.1,15,0.50,11168.000000,0,27,14,0.0,0.0,0.0,0.0,0.0,0.0,1.0
93376,0,1,3400,-67,67,225,10,15,0.50,11552.000000,0,27,14,0.0,0.0,0.0,0.0,0.0,0.0,1.0
93625,0,1,3400,-67,67,221,6.9,15,0.50,16224.000000,0,27,8.9,0.0,26048.000000,36,0.0,0.0,0.0,1.0
93874,0,1,3400,-66,66,220,12,16,1.1,14816.000000,15,27,8.5,0.0,0.0,0.0,0.0,0.0,0.0,1.0
94123,0,1,3400,-67,67,224,13,16,0.50,8992.000000,0,27,8.5,0.0,0.0,0.0,0.0,0.0,0.0,1.0
94372,0,1,3400,-67,67,222,8.8,16,0.50,16672.000000,0,27,8.6,0.0,0.0,0.0,0.0,0.0,0.0,1.0
94621,0,1,3400,-67,67,220,11,15,0.50,21984.000000,0,27,7.6,0.0,7328.000000,0,0.0,0.0,0.0,1.0
94870,0,1,3400,-67,67,223,11,15,0.50,5632.000000,0,27,6.5,0.0,0.0,0.0,0.0,0.0,0.0,1.0
95119,0,1,3400,-67,67,225,13,15,0.85,16640.000000,0,27,6.5,0.0,0.0,0.0,0.0,0.0,0.0,1.0
95368,0,1,3400,-68,68,221,7.4,15,0.50,11328.000000,0,27,6.6,0.0,0.0,0.0,0.0,0.0,0.0,1.0
95617,0,1,3400,-68,68,222,9.1,14,0.50,16896.000000,0,27,3.4,0.0,8064.000000,0,0.0,0.0,0.0,1.0
95866,0,1,3400,-68,68,222,8.0,14,0.50,5504.000000,0,27,0.0,0.0,0.0,0.0,0.0,0.0,0.0,1.0
96115,0,1,3400,-68,68,220,9.7,14,0.50,11328.000000,0,27,0.11,0.0,0.0,0.0,0.0,0.0,0.0,1.0
96364,0,1,3400,-69,69,222,6.6,14,0.50,19808.000000,0,27,0.17,0.0,0.0,0.0,0.0,0.0,0.0,1.0
96613,0,1,3400,-69,69,218,11,14,0.92,20416.000000,5,27,6.4,0.0,58912.000000,25,0.0,0.0,0.0,1.0
96862,0,1,3400,-69,69,223,8.6,13,1.2,16832.000000,7,27,8.5,0.0,0.0,0.0,0.0,0.0,0.0,1.0
97111,0,1,3400,-69,69,226,11,13,0.58,17088.000000,0,27,8.6,0.0,0.0,0.0,0.0,0.0,0.0,1.0
97360,0,1,3400,-69,69,224,6.6,13,0.50,18112.000000,0,27,8.5,0.0,0.0,0.0,0.0,0.0,0.0,1.0
97609,0,1,3400,-69,69,224,7.9,13,0.50,17088.000000,0,27,6.3,0.0,36832.000000,7,0.0,0.0,0.0,1.0
97858,0,1,3400,-69,69,222,7.3,13,0.50,5824.000000,0,27,4.6,0.0,0.0,0.0,0.0,0.0,0.0,1.0
98107,0,1,3400,-69,69,221,10,13,0.50,5472.000000,0,27,4.5,0.0,0.0,0.0,0.0,0.0,0.0,1.0
98356,0,1,3400,-70,70,222,11,13,0.56,1152.000000,50,27,4.5,0.0,0.0,0.0,0.0,0.0,0.0,1.0
98605,0,1,3400,-70,70,224,6.1,13,0.50,11712.000000,0,27,2.7,0.0,11936.000000,0,0.0,0.0,0.0,1.0
98854,0,1,3400,-70,70,224,6.5,12,0.50,0.0,0.0,27,1.1,0.0,0.0,0.0,0.0,0.0,0.0,1.0
99103,0,1,3400,-70,70,225,8.0,12,0.50,18176.000000,0,27,1.1,0.0,0.0,0.0,0.0,0.0,0.0,1.0
99352,0,1,3400,-71,71,223,5.8,12,0.50,12256.000000,0,27,1.1,0.0,0.0,0.0,0.0,0.0,0.0,1.0
99601,0,1,3400,-71,71,224,5.5,12,0.50,12384.000000,0,27,1.0,144,0.0,0,0.0,0.0,0.0,1.0
99851,0,1,3400,-71,71,223,7.3,11,0.50,17920.000000,0,27,0.024,0.0,11008.000000,0,0.0,0.0,0.0,1.0
100100,0,1,3400,-71,71,222,7.7,11,0.50,18048.000000,0,27,0.17,0.0,0.0,0.0,0.0,0.0,0.0,1.0
100349,0,1,3400,-71,71,225,9.4,11,0.95,13344.000000,14,27,0.056,0.0,0.0,0.0,0.0,0.0,0.0,1.0
100598,0,1,3400,-71,71,226,8.3,11,0.58,17824.000000,0,27,0.29,0.0,14624.000000,0,0.0,0.0,0.0,1.0
100847,0,1,3400,-71,71,225,7.1,11,0.55,12416.000000,0,27,0.0,0.0,0.0,0.0,0.0,0.0,0.0,1.0
101096,0,1,3400,-71,71,226,5.5,12,0.50,6208.000000,0,27,0.17,0.0,0.0,0.0,0.0,0.0,0.0,1.0
101345,0,1,3400,-71,71,228,5.3,12,0.50,18304.000000,0,27,0.0,0.0,0.0,0.0,0.0,0.0,0.0,1.0
101594,0,1,3400,-70,70,227,6.4,12,0.50,23872.000000,0,27,0.28,0.0,15040.000000,0,0.0,0.0,0.0,1.0
101843,0,1,3400,-70,70,222,4.5,12,0.50,0.0,0.0,27,0.056,0.0,0.0,0.0,0.0,0.0,0.0,1.0
102092,0,1,3400,-70,70,220,5.2,12,0.50,30240.000000,0,27,0.28,0.0,0.0,0.0,0.0,0.0,0.0,1.0
102341,0,1,3400,-70,70,222,6.9,12,0.50,28832.000000,0,27,0.11,0.0,0.0,0.0,0.0,0.0,0.0,1.0
102590,0,1,3400,-70,70,223,7.0,12,0.50,0.0,0.0,27,0.11,0.0,0.0,0.0,0.0,0.0,0.0,1.0
102839,0,1,3400,-70,70,227,8.3,12,0.50,5632.000000,0,27,1.1,0.0,608,57,0.0,0.0,0.0,1.0
103088,0,1,3400,-70,70,225,7.3,12,0.50,5824.000000,0,27,0.0,0.0,0.0,0.0,0.0,0.0,0.0,1.0
103337,0,1,3400,-70,70,225,7.8,12,0.50,23776.000000,0,27,0.17,0.0,0.0,0.0,0.0,0.0,0.0,1.0
103586,0,1,3400,-70,70,227,7.8,13,0.50,16160.000000,0,27,0.78,0.0,14816.000000,0,0.0,0.0,0.0,1.0
103835,0,1,3400,-69,69,225,8.5,13,0.82,18080.000000,0,27,1.1,0.0,0.0,0.0,0.0,0.0,0.0,1.0
104084,0,1,3400,-69,69,224,9.1,13,0.57,10944.000000,0,27,1.1,0.0,0.0,0.0,0.0,0.0,0.0,1.0
104333,0,1,3400,-70,70,225,7.0,13,0.53,5760.000000,0,27,1.0,0.0,0.0,0.0,0.0,0.0,0.0,1.0
104582,0,1,3400,-70,70,223,9.9,12,0.85,30560.000000,4,27,0.96,0.0,19040.000000,0,0.0,0.0,0.0,1.0
104831,0,1,3400,-70,70,222,6.3,12,0.54,17824.000000,0,27,1.0,0.0,0.0,0.0,0.0,0.0,0.0,1.0
105081,0,1,3400,-70,70,226,7.3,12,0.50,17728.000000,0,27,1.0,0.0,0.0,0.0,0.0,0.0,0.0,1.0
105330,0,1,3400,-70,70,225,8.2,12,0.79,8416.000000,9,27,1.1,0.0,0.0,0.0,0.0,0.0,0.0,1.0
105579,0,1,3400,-70,70,222,8.6,12,0.69,23136.000000,0,27,0.53,0.0,26976.000000,0,0.0,0.0,0.0,1.0
105828,0,1,3400,-70,70,224,6.3,12,0.50,12032.000000,0,27,0.0,0.0,0.0,0.0,0.0,0.0,0.0,1.0
106077,0,1,3400,-70,70,224,7.5,12,0.50,17280.000000,0,27,0.0,0.0,0.0,0.0,0.0,0.0,0.0,1.0
106326,0,1,3400,-70,70,219,8.8,12,0.50,5600.000000,0,27,0.17,0.0,0.0,0.0,0.0,0.0,0.0,1.0
106575,0,1,3400,-70,70,222,6.7,12,0.50,6208.000000,0,27,0.40,0.0,15840.000000,0,0.0,0.0,0.0,1.0
106824,0,1,3400,-70,70,222,5.8,12,0.50,30688.000000,0,27,0.11,0.0,0.0,0.0,0.0,0.0,0.0,1.0
107073,0,1,3400,-70,70,227,4.8,12,0.50,25728.000000,0,27,0.056,0.0,0.0,0.0,0.0,0.0,0.0,1.0
107322,0,1,3400,-70,70,227,7.1,12,0.59,23904.000000,0,27,0.17,0.0,0.0,0.0,0.0,0.0,0.0,1.0
107571,0,1,3400,-70,70,226,7.8,12,0.50,11808.000000,0,27,5.0,0.0,0.0,80,0.0,0.0,0.0,1.0
107820,0,1,3400,-70,70,224,5.5,12,0.50,30432.000000,0,27,7.6,0.0,0.0,0.0,0.0,0.0,0.0,1.0
108069,0,1,3400,-70,70,224,5.8,12,0.50,12640.000000,0,27,7.6,0.0,0.0,0.0,0.0,0.0,0.0,1.0
108318,0,1,3400,-70,70,224,5.5,12,0.50,0.0,0.0,27,7.5,0.0,0.0,0.0,0.0,0.0,0.0,1.0
108567,0,1,3400,-70,70,222,15,12,1.2,17696.000000,0,27,1.7,0.0,11424.000000,0,0.0,0.0,0.0,1.0
108816,0,1,3400,-70,70,222,5.7,12,0.63,8320.000000,8,27,3.8,0.0,3104.000000,0,0.0,0.0,0.0,1.0
109065,0,1,3400,-70,70,226,11,12,0.72,9408.000000,0,27,4.6,0.0,0.0,0.0,0.0,0.0,0.0,1.0
109314,0,1,3400,-70,70,227,6.9,12,0.55,18624.000000,0,27,4.5,0.0,0.0,0.0,0.0,0.0,0.0,1.0
109563,0,1,3400,-70,70,228,6.4,12,0.50,18240.000000,0,27,5.8,0.0,0.0,80,0.0,0.0,0.0,1.0
109812,0,1,3400,-70,70,225,5.4,12,0.50,24800.000000,0,27,7.0,0.0,0.0,0.0,0.0,0.0,0.0,1.0
110061,0,1,3400,-70,70,226,5.6,12,0.50,18624.000000,0,27,7.0,0.0,0.0,0.0,0.0,0.0,0.0,1.0
110310,0,1,3400,-70,70,225,5.5,12,0.50,0.0,0.0,27,13,0.0,224,0,0.0,0.0,0.0,1.0
110559,0,1,3400,-70,70,223,8.9,12,0.50,5600.000000,0,27,7.1,0.0,11904.000000,0,0.0,0.0,0.0,1.0
110808,0,1,3400,-70,70,222,5.5,12,0.50,18592.000000,0,27,3.8,0.0,0.0,0.0,0.0,0.0,0.0,1.0
111057,0,1,3400,-70,70,222,4.8,11,0.50,24736.000000,0,27,3.5,0.0,0.0,0.0,0.0,0.0,0.0,1.0
111306,0,1,3400,-70,70,225,11,11,1.0,30528.000000,3,27,3.6,0.0,0.0,0.0,0.0,0.0,0.0,1.0
111555,0,1,3400,-70,70,225,6.0,11,0.50,12384.000000,0,27,1.5,0.0,20992.000000,0,0.0,0.0,0.0,1.0
111804,0,1,3400,-70,70,224,5.1,11,0.50,18592.000000,0,27,0.0,0.0,0.0,0.0,0.0,0.0,0.0,1.0
112053,0,1,3400,-70,70,224,5.5,12,0.50,12416.000000,0,27,0.28,0.0,0.0,0.0,0.0,0.0,0.0,1.0
112302,0,1,3400,-70,70,226,5.5,12,0.50,6208.000000,0,27,0.11,0.0,0.0,0.0,0.0,0.0,0.0,1.0
112551,0,1,3400,-69,69,226,5.5,12,0.50,0.0,0.0,27,0.22,0.0,0.0,0.0,0.0,0.0,0.0,1.0
112800,0,1,3400,-69,69,223,6.0,12,0.56,23584.000000,0,27,0.29,0.0,24544.000000,8,0.0,0.0,0.0,1.0
113049,0,1,3400,-69,69,224,9.5,12,0.79,22752.000000,0,27,0.22,0.0,0.0,0.0,0.0,0.0,0.0,1.0
113298,0,1,3400,-69,69,222,8.0,12,0.50,0.0,0.0,27,0.11,0.0,0.0,0.0,0.0,0.0,0.0,1.0
113547,0,1,3400,-69,69,226,15,12,0.74,10624.000000,0,27,8.7,0.0,46240.000000,39,0.0,0.0,0.0,1.0
113796,0,1,3400,-69,69,222,12,12,0.64,11744.000000,0,27,14,0.0,0.0,0.0,0.0,0.0,0.0,1.0
114045,0,1,3400,-69,69,223,5.6,12,0.50,0.0,0.0,27,14,0.0,0.0,0.0,0.0,0.0,0.0,1.0
114294,0,1,3400,-69,69,224,10,13,0.81,23008.000000,5,27,14,0.0,0.0,0.0,0.0,0.0,0.0,1.0
114543,0,1,3400,-69,69,227,13,13,1.5,5824.000000,14,27,14,165,0.0,0,0.0,0.0,0.0,1.0
114792,0,1,3400,-68,68,227,7.3,13,0.50,23104.000000,0,27,0.31,0.0,13376.000000,0,0.0,0.0,0.0,1.0
115041,0,1,3400,-68,68,225,6.9,13,0.50,17472.000000,0,27,0.0,0.0,0.0,0.0,0.0,0.0,0.0,1.0
115290,0,1,3400,-68,68,225,7.4,13,0.50,31008.000000,0,27,0.17,0.0,0.0,0.0,0.0,0.0,0.0,1.0
115539,0,1,3400,-68,68,229,8.1,13,0.50,26304.000000,0,27,1.5,0.0,19584.000000,0,0.0,0.0,0.0,1.0
115788,0,1,3400,-68,68,227,8.9,13,0.50,11360.000000,0,27,2.1,0.0,0.0,0.0,0.0,0.0,0.0,1.0
116037,0,1,3400,-68,68,223,9.0,13,0.50,5632.000000,0,27,2.1,0.0,0.0,0.0,0.0,0.0,0.0,1.0
116286,0,1,3400,-68,68,222,7.9,13,0.50,17056.000000,0,27,2.1,0.0,0.0,0.0,0.0,0.0,0.0,1.0
116535,0,1,3400,-68,68,228,8.0,13,0.50,10880.000000,0,27,1.1,0.0,9344.000000,0,0.0,0.0,0.0,1.0
116784,0,1,3400,-68,68,227,7.0,13,0.50,0.0,0.0,27,1.0,0.0,0.0,0.0,0.0,0.0,0.0,1.0
117033,0,1,3400,-68,68,222,8.4,13,0.51,10944.000000,0,27,1.0,0.0,0.0,0.0,0.0,0.0,0.0,1.0
117282,0,1,3400,-68,68,225,8.3,13,0.50,16736.000000,0,27,1.0,0.0,0.0,0.0,0.0,0.0,0.0,1.0
117531,0,1,3400,-68,68,225,7.4,13,0.50,5504.000000,0,27,3.7,0.0,22944.000000,0,0.0,0.0,0.0,1.0
117780,0,1,3400,-68,68,226,8.6,13,0.59,10560.000000,0,27,6.0,0.0,0.0,0.0,0.0,0.0,0.0,1.0
118029,0,1,3400,-68,68,225,8.9,13,0.60,32608.000000,0,27,6.0,0.0,0.0,0.0,0.0,0.0,0.0,1.0
118278,0,1,3400,-68,68,224,7.1,13,0.50,16800.000000,0,27,6.1,0.0,0.0,0.0,0.0,0.0,0.0,1.0
118527,0,1,3400,-68,68,224,7.5,13,0.54,21856.000000,0,27,4.6,0.0,13984.000000,0,0.0,0.0,0.0,1.0
118776,0,1,3400,-68,68,221,8.5,13,0.50,21920.000000,0,27,4.1,0.0,0.0,0.0,0.0,0.0,0.0,1.0
119025,0,1,3400,-68,68,226,9.9,14,2.2,0.0,100.000000,27,4.0,0.0,0.0,0.0,0.0,0.0,0.0,1.0
119274,0,1,3400,-68,68,226,6.9,13,0.67,16608.000000,0,27,4.0,0.0,0.0,0.0,0.0,0.0,0.0,1.0
119523,0,1,3400,-68,68,223,7.5,14,0.50,0.0,0.0,27,4.0,0.0,0.0,0.0,0.0,0.0,0.0,1.0
119772,0,1,3400,-68,68,223,7.7,14,0.50,16512.000000,0,27,5.9,0.0,28992.000000,11,0.0,0.0,0.0,1.0
120021,0,1,3400,-68,68,224,8.0,14,0.50,0.0,0.0,27,6.5,0.0,0.0,0.0,0.0,0.0,0.0,1.0
120270,0,1,3400,-68,68,222,8.1,13,0.55,21312.000000,0,27,6.5,0.0,0.0,0.0,0.0,0.0,0.0,1.0
120519,0,1,3400,-68,68,219,9.7,13,0.50,27296.000000,0,27,11,0.0,18368.000000,20,0.0,0.0,0.0,1.0
120768,0,1,3400,-68,68,226,8.2,14,0.52,27168.000000,0,27,12,0.0,0.0,0.0,0.0,0.0,0.0,1.0
121017,0,1,3400,-68,68,228,13,13,0.63,10688.000000,0,27,12,0.0,0.0,0.0,0.0,0.0,0.0,1.0
121266,0,1,3400,-69,69,227,7.3,13,0.50,11040.000000,0,27,12,0.0,0.0,0.0,0.0,0.0,0.0,1.0
121515,0,1,3400,-69,69,226,7.6,13,0.50,35424.000000,0,27,8.7,0.0,15936.000000,0,0.0,0.0,0.0,1.0
121764,0,1,3400,-69,69,229,6.4,13,0.50,19520.000000,0,27,6.5,0.0,0.0,0.0,0.0,0.0,0.0,1.0
122013,0,1,3400,-69,69,229,6.5,13,0.50,0.0,0.0,27,6.5,0.0,0.0,0.0,0.0,0.0,0.0,1.0
122262,0,1,3400,-70,70,226,6.5,12,0.50,0.0,0.0,27,6.5,0.0,0.0,0.0,0.0,0.0,0.0,1.0
122511,0,1,3400,-70,70,222,6.3,12,0.50,16736.000000,0,27,4.3,0.0,22752.000000,0,0.0,0.0,0.0,1.0
122760,0,1,3400,-70,70,219,4.5,12,0.50,0.0,0.0,27,3.0,0.0,0.0,0.0,0.0,0.0,0.0,1.0
123009,0,1,3400,-70,70,224,6.0,12,0.77,11072.000000,11,27,3.0,0.0,0.0,0.0,0.0,0.0,0.0,1.0
123258,0,1,3400,-70,70,226,4.5,12,0.50,16704.000000,0,27,3.1,0.0,0.0,0.0,0.0,0.0,0.0,1.0
123507,0,1,3400,-70,70,229,4.6,12,0.50,16832.000000,0,27,7.8,0.0,45696.000000,20,0.0,0.0,0.0,1.0
123756,0,1,3400,-70,70,228,4.7,12,0.50,16608.000000,0,27,9.0,0.0,0.0,0.0,0.0,0.0,0.0,1.0
124005,0,1,3400,-70,70,224,4.5,12,0.50,5536.000000,0,27,9.0,0.0,0.0,0.0,0.0,0.0,0.0,1.0
124254,0,1,3400,-70,70,228,5.3,12,0.50,11296.000000,0,27,9.0,0.0,0.0,0.0,0.0,0.0,0.0,1.0
124503,0,1,3400,-70,70,226,4.9,12,0.60,16608.000000,8,27,12,0.0,57600.000000,14,0.0,0.0,0.0,1.0
124752,0,1,3400,-70,70,225,7.6,12,1.1,5760.000000,0,27,14,0.0,0.0,0.0,0.0,0.0,0.0,1.0
125001,0,1,3400,-70,70,226,4.5,12,0.50,16800.000000,0,27,14,0.0,0.0,0.0,0.0,0.0,0.0,1.0
125250,0,1,3400,-70,70,224,3.5,11,0.50,0.0,0.0,27,14,0.0,0.0,0.0,0.0,0.0,0.0,1.0
125499,0,1,3400,-71,71,223,3.9,11,0.50,5536.000000,0,27,14,0.0,0.0,67,0.0,0.0,0.0,1.0
125748,0,1,3400,-71,71,224,4.6,11,0.50,15072.000000,0,27,7.6,0.0,1568.000000,0,0.0,0.0,0.0,1.0
125997,0,1,3400,-71,71,226,9.5,11,0.50,12288.000000,0,27,7.5,0.0,0.0,0.0,0.0,0.0,0.0,1.0
126246,0,1,3400,-71,71,226,5.4,11,0.50,5536.000000,0,27,7.5,0.0,0.0,0.0,0.0,0.0,0.0,1.0
126495,0,1,3400,-71,71,227,8.4,11,0.65,16480.000000,0,27,3.2,0.0,12960.000000,0,0.0,0.0,0.0,1.0
126744,0,1,3400,-71,71,225,4.6,11,0.50,11072.000000,0,27,2.0,0.0,0.0,0.0,0.0,0.0,0.0,1.0
126993,0,1,3400,-71,71,227,4.5,11,0.50,5536.000000,0,27,2.0,0.0,0.0,0.0,0.0,0.0,0.0,1.0
127242,0,1,3400,-71,71,226,4.7,11,0.50,36256.000000,0,27,2.0,0.0,0.0,0.0,0.0,0.0,0.0,1.0
127491,0,1,3400,-70,70,229,4.1,11,0.50,19104.000000,0,27,5.7,0.0,36544.000000,0,0.0,0.0,0.0,1.0
127740,0,1,3400,-70,70,226,5.2,12,0.50,28128.000000,0,27,7.0,0.0,0.0,0.0,0.0,0.0,0.0,1.0
127989,0,1,3400,-70,70,223,5.0,12,0.50,27680.000000,0,27,7.0,0.0,0.0,0.0,0.0,0.0,0.0,1.0
128238,0,1,3400,-70,70,225,4.2,12,0.50,11168.000000,0,27,7.0,0.0,0.0,0.0,0.0,0.0,0.0,1.0
128487,0,1,3400,-69,69,226,4.8,12,0.50,27456.000000,0,27,2.2,0.0,12288.000000,0,0.0,0.0,0.0,1.0
128736,0,1,3400,-69,69,224,6.4,12,0.50,10976.000000,0,27,1.0,0.0,0.0,0.0,0.0,0.0,0.0,1.0
128985,0,1,3400,-69,69,222,7.5,12,0.50,11104.000000,0,27,1.0,0.0,0.0,0.0,0.0,0.0,0.0,1.0
129234,0,1,3400,-69,69,226,6.5,12,0.50,0.0,0.0,27,1.0,0.0,0.0,0.0,0.0,0.0,0.0,1.0
129483,0,1,3400,-69,69,226,6.5,12,0.50,5600.000000,0,27,2.9,0.0,13056.000000,0,0.0,0.0,0.0,1.0
129732,0,1,3400,-69,69,223,5.5,12,0.50,17152.000000,0,27,5.5,0.0,0.0,0.0,0.0,0.0,0.0,1.0
129981,0,1,3400,-69,69,224,3.6,12,0.50,11232.000000,0,27,5.5,0.0,0.0,0.0,0.0,0.0,0.0,1.0
130230,0,1,3400,-70,70,225,6.7,12,0.50,32928.000000,0,27,5.5,0.0,0.0,0.0,0.0,0.0,0.0,1.0
130479,0,1,3400,-70,70,223,4.6,12,0.50,16608.000000,0,27,3.2,0.0,11424.000000,0,0.0,0.0,0.0,1.0
130728,0,1,3400,-70,70,225,7.4,11,0.67,26624.000000,0,27,2.0,0.0,0.0,0.0,0.0,0.0,0.0,1.0
130977,0,1,3400,-70,70,224,6.7,12,0.65,5536.000000,0,27,2.0,0.0,0.0,0.0,0.0,0.0,0.0,1.0
131226,0,1,3400,-70,70,227,4.6,12,0.50,16832.000000,0,27,2.0,0.0,0.0,0.0,0.0,0.0,0.0,1.0
131475,0,1,3400,-69,69,225,11,12,1.5,10752.000000,0,27,2.3,0.0,12800.000000,0,0.0,0.0,0.0,1.0
131724,0,1,3400,-69,69,225,11,12,1.7,0.0,0.0,27,2.5,0.0,0.0,0.0,0.0,0.0,0.0,1.0
131973,0,1,3400,-69,69,225,10,12,1.3,10912.000000,0,27,2.5,0.0,0.0,0.0,0.0,0.0,0.0,1.0
132222,0,1,3400,-69,69,226,7.0,12,0.50,5408.000000,0,27,2.5,0.0,0.0,0.0,0.0,0.0,0.0,1.0
132471,0,1,3400,-69,69,228,8.1,12,0.50,11008.000000,0,27,5.3,0.0,18496.000000,0,0.0,0.0,0.0,1.0
132720,0,1,3400,-69,69,224,9.6,12,0.50,16512.000000,0,27,7.5,0.0,0.0,0.0,0.0,0.0,0.0,1.0
132969,0,1,3400,-69,69,226,7.5,12,0.50,0.0,0.0,27,7.5,0.0,0.0,0.0,0.0,0.0,0.0,1.0
133218,0,1,3400,-69,69,225,8.0,12,0.61,15968.000000,0,27,7.5,0.0,0.0,0.0,0.0,0.0,0.0,1.0
133467,0,1,3400,-69,69,225,8.2,12,0.56,11328.000000,0,27,11,0.0,40768.000000,0,0.0,0.0,0.0,1.0
133716,0,1,3400,-69,69,224,6.7,12,0.69,21440.000000,0,27,12,0.0,0.0,0.0,0.0,0.0,0.0,1.0
133965,0,1,3400,-69,69,225,7.1,12,0.50,21792.000000,0,27,12,0.0,0.0,0.0,0.0,0.0,0.0,1.0
134214,0,1,3400,-69,69,225,7.5,12,0.50,0.0,0.0,27,12,0.0,0.0,0.0,0.0,0.0,0.0,1.0
134463,0,1,3400,-69,69,226,8.0,12,0.57,16672.000000,0,27,11,0.0,18880.000000,0,0.0,0.0,0.0,1.0
134712,0,1,3400,-69,69,225,7.0,12,0.50,5408.000000,0,27,11,0.0,0.0,0.0,0.0,0.0,0.0,1.0
134961,0,1,3400,-69,69,222,7.0,12,0.50,16640.000000,0,27,11,0.0,0.0,0.0,0.0,0.0,0.0,1.0
135210,0,1,3400,-69,69,226,9.4,13,0.50,16352.000000,0,27,11,0.0,0.0,0.0,0.0,0.0,0.0,1.0
135459,0,1,3400,-69,69,226,5.7,13,0.50,5600.000000,0,27,7.7,0.0,13984.000000,0,0.0,0.0,0.0,1.0
135708,0,1,3400,-68,68,225,6.8,13,0.50,7648.000000,0,27,4.0,0.0,0.0,0.0,0.0,0.0,0.0,1.0
135957,0,1,3400,-68,68,227,6.9,13,0.50,9056.000000,0,27,4.0,0.0,0.0,0.0,0.0,0.0,0.0,1.0
136206,0,1,3400,-69,69,224,7.0,13,0.50,0.0,0.0,27,4.0,0.0,0.0,0.0,0.0,0.0,0.0,1.0
136455,0,1,3400,-69,69,229,6.7,12,0.50,27616.000000,0,27,7.1,0.0,43104.000000,14,0.0,0.0,0.0,1.0
136704,0,1,3400,-69,69,229,7.7,12,0.50,5504.000000,0,27,11,0.0,0.0,0.0,0.0,0.0,0.0,1.0
136953,0,1,3400,-69,69,224,8.5,12,0.50,5504.000000,0,27,11,0.0,0.0,0.0,0.0,0.0,0.0,1.0
137202,0,1,3400,-69,69,226,5.6,12,0.50,16384.000000,0,27,11,0.0,0.0,0.0,0.0,0.0,0.0,1.0
137451,0,1,3400,-69,69,227,6.5,12,0.50,11200.000000,0,27,11,0.0,18880.000000,0,0.0,0.0,0.0,1.0
137700,0,1,3400,-69,69,228,5.9,12,0.50,21920.000000,0,27,11,0.0,0.0,0.0,0.0,0.0,0.0,1.0
137949,0,1,3400,-69,69,225,13,12,0.77,15904.000000,0,27,11,0.0,0.0,0.0,0.0,0.0,0.0,1.0
138198,0,1,3400,-69,69,228,6.8,13,0.50,5600.000000,0,27,11,0.0,0.0,0.0,0.0,0.0,0.0,1.0
138447,0,1,3400,-69,69,231,8.1,13,0.50,11168.000000,0,27,12,0.0,30304.000000,36,0.0,0.0,0.0,1.0
138696,0,1,3400,-68,68,227,6.7,13,0.50,5408.000000,0,27,13,0.0,0.0,0.0,0.0,0.0,0.0,1.0
138945,0,1,3400,-68,68,226,5.5,13,0.50,27872.000000,0,27,13,0.0,0.0,0.0,0.0,0.0,0.0,1.0
139194,0,1,3400,-68,68,225,8.8,13,0.50,21568.000000,0,27,13,0.0,0.0,0.0,0.0,0.0,0.0,1.0
139443,0,1,3400,-68,68,229,9.2,13,0.50,11104.000000,0,27,9.9,0.0,12576.000000,0,0.0,0.0,0.0,1.0
139692,0,1,3400,-68,68,229,8.2,13,0.52,15968.000000,0,27,3.0,0.0,0.0,0.0,0.0,0.0,0.0,1.0
139941,0,1,3400,-68,68,228,6.8,14,0.50,5600.000000,0,27,3.0,0.0,0.0,0.0,0.0,0.0,0.0,1.0
140190,0,1,3400,-68,68,227,6.1,14,0.50,16736.000000,0,27,3.0,0.0,0.0,0.0,0.0,0.0,0.0,1.0
140439,0,1,3400,-68,68,226,8.9,14,0.50,15872.000000,0,27,12,0.0,27072.000000,24,0.0,0.0,0.0,1.0
140688,0,1,3400,-67,67,225,10,14,0.50,5248.000000,0,27,16,0.0,0.0,0.0,0.0,0.0,0.0,1.0
140937,0,1,3400,-67,67,221,7.6,15,0.50,28608.000000,0,27,16,0.0,0.0,0.0,0.0,0.0,0.0,1.0
141186,0,1,3400,-67,67,225,8.4,15,0.50,21696.000000,0,27,16,0.0,0.0,0.0,0.0,0.0,0.0,1.0
141435,0,1,3400,-67,67,227,10,15,0.50,10496.000000,0,27,3.2,0.0,11200.000000,0,0.0,0.0,0.0,1.0
141684,0,1,3400,-66,66,226,10,16,0.50,5440.000000,0,27,0.16,0.0,0.0,0.0,0.0,0.0,0.0,1.0
141933,0,1,3400,-66,66,226,9.8,16,0.50,5248.000000,0,27,0.16,0.0,0.0,0.0,0.0,0.0,0.0,1.0
142182,0,1,3400,-66,66,223,9.2,16,0.50,21216.000000,0,27,0.10,0.0,0.0,0.0,0.0,0.0,0.0,1.0
142431,0,1,3400,-66,66,225,13,16,0.50,10624.000000,0,27,0.14,0.0,0.0,0,0.0,0.0,0.0,1.0
142680,0,1,3400,-65,65,228,12,17,0.50,5248.000000,0,27,0.21,0.0,11904.000000,0,0.0,0.0,0.0,1.0
142929,0,1,3400,-66,66,226,10,16,0.50,16000.000000,0,27,0.16,0.0,0.0,0.0,0.0,0.0,0.0,1.0
143178,0,1,3400,-66,66,225,6.3,16,0.50,5408.000000,0,27,0.052,0.0,0.0,0.0,0.0,0.0,0.0,1.0
143427,0,1,3400,-66,66,222,10,16,0.50,5440.000000,0,27,4.3,0.0,51232.000000,0,0.0,0.0,0.0,1.0
143676,0,1,3400,-66,66,222,8.4,16,0.50,32160.000000,0,27,5.6,0.0,0.0,0.0,0.0,0.0,0.0,1.0
143925,0,1,3400,-66,66,225,11,16,0.50,16224.000000,0,27,5.5,0.0,0.0,0.0,0.0,0.0,0.0,1.0
144174,0,1,3400,-66,66,229,11,16,0.50,10880.000000,0,27,5.5,0.0,0.0,0.0,0.0,0.0,0.0,1.0
144423,0,1,3400,-66,66,226,12,16,0.50,10784.000000,0,27,11,0.0,0.0,80,0.0,0.0,0.0,1.0
144672,0,1,3400,-65,65,226,10,17,0.50,10688.000000,0,27,12,0.0,0.0,0.0,0.0,0.0,0.0,1.0
144921,0,1,3400,-66,66,228,11,17,0.50,32064.000000,0,27,12,0.0,0.0,0.0,0.0,0.0,0.0,1.0
145170,0,1,3400,-66,66,227,13,17,0.50,10752.000000,0,27,12,0.0,0.0,0.0,0.0,0.0,0.0,1.0
145419,0,1,3400,-66,66,225,12,16,0.50,5248.000000,0,27,12,0.0,36288.000000,9,0.0,0.0,0.0,1.0
145668,0,1,3400,-66,66,228,2.2,16,0.50,21344.000000,0,27,14,0.0,0.0,100.000000,0.0,0.0,0.0,1.0
145917,0,1,3400,-67,67,224,5.3,16,0.50,16704.000000,0,27,14,0.0,0.0,0.0,0.0,0.0,0.0,1.0
146166,0,1,3400,-67,67,224,9.1,16,0.50,15744.000000,0,27,14,0.0,0.0,0.0,0.0,0.0,0.0,1.0
146415,0,1,3400,-67,67,229,9.5,16,0.50,16480.000000,0,27,4.9,0.0,12768.000000,0,0.0,0.0,0.0,1.0
146664,0,1,3400,-67,67,228,11,15,0.53,21184.000000,0,27,0.21,0.0,0.0,0.0,0.0,0.0,0.0,1.0
146913,0,1,3400,-67,67,227,10,15,0.52,5248.000000,0,27,0.052,0.0,0.0,0.0,0.0,0.0,0.0,1.0
147162,0,1,3400,-67,67,227,11,15,0.50,5440.000000,0,27,0.0,0.0,0.0,0.0,0.0,0.0,0.0,1.0
147411,0,1,3400,-67,67,225,11,15,0.50,21536.000000,0,27,3.6,0.0,28800.000000,10,0.0,0.0,0.0,1.0
147660,0,1,3400,-67,67,225,8.6,16,0.50,21344.000000,0,27,4.5,0.0,0.0,0.0,0.0,0.0,0.0,1.0
147909,0,1,3400,-68,68,222,7.0,16,0.50,16000.000000,0,27,4.5,0.0,0.0,0.0,0.0,0.0,0.0,1.0
148158,0,1,3400,-68,68,221,7.0,16,0.50,16096.000000,0,27,4.5,0.0,0.0,0.0,0.0,0.0,0.0,1.0
148407,0,1,3400,-68,68,225,4.8,15,0.50,10496.000000,0,27,6.3,0.0,52256.000000,15,0.0,0.0,0.0,1.0
148656,0,1,3400,-68,68,223,4.0,15,0.50,0.0,0.0,27,7.0,0.0,0.0,0.0,0.0,0.0,0.0,1.0
148905,0,1,3400,-68,68,226,4.4,15,0.50,5376.000000,0,27,7.0,0.0,0.0,0.0,0.0,0.0,0.0,1.0
149154,0,1,3400,-69,69,228,7.8,15,0.50,5344.000000,0,27,6.9,0.0,0.0,0.0,0.0,0.0,0.0,1.0
149403,0,1,3400,-69,69,226,6.6,14,0.50,15968.000000,0,27,5.7,0.0,8928.000000,0,0.0,0.0,0.0,1.0
149653,0,1,3400,-69,69,221,6.9,14,0.50,10624.000000,0,27,5.5,0.0,0.0,0.0,0.0,0.0,0.0,1.0
149902,0,1,3400,-69,69,225,9.2,14,0.50,21376.000000,0,27,5.5,0.0,0.0,0.0,0.0,0.0,0.0,1.0
150151,0,1,3400,-69,69,225,10,14,0.50,10784.000000,0,27,5.5,0.0,0.0,0.0,0.0,0.0,0.0,1.0
150400,0,1,3400,-69,69,225,8.1,14,0.50,16160.000000,0,27,12,0.0,40064.000000,20,0.0,0.0,0.0,1.0
150649,0,1,3400,-69,69,225,8.1,14,0.50,10688.000000,0,27,14,0.0,0.0,0.0,0.0,0.0,0.0,1.0
150898,0,1,3400,-69,69,225,7.9,14,0.50,21504.000000,0,27,14,0.0,0.0,0.0,0.0,0.0,0.0,1.0
151147,0,1,3400,-69,69,226,7.9,14,0.50,5312.000000,0,27,14,0.0,0.0,0.0,0.0,0.0,0.0,1.0
151396,0,1,3400,-69,69,227,6.3,14,0.50,16288.000000,0,27,6.2,0.0,15936.000000,0,0.0,0.0,0.0,1.0
151645,0,1,3400,-69,69,226,12,14,0.65,10464.000000,0,27,1.5,0.0,0.0,0.0,0.0,0.0,0.0,1.0
151894,0,1,3400,-69,69,228,8.0,14,0.50,10688.000000,0,27,1.5,0.0,0.0,0.0,0.0,0.0,0.0,1.0
152143,0,1,3400,-69,69,227,9.8,14,0.80,21472.000000,12,27,1.5,0.0,0.0,0.0,0.0,0.0,0.0,1.0
152392,0,1,3400,-69,69,226,6.2,14,0.61,16128.000000,0,27,9.1,0.0,62688.000000,0,0.0,0.0,0.0,1.0
152641,0,1,3400,-69,69,227,6.5,14,0.50,0.0,0.0,27,14,0.0,0.0,0.0,0.0,0.0,0.0,1.0
152890,0,1,3400,-69,69,228,7.9,14,0.50,10784.000000,0,27,14,0.0,0.0,0.0,0.0,0.0,0.0,1.0
153139,0,1,3400,-69,69,228,9.3,14,0.50,15904.000000,0,27,14,0.0,0.0,0.0,0.0,0.0,0.0,1.0
153388,0,1,3400,-69,69,226,8.6,15,0.50,5504.000000,0,27,13,0.0,16064.000000,0,0.0,0.0,0.0,1.0
153637,0,1,3400,-68,68,224,9.3,15,0.50,10656.000000,0,27,8.5,0.0,0.0,0.0,0.0,0.0,0.0,1.0
153886,0,1,3400,-68,68,224,8.9,15,0.50,10656.000000,0,27,8.4,0.0,0.0,0.0,0.0,0.0,0.0,1.0
154135,0,1,3400,-68,68,227,11,15,0.59,10464.000000,0,27,8.5,0.0,0.0,0.0,0.0,0.0,0.0,1.0
154384,0,1,3400,-68,68,225,11,15,0.64,10624.000000,0,27,7.1,0.0,9312.000000,0,0.0,0.0,0.0,1.0
154633,0,1,3400,-68,68,224,7.6,15,0.50,21504.000000,0,27,4.0,0.0,0.0,0.0,0.0,0.0,0.0,1.0
154882,0,1,3400,-68,68,227,8.9,15,0.50,10560.000000,0,27,4.0,0.0,0.0,0.0,0.0,0.0,0.0,1.0
155131,0,1,3400,-68,68,226,10,15,0.50,0.0,0.0,27,4.0,0.0,0.0,0.0,0.0,0.0,0.0,1.0
155380,0,1,3400,-68,68,228,9.8,16,0.50,16096.000000,0,27,6.7,0.0,14976.000000,0,0.0,0.0,0.0,1.0
155629,0,1,3400,-67,67,225,8.1,16,0.50,26880.000000,0,27,7.0,0.0,0.0,0.0,0.0,0.0,0.0,1.0
155878,0,1,3400,-67,67,226,10.0,16,0.50,26784.000000,0,27,6.9,0.0,0.0,0.0,0.0,0.0,0.0,1.0
156127,0,1,3400,-67,67,224,7.2,16,0.50,16128.000000,0,27,6.9,0.0,0.0,0.0,0.0,0.0,0.0,1.0
156376,0,1,3400,-67,67,224,10,16,0.50,10784.000000,0,27,10,0.0,15552.000000,0,0.0,0.0,0.0,1.0
156625,0,1,3400,-67,67,224,4.7,16,0.50,16480.000000,0,27,11,0.0,0.0,0.0,0.0,0.0,0.0,1.0
156874,0,1,3400,-68,68,225,10,16,0.58,15808.000000,0,27,11,0.0,0.0,0.0,0.0,0.0,0.0,1.0
157123,0,1,3400,-68,68,228,10,16,0.50,21440.000000,0,27,11,0.0,0.0,0.0,0.0,0.0,0.0,1.0
157372,0,1,3400,-68,68,226,6.1,15,0.50,0.0,0.0,27,11,0.0,0.0,0.0,0.0,0.0,0.0,1.0
157621,0,1,3400,-68,68,224,6.0,15,0.50,0.0,0.0,27,11,0.0,0.0,0.0,0.0,0.0,0.0,1.0
157870,0,1,3400,-69,69,227,7.3,15,0.50,15808.000000,0,27,8.2,0.0,20768.000000,0,0.0,0.0,0.0,1.0
158119,0,1,3400,-69,69,226,8.0,15,0.50,5376.000000,0,27,4.5,0.0,0.0,0.0,0.0,0.0,0.0,1.0
158368,0,1,3400,-69,69,227,7.6,14,0.52,15808.000000,0,27,4.4,0.0,26592.000000,0,0.0,0.0,0.0,1.0
158617,0,1,3400,-69,69,228,12,14,0.75,0.0,0.0,27,4.5,0.0,0.0,0.0,0.0,0.0,0.0,1.0
158866,0,1,3400,-69,69,225,12,14,0.86,10624.000000,0,27,4.5,0.0,0.0,0.0,0.0,0.0,0.0,1.0
159115,0,1,3400,-69,69,229,13,15,0.89,21312.000000,0,27,4.5,0.0,0.0,0.0,0.0,0.0,0.0,1.0
159364,0,1,3400,-69,69,227,6.3,15,0.50,10688.000000,0,27,4.3,0.0,20640.000000,0,0.0,0.0,0.0,1.0
159613,0,1,3400,-68,68,225,8.1,15,0.50,21536.000000,0,27,4.0,0.0,0.0,0.0,0.0,0.0,0.0,1.0
159862,0,1,3400,-68,68,226,8.9,15,0.50,5344.000000,0,27,4.0,0.0,0.0,0.0,0.0,0.0,0.0,1.0
160111,0,1,3400,-69,69,224,6.9,15,0.50,32320.000000,0,27,4.0,0.0,0.0,0.0,0.0,0.0,0.0,1.0
160360,0,1,3400,-69,69,225,10,14,0.50,5312.000000,0,27,4.4,0.0,40640.000000,0,0.0,0.0,0.0,1.0
160609,0,1,3400,-69,69,228,8.6,14,0.50,10720.000000,0,27,9.0,0.0,0.0,0.0,0.0,0.0,0.0,1.0
160858,0,1,3400,-69,69,229,6.6,14,0.50,5344.000000,0,27,8.9,0.0,0.0,0.0,0.0,0.0,0.0,1.0
161107,0,1,3400,-69,69,231,5.1,15,0.50,0.0,0.0,27,8.9,0.0,0.0,0.0,0.0,0.0,0.0,1.0
161356,0,1,3400,-69,69,228,14,15,0.98,15584.000000,0,27,11,0.0,23648.000000,0,0.0,0.0,0.0,1.0
161605,0,1,3400,-68,68,230,11,15,0.82,10752.000000,0,27,11,0.0,0.0,0.0,0.0,0.0,0.0,1.0
161854,0,1,3400,-68,68,226,8.5,15,0.50,10816.000000,0,27,11,0.0,0.0,0.0,0.0,0.0,0.0,1.0
162103,0,1,3400,-68,68,225,11,15,0.50,10720.000000,0,27,11,0.0,0.0,0.0,0.0,0.0,0.0,1.0
162352,0,1,3400,-68,68,228,8.4,15,0.50,5344.000000,0,27,12,0.0,17056.000000,33,0.0,0.0,0.0,1.0
162601,0,1,3400,-68,68,229,7.4,15,0.50,21248.000000,0,27,13,0.0,0.0,0.0,0.0,0.0,0.0,1.0
162850,0,1,3400,-68,68,227,15,15,1.0,10304.000000,0,27,12,0.0,0.0,0.0,0.0,0.0,0.0,1.0
163099,0,1,3400,-68,68,229,11,15,0.69,32384.000000,0,27,12,0.0,0.0,0.0,0.0,0.0,0.0,1.0
163348,0,1,3400,-68,68,225,9.3,15,0.50,10752.000000,0,27,12,0.0,22272.000000,35,0.0,0.0,0.0,1.0
163597,0,1,3400,-68,68,225,8.9,15,0.50,5344.000000,0,27,9.0,0.0,10944.000000,67,0.0,0.0,0.0,1.0
163846,0,1,3400,-68,68,229,9.0,15,0.52,10496.000000,0,27,9.0,0.0,0.0,0.0,0.0,0.0,0.0,1.0
164095,0,1,3400,-68,68,228,12,15,0.51,10752.000000,0,27,9.0,0.0,0.0,0.0,0.0,0.0,0.0,1.0
164344,0,1,3400,-68,68,227,11,16,0.50,0.0,0.0,27,9.0,0.0,0.0,0.0,0.0,0.0,0.0,1.0
164593,0,1,3400,-68,68,224,10,16,0.68,5632.000000,17,27,9.0,186,0.0,0.0,0.0,0.0,0.0,1.0
164842,0,1,3400,-68,68,224,5.8,16,0.50,16992.000000,0,27,1.2,0.0,15936.000000,0,0.0,0.0,0.0,1.0
165091,0,1,3400,-68,68,227,13,16,0.72,10528.000000,0,27,0.0,0.0,0.0,0.0,0.0,0.0,0.0,1.0
165340,0,1,3400,-68,68,227,11,16,0.52,5408.000000,0,27,5.1,0.0,12160.000000,0,0.0,0.0,0.0,1.0
165589,0,1,3400,-68,68,222,6.9,16,0.50,27328.000000,0,27,6.5,0.0,0.0,0.0,0.0,0.0,0.0,1.0
165838,0,1,3400,-68,68,223,6.9,16,0.50,33696.000000,0,27,6.5,0.0,0.0,0.0,0.0,0.0,0.0,1.0
166087,0,1,3400,-68,68,226,8.4,16,0.50,10656.000000,0,27,6.5,0.0,0.0,0.0,0.0,0.0,0.0,1.0
166336,0,1,3400,-68,68,224,11,16,0.62,10464.000000,0,27,7.7,0.0,25568.000000,0,0.0,0.0,0.0,1.0
166585,0,1,3400,-68,68,222,12,16,0.78,10560.000000,0,27,7.5,0.0,0.0,0.0,0.0,0.0,0.0,1.0
166834,0,1,3400,-68,68,225,12,16,0.50,16224.000000,0,27,7.5,0.0,0.0,0.0,0.0,0.0,0.0,1.0
167083,0,1,3400,-68,68,226,12,16,0.50,16160.000000,0,27,7.4,0.0,0.0,0.0,0.0,0.0,0.0,1.0
167332,0,1,3400,-68,68,230,10,16,0.50,16160.000000,0,27,2.6,0.0,10048.000000,0,0.0,0.0,0.0,1.0
167581,0,1,3400,-68,68,228,13,16,0.50,5408.000000,0,27,0.0,0.0,0.0,0.0,0.0,0.0,0.0,1.0
167830,0,1,3400,-68,68,226,12,16,0.50,21536.000000,0,27,0.0,0.0,0.0,0.0,0.0,0.0,0.0,1.0
168079,0,1,3400,-68,68,230,8.5,16,0.50,5408.000000,0,27,0.0,0.0,0.0,0.0,0.0,0.0,0.0,1.0
168328,0,1,3400,-68,68,226,13,16,0.50,16224.000000,0,27,1.1,0.0,15904.000000,0,0.0,0.0,0.0,1.0
168577,0,1,3400,-68,68,223,13,16,0.50,10816.000000,0,27,1.5,0.0,0.0,0.0,0.0,0.0,0.0,1.0
168826,0,1,3400,-68,68,227,7.9,16,0.50,23552.000000,0,27,1.5,0.0,0.0,0.0,0.0,0.0,0.0,1.0
169075,0,1,3400,-68,68,230,9.7,16,0.50,26880.000000,0,27,1.5,0.0,0.0,0.0,0.0,0.0,0.0,1.0
169324,0,1,3400,-68,68,226,9.6,16,0.50,10944.000000,0,27,1.5,112,0.0,0,0.0,0.0,0.0,1.0
169573,0,1,3400,-68,68,225,8.1,16,0.82,0.0,100.000000,27,0.67,0.0,8480.000000,23,0.0,0.0,0.0,1.0
169822,0,1,3400,-68,68,225,6.8,16,1.1,10880.000000,0,27,0.0,0.0,0.0,0.0,0.0,0.0,0.0,1.0
170071,0,1,3400,-68,68,225,4.5,16,0.50,17152.000000,0,27,0.0,0.0,0.0,0.0,0.0,0.0,0.0,1.0
170320,0,1,3400,-68,68,226,9.4,16,0.50,27328.000000,0,27,5.5,0.0,21632.000000,0,0.0,0.0,0.0,1.0
170569,0,1,3400,-68,68,228,3.9,16,0.50,5440.000000,0,27,9.0,0.0,0.0,0.0,0.0,0.0,0.0,1.0
170818,0,1,3400,-68,68,224,10.0,16,0.50,16128.000000,0,27,9.0,0.0,0.0,0.0,0.0,0.0,0.0,1.0
171067,0,1,3400,-68,68,223,10,16,0.50,5312.000000,0,27,9.0,0.0,0.0,0.0,0.0,0.0,0.0,1.0
171316,0,1,3400,-68,68,223,10,16,0.50,16096.000000,0,27,9.8,0.0,22208.000000,0,0.0,0.0,0.0,1.0
171565,0,1,3400,-68,68,228,8.8,16,0.50,21632.000000,0,27,11,0.0,0.0,0.0,0.0,0.0,0.0,1.0
171814,0,1,3400,-69,69,226,9.0,16,0.50,21280.000000,0,27,11,0.0,0.0,0.0,0.0,0.0,0.0,1.0
172063,0,1,3400,-69,69,229,10,15,0.59,37568.000000,0,27,11,0.0,0.0,0.0,0.0,0.0,0.0,1.0
172312,0,1,3400,-69,69,229,5.5,15,0.50,11392.000000,0,27,9.3,0.0,16064.000000,0,0.0,0.0,0.0,1.0
172561,0,1,3400,-69,69,230,8.5,15,0.50,5408.000000,0,27,8.5,0.0,0.0,0.0,0.0,0.0,0.0,1.0
172810,0,1,3400,-69,69,226,5.0,15,0.50,5312.000000,0,27,8.5,0.0,0.0,0.0,0.0,0.0,0.0,1.0
173059,0,1,3400,-69,69,226,7.2,15,0.50,10880.000000,0,27,8.4,0.0,0.0,0.0,0.0,0.0,0.0,1.0
173308,0,1,3400,-69,69,224,17,16,1.0,25760.000000,0,27,8.7,0.0,17888.000000,0,0.0,0.0,0.0,1.0
173557,0,1,3400,-68,68,228,13,16,0.75,36512.000000,0,27,9.0,0.0,0.0,0.0,0.0,0.0,0.0,1.0
173806,0,1,3400,-68,68,230,15,16,0.63,16128.000000,0,27,9.0,0.0,1184.000000,33,0.0,0.0,0.0,1.0
174055,0,1,3400,-68,68,227,8.4,16,0.50,16384.000000,0,27,9.0,0.0,0.0,0.0,0.0,0.0,0.0,1.0
174304,0,1,3400,-68,68,227,8.5,16,0.50,0.0,0.0,27,9.0,0.0,0.0,0.0,0.0,0.0,0.0,1.0
174553,0,1,3400,-68,68,227,9.8,16,0.67,26400.000000,0,27,8.8,0.0,23744.000000,20,0.0,0.0,0.0,1.0
174802,0,1,3400,-68,68,226,13,16,0.73,15616.000000,0,27,8.5,0.0,0.0,0.0,0.0,0.0,0.0,1.0
175051,0,1,3400,-68,68,229,9.7,16,0.50,21248.000000,0,27,8.5,0.0,0.0,0.0,0.0,0.0,0.0,1.0
175300,0,1,3400,-68,68,224,11,16,0.52,15712.000000,0,27,8.4,0.0,22048.000000,25,0.0,0.0,0.0,1.0
175549,0,1,3400,-68,68,224,12,16,0.57,10560.000000,0,27,3.5,0.0,0.0,0.0,0.0,0.0,0.0,1.0
175798,0,1,3400,-68,68,225,12,16,0.50,26976.000000,0,27,3.5,0.0,0.0,0.0,0.0,0.0,0.0,1.0
176047,0,1,3400,-68,68,228,11,16,0.54,15840.000000,0,27,3.5,0.0,0.0,0.0,0.0,0.0,0.0,1.0
176296,0,1,3400,-68,68,228,9.9,16,0.51,10496.000000,0,27,8.8,0.0,18624.000000,0,0.0,0.0,0.0,1.0
176545,0,1,3400,-68,68,226,9.5,16,0.50,10752.000000,0,27,10,0.0,0.0,0.0,0.0,0.0,0.0,1.0
176794,0,1,3400,-68,68,229,8.6,16,0.50,0.0,0.0,27,9.9,0.0,0.0,0.0,0.0,0.0,0.0,1.0
177043,0,1,3400,-68,68,230,12,16,0.58,21376.000000,0,27,10,0.0,0.0,0.0,0.0,0.0,0.0,1.0
177292,0,1,3400,-68,68,227,14,16,0.57,10304.000000,0,27,9.6,0.0,15968.000000,25,0.0,0.0,0.0,1.0
177541,0,1,3400,-68,68,227,13,16,0.66,10400.000000,0,27,8.0,0.0,0.0,0.0,0.0,0.0,0.0,1.0
177790,0,1,3400,-68,68,227,11,16,0.51,10560.000000,0,27,8.0,0.0,0.0,0.0,0.0,0.0,0.0,1.0
178039,0,1,3400,-68,68,229,11,16,0.61,5152.000000,0,27,7.9,0.0,0.0,0.0,0.0,0.0,0.0,1.0
178288,0,1,3400,-68,68,227,17,16,0.94,15456.000000,0,27,10,0.0,49856.000000,14,0.0,0.0,0.0,1.0
178537,0,1,3400,-68,68,226,16,16,0.86,5312.000000,0,27,12,0.0,0.0,0.0,0.0,0.0,0.0,1.0
178786,0,1,3400,-68,68,223,13,16,0.80,20704.000000,0,27,12,0.0,0.0,0.0,0.0,0.0,0.0,1.0
179035,0,1,3400,-68,68,229,18,16,1.4,10464.000000,0,27,12,0.0,0.0,0.0,0.0,0.0,0.0,1.0
179284,0,1,3400,-68,68,230,14,16,0.91,5440.000000,0,27,12,16,0.0,0,0.0,0.0,0.0,1.0
179533,0,1,3400,-68,68,228,12,16,0.59,21216.000000,0,27,0.23,0.0,7648.000000,0,0.0,0.0,0.0,1.0
179782,0,1,3400,-68,68,228,13,16,0.50,5376.000000,0,27,0.0,0.0,0.0,0.0,0.0,0.0,0.0,1.0
180031,0,1,3400,-68,68,224,15,16,0.67,21152.000000,0,27,0.0,0.0,0.0,0.0,0.0,0.0,0.0,1.0
180280,0,1,3400,-68,68,226,11,16,0.59,5152.000000,0,27,1.5,0.0,30560.000000,0,0.0,0.0,0.0,1.0
180529,0,1,3400,-68,68,229,13,16,0.97,21216.000000,22,27,2.0,0.0,0.0,0.0,0.0,0.0,0.0,1.0
180778,0,1,3400,-69,69,227,14,16,1.9,13600.000000,0,27,2.0,0.0,0.0,0.0,0.0,0.0,0.0,1.0
181027,0,1,3400,-69,69,226,10,15,0.50,7968.000000,0,27,2.0,0.0,0.0,0.0,0.0,0.0,0.0,1.0
181276,0,1,3400,-69,69,227,9.5,16,0.50,0.0,0.0,27,2.0,0.0,0.0,0.0,0.0,0.0,0.0,1.0
181525,0,1,3400,-69,69,229,10,15,0.56,5152.000000,0,27,2.1,89,2528.000000,0,0.0,0.0,0.0,1.0
181774,0,1,3400,-69,69,225,11,15,0.51,10624.000000,0,27,3.8,0.0,13376.000000,0,0.0,0.0,0.0,1.0
182023,0,1,3400,-69,69,220,12,15,0.65,21664.000000,0,27,6.0,0.0,0.0,0.0,0.0,0.0,0.0,1.0
182272,0,1,3400,-69,69,222,11,16,0.57,20800.000000,0,27,10,0.0,99264.000000,9,0.0,0.0,0.0,1.0
182521,0,1,3400,-68,68,228,11,16,0.53,21056.000000,0,27,12,0.0,0.0,0.0,0.0,0.0,0.0,1.0
182770,0,1,3400,-68,68,230,16,16,0.90,20864.000000,0,27,12,0.0,0.0,0.0,0.0,0.0,0.0,1.0
183019,0,1,3400,-68,68,230,13,16,0.50,0.0,0.0,27,12,0.0,0.0,0.0,0.0,0.0,0.0,1.0
183268,0,1,3400,-68,68,229,14,16,0.58,20928.000000,0,27,8.6,0.0,18432.000000,0,0.0,0.0,0.0,1.0
183517,0,1,3400,-68,68,226,16,16,0.74,5376.000000,0,27,6.4,0.0,0.0,0.0,0.0,0.0,0.0,1.0
183766,0,1,3400,-68,68,226,13,16,0.52,15776.000000,0,27,6.4,0.0,0.0,0.0,0.0,0.0,0.0,1.0
184015,0,1,3400,-68,68,224,15,16,1.0,10304.000000,0,27,6.5,0.0,0.0,0.0,0.0,0.0,0.0,1.0
184264,0,1,3400,-68,68,228,7.7,16,0.62,15968.000000,0,27,5.6,0.0,25312.000000,0,0.0,0.0,0.0,1.0
184513,0,1,3400,-68,68,225,10,16,0.61,5440.000000,0,27,4.0,0.0,0.0,0.0,0.0,0.0,0.0,1.0
184763,0,1,3400,-68,68,221,11,16,0.50,15872.000000,0,27,4.0,0.0,0.0,0.0,0.0,0.0,0.0,1.0
185012,0,1,3400,-68,68,230,13,16,1.2,21184.000000,11,27,4.0,0.0,0.0,0.0,0.0,0.0,0.0,1.0
185261,0,1,3400,-68,68,230,14,16,0.68,5152.000000,0,27,7.5,0.0,16320.000000,0,0.0,0.0,0.0,1.0
185510,0,1,3400,-68,68,224,13,16,0.55,5312.000000,0,27,9.4,0.0,0.0,0.0,0.0,0.0,0.0,1.0
185759,0,1,3400,-68,68,229,13,16,0.50,0.0,0.0,27,9.5,0.0,0.0,0.0,0.0,0.0,0.0,1.0
186008,0,1,3400,-68,68,232,12,16,0.50,21312.000000,0,27,9.5,0.0,0.0,0.0,0.0,0.0,0.0,1.0
186257,0,1,3400,-68,68,230,11,17,0.50,10784.000000,0,27,9.6,0.0,18624.000000,20,0.0,0.0,0.0,1.0
186506,0,1,3400,-67,67,231,10,17,0.50,10624.000000,0,27,10,0.0,0.0,0.0,0.0,0.0,0.0,1.0
186755,0,1,3400,-67,67,229,13,17,0.50,26624.000000,0,27,9.9,0.0,0.0,0.0,0.0,0.0,0.0,1.0
187004,0,1,3400,-67,67,228,12,17,0.50,5408.000000,0,27,10.0,0.0,0.0,0.0,0.0,0.0,0.0,1.0
187253,0,1,3400,-67,67,225,12,17,0.58,10624.000000,0,27,11,0.0,137536.000000,24,0.0,0.0,0.0,1.0
187502,0,1,3400,-67,67,228,13,17,0.52,26688.000000,0,27,14,0.0,0.0,0.0,0.0,0.0,0.0,1.0
187751,0,1,3400,-67,67,231,14,17,0.67,5152.000000,0,27,14,0.0,0.0,0.0,0.0,0.0,0.0,1.0
188000,0,1,3400,-67,67,230,15,17,0.75,0.0,0.0,27,14,0.0,0.0,0.0,0.0,0.0,0.0,1.0
188249,0,1,3400,-67,67,229,13,17,0.52,16000.000000,0,27,2.9,0.0,16288.000000,0,0.0,0.0,0.0,1.0
188498,0,1,3400,-67,67,227,12,17,0.50,16000.000000,0,27,0.0,0.0,0.0,0.0,0.0,0.0,0.0,1.0
188747,0,1,3400,-68,68,226,12,17,0.50,15936.000000,0,27,0.0,0.0,0.0,0.0,0.0,0.0,0.0,1.0
188996,0,1,3400,-68,68,226,12,17,0.50,5312.000000,0,27,0.0,0.0,0.0,0.0,0.0,0.0,0.0,1.0
189245,0,1,3400,-68,68,228,12,16,0.50,0.0,0.0,27,0.0,0.0,0.0,0.0,0.0,0.0,0.0,1.0
189494,0,1,3400,-68,68,230,13,16,0.55,15904.000000,0,27,2.5,0.0,21600.000000,0,0.0,0.0,0.0,1.0
189743,0,1,3400,-68,68,225,13,16,0.50,16064.000000,0,27,6.0,0.0,0.0,0.0,0.0,0.0,0.0,1.0
189992,0,1,3400,-68,68,228,12,16,0.53,31968.000000,0,27,6.0,0.0,0.0,0.0,0.0,0.0,0.0,1.0
190241,0,1,3400,-68,68,226,12,17,0.50,15776.000000,0,27,8.8,0.0,13632.000000,0,0.0,0.0,0.0,1.0
190490,0,1,3400,-67,67,226,14,17,0.50,10784.000000,0,27,9.5,0.0,0.0,0.0,0.0,0.0,0.0,1.0
190739,0,1,3400,-67,67,225,12,17,0.50,5312.000000,0,27,9.5,0.0,0.0,0.0,0.0,0.0,0.0,1.0
190988,0,1,3400,-67,67,225,12,17,0.50,16000.000000,0,27,9.5,0.0,0.0,0.0,0.0,0.0,0.0,1.0
191237,0,1,3400,-67,67,227,13,17,0.61,10400.000000,0,27,11,0.0,22464.000000,0,0.0,0.0,0.0,1.0
191486,0,1,3400,-67,67,225,12,17,0.50,10688.000000,0,27,12,0.0,0.0,0.0,0.0,0.0,0.0,1.0
191735,0,1,3400,-67,67,228,13,17,0.50,5312.000000,0,27,12,0.0,0.0,0.0,0.0,0.0,0.0,1.0
191984,0,1,3400,-67,67,230,13,17,0.50,31776.000000,0,27,12,0.0,0.0,0.0,0.0,0.0,0.0,1.0
192233,0,1,3400,-67,67,225,12,17,0.50,26624.000000,0,27,2.6,0.0,25472.000000,0,0.0,0.0,0.0,1.0
192482,0,1,3400,-67,67,223,10,17,0.50,16640.000000,0,27,0.0,0.0,0.0,0.0,0.0,0.0,0.0,1.0
192731,0,1,3400,-68,68,229,13,17,0.50,5376.000000,0,27,0.0,0.0,0.0,0.0,0.0,0.0,0.0,1.0
192980,0,1,3400,-68,68,227,13,17,0.50,21248.000000,0,27,0.0,0.0,0.0,0.0,0.0,0.0,0.0,1.0
193229,0,1,3400,-68,68,225,13,17,0.50,5312.000000,0,27,4.0,0.0,23488.000000,0,0.0,0.0,0.0,1.0
193478,0,1,3400,-68,68,232,12,16,0.50,0.0,0.0,27,6.0,0.0,0.0,0.0,0.0,0.0,0.0,1.0
193727,0,1,3400,-68,68,229,10,16,0.50,16288.000000,0,27,5.8,0.0,0.0,0.0,0.0,0.0,0.0,1.0
193976,0,1,3400,-68,68,228,8.4,17,0.50,5312.000000,0,27,6.0,0.0,0.0,0.0,0.0,0.0,0.0,1.0
194225,0,1,3400,-68,68,227,13,17,0.50,10624.000000,0,27,8.8,0.0,11840.000000,0,0.0,0.0,0.0,1.0
194474,0,1,3400,-67,67,231,14,17,0.64,20768.000000,0,27,9.4,0.0,0.0,0.0,0.0,0.0,0.0,1.0
194723,0,1,3400,-68,68,228,13,17,0.50,0.0,0.0,27,9.5,0.0,0.0,0.0,0.0,0.0,0.0,1.0
194972,0,1,3400,-68,68,229,11,17,0.50,15776.000000,0,27,9.5,0.0,0.0,0.0,0.0,0.0,0.0,1.0
195221,0,1,3400,-68,68,231,12,16,0.50,21088.000000,0,27,11,0.0,14144.000000,0,0.0,0.0,0.0,1.0
195470,0,1,3400,-68,68,230,11,16,0.50,21472.000000,0,27,11,0.0,0.0,0.0,0.0,0.0,0.0,1.0
195719,0,1,3400,-68,68,227,10,16,0.50,0.0,0.0,27,11,0.0,0.0,0.0,0.0,0.0,0.0,1.0
195968,0,1,3400,-68,68,225,11,16,0.50,10688.000000,0,27,11,0.0,0.0,0.0,0.0,0.0,0.0,1.0
196217,0,1,3400,-68,68,228,13,17,0.50,5376.000000,0,27,11,0.0,22464.000000,0,0.0,0.0,0.0,1.0
196466,0,1,3400,-67,67,225,13,17,0.50,15936.000000,0,27,12,0.0,0.0,0.0,0.0,0.0,0.0,1.0
196715,0,1,3400,-68,68,227,13,17,0.50,15840.000000,0,27,12,0.0,0.0,0.0,0.0,0.0,0.0,1.0
196964,0,1,3400,-68,68,225,12,17,0.50,10624.000000,0,27,12,0.0,0.0,0.0,0.0,0.0,0.0,1.0
197213,0,1,3400,-68,68,226,13,17,0.50,5312.000000,0,27,6.1,0.0,25024.000000,0,0.0,0.0,0.0,1.0
197462,0,1,3400,-68,68,226,12,16,0.50,21504.000000,0,27,5.0,0.0,0.0,0.0,0.0,0.0,0.0,1.0
197711,0,1,3400,-69,69,228,11,16,0.50,16064.000000,0,27,4.9,0.0,0.0,0.0,0.0,0.0,0.0,1.0
197960,0,1,3400,-69,69,228,11,16,0.50,16000.000000,0,27,5.0,0.0,0.0,0.0,0.0,0.0,0.0,1.0
198209,0,1,3400,-69,69,227,11,15,0.50,5440.000000,0,27,6.7,0.0,28512.000000,14,0.0,0.0,0.0,1.0
198458,0,1,3400,-69,69,227,10,15,0.50,10496.000000,0,27,9.4,0.0,0.0,0.0,0.0,0.0,0.0,1.0
198707,0,1,3400,-69,69,227,8.4,15,0.50,10656.000000,0,27,9.4,0.0,0.0,0.0,0.0,0.0,0.0,1.0
198956,0,1,3400,-69,69,230,10,15,0.50,0.0,0.0,27,9.5,0.0,0.0,0.0,0.0,0.0,0.0,1.0
199205,0,1,3400,-69,69,225,7.4,15,0.50,16064.000000,0,27,13,0.0,18368.000000,0,0.0,0.0,0.0,1.0
199454,0,1,3400,-69,69,225,11,15,0.55,37408.000000,0,27,14,0.0,0.0,0.0,0.0,0.0,0.0,1.0
199703,0,1,3400,-70,70,226,7.6,15,0.50,6464.000000,0,27,13,0.0,0.0,0.0,0.0,0.0,0.0,1.0
199952,0,1,3400,-70,70,228,8.0,15,0.56,20960.000000,0,27,14,0.0,0.0,0.0,0.0,0.0,0.0,1.0
200201,0,1,3400,-70,70,227,9.8,15,0.50,21184.000000,0,27,11,0.0,21312.000000,44,0.0,0.0,0.0,1.0
200450,0,1,3400,-70,70,228,11,14,0.66,10400.000000,0,27,9.5,0.0,0.0,0.0,0.0,0.0,0.0,1.0
200699,0,1,3400,-70,70,229,15,14,1.00,0.0,0.0,27,9.5,0.0,0.0,0.0,0.0,0.0,0.0,1.0
200948,0,1,3400,-70,70,229,13,14,0.74,21088.000000,0,27,9.5,0.0,0.0,0.0,0.0,0.0,0.0,1.0
201197,0,1,3400,-70,70,229,11,14,0.72,26368.000000,0,27,12,0.0,15520.000000,33,0.0,0.0,0.0,1.0
201446,0,1,3400,-70,70,229,11,14,0.69,21600.000000,0,27,14,0.0,0.0,0.0,0.0,0.0,0.0,1.0
201695,0,1,3400,-70,70,229,16,15,1.00,10304.000000,0,27,14,0.0,0.0,0.0,0.0,0.0,0.0,1.0
201944,0,1,3400,-70,70,228,13,15,0.75,16128.000000,0,27,14,0.0,0.0,0.0,0.0,0.0,0.0,1.0
202193,0,1,3400,-70,70,226,10,15,0.50,10496.000000,0,27,14,0.0,72512.000000,0,0.0,0.0,0.0,1.0
202442,0,1,3400,-69,69,222,10.0,15,0.50,5248.000000,0,27,14,0.0,11936.000000,0,0.0,0.0,0.0,1.0
202691,0,1,3400,-69,69,226,8.4,15,0.50,23104.000000,0,27,14,0.0,0.0,0.0,0.0,0.0,0.0,1.0
202940,0,1,3400,-69,69,228,11,15,0.50,16320.000000,0,27,14,0.0,0.0,0.0,0.0,0.0,0.0,1.0
203189,0,1,3400,-69,69,227,11,16,0.50,10688.000000,0,27,12,0.0,22464.000000,0,0.0,0.0,0.0,1.0
203438,0,1,3400,-68,68,228,11,16,0.50,0.0,0.0,27,12,0.0,0.0,0.0,0.0,0.0,0.0,1.0
203687,0,1,3400,-68,68,226,11,16,0.50,15872.000000,0,27,12,0.0,0.0,0.0,0.0,0.0,0.0,1.0
203936,0,1,3400,-68,68,225,13,16,0.50,15936.000000,0,27,12,0.0,0.0,0.0,0.0,0.0,0.0,1.0
204185,0,1,3400,-68,68,225,8.7,16,0.50,7520.000000,0,27,12,0.0,128448.000000,9,0.0,0.0,0.0,1.0
204434,0,1,3400,-68,68,226,11,16,0.50,26368.000000,0,27,14,0.0,0.0,0.0,0.0,0.0,0.0,1.0
204683,0,1,3400,-68,68,231,12,16,0.50,5440.000000,0,27,14,0.0,0.0,0.0,0.0,0.0,0.0,1.0
204932,0,1,3400,-68,68,227,11,16,0.50,16192.000000,0,27,14,0.0,0.0,0.0,0.0,0.0,0.0,1.0
205181,0,1,3400,-68,68,231,13,17,0.50,10688.000000,0,27,13,0.0,35680.000000,0,0.0,0.0,0.0,1.0
205430,0,1,3400,-67,67,230,13,17,0.50,10624.000000,0,27,14,0.0,0.0,0.0,0.0,0.0,0.0,1.0
205679,0,1,3400,-67,67,228,13,17,0.50,14080.000000,0,27,14,0.0,0.0,0.0,0.0,0.0,0.0,1.0
205928,0,1,3400,-67,67,231,12,17,0.50,23264.000000,0,27,14,0.0,0.0,0.0,0.0,0.0,0.0,1.0
206177,0,1,3400,-67,67,231,11,17,0.50,0.0,0.0,27,14,0.0,0.0,0.0,0.0,0.0,0.0,1.0
206426,0,1,3400,-67,67,224,12,17,0.50,26304.000000,0,27,12,0.0,18112.000000,0,0.0,0.0,0.0,1.0
206675,0,1,3400,-67,67,226,11,17,0.50,21568.000000,0,27,12,0.0,0.0,0.0,0.0,0.0,0.0,1.0
206924,0,1,3400,-67,67,228,11,17,0.60,10528.000000,0,27,12,0.0,0.0,0.0,0.0,0.0,0.0,1.0
207173,0,1,3400,-67,67,230,15,17,0.72,10688.000000,0,27,12,60,0.0,0,0.0,0.0,0.0,1.0
207422,0,1,3400,-66,66,230,12,17,0.50,21248.000000,0,27,2.3,0.0,8192.000000,0,0.0,0.0,0.0,1.0
207671,0,1,3400,-67,67,228,13,17,0.50,26624.000000,0,27,2.0,0.0,0.0,0.0,0.0,0.0,0.0,1.0
207920,0,1,3400,-67,67,226,12,16,0.50,5248.000000,0,27,2.0,0.0,0.0,0.0,0.0,0.0,0.0,1.0
208169,0,1,3400,-67,67,225,9.5,17,0.50,10720.000000,0,27,4.5,0.0,0.0,80,0.0,0.0,0.0,1.0
208418,0,1,3400,-67,67,226,9.5,16,0.51,21216.000000,0,27,7.1,0.0,0.0,0.0,0.0,0.0,0.0,1.0
208667,0,1,3400,-67,67,228,12,16,0.75,0.0,0.0,27,7.0,0.0,0.0,0.0,0.0,0.0,0.0,1.0
208916,0,1,3400,-67,67,227,13,17,0.59,10688.000000,0,27,7.0,0.0,0.0,0.0,0.0,0.0,0.0,1.0
209165,0,1,3400,-67,67,224,11,17,0.55,31840.000000,0,27,8.2,0.0,43264.000000,0,0.0,0.0,0.0,1.0
209414,0,1,3400,-66,66,231,12,17,0.50,26624.000000,0,27,9.0,0.0,0.0,0.0,0.0,0.0,0.0,1.0
209663,0,1,3400,-66,66,229,13,17,0.54,15776.000000,0,27,9.0,0.0,0.0,0.0,0.0,0.0,0.0,1.0
209912,0,1,3400,-66,66,229,12,17,0.50,5312.000000,0,27,9.0,0.0,0.0,0.0,0.0,0.0,0.0,1.0
210161,0,1,3400,-66,66,229,11,17,0.50,5376.000000,0,27,9.2,0.0,0.0,0,0.0,0.0,0.0,1.0
210410,0,1,3400,-66,66,231,12,17,0.50,3616.000000,0,27,3.4,0.0,25440.000000,25,0.0,0.0,0.0,1.0
210659,0,1,3400,-66,66,228,9.6,17,0.50,12256.000000,0,27,1.5,0.0,0.0,0.0,0.0,0.0,0.0,1.0
210908,0,1,3400,-66,66,228,8.0,17,0.50,0.0,0.0,27,1.6,0.0,0.0,0.0,0.0,0.0,0.0,1.0
211157,0,1,3400,-66,66,228,8.1,17,0.50,5312.000000,0,27,1.6,186,0.0,0.0,0.0,0.0,0.0,1.0
211406,0,1,3400,-66,66,227,12,17,0.50,5312.000000,0,27,8.7,0.0,28640.000000,25,0.0,0.0,0.0,1.0
211655,0,1,3400,-67,67,229,11,17,0.50,10624.000000,0,27,10.0,0.0,0.0,0.0,0.0,0.0,0.0,1.0
211904,0,1,3400,-67,67,230,11,17,0.50,5312.000000,0,27,10,0.0,0.0,0.0,0.0,0.0,0.0,1.0
212153,0,1,3400,-67,67,229,11,17,0.50,21408.000000,0,27,9.4,0.0,24000.000000,20,0.0,0.0,0.0,1.0
212402,0,1,3400,-67,67,226,13,16,0.52,37184.000000,0,27,9.0,0.0,0.0,0.0,0.0,0.0,0.0,1.0
212651,0,1,3400,-67,67,227,12,16,0.50,16064.000000,0,27,9.0,0.0,0.0,0.0,0.0,0.0,0.0,1.0
212900,0,1,3400,-67,67,224,13,16,0.50,10624.000000,0,27,9.0,0.0,0.0,0.0,0.0,0.0,0.0,1.0
213149,0,1,3400,-67,67,227,13,16,0.50,5376.000000,0,27,5.6,0.0,30560.000000,17,0.0,0.0,0.0,1.0
213398,0,1,3400,-67,67,227,12,16,0.50,16320.000000,0,27,1.7,0.0,0.0,0.0,0.0,0.0,0.0,1.0
213647,0,1,3400,-68,68,228,12,16,0.50,21120.000000,0,27,1.5,0.0,0.0,0.0,0.0,0.0,0.0,1.0
213896,0,1,3400,-68,68,231,11,16,0.50,21312.000000,0,27,1.5,0.0,0.0,0.0,0.0,0.0,0.0,1.0
214145,0,1,3400,-68,68,227,7.2,16,0.50,16416.000000,0,27,9.1,0.0,37728.000000,14,0.0,0.0,0.0,1.0
214394,0,1,3400,-68,68,227,9.6,15,0.70,5408.000000,0,27,11,0.0,0.0,0.0,0.0,0.0,0.0,1.0
214643,0,1,3400,-68,68,224,7.7,15,0.58,23520.000000,0,27,11,0.0,0.0,0.0,0.0,0.0,0.0,1.0
214892,0,1,3400,-68,68,228,11,15,0.64,5152.000000,0,27,11,0.0,0.0,0.0,0.0,0.0,0.0,1.0
215141,0,1,3400,-68,68,224,11,15,0.54,10496.000000,0,27,5.6,0.0,16128.000000,24,0.0,0.0,0.0,1.0
215390,0,1,3400,-68,68,227,11,15,0.50,5440.000000,0,27,0.048,0.0,0.0,0.0,0.0,0.0,0.0,1.0
215639,0,1,3400,-68,68,227,12,15,0.50,0.0,0.0,27,0.0,0.0,0.0,0.0,0.0,0.0,0.0,1.0
215888,0,1,3400,-68,68,231,16,15,0.88,26176.000000,0,27,0.0,0.0,0.0,0.0,0.0,0.0,0.0,1.0
216137,0,1,3400,-68,68,232,17,15,0.93,7968.000000,0,27,0.12,146,0.0,0,0.0,0.0,0.0,1.0
216386,0,1,3400,-68,68,233,11,15,0.50,8160.000000,0,27,13,0.0,45184.000000,11,0.0,0.0,0.0,1.0
216635,0,1,3400,-69,69,229,10,15,0.50,21376.000000,0,27,14,0.0,0.0,0.0,0.0,0.0,0.0,1.0
216884,0,1,3400,-69,69,228,11,15,0.50,5440.000000,0,27,14,0.0,0.0,0.0,0.0,0.0,0.0,1.0
217133,0,1,3400,-69,69,230,11,15,0.50,5440.000000,0,27,14,0.0,0.0,0,0.0,0.0,0.0,1.0
217382,0,1,3400,-69,69,228,11,14,0.50,0.0,0.0,27,9.6,0.0,23712.000000,0,0.0,0.0,0.0,1.0
217631,0,1,3400,-69,69,228,6.7,14,0.50,27104.000000,0,27,9.5,0.0,0.0,0.0,0.0,0.0,0.0,1.0
217880,0,1,3400,-69,69,230,10,15,0.50,5440.000000,0,27,9.5,0.0,0.0,0.0,0.0,0.0,0.0,1.0
218129,0,1,3400,-69,69,229,11,15,0.50,5440.000000,0,27,10,0.0,23488.000000,0,0.0,0.0,0.0,1.0
218378,0,1,3400,-68,68,228,12,15,0.60,10592.000000,0,27,12,0.0,0.0,0.0,0.0,0.0,0.0,1.0
218627,0,1,3400,-69,69,228,12,15,0.72,10688.000000,0,27,12,0.0,0.0,0.0,0.0,0.0,0.0,1.0
218876,0,1,3400,-69,69,233,9.5,15,0.50,0.0,0.0,27,12,0.0,0.0,0.0,0.0,0.0,0.0,1.0
219125,0,1,3400,-69,69,228,9.6,15,0.50,15936.000000,0,27,12,0.0,19968.000000,0,0.0,0.0,0.0,1.0
219374,0,1,3400,-69,69,227,9.7,14,0.50,16128.000000,0,27,12,0.0,0.0,0.0,0.0,0.0,0.0,1.0
219623,0,1,3400,-69,69,227,12,15,0.70,21280.000000,0,27,12,0.0,0.0,0.0,0.0,0.0,0.0,1.0
219872,0,1,3400,-69,69,230,11,15,0.55,37504.000000,0,27,12,0.0,0.0,0.0,0.0,0.0,0.0,1.0
220121,0,1,3400,-69,69,233,12,15,0.81,5440.000000,33,27,12,0.0,0.0,80,0.0,0.0,0.0,1.0
220370,0,1,3400,-68,68,229,13,15,1.3,21184.000000,0,27,12,0.0,0.0,0.0,0.0,0.0,0.0,1.0
220619,0,1,3400,-69,69,228,10,15,0.50,5248.000000,0,27,11,0.0,0.0,0.0,0.0,0.0,0.0,1.0
220868,0,1,3400,-69,69,224,10,15,0.50,5248.000000,0,27,11,0.0,0.0,0.0,0.0,0.0,0.0,1.0
221117,0,1,3400,-69,69,227,14,15,0.85,10304.000000,0,27,10,0.0,11776.000000,0,0.0,0.0,0.0,1.0
221366,0,1,3400,-69,69,227,16,14,1.0,10560.000000,0,27,8.5,0.0,0.0,0.0,0.0,0.0,0.0,1.0
221615,0,1,3400,-69,69,229,11,14,0.50,10496.000000,0,27,8.5,0.0,0.0,0.0,0.0,0.0,0.0,1.0
221864,0,1,3400,-69,69,229,11,15,0.50,10880.000000,0,27,8.5,0.0,0.0,0.0,0.0,0.0,0.0,1.0
222113,0,1,3400,-69,69,231,8.6,15,0.50,31648.000000,0,27,11,0.0,61568.000000,6,0.0,0.0,0.0,1.0
222362,0,1,3400,-68,68,228,8.7,15,0.50,19648.000000,0,27,13,0.0,0.0,0.0,0.0,0.0,0.0,1.0
222611,0,1,3400,-68,68,225,7.3,15,0.50,15456.000000,0,27,13,0.0,0.0,0.0,0.0,0.0,0.0,1.0
222860,0,1,3400,-68,68,227,11,15,0.50,5248.000000,0,27,13,0.0,0.0,0.0,0.0,0.0,0.0,1.0
223109,0,1,3400,-68,68,230,11,15,0.50,16320.000000,0,27,4.0,0.0,10944.000000,0,0.0,0.0,0.0,1.0
223358,0,1,3400,-68,68,230,9.7,15,0.50,10496.000000,0,27,1.5,0.0,0.0,0.0,0.0,0.0,0.0,1.0
223607,0,1,3400,-69,69,228,10.0,15,0.50,10496.000000,0,27,1.5,0.0,0.0,0.0,0.0,0.0,0.0,1.0
223856,0,1,3400,-69,69,227,10.0,15,0.50,5248.000000,0,27,1.6,0.0,0.0,0.0,0.0,0.0,0.0,1.0
224105,0,1,3400,-69,69,229,11,15,0.50,16128.000000,0,27,9.3,0.0,23488.000000,20,0.0,0.0,0.0,1.0
224354,0,1,3400,-69,69,234,9.6,14,0.50,16064.000000,0,27,14,0.0,0.0,0.0,0.0,0.0,0.0,1.0
224603,0,1,3400,-69,69,229,9.9,14,0.50,5440.000000,0,27,13,0.0,0.0,0.0,0.0,0.0,0.0,1.0
224852,0,1,3400,-69,69,225,11,14,0.50,5440.000000,0,27,13,0.0,0.0,0.0,0.0,0.0,0.0,1.0
225101,0,1,3400,-69,69,230,10,14,0.50,5728.000000,0,27,14,0.0,0.0,0,0.0,0.0,0.0,1.0
225350,0,1,3400,-69,69,233,10,14,0.50,21440.000000,0,27,1.7,0.0,28480.000000,15,0.0,0.0,0.0,1.0
225599,0,1,3400,-69,69,229,9.7,14,0.50,10752.000000,0,27,0.048,0.0,0.0,0.0,0.0,0.0,0.0,1.0
225848,0,1,3400,-70,70,226,9.6,14,0.50,10624.000000,0,27,0.0,0.0,0.0,0.0,0.0,0.0,0.0,1.0
226097,0,1,3400,-70,70,230,7.6,14,0.50,22208.000000,0,27,4.7,0.0,22464.000000,0,0.0,0.0,0.0,1.0
226346,0,1,3400,-70,70,232,6.6,14,0.50,5600.000000,0,27,7.0,0.0,0.0,0.0,0.0,0.0,0.0,1.0
226595,0,1,3400,-70,70,232,6.9,14,0.50,5504.000000,0,27,7.0,0.0,0.0,0.0,0.0,0.0,0.0,1.0
226844,0,1,3400,-70,70,229,7.5,14,0.50,0.0,0.0,27,7.0,0.0,0.0,0.0,0.0,0.0,0.0,1.0
227093,0,1,3400,-70,70,227,7.8,14,0.50,5248.000000,0,27,7.0,0.0,0.0,0,0.0,0.0,0.0,1.0
227342,0,1,3400,-69,69,228,7.4,14,0.50,21760.000000,0,27,4.1,0.0,22112.000000,0,0.0,0.0,0.0,1.0
227591,0,1,3400,-69,69,229,9.5,14,0.50,12640.000000,0,27,4.0,0.0,0.0,0.0,0.0,0.0,0.0,1.0
227840,0,1,3400,-70,70,229,8.6,14,0.50,14112.000000,0,27,4.0,0.0,0.0,0.0,0.0,0.0,0.0,1.0
228089,0,1,3400,-70,70,229,8.5,14,0.50,0.0,0.0,27,4.0,0.0,0.0,0.0,0.0,0.0,0.0,1.0
228338,0,1,3400,-70,70,232,6.8,13,0.50,16704.000000,0,27,8.8,0.0,40544.000000,0,0.0,0.0,0.0,1.0
228587,0,1,3400,-70,70,227,6.5,14,0.50,0.0,0.0,27,12,0.0,0.0,0.0,0.0,0.0,0.0,1.0
228836,0,1,3400,-70,70,227,7.6,13,0.50,16416.000000,0,27,12,0.0,0.0,0.0,0.0,0.0,0.0,1.0
229085,0,1,3400,-70,70,228,7.1,14,0.50,5504.000000,0,27,12,0.0,0.0,0,0.0,0.0,0.0,1.0
229334,0,1,3400,-70,70,234,7.3,13,0.50,10784.000000,0,27,0.25,0.0,16288.000000,0,0.0,0.0,0.0,1.0
229583,0,1,3400,-70,70,236,7.9,13,0.50,21760.000000,0,27,0.18,0.0,0.0,0.0,0.0,0.0,0.0,1.0
229832,0,1,3400,-70,70,233,7.1,13,0.50,11104.000000,0,27,0.060,0.0,0.0,0.0,0.0,0.0,0.0,1.0
230081,0,1,3400,-70,70,232,7.5,13,0.50,10912.000000,0,27,5.4,0.0,60320.000000,11,0.0,0.0,0.0,1.0
230330,0,1,3400,-70,70,229,7.4,13,0.50,21824.000000,0,27,12,0.0,0.0,0.0,0.0,0.0,0.0,1.0
230579,0,1,3400,-70,70,227,7.3,13,0.50,43616.000000,0,27,12,0.0,0.0,0.0,0.0,0.0,0.0,1.0
230828,0,1,3400,-70,70,224,8.1,13,0.50,10880.000000,0,27,12,0.0,0.0,0.0,0.0,0.0,0.0,1.0
231077,0,1,3400,-70,70,227,9.0,13,0.50,0.0,0.0,27,12,0.0,0.0,0.0,0.0,0.0,0.0,1.0
231326,0,1,3400,-70,70,229,7.8,13,0.50,16608.000000,0,27,9.9,0.0,6624.000000,17,0.0,0.0,0.0,1.0
231575,0,1,3400,-70,70,227,7.0,13,0.50,5600.000000,0,27,5.6,0.0,0.0,0.0,0.0,0.0,0.0,1.0
231824,0,1,3400,-70,70,229,7.4,13,0.50,21568.000000,0,27,5.6,0.0,0.0,0.0,0.0,0.0,0.0,1.0
232073,0,1,3400,-70,70,231,7.5,14,0.50,10912.000000,0,27,5.5,0.0,18880.000000,0,0.0,0.0,0.0,1.0
232322,0,1,3400,-70,70,231,8.6,13,0.50,21504.000000,0,27,5.5,0.0,0.0,0.0,0.0,0.0,0.0,1.0
232571,0,1,3400,-70,70,231,8.1,13,0.50,5408.000000,0,27,5.5,0.0,0.0,0.0,0.0,0.0,0.0,1.0
232820,0,1,3400,-70,70,232,5.6,13,0.50,10976.000000,0,27,5.6,0.0,0.0,0.0,0.0,0.0,0.0,1.0
233069,0,1,3400,-70,70,230,6.9,13,0.50,21888.000000,0,27,7.7,0.0,18368.000000,20,0.0,0.0,0.0,1.0
233318,0,1,3400,-70,70,224,6.9,13,0.50,16512.000000,0,27,12,0.0,0.0,0.0,0.0,0.0,0.0,1.0
233567,0,1,3400,-70,70,226,6.5,14,0.50,11200.000000,0,27,12,0.0,0.0,0.0,0.0,0.0,0.0,1.0
233816,0,1,3400,-70,70,226,7.9,13,0.50,5504.000000,0,27,12,0.0,0.0,0.0,0.0,0.0,0.0,1.0
234065,0,1,3400,-70,70,228,7.2,13,0.50,5600.000000,0,27,8.3,0.0,28960.000000,18,0.0,0.0,0.0,1.0
234314,0,1,3400,-70,70,230,7.6,13,0.50,16608.000000,0,27,0.12,0.0,0.0,0.0,0.0,0.0,0.0,1.0
234563,0,1,3400,-70,70,231,6.5,13,0.50,5600.000000,0,27,0.18,0.0,0.0,0.0,0.0,0.0,0.0,1.0
234812,0,1,3400,-70,70,228,8.3,13,0.50,5504.000000,0,27,0.12,0.0,0.0,0.0,0.0,0.0,0.0,1.0
235061,0,1,3400,-70,70,229,8.5,13,0.50,0.0,0.0,27,0.0,0.0,0.0,0.0,0.0,0.0,0.0,1.0
235310,0,1,3400,-70,70,229,8.5,13,0.50,11008.000000,0,27,4.3,0.0,23488.000000,0,0.0,0.0,0.0,1.0
235559,0,1,3400,-70,70,228,8.5,13,0.50,11008.000000,0,27,6.0,0.0,0.0,0.0,0.0,0.0,0.0,1.0
235808,0,1,3400,-70,70,229,7.0,13,0.50,5600.000000,0,27,6.0,0.0,0.0,0.0,0.0,0.0,0.0,1.0
236057,0,1,3400,-70,70,231,7.2,13,0.50,21728.000000,0,27,12,0.0,23488.000000,0,0.0,0.0,0.0,1.0
236306,0,1,3400,-70,70,233,11,13,0.75,10656.000000,0,27,14,0.0,0.0,0.0,0.0,0.0,0.0,1.0
236555,0,1,3400,-70,70,230,11,13,0.81,5408.000000,0,27,14,0.0,0.0,0.0,0.0,0.0,0.0,1.0
236804,0,1,3400,-70,70,230,8.4,13,0.50,11264.000000,0,27,14,0.0,0.0,0.0,0.0,0.0,0.0,1.0
237053,0,1,3400,-70,70,231,8.5,14,0.50,0.0,0.0,27,14,0.0,0.0,0.0,0.0,0.0,0.0,1.0
237302,0,1,3400,-70,70,233,8.0,13,0.50,11520.000000,0,27,13,0.0,16064.000000,0,0.0,0.0,0.0,1.0
237551,0,1,3400,-70,70,232,9.2,13,0.50,11456.000000,0,27,12,0.0,0.0,0.0,0.0,0.0,0.0,1.0
237800,0,1,3400,-70,70,231,8.5,14,0.50,5632.000000,0,27,12,0.0,0.0,0.0,0.0,0.0,0.0,1.0
238049,0,1,3400,-70,70,230,8.0,13,0.50,11456.000000,0,27,12,0.0,24000.000000,20,0.0,0.0,0.0,1.0
238298,0,1,3400,-70,70,229,7.2,14,0.50,17472.000000,0,27,12,0.0,0.0,0.0,0.0,0.0,0.0,1.0
238547,0,1,3400,-70,70,226,6.8,14,0.50,5760.000000,0,27,12,0.0,0.0,0.0,0.0,0.0,0.0,1.0
238796,0,1,3400,-70,70,227,8.5,14,0.50,28512.000000,0,27,13,0.0,0.0,0.0,0.0,0.0,0.0,1.0
239045,0,1,3400,-70,70,228,8.8,14,0.50,16640.000000,0,27,12,0.0,0.0,0,0.0,0.0,0.0,1.0
239295,0,1,3400,-69,69,229,10,14,0.50,11040.000000,0,27,13,0.0,21952.000000,0,0.0,0.0,0.0,1.0
239544,0,1,3400,-69,69,228,10.0,14,0.50,11360.000000,0,27,13,0.0,0.0,0.0,0.0,0.0,0.0,1.0
239793,0,1,3400,-69,69,228,9.0,15,0.50,11040.000000,0,27,13,0.0,0.0,0.0,0.0,0.0,0.0,1.0
240042,0,1,3400,-69,69,230,8.6,15,0.50,16704.000000,0,27,13,0.0,22464.000000,0,0.0,0.0,0.0,1.0
240291,0,1,3400,-68,68,231,11,15,0.50,5632.000000,0,27,14,0.0,0.0,0.0,0.0,0.0,0.0,1.0
240540,0,1,3400,-68,68,231,7.4,15,0.33,0.0,0.0,27,9.1,0.0,0.0,0.0,0.0,0.0,0.0,0.0
240789,0,1,3400,-68,68,230,0.096,15,0.10,1024.000000,0,0.0,0.0,15,224,0,0.0,0.0,0.0,1.0
241038,0,1,3400,-68,68,228,6.9,15,0.50,51712.000000,0,27,6.9,0.0,45024.000000,5,0.0,0.0,0.0,1.0
241287,0,1,3400,-68,68,231,8.5,15,0.50,5664.000000,0,27,14,0.0,0.0,0.0,0.0,0.0,0.0,1.0
241536,0,1,3400,-68,68,230,9.7,15,0.50,16800.000000,0,27,14,0.0,0.0,0.0,0.0,0.0,0.0,1.0
241785,0,1,3400,-68,68,229,9.0,15,0.50,11040.000000,0,27,14,0.0,0.0,0.0,0.0,0.0,0.0,1.0
242034,0,1,3400,-68,68,232,9.8,15,0.50,16608.000000,0,27,14,0.0,39008.000000,14,0.0,0.0,0.0,1.0
242283,0,1,3400,-68,68,229,10,15,0.50,11200.000000,0,27,13,0.0,0.0,0.0,0.0,0.0,0.0,1.0
242532,0,1,3400,-68,68,229,9.1,15,0.50,27584.000000,0,27,13,0.0,7200.000000,0,0.0,0.0,0.0,1.0
242781,0,1,3400,-68,68,232,10,15,0.50,5536.000000,0,27,13,0.0,0.0,0.0,0.0,0.0,0.0,1.0
243030,0,1,3400,-68,68,227,8.2,15,0.50,17056.000000,0,27,9.2,0.0,39200.000000,12,0.0,1.0,3.0,1.0
243279,0,1,3400,-68,68,230,10,15,0.50,5536.000000,0,27,1.0,0.0,0.0,0.0,0.0,0.0,0.0,1.0
243528,0,1,3400,-68,68,231,9.8,15,0.50,5696.000000,0,27,1.00,0.0,0.0,0.0,0.0,0.0,0.0,1.0
243777,0,1,3400,-68,68,229,11,16,0.50,21952.000000,0,27,1.0,0.0,0.0,0.0,0.0,0.0,0.0,1.0
244026,0,1,3400,-68,68,230,10,16,0.50,11040.000000,0,27,8.7,0.0,32608.000000,0,0.0,0.0,0.0,1.0
244275,0,1,3400,-67,67,226,11,16,0.50,16288.000000,0,27,13,0.0,0.0,0.0,0.0,0.0,0.0,1.0
244524,0,1,3400,-67,67,231,11,16,0.50,11008.000000,0,27,13,0.0,17056.000000,0,0.0,0.0,0.0,1.0
244773,0,1,3400,-67,67,232,12,16,0.50,21760.000000,0,27,13,0.0,0.0,0.0,0.0,0.0,0.0,1.0
245022,0,1,3400,-67,67,228,10,16,0.50,0.0,0.0,27,9.3,0.0,8256.000000,0,0.0,0.0,0.0,1.0
245271,0,1,3400,-67,67,229,9.8,16,0.50,17504.000000,0,27,12,0.0,31072.000000,0,0.0,0.0,0.0,1.0
245520,0,1,3400,-67,67,230,11,16,0.50,10912.000000,0,27,13,0.0,0.0,0.0,0.0,0.0,0.0,1.0
245769,0,1,3400,-67,67,229,13,16,0.50,5408.000000,0,27,14,0.0,17056.000000,0,0.0,0.0,0.0,1.0
246018,0,1,3400,-67,67,230,12,16,0.50,16192.000000,0,27,14,0.0,45952.000000,20,0.0,0.0,0.0,1.0
246267,0,1,3400,-67,67,232,13,16,0.50,10816.000000,0,27,13,0.0,0.0,50,0.0,0.0,0.0,1.0
246516,0,1,3400,-67,67,231,13,16,0.50,21696.000000,0,27,13,0.0,9120.000000,0,0.0,0.0,0.0,1.0
246765,0,1,3400,-67,67,230,8.6,16,0.50,5664.000000,0,27,13,0.0,15520.000000,33,0.0,0.0,0.0,1.0
247014,0,1,3400,-67,67,228,12,16,0.50,5408.000000,0,27,10,0.0,50368.000000,11,0.0,0.0,0.0,1.0
247263,0,1,3400,-67,67,228,12,16,0.50,5429.718750,0,27,8.0,0.0,0.0,0.0,0.0,0.0,0.0,1.0
247512,0,1,3400,-67,67,231,11,16,0.54,16350.597656,0,27,7.4,0.0,15458.166992,0,0.0,0.0,0.0,1.0
247761,0,1,3400,-67,67,230,9.4,16,0.52,11744.000000,0,27,7.0,0.0,0.0,0.0,0.0,0.0,0.0,1.0
248010,0,1,3400,-67,67,229,14,16,1.5,4416.000000,33,27,7.9,0.0,10912.000000,0,0.0,0.0,0.0,1.0
248259,0,1,3400,-67,67,230,11,16,0.50,22944.000000,0,27,13,0.0,23488.000000,0,0.0,0.0,0.0,1.0
248508,0,1,3400,-67,67,228,12,16,0.50,21856.000000,0,27,13,0.0,0.0,0.0,0.0,0.0,0.0,1.0
248757,0,1,3400,-67,67,229,11,16,0.50,16512.000000,0,27,13,0.0,0.0,0.0,0.0,0.0,0.0,1.0
249006,0,1,3400,-67,67,234,7.4,16,0.50,28896.000000,0,27,13,0.0,45696.000000,0,0.0,0.0,0.0,1.0
249255,0,1,3400,-67,67,230,11,16,0.50,10816.000000,0,27,14,0.0,0.0,0.0,0.0,0.0,0.0,1.0
249504,0,1,3400,-68,68,231,11,16,0.50,21888.000000,0,27,14,0.0,0.0,0.0,0.0,0.0,0.0,1.0
249753,0,1,3400,-68,68,227,13,16,0.50,5408.000000,0,27,14,0.0,0.0,0.0,0.0,0.0,0.0,1.0
250002,0,1,3400,-68,68,228,10,15,0.50,13056.000000,0,27,12,0.0,23744.000000,0,0.0,0.0,0.0,1.0
250251,0,1,3400,-68,68,231,12,15,0.50,19904.000000,0,27,10.0,0.0,0.0,0.0,0.0,0.0,0.0,1.0
250500,0,1,3400,-68,68,233,11,15,0.50,11136.000000,0,27,9.9,0.0,0.0,0.0,0.0,0.0,0.0,1.0
250749,0,1,3400,-68,68,227,7.0,15,0.50,6208.000000,0,27,10.0,0.0,0.0,0.0,0.0,0.0,0.0,1.0
250998,0,1,3400,-68,68,228,10,16,0.50,16448.000000,0,27,10,0.0,34400.000000,14,0.0,0.0,0.0,1.0
251247,0,1,3400,-67,67,233,9.9,16,0.50,16640.000000,0,27,11,0.0,0.0,0.0,0.0,0.0,0.0,1.0
251496,0,1,3400,-67,67,230,11,16,0.50,27264.000000,0,27,11,0.0,15520.000000,0,0.0,0.0,0.0,1.0
251745,0,1,3400,-67,67,230,11,16,0.50,22240.000000,0,27,11,0.0,0.0,0.0,0.0,0.0,0.0,1.0
251994,0,1,3400,-67,67,231,12,16,0.50,21856.000000,0,27,11,0.0,28000.000000,14,0.0,0.0,0.0,1.0
252243,0,1,3400,-67,67,231,12,16,0.50,21664.000000,0,27,11,0.0,0.0,0.0,0.0,0.0,0.0,1.0
252492,0,1,3400,-67,67,229,9.4,16,0.50,5760.000000,0,27,11,0.0,11936.000000,0,0.0,0.0,0.0,1.0
252741,0,1,3400,-67,67,234,12,16,0.50,16224.000000,0,27,12,0.0,15520.000000,0,0.0,0.0,0.0,1.0
252990,0,1,3400,-67,67,232,13,16,0.50,0.0,0.0,27,13,0.0,0.0,0.0,0.0,0.0,0.0,1.0
253239,0,1,3400,-67,67,231,13,16,0.50,5408.000000,0,27,13,0.0,46592.000000,20,0.0,0.0,0.0,1.0
253488,0,1,3400,-68,68,234,13,16,0.50,0.0,0.0,27,13,0.0,0.0,0.0,0.0,0.0,0.0,1.0
253737,0,1,3400,-68,68,228,13,16,0.50,5558.232910,0,27,9.7,0.0,2538.152588,0,0.0,0.0,0.0,1.0
253986,0,1,3400,-68,68,228,10,16,0.50,11027.888672,0,27,12,0.0,38852.589844,14,0.0,0.0,0.0,1.0
254235,0,1,3400,-68,68,231,10,15,0.50,5536.000000,0,27,13,0.0,0.0,0.0,0.0,0.0,0.0,1.0
254484,0,1,3400,-68,68,234,10,15,0.50,22080.000000,0,27,13,0.0,0.0,0.0,0.0,0.0,0.0,1.0
254733,0,1,3400,-68,68,232,11,15,0.50,5632.000000,0,27,13,0.0,0.0,0.0,0.0,0.0,0.0,1.0
254982,0,1,3400,-68,68,234,12,15,0.50,5536.000000,0,27,13,0.0,0.0,0,0.0,0.0,0.0,1.0
255231,0,1,3400,-68,68,231,11,15,0.50,11296.000000,0,27,7.7,0.0,26080.000000,0,0.0,0.0,0.0,1.0
255480,0,1,3400,-68,68,231,6.5,15,0.50,0.0,0.0,27,6.7,0.0,1568.000000,0,0.0,0.0,0.0,1.0
255729,0,1,3400,-68,68,231,8.4,15,0.50,22304.000000,0,27,6.1,0.0,0.0,0.0,0.0,0.0,0.0,1.0
255978,0,1,3400,-68,68,230,11,15,0.50,5632.000000,0,27,11,0.0,49664.000000,0,0.0,0.0,0.0,1.0
256227,0,1,3400,-68,68,230,11,15,0.50,5536.000000,0,27,14,0.0,0.0,0.0,0.0,0.0,0.0,1.0
256476,0,1,3400,-68,68,230,9.8,15,0.50,22112.000000,0,27,14,0.0,0.0,0.0,0.0,0.0,0.0,1.0
256725,0,1,3400,-68,68,229,10,15,0.50,22304.000000,0,27,14,0.0,0.0,0.0,0.0,0.0,0.0,1.0
256974,0,1,3400,-68,68,229,12,15,0.50,0.0,0.0,27,13,0.0,15520.000000,0,0.0,0.0,0.0,1.0
257223,0,1,3400,-68,68,231,11,15,0.50,13024.000000,0,27,11,0.0,22208.000000,0,0.0,0.0,0.0,1.0
257472,0,1,3400,-68,68,227,9.6,15,0.50,9024.000000,0,27,11,0.0,7200.000000,0,0.0,0.0,0.0,1.0
257721,0,1,3400,-68,68,230,11,16,0.50,22080.000000,0,27,10,0.0,0.0,0.0,0.0,0.0,0.0,1.0
257970,0,1,3400,-68,68,232,9.6,16,0.50,22656.000000,0,27,12,0.0,24256.000000,0,0.0,0.0,0.0,1.0
258219,0,1,3400,-67,67,233,11,16,0.50,21888.000000,0,27,12,0.0,39520.000000,0,0.0,0.0,0.0,1.0
258468,0,1,3400,-68,68,232,10,16,0.50,16576.000000,0,27,12,0.0,0.0,0.0,0.0,0.0,0.0,1.0
258717,0,1,3400,-68,68,230,10,16,0.56,16448.000000,0,27,14,0.0,9120.000000,0,0.0,0.0,0.0,1.0
258966,0,1,3400,-68,68,230,9.7,16,0.50,37632.000000,0,27,14,0.0,35424.000000,14,0.0,0.0,0.0,1.0
259216,0,1,3400,-68,68,230,5.1,15,0.50,7040.000000,0,27,14,0.0,0.0,0.0,0.0,0.0,0.0,1.0
259465,0,1,3400,-69,69,228,8.8,15,0.50,22272.000000,0,27,14,0.0,0.0,0.0,0.0,0.0,0.0,1.0
259714,0,1,3400,-69,69,227,11,15,0.54,16160.000000,0,27,14,0.0,0.0,0.0,0.0,0.0,0.0,1.0
259963,0,1,3400,-69,69,230,9.0,15,0.50,17824.000000,0,27,12,0.0,28000.000000,0,0.0,0.0,0.0,1.0
260212,0,1,3400,-69,69,229,10,14,0.50,5686.747070,0,27,11,0.0,0.0,0.0,0.0,0.0,0.0,1.0
260461,0,1,3400,-69,69,228,8.3,14,0.90,17338.644531,11,27,11,0.0,0.0,0.0,0.0,0.0,0.0,1.0
260710,0,1,3400,-69,69,228,11,14,0.98,22176.000000,0,27,11,0.0,0.0,0.0,0.0,0.0,0.0,1.0
260959,0,1,3400,-69,69,230,9.7,14,0.50,16704.000000,0,27,9.4,0.0,11616.000000,0,0.0,0.0,0.0,1.0
261208,0,1,3400,-69,69,231,9.7,14,0.50,16704.000000,0,27,7.5,0.0,0.0,0.0,0.0,0.0,0.0,1.0
261457,0,1,3400,-69,69,232,8.3,15,0.50,5536.000000,0,27,7.5,0.0,0.0,0.0,0.0,0.0,0.0,1.0
261706,0,1,3400,-69,69,233,12,15,0.50,66016.000000,0,27,7.5,0.0,0.0,0.0,0.0,0.0,0.0,1.0
261955,0,1,3400,-69,69,230,8.8,15,0.50,5536.000000,0,27,9.5,186,17056.000000,33,0.0,0.0,0.0,1.0
262204,0,1,3400,-68,68,231,11,15,0.50,27552.000000,0,27,8.6,0.0,18880.000000,0,0.0,0.0,0.0,1.0
262453,0,1,3400,-69,69,227,13,15,0.50,5536.000000,0,27,9.2,0.0,17056.000000,0,0.0,0.0,0.0,1.0
262702,0,1,3400,-69,69,232,12,15,0.51,4768.000000,25,27,11,0.0,0.0,0.0,0.0,0.0,0.0,1.0
262951,0,1,3400,-69,69,233,11,15,0.67,5472.000000,0,27,6.3,0.0,18432.000000,0,0.0,0.0,0.0,1.0
263200,0,1,3400,-69,69,231,10,14,0.56,11040.000000,0,27,1.6,0.0,0.0,0.0,0.0,0.0,0.0,1.0
263449,0,1,3400,-69,69,232,7.9,14,0.50,16832.000000,0,27,4.5,0.0,11936.000000,33,0.0,0.0,0.0,1.0
263698,0,1,3400,-69,69,230,9.7,15,0.50,5504.000000,0,27,6.5,0.0,0.0,0.0,0.0,0.0,0.0,1.0
263947,0,1,3400,-69,69,231,11,15,0.72,5792.000000,17,27,8.8,0.0,18880.000000,0,0.0,0.0,0.0,1.0
264196,0,1,3400,-68,68,228,10,15,0.63,11072.000000,0,27,11,0.0,0.0,0.0,0.0,0.0,0.0,1.0
264445,0,1,3400,-68,68,232,10,15,0.50,1504.000000,0,27,11,0.0,0.0,0.0,0.0,0.0,0.0,1.0
264694,0,1,3400,-68,68,233,14,15,0.79,10528.000000,9,27,11,0.0,0.0,0.0,0.0,0.0,0.0,1.0
264943,0,1,3400,-68,68,231,6.4,15,0.50,27328.000000,0,27,11,0.0,30688.000000,14,0.0,0.0,0.0,1.0
265192,0,1,3400,-68,68,228,11,15,0.51,16416.000000,0,27,11,0.0,0.0,0.0,0.0,0.0,0.0,1.0
265441,0,1,3400,-68,68,230,10,15,0.50,11040.000000,0,27,11,0.0,0.0,0.0,0.0,0.0,0.0,1.0
265690,0,1,3400,-68,68,232,14,15,2.1,5792.000000,17,27,11,186,0.0,0.0,0.0,0.0,0.0,1.0
265939,0,1,3400,-68,68,235,11,15,0.50,16672.000000,0,27,13,0.0,31072.000000,0,0.0,0.0,0.0,1.0
266188,0,1,3400,-68,68,233,10,15,0.50,16576.000000,0,27,14,0.0,0.0,0.0,0.0,0.0,0.0,1.0
266437,0,1,3400,-68,68,234,11,15,0.60,11008.000000,0,27,14,0.0,17056.000000,0,0.0,0.0,0.0,1.0
266686,0,1,3400,-68,68,233,11,15,0.51,11084.336914,0,27,14,0.0,4273.092285,0,0.0,0.0,0.0,1.0
266935,0,1,3400,-68,68,233,9.5,15,0.50,10581.672852,0,27,6.3,0.0,6374.501953,20,0.0,0.0,0.0,1.0
267184,0,1,3400,-68,68,234,8.0,15,0.50,0.0,0.0,27,2.6,0.0,0.0,0.0,0.0,0.0,0.0,1.0
267433,0,1,3400,-68,68,237,8.0,15,0.50,0.0,0.0,27,2.6,0.0,0.0,0.0,0.0,0.0,0.0,1.0
267682,0,1,3400,-68,68,238,8.4,15,0.50,5344.000000,0,27,2.6,0.0,0.0,0.0,0.0,0.0,0.0,1.0
267931,0,1,3400,-68,68,231,9.8,15,0.54,26688.000000,0,27,3.0,0.0,15776.000000,0,0.0,0.0,0.0,1.0
268180,0,1,3400,-68,68,230,13,15,0.66,16000.000000,0,27,3.0,0.0,0.0,0.0,0.0,0.0,0.0,1.0
268429,0,1,3400,-68,68,232,12,15,0.68,20928.000000,0,27,3.1,0.0,0.0,0.0,0.0,0.0,0.0,1.0
268678,0,1,3400,-68,68,229,15,15,0.62,5344.000000,0,27,3.0,0.0,0.0,0.0,0.0,0.0,0.0,1.0
268927,0,1,3400,-68,68,230,10,15,0.50,10816.000000,0,27,4.4,0.0,17504.000000,0,0.0,0.0,0.0,1.0
269177,0,1,3400,-68,68,233,9.0,15,0.50,0.0,0.0,27,11,0.0,0.0,0.0,0.0,0.0,0.0,1.0
269426,0,1,3400,-68,68,230,7.5,15,0.50,16448.000000,0,27,13,0.0,17056.000000,0,0.0,0.0,0.0,1.0
269675,0,1,3400,-68,68,232,7.1,15,0.50,16480.000000,0,27,14,0.0,11936.000000,50,0.0,0.0,0.0,1.0
269924,0,1,3400,-68,68,232,16,15,2.0,5600.000000,25,27,6.7,0.0,21024.000000,0,0.0,0.0,0.0,1.0
270173,0,1,3400,-68,68,232,12,15,1.2,12224.000000,0,27,0.12,0.0,0.0,0.0,0.0,0.0,0.0,1.0
270422,0,1,3400,-68,68,231,11,15,0.50,10048.000000,0,27,0.060,0.0,0.0,0.0,0.0,0.0,0.0,1.0
270671,0,1,3400,-68,68,228,2.6,16,0.50,6336.000000,0,27,0.12,0.0,0.0,0.0,0.0,0.0,0.0,1.0
270920,0,1,3400,-68,68,231,11,16,0.72,5152.000000,0,27,6.6,0.0,18528.000000,0,0.0,0.0,0.0,1.0
271169,0,1,3400,-67,67,231,12,16,0.73,5344.000000,0,27,8.0,0.0,0.0,0.0,0.0,0.0,0.0,1.0
271418,0,1,3400,-67,67,234,10,16,0.50,16160.000000,0,27,8.0,0.0,0.0,0.0,0.0,0.0,0.0,1.0
271667,0,1,3400,-67,67,229,8.3,16,0.50,5376.000000,0,27,8.1,0.0,0.0,0.0,0.0,0.0,0.0,1.0
271916,0,1,3400,-67,67,233,11,16,0.50,16288.000000,0,27,9.3,0.0,18112.000000,0,0.0,0.0,0.0,1.0
272165,0,1,3400,-67,67,231,9.9,16,0.50,25376.000000,0,27,9.5,0.0,7200.000000,0,0.0,0.0,0.0,1.0
272414,0,1,3400,-68,68,232,11,16,0.50,7104.000000,0,27,9.5,0.0,0.0,0.0,0.0,0.0,0.0,1.0
272663,0,1,3400,-68,68,227,16,16,1.6,3360.000000,50,27,13,0.0,17056.000000,0,0.0,0.0,0.0,1.0
272912,0,1,3400,-68,68,228,16,16,1.7,16096.000000,0,27,12,0.0,30848.000000,11,0.0,0.0,0.0,1.0
273161,0,1,3400,-68,68,229,13,15,0.65,21076.304688,0,27,11,0.0,9413.654297,0,0.0,0.0,0.0,1.0
273410,0,1,3400,-68,68,230,11,15,0.81,16160.000000,0,27,12,0.0,2848.000000,0,0.0,0.0,0.0,1.0
273659,0,1,3400,-68,68,229,12,15,0.97,16191.235352,20,27,15,0.0,9338.645508,0,0.0,0.0,0.0,1.0
273908,0,1,3400,-68,68,230,8.8,15,0.62,31840.000000,0,27,9.6,0.0,62592.000000,0,0.0,0.0,0.0,1.0
274157,0,1,3400,-68,68,234,9.7,15,0.61,10656.000000,0,27,10,0.0,11936.000000,0,0.0,0.0,0.0,1.0
274406,0,1,3400,-68,68,230,7.6,15,0.50,21824.000000,0,27,9.5,0.0,0.0,0.0,0.0,0.0,0.0,1.0
274655,0,1,3400,-68,68,234,8.7,15,0.50,10912.000000,0,27,7.6,0.0,4256.000000,0,0.0,0.0,0.0,1.0
274904,0,1,3400,-68,68,234,8.3,15,0.50,16160.000000,0,27,7.3,0.0,14144.000000,0,0.0,0.0,0.0,1.0
275153,0,1,3400,-68,68,230,7.9,15,0.50,10592.000000,0,27,7.7,0.0,1568.000000,0,0.0,0.0,0.0,1.0
275402,0,1,3400,-68,68,226,11,15,0.50,15968.000000,0,27,5.1,0.0,0.0,0.0,0.0,0.0,0.0,1.0
275651,0,1,3400,-68,68,229,11,16,0.50,32256.000000,0,27,5.1,0.0,0.0,0.0,0.0,0.0,0.0,1.0
275900,0,1,3400,-68,68,233,9.1,16,0.50,10816.000000,0,27,7.4,0.0,23520.000000,0,0.0,0.0,0.0,1.0
276149,0,1,3400,-67,67,232,8.4,16,0.50,10752.000000,0,27,13,0.0,0.0,0.0,0.0,0.0,0.0,1.0
276398,0,1,3400,-67,67,231,8.0,16,0.50,5312.000000,0,27,13,0.0,7200.000000,0,0.0,0.0,0.0,1.0
276647,0,1,3400,-67,67,232,10,16,0.50,5472.000000,0,27,13,0.0,0.0,0.0,0.0,0.0,0.0,1.0
276896,0,1,3400,-67,67,234,11,16,0.50,26368.000000,0,27,5.6,0.0,18464.000000,0,0.0,0.0,0.0,1.0
277145,0,1,3400,-67,67,234,8.7,16,0.50,5312.000000,0,27,3.5,0.0,0.0,0.0,0.0,0.0,0.0,1.0
277394,0,1,3400,-67,67,231,9.5,16,0.50,5344.000000,0,27,5.0,0.0,7200.000000,0,0.0,0.0,0.0,1.0
277643,0,1,3400,-67,67,234,9.8,16,0.50,16352.000000,0,27,5.5,0.0,0.0,0.0,0.0,0.0,0.0,1.0
277892,0,1,3400,-67,67,231,10,16,0.50,21280.000000,0,27,8.5,0.0,0.0,80,0.0,0.0,0.0,1.0
278141,0,1,3400,-67,67,230,10,16,0.50,10720.000000,0,27,9.0,0.0,0.0,0.0,0.0,0.0,0.0,1.0
278390,0,1,3400,-68,68,232,3.0,16,0.50,22080.000000,0,27,9.1,0.0,0.0,0.0,0.0,0.0,0.0,1.0
278639,0,1,3400,-68,68,234,4.0,16,0.51,5632.000000,25,27,9.0,0.0,0.0,0.0,0.0,0.0,0.0,1.0
278888,0,1,3400,-68,68,233,7.1,16,0.50,16032.000000,0,27,7.0,0.0,33408.000000,0,0.0,0.0,0.0,1.0
279137,0,1,3400,-68,68,231,5.4,15,0.59,15935.743164,0,27,7.1,0.0,0.0,0.0,0.0,0.0,0.0,1.0
279386,0,1,3400,-68,68,232,9.4,15,0.76,21376.000000,11,27,7.0,0.0,0.0,0.0,0.0,0.0,0.0,1.0
279635,0,1,3400,-68,68,233,4.5,15,0.50,17184.000000,0,27,7.0,0.0,0.0,0.0,0.0,0.0,0.0,1.0
279884,0,1,3400,-68,68,230,8.4,15,0.50,21504.000000,0,27,2.8,0.0,11008.000000,0,0.0,0.0,0.0,1.0
280133,0,1,3400,-68,68,227,7.9,15,0.50,26517.927734,0,27,1.9,0.0,11888.446289,0,0.0,0.0,0.0,1.0
280382,0,1,3400,-68,68,231,8.5,15,0.84,10688.000000,20,27,7.1,0.0,0.0,0.0,0.0,0.0,0.0,1.0
280631,0,1,3400,-68,68,230,8.3,15,0.50,21376.000000,0,27,7.1,0.0,0.0,0.0,0.0,0.0,0.0,1.0
280880,0,1,3400,-68,68,231,8.8,15,0.50,10720.000000,0,27,8.2,0.0,18880.000000,0,0.0,0.0,0.0,1.0
281129,0,1,3400,-68,68,229,7.1,15,0.50,16032.000000,0,27,11,0.0,0.0,0.0,0.0,0.0,0.0,1.0
281378,0,1,3400,-69,69,231,8.7,15,0.50,5344.000000,0,27,7.3,0.0,2592.000000,0,0.0,0.0,0.0,1.0
281627,0,1,3400,-69,69,231,13,15,0.73,10304.000000,0,27,6.0,0.0,0.0,0.0,0.0,0.0,0.0,1.0
281876,0,1,3400,-69,69,237,9.9,15,0.57,10624.000000,0,27,9.8,0.0,25312.000000,33,0.0,0.0,0.0,1.0
282125,0,1,3400,-69,69,233,8.9,14,0.50,10656.000000,0,27,12,0.0,0.0,0.0,0.0,0.0,0.0,1.0
282374,0,1,3400,-69,69,232,11,14,0.59,10496.000000,0,27,12,0.0,11936.000000,33,0.0,0.0,0.0,1.0
282623,0,1,3400,-69,69,237,12,14,0.75,5408.000000,0,27,12,0.0,0.0,0.0,0.0,0.0,0.0,1.0
282872,0,1,3400,-69,69,235,11,14,0.71,21440.000000,0,27,12,0.0,23008.000000,0,0.0,0.0,0.0,1.0
283121,0,1,3400,-69,69,229,8.9,14,0.50,16128.000000,0,27,12,0.0,0.0,50,0.0,0.0,0.0,1.0
283370,0,1,3400,-69,69,232,11,14,0.50,5440.000000,0,27,13,0.0,9120.000000,50,0.0,0.0,0.0,1.0
283619,0,1,3400,-69,69,236,9.4,15,0.50,16096.000000,0,27,13,0.0,0.0,0.0,0.0,0.0,0.0,1.0
283868,0,1,3400,-69,69,235,6.4,15,0.50,11200.000000,0,27,13,0.0,17856.000000,0,0.0,0.0,0.0,1.0
284118,0,1,3400,-68,68,233,6.6,15,0.51,10592.000000,0,27,13,0.0,15520.000000,0,0.0,0.0,0.0,1.0
284367,0,1,3400,-68,68,232,10,15,0.50,5312.000000,0,27,12,0.0,0.0,0.0,0.0,0.0,0.0,1.0
284616,0,1,3400,-68,68,233,8.9,15,0.50,10784.000000,0,27,12,0.0,0.0,0.0,0.0,0.0,0.0,1.0
284865,0,1,3400,-68,68,233,9.6,15,0.54,15840.000000,0,27,10,0.0,14144.000000,33,0.0,0.0,0.0,1.0
285114,0,1,3400,-68,68,230,10,15,0.50,16096.000000,0,27,10,0.0,0.0,0.0,0.0,0.0,0.0,1.0
285363,0,1,3400,-69,69,230,8.7,15,0.50,5344.000000,0,27,6.3,0.0,1568.000000,0,0.0,0.0,0.0,1.0
285612,0,1,3400,-69,69,231,15,15,0.79,15712.000000,0,27,5.0,0.0,0.0,0.0,0.0,0.0,0.0,1.0
285861,0,1,3400,-69,69,232,14,15,0.79,10698.794922,0,27,6.1,0.0,24192.771484,0,0.0,0.0,0.0,1.0
286110,0,1,3400,-69,69,231,7.0,15,0.50,0.0,0.0,27,6.5,0.0,5664.000000,0,0.0,0.0,0.0,1.0
286359,0,1,3400,-69,69,236,9.2,14,0.51,21664.000000,0,27,6.5,0.0,0.0,0.0,0.0,0.0,0.0,1.0
286608,0,1,3400,-69,69,233,12,14,0.57,16159.362305,0,27,9.9,0.0,16988.046875,0,0.0,0.0,0.0,1.0
286857,0,1,3400,-69,69,232,11,14,0.50,15840.000000,0,27,11,0.0,20576.000000,25,0.0,0.0,0.0,1.0
287106,0,1,3400,-69,69,234,9.0,14,0.50,10784.000000,0,27,11,0.0,0.0,0.0,0.0,0.0,0.0,1.0
287355,0,1,3400,-69,69,234,7.3,14,0.50,10848.000000,0,27,11,0.0,11936.000000,0,0.0,0.0,0.0,1.0
287604,0,1,3400,-70,70,234,5.8,14,0.52,10624.000000,0,27,11,0.0,5664.000000,0,0.0,0.0,0.0,1.0
287853,0,1,3400,-70,70,236,8.2,14,0.73,21600.000000,0,27,12,0.0,81280.000000,8,0.0,0.0,0.0,1.0
288102,0,1,3400,-70,70,233,6.6,13,0.50,5312.000000,0,27,16,0.0,0.0,0.0,0.0,0.0,0.0,1.0
288351,0,1,3400,-70,70,233,7.5,13,0.50,13792.000000,0,27,16,0.0,0.0,0.0,0.0,0.0,0.0,1.0
288600,0,1,3400,-70,70,232,7.0,13,0.50,18080.000000,0,27,14,0.0,5664.000000,0,0.0,0.0,0.0,1.0
288849,0,1,3400,-70,70,232,9.0,13,0.50,10656.000000,0,27,8.7,0.0,32672.000000,0,0.0,0.0,0.0,1.0
289098,0,1,3400,-70,70,231,9.6,13,0.50,5376.000000,0,27,4.7,0.0,0.0,0.0,0.0,0.0,0.0,1.0
289347,0,1,3400,-70,70,231,9.2,13,0.50,16128.000000,0,27,8.3,0.0,7200.000000,0,0.0,0.0,0.0,1.0
289596,0,1,3400,-70,70,229,10.0,13,0.50,5312.000000,0,27,9.9,0.0,11936.000000,0,0.0,0.0,0.0,1.0
289845,0,1,3400,-70,70,227,11,13,0.50,5248.000000,0,27,12,0.0,17760.000000,0,0.0,0.0,0.0,1.0
290094,0,1,3400,-70,70,231,11,14,0.50,5408.000000,0,27,12,0.0,0.0,0.0,0.0,0.0,0.0,1.0
290343,0,1,3400,-70,70,236,13,13,1.4,15904.000000,17,27,15,0.0,15520.000000,33,0.0,0.0,0.0,1.0
290592,0,1,3400,-71,71,236,6.8,13,0.50,10816.000000,0,27,14,0.0,7200.000000,0,0.0,0.0,0.0,1.0
290841,0,1,3400,-71,71,234,6.1,13,0.50,5376.000000,0,27,13,0.0,0.0,0,0.0,0.0,0.0,1.0
291090,0,1,3400,-71,71,231,7.7,13,0.50,21952.000000,0,27,8.2,0.0,22112.000000,0,0.0,0.0,0.0,1.0
291339,0,1,3400,-71,71,232,7.6,13,0.50,11040.000000,0,27,8.0,0.0,0.0,0.0,0.0,0.0,0.0,1.0
291588,0,1,3400,-71,71,230,7.9,12,0.50,5376.000000,0,27,8.0,0.0,0.0,0.0,0.0,0.0,0.0,1.0
291837,0,1,3400,-71,71,232,9.7,12,0.50,16192.771484,0,27,9.9,0.0,0.0,80,0.0,0.0,0.0,1.0
292086,0,1,3400,-71,71,231,7.5,13,0.50,27040.000000,0,27,11,0.0,0.0,0.0,0.0,0.0,0.0,1.0
292335,0,1,3400,-71,71,228,6.9,12,0.51,5408.000000,0,27,9.6,0.0,1568.000000,0,0.0,0.0,0.0,1.0
292584,0,1,3400,-72,72,234,7.2,12,0.52,21728.000000,0,27,7.5,0.0,0.0,0.0,0.0,0.0,0.0,1.0
292833,0,1,3400,-72,72,234,8.1,12,0.58,16192.000000,0,27,8.3,0.0,19136.000000,20,0.0,0.0,0.0,1.0
293082,0,1,3400,-72,72,234,5.1,12,0.50,10836.653320,0,27,9.5,0.0,0.0,0.0,0.0,0.0,0.0,1.0
293331,0,1,3400,-72,72,229,5.4,11,0.50,10880.000000,0,27,11,0.0,17056.000000,0,0.0,0.0,0.0,1.0
293580,0,1,3400,-72,72,230,4.6,12,0.50,11136.000000,0,27,11,0.0,0.0,0.0,0.0,0.0,0.0,1.0
293829,0,1,3400,-72,72,233,5.5,12,0.50,5600.000000,0,27,11,0.0,17056.000000,25,0.0,0.0,0.0,1.0
294078,0,1,3400,-72,72,227,4.8,12,0.50,32640.000000,0,27,13,0.0,16320.000000,0,0.0,0.0,0.0,1.0
294327,0,1,3400,-72,72,234,5.4,11,0.50,27296.000000,0,27,12,0.0,0.0,0.0,0.0,0.0,0.0,1.0
294576,0,1,3400,-73,73,235,5.5,11,0.50,5536.000000,0,27,12,0.0,0.0,0.0,0.0,0.0,0.0,1.0
294825,0,1,3400,-73,73,230,4.4,11,0.50,16320.000000,0,27,15,0.0,100576.000000,27,0.0,0.0,0.0,1.0
295074,0,1,3400,-73,73,228,4.5,11,0.50,0.0,0.0,27,16,0.0,0.0,0.0,0.0,0.0,0.0,1.0
295323,0,1,3400,-73,73,232,9.3,11,1.7,2400.000000,50,27,16,0.0,0.0,0.0,0.0,0.0,0.0,1.0
295572,0,1,3400,-73,73,232,8.3,11,0.78,24544.000000,0,27,16,0.0,0.0,0.0,0.0,0.0,0.0,1.0
295821,0,1,3400,-73,73,234,5.7,11,0.50,16416.000000,0,27,12,0.0,37792.000000,0,0.0,0.0,0.0,1.0
296070,0,1,3400,-73,73,234,11,11,1.9,5376.000000,25,27,8.5,0.0,0.0,0.0,0.0,0.0,0.0,1.0
296319,0,1,3400,-73,73,231,9.1,11,1.7,5984.000000,12,27,8.5,0.0,0.0,0.0,0.0,0.0,0.0,1.0
296568,0,1,3400,-73,73,232,6.2,11,0.64,16416.000000,0,27,8.5,0.0,0.0,0.0,0.0,0.0,0.0,1.0
296817,0,1,3400,-73,73,227,5.1,11,0.50,10944.000000,0,27,11,0.0,29280.000000,14,0.0,0.0,0.0,1.0
297066,0,1,3400,-73,73,232,7.7,11,0.61,48256.000000,0,27,12,0.0,0.0,0.0,0.0,0.0,0.0,1.0
297315,0,1,3400,-73,73,235,3.2,12,0.50,11360.000000,0,27,12,0.0,11936.000000,0,0.0,0.0,0.0,1.0
297564,0,1,3400,-74,74,238,0.46,13,0.50,6432.000000,0,27,12,0.0,0.0,0.0,0.0,0.0,0.0,1.0
297813,0,1,3400,-74,74,235,5.3,12,0.50,10848.000000,0,27,11,0.0,15808.000000,0,0.0,0.0,0.0,1.0
298062,0,1,3400,-74,74,230,6.1,12,0.61,16352.000000,9,27,10,0.0,0.0,0.0,0.0,0.0,0.0,1.0
298311,0,1,3400,-74,74,232,5.2,12,0.50,24578.312500,0,27,11,0.0,0.0,0.0,0.0,0.0,0.0,1.0
298560,0,1,3400,-74,74,233,7.3,12,0.50,12736.000000,0,27,11,0.0,0.0,0.0,0.0,0.0,0.0,1.0
298809,0,1,3400,-74,74,233,4.5,12,0.50,0.0,0.0,27,12,0.0,10912.000000,0,0.0,0.0,0.0,1.0
299058,0,1,3400,-74,74,233,4.5,12,0.50,0.0,0.0,27,13,0.0,0.0,0.0,0.0,0.0,0.0,1.0
299307,0,1,3400,-74,74,235,6.4,12,0.89,10880.000000,12,27,15,0.0,40544.000000,0,0.0,0.0,0.0,1.0
299556,0,1,3400,-74,74,234,6.3,12,0.75,26964.142578,0,27,15,0.0,0.0,0.0,0.0,0.0,0.0,1.0
299805,0,1,3400,-74,74,233,6.8,12,0.64,26976.000000,0,27,12,0.0,24256.000000,0,0.0,0.0,0.0,1.0
300054,0,1,3400,-74,74,234,5.1,11,0.50,21664.000000,0,27,11,0.0,0.0,0.0,0.0,0.0,0.0,1.0
300303,0,1,3400,-74,74,231,5.6,12,0.51,21728.000000,0,27,7.9,0.0,1568.000000,0,0.0,0.0,0.0,1.0
300552,0,1,3400,-74,74,232,9.0,12,1.0,10624.000000,20,27,3.5,0.0,0.0,0.0,0.0,0.0,0.0,1.0
300801,0,1,3400,-74,74,234,7.4,12,0.76,32544.000000,0,27,9.8,0.0,34688.000000,11,0.0,0.0,0.0,1.0
301050,0,1,3400,-73,73,235,6.4,12,0.62,21664.000000,0,27,13,0.0,9376.000000,0,0.0,0.0,0.0,1.0
301299,0,1,3400,-73,73,231,6.4,12,0.51,26688.000000,0,27,10,0.0,0.0,0.0,0.0,0.0,0.0,1.0
301548,0,1,3400,-73,73,232,5.9,12,0.50,10784.000000,0,27,10,0.0,0.0,0.0,0.0,0.0,0.0,1.0
301797,0,1,3400,-73,73,233,7.1,12,0.50,32288.000000,0,27,13,0.0,57600.000000,0,0.0,0.0,0.0,1.0
302046,0,1,3400,-73,73,231,6.1,12,0.50,32800.000000,0,27,13,0.0,0.0,0.0,0.0,0.0,0.0,1.0
302295,0,1,3400,-73,73,231,6.3,12,0.50,16064.000000,0,27,14,0.0,0.0,0.0,0.0,0.0,0.0,1.0
302544,0,1,3400,-73,73,233,6.4,12,0.52,15872.000000,0,27,14,0.0,0.0,0.0,0.0,0.0,0.0,1.0
302793,0,1,3400,-73,73,236,9.6,12,1.1,5376.000000,33,27,14,0.0,33888.000000,0,0.0,0.0,0.0,1.0
303042,0,1,3400,-73,73,235,8.7,12,0.72,5312.000000,0,27,14,0.0,0.0,0.0,0.0,0.0,0.0,1.0
303291,0,1,3400,-73,73,235,5.7,12,0.50,13664.000000,0,27,14,0.0,0.0,0.0,0.0,0.0,0.0,1.0
303540,0,1,3400,-74,74,235,8.9,12,0.79,18528.000000,0,27,14,0.0,0.0,0.0,0.0,0.0,0.0,1.0
303789,0,1,3400,-74,74,232,7.3,12,0.62,10688.000000,0,27,13,0.0,15808.000000,0,0.0,0.0,0.0,1.0
304038,0,1,3400,-74,74,234,7.5,12,0.50,0.0,0.0,27,14,0.0,0.0,0.0,0.0,0.0,0.0,1.0
304288,0,1,3400,-74,74,237,5.5,11,0.50,32480.000000,0,27,14,0.0,0.0,0.0,0.0,0.0,0.0,1.0
304537,0,1,3400,-75,75,234,5.8,11,0.51,16032.000000,0,27,14,0.0,0.0,0.0,0.0,0.0,0.0,1.0
304786,0,1,3400,-75,75,233,6.5,11,0.50,5120.000000,0,27,14,0.0,0.0,0.0,0.0,0.0,0.0,1.0
305035,0,1,3400,-75,75,231,4.0,11,0.50,11662.650391,0,27,11,0.0,15775.100586,0,0.0,0.0,0.0,1.0
305284,0,1,3400,-75,75,231,3.7,11,0.50,10752.000000,0,27,11,0.0,0.0,0.0,0.0,0.0,0.0,1.0
305533,0,1,3400,-75,75,231,4.9,11,0.50,5568.000000,0,27,11,0.0,0.0,0.0,0.0,0.0,0.0,1.0
305782,0,1,3400,-75,75,236,5.3,11,0.50,25248.000000,0,27,11,0.0,17504.000000,0,0.0,0.0,0.0,1.0
306031,0,1,3400,-75,75,234,4.6,11,0.50,13099.601562,0,27,11,0.0,0.0,0.0,0.0,0.0,0.0,1.0
306280,0,1,3400,-75,75,235,4.8,11,0.50,21696.000000,0,27,11,0.0,0.0,0.0,0.0,0.0,0.0,1.0
306529,0,1,3400,-75,75,235,4.7,11,0.50,5824.000000,0,27,11,0.0,0.0,0.0,0.0,0.0,0.0,1.0
306778,0,1,3400,-74,74,230,5.3,11,0.50,22144.000000,0,27,11,0.0,23744.000000,0,0.0,0.0,0.0,1.0
307027,0,1,3400,-74,74,232,10,12,1.3,21568.000000,10,27,11,0.0,0.0,0.0,0.0,0.0,0.0,1.0
307276,0,1,3400,-74,74,233,12,12,1.8,21728.000000,0,27,11,0.0,0.0,0.0,0.0,0.0,0.0,1.0
307525,0,1,3400,-74,74,232,7.2,12,0.65,26944.000000,0,27,11,0.0,0.0,0.0,0.0,0.0,0.0,1.0
307774,0,1,3400,-74,74,234,8.5,12,0.93,16320.000000,0,27,11,0.0,0.0,0,0.0,0.0,0.0,1.0
308023,0,1,3400,-73,73,234,6.6,12,0.50,16672.000000,0,27,13,0.0,15552.000000,0,0.0,0.0,0.0,1.0
308272,0,1,3400,-73,73,231,7.0,13,0.50,5248.000000,0,27,13,0.0,0.0,0.0,0.0,0.0,0.0,1.0
308521,0,1,3400,-74,74,233,7.3,12,0.50,10560.000000,0,27,13,0.0,0.0,0.0,0.0,0.0,0.0,1.0
308770,0,1,3400,-74,74,235,5.6,11,0.50,5440.000000,0,27,13,0.0,23488.000000,0,0.0,0.0,0.0,1.0
309019,0,1,3400,-74,74,235,5.3,11,0.50,10752.000000,0,27,13,0.0,0.0,0.0,0.0,0.0,0.0,1.0
309269,0,1,3400,-74,74,234,5.8,11,0.51,26912.000000,0,27,13,0.0,0.0,0.0,0.0,0.0,0.0,1.0
309518,0,1,3400,-74,74,231,6.7,11,1.1,5376.000000,40,27,13,0.0,0.0,0.0,0.0,0.0,0.0,1.0
309767,0,1,3400,-74,74,230,5.2,12,0.50,16256.000000,0,27,13,0.0,18880.000000,0,0.0,0.0,0.0,1.0
310016,0,1,3400,-74,74,231,4.8,12,0.50,16128.000000,0,27,14,0.0,0.0,0.0,0.0,0.0,0.0,1.0
310265,0,1,3400,-74,74,231,8.0,11,0.75,0.0,0.0,27,14,0.0,0.0,0.0,0.0,0.0,0.0,1.0
310514,0,1,3400,-75,75,233,7.7,11,1.1,10784.000000,17,27,14,0.0,0.0,0.0,0.0,0.0,0.0,1.0
310763,0,1,3400,-75,75,235,12,11,2.2,0.0,0.0,27,14,0.0,0.0,0.0,0.0,0.0,0.0,1.0
311012,0,1,3400,-75,75,234,7.6,11,1.1,16256.000000,0,27,13,0.0,52896.000000,11,0.0,0.0,0.0,1.0
311261,0,1,3400,-75,75,233,5.4,11,0.50,16257.028320,0,27,12,0.0,0.0,0.0,0.0,0.0,0.0,1.0
311510,0,1,3400,-75,75,233,5.0,10,0.50,5376.000000,0,27,12,0.0,0.0,0.0,0.0,0.0,0.0,1.0
311759,0,1,3400,-76,76,233,4.2,9.6,0.50,16864.000000,0,27,11,0.0,25568.000000,0,0.0,0.0,0.0,1.0
312008,0,1,3400,-76,76,226,3.5,9.6,0.58,18112.000000,7,27,9.6,0.0,0.0,0.0,0.0,0.0,0.0,1.0
312257,0,1,3400,-76,76,229,7.7,9.3,1.6,27648.000000,10,27,9.5,0.0,0.0,0.0,0.0,0.0,0.0,1.0
312506,0,1,3400,-76,76,233,4.9,9.1,0.66,27840.000000,0,27,9.5,0.0,0.0,0.0,0.0,0.0,0.0,1.0
312755,0,1,3400,-77,77,236,2.5,9.1,0.50,5577.689453,0,27,9.5,0.0,0.0,0,0.0,0.0,0.0,1.0
313004,0,1,3400,-77,77,234,2.7,8.4,0.50,5600.000000,0,27,8.5,0.0,18880.000000,0,0.0,0.0,0.0,1.0
313253,0,1,3400,-77,77,234,3.1,8.5,0.50,5600.000000,0,27,8.5,0.0,0.0,0.0,0.0,0.0,0.0,1.0
313502,0,1,3400,-77,77,235,3.4,8.4,0.50,5600.000000,0,27,9.2,0.0,9376.000000,0,0.0,0.0,0.0,1.0
313751,0,1,3400,-77,77,235,3.0,8.3,0.50,5600.000000,0,27,9.5,0.0,18880.000000,0,0.0,0.0,0.0,1.0
314000,0,1,3400,-77,77,232,3.8,8.7,0.50,11424.000000,0,27,9.5,0.0,0.0,0.0,0.0,0.0,0.0,1.0
314249,0,1,3400,-77,77,232,2.3,8.6,0.50,11104.000000,0,27,9.1,0.0,4384.000000,0,0.0,0.0,0.0,1.0
314498,0,1,3400,-76,76,227,8.3,9.4,1.5,13216.000000,17,27,8.5,0.0,0.0,0.0,0.0,0.0,0.0,1.0
314747,0,1,3400,-76,76,234,1.7,9.9,0.50,16480.000000,0,27,4.9,0.0,56224.000000,0,0.0,0.0,0.0,1.0
314996,0,1,3400,-76,76,230,7.3,9.6,1.2,10848.000000,0,27,3.5,0.0,0.0,0.0,0.0,0.0,0.0,1.0
315245,0,1,3400,-76,76,237,9.6,9.8,1.7,10816.000000,33,27,5.0,0.0,7200.000000,0,0.0,0.0,0.0,1.0
315494,0,1,3400,-76,76,238,4.5,9.6,0.79,17632.000000,0,27,7.0,0.0,0.0,0.0,0.0,0.0,0.0,1.0
315743,0,1,3400,-76,76,236,3.4,9.4,0.63,5408.000000,0,27,4.6,0.0,25120.000000,0,0.0,0.0,0.0,1.0
315992,0,1,3400,-76,76,232,12,10.0,2.2,16544.000000,20,27,5.6,0.0,0.0,0.0,0.0,0.0,0.0,1.0
316241,0,1,3400,-76,76,232,7.6,9.6,1.4,21856.000000,12,27,5.6,0.0,0.0,0.0,0.0,0.0,0.0,1.0
316490,0,1,3400,-76,76,235,3.4,9.5,0.50,22336.000000,0,27,5.6,0.0,0.0,0.0,0.0,0.0,0.0,1.0
316739,0,1,3400,-76,76,233,7.9,9.9,1.2,0.0,100.000000,27,5.5,0.0,4384.000000,0,0.0,0.0,0.0,1.0
316988,0,1,3400,-76,76,234,6.6,9.5,1.2,5600.000000,0,27,6.7,0.0,68512.000000,0,0.0,0.0,0.0,1.0
317237,0,1,3400,-76,76,234,3.6,9.8,0.50,16803.212891,0,27,9.5,0.0,0.0,0.0,0.0,0.0,0.0,1.0
317486,0,1,3400,-76,76,234,4.3,9.6,0.50,16509.960938,0,27,9.5,0.0,0.0,0.0,0.0,0.0,0.0,1.0
317735,0,1,3400,-76,76,232,4.7,9.5,0.57,22232.931641,0,27,4.9,0.0,13783.132812,0,0.0,0.0,0.0,1.0
317984,0,1,3400,-76,76,230,5.9,9.4,1.2,0.0,0.0,27,3.6,0.0,0.0,0.0,0.0,0.0,0.0,1.0
318233,0,1,3400,-76,76,235,5.9,9.5,1.7,5600.000000,20,27,3.7,0.0,0.0,0.0,0.0,0.0,0.0,1.0
318482,0,1,3400,-76,76,234,4.3,9.9,0.63,11008.000000,0,27,3.6,0.0,0.0,0.0,0.0,0.0,0.0,1.0
318731,0,1,3400,-76,76,238,10.0,9.6,2.3,21536.000000,12,27,6.5,0.0,15840.000000,0,0.0,0.0,0.0,1.0
318980,0,1,3400,-76,76,236,3.2,9.8,1.00,6432.000000,8,27,7.0,0.0,0.0,0.0,0.0,0.0,0.0,1.0
319229,0,1,3400,-76,76,236,9.1,9.7,1.8,5577.689453,33,27,7.0,0.0,0.0,0.0,0.0,0.0,0.0,1.0
319478,0,1,3400,-76,76,239,17,9.4,2.9,5632.000000,0,27,7.0,0.0,0.0,0.0,0.0,0.0,0.0,1.0
319727,0,1,3400,-76,76,236,3.5,9.2,0.50,0.0,0.0,27,8.0,0.0,5664.000000,0,0.0,0.0,0.0,1.0
319976,0,1,3400,-76,76,232,4.5,9.4,0.56,11296.000000,0,27,5.3,0.0,14976.000000,0,0.0,0.0,0.0,1.0
320225,0,1,3400,-76,76,232,4.8,9.7,0.71,16480.000000,0,27,4.0,0.0,0.0,0.0,0.0,0.0,0.0,1.0
320474,0,1,3400,-76,76,235,8.4,9.9,2.0,16352.000000,9,27,4.0,0.0,0.0,0.0,0.0,0.0,0.0,1.0
320723,0,1,3400,-76,76,234,5.7,9.6,0.62,11520.000000,0,27,9.8,0.0,34400.000000,14,0.0,0.0,0.0,1.0
320972,0,1,3400,-76,76,232,6.4,9.7,1.3,5600.000000,33,27,12,0.0,0.0,0.0,0.0,0.0,0.0,1.0
321221,0,1,3400,-76,76,239,3.0,10,0.60,5472.000000,0,27,12,0.0,0.0,0.0,0.0,0.0,0.0,1.0
321470,0,1,3400,-76,76,236,6.3,10,0.84,21664.000000,0,27,12,0.0,0.0,0.0,0.0,0.0,0.0,1.0
321719,0,1,3400,-75,75,232,15,10,3.0,0.0,100.000000,27,9.7,0.0,4384.000000,0,0.0,0.0,0.0,1.0
321968,0,1,3400,-75,75,233,16,10,3.4,5408.000000,67,27,6.5,0.0,40320.000000,0,0.0,0.0,0.0,1.0
322217,0,1,3400,-75,75,234,14,11,1.5,5408.000000,0,27,4.5,0.0,0.0,0.0,0.0,0.0,0.0,1.0
322466,0,1,3400,-75,75,237,12,11,2.0,16320.000000,14,27,4.5,0.0,0.0,0.0,0.0,0.0,0.0,1.0
322715,0,1,3400,-74,74,236,16,11,3.1,21952.000000,11,27,7.1,0.0,68992.000000,0,0.0,0.0,0.0,1.0
322964,0,1,3400,-74,74,237,12,12,2.0,0.0,0.0,27,6.9,0.0,2592.000000,0,0.0,0.0,0.0,1.0
323213,0,1,3400,-74,74,235,10,11,1.2,10784.000000,0,27,4.6,0.0,0.0,0.0,0.0,0.0,0.0,1.0
323462,0,1,3400,-75,75,234,12,11,0.95,16224.000000,25,27,4.5,0.0,0.0,0.0,0.0,0.0,0.0,1.0
323711,0,1,3400,-75,75,236,9.5,11,0.97,5397.590332,25,27,6.4,0.0,80064.257812,0,0.0,0.0,0.0,1.0
323960,0,1,3400,-75,75,234,5.7,11,0.94,16512.000000,0,27,12,0.0,0.0,0.0,0.0,0.0,0.0,1.0
324209,0,1,3400,-75,75,232,4.8,11,0.53,5440.000000,0,27,12,0.0,0.0,0.0,0.0,0.0,0.0,1.0
324458,0,1,3400,-75,75,233,4.4,11,0.55,22016.000000,0,27,12,0.0,0.0,0.0,0.0,0.0,0.0,1.0
324707,0,1,3400,-75,75,235,11,11,1.7,5408.000000,50,27,12,0.0,7200.000000,0,0.0,0.0,0.0,1.0
324956,0,1,3400,-75,75,233,12,10,1.6,16416.000000,14,27,6.7,0.0,12096.000000,0,0.0,0.0,0.0,1.0
325205,0,1,3400,-75,75,230,4.8,11,0.51,21920.000000,0,27,4.1,0.0,0.0,0.0,0.0,0.0,0.0,1.0
325454,0,1,3400,-75,75,232,10,11,1.1,6432.000000,8,27,4.0,0.0,0.0,0.0,0.0,0.0,0.0,1.0
325703,0,1,3400,-75,75,237,9.0,11,2.2,0.0,0.0,27,4.0,0.0,0.0,0.0,0.0,0.0,0.0,1.0
325952,0,1,3400,-75,75,236,6.3,11,1.3,10880.000000,0,27,4.0,0.0,13280.000000,0,0.0,0.0,0.0,1.0
326201,0,1,3400,-75,75,233,7.6,11,0.98,5536.000000,40,27,4.6,0.0,0.0,0.0,0.0,0.0,0.0,1.0
326450,0,1,3400,-76,76,235,6.8,11,0.68,10752.000000,0,27,4.5,0.0,0.0,0.0,0.0,0.0,0.0,1.0
326699,0,1,3400,-76,76,234,11,11,2.1,5696.000000,25,27,6.1,0.0,44800.000000,0,0.0,0.0,0.0,1.0
326948,0,1,3400,-76,76,239,9.4,10,1.4,10592.000000,0,27,6.8,0.0,896,0,0.0,0.0,0.0,1.0
327197,0,1,3400,-76,76,235,12,10,1.9,10816.000000,0,27,3.6,0.0,0.0,0.0,0.0,0.0,0.0,1.0
327446,0,1,3400,-76,76,234,10,11,1.4,5920.000000,25,27,3.6,0.0,0.0,0.0,0.0,0.0,0.0,1.0
327695,0,1,3400,-75,75,232,9.0,11,0.87,5408.000000,0,27,3.5,0.0,0.0,0,0.0,0.0,0.0,1.0
327944,0,1,3400,-75,75,232,15,10,3.0,5440.000000,33,27,3.5,0.0,13728.000000,0,0.0,0.0,0.0,1.0
328193,0,1,3400,-75,75,228,5.7,11,0.63,16096.000000,0,27,3.5,0.0,0.0,0.0,0.0,0.0,0.0,1.0
328442,0,1,3400,-75,75,231,7.1,11,0.94,10560.000000,0,27,6.6,0.0,9120.000000,0,0.0,0.0,0.0,1.0
328691,0,1,3400,-75,75,237,9.0,11,1.3,10848.000000,0,27,8.4,0.0,14144.000000,0,0.0,0.0,0.0,1.0
328940,0,1,3400,-75,75,239,5.5,11,0.50,0.0,0.0,27,8.5,0.0,0.0,0.0,0.0,0.0,0.0,1.0
329190,0,1,3400,-75,75,237,11,10,2.0,2208.000000,50,27,8.5,0.0,0.0,0.0,0.0,0.0,0.0,1.0
329439,0,1,3400,-75,75,237,7.0,11,0.64,8640.000000,0,27,8.5,0.0,0.0,0.0,0.0,0.0,0.0,1.0
329688,0,1,3400,-76,76,238,13,10,2.1,16224.000000,25,27,12,0.0,0.0,80,0.0,0.0,0.0,1.0
329937,0,1,3400,-76,76,236,8.7,10,1.1,7584.000000,0,27,12,0.0,0.0,0.0,0.0,0.0,0.0,1.0
330187,0,1,3400,-76,76,238,3.4,9.8,0.50,14336.000000,0,27,13,0.0,0.0,0.0,0.0,0.0,0.0,1.0
330436,0,1,3400,-76,76,229,2.5,9.7,0.50,0.0,0.0,27,12,0.0,0.0,0.0,0.0,0.0,0.0,1.0
330685,0,1,3400,-76,76,227,11,9.8,1.2,15968.127930,0,27,2.9,0.0,16031.872070,0,0.0,0.0,0.0,1.0
330934,0,1,3400,-76,76,231,13,9.8,3.6,1799.196777,60,27,1.0,0.0,0.0,0.0,0.0,0.0,0.0,1.0
331183,0,1,3400,-76,76,234,10,10,2.3,10912.000000,20,27,1.0,0.0,0.0,0.0,0.0,0.0,0.0,1.0
331432,0,1,3400,-76,76,236,8.8,10,1.4,10208.000000,40,27,1.1,0.0,0.0,0.0,0.0,0.0,0.0,1.0
331681,0,1,3400,-75,75,235,7.0,10,0.86,43328.000000,0,27,3.9,0.0,54336.000000,18,0.0,0.0,0.0,1.0
331930,0,1,3400,-75,75,237,5.6,11,0.50,10752.000000,0,27,4.9,0.0,4256.000000,0,0.0,0.0,0.0,1.0
332179,0,1,3400,-75,75,232,11,11,2.0,5482.071777,25,27,5.6,0.0,0.0,0.0,0.0,0.0,0.0,1.0
332428,0,1,3400,-75,75,234,6.9,11,0.65,26656.000000,0,27,5.5,0.0,0.0,0.0,0.0,0.0,0.0,1.0
332677,0,1,3400,-75,75,237,9.5,11,1.0,5408.000000,0,27,4.7,0.0,18720.000000,0,0.0,0.0,0.0,1.0
332926,0,1,3400,-75,75,233,10,11,1.2,8512.000000,33,27,4.1,0.0,4384.000000,0,0.0,0.0,0.0,1.0
333175,0,1,3400,-75,75,234,11,11,1.8,22112.000000,19,27,5.5,0.0,0.0,0.0,0.0,0.0,0.0,1.0
333424,0,1,3400,-75,75,233,11,11,2.1,5376.000000,0,27,5.5,0.0,0.0,0.0,0.0,0.0,0.0,1.0
333673,0,1,3400,-76,76,231,8.0,10,1.5,5408.000000,67,27,3.5,0.0,38976.000000,0,0.0,0.0,0.0,1.0
333922,0,1,3400,-76,76,234,12,10,2.6,10752.000000,25,27,2.1,0.0,0.0,0.0,0.0,0.0,0.0,1.0
334171,0,1,3400,-76,76,232,8.9,10,1.2,10816.000000,0,27,2.0,0.0,0.0,0.0,0.0,0.0,0.0,1.0
334420,0,1,3400,-76,76,235,4.3,11,0.56,11136.000000,0,27,2.1,0.0,0.0,0.0,0.0,0.0,0.0,1.0
334669,0,1,3400,-75,75,237,11,11,1.4,0.0,100.000000,27,2.7,0.0,4256.000000,0,0.0,0.0,0.0,1.0
334918,0,1,3400,-75,75,239,11,11,1.4,5376.000000,0,27,5.9,0.0,21952.000000,0,0.0,0.0,0.0,1.0
335167,0,1,3400,-75,75,235,9.8,11,1.3,14624.000000,29,27,13,0.0,0.0,0.0,0.0,0.0,0.0,1.0
335416,0,1,3400,-75,75,235,12,11,1.7,10976.000000,0,27,13,0.0,0.0,0.0,0.0,0.0,0.0,1.0
335665,0,1,3400,-74,74,232,9.2,12,1.2,10688.000000,17,27,12,0.0,16064.000000,0,0.0,0.0,0.0,1.0
335914,0,1,3400,-74,74,235,8.5,12,0.75,0.0,0.0,27,12,0.0,0.0,0.0,0.0,0.0,0.0,1.0
336163,0,1,3400,-74,74,235,7.7,12,0.67,10496.000000,0,27,12,0.0,0.0,0.0,0.0,0.0,0.0,1.0
336412,0,1,3400,-74,74,231,9.6,12,1.3,30624.000000,9,27,12,0.0,0.0,0.0,0.0,0.0,0.0,1.0
336661,0,1,3400,-74,74,235,9.0,11,0.73,26912.000000,0,27,9.1,0.0,14400.000000,0,0.0,0.0,0.0,1.0
336910,0,1,3400,-74,74,232,16,12,2.8,0.0,100.000000,27,8.5,0.0,0.0,0.0,0.0,0.0,0.0,1.0
337159,0,1,3400,-74,74,237,14,12,1.6,26816.000000,0,27,8.6,0.0,0.0,0.0,0.0,0.0,0.0,1.0
337408,0,1,3400,-75,75,232,13,11,1.0,7808.000000,33,27,8.5,0.0,0.0,0.0,0.0,0.0,0.0,1.0
337657,0,1,3400,-75,75,230,7.9,11,0.66,10560.000000,0,27,8.0,0.0,67232.000000,0,0.0,0.0,0.0,1.0
337906,0,1,3400,-75,75,236,7.6,11,0.91,21600.000000,0,27,8.0,0.0,0.0,0.0,0.0,0.0,0.0,1.0
338155,0,1,3400,-75,75,237,8.4,11,1.3,0.0,100.000000,27,8.0,0.0,0.0,0.0,0.0,0.0,0.0,1.0
338404,0,1,3400,-75,75,233,10,11,1.2,10784.000000,0,27,8.0,0.0,0.0,0.0,0.0,0.0,0.0,1.0
338653,0,1,3400,-75,75,236,12,11,2.3,0.0,100.000000,27,7.7,0.0,4366.533691,0,0.0,0.0,0.0,1.0
338902,0,1,3400,-75,75,236,16,11,3.2,0.0,0.0,27,7.0,0.0,0.0,0.0,0.0,0.0,0.0,1.0
339151,0,1,3400,-75,75,231,13,11,2.8,6176.000000,11,27,10,186,9120.000000,0,0.0,0.0,0.0,1.0
339400,0,1,3400,-75,75,234,5.4,11,1.2,10560.000000,33,27,8.6,0.0,16320.000000,0,0.0,0.0,0.0,1.0
339649,0,1,3400,-75,75,234,8.7,11,2.1,5408.000000,50,27,11,0.0,21984.000000,22,0.0,0.0,0.0,1.0
339898,0,1,3400,-75,75,237,9.0,11,2.2,0.0,0.0,27,14,0.0,10912.000000,50,0.0,0.0,0.0,1.0
340147,0,1,3400,-75,75,236,8.0,11,1.7,5408.000000,0,27,15,0.0,9120.000000,0,0.0,0.0,0.0,1.0
340396,0,1,3400,-75,75,236,8.3,12,0.76,14048.000000,0,27,15,0.0,9120.000000,33,0.0,0.0,0.0,1.0
340645,0,1,3400,-75,75,235,8.4,12,1.1,13344.000000,0,27,13,0.0,16064.000000,0,0.0,0.0,0.0,1.0
340894,0,1,3400,-74,74,238,9.1,12,0.98,10656.000000,0,27,12,0.0,0.0,0.0,0.0,0.0,0.0,1.0
341143,0,1,3400,-74,74,235,6.8,12,0.73,5440.000000,0,27,12,0.0,0.0,0.0,0.0,0.0,0.0,1.0
341392,0,1,3400,-74,74,235,4.9,13,0.68,11008.000000,0,27,12,0.0,0.0,0.0,0.0,0.0,0.0,1.0
341641,0,1,3400,-74,74,237,5.9,13,0.89,10848.000000,0,27,6.8,0.0,7584.000000,0,0.0,0.0,0.0,1.0
341890,0,1,3400,-73,73,238,9.6,13,0.82,27040.000000,0,27,5.5,0.0,0.0,0.0,0.0,0.0,0.0,1.0
342139,0,1,3400,-73,73,233,13,13,1.0,5408.000000,0,27,5.6,0.0,0.0,0.0,0.0,0.0,0.0,1.0
342388,0,1,3400,-73,73,232,9.5,13,0.79,16064.000000,0,27,5.5,0.0,0.0,0.0,0.0,0.0,0.0,1.0
342637,0,1,3400,-73,73,232,6.3,13,0.59,1312.000000,50,27,5.8,0.0,4384.000000,0,0.0,0.0,0.0,1.0
342886,0,1,3400,-73,73,236,13,13,1.2,15968.000000,17,27,3.8,0.0,8512.000000,0,0.0,0.0,0.0,1.0
343135,0,1,3400,-73,73,237,9.6,13,1.2,5429.718750,0,27,2.0,0.0,0.0,0.0,0.0,0.0,0.0,1.0
343384,0,1,3400,-74,74,234,8.7,13,1.0,16096.000000,0,27,2.0,0.0,0.0,0.0,0.0,0.0,0.0,1.0
343633,0,1,3400,-74,74,234,13,13,1.3,10816.000000,0,27,2.5,0.0,34816.000000,10,0.0,0.0,0.0,1.0
343882,0,1,3400,-74,74,234,9.7,12,1.1,16032.000000,0,27,4.5,0.0,0.0,0.0,0.0,0.0,0.0,1.0
344131,0,1,3400,-74,74,235,12,12,2.2,7616.000000,71,27,4.7,0.0,0.0,0.0,0.0,0.0,0.0,1.0
344380,0,1,3400,-74,74,236,15,12,3.1,10656.000000,29,27,4.5,0.0,0.0,0.0,0.0,0.0,0.0,1.0
344629,0,1,3400,-74,74,230,12,12,0.95,16448.000000,0,27,7.9,0.0,1568.000000,57,0.0,0.0,0.0,1.0
344878,0,1,3400,-74,74,231,13,12,1.2,10816.000000,33,27,7.5,0.0,0.0,0.0,0.0,0.0,0.0,1.0
345127,0,1,3400,-74,74,235,10,12,0.66,5376.000000,0,27,7.5,0.0,0.0,0.0,0.0,0.0,0.0,1.0
345376,0,1,3400,-75,75,240,7.7,12,1.1,4398.406250,60,27,7.5,0.0,0.0,0.0,0.0,0.0,0.0,1.0
345625,0,1,3400,-75,75,236,15,12,2.5,5408.000000,50,27,0.72,0.0,14368.000000,0,0.0,0.0,0.0,1.0
345874,0,1,3400,-75,75,238,11,11,2.0,16384.000000,11,27,0.0,0.0,0.0,0.0,0.0,0.0,0.0,1.0
346123,0,1,3400,-75,75,237,17,12,3.5,5408.000000,80,27,0.048,0.0,0.0,0.0,0.0,0.0,0.0,1.0
346372,0,1,3400,-75,75,237,15,12,3.6,3616.000000,50,27,0.0,0.0,0.0,0.0,0.0,0.0,0.0,1.0
346621,0,1,3400,-75,75,233,2.1,13,0.75,5792.000000,0,27,3.7,0.0,23264.000000,14,0.0,0.0,0.0,1.0
346870,0,1,3400,-74,74,238,8.3,12,1.1,21600.000000,0,27,4.5,0.0,0.0,0.0,0.0,0.0,0.0,1.0
347119,0,1,3400,-74,74,235,13,13,1.7,16128.000000,0,27,7.7,0.0,4384.000000,0,0.0,0.0,0.0,1.0
347368,0,1,3400,-74,74,233,7.6,12,0.74,16160.000000,0,27,8.0,0.0,0.0,0.0,0.0,0.0,0.0,1.0
347617,0,1,3400,-74,74,238,8.5,13,0.73,27552.000000,0,27,2.9,0.0,12288.000000,0,0.0,0.0,0.0,1.0
347866,0,1,3400,-73,73,236,6.5,13,0.62,27712.000000,0,27,1.5,0.0,0.0,0.0,0.0,0.0,0.0,1.0
348115,0,1,3400,-73,73,231,14,13,2.0,5152.000000,50,27,1.3,0.0,1568.000000,0,0.0,0.0,0.0,1.0
348364,0,1,3400,-74,74,233,16,13,1.8,5152.000000,0,27,1.1,0.0,0.0,0.0,0.0,0.0,0.0,1.0
348613,0,1,3400,-74,74,235,17,12,3.2,5408.000000,67,27,1.5,0.0,7456.000000,0,0.0,0.0,0.0,1.0
348862,0,1,3400,-74,74,235,18,12,4.0,0.0,0.0,27,1.5,0.0,1568.000000,0,0.0,0.0,0.0,1.0
349112,0,1,3400,-74,74,237,16,12,3.6,6176.000000,11,27,1.1,0.0,0.0,0.0,0.0,0.0,0.0,1.0
349361,0,1,3400,-74,74,234,6.4,13,1.7,1184.000000,67,27,0.62,0.0,1568.000000,0,0.0,0.0,0.0,1.0
349610,0,1,3400,-74,74,232,6.0,12,1.6,6329.317383,25,27,2.5,0.0,19212.851562,0,0.0,0.0,0.0,1.0
349859,0,1,3400,-74,74,235,9.2,12,1.6,5344.000000,33,27,3.5,0.0,0.0,0.0,0.0,0.0,0.0,1.0
350108,0,1,3400,-74,74,235,15,12,2.4,5376.000000,0,27,3.5,0.0,0.0,0.0,0.0,0.0,0.0,1.0
350357,0,1,3400,-74,74,234,12,12,1.6,5376.000000,40,27,3.5,0.0,0.0,0.0,0.0,0.0,0.0,1.0
350606,0,1,3400,-74,74,235,10,12,1.5,10976.000000,0,27,4.0,0.0,16576.000000,0,0.0,0.0,0.0,1.0
350855,0,1,3400,-74,74,235,2.0,12,0.50,0.0,0.0,27,4.0,0.0,0.0,0.0,0.0,0.0,0.0,1.0
351104,0,1,3400,-74,74,236,8.0,12,1.2,5152.000000,50,27,4.0,0.0,0.0,0.0,0.0,0.0,0.0,1.0
351353,0,1,3400,-74,74,235,18,12,2.6,5152.000000,50,27,4.1,0.0,0.0,0.0,0.0,0.0,0.0,1.0
351602,0,1,3400,-74,74,234,14,12,1.3,10784.000000,0,27,2.2,0.0,12416.000000,0,0.0,0.0,0.0,1.0
351851,0,1,3400,-74,74,235,13,12,1.5,5386.454102,50,27,2.0,0.0,0.0,0.0,0.0,0.0,0.0,1.0
352100,0,1,3400,-74,74,234,9.3,12,1.3,10688.000000,17,27,2.0,0.0,0.0,0.0,0.0,0.0,0.0,1.0
352349,0,1,3400,-74,74,236,11,13,1.0,21376.000000,0,27,2.0,0.0,0.0,0.0,0.0,0.0,0.0,1.0
352598,0,1,3400,-74,74,237,11,13,1.6,17088.000000,22,27,3.1,0.0,19008.000000,0,0.0,0.0,0.0,1.0
352847,0,1,3400,-73,73,233,10,13,0.75,0.0,0.0,27,2.0,0.0,0.0,0.0,0.0,0.0,0.0,1.0
353096,0,1,3400,-73,73,235,11,13,0.79,10816.000000,0,27,2.0,0.0,0.0,0.0,0.0,0.0,0.0,1.0
353345,0,1,3400,-73,73,236,16,13,2.1,7136.000000,25,27,1.6,0.0,896,0,0.0,0.0,0.0,1.0
353594,0,1,3400,-73,73,236,13,13,0.75,0.0,0.0,27,1.0,0.0,0.0,0.0,0.0,0.0,0.0,1.0
353843,0,1,3400,-73,73,234,12,13,0.86,16256.000000,0,27,5.9,0.0,80576.000000,14,0.0,0.0,0.0,1.0
354092,0,1,3400,-73,73,237,18,13,2.1,10784.000000,25,27,9.0,0.0,9376.000000,0,0.0,0.0,0.0,1.0
354341,0,1,3400,-73,73,237,17,13,2.4,10464.000000,0,27,9.0,0.0,0.0,0.0,0.0,0.0,0.0,1.0
354590,0,1,3400,-73,73,233,12,13,2.2,1664.000000,33,27,8.2,0.0,1568.000000,0,0.0,0.0,0.0,1.0
354839,0,1,3400,-73,73,234,16,13,2.3,5696.000000,33,27,4.2,0.0,18464.000000,0,0.0,0.0,0.0,1.0
355088,0,1,3400,-73,73,236,13,13,1.9,10560.000000,50,27,3.6,0.0,0.0,0.0,0.0,0.0,0.0,1.0
355337,0,1,3400,-73,73,236,14,13,1.9,10400.000000,0,27,3.5,0.0,0.0,0.0,0.0,0.0,0.0,1.0
355586,0,1,3400,-73,73,233,6.1,13,0.53,5408.000000,0,27,3.5,165,0.0,0,0.0,0.0,0.0,1.0
355835,0,1,3400,-73,73,236,1.6,13,0.50,6176.000000,0,27,3.0,0.0,16032.000000,29,0.0,0.0,0.0,1.0
356084,0,1,3400,-73,73,237,9.2,13,0.86,10602.409180,0,27,3.0,0.0,0.0,0.0,0.0,0.0,0.0,1.0
356333,0,1,3400,-73,73,235,14,13,1.8,5408.000000,50,27,3.0,0.0,0.0,0.0,0.0,0.0,0.0,1.0
356582,0,1,3400,-73,73,239,17,13,2.6,11104.000000,44,27,2.7,0.0,2592.000000,0,0.0,0.0,0.0,1.0
356831,0,1,3400,-73,73,239,15,13,1.2,5536.000000,0,27,0.55,0.0,9344.000000,0,0.0,0.0,0.0,1.0
357080,0,1,3400,-73,73,235,4.5,13,0.50,0.0,0.0,27,1.2,0.0,9376.000000,33,0.0,0.0,0.0,1.0
357329,0,1,3400,-74,74,235,4.4,13,0.55,16704.000000,0,27,4.5,0.0,0.0,0.0,0.0,0.0,0.0,1.0
357578,0,1,3400,-74,74,237,10,13,1.4,5248.000000,33,27,4.4,0.0,8800.000000,0,0.0,0.0,0.0,1.0
357827,0,1,3400,-74,74,235,13,12,0.71,10464.000000,0,27,3.0,0.0,0.0,0.0,0.0,0.0,0.0,1.0
358076,0,1,3400,-74,74,237,15,12,1.6,5312.000000,33,27,3.0,0.0,0.0,0.0,0.0,0.0,0.0,1.0
358325,0,1,3400,-75,75,235,17,12,3.3,0.0,100.000000,27,3.1,0.0,0.0,0.0,0.0,0.0,0.0,1.0
358574,0,1,3400,-75,75,239,11,12,1.7,12224.000000,0,27,2.1,0.0,17632.000000,0,0.0,0.0,0.0,1.0
358823,0,1,3400,-75,75,236,8.7,12,1.4,10784.000000,14,27,0.048,0.0,0.0,0.0,0.0,0.0,0.0,1.0
359072,0,1,3400,-75,75,237,11,12,1.9,9536.000000,45,27,0.096,0.0,0.0,0.0,0.0,0.0,0.0,1.0
359321,0,1,3400,-75,75,239,4.5,12,0.50,0.0,0.0,27,0.048,0.0,0.0,0.0,0.0,0.0,0.0,1.0
359570,0,1,3400,-75,75,233,11,12,1.5,11392.000000,20,27,0.10,0.0,8768.000000,0,0.0,0.0,0.0,1.0
359819,0,1,3400,-75,75,235,14,12,2.6,11072.000000,27,27,0.096,0.0,0.0,0.0,0.0,0.0,0.0,1.0
360068,0,1,3400,-75,75,235,6.1,12,0.95,0.0,100.000000,27,0.096,0.0,0.0,0.0,0.0,0.0,0.0,1.0
360317,0,1,3400,-75,75,236,8.8,11,1.8,11264.000000,0,27,0.0,0.0,0.0,0.0,0.0,0.0,0.0,1.0
360566,0,1,3400,-76,76,236,7.2,11,1.2,8672.000000,33,27,1.7,0.0,31360.000000,0,0.0,0.0,0.0,1.0
360815,0,1,3400,-76,76,237,17,11,3.4,5312.000000,33,27,3.5,0.0,0.0,0.0,0.0,0.0,0.0,1.0
361064,0,1,3400,-76,76,233,18,10,4.0,0.0,100.000000,27,6.6,0.0,4384.000000,0,0.0,0.0,0.0,1.0
361313,0,1,3400,-76,76,233,11,11,2.2,12384.000000,36,27,7.0,0.0,0.0,0.0,0.0,0.0,0.0,1.0
361562,0,1,3400,-76,76,234,6.3,11,1.2,17344.000000,6,27,7.6,0.0,18912.000000,0,0.0,0.0,0.0,1.0
361811,0,1,3400,-76,76,235,8.2,11,1.1,16672.000000,0,27,8.5,0.0,0.0,0.0,0.0,0.0,0.0,1.0
362060,0,1,3400,-76,76,235,5.0,11,0.50,0.0,0.0,27,8.5,0.0,0.0,0.0,0.0,0.0,0.0,1.0
362309,0,1,3400,-76,76,238,12,11,2.4,5152.000000,75,27,8.5,0.0,0.0,0.0,0.0,0.0,0.0,1.0
362558,0,1,3400,-76,76,236,18,11,3.9,2208.000000,75,27,7.8,0.0,2592.000000,0,0.0,0.0,0.0,1.0
362807,0,1,3400,-76,76,236,18,11,4.0,0.0,100.000000,27,4.5,0.0,0.0,0.0,0.0,0.0,0.0,1.0
363056,0,1,3400,-76,76,234,18,11,4.0,0.0,100.000000,27,4.4,0.0,1568.000000,0,0.0,0.0,0.0,1.0
363305,0,1,3400,-76,76,236,17,11,3.9,704,50,27,3.5,0.0,0.0,0.0,0.0,0.0,0.0,1.0
363554,0,1,3400,-76,76,235,17,11,4.0,0.0,0.0,27,2.3,0.0,1504.000000,0,0.0,0.0,0.0,1.0
363803,0,1,3400,-76,76,238,14,10,2.4,10944.000000,33,27,0.75,0.0,25600.000000,0,0.0,0.0,0.0,1.0
364052,0,1,3400,-76,76,237,9.2,10,1.3,10912.000000,12,27,0.0,0.0,0.0,0.0,0.0,0.0,0.0,1.0
364301,0,1,3400,-76,76,241,4.1,11,1.2,9408.000000,8,27,0.096,0.0,0.0,0.0,0.0,0.0,0.0,1.0
364550,0,1,3400,-76,76,236,11,10,2.6,3104.000000,67,27,0.096,0.0,896,0,0.0,0.0,0.0,1.0
364799,0,1,3400,-76,76,234,18,11,3.8,1019.920349,83,27,0.0,0.0,0.0,0.0,0.0,0.0,0.0,1.0
365048,0,1,3400,-76,76,231,15,11,2.6,5824.000000,43,27,0.88,0.0,10656.000000,8,0.0,0.0,0.0,1.0
365297,0,1,3400,-76,76,230,9.3,11,2.1,10336.000000,11,27,1.1,0.0,0.0,0.0,0.0,0.0,0.0,1.0
365546,0,1,3400,-75,75,235,8.1,11,1.5,6464.000000,14,27,0.36,0.0,13888.000000,0,0.0,0.0,0.0,1.0
365795,0,1,3400,-75,75,239,9.4,11,1.8,0.0,100.000000,27,0.13,0.0,4256.000000,0,0.0,0.0,0.0,1.0
366044,0,1,3400,-75,75,238,11,12,2.2,0.0,100.000000,27,2.0,0.0,0.0,0.0,0.0,0.0,0.0,1.0
366293,0,1,3400,-75,75,232,17,12,2.8,1312.000000,67,27,2.0,0.0,0.0,0.0,0.0,0.0,0.0,1.0
366542,0,1,3400,-75,75,233,20,12,4.0,0.0,100.000000,27,3.0,0.0,3008.000000,0,0.0,0.0,0.0,1.0
366791,0,1,3400,-75,75,231,17,12,3.7,2720.000000,75,27,2.0,0.0,1568.000000,0,0.0,0.0,0.0,1.0
367040,0,1,3400,-75,75,233,18,11,4.0,0.0,100.000000,27,2.0,0.0,0.0,0.0,0.0,0.0,0.0,1.0
367289,0,1,3400,-75,75,237,17,12,3.4,5440.000000,0,27,2.0,186,0.0,0.0,0.0,0.0,0.0,1.0
367538,0,1,3400,-75,75,236,16,11,3.0,2720.000000,67,27,1.4,0.0,9920.000000,8,0.0,0.0,0.0,1.0
367787,0,1,3400,-75,75,240,14,11,1.9,18080.000000,15,27,2.2,0.0,7232.000000,0,0.0,0.0,0.0,1.0
368036,0,1,3400,-75,75,238,7.0,11,1.4,5952.000000,17,27,3.0,0.0,0.0,0.0,0.0,0.0,0.0,1.0
368285,0,1,3400,-75,75,240,6.5,11,0.58,5536.000000,0,27,3.0,0.0,0.0,0.0,0.0,0.0,0.0,1.0
368534,0,1,3400,-76,76,236,13,10,1.2,0.0,100.000000,27,3.2,0.0,2538.152588,0,0.0,0.0,0.0,1.0
368783,0,1,3400,-76,76,236,17,11,2.5,0.0,0.0,27,3.0,0.0,2592.000000,0,0.0,0.0,0.0,1.0
369032,0,1,3400,-76,76,239,17,11,2.6,0.0,100.000000,27,3.0,0.0,0.0,0.0,0.0,0.0,0.0,1.0
369281,0,1,3400,-76,76,238,18,11,3.3,5152.000000,50,27,2.1,0.0,14048.000000,0,0.0,0.0,0.0,1.0
369530,0,1,3400,-75,75,234,17,11,2.8,5536.000000,20,27,1.0,0.0,2592.000000,0,0.0,0.0,0.0,1.0
369779,0,1,3400,-75,75,234,10,11,1.8,5152.000000,50,27,2.7,0.0,11040.000000,0,0.0,0.0,0.0,1.0
370028,0,1,3400,-75,75,236,12,12,2.2,0.0,100.000000,27,2.5,0.0,896,0,0.0,0.0,0.0,1.0
370277,0,1,3400,-75,75,238,17,12,3.7,0.0,100.000000,27,1.1,0.0,0.0,0.0,0.0,0.0,0.0,1.0
370526,0,1,3400,-75,75,242,18,11,4.0,0.0,100.000000,27,0.27,0.0,896,0,0.0,0.0,0.0,1.0
370775,0,1,3400,-75,75,240,18,12,4.0,0.0,100.000000,27,0.048,0.0,0.0,0.0,0.0,0.0,0.0,1.0
371024,0,1,3400,-75,75,236,18,12,4.0,0.0,100.000000,27,0.0,0.0,0.0,0.0,0.0,0.0,0.0,1.0
371273,0,1,3400,-75,75,236,18,11,4.0,0.0,100.000000,27,0.048,0.0,0.0,0.0,0.0,0.0,0.0,1.0
371522,0,1,3400,-75,75,237,16,11,2.8,10464.000000,50,27,0.62,0.0,38400.000000,0,0.0,0.0,0.0,1.0
371771,0,1,3400,-75,75,233,17,11,3.7,0.0,100.000000,27,0.048,0.0,0.0,0.0,0.0,0.0,0.0,1.0
372020,0,1,3400,-75,75,235,18,11,4.0,0.0,100.000000,27,0.096,0.0,0.0,0.0,0.0,0.0,0.0,1.0
372269,0,1,3400,-75,75,237,18,11,4.0,0.0,100.000000,27,0.0,0.0,0.0,0.0,0.0,0.0,0.0,1.0
372518,0,1,3400,-75,75,236,18,11,4.0,0.0,100.000000,27,0.048,0.0,1568.000000,0,0.0,0.0,0.0,1.0
372767,0,1,3400,-75,75,234,18,11,4.0,0.0,100.000000,27,1.1,0.0,9376.000000,0,0.0,0.0,0.0,1.0
373016,0,1,3400,-75,75,231,18,11,4.0,0.0,100.000000,27,4.5,0.0,0.0,0.0,0.0,0.0,0.0,1.0
373265,0,1,3400,-75,75,235,18,11,4.0,0.0,100.000000,27,4.5,0.0,0.0,0.0,0.0,0.0,0.0,1.0
373514,0,1,3400,-75,75,239,18,11,4.0,0.0,100.000000,27,2.4,0.0,4256.000000,0,0.0,0.0,0.0,1.0
373763,0,1,3400,-75,75,238,18,11,4.0,0.0,100.000000,27,2.0,0.0,1568.000000,0,0.0,0.0,0.0,1.0
374012,0,1,3400,-75,75,235,18,11,4.0,0.0,100.000000,27,2.0,0.0,0.0,0.0,0.0,0.0,0.0,1.0
374261,0,1,3400,-75,75,233,18,11,4.0,0.0,100.000000,27,2.1,0.0,0.0,0.0,0.0,0.0,0.0,1.0
374510,0,1,3400,-75,75,235,17,11,3.6,7616.000000,71,27,2.0,165,2528.000000,0,0.0,0.0,0.0,1.0
374759,0,1,3400,-75,75,236,18,11,4.0,0.0,100.000000,27,1.00,0.0,14048.000000,0,0.0,0.0,0.0,1.0
375008,0,1,3400,-75,75,235,15,11,2.7,576,67,27,1.0,0.0,0.0,0.0,0.0,0.0,0.0,1.0
375257,0,1,3400,-75,75,238,12,11,2.2,0.0,0.0,27,1.1,0.0,0.0,0.0,0.0,0.0,0.0,1.0
375506,0,1,3400,-75,75,232,14,11,2.9,0.0,100.000000,27,1.1,0.0,1504.000000,0,0.0,0.0,0.0,1.0
375755,0,1,3400,-75,75,233,18,11,4.0,0.0,100.000000,27,1.0,0.0,0.0,0.0,0.0,0.0,0.0,1.0
376004,0,1,3400,-75,75,233,7.2,11,1.4,5632.000000,0,27,1.1,0.0,13952.000000,0,0.0,0.0,0.0,1.0
376253,0,1,3400,-75,75,236,9.3,11,1.4,5152.000000,67,27,0.52,0.0,20640.000000,0,0.0,0.0,0.0,1.0
376502,0,1,3400,-75,75,240,14,11,2.5,6464.000000,67,27,0.12,0.0,21216.000000,0,0.0,0.0,0.0,1.0
376751,0,1,3400,-75,75,238,16,11,3.5,5920.000000,17,27,0.096,0.0,0.0,0.0,0.0,0.0,0.0,1.0
377000,0,1,3400,-75,75,236,8.8,11,1.0,0.0,100.000000,27,0.87,0.0,15904.000000,0,0.0,0.0,0.0,1.0
377249,0,1,3400,-75,75,231,17,11,2.9,0.0,100.000000,27,1.1,0.0,0.0,0.0,0.0,0.0,0.0,1.0
377498,0,1,3400,-75,75,235,19,11,3.9,1760.000000,80,27,1.0,0.0,1568.000000,0,0.0,0.0,0.0,1.0
377747,0,1,3400,-75,75,235,20,11,3.7,6464.000000,50,27,1.0,0.0,22304.000000,5,0.0,0.0,0.0,1.0
377996,0,1,3400,-75,75,237,5.4,11,0.68,12876.494141,0,27,1.2,0.0,0.0,0.0,0.0,0.0,0.0,1.0
378245,0,1,3400,-75,75,240,8.1,12,1.7,0.0,100.000000,27,1.1,0.0,0.0,0.0,0.0,0.0,0.0,1.0
378494,0,1,3400,-74,74,239,16,11,3.1,2720.000000,67,27,0.18,0.0,896,0,0.0,0.0,0.0,1.0
378743,0,1,3400,-74,74,241,5.9,12,1.1,18912.000000,3,27,2.6,0.0,20896.000000,0,0.0,0.0,0.0,1.0
378993,0,1,3400,-74,74,236,7.7,12,0.88,21888.000000,0,27,6.2,0.0,0.0,80,0.0,0.0,0.0,1.0
379242,0,1,3400,-74,74,237,11,12,1.6,0.0,100.000000,27,11,0.0,0.0,0.0,0.0,0.0,0.0,1.0
379491,0,1,3400,-74,74,239,15,12,2.8,10560.000000,43,27,4.8,0.0,16960.000000,0,0.0,0.0,0.0,1.0
379740,0,1,3400,-74,74,236,17,12,3.4,5152.000000,50,27,1.0,0.0,0.0,0.0,0.0,0.0,0.0,1.0
379989,0,1,3400,-74,74,237,11,12,1.8,11104.000000,14,27,1.1,0.0,0.0,0.0,0.0,0.0,0.0,1.0
380238,0,1,3400,-74,74,237,12,12,1.8,10976.000000,14,27,1.0,0.0,0.0,0.0,0.0,0.0,0.0,1.0
380487,0,1,3400,-74,74,235,8.4,12,0.50,5504.000000,0,27,1.7,0.0,21664.000000,0,0.0,0.0,0.0,1.0
380736,0,1,3400,-74,74,231,10,12,0.66,5152.000000,0,27,2.0,0.0,4256.000000,0,0.0,0.0,0.0,1.0
380985,0,1,3400,-74,74,238,12,12,0.84,5376.000000,0,27,2.0,0.0,0.0,0.0,0.0,0.0,0.0,1.0
381234,0,1,3400,-74,74,240,11,12,0.93,5152.000000,0,27,1.2,0.0,1568.000000,0,0.0,0.0,0.0,1.0
381483,0,1,3400,-74,74,235,16,13,2.5,0.0,100.000000,27,1.7,0.0,7200.000000,0,0.0,0.0,0.0,1.0
381732,0,1,3400,-73,73,235,16,13,2.0,15164.658203,25,27,6.4,0.0,9220.883789,0,0.0,0.0,0.0,1.0
381981,0,1,3400,-73,73,235,9.1,13,1.1,9216.000000,0,27,8.0,0.0,0.0,0.0,0.0,0.0,0.0,1.0
382230,0,1,3400,-73,73,234,15,14,1.4,24192.000000,11,27,8.0,0.0,0.0,0.0,0.0,0.0,0.0,1.0
382479,0,1,3400,-73,73,237,18,14,2.7,0.0,100.000000,27,7.5,0.0,4256.000000,0,0.0,0.0,0.0,1.0
382728,0,1,3400,-72,72,235,18,14,2.8,7680.000000,33,27,3.1,0.0,11968.000000,0,0.0,0.0,0.0,1.0
382977,0,1,3400,-72,72,237,18,14,3.5,11616.000000,25,27,1.6,0.0,6496.000000,0,0.0,0.0,0.0,1.0
383226,0,1,3400,-72,72,231,18,15,4.0,0.0,0.0,27,1.5,0.0,0.0,0.0,0.0,0.0,0.0,1.0
383475,0,1,3400,-72,72,234,18,15,3.9,10304.000000,33,27,1.3,0.0,14784.000000,0,0.0,0.0,0.0,1.0
383724,0,1,3400,-71,71,232,18,15,2.5,15456.000000,0,27,1.0,0.0,0.0,0.0,0.0,0.0,0.0,1.0
383973,0,1,3400,-72,72,236,15,14,1.5,25856.000000,0,27,2.0,0.0,1504.000000,0,0.0,0.0,0.0,1.0
384222,0,1,3400,-72,72,237,10.0,15,2.0,22016.000000,0,27,2.0,0.0,0.0,0.0,0.0,0.0,0.0,1.0
384471,0,1,3400,-72,72,238,17,14,2.8,13067.729492,20,27,2.5,0.0,25115.537109,9,0.0,0.0,0.0,1.0
384720,0,1,3400,-72,72,232,11,14,1.3,16160.000000,0,27,4.0,0.0,0.0,0.0,0.0,0.0,0.0,1.0
384969,0,1,3400,-72,72,230,15,14,1.4,10400.000000,25,27,5.4,0.0,4256.000000,0,0.0,0.0,0.0,1.0
385218,0,1,3400,-72,72,236,18,14,3.2,0.0,0.0,27,5.5,0.0,0.0,0.0,0.0,0.0,0.0,1.0
385467,0,1,3400,-72,72,236,18,15,3.2,5248.000000,0,27,5.5,186,0.0,0.0,0.0,0.0,0.0,1.0
385716,0,1,3400,-71,71,235,12,15,0.88,26560.000000,0,27,8.1,0.0,16064.000000,0,0.0,0.0,0.0,1.0
385965,0,1,3400,-71,71,236,13,15,0.90,15456.000000,0,27,8.5,0.0,0.0,0.0,0.0,0.0,0.0,1.0
386214,0,1,3400,-71,71,235,14,15,0.82,5248.000000,0,27,8.5,0.0,0.0,0.0,0.0,0.0,0.0,1.0
386463,0,1,3400,-71,71,234,12,14,0.83,35872.000000,4,27,6.0,0.0,15968.000000,0,0.0,0.0,0.0,1.0
386712,0,1,3400,-70,70,234,9.7,13,0.60,11584.000000,10,27,3.5,0.0,0.0,0.0,0.0,0.0,0.0,1.0
386961,0,1,3400,-70,70,233,17,13,2.2,0.0,0.0,27,4.4,0.0,2592.000000,0,0.0,0.0,0.0,1.0
387210,0,1,3400,-70,70,236,15,13,1.7,5504.000000,0,27,4.6,0.0,7200.000000,0,0.0,0.0,0.0,1.0
387459,0,1,3400,-70,70,235,12,13,0.50,5600.000000,0,27,4.6,0.0,0.0,0,0.0,0.0,0.0,1.0
387708,0,1,3400,-70,70,239,14,13,2.3,12032.000000,17,27,6.8,0.0,20960.000000,10,0.0,0.0,0.0,1.0
387957,0,1,3400,-70,70,235,16,14,2.1,6104.417480,17,27,7.0,0.0,0.0,0.0,0.0,0.0,0.0,1.0
388206,0,1,3400,-71,71,235,9.7,14,0.50,11488.000000,0,27,6.8,0.0,10400.000000,0,0.0,0.0,0.0,1.0
388455,0,1,3400,-71,71,236,11,14,0.73,5312.000000,0,27,1.1,0.0,31104.000000,0,0.0,0.0,0.0,1.0
388704,0,1,3400,-71,71,238,12,14,0.68,11232.000000,0,27,3.5,0.0,0.0,0.0,0.0,0.0,0.0,1.0
388953,0,1,3400,-71,71,234,13,14,1.2,6496.000000,43,27,0.36,0.0,1568.000000,0,0.0,0.0,0.0,1.0
389202,0,1,3400,-72,72,237,17,13,2.1,5312.000000,0,27,0.048,0.0,0.0,0.0,0.0,0.0,0.0,1.0
389451,0,1,3400,-72,72,235,14,13,0.78,1312.000000,50,27,1.4,0.0,13248.000000,0,0.0,0.0,0.0,1.0
389700,0,1,3400,-72,72,234,16,13,1.9,4544.000000,50,27,1.6,0.0,2592.000000,0,0.0,0.0,0.0,1.0
389949,0,1,3400,-72,72,235,12,13,0.64,5312.000000,0,27,2.0,0.0,0.0,0.0,0.0,0.0,0.0,1.0
390198,0,1,3400,-72,72,231,18,13,1.2,0.0,0.0,27,2.1,0.0,0.0,0.0,0.0,0.0,0.0,1.0
390447,0,1,3400,-72,72,235,18,13,1.6,7136.000000,25,27,4.6,186,11968.000000,25,0.0,0.0,0.0,1.0
390696,0,1,3400,-72,72,235,20,13,2.5,4544.000000,60,27,2.5,0.0,20448.000000,6,0.0,0.0,0.0,1.0
390945,0,1,3400,-72,72,235,13,13,1.2,8828.685547,0,27,2.1,0.0,0.0,0.0,0.0,0.0,0.0,1.0
391194,0,1,3400,-72,72,233,12,13,1.3,9664.000000,12,27,2.1,0.0,0.0,0.0,0.0,0.0,0.0,1.0
391443,0,1,3400,-72,72,234,16,13,1.4,10624.000000,0,27,2.1,0.0,20864.000000,0,0.0,0.0,0.0,1.0
391692,0,1,3400,-72,72,233,17,13,2.0,1760.000000,50,27,1.1,0.0,2592.000000,0,0.0,0.0,0.0,1.0
391941,0,1,3400,-72,72,236,18,13,2.3,1760.000000,50,27,2.2,0.0,0.0,0.0,0.0,0.0,0.0,1.0
392190,0,1,3400,-72,72,237,14,13,1.9,6336.000000,25,27,2.2,0.0,0.0,0.0,0.0,0.0,0.0,1.0
392439,0,1,3400,-72,72,239,13,13,0.92,24672.000000,5,27,1.9,0.0,26432.000000,0,0.0,0.0,0.0,1.0
392688,0,1,3400,-72,72,235,17,13,1.9,12224.000000,42,27,2.2,0.0,0.0,0.0,0.0,0.0,0.0,1.0
392937,0,1,3400,-72,72,235,8.6,13,0.74,3232.000000,40,27,2.1,0.0,0.0,0.0,0.0,0.0,0.0,1.0
393186,0,1,3400,-72,72,235,9.5,13,0.88,2208.000000,50,27,2.0,0.0,0.0,0.0,0.0,0.0,0.0,1.0
393435,0,1,3400,-72,72,237,13,13,0.84,7072.000000,25,27,3.8,0.0,36896.000000,10,0.0,0.0,0.0,1.0
393684,0,1,3400,-72,72,233,15,13,0.87,8832.000000,33,27,9.6,0.0,832,33,0.0,0.0,0.0,1.0
393933,0,1,3400,-72,72,236,16,13,0.76,0.0,0.0,27,8.5,0.0,4256.000000,0,0.0,0.0,0.0,1.0
394182,0,1,3400,-72,72,234,17,13,2.2,1317.269043,50,27,8.0,0.0,0.0,0.0,0.0,0.0,0.0,1.0
394431,0,1,3400,-72,72,236,13,13,1.2,9083.665039,11,27,4.1,0.0,16828.685547,9,0.0,0.0,0.0,1.0
394680,0,1,3400,-72,72,238,14,13,1.9,3855.421631,20,27,3.4,0.0,1574.297241,0,0.0,0.0,0.0,1.0
394929,0,1,3400,-72,72,236,13,13,1.8,10944.000000,0,27,0.048,0.0,0.0,0.0,0.0,0.0,0.0,1.0
395178,0,1,3400,-72,72,233,8.4,13,0.68,5312.000000,0,27,0.29,0.0,0.0,0.0,0.0,0.0,0.0,1.0
395427,0,1,3400,-72,72,235,13,13,0.99,3072.000000,50,27,0.0,0.0,1568.000000,0,0.0,0.0,0.0,1.0
395676,0,1,3400,-72,72,236,13,13,0.89,1312.000000,50,27,0.0,0.0,1568.000000,0,0.0,0.0,0.0,1.0
395925,0,1,3400,-72,72,235,16,14,1.9,13152.000000,40,27,0.82,0.0,28736.000000,0,0.0,0.0,0.0,1.0
396174,0,1,3400,-72,72,235,11,14,0.74,10784.000000,0,27,4.5,0.0,0.0,0.0,0.0,0.0,0.0,1.0
396423,0,1,3400,-72,72,237,12,14,0.78,11072.000000,0,27,4.7,0.0,39392.000000,11,0.0,0.0,0.0,1.0
396672,0,1,3400,-71,71,239,17,14,1.2,5376.000000,0,27,6.0,0.0,0.0,0.0,0.0,0.0,0.0,1.0
396921,0,1,3400,-71,71,240,17,15,1.2,0.0,0.0,27,4.9,0.0,4256.000000,50,0.0,0.0,0.0,1.0
397170,0,1,3400,-71,71,235,17,14,1.9,6624.000000,25,27,2.0,0.0,0.0,0.0,0.0,0.0,0.0,1.0
397419,0,1,3400,-71,71,236,15,15,2.2,287,50,27,2.1,0.0,4143.426270,0,0.0,0.0,0.0,1.0
397668,0,1,3400,-71,71,236,12,15,1.4,5376.000000,0,27,0.75,0.0,11008.000000,14,0.0,0.0,0.0,1.0
397917,0,1,3400,-71,71,234,13,14,0.99,10752.000000,0,27,0.0,0.0,0.0,0.0,0.0,0.0,0.0,1.0
398166,0,1,3400,-71,71,235,12,14,0.56,16000.000000,0,27,0.0,0.0,0.0,0.0,0.0,0.0,0.0,1.0
398415,0,1,3400,-71,71,238,16,14,1.5,5760.000000,67,27,0.0,0.0,1568.000000,0,0.0,0.0,0.0,1.0
398664,0,1,3400,-71,71,238,21,15,2.5,10944.000000,25,27,0.0,0.0,9408.000000,0,0.0,0.0,0.0,1.0
398913,0,1,3400,-71,71,237,21,15,2.4,5600.000000,25,27,0.0,0.0,0.0,0.0,0.0,0.0,0.0,1.0
399163,0,1,3400,-71,71,235,15,15,0.66,16384.000000,11,27,0.0,0.0,0.0,0.0,0.0,0.0,0.0,1.0
399412,0,1,3400,-71,71,234,12,14,0.79,30912.000000,0,27,2.1,0.0,20800.000000,17,0.0,0.0,0.0,1.0
399661,0,1,3400,-70,70,234,17,15,1.1,29696.000000,7,27,4.5,0.0,0.0,0.0,0.0,0.0,0.0,1.0
399910,0,1,3400,-70,70,235,17,15,1.9,5600.000000,25,27,4.5,0.0,2592.000000,0,0.0,0.0,0.0,1.0
400159,0,1,3400,-70,70,235,13,15,1.6,5472.000000,0,27,4.0,0.0,2464.000000,0,0.0,0.0,0.0,1.0
400408,0,1,3400,-70,70,235,13,15,0.68,16448.000000,0,27,7.1,0.0,40864.000000,24,0.0,0.0,0.0,1.0
400657,0,1,3400,-70,70,237,15,15,1.0,32514.056641,0,27,6.4,0.0,4273.092285,0,0.0,0.0,0.0,1.0
400906,0,1,3400,-70,70,238,15,15,1.6,6528.000000,17,27,5.4,0.0,0.0,0.0,0.0,0.0,0.0,1.0
401155,0,1,3400,-70,70,235,14,16,1.2,21280.000000,0,27,4.0,0.0,4160.000000,0,0.0,0.0,0.0,1.0
401404,0,1,3400,-70,70,237,11,16,0.51,5312.000000,0,27,2.4,0.0,38592.000000,0,0.0,0.0,0.0,1.0
401653,0,1,3400,-69,69,238,17,16,1.0,21312.000000,0,27,4.0,0.0,0.0,0.0,0.0,0.0,0.0,1.0
401902,0,1,3400,-69,69,234,16,16,0.66,21376.000000,0,27,4.0,0.0,0.0,0.0,0.0,0.0,0.0,1.0
402151,0,1,3400,-69,69,233,15,16,0.80,15936.000000,0,27,4.0,0.0,0.0,0.0,0.0,0.0,0.0,1.0
402400,0,1,3400,-69,69,234,12,16,0.52,10752.000000,0,27,3.4,0.0,18784.000000,23,0.0,1.0,1.0,1.0
402649,0,1,3400,-69,69,234,14,16,0.91,5376.000000,0,27,0.0080,0.0,1568.000000,75,0.0,0.0,0.0,1.0
402898,0,1,3400,-69,69,239,13,16,0.94,5536.000000,0,27,0.43,0.0,2592.000000,0,0.0,0.0,0.0,1.0
403147,0,1,3400,-69,69,234,10,16,0.50,0.0,0.0,27,1.0,0.0,0.0,0.0,0.0,0.0,0.0,1.0
403396,0,1,3400,-69,69,237,12,16,0.55,16000.000000,0,27,1.7,0.0,18720.000000,36,0.0,0.0,0.0,1.0
403645,0,1,3400,-69,69,235,16,16,0.87,16128.000000,0,27,2.1,0.0,0.0,50,0.0,0.0,0.0,1.0
403894,0,1,3400,-69,69,234,17,16,1.0,10358.565430,0,27,3.0,0.0,4239.043945,50,0.0,0.0,0.0,1.0
404143,0,1,3400,-69,69,233,17,17,1.4,12000.000000,17,27,3.0,0.0,0.0,0.0,0.0,0.0,0.0,1.0
404392,0,1,3400,-69,69,237,17,16,1.2,5472.000000,0,27,3.0,186,0.0,0,0.0,0.0,0.0,1.0
404641,0,1,3400,-69,69,230,14,16,0.55,5312.000000,0,27,0.31,0.0,11264.000000,0,0.0,0.0,0.0,1.0
404890,0,1,3400,-69,69,233,18,16,0.77,16224.000000,0,27,0.0080,0.0,0.0,0.0,0.0,0.0,0.0,1.0
405139,0,1,3400,-69,69,239,15,16,0.72,26624.000000,0,27,0.016,0.0,0.0,0.0,0.0,0.0,0.0,1.0
405388,0,1,3400,-69,69,238,19,16,1.1,10400.000000,0,27,0.29,0.0,16992.000000,7,0.0,0.0,0.0,1.0
405637,0,1,3400,-69,69,238,18,16,0.77,10752.000000,0,27,2.0,0.0,0.0,0.0,0.0,0.0,0.0,1.0
405886,0,1,3400,-70,70,235,18,16,0.79,18848.000000,0,27,1.2,0.0,1568.000000,33,0.0,0.0,0.0,1.0
406135,0,1,3400,-70,70,235,18,16,0.75,23744.000000,0,27,0.024,0.0,0.0,0.0,0.0,0.0,0.0,1.0
406384,0,1,3400,-70,70,237,17,16,1.5,5312.000000,0,27,1.6,0.0,17152.000000,7,0.0,0.0,0.0,1.0
406633,0,1,3400,-70,70,236,15,15,1.1,10880.000000,0,27,2.8,0.0,4256.000000,0,0.0,0.0,0.0,1.0
406882,0,1,3400,-70,70,232,12,15,0.53,11212.851562,0,27,4.0,0.0,0.0,0.0,0.0,0.0,0.0,1.0
407131,0,1,3400,-70,70,235,16,16,1.6,5760.000000,20,27,4.0,0.0,0.0,0.0,0.0,0.0,0.0,1.0
407380,0,1,3400,-70,70,233,12,16,0.50,21888.000000,0,27,0.60,0.0,18144.000000,4,0.0,0.0,0.0,1.0
407629,0,1,3400,-69,69,236,12,16,0.80,10688.000000,17,27,0.0080,0.0,1568.000000,0,0.0,0.0,0.0,1.0
407878,0,1,3400,-70,70,237,7.4,16,0.51,19040.000000,0,27,0.032,0.0,0.0,0.0,0.0,0.0,0.0,1.0
408127,0,1,3400,-70,70,240,10,16,0.50,0.0,0.0,27,0.0,0.0,1568.000000,0,0.0,0.0,0.0,1.0
408376,0,1,3400,-70,70,239,16,16,0.96,5312.000000,0,27,1.6,0.0,11744.000000,10,0.0,0.0,0.0,1.0
408625,0,1,3400,-70,70,235,17,15,1.0,5376.000000,0,27,1.8,0.0,1568.000000,0,0.0,0.0,0.0,1.0
408874,0,1,3400,-70,70,234,17,15,1.7,6048.000000,20,27,1.0,0.0,0.0,0.0,0.0,0.0,0.0,1.0
409123,0,1,3400,-70,70,237,15,15,1.3,10656.000000,17,27,1.0,0.0,1568.000000,50,0.0,0.0,0.0,1.0
409372,0,1,3400,-70,70,238,11,15,0.50,5440.000000,0,27,0.34,0.0,8736.000000,46,0.0,0.0,0.0,1.0
409621,0,1,3400,-69,69,237,11,16,0.70,10944.000000,0,27,0.024,0.0,0.0,0.0,0.0,0.0,0.0,1.0
409870,0,1,3400,-69,69,239,8.7,16,0.77,10784.000000,17,27,0.0080,0.0,0.0,0.0,0.0,0.0,0.0,1.0
410119,0,1,3400,-69,69,235,11,16,0.88,5472.000000,40,27,0.0,0.0,0.0,0.0,0.0,0.0,0.0,1.0
410368,0,1,3400,-69,69,237,13,16,1.1,10996.015625,17,27,1.1,0.0,4494.023926,58,0.0,0.0,0.0,1.0
410617,0,1,3400,-68,68,234,14,16,0.77,16064.000000,0,27,0.97,0.0,0.0,0.0,0.0,0.0,0.0,1.0
410866,0,1,3400,-68,68,235,10,16,0.67,16192.000000,0,27,0.13,0.0,1568.000000,50,0.0,0.0,0.0,1.0
411115,0,1,3400,-68,68,235,17,17,0.86,21440.000000,0,27,0.0,0.0,0.0,0.0,0.0,0.0,0.0,1.0
411364,0,1,3400,-68,68,242,15,17,0.66,21568.000000,0,27,0.0,144,0.0,80,0.0,0.0,0.0,1.0
411613,0,1,3400,-68,68,237,15,17,1.2,10784.000000,17,27,0.0,0.0,11264.000000,54,0.0,0.0,0.0,1.0
411862,0,1,3400,-67,67,237,13,17,0.71,16192.000000,0,27,0.0,0.0,0.0,0.0,0.0,0.0,0.0,1.0
412111,0,1,3400,-67,67,238,7.4,17,0.51,288,50,27,0.0,0.0,0.0,0.0,0.0,0.0,0.0,1.0
412360,0,1,3400,-67,67,238,13,17,0.64,10688.000000,0,27,0.0,0.0,6496.000000,38,0.0,0.0,0.0,1.0
412609,0,1,3400,-67,67,238,17,17,0.83,11040.000000,17,27,0.0,0.0,0.0,50,0.0,0.0,0.0,1.0
412858,0,1,3400,-68,68,236,14,17,2.1,288,50,27,0.0,0.0,0.0,100.000000,0.0,0.0,0.0,1.0
413107,0,1,3400,-68,68,238,15,17,1.3,16352.000000,22,27,0.0,0.0,0.0,0.0,0.0,0.0,0.0,1.0
413356,0,1,3400,-68,68,236,8.4,16,0.77,1445.783081,50,27,0.49,0.0,1574.297241,57,0.0,0.0,0.0,1.0
413605,0,1,3400,-68,68,234,3.0,16,0.53,5376.000000,0,27,0.98,186,0.0,0.0,0.0,0.0,0.0,1.0
413854,0,1,3400,-68,68,233,18,16,1.0,0.0,0.0,27,1.9,112,0.0,80,0.0,0.0,0.0,1.0
414103,0,1,3400,-68,68,235,14,16,0.92,6272.000000,11,27,1.2,0.0,11264.000000,38,0.0,0.0,0.0,1.0
414352,0,1,3400,-68,68,232,7.1,16,0.66,16832.000000,15,27,1.3,0.0,9632.000000,33,0.0,0.0,0.0,1.0
414601,0,1,3400,-68,68,231,8.9,16,0.51,5792.000000,17,27,0.0,0.0,896,0,0.0,0.0,0.0,1.0
414850,0,1,3400,-68,68,235,6.5,16,0.55,11232.000000,12,27,0.0,0.0,1568.000000,0,0.0,0.0,0.0,1.0
415099,0,1,3400,-68,68,238,11,16,1.0,11232.000000,22,27,0.98,0.0,8768.000000,0,0.0,0.0,0.0,1.0
415348,0,1,3400,-68,68,238,9.1,16,0.50,5440.000000,0,27,2.4,0.0,17856.000000,14,0.0,0.0,0.0,1.0
415597,0,1,3400,-68,68,235,14,16,1.1,0.0,100.000000,27,1.5,0.0,0.0,0.0,0.0,0.0,0.0,1.0
415846,0,1,3400,-68,68,239,17,16,1.4,5664.000000,40,27,2.2,0.0,6784.000000,33,0.0,0.0,0.0,1.0
416095,0,1,3400,-68,68,236,14,16,0.57,5376.000000,0,27,1.9,0.0,3136.000000,50,0.0,0.0,0.0,1.0
416344,0,1,3400,-68,68,237,13,16,0.50,0.0,0.0,27,0.032,0.0,0.0,0.0,0.0,0.0,0.0,1.0
416593,0,1,3400,-68,68,236,13,16,0.50,16224.000000,0,27,0.58,0.0,30848.000000,38,0.0,0.0,0.0,1.0
416842,0,1,3400,-68,68,237,14,17,0.77,15712.000000,0,27,2.0,0.0,0.0,0.0,0.0,0.0,0.0,1.0
417091,0,1,3400,-68,68,237,16,17,0.76,10677.291016,0,27,1.9,0.0,1561.752930,0,0.0,0.0,0.0,1.0
417340,0,1,3400,-68,68,239,18,17,0.85,10560.000000,0,27,2.2,56,0.0,80,0.0,0.0,0.0,1.0
417589,0,1,3400,-68,68,238,14,17,0.54,15840.000000,0,27,3.3,35,0.0,50,0.0,0.0,0.0,1.0
417838,0,1,3400,-68,68,237,10,17,0.50,0.0,0.0,27,0.016,0.0,4064.000000,40,0.0,0.0,0.0,1.0
418087,0,1,3400,-68,68,235,9.0,17,1.3,21248.000000,11,27,0.032,0.0,0.0,0.0,0.0,0.0,0.0,1.0
418336,0,1,3400,-68,68,237,14,17,1.5,16224.000000,0,27,0.66,0.0,9344.000000,43,0.0,0.0,0.0,1.0
418585,0,1,3400,-68,68,238,12,17,0.51,15616.000000,0,27,1.0,0.0,0.0,0.0,0.0,0.0,0.0,1.0
418834,0,1,3400,-69,69,238,15,17,0.53,16448.000000,0,27,1.0,0.0,0.0,0.0,0.0,0.0,0.0,1.0
419083,0,1,3400,-69,69,239,16,17,0.75,15552.000000,0,27,1.0,0.0,0.0,0.0,0.0,0.0,0.0,1.0
419332,0,1,3400,-69,69,238,15,16,0.75,5408.000000,0,27,3.1,0.0,35520.000000,22,0.0,0.0,0.0,1.0
419581,0,1,3400,-69,69,235,17,16,0.89,26560.000000,14,27,4.0,0.0,0.0,0.0,0.0,0.0,0.0,1.0
419830,0,1,3400,-69,69,237,12,16,1.9,6200.803223,0,27,4.0,0.0,0.0,0.0,0.0,0.0,0.0,1.0
420079,0,1,3400,-69,69,236,1.1,17,0.50,5152.000000,0,27,4.0,0.0,0.0,0.0,0.0,0.0,0.0,1.0
420328,0,1,3400,-69,69,236,15,17,0.60,15968.000000,0,27,3.7,0.0,6528.000000,38,0.0,0.0,0.0,1.0
420577,0,1,3400,-69,69,240,13,17,0.50,0.0,0.0,27,3.5,0.0,0.0,0.0,0.0,0.0,0.0,1.0
420826,0,1,3400,-69,69,238,15,17,0.50,5152.000000,0,27,3.5,0.0,0.0,0.0,0.0,0.0,0.0,1.0
421075,0,1,3400,-69,69,236,17,17,0.51,10528.000000,0,27,3.5,0.0,0.0,0.0,0.0,0.0,0.0,1.0
421324,0,1,3400,-69,69,236,15,16,0.74,5408.000000,0,27,3.5,186,0.0,0.0,0.0,0.0,0.0,1.0
421573,0,1,3400,-69,69,233,16,16,0.59,20608.000000,0,27,3.6,0.0,22720.000000,20,0.0,0.0,0.0,1.0
421822,0,1,3400,-69,69,234,18,16,0.63,15456.000000,0,27,2.9,0.0,1504.000000,0,0.0,0.0,0.0,1.0
422071,0,1,3400,-69,69,239,18,16,0.75,0.0,0.0,27,1.0,0.0,0.0,0.0,0.0,0.0,0.0,1.0
422320,0,1,3400,-69,69,239,18,16,0.75,0.0,0.0,27,1.0,0.0,0.0,0.0,0.0,0.0,0.0,1.0
422569,0,1,3400,-69,69,237,18,16,0.75,5152.000000,0,27,1.3,0.0,28576.000000,5,0.0,0.0,0.0,1.0
422818,0,1,3400,-69,69,233,17,16,0.75,15968.000000,0,27,1.0,0.0,0.0,0.0,0.0,0.0,0.0,1.0
423067,0,1,3400,-69,69,235,18,16,0.76,20768.000000,0,27,1.0,0.0,0.0,0.0,0.0,0.0,0.0,1.0
423316,0,1,3400,-69,69,237,16,16,0.90,20896.000000,17,27,2.4,0.0,6496.000000,56,0.0,0.0,0.0,1.0
423565,0,1,3400,-69,69,238,12,16,0.96,10581.672852,0,27,3.5,0.0,1561.752930,0,0.0,0.0,0.0,1.0
423814,0,1,3400,-69,69,237,14,16,1.3,5312.000000,33,27,3.5,0.0,0.0,0.0,0.0,0.0,0.0,1.0
424063,0,1,3400,-69,69,238,14,16,1.8,288,50,27,3.5,0.0,0.0,0.0,0.0,0.0,0.0,1.0
424312,0,1,3400,-69,69,237,17,16,1.6,10304.000000,0,27,6.4,0.0,6656.000000,41,0.0,0.0,0.0,1.0
424561,0,1,3400,-69,69,235,18,16,0.67,5152.000000,0,27,17,0.0,0.0,0.0,0.0,0.0,0.0,1.0
424810,0,1,3400,-70,70,236,18,16,1.0,15744.000000,20,27,17,0.0,0.0,0.0,0.0,0.0,0.0,1.0
425059,0,1,3400,-70,70,238,20,16,2.2,5568.000000,0,27,17,0.0,0.0,0.0,0.0,0.0,0.0,1.0
425308,0,1,3400,-70,70,238,16,16,1.8,16416.000000,0,27,13,0.0,19232.000000,23,0.0,0.0,0.0,1.0
425557,0,1,3400,-70,70,236,6.8,15,1.1,12064.000000,25,27,6.0,0.0,0.0,0.0,0.0,0.0,0.0,1.0
425806,0,1,3400,-70,70,238,15,15,1.1,10592.000000,25,27,8.6,0.0,0.0,80,0.0,0.0,0.0,1.0
426055,0,1,3400,-70,70,237,19,15,1.1,5172.690918,0,27,9.0,0.0,0.0,0.0,0.0,0.0,0.0,1.0
426304,0,1,3400,-70,70,234,13,15,1.4,11456.000000,11,27,4.9,0.0,14688.000000,12,0.0,0.0,0.0,1.0
426553,0,1,3400,-70,70,233,18,15,2.4,15744.000000,43,27,3.0,0.0,0.0,0.0,0.0,0.0,0.0,1.0
426802,0,1,3400,-70,70,235,18,16,1.2,10304.000000,0,27,3.0,0.0,0.0,0.0,0.0,0.0,0.0,1.0
427051,0,1,3400,-70,70,235,15,15,0.69,15872.000000,0,27,3.0,0.0,0.0,0.0,0.0,0.0,0.0,1.0
427300,0,1,3400,-70,70,236,15,15,1.0,15712.000000,0,27,3.1,0.0,38112.000000,34,0.0,0.0,0.0,1.0
427549,0,1,3400,-70,70,234,15,16,0.83,288,50,27,3.4,0.0,4256.000000,0,0.0,0.0,0.0,1.0
427798,0,1,3400,-70,70,238,6.9,16,1.2,10592.000000,40,27,4.0,0.0,0.0,0.0,0.0,0.0,0.0,1.0
428047,0,1,3400,-70,70,238,10,16,2.2,0.0,0.0,27,4.0,0.0,0.0,0.0,0.0,0.0,0.0,1.0
428296,0,1,3400,-70,70,235,16,16,2.4,10304.000000,0,27,3.7,0.0,14048.000000,8,0.0,0.0,0.0,1.0
428545,0,1,3400,-70,70,236,16,16,1.4,10464.000000,0,27,4.0,0.0,0.0,0.0,0.0,0.0,0.0,1.0
428794,0,1,3400,-69,69,239,16,16,0.72,10304.000000,0,27,4.0,0.0,0.0,0.0,0.0,0.0,0.0,1.0
429043,0,1,3400,-69,69,241,18,17,0.86,15456.000000,0,27,4.0,0.0,0.0,0.0,0.0,0.0,0.0,1.0
429292,0,1,3400,-69,69,238,18,17,1.3,0.0,100.000000,27,4.3,0.0,4256.000000,0,0.0,0.0,0.0,1.0
429541,0,1,3400,-69,69,237,18,18,2.5,0.0,0.0,27,5.5,0.0,0.0,0.0,0.0,0.0,0.0,1.0
429790,0,1,3400,-68,68,239,16,17,1.6,21536.000000,0,27,5.1,60,0.0,80,0.0,0.0,0.0,1.0
430039,0,1,3400,-68,68,239,13,18,1.3,10804.781250,25,27,4.0,60,0.0,0.0,0.0,0.0,0.0,1.0
430288,0,1,3400,-68,68,236,12,18,0.66,16032.000000,0,27,1.8,0.0,32992.000000,9,0.0,0.0,0.0,1.0
430537,0,1,3400,-68,68,235,13,19,0.75,5408.000000,0,27,1.0,0.0,0.0,0.0,0.0,0.0,0.0,1.0
430786,0,1,3400,-67,67,233,13,19,0.68,5312.000000,0,27,7.7,0.0,10144.000000,0,0.0,0.0,0.0,1.0
431035,0,1,3400,-67,67,234,15,19,0.50,26784.000000,0,27,8.0,0.0,0.0,0.0,0.0,0.0,0.0,1.0
431284,0,1,3400,-67,67,234,12,18,0.50,10720.000000,0,27,3.5,0.0,9824.000000,21,0.0,0.0,0.0,1.0
431533,0,1,3400,-67,67,238,13,19,0.50,27168.000000,0,27,1.0,0.0,0.0,0.0,0.0,0.0,0.0,1.0
431782,0,1,3400,-67,67,239,13,19,0.50,5408.000000,0,27,1.0,0.0,0.0,0.0,0.0,0.0,0.0,1.0
432031,0,1,3400,-67,67,237,15,19,0.50,10464.000000,0,27,1.0,0.0,0.0,0.0,0.0,0.0,0.0,1.0
432280,0,1,3400,-67,67,234,12,19,0.50,27008.000000,0,27,2.4,0.0,41216.000000,0,0.0,0.0,0.0,1.0
432529,0,1,3400,-67,67,233,12,19,0.50,5429.718750,0,27,3.0,0.0,0.0,0.0,0.0,0.0,0.0,1.0
432778,0,1,3400,-66,66,236,13,19,0.50,21600.000000,0,27,3.0,0.0,0.0,0.0,0.0,0.0,0.0,1.0
433027,0,1,3400,-66,66,239,13,19,0.50,5408.000000,0,27,3.0,0.0,0.0,0.0,0.0,0.0,0.0,1.0
433276,0,1,3400,-66,66,241,13,19,0.50,16192.000000,0,27,3.0,0.0,20224.000000,0,0.0,0.0,0.0,1.0
433525,0,1,3400,-66,66,240,13,19,0.50,10560.000000,0,27,3.5,0.0,0.0,0.0,0.0,0.0,0.0,1.0
433774,0,1,3400,-66,66,234,13,19,0.50,16192.000000,0,27,3.5,0.0,0.0,0.0,0.0,0.0,0.0,1.0
434023,0,1,3400,-66,66,233,14,19,0.61,5152.000000,0,27,3.5,0.0,0.0,0.0,0.0,0.0,0.0,1.0
434272,0,1,3400,-66,66,233,15,19,0.66,16224.000000,0,27,4.7,56,0.0,80,0.0,0.0,0.0,1.0
434521,0,1,3400,-66,66,234,13,19,0.50,21536.000000,0,27,7.0,56,0.0,0.0,0.0,0.0,0.0,1.0
434770,0,1,3400,-67,67,237,13,19,0.50,5408.000000,0,27,0.84,0.0,7424.000000,14,0.0,0.0,0.0,1.0
435019,0,1,3400,-67,67,237,13,20,0.50,5152.000000,0,27,0.016,0.0,0.0,0.0,0.0,0.0,0.0,1.0
435268,0,1,3400,-67,67,237,15,19,0.50,16032.000000,0,27,1.2,0.0,16576.000000,20,0.0,0.0,0.0,1.0
435517,0,1,3400,-67,67,238,16,19,0.50,5408.000000,0,27,2.0,0.0,1568.000000,0,0.0,0.0,0.0,1.0
435766,0,1,3400,-67,67,232,16,19,0.50,0.0,0.0,27,2.0,0.0,0.0,0.0,0.0,0.0,0.0,1.0
436015,0,1,3400,-67,67,234,12,19,0.50,5408.000000,0,27,3.1,0.0,0.0,80,0.0,0.0,0.0,1.0
436264,0,1,3400,-67,67,238,12,19,0.50,10560.000000,0,27,6.7,0.0,0.0,80,0.0,0.0,0.0,1.0
436513,0,1,3400,-67,67,237,16,19,0.50,21290.835938,0,27,7.0,0.0,0.0,0.0,0.0,0.0,0.0,1.0
436762,0,1,3400,-66,66,238,16,20,0.50,10400.000000,0,27,4.4,0.0,1568.000000,0,0.0,0.0,0.0,1.0
437011,0,1,3400,-66,66,238,15,19,0.50,16160.000000,0,27,3.5,0.0,0.0,0.0,0.0,0.0,0.0,1.0
437260,0,1,3400,-66,66,238,12,19,0.50,11200.000000,0,27,1.9,0.0,5184.000000,68,0.0,0.0,0.0,1.0
437509,0,1,3400,-66,66,236,8.9,20,0.50,15712.000000,0,27,0.0,0.0,1568.000000,0,0.0,0.0,0.0,1.0
437758,0,1,3400,-65,65,234,13,20,0.52,26944.000000,0,27,0.0,0.0,0.0,0.0,0.0,0.0,0.0,1.0
438007,0,1,3400,-65,65,234,18,21,0.75,0.0,0.0,27,0.0,0.0,1568.000000,0,0.0,0.0,0.0,1.0
438256,0,1,3400,-65,65,238,10,20,0.54,26880.000000,0,27,0.85,0.0,27840.000000,47,0.0,0.0,0.0,1.0
438505,0,1,3400,-66,66,240,6.9,20,0.50,5344.000000,0,27,1.0,0.0,0.0,0.0,0.0,0.0,0.0,1.0
438755,0,1,3400,-66,66,240,5.6,20,0.50,5429.718750,0,27,4.1,0.0,10184.739258,0,0.0,0.0,0.0,1.0
439004,0,1,3400,-65,65,237,13,20,0.50,10560.000000,0,27,6.9,0.0,0.0,0.0,0.0,0.0,0.0,1.0
439253,0,1,3400,-66,66,236,15,21,0.50,5312.000000,0,27,6.9,104,0.0,0,0.0,0.0,0.0,1.0
439502,0,1,3400,-66,66,236,9.0,20,0.50,27040.000000,0,27,4.1,0.0,37856.000000,45,0.0,0.0,0.0,1.0
439751,0,1,3400,-65,65,235,11,20,0.50,5408.000000,0,27,2.9,0.0,1568.000000,0,0.0,0.0,0.0,1.0
440000,0,1,3400,-65,65,235,11,20,0.50,10816.000000,0,27,2.0,0.0,0.0,0.0,0.0,0.0,0.0,1.0
440249,0,1,3400,-65,65,234,14,20,0.50,15712.000000,0,27,3.2,0.0,22624.000000,20,0.0,0.0,0.0,1.0
440498,0,1,3400,-66,66,236,15,20,0.50,5152.000000,0,27,0.55,0.0,0.0,0.0,0.0,0.0,0.0,1.0
440747,0,1,3400,-65,65,231,15,20,0.50,0.0,0.0,27,0.52,0.0,0.0,0.0,0.0,0.0,0.0,1.0
440996,0,1,3400,-65,65,234,16,21,0.50,20768.000000,0,27,0.51,0.0,0.0,0.0,0.0,0.0,0.0,1.0
441245,0,1,3400,-65,65,239,15,20,0.50,5376.000000,0,27,1.9,0.0,24864.000000,27,0.0,0.0,0.0,1.0
441494,0,1,3400,-66,66,239,13,20,0.50,5408.000000,0,27,4.0,0.0,0.0,0.0,0.0,0.0,0.0,1.0
441743,0,1,3400,-66,66,236,13,20,0.50,10720.000000,0,27,5.4,0.0,2528.000000,0,0.0,0.0,0.0,1.0
441992,0,1,3400,-66,66,233,13,20,0.50,10656.000000,0,27,5.9,0.0,4256.000000,0,0.0,0.0,0.0,1.0
442241,0,1,3400,-66,66,232,15,20,0.51,10400.000000,0,27,6.0,186,0.0,0.0,0.0,0.0,0.0,1.0
442490,0,1,3400,-66,66,238,17,20,0.74,15552.000000,0,27,2.9,0.0,20576.000000,7,0.0,0.0,0.0,1.0
442739,0,1,3400,-67,67,240,18,20,0.50,15872.000000,0,27,2.0,0.0,0.0,0.0,0.0,0.0,0.0,1.0
442988,0,1,3400,-66,66,237,16,20,0.62,15776.892578,0,27,2.0,0.0,0.0,0.0,0.0,0.0,0.0,1.0
443237,0,1,3400,-66,66,240,16,20,0.75,5152.000000,0,27,2.0,60,0.0,0,0.0,0.0,0.0,1.0
443486,0,1,3400,-66,66,240,18,20,0.53,10304.000000,0,27,3.5,0.0,8064.000000,0,0.0,0.0,0.0,1.0
443735,0,1,3400,-66,66,236,18,20,0.50,15456.000000,0,27,3.5,0.0,0.0,0.0,0.0,0.0,0.0,1.0
443984,0,1,3400,-66,66,236,17,20,0.53,15712.000000,0,27,5.4,0.0,10144.000000,0,0.0,0.0,0.0,1.0
444233,0,1,3400,-66,66,236,18,20,0.75,0.0,0.0,27,8.1,0.0,2592.000000,0,0.0,0.0,0.0,1.0
444482,0,1,3400,-66,66,236,16,21,0.57,10400.000000,0,27,11,0.0,21344.000000,32,0.0,0.0,0.0,1.0
444731,0,1,3400,-65,65,238,17,21,0.50,20800.000000,0,27,20,0.0,0.0,0.0,0.0,0.0,0.0,1.0
444980,0,1,3400,-66,66,237,14,20,0.50,5152.000000,0,27,20,0.0,0.0,0.0,0.0,0.0,0.0,1.0
445229,0,1,3400,-65,65,238,13,21,0.50,37344.000000,0,27,9.3,0.0,22144.000000,0,0.0,0.0,0.0,1.0
445478,0,1,3400,-65,65,240,15,21,0.50,40064.257812,0,27,4.0,0.0,0.0,0.0,0.0,0.0,0.0,1.0
445727,0,1,3400,-65,65,242,13,21,0.50,13280.000000,0,27,4.0,0.0,4256.000000,50,0.0,0.0,0.0,1.0
445976,0,1,3400,-65,65,239,14,21,0.50,20608.000000,0,27,4.0,0.0,4256.000000,0,0.0,0.0,0.0,1.0
446225,0,1,3400,-65,65,237,18,21,0.50,5152.000000,0,27,3.6,0.0,14976.000000,0,0.0,0.0,0.0,1.0
446474,0,1,3400,-65,65,234,18,22,0.50,10304.000000,0,27,2.5,0.0,0.0,0.0,0.0,0.0,0.0,1.0
446723,0,1,3400,-65,65,233,15,21,0.50,20992.000000,0,27,5.4,0.0,7200.000000,0,0.0,0.0,0.0,1.0
446972,0,1,3400,-65,65,237,13,21,0.50,16032.000000,0,27,5.3,0.0,2528.000000,0,0.0,0.0,0.0,1.0
447221,0,1,3400,-65,65,236,13,21,0.50,20768.000000,0,27,2.2,0.0,14816.000000,0,0.0,0.0,0.0,1.0
447470,0,1,3400,-65,65,239,17,21,0.50,5312.000000,0,27,4.5,0.0,7200.000000,0,0.0,0.0,0.0,1.0
447719,0,1,3400,-66,66,239,12,21,0.50,26624.000000,0,27,3.9,0.0,2528.000000,0,0.0,0.0,0.0,1.0
447968,0,1,3400,-66,66,239,12,21,0.58,36768.000000,0,27,3.0,0.0,0.0,0.0,0.0,0.0,0.0,1.0
448217,0,1,3400,-66,66,237,11,21,0.50,0.0,0.0,27,5.4,0.0,5664.000000,0,0.0,0.0,0.0,1.0
448466,0,1,3400,-65,65,237,12,21,0.50,10560.000000,0,27,4.7,0.0,42048.000000,0,0.0,0.0,0.0,1.0
448716,0,1,3400,-65,65,239,11,21,0.50,21376.000000,0,27,4.0,0.0,0.0,0.0,0.0,0.0,0.0,1.0
448965,0,1,3400,-65,65,235,6.1,21,0.50,10816.000000,0,27,3.6,0.0,2592.000000,0,0.0,0.0,0.0,1.0
449214,0,1,3400,-65,65,235,12,21,0.50,21408.000000,0,27,4.9,0.0,11488.000000,0,0.0,0.0,0.0,1.0
449463,0,1,3400,-65,65,235,14,21,0.50,10304.000000,0,27,6.2,0.0,9376.000000,0,0.0,0.0,0.0,1.0
449712,0,1,3400,-65,65,235,18,22,0.50,5131.474121,0,27,7.5,0.0,0.0,0.0,0.0,0.0,0.0,1.0
449961,0,1,3400,-65,65,235,18,22,0.50,5152.000000,0,27,7.9,0.0,7200.000000,0,0.0,0.0,0.0,1.0
450210,0,1,3400,-65,65,236,18,22,0.50,0.0,0.0,27,7.2,0.0,2528.000000,0,0.0,0.0,0.0,1.0
450459,0,1,3400,-65,65,235,18,22,0.50,0.0,0.0,27,5.5,0.0,0.0,0.0,0.0,0.0,0.0,1.0
450708,0,1,3400,-64,64,239,18,22,0.50,0.0,0.0,27,6.6,0.0,7200.000000,0,0.0,0.0,0.0,1.0
450957,0,1,3400,-64,64,239,18,22,0.50,0.0,0.0,27,7.3,0.0,7200.000000,0,0.0,0.0,0.0,1.0
451206,0,1,3400,-64,64,237,18,22,0.50,0.0,0.0,27,9.5,0.0,0.0,0.0,0.0,0.0,0.0,1.0
451455,0,1,3400,-64,64,235,18,22,0.50,0.0,0.0,27,7.8,0.0,4384.000000,0,0.0,0.0,0.0,1.0
451704,0,1,3400,-64,64,235,18,22,0.50,0.0,0.0,27,6.8,0.0,4273.092285,0,0.0,0.0,0.0,1.0
451953,0,1,3400,-64,64,236,18,23,0.50,0.0,0.0,27,5.5,0.0,0.0,0.0,0.0,0.0,0.0,1.0
452202,0,1,3400,-64,64,236,18,22,0.50,0.0,0.0,27,7.1,0.0,9376.000000,0,0.0,0.0,0.0,1.0
452451,0,1,3400,-64,64,234,18,23,0.50,0.0,0.0,27,7.6,0.0,4256.000000,0,0.0,0.0,0.0,1.0
452700,0,1,3400,-64,64,229,18,23,0.50,0.0,0.0,27,6.5,0.0,0.0,0.0,0.0,0.0,0.0,1.0
452949,0,1,3400,-64,64,234,18,23,0.50,0.0,0.0,27,6.5,0.0,9376.000000,0,0.0,0.0,0.0,1.0
453198,0,1,3400,-64,64,236,18,23,0.50,0.0,0.0,27,6.5,0.0,9376.000000,0,0.0,0.0,0.0,1.0
453447,0,1,3400,-64,64,235,18,23,0.50,0.0,0.0,27,6.5,0.0,0.0,0.0,0.0,0.0,0.0,1.0
453696,0,1,3400,-64,64,231,18,23,0.50,0.0,0.0,27,6.2,0.0,7200.000000,0,0.0,0.0,0.0,1.0
453945,0,1,3400,-64,64,231,18,23,0.50,0.0,0.0,27,5.5,0.0,0.0,0.0,0.0,0.0,0.0,1.0
454194,0,1,3400,-64,64,239,18,24,0.50,0.0,0.0,27,5.5,0.0,0.0,0.0,0.0,0.0,0.0,1.0
454443,0,1,3400,-64,64,241,18,23,0.50,0.0,0.0,27,5.5,0.0,0.0,0.0,0.0,0.0,0.0,1.0
454692,0,1,3400,-64,64,237,18,23,0.50,0.0,0.0,27,5.5,0.0,0.0,0.0,0.0,0.0,0.0,1.0
454941,0,1,3400,-64,64,234,18,23,0.50,0.0,0.0,27,5.5,0.0,0.0,0.0,0.0,0.0,0.0,1.0
455190,0,1,3400,-64,64,235,18,23,0.50,0.0,0.0,27,5.5,0.0,0.0,0.0,0.0,0.0,0.0,1.0
455439,0,1,3400,-68,68,208,18,19,0.50,0.0,0.0,27,5.5,0.0,0.0,0.0,0.0,0.0,0.0,1.0
455688,0,1,3400,-88,88,169,18,0.92,0.50,0.0,0.0,27,5.5,0.0,0.0,0.0,0.0,0.0,0.0,1.0
455937,0,1,3400,-88,88,358,18,0.93,0.50,0.0,0.0,27,5.5,0.0,0.0,0.0,0.0,0.0,0.0,1.0
456186,0,1,3400,-88,88,692,18,0.92,0.50,0.0,0.0,27,5.5,0.0,0.0,0.0,0.0,0.0,0.0,1.0
456435,0,1,3400,-88,88,839,18,0.94,0.50,0.0,0.0,27,5.5,