Timestamp,num_ues,IMSI,RNTI,,slicing_enabled,slice_id,slice_prb,power_multiplier,scheduling_policy,,dl_mcs,dl_n_samples,dl_buffer [bytes],tx_brate downlink [Mbps],tx_pkts downlink,tx_errors downlink (%),dl_cqi,,ul_mcs,ul_n_samples,ul_buffer [bytes],rx_brate uplink [Mbps],rx_pkts uplink,rx_errors uplink (%),ul_rssi,ul_sinr,phr,,sum_requested_prbs,sum_granted_prbs,,dl_pmi,dl_ri,ul_n,ul_turbo_iters
1604113021215,9,1010123456024,70,,1,2,4,1,1,,8.36364,11,0,0.004608,3,0,7.33333,,10.1333,15,0,0.1,6,0,0,26.5418,31,,1,10,,0,0,0,1
1604113021465,9,1010123456024,70,,1,2,4,1,1,,8.6087,23,0,0.023232,10,0,7.66667,,13.4444,18,0,0.1,7,0,0,19.5292,31,,0,36,,0,0,0,1.16667
1604113021715,9,1010123456024,70,,1,2,4,1,1,,18,5,0,0.005152,1,0,9,,0,0,0,0,0,0,0,0,0,,0,8,,0,0,0,0
1604113021965,9,1010123456024,70,,1,2,4,1,1,,14.5,12,0,0.026016,6,0,8.14286,,10.375,8,0,0.1,3,0,0,15.5364,31,,0,18,,0,0,0,2.125
1604113022215,9,1010123456024,70,,1,2,4,1,1,,0,2,158,0.005152,1,0,8.16667,,0,0,0,0,0,0,0,0,0,,0,4,,0,0,0,0
1604113022465,9,1010123456024,70,,1,2,4,1,1,,18,7,0,0.0155181,3,0,8.16667,,7.4,5,0,0.1,2,0,0,12.8005,31,,0,12,,0,0,0,1
1604113022715,9,1010123456024,70,,1,2,4,1,1,,18,7,0,0.015456,3,0,8.8,,0,0,0,0,0,0,0,0,0,,0,12,,0,0,0,0
1604113022965,9,1010123456024,70,,1,2,4,1,1,,14.2,10,0,0.015552,4,0,8.71429,,0,0,0,0,0,0,0,0,0,,0,16,,0,0,0,0
1604113023215,9,1010123456024,70,,1,2,4,1,1,,0,0,0,0,0,0,8.83333,,0,0,0,0,0,0,0,0,0,,0,0,,0,0,0,0
1604113023465,9,1010123456024,70,,1,2,4,1,1,,10.2,5,0,0.005408,2,0,8.83333,,0,0,0,0,0,0,0,0,0,,0,6,,0,0,0,0
1604113023715,9,1010123456024,70,,1,2,4,1,1,,12.8,5,0,0.005312,2,0,8.16667,,5.14286,7,0,0.1,3,0,0,8.23653,31,,0,6,,0,0,0,1.28571
1604113023965,9,1010123456024,70,,1,2,4,1,1,,12.8,10,0,0.010624,4,0,8.28571,,0,0,0,0,0,0,0,0,0,,0,12,,0,0,0,0
1604113024215,9,1010123456024,70,,1,2,4,1,1,,13.5,16,50,0.014336,6,0,8.16667,,0,0,0,0,0,0,0,0,0,,4,14,,0,0,0,0
1604113024465,9,1010123456024,70,,1,2,4,1,1,,12,20,0,0.012736,8,0,8,,11.36,25,0,0.10144,10,0,0,14.2077,31,,9,16,,0,0,0,1.56
1604113024715,9,1010123456024,70,,1,2,4,1,1,,13.2778,36,0,0.027168,15,0,8,,0,0,0,0,0,0,0,0,0,,15,30,,0,0,0,0
1604113024965,9,1010123456024,70,,1,2,4,1,1,,13.4286,7,0,0.005408,3,0,7.71429,,0,2,0,0.1,1,0,0,0,31,,3,6,,0,0,0,0
1604113025215,9,1010123456024,70,,1,2,4,1,1,,11.913,69,0,0.036032,22,0,7.66667,,0,0,0,0,0,0,0,0,0,,28,56,,0,0,0,0
1604113025465,9,1010123456024,70,,1,2,4,1,1,,13.4286,14,0,0.018816,12,0,8,,12.4,5,0,0.1,2,0,0,10.0839,31,,6,12,,0,0,0,2
1604113025715,9,1010123456024,70,,1,2,4,1,1,,12,18,0,0.011008,7,0,7.66667,,0,0,0,0,0,0,0,0,0,,7,14,,0,0,0,0
1604113025965,9,1010123456024,70,,1,2,4,1,1,,10.875,16,0,0.010912,7,0,7.85714,,0,0,0,0,0,0,0,0,0,,7,14,,0,0,0,0
1604113026215,9,1010123456024,70,,1,2,4,1,1,,11.7429,35,0,0.021888,14,0,7.5,,0,0,0,0,0,0,0,0,0,,14,28,,0,0,0,0
1604113026465,9,1010123456024,70,,1,2,4,1,1,,9.63636,11,0,0.005728,5,0,7.83333,,0,0,0,0,0,0,0,0,0,,7,10,,0,0,0,0
1604113026715,9,1010123456024,70,,1,2,4,1,1,,13.2857,14,0,0.010816,6,0,7.83333,,8.5,10,0,0.1,4,0,0,17.2837,31,,8,12,,0,0,0,1.3
1604113026965,9,1010123456024,70,,1,2,4,1,1,,11.5312,32,78,0.01648,11,0,7.42857,,0,0,0,0,0,0,0,0,0,,15,26,,0,0,0,0
1604113027215,9,1010123456024,70,,1,2,4,1,1,,11.125,40,0,0.02096,15,0,7.66667,,0,0,0,0,0,0,0,0,0,,25,36,,0,0,0,0
1604113027465,9,1010123456024,70,,1,2,4,1,1,,10.1923,26,0,0.017856,14,0,7,,7.8,5,0,0.1,2,0,0,16.669,31,,11,18,,0,0,0,1
1604113027715,9,1010123456024,70,,1,2,4,1,1,,9.90385,52,121,0.022656,19,0,7,,15,6,0,0.1,2,50,0,9.37719,31,,22,40,,0,0,0,6.5
1604113027965,9,1010123456024,70,,1,2,4,1,1,,9.43103,58,0,0.028224,24,0,6.71429,,0,0,0,0,0,0,0,0,0,,36,46,,0,0,0,0
1604113028215,9,1010123456024,70,,1,2,4,1,1,,8.96,50,0,0.022848,21,0,6.66667,,0,0,0,0,0,0,0,0,0,,28,42,,0,0,0,0
1604113028465,9,1010123456024,70,,1,2,4,1,1,,9.90476,21,0,0.011168,9,0,6.83333,,7.8,5,0,0.1,2,0,0,17.6901,31,,12,18,,0,0,0,1
1604113028715,9,1010123456024,70,,1,2,4,1,1,,0,0,0,0,0,0,6.33333,,0,0,0,0,0,0,0,0,0,,0,0,,0,0,0,0
1604113028965,9,1010123456024,70,,1,2,4,1,1,,8.9375,64,0,0.028512,26,0,6.28571,,0,0,0,0,0,0,0,0,0,,29,52,,0,0,0,0
1604113029215,9,1010123456024,70,,1,2,4,1,1,,9.18421,38,0,0.013952,13,0,6.33333,,0,0,0,0,0,0,0,0,0,,20,30,,0,0,0,0
1604113029465,9,1010123456024,70,,1,2,4,1,1,,9.24,75,36,0.029984,26,0,6.16667,,13.2,5,0,0.1,2,0,0,20.6124,31,,44,60,,0,0,0,1.4
1604113029715,9,1010123456024,70,,1,2,4,1,1,,7.925,40,84,0.018592,19,0,6.5,,0,0,0,0,0,0,0,0,0,,24,32,,0,0,0,0
1604113029965,9,1010123456024,70,,1,2,4,1,1,,8.61017,59,0,0.028544,26,0,6.28571,,0,0,0,0,0,0,0,0,0,,33,48,,0,0,0,0
1604113030215,9,1010123456024,70,,1,2,4,1,1,,8.68421,38,0,0.01712,16,0,6.5,,0,0,0,0,0,0,0,0,0,,22,32,,0,0,0,0
1604113030465,9,1010123456024,70,,1,2,4,1,1,,0,0,0,0,0,0,6.33333,,0,0,0,0,0,0,0,0,0,,0,0,,0,0,0,0
1604113030715,9,1010123456024,70,,1,2,4,1,1,,7.6875,16,0,0.005856,6,0,6,,12,7,0,0.1,3,33.3333,0,14.0899,31,,8,12,,0,0,0,4.42857
1604113030965,9,1010123456024,70,,1,2,4,1,1,,0,0,0,0,0,0,6.42857,,0,0,0,0,0,0,0,0,0,,0,0,,0,0,0,0
1604113031215,9,1010123456024,70,,1,2,4,1,1,,8.78049,41,0,0.017344,16,0,6.33333,,0,0,0,0,0,0,0,0,0,,23,32,,0,0,0,0
1604113031465,9,1010123456024,70,,1,2,4,1,1,,9,41,0,0.01152,11,0,6.66667,,0,0,0,0,0,0,0,0,0,,22,32,,0,0,0,0
1604113031715,9,1010123456024,70,,1,2,4,1,1,,8.58974,39,0,0.02272,21,0,6.16667,,13.2,5,0,0.1,2,0,0,21.3084,31,,19,32,,0,0,0,1
1604113031965,9,1010123456024,70,,1,2,4,1,1,,9.92308,13,0,0.005696,5,0,7,,0,0,0,0,0,0,0,0,0,,5,10,,0,0,0,0
1604113032215,9,1010123456024,70,,1,2,4,1,1,,10.5312,32,0,0.016672,13,0,7,,0,0,0,0,0,0,0,0,0,,18,26,,0,0,0,0
1604113032465,9,1010123456024,70,,1,2,4,1,1,,11.3214,28,0,0.016576,12,0,7,,13.2,5,0,0.1,2,0,0,22.5966,31,,19,24,,0,0,0,1
1604113032715,9,1010123456024,70,,1,2,4,1,1,,11.4444,9,0,0.005504,4,0,7.16667,,0,0,0,0,0,0,0,0,0,,4,8,,0,0,0,0
1604113032965,9,1010123456024,70,,1,2,4,1,1,,0,0,158,0,0,0,7.42857,,0,0,0,0,0,0,0,0,0,,0,0,,0,0,0,0
1604113033215,9,1010123456024,70,,1,2,4,1,1,,13.3333,30,0,0.021696,12,0,7.5,,0,0,0,0,0,0,0,0,0,,12,24,,0,0,0,0
1604113033465,10,1010123456024,70,,1,2,4,1,1,,12.5152,33,0,0.021728,13,0,8.16667,,13,5,0,0.1,2,0,0,15.7941,31,,14,26,,0,0,0,1.6
1604113033715,10,1010123456024,70,,1,2,4,1,1,,13.25,8,0,0.00542972,3,0,7.66667,,0,0,0,0,0,0,0,0,0,,3,6,,0,0,0,0
1604113033965,10,1010123456024,70,,1,2,4,1,1,,13.0667,30,0,0.021664,12,0,7.71429,,0,0,0,0,0,0,0,0,0,,16,24,,0,0,0,0
1604113034215,10,1010123456024,70,,1,2,4,1,1,,13.1429,14,315,0.01088,6,0,8,,0,0,0,0,0,0,0,0,0,,6,12,,0,0,0,0
1604113034465,10,1010123456024,70,,1,2,4,1,1,,12.5417,24,0,0.016416,10,0,7.66667,,0,0,0,0,0,0,0,0,0,,10,20,,0,0,0,0
1604113034715,10,1010123456024,70,,1,2,4,1,1,,11.2941,17,0,0.010912,7,0,7.66667,,13.8,5,0,0.1,2,0,0,17.4266,31,,7,14,,0,0,0,1
1604113034965,10,1010123456024,70,,1,2,4,1,1,,11.84,25,0,0.016448,10,0,7.85714,,0,0,0,0,0,0,0,0,0,,10,20,,0,0,0,0
1604113035215,10,1010123456024,70,,1,2,4,1,1,,2.33696,92,0,0.014784,37,0,7,,0,0,0,0,0,0,0,0,0,,60,74,,0,0,0,0
1604113035465,10,1010123456024,70,,1,2,4,1,1,,9.47619,21,0,0.011168,9,0,7.33333,,13.2,5,0,0.1,2,0,0,22.2488,31,,9,18,,0,0,0,1
1604113035715,10,1010123456024,70,,1,2,4,1,1,,10.5,20,0,0.011008,8,0,7.83333,,0,0,0,0,0,0,0,0,0,,9,18,,0,0,0,0
1604113035965,10,1010123456024,70,,1,2,4,1,1,,10.0444,45,0,0.022368,18,0,7,,0,0,0,0,0,0,0,0,0,,20,38,,0,0,0,0
1604113036215,10,1010123456024,70,,1,2,4,1,1,,9.69697,33,0,0.016672,13,0,7.16667,,0,0,0,0,0,0,0,0,0,,13,26,,0,0,0,0
1604113036465,10,1010123456024,70,,1,2,4,1,1,,9.95556,45,0,0.022656,19,0,6.83333,,13.5,6,0,0.1,2,0,0,15.0128,31,,20,38,,0,0,0,2
1604113036715,10,1010123456024,70,,1,2,4,1,1,,11.1,10,0,0.005504,4,0,7.16667,,0,0,0,0,0,0,0,0,0,,4,8,,0,0,0,0
1604113036965,10,1010123456024,70,,1,2,4,1,1,,9.5,38,0,0.016864,14,0,7.14286,,0,0,0,0,0,0,0,0,0,,14,28,,0,0,0,0
1604113037215,10,1010123456024,70,,1,2,4,1,1,,9.68571,35,0,0.016864,14,0,7,,0,0,0,0,0,0,0,0,0,,15,28,,0,0,0,0
1604113037465,10,1010123456024,70,,1,2,4,1,1,,9.46154,13,0,0.005696,5,0,7,,13.1852,27,0,0.146784,11,0,0,17.3844,31,,5,10,,0,0,0,1.11111
1604113037715,10,1010123456024,70,,1,2,4,1,1,,0,0,0,0,0,0,7,,0,0,0,0,0,0,0,0,0,,0,0,,0,0,0,0
1604113037965,10,1010123456024,70,,1,2,4,1,1,,9.88889,36,0,0.016832,14,0,7,,0,0,0,0,0,0,0,0,0,,15,28,,0,0,0,0
1604113038215,10,1010123456024,70,,1,2,4,1,1,,9.22222,36,0,0.011328,10,0,7,,0,0,0,0,0,0,0,0,0,,16,30,,0,0,0,0
1604113038465,10,1010123456024,70,,1,2,4,1,1,,10.1786,56,0,0.03376,28,0,7,,15,5,0,0.1,2,0,0,23.2977,31,,23,46,,0,0,0,1
1604113038715,10,1010123456024,70,,1,2,4,1,1,,10.0833,24,0,0.011296,9,0,7,,0,0,0,0,0,0,0,0,0,,10,18,,0,0,0,0
1604113038965,10,1010123456024,70,,1,2,4,1,1,,9.85106,47,0,0.022624,19,0,7.14286,,0,0,0,0,0,0,0,0,0,,19,38,,0,0,0,0
1604113039215,10,1010123456024,70,,1,2,4,1,1,,10.3594,64,0,0.033376,25,0,7.16667,,0,0,0,0,0,0,0,0,0,,26,50,,0,0,0,0
1604113039465,10,1010123456024,70,,1,2,4,1,1,,10.0588,34,0,0.016864,14,0,7.16667,,13.2,5,0,0.1,2,0,0,18.9932,31,,14,28,,0,0,0,1
1604113039715,10,1010123456024,70,,1,2,4,1,1,,9.27027,37,0,0.017088,15,0,7,,0,0,0,0,0,0,0,0,0,,15,30,,0,0,0,0
1604113039965,10,1010123456024,70,,1,2,4,1,1,,9.68,25,0,0.005664,5,0,7.14286,,0,0,0,0,0,0,0,0,0,,10,20,,0,0,0,0
1604113040215,10,1010123456024,70,,1,2,4,1,1,,5.6,40,0,0.017824,21,0,6.33333,,0,0,0,0,0,0,0,0,0,,29,38,,0,0,0,0
1604113040465,10,1010123456024,70,,1,2,4,1,1,,8.36364,11,0,0.005664,5,0,7,,13.2,5,0,0.1,2,0,0,21.9431,31,,5,10,,0,0,0,1
1604113040715,10,1010123456024,70,,1,2,4,1,1,,0,0,0,0,0,0,7,,0,0,0,0,0,0,0,0,0,,0,0,,0,0,0,0
1604113040965,10,1010123456024,70,,1,2,4,1,1,,11.5,20,43,0.005664,5,0,7.42857,,0,0,0,0,0,0,0,0,0,,9,18,,0,0,0,0
1604113041215,10,1010123456024,70,,1,2,4,1,1,,10.3333,30,0,0.021984,15,0,7,,0,0,0,0,0,0,0,0,0,,11,22,,0,0,0,0
1604113041465,10,1010123456024,70,,1,2,4,1,1,,10.2174,23,0,0.011296,9,0,7.33333,,0,0,0,0,0,0,0,0,0,,9,18,,0,0,0,0
1604113041715,10,1010123456024,70,,1,2,4,1,1,,9.37838,37,0,0.015392,13,0,5.83333,,13.25,8,0,0.1,3,33.3333,0,12.4146,31,,15,30,,0,0,0,5.125
1604113041965,10,1010123456024,70,,1,2,4,1,1,,8.36364,55,0,0.024704,24,0,6.42857,,0,0,0,0,0,0,0,0,0,,22,44,,0,0,0,0
1604113042215,10,1010123456024,70,,1,2,4,1,1,,9.76923,13,0,0.005664,5,0,6.83333,,0,0,0,0,0,0,0,0,0,,5,10,,0,0,0,0
1604113042465,10,1010123456024,70,,1,2,4,1,1,,7.73333,15,0,0.005888,6,0,6.33333,,13.8,5,0,0.1,2,0,0,17.6808,31,,6,12,,0,0,0,1
1604113042715,10,1010123456024,70,,1,2,4,1,1,,8.92308,13,0,0.005664,5,0,6.5,,0,0,0,0,0,0,0,0,0,,5,10,,0,0,0,0
1604113042965,10,1010123456024,70,,1,2,4,1,1,,7.6,30,0,0.011648,12,0,6.14286,,0,0,0,0,0,0,0,0,0,,12,24,,0,0,0,0
1604113043215,10,1010123456024,70,,1,2,4,1,1,,8,7,44,0,0,0,6,,0,0,0,0,0,0,0,0,0,,4,8,,0,0,0,0
1604113043465,10,1010123456024,70,,1,2,4,1,1,,10,26,0,0.017056,14,0,6.5,,12.8,5,0,0.1,2,0,0,16.7535,31,,10,20,,0,0,0,1
1604113043715,10,1010123456024,70,,1,2,4,1,1,,8.40385,52,0,0.02304,22,0,6.25,,0,0,0,0,0,0,0,0,0,,22,44,,0,0,0,0
1604113043965,10,1010123456024,70,,1,2,4,1,1,,7.54348,46,0,0.016576,17,0,6.28571,,0,0,0,0,0,0,0,0,0,,19,36,,0,0,0,0
1604113044253,9,1010123456024,70,,1,2,4,1,1,,7.6,15,0,0.00577778,7,0,6.57143,,0,0,0,0,0,0,0,0,0,,6,12,,0,0,0,0
1604113044465,9,1010123456024,70,,1,2,4,1,1,,8.58974,39,0,0.0144906,10,0,6.2,,10.8,5,0,0.1,2,0,0,14.8544,31,,15,30,,0,0,0,1
1604113044715,9,1010123456024,70,,1,2,4,1,1,,8.62069,29,0,0.016352,16,0,6.16667,,0,0,0,0,0,0,0,0,0,,12,22,,0,0,0,0
1604113044965,9,1010123456024,70,,1,2,4,1,1,,9.16667,12,0,0.0056,5,0,7,,0,0,0,0,0,0,0,0,0,,5,10,,0,0,0,0
1604113045215,9,1010123456024,70,,1,2,4,1,1,,7.73333,30,0,0.011648,12,0,8,,0,0,0,0,0,0,0,0,0,,14,24,,0,0,0,0
1604113045465,9,1010123456024,70,,1,2,4,1,1,,8.53571,28,0,0.01152,11,0,7.16667,,5.5,8,0,0.1,3,0,0,13.9196,31,,12,24,,0,0,0,1.375
1604113045715,9,1010123456024,70,,1,2,4,1,1,,5.91304,23,0,0.006208,9,0,6,,0,0,0,0,0,0,0,0,0,,15,18,,0,0,0,0
1604113045965,9,1010123456024,70,,1,2,4,1,1,,0,0,0,0,0,0,6.28571,,0,0,0,0,0,0,0,0,0,,0,0,,0,0,0,0
1604113046215,9,1010123456024,70,,1,2,4,1,1,,7.72414,29,0,0.011616,12,0,6,,0,0,0,0,0,0,0,0,0,,12,24,,0,0,0,0
1604113046465,9,1010123456024,70,,1,2,8,1,1,,7.66129,62,0,0.023424,24,0,6,,12,5,0,0.1,2,0,0,20.1674,31,,24,48,,0,0,0,1
1604113046741,8,1010123456024,70,,1,2,8,1,1,,0,0,0,0,0,0,6.57143,,0,0,0,0,0,0,0,0,0,,0,0,,0,0,0,0
1604113046965,8,1010123456024,70,,1,2,8,1,1,,8.56098,41,0,0.0191071,16,0,6.33333,,0,0,0,0,0,0,0,0,0,,25,38,,0,0,0,0
1604113047215,8,1010123456024,70,,1,2,8,1,1,,7.38158,76,0,0.023744,27,0,6,,0,0,0,0,0,0,0,0,0,,57,80,,0,0,0,0
1604113047465,8,1010123456024,70,,1,2,8,1,1,,7.02941,34,0,0.017408,18,0,6.83333,,0,2,0,0.1,1,0,0,0,31,,22,30,,0,0,0,0
1604113047715,8,1010123456024,70,,1,2,8,1,1,,7.1,30,0,0.011584,12,0,6,,13.2,5,0,0.1,2,0,0,18.4258,31,,23,34,,0,0,0,1
1604113047965,8,1010123456024,70,,1,2,8,1,1,,7.16667,12,0,0.003488,4,0,6.28571,,0,0,0,0,0,0,0,0,0,,13,16,,0,0,0,0
1604113048215,8,1010123456024,70,,1,2,8,1,1,,7.16,25,0,0.013632,11,0,7,,0,0,0,0,0,0,0,0,0,,22,28,,0,0,0,0
1604113048465,8,1010123456024,70,,1,2,8,1,1,,8.59091,22,0,0.011264,9,0,4.83333,,13.2,5,0,0.1,2,0,0,20.046,31,,15,20,,0,0,0,1
1604113048715,8,1010123456024,70,,1,2,8,1,1,,5.94,50,0,0.0128,15,0,5.33333,,0,0,0,0,0,0,0,0,0,,38,48,,0,0,0,0
1604113048965,8,1010123456024,70,,1,2,8,1,1,,5.80851,47,0,0.022688,24,0,5.28571,,0,0,0,0,0,0,0,0,0,,47,58,,0,0,0,0
1604113049215,8,1010123456024,70,,1,2,8,1,1,,6.18644,59,0,0.0232,24,0,5.5,,0,0,0,0,0,0,0,0,0,,58,74,,0,0,0,0
1604113049465,8,1010123456024,70,,1,2,8,1,1,,6.11765,34,0,0.011904,14,0,5.83333,,13.8,5,0,0.1,2,0,0,19.333,31,,28,38,,0,0,0,1
1604113049715,8,1010123456024,70,,1,2,8,1,1,,7.86957,46,0,0.017504,18,0,6.16667,,15,3,0,0.1,1,0,0,20.3097,31,,27,44,,0,0,0,1
1604113049965,8,1010123456024,70,,1,2,8,1,1,,8.16,25,0,0.011424,11,0,6.16667,,0,0,0,0,0,0,0,0,0,,18,30,,0,0,0,0
1604113050215,8,1010123456024,70,,1,2,8,1,1,,7.53846,13,0,0.005664,5,0,6,,0,0,0,0,0,0,0,0,0,,11,14,,0,0,0,0
1604113050465,8,1010123456024,70,,1,2,8,1,1,,7.45455,22,0,0.0112,9,0,6.66667,,0,0,0,0,0,0,0,0,0,,19,24,,0,0,0,0
1604113050715,8,1010123456024,70,,1,2,8,1,1,,0,0,0,0,0,0,6.83333,,0,0,0,0,0,0,0,0,0,,0,0,,0,0,0,0
1604113050965,8,1010123456024,70,,1,2,8,1,1,,7.12121,33,0,0.011744,13,0,5.85714,,0,0,0,0,0,0,0,0,0,,20,26,,0,0,0,0
1604113051215,8,1010123456024,70,,1,2,8,1,1,,7.17391,23,0,0.011328,9,0,6,,13.2,5,0,0.1,2,0,0,22.1839,31,,19,24,,0,0,0,1
1604113051465,8,1010123456024,70,,1,2,8,1,1,,6.51351,37,0,0.01696,15,0,5.83333,,13.2,5,0,0.1,2,0,0,20.499,31,,36,42,,0,0,0,1.8
1604113051715,8,1010123456024,70,,1,2,8,1,1,,7.68182,22,0,0.01136,9,0,5.83333,,0,0,0,0,0,0,0,0,0,,20,24,,0,0,0,0
1604113051965,8,1010123456024,70,,1,2,8,1,1,,5.51807,83,0,0.029504,33,0,6.42857,,0,0,0,0,0,0,0,0,0,,74,88,,0,0,0,0
1604113052215,8,1010123456024,70,,1,2,8,1,1,,6.97368,38,0,0.01728,15,0,5.66667,,15,3,0,0.1,1,0,0,18.1586,31,,30,38,,0,0,0,1
1604113052465,8,1010123456024,70,,1,2,8,1,1,,5.93333,45,0,0.017376,18,0,6,,0,4,0,0.1,2,0,0,0,31,,39,46,,0,0,0,0
1604113052715,8,1010123456024,70,,1,2,8,1,1,,7.66667,27,0,0.011552,11,0,5.5,,0,0,0,0,0,0,0,0,0,,18,24,,0,0,0,0
1604113052965,8,1010123456024,70,,1,2,8,1,1,,6.625,72,0,0.023936,29,0,5.57143,,0,0,0,0,0,0,0,0,0,,47,58,,0,0,0,0
1604113053215,8,1010123456024,70,,1,2,8,1,1,,5.35,40,0,0.012096,16,0,6.5,,0,0,0,0,0,0,0,0,0,,32,38,,0,0,0,0
1604113053465,8,1010123456024,70,,1,2,8,1,1,,0,0,0,0,0,0,5.33333,,0,0,0,0,0,0,0,0,0,,0,0,,0,0,0,0
1604113053715,8,1010123456024,70,,1,2,8,1,1,,5.86207,29,0,0.011648,12,0,5.66667,,10.8,5,0,0.1,2,0,0,12.8195,31,,31,36,,0,0,0,2.2
1604113053965,8,1010123456024,70,,1,2,8,1,1,,6.82353,17,0,0.005952,7,0,5.42857,,0,0,0,0,0,0,0,0,0,,12,14,,0,0,0,0
1604113054215,8,1010123456024,70,,1,2,8,1,1,,5.75,20,0,0.001984,3,0,5.33333,,0,0,0,0,0,0,0,0,0,,14,18,,0,0,0,0
1604113054465,8,1010123456024,70,,1,2,8,1,1,,5.86301,73,0,0.033088,34,0,5.33333,,13.9167,24,0,0.148288,10,0,0,16.818,31,,69,80,,0,0,0,1.75
1604113054715,8,1010123456024,70,,1,2,8,1,1,,5.5625,80,0,0.029536,32,0,5.16667,,15,3,0,0.1,1,0,0,17.1852,31,,85,106,,0,0,0,1
1604113054965,8,1010123456024,70,,1,2,8,1,1,,5.15217,46,0,0.017568,19,0,5.42857,,0,0,0,0,0,0,0,0,0,,47,56,,0,0,0,0
1604113055215,8,1010123456024,70,,1,2,8,1,1,,8.27273,11,0,0.005536,4,0,6.83333,,0,0,0,0,0,0,0,0,0,,9,12,,0,0,0,0
1604113055465,7,1010123456024,70,,1,2,8,1,1,,6.17333,75,326,0.018304,23,0,5.33333,,13.2,5,0,0.1,2,0,0,17.427,31,,49,66,,0,0,0,1
1604113055715,7,1010123456024,70,,1,2,8,1,1,,5.23469,98,0,0.036384,43,0,5,,0,0,0,0,0,0,0,0,0,,99,110,,0,0,0,0
1604113055965,7,1010123456024,70,,1,2,8,1,1,,6.8,25,211,0.0104,8,0,5.14286,,0,0,0,0,0,0,0,0,0,,14,22,,0,0,0,0
1604113056215,7,1010123456024,70,,1,2,8,1,1,,6.36207,58,0,0.02384,29,0,5.16667,,0,0,0,0,0,0,0,0,0,,43,50,,0,0,0,0
1604113056465,7,1010123456024,70,,1,2,8,1,1,,7.0625,64,0,0.023392,25,0,6.16667,,11.6667,9,0,0.1,4,25,0,15.1468,31,,38,52,,0,0,0,3.66667
1604113056715,7,1010123456024,70,,1,2,8,1,1,,5.50526,95,0,0.030048,38,0,5.33333,,0,0,0,0,0,0,0,0,0,,78,92,,0,0,0,0
1604113056965,7,1010123456024,70,,1,2,8,1,1,,3.94792,96,0,0.026496,35,0,5,,0,0,0,0,0,0,0,0,0,,118,134,,0,0,0,0
1604113057215,7,1010123456024,70,,1,2,8,1,1,,5.68852,61,0,0.022144,28,0,5.66667,,0,0,0,0,0,0,0,0,0,,44,54,,0,0,0,0
1604113057465,7,1010123456024,70,,1,2,8,1,1,,6.66667,12,0,0.005632,5,0,6,,9,5,0,0.1,2,0,0,20.61,31,,11,14,,0,0,0,1
1604113057715,7,1010123456024,70,,1,2,8,1,1,,14.6154,13,0,0.010848,5,0,7.33333,,0,0,0,0,0,0,0,0,0,,6,10,,0,0,0,0
1604113057965,7,1010123456024,70,,1,2,8,1,1,,8.2,10,0,0.001024,1,0,7,,0,0,0,0,0,0,0,0,0,,6,10,,0,0,0,0
1604113058215,7,1010123456024,70,,1,2,8,1,1,,0,0,0,0.004512,3,0,6,,0,0,0,0,0,0,0,0,0,,0,0,,0,0,0,0
1604113058465,7,1010123456024,70,,1,2,8,1,1,,0,0,0,0,0,0,6,,0,0,0,0,0,0,0,0,0,,0,0,,0,0,0,0
1604113058715,7,1010123456024,70,,1,2,8,1,1,,7.44444,63,0,0.023456,25,0,5.66667,,13.8,5,0,0.1,2,0,0,16.1897,31,,36,50,,0,0,0,1.8
1604113058965,7,1010123456024,70,,1,2,8,1,1,,6.61702,47,0,0.0176,19,0,5.57143,,0,0,0,0,0,0,0,0,0,,37,44,,0,0,0,0
1604113059215,7,1010123456024,70,,1,2,8,1,1,,6.56,50,0,0.017792,20,0,5.16667,,2,3,0,0.1,1,0,0,22.0282,31,,34,44,,0,0,0,1
1604113059465,7,1010123456024,70,,1,2,8,1,1,,4.73684,38,0,0.01216,15,0,5,,13.8,5,0,0.1,2,0,0,21.7431,31,,34,40,,0,0,0,1
1604113059715,7,1010123456024,70,,1,2,8,1,1,,5.41111,90,0,0.035072,36,0,5,,0,0,0,0,0,0,0,0,0,,88,106,,0,0,0,0
1604113059965,7,1010123456024,70,,1,2,8,1,1,,5.68966,29,0,0.011552,12,0,5.14286,,0,0,0,0,0,0,0,0,0,,27,34,,0,0,0,0
1604113060215,7,1010123456024,70,,1,2,8,1,1,,5.33333,69,0,0.023712,28,0,5,,0,0,0,0,0,0,0,0,0,,78,86,,0,0,0,0
1604113060465,7,1010123456024,70,,1,2,8,1,1,,4.51724,58,102,0.012768,21,0,4.83333,,10.2143,14,0,0.1,6,33.3333,0,12.6483,31,,51,60,,0,0,0,5
1604113060715,7,1010123456024,70,,1,2,8,1,1,,6.86364,22,0,0.011424,11,0,5.5,,0,0,0,0,0,0,0,0,0,,19,22,,0,0,0,0
1604113060965,7,1010123456024,70,,1,2,8,1,1,,5.14286,56,0,0.018112,22,0,5,,0,0,0,0,0,0,0,0,0,,51,60,,0,0,0,0
1604113061215,7,1010123456024,70,,1,2,8,1,1,,4.65,20,0,0.006144,8,0,5,,15,9,0,0.1,3,66.6667,0,8.19783,31,,22,24,,0,0,0,9.66667
1604113061465,7,1010123456024,70,,1,2,8,1,1,,5.5,62,0,0.018752,25,0,4.83333,,7.45,20,0,0.1,8,0,0,13.7455,31,,47,58,,0,0,0,1
1604113061715,7,1010123456024,70,,1,2,8,1,1,,5.55422,83,104,0.024384,31,0,5.5,,0,0,0,0,0,0,0,0,0,,67,80,,0,0,0,0
1604113061965,7,1010123456024,70,,1,2,8,1,1,,6.48235,85,0,0.034816,37,0,6.42857,,0,0,0,0,0,0,0,0,0,,74,90,,0,0,0,0
1604113062215,7,1010123456024,70,,1,2,8,1,1,,3.88172,93,0,0.03008,38,0,4.66667,,0,0,0,0,0,0,0,0,0,,225,238,,0,0,0,0
1604113062465,7,1010123456024,70,,1,2,8,1,1,,5.04167,48,0,0.017728,19,0,5,,15.234,47,0,0.11328,19,57.8947,0,10.7544,31,,49,56,,0,0,0,6.10638
1604113062715,7,1010123456024,70,,1,2,8,1,1,,0,0,0,0,0,0,5,,0,2,0,0,1,100,0,0,0,,0,0,,0,0,0,0
1604113062965,7,1010123456024,70,,1,2,8,1,1,,5.2973,74,0,0.029184,30,0,5,,0,0,0,0,0,0,0,0,0,,75,88,,0,0,0,0
1604113063215,7,1010123456024,70,,1,2,8,1,1,,0,0,0,0,0,0,5.16667,,0,0,0,0,0,0,0,0,0,,0,0,,0,0,0,0
1604113063465,7,1010123456024,70,,1,2,8,1,1,,5,17,0,0.00592,7,0,5,,2.22222,9,0,0.1,4,0,0,11.4363,31,,17,20,,0,0,0,1
1604113063715,7,1010123456024,70,,1,2,8,1,1,,4.93333,15,0,0.005856,6,0,5.33333,,0,0,0,0,0,0,0,0,0,,15,18,,0,0,0,0
1604113063965,7,1010123456024,70,,1,2,8,1,1,,6.95,40,0,0.017184,16,0,5.42857,,0,0,0,0,0,0,0,0,0,,33,40,,0,0,0,0
1604113064215,7,1010123456024,70,,1,2,8,1,1,,5.16,75,0,0.029376,31,0,5.5,,0,0,0,0,0,0,0,0,0,,79,92,,0,0,0,0
1604113064465,7,1010123456024,70,,1,2,8,1,1,,5.95238,42,0,0.012352,17,0,5.33333,,10.4762,21,0,0.1,9,0,0,16.6954,31,,47,50,,0,0,0,1.42857
1604113064715,7,1010123456024,70,,1,2,8,1,1,,4.96296,27,0,0.006432,11,0,5.16667,,0,0,0,0,0,0,0,0,0,,43,46,,0,0,0,0
1604113064965,7,1010123456024,70,,1,2,8,1,1,,6.0303,33,0,0.011872,14,0,5.42857,,0,0,0,0,0,0,0,0,0,,36,42,,0,0,0,0
1604113065215,7,1010123456024,70,,1,2,8,1,1,,7.45455,22,0,0.0112,9,0,5.5,,0,0,0,0,0,0,0,0,0,,20,24,,0,0,0,0
1604113065465,7,1010123456024,70,,1,2,8,1,1,,7.36364,22,0,0.011168,9,0,5.66667,,10.2143,14,0,0.1,5,40,0,10.2173,31,,21,24,,0,0,0,6.35714
1604113065715,7,1010123456024,70,,1,2,8,1,1,,6,28,0,0.011488,11,0,5.5,,0,0,0,0,0,0,0,0,0,,27,32,,0,0,0,0
1604113065965,7,1010123456024,70,,1,2,8,1,1,,7.02703,37,0,0.017088,15,0,5.57143,,0,0,0,0,0,0,0,0,0,,43,50,,0,0,0,0
1604113066215,7,1010123456024,70,,1,2,8,1,1,,7.22222,45,0,0.022592,18,0,5.83333,,0,0,0,0,0,0,0,0,0,,42,50,,0,0,0,0
1604113066465,7,1010123456024,70,,1,2,8,1,1,,5.5,42,0,0.017504,17,0,5.16667,,10.2,5,0,0.1,2,0,0,15.0308,31,,47,52,,0,0,0,1.4
1604113066715,7,1010123456024,70,,1,2,8,1,1,,6,53,0,0.022816,21,0,5.5,,0,0,0,0,0,0,0,0,0,,51,60,,0,0,0,0
1604113066965,7,1010123456024,70,,1,2,8,1,1,,5.13333,45,0,0.017504,18,0,5.28571,,0,0,0,0,0,0,0,0,0,,48,54,,0,0,0,0
1604113067215,7,1010123456024,70,,1,2,8,1,1,,6.2,35,0,0.017216,15,0,4.83333,,0,0,0,0,0,0,0,0,0,,37,44,,0,0,0,0
1604113067465,7,1010123456024,70,,1,2,8,1,1,,5.28571,14,0,0.005824,6,0,5,,9,5,0,0.1,2,0,0,16.1897,31,,19,20,,0,0,0,2.2
1604113067715,7,1010123456024,70,,1,2,8,1,1,,5.26531,49,0,0.017632,20,0,5,,0,0,0,0,0,0,0,0,0,,51,58,,0,0,0,0
1604113067965,7,1010123456024,70,,1,2,8,1,1,,5.425,40,0,0.012096,16,0,5,,0,0,0,0,0,0,0,0,0,,35,40,,0,0,0,0
1604113068215,7,1010123456024,70,,1,2,8,1,1,,5.32773,119,0,0.036672,48,0,4.83333,,0,0,0,0,0,0,0,0,0,,102,116,,0,0,0,0
1604113068465,7,1010123456024,70,,1,2,8,1,1,,0.917808,73,0,0.01392,29,0,4.16667,,0,0,0,0,0,0,0,0,0,,113,118,,0,0,0,0
1604113068715,7,1010123456024,70,,1,2,8,1,1,,5.28571,14,0,0.005824,6,0,5,,10,5,0,0.1,2,0,0,19.3109,31,,19,22,,0,0,0,1
1604113068965,7,1010123456024,70,,1,2,8,1,1,,4.78333,60,0,0.013216,17,0,4.85714,,0,0,0,0,0,0,0,0,0,,57,62,,0,0,0,0
1604113069215,7,1010123456024,70,,1,2,8,1,1,,5.34783,69,0,0.02912,34,0,4.66667,,0,0,0,0,0,0,0,0,0,,66,74,,0,0,0,0
1604113069465,7,1010123456024,70,,1,2,8,1,1,,5.08772,57,0,0.023456,23,0,5,,7.33333,9,0,0.1,3,0,0,12.5442,31,,71,82,,0,0,0,2.33333
1604113069715,7,1010123456024,70,,1,2,8,1,1,,4.98333,60,0,0.023552,24,0,4.83333,,0,0,0,0,0,0,0,0,0,,67,80,,0,0,0,0
1604113069965,7,1010123456024,70,,1,2,8,1,1,,5.94737,38,0,0.017056,16,0,4.71429,,0,0,0,0,0,0,0,0,0,,43,46,,0,0,0,0
1604113070215,7,1010123456024,70,,1,2,8,1,1,,5.14286,14,0,0.005824,6,0,4.83333,,0,0,0,0,0,0,0,0,0,,15,18,,0,0,0,0
1604113070465,7,1010123456024,70,,1,2,8,1,1,,5.42105,38,0,0.012096,16,0,5,,14.4,25,0,0.148288,10,0,0,17.4864,31,,36,40,,0,0,0,2.2
1604113070715,7,1010123456024,70,,1,2,8,1,1,,4.775,80,0,0.029408,32,0,5,,0,0,0,0,0,0,0,0,0,,102,118,,0,0,0,0
1604113070965,7,1010123456024,70,,1,2,8,1,1,,5.61364,44,0,0.017504,18,0,5.28571,,0,0,0,0,0,0,0,0,0,,40,50,,0,0,0,0
1604113071215,7,1010123456024,70,,1,2,8,1,1,,0,0,0,0,0,0,5.16667,,0,0,0,0,0,0,0,0,0,,0,0,,0,0,0,0
1604113071465,7,1010123456024,70,,1,2,8,1,1,,5.57692,26,0,0.011552,10,0,5,,0,0,0,0,0,0,0,0,0,,30,32,,0,0,0,0
1604113071715,7,1010123456024,70,,1,2,8,1,1,,5.2,55,0,0.017952,22,0,5,,10.7333,15,0,0.1,6,33.3333,0,15.0005,31,,51,60,,0,0,0,4.2
1604113071965,7,1010123456024,70,,1,2,8,1,1,,6.5,30,0,0.011648,12,0,5.28571,,0,0,0,0,0,0,0,0,0,,25,30,,0,0,0,0
1604113072215,7,1010123456024,70,,1,2,8,1,1,,5.65385,26,57,0.00592,7,0,5,,0,0,0,0,0,0,0,0,0,,24,30,,0,0,0,0
1604113072465,7,1010123456024,70,,1,2,8,1,1,,4.41346,104,0,0.032384,41,0,4.66667,,13.8,5,0,0.1,2,0,0,21.2444,31,,110,128,,0,0,0,1
1604113072715,7,1010123456024,70,,1,2,8,1,1,,5,20,0,0.009792,13,0,4.83333,,0,0,0,0,0,0,0,0,0,,17,20,,0,0,0,0
1604113072965,7,1010123456024,70,,1,2,8,1,1,,3.56604,53,0,0.016128,20,0,4.71429,,0,0,0,0,0,0,0,0,0,,75,82,,0,0,0,0
1604113073215,8,1010123456024,70,,1,2,8,1,1,,0,0,0,0.001856,2,0,5,,0,0,0,0,0,0,0,0,0,,0,0,,0,0,0,0
1604113073465,8,1010123456024,70,,1,2,8,1,1,,4.5098,51,0,0.018016,21,0,4.83333,,13.2,5,0,0.1,2,0,0,19.1203,31,,63,68,,0,0,0,1
1604113073715,7,1010123456024,70,,1,2,8,1,1,,5.31111,45,0,0.017472,18,0,5,,0,0,0,0,0,0,0,0,0,,48,54,,0,0,0,0
1604113073965,8,1010123456024,70,,1,2,8,1,1,,5.19565,46,0,0.011936,13,0,5,,0,0,0,0,0,0,0,0,0,,51,58,,0,0,0,0
1604113074215,7,1010123456024,70,,1,2,8,1,1,,5.32143,84,0,0.035328,40,0,5,,0,0,0,0,0,0,0,0,0,,78,92,,0,0,0,0
1604113074465,7,1010123456024,70,,1,2,8,1,1,,5.36364,55,0,0.018208,22,0,5,,13.3846,13,0,0.1,6,50,0,11.9019,31,,48,56,,0,0,0,5.30769
1604113074715,7,1010123456024,70,,1,2,8,1,1,,5.52703,74,0,0.02928,30,0,5,,0,0,0,0,0,0,0,0,0,,74,88,,0,0,0,0
1604113074965,7,1010123456024,70,,1,2,8,1,1,,5.76667,30,0,0.005856,6,0,5.14286,,0,0,0,0,0,0,0,0,0,,31,34,,0,0,0,0
1604113075215,7,1010123456024,70,,1,2,8,1,1,,5.2,45,18,0.017536,19,0,5,,0,0,0,0,0,0,0,0,0,,49,54,,0,0,0,0
1604113075465,7,1010123456024,70,,1,2,8,1,1,,4.85714,35,0,0.017632,19,0,5,,0,0,0,0,0,0,0,0,0,,36,42,,0,0,0,0
1604113075715,7,1010123456024,70,,1,2,8,1,1,,4.37037,54,0,0.013344,16,0,4.83333,,1.3125,16,0,0.1,6,0,0,13.8973,31,,58,68,,0,0,0,1.1875
1604113075965,7,1010123456024,70,,1,2,8,1,1,,5.0625,16,0,0.01088,13,0,4.57143,,0,0,0,0,0,0,0,0,0,,25,28,,0,0,0,0
1604113076215,7,1010123456024,70,,1,2,8,1,1,,0,0,0,0,0,0,4.66667,,0,0,0,0,0,0,0,0,0,,0,0,,0,0,0,0
1604113076465,7,1010123456024,70,,1,2,2,1,1,,3.57471,87,0,0.0248,36,0,4.66667,,13.2,5,0,0.1,2,0,0,14.1489,31,,101,114,,0,0,0,1
1604113076715,7,1010123456024,70,,1,2,2,1,1,,6,21,153,0.004928,7,0,4.66667,,7,3,0,0.1,1,0,0,6.53923,31,,13,18,,0,0,0,1
1604113076965,7,1010123456024,70,,1,2,2,1,1,,5.27586,58,120,0.015328,24,0,4.85714,,0,0,0,0,0,0,0,0,0,,34,44,,0,0,0,0
1604113077215,7,1010123456024,70,,1,2,2,1,1,,5.23077,39,501,0.00992,16,0,4.5,,0,2,0,0.1,1,0,0,0,31,,24,32,,0,0,0,0
1604113077465,7,1010123456024,70,,1,2,2,1,1,,3.78378,37,652,0.007104,15,0,4.16667,,0,0,0,0,0,0,0,0,0,,23,30,,0,0,0,0
1604113077715,7,1010123456024,70,,1,2,2,1,1,,3.1,10,1399,0.001664,4,0,3.83333,,0,4,0,0.1,2,0,0,0,31,,9,8,,0,0,0,0
1604113077965,7,1010123456024,70,,1,2,2,1,1,,4,55,1616,0.01056,22,0,4.14286,,0,0,0,0,0,0,0,0,0,,32,46,,0,0,0,0
1604113078215,7,1010123456024,70,,1,2,2,1,1,,4.11765,153,1092,0.028512,58,0,4,,0,0,0,0,0,0,0,0,0,,123,120,,0,0,0,0
1604113078465,7,1010123456024,70,,1,2,2,1,1,,4,28,1284,0.00624,13,0,4,,0,0,0,0,0,0,0,0,0,,17,22,,0,0,0,0
1604113078715,7,1010123456024,70,,1,2,2,1,1,,3.4,160,696,0.024992,59,0,3.83333,,12.4,5,0,0.1,2,0,0,14.4882,31,,132,130,,0,0,0,2.8
1604113078965,7,1010123456024,70,,1,2,2,1,1,,4,118,639,0.02544,53,0,3.71429,,15,3,0,0.1,1,0,0,18.7393,31,,92,96,,0,0,0,1
1604113079215,7,1010123456024,70,,1,2,2,1,1,,3.75806,124,423,0.021056,46,0,4,,0,0,0,0,0,0,0,0,0,,76,102,,0,0,0,0
1604113079465,7,1010123456024,70,,1,2,2,1,1,,3.41727,139,198,0.025984,60,0,3.83333,,13.2,5,0,0.1,2,0,0,14.2643,31,,104,114,,0,0,0,1.6
1604113079715,7,1010123456024,70,,1,2,2,1,1,,3.9011,91,125,0.017984,38,0,4,,0,0,0,0,0,0,0,0,0,,69,72,,0,0,0,0
1604113079965,7,1010123456024,70,,1,2,2,1,1,,3.39241,79,136,0.01376,32,0,3.85714,,0,0,0,0,0,0,0,0,0,,63,64,,0,0,0,0
1604113080215,7,1010123456024,70,,1,2,2,1,1,,3.8932,103,155,0.019616,41,0,3.83333,,0,0,0,0,0,0,0,0,0,,79,82,,0,0,0,0
1604113080465,7,1010123456024,70,,1,2,2,1,1,,5.11429,70,609,0.018304,26,0,4.66667,,9,5,0,0.1,2,0,0,15.5985,31,,42,54,,0,0,0,1.4
1604113080715,7,1010123456024,70,,1,2,2,1,1,,6.6087,69,412,0.02592,30,0,4.16667,,0,0,0,0,0,0,0,0,0,,48,62,,0,0,0,0
1604113080965,7,1010123456024,70,,1,2,2,1,1,,6.59677,62,551,0.024,26,0,4.57143,,0,0,0,0,0,0,0,0,0,,34,52,,0,0,0,0
1604113081215,7,1010123456024,70,,1,2,2,1,1,,4.95238,63,341,0.013984,23,0,4.8,,0,0,0,0,0,0,0,0,0,,35,50,,0,0,0,0
1604113081465,7,1010123456024,70,,1,2,2,1,1,,6.23636,55,0,0.01968,24,0,4.5,,9,5,0,0.1,2,0,0,19.5899,31,,45,56,,0,0,0,1
1604113081715,7,1010123456024,70,,1,2,2,1,1,,5.04,25,0,0.0064,11,0,5.16667,,0,0,0,0,0,0,0,0,0,,18,22,,0,0,0,0
1604113081965,7,1010123456024,70,,1,2,2,1,1,,9.2,25,132,0.01168,9,0,4.57143,,0,0,0,0,0,0,0,0,0,,19,20,,0,0,0,0
1604113082215,7,1010123456024,70,,1,2,2,1,1,,5.22857,70,293,0.019008,29,0,4.83333,,0,0,0,0,0,0,0,0,0,,41,56,,0,0,0,0
1604113082465,7,1010123456024,70,,1,2,2,1,1,,8.9375,48,0,0.021696,18,0,6.66667,,13,5,0,0.1,2,0,0,11.5007,31,,26,36,,0,0,0,2.2
1604113082715,7,1010123456024,70,,1,2,2,1,1,,6.07407,54,632,0.017472,20,0,5.83333,,0,0,0,0,0,0,0,0,0,,27,40,,0,0,0,0
1604113082965,7,1010123456024,70,,1,2,2,1,1,,4,58,537,0.01104,23,0,4,,0,0,0,0,0,0,0,0,0,,34,46,,0,0,0,0
1604113083215,7,1010123456024,70,,1,2,2,1,1,,5.89189,37,548,0.011616,15,0,5.33333,,0,0,0,0,0,0,0,0,0,,27,30,,0,0,0,0
1604113083465,7,1010123456024,70,,1,2,2,1,1,,4.93182,44,904,0.010848,17,0,4.5,,14.1515,33,0,0.119968,13,30.7692,0,10.3093,31,,31,36,,0,0,0,4.45455
1604113083715,7,1010123456024,70,,1,2,2,1,1,,8.94318,88,464,0.041632,33,0,5.5,,0,0,0,0,0,0,0,0,0,,53,68,,0,0,0,0
1604113083965,7,1010123456024,70,,1,2,2,1,1,,4.76923,65,233,0.017376,27,0,4.14286,,0,0,0,0,0,0,0,0,0,,42,54,,0,0,0,0
1604113084215,7,1010123456024,70,,1,2,2,1,1,,7.21622,37,501,0.013952,16,0,5.5,,0,0,0,0,0,0,0,0,0,,29,30,,0,0,0,0
1604113084493,6,1010123456024,70,,1,2,2,1,1,,6.25714,70,0,0.0222734,28,0,6.14286,,10.8846,26,0,0.1,12,33.3333,0,9.16552,31,,40,56,,0,0,0,4.73077
1604113084715,6,1010123456024,70,,1,2,2,1,1,,4,3,147,0.000540541,1,0,4.2,,0,0,0,0,0,0,0,0,0,,2,2,,0,0,0,0
1604113084965,6,1010123456024,70,,1,2,2,1,1,,3.95082,61,31,0.011808,24,0,4.14286,,0,0,0,0,0,0,0,0,0,,51,48,,0,0,0,0
1604113085215,6,1010123456024,70,,1,2,2,1,1,,4.9697,33,0,0.007616,13,0,4.5,,0,0,0,0,0,0,0,0,0,,24,26,,0,0,0,0
1604113085465,6,1010123456024,70,,1,2,2,1,1,,5.06667,45,200,0.010272,17,0,4.83333,,0,0,0,0,0,0,0,0,0,,39,36,,0,0,0,0
1604113085715,6,1010123456024,70,,1,2,2,1,1,,5.72727,66,68,0.016992,25,0,5.33333,,15.027,37,0,0.149952,16,37.5,0,14.1404,31,,49,52,,0,0,0,4.59459
1604113085965,6,1010123456024,70,,1,2,2,1,1,,9.7,20,249,0.011904,11,0,5.71429,,0,0,0,0,0,0,0,0,0,,13,18,,0,0,0,0
1604113086215,6,1010123456024,70,,1,2,2,1,1,,8.94286,35,0,0.014848,14,0,5.83333,,0,0,0,0,0,0,0,0,0,,24,28,,0,0,0,0
1604113086465,6,1010123456024,70,,1,2,2,1,1,,7.09091,11,541,0.003296,4,0,5,,0,0,0,0,0,0,0,0,0,,7,8,,0,0,0,0
1604113086715,6,1010123456024,70,,1,2,2,1,1,,16.9167,24,86,0.029632,8,0,6.66667,,0,0,0,0,0,0,0,0,0,,16,20,,0,0,0,0
1604113086965,6,1010123456024,70,,1,2,2,1,1,,5.56604,53,32,0.012992,19,0,5.28571,,5.875,8,0,0.1,3,0,0,20.1489,31,,45,42,,0,0,0,1.5
1604113087215,6,1010123456024,70,,1,2,2,1,1,,5.83333,18,225,0.006912,10,0,5.5,,0,0,0,0,0,0,0,0,0,,13,14,,0,0,0,0
1604113087465,6,1010123456024,70,,1,2,2,1,1,,6.97222,36,189,0.011712,13,0,5.66667,,0,0,0,0,0,0,0,0,0,,23,30,,0,0,0,0
1604113087715,6,1010123456024,70,,1,2,2,1,1,,5.90566,53,140,0.01648,24,0,5,,13.7143,7,0,0.1,3,0,0,18.8933,31,,36,42,,0,0,0,1
1604113087965,6,1010123456024,70,,1,2,2,1,1,,6,5,417,0.001408,2,0,4.85714,,0,0,0,0,0,0,0,0,0,,2,4,,0,0,0,0
1604113088215,6,1010123456024,70,,1,2,2,1,1,,6,50,197,0.013376,19,0,5,,0,0,0,0,0,0,0,0,0,,38,42,,0,0,0,0
1604113088465,6,1010123456024,70,,1,2,2,1,1,,5.31429,35,763,0.010144,16,0,4.83333,,12,5,0,0.1,2,0,0,18.2553,31,,21,28,,0,0,0,1
1604113088715,6,1010123456024,70,,1,2,2,1,1,,5.71429,35,839,0.008704,13,0,4.83333,,0,2,0,0.1,1,0,0,0,31,,22,28,,0,0,0,0
1604113088965,6,1010123456024,70,,1,2,2,1,1,,5.73913,23,1135,0.00752,11,0,4.71429,,0,0,0,0,0,0,0,0,0,,18,20,,0,0,0,0
1604113089215,6,1010123456024,70,,1,2,2,1,1,,6,27,1562,0.007744,11,0,5,,0,0,0,0,0,0,0,0,0,,19,22,,0,0,0,0
1604113089465,6,1010123456024,70,,1,2,2,1,1,,6,15,1454,0.004224,6,0,5,,0,0,0,0,0,0,0,0,0,,8,12,,0,0,0,0
1604113089715,6,1010123456024,70,,1,2,2,1,1,,6,35,1534,0.009152,13,0,5,,13.9286,14,0,0.1,5,40,0,11.8557,31,,21,26,,0,0,0,5.07143
1604113089965,6,1010123456024,70,,1,2,2,1,1,,6.8,55,1847,0.017888,22,0,5.71429,,0,0,0,0,0,0,0,0,0,,46,44,,0,0,0,0
1604113090215,6,1010123456024,70,,1,2,2,1,1,,6,17,2191,0.004928,7,0,5,,0,0,0,0,0,0,0,0,0,,9,14,,0,0,0,0
1604113090465,6,1010123456024,70,,1,2,2,1,1,,6,21,2168,0.004928,7,0,5.16667,,0,0,0,0,0,0,0,0,0,,23,20,,0,0,0,0
1604113090715,6,1010123456024,70,,1,2,2,1,1,,6,13,2547,0.005632,8,0,5.16667,,15.2653,49,0,0.1,17,70.5882,0,9.52557,31,,6,10,,0,0,0,7.65306
1604113090965,6,1010123456024,70,,1,2,2,1,1,,8.9434,53,2272,0.020032,18,0,5.42857,,0,0,0,0,0,0,0,0,0,,42,40,,0,0,0,0
1604113091215,6,1010123456024,70,,1,2,2,1,1,,6,27,2524,0.007744,11,0,5,,0,0,0,0,0,0,0,0,0,,28,24,,0,0,0,0
1604113091465,6,1010123456024,70,,1,2,2,1,1,,8.3622,127,1592,0.052576,54,0,5.66667,,14.7568,37,0,0.145472,16,37.5,0,14.432,31,,98,104,,0,0,0,3.67568
1604113091715,6,1010123456024,70,,1,2,2,1,1,,8.70588,85,1268,0.034816,34,0,5.5,,0,0,0,0,0,0,0,0,0,,68,68,,0,0,0,0
1604113091965,6,1010123456024,70,,1,2,2,1,1,,9.87692,65,771,0.030464,26,0,6,,0,0,0,0,0,0,0,0,0,,43,50,,0,0,0,0
1604113092215,6,1010123456024,70,,1,2,2,1,1,,9.70423,71,0,0.033408,29,0,6,,0,0,0,0,0,0,0,0,0,,56,58,,0,0,0,0
1604113092465,6,1010123456024,70,,1,2,2,1,1,,0,4,249,0.002368,2,0,5.83333,,0,0,0,0,0,0,0,0,0,,3,4,,0,0,0,0
1604113092715,6,1010123456024,70,,1,2,2,1,1,,10.5366,41,300,0.020512,16,0,6.33333,,13.2,5,0,0.1,2,0,0,22.6987,31,,26,32,,0,0,0,1
1604113092965,6,1010123456024,70,,1,2,2,1,1,,10,28,405,0.01184,10,0,6,,0,0,0,0,0,0,0,0,0,,16,22,,0,0,0,0
1604113093215,6,1010123456024,70,,1,2,2,1,1,,9.57576,33,0,0.015808,14,0,6.33333,,0,0,0,0,0,0,0,0,0,,30,26,,0,0,0,0
1604113093465,6,1010123456024,70,,1,2,2,1,1,,12,7,29,0.004512,3,0,6.66667,,0,0,0,0,0,0,0,0,0,,7,6,,0,0,0,0
1604113093715,6,1010123456024,70,,1,2,2,1,1,,8,3,0,0.001024,1,0,6.83333,,15,12,0,0,4,100,0,8.24102,0,,2,2,,0,0,0,10
1604113093965,6,1010123456024,70,,1,2,2,1,1,,0,0,0,0,0,0,6.85714,,0,0,0,0,0,0,0,0,0,,0,0,,0,0,0,0
1604113094215,6,1010123456024,70,,1,2,2,1,1,,11.5789,19,29,0.010048,7,0,6.66667,,0,0,0,0,0,0,0,0,0,,14,14,,0,0,0,0
1604113094465,6,1010123456024,70,,1,2,2,1,1,,10.4,5,115,0.002528,2,0,6.83333,,0,0,0,0,0,0,0,0,0,,3,4,,0,0,0,0
1604113094715,6,1010123456024,70,,1,2,2,1,1,,10.8333,18,0,0.009536,7,0,7,,9,5,0,0.1,2,0,0,21.0669,31,,12,14,,0,0,0,1
1604113094965,6,1010123456024,70,,1,2,2,1,1,,10.2727,22,0,0.011136,9,0,6.28571,,0,0,0,0,0,0,0,0,0,,11,18,,0,0,0,0
1604113095215,6,1010123456024,70,,1,2,2,1,1,,11.1111,18,0,0.011072,8,0,7.16667,,0,0,0,0,0,0,0,0,0,,10,16,,0,0,0,0
1604113095465,6,1010123456024,70,,1,2,2,1,1,,12,9,300,0.006016,4,0,7,,0,0,0,0,0,0,0,0,0,,5,8,,0,0,0,0
1604113095715,7,1010123456024,70,,1,2,2,1,1,,10.7241,29,315,0.016128,12,0,6.83333,,15,9,0,0,4,100,0,6.36511,0,,22,24,,0,0,0,10
1604113095965,7,1010123456024,70,,1,2,2,1,1,,0,0,941,0,0,0,7,,0,0,0,0,0,0,0,0,0,,0,0,,0,0,0,0
1604113096215,7,1010123456024,70,,1,2,2,1,1,,14,20,543,0.013664,7,0,6.5,,0,0,0,0,0,0,0,0,0,,16,22,,0,0,0,0
1604113096465,7,1010123456024,70,,1,2,2,1,1,,0,2,969,0.001504,1,0,7.16667,,0,0,0,0,0,0,0,0,0,,1,2,,0,0,0,0
1604113096715,7,1010123456024,70,,1,2,2,1,1,,0,0,1752,0,0,0,7,,0,0,0,0,0,0,0,0,0,,0,0,,0,0,0,0
1604113096965,7,1010123456024,70,,1,2,2,1,1,,0,0,2221,0,0,0,7,,0,0,0,0,0,0,0,0,0,,0,0,,0,0,0,0
1604113097215,7,1010123456024,70,,1,2,2,1,1,,0,0,2378,0,0,0,7,,0,0,0,0,0,0,0,0,0,,0,0,,0,0,0,0
1604113097465,7,1010123456024,70,,1,2,2,1,1,,0,0,3004,0,0,0,7.16667,,0,0,0,0,0,0,0,0,0,,0,0,,0,0,0,0
1604113097715,7,1010123456024,70,,1,2,2,1,1,,0,0,3473,0,0,0,7,,0,0,0,0,0,0,0,0,0,,0,0,,0,0,0,0
1604113097965,7,1010123456024,70,,1,2,2,1,1,,0,0,3943,0,0,0,7,,0,0,0,0,0,0,0,0,0,,0,0,,0,0,0,0
1604113098215,7,1010123456024,70,,1,2,2,1,1,,0,0,3943,0,0,0,7.16667,,0,0,0,0,0,0,0,0,0,,0,0,,0,0,0,0
1604113098465,7,1010123456024,70,,1,2,2,1,1,,0,0,4099,0,0,0,6.66667,,0,0,0,0,0,0,0,0,0,,0,0,,0,0,0,0
1604113098715,7,1010123456024,70,,1,2,2,1,1,,0,0,4256,0,0,0,7.33333,,0,0,0,0,0,0,0,0,0,,0,0,,0,0,0,0
1604113098965,7,1010123456024,70,,1,2,2,1,1,,0,0,4412,0,0,0,7.16667,,0,0,0,0,0,0,0,0,0,,0,0,,0,0,0,0
1604113099215,7,1010123456024,70,,1,2,2,1,1,,0,0,4882,0,0,0,7.6,,0,0,0,0,0,0,0,0,0,,0,0,,0,0,0,0
1604113099465,7,1010123456024,70,,1,2,2,1,1,,0,0,5351,0,0,0,7.5,,0,0,0,0,0,0,0,0,0,,0,0,,0,0,0,0
1604113099715,6,1010123456024,70,,1,2,2,1,1,,0,0,5664,0,0,0,5.16667,,0,0,0,0,0,0,0,0,0,,0,0,,0,0,0,0
1604113099965,6,1010123456024,70,,1,2,2,1,1,,0,0,6447,0,0,0,8,,0,0,0,0,0,0,0,0,0,,0,0,,0,0,0,0
1604113100215,6,1010123456024,70,,1,2,2,1,1,,0,0,6760,0,0,0,7.66667,,0,0,0,0,0,0,0,0,0,,0,0,,0,0,0,0
1604113100465,6,1010123456024,70,,1,2,2,1,1,,12.6,10,7201,0.006464,4,0,7.83333,,2.68085,47,0,0.1,19,21.0526,0,6.3286,31,,4,8,,0,0,0,2.53191
1604113100715,6,1010123456024,70,,1,2,2,1,1,,14,20,7059,0.015616,8,0,8,,0,0,0,0,0,0,0,0,0,,11,16,,0,0,0,0
1604113100965,6,1010123456024,70,,1,2,2,1,1,,0,0,7059,0,0,0,8.57143,,6.66667,30,0,0.1,12,33.3333,0,6.82769,31,,0,0,,0,0,0,4.6
1604113101215,6,1010123456024,70,,1,2,2,1,1,,13.9167,36,6525,0.029088,15,0,8.2,,4.5625,32,0,0.1,15,26.6667,0,5.80442,31,,21,30,,0,0,0,3.25
1604113101465,6,1010123456024,70,,1,2,2,1,1,,14,10,6923,0.001952,1,0,8.33333,,0,0,0,0,0,0,0,0,0,,6,8,,0,0,0,0
1604113101715,6,1010123456024,70,,1,2,2,1,1,,14,3,7493,0.007808,4,0,7.8,,0.153846,26,0,0.1,10,0,0,6.70691,31,,2,2,,0,0,0,1
1604113101965,6,1010123456024,70,,1,2,2,1,1,,0,0,7806,0,0,0,8.71429,,0,0,0,0,0,0,0,0,0,,0,0,,0,0,0,0
1604113102215,6,1010123456024,70,,1,2,2,1,1,,0,0,8119,0,0,0,8,,0,0,0,0,0,0,0,0,0,,0,0,,0,0,0,0
1604113102465,6,1010123456024,70,,1,2,2,1,1,,0,0,8275,0,0,0,9.4,,0,0,0,0,0,0,0,0,0,,0,0,,0,0,0,0
1604113102715,6,1010123456024,70,,1,2,2,1,1,,0,0,8745,0,0,0,7.66667,,0,0,0,0,0,0,0,0,0,,0,0,,0,0,0,0
1604113102965,6,1010123456024,70,,1,2,2,1,1,,0,0,9214,0,0,0,7.33333,,0,0,0,0,0,0,0,0,0,,0,0,,0,0,0,0
1604113103215,6,1010123456024,70,,1,2,2,1,1,,0,0,9997,0,0,0,8.83333,,0,0,0,0,0,0,0,0,0,,0,0,,0,0,0,0
1604113103465,6,1010123456024,70,,1,2,2,1,1,,0,0,10936,0,0,0,8.33333,,0,0,0,0,0,0,0,0,0,,0,0,,0,0,0,0
1604113103715,6,1010123456024,70,,1,2,2,1,1,,0,0,11249,0,0,0,9,,0,0,0,0,0,0,0,0,0,,0,0,,0,0,0,0
1604113103965,6,1010123456024,70,,1,2,2,1,1,,0,0,11562,0,0,0,8.83333,,0,0,0,0,0,0,0,0,0,,0,0,,0,0,0,0
1604113104215,6,1010123456024,70,,1,2,2,1,1,,0,0,12031,0,0,0,8.83333,,0,0,0,0,0,0,0,0,0,,0,0,,0,0,0,0
1604113104465,6,1010123456024,70,,1,2,2,1,1,,0,0,12188,0,0,0,8,,0,0,0,0,0,0,0,0,0,,0,0,,0,0,0,0
1604113104715,6,1010123456024,70,,1,2,2,1,1,,0,0,12814,0,0,0,9,,0,0,0,0,0,0,0,0,0,,0,0,,0,0,0,0
1604113104965,6,1010123456024,70,,1,2,2,1,1,,0,0,12970,0,0,0,8.28571,,0,0,0,0,0,0,0,0,0,,0,0,,0,0,0,0
1604113105215,6,1010123456024,70,,1,2,2,1,1,,0,0,13440,0,0,0,9,,0,0,0,0,0,0,0,0,0,,0,0,,0,0,0,0
1604113105465,6,1010123456024,70,,1,2,2,1,1,,0,0,13596,0,0,0,9,,0,0,0,0,0,0,0,0,0,,0,0,,0,0,0,0
1604113105715,6,1010123456024,70,,1,2,2,1,1,,0,0,14379,0,0,0,9.66667,,0,0,0,0,0,0,0,0,0,,0,0,,0,0,0,0
1604113105965,6,1010123456024,70,,1,2,2,1,1,,0,0,15005,0,0,0,7.57143,,0,0,0,0,0,0,0,0,0,,0,0,,0,0,0,0
1604113106215,6,1010123456024,70,,1,2,2,1,1,,0,2,14853,0.005024,1,0,10,,0,2,0,0.1,1,0,0,0,31,,3,2,,0,0,0,0
1604113106465,6,1010123456024,70,,1,2,2,1,1,,19.527,74,12371,0.08864,30,0,9,,3.86486,74,0,0.1,30,20,0,6.60409,31,,42,60,,0,0,0,3.27027
1604113106715,6,1010123456024,70,,1,2,2,1,1,,18.9319,191,6683,0.20448,74,0,9,,0,0,0,0,0,0,0,0,0,,114,150,,0,0,0,0
1604113106965,6,1010123456024,70,,1,2,2,1,1,,18.8841,164,1520,0.181888,66,0,9,,0,2,0,0.1,1,0,0,0,31,,108,130,,0,0,0,0
1604113107215,6,1010123456024,70,,1,2,2,1,1,,18.8421,38,451,0.038464,14,0,7.83333,,0,0,0,0,0,0,0,0,0,,33,48,,0,0,0,0
1604113107465,6,1010123456024,70,,1,2,2,1,1,,18.12,25,0,0.028576,11,0,8.5,,3.85714,7,0,0.1,3,0,0,8.34836,31,,13,20,,0,0,0,1.28571
1604113107715,6,1010123456024,70,,1,2,2,1,1,,16.2,10,44,0.005312,2,0,7.4,,0,0,0,0,0,0,0,0,0,,7,8,,0,0,0,0
1604113107965,6,1010123456024,70,,1,2,2,1,1,,17.5,12,0,0.016032,7,0,8,,0,0,0,0,0,0,0,0,0,,5,10,,0,0,0,0
1604113108215,6,1010123456024,70,,1,2,2,1,1,,15.7778,18,0,0.015968,7,0,8.83333,,0,0,0,0,0,0,0,0,0,,12,14,,0,0,0,0
1604113108465,6,1010123456024,70,,1,2,2,1,1,,13.4286,7,0,0.005408,3,0,8,,0.571429,21,0,0.1,8,0,0,6.27065,31,,6,6,,0,0,0,1
1604113108715,6,1010123456024,70,,1,2,2,1,1,,12.8,15,0,0.010784,6,0,8,,0,0,0,0,0,0,0,0,0,,10,12,,0,0,0,0
1604113108965,6,1010123456024,70,,1,2,2,1,1,,13.8824,34,0,0.02688,14,0,8.14286,,0,2,0,0.1,1,0,0,0,31,,17,28,,0,0,0,0
1604113109215,6,1010123456024,70,,1,2,2,1,1,,0,0,315,0,0,0,9.16667,,0,0,0,0,0,0,0,0,0,,0,0,,0,0,0,0
1604113109465,6,1010123456024,70,,1,2,2,1,1,,8.83333,54,0,0.027904,22,0,7.83333,,3.72414,29,0,0.1,12,33.3333,0,5.73129,31,,33,44,,0,0,0,3.48276
1604113109715,6,1010123456024,70,,1,2,2,1,1,,13.4286,7,0,0.005408,3,0,7.5,,0,0,0,0,0,0,0,0,0,,5,6,,0,0,0,0
1604113109965,6,1010123456024,70,,1,2,2,1,1,,13.2,30,44,0.020096,11,0,8.16667,,0,0,0,0,0,0,0,0,0,,18,22,,0,0,0,0
1604113110215,6,1010123456024,70,,1,2,2,1,1,,0,0,514,0,0,0,8.16667,,0,0,0,0,0,0,0,0,0,,0,0,,0,0,0,0
1604113110465,6,1010123456024,70,,1,2,2,1,1,,0,0,827,0,0,0,7.16667,,0,0,0,0,0,0,0,0,0,,0,0,,0,0,0,0
1604113110715,6,1010123456024,70,,1,2,2,1,1,,0,0,1140,0,0,0,7.83333,,0,0,0,0,0,0,0,0,0,,0,0,,0,0,0,0
1604113110965,6,1010123456024,70,,1,2,2,1,1,,0,0,1140,0,0,0,6.71429,,0,0,0,0,0,0,0,0,0,,0,0,,0,0,0,0
1604113111215,6,1010123456024,70,,1,2,2,1,1,,12.5246,61,243,0.04192,24,0,6.4,,2.56,25,0,0.1,10,0,0,9.47115,31,,42,56,,0,0,0,1.48
1604113111465,6,1010123456024,70,,1,2,2,1,1,,12.4286,21,471,0.013792,8,0,8.33333,,0,0,0,0,0,0,0,0,0,,20,32,,0,0,0,0
1604113111715,6,1010123456024,70,,1,2,2,1,1,,0,0,628,0,0,0,8.5,,0,0,0,0,0,0,0,0,0,,0,0,,0,0,0,0
1604113111965,6,1010123456024,70,,1,2,2,1,1,,17.4082,49,0,0.042304,16,0,8.66667,,11,16,0,0.1,7,42.8571,0,7.96931,31,,29,38,,0,0,0,4.5625
1604113112215,6,1010123456024,70,,1,2,2,1,1,,18.5,10,0,0.016032,7,0,9.2,,0,0,0,0,0,0,0,0,0,,7,8,,0,0,0,0
1604113112465,6,1010123456024,70,,1,2,2,1,1,,0,12,0,0.010912,6,0,8.8,,0.608696,23,0,0.1,10,0,0,7.82741,31,,10,12,,0,0,0,1
1604113112715,6,1010123456024,70,,1,2,2,1,1,,16.9412,17,126,0.016992,7,0,8.33333,,0,0,0,0,0,0,0,0,0,,10,14,,0,0,0,0
1604113112965,6,1010123456024,70,,1,2,2,1,1,,11.1429,7,158,0.004384,3,0,8.28571,,0,0,0,0,0,0,0,0,0,,5,6,,0,0,0,0
1604113113215,6,1010123456024,70,,1,2,2,1,1,,12.8,15,315,0.010784,6,0,8,,0.1,3,0,0.1,1,0,0,6.13254,31,,8,12,,0,0,0,1
1604113113465,6,1010123456024,70,,1,2,2,1,1,,0,0,628,0,0,0,8.5,,0,0,0,0,0,0,0,0,0,,0,0,,0,0,0,0
1604113113715,6,1010123456024,70,,1,2,2,1,1,,14,3,1040,0.001952,1,0,8,,0,0,0,0,0,0,0,0,0,,1,2,,0,0,0,0
1604113113965,6,1010123456024,70,,1,2,2,1,1,,18.3846,39,0,0.040288,15,0,8.71429,,1.14286,14,0,0.1,6,0,0,6.09966,31,,22,30,,0,0,0,1
1604113114215,6,1010123456024,70,,1,2,2,1,1,,18.0667,15,10,0.015616,6,0,9,,0,0,0,0,0,0,0,0,0,,8,12,,0,0,0,0
1604113114465,6,1010123456024,70,,1,2,2,1,1,,14.1429,7,315,0.005728,3,0,9,,0,0,0,0,0,0,0,0,0,,9,6,,0,0,0,0
1604113114715,6,1010123456024,70,,1,2,2,1,1,,18.3913,23,0,0.02656,10,0,9,,1.14286,14,0,0.1,6,0,0,7.75076,31,,16,20,,0,0,0,1
1604113114965,6,1010123456024,70,,1,2,2,1,1,,18.5,16,158,0.015936,6,0,9,,0,0,0,0,0,0,0,0,0,,12,12,,0,0,0,0
1604113115215,6,1010123456024,70,,1,2,2,1,1,,18,15,0,0.015872,6,0,9,,0,0,0,0,0,0,0,0,0,,7,12,,0,0,0,0
1604113115465,6,1010123456024,70,,1,2,2,1,1,,18.5333,15,0,0.015936,6,0,9,,1.09091,11,0,0.1,5,0,0,6.24166,31,,6,12,,0,0,0,1
1604113115715,6,1010123456024,70,,1,2,2,1,1,,18.0667,15,0,0.015872,6,0,9,,2,3,0,0.1,1,0,0,6.39746,0,,9,12,,0,0,0,1
1604113115965,6,1010123456024,70,,1,2,2,1,1,,18.4,5,0,0.005312,2,0,9,,0,0,0,0,0,0,0,0,0,,4,4,,0,0,0,0
1604113116215,6,1010123456024,70,,1,2,2,1,1,,0,4,0,0.005312,2,0,9,,0,0,0,0,0,0,0,0,0,,4,4,,0,0,0,0
1604113116465,6,1010123456024,70,,1,2,2,1,1,,17.9091,11,0,0.01056,4,0,9,,1.72727,11,0,0.1,4,0,0,7.90622,31,,6,8,,0,0,0,1
1604113116715,6,1010123456024,70,,1,2,2,1,1,,18.5556,9,0,0.010624,4,0,9,,2,5,0,0.1,2,0,0,21.036,0,,7,8,,0,0,0,1
1604113116965,6,1010123456024,70,,1,2,2,1,1,,0,0,158,0,0,0,9,,0,0,0,0,0,0,0,0,0,,0,0,,0,0,0,0
1604113117215,6,1010123456024,70,,1,2,2,1,1,,17.6667,15,0,0.015936,6,0,9.66667,,0,0,0,0,0,0,0,0,0,,10,12,,0,0,0,0
1604113117465,6,1010123456024,70,,1,2,2,1,1,,18.5,10,0,0.010624,4,0,9.5,,13.2,5,0,0.1,2,0,0,14.5066,31,,7,8,,0,0,0,1.6
1604113117715,6,1010123456024,70,,1,2,2,1,1,,18,5,315,0.005312,2,0,9.16667,,0,0,0,0,0,0,0,0,0,,3,4,,0,0,0,0
1604113117965,6,1010123456024,70,,1,2,2,1,1,,19.8125,16,81,0.018304,6,0,9.42857,,0,0,0,0,0,0,0,0,0,,10,12,,0,0,0,0
1604113118215,6,1010123456024,70,,1,2,2,1,1,,17.5556,18,0,0.01872,7,0,10,,0,0,0,0,0,0,0,0,0,,9,14,,0,0,0,0
1604113118465,6,1010123456024,70,,1,2,2,1,1,,0,0,941,0,0,0,10,,0,0,0,0,0,0,0,0,0,,0,0,,0,0,0,0
1604113118715,6,1010123456024,70,,1,2,2,1,1,,18.0312,32,0,0.0304,10,0,10,,0,0,0,0,0,0,0,0,0,,18,26,,0,0,0,0
1604113118965,6,1010123456024,70,,1,2,2,1,1,,0,0,471,0.006432,3,0,10,,2.7,10,0,0.1,4,0,0,8.887,31,,0,0,,0,0,0,1
1604113119215,6,1010123456024,70,,1,2,2,1,1,,0,0,628,0,0,0,9.83333,,0,0,0,0,0,0,0,0,0,,0,0,,0,0,0,0
1604113119465,6,1010123456024,70,,1,2,2,1,1,,0,0,1097,0,0,0,9.33333,,0,0,0,0,0,0,0,0,0,,0,0,,0,0,0,0
1604113119715,6,1010123456024,70,,1,2,2,1,1,,0,0,1567,0,0,0,9.66667,,0,0,0,0,0,0,0,0,0,,0,0,,0,0,0,0
1604113119965,6,1010123456024,70,,1,2,2,1,1,,0,0,1567,0,0,0,9,,0,0,0,0,0,0,0,0,0,,0,0,,0,0,0,0
1604113120215,6,1010123456024,70,,1,2,2,1,1,,18.5571,70,0,0.0792,29,0,9.33333,,3.5,10,0,0.1,4,0,0,8.87223,31,,45,58,,0,0,0,1.3
1604113120465,6,1010123456024,70,,1,2,2,1,1,,18.1667,24,0,0.026496,10,0,9,,3,8,0,0.1,3,0,0,7.61033,31,,15,20,,0,0,0,1
1604113120715,6,1010123456024,70,,1,2,2,1,1,,0,0,0,0,0,0,9.33333,,0,0,0,0,0,0,0,0,0,,0,0,,0,0,0,0
1604113120965,6,1010123456024,70,,1,2,2,1,1,,18.6,5,0,0.005312,2,0,9.14286,,0,0,0,0,0,0,0,0,0,,3,4,,0,0,0,0
1604113121215,6,1010123456024,70,,1,2,2,1,1,,0,4,0,0.005312,2,0,9,,0,0,0,0,0,0,0,0,0,,4,4,,0,0,0,0
1604113121465,6,1010123456024,70,,1,2,2,1,1,,18.08,25,0,0.026432,10,0,9,,3.625,8,0,0.1,3,0,0,13.7913,31,,13,20,,0,0,0,1
1604113121715,5,1010123456024,70,,1,2,2,1,1,,18.5,10,0,0.010624,4,0,9,,0,0,0,0,0,0,0,0,0,,5,8,,0,0,0,0
1604113121965,5,1010123456024,70,,1,2,2,1,1,,18.45,20,0,0.021248,8,0,9,,4,3,0,0.1,1,0,0,20.013,31,,10,16,,0,0,0,1
1604113122215,5,1010123456024,70,,1,2,2,1,1,,18.5,10,0,0.010624,4,0,9,,0,0,0,0,0,0,0,0,0,,6,8,,0,0,0,0
1604113122465,5,1010123456024,70,,1,2,2,1,1,,0,0,0,0,0,0,9,,0,0,0,0,0,0,0,0,0,,0,0,,0,0,0,0
1604113122715,5,1010123456024,70,,1,2,2,1,1,,18.9032,31,0,0.036832,13,0,9.16667,,6.85714,7,0,0.1,3,0,0,10.2214,31,,19,26,,0,0,0,1.85714
1604113122965,5,1010123456024,70,,1,2,2,1,1,,18.5455,11,158,0.010624,4,0,9,,0,0,0,0,0,0,0,0,0,,5,8,,0,0,0,0
1604113123215,5,1010123456024,70,,1,2,2,1,1,,18.1176,17,0,0.015808,6,0,9.16667,,0,0,0,0,0,0,0,0,0,,11,12,,0,0,0,0
1604113123465,5,1010123456024,70,,1,2,2,1,1,,18.4667,15,0,0.015936,6,0,9,,10,8,0,0.1,3,0,0,17.968,31,,7,12,,0,0,0,1
1604113123715,5,1010123456024,70,,1,2,2,1,1,,18.5455,11,315,0.010624,4,0,9,,0,0,0,0,0,0,0,0,0,,8,8,,0,0,0,0
1604113123965,5,1010123456024,70,,1,2,2,1,1,,0,0,471,0,0,0,9.14286,,0,0,0,0,0,0,0,0,0,,0,0,,0,0,0,0
1604113124215,5,1010123456024,70,,1,2,2,1,1,,18.3548,31,0,0.031744,12,0,9,,0,0,0,0,0,0,0,0,0,,22,24,,0,0,0,0
1604113124465,5,1010123456024,70,,1,2,2,1,1,,18.4,5,0,0.005312,2,0,9.16667,,10,8,0,0.1,3,0,0,10.9743,31,,7,4,,0,0,0,2.875
1604113124715,5,1010123456024,70,,1,2,2,1,1,,18.6,5,0,0.005312,2,0,9,,7,3,0,0.1,1,0,0,10.8485,31,,3,4,,0,0,0,1
1604113124965,5,1010123456024,70,,1,2,2,1,1,,18.1333,30,0,0.031808,12,0,9.28571,,0,0,0,0,0,0,0,0,0,,20,24,,0,0,0,0
1604113125215,5,1010123456024,70,,1,2,2,1,1,,0,0,471,0,0,0,9,,0,0,0,0,0,0,0,0,0,,0,0,,0,0,0,0
1604113125465,5,1010123456024,70,,1,2,2,1,1,,18.4688,32,158,0.031872,12,0,9.16667,,0,0,0,0,0,0,0,0,0,,21,24,,0,0,0,0
1604113125715,5,1010123456024,70,,1,2,2,1,1,,0,0,471,0,0,0,9,,0,0,0,0,0,0,0,0,0,,1,0,,0,0,0,0
1604113125965,5,1010123456024,70,,1,2,2,1,1,,18.4516,31,315,0.031872,12,0,9.14286,,10,5,0,0.1,2,0,0,16.5725,31,,17,24,,0,0,0,1
1604113126215,5,1010123456024,70,,1,2,2,1,1,,0,0,628,0,0,0,9.16667,,0,0,0,0,0,0,0,0,0,,0,0,,0,0,0,0
1604113126465,5,1010123456024,70,,1,2,2,1,1,,0,0,784,0,0,0,9,,0,0,0,0,0,0,0,0,0,,0,0,,0,0,0,0
1604113126715,5,1010123456024,70,,1,2,2,1,1,,0,0,1097,0,0,0,9.16667,,0,0,0,0,0,0,0,0,0,,0,0,,0,0,0,0
1604113126965,5,1010123456024,70,,1,2,2,1,1,,0,0,1567,0,0,0,9,,0,0,0,0,0,0,0,0,0,,0,0,,0,0,0,0
1604113127215,5,1010123456024,70,,1,2,2,1,1,,0,0,1567,0,0,0,9,,0,0,0,0,0,0,0,0,0,,0,0,,0,0,0,0
1604113127465,5,1010123456024,70,,1,2,2,1,1,,0,0,2036,0,0,0,9,,0,0,0,0,0,0,0,0,0,,0,0,,0,0,0,0
1604113127715,5,1010123456024,70,,1,2,2,1,1,,19,20,2000,0.022272,8,0,9,,6.77778,9,0,0.1,4,0,0,11.8319,31,,11,16,,0,0,0,1
1604113127965,5,1010123456024,70,,1,2,2,1,1,,0,0,2626,0,0,0,9.28571,,0,0,0,0,0,0,0,0,0,,0,0,,0,0,0,0
1604113128215,5,1010123456024,70,,1,2,2,1,1,,0,0,2939,0,0,0,9,,0,0,0,0,0,0,0,0,0,,0,0,,0,0,0,0
1604113128465,5,1010123456024,70,,1,2,2,1,1,,0,0,3096,0,0,0,9.5,,0,0,0,0,0,0,0,0,0,,0,0,,0,0,0,0
1604113128715,5,1010123456024,70,,1,2,2,1,1,,0,0,3409,0,0,0,9,,0,0,0,0,0,0,0,0,0,,0,0,,0,0,0,0
1604113128965,5,1010123456024,70,,1,2,2,1,1,,0,0,3878,0,0,0,9.14286,,0,0,0,0,0,0,0,0,0,,0,0,,0,0,0,0
1604113129215,5,1010123456024,70,,1,2,2,1,1,,0,0,4348,0,0,0,9.16667,,0,0,0,0,0,0,0,0,0,,0,0,,0,0,0,0
1604113129465,5,1010123456024,70,,1,2,2,1,1,,18.8416,101,1794,0.112352,41,0,9,,8.9,10,0,0.1,4,0,0,12.6151,31,,66,82,,0,0,0,1.9
1604113129715,5,1010123456024,70,,1,2,2,1,1,,0,0,2107,0,0,0,9,,0,0,0,0,0,0,0,0,0,,0,0,,0,0,0,0
1604113129965,5,1010123456024,70,,1,2,2,1,1,,19.9167,24,1816,0.03072,10,0,9.14286,,0,0,0,0,0,0,0,0,0,,18,20,,0,0,0,0
1604113130215,5,1010123456024,70,,1,2,2,1,1,,18.9231,52,250,0.057952,21,0,9,,7,3,0,0.1,1,0,0,10.9615,31,,42,42,,0,0,0,1
1604113130465,5,1010123456024,70,,1,2,2,1,1,,19,8,158,0.008352,3,0,9,,0,0,0,0,0,0,0,0,0,,10,6,,0,0,0,0
1604113130715,5,1010123456024,70,,1,2,2,1,1,,18.4,5,0,0.005312,2,0,9,,4.57143,7,0,0.1,3,0,0,9.81709,31,,2,4,,0,0,0,1.28571
1604113130965,5,1010123456024,70,,1,2,2,1,1,,0,0,784,0,0,0,9,,0,2,0,0.1,1,0,0,0,31,,0,0,,0,0,0,0
1604113131215,5,1010123456024,70,,1,2,2,1,1,,0,0,1254,0,0,0,9,,0,0,0,0,0,0,0,0,0,,0,0,,0,0,0,0
1604113131465,5,1010123456024,70,,1,2,2,1,1,,0,0,1254,0,0,0,9,,0,0,0,0,0,0,0,0,0,,0,0,,0,0,0,0
1604113131715,5,1010123456024,70,,1,2,2,1,1,,0,0,1567,0,0,0,9,,0,0,0,0,0,0,0,0,0,,0,0,,0,0,0,0
1604113131965,5,1010123456024,70,,1,2,2,1,1,,0,0,1880,0,0,0,9,,0,0,0,0,0,0,0,0,0,,0,0,,0,0,0,0
1604113132215,5,1010123456024,70,,1,2,2,1,1,,0,0,2036,0,0,0,9,,0,0,0,0,0,0,0,0,0,,0,0,,0,0,0,0
1604113132465,5,1010123456024,70,,1,2,2,1,1,,0,0,2662,0,0,0,9,,0,0,0,0,0,0,0,0,0,,0,0,,0,0,0,0
1604113132715,5,1010123456024,70,,1,2,2,1,1,,18.6406,64,727,0.070464,26,0,9,,9.4375,16,0,0.1,6,16.6667,0,11.994,31,,40,52,,0,0,0,3.4375
1604113132965,5,1010123456024,70,,1,2,2,1,1,,17.8222,45,0,0.045856,18,0,9,,0,0,0,0,0,0,0,0,0,,27,36,,0,0,0,0
1604113133215,5,1010123456024,70,,1,2,2,1,1,,18.5333,15,0,0.015936,6,0,9,,0,0,0,0,0,0,0,0,0,,9,12,,0,0,0,0
1604113133465,5,1010123456024,70,,1,2,2,1,1,,14.9556,45,0,0.037696,18,0,8.5,,9,5,0,0.1,2,0,0,13.9887,31,,32,36,,0,0,0,1.4
1604113133715,5,1010123456024,70,,1,2,2,1,1,,18.6,15,0,0.015936,6,0,8.83333,,0,0,0,0,0,0,0,0,0,,6,12,,0,0,0,0
1604113133965,5,1010123456024,70,,1,2,2,1,1,,18.5,10,0,0.010624,4,0,9,,0,0,0,0,0,0,0,0,0,,6,8,,0,0,0,0
1604113134215,5,1010123456024,70,,1,2,2,1,1,,13.4286,7,0,0.005408,3,0,8.5,,0,0,0,0,0,0,0,0,0,,3,6,,0,0,0,0
1604113134465,5,1010123456024,70,,1,2,2,1,1,,0,0,628,0,0,0,9.66667,,0,0,0,0,0,0,0,0,0,,0,0,,0,0,0,0
1604113134715,5,1010123456024,70,,1,2,2,1,1,,15.6071,28,0,0.026752,12,0,8.66667,,2.1,10,0,0.1,4,0,0,10.2785,31,,18,24,,0,0,0,1
1604113134965,5,1010123456024,70,,1,2,2,1,1,,0,0,0,0,0,0,8.71429,,0,0,0,0,0,0,0,0,0,,0,0,,0,0,0,0
1604113135215,5,1010123456024,70,,1,2,2,1,1,,0,0,315,0,0,0,8.5,,0,0,0,0,0,0,0,0,0,,0,0,,0,0,0,0
1604113135465,5,1010123456024,70,,1,2,2,1,1,,0,0,784,0,0,0,8.83333,,0,0,0,0,0,0,0,0,0,,0,0,,0,0,0,0
1604113135715,5,1010123456024,70,,1,2,2,1,1,,0,0,941,0,0,0,8.66667,,0,0,0,0,0,0,0,0,0,,0,0,,0,0,0,0
1604113135965,5,1010123456024,70,,1,2,2,1,1,,0,0,1254,0,0,0,8.42857,,0,0,0,0,0,0,0,0,0,,0,0,,0,0,0,0
1604113136215,5,1010123456024,70,,1,2,2,1,1,,18.4773,44,830,0.04592,17,0,9,,9,5,0,0.1,2,0,0,15.2158,31,,28,34,,0,0,0,1.4
1604113136465,5,1010123456024,70,,1,2,4,1,1,,14.3462,52,158,0.044416,22,0,8.5,,2.4,10,0,0.1,4,0,0,6.77072,31,,39,44,,0,0,0,1
1604113136715,5,1010123456024,70,,1,2,4,1,1,,11.8125,16,628,0.010976,7,0,8.33333,,0,0,0,0,0,0,0,0,0,,10,14,,0,0,0,0
1604113136965,5,1010123456024,70,,1,2,4,1,1,,14,21,366,0.015552,8,0,8.42857,,0,0,0,0,0,0,0,0,0,,10,20,,0,0,0,0
1604113137215,5,1010123456024,70,,1,2,4,1,1,,14.7333,15,158,0.016736,8,0,8.33333,,0,0,0,0,0,0,0,0,0,,6,12,,0,0,0,0
1604113137465,5,1010123456024,70,,1,2,4,1,1,,12.6667,24,0,0.016384,9,0,8.83333,,11.2,25,0,0.1,10,0,0,12.2994,31,,9,18,,0,0,0,2.4
1604113137715,5,1010123456024,70,,1,2,4,1,1,,0,0,158,0,0,0,9,,0,0,0,0,0,0,0,0,0,,0,0,,0,0,0,0
1604113137965,5,1010123456024,70,,1,2,4,1,1,,13.0909,22,0,0.016352,9,0,8.71429,,0,0,0,0,0,0,0,0,0,,9,18,,0,0,0,0
1604113138215,5,1010123456024,70,,1,2,4,1,1,,0,0,0,0,0,0,8.83333,,0,0,0,0,0,0,0,0,0,,0,0,,0,0,0,0
1604113138465,5,1010123456024,70,,1,2,4,1,1,,0,2,866,0.002528,1,0,8.66667,,0,0,0,0,0,0,0,0,0,,1,2,,0,0,0,0
1604113138715,5,1010123456024,70,,1,2,4,1,1,,15.1186,59,0,0.050816,24,0,8.66667,,0.5,20,0,0.1,8,0,0,6.67704,31,,24,48,,0,0,0,1
1604113138965,5,1010123456024,70,,1,2,4,1,1,,13.2069,29,0,0.021792,12,0,9,,0,0,0,0,0,0,0,0,0,,12,24,,0,0,0,0
1604113139215,5,1010123456024,70,,1,2,4,1,1,,15,13,158,0.010656,5,0,8.83333,,0,0,0,0,0,0,0,0,0,,5,10,,0,0,0,0
1604113139465,5,1010123456024,70,,1,2,4,1,1,,13.125,16,0,0.010912,6,0,9,,0,2,0,0.1,1,0,0,0,31,,8,16,,0,0,0,0
1604113139715,5,1010123456024,70,,1,2,4,1,1,,14.7241,58,0,0.048192,23,0,9,,6.41176,17,0,0.1,7,28.5714,0,11.9793,31,,26,52,,0,0,0,3.35294
1604113139965,5,1010123456024,70,,1,2,4,1,1,,13,7,0,0.00544,3,0,9,,0,0,0,0,0,0,0,0,0,,3,6,,0,0,0,0
1604113140215,5,1010123456024,70,,1,2,4,1,1,,0,0,0,0,0,0,9,,0,0,0,0,0,0,0,0,0,,0,0,,0,0,0,0
1604113140465,5,1010123456024,70,,1,2,4,1,1,,0,0,158,0,0,0,9,,0,0,0,0,0,0,0,0,0,,0,0,,0,0,0,0
1604113140715,5,1010123456024,70,,1,2,4,1,1,,12.7727,22,0,0.01632,9,0,9,,2.7,10,0,0.1,4,0,0,8.11306,31,,9,18,,0,0,0,1.2
1604113140965,5,1010123456024,70,,1,2,4,1,1,,12.375,8,0,0,0,0,9,,0,0,0,0,0,0,0,0,0,,3,6,,0,0,0,0
1604113141215,5,1010123456024,70,,1,2,4,1,1,,13.7143,7,0,0.010816,6,0,9,,0,0,0,0,0,0,0,0,0,,4,6,,0,0,0,0
1604113141465,5,1010123456024,70,,1,2,4,1,1,,13.5417,24,93,0.018528,10,0,9.16667,,7.6,5,0,0.1,2,0,0,15.1783,31,,10,20,,0,0,0,1
1604113141715,5,1010123456024,70,,1,2,4,1,1,,12.4762,21,0,0.014144,8,0,9,,0,0,0,0,0,0,0,0,0,,8,16,,0,0,0,0
1604113141965,5,1010123456024,70,,1,2,4,1,1,,12.48,25,158,0.01632,9,0,9,,0,0,0,0,0,0,0,0,0,,12,24,,0,0,0,0
1604113142215,5,1010123456024,70,,1,2,4,1,1,,12.5625,16,0,0.01088,6,0,9,,0,0,0,0,0,0,0,0,0,,7,14,,0,0,0,0
1604113142465,5,1010123456024,70,,1,2,4,1,1,,14,17,63,0.011808,6,0,9,,4.1,10,0,0.1,4,0,0,8.30458,31,,8,14,,0,0,0,2.8
1604113142715,5,1010123456024,70,,1,2,4,1,1,,13.4444,9,0,0.009856,5,0,9,,0,0,0,0,0,0,0,0,0,,4,8,,0,0,0,0
1604113142965,5,1010123456024,70,,1,2,4,1,1,,12.375,8,0,0.00544,3,0,9,,0,0,0,0,0,0,0,0,0,,3,6,,0,0,0,0
1604113143215,5,1010123456024,70,,1,2,4,1,1,,13.2381,21,0,0.016352,9,0,9,,0,0,0,0,0,0,0,0,0,,13,20,,0,0,0,0
1604113143465,5,1010123456024,70,,1,2,4,1,1,,0,0,0,0,0,0,9.16667,,0,0,0,0,0,0,0,0,0,,0,0,,0,0,0,0
1604113143715,5,1010123456024,70,,1,2,4,1,1,,18.4,5,158,0,0,0,9.5,,0,0,0,0,0,0,0,0,0,,2,4,,0,0,0,0
1604113143965,5,1010123456024,70,,1,2,4,1,1,,14.45,20,0,0.02144,10,0,9,,4.57143,7,0,0.1,3,0,0,9.21548,31,,9,16,,0,0,0,1.28571
1604113144215,5,1010123456024,70,,1,2,4,1,1,,18.2,10,0,0.01056,4,0,9.83333,,0,0,0,0,0,0,0,0,0,,4,8,,0,0,0,0
1604113144465,5,1010123456024,70,,1,2,4,1,1,,12,7,158,0.00544,3,0,9.33333,,10,5,0,0.1,2,0,0,13.6351,31,,4,6,,0,0,0,1
1604113144715,5,1010123456024,70,,1,2,4,1,1,,13.087,23,0,0.016384,9,0,9.33333,,0,0,0,0,0,0,0,0,0,,13,18,,0,0,0,0
1604113144965,5,1010123456024,70,,1,2,4,1,1,,14.7692,13,0,0.010752,5,0,9.85714,,0,0,0,0,0,0,0,0,0,,8,10,,0,0,0,0
1604113145215,5,1010123456024,70,,1,2,4,1,1,,13,7,0,0.00544,3,0,9.4,,0,0,0,0,0,0,0,0,0,,4,6,,0,0,0,0
1604113145465,5,1010123456024,70,,1,2,4,1,1,,14.3542,48,0,0.037536,18,0,9.83333,,4.75,8,0,0.1,3,0,0,12.4346,31,,23,36,,0,0,0,1
1604113145715,5,1010123456024,70,,1,2,4,1,1,,15.8667,15,396,0.01328,6,0,9.83333,,0,0,0,0,0,0,0,0,0,,8,14,,0,0,0,0
1604113145965,5,1010123456024,70,,1,2,4,1,1,,13.5526,38,0,0.02976,15,0,10,,0,0,0,0,0,0,0,0,0,,17,30,,0,0,0,0
1604113146215,5,1010123456024,70,,1,2,4,1,1,,14.7436,39,0,0.03232,15,0,10,,0,0,0,0,0,0,0,0,0,,15,30,,0,0,0,0
1604113146465,5,1010123456024,70,,1,2,4,1,1,,13.8333,12,0,0.010784,5,0,10.3333,,11.6154,13,0,0.1,6,33.3333,0,11.614,31,,5,10,,0,0,0,3.92308
1604113146715,5,1010123456024,70,,1,2,4,1,1,,13.2759,29,0,0.021792,12,0,10.3333,,0,0,0,0,0,0,0,0,0,,12,24,,0,0,0,0
1604113146965,5,1010123456024,70,,1,2,4,1,1,,17.5,10,0,0.010624,4,0,10.5714,,0,0,0,0,0,0,0,0,0,,4,8,,0,0,0,0
1604113147215,5,1010123456024,70,,1,2,4,1,1,,17.7,10,0,0.010624,4,0,10.5,,0,2,0,0.1,1,0,0,0,31,,6,8,,0,0,0,0
1604113147465,5,1010123456024,70,,1,2,4,1,1,,0,0,0,0,0,0,10.1667,,0,0,0,0,0,0,0,0,0,,0,0,,0,0,0,0
1604113147715,5,1010123456024,70,,1,2,4,1,1,,17,5,0,0.005312,2,0,10.6667,,0,0,0,0,0,0,0,0,0,,2,4,,0,0,0,0
1604113147965,5,1010123456024,70,,1,2,4,1,1,,18.1429,14,0,0.016,6,0,10.4286,,13.1429,7,0,0.1,3,33.3333,0,11.3582,31,,6,12,,0,0,0,4
1604113148215,5,1010123456024,70,,1,2,4,1,1,,19.75,8,48,0.008928,3,0,10.1667,,0,0,0,0,0,0,0,0,0,,3,6,,0,0,0,0
1604113148465,5,1010123456024,70,,1,2,4,1,1,,14.0714,14,634,0.012288,6,0,10,,0,0,0,0,0,0,0,0,0,,7,12,,0,0,0,0
1604113148715,5,1010123456024,70,,1,2,4,1,1,,16.7317,41,0,0.03744,16,0,10,,3.5,10,0,0.1,4,0,0,7.71061,31,,16,32,,0,0,0,1.3
1604113148965,5,1010123456024,70,,1,2,4,1,1,,14.3333,27,0,0.023936,11,0,10,,0,0,0,0,0,0,0,0,0,,13,26,,0,0,0,0
1604113149215,5,1010123456024,70,,1,2,4,1,1,,12.375,8,158,0.008416,5,0,10,,0,0,0,0,0,0,0,0,0,,3,6,,0,0,0,0
1604113149465,5,1010123456024,70,,1,2,4,1,1,,13.8235,17,0,0.01616,8,0,10,,0,0,0,0,0,0,0,0,0,,9,16,,0,0,0,0
1604113149715,5,1010123456024,70,,1,2,4,1,1,,13.3125,16,0,0.010912,6,0,10,,1.76923,13,0,0.1,6,0,0,7.1457,31,,6,12,,0,0,0,1
1604113149965,5,1010123456024,70,,1,2,4,1,1,,0,0,0,0,0,0,10.2857,,0,0,0,0,0,0,0,0,0,,0,0,,0,0,0,0
1604113150215,5,1010123456024,70,,1,2,4,1,1,,0,0,315,0,0,0,10.3333,,0,0,0,0,0,0,0,0,0,,0,0,,0,0,0,0
1604113150465,5,1010123456024,70,,1,2,4,1,1,,16.3333,18,0,0.016064,7,0,10.2,,1.85714,14,0,0.1,6,0,0,7.2452,31,,9,18,,0,0,0,1
1604113150715,5,1010123456024,70,,1,2,4,1,1,,18,10,158,0.01056,4,0,10.1667,,0,0,0,0,0,0,0,0,0,,4,8,,0,0,0,0
1604113150965,5,1010123456024,70,,1,2,4,1,1,,15.7143,14,94,0.0104,5,0,10,,0,0,0,0,0,0,0,0,0,,6,12,,0,0,0,0
1604113151215,5,1010123456024,70,,1,2,4,1,1,,14.25,8,65,0.008864,4,0,10.5,,0,0,0,0,0,0,0,0,0,,3,6,,0,0,0,0
1604113151465,5,1010123456024,70,,1,2,4,1,1,,15.6,20,8,0.012896,6,0,10,,6.14286,7,0,0.1,3,0,0,13.6128,31,,8,16,,0,0,0,1.42857
1604113151715,5,1010123456024,70,,1,2,4,1,1,,13,7,0,0.010784,5,0,10.3333,,8.8,5,0,0.1,2,0,0,12.8207,0,,3,6,,0,0,0,3.4
1604113151965,5,1010123456024,70,,1,2,4,1,1,,0,0,784,0,0,0,10.2857,,0,0,0,0,0,0,0,0,0,,0,0,,0,0,0,0
1604113152215,5,1010123456024,70,,1,2,4,1,1,,0,0,1254,0,0,0,10,,0,0,0,0,0,0,0,0,0,,0,0,,0,0,0,0
1604113152465,5,1010123456024,70,,1,2,4,1,1,,18.2121,33,254,0.03376,13,0,10,,2.375,16,0,0.1,6,0,0,7.25666,31,,14,28,,0,0,0,1
1604113152715,5,1010123456024,70,,1,2,4,1,1,,17.7097,31,0,0.020864,8,0,10,,0,0,0,0,0,0,0,0,0,,12,24,,0,0,0,0
1604113152965,5,1010123456024,70,,1,2,4,1,1,,0,0,315,0.008992,4,0,10,,0,0,0,0,0,0,0,0,0,,0,0,,0,0,0,0
1604113153215,5,1010123456024,70,,1,2,4,1,1,,15.5,12,158,0.010656,5,0,10.3333,,0,0,0,0,0,0,0,0,0,,6,12,,0,0,0,0
1604113153465,5,1010123456024,70,,1,2,4,1,1,,19.2778,18,0,0.021088,7,0,10.6667,,1.2381,21,0,0.1,8,0,0,7.32884,31,,7,14,,0,0,0,1
1604113153715,5,1010123456024,70,,1,2,4,1,1,,18,5,0,0.005312,2,0,10.8333,,0,0,0,0,0,0,0,0,0,,2,4,,0,0,0,0
1604113153965,5,1010123456024,70,,1,2,4,1,1,,17.2222,9,0,0.008672,3,0,11,,0,0,0,0,0,0,0,0,0,,4,8,,0,0,0,0
1604113154215,5,1010123456024,70,,1,2,4,1,1,,0,4,0,0.007264,3,0,11,,0,0,0,0,0,0,0,0,0,,2,4,,0,0,0,0
1604113154465,5,1010123456024,70,,1,2,4,1,1,,0,0,0,0,0,0,11,,0,0,0,0,0,0,0,0,0,,0,0,,0,0,0,0
1604113154715,5,1010123456024,70,,1,2,4,1,1,,19,21,0,0.026464,9,0,11,,0.928571,28,0,0.1,11,0,0,6.50273,31,,9,18,,0,0,0,1
1604113154965,5,1010123456024,70,,1,2,4,1,1,,0,4,0,0.005312,2,0,11.1667,,0,0,0,0,0,0,0,0,0,,2,4,,0,0,0,0
1604113155215,5,1010123456024,70,,1,2,4,1,1,,17.7273,11,0,0.010624,4,0,11,,0,0,0,0,0,0,0,0,0,,4,8,,0,0,0,0
1604113155465,5,1010123456024,70,,1,2,4,1,1,,17.8125,16,0,0.015936,6,0,11,,0.1,25,0,0.1,10,0,0,6.5306,31,,6,12,,0,0,0,1
1604113155715,5,1010123456024,70,,1,2,4,1,1,,17,5,0,0.005312,2,0,11,,0,0,0,0,0,0,0,0,0,,2,4,,0,0,0,0
1604113155965,5,1010123456024,70,,1,2,4,1,1,,17.7368,19,0,0.021248,8,0,11,,0,0,0,0,0,0,0,0,0,,8,16,,0,0,0,0
1604113156215,5,1010123456024,70,,1,2,4,1,1,,17.3077,13,0,0.015936,6,0,10,,0,0,0,0,0,0,0,0,0,,6,12,,0,0,0,0
1604113156465,5,1010123456024,70,,1,2,4,1,1,,17,5,0,0.005312,2,0,11,,0,2,0,0.1,1,0,0,0,31,,2,4,,0,0,0,0
1604113156715,5,1010123456024,70,,1,2,4,1,1,,17.6,10,0,0.010688,4,0,11.2,,5.30769,13,0,0.1,5,0,0,9.68993,31,,4,8,,0,0,0,2.61538
1604113156965,5,1010123456024,70,,1,2,4,1,1,,23,3,194,0.004,1,0,11.7143,,0,0,0,0,0,0,0,0,0,,2,4,,0,0,0,0
1604113157215,5,1010123456024,70,,1,2,4,1,1,,18.7778,27,0,0.0328,11,0,11.5,,0,0,0,0,0,0,0,0,0,,16,32,,0,0,0,0
1604113157465,5,1010123456024,70,,1,2,4,1,1,,17.1429,14,0,0.016064,6,0,11.5,,14,12,0,0,4,100,0,6.72288,0,,6,12,,0,0,0,10
1604113157715,5,1010123456024,70,,1,2,4,1,1,,17.1,10,0,0.010688,4,0,11.8333,,0,0,0,0,0,0,0,0,0,,4,8,,0,0,0,0
1604113157965,5,1010123456024,70,,1,2,4,1,1,,16.5333,15,0,0.01584,6,0,11.3333,,0,0,0,0,0,0,0,0,0,,6,12,,0,0,0,0
1604113158215,5,1010123456024,70,,1,2,4,1,1,,17,5,158,0.005312,2,0,11.8,,0,0,0,0,0,0,0,0,0,,2,4,,0,0,0,0
1604113158465,5,1010123456024,70,,1,2,4,1,1,,17.9375,16,158,0.016,6,0,11.1667,,0.761905,21,0,0.1,8,0,0,6.54272,31,,8,16,,0,0,0,1
1604113158715,5,1010123456024,70,,1,2,4,1,1,,17,14,0,0.016,6,0,11.6667,,0,2,0,0.1,1,0,0,0,31,,6,12,,0,0,0,0
1604113158965,5,1010123456024,70,,1,2,4,1,1,,17.5,6,0,0.005376,2,0,11.4286,,0,0,0,0,0,0,0,0,0,,2,4,,0,0,0,0
1604113159215,5,1010123456024,70,,1,2,4,1,1,,0,18,225,0.029216,9,0,11.5,,0,0,0,0,0,0,0,0,0,,9,18,,0,0,0,0
1604113159465,5,1010123456024,70,,1,2,4,1,1,,18.0476,21,0,0.023392,8,0,11.6667,,0,0,0,0,0,0,0,0,0,,8,16,,0,0,0,0
1604113159715,5,1010123456024,70,,1,2,4,1,1,,11,8,47,0.003936,3,0,10.6667,,3.83333,12,0,0.1,5,0,0,8.57345,31,,4,8,,0,0,0,1
1604113159965,5,1010123456024,70,,1,2,4,1,1,,16.125,8,0,0.007072,3,0,11.8571,,0,0,0,0,0,0,0,0,0,,3,6,,0,0,0,0
1604113160215,5,1010123456024,70,,1,2,4,1,1,,18.4,5,0,0.005376,2,0,11.8333,,0,0,0,0,0,0,0,0,0,,2,4,,0,0,0,0
1604113160465,5,1010123456024,70,,1,2,4,1,1,,17.6667,21,0,0.021312,8,0,11.5,,6.27778,18,0,0.1,7,0,0,10.8774,31,,8,16,,0,0,0,1
1604113160715,5,1010123456024,70,,1,2,4,1,1,,0,4,129,0.003104,1,0,11.3333,,0,0,0,0,0,0,0,0,0,,2,4,,0,0,0,0
1604113160965,5,1010123456024,70,,1,2,4,1,1,,16.7,10,0,0.012832,5,0,11.1429,,0,0,0,0,0,0,0,0,0,,4,8,,0,0,0,0
1604113161215,5,1010123456024,70,,1,2,4,1,1,,19.8,15,158,0.015776,5,0,11.8333,,0,0,0,0,0,0,0,0,0,,5,10,,0,0,0,0
1604113161465,5,1010123456024,70,,1,2,4,1,1,,17,5,158,0.005312,2,0,11.1667,,0,0,0,0,0,0,0,0,0,,2,4,,0,0,0,0
1604113161715,5,1010123456024,70,,1,2,4,1,1,,0,0,158,0,0,0,11.3333,,0,0,0,0,0,0,0,0,0,,0,0,,0,0,0,0
1604113161965,5,1010123456024,70,,1,2,4,1,1,,18.973,37,49,0.040704,14,0,11.1429,,3.78571,14,0,0.1,5,0,0,9.5717,31,,14,28,,0,0,0,1
1604113162215,5,1010123456024,70,,1,2,4,1,1,,16.3571,14,0,0.012448,5,0,11.1667,,0,0,0,0,0,0,0,0,0,,5,10,,0,0,0,0
1604113162465,5,1010123456024,70,,1,2,4,1,1,,18,10,158,0.010624,4,0,11,,8,7,0,0.1,3,0,0,20.3963,31,,4,8,,0,0,0,1
1604113162715,5,1010123456024,70,,1,2,4,1,1,,0,4,315,0.005312,2,0,10.6667,,0,0,0,0,0,0,0,0,0,,2,4,,0,0,0,0
1604113162965,5,1010123456024,70,,1,2,4,1,1,,18.2353,17,49,0.019488,7,0,10.5714,,0,0,0,0,0,0,0,0,0,,7,14,,0,0,0,0
1604113163215,5,1010123456024,70,,1,2,4,1,1,,0,0,832,0,0,0,10.3333,,0,0,0,0,0,0,0,0,0,,0,0,,0,0,0,0
1604113163465,5,1010123456024,70,,1,2,4,1,1,,0,0,1145,0,0,0,11,,0,0,0,0,0,0,0,0,0,,0,0,,0,0,0,0
1604113163715,5,1010123456024,70,,1,2,4,1,1,,0,0,1458,0,0,0,11,,0,0,0,0,0,0,0,0,0,,0,0,,0,0,0,0
1604113163965,5,1010123456024,70,,1,2,4,1,1,,0,0,1771,0,0,0,9.71429,,0,0,0,0,0,0,0,0,0,,0,0,,0,0,0,0
1604113164215,5,1010123456024,70,,1,2,4,1,1,,17.8889,72,0,0.075584,29,0,10.3333,,12.4,5,0,0.1,2,0,0,14.6224,31,,29,58,,0,0,0,1.8
1604113164465,5,1010123456024,70,,1,2,4,1,1,,14.4211,19,0,0.01616,8,0,10.3333,,9,5,0,0.1,2,0,0,15.9974,31,,8,16,,0,0,0,1.4
1604113164715,5,1010123456024,70,,1,2,4,1,1,,12.375,24,0,0.016416,9,0,10,,0,0,0,0,0,0,0,0,0,,10,20,,0,0,0,0
1604113164965,5,1010123456024,70,,1,2,4,1,1,,0,2,709,0.002528,1,0,10,,0,0,0,0,0,0,0,0,0,,1,2,,0,0,0,0
1604113165215,5,1010123456024,70,,1,2,4,1,1,,17.08,25,0,0.024,10,0,10,,0,0,0,0,0,0,0,0,0,,10,20,,0,0,0,0
1604113165465,5,1010123456024,70,,1,2,4,1,1,,18.6,5,158,0.005312,2,0,10,,0,0,0,0,0,0,0,0,0,,2,4,,0,0,0,0
1604113165715,5,1010123456024,70,,1,2,4,1,1,,0,0,628,0,0,0,10,,0,0,0,0,0,0,0,0,0,,0,0,,0,0,0,0
1604113165965,5,1010123456024,70,,1,2,4,1,1,,16.94,50,0,0.047808,20,0,10,,11.8,5,0,0.1,2,0,0,11.2457,31,,23,40,,0,0,0,1.6
1604113166215,5,1010123456024,70,,1,2,4,1,1,,18.5,10,0,0.010624,4,0,10,,0,0,0,0,0,0,0,0,0,,4,8,,0,0,0,0
1604113166465,5,1010123456024,70,,1,2,4,1,1,,15.6667,12,315,0.010784,5,0,10,,10,5,0,0.1,2,0,0,15.4737,31,,5,10,,0,0,0,1
1604113166715,5,1010123456024,70,,1,2,4,1,1,,15.8333,18,0,0.015936,7,0,9.16667,,0,0,0,0,0,0,0,0,0,,7,14,,0,0,0,0
1604113166965,5,1010123456024,70,,1,2,4,1,1,,0,0,0,0,0,0,8,,0,0,0,0,0,0,0,0,0,,0,0,,0,0,0,0
1604113167215,5,1010123456024,70,,1,2,4,1,1,,18,3,83,0.002528,1,0,9.16667,,0,0,0,0,0,0,0,0,0,,1,2,,0,0,0,0
1604113167465,5,1010123456024,70,,1,2,6,1,1,,16.4,15,0,0.013472,6,0,10,,0,0,0,0,0,0,0,0,0,,6,12,,0,0,0,0
1604113167715,5,1010123456024,70,,1,2,6,1,1,,13.7143,14,0,0.010912,6,0,10,,5.14286,7,0,0.1,3,0,0,10.614,31,,7,14,,0,0,0,1
1604113167965,5,1010123456024,70,,1,2,6,1,1,,14.5789,19,0,0.016256,8,0,10.4286,,0,0,0,0,0,0,0,0,0,,8,16,,0,0,0,0
1604113168215,5,1010123456024,70,,1,2,6,1,1,,18,14,0,0.015936,6,0,10.1667,,0,0,0,0,0,0,0,0,0,,7,14,,0,0,0,0
1604113168465,5,1010123456024,70,,1,2,6,1,1,,15.3889,18,0,0.016096,7,0,10.3333,,4.57143,7,0,0.1,3,0,0,8.66106,31,,7,14,,0,0,0,1
1604113168715,5,1010123456024,70,,1,2,6,1,1,,18.3,10,0,0.010624,4,0,10.5,,0,0,0,0,0,0,0,0,0,,4,8,,0,0,0,0
1604113168965,5,1010123456024,70,,1,2,6,1,1,,13.7619,21,0,0.010944,6,0,10.7143,,0,0,0,0,0,0,0,0,0,,8,16,,0,0,0,0
1604113169215,5,1010123456024,70,,1,2,6,1,1,,17.6667,15,0,0.021248,8,0,11,,0,0,0,0,0,0,0,0,0,,6,12,,0,0,0,0
1604113169465,5,1010123456024,70,,1,2,6,1,1,,17.5,10,0,0.005312,2,0,10.5,,0,0,0,0,0,0,0,0,0,,4,8,,0,0,0,0
1604113169715,5,1010123456024,70,,1,2,6,1,1,,15.0833,12,0,0.016096,7,0,10.6667,,8.96,25,0,0.1,10,0,0,13.0016,31,,5,10,,0,0,0,1
1604113169965,5,1010123456024,70,,1,2,6,1,1,,18.6,10,0,0.010624,4,0,9.71429,,0,0,0,0,0,0,0,0,0,,4,8,,0,0,0,0
1604113170215,5,1010123456024,70,,1,2,6,1,1,,14.6923,13,0,0.010784,5,0,10.5,,0,0,0,0,0,0,0,0,0,,7,10,,0,0,0,0
1604113170465,5,1010123456024,70,,1,2,6,1,1,,15.2581,31,0,0.02688,12,0,10.3333,,8.77778,9,0,0.1,4,0,0,12.9859,31,,15,28,,0,0,0,1.22222
1604113170715,5,1010123456024,70,,1,2,6,1,1,,15.9412,17,0,0.016032,7,0,10.6667,,0,0,0,0,0,0,0,0,0,,7,14,,0,0,0,0
1604113170965,5,1010123456024,70,,1,2,6,1,1,,13.7143,7,0,0.005472,3,0,10.7143,,0,0,0,0,0,0,0,0,0,,3,6,,0,0,0,0
1604113171215,5,1010123456024,70,,1,2,6,1,1,,18.6,5,0,0.005312,2,0,10,,0,0,0,0,0,0,0,0,0,,2,4,,0,0,0,0
1604113171465,5,1010123456024,70,,1,2,6,1,1,,16.4706,17,0,0.016096,7,0,10,,0,6,0,0.1,3,33.3333,0,0,31,,7,14,,0,0,0,0
1604113171715,5,1010123456024,70,,1,2,6,1,1,,12,15,0,0.010944,6,0,10,,7,3,0,0.1,1,0,0,10.0367,0,,7,14,,0,0,0,1
1604113171965,5,1010123456024,70,,1,2,6,1,1,,13.7143,7,0,0.00544,3,0,8.83333,,0,0,0,0,0,0,0,0,0,,4,6,,0,0,0,0
1604113172215,5,1010123456024,70,,1,2,6,1,1,,13.7143,14,0,0.010944,6,0,10,,0,0,0,0,0,0,0,0,0,,6,12,,0,0,0,0
1604113172465,5,1010123456024,70,,1,2,6,1,1,,11.8824,17,0,0.01104,7,0,9.5,,4.57143,7,0,0.1,3,0,0,9.54597,31,,10,20,,0,0,0,1.28571
1604113172715,5,1010123456024,70,,1,2,6,1,1,,12.7333,15,0,0.010912,6,0,10,,0,0,0,0,0,0,0,0,0,,6,12,,0,0,0,0
1604113172965,5,1010123456024,70,,1,2,6,1,1,,13.3793,29,0,0.021856,12,0,10,,0,0,0,0,0,0,0,0,0,,12,24,,0,0,0,0
1604113173215,5,1010123456024,70,,1,2,6,1,1,,15.5,12,0,0.01072,5,0,9.2,,0,0,0,0,0,0,0,0,0,,5,10,,0,0,0,0
1604113173465,5,1010123456024,70,,1,2,6,1,1,,9.6,10,0,0.005536,4,0,8.33333,,0,0,0,0,0,0,0,0,0,,4,8,,0,0,0,0
1604113173715,5,1010123456024,70,,1,2,6,1,1,,15.75,12,0,0.010784,5,0,9,,2.7,10,0,0.1,4,0,0,9.43075,31,,5,10,,0,0,0,1
1604113173965,5,1010123456024,70,,1,2,6,1,1,,12.25,40,0,0.027296,16,0,8.85714,,0,0,0,0,0,0,0,0,0,,16,32,,0,0,0,0
1604113174215,5,1010123456024,70,,1,2,6,1,1,,13.4722,36,0,0.027232,15,0,9,,0,0,0,0,0,0,0,0,0,,15,30,,0,0,0,0
1604113174465,5,1010123456024,70,,1,2,6,1,1,,13.3333,21,0,0.016384,9,0,7,,13,9,0,0.1,3,66.6667,0,11.2045,31,,10,20,,0,0,0,7
1604113174715,5,1010123456024,70,,1,2,6,1,1,,13.0455,22,0,0.016352,9,0,8.83333,,15,6,0,0,2,100,0,7.53349,0,,9,18,,0,0,0,10
1604113174965,5,1010123456024,70,,1,2,6,1,1,,12.8,30,0,0.016352,9,0,9.5,,0,0,0,0,0,0,0,0,0,,13,26,,0,0,0,0
1604113175215,5,1010123456024,70,,1,2,6,1,1,,13.25,8,0,0.010912,6,0,7,,0,0,0,0,0,0,0,0,0,,3,6,,0,0,0,0
1604113175465,5,1010123456024,70,,1,2,6,1,1,,12.5938,32,0,0.02176,13,0,8.83333,,8.8,5,14572,0.1,2,0,0,15.9044,31,,23,36,,0,0,0,1
1604113175715,5,1010123456024,70,,1,2,6,1,1,,0,0,0,0,0,0,7.83333,,9,20,0,0.1,8,0,0,9.82575,0,,0,0,,0,0,0,1
1604113175965,5,1010123456024,70,,1,2,6,1,1,,0,0,0,0,0,0,8.85714,,0,0,0,0,0,0,0,0,0,,0,0,,0,0,0,0
1604113176215,5,1010123456024,70,,1,2,6,1,1,,10.8214,28,0,0.016512,11,0,8.83333,,0,0,0,0,0,0,0,0,0,,11,22,,0,0,0,0
1604113176465,5,1010123456024,70,,1,2,6,1,1,,11,9,0,0.005536,4,0,8.2,,3,7,0,0.1,3,0,0,9.21155,31,,5,10,,0,0,0,1
1604113176715,5,1010123456024,70,,1,2,6,1,1,,13.0455,22,0,0.016384,9,0,8.83333,,0,0,0,0,0,0,0,0,0,,9,18,,0,0,0,0
1604113176965,5,1010123456024,70,,1,2,6,1,1,,0,0,0,0,0,0,8.85714,,0,0,0,0,0,0,0,0,0,,0,0,,0,0,0,0
1604113177215,5,1010123456024,70,,1,2,6,1,1,,11.2222,18,0,0.010976,7,0,8.6,,0,0,0,0,0,0,0,0,0,,7,14,,0,0,0,0
1604113177465,5,1010123456024,70,,1,2,6,1,1,,13.72,25,0,0.021568,10,0,9.83333,,5.09091,11,0,0.1,4,0,0,15.4898,31,,10,20,,0,0,0,1
1604113177715,5,1010123456024,70,,1,2,6,1,1,,12.4091,22,0,0.016224,9,0,9.33333,,0,0,0,0,0,0,0,0,0,,10,20,,0,0,0,0
1604113177965,5,1010123456024,70,,1,2,6,1,1,,10.6667,30,0,0.016544,12,0,8.57143,,0,0,0,0,0,0,0,0,0,,12,24,,0,0,0,0
1604113178215,5,1010123456024,70,,1,2,6,1,1,,12.75,8,0,0.00544,3,0,8.33333,,0,0,0,0,0,0,0,0,0,,3,6,,0,0,0,0
1604113178465,5,1010123456024,70,,1,2,6,1,1,,12.766,47,0,0.032704,19,0,8.83333,,13.2,5,0,0.1,2,0,0,14.8066,31,,19,38,,0,0,0,1.4
1604113178715,5,1010123456024,70,,1,2,6,1,1,,2.65385,52,0,0.007648,20,0,6.16667,,4,3,0,0.1,1,0,0,16.4303,31,,47,94,,0,0,0,1
1604113178965,5,1010123456024,70,,1,2,6,1,1,,13.3333,15,0,0.010944,6,0,7.85714,,0,0,0,0,0,0,0,0,0,,6,12,,0,0,0,0
1604113179215,5,1010123456024,70,,1,2,6,1,1,,10.9,10,0,0.005504,4,0,8.83333,,0,0,0,0,0,0,0,0,0,,4,8,,0,0,0,0
1604113179465,5,1010123456024,70,,1,2,6,1,1,,9.66667,9,315,0.005504,4,0,8.66667,,0,0,0,0,0,0,0,0,0,,4,8,,0,0,0,0
1604113179715,5,1010123456024,70,,1,2,6,1,1,,11.6667,18,0,0.010912,7,0,9,,6.57143,7,0,0.1,3,0,0,8.91117,31,,7,14,,0,0,0,1.85714
1604113179965,5,1010123456024,70,,1,2,6,1,1,,13.2667,15,0,0.010944,6,0,9,,0,0,0,0,0,0,0,0,0,,6,12,,0,0,0,0
1604113180215,5,1010123456024,70,,1,2,6,1,1,,11.2222,18,0,0.011008,7,0,9,,0,0,0,0,0,0,0,0,0,,7,14,,0,0,0,0
1604113180465,5,1010123456024,70,,1,2,6,1,1,,12.6667,15,0,0.01088,6,0,9,,3.71429,7,0,0.1,3,0,0,9.67213,31,,6,12,,0,0,0,1
1604113180715,5,1010123456024,70,,1,2,6,1,1,,13.2857,7,0,0.00544,3,0,8.83333,,0,0,0,0,0,0,0,0,0,,4,8,,0,0,0,0
1604113180965,5,1010123456024,70,,1,2,6,1,1,,12.7333,30,0,0.021792,12,0,9,,0,0,0,0,0,0,0,0,0,,12,24,,0,0,0,0
1604113181215,5,1010123456024,70,,1,2,6,1,1,,12,32,0,0.018624,11,0,8.83333,,0,0,0,0,0,0,0,0,0,,14,28,,0,0,0,0
1604113181465,5,1010123456024,70,,1,2,6,1,1,,13.8214,28,0,0.02496,13,0,9,,2.22222,9,0,0.1,4,0,0,7.91389,31,,11,22,,0,0,0,1
1604113181715,5,1010123456024,70,,1,2,6,1,1,,12.7727,22,0,0.01088,6,0,9,,0,0,0,0,0,0,0,0,0,,9,18,,0,0,0,0
1604113181965,5,1010123456024,70,,1,2,6,1,1,,0,0,0,0.00544,3,0,8,,0,0,0,0,0,0,0,0,0,,0,0,,0,0,0,0
1604113182215,5,1010123456024,70,,1,2,6,1,1,,11.875,24,0,0.016448,10,0,8.83333,,0,0,0,0,0,0,0,0,0,,11,22,,0,0,0,0
1604113182465,5,1010123456024,70,,1,2,6,1,1,,9.6,10,0,0.005536,4,0,8.33333,,2.54545,11,0,0.1,5,0,0,8.99583,31,,4,8,,0,0,0,1
1604113182715,5,1010123456024,70,,1,2,6,1,1,,0,0,0,0,0,0,9,,0,0,0,0,0,0,0,0,0,,0,0,,0,0,0,0
1604113182965,5,1010123456024,70,,1,2,6,1,1,,12.8125,16,0,0.010912,6,0,9,,0,0,0,0,0,0,0,0,0,,6,12,,0,0,0,0
1604113183215,5,1010123456024,70,,1,2,6,1,1,,12.9667,30,0,0.016352,9,0,8.33333,,0,0,0,0,0,0,0,0,0,,12,24,,0,0,0,0
1604113183465,5,1010123456024,70,,1,2,6,1,1,,12.6667,15,0,0.010912,6,0,7.66667,,0,0,0,0,0,0,0,0,0,,7,14,,0,0,0,0
1604113183715,5,1010123456024,70,,1,2,6,1,1,,0,0,158,0.00544,3,0,7.5,,2.88889,9,0,0.1,4,0,0,11.181,31,,14,28,,0,0,0,1
1604113183965,5,1010123456024,70,,1,2,6,1,1,,12.3158,38,0,0.027328,16,0,9,,0,0,0,0,0,0,0,0,0,,22,44,,0,0,0,0
1604113184215,5,1010123456024,70,,1,2,6,1,1,,12.1875,48,0,0.032608,19,0,8.8,,0,0,0,0,0,0,0,0,0,,19,38,,0,0,0,0
1604113184465,5,1010123456024,70,,1,2,6,1,1,,11.4118,17,0,0.010976,7,0,8.16667,,9.53846,13,0,0.1,6,33.3333,0,10.3837,31,,7,14,,0,0,0,4.38462
1604113184715,5,1010123456024,70,,1,2,6,1,1,,11.36,25,0,0.016384,10,0,8.33333,,0,0,0,0,0,0,0,0,0,,11,22,,0,0,0,0
1604113184965,5,1010123456024,70,,1,2,6,1,1,,12.375,8,0,0.00544,3,0,8.57143,,0,0,0,0,0,0,0,0,0,,3,6,,0,0,0,0
1604113185215,5,1010123456024,70,,1,2,6,1,1,,12.5652,23,0,0.01632,9,0,9,,0,0,0,0,0,0,0,0,0,,9,18,,0,0,0,0
1604113185465,5,1010123456024,70,,1,2,6,1,1,,12.5652,23,0,0.016384,9,0,9,,10.2,5,0,0.1,2,0,0,17.1472,31,,10,20,,0,0,0,1.4
1604113185715,5,1010123456024,70,,1,2,6,1,1,,12.9583,24,0,0.016352,9,0,8.66667,,0,0,0,0,0,0,0,0,0,,9,18,,0,0,0,0
1604113185965,5,1010123456024,70,,1,2,6,1,1,,12.375,8,0,0.00544,3,0,7.71429,,0,0,0,0,0,0,0,0,0,,3,6,,0,0,0,0
1604113186215,5,1010123456024,70,,1,2,6,1,1,,14.0769,26,0,0.021728,11,0,9,,0,0,0,0,0,0,0,0,0,,32,64,,0,0,0,0
1604113186465,5,1010123456024,70,,1,2,6,1,1,,9.18182,11,0,0.005696,5,0,8,,10.2,5,0,0.1,2,0,0,16.6278,31,,5,10,,0,0,0,1.4
1604113186715,5,1010123456024,70,,1,2,6,1,1,,12.4091,22,0,0.01632,9,0,7.83333,,0,0,0,0,0,0,0,0,0,,41,82,,0,0,0,0
1604113186965,5,1010123456024,70,,1,2,6,1,1,,13.2857,21,0,0.016384,9,0,9,,0,0,0,0,0,0,0,0,0,,9,18,,0,0,0,0
1604113187215,5,1010123456024,70,,1,2,6,1,1,,11.2571,35,0,0.021952,14,0,9,,0,0,0,0,0,0,0,0,0,,14,28,,0,0,0,0
1604113187465,5,1010123456024,70,,1,2,6,1,1,,11.2222,36,0,0.02192,14,0,8.66667,,3.1,10,0,0.1,4,0,0,9.82646,31,,14,28,,0,0,0,1
1604113187715,5,1010123456024,70,,1,2,6,1,1,,12.6667,15,0,0.01088,6,0,7.5,,0,0,0,0,0,0,0,0,0,,6,12,,0,0,0,0
1604113187965,5,1010123456024,70,,1,2,6,1,1,,0,0,0,0,0,0,8.85714,,0,0,0,0,0,0,0,0,0,,0,0,,0,0,0,0
1604113188215,5,1010123456024,70,,1,2,6,1,1,,10.4706,17,0,0.010976,7,0,9,,0,0,0,0,0,0,0,0,0,,7,14,,0,0,0,0
1604113188465,5,1010123456024,70,,1,2,6,1,1,,13.1818,22,0,0.016288,9,0,7.66667,,10.8,5,0,0.1,2,0,0,15.9922,31,,9,18,,0,0,0,1.6
1604113188715,5,1010123456024,70,,1,2,6,1,1,,12.641,39,0,0.027392,16,0,8.66667,,0,0,0,0,0,0,0,0,0,,16,32,,0,0,0,0
1604113188965,5,1010123456024,70,,1,2,6,1,1,,13.7143,7,0,0.005472,3,0,8.83333,,0,0,0,0,0,0,0,0,0,,3,6,,0,0,0,0
1604113189215,5,1010123456024,70,,1,2,6,1,1,,12.6129,31,0,0.021888,12,0,9,,0,0,0,0,0,0,0,0,0,,12,24,,0,0,0,0
1604113189465,5,1010123456024,70,,1,2,6,1,1,,0,0,0,0,0,0,8,,0,0,0,0,0,0,0,0,0,,0,0,,0,0,0,0
1604113189715,5,1010123456024,70,,1,2,6,1,1,,11.1071,28,0,0.016416,11,0,8.5,,3.1,10,0,0.1,4,0,0,8.39841,31,,11,22,,0,0,0,1.2
1604113189965,5,1010123456024,70,,1,2,6,1,1,,12,33,0,0.021952,13,0,8.71429,,0,0,0,0,0,0,0,0,0,,13,26,,0,0,0,0
1604113190215,5,1010123456024,70,,1,2,6,1,1,,14.0882,34,0,0.02704,14,0,9,,0,0,0,0,0,0,0,0,0,,14,28,,0,0,0,0
1604113190465,5,1010123456024,70,,1,2,6,1,1,,12.6786,56,0,0.032672,19,0,8.66667,,8.96,25,0,0.1,10,0,0,12.2566,31,,22,44,,0,0,0,1
1604113190715,5,1010123456024,70,,1,2,6,1,1,,14.0769,13,0,0.016416,9,0,8.83333,,0,0,0,0,0,0,0,0,0,,6,12,,0,0,0,0
1604113190965,5,1010123456024,70,,1,2,6,1,1,,12.375,8,0,0.00544,3,0,9,,0,0,0,0,0,0,0,0,0,,3,6,,0,0,0,0
1604113191215,5,1010123456024,70,,1,2,6,1,1,,0,0,0,0,0,0,9,,0,0,0,0,0,0,0,0,0,,0,0,,0,0,0,0
1604113191465,5,1010123456024,70,,1,2,6,1,1,,13.2667,15,0,0.01088,6,0,8.83333,,3.3,10,0,0.1,4,0,0,9.62784,31,,6,12,,0,0,0,1
1604113191715,5,1010123456024,70,,1,2,6,1,1,,11.8361,61,0,0.038336,24,0,8.5,,0,0,0,0,0,0,0,0,0,,24,48,,0,0,0,0
1604113191965,5,1010123456024,70,,1,2,6,1,1,,11.8333,42,0,0.027232,17,0,7.71429,,0,0,0,0,0,0,0,0,0,,17,34,,0,0,0,0
1604113192215,5,1010123456024,70,,1,2,6,1,1,,11.72,25,0,0.016448,10,0,8.83333,,0,0,0,0,0,0,0,0,0,,10,20,,0,0,0,0
1604113192465,5,1010123456024,70,,1,2,6,1,1,,12.913,23,0,0.016384,9,0,9.16667,,10.2,5,0,0.1,2,0,0,15.3271,31,,9,18,,0,0,0,1.4
1604113192715,5,1010123456024,70,,1,2,6,1,1,,9.6,10,0,0.005536,4,0,7.5,,0,0,0,0,0,0,0,0,0,,4,8,,0,0,0,0
1604113192965,5,1010123456024,70,,1,2,6,1,1,,11.8,35,0,0.021984,14,0,8.28571,,0,0,0,0,0,0,0,0,0,,19,38,,0,0,0,0
1604113193215,5,1010123456024,70,,1,2,6,1,1,,13.0333,30,0,0.02176,12,0,8.66667,,0,0,0,0,0,0,0,0,0,,12,24,,0,0,0,0
1604113193465,5,1010123456024,70,,1,2,6,1,1,,12.8261,23,0,0.016352,9,0,8.5,,10,5,0,0.1,2,0,0,14.82,31,,9,18,,0,0,0,1.6
1604113193715,5,1010123456024,70,,1,2,6,1,1,,12.4167,24,0,0.016352,9,0,8.83333,,0,0,0,0,0,0,0,0,0,,9,18,,0,0,0,0
1604113193965,5,1010123456024,70,,1,2,6,1,1,,4.33333,69,0,0.018624,27,0,7.14286,,0,0,0,0,0,0,0,0,0,,47,94,,0,0,0,0
1604113194215,5,1010123456024,70,,1,2,6,1,1,,11.5455,33,0,0.021824,13,0,8.16667,,0,0,0,0,0,0,0,0,0,,33,66,,0,0,0,0
1604113194465,5,1010123456024,70,,1,2,6,1,1,,9.93023,43,0,0.022336,17,0,8,,0,4,0,0.1,2,0,0,0,31,,21,42,,0,0,0,0
1604113194715,5,1010123456024,70,,1,2,6,1,1,,9.6,10,0,0.005536,4,0,8.33333,,0,0,0,0,0,0,0,0,0,,4,8,,0,0,0,0
1604113194965,5,1010123456024,70,,1,2,6,1,1,,13.1333,15,0,0.010912,6,0,8.57143,,0,0,0,0,0,0,0,0,0,,6,12,,0,0,0,0
1604113195215,5,1010123456024,70,,1,2,6,1,1,,15,5,0,0,0,0,8.66667,,0,0,0,0,0,0,0,0,0,,3,6,,0,0,0,0
1604113195465,5,1010123456024,70,,1,2,6,1,1,,11.3,30,0,0.021984,14,0,8.4,,4.57143,7,0,0.1,3,0,0,9.46931,31,,11,22,,0,0,0,1
1604113195715,5,1010123456024,70,,1,2,6,1,1,,13.4667,15,0,0.010816,6,0,7.16667,,0,0,0,0,0,0,0,0,0,,6,12,,0,0,0,0
1604113195965,5,1010123456024,70,,1,2,6,1,1,,13.4545,22,0,0.016512,9,0,6.5,,0,0,0,0,0,0,0,0,0,,10,18,,0,0,0,0
1604113196215,5,1010123456024,70,,1,2,6,1,1,,12.875,8,0,0.005376,3,0,7.66667,,0,0,0,0,0,0,0,0,0,,3,6,,0,0,0,0
1604113196465,5,1010123456024,70,,1,2,6,1,1,,13.125,8,0,0.005472,3,0,8.66667,,9,5,0,0.1,2,0,0,15.2326,31,,3,6,,0,0,0,1
1604113196715,5,1010123456024,70,,1,2,6,1,1,,12.12,25,0,0.01648,10,0,8.66667,,0,0,0,0,0,0,0,0,0,,11,20,,0,0,0,0
1604113196965,5,1010123456024,70,,1,2,6,1,1,,12.375,8,0,0.00544,3,0,8.28571,,0,0,0,0,0,0,0,0,0,,3,6,,0,0,0,0
1604113197215,5,1010123456024,70,,1,2,6,1,1,,10.122,41,0,0.022208,17,0,8.5,,0,0,0,0,0,0,0,0,0,,21,42,,0,0,0,0
1604113197465,5,1010123456024,70,,1,2,4,1,1,,11.1111,18,0,0.010944,7,0,8,,1,14,0,0.1,6,0,0,5.61836,31,,7,14,,0,0,0,1.14286
1604113197715,5,1010123456024,70,,1,2,4,1,1,,0,0,158,0,0,0,9,,0,0,0,0,0,0,0,0,0,,0,0,,0,0,0,0
1604113197965,5,1010123456024,70,,1,2,4,1,1,,0,0,941,0,0,0,8.85714,,0,0,0,0,0,0,0,0,0,,0,0,,0,0,0,0
1604113198215,5,1010123456024,70,,1,2,4,1,1,,0,0,1097,0,0,0,8.6,,0,0,0,0,0,0,0,0,0,,0,0,,0,0,0,0
1604113198465,5,1010123456024,70,,1,2,4,1,1,,0,0,1567,0,0,0,8.83333,,0,0,0,0,0,0,0,0,0,,0,0,,0,0,0,0
1604113198715,5,1010123456024,70,,1,2,4,1,1,,0,0,2036,0,0,0,8.16667,,0,0,0,0,0,0,0,0,0,,0,0,,0,0,0,0
1604113198965,5,1010123456024,70,,1,2,4,1,1,,0,0,2819,0,0,0,9,,0,0,0,0,0,0,0,0,0,,0,0,,0,0,0,0
1604113199215,5,1010123456024,70,,1,2,4,1,1,,0,0,3288,0,0,0,9,,0,0,0,0,0,0,0,0,0,,0,0,,0,0,0,0
1604113199465,5,1010123456024,70,,1,2,4,1,1,,0,0,3445,0,0,0,7.83333,,0,0,0,0,0,0,0,0,0,,0,0,,0,0,0,0
1604113199715,5,1010123456024,70,,1,2,4,1,1,,0,0,3445,0,0,0,8.83333,,0,0,0,0,0,0,0,0,0,,0,0,,0,0,0,0
1604113199965,5,1010123456024,70,,1,2,4,1,1,,0,0,3758,0,0,0,9,,0,0,0,0,0,0,0,0,0,,0,0,,0,0,0,0
1604113200215,5,1010123456024,70,,1,2,4,1,1,,0,0,4227,0,0,0,9,,0,0,0,0,0,0,0,0,0,,0,0,,0,0,0,0
1604113200465,5,1010123456024,70,,1,2,4,1,1,,0,0,4697,0,0,0,9,,0,0,0,0,0,0,0,0,0,,0,0,,0,0,0,0
1604113200715,5,1010123456024,70,,1,2,4,1,1,,0,0,5166,0,0,0,9,,0,0,0,0,0,0,0,0,0,,0,0,,0,0,0,0
1604113200965,5,1010123456024,70,,1,2,4,1,1,,0,0,5792,0,0,0,9,,0,0,0,0,0,0,0,0,0,,0,0,,0,0,0,0
1604113201215,5,1010123456024,70,,1,2,4,1,1,,0,0,6418,0,0,0,9,,0,0,0,0,0,0,0,0,0,,0,0,,0,0,0,0
1604113201465,5,1010123456024,70,,1,2,4,1,1,,0,0,6418,0,0,0,9,,0,0,0,0,0,0,0,0,0,,0,0,,0,0,0,0
1604113201715,5,1010123456024,70,,1,2,4,1,1,,0,0,7044,0,0,0,9,,0,0,0,0,0,0,0,0,0,,0,0,,0,0,0,0
1604113201965,5,1010123456024,70,,1,2,4,1,1,,0,0,7201,0,0,0,9,,0,0,0,0,0,0,0,0,0,,0,0,,0,0,0,0
1604113202215,5,1010123456024,70,,1,2,4,1,1,,0,0,7670,0,0,0,9,,0,0,0,0,0,0,0,0,0,,0,0,,0,0,0,0
1604113202465,5,1010123456024,70,,1,2,4,1,1,,0,0,8140,0,0,0,9,,0,0,0,0,0,0,0,0,0,,0,0,,0,0,0,0
1604113202715,5,1010123456024,70,,1,2,4,1,1,,0,0,8453,0,0,0,9,,0,0,0,0,0,0,0,0,0,,0,0,,0,0,0,0
1604113202965,5,1010123456024,70,,1,2,4,1,1,,0,0,8609,0,0,0,9,,0,0,0,0,0,0,0,0,0,,0,0,,0,0,0,0
1604113203215,5,1010123456024,70,,1,2,4,1,1,,0,0,9235,0,0,0,9,,0,0,0,0,0,0,0,0,0,,0,0,,0,0,0,0
1604113203465,5,1010123456024,70,,1,2,4,1,1,,0,0,9705,0,0,0,9,,0,0,0,0,0,0,0,0,0,,0,0,,0,0,0,0
1604113203715,5,1010123456024,70,,1,2,4,1,1,,0,0,9861,0,0,0,9,,0,0,0,0,0,0,0,0,0,,0,0,,0,0,0,0
1604113203965,5,1010123456024,70,,1,2,4,1,1,,0,0,10018,0,0,0,9,,0,0,0,0,0,0,0,0,0,,0,0,,0,0,0,0
1604113204215,5,1010123456024,70,,1,2,4,1,1,,0,0,10018,0,0,0,9,,0,0,0,0,0,0,0,0,0,,0,0,,0,0,0,0
1604113204465,5,1010123456024,70,,1,2,4,1,1,,0,0,10644,0,0,0,9,,0,0,0,0,0,0,0,0,0,,0,0,,0,0,0,0
1604113204715,5,1010123456024,70,,1,2,4,1,1,,0,0,10957,0,0,0,9,,0,0,0,0,0,0,0,0,0,,0,0,,0,0,0,0
1604113204965,5,1010123456024,70,,1,2,4,1,1,,0,0,11583,0,0,0,9,,0,0,0,0,0,0,0,0,0,,0,0,,0,0,0,0
1604113205215,5,1010123456024,70,,1,2,4,1,1,,0,0,12052,0,0,0,9,,0,0,0,0,0,0,0,0,0,,0,0,,0,0,0,0
1604113205465,5,1010123456024,70,,1,2,4,1,1,,0,0,12209,0,0,0,9,,0,0,0,0,0,0,0,0,0,,0,0,,0,0,0,0
1604113205715,5,1010123456024,70,,1,2,4,1,1,,0,0,12678,0,0,0,9,,0,0,0,0,0,0,0,0,0,,0,0,,0,0,0,0
1604113205965,5,1010123456024,70,,1,2,4,1,1,,0,0,13304,0,0,0,9,,0,0,0,0,0,0,0,0,0,,0,0,,0,0,0,0
1604113206215,5,1010123456024,70,,1,2,4,1,1,,0,0,13461,0,0,0,9,,0,0,0,0,0,0,0,0,0,,0,0,,0,0,0,0
1604113206465,5,1010123456024,70,,1,2,4,1,1,,0,0,13617,0,0,0,9,,0,0,0,0,0,0,0,0,0,,0,0,,0,0,0,0
1604113206715,5,1010123456024,70,,1,2,4,1,1,,0,0,13930,0,0,0,9,,0,0,0,0,0,0,0,0,0,,0,0,,0,0,0,0
1604113206965,5,1010123456024,70,,1,2,4,1,1,,0,0,14556,0,0,0,9,,0,0,0,0,0,0,0,0,0,,0,0,,0,0,0,0
1604113207215,5,1010123456024,70,,1,2,4,1,1,,0,0,14869,0,0,0,9,,0,0,0,0,0,0,0,0,0,,0,0,,0,0,0,0
1604113207465,5,1010123456024,70,,1,2,4,1,1,,0,0,15026,0,0,0,9,,0,0,0,0,0,0,0,0,0,,0,0,,0,0,0,0
1604113207715,5,1010123456024,70,,1,2,4,1,1,,0,0,15026,0,0,0,8.66667,,0,0,0,0,0,0,0,0,0,,0,0,,0,0,0,0
1604113207965,5,1010123456024,70,,1,2,4,1,1,,0,0,15495,0,0,0,8.28571,,0,0,0,0,0,0,0,0,0,,0,0,,0,0,0,0
1604113208215,5,1010123456024,70,,1,2,4,1,1,,0,0,16278,0,0,0,8.5,,0,0,0,0,0,0,0,0,0,,0,0,,0,0,0,0
1604113208465,5,1010123456024,70,,1,2,4,1,1,,0,0,17060,0,0,0,9,,0,0,0,0,0,0,0,0,0,,0,0,,0,0,0,0
1604113208715,5,1010123456024,70,,1,2,4,1,1,,0,0,17373,0,0,0,9,,0,0,0,0,0,0,0,0,0,,0,0,,0,0,0,0
1604113208965,5,1010123456024,70,,1,2,4,1,1,,0,0,17843,0,0,0,9,,0,0,0,0,0,0,0,0,0,,0,0,,0,0,0,0
1604113209215,5,1010123456024,70,,1,2,4,1,1,,0,0,17843,0,0,0,9,,0,0,0,0,0,0,0,0,0,,0,0,,0,0,0,0
1604113209465,5,1010123456024,70,,1,2,4,1,1,,0,0,18312,0,0,0,9,,0,0,0,0,0,0,0,0,0,,0,0,,0,0,0,0
1604113209715,5,1010123456024,70,,1,2,4,1,1,,0,0,18625,0,0,0,9,,0,0,0,0,0,0,0,0,0,,0,0,,0,0,0,0
1604113209965,5,1010123456024,70,,1,2,4,1,1,,0,0,19095,0,0,0,9,,0,0,0,0,0,0,0,0,0,,0,0,,0,0,0,0
1604113210215,5,1010123456024,70,,1,2,4,1,1,,0,0,19251,0,0,0,9,,0,0,0,0,0,0,0,0,0,,0,0,,0,0,0,0
1604113210465,5,1010123456024,70,,1,2,4,1,1,,0,0,20034,0,0,0,9,,0,0,0,0,0,0,0,0,0,,0,0,,0,0,0,0
1604113210715,5,1010123456024,70,,1,2,4,1,1,,0,0,20034,0,0,0,9,,0,0,0,0,0,0,0,0,0,,0,0,,0,0,0,0
1604113210965,5,1010123456024,70,,1,2,4,1,1,,0,0,20034,0,0,0,9,,0,0,0,0,0,0,0,0,0,,0,0,,0,0,0,0
1604113211215,5,1010123456024,70,,1,2,4,1,1,,0,0,20034,0,0,0,9,,0,0,0,0,0,0,0,0,0,,0,0,,0,0,0,0
1604113211465,5,1010123456024,70,,1,2,4,1,1,,0,0,20034,0,0,0,8.83333,,0,0,0,0,0,0,0,0,0,,0,0,,0,0,0,0
1604113211715,5,1010123456024,70,,1,2,4,1,1,,0,0,20034,0,0,0,8.16667,,0,0,0,0,0,0,0,0,0,,0,0,,0,0,0,0
1604113211965,5,1010123456024,70,,1,2,4,1,1,,0,0,20034,0,0,0,8,,0,0,0,0,0,0,0,0,0,,0,0,,0,0,0,0
1604113212215,5,1010123456024,70,,1,2,4,1,1,,0,0,20034,0,0,0,8,,0,0,0,0,0,0,0,0,0,,0,0,,0,0,0,0
1604113212465,5,1010123456024,70,,1,2,4,1,1,,0,0,20034,0,0,0,8.5,,0,0,0,0,0,0,0,0,0,,0,0,,0,0,0,0
1604113212715,5,1010123456024,70,,1,2,4,1,1,,0,0,20034,0,0,0,9,,0,0,0,0,0,0,0,0,0,,0,0,,0,0,0,0
1604113212965,5,1010123456024,70,,1,2,4,1,1,,0,0,20034,0,0,0,9,,0,0,0,0,0,0,0,0,0,,0,0,,0,0,0,0
1604113213215,5,1010123456024,70,,1,2,4,1,1,,0,0,20034,0,0,0,9,,0,0,0,0,0,0,0,0,0,,0,0,,0,0,0,0
1604113213465,5,1010123456024,70,,1,2,4,1,1,,0,0,20034,0,0,0,9,,0,0,0,0,0,0,0,0,0,,0,0,,0,0,0,0
1604113213715,5,1010123456024,70,,1,2,4,1,1,,0,0,20034,0,0,0,9,,0,0,0,0,0,0,0,0,0,,0,0,,0,0,0,0
1604113213965,5,1010123456024,70,,1,2,4,1,1,,0,0,20034,0,0,0,9,,0,0,0,0,0,0,0,0,0,,0,0,,0,0,0,0
1604113214215,5,1010123456024,70,,1,2,4,1,1,,0,0,20034,0,0,0,9,,0,0,0,0,0,0,0,0,0,,0,0,,0,0,0,0
1604113214465,5,1010123456024,70,,1,2,4,1,1,,0,0,20034,0,0,0,9,,0,0,0,0,0,0,0,0,0,,0,0,,0,0,0,0
1604113214715,5,1010123456024,70,,1,2,4,1,1,,0,0,20034,0,0,0,9,,0,0,0,0,0,0,0,0,0,,0,0,,0,0,0,0
1604113214965,5,1010123456024,70,,1,2,4,1,1,,0,0,20034,0,0,0,9,,0,0,0,0,0,0,0,0,0,,0,0,,0,0,0,0
1604113215215,5,1010123456024,70,,1,2,4,1,1,,0,0,20034,0,0,0,9,,0,0,0,0,0,0,0,0,0,,0,0,,0,0,0,0
1604113215465,5,1010123456024,70,,1,2,4,1,1,,0,0,20034,0,0,0,9,,0,0,0,0,0,0,0,0,0,,0,0,,0,0,0,0
1604113215715,5,1010123456024,70,,1,2,4,1,1,,0,0,20034,0,0,0,9,,0,0,0,0,0,0,0,0,0,,0,0,,0,0,0,0
1604113215965,5,1010123456024,70,,1,2,4,1,1,,0,0,20034,0,0,0,9,,0,0,0,0,0,0,0,0,0,,0,0,,0,0,0,0
1604113216215,5,1010123456024,70,,1,2,4,1,1,,0,0,20034,0,0,0,9,,0,0,0,0,0,0,0,0,0,,0,0,,0,0,0,0
1604113216465,5,1010123456024,70,,1,2,4,1,1,,0,0,20034,0,0,0,9,,0,0,0,0,0,0,0,0,0,,0,0,,0,0,0,0
1604113216715,5,1010123456024,70,,1,2,4,1,1,,0,0,20034,0,0,0,8.66667,,0,0,0,0,0,0,0,0,0,,0,0,,0,0,0,0
1604113216965,5,1010123456024,70,,1,2,4,1,1,,0,0,20034,0,0,0,9,,0,0,0,0,0,0,0,0,0,,0,0,,0,0,0,0
1604113217215,5,1010123456024,70,,1,2,4,1,1,,0,0,20034,0,0,0,9,,0,0,0,0,0,0,0,0,0,,0,0,,0,0,0,0
1604113217465,5,1010123456024,70,,1,2,4,1,1,,0,0,20034,0,0,0,9,,0,0,0,0,0,0,0,0,0,,0,0,,0,0,0,0
1604113217715,5,1010123456024,70,,1,2,4,1,1,,0,0,20034,0,0,0,9,,0,0,0,0,0,0,0,0,0,,0,0,,0,0,0,0
1604113217965,5,1010123456024,70,,1,2,4,1,1,,0,0,20034,0,0,0,9,,0,0,0,0,0,0,0,0,0,,0,0,,0,0,0,0
1604113218215,5,1010123456024,70,,1,2,4,1,1,,0,0,20034,0,0,0,9,,0,0,0,0,0,0,0,0,0,,0,0,,0,0,0,0
1604113218465,5,1010123456024,70,,1,2,4,1,1,,0,0,20034,0,0,0,9,,0,0,0,0,0,0,0,0,0,,0,0,,0,0,0,0
1604113218715,5,1010123456024,70,,1,2,4,1,1,,0,0,20034,0,0,0,9,,0,0,0,0,0,0,0,0,0,,0,0,,0,0,0,0
1604113218965,5,1010123456024,70,,1,2,4,1,1,,0,0,20034,0,0,0,8.57143,,0,0,0,0,0,0,0,0,0,,0,0,,0,0,0,0
1604113219215,5,1010123456024,70,,1,2,4,1,1,,0,0,20034,0,0,0,8.66667,,0,0,0,0,0,0,0,0,0,,0,0,,0,0,0,0
1604113219465,5,1010123456024,70,,1,2,4,1,1,,0,0,20034,0,0,0,8.66667,,0,0,0,0,0,0,0,0,0,,0,0,,0,0,0,0
1604113219715,5,1010123456024,70,,1,2,4,1,1,,0,0,20034,0,0,0,8.83333,,0,0,0,0,0,0,0,0,0,,0,0,,0,0,0,0
1604113219965,5,1010123456024,70,,1,2,4,1,1,,0,0,20034,0,0,0,8.71429,,0,0,0,0,0,0,0,0,0,,0,0,,0,0,0,0
1604113220215,5,1010123456024,70,,1,2,4,1,1,,0,0,20034,0,0,0,8.33333,,0,0,0,0,0,0,0,0,0,,0,0,,0,0,0,0
1604113220465,5,1010123456024,70,,1,2,4,1,1,,0,0,20034,0,0,0,8,,0,0,0,0,0,0,0,0,0,,0,0,,0,0,0,0
1604113220715,5,1010123456024,70,,1,2,4,1,1,,0,0,20034,0,0,0,8,,0,0,0,0,0,0,0,0,0,,0,0,,0,0,0,0
1604113220965,5,1010123456024,70,,1,2,4,1,1,,0,0,20034,0,0,0,8,,0,0,0,0,0,0,0,0,0,,0,0,,0,0,0,0
1604113221215,5,1010123456024,70,,1,2,4,1,1,,0,0,20034,0,0,0,8,,0,0,0,0,0,0,0,0,0,,0,0,,0,0,0,0
1604113221465,5,1010123456024,70,,1,2,4,1,1,,0,0,20034,0,0,0,7.83333,,0,0,0,0,0,0,0,0,0,,0,0,,0,0,0,0
1604113221715,5,1010123456024,70,,1,2,4,1,1,,0,0,20034,0,0,0,8.5,,0,0,0,0,0,0,0,0,0,,0,0,,0,0,0,0
1604113221965,5,1010123456024,70,,1,2,4,1,1,,0,0,20034,0,0,0,8.71429,,0,0,0,0,0,0,0,0,0,,0,0,,0,0,0,0
1604113222215,5,1010123456024,70,,1,2,4,1,1,,0,0,20034,0,0,0,9,,0,0,0,0,0,0,0,0,0,,0,0,,0,0,0,0
1604113222465,5,1010123456024,70,,1,2,4,1,1,,0,0,20034,0,0,0,7.5,,0,0,0,0,0,0,0,0,0,,0,0,,0,0,0,0
1604113222715,5,1010123456024,70,,1,2,4,1,1,,0,0,20034,0,0,0,7.5,,0,0,0,0,0,0,0,0,0,,0,0,,0,0,0,0
1604113222965,5,1010123456024,70,,1,2,4,1,1,,0,0,20034,0,0,0,9,,2,3,0,0.1,1,0,0,19.8731,31,,0,0,,0,0,0,1
1604113223215,5,1010123456024,70,,1,2,4,1,1,,0,0,20034,0,0,0,9.33333,,0,0,0,0,0,0,0,0,0,,0,0,,0,0,0,0
1604113223465,5,1010123456024,70,,1,2,4,1,1,,0,0,20034,0,0,0,9,,0,0,0,0,0,0,0,0,0,,0,0,,0,0,0,0
1604113223715,5,1010123456024,70,,1,2,4,1,1,,0,0,20034,0,0,0,9,,0,0,0,0,0,0,0,0,0,,0,0,,0,0,0,0
1604113223965,5,1010123456024,70,,1,2,4,1,1,,0,0,20034,0,0,0,9,,0,0,0,0,0,0,0,0,0,,0,0,,0,0,0,0
1604113224215,5,1010123456024,70,,1,2,4,1,1,,0,0,20034,0,0,0,9,,0,0,0,0,0,0,0,0,0,,0,0,,0,0,0,0
1604113224465,5,1010123456024,70,,1,2,4,1,1,,0,0,20034,0,0,0,9,,0,0,0,0,0,0,0,0,0,,0,0,,0,0,0,0
1604113224715,5,1010123456024,70,,1,2,4,1,1,,0,0,20034,0,0,0,9,,0,0,0,0,0,0,0,0,0,,0,0,,0,0,0,0
1604113224965,5,1010123456024,70,,1,2,4,1,1,,0,0,20034,0,0,0,9,,0,0,0,0,0,0,0,0,0,,0,0,,0,0,0,0
1604113225215,5,1010123456024,70,,1,2,4,1,1,,0,0,20034,0,0,0,9,,0,0,0,0,0,0,0,0,0,,0,0,,0,0,0,0
1604113225465,5,1010123456024,70,,1,2,4,1,1,,0,0,20034,0,0,0,9,,0,0,0,0,0,0,0,0,0,,0,0,,0,0,0,0
1604113225715,5,1010123456024,70,,1,2,4,1,1,,0,0,20034,0,0,0,9,,0,0,0,0,0,0,0,0,0,,0,0,,0,0,0,0
1604113225965,5,1010123456024,70,,1,2,4,1,1,,0,0,20034,0,0,0,9.42857,,0,0,0,0,0,0,0,0,0,,0,0,,0,0,0,0
1604113226215,5,1010123456024,70,,1,2,4,1,1,,0,0,20034,0,0,0,9,,0,0,0,0,0,0,0,0,0,,0,0,,0,0,0,0
1604113226465,5,1010123456024,70,,1,2,4,1,1,,0,0,20034,0,0,0,9,,0,0,0,0,0,0,0,0,0,,0,0,,0,0,0,0
1604113226715,5,1010123456024,70,,1,2,4,1,1,,0,0,20034,0,0,0,9,,0,0,0,0,0,0,0,0,0,,0,0,,0,0,0,0
1604113226965,5,1010123456024,70,,1,2,4,1,1,,0,0,20034,0,0,0,9,,0,0,0,0,0,0,0,0,0,,0,0,,0,0,0,0
1604113227215,5,1010123456024,70,,1,2,4,1,1,,0,0,20034,0,0,0,9,,0,0,0,0,0,0,0,0,0,,0,0,,0,0,0,0
1604113227465,5,1010123456024,70,,1,2,4,1,1,,0,0,20034,0,0,0,9,,0,0,0,0,0,0,0,0,0,,0,0,,0,0,0,0
1604113227715,5,1010123456024,70,,1,2,4,1,1,,0,0,20034,0,0,0,9,,0,0,0,0,0,0,0,0,0,,0,0,,0,0,0,0
1604113227965,5,1010123456024,70,,1,2,4,1,1,,0,0,20034,0,0,0,8.71429,,0,0,0,0,0,0,0,0,0,,0,0,,0,0,0,0
1604113228215,5,1010123456024,70,,1,2,4,1,1,,0,0,20034,0,0,0,8.5,,0,0,0,0,0,0,0,0,0,,0,0,,0,0,0,0
1604113228465,5,1010123456024,70,,1,2,4,1,1,,0,0,20034,0,0,0,9,,0,0,0,0,0,0,0,0,0,,0,0,,0,0,0,0
1604113228715,5,1010123456024,70,,1,2,4,1,1,,0,0,20034,0,0,0,8.83333,,0,0,0,0,0,0,0,0,0,,0,0,,0,0,0,0
1604113228965,5,1010123456024,70,,1,2,4,1,1,,0,0,20034,0,0,0,8.71429,,0,0,0,0,0,0,0,0,0,,0,0,,0,0,0,0
1604113229215,5,1010123456024,70,,1,2,4,1,1,,0,0,20034,0,0,0,8.83333,,0,0,0,0,0,0,0,0,0,,0,0,,0,0,0,0
1604113229465,5,1010123456024,70,,1,2,4,1,1,,0,0,20034,0,0,0,8.83333,,0,0,0,0,0,0,0,0,0,,0,0,,0,0,0,0
1604113229715,5,1010123456024,70,,1,2,4,1,1,,0,0,20034,0,0,0,8.66667,,0,0,0,0,0,0,0,0,0,,0,0,,0,0,0,0
1604113229965,5,1010123456024,70,,1,2,4,1,1,,0,0,20034,0,0,0,8.85714,,0,0,0,0,0,0,0,0,0,,0,0,,0,0,0,0
1604113230215,5,1010123456024,70,,1,2,4,1,1,,0,0,20034,0,0,0,9,,0,0,0,0,0,0,0,0,0,,0,0,,0,0,0,0
1604113230465,5,1010123456024,70,,1,2,4,1,1,,0,0,20034,0,0,0,9,,0,0,0,0,0,0,0,0,0,,0,0,,0,0,0,0
1604113230715,5,1010123456024,70,,1,2,4,1,1,,0,0,20034,0,0,0,9,,0,0,0,0,0,0,0,0,0,,0,0,,0,0,0,0
1604113230965,5,1010123456024,70,,1,2,4,1,1,,0,0,20034,0,0,0,9,,0,0,0,0,0,0,0,0,0,,0,0,,0,0,0,0
1604113231215,5,1010123456024,70,,1,2,4,1,1,,0,0,20034,0,0,0,9,,0,0,0,0,0,0,0,0,0,,0,0,,0,0,0,0
1604113231465,5,1010123456024,70,,1,2,4,1,1,,0,0,20034,0,0,0,9,,0,0,0,0,0,0,0,0,0,,0,0,,0,0,0,0
1604113231715,5,1010123456024,70,,1,2,4,1,1,,0,0,20034,0,0,0,9,,0,0,0,0,0,0,0,0,0,,0,0,,0,0,0,0
1604113231965,5,1010123456024,70,,1,2,4,1,1,,0,0,20034,0,0,0,9,,0,0,0,0,0,0,0,0,0,,0,0,,0,0,0,0
1604113232215,5,1010123456024,70,,1,2,4,1,1,,0,0,20034,0,0,0,9,,0,0,0,0,0,0,0,0,0,,0,0,,0,0,0,0
1604113232465,5,1010123456024,70,,1,2,4,1,1,,0,0,20034,0,0,0,9,,0,0,0,0,0,0,0,0,0,,0,0,,0,0,0,0
1604113232715,5,1010123456024,70,,1,2,4,1,1,,0,0,20034,0,0,0,9,,0,0,0,0,0,0,0,0,0,,0,0,,0,0,0,0
1604113232965,5,1010123456024,70,,1,2,4,1,1,,0,0,20034,0,0,0,9,,0,0,0,0,0,0,0,0,0,,0,0,,0,0,0,0
1604113233215,5,1010123456024,70,,1,2,4,1,1,,0,0,20034,0,0,0,9,,0,0,0,0,0,0,0,0,0,,0,0,,0,0,0,0
1604113233465,5,1010123456024,70,,1,2,4,1,1,,0,0,20034,0,0,0,9,,0,0,0,0,0,0,0,0,0,,0,0,,0,0,0,0
1604113233715,5,1010123456024,70,,1,2,4,1,1,,0,0,20034,0,0,0,9,,0,0,0,0,0,0,0,0,0,,0,0,,0,0,0,0
1604113233965,5,1010123456024,70,,1,2,4,1,1,,0,0,20034,0,0,0,9,,0,0,0,0,0,0,0,0,0,,0,0,,0,0,0,0
1604113234215,5,1010123456024,70,,1,2,4,1,1,,0,0,20034,0,0,0,9,,0,0,0,0,0,0,0,0,0,,0,0,,0,0,0,0
1604113234465,5,1010123456024,70,,1,2,4,1,1,,0,0,20034,0,0,0,9,,0,0,0,0,0,0,0,0,0,,0,0,,0,0,0,0
1604113234715,5,1010123456024,70,,1,2,4,1,1,,0,0,20034,0,0,0,9,,0,0,0,0,0,0,0,0,0,,0,0,,0,0,0,0
1604113234965,5,1010123456024,70,,1,2,4,1,1,,0,0,20034,0,0,0,9.85714,,0,0,0,0,0,0,0,0,0,,0,0,,0,0,0,0
1604113235215,5,1010123456024,70,,1,2,4,1,1,,0,0,20034,0,0,0,9,,0,0,0,0,0,0,0,0,0,,0,0,,0,0,0,0
1604113235465,5,1010123456024,70,,1,2,4,1,1,,0,0,20034,0,0,0,9,,0,0,0,0,0,0,0,0,0,,0,0,,0,0,0,0
1604113235715,5,1010123456024,70,,1,2,4,1,1,,0,0,20034,0,0,0,9,,0,0,0,0,0,0,0,0,0,,0,0,,0,0,0,0
1604113235965,5,1010123456024,70,,1,2,4,1,1,,0,0,20034,0,0,0,8.71429,,0,0,0,0,0,0,0,0,0,,0,0,,0,0,0,0
1604113236215,5,1010123456024,70,,1,2,4,1,1,,0,0,20034,0,0,0,8,,0,0,0,0,0,0,0,0,0,,0,0,,0,0,0,0
1604113236465,5,1010123456024,70,,1,2,4,1,1,,0,0,20034,0,0,0,6.5,,0,0,0,0,0,0,0,0,0,,0,0,,0,0,0,0
1604113236715,5,1010123456024,70,,1,2,4,1,1,,0,0,20034,0,0,0,8,,0,0,0,0,0,0,0,0,0,,0,0,,0,0,0,0
1604113236965,5,1010123456024,70,,1,2,4,1,1,,0,0,20034,0,0,0,8,,0,0,0,0,0,0,0,0,0,,0,0,,0,0,0,0
1604113237215,5,1010123456024,70,,1,2,4,1,1,,0,0,20034,0,0,0,8,,0,0,0,0,0,0,0,0,0,,0,0,,0,0,0,0
1604113237465,5,1010123456024,70,,1,2,4,1,1,,0,0,20034,0,0,0,8,,0,0,0,0,0,0,0,0,0,,0,0,,0,0,0,0
1604113237715,5,1010123456024,70,,1,2,4,1,1,,0,0,20034,0,0,0,8.16667,,0,0,0,0,0,0,0,0,0,,0,0,,0,0,0,0
1604113237965,5,1010123456024,70,,1,2,4,1,1,,0,0,20034,0,0,0,8.85714,,0,0,0,0,0,0,0,0,0,,0,0,,0,0,0,0
1604113238215,5,1010123456024,70,,1,2,4,1,1,,0,0,20034,0,0,0,8.16667,,0,0,0,0,0,0,0,0,0,,0,0,,0,0,0,0
1604113238465,5,1010123456024,70,,1,2,4,1,1,,0,0,20034,0,0,0,8,,0,0,0,0,0,0,0,0,0,,0,0,,0,0,0,0
1604113238715,5,1010123456024,70,,1,2,4,1,1,,0,0,20034,0,0,0,8,,0,0,0,0,0,0,0,0,0,,0,0,,0,0,0,0
1604113238965,5,1010123456024,70,,1,2,4,1,1,,0,0,20034,0,0,0,8,,0,0,0,0,0,0,0,0,0,,0,0,,0,0,0,0
1604113239215,5,1010123456024,70,,1,2,4,1,1,,0,0,20034,0,0,0,8,,0,0,0,0,0,0,0,0,0,,0,0,,0,0,0,0
1604113239465,5,1010123456024,70,,1,2,4,1,1,,0,0,20034,0,0,0,8,,0,0,0,0,0,0,0,0,0,,0,0,,0,0,0,0
1604113239715,5,1010123456024,70,,1,2,4,1,1,,0,0,20034,0,0,0,8,,0,0,0,0,0,0,0,0,0,,0,0,,0,0,0,0
1604113239965,5,1010123456024,70,,1,2,4,1,1,,0,0,20034,0,0,0,7.42857,,0,0,0,0,0,0,0,0,0,,0,0,,0,0,0,0
1604113240215,5,1010123456024,70,,1,2,4,1,1,,0,0,20034,0,0,0,7.5,,0,0,0,0,0,0,0,0,0,,0,0,,0,0,0,0
1604113240465,5,1010123456024,70,,1,2,4,1,1,,0,0,20034,0,0,0,8,,0,0,0,0,0,0,0,0,0,,0,0,,0,0,0,0
1604113240715,5,1010123456024,70,,1,2,4,1,1,,0,0,20034,0,0,0,8,,0,0,0,0,0,0,0,0,0,,0,0,,0,0,0,0
1604113240965,5,1010123456024,70,,1,2,4,1,1,,0,0,20034,0,0,0,8,,0,0,0,0,0,0,0,0,0,,0,0,,0,0,0,0
1604113241215,5,1010123456024,70,,1,2,4,1,1,,0,0,20034,0,0,0,8,,0,0,0,0,0,0,0,0,0,,0,0,,0,0,0,0
1604113241465,5,1010123456024,70,,1,2,4,1,1,,0,0,20034,0,0,0,8,,0,0,0,0,0,0,0,0,0,,0,0,,0,0,0,0
1604113241715,5,1010123456024,70,,1,2,4,1,1,,0,0,20034,0,0,0,8,,0,0,0,0,0,0,0,0,0,,0,0,,0,0,0,0
1604113241965,5,1010123456024,70,,1,2,4,1,1,,0,0,20034,0,0,0,8,,0,0,0,0,0,0,0,0,0,,0,0,,0,0,0,0
1604113242215,5,1010123456024,70,,1,2,4,1,1,,0,0,20034,0,0,0,8,,0,0,0,0,0,0,0,0,0,,0,0,,0,0,0,0
1604113242465,5,1010123456024,70,,1,2,4,1,1,,0,0,20034,0,0,0,8,,0,0,0,0,0,0,0,0,0,,0,0,,0,0,0,0
1604113242715,5,1010123456024,70,,1,2,4,1,1,,0,0,20034,0,0,0,8,,0,0,0,0,0,0,0,0,0,,0,0,,0,0,0,0
1604113242965,5,1010123456024,70,,1,2,4,1,1,,0,0,20034,0,0,0,7.71429,,0,0,0,0,0,0,0,0,0,,0,0,,0,0,0,0
1604113243215,5,1010123456024,70,,1,2,4,1,1,,0,0,20034,0,0,0,7.66667,,0,0,0,0,0,0,0,0,0,,0,0,,0,0,0,0
1604113243465,5,1010123456024,70,,1,2,4,1,1,,0,0,20034,0,0,0,7.66667,,0,0,0,0,0,0,0,0,0,,0,0,,0,0,0,0
1604113243715,5,1010123456024,70,,1,2,4,1,1,,0,0,20034,0,0,0,7.66667,,0,0,0,0,0,0,0,0,0,,0,0,,0,0,0,0
1604113243965,5,1010123456024,70,,1,2,4,1,1,,0,0,20034,0,0,0,7.71429,,0,0,0,0,0,0,0,0,0,,0,0,,0,0,0,0
1604113244215,5,1010123456024,70,,1,2,4,1,1,,0,0,20034,0,0,0,8,,0,0,0,0,0,0,0,0,0,,0,0,,0,0,0,0
1604113244465,5,1010123456024,70,,1,2,4,1,1,,13.8864,44,19023,0.019328,10,0,8,,0,0,0,0,0,0,0,0,0,,36,36,,0,0,0,0
1604113244715,5,1010123456024,70,,1,2,4,1,1,,13.8696,46,18581,0.052128,27,0,8,,13.1538,13,0,0.1,5,0,0,16.6774,31,,38,38,,0,0,0,1
1604113244965,5,1010123456024,70,,1,2,4,1,1,,13.7,10,18516,0.007616,4,0,8,,0,0,0,0,0,0,0,0,0,,8,8,,0,0,0,0
1604113245215,5,1010123456024,70,,1,2,4,1,1,,0,0,18673,0,0,0,8,,0,0,0,0,0,0,0,0,0,,0,0,,0,0,0,0
1604113245465,5,1010123456024,70,,1,2,4,1,1,,0,0,18673,0,0,0,8,,0,0,0,0,0,0,0,0,0,,0,0,,0,0,0,0
1604113245715,5,1010123456024,70,,1,2,4,1,1,,0,0,18829,0,0,0,8,,0,0,0,0,0,0,0,0,0,,0,0,,0,0,0,0
1604113245965,5,1010123456024,70,,1,2,4,1,1,,0,0,19612,0,0,0,7.71429,,0,0,0,0,0,0,0,0,0,,0,0,,0,0,0,0
1604113246222,4,1010123456024,70,,1,2,4,1,1,,12.9882,85,17782,0.0556265,33,0,7.66667,,14,3,200,0.1,1,0,0,17.839,31,,82,82,,0,0,0,1
1604113246465,4,1010123456024,70,,1,2,4,1,1,,11.8837,43,17829,0.0274568,18,0,7.33333,,12,5,0,0.1,2,0,0,18.7326,0,,20,20,,0,0,0,1
1604113246715,5,1010123456024,70,,1,2,4,1,1,,11.8387,93,16434,0.054496,37,0,7,,13.8,5,0,0.1,2,0,0,22.4192,31,,74,74,,0,0,0,1
1604113246965,5,1010123456024,70,,1,2,4,1,1,,11.8235,51,15865,0.031008,21,0,7,,0,0,0,0,0,0,0,0,0,,42,42,,0,0,0,0
1604113247215,5,1010123456024,70,,1,2,4,1,1,,11.8485,33,15320,0.019168,13,0,7,,0,0,0,0,0,0,0,0,0,,26,26,,0,0,0,0
1604113247465,5,1010123456024,70,,1,2,4,1,1,,0,0,15789,0,0,0,7.16667,,0,0,0,0,0,0,0,0,0,,0,0,,0,0,0,0
1604113247715,5,1010123456024,70,,1,2,4,1,1,,0,0,15946,0,0,0,7,,0,0,0,0,0,0,0,0,0,,0,0,,0,0,0,0
1604113247965,5,1010123456024,70,,1,2,4,1,1,,0,0,16259,0,0,0,7,,0,0,0,0,0,0,0,0,0,,0,0,,0,0,0,0
1604113248215,5,1010123456024,70,,1,2,4,1,1,,0,0,17041,0,0,0,7,,0,0,0,0,0,0,0,0,0,,0,0,,0,0,0,0
1604113248465,5,1010123456024,70,,1,2,4,1,1,,0,0,17198,0,0,0,7,,0,0,0,0,0,0,0,0,0,,0,0,,0,0,0,0
1604113248715,5,1010123456024,70,,1,2,4,1,1,,0,0,17511,0,0,0,7,,0,0,0,0,0,0,0,0,0,,0,0,,0,0,0,0
1604113248965,5,1010123456024,70,,1,2,4,1,1,,12,3,18563,0.001504,1,0,7,,0,0,0,0,0,0,0,0,0,,2,2,,0,0,0,0
1604113249215,5,1010123456024,70,,1,2,4,1,1,,0,0,19346,0,0,0,7,,0,0,0,0,0,0,0,0,0,,0,0,,0,0,0,0
1604113249465,5,1010123456024,70,,1,2,4,1,1,,10.9792,48,18894,0.027104,20,0,6.66667,,14.4,5,0,0.1,2,0,0,20.446,31,,40,40,,0,0,0,1
1604113249715,5,1010123456024,70,,1,2,4,1,1,,0,0,18894,0,0,0,7,,0,0,0,0,0,0,0,0,0,,0,0,,0,0,0,0
1604113249965,5,1010123456024,70,,1,2,4,1,1,,0,0,19364,0,0,0,7,,0,0,0,0,0,0,0,0,0,,0,0,,0,0,0,0
1604113250215,5,1010123456024,70,,1,2,4,1,1,,11.7667,30,19180,0.017472,12,0,7,,0,2,0,0.1,1,0,0,0,31,,24,24,,0,0,0,0
1604113250465,5,1010123456024,70,,1,2,4,1,1,,11.7667,120,17857,0.068576,47,0,7,,12,3,0,0.1,1,0,0,20.2382,0,,94,94,,0,0,0,1
1604113250715,5,1010123456024,70,,1,2,4,1,1,,11.8462,39,17497,0.02368,16,0,7,,13.7143,7,0,0.1,3,33.3333,0,16.0387,31,,32,32,,0,0,0,3.85714
1604113250965,5,1010123456024,70,,1,2,4,1,1,,0,0,17966,0,0,0,7,,0,0,0,0,0,0,0,0,0,,0,0,,0,0,0,0
1604113251215,5,1010123456024,70,,1,2,4,1,1,,11.8205,78,16824,0.045664,31,0,7,,0,0,0,0,0,0,0,0,0,,62,62,,0,0,0,0
1604113251465,4,1010123456024,70,,1,2,4,1,1,,12.2593,162,14159,0.103904,65,0,7.16667,,0,2,0,0.1,1,0,0,0,31,,132,132,,0,0,0,0
1604113251715,3,1010123456024,70,,1,2,4,1,1,,11.7752,218,7197,0.259648,86,0,7,,13.8,5,0,0.1,2,0,0,17.4141,31,,344,344,,0,0,0,1
1604113251965,3,1010123456024,70,,1,2,4,1,1,,11.8551,138,2569,0.170752,56,0,7.14286,,0,0,0,0,0,0,0,0,0,,224,224,,0,0,0,0
1604113252215,3,1010123456024,70,,1,2,4,1,1,,11.6,75,158,0.086112,29,0,7,,0,0,0,0,0,0,0,0,0,,116,116,,0,0,0,0
1604113252465,3,1010123456024,70,,1,2,4,1,1,,10.7,10,0,0.010816,4,0,7,,0,0,0,0,0,0,0,0,0,,16,16,,0,0,0,0
1604113252715,3,1010123456024,70,,1,2,4,1,1,,10.4,5,0,0.005248,2,0,7.16667,,13.2,5,0,0.1,2,0,0,19.1172,31,,8,8,,0,0,0,1
1604113252965,3,1010123456024,70,,1,2,4,1,1,,0,0,471,0,0,0,7,,0,0,0,0,0,0,0,0,0,,0,0,,0,0,0,0
1604113253215,3,1010123456024,70,,1,2,4,1,1,,9.75,16,315,0.015872,6,0,7,,0,0,0,0,0,0,0,0,0,,24,24,,0,0,0,0
1604113253465,3,1010123456024,70,,1,2,4,1,1,,10.3,10,0,0.010816,4,0,7,,0,0,0,0,0,0,0,0,0,,16,16,,0,0,0,0
1604113253715,3,1010123456024,70,,1,2,4,1,1,,0,0,0,0,0,0,7,,0,0,0,0,0,0,0,0,0,,0,0,,0,0,0,0
1604113253965,3,1010123456024,70,,1,2,4,1,1,,12,3,222,0.003104,1,0,7,,0,0,0,0,0,0,0,0,0,,4,4,,0,0,0,0
1604113254215,3,1010123456024,70,,1,2,4,1,1,,0,0,535,0,0,0,7,,0,0,0,0,0,0,0,0,0,,0,0,,0,0,0,0
1604113254465,3,1010123456024,70,,1,2,4,1,1,,0,0,848,0,0,0,7,,0,0,0,0,0,0,0,0,0,,0,0,,0,0,0,0
1604113254715,3,1010123456024,70,,1,2,4,1,1,,0,0,1317,0,0,0,7,,0,0,0,0,0,0,0,0,0,,0,0,,0,0,0,0
1604113254965,3,1010123456024,70,,1,2,4,1,1,,11.8409,44,0,0.05472,18,0,7.14286,,14.6,5,0,0.1,2,0,0,19.1019,31,,72,72,,0,0,0,1
1604113255215,3,1010123456024,70,,1,2,4,1,1,,9.6,10,0,0.010496,4,0,7,,0,0,0,0,0,0,0,0,0,,16,16,,0,0,0,0
1604113255465,3,1010123456024,70,,1,2,4,1,1,,10.4,5,0,0.005312,2,0,7.16667,,0,0,0,0,0,0,0,0,0,,8,8,,0,0,0,0
1604113255715,3,1010123456024,70,,1,2,4,1,1,,0,0,0,0,0,0,7.16667,,0,0,0,0,0,0,0,0,0,,0,0,,0,0,0,0
1604113255965,3,1010123456024,70,,1,2,4,1,1,,0,0,471,0,0,0,7,,0,0,0,0,0,0,0,0,0,,0,0,,0,0,0,0
1604113256215,3,1010123456024,70,,1,2,4,1,1,,10.4211,19,158,0.021152,8,0,7,,11.6,5,0,0.1,2,0,0,17.5993,31,,32,32,,0,0,0,1
1604113256465,3,1010123456024,70,,1,2,4,1,1,,9.6,5,0,0.005248,2,0,7.33333,,0,0,0,0,0,0,0,0,0,,8,8,,0,0,0,0
1604113256715,3,1010123456024,70,,1,2,4,1,1,,9.85714,14,0,0.016,6,0,7.33333,,13.2,5,0,0.1,2,0,0,22.1883,31,,24,24,,0,0,0,1
1604113256965,3,1010123456024,70,,1,2,4,1,1,,8.6,5,158,0.005312,2,0,7.14286,,0,0,0,0,0,0,0,0,0,,8,8,,0,0,0,0
1604113257215,3,1010123456024,70,,1,2,4,1,1,,10,6,158,0.005248,2,0,7.16667,,0,0,0,0,0,0,0,0,0,,8,8,,0,0,0,0
1604113257465,3,1010123456024,70,,1,2,2,1,1,,0,0,941,0,0,0,7.33333,,0,0,0,0,0,0,0,0,0,,0,0,,0,0,0,0
1604113257715,3,1010123456024,70,,1,2,2,1,1,,13.7317,41,471,0.032352,17,0,7.66667,,13.7143,7,0,0.1,3,0,0,20.2744,31,,34,34,,0,0,0,1
1604113257965,3,1010123456024,70,,1,2,2,1,1,,13.0263,38,0,0.027008,15,0,8,,0,0,0,0,0,0,0,0,0,,30,30,,0,0,0,0
1604113258215,3,1010123456024,70,,1,2,2,1,1,,13.5385,13,44,0.005408,3,0,7.5,,0,0,0,0,0,0,0,0,0,,10,10,,0,0,0,0
1604113258465,3,1010123456024,70,,1,2,2,1,1,,11.3077,13,158,0.010912,7,0,8,,0,0,0,0,0,0,0,0,0,,10,10,,0,0,0,0
1604113258715,3,1010123456024,70,,1,2,2,1,1,,0,0,628,0,0,0,7.66667,,0,0,0,0,0,0,0,0,0,,0,0,,0,0,0,0
1604113258965,3,1010123456024,70,,1,2,2,1,1,,11.75,12,576,0,0,0,7.28571,,0,0,0,0,0,0,0,0,0,,10,10,,0,0,0,0
1604113259215,3,1010123456024,70,,1,2,2,1,1,,11.9057,53,0,0.038528,26,0,6.83333,,13.8,5,0,0.1,2,0,0,16.8087,31,,42,42,,0,0,0,1
1604113259465,3,1010123456024,70,,1,2,2,1,1,,12.0577,52,0,0.03296,21,0,6.66667,,0,0,0,0,0,0,0,0,0,,42,42,,0,0,0,0
1604113259715,3,1010123456024,70,,1,2,2,1,1,,10.8,20,0,0.01104,8,0,7.8,,12.4,5,0,0.1,2,0,0,17.9921,31,,16,16,,0,0,0,1
1604113259965,3,1010123456024,70,,1,2,2,1,1,,11.8889,18,0,0.010944,7,0,6.42857,,0,0,0,0,0,0,0,0,0,,14,14,,0,0,0,0
1604113260215,3,1010123456024,70,,1,2,2,1,1,,10.2759,29,29,0.011168,9,0,6.66667,,0,0,0,0,0,0,0,0,0,,26,26,,0,0,0,0
1604113260465,3,1010123456024,70,,1,2,2,1,1,,8,3,158,0.005536,4,0,7,,0,0,0,0,0,0,0,0,0,,0,0,,0,0,0,0
1604113260715,3,1010123456024,70,,1,2,2,1,1,,9.86957,46,0,0.021472,17,0,6.5,,15,3,0,0.1,1,0,0,14.8603,31,,36,36,,0,0,0,1
1604113260965,3,1010123456024,70,,1,2,2,1,1,,10.8,10,471,0.006432,5,0,8.42857,,12,5,0,0.1,2,0,0,19.2852,0,,8,8,,0,0,0,1
1604113261215,3,1010123456024,70,,1,2,2,1,1,,11.8679,53,0,0.032992,22,0,7.33333,,0,0,0,0,0,0,0,0,0,,44,44,,0,0,0,0
1604113261465,3,1010123456024,70,,1,2,2,1,1,,18.6,5,0,0.005312,2,0,7.66667,,0,0,0,0,0,0,0,0,0,,4,4,,0,0,0,0
1604113261715,3,1010123456024,70,,1,2,2,1,1,,11.2632,19,158,0.011104,8,0,8.16667,,13.8,5,0,0.1,2,0,0,22.221,31,,16,16,,0,0,0,1
1604113261965,3,1010123456024,70,,1,2,2,1,1,,0,0,315,0,0,0,8.14286,,0,0,0,0,0,0,0,0,0,,0,0,,0,0,0,0
1604113262215,3,1010123456024,70,,1,2,2,1,1,,13.3684,19,201,0.014688,8,0,6.5,,0,0,0,0,0,0,0,0,0,,38,38,,0,0,0,0
1604113262465,3,1010123456024,70,,1,2,2,1,1,,12,38,0,0.023392,15,0,6.83333,,0,0,0,0,0,0,0,0,0,,60,60,,0,0,0,0
1604113262715,3,1010123456024,70,,1,2,2,1,1,,15.5,12,0,0.010784,5,0,9.5,,14.25,8,0,0.1,3,33.3333,0,13.5869,31,,10,10,,0,0,0,4.75
1604113262965,3,1010123456024,70,,1,2,2,1,1,,13.4783,23,0,0.016224,9,0,6.16667,,0,0,0,0,0,0,0,0,0,,18,18,,0,0,0,0
1604113263215,3,1010123456024,70,,1,2,2,1,1,,10.4118,17,0,0.011104,7,0,8.5,,14,3,0,0.1,1,0,0,18.271,31,,14,14,,0,0,0,1
1604113263465,3,1010123456024,70,,1,2,2,1,1,,13.3793,29,0,0.021632,12,0,9.4,,0,0,0,0,0,0,0,0,0,,24,24,,0,0,0,0
1604113263715,3,1010123456024,70,,1,2,2,1,1,,13.4286,7,0,0.005408,3,0,8,,0,0,0,0,0,0,0,0,0,,6,6,,0,0,0,0
1604113263965,3,1010123456024,70,,1,2,2,1,1,,13.2727,22,0,0.016192,9,0,6.71429,,12.2,5,0,0.1,2,0,0,10.9042,31,,18,18,,0,0,0,2
1604113264215,3,1010123456024,70,,1,2,2,1,1,,14.2,5,0,0.005408,2,0,9.66667,,0,0,0,0,0,0,0,0,0,,4,4,,0,0,0,0
1604113264465,3,1010123456024,70,,1,2,2,1,1,,14.5714,21,0,0.012736,6,0,9.16667,,0,0,0,0,0,0,0,0,0,,16,16,,0,0,0,0
1604113264715,3,1010123456024,70,,1,2,2,1,1,,0,2,258,0.003456,2,0,8.66667,,11.2,25,0,0.1,10,0,0,14.2493,31,,2,2,,0,0,0,1.44
1604113264965,3,1010123456024,70,,1,2,2,1,1,,14.0588,17,158,0.01616,8,0,9.2,,0,2,0,0.1,1,0,0,0,31,,14,14,,0,0,0,0
1604113265215,3,1010123456024,70,,1,2,2,1,1,,9.72093,43,0,0.0224,17,0,7.25,,0,0,0,0,0,0,0,0,0,,34,34,,0,0,0,0
1604113265465,3,1010123456024,70,,1,2,2,1,1,,13.4286,14,0,0.005408,3,0,6.83333,,0,0,0,0,0,0,0,0,0,,12,12,,0,0,0,0
1604113265715,3,1010123456024,70,,1,2,2,1,1,,0,0,0,0.005408,3,0,7.5,,10.8,5,0,0.1,2,0,0,15.7985,31,,0,0,,0,0,0,1.4
1604113265965,3,1010123456024,70,,1,2,2,1,1,,13.4286,7,0,0.005408,3,0,7.28571,,0,0,0,0,0,0,0,0,0,,6,6,,0,0,0,0
1604113266215,3,1010123456024,70,,1,2,2,1,1,,7.46667,15,471,0.005792,6,0,9.6,,0,0,0,0,0,0,0,0,0,,12,12,,0,0,0,0
1604113266465,3,1010123456024,70,,1,2,2,1,1,,14,27,0,0.021472,11,0,8,,0,0,0,0,0,0,0,0,0,,22,22,,0,0,0,0
1604113266715,3,1010123456024,70,,1,2,2,1,1,,0,0,158,0,0,0,7,,0,0,0,0,0,0,0,0,0,,0,0,,0,0,0,0
1604113266965,3,1010123456024,70,,1,2,2,1,1,,13.1818,22,471,0.016192,9,0,7.42857,,11.6,5,0,0.1,2,0,0,9.69696,31,,18,18,,0,0,0,1.6
1604113267215,3,1010123456024,70,,1,2,2,1,1,,13.5909,44,158,0.032256,17,0,8,,0,0,0,0,0,0,0,0,0,,34,34,,0,0,0,0
1604113267465,3,1010123456024,70,,1,2,2,1,1,,8.36364,33,235,0.01328,13,0,5.83333,,0,0,0,0,0,0,0,0,0,,28,28,,0,0,0,0
1604113267715,3,1010123456024,70,,1,2,2,1,1,,14.4103,39,0,0.03072,16,0,8.6,,11.2258,31,0,0.1,12,16.6667,0,12.4779,31,,30,30,,0,0,0,2.87097
1604113267965,3,1010123456024,70,,1,2,2,1,1,,0,0,471,0,0,0,7,,0,0,0,0,0,0,0,0,0,,0,0,,0,0,0,0
1604113268215,3,1010123456024,70,,1,2,2,1,1,,0,0,941,0,0,0,7.66667,,0,0,0,0,0,0,0,0,0,,0,0,,0,0,0,0
1604113268465,3,1010123456024,70,,1,2,2,1,1,,0,0,1097,0,0,0,7.66667,,0,0,0,0,0,0,0,0,0,,0,0,,0,0,0,0
1604113268715,3,1010123456024,70,,1,2,2,1,1,,0,0,1723,0,0,0,5.8,,0,0,0,0,0,0,0,0,0,,0,0,,0,0,0,0
1604113268965,3,1010123456024,70,,1,2,2,1,1,,20.4524,42,315,0.057504,17,0,7.71429,,8.4,5,0,0.1,2,0,0,13.6923,31,,34,34,,0,0,0,1
1604113269215,3,1010123456024,70,,1,2,2,1,1,,20.1667,12,158,0.015776,5,0,8.33333,,0,0,0,0,0,0,0,0,0,,10,10,,0,0,0,0
1604113269465,3,1010123456024,70,,1,2,2,1,1,,5.37097,62,0,0.019072,25,0,7,,0,0,0,0,0,0,0,0,0,,50,50,,0,0,0,0
1604113269715,3,1010123456024,70,,1,2,2,1,1,,11.2,10,315,0.005536,4,0,7.5,,12,5,0,0.1,2,0,0,16.5547,31,,8,8,,0,0,0,1
1604113269965,3,1010123456024,70,,1,2,2,1,1,,16.0588,17,158,0.016128,7,0,8.14286,,0,0,0,0,0,0,0,0,0,,14,14,,0,0,0,0
1604113270215,3,1010123456024,70,,1,2,2,1,1,,12.7917,48,315,0.032576,19,0,7.5,,0,2,0,0.1,1,0,0,0,31,,38,38,,0,0,0,0
1604113270465,3,1010123456024,70,,1,2,2,1,1,,11.8857,35,0,0.021824,14,0,7.66667,,0,0,0,0,0,0,0,0,0,,28,28,,0,0,0,0
1604113270715,3,1010123456024,70,,1,2,2,1,1,,11.4737,38,0,0.021984,15,0,7.16667,,10.8,5,0,0.1,2,0,0,16.9783,31,,30,30,,0,0,0,1
1604113270965,3,1010123456024,70,,1,2,2,1,1,,13.0667,30,0,0.0216,12,0,7,,0,0,0,0,0,0,0,0,0,,24,24,,0,0,0,0
1604113271215,3,1010123456024,70,,1,2,2,1,1,,0,2,115,0.001504,1,0,6.5,,0,0,0,0,0,0,0,0,0,,46,46,,0,0,0,0
1604113271465,3,1010123456024,70,,1,2,2,1,1,,11.7714,35,0,0.020576,14,0,7.83333,,0,0,0,0,0,0,0,0,0,,28,28,,0,0,0,0
1604113271715,3,1010123456024,70,,1,2,2,1,1,,0,0,0,0,0,0,8,,0,0,0,0,0,0,0,0,0,,0,0,,0,0,0,0
1604113271965,3,1010123456024,70,,1,2,2,1,1,,10.8,10,0,0.005536,4,0,5.71429,,13.8,5,0,0.1,2,0,0,20.1098,31,,38,38,,0,0,0,1
1604113272215,3,1010123456024,70,,1,2,2,1,1,,0,0,0,0,0,0,5.66667,,0,0,0,0,0,0,0,0,0,,0,0,,0,0,0,0
1604113272465,3,1010123456024,70,,1,2,2,1,1,,5.26667,45,0,0.012128,17,0,5,,0,0,0,0,0,0,0,0,0,,36,36,,0,0,0,0
1604113272715,3,1010123456024,70,,1,2,2,1,1,,13.4286,7,0,0.005632,4,0,7.5,,13.8,5,0,0.1,2,0,0,21.8982,31,,6,6,,0,0,0,1
1604113272965,3,1010123456024,70,,1,2,2,1,1,,0,0,158,0,0,0,9.28572,,0,0,0,0,0,0,0,0,0,,0,0,,0,0,0,0
1604113273215,3,1010123456024,70,,1,2,2,1,1,,13.2895,38,0,0.027136,15,0,8.33333,,0,0,0,0,0,0,0,0,0,,30,30,,0,0,0,0
1604113273465,3,1010123456024,70,,1,2,2,1,1,,5.75,20,0,0.006016,8,0,6,,0,0,0,0,0,0,0,0,0,,16,16,,0,0,0,0
1604113273715,3,1010123456024,70,,1,2,2,1,1,,11.2,10,0,0.005536,4,0,6.5,,13.8,5,0,0.1,2,0,0,14.5424,31,,8,8,,0,0,0,1.8
1604113273965,3,1010123456024,70,,1,2,2,1,1,,0,0,315,0,0,0,6.57143,,0,0,0,0,0,0,0,0,0,,0,0,,0,0,0,0
1604113274215,3,1010123456024,70,,1,2,2,1,1,,14,10,87,0,0,0,8.16667,,0,0,0,0,0,0,0,0,0,,8,8,,0,0,0,0
1604113274465,3,1010123456024,70,,1,2,2,1,1,,13.4688,32,0,0.032352,17,0,8.5,,0,0,0,0,0,0,0,0,0,,26,26,,0,0,0,0
1604113274715,3,1010123456024,70,,1,2,2,1,1,,13.5,8,0,0.005408,3,0,7.8,,7.3,10,0,0.1,4,0,0,20.3401,31,,6,6,,0,0,0,1
1604113274965,3,1010123456024,70,,1,2,2,1,1,,17,5,0,0.005312,2,0,7.71429,,0,0,0,0,0,0,0,0,0,,4,4,,0,0,0,0
1604113275215,3,1010123456024,70,,1,2,2,1,1,,18.0526,19,315,0.021248,8,0,9.33333,,0,0,0,0,0,0,0,0,0,,16,16,,0,0,0,0
1604113275465,3,1010123456024,70,,1,2,2,1,1,,12.7727,22,158,0.016192,9,0,7.16667,,0,0,0,0,0,0,0,0,0,,18,18,,0,0,0,0
1604113275715,3,1010123456024,70,,1,2,2,1,1,,0,0,315,0,0,0,6.33333,,0,0,0,0,0,0,0,0,0,,0,0,,0,0,0,0
1604113275965,3,1010123456024,70,,1,2,2,1,1,,12.375,24,158,0.016448,10,0,7.14286,,13.8,5,0,0.1,2,0,0,20.5185,31,,20,20,,0,0,0,1
1604113276215,3,1010123456024,70,,1,2,2,1,1,,0,0,315,0,0,0,8,,0,0,0,0,0,0,0,0,0,,0,0,,0,0,0,0
1604113276465,3,1010123456024,70,,1,2,2,1,1,,0,0,941,0,0,0,6.8,,0,0,0,0,0,0,0,0,0,,0,0,,0,0,0,0
1604113276715,3,1010123456024,70,,1,2,2,1,1,,0,0,1723,0,0,0,7.5,,0,0,0,0,0,0,0,0,0,,0,0,,0,0,0,0
1604113276965,3,1010123456024,70,,1,2,2,1,1,,18.2917,48,783,0.036928,12,0,8.71429,,0,0,0,0,0,0,0,0,0,,38,38,,0,0,0,0
1604113277215,3,1010123456024,70,,1,2,2,1,1,,13.0943,53,0,0.05104,26,0,7.4,,13.2,5,0,0.1,2,0,0,19.1436,31,,42,42,,0,0,0,1
1604113277465,3,1010123456024,70,,1,2,2,1,1,,17,10,158,0.013152,6,0,6.5,,0,0,0,0,0,0,0,0,0,,8,8,,0,0,0,0
1604113277715,3,1010123456024,70,,1,2,2,1,1,,14.8039,51,158,0.04288,20,0,8.6,,10.2,5,0,0.1,2,0,0,11.712,31,,40,40,,0,0,0,2.6
1604113277965,3,1010123456024,70,,1,2,2,1,1,,11.2,10,158,0.005536,4,0,7,,0,0,0,0,0,0,0,0,0,,8,8,,0,0,0,0
1604113278215,3,1010123456024,70,,1,2,2,1,1,,12.9091,55,0,0.038144,22,0,8.83333,,0,0,0,0,0,0,0,0,0,,44,44,,0,0,0,0
1604113278465,3,1010123456024,70,,1,2,2,1,1,,0,0,0,0,0,0,7,,0,0,0,0,0,0,0,0,0,,0,0,,0,0,0,0
1604113278715,3,1010123456024,70,,1,2,2,1,1,,11.3793,29,0,0.016672,12,0,5.83333,,10,5,0,0.1,2,0,0,18.5328,31,,26,26,,0,0,0,1
1604113278965,3,1010123456024,70,,1,2,2,1,1,,0,0,158,0,0,0,7.42857,,0,2,0,0.1,1,0,0,0,31,,0,0,,0,0,0,0
1604113279215,3,1010123456024,70,,1,2,2,1,1,,12.12,50,0,0.0328,20,0,7.8,,0,4,0,0.1,2,0,0,0,31,,40,40,,0,0,0,0
1604113279465,3,1010123456024,70,,1,2,2,1,1,,17.25,20,0,0.021216,8,0,8.8,,0,0,0,0,0,0,0,0,0,,16,16,,0,0,0,0
1604113279715,3,1010123456024,70,,1,2,2,1,1,,11,31,0,0.016544,12,0,7.66667,,10,5,0,0.1,2,0,0,16.8985,31,,24,24,,0,0,0,1
1604113279965,3,1010123456024,70,,1,2,2,1,1,,11.92,25,48,0.014848,10,0,7,,0,0,0,0,0,0,0,0,0,,20,20,,0,0,0,0
1604113280215,3,1010123456024,70,,1,2,2,1,1,,0,0,361,0,0,0,7,,0,0,0,0,0,0,0,0,0,,0,0,,0,0,0,0
1604113280465,3,1010123456024,70,,1,2,2,1,1,,0,0,2083,0,0,0,7.5,,0,0,0,0,0,0,0,0,0,,0,0,,0,0,0,0
1604113280715,3,1010123456024,70,,1,2,2,1,1,,11.8013,151,0,0.089696,61,0,7,,0,4,0,0.1,2,0,0,0,31,,122,122,,0,0,0,0
1604113280965,3,1010123456024,70,,1,2,2,1,1,,0,0,471,0,0,0,6.14286,,0,0,0,0,0,0,0,0,0,,0,0,,0,0,0,0
1604113281215,5,1010123456024,70,,1,2,2,1,1,,9.82609,23,336,0.010496,9,0,6.83333,,0,0,0,0,0,0,0,0,0,,18,18,,0,0,0,0
1604113281465,5,1010123456024,70,,1,2,2,1,1,,11.6,40,0,0.02288,16,0,7,,0,0,0,0,0,0,0,0,0,,32,32,,0,0,0,0
1604113281715,5,1010123456024,70,,1,2,2,1,1,,9.5,12,0,0.00565462,5,0,6.66667,,10.8,5,0,0.1,2,0,0,18.7066,31,,10,10,,0,0,0,1.6
1604113281965,5,1010123456024,70,,1,2,2,1,1,,13,15,158,0.010912,6,0,7.28571,,0,0,0,0,0,0,0,0,0,,12,12,,0,0,0,0
1604113282215,4,1010123456024,70,,1,2,2,1,1,,9.30769,39,158,0.016992,15,0,6.83333,,0,0,0,0,0,0,0,0,0,,30,30,,0,0,0,0
1604113282465,4,1010123456024,70,,1,2,2,1,1,,11.2,10,0,0.005536,4,0,6.83333,,0,0,0,0,0,0,0,0,0,,8,8,,0,0,0,0
1604113282715,4,1010123456024,70,,1,2,2,1,1,,10.5,32,0,0.01664,13,0,6.33333,,13.2,5,0,0.1,2,0,0,22.217,31,,26,26,,0,0,0,1
1604113282965,4,1010123456024,70,,1,2,2,1,1,,9.53846,13,0,0.005632,5,0,6,,0,0,0,0,0,0,0,0,0,,10,10,,0,0,0,0
1604113283215,4,1010123456024,70,,1,2,2,1,1,,0,0,158,0,0,0,8,,0,0,0,0,0,0,0,0,0,,0,0,,0,0,0,0
1604113283465,4,1010123456024,70,,1,2,2,1,1,,0,0,628,0,0,0,6.83333,,0,0,0,0,0,0,0,0,0,,0,0,,0,0,0,0
1604113283715,4,1010123456024,70,,1,2,2,1,1,,0,0,1097,0,0,0,7.16667,,0,0,0,0,0,0,0,0,0,,0,0,,0,0,0,0
1604113283965,4,1010123456024,70,,1,2,2,1,1,,9.90164,122,0,0.056352,48,0,6.85714,,13.2,5,0,0.1,2,0,0,17.9551,31,,96,96,,0,0,0,1
1604113284215,4,1010123456024,70,,1,2,2,1,1,,9.42308,26,158,0.011264,10,0,6,,0,0,0,0,0,0,0,0,0,,20,20,,0,0,0,0
1604113284465,4,1010123456024,70,,1,2,2,1,1,,9.46154,13,158,0.00576,5,0,6,,0,0,0,0,0,0,0,0,0,,10,10,,0,0,0,0
1604113284715,4,1010123456024,70,,1,2,2,1,1,,0,0,628,0,0,0,7,,0,0,0,0,0,0,0,0,0,,0,0,,0,0,0,0
1604113284965,4,1010123456024,70,,1,2,2,1,1,,0,0,1097,0,0,0,7,,0,0,0,0,0,0,0,0,0,,0,0,,0,0,0,0
1604113285215,4,1010123456024,70,,1,2,2,1,1,,9.88,50,914,0.02352,20,0,5.33333,,12,5,0,0.1,2,0,0,19.2194,31,,96,96,,0,0,0,1
1604113285465,4,1010123456024,70,,1,2,2,1,1,,10,45,445,0.022496,19,0,6,,0,0,0,0,0,0,0,0,0,,38,38,,0,0,0,0
1604113285715,4,1010123456024,70,,1,2,2,1,1,,10.4717,53,0,0.026976,21,0,6.16667,,12,8,0,0.1,3,33.3333,0,12.4908,31,,42,42,,0,0,0,5.125
1604113285965,4,1010123456024,70,,1,2,2,1,1,,0,0,0,0,0,0,6,,0,0,0,0,0,0,0,0,0,,0,0,,0,0,0,0
1604113286215,4,1010123456024,70,,1,2,2,1,1,,0,0,0,0,0,0,6.16667,,0,0,0,0,0,0,0,0,0,,0,0,,0,0,0,0
1604113286465,4,1010123456024,70,,1,2,2,1,1,,9.53846,13,0,0.005632,5,0,7,,0,0,0,0,0,0,0,0,0,,10,10,,0,0,0,0
1604113286715,4,1010123456024,70,,1,2,2,1,1,,9.61111,36,315,0.016992,15,0,6.16667,,11.8,5,0,0.1,2,0,0,11.2708,31,,30,30,,0,0,0,1.6
1604113286965,4,1010123456024,70,,1,2,2,1,1,,9.48649,37,315,0.017024,15,0,5.85714,,0,2,0,0.1,1,0,0,0,31,,30,30,,0,0,0,0
1604113287215,4,1010123456024,70,,1,2,2,1,1,,9.54054,74,0,0.034144,30,0,6,,0,0,0,0,0,0,0,0,0,,60,60,,0,0,0,0
1604113287465,4,1010123456024,70,,1,2,6,1,1,,9.5,12,0,0.005632,5,0,6.16667,,0,2,0,0.1,1,0,0,0,31,,10,10,,0,0,0,0
1604113287715,4,1010123456024,70,,1,2,6,1,1,,7.52174,23,0,0.011296,9,0,8,,8.6,5,0,0.1,2,0,0,12.7658,31,,24,24,,0,0,0,1
1604113287965,4,1010123456024,70,,1,2,6,1,1,,0,0,0,0,0,0,6,,0,0,0,0,0,0,0,0,0,,0,0,,0,0,0,0
1604113288215,4,1010123456024,70,,1,2,6,1,1,,8.52941,34,0,0.016832,14,0,6.2,,0,0,0,0,0,0,0,0,0,,32,34,,0,0,0,0
1604113288465,4,1010123456024,70,,1,2,6,1,1,,8.08333,24,0,0.016512,9,0,5.83333,,0,0,0,0,0,0,0,0,0,,32,32,,0,0,0,0
1604113288715,4,1010123456024,70,,1,2,6,1,1,,7.68421,19,0,0.01104,8,0,7,,7.8,5,0,0.1,2,0,0,11.9855,31,,21,22,,0,0,0,1
1604113288965,4,1010123456024,70,,1,2,6,1,1,,9.86667,15,0,0.010944,6,0,6.14286,,0,0,0,0,0,0,0,0,0,,18,18,,0,0,0,0
1604113289215,4,1010123456024,70,,1,2,6,1,1,,7.7619,21,0,0.011232,8,0,6.5,,0,0,0,0,0,0,0,0,0,,24,24,,0,0,0,0
1604113289465,4,1010123456024,70,,1,2,6,1,1,,7.57143,14,158,0.005824,6,0,6.16667,,0,0,0,0,0,0,0,0,0,,12,14,,0,0,0,0
1604113289715,4,1010123456024,70,,1,2,6,1,1,,6.33333,18,0,0.005952,7,0,7,,8.4,5,0,0.1,2,0,0,13.8239,31,,13,14,,0,0,0,1
1604113289965,4,1010123456024,70,,1,2,6,1,1,,0,0,158,0,0,0,6.85714,,0,0,0,0,0,0,0,0,0,,0,0,,0,0,0,0
1604113290215,4,1010123456024,70,,1,2,6,1,1,,11,29,0,0.021856,12,0,7.83333,,0,0,0,0,0,0,0,0,0,,30,32,,0,0,0,0
1604113290465,4,1010123456024,70,,1,2,6,1,1,,0,0,315,0,0,0,7,,0,0,0,0,0,0,0,0,0,,0,0,,0,0,0,0
1604113290715,4,1010123456024,70,,1,2,6,1,1,,10.8,25,0,0.0216,10,0,7,,12,5,0,0.1,2,0,0,21.0367,31,,30,32,,0,0,0,1
1604113290965,4,1010123456024,70,,1,2,6,1,1,,9.16667,12,628,0.005792,5,0,6.42857,,0,0,0,0,0,0,0,0,0,,11,12,,0,0,0,0
1604113291215,4,1010123456024,70,,1,2,6,1,1,,9.84615,39,0,0.027232,16,0,7,,0,2,0,0.1,1,0,0,0,31,,42,44,,0,0,0,0
1604113291465,4,1010123456024,70,,1,2,6,1,1,,9.95833,24,0,0.016512,10,0,7,,0,0,0,0,0,0,0,0,0,,24,26,,0,0,0,0
1604113291715,4,1010123456024,70,,1,2,6,1,1,,10.6071,28,0,0.021504,11,0,7,,10.8,5,0,0.1,2,0,0,18.553,31,,29,32,,0,0,0,1
1604113291965,4,1010123456024,70,,1,2,6,1,1,,2.77273,44,0,0.017504,18,0,6.14286,,0,0,0,0,0,0,0,0,0,,76,76,,0,0,0,0
1604113292215,4,1010123456024,70,,1,2,6,1,1,,9.6087,23,0,0.016288,9,0,8.16667,,0,0,0,0,0,0,0,0,0,,28,28,,0,0,0,0
1604113292465,4,1010123456024,70,,1,2,6,1,1,,10.1389,36,0,0.02736,14,0,5.83333,,0,0,0,0,0,0,0,0,0,,44,44,,0,0,0,0
1604113292715,4,1010123456024,70,,1,2,6,1,1,,9.10714,28,158,0.021856,11,0,7.16667,,10.8,5,0,0.1,2,0,0,16.4687,31,,38,38,,0,0,0,1.4
1604113292965,4,1010123456024,70,,1,2,6,1,1,,16.2,10,0,0.010688,4,0,6.28571,,0,0,0,0,0,0,0,0,0,,7,8,,0,0,0,0
1604113293215,4,1010123456024,70,,1,2,6,1,1,,10.1739,23,158,0.021344,9,0,9.66667,,0,2,0,0.1,1,0,0,0,31,,32,32,,0,0,0,0
1604113293465,4,1010123456024,70,,1,2,6,1,1,,9.90909,22,0,0.011328,9,0,7.16667,,0,0,0,0,0,0,0,0,0,,16,18,,0,0,0,0
1604113293715,4,1010123456024,70,,1,2,6,1,1,,8.9,30,0,0.016672,12,0,7,,10.8,5,0,0.1,2,0,0,14.5712,31,,25,30,,0,0,0,1.4
1604113293965,4,1010123456024,70,,1,2,6,1,1,,21.8,5,0,0.010432,2,0,8.5,,12,3,0,0.1,1,0,0,12.7804,31,,6,6,,0,0,0,1
1604113294215,4,1010123456024,70,,1,2,6,1,1,,9.18182,33,0,0.021952,13,0,7,,0,0,0,0,0,0,0,0,0,,39,40,,0,0,0,0
1604113294465,4,1010123456024,70,,1,2,6,1,1,,10.775,40,0,0.0272,16,0,7,,0,0,0,0,0,0,0,0,0,,39,40,,0,0,0,0
1604113294715,4,1010123456024,70,,1,2,6,1,1,,8.47059,17,0,0.011168,7,0,7,,8.6,5,0,0.1,2,0,0,13.3226,31,,21,22,,0,0,0,1
1604113294965,4,1010123456024,70,,1,2,6,1,1,,8.86957,23,0,0.01648,9,0,7,,0,0,0,0,0,0,0,0,0,,26,28,,0,0,0,0
1604113295215,4,1010123456024,70,,1,2,6,1,1,,0,0,0,0,0,0,6.83333,,0,0,0,0,0,0,0,0,0,,0,0,,0,0,0,0
1604113295465,4,1010123456024,70,,1,2,6,1,1,,10.8,10,471,0.005536,4,0,7,,0,0,0,0,0,0,0,0,0,,8,8,,0,0,0,0
1604113295715,4,1010123456024,70,,1,2,6,1,1,,9.82857,35,0,0.026912,14,0,7,,10.2,5,0,0.1,2,0,0,17.902,31,,43,44,,0,0,0,1
1604113295965,4,1010123456024,70,,1,2,6,1,1,,0,0,158,0,0,0,7,,12,3,0,0.1,1,0,0,12.8276,31,,0,0,,0,0,0,2
1604113296215,4,1010123456024,70,,1,2,6,1,1,,9.05263,19,0,0.011136,8,0,8.33333,,0,0,0,0,0,0,0,0,0,,18,20,,0,0,0,0
1604113296465,4,1010123456024,70,,1,2,6,1,1,,8.25532,47,397,0.019968,19,0,6.6,,0,0,0,0,0,0,0,0,0,,36,42,,0,0,0,0
1604113296715,4,1010123456024,70,,1,2,6,1,1,,9.62069,29,0,0.01952,12,0,7,,10.8,5,0,0.1,2,0,0,19.1214,31,,32,34,,0,0,0,1
1604113296965,4,1010123456024,70,,1,2,6,1,1,,12.4783,23,198,0.013504,8,0,7.85714,,0,0,0,0,0,0,0,0,0,,16,18,,0,0,0,0
1604113297215,4,1010123456024,70,,1,2,6,1,1,,8.9375,32,0,0.019712,14,0,7,,0,0,0,0,0,0,0,0,0,,33,34,,0,0,0,0
1604113297465,4,1010123456024,70,,1,2,6,1,1,,10.2273,22,0,0.011168,9,0,7.5,,0,0,0,0,0,0,0,0,0,,15,18,,0,0,0,0
1604113297715,4,1010123456024,70,,1,2,6,1,1,,8.9,30,121,0.01776,12,0,6.4,,13.2,5,0,0.1,2,0,0,18.6422,31,,29,32,,0,0,0,1
1604113297965,4,1010123456024,70,,1,2,6,1,1,,7.89286,28,0,0.015616,11,0,6,,0,0,0,0,0,0,0,0,0,,31,32,,0,0,0,0
1604113298215,4,1010123456024,70,,1,2,6,1,1,,8.4878,41,0,0.022048,16,0,6.16667,,0,0,0,0,0,0,0,0,0,,39,42,,0,0,0,0
1604113298465,4,1010123456024,70,,1,2,6,1,1,,8.02222,45,0,0.022496,18,0,6.33333,,0,0,0,0,0,0,0,0,0,,45,46,,0,0,0,0
1604113298715,4,1010123456024,70,,1,2,6,1,1,,8.85,20,335,0.01104,6,0,6.33333,,12.8,5,0,0.1,2,0,0,19.2936,31,,28,28,,0,0,0,1
1604113298965,4,1010123456024,70,,1,2,6,1,1,,10.05,20,315,0.021344,10,0,7.57143,,0,0,0,0,0,0,0,0,0,,21,22,,0,0,0,0
1604113299215,4,1010123456024,70,,1,2,6,1,1,,10,40,14,0.01712,15,0,7.16667,,0,0,0,0,0,0,0,0,0,,30,34,,0,0,0,0
1604113299465,4,1010123456024,70,,1,2,6,1,1,,8.51613,31,0,0.02704,13,0,7.6,,0,0,0,0,0,0,0,0,0,,41,42,,0,0,0,0
1604113299715,4,1010123456024,70,,1,2,6,1,1,,1.88679,53,0,0.012864,22,0,3.25,,13.75,8,0,0.1,3,0,0,16.1027,31,,109,112,,0,0,0,1
1604113299965,4,1010123456024,70,,1,2,6,1,1,,9.25,20,315,0.011232,8,0,7.16667,,0,0,0,0,0,0,0,0,0,,19,20,,0,0,0,0
1604113300215,4,1010123456024,70,,1,2,6,1,1,,7.16129,31,0,0.011776,13,0,7,,0,0,0,0,0,0,0,0,0,,22,26,,0,0,0,0
1604113300465,4,1010123456024,70,,1,2,6,1,1,,8.65217,23,0,0.011328,9,0,6.16667,,0,0,0,0,0,0,0,0,0,,21,22,,0,0,0,0
1604113300715,4,1010123456024,70,,1,2,6,1,1,,7.33333,18,48,0.009568,8,0,6,,12,5,0,0.1,2,0,0,16.9624,31,,33,34,,0,0,0,1
1604113300965,4,1010123456024,70,,1,2,6,1,1,,7.69444,36,0,0.01344,14,0,6,,0,0,0,0,0,0,0,0,0,,21,28,,0,0,0,0
1604113301215,4,1010123456024,70,,1,2,6,1,1,,7.2,20,0,0.011392,8,0,5.66667,,0,0,0,0,0,0,0,0,0,,25,26,,0,0,0,0
1604113301465,4,1010123456024,70,,1,2,6,1,1,,8,14,0,0.005792,6,0,6,,0,0,0,0,0,0,0,0,0,,11,12,,0,0,0,0
1604113301715,4,1010123456024,70,,1,2,6,1,1,,5.6625,80,0,0.024224,32,0,5.66667,,4.28571,21,0,0.1,8,0,0,17.6094,31,,64,76,,0,0,0,1.57143
1604113301965,4,1010123456024,70,,1,2,6,1,1,,3.87838,74,0,0.01888,30,0,6.42857,,0,2,0,0.1,1,0,0,0,31,,76,78,,0,0,0,0
1604113302215,4,1010123456024,70,,1,2,6,1,1,,4.93333,15,0,0.005888,6,0,6.66667,,0,0,0,0,0,0,0,0,0,,17,18,,0,0,0,0
1604113302465,4,1010123456024,70,,1,2,6,1,1,,6.65,20,126,0.011008,6,0,5.66667,,0,0,0,0,0,0,0,0,0,,27,28,,0,0,0,0
1604113302715,4,1010123456024,70,,1,2,6,1,1,,5.54762,42,158,0.012448,19,0,5.83333,,9.6,5,0,0.1,2,0,0,11.0191,31,,32,34,,0,0,0,1.4
1604113302965,4,1010123456024,70,,1,2,6,1,1,,5.36842,38,0,0.017184,16,0,5.66667,,0,2,0,0.1,1,0,0,0,31,,46,48,,0,0,0,0
1604113303215,4,1010123456024,70,,1,2,6,1,1,,8.28571,7,0,0.005408,3,0,5.8,,0,0,0,0,0,0,0,0,0,,9,10,,0,0,0,0
1604113303465,4,1010123456024,70,,1,2,6,1,1,,5.24324,37,0,0.017472,15,0,5.33333,,0,0,0,0,0,0,0,0,0,,51,52,,0,0,0,0
1604113303715,4,1010123456024,70,,1,2,6,1,1,,7.78947,19,158,0.011104,8,0,6.16667,,8.4,5,0,0.1,2,0,0,14.1265,31,,23,24,,0,0,0,1
1604113303965,4,1010123456024,70,,1,2,6,1,1,,9.86667,30,158,0.01664,12,0,6.71429,,0,0,0,0,0,0,0,0,0,,25,26,,0,0,0,0
1604113304215,4,1010123456024,70,,1,2,6,1,1,,5.83333,30,0,0.006048,8,0,5.6,,0,2,0,0.1,1,0,0,0,31,,32,32,,0,0,0,0
1604113304465,4,1010123456024,70,,1,2,6,1,1,,9,18,0,0.016672,11,0,4.83333,,0,0,0,0,0,0,0,0,0,,19,20,,0,0,0,0
1604113304715,4,1010123456024,70,,1,2,6,1,1,,4.29787,47,0,0.012672,19,0,5.16667,,3.9,10,0,0.1,4,0,0,11.4056,31,,44,48,,0,0,0,1
1604113304965,4,1010123456024,70,,1,2,6,1,1,,0,0,0,0,0,0,4.57143,,0,0,0,0,0,0,0,0,0,,0,0,,0,0,0,0
1604113305215,4,1010123456024,70,,1,2,6,1,1,,5.52542,59,0,0.023328,24,0,4.5,,0,0,0,0,0,0,0,0,0,,66,68,,0,0,0,0
1604113305465,4,1010123456024,70,,1,2,6,1,1,,5.40741,27,471,0.011424,11,0,5.33333,,0,0,0,0,0,0,0,0,0,,33,34,,0,0,0,0
1604113305715,4,1010123456024,70,,1,2,6,1,1,,5.60714,56,55,0.014368,16,0,5,,9.6,5,0,0.1,2,0,0,13.8332,31,,57,60,,0,0,0,1.4
1604113305965,4,1010123456024,70,,1,2,6,1,1,,5.07895,38,0,0.02064,21,0,5,,0,0,0,0,0,0,0,0,0,,41,42,,0,0,0,0
1604113306215,4,1010123456024,70,,1,2,6,1,1,,8.55,20,0,0.011168,8,0,6.5,,0,0,0,0,0,0,0,0,0,,21,22,,0,0,0,0
1604113306465,4,1010123456024,70,,1,2,6,1,1,,0,0,315,0,0,0,5,,12,3,0,0.1,1,0,0,12.3326,31,,0,0,,0,0,0,2
1604113306715,4,1010123456024,70,,1,2,6,1,1,,6.58441,77,0,0.034272,31,0,5.66667,,8.2,5,0,0.1,2,0,0,12.2772,31,,76,82,,0,0,0,1
1604113306965,4,1010123456024,70,,1,2,6,1,1,,0,0,315,0,0,0,5.42857,,0,0,0,0,0,0,0,0,0,,0,0,,0,0,0,0
1604113307215,4,1010123456024,70,,1,2,6,1,1,,5.83019,53,73,0.01696,17,0,5.33333,,0,0,0,0,0,0,0,0,0,,56,58,,0,0,0,0
1604113307465,4,1010123456024,70,,1,2,6,1,1,,4.8,20,315,0.012064,12,0,5.6,,0,0,0,0,0,0,0,0,0,,28,28,,0,0,0,0
1604113307715,4,1010123456024,70,,1,2,6,1,1,,0,0,628,0,0,0,5.66667,,0,0,0,0,0,0,0,0,0,,0,0,,0,0,0,0
1604113307965,4,1010123456024,70,,1,2,6,1,1,,8.17143,35,158,0.021952,14,0,5.57143,,10.8,5,0,0.1,2,0,0,19.992,31,,42,44,,0,0,0,1
1604113308215,4,1010123456024,70,,1,2,6,1,1,,8.75,16,577,0.001408,2,0,5.33333,,0,0,0,0,0,0,0,0,0,,13,14,,0,0,0,0
1604113308465,4,1010123456024,70,,1,2,6,1,1,,8.96296,27,0,0.02592,15,0,5.33333,,0,0,0,0,0,0,0,0,0,,36,36,,0,0,0,0
1604113308715,4,1010123456024,70,,1,2,6,1,1,,7,8,0,0.0056,3,0,5.83333,,11.5455,11,0,0.1,5,40,0,10.4375,31,,12,12,,0,0,0,4.63636
1604113308965,4,1010123456024,70,,1,2,6,1,1,,6.11111,27,0,0.011488,11,0,6.42857,,0,0,0,0,0,0,0,0,0,,27,30,,0,0,0,0
1604113309215,4,1010123456024,70,,1,2,6,1,1,,7.83333,24,0,0.016544,10,0,6,,7,3,0,0.1,1,0,0,12.2029,31,,34,34,,0,0,0,1
1604113309465,4,1010123456024,70,,1,2,6,1,1,,9.34783,23,0,0.011328,9,0,6,,0,0,0,0,0,0,0,0,0,,20,20,,0,0,0,0
1604113309715,4,1010123456024,70,,1,2,6,1,1,,7.46154,26,0,0.011328,10,0,5.4,,0,0,0,0,0,0,0,0,0,,25,26,,0,0,0,0
1604113309965,4,1010123456024,70,,1,2,6,1,1,,8,10,315,0.005504,4,0,6.16667,,8.6,5,0,0.1,2,0,0,13.212,31,,12,12,,0,0,0,1
1604113310215,4,1010123456024,70,,1,2,6,1,1,,7.12766,47,0,0.022432,18,0,5.66667,,0,0,0,0,0,0,0,0,0,,52,54,,0,0,0,0
1604113310465,4,1010123456024,70,,1,2,6,1,1,,7.71429,7,0,0.0056,3,0,6,,0,0,0,0,0,0,0,0,0,,12,12,,0,0,0,0
1604113310715,4,1010123456024,70,,1,2,6,1,1,,8.24444,45,0,0.027744,18,0,6,,10.4,5,0,0.1,2,0,0,13.2367,31,,54,54,,0,0,0,1.6
1604113310965,4,1010123456024,70,,1,2,6,1,1,,7.44681,47,0,0.017632,19,0,6,,0,0,0,0,0,0,0,0,0,,34,38,,0,0,0,0
1604113311215,4,1010123456024,70,,1,2,6,1,1,,9.2,10,0,0.005536,4,0,6,,0,0,0,0,0,0,0,0,0,,10,10,,0,0,0,0
1604113311465,4,1010123456024,70,,1,2,6,1,1,,8.92,25,158,0.016384,10,0,6,,0,0,0,0,0,0,0,0,0,,28,30,,0,0,0,0
1604113311715,4,1010123456024,70,,1,2,6,1,1,,0,0,628,0,0,0,5,,0,0,0,0,0,0,0,0,0,,0,0,,0,0,0,0
1604113311965,4,1010123456024,70,,1,2,6,1,1,,8.33846,65,0,0.033696,27,0,5.85714,,10,5,0,0.1,2,0,0,11.7776,31,,60,66,,0,0,0,1.6
1604113312215,4,1010123456024,70,,1,2,6,1,1,,6.23077,26,0,0.011424,10,0,4.6,,0,0,0,0,0,0,0,0,0,,29,30,,0,0,0,0
1604113312465,4,1010123456024,70,,1,2,6,1,1,,7.52174,23,0,0.011296,9,0,5.83333,,0,0,0,0,0,0,0,0,0,,24,24,,0,0,0,0
1604113312715,4,1010123456024,70,,1,2,6,1,1,,7.14286,7,0,0.0056,3,0,5.83333,,7,5,0,0.1,2,0,0,10.966,31,,12,12,,0,0,0,1
1604113312965,4,1010123456024,70,,1,2,6,1,1,,7.61364,44,238,0.022464,16,0,5.85714,,0,0,0,0,0,0,0,0,0,,53,54,,0,0,0,0
1604113313215,4,1010123456024,70,,1,2,6,1,1,,8.62025,79,0,0.039296,34,0,5.83333,,0,0,0,0,0,0,0,0,0,,72,74,,0,0,0,0
1604113313465,4,1010123456024,70,,1,2,6,1,1,,7.42857,7,158,0.005504,3,0,5.66667,,0,0,0,0,0,0,0,0,0,,12,12,,0,0,0,0
1604113313715,4,1010123456024,70,,1,2,6,1,1,,5.40541,37,0,0.016992,15,0,5.16667,,7,5,0,0.1,2,0,0,11.3595,31,,49,50,,0,0,0,1
1604113313965,4,1010123456024,70,,1,2,6,1,1,,0,0,0,0,0,0,5.33333,,7,3,0,0.1,1,0,0,11.5115,31,,0,0,,0,0,0,1
1604113314215,4,1010123456024,70,,1,2,6,1,1,,5.24444,45,0,0.01776,18,0,5,,0,0,0,0,0,0,0,0,0,,56,56,,0,0,0,0
1604113314465,4,1010123456024,70,,1,2,6,1,1,,5.58696,46,0,0.0176,19,0,5,,0,0,0,0,0,0,0,0,0,,46,50,,0,0,0,0
1604113314715,4,1010123456024,70,,1,2,6,1,1,,5.78182,55,0,0.017408,17,0,5,,7,5,0,0.1,2,0,0,11.9566,31,,62,64,,0,0,0,1
1604113314965,4,1010123456024,70,,1,2,6,1,1,,5.53333,15,0,0.011872,11,0,5.16667,,0,0,0,0,0,0,0,0,0,,17,18,,0,0,0,0
1604113315215,4,1010123456024,70,,1,2,6,1,1,,5.6,30,40,0.008672,6,0,5,,0,0,0,0,0,0,0,0,0,,42,42,,0,0,0,0
1604113315465,4,1010123456024,70,,1,2,6,1,1,,5.26667,30,0,0.019808,18,0,6,,0,0,0,0,0,0,0,0,0,,37,38,,0,0,0,0
1604113315715,4,1010123456024,70,,1,2,6,1,1,,4.4,5,448,0.000992,2,0,4.33333,,0,0,0,0,0,0,0,0,0,,2,4,,0,0,0,0
1604113315965,4,1010123456024,70,,1,2,6,1,1,,7.53398,103,0,0.055296,41,0,5.42857,,5.5,8,0,0.1,3,0,0,12.3353,31,,117,120,,0,0,0,1
1604113316215,4,1010123456024,70,,1,2,6,1,1,,5.36364,22,116,0.00752,9,0,5,,0,0,0,0,0,0,0,0,0,,27,28,,0,0,0,0
1604113316465,4,1010123456024,70,,1,2,6,1,1,,0,0,273,0,0,0,4.83333,,0,0,0,0,0,0,0,0,0,,0,0,,0,0,0,0
1604113316715,4,1010123456024,70,,1,2,6,1,1,,5.67308,52,0,0.021632,21,0,5.16667,,11.2,5,0,0.1,2,0,0,10.7739,31,,55,60,,0,0,0,2.8
1604113316965,4,1010123456024,70,,1,2,6,1,1,,5.33333,12,470,0.000288,1,0,5.14286,,0,0,0,0,0,0,0,0,0,,16,16,,0,0,0,0
1604113317215,4,1010123456024,70,,1,2,6,1,1,,5.15447,123,0,0.051968,53,0,4.83333,,0,0,0,0,0,0,0,0,0,,151,152,,0,0,0,0
1604113317465,4,1010123456024,70,,1,2,6,1,1,,1.01562,64,0,0.013536,26,0,4,,0,0,0,0,0,0,0,0,0,,118,118,,0,0,0,0
1604113317715,4,1010123456024,70,,1,2,6,1,1,,0,0,0,0,0,0,5.6,,0,0,0,0,0,0,0,0,0,,0,0,,0,0,0,0
1604113317965,4,1010123456024,70,,1,2,6,1,1,,7.14286,7,0,0.0056,3,0,6,,0,0,0,0,0,0,0,0,0,,12,12,,0,0,0,0
1604113318215,4,1010123456024,70,,1,2,6,1,1,,7.17647,17,0,0.01104,6,0,5,,10,5,0,0.1,2,0,0,20.8017,31,,44,44,,0,0,0,1
1604113318465,4,1010123456024,70,,1,2,6,1,1,,7.08889,45,0,0.027808,15,0,7.16667,,0,0,0,0,0,0,0,0,0,,72,72,,0,0,0,0
1604113318715,4,1010123456024,70,,1,2,6,1,1,,4.69767,43,0,0.028064,20,0,5.2,,13.8,5,0,0.1,2,0,0,18.3594,31,,104,104,,0,0,0,1
1604113318965,4,1010123456024,70,,1,2,6,1,1,,7.04762,42,12,0.023712,14,0,5.83333,,0,0,0,0,0,0,0,0,0,,100,100,,0,0,0,0
1604113319215,4,1010123456024,70,,1,2,6,1,1,,6.10526,19,0,0.020768,11,0,6.4,,0,0,0,0,0,0,0,0,0,,28,28,,0,0,0,0
1604113319465,4,1010123456024,70,,1,2,6,1,1,,7.22727,22,0,0.016448,9,0,5.8,,0,0,0,0,0,0,0,0,0,,36,36,,0,0,0,0
1604113319715,4,1010123456024,70,,1,2,6,1,1,,6.83333,48,0,0.032992,19,0,5.6,,13.2,5,0,0.1,2,0,0,16.5925,31,,80,80,,0,0,0,1.4
1604113319965,4,1010123456024,70,,1,2,6,1,1,,5.45238,42,0,0.022752,16,0,5,,0,0,0,0,0,0,0,0,0,,84,84,,0,0,0,0
1604113320215,4,1010123456024,70,,1,2,6,1,1,,5.31373,51,0,0.027968,20,0,5,,0,0,0,0,0,0,0,0,0,,104,104,,0,0,0,0
1604113320465,4,1010123456024,70,,1,2,6,1,1,,5.94118,17,0,0.010976,7,0,5.66667,,0,2,0,0.1,1,0,0,0,31,,32,32,,0,0,0,0
1604113320715,4,1010123456024,70,,1,2,6,1,1,,6.69388,49,0,0.033248,19,0,5.16667,,13.2,5,0,0.1,2,0,0,20.8916,31,,92,92,,0,0,0,1
1604113320965,4,1010123456024,70,,1,2,6,1,1,,6.07692,52,0,0.033344,21,0,5.71429,,0,0,0,0,0,0,0,0,0,,84,84,,0,0,0,0
1604113321215,4,1010123456024,70,,1,2,6,1,1,,7.32143,28,0,0.021824,12,0,6,,15,3,0,0.1,1,0,0,17.35,31,,56,56,,0,0,0,1
1604113321465,4,1010123456024,70,,1,2,6,1,1,,5.25,20,0,0.011072,8,0,5.16667,,0,0,0,0,0,0,0,0,0,,32,32,,0,0,0,0
1604113321715,4,1010123456024,70,,1,2,6,1,1,,5.53571,28,0,0.011264,8,0,5.2,,13.2,5,0,0.1,2,0,0,16.4755,31,,52,52,,0,0,0,1.4
1604113321965,4,1010123456024,70,,1,2,6,1,1,,5.4,10,0,0.011488,8,0,5,,9,3,0,0.1,1,0,0,19.3414,31,,16,16,,0,0,0,1
1604113322215,4,1010123456024,70,,1,2,6,1,1,,5.42857,21,0,0.011456,8,0,5,,0,0,0,0,0,0,0,0,0,,44,44,,0,0,0,0
1604113322465,4,1010123456024,70,,1,2,6,1,1,,5.5,30,0,0.017248,12,0,5,,0,0,0,0,0,0,0,0,0,,48,48,,0,0,0,0
1604113322715,4,1010123456024,70,,1,2,6,1,1,,5.47619,21,0,0.011488,8,0,6.16667,,10.2,5,0,0.1,2,0,0,16.361,31,,36,36,,0,0,0,1.8
1604113322965,4,1010123456024,70,,1,2,6,1,1,,6.72727,11,113,0.0056,3,0,5.14286,,0,0,0,0,0,0,0,0,0,,16,16,,0,0,0,0
1604113323215,4,1010123456024,70,,1,2,6,1,1,,6.57895,38,0,0.027776,16,0,6,,0,0,0,0,0,0,0,0,0,,68,68,,0,0,0,0
1604113323465,4,1010123456024,70,,1,2,6,1,1,,7.17391,23,0,0.01648,9,0,6,,0,0,0,0,0,0,0,0,0,,36,36,,0,0,0,0
1604113323715,4,1010123456024,70,,1,2,6,1,1,,7.42857,7,0,0.005504,3,0,6,,13.8,5,0,0.1,2,0,0,18.3771,31,,12,12,,0,0,0,1.6
1604113323965,4,1010123456024,70,,1,2,6,1,1,,7.17391,23,0,0.014912,8,0,5.42857,,15,6,0,0.1,2,0,0,22.4787,31,,36,36,,0,0,0,1
1604113324215,4,1010123456024,70,,1,2,6,1,1,,7.5,8,0,0.007168,4,0,6.16667,,0,0,0,0,0,0,0,0,0,,12,12,,0,0,0,0
1604113324465,4,1010123456024,70,,1,2,6,1,1,,6.625,8,158,0.005504,3,0,6.16667,,0,2,0,0.1,1,0,0,0,31,,12,12,,0,0,0,0
1604113324715,4,1010123456024,70,,1,2,6,1,1,,6.80435,46,0,0.033024,18,0,6,,12.8,5,0,0.1,2,0,0,19.3106,31,,72,72,,0,0,0,1
1604113324965,4,1010123456024,70,,1,2,6,1,1,,10.4,5,0,0.005248,2,0,6.28571,,0,2,0,0.1,1,0,0,0,31,,8,8,,0,0,0,0
1604113325215,4,1010123456024,70,,1,2,6,1,1,,7.09375,32,0,0.021696,12,0,6,,0,0,0,0,0,0,0,0,0,,68,68,,0,0,0,0
1604113325465,4,1010123456024,70,,1,2,6,1,1,,6.625,8,0,0.005504,3,0,6,,0,0,0,0,0,0,0,0,0,,12,12,,0,0,0,0
1604113325715,4,1010123456024,70,,1,2,6,1,1,,6.86842,38,0,0.027648,15,0,6,,13.2,5,0,0.1,2,0,0,17.9018,31,,60,60,,0,0,0,1
1604113325965,4,1010123456024,70,,1,2,6,1,1,,6.82609,23,0,0.016256,9,0,5.85714,,0,0,0,0,0,0,0,0,0,,52,52,,0,0,0,0
1604113326215,4,1010123456024,70,,1,2,6,1,1,,6,35,0,0.02208,14,0,5.8,,0,0,0,0,0,0,0,0,0,,56,56,,0,0,0,0
1604113326465,4,1010123456024,70,,1,2,6,1,1,,6.11364,44,0,0.027552,17,0,5.4,,0,0,0,0,0,0,0,0,0,,76,76,,0,0,0,0
1604113326715,4,1010123456024,70,,1,2,6,1,1,,5.29032,31,0,0.016608,12,0,4,,0,0,0,0,0,0,0,0,0,,80,80,,0,0,0,0
1604113326965,4,1010123456024,70,,1,2,6,1,1,,4.2,35,0,0.01728,15,0,5.42857,,12.8,5,0,0.1,2,0,0,18.727,31,,80,80,,0,0,0,1
1604113327215,4,1010123456024,70,,1,2,6,1,1,,18,3,0,0.005152,1,0,7.4,,0,0,0,0,0,0,0,0,0,,4,4,,0,0,0,0
1604113327465,4,1010123456024,70,,1,2,6,1,1,,5.3,20,0,0.011296,8,0,5.16667,,0,0,0,0,0,0,0,0,0,,32,32,,0,0,0,0
1604113327715,4,1010123456024,70,,1,2,6,1,1,,5.55556,9,0,0.005728,4,0,5.2,,13.2,5,0,0.1,2,0,0,20.4017,31,,20,20,,0,0,0,1
1604113327965,4,1010123456024,70,,1,2,6,1,1,,6.625,16,0,0.011008,6,0,6,,0,0,0,0,0,0,0,0,0,,24,24,,0,0,0,0
1604113328215,4,1010123456024,70,,1,2,6,1,1,,7.22857,35,0,0.027584,15,0,5.83333,,0,0,0,0,0,0,0,0,0,,72,72,,0,0,0,0
1604113328465,4,1010123456024,70,,1,2,6,1,1,,1.32895,76,0,0.013824,27,0,4.33333,,0,0,0,0,0,0,0,0,0,,140,140,,0,0,0,0
1604113328715,4,1010123456024,70,,1,2,6,1,1,,4.77273,22,0,0.016992,13,0,5.33333,,13.2,5,0,0.1,2,0,0,22.3922,31,,44,44,,0,0,0,1
1604113328965,4,1010123456024,70,,1,2,6,1,1,,5.96296,27,0,0.016672,10,0,5.85714,,0,0,0,0,0,0,0,0,0,,56,56,,0,0,0,0
1604113329215,4,1010123456024,70,,1,2,6,1,1,,8.83333,12,0,0,0,0,5.83333,,0,0,0,0,0,0,0,0,0,,20,20,,0,0,0,0
1604113329465,4,1010123456024,70,,1,2,6,1,1,,7.5,8,0,0.016448,8,0,5.83333,,0,0,0,0,0,0,0,0,0,,12,12,,0,0,0,0
1604113329715,4,1010123456024,70,,1,2,6,1,1,,0,0,0,0,0,0,6,,0,0,0,0,0,0,0,0,0,,0,0,,0,0,0,0
1604113329965,4,1010123456024,70,,1,2,6,1,1,,6.86957,23,0,0.016512,9,0,6,,13.8,5,0,0.1,2,0,0,21.7306,31,,36,36,,0,0,0,1
1604113330215,4,1010123456024,70,,1,2,6,1,1,,6.93333,30,0,0.02208,12,0,6,,0,0,0,0,0,0,0,0,0,,48,48,,0,0,0,0
1604113330465,4,1010123456024,70,,1,2,6,1,1,,0,0,0,0,0,0,6,,0,0,0,0,0,0,0,0,0,,0,0,,0,0,0,0
1604113330715,4,1010123456024,70,,1,2,6,1,1,,7.13636,22,0,0.016512,9,0,6,,13.2,5,0,0.1,2,0,0,21.1732,31,,36,36,,0,0,0,1
1604113330965,4,1010123456024,70,,1,2,6,1,1,,6.96774,31,0,0.022304,12,0,5.66667,,0,0,0,0,0,0,0,0,0,,52,52,,0,0,0,0
1604113331215,4,1010123456024,70,,1,2,6,1,1,,7.40385,52,0,0.038176,20,0,5.66667,,0,0,0,0,0,0,0,0,0,,88,88,,0,0,0,0
1604113331465,4,1010123456024,70,,1,2,6,1,1,,7.85294,34,0,0.027296,14,0,5.83333,,0,0,0,0,0,0,0,0,0,,56,56,,0,0,0,0
1604113331715,4,1010123456024,70,,1,2,6,1,1,,5.55556,9,0,0.005728,4,0,5,,14.25,8,0,0.1,3,0,0,19.0222,31,,20,20,,0,0,0,1
1604113331965,4,1010123456024,70,,1,2,6,1,1,,5.1,10,0,0.005536,4,0,5,,0,0,0,0,0,0,0,0,0,,16,16,,0,0,0,0
1604113332215,4,1010123456024,70,,1,2,6,1,1,,5.6,10,0,0.005728,4,0,5,,0,0,0,0,0,0,0,0,0,,16,16,,0,0,0,0
1604113332465,4,1010123456024,70,,1,2,6,1,1,,5.42105,19,0,0.011296,8,0,5,,0,0,0,0,0,0,0,0,0,,44,44,,0,0,0,0
1604113332715,4,1010123456024,70,,1,2,6,1,1,,5.4,10,0,0,0,0,5.16667,,13.8,5,0,0.1,2,0,0,19.812,31,,16,16,,0,0,0,1
1604113332965,4,1010123456024,70,,1,2,6,1,1,,5.28571,21,0,0.016608,12,0,5.16667,,15,3,0,0.1,1,0,0,16.6746,31,,32,32,,0,0,0,3
1604113333215,4,1010123456024,70,,1,2,6,1,1,,5.5,20,0,0.011264,8,0,5,,0,0,0,0,0,0,0,0,0,,32,32,,0,0,0,0
1604113333465,4,1010123456024,70,,1,2,6,1,1,,5.45946,37,0,0.022752,16,0,5,,0,0,0,0,0,0,0,0,0,,92,92,,0,0,0,0
1604113333715,4,1010123456024,70,,1,2,6,1,1,,5.28571,21,0,0.011072,8,0,6.16667,,13.2,5,0,0.1,2,0,0,17.8976,31,,36,36,,0,0,0,1
1604113333965,4,1010123456024,70,,1,2,6,1,1,,5.38095,21,0,0.011232,8,0,5,,0,0,0,0,0,0,0,0,0,,32,32,,0,0,0,0
1604113334215,4,1010123456024,70,,1,2,6,1,1,,5.45,20,0,0.011296,8,0,5,,0,0,0,0,0,0,0,0,0,,32,32,,0,0,0,0
1604113334465,4,1010123456024,70,,1,2,6,1,1,,5.44828,29,0,0.0168,12,0,4.66667,,0,0,0,0,0,0,0,0,0,,56,56,,0,0,0,0
1604113334715,4,1010123456024,70,,1,2,6,1,1,,5.5,20,0,0.011488,8,0,4.8,,13.2,5,0,0.1,2,0,0,16.726,31,,36,36,,0,0,0,1
1604113334965,4,1010123456024,70,,1,2,6,1,1,,3.85965,57,130,0.023232,22,0,4.42857,,0,0,0,0,0,0,0,0,0,,128,128,,0,0,0,0
1604113335215,4,1010123456024,70,,1,2,6,1,1,,4.46479,71,0,0.034304,29,0,5,,0,0,0,0,0,0,0,0,0,,156,156,,0,0,0,0
1604113335465,4,1010123456024,70,,1,2,6,1,1,,5.4359,39,0,0.022496,16,0,6.5,,12,3,0,0.1,1,0,0,20.6411,31,,68,68,,0,0,0,1
1604113335715,4,1010123456024,70,,1,2,6,1,1,,5.45455,11,0,0.005728,4,0,5,,13.2,5,0,0.1,2,0,0,21.1015,31,,24,24,,0,0,0,1
1604113335965,4,1010123456024,70,,1,2,6,1,1,,5.5,10,0,0.00576,4,0,4.33333,,0,0,0,0,0,0,0,0,0,,16,16,,0,0,0,0
1604113336215,4,1010123456024,70,,1,2,6,1,1,,2.94118,68,0,0.022496,25,0,4.16667,,0,0,0,0,0,0,0,0,0,,172,172,,0,0,0,0
1604113336465,4,1010123456024,70,,1,2,6,1,1,,5.35484,31,0,0.018592,13,0,5,,0,0,0,0,0,0,0,0,0,,52,52,,0,0,0,0
1604113336715,4,1010123456024,70,,1,2,6,1,1,,5.35484,31,0,0.017024,12,0,5.33333,,13.7143,7,0,0.1,3,0,0,19.3039,31,,52,52,,0,0,0,1
1604113336965,4,1010123456024,70,,1,2,6,1,1,,0,0,0,0,0,0,5.33333,,0,0,0,0,0,0,0,0,0,,0,0,,0,0,0,0
1604113337215,4,1010123456024,70,,1,2,6,1,1,,4.08824,34,68,0.011776,11,0,4.66667,,0,0,0,0,0,0,0,0,0,,100,100,,0,0,0,0
1604113337465,4,1010123456024,70,,1,2,6,1,1,,5,35,158,0.016544,12,0,5,,0,4,0,0.1,2,0,0,0,31,,68,68,,0,0,0,0
1604113337715,4,1010123456024,70,,1,2,6,1,1,,5.35897,39,0,0.022752,16,0,5,,13.2,5,0,0.1,2,0,0,18.3131,0,,68,68,,0,0,0,1
1604113337965,4,1010123456024,70,,1,2,6,1,1,,5.5,10,0,0.011296,8,0,5,,0,0,0,0,0,0,0,0,0,,16,16,,0,0,0,0
1604113338215,4,1010123456024,70,,1,2,6,1,1,,5.57895,19,0,0.01152,8,0,5,,0,0,0,0,0,0,0,0,0,,36,36,,0,0,0,0
1604113338465,3,1010123456024,70,,1,2,6,1,1,,5.6,10,0,0.005728,4,0,5,,14,3,0,0.1,1,0,0,19.1994,31,,16,16,,0,0,0,1
1604113338715,3,1010123456024,70,,1,2,6,1,1,,0,0,0,0,0,0,5.5,,0,0,0,0,0,0,0,0,0,,0,0,,0,0,0,0
1604113338965,3,1010123456024,70,,1,2,6,1,1,,3.73333,30,0,0.01152,12,0,4.8,,13.6,10,0,0.1,4,0,0,17.4102,31,,48,48,,0,0,0,1
1604113339215,3,1010123456024,70,,1,2,6,1,1,,5,36,80,0.016736,12,0,4.8,,0,0,0,0,0,0,0,0,0,,76,76,,0,0,0,0
1604113339465,3,1010123456024,70,,1,2,6,1,1,,4.4186,43,0,0.02288,20,0,5,,0,0,0,0,0,0,0,0,0,,92,92,,0,0,0,0
1604113339715,3,1010123456024,70,,1,2,6,1,1,,5.30769,39,0,0.022304,16,0,4.83333,,13.2,5,0,0.1,2,0,0,20.4805,31,,108,108,,0,0,0,1
1604113339965,3,1010123456024,70,,1,2,6,1,1,,1.39241,79,0,0.01936,31,0,4.57143,,15,3,0,0.1,1,0,0,21.1957,31,,144,144,,0,0,0,1
1604113340215,3,1010123456024,70,,1,2,6,1,1,,0,2,113,0,0,0,4.83333,,0,0,0,0,0,0,0,0,0,,4,4,,0,0,0,0
1604113340465,3,1010123456024,70,,1,2,6,1,1,,3.92308,52,0,0.023552,22,0,4.33333,,0,0,0,0,0,0,0,0,0,,84,84,,0,0,0,0
1604113340715,3,1010123456024,70,,1,2,6,1,1,,5.45455,11,0,0.00576,4,0,4,,13.8,5,0,0.1,2,0,0,17.0255,31,,28,28,,0,0,0,1
1604113340965,3,1010123456024,70,,1,2,6,1,1,,3.3125,48,158,0.017856,20,0,4.28571,,14,3,0,0.1,1,0,0,20.8326,31,,80,80,,0,0,0,1
1604113341215,3,1010123456024,70,,1,2,6,1,1,,4.24324,37,0,0.017216,15,0,4.83333,,0,0,0,0,0,0,0,0,0,,60,60,,0,0,0,0
1604113341465,3,1010123456024,70,,1,2,6,1,1,,5.6,20,0,0.011456,8,0,4.5,,0,0,0,0,0,0,0,0,0,,32,32,,0,0,0,0
1604113341715,3,1010123456024,70,,1,2,6,1,1,,4.37097,62,0,0.028832,25,0,4.16667,,13.8,5,0,0.1,2,0,0,21.7883,31,,100,100,,0,0,0,1
1604113341965,3,1010123456024,70,,1,2,6,1,1,,0,0,0,0,0,0,5.14286,,15,3,0,0.1,1,0,0,23.6094,31,,0,0,,0,0,0,1
1604113342215,3,1010123456024,70,,1,2,6,1,1,,6.44444,18,0,0.011424,7,0,5,,15,3,0,0.1,1,0,0,16.9736,31,,28,28,,0,0,0,2
1604113342465,3,1010123456024,70,,1,2,6,1,1,,4.96774,31,0,0.016736,13,0,4.83333,,0,0,0,0,0,0,0,0,0,,60,60,,0,0,0,0
1604113342715,3,1010123456024,70,,1,2,6,1,1,,5.46667,30,0,0.017056,12,0,4,,13.2,5,0,0.1,2,0,0,19.5074,31,,48,48,,0,0,0,1
1604113342965,3,1010123456024,70,,1,2,6,1,1,,5.58621,29,0,0.017184,12,0,4.71429,,0,0,0,0,0,0,0,0,0,,56,56,,0,0,0,0
1604113343215,3,1010123456024,70,,1,2,6,1,1,,5.4,10,0,0.005536,4,0,5,,0,0,0,0,0,0,0,0,0,,16,16,,0,0,0,0
1604113343465,3,1010123456024,70,,1,2,6,1,1,,5.3,30,0,0.0168,12,0,5.33333,,0,0,0,0,0,0,0,0,0,,48,48,,0,0,0,0
1604113343715,3,1010123456024,70,,1,2,6,1,1,,4.45714,35,0,0.017056,14,0,4.83333,,13.2,5,0,0.1,2,0,0,20.8098,31,,56,56,,0,0,0,1
1604113343965,3,1010123456024,70,,1,2,6,1,1,,5.22,50,0,0.02336,17,0,4.85714,,0,2,0,0.1,1,0,0,0,31,,80,80,,0,0,0,0
1604113344215,3,1010123456024,70,,1,2,6,1,1,,5.4,20,0,0.015776,11,0,5,,0,0,0,0,0,0,0,0,0,,36,36,,0,0,0,0
1604113344465,3,1010123456024,70,,1,2,6,1,1,,7.13333,15,0,0.010976,6,0,5.83333,,0,0,0,0,0,0,0,0,0,,24,24,,0,0,0,0
1604113344715,3,1010123456024,70,,1,2,6,1,1,,0,0,0,0,0,0,5.16667,,0,2,0,0.1,1,0,0,0,31,,0,0,,0,0,0,0
1604113344965,3,1010123456024,70,,1,2,6,1,1,,4.47917,48,0,0.017536,15,0,5.28571,,13.2,5,0,0.1,2,0,0,22.4977,31,,76,76,,0,0,0,1
1604113345215,3,1010123456024,70,,1,2,6,1,1,,5.4,10,0,0.011072,8,0,5.83333,,0,0,0,0,0,0,0,0,0,,16,16,,0,0,0,0
1604113345465,3,1010123456024,70,,1,2,6,1,1,,5.3,30,0,0.0168,12,0,5,,0,0,0,0,0,0,0,0,0,,48,48,,0,0,0,0
1604113345715,3,1010123456024,70,,1,2,6,1,1,,5.4,10,0,0.005728,4,0,5,,13.2,5,0,0.1,2,0,0,19.4284,31,,16,16,,0,0,0,1
1604113345965,3,1010123456024,70,,1,2,6,1,1,,5.47368,38,31,0.014048,10,0,5,,0,0,0,0,0,0,0,0,0,,60,60,,0,0,0,0
1604113346215,3,1010123456024,70,,1,2,6,1,1,,0,2,0,0.008896,6,0,6.66667,,0,0,0,0,0,0,0,0,0,,4,4,,0,0,0,0
1604113346465,3,1010123456024,70,,1,2,6,1,1,,3.88889,27,0,0.011808,11,0,4.8,,0,0,0,0,0,0,0,0,0,,52,52,,0,0,0,0
1604113346715,3,1010123456024,70,,1,2,6,1,1,,5.25,20,0,0.011072,8,0,5,,13.8,5,0,0.1,2,0,0,23.3415,31,,32,32,,0,0,0,1
1604113346965,3,1010123456024,70,,1,2,6,1,1,,5.6,10,0,0.005728,4,0,5,,0,0,0,0,0,0,0,0,0,,16,16,,0,0,0,0
1604113347215,3,1010123456024,70,,1,2,6,1,1,,7.85714,21,0,0.01632,8,0,7,,15,3,0,0.1,1,0,0,15.7501,31,,32,32,,0,0,0,3
1604113347465,3,1010123456024,70,,1,2,8,1,1,,6.05556,18,0,0.01136,7,0,5.6,,0,0,0,0,0,0,0,0,0,,36,36,,0,0,0,0
1604113347715,3,1010123456024,70,,1,2,8,1,1,,6.05556,18,0,0.0112,7,0,5.66667,,12,5,0,0.1,2,0,0,18.7953,31,,28,28,,0,0,0,1
1604113347965,3,1010123456024,70,,1,2,8,1,1,,5.8,15,53,0,0,0,5.42857,,0,0,0,0,0,0,0,0,0,,24,24,,0,0,0,0
1604113348215,3,1010123456024,70,,1,2,8,1,1,,3.6,20,0,0.016832,14,0,5.33333,,0,0,0,0,0,0,0,0,0,,32,32,,0,0,0,0
1604113348465,3,1010123456024,70,,1,2,8,1,1,,6,17,0,0.010976,7,0,5.83333,,0,0,0,0,0,0,0,0,0,,28,28,,0,0,0,0
1604113348715,3,1010123456024,70,,1,2,8,1,1,,6.36,25,0,0.01664,10,0,5.66667,,13.2,5,0,0.1,2,0,0,18.9344,31,,40,40,,0,0,0,1.4
1604113348965,3,1010123456024,70,,1,2,8,1,1,,6.625,16,0,0.01088,6,0,5.85714,,0,0,0,0,0,0,0,0,0,,24,24,,0,0,0,0
1604113349215,3,1010123456024,70,,1,2,8,1,1,,7,15,0,0.01088,6,0,6,,14,3,0,0.1,1,0,0,17.8193,31,,24,24,,0,0,0,1
1604113349465,3,1010123456024,70,,1,2,8,1,1,,6,7,23,0,0,0,5.83333,,0,0,0,0,0,0,0,0,0,,12,12,,0,0,0,0
1604113349715,3,1010123456024,70,,1,2,8,1,1,,4.55556,36,0,0.02224,17,0,5.16667,,13.2,5,0,0.1,2,0,0,22.8122,31,,64,64,,0,0,0,1
1604113349965,3,1010123456024,70,,1,2,8,1,1,,5.92593,27,0,0.01104,7,0,5.57143,,0,0,0,0,0,0,0,0,0,,52,52,,0,0,0,0
1604113350215,3,1010123456024,70,,1,2,8,1,1,,5.15789,19,0,0.016672,12,0,5.16667,,0,0,0,0,0,0,0,0,0,,64,64,,0,0,0,0
1604113350465,3,1010123456024,70,,1,2,8,1,1,,4.17021,47,0,0.01712,15,0,4.83333,,0,0,0,0,0,0,0,0,0,,132,132,,0,0,0,0
1604113350715,3,1010123456024,70,,1,2,8,1,1,,5.84146,82,0,0.055936,37,0,5.2,,14.25,8,0,0.1,3,0,0,21.5586,31,,132,132,,0,0,0,1
1604113350965,3,1010123456024,70,,1,2,8,1,1,,5.5,10,0,0.00576,4,0,5.71429,,0,0,0,0,0,0,0,0,0,,16,16,,0,0,0,0
1604113351215,3,1010123456024,70,,1,2,8,1,1,,4.72727,22,0,0.009248,7,0,5,,0,0,0,0,0,0,0,0,0,,44,44,,0,0,0,0
1604113351465,3,1010123456024,70,,1,2,8,1,1,,5.35,40,0,0.024512,18,0,4.16667,,0,0,0,0,0,0,0,0,0,,72,72,,0,0,0,0
1604113351715,3,1010123456024,70,,1,2,8,1,1,,5.4,10,0,0.005536,4,0,5,,13.2,5,0,0.1,2,0,0,21.9333,31,,16,16,,0,0,0,1
1604113351965,3,1010123456024,70,,1,2,8,1,1,,5.45,20,0,0.011296,8,0,5,,0,0,0,0,0,0,0,0,0,,32,32,,0,0,0,0
1604113352215,3,1010123456024,70,,1,2,8,1,1,,5.14815,81,0,0.04448,32,0,5,,0,0,0,0,0,0,0,0,0,,160,160,,0,0,0,0
1604113352465,3,1010123456024,70,,1,2,8,1,1,,5.4,10,0,0.005536,4,0,5,,0,0,0,0,0,0,0,0,0,,16,16,,0,0,0,0
1604113352715,3,1010123456024,70,,1,2,8,1,1,,4.95238,42,0,0.016704,13,0,5,,13.2,5,0,0.1,2,0,0,17.2261,31,,72,72,,0,0,0,1
1604113352965,3,1010123456024,70,,1,2,8,1,1,,5.35714,28,23,0.016832,12,0,5,,0,0,0,0,0,0,0,0,0,,44,44,,0,0,0,0
1604113353215,3,1010123456024,70,,1,2,8,1,1,,5.04545,22,0,0.011904,9,0,4.66667,,0,0,0,0,0,0,0,0,0,,36,36,,0,0,0,0
1604113353465,3,1010123456024,70,,1,2,8,1,1,,5.5,10,0,0.010464,7,0,5,,0,0,0,0,0,0,0,0,0,,16,16,,0,0,0,0
1604113353715,3,1010123456024,70,,1,2,8,1,1,,5.1,10,0,0.005536,4,0,4.16667,,13.125,8,0,0.1,3,0,0,16.7891,31,,16,16,,0,0,0,1.375
1604113353965,3,1010123456024,70,,1,2,8,1,1,,5.45,20,0,0.011296,8,0,5,,9,3,0,0.1,1,0,0,21.5826,31,,32,32,,0,0,0,1
1604113354215,3,1010123456024,70,,1,2,8,1,1,,4.9,30,0,0.016704,13,0,6.33333,,0,0,0,0,0,0,0,0,0,,84,84,,0,0,0,0
1604113354465,3,1010123456024,70,,1,2,8,1,1,,5.25,20,0,0.011296,8,0,5.16667,,0,0,0,0,0,0,0,0,0,,32,32,,0,0,0,0
1604113354715,3,1010123456024,70,,1,2,8,1,1,,6.48,25,0,0.016704,10,0,5.5,,13.8,5,0,0.1,2,0,0,17.8822,31,,40,40,,0,0,0,1
1604113354965,3,1010123456024,70,,1,2,8,1,1,,0,0,0,0,0,0,5.28571,,0,0,0,0,0,0,0,0,0,,0,0,,0,0,0,0
1604113355215,3,1010123456024,70,,1,2,8,1,1,,7,15,0,0.010944,6,0,5.8,,15,3,0,0.1,1,0,0,18.0582,31,,24,24,,0,0,0,1
1604113355465,3,1010123456024,70,,1,2,8,1,1,,7.15,60,0,0.043744,24,0,6,,15,3,0,0.1,1,0,0,16.5051,31,,96,96,,0,0,0,1
1604113355715,3,1010123456024,70,,1,2,8,1,1,,7.13043,23,0,0.01664,9,0,6,,13.3636,11,0,0.1,4,0,0,17.719,31,,36,36,,0,0,0,1.18182
1604113355965,4,1010123456024,70,,1,2,8,1,1,,5.03226,31,0,0.011552,10,0,5.5,,0,0,0,0,0,0,0,0,0,,52,52,,0,0,0,0
1604113356215,6,1010123456024,70,,1,2,8,1,1,,6.45455,33,0,0.027776,16,0,6,,0,0,0,0,0,0,0,0,0,,140,140,,0,0,0,0
1604113356465,6,1010123456024,70,,1,2,8,1,1,,5.82353,17,0,0.011296,7,0,6,,0,0,0,0,0,0,0,0,0,,44,44,,0,0,0,0
1604113356715,6,1010123456024,70,,1,2,8,1,1,,5.4,20,0,0.011072,8,0,5,,13.5,6,0,0.1,2,0,0,18.9389,31,,72,72,,0,0,0,1
1604113356965,5,1010123456024,70,,1,2,8,1,1,,4.87805,41,0,0.022336,17,0,5,,0,0,0,0,0,0,0,0,0,,156,156,,0,0,0,0
1604113357215,4,1010123456024,70,,1,2,8,1,1,,5.1,10,0,0.005536,4,0,5,,0,0,0,0,0,0,0,0,0,,16,16,,0,0,0,0
1604113357465,4,1010123456024,70,,1,2,8,1,1,,5.3,20,0,0.011296,8,0,5,,0,0,0,0,0,0,0,0,0,,32,32,,0,0,0,0
1604113357715,4,1010123456024,70,,1,2,8,1,1,,5.2,30,0,0.016608,12,0,5,,11.8,5,0,0.1,2,0,0,13.4322,31,,48,48,,0,0,0,2.2
1604113357965,4,1010123456024,70,,1,2,8,1,1,,0,0,0,0,0,0,5.8,,0,2,0,0.1,1,0,0,0,31,,0,0,,0,0,0,0
1604113358215,4,1010123456024,70,,1,2,8,1,1,,5.45,20,0,0.011296,8,0,5,,0,0,0,0,0,0,0,0,0,,32,32,,0,0,0,0
1604113358465,4,1010123456024,70,,1,2,8,1,1,,4.24561,57,68,0.02304,21,0,4.8,,0,0,0,0,0,0,0,0,0,,92,92,,0,0,0,0
1604113358715,4,1010123456024,70,,1,2,8,1,1,,4.2,5,0,0.005536,4,0,5.75,,12,5,0,0.1,2,0,0,16.1171,31,,8,8,,0,0,0,1
1604113358965,4,1010123456024,70,,1,2,8,1,1,,0,0,0,0,0,0,5,,0,0,0,0,0,0,0,0,0,,0,0,,0,0,0,0
1604113359215,4,1010123456024,70,,1,2,8,1,1,,5.1,10,0,0.005536,4,0,4,,0,0,0,0,0,0,0,0,0,,16,16,,0,0,0,0
1604113359465,4,1010123456024,70,,1,2,8,1,1,,5.91429,35,0,0.02208,14,0,4.2,,0,0,0,0,0,0,0,0,0,,56,56,,0,0,0,0
1604113359715,4,1010123456024,70,,1,2,8,1,1,,5.45,20,0,0.011296,8,0,5.16667,,11.2,5,0,0.1,2,0,0,16.4523,31,,32,32,,0,0,0,1
1604113359965,4,1010123456024,70,,1,2,8,1,1,,5.4,10,0,0.00576,4,0,5.28571,,0,0,0,0,0,0,0,0,0,,16,16,,0,0,0,0
1604113360215,4,1010123456024,70,,1,2,8,1,1,,5.4,10,0,0.005536,4,0,4.83333,,0,0,0,0,0,0,0,0,0,,16,16,,0,0,0,0
1604113360465,4,1010123456024,70,,1,2,8,1,1,,6.77273,22,0,0.016416,9,0,6,,0,0,0,0,0,0,0,0,0,,36,36,,0,0,0,0
1604113360715,4,1010123456024,70,,1,2,8,1,1,,6.625,8,0,0.005376,3,0,6,,13.2,5,0,0.1,2,0,0,21.9202,31,,12,12,,0,0,0,1
1604113360965,4,1010123456024,70,,1,2,8,1,1,,7.08108,37,0,0.027424,15,0,6,,0,0,0,0,0,0,0,0,0,,68,68,,0,0,0,0
1604113361215,4,1010123456024,70,,1,2,8,1,1,,7.14286,7,0,0.0056,3,0,7.2,,0,2,0,0.1,1,0,0,0,31,,12,12,,0,0,0,0
1604113361465,4,1010123456024,70,,1,2,8,1,1,,7.68421,19,0,0.016256,8,0,6,,0,0,0,0,0,0,0,0,0,,32,32,,0,0,0,0
1604113361715,4,1010123456024,70,,1,2,8,1,1,,6.86667,15,0,0.0056,3,0,6,,12.8,5,0,0.1,2,0,0,18.078,31,,24,24,,0,0,0,1
1604113361965,4,1010123456024,70,,1,2,8,1,1,,7.85,20,0,0.02176,11,0,6.5,,0,0,0,0,0,0,0,0,0,,32,32,,0,0,0,0
1604113362215,4,1010123456024,70,,1,2,8,1,1,,6.625,8,0,0.005504,3,0,6,,0,0,0,0,0,0,0,0,0,,12,12,,0,0,0,0
1604113362465,4,1010123456024,70,,1,2,8,1,1,,7.27273,22,0,0.01632,9,0,6,,0,0,0,0,0,0,0,0,0,,36,36,,0,0,0,0
1604113362715,4,1010123456024,70,,1,2,8,1,1,,7,15,0,0.011008,6,0,5.83333,,12.8,5,0,0.1,2,0,0,18.7261,31,,24,24,,0,0,0,1
1604113362965,4,1010123456024,70,,1,2,8,1,1,,7.5,28,0,0.021664,11,0,6.14286,,0,0,0,0,0,0,0,0,0,,56,56,,0,0,0,0
1604113363215,4,1010123456024,70,,1,2,8,1,1,,1.95062,81,0,0.024352,32,0,5.5,,0,0,0,0,0,0,0,0,0,,136,136,,0,0,0,0
1604113363465,4,1010123456024,70,,1,2,8,1,1,,8.32,25,0,0.021728,10,0,6.5,,0,0,0,0,0,0,0,0,0,,44,44,,0,0,0,0
1604113363715,4,1010123456024,70,,1,2,8,1,1,,8.23529,17,0,0.015936,7,0,6.33333,,10.8,5,0,0.1,2,0,0,17.4372,31,,36,36,,0,0,0,1.4
1604113363965,4,1010123456024,70,,1,2,8,1,1,,7.52381,21,0,0.016128,8,0,6.28571,,0,0,0,0,0,0,0,0,0,,32,32,,0,0,0,0
1604113364215,4,1010123456024,70,,1,2,8,1,1,,6.875,8,0,0.00544,3,0,6.5,,0,0,0,0,0,0,0,0,0,,12,12,,0,0,0,0
1604113364465,4,1010123456024,70,,1,2,8,1,1,,5.51852,27,0,0.016832,11,0,5.66667,,0,0,0,0,0,0,0,0,0,,48,48,,0,0,0,0
1604113364715,4,1010123456024,70,,1,2,8,1,1,,8.38889,18,0,0.010688,5,0,7,,13.2,5,0,0.1,2,0,0,21.0311,31,,28,28,,0,0,0,1
1604113364965,4,1010123456024,70,,1,2,8,1,1,,9.8,20,0,0.026304,10,0,7.28571,,0,0,0,0,0,0,0,0,0,,32,32,,0,0,0,0
1604113365215,4,1010123456024,70,,1,2,8,1,1,,8.65217,23,0,0.021184,9,0,7,,0,2,0,0.1,1,0,0,0,31,,36,36,,0,0,0,0
1604113365465,4,1010123456024,70,,1,2,8,1,1,,9.6,10,0,0.010496,4,0,7,,0,0,0,0,0,0,0,0,0,,16,16,,0,0,0,0
1604113365715,4,1010123456024,70,,1,2,8,1,1,,0,0,0,0,0,0,6.33333,,13.7143,7,0,0.1,3,0,0,19.7583,31,,0,0,,0,0,0,1
1604113365965,4,1010123456024,70,,1,2,8,1,1,,10,20,0,0.020992,8,0,6.71429,,0,0,0,0,0,0,0,0,0,,32,32,,0,0,0,0
1604113366215,4,1010123456024,70,,1,2,8,1,1,,8.28,25,0,0.02144,10,0,6.5,,0,0,0,0,0,0,0,0,0,,40,40,,0,0,0,0
1604113366465,4,1010123456024,70,,1,2,8,1,1,,7.76923,26,0,0.021632,11,0,6.5,,0,0,0,0,0,0,0,0,0,,52,52,,0,0,0,0
1604113366715,4,1010123456024,70,,1,2,8,1,1,,9.36364,22,0,0.021376,9,0,7.16667,,12.8,5,0,0.1,2,0,0,19.7921,31,,36,36,,0,0,0,1
1604113366965,4,1010123456024,70,,1,2,8,1,1,,9.13043,23,0,0.021536,9,0,7,,0,0,0,0,0,0,0,0,0,,36,36,,0,0,0,0
1604113367215,4,1010123456024,70,,1,2,8,1,1,,8.91667,12,0,0.01088,5,0,7,,0,0,0,0,0,0,0,0,0,,20,20,,0,0,0,0
1604113367465,4,1010123456024,70,,1,2,8,1,1,,8.66667,12,0,0.010752,5,0,6.66667,,0,0,0,0,0,0,0,0,0,,20,20,,0,0,0,0
1604113367715,4,1010123456024,70,,1,2,8,1,1,,10.4,10,0,0.010496,4,0,6.5,,13.2,5,0,0.1,2,0,0,16.8538,31,,16,16,,0,0,0,1
1604113367965,4,1010123456024,70,,1,2,8,1,1,,7.42857,7,0,0.005504,3,0,6.14286,,0,0,0,0,0,0,0,0,0,,12,12,,0,0,0,0
1604113368215,4,1010123456024,70,,1,2,8,1,1,,6.375,8,0,0.00544,3,0,6.5,,0,0,0,0,0,0,0,0,0,,12,12,,0,0,0,0
1604113368465,4,1010123456024,70,,1,2,8,1,1,,8.83333,12,0,0.011072,5,0,6.16667,,0,0,0,0,0,0,0,0,0,,20,20,,0,0,0,0
1604113368715,4,1010123456024,70,,1,2,8,1,1,,7,14,0,0.010752,6,0,6.16667,,11.6,5,0,0.1,2,0,0,16.9811,31,,24,24,,0,0,0,1
1604113368965,4,1010123456024,70,,1,2,8,1,1,,7,15,0,0.011008,6,0,6.16667,,0,0,0,0,0,0,0,0,0,,24,24,,0,0,0,0
1604113369215,4,1010123456024,70,,1,2,8,1,1,,7.375,8,0,0.005376,3,0,6.33333,,0,0,0,0,0,0,0,0,0,,12,12,,0,0,0,0
1604113369465,4,1010123456024,70,,1,2,8,1,1,,7.33333,21,0,0.016256,8,0,6.16667,,0,0,0,0,0,0,0,0,0,,32,32,,0,0,0,0
1604113369715,4,1010123456024,70,,1,2,8,1,1,,8.75,12,0,0.01104,5,0,6.16667,,13.8,5,0,0.1,2,0,0,20.6525,31,,20,20,,0,0,0,1
1604113369965,4,1010123456024,70,,1,2,8,1,1,,0,0,0,0,0,0,6,,0,0,0,0,0,0,0,0,0,,0,0,,0,0,0,0
1604113370215,4,1010123456024,70,,1,2,8,1,1,,8.66667,12,0,0.010752,5,0,6.5,,0,0,0,0,0,0,0,0,0,,20,20,,0,0,0,0
1604113370465,4,1010123456024,70,,1,2,8,1,1,,6.38889,18,0,0.011072,7,0,6.16667,,0,0,0,0,0,0,0,0,0,,28,28,,0,0,0,0
1604113370715,4,1010123456024,70,,1,2,8,1,1,,7.85,20,0,0.016128,8,0,6.16667,,13.8,5,0,0.1,2,0,0,19.9205,31,,32,32,,0,0,0,1
1604113370965,4,1010123456024,70,,1,2,8,1,1,,6.23529,17,0,0.011104,7,0,6.42857,,0,0,0,0,0,0,0,0,0,,28,28,,0,0,0,0
1604113371215,4,1010123456024,70,,1,2,8,1,1,,8.5,12,0,0.010848,5,0,6.16667,,0,0,0,0,0,0,0,0,0,,20,20,,0,0,0,0
1604113371465,4,1010123456024,70,,1,2,8,1,1,,9.61539,26,0,0.02688,11,0,6.83333,,0,0,0,0,0,0,0,0,0,,44,44,,0,0,0,0
1604113371715,4,1010123456024,70,,1,2,8,1,1,,10.4,20,0,0.020992,8,0,7,,13.2,5,0,0.1,2,0,0,19.2489,31,,32,32,,0,0,0,1
1604113371965,4,1010123456024,70,,1,2,8,1,1,,0,0,0,0,0,0,7,,0,0,0,0,0,0,0,0,0,,0,0,,0,0,0,0
1604113372215,4,1010123456024,70,,1,2,8,1,1,,7.68421,19,0,0.016128,8,0,7,,0,0,0,0,0,0,0,0,0,,36,36,,0,0,0,0
1604113372465,4,1010123456024,70,,1,2,8,1,1,,6.71429,7,0,0.00544,3,0,7,,0,0,0,0,0,0,0,0,0,,12,12,,0,0,0,0
1604113372715,4,1010123456024,70,,1,2,8,1,1,,0,0,0,0,0,0,7,,0,0,0,0,0,0,0,0,0,,0,0,,0,0,0,0
1604113372965,4,1010123456024,70,,1,2,8,1,1,,8.96429,28,0,0.021184,9,0,7,,13.2,5,0,0.1,2,0,0,19.264,31,,44,44,,0,0,0,1
1604113373215,4,1010123456024,70,,1,2,8,1,1,,9.6,5,0,0.010496,4,0,7,,0,2,0,0.1,1,0,0,0,31,,8,8,,0,0,0,0
1604113373465,4,1010123456024,70,,1,2,8,1,1,,10.4,10,0,0.010496,4,0,7,,0,0,0,0,0,0,0,0,0,,16,16,,0,0,0,0
1604113373715,4,1010123456024,70,,1,2,8,1,1,,7.76923,13,0,0.005504,3,0,6.83333,,13.2,5,0,0.1,2,0,0,18.6909,31,,20,20,,0,0,0,1
1604113373965,4,1010123456024,70,,1,2,8,1,1,,8.08333,12,0,0.016096,7,0,7,,0,0,0,0,0,0,0,0,0,,20,20,,0,0,0,0
1604113374215,4,1010123456024,70,,1,2,8,1,1,,10.6,15,0,0.015936,6,0,7,,0,0,0,0,0,0,0,0,0,,24,24,,0,0,0,0
1604113374465,4,1010123456024,70,,1,2,8,1,1,,10,10,0,0.010496,4,0,7,,0,0,0,0,0,0,0,0,0,,16,16,,0,0,0,0
1604113374715,4,1010123456024,70,,1,2,8,1,1,,6.375,8,0,0.00544,3,0,7,,13.2,5,0,0.1,2,0,0,19.1562,31,,12,12,,0,0,0,1
1604113374965,4,1010123456024,70,,1,2,8,1,1,,7.61538,13,0,0.010688,5,0,7,,0,0,0,0,0,0,0,0,0,,20,20,,0,0,0,0
1604113375215,4,1010123456024,70,,1,2,8,1,1,,10.4,5,0,0.005248,2,0,7,,0,0,0,0,0,0,0,0,0,,8,8,,0,0,0,0
1604113375465,4,1010123456024,70,,1,2,8,1,1,,8.41667,12,0,0.010848,5,0,7,,0,0,0,0,0,0,0,0,0,,20,20,,0,0,0,0
1604113375715,4,1010123456024,70,,1,2,8,1,1,,9.48485,33,0,0.032064,13,0,7,,13.2,5,0,0.1,2,0,0,19.1374,31,,52,52,,0,0,0,1.4
1604113375965,4,1010123456024,70,,1,2,8,1,1,,10.4,5,0,0.005248,2,0,7,,0,0,0,0,0,0,0,0,0,,8,8,,0,0,0,0
1604113376215,4,1010123456024,70,,1,2,8,1,1,,0,0,0,0,0,0,7,,0,0,0,0,0,0,0,0,0,,0,0,,0,0,0,0
1604113376465,4,1010123456024,70,,1,2,8,1,1,,9.41177,17,0,0.016608,7,0,7,,0,0,0,0,0,0,0,0,0,,28,28,,0,0,0,0
1604113376715,4,1010123456024,70,,1,2,8,1,1,,8.78947,19,0,0.015936,7,0,7,,13.2,5,0,0.1,2,0,0,20.6387,31,,36,36,,0,0,0,1
1604113376965,4,1010123456024,70,,1,2,8,1,1,,7.91667,12,0,0.010688,5,0,7.14286,,0,0,0,0,0,0,0,0,0,,24,24,,0,0,0,0
1604113377215,4,1010123456024,70,,1,2,8,1,1,,10.4,5,0,0.005248,2,0,7,,0,0,0,0,0,0,0,0,0,,8,8,,0,0,0,0
1604113377465,4,1010123456024,70,,1,2,4,1,1,,10.15,20,0,0.021184,8,0,7,,0,0,0,0,0,0,0,0,0,,32,32,,0,0,0,0
1604113377715,4,1010123456024,70,,1,2,4,1,1,,11.375,24,78,0.011136,8,0,7,,13.8,5,0,0.1,2,0,0,18.0489,31,,24,24,,0,0,0,1.6
1604113377965,4,1010123456024,70,,1,2,4,1,1,,10.5833,48,0,0.022176,17,0,7,,0,0,0,0,0,0,0,0,0,,38,38,,0,0,0,0
1604113378215,4,1010123456024,70,,1,2,4,1,1,,11.2,40,0,0.027776,20,0,7,,0,0,0,0,0,0,0,0,0,,32,32,,0,0,0,0
1604113378465,4,1010123456024,70,,1,2,4,1,1,,0,0,0,0,0,0,7.5,,15,6,0,0.1,2,0,0,15.3988,31,,0,0,,0,0,0,1.5
1604113378715,4,1010123456024,70,,1,2,4,1,1,,10.3864,44,0,0.022464,18,0,7,,12,11,0,0.1,4,0,0,18.6789,31,,36,36,,0,0,0,1.18182
1604113378965,4,1010123456024,70,,1,2,4,1,1,,11.3929,56,0,0.033216,23,0,7.14286,,14,3,0,0.1,1,0,0,18.6846,31,,46,46,,0,0,0,1
1604113379215,4,1010123456024,70,,1,2,4,1,1,,9.15385,13,0,0.005632,5,0,6.8,,0,0,0,0,0,0,0,0,0,,10,10,,0,0,0,0
1604113379465,4,1010123456024,70,,1,2,4,1,1,,8.75,24,0,0.011296,10,0,6.83333,,0,0,0,0,0,0,0,0,0,,20,20,,0,0,0,0
1604113379715,4,1010123456024,70,,1,2,4,1,1,,10.0222,45,0,0.022528,18,0,6.66667,,13.8,5,0,0.1,2,0,0,18.215,31,,36,36,,0,0,0,1
1604113379965,4,1010123456024,70,,1,2,4,1,1,,8.65385,26,0,0.011616,11,0,6.14286,,0,0,0,0,0,0,0,0,0,,22,22,,0,0,0,0
1604113380215,4,1010123456024,70,,1,2,4,1,1,,7.72,75,0,0.029152,30,0,6,,0,0,0,0,0,0,0,0,0,,60,60,,0,0,0,0
1604113380465,4,1010123456024,70,,1,2,4,1,1,,8.38776,98,0,0.0344,34,0,6.16667,,0,0,0,0,0,0,0,0,0,,78,78,,0,0,0,0
1604113380715,4,1010123456024,70,,1,2,4,1,1,,10.1364,22,0,0.016896,14,0,6.5,,13.2,5,0,0.1,2,0,0,18.123,31,,18,18,,0,0,0,1
1604113380965,4,1010123456024,70,,1,2,4,1,1,,9.07895,38,0,0.016992,15,0,6.28571,,0,0,0,0,0,0,0,0,0,,30,30,,0,0,0,0
1604113381215,4,1010123456024,70,,1,2,4,1,1,,0,0,0,0,0,0,6.16667,,0,0,0,0,0,0,0,0,0,,0,0,,0,0,0,0
1604113381465,4,1010123456024,70,,1,2,4,1,1,,8.15517,58,0,0.02336,23,0,6.16667,,0,0,0,0,0,0,0,0,0,,46,46,,0,0,0,0
1604113381715,4,1010123456024,70,,1,2,4,1,1,,8.25714,70,0,0.026624,26,0,6.2,,12.8,5,0,0.1,2,0,0,21.0467,31,,56,56,,0,0,0,1
1604113381965,4,1010123456024,70,,1,2,4,1,1,,8.18605,43,0,0.01952,19,0,6,,0,0,0,0,0,0,0,0,0,,34,34,,0,0,0,0
1604113382215,4,1010123456024,70,,1,2,4,1,1,,9.33333,12,0,0.00576,5,0,6,,0,0,0,0,0,0,0,0,0,,10,10,,0,0,0,0
1604113382465,4,1010123456024,70,,1,2,4,1,1,,8.51852,27,0,0.01152,11,0,6.33333,,0,0,0,0,0,0,0,0,0,,22,22,,0,0,0,0
1604113382715,4,1010123456024,70,,1,2,4,1,1,,9.23077,26,0,0.01136,10,0,6.16667,,0,0,0,0,0,0,0,0,0,,20,20,,0,0,0,0
1604113382965,4,1010123456024,70,,1,2,4,1,1,,9.66667,36,0,0.016864,14,0,6.14286,,13.8,5,0,0.1,2,0,0,18.4681,31,,28,28,,0,0,0,1
1604113383215,4,1010123456024,70,,1,2,4,1,1,,9.65306,49,0,0.022528,19,0,6.16667,,0,0,0,0,0,0,0,0,0,,38,38,,0,0,0,0
1604113383465,4,1010123456024,70,,1,2,4,1,1,,11.05,20,0,0.011008,8,0,6.33333,,0,0,0,0,0,0,0,0,0,,16,16,,0,0,0,0
1604113383715,4,1010123456024,70,,1,2,4,1,1,,8.84615,52,0,0.022976,21,0,6.16667,,13.2,5,0,0.1,2,0,0,17.942,31,,42,42,,0,0,0,1
1604113383965,4,1010123456024,70,,1,2,4,1,1,,9.18421,38,0,0.016896,15,0,6.28571,,0,0,0,0,0,0,0,0,0,,30,30,,0,0,0,0
1604113384215,4,1010123456024,70,,1,2,4,1,1,,8.84906,53,0,0.023008,21,0,6,,0,0,0,0,0,0,0,0,0,,42,42,,0,0,0,0
1604113384465,4,1010123456024,70,,1,2,4,1,1,,7.73333,45,0,0.017376,18,0,6,,0,0,0,0,0,0,0,0,0,,36,36,,0,0,0,0
1604113384715,4,1010123456024,70,,1,2,4,1,1,,9.30769,26,0,0.01152,10,0,6,,13.8,5,0,0.1,2,0,0,17.205,31,,20,20,,0,0,0,1
1604113384965,4,1010123456024,70,,1,2,4,1,1,,9,12,0,0.0056,5,0,6,,0,0,0,0,0,0,0,0,0,,10,10,,0,0,0,0
1604113385215,4,1010123456024,70,,1,2,4,1,1,,9.19231,26,0,0.006624,6,0,6,,0,2,0,0.1,1,0,0,0,31,,20,20,,0,0,0,0
1604113385465,4,1010123456024,70,,1,2,4,1,1,,9.23077,13,0,0.010336,9,0,6,,0,0,0,0,0,0,0,0,0,,10,10,,0,0,0,0
1604113385715,4,1010123456024,70,,1,2,4,1,1,,9.33333,12,0,0.00576,5,0,6,,13.2,5,0,0.1,2,0,0,18.3617,31,,12,12,,0,0,0,1
1604113385965,4,1010123456024,70,,1,2,4,1,1,,8.13953,43,0,0.017248,17,0,6,,0,2,0,0.1,1,0,0,0,31,,44,44,,0,0,0,0
1604113386215,4,1010123456024,70,,1,2,4,1,1,,9.33333,12,0,0.00576,5,0,6,,0,0,0,0,0,0,0,0,0,,10,10,,0,0,0,0
1604113386465,4,1010123456024,70,,1,2,4,1,1,,8.71429,28,0,0.011488,11,0,6,,15,3,0,0.1,1,0,0,20.4201,31,,22,22,,0,0,0,1
1604113386715,4,1010123456024,70,,1,2,4,1,1,,8.37037,27,0,0.00688,7,0,6,,13.8,5,0,0.1,2,0,0,18.4481,31,,32,32,,0,0,0,1
1604113386965,4,1010123456024,70,,1,2,4,1,1,,8.51786,56,0,0.027744,26,0,6,,0,2,0,0.1,1,0,0,0,31,,44,44,,0,0,0,0
1604113387215,4,1010123456024,70,,1,2,4,1,1,,9.26923,26,0,0.01136,10,0,6,,0,0,0,0,0,0,0,0,0,,24,24,,0,0,0,0
1604113387465,4,1010123456024,70,,1,2,4,1,1,,9.23077,13,0,0.0056,5,0,6,,0,0,0,0,0,0,0,0,0,,10,10,,0,0,0,0
1604113387715,4,1010123456024,70,,1,2,4,1,1,,8,15,0,0.005856,6,0,6,,13.8,5,0,0.1,2,0,0,17.5594,31,,12,12,,0,0,0,1
1604113387965,4,1010123456024,70,,1,2,4,1,1,,0,0,0,0,0,0,6,,0,0,0,0,0,0,0,0,0,,0,0,,0,0,0,0
1604113388215,4,1010123456024,70,,1,2,4,1,1,,7.83333,30,0,0.011712,12,0,6,,0,0,0,0,0,0,0,0,0,,24,24,,0,0,0,0
1604113388465,4,1010123456024,70,,1,2,4,1,1,,9.4,25,0,0.011392,10,0,6,,0,0,0,0,0,0,0,0,0,,20,20,,0,0,0,0
1604113388715,4,1010123456024,70,,1,2,4,1,1,,8.5,28,0,0.011392,11,0,6,,13.8,5,0,0.1,2,0,0,20.092,31,,22,22,,0,0,0,1
1604113388965,4,1010123456024,70,,1,2,4,1,1,,9.24,25,0,0.01136,10,0,6,,15,3,0,0.1,1,0,0,20.2247,31,,20,20,,0,0,0,1
1604113389215,4,1010123456024,70,,1,2,4,1,1,,9.8,30,78,0.01152,10,0,6.33333,,0,0,0,0,0,0,0,0,0,,24,24,,0,0,0,0
1604113389465,4,1010123456024,70,,1,2,4,1,1,,8.30556,36,0,0.017248,16,0,6.16667,,0,0,0,0,0,0,0,0,0,,28,28,,0,0,0,0
1604113389715,4,1010123456024,70,,1,2,4,1,1,,8.32558,43,0,0.017216,17,0,6,,14.25,8,0,0.1,3,0,0,17.1963,31,,34,34,,0,0,0,1
1604113389965,4,1010123456024,70,,1,2,4,1,1,,7.73333,15,0,0.00576,6,0,6,,0,0,0,0,0,0,0,0,0,,12,12,,0,0,0,0
1604113390215,4,1010123456024,70,,1,2,4,1,1,,8.37037,27,0,0.005856,6,0,6,,0,0,0,0,0,0,0,0,0,,22,22,,0,0,0,0
1604113390465,4,1010123456024,70,,1,2,4,1,1,,8.74074,27,0,0.011392,11,0,6,,14,3,0,0.1,1,0,0,18.3553,31,,30,30,,0,0,0,1
1604113390715,4,1010123456024,70,,1,2,4,1,1,,8.85,40,0,0.02304,21,0,6,,13.2,5,0,0.1,2,0,0,16.8917,0,,32,32,,0,0,0,1
1604113390965,4,1010123456024,70,,1,2,4,1,1,,9.25,24,0,0.0112,10,0,6,,0,0,0,0,0,0,0,0,0,,20,20,,0,0,0,0
1604113391215,4,1010123456024,70,,1,2,4,1,1,,8.55556,27,0,0.011488,11,0,6.16667,,0,2,0,0.1,1,0,0,0,31,,26,26,,0,0,0,0
1604113391465,4,1010123456024,70,,1,2,4,1,1,,9.30769,13,0,0.005632,5,0,6,,0,0,0,0,0,0,0,0,0,,10,10,,0,0,0,0
1604113391715,4,1010123456024,70,,1,2,4,1,1,,9.5,12,0,0.00576,5,0,6,,13.2,5,0,0.1,2,0,0,19.2041,31,,10,10,,0,0,0,1
1604113391965,4,1010123456024,70,,1,2,4,1,1,,7.73333,15,0,0.005824,6,0,6,,0,0,0,0,0,0,0,0,0,,12,12,,0,0,0,0
1604113392215,4,1010123456024,70,,1,2,4,1,1,,7.86667,15,0,0.005856,6,0,6,,0,0,0,0,0,0,0,0,0,,12,12,,0,0,0,0
1604113392465,4,1010123456024,70,,1,2,4,1,1,,8.96296,54,0,0.022816,21,0,6,,0,0,0,0,0,0,0,0,0,,48,48,,0,0,0,0
1604113392715,4,1010123456024,70,,1,2,4,1,1,,0,0,0,0,0,0,6,,13.8,5,0,0.1,2,0,0,19.1701,31,,0,0,,0,0,0,1
1604113392965,4,1010123456024,70,,1,2,4,1,1,,9.4,25,0,0.01152,10,0,6,,0,0,0,0,0,0,0,0,0,,20,20,,0,0,0,0
1604113393215,4,1010123456024,70,,1,2,4,1,1,,9.5,12,0,0.00576,5,0,6,,0,0,0,0,0,0,0,0,0,,10,10,,0,0,0,0
1604113393465,4,1010123456024,70,,1,2,4,1,1,,8.34884,43,0,0.017216,17,0,6,,0,0,0,0,0,0,0,0,0,,34,34,,0,0,0,0
1604113393715,4,1010123456024,70,,1,2,4,1,1,,9.32184,87,0,0.039712,35,0,6,,13.8,5,0,0.1,2,0,0,19.9195,31,,70,70,,0,0,0,1
1604113393965,4,1010123456024,70,,1,2,4,1,1,,9.30769,13,0,0.00576,5,0,6,,0,0,0,0,0,0,0,0,0,,10,10,,0,0,0,0
1604113394215,4,1010123456024,70,,1,2,4,1,1,,9.33333,24,0,0.01136,10,0,6,,15,3,0,0.1,1,0,0,16.0851,31,,20,20,,0,0,0,1
1604113394465,4,1010123456024,70,,1,2,4,1,1,,0,0,0,0,0,0,6,,0,0,0,0,0,0,0,0,0,,0,0,,0,0,0,0
1604113394715,4,1010123456024,70,,1,2,4,1,1,,9.31372,51,0,0.022464,20,0,6,,13.2,5,0,0.1,2,0,0,18.8238,31,,46,46,,0,0,0,1
1604113394965,4,1010123456024,70,,1,2,4,1,1,,8.75,40,0,0.017216,16,0,6,,0,0,0,0,0,0,0,0,0,,32,32,,0,0,0,0
1604113395215,4,1010123456024,70,,1,2,4,1,1,,9.30769,13,0,0.00576,5,0,6,,0,0,0,0,0,0,0,0,0,,12,12,,0,0,0,0
1604113395465,4,1010123456024,70,,1,2,4,1,1,,9.71429,35,0,0.016864,14,0,6.66667,,0,0,0,0,0,0,0,0,0,,28,28,,0,0,0,0
1604113395715,4,1010123456024,70,,1,2,4,1,1,,8.63855,83,0,0.03456,33,0,6,,13.2,5,0,0.1,2,0,0,19.601,31,,66,66,,0,0,0,1
1604113395965,4,1010123456024,70,,1,2,4,1,1,,9.16667,12,0,0.0056,5,0,6,,0,0,0,0,0,0,0,0,0,,10,10,,0,0,0,0
1604113396215,4,1010123456024,70,,1,2,4,1,1,,8.42857,28,0,0.011616,11,0,6,,0,0,0,0,0,0,0,0,0,,22,22,,0,0,0,0
1604113396465,4,1010123456024,70,,1,2,4,1,1,,8.82051,39,0,0.017216,16,0,6,,0,0,0,0,0,0,0,0,0,,32,32,,0,0,0,0
1604113396715,4,1010123456024,70,,1,2,4,1,1,,8.84906,53,0,0.022816,21,0,6,,13.2,5,0,0.1,2,0,0,17.6547,31,,42,42,,0,0,0,1
1604113396965,4,1010123456024,70,,1,2,4,1,1,,7.88136,59,0,0.019296,20,0,6.14286,,0,0,0,0,0,0,0,0,0,,48,48,,0,0,0,0
1604113397215,4,1010123456024,70,,1,2,4,1,1,,9.30769,13,0,0.009472,9,0,6.5,,15,3,0,0.1,1,0,0,17.4224,31,,10,10,,0,0,0,1
1604113397465,4,1010123456024,70,,1,2,4,1,1,,10.5625,32,0,0.013984,11,0,6.8,,14,6,0,0.1,2,0,0,17.413,31,,26,26,,0,0,0,1
1604113397715,4,1010123456024,70,,1,2,4,1,1,,10.85,20,0,0.013728,10,0,6.8,,13.2,5,0,0.1,2,0,0,19.6065,0,,16,16,,0,0,0,1
1604113397965,4,1010123456024,70,,1,2,4,1,1,,9.85714,35,0,0.016896,14,0,6.83333,,0,0,0,0,0,0,0,0,0,,28,28,,0,0,0,0
1604113398215,4,1010123456024,70,,1,2,4,1,1,,10.3409,44,0,0.022368,18,0,7,,0,2,0,0.1,1,0,0,0,31,,36,36,,0,0,0,0
1604113398465,4,1010123456024,70,,1,2,4,1,1,,10.9333,30,0,0.011008,8,0,7,,0,0,0,0,0,0,0,0,0,,24,24,,0,0,0,0
1604113398715,4,1010123456024,70,,1,2,4,1,1,,9.21569,51,0,0.02832,24,0,6.16667,,13.8,5,0,0.1,2,0,0,17.8724,31,,40,40,,0,0,0,1
1604113398965,4,1010123456024,70,,1,2,4,1,1,,9.44,25,0,0.01136,10,0,6.42857,,0,0,0,0,0,0,0,0,0,,20,20,,0,0,0,0
1604113399215,4,1010123456024,70,,1,2,4,1,1,,8.92453,53,0,0.022912,21,0,6.2,,0,0,0,0,0,0,0,0,0,,42,42,,0,0,0,0
1604113399465,4,1010123456024,70,,1,2,4,1,1,,8.14286,42,0,0.017184,17,0,6,,0,0,0,0,0,0,0,0,0,,34,34,,0,0,0,0
1604113399715,4,1010123456024,70,,1,2,4,1,1,,0,0,0,0,0,0,6,,0,0,0,0,0,0,0,0,0,,0,0,,0,0,0,0
1604113399965,4,1010123456024,70,,1,2,4,1,1,,7.66667,15,0,0.005856,6,0,6.5,,13.2,5,0,0.1,2,0,0,17.5547,31,,12,12,,0,0,0,1
1604113400215,4,1010123456024,70,,1,2,4,1,1,,9.5,12,0,0.00576,5,0,6,,0,0,0,0,0,0,0,0,0,,10,10,,0,0,0,0
1604113400465,4,1010123456024,70,,1,2,4,1,1,,7.53333,15,0,0.005856,6,0,6,,0,0,0,0,0,0,0,0,0,,12,12,,0,0,0,0
1604113400715,4,1010123456024,70,,1,2,4,1,1,,8.7561,41,0,0.017344,16,0,6,,13.2,5,0,0.1,2,0,0,16.8191,31,,32,32,,0,0,0,1
1604113400965,4,1010123456024,70,,1,2,4,1,1,,8.71698,53,0,0.022784,21,0,6,,14,6,0,0.1,2,0,0,16.9671,31,,42,42,,0,0,0,1
1604113401215,4,1010123456024,70,,1,2,4,1,1,,9.0625,64,0,0.028736,26,0,6,,14,6,0,0.1,2,0,0,16.817,31,,52,52,,0,0,0,1
1604113401465,4,1010123456024,70,,1,2,4,1,1,,8.5,28,0,0.01152,11,0,6,,0,0,0,0,0,0,0,0,0,,22,22,,0,0,0,0
1604113401715,4,1010123456024,70,,1,2,4,1,1,,9.5,12,0,0.00576,5,0,6,,12.8,5,0,0.1,2,0,0,17.785,31,,10,10,,0,0,0,1
1604113401965,4,1010123456024,70,,1,2,4,1,1,,7.02857,35,0,0.011968,14,0,5.42857,,0,6,0,0.1,3,0,0,0,31,,28,28,,0,0,0,0
1604113402215,4,1010123456024,70,,1,2,4,1,1,,5.8806,67,0,0.018592,27,0,5,,0,0,0,0,0,0,0,0,0,,54,54,,0,0,0,0
1604113402465,4,1010123456024,70,,1,2,4,1,1,,0,0,0,0,0,0,5.16667,,0,0,0,0,0,0,0,0,0,,0,0,,0,0,0,0
1604113402715,4,1010123456024,70,,1,2,4,1,1,,5.91358,81,50,0.018624,27,0,5,,13.2,5,0,0.1,2,0,0,22.1207,31,,66,66,,0,0,0,1
1604113402965,4,1010123456024,70,,1,2,4,1,1,,5.89024,82,104,0.024832,36,0,5,,0,2,0,0.1,1,0,0,0,31,,66,66,,0,0,0,0
1604113403215,4,1010123456024,70,,1,2,4,1,1,,5.84762,105,0,0.030944,45,0,5,,0,0,0,0,0,0,0,0,0,,84,84,,0,0,0,0
1604113403465,4,1010123456024,70,,1,2,4,1,1,,5.8806,67,0,0.018624,27,0,5,,0,0,0,0,0,0,0,0,0,,54,54,,0,0,0,0
1604113403715,4,1010123456024,70,,1,2,4,1,1,,5.8806,67,0,0.018624,27,0,5,,13.2,5,0,0.1,2,0,0,20.7509,31,,54,54,,0,0,0,1
1604113403965,4,1010123456024,70,,1,2,4,1,1,,4.93976,83,0,0.019424,33,0,4.71429,,0,2,0,0.1,1,0,0,0,31,,66,66,,0,0,0,0
1604113404215,4,1010123456024,70,,1,2,4,1,1,,5.88235,68,0,0.018624,27,0,5,,0,4,0,0.1,2,0,0,0,31,,54,54,,0,0,0,0
1604113404465,4,1010123456024,70,,1,2,4,1,1,,0,0,0,0,0,0,5,,0,0,0,0,0,0,0,0,0,,0,0,,0,0,0,0
1604113404715,4,1010123456024,70,,1,2,4,1,1,,5.86957,23,0,0.006208,9,0,5,,13.8,5,0,0.1,2,0,0,22.5975,31,,18,18,,0,0,0,1
1604113404965,4,1010123456024,70,,1,2,4,1,1,,5.85714,112,0,0.031008,45,0,5,,15,6,0,0.1,2,0,0,21.598,31,,90,90,,0,0,0,1
1604113405215,4,1010123456024,70,,1,2,4,1,1,,5.89041,73,122,0.018624,27,0,5,,15,3,0,0.1,1,0,0,22.516,31,,58,58,,0,0,0,1
1604113405465,4,1010123456024,70,,1,2,4,1,1,,5.83333,18,0,0.006208,9,0,5,,0,0,0,0,0,0,0,0,0,,14,14,,0,0,0,0
1604113405715,4,1010123456024,70,,1,2,4,1,1,,6.18563,167,0,0.049088,67,0,5.16667,,14.4545,11,0,0.1,4,0,0,22.5664,31,,134,134,,0,0,0,1
1604113405965,4,1010123456024,70,,1,2,4,1,1,,7.05714,35,0,0.011968,14,0,5.57143,,0,0,0,0,0,0,0,0,0,,28,28,,0,0,0,0
1604113406215,4,1010123456024,70,,1,2,4,1,1,,0,0,0,0,0,0,5.66667,,0,0,0,0,0,0,0,0,0,,0,0,,0,0,0,0
1604113406465,4,1010123456024,70,,1,2,4,1,1,,5.86957,23,0,0.006208,9,0,5.5,,0,0,0,0,0,0,0,0,0,,18,18,,0,0,0,0
1604113406715,4,1010123456024,70,,1,2,4,1,1,,6.42105,19,0,0.006016,8,0,5.5,,13.8,5,0,0.1,2,0,0,22.9605,31,,16,16,,0,0,0,1
1604113406965,4,1010123456024,70,,1,2,4,1,1,,7.26866,67,0,0.023584,27,0,6,,0,0,0,0,0,0,0,0,0,,54,54,,0,0,0,0
1604113407215,4,1010123456024,70,,1,2,4,1,1,,8.67857,28,0,0.01152,11,0,5.66667,,0,0,0,0,0,0,0,0,0,,22,22,,0,0,0,0
1604113407465,4,1010123456024,70,,1,2,2,1,1,,4.90566,53,0,0.0128,21,0,5,,0,0,0,0,0,0,0,0,0,,42,42,,0,0,0,0
1604113407715,4,1010123456024,70,,1,2,2,1,1,,0,0,158,0,0,0,4,,0,0,0,0,0,0,0,0,0,,0,0,,0,0,0,0
1604113407965,4,1010123456024,70,,1,2,2,1,1,,0,0,471,0,0,0,4.14286,,0,0,0,0,0,0,0,0,0,,0,0,,0,0,0,0
1604113408215,4,1010123456024,70,,1,2,2,1,1,,0,0,1097,0,0,0,4.16667,,15,3,0,0.1,1,0,0,21.227,31,,0,0,,0,0,0,1
1604113408465,4,1010123456024,70,,1,2,2,1,1,,4,162,551,0.02976,62,0,4,,13.5,6,0,0.1,2,0,0,21.9147,31,,132,132,,0,0,0,1
1604113408715,4,1010123456024,70,,1,2,2,1,1,,3.95288,191,48,0.035264,74,0,4,,0,4,0,0.1,2,0,0,0,31,,154,154,,0,0,0,0
1604113408965,4,1010123456024,70,,1,2,2,1,1,,3.75862,87,0,0.017472,38,0,4,,15,6,0,0.1,2,0,0,23.191,31,,70,70,,0,0,0,1
1604113409215,4,1010123456024,70,,1,2,2,1,1,,4,27,37,0.00432,9,0,4,,0,0,0,0,0,0,0,0,0,,22,22,,0,0,0,0
1604113409465,4,1010123456024,70,,1,2,2,1,1,,3.1,10,0,0.002624,6,0,4,,0,0,0,0,0,0,0,0,0,,8,8,,0,0,0,0
1604113409715,4,1010123456024,70,,1,2,2,1,1,,4,28,507,0.00144,3,0,4,,0,0,0,0,0,0,0,0,0,,22,22,,0,0,0,0
1604113409965,4,1010123456024,70,,1,2,2,1,1,,4,116,158,0.02592,54,0,4.42857,,13.7143,7,0,0.1,3,0,0,20.1897,31,,96,96,,0,0,0,1
1604113410215,4,1010123456024,70,,1,2,2,1,1,,4.68966,87,0,0.019488,35,0,4.66667,,0,2,0,0.1,1,0,0,0,31,,70,70,,0,0,0,0
1604113410465,4,1010123456024,70,,1,2,2,1,1,,4,30,183,0.00576,12,0,4.33333,,0,0,0,0,0,0,0,0,0,,24,24,,0,0,0,0
1604113410715,4,1010123456024,70,,1,2,2,1,1,,4,114,0,0.0216,45,0,4.33333,,0,4,0,0.1,2,0,0,0,31,,94,94,,0,0,0,0
1604113410965,4,1010123456024,70,,1,2,2,1,1,,5.90909,22,0,0.006208,9,0,4.71429,,0,0,0,0,0,0,0,0,0,,18,18,,0,0,0,0
1604113411215,4,1010123456024,70,,1,2,2,1,1,,5.86957,23,158,0.006208,9,0,4.5,,0,0,0,0,0,0,0,0,0,,18,18,,0,0,0,0
1604113411465,4,1010123456024,70,,1,2,2,1,1,,4.53333,60,158,0.013152,24,0,4.5,,0,0,0,0,0,0,0,0,0,,48,48,,0,0,0,0
1604113411715,3,1010123456024,70,,1,2,2,1,1,,5.01235,162,0,0.038528,65,0,4.5,,13.125,8,0,0.1,3,0,0,22.6455,31,,134,134,,0,0,0,1
1604113411965,3,1010123456024,70,,1,2,2,1,1,,5.8,115,0,0.0312,46,0,5,,0,0,0,0,0,0,0,0,0,,92,92,,0,0,0,0
1604113412215,3,1010123456024,70,,1,2,2,1,1,,5.16981,53,0,0.012736,21,0,4.66667,,0,0,0,0,0,0,0,0,0,,42,42,,0,0,0,0
1604113412465,3,1010123456024,70,,1,2,2,1,1,,5.88889,45,0,0.012416,18,0,4.66667,,0,0,0,0,0,0,0,0,0,,36,36,,0,0,0,0
1604113412715,3,1010123456024,70,,1,2,2,1,1,,4.90476,42,70,0.006112,9,0,4.16667,,13.2,5,0,0.1,2,0,0,22.8428,31,,34,34,,0,0,0,1
1604113412965,3,1010123456024,70,,1,2,2,1,1,,5.64286,56,0,0.019008,31,0,5,,0,2,0,0.1,1,0,0,0,31,,46,46,,0,0,0,0
1604113413215,3,1010123456024,70,,1,2,2,1,1,,3.76316,38,0,0.00528,11,0,4.66667,,0,0,0,0,0,0,0,0,0,,30,30,,0,0,0,0
1604113413465,3,1010123456024,70,,1,2,2,1,1,,0,0,0,0.001664,4,0,4.5,,0,0,0,0,0,0,0,0,0,,0,0,,0,0,0,0
1604113413715,3,1010123456024,70,,1,2,2,1,1,,3.76106,113,0,0.020832,45,0,4,,13.7143,7,0,0.1,3,0,0,21.7292,31,,92,92,,0,0,0,1
1604113413965,3,1010123456024,70,,1,2,2,1,1,,3.76316,38,0,0.006944,15,0,4.14286,,15,3,0,0.1,1,0,0,20.1225,31,,30,30,,0,0,0,1
1604113414215,3,1010123456024,70,,1,2,2,1,1,,5.88889,45,0,0.012416,18,0,4.83333,,0,0,0,0,0,0,0,0,0,,36,36,,0,0,0,0
1604113414465,3,1010123456024,70,,1,2,2,1,1,,5.86957,23,0,0.006208,9,0,5,,0,0,0,0,0,0,0,0,0,,18,18,,0,0,0,0
1604113414715,3,1010123456024,70,,1,2,2,1,1,,5.88636,44,0,0.012416,18,0,4.66667,,13.2,5,0,0.1,2,0,0,20.6666,31,,36,36,,0,0,0,1
1604113414965,3,1010123456024,70,,1,2,2,1,1,,3.76316,38,0,0.006944,15,0,4.14286,,0,0,0,0,0,0,0,0,0,,30,30,,0,0,0,0
1604113415215,3,1010123456024,70,,1,2,2,1,1,,5.52414,145,0,0.037664,58,0,4.83333,,0,0,0,0,0,0,0,0,0,,116,116,,0,0,0,0
1604113415465,3,1010123456024,70,,1,2,2,1,1,,4.61017,59,0,0.013152,24,0,4.5,,0,2,0,0.1,1,0,0,0,31,,48,48,,0,0,0,0
1604113415715,3,1010123456024,70,,1,2,2,1,1,,4.60656,61,0,0.013152,24,0,4.5,,13.8,5,0,0.1,2,0,0,19.6198,31,,48,48,,0,0,0,1
1604113415965,3,1010123456024,70,,1,2,2,1,1,,5.90909,22,0,0.006208,9,0,4.14286,,0,0,0,0,0,0,0,0,0,,18,18,,0,0,0,0
1604113416215,3,1010123456024,70,,1,2,2,1,1,,5.90909,22,0,0.004224,6,0,4.16667,,0,0,0,0,0,0,0,0,0,,18,18,,0,0,0,0
1604113416465,3,1010123456024,70,,1,2,2,1,1,,3.83784,37,0,0.008928,18,0,4.33333,,0,0,0,0,0,0,0,0,0,,30,30,,0,0,0,0
1604113416715,3,1010123456024,70,,1,2,2,1,1,,5.86957,23,0,0.006208,9,0,4,,13.2,5,0,0.1,2,0,0,21.1118,31,,18,18,,0,0,0,1
1604113416965,3,1010123456024,70,,1,2,2,1,1,,1.27523,109,0,0.010592,43,0,3.71429,,0,0,0,0,0,0,0,0,0,,86,86,,0,0,0,0
1604113417215,3,1010123456024,70,,1,2,2,1,1,,3.76,75,0,0.013888,30,0,3.83333,,0,0,0,0,0,0,0,0,0,,60,60,,0,0,0,0
1604113417465,3,1010123456024,70,,1,2,2,1,1,,5.8806,67,0,0.018592,27,0,4.33333,,0,0,0,0,0,0,0,0,0,,54,54,,0,0,0,0
1604113417715,3,1010123456024,70,,1,2,2,1,1,,3.59615,156,0,0.028128,63,0,4,,14,9,0,0.1,3,0,0,19.4938,31,,132,132,,0,0,0,1
1604113417965,3,1010123456024,70,,1,2,2,1,1,,4,142,0,0.02736,57,0,3.85714,,0,0,0,0,0,0,0,0,0,,114,114,,0,0,0,0
1604113418215,3,1010123456024,70,,1,2,2,1,1,,3.8125,112,0,0.020832,45,0,3.83333,,0,0,0,0,0,0,0,0,0,,90,90,,0,0,0,0
1604113418465,3,1010123456024,70,,1,2,2,1,1,,2.14211,190,5,0.02288,68,0,3.83333,,0,0,0,0,0,0,0,0,0,,152,152,,0,0,0,0
1604113418715,3,1010123456024,70,,1,2,2,1,1,,3.21036,309,0,0.052512,131,0,3.66667,,13.2,5,0,0.1,2,0,0,21.9552,31,,248,248,,0,0,0,1
1604113418965,3,1010123456024,70,,1,2,2,1,1,,1.65831,319,174,0.0352,124,0,3.42857,,0,0,0,0,0,0,0,0,0,,258,258,,0,0,0,0
1604113419215,3,1010123456024,70,,1,2,2,1,1,,1.62692,260,0,0.030208,110,0,3.66667,,0,0,0,0,0,0,0,0,0,,208,208,,0,0,0,0
1604113419465,3,1010123456024,70,,1,2,2,1,1,,3.8,75,0,0.013888,30,0,4,,0,2,0,0.1,1,0,0,0,31,,62,62,,0,0,0,0
1604113419715,3,1010123456024,70,,1,2,2,1,1,,3.8125,80,136,0.013888,30,0,4,,13.2,5,0,0.1,2,0,0,19.9844,31,,64,64,,0,0,0,1
1604113419965,3,1010123456024,70,,1,2,2,1,1,,3.79546,220,0,0.041664,90,0,4,,0,0,0,0,0,0,0,0,0,,176,176,,0,0,0,0
1604113420215,3,1010123456024,70,,1,2,2,1,1,,1.63253,166,0,0.018592,67,0,3,,0,0,0,0,0,0,0,0,0,,134,134,,0,0,0,0
1604113420465,3,1010123456024,70,,1,2,2,1,1,,2.34583,240,0,0.03232,96,0,3.83333,,0,2,0,0.1,1,0,0,0,31,,194,194,,0,0,0,0
1604113420715,3,1010123456024,70,,1,2,2,1,1,,1.3617,141,86,0.012768,49,0,3.66667,,13.8,5,0,0.1,2,0,0,19.1052,31,,114,114,,0,0,0,1
1604113420965,3,1010123456024,70,,1,2,2,1,1,,2.9372,207,37,0.030944,83,0,3.83333,,0,2,0,0.1,1,0,0,0,31,,168,168,,0,0,0,0
1604113421215,3,1010123456024,70,,1,2,2,1,1,,2.37838,222,70,0.029664,89,0,3.5,,0,2,0,0.1,1,0,0,0,31,,180,180,,0,0,0,0
1604113421465,3,1010123456024,70,,1,2,2,1,1,,1.16246,277,0,0.03024,119,0,3,,0,2,0,0.1,1,0,0,0,31,,224,224,,0,0,0,0
1604113421715,3,1010123456024,70,,1,2,2,1,1,,1.36548,197,0,0.020192,79,0,3.5,,0,6,0,0.1,3,0,0,0,31,,162,162,,0,0,0,0
1604113421965,3,1010123456024,70,,1,2,2,1,1,,3.76316,38,0,0.006944,15,0,3.28571,,0,0,0,0,0,0,0,0,0,,30,30,,0,0,0,0
1604113422215,3,1010123456024,70,,1,2,2,1,1,,3.83784,37,0,0.006944,15,0,3.5,,0,0,0,0,0,0,0,0,0,,30,30,,0,0,0,0
1604113422465,3,1010123456024,70,,1,2,2,1,1,,1,8,146,0,0,0,3.16667,,0,0,0,0,0,0,0,0,0,,8,8,,0,0,0,0
1604113422715,3,1010123456024,70,,1,2,2,1,1,,3.25434,173,0,0.029376,72,0,4,,13.8,5,0,0.1,2,0,0,20.228,31,,136,136,,0,0,0,1
1604113422965,3,1010123456024,70,,1,2,2,1,1,,1,161,122,0.014336,64,0,3,,0,2,0,0.1,1,0,0,0,31,,128,128,,0,0,0,0
1604113423215,3,1010123456024,70,,1,2,2,1,1,,1,219,327,0.01792,80,0,3,,0,0,0,0,0,0,0,0,0,,176,176,,0,0,0,0
1604113423465,3,1010123456024,70,,1,2,2,1,1,,2.98964,193,0,0.032096,85,0,3.33333,,0,0,0,0,0,0,0,0,0,,154,154,,0,0,0,0
1604113423715,3,1010123456024,70,,1,2,2,1,1,,1,119,17,0.00896,40,0,3.16667,,0,2,0,0.1,1,0,0,0,31,,96,96,,0,0,0,0
1604113423965,3,1010123456024,70,,1,2,2,1,1,,3.01429,70,94,0.009632,27,0,3.42857,,13.8,5,0,0.1,2,0,0,19.9633,31,,56,56,,0,0,0,1
1604113424215,3,1010123456024,70,,1,2,2,1,1,,3.15837,221,109,0.035616,89,0,3.83333,,0,2,0,0.1,1,0,0,0,31,,178,178,,0,0,0,0
1604113424465,3,1010123456024,70,,1,2,2,1,1,,3.83,100,0,0.021984,47,0,3.83333,,0,0,0,0,0,0,0,0,0,,80,80,,0,0,0,0
1604113424715,3,1010123456024,70,,1,2,2,1,1,,1.34815,270,44,0.025664,100,0,3.16667,,14.1429,7,0,0.1,3,0,0,18.7707,31,,218,218,,0,0,0,1
1604113424965,3,1010123456024,70,,1,2,2,1,1,,1,166,0,0.016576,74,0,3.14286,,0,0,0,0,0,0,0,0,0,,132,132,,0,0,0,0
1604113425215,3,1010123456024,70,,1,2,2,1,1,,1,383,481,0.03248,145,0,3,,0,2,0,0.1,1,0,0,0,31,,308,308,,0,0,0,0
1604113425465,3,1010123456024,70,,1,2,2,1,1,,1,423,441,0.037856,169,0,3,,0,0,0,0,0,0,0,0,0,,338,338,,0,0,0,0
1604113425715,3,1010123456024,70,,1,2,2,1,1,,1.94975,199,158,0.025952,87,0,2.83333,,14.1429,7,0,0.1,3,0,0,19.1878,31,,262,262,,0,0,0,1
1604113425965,3,1010123456024,70,,1,2,2,1,1,,1,226,201,0.019264,86,0,2.71429,,0,0,0,0,0,0,0,0,0,,346,346,,0,0,0,0
1604113426215,3,1010123456024,70,,1,2,2,1,1,,1,274,29,0.02352,105,0,2.8,,0,2,0,0.1,1,0,0,0,31,,302,302,,0,0,0,0
1604113426465,3,1010123456024,70,,1,2,2,1,1,,1,23,628,0.003808,17,0,2,,0,0,0,0,0,0,0,0,0,,402,402,,0,0,0,0
1604113426715,3,1010123456024,70,,1,2,2,1,1,,1,269,772,0.0224,100,0,2.5,,13.5,6,0,0.1,2,0,0,23.1379,31,,482,482,,0,0,0,1
1604113426965,3,1010123456024,70,,1,2,2,1,1,,1,307,715,0.028224,126,0,2.57143,,0,0,0,0,0,0,0,0,0,,480,480,,0,0,0,0
1604113427215,3,1010123456024,70,,1,2,2,1,1,,1,85,1082,0.008736,39,0,2,,0,0,0,0,0,0,0,0,0,,480,480,,0,0,0,0
1604113427465,3,1010123456024,70,,1,2,2,1,1,,1,63,1164,0.003808,17,0,2.16667,,0,0,0,0,0,0,0,0,0,,488,488,,0,0,0,0
1604113427715,3,1010123456024,70,,1,2,2,1,1,,1,34,1122,0.004928,22,0,2,,0,0,0,0,0,0,0,0,0,,448,448,,0,0,0,0
1604113427965,3,1010123456024,70,,1,2,2,1,1,,1,389,812,0.033152,148,0,2.71429,,13.5,6,0,0.1,2,0,0,22.2805,31,,480,480,,0,0,0,1
1604113428215,3,1010123456024,70,,1,2,2,1,1,,1,317,899,0.028448,127,0,2.5,,15,3,0,0.1,1,0,0,18.2749,31,,490,490,,0,0,0,1
1604113428465,3,1010123456024,70,,1,2,2,1,1,,1,450,670,0.041888,187,0,2.83333,,0,0,0,0,0,0,0,0,0,,414,414,,0,0,0,0
1604113428715,3,1010123456024,70,,1,2,2,1,1,,1,439,456,0.037632,168,0,2.83333,,13.875,8,0,0.1,3,0,0,20.4825,31,,462,462,,0,0,0,1
1604113428965,3,1010123456024,70,,1,2,2,1,1,,1,508,0,0.04704,210,0,2.85714,,0,0,0,0,0,0,0,0,0,,406,406,,0,0,0,0
1604113429215,3,1010123456024,70,,1,2,2,1,1,,1,140,616,0.012544,56,0,2.33333,,0,0,0,0,0,0,0,0,0,,380,380,,0,0,0,0
1604113429465,3,1010123456024,70,,1,2,2,1,1,,0,0,929,0,0,0,2,,0,0,0,0,0,0,0,0,0,,494,494,,0,0,0,0
1604113429715,3,1010123456024,70,,1,2,2,1,1,,0,0,1398,0,0,0,2,,0,0,0,0,0,0,0,0,0,,488,488,,0,0,0,0
1604113429965,3,1010123456024,70,,1,2,2,1,1,,1,258,1395,0.021728,97,0,2.57143,,13.5,6,0,0.1,2,0,0,21.8548,31,,458,458,,0,0,0,1
1604113430215,3,1010123456024,70,,1,2,2,1,1,,1,593,1308,0.053088,237,0,3,,15,3,0,0.1,1,0,0,23.8703,31,,478,478,,0,0,0,1
1604113430465,3,1010123456024,70,,1,2,2,1,1,,1,558,1263,0.049952,223,0,3,,0,0,0,0,0,0,0,0,0,,446,446,,0,0,0,0
1604113430715,3,1010123456024,70,,1,2,2,1,1,,1,34,1690,0.004928,22,0,2,,13.2,5,0,0.1,2,0,0,24.5028,31,,482,482,,0,0,0,1
1604113430965,3,1010123456024,70,,1,2,2,1,1,,1,97,2043,0.008736,39,0,2.14286,,0,0,0,0,0,0,0,0,0,,438,438,,0,0,0,0
1604113431215,3,1010123456024,70,,1,2,2,1,1,,0,0,2512,0,0,0,2,,0,0,0,0,0,0,0,0,0,,452,452,,0,0,0,0
1604113431465,3,1010123456024,70,,1,2,2,1,1,,0,0,2669,0,0,0,2,,0,0,0,0,0,0,0,0,0,,470,470,,0,0,0,0
1604113431715,3,1010123456024,70,,1,2,2,1,1,,1,100,2861,0.00896,40,0,2.16667,,13.2,5,0,0.1,2,0,0,24.9788,31,,480,480,,0,0,0,1
1604113431965,3,1010123456024,70,,1,2,2,1,1,,1,288,2985,0.025088,112,0,2.42857,,0,2,0,0.1,1,0,0,0,31,,480,480,,0,0,0,0
1604113432215,3,1010123456024,70,,1,2,2,1,1,,1,36,3412,0.00224,10,0,2.16667,,0,0,0,0,0,0,0,0,0,,472,472,,0,0,0,0
1604113432465,3,1010123456024,70,,1,2,2,1,1,,1,349,3304,0.032928,147,0,2.5,,0,0,0,0,0,0,0,0,0,,482,482,,0,0,0,0
1604113432715,3,1010123456024,70,,1,2,2,1,1,,1,95,3972,0.008512,38,0,2.16667,,13.2,5,0,0.1,2,0,0,22.2592,31,,488,488,,0,0,0,1
1604113432965,3,1010123456024,70,,1,2,2,1,1,,1,387,3662,0.034048,152,0,2.57143,,15,3,0,0.1,1,0,0,19.6411,31,,488,488,,0,0,0,1
1604113433215,3,1010123456024,70,,1,2,2,1,1,,1,200,3421,0.018592,83,0,2.33333,,0,2,0,0.1,1,0,0,0,31,,468,468,,0,0,0,0
1604113433465,3,1010123456024,70,,1,2,2,1,1,,1,306,3680,0.027328,122,0,2.66667,,0,0,0,0,0,0,0,0,0,,394,394,,0,0,0,0
1604113433715,3,1010123456024,70,,1,2,2,1,1,,1,208,3899,0.0168,75,0,2.5,,13.5,6,0,0.1,2,0,0,23.549,31,,426,426,,0,0,0,1
1604113433965,3,1010123456024,70,,1,2,2,1,1,,1,339,3803,0.030464,136,0,2.71429,,0,0,0,0,0,0,0,0,0,,428,428,,0,0,0,0
1604113434215,3,1010123456024,70,,1,2,2,1,1,,1,224,4158,0.021952,98,0,2.33333,,0,0,0,0,0,0,0,0,0,,444,444,,0,0,0,0
1604113434465,3,1010123456024,70,,1,2,2,1,1,,1,153,4444,0.012096,54,0,2.33333,,0,0,0,0,0,0,0,0,0,,482,482,,0,0,0,0
1604113434715,3,1010123456024,70,,1,2,2,1,1,,1,207,4345,0.018816,84,0,2.33333,,13.5,6,0,0.1,2,0,0,19.8411,31,,490,490,,0,0,0,1
1604113434965,3,1010123456024,70,,1,2,2,1,1,,1,324,4116,0.029568,132,0,2.71429,,15,3,0,0.1,1,0,0,21.283,31,,410,410,,0,0,0,1
1604113435215,3,1010123456024,70,,1,2,2,1,1,,1,457,3881,0.041664,186,0,3,,0,0,0,0,0,0,0,0,0,,364,364,,0,0,0,0
1604113435465,3,1010123456024,70,,1,2,2,1,1,,1,546,3379,0.048384,216,0,3,,0,0,0,0,0,0,0,0,0,,438,438,,0,0,0,0
1604113435715,3,1010123456024,70,,1,2,2,1,1,,1,207,3129,0.019264,86,0,2.5,,13.2,5,0,0.1,2,0,0,21.8465,31,,356,356,,0,0,0,1
1604113435965,3,1010123456024,70,,1,2,2,1,1,,1,293,3246,0.024864,111,0,2.57143,,0,0,0,0,0,0,0,0,0,,474,474,,0,0,0,0
1604113436215,3,1010123456024,70,,1,2,2,1,1,,1,495,3120,0.044128,197,0,3,,0,0,0,0,0,0,0,0,0,,396,396,,0,0,0,0
1604113436465,3,1010123456024,70,,1,2,2,1,1,,1,304,3066,0.028896,129,0,2.5,,0,0,0,0,0,0,0,0,0,,448,448,,0,0,0,0
1604113436733,2,1010123456024,70,,1,2,2,1,1,,1,171,3117,0.0165075,79,0,2.42857,,13.2,5,0,0.1,2,0,0,23.8601,31,,512,512,,0,0,0,1
1604113436965,2,1010123456024,70,,1,2,2,1,1,,1,426,3132,0.0376552,156,0,2.66667,,0,0,0,0,0,0,0,0,0,,338,338,,0,0,0,0
1604113437215,2,1010123456024,70,,1,2,2,1,1,,1,413,2792,0.037632,168,0,2.83333,,15,3,0,0.1,1,0,0,21.6858,31,,390,390,,0,0,0,1
1604113437465,2,1010123456024,70,,1,2,8,1,1,,2.58904,292,1401,0.062432,109,0,3,,0,0,0,0,0,0,0,0,0,,572,572,,0,0,0,0
1604113437715,2,1010123456024,70,,1,2,8,1,1,,1.61878,181,0,0.08176,81,0,3.33333,,14,9,0,0.1,3,0,0,23.0931,31,,370,376,,0,0,0,1
1604113437965,2,1010123456024,70,,1,2,8,1,1,,1.2625,80,0,0.019328,32,0,3.57143,,0,0,0,0,0,0,0,0,0,,128,128,,0,0,0,0
1604113438215,2,1010123456024,70,,1,2,8,1,1,,0.755102,98,0,0.020448,39,0,3,,0,0,0,0,0,0,0,0,0,,156,156,,0,0,0,0
1604113438465,2,1010123456024,70,,1,2,8,1,1,,1.12389,113,0,0.022912,39,0,3.16667,,0,0,0,0,0,0,0,0,0,,180,180,,0,0,0,0
1604113438715,2,1010123456024,70,,1,2,8,1,1,,0.782609,23,46,0.003584,7,0,3,,13.2,5,0,0.1,2,0,0,26.1568,31,,36,36,,0,0,0,1
1604113438965,2,1010123456024,70,,1,2,8,1,1,,0.767442,172,0,0.040544,77,0,3,,15,3,0,0.1,1,0,0,23.2423,31,,324,324,,0,0,0,1
1604113439215,2,1010123456024,70,,1,2,8,1,1,,0.75,32,0,0.006816,13,0,3.66667,,0,0,0,0,0,0,0,0,0,,52,52,,0,0,0,0
1604113439465,2,1010123456024,70,,1,2,8,1,1,,3.34375,32,0,0.011744,13,0,4,,0,0,0,0,0,0,0,0,0,,52,52,,0,0,0,0
1604113439715,2,1010123456024,70,,1,2,8,1,1,,3.64516,31,0,0.01152,12,0,4,,13.8,5,0,0.1,2,0,0,22.3085,31,,56,56,,0,0,0,1
1604113439965,2,1010123456024,70,,1,2,8,1,1,,0,0,0,0,0,0,4,,0,0,0,0,0,0,0,0,0,,0,0,,0,0,0,0
1604113440215,2,1010123456024,70,,1,2,8,1,1,,3.6,15,0,0.00576,6,0,4,,0,0,0,0,0,0,0,0,0,,24,24,,0,0,0,0
1604113440465,2,1010123456024,70,,1,2,8,1,1,,3.11429,35,0,0.012096,14,0,4,,15,3,0,0.1,1,0,0,24.7758,31,,56,56,,0,0,0,1
1604113440715,2,1010123456024,70,,1,2,8,1,1,,1.91304,23,0,0.006304,9,0,3.33333,,0,0,0,0,0,0,0,0,0,,36,36,,0,0,0,0
1604113440965,2,1010123456024,70,,1,2,8,1,1,,0.763359,131,0,0.027264,52,0,3.57143,,13.8,5,0,0.1,2,0,0,22.6949,31,,208,208,,0,0,0,1
1604113441215,2,1010123456024,70,,1,2,8,1,1,,3.12,50,0,0.01776,20,0,3.83333,,0,2,0,0.1,1,0,0,0,31,,80,80,,0,0,0,0
1604113441465,2,1010123456024,70,,1,2,8,1,1,,0,0,0,0,0,0,3.5,,0,0,0,0,0,0,0,0,0,,0,0,,0,0,0,0
1604113441715,2,1010123456024,70,,1,2,8,1,1,,0,0,0,0,0,0,3.16667,,0,0,0,0,0,0,0,0,0,,0,0,,0,0,0,0
1604113441965,2,1010123456024,70,,1,2,8,1,1,,2.94118,17,0,0.006048,7,0,3.57143,,13.2,5,0,0.1,2,0,0,20.8377,31,,28,28,,0,0,0,1
1604113442215,2,1010123456024,70,,1,2,8,1,1,,1.81197,117,0,0.031424,46,0,3.33333,,0,0,0,0,0,0,0,0,0,,216,216,,0,0,0,0
1604113442465,2,1010123456024,70,,1,2,8,1,1,,3.24242,33,0,0.011808,13,0,3.16667,,0,0,0,0,0,0,0,0,0,,52,52,,0,0,0,0
1604113442715,2,1010123456024,70,,1,2,8,1,1,,1.4186,129,0,0.031904,51,0,3.5,,13.2,5,0,0.1,2,0,0,23.6029,31,,208,208,,0,0,0,1
1604113442965,2,1010123456024,70,,1,2,8,1,1,,0.795181,83,67,0.013632,26,0,3,,15,5,0,0.1,2,0,0,21.1098,31,,136,136,,0,0,0,1
1604113443215,2,1010123456024,70,,1,2,8,1,1,,1.78125,32,0,0.012704,20,0,3.66667,,0,0,0,0,0,0,0,0,0,,52,52,,0,0,0,0
1604113443465,2,1010123456024,70,,1,2,8,1,1,,0.787879,33,0,0.006816,13,0,3.33333,,0,0,0,0,0,0,0,0,0,,52,52,,0,0,0,0
1604113443715,2,1010123456024,70,,1,2,8,1,1,,1.97778,45,0,0.012608,18,0,3.5,,13.2,5,0,0.1,2,0,0,24.6199,31,,76,76,,0,0,0,1
1604113443965,2,1010123456024,70,,1,2,8,1,1,,3.29412,17,144,0.00576,6,0,3.42857,,15,3,0,0.1,1,0,0,21.5607,31,,28,28,,0,0,0,1
1604113444215,2,1010123456024,70,,1,2,8,1,1,,1.23478,115,102,0.026336,46,0,3.5,,15,3,0,0.1,1,0,0,23.5657,31,,256,256,,0,0,0,1
1604113444465,2,1010123456024,70,,1,2,8,1,1,,2.83333,12,0,0.006048,7,0,3.16667,,0,0,0,0,0,0,0,0,0,,24,24,,0,0,0,0
1604113444715,2,1010123456024,70,,1,2,8,1,1,,0.765306,98,0,0.020448,39,0,3,,13.8,5,0,0.1,2,0,0,19.7832,31,,156,156,,0,0,0,1
1604113444965,2,1010123456024,70,,1,2,8,1,1,,0.768041,194,0,0.040896,78,0,3,,15,3,0,0.1,1,0,0,21.1345,31,,352,352,,0,0,0,1
1604113445215,2,1010123456024,70,,1,2,8,1,1,,0.769231,65,0,0.013632,26,0,3,,15,3,0,0.1,1,0,0,22.0994,31,,104,104,,0,0,0,1
1604113445465,2,1010123456024,70,,1,2,8,1,1,,0.75,32,0,0.006816,13,0,3,,0,0,0,0,0,0,0,0,0,,52,52,,0,0,0,0
1604113445715,2,1010123456024,70,,1,2,8,1,1,,0.755102,98,0,0.020448,39,0,3,,14.25,8,0,0.1,3,0,0,20.2911,31,,160,160,,0,0,0,1.375
1604113445965,2,1010123456024,70,,1,2,8,1,1,,0.737778,225,0,0.047264,91,0,3,,0,2,0,0.1,1,0,0,0,31,,428,428,,0,0,0,0
1604113446215,2,1010123456024,70,,1,2,8,1,1,,0.772727,66,0,0.013632,26,0,3,,0,2,0,0.1,1,0,0,0,31,,116,116,,0,0,0,0
1604113446465,2,1010123456024,70,,1,2,8,1,1,,0.773109,119,46,0.0208,40,0,3,,15,3,0,0.1,1,0,0,20.2864,31,,192,192,,0,0,0,1
1604113446715,2,1010123456024,70,,1,2,8,1,1,,0.776316,76,0,0.020096,38,0,3,,13.8,5,0,0.1,2,0,0,21.6054,31,,120,120,,0,0,0,1
1604113446965,2,1010123456024,70,,1,2,8,1,1,,0.783333,60,18,0.00832,16,0,3,,0,0,0,0,0,0,0,0,0,,96,96,,0,0,0,0
1604113447215,2,1010123456024,70,,1,2,8,1,1,,0.747573,103,0,0.02576,49,0,3,,0,0,0,0,0,0,0,0,0,,168,168,,0,0,0,0
1604113447465,2,1010123456024,70,,1,2,8,1,1,,0,0,0,0,0,0,3,,0,0,0,0,0,0,0,0,0,,0,0,,0,0,0,0
1604113447715,2,1010123456024,70,,1,2,8,1,1,,0.784615,65,0,0.013632,26,0,3.16667,,13.8,5,0,0.1,2,0,0,22.5142,31,,104,104,,0,0,0,1
1604113447965,2,1010123456024,70,,1,2,8,1,1,,0.772727,66,0,0.013632,26,0,3,,0,2,0,0.1,1,0,0,0,31,,108,108,,0,0,0,0
1604113448215,2,1010123456024,70,,1,2,8,1,1,,1.3375,80,0,0.018464,30,0,3.16667,,0,0,0,0,0,0,0,0,0,,132,132,,0,0,0,0
1604113448465,2,1010123456024,70,,1,2,8,1,1,,0.769231,65,0,0.01456,28,0,3.66667,,0,0,0,0,0,0,0,0,0,,104,104,,0,0,0,0
1604113448715,2,1010123456024,70,,1,2,8,1,1,,3.17647,17,0,0.006048,7,0,4,,13.8,5,0,0.1,2,0,0,21.6147,31,,28,28,,0,0,0,1
1604113448965,2,1010123456024,70,,1,2,8,1,1,,0,0,0,0,0,0,4,,0,0,0,0,0,0,0,0,0,,0,0,,0,0,0,0
1604113449215,2,1010123456024,70,,1,2,8,1,1,,1.54455,101,0,0.025664,40,0,3.66667,,0,0,0,0,0,0,0,0,0,,164,164,,0,0,0,0
1604113449465,2,1010123456024,70,,1,2,8,1,1,,1.97059,68,0,0.018912,27,0,3.66667,,0,0,0,0,0,0,0,0,0,,108,108,,0,0,0,0
1604113449715,2,1010123456024,70,,1,2,8,1,1,,0.757576,99,0,0.020448,39,0,3,,0,4,0,0.1,2,0,0,0,31,,160,160,,0,0,0,0
1604113449965,2,1010123456024,70,,1,2,8,1,1,,0.78125,32,0,0.006816,13,0,3,,0,0,0,0,0,0,0,0,0,,52,52,,0,0,0,0
1604113450215,2,1010123456024,70,,1,2,8,1,1,,0.784615,65,0,0.013632,26,0,3,,0,0,0,0,0,0,0,0,0,,104,104,,0,0,0,0
1604113450465,2,1010123456024,70,,1,2,8,1,1,,0.773438,128,0,0.027264,52,0,3,,0,0,0,0,0,0,0,0,0,,208,208,,0,0,0,0
1604113450715,2,1010123456024,70,,1,2,8,1,1,,0.757576,99,0,0.020448,39,0,3,,13.8,5,0,0.1,2,0,0,19.5922,31,,156,156,,0,0,0,1
1604113450965,2,1010123456024,70,,1,2,8,1,1,,0.806452,124,0,0.02656,50,0,3,,0,0,0,0,0,0,0,0,0,,200,200,,0,0,0,0
1604113451215,2,1010123456024,70,,1,2,8,1,1,,0.75,64,0,0.010976,21,0,3,,0,0,0,0,0,0,0,0,0,,116,116,,0,0,0,0
1604113451465,2,1010123456024,70,,1,2,8,1,1,,0.78125,32,0,0.009472,18,0,3,,0,0,0,0,0,0,0,0,0,,52,52,,0,0,0,0
1604113451715,2,1010123456024,70,,1,2,8,1,1,,0.798742,159,0,0.033952,64,0,3,,13.8,5,0,0.1,2,0,0,22.3982,31,,260,260,,0,0,0,1
1604113451965,2,1010123456024,70,,1,2,8,1,1,,0.769231,65,0,0.013632,26,0,3,,15,3,0,0.1,1,0,0,19.0579,31,,104,104,,0,0,0,1
1604113452215,2,1010123456024,70,,1,2,8,1,1,,0.78125,96,0,0.020448,39,0,2.83333,,15,3,0,0.1,1,0,0,22.2094,31,,156,156,,0,0,0,1
1604113452465,2,1010123456024,70,,1,2,8,1,1,,0.742857,35,0,0.006816,13,0,3,,0,0,0,0,0,0,0,0,0,,76,76,,0,0,0,0
1604113452715,2,1010123456024,70,,1,2,8,1,1,,0.797872,94,0,0.020096,38,0,3,,13.8,5,0,0.1,2,0,0,22.3404,31,,152,152,,0,0,0,1
1604113452965,2,1010123456024,70,,1,2,8,1,1,,0.768293,82,81,0.013632,26,0,3,,0,0,0,0,0,0,0,0,0,,192,192,,0,0,0,0
1604113453215,2,1010123456024,70,,1,2,8,1,1,,0.771084,83,0,0.020448,39,0,3,,0,0,0,0,0,0,0,0,0,,140,140,,0,0,0,0
1604113453465,2,1010123456024,70,,1,2,8,1,1,,0.757576,33,0,0.006816,13,0,2.83333,,0,0,0,0,0,0,0,0,0,,52,52,,0,0,0,0
1604113453715,2,1010123456024,70,,1,2,8,1,1,,0.362903,124,0,0.021632,50,0,2.83333,,13.8,5,0,0.1,2,0,0,19.7143,31,,200,200,,0,0,0,1
1604113453965,2,1010123456024,70,,1,2,8,1,1,,0.683453,139,0,0.027296,54,0,2.85714,,0,0,0,0,0,0,0,0,0,,304,304,,0,0,0,0
1604113454215,2,1010123456024,70,,1,2,8,1,1,,0.75,32,0,0.006816,13,0,3,,0,0,0,0,0,0,0,0,0,,52,52,,0,0,0,0
1604113454465,2,1010123456024,70,,1,2,8,1,1,,0.757576,33,0,0.006816,13,0,3,,0,0,0,0,0,0,0,0,0,,52,52,,0,0,0,0
1604113454715,2,1010123456024,70,,1,2,8,1,1,,0.793651,126,4,0.022528,43,0,3,,13.8,5,0,0.1,2,0,0,20.0703,31,,204,204,,0,0,0,1
1604113454965,2,1010123456024,70,,1,2,8,1,1,,0.1,3,0,0.004736,9,0,3,,0,0,0,0,0,0,0,0,0,,4,4,,0,0,0,0
1604113455215,2,1010123456024,70,,1,2,8,1,1,,0,0,0,0,0,0,3,,0,0,0,0,0,0,0,0,0,,0,0,,0,0,0,0
1604113455465,2,1010123456024,70,,1,2,8,1,1,,0.784314,51,53,0.006816,13,0,3,,0,0,0,0,0,0,0,0,0,,84,84,,0,0,0,0
1604113455715,2,1010123456024,70,,1,2,8,1,1,,1.9697,33,0,0.012864,20,0,3.66667,,13.8,5,0,0.1,2,0,0,18.4351,31,,48,48,,0,0,0,1
1604113455965,2,1010123456024,70,,1,2,8,1,1,,1.18182,110,0,0.025792,44,0,3.42857,,0,0,0,0,0,0,0,0,0,,176,176,,0,0,0,0
1604113456215,2,1010123456024,70,,1,2,8,1,1,,2.67568,37,0,0.012032,15,0,3.66667,,0,0,0,0,0,0,0,0,0,,60,60,,0,0,0,0
1604113456465,2,1010123456024,70,,1,2,8,1,1,,1.98529,68,0,0.018912,27,0,3.83333,,0,0,0,0,0,0,0,0,0,,108,108,,0,0,0,0
1604113456715,2,1010123456024,70,,1,2,8,1,1,,3.40625,32,0,0.011808,13,0,4,,13.8,5,0,0.1,2,0,0,19.8607,31,,52,52,,0,0,0,1
1604113456965,2,1010123456024,70,,1,2,8,1,1,,3.30488,82,0,0.0296,33,0,4,,0,0,0,0,0,0,0,0,0,,132,132,,0,0,0,0
1604113457215,2,1010123456024,70,,1,2,8,1,1,,3.64444,45,0,0.01728,18,0,4,,0,0,0,0,0,0,0,0,0,,72,72,,0,0,0,0
1604113457465,2,1010123456024,70,,1,2,8,1,1,,3.05556,18,0,0.006048,7,0,4,,0,0,0,0,0,0,0,0,0,,28,28,,0,0,0,0
1604113457715,2,1010123456024,70,,1,2,8,1,1,,3.36923,65,0,0.023552,26,0,4,,13.8,5,0,0.1,2,0,0,20.9779,31,,132,132,,0,0,0,1
1604113457965,2,1010123456024,70,,1,2,8,1,1,,3.11765,17,0,0.005984,7,0,4,,0,0,0,0,0,0,0,0,0,,28,28,,0,0,0,0
1604113458215,2,1010123456024,70,,1,2,8,1,1,,3.64286,14,0,0.00576,6,0,3.83333,,0,0,0,0,0,0,0,0,0,,32,32,,0,0,0,0
1604113458465,2,1010123456024,70,,1,2,8,1,1,,3.33333,33,0,0.011808,13,0,4,,0,0,0,0,0,0,0,0,0,,52,52,,0,0,0,0
1604113458715,2,1010123456024,70,,1,2,8,1,1,,3.68,25,52,0.00576,6,0,4,,13.8,5,0,0.1,2,0,0,20.3462,31,,52,52,,0,0,0,1
1604113458965,2,1010123456024,70,,1,2,8,1,1,,3.02564,78,0,0.030176,35,0,4,,15,3,0,0.1,1,0,0,20.2597,31,,176,176,,0,0,0,1
1604113459215,2,1010123456024,70,,1,2,8,1,1,,3.66667,15,0,0.00576,6,0,4,,0,0,0,0,0,0,0,0,0,,24,24,,0,0,0,0
1604113459465,2,1010123456024,70,,1,2,8,1,1,,3.17647,34,0,0.012096,14,0,4,,0,0,0,0,0,0,0,0,0,,56,56,,0,0,0,0
1604113459715,2,1010123456024,70,,1,2,8,1,1,,3.36923,65,0,0.017792,20,0,4,,13.8,5,0,0.1,2,0,0,21.3036,31,,104,104,,0,0,0,1
1604113459965,2,1010123456024,70,,1,2,8,1,1,,0,0,0,0.00576,6,0,4,,0,0,0,0,0,0,0,0,0,,0,0,,0,0,0,0
1604113460215,2,1010123456024,70,,1,2,8,1,1,,0,0,0,0,0,0,4,,0,0,0,0,0,0,0,0,0,,0,0,,0,0,0,0
1604113460465,2,1010123456024,70,,1,2,8,1,1,,2.93243,74,0,0.023968,29,0,4,,15,3,0,0.1,1,0,0,21.9075,31,,172,172,,0,0,0,1
1604113460715,2,1010123456024,70,,1,2,8,1,1,,3.6,15,0,0.00576,6,0,3.83333,,13.8,5,0,0.1,2,0,0,17.1847,31,,24,24,,0,0,0,1
1604113460965,2,1010123456024,70,,1,2,8,1,1,,3.11429,35,0,0.008384,10,0,4,,14,3,0,0.1,1,0,0,21.6077,31,,56,56,,0,0,0,1
1604113461215,2,1010123456024,70,,1,2,8,1,1,,3.63333,30,0,0.015168,16,0,4,,0,0,0,0,0,0,0,0,0,,48,48,,0,0,0,0
1604113461465,2,1010123456024,70,,1,2,8,1,1,,3.17647,17,0,0.006048,7,0,3.66667,,0,0,0,0,0,0,0,0,0,,28,28,,0,0,0,0
1604113461715,2,1010123456024,70,,1,2,8,1,1,,2.33962,53,52,0.012288,17,0,3.66667,,0,0,0,0,0,0,0,0,0,,84,84,,0,0,0,0
1604113461965,2,1010123456024,70,,1,2,8,1,1,,1.35714,84,4,0.021216,31,0,3.28571,,13.2,5,0,0.1,2,0,0,18.8389,31,,144,144,,0,0,0,1
1604113462215,2,1010123456024,70,,1,2,8,1,1,,0.8125,96,0,0.02448,46,0,3,,15,6,0,0.1,2,0,0,20.8273,31,,172,172,,0,0,0,1
1604113462465,2,1010123456024,70,,1,2,8,1,1,,1.22222,54,0,0.013056,22,0,3.2,,14.5,6,0,0.1,2,0,0,17.0807,31,,108,108,,0,0,0,1
1604113462715,2,1010123456024,70,,1,2,8,1,1,,1.39024,41,74,0.006816,13,0,3.5,,12.8,5,0,0.1,2,0,0,20.7629,31,,64,64,,0,0,0,1
1604113462965,2,1010123456024,70,,1,2,8,1,1,,1.04762,42,0,0.012864,20,0,3.42857,,15,3,0,0.1,1,0,0,22.1778,0,,68,68,,0,0,0,1
1604113463215,2,1010123456024,70,,1,2,8,1,1,,1.68421,95,0,0.025152,38,0,3.5,,0,2,0,0.1,1,0,0,0,31,,152,152,,0,0,0,0
1604113463465,2,1010123456024,70,,1,2,8,1,1,,1.5,50,0,0.012864,20,0,3.83333,,0,0,0,0,0,0,0,0,0,,80,80,,0,0,0,0
1604113463715,2,1010123456024,70,,1,2,8,1,1,,0,0,0,0,0,0,4.33333,,0,0,0,0,0,0,0,0,0,,0,0,,0,0,0,0
1604113463965,2,1010123456024,70,,1,2,8,1,1,,3.3125,32,0,0.011808,13,0,4.28571,,13.2,5,0,0.1,2,0,0,19.1839,31,,52,52,,0,0,0,1
1604113464215,2,1010123456024,70,,1,2,8,1,1,,3.81818,55,0,0.02304,22,0,4,,15,3,0,0.1,1,0,0,19.44,31,,92,92,,0,0,0,1
1604113464465,2,1010123456024,70,,1,2,8,1,1,,3.66667,15,0,0.00576,6,0,4,,0,0,0,0,0,0,0,0,0,,24,24,,0,0,0,0
1604113464715,2,1010123456024,70,,1,2,8,1,1,,3.07285,151,0,0.049152,56,0,4,,13.7778,9,0,0.1,4,0,0,17.6987,31,,244,244,,0,0,0,1
1604113464965,2,1010123456024,70,,1,2,8,1,1,,3.15152,99,0,0.040288,45,0,4,,0,2,0,0.1,1,0,0,0,31,,160,160,,0,0,0,0
1604113465215,2,1010123456024,70,,1,2,8,1,1,,2.94118,34,0,0.012032,14,0,4,,0,2,0,0.1,1,0,0,0,31,,56,56,,0,0,0,0
1604113465465,2,1010123456024,70,,1,2,8,1,1,,2.88732,71,0,0.024064,28,0,4,,0,0,0,0,0,0,0,0,0,,112,112,,0,0,0,0
1604113465715,2,1010123456024,70,,1,2,8,1,1,,3.64286,14,0,0.00576,6,0,4,,12.8,5,0,0.1,2,0,0,19.4453,31,,24,24,,0,0,0,1
1604113465965,2,1010123456024,70,,1,2,8,1,1,,3.28125,32,0,0.011744,13,0,4,,0,0,0,0,0,0,0,0,0,,52,52,,0,0,0,0
1604113466215,2,1010123456024,70,,1,2,8,1,1,,3.04412,68,0,0.023904,27,0,4.16667,,0,0,0,0,0,0,0,0,0,,108,108,,0,0,0,0
1604113466465,2,1010123456024,70,,1,2,8,1,1,,3.40984,61,0,0.02336,24,0,4.33333,,0,2,0,0.1,1,0,0,0,31,,96,96,,0,0,0,0
1604113466715,2,1010123456024,70,,1,2,8,1,1,,4.6,35,0,0.017056,14,0,4.83333,,12.8,5,0,0.1,2,0,0,17.5347,31,,56,56,,0,0,0,1
1604113466965,2,1010123456024,70,,1,2,8,1,1,,5.5,10,0,0.00576,4,0,5,,0,0,0,0,0,0,0,0,0,,16,16,,0,0,0,0
1604113467215,2,1010123456024,70,,1,2,8,1,1,,4.26263,99,0,0.04592,40,0,4.83333,,0,0,0,0,0,0,0,0,0,,160,160,,0,0,0,0
1604113467465,2,1010123456024,70,,1,2,4,1,1,,4.82222,45,0,0.022368,18,0,4.83333,,0,2,0,0.1,1,0,0,0,31,,72,72,,0,0,0,0
1604113467715,2,1010123456024,70,,1,2,4,1,1,,0,0,0,0,0,0,5.33333,,0,0,0,0,0,0,0,0,0,,0,0,,0,0,0,0
1604113467965,2,1010123456024,70,,1,2,4,1,1,,5.25,20,0,0.011072,8,0,5,,12.8,5,0,0.1,2,0,0,18.5317,31,,32,32,,0,0,0,1.4
1604113468215,2,1010123456024,70,,1,2,4,1,1,,5.25,40,0,0.022144,16,0,5,,0,0,0,0,0,0,0,0,0,,64,64,,0,0,0,0
1604113468465,2,1010123456024,70,,1,2,4,1,1,,2.12,75,32,0.020128,22,0,3.83333,,0,0,0,0,0,0,0,0,0,,120,120,,0,0,0,0
1604113468715,2,1010123456024,70,,1,2,4,1,1,,2.89189,37,0,0.015936,23,0,4.83333,,13.2,5,0,0.1,2,0,0,20.8631,31,,60,60,,0,0,0,1
1604113468965,2,1010123456024,70,,1,2,4,1,1,,3.73333,30,0,0.011648,12,0,4.14286,,0,0,0,0,0,0,0,0,0,,48,48,,0,0,0,0
1604113469215,2,1010123456024,70,,1,2,4,1,1,,3.6,30,0,0.011648,12,0,3.5,,0,0,0,0,0,0,0,0,0,,48,48,,0,0,0,0
1604113469465,2,1010123456024,70,,1,2,4,1,1,,0,0,0,0,0,0,4.33333,,0,0,0,0,0,0,0,0,0,,0,0,,0,0,0,0
1604113469715,2,1010123456024,70,,1,2,4,1,1,,0,0,0,0,0,0,4,,0,0,0,0,0,0,0,0,0,,0,0,,0,0,0,0
1604113469965,2,1010123456024,70,,1,2,4,1,1,,0,0,0,0,0,0,4.14286,,0,0,0,0,0,0,0,0,0,,0,0,,0,0,0,0
1604113470215,2,1010123456024,70,,1,2,4,1,1,,0,0,0,0,0,0,4.16667,,0,0,0,0,0,0,0,0,0,,0,0,,0,0,0,0
1604113470465,2,1010123456024,70,,1,2,4,1,1,,0,0,0,0,0,0,3.83333,,0,0,0,0,0,0,0,0,0,,0,0,,0,0,0,0
1604113470715,2,1010123456024,70,,1,2,4,1,1,,0,0,0,0,0,0,4,,0,0,0,0,0,0,0,0,0,,0,0,,0,0,0,0
1604113470965,2,1010123456024,70,,1,2,4,1,1,,0,0,0,0,0,0,4,,0,0,0,0,0,0,0,0,0,,0,0,,0,0,0,0
1604113471215,2,1010123456024,70,,1,2,4,1,1,,0,0,0,0,0,0,4,,0,0,0,0,0,0,0,0,0,,0,0,,0,0,0,0
1604113471465,2,1010123456024,70,,1,2,4,1,1,,0,0,0,0,0,0,4.16667,,0,0,0,0,0,0,0,0,0,,0,0,,0,0,0,0
1604113471715,2,1010123456024,70,,1,2,4,1,1,,0,0,0,0,0,0,3.33333,,0,0,0,0,0,0,0,0,0,,0,0,,0,0,0,0
1604113471965,2,1010123456024,70,,1,2,4,1,1,,0,0,0,0,0,0,4,,0,0,0,0,0,0,0,0,0,,0,0,,0,0,0,0
1604113472215,2,1010123456024,70,,1,2,4,1,1,,0,0,0,0,0,0,4,,0,0,0,0,0,0,0,0,0,,0,0,,0,0,0,0
1604113472465,2,1010123456024,70,,1,2,4,1,1,,0,0,0,0,0,0,4,,0,0,0,0,0,0,0,0,0,,0,0,,0,0,0,0
1604113472715,2,1010123456024,70,,1,2,4,1,1,,0,0,0,0,0,0,4,,0,0,0,0,0,0,0,0,0,,0,0,,0,0,0,0
1604113472965,2,1010123456024,70,,1,2,4,1,1,,0,0,0,0,0,0,4,,0,0,0,0,0,0,0,0,0,,0,0,,0,0,0,0
1604113473215,1,1010123456024,70,,1,2,4,1,1,,0,0,0,0,0,0,4,,0,0,0,0,0,0,0,0,0,,0,0,,0,0,0,0
1604113473465,1,1010123456024,70,,1,2,4,1,1,,0,0,0,0,0,0,4,,0,0,0,0,0,0,0,0,0,,0,0,,0,0,0,0
1604113473715,1,1010123456024,70,,1,2,4,1,1,,0,0,0,0,0,0,4.83333,,0,0,0,0,0,0,0,0,0,,0,0,,0,0,0,0
1604113473965,1,1010123456024,70,,1,2,4,1,1,,0,0,0,0,0,0,4,,0,0,0,0,0,0,0,0,0,,0,0,,0,0,0,0
1604113474215,1,1010123456024,70,,1,2,4,1,1,,0,0,0,0,0,0,4,,0,0,0,0,0,0,0,0,0,,0,0,,0,0,0,0
1604113474465,1,1010123456024,70,,1,2,4,1,1,,0,0,0,0,0,0,4,,0,0,0,0,0,0,0,0,0,,0,0,,0,0,0,0
1604113474715,1,1010123456024,70,,1,2,4,1,1,,0,0,0,0,0,0,3.33333,,0,0,0,0,0,0,0,0,0,,0,0,,0,0,0,0
1604113474965,1,1010123456024,70,,1,2,4,1,1,,0,0,0,0,0,0,4,,0,0,0,0,0,0,0,0,0,,0,0,,0,0,0,0
1604113475215,1,1010123456024,70,,1,2,4,1,1,,0,0,0,0,0,0,7.5,,0,0,0,0,0,0,0,0,0,,0,0,,0,0,0,0
1604113475465,1,1010123456024,70,,1,2,4,1,1,,0,0,0,0,0,0,7,,0,0,0,0,0,0,0,0,0,,0,0,,0,0,0,0
1604113475715,1,1010123456024,70,,1,2,4,1,1,,0,0,0,0,0,0,9,,0,0,0,0,0,0,0,0,0,,0,0,,0,0,0,0
1604113475965,1,1010123456024,70,,1,2,4,1,1,,0,0,0,0,0,0,9.5,,0,0,0,0,0,0,0,0,0,,0,0,,0,0,0,0
1604113476215,1,1010123456024,70,,1,2,4,1,1,,0,0,0,0,0,0,0.1,,0,0,0,0,0,0,0,0,0,,0,0,,0,0,0,0
1604113476465,1,1010123456024,70,,1,2,4,1,1,,0,0,0,0,0,0,3,,0,0,0,0,0,0,0,0,0,,0,0,,0,0,0,0
1604113476715,1,1010123456024,70,,1,2,4,1,1,,0,0,0,0,0,0,15,,0,0,0,0,0,0,0,0,0,,0,0,,0,0,0,0
1604113476965,1,1010123456024,70,,1,2,4,1,1,,0,0,0,0,0,0,9,,0,0,0,0,0,0,0,0,0,,0,0,,0,0,0,0
1604113477215,1,1010123456024,70,,1,2,4,1,1,,0,0,0,0,0,0,8.5,,0,0,0,0,0,0,0,0,0,,0,0,,0,0,0,0
1604113477465,1,1010123456024,70,,1,2,4,1,1,,0,0,0,0,0,0,4,,0,0,0,0,0,0,0,0,0,,0,0,,0,0,0,0
1604113477715,1,1010123456024,70,,1,2,4,1,1,,0,0,0,0,0,0,8.5,,0,0,0,0,0,0,0,0,0,,0,0,,0,0,0,0
1604113477965,1,1010123456024,70,,1,2,4,1,1,,0,0,0,0,0,0,8,,0,0,0,0,0,0,0,0,0,,0,0,,0,0,0,0
1604113478215,1,1010123456024,70,,1,2,4,1,1,,0,0,0,0,0,0,9,,0,0,0,0,0,0,0,0,0,,0,0,,0,0,0,0
1604113478465,1,1010123456024,70,,1,2,4,1,1,,0,0,0,0,0,0,7.25,,0,0,0,0,0,0,0,0,0,,0,0,,0,0,0,0
1604113478715,1,1010123456024,70,,1,2,4,1,1,,0,0,0,0,0,0,3.33333,,0,0,0,0,0,0,0,0,0,,0,0,,0,0,0,0
1604113478965,1,1010123456024,70,,1,2,4,1,1,,0,0,0,0,0,0,9.66667,,0,0,0,0,0,0,0,0,0,,0,0,,0,0,0,0
1604113479215,1,1010123456024,70,,1,2,4,1,1,,0,0,0,0,0,0,0.5,,0,0,0,0,0,0,0,0,0,,0,0,,0,0,0,0
1604113479465,1,1010123456024,70,,1,2,4,1,1,,0,0,0,0,0,0,6.33333,,0,0,0,0,0,0,0,0,0,,0,0,,0,0,0,0
1604113479715,1,1010123456024,70,,1,2,4,1,1,,0,0,0,0,0,0,4.33333,,0,0,0,0,0,0,0,0,0,,0,0,,0,0,0,0
1604113479965,1,1010123456024,70,,1,2,4,1,1,,0,0,0,0,0,0,4.5,,0,0,0,0,0,0,0,0,0,,0,0,,0,0,0,0
1604113480215,1,1010123456024,70,,1,2,4,1,1,,0,0,0,0,0,0,7,,0,0,0,0,0,0,0,0,0,,0,0,,0,0,0,0
1604113480465,1,1010123456024,70,,1,2,4,1,1,,0,0,0,0,0,0,11,,0,0,0,0,0,0,0,0,0,,0,0,,0,0,0,0
1604113480715,1,1010123456024,70,,1,2,4,1,1,,0,0,0,0,0,0,5.5,,0,0,0,0,0,0,0,0,0,,0,0,,0,0,0,0
1604113480965,1,1010123456024,70,,1,2,4,1,1,,0,0,0,0,0,0,3.66667,,0,0,0,0,0,0,0,0,0,,0,0,,0,0,0,0
1604113481215,1,1010123456024,70,,1,2,4,1,1,,0,0,0,0,0,0,7.66667,,0,0,0,0,0,0,0,0,0,,0,0,,0,0,0,0
1604113481465,1,1010123456024,70,,1,2,4,1,1,,0,0,0,0,0,0,3.5,,0,0,0,0,0,0,0,0,0,,0,0,,0,0,0,0
1604113481715,1,1010123456024,70,,1,2,4,1,1,,0,0,0,0,0,0,11.3333,,0,0,0,0,0,0,0,0,0,,0,0,,0,0,0,0
1604113481965,1,1010123456024,70,,1,2,4,1,1,,0,0,0,0,0,0,4.6,,0,0,0,0,0,0,0,0,0,,0,0,,0,0,0,0
1604113482215,1,1010123456024,70,,1,2,4,1,1,,0,0,0,0,0,0,7.25,,0,0,0,0,0,0,0,0,0,,0,0,,0,0,0,0
1604113482465,1,1010123456024,70,,1,2,4,1,1,,0,0,0,0,0,0,11.5,,0,0,0,0,0,0,0,0,0,,0,0,,0,0,0,0
1604113482715,1,1010123456024,70,,1,2,4,1,1,,0,0,0,0,0,0,5.33333,,0,0,0,0,0,0,0,0,0,,0,0,,0,0,0,0
1604113482965,1,1010123456024,70,,1,2,4,1,1,,0,0,0,0,0,0,7.66667,,0,0,0,0,0,0,0,0,0,,0,0,,0,0,0,0
1604113483215,1,1010123456024,70,,1,2,4,1,1,,0,0,0,0,0,0,7,,0,0,0,0,0,0,0,0,0,,0,0,,0,0,0,0
1604113483465,1,1010123456024,70,,1,2,4,1,1,,0,0,0,0,0,0,9.25,,0,0,0,0,0,0,0,0,0,,0,0,,0,0,0,0
1604113483715,1,1010123456024,70,,1,2,4,1,1,,0,0,0,0,0,0,13,,0,0,0,0,0,0,0,0,0,,0,0,,0,0,0,0
1604113483965,1,1010123456024,70,,1,2,4,1,1,,0,0,0,0,0,0,12,,0,0,0,0,0,0,0,0,0,,0,0,,0,0,0,0
1604113484215,1,1010123456024,70,,1,2,4,1,1,,0,0,0,0,0,0,0.1,,0,0,0,0,0,0,0,0,0,,0,0,,0,0,0,0
1604113484465,1,1010123456024,70,,1,2,4,1,1,,0,0,0,0,0,0,4,,0,0,0,0,0,0,0,0,0,,0,0,,0,0,0,0
1604113484715,1,1010123456024,70,,1,2,4,1,1,,0,0,0,0,0,0,4.16667,,0,0,0,0,0,0,0,0,0,,0,0,,0,0,0,0
1604113484965,1,1010123456024,70,,1,2,4,1,1,,0,0,0,0,0,0,9.5,,0,0,0,0,0,0,0,0,0,,0,0,,0,0,0,0
1604113485215,1,1010123456024,70,,1,2,4,1,1,,0,0,0,0,0,0,0.5,,0,0,0,0,0,0,0,0,0,,0,0,,0,0,0,0
1604113485465,1,1010123456024,70,,1,2,4,1,1,,0,0,0,0,0,0,5.25,,0,0,0,0,0,0,0,0,0,,0,0,,0,0,0,0
1604113485715,1,1010123456024,70,,1,2,4,1,1,,0,0,0,0,0,0,7,,0,0,0,0,0,0,0,0,0,,0,0,,0,0,0,0
1604113485965,1,1010123456024,70,,1,2,4,1,1,,0,0,0,0,0,0,5,,0,0,0,0,0,0,0,0,0,,0,0,,0,0,0,0
1604113486215,1,1010123456024,70,,1,2,4,1,1,,0,0,0,0,0,0,0.1,,0,0,0,0,0,0,0,0,0,,0,0,,0,0,0,0
1604113486465,1,1010123456024,70,,1,2,4,1,1,,0,0,0,0,0,0,10,,0,0,0,0,0,0,0,0,0,,0,0,,0,0,0,0
1604113486715,1,1010123456024,70,,1,2,4,1,1,,0,0,0,0,0,0,10.5,,0,0,0,0,0,0,0,0,0,,0,0,,0,0,0,0
1604113486965,1,1010123456024,70,,1,2,4,1,1,,0,0,0,0,0,0,11,,0,0,0,0,0,0,0,0,0,,0,0,,0,0,0,0
1604113487215,1,1010123456024,70,,1,2,4,1,1,,0,0,0,0,0,0,7.66667,,0,0,0,0,0,0,0,0,0,,0,0,,0,0,0,0
1604113487465,1,1010123456024,70,,1,2,4,1,1,,0,0,0,0,0,0,7.66667,,0,0,0,0,0,0,0,0,0,,0,0,,0,0,0,0
1604113487715,1,1010123456024,70,,1,2,4,1,1,,0,0,0,0,0,0,4,,0,0,0,0,0,0,0,0,0,,0,0,,0,0,0,0
