time,cc,pci,earfcn,rsrp,pl,cfo,dl_mcs,dl_snr,dl_turbo,dl_brate,dl_bler,ul_ta,ul_mcs,ul_buff,ul_brate,ul_bler,rf_o,rf_u,rf_l,is_attached
0,0,0,4294967295,0.0,0.0,0.0,0.0,0.0,0.0,0.0,0.0,0.0,0.0,0.0,0.0,0.0,0.0,0.0,0.0,0.0
249,0,0,3400,0.0,0.0,0.0,0.0,0.0,0.0,0.0,0.0,0.0,0.0,0.0,0.0,0.0,0.0,0.0,0.0,0.0
498,0,0,3400,0.0,0.0,0.0,0.0,0.0,0.0,0.0,0.0,0.0,0.0,0.0,0.0,0.0,0.0,0.0,0.0,0.0
747,0,1,3400,0.0,0.0,0.0,0.0,0.0,0.0,0.0,0.0,0.0,0.0,0.0,0.0,0.0,0.0,0.0,0.0,0.0
996,0,1,3400,0.0,0.0,0.0,0.0,0.0,0.0,0.0,0.0,0.0,0.0,0.0,0.0,0.0,0.0,0.0,0.0,0.0
1245,0,1,3400,-84,84,-289,1.3,3.6,0.52,1888.000000,0,0.0,0.0,6.0,0.0,0.0,0.0,0.0,0.0,0.0
1494,0,1,3400,-83,83,-288,2.6,3.8,2.7,0.0,100.000000,0.0,0.0,0.0,672,0,0.0,0.0,0.0,0.0
1743,0,1,3400,-82,82,-288,3.2,3.2,3.9,0.0,100.000000,27,0.0,0.0,223,0,0.0,0.0,0.0,0.0
1992,0,1,3400,-82,82,-307,2.5,3.1,4.0,0.0,0.0,0.0,0.0,0.0,0.0,0.0,0.0,0.0,0.0,0.0
2241,0,1,3400,-82,82,-294,2.5,2.8,4.0,0.0,0.0,0.0,0.0,0.0,0.0,0.0,0.0,0.0,0.0,0.0
2490,0,1,3400,-82,82,-317,2.5,2.6,4.0,0.0,0.0,0.0,0.0,0.0,0.0,0.0,0.0,0.0,0.0,0.0
2739,0,1,3400,-82,82,-298,2.5,2.5,4.0,0.0,0.0,0.0,0.0,0.0,0.0,0.0,0.0,0.0,0.0,0.0
2988,0,1,3400,-82,82,-307,2.5,2.5,4.0,0.0,0.0,0.0,0.0,0.0,0.0,0.0,0.0,0.0,0.0,0.0
3237,0,1,3400,-82,82,-293,2.5,2.9,4.0,0.0,0.0,0.0,0.0,0.0,0.0,0.0,0.0,0.0,0.0,0.0
3486,0,1,3400,-82,82,-300,2.5,2.8,4.0,0.0,0.0,0.0,0.0,0.0,0.0,0.0,0.0,0.0,0.0,0.0
3735,0,1,3400,-83,83,-298,2.5,3.1,4.0,0.0,0.0,0.0,0.0,0.0,0.0,0.0,0.0,0.0,0.0,0.0
3984,0,1,3400,-82,82,-295,2.5,3.0,4.0,0.0,0.0,0.0,0.0,0.0,0.0,0.0,0.0,0.0,0.0,0.0
4233,0,1,3400,-82,82,-300,2.5,2.7,4.0,0.0,0.0,0.0,0.0,0.0,0.0,0.0,0.0,0.0,0.0,0.0
4482,0,1,3400,-82,82,-298,2.5,2.8,4.0,0.0,0.0,0.0,0.0,0.0,0.0,0.0,0.0,0.0,0.0,0.0
4731,0,1,3400,-82,82,-332,2.5,2.8,4.0,0.0,0.0,0.0,0.0,0.0,0.0,0.0,0.0,0.0,0.0,0.0
4980,0,1,3400,-82,82,-291,2.5,2.7,4.0,0.0,0.0,0.0,0.0,0.0,0.0,0.0,0.0,0.0,0.0,0.0
5229,0,1,3400,-82,82,-354,2.5,2.9,4.0,0.0,0.0,0.0,0.0,0.0,0.0,0.0,0.0,0.0,0.0,0.0
5478,0,1,3400,-79,79,-38,2.9,7.5,2.7,558,0,0.0,0.0,0.0,0.0,0.0,0.0,0.0,0.0,0.0
5727,0,1,3400,-79,79,-43,4.9,7.5,1.3,2336.000000,0,0.0,0.0,33,224,0,0.0,0.0,0.0,1.0
5976,0,1,3400,-79,79,-43,5.3,8.1,0.94,3040.000000,0,27,0.0,19,5728.000000,0,0.0,0.0,0.0,1.0
6225,0,1,3400,-79,79,-44,4.4,7.9,0.63,7264.000000,0,27,0.65,32,14816.000000,38,0.0,0.0,0.0,1.0
6474,0,1,3400,-79,79,-44,9.1,7.4,2.9,0.0,100.000000,27,0.50,0.0,4160.000000,36,0.0,0.0,0.0,1.0
6723,0,1,3400,-79,79,-44,6.8,7.1,2.2,0.0,0.0,27,0.040,0.0,911,20,0.0,0.0,0.0,0.0
6972,0,1,3400,-79,79,-44,1.00,7.5,0.50,0.0,0.0,27,0.0,0.0,448,0,0.0,0.0,0.0,0.0
7221,0,1,3400,-79,79,-47,1.0,7.1,0.50,0.0,0.0,0.0,0.0,0.0,672,25,0.0,0.0,0.0,0.0
7470,0,1,3400,-79,79,-46,1.00,7.2,0.50,0.0,0.0,27,0.0,0.0,672,14,0.0,0.0,0.0,0.0
7719,0,1,3400,-79,79,-45,1.00,7.1,0.50,0.0,0.0,27,0.0,0.0,0.0,0.0,0.0,0.0,0.0,0.0
7968,0,1,3400,-79,79,-45,1.0,7.4,0.50,0.0,0.0,27,0.0,0.0,0.0,0.0,0.0,0.0,0.0,0.0
8217,0,1,3400,-78,78,-48,1.0,6.8,0.50,0.0,0.0,27,0.0,0.0,0.0,0.0,0.0,0.0,0.0,0.0
8466,0,1,3400,-78,78,-44,1.0,6.7,0.50,0.0,0.0,27,0.0,0.0,0.0,0.0,0.0,0.0,0.0,0.0
8715,0,1,3400,-78,78,-42,1.0,6.6,0.50,0.0,0.0,27,0.0,0.0,0.0,0.0,0.0,0.0,0.0,0.0
8964,0,1,3400,-79,79,-44,1.0,7.2,0.50,0.0,0.0,27,0.0,0.0,0.0,0.0,0.0,0.0,0.0,0.0
9213,0,1,3400,-79,79,-43,1.0,7.5,0.50,0.0,0.0,27,0.0,0.0,0.0,0.0,0.0,0.0,0.0,0.0
9462,0,1,3400,-79,79,-48,1.0,6.9,0.50,0.0,0.0,27,0.0,0.0,0.0,0.0,0.0,0.0,0.0,0.0
9711,0,1,3400,-79,79,-42,1.0,7.6,0.50,0.0,0.0,27,0.0,0.0,0.0,0.0,0.0,0.0,0.0,0.0
9960,0,1,3400,-79,79,-44,1.0,7.7,0.50,0.0,0.0,27,0.0,0.0,0.0,0.0,0.0,0.0,0.0,0.0
10209,0,1,3400,-79,79,-43,1.0,7.9,0.50,0.0,0.0,27,0.0,0.0,0.0,0.0,0.0,0.0,0.0,0.0
10458,0,1,3400,-79,79,-42,1.0,8.4,0.50,0.0,0.0,27,0.0,0.0,0.0,0.0,0.0,0.0,0.0,0.0
10707,0,1,3400,-79,79,-45,1.0,9.3,0.50,0.0,0.0,27,0.0,0.0,0.0,0.0,0.0,0.0,0.0,0.0
10956,0,1,3400,-79,79,-47,1.0,8.7,0.50,0.0,0.0,27,0.0,0.0,0.0,0.0,0.0,0.0,0.0,0.0
11205,0,1,3400,-79,79,-49,1.0,9.3,0.50,0.0,0.0,27,0.0,0.0,0.0,0.0,0.0,0.0,0.0,0.0
11454,0,1,3400,-79,79,-47,1.0,9.1,0.50,0.0,0.0,27,0.0,0.0,0.0,0.0,0.0,0.0,0.0,0.0
11703,0,1,3400,-79,79,-45,1.0,8.0,0.50,0.0,0.0,27,0.0,0.0,0.0,0.0,0.0,0.0,0.0,0.0
11952,0,1,3400,-79,79,-46,1.0,9.0,0.50,0.0,0.0,27,0.0,0.0,0.0,0.0,0.0,0.0,0.0,0.0
12201,0,1,3400,-79,79,-47,1.0,8.9,0.50,0.0,0.0,27,0.0,0.0,0.0,0.0,0.0,0.0,0.0,0.0
12450,0,1,3400,-79,79,-45,1.0,8.4,0.50,0.0,0.0,27,0.0,0.0,0.0,0.0,0.0,0.0,0.0,0.0
12699,0,1,3400,-79,79,-46,1.0,8.6,0.50,0.0,0.0,27,0.0,0.0,0.0,0.0,0.0,0.0,0.0,0.0
12948,0,1,3400,-79,79,-47,1.0,8.2,0.50,0.0,0.0,27,0.0,0.0,0.0,0.0,0.0,0.0,0.0,0.0
13197,0,1,3400,-79,79,-50,1.0,9.2,0.50,0.0,0.0,27,0.0,0.0,0.0,0.0,0.0,0.0,0.0,0.0
13446,0,1,3400,-79,79,-48,1.0,9.1,0.50,0.0,0.0,27,0.0,0.0,0.0,0.0,0.0,0.0,0.0,0.0
13695,0,1,3400,-79,79,-49,1.0,9.0,0.50,0.0,0.0,27,0.0,0.0,0.0,0.0,0.0,0.0,0.0,0.0
13944,0,1,3400,-79,79,-50,1.0,9.1,0.50,0.0,0.0,27,0.0,0.0,0.0,0.0,0.0,0.0,0.0,0.0
14193,0,1,3400,-79,79,-47,1.0,8.8,0.50,0.0,0.0,27,0.0,0.0,0.0,0.0,0.0,0.0,0.0,0.0
14442,0,1,3400,-79,79,-47,1.0,8.6,0.50,0.0,0.0,27,0.0,0.0,0.0,0.0,0.0,0.0,0.0,0.0
14691,0,1,3400,-79,79,-47,1.0,7.5,0.50,0.0,0.0,27,0.0,0.0,0.0,0.0,0.0,0.0,0.0,0.0
14940,0,1,3400,-79,79,-49,1.0,9.2,0.50,0.0,0.0,27,0.0,0.0,0.0,0.0,0.0,0.0,0.0,0.0
15189,0,1,3400,-79,79,-50,1.0,9.1,0.50,0.0,0.0,27,0.0,0.0,0.0,0.0,0.0,0.0,0.0,0.0
15438,0,1,3400,-79,79,-50,1.0,8.9,0.50,0.0,0.0,27,0.0,0.0,0.0,0.0,0.0,0.0,0.0,0.0
15687,0,1,3400,-79,79,-49,1.0,6.8,0.50,0.0,0.0,27,0.0,0.0,0.0,0.0,0.0,0.0,0.0,0.0
15936,0,1,3400,-79,79,-49,1.0,8.4,0.50,0.0,0.0,27,0.0,0.0,0.0,0.0,0.0,0.0,0.0,0.0
16185,0,1,3400,-79,79,-52,1.0,7.7,0.50,0.0,0.0,27,0.0,0.0,0.0,0.0,0.0,0.0,0.0,0.0
16434,0,1,3400,-79,79,-52,1.0,8.0,0.50,0.0,0.0,27,0.0,0.0,0.0,0.0,0.0,0.0,0.0,0.0
16683,0,1,3400,-79,79,-53,1.0,7.4,0.50,0.0,0.0,27,0.0,0.0,0.0,0.0,0.0,0.0,0.0,0.0
16932,0,1,3400,-79,79,-50,1.0,7.2,0.50,0.0,0.0,27,0.0,0.0,0.0,0.0,0.0,0.0,0.0,0.0
17181,0,1,3400,-79,79,-52,1.0,7.6,0.50,0.0,0.0,27,0.0,0.0,0.0,0.0,0.0,0.0,0.0,0.0
17430,0,1,3400,-79,79,-52,1.0,7.8,0.50,0.0,0.0,27,0.0,0.0,0.0,0.0,0.0,0.0,0.0,0.0
17679,0,1,3400,-79,79,-48,1.0,8.3,0.50,0.0,0.0,27,0.0,0.0,0.0,0.0,0.0,0.0,0.0,0.0
17928,0,1,3400,-79,79,-51,1.0,8.5,0.50,0.0,0.0,27,0.0,0.0,0.0,0.0,0.0,0.0,0.0,0.0
18177,0,1,3400,-79,79,-50,1.0,7.7,0.50,0.0,0.0,27,0.0,0.0,0.0,0.0,0.0,0.0,0.0,0.0
18426,0,1,3400,-79,79,-50,1.0,7.9,0.50,0.0,0.0,27,0.0,0.0,0.0,0.0,0.0,0.0,0.0,0.0
18675,0,1,3400,-79,79,-53,1.0,7.8,0.50,0.0,0.0,27,0.0,0.0,0.0,0.0,0.0,0.0,0.0,0.0
18924,0,1,3400,-79,79,-50,1.0,7.8,0.50,0.0,0.0,27,0.0,0.0,0.0,0.0,0.0,0.0,0.0,0.0
19173,0,1,3400,-79,79,-52,1.0,7.7,0.50,0.0,0.0,27,0.0,0.0,0.0,0.0,0.0,0.0,0.0,0.0
19422,0,1,3400,-79,79,-49,1.0,7.9,0.50,0.0,0.0,27,0.0,0.0,0.0,0.0,0.0,0.0,0.0,0.0
19671,0,1,3400,-79,79,-52,1.0,7.4,0.50,0.0,0.0,27,0.0,0.0,0.0,0.0,0.0,0.0,0.0,0.0
19920,0,1,3400,-79,79,-53,1.0,8.3,0.50,0.0,0.0,27,0.0,0.0,0.0,0.0,0.0,0.0,0.0,0.0
20169,0,1,3400,-79,79,-56,1.0,8.3,0.50,0.0,0.0,27,0.0,0.0,0.0,0.0,0.0,0.0,0.0,0.0
20418,0,1,3400,-79,79,-54,1.00,9.0,0.50,0.0,0.0,27,0.0,0.0,0.0,0.0,0.0,0.0,0.0,0.0
20667,0,1,3400,-79,79,-56,1.0,9.1,0.50,0.0,0.0,27,0.0,0.0,0.0,0.0,0.0,0.0,0.0,0.0
20916,0,1,3400,-79,79,-55,1.0,8.2,0.50,0.0,0.0,27,0.0,0.0,0.0,0.0,0.0,0.0,0.0,0.0
21165,0,1,3400,-79,79,-57,1.0,8.5,0.50,0.0,0.0,27,0.0,0.0,0.0,0.0,0.0,0.0,0.0,0.0
21414,0,1,3400,-79,79,-57,1.0,8.4,0.50,0.0,0.0,27,0.0,0.0,0.0,0.0,0.0,0.0,0.0,0.0
21663,0,1,3400,-79,79,-56,1.0,7.6,0.50,0.0,0.0,27,0.0,0.0,0.0,0.0,0.0,0.0,0.0,0.0
21912,0,1,3400,-79,79,-53,1.0,8.0,0.50,0.0,0.0,27,0.0,0.0,0.0,0.0,0.0,0.0,0.0,0.0
22161,0,1,3400,-79,79,-54,1.0,7.4,0.50,0.0,0.0,27,0.0,0.0,0.0,0.0,0.0,0.0,0.0,0.0
22410,0,1,3400,-79,79,-53,1.0,8.1,0.50,0.0,0.0,27,0.0,0.0,0.0,0.0,0.0,0.0,0.0,0.0
22659,0,1,3400,-79,79,-54,1.0,8.0,0.50,0.0,0.0,27,0.0,0.0,0.0,0.0,0.0,0.0,0.0,0.0
22908,0,1,3400,-79,79,-56,1.0,7.6,0.50,0.0,0.0,27,0.0,0.0,0.0,0.0,0.0,0.0,0.0,0.0
23157,0,1,3400,-79,79,-55,1.0,8.8,0.50,0.0,0.0,27,0.0,0.0,0.0,0.0,0.0,0.0,0.0,0.0
23406,0,1,3400,-79,79,-54,1.0,7.9,0.50,0.0,0.0,27,0.0,0.0,0.0,0.0,0.0,0.0,0.0,0.0
23655,0,1,3400,-79,79,-57,1.0,7.7,0.50,0.0,0.0,27,0.0,0.0,0.0,0.0,0.0,0.0,0.0,0.0
23904,0,1,3400,-79,79,-53,1.0,7.0,0.50,0.0,0.0,27,0.0,0.0,0.0,0.0,0.0,0.0,0.0,0.0
24153,0,1,3400,-79,79,-58,1.0,7.0,0.50,0.0,0.0,27,0.0,0.0,0.0,0.0,0.0,0.0,0.0,0.0
24402,0,1,3400,-79,79,-56,1.0,7.6,0.50,0.0,0.0,27,0.0,0.0,0.0,0.0,0.0,0.0,0.0,0.0
24651,0,1,3400,-79,79,-53,1.0,7.3,0.50,0.0,0.0,27,0.0,0.0,0.0,0.0,0.0,0.0,0.0,0.0
24900,0,1,3400,-79,79,-59,1.0,7.6,0.50,0.0,0.0,27,0.0,0.0,0.0,0.0,0.0,0.0,0.0,0.0
25149,0,1,3400,-79,79,-55,1.0,8.2,0.50,0.0,0.0,27,0.0,0.0,0.0,0.0,0.0,0.0,0.0,0.0
25398,0,1,3400,-79,79,-57,1.0,8.9,0.50,0.0,0.0,27,0.0,0.0,0.0,0.0,0.0,0.0,0.0,0.0
25647,0,1,3400,-79,79,-56,1.0,7.6,0.50,0.0,0.0,27,0.0,0.0,0.0,0.0,0.0,0.0,0.0,0.0
25896,0,1,3400,-79,79,-57,1.0,7.8,0.50,0.0,0.0,27,0.0,0.0,0.0,0.0,0.0,0.0,0.0,0.0
26145,0,1,3400,-79,79,-59,1.0,7.9,0.50,0.0,0.0,27,0.0,0.0,0.0,0.0,0.0,0.0,0.0,0.0
26394,0,1,3400,-79,79,-59,1.0,8.2,0.50,0.0,0.0,27,0.0,0.0,0.0,0.0,0.0,0.0,0.0,0.0
26643,0,1,3400,-79,79,-62,1.0,7.3,0.50,0.0,0.0,27,0.0,0.0,0.0,0.0,0.0,0.0,0.0,0.0
26892,0,1,3400,-79,79,-61,1.0,7.3,0.50,0.0,0.0,27,0.0,0.0,0.0,0.0,0.0,0.0,0.0,0.0
27141,0,1,3400,-79,79,-60,1.0,6.7,0.50,0.0,0.0,27,0.0,0.0,0.0,0.0,0.0,0.0,0.0,0.0
27390,0,1,3400,-79,79,-61,1.0,6.7,0.50,0.0,0.0,27,0.0,0.0,0.0,0.0,0.0,0.0,0.0,0.0
27639,0,1,3400,-79,79,-58,1.0,6.4,0.50,0.0,0.0,27,0.0,0.0,0.0,0.0,0.0,0.0,0.0,0.0
27888,0,1,3400,-79,79,-60,1.0,6.5,0.50,0.0,0.0,27,0.0,0.0,0.0,0.0,0.0,0.0,0.0,0.0
28137,0,1,3400,-79,79,-61,1.0,7.9,0.50,0.0,0.0,27,0.0,0.0,0.0,0.0,0.0,0.0,0.0,0.0
28386,0,1,3400,-79,79,-61,1.0,7.7,0.50,0.0,0.0,27,0.0,0.0,0.0,0.0,0.0,0.0,0.0,0.0
28635,0,1,3400,-79,79,-60,1.0,6.5,0.50,0.0,0.0,27,0.0,0.0,0.0,0.0,0.0,0.0,0.0,0.0
28884,0,1,3400,-79,79,-61,1.0,6.1,0.50,0.0,0.0,27,0.0,0.0,0.0,0.0,0.0,0.0,0.0,0.0
29133,0,1,3400,-79,79,-61,1.0,6.3,0.50,0.0,0.0,27,0.0,0.0,0.0,0.0,0.0,0.0,0.0,0.0
29382,0,1,3400,-79,79,-62,1.0,6.0,0.50,0.0,0.0,27,0.0,0.0,0.0,0.0,0.0,0.0,0.0,0.0
29631,0,1,3400,-78,78,-63,1.0,5.7,0.50,0.0,0.0,27,0.0,0.0,0.0,0.0,0.0,0.0,0.0,0.0
29880,0,1,3400,-78,78,-66,1.0,5.9,0.50,0.0,0.0,27,0.0,0.0,0.0,0.0,0.0,0.0,0.0,0.0
30129,0,1,3400,-78,78,-67,1.0,5.9,0.50,0.0,0.0,27,0.0,0.0,0.0,0.0,0.0,0.0,0.0,0.0
30378,0,1,3400,-78,78,-65,1.0,5.6,0.50,0.0,0.0,27,0.0,0.0,0.0,0.0,0.0,0.0,0.0,0.0
30627,0,1,3400,-78,78,-59,1.0,5.4,0.50,0.0,0.0,27,0.0,0.0,0.0,0.0,0.0,0.0,0.0,0.0
30876,0,1,3400,-78,78,-63,1.0,5.9,0.50,0.0,0.0,27,0.0,0.0,0.0,0.0,0.0,0.0,0.0,0.0
31125,0,1,3400,-78,78,-63,1.0,5.9,0.50,0.0,0.0,27,0.0,0.0,0.0,0.0,0.0,0.0,0.0,0.0
31374,0,1,3400,-78,78,-64,1.0,5.4,0.50,0.0,0.0,27,0.0,0.0,0.0,0.0,0.0,0.0,0.0,0.0
31623,0,1,3400,-79,79,-63,1.0,5.7,0.50,0.0,0.0,27,0.0,0.0,0.0,0.0,0.0,0.0,0.0,0.0
31872,0,1,3400,-79,79,-63,1.0,6.5,0.50,0.0,0.0,27,0.0,0.0,0.0,0.0,0.0,0.0,0.0,0.0
32121,0,1,3400,-79,79,-65,1.0,6.1,0.50,0.0,0.0,27,0.0,0.0,0.0,0.0,0.0,0.0,0.0,0.0
32370,0,1,3400,-79,79,-67,1.0,6.0,0.50,0.0,0.0,27,0.0,0.0,0.0,0.0,0.0,0.0,0.0,0.0
32619,0,1,3400,-79,79,-64,1.0,6.0,0.50,0.0,0.0,27,0.0,0.0,0.0,0.0,0.0,0.0,0.0,0.0
32868,0,1,3400,-79,79,-69,1.0,6.0,0.50,0.0,0.0,27,0.0,0.0,0.0,0.0,0.0,0.0,0.0,0.0
33117,0,1,3400,-78,78,-64,1.0,5.9,0.50,0.0,0.0,27,0.0,0.0,0.0,0.0,0.0,0.0,0.0,0.0
33366,0,1,3400,-79,79,-67,1.0,5.9,0.50,0.0,0.0,27,0.0,0.0,0.0,0.0,0.0,0.0,0.0,0.0
33615,0,1,3400,-79,79,-68,1.0,5.9,0.50,0.0,0.0,27,0.0,0.0,0.0,0.0,0.0,0.0,0.0,0.0
33864,0,1,3400,-79,79,-65,1.0,6.1,0.50,0.0,0.0,27,0.0,0.0,0.0,0.0,0.0,0.0,0.0,0.0
34113,0,1,3400,-79,79,-66,1.0,6.0,0.50,0.0,0.0,27,0.0,0.0,0.0,0.0,0.0,0.0,0.0,0.0
34362,0,1,3400,-79,79,-68,1.0,6.2,0.50,0.0,0.0,27,0.0,0.0,0.0,0.0,0.0,0.0,0.0,0.0
34611,0,1,3400,-79,79,-64,1.0,6.6,0.50,0.0,0.0,27,0.0,0.0,0.0,0.0,0.0,0.0,0.0,0.0
34860,0,1,3400,-78,78,-66,1.0,6.2,0.50,0.0,0.0,27,0.0,0.0,0.0,0.0,0.0,0.0,0.0,0.0
35109,0,1,3400,-78,78,-68,1.0,6.2,0.50,0.0,0.0,27,0.0,0.0,0.0,0.0,0.0,0.0,0.0,0.0
35358,0,1,3400,-79,79,-69,1.0,7.7,0.50,0.0,0.0,27,0.0,0.0,0.0,0.0,0.0,0.0,0.0,0.0
35607,0,1,3400,-79,79,-68,1.00,7.4,0.50,0.0,0.0,27,0.0,0.0,0.0,0.0,0.0,0.0,0.0,0.0
35856,0,1,3400,-79,79,-68,1.0,7.0,0.50,0.0,0.0,27,0.0,0.0,0.0,0.0,0.0,0.0,0.0,0.0
36105,0,1,3400,-78,78,-71,1.0,6.2,0.50,0.0,0.0,27,0.0,0.0,0.0,0.0,0.0,0.0,0.0,0.0
36354,0,1,3400,-78,78,-68,1.0,6.0,0.50,0.0,0.0,27,0.0,0.0,0.0,0.0,0.0,0.0,0.0,0.0
36603,0,1,3400,-78,78,-69,1.0,5.9,0.50,0.0,0.0,27,0.0,0.0,0.0,0.0,0.0,0.0,0.0,0.0
36852,0,1,3400,-78,78,-68,1.0,5.8,0.50,0.0,0.0,27,0.0,0.0,0.0,0.0,0.0,0.0,0.0,0.0
37101,0,1,3400,-78,78,-72,1.0,5.7,0.50,0.0,0.0,27,0.0,0.0,0.0,0.0,0.0,0.0,0.0,0.0
37350,0,1,3400,-79,79,-68,1.0,6.0,0.50,0.0,0.0,27,0.0,0.0,0.0,0.0,0.0,0.0,0.0,0.0
37599,0,1,3400,-78,78,-71,1.0,5.8,0.50,0.0,0.0,27,0.0,0.0,0.0,0.0,0.0,0.0,0.0,0.0
37848,0,1,3400,-79,79,-70,1.0,5.9,0.50,0.0,0.0,27,0.0,0.0,0.0,0.0,0.0,0.0,0.0,0.0
38097,0,1,3400,-78,78,-71,1.0,5.3,0.50,0.0,0.0,27,0.0,0.0,0.0,0.0,0.0,0.0,0.0,0.0
38346,0,1,3400,-78,78,-68,1.0,5.4,0.50,0.0,0.0,27,0.0,0.0,0.0,0.0,0.0,0.0,0.0,0.0
38595,0,1,3400,-78,78,-68,1.0,5.5,0.50,0.0,0.0,27,0.0,0.0,0.0,0.0,0.0,0.0,0.0,0.0
38844,0,1,3400,-78,78,-71,1.0,5.6,0.50,0.0,0.0,27,0.0,0.0,0.0,0.0,0.0,0.0,0.0,0.0
39093,0,1,3400,-78,78,-71,1.0,5.8,0.50,0.0,0.0,27,0.0,0.0,0.0,0.0,0.0,0.0,0.0,0.0
39342,0,1,3400,-78,78,-72,1.0,5.8,0.50,0.0,0.0,27,0.0,0.0,0.0,0.0,0.0,0.0,0.0,0.0
39591,0,1,3400,-78,78,-72,1.0,6.0,0.50,0.0,0.0,27,0.0,0.0,0.0,0.0,0.0,0.0,0.0,0.0
39840,0,1,3400,-79,79,-72,1.0,6.1,0.50,0.0,0.0,27,0.0,0.0,0.0,0.0,0.0,0.0,0.0,0.0
40089,0,1,3400,-78,78,-73,1.0,6.2,0.50,0.0,0.0,27,0.0,0.0,0.0,0.0,0.0,0.0,0.0,0.0
40338,0,1,3400,-79,79,-71,1.00,6.3,0.50,0.0,0.0,27,0.0,0.0,0.0,0.0,0.0,0.0,0.0,0.0
40587,0,1,3400,-79,79,-73,1.0,6.2,0.50,0.0,0.0,27,0.0,0.0,0.0,0.0,0.0,0.0,0.0,0.0
40836,0,1,3400,-79,79,-68,1.0,6.3,0.50,0.0,0.0,27,0.0,0.0,0.0,0.0,0.0,0.0,0.0,0.0
41085,0,1,3400,-79,79,-72,1.0,6.2,0.50,0.0,0.0,27,0.0,0.0,0.0,0.0,0.0,0.0,0.0,0.0
41334,0,1,3400,-78,78,-75,1.0,6.2,0.50,0.0,0.0,27,0.0,0.0,0.0,0.0,0.0,0.0,0.0,0.0
41583,0,1,3400,-79,79,-72,1.0,6.3,0.50,0.0,0.0,27,0.0,0.0,0.0,0.0,0.0,0.0,0.0,0.0
41832,0,1,3400,-79,79,-72,1.0,6.0,0.50,0.0,0.0,27,0.0,0.0,0.0,0.0,0.0,0.0,0.0,0.0
42081,0,1,3400,-78,78,-70,1.0,5.9,0.50,0.0,0.0,27,0.0,0.0,0.0,0.0,0.0,0.0,0.0,0.0
42330,0,1,3400,-78,78,-71,1.0,5.9,0.50,0.0,0.0,27,0.0,0.0,0.0,0.0,0.0,0.0,0.0,0.0
42579,0,1,3400,-78,78,-72,1.0,5.9,0.50,0.0,0.0,27,0.0,0.0,0.0,0.0,0.0,0.0,0.0,0.0
42828,0,1,3400,-79,79,-75,1.0,5.9,0.50,0.0,0.0,27,0.0,0.0,0.0,0.0,0.0,0.0,0.0,0.0
43077,0,1,3400,-79,79,-72,1.0,6.0,0.50,0.0,0.0,27,0.0,0.0,0.0,0.0,0.0,0.0,0.0,0.0
43326,0,1,3400,-79,79,-74,1.0,6.4,0.50,0.0,0.0,27,0.0,0.0,0.0,0.0,0.0,0.0,0.0,0.0
43575,0,1,3400,-79,79,-79,1.0,6.6,0.50,0.0,0.0,27,0.0,0.0,0.0,0.0,0.0,0.0,0.0,0.0
43824,0,1,3400,-79,79,-75,1.0,6.5,0.50,0.0,0.0,27,0.0,0.0,0.0,0.0,0.0,0.0,0.0,0.0
44073,0,1,3400,-79,79,-76,1.0,6.6,0.50,0.0,0.0,27,0.0,0.0,0.0,0.0,0.0,0.0,0.0,0.0
44322,0,1,3400,-79,79,-76,1.0,6.9,0.50,0.0,0.0,27,0.0,0.0,0.0,0.0,0.0,0.0,0.0,0.0
44571,0,1,3400,-79,79,-76,1.0,6.7,0.50,0.0,0.0,27,0.0,0.0,0.0,0.0,0.0,0.0,0.0,0.0
44820,0,1,3400,-79,79,-75,1.0,6.8,0.50,0.0,0.0,27,0.0,0.0,0.0,0.0,0.0,0.0,0.0,0.0
45069,0,1,3400,-79,79,-78,1.0,6.8,0.50,0.0,0.0,27,0.0,0.0,0.0,0.0,0.0,0.0,0.0,0.0
45318,0,1,3400,-79,79,-76,1.0,7.7,0.50,0.0,0.0,27,0.0,0.0,0.0,0.0,0.0,0.0,0.0,0.0
45567,0,1,3400,-79,79,-77,1.0,6.6,0.50,0.0,0.0,27,0.0,0.0,0.0,0.0,0.0,0.0,0.0,0.0
45816,0,1,3400,-79,79,-79,1.0,6.5,0.50,0.0,0.0,27,0.0,0.0,0.0,0.0,0.0,0.0,0.0,0.0
46066,0,1,3400,-79,79,-79,1.0,7.1,0.50,0.0,0.0,27,0.0,0.0,0.0,0.0,0.0,0.0,0.0,0.0
46315,0,1,3400,-79,79,-78,1.0,6.7,0.50,0.0,0.0,27,0.0,0.0,0.0,0.0,0.0,0.0,0.0,0.0
46564,0,1,3400,-79,79,-77,1.00,6.4,0.50,0.0,0.0,27,0.0,0.0,0.0,0.0,0.0,0.0,0.0,0.0
46813,0,1,3400,-79,79,-76,1.0,6.7,0.50,0.0,0.0,27,0.0,0.0,0.0,0.0,0.0,0.0,0.0,0.0
47062,0,1,3400,-79,79,-75,1.0,6.6,0.50,0.0,0.0,27,0.0,0.0,0.0,0.0,0.0,0.0,0.0,0.0
47311,0,1,3400,-79,79,-80,1.0,7.7,0.50,0.0,0.0,27,0.0,0.0,0.0,0.0,0.0,0.0,0.0,0.0
47560,0,1,3400,-79,79,-79,1.0,6.9,0.50,0.0,0.0,27,0.0,0.0,0.0,0.0,0.0,0.0,0.0,0.0
47809,0,1,3400,-79,79,-79,1.0,6.6,0.50,0.0,0.0,27,0.0,0.0,0.0,0.0,0.0,0.0,0.0,0.0
48059,0,1,3400,-79,79,-79,1.0,7.2,0.50,0.0,0.0,27,0.0,0.0,0.0,0.0,0.0,0.0,0.0,0.0
48308,0,1,3400,-79,79,-77,1.0,6.4,0.50,0.0,0.0,27,0.0,0.0,0.0,0.0,0.0,0.0,0.0,0.0
48557,0,1,3400,-79,79,-76,1.0,6.0,0.50,0.0,0.0,27,0.0,0.0,0.0,0.0,0.0,0.0,0.0,0.0
48806,0,1,3400,-79,79,-79,1.0,6.8,0.50,0.0,0.0,27,0.0,0.0,0.0,0.0,0.0,0.0,0.0,0.0
49055,0,1,3400,-79,79,-79,1.0,6.1,0.50,0.0,0.0,27,0.0,0.0,0.0,0.0,0.0,0.0,0.0,0.0
49304,0,1,3400,-79,79,-81,1.0,6.5,0.50,0.0,0.0,27,0.0,0.0,0.0,0.0,0.0,0.0,0.0,0.0
49553,0,1,3400,-78,78,-80,1.0,6.0,0.50,0.0,0.0,27,0.0,0.0,0.0,0.0,0.0,0.0,0.0,0.0
49802,0,1,3400,-78,78,-78,1.0,5.8,0.50,0.0,0.0,27,0.0,0.0,0.0,0.0,0.0,0.0,0.0,0.0
50051,0,1,3400,-78,78,-82,1.0,5.8,0.50,0.0,0.0,27,0.0,0.0,0.0,0.0,0.0,0.0,0.0,0.0
50300,0,1,3400,-79,79,-80,1.0,6.2,0.50,0.0,0.0,27,0.0,0.0,0.0,0.0,0.0,0.0,0.0,0.0
50549,0,1,3400,-79,79,-81,1.0,6.3,0.50,0.0,0.0,27,0.0,0.0,0.0,0.0,0.0,0.0,0.0,0.0
50798,0,1,3400,-79,79,-82,1.0,6.1,0.50,0.0,0.0,27,0.0,0.0,0.0,0.0,0.0,0.0,0.0,0.0
51047,0,1,3400,-79,79,-81,1.0,6.1,0.50,0.0,0.0,27,0.0,0.0,0.0,0.0,0.0,0.0,0.0,0.0
51296,0,1,3400,-79,79,-80,1.0,6.2,0.50,0.0,0.0,27,0.0,0.0,0.0,0.0,0.0,0.0,0.0,0.0
51545,0,1,3400,-79,79,-79,1.0,6.3,0.50,0.0,0.0,27,0.0,0.0,0.0,0.0,0.0,0.0,0.0,0.0
51794,0,1,3400,-79,79,-83,1.0,6.3,0.50,0.0,0.0,27,0.0,0.0,0.0,0.0,0.0,0.0,0.0,0.0
52043,0,1,3400,-79,79,-82,1.0,7.1,0.50,0.0,0.0,27,0.0,0.0,0.0,0.0,0.0,0.0,0.0,0.0
52292,0,1,3400,-79,79,-83,1.0,6.9,0.50,0.0,0.0,27,0.0,0.0,0.0,0.0,0.0,0.0,0.0,0.0
52541,0,1,3400,-79,79,-83,1.0,6.8,0.50,0.0,0.0,27,0.0,0.0,0.0,0.0,0.0,0.0,0.0,0.0
52790,0,1,3400,-79,79,-80,1.0,6.6,0.50,0.0,0.0,27,0.0,0.0,0.0,0.0,0.0,0.0,0.0,0.0
53039,0,1,3400,-79,79,-82,1.0,7.5,0.50,0.0,0.0,27,0.0,0.0,0.0,0.0,0.0,0.0,0.0,0.0
53288,0,1,3400,-78,78,-81,1.0,6.2,0.50,0.0,0.0,27,0.0,0.0,0.0,0.0,0.0,0.0,0.0,0.0
53537,0,1,3400,-78,78,-80,1.0,5.7,0.50,0.0,0.0,27,0.0,0.0,0.0,0.0,0.0,0.0,0.0,0.0
53786,0,1,3400,-78,78,-80,1.0,6.0,0.50,0.0,0.0,27,0.0,0.0,0.0,0.0,0.0,0.0,0.0,0.0
54035,0,1,3400,-78,78,-82,1.0,5.5,0.50,0.0,0.0,27,0.0,0.0,0.0,0.0,0.0,0.0,0.0,0.0
54284,0,1,3400,-78,78,-84,1.0,5.7,0.50,0.0,0.0,27,0.0,0.0,0.0,0.0,0.0,0.0,0.0,0.0
54533,0,1,3400,-78,78,-83,3.8,6.4,2.1,0.0,0.0,27,0.0,0.0,0.0,0.0,0.0,0.0,0.0,0.0
54782,0,1,3400,-78,78,-84,4.0,5.4,2.2,0.0,0.0,27,0.0,0.0,0.0,0.0,0.0,0.0,0.0,0.0
55031,0,1,3400,-78,78,-83,4.0,5.6,2.2,0.0,0.0,27,0.0,0.0,0.0,0.0,0.0,0.0,0.0,0.0
55280,0,1,3400,-78,78,-81,4.0,5.5,2.2,0.0,0.0,27,0.0,0.0,0.0,0.0,0.0,0.0,0.0,0.0
55529,0,1,3400,-78,78,-81,4.0,5.7,2.2,0.0,0.0,27,0.0,0.0,0.0,0.0,0.0,0.0,0.0,0.0
55778,0,1,3400,-78,78,-88,4.0,5.7,2.2,0.0,0.0,27,0.0,0.0,0.0,0.0,0.0,0.0,0.0,0.0
56027,0,1,3400,-78,78,-84,4.0,6.0,2.2,0.0,0.0,27,0.0,0.0,0.0,0.0,0.0,0.0,0.0,0.0
56276,0,1,3400,-78,78,-83,4.0,6.0,2.2,0.0,0.0,27,0.0,0.0,0.0,0.0,0.0,0.0,0.0,0.0
56525,0,1,3400,-78,78,-88,4.0,5.8,2.3,0.0,0.0,27,0.0,0.0,0.0,0.0,0.0,0.0,0.0,0.0
56774,0,1,3400,-78,78,-88,4.0,5.7,2.2,0.0,0.0,27,0.0,0.0,0.0,0.0,0.0,0.0,0.0,0.0
57023,0,1,3400,-78,78,-81,4.0,6.1,2.2,0.0,0.0,27,0.0,0.0,0.0,0.0,0.0,0.0,0.0,0.0
57272,0,1,3400,-78,78,-88,4.0,6.1,2.2,0.0,0.0,27,0.0,0.0,0.0,0.0,0.0,0.0,0.0,0.0
57521,0,1,3400,-78,78,-89,4.0,5.7,2.2,0.0,0.0,27,0.0,0.0,0.0,0.0,0.0,0.0,0.0,0.0
57770,0,1,3400,-78,78,-86,4.0,6.0,2.2,0.0,0.0,27,0.0,0.0,0.0,0.0,0.0,0.0,0.0,0.0
58019,0,1,3400,-79,79,-85,4.0,6.5,2.2,0.0,0.0,27,0.0,0.0,0.0,0.0,0.0,0.0,0.0,0.0
58268,0,1,3400,-78,78,-83,4.0,5.5,2.2,0.0,0.0,27,0.0,0.0,0.0,0.0,0.0,0.0,0.0,0.0
58517,0,1,3400,-78,78,-85,4.0,5.9,2.2,0.0,0.0,27,0.0,0.0,0.0,0.0,0.0,0.0,0.0,0.0
58766,0,1,3400,-78,78,-85,4.0,5.6,2.2,0.0,0.0,27,0.0,0.0,0.0,0.0,0.0,0.0,0.0,0.0
59015,0,1,3400,-78,78,-90,4.0,6.2,2.2,0.0,0.0,27,0.0,0.0,0.0,0.0,0.0,0.0,0.0,0.0
59264,0,1,3400,-79,79,-87,4.0,6.6,2.2,0.0,0.0,27,0.0,0.0,0.0,0.0,0.0,0.0,0.0,0.0
59513,0,1,3400,-79,79,-87,4.0,6.5,2.2,0.0,0.0,27,0.0,0.0,0.0,0.0,0.0,0.0,0.0,0.0
59762,0,1,3400,-78,78,-89,4.0,5.9,2.2,0.0,0.0,27,0.0,0.0,0.0,0.0,0.0,0.0,0.0,0.0
60011,0,1,3400,-78,78,-89,4.0,6.3,2.2,0.0,0.0,27,0.0,0.0,0.0,0.0,0.0,0.0,0.0,0.0
60260,0,1,3400,-79,79,-89,4.0,6.3,2.3,0.0,0.0,27,0.0,0.0,0.0,0.0,0.0,0.0,0.0,0.0
60509,0,1,3400,-79,79,-88,4.0,6.5,2.2,0.0,0.0,27,0.0,0.0,0.0,0.0,0.0,0.0,0.0,0.0
60758,0,1,3400,-79,79,-92,4.0,6.9,2.2,0.0,0.0,27,0.0,0.0,0.0,0.0,0.0,0.0,0.0,0.0
61007,0,1,3400,-79,79,-90,4.0,6.9,2.2,0.0,0.0,27,0.0,0.0,0.0,0.0,0.0,0.0,0.0,0.0
61256,0,1,3400,-79,79,-89,0.75,6.9,0.63,0.0,0.0,27,0.0,0.0,0.0,0.0,0.0,0.0,0.0,0.0
61505,0,1,3400,-79,79,-88,0.50,7.3,0.50,0.0,0.0,27,0.0,0.0,0.0,0.0,0.0,0.0,0.0,0.0
61754,0,1,3400,-79,79,-90,0.50,6.5,0.50,0.0,0.0,27,0.0,0.0,0.0,0.0,0.0,0.0,0.0,0.0
62003,0,1,3400,-79,79,-89,0.50,6.3,0.50,0.0,0.0,27,0.0,0.0,0.0,0.0,0.0,0.0,0.0,0.0
62252,0,1,3400,-79,79,-84,0.50,6.4,0.50,0.0,0.0,27,0.0,0.0,0.0,0.0,0.0,0.0,0.0,0.0
62501,0,1,3400,-79,79,-88,0.50,6.3,0.50,0.0,0.0,27,0.0,0.0,0.0,0.0,0.0,0.0,0.0,0.0
62750,0,1,3400,-79,79,-88,0.50,7.0,0.50,0.0,0.0,27,0.0,0.0,0.0,0.0,0.0,0.0,0.0,0.0
62999,0,1,3400,-79,79,-90,0.50,6.6,0.50,0.0,0.0,27,0.0,0.0,0.0,0.0,0.0,0.0,0.0,0.0
63248,0,1,3400,-79,79,-87,0.50,6.6,0.50,0.0,0.0,27,0.0,0.0,0.0,0.0,0.0,0.0,0.0,0.0
63497,0,1,3400,-79,79,-91,0.50,6.5,0.50,0.0,0.0,27,0.0,0.0,0.0,0.0,0.0,0.0,0.0,0.0
63746,0,1,3400,-79,79,-90,0.50,6.6,0.50,0.0,0.0,27,0.0,0.0,0.0,0.0,0.0,0.0,0.0,0.0
63995,0,1,3400,-79,79,-89,0.50,6.5,0.50,0.0,0.0,27,0.0,0.0,0.0,0.0,0.0,0.0,0.0,0.0
64244,0,1,3400,-79,79,-88,0.50,6.5,0.50,0.0,0.0,27,0.0,0.0,0.0,0.0,0.0,0.0,0.0,0.0
64493,0,1,3400,-79,79,-90,0.50,6.4,0.50,0.0,0.0,27,0.0,0.0,0.0,0.0,0.0,0.0,0.0,0.0
64742,0,1,3400,-79,79,-93,0.50,6.8,0.50,0.0,0.0,27,0.0,0.0,0.0,0.0,0.0,0.0,0.0,0.0
64991,0,1,3400,-79,79,-92,0.50,6.9,0.50,0.0,0.0,27,0.0,0.0,0.0,0.0,0.0,0.0,0.0,0.0
65240,0,1,3400,-79,79,-91,0.50,6.6,0.50,0.0,0.0,27,0.0,0.0,0.0,0.0,0.0,0.0,0.0,0.0
65489,0,1,3400,-79,79,-91,0.50,6.6,0.50,0.0,0.0,27,0.0,0.0,0.0,0.0,0.0,0.0,0.0,0.0
65738,0,1,3400,-79,79,-94,0.50,6.5,0.50,0.0,0.0,27,0.0,0.0,0.0,0.0,0.0,0.0,0.0,0.0
65987,0,1,3400,-79,79,-92,0.50,6.3,0.50,0.0,0.0,27,0.0,0.0,0.0,0.0,0.0,0.0,0.0,0.0
66236,0,1,3400,-79,79,-92,0.50,6.3,0.50,0.0,0.0,27,0.0,0.0,0.0,0.0,0.0,0.0,0.0,0.0
66485,0,1,3400,-79,79,-92,0.50,6.1,0.50,0.0,0.0,27,0.0,0.0,0.0,0.0,0.0,0.0,0.0,0.0
66734,0,1,3400,-79,79,-92,0.50,6.2,0.50,0.0,0.0,27,0.0,0.0,0.0,0.0,0.0,0.0,0.0,0.0
66983,0,1,3400,-79,79,-88,0.50,6.2,0.50,0.0,0.0,27,0.0,0.0,0.0,0.0,0.0,0.0,0.0,0.0
67232,0,1,3400,-79,79,-90,0.50,6.3,0.50,0.0,0.0,27,0.0,0.0,0.0,0.0,0.0,0.0,0.0,0.0
67481,0,1,3400,-79,79,-88,0.50,6.3,0.50,0.0,0.0,27,0.0,0.0,0.0,0.0,0.0,0.0,0.0,0.0
67730,0,1,3400,-79,79,-87,0.50,6.4,0.50,0.0,0.0,27,0.0,0.0,0.0,0.0,0.0,0.0,0.0,0.0
67979,0,1,3400,-79,79,-90,0.50,6.8,0.50,0.0,0.0,27,0.0,0.0,0.0,0.0,0.0,0.0,0.0,0.0
68228,0,1,3400,-79,79,-93,0.54,7.0,0.54,0.0,0.0,27,0.0,0.0,0.0,0.0,0.0,0.0,0.0,0.0
68477,0,1,3400,-79,79,-96,2.0,7.0,2.2,0.0,0.0,27,0.0,0.0,0.0,0.0,0.0,0.0,0.0,0.0
68726,0,1,3400,-79,79,-92,2.0,6.6,2.2,0.0,0.0,27,0.0,0.0,0.0,0.0,0.0,0.0,0.0,0.0
68975,0,1,3400,-79,79,-94,2.0,6.8,2.2,0.0,0.0,27,0.0,0.0,0.0,0.0,0.0,0.0,0.0,0.0
69224,0,1,3400,-79,79,-94,2.0,7.0,2.2,0.0,0.0,27,0.0,0.0,0.0,0.0,0.0,0.0,0.0,0.0
69473,0,1,3400,-79,79,-95,2.0,6.6,2.2,0.0,0.0,27,0.0,0.0,0.0,0.0,0.0,0.0,0.0,0.0
69722,0,1,3400,-79,79,-95,2.0,7.0,2.2,0.0,0.0,27,0.0,0.0,0.0,0.0,0.0,0.0,0.0,0.0
69971,0,1,3400,-79,79,-94,2.0,6.9,2.2,0.0,0.0,27,0.0,0.0,0.0,0.0,0.0,0.0,0.0,0.0
70220,0,1,3400,-79,79,-95,2.0,6.9,2.2,0.0,0.0,27,0.0,0.0,0.0,0.0,0.0,0.0,0.0,0.0
70469,0,1,3400,-79,79,-92,2.0,6.8,2.2,0.0,0.0,27,0.0,0.0,0.0,0.0,0.0,0.0,0.0,0.0
70718,0,1,3400,-79,79,-95,2.0,7.0,2.2,0.0,0.0,27,0.0,0.0,0.0,0.0,0.0,0.0,0.0,0.0
70967,0,1,3400,-79,79,-94,2.0,6.9,2.2,0.0,0.0,27,0.0,0.0,0.0,0.0,0.0,0.0,0.0,0.0
71216,0,1,3400,-79,79,-93,2.0,6.9,2.2,0.0,0.0,27,0.0,0.0,0.0,0.0,0.0,0.0,0.0,0.0
71465,0,1,3400,-79,79,-94,2.0,6.9,2.2,0.0,0.0,27,0.0,0.0,0.0,0.0,0.0,0.0,0.0,0.0
71714,0,1,3400,-79,79,-94,2.0,6.6,2.2,0.0,0.0,27,0.0,0.0,0.0,0.0,0.0,0.0,0.0,0.0
71963,0,1,3400,-79,79,-94,2.0,7.0,2.2,0.0,0.0,27,0.0,0.0,0.0,0.0,0.0,0.0,0.0,0.0
72212,0,1,3400,-79,79,-96,2.0,6.9,2.2,0.0,0.0,27,0.0,0.0,0.0,0.0,0.0,0.0,0.0,0.0
72462,0,1,3400,-79,79,-94,2.0,6.9,2.2,0.0,0.0,27,0.0,0.0,0.0,0.0,0.0,0.0,0.0,0.0
72711,0,1,3400,-79,79,-95,2.0,7.2,2.3,0.0,0.0,27,0.0,0.0,0.0,0.0,0.0,0.0,0.0,0.0
72960,0,1,3400,-79,79,-96,2.0,6.8,2.2,0.0,0.0,27,0.0,0.0,0.0,0.0,0.0,0.0,0.0,0.0
73209,0,1,3400,-79,79,-97,2.0,7.1,2.3,0.0,0.0,27,0.0,0.0,0.0,0.0,0.0,0.0,0.0,0.0
73458,0,1,3400,-79,79,-95,2.0,6.7,2.2,0.0,0.0,27,0.0,0.0,0.0,0.0,0.0,0.0,0.0,0.0
73707,0,1,3400,-79,79,-97,2.0,7.1,2.2,0.0,0.0,27,0.0,0.0,0.0,0.0,0.0,0.0,0.0,0.0
73956,0,1,3400,-79,79,-98,2.0,6.8,2.2,0.0,0.0,27,0.0,0.0,0.0,0.0,0.0,0.0,0.0,0.0
74205,0,1,3400,-79,79,-99,2.0,6.5,2.2,0.0,0.0,27,0.0,0.0,0.0,0.0,0.0,0.0,0.0,0.0
74454,0,1,3400,-79,79,-97,2.0,6.8,2.2,0.0,0.0,27,0.0,0.0,0.0,0.0,0.0,0.0,0.0,0.0
74703,0,1,3400,-79,79,-95,2.0,6.8,2.2,0.0,0.0,27,0.0,0.0,0.0,0.0,0.0,0.0,0.0,0.0
74952,0,1,3400,-79,79,-100,2.0,6.6,2.2,0.0,0.0,27,0.0,0.0,0.0,0.0,0.0,0.0,0.0,0.0
75201,0,1,3400,-79,79,-97,2.0,6.7,2.2,0.0,0.0,27,0.0,0.0,0.0,0.0,0.0,0.0,0.0,0.0
75450,0,1,3400,-79,79,-98,2.0,7.3,2.2,0.0,0.0,27,0.0,0.0,0.0,0.0,0.0,0.0,0.0,0.0
75699,0,1,3400,-79,79,-96,2.0,7.4,2.2,0.0,0.0,27,0.0,0.0,0.0,0.0,0.0,0.0,0.0,0.0
75948,0,1,3400,-79,79,-99,2.0,7.5,2.2,0.0,0.0,27,0.0,0.0,0.0,0.0,0.0,0.0,0.0,0.0
76197,0,1,3400,-79,79,-96,2.0,7.5,2.2,0.0,0.0,27,0.0,0.0,0.0,0.0,0.0,0.0,0.0,0.0
76446,0,1,3400,-79,79,-99,2.0,7.1,2.2,0.0,0.0,27,0.0,0.0,0.0,0.0,0.0,0.0,0.0,0.0
76695,0,1,3400,-79,79,-100,2.0,7.1,2.2,0.0,0.0,27,0.0,0.0,0.0,0.0,0.0,0.0,0.0,0.0
76944,0,1,3400,-79,79,-99,2.0,7.4,2.2,0.0,0.0,27,0.0,0.0,0.0,0.0,0.0,0.0,0.0,0.0
77193,0,1,3400,-79,79,-98,2.0,7.4,2.2,0.0,0.0,27,0.0,0.0,0.0,0.0,0.0,0.0,0.0,0.0
77442,0,1,3400,-79,79,-99,2.0,7.3,2.2,0.0,0.0,27,0.0,0.0,0.0,0.0,0.0,0.0,0.0,0.0
77691,0,1,3400,-79,79,-102,2.0,7.4,2.2,0.0,0.0,27,0.0,0.0,0.0,0.0,0.0,0.0,0.0,0.0
77940,0,1,3400,-79,79,-99,2.0,7.5,2.2,0.0,0.0,27,0.0,0.0,0.0,0.0,0.0,0.0,0.0,0.0
78189,0,1,3400,-79,79,-99,2.0,7.4,2.3,0.0,0.0,27,0.0,0.0,0.0,0.0,0.0,0.0,0.0,0.0
78438,0,1,3400,-79,79,-98,2.0,7.0,2.2,0.0,0.0,27,0.0,0.0,0.0,0.0,0.0,0.0,0.0,0.0
78687,0,1,3400,-79,79,-100,2.0,7.3,2.2,0.0,0.0,27,0.0,0.0,0.0,0.0,0.0,0.0,0.0,0.0
78936,0,1,3400,-79,79,-96,2.0,7.1,2.2,0.0,0.0,27,0.0,0.0,0.0,0.0,0.0,0.0,0.0,0.0
79185,0,1,3400,-79,79,-96,2.0,7.2,2.2,0.0,0.0,27,0.0,0.0,0.0,0.0,0.0,0.0,0.0,0.0
79434,0,1,3400,-79,79,-98,2.0,6.9,2.3,0.0,0.0,27,0.0,0.0,0.0,0.0,0.0,0.0,0.0,0.0
79683,0,1,3400,-79,79,-102,2.0,6.9,2.2,0.0,0.0,27,0.0,0.0,0.0,0.0,0.0,0.0,0.0,0.0
79932,0,1,3400,-79,79,-100,2.0,6.4,2.2,0.0,0.0,27,0.0,0.0,0.0,0.0,0.0,0.0,0.0,0.0
80181,0,1,3400,-79,79,-99,2.0,6.4,2.2,0.0,0.0,27,0.0,0.0,0.0,0.0,0.0,0.0,0.0,0.0
80430,0,1,3400,-79,79,-101,2.0,6.5,2.2,0.0,0.0,27,0.0,0.0,0.0,0.0,0.0,0.0,0.0,0.0
80679,0,1,3400,-79,79,-100,2.0,6.5,2.2,0.0,0.0,27,0.0,0.0,0.0,0.0,0.0,0.0,0.0,0.0
80928,0,1,3400,-79,79,-101,2.0,7.2,2.2,0.0,0.0,27,0.0,0.0,0.0,0.0,0.0,0.0,0.0,0.0
81177,0,1,3400,-79,79,-101,2.0,7.0,2.2,0.0,0.0,27,0.0,0.0,0.0,0.0,0.0,0.0,0.0,0.0
81426,0,1,3400,-79,79,-103,2.0,7.0,2.2,0.0,0.0,27,0.0,0.0,0.0,0.0,0.0,0.0,0.0,0.0
81675,0,1,3400,-79,79,-101,2.0,7.0,2.2,0.0,0.0,27,0.0,0.0,0.0,0.0,0.0,0.0,0.0,0.0
81924,0,1,3400,-79,79,-106,2.0,7.0,2.2,0.0,0.0,27,0.0,0.0,0.0,0.0,0.0,0.0,0.0,0.0
82173,0,1,3400,-79,79,-101,2.0,6.9,2.2,0.0,0.0,27,0.0,0.0,0.0,0.0,0.0,0.0,0.0,0.0
82422,0,1,3400,-79,79,-103,2.0,6.9,2.2,0.0,0.0,27,0.0,0.0,0.0,0.0,0.0,0.0,0.0,0.0
82671,0,1,3400,-79,79,-103,2.0,7.0,2.2,0.0,0.0,27,0.0,0.0,0.0,0.0,0.0,0.0,0.0,0.0
82920,0,1,3400,-79,79,-100,2.0,6.9,2.2,0.0,0.0,27,0.0,0.0,0.0,0.0,0.0,0.0,0.0,0.0
83169,0,1,3400,-79,79,-105,2.0,7.0,2.2,0.0,0.0,27,0.0,0.0,0.0,0.0,0.0,0.0,0.0,0.0
83418,0,1,3400,-79,79,-104,2.0,7.1,2.2,0.0,0.0,27,0.0,0.0,0.0,0.0,0.0,0.0,0.0,0.0
83667,0,1,3400,-79,79,-103,2.0,7.2,2.2,0.0,0.0,27,0.0,0.0,0.0,0.0,0.0,0.0,0.0,0.0
83916,0,1,3400,-79,79,-104,2.0,7.2,2.2,0.0,0.0,27,0.0,0.0,0.0,0.0,0.0,0.0,0.0,0.0
84165,0,1,3400,-79,79,-104,2.0,7.5,2.2,0.0,0.0,27,0.0,0.0,0.0,0.0,0.0,0.0,0.0,0.0
84414,0,1,3400,-79,79,-104,2.0,7.2,2.2,0.0,0.0,27,0.0,0.0,0.0,0.0,0.0,0.0,0.0,0.0
84663,0,1,3400,-79,79,-103,2.0,7.1,2.2,0.0,0.0,27,0.0,0.0,0.0,0.0,0.0,0.0,0.0,0.0
84912,0,1,3400,-79,79,-105,2.0,7.1,2.2,0.0,0.0,27,0.0,0.0,0.0,0.0,0.0,0.0,0.0,0.0
85161,0,1,3400,-79,79,-104,4.9,7.2,2.2,0.0,0.0,27,0.0,0.0,0.0,0.0,0.0,0.0,0.0,0.0
85410,0,1,3400,-79,79,-103,7.0,7.2,2.3,0.0,0.0,27,0.0,0.0,0.0,0.0,0.0,0.0,0.0,0.0
85659,0,1,3400,-79,79,-102,7.0,7.3,2.2,0.0,0.0,27,0.0,0.0,0.0,0.0,0.0,0.0,0.0,0.0
85908,0,1,3400,-79,79,-106,7.0,7.4,2.2,0.0,0.0,27,0.0,0.0,0.0,0.0,0.0,0.0,0.0,0.0
86157,0,1,3400,-79,79,-103,7.0,7.4,2.3,0.0,0.0,27,0.0,0.0,0.0,0.0,0.0,0.0,0.0,0.0
86406,0,1,3400,-79,79,-104,7.0,7.4,2.2,0.0,0.0,27,0.0,0.0,0.0,0.0,0.0,0.0,0.0,0.0
86655,0,1,3400,-79,79,-103,7.0,7.2,2.2,0.0,0.0,27,0.0,0.0,0.0,0.0,0.0,0.0,0.0,0.0
86904,0,1,3400,-79,79,-103,7.0,6.9,2.2,0.0,0.0,27,0.0,0.0,0.0,0.0,0.0,0.0,0.0,0.0
87153,0,1,3400,-79,79,-104,7.0,7.0,2.2,0.0,0.0,27,0.0,0.0,0.0,0.0,0.0,0.0,0.0,0.0
87402,0,1,3400,-79,79,-102,7.0,6.9,2.2,0.0,0.0,27,0.0,0.0,0.0,0.0,0.0,0.0,0.0,0.0
87651,0,1,3400,-79,79,-106,7.0,6.5,2.2,0.0,0.0,27,0.0,0.0,0.0,0.0,0.0,0.0,0.0,0.0
87900,0,1,3400,-79,79,-106,7.0,6.5,2.2,0.0,0.0,27,0.0,0.0,0.0,0.0,0.0,0.0,0.0,0.0
88149,0,1,3400,-79,79,-106,7.0,6.5,2.2,0.0,0.0,27,0.0,0.0,0.0,0.0,0.0,0.0,0.0,0.0
88398,0,1,3400,-79,79,-107,7.0,6.6,2.2,0.0,0.0,27,0.0,0.0,0.0,0.0,0.0,0.0,0.0,0.0
88647,0,1,3400,-79,79,-104,7.0,6.6,2.2,0.0,0.0,27,0.0,0.0,0.0,0.0,0.0,0.0,0.0,0.0
88896,0,1,3400,-79,79,-105,7.0,6.6,2.2,0.0,0.0,27,0.0,0.0,0.0,0.0,0.0,0.0,0.0,0.0
89145,0,1,3400,-79,79,-106,7.0,6.5,2.2,0.0,0.0,27,0.0,0.0,0.0,0.0,0.0,0.0,0.0,0.0
89394,0,1,3400,-79,79,-106,7.0,6.5,2.2,0.0,0.0,27,0.0,0.0,0.0,0.0,0.0,0.0,0.0,0.0
89643,0,1,3400,-79,79,-105,7.0,6.6,2.2,0.0,0.0,27,0.0,0.0,0.0,0.0,0.0,0.0,0.0,0.0
89892,0,1,3400,-79,79,-107,7.0,6.6,2.2,0.0,0.0,27,0.0,0.0,0.0,0.0,0.0,0.0,0.0,0.0
90141,0,1,3400,-79,79,-107,4.2,6.5,2.2,0.0,0.0,27,0.0,0.0,0.0,0.0,0.0,0.0,0.0,0.0
90390,0,1,3400,-79,79,-106,0.50,6.4,2.2,0.0,0.0,27,0.0,0.0,0.0,0.0,0.0,0.0,0.0,0.0
90639,0,1,3400,-79,79,-105,0.50,6.6,2.2,0.0,0.0,27,0.0,0.0,0.0,0.0,0.0,0.0,0.0,0.0
90888,0,1,3400,-79,79,-111,0.50,6.6,2.2,0.0,0.0,27,0.0,0.0,0.0,0.0,0.0,0.0,0.0,0.0
91137,0,1,3400,-79,79,-108,0.50,6.6,2.2,0.0,0.0,27,0.0,0.0,0.0,0.0,0.0,0.0,0.0,0.0
91386,0,1,3400,-79,79,-108,0.50,6.5,2.2,0.0,0.0,27,0.0,0.0,0.0,0.0,0.0,0.0,0.0,0.0
91635,0,1,3400,-79,79,-111,0.50,6.3,2.2,0.0,0.0,27,0.0,0.0,0.0,0.0,0.0,0.0,0.0,0.0
91884,0,1,3400,-78,78,-109,0.50,6.4,2.3,0.0,0.0,27,0.0,0.0,0.0,0.0,0.0,0.0,0.0,0.0
92133,0,1,3400,-78,78,-109,0.50,6.2,2.2,0.0,0.0,27,0.0,0.0,0.0,0.0,0.0,0.0,0.0,0.0
92382,0,1,3400,-78,78,-110,0.50,6.4,2.2,0.0,0.0,27,0.0,0.0,0.0,0.0,0.0,0.0,0.0,0.0
92631,0,1,3400,-79,79,-107,0.50,6.3,2.2,0.0,0.0,27,0.0,0.0,0.0,0.0,0.0,0.0,0.0,0.0
92880,0,1,3400,-79,79,-104,0.50,6.6,2.2,0.0,0.0,27,0.0,0.0,0.0,0.0,0.0,0.0,0.0,0.0
93129,0,1,3400,-79,79,-106,0.50,6.6,2.2,0.0,0.0,27,0.0,0.0,0.0,0.0,0.0,0.0,0.0,0.0
93378,0,1,3400,-79,79,-108,0.50,6.6,2.2,0.0,0.0,27,0.0,0.0,0.0,0.0,0.0,0.0,0.0,0.0
93627,0,1,3400,-79,79,-103,0.50,6.7,2.2,0.0,0.0,27,0.0,0.0,0.0,0.0,0.0,0.0,0.0,0.0
93876,0,1,3400,-79,79,-107,0.50,6.8,2.2,0.0,0.0,27,0.0,0.0,0.0,0.0,0.0,0.0,0.0,0.0
94125,0,1,3400,-79,79,-108,0.50,6.7,2.2,0.0,0.0,27,0.0,0.0,0.0,0.0,0.0,0.0,0.0,0.0
94374,0,1,3400,-79,79,-111,0.50,6.8,2.2,0.0,0.0,27,0.0,0.0,0.0,0.0,0.0,0.0,0.0,0.0
94623,0,1,3400,-79,79,-108,0.50,6.8,2.2,0.0,0.0,27,0.0,0.0,0.0,0.0,0.0,0.0,0.0,0.0
94872,0,1,3400,-79,79,-108,0.50,6.9,2.2,0.0,0.0,27,0.0,0.0,0.0,0.0,0.0,0.0,0.0,0.0
95121,0,1,3400,-79,79,-111,0.50,6.9,2.2,0.0,0.0,27,0.0,0.0,0.0,0.0,0.0,0.0,0.0,0.0
95370,0,1,3400,-79,79,-110,0.50,7.0,2.2,0.0,0.0,27,0.0,0.0,0.0,0.0,0.0,0.0,0.0,0.0
95619,0,1,3400,-79,79,-112,0.50,7.0,2.2,0.0,0.0,27,0.0,0.0,0.0,0.0,0.0,0.0,0.0,0.0
95868,0,1,3400,-79,79,-110,0.50,7.0,2.2,0.0,0.0,27,0.0,0.0,0.0,0.0,0.0,0.0,0.0,0.0
96117,0,1,3400,-79,79,-110,0.50,6.9,2.2,0.0,0.0,27,0.0,0.0,0.0,0.0,0.0,0.0,0.0,0.0
96366,0,1,3400,-79,79,-113,0.50,6.9,2.2,0.0,0.0,27,0.0,0.0,0.0,0.0,0.0,0.0,0.0,0.0
96615,0,1,3400,-79,79,-110,0.50,6.9,2.2,0.0,0.0,27,0.0,0.0,0.0,0.0,0.0,0.0,0.0,0.0
96864,0,1,3400,-79,79,-113,5.7,6.8,3.3,0.0,0.0,27,0.0,0.0,0.0,0.0,0.0,0.0,0.0,0.0
97113,0,1,3400,-79,79,-110,6.8,6.8,3.5,0.0,0.0,27,0.0,0.0,0.0,0.0,0.0,0.0,0.0,0.0
97362,0,1,3400,-79,79,-108,0.50,6.6,2.2,0.0,0.0,27,0.0,0.0,0.0,0.0,0.0,0.0,0.0,0.0
97611,0,1,3400,-79,79,-109,0.50,6.6,2.2,0.0,0.0,27,0.0,0.0,0.0,0.0,0.0,0.0,0.0,0.0
97860,0,1,3400,-79,79,-109,0.50,6.6,2.2,0.0,0.0,27,0.0,0.0,0.0,0.0,0.0,0.0,0.0,0.0
98109,0,1,3400,-79,79,-110,0.50,6.5,2.2,0.0,0.0,27,0.0,0.0,0.0,0.0,0.0,0.0,0.0,0.0
98358,0,1,3400,-79,79,-107,0.50,6.6,2.3,0.0,0.0,27,0.0,0.0,0.0,0.0,0.0,0.0,0.0,0.0
98607,0,1,3400,-79,79,-107,0.50,6.5,2.2,0.0,0.0,27,0.0,0.0,0.0,0.0,0.0,0.0,0.0,0.0
98856,0,1,3400,-78,78,-107,0.50,6.4,2.2,0.0,0.0,27,0.0,0.0,0.0,0.0,0.0,0.0,0.0,0.0
99105,0,1,3400,-79,79,-110,0.50,6.5,2.2,0.0,0.0,27,0.0,0.0,0.0,0.0,0.0,0.0,0.0,0.0
99354,0,1,3400,-78,78,-111,0.50,6.4,2.2,0.0,0.0,27,0.0,0.0,0.0,0.0,0.0,0.0,0.0,0.0
99603,0,1,3400,-78,78,-112,0.50,6.3,2.2,0.0,0.0,27,0.0,0.0,0.0,0.0,0.0,0.0,0.0,0.0
99852,0,1,3400,-78,78,-111,0.50,6.3,2.2,0.0,0.0,27,0.0,0.0,0.0,0.0,0.0,0.0,0.0,0.0
100101,0,1,3400,-78,78,-113,0.50,6.2,2.2,0.0,0.0,27,0.0,0.0,0.0,0.0,0.0,0.0,0.0,0.0
100350,0,1,3400,-78,78,-111,0.50,6.4,2.2,0.0,0.0,27,0.0,0.0,0.0,0.0,0.0,0.0,0.0,0.0
100599,0,1,3400,-78,78,-109,0.50,6.2,2.2,0.0,0.0,27,0.0,0.0,0.0,0.0,0.0,0.0,0.0,0.0
100848,0,1,3400,-78,78,-110,0.50,6.3,2.2,0.0,0.0,27,0.0,0.0,0.0,0.0,0.0,0.0,0.0,0.0
101097,0,1,3400,-78,78,-112,0.50,6.3,2.2,0.0,0.0,27,0.0,0.0,0.0,0.0,0.0,0.0,0.0,0.0
101346,0,1,3400,-78,78,-110,0.50,6.3,2.2,0.0,0.0,27,0.0,0.0,0.0,0.0,0.0,0.0,0.0,0.0
101595,0,1,3400,-79,79,-110,0.50,6.4,2.2,0.0,0.0,27,0.0,0.0,0.0,0.0,0.0,0.0,0.0,0.0
101844,0,1,3400,-79,79,-114,0.50,6.6,2.2,0.0,0.0,27,0.0,0.0,0.0,0.0,0.0,0.0,0.0,0.0
102093,0,1,3400,-79,79,-111,0.50,6.7,2.2,0.0,0.0,27,0.0,0.0,0.0,0.0,0.0,0.0,0.0,0.0
102342,0,1,3400,-79,79,-115,0.50,6.7,2.2,0.0,0.0,27,0.0,0.0,0.0,0.0,0.0,0.0,0.0,0.0
102591,0,1,3400,-79,79,-114,0.50,6.7,2.2,0.0,0.0,27,0.0,0.0,0.0,0.0,0.0,0.0,0.0,0.0
102840,0,1,3400,-79,79,-113,0.50,6.7,2.2,0.0,0.0,27,0.0,0.0,0.0,0.0,0.0,0.0,0.0,0.0
103089,0,1,3400,-79,79,-112,0.50,6.8,2.2,0.0,0.0,27,0.0,0.0,0.0,0.0,0.0,0.0,0.0,0.0
103338,0,1,3400,-79,79,-112,0.50,6.7,2.3,0.0,0.0,27,0.0,0.0,0.0,0.0,0.0,0.0,0.0,0.0
103587,0,1,3400,-79,79,-113,0.50,6.8,2.2,0.0,0.0,27,0.0,0.0,0.0,0.0,0.0,0.0,0.0,0.0
103836,0,1,3400,-79,79,-116,0.50,6.8,2.3,0.0,0.0,27,0.0,0.0,0.0,0.0,0.0,0.0,0.0,0.0
104085,0,1,3400,-79,79,-114,0.50,6.7,2.2,0.0,0.0,27,0.0,0.0,0.0,0.0,0.0,0.0,0.0,0.0
104334,0,1,3400,-79,79,-116,0.50,6.7,2.2,0.0,0.0,27,0.0,0.0,0.0,0.0,0.0,0.0,0.0,0.0
104583,0,1,3400,-79,79,-115,0.50,6.7,2.2,0.0,0.0,27,0.0,0.0,0.0,0.0,0.0,0.0,0.0,0.0
104832,0,1,3400,-79,79,-113,0.50,6.8,2.2,0.0,0.0,27,0.0,0.0,0.0,0.0,0.0,0.0,0.0,0.0
105081,0,1,3400,-79,79,-112,0.50,6.7,2.2,0.0,0.0,27,0.0,0.0,0.0,0.0,0.0,0.0,0.0,0.0
105330,0,1,3400,-79,79,-114,0.50,6.8,2.3,0.0,0.0,27,0.0,0.0,0.0,0.0,0.0,0.0,0.0,0.0
105579,0,1,3400,-79,79,-112,0.50,6.7,2.2,0.0,0.0,27,0.0,0.0,0.0,0.0,0.0,0.0,0.0,0.0
105828,0,1,3400,-79,79,-113,0.50,6.7,2.2,0.0,0.0,27,0.0,0.0,0.0,0.0,0.0,0.0,0.0,0.0
106077,0,1,3400,-79,79,-118,0.50,6.7,2.2,0.0,0.0,27,0.0,0.0,0.0,0.0,0.0,0.0,0.0,0.0
106326,0,1,3400,-79,79,-114,0.50,6.8,2.2,0.0,0.0,27,0.0,0.0,0.0,0.0,0.0,0.0,0.0,0.0
106575,0,1,3400,-79,79,-117,0.50,6.7,2.2,0.0,0.0,27,0.0,0.0,0.0,0.0,0.0,0.0,0.0,0.0
106824,0,1,3400,-79,79,-116,0.50,6.6,2.2,0.0,0.0,27,0.0,0.0,0.0,0.0,0.0,0.0,0.0,0.0
107073,0,1,3400,-79,79,-114,0.50,6.7,2.2,0.0,0.0,27,0.0,0.0,0.0,0.0,0.0,0.0,0.0,0.0
107322,0,1,3400,-79,79,-116,0.50,6.7,2.2,0.0,0.0,27,0.0,0.0,0.0,0.0,0.0,0.0,0.0,0.0
107571,0,1,3400,-79,79,-115,0.50,6.6,2.2,0.0,0.0,27,0.0,0.0,0.0,0.0,0.0,0.0,0.0,0.0
107820,0,1,3400,-79,79,-116,0.50,6.6,2.2,0.0,0.0,27,0.0,0.0,0.0,0.0,0.0,0.0,0.0,0.0
108069,0,1,3400,-79,79,-114,0.50,6.6,2.2,0.0,0.0,27,0.0,0.0,0.0,0.0,0.0,0.0,0.0,0.0
108318,0,1,3400,-79,79,-118,0.50,6.7,2.2,0.0,0.0,27,0.0,0.0,0.0,0.0,0.0,0.0,0.0,0.0
108567,0,1,3400,-79,79,-114,0.50,6.6,2.2,0.0,0.0,27,0.0,0.0,0.0,0.0,0.0,0.0,0.0,0.0
108816,0,1,3400,-79,79,-114,0.50,6.6,2.2,0.0,0.0,27,0.0,0.0,0.0,0.0,0.0,0.0,0.0,0.0
109065,0,1,3400,-79,79,-118,0.50,6.5,2.2,0.0,0.0,27,0.0,0.0,0.0,0.0,0.0,0.0,0.0,0.0
109314,0,1,3400,-79,79,-115,0.50,6.7,2.2,0.0,0.0,27,0.0,0.0,0.0,0.0,0.0,0.0,0.0,0.0
109563,0,1,3400,-79,79,-117,0.50,6.8,2.2,0.0,0.0,27,0.0,0.0,0.0,0.0,0.0,0.0,0.0,0.0
109812,0,1,3400,-79,79,-117,0.50,6.5,2.2,0.0,0.0,27,0.0,0.0,0.0,0.0,0.0,0.0,0.0,0.0
110061,0,1,3400,-79,79,-116,0.50,6.7,2.2,0.0,0.0,27,0.0,0.0,0.0,0.0,0.0,0.0,0.0,0.0
110310,0,1,3400,-79,79,-118,0.50,6.6,2.2,0.0,0.0,27,0.0,0.0,0.0,0.0,0.0,0.0,0.0,0.0
110559,0,1,3400,-79,79,-117,0.50,6.8,2.2,0.0,0.0,27,0.0,0.0,0.0,0.0,0.0,0.0,0.0,0.0
110808,0,1,3400,-79,79,-117,0.50,6.8,2.3,0.0,0.0,27,0.0,0.0,0.0,0.0,0.0,0.0,0.0,0.0
111057,0,1,3400,-79,79,-116,0.50,6.9,2.2,0.0,0.0,27,0.0,0.0,0.0,0.0,0.0,0.0,0.0,0.0
111306,0,1,3400,-79,79,-120,0.50,6.9,2.2,0.0,0.0,27,0.0,0.0,0.0,0.0,0.0,0.0,0.0,0.0
111555,0,1,3400,-79,79,-117,0.50,6.7,2.3,0.0,0.0,27,0.0,0.0,0.0,0.0,0.0,0.0,0.0,0.0
111804,0,1,3400,-79,79,-118,0.50,6.7,2.2,0.0,0.0,27,0.0,0.0,0.0,0.0,0.0,0.0,0.0,0.0
112053,0,1,3400,-79,79,-118,0.50,6.9,2.2,0.0,0.0,27,0.0,0.0,0.0,0.0,0.0,0.0,0.0,0.0
112302,0,1,3400,-79,79,-118,0.50,6.9,2.2,0.0,0.0,27,0.0,0.0,0.0,0.0,0.0,0.0,0.0,0.0
112551,0,1,3400,-79,79,-117,9.4,7.0,3.4,0.0,0.0,27,0.0,0.0,0.0,0.0,0.0,0.0,0.0,0.0
112800,0,1,3400,-79,79,-116,14,7.0,4.0,0.0,0.0,27,0.0,0.0,0.0,0.0,0.0,0.0,0.0,0.0
113049,0,1,3400,-79,79,-117,10,7.1,3.5,0.0,0.0,27,0.0,0.0,0.0,0.0,0.0,0.0,0.0,0.0
113298,0,1,3400,-79,79,-118,0.50,7.0,2.2,0.0,0.0,27,0.0,0.0,0.0,0.0,0.0,0.0,0.0,0.0
113547,0,1,3400,-79,79,-119,0.50,7.0,2.2,0.0,0.0,27,0.0,0.0,0.0,0.0,0.0,0.0,0.0,0.0
113796,0,1,3400,-79,79,-116,0.50,7.0,2.2,0.0,0.0,27,0.0,0.0,0.0,0.0,0.0,0.0,0.0,0.0
114045,0,1,3400,-79,79,-116,0.50,7.1,2.2,0.0,0.0,27,0.0,0.0,0.0,0.0,0.0,0.0,0.0,0.0
114294,0,1,3400,-79,79,-119,0.50,7.1,2.2,0.0,0.0,27,0.0,0.0,0.0,0.0,0.0,0.0,0.0,0.0
114543,0,1,3400,-79,79,-120,0.50,7.1,2.2,0.0,0.0,27,0.0,0.0,0.0,0.0,0.0,0.0,0.0,0.0
114792,0,1,3400,-79,79,-118,0.50,7.0,2.2,0.0,0.0,27,0.0,0.0,0.0,0.0,0.0,0.0,0.0,0.0
115041,0,1,3400,-79,79,-117,0.50,7.1,2.2,0.0,0.0,27,0.0,0.0,0.0,0.0,0.0,0.0,0.0,0.0
115290,0,1,3400,-79,79,-120,0.50,7.0,2.2,0.0,0.0,27,0.0,0.0,0.0,0.0,0.0,0.0,0.0,0.0
115539,0,1,3400,-79,79,-121,0.50,7.1,2.2,0.0,0.0,27,0.0,0.0,0.0,0.0,0.0,0.0,0.0,0.0
115788,0,1,3400,-79,79,-120,0.50,7.1,2.2,0.0,0.0,27,0.0,0.0,0.0,0.0,0.0,0.0,0.0,0.0
116037,0,1,3400,-79,79,-124,0.50,7.3,2.2,0.0,0.0,27,0.0,0.0,0.0,0.0,0.0,0.0,0.0,0.0
116286,0,1,3400,-79,79,-123,0.50,7.4,2.2,0.0,0.0,27,0.0,0.0,0.0,0.0,0.0,0.0,0.0,0.0
116535,0,1,3400,-79,79,-123,0.50,7.3,2.2,0.0,0.0,27,0.0,0.0,0.0,0.0,0.0,0.0,0.0,0.0
116784,0,1,3400,-79,79,-119,0.50,7.3,2.2,0.0,0.0,27,0.0,0.0,0.0,0.0,0.0,0.0,0.0,0.0
117033,0,1,3400,-79,79,-115,0.50,7.4,2.2,0.0,0.0,27,0.0,0.0,0.0,0.0,0.0,0.0,0.0,0.0
117282,0,1,3400,-79,79,-120,0.50,7.3,2.2,0.0,0.0,27,0.0,0.0,0.0,0.0,0.0,0.0,0.0,0.0
117531,0,1,3400,-79,79,-117,0.50,8.1,2.2,0.0,0.0,27,0.0,0.0,0.0,0.0,0.0,0.0,0.0,0.0
117780,0,1,3400,-79,79,-121,0.50,8.9,2.3,0.0,0.0,27,0.0,0.0,0.0,0.0,0.0,0.0,0.0,0.0
118029,0,1,3400,-79,79,-121,0.50,8.9,2.2,0.0,0.0,27,0.0,0.0,0.0,0.0,0.0,0.0,0.0,0.0
118278,0,1,3400,-79,79,-118,0.50,8.7,2.3,0.0,0.0,27,0.0,0.0,0.0,0.0,0.0,0.0,0.0,0.0
118527,0,1,3400,-79,79,-121,0.50,8.7,2.2,0.0,0.0,27,0.0,0.0,0.0,0.0,0.0,0.0,0.0,0.0
118776,0,1,3400,-79,79,-121,0.50,8.7,2.2,0.0,0.0,27,0.0,0.0,0.0,0.0,0.0,0.0,0.0,0.0
119025,0,1,3400,-79,79,-119,0.50,8.7,2.2,0.0,0.0,27,0.0,0.0,0.0,0.0,0.0,0.0,0.0,0.0
119274,0,1,3400,-79,79,-120,0.50,8.7,2.2,0.0,0.0,27,0.0,0.0,0.0,0.0,0.0,0.0,0.0,0.0
119523,0,1,3400,-79,79,-121,0.50,8.7,2.2,0.0,0.0,27,0.0,0.0,0.0,0.0,0.0,0.0,0.0,0.0
119772,0,1,3400,-79,79,-121,0.50,8.3,2.2,0.0,0.0,27,0.0,0.0,0.0,0.0,0.0,0.0,0.0,0.0
120021,0,1,3400,-79,79,-118,0.50,8.6,2.2,0.0,0.0,27,0.0,0.0,0.0,0.0,0.0,0.0,0.0,0.0
120270,0,1,3400,-81,81,-89,0.50,6.8,2.2,0.0,0.0,27,0.0,0.0,0.0,0.0,0.0,0.0,0.0,0.0
120519,0,1,3400,-86,86,-612,1.0,3.5,2.5,574,0,27,0.0,0.0,0.0,0.0,0.0,0.0,0.0,0.0
120768,0,1,3400,-86,86,-846,1.00,3.8,2.5,0.0,0.0,27,0.0,0.0,0.0,0.0,0.0,0.0,0.0,0.0
121017,0,1,3400,-86,86,-831,0.50,4.0,2.2,0.0,0.0,27,0.0,0.0,0.0,0.0,0.0,0.0,0.0,0.0
121266,0,1,3400,-85,85,-828,0.50,3.8,2.2,0.0,0.0,27,0.0,0.0,0.0,0.0,0.0,0.0,0.0,0.0
121515,0,1,3400,-85,85,-828,0.50,3.9,2.2,0.0,0.0,27,0.0,0.0,0.0,0.0,0.0,0.0,0.0,0.0
121764,0,1,3400,-85,85,-825,0.50,4.1,2.2,0.0,0.0,27,0.0,0.0,0.0,0.0,0.0,0.0,0.0,0.0
122013,0,1,3400,-85,85,-831,0.50,3.9,2.2,0.0,0.0,27,0.0,0.0,0.0,0.0,0.0,0.0,0.0,0.0
122262,0,1,3400,-86,86,-828,0.50,4.0,2.2,0.0,0.0,27,0.0,0.0,0.0,0.0,0.0,0.0,0.0,0.0
122511,0,1,3400,-85,85,-826,0.50,4.1,2.2,0.0,0.0,27,0.0,0.0,0.0,0.0,0.0,0.0,0.0,0.0
122760,0,1,3400,-85,85,-832,0.50,4.0,2.2,0.0,0.0,27,0.0,0.0,0.0,0.0,0.0,0.0,0.0,0.0
123009,0,1,3400,-85,85,-820,0.50,4.0,2.2,0.0,0.0,27,0.0,0.0,0.0,0.0,0.0,0.0,0.0,0.0
123258,0,1,3400,-85,85,-826,0.50,4.1,2.2,0.0,0.0,27,0.0,0.0,0.0,0.0,0.0,0.0,0.0,0.0
123507,0,1,3400,-85,85,-829,0.50,4.2,2.2,0.0,0.0,27,0.0,0.0,0.0,0.0,0.0,0.0,0.0,0.0
123756,0,1,3400,-85,85,-831,0.50,4.5,2.2,0.0,0.0,27,0.0,0.0,0.0,0.0,0.0,0.0,0.0,0.0
124005,0,1,3400,-85,85,-832,0.50,4.3,2.2,0.0,0.0,27,0.0,0.0,0.0,0.0,0.0,0.0,0.0,0.0
124254,0,1,3400,-85,85,-836,0.50,4.4,2.2,0.0,0.0,27,0.0,0.0,0.0,0.0,0.0,0.0,0.0,0.0
124503,0,1,3400,-85,85,-831,0.50,4.5,2.2,0.0,0.0,27,0.0,0.0,0.0,0.0,0.0,0.0,0.0,0.0
124752,0,1,3400,-85,85,-831,0.50,4.6,2.2,0.0,0.0,27,0.0,0.0,0.0,0.0,0.0,0.0,0.0,0.0
125001,0,1,3400,-85,85,-826,0.50,4.5,2.2,0.0,0.0,27,0.0,0.0,0.0,0.0,0.0,0.0,0.0,0.0
125250,0,1,3400,-85,85,-821,0.50,4.3,2.2,0.0,0.0,27,0.0,0.0,0.0,0.0,0.0,0.0,0.0,0.0
125499,0,1,3400,-85,85,-826,0.50,4.2,2.2,0.0,0.0,27,0.0,0.0,0.0,0.0,0.0,0.0,0.0,0.0
125748,0,1,3400,-85,85,-829,0.50,4.0,2.2,0.0,0.0,27,0.0,0.0,0.0,0.0,0.0,0.0,0.0,0.0
125997,0,1,3400,-85,85,-830,0.50,4.1,2.2,0.0,0.0,27,0.0,0.0,0.0,0.0,0.0,0.0,0.0,0.0
126246,0,1,3400,-85,85,-828,0.50,4.1,2.2,0.0,0.0,27,0.0,0.0,0.0,0.0,0.0,0.0,0.0,0.0
126495,0,1,3400,-85,85,-823,0.50,4.2,2.2,0.0,0.0,27,0.0,0.0,0.0,0.0,0.0,0.0,0.0,0.0
126744,0,1,3400,-85,85,-827,0.50,4.4,2.2,0.0,0.0,27,0.0,0.0,0.0,0.0,0.0,0.0,0.0,0.0
126993,0,1,3400,-85,85,-836,0.50,4.4,2.2,0.0,0.0,27,0.0,0.0,0.0,0.0,0.0,0.0,0.0,0.0
127242,0,1,3400,-85,85,-832,0.50,4.5,2.2,0.0,0.0,27,0.0,0.0,0.0,0.0,0.0,0.0,0.0,0.0
127491,0,1,3400,-85,85,-824,0.50,4.4,2.2,0.0,0.0,27,0.0,0.0,0.0,0.0,0.0,0.0,0.0,0.0
127740,0,1,3400,-85,85,-829,0.50,4.5,2.2,0.0,0.0,27,0.0,0.0,0.0,0.0,0.0,0.0,0.0,0.0
127989,0,1,3400,-85,85,-826,0.50,4.6,2.2,0.0,0.0,27,0.0,0.0,0.0,0.0,0.0,0.0,0.0,0.0
128238,0,1,3400,-85,85,-826,0.50,4.5,2.2,0.0,0.0,27,0.0,0.0,0.0,0.0,0.0,0.0,0.0,0.0
128487,0,1,3400,-84,84,-828,0.50,4.8,2.2,0.0,0.0,27,0.0,0.0,0.0,0.0,0.0,0.0,0.0,0.0
128736,0,1,3400,-84,84,-830,0.50,4.9,2.2,0.0,0.0,27,0.0,0.0,0.0,0.0,0.0,0.0,0.0,0.0
128985,0,1,3400,-84,84,-833,0.50,5.1,2.2,0.0,0.0,27,0.0,0.0,0.0,0.0,0.0,0.0,0.0,0.0
129234,0,1,3400,-84,84,-835,0.50,5.2,2.2,0.0,0.0,27,0.0,0.0,0.0,0.0,0.0,0.0,0.0,0.0
129483,0,1,3400,-84,84,-835,0.50,5.4,2.2,0.0,0.0,27,0.0,0.0,0.0,0.0,0.0,0.0,0.0,0.0
129732,0,1,3400,-84,84,-828,0.50,5.5,2.2,0.0,0.0,27,0.0,0.0,0.0,0.0,0.0,0.0,0.0,0.0
129981,0,1,3400,-84,84,-832,0.50,5.8,2.2,0.0,0.0,27,0.0,0.0,0.0,0.0,0.0,0.0,0.0,0.0
130230,0,1,3400,-84,84,-831,0.50,5.8,2.2,0.0,0.0,27,0.0,0.0,0.0,0.0,0.0,0.0,0.0,0.0
130479,0,1,3400,-84,84,-826,0.50,5.7,2.2,0.0,0.0,27,0.0,0.0,0.0,0.0,0.0,0.0,0.0,0.0
130728,0,1,3400,-84,84,-828,0.50,5.7,2.2,0.0,0.0,27,0.0,0.0,0.0,0.0,0.0,0.0,0.0,0.0
130977,0,1,3400,-84,84,-827,0.50,5.8,2.2,0.0,0.0,27,0.0,0.0,0.0,0.0,0.0,0.0,0.0,0.0
131226,0,1,3400,-84,84,-831,0.42,5.7,2.0,0.0,0.0,27,0.0,0.0,0.0,0.0,0.0,0.0,0.0,0.0
131475,0,1,3400,-84,84,-832,0.0,5.6,0.50,0.0,0.0,27,0.0,0.0,0.0,0.0,0.0,0.0,0.0,0.0
131724,0,1,3400,-84,84,-835,0.0,5.7,0.50,0.0,0.0,27,0.0,0.0,0.0,0.0,0.0,0.0,0.0,0.0
131973,0,1,3400,-84,84,-833,0.0,5.7,0.50,0.0,0.0,27,0.0,0.0,0.0,0.0,0.0,0.0,0.0,0.0
132222,0,1,3400,-84,84,-832,0.0,5.7,0.50,0.0,0.0,27,0.0,0.0,0.0,0.0,0.0,0.0,0.0,0.0
132471,0,1,3400,-84,84,-826,0.0,5.8,0.50,0.0,0.0,27,0.0,0.0,0.0,0.0,0.0,0.0,0.0,0.0
132720,0,1,3400,-84,84,-829,0.0,5.7,0.50,0.0,0.0,27,0.0,0.0,0.0,0.0,0.0,0.0,0.0,0.0
132969,0,1,3400,-84,84,-836,0.0,5.6,0.50,0.0,0.0,27,0.0,0.0,0.0,0.0,0.0,0.0,0.0,0.0
133218,0,1,3400,-84,84,-836,0.0,5.5,0.50,0.0,0.0,27,0.0,0.0,0.0,0.0,0.0,0.0,0.0,0.0
133467,0,1,3400,-84,84,-833,0.0,5.3,0.50,0.0,0.0,27,0.0,0.0,0.0,0.0,0.0,0.0,0.0,0.0
133716,0,1,3400,-84,84,-833,0.0,5.1,0.50,0.0,0.0,27,0.0,0.0,0.0,0.0,0.0,0.0,0.0,0.0
133965,0,1,3400,-84,84,-834,0.0,5.2,0.50,0.0,0.0,27,0.0,0.0,0.0,0.0,0.0,0.0,0.0,0.0
134214,0,1,3400,-84,84,-834,0.0,5.3,0.50,0.0,0.0,27,0.0,0.0,0.0,0.0,0.0,0.0,0.0,0.0
134463,0,1,3400,-84,84,-827,0.0,5.3,0.50,0.0,0.0,27,0.0,0.0,0.0,0.0,0.0,0.0,0.0,0.0
134712,0,1,3400,-84,84,-825,0.0,5.6,0.50,0.0,0.0,27,0.0,0.0,0.0,0.0,0.0,0.0,0.0,0.0
134961,0,1,3400,-84,84,-832,0.0,5.6,0.50,0.0,0.0,27,0.0,0.0,0.0,0.0,0.0,0.0,0.0,0.0
135210,0,1,3400,-84,84,-832,0.0,5.8,0.50,0.0,0.0,27,0.0,0.0,0.0,0.0,0.0,0.0,0.0,0.0
135459,0,1,3400,-84,84,-830,0.0,5.7,0.50,0.0,0.0,27,0.0,0.0,0.0,0.0,0.0,0.0,0.0,0.0
135708,0,1,3400,-84,84,-829,0.0,5.8,0.50,0.0,0.0,27,0.0,0.0,0.0,0.0,0.0,0.0,0.0,0.0
135957,0,1,3400,-84,84,-830,0.0,5.8,0.50,0.0,0.0,27,0.0,0.0,0.0,0.0,0.0,0.0,0.0,0.0
136206,0,1,3400,-84,84,-833,0.0,6.0,0.50,0.0,0.0,27,0.0,0.0,0.0,0.0,0.0,0.0,0.0,0.0
136455,0,1,3400,-83,83,-830,0.0,6.1,0.50,0.0,0.0,27,0.0,0.0,0.0,0.0,0.0,0.0,0.0,0.0
136704,0,1,3400,-83,83,-829,0.0,6.3,0.50,0.0,0.0,27,0.0,0.0,0.0,0.0,0.0,0.0,0.0,0.0
136953,0,1,3400,-83,83,-830,0.0,6.3,0.50,0.0,0.0,27,0.0,0.0,0.0,0.0,0.0,0.0,0.0,0.0
137202,0,1,3400,-83,83,-837,0.0,6.3,0.50,0.0,0.0,27,0.0,0.0,0.0,0.0,0.0,0.0,0.0,0.0
137451,0,1,3400,-83,83,-837,0.0,6.3,0.50,0.0,0.0,27,0.0,0.0,0.0,0.0,0.0,0.0,0.0,0.0
137700,0,1,3400,-83,83,-834,0.0,6.4,0.50,0.0,0.0,27,0.0,0.0,0.0,0.0,0.0,0.0,0.0,0.0
137949,0,1,3400,-83,83,-836,0.0,6.4,0.50,0.0,0.0,27,0.0,0.0,0.0,0.0,0.0,0.0,0.0,0.0
138198,0,1,3400,-83,83,-839,0.0,6.7,0.50,0.0,0.0,27,0.0,0.0,0.0,0.0,0.0,0.0,0.0,0.0
138447,0,1,3400,-83,83,-842,0.0,6.8,0.50,0.0,0.0,27,0.0,0.0,0.0,0.0,0.0,0.0,0.0,0.0
138696,0,1,3400,-82,82,-838,0.0,7.1,0.50,0.0,0.0,27,0.0,0.0,0.0,0.0,0.0,0.0,0.0,0.0
138945,0,1,3400,-82,82,-837,0.0,7.1,0.50,0.0,0.0,27,0.0,0.0,0.0,0.0,0.0,0.0,0.0,0.0
139194,0,1,3400,-83,83,-837,0.0,6.8,0.50,0.0,0.0,27,0.0,0.0,0.0,0.0,0.0,0.0,0.0,0.0
139443,0,1,3400,-83,83,-839,0.0,6.8,0.50,0.0,0.0,27,0.0,0.0,0.0,0.0,0.0,0.0,0.0,0.0
139692,0,1,3400,-83,83,-841,0.0,6.5,0.50,0.0,0.0,27,0.0,0.0,0.0,0.0,0.0,0.0,0.0,0.0
139941,0,1,3400,-83,83,-836,0.37,6.4,1.8,0.0,0.0,27,0.0,0.0,0.0,0.0,0.0,0.0,0.0,0.0
140190,0,1,3400,-83,83,-836,0.50,6.1,2.2,0.0,0.0,27,0.0,0.0,0.0,0.0,0.0,0.0,0.0,0.0
140439,0,1,3400,-84,84,-839,0.50,5.9,2.2,0.0,0.0,27,0.0,0.0,0.0,0.0,0.0,0.0,0.0,0.0
140688,0,1,3400,-84,84,-839,0.50,5.7,2.2,0.0,0.0,27,0.0,0.0,0.0,0.0,0.0,0.0,0.0,0.0
140937,0,1,3400,-84,84,-836,0.50,5.7,2.2,0.0,0.0,27,0.0,0.0,0.0,0.0,0.0,0.0,0.0,0.0
141186,0,1,3400,-84,84,-833,0.50,5.4,2.2,0.0,0.0,27,0.0,0.0,0.0,0.0,0.0,0.0,0.0,0.0
141435,0,1,3400,-84,84,-841,0.35,5.3,1.7,0.0,0.0,27,0.0,0.0,0.0,0.0,0.0,0.0,0.0,0.0
141684,0,1,3400,-84,84,-842,0.0,5.2,0.50,0.0,0.0,27,0.0,0.0,0.0,0.0,0.0,0.0,0.0,0.0
141933,0,1,3400,-84,84,-837,0.0,4.9,0.50,0.0,0.0,27,0.0,0.0,0.0,0.0,0.0,0.0,0.0,0.0
142182,0,1,3400,-85,85,-839,0.0,4.8,0.50,0.0,0.0,27,0.0,0.0,0.0,0.0,0.0,0.0,0.0,0.0
142431,0,1,3400,-85,85,-839,0.0,4.7,0.50,0.0,0.0,27,0.0,0.0,0.0,0.0,0.0,0.0,0.0,0.0
142680,0,1,3400,-85,85,-841,0.0,4.5,0.50,0.0,0.0,27,0.0,0.0,0.0,0.0,0.0,0.0,0.0,0.0
142929,0,1,3400,-85,85,-837,0.0,4.5,0.50,0.0,0.0,27,0.0,0.0,0.0,0.0,0.0,0.0,0.0,0.0
143178,0,1,3400,-85,85,-839,0.0,4.6,0.50,0.0,0.0,27,0.0,0.0,0.0,0.0,0.0,0.0,0.0,0.0
143427,0,1,3400,-85,85,-840,0.0,4.7,0.50,0.0,0.0,27,0.0,0.0,0.0,0.0,0.0,0.0,0.0,0.0
143676,0,1,3400,-85,85,-838,0.0,5.0,0.50,0.0,0.0,27,0.0,0.0,0.0,0.0,0.0,0.0,0.0,0.0
143925,0,1,3400,-85,85,-837,0.0,5.0,0.50,0.0,0.0,27,0.0,0.0,0.0,0.0,0.0,0.0,0.0,0.0
144174,0,1,3400,-85,85,-838,0.0,4.8,0.50,0.0,0.0,27,0.0,0.0,0.0,0.0,0.0,0.0,0.0,0.0
144423,0,1,3400,-85,85,-834,0.0,4.8,0.50,0.0,0.0,27,0.0,0.0,0.0,0.0,0.0,0.0,0.0,0.0
144672,0,1,3400,-85,85,-839,0.0,4.6,0.50,0.0,0.0,27,0.0,0.0,0.0,0.0,0.0,0.0,0.0,0.0
144921,0,1,3400,-85,85,-837,0.0,4.5,0.50,0.0,0.0,27,0.0,0.0,0.0,0.0,0.0,0.0,0.0,0.0
145170,0,1,3400,-85,85,-838,0.0,4.5,0.50,0.0,0.0,27,0.0,0.0,0.0,0.0,0.0,0.0,0.0,0.0
145419,0,1,3400,-85,85,-834,0.0,4.5,0.50,0.0,0.0,27,0.0,0.0,0.0,0.0,0.0,0.0,0.0,0.0
145668,0,1,3400,-85,85,-841,0.0,4.6,0.50,0.0,0.0,27,0.0,0.0,0.0,0.0,0.0,0.0,0.0,0.0
145917,0,1,3400,-85,85,-837,0.0,4.4,0.50,0.0,0.0,27,0.0,0.0,0.0,0.0,0.0,0.0,0.0,0.0
146166,0,1,3400,-85,85,-835,0.0,4.3,0.50,0.0,0.0,27,0.0,0.0,0.0,0.0,0.0,0.0,0.0,0.0
146415,0,1,3400,-85,85,-832,0.0,4.1,0.50,0.0,0.0,27,0.0,0.0,0.0,0.0,0.0,0.0,0.0,0.0
146664,0,1,3400,-85,85,-831,0.0,4.1,0.50,0.0,0.0,27,0.0,0.0,0.0,0.0,0.0,0.0,0.0,0.0
146913,0,1,3400,-85,85,-834,0.0,4.0,0.50,0.0,0.0,27,0.0,0.0,0.0,0.0,0.0,0.0,0.0,0.0
147162,0,1,3400,-85,85,-834,0.0,4.2,0.50,0.0,0.0,27,0.0,0.0,0.0,0.0,0.0,0.0,0.0,0.0
147411,0,1,3400,-85,85,-841,0.0,4.3,0.50,0.0,0.0,27,0.0,0.0,0.0,0.0,0.0,0.0,0.0,0.0
147660,0,1,3400,-85,85,-838,0.0,4.4,0.50,0.0,0.0,27,0.0,0.0,0.0,0.0,0.0,0.0,0.0,0.0
147909,0,1,3400,-85,85,-838,0.0,4.6,0.50,0.0,0.0,27,0.0,0.0,0.0,0.0,0.0,0.0,0.0,0.0
148158,0,1,3400,-85,85,-841,0.0,4.5,0.50,0.0,0.0,27,0.0,0.0,0.0,0.0,0.0,0.0,0.0,0.0
148407,0,1,3400,-85,85,-848,0.0,4.6,0.50,0.0,0.0,27,0.0,0.0,0.0,0.0,0.0,0.0,0.0,0.0
148656,0,1,3400,-85,85,-844,0.0,4.5,0.50,0.0,0.0,27,0.0,0.0,0.0,0.0,0.0,0.0,0.0,0.0
148905,0,1,3400,-85,85,-854,0.0,4.6,0.50,0.0,0.0,27,0.0,0.0,0.0,0.0,0.0,0.0,0.0,0.0
149154,0,1,3400,-85,85,-846,0.0,4.5,0.50,0.0,0.0,27,0.0,0.0,0.0,0.0,0.0,0.0,0.0,0.0
149403,0,1,3400,-85,85,-833,0.0,4.5,0.50,0.0,0.0,27,0.0,0.0,0.0,0.0,0.0,0.0,0.0,0.0
149652,0,1,3400,-85,85,-833,0.0,4.6,0.50,0.0,0.0,27,0.0,0.0,0.0,0.0,0.0,0.0,0.0,0.0
149901,0,1,3400,-85,85,-837,0.0,4.5,0.50,0.0,0.0,27,0.0,0.0,0.0,0.0,0.0,0.0,0.0,0.0
150150,0,1,3400,-85,85,-837,0.0,4.5,0.50,0.0,0.0,27,0.0,0.0,0.0,0.0,0.0,0.0,0.0,0.0
150399,0,1,3400,-85,85,-837,0.0,4.5,0.50,0.0,0.0,27,0.0,0.0,0.0,0.0,0.0,0.0,0.0,0.0
150648,0,1,3400,-85,85,-833,0.0,4.5,0.50,0.0,0.0,27,0.0,0.0,0.0,0.0,0.0,0.0,0.0,0.0
150897,0,1,3400,-85,85,-841,0.0,4.6,0.50,0.0,0.0,27,0.0,0.0,0.0,0.0,0.0,0.0,0.0,0.0
151146,0,1,3400,-85,85,-843,0.0,4.3,0.50,0.0,0.0,27,0.0,0.0,0.0,0.0,0.0,0.0,0.0,0.0
151395,0,1,3400,-85,85,-844,0.0,4.1,0.50,0.0,0.0,27,0.0,0.0,0.0,0.0,0.0,0.0,0.0,0.0
151644,0,1,3400,-86,86,-839,0.0,4.0,0.50,0.0,0.0,27,0.0,0.0,0.0,0.0,0.0,0.0,0.0,0.0
151893,0,1,3400,-86,86,-833,0.0,4.0,0.50,0.0,0.0,27,0.0,0.0,0.0,0.0,0.0,0.0,0.0,0.0
152142,0,1,3400,-86,86,-821,0.0,4.0,0.50,0.0,0.0,27,0.0,0.0,0.0,0.0,0.0,0.0,0.0,0.0
152391,0,1,3400,-86,86,-835,0.0,4.1,0.50,0.0,0.0,27,0.0,0.0,0.0,0.0,0.0,0.0,0.0,0.0
152640,0,1,3400,-86,86,-835,0.0,4.0,0.50,0.0,0.0,27,0.0,0.0,0.0,0.0,0.0,0.0,0.0,0.0
152889,0,1,3400,-86,86,-832,0.0,4.1,0.50,0.0,0.0,27,0.0,0.0,0.0,0.0,0.0,0.0,0.0,0.0
153138,0,1,3400,-85,85,-830,0.0,4.2,0.50,0.0,0.0,27,0.0,0.0,0.0,0.0,0.0,0.0,0.0,0.0
153387,0,1,3400,-85,85,-837,0.0,4.4,0.50,0.0,0.0,27,0.0,0.0,0.0,0.0,0.0,0.0,0.0,0.0
153636,0,1,3400,-85,85,-840,0.0,4.3,0.50,0.0,0.0,27,0.0,0.0,0.0,0.0,0.0,0.0,0.0,0.0
153885,0,1,3400,-85,85,-835,0.0,4.5,0.50,0.0,0.0,27,0.0,0.0,0.0,0.0,0.0,0.0,0.0,0.0
154134,0,1,3400,-85,85,-849,0.0,4.4,0.50,0.0,0.0,27,0.0,0.0,0.0,0.0,0.0,0.0,0.0,0.0
154383,0,1,3400,-85,85,-845,0.0,4.5,0.50,0.0,0.0,27,0.0,0.0,0.0,0.0,0.0,0.0,0.0,0.0
154632,0,1,3400,-85,85,-844,0.0,4.5,0.50,0.0,0.0,27,0.0,0.0,0.0,0.0,0.0,0.0,0.0,0.0
154881,0,1,3400,-85,85,-838,0.0,4.6,0.50,0.0,0.0,27,0.0,0.0,0.0,0.0,0.0,0.0,0.0,0.0
155130,0,1,3400,-85,85,-838,0.0,4.7,0.50,0.0,0.0,27,0.0,0.0,0.0,0.0,0.0,0.0,0.0,0.0
155379,0,1,3400,-85,85,-841,0.0,4.9,0.50,0.0,0.0,27,0.0,0.0,0.0,0.0,0.0,0.0,0.0,0.0
155628,0,1,3400,-85,85,-844,0.0,5.0,0.50,0.0,0.0,27,0.0,0.0,0.0,0.0,0.0,0.0,0.0,0.0
155877,0,1,3400,-84,84,-834,0.0,5.0,0.50,0.0,0.0,27,0.0,0.0,0.0,0.0,0.0,0.0,0.0,0.0
156126,0,1,3400,-85,85,-842,0.0,4.9,0.50,0.0,0.0,27,0.0,0.0,0.0,0.0,0.0,0.0,0.0,0.0
156375,0,1,3400,-85,85,-838,0.0,4.7,0.50,0.0,0.0,27,0.0,0.0,0.0,0.0,0.0,0.0,0.0,0.0
156624,0,1,3400,-85,85,-839,0.0,4.6,0.50,0.0,0.0,27,0.0,0.0,0.0,0.0,0.0,0.0,0.0,0.0
156873,0,1,3400,-85,85,-829,0.0,4.5,0.50,0.0,0.0,27,0.0,0.0,0.0,0.0,0.0,0.0,0.0,0.0
157122,0,1,3400,-85,85,-833,0.0,4.3,0.50,0.0,0.0,27,0.0,0.0,0.0,0.0,0.0,0.0,0.0,0.0
157371,0,1,3400,-85,85,-838,0.0,4.3,0.50,0.0,0.0,27,0.0,0.0,0.0,0.0,0.0,0.0,0.0,0.0
157620,0,1,3400,-85,85,-837,0.0,4.0,0.50,0.0,0.0,27,0.0,0.0,0.0,0.0,0.0,0.0,0.0,0.0
157869,0,1,3400,-86,86,-840,0.0,3.9,0.50,0.0,0.0,27,0.0,0.0,0.0,0.0,0.0,0.0,0.0,0.0
158118,0,1,3400,-86,86,-845,0.0,3.8,0.50,0.0,0.0,27,0.0,0.0,0.0,0.0,0.0,0.0,0.0,0.0
158367,0,1,3400,-86,86,-847,0.0,3.6,0.50,0.0,0.0,27,0.0,0.0,0.0,0.0,0.0,0.0,0.0,0.0
158616,0,1,3400,-86,86,-839,0.0,3.6,0.50,0.0,0.0,27,0.0,0.0,0.0,0.0,0.0,0.0,0.0,0.0
158865,0,1,3400,-86,86,-835,0.0,3.4,0.50,0.0,0.0,27,0.0,0.0,0.0,0.0,0.0,0.0,0.0,0.0
159114,0,1,3400,-86,86,-830,0.92,3.7,2.1,0.0,0.0,27,0.0,0.0,0.0,0.0,0.0,0.0,0.0,0.0
159363,0,1,3400,-86,86,-835,1.0,3.6,2.2,0.0,0.0,27,0.0,0.0,0.0,0.0,0.0,0.0,0.0,0.0
159612,0,1,3400,-86,86,-842,0.46,3.9,1.3,0.0,0.0,27,0.0,0.0,0.0,0.0,0.0,0.0,0.0,0.0
159861,0,1,3400,-86,86,-850,0.0,3.9,0.50,0.0,0.0,27,0.0,0.0,0.0,0.0,0.0,0.0,0.0,0.0
160110,0,1,3400,-86,86,-847,0.0,3.9,0.50,0.0,0.0,27,0.0,0.0,0.0,0.0,0.0,0.0,0.0,0.0
160359,0,1,3400,-86,86,-837,0.0,3.9,0.50,0.0,0.0,27,0.0,0.0,0.0,0.0,0.0,0.0,0.0,0.0
160608,0,1,3400,-86,86,-845,0.0,3.9,0.50,0.0,0.0,27,0.0,0.0,0.0,0.0,0.0,0.0,0.0,0.0
160857,0,1,3400,-86,86,-851,13,4.0,2.0,0.0,0.0,27,0.0,0.0,0.0,0.0,0.0,0.0,0.0,0.0
161106,0,1,3400,-86,86,-852,16,3.9,2.2,0.0,0.0,27,0.0,0.0,0.0,0.0,0.0,0.0,0.0,0.0
161355,0,1,3400,-86,86,-846,16,4.0,2.2,0.0,0.0,27,0.0,0.0,0.0,0.0,0.0,0.0,0.0,0.0
161604,0,1,3400,-86,86,-839,16,4.0,2.2,0.0,0.0,27,0.0,0.0,0.0,0.0,0.0,0.0,0.0,0.0
161853,0,1,3400,-86,86,-841,16,3.9,2.2,0.0,0.0,27,0.0,0.0,0.0,0.0,0.0,0.0,0.0,0.0
162102,0,1,3400,-86,86,-848,16,4.0,2.2,0.0,0.0,27,0.0,0.0,0.0,0.0,0.0,0.0,0.0,0.0
162351,0,1,3400,-86,86,-845,16,4.0,2.2,0.0,0.0,27,0.0,0.0,0.0,0.0,0.0,0.0,0.0,0.0
162600,0,1,3400,-86,86,-839,16,4.0,2.2,0.0,0.0,27,0.0,0.0,0.0,0.0,0.0,0.0,0.0,0.0
162849,0,1,3400,-86,86,-844,16,3.9,2.2,0.0,0.0,27,0.0,0.0,0.0,0.0,0.0,0.0,0.0,0.0
163098,0,1,3400,-86,86,-847,16,3.9,2.2,0.0,0.0,27,0.0,0.0,0.0,0.0,0.0,0.0,0.0,0.0
163347,0,1,3400,-86,86,-846,16,3.9,2.2,0.0,0.0,27,0.0,0.0,0.0,0.0,0.0,0.0,0.0,0.0
163596,0,1,3400,-86,86,-844,16,3.9,2.2,0.0,0.0,27,0.0,0.0,0.0,0.0,0.0,0.0,0.0,0.0
163845,0,1,3400,-85,85,-844,16,3.9,3.8,0.0,0.0,27,0.0,0.0,0.0,0.0,0.0,0.0,0.0,0.0
164094,0,1,3400,-86,86,-846,16,4.0,4.0,0.0,0.0,27,0.0,0.0,0.0,0.0,0.0,0.0,0.0,0.0
164343,0,1,3400,-86,86,-848,16,4.0,3.7,0.0,0.0,27,0.0,0.0,0.0,0.0,0.0,0.0,0.0,0.0
164592,0,1,3400,-86,86,-851,16,3.9,2.2,0.0,0.0,27,0.0,0.0,0.0,0.0,0.0,0.0,0.0,0.0
164841,0,1,3400,-86,86,-848,16,3.9,2.2,0.0,0.0,27,0.0,0.0,0.0,0.0,0.0,0.0,0.0,0.0
165090,0,1,3400,-86,86,-844,16,3.9,2.2,0.0,0.0,27,0.0,0.0,0.0,0.0,0.0,0.0,0.0,0.0
165339,0,1,3400,-86,86,-846,16,4.0,2.2,0.0,0.0,27,0.0,0.0,0.0,0.0,0.0,0.0,0.0,0.0
165588,0,1,3400,-86,86,-843,16,4.0,2.2,0.0,0.0,27,0.0,0.0,0.0,0.0,0.0,0.0,0.0,0.0
165837,0,1,3400,-86,86,-843,16,4.0,2.2,0.0,0.0,27,0.0,0.0,0.0,0.0,0.0,0.0,0.0,0.0
166086,0,1,3400,-86,86,-838,16,4.0,2.2,0.0,0.0,27,0.0,0.0,0.0,0.0,0.0,0.0,0.0,0.0
166335,0,1,3400,-86,86,-837,16,3.9,2.2,0.0,0.0,27,0.0,0.0,0.0,0.0,0.0,0.0,0.0,0.0
166584,0,1,3400,-86,86,-841,16,4.0,2.2,0.0,0.0,27,0.0,0.0,0.0,0.0,0.0,0.0,0.0,0.0
166833,0,1,3400,-86,86,-847,16,4.0,2.2,0.0,0.0,27,0.0,0.0,0.0,0.0,0.0,0.0,0.0,0.0
167082,0,1,3400,-86,86,-846,16,4.0,2.2,0.0,0.0,27,0.0,0.0,0.0,0.0,0.0,0.0,0.0,0.0
167331,0,1,3400,-86,86,-846,16,3.9,2.2,0.0,0.0,27,0.0,0.0,0.0,0.0,0.0,0.0,0.0,0.0
167580,0,1,3400,-86,86,-847,16,3.9,2.2,0.0,0.0,27,0.0,0.0,0.0,0.0,0.0,0.0,0.0,0.0
167829,0,1,3400,-86,86,-840,16,3.8,2.2,0.0,0.0,27,0.0,0.0,0.0,0.0,0.0,0.0,0.0,0.0
168078,0,1,3400,-85,85,-847,16,4.1,2.2,0.0,0.0,27,0.0,0.0,0.0,0.0,0.0,0.0,0.0,0.0
168327,0,1,3400,-86,86,-843,16,3.9,2.2,0.0,0.0,27,0.0,0.0,0.0,0.0,0.0,0.0,0.0,0.0
168576,0,1,3400,-86,86,-847,16,3.9,2.2,0.0,0.0,27,0.0,0.0,0.0,0.0,0.0,0.0,0.0,0.0
168825,0,1,3400,-86,86,-849,26,3.9,3.8,0.0,0.0,27,0.0,0.0,0.0,0.0,0.0,0.0,0.0,0.0
169074,0,1,3400,-86,86,-853,28,4.0,4.0,0.0,0.0,27,0.0,0.0,0.0,0.0,0.0,0.0,0.0,0.0
169323,0,1,3400,-86,86,-849,28,3.9,4.0,0.0,0.0,27,0.0,0.0,0.0,0.0,0.0,0.0,0.0,0.0
169572,0,1,3400,-85,85,-854,17,3.9,2.5,0.0,0.0,27,0.0,0.0,0.0,0.0,0.0,0.0,0.0,0.0
169821,0,1,3400,-86,86,-843,16,3.9,2.2,0.0,0.0,27,0.0,0.0,0.0,0.0,0.0,0.0,0.0,0.0
170070,0,1,3400,-86,86,-846,16,3.7,2.2,0.0,0.0,27,0.0,0.0,0.0,0.0,0.0,0.0,0.0,0.0
170319,0,1,3400,-86,86,-842,16,3.6,2.2,0.0,0.0,27,0.0,0.0,0.0,0.0,0.0,0.0,0.0,0.0
170568,0,1,3400,-86,86,-840,16,3.6,2.2,0.0,0.0,27,0.0,0.0,0.0,0.0,0.0,0.0,0.0,0.0
170817,0,1,3400,-86,86,-844,16,3.5,2.2,0.0,0.0,27,0.0,0.0,0.0,0.0,0.0,0.0,0.0,0.0
171066,0,1,3400,-86,86,-844,16,3.6,2.2,0.0,0.0,27,0.0,0.0,0.0,0.0,0.0,0.0,0.0,0.0
171315,0,1,3400,-86,86,-849,16,3.7,2.2,0.0,0.0,27,0.0,0.0,0.0,0.0,0.0,0.0,0.0,0.0
171564,0,1,3400,-86,86,-850,16,3.8,2.2,0.0,0.0,27,0.0,0.0,0.0,0.0,0.0,0.0,0.0,0.0
171813,0,1,3400,-86,86,-839,16,3.9,2.2,0.0,0.0,27,0.0,0.0,0.0,0.0,0.0,0.0,0.0,0.0
172062,0,1,3400,-85,85,-840,16,3.9,2.2,0.0,0.0,27,0.0,0.0,0.0,0.0,0.0,0.0,0.0,0.0
172311,0,1,3400,-85,85,-842,16,4.0,2.2,0.0,0.0,27,0.0,0.0,0.0,0.0,0.0,0.0,0.0,0.0
172560,0,1,3400,-86,86,-848,16,3.9,2.2,0.0,0.0,27,0.0,0.0,0.0,0.0,0.0,0.0,0.0,0.0
172809,0,1,3400,-85,85,-842,16,3.9,2.2,0.0,0.0,27,0.0,0.0,0.0,0.0,0.0,0.0,0.0,0.0
173058,0,1,3400,-85,85,-842,16,3.9,2.2,0.0,0.0,27,0.0,0.0,0.0,0.0,0.0,0.0,0.0,0.0
173307,0,1,3400,-86,86,-846,16,4.0,2.2,0.0,0.0,27,0.0,0.0,0.0,0.0,0.0,0.0,0.0,0.0
173556,0,1,3400,-85,85,-839,16,3.9,2.2,0.0,0.0,27,0.0,0.0,0.0,0.0,0.0,0.0,0.0,0.0
173805,0,1,3400,-86,86,-840,16,3.9,2.2,0.0,0.0,27,0.0,0.0,0.0,0.0,0.0,0.0,0.0,0.0
174054,0,1,3400,-86,86,-843,16,3.9,2.2,0.0,0.0,27,0.0,0.0,0.0,0.0,0.0,0.0,0.0,0.0
174303,0,1,3400,-86,86,-840,16,3.9,2.2,0.0,0.0,27,0.0,0.0,0.0,0.0,0.0,0.0,0.0,0.0
174552,0,1,3400,-86,86,-847,16,3.8,2.2,0.0,0.0,27,0.0,0.0,0.0,0.0,0.0,0.0,0.0,0.0
174801,0,1,3400,-86,86,-845,16,3.8,2.2,0.0,0.0,27,0.0,0.0,0.0,0.0,0.0,0.0,0.0,0.0
175050,0,1,3400,-86,86,-841,16,3.9,2.2,0.0,0.0,27,0.0,0.0,0.0,0.0,0.0,0.0,0.0,0.0
175299,0,1,3400,-85,85,-845,16,3.9,2.2,0.0,0.0,27,0.0,0.0,0.0,0.0,0.0,0.0,0.0,0.0
175548,0,1,3400,-86,86,-845,16,3.8,2.2,0.0,0.0,27,0.0,0.0,0.0,0.0,0.0,0.0,0.0,0.0
175797,0,1,3400,-86,86,-847,16,4.0,2.2,0.0,0.0,27,0.0,0.0,0.0,0.0,0.0,0.0,0.0,0.0
176046,0,1,3400,-86,86,-849,16,3.9,2.2,0.0,0.0,27,0.0,0.0,0.0,0.0,0.0,0.0,0.0,0.0
176295,0,1,3400,-86,86,-849,16,3.9,2.2,0.0,0.0,27,0.0,0.0,0.0,0.0,0.0,0.0,0.0,0.0
176544,0,1,3400,-86,86,-844,16,3.9,2.2,0.0,0.0,27,0.0,0.0,0.0,0.0,0.0,0.0,0.0,0.0
176793,0,1,3400,-86,86,-841,16,4.0,2.2,0.0,0.0,27,0.0,0.0,0.0,0.0,0.0,0.0,0.0,0.0
177042,0,1,3400,-85,85,-842,16,4.0,2.2,0.0,0.0,27,0.0,0.0,0.0,0.0,0.0,0.0,0.0,0.0
177291,0,1,3400,-86,86,-844,16,3.8,2.2,0.0,0.0,27,0.0,0.0,0.0,0.0,0.0,0.0,0.0,0.0
177540,0,1,3400,-85,85,-846,16,3.9,2.2,0.0,0.0,27,0.0,0.0,0.0,0.0,0.0,0.0,0.0,0.0
177789,0,1,3400,-86,86,-845,16,3.9,2.2,0.0,0.0,27,0.0,0.0,0.0,0.0,0.0,0.0,0.0,0.0
178038,0,1,3400,-86,86,-844,16,4.0,2.2,0.0,0.0,27,0.0,0.0,0.0,0.0,0.0,0.0,0.0,0.0
178287,0,1,3400,-85,85,-846,16,3.9,2.2,0.0,0.0,27,0.0,0.0,0.0,0.0,0.0,0.0,0.0,0.0
178536,0,1,3400,-85,85,-851,16,3.9,2.2,0.0,0.0,27,0.0,0.0,0.0,0.0,0.0,0.0,0.0,0.0
178785,0,1,3400,-85,85,-840,16,3.9,2.2,0.0,0.0,27,0.0,0.0,0.0,0.0,0.0,0.0,0.0,0.0
179034,0,1,3400,-85,85,-847,16,4.0,2.2,0.0,0.0,27,0.0,0.0,0.0,0.0,0.0,0.0,0.0,0.0
179283,0,1,3400,-85,85,-848,16,4.2,2.2,0.0,0.0,27,0.0,0.0,0.0,0.0,0.0,0.0,0.0,0.0
179532,0,1,3400,-85,85,-840,16,4.3,2.2,0.0,0.0,27,0.0,0.0,0.0,0.0,0.0,0.0,0.0,0.0
179781,0,1,3400,-85,85,-843,16,4.3,2.2,0.0,0.0,27,0.0,0.0,0.0,0.0,0.0,0.0,0.0,0.0
180030,0,1,3400,-85,85,-835,16,4.2,2.2,0.0,0.0,27,0.0,0.0,0.0,0.0,0.0,0.0,0.0,0.0
180279,0,1,3400,-85,85,-843,16,4.1,2.2,0.0,0.0,27,0.0,0.0,0.0,0.0,0.0,0.0,0.0,0.0
180528,0,1,3400,-85,85,-842,16,3.9,2.2,0.0,0.0,27,0.0,0.0,0.0,0.0,0.0,0.0,0.0,0.0
180777,0,1,3400,-86,86,-843,16,3.9,2.2,0.0,0.0,27,0.0,0.0,0.0,0.0,0.0,0.0,0.0,0.0
181026,0,1,3400,-86,86,-838,16,3.9,2.2,0.0,0.0,27,0.0,0.0,0.0,0.0,0.0,0.0,0.0,0.0
181275,0,1,3400,-86,86,-844,11,4.0,1.8,0.0,0.0,27,0.0,0.0,0.0,0.0,0.0,0.0,0.0,0.0
181524,0,1,3400,-86,86,-850,0.0,3.8,0.50,0.0,0.0,27,0.0,0.0,0.0,0.0,0.0,0.0,0.0,0.0
181773,0,1,3400,-86,86,-849,0.0,3.9,0.50,0.0,0.0,27,0.0,0.0,0.0,0.0,0.0,0.0,0.0,0.0
182022,0,1,3400,-85,85,-845,0.0,3.8,0.50,0.0,0.0,27,0.0,0.0,0.0,0.0,0.0,0.0,0.0,0.0
182271,0,1,3400,-86,86,-843,0.0,3.9,0.50,0.0,0.0,27,0.0,0.0,0.0,0.0,0.0,0.0,0.0,0.0
182520,0,1,3400,-86,86,-848,0.0,3.9,0.50,0.0,0.0,27,0.0,0.0,0.0,0.0,0.0,0.0,0.0,0.0
182769,0,1,3400,-86,86,-841,0.0,3.8,0.50,0.0,0.0,27,0.0,0.0,0.0,0.0,0.0,0.0,0.0,0.0
183018,0,1,3400,-85,85,-841,0.0,3.8,0.50,0.0,0.0,27,0.0,0.0,0.0,0.0,0.0,0.0,0.0,0.0
183267,0,1,3400,-86,86,-838,0.0,3.8,0.50,0.0,0.0,27,0.0,0.0,0.0,0.0,0.0,0.0,0.0,0.0
183516,0,1,3400,-86,86,-838,0.0,3.9,0.50,0.0,0.0,27,0.0,0.0,0.0,0.0,0.0,0.0,0.0,0.0
183765,0,1,3400,-85,85,-839,0.0,3.8,0.50,0.0,0.0,27,0.0,0.0,0.0,0.0,0.0,0.0,0.0,0.0
184014,0,1,3400,-85,85,-839,0.0,4.0,0.50,0.0,0.0,27,0.0,0.0,0.0,0.0,0.0,0.0,0.0,0.0
184263,0,1,3400,-85,85,-852,0.0,4.1,0.50,0.0,0.0,27,0.0,0.0,0.0,0.0,0.0,0.0,0.0,0.0
184512,0,1,3400,-85,85,-849,0.0,4.3,0.50,0.0,0.0,27,0.0,0.0,0.0,0.0,0.0,0.0,0.0,0.0
184761,0,1,3400,-85,85,-848,0.0,4.5,0.50,0.0,0.0,27,0.0,0.0,0.0,0.0,0.0,0.0,0.0,0.0
185010,0,1,3400,-85,85,-843,0.0,4.4,0.50,0.0,0.0,27,0.0,0.0,0.0,0.0,0.0,0.0,0.0,0.0
185259,0,1,3400,-85,85,-845,0.0,4.4,0.50,0.0,0.0,27,0.0,0.0,0.0,0.0,0.0,0.0,0.0,0.0
185508,0,1,3400,-85,85,-841,0.0,4.4,0.50,0.0,0.0,27,0.0,0.0,0.0,0.0,0.0,0.0,0.0,0.0
185757,0,1,3400,-85,85,-843,0.0,4.4,0.50,0.0,0.0,27,0.0,0.0,0.0,0.0,0.0,0.0,0.0,0.0
186006,0,1,3400,-85,85,-844,0.0,4.4,0.50,0.0,0.0,27,0.0,0.0,0.0,0.0,0.0,0.0,0.0,0.0
186255,0,1,3400,-85,85,-856,0.0,4.4,0.50,0.0,0.0,27,0.0,0.0,0.0,0.0,0.0,0.0,0.0,0.0
186504,0,1,3400,-85,85,-850,0.0,4.4,0.50,0.0,0.0,27,0.0,0.0,0.0,0.0,0.0,0.0,0.0,0.0
186753,0,1,3400,-85,85,-858,0.0,4.3,0.50,0.0,0.0,27,0.0,0.0,0.0,0.0,0.0,0.0,0.0,0.0
187002,0,1,3400,-85,85,-855,0.0,4.2,0.50,0.0,0.0,27,0.0,0.0,0.0,0.0,0.0,0.0,0.0,0.0
187251,0,1,3400,-85,85,-846,0.0,4.1,0.50,0.0,0.0,27,0.0,0.0,0.0,0.0,0.0,0.0,0.0,0.0
187500,0,1,3400,-85,85,-841,0.0,4.0,0.50,0.0,0.0,27,0.0,0.0,0.0,0.0,0.0,0.0,0.0,0.0
187749,0,1,3400,-85,85,-852,0.0,3.9,0.50,0.0,0.0,27,0.0,0.0,0.0,0.0,0.0,0.0,0.0,0.0
187998,0,1,3400,-85,85,-846,0.0,4.0,0.50,0.0,0.0,27,0.0,0.0,0.0,0.0,0.0,0.0,0.0,0.0
188247,0,1,3400,-85,85,-852,0.0,4.3,0.50,0.0,0.0,27,0.0,0.0,0.0,0.0,0.0,0.0,0.0,0.0
188496,0,1,3400,-85,85,-843,0.0,4.3,0.50,0.0,0.0,27,0.0,0.0,0.0,0.0,0.0,0.0,0.0,0.0
188745,0,1,3400,-85,85,-843,0.0,4.3,0.50,0.0,0.0,27,0.0,0.0,0.0,0.0,0.0,0.0,0.0,0.0
188994,0,1,3400,-85,85,-847,0.0,4.5,0.50,0.0,0.0,27,0.0,0.0,0.0,0.0,0.0,0.0,0.0,0.0
189243,0,1,3400,-85,85,-850,0.0,4.4,0.50,0.0,0.0,27,0.0,0.0,0.0,0.0,0.0,0.0,0.0,0.0
189492,0,1,3400,-85,85,-860,0.0,4.4,0.50,0.0,0.0,27,0.0,0.0,0.0,0.0,0.0,0.0,0.0,0.0
189741,0,1,3400,-85,85,-856,0.0,4.5,0.50,0.0,0.0,27,0.0,0.0,0.0,0.0,0.0,0.0,0.0,0.0
189990,0,1,3400,-85,85,-847,0.0,4.5,0.50,0.0,0.0,27,0.0,0.0,0.0,0.0,0.0,0.0,0.0,0.0
190240,0,1,3400,-85,85,-845,0.0,4.3,0.50,0.0,0.0,27,0.0,0.0,0.0,0.0,0.0,0.0,0.0,0.0
190489,0,1,3400,-85,85,-842,0.0,4.5,0.50,0.0,0.0,27,0.0,0.0,0.0,0.0,0.0,0.0,0.0,0.0
190738,0,1,3400,-85,85,-843,0.0,4.5,0.50,0.0,0.0,27,0.0,0.0,0.0,0.0,0.0,0.0,0.0,0.0
190987,0,1,3400,-85,85,-844,0.0,4.2,0.50,0.0,0.0,27,0.0,0.0,0.0,0.0,0.0,0.0,0.0,0.0
191236,0,1,3400,-85,85,-847,0.0,4.1,0.50,0.0,0.0,27,0.0,0.0,0.0,0.0,0.0,0.0,0.0,0.0
191485,0,1,3400,-85,85,-843,0.0,4.0,0.50,0.0,0.0,27,0.0,0.0,0.0,0.0,0.0,0.0,0.0,0.0
191734,0,1,3400,-86,86,-845,0.0,3.9,0.50,0.0,0.0,27,0.0,0.0,0.0,0.0,0.0,0.0,0.0,0.0
191983,0,1,3400,-86,86,-839,0.0,3.8,0.50,0.0,0.0,27,0.0,0.0,0.0,0.0,0.0,0.0,0.0,0.0
192232,0,1,3400,-86,86,-843,0.0,3.6,0.50,0.0,0.0,27,0.0,0.0,0.0,0.0,0.0,0.0,0.0,0.0
192481,0,1,3400,-86,86,-838,0.0,3.5,0.50,0.0,0.0,27,0.0,0.0,0.0,0.0,0.0,0.0,0.0,0.0
192730,0,1,3400,-86,86,-847,0.0,3.6,0.50,0.0,0.0,27,0.0,0.0,0.0,0.0,0.0,0.0,0.0,0.0
192979,0,1,3400,-86,86,-841,0.0,3.6,0.50,0.0,0.0,27,0.0,0.0,0.0,0.0,0.0,0.0,0.0,0.0
193228,0,1,3400,-86,86,-834,0.0,3.8,0.50,0.0,0.0,27,0.0,0.0,0.0,0.0,0.0,0.0,0.0,0.0
193477,0,1,3400,-86,86,-841,0.0,3.8,0.50,0.0,0.0,27,0.0,0.0,0.0,0.0,0.0,0.0,0.0,0.0
193726,0,1,3400,-86,86,-841,0.0,3.9,0.50,0.0,0.0,27,0.0,0.0,0.0,0.0,0.0,0.0,0.0,0.0
193975,0,1,3400,-86,86,-841,0.0,3.7,0.50,0.0,0.0,27,0.0,0.0,0.0,0.0,0.0,0.0,0.0,0.0
194224,0,1,3400,-86,86,-849,0.0,3.7,0.50,0.0,0.0,27,0.0,0.0,0.0,0.0,0.0,0.0,0.0,0.0
194473,0,1,3400,-86,86,-847,0.0,3.5,0.50,0.0,0.0,27,0.0,0.0,0.0,0.0,0.0,0.0,0.0,0.0
194722,0,1,3400,-86,86,-843,0.0,3.3,0.50,0.0,0.0,27,0.0,0.0,0.0,0.0,0.0,0.0,0.0,0.0
194971,0,1,3400,-86,86,-852,0.0,3.3,0.50,0.0,0.0,27,0.0,0.0,0.0,0.0,0.0,0.0,0.0,0.0
195220,0,1,3400,-86,86,-853,0.0,3.2,0.50,0.0,0.0,27,0.0,0.0,0.0,0.0,0.0,0.0,0.0,0.0
195469,0,1,3400,-86,86,-587,0.0,2.6,0.50,0.0,0.0,27,0.0,0.0,0.0,0.0,0.0,0.0,0.0,0.0
195718,0,1,3400,-86,86,-824,0.64,2.9,0.96,574,0,27,0.0,0.0,0.0,0.0,0.0,0.0,0.0,0.0
195967,0,1,3400,-86,86,-964,0.50,3.1,1.1,574,50,27,0.0,0.0,0.0,0.0,0.0,0.0,0.0,0.0
196216,0,1,3400,-86,86,-851,0.0,3.4,0.50,0.0,0.0,27,0.0,0.0,0.0,0.0,0.0,0.0,0.0,0.0
196465,0,1,3400,-86,86,-850,0.0,3.6,0.50,0.0,0.0,27,0.0,0.0,0.0,0.0,0.0,0.0,0.0,0.0
196714,0,1,3400,-86,86,-861,0.0,3.4,0.50,0.0,0.0,27,0.0,0.0,0.0,0.0,0.0,0.0,0.0,0.0
196963,0,1,3400,-86,86,-855,0.84,3.4,2.0,0.0,0.0,27,0.0,0.0,0.0,0.0,0.0,0.0,0.0,0.0
197212,0,1,3400,-86,86,-845,0.74,3.5,1.8,0.0,0.0,27,0.0,0.0,0.0,0.0,0.0,0.0,0.0,0.0
197461,0,1,3400,-86,86,-847,0.0,3.6,0.50,0.0,0.0,27,0.0,0.0,0.0,0.0,0.0,0.0,0.0,0.0
197710,0,1,3400,-86,86,-848,0.0,3.4,0.50,0.0,0.0,27,0.0,0.0,0.0,0.0,0.0,0.0,0.0,0.0
197959,0,1,3400,-86,86,-855,0.0,3.3,0.50,0.0,0.0,27,0.0,0.0,0.0,0.0,0.0,0.0,0.0,0.0
198208,0,1,3400,-86,86,-845,0.0,3.2,0.50,0.0,0.0,27,0.0,0.0,0.0,0.0,0.0,0.0,0.0,0.0
198457,0,1,3400,-86,86,-851,0.0,3.1,0.50,0.0,0.0,27,0.0,0.0,0.0,0.0,0.0,0.0,0.0,0.0
198706,0,1,3400,-86,86,-851,0.0,3.0,0.50,0.0,0.0,27,0.0,0.0,0.0,0.0,0.0,0.0,0.0,0.0
198955,0,1,3400,-86,86,-612,0.0,2.5,0.50,0.0,0.0,27,0.0,0.0,0.0,0.0,0.0,0.0,0.0,0.0
199204,0,1,3400,-86,86,-775,0.88,2.8,1.5,576,50,27,0.0,0.0,0.0,0.0,0.0,0.0,0.0,0.0
199453,0,1,3400,-86,86,-851,0.66,3.1,0.69,574,0,27,0.0,0.0,0.0,0.0,0.0,0.0,0.0,0.0
199702,0,1,3400,-86,86,-839,0.0,2.9,0.50,0.0,0.0,27,0.0,0.0,0.0,0.0,0.0,0.0,0.0,0.0
199951,0,1,3400,-86,86,-714,0.70,3.0,0.68,590,0,27,0.0,0.0,0.0,0.0,0.0,0.0,0.0,0.0
200200,0,1,3400,-85,85,-222,1.0,4.8,0.69,558,0,27,0.0,0.0,0.0,0.0,0.0,0.0,0.0,0.0
200449,0,1,3400,-85,85,-396,1.0,4.9,0.50,0.0,0.0,27,0.0,0.0,0.0,0.0,0.0,0.0,0.0,0.0
200698,0,1,3400,-85,85,-399,1.0,4.8,0.50,0.0,0.0,27,0.0,0.0,0.0,0.0,0.0,0.0,0.0,0.0
200947,0,1,3400,-85,85,-402,1.0,4.7,0.50,0.0,0.0,27,0.0,0.0,0.0,0.0,0.0,0.0,0.0,0.0
201196,0,1,3400,-85,85,-399,1.0,4.8,0.50,0.0,0.0,27,0.0,0.0,0.0,0.0,0.0,0.0,0.0,0.0
201445,0,1,3400,-85,85,-404,0.86,4.8,0.50,0.0,0.0,27,0.0,0.0,0.0,0.0,0.0,0.0,0.0,0.0
201694,0,1,3400,-85,85,-402,0.0,4.8,0.50,0.0,0.0,27,0.0,0.0,0.0,0.0,0.0,0.0,0.0,0.0
201943,0,1,3400,-85,85,-401,0.0,4.8,0.50,0.0,0.0,27,0.0,0.0,0.0,0.0,0.0,0.0,0.0,0.0
202192,0,1,3400,-85,85,-398,0.0,4.8,0.50,0.0,0.0,27,0.0,0.0,0.0,0.0,0.0,0.0,0.0,0.0
202441,0,1,3400,-85,85,-403,0.0,4.8,0.50,0.0,0.0,27,0.0,0.0,0.0,0.0,0.0,0.0,0.0,0.0
202690,0,1,3400,-85,85,-402,0.0,4.9,0.50,0.0,0.0,27,0.0,0.0,0.0,0.0,0.0,0.0,0.0,0.0
202939,0,1,3400,-85,85,-399,0.0,4.8,0.50,0.0,0.0,27,0.0,0.0,0.0,0.0,0.0,0.0,0.0,0.0
203188,0,1,3400,-85,85,-400,0.0,4.9,0.50,0.0,0.0,27,0.0,0.0,0.0,0.0,0.0,0.0,0.0,0.0
203437,0,1,3400,-85,85,-402,0.0,4.8,0.50,0.0,0.0,27,0.0,0.0,0.0,0.0,0.0,0.0,0.0,0.0
203686,0,1,3400,-85,85,-399,0.0,4.9,0.50,0.0,0.0,27,0.0,0.0,0.0,0.0,0.0,0.0,0.0,0.0
203935,0,1,3400,-85,85,-397,0.0,4.8,0.50,0.0,0.0,27,0.0,0.0,0.0,0.0,0.0,0.0,0.0,0.0
204184,0,1,3400,-85,85,-399,0.0,4.9,0.50,0.0,0.0,27,0.0,0.0,0.0,0.0,0.0,0.0,0.0,0.0
204433,0,1,3400,-85,85,-391,0.0,4.8,0.50,0.0,0.0,27,0.0,0.0,0.0,0.0,0.0,0.0,0.0,0.0
204682,0,1,3400,-85,85,-397,0.0,4.9,0.50,0.0,0.0,27,0.0,0.0,0.0,0.0,0.0,0.0,0.0,0.0
204931,0,1,3400,-85,85,-393,0.0,4.9,0.50,0.0,0.0,27,0.0,0.0,0.0,0.0,0.0,0.0,0.0,0.0
205180,0,1,3400,-85,85,-397,0.0,4.8,0.50,0.0,0.0,27,0.0,0.0,0.0,0.0,0.0,0.0,0.0,0.0
205429,0,1,3400,-85,85,-398,0.0,4.8,0.50,0.0,0.0,27,0.0,0.0,0.0,0.0,0.0,0.0,0.0,0.0
205678,0,1,3400,-85,85,-400,0.0,4.8,0.50,0.0,0.0,27,0.0,0.0,0.0,0.0,0.0,0.0,0.0,0.0
205927,0,1,3400,-85,85,-401,0.0,4.8,0.50,0.0,0.0,27,0.0,0.0,0.0,0.0,0.0,0.0,0.0,0.0
206176,0,1,3400,-85,85,-397,0.0,4.8,0.50,0.0,0.0,27,0.0,0.0,0.0,0.0,0.0,0.0,0.0,0.0
206425,0,1,3400,-85,85,-397,0.0,4.7,0.50,0.0,0.0,27,0.0,0.0,0.0,0.0,0.0,0.0,0.0,0.0
206674,0,1,3400,-85,85,-400,0.0,4.8,0.50,0.0,0.0,27,0.0,0.0,0.0,0.0,0.0,0.0,0.0,0.0
206923,0,1,3400,-85,85,-400,0.0,4.8,0.50,0.0,0.0,27,0.0,0.0,0.0,0.0,0.0,0.0,0.0,0.0
207172,0,1,3400,-85,85,-407,0.0,4.9,0.50,0.0,0.0,27,0.0,0.0,0.0,0.0,0.0,0.0,0.0,0.0
207421,0,1,3400,-85,85,-399,0.0,4.7,0.50,0.0,0.0,27,0.0,0.0,0.0,0.0,0.0,0.0,0.0,0.0
207670,0,1,3400,-85,85,-401,0.0,4.8,0.50,0.0,0.0,27,0.0,0.0,0.0,0.0,0.0,0.0,0.0,0.0
207919,0,1,3400,-85,85,-403,0.0,4.9,0.50,0.0,0.0,27,0.0,0.0,0.0,0.0,0.0,0.0,0.0,0.0
208168,0,1,3400,-85,85,-401,0.0,4.8,0.50,0.0,0.0,27,0.0,0.0,0.0,0.0,0.0,0.0,0.0,0.0
208417,0,1,3400,-85,85,-396,0.0,4.9,0.50,0.0,0.0,27,0.0,0.0,0.0,0.0,0.0,0.0,0.0,0.0
208666,0,1,3400,-85,85,-397,0.0,4.9,0.50,0.0,0.0,27,0.0,0.0,0.0,0.0,0.0,0.0,0.0,0.0
208915,0,1,3400,-85,85,-402,0.0,4.9,0.50,0.0,0.0,27,0.0,0.0,0.0,0.0,0.0,0.0,0.0,0.0
209164,0,1,3400,-85,85,-402,0.0,4.9,0.50,0.0,0.0,27,0.0,0.0,0.0,0.0,0.0,0.0,0.0,0.0
209413,0,1,3400,-85,85,-399,0.0,4.9,0.50,0.0,0.0,27,0.0,0.0,0.0,0.0,0.0,0.0,0.0,0.0
209662,0,1,3400,-85,85,-401,0.0,4.8,0.50,0.0,0.0,27,0.0,0.0,0.0,0.0,0.0,0.0,0.0,0.0
209911,0,1,3400,-85,85,-405,0.0,4.9,0.50,0.0,0.0,27,0.0,0.0,0.0,0.0,0.0,0.0,0.0,0.0
210160,0,1,3400,-85,85,-398,0.0,4.8,0.50,0.0,0.0,27,0.0,0.0,0.0,0.0,0.0,0.0,0.0,0.0
210409,0,1,3400,-85,85,-402,0.0,4.8,0.50,0.0,0.0,27,0.0,0.0,0.0,0.0,0.0,0.0,0.0,0.0
210658,0,1,3400,-85,85,-406,0.0,4.9,0.50,0.0,0.0,27,0.0,0.0,0.0,0.0,0.0,0.0,0.0,0.0
210907,0,1,3400,-85,85,-398,0.0,4.9,0.50,0.0,0.0,27,0.0,0.0,0.0,0.0,0.0,0.0,0.0,0.0
211156,0,1,3400,-85,85,-403,0.0,4.8,0.50,0.0,0.0,27,0.0,0.0,0.0,0.0,0.0,0.0,0.0,0.0
211405,0,1,3400,-85,85,-402,0.0,4.8,0.50,0.0,0.0,27,0.0,0.0,0.0,0.0,0.0,0.0,0.0,0.0
211654,0,1,3400,-85,85,-403,0.0,4.9,0.50,0.0,0.0,27,0.0,0.0,0.0,0.0,0.0,0.0,0.0,0.0
211903,0,1,3400,-85,85,-401,0.0,4.9,0.50,0.0,0.0,27,0.0,0.0,0.0,0.0,0.0,0.0,0.0,0.0
212152,0,1,3400,-85,85,-400,0.0,4.9,0.50,0.0,0.0,27,0.0,0.0,0.0,0.0,0.0,0.0,0.0,0.0
212401,0,1,3400,-85,85,-402,0.0,4.9,0.50,0.0,0.0,27,0.0,0.0,0.0,0.0,0.0,0.0,0.0,0.0
212650,0,1,3400,-85,85,-400,0.0,4.9,0.50,0.0,0.0,27,0.0,0.0,0.0,0.0,0.0,0.0,0.0,0.0
212899,0,1,3400,-85,85,-404,0.0,4.9,0.50,0.0,0.0,27,0.0,0.0,0.0,0.0,0.0,0.0,0.0,0.0
213148,0,1,3400,-85,85,-401,0.0,4.8,0.50,0.0,0.0,27,0.0,0.0,0.0,0.0,0.0,0.0,0.0,0.0
213397,0,1,3400,-85,85,-404,0.0,4.9,0.50,0.0,0.0,27,0.0,0.0,0.0,0.0,0.0,0.0,0.0,0.0
213646,0,1,3400,-85,85,-398,0.0,4.9,0.50,0.0,0.0,27,0.0,0.0,0.0,0.0,0.0,0.0,0.0,0.0
213895,0,1,3400,-85,85,-401,0.0,4.9,0.50,0.0,0.0,27,0.0,0.0,0.0,0.0,0.0,0.0,0.0,0.0
214144,0,1,3400,-85,85,-403,0.0,4.9,0.50,0.0,0.0,27,0.0,0.0,0.0,0.0,0.0,0.0,0.0,0.0
214393,0,1,3400,-85,85,-401,0.0,4.8,0.50,0.0,0.0,27,0.0,0.0,0.0,0.0,0.0,0.0,0.0,0.0
214642,0,1,3400,-85,85,-402,0.0,5.0,0.50,0.0,0.0,27,0.0,0.0,0.0,0.0,0.0,0.0,0.0,0.0
214891,0,1,3400,-85,85,-401,0.0,4.9,0.50,0.0,0.0,27,0.0,0.0,0.0,0.0,0.0,0.0,0.0,0.0
215140,0,1,3400,-85,85,-402,0.0,4.9,0.50,0.0,0.0,27,0.0,0.0,0.0,0.0,0.0,0.0,0.0,0.0
215389,0,1,3400,-85,85,-404,0.0,4.8,0.50,0.0,0.0,27,0.0,0.0,0.0,0.0,0.0,0.0,0.0,0.0
215638,0,1,3400,-85,85,-404,0.0,4.8,0.50,0.0,0.0,27,0.0,0.0,0.0,0.0,0.0,0.0,0.0,0.0
215887,0,1,3400,-85,85,-405,0.0,4.8,0.50,0.0,0.0,27,0.0,0.0,0.0,0.0,0.0,0.0,0.0,0.0
216136,0,1,3400,-85,85,-401,0.0,4.8,0.50,0.0,0.0,27,0.0,0.0,0.0,0.0,0.0,0.0,0.0,0.0
216385,0,1,3400,-85,85,-407,0.0,4.9,0.50,0.0,0.0,27,0.0,0.0,0.0,0.0,0.0,0.0,0.0,0.0
216634,0,1,3400,-85,85,-401,0.0,4.8,0.50,0.0,0.0,27,0.0,0.0,0.0,0.0,0.0,0.0,0.0,0.0
216883,0,1,3400,-85,85,-396,0.0,4.8,0.50,0.0,0.0,27,0.0,0.0,0.0,0.0,0.0,0.0,0.0,0.0
217132,0,1,3400,-85,85,-402,0.0,4.8,0.50,0.0,0.0,27,0.0,0.0,0.0,0.0,0.0,0.0,0.0,0.0
217381,0,1,3400,-85,85,-408,0.0,4.8,0.50,0.0,0.0,27,0.0,0.0,0.0,0.0,0.0,0.0,0.0,0.0
217630,0,1,3400,-85,85,-397,0.0,4.7,0.50,0.0,0.0,27,0.0,0.0,0.0,0.0,0.0,0.0,0.0,0.0
217879,0,1,3400,-85,85,-402,0.0,4.7,0.50,0.0,0.0,27,0.0,0.0,0.0,0.0,0.0,0.0,0.0,0.0
218128,0,1,3400,-85,85,-403,0.0,4.7,0.50,0.0,0.0,27,0.0,0.0,0.0,0.0,0.0,0.0,0.0,0.0
218377,0,1,3400,-85,85,-400,0.0,4.8,0.50,0.0,0.0,27,0.0,0.0,0.0,0.0,0.0,0.0,0.0,0.0
218626,0,1,3400,-85,85,-407,0.0,4.8,0.50,0.0,0.0,27,0.0,0.0,0.0,0.0,0.0,0.0,0.0,0.0
218875,0,1,3400,-85,85,-406,0.0,4.7,0.50,0.0,0.0,27,0.0,0.0,0.0,0.0,0.0,0.0,0.0,0.0
219124,0,1,3400,-85,85,-401,0.0,4.8,0.50,0.0,0.0,27,0.0,0.0,0.0,0.0,0.0,0.0,0.0,0.0
219373,0,1,3400,-85,85,-403,0.0,4.8,0.50,0.0,0.0,27,0.0,0.0,0.0,0.0,0.0,0.0,0.0,0.0
219622,0,1,3400,-85,85,-404,0.0,4.7,0.50,0.0,0.0,27,0.0,0.0,0.0,0.0,0.0,0.0,0.0,0.0
219871,0,1,3400,-85,85,-405,0.0,4.8,0.50,0.0,0.0,27,0.0,0.0,0.0,0.0,0.0,0.0,0.0,0.0
220120,0,1,3400,-84,84,-401,0.0,4.7,0.50,0.0,0.0,27,0.0,0.0,0.0,0.0,0.0,0.0,0.0,0.0
220369,0,1,3400,-85,85,-405,0.0,4.8,0.50,0.0,0.0,27,0.0,0.0,0.0,0.0,0.0,0.0,0.0,0.0
220618,0,1,3400,-85,85,-403,0.0,4.7,0.50,0.0,0.0,27,0.0,0.0,0.0,0.0,0.0,0.0,0.0,0.0
220867,0,1,3400,-85,85,-406,0.0,4.8,0.50,0.0,0.0,27,0.0,0.0,0.0,0.0,0.0,0.0,0.0,0.0
221116,0,1,3400,-85,85,-401,0.0,4.7,0.50,0.0,0.0,27,0.0,0.0,0.0,0.0,0.0,0.0,0.0,0.0
221365,0,1,3400,-85,85,-404,0.0,4.7,0.50,0.0,0.0,27,0.0,0.0,0.0,0.0,0.0,0.0,0.0,0.0
221614,0,1,3400,-85,85,-405,0.0,4.8,0.50,0.0,0.0,27,0.0,0.0,0.0,0.0,0.0,0.0,0.0,0.0
221863,0,1,3400,-85,85,-407,0.0,4.9,0.50,0.0,0.0,27,0.0,0.0,0.0,0.0,0.0,0.0,0.0,0.0
222112,0,1,3400,-85,85,-400,0.0,4.8,0.50,0.0,0.0,27,0.0,0.0,0.0,0.0,0.0,0.0,0.0,0.0
222361,0,1,3400,-85,85,-403,0.0,4.7,0.50,0.0,0.0,27,0.0,0.0,0.0,0.0,0.0,0.0,0.0,0.0
222610,0,1,3400,-85,85,-406,0.0,4.7,0.50,0.0,0.0,27,0.0,0.0,0.0,0.0,0.0,0.0,0.0,0.0
222859,0,1,3400,-85,85,-411,0.0,4.7,0.50,0.0,0.0,27,0.0,0.0,0.0,0.0,0.0,0.0,0.0,0.0
223108,0,1,3400,-85,85,-406,0.0,4.7,0.50,0.0,0.0,27,0.0,0.0,0.0,0.0,0.0,0.0,0.0,0.0
223357,0,1,3400,-85,85,-408,0.0,4.8,0.50,0.0,0.0,27,0.0,0.0,0.0,0.0,0.0,0.0,0.0,0.0
223606,0,1,3400,-85,85,-402,0.0,4.7,0.50,0.0,0.0,27,0.0,0.0,0.0,0.0,0.0,0.0,0.0,0.0
223855,0,1,3400,-85,85,-405,0.0,4.7,0.50,0.0,0.0,27,0.0,0.0,0.0,0.0,0.0,0.0,0.0,0.0
224104,0,1,3400,-85,85,-401,0.0,4.7,0.50,0.0,0.0,27,0.0,0.0,0.0,0.0,0.0,0.0,0.0,0.0
224353,0,1,3400,-85,85,-401,0.0,4.6,0.50,0.0,0.0,27,0.0,0.0,0.0,0.0,0.0,0.0,0.0,0.0
224602,0,1,3400,-85,85,-397,0.0,4.8,0.50,0.0,0.0,27,0.0,0.0,0.0,0.0,0.0,0.0,0.0,0.0
224851,0,1,3400,-85,85,-394,0.0,4.8,0.50,0.0,0.0,27,0.0,0.0,0.0,0.0,0.0,0.0,0.0,0.0
225100,0,1,3400,-85,85,-397,0.0,4.7,0.50,0.0,0.0,27,0.0,0.0,0.0,0.0,0.0,0.0,0.0,0.0
225349,0,1,3400,-84,84,-408,0.0,4.6,0.50,0.0,0.0,27,0.0,0.0,0.0,0.0,0.0,0.0,0.0,0.0
225598,0,1,3400,-84,84,-403,0.0,4.6,0.50,0.0,0.0,27,0.0,0.0,0.0,0.0,0.0,0.0,0.0,0.0
225847,0,1,3400,-85,85,-402,0.0,4.8,0.50,0.0,0.0,27,0.0,0.0,0.0,0.0,0.0,0.0,0.0,0.0
226096,0,1,3400,-85,85,-398,0.0,4.7,0.50,0.0,0.0,27,0.0,0.0,0.0,0.0,0.0,0.0,0.0,0.0
226345,0,1,3400,-84,84,-408,5.1,4.5,1.2,0.0,0.0,27,0.0,0.0,0.0,0.0,0.0,0.0,0.0,0.0
226594,0,1,3400,-85,85,-401,13,4.8,2.2,0.0,0.0,27,0.0,0.0,0.0,0.0,0.0,0.0,0.0,0.0
226843,0,1,3400,-85,85,-400,13,4.9,2.2,0.0,0.0,27,0.0,0.0,0.0,0.0,0.0,0.0,0.0,0.0
227092,0,1,3400,-85,85,-397,13,4.8,2.2,0.0,0.0,27,0.0,0.0,0.0,0.0,0.0,0.0,0.0,0.0
227341,0,1,3400,-85,85,-404,11,4.7,1.9,0.0,0.0,27,0.0,0.0,0.0,0.0,0.0,0.0,0.0,0.0
227590,0,1,3400,-85,85,-401,0.0,4.8,0.50,0.0,0.0,27,0.0,0.0,0.0,0.0,0.0,0.0,0.0,0.0
227839,0,1,3400,-85,85,-408,0.0,4.7,0.50,0.0,0.0,27,0.0,0.0,0.0,0.0,0.0,0.0,0.0,0.0
228088,0,1,3400,-85,85,-397,0.0,4.8,0.50,0.0,0.0,27,0.0,0.0,0.0,0.0,0.0,0.0,0.0,0.0
228337,0,1,3400,-85,85,-404,0.0,4.7,0.50,0.0,0.0,27,0.0,0.0,0.0,0.0,0.0,0.0,0.0,0.0
228586,0,1,3400,-85,85,-402,0.0,4.7,0.50,0.0,0.0,27,0.0,0.0,0.0,0.0,0.0,0.0,0.0,0.0
228835,0,1,3400,-85,85,-407,0.0,4.6,0.50,0.0,0.0,27,0.0,0.0,0.0,0.0,0.0,0.0,0.0,0.0
229084,0,1,3400,-85,85,-407,0.0,4.8,0.50,0.0,0.0,27,0.0,0.0,0.0,0.0,0.0,0.0,0.0,0.0
229333,0,1,3400,-85,85,-402,0.0,4.8,0.50,0.0,0.0,27,0.0,0.0,0.0,0.0,0.0,0.0,0.0,0.0
229582,0,1,3400,-85,85,-401,0.0,4.7,0.50,0.0,0.0,27,0.0,0.0,0.0,0.0,0.0,0.0,0.0,0.0
229831,0,1,3400,-85,85,-405,0.0,4.9,0.50,0.0,0.0,27,0.0,0.0,0.0,0.0,0.0,0.0,0.0,0.0
230080,0,1,3400,-85,85,-399,0.0,4.8,0.50,0.0,0.0,27,0.0,0.0,0.0,0.0,0.0,0.0,0.0,0.0
230329,0,1,3400,-85,85,-404,0.0,4.8,0.50,0.0,0.0,27,0.0,0.0,0.0,0.0,0.0,0.0,0.0,0.0
230578,0,1,3400,-85,85,-406,0.0,4.7,0.50,0.0,0.0,27,0.0,0.0,0.0,0.0,0.0,0.0,0.0,0.0
230827,0,1,3400,-85,85,-404,0.0,4.8,0.50,0.0,0.0,27,0.0,0.0,0.0,0.0,0.0,0.0,0.0,0.0
231076,0,1,3400,-85,85,-408,0.0,4.9,0.50,0.0,0.0,27,0.0,0.0,0.0,0.0,0.0,0.0,0.0,0.0
231325,0,1,3400,-85,85,-403,0.0,4.8,0.50,0.0,0.0,27,0.0,0.0,0.0,0.0,0.0,0.0,0.0,0.0
231574,0,1,3400,-85,85,-401,0.0,4.8,0.50,0.0,0.0,27,0.0,0.0,0.0,0.0,0.0,0.0,0.0,0.0
231823,0,1,3400,-85,85,-402,0.0,4.7,0.50,0.0,0.0,27,0.0,0.0,0.0,0.0,0.0,0.0,0.0,0.0
232072,0,1,3400,-85,85,-401,0.0,4.8,0.50,0.0,0.0,27,0.0,0.0,0.0,0.0,0.0,0.0,0.0,0.0
232321,0,1,3400,-85,85,-405,0.0,4.9,0.50,0.0,0.0,27,0.0,0.0,0.0,0.0,0.0,0.0,0.0,0.0
232570,0,1,3400,-85,85,-403,0.0,4.7,0.50,0.0,0.0,27,0.0,0.0,0.0,0.0,0.0,0.0,0.0,0.0
232819,0,1,3400,-85,85,-408,0.0,4.8,0.50,0.0,0.0,27,0.0,0.0,0.0,0.0,0.0,0.0,0.0,0.0
233068,0,1,3400,-85,85,-401,0.0,4.8,0.50,0.0,0.0,27,0.0,0.0,0.0,0.0,0.0,0.0,0.0,0.0
233317,0,1,3400,-85,85,-402,0.0,4.6,0.50,0.0,0.0,27,0.0,0.0,0.0,0.0,0.0,0.0,0.0,0.0
233566,0,1,3400,-85,85,-405,0.0,4.8,0.50,0.0,0.0,27,0.0,0.0,0.0,0.0,0.0,0.0,0.0,0.0
233815,0,1,3400,-85,85,-404,0.0,4.7,0.50,0.0,0.0,27,0.0,0.0,0.0,0.0,0.0,0.0,0.0,0.0
234064,0,1,3400,-85,85,-398,0.0,4.8,0.50,0.0,0.0,27,0.0,0.0,0.0,0.0,0.0,0.0,0.0,0.0
234313,0,1,3400,-85,85,-407,0.0,4.8,0.50,0.0,0.0,27,0.0,0.0,0.0,0.0,0.0,0.0,0.0,0.0
234562,0,1,3400,-85,85,-404,0.0,4.8,0.50,0.0,0.0,27,0.0,0.0,0.0,0.0,0.0,0.0,0.0,0.0
234811,0,1,3400,-85,85,-406,0.0,4.8,0.50,0.0,0.0,27,0.0,0.0,0.0,0.0,0.0,0.0,0.0,0.0
235060,0,1,3400,-85,85,-403,0.0,4.9,0.50,0.0,0.0,27,0.0,0.0,0.0,0.0,0.0,0.0,0.0,0.0
235309,0,1,3400,-85,85,-403,0.0,4.8,0.50,0.0,0.0,27,0.0,0.0,0.0,0.0,0.0,0.0,0.0,0.0
235558,0,1,3400,-85,85,-408,0.0,4.7,0.50,0.0,0.0,27,0.0,0.0,0.0,0.0,0.0,0.0,0.0,0.0
235807,0,1,3400,-85,85,-403,0.0,4.8,0.50,0.0,0.0,27,0.0,0.0,0.0,0.0,0.0,0.0,0.0,0.0
236056,0,1,3400,-85,85,-406,0.0,4.7,0.50,0.0,0.0,27,0.0,0.0,0.0,0.0,0.0,0.0,0.0,0.0
236305,0,1,3400,-85,85,-408,0.0,4.8,0.50,0.0,0.0,27,0.0,0.0,0.0,0.0,0.0,0.0,0.0,0.0
236554,0,1,3400,-85,85,-405,0.0,4.7,0.50,0.0,0.0,27,0.0,0.0,0.0,0.0,0.0,0.0,0.0,0.0
236803,0,1,3400,-85,85,-408,0.0,4.8,0.50,0.0,0.0,27,0.0,0.0,0.0,0.0,0.0,0.0,0.0,0.0
237052,0,1,3400,-85,85,-404,0.0,4.8,0.50,0.0,0.0,27,0.0,0.0,0.0,0.0,0.0,0.0,0.0,0.0
237301,0,1,3400,-85,85,-404,0.0,4.7,0.50,0.0,0.0,27,0.0,0.0,0.0,0.0,0.0,0.0,0.0,0.0
237550,0,1,3400,-85,85,-405,0.0,4.8,0.50,0.0,0.0,27,0.0,0.0,0.0,0.0,0.0,0.0,0.0,0.0
237799,0,1,3400,-85,85,-399,0.0,4.7,0.50,0.0,0.0,27,0.0,0.0,0.0,0.0,0.0,0.0,0.0,0.0
238048,0,1,3400,-85,85,-404,0.0,4.8,0.50,0.0,0.0,27,0.0,0.0,0.0,0.0,0.0,0.0,0.0,0.0
238297,0,1,3400,-85,85,-404,0.0,4.8,0.50,0.0,0.0,27,0.0,0.0,0.0,0.0,0.0,0.0,0.0,0.0
238546,0,1,3400,-85,85,-403,0.0,4.8,0.50,0.0,0.0,27,0.0,0.0,0.0,0.0,0.0,0.0,0.0,0.0
238795,0,1,3400,-85,85,-406,0.0,4.9,0.50,0.0,0.0,27,0.0,0.0,0.0,0.0,0.0,0.0,0.0,0.0
239044,0,1,3400,-85,85,-412,0.0,4.8,0.50,0.0,0.0,27,0.0,0.0,0.0,0.0,0.0,0.0,0.0,0.0
239293,0,1,3400,-85,85,-404,0.0,4.8,0.50,0.0,0.0,27,0.0,0.0,0.0,0.0,0.0,0.0,0.0,0.0
239542,0,1,3400,-85,85,-408,0.0,5.0,0.50,0.0,0.0,27,0.0,0.0,0.0,0.0,0.0,0.0,0.0,0.0
239791,0,1,3400,-85,85,-409,0.0,4.8,0.50,0.0,0.0,27,0.0,0.0,0.0,0.0,0.0,0.0,0.0,0.0
240040,0,1,3400,-85,85,-403,0.0,4.9,0.50,0.0,0.0,27,0.0,0.0,0.0,0.0,0.0,0.0,0.0,0.0
240289,0,1,3400,-85,85,-407,0.0,4.8,0.50,0.0,0.0,27,0.0,0.0,0.0,0.0,0.0,0.0,0.0,0.0
240538,0,1,3400,-85,85,-408,0.0,4.8,0.50,0.0,0.0,27,0.0,0.0,0.0,0.0,0.0,0.0,0.0,0.0
240787,0,1,3400,-85,85,-409,0.0,4.9,0.50,0.0,0.0,27,0.0,0.0,0.0,0.0,0.0,0.0,0.0,0.0
241036,0,1,3400,-85,85,-401,0.0,4.9,0.50,0.0,0.0,27,0.0,0.0,0.0,0.0,0.0,0.0,0.0,0.0
241285,0,1,3400,-85,85,-407,0.0,4.8,0.50,0.0,0.0,27,0.0,0.0,0.0,0.0,0.0,0.0,0.0,0.0
241534,0,1,3400,-85,85,-404,0.0,4.9,0.50,0.0,0.0,27,0.0,0.0,0.0,0.0,0.0,0.0,0.0,0.0
241783,0,1,3400,-85,85,-399,0.0,4.8,0.50,0.0,0.0,27,0.0,0.0,0.0,0.0,0.0,0.0,0.0,0.0
242032,0,1,3400,-85,85,-404,0.0,4.9,0.50,0.0,0.0,27,0.0,0.0,0.0,0.0,0.0,0.0,0.0,0.0
242281,0,1,3400,-85,85,-403,0.0,4.8,0.50,0.0,0.0,27,0.0,0.0,0.0,0.0,0.0,0.0,0.0,0.0
242530,0,1,3400,-85,85,-401,0.0,4.9,0.50,0.0,0.0,27,0.0,0.0,0.0,0.0,0.0,0.0,0.0,0.0
242779,0,1,3400,-85,85,-401,0.0,4.8,0.50,0.0,0.0,27,0.0,0.0,0.0,0.0,0.0,0.0,0.0,0.0
243028,0,1,3400,-85,85,-400,0.0,4.9,0.50,0.0,0.0,27,0.0,0.0,0.0,0.0,0.0,0.0,0.0,0.0
243277,0,1,3400,-85,85,-397,0.0,4.8,0.50,0.0,0.0,27,0.0,0.0,0.0,0.0,0.0,0.0,0.0,0.0
243526,0,1,3400,-85,85,-408,0.0,4.9,0.50,0.0,0.0,27,0.0,0.0,0.0,0.0,0.0,0.0,0.0,0.0
243775,0,1,3400,-85,85,-403,0.0,4.9,0.50,0.0,0.0,27,0.0,0.0,0.0,0.0,0.0,0.0,0.0,0.0
244024,0,1,3400,-85,85,-403,0.0,4.9,0.50,0.0,0.0,27,0.0,0.0,0.0,0.0,0.0,0.0,0.0,0.0
244273,0,1,3400,-85,85,-401,0.0,4.9,0.50,0.0,0.0,27,0.0,0.0,0.0,0.0,0.0,0.0,0.0,0.0
244522,0,1,3400,-85,85,-406,0.0,4.8,0.50,0.0,0.0,27,0.0,0.0,0.0,0.0,0.0,0.0,0.0,0.0
244771,0,1,3400,-85,85,-404,0.0,4.9,0.50,0.0,0.0,27,0.0,0.0,0.0,0.0,0.0,0.0,0.0,0.0
245020,0,1,3400,-85,85,-409,0.0,4.8,0.50,0.0,0.0,27,0.0,0.0,0.0,0.0,0.0,0.0,0.0,0.0
245269,0,1,3400,-85,85,-408,0.0,4.9,0.50,0.0,0.0,27,0.0,0.0,0.0,0.0,0.0,0.0,0.0,0.0
245518,0,1,3400,-85,85,-407,0.0,4.9,0.50,0.0,0.0,27,0.0,0.0,0.0,0.0,0.0,0.0,0.0,0.0
245767,0,1,3400,-85,85,-406,0.0,4.8,0.50,0.0,0.0,27,0.0,0.0,0.0,0.0,0.0,0.0,0.0,0.0
246016,0,1,3400,-85,85,-412,0.0,4.8,0.50,0.0,0.0,27,0.0,0.0,0.0,0.0,0.0,0.0,0.0,0.0
246265,0,1,3400,-85,85,-406,0.0,4.9,0.50,0.0,0.0,27,0.0,0.0,0.0,0.0,0.0,0.0,0.0,0.0
246514,0,1,3400,-85,85,-402,0.0,4.9,0.50,0.0,0.0,27,0.0,0.0,0.0,0.0,0.0,0.0,0.0,0.0
246763,0,1,3400,-85,85,-408,0.0,4.9,0.50,0.0,0.0,27,0.0,0.0,0.0,0.0,0.0,0.0,0.0,0.0
247012,0,1,3400,-85,85,-407,0.0,4.8,0.50,0.0,0.0,27,0.0,0.0,0.0,0.0,0.0,0.0,0.0,0.0
247261,0,1,3400,-85,85,-407,0.0,4.8,0.50,0.0,0.0,27,0.0,0.0,0.0,0.0,0.0,0.0,0.0,0.0
247510,0,1,3400,-85,85,-405,0.0,4.9,0.50,0.0,0.0,27,0.0,0.0,0.0,0.0,0.0,0.0,0.0,0.0
247759,0,1,3400,-85,85,-408,0.0,4.9,0.50,0.0,0.0,27,0.0,0.0,0.0,0.0,0.0,0.0,0.0,0.0
248008,0,1,3400,-85,85,-406,0.0,4.8,0.50,0.0,0.0,27,0.0,0.0,0.0,0.0,0.0,0.0,0.0,0.0
248257,0,1,3400,-85,85,-410,0.0,4.9,0.50,0.0,0.0,27,0.0,0.0,0.0,0.0,0.0,0.0,0.0,0.0
248506,0,1,3400,-85,85,-410,0.0,4.9,0.50,0.0,0.0,27,0.0,0.0,0.0,0.0,0.0,0.0,0.0,0.0
248755,0,1,3400,-85,85,-410,0.0,4.8,0.50,0.0,0.0,27,0.0,0.0,0.0,0.0,0.0,0.0,0.0,0.0
249004,0,1,3400,-85,85,-407,0.0,4.9,0.50,0.0,0.0,27,0.0,0.0,0.0,0.0,0.0,0.0,0.0,0.0
249253,0,1,3400,-85,85,-411,0.0,4.8,0.50,0.0,0.0,27,0.0,0.0,0.0,0.0,0.0,0.0,0.0,0.0
249502,0,1,3400,-85,85,-411,0.0,4.9,0.50,0.0,0.0,27,0.0,0.0,0.0,0.0,0.0,0.0,0.0,0.0
249751,0,1,3400,-85,85,-450,0.0,4.9,0.50,0.0,0.0,27,0.0,0.0,0.0,0.0,0.0,0.0,0.0,0.0
250000,0,1,3400,-85,85,-407,0.0,4.9,0.50,0.0,0.0,27,0.0,0.0,0.0,0.0,0.0,0.0,0.0,0.0
250249,0,1,3400,-85,85,-409,0.0,4.9,0.50,0.0,0.0,27,0.0,0.0,0.0,0.0,0.0,0.0,0.0,0.0
250498,0,1,3400,-85,85,-410,0.0,4.8,0.50,0.0,0.0,27,0.0,0.0,0.0,0.0,0.0,0.0,0.0,0.0
250747,0,1,3400,-85,85,-411,0.0,4.9,0.50,0.0,0.0,27,0.0,0.0,0.0,0.0,0.0,0.0,0.0,0.0
250996,0,1,3400,-85,85,-411,0.0,5.0,0.50,0.0,0.0,27,0.0,0.0,0.0,0.0,0.0,0.0,0.0,0.0
251245,0,1,3400,-85,85,-407,0.0,5.0,0.50,0.0,0.0,27,0.0,0.0,0.0,0.0,0.0,0.0,0.0,0.0
251494,0,1,3400,-85,85,-404,0.0,4.9,0.50,0.0,0.0,27,0.0,0.0,0.0,0.0,0.0,0.0,0.0,0.0
251743,0,1,3400,-85,85,-409,0.0,4.9,0.50,0.0,0.0,27,0.0,0.0,0.0,0.0,0.0,0.0,0.0,0.0
251992,0,1,3400,-85,85,-405,0.0,5.1,0.50,0.0,0.0,27,0.0,0.0,0.0,0.0,0.0,0.0,0.0,0.0
252241,0,1,3400,-85,85,-402,0.0,4.9,0.50,0.0,0.0,27,0.0,0.0,0.0,0.0,0.0,0.0,0.0,0.0
252490,0,1,3400,-85,85,-407,0.0,4.8,0.50,0.0,0.0,27,0.0,0.0,0.0,0.0,0.0,0.0,0.0,0.0
252739,0,1,3400,-85,85,-408,0.0,5.0,0.50,0.0,0.0,27,0.0,0.0,0.0,0.0,0.0,0.0,0.0,0.0
252988,0,1,3400,-85,85,-410,0.0,4.9,0.50,0.0,0.0,27,0.0,0.0,0.0,0.0,0.0,0.0,0.0,0.0
253237,0,1,3400,-85,85,-409,0.0,5.0,0.50,0.0,0.0,27,0.0,0.0,0.0,0.0,0.0,0.0,0.0,0.0
253486,0,1,3400,-85,85,-410,0.0,4.9,0.50,0.0,0.0,27,0.0,0.0,0.0,0.0,0.0,0.0,0.0,0.0
253735,0,1,3400,-85,85,-408,0.0,4.9,0.50,0.0,0.0,27,0.0,0.0,0.0,0.0,0.0,0.0,0.0,0.0
253984,0,1,3400,-85,85,-409,0.0,4.9,0.50,0.0,0.0,27,0.0,0.0,0.0,0.0,0.0,0.0,0.0,0.0
254233,0,1,3400,-85,85,-411,0.0,4.9,0.50,0.0,0.0,27,0.0,0.0,0.0,0.0,0.0,0.0,0.0,0.0
254482,0,1,3400,-85,85,-404,0.0,5.1,0.50,0.0,0.0,27,0.0,0.0,0.0,0.0,0.0,0.0,0.0,0.0
254731,0,1,3400,-85,85,-408,0.0,4.9,0.50,0.0,0.0,27,0.0,0.0,0.0,0.0,0.0,0.0,0.0,0.0
254980,0,1,3400,-85,85,-405,0.0,4.9,0.50,0.0,0.0,27,0.0,0.0,0.0,0.0,0.0,0.0,0.0,0.0
255229,0,1,3400,-85,85,-405,0.0,4.9,0.50,0.0,0.0,27,0.0,0.0,0.0,0.0,0.0,0.0,0.0,0.0
255478,0,1,3400,-85,85,-412,0.0,4.9,0.50,0.0,0.0,27,0.0,0.0,0.0,0.0,0.0,0.0,0.0,0.0
255727,0,1,3400,-85,85,-408,0.0,4.8,0.50,0.0,0.0,27,0.0,0.0,0.0,0.0,0.0,0.0,0.0,0.0
255976,0,1,3400,-85,85,-411,0.0,5.1,0.50,0.0,0.0,27,0.0,0.0,0.0,0.0,0.0,0.0,0.0,0.0
256225,0,1,3400,-85,85,-412,0.0,5.0,0.50,0.0,0.0,27,0.0,0.0,0.0,0.0,0.0,0.0,0.0,0.0
256474,0,1,3400,-85,85,-412,0.0,4.8,0.50,0.0,0.0,27,0.0,0.0,0.0,0.0,0.0,0.0,0.0,0.0
256723,0,1,3400,-85,85,-414,0.0,4.9,0.50,0.0,0.0,27,0.0,0.0,0.0,0.0,0.0,0.0,0.0,0.0
256972,0,1,3400,-85,85,-411,0.0,4.9,0.50,0.0,0.0,27,0.0,0.0,0.0,0.0,0.0,0.0,0.0,0.0
257221,0,1,3400,-85,85,-406,0.0,4.9,0.50,0.0,0.0,27,0.0,0.0,0.0,0.0,0.0,0.0,0.0,0.0
257470,0,1,3400,-85,85,-409,0.0,4.8,0.50,0.0,0.0,27,0.0,0.0,0.0,0.0,0.0,0.0,0.0,0.0
257719,0,1,3400,-85,85,-408,0.0,4.9,0.50,0.0,0.0,27,0.0,0.0,0.0,0.0,0.0,0.0,0.0,0.0
257968,0,1,3400,-85,85,-408,0.0,4.8,0.50,0.0,0.0,27,0.0,0.0,0.0,0.0,0.0,0.0,0.0,0.0
258217,0,1,3400,-85,85,-411,0.0,4.9,0.50,0.0,0.0,27,0.0,0.0,0.0,0.0,0.0,0.0,0.0,0.0
258466,0,1,3400,-85,85,-410,0.0,4.9,0.50,0.0,0.0,27,0.0,0.0,0.0,0.0,0.0,0.0,0.0,0.0
258715,0,1,3400,-85,85,-408,0.0,4.8,0.50,0.0,0.0,27,0.0,0.0,0.0,0.0,0.0,0.0,0.0,0.0
258964,0,1,3400,-85,85,-407,0.0,4.9,0.50,0.0,0.0,27,0.0,0.0,0.0,0.0,0.0,0.0,0.0,0.0
259213,0,1,3400,-85,85,-408,0.0,5.0,0.50,0.0,0.0,27,0.0,0.0,0.0,0.0,0.0,0.0,0.0,0.0
259462,0,1,3400,-85,85,-409,0.0,4.9,0.50,0.0,0.0,27,0.0,0.0,0.0,0.0,0.0,0.0,0.0,0.0
259711,0,1,3400,-85,85,-409,0.0,4.8,0.50,0.0,0.0,27,0.0,0.0,0.0,0.0,0.0,0.0,0.0,0.0
259960,0,1,3400,-85,85,-409,0.0,4.9,0.50,0.0,0.0,27,0.0,0.0,0.0,0.0,0.0,0.0,0.0,0.0
260209,0,1,3400,-85,85,-409,0.0,4.9,0.50,0.0,0.0,27,0.0,0.0,0.0,0.0,0.0,0.0,0.0,0.0
260458,0,1,3400,-85,85,-404,0.0,4.9,0.50,0.0,0.0,27,0.0,0.0,0.0,0.0,0.0,0.0,0.0,0.0
260707,0,1,3400,-85,85,-407,0.0,4.7,0.50,0.0,0.0,27,0.0,0.0,0.0,0.0,0.0,0.0,0.0,0.0
260956,0,1,3400,-85,85,-412,0.0,4.9,0.50,0.0,0.0,27,0.0,0.0,0.0,0.0,0.0,0.0,0.0,0.0
261205,0,1,3400,-85,85,-410,0.0,4.9,0.50,0.0,0.0,27,0.0,0.0,0.0,0.0,0.0,0.0,0.0,0.0
261454,0,1,3400,-85,85,-413,0.0,4.8,0.50,0.0,0.0,27,0.0,0.0,0.0,0.0,0.0,0.0,0.0,0.0
261703,0,1,3400,-85,85,-412,0.0,4.9,0.50,0.0,0.0,27,0.0,0.0,0.0,0.0,0.0,0.0,0.0,0.0
261952,0,1,3400,-85,85,-406,0.0,4.8,0.50,0.0,0.0,27,0.0,0.0,0.0,0.0,0.0,0.0,0.0,0.0
262201,0,1,3400,-85,85,-404,0.0,4.7,0.50,0.0,0.0,27,0.0,0.0,0.0,0.0,0.0,0.0,0.0,0.0
262450,0,1,3400,-85,85,-407,0.0,4.7,0.50,0.0,0.0,27,0.0,0.0,0.0,0.0,0.0,0.0,0.0,0.0
262699,0,1,3400,-85,85,-413,0.0,5.0,0.50,0.0,0.0,27,0.0,0.0,0.0,0.0,0.0,0.0,0.0,0.0
262948,0,1,3400,-85,85,-409,0.0,4.7,0.50,0.0,0.0,27,0.0,0.0,0.0,0.0,0.0,0.0,0.0,0.0
263197,0,1,3400,-85,85,-406,0.0,4.9,0.50,0.0,0.0,27,0.0,0.0,0.0,0.0,0.0,0.0,0.0,0.0
263446,0,1,3400,-85,85,-411,0.0,5.0,0.50,0.0,0.0,27,0.0,0.0,0.0,0.0,0.0,0.0,0.0,0.0
263695,0,1,3400,-85,85,-406,0.0,4.8,0.50,0.0,0.0,27,0.0,0.0,0.0,0.0,0.0,0.0,0.0,0.0
263944,0,1,3400,-85,85,-407,0.0,4.9,0.50,0.0,0.0,27,0.0,0.0,0.0,0.0,0.0,0.0,0.0,0.0
264193,0,1,3400,-85,85,-413,0.0,4.9,0.50,0.0,0.0,27,0.0,0.0,0.0,0.0,0.0,0.0,0.0,0.0
264442,0,1,3400,-85,85,-408,0.0,4.8,0.50,0.0,0.0,27,0.0,0.0,0.0,0.0,0.0,0.0,0.0,0.0
264691,0,1,3400,-85,85,-411,0.0,4.9,0.50,0.0,0.0,27,0.0,0.0,0.0,0.0,0.0,0.0,0.0,0.0
264940,0,1,3400,-85,85,-410,0.0,5.0,0.50,0.0,0.0,27,0.0,0.0,0.0,0.0,0.0,0.0,0.0,0.0
265189,0,1,3400,-85,85,-413,0.0,5.0,0.50,0.0,0.0,27,0.0,0.0,0.0,0.0,0.0,0.0,0.0,0.0
265438,0,1,3400,-85,85,-412,0.0,4.9,0.50,0.0,0.0,27,0.0,0.0,0.0,0.0,0.0,0.0,0.0,0.0
265687,0,1,3400,-85,85,-409,0.0,4.8,0.50,0.0,0.0,27,0.0,0.0,0.0,0.0,0.0,0.0,0.0,0.0
265936,0,1,3400,-85,85,-406,0.0,4.9,0.50,0.0,0.0,27,0.0,0.0,0.0,0.0,0.0,0.0,0.0,0.0
266185,0,1,3400,-85,85,-410,0.0,4.8,0.50,0.0,0.0,27,0.0,0.0,0.0,0.0,0.0,0.0,0.0,0.0
266434,0,1,3400,-85,85,-407,0.0,4.9,0.50,0.0,0.0,27,0.0,0.0,0.0,0.0,0.0,0.0,0.0,0.0
266683,0,1,3400,-85,85,-407,0.0,4.8,0.50,0.0,0.0,27,0.0,0.0,0.0,0.0,0.0,0.0,0.0,0.0
266932,0,1,3400,-85,85,-411,0.0,4.8,0.50,0.0,0.0,27,0.0,0.0,0.0,0.0,0.0,0.0,0.0,0.0
267181,0,1,3400,-85,85,-411,0.0,4.8,0.50,0.0,0.0,27,0.0,0.0,0.0,0.0,0.0,0.0,0.0,0.0
267430,0,1,3400,-85,85,-405,0.0,4.9,0.50,0.0,0.0,27,0.0,0.0,0.0,0.0,0.0,0.0,0.0,0.0
267679,0,1,3400,-85,85,-410,0.0,4.8,0.50,0.0,0.0,27,0.0,0.0,0.0,0.0,0.0,0.0,0.0,0.0
267928,0,1,3400,-85,85,-411,0.0,4.8,0.50,0.0,0.0,27,0.0,0.0,0.0,0.0,0.0,0.0,0.0,0.0
268177,0,1,3400,-85,85,-409,0.0,5.0,0.50,0.0,0.0,27,0.0,0.0,0.0,0.0,0.0,0.0,0.0,0.0
268426,0,1,3400,-85,85,-407,0.0,5.0,0.50,0.0,0.0,27,0.0,0.0,0.0,0.0,0.0,0.0,0.0,0.0
268675,0,1,3400,-85,85,-410,0.0,4.8,0.50,0.0,0.0,27,0.0,0.0,0.0,0.0,0.0,0.0,0.0,0.0
268924,0,1,3400,-85,85,-412,0.0,4.9,0.50,0.0,0.0,27,0.0,0.0,0.0,0.0,0.0,0.0,0.0,0.0
269173,0,1,3400,-85,85,-410,0.0,4.9,0.50,0.0,0.0,27,0.0,0.0,0.0,0.0,0.0,0.0,0.0,0.0
269422,0,1,3400,-85,85,-407,0.0,5.0,0.50,0.0,0.0,27,0.0,0.0,0.0,0.0,0.0,0.0,0.0,0.0
269671,0,1,3400,-85,85,-405,0.0,5.0,0.50,0.0,0.0,27,0.0,0.0,0.0,0.0,0.0,0.0,0.0,0.0
269920,0,1,3400,-85,85,-412,0.0,5.0,0.50,0.0,0.0,27,0.0,0.0,0.0,0.0,0.0,0.0,0.0,0.0
270169,0,1,3400,-85,85,-408,0.0,4.8,0.50,0.0,0.0,27,0.0,0.0,0.0,0.0,0.0,0.0,0.0,0.0
270418,0,1,3400,-85,85,-406,0.0,4.9,0.50,0.0,0.0,27,0.0,0.0,0.0,0.0,0.0,0.0,0.0,0.0
270667,0,1,3400,-85,85,-408,0.0,4.9,0.50,0.0,0.0,27,0.0,0.0,0.0,0.0,0.0,0.0,0.0,0.0
270916,0,1,3400,-85,85,-406,0.0,5.1,0.50,0.0,0.0,27,0.0,0.0,0.0,0.0,0.0,0.0,0.0,0.0
271165,0,1,3400,-85,85,-411,0.0,5.0,0.50,0.0,0.0,27,0.0,0.0,0.0,0.0,0.0,0.0,0.0,0.0
271414,0,1,3400,-85,85,-412,0.0,4.9,0.50,0.0,0.0,27,0.0,0.0,0.0,0.0,0.0,0.0,0.0,0.0
271663,0,1,3400,-85,85,-412,0.0,4.7,0.50,0.0,0.0,27,0.0,0.0,0.0,0.0,0.0,0.0,0.0,0.0
271912,0,1,3400,-85,85,-408,0.0,4.9,0.50,0.0,0.0,27,0.0,0.0,0.0,0.0,0.0,0.0,0.0,0.0
272161,0,1,3400,-85,85,-405,0.0,5.0,0.50,0.0,0.0,27,0.0,0.0,0.0,0.0,0.0,0.0,0.0,0.0
272410,0,1,3400,-85,85,-414,0.0,5.0,0.50,0.0,0.0,27,0.0,0.0,0.0,0.0,0.0,0.0,0.0,0.0
272659,0,1,3400,-85,85,-410,0.0,4.9,0.50,0.0,0.0,27,0.0,0.0,0.0,0.0,0.0,0.0,0.0,0.0
272908,0,1,3400,-85,85,-411,0.0,4.9,0.50,0.0,0.0,27,0.0,0.0,0.0,0.0,0.0,0.0,0.0,0.0
273157,0,1,3400,-85,85,-411,0.0,5.0,0.50,0.0,0.0,27,0.0,0.0,0.0,0.0,0.0,0.0,0.0,0.0
273406,0,1,3400,-85,85,-410,0.0,4.9,0.50,0.0,0.0,27,0.0,0.0,0.0,0.0,0.0,0.0,0.0,0.0
273655,0,1,3400,-85,85,-411,0.0,4.9,0.50,0.0,0.0,27,0.0,0.0,0.0,0.0,0.0,0.0,0.0,0.0
273904,0,1,3400,-85,85,-407,0.0,4.8,0.50,0.0,0.0,27,0.0,0.0,0.0,0.0,0.0,0.0,0.0,0.0
274153,0,1,3400,-85,85,-411,0.0,4.9,0.50,0.0,0.0,27,0.0,0.0,0.0,0.0,0.0,0.0,0.0,0.0
274402,0,1,3400,-85,85,-408,0.0,4.9,0.50,0.0,0.0,27,0.0,0.0,0.0,0.0,0.0,0.0,0.0,0.0
274651,0,1,3400,-85,85,-411,0.0,4.9,0.50,0.0,0.0,27,0.0,0.0,0.0,0.0,0.0,0.0,0.0,0.0
274900,0,1,3400,-85,85,-414,0.0,4.9,0.50,0.0,0.0,27,0.0,0.0,0.0,0.0,0.0,0.0,0.0,0.0
275149,0,1,3400,-85,85,-409,0.0,4.8,0.50,0.0,0.0,27,0.0,0.0,0.0,0.0,0.0,0.0,0.0,0.0
275398,0,1,3400,-85,85,-410,0.0,5.0,0.50,0.0,0.0,27,0.0,0.0,0.0,0.0,0.0,0.0,0.0,0.0
275647,0,1,3400,-85,85,-411,0.0,4.8,0.50,0.0,0.0,27,0.0,0.0,0.0,0.0,0.0,0.0,0.0,0.0
275896,0,1,3400,-85,85,-416,0.0,4.8,0.50,0.0,0.0,27,0.0,0.0,0.0,0.0,0.0,0.0,0.0,0.0
276145,0,1,3400,-85,85,-409,0.0,4.9,0.50,0.0,0.0,27,0.0,0.0,0.0,0.0,0.0,0.0,0.0,0.0
276394,0,1,3400,-85,85,-410,0.0,4.8,0.50,0.0,0.0,27,0.0,0.0,0.0,0.0,0.0,0.0,0.0,0.0
276643,0,1,3400,-85,85,-412,0.0,4.8,0.50,0.0,0.0,27,0.0,0.0,0.0,0.0,0.0,0.0,0.0,0.0
276892,0,1,3400,-85,85,-411,0.0,4.9,0.50,0.0,0.0,27,0.0,0.0,0.0,0.0,0.0,0.0,0.0,0.0
277141,0,1,3400,-85,85,-411,0.0,4.9,0.50,0.0,0.0,27,0.0,0.0,0.0,0.0,0.0,0.0,0.0,0.0
277390,0,1,3400,-85,85,-409,0.0,4.9,0.50,0.0,0.0,27,0.0,0.0,0.0,0.0,0.0,0.0,0.0,0.0
277639,0,1,3400,-85,85,-411,0.0,4.9,0.50,0.0,0.0,27,0.0,0.0,0.0,0.0,0.0,0.0,0.0,0.0
277888,0,1,3400,-85,85,-408,0.0,4.9,0.50,0.0,0.0,27,0.0,0.0,0.0,0.0,0.0,0.0,0.0,0.0
278137,0,1,3400,-85,85,-410,0.0,4.9,0.50,0.0,0.0,27,0.0,0.0,0.0,0.0,0.0,0.0,0.0,0.0
278386,0,1,3400,-85,85,-412,0.0,4.8,0.50,0.0,0.0,27,0.0,0.0,0.0,0.0,0.0,0.0,0.0,0.0
278635,0,1,3400,-85,85,-410,0.0,4.8,0.50,0.0,0.0,27,0.0,0.0,0.0,0.0,0.0,0.0,0.0,0.0
278884,0,1,3400,-85,85,-409,0.0,4.9,0.50,0.0,0.0,27,0.0,0.0,0.0,0.0,0.0,0.0,0.0,0.0
279133,0,1,3400,-85,85,-410,0.0,4.8,0.50,0.0,0.0,27,0.0,0.0,0.0,0.0,0.0,0.0,0.0,0.0
279382,0,1,3400,-85,85,-411,0.0,4.8,0.50,0.0,0.0,27,0.0,0.0,0.0,0.0,0.0,0.0,0.0,0.0
279631,0,1,3400,-85,85,-412,0.0,4.9,0.50,0.0,0.0,27,0.0,0.0,0.0,0.0,0.0,0.0,0.0,0.0
279880,0,1,3400,-85,85,-412,0.0,4.9,0.50,0.0,0.0,27,0.0,0.0,0.0,0.0,0.0,0.0,0.0,0.0
280129,0,1,3400,-85,85,-414,0.0,4.9,0.50,0.0,0.0,27,0.0,0.0,0.0,0.0,0.0,0.0,0.0,0.0
280378,0,1,3400,-85,85,-411,0.0,4.8,0.50,0.0,0.0,27,0.0,0.0,0.0,0.0,0.0,0.0,0.0,0.0
280627,0,1,3400,-85,85,-415,0.0,4.9,0.50,0.0,0.0,27,0.0,0.0,0.0,0.0,0.0,0.0,0.0,0.0
280876,0,1,3400,-85,85,-412,0.0,4.9,0.50,0.0,0.0,27,0.0,0.0,0.0,0.0,0.0,0.0,0.0,0.0
281125,0,1,3400,-85,85,-410,0.0,4.9,0.50,0.0,0.0,27,0.0,0.0,0.0,0.0,0.0,0.0,0.0,0.0
281374,0,1,3400,-85,85,-414,0.0,5.0,0.50,0.0,0.0,27,0.0,0.0,0.0,0.0,0.0,0.0,0.0,0.0
281623,0,1,3400,-85,85,-410,0.0,5.0,0.50,0.0,0.0,27,0.0,0.0,0.0,0.0,0.0,0.0,0.0,0.0
281872,0,1,3400,-85,85,-409,0.0,4.9,0.50,0.0,0.0,27,0.0,0.0,0.0,0.0,0.0,0.0,0.0,0.0
282121,0,1,3400,-85,85,-404,0.0,5.0,0.50,0.0,0.0,27,0.0,0.0,0.0,0.0,0.0,0.0,0.0,0.0
282370,0,1,3400,-85,85,-410,0.0,4.9,0.50,0.0,0.0,27,0.0,0.0,0.0,0.0,0.0,0.0,0.0,0.0
282619,0,1,3400,-85,85,-412,0.0,4.9,0.50,0.0,0.0,27,0.0,0.0,0.0,0.0,0.0,0.0,0.0,0.0
282868,0,1,3400,-85,85,-407,0.0,4.9,0.50,0.0,0.0,27,0.0,0.0,0.0,0.0,0.0,0.0,0.0,0.0
283117,0,1,3400,-85,85,-414,0.0,4.9,0.50,0.0,0.0,27,0.0,0.0,0.0,0.0,0.0,0.0,0.0,0.0
283366,0,1,3400,-85,85,-412,0.0,4.9,0.50,0.0,0.0,27,0.0,0.0,0.0,0.0,0.0,0.0,0.0,0.0
283615,0,1,3400,-85,85,-413,0.0,4.9,0.50,0.0,0.0,27,0.0,0.0,0.0,0.0,0.0,0.0,0.0,0.0
283864,0,1,3400,-85,85,-413,0.0,4.9,0.50,0.0,0.0,27,0.0,0.0,0.0,0.0,0.0,0.0,0.0,0.0
284113,0,1,3400,-85,85,-412,0.0,4.9,0.50,0.0,0.0,27,0.0,0.0,0.0,0.0,0.0,0.0,0.0,0.0
284362,0,1,3400,-85,85,-412,0.0,4.9,0.50,0.0,0.0,27,0.0,0.0,0.0,0.0,0.0,0.0,0.0,0.0
284611,0,1,3400,-85,85,-415,0.0,5.0,0.50,0.0,0.0,27,0.0,0.0,0.0,0.0,0.0,0.0,0.0,0.0
284860,0,1,3400,-85,85,-412,0.0,4.9,0.50,0.0,0.0,27,0.0,0.0,0.0,0.0,0.0,0.0,0.0,0.0
285109,0,1,3400,-85,85,-413,0.0,4.9,0.50,0.0,0.0,27,0.0,0.0,0.0,0.0,0.0,0.0,0.0,0.0
285358,0,1,3400,-85,85,-412,0.0,4.9,0.50,0.0,0.0,27,0.0,0.0,0.0,0.0,0.0,0.0,0.0,0.0
285607,0,1,3400,-85,85,-410,0.0,4.9,0.50,0.0,0.0,27,0.0,0.0,0.0,0.0,0.0,0.0,0.0,0.0
285856,0,1,3400,-85,85,-414,0.0,5.0,0.50,0.0,0.0,27,0.0,0.0,0.0,0.0,0.0,0.0,0.0,0.0
286105,0,1,3400,-85,85,-413,0.0,4.9,0.50,0.0,0.0,27,0.0,0.0,0.0,0.0,0.0,0.0,0.0,0.0
286354,0,1,3400,-85,85,-416,0.0,5.0,0.50,0.0,0.0,27,0.0,0.0,0.0,0.0,0.0,0.0,0.0,0.0
286603,0,1,3400,-85,85,-410,0.0,4.9,0.50,0.0,0.0,27,0.0,0.0,0.0,0.0,0.0,0.0,0.0,0.0
286852,0,1,3400,-85,85,-415,0.0,4.9,0.50,0.0,0.0,27,0.0,0.0,0.0,0.0,0.0,0.0,0.0,0.0
287101,0,1,3400,-85,85,-411,0.0,4.8,0.50,0.0,0.0,27,0.0,0.0,0.0,0.0,0.0,0.0,0.0,0.0
287350,0,1,3400,-85,85,-414,0.0,4.7,0.50,0.0,0.0,27,0.0,0.0,0.0,0.0,0.0,0.0,0.0,0.0
287599,0,1,3400,-85,85,-412,0.0,4.9,0.50,0.0,0.0,27,0.0,0.0,0.0,0.0,0.0,0.0,0.0,0.0
287848,0,1,3400,-85,85,-408,0.0,4.9,0.50,0.0,0.0,27,0.0,0.0,0.0,0.0,0.0,0.0,0.0,0.0
288097,0,1,3400,-85,85,-413,0.0,4.9,0.50,0.0,0.0,27,0.0,0.0,0.0,0.0,0.0,0.0,0.0,0.0
288346,0,1,3400,-85,85,-410,0.0,5.0,0.50,0.0,0.0,27,0.0,0.0,0.0,0.0,0.0,0.0,0.0,0.0
288595,0,1,3400,-85,85,-408,0.0,5.0,0.50,0.0,0.0,27,0.0,0.0,0.0,0.0,0.0,0.0,0.0,0.0
288844,0,1,3400,-85,85,-413,0.0,4.8,0.50,0.0,0.0,27,0.0,0.0,0.0,0.0,0.0,0.0,0.0,0.0
289093,0,1,3400,-85,85,-411,0.0,4.9,0.50,0.0,0.0,27,0.0,0.0,0.0,0.0,0.0,0.0,0.0,0.0
289342,0,1,3400,-85,85,-414,0.0,4.9,0.50,0.0,0.0,27,0.0,0.0,0.0,0.0,0.0,0.0,0.0,0.0
289591,0,1,3400,-85,85,-412,0.0,4.9,0.50,0.0,0.0,27,0.0,0.0,0.0,0.0,0.0,0.0,0.0,0.0
289840,0,1,3400,-85,85,-410,0.0,4.9,0.50,0.0,0.0,27,0.0,0.0,0.0,0.0,0.0,0.0,0.0,0.0
290089,0,1,3400,-85,85,-411,0.0,4.9,0.50,0.0,0.0,27,0.0,0.0,0.0,0.0,0.0,0.0,0.0,0.0
290338,0,1,3400,-85,85,-412,0.0,4.9,0.50,0.0,0.0,27,0.0,0.0,0.0,0.0,0.0,0.0,0.0,0.0
290587,0,1,3400,-85,85,-411,0.0,5.0,0.50,0.0,0.0,27,0.0,0.0,0.0,0.0,0.0,0.0,0.0,0.0
290836,0,1,3400,-85,85,-410,0.0,4.9,0.50,0.0,0.0,27,0.0,0.0,0.0,0.0,0.0,0.0,0.0,0.0
291085,0,1,3400,-85,85,-410,0.0,4.8,0.50,0.0,0.0,27,0.0,0.0,0.0,0.0,0.0,0.0,0.0,0.0
291334,0,1,3400,-85,85,-414,0.0,4.9,0.50,0.0,0.0,27,0.0,0.0,0.0,0.0,0.0,0.0,0.0,0.0
291583,0,1,3400,-85,85,-410,0.0,5.0,0.50,0.0,0.0,27,0.0,0.0,0.0,0.0,0.0,0.0,0.0,0.0
291832,0,1,3400,-85,85,-414,0.0,5.0,0.50,0.0,0.0,27,0.0,0.0,0.0,0.0,0.0,0.0,0.0,0.0
292081,0,1,3400,-85,85,-416,0.0,5.0,0.50,0.0,0.0,27,0.0,0.0,0.0,0.0,0.0,0.0,0.0,0.0
292330,0,1,3400,-85,85,-410,0.0,4.9,0.50,0.0,0.0,27,0.0,0.0,0.0,0.0,0.0,0.0,0.0,0.0
292579,0,1,3400,-85,85,-417,0.0,4.8,0.50,0.0,0.0,27,0.0,0.0,0.0,0.0,0.0,0.0,0.0,0.0
292828,0,1,3400,-85,85,-415,0.0,4.9,0.50,0.0,0.0,27,0.0,0.0,0.0,0.0,0.0,0.0,0.0,0.0
293077,0,1,3400,-85,85,-418,0.0,5.0,0.50,0.0,0.0,27,0.0,0.0,0.0,0.0,0.0,0.0,0.0,0.0
293326,0,1,3400,-85,85,-418,0.0,4.9,0.50,0.0,0.0,27,0.0,0.0,0.0,0.0,0.0,0.0,0.0,0.0
293575,0,1,3400,-85,85,-412,0.0,4.9,0.50,0.0,0.0,27,0.0,0.0,0.0,0.0,0.0,0.0,0.0,0.0
293824,0,1,3400,-85,85,-416,0.0,5.0,0.50,0.0,0.0,27,0.0,0.0,0.0,0.0,0.0,0.0,0.0,0.0
294073,0,1,3400,-85,85,-412,0.0,4.9,0.50,0.0,0.0,27,0.0,0.0,0.0,0.0,0.0,0.0,0.0,0.0
294322,0,1,3400,-85,85,-415,0.0,4.9,0.50,0.0,0.0,27,0.0,0.0,0.0,0.0,0.0,0.0,0.0,0.0
294571,0,1,3400,-85,85,-417,0.0,5.0,0.50,0.0,0.0,27,0.0,0.0,0.0,0.0,0.0,0.0,0.0,0.0
294820,0,1,3400,-85,85,-414,0.0,4.9,0.50,0.0,0.0,27,0.0,0.0,0.0,0.0,0.0,0.0,0.0,0.0
295069,0,1,3400,-85,85,-412,0.0,4.8,0.50,0.0,0.0,27,0.0,0.0,0.0,0.0,0.0,0.0,0.0,0.0
295318,0,1,3400,-85,85,-414,0.0,4.9,0.50,0.0,0.0,27,0.0,0.0,0.0,0.0,0.0,0.0,0.0,0.0
295567,0,1,3400,-85,85,-412,0.0,4.8,0.50,0.0,0.0,27,0.0,0.0,0.0,0.0,0.0,0.0,0.0,0.0
295816,0,1,3400,-85,85,-407,0.0,5.0,0.50,0.0,0.0,27,0.0,0.0,0.0,0.0,0.0,0.0,0.0,0.0
296065,0,1,3400,-85,85,-413,0.0,5.0,0.50,0.0,0.0,27,0.0,0.0,0.0,0.0,0.0,0.0,0.0,0.0
296314,0,1,3400,-85,85,-415,0.0,4.8,0.50,0.0,0.0,27,0.0,0.0,0.0,0.0,0.0,0.0,0.0,0.0
296563,0,1,3400,-85,85,-415,0.0,4.9,0.50,0.0,0.0,27,0.0,0.0,0.0,0.0,0.0,0.0,0.0,0.0
296812,0,1,3400,-85,85,-413,0.0,4.9,0.50,0.0,0.0,27,0.0,0.0,0.0,0.0,0.0,0.0,0.0,0.0
297061,0,1,3400,-85,85,-410,0.0,4.9,0.50,0.0,0.0,27,0.0,0.0,0.0,0.0,0.0,0.0,0.0,0.0
297310,0,1,3400,-85,85,-411,0.0,4.9,0.50,0.0,0.0,27,0.0,0.0,0.0,0.0,0.0,0.0,0.0,0.0
297559,0,1,3400,-85,85,-413,0.0,4.9,0.50,0.0,0.0,27,0.0,0.0,0.0,0.0,0.0,0.0,0.0,0.0
297808,0,1,3400,-85,85,-415,0.0,5.0,0.50,0.0,0.0,27,0.0,0.0,0.0,0.0,0.0,0.0,0.0,0.0
298057,0,1,3400,-85,85,-413,0.0,4.9,0.50,0.0,0.0,27,0.0,0.0,0.0,0.0,0.0,0.0,0.0,0.0
298306,0,1,3400,-85,85,-410,0.0,4.9,0.50,0.0,0.0,27,0.0,0.0,0.0,0.0,0.0,0.0,0.0,0.0
298555,0,1,3400,-85,85,-410,0.0,4.9,0.50,0.0,0.0,27,0.0,0.0,0.0,0.0,0.0,0.0,0.0,0.0
298804,0,1,3400,-85,85,-410,0.0,4.8,0.50,0.0,0.0,27,0.0,0.0,0.0,0.0,0.0,0.0,0.0,0.0
299053,0,1,3400,-85,85,-413,0.0,4.9,0.50,0.0,0.0,27,0.0,0.0,0.0,0.0,0.0,0.0,0.0,0.0
299302,0,1,3400,-85,85,-413,0.0,5.0,0.50,0.0,0.0,27,0.0,0.0,0.0,0.0,0.0,0.0,0.0,0.0
299551,0,1,3400,-85,85,-413,0.0,5.0,0.50,0.0,0.0,27,0.0,0.0,0.0,0.0,0.0,0.0,0.0,0.0
299800,0,1,3400,-85,85,-409,0.0,5.0,0.50,0.0,0.0,27,0.0,0.0,0.0,0.0,0.0,0.0,0.0,0.0
300049,0,1,3400,-85,85,-413,0.0,5.0,0.50,0.0,0.0,27,0.0,0.0,0.0,0.0,0.0,0.0,0.0,0.0
300298,0,1,3400,-85,85,-410,0.0,5.0,0.50,0.0,0.0,27,0.0,0.0,0.0,0.0,0.0,0.0,0.0,0.0
300547,0,1,3400,-85,85,-416,0.0,5.0,0.50,0.0,0.0,27,0.0,0.0,0.0,0.0,0.0,0.0,0.0,0.0
300796,0,1,3400,-85,85,-412,0.0,4.9,0.50,0.0,0.0,27,0.0,0.0,0.0,0.0,0.0,0.0,0.0,0.0
301045,0,1,3400,-85,85,-418,0.0,4.9,0.50,0.0,0.0,27,0.0,0.0,0.0,0.0,0.0,0.0,0.0,0.0
301294,0,1,3400,-85,85,-418,0.0,5.0,0.50,0.0,0.0,27,0.0,0.0,0.0,0.0,0.0,0.0,0.0,0.0
301543,0,1,3400,-85,85,-414,0.0,4.9,0.50,0.0,0.0,27,0.0,0.0,0.0,0.0,0.0,0.0,0.0,0.0
301792,0,1,3400,-85,85,-414,0.0,4.9,0.50,0.0,0.0,27,0.0,0.0,0.0,0.0,0.0,0.0,0.0,0.0
302041,0,1,3400,-85,85,-414,0.0,4.9,0.50,0.0,0.0,27,0.0,0.0,0.0,0.0,0.0,0.0,0.0,0.0
302290,0,1,3400,-85,85,-415,0.0,5.0,0.50,0.0,0.0,27,0.0,0.0,0.0,0.0,0.0,0.0,0.0,0.0
302539,0,1,3400,-85,85,-417,0.0,4.9,0.50,0.0,0.0,27,0.0,0.0,0.0,0.0,0.0,0.0,0.0,0.0
302788,0,1,3400,-85,85,-415,0.0,5.0,0.50,0.0,0.0,27,0.0,0.0,0.0,0.0,0.0,0.0,0.0,0.0
303037,0,1,3400,-85,85,-418,0.0,4.9,0.50,0.0,0.0,27,0.0,0.0,0.0,0.0,0.0,0.0,0.0,0.0
303286,0,1,3400,-85,85,-417,0.0,4.8,0.50,0.0,0.0,27,0.0,0.0,0.0,0.0,0.0,0.0,0.0,0.0
303535,0,1,3400,-85,85,-417,0.0,5.0,0.50,0.0,0.0,27,0.0,0.0,0.0,0.0,0.0,0.0,0.0,0.0
303784,0,1,3400,-85,85,-416,0.0,4.9,0.50,0.0,0.0,27,0.0,0.0,0.0,0.0,0.0,0.0,0.0,0.0
304033,0,1,3400,-85,85,-415,0.0,4.9,0.50,0.0,0.0,27,0.0,0.0,0.0,0.0,0.0,0.0,0.0,0.0
304282,0,1,3400,-85,85,-414,0.0,4.9,0.50,0.0,0.0,27,0.0,0.0,0.0,0.0,0.0,0.0,0.0,0.0
304531,0,1,3400,-85,85,-412,0.0,4.9,0.50,0.0,0.0,27,0.0,0.0,0.0,0.0,0.0,0.0,0.0,0.0
304780,0,1,3400,-85,85,-417,0.0,4.9,0.50,0.0,0.0,27,0.0,0.0,0.0,0.0,0.0,0.0,0.0,0.0
305029,0,1,3400,-85,85,-417,0.0,5.0,0.50,0.0,0.0,27,0.0,0.0,0.0,0.0,0.0,0.0,0.0,0.0
305278,0,1,3400,-85,85,-416,0.0,5.0,0.50,0.0,0.0,27,0.0,0.0,0.0,0.0,0.0,0.0,0.0,0.0
305527,0,1,3400,-85,85,-408,0.0,5.1,0.50,0.0,0.0,27,0.0,0.0,0.0,0.0,0.0,0.0,0.0,0.0
305776,0,1,3400,-85,85,-411,0.0,5.0,0.50,0.0,0.0,27,0.0,0.0,0.0,0.0,0.0,0.0,0.0,0.0
306025,0,1,3400,-85,85,-413,0.0,4.9,0.50,0.0,0.0,27,0.0,0.0,0.0,0.0,0.0,0.0,0.0,0.0
306274,0,1,3400,-85,85,-412,0.0,4.9,0.50,0.0,0.0,27,0.0,0.0,0.0,0.0,0.0,0.0,0.0,0.0
306523,0,1,3400,-85,85,-417,0.0,5.0,0.50,0.0,0.0,27,0.0,0.0,0.0,0.0,0.0,0.0,0.0,0.0
306772,0,1,3400,-85,85,-413,0.0,4.9,0.50,0.0,0.0,27,0.0,0.0,0.0,0.0,0.0,0.0,0.0,0.0
307021,0,1,3400,-85,85,-415,0.0,4.8,0.50,0.0,0.0,27,0.0,0.0,0.0,0.0,0.0,0.0,0.0,0.0
307270,0,1,3400,-85,85,-415,0.0,4.9,0.50,0.0,0.0,27,0.0,0.0,0.0,0.0,0.0,0.0,0.0,0.0
307519,0,1,3400,-85,85,-417,0.0,4.9,0.50,0.0,0.0,27,0.0,0.0,0.0,0.0,0.0,0.0,0.0,0.0
307768,0,1,3400,-85,85,-417,0.0,5.0,0.50,0.0,0.0,27,0.0,0.0,0.0,0.0,0.0,0.0,0.0,0.0
308017,0,1,3400,-85,85,-411,0.0,5.0,0.50,0.0,0.0,27,0.0,0.0,0.0,0.0,0.0,0.0,0.0,0.0
308266,0,1,3400,-85,85,-412,0.0,4.9,0.50,0.0,0.0,27,0.0,0.0,0.0,0.0,0.0,0.0,0.0,0.0
308515,0,1,3400,-85,85,-413,0.0,4.9,0.50,0.0,0.0,27,0.0,0.0,0.0,0.0,0.0,0.0,0.0,0.0
308764,0,1,3400,-85,85,-416,0.0,4.9,0.50,0.0,0.0,27,0.0,0.0,0.0,0.0,0.0,0.0,0.0,0.0
309013,0,1,3400,-85,85,-416,0.0,4.8,0.50,0.0,0.0,27,0.0,0.0,0.0,0.0,0.0,0.0,0.0,0.0
309262,0,1,3400,-85,85,-410,0.0,4.9,0.50,0.0,0.0,27,0.0,0.0,0.0,0.0,0.0,0.0,0.0,0.0
309511,0,1,3400,-85,85,-414,0.0,4.9,0.50,0.0,0.0,27,0.0,0.0,0.0,0.0,0.0,0.0,0.0,0.0
309760,0,1,3400,-85,85,-415,0.0,5.0,0.50,0.0,0.0,27,0.0,0.0,0.0,0.0,0.0,0.0,0.0,0.0
310009,0,1,3400,-85,85,-414,0.0,5.0,0.50,0.0,0.0,27,0.0,0.0,0.0,0.0,0.0,0.0,0.0,0.0
310258,0,1,3400,-85,85,-419,0.0,4.9,0.50,0.0,0.0,27,0.0,0.0,0.0,0.0,0.0,0.0,0.0,0.0
310507,0,1,3400,-85,85,-418,0.0,4.9,0.50,0.0,0.0,27,0.0,0.0,0.0,0.0,0.0,0.0,0.0,0.0
310756,0,1,3400,-85,85,-414,0.0,5.1,0.50,0.0,0.0,27,0.0,0.0,0.0,0.0,0.0,0.0,0.0,0.0
311005,0,1,3400,-85,85,-414,0.0,5.0,0.50,0.0,0.0,27,0.0,0.0,0.0,0.0,0.0,0.0,0.0,0.0
311254,0,1,3400,-85,85,-415,0.0,4.9,0.50,0.0,0.0,27,0.0,0.0,0.0,0.0,0.0,0.0,0.0,0.0
311503,0,1,3400,-85,85,-410,0.0,5.0,0.50,0.0,0.0,27,0.0,0.0,0.0,0.0,0.0,0.0,0.0,0.0
311752,0,1,3400,-85,85,-413,0.0,4.9,0.50,0.0,0.0,27,0.0,0.0,0.0,0.0,0.0,0.0,0.0,0.0
312001,0,1,3400,-85,85,-416,0.0,5.0,0.50,0.0,0.0,27,0.0,0.0,0.0,0.0,0.0,0.0,0.0,0.0
312250,0,1,3400,-85,85,-418,0.0,4.9,0.50,0.0,0.0,27,0.0,0.0,0.0,0.0,0.0,0.0,0.0,0.0
312499,0,1,3400,-85,85,-417,0.0,4.9,0.50,0.0,0.0,27,0.0,0.0,0.0,0.0,0.0,0.0,0.0,0.0
312748,0,1,3400,-85,85,-416,0.0,4.9,0.50,0.0,0.0,27,0.0,0.0,0.0,0.0,0.0,0.0,0.0,0.0
312997,0,1,3400,-85,85,-414,0.0,5.0,0.50,0.0,0.0,27,0.0,0.0,0.0,0.0,0.0,0.0,0.0,0.0
313246,0,1,3400,-85,85,-415,0.0,4.8,0.50,0.0,0.0,27,0.0,0.0,0.0,0.0,0.0,0.0,0.0,0.0
313495,0,1,3400,-85,85,-416,0.0,4.9,0.50,0.0,0.0,27,0.0,0.0,0.0,0.0,0.0,0.0,0.0,0.0
313744,0,1,3400,-85,85,-413,0.0,5.0,0.50,0.0,0.0,27,0.0,0.0,0.0,0.0,0.0,0.0,0.0,0.0
313993,0,1,3400,-85,85,-412,0.0,5.0,0.50,0.0,0.0,27,0.0,0.0,0.0,0.0,0.0,0.0,0.0,0.0
314242,0,1,3400,-85,85,-417,0.0,4.9,0.50,0.0,0.0,27,0.0,0.0,0.0,0.0,0.0,0.0,0.0,0.0
314491,0,1,3400,-85,85,-416,0.0,4.9,0.50,0.0,0.0,27,0.0,0.0,0.0,0.0,0.0,0.0,0.0,0.0
314740,0,1,3400,-85,85,-417,0.0,5.0,0.50,0.0,0.0,27,0.0,0.0,0.0,0.0,0.0,0.0,0.0,0.0
314989,0,1,3400,-85,85,-414,0.0,4.9,0.50,0.0,0.0,27,0.0,0.0,0.0,0.0,0.0,0.0,0.0,0.0
315238,0,1,3400,-85,85,-416,0.0,4.9,0.50,0.0,0.0,27,0.0,0.0,0.0,0.0,0.0,0.0,0.0,0.0
315487,0,1,3400,-85,85,-414,0.0,5.0,0.50,0.0,0.0,27,0.0,0.0,0.0,0.0,0.0,0.0,0.0,0.0
315736,0,1,3400,-85,85,-412,0.0,5.0,0.50,0.0,0.0,27,0.0,0.0,0.0,0.0,0.0,0.0,0.0,0.0
315985,0,1,3400,-85,85,-415,0.0,4.9,0.50,0.0,0.0,27,0.0,0.0,0.0,0.0,0.0,0.0,0.0,0.0
316234,0,1,3400,-85,85,-411,0.0,5.0,0.50,0.0,0.0,27,0.0,0.0,0.0,0.0,0.0,0.0,0.0,0.0
316483,0,1,3400,-85,85,-419,0.0,4.9,0.50,0.0,0.0,27,0.0,0.0,0.0,0.0,0.0,0.0,0.0,0.0
316732,0,1,3400,-85,85,-413,0.0,5.1,0.50,0.0,0.0,27,0.0,0.0,0.0,0.0,0.0,0.0,0.0,0.0
316981,0,1,3400,-85,85,-418,0.0,4.9,0.50,0.0,0.0,27,0.0,0.0,0.0,0.0,0.0,0.0,0.0,0.0
317230,0,1,3400,-85,85,-416,0.0,5.0,0.50,0.0,0.0,27,0.0,0.0,0.0,0.0,0.0,0.0,0.0,0.0
317479,0,1,3400,-85,85,-418,0.0,4.9,0.50,0.0,0.0,27,0.0,0.0,0.0,0.0,0.0,0.0,0.0,0.0
317728,0,1,3400,-85,85,-422,0.0,5.0,0.50,0.0,0.0,27,0.0,0.0,0.0,0.0,0.0,0.0,0.0,0.0
317977,0,1,3400,-85,85,-412,0.0,4.9,0.50,0.0,0.0,27,0.0,0.0,0.0,0.0,0.0,0.0,0.0,0.0
318226,0,1,3400,-85,85,-416,0.0,4.9,0.50,0.0,0.0,27,0.0,0.0,0.0,0.0,0.0,0.0,0.0,0.0
318475,0,1,3400,-85,85,-417,0.0,5.0,0.50,0.0,0.0,27,0.0,0.0,0.0,0.0,0.0,0.0,0.0,0.0
318724,0,1,3400,-85,85,-415,0.0,5.0,0.50,0.0,0.0,27,0.0,0.0,0.0,0.0,0.0,0.0,0.0,0.0
318973,0,1,3400,-85,85,-420,0.0,4.9,0.50,0.0,0.0,27,0.0,0.0,0.0,0.0,0.0,0.0,0.0,0.0
319222,0,1,3400,-85,85,-418,0.0,4.9,0.50,0.0,0.0,27,0.0,0.0,0.0,0.0,0.0,0.0,0.0,0.0
319471,0,1,3400,-85,85,-415,0.0,5.0,0.50,0.0,0.0,27,0.0,0.0,0.0,0.0,0.0,0.0,0.0,0.0
319720,0,1,3400,-85,85,-417,0.0,5.0,0.50,0.0,0.0,27,0.0,0.0,0.0,0.0,0.0,0.0,0.0,0.0
319969,0,1,3400,-85,85,-416,0.0,5.0,0.50,0.0,0.0,27,0.0,0.0,0.0,0.0,0.0,0.0,0.0,0.0
320218,0,1,3400,-85,85,-414,0.0,4.9,0.50,0.0,0.0,27,0.0,0.0,0.0,0.0,0.0,0.0,0.0,0.0
320467,0,1,3400,-85,85,-416,0.0,4.9,0.50,0.0,0.0,27,0.0,0.0,0.0,0.0,0.0,0.0,0.0,0.0
320716,0,1,3400,-85,85,-416,0.0,4.9,0.50,0.0,0.0,27,0.0,0.0,0.0,0.0,0.0,0.0,0.0,0.0
320965,0,1,3400,-85,85,-416,0.0,4.9,0.50,0.0,0.0,27,0.0,0.0,0.0,0.0,0.0,0.0,0.0,0.0
321214,0,1,3400,-85,85,-412,0.0,5.0,0.50,0.0,0.0,27,0.0,0.0,0.0,0.0,0.0,0.0,0.0,0.0
321463,0,1,3400,-85,85,-412,0.0,5.0,0.50,0.0,0.0,27,0.0,0.0,0.0,0.0,0.0,0.0,0.0,0.0
321712,0,1,3400,-85,85,-417,0.0,5.0,0.50,0.0,0.0,27,0.0,0.0,0.0,0.0,0.0,0.0,0.0,0.0
321961,0,1,3400,-85,85,-418,0.0,4.9,0.50,0.0,0.0,27,0.0,0.0,0.0,0.0,0.0,0.0,0.0,0.0
322210,0,1,3400,-85,85,-412,0.0,4.9,0.50,0.0,0.0,27,0.0,0.0,0.0,0.0,0.0,0.0,0.0,0.0
322459,0,1,3400,-85,85,-416,0.0,4.9,0.50,0.0,0.0,27,0.0,0.0,0.0,0.0,0.0,0.0,0.0,0.0
322708,0,1,3400,-85,85,-414,0.0,4.9,0.50,0.0,0.0,27,0.0,0.0,0.0,0.0,0.0,0.0,0.0,0.0
322957,0,1,3400,-85,85,-421,0.0,4.7,0.50,0.0,0.0,27,0.0,0.0,0.0,0.0,0.0,0.0,0.0,0.0
323206,0,1,3400,-85,85,-412,0.0,4.9,0.50,0.0,0.0,27,0.0,0.0,0.0,0.0,0.0,0.0,0.0,0.0
323455,0,1,3400,-85,85,-415,0.0,4.9,0.50,0.0,0.0,27,0.0,0.0,0.0,0.0,0.0,0.0,0.0,0.0
323704,0,1,3400,-85,85,-419,0.0,5.0,0.50,0.0,0.0,27,0.0,0.0,0.0,0.0,0.0,0.0,0.0,0.0
323953,0,1,3400,-85,85,-413,0.0,4.9,0.50,0.0,0.0,27,0.0,0.0,0.0,0.0,0.0,0.0,0.0,0.0
324202,0,1,3400,-85,85,-414,0.0,5.0,0.50,0.0,0.0,27,0.0,0.0,0.0,0.0,0.0,0.0,0.0,0.0
324451,0,1,3400,-85,85,-412,0.0,5.0,0.50,0.0,0.0,27,0.0,0.0,0.0,0.0,0.0,0.0,0.0,0.0
324700,0,1,3400,-85,85,-418,0.0,4.9,0.50,0.0,0.0,27,0.0,0.0,0.0,0.0,0.0,0.0,0.0,0.0
324949,0,1,3400,-85,85,-415,0.0,4.9,0.50,0.0,0.0,27,0.0,0.0,0.0,0.0,0.0,0.0,0.0,0.0
325198,0,1,3400,-85,85,-421,0.0,5.0,0.50,0.0,0.0,27,0.0,0.0,0.0,0.0,0.0,0.0,0.0,0.0
325447,0,1,3400,-85,85,-417,0.0,5.0,0.50,0.0,0.0,27,0.0,0.0,0.0,0.0,0.0,0.0,0.0,0.0
325696,0,1,3400,-85,85,-419,0.0,5.0,0.50,0.0,0.0,27,0.0,0.0,0.0,0.0,0.0,0.0,0.0,0.0
325945,0,1,3400,-85,85,-420,0.0,4.9,0.50,0.0,0.0,27,0.0,0.0,0.0,0.0,0.0,0.0,0.0,0.0
326194,0,1,3400,-85,85,-415,0.0,4.9,0.50,0.0,0.0,27,0.0,0.0,0.0,0.0,0.0,0.0,0.0,0.0
326443,0,1,3400,-85,85,-416,0.0,5.0,0.50,0.0,0.0,27,0.0,0.0,0.0,0.0,0.0,0.0,0.0,0.0
326692,0,1,3400,-85,85,-418,0.0,4.9,0.50,0.0,0.0,27,0.0,0.0,0.0,0.0,0.0,0.0,0.0,0.0
326941,0,1,3400,-85,85,-419,0.0,5.1,0.50,0.0,0.0,27,0.0,0.0,0.0,0.0,0.0,0.0,0.0,0.0
327190,0,1,3400,-85,85,-417,0.0,4.9,0.50,0.0,0.0,27,0.0,0.0,0.0,0.0,0.0,0.0,0.0,0.0
327439,0,1,3400,-85,85,-416,0.0,4.9,0.50,0.0,0.0,27,0.0,0.0,0.0,0.0,0.0,0.0,0.0,0.0
327688,0,1,3400,-85,85,-416,0.0,5.1,0.50,0.0,0.0,27,0.0,0.0,0.0,0.0,0.0,0.0,0.0,0.0
327937,0,1,3400,-85,85,-420,0.0,5.0,0.50,0.0,0.0,27,0.0,0.0,0.0,0.0,0.0,0.0,0.0,0.0
328186,0,1,3400,-85,85,-419,0.0,5.0,0.50,0.0,0.0,27,0.0,0.0,0.0,0.0,0.0,0.0,0.0,0.0
328435,0,1,3400,-85,85,-412,0.0,4.9,0.50,0.0,0.0,27,0.0,0.0,0.0,0.0,0.0,0.0,0.0,0.0
328684,0,1,3400,-85,85,-415,0.0,5.0,0.50,0.0,0.0,27,0.0,0.0,0.0,0.0,0.0,0.0,0.0,0.0
328933,0,1,3400,-85,85,-418,0.0,5.0,0.50,0.0,0.0,27,0.0,0.0,0.0,0.0,0.0,0.0,0.0,0.0
329182,0,1,3400,-85,85,-415,0.0,4.9,0.50,0.0,0.0,27,0.0,0.0,0.0,0.0,0.0,0.0,0.0,0.0
329431,0,1,3400,-85,85,-422,0.0,5.1,0.50,0.0,0.0,27,0.0,0.0,0.0,0.0,0.0,0.0,0.0,0.0
329680,0,1,3400,-85,85,-416,0.0,4.9,0.50,0.0,0.0,27,0.0,0.0,0.0,0.0,0.0,0.0,0.0,0.0
329929,0,1,3400,-85,85,-417,0.0,4.9,0.50,0.0,0.0,27,0.0,0.0,0.0,0.0,0.0,0.0,0.0,0.0
330178,0,1,3400,-85,85,-420,0.0,5.0,0.50,0.0,0.0,27,0.0,0.0,0.0,0.0,0.0,0.0,0.0,0.0
330427,0,1,3400,-85,85,-412,0.0,4.8,0.50,0.0,0.0,27,0.0,0.0,0.0,0.0,0.0,0.0,0.0,0.0
330676,0,1,3400,-85,85,-421,0.0,5.0,0.50,0.0,0.0,27,0.0,0.0,0.0,0.0,0.0,0.0,0.0,0.0
330925,0,1,3400,-85,85,-415,0.0,5.0,0.50,0.0,0.0,27,0.0,0.0,0.0,0.0,0.0,0.0,0.0,0.0
331174,0,1,3400,-85,85,-419,0.0,5.0,0.50,0.0,0.0,27,0.0,0.0,0.0,0.0,0.0,0.0,0.0,0.0
331423,0,1,3400,-85,85,-415,0.0,4.8,0.50,0.0,0.0,27,0.0,0.0,0.0,0.0,0.0,0.0,0.0,0.0
331672,0,1,3400,-85,85,-420,0.0,4.9,0.50,0.0,0.0,27,0.0,0.0,0.0,0.0,0.0,0.0,0.0,0.0
331921,0,1,3400,-85,85,-417,0.0,5.0,0.50,0.0,0.0,27,0.0,0.0,0.0,0.0,0.0,0.0,0.0,0.0
332170,0,1,3400,-85,85,-414,0.0,4.9,0.50,0.0,0.0,27,0.0,0.0,0.0,0.0,0.0,0.0,0.0,0.0
332419,0,1,3400,-85,85,-412,0.0,4.9,0.50,0.0,0.0,27,0.0,0.0,0.0,0.0,0.0,0.0,0.0,0.0
332668,0,1,3400,-85,85,-417,0.0,5.0,0.50,0.0,0.0,27,0.0,0.0,0.0,0.0,0.0,0.0,0.0,0.0
332917,0,1,3400,-85,85,-416,0.0,5.0,0.50,0.0,0.0,27,0.0,0.0,0.0,0.0,0.0,0.0,0.0,0.0
333166,0,1,3400,-85,85,-419,0.0,5.0,0.50,0.0,0.0,27,0.0,0.0,0.0,0.0,0.0,0.0,0.0,0.0
333415,0,1,3400,-85,85,-417,0.0,4.9,0.50,0.0,0.0,27,0.0,0.0,0.0,0.0,0.0,0.0,0.0,0.0
333664,0,1,3400,-85,85,-419,0.0,4.9,0.50,0.0,0.0,27,0.0,0.0,0.0,0.0,0.0,0.0,0.0,0.0
333913,0,1,3400,-85,85,-416,0.0,5.0,0.50,0.0,0.0,27,0.0,0.0,0.0,0.0,0.0,0.0,0.0,0.0
334162,0,1,3400,-85,85,-422,0.0,4.9,0.50,0.0,0.0,27,0.0,0.0,0.0,0.0,0.0,0.0,0.0,0.0
334411,0,1,3400,-85,85,-416,0.0,4.9,0.50,0.0,0.0,27,0.0,0.0,0.0,0.0,0.0,0.0,0.0,0.0
334660,0,1,3400,-85,85,-416,0.0,4.9,0.50,0.0,0.0,27,0.0,0.0,0.0,0.0,0.0,0.0,0.0,0.0
334909,0,1,3400,-85,85,-417,0.0,4.8,0.50,0.0,0.0,27,0.0,0.0,0.0,0.0,0.0,0.0,0.0,0.0
335158,0,1,3400,-85,85,-417,0.0,5.0,0.50,0.0,0.0,27,0.0,0.0,0.0,0.0,0.0,0.0,0.0,0.0
335407,0,1,3400,-85,85,-421,0.0,5.0,0.50,0.0,0.0,27,0.0,0.0,0.0,0.0,0.0,0.0,0.0,0.0
335656,0,1,3400,-85,85,-418,0.0,5.0,0.50,0.0,0.0,27,0.0,0.0,0.0,0.0,0.0,0.0,0.0,0.0
335905,0,1,3400,-85,85,-418,0.0,5.0,0.50,0.0,0.0,27,0.0,0.0,0.0,0.0,0.0,0.0,0.0,0.0
336154,0,1,3400,-85,85,-420,0.0,4.9,0.50,0.0,0.0,27,0.0,0.0,0.0,0.0,0.0,0.0,0.0,0.0
336403,0,1,3400,-85,85,-419,0.0,5.0,0.50,0.0,0.0,27,0.0,0.0,0.0,0.0,0.0,0.0,0.0,0.0
336652,0,1,3400,-85,85,-412,0.0,5.0,0.50,0.0,0.0,27,0.0,0.0,0.0,0.0,0.0,0.0,0.0,0.0
336901,0,1,3400,-85,85,-421,0.0,4.9,0.50,0.0,0.0,27,0.0,0.0,0.0,0.0,0.0,0.0,0.0,0.0
337150,0,1,3400,-85,85,-420,0.0,5.0,0.50,0.0,0.0,27,0.0,0.0,0.0,0.0,0.0,0.0,0.0,0.0
337399,0,1,3400,-85,85,-414,0.0,5.0,0.50,0.0,0.0,27,0.0,0.0,0.0,0.0,0.0,0.0,0.0,0.0
337648,0,1,3400,-85,85,-421,0.0,5.0,0.50,0.0,0.0,27,0.0,0.0,0.0,0.0,0.0,0.0,0.0,0.0
337897,0,1,3400,-85,85,-415,0.0,5.0,0.50,0.0,0.0,27,0.0,0.0,0.0,0.0,0.0,0.0,0.0,0.0
338146,0,1,3400,-85,85,-418,0.0,5.0,0.50,0.0,0.0,27,0.0,0.0,0.0,0.0,0.0,0.0,0.0,0.0
338395,0,1,3400,-85,85,-420,0.0,5.0,0.50,0.0,0.0,27,0.0,0.0,0.0,0.0,0.0,0.0,0.0,0.0
338644,0,1,3400,-85,85,-421,0.0,4.9,0.50,0.0,0.0,27,0.0,0.0,0.0,0.0,0.0,0.0,0.0,0.0
338893,0,1,3400,-85,85,-419,0.0,4.9,0.50,0.0,0.0,27,0.0,0.0,0.0,0.0,0.0,0.0,0.0,0.0
339142,0,1,3400,-85,85,-419,0.0,5.0,0.50,0.0,0.0,27,0.0,0.0,0.0,0.0,0.0,0.0,0.0,0.0
339391,0,1,3400,-85,85,-419,0.0,5.0,0.50,0.0,0.0,27,0.0,0.0,0.0,0.0,0.0,0.0,0.0,0.0
339640,0,1,3400,-85,85,-416,0.0,4.9,0.50,0.0,0.0,27,0.0,0.0,0.0,0.0,0.0,0.0,0.0,0.0
339889,0,1,3400,-85,85,-419,0.0,5.0,0.50,0.0,0.0,27,0.0,0.0,0.0,0.0,0.0,0.0,0.0,0.0
340138,0,1,3400,-85,85,-423,0.0,4.9,0.50,0.0,0.0,27,0.0,0.0,0.0,0.0,0.0,0.0,0.0,0.0
340387,0,1,3400,-85,85,-418,0.0,4.9,0.50,0.0,0.0,27,0.0,0.0,0.0,0.0,0.0,0.0,0.0,0.0
340636,0,1,3400,-85,85,-417,0.0,4.9,0.50,0.0,0.0,27,0.0,0.0,0.0,0.0,0.0,0.0,0.0,0.0
340885,0,1,3400,-85,85,-417,0.0,4.9,0.50,0.0,0.0,27,0.0,0.0,0.0,0.0,0.0,0.0,0.0,0.0
341134,0,1,3400,-85,85,-418,0.0,4.9,0.50,0.0,0.0,27,0.0,0.0,0.0,0.0,0.0,0.0,0.0,0.0
341383,0,1,3400,-85,85,-420,0.0,4.9,0.50,0.0,0.0,27,0.0,0.0,0.0,0.0,0.0,0.0,0.0,0.0
341632,0,1,3400,-85,85,-421,0.0,5.0,0.50,0.0,0.0,27,0.0,0.0,0.0,0.0,0.0,0.0,0.0,0.0
341881,0,1,3400,-85,85,-419,0.0,5.0,0.50,0.0,0.0,27,0.0,0.0,0.0,0.0,0.0,0.0,0.0,0.0
342130,0,1,3400,-85,85,-413,0.0,4.9,0.50,0.0,0.0,27,0.0,0.0,0.0,0.0,0.0,0.0,0.0,0.0
342379,0,1,3400,-85,85,-420,0.0,5.0,0.50,0.0,0.0,27,0.0,0.0,0.0,0.0,0.0,0.0,0.0,0.0
342628,0,1,3400,-85,85,-426,0.0,5.0,0.50,0.0,0.0,27,0.0,0.0,0.0,0.0,0.0,0.0,0.0,0.0
342877,0,1,3400,-85,85,-421,0.0,5.0,0.50,0.0,0.0,27,0.0,0.0,0.0,0.0,0.0,0.0,0.0,0.0
343126,0,1,3400,-85,85,-418,0.0,5.1,0.50,0.0,0.0,27,0.0,0.0,0.0,0.0,0.0,0.0,0.0,0.0
343375,0,1,3400,-85,85,-415,0.0,5.0,0.50,0.0,0.0,27,0.0,0.0,0.0,0.0,0.0,0.0,0.0,0.0
343624,0,1,3400,-85,85,-418,0.0,4.9,0.50,0.0,0.0,27,0.0,0.0,0.0,0.0,0.0,0.0,0.0,0.0
343873,0,1,3400,-85,85,-422,0.0,4.9,0.50,0.0,0.0,27,0.0,0.0,0.0,0.0,0.0,0.0,0.0,0.0
344122,0,1,3400,-85,85,-418,0.0,4.9,0.50,0.0,0.0,27,0.0,0.0,0.0,0.0,0.0,0.0,0.0,0.0
344371,0,1,3400,-85,85,-422,0.0,5.0,0.50,0.0,0.0,27,0.0,0.0,0.0,0.0,0.0,0.0,0.0,0.0
344620,0,1,3400,-85,85,-418,0.0,5.0,0.50,0.0,0.0,27,0.0,0.0,0.0,0.0,0.0,0.0,0.0,0.0
344869,0,1,3400,-85,85,-419,0.0,4.9,0.50,0.0,0.0,27,0.0,0.0,0.0,0.0,0.0,0.0,0.0,0.0
345118,0,1,3400,-85,85,-419,0.0,4.9,0.50,0.0,0.0,27,0.0,0.0,0.0,0.0,0.0,0.0,0.0,0.0
345367,0,1,3400,-85,85,-414,0.0,4.9,0.50,0.0,0.0,27,0.0,0.0,0.0,0.0,0.0,0.0,0.0,0.0
345616,0,1,3400,-85,85,-419,0.0,4.9,0.50,0.0,0.0,27,0.0,0.0,0.0,0.0,0.0,0.0,0.0,0.0
345865,0,1,3400,-85,85,-420,0.0,4.8,0.50,0.0,0.0,27,0.0,0.0,0.0,0.0,0.0,0.0,0.0,0.0
346114,0,1,3400,-85,85,-419,0.0,5.0,0.50,0.0,0.0,27,0.0,0.0,0.0,0.0,0.0,0.0,0.0,0.0
346363,0,1,3400,-85,85,-425,0.0,4.9,0.50,0.0,0.0,27,0.0,0.0,0.0,0.0,0.0,0.0,0.0,0.0
346612,0,1,3400,-85,85,-422,0.0,5.0,0.50,0.0,0.0,27,0.0,0.0,0.0,0.0,0.0,0.0,0.0,0.0
346861,0,1,3400,-85,85,-422,0.0,4.9,0.50,0.0,0.0,27,0.0,0.0,0.0,0.0,0.0,0.0,0.0,0.0
347110,0,1,3400,-85,85,-420,0.0,4.9,0.50,0.0,0.0,27,0.0,0.0,0.0,0.0,0.0,0.0,0.0,0.0
347359,0,1,3400,-85,85,-419,0.0,4.9,0.50,0.0,0.0,27,0.0,0.0,0.0,0.0,0.0,0.0,0.0,0.0
347608,0,1,3400,-85,85,-420,0.0,4.9,0.50,0.0,0.0,27,0.0,0.0,0.0,0.0,0.0,0.0,0.0,0.0
347857,0,1,3400,-85,85,-419,0.0,4.9,0.50,0.0,0.0,27,0.0,0.0,0.0,0.0,0.0,0.0,0.0,0.0
348106,0,1,3400,-85,85,-422,0.0,4.9,0.50,0.0,0.0,27,0.0,0.0,0.0,0.0,0.0,0.0,0.0,0.0
348355,0,1,3400,-85,85,-417,0.0,4.9,0.50,0.0,0.0,27,0.0,0.0,0.0,0.0,0.0,0.0,0.0,0.0
348604,0,1,3400,-85,85,-419,0.0,4.9,0.50,0.0,0.0,27,0.0,0.0,0.0,0.0,0.0,0.0,0.0,0.0
348853,0,1,3400,-85,85,-421,0.0,5.0,0.50,0.0,0.0,27,0.0,0.0,0.0,0.0,0.0,0.0,0.0,0.0
349102,0,1,3400,-85,85,-425,0.0,5.0,0.50,0.0,0.0,27,0.0,0.0,0.0,0.0,0.0,0.0,0.0,0.0
349351,0,1,3400,-85,85,-422,0.0,5.0,0.50,0.0,0.0,27,0.0,0.0,0.0,0.0,0.0,0.0,0.0,0.0
349600,0,1,3400,-85,85,-423,0.0,4.9,0.50,0.0,0.0,27,0.0,0.0,0.0,0.0,0.0,0.0,0.0,0.0
349849,0,1,3400,-85,85,-417,0.0,4.9,0.50,0.0,0.0,27,0.0,0.0,0.0,0.0,0.0,0.0,0.0,0.0
350098,0,1,3400,-85,85,-418,0.0,4.9,0.50,0.0,0.0,27,0.0,0.0,0.0,0.0,0.0,0.0,0.0,0.0
350347,0,1,3400,-85,85,-420,0.0,5.0,0.50,0.0,0.0,27,0.0,0.0,0.0,0.0,0.0,0.0,0.0,0.0
350596,0,1,3400,-85,85,-418,0.0,5.0,0.50,0.0,0.0,27,0.0,0.0,0.0,0.0,0.0,0.0,0.0,0.0
350845,0,1,3400,-85,85,-414,0.0,5.0,0.50,0.0,0.0,27,0.0,0.0,0.0,0.0,0.0,0.0,0.0,0.0
351094,0,1,3400,-85,85,-423,0.0,5.0,0.50,0.0,0.0,27,0.0,0.0,0.0,0.0,0.0,0.0,0.0,0.0
351343,0,1,3400,-85,85,-419,0.0,5.0,0.50,0.0,0.0,27,0.0,0.0,0.0,0.0,0.0,0.0,0.0,0.0
351592,0,1,3400,-85,85,-420,0.0,4.9,0.50,0.0,0.0,27,0.0,0.0,0.0,0.0,0.0,0.0,0.0,0.0
351841,0,1,3400,-85,85,-419,0.0,5.0,0.50,0.0,0.0,27,0.0,0.0,0.0,0.0,0.0,0.0,0.0,0.0
352090,0,1,3400,-85,85,-420,0.0,4.9,0.50,0.0,0.0,27,0.0,0.0,0.0,0.0,0.0,0.0,0.0,0.0
352339,0,1,3400,-85,85,-418,0.0,5.0,0.50,0.0,0.0,27,0.0,0.0,0.0,0.0,0.0,0.0,0.0,0.0
352588,0,1,3400,-85,85,-421,0.0,4.9,0.50,0.0,0.0,27,0.0,0.0,0.0,0.0,0.0,0.0,0.0,0.0
352837,0,1,3400,-85,85,-419,0.0,5.0,0.50,0.0,0.0,27,0.0,0.0,0.0,0.0,0.0,0.0,0.0,0.0
353086,0,1,3400,-85,85,-419,0.0,5.0,0.50,0.0,0.0,27,0.0,0.0,0.0,0.0,0.0,0.0,0.0,0.0
353335,0,1,3400,-85,85,-418,0.0,5.0,0.50,0.0,0.0,27,0.0,0.0,0.0,0.0,0.0,0.0,0.0,0.0
353584,0,1,3400,-85,85,-419,0.0,5.0,0.50,0.0,0.0,27,0.0,0.0,0.0,0.0,0.0,0.0,0.0,0.0
353833,0,1,3400,-85,85,-418,0.0,5.0,0.50,0.0,0.0,27,0.0,0.0,0.0,0.0,0.0,0.0,0.0,0.0
354082,0,1,3400,-85,85,-422,0.0,4.9,0.50,0.0,0.0,27,0.0,0.0,0.0,0.0,0.0,0.0,0.0,0.0
354331,0,1,3400,-85,85,-419,0.0,5.0,0.50,0.0,0.0,27,0.0,0.0,0.0,0.0,0.0,0.0,0.0,0.0
354580,0,1,3400,-85,85,-420,0.0,5.0,0.50,0.0,0.0,27,0.0,0.0,0.0,0.0,0.0,0.0,0.0,0.0
354829,0,1,3400,-85,85,-418,0.0,4.9,0.50,0.0,0.0,27,0.0,0.0,0.0,0.0,0.0,0.0,0.0,0.0
355078,0,1,3400,-85,85,-414,0.0,4.9,0.50,0.0,0.0,27,0.0,0.0,0.0,0.0,0.0,0.0,0.0,0.0
355327,0,1,3400,-85,85,-418,0.0,4.8,0.50,0.0,0.0,27,0.0,0.0,0.0,0.0,0.0,0.0,0.0,0.0
355576,0,1,3400,-85,85,-425,0.0,4.9,0.50,0.0,0.0,27,0.0,0.0,0.0,0.0,0.0,0.0,0.0,0.0
355825,0,1,3400,-85,85,-421,0.0,4.9,0.50,0.0,0.0,27,0.0,0.0,0.0,0.0,0.0,0.0,0.0,0.0
356074,0,1,3400,-85,85,-417,0.0,4.9,0.50,0.0,0.0,27,0.0,0.0,0.0,0.0,0.0,0.0,0.0,0.0
356323,0,1,3400,-85,85,-416,0.0,5.1,0.50,0.0,0.0,27,0.0,0.0,0.0,0.0,0.0,0.0,0.0,0.0
356572,0,1,3400,-85,85,-420,0.0,5.0,0.50,0.0,0.0,27,0.0,0.0,0.0,0.0,0.0,0.0,0.0,0.0
356821,0,1,3400,-85,85,-420,0.0,4.9,0.50,0.0,0.0,27,0.0,0.0,0.0,0.0,0.0,0.0,0.0,0.0
357070,0,1,3400,-85,85,-421,0.0,5.0,0.50,0.0,0.0,27,0.0,0.0,0.0,0.0,0.0,0.0,0.0,0.0
357319,0,1,3400,-85,85,-420,0.0,5.0,0.50,0.0,0.0,27,0.0,0.0,0.0,0.0,0.0,0.0,0.0,0.0
357568,0,1,3400,-85,85,-419,0.0,4.9,0.50,0.0,0.0,27,0.0,0.0,0.0,0.0,0.0,0.0,0.0,0.0
357817,0,1,3400,-85,85,-420,0.0,4.9,0.50,0.0,0.0,27,0.0,0.0,0.0,0.0,0.0,0.0,0.0,0.0
358066,0,1,3400,-85,85,-420,0.0,5.1,0.50,0.0,0.0,27,0.0,0.0,0.0,0.0,0.0,0.0,0.0,0.0
358315,0,1,3400,-85,85,-423,0.0,5.0,0.50,0.0,0.0,27,0.0,0.0,0.0,0.0,0.0,0.0,0.0,0.0
358564,0,1,3400,-85,85,-420,5.4,5.0,2.2,0.0,0.0,27,0.0,0.0,0.0,0.0,0.0,0.0,0.0,0.0
358813,0,1,3400,-85,85,-422,5.5,4.9,2.3,0.0,0.0,27,0.0,0.0,0.0,0.0,0.0,0.0,0.0,0.0
359062,0,1,3400,-85,85,-421,5.5,5.0,2.2,0.0,0.0,27,0.0,0.0,0.0,0.0,0.0,0.0,0.0,0.0
359311,0,1,3400,-85,85,-423,5.5,4.9,2.2,0.0,0.0,27,0.0,0.0,0.0,0.0,0.0,0.0,0.0,0.0
359560,0,1,3400,-85,85,-423,5.5,5.0,2.2,0.0,0.0,27,0.0,0.0,0.0,0.0,0.0,0.0,0.0,0.0
359809,0,1,3400,-85,85,-421,5.5,5.0,2.2,0.0,0.0,27,0.0,0.0,0.0,0.0,0.0,0.0,0.0,0.0
360058,0,1,3400,-85,85,-422,0.0,5.0,0.50,0.0,0.0,27,0.0,0.0,0.0,0.0,0.0,0.0,0.0,0.0
360307,0,1,3400,-85,85,-422,0.0,4.8,0.50,0.0,0.0,27,0.0,0.0,0.0,0.0,0.0,0.0,0.0,0.0
360556,0,1,3400,-85,85,-420,0.0,4.9,0.50,0.0,0.0,27,0.0,0.0,0.0,0.0,0.0,0.0,0.0,0.0
360805,0,1,3400,-85,85,-421,0.0,5.0,0.50,0.0,0.0,27,0.0,0.0,0.0,0.0,0.0,0.0,0.0,0.0
361054,0,1,3400,-85,85,-424,0.0,5.0,0.50,0.0,0.0,27,0.0,0.0,0.0,0.0,0.0,0.0,0.0,0.0
361303,0,1,3400,-85,85,-428,0.0,5.0,0.50,0.0,0.0,27,0.0,0.0,0.0,0.0,0.0,0.0,0.0,0.0
361552,0,1,3400,-85,85,-421,0.0,5.0,0.50,0.0,0.0,27,0.0,0.0,0.0,0.0,0.0,0.0,0.0,0.0
361801,0,1,3400,-85,85,-421,0.0,4.9,0.50,0.0,0.0,27,0.0,0.0,0.0,0.0,0.0,0.0,0.0,0.0
362050,0,1,3400,-85,85,-419,0.0,4.9,0.50,0.0,0.0,27,0.0,0.0,0.0,0.0,0.0,0.0,0.0,0.0
362299,0,1,3400,-85,85,-421,0.0,5.1,0.50,0.0,0.0,27,0.0,0.0,0.0,0.0,0.0,0.0,0.0,0.0
362548,0,1,3400,-85,85,-422,0.0,5.0,0.50,0.0,0.0,27,0.0,0.0,0.0,0.0,0.0,0.0,0.0,0.0
362797,0,1,3400,-85,85,-418,0.0,5.0,0.50,0.0,0.0,27,0.0,0.0,0.0,0.0,0.0,0.0,0.0,0.0
363046,0,1,3400,-85,85,-417,0.0,5.1,0.50,0.0,0.0,27,0.0,0.0,0.0,0.0,0.0,0.0,0.0,0.0
363295,0,1,3400,-85,85,-420,0.0,5.0,0.50,0.0,0.0,27,0.0,0.0,0.0,0.0,0.0,0.0,0.0,0.0
363544,0,1,3400,-85,85,-421,0.0,4.9,0.50,0.0,0.0,27,0.0,0.0,0.0,0.0,0.0,0.0,0.0,0.0
363793,0,1,3400,-85,85,-418,0.0,5.0,0.50,0.0,0.0,27,0.0,0.0,0.0,0.0,0.0,0.0,0.0,0.0
364042,0,1,3400,-85,85,-418,0.0,4.9,0.50,0.0,0.0,27,0.0,0.0,0.0,0.0,0.0,0.0,0.0,0.0
364291,0,1,3400,-85,85,-419,0.0,4.9,0.50,0.0,0.0,27,0.0,0.0,0.0,0.0,0.0,0.0,0.0,0.0
364540,0,1,3400,-85,85,-421,0.0,4.9,0.50,0.0,0.0,27,0.0,0.0,0.0,0.0,0.0,0.0,0.0,0.0
364789,0,1,3400,-85,85,-418,0.0,5.0,0.50,0.0,0.0,27,0.0,0.0,0.0,0.0,0.0,0.0,0.0,0.0
365038,0,1,3400,-85,85,-424,0.0,4.9,0.50,0.0,0.0,27,0.0,0.0,0.0,0.0,0.0,0.0,0.0,0.0
365287,0,1,3400,-85,85,-421,0.0,5.0,0.50,0.0,0.0,27,0.0,0.0,0.0,0.0,0.0,0.0,0.0,0.0
365536,0,1,3400,-85,85,-422,0.0,5.0,0.50,0.0,0.0,27,0.0,0.0,0.0,0.0,0.0,0.0,0.0,0.0
365785,0,1,3400,-85,85,-418,0.0,4.9,0.50,0.0,0.0,27,0.0,0.0,0.0,0.0,0.0,0.0,0.0,0.0
366034,0,1,3400,-85,85,-422,0.0,4.9,0.50,0.0,0.0,27,0.0,0.0,0.0,0.0,0.0,0.0,0.0,0.0
366283,0,1,3400,-85,85,-418,0.0,4.9,0.50,0.0,0.0,27,0.0,0.0,0.0,0.0,0.0,0.0,0.0,0.0
366532,0,1,3400,-85,85,-418,0.0,4.8,0.50,0.0,0.0,27,0.0,0.0,0.0,0.0,0.0,0.0,0.0,0.0
366781,0,1,3400,-85,85,-420,0.0,4.9,0.50,0.0,0.0,27,0.0,0.0,0.0,0.0,0.0,0.0,0.0,0.0
367030,0,1,3400,-85,85,-416,0.0,5.0,0.50,0.0,0.0,27,0.0,0.0,0.0,0.0,0.0,0.0,0.0,0.0
367279,0,1,3400,-85,85,-422,0.0,4.8,0.50,0.0,0.0,27,0.0,0.0,0.0,0.0,0.0,0.0,0.0,0.0
367528,0,1,3400,-85,85,-425,0.0,4.9,0.50,0.0,0.0,27,0.0,0.0,0.0,0.0,0.0,0.0,0.0,0.0
367777,0,1,3400,-85,85,-424,0.0,4.9,0.50,0.0,0.0,27,0.0,0.0,0.0,0.0,0.0,0.0,0.0,0.0
368026,0,1,3400,-85,85,-420,0.0,4.8,0.50,0.0,0.0,27,0.0,0.0,0.0,0.0,0.0,0.0,0.0,0.0
368275,0,1,3400,-85,85,-417,0.0,5.0,0.50,0.0,0.0,27,0.0,0.0,0.0,0.0,0.0,0.0,0.0,0.0
368524,0,1,3400,-85,85,-423,0.0,4.9,0.50,0.0,0.0,27,0.0,0.0,0.0,0.0,0.0,0.0,0.0,0.0
368773,0,1,3400,-85,85,-427,0.0,5.0,0.50,0.0,0.0,27,0.0,0.0,0.0,0.0,0.0,0.0,0.0,0.0
369022,0,1,3400,-85,85,-417,0.0,4.9,0.50,0.0,0.0,27,0.0,0.0,0.0,0.0,0.0,0.0,0.0,0.0
369271,0,1,3400,-85,85,-418,0.0,4.9,0.50,0.0,0.0,27,0.0,0.0,0.0,0.0,0.0,0.0,0.0,0.0
369520,0,1,3400,-84,84,-420,0.0,4.6,0.50,0.0,0.0,27,0.0,0.0,0.0,0.0,0.0,0.0,0.0,0.0
369769,0,1,3400,-85,85,-422,0.0,4.8,0.50,0.0,0.0,27,0.0,0.0,0.0,0.0,0.0,0.0,0.0,0.0
370018,0,1,3400,-85,85,-420,0.0,4.8,0.50,0.0,0.0,27,0.0,0.0,0.0,0.0,0.0,0.0,0.0,0.0
370267,0,1,3400,-85,85,-422,0.0,4.9,0.50,0.0,0.0,27,0.0,0.0,0.0,0.0,0.0,0.0,0.0,0.0
370516,0,1,3400,-85,85,-422,0.0,5.0,0.50,0.0,0.0,27,0.0,0.0,0.0,0.0,0.0,0.0,0.0,0.0
370765,0,1,3400,-85,85,-419,0.0,4.9,0.50,0.0,0.0,27,0.0,0.0,0.0,0.0,0.0,0.0,0.0,0.0
371014,0,1,3400,-85,85,-426,0.0,4.9,0.50,0.0,0.0,27,0.0,0.0,0.0,0.0,0.0,0.0,0.0,0.0
371263,0,1,3400,-85,85,-422,0.0,4.9,0.50,0.0,0.0,27,0.0,0.0,0.0,0.0,0.0,0.0,0.0,0.0
371512,0,1,3400,-85,85,-423,0.0,4.9,0.50,0.0,0.0,27,0.0,0.0,0.0,0.0,0.0,0.0,0.0,0.0
371761,0,1,3400,-85,85,-424,0.0,4.9,0.50,0.0,0.0,27,0.0,0.0,0.0,0.0,0.0,0.0,0.0,0.0
372010,0,1,3400,-85,85,-421,0.0,4.8,0.50,0.0,0.0,27,0.0,0.0,0.0,0.0,0.0,0.0,0.0,0.0
372259,0,1,3400,-85,85,-423,0.0,4.8,0.50,0.0,0.0,27,0.0,0.0,0.0,0.0,0.0,0.0,0.0,0.0
372508,0,1,3400,-85,85,-423,0.0,4.9,0.50,0.0,0.0,27,0.0,0.0,0.0,0.0,0.0,0.0,0.0,0.0
372757,0,1,3400,-85,85,-419,0.0,5.0,0.50,0.0,0.0,27,0.0,0.0,0.0,0.0,0.0,0.0,0.0,0.0
373006,0,1,3400,-85,85,-423,0.0,4.9,0.50,0.0,0.0,27,0.0,0.0,0.0,0.0,0.0,0.0,0.0,0.0
373255,0,1,3400,-85,85,-427,0.0,4.9,0.50,0.0,0.0,27,0.0,0.0,0.0,0.0,0.0,0.0,0.0,0.0
373504,0,1,3400,-85,85,-423,0.0,4.9,0.50,0.0,0.0,27,0.0,0.0,0.0,0.0,0.0,0.0,0.0,0.0
373753,0,1,3400,-85,85,-422,0.0,4.9,0.50,0.0,0.0,27,0.0,0.0,0.0,0.0,0.0,0.0,0.0,0.0
374002,0,1,3400,-85,85,-423,0.0,4.8,0.50,0.0,0.0,27,0.0,0.0,0.0,0.0,0.0,0.0,0.0,0.0
374251,0,1,3400,-85,85,-425,0.0,4.9,0.50,0.0,0.0,27,0.0,0.0,0.0,0.0,0.0,0.0,0.0,0.0
374500,0,1,3400,-85,85,-423,0.0,5.0,0.50,0.0,0.0,27,0.0,0.0,0.0,0.0,0.0,0.0,0.0,0.0
374749,0,1,3400,-85,85,-424,0.0,4.9,0.50,0.0,0.0,27,0.0,0.0,0.0,0.0,0.0,0.0,0.0,0.0
374998,0,1,3400,-85,85,-422,0.0,4.8,0.50,0.0,0.0,27,0.0,0.0,0.0,0.0,0.0,0.0,0.0,0.0
375247,0,1,3400,-85,85,-421,0.0,4.9,0.50,0.0,0.0,27,0.0,0.0,0.0,0.0,0.0,0.0,0.0,0.0
375496,0,1,3400,-85,85,-423,0.0,5.0,0.50,0.0,0.0,27,0.0,0.0,0.0,0.0,0.0,0.0,0.0,0.0
375745,0,1,3400,-85,85,-423,0.0,4.9,0.50,0.0,0.0,27,0.0,0.0,0.0,0.0,0.0,0.0,0.0,0.0
375994,0,1,3400,-85,85,-416,0.0,4.8,0.50,0.0,0.0,27,0.0,0.0,0.0,0.0,0.0,0.0,0.0,0.0
376243,0,1,3400,-85,85,-421,0.0,4.9,0.50,0.0,0.0,27,0.0,0.0,0.0,0.0,0.0,0.0,0.0,0.0
376492,0,1,3400,-85,85,-422,0.0,4.8,0.50,0.0,0.0,27,0.0,0.0,0.0,0.0,0.0,0.0,0.0,0.0
376741,0,1,3400,-85,85,-416,0.0,5.0,0.50,0.0,0.0,27,0.0,0.0,0.0,0.0,0.0,0.0,0.0,0.0
376990,0,1,3400,-85,85,-419,0.0,4.9,0.50,0.0,0.0,27,0.0,0.0,0.0,0.0,0.0,0.0,0.0,0.0
377239,0,1,3400,-85,85,-422,0.0,4.9,0.50,0.0,0.0,27,0.0,0.0,0.0,0.0,0.0,0.0,0.0,0.0
377488,0,1,3400,-85,85,-422,0.0,4.9,0.50,0.0,0.0,27,0.0,0.0,0.0,0.0,0.0,0.0,0.0,0.0
377737,0,1,3400,-85,85,-421,0.0,4.8,0.50,0.0,0.0,27,0.0,0.0,0.0,0.0,0.0,0.0,0.0,0.0
377986,0,1,3400,-85,85,-425,0.0,5.0,0.50,0.0,0.0,27,0.0,0.0,0.0,0.0,0.0,0.0,0.0,0.0
378235,0,1,3400,-85,85,-423,0.0,4.9,0.50,0.0,0.0,27,0.0,0.0,0.0,0.0,0.0,0.0,0.0,0.0
378484,0,1,3400,-85,85,-423,0.0,4.9,0.50,0.0,0.0,27,0.0,0.0,0.0,0.0,0.0,0.0,0.0,0.0
378733,0,1,3400,-85,85,-422,0.0,4.9,0.50,0.0,0.0,27,0.0,0.0,0.0,0.0,0.0,0.0,0.0,0.0
378982,0,1,3400,-85,85,-419,0.0,4.9,0.50,0.0,0.0,27,0.0,0.0,0.0,0.0,0.0,0.0,0.0,0.0
379231,0,1,3400,-85,85,-419,0.0,4.9,0.50,0.0,0.0,27,0.0,0.0,0.0,0.0,0.0,0.0,0.0,0.0
379480,0,1,3400,-85,85,-419,0.0,4.8,0.50,0.0,0.0,27,0.0,0.0,0.0,0.0,0.0,0.0,0.0,0.0
379729,0,1,3400,-85,85,-418,0.0,4.9,0.50,0.0,0.0,27,0.0,0.0,0.0,0.0,0.0,0.0,0.0,0.0
379978,0,1,3400,-85,85,-424,0.0,4.9,0.50,0.0,0.0,27,0.0,0.0,0.0,0.0,0.0,0.0,0.0,0.0
380227,0,1,3400,-85,85,-420,0.0,4.9,0.50,0.0,0.0,27,0.0,0.0,0.0,0.0,0.0,0.0,0.0,0.0
380476,0,1,3400,-85,85,-421,0.0,4.9,0.50,0.0,0.0,27,0.0,0.0,0.0,0.0,0.0,0.0,0.0,0.0
380725,0,1,3400,-85,85,-426,0.0,5.0,0.50,0.0,0.0,27,0.0,0.0,0.0,0.0,0.0,0.0,0.0,0.0
380974,0,1,3400,-85,85,-421,0.0,4.9,0.50,0.0,0.0,27,0.0,0.0,0.0,0.0,0.0,0.0,0.0,0.0
381223,0,1,3400,-85,85,-425,0.0,4.9,0.50,0.0,0.0,27,0.0,0.0,0.0,0.0,0.0,0.0,0.0,0.0
381472,0,1,3400,-85,85,-424,0.0,4.9,0.50,0.0,0.0,27,0.0,0.0,0.0,0.0,0.0,0.0,0.0,0.0
381721,0,1,3400,-85,85,-422,0.0,4.9,0.50,0.0,0.0,27,0.0,0.0,0.0,0.0,0.0,0.0,0.0,0.0
381970,0,1,3400,-85,85,-421,0.0,4.8,0.50,0.0,0.0,27,0.0,0.0,0.0,0.0,0.0,0.0,0.0,0.0
382219,0,1,3400,-85,85,-422,0.0,4.8,0.50,0.0,0.0,27,0.0,0.0,0.0,0.0,0.0,0.0,0.0,0.0
382468,0,1,3400,-85,85,-419,0.0,5.0,0.50,0.0,0.0,27,0.0,0.0,0.0,0.0,0.0,0.0,0.0,0.0
382717,0,1,3400,-85,85,-426,0.0,4.9,0.50,0.0,0.0,27,0.0,0.0,0.0,0.0,0.0,0.0,0.0,0.0
382966,0,1,3400,-85,85,-428,0.0,4.9,0.50,0.0,0.0,27,0.0,0.0,0.0,0.0,0.0,0.0,0.0,0.0
383215,0,1,3400,-85,85,-426,0.0,4.9,0.50,0.0,0.0,27,0.0,0.0,0.0,0.0,0.0,0.0,0.0,0.0
383464,0,1,3400,-85,85,-421,0.0,4.8,0.50,0.0,0.0,27,0.0,0.0,0.0,0.0,0.0,0.0,0.0,0.0
383713,0,1,3400,-85,85,-423,0.0,4.9,0.50,0.0,0.0,27,0.0,0.0,0.0,0.0,0.0,0.0,0.0,0.0
383962,0,1,3400,-85,85,-422,0.0,4.9,0.50,0.0,0.0,27,0.0,0.0,0.0,0.0,0.0,0.0,0.0,0.0
384211,0,1,3400,-85,85,-418,0.0,4.9,0.50,0.0,0.0,27,0.0,0.0,0.0,0.0,0.0,0.0,0.0,0.0
384460,0,1,3400,-85,85,-421,0.0,4.8,0.50,0.0,0.0,27,0.0,0.0,0.0,0.0,0.0,0.0,0.0,0.0
384709,0,1,3400,-85,85,-421,0.0,5.0,0.50,0.0,0.0,27,0.0,0.0,0.0,0.0,0.0,0.0,0.0,0.0
384958,0,1,3400,-85,85,-423,0.0,4.9,0.50,0.0,0.0,27,0.0,0.0,0.0,0.0,0.0,0.0,0.0,0.0
385207,0,1,3400,-85,85,-424,0.0,5.0,0.50,0.0,0.0,27,0.0,0.0,0.0,0.0,0.0,0.0,0.0,0.0
385456,0,1,3400,-85,85,-420,0.0,4.9,0.50,0.0,0.0,27,0.0,0.0,0.0,0.0,0.0,0.0,0.0,0.0
385705,0,1,3400,-85,85,-430,0.0,4.9,0.50,0.0,0.0,27,0.0,0.0,0.0,0.0,0.0,0.0,0.0,0.0
385954,0,1,3400,-85,85,-426,0.0,4.8,0.50,0.0,0.0,27,0.0,0.0,0.0,0.0,0.0,0.0,0.0,0.0
386203,0,1,3400,-85,85,-424,0.0,4.9,0.50,0.0,0.0,27,0.0,0.0,0.0,0.0,0.0,0.0,0.0,0.0
386452,0,1,3400,-85,85,-424,0.0,4.9,0.50,0.0,0.0,27,0.0,0.0,0.0,0.0,0.0,0.0,0.0,0.0
386701,0,1,3400,-85,85,-422,0.0,4.8,0.50,0.0,0.0,27,0.0,0.0,0.0,0.0,0.0,0.0,0.0,0.0
386950,0,1,3400,-85,85,-424,0.0,4.8,0.50,0.0,0.0,27,0.0,0.0,0.0,0.0,0.0,0.0,0.0,0.0
387199,0,1,3400,-85,85,-423,0.0,4.8,0.50,0.0,0.0,27,0.0,0.0,0.0,0.0,0.0,0.0,0.0,0.0
387448,0,1,3400,-85,85,-420,0.0,4.9,0.50,0.0,0.0,27,0.0,0.0,0.0,0.0,0.0,0.0,0.0,0.0
387697,0,1,3400,-85,85,-423,0.0,4.7,0.50,0.0,0.0,27,0.0,0.0,0.0,0.0,0.0,0.0,0.0,0.0
387946,0,1,3400,-85,85,-423,0.0,4.9,0.50,0.0,0.0,27,0.0,0.0,0.0,0.0,0.0,0.0,0.0,0.0
388195,0,1,3400,-85,85,-423,0.0,4.8,0.50,0.0,0.0,27,0.0,0.0,0.0,0.0,0.0,0.0,0.0,0.0
388444,0,1,3400,-85,85,-424,0.0,4.8,0.50,0.0,0.0,27,0.0,0.0,0.0,0.0,0.0,0.0,0.0,0.0
388693,0,1,3400,-85,85,-427,0.0,4.9,0.50,0.0,0.0,27,0.0,0.0,0.0,0.0,0.0,0.0,0.0,0.0
388942,0,1,3400,-85,85,-423,0.0,4.9,0.50,0.0,0.0,27,0.0,0.0,0.0,0.0,0.0,0.0,0.0,0.0
389191,0,1,3400,-85,85,-428,0.0,4.8,0.50,0.0,0.0,27,0.0,0.0,0.0,0.0,0.0,0.0,0.0,0.0
389440,0,1,3400,-85,85,-425,0.0,4.7,0.50,0.0,0.0,27,0.0,0.0,0.0,0.0,0.0,0.0,0.0,0.0
389689,0,1,3400,-85,85,-426,0.0,4.7,0.50,0.0,0.0,27,0.0,0.0,0.0,0.0,0.0,0.0,0.0,0.0
389938,0,1,3400,-85,85,-419,0.0,4.8,0.50,0.0,0.0,27,0.0,0.0,0.0,0.0,0.0,0.0,0.0,0.0
390187,0,1,3400,-85,85,-417,0.0,4.8,0.50,0.0,0.0,27,0.0,0.0,0.0,0.0,0.0,0.0,0.0,0.0
390436,0,1,3400,-85,85,-422,0.0,4.9,0.50,0.0,0.0,27,0.0,0.0,0.0,0.0,0.0,0.0,0.0,0.0
390685,0,1,3400,-85,85,-419,0.0,4.9,0.50,0.0,0.0,27,0.0,0.0,0.0,0.0,0.0,0.0,0.0,0.0
390934,0,1,3400,-85,85,-422,0.0,4.8,0.50,0.0,0.0,27,0.0,0.0,0.0,0.0,0.0,0.0,0.0,0.0
391183,0,1,3400,-85,85,-424,0.0,5.0,0.50,0.0,0.0,27,0.0,0.0,0.0,0.0,0.0,0.0,0.0,0.0
391432,0,1,3400,-85,85,-426,0.0,4.9,0.50,0.0,0.0,27,0.0,0.0,0.0,0.0,0.0,0.0,0.0,0.0
391681,0,1,3400,-85,85,-424,0.0,4.8,0.50,0.0,0.0,27,0.0,0.0,0.0,0.0,0.0,0.0,0.0,0.0
391930,0,1,3400,-85,85,-420,0.0,4.8,0.50,0.0,0.0,27,0.0,0.0,0.0,0.0,0.0,0.0,0.0,0.0
392179,0,1,3400,-85,85,-421,0.0,4.9,0.50,0.0,0.0,27,0.0,0.0,0.0,0.0,0.0,0.0,0.0,0.0
392428,0,1,3400,-85,85,-422,0.0,4.8,0.50,0.0,0.0,27,0.0,0.0,0.0,0.0,0.0,0.0,0.0,0.0
392677,0,1,3400,-85,85,-422,0.0,4.7,0.50,0.0,0.0,27,0.0,0.0,0.0,0.0,0.0,0.0,0.0,0.0
392926,0,1,3400,-85,85,-423,0.0,4.8,0.50,0.0,0.0,27,0.0,0.0,0.0,0.0,0.0,0.0,0.0,0.0
393175,0,1,3400,-85,85,-421,0.0,4.9,0.50,0.0,0.0,27,0.0,0.0,0.0,0.0,0.0,0.0,0.0,0.0
393424,0,1,3400,-85,85,-424,0.0,5.0,0.50,0.0,0.0,27,0.0,0.0,0.0,0.0,0.0,0.0,0.0,0.0
393673,0,1,3400,-85,85,-423,0.0,4.8,0.50,0.0,0.0,27,0.0,0.0,0.0,0.0,0.0,0.0,0.0,0.0
393922,0,1,3400,-85,85,-428,0.0,4.8,0.50,0.0,0.0,27,0.0,0.0,0.0,0.0,0.0,0.0,0.0,0.0
394171,0,1,3400,-85,85,-422,0.0,5.0,0.50,0.0,0.0,27,0.0,0.0,0.0,0.0,0.0,0.0,0.0,0.0
394420,0,1,3400,-85,85,-423,0.0,4.9,0.50,0.0,0.0,27,0.0,0.0,0.0,0.0,0.0,0.0,0.0,0.0
394669,0,1,3400,-85,85,-420,0.0,4.9,0.50,0.0,0.0,27,0.0,0.0,0.0,0.0,0.0,0.0,0.0,0.0
394918,0,1,3400,-85,85,-422,0.0,5.0,0.50,0.0,0.0,27,0.0,0.0,0.0,0.0,0.0,0.0,0.0,0.0
395167,0,1,3400,-85,85,-423,0.0,4.9,0.50,0.0,0.0,27,0.0,0.0,0.0,0.0,0.0,0.0,0.0,0.0
395416,0,1,3400,-85,85,-422,0.0,5.0,0.50,0.0,0.0,27,0.0,0.0,0.0,0.0,0.0,0.0,0.0,0.0
395665,0,1,3400,-85,85,-422,0.0,4.9,0.50,0.0,0.0,27,0.0,0.0,0.0,0.0,0.0,0.0,0.0,0.0
395914,0,1,3400,-85,85,-424,0.0,4.8,0.50,0.0,0.0,27,0.0,0.0,0.0,0.0,0.0,0.0,0.0,0.0
396163,0,1,3400,-85,85,-429,0.0,4.8,0.50,0.0,0.0,27,0.0,0.0,0.0,0.0,0.0,0.0,0.0,0.0
396412,0,1,3400,-85,85,-423,0.0,4.9,0.50,0.0,0.0,27,0.0,0.0,0.0,0.0,0.0,0.0,0.0,0.0
396661,0,1,3400,-85,85,-428,0.0,5.0,0.50,0.0,0.0,27,0.0,0.0,0.0,0.0,0.0,0.0,0.0,0.0
396910,0,1,3400,-85,85,-427,0.0,5.0,0.50,0.0,0.0,27,0.0,0.0,0.0,0.0,0.0,0.0,0.0,0.0
397159,0,1,3400,-85,85,-423,0.0,4.8,0.50,0.0,0.0,27,0.0,0.0,0.0,0.0,0.0,0.0,0.0,0.0
397408,0,1,3400,-85,85,-427,0.0,4.9,0.50,0.0,0.0,27,0.0,0.0,0.0,0.0,0.0,0.0,0.0,0.0
397657,0,1,3400,-85,85,-422,0.0,4.9,0.50,0.0,0.0,27,0.0,0.0,0.0,0.0,0.0,0.0,0.0,0.0
397906,0,1,3400,-85,85,-422,0.0,4.9,0.50,0.0,0.0,27,0.0,0.0,0.0,0.0,0.0,0.0,0.0,0.0
398155,0,1,3400,-85,85,-423,0.0,4.9,0.50,0.0,0.0,27,0.0,0.0,0.0,0.0,0.0,0.0,0.0,0.0
398404,0,1,3400,-85,85,-424,0.0,5.0,0.50,0.0,0.0,27,0.0,0.0,0.0,0.0,0.0,0.0,0.0,0.0
398653,0,1,3400,-85,85,-423,0.0,4.8,0.50,0.0,0.0,27,0.0,0.0,0.0,0.0,0.0,0.0,0.0,0.0
398902,0,1,3400,-85,85,-425,0.0,4.9,0.50,0.0,0.0,27,0.0,0.0,0.0,0.0,0.0,0.0,0.0,0.0
399151,0,1,3400,-85,85,-422,0.0,4.9,0.50,0.0,0.0,27,0.0,0.0,0.0,0.0,0.0,0.0,0.0,0.0
399400,0,1,3400,-85,85,-422,0.0,4.9,0.50,0.0,0.0,27,0.0,0.0,0.0,0.0,0.0,0.0,0.0,0.0
399649,0,1,3400,-85,85,-425,0.0,4.9,0.50,0.0,0.0,27,0.0,0.0,0.0,0.0,0.0,0.0,0.0,0.0
399898,0,1,3400,-85,85,-427,0.0,4.9,0.50,0.0,0.0,27,0.0,0.0,0.0,0.0,0.0,0.0,0.0,0.0
400147,0,1,3400,-85,85,-425,0.0,5.0,0.50,0.0,0.0,27,0.0,0.0,0.0,0.0,0.0,0.0,0.0,0.0
400396,0,1,3400,-85,85,-426,0.0,4.8,0.50,0.0,0.0,27,0.0,0.0,0.0,0.0,0.0,0.0,0.0,0.0
400645,0,1,3400,-85,85,-420,0.0,4.8,0.50,0.0,0.0,27,0.0,0.0,0.0,0.0,0.0,0.0,0.0,0.0
400894,0,1,3400,-85,85,-424,0.0,4.9,0.50,0.0,0.0,27,0.0,0.0,0.0,0.0,0.0,0.0,0.0,0.0
401143,0,1,3400,-85,85,-429,0.0,4.9,0.50,0.0,0.0,27,0.0,0.0,0.0,0.0,0.0,0.0,0.0,0.0
401392,0,1,3400,-85,85,-423,0.0,4.8,0.50,0.0,0.0,27,0.0,0.0,0.0,0.0,0.0,0.0,0.0,0.0
401641,0,1,3400,-85,85,-422,0.0,4.8,0.50,0.0,0.0,27,0.0,0.0,0.0,0.0,0.0,0.0,0.0,0.0
401890,0,1,3400,-85,85,-421,0.0,4.9,0.50,0.0,0.0,27,0.0,0.0,0.0,0.0,0.0,0.0,0.0,0.0
402139,0,1,3400,-85,85,-421,0.0,5.0,0.50,0.0,0.0,27,0.0,0.0,0.0,0.0,0.0,0.0,0.0,0.0
402388,0,1,3400,-85,85,-422,0.0,4.9,0.50,0.0,0.0,27,0.0,0.0,0.0,0.0,0.0,0.0,0.0,0.0
402637,0,1,3400,-85,85,-429,0.0,4.9,0.50,0.0,0.0,27,0.0,0.0,0.0,0.0,0.0,0.0,0.0,0.0
402886,0,1,3400,-85,85,-417,0.0,4.9,0.50,0.0,0.0,27,0.0,0.0,0.0,0.0,0.0,0.0,0.0,0.0
403135,0,1,3400,-85,85,-426,0.0,4.8,0.50,0.0,0.0,27,0.0,0.0,0.0,0.0,0.0,0.0,0.0,0.0
403384,0,1,3400,-85,85,-422,0.0,4.8,0.50,0.0,0.0,27,0.0,0.0,0.0,0.0,0.0,0.0,0.0,0.0
403633,0,1,3400,-85,85,-423,0.0,4.9,0.50,0.0,0.0,27,0.0,0.0,0.0,0.0,0.0,0.0,0.0,0.0
403882,0,1,3400,-85,85,-426,0.0,5.0,0.50,0.0,0.0,27,0.0,0.0,0.0,0.0,0.0,0.0,0.0,0.0
404131,0,1,3400,-85,85,-418,0.0,4.9,0.50,0.0,0.0,27,0.0,0.0,0.0,0.0,0.0,0.0,0.0,0.0
404380,0,1,3400,-85,85,-425,0.0,5.0,0.50,0.0,0.0,27,0.0,0.0,0.0,0.0,0.0,0.0,0.0,0.0
404629,0,1,3400,-85,85,-426,0.0,5.1,0.50,0.0,0.0,27,0.0,0.0,0.0,0.0,0.0,0.0,0.0,0.0
404878,0,1,3400,-85,85,-421,0.0,5.0,0.50,0.0,0.0,27,0.0,0.0,0.0,0.0,0.0,0.0,0.0,0.0
405127,0,1,3400,-85,85,-425,0.0,4.9,0.50,0.0,0.0,27,0.0,0.0,0.0,0.0,0.0,0.0,0.0,0.0
405376,0,1,3400,-85,85,-426,0.0,4.9,0.50,0.0,0.0,27,0.0,0.0,0.0,0.0,0.0,0.0,0.0,0.0
405625,0,1,3400,-85,85,-427,0.0,4.9,0.50,0.0,0.0,27,0.0,0.0,0.0,0.0,0.0,0.0,0.0,0.0
405874,0,1,3400,-85,85,-425,0.0,4.9,0.50,0.0,0.0,27,0.0,0.0,0.0,0.0,0.0,0.0,0.0,0.0
406123,0,1,3400,-85,85,-423,0.0,4.9,0.50,0.0,0.0,27,0.0,0.0,0.0,0.0,0.0,0.0,0.0,0.0
406372,0,1,3400,-85,85,-426,0.0,5.0,0.50,0.0,0.0,27,0.0,0.0,0.0,0.0,0.0,0.0,0.0,0.0
406621,0,1,3400,-85,85,-424,0.0,4.9,0.50,0.0,0.0,27,0.0,0.0,0.0,0.0,0.0,0.0,0.0,0.0
406870,0,1,3400,-85,85,-428,0.0,4.9,0.50,0.0,0.0,27,0.0,0.0,0.0,0.0,0.0,0.0,0.0,0.0
407119,0,1,3400,-85,85,-427,0.0,5.0,0.50,0.0,0.0,27,0.0,0.0,0.0,0.0,0.0,0.0,0.0,0.0
407368,0,1,3400,-85,85,-426,0.0,4.9,0.50,0.0,0.0,27,0.0,0.0,0.0,0.0,0.0,0.0,0.0,0.0
407617,0,1,3400,-85,85,-430,0.0,4.9,0.50,0.0,0.0,27,0.0,0.0,0.0,0.0,0.0,0.0,0.0,0.0
407866,0,1,3400,-85,85,-428,0.0,4.9,0.50,0.0,0.0,27,0.0,0.0,0.0,0.0,0.0,0.0,0.0,0.0
408115,0,1,3400,-85,85,-426,0.0,5.0,0.50,0.0,0.0,27,0.0,0.0,0.0,0.0,0.0,0.0,0.0,0.0
408364,0,1,3400,-85,85,-432,0.0,4.9,0.50,0.0,0.0,27,0.0,0.0,0.0,0.0,0.0,0.0,0.0,0.0
408613,0,1,3400,-85,85,-429,0.0,4.9,0.50,0.0,0.0,27,0.0,0.0,0.0,0.0,0.0,0.0,0.0,0.0
408862,0,1,3400,-85,85,-428,0.0,4.9,0.50,0.0,0.0,27,0.0,0.0,0.0,0.0,0.0,0.0,0.0,0.0
409111,0,1,3400,-85,85,-425,0.0,4.9,0.50,0.0,0.0,27,0.0,0.0,0.0,0.0,0.0,0.0,0.0,0.0
409360,0,1,3400,-85,85,-427,0.0,4.8,0.50,0.0,0.0,27,0.0,0.0,0.0,0.0,0.0,0.0,0.0,0.0
409609,0,1,3400,-85,85,-425,0.0,4.9,0.50,0.0,0.0,27,0.0,0.0,0.0,0.0,0.0,0.0,0.0,0.0
409858,0,1,3400,-85,85,-424,0.0,4.9,0.50,0.0,0.0,27,0.0,0.0,0.0,0.0,0.0,0.0,0.0,0.0
410107,0,1,3400,-85,85,-426,0.0,4.9,0.50,0.0,0.0,27,0.0,0.0,0.0,0.0,0.0,0.0,0.0,0.0
410356,0,1,3400,-85,85,-423,0.0,5.0,0.50,0.0,0.0,27,0.0,0.0,0.0,0.0,0.0,0.0,0.0,0.0
410605,0,1,3400,-85,85,-425,0.0,4.9,0.50,0.0,0.0,27,0.0,0.0,0.0,0.0,0.0,0.0,0.0,0.0
410854,0,1,3400,-85,85,-423,0.0,4.9,0.50,0.0,0.0,27,0.0,0.0,0.0,0.0,0.0,0.0,0.0,0.0
411103,0,1,3400,-85,85,-427,0.0,4.8,0.50,0.0,0.0,27,0.0,0.0,0.0,0.0,0.0,0.0,0.0,0.0
411352,0,1,3400,-85,85,-423,0.0,4.9,0.50,0.0,0.0,27,0.0,0.0,0.0,0.0,0.0,0.0,0.0,0.0
411601,0,1,3400,-85,85,-430,0.0,4.9,0.50,0.0,0.0,27,0.0,0.0,0.0,0.0,0.0,0.0,0.0,0.0
411850,0,1,3400,-85,85,-426,0.0,5.1,0.50,0.0,0.0,27,0.0,0.0,0.0,0.0,0.0,0.0,0.0,0.0
412099,0,1,3400,-85,85,-424,0.0,4.9,0.50,0.0,0.0,27,0.0,0.0,0.0,0.0,0.0,0.0,0.0,0.0
412348,0,1,3400,-85,85,-428,0.0,4.9,0.50,0.0,0.0,27,0.0,0.0,0.0,0.0,0.0,0.0,0.0,0.0
412597,0,1,3400,-85,85,-428,0.0,4.9,0.50,0.0,0.0,27,0.0,0.0,0.0,0.0,0.0,0.0,0.0,0.0
412846,0,1,3400,-85,85,-426,0.0,4.9,0.50,0.0,0.0,27,0.0,0.0,0.0,0.0,0.0,0.0,0.0,0.0
413095,0,1,3400,-85,85,-426,0.0,4.9,0.50,0.0,0.0,27,0.0,0.0,0.0,0.0,0.0,0.0,0.0,0.0
413344,0,1,3400,-85,85,-429,0.0,4.9,0.50,0.0,0.0,27,0.0,0.0,0.0,0.0,0.0,0.0,0.0,0.0
413593,0,1,3400,-85,85,-420,0.0,5.0,0.50,0.0,0.0,27,0.0,0.0,0.0,0.0,0.0,0.0,0.0,0.0
413842,0,1,3400,-85,85,-430,0.0,5.0,0.50,0.0,0.0,27,0.0,0.0,0.0,0.0,0.0,0.0,0.0,0.0
414091,0,1,3400,-85,85,-423,0.0,4.9,0.50,0.0,0.0,27,0.0,0.0,0.0,0.0,0.0,0.0,0.0,0.0
414340,0,1,3400,-85,85,-426,0.0,4.9,0.50,0.0,0.0,27,0.0,0.0,0.0,0.0,0.0,0.0,0.0,0.0
414589,0,1,3400,-85,85,-435,0.0,4.9,0.50,0.0,0.0,27,0.0,0.0,0.0,0.0,0.0,0.0,0.0,0.0
414838,0,1,3400,-85,85,-428,0.0,4.9,0.50,0.0,0.0,27,0.0,0.0,0.0,0.0,0.0,0.0,0.0,0.0
415087,0,1,3400,-85,85,-426,0.0,4.9,0.50,0.0,0.0,27,0.0,0.0,0.0,0.0,0.0,0.0,0.0,0.0
415336,0,1,3400,-85,85,-427,0.0,5.0,0.50,0.0,0.0,27,0.0,0.0,0.0,0.0,0.0,0.0,0.0,0.0
415585,0,1,3400,-85,85,-425,0.0,4.8,0.50,0.0,0.0,27,0.0,0.0,0.0,0.0,0.0,0.0,0.0,0.0
415834,0,1,3400,-85,85,-425,0.0,4.9,0.50,0.0,0.0,27,0.0,0.0,0.0,0.0,0.0,0.0,0.0,0.0
416083,0,1,3400,-85,85,-428,0.0,4.9,0.50,0.0,0.0,27,0.0,0.0,0.0,0.0,0.0,0.0,0.0,0.0
416332,0,1,3400,-85,85,-431,0.0,4.9,0.50,0.0,0.0,27,0.0,0.0,0.0,0.0,0.0,0.0,0.0,0.0
416581,0,1,3400,-85,85,-425,0.0,5.1,0.50,0.0,0.0,27,0.0,0.0,0.0,0.0,0.0,0.0,0.0,0.0
416830,0,1,3400,-85,85,-423,0.0,5.0,0.50,0.0,0.0,27,0.0,0.0,0.0,0.0,0.0,0.0,0.0,0.0
417079,0,1,3400,-85,85,-425,0.0,5.0,0.50,0.0,0.0,27,0.0,0.0,0.0,0.0,0.0,0.0,0.0,0.0
417328,0,1,3400,-85,85,-429,0.0,5.0,0.50,0.0,0.0,27,0.0,0.0,0.0,0.0,0.0,0.0,0.0,0.0
417577,0,1,3400,-85,85,-425,0.0,4.9,0.50,0.0,0.0,27,0.0,0.0,0.0,0.0,0.0,0.0,0.0,0.0
417826,0,1,3400,-85,85,-426,0.0,5.0,0.50,0.0,0.0,27,0.0,0.0,0.0,0.0,0.0,0.0,0.0,0.0
418075,0,1,3400,-85,85,-425,0.0,4.8,0.50,0.0,0.0,27,0.0,0.0,0.0,0.0,0.0,0.0,0.0,0.0
418324,0,1,3400,-85,85,-428,0.0,5.0,0.50,0.0,0.0,27,0.0,0.0,0.0,0.0,0.0,0.0,0.0,0.0
418573,0,1,3400,-85,85,-427,0.0,4.9,0.50,0.0,0.0,27,0.0,0.0,0.0,0.0,0.0,0.0,0.0,0.0
418822,0,1,3400,-85,85,-429,0.0,5.0,0.50,0.0,0.0,27,0.0,0.0,0.0,0.0,0.0,0.0,0.0,0.0
419071,0,1,3400,-85,85,-429,0.0,5.0,0.50,0.0,0.0,27,0.0,0.0,0.0,0.0,0.0,0.0,0.0,0.0
419320,0,1,3400,-85,85,-428,0.0,5.0,0.50,0.0,0.0,27,0.0,0.0,0.0,0.0,0.0,0.0,0.0,0.0
419569,0,1,3400,-85,85,-425,0.0,5.0,0.50,0.0,0.0,27,0.0,0.0,0.0,0.0,0.0,0.0,0.0,0.0
419818,0,1,3400,-85,85,-429,0.0,4.9,0.50,0.0,0.0,27,0.0,0.0,0.0,0.0,0.0,0.0,0.0,0.0
420067,0,1,3400,-85,85,-423,0.0,4.9,0.50,0.0,0.0,27,0.0,0.0,0.0,0.0,0.0,0.0,0.0,0.0
420316,0,1,3400,-85,85,-424,0.0,5.0,0.50,0.0,0.0,27,0.0,0.0,0.0,0.0,0.0,0.0,0.0,0.0
420565,0,1,3400,-85,85,-427,0.0,5.0,0.50,0.0,0.0,27,0.0,0.0,0.0,0.0,0.0,0.0,0.0,0.0
420814,0,1,3400,-85,85,-428,0.0,5.0,0.50,0.0,0.0,27,0.0,0.0,0.0,0.0,0.0,0.0,0.0,0.0
421063,0,1,3400,-85,85,-431,0.0,4.9,0.50,0.0,0.0,27,0.0,0.0,0.0,0.0,0.0,0.0,0.0,0.0
421312,0,1,3400,-85,85,-424,0.0,5.0,0.50,0.0,0.0,27,0.0,0.0,0.0,0.0,0.0,0.0,0.0,0.0
421561,0,1,3400,-85,85,-424,0.0,5.0,0.50,0.0,0.0,27,0.0,0.0,0.0,0.0,0.0,0.0,0.0,0.0
421810,0,1,3400,-85,85,-424,0.0,5.1,0.50,0.0,0.0,27,0.0,0.0,0.0,0.0,0.0,0.0,0.0,0.0
422059,0,1,3400,-85,85,-425,0.0,5.0,0.50,0.0,0.0,27,0.0,0.0,0.0,0.0,0.0,0.0,0.0,0.0
422308,0,1,3400,-85,85,-425,0.0,5.1,0.50,0.0,0.0,27,0.0,0.0,0.0,0.0,0.0,0.0,0.0,0.0
422557,0,1,3400,-85,85,-427,0.0,5.0,0.50,0.0,0.0,27,0.0,0.0,0.0,0.0,0.0,0.0,0.0,0.0
422806,0,1,3400,-85,85,-423,0.0,5.0,0.50,0.0,0.0,27,0.0,0.0,0.0,0.0,0.0,0.0,0.0,0.0
423055,0,1,3400,-85,85,-424,0.0,5.0,0.50,0.0,0.0,27,0.0,0.0,0.0,0.0,0.0,0.0,0.0,0.0
423304,0,1,3400,-85,85,-424,0.0,5.0,0.50,0.0,0.0,27,0.0,0.0,0.0,0.0,0.0,0.0,0.0,0.0
423553,0,1,3400,-85,85,-428,0.0,5.0,0.50,0.0,0.0,27,0.0,0.0,0.0,0.0,0.0,0.0,0.0,0.0
423802,0,1,3400,-85,85,-423,0.0,4.9,0.50,0.0,0.0,27,0.0,0.0,0.0,0.0,0.0,0.0,0.0,0.0
424051,0,1,3400,-85,85,-429,0.0,5.0,0.50,0.0,0.0,27,0.0,0.0,0.0,0.0,0.0,0.0,0.0,0.0
424300,0,1,3400,-85,85,-428,0.0,4.9,0.50,0.0,0.0,27,0.0,0.0,0.0,0.0,0.0,0.0,0.0,0.0
424549,0,1,3400,-85,85,-426,0.0,5.0,0.50,0.0,0.0,27,0.0,0.0,0.0,0.0,0.0,0.0,0.0,0.0
424798,0,1,3400,-85,85,-425,0.0,5.0,0.50,0.0,0.0,27,0.0,0.0,0.0,0.0,0.0,0.0,0.0,0.0
425047,0,1,3400,-85,85,-426,0.0,4.9,0.50,0.0,0.0,27,0.0,0.0,0.0,0.0,0.0,0.0,0.0,0.0
425296,0,1,3400,-85,85,-421,0.0,5.0,0.50,0.0,0.0,27,0.0,0.0,0.0,0.0,0.0,0.0,0.0,0.0
425545,0,1,3400,-85,85,-425,0.0,5.1,0.50,0.0,0.0,27,0.0,0.0,0.0,0.0,0.0,0.0,0.0,0.0
425794,0,1,3400,-85,85,-429,0.0,5.0,0.50,0.0,0.0,27,0.0,0.0,0.0,0.0,0.0,0.0,0.0,0.0
426043,0,1,3400,-85,85,-427,0.0,5.0,0.50,0.0,0.0,27,0.0,0.0,0.0,0.0,0.0,0.0,0.0,0.0
426292,0,1,3400,-85,85,-431,0.0,4.9,0.50,0.0,0.0,27,0.0,0.0,0.0,0.0,0.0,0.0,0.0,0.0
426541,0,1,3400,-85,85,-428,0.0,5.0,0.50,0.0,0.0,27,0.0,0.0,0.0,0.0,0.0,0.0,0.0,0.0
426790,0,1,3400,-85,85,-427,0.0,5.0,0.50,0.0,0.0,27,0.0,0.0,0.0,0.0,0.0,0.0,0.0,0.0
427039,0,1,3400,-85,85,-429,0.0,5.1,0.50,0.0,0.0,27,0.0,0.0,0.0,0.0,0.0,0.0,0.0,0.0
427288,0,1,3400,-85,85,-424,0.0,5.0,0.50,0.0,0.0,27,0.0,0.0,0.0,0.0,0.0,0.0,0.0,0.0
427537,0,1,3400,-85,85,-434,0.0,4.9,0.50,0.0,0.0,27,0.0,0.0,0.0,0.0,0.0,0.0,0.0,0.0
427786,0,1,3400,-85,85,-430,0.0,4.9,0.50,0.0,0.0,27,0.0,0.0,0.0,0.0,0.0,0.0,0.0,0.0
428035,0,1,3400,-85,85,-426,0.0,4.9,0.50,0.0,0.0,27,0.0,0.0,0.0,0.0,0.0,0.0,0.0,0.0
428284,0,1,3400,-85,85,-428,0.0,5.0,0.50,0.0,0.0,27,0.0,0.0,0.0,0.0,0.0,0.0,0.0,0.0
428533,0,1,3400,-85,85,-429,0.0,4.9,0.50,0.0,0.0,27,0.0,0.0,0.0,0.0,0.0,0.0,0.0,0.0
428782,0,1,3400,-85,85,-432,0.0,4.9,0.50,0.0,0.0,27,0.0,0.0,0.0,0.0,0.0,0.0,0.0,0.0
429031,0,1,3400,-85,85,-431,0.0,5.0,0.50,0.0,0.0,27,0.0,0.0,0.0,0.0,0.0,0.0,0.0,0.0
429280,0,1,3400,-85,85,-424,0.0,4.9,0.50,0.0,0.0,27,0.0,0.0,0.0,0.0,0.0,0.0,0.0,0.0
429529,0,1,3400,-85,85,-426,0.0,4.9,0.50,0.0,0.0,27,0.0,0.0,0.0,0.0,0.0,0.0,0.0,0.0
429778,0,1,3400,-85,85,-423,0.0,4.9,0.50,0.0,0.0,27,0.0,0.0,0.0,0.0,0.0,0.0,0.0,0.0
430027,0,1,3400,-85,85,-426,0.0,5.0,0.50,0.0,0.0,27,0.0,0.0,0.0,0.0,0.0,0.0,0.0,0.0
430276,0,1,3400,-85,85,-433,0.0,5.0,0.50,0.0,0.0,27,0.0,0.0,0.0,0.0,0.0,0.0,0.0,0.0
430525,0,1,3400,-85,85,-430,0.0,5.0,0.50,0.0,0.0,27,0.0,0.0,0.0,0.0,0.0,0.0,0.0,0.0
430774,0,1,3400,-85,85,-420,0.0,5.0,0.50,0.0,0.0,27,0.0,0.0,0.0,0.0,0.0,0.0,0.0,0.0
431023,0,1,3400,-85,85,-422,0.0,5.0,0.50,0.0,0.0,27,0.0,0.0,0.0,0.0,0.0,0.0,0.0,0.0
431272,0,1,3400,-85,85,-422,0.0,5.0,0.50,0.0,0.0,27,0.0,0.0,0.0,0.0,0.0,0.0,0.0,0.0
431521,0,1,3400,-85,85,-424,0.0,5.0,0.50,0.0,0.0,27,0.0,0.0,0.0,0.0,0.0,0.0,0.0,0.0
431770,0,1,3400,-85,85,-426,0.0,5.0,0.50,0.0,0.0,27,0.0,0.0,0.0,0.0,0.0,0.0,0.0,0.0
432019,0,1,3400,-85,85,-428,0.0,5.0,0.50,0.0,0.0,27,0.0,0.0,0.0,0.0,0.0,0.0,0.0,0.0
432268,0,1,3400,-85,85,-426,0.0,4.9,0.50,0.0,0.0,27,0.0,0.0,0.0,0.0,0.0,0.0,0.0,0.0
432517,0,1,3400,-85,85,-431,0.0,5.0,0.50,0.0,0.0,27,0.0,0.0,0.0,0.0,0.0,0.0,0.0,0.0
432766,0,1,3400,-85,85,-425,0.0,4.9,0.50,0.0,0.0,27,0.0,0.0,0.0,0.0,0.0,0.0,0.0,0.0
433015,0,1,3400,-85,85,-423,0.0,5.1,0.50,0.0,0.0,27,0.0,0.0,0.0,0.0,0.0,0.0,0.0,0.0
433264,0,1,3400,-85,85,-432,0.0,5.0,0.50,0.0,0.0,27,0.0,0.0,0.0,0.0,0.0,0.0,0.0,0.0
433513,0,1,3400,-85,85,-428,0.0,5.0,0.50,0.0,0.0,27,0.0,0.0,0.0,0.0,0.0,0.0,0.0,0.0
433762,0,1,3400,-85,85,-428,0.0,5.0,0.50,0.0,0.0,27,0.0,0.0,0.0,0.0,0.0,0.0,0.0,0.0
434011,0,1,3400,-85,85,-428,0.0,4.9,0.50,0.0,0.0,27,0.0,0.0,0.0,0.0,0.0,0.0,0.0,0.0
434260,0,1,3400,-85,85,-426,0.0,5.0,0.50,0.0,0.0,27,0.0,0.0,0.0,0.0,0.0,0.0,0.0,0.0
434509,0,1,3400,-85,85,-427,0.0,4.9,0.50,0.0,0.0,27,0.0,0.0,0.0,0.0,0.0,0.0,0.0,0.0
434758,0,1,3400,-85,85,-432,0.0,4.8,0.50,0.0,0.0,27,0.0,0.0,0.0,0.0,0.0,0.0,0.0,0.0
435007,0,1,3400,-85,85,-432,0.0,4.9,0.50,0.0,0.0,27,0.0,0.0,0.0,0.0,0.0,0.0,0.0,0.0
435256,0,1,3400,-85,85,-434,0.0,4.8,0.50,0.0,0.0,27,0.0,0.0,0.0,0.0,0.0,0.0,0.0,0.0
435505,0,1,3400,-85,85,-428,0.0,4.8,0.50,0.0,0.0,27,0.0,0.0,0.0,0.0,0.0,0.0,0.0,0.0
435754,0,1,3400,-85,85,-426,0.0,5.0,0.50,0.0,0.0,27,0.0,0.0,0.0,0.0,0.0,0.0,0.0,0.0
436003,0,1,3400,-85,85,-428,0.0,4.9,0.50,0.0,0.0,27,0.0,0.0,0.0,0.0,0.0,0.0,0.0,0.0
436252,0,1,3400,-85,85,-428,0.0,5.0,0.50,0.0,0.0,27,0.0,0.0,0.0,0.0,0.0,0.0,0.0,0.0
436501,0,1,3400,-85,85,-431,0.0,5.0,0.50,0.0,0.0,27,0.0,0.0,0.0,0.0,0.0,0.0,0.0,0.0
436750,0,1,3400,-85,85,-428,0.0,5.0,0.50,0.0,0.0,27,0.0,0.0,0.0,0.0,0.0,0.0,0.0,0.0
436999,0,1,3400,-85,85,-426,0.0,4.9,0.50,0.0,0.0,27,0.0,0.0,0.0,0.0,0.0,0.0,0.0,0.0
437248,0,1,3400,-85,85,-428,0.0,4.9,0.50,0.0,0.0,27,0.0,0.0,0.0,0.0,0.0,0.0,0.0,0.0
437497,0,1,3400,-85,85,-426,0.0,4.9,0.50,0.0,0.0,27,0.0,0.0,0.0,0.0,0.0,0.0,0.0,0.0
437746,0,1,3400,-85,85,-429,0.0,4.9,0.50,0.0,0.0,27,0.0,0.0,0.0,0.0,0.0,0.0,0.0,0.0
437995,0,1,3400,-85,85,-428,0.0,5.0,0.50,0.0,0.0,27,0.0,0.0,0.0,0.0,0.0,0.0,0.0,0.0
438244,0,1,3400,-85,85,-427,0.0,4.9,0.50,0.0,0.0,27,0.0,0.0,0.0,0.0,0.0,0.0,0.0,0.0
438493,0,1,3400,-85,85,-425,0.0,4.9,0.50,0.0,0.0,27,0.0,0.0,0.0,0.0,0.0,0.0,0.0,0.0
438742,0,1,3400,-85,85,-428,0.0,5.0,0.50,0.0,0.0,27,0.0,0.0,0.0,0.0,0.0,0.0,0.0,0.0
438991,0,1,3400,-85,85,-430,0.0,5.0,0.50,0.0,0.0,27,0.0,0.0,0.0,0.0,0.0,0.0,0.0,0.0
439240,0,1,3400,-85,85,-429,0.0,4.9,0.50,0.0,0.0,27,0.0,0.0,0.0,0.0,0.0,0.0,0.0,0.0
439489,0,1,3400,-85,85,-432,0.0,4.9,0.50,0.0,0.0,27,0.0,0.0,0.0,0.0,0.0,0.0,0.0,0.0
439738,0,1,3400,-85,85,-435,0.0,4.9,0.50,0.0,0.0,27,0.0,0.0,0.0,0.0,0.0,0.0,0.0,0.0
439987,0,1,3400,-85,85,-430,0.0,4.9,0.50,0.0,0.0,27,0.0,0.0,0.0,0.0,0.0,0.0,0.0,0.0
440236,0,1,3400,-85,85,-430,0.0,4.9,0.50,0.0,0.0,27,0.0,0.0,0.0,0.0,0.0,0.0,0.0,0.0
440485,0,1,3400,-85,85,-429,0.0,4.9,0.50,0.0,0.0,27,0.0,0.0,0.0,0.0,0.0,0.0,0.0,0.0
440734,0,1,3400,-85,85,-430,0.0,4.9,0.50,0.0,0.0,27,0.0,0.0,0.0,0.0,0.0,0.0,0.0,0.0
440983,0,1,3400,-85,85,-428,0.0,4.9,0.50,0.0,0.0,27,0.0,0.0,0.0,0.0,0.0,0.0,0.0,0.0
441232,0,1,3400,-85,85,-427,0.0,4.9,0.50,0.0,0.0,27,0.0,0.0,0.0,0.0,0.0,0.0,0.0,0.0
441481,0,1,3400,-85,85,-428,0.0,4.9,0.50,0.0,0.0,27,0.0,0.0,0.0,0.0,0.0,0.0,0.0,0.0
441730,0,1,3400,-85,85,-431,0.0,4.9,0.50,0.0,0.0,27,0.0,0.0,0.0,0.0,0.0,0.0,0.0,0.0
441979,0,1,3400,-85,85,-424,0.0,5.0,0.50,0.0,0.0,27,0.0,0.0,0.0,0.0,0.0,0.0,0.0,0.0
442228,0,1,3400,-85,85,-428,0.0,4.9,0.50,0.0,0.0,27,0.0,0.0,0.0,0.0,0.0,0.0,0.0,0.0
442477,0,1,3400,-85,85,-429,0.0,5.0,0.50,0.0,0.0,27,0.0,0.0,0.0,0.0,0.0,0.0,0.0,0.0
442726,0,1,3400,-85,85,-431,0.0,5.0,0.50,0.0,0.0,27,0.0,0.0,0.0,0.0,0.0,0.0,0.0,0.0
442975,0,1,3400,-85,85,-428,0.0,5.0,0.50,0.0,0.0,27,0.0,0.0,0.0,0.0,0.0,0.0,0.0,0.0
443224,0,1,3400,-85,85,-426,0.0,5.0,0.50,0.0,0.0,27,0.0,0.0,0.0,0.0,0.0,0.0,0.0,0.0
443473,0,1,3400,-85,85,-425,0.0,4.9,0.50,0.0,0.0,27,0.0,0.0,0.0,0.0,0.0,0.0,0.0,0.0
443722,0,1,3400,-85,85,-424,0.0,5.0,0.50,0.0,0.0,27,0.0,0.0,0.0,0.0,0.0,0.0,0.0,0.0
443971,0,1,3400,-85,85,-430,0.0,5.0,0.50,0.0,0.0,27,0.0,0.0,0.0,0.0,0.0,0.0,0.0,0.0
444220,0,1,3400,-85,85,-429,0.0,5.0,0.50,0.0,0.0,27,0.0,0.0,0.0,0.0,0.0,0.0,0.0,0.0
444469,0,1,3400,-85,85,-428,0.0,4.9,0.50,0.0,0.0,27,0.0,0.0,0.0,0.0,0.0,0.0,0.0,0.0
444718,0,1,3400,-85,85,-424,0.0,4.9,0.50,0.0,0.0,27,0.0,0.0,0.0,0.0,0.0,0.0,0.0,0.0
444967,0,1,3400,-85,85,-430,0.0,4.8,0.50,0.0,0.0,27,0.0,0.0,0.0,0.0,0.0,0.0,0.0,0.0
445216,0,1,3400,-85,85,-428,0.0,4.9,0.50,0.0,0.0,27,0.0,0.0,0.0,0.0,0.0,0.0,0.0,0.0
445465,0,1,3400,-85,85,-426,0.0,4.9,0.50,0.0,0.0,27,0.0,0.0,0.0,0.0,0.0,0.0,0.0,0.0
445714,0,1,3400,-85,85,-428,0.0,4.9,0.50,0.0,0.0,27,0.0,0.0,0.0,0.0,0.0,0.0,0.0,0.0
445963,0,1,3400,-85,85,-429,0.0,4.9,0.50,0.0,0.0,27,0.0,0.0,0.0,0.0,0.0,0.0,0.0,0.0
446212,0,1,3400,-85,85,-430,0.0,4.9,0.50,0.0,0.0,27,0.0,0.0,0.0,0.0,0.0,0.0,0.0,0.0
446461,0,1,3400,-85,85,-428,0.0,5.0,0.50,0.0,0.0,27,0.0,0.0,0.0,0.0,0.0,0.0,0.0,0.0
446710,0,1,3400,-85,85,-427,0.0,4.9,0.50,0.0,0.0,27,0.0,0.0,0.0,0.0,0.0,0.0,0.0,0.0
446959,0,1,3400,-85,85,-431,0.0,4.9,0.50,0.0,0.0,27,0.0,0.0,0.0,0.0,0.0,0.0,0.0,0.0
447208,0,1,3400,-85,85,-432,0.0,4.9,0.50,0.0,0.0,27,0.0,0.0,0.0,0.0,0.0,0.0,0.0,0.0
447457,0,1,3400,-85,85,-428,0.0,4.9,0.50,0.0,0.0,27,0.0,0.0,0.0,0.0,0.0,0.0,0.0,0.0
447706,0,1,3400,-85,85,-428,0.0,4.9,0.50,0.0,0.0,27,0.0,0.0,0.0,0.0,0.0,0.0,0.0,0.0
447955,0,1,3400,-85,85,-432,0.0,4.9,0.50,0.0,0.0,27,0.0,0.0,0.0,0.0,0.0,0.0,0.0,0.0
448204,0,1,3400,-85,85,-431,0.0,4.9,0.50,0.0,0.0,27,0.0,0.0,0.0,0.0,0.0,0.0,0.0,0.0
448453,0,1,3400,-85,85,-429,0.0,5.0,0.50,0.0,0.0,27,0.0,0.0,0.0,0.0,0.0,0.0,0.0,0.0
448702,0,1,3400,-85,85,-429,0.0,5.0,0.50,0.0,0.0,27,0.0,0.0,0.0,0.0,0.0,0.0,0.0,0.0
448951,0,1,3400,-85,85,-427,0.0,4.9,0.50,0.0,0.0,27,0.0,0.0,0.0,0.0,0.0,0.0,0.0,0.0
449200,0,1,3400,-85,85,-429,0.0,4.9,0.50,0.0,0.0,27,0.0,0.0,0.0,0.0,0.0,0.0,0.0,0.0
449449,0,1,3400,-85,85,-431,0.0,4.9,0.50,0.0,0.0,27,0.0,0.0,0.0,0.0,0.0,0.0,0.0,0.0
449698,0,1,3400,-85,85,-426,0.0,5.0,0.50,0.0,0.0,27,0.0,0.0,0.0,0.0,0.0,0.0,0.0,0.0
449947,0,1,3400,-85,85,-427,0.0,4.9,0.50,0.0,0.0,27,0.0,0.0,0.0,0.0,0.0,0.0,0.0,0.0
450196,0,1,3400,-85,85,-434,0.0,5.0,0.50,0.0,0.0,27,0.0,0.0,0.0,0.0,0.0,0.0,0.0,0.0
450445,0,1,3400,-85,85,-424,0.0,5.0,0.50,0.0,0.0,27,0.0,0.0,0.0,0.0,0.0,0.0,0.0,0.0
450694,0,1,3400,-85,85,-426,0.0,5.0,0.50,0.0,0.0,27,0.0,0.0,0.0,0.0,0.0,0.0,0.0,0.0
450943,0,1,3400,-85,85,-429,0.0,5.0,0.50,0.0,0.0,27,0.0,0.0,0.0,0.0,0.0,0.0,0.0,0.0
451192,0,1,3400,-85,85,-430,0.0,4.9,0.50,0.0,0.0,27,0.0,0.0,0.0,0.0,0.0,0.0,0.0,0.0
451441,0,1,3400,-85,85,-428,0.0,5.1,0.50,0.0,0.0,27,0.0,0.0,0.0,0.0,0.0,0.0,0.0,0.0
451690,0,1,3400,-85,85,-429,0.0,4.9,0.50,0.0,0.0,27,0.0,0.0,0.0,0.0,0.0,0.0,0.0,0.0
451939,0,1,3400,-85,85,-432,0.0,5.0,0.50,0.0,0.0,27,0.0,0.0,0.0,0.0,0.0,0.0,0.0,0.0
452188,0,1,3400,-85,85,-432,0.0,5.0,0.50,0.0,0.0,27,0.0,0.0,0.0,0.0,0.0,0.0,0.0,0.0
452437,0,1,3400,-85,85,-434,0.0,5.0,0.50,0.0,0.0,27,0.0,0.0,0.0,0.0,0.0,0.0,0.0,0.0
452686,0,1,3400,-85,85,-430,0.0,4.9,0.50,0.0,0.0,27,0.0,0.0,0.0,0.0,0.0,0.0,0.0,0.0
452935,0,1,3400,-85,85,-431,0.0,4.9,0.50,0.0,0.0,27,0.0,0.0,0.0,0.0,0.0,0.0,0.0,0.0
453184,0,1,3400,-85,85,-431,0.0,5.0,0.50,0.0,0.0,27,0.0,0.0,0.0,0.0,0.0,0.0,0.0,0.0
453433,0,1,3400,-85,85,-432,0.0,5.0,0.50,0.0,0.0,27,0.0,0.0,0.0,0.0,0.0,0.0,0.0,0.0
453682,0,1,3400,-87,87,-409,0.0,3.9,0.50,0.0,0.0,27,0.0,0.0,0.0,0.0,0.0,0.0,0.0,0.0
453931,0,1,3400,-87,87,-409,0.0,3.9,0.50,0.0,0.0,27,0.0,0.0,0.0,0.0,0.0,0.0,0.0,0.0
454180,0,1,3400,-87,87,-409,0.0,3.9,0.50,0.0,0.0,27,0.0,0.0,0.0,0.0,0.0,0.0,0.0,0.0
454429,0,1,3400,-87,87,-409,0.0,3.9,0.50,0.0,0.0,27,0.0,0.0,0.0,0.0,0.0,0.0,0.0,0.0
454678,0,1,3400,-87,87,-409,0.0,3.9,0.50,0.0,0.0,27,0.0,0.0,0.0,0.0,0.0,0.0,0.0,0.0
454927,0,1,3400,-87,87,-409,0.0,3.9,0.50,0.0,0.0,27,0.0,0.0,0.0,0.0,0.0,0.0,0.0,0.0
455176,0,1,3400,-87,87,-409,0.0,3.9,0.50,0.0,0.0,27,0.0,0.0,0.0,0.0,0.0,0.0,0.0,0.0
455425,0,1,3400,-87,87,-409,0.0,3.9,0.50,0.0,0.0,27,0.0,0.0,0.0,0.0,0.0,0.0,0.0,0.0
455674,0,1,3400,-87,87,-409,0.0,3.9,0.50,0.0,0.0,27,0.0,0.0,0.0,0.0,0.0,0.0,0.0,0.0
455923,0,1,3400,-87,87,-409,0.0,3.9,0.50,0.0,0.0,27,0.0,0.0,0.0,0.0,0.0,0.0,0.0,0.0
456172,0,1,3400,-87,87,-409,0.0,3.9,0.50,0.0,0.0,27,0.0,0.0,0.0,0.0,0.0,0.0,0.0,0.0
456421,0,1,3400,-87,87,-409,0.0,3.9,0.50,0.0,0.0,27,0.0,0.0,0.0,0.0,0.0,0.0,0.0,0.0
456670,0,1,3400,-87,87,-409,0.0,3.9,0.50,0.0,0.0,27,0.0,0.0,0.0,0.0,0.0,0.0,0.0,0.0
456919,0,1,3400,-87,87,-409,0.0,3.9,0.50,0.0,0.0,27,0.0,0.0,0.0,0.0,0.0,0.0,0.0,0.0
457168,0,1,3400,-87,87,-409,0.0,3.9,0.50,0.0,0.0,27,0.0,0.0,0.0,0.0,0.0,0.0,0.0,0.0
457417,0,1,3400,-87,87,-409,0.0,3.9,0.50,0.0,0.0,27,0.0,0.0,0.0,0.0,0.0,0.0,0.0,0.0
457666,0,1,3400,-87,87,-409,0.0,3.9,0.50,0.0,0.0,27,0.0,0.0,0.0,0.0,0.0,0.0,0.0,0.0
457915,0,1,3400,-87,87,-409,0.0,3.9,0.50,0.0,0.0,27,0.0,0.0,0.0,0.0,0.0,0.0,0.0,0.0
458164,0,1,3400,-87,87,-409,0.0,3.9,0.50,0.0,0.0,27,0.0,0.0,0.0,0.0,0.0,0.0,0.0,0.0
458413,0,1,3400,-87,87,-409,0.0,3.9,0.50,0.0,0.0,27,0.0,0.0,0.0,0.0,0.0,0.0,0.0,0.0
458662,0,1,3400,-87,87,-409,0.0,3.9,0.50,0.0,0.0,27,0.0,0.0,0.0,0.0,0.0,0.0,0.0,0.0
458911,0,1,3400,-87,87,-409,0.0,3.9,0.50,0.0,0.0,27,0.0,0.0,0.0,0.0,0.0,0.0,0.0,0.0
459160,0,1,3400,-87,87,-409,0.0,3.9,0.50,0.0,0.0,27,0.0,0.0,0.0,0.0,0.0,0.0,0.0,0.0
459409,0,1,3400,-87,87,-409,0.0,3.9,0.50,0.0,0.0,27,0.0,0.0,0.0,0.0,0.0,0.0,0.0,0.0
459658,0,1,3400,-87,87,-409,0.0,3.9,0.50,0.0,0.0,27,0.0,0.0,0.0,0.0,0.0,0.0,0.0,0.0
459907,0,1,3400,-87,87,-409,0.0,3.9,0.50,0.0,0.0,27,0.0,0.0,0.0,0.0,0.0,0.0,0.0,0.0
460156,0,1,3400,-87,87,-409,0.0,3.9,0.50,0.0,0.0,27,0.0,0.0,0.0,0.0,0.0,0.0,0.0,0.0
460405,0,1,3400,-87,87,-409,0.0,3.9,0.50,0.0,0.0,27,0.0,0.0,0.0,0.0,0.0,0.0,0.0,0.0
460654,0,1,3400,-87,87,-409,0.0,3.9,0.50,0.0,0.0,27,0.0,0.0,0.0,0.0,0.0,0.0,0.0,0.0
460903,0,1,3400,-87,87,-409,0.0,3.9,0.50,0.0,0.0,27,0.0,0.0,0.0,0.0,0.0,0.0,0.0,0.0
461152,0,1,3400,-87,87,-409,0.0,3.9,0.50,0.0,0.0,27,0.0,0.0,0.0,0.0,0.0,0.0,0.0,0.0
461401,0,1,3400,-87,87,-409,0.0,3.9,0.50,0.0,0.0,27,0.0,0.0,0.0,0.0,0.0,0.0,0.0,0.0
461650,0,1,3400,-87,87,-409,0.0,3.9,0.50,0.0,0.0,27,0.0,0.0,0.0,0.0,0.0,0.0,0.0,0.0
461899,0,1,3400,-87,87,-409,0.0,3.9,0.50,0.0,0.0,27,0.0,0.0,0.0,0.0,0.0,0.0,0.0,0.0
462148,0,1,3400,-87,87,-409,0.0,3.9,0.50,0.0,0.0,27,0.0,0.0,0.0,0.0,0.0,0.0,0.0,0.0
462397,0,1,3400,-87,87,-409,0.0,3.9,0.50,0.0,0.0,27,0.0,0.0,0.0,0.0,0.0,0.0,0.0,0.0
462646,0,1,3400,-87,87,-409,0.0,3.9,0.50,0.0,0.0,27,0.0,0.0,0.0,0.0,0.0,0.0,0.0,0.0
462895,0,1,3400,-87,87,-409,0.0,3.9,0.50,0.0,0.0,27,0.0,0.0,0.0,0.0,0.0,0.0,0.0,0.0
463144,0,1,3400,-87,87,-409,0.0,3.9,0.50,0.0,0.0,27,0.0,0.0,0.0,0.0,0.0,0.0,0.0,0.0
463393,0,1,3400,-87,87,-409,0.0,3.9,0.50,0.0,0.0,27,0.0,0.0,0.0,0.0,0.0,0.0,0.0,0.0
463642,0,1,3400,-87,87,-409,0.0,3.9,0.50,0.0,0.0,27,0.0,0.0,0.0,0.0,