Timestamp,num_ues,IMSI,RNTI,,slicing_enabled,slice_id,slice_prb,power_multiplier,scheduling_policy,,dl_mcs,dl_n_samples,dl_buffer [bytes],tx_brate downlink [Mbps],tx_pkts downlink,tx_errors downlink (%),dl_cqi,,ul_mcs,ul_n_samples,ul_buffer [bytes],rx_brate uplink [Mbps],rx_pkts uplink,rx_errors uplink (%),ul_rssi,ul_sinr,phr,,sum_requested_prbs,sum_granted_prbs,,dl_pmi,dl_ri,ul_n,ul_turbo_iters
1604109587887,10,1010123456002,70,,1,2,4,1,0,,4.22727,22,0,0.006528,8,0,0.1,,8.18519,27,0,0.1,11,9.09091,0,12.8544,31,,17,20,,0,0,0,2.18519
1604109588137,10,1010123456002,70,,1,2,4,1,0,,8.04,25,0,0.0182811,10,0,0.1,,6.28571,7,258,0.1,3,0,0,11.5036,31,,49,34,,0,0,0,1
1604109588387,10,1010123456002,70,,1,2,4,1,0,,8.61539,26,0,0.021856,11,0,0.1,,5.47222,36,0,0.1,14,7.14286,0,11.0799,31,,65,40,,0,0,0,1.58333
1604109588637,10,1010123456002,70,,1,2,4,1,0,,8.28571,7,0,0.005408,3,0,12.5,,0,2,0,0.1,1,0,0,0,31,,15,10,,0,0,0,0
1604109588887,10,1010123456002,70,,1,2,4,1,0,,3.66176,68,0,0.033728,28,0,6.5,,0,0,0,0,0,0,0,0,0,,83,110,,0,0,0,0
1604109589137,10,1010123456002,70,,1,2,4,1,0,,0.1,8,137,0,0,0,0.1,,0,0,0,0,0,0,0,0,0,,-5,12,,0,0,0,0
1604109589387,10,1010123456002,70,,1,2,4,1,0,,0.814815,54,0,0.0135904,25,0,4,,1.90476,21,0,0.1,9,11.1111,0,7.76984,31,,120,88,,0,0,0,1.95238
1604109589637,10,1010123456002,70,,1,2,4,1,0,,0.323353,167,0,0.029088,69,0,14,,0,0,0,0,0,0,0,0,0,,43,322,,0,0,0,0
1604109589887,10,1010123456002,70,,1,2,4,1,0,,14.1,10,0,0.015712,4,0,9,,0,0,0,0,0,0,0,0,0,,37,14,,0,0,0,0
1604109590137,10,1010123456002,70,,1,2,4,1,0,,11.8,5,0,0.005408,2,0,0.1,,0,4,0,0.1,2,0,0,0,31,,61,6,,0,0,0,0
1604109590387,10,1010123456002,70,,1,2,4,1,0,,0,0,0,0,0,0,0.1,,8,6,0,0.1,2,0,0,11.5335,31,,0,0,,0,0,0,1
1604109590637,10,1010123456002,70,,1,2,4,1,0,,12.4286,7,0,0.01056,3,0,0.1,,0,0,0,0,0,0,0,0,0,,18,10,,0,0,0,0
1604109590887,11,1010123456002,70,,1,2,4,1,0,,2.76923,26,81,0.006848,7,0,5.5,,0,0,0,0,0,0,0,0,0,,123,46,,0,0,0,0
1604109591137,10,1010123456002,70,,1,2,4,1,0,,0.1,32,151,0.006304,16,0,0.1,,3.5,20,0,0.1,7,14.2857,0,8.30298,31,,56,60,,0,0,0,3.2
1604109591387,10,1010123456002,70,,1,2,4,1,0,,1.61538,104,0,0.02544,42,0,3.5,,7,5,0,0.1,2,0,0,6.72877,31,,152,158,,0,0,0,2.8
1604109591637,10,1010123456002,70,,1,2,4,1,0,,7.23077,26,0,0.02176,10,0,7.75,,0,0,0,0,0,0,0,0,0,,52,38,,0,0,0,0
1604109591887,10,1010123456002,70,,1,2,4,1,0,,7.63636,11,0,0.010784,5,0,7,,0,0,0,0,0,0,0,0,0,,191,20,,0,0,0,0
1604109592137,10,1010123456002,70,,1,2,4,1,0,,9.38461,26,102,0.021312,8,0,6.66667,,0,0,0,0,0,0,0,0,0,,184,42,,0,0,0,0
1604109592387,10,1010123456002,70,,1,2,4,1,0,,7.48571,35,0,0.02736,15,0,6,,6.69444,36,0,0.1,15,40,0,8.74887,31,,179,70,,0,0,0,4.25
1604109592637,10,1010123456002,70,,1,2,4,1,0,,5.52778,36,68,0.0184,13,0,0.1,,0,0,0,0,0,0,0,0,0,,413,60,,0,0,0,0
1604109592887,10,1010123456002,70,,1,2,4,1,0,,6.7,10,0,0.00928,5,0,8.66667,,0,0,0,0,0,0,0,0,0,,24,14,,0,0,0,0
1604109593137,10,1010123456002,70,,1,2,4,1,0,,17.8,10,0,0.015584,4,0,0.1,,0,0,0,0,0,0,0,0,0,,28,12,,0,0,0,0
1604109593387,10,1010123456002,70,,1,2,4,1,0,,1.45455,77,0,0.019392,31,0,3.8,,1.76923,13,0,0.1,5,0,0,8.75798,31,,247,144,,0,0,0,1
1604109593637,10,1010123456002,70,,1,2,4,1,0,,6,8,23,0,0,0,6.75,,0,0,0,0,0,0,0,0,0,,40,12,,0,0,0,0
1604109593887,10,1010123456002,70,,1,2,4,1,0,,9.04762,21,0,0.021696,12,0,6.5,,0,0,0,0,0,0,0,0,0,,145,32,,0,0,0,0
1604109594137,10,1010123456002,70,,1,2,4,1,0,,10.6875,16,0,0.016192,7,0,8.33333,,0,0,0,0,0,0,0,0,0,,156,24,,0,0,0,0
1604109594387,10,1010123456002,70,,1,2,4,1,0,,1.52542,59,0,0.018176,24,0,8.2,,7.8,5,0,0.1,2,0,0,11.0148,31,,54,96,,0,0,0,1
1604109594637,10,1010123456002,70,,1,2,4,1,0,,13.6667,12,77,0.015552,4,0,6,,0,0,0,0,0,0,0,0,0,,64,20,,0,0,0,0
1604109594887,10,1010123456002,70,,1,2,4,1,0,,4.74576,59,0,0.033632,25,0,4,,0,0,0,0,0,0,0,0,0,,263,104,,0,0,0,0
1604109595137,10,1010123456002,70,,1,2,4,1,0,,5.14286,42,0,0.02224,17,0,5,,0,4,0,0.1,2,0,0,0,31,,218,64,,0,0,0,0
1604109595387,10,1010123456002,70,,1,2,4,1,0,,8.07692,13,158,0.010688,5,0,11,,7,8,0,0.1,3,0,0,11.7308,31,,50,20,,0,0,0,1
1604109595637,10,1010123456002,70,,1,2,4,1,0,,18,5,0,0.010304,2,0,13,,0,0,0,0,0,0,0,0,0,,9,8,,0,0,0,0
1604109595887,10,1010123456002,70,,1,2,4,1,0,,18,9,0,0.015456,3,0,0.1,,0,0,0,0,0,0,0,0,0,,27,12,,0,0,0,0
1604109596137,10,1010123456002,70,,1,2,4,1,0,,17.8182,11,0,0.0208,5,0,12,,0,0,0,0,0,0,0,0,0,,40,16,,0,0,0,0
1604109596387,10,1010123456002,70,,1,2,4,1,0,,18.8462,13,0,0.025824,5,0,0.1,,0,0,0,0,0,0,0,0,0,,55,18,,0,0,0,0
1604109596637,10,1010123456002,70,,1,2,4,1,0,,20.1111,9,0,0.021248,4,0,0.1,,0,0,0,0,0,0,0,0,0,,27,14,,0,0,0,0
1604109596887,10,1010123456002,70,,1,2,4,1,0,,18.25,12,0,0.020768,5,0,10,,0,0,0,0,0,0,0,0,0,,42,16,,0,0,0,0
1604109597137,10,1010123456002,70,,1,2,4,1,0,,18.1429,14,0,0.020768,5,0,0.1,,0,0,0,0,0,0,0,0,0,,70,16,,0,0,0,0
1604109597387,10,1010123456002,70,,1,2,4,1,0,,0,0,0,0,0,0,0.1,,9,3,0,0.1,1,0,0,11.4835,31,,0,0,,0,0,0,1
1604109597637,10,1010123456002,70,,1,2,4,1,0,,18,3,0,0.005152,1,0,7.66667,,0,0,0,0,0,0,0,0,0,,9,4,,0,0,0,0
1604109597887,10,1010123456002,70,,1,2,4,1,0,,0,0,0,0,0,0,9,,0,0,0,0,0,0,0,0,0,,0,0,,0,0,0,0
1604109598137,10,1010123456002,70,,1,2,4,1,0,,18,3,0,0.005152,1,0,0.1,,7,3,0,0.1,1,0,0,11.6255,31,,36,4,,0,0,0,1
1604109598387,10,1010123456002,70,,1,2,4,1,0,,18,10,0,0.020608,4,0,0.1,,4.75,8,0,0.1,3,0,0,8.74319,31,,20,16,,0,0,0,1
1604109598637,10,1010123456002,70,,1,2,4,1,0,,18,5,0,0.010304,2,0,9.66667,,0,0,0,0,0,0,0,0,0,,36,8,,0,0,0,0
1604109598887,10,1010123456002,70,,1,2,4,1,0,,18,8,0,0.015456,3,0,0.1,,0,0,0,0,0,0,0,0,0,,36,12,,0,0,0,0
1604109599137,10,1010123456002,70,,1,2,4,1,0,,18.25,8,0,0.010464,3,0,2,,0,0,0,0,0,0,0,0,0,,26,8,,0,0,0,0
1604109599387,10,1010123456002,70,,1,2,4,1,0,,0.1,116,0,0.016192,46,0,13,,0,14,0,0.1,7,0,0,0,31,,73,208,,0,0,0,0
1604109599637,10,1010123456002,70,,1,2,4,1,0,,16.5,10,0,0.015648,4,0,11,,3.20833,24,0,0.1,10,40,0,3.5951,31,,20,12,,0,0,0,4.375
1604109599887,10,1010123456002,70,,1,2,4,1,0,,0,0,0,0,0,0,0.1,,0,0,0,0,0,0,0,0,0,,0,0,,0,0,0,0
1604109600137,10,1010123456002,70,,1,2,4,1,0,,18,5,0,0.010304,2,0,0.1,,0,0,0,0,0,0,0,0,0,,34,8,,0,0,0,0
1604109600387,10,1010123456002,70,,1,2,4,1,0,,17.3333,9,0,0.015712,3,0,11,,2.33333,24,0,0.1,10,40,0,3.3686,31,,76,12,,0,0,0,4.08333
1604109600637,10,1010123456002,70,,1,2,4,1,0,,18,10,0,0.020608,4,0,0.1,,0,0,0,0,0,0,0,0,0,,18,16,,0,0,0,0
1604109600887,10,1010123456002,70,,1,2,4,1,0,,5.33333,9,0,0.005536,4,0,5,,0,0,0,0,0,0,0,0,0,,66,16,,0,0,0,0
1604109601137,10,1010123456002,70,,1,2,4,1,0,,4.74,50,0,0.02768,20,0,8,,8.38776,49,0,0.1,20,55,0,5.34705,31,,188,82,,0,0,0,6.08163
1604109601387,10,1010123456002,70,,1,2,4,1,0,,18,9,0,0.015456,3,0,0.1,,0,0,0,0,0,0,0,0,0,,15,12,,0,0,0,0
1604109601637,10,1010123456002,70,,1,2,4,1,0,,0.1,88,70,0.009504,27,0,1,,0,0,0,0,0,0,0,0,0,,-66,144,,0,0,0,0
1604109601887,10,1010123456002,70,,1,2,4,1,0,,4.8,15,0,0.01088,14,0,11.6667,,4.57143,7,0,0.1,3,0,0,5.35245,31,,0,22,,0,0,0,1.42857
1604109602137,10,1010123456002,70,,1,2,4,1,0,,18,8,0,0.015456,3,0,10,,0,0,0,0,0,0,0,0,0,,31,12,,0,0,0,0
1604109602387,10,1010123456002,70,,1,2,4,1,0,,18.2,10,0,0.015616,4,0,0.1,,0,0,0,0,0,0,0,0,0,,30,12,,0,0,0,0
1604109602637,10,1010123456002,70,,1,2,4,1,0,,0,0,0,0,0,0,0.1,,0,0,0,0,0,0,0,0,0,,0,0,,0,0,0,0
1604109602887,10,1010123456002,70,,1,2,4,1,0,,18,8,0,0.015456,3,0,12,,0,0,0,0,0,0,0,0,0,,26,12,,0,0,0,0
1604109603137,10,1010123456002,70,,1,2,4,1,0,,18,15,0,0.030912,6,0,0.1,,0,0,0,0,0,0,0,0,0,,48,24,,0,0,0,0
1604109603387,10,1010123456002,70,,1,2,4,1,0,,2,34,144,0.008832,8,0,4,,0,0,0,0,0,0,0,0,0,,45,58,,0,0,0,0
1604109603637,10,1010123456002,70,,1,2,4,1,0,,2.67347,49,0,0.020512,25,0,8,,4.05714,35,0,0.1,14,0,0,11.2187,31,,244,76,,0,0,0,1.57143
1604109603887,10,1010123456002,70,,1,2,4,1,0,,11,11,0,0.01088,4,0,7,,0,0,0,0,0,0,0,0,0,,73,16,,0,0,0,0
1604109604137,10,1010123456002,70,,1,2,4,1,0,,2.86207,58,68,0.01776,21,0,3.66667,,0,0,0,0,0,0,0,0,0,,60,92,,0,0,0,0
1604109604387,10,1010123456002,70,,1,2,4,1,0,,4.8,5,0,0.005536,4,0,8.5,,8.03704,27,0,0.1,11,0,0,10.4488,31,,9,8,,0,0,0,1.81481
1604109604637,10,1010123456002,70,,1,2,4,1,0,,18,3,0,0.005152,1,0,1,,0,0,0,0,0,0,0,0,0,,15,4,,0,0,0,0
1604109604887,10,1010123456002,70,,1,2,4,1,0,,1.70909,55,0,0.018368,22,0,12,,0,0,0,0,0,0,0,0,0,,14,88,,0,0,0,0
1604109605137,10,1010123456002,70,,1,2,4,1,0,,3.11765,17,0,0.005888,7,0,4.5,,7,3,0,0.1,1,0,0,8.58655,31,,-3,36,,0,0,0,1
1604109605387,10,1010123456002,70,,1,2,4,1,0,,7.80556,36,0,0.022208,12,0,0.1,,3.5,10,0,0.1,4,0,0,9.18433,0,,180,54,,0,0,0,1
1604109605637,10,1010123456002,70,,1,2,4,1,0,,5.75,24,0,0.02192,14,0,5,,0,0,0,0,0,0,0,0,0,,140,44,,0,0,0,0
1604109605887,10,1010123456002,70,,1,2,4,1,0,,7.24138,29,0,0.021888,12,0,6.5,,0,0,0,0,0,0,0,0,0,,282,54,,0,0,0,0
1604109606137,10,1010123456002,70,,1,2,4,1,0,,6.60714,28,0,0.016544,11,0,5.5,,0,0,0,0,0,0,0,0,0,,199,38,,0,0,0,0
1604109606387,10,1010123456002,70,,1,2,4,1,0,,3.22973,74,186,0.02768,29,0,1,,3,13,0,0.1,5,20,0,5.64201,31,,283,124,,0,0,0,3.07692
1604109606637,10,1010123456002,70,,1,2,4,1,0,,3.60976,41,0,0.018336,17,0,14,,0,0,0,0,0,0,0,0,0,,-7,62,,0,0,0,0
1604109606887,10,1010123456002,70,,1,2,4,1,0,,11.5833,12,0,0.015808,5,0,9,,0,0,0,0,0,0,0,0,0,,41,18,,0,0,0,0
1604109607137,10,1010123456002,70,,1,2,4,1,0,,18,5,0,0.010304,2,0,4,,0,0,0,0,0,0,0,0,0,,24,8,,0,0,0,0
1604109607387,10,1010123456002,70,,1,2,4,1,0,,18,3,0,0.005152,1,0,13,,0,0,0,0,0,0,0,0,0,,15,4,,0,0,0,0
1604109607637,10,1010123456002,70,,1,2,4,1,0,,18,3,0,0.005152,1,0,0.1,,0,0,0,0,0,0,0,0,0,,6,4,,0,0,0,0
1604109607887,10,1010123456002,70,,1,2,4,1,0,,4.6,15,0,0.00176,5,0,6.33333,,0,0,0,0,0,0,0,0,0,,-29,26,,0,0,0,0
1604109608137,10,1010123456002,70,,1,2,4,1,0,,1.45161,62,0,0.0224,26,0,2.5,,0,0,0,0,0,0,0,0,0,,53,100,,0,0,0,0
1604109608387,10,1010123456002,70,,1,2,4,1,0,,8.21429,14,0,0.010912,6,0,3,,3.2931,58,0,0.1,23,8.69565,0,7.42601,31,,100,22,,0,0,0,2.44828
1604109608637,10,1010123456002,70,,1,2,4,1,0,,9.33333,12,0,0.010912,5,0,6.66667,,0,0,0,0,0,0,0,0,0,,42,16,,0,0,0,0
1604109608887,10,1010123456002,70,,1,2,4,1,0,,1.5625,96,0,0.025088,38,0,3.5,,0,0,0,0,0,0,0,0,0,,270,218,,0,0,0,0
1604109609137,10,1010123456002,70,,1,2,4,1,0,,4.05,40,0,0.011648,12,0,8,,0,0,0,0,0,0,0,0,0,,212,84,,0,0,0,0
1604109609387,10,1010123456002,70,,1,2,4,1,0,,0,0,0,0.005536,4,0,4.5,,8.2,5,0,0.1,2,0,0,11.7442,31,,0,0,,0,0,0,1
1604109609637,10,1010123456002,70,,1,2,4,1,0,,0.722222,72,0,0.01392,29,0,3,,0,0,0,0,0,0,0,0,0,,109,166,,0,0,0,0
1604109609887,10,1010123456002,70,,1,2,4,1,0,,0,0,0,0,0,0,10,,0,0,0,0,0,0,0,0,0,,0,0,,0,0,0,0
1604109610137,10,1010123456002,70,,1,2,4,1,0,,0,4,0,0.010304,2,0,4,,0,0,0,0,0,0,0,0,0,,15,8,,0,0,0,0
1604109610387,10,1010123456002,70,,1,2,4,1,0,,18,5,0,0.010304,2,0,12,,0,0,0,0,0,0,0,0,0,,6,8,,0,0,0,0
1604109610637,10,1010123456002,70,,1,2,4,1,0,,18,11,0,0.020608,4,0,6,,0,0,0,0,0,0,0,0,0,,18,16,,0,0,0,0
1604109610887,10,1010123456002,70,,1,2,4,1,0,,6.25,28,0,0.01664,11,0,5,,9,5,0,0.1,2,0,0,11.6702,31,,112,46,,0,0,0,1.4
1604109611137,10,1010123456002,70,,1,2,4,1,0,,5.20833,24,0,0.011168,9,0,14,,9,3,0,0.1,1,0,0,12.2264,31,,287,32,,0,0,0,1
1604109611387,10,1010123456002,70,,1,2,4,1,0,,0,2,0,0.005152,1,0,10,,0,2,0,0.1,1,0,0,0,0,,3,4,,0,0,0,0
1604109611637,10,1010123456002,70,,1,2,4,1,0,,17.2143,14,0,0.020864,6,0,0.1,,0,0,0,0,0,0,0,0,0,,48,18,,0,0,0,0
1604109611887,10,1010123456002,70,,1,2,4,1,0,,0,0,0,0,0,0,0.1,,0,0,0,0,0,0,0,0,0,,0,0,,0,0,0,0
1604109612137,10,1010123456002,70,,1,2,4,1,0,,18,3,0,0.005152,1,0,0.1,,0,0,0,0,0,0,0,0,0,,32,4,,0,0,0,0
1604109612387,10,1010123456002,70,,1,2,4,1,0,,14.0833,12,0,0.020768,5,0,0.1,,0,0,0,0,0,0,0,0,0,,109,18,,0,0,0,0
1604109612637,10,1010123456002,70,,1,2,4,1,0,,0,2,0,0.005152,1,0,10,,0,0,0,0,0,0,0,0,0,,12,4,,0,0,0,0
1604109612887,10,1010123456002,70,,1,2,4,1,0,,0,0,0,0,0,0,8,,0,0,0,0,0,0,0,0,0,,0,0,,0,0,0,0
1604109613137,10,1010123456002,70,,1,2,4,1,0,,0,0,0,0,0,0,10,,0,0,0,0,0,0,0,0,0,,0,0,,0,0,0,0
1604109613387,10,1010123456002,70,,1,2,4,1,0,,15.9375,16,0,0.02592,6,0,0.1,,0,0,0,0,0,0,0,0,0,,57,22,,0,0,0,0
1604109613637,10,1010123456002,70,,1,2,4,1,0,,0,2,0,0.005152,1,0,0.1,,0,0,0,0,0,0,0,0,0,,12,4,,0,0,0,0
1604109613887,10,1010123456002,70,,1,2,4,1,0,,4.31818,22,0,0.011328,9,0,4.75,,0.45,40,0,0.1,17,23.5294,0,3.60297,31,,10,106,,0,0,0,2.85
1604109614137,10,1010123456002,70,,1,2,4,1,0,,1.45455,22,0,0.006176,9,0,7.66667,,0,0,0,0,0,0,0,0,0,,21,36,,0,0,0,0
1604109614387,10,1010123456002,70,,1,2,8,1,0,,16.8235,17,0,0.036096,7,0,0.1,,0,0,0,0,0,0,0,0,0,,50,26,,0,0,0,0
1604109614637,10,1010123456002,70,,1,2,8,1,0,,10,10,0,0.011136,4,0,7,,0,0,0,0,0,0,0,0,0,,21,18,,0,0,0,0
1604109614887,10,1010123456002,70,,1,2,8,1,0,,0,0,0,0,0,0,0.1,,2.3,10,0,0.1,4,0,0,5.82315,31,,0,0,,0,0,0,1
1604109615137,10,1010123456002,70,,1,2,8,1,0,,15.2222,9,0,0.016,4,0,8.5,,0,2,0,0.1,1,0,0,0,31,,70,16,,0,0,0,0
1604109615387,10,1010123456002,70,,1,2,8,1,0,,1.13333,15,0,0.005888,6,0,6,,0.153846,26,0,0.1,10,0,0,4.11744,31,,32,66,,0,0,0,1.5
1604109615637,10,1010123456002,70,,1,2,8,1,0,,11,13,0,0.016416,5,0,8.5,,0,0,0,0,0,0,0,0,0,,46,24,,0,0,0,0
1604109615887,10,1010123456002,70,,1,2,8,1,0,,5.52632,19,0,0.016192,8,0,4.5,,0,0,0,0,0,0,0,0,0,,124,66,,0,0,0,0
1604109616137,10,1010123456002,70,,1,2,8,1,0,,7.5,18,0,0.01632,7,0,10,,0,0,0,0,0,0,0,0,0,,35,42,,0,0,0,0
1604109616387,10,1010123456002,70,,1,2,8,1,0,,14.4,10,0,0.015808,4,0,9,,0,0,0,0,0,0,0,0,0,,36,16,,0,0,0,0
1604109616637,10,1010123456002,70,,1,2,8,1,0,,13,8,0,0.016224,3,0,9,,0,0,0,0,0,0,0,0,0,,25,18,,0,0,0,0
1604109616887,10,1010123456002,70,,1,2,8,1,0,,0,2,0,0.005408,1,0,9,,0,0,0,0,0,0,0,0,0,,13,6,,0,0,0,0
1604109617137,10,1010123456002,70,,1,2,8,1,0,,14.7,10,0,0.015616,4,0,9,,0,0,0,0,0,0,0,0,0,,20,14,,0,0,0,0
1604109617387,10,1010123456002,70,,1,2,8,1,0,,11.25,8,0,0.010816,3,0,0.1,,0,0,0,0,0,0,0,0,0,,10,12,,0,0,0,0
1604109617637,10,1010123456002,70,,1,2,8,1,0,,0,0,0,0,0,0,7.5,,0,0,0,0,0,0,0,0,0,,0,0,,0,0,0,0
1604109617887,10,1010123456002,70,,1,2,8,1,0,,0,0,0,0,0,0,5,,5.8,5,0,0.1,2,0,0,9.74399,31,,0,0,,0,0,0,1
1604109618137,10,1010123456002,70,,1,2,8,1,0,,0,8,0,0.020608,4,0,12,,0,0,0,0,0,0,0,0,0,,15,16,,0,0,0,0
1604109618387,10,1010123456002,70,,1,2,8,1,0,,0,0,0,0,0,0,9,,0,0,0,0,0,0,0,0,0,,0,0,,0,0,0,0
1604109618637,10,1010123456002,70,,1,2,8,1,0,,13,13,0,0.02704,5,0,0.1,,1.3913,23,0,0.1,10,20,0,4.09097,31,,46,30,,0,0,0,2.73913
1604109618887,10,1010123456002,70,,1,2,8,1,0,,13.25,16,0,0.014208,4,0,8,,0,0,0,0,0,0,0,0,0,,32,24,,0,0,0,0
1604109619137,10,1010123456002,70,,1,2,8,1,0,,11,9,0,0.023072,7,0,5.5,,0.428571,56,0,0.1,22,27.2727,0,3.80377,31,,31,22,,0,0,0,3.67857
1604109619387,10,1010123456002,70,,1,2,8,1,0,,5.95238,21,0,0.01648,7,0,7.5,,2.375,48,0,0.1,19,15.7895,0,8.02012,31,,112,66,,0,0,0,2.5
1604109619637,10,1010123456002,70,,1,2,8,1,0,,14.4,10,0,0.016128,5,0,15,,0,0,0,0,0,0,0,0,0,,13,10,,0,0,0,0
1604109619887,10,1010123456002,70,,1,2,8,1,0,,3.66667,18,0,0.011136,8,0,4,,0,0,0,0,0,0,0,0,0,,52,46,,0,0,0,0
1604109620137,10,1010123456002,70,,1,2,8,1,0,,7,21,0,0.021664,9,0,8,,0,0,0,0,0,0,0,0,0,,39,92,,0,0,0,0
1604109620387,10,1010123456002,70,,1,2,8,1,0,,0,0,0,0,0,0,0.1,,2.1,10,0,0.1,4,0,0,4.38652,31,,0,0,,0,0,0,1
1604109620637,10,1010123456002,70,,1,2,8,1,0,,0,6,0,0.010816,3,0,9,,0,0,0,0,0,0,0,0,0,,14,12,,0,0,0,0
1604109620887,10,1010123456002,70,,1,2,8,1,0,,1.76923,13,0,0.005824,5,0,3,,0,0,0,0,0,0,0,0,0,,9,42,,0,0,0,0
1604109621137,10,1010123456002,70,,1,2,8,1,0,,0,0,0,0,0,0,8,,0,0,0,0,0,0,0,0,0,,0,0,,0,0,0,0
1604109621387,10,1010123456002,70,,1,2,8,1,0,,12.6667,12,158,0.021536,5,0,0.1,,0.1,14,0,0.1,6,0,0,3.96017,31,,74,24,,0,0,0,1.14286
1604109621637,10,1010123456002,70,,1,2,8,1,0,,13,13,0,0.01616,5,0,0.1,,1,4,0,0.1,2,0,0,5.95453,0,,34,18,,0,0,0,1
1604109621887,10,1010123456002,70,,1,2,8,1,0,,10.6667,30,0,0.037472,13,0,6,,0,0,0,0,0,0,0,0,0,,87,58,,0,0,0,0
1604109622137,10,1010123456002,70,,1,2,8,1,0,,0,0,0,0,0,0,14,,0,0,0,0,0,0,0,0,0,,0,0,,0,0,0,0
1604109622387,10,1010123456002,70,,1,2,8,1,0,,1.125,40,0,0.017152,16,0,2,,0,0,0,0,0,0,0,0,0,,5,120,,0,0,0,0
1604109622637,10,1010123456002,70,,1,2,8,1,0,,3.76,50,0,0.03296,20,0,0.1,,0.1,19,0,0.1,7,14.2857,0,6.92605,31,,110,134,,0,0,0,2.42105
1604109622887,10,1010123456002,70,,1,2,8,1,0,,6.25,20,0,0.016256,8,0,7,,0,0,0,0,0,0,0,0,0,,72,48,,0,0,0,0
1604109623137,10,1010123456002,70,,1,2,8,1,0,,1.82222,45,0,0.02272,19,0,3.5,,9,3,0,0.1,1,0,0,6.98094,31,,41,142,,0,0,0,1
1604109623387,10,1010123456002,70,,1,2,8,1,0,,9.2,5,0,0.005344,2,0,9,,1.71429,7,0,0.1,3,0,0,9.30034,0,,9,8,,0,0,0,1
1604109623637,10,1010123456002,70,,1,2,8,1,0,,11.4167,12,0,0.021568,5,0,0.1,,0,0,0,0,0,0,0,0,0,,67,26,,0,0,0,0
1604109623887,10,1010123456002,70,,1,2,8,1,0,,11.6129,31,0,0.037568,13,0,9,,0,0,0,0,0,0,0,0,0,,78,42,,0,0,0,0
1604109624137,10,1010123456002,70,,1,2,8,1,0,,6.94118,17,0,0.016384,6,0,4,,0,0,0,0,0,0,0,0,0,,68,36,,0,0,0,0
1604109624387,10,1010123456002,70,,1,2,8,1,0,,4.39286,28,0,0.016672,11,0,6.66667,,6,7,0,0.1,3,0,0,8.2274,31,,86,56,,0,0,0,1.57143
1604109624637,10,1010123456002,70,,1,2,8,1,0,,18,3,0,0.005152,1,0,10,,0,0,0,0,0,0,0,0,0,,8,4,,0,0,0,0
1604109624887,10,1010123456002,70,,1,2,8,1,0,,0,2,0,0.005152,1,0,0.1,,0,0,0,0,0,0,0,0,0,,4,4,,0,0,0,0
1604109625137,10,1010123456002,70,,1,2,8,1,0,,12.2,5,0,0.005312,2,0,5,,0,0,0,0,0,0,0,0,0,,5,6,,0,0,0,0
1604109625387,10,1010123456002,70,,1,2,8,1,0,,0,0,0,0,0,0,3.5,,0,0,0,0,0,0,0,0,0,,0,0,,0,0,0,0
1604109625637,10,1010123456002,70,,1,2,8,1,0,,18,8,0,0.015456,3,0,9.5,,0,0,0,0,0,0,0,0,0,,21,12,,0,0,0,0
1604109625887,10,1010123456002,70,,1,2,8,1,0,,7.1,10,0,0.010944,4,0,7.5,,2.47059,17,0,0.1,7,14.2857,0,3.98153,31,,49,32,,0,0,0,2.88235
1604109626137,10,1010123456002,70,,1,2,8,1,0,,6.86957,23,0,0.0216,9,0,6,,0,2,0,0,1,100,0,0,0,,63,40,,0,0,0,0
1604109626387,10,1010123456002,70,,1,2,8,1,0,,12.1429,7,0,0.010816,3,0,9,,0.1,47,0,0.1,20,40,0,2.42884,31,,29,12,,0,0,0,4.93617
1604109626637,10,1010123456002,70,,1,2,8,1,0,,11.8333,12,0,0.021632,5,0,0.1,,0,0,0,0,0,0,0,0,0,,42,24,,0,0,0,0
1604109626887,10,1010123456002,70,,1,2,8,1,0,,12.8571,14,0,0.026784,6,0,9,,0,0,0,0,0,0,0,0,0,,31,28,,0,0,0,0
1604109627137,10,1010123456002,70,,1,2,8,1,0,,14.1818,11,0,0.01072,3,0,10,,0,0,0,0,0,0,0,0,0,,40,16,,0,0,0,0
1604109627387,10,1010123456002,70,,1,2,8,1,0,,0.878049,41,0,0.022304,17,0,7.25,,0,0,0,0,0,0,0,0,0,,8,132,,0,0,0,0
1604109627637,10,1010123456002,70,,1,2,8,1,0,,1.56522,23,0,0.011328,9,0,10,,1.06667,15,0,0.1,6,16.6667,0,6.36747,31,,138,324,,0,0,0,2.33333
1604109627887,10,1010123456002,70,,1,2,8,1,0,,4.27778,18,0,0.010976,7,0,5,,0,0,0,0,0,0,0,0,0,,56,36,,0,0,0,0
1604109628137,10,1010123456002,70,,1,2,8,1,0,,9,8,0,0.010464,3,0,11,,0,0,0,0,0,0,0,0,0,,40,14,,0,0,0,0
1604109628387,10,1010123456002,70,,1,2,8,1,0,,18,6,0,0.010304,2,0,0.1,,0,0,0,0,0,0,0,0,0,,12,8,,0,0,0,0
1604109628637,10,1010123456002,70,,1,2,8,1,0,,5.3913,23,0,0.01632,9,0,9.5,,7.21053,19,0,0.1,8,37.5,0,10.1792,31,,53,58,,0,0,0,4.36842
1604109628887,10,1010123456002,70,,1,2,8,1,0,,12.4444,18,0,0.03136,8,0,13,,0,0,0,0,0,0,0,0,0,,37,48,,0,0,0,0
1604109629137,10,1010123456002,70,,1,2,8,1,0,,3.79592,49,0,0.032928,20,0,4.33333,,0,4,0,0.1,2,0,0,0,31,,112,132,,0,0,0,0
1604109629387,10,1010123456002,70,,1,2,8,1,0,,2.88889,27,0,0.016992,11,0,4,,0.9,20,0,0.1,8,12.5,0,6.34528,0,,66,136,,0,0,0,2.35
1604109629637,10,1010123456002,70,,1,2,8,1,0,,4,8,0,0.00544,3,0,13,,0,0,0,0,0,0,0,0,0,,30,20,,0,0,0,0
1604109629887,10,1010123456002,70,,1,2,8,1,0,,18,6,0,0.010304,2,0,0.1,,0,0,0,0,0,0,0,0,0,,15,12,,0,0,0,0
1604109630137,10,1010123456002,70,,1,2,8,1,0,,0,4,0,0.015552,2,0,0.1,,0,0,0,0,0,0,0,0,0,,21,10,,0,0,0,0
1604109630387,10,1010123456002,70,,1,2,8,1,0,,0,0,0,0,0,0,7,,0,0,0,0,0,0,0,0,0,,0,0,,0,0,0,0
1604109630637,10,1010123456002,70,,1,2,8,1,0,,3.4375,16,63,0.00544,2,0,1,,0,0,0,0,0,0,0,0,0,,26,56,,0,0,0,0
1604109630887,10,1010123456002,70,,1,2,8,1,0,,2.91304,23,0,0.017088,14,0,5.66667,,1.2,15,0,0.1,6,0,0,3.88099,31,,47,108,,0,0,0,1.33333
1604109631137,10,1010123456002,70,,1,2,8,1,0,,1.51515,66,0,0.028672,27,0,0.1,,0,2,0,0.1,1,0,0,0,31,,41,222,,0,0,0,0
1604109631387,10,1010123456002,70,,1,2,8,1,0,,1.51613,31,0,0.011872,12,0,0.1,,1.26316,19,0,0.1,8,12.5,0,8.68537,0,,23,118,,0,0,0,2.42105
1604109631637,10,1010123456002,70,,1,2,8,1,0,,5.28571,14,0,0.010848,6,0,14,,0,0,0,0,0,0,0,0,0,,13,60,,0,0,0,0
1604109631887,10,1010123456002,70,,1,2,8,1,0,,2.4,15,62,0.00576,2,0,1,,0,0,0,0,0,0,0,0,0,,-8,74,,0,0,0,0
1604109632137,10,1010123456002,70,,1,2,8,1,0,,5.4,10,0,0.010752,8,0,6.5,,0,0,0,0,0,0,0,0,0,,35,36,,0,0,0,0
1604109632387,10,1010123456002,70,,1,2,8,1,0,,0.906977,43,0,0.017216,17,0,3,,8.73077,52,0,0.1,20,55,0,5.78282,31,,45,172,,0,0,0,6.57692
1604109632637,10,1010123456002,70,,1,2,8,1,0,,1.5,12,0,0.006176,6,0,7,,0,0,0,0,0,0,0,0,0,,18,48,,0,0,0,0
1604109632887,10,1010123456002,70,,1,2,8,1,0,,6,12,0,0.011168,5,0,4,,0,0,0,0,0,0,0,0,0,,40,32,,0,0,0,0
1604109633137,10,1010123456002,70,,1,2,8,1,0,,9.3,10,0,0.010496,4,0,6.33333,,0,0,0,0,0,0,0,0,0,,161,42,,0,0,0,0
1604109633387,10,1010123456002,70,,1,2,8,1,0,,11.6667,21,0,0.032064,10,0,7,,0,0,0,0,0,0,0,0,0,,65,36,,0,0,0,0
1604109633637,10,1010123456002,70,,1,2,8,1,0,,9.09091,11,0,0.016512,5,0,10,,0,0,0,0,0,0,0,0,0,,36,26,,0,0,0,0
1604109633887,10,1010123456002,70,,1,2,8,1,0,,16.1429,14,0,0.02592,6,0,10,,0,0,0,0,0,0,0,0,0,,28,22,,0,0,0,0
1604109634137,10,1010123456002,70,,1,2,8,1,0,,0.1,20,0,0.003104,4,0,2.5,,0,0,0,0,0,0,0,0,0,,2,112,,0,0,0,0
1604109634387,10,1010123456002,70,,1,2,8,1,0,,0.930233,43,0,0.020832,22,0,7,,9.125,24,0,0.1,8,50,0,7.91444,31,,55,262,,0,0,0,6.25
1604109634637,10,1010123456002,70,,1,2,8,1,0,,18,6,0,0.010304,2,0,9.5,,0,0,0,0,0,0,0,0,0,,9,8,,0,0,0,0
1604109634887,10,1010123456002,70,,1,2,8,1,0,,2.19048,21,0,0.011296,9,0,5,,0,0,0,0,0,0,0,0,0,,83,150,,0,0,0,0
1604109635137,10,1010123456002,70,,1,2,8,1,0,,3.62857,35,0,0.033632,14,0,6,,0,0,0,0,0,0,0,0,0,,70,112,,0,0,0,0
1604109635387,10,1010123456002,70,,1,2,8,1,0,,1.15909,44,0,0.017696,18,0,1.5,,7.68182,22,0,0.1,9,11.1111,0,12.942,31,,50,236,,0,0,0,1.40909
1604109635637,10,1010123456002,70,,1,2,8,1,0,,0,0,0,0,0,0,0.1,,0,0,0,0,0,0,0,0,0,,0,0,,0,0,0,0
1604109635887,10,1010123456002,70,,1,2,8,1,0,,0.1,19,0,0.006176,8,0,5,,0,0,0,0,0,0,0,0,0,,7,106,,0,0,0,0
1604109636137,10,1010123456002,70,,1,2,8,1,0,,11,11,0,0.022144,4,0,3,,0,0,0,0,0,0,0,0,0,,96,32,,0,0,0,0
1604109636387,10,1010123456002,70,,1,2,8,1,0,,1.79661,59,0,0.028768,24,0,4.75,,4,10,0,0.1,4,0,0,7.40648,31,,121,194,,0,0,0,1.4
1604109636637,10,1010123456002,70,,1,2,8,1,0,,0.1,64,0,0.018688,25,0,2,,0,0,0,0,0,0,0,0,0,,13,218,,0,0,0,0
1604109636887,10,1010123456002,70,,1,2,8,1,0,,0.438596,57,0,0.0184,23,0,2.5,,0,0,0,0,0,0,0,0,0,,39,164,,0,0,0,0
1604109637137,10,1010123456002,70,,1,2,8,1,0,,1.62162,37,0,0.017152,15,0,1.33333,,0,0,0,0,0,0,0,0,0,,-6,132,,0,0,0,0
1604109637387,10,1010123456002,70,,1,2,8,1,0,,1.25714,35,77,0.01152,10,0,3.2,,8.59524,42,0,0.1,17,35.2941,0,9.22435,31,,27,104,,0,0,0,4.09524
1604109637637,10,1010123456002,70,,1,2,8,1,0,,1.16216,37,0,0.017568,19,0,3,,0,0,0,0,0,0,0,0,0,,39,126,,0,0,0,0
1604109637887,10,1010123456002,70,,1,2,8,1,0,,1.55556,63,0,0.02064,23,0,3,,0,0,0,0,0,0,0,0,0,,25,186,,0,0,0,0
1604109638137,10,1010123456002,70,,1,2,8,1,0,,8,8,0,0.013952,6,0,6,,0,0,0,0,0,0,0,0,0,,131,24,,0,0,0,0
1604109638387,10,1010123456002,70,,1,2,8,1,0,,18,5,0,0.010304,2,0,9,,0,0,0,0,0,0,0,0,0,,11,8,,0,0,0,0
1604109638637,10,1010123456002,70,,1,2,8,1,0,,0.368421,19,158,0.006176,8,0,4.25,,0,0,0,0,0,0,0,0,0,,17,54,,0,0,0,0
1604109638887,10,1010123456002,70,,1,2,8,1,0,,0.1,61,0,0.018528,24,0,7,,7.4,5,0,0.1,2,0,0,9.49519,31,,15,250,,0,0,0,1.8
1604109639137,10,1010123456002,70,,1,2,8,1,0,,4.47059,17,0,0.011264,7,0,3,,0,0,0,0,0,0,0,0,0,,29,48,,0,0,0,0
1604109639387,10,1010123456002,70,,1,2,8,1,0,,1.50943,53,0,0.0232,22,0,3,,12.2571,35,0,0.119872,15,33.3333,0,10.8626,31,,60,190,,0,0,0,3.82857
1604109639637,10,1010123456002,70,,1,2,8,1,0,,0.86,50,0,0.01792,20,0,2.75,,0,0,0,0,0,0,0,0,0,,61,138,,0,0,0,0
1604109639887,10,1010123456002,70,,1,2,8,1,0,,2,3,121,0,0,0,1.66667,,0,0,0,0,0,0,0,0,0,,-3,10,,0,0,0,0
1604109640137,10,1010123456002,70,,1,2,8,1,0,,0.804348,46,0,0.017888,20,0,7,,0,0,0,0,0,0,0,0,0,,27,140,,0,0,0,0
1604109640387,10,1010123456002,70,,1,2,8,1,0,,1.53571,28,0,0.011552,11,0,4.66667,,0,0,0,0,0,0,0,0,0,,34,78,,0,0,0,0
1604109640637,10,1010123456002,70,,1,2,8,1,0,,3.73333,15,0,0.010752,6,0,8.5,,7.09677,31,0,0.1,12,33.3333,0,6.49955,31,,29,40,,0,0,0,4.48387
1604109640887,10,1010123456002,70,,1,2,8,1,0,,1.525,40,0,0.01408,13,0,3,,0,0,0,0,0,0,0,0,0,,54,132,,0,0,0,0
1604109641137,10,1010123456002,70,,1,2,8,1,0,,4.84211,38,0,0.02496,12,0,6.4,,0,0,0,0,0,0,0,0,0,,12,108,,0,0,0,0
1604109641387,10,1010123456002,70,,1,2,8,1,0,,2.75,40,0,0.028064,23,0,5.5,,4.4,25,0,0.1,10,0,0,8.31889,31,,38,118,,0,0,0,1.28
1604109641638,10,1010123456002,70,,1,2,8,1,0,,1.62162,37,0,0.0173386,15,0,2,,0,0,0,0,0,0,0,0,0,,65,160,,0,0,0,0
1604109641887,10,1010123456002,70,,1,2,8,1,0,,1.48718,39,0,0.0174458,16,0,3,,0,0,0,0,0,0,0,0,0,,46,156,,0,0,0,0
1604109642137,10,1010123456002,70,,1,2,8,1,0,,1.75,40,121,0.01744,15,0,3,,0,0,0,0,0,0,0,0,0,,36,168,,0,0,0,0
1604109642387,10,1010123456002,70,,1,2,8,1,0,,1.67925,53,0,0.023136,22,0,5.66667,,7.4,5,0,0.1,2,0,0,13.9554,31,,14,244,,0,0,0,1
1604109642637,10,1010123456002,70,,1,2,8,1,0,,3.57143,7,0,0.0056,3,0,3.4,,0,0,0,0,0,0,0,0,0,,15,22,,0,0,0,0
1604109642887,10,1010123456002,70,,1,2,8,1,0,,3.08333,24,0,0.016608,11,0,8.5,,0,0,0,0,0,0,0,0,0,,25,88,,0,0,0,0
1604109643137,10,1010123456002,70,,1,2,8,1,0,,0,0,0,0,0,0,6.2,,0,0,0,0,0,0,0,0,0,,0,0,,0,0,0,0
1604109643387,10,1010123456002,70,,1,2,8,1,0,,3.11111,36,0,0.022112,15,0,4.8,,9.5,6,0,0.1,2,0,0,12.9444,31,,83,108,,0,0,0,1.5
1604109643637,10,1010123456002,70,,1,2,8,1,0,,0,0,158,0,0,0,5.66667,,0,0,0,0,0,0,0,0,0,,-1,4,,0,0,0,0
1604109643887,10,1010123456002,70,,1,2,8,1,0,,3.55556,36,0,0.022144,14,0,3.8,,0,0,0,0,0,0,0,0,0,,79,102,,0,0,0,0
1604109644137,10,1010123456002,70,,1,2,8,1,0,,4,15,158,0.01088,6,0,0.1,,4,3,0,0.1,1,0,0,12.0152,31,,48,44,,0,0,0,1
1604109644387,10,1010123456002,70,,1,2,2,1,0,,10,20,115,0.016288,8,0,10,,10.5,30,0,0.1,12,33.3333,0,10.743,31,,77,54,,0,0,0,3.46667
1604109644637,10,1010123456002,70,,1,2,2,1,0,,5.54054,37,194,0.008544,11,0,4.5,,0,0,0,0,0,0,0,0,0,,156,42,,0,0,0,0
1604109644887,10,1010123456002,70,,1,2,2,1,0,,8.02899,69,260,0.028768,32,0,4,,0,0,0,0,0,0,0,0,0,,436,184,,0,0,0,0
1604109645137,10,1010123456002,70,,1,2,2,1,0,,9.63636,33,0,0.014944,13,0,4,,0,0,0,0,0,0,0,0,0,,78,174,,0,0,0,0
1604109645387,10,1010123456002,70,,1,2,2,1,0,,13.2,15,0,0.006752,3,0,7,,0,2,0,0.1,1,0,0,0,31,,55,12,,0,0,0,0
1604109645637,10,1010123456002,70,,1,2,2,1,0,,7.5625,16,0,0.009888,9,0,6.5,,7.125,8,0,0.1,3,0,0,13.8401,31,,165,12,,0,0,0,1.25
1604109645887,10,1010123456002,70,,1,2,2,1,0,,11.1,10,0,0.003008,2,0,0.1,,0,0,0,0,0,0,0,0,0,,35,8,,0,0,0,0
1604109646137,10,1010123456002,70,,1,2,2,1,0,,12.4444,27,0,0.018848,12,0,7,,15,3,0,0.1,1,0,0,11.2683,31,,121,20,,0,0,0,2
1604109646387,10,1010123456002,70,,1,2,2,1,0,,8.51515,33,0,0.016864,13,0,9.66667,,0,0,0,0,0,0,0,0,0,,570,42,,0,0,0,0
1604109646637,10,1010123456002,70,,1,2,2,1,0,,12,5,0,0.005312,2,0,0.1,,0,0,0,0,0,0,0,0,0,,6,4,,0,0,0,0
1604109646887,10,1010123456002,70,,1,2,2,1,0,,4.72093,43,0,0.012256,17,0,2.5,,0,0,0,0,0,0,0,0,0,,140,56,,0,0,0,0
1604109647137,10,1010123456002,70,,1,2,2,1,0,,3.97143,105,0,0.020576,43,0,4,,6.4,10,0,0.1,4,25,0,7.20511,31,,392,148,,0,0,0,3.7
1604109647387,10,1010123456002,70,,1,2,2,1,0,,5.74444,90,279,0.024448,34,0,5.75,,11.25,32,0,0.1,13,38.4615,0,10.1762,0,,392,104,,0,0,0,4.03125
1604109647637,10,1010123456002,70,,1,2,2,1,0,,5.86667,105,0,0.030976,45,0,3.66667,,0,0,0,0,0,0,0,0,0,,820,156,,0,0,0,0
1604109647887,10,1010123456002,70,,1,2,2,1,0,,4.62069,58,0,0.013152,24,0,6.25,,0,2,0,0.1,1,0,0,0,31,,338,64,,0,0,0,0
1604109648137,10,1010123456002,70,,1,2,2,1,0,,4,139,0,0.02736,57,0,5,,0,0,0,0,0,0,0,0,0,,-10,114,,0,0,0,0
1604109648387,10,1010123456002,70,,1,2,2,1,0,,5.51724,29,136,0.006208,9,0,4.75,,7,5,0,0.1,2,0,0,11.6566,31,,188,22,,0,0,0,1
1604109648637,10,1010123456002,70,,1,2,2,1,0,,3.81818,33,0,0.006944,15,0,9.5,,0,0,0,0,0,0,0,0,0,,161,34,,0,0,0,0
1604109648887,10,1010123456002,70,,1,2,2,1,0,,5.91304,23,0,0.006208,9,0,4.5,,0,0,0,0,0,0,0,0,0,,234,22,,0,0,0,0
1604109649137,10,1010123456002,70,,1,2,2,1,0,,18.2857,14,158,0.015872,6,0,1,,0,0,0,0,0,0,0,0,0,,46,190,,0,0,0,0
1604109649387,10,1010123456002,70,,1,2,2,1,0,,5.96226,106,0,0.030752,44,0,4.66667,,7,7,0,0.1,3,0,0,16.8651,31,,195,216,,0,0,0,1.28571
1604109649637,10,1010123456002,70,,1,2,2,1,0,,14.2632,19,158,0.010816,6,0,11,,0,0,0,0,0,0,0,0,0,,85,16,,0,0,0,0
1604109649887,10,1010123456002,70,,1,2,2,1,0,,6.17526,97,0,0.040384,40,0,3.8,,0,0,0,0,0,0,0,0,0,,342,118,,0,0,0,0
1604109650137,10,1010123456002,70,,1,2,2,1,0,,7.85185,27,0,0.011616,12,0,5,,0,2,0,0.1,1,0,0,0,31,,245,24,,0,0,0,0
1604109650387,10,1010123456002,70,,1,2,2,1,0,,8.47619,21,0,0.011488,9,0,8.5,,10,3,0,0.1,1,0,0,13.262,0,,398,18,,0,0,0,1
1604109650637,10,1010123456002,70,,1,2,2,1,0,,7.84782,46,376,0.019072,16,0,3,,0,0,0,0,0,0,0,0,0,,-71,160,,0,0,0,0
1604109650887,10,1010123456002,70,,1,2,2,1,0,,4.92157,102,0,0.029664,44,0,7.66667,,0,0,0,0,0,0,0,0,0,,165,88,,0,0,0,0
1604109651137,10,1010123456002,70,,1,2,2,1,0,,5.86364,22,0,0.006208,9,0,5,,0,0,0,0,0,0,0,0,0,,180,26,,0,0,0,0
1604109651387,10,1010123456002,70,,1,2,2,1,0,,4.38636,88,0,0.019936,38,0,4,,7.8,5,0,0.1,2,0,0,14.2924,31,,281,126,,0,0,0,1
1604109651637,10,1010123456002,70,,1,2,2,1,0,,3.74286,35,158,0.006944,15,0,4.5,,0,0,0,0,0,0,0,0,0,,364,30,,0,0,0,0
1604109651887,10,1010123456002,70,,1,2,2,1,0,,4.81034,58,0,0.013088,23,0,4.2,,0,0,0,0,0,0,0,0,0,,306,134,,0,0,0,0
1604109652137,10,1010123456002,70,,1,2,2,1,0,,5.86957,23,0,0.006208,9,0,6.6,,0,0,0,0,0,0,0,0,0,,117,18,,0,0,0,0
1604109652387,10,1010123456002,70,,1,2,2,1,0,,3.91429,70,0,0.0137831,29,0,3,,0,0,0,0,0,0,0,0,0,,228,104,,0,0,0,0
1604109652637,10,1010123456002,70,,1,2,2,1,0,,8.14286,28,0,0.01152,11,0,10,,14,12,0,0,4,100,0,6.33767,0,,109,22,,0,0,0,10
1604109652887,10,1010123456002,70,,1,2,2,1,0,,16.8,5,158,0.005312,2,0,2.75,,0,0,0,0,0,0,0,0,0,,-90,190,,0,0,0,0
1604109653137,10,1010123456002,70,,1,2,2,1,0,,4.86957,115,0,0.025888,45,0,5.25,,0.1,3,0,0.1,1,0,0,8.36609,31,,171,238,,0,0,0,1
1604109653387,10,1010123456002,70,,1,2,2,1,0,,0,0,0,0,0,0,4.33333,,1.41667,12,0,0.1,5,0,0,10.1882,0,,0,0,,0,0,0,1.75
1604109653637,10,1010123456002,70,,1,2,2,1,0,,9.36111,72,0,0.034592,28,0,10,,0,0,0,0,0,0,0,0,0,,914,56,,0,0,0,0
1604109653887,10,1010123456002,70,,1,2,2,1,0,,5.90323,31,104,0.006208,9,0,5,,0,0,0,0,0,0,0,0,0,,361,24,,0,0,0,0
1604109654137,10,1010123456002,70,,1,2,2,1,0,,5.86486,37,0,0.012416,18,0,5,,0,0,0,0,0,0,0,0,0,,367,30,,0,0,0,0
1604109654387,10,1010123456002,70,,1,2,2,1,0,,5.84211,57,68,0.014496,21,0,5,,10.2,5,0,0.1,2,0,0,12.6368,31,,983,46,,0,0,0,1.4
1604109654637,10,1010123456002,70,,1,2,2,1,0,,7.74286,35,0,0.015424,16,0,7,,0,0,0,0,0,0,0,0,0,,704,40,,0,0,0,0
1604109654887,10,1010123456002,70,,1,2,2,1,0,,5.90909,22,0,0.006208,9,0,5,,0,0,0,0,0,0,0,0,0,,336,18,,0,0,0,0
1604109655137,10,1010123456002,70,,1,2,2,1,0,,6.69643,56,0,0.015392,20,0,6,,0,0,0,0,0,0,0,0,0,,644,44,,0,0,0,0
1604109655387,10,1010123456002,70,,1,2,2,1,0,,11.1667,30,0,0.0192,14,0,5,,7.8,5,0,0.1,2,0,0,12.5556,31,,202,24,,0,0,0,1
1604109655637,10,1010123456002,70,,1,2,2,1,0,,5.86364,44,0,0.012384,18,0,5.5,,0,0,0,0,0,0,0,0,0,,138,38,,0,0,0,0
1604109655887,10,1010123456002,70,,1,2,2,1,0,,18.5,16,0,0.015936,6,0,5,,0,0,0,0,0,0,0,0,0,,48,12,,0,0,0,0
1604109656137,10,1010123456002,70,,1,2,2,1,0,,8.73684,57,0,0.027072,22,0,7,,0,2,0,0.1,1,0,0,0,31,,252,48,,0,0,0,0
1604109656387,10,1010123456002,70,,1,2,2,1,0,,9.23077,13,0,0.00688,7,0,4.8,,7,3,0,0.1,1,0,0,7.46225,0,,-26,102,,0,0,0,1
1604109656637,10,1010123456002,70,,1,2,2,1,0,,5.93103,29,104,0.006208,9,0,6.75,,0,0,0,0,0,0,0,0,0,,190,24,,0,0,0,0
1604109656887,10,1010123456002,70,,1,2,2,1,0,,9.5625,32,0,0.017088,15,0,7,,0,0,0,0,0,0,0,0,0,,101,26,,0,0,0,0
1604109657137,10,1010123456002,70,,1,2,2,1,0,,8.59494,79,0,0.032704,29,0,6,,0,2,0,0.1,1,0,0,0,31,,330,62,,0,0,0,0
1604109657387,10,1010123456002,70,,1,2,2,1,0,,0,0,0,0.001504,2,0,7.66667,,8.8,30,0,0.1,12,16.6667,0,11.282,0,,0,0,,0,0,0,2.2
1604109657637,10,1010123456002,70,,1,2,2,1,0,,9.4,25,0,0.008,7,0,6,,0,0,0,0,0,0,0,0,0,,87,20,,0,0,0,0
1604109657887,10,1010123456002,70,,1,2,2,1,0,,9.2,25,0,0.014464,13,0,7.5,,0,0,0,0,0,0,0,0,0,,124,20,,0,0,0,0
1604109658137,10,1010123456002,70,,1,2,2,1,0,,7.69841,63,0,0.02336,25,0,5.33333,,0,0,0,0,0,0,0,0,0,,319,50,,0,0,0,0
1604109658387,10,1010123456002,70,,1,2,2,1,0,,7.21212,33,158,0.01184,14,0,8.4,,10.9706,34,0,0.1,14,42.8571,0,7.79888,31,,206,28,,0,0,0,5.23529
1604109658637,10,1010123456002,70,,1,2,2,1,0,,8.73171,41,0,0.016992,16,0,7.25,,0,0,0,0,0,0,0,0,0,,142,32,,0,0,0,0
1604109658887,10,1010123456002,70,,1,2,2,1,0,,7.15942,69,0,0.02352,27,0,5.66667,,0,0,0,0,0,0,0,0,0,,657,56,,0,0,0,0
1604109659137,10,1010123456002,70,,1,2,2,1,0,,5.90909,22,0,0.006208,9,0,5,,0,0,0,0,0,0,0,0,0,,148,18,,0,0,0,0
1604109659387,10,1010123456002,70,,1,2,2,1,0,,5.91304,23,0,0.006208,9,0,5.33333,,14.6667,54,0,0.110336,20,60,0,7.852,31,,147,18,,0,0,0,7.16667
1604109659637,10,1010123456002,70,,1,2,2,1,0,,8.37931,29,0,0.011616,11,0,6,,0,0,0,0,0,0,0,0,0,,120,22,,0,0,0,0
1604109659887,10,1010123456002,70,,1,2,2,1,0,,7.68919,74,0,0.029248,31,0,5.33333,,0,0,0,0,0,0,0,0,0,,405,62,,0,0,0,0
1604109660137,10,1010123456002,70,,1,2,2,1,0,,7.09375,32,0,0.011808,14,0,5.4,,0,0,0,0,0,0,0,0,0,,209,28,,0,0,0,0
1604109660387,11,1010123456002,70,,1,2,2,1,0,,0,0,0,0,0,0,6,,0,0,0,0,0,0,0,0,0,,0,0,,0,0,0,0
1604109660637,10,1010123456002,70,,1,2,2,1,0,,8.13333,15,0,0.005856,6,0,4.16667,,3.91304,23,0,0.1,10,40,0,9.44729,31,,32,30,,0,0,0,4.52174
1604109660887,10,1010123456002,70,,1,2,2,1,0,,0,0,0,0,0,0,6,,0,0,0,0,0,0,0,0,0,,0,0,,0,0,0,0
1604109661137,10,1010123456002,70,,1,2,2,1,0,,7.73333,15,0,0.005824,6,0,4.66667,,15,3,0,0,1,100,0,2.51321,0,,92,12,,0,0,0,10
1604109661387,10,1010123456002,70,,1,2,2,1,0,,9.23077,13,0,0.0056,5,0,6,,0,5,0,0,3,100,0,0,0,,12,26,,0,0,0,0
1604109661637,10,1010123456002,70,,1,2,2,1,0,,7.46667,15,0,0.00576,6,0,6,,0,0,0,0,0,0,0,0,0,,72,12,,0,0,0,0
1604109661887,10,1010123456002,70,,1,2,2,1,0,,8.22222,27,0,0.01152,11,0,6.16667,,0,0,0,0,0,0,0,0,0,,190,24,,0,0,0,0
1604109662137,10,1010123456002,70,,1,2,2,1,0,,9.54286,35,0,0.016928,14,0,6.66667,,4,3,0,0.1,1,0,0,15.5073,31,,157,28,,0,0,0,1
1604109662387,10,1010123456002,70,,1,2,2,1,0,,9.33333,24,0,0.01136,10,0,6,,9.875,8,0,0.1,3,0,0,18.5461,31,,113,20,,0,0,0,1.375
1604109662655,9,1010123456002,70,,1,2,2,1,0,,7.71429,14,0,0.00537313,6,0,6,,0,0,0,0,0,0,0,0,0,,70,12,,0,0,0,0
1604109662887,9,1010123456002,70,,1,2,2,1,0,,7.34653,101,0,0.0382414,40,0,5.6,,0,0,0,0,0,0,0,0,0,,509,80,,0,0,0,0
1604109663137,9,1010123456002,70,,1,2,2,1,0,,9.5,14,0,0.00576,5,0,6,,0,0,0,0,0,0,0,0,0,,63,10,,0,0,0,0
1604109663387,9,1010123456002,70,,1,2,2,1,0,,9.3,40,0,0.016992,15,0,5.8,,0,4,0,0.1,2,0,0,0,31,,178,30,,0,0,0,0
1604109663637,9,1010123456002,70,,1,2,2,1,0,,8.57143,28,0,0.01152,11,0,6,,0,0,0,0,0,0,0,0,0,,164,24,,0,0,0,0
1604109663887,9,1010123456002,70,,1,2,2,1,0,,7.72131,61,0,0.023456,25,0,5.85714,,2,3,0,0.1,1,0,0,16.6816,31,,228,54,,0,0,0,1
1604109664137,9,1010123456002,70,,1,2,2,1,0,,6.42623,61,0,0.018208,24,0,5.5,,0,2,0,0.1,1,0,0,0,31,,212,48,,0,0,0,0
1604109664387,9,1010123456002,70,,1,2,2,1,0,,7.48936,47,0,0.017632,20,0,5.33333,,10.8,5,0,0.1,2,0,0,15.9235,31,,262,46,,0,0,0,1
1604109664637,9,1010123456002,70,,1,2,2,1,0,,7.86667,15,0,0.00576,6,0,6,,0,2,0,0.1,1,0,0,0,31,,73,14,,0,0,0,0
1604109664887,9,1010123456002,70,,1,2,2,1,0,,8.18667,75,8,0.023232,24,0,5.83333,,0,0,0,0,0,0,0,0,0,,858,58,,0,0,0,0
1604109665137,9,1010123456002,70,,1,2,2,1,0,,7.33333,18,0,0.011616,12,0,5.16667,,0,0,0,0,0,0,0,0,0,,95,14,,0,0,0,0
1604109665387,9,1010123456002,70,,1,2,2,1,0,,9.30769,13,0,0.005632,5,0,5.66667,,11.6,5,0,0.1,2,0,0,20.6875,31,,91,10,,0,0,0,1
1604109665637,9,1010123456002,70,,1,2,2,1,0,,9.5,12,0,0.002208,2,0,5.75,,0,0,0,0,0,0,0,0,0,,126,10,,0,0,0,0
1604109665887,9,1010123456002,70,,1,2,2,1,0,,0,0,0,0.003552,3,0,5.28571,,0,0,0,0,0,0,0,0,0,,0,0,,0,0,0,0
1604109666137,9,1010123456002,70,,1,2,2,1,0,,9.52273,44,92,0.01808,16,0,6,,0,2,0,0.1,1,0,0,0,31,,443,34,,0,0,0,0
1604109666387,9,1010123456002,70,,1,2,2,1,0,,9,41,74,0.01568,14,0,6,,8,3,0,0.1,1,0,0,18.9611,0,,317,32,,0,0,0,1
1604109666637,9,1010123456002,70,,1,2,2,1,0,,8.77778,18,0,0.011456,11,0,5.8,,0,0,0,0,0,0,0,0,0,,105,16,,0,0,0,0
1604109666887,9,1010123456002,70,,1,2,2,1,0,,6.85366,41,104,0.01392,17,0,5.5,,0,0,0,0,0,0,0,0,0,,653,34,,0,0,0,0
1604109667137,9,1010123456002,70,,1,2,2,1,0,,7.61404,57,125,0.021216,23,0,6.83333,,0,0,0,0,0,0,0,0,0,,630,48,,0,0,0,0
1604109667387,9,1010123456002,70,,1,2,2,1,0,,6.81482,54,0,0.01792,22,0,5.5,,12.5556,9,0,0.1,4,25,0,13.248,31,,421,42,,0,0,0,3.66667
1604109667637,9,1010123456002,70,,1,2,2,1,0,,7.83636,55,50,0.02096,22,0,5.5,,0,0,0,0,0,0,0,0,0,,708,46,,0,0,0,0
1604109667887,9,1010123456002,70,,1,2,2,1,0,,8.26316,19,0,0.008448,9,0,5.6,,0,0,0,0,0,0,0,0,0,,110,16,,0,0,0,0
1604109668137,9,1010123456002,70,,1,2,2,1,0,,9.30769,13,0,0.00576,5,0,6,,0,0,0,0,0,0,0,0,0,,70,10,,0,0,0,0
1604109668387,9,1010123456002,70,,1,2,2,1,0,,9.33333,21,36,0.008128,7,0,6,,10.8,5,0,0.1,2,0,0,16.7421,31,,156,18,,0,0,0,1
1604109668637,9,1010123456002,70,,1,2,2,1,0,,8.15686,102,59,0.03936,40,0,5.66667,,0,0,0,0,0,0,0,0,0,,1152,86,,0,0,0,0
1604109668887,9,1010123456002,70,,1,2,2,1,0,,7.02564,39,0,0.016256,18,0,5.83333,,0,0,0,0,0,0,0,0,0,,346,32,,0,0,0,0
1604109669137,9,1010123456002,70,,1,2,2,1,0,,5.86364,22,0,0.006208,9,0,5.33333,,0,0,0,0,0,0,0,0,0,,249,18,,0,0,0,0
1604109669387,9,1010123456002,70,,1,2,2,1,0,,7.82759,29,0,0.01168,12,0,5.83333,,0,4,0,0.1,2,0,0,0,31,,504,38,,0,0,0,0
1604109669637,9,1010123456002,70,,1,2,2,1,0,,9.52,25,0,0.011392,10,0,5.75,,14,3,0,0.1,1,0,0,15.6663,31,,188,20,,0,0,0,2
1604109669887,9,1010123456002,70,,1,2,2,1,0,,8.2439,41,0,0.017184,17,0,5.83333,,0,0,0,0,0,0,0,0,0,,591,34,,0,0,0,0
1604109670137,9,1010123456002,70,,1,2,2,1,0,,6.8,40,125,0.011968,15,0,5.66667,,0,2,0,0.1,1,0,0,0,31,,630,32,,0,0,0,0
1604109670387,9,1010123456002,70,,1,2,2,1,0,,9.22059,68,509,0.031552,28,0,4.8,,11.6,5,0,0.1,2,0,0,16.6745,31,,1161,84,,0,0,0,1
1604109670637,9,1010123456002,70,,1,2,2,1,0,,6.78788,99,0,0.032544,40,0,5.25,,0,0,0,0,0,0,0,0,0,,587,80,,0,0,0,0
1604109670887,9,1010123456002,70,,1,2,2,1,0,,6.22034,59,14,0.015616,21,0,5.16667,,0,0,0,0,0,0,0,0,0,,740,48,,0,0,0,0
1604109671137,9,1010123456002,70,,1,2,2,1,0,,5.90625,32,274,0.009728,14,0,5,,0,0,0,0,0,0,0,0,0,,484,24,,0,0,0,0
1604109671387,9,1010123456002,70,,1,2,2,1,0,,5.72973,37,0,0.011488,17,0,5.2,,12.6667,9,0,0.1,3,33.3333,0,11.3418,31,,396,32,,0,0,0,4.33333
1604109671637,9,1010123456002,70,,1,2,2,1,0,,6.40816,49,238,0.012256,16,0,5.16667,,0,0,0,0,0,0,0,0,0,,490,40,,0,0,0,0
1604109671887,9,1010123456002,70,,1,2,2,1,0,,6.41379,58,46,0.021696,29,0,5.33333,,0,2,0,0.1,1,0,0,0,31,,932,52,,0,0,0,0
1604109672137,9,1010123456002,70,,1,2,2,1,0,,5.35714,14,104,0.003232,5,0,5.2,,0,0,0,0,0,0,0,0,0,,337,12,,0,0,0,0
1604109672387,9,1010123456002,70,,1,2,2,1,0,,5.84211,76,0,0.024032,35,0,5,,13.2,5,0,0.1,2,0,0,17.6915,31,,965,66,,0,0,0,1
1604109672637,9,1010123456002,70,,1,2,2,1,0,,6,59,40,0.015488,22,0,5,,0,0,0,0,0,0,0,0,0,,1064,48,,0,0,0,0
1604109672887,9,1010123456002,70,,1,2,2,1,0,,5.72414,58,104,0.016832,25,0,5,,0,0,0,0,0,0,0,0,0,,743,48,,0,0,0,0
1604109673137,9,1010123456002,70,,1,2,2,1,0,,5.4421,95,0,0.02368,37,0,4.83333,,0,0,0,0,0,0,0,0,0,,583,72,,0,0,0,0
1604109673387,10,1010123456002,70,,1,2,2,1,0,,0,0,0,0,0,0,5,,0,0,0,0,0,0,0,0,0,,0,0,,0,0,0,0
1604109673637,10,1010123456002,70,,1,2,2,1,0,,5.96667,60,184,0.016768,24,0,5,,13.2,5,0,0.1,2,0,0,18.8277,31,,535,50,,0,0,0,1
1604109673887,10,1010123456002,70,,1,2,2,1,0,,5.65306,49,0,0.014176,21,0,5,,0,0,0,0,0,0,0,0,0,,484,40,,0,0,0,0
1604109674137,10,1010123456002,70,,1,2,2,1,0,,5.9,20,0,0.005632,8,0,5,,0,0,0,0,0,0,0,0,0,,574,18,,0,0,0,0
1604109674387,9,1010123456002,70,,1,2,2,1,0,,3.83333,54,92,0.00896,19,0,4.16667,,13,5,0,0.1,2,0,0,17.1357,31,,716,46,,0,0,0,1.6
1604109674637,9,1010123456002,70,,1,2,2,1,0,,3.85,40,81,0.007904,17,0,4.16667,,0,0,0,0,0,0,0,0,0,,1072,48,,0,0,0,0
1604109674887,9,1010123456002,70,,1,2,2,1,0,,3.76923,65,282,0.012928,28,0,4,,0,0,0,0,0,0,0,0,0,,972,64,,0,0,0,0
1604109675137,9,1010123456002,70,,1,2,2,1,0,,4,107,236,0.02208,46,0,4,,0,2,0,0.1,1,0,0,0,31,,424,120,,0,0,0,0
1604109675387,9,1010123456002,70,,1,2,2,1,0,,3.89091,55,0,0.010784,23,0,4,,7,3,0,0.1,1,0,0,7.4239,0,,626,64,,0,0,0,1
1604109675637,9,1010123456002,70,,1,2,2,1,0,,3.85714,63,205,0.011744,25,0,4,,0,0,0,0,0,0,0,0,0,,506,70,,0,0,0,0
1604109675887,9,1010123456002,70,,1,2,2,1,0,,3.94805,77,328,0.015168,32,0,4,,0,0,0,0,0,0,0,0,0,,750,78,,0,0,0,0
1604109676137,9,1010123456002,70,,1,2,2,1,0,,4,105,315,0.02064,43,0,4,,0,0,0,0,0,0,0,0,0,,-250,120,,0,0,0,0
1604109676387,9,1010123456002,70,,1,2,2,1,0,,4,99,145,0.02112,44,0,4,,1.5,22,0,0.1,8,0,0,9.71546,31,,-218,106,,0,0,0,1
1604109676637,9,1010123456002,70,,1,2,2,1,0,,4,133,43,0.02448,51,0,4,,0,2,0,0.1,1,0,0,0,31,,1316,110,,0,0,0,0
1604109676887,9,1010123456002,70,,1,2,2,1,0,,3.85417,48,136,0.01024,22,0,4,,0,0,0,0,0,0,0,0,0,,686,46,,0,0,0,0
1604109677137,9,1010123456002,70,,1,2,2,1,0,,3.98165,109,0,0.020096,42,0,4,,0,0,0,0,0,0,0,0,0,,810,84,,0,0,0,0
1604109677387,9,1010123456002,70,,1,2,2,1,0,,3.97794,136,205,0.024996,52,0,4,,3.5,8,0,0.1,3,0,0,10.9358,31,,1036,126,,0,0,0,1
1604109677637,9,1010123456002,70,,1,2,2,1,0,,3.88,50,0,0.009408,20,0,4,,0,0,0,0,0,0,0,0,0,,520,58,,0,0,0,0
1604109677887,9,1010123456002,70,,1,2,2,1,0,,3.94444,72,0,0.013728,29,0,4,,0,0,0,0,0,0,0,0,0,,1078,68,,0,0,0,0
1604109678137,9,1010123456002,70,,1,2,2,1,0,,4,37,4,0.00576,12,0,4,,0,0,0,0,0,0,0,0,0,,432,32,,0,0,0,0
1604109678387,9,1010123456002,70,,1,2,2,1,0,,3.77612,67,37,0.012928,28,0,4,,10.2857,7,0,0.1,3,33.3333,0,8.42922,31,,802,66,,0,0,0,3.85714
1604109678637,9,1010123456002,70,,1,2,2,1,0,,3.87838,74,364,0.013184,28,0,4,,0,0,0,0,0,0,0,0,0,,-129,84,,0,0,0,0
1604109678887,9,1010123456002,70,,1,2,2,1,0,,4,119,463,0.02304,48,0,4,,0,2,0,0.1,1,0,0,0,31,,135,106,,0,0,0,0
1604109679137,9,1010123456002,70,,1,2,2,1,0,,4,112,136,0.0216,45,0,4,,2.85714,7,38,0.1,3,0,0,7.3291,31,,-134,124,,0,0,0,1
1604109679387,9,1010123456002,70,,1,2,2,1,0,,3.64,100,328,0.01744,39,0,3.8,,1.625,8,0,0.1,3,0,0,8.76174,0,,364,110,,0,0,0,1
1604109679637,9,1010123456002,70,,1,2,2,1,0,,3.775,120,441,0.023712,51,0,3.83333,,0,0,0,0,0,0,0,0,0,,592,100,,0,0,0,0
1604109679887,9,1010123456002,70,,1,2,2,1,0,,2.59441,143,42,0.02,55,0,3.5,,0,0,0,0,0,0,0,0,0,,159,122,,0,0,0,0
1604109680137,9,1010123456002,70,,1,2,2,1,0,,1.26733,101,352,0.010912,43,0,3.2,,0,0,0,0,0,0,0,0,0,,785,108,,0,0,0,0
1604109680387,9,1010123456002,70,,1,2,2,1,0,,1,124,673,0.010976,49,0,3,,1.4,15,0,0.1,6,0,0,6.28109,31,,-250,124,,0,0,0,1.6
1604109680637,9,1010123456002,70,,1,2,2,1,0,,1,124,828,0.0112,50,0,3,,0,0,0,0,0,0,0,0,0,,-250,118,,0,0,0,0
1604109680887,9,1010123456002,70,,1,2,2,1,0,,1,114,1010,0.010752,48,0,3,,0,0,0,0,0,0,0,0,0,,-250,114,,0,0,0,0
1604109681137,9,1010123456002,70,,1,2,2,1,0,,1,126,1010,0.01008,45,0,3,,0,0,0,0,0,0,0,0,0,,-250,142,,0,0,0,0
1604109681387,9,1010123456002,70,,1,2,2,1,0,,1,362,1203,0.033152,148,0,3,,1.71429,21,0,0.1,7,0,0,11.7057,31,,-250,466,,0,0,0,1
1604109681637,9,1010123456002,70,,1,2,2,1,0,,1,378,1386,0.032032,143,0,3,,4,3,0,0.1,1,0,0,5.59604,31,,-250,454,,0,0,0,1
1604109681887,9,1010123456002,70,,1,2,2,1,0,,1,347,1284,0.03248,145,0,2.85714,,0,0,0,0,0,0,0,0,0,,-250,432,,0,0,0,0
1604109682137,9,1010123456002,70,,1,2,2,1,0,,1,216,1495,0.019264,86,0,2.6,,0.1,3,0,0.1,1,0,0,7.97064,31,,-250,356,,0,0,0,1
1604109682387,9,1010123456002,70,,1,2,2,1,0,,1,229,1838,0.020384,91,0,2.83333,,2.28571,14,0,0.1,5,0,0,6.8644,0,,-250,430,,0,0,0,1.21429
1604109682637,9,1010123456002,70,,1,2,2,1,0,,1,323,1760,0.028896,129,0,3,,2,3,0,0.1,1,0,0,6.76394,31,,-250,474,,0,0,0,1
1604109682887,9,1010123456002,70,,1,2,2,1,0,,1,94,1958,0.008736,39,0,2.83333,,0,0,0,0,0,0,0,0,0,,-250,106,,0,0,0,0
1604109683137,9,1010123456002,70,,1,2,2,1,0,,1,90,2012,0.008288,37,0,2.83333,,0,2,0,0.1,1,0,0,0,31,,-250,106,,0,0,0,0
1604109683387,9,1010123456002,70,,1,2,2,1,0,,1,109,1880,0.009632,43,0,3,,0.736842,19,0,0.1,8,0,0,9.18458,0,,-250,112,,0,0,0,1
1604109683637,9,1010123456002,70,,1,2,2,1,0,,1,124,2356,0.0112,50,0,3,,0,0,0,0,0,0,0,0,0,,-250,112,,0,0,0,0
1604109683887,9,1010123456002,70,,1,2,2,1,0,,1,91,2247,0.008288,37,0,3,,0,0,0,0,0,0,0,0,0,,-250,98,,0,0,0,0
1604109684137,9,1010123456002,70,,1,2,2,1,0,,1,144,2383,0.01232,55,0,3,,0,0,0,0,0,0,0,0,0,,-250,140,,0,0,0,0
1604109684387,9,1010123456002,70,,1,2,2,1,0,,1,266,2368,0.024864,111,0,3,,2.75,12,0,0.1,4,0,0,8.64847,31,,-250,364,,0,0,0,1
1604109684637,9,1010123456002,70,,1,2,2,1,0,,1,142,2359,0.012096,54,0,3,,0,0,0,0,0,0,0,0,0,,-250,118,,0,0,0,0
1604109684887,9,1010123456002,70,,1,2,2,1,0,,1,116,3003,0.010752,48,0,2.75,,2,3,0,0.1,1,0,0,8.98702,31,,-250,122,,0,0,0,1
1604109685137,9,1010123456002,70,,1,2,2,1,0,,1,61,3084,0.005376,24,0,2.5,,0,0,0,0,0,0,0,0,0,,-250,98,,0,0,0,0
1604109685387,10,1010123456002,70,,1,2,2,1,0,,1,200,3788,0.01792,80,0,2.75,,2.25,12,0,0.1,4,0,0,7.69153,31,,-250,412,,0,0,0,1
1604109685637,9,1010123456002,70,,1,2,2,1,0,,1,76,4164,0.005376,24,0,2.33333,,0,0,0,0,0,0,0,0,0,,-250,380,,0,0,0,0
1604109685887,9,1010123456002,70,,1,2,2,1,0,,1,166,4122,0.015456,69,0,2.6,,0,0,0,0,0,0,0,0,0,,-250,474,,0,0,0,0
1604109686137,9,1010123456002,70,,1,2,2,1,0,,1,397,3969,0.033824,151,0,3,,7,3,0,0.1,1,0,0,15.3827,31,,-250,470,,0,0,0,1
1604109686387,9,1010123456002,70,,1,2,2,1,0,,1,385,3987,0.034944,156,0,3,,4.25,12,0,0.1,4,0,0,7.86222,31,,-250,472,,0,0,0,2
1604109686637,9,1010123456002,70,,1,2,2,1,0,,1,230,4327,0.021504,96,0,3,,0,0,0,0,0,0,0,0,0,,-250,266,,0,0,0,0
1604109686887,9,1010123456002,70,,1,2,2,1,0,,1,113,4188,0.010528,47,0,3,,0,2,0,0.1,1,0,0,0,31,,-250,104,,0,0,0,0
1604109687137,9,1010123456002,70,,1,2,2,1,0,,1,110,4212,0.009408,42,0,3,,0,2,4,0.1,1,0,0,0,31,,-250,100,,0,0,0,0
1604109687387,9,1010123456002,70,,1,2,2,1,0,,1,130,5299,0.012096,54,0,3,,0.4,15,0,0.1,6,0,0,6.12869,0,,-250,146,,0,0,0,1
1604109687637,9,1010123456002,70,,1,2,2,1,0,,3.88889,81,4959,0.0208193,36,0,4,,0,0,0,0,0,0,0,0,0,,-250,86,,0,0,0,0
1604109687887,9,1010123456002,70,,1,2,2,1,0,,1,99,4992,0.00896,40,0,3,,0,0,0,0,0,0,0,0,0,,-250,108,,0,0,0,0
1604109688137,9,1010123456002,70,,1,2,2,1,0,,1,349,4727,0.031136,139,0,3,,0,0,0,0,0,0,0,0,0,,-250,466,,0,0,0,0
1604109688387,9,1010123456002,70,,1,2,2,1,0,,4.09492,453,2043,0.118528,178,0,4,,1.5,18,0,0.1,6,0,0,7.30062,31,,-250,482,,0,0,0,1
1604109688637,9,1010123456002,70,,1,2,2,1,0,,1,240,2383,0.02128,95,0,3,,0,0,0,0,0,0,0,0,0,,-250,462,,0,0,0,0
1604109688887,9,1010123456002,70,,1,2,2,1,0,,1,349,2434,0.030688,137,0,2.83333,,0,0,0,0,0,0,0,0,0,,-250,470,,0,0,0,0
1604109689137,9,1010123456002,70,,1,2,2,1,0,,1,378,2301,0.034048,152,0,2.83333,,0,2,0,0.1,1,0,0,0,31,,-250,480,,0,0,0,0
1604109689387,9,1010123456002,70,,1,2,2,1,0,,1,351,2184,0.032928,147,0,2.8,,0,10,0,0.1,5,0,0,0,0,,-250,480,,0,0,0,0
1604109689637,9,1010123456002,70,,1,2,2,1,0,,24.1395,43,784,0.072736,17,0,4.2,,0,0,0,0,0,0,0,0,0,,-71,210,,0,0,0,0
1604109689887,9,1010123456002,70,,1,2,2,1,0,,0,0,1254,0,0,0,2,,0,0,0,0,0,0,0,0,0,,-250,458,,0,0,0,0
1604109690137,9,1010123456002,70,,1,2,2,1,0,,0,0,1880,0,0,0,2,,0,0,0,0,0,0,0,0,0,,-250,456,,0,0,0,0
1604109690387,9,1010123456002,70,,1,2,2,1,0,,0,0,2036,0,0,0,2,,0,0,0,0,0,0,0,0,0,,-250,490,,0,0,0,0
1604109690637,9,1010123456002,70,,1,2,2,1,0,,16.5843,89,0,0.085024,36,0,4.8,,0,0,0,0,0,0,0,0,0,,-48,322,,0,0,0,0
1604109690887,9,1010123456002,70,,1,2,2,1,0,,0,0,628,0,0,0,2,,0,0,0,0,0,0,0,0,0,,-239,438,,0,0,0,0
1604109691137,9,1010123456002,70,,1,2,2,1,0,,1,72,538,0.00672,30,0,2.25,,0,0,0,0,0,0,0,0,0,,-250,500,,0,0,0,0
1604109691387,9,1010123456002,70,,1,2,2,1,0,,16.0286,35,240,0.031616,14,0,3.4,,0,0,0,0,0,0,0,0,0,,-128,424,,0,0,0,0
1604109691637,9,1010123456002,70,,1,2,2,1,0,,3.94506,91,0,0.01744,37,0,4.75,,2.33333,30,0,0.1,12,0,0,6.98989,31,,305,226,,0,0,0,1
1604109691887,9,1010123456002,70,,1,2,2,1,0,,0,0,471,0,0,0,2,,0,0,0,0,0,0,0,0,0,,-86,140,,0,0,0,0
1604109692137,9,1010123456002,70,,1,2,2,1,0,,0,0,1410,0,0,0,2,,0,0,0,0,0,0,0,0,0,,-250,404,,0,0,0,0
1604109692387,9,1010123456002,70,,1,2,2,1,0,,15.1525,59,471,0.037856,17,0,3,,0,0,0,0,0,0,0,0,0,,-250,446,,0,0,0,0
1604109692637,9,1010123456002,70,,1,2,2,1,0,,14.069,29,0,0.037056,18,0,3.4,,0,0,0,0,0,0,0,0,0,,32,84,,0,0,0,0
1604109692887,9,1010123456002,70,,1,2,2,1,0,,1,63,550,0.005824,26,0,2.2,,0,0,0,0,0,0,0,0,0,,-217,346,,0,0,0,0
1604109693137,9,1010123456002,70,,1,2,2,1,0,,0,0,1019,0,0,0,2,,0,0,0,0,0,0,0,0,0,,-250,410,,0,0,0,0
1604109693387,9,1010123456002,70,,1,2,2,1,0,,16.7857,42,0,0.039872,17,0,3.16667,,0,0,0,0,0,0,0,0,0,,54,82,,0,0,0,0
1604109693637,9,1010123456002,70,,1,2,2,1,0,,28,3,0,0.00592,1,0,7.2,,0,0,0,0,0,0,0,0,0,,10,2,,0,0,0,0
1604109693887,9,1010123456002,70,,1,2,2,1,0,,0,0,471,0,0,0,2,,0,0,0,0,0,0,0,0,0,,-210,84,,0,0,0,0
1604109694137,9,1010123456002,70,,1,2,2,1,0,,0,0,784,0,0,0,2,,0,0,0,0,0,0,0,0,0,,-250,308,,0,0,0,0
1604109694387,9,1010123456002,70,,1,2,2,1,0,,0,0,1254,0,0,0,2,,0,0,0,0,0,0,0,0,0,,-250,474,,0,0,0,0
1604109694637,9,1010123456002,70,,1,2,2,1,0,,1,54,1501,0.00494779,22,0,2.16667,,0,0,0,0,0,0,0,0,0,,-250,482,,0,0,0,0
1604109694887,9,1010123456002,70,,1,2,2,1,0,,16.7031,64,315,0.061536,26,0,5.5,,0,0,0,0,0,0,0,0,0,,-115,344,,0,0,0,0
1604109695137,9,1010123456002,70,,1,2,2,1,0,,9,48,158,0.022816,21,0,2.8,,0,0,0,0,0,0,0,0,0,,-40,396,,0,0,0,0
1604109695387,9,1010123456002,70,,1,2,2,1,0,,8.2963,27,0,0.011456,11,0,3.83333,,3.9322,59,0,0.1,27,25.9259,0,6.94849,31,,-33,312,,0,0,0,3.23729
1604109695637,9,1010123456002,70,,1,2,2,1,0,,17.5,6,0,0.005312,2,0,2,,1,5,0,0.1,2,0,0,5.51343,31,,7,4,,0,0,0,1
1604109695887,9,1010123456002,70,,1,2,2,1,0,,0,0,315,0,0,0,2,,0,0,0,0,0,0,0,0,0,,-216,216,,0,0,0,0
1604109696137,9,1010123456002,70,,1,2,2,1,0,,0,0,941,0,0,0,2,,0,0,0,0,0,0,0,0,0,,-250,454,,0,0,0,0
1604109696387,9,1010123456002,70,,1,2,2,1,0,,0,0,1567,0,0,0,2,,0,0,0,0,0,0,0,0,0,,-250,452,,0,0,0,0
1604109696637,9,1010123456002,70,,1,2,2,1,0,,0,0,2349,0,0,0,1.66667,,0,0,0,0,0,0,0,0,0,,-250,442,,0,0,0,0
1604109696887,9,1010123456002,70,,1,2,2,1,0,,0,0,2506,0,0,0,2,,0,0,0,0,0,0,0,0,0,,-250,488,,0,0,0,0
1604109697137,9,1010123456002,70,,1,2,2,1,0,,0,0,2975,0,0,0,2,,0,0,0,0,0,0,0,0,0,,-250,466,,0,0,0,0
1604109697387,9,1010123456002,70,,1,2,2,1,0,,1,43,3084,0.003584,16,0,2.5,,0,0,0,0,0,0,0,0,0,,-250,184,,0,0,0,0
1604109697637,9,1010123456002,70,,1,2,2,1,0,,1,19,3219,0.001568,7,0,2.2,,0,0,0,0,0,0,0,0,0,,-250,94,,0,0,0,0
1604109697887,9,1010123456002,70,,1,2,2,1,0,,1,36,3644,0.002688,12,0,2.33333,,0,0,0,0,0,0,0,0,0,,-250,122,,0,0,0,0
1604109698137,9,1010123456002,70,,1,2,2,1,0,,1,177,4053,0.0168,75,0,2.6,,8,38,0,0.1,14,21.4286,0,7.14904,31,,-250,368,,0,0,0,4.94737
1604109698387,9,1010123456002,70,,1,2,2,1,0,,1,309,3839,0.027104,121,0,3,,1.61905,21,16131,0.1,9,0,0,8.65119,31,,-250,490,,0,0,0,1
1604109698637,9,1010123456002,70,,1,2,2,1,0,,1,125,4005,0.011424,51,0,2.33333,,3.25,4,0,0.1,2,0,0,9.59129,0,,-250,480,,0,0,0,1.25
1604109698887,9,1010123456002,70,,1,2,2,1,0,,1,239,4023,0.021056,94,0,2.71429,,0,0,0,0,0,0,0,0,0,,-250,480,,0,0,0,0
1604109699137,9,1010123456002,70,,1,2,2,1,0,,6.39667,300,826,0.11888,125,0,3.5,,0,0,0,0,0,0,0,0,0,,-250,500,,0,0,0,0
1604109699387,9,1010123456002,70,,1,2,2,1,0,,1,160,1104,0.014336,64,0,2.5,,0,0,0,0,0,0,0,0,0,,-250,468,,0,0,0,0
1604109699637,9,1010123456002,70,,1,2,2,1,0,,24.6522,23,0,0.04688,9,0,6.33333,,0,0,0,0,0,0,0,0,0,,-131,346,,0,0,0,0
1604109699887,9,1010123456002,70,,1,2,2,1,0,,0,2,315,0.00592,1,0,2,,0,0,0,0,0,0,0,0,0,,-101,210,,0,0,0,0
1604109700137,9,1010123456002,70,,1,2,2,1,0,,0,0,784,0,0,0,2,,0,0,0,0,0,0,0,0,0,,-250,448,,0,0,0,0
1604109700387,9,1010123456002,70,,1,2,2,1,0,,0,0,1410,0,0,0,2,,0,0,0,0,0,0,0,0,0,,-250,422,,0,0,0,0
1604109700637,9,1010123456002,70,,1,2,2,1,0,,0,0,2506,0,0,0,1.6,,0,0,0,0,0,0,0,0,0,,-250,354,,0,0,0,0
1604109700887,9,1010123456002,70,,1,2,2,1,0,,17.3766,77,652,0.078656,32,0,4.33333,,0,0,0,0,0,0,0,0,0,,-224,452,,0,0,0,0
1604109701137,9,1010123456002,70,,1,2,2,1,0,,8.76119,67,0,0.02944,27,0,2.66667,,0,0,0,0,0,0,0,0,0,,-130,436,,0,0,0,0
1604109701387,9,1010123456002,70,,1,2,2,1,0,,17.3333,9,182,0.009792,4,0,4.33333,,0,0,0,0,0,0,0,0,0,,128,116,,0,0,0,0
1604109701637,9,1010123456002,70,,1,2,2,1,0,,0,0,495,0,0,0,2,,0,0,0,0,0,0,0,0,0,,-250,248,,0,0,0,0
1604109701887,9,1010123456002,70,,1,2,2,1,0,,8,45,0,0.018144,18,0,7.5,,1.94118,34,0,0.1,14,0,0,6.39562,31,,238,38,,0,0,0,1
1604109702137,9,1010123456002,70,,1,2,2,1,0,,0,0,158,0,0,0,2.33333,,0,0,0,0,0,0,0,0,0,,-39,66,,0,0,0,0
1604109702387,9,1010123456002,70,,1,2,2,1,0,,0,0,628,0,0,0,2,,0,0,0,0,0,0,0,0,0,,-250,404,,0,0,0,0
1604109702637,9,1010123456002,70,,1,2,2,1,0,,17.4839,31,0,0.031776,13,0,2.83333,,0,0,0,0,0,0,0,0,0,,-169,420,,0,0,0,0
1604109702887,9,1010123456002,70,,1,2,2,1,0,,8.4,10,155,0.005472,3,0,5,,0,0,0,0,0,0,0,0,0,,12,12,,0,0,0,0
1604109703137,9,1010123456002,70,,1,2,2,1,0,,1,48,724,0.00448,20,0,2,,0,0,0,0,0,0,0,0,0,,-250,458,,0,0,0,0
1604109703387,9,1010123456002,70,,1,2,2,1,0,,16.1633,49,158,0.045888,20,0,5.5,,0,0,0,0,0,0,0,0,0,,-99,288,,0,0,0,0
1604109703637,9,1010123456002,70,,1,2,2,1,0,,20.25,8,0,0.010528,3,0,4.75,,0,0,0,0,0,0,0,0,0,,-165,344,,0,0,0,0
1604109703887,9,1010123456002,70,,1,2,2,1,0,,15.4839,31,0,0.026752,12,0,4.14286,,0,0,0,0,0,0,0,0,0,,-93,292,,0,0,0,0
1604109704137,9,1010123456002,70,,1,2,2,1,0,,1,34,276,0.002912,13,0,2,,0,0,0,0,0,0,0,0,0,,-200,380,,0,0,0,0
1604109704387,9,1010123456002,70,,1,2,4,1,0,,0.1,151,158,0.021824,62,0,2.33333,,0.26087,46,0,0.1,19,0,0,4.23463,31,,52,524,,0,0,0,1.13043
1604109704637,9,1010123456002,70,,1,2,4,1,0,,0.269663,89,0,0.014912,37,0,2.25,,0.444444,9,0,0.1,4,0,0,7.64103,0,,189,232,,0,0,0,1
1604109704887,9,1010123456002,70,,1,2,4,1,0,,0.337209,86,0,0.013248,31,0,2.33333,,0.1,3,0,0.1,1,0,0,12.6133,31,,113,226,,0,0,0,1
1604109705137,9,1010123456002,70,,1,2,4,1,0,,0,4,0,0.006816,6,0,4.83333,,0,0,0,0,0,0,0,0,0,,6,6,,0,0,0,0
1604109705387,9,1010123456002,70,,1,2,4,1,0,,0.1,136,237,0.019008,54,0,3.83333,,1.28571,14,0,0.1,5,0,0,5.9161,31,,-129,438,,0,0,0,1.14286
1604109705637,9,1010123456002,70,,1,2,4,1,0,,0.1,244,195,0.034496,98,0,2,,0,0,0,0,0,0,0,0,0,,-141,756,,0,0,0,0
1604109705887,9,1010123456002,70,,1,2,4,1,0,,0.1,294,144,0.041536,118,0,2,,0,0,0,0,0,0,0,0,0,,6,782,,0,0,0,0
1604109706137,9,1010123456002,70,,1,2,4,1,0,,0.1,155,196,0.020064,57,0,2,,0,0,0,0,0,0,0,0,0,,152,476,,0,0,0,0
1604109706387,9,1010123456002,70,,1,2,4,1,0,,0.1,182,0,0.02816,80,0,2,,0.285714,21,0,0.1,7,0,0,4.2823,31,,235,568,,0,0,0,1
1604109706637,9,1010123456002,70,,1,2,4,1,0,,1.59633,109,0,0.030944,45,0,3.33333,,0,0,0,0,0,0,0,0,0,,98,322,,0,0,0,0
1604109706887,9,1010123456002,70,,1,2,4,1,0,,0.289617,183,130,0.029344,72,0,2,,0,0,0,0,0,0,0,0,0,,-85,652,,0,0,0,0
1604109707137,9,1010123456002,70,,1,2,4,1,0,,0.1,53,0,0.008096,23,0,2,,0,0,0,0,0,0,0,0,0,,79,160,,0,0,0,0
1604109707387,9,1010123456002,70,,1,2,4,1,0,,0,0,0,0,0,0,2,,0,0,0,0,0,0,0,0,0,,0,0,,0,0,0,0
1604109707637,9,1010123456002,70,,1,2,4,1,0,,10.2,5,0,0.005408,2,0,4.8,,0,0,0,0,0,0,0,0,0,,20,6,,0,0,0,0
1604109707887,9,1010123456002,70,,1,2,4,1,0,,0.1,111,0,0.01584,45,0,2,,1.5,30,0,0.1,11,0,0,7.62898,31,,147,324,,0,0,0,1
1604109708137,9,1010123456002,70,,1,2,4,1,0,,0,1,0,0.005152,1,0,4,,0,0,0,0,0,0,0,0,0,,12,4,,0,0,0,0
1604109708387,9,1010123456002,70,,1,2,4,1,0,,0.1,205,81,0.025344,72,0,1.83333,,3.25,12,0,0.1,4,0,0,5.84746,31,,37,480,,0,0,0,1
1604109708637,9,1010123456002,70,,1,2,4,1,0,,0.1,141,0,0.022528,64,0,3.75,,0,0,0,0,0,0,0,0,0,,174,284,,0,0,0,0
1604109708887,9,1010123456002,70,,1,2,4,1,0,,0.1,158,182,0.021472,61,0,2,,0.1,3,0,0.1,1,0,0,5.20119,31,,10,486,,0,0,0,1
1604109709137,9,1010123456002,70,,1,2,4,1,0,,0.1,124,0,0.018656,53,0,2,,0,0,0,0,0,0,0,0,0,,190,342,,0,0,0,0
1604109709387,9,1010123456002,70,,1,2,4,1,0,,0.1,59,0,0.008096,23,0,2,,0.5,24,0,0.1,9,0,0,7.45575,31,,45,148,,0,0,0,1
1604109709637,9,1010123456002,70,,1,2,4,1,0,,0.1,220,0,0.032032,91,0,2,,0,0,0,0,0,0,0,0,0,,48,502,,0,0,0,0
1604109709887,9,1010123456002,70,,1,2,4,1,0,,0.1,61,0,0.008096,23,0,2,,0,0,0,0,0,0,0,0,0,,27,188,,0,0,0,0
1604109710137,9,1010123456002,70,,1,2,4,1,0,,0.1,57,158,0.008096,23,0,3.75,,0,2,0,0.1,1,0,0,0,31,,103,136,,0,0,0,0
1604109710387,9,1010123456002,70,,1,2,4,1,0,,0.1,105,0,0.01584,45,0,1.8,,1.71429,7,0,0.1,3,0,0,8.70183,0,,34,272,,0,0,0,1
1604109710637,9,1010123456002,70,,1,2,4,1,0,,0,4,144,0,0,0,1.8,,0,0,0,0,0,0,0,0,0,,-6,8,,0,0,0,0
1604109710887,9,1010123456002,70,,1,2,4,1,0,,0.1,110,0,0.016257,46,0,1.8,,0,0,0,0,0,0,0,0,0,,96,236,,0,0,0,0
1604109711137,9,1010123456002,70,,1,2,4,1,0,,0.1,180,126,0.023232,66,0,1.33333,,0,2,0,0.1,1,0,0,0,31,,71,384,,0,0,0,0
1604109711387,9,1010123456002,70,,1,2,4,1,0,,0.1,60,109,0.009856,28,0,2.4,,11.1786,56,0,0.1,24,75,0,6.77547,31,,71,156,,0,0,0,7.625
1604109711637,9,1010123456002,70,,1,2,4,1,0,,0.1,95,0,0.015136,43,0,1.33333,,0,0,0,0,0,0,0,0,0,,105,200,,0,0,0,0
1604109711887,9,1010123456002,70,,1,2,4,1,0,,0.1,175,130,0.024288,69,0,1.4,,0,0,0,0,0,0,0,0,0,,157,472,,0,0,0,0
1604109712137,9,1010123456002,70,,1,2,4,1,0,,0.1,93,32,0.013376,38,0,1,,0,0,0,0,0,0,0,0,0,,167,352,,0,0,0,0
1604109712387,9,1010123456002,70,,1,2,4,1,0,,0.1,140,443,0.01936,55,0,1.6,,2.81818,11,0,0.1,4,0,0,7.9635,31,,55,286,,0,0,0,1
1604109712637,9,1010123456002,70,,1,2,4,1,0,,0.1,270,136,0.03696,105,0,1.5,,0,0,0,0,0,0,0,0,0,,-250,930,,0,0,0,0
1604109712887,9,1010123456002,70,,1,2,4,1,0,,0.1,323,0,0.048928,139,0,2,,0,0,0,0,0,0,0,0,0,,50,734,,0,0,0,0
1604109713137,9,1010123456002,70,,1,2,4,1,0,,0.1,240,123,0.032736,93,0,2,,0,2,38,0.1,1,0,0,0,31,,-75,594,,0,0,0,0
1604109713387,9,1010123456002,70,,1,2,4,1,0,,0.1,265,0,0.03872,110,0,2,,2.76923,13,0,0.1,6,0,0,8.45156,31,,101,602,,0,0,0,1
1604109713637,9,1010123456002,70,,1,2,4,1,0,,0.1,158,39,0.019712,56,0,2,,0,0,0,0,0,0,0,0,0,,175,492,,0,0,0,0
1604109713887,9,1010123456002,70,,1,2,4,1,0,,0.1,152,238,0.02288,65,0,2,,0,0,0,0,0,0,0,0,0,,51,426,,0,0,0,0
1604109714137,9,1010123456002,70,,1,2,4,1,0,,0.1,146,0,0.021472,61,0,2,,0,0,0,0,0,0,0,0,0,,76,378,,0,0,0,0
1604109714387,9,1010123456002,70,,1,2,4,1,0,,0.1,60,0,0.008096,23,0,2,,4.75,24,0,0.1,9,0,0,9.40739,31,,72,130,,0,0,0,1.125
1604109714637,9,1010123456002,70,,1,2,4,1,0,,0.1,56,0,0.006336,18,0,2.4,,0,0,0,0,0,0,0,0,0,,37,108,,0,0,0,0
1604109714887,9,1010123456002,70,,1,2,4,1,0,,0.1,56,158,0.0088,25,0,2,,0,0,0,0,0,0,0,0,0,,45,110,,0,0,0,0
1604109715137,9,1010123456002,70,,1,2,4,1,0,,0.1,112,0,0.016896,48,0,2,,0,0,0,0,0,0,0,0,0,,-6,236,,0,0,0,0
1604109715387,9,1010123456002,70,,1,2,4,1,0,,0.1,198,397,0.027456,78,0,2,,1.42857,21,0,0.1,7,0,0,6.77425,31,,91,468,,0,0,0,1
1604109715637,9,1010123456002,70,,1,2,4,1,0,,0.1,239,494,0.033792,96,0,2,,0,0,0,0,0,0,0,0,0,,-250,838,,0,0,0,0
1604109715887,9,1010123456002,70,,1,2,4,1,0,,0.1,235,280,0.034496,98,0,2,,0,2,0,0.1,1,0,0,0,31,,7,682,,0,0,0,0
1604109716137,9,1010123456002,70,,1,2,4,1,0,,0.1,263,0,0.03872,110,0,1.5,,0.1,3,25,0.1,1,0,0,5.79345,31,,-79,716,,0,0,0,1
1604109716387,9,1010123456002,70,,1,2,4,1,0,,0,4,0,0.010304,2,0,4,,0.16,25,0,0.1,10,0,0,8.33589,0,,6,8,,0,0,0,1
1604109716637,9,1010123456002,70,,1,2,4,1,0,,0.1,112,0,0.016192,46,0,1.8,,0,0,0,0,0,0,0,0,0,,145,388,,0,0,0,0
1604109716887,9,1010123456002,70,,1,2,4,1,0,,0.1,56,0,0.008096,23,0,1.8,,0,0,0,0,0,0,0,0,0,,58,116,,0,0,0,0
1604109717137,9,1010123456002,70,,1,2,4,1,0,,0,4,0,0.003616,1,0,5,,0,0,0,0,0,0,0,0,0,,16,6,,0,0,0,0
1604109717387,9,1010123456002,70,,1,2,4,1,0,,14.4,5,0,0.00704,3,0,7.5,,0,0,0,0,0,0,0,0,0,,10,4,,0,0,0,0
1604109717637,9,1010123456002,70,,1,2,4,1,0,,1.4026,77,0,0.019072,30,0,2.16667,,2.8,10,0,0.1,4,0,0,8.03394,31,,147,376,,0,0,0,1
1604109717887,9,1010123456002,70,,1,2,4,1,0,,1.2,65,0,0.013472,25,0,3,,0,0,0,0,0,0,0,0,0,,72,140,,0,0,0,0
1604109718137,9,1010123456002,70,,1,2,4,1,0,,0,4,0,0.005376,2,0,6,,0,0,0,0,0,0,0,0,0,,96,6,,0,0,0,0
1604109718387,9,1010123456002,70,,1,2,4,1,0,,0.1,119,0,0.016192,46,0,1.25,,3.09091,11,0,0.1,4,0,0,7.6096,31,,125,252,,0,0,0,1
1604109718637,9,1010123456002,70,,1,2,4,1,0,,0.6,60,0,0.013248,24,0,6,,0,0,0,0,0,0,0,0,0,,58,120,,0,0,0,0
1604109718887,9,1010123456002,70,,1,2,4,1,0,,0.1,115,0,0.016192,46,0,1.4,,0,0,0,0,0,0,0,0,0,,237,290,,0,0,0,0
1604109719137,9,1010123456002,70,,1,2,4,1,0,,4.80357,56,217,0.030304,19,0,7.5,,0,0,0,0,0,0,0,0,0,,88,130,,0,0,0,0
1604109719387,9,1010123456002,70,,1,2,4,1,0,,0.1,76,0,0.01232,35,0,1.2,,3,12,0,0.1,4,0,0,13.0809,31,,14,220,,0,0,0,1.25
1604109719637,9,1010123456002,70,,1,2,4,1,0,,0.1,59,0,0.008096,23,0,1.6,,0,0,0,0,0,0,0,0,0,,40,118,,0,0,0,0
1604109719887,9,1010123456002,70,,1,2,4,1,0,,0.478261,115,0,0.02128,47,0,2.4,,0,0,0,0,0,0,0,0,0,,29,260,,0,0,0,0
1604109720137,9,1010123456002,70,,1,2,4,1,0,,0.1,118,0,0.01584,45,0,1,,0,0,0,0,0,0,0,0,0,,-16,556,,0,0,0,0
1604109720387,9,1010123456002,70,,1,2,4,1,0,,0.1,124,102,0.016896,48,0,1.5,,0,8,0,0.1,4,0,0,0,31,,268,364,,0,0,0,0
1604109720637,9,1010123456002,70,,1,2,4,1,0,,0.1,148,0,0.023584,67,0,1.66667,,0,0,0,0,0,0,0,0,0,,218,358,,0,0,0,0
1604109720887,9,1010123456002,70,,1,2,4,1,0,,0,0,0,0,0,0,3.5,,0,0,0,0,0,0,0,0,0,,0,0,,0,0,0,0
1604109721137,9,1010123456002,70,,1,2,4,1,0,,0.1,164,0,0.023584,67,0,1.4,,0,0,0,0,0,0,0,0,0,,-91,568,,0,0,0,0
1604109721387,9,1010123456002,70,,1,2,4,1,0,,0,0,0,0,0,0,2,,0,0,0,0,0,0,0,0,0,,0,0,,0,0,0,0
1604109721637,9,1010123456002,70,,1,2,4,1,0,,0.1,125,122,0.015136,43,0,2,,0,0,0,0,0,0,0,0,0,,-49,284,,0,0,0,0
1604109721887,9,1010123456002,70,,1,2,4,1,0,,0.1,215,0,0.032384,92,0,2.2,,2.25,12,0,0.1,4,0,0,8.82435,31,,69,426,,0,0,0,1
1604109722137,9,1010123456002,70,,1,2,4,1,0,,0.1,59,0,0.008096,23,0,1.6,,0,2,0,0.1,1,0,0,0,31,,121,160,,0,0,0,0
1604109722387,9,1010123456002,70,,1,2,4,1,0,,0.1,114,0,0.016192,46,0,2,,3.23077,13,0,0.1,5,20,0,3.02455,0,,215,304,,0,0,0,3.30769
1604109722637,9,1010123456002,70,,1,2,4,1,0,,0.828571,70,0,0.013728,28,0,1.83333,,0,0,0,0,0,0,0,0,0,,91,142,,0,0,0,0
1604109722887,9,1010123456002,70,,1,2,4,1,0,,0.55,100,60,0.016544,36,0,2.5,,0,0,0,0,0,0,0,0,0,,151,342,,0,0,0,0
1604109723137,9,1010123456002,70,,1,2,4,1,0,,0.376289,194,0,0.034208,82,0,2.83333,,0.1,3,0,0.1,1,0,0,14.6023,31,,117,428,,0,0,0,1
1604109723387,9,1010123456002,70,,1,2,4,1,0,,0.1,115,0,0.016192,46,0,2,,0,12,0,0.1,6,0,0,0,0,,77,228,,0,0,0,0
1604109723637,9,1010123456002,70,,1,2,4,1,0,,0.901639,61,0,0.011424,19,0,3.8,,0,0,0,0,0,0,0,0,0,,198,308,,0,0,0,0
1604109723887,9,1010123456002,70,,1,2,4,1,0,,0,0,0,0.00176,5,0,2.25,,0,0,0,0,0,0,0,0,0,,0,0,,0,0,0,0
1604109724137,9,1010123456002,70,,1,2,4,1,0,,0.518519,135,443,0.021632,49,0,2.8,,0,0,0,0,0,0,0,0,0,,261,332,,0,0,0,0
1604109724387,9,1010123456002,70,,1,2,4,1,0,,0.1,219,304,0.030747,87,0,2,,0,18,0,0.1,9,22.2222,0,0,31,,-250,784,,0,0,0,0
1604109724637,9,1010123456002,70,,1,2,4,1,0,,4.59524,42,0,0.023712,21,0,5,,0,0,0,0,0,0,0,0,0,,73,98,,0,0,0,0
1604109724887,9,1010123456002,70,,1,2,4,1,0,,1.62069,58,133,0.01296,20,0,3.2,,0,0,0,0,0,0,0,0,0,,5,118,,0,0,0,0
1604109725137,9,1010123456002,70,,1,2,4,1,0,,0.1,164,0,0.023232,66,0,2,,0,0,0,0,0,0,0,0,0,,69,376,,0,0,0,0
1604109725387,9,1010123456002,70,,1,2,4,1,0,,6.875,8,0,0.0056,3,0,5,,0.823529,17,0,0.1,7,0,0,5.78232,31,,47,12,,0,0,0,1.11765
1604109725637,9,1010123456002,70,,1,2,4,1,0,,0.936306,157,0,0.031488,58,0,2.5,,0,0,0,0,0,0,0,0,0,,532,404,,0,0,0,0
1604109725887,9,1010123456002,70,,1,2,4,1,0,,0.369565,46,0,0.009088,23,0,2.5,,0,0,0,0,0,0,0,0,0,,165,130,,0,0,0,0
1604109726137,9,1010123456002,70,,1,2,4,1,0,,0.868421,38,137,0.006944,13,0,5.33333,,0,0,0,0,0,0,0,0,0,,108,76,,0,0,0,0
1604109726387,9,1010123456002,70,,1,2,4,1,0,,1.17588,199,35,0.048288,80,0,3.75,,0.5,16,0,0.1,8,0,0,6.00342,31,,253,502,,0,0,0,1.125
1604109726637,9,1010123456002,70,,1,2,4,1,0,,0.756757,37,0,0.010048,19,0,2.25,,0,0,0,0,0,0,0,0,0,,54,84,,0,0,0,0
1604109726887,9,1010123456002,70,,1,2,4,1,0,,2.83333,24,107,0.006464,6,0,4,,0,0,0,0,0,0,0,0,0,,31,52,,0,0,0,0
1604109727137,9,1010123456002,70,,1,2,4,1,0,,0.909091,55,0,0.012672,24,0,2.8,,0,0,0,0,0,0,0,0,0,,196,108,,0,0,0,0
1604109727387,9,1010123456002,70,,1,2,4,1,0,,3.94595,37,0,0.01712,15,0,5.5,,0,0,0,0,0,0,0,0,0,,73,66,,0,0,0,0
1604109727637,9,1010123456002,70,,1,2,4,1,0,,7.75,8,0,0.005408,3,0,4.2,,0,0,0,0,0,0,0,0,0,,63,10,,0,0,0,0
1604109727887,9,1010123456002,70,,1,2,4,1,0,,3.07692,26,0,0.011424,11,0,4.16667,,0,0,0,0,0,0,0,0,0,,-17,44,,0,0,0,0
1604109728137,9,1010123456002,70,,1,2,4,1,0,,1,39,259,0.007136,13,0,3,,1.875,24,0,0.1,10,0,0,9.62282,31,,27,74,,0,0,0,1
1604109728387,9,1010123456002,70,,1,2,4,1,0,,1,109,0,0.025568,45,0,5.33333,,2.27273,11,0,0.1,4,0,0,10.1092,31,,55,208,,0,0,0,1
1604109728637,9,1010123456002,70,,1,2,4,1,0,,1,30,0,0.00656,12,0,3,,0,0,0,0,0,0,0,0,0,,201,46,,0,0,0,0
1604109728887,9,1010123456002,70,,1,2,4,1,0,,1,48,362,0.010368,18,0,3,,0,0,0,0,0,0,0,0,0,,-116,262,,0,0,0,0
1604109729137,9,1010123456002,70,,1,2,4,1,0,,1.1118,161,158,0.041056,69,0,4,,7,3,102,0.1,1,0,0,5.12518,31,,-58,672,,0,0,0,2
1604109729387,9,1010123456002,70,,1,2,4,1,0,,6.29412,17,144,0.0112,6,0,3.5,,0.1,12,0,0.1,4,0,0,8.71689,0,,166,36,,0,0,0,1
1604109729637,9,1010123456002,70,,1,2,4,1,0,,1,53,0,0.01312,24,0,3.33333,,0,2,0,0.1,1,0,0,0,31,,151,170,,0,0,0,0
1604109729887,9,1010123456002,70,,1,2,4,1,0,,0.964912,57,0,0.013024,23,0,3,,0,0,0,0,0,0,0,0,0,,62,104,,0,0,0,0
1604109730137,9,1010123456002,70,,1,2,4,1,0,,1.80233,86,0,0.024608,35,0,4,,0,0,0,0,0,0,0,0,0,,342,162,,0,0,0,0
1604109730387,9,1010123456002,70,,1,2,4,1,0,,1,145,0,0.032704,58,0,3,,0,6,0,0.1,3,0,0,0,31,,174,326,,0,0,0,0
1604109730637,9,1010123456002,70,,1,2,4,1,0,,0,0,158,0,0,0,4.5,,0,0,0,0,0,0,0,0,0,,18,0,,0,0,0,0
1604109730887,9,1010123456002,70,,1,2,4,1,0,,1.90769,65,0,0.018624,27,0,3,,0,0,0,0,0,0,0,0,0,,181,130,,0,0,0,0
1604109731137,9,1010123456002,70,,1,2,4,1,0,,1,64,114,0.013696,25,0,3,,0,0,0,0,0,0,0,0,0,,75,122,,0,0,0,0
1604109731387,9,1010123456002,70,,1,2,4,1,0,,1,116,0,0.025664,47,0,3,,0,4,0,0.1,2,0,0,0,31,,385,204,,0,0,0,0
1604109731637,9,1010123456002,70,,1,2,4,1,0,,1.86154,65,0,0.01856,27,0,3.25,,0,0,0,0,0,0,0,0,0,,151,174,,0,0,0,0
1604109731887,9,1010123456002,70,,1,2,4,1,0,,2.14286,42,0,0.012256,17,0,3.5,,0,0,0,0,0,0,0,0,0,,153,86,,0,0,0,0
1604109732137,9,1010123456002,70,,1,2,4,1,0,,0.97541,122,0,0.026144,47,0,3.4,,0,0,0,0,0,0,0,0,0,,179,226,,0,0,0,0
1604109732387,9,1010123456002,70,,1,2,4,1,0,,1,32,0,0.00656,12,0,3.4,,0,4,0,0.1,2,0,0,0,31,,90,50,,0,0,0,0
1604109732637,9,1010123456002,70,,1,2,4,1,0,,0.964706,85,0,0.019584,35,0,3.33333,,0,0,0,0,0,0,0,0,0,,48,158,,0,0,0,0
1604109732887,9,1010123456002,70,,1,2,4,1,0,,1.48649,74,0,0.017568,27,0,3.33333,,0,0,0,0,0,0,0,0,0,,252,150,,0,0,0,0
1604109733137,9,1010123456002,70,,1,2,4,1,0,,0.982301,113,0,0.02752,50,0,3.4,,0,0,0,0,0,0,0,0,0,,139,236,,0,0,0,0
1604109733387,9,1010123456002,70,,1,2,4,1,0,,3.85185,27,0,0.005824,6,0,3.83333,,10.2,5,0,0.1,2,0,0,11.8873,31,,166,52,,0,0,0,1.8
1604109733637,9,1010123456002,70,,1,2,4,1,0,,2.64935,77,0,0.02976,36,0,3.8,,0,0,0,0,0,0,0,0,0,,280,152,,0,0,0,0
1604109733887,9,1010123456002,70,,1,2,4,1,0,,0,0,0,0,0,0,3.83333,,0,0,0,0,0,0,0,0,0,,0,0,,0,0,0,0
1604109734137,9,1010123456002,70,,1,2,4,1,0,,0,0,0,0,0,0,4,,0,0,0,0,0,0,0,0,0,,0,0,,0,0,0,0
1604109734387,9,1010123456002,70,,1,2,6,1,0,,3.6,10,0,0.0056,4,0,4,,0,16,0,0.1,8,25,0,0,31,,124,24,,0,0,0,0
1604109734637,9,1010123456002,70,,1,2,6,1,0,,4.20588,34,0,0.02224,14,0,4.5,,0,0,0,0,0,0,0,0,0,,283,98,,0,0,0,0
1604109734887,9,1010123456002,70,,1,2,6,1,0,,5,8,0,0.001632,1,0,4.85714,,0,0,0,0,0,0,0,0,0,,170,18,,0,0,0,0
1604109735137,9,1010123456002,70,,1,2,6,1,0,,4.70732,41,0,0.030848,18,0,4.5,,0,2,0,0.1,1,0,0,0,31,,313,94,,0,0,0,0
1604109735387,9,1010123456002,70,,1,2,6,1,0,,5.71429,7,0,0.0024,1,0,4.5,,0,12,0,0.1,6,0,0,0,0,,26,14,,0,0,0,0
1604109735637,9,1010123456002,70,,1,2,6,1,0,,3.84211,19,0,0.01408,10,0,4.83333,,0,0,0,0,0,0,0,0,0,,270,46,,0,0,0,0
1604109735887,9,1010123456002,70,,1,2,6,1,0,,5.6087,23,0,0.02176,10,0,4.71429,,0,0,0,0,0,0,0,0,0,,306,60,,0,0,0,0
1604109736137,9,1010123456002,70,,1,2,6,1,0,,3.65,20,158,0.0112,8,0,4.5,,14,3,0,0.1,1,0,0,9.04683,31,,259,64,,0,0,0,4
1604109736387,9,1010123456002,70,,1,2,6,1,0,,5.13636,22,0,0.016416,9,0,4.5,,0,4,0,0.1,2,0,0,0,0,,293,50,,0,0,0,0
1604109736637,9,1010123456002,70,,1,2,6,1,0,,3.18182,33,0,0.016704,13,0,5,,0,0,0,0,0,0,0,0,0,,172,94,,0,0,0,0
1604109736887,9,1010123456002,70,,1,2,6,1,0,,5.71429,7,0,0.005376,3,0,4.42857,,0,0,0,0,0,0,0,0,0,,50,14,,0,0,0,0
1604109737137,9,1010123456002,70,,1,2,6,1,0,,3.3871,31,0,0.016672,12,0,4.33333,,0,0,0,0,0,0,0,0,0,,213,80,,0,0,0,0
1604109737387,9,1010123456002,70,,1,2,6,1,0,,4.57143,28,0,0.008,5,0,4.16667,,10.8,5,0,0.1,2,0,0,17.6516,31,,142,52,,0,0,0,1
1604109737637,9,1010123456002,70,,1,2,6,1,0,,4.95,40,0,0.035808,22,0,4.83333,,0,0,0,0,0,0,0,0,0,,484,102,,0,0,0,0
1604109737887,9,1010123456002,70,,1,2,6,1,0,,0,0,0,0,0,0,4.71429,,0,0,0,0,0,0,0,0,0,,0,0,,0,0,0,0
1604109738137,9,1010123456002,70,,1,2,6,1,0,,4.45455,11,0,0.005504,4,0,4.33333,,0,0,0,0,0,0,0,0,0,,97,24,,0,0,0,0
1604109738387,9,1010123456002,70,,1,2,6,1,0,,3.81481,27,0,0.016736,11,0,4.33333,,12.5,8,0,0.1,3,33.3333,0,12.892,31,,260,74,,0,0,0,4.75
1604109738637,9,1010123456002,70,,1,2,6,1,0,,3.53846,13,111,0.005664,5,0,4,,0,0,0,0,0,0,0,0,0,,79,30,,0,0,0,0
1604109738887,9,1010123456002,70,,1,2,6,1,0,,3.34483,29,0,0.016672,12,0,4,,0,0,0,0,0,0,0,0,0,,218,64,,0,0,0,0
1604109739137,9,1010123456002,70,,1,2,6,1,0,,3.59091,22,0,0.0112,9,0,4,,0,0,0,0,0,0,0,0,0,,62,50,,0,0,0,0
1604109739387,9,1010123456002,70,,1,2,6,1,0,,3.68182,22,0,0.005792,5,0,4,,13.8,5,0,0.1,2,0,0,18.4798,31,,64,46,,0,0,0,1
1604109739637,9,1010123456002,70,,1,2,6,1,0,,3.25,12,109,0.0112,8,0,4.33333,,0,0,0,0,0,0,0,0,0,,54,34,,0,0,0,0
1604109739887,9,1010123456002,70,,1,2,6,1,0,,3.70732,41,0,0.018432,13,0,4,,0,0,0,0,0,0,0,0,0,,299,88,,0,0,0,0
1604109740137,9,1010123456002,70,,1,2,6,1,0,,3.3,10,0,0.009568,7,0,4.33333,,0,0,0,0,0,0,0,0,0,,60,26,,0,0,0,0
1604109740387,9,1010123456002,70,,1,2,6,1,0,,3.19048,21,0,0.011072,8,0,4.33333,,13.5,6,0,0.1,2,0,0,12.8289,31,,23,48,,0,0,0,2
1604109740637,9,1010123456002,70,,1,2,6,1,0,,4.69231,26,0,0.016416,10,0,4.5,,0,0,0,0,0,0,0,0,0,,178,68,,0,0,0,0
1604109740887,9,1010123456002,70,,1,2,6,1,0,,5.67857,28,0,0.021568,10,0,5.16667,,0,0,0,0,0,0,0,0,0,,382,64,,0,0,0,0
1604109741137,9,1010123456002,70,,1,2,6,1,0,,5.7931,29,0,0.021984,12,0,4.66667,,0,2,0,0.1,1,0,0,0,31,,267,64,,0,0,0,0
1604109741387,9,1010123456002,70,,1,2,6,1,0,,5.03846,26,0,0.016512,10,0,4.66667,,14,15,0,0.1,7,0,0,16.1239,0,,111,58,,0,0,0,2.2
1604109741637,9,1010123456002,70,,1,2,6,1,0,,4.60606,33,0,0.02192,13,0,4.66667,,0,0,0,0,0,0,0,0,0,,154,92,,0,0,0,0
1604109741887,9,1010123456002,70,,1,2,6,1,0,,4.15789,19,0,0.010976,7,0,4.57143,,0,0,0,0,0,0,0,0,0,,341,46,,0,0,0,0
1604109742137,9,1010123456002,70,,1,2,6,1,0,,4.52381,42,0,0.02224,16,0,4.2,,14,3,0,0.1,1,0,0,16.1411,31,,249,114,,0,0,0,1
1604109742387,9,1010123456002,70,,1,2,6,1,0,,3.4,10,0,0.0056,4,0,4.33333,,0,2,0,0.1,1,0,0,0,0,,21,24,,0,0,0,0
1604109742637,9,1010123456002,70,,1,2,6,1,0,,8.35714,14,0,0.016064,6,0,4.83333,,0,0,0,0,0,0,0,0,0,,214,54,,0,0,0,0
1604109742887,9,1010123456002,70,,1,2,6,1,0,,0,0,0,0,0,0,4.28571,,0,0,0,0,0,0,0,0,0,,0,0,,0,0,0,0
1604109743137,9,1010123456002,70,,1,2,6,1,0,,6.58824,17,0,0.016288,7,0,5,,0,0,0,0,0,0,0,0,0,,61,78,,0,0,0,0
1604109743387,9,1010123456002,70,,1,2,6,1,0,,0,0,0,0,0,0,4.83333,,8.8,5,0,0.1,2,0,0,16.8171,31,,0,0,,0,0,0,1
1604109743637,9,1010123456002,70,,1,2,6,1,0,,8.06667,15,0,0.015968,6,0,5.2,,0,0,0,0,0,0,0,0,0,,138,38,,0,0,0,0
1604109743887,9,1010123456002,70,,1,2,6,1,0,,13,3,0,0.005408,1,0,5.57143,,0,0,0,0,0,0,0,0,0,,8,6,,0,0,0,0
1604109744137,9,1010123456002,70,,1,2,6,1,0,,4.58824,17,0,0.010976,7,0,4.83333,,0,2,0,0.1,1,0,0,0,31,,164,42,,0,0,0,0
1604109744387,9,1010123456002,70,,1,2,6,1,0,,5,7,0,0.00544,3,0,5.2,,0,2,0,0.1,1,0,0,0,0,,37,16,,0,0,0,0
1604109744637,9,1010123456002,70,,1,2,6,1,0,,3.51282,39,0,0.022272,16,0,4,,0,0,0,0,0,0,0,0,0,,120,98,,0,0,0,0
1604109744887,9,1010123456002,70,,1,2,6,1,0,,5.65385,26,0,0.021536,11,0,4.8,,0,0,0,0,0,0,0,0,0,,145,58,,0,0,0,0
1604109745137,9,1010123456002,70,,1,2,6,1,0,,3.45455,11,0,0.0056,4,0,7.5,,0,0,0,0,0,0,0,0,0,,48,24,,0,0,0,0
1604109745387,9,1010123456002,70,,1,2,6,1,0,,4.17647,34,0,0.022144,14,0,5.2,,8.8,5,0,0.1,2,0,0,14.2011,31,,232,76,,0,0,0,1
1604109745637,9,1010123456002,70,,1,2,6,1,0,,5.3,20,0,0.01616,8,0,4.33333,,0,0,0,0,0,0,0,0,0,,131,48,,0,0,0,0
1604109745887,9,1010123456002,70,,1,2,6,1,0,,4.76923,13,158,0.010912,6,0,4.57143,,0,0,0,0,0,0,0,0,0,,40,78,,0,0,0,0
1604109746137,9,1010123456002,70,,1,2,6,1,0,,3.55556,9,0,0.0056,4,0,4.4,,0,0,0,0,0,0,0,0,0,,32,46,,0,0,0,0
1604109746387,9,1010123456002,70,,1,2,6,1,0,,3.66667,9,0,0.0056,4,0,4.16667,,0,4,0,0.1,2,0,0,0,31,,42,28,,0,0,0,0
1604109746637,9,1010123456002,70,,1,2,6,1,0,,2.36111,36,0,0.016864,15,0,4.66667,,0,0,0,0,0,0,0,0,0,,14,152,,0,0,0,0
1604109746887,9,1010123456002,70,,1,2,6,1,0,,7.6,5,0,0.003744,1,0,4.4,,0,0,0,0,0,0,0,0,0,,30,10,,0,0,0,0
1604109747137,9,1010123456002,70,,1,2,6,1,0,,4.22222,27,0,0.01808,11,0,3,,0,0,0,0,0,0,0,0,0,,314,60,,0,0,0,0
1604109747387,9,1010123456002,70,,1,2,6,1,0,,0.1,27,0,0.006432,11,0,4,,0,0,0,0,0,0,0,0,0,,20,72,,0,0,0,0
1604109747637,9,1010123456002,70,,1,2,6,1,0,,2.6,25,0,0.011552,10,0,3.4,,12.6875,32,0,0.109952,12,25,0,11.9214,31,,66,62,,0,0,0,3.8125
1604109747887,9,1010123456002,70,,1,2,6,1,0,,4.15152,33,0,0.016736,13,0,5,,0,0,0,0,0,0,0,0,0,,107,56,,0,0,0,0
1604109748137,9,1010123456002,70,,1,2,6,1,0,,1,56,0,0.018176,23,0,3.6,,0,2,0,0.1,1,0,0,0,31,,47,132,,0,0,0,0
1604109748387,9,1010123456002,70,,1,2,6,1,0,,7.8,15,443,0.015744,5,0,6,,8,3,0,0.1,1,0,0,16.8793,0,,122,32,,0,0,0,1
1604109748638,9,1010123456002,70,,1,2,6,1,0,,1.73171,41,0,0.0173705,18,0,4,,0,0,0,0,0,0,0,0,0,,106,118,,0,0,0,0
1604109748887,9,1010123456002,70,,1,2,6,1,0,,18,8,0,0.0155181,3,0,8,,0,0,0,0,0,0,0,0,0,,9,12,,0,0,0,0
1604109749137,9,1010123456002,70,,1,2,6,1,0,,12,5,0,0.005312,2,0,5.6,,0,0,0,0,0,0,0,0,0,,16,4,,0,0,0,0
1604109749387,9,1010123456002,70,,1,2,6,1,0,,1.73333,30,0,0.011552,12,0,3.66667,,11,6,0,0.1,2,0,0,15.0937,31,,172,78,,0,0,0,1.5
1604109749637,9,1010123456002,70,,1,2,6,1,0,,3.1,10,0,0.0056,4,0,3.6,,0,0,0,0,0,0,0,0,0,,29,36,,0,0,0,0
1604109749887,9,1010123456002,70,,1,2,6,1,0,,0,0,0,0,0,0,3.57143,,0,0,0,0,0,0,0,0,0,,0,0,,0,0,0,0
1604109750137,9,1010123456002,70,,1,2,6,1,0,,2.61905,63,0,0.028512,24,0,4.2,,14,3,0,0.1,1,0,0,15.0936,31,,197,154,,0,0,0,1
1604109750387,9,1010123456002,70,,1,2,6,1,0,,3.52941,17,0,0.0112,8,0,2.8,,0,2,0,0.1,1,0,0,0,0,,140,46,,0,0,0,0
1604109750637,9,1010123456002,70,,1,2,6,1,0,,3.66667,9,0,0.0056,4,0,4.66667,,0,0,0,0,0,0,0,0,0,,114,24,,0,0,0,0
1604109750887,9,1010123456002,70,,1,2,6,1,0,,3.64,25,0,0.016544,11,0,4.5,,0,0,0,0,0,0,0,0,0,,124,62,,0,0,0,0
1604109751137,9,1010123456002,70,,1,2,6,1,0,,1.69231,78,0,0.028672,30,0,2.75,,0,2,0,0.1,1,0,0,0,31,,91,226,,0,0,0,0
1604109751387,9,1010123456002,70,,1,2,6,1,0,,1.46753,77,0,0.029504,32,0,3.2,,0,2,0,0.1,1,0,0,0,0,,235,198,,0,0,0,0
1604109751637,9,1010123456002,70,,1,2,6,1,0,,1.39394,33,0,0.011776,13,0,3.8,,0,0,0,0,0,0,0,0,0,,19,72,,0,0,0,0
1604109751887,9,1010123456002,70,,1,2,6,1,0,,1.24138,29,0,0.011584,12,0,5.5,,0,0,0,0,0,0,0,0,0,,24,78,,0,0,0,0
1604109752137,9,1010123456002,70,,1,2,6,1,0,,3.25,20,0,0.01104,8,0,4.2,,0,0,0,0,0,0,0,0,0,,150,44,,0,0,0,0
1604109752387,9,1010123456002,70,,1,2,6,1,0,,3.48571,35,0,0.017024,14,0,3.8,,11.6,5,0,0.1,2,0,0,16.186,31,,75,72,,0,0,0,1.4
1604109752637,9,1010123456002,70,,1,2,6,1,0,,1.6,40,97,0.011776,13,0,3.2,,0,0,0,0,0,0,0,0,0,,78,90,,0,0,0,0
1604109752887,9,1010123456002,70,,1,2,6,1,0,,2.34286,35,0,0.017504,17,0,3.6,,0,0,0,0,0,0,0,0,0,,152,84,,0,0,0,0
1604109753137,9,1010123456002,70,,1,2,6,1,0,,4.07692,26,0,0.01648,10,0,3.66667,,14,3,0,0,1,100,0,3.1863,0,,44,62,,0,0,0,10
1604109753387,9,1010123456002,70,,1,2,6,1,0,,2.30769,13,0,0.005792,5,0,3.8,,10.5,6,0,0.1,2,0,0,15.0769,31,,22,30,,0,0,0,2
1604109753637,9,1010123456002,70,,1,2,6,1,0,,3.82857,35,0,0.021984,14,0,4.66667,,0,0,0,0,0,0,0,0,0,,213,86,,0,0,0,0
1604109753887,9,1010123456002,70,,1,2,6,1,0,,0.153846,26,0,0.00624,10,0,3.33333,,0,0,0,0,0,0,0,0,0,,-4,60,,0,0,0,0
1604109754137,9,1010123456002,70,,1,2,6,1,0,,2.49275,69,0,0.02848,27,0,3.4,,0,0,0,0,0,0,0,0,0,,156,150,,0,0,0,0
1604109754387,9,1010123456002,70,,1,2,6,1,0,,2.10526,38,0,0.01744,17,0,3.16667,,12.5,6,0,0.1,2,0,0,15.4335,31,,173,112,,0,0,0,1
1604109754637,9,1010123456002,70,,1,2,6,1,0,,1.7931,29,0,0.01168,12,0,3.6,,0,0,0,0,0,0,0,0,0,,121,72,,0,0,0,0
1604109754887,9,1010123456002,70,,1,2,6,1,0,,1.23529,34,0,0.011776,14,0,3.71429,,0,0,0,0,0,0,0,0,0,,45,198,,0,0,0,0
1604109755137,9,1010123456002,70,,1,2,6,1,0,,0.1,51,0,0.012768,21,0,3.5,,12,3,0,0.1,1,0,0,13.8516,31,,33,240,,0,0,0,1
1604109755387,9,1010123456002,70,,1,2,6,1,0,,1.71429,14,0,0.005728,6,0,4,,8,3,0,0.1,1,0,0,17.2545,0,,29,64,,0,0,0,1
1604109755637,9,1010123456002,70,,1,2,6,1,0,,2.52542,59,0,0.028352,24,0,3.8,,0,0,0,0,0,0,0,0,0,,255,204,,0,0,0,0
1604109755887,9,1010123456002,70,,1,2,6,1,0,,1.62222,45,0,0.01376,15,0,3,,0,0,0,0,0,0,0,0,0,,5,220,,0,0,0,0
1604109756137,9,1010123456002,70,,1,2,6,1,0,,1.6087,46,0,0.021312,23,0,3.5,,0,0,0,0,0,0,0,0,0,,97,232,,0,0,0,0
1604109756387,9,1010123456002,70,,1,2,6,1,0,,6,5,0,0.005376,2,0,4.4,,10.4,5,0,0.1,2,0,0,14.6223,31,,-2,12,,0,0,0,1.4
1604109756637,9,1010123456002,70,,1,2,6,1,0,,1.53333,15,0,0.005984,7,0,3,,0,0,0,0,0,0,0,0,0,,33,46,,0,0,0,0
1604109756887,9,1010123456002,70,,1,2,6,1,0,,1.75806,62,0,0.021536,22,0,4.14286,,0,0,0,0,0,0,0,0,0,,14,190,,0,0,0,0
1604109757137,9,1010123456002,70,,1,2,6,1,0,,0.734177,79,0,0.026112,34,0,4.25,,12,5,0,0.1,2,50,0,6.74756,31,,87,212,,0,0,0,6.4
1604109757387,9,1010123456002,70,,1,2,6,1,0,,2.45946,74,0,0.034144,29,0,3.66667,,0,4,0,0.1,2,0,0,0,31,,277,210,,0,0,0,0
1604109757637,9,1010123456002,70,,1,2,6,1,0,,3.45833,48,0,0.027872,20,0,4.75,,0,0,0,0,0,0,0,0,0,,219,134,,0,0,0,0
1604109757887,9,1010123456002,70,,1,2,6,1,0,,8,6,0,0.005376,2,0,4.14286,,0,0,0,0,0,0,0,0,0,,27,10,,0,0,0,0
1604109758137,9,1010123456002,70,,1,2,6,1,0,,3.3,10,0,0.0056,4,0,4.66667,,0,0,0,0,0,0,0,0,0,,55,24,,0,0,0,0
1604109758387,9,1010123456002,70,,1,2,6,1,0,,3.4,10,0,0.005472,4,0,4.5,,10,5,0,0.1,2,0,0,9.41049,31,,67,28,,0,0,0,1
1604109758637,9,1010123456002,70,,1,2,6,1,0,,1.87302,63,0,0.023232,25,0,3.25,,0,0,0,0,0,0,0,0,0,,68,210,,0,0,0,0
1604109758887,9,1010123456002,70,,1,2,6,1,0,,2.73239,71,0,0.028704,28,0,3.25,,0,0,0,0,0,0,0,0,0,,263,180,,0,0,0,0
1604109759137,9,1010123456002,70,,1,2,6,1,0,,1.80851,94,0,0.0352,38,0,4,,0,2,0,0.1,1,0,0,0,31,,212,226,,0,0,0,0
1604109759387,9,1010123456002,70,,1,2,6,1,0,,6.26923,26,0,0.016256,8,0,4.5,,8.73913,23,0,0.1,9,0,0,12.7786,0,,354,92,,0,0,0,1.08696
1604109759637,9,1010123456002,70,,1,2,6,1,0,,0,0,0,0.005376,2,0,3.5,,0,0,0,0,0,0,0,0,0,,0,0,,0,0,0,0
1604109759887,9,1010123456002,70,,1,2,6,1,0,,1.83871,31,0,0.011712,12,0,4,,0,0,0,0,0,0,0,0,0,,110,66,,0,0,0,0
1604109760137,9,1010123456002,70,,1,2,6,1,0,,2.43284,67,0,0.028416,25,0,3.8,,0,0,0,0,0,0,0,0,0,,392,156,,0,0,0,0
1604109760387,9,1010123456002,70,,1,2,6,1,0,,2.81967,61,0,0.028256,24,0,4.6,,0,4,0,0.1,2,0,0,0,31,,254,170,,0,0,0,0
1604109760637,9,1010123456002,70,,1,2,6,1,0,,8,11,130,0.005472,3,0,5.33333,,0,0,0,0,0,0,0,0,0,,42,12,,0,0,0,0
1604109760887,9,1010123456002,70,,1,2,6,1,0,,3.275,40,0,0.0224,17,0,3.83333,,0,0,0,0,0,0,0,0,0,,226,88,,0,0,0,0
1604109761137,9,1010123456002,70,,1,2,6,1,0,,2.63636,22,0,0.01136,10,0,3,,15,3,0,0.1,1,0,0,12.6625,31,,30,62,,0,0,0,2
1604109761387,9,1010123456002,70,,1,2,6,1,0,,2.76596,47,0,0.022656,19,0,3.5,,8,3,0,0.1,1,0,0,15.7067,0,,243,108,,0,0,0,1
1604109761637,9,1010123456002,70,,1,2,6,1,0,,1.74138,58,0,0.018272,19,0,3.25,,0,0,0,0,0,0,0,0,0,,101,146,,0,0,0,0
1604109761887,9,1010123456002,70,,1,2,6,1,0,,3.82353,17,0,0.016032,12,0,4,,0,2,0,0.1,1,0,0,0,31,,127,42,,0,0,0,0
1604109762137,9,1010123456002,70,,1,2,6,1,0,,0,0,0,0,0,0,4,,0,0,0,0,0,0,0,0,0,,0,0,,0,0,0,0
1604109762387,9,1010123456002,70,,1,2,6,1,0,,1.38333,60,65,0.020992,24,0,3,,10,5,0,0.1,2,0,0,7.8894,31,,123,144,,0,0,0,4.2
1604109762637,9,1010123456002,70,,1,2,6,1,0,,1.28571,7,0,0.002432,3,0,4,,0,0,0,0,0,0,0,0,0,,77,18,,0,0,0,0
1604109762887,9,1010123456002,70,,1,2,6,1,0,,4.31579,38,0,0.020096,14,0,5,,0,0,0,0,0,0,0,0,0,,171,96,,0,0,0,0
1604109763137,9,1010123456002,70,,1,2,6,1,0,,2.92,25,0,0.013792,11,0,4.6,,0,0,0,0,0,0,0,0,0,,185,52,,0,0,0,0
1604109763387,9,1010123456002,70,,1,2,6,1,0,,3.55556,9,0,0.0056,4,0,3.5,,0,0,0,0,0,0,0,0,0,,53,22,,0,0,0,0
1604109763637,9,1010123456002,70,,1,2,6,1,0,,1.66667,15,0,0.00576,6,0,4.2,,7.76,25,0,0.1,10,0,0,12.3037,31,,4,36,,0,0,0,1
1604109763887,9,1010123456002,70,,1,2,6,1,0,,2.075,40,0,0.01712,16,0,3.33333,,0,0,0,0,0,0,0,0,0,,64,96,,0,0,0,0
1604109764137,9,1010123456002,70,,1,2,6,1,0,,8.33333,9,61,0.005344,2,0,5.2,,0,0,0,0,0,0,0,0,0,,173,14,,0,0,0,0
1604109764387,9,1010123456002,70,,1,2,4,1,0,,1.72059,68,0,0.023744,28,0,3,,8.09091,11,0,0.1,4,25,0,9.80995,31,,200,124,,0,0,0,3.72727
1604109764637,9,1010123456002,70,,1,2,4,1,0,,1.10714,28,0,0.006464,11,0,4,,12,3,0,0.1,1,0,0,13.7303,31,,59,44,,0,0,0,1
1604109764887,9,1010123456002,70,,1,2,4,1,0,,1.79412,68,0,0.018528,27,0,3.66667,,0,0,0,0,0,0,0,0,0,,163,104,,0,0,0,0
1604109765137,9,1010123456002,70,,1,2,4,1,0,,5.67742,31,0,0.016736,13,0,5,,0,0,0,0,0,0,0,0,0,,37,48,,0,0,0,0
1604109765387,9,1010123456002,70,,1,2,4,1,0,,3.6,15,0,0.005824,6,0,3.66667,,1.38462,13,0,0.1,6,0,0,11.5323,31,,147,26,,0,0,0,1.15385
1604109765637,9,1010123456002,70,,1,2,4,1,0,,1.68354,79,102,0.019168,28,0,4,,0,0,0,0,0,0,0,0,0,,202,130,,0,0,0,0
1604109765887,9,1010123456002,70,,1,2,4,1,0,,0.981132,106,158,0.025568,46,0,3.2,,0,0,0,0,0,0,0,0,0,,137,172,,0,0,0,0
1604109766137,9,1010123456002,70,,1,2,4,1,0,,1.29412,102,0,0.02544,42,0,3.25,,0,2,0,0.1,1,0,0,0,31,,-62,322,,0,0,0,0
1604109766387,9,1010123456002,70,,1,2,4,1,0,,3.68421,38,0,0.021792,14,0,5.5,,0,0,0,0,0,0,0,0,0,,99,72,,0,0,0,0
1604109766637,9,1010123456002,70,,1,2,4,1,0,,0,0,0,0.000224,1,0,3.75,,0,8,0,0.1,4,0,0,0,31,,0,0,,0,0,0,0
1604109766887,9,1010123456002,70,,1,2,4,1,0,,0,0,0,0,0,0,4.33333,,0,0,0,0,0,0,0,0,0,,0,0,,0,0,0,0
1604109767137,9,1010123456002,70,,1,2,4,1,0,,3.64444,45,0,0.017472,18,0,4,,0,0,0,0,0,0,0,0,0,,191,74,,0,0,0,0
1604109767387,9,1010123456002,70,,1,2,4,1,0,,5.16129,31,0,0.01696,13,0,4.33333,,8.6,5,0,0.1,2,0,0,14.9794,31,,366,58,,0,0,0,1
1604109767637,9,1010123456002,70,,1,2,4,1,0,,4.12766,47,220,0.020576,19,0,4.2,,0,0,0,0,0,0,0,0,0,,204,100,,0,0,0,0
1604109767887,9,1010123456002,70,,1,2,4,1,0,,5.03571,28,88,0.013824,7,0,5.25,,0,0,0,0,0,0,0,0,0,,-1,76,,0,0,0,0
1604109768137,9,1010123456002,70,,1,2,4,1,0,,1.39669,121,102,0.032448,51,0,5,,14,3,0,0.1,1,0,0,12.5938,31,,76,264,,0,0,0,2
1604109768387,9,1010123456002,70,,1,2,4,1,0,,3.61538,26,0,0.010624,11,0,6,,0,2,0,0.1,1,0,0,0,0,,171,40,,0,0,0,0
1604109768637,9,1010123456002,70,,1,2,4,1,0,,3.66667,30,0,0.011648,12,0,3.6,,0,0,0,0,0,0,0,0,0,,147,48,,0,0,0,0
1604109768887,9,1010123456002,70,,1,2,4,1,0,,7.8,15,0,0.01088,6,0,4.75,,0,0,0,0,0,0,0,0,0,,33,26,,0,0,0,0
1604109769137,9,1010123456002,70,,1,2,4,1,0,,8.28571,7,0,0.005504,3,0,4.8,,0,0,0,0,0,0,0,0,0,,66,12,,0,0,0,0
1604109769387,9,1010123456002,70,,1,2,4,1,0,,5.84615,39,0,0.022496,16,0,4,,14,12,0,0,4,100,0,4.57671,0,,254,84,,0,0,0,10
1604109769637,9,1010123456002,70,,1,2,4,1,0,,3.98113,53,74,0.01728,17,0,4.5,,0,0,0,0,0,0,0,0,0,,778,108,,0,0,0,0
1604109769887,9,1010123456002,70,,1,2,4,1,0,,3.6,25,0,0.011648,12,0,4,,0,0,0,0,0,0,0,0,0,,332,72,,0,0,0,0
1604109770137,9,1010123456002,70,,1,2,4,1,0,,3.73913,23,231,0.007872,8,0,4,,0,1,53,0.1,1,0,0,0,31,,42,56,,0,0,0,0
1604109770387,9,1010123456002,70,,1,2,4,1,0,,4.22449,49,0,0.020992,20,0,5,,0,16,0,0.1,8,0,0,0,0,,446,80,,0,0,0,0
1604109770637,9,1010123456002,70,,1,2,4,1,0,,5.36667,30,0,0.016832,12,0,4.2,,0,0,0,0,0,0,0,0,0,,332,54,,0,0,0,0
1604109770887,9,1010123456002,70,,1,2,4,1,0,,3.71429,14,0,0.005824,6,0,4.5,,0,0,0,0,0,0,0,0,0,,61,36,,0,0,0,0
1604109771137,9,1010123456002,70,,1,2,4,1,0,,0,0,0,0,0,0,4,,0,0,0,0,0,0,0,0,0,,0,0,,0,0,0,0
1604109771387,9,1010123456002,70,,1,2,4,1,0,,7.91304,23,0,0.010912,6,0,5.25,,0,4,0,0.1,2,0,0,0,31,,285,34,,0,0,0,0
1604109771637,9,1010123456002,70,,1,2,4,1,0,,9.38461,13,0,0.016416,8,0,5.25,,0,0,0,0,0,0,0,0,0,,165,24,,0,0,0,0
1604109771887,9,1010123456002,70,,1,2,4,1,0,,8.07692,13,0,0.005152,1,0,4.5,,0,0,0,0,0,0,0,0,0,,52,20,,0,0,0,0
1604109772137,9,1010123456002,70,,1,2,4,1,0,,6.19643,56,0,0.03856,26,0,3.5,,0,0,0,0,0,0,0,0,0,,404,84,,0,0,0,0
1604109772387,9,1010123456002,70,,1,2,4,1,0,,3.73333,15,0,0.006112,7,0,5,,5.45455,11,0,0.1,5,20,0,11.0088,31,,142,26,,0,0,0,3.54545
1604109772637,9,1010123456002,70,,1,2,4,1,0,,3.66667,18,0,0.005888,7,0,4,,0,0,0,0,0,0,0,0,0,,90,26,,0,0,0,0
1604109772887,9,1010123456002,70,,1,2,4,1,0,,5.3,30,0,0.017024,12,0,5,,0,0,0,0,0,0,0,0,0,,352,58,,0,0,0,0
1604109773137,9,1010123456002,70,,1,2,4,1,0,,4.55102,49,0,0.02272,20,0,5.33333,,0,0,0,0,0,0,0,0,0,,158,80,,0,0,0,0
1604109773387,9,1010123456002,70,,1,2,4,1,0,,0,0,0,0,0,0,5.2,,0,0,0,0,0,0,0,0,0,,0,0,,0,0,0,0
1604109773637,9,1010123456002,70,,1,2,4,1,0,,1.26786,56,0,0.012864,22,0,4.16667,,0,4,0,0.1,2,0,0,0,31,,54,122,,0,0,0,0
1604109773887,9,1010123456002,70,,1,2,4,1,0,,3.89474,57,0,0.02304,23,0,4,,0,0,0,0,0,0,0,0,0,,193,92,,0,0,0,0
1604109774137,9,1010123456002,70,,1,2,4,1,0,,4.92308,13,273,0.00656,5,0,4.25,,0,0,0,0,0,0,0,0,0,,4,26,,0,0,0,0
1604109774387,9,1010123456002,70,,1,2,4,1,0,,1.85714,56,0,0.017472,24,0,4.25,,0,4,0,0.1,2,0,0,0,31,,286,192,,0,0,0,0
1604109774637,9,1010123456002,70,,1,2,4,1,0,,0,0,0,0,0,0,3,,0,0,0,0,0,0,0,0,0,,0,0,,0,0,0,0
1604109774887,9,1010123456002,70,,1,2,4,1,0,,0.1,46,338,0.006688,19,0,4,,0,0,0,0,0,0,0,0,0,,-75,112,,0,0,0,0
1604109775137,9,1010123456002,70,,1,2,4,1,0,,1.44578,83,0,0.019968,32,0,3.5,,0,0,0,0,0,0,0,0,0,,70,222,,0,0,0,0
1604109775387,9,1010123456002,70,,1,2,4,1,0,,1.08163,147,74,0.033152,56,0,3.16667,,11,18,0,0.1,8,50,0,11.1575,31,,-183,370,,0,0,0,5.11111
1604109775637,9,1010123456002,70,,1,2,4,1,0,,1,141,0,0.031648,58,0,3.25,,0,0,0,0,0,0,0,0,0,,376,302,,0,0,0,0
1604109775887,9,1010123456002,70,,1,2,4,1,0,,3.6,15,0,0.005824,6,0,4,,2,3,0,0.1,1,0,0,11.8038,31,,50,42,,0,0,0,1
1604109776137,9,1010123456002,70,,1,2,4,1,0,,0.97619,84,0,0.019584,35,0,3.75,,0,0,0,0,0,0,0,0,0,,89,164,,0,0,0,0
1604109776387,9,1010123456002,70,,1,2,4,1,0,,1,86,0,0.019584,34,0,3.25,,7,5,0,0.1,2,0,0,10.4057,31,,39,160,,0,0,0,1
1604109776637,9,1010123456002,70,,1,2,4,1,0,,1,30,0,0.00656,12,0,3,,6.28571,7,0,0.1,3,0,0,11.4313,31,,49,50,,0,0,0,1
1604109776887,9,1010123456002,70,,1,2,4,1,0,,1,87,0,0.017152,31,0,3,,0,0,0,0,0,0,0,0,0,,238,178,,0,0,0,0
1604109777137,9,1010123456002,70,,1,2,4,1,0,,0.1,58,0,0.010624,28,0,2.66667,,0,0,0,0,0,0,0,0,0,,103,132,,0,0,0,0
1604109777387,9,1010123456002,70,,1,2,4,1,0,,1,77,359,0.016576,30,0,3,,0,16,0,0.1,8,12.5,0,0,31,,-10,196,,0,0,0,0
1604109777637,9,1010123456002,70,,1,2,4,1,0,,1.64516,124,50,0.0392,47,0,4.8,,0,0,0,0,0,0,0,0,0,,29,270,,0,0,0,0
1604109777887,9,1010123456002,70,,1,2,4,1,0,,0.971698,106,116,0.027072,48,0,3,,0,0,0,0,0,0,0,0,0,,106,240,,0,0,0,0
1604109778137,9,1010123456002,70,,1,2,4,1,0,,1,50,0,0.011968,22,0,3,,4,3,0,0.1,1,0,0,13.409,31,,146,116,,0,0,0,1
1604109778387,9,1010123456002,70,,1,2,4,1,0,,3.34375,64,0,0.023168,25,0,3.5,,11.6364,22,0,0.1,9,0,0,12.3326,0,,582,108,,0,0,0,1.54545
1604109778637,9,1010123456002,70,,1,2,4,1,0,,1,31,0,0.006784,13,0,3,,0,0,0,0,0,0,0,0,0,,48,60,,0,0,0,0
1604109778887,9,1010123456002,70,,1,2,4,1,0,,0,0,0,0,0,0,3,,0,0,0,0,0,0,0,0,0,,0,0,,0,0,0,0
1604109779137,9,1010123456002,70,,1,2,4,1,0,,1,74,102,0.014848,27,0,3,,0,0,0,0,0,0,0,0,0,,78,200,,0,0,0,0
1604109779387,9,1010123456002,70,,1,2,4,1,0,,1,18,0,0.004832,9,0,3,,7.22222,9,0,0.1,4,25,0,12.0859,31,,166,60,,0,0,0,3.44444
1604109779637,9,1010123456002,70,,1,2,4,1,0,,1,93,0,0.01968,36,0,3,,0,0,0,0,0,0,0,0,0,,554,142,,0,0,0,0
1604109779887,9,1010123456002,70,,1,2,4,1,0,,1,110,0,0.026144,46,0,3.25,,0,0,0,0,0,0,0,0,0,,-2,202,,0,0,0,0
1604109780137,9,1010123456002,70,,1,2,4,1,0,,0,0,0,0,0,0,4,,0,0,0,0,0,0,0,0,0,,0,0,,0,0,0,0
1604109780387,9,1010123456002,70,,1,2,4,1,0,,0.963636,55,0,0.013024,23,0,3,,11.6,5,0,0.1,2,0,0,14.0739,31,,77,108,,0,0,0,1.6
1604109780637,9,1010123456002,70,,1,2,4,1,0,,1.46739,92,0,0.025184,37,0,3.6,,0,0,0,0,0,0,0,0,0,,-26,240,,0,0,0,0
1604109780887,9,1010123456002,70,,1,2,4,1,0,,0.769231,130,0,0.027008,54,0,3.4,,0,0,0,0,0,0,0,0,0,,201,252,,0,0,0,0
1604109781137,9,1010123456002,70,,1,2,4,1,0,,1,30,0,0.00656,12,0,3,,0,0,0,0,0,0,0,0,0,,119,60,,0,0,0,0
1604109781387,9,1010123456002,70,,1,2,4,1,0,,3.66667,18,0,0.005888,7,0,4,,9.5,6,0,0.1,2,0,0,12.8516,31,,105,32,,0,0,0,2
1604109781637,9,1010123456002,70,,1,2,4,1,0,,1.5,36,60,0.007264,7,0,7.25,,0,0,0,0,0,0,0,0,0,,-18,72,,0,0,0,0
1604109781887,9,1010123456002,70,,1,2,4,1,0,,3.87879,33,0,0.016512,21,0,4.33333,,0,0,0,0,0,0,0,0,0,,279,58,,0,0,0,0
1604109782137,9,1010123456002,70,,1,2,4,1,0,,2.1,40,0,0.012288,16,0,5.75,,12,3,0,0.1,1,0,0,10.2329,31,,29,64,,0,0,0,2
1604109782387,9,1010123456002,70,,1,2,4,1,0,,0.1,161,0,0.023424,64,0,3,,0,2,0,0.1,1,0,0,0,0,,-11,264,,0,0,0,0
1604109782637,9,1010123456002,70,,1,2,4,1,0,,2.69231,39,0,0.012064,15,0,3,,0,0,0,0,0,0,0,0,0,,276,56,,0,0,0,0
1604109782887,9,1010123456002,70,,1,2,4,1,0,,2.62069,29,214,0.006752,5,0,3.75,,0,0,0,0,0,0,0,0,0,,23,42,,0,0,0,0
1604109783137,9,1010123456002,70,,1,2,4,1,0,,1.61417,127,0,0.036736,58,0,4,,9,3,0,0.1,1,0,0,10.0791,31,,273,218,,0,0,0,1
1604109783387,9,1010123456002,70,,1,2,4,1,0,,1,30,0,0.00656,12,0,3,,10,5,0,0.1,2,0,0,13.407,31,,66,50,,0,0,0,1.6
1604109783637,9,1010123456002,70,,1,2,4,1,0,,0.705357,112,0,0.021056,44,0,2.75,,0,0,0,0,0,0,0,0,0,,98,206,,0,0,0,0
1604109783887,9,1010123456002,70,,1,2,4,1,0,,5.1,20,0,0.011072,8,0,6.33333,,0,0,0,0,0,0,0,0,0,,231,32,,0,0,0,0
1604109784137,9,1010123456002,70,,1,2,4,1,0,,1,33,128,0.00656,12,0,2.6,,0,0,0,0,0,0,0,0,0,,42,60,,0,0,0,0
1604109784387,9,1010123456002,70,,1,2,4,1,0,,1,29,0,0.00656,12,0,3,,0,10,0,0.1,5,0,0,0,31,,108,46,,0,0,0,0
1604109784637,9,1010123456002,70,,1,2,4,1,0,,1,61,0,0.01312,24,0,4,,0,0,0,0,0,0,0,0,0,,39,92,,0,0,0,0
1604109784887,9,1010123456002,70,,1,2,4,1,0,,2.21053,76,0,0.018688,28,0,4.66667,,0,2,0,0.1,1,0,0,0,31,,54,112,,0,0,0,0
1604109785137,9,1010123456002,70,,1,2,4,1,0,,9,24,100,0.02752,9,0,4.33333,,0,0,0,0,0,0,0,0,0,,165,40,,0,0,0,0
1604109785387,9,1010123456002,70,,1,2,4,1,0,,1,97,22,0.020384,36,0,3,,12.4118,34,0,0.123072,14,28.5714,0,9.74163,31,,85,174,,0,0,0,4.76471
1604109785637,9,1010123456002,70,,1,2,4,1,0,,2.96774,62,0,0.028448,31,0,5,,0,0,0,0,0,0,0,0,0,,398,94,,0,0,0,0
1604109785887,9,1010123456002,70,,1,2,4,1,0,,4.33333,24,0,0.01136,10,0,4,,0,0,0,0,0,0,0,0,0,,94,44,,0,0,0,0
1604109786137,9,1010123456002,70,,1,2,4,1,0,,1,29,0,0.00656,12,0,7.66667,,0,0,0,0,0,0,0,0,0,,48,66,,0,0,0,0
1604109786387,9,1010123456002,70,,1,2,4,1,0,,1,31,133,0.005184,9,0,2.75,,0,0,0,0,0,0,0,0,0,,-73,68,,0,0,0,0
1604109786637,9,1010123456002,70,,1,2,4,1,0,,2.06316,95,371,0.028672,40,0,4.4,,3,7,0,0.1,3,0,0,11.8344,31,,123,162,,0,0,0,1
1604109786887,9,1010123456002,70,,1,2,4,1,0,,1.62914,151,0,0.037152,58,0,3.4,,0,0,0,0,0,0,0,0,0,,242,274,,0,0,0,0
1604109787137,9,1010123456002,70,,1,2,4,1,0,,1.58462,65,0,0.022304,31,0,4,,0,2,0,0.1,1,0,0,0,0,,374,132,,0,0,0,0
1604109787387,9,1010123456002,70,,1,2,4,1,0,,1,88,0,0.019584,34,0,3.25,,7,3,0,0.1,1,0,0,13.1776,31,,0,172,,0,0,0,1
1604109787637,9,1010123456002,70,,1,2,4,1,0,,18,3,0,0,0,0,9.5,,0,0,0,0,0,0,0,0,0,,2,4,,0,0,0,0
1604109787887,9,1010123456002,70,,1,2,4,1,0,,0,2,0,0.010304,2,0,3.5,,0,0,0,0,0,0,0,0,0,,2,4,,0,0,0,0
1604109788137,9,1010123456002,70,,1,2,4,1,0,,4.58333,60,0,0.023072,21,0,4,,0,0,0,0,0,0,0,0,0,,337,96,,0,0,0,0
1604109788387,9,1010123456002,70,,1,2,4,1,0,,2.47059,17,0,0.01152,10,0,4.75,,4.875,16,0,0.1,6,16.6667,0,5.4847,31,,382,36,,0,0,0,3.625
1604109788637,9,1010123456002,70,,1,2,4,1,0,,1.92941,85,0,0.024512,34,0,4,,0,0,0,0,0,0,0,0,0,,443,168,,0,0,0,0
1604109788887,9,1010123456002,70,,1,2,4,1,0,,0,0,0,0,0,0,3,,0,0,0,0,0,0,0,0,0,,0,0,,0,0,0,0
1604109789137,9,1010123456002,70,,1,2,4,1,0,,1,61,0,0.01312,24,0,5,,0,0,0,0,0,0,0,0,0,,115,122,,0,0,0,0
1604109789387,9,1010123456002,70,,1,2,4,1,0,,5.87097,31,0,0.016832,12,0,4.2,,0,0,0,0,0,0,0,0,0,,106,48,,0,0,0,0
1604109789637,9,1010123456002,70,,1,2,4,1,0,,2.44444,36,0,0.012,15,0,6,,0.56,25,0,0.1,10,0,0,8.33061,31,,146,102,,0,0,0,1
1604109789887,9,1010123456002,70,,1,2,4,1,0,,0.809524,84,185,0.015936,31,0,3,,0,0,0,0,0,0,0,0,0,,10,438,,0,0,0,0
1604109790137,9,1010123456002,70,,1,2,4,1,0,,1,93,0,0.023488,42,0,3,,0,2,0,0.1,1,0,0,0,31,,200,302,,0,0,0,0
1604109790387,9,1010123456002,70,,1,2,4,1,0,,1,60,0,0.01312,24,0,3.6,,8.73913,23,0,0.1,9,0,0,11.5789,0,,93,122,,0,0,0,1.17391
1604109790637,9,1010123456002,70,,1,2,4,1,0,,2.52727,55,0,0.01664,20,0,3.75,,0,0,0,0,0,0,0,0,0,,48,104,,0,0,0,0
1604109790887,9,1010123456002,70,,1,2,4,1,0,,11,5,0,0.006752,3,0,5.25,,0,0,0,0,0,0,0,0,0,,20,8,,0,0,0,0
1604109791137,9,1010123456002,70,,1,2,4,1,0,,2.66667,36,0,0.012,14,0,3.6,,0,2,0,0.1,1,0,0,0,31,,211,58,,0,0,0,0
1604109791387,9,1010123456002,70,,1,2,4,1,0,,1,116,0,0.02624,48,0,3,,7.8,5,0,0.1,2,0,0,9.80491,31,,175,266,,0,0,0,1
1604109791637,9,1010123456002,70,,1,2,4,1,0,,1,62,0,0.01312,24,0,3,,0,0,0,0,0,0,0,0,0,,57,122,,0,0,0,0
1604109791887,9,1010123456002,70,,1,2,4,1,0,,0.977778,90,0,0.016704,30,0,3,,0,0,0,0,0,0,0,0,0,,71,198,,0,0,0,0
1604109792137,9,1010123456002,70,,1,2,4,1,0,,0.956897,116,0,0.027424,48,0,3,,4,3,0,0.1,1,0,0,11.677,31,,281,200,,0,0,0,1
1604109792387,9,1010123456002,70,,1,2,4,1,0,,0.965517,87,142,0.021088,38,0,3,,12.76,25,0,0.134336,10,0,0,13.0719,0,,187,172,,0,0,0,2.36
1604109792637,9,1010123456002,70,,1,2,4,1,0,,1,30,0,0.00656,12,0,3,,0,0,0,0,0,0,0,0,0,,46,52,,0,0,0,0
1604109792887,9,1010123456002,70,,1,2,4,1,0,,1,122,0,0.02624,48,0,3,,0,0,0,0,0,0,0,0,0,,121,224,,0,0,0,0
1604109793137,9,1010123456002,70,,1,2,4,1,0,,1,83,0,0.019584,34,0,3,,0,0,0,0,0,0,0,0,0,,210,136,,0,0,0,0
1604109793387,9,1010123456002,70,,1,2,4,1,0,,0.415094,159,0,0.028224,63,0,2.2,,0,14,0,0.1,7,14.2857,0,0,31,,-81,296,,0,0,0,0
1604109793637,9,1010123456002,70,,1,2,4,1,0,,1,57,0,0.01312,24,0,3,,0,0,0,0,0,0,0,0,0,,73,112,,0,0,0,0
1604109793887,9,1010123456002,70,,1,2,4,1,0,,0.267974,153,87,0.021696,55,0,2.28571,,0,0,0,0,0,0,0,0,0,,-111,282,,0,0,0,0
1604109794137,9,1010123456002,70,,1,2,4,1,0,,1.13953,43,0,0.013472,24,0,2.83333,,2,3,0,0.1,1,0,0,9.4408,31,,124,90,,0,0,0,1
1604109794387,9,1010123456002,70,,1,2,4,1,0,,5,22,0,0.011072,8,0,5,,2.1,10,0,0.1,4,0,0,9.16134,31,,99,32,,0,0,0,1
1604109794637,9,1010123456002,70,,1,2,4,1,0,,0.896226,106,189,0.021792,35,0,4,,0,0,0,0,0,0,0,0,0,,26,176,,0,0,0,0
1604109794887,9,1010123456002,70,,1,2,4,1,0,,0.144231,208,0,0.03472,92,0,2.2,,0,0,0,0,0,0,0,0,0,,58,392,,0,0,0,0
1604109795137,9,1010123456002,70,,1,2,4,1,0,,0.1,141,379,0.017952,51,0,2,,0,0,0,0,0,0,0,0,0,,-230,264,,0,0,0,0
1604109795387,9,1010123456002,70,,1,2,4,1,0,,0.756944,144,0,0.032032,65,0,4.8,,0,4,0,0.1,2,0,0,0,31,,27,306,,0,0,0,0
1604109795637,9,1010123456002,70,,1,2,4,1,0,,0,0,0,0,0,0,2.33333,,0,0,0,0,0,0,0,0,0,,0,0,,0,0,0,0
1604109795887,9,1010123456002,70,,1,2,4,1,0,,1,29,0,0.00656,12,0,3,,0,0,0,0,0,0,0,0,0,,70,70,,0,0,0,0
1604109796137,9,1010123456002,70,,1,2,4,1,0,,0.602941,68,0,0.013664,28,0,4.5,,14,3,0,0.1,1,0,0,8.40804,31,,15,148,,0,0,0,4
1604109796387,9,1010123456002,70,,1,2,4,1,0,,7.33333,9,0,0.005408,3,0,3,,0,0,0,0,0,0,0,0,0,,89,10,,0,0,0,0
1604109796637,9,1010123456002,70,,1,2,4,1,0,,0,0,0,0,0,0,2.75,,4,3,0,0.1,1,0,0,13.0164,31,,0,0,,0,0,0,1
1604109796887,9,1010123456002,70,,1,2,4,1,0,,0.1,100,0,0.015328,41,0,2.4,,8.6,5,0,0.1,2,0,0,12.3905,31,,-22,176,,0,0,0,1.8
1604109797137,9,1010123456002,70,,1,2,4,1,0,,0.631579,38,0,0.006944,14,0,3.75,,0,0,0,0,0,0,0,0,0,,112,72,,0,0,0,0
1604109797387,9,1010123456002,70,,1,2,4,1,0,,1,28,0,0.00656,12,0,4,,7.6,5,0,0.1,2,0,0,12.7791,31,,60,72,,0,0,0,1
1604109797637,9,1010123456002,70,,1,2,4,1,0,,1.64368,87,46,0.019584,28,0,4.25,,0,0,0,0,0,0,0,0,0,,163,164,,0,0,0,0
1604109797887,9,1010123456002,70,,1,2,4,1,0,,1.45679,162,189,0.039392,65,0,3.8,,0,0,0,0,0,0,0,0,0,,280,290,,0,0,0,0
1604109798137,9,1010123456002,70,,1,2,4,1,0,,1.44538,119,0,0.033792,51,0,3.2,,0,0,0,0,0,0,0,0,0,,200,270,,0,0,0,0
1604109798387,9,1010123456002,70,,1,2,4,1,0,,1,28,0,0.008288,15,0,3,,7.8,5,0,0.1,2,0,0,10.5894,31,,139,58,,0,0,0,1
1604109798637,9,1010123456002,70,,1,2,4,1,0,,1,58,0,0.01312,24,0,3,,0,0,0,0,0,0,0,0,0,,367,224,,0,0,0,0
1604109798887,9,1010123456002,70,,1,2,4,1,0,,2.325,40,0,0.012128,16,0,4.33333,,0,0,0,0,0,0,0,0,0,,29,68,,0,0,0,0
1604109799137,9,1010123456002,70,,1,2,4,1,0,,1.74627,67,0,0.01856,26,0,3,,0,0,0,0,0,0,0,0,0,,104,118,,0,0,0,0
1604109799387,9,1010123456002,70,,1,2,4,1,0,,1,125,142,0.02624,48,0,3,,7,5,0,0.1,2,0,0,9.2759,31,,356,272,,0,0,0,1.4
1604109799637,9,1010123456002,70,,1,2,4,1,0,,1.42373,118,0,0.03168,50,0,5,,0,0,0,0,0,0,0,0,0,,673,192,,0,0,0,0
1604109799887,9,1010123456002,70,,1,2,4,1,0,,1,28,0,0.00656,12,0,4,,0,0,0,0,0,0,0,0,0,,45,48,,0,0,0,0
1604109800137,9,1010123456002,70,,1,2,4,1,0,,1,32,144,0.00656,12,0,5.2,,0,0,0,0,0,0,0,0,0,,54,104,,0,0,0,0
1604109800387,9,1010123456002,70,,1,2,4,1,0,,1.2243,107,0,0.026048,45,0,5.5,,2.5,24,0,0.1,8,0,0,14.4533,31,,414,282,,0,0,0,1
1604109800637,9,1010123456002,70,,1,2,4,1,0,,1,61,0,0.01312,24,0,3,,0,0,0,0,0,0,0,0,0,,98,134,,0,0,0,0
1604109800887,9,1010123456002,70,,1,2,4,1,0,,12.5,6,0,0.005312,2,0,7.25,,0,0,0,0,0,0,0,0,0,,16,6,,0,0,0,0
1604109801137,9,1010123456002,70,,1,2,4,1,0,,0,0,0,0,0,0,5.5,,0,0,0,0,0,0,0,0,0,,0,0,,0,0,0,0
1604109801387,9,1010123456002,70,,1,2,4,1,0,,1.0068,147,0,0.033024,60,0,2.75,,11.2,5,0,0.1,2,0,0,9.28098,31,,-63,348,,0,0,0,2
1604109801637,9,1010123456002,70,,1,2,4,1,0,,0,0,0,0,0,0,3.66667,,0,0,0,0,0,0,0,0,0,,0,0,,0,0,0,0
1604109801887,9,1010123456002,70,,1,2,4,1,0,,1.01266,79,0,0.019744,35,0,4,,0,0,0,0,0,0,0,0,0,,289,226,,0,0,0,0
1604109802137,9,1010123456002,70,,1,2,4,1,0,,0.1,109,154,0.0144,39,0,3.33333,,0,2,0,0.1,1,0,0,0,31,,80,286,,0,0,0,0
1604109802387,9,1010123456002,70,,1,2,4,1,0,,1.11905,84,0,0.019744,37,0,4,,11.9643,28,0,0.1,11,54.5455,0,8.70393,31,,190,210,,0,0,0,5.71429
1604109802637,9,1010123456002,70,,1,2,4,1,0,,0,0,0,0.001312,1,0,2.33333,,0,0,0,0,0,0,0,0,0,,0,0,,0,0,0,0
1604109802887,9,1010123456002,70,,1,2,4,1,0,,1,32,0,0.00656,12,0,8,,0,0,0,0,0,0,0,0,0,,38,56,,0,0,0,0
1604109803137,9,1010123456002,70,,1,2,4,1,0,,1.12931,116,0,0.026112,47,0,5,,0,0,0,0,0,0,0,0,0,,150,220,,0,0,0,0
1604109803387,9,1010123456002,70,,1,2,4,1,0,,1,29,0,0.00656,12,0,3.6,,4,10,0,0.1,4,0,0,11.3922,0,,44,52,,0,0,0,1
1604109803637,9,1010123456002,70,,1,2,4,1,0,,1,58,0,0.01312,24,0,3.66667,,0,0,0,0,0,0,0,0,0,,116,124,,0,0,0,0
1604109803887,9,1010123456002,70,,1,2,4,1,0,,1,30,0,0.00656,12,0,7.33333,,0,0,0,0,0,0,0,0,0,,80,68,,0,0,0,0
1604109804137,9,1010123456002,70,,1,2,4,1,0,,6.06897,29,0,0.011328,9,0,4.25,,0,0,0,0,0,0,0,0,0,,217,56,,0,0,0,0
1604109804387,9,1010123456002,70,,1,2,4,1,0,,0,0,0,0.005376,2,0,3.66667,,0,0,0,0,0,0,0,0,0,,0,0,,0,0,0,0
1604109804637,9,1010123456002,70,,1,2,4,1,0,,7.41667,24,0,0.016512,9,0,5,,0,0,0,0,0,0,0,0,0,,46,34,,0,0,0,0
1604109804887,9,1010123456002,70,,1,2,4,1,0,,0.964706,85,0,0.019584,35,0,3.6,,0,4,0,0.1,2,0,0,0,31,,250,284,,0,0,0,0
1604109805137,9,1010123456002,70,,1,2,4,1,0,,0.982143,112,0,0.022912,41,0,3,,0,2,0,0.1,1,0,0,0,31,,284,274,,0,0,0,0
1604109805387,9,1010123456002,70,,1,2,4,1,0,,2.32051,78,304,0.026656,34,0,3.6,,0,2,0,0.1,1,0,0,0,0,,103,174,,0,0,0,0
1604109805637,9,1010123456002,70,,1,2,4,1,0,,1,110,0,0.026944,48,0,3,,0,0,0,0,0,0,0,0,0,,175,294,,0,0,0,0
1604109805887,9,1010123456002,70,,1,2,4,1,0,,1,30,0,0.00656,12,0,3,,0,0,0,0,0,0,0,0,0,,72,52,,0,0,0,0
1604109806137,9,1010123456002,70,,1,2,4,1,0,,0.966292,89,0,0.019584,35,0,3.4,,0,0,0,0,0,0,0,0,0,,97,164,,0,0,0,0
1604109806387,9,1010123456002,70,,1,2,4,1,0,,1,31,0,0.00656,12,0,3,,8.5,6,0,0.1,2,0,0,8.84142,31,,90,84,,0,0,0,1.5
1604109806637,9,1010123456002,70,,1,2,4,1,0,,1,61,0,0.01312,24,0,3,,0,0,0,0,0,0,0,0,0,,228,198,,0,0,0,0
1604109806887,9,1010123456002,70,,1,2,4,1,0,,1,50,60,0.010016,18,0,3,,0,0,0,0,0,0,0,0,0,,166,106,,0,0,0,0
1604109807137,9,1010123456002,70,,1,2,4,1,0,,1,99,0,0.022784,42,0,3,,0.1,3,102,0.1,1,0,0,2.73849,31,,377,228,,0,0,0,1
1604109807387,9,1010123456002,70,,1,2,4,1,0,,1,30,0,0.00656,12,0,2.8,,4.08333,24,0,0.1,9,0,0,16.0783,0,,41,64,,0,0,0,1
1604109807637,9,1010123456002,70,,1,2,4,1,0,,0.748428,159,373,0.027968,55,0,2.83333,,0,0,0,0,0,0,0,0,0,,-73,328,,0,0,0,0
1604109807887,9,1010123456002,70,,1,2,4,1,0,,0.365482,197,116,0.035552,80,0,2.71429,,0,0,0,0,0,0,0,0,0,,107,492,,0,0,0,0
1604109808137,9,1010123456002,70,,1,2,4,1,0,,1,80,0,0.018528,34,0,2.66667,,10.75,8,0,0.1,3,33.3333,0,8.9785,31,,289,204,,0,0,0,4.75
1604109808387,9,1010123456002,70,,1,2,4,1,0,,0.508772,57,81,0.009376,20,0,2.83333,,10,3,0,0.1,1,0,0,13.9157,0,,-4,134,,0,0,0,1
1604109808637,9,1010123456002,70,,1,2,4,1,0,,0.1,83,0,0.013248,37,0,2.5,,0,0,0,0,0,0,0,0,0,,158,262,,0,0,0,0
1604109808887,9,1010123456002,70,,1,2,4,1,0,,0.552381,105,0,0.020512,43,0,2.71429,,0,0,0,0,0,0,0,0,0,,-57,246,,0,0,0,0
1604109809137,9,1010123456002,70,,1,2,4,1,0,,1,58,0,0.01312,24,0,2.83333,,0,2,0,0.1,1,0,0,0,31,,153,134,,0,0,0,0
1604109809387,9,1010123456002,70,,1,2,4,1,0,,1,32,144,0.00656,12,0,3,,8,3,0,0.1,1,0,0,13.0084,0,,35,60,,0,0,0,1
1604109809637,9,1010123456002,70,,1,2,4,1,0,,1,87,0,0.01968,36,0,3,,0,0,0,0,0,0,0,0,0,,88,172,,0,0,0,0
1604109809887,9,1010123456002,70,,1,2,4,1,0,,0.975,120,0,0.026144,47,0,3,,0,0,0,0,0,0,0,0,0,,220,304,,0,0,0,0
1604109810137,9,1010123456002,70,,1,2,4,1,0,,0,0,0,0,0,0,3,,0,0,0,0,0,0,0,0,0,,0,0,,0,0,0,0
1604109810387,9,1010123456002,70,,1,2,4,1,0,,1,31,144,0.00656,12,0,3,,0,4,0,0.1,2,0,0,0,31,,95,68,,0,0,0,0
1604109810637,9,1010123456002,70,,1,2,4,1,0,,1,27,0,0.00656,12,0,3,,0,0,0,0,0,0,0,0,0,,53,86,,0,0,0,0
1604109810887,9,1010123456002,70,,1,2,4,1,0,,2.87143,70,0,0.023808,28,0,3.71429,,0,0,0,0,0,0,0,0,0,,198,180,,0,0,0,0
1604109811137,9,1010123456002,70,,1,2,4,1,0,,1,60,114,0.01312,24,0,3,,0,0,0,0,0,0,0,0,0,,118,134,,0,0,0,0
1604109811387,9,1010123456002,70,,1,2,4,1,0,,1,56,0,0.01312,24,0,3,,11.6,5,0,0.1,2,0,0,12.6866,31,,117,100,,0,0,0,1.6
1604109811637,9,1010123456002,70,,1,2,4,1,0,,1,137,0,0.03248,57,0,3,,0,0,0,0,0,0,0,0,0,,169,322,,0,0,0,0
1604109811887,9,1010123456002,70,,1,2,4,1,0,,0.1,56,0,0.007968,22,0,2.8,,0,0,0,0,0,0,0,0,0,,115,148,,0,0,0,0
1604109812137,9,1010123456002,70,,1,2,4,1,0,,1,5,130,0,0,0,2.83333,,0,0,0,0,0,0,0,0,0,,-22,16,,0,0,0,0
1604109812387,9,1010123456002,70,,1,2,4,1,0,,0.730769,26,0,0.006816,13,0,2.66667,,10.875,8,0,0.1,3,0,0,18.5462,31,,200,50,,0,0,0,1
1604109812637,9,1010123456002,70,,1,2,4,1,0,,0,0,0,0,0,0,3,,0,0,0,0,0,0,0,0,0,,0,0,,0,0,0,0
1604109812887,9,1010123456002,70,,1,2,4,1,0,,1,66,248,0.0152,27,0,3,,0,0,0,0,0,0,0,0,0,,128,140,,0,0,0,0
1604109813137,9,1010123456002,70,,1,2,4,1,0,,1,105,0,0.023616,41,0,3,,0,0,0,0,0,0,0,0,0,,-55,224,,0,0,0,0
1604109813387,9,1010123456002,70,,1,2,4,1,0,,1,60,144,0.013696,25,0,3,,0,6,0,0.1,3,0,0,0,31,,142,128,,0,0,0,0
1604109813637,9,1010123456002,70,,1,2,4,1,0,,0.945455,55,0,0.012448,22,0,3.16667,,0,0,0,0,0,0,0,0,0,,303,146,,0,0,0,0
1604109813887,9,1010123456002,70,,1,2,4,1,0,,0.963636,55,0,0.013024,23,0,3,,0,0,0,0,0,0,0,0,0,,-8,116,,0,0,0,0
1604109814137,9,1010123456002,70,,1,2,4,1,0,,1,28,0,0.00656,12,0,3.16667,,0,0,0,0,0,0,0,0,0,,36,46,,0,0,0,0
1604109814387,9,1010123456002,70,,1,2,4,1,0,,3.18182,33,0,0.011776,13,0,3.5,,13,5,0,0.1,2,0,0,14.2026,31,,182,64,,0,0,0,1.6
1604109814637,9,1010123456002,70,,1,2,4,1,0,,3.73333,15,0,0.005824,6,0,3.2,,0,0,0,0,0,0,0,0,0,,127,28,,0,0,0,0
1604109814887,9,1010123456002,70,,1,2,4,1,0,,3.71429,42,0,0.017472,18,0,3.5,,0,0,0,0,0,0,0,0,0,,347,108,,0,0,0,0
1604109815137,9,1010123456002,70,,1,2,4,1,0,,1,3,128,0,0,0,3.6,,0,0,0,0,0,0,0,0,0,,-6,8,,0,0,0,0
1604109815387,9,1010123456002,70,,1,2,4,1,0,,2.08696,115,0,0.036416,49,0,3.5,,0,12,0,0.1,6,33.3333,0,0,31,,405,582,,0,0,0,0
1604109815637,9,1010123456002,70,,1,2,4,1,0,,1,23,175,0.004608,8,0,3.25,,0,0,0,0,0,0,0,0,0,,-78,60,,0,0,0,0
1604109815887,9,1010123456002,70,,1,2,4,1,0,,0.966102,59,304,0.0136,24,0,3.16667,,0,0,0,0,0,0,0,0,0,,-97,180,,0,0,0,0
1604109816137,9,1010123456002,70,,1,2,4,1,0,,1.43333,90,832,0.023936,38,0,3.16667,,0,0,0,0,0,0,0,0,0,,77,312,,0,0,0,0
1604109816387,9,1010123456002,70,,1,2,4,1,0,,1.58442,154,268,0.037632,56,0,3.16667,,0,4,0,0.1,2,0,0,0,31,,-250,384,,0,0,0,0
1604109816637,9,1010123456002,70,,1,2,4,1,0,,1.93103,58,0,0.020544,30,0,3.33333,,0,0,0,0,0,0,0,0,0,,305,92,,0,0,0,0
1604109816887,9,1010123456002,70,,1,2,4,1,0,,1.66667,36,77,0.008832,13,0,3.4,,0,0,0,0,0,0,0,0,0,,89,56,,0,0,0,0
1604109817137,9,1010123456002,70,,1,2,4,1,0,,0.954545,44,0,0.010368,19,0,3,,0,0,0,0,0,0,0,0,0,,499,82,,0,0,0,0
1604109817387,9,1010123456002,70,,1,2,4,1,0,,0.97619,84,0,0.019584,35,0,3,,13.5,6,0,0.1,2,0,0,14.9551,31,,110,168,,0,0,0,1
1604109817637,9,1010123456002,70,,1,2,4,1,0,,0.97619,84,0,0.019584,35,0,3.33333,,0,0,0,0,0,0,0,0,0,,72,162,,0,0,0,0
1604109817887,9,1010123456002,70,,1,2,4,1,0,,0.983607,122,130,0.026249,47,0,3,,0,0,0,0,0,0,0,0,0,,86,222,,0,0,0,0
1604109818137,9,1010123456002,70,,1,2,4,1,0,,1,25,0,0.00656,12,0,3.33333,,0,0,0,0,0,0,0,0,0,,90,38,,0,0,0,0
1604109818387,9,1010123456002,70,,1,2,4,1,0,,1,29,0,0.00656,12,0,3.25,,9.4,5,0,0.1,2,0,0,14.4944,31,,64,50,,0,0,0,1
1604109818637,9,1010123456002,70,,1,2,4,1,0,,0.953125,64,273,0.0136,24,0,3,,0,0,0,0,0,0,0,0,0,,-82,200,,0,0,0,0
1604109818887,9,1010123456002,70,,1,2,4,1,0,,2.32407,108,0,0.03792,41,0,4.33333,,0,0,0,0,0,0,0,0,0,,84,282,,0,0,0,0
1604109819137,9,1010123456002,70,,1,2,4,1,0,,1,30,0,0.00944,17,0,3.2,,0,0,0,0,0,0,0,0,0,,166,60,,0,0,0,0
1604109819387,9,1010123456002,70,,1,2,4,1,0,,1,57,0,0.01312,24,0,3,,12,6,0,0.1,2,0,0,18.0664,31,,223,158,,0,0,0,1
1604109819637,9,1010123456002,70,,1,2,4,1,0,,1,32,0,0.00656,12,0,3.33333,,0,0,0,0,0,0,0,0,0,,202,120,,0,0,0,0
1604109819887,9,1010123456002,70,,1,2,4,1,0,,1.8913,46,0,0.012384,18,0,3.4,,0,0,0,0,0,0,0,0,0,,184,142,,0,0,0,0
1604109820137,9,1010123456002,70,,1,2,4,1,0,,3.75,16,0,0.005824,6,0,3.33333,,0,0,0,0,0,0,0,0,0,,65,48,,0,0,0,0
1604109820387,9,1010123456002,70,,1,2,4,1,0,,1.86364,44,0,0.012384,18,0,3.25,,10.875,8,0,0.1,3,33.3333,0,11.5968,31,,363,148,,0,0,0,4.75
1604109820637,9,1010123456002,70,,1,2,4,1,0,,0,0,0,0,0,0,3.16667,,0,0,0,0,0,0,0,0,0,,0,0,,0,0,0,0
1604109820887,9,1010123456002,70,,1,2,4,1,0,,1,30,0,0.00656,12,0,5.6,,0,0,0,0,0,0,0,0,0,,46,74,,0,0,0,0
1604109821137,9,1010123456002,70,,1,2,4,1,0,,1,28,0,0.00656,12,0,3.16667,,0,0,0,0,0,0,0,0,0,,14,76,,0,0,0,0
1604109821387,9,1010123456002,70,,1,2,4,1,0,,1.5,72,0,0.018848,29,0,3.16667,,11.6,5,0,0.1,2,0,0,13.7531,31,,297,182,,0,0,0,1.6
1604109821637,9,1010123456002,70,,1,2,4,1,0,,1,55,307,0.01152,20,0,3,,0,0,0,0,0,0,0,0,0,,-165,188,,0,0,0,0
1604109821887,9,1010123456002,70,,1,2,4,1,0,,2.2069,87,0,0.025792,36,0,3.28571,,0,0,0,0,0,0,0,0,0,,400,140,,0,0,0,0
1604109822137,9,1010123456002,70,,1,2,4,1,0,,1,5,130,0,0,0,3.33333,,0,0,0,0,0,0,0,0,0,,-12,12,,0,0,0,0
1604109822387,9,1010123456002,70,,1,2,4,1,0,,1.55714,70,0,0.01904,31,0,3.25,,8.6,5,0,0.1,2,0,0,14.0199,31,,427,338,,0,0,0,1
1604109822637,9,1010123456002,70,,1,2,4,1,0,,0,0,0,0,0,0,3.2,,0,0,0,0,0,0,0,0,0,,0,0,,0,0,0,0
1604109822887,9,1010123456002,70,,1,2,4,1,0,,1,37,100,0.00656,12,0,3.16667,,0,0,0,0,0,0,0,0,0,,41,74,,0,0,0,0
1604109823137,9,1010123456002,70,,1,2,4,1,0,,1,82,0,0.01968,36,0,3,,0,0,0,0,0,0,0,0,0,,131,126,,0,0,0,0
1604109823387,9,1010123456002,70,,1,2,4,1,0,,1,33,0,0.00656,12,0,3.25,,0,4,0,0.1,2,0,0,0,31,,68,74,,0,0,0,0
1604109823637,9,1010123456002,70,,1,2,4,1,0,,1,28,0,0.00656,12,0,3.5,,0,0,0,0,0,0,0,0,0,,211,46,,0,0,0,0
1604109823887,9,1010123456002,70,,1,2,4,1,0,,1.87302,63,0,0.018464,26,0,3.5,,0,0,0,0,0,0,0,0,0,,566,102,,0,0,0,0
1604109824137,9,1010123456002,70,,1,2,4,1,0,,3.73333,15,0,0.005824,6,0,3.6,,0,0,0,0,0,0,0,0,0,,218,32,,0,0,0,0
1604109824387,9,1010123456002,70,,1,2,2,1,0,,2.93902,82,326,0.012896,31,0,3.66667,,0,4,0,0.1,2,0,0,0,31,,556,98,,0,0,0,0
1604109824637,9,1010123456002,70,,1,2,2,1,0,,3.16667,90,312,0.015261,37,0,3.66667,,0,0,0,0,0,0,0,0,0,,-250,96,,0,0,0,0
1604109824887,9,1010123456002,70,,1,2,2,1,0,,3.45902,122,606,0.022747,52,0,3.83333,,0,0,0,0,0,0,0,0,0,,-250,124,,0,0,0,0
1604109825137,9,1010123456002,70,,1,2,2,1,0,,4,155,68,0.02832,59,0,4,,12,6,0,0.1,2,0,0,11.0454,31,,128,230,,0,0,0,2
1604109825387,9,1010123456002,70,,1,2,2,1,0,,2.84783,138,114,0.022464,58,0,3.83333,,3.5,6,0,0.1,2,0,0,16.6105,31,,1181,236,,0,0,0,1
1604109825637,9,1010123456002,70,,1,2,2,1,0,,3.57812,64,339,0.010496,24,0,3.75,,0,0,0,0,0,0,0,0,0,,1550,102,,0,0,0,0
1604109825887,9,1010123456002,70,,1,2,2,1,0,,3.40458,131,0,0.023584,55,0,3.6,,0,0,0,0,0,0,0,0,0,,268,150,,0,0,0,0
1604109826137,9,1010123456002,70,,1,2,2,1,0,,2.76471,17,105,0.001632,5,0,4.2,,0,0,0,0,0,0,0,0,0,,70,22,,0,0,0,0
1604109826387,9,1010123456002,70,,1,2,2,1,0,,2.2,100,324,0.014016,42,0,3.5,,0,4,0,0.1,2,0,0,0,31,,406,114,,0,0,0,0
1604109826637,9,1010123456002,70,,1,2,2,1,0,,1,261,800,0.021504,96,0,3,,0,0,0,0,0,0,0,0,0,,-250,336,,0,0,0,0
1604109826887,9,1010123456002,70,,1,2,2,1,0,,3.48538,171,75,0.0384,74,0,4,,0,0,0,0,0,0,0,0,0,,1115,184,,0,0,0,0
1604109827137,9,1010123456002,70,,1,2,2,1,0,,1.62162,111,471,0.01312,46,0,3.33333,,0,0,0,0,0,0,0,0,0,,413,106,,0,0,0,0
1604109827387,9,1010123456002,70,,1,2,2,1,0,,1,146,450,0.01344,60,0,3,,0,4,0,0.1,2,0,0,0,31,,-250,122,,0,0,0,0
1604109827637,9,1010123456002,70,,1,2,2,1,0,,4.74336,113,240,0.026496,42,0,4.8,,0,0,0,0,0,0,0,0,0,,-68,94,,0,0,0,0
1604109827887,9,1010123456002,70,,1,2,2,1,0,,3.92958,71,158,0.01712,29,0,5.5,,0,0,0,0,0,0,0,0,0,,-107,54,,0,0,0,0
1604109828137,9,1010123456002,70,,1,2,2,1,0,,3.00637,157,406,0.024896,62,0,3.25,,0,0,0,0,0,0,0,0,0,,647,130,,0,0,0,0
1604109828387,9,1010123456002,70,,1,2,2,1,0,,2.525,120,382,0.016224,45,0,3.5,,9.6,5,0,0.1,2,0,0,12.0335,31,,-250,106,,0,0,0,1.4
1604109828637,9,1010123456002,70,,1,2,2,1,0,,2.39024,205,118,0.02896,87,0,3.5,,0,0,0,0,0,0,0,0,0,,137,394,,0,0,0,0
1604109828887,9,1010123456002,70,,1,2,2,1,0,,3.13542,96,114,0.016064,40,0,3.6,,0,0,0,0,0,0,0,0,0,,555,102,,0,0,0,0
1604109829137,9,1010123456002,70,,1,2,2,1,0,,3.76923,26,0,0.005504,12,0,3.5,,0,0,0,0,0,0,0,0,0,,213,34,,0,0,0,0
1604109829387,9,1010123456002,70,,1,2,2,1,0,,1,91,517,0.00784,35,0,3,,0,0,0,0,0,0,0,0,0,,-204,84,,0,0,0,0
1604109829637,9,1010123456002,70,,1,2,2,1,0,,1.77778,108,755,0.013376,46,0,3.2,,1.42105,19,0,0.1,7,0,0,11.7023,31,,-250,110,,0,0,0,1.15789
1604109829887,9,1010123456002,70,,1,2,2,1,0,,1.552,125,682,0.013088,47,0,3.25,,0,0,0,0,0,0,0,0,0,,-250,228,,0,0,0,0
1604109830137,9,1010123456002,70,,1,2,2,1,0,,1,401,665,0.035392,158,0,3,,0,2,0,0.1,1,0,0,0,31,,-250,354,,0,0,0,0
1604109830387,9,1010123456002,70,,1,2,2,1,0,,1,304,926,0.028,125,0,3,,0,2,0,0.1,1,0,0,0,0,,-250,388,,0,0,0,0
1604109830637,9,1010123456002,70,,1,2,2,1,0,,1,226,810,0.02016,90,0,3,,0,0,0,0,0,0,0,0,0,,-250,462,,0,0,0,0
1604109830887,9,1010123456002,70,,1,2,2,1,0,,1,255,972,0.0224,100,0,3,,0,0,0,0,0,0,0,0,0,,-250,422,,0,0,0,0
1604109831137,9,1010123456002,70,,1,2,2,1,0,,1,413,626,0.037632,168,0,3,,4,3,0,0.1,1,0,0,12.5684,31,,-250,454,,0,0,0,1
1604109831387,9,1010123456002,70,,1,2,2,1,0,,1,259,623,0.023296,104,0,3,,0,8,0,0.1,4,0,0,0,31,,-250,410,,0,0,0,0
1604109831637,9,1010123456002,70,,1,2,2,1,0,,1.09494,158,881,0.016192,70,0,3.2,,0,0,0,0,0,0,0,0,0,,-250,260,,0,0,0,0
1604109831887,9,1010123456002,70,,1,2,2,1,0,,1,86,1100,0.007392,33,0,3,,0,0,0,0,0,0,0,0,0,,-250,102,,0,0,0,0
1604109832137,9,1010123456002,70,,1,2,2,1,0,,8.34375,64,295,0.044288,26,0,5.75,,0,0,0,0,0,0,0,0,0,,101,110,,0,0,0,0
1604109832387,9,1010123456002,70,,1,2,2,1,0,,1,102,493,0.008288,37,0,3,,0,0,0,0,0,0,0,0,0,,-250,114,,0,0,0,0
1604109832637,9,1010123456002,70,,1,2,2,1,0,,1,67,568,0.006496,29,0,3,,0,6,0,0.1,3,0,0,0,31,,-249,80,,0,0,0,0
1604109832887,9,1010123456002,70,,1,2,2,1,0,,1.44444,81,594,0.00816,33,0,3.16667,,0.1,3,0,0.1,1,0,0,12.9794,31,,-251,124,,0,0,0,1
1604109833137,9,1010123456002,70,,1,2,2,1,0,,5.26437,87,255,0.024128,28,0,4.66667,,0,0,0,0,0,0,0,0,0,,350,126,,0,0,0,0
1604109833387,9,1010123456002,70,,1,2,2,1,0,,1,251,423,0.023072,103,0,3,,1.5,18,0,0.1,6,0,0,12.6269,31,,-250,402,,0,0,0,1.16667
1604109833637,9,1010123456002,70,,1,2,2,1,0,,1,119,279,0.011648,52,0,3,,0,0,0,0,0,0,0,0,0,,-250,500,,0,0,0,0
1604109833887,9,1010123456002,70,,1,2,2,1,0,,1,157,553,0.014336,64,0,3,,0,0,0,0,0,0,0,0,0,,-250,210,,0,0,0,0
1604109834137,9,1010123456002,70,,1,2,2,1,0,,1,127,1341,0.010976,49,0,3,,0,0,0,0,0,0,0,0,0,,-250,112,,0,0,0,0
1604109834387,9,1010123456002,70,,1,2,2,1,0,,2.46939,147,1151,0.020224,56,0,3.83333,,10.9286,14,0,0.1,5,40,0,9.67622,31,,-250,138,,0,0,0,5.5
1604109834637,9,1010123456002,70,,1,2,2,1,0,,2.03226,93,1838,0.015296,34,0,3,,0,0,0,0,0,0,0,0,0,,-250,128,,0,0,0,0
1604109834887,9,1010123456002,70,,1,2,2,1,0,,1.35294,119,1961,0.012512,49,0,3.16667,,0,0,0,0,0,0,0,0,0,,-250,106,,0,0,0,0
1604109835137,9,1010123456002,70,,1,2,2,1,0,,1,203,2019,0.017472,78,0,3,,0,0,0,0,0,0,0,0,0,,-250,238,,0,0,0,0
1604109835387,9,1010123456002,70,,1,2,2,1,0,,1.52381,441,1555,0.048032,179,0,3.16667,,0,4,0,0.1,2,0,0,0,31,,-250,452,,0,0,0,0
1604109835637,9,1010123456002,70,,1,2,2,1,0,,4.45745,188,164,0.07072,80,0,5.2,,0,2,0,0.1,1,0,0,0,31,,26,156,,0,0,0,0
1604109835887,9,1010123456002,70,,1,2,2,1,0,,2.39474,114,170,0.015008,43,0,2.83333,,0,0,0,0,0,0,0,0,0,,-250,112,,0,0,0,0
1604109836137,9,1010123456002,70,,1,2,2,1,0,,6.0597,67,0,0.024608,27,0,5,,0,0,0,0,0,0,0,0,0,,-73,60,,0,0,0,0
1604109836387,9,1010123456002,70,,1,2,2,1,0,,2.16092,87,101,0.009216,32,0,3.6,,0,0,0,0,0,0,0,0,0,,575,76,,0,0,0,0
1604109836637,9,1010123456002,70,,1,2,2,1,0,,4.34426,61,106,0.014208,26,0,4.2,,3,8,0,0.1,3,0,0,6.80874,31,,1044,68,,0,0,0,1
1604109836887,9,1010123456002,70,,1,2,2,1,0,,5.38095,105,39,0.027616,44,0,4.5,,0,0,0,0,0,0,0,0,0,,1219,88,,0,0,0,0
1604109837137,9,1010123456002,70,,1,2,2,1,0,,5.65854,82,107,0.022624,34,0,5,,0,2,0,0.1,1,0,0,0,31,,519,66,,0,0,0,0
1604109837387,9,1010123456002,70,,1,2,2,1,0,,5.59542,131,14,0.032672,49,0,4.83333,,0.588235,17,0,0.1,7,0,0,7.21285,0,,947,104,,0,0,0,1
1604109837637,9,1010123456002,70,,1,2,2,1,0,,5.03448,29,140,0.00983133,16,0,4.33333,,0,0,0,0,0,0,0,0,0,,605,28,,0,0,0,0
1604109837887,9,1010123456002,70,,1,2,2,1,0,,4.63158,114,312,0.025664,46,0,4.2,,0,0,0,0,0,0,0,0,0,,988,104,,0,0,0,0
1604109838137,9,1010123456002,70,,1,2,2,1,0,,4.48485,99,114,0.02096,39,0,4.33333,,0,2,0,0.1,1,0,0,0,31,,308,102,,0,0,0,0
1604109838387,9,1010123456002,70,,1,2,2,1,0,,4.84211,76,0,0.0181526,31,0,4.75,,2,10,0,0.1,5,0,0,10.0169,0,,1088,60,,0,0,0,1.3
1604109838637,9,1010123456002,70,,1,2,2,1,0,,5.90909,22,0,0.006624,10,0,4.33333,,0,0,0,0,0,0,0,0,0,,269,18,,0,0,0,0
1604109838887,9,1010123456002,70,,1,2,2,1,0,,5.88,25,0,0.005632,8,0,4,,0,0,0,0,0,0,0,0,0,,188,18,,0,0,0,0
1604109839137,9,1010123456002,70,,1,2,2,1,0,,0,0,0,0.000576,1,0,4.25,,0,0,0,0,0,0,0,0,0,,0,0,,0,0,0,0
1604109839387,9,1010123456002,70,,1,2,2,1,0,,0,0,0,0,0,0,4.33333,,0,0,0,0,0,0,0,0,0,,0,0,,0,0,0,0
1604109839637,9,1010123456002,70,,1,2,2,1,0,,3.94,100,59,0.018048,38,0,4,,9.8,5,0,0.1,2,0,0,7.9548,31,,1324,80,,0,0,0,3.2
1604109839887,9,1010123456002,70,,1,2,2,1,0,,3.78723,47,0,0.009504,20,0,4.4,,0,0,0,0,0,0,0,0,0,,705,42,,0,0,0,0
1604109840137,9,1010123456002,70,,1,2,2,1,0,,3.92857,84,128,0.014144,30,0,5,,0,0,0,0,0,0,0,0,0,,557,66,,0,0,0,0
1604109840387,9,1010123456002,70,,1,2,2,1,0,,3.91176,102,0,0.02032,43,0,4,,3.55,20,0,0.1,7,0,0,11.9209,31,,956,88,,0,0,0,1.1
1604109840637,9,1010123456002,70,,1,2,2,1,0,,0,0,0,0,0,0,5,,0,0,0,0,0,0,0,0,0,,0,0,,0,0,0,0
1604109840887,9,1010123456002,70,,1,2,2,1,0,,4.92593,54,0,0.012864,22,0,4.75,,0,0,0,0,0,0,0,0,0,,504,50,,0,0,0,0
1604109841137,9,1010123456002,70,,1,2,2,1,0,,3.84211,38,0,0.006944,15,0,4,,0,0,0,0,0,0,0,0,0,,499,34,,0,0,0,0
1604109841387,9,1010123456002,70,,1,2,2,1,0,,4,21,216,0.00336,7,0,3.75,,0,0,0,0,0,0,0,0,0,,338,34,,0,0,0,0
1604109841637,9,1010123456002,70,,1,2,2,1,0,,4,33,532,0.00768,16,0,4,,5.66667,6,0,0.1,3,0,0,11.8065,31,,-250,80,,0,0,0,1
1604109841887,9,1010123456002,70,,1,2,2,1,0,,4.31159,138,0,0.029344,57,0,4.2,,0,0,0,0,0,0,0,0,0,,-114,146,,0,0,0,0
1604109842137,9,1010123456002,70,,1,2,2,1,0,,9.08333,24,271,0.011296,7,0,5.6,,0,0,0,0,0,0,0,0,0,,92,22,,0,0,0,0
1604109842387,9,1010123456002,70,,1,2,2,1,0,,4.06667,165,0,0.0328,67,0,4,,0,10,0,0.1,5,20,0,0,31,,581,278,,0,0,0,0
1604109842637,9,1010123456002,70,,1,2,2,1,0,,3.71429,42,0,0.007712,17,0,4,,0,0,0,0,0,0,0,0,0,,201,50,,0,0,0,0
1604109842887,9,1010123456002,70,,1,2,2,1,0,,5.90909,22,0,0.006208,9,0,4,,0,0,0,0,0,0,0,0,0,,361,18,,0,0,0,0
1604109843137,9,1010123456002,70,,1,2,2,1,0,,7,49,0,0.0176,20,0,5,,2,3,0,0.1,1,0,0,11.6973,31,,683,64,,0,0,0,1
1604109843387,9,1010123456002,70,,1,2,2,1,0,,14.3043,23,28,0.018464,9,0,5.66667,,10.8462,26,0,0.1,10,10,0,12.5407,0,,491,22,,0,0,0,2.11538
1604109843637,9,1010123456002,70,,1,2,2,1,0,,8,3,0,0.003232,2,0,4,,0,0,0,0,0,0,0,0,0,,4,2,,0,0,0,0
1604109843887,9,1010123456002,70,,1,2,2,1,0,,4,116,571,0.02208,46,0,4,,0,0,0,0,0,0,0,0,0,,-242,118,,0,0,0,0
1604109844137,9,1010123456002,70,,1,2,2,1,0,,4,100,768,0.01968,41,0,4,,0,0,0,0,0,0,0,0,0,,-250,104,,0,0,0,0
1604109844387,9,1010123456002,70,,1,2,2,1,0,,2.83186,113,877,0.017472,46,0,3.75,,9.5,6,0,0.1,2,0,0,12.9102,31,,-250,112,,0,0,0,1.5
1604109844637,9,1010123456002,70,,1,2,2,1,0,,4,71,1174,0.0144,30,0,4,,0,0,0,0,0,0,0,0,0,,-250,112,,0,0,0,0
1604109844887,9,1010123456002,70,,1,2,2,1,0,,2.36709,79,1584,0.0110522,32,0,3.5,,0,0,0,0,0,0,0,0,0,,-250,106,,0,0,0,0
1604109845137,9,1010123456002,70,,1,2,2,1,0,,3.12264,106,1856,0.0166747,41,0,3.4,,12,3,0,0.1,1,0,0,12.7622,31,,-249,132,,0,0,0,1
1604109845387,9,1010123456002,70,,1,2,2,1,0,,1.57303,89,2157,0.01008,37,0,3.2,,8,3,0,0.1,1,0,0,17.8559,0,,-250,98,,0,0,0,1
1604109845637,9,1010123456002,70,,1,2,2,1,0,,1.53488,129,2389,0.01376,50,0,3.2,,0,0,0,0,0,0,0,0,0,,-250,114,,0,0,0,0
1604109845887,9,1010123456002,70,,1,2,2,1,0,,2.09589,73,2208,0.009824,31,0,3.14286,,0,0,0,0,0,0,0,0,0,,-251,134,,0,0,0,0
1604109846137,9,1010123456002,70,,1,2,2,1,0,,1,72,2750,0.006048,27,0,3,,0,0,0,0,0,0,0,0,0,,-250,88,,0,0,0,0
1604109846387,9,1010123456002,70,,1,2,2,1,0,,1,56,3620,0.005152,23,0,2.8,,0,0,0,0,0,0,0,0,0,,-250,102,,0,0,0,0
1604109846637,9,1010123456002,70,,1,2,2,1,0,,1,66,3848,0.006496,29,0,3,,0,4,0,0.1,2,0,0,0,31,,-250,108,,0,0,0,0
1604109846887,9,1010123456002,70,,1,2,2,1,0,,1,118,4020,0.010528,47,0,3,,0,0,0,0,0,0,0,0,0,,-250,106,,0,0,0,0
1604109847137,9,1010123456002,70,,1,2,2,1,0,,1,112,4357,0.009632,43,0,3,,0,2,0,0,1,100,0,0,0,,-250,114,,0,0,0,0
1604109847387,9,1010123456002,70,,1,2,2,1,0,,2.38889,108,5452,0.016064,46,0,3.4,,0,4,0,0.1,2,0,0,0,31,,-250,98,,0,0,0,0
1604109847637,9,1010123456002,70,,1,2,2,1,0,,4.77215,79,5166,0.028288,32,0,4.8,,0,0,0,0,0,0,0,0,0,,-250,90,,0,0,0,0
1604109847887,9,1010123456002,70,,1,2,2,1,0,,1,105,5826,0.009184,41,0,2.85714,,0,0,0,0,0,0,0,0,0,,-250,114,,0,0,0,0
1604109848137,9,1010123456002,70,,1,2,2,1,0,,1,83,5877,0.00784,35,0,3,,0,0,0,0,0,0,0,0,0,,-250,82,,0,0,0,0
1604109848387,9,1010123456002,70,,1,2,2,1,0,,1,108,6211,0.009856,44,0,3,,0,4,0,0.1,2,0,0,0,31,,-250,124,,0,0,0,0
1604109848637,9,1010123456002,70,,1,2,2,1,0,,1,79,6265,0.007616,34,0,3,,0,0,0,0,0,0,0,0,0,,-250,110,,0,0,0,0
1604109848887,9,1010123456002,70,,1,2,2,1,0,,1,298,6214,0.025984,116,0,3,,0,0,0,0,0,0,0,0,0,,-250,338,,0,0,0,0
1604109849137,9,1010123456002,70,,1,2,2,1,0,,1,382,6061,0.034048,152,0,3,,0,0,0,0,0,0,0,0,0,,-250,452,,0,0,0,0
1604109849387,9,1010123456002,70,,1,2,2,1,0,,1,370,5922,0.034496,154,0,3,,11,6,0,0.1,2,0,0,16.32,31,,-250,468,,0,0,0,1.5
1604109849637,9,1010123456002,70,,1,2,2,1,0,,1,313,5705,0.027328,122,0,3,,15,3,0,0.1,1,0,0,10.3673,31,,-250,478,,0,0,0,3
1604109849887,9,1010123456002,70,,1,2,2,1,0,,1,369,5729,0.0336,150,0,3,,0,0,0,0,0,0,0,0,0,,-250,434,,0,0,0,0
1604109850137,9,1010123456002,70,,1,2,2,1,0,,1,440,5191,0.04032,180,0,3,,0,0,0,0,0,0,0,0,0,,-250,500,,0,0,0,0
1604109850387,9,1010123456002,70,,1,2,2,1,0,,1,414,5007,0.03696,165,0,3,,8.5,6,0,0.1,2,0,0,16.8181,31,,-250,456,,0,0,0,1
1604109850637,9,1010123456002,70,,1,2,2,1,0,,1,318,5387,0.03024,135,0,3,,0,0,0,0,0,0,0,0,0,,-250,404,,0,0,0,0
1604109850887,9,1010123456002,70,,1,2,2,1,0,,1,378,5407,0.032928,147,0,3,,0,0,0,0,0,0,0,0,0,,-250,430,,0,0,0,0
1604109851137,9,1010123456002,70,,1,2,2,1,0,,1,236,5420,0.022176,99,0,2.83333,,15,3,0,0.1,1,0,0,17.0162,31,,-250,404,,0,0,0,1
1604109851387,9,1010123456002,70,,1,2,2,1,0,,1,370,5127,0.03472,155,0,2.83333,,12,3,0,0.1,1,0,0,18.9162,0,,-250,490,,0,0,0,1
1604109851637,9,1010123456002,70,,1,2,2,1,0,,1,285,5257,0.0242892,108,0,3,,0,0,0,0,0,0,0,0,0,,-249,392,,0,0,0,0
1604109851887,9,1010123456002,70,,1,2,2,1,0,,1,174,5516,0.016576,74,0,3,,0,0,0,0,0,0,0,0,0,,-250,420,,0,0,0,0
1604109852137,9,1010123456002,70,,1,2,2,1,0,,1,182,5768,0.015904,71,0,2.83333,,0,2,0,0.1,1,0,0,0,31,,-250,432,,0,0,0,0
1604109852387,9,1010123456002,70,,1,2,2,1,0,,1,408,5579,0.036288,162,0,3,,0,2,0,0.1,1,0,0,0,0,,-251,448,,0,0,0,0
1604109852637,9,1010123456002,70,,1,2,2,1,0,,1,390,5419,0.03584,160,0,3,,0,0,0,0,0,0,0,0,0,,-250,466,,0,0,0,0
1604109852887,9,1010123456002,70,,1,2,2,1,0,,1,317,5034,0.028,125,0,2.85714,,15,3,0,0.1,1,0,0,18.0943,31,,-250,486,,0,0,0,1
1604109853137,9,1010123456002,70,,1,2,2,1,0,,1,509,4411,0.047264,211,0,3,,15,3,0,0.1,1,0,0,18.4765,31,,-250,500,,0,0,0,1
1604109853387,9,1010123456002,70,,1,2,2,1,0,,1,266,4246,0.023968,107,0,3,,13.5,6,0,0.1,2,0,0,17.6588,31,,-250,452,,0,0,0,1
1604109853637,9,1010123456002,70,,1,2,2,1,0,,1,434,4182,0.038528,172,0,3,,0,0,0,0,0,0,0,0,0,,-250,476,,0,0,0,0
1604109853887,9,1010123456002,70,,1,2,2,1,0,,1,390,4182,0.036064,161,0,3,,0,0,0,0,0,0,0,0,0,,-250,480,,0,0,0,0
1604109854137,9,1010123456002,70,,1,2,2,1,0,,1,366,4369,0.032256,144,0,3,,0,0,0,0,0,0,0,0,0,,-250,396,,0,0,0,0
1604109854387,9,1010123456002,70,,1,2,6,1,0,,1.30052,386,1904,0.108544,158,0,2.83333,,13.8,5,0,0.1,2,0,0,17.0596,31,,-250,1030,,0,0,0,1
1604109854637,9,1010123456002,70,,1,2,6,1,0,,1.72376,181,158,0.07744,80,0,2.83333,,0,0,0,0,0,0,0,0,0,,-62,476,,0,0,0,0
1604109854887,9,1010123456002,70,,1,2,6,1,0,,1.36667,30,0,0.011712,13,0,3,,0,0,0,0,0,0,0,0,0,,150,176,,0,0,0,0
1604109855137,9,1010123456002,70,,1,2,6,1,0,,0.95,60,6,0.014592,20,0,2.83333,,15,3,0,0.1,1,0,0,14.4742,31,,31,156,,0,0,0,2
1604109855387,9,1010123456002,70,,1,2,6,1,0,,1.51515,33,44,0.00992,14,0,3,,10,3,0,0.1,1,0,0,20.6438,0,,49,82,,0,0,0,1
1604109855637,9,1010123456002,70,,1,2,6,1,0,,1.67241,58,0,0.023584,25,0,3,,0,0,0,0,0,0,0,0,0,,166,236,,0,0,0,0
1604109855887,9,1010123456002,70,,1,2,6,1,0,,1.59459,37,0,0.011872,14,0,3,,0,0,0,0,0,0,0,0,0,,10,92,,0,0,0,0
1604109856137,9,1010123456002,70,,1,2,6,1,0,,1.625,16,0,0.005984,7,0,3,,0,0,0,0,0,0,0,0,0,,20,56,,0,0,0,0
1604109856387,9,1010123456002,70,,1,2,6,1,0,,1.48781,41,0,0.011968,15,0,3,,11.2,5,0,0.1,2,0,0,16.5923,31,,63,84,,0,0,0,1.8
1604109856637,9,1010123456002,70,,1,2,6,1,0,,1.58824,17,0,0.005984,7,0,3,,0,0,0,0,0,0,0,0,0,,22,50,,0,0,0,0
1604109856887,9,1010123456002,70,,1,2,6,1,0,,0,0,0,0,0,0,3,,0,0,0,0,0,0,0,0,0,,0,0,,0,0,0,0
1604109857137,9,1010123456002,70,,1,2,6,1,0,,1.45946,37,0,0.012032,15,0,3,,0,0,0,0,0,0,0,0,0,,82,120,,0,0,0,0
1604109857387,9,1010123456002,70,,1,2,6,1,0,,1.74194,31,0,0.011456,12,0,3,,11.5714,7,0,0.1,3,33.3333,0,10.9648,31,,90,146,,0,0,0,4.14286
1604109857637,9,1010123456002,70,,1,2,6,1,0,,1.64,50,0,0.01776,20,0,3,,0,0,0,0,0,0,0,0,0,,153,170,,0,0,0,0
1604109857887,9,1010123456002,70,,1,2,6,1,0,,1.78125,32,0,0.011712,13,0,3.14286,,0,0,0,0,0,0,0,0,0,,152,124,,0,0,0,0
1604109858137,9,1010123456002,70,,1,2,6,1,0,,1.54762,84,0,0.029472,34,0,3,,12,3,0,0.1,1,0,0,17.8384,31,,119,236,,0,0,0,1
1604109858387,9,1010123456002,70,,1,2,6,1,0,,1.76087,46,0,0.017408,18,0,3,,0,2,0,0.1,1,0,0,0,0,,22,152,,0,0,0,0
1604109858637,9,1010123456002,70,,1,2,6,1,0,,1.60606,33,21,0.006176,8,0,3,,0,0,0,0,0,0,0,0,0,,45,74,,0,0,0,0
1604109858887,9,1010123456002,70,,1,2,6,1,0,,1.52,50,0,0.023584,26,0,3,,0,0,0,0,0,0,0,0,0,,114,130,,0,0,0,0
1604109859137,9,1010123456002,70,,1,2,6,1,0,,1.48148,54,108,0.018592,21,0,2.83333,,0,0,0,0,0,0,0,0,0,,171,360,,0,0,0,0
1604109859387,9,1010123456002,70,,1,2,6,1,0,,1.74627,67,74,0.022368,24,0,3,,13.5,6,0,0.1,2,0,0,18.9885,31,,71,432,,0,0,0,1
1604109859637,9,1010123456002,70,,1,2,6,1,0,,1.62745,102,0,0.0408,44,0,3,,0,0,0,0,0,0,0,0,0,,457,758,,0,0,0,0
1604109859887,9,1010123456002,70,,1,2,6,1,0,,1.54839,31,0,0.012256,14,0,3,,0,0,0,0,0,0,0,0,0,,107,226,,0,0,0,0
1604109860137,9,1010123456002,70,,1,2,6,1,0,,1.65385,52,0,0.016192,19,0,3.16667,,0,4,0,0.1,2,0,0,0,31,,108,134,,0,0,0,0
1604109860387,9,1010123456002,70,,1,2,6,1,0,,1.5,52,0,0.019392,23,0,3,,12,3,0,0.1,1,0,0,20.4256,0,,92,140,,0,0,0,1
1604109860637,9,1010123456002,70,,1,2,6,1,0,,1.66667,33,158,0.011904,13,0,3,,0,0,0,0,0,0,0,0,0,,88,100,,0,0,0,0
1604109860887,9,1010123456002,70,,1,2,6,1,0,,1.57576,33,0,0.005952,7,0,3,,0,0,0,0,0,0,0,0,0,,52,80,,0,0,0,0
1604109861137,9,1010123456002,70,,1,2,6,1,0,,1.64706,17,0,0.011712,13,0,3,,0,0,0,0,0,0,0,0,0,,10,44,,0,0,0,0
1604109861387,9,1010123456002,70,,1,2,6,1,0,,1.51282,78,365,0.023552,27,0,3,,11.8,5,0,0.1,2,0,0,12.2145,31,,60,198,,0,0,0,1
1604109861637,9,1010123456002,70,,1,2,6,1,0,,1.5375,80,0,0.03536,39,0,3,,0,0,0,0,0,0,0,0,0,,184,562,,0,0,0,0
1604109861887,9,1010123456002,70,,1,2,6,1,0,,1.33333,57,0,0.017984,22,0,3,,0,0,0,0,0,0,0,0,0,,88,150,,0,0,0,0
1604109862137,9,1010123456002,70,,1,2,6,1,0,,3.2,10,0,0.0056,4,0,3.5,,0,0,0,0,0,0,0,0,0,,20,42,,0,0,0,0
1604109862387,9,1010123456002,70,,1,2,6,1,0,,1.69231,13,0,0.002656,3,0,3,,0,0,0,0,0,0,0,0,0,,0,114,,0,0,0,0
1604109862637,9,1010123456002,70,,1,2,6,1,0,,1.71186,59,0,0.026432,28,0,3,,10.8,5,0,0.1,2,0,0,16.8508,31,,52,258,,0,0,0,1
1604109862887,9,1010123456002,70,,1,2,6,1,0,,1.70588,17,0,0.00576,6,0,3,,0,0,0,0,0,0,0,0,0,,43,86,,0,0,0,0
1604109863137,9,1010123456002,70,,1,2,6,1,0,,1.53125,32,0,0.011616,13,0,3,,0,0,0,0,0,0,0,0,0,,30,84,,0,0,0,0
1604109863387,9,1010123456002,70,,1,2,6,1,0,,1.73684,19,100,0.00576,6,0,3,,12,5,0,0.1,2,0,0,19.8524,31,,7,54,,0,0,0,1
1604109863637,9,1010123456002,70,,1,2,6,1,0,,1.72727,88,0,0.035072,37,0,3,,0,0,0,0,0,0,0,0,0,,109,290,,0,0,0,0
1604109863887,9,1010123456002,70,,1,2,6,1,0,,1.86667,15,0,0.0059759,6,0,3,,0,0,0,0,0,0,0,0,0,,29,44,,0,0,0,0
1604109864137,9,1010123456002,70,,1,2,6,1,0,,1.76562,64,0,0.023296,24,0,3,,0,0,0,0,0,0,0,0,0,,91,286,,0,0,0,0
1604109864387,8,1010123456002,70,,1,2,6,1,0,,2.45833,24,59,0.006336,6,0,3.16667,,13.8,5,0,0.1,2,0,0,18.9129,31,,16,90,,0,0,0,1
1604109864637,8,1010123456002,70,,1,2,6,1,0,,1.35593,59,0,0.022816,26,0,3,,0,0,0,0,0,0,0,0,0,,101,196,,0,0,0,0
1604109864887,8,1010123456002,70,,1,2,6,1,0,,1.2931,58,0,0.018048,23,0,3,,0,0,0,0,0,0,0,0,0,,85,146,,0,0,0,0
1604109865137,8,1010123456002,70,,1,2,6,1,0,,1.6,50,0,0.017856,20,0,3,,0,2,0,0.1,1,0,0,0,31,,58,132,,0,0,0,0
1604109865387,8,1010123456002,70,,1,2,6,1,0,,1.57971,69,0,0.023936,29,0,3,,7,3,0,0.1,1,0,0,11.8399,0,,123,200,,0,0,0,1
1604109865637,8,1010123456002,70,,1,2,6,1,0,,1.62295,61,52,0.018016,20,0,3,,0,0,0,0,0,0,0,0,0,,88,174,,0,0,0,0
1604109865887,8,1010123456002,70,,1,2,6,1,0,,1.45205,73,0,0.02976,35,0,3,,0,0,0,0,0,0,0,0,0,,203,274,,0,0,0,0
1604109866137,8,1010123456002,70,,1,2,6,1,0,,1.625,48,0,0.017696,20,0,3,,0,0,0,0,0,0,0,0,0,,81,132,,0,0,0,0
1604109866387,8,1010123456002,70,,1,2,6,1,0,,1.59615,52,0,0.017696,20,0,3,,10,5,0,0.1,2,0,0,18.8492,31,,153,212,,0,0,0,1
1604109866637,8,1010123456002,70,,1,2,6,1,0,,1.58,50,0,0.017664,20,0,3,,0,0,0,0,0,0,0,0,0,,78,176,,0,0,0,0
1604109866887,8,1010123456002,70,,1,2,6,1,0,,1.48077,52,0,0.0176,20,0,3,,0,0,0,0,0,0,0,0,0,,126,230,,0,0,0,0
1604109867137,8,1010123456002,70,,1,2,6,1,0,,1.6,30,0,0.011456,12,0,3,,0,0,0,0,0,0,0,0,0,,83,136,,0,0,0,0
1604109867387,8,1010123456002,70,,1,2,6,1,0,,1.53333,30,0,0.01184,13,0,3,,13.2,5,0,0.1,2,0,0,20.6654,31,,84,104,,0,0,0,1
1604109867637,8,1010123456002,70,,1,2,6,1,0,,1.76,25,22,0.005952,6,0,3,,0,0,0,0,0,0,0,0,0,,130,178,,0,0,0,0
1604109867887,8,1010123456002,70,,1,2,6,1,0,,0.853659,41,0,0.016576,20,0,2.71429,,0,0,0,0,0,0,0,0,0,,116,170,,0,0,0,0
1604109868137,8,1010123456002,70,,1,2,6,1,0,,1.57143,7,80,0.001408,2,0,2.66667,,0,0,0,0,0,0,0,0,0,,-7,32,,0,0,0,0
1604109868387,8,1010123456002,70,,1,2,6,1,0,,1.6087,23,0,0.011712,13,0,2.5,,0,4,0,0.1,2,0,0,0,31,,83,134,,0,0,0,0
1604109868637,8,1010123456002,70,,1,2,6,1,0,,0.42029,69,8,0.017248,25,0,2.5,,0,0,0,0,0,0,0,0,0,,108,416,,0,0,0,0
1604109868887,8,1010123456002,70,,1,2,6,1,0,,0.478992,119,0,0.032672,49,0,2.28571,,0,0,0,0,0,0,0,0,0,,76,496,,0,0,0,0
1604109869137,8,1010123456002,70,,1,2,6,1,0,,0,0,153,0,0,0,3,,0,0,0,0,0,0,0,0,0,,-1,2,,0,0,0,0
1604109869387,8,1010123456002,70,,1,2,6,1,0,,1.5,48,0,0.0176,20,0,2.66667,,13.8,5,0,0.1,2,0,0,20.598,31,,89,138,,0,0,0,1
1604109869637,8,1010123456002,70,,1,2,6,1,0,,0.756757,37,0,0.012,16,0,2.66667,,0,0,0,0,0,0,0,0,0,,61,284,,0,0,0,0
1604109869887,8,1010123456002,70,,1,2,6,1,0,,1.52632,19,0,0.006176,8,0,2.14286,,0,0,0,0,0,0,0,0,0,,11,40,,0,0,0,0
1604109870137,8,1010123456002,70,,1,2,6,1,0,,0.1,51,0,0.012768,21,0,2.16667,,0,0,0,0,0,0,0,0,0,,-6,218,,0,0,0,0
1604109870387,8,1010123456002,70,,1,2,6,1,0,,0.1,55,0,0.012864,22,0,2,,13.2,5,0,0.1,2,0,0,16.5536,31,,20,162,,0,0,0,1.6
1604109870637,8,1010123456002,70,,1,2,6,1,0,,0.1,112,0,0.025728,44,0,2,,0,0,0,0,0,0,0,0,0,,100,604,,0,0,0,0
1604109870887,8,1010123456002,70,,1,2,6,1,0,,0.1,79,0,0.015296,26,0,2,,0,0,0,0,0,0,0,0,0,,102,274,,0,0,0,0
1604109871137,8,1010123456002,70,,1,2,6,1,0,,0.1,25,0,0.010432,18,0,2.16667,,0,0,0,0,0,0,0,0,0,,12,112,,0,0,0,0
1604109871387,8,1010123456002,70,,1,2,6,1,0,,0.1,78,0,0.0192,32,0,2.16667,,12,5,0,0.1,2,0,0,15.7898,31,,40,238,,0,0,0,1
1604109871637,8,1010123456002,70,,1,2,6,1,0,,1.625,16,0,0.005728,6,0,2.8,,0,0,0,0,0,0,0,0,0,,21,40,,0,0,0,0
1604109871887,8,1010123456002,70,,1,2,6,1,0,,0.1,27,0,0.006432,11,0,2.5,,0,0,0,0,0,0,0,0,0,,33,76,,0,0,0,0
1604109872137,8,1010123456002,70,,1,2,6,1,0,,1.54839,31,0,0.01184,13,0,3,,0,2,0,0.1,1,0,0,0,31,,63,84,,0,0,0,0
1604109872387,8,1010123456002,70,,1,2,6,1,0,,1.21111,90,0,0.029952,37,0,2.33333,,0,4,0,0.1,2,0,0,0,0,,158,334,,0,0,0,0
1604109872637,8,1010123456002,70,,1,2,6,1,0,,0.1,79,0,0.0192,32,0,2.66667,,0,0,0,0,0,0,0,0,0,,16,234,,0,0,0,0
1604109872887,8,1010123456002,70,,1,2,6,1,0,,1.70588,17,0,0.00592,7,0,2.71429,,0,0,0,0,0,0,0,0,0,,21,42,,0,0,0,0
1604109873137,8,1010123456002,70,,1,2,6,1,0,,1.65517,29,0,0.011488,12,0,2.66667,,0,0,0,0,0,0,0,0,0,,51,88,,0,0,0,0
1604109873387,8,1010123456002,70,,1,2,6,1,0,,1.59375,32,0,0.011744,13,0,2.66667,,0,4,0,0.1,2,0,0,0,31,,51,96,,0,0,0,0
1604109873637,8,1010123456002,70,,1,2,6,1,0,,1.71739,46,0,0.014752,16,0,3,,0,0,0,0,0,0,0,0,0,,93,172,,0,0,0,0
1604109873887,8,1010123456002,70,,1,2,6,1,0,,1.78,50,0,0.016224,18,0,3,,0,0,0,0,0,0,0,0,0,,24,126,,0,0,0,0
1604109874137,8,1010123456002,70,,1,2,6,1,0,,1.66667,15,0,0.009856,10,0,3,,0,0,0,0,0,0,0,0,0,,3,80,,0,0,0,0
1604109874387,8,1010123456002,70,,1,2,6,1,0,,1.59302,86,0,0.029696,34,0,3,,0,5,0,0.1,3,33.3333,0,0,31,,199,370,,0,0,0,0
1604109874637,8,1010123456002,70,,1,2,6,1,0,,1.35,20,0,0.006112,8,0,3,,0,0,0,0,0,0,0,0,0,,31,42,,0,0,0,0
1604109874887,8,1010123456002,70,,1,2,6,1,0,,1.23529,17,0,0.005952,7,0,3,,0,0,0,0,0,0,0,0,0,,96,44,,0,0,0,0
1604109875137,8,1010123456002,70,,1,2,6,1,0,,0.947368,38,0,0.012064,15,0,2.83333,,0,2,0,0.1,1,0,0,0,31,,70,102,,0,0,0,0
1604109875387,8,1010123456002,70,,1,2,6,1,0,,1.64,50,0,0.017472,19,0,3,,1.2,10,0,0.1,4,0,0,9.82015,0,,231,164,,0,0,0,1
1604109875637,8,1010123456002,70,,1,2,6,1,0,,1.73333,15,0,0.005728,6,0,3,,0,0,0,0,0,0,0,0,0,,26,38,,0,0,0,0
1604109875887,8,1010123456002,70,,1,2,6,1,0,,0,0,0,0,0,0,3,,0,0,0,0,0,0,0,0,0,,0,0,,0,0,0,0
1604109876137,8,1010123456002,70,,1,2,6,1,0,,1.48077,52,0,0.017632,20,0,3,,0,0,0,0,0,0,0,0,0,,102,182,,0,0,0,0
1604109876387,8,1010123456002,70,,1,2,6,1,0,,1.37037,54,0,0.01776,21,0,3,,14.5,36,0,0.137376,14,35.7143,0,12.6938,31,,54,150,,0,0,0,3.88889
1604109876637,8,1010123456002,70,,1,2,6,1,0,,1.8125,16,0,0.005952,6,0,3,,0,0,0,0,0,0,0,0,0,,37,44,,0,0,0,0
1604109876887,8,1010123456002,70,,1,2,6,1,0,,2.21154,52,0,0.022848,21,0,3.42857,,0,0,0,0,0,0,0,0,0,,224,324,,0,0,0,0
1604109877137,8,1010123456002,70,,1,2,6,1,0,,2.65625,32,15,0.011552,10,0,3.5,,0,0,0,0,0,0,0,0,0,,90,112,,0,0,0,0
1604109877387,8,1010123456002,70,,1,2,6,1,0,,3.3125,16,0,0.011072,8,0,3.5,,6.625,8,0,0.1,3,0,0,15.1566,31,,32,26,,0,0,0,1
1604109877637,8,1010123456002,70,,1,2,6,1,0,,2.19048,42,0,0.01728,16,0,3.33333,,15,3,0,0.1,1,0,0,17.636,31,,93,146,,0,0,0,1
1604109877887,8,1010123456002,70,,1,2,6,1,0,,1.94286,35,111,0.01168,12,0,3.42857,,0,0,0,0,0,0,0,0,0,,65,100,,0,0,0,0
1604109878137,8,1010123456002,70,,1,2,6,1,0,,1.90741,54,0,0.022912,22,0,3,,0,0,0,0,0,0,0,0,0,,158,162,,0,0,0,0
1604109878387,8,1010123456002,70,,1,2,6,1,0,,2.375,32,111,0.01136,11,0,3.33333,,11.6,5,0,0.1,2,0,0,15.4396,31,,263,80,,0,0,0,1.6
1604109878637,8,1010123456002,70,,1,2,6,1,0,,2.43902,41,0,0.018624,16,0,3.5,,0,0,0,0,0,0,0,0,0,,470,148,,0,0,0,0
1604109878887,8,1010123456002,70,,1,2,6,1,0,,2.77778,36,0,0.020416,16,0,3.42857,,0,0,0,0,0,0,0,0,0,,176,144,,0,0,0,0
1604109879137,8,1010123456002,70,,1,2,6,1,0,,3.23077,13,121,0.006304,5,0,4,,15,3,0,0.1,1,0,0,17.9624,31,,178,36,,0,0,0,1
1604109879387,8,1010123456002,70,,1,2,6,1,0,,3.83333,18,0,0.0112,8,0,3.66667,,12,3,0,0.1,1,0,0,5.45621,0,,235,50,,0,0,0,5
1604109879637,8,1010123456002,70,,1,2,6,1,0,,3.6,10,0,0.0056,4,0,3.83333,,0,0,0,0,0,0,0,0,0,,101,54,,0,0,0,0
1604109879887,8,1010123456002,70,,1,2,6,1,0,,3.5122,41,158,0.022304,15,0,3.85714,,0,0,0,0,0,0,0,0,0,,302,114,,0,0,0,0
1604109880137,8,1010123456002,70,,1,2,6,1,0,,2.6,80,0,0.039808,34,0,3.66667,,0,0,0,0,0,0,0,0,0,,693,394,,0,0,0,0
1604109880387,8,1010123456002,70,,1,2,6,1,0,,3.52381,21,0,0.0112,8,0,4,,13.0667,15,0,0.1,7,0,0,19.2168,31,,192,58,,0,0,0,1.13333
1604109880637,8,1010123456002,70,,1,2,6,1,0,,3.53333,30,0,0.0168,12,0,4,,0,0,0,0,0,0,0,0,0,,202,120,,0,0,0,0
1604109880887,8,1010123456002,70,,1,2,6,1,0,,0,0,0,0,0,0,4,,0,0,0,0,0,0,0,0,0,,0,0,,0,0,0,0
1604109881137,8,1010123456002,70,,1,2,6,1,0,,3.5,12,0,0.005792,5,0,4,,0,0,0,0,0,0,0,0,0,,35,24,,0,0,0,0
1604109881387,8,1010123456002,70,,1,2,6,1,0,,3.45614,57,0,0.028256,22,0,4,,13.8,5,0,0.1,2,0,0,18.176,31,,221,148,,0,0,0,1
1604109881637,8,1010123456002,70,,1,2,6,1,0,,3.2,10,0,0.0056,4,0,4,,0,0,0,0,0,0,0,0,0,,131,62,,0,0,0,0
1604109881887,8,1010123456002,70,,1,2,6,1,0,,3.46154,39,0,0.022272,16,0,4,,0,0,0,0,0,0,0,0,0,,83,124,,0,0,0,0
1604109882137,8,1010123456002,70,,1,2,6,1,0,,3.38462,13,0,0.0056,5,0,4,,0,0,0,0,0,0,0,0,0,,48,24,,0,0,0,0
1604109882387,8,1010123456002,70,,1,2,6,1,0,,3.34375,32,0,0.016832,13,0,4,,13.8,5,0,0.1,2,0,0,17.3175,31,,35,156,,0,0,0,1
1604109882637,8,1010123456002,70,,1,2,6,1,0,,3.82353,17,17,0.008864,6,0,4,,0,0,0,0,0,0,0,0,0,,136,96,,0,0,0,0
1604109882887,8,1010123456002,70,,1,2,6,1,0,,3.32143,56,0,0.030144,24,0,4,,0,0,0,0,0,0,0,0,0,,38,210,,0,0,0,0
1604109883137,8,1010123456002,70,,1,2,6,1,0,,3.54286,70,0,0.033632,27,0,4,,15,3,0,0.1,1,0,0,16.5741,31,,244,204,,0,0,0,1
1604109883387,8,1010123456002,70,,1,2,6,1,0,,3.2,10,0,0.0056,4,0,4,,12,9,0,0.1,3,66.6667,0,7.31119,0,,25,24,,0,0,0,7
1604109883637,8,1010123456002,70,,1,2,6,1,0,,3.45833,24,0,0.011264,9,0,4,,0,0,0,0,0,0,0,0,0,,78,66,,0,0,0,0
1604109883887,8,1010123456002,70,,1,2,6,1,0,,3.4,10,0,0.0056,4,0,4.4,,0,0,0,0,0,0,0,0,0,,22,24,,0,0,0,0
1604109884137,8,1010123456002,70,,1,2,6,1,0,,4.03571,28,0,0.016704,12,0,4.66667,,0,0,0,0,0,0,0,0,0,,99,74,,0,0,0,0
1604109884387,8,1010123456002,70,,1,2,6,1,0,,4.46939,49,0,0.032608,19,0,4.66667,,12,6,0,0.1,2,0,0,17.5025,31,,114,246,,0,0,0,1
1604109884637,8,1010123456002,70,,1,2,6,1,0,,6,7,0,0.005504,3,0,5,,0,0,0,0,0,0,0,0,0,,31,14,,0,0,0,0
1604109884887,8,1010123456002,70,,1,2,6,1,0,,0,0,0,0,0,0,5.85714,,0,0,0,0,0,0,0,0,0,,0,0,,0,0,0,0
1604109885137,8,1010123456002,70,,1,2,6,1,0,,4.89474,19,0,0.011072,8,0,5.16667,,0,0,0,0,0,0,0,0,0,,88,32,,0,0,0,0
1604109885387,8,1010123456002,70,,1,2,6,1,0,,6.92857,42,0,0.027168,14,0,5.16667,,13.2,5,0,0.1,2,0,0,19.5196,31,,155,74,,0,0,0,1
1604109885637,8,1010123456002,70,,1,2,6,1,0,,5.73333,30,0,0.027296,15,0,5.5,,0,0,0,0,0,0,0,0,0,,115,58,,0,0,0,0
1604109885887,8,1010123456002,70,,1,2,6,1,0,,4.92857,42,0,0.022176,16,0,4.85714,,0,0,0,0,0,0,0,0,0,,151,66,,0,0,0,0
1604109886137,8,1010123456002,70,,1,2,6,1,0,,5.76471,34,0,0.016512,11,0,5.33333,,0,0,0,0,0,0,0,0,0,,145,58,,0,0,0,0
1604109886387,8,1010123456002,70,,1,2,6,1,0,,6.80952,21,0,0.021728,11,0,5.16667,,13.7143,7,0,0.1,3,33.3333,0,16.0722,31,,79,36,,0,0,0,3.85714
1604109886637,8,1010123456002,70,,1,2,6,1,0,,7.4,50,0,0.03808,20,0,5.66667,,0,0,0,0,0,0,0,0,0,,120,80,,0,0,0,0
1604109886887,8,1010123456002,70,,1,2,6,1,0,,6.71429,21,0,0.016384,8,0,5.71429,,0,0,0,0,0,0,0,0,0,,58,36,,0,0,0,0
1604109887137,8,1010123456002,70,,1,2,6,1,0,,7.51429,35,0,0.027232,14,0,5.66667,,0,2,0,0.1,1,0,0,0,31,,119,64,,0,0,0,0
1604109887387,8,1010123456002,70,,1,2,6,1,0,,7.64286,14,0,0.01088,5,0,6,,10,3,0,0.1,1,0,0,19.7141,0,,97,32,,0,0,0,1
1604109887637,8,1010123456002,70,,1,2,6,1,0,,6.33333,24,0,0.026496,11,0,5.5,,0,0,0,0,0,0,0,0,0,,75,46,,0,0,0,0
1604109887887,8,1010123456002,70,,1,2,6,1,0,,5.72727,44,0,0.032544,18,0,5.14286,,0,0,0,0,0,0,0,0,0,,302,88,,0,0,0,0
1604109888137,8,1010123456002,70,,1,2,6,1,0,,8.375,16,59,0.021344,7,0,5.83333,,0,0,0,0,0,0,0,0,0,,193,44,,0,0,0,0
1604109888387,8,1010123456002,70,,1,2,6,1,0,,7.55,20,0,0.016256,8,0,5.5,,0,4,0,0.1,2,0,0,0,31,,88,28,,0,0,0,0
1604109888637,8,1010123456002,70,,1,2,6,1,0,,6.63636,11,0,0.010784,5,0,5.8,,0,0,0,0,0,0,0,0,0,,82,22,,0,0,0,0
1604109888887,7,1010123456002,70,,1,2,6,1,0,,7.8,15,0,0.010816,6,0,5.85714,,0,0,0,0,0,0,0,0,0,,36,20,,0,0,0,0
1604109889137,7,1010123456002,70,,1,2,6,1,0,,7.75,8,0,0.005472,3,0,5.83333,,0,0,0,0,0,0,0,0,0,,19,10,,0,0,0,0
1604109889387,7,1010123456002,70,,1,2,6,1,0,,6.53846,39,0,0.027392,15,0,5.66667,,10.8,5,0,0.1,2,0,0,20.9246,31,,144,62,,0,0,0,1
1604109889637,7,1010123456002,70,,1,2,6,1,0,,7.6,5,0,0.005312,2,0,5.66667,,0,0,0,0,0,0,0,0,0,,22,10,,0,0,0,0
1604109889887,7,1010123456002,70,,1,2,6,1,0,,8.4,5,0,0.005312,2,0,6.14286,,0,0,0,0,0,0,0,0,0,,52,12,,0,0,0,0
1604109890137,7,1010123456002,70,,1,2,6,1,0,,7.07143,28,0,0.026624,11,0,6,,0,2,0,0.1,1,0,0,0,31,,155,58,,0,0,0,0
1604109890387,7,1010123456002,70,,1,2,6,1,0,,7.83333,12,0,0.010784,5,0,6,,12,3,0,0.1,1,0,0,20.7588,0,,104,20,,0,0,0,1
1604109890637,7,1010123456002,70,,1,2,6,1,0,,4.68421,19,0,0.010912,7,0,6.33333,,0,0,0,0,0,0,0,0,0,,125,30,,0,0,0,0
1604109890887,7,1010123456002,70,,1,2,6,1,0,,8.8,10,0,0.010656,4,0,6.85714,,0,0,0,0,0,0,0,0,0,,84,18,,0,0,0,0
1604109891137,7,1010123456002,70,,1,2,6,1,0,,8.54545,11,0,0.010656,4,0,6.83333,,0,0,0,0,0,0,0,0,0,,20,18,,0,0,0,0
1604109891387,7,1010123456002,70,,1,2,6,1,0,,8.4,5,0,0.005312,2,0,6.5,,13.7143,7,0,0.1,3,0,0,19.5867,31,,30,10,,0,0,0,1
1604109891637,7,1010123456002,70,,1,2,6,1,0,,9,15,0,0.016064,6,0,6.16667,,0,0,0,0,0,0,0,0,0,,77,28,,0,0,0,0
1604109891887,7,1010123456002,70,,1,2,6,1,0,,8.6,25,0,0.026656,10,0,6.28571,,0,0,0,0,0,0,0,0,0,,194,62,,0,0,0,0
1604109892137,7,1010123456002,70,,1,2,6,1,0,,7.7,10,0,0.010656,4,0,6.66667,,15,3,0,0.1,1,0,0,16.9656,31,,71,18,,0,0,0,1
1604109892387,7,1010123456002,70,,1,2,6,1,0,,8.26667,15,0,0.016032,6,0,6.5,,13.8182,11,0,0.1,4,0,0,18.2638,31,,74,26,,0,0,0,1
1604109892637,7,1010123456002,70,,1,2,6,1,0,,7.05556,18,0,0.016128,7,0,6,,0,0,0,0,0,0,0,0,0,,115,36,,0,0,0,0
1604109892887,7,1010123456002,70,,1,2,6,1,0,,7.89286,28,0,0.026848,11,0,6.42857,,0,0,0,0,0,0,0,0,0,,132,48,,0,0,0,0
1604109893137,7,1010123456002,70,,1,2,6,1,0,,8.4,5,0,0.005312,2,0,6,,0,0,0,0,0,0,0,0,0,,49,10,,0,0,0,0
1604109893387,7,1010123456002,70,,1,2,6,1,0,,8.28947,38,0,0.037696,15,0,6.33333,,7.75,8,0,0.1,3,0,0,12.5929,31,,177,66,,0,0,0,1.75
1604109893637,7,1010123456002,70,,1,2,6,1,0,,8,6,0,0.005312,2,0,6.66667,,9,3,0,0.1,1,0,0,16.5471,31,,44,14,,0,0,0,1
1604109893887,7,1010123456002,70,,1,2,6,1,0,,10.3333,30,0,0.032064,12,0,6.57143,,0,0,0,0,0,0,0,0,0,,84,48,,0,0,0,0
1604109894137,7,1010123456002,70,,1,2,6,1,0,,8.5,8,0,0.00544,3,0,6.16667,,14,3,0,0.1,1,0,0,14.5463,31,,15,10,,0,0,0,1
1604109894387,7,1010123456002,70,,1,2,6,1,0,,11.2857,7,14,0.00544,2,0,6.83333,,0,2,0,0.1,1,0,0,0,0,,24,18,,0,0,0,0
1604109894637,7,1010123456002,70,,1,2,6,1,0,,7.55556,9,0,0.010816,5,0,6.8,,0,0,0,0,0,0,0,0,0,,18,16,,0,0,0,0
1604109894887,7,1010123456002,70,,1,2,6,1,0,,11,10,0,0.01088,4,0,6.85714,,0,0,0,0,0,0,0,0,0,,28,16,,0,0,0,0
1604109895137,7,1010123456002,70,,1,2,6,1,0,,11,5,0,0.00544,2,0,7,,0,0,0,0,0,0,0,0,0,,14,8,,0,0,0,0
1604109895387,7,1010123456002,70,,1,2,6,1,0,,8.03226,31,0,0.031904,13,0,7,,13.8,5,0,0.1,2,0,0,17.709,31,,198,78,,0,0,0,1
1604109895637,7,1010123456002,70,,1,2,6,1,0,,8.18182,11,0,0.010688,4,0,6.83333,,0,0,0,0,0,0,0,0,0,,31,16,,0,0,0,0
1604109895887,7,1010123456002,70,,1,2,6,1,0,,9.33333,15,0,0.016128,6,0,7.16667,,0,0,0,0,0,0,0,0,0,,37,24,,0,0,0,0
1604109896137,7,1010123456002,70,,1,2,6,1,0,,8.28571,7,0,0.005472,3,0,7,,0,0,0,0,0,0,0,0,0,,15,10,,0,0,0,0
1604109896387,7,1010123456002,70,,1,2,6,1,0,,0,4,0,0.010304,2,0,7.16667,,13,5,0,0.1,2,0,0,16.4592,31,,32,12,,0,0,0,1
1604109896637,7,1010123456002,70,,1,2,6,1,0,,8.28571,7,0,0.005472,3,0,7.66667,,0,0,0,0,0,0,0,0,0,,15,10,,0,0,0,0
1604109896887,7,1010123456002,70,,1,2,6,1,0,,12.4667,15,0,0.016384,6,0,7.57143,,0,0,0,0,0,0,0,0,0,,47,20,,0,0,0,0
1604109897137,7,1010123456002,70,,1,2,6,1,0,,13.6,5,0,0.005568,2,0,7.66667,,15,3,0,0.1,1,0,0,16.7309,31,,10,6,,0,0,0,1
1604109897387,7,1010123456002,70,,1,2,6,1,0,,10.4444,18,0,0.01616,7,0,8,,0,2,0,0.1,1,0,0,0,0,,30,22,,0,0,0,0
1604109897637,7,1010123456002,70,,1,2,6,1,0,,11.8,10,0,0.005568,2,0,7.66667,,0,0,0,0,0,0,0,0,0,,20,14,,0,0,0,0
1604109897887,7,1010123456002,70,,1,2,6,1,0,,11.8824,17,0,0.026816,9,0,7.85714,,0,0,0,0,0,0,0,0,0,,43,26,,0,0,0,0
1604109898137,7,1010123456002,70,,1,2,6,1,0,,13.5217,23,0,0.028544,8,0,8.16667,,0,2,0,0.1,1,0,0,0,31,,58,34,,0,0,0,0
1604109898387,7,1010123456002,70,,1,2,6,1,0,,12.2353,17,0,0.025216,8,0,8.16667,,7,3,0,0.1,1,0,0,12.2893,0,,38,26,,0,0,0,1
1604109898637,7,1010123456002,70,,1,2,6,1,0,,13.4,10,0,0.016064,4,0,8.66667,,0,0,0,0,0,0,0,0,0,,15,18,,0,0,0,0
1604109898887,7,1010123456002,70,,1,2,6,1,0,,13.125,8,0,0.01072,3,0,8.42857,,0,0,0,0,0,0,0,0,0,,16,12,,0,0,0,0
1604109899137,7,1010123456002,70,,1,2,6,1,0,,0,0,0,0,0,0,8.83333,,0,0,0,0,0,0,0,0,0,,0,0,,0,0,0,0
1604109899387,7,1010123456002,70,,1,2,6,1,0,,13.8,5,99,0.005312,2,0,8.16667,,10.2,5,0,0.1,2,0,0,15.4789,31,,20,8,,0,0,0,1.4
1604109899637,7,1010123456002,70,,1,2,6,1,0,,12.0714,14,0,0.010624,5,0,8.66667,,0,0,0,0,0,0,0,0,0,,15,12,,0,0,0,0
1604109899887,7,1010123456002,70,,1,2,6,1,0,,13.5,8,0,0.01072,3,0,8.71429,,0,0,0,0,0,0,0,0,0,,12,12,,0,0,0,0
1604109900137,7,1010123456002,70,,1,2,6,1,0,,13.8,5,0,0.005248,2,0,8.16667,,0,0,0,0,0,0,0,0,0,,6,6,,0,0,0,0
1604109900387,7,1010123456002,70,,1,2,6,1,0,,13.0625,16,0,0.026912,7,0,8.33333,,0,4,0,0.1,2,0,0,0,31,,35,30,,0,0,0,0
1604109900637,7,1010123456002,70,,1,2,6,1,0,,13,14,0,0.01616,5,0,8,,0,0,0,0,0,0,0,0,0,,36,18,,0,0,0,0
1604109900887,7,1010123456002,70,,1,2,6,1,0,,13,10,0,0.010752,4,0,7.85714,,0,0,0,0,0,0,0,0,0,,20,12,,0,0,0,0
1604109901137,7,1010123456002,70,,1,2,6,1,0,,0,2,0,0.005408,1,0,8.33333,,0,0,0,0,0,0,0,0,0,,6,6,,0,0,0,0
1604109901387,7,1010123456002,70,,1,2,6,1,0,,13.1538,13,0,0.016352,5,0,8.16667,,10.2,5,0,0.1,2,0,0,17.0126,31,,30,18,,0,0,0,1
1604109901637,7,1010123456002,70,,1,2,6,1,0,,8.44444,9,0,0.010816,4,0,7.66667,,0,0,0,0,0,0,0,0,0,,33,24,,0,0,0,0
1604109901887,7,1010123456002,70,,1,2,6,1,0,,13.6,10,0,0.011136,4,0,7.71429,,0,0,0,0,0,0,0,0,0,,26,12,,0,0,0,0
1604109902137,7,1010123456002,70,,1,2,6,1,0,,12.0204,49,0,0.049216,20,0,8,,14,3,0,0,1,100,0,7.63024,0,,94,60,,0,0,0,10
1604109902387,7,1010123456002,70,,1,2,6,1,0,,13,12,0,0.016032,5,0,8,,12.3636,11,0,0.1,4,25,0,14.0828,31,,30,18,,0,0,0,3.72727
1604109902637,7,1010123456002,70,,1,2,6,1,0,,10.6,10,0,0.010912,4,0,8,,0,0,0,0,0,0,0,0,0,,17,14,,0,0,0,0
1604109902887,7,1010123456002,70,,1,2,6,1,0,,13.8,5,0,0.005248,2,0,8.28571,,0,0,0,0,0,0,0,0,0,,6,6,,0,0,0,0
1604109903137,7,1010123456002,70,,1,2,6,1,0,,13,7,0,0.010784,3,0,8.16667,,0,2,0,0.1,1,0,0,0,31,,30,12,,0,0,0,0
1604109903387,7,1010123456002,70,,1,2,6,1,0,,13,15,0,0.016128,6,0,8,,12,3,0,0.1,1,0,0,15.8627,0,,36,18,,0,0,0,1
1604109903637,7,1010123456002,70,,1,2,6,1,0,,12.0952,21,0,0.021568,8,0,7.83333,,0,0,0,0,0,0,0,0,0,,46,26,,0,0,0,0
1604109903887,7,1010123456002,70,,1,2,6,1,0,,11,5,0,0.00544,2,0,7.85714,,0,0,0,0,0,0,0,0,0,,14,8,,0,0,0,0
1604109904137,7,1010123456002,70,,1,2,6,1,0,,13.4,5,0,0.005568,2,0,8,,0,0,0,0,0,0,0,0,0,,10,6,,0,0,0,0
1604109904387,7,1010123456002,70,,1,2,6,1,0,,12.1538,13,0,0.010976,5,0,8.5,,12,5,0,0.1,2,0,0,15.3801,31,,22,14,,0,0,0,1.8
1604109904637,7,1010123456002,70,,1,2,6,1,0,,11.4583,24,0,0.027296,10,0,8.16667,,0,0,0,0,0,0,0,0,0,,48,34,,0,0,0,0
1604109904887,7,1010123456002,70,,1,2,6,1,0,,13,7,0,0.010784,3,0,8,,0,0,0,0,0,0,0,0,0,,16,12,,0,0,0,0
1604109905137,7,1010123456002,70,,1,2,6,1,0,,13,8,0,0.010784,3,0,8,,0,0,0,0,0,0,0,0,0,,16,12,,0,0,0,0
1604109905387,7,1010123456002,70,,1,2,6,1,0,,13,5,0,0.005376,2,0,8,,7.6,5,0,0.1,2,0,0,14.8882,31,,10,6,,0,0,0,1
1604109905637,7,1010123456002,70,,1,2,6,1,0,,13,5,0,0.005376,2,0,8,,12,3,0,0.1,1,0,0,7.80252,31,,10,6,,0,0,0,3
1604109905887,7,1010123456002,70,,1,2,6,1,0,,12.625,8,0,0.01072,3,0,7.85714,,0,0,0,0,0,0,0,0,0,,22,12,,0,0,0,0
1604109906137,7,1010123456002,70,,1,2,6,1,0,,10.1538,13,0,0.016032,5,0,7.83333,,0,2,0,0.1,1,0,0,0,31,,66,32,,0,0,0,0
1604109906387,7,1010123456002,70,,1,2,6,1,0,,12.3846,13,0,0.016416,5,0,7.66667,,4.08333,12,0,0.1,5,0,0,12.0012,0,,30,20,,0,0,0,1
1604109906637,7,1010123456002,70,,1,2,6,1,0,,13.2,10,0,0.010944,4,0,8,,0,0,0,0,0,0,0,0,0,,20,12,,0,0,0,0
1604109906887,7,1010123456002,70,,1,2,6,1,0,,10.8571,14,0,0.021536,5,0,7.85714,,0,0,0,0,0,0,0,0,0,,98,28,,0,0,0,0
1604109907137,7,1010123456002,70,,1,2,6,1,0,,9.28571,7,0,0.010752,3,0,7.83333,,0,0,0,0,0,0,0,0,0,,63,14,,0,0,0,0
1604109907387,7,1010123456002,70,,1,2,6,1,0,,8.7,10,0,0.010912,4,0,7.66667,,8.8,10,0,0.1,4,0,0,19.2323,31,,37,16,,0,0,0,1
1604109907637,7,1010123456002,70,,1,2,6,1,0,,12.9091,11,0,0.016128,4,0,8,,0,0,0,0,0,0,0,0,0,,44,18,,0,0,0,0
1604109907887,7,1010123456002,70,,1,2,6,1,0,,13,7,0,0.010784,3,0,7.85714,,0,0,0,0,0,0,0,0,0,,28,12,,0,0,0,0
1604109908137,7,1010123456002,70,,1,2,6,1,0,,9.14286,7,0,0.01072,3,0,7.16667,,0,0,0,0,0,0,0,0,0,,37,22,,0,0,0,0
1604109908387,7,1010123456002,70,,1,2,6,1,0,,9.16667,12,0,0.015872,5,0,7.16667,,12,5,0,0.1,2,0,0,12.8931,31,,51,24,,0,0,0,1
1604109908637,7,1010123456002,70,,1,2,6,1,0,,8.9375,16,0,0.016032,6,0,7.16667,,0,0,0,0,0,0,0,0,0,,34,24,,0,0,0,0
1604109908887,7,1010123456002,70,,1,2,6,1,0,,8,20,0,0.016288,8,0,7,,0,0,0,0,0,0,0,0,0,,49,32,,0,0,0,0
1604109909137,7,1010123456002,70,,1,2,6,1,0,,8.30769,13,0,0.010912,6,0,6.66667,,0,2,0,0.1,1,0,0,0,31,,33,20,,0,0,0,0
1604109909387,7,1010123456002,70,,1,2,6,1,0,,8.81818,11,0,0.010688,4,0,7,,12,3,0,0.1,1,0,0,22.2865,0,,35,16,,0,0,0,1
1604109909637,7,1010123456002,70,,1,2,6,1,0,,7.69231,13,0,0.01088,5,0,6.83333,,0,0,0,0,0,0,0,0,0,,47,28,,0,0,0,0
1604109909887,7,1010123456002,70,,1,2,6,1,0,,9.14286,14,0,0.015968,6,0,7,,0,0,0,0,0,0,0,0,0,,40,24,,0,0,0,0
1604109910137,7,1010123456002,70,,1,2,6,1,0,,7.57143,14,0,0.010752,5,0,6.83333,,0,0,0,0,0,0,0,0,0,,55,32,,0,0,0,0
1604109910387,7,1010123456002,70,,1,2,6,1,0,,7.9375,16,0,0.015968,6,0,6.66667,,13.2,5,0,0.1,2,0,0,21.9619,31,,71,36,,0,0,0,1
1604109910637,7,1010123456002,70,,1,2,6,1,0,,9.5,10,0,0.010656,4,0,6.66667,,0,0,0,0,0,0,0,0,0,,36,18,,0,0,0,0
1604109910887,7,1010123456002,70,,1,2,6,1,0,,9.2,20,0,0.02144,8,0,6.42857,,0,0,0,0,0,0,0,0,0,,114,50,,0,0,0,0
1604109911137,7,1010123456002,70,,1,2,6,1,0,,8.11111,27,0,0.021824,11,0,6.5,,15,3,0,0.1,1,0,0,10.7054,31,,95,42,,0,0,0,3
1604109911387,7,1010123456002,70,,1,2,6,1,0,,8.81818,11,0,0.010688,4,0,7,,0,2,0,0.1,1,0,0,0,0,,24,16,,0,0,0,0
1604109911637,7,1010123456002,70,,1,2,6,1,0,,9.2,5,0,0.005344,2,0,6.83333,,0,0,0,0,0,0,0,0,0,,8,8,,0,0,0,0
1604109911887,7,1010123456002,70,,1,2,6,1,0,,0,4,0,0.005344,2,0,6.71429,,0,0,0,0,0,0,0,0,0,,9,10,,0,0,0,0
1604109912137,7,1010123456002,70,,1,2,6,1,0,,7.68,25,0,0.02176,10,0,6.33333,,0,0,0,0,0,0,0,0,0,,69,50,,0,0,0,0
1604109912387,7,1010123456002,70,,1,2,6,1,0,,0,0,0,0,0,0,6.5,,0,0,0,0,0,0,0,0,0,,0,0,,0,0,0,0
1604109912637,7,1010123456002,70,,1,2,6,1,0,,9.47826,23,0,0.02128,9,0,5.33333,,10,5,0,0.1,2,0,0,19.9423,31,,49,34,,0,0,0,1
1604109912887,7,1010123456002,70,,1,2,6,1,0,,8.7,10,0,0.010624,4,0,6.71429,,0,0,0,0,0,0,0,0,0,,42,18,,0,0,0,0
1604109913137,7,1010123456002,70,,1,2,6,1,0,,6.46154,13,0,0.010784,5,0,6,,0,0,0,0,0,0,0,0,0,,41,22,,0,0,0,0
1604109913387,7,1010123456002,70,,1,2,6,1,0,,8.4,10,0,0.010624,4,0,6,,10.2,5,0,0.1,2,0,0,11.9337,31,,69,20,,0,0,0,1.8
1604109913637,7,1010123456002,70,,1,2,6,1,0,,0,0,0,0,0,0,6,,0,0,0,0,0,0,0,0,0,,0,0,,0,0,0,0
1604109913887,7,1010123456002,70,,1,2,6,1,0,,6.61538,13,0,0.010784,5,0,5.85714,,0,0,0,0,0,0,0,0,0,,50,26,,0,0,0,0
1604109914137,7,1010123456002,70,,1,2,6,1,0,,7.84615,13,0,0.016064,6,0,5.83333,,0,0,0,0,0,0,0,0,0,,74,30,,0,0,0,0
1604109914387,7,1010123456002,70,,1,2,8,1,0,,7.57143,14,0,0.016,6,0,6,,10.8,5,0,0.1,2,0,0,20.4558,31,,109,30,,0,0,0,1
1604109914637,7,1010123456002,70,,1,2,8,1,0,,4.75,8,0,0.005408,3,0,5.66667,,0,0,0,0,0,0,0,0,0,,36,18,,0,0,0,0
1604109914887,7,1010123456002,70,,1,2,8,1,0,,8.2,5,0,0.005312,2,0,6,,0,0,0,0,0,0,0,0,0,,14,10,,0,0,0,0
1604109915137,7,1010123456002,70,,1,2,8,1,0,,5.83333,12,0,0.010912,5,0,5.83333,,0,0,0,0,0,0,0,0,0,,42,28,,0,0,0,0
1604109915387,7,1010123456002,70,,1,2,8,1,0,,7,10,0,0.010624,4,0,5.83333,,13.2,5,0,0.1,2,0,0,19.8706,31,,25,20,,0,0,0,1
1604109915637,7,1010123456002,70,,1,2,8,1,0,,7.66667,24,0,0.01648,8,0,5.83333,,0,0,0,0,0,0,0,0,0,,71,42,,0,0,0,0
1604109915887,7,1010123456002,70,,1,2,8,1,0,,6,7,0,0.010688,5,0,5.57143,,0,0,0,0,0,0,0,0,0,,17,14,,0,0,0,0
1604109916137,7,1010123456002,70,,1,2,8,1,0,,5.5,12,0,0.010816,5,0,5,,0,0,0,0,0,0,0,0,0,,60,30,,0,0,0,0
1604109916387,7,1010123456002,70,,1,2,8,1,0,,8.8,5,0,0.005312,2,0,5.33333,,13.2,5,0,0.1,2,0,0,20.5574,31,,14,10,,0,0,0,1
1604109916637,7,1010123456002,70,,1,2,8,1,0,,5.35,20,0,0.016416,8,0,5.16667,,0,0,0,0,0,0,0,0,0,,68,46,,0,0,0,0
1604109916887,7,1010123456002,70,,1,2,8,1,0,,6.16667,18,0,0.016064,7,0,5.57143,,0,0,0,0,0,0,0,0,0,,49,34,,0,0,0,0
1604109917137,7,1010123456002,70,,1,2,8,1,0,,6.66667,15,0,0.016064,6,0,5.66667,,15,3,0,0.1,1,0,0,17.873,31,,37,32,,0,0,0,2
1604109917387,7,1010123456002,70,,1,2,8,1,0,,5.06667,15,0,0.009952,5,0,5.5,,0,2,0,0.1,1,0,0,0,0,,38,30,,0,0,0,0
1604109917637,7,1010123456002,70,,1,2,8,1,0,,6.9375,32,113,0.027936,13,0,5.66667,,0,0,0,0,0,0,0,0,0,,113,64,,0,0,0,0
1604109917887,7,1010123456002,70,,1,2,8,1,0,,6.14634,41,0,0.032384,17,0,5.28571,,0,0,0,0,0,0,0,0,0,,101,72,,0,0,0,0
1604109918137,7,1010123456002,70,,1,2,8,1,0,,7.2,5,0,0.005376,2,0,5.83333,,0,0,0,0,0,0,0,0,0,,23,12,,0,0,0,0
1604109918387,7,1010123456002,70,,1,2,8,1,0,,6.57143,28,0,0.026912,11,0,5.5,,13.2,5,0,0.1,2,0,0,20.6473,31,,114,60,,0,0,0,1
1604109918637,7,1010123456002,70,,1,2,8,1,0,,6.66667,12,0,0.010752,5,0,5.83333,,0,0,0,0,0,0,0,0,0,,35,24,,0,0,0,0
1604109918887,7,1010123456002,70,,1,2,8,1,0,,0,0,0,0,0,0,6,,0,0,0,0,0,0,0,0,0,,0,0,,0,0,0,0
1604109919137,7,1010123456002,70,,1,2,8,1,0,,6.17647,34,0,0.032736,14,0,5.83333,,0,2,0,0.1,1,0,0,0,31,,83,68,,0,0,0,0
1604109919387,7,1010123456002,70,,1,2,8,1,0,,6.72727,22,0,0.021408,9,0,5.83333,,3.6,5,0,0.1,2,0,0,21.9558,0,,93,48,,0,0,0,1
1604109919637,7,1010123456002,70,,1,2,8,1,0,,6.77778,9,0,0.010592,4,0,6,,0,0,0,0,0,0,0,0,0,,56,30,,0,0,0,0
1604109919887,7,1010123456002,70,,1,2,8,1,0,,6.75,24,0,0.021792,10,0,5.85714,,0,0,0,0,0,0,0,0,0,,72,48,,0,0,0,0
1604109920137,7,1010123456002,70,,1,2,8,1,0,,7.6,15,0,0.016128,6,0,6.16667,,0,0,0,0,0,0,0,0,0,,43,32,,0,0,0,0
1604109920387,7,1010123456002,70,,1,2,8,1,0,,5.2,5,0,0.005312,2,0,6.66667,,13.2,5,0,0.1,2,0,0,18.9992,31,,16,10,,0,0,0,1
1604109920637,7,1010123456002,70,,1,2,8,1,0,,6.16667,12,0,0.010944,5,0,6.5,,0,0,0,0,0,0,0,0,0,,25,22,,0,0,0,0
1604109920887,7,1010123456002,70,,1,2,8,1,0,,7.6,5,0,0.00528,2,0,6.28571,,0,0,0,0,0,0,0,0,0,,19,10,,0,0,0,0
1604109921137,7,1010123456002,70,,1,2,8,1,0,,9.44444,9,0,0.011072,2,0,6.83333,,15,3,0,0.1,1,0,0,16.2455,31,,92,26,,0,0,0,2
1604109921387,7,1010123456002,70,,1,2,8,1,0,,6.85714,7,0,0.016128,5,0,6.66667,,0,2,0,0.1,1,0,0,0,0,,45,18,,0,0,0,0
1604109921637,7,1010123456002,70,,1,2,8,1,0,,9.44444,9,0,0.016352,4,0,6.83333,,0,0,0,0,0,0,0,0,0,,45,26,,0,0,0,0
1604109921887,7,1010123456002,70,,1,2,8,1,0,,7.4,5,0,0.00528,2,0,7,,0,4,0,0.1,2,50,0,0,31,,9,10,,0,0,0,0
1604109922137,7,1010123456002,70,,1,2,8,1,0,,8.75,8,0,0.00992,2,0,7.16667,,0,0,0,0,0,0,0,0,0,,148,18,,0,0,0,0
1604109922387,7,1010123456002,70,,1,2,8,1,0,,9.76471,17,0,0.028256,8,0,6.83333,,10.2,5,0,0.1,2,0,0,18.2821,31,,81,66,,0,0,0,1
1604109922637,7,1010123456002,70,,1,2,8,1,0,,9.1579,19,0,0.021824,7,0,6.83333,,0,0,0,0,0,0,0,0,0,,44,40,,0,0,0,0
1604109922887,7,1010123456002,70,,1,2,8,1,0,,10.8125,16,0,0.021664,7,0,7,,0,0,0,0,0,0,0,0,0,,51,36,,0,0,0,0
1604109923137,7,1010123456002,70,,1,2,8,1,0,,8.8,20,0,0.027136,8,0,6.66667,,0,2,0,0.1,1,0,0,0,31,,57,44,,0,0,0,0
1604109923387,7,1010123456002,70,,1,2,8,1,0,,8.5,6,0,0.005344,2,0,7.16667,,12,3,0,0.1,1,0,0,20.9149,0,,8,8,,0,0,0,1
1604109923637,7,1010123456002,70,,1,2,8,1,0,,11.25,12,0,0.01056,4,0,7.33333,,0,0,0,0,0,0,0,0,0,,24,18,,0,0,0,0
1604109923887,7,1010123456002,70,,1,2,8,1,0,,11.5455,11,0,0.01648,3,0,7.28571,,0,0,0,0,0,0,0,0,0,,67,46,,0,0,0,0
1604109924137,7,1010123456002,70,,1,2,8,1,0,,9.57143,7,0,0.016256,4,0,7.33333,,16,3,0,0.1,1,0,0,16.1468,31,,21,16,,0,0,0,2
1604109924387,7,1010123456002,70,,1,2,8,1,0,,0,4,0,0.005376,2,0,7.5,,0,2,0,0.1,1,0,0,0,0,,10,6,,0,0,0,0
1604109924637,7,1010123456002,70,,1,2,8,1,0,,11.4,10,0,0.016128,4,0,7.5,,0,0,0,0,0,0,0,0,0,,73,22,,0,0,0,0
1604109924887,7,1010123456002,70,,1,2,8,1,0,,0,2,0,0.005536,1,0,7.71429,,0,0,0,0,0,0,0,0,0,,21,8,,0,0,0,0
1604109925137,7,1010123456002,70,,1,2,8,1,0,,0,0,158,0,0,0,7.5,,0,0,0,0,0,0,0,0,0,,0,0,,0,0,0,0
1604109925387,7,1010123456002,70,,1,2,8,1,0,,10.3125,16,0,0.021728,7,0,7.33333,,9.85714,7,0,0.1,3,33.3333,0,12.2818,31,,54,34,,0,0,0,3.85714
1604109925637,7,1010123456002,70,,1,2,8,1,0,,11,15,0,0.01632,6,0,7.16667,,0,0,0,0,0,0,0,0,0,,54,24,,0,0,0,0
1604109925887,7,1010123456002,70,,1,2,8,1,0,,0,0,0,0,0,0,7.71429,,0,0,0,0,0,0,0,0,0,,0,0,,0,0,0,0
1604109926137,7,1010123456002,70,,1,2,8,1,0,,0,2,0,0.005408,1,0,7.5,,0,2,0,0.1,1,0,0,0,31,,6,6,,0,0,0,0
1604109926387,7,1010123456002,70,,1,2,8,1,0,,11,8,0,0.010976,3,0,7.16667,,8,3,0,0.1,1,0,0,12.4637,0,,83,16,,0,0,0,1
1604109926637,7,1010123456002,70,,1,2,8,1,0,,11.9231,13,0,0.01616,5,0,7.16667,,0,0,0,0,0,0,0,0,0,,29,20,,0,0,0,0
1604109926887,7,1010123456002,70,,1,2,8,1,0,,11,7,0,0.010976,3,0,7,,0,0,0,0,0,0,0,0,0,,23,16,,0,0,0,0
1604109927137,7,1010123456002,70,,1,2,8,1,0,,11,3,0,0.005536,1,0,7,,0,0,0,0,0,0,0,0,0,,46,8,,0,0,0,0
1604109927387,7,1010123456002,70,,1,2,8,1,0,,0,0,0,0,0,0,6.83333,,0,0,0,0,0,0,0,0,0,,0,0,,0,0,0,0
1604109927637,7,1010123456002,70,,1,2,8,1,0,,6,14,0,0.015936,6,0,6.5,,9.4,5,0,0.1,2,0,0,14.8977,31,,77,30,,0,0,0,1
1604109927887,7,1010123456002,70,,1,2,8,1,0,,7.95238,21,0,0.031968,9,0,6.28571,,0,0,0,0,0,0,0,0,0,,215,56,,0,0,0,0
1604109928137,7,1010123456002,70,,1,2,8,1,0,,6.8,5,0,0.005312,2,0,6.33333,,0,0,0,0,0,0,0,0,0,,12,10,,0,0,0,0
1604109928387,7,1010123456002,70,,1,2,8,1,0,,11,6,0,0.011072,2,0,6.66667,,9.4,5,0,0.1,2,0,0,16.8023,31,,21,16,,0,0,0,1
1604109928637,7,1010123456002,70,,1,2,8,1,0,,0,2,0,0.005536,1,0,6.5,,0,0,0,0,0,0,0,0,0,,14,8,,0,0,0,0
1604109928887,7,1010123456002,70,,1,2,8,1,0,,9.63636,11,0,0.010816,4,0,6.71429,,0,2,0,0.1,1,0,0,0,31,,66,26,,0,0,0,0
1604109929137,7,1010123456002,70,,1,2,8,1,0,,6.3,10,0,0.016128,5,0,6.83333,,12,3,0,0.1,1,0,0,16.6002,31,,98,20,,0,0,0,1
1604109929387,7,1010123456002,70,,1,2,8,1,0,,6,6,158,0.005312,2,0,6.66667,,13.2,5,0,0.1,2,0,0,18.3868,31,,20,10,,0,0,0,1
1604109929637,7,1010123456002,70,,1,2,8,1,0,,8,20,0,0.016192,8,0,6.66667,,0,0,0,0,0,0,0,0,0,,34,28,,0,0,0,0
1604109929887,7,1010123456002,70,,1,2,8,1,0,,9.2,10,0,0.016352,4,0,7,,0,0,0,0,0,0,0,0,0,,109,50,,0,0,0,0
1604109930137,7,1010123456002,70,,1,2,8,1,0,,8,26,0,0.02736,9,0,6.5,,15,3,0,0.1,1,0,0,10.4523,31,,108,58,,0,0,0,3
1604109930387,7,1010123456002,70,,1,2,8,1,0,,10.6667,12,0,0.022144,4,0,6.83333,,0,2,0,0.1,1,0,0,0,0,,96,32,,0,0,0,0
1604109930637,7,1010123456002,70,,1,2,8,1,0,,10.8571,21,0,0.027104,10,0,6.83333,,0,0,0,0,0,0,0,0,0,,57,32,,0,0,0,0
1604109930887,7,1010123456002,70,,1,2,8,1,0,,9.36842,19,0,0.010848,5,0,7,,0,0,0,0,0,0,0,0,0,,43,28,,0,0,0,0
1604109931137,7,1010123456002,70,,1,2,8,1,0,,10.8,5,0,0.00544,3,0,7,,0,0,0,0,0,0,0,0,0,,13,8,,0,0,0,0
1604109931387,7,1010123456002,70,,1,2,8,1,0,,10.4286,7,0,0.016032,5,0,7.16667,,13.8571,28,0,0.166112,11,0,0,18.0754,31,,20,16,,0,0,0,1
1604109931637,7,1010123456002,70,,1,2,8,1,0,,9.05882,17,0,0.016576,7,0,7,,0,0,0,0,0,0,0,0,0,,45,28,,0,0,0,0
1604109931887,7,1010123456002,70,,1,2,8,1,0,,9.38461,13,0,0.021888,5,0,7.28571,,0,0,0,0,0,0,0,0,0,,126,48,,0,0,0,0
1604109932137,7,1010123456002,70,,1,2,8,1,0,,11,15,0,0.021856,5,0,7.33333,,0,0,0,0,0,0,0,0,0,,87,32,,0,0,0,0
1604109932387,7,1010123456002,70,,1,2,8,1,0,,10.4286,7,0,0.010752,3,0,7.83333,,10.4,5,0,0.1,2,0,0,13.866,31,,20,14,,0,0,0,1
1604109932637,7,1010123456002,70,,1,2,8,1,0,,0,2,0,0.005408,1,0,7.83333,,0,0,0,0,0,0,0,0,0,,24,6,,0,0,0,0
1604109932887,7,1010123456002,70,,1,2,8,1,0,,10.2857,14,0,0.02144,5,0,7.5,,0,0,0,0,0,0,0,0,0,,158,28,,0,0,0,0
1604109933137,7,1010123456002,70,,1,2,8,1,0,,13.5,6,0,0.005568,2,0,8,,0,0,0,0,0,0,0,0,0,,20,6,,0,0,0,0
1604109933387,7,1010123456002,70,,1,2,8,1,0,,12.375,16,0,0.027456,6,0,7.5,,9.5,6,0,0.1,2,0,0,14.1707,31,,87,38,,0,0,0,1
1604109933637,7,1010123456002,70,,1,2,8,1,0,,12.1538,13,0,0.022144,4,0,7.83333,,0,0,0,0,0,0,0,0,0,,102,34,,0,0,0,0
1604109933887,7,1010123456002,70,,1,2,8,1,0,,11,20,0,0.027168,9,0,7.14286,,0,0,0,0,0,0,0,0,0,,43,30,,0,0,0,0
1604109934137,7,1010123456002,70,,1,2,8,1,0,,11.5714,7,0,0.010848,3,0,7.5,,0,0,0,0,0,0,0,0,0,,27,14,,0,0,0,0
1604109934387,7,1010123456002,70,,1,2,8,1,0,,11,6,0,0.005248,2,0,7.66667,,10.8,5,0,0.1,2,0,0,15.3465,31,,10,8,,0,0,0,1
1604109934637,7,1010123456002,70,,1,2,8,1,0,,9.76471,17,0,0.02128,7,0,7.66667,,0,0,0,0,0,0,0,0,0,,70,40,,0,0,0,0
1604109934887,7,1010123456002,70,,1,2,8,1,0,,0,0,0,0,0,0,7.85714,,0,0,0,0,0,0,0,0,0,,0,0,,0,0,0,0
1604109935137,7,1010123456002,70,,1,2,8,1,0,,0,2,0,0.005408,1,0,7.83333,,0,0,0,0,0,0,0,0,0,,6,6,,0,0,0,0
1604109935387,7,1010123456002,70,,1,2,8,1,0,,13,6,0,0.010816,2,0,7.83333,,12,5,0,0.1,2,0,0,14.3704,31,,30,12,,0,0,0,1.6
1604109935637,7,1010123456002,70,,1,2,8,1,0,,11.3333,12,0,0.015072,4,0,9,,0,0,0,0,0,0,0,0,0,,29,18,,0,0,0,0
1604109935887,7,1010123456002,70,,1,2,8,1,0,,13,5,0,0.006272,3,0,7.85714,,0,0,0,0,0,0,0,0,0,,20,6,,0,0,0,0
1604109936137,7,1010123456002,70,,1,2,8,1,0,,13,3,0,0.005408,1,0,7.83333,,0,0,0,0,0,0,0,0,0,,6,6,,0,0,0,0
1604109936387,7,1010123456002,70,,1,2,8,1,0,,13.1875,16,0,0.02176,6,0,8,,9.4,5,0,0.1,2,0,0,16.2839,31,,66,24,,0,0,0,1
1604109936637,7,1010123456002,70,,1,2,8,1,0,,13.4286,7,0,0.005472,3,0,8,,0,0,0,0,0,0,0,0,0,,18,6,,0,0,0,0
1604109936887,7,1010123456002,70,,1,2,8,1,0,,13,3,0,0.005408,1,0,8,,0,0,0,0,0,0,0,0,0,,24,6,,0,0,0,0
1604109937137,7,1010123456002,70,,1,2,8,1,0,,13.6,5,0,0.005568,2,0,8,,15,3,0,0.1,1,0,0,13.9644,31,,16,6,,0,0,0,2
1604109937387,7,1010123456002,70,,1,2,8,1,0,,11.2308,13,0,0.010688,5,0,7.8,,0,2,0,0.1,1,0,0,0,0,,37,14,,0,0,0,0
1604109937637,7,1010123456002,70,,1,2,8,1,0,,0,4,0,0.010816,2,0,7.83333,,0,0,0,0,0,0,0,0,0,,24,12,,0,0,0,0
1604109937887,7,1010123456002,70,,1,2,8,1,0,,9.625,8,0,0.010752,3,0,8.66667,,0,0,0,0,0,0,0,0,0,,74,14,,0,0,0,0
1604109938137,7,1010123456002,70,,1,2,8,1,0,,11.0714,14,0,0.0216,6,0,8.83333,,0,0,0,0,0,0,0,0,0,,42,28,,0,0,0,0
1604109938387,7,1010123456002,70,,1,2,8,1,0,,12.2632,19,0,0.01616,5,0,7.8,,8.6,5,0,0.1,2,0,0,15.6902,31,,43,26,,0,0,0,1
1604109938637,7,1010123456002,70,,1,2,8,1,0,,12.2,10,0,0.021376,6,0,7.8,,0,0,0,0,0,0,0,0,0,,52,20,,0,0,0,0
1604109938887,7,1010123456002,70,,1,2,8,1,0,,13,5,0,0.010816,2,0,8.14286,,15,3,0,0.1,1,0,0,14.1165,31,,15,12,,0,0,0,2
1604109939137,7,1010123456002,70,,1,2,8,1,0,,11.25,8,0,0.010816,3,0,8.25,,0,0,0,0,0,0,0,0,0,,31,22,,0,0,0,0
1604109939387,7,1010123456002,70,,1,2,8,1,0,,10.2857,7,0,0.00544,3,0,8.16667,,10.4,5,0,0.1,2,0,0,13.0898,31,,17,8,,0,0,0,1
1604109939637,7,1010123456002,70,,1,2,8,1,0,,0,2,0,0.005408,1,0,7,,9,3,0,0.1,1,0,0,14.7458,31,,24,12,,0,0,0,1
1604109939887,7,1010123456002,70,,1,2,8,1,0,,12.5,8,0,0.005408,1,0,8.14286,,0,0,0,0,0,0,0,0,0,,38,12,,0,0,0,0
1604109940137,7,1010123456002,70,,1,2,8,1,0,,11.0833,12,0,0.027008,7,0,7.83333,,0,0,0,0,0,0,0,0,0,,42,28,,0,0,0,0
1604109940387,7,1010123456002,70,,1,2,8,1,0,,12.875,8,0,0.01072,3,0,8.33333,,9.6,5,0,0.1,2,0,0,10.445,31,,14,12,,0,0,0,2
1604109940637,7,1010123456002,70,,1,2,8,1,0,,13,3,0,0.005408,1,0,8.33333,,4,3,0,0.1,1,0,0,15.6697,31,,12,6,,0,0,0,1
1604109940887,7,1010123456002,70,,1,2,8,1,0,,13,5,0,0.005376,2,0,8,,0,0,0,0,0,0,0,0,0,,20,6,,0,0,0,0
1604109941137,7,1010123456002,70,,1,2,8,1,0,,12,13,0,0.027008,6,0,7.66667,,12,3,0,0.1,1,0,0,10.0409,31,,95,34,,0,0,0,2
1604109941387,7,1010123456002,70,,1,2,8,1,0,,0,2,0,0.005408,1,0,8.2,,11.2,5,0,0.1,2,0,0,13.773,31,,36,12,,0,0,0,2.2
1604109941637,7,1010123456002,70,,1,2,8,1,0,,13,3,0,0.005408,1,0,8.5,,0,0,0,0,0,0,0,0,0,,0,0,,0,0,0,0
1604109941887,7,1010123456002,70,,1,2,8,1,0,,0,4,0,0.010816,2,0,8,,0,0,0,0,0,0,0,0,0,,18,12,,0,0,0,0
1604109942137,7,1010123456002,70,,1,2,8,1,0,,13,6,0,0.010816,2,0,8.16667,,0,0,0,0,0,0,0,0,0,,12,12,,0,0,0,0
1604109942387,7,1010123456002,70,,1,2,8,1,0,,13,5,0,0.010816,2,0,8.16667,,9.6,5,0,0.1,2,0,0,16.9846,31,,15,12,,0,0,0,1
1604109942637,7,1010123456002,70,,1,2,8,1,0,,13,9,0,0.016224,3,0,8.5,,0,0,0,0,0,0,0,0,0,,33,24,,0,0,0,0
1604109942887,7,1010123456002,70,,1,2,8,1,0,,10.8571,7,0,0.016192,4,0,7.85714,,0,0,0,0,0,0,0,0,0,,46,16,,0,0,0,0
1604109943137,7,1010123456002,70,,1,2,8,1,0,,13,5,0,0.005376,2,0,8,,0,0,0,0,0,0,0,0,0,,8,6,,0,0,0,0
1604109943387,7,1010123456002,70,,1,2,8,1,0,,13,5,0,0.010816,2,0,7.83333,,13.8,5,0,0.1,2,0,0,18.2283,31,,54,12,,0,0,0,1
1604109943637,7,1010123456002,70,,1,2,8,1,0,,12.1538,13,0,0.01616,5,0,7.8,,0,2,0,0.1,1,0,0,0,0,,56,20,,0,0,0,0
1604109943887,7,1010123456002,70,,1,2,8,1,0,,10.2,5,0,0.005312,2,0,8,,0,0,0,0,0,0,0,0,0,,14,8,,0,0,0,0
1604109944137,7,1010123456002,70,,1,2,8,1,0,,12.4286,7,0,0.016352,3,0,7.6,,0,0,0,0,0,0,0,0,0,,19,20,,0,0,0,0
1604109944387,7,1010123456002,70,,1,2,4,1,0,,10.9286,14,0,0.015872,6,0,7.6,,10,5,0,0.1,2,0,0,11.5701,31,,122,34,,0,0,0,1.6
1604109944637,7,1010123456002,70,,1,2,4,1,0,,12.6,15,0,0.010624,4,0,7.66667,,0,0,0,0,0,0,0,0,0,,58,18,,0,0,0,0
1604109944887,8,1010123456002,70,,1,2,4,1,0,,9.58823,17,0,0.02128,9,0,7.5,,0,0,0,0,0,0,0,0,0,,99,24,,0,0,0,0
1604109945137,7,1010123456002,70,,1,2,4,1,0,,11,37,0,0.032288,14,0,7.2,,0,0,0,0,0,0,0,0,0,,102,44,,0,0,0,0
1604109945387,7,1010123456002,70,,1,2,4,1,0,,0,0,0,0,0,0,7.16667,,8.2,5,0,0.1,2,0,0,16.1252,31,,0,0,,0,0,0,1
1604109945637,7,1010123456002,70,,1,2,4,1,0,,10,12,0,0.010496,4,0,7,,0,0,0,0,0,0,0,0,0,,130,16,,0,0,0,0
1604109945887,7,1010123456002,70,,1,2,4,1,0,,10.825,40,0,0.037248,15,0,7,,0,0,0,0,0,0,0,0,0,,181,54,,0,0,0,0
1604109946137,7,1010123456002,70,,1,2,4,1,0,,10.4,5,0,0.005248,2,0,7.16667,,0,0,0,0,0,0,0,0,0,,10,8,,0,0,0,0
1604109946387,7,1010123456002,70,,1,2,4,1,0,,9.6,5,0,0.005248,2,0,7.33333,,12.2,5,0,0.1,2,0,0,14.4773,31,,18,8,,0,0,0,1.6
1604109946637,7,1010123456002,70,,1,2,4,1,0,,12.1579,19,0,0.018144,7,0,7.4,,0,0,0,0,0,0,0,0,0,,76,28,,0,0,0,0
1604109946887,7,1010123456002,70,,1,2,4,1,0,,12.0714,14,0,0.01968,7,0,7.14286,,0,0,0,0,0,0,0,0,0,,47,20,,0,0,0,0
1604109947137,7,1010123456002,70,,1,2,4,1,0,,12.6429,14,0,0.010624,4,0,8,,0,0,0,0,0,0,0,0,0,,32,18,,0,0,0,0
1604109947387,7,1010123456002,70,,1,2,4,1,0,,10.5938,32,0,0.03712,14,0,7,,10.4,5,0,0.1,2,0,0,14.771,31,,142,46,,0,0,0,1
1604109947637,7,1010123456002,70,,1,2,4,1,0,,11.1724,29,0,0.031872,12,0,7.33333,,0,0,0,0,0,0,0,0,0,,175,44,,0,0,0,0
1604109947887,7,1010123456002,70,,1,2,4,1,0,,0,0,0,0,0,0,7.85714,,0,0,0,0,0,0,0,0,0,,0,0,,0,0,0,0
1604109948137,7,1010123456002,70,,1,2,4,1,0,,12.8462,13,0,0.01584,5,0,8,,0,0,0,0,0,0,0,0,0,,173,18,,0,0,0,0
1604109948387,7,1010123456002,70,,1,2,4,1,0,,8.83333,12,0,0.01072,5,0,7.6,,9.3125,16,0,0.1,6,33.3333,0,10.2239,31,,57,24,,0,0,0,4.1875
1604109948637,7,1010123456002,70,,1,2,4,1,0,,10.7273,11,0,0.010816,4,0,7.75,,0,0,0,0,0,0,0,0,0,,82,24,,0,0,0,0
1604109948887,7,1010123456002,70,,1,2,4,1,0,,10.3714,35,0,0.032096,13,0,7.6,,0,0,0,0,0,0,0,0,0,,156,46,,0,0,0,0
1604109949137,7,1010123456002,70,,1,2,4,1,0,,11,17,0,0.015808,6,0,7.33333,,0,0,0,0,0,0,0,0,0,,136,22,,0,0,0,0
1604109949387,7,1010123456002,70,,1,2,4,1,0,,8,13,0,0.010656,5,0,7.5,,9,6,0,0.1,2,50,0,5.92162,31,,33,18,,0,0,0,6
1604109949637,7,1010123456002,70,,1,2,4,1,0,,0,0,0,0,0,0,7.6,,3.4,5,0,0.1,2,0,0,13.6503,0,,0,0,,0,0,0,1
1604109949887,7,1010123456002,70,,1,2,4,1,0,,10.9474,19,0,0.02112,8,0,7.57143,,0,0,0,0,0,0,0,0,0,,111,28,,0,0,0,0
1604109950137,7,1010123456002,70,,1,2,4,1,0,,11.9,20,0,0.021184,8,0,7.66667,,7,3,0,0.1,1,0,0,13.2299,31,,135,26,,0,0,0,1
1604109950387,7,1010123456002,70,,1,2,4,1,0,,11.1818,11,0,0.01056,4,0,7.8,,0,2,0,0.1,1,0,0,0,0,,27,14,,0,0,0,0
1604109950637,7,1010123456002,70,,1,2,4,1,0,,11,10,0,0.00544,2,0,7.2,,0,0,0,0,0,0,0,0,0,,43,16,,0,0,0,0
1604109950887,7,1010123456002,70,,1,2,4,1,0,,11.7333,30,0,0.03728,13,0,7.57143,,0,0,0,0,0,0,0,0,0,,141,40,,0,0,0,0
1604109951137,7,1010123456002,70,,1,2,4,1,0,,0,4,0,0.005312,2,0,7.6,,0,0,0,0,0,0,0,0,0,,16,6,,0,0,0,0
1604109951387,7,1010123456002,70,,1,2,4,1,0,,13.0667,15,158,0.016448,6,0,8,,4.74074,27,0,0.1,11,0,0,11.0762,31,,64,18,,0,0,0,1.2963
1604109951637,7,1010123456002,70,,1,2,4,1,0,,11.8261,23,0,0.021472,9,0,7.75,,0,0,0,0,0,0,0,0,0,,118,26,,0,0,0,0
1604109951887,7,1010123456002,70,,1,2,4,1,0,,12.8889,9,0,0.010688,4,0,8,,0,0,0,0,0,0,0,0,0,,34,12,,0,0,0,0
1604109952137,7,1010123456002,70,,1,2,4,1,0,,0,2,0,0.005152,1,0,8.16667,,4,3,0,0.1,1,0,0,10.2043,31,,12,4,,0,0,0,1
1604109952387,7,1010123456002,70,,1,2,4,1,0,,12.2,5,0,0.005312,2,0,7.75,,7,22,0,0.1,9,0,0,12.8255,0,,8,6,,0,0,0,1
1604109952637,7,1010123456002,70,,1,2,4,1,0,,0,4,0,0.005312,2,0,8,,0,0,0,0,0,0,0,0,0,,10,6,,0,0,0,0
1604109952887,7,1010123456002,70,,1,2,4,1,0,,12.2,5,0,0.005312,2,0,7.85714,,0,0,0,0,0,0,0,0,0,,14,6,,0,0,0,0
1604109953137,7,1010123456002,70,,1,2,4,1,0,,12.625,16,0,0.021344,7,0,8,,0,0,0,0,0,0,0,0,0,,136,24,,0,0,0,0
1604109953387,7,1010123456002,70,,1,2,4,1,0,,0,0,0,0,0,0,8.16667,,0,0,0,0,0,0,0,0,0,,0,0,,0,0,0,0
1604109953637,7,1010123456002,70,,1,2,4,1,0,,11.5333,15,0,0.015872,6,0,7.83333,,11.2,5,0,0.1,2,0,0,10.3576,31,,53,20,,0,0,0,1.6
1604109953887,7,1010123456002,70,,1,2,4,1,0,,11.35,20,0,0.019552,7,0,8,,0,0,0,0,0,0,0,0,0,,87,26,,0,0,0,0
1604109954137,7,1010123456002,70,,1,2,4,1,0,,12.5556,9,0,0.01248,6,0,8,,0,0,0,0,0,0,0,0,0,,50,12,,0,0,0,0
1604109954387,7,1010123456002,70,,1,2,4,1,0,,13.1429,7,37,0.005312,2,0,8,,6.72,25,0,0.1,10,0,0,11.3241,31,,42,10,,0,0,0,1.36
1604109954637,7,1010123456002,70,,1,2,4,1,0,,11,3,0,0.005312,2,0,7.83333,,0,0,0,0,0,0,0,0,0,,0,0,,0,0,0,0
1604109954887,7,1010123456002,70,,1,2,4,1,0,,12.8,5,0,0.005312,2,0,7.57143,,0,0,0,0,0,0,0,0,0,,20,6,,0,0,0,0
1604109955137,7,1010123456002,70,,1,2,4,1,0,,8.28571,7,0,0.005408,3,0,7.4,,0,0,0,0,0,0,0,0,0,,40,10,,0,0,0,0
1604109955387,7,1010123456002,70,,1,2,4,1,0,,12.4118,17,0,0.015936,6,0,8,,10,5,0,0.1,2,0,0,10.4442,31,,50,18,,0,0,0,1.6
1604109955637,7,1010123456002,70,,1,2,4,1,0,,13.5,6,0,0,0,0,8,,0,0,0,0,0,0,0,0,0,,26,6,,0,0,0,0
1604109955887,7,1010123456002,70,,1,2,4,1,0,,12.6,15,0,0.021504,8,0,8.33333,,0,2,0,0.1,1,0,0,0,31,,82,18,,0,0,0,0
1604109956137,7,1010123456002,70,,1,2,4,1,0,,12.8,10,0,0.01088,4,0,7.8,,0.1,3,0,0.1,1,0,0,11.4503,31,,30,12,,0,0,0,1
1604109956387,7,1010123456002,70,,1,2,4,1,0,,12.8,5,0,0.005312,2,0,8,,11.6,25,0,0.1,10,10,0,12.9956,0,,8,6,,0,0,0,2.32
1604109956637,7,1010123456002,70,,1,2,4,1,0,,12.8125,16,0,0.016064,6,0,8,,0,0,0,0,0,0,0,0,0,,36,18,,0,0,0,0
1604109956887,7,1010123456002,70,,1,2,4,1,0,,12.5714,7,0,0.010464,3,0,9,,0,0,0,0,0,0,0,0,0,,38,12,,0,0,0,0
1604109957137,7,1010123456002,70,,1,2,4,1,0,,13,5,0,0.005376,2,0,8,,0,0,0,0,0,0,0,0,0,,30,6,,0,0,0,0
1604109957387,7,1010123456002,70,,1,2,4,1,0,,12.6364,11,0,0.010624,4,0,8.2,,11.1429,7,0,0.1,3,33.3333,0,11.447,31,,48,12,,0,0,0,3.57143
1604109957637,7,1010123456002,70,,1,2,4,1,0,,12.5,20,0,0.015936,6,0,8,,0,0,0,0,0,0,0,0,0,,66,24,,0,0,0,0
1604109957887,7,1010123456002,70,,1,2,4,1,0,,12.5,18,0,0.021248,8,0,8,,0,0,0,0,0,0,0,0,0,,46,18,,0,0,0,0
1604109958137,7,1010123456002,70,,1,2,4,1,0,,13,11,0,0.010752,4,0,8,,0,0,0,0,0,0,0,0,0,,30,12,,0,0,0,0
1604109958387,7,1010123456002,70,,1,2,4,1,0,,12.8,5,0,0.005312,2,0,7,,8.6,5,0,0.1,2,0,0,13.2232,31,,22,6,,0,0,0,1
1604109958637,7,1010123456002,70,,1,2,4,1,0,,0,4,0,0.005312,2,0,8,,0,0,0,0,0,0,0,0,0,,24,6,,0,0,0,0
1604109958887,7,1010123456002,70,,1,2,4,1,0,,0,0,0,0,0,0,8,,0,0,0,0,0,0,0,0,0,,0,0,,0,0,0,0
1604109959137,7,1010123456002,70,,1,2,4,1,0,,13.4,5,0,0.005568,2,0,7.66667,,0,0,0,0,0,0,0,0,0,,16,6,,0,0,0,0
1604109959387,7,1010123456002,70,,1,2,4,1,0,,12.6667,15,35,0.01424,5,0,9,,8.2,5,0,0.1,2,0,0,12.9691,31,,63,22,,0,0,0,1
1604109959637,7,1010123456002,70,,1,2,4,1,0,,12.6364,11,0,0.012384,5,0,8,,0,0,0,0,0,0,0,0,0,,38,8,,0,0,0,0
1604109959887,7,1010123456002,70,,1,2,4,1,0,,12.5,6,0,0.005312,2,0,8,,0,0,0,0,0,0,0,0,0,,14,6,,0,0,0,0
1604109960137,7,1010123456002,70,,1,2,4,1,0,,5.61905,21,0,0.011232,9,0,7.2,,0,0,0,0,0,0,0,0,0,,122,46,,0,0,0,0
1604109960387,7,1010123456002,70,,1,2,4,1,0,,11.9167,12,0,0.015968,5,0,7.75,,10.4,5,0,0.1,2,0,0,13.4614,31,,99,20,,0,0,0,1
1604109960637,7,1010123456002,70,,1,2,4,1,0,,12.875,24,73,0.021248,8,0,8,,0,0,0,0,0,0,0,0,0,,167,32,,0,0,0,0
1604109960887,7,1010123456002,70,,1,2,4,1,0,,10.8333,12,0,0.021024,7,0,7.16667,,0,0,0,0,0,0,0,0,0,,57,18,,0,0,0,0
1604109961137,7,1010123456002,70,,1,2,4,1,0,,12.8,5,0,0.005312,2,0,8,,0,0,0,0,0,0,0,0,0,,12,6,,0,0,0,0
1604109961387,7,1010123456002,70,,1,2,4,1,0,,12.2,5,0,0.005312,2,0,8,,8.6,5,0,0.1,2,0,0,14.8423,31,,24,6,,0,0,0,1
1604109961637,7,1010123456002,70,,1,2,4,1,0,,12.7857,14,0,0.016,6,0,8,,0,0,0,0,0,0,0,0,0,,84,18,,0,0,0,0
1604109961887,7,1010123456002,70,,1,2,4,1,0,,10.9231,13,0,0.015808,6,0,7.8,,0,0,0,0,0,0,0,0,0,,99,22,,0,0,0,0
1604109962137,7,1010123456002,70,,1,2,4,1,0,,12.5,10,0,0.010624,4,0,7.83333,,0,0,0,0,0,0,0,0,0,,64,12,,0,0,0,0
1604109962387,7,1010123456002,70,,1,2,4,1,0,,12.5,10,0,0.010624,4,0,8,,11.8,5,0,0.1,2,0,0,12.6146,31,,24,12,,0,0,0,1.6
1604109962637,7,1010123456002,70,,1,2,4,1,0,,12.6,15,0,0.015936,6,0,7.8,,0,0,0,0,0,0,0,0,0,,70,18,,0,0,0,0
1604109962887,7,1010123456002,70,,1,2,4,1,0,,12.8,20,0,0.021312,8,0,8,,0,0,0,0,0,0,0,0,0,,62,24,,0,0,0,0
1604109963137,7,1010123456002,70,,1,2,4,1,0,,12.2,5,0,0.005312,2,0,7.75,,0,0,0,0,0,0,0,0,0,,14,6,,0,0,0,0
1604109963387,7,1010123456002,70,,1,2,4,1,0,,11.5714,14,0,0.015872,6,0,7.8,,10.4,5,0,0.1,2,0,0,13.7434,31,,48,20,,0,0,0,1
1604109963637,7,1010123456002,70,,1,2,4,1,0,,12.5238,21,0,0.021312,8,0,8,,0,0,0,0,0,0,0,0,0,,86,24,,0,0,0,0
1604109963887,7,1010123456002,70,,1,2,4,1,0,,12.7,20,0,0.019552,7,0,8,,0,0,0,0,0,0,0,0,0,,106,24,,0,0,0,0
1604109964137,7,1010123456002,70,,1,2,4,1,0,,11.9375,16,0,0.017632,7,0,7.8,,0,0,0,0,0,0,0,0,0,,41,20,,0,0,0,0
1604109964387,7,1010123456002,70,,1,2,4,1,0,,12.3333,9,0,0.005312,2,0,8.25,,9.6,5,0,0.1,2,0,0,12.2758,31,,38,12,,0,0,0,1.4
1604109964637,7,1010123456002,70,,1,2,4,1,0,,12.9,10,0,0.016,6,0,8,,0,0,0,0,0,0,0,0,0,,62,12,,0,0,0,0
1604109964887,7,1010123456002,70,,1,2,4,1,0,,12.7143,14,0,0.015936,6,0,8.16667,,0,0,0,0,0,0,0,0,0,,32,18,,0,0,0,0
1604109965137,7,1010123456002,70,,1,2,4,1,0,,15.6923,13,0,0.020832,5,0,8.75,,0,0,0,0,0,0,0,0,0,,65,18,,0,0,0,0
1604109965387,7,1010123456002,70,,1,2,4,1,0,,9.22222,18,0,0.015968,7,0,9,,1.8,15,0,0.1,6,0,0,10.4776,31,,98,26,,0,0,0,1.2
1604109965637,7,1010123456002,70,,1,2,4,1,0,,11.4706,17,0,0.016032,7,0,7.66667,,0,0,0,0,0,0,0,0,0,,102,20,,0,0,0,0
1604109965887,7,1010123456002,70,,1,2,4,1,0,,10.4348,23,0,0.021728,9,0,8.33333,,0,0,0,0,0,0,0,0,0,,84,28,,0,0,0,0
1604109966137,7,1010123456002,70,,1,2,4,1,0,,12.5714,7,0,0.010464,3,0,8.25,,0,0,0,0,0,0,0,0,0,,56,12,,0,0,0,0
1604109966387,7,1010123456002,70,,1,2,4,1,0,,12.3158,19,0,0.021344,8,0,8.33333,,9.625,8,0,0.1,3,0,0,11.8459,31,,97,24,,0,0,0,1
1604109966637,7,1010123456002,70,,1,2,4,1,0,,8.28571,7,0,0.005408,3,0,8.66667,,0,0,0,0,0,0,0,0,0,,39,10,,0,0,0,0
1604109966887,7,1010123456002,70,,1,2,4,1,0,,0,2,0,0,0,0,8.4,,0,0,0,0,0,0,0,0,0,,9,4,,0,0,0,0
1604109967137,7,1010123456002,70,,1,2,4,1,0,,11.4,5,0,0.005152,1,0,8.75,,0,0,0,0,0,0,0,0,0,,9,6,,0,0,0,0
1604109967387,7,1010123456002,70,,1,2,4,1,0,,12.2,5,0,0.010624,4,0,8.33333,,7,5,0,0.1,2,0,0,13.3838,31,,26,6,,0,0,0,1
1604109967637,7,1010123456002,70,,1,2,4,1,0,,10.2,5,0,0.005408,2,0,8.6,,0,0,0,0,0,0,0,0,0,,22,6,,0,0,0,0
1604109967887,7,1010123456002,70,,1,2,4,1,0,,15,13,0,0.020864,5,0,8.5,,0,0,0,0,0,0,0,0,0,,44,18,,0,0,0,0
1604109968137,7,1010123456002,70,,1,2,4,1,0,,11.5,10,0,0.01072,4,0,9,,0,0,0,0,0,0,0,0,0,,98,14,,0,0,0,0
1604109968387,7,1010123456002,70,,1,2,4,1,0,,16.1667,18,0,0.02576,5,0,8.8,,10.4,5,0,0.1,2,0,0,14.3717,31,,72,26,,0,0,0,1.6
1604109968637,7,1010123456002,70,,1,2,4,1,0,,12.8,5,0,0.010624,4,0,8.5,,0,0,0,0,0,0,0,0,0,,20,6,,0,0,0,0
1604109968887,7,1010123456002,70,,1,2,4,1,0,,0,4,0,0.010304,2,0,8.8,,0,0,0,0,0,0,0,0,0,,28,8,,0,0,0,0
1604109969137,7,1010123456002,70,,1,2,4,1,0,,12.6842,19,0,0.021312,8,0,9.5,,0,0,0,0,0,0,0,0,0,,66,24,,0,0,0,0
1604109969387,7,1010123456002,70,,1,2,4,1,0,,0,0,0,0,0,0,8.5,,0,2,0,0.1,1,0,0,0,31,,0,0,,0,0,0,0
1604109969637,7,1010123456002,70,,1,2,4,1,0,,12.7692,13,0,0.016,6,0,8,,0,0,0,0,0,0,0,0,0,,44,18,,0,0,0,0
1604109969887,7,1010123456002,70,,1,2,4,1,0,,13.1111,9,0,0.01088,4,0,7.85714,,5.14286,7,0,0.1,3,0,0,9.43183,31,,72,12,,0,0,0,1.28571
1604109970137,7,1010123456002,70,,1,2,4,1,0,,12.7812,32,0,0.026688,10,0,8,,0,0,0,0,0,0,0,0,0,,108,36,,0,0,0,0
1604109970387,7,1010123456002,70,,1,2,4,1,0,,11.8182,11,0,0.016,6,0,8,,4.75,8,0,0.1,3,0,0,10.725,31,,29,14,,0,0,0,1
1604109970637,7,1010123456002,70,,1,2,4,1,0,,13,22,0,0.019872,7,0,8,,0,0,0,0,0,0,0,0,0,,88,24,,0,0,0,0
1604109970887,7,1010123456002,70,,1,2,4,1,0,,12.6875,16,0,0.017952,7,0,8,,0,0,0,0,0,0,0,0,0,,78,22,,0,0,0,0
1604109971137,7,1010123456002,70,,1,2,4,1,0,,12.5,10,0,0.010624,4,0,8,,0,2,0,0.1,1,0,0,0,31,,34,12,,0,0,0,0
1604109971387,7,1010123456002,70,,1,2,4,1,0,,10.6364,11,0,0.010624,4,0,8.6,,3,13,0,0.1,5,0,0,15.489,31,,15,12,,0,0,0,1
1604109971637,7,1010123456002,70,,1,2,4,1,0,,0,0,0,0,0,0,9,,0,0,0,0,0,0,0,0,0,,0,0,,0,0,0,0
1604109971887,7,1010123456002,70,,1,2,4,1,0,,18,10,0,0.015456,3,0,8.83333,,0,0,0,0,0,0,0,0,0,,89,16,,0,0,0,0
1604109972137,7,1010123456002,70,,1,2,4,1,0,,0,10,0,0.02576,5,0,8.66667,,0,0,0,0,0,0,0,0,0,,78,22,,0,0,0,0
1604109972412,9,1010123456002,70,,1,2,4,1,0,,13.8,5,0,0.00951273,3,0,8.71429,,13.1429,7,0,0.1,3,33.3333,0,14.8681,31,,8,4,,0,0,0,3.57143
1604109972637,6,1010123456002,70,,1,2,4,1,0,,12.68,25,0,0.0326786,9,0,8.6,,0,0,0,0,0,0,0,0,0,,150,34,,0,0,0,0
1604109972887,6,1010123456002,70,,1,2,4,1,0,,13.0769,13,0,0.018336,6,0,8.57143,,0,0,0,0,0,0,0,0,0,,49,16,,0,0,0,0
1604109973137,6,1010123456002,70,,1,2,4,1,0,,18,3,0,0.005152,1,0,8.33333,,0,0,0,0,0,0,0,0,0,,4,4,,0,0,0,0
1604109973387,6,1010123456002,70,,1,2,4,1,0,,12.5,6,0,0.005312,2,0,8.16667,,0,0,0,0,0,0,0,0,0,,10,6,,0,0,0,0
1604109973637,6,1010123456002,70,,1,2,4,1,0,,0,0,0,0,0,0,8.25,,10.8,5,0,0.1,2,0,0,11.2004,31,,0,0,,0,0,0,1
1604109973887,6,1010123456002,70,,1,2,4,1,0,,12.8636,22,0,0.0264,9,0,8.14286,,0,0,0,0,0,0,0,0,0,,129,28,,0,0,0,0
1604109974137,6,1010123456002,70,,1,2,4,1,0,,0,2,158,0.005152,1,0,8.83333,,0,0,0,0,0,0,0,0,0,,48,4,,0,0,0,0
1604109974387,6,1010123456002,70,,1,2,2,1,0,,11.9167,12,0,0.010816,5,0,8.33333,,2.7037,27,0,0.1,11,0,0,8.74289,31,,53,8,,0,0,0,1.11111
1604109974637,6,1010123456002,70,,1,2,2,1,0,,13.25,12,0,0.010944,6,0,8,,0,0,0,0,0,0,0,0,0,,70,12,,0,0,0,0
1604109974887,6,1010123456002,70,,1,2,2,1,0,,13.3571,14,0,0.01088,6,0,8,,0,0,0,0,0,0,0,0,0,,80,12,,0,0,0,0
1604109975137,6,1010123456002,70,,1,2,2,1,0,,13.2857,14,0,0.010816,6,0,8,,0,2,25,0.1,1,0,0,0,31,,50,12,,0,0,0,0
1604109975387,6,1010123456002,70,,1,2,2,1,0,,13.4,15,0,0.01088,6,0,8,,0.1,19,0,0.1,8,0,0,6.09701,0,,52,12,,0,0,0,1
1604109975637,6,1010123456002,70,,1,2,2,1,0,,13.25,16,0,0.010816,6,0,8,,0,0,0,0,0,0,0,0,0,,60,12,,0,0,0,0
1604109975887,6,1010123456002,70,,1,2,2,1,0,,13.3125,16,0,0.01088,6,0,8,,0,0,0,0,0,0,0,0,0,,84,12,,0,0,0,0
1604109976137,6,1010123456002,70,,1,2,2,1,0,,13.5,8,0,0.005408,3,0,8,,0,0,0,0,0,0,0,0,0,,114,6,,0,0,0,0
1604109976387,6,1010123456002,70,,1,2,2,1,0,,13.25,8,0,0.005408,3,0,8.16667,,1.57895,19,0,0.1,7,0,0,5.94249,31,,106,6,,0,0,0,1
1604109976637,6,1010123456002,70,,1,2,2,1,0,,0,6,0,0.00544,3,0,8.16667,,0,0,0,0,0,0,0,0,0,,29,6,,0,0,0,0
1604109976887,6,1010123456002,70,,1,2,2,1,0,,13.3333,21,0,0.016288,9,0,8,,0,0,0,0,0,0,0,0,0,,96,18,,0,0,0,0
1604109977137,6,1010123456002,70,,1,2,2,1,0,,13.4,15,0,0.01088,6,0,8.33333,,0,0,0,0,0,0,0,0,0,,74,12,,0,0,0,0
1604109977387,6,1010123456002,70,,1,2,2,1,0,,15.7692,13,158,0.01072,5,0,8.16667,,5.6,10,0,0.1,4,0,0,14.4331,31,,51,10,,0,0,0,1
1604109977637,6,1010123456002,70,,1,2,2,1,0,,13.25,24,0,0.016224,9,0,8,,0,0,0,0,0,0,0,0,0,,62,18,,0,0,0,0
1604109977887,6,1010123456002,70,,1,2,2,1,0,,13.5,8,0,0.005408,3,0,8,,0,0,0,0,0,0,0,0,0,,38,6,,0,0,0,0
1604109978137,6,1010123456002,70,,1,2,2,1,0,,0,0,0,0,0,0,8,,0,0,0,0,0,0,0,0,0,,0,0,,0,0,0,0
1604109978387,6,1010123456002,70,,1,2,2,1,0,,13.3571,14,158,0.01088,6,0,8,,6.28571,7,0,0.1,3,0,0,8.92929,31,,93,12,,0,0,0,1.28571
1604109978637,6,1010123456002,70,,1,2,2,1,0,,13.2381,42,0,0.032416,18,0,8,,0,0,0,0,0,0,0,0,0,,164,36,,0,0,0,0
1604109978887,6,1010123456002,70,,1,2,2,1,0,,13.4194,31,0,0.021632,12,0,8,,0,0,0,0,0,0,0,0,0,,162,24,,0,0,0,0
1604109979137,6,1010123456002,70,,1,2,2,1,0,,13.3636,22,0,0.016224,9,0,8.33333,,0,0,0,0,0,0,0,0,0,,140,18,,0,0,0,0
1604109979387,6,1010123456002,70,,1,2,2,1,0,,12.375,8,0,0.005472,3,0,8,,4.33333,9,0,0.1,3,0,0,14.3805,31,,12,6,,0,0,0,1
1604109979637,6,1010123456002,70,,1,2,2,1,0,,13.3913,23,0,0.016224,9,0,8,,0,0,0,0,0,0,0,0,0,,166,18,,0,0,0,0
1604109979887,6,1010123456002,70,,1,2,2,1,0,,13.3182,22,0,0.016288,9,0,8,,0,0,0,0,0,0,0,0,0,,108,18,,0,0,0,0
1604109980137,6,1010123456002,70,,1,2,2,1,0,,0,0,0,0,0,0,8.33333,,0,0,0,0,0,0,0,0,0,,0,0,,0,0,0,0
1604109980387,6,1010123456002,70,,1,2,2,1,0,,13.1429,7,0,0.005408,3,0,8,,8.1,10,0,0.1,4,25,0,10.3057,31,,16,6,,0,0,0,3.6
1604109980637,6,1010123456002,70,,1,2,2,1,0,,13.3333,15,0,0.010816,6,0,8,,0,0,0,0,0,0,0,0,0,,42,12,,0,0,0,0
1604109980887,6,1010123456002,70,,1,2,2,1,0,,13.3333,15,0,0.010816,6,0,8,,0,0,0,0,0,0,0,0,0,,110,12,,0,0,0,0
1604109981137,6,1010123456002,70,,1,2,2,1,0,,0,4,44,0,0,0,8,,0,0,0,0,0,0,0,0,0,,26,4,,0,0,0,0
1604109981387,6,1010123456002,70,,1,2,2,1,0,,13.1579,19,0,0.016288,9,0,8.16667,,13.5,8,0,0.1,3,33.3333,0,15.4231,31,,123,14,,0,0,0,4.375
1604109981637,6,1010123456002,70,,1,2,2,1,0,,13.3571,14,0,0.01088,6,0,8,,0,0,0,0,0,0,0,0,0,,40,12,,0,0,0,0
1604109981887,6,1010123456002,70,,1,2,2,1,0,,0,0,0,0,0,0,8,,0,0,0,0,0,0,0,0,0,,0,0,,0,0,0,0
1604109982137,6,1010123456002,70,,1,2,2,1,0,,14.0238,42,0,0.0288,15,0,8.16667,,0,0,0,0,0,0,0,0,0,,261,34,,0,0,0,0
1604109982387,6,1010123456002,70,,1,2,2,1,0,,13.3846,13,0,0.014336,8,0,8,,0,8,0,0,4,100,0,0,0,,48,12,,0,0,0,0
1604109982637,6,1010123456002,70,,1,2,2,1,0,,13.4286,14,0,0.010816,6,0,8,,0,0,0,0,0,0,0,0,0,,54,12,,0,0,0,0
1604109982887,6,1010123456002,70,,1,2,2,1,0,,13.375,16,0,0.010816,6,0,8,,0,0,0,0,0,0,0,0,0,,162,12,,0,0,0,0
1604109983137,6,1010123456002,70,,1,2,2,1,0,,0,0,0,0,0,0,8,,0,0,0,0,0,0,0,0,0,,0,0,,0,0,0,0
1604109983387,6,1010123456002,70,,1,2,2,1,0,,13.2667,15,0,0.01088,6,0,8,,2.77778,9,0,0.1,4,0,0,9.68311,31,,48,12,,0,0,0,1
1604109983637,6,1010123456002,70,,1,2,2,1,0,,13.1429,7,0,0.005408,3,0,8,,0,0,0,0,0,0,0,0,0,,20,6,,0,0,0,0
1604109983887,6,1010123456002,70,,1,2,2,1,0,,13.25,8,0,0.005408,3,0,8,,0,0,0,0,0,0,0,0,0,,14,6,,0,0,0,0
1604109984137,6,1010123456002,70,,1,2,2,1,0,,13.4286,14,0,0.010816,6,0,8,,0,2,4,0.1,1,0,0,0,31,,62,12,,0,0,0,0
1604109984387,6,1010123456002,70,,1,2,2,1,0,,13.2941,17,0,0.01088,6,0,8,,0.1,16,0,0.1,7,0,0,4.22499,0,,139,12,,0,0,0,1
1604109984637,6,1010123456002,70,,1,2,2,1,0,,13.2759,29,0,0.01504,8,0,8,,0,0,0,0,0,0,0,0,0,,182,24,,0,0,0,0
1604109984887,6,1010123456002,70,,1,2,2,1,0,,12.4048,42,0,0.033984,20,0,7.85714,,0,0,0,0,0,0,0,0,0,,282,32,,0,0,0,0
1604109985137,6,1010123456002,70,,1,2,2,1,0,,13.4286,7,0,0.003904,2,0,8,,0,0,0,0,0,0,0,0,0,,18,6,,0,0,0,0
1604109985387,6,1010123456002,70,,1,2,2,1,0,,13.3333,24,0,0.017792,10,0,8,,14.4,35,0,0.1592,14,21.4286,0,14.6322,31,,67,18,,0,0,0,2.94286
1604109985637,6,1010123456002,70,,1,2,2,1,0,,13.3333,30,0,0.021632,12,0,8,,0,0,0,0,0,0,0,0,0,,132,24,,0,0,0,0
1604109985887,6,1010123456002,70,,1,2,2,1,0,,13.2308,52,0,0.037824,21,0,8,,0,0,0,0,0,0,0,0,0,,298,42,,0,0,0,0
1604109986137,6,1010123456002,70,,1,2,2,1,0,,13.3158,38,0,0.027104,15,0,8,,0,2,0,0,1,100,0,0,0,,136,30,,0,0,0,0
1604109986387,6,1010123456002,70,,1,2,2,1,0,,13.3333,9,0,0.005472,3,0,8,,0,6,0,0,3,100,0,0,0,,69,6,,0,0,0,0
1604109986637,6,1010123456002,70,,1,2,2,1,0,,13.5455,22,44,0.01088,6,0,8.16667,,0,0,0,0,0,0,0,0,0,,82,16,,0,0,0,0
1604109986887,6,1010123456002,70,,1,2,2,1,0,,13.25,32,0,0.02704,15,0,8,,0,0,0,0,0,0,0,0,0,,178,26,,0,0,0,0
1604109987137,6,1010123456002,70,,1,2,2,1,0,,13.3333,33,0,0.021632,12,0,8,,0,0,0,0,0,0,0,0,0,,82,24,,0,0,0,0
1604109987387,6,1010123456002,70,,1,2,2,1,0,,13.3333,21,0,0.016288,9,0,8,,2.77778,9,0,0.1,4,0,0,9.09592,31,,165,18,,0,0,0,1
1604109987637,6,1010123456002,70,,1,2,2,1,0,,13.1429,14,0,0.010816,6,0,8.6,,0,0,0,0,0,0,0,0,0,,70,12,,0,0,0,0
1604109987887,6,1010123456002,70,,1,2,2,1,0,,13.8,20,193,0.012832,7,0,8.57143,,0,0,0,0,0,0,0,0,0,,148,16,,0,0,0,0
1604109988137,6,1010123456002,70,,1,2,2,1,0,,17.3704,27,0,0.029952,12,0,8.83333,,4,3,0,0.1,1,0,0,9.75058,31,,76,22,,0,0,0,1
1604109988387,6,1010123456002,70,,1,2,2,1,0,,15.4545,11,0,0.010784,5,0,8.83333,,2.5,10,0,0.1,4,0,0,11.6035,0,,69,10,,0,0,0,1
1604109988637,6,1010123456002,70,,1,2,2,1,0,,18.4,5,0,0.005312,2,0,8.83333,,0,0,0,0,0,0,0,0,0,,6,4,,0,0,0,0
1604109988887,6,1010123456002,70,,1,2,2,1,0,,14.5263,19,44,0.010784,5,0,8.83333,,0,0,0,0,0,0,0,0,0,,84,14,,0,0,0,0
1604109989137,6,1010123456002,70,,1,2,2,1,0,,13.0909,11,0,0.010816,6,0,8.6,,0,0,0,0,0,0,0,0,0,,42,8,,0,0,0,0
1604109989387,6,1010123456002,70,,1,2,2,1,0,,0,0,0,0,0,0,8.83333,,0,0,0,0,0,0,0,0,0,,0,0,,0,0,0,0
1604109989637,6,1010123456002,70,,1,2,2,1,0,,12.5652,23,0,0.016352,9,0,8.66667,,14,12,0,0,4,100,0,5.88449,0,,86,18,,0,0,0,10
1604109989887,6,1010123456002,70,,1,2,2,1,0,,13.75,16,0,0.01088,6,0,8.66667,,0,0,0,0,0,0,0,0,0,,87,12,,0,0,0,0
1604109990137,6,1010123456002,70,,1,2,2,1,0,,13.7143,7,0,0.005472,3,0,8.83333,,0,0,0,0,0,0,0,0,0,,14,6,,0,0,0,0
1604109990387,6,1010123456002,70,,1,2,2,1,0,,15.1935,31,0,0.026976,13,0,8.83333,,2.88889,9,0,0.1,4,0,0,4.96129,31,,222,26,,0,0,0,1.33333
1604109990637,6,1010123456002,70,,1,2,2,1,0,,0,0,0,0,0,0,8.6,,0,0,0,0,0,0,0,0,0,,0,0,,0,0,0,0
1604109990887,6,1010123456002,70,,1,2,2,1,0,,18.5,6,0,0.005312,2,0,8.85714,,0,0,0,0,0,0,0,0,0,,48,4,,0,0,0,0
1604109991137,6,1010123456002,70,,1,2,2,1,0,,14.5714,21,0,0.016256,8,0,9,,0,0,0,0,0,0,0,0,0,,43,16,,0,0,0,0
1604109991387,6,1010123456002,70,,1,2,2,1,0,,17.2857,28,158,0.02672,11,0,8.83333,,0.1,19,0,0.1,8,0,0,4.55332,31,,116,22,,0,0,0,1
1604109991637,6,1010123456002,70,,1,2,2,1,0,,13.9474,19,0,0.016192,8,0,9,,0,0,0,0,0,0,0,0,0,,73,16,,0,0,0,0
1604109991887,6,1010123456002,70,,1,2,2,1,0,,15.3846,13,0,0.01072,5,0,9,,0,0,0,0,0,0,0,0,0,,34,10,,0,0,0,0
1604109992137,6,1010123456002,70,,1,2,2,1,0,,12.5294,17,0,0.010912,6,0,9,,0,2,0,0.1,1,0,0,0,31,,26,12,,0,0,0,0
1604109992387,6,1010123456002,70,,1,2,2,1,0,,14.1522,46,0,0.032384,16,0,9,,0.1,16,0,0.1,6,0,0,5.30514,0,,133,32,,0,0,0,1
1604109992637,6,1010123456002,70,,1,2,2,1,0,,13.875,8,0,0.00544,3,0,9,,0,0,0,0,0,0,0,0,0,,21,6,,0,0,0,0
1604109992887,6,1010123456002,70,,1,2,2,1,0,,13,15,0,0.008,4,0,9,,0,0,0,0,0,0,0,0,0,,71,12,,0,0,0,0
1604109993137,6,1010123456002,70,,1,2,2,1,0,,12.375,8,0,0.008352,5,0,9,,0,0,0,0,0,0,0,0,0,,35,6,,0,0,0,0
1604109993387,6,1010123456002,70,,1,2,2,1,0,,13.7143,14,0,0.010944,6,0,9,,0.444444,18,0,0.1,8,0,0,4.59776,31,,43,12,,0,0,0,1
1604109993637,6,1010123456002,70,,1,2,2,1,0,,13.1613,31,0,0.016416,9,0,9,,0,0,0,0,0,0,0,0,0,,86,24,,0,0,0,0
1604109993887,6,1010123456002,70,,1,2,2,1,0,,12.7619,21,0,0.021856,12,0,9,,0,0,0,0,0,0,0,0,0,,50,18,,0,0,0,0
1604109994137,6,1010123456002,70,,1,2,2,1,0,,13,15,0,0.005472,3,0,9,,0,0,0,0,0,0,0,0,0,,47,12,,0,0,0,0
1604109994387,6,1010123456002,70,,1,2,2,1,0,,15.2308,13,0,0.016128,8,0,9,,1.25,24,0,0.1,9,0,0,6.6949,31,,135,10,,0,0,0,1
1604109994637,6,1010123456002,70,,1,2,2,1,0,,12,7,0,0.00544,3,0,9,,0,0,0,0,0,0,0,0,0,,36,6,,0,0,0,0
1604109994887,6,1010123456002,70,,1,2,2,1,0,,18.6,5,0,0,0,0,9,,0,0,0,0,0,0,0,0,0,,6,4,,0,0,0,0
1604109995137,6,1010123456002,70,,1,2,2,1,0,,12.2308,13,0,0.016256,8,0,9,,0,2,0,0.1,1,0,0,0,31,,50,12,,0,0,0,0
1604109995387,6,1010123456002,70,,1,2,2,1,0,,16.6667,18,0,0.016096,7,0,9,,3.6,5,0,0.1,2,0,0,11.2199,0,,66,14,,0,0,0,1
1604109995637,6,1010123456002,70,,1,2,2,1,0,,13.7143,7,0,0.005472,3,0,9,,0,0,0,0,0,0,0,0,0,,34,6,,0,0,0,0
1604109995887,6,1010123456002,70,,1,2,2,1,0,,12.375,16,0,0.010944,6,0,9,,0,0,0,0,0,0,0,0,0,,51,12,,0,0,0,0
1604109996137,6,1010123456002,70,,1,2,2,1,0,,15,14,0,0.010752,5,0,9,,7,3,0,0.1,1,0,0,7.60692,31,,38,10,,0,0,0,1
1604109996387,6,1010123456002,70,,1,2,2,1,0,,14.0769,26,0,0.0216,11,0,9,,1.71429,7,0,0.1,3,0,0,9.1982,0,,110,22,,0,0,0,1
1604109996637,6,1010123456002,70,,1,2,2,1,0,,18.4545,11,83,0.010624,4,0,9,,0,0,0,0,0,0,0,0,0,,48,10,,0,0,0,0
1604109996887,6,1010123456002,70,,1,2,2,1,0,,14.76,25,0,0.018304,8,0,9,,0,0,0,0,0,0,0,0,0,,84,18,,0,0,0,0
1604109997137,6,1010123456002,70,,1,2,2,1,0,,13.4118,17,0,0.014112,8,0,9,,0,0,0,0,0,0,0,0,0,,84,12,,0,0,0,0
1604109997387,6,1010123456002,70,,1,2,2,1,0,,13.8824,34,8,0.021792,12,0,9,,2.7,10,0,0.1,4,0,0,8.47173,31,,117,28,,0,0,0,1
1604109997637,6,1010123456002,70,,1,2,2,1,0,,11.25,24,0,0.021792,12,0,9,,0,0,0,0,0,0,0,0,0,,57,20,,0,0,0,0
1604109997887,6,1010123456002,70,,1,2,2,1,0,,12.6774,31,0,0.021824,12,0,9,,0,0,0,0,0,0,0,0,0,,90,24,,0,0,0,0
1604109998137,6,1010123456002,70,,1,2,2,1,0,,12.6429,14,0,0.010912,6,0,9,,0,0,0,0,0,0,0,0,0,,24,12,,0,0,0,0
1604109998387,6,1010123456002,70,,1,2,2,1,0,,18.4545,11,0,0.010624,4,0,9,,1.04762,21,0,0.1,8,0,0,10.196,31,,34,8,,0,0,0,1.14286
1604109998637,6,1010123456002,70,,1,2,2,1,0,,15.2727,11,0,0.010752,5,0,9,,0,0,0,0,0,0,0,0,0,,36,10,,0,0,0,0
1604109998887,6,1010123456002,70,,1,2,2,1,0,,12.6667,9,0,0.00544,3,0,9,,0,0,0,0,0,0,0,0,0,,12,6,,0,0,0,0
1604109999137,6,1010123456002,70,,1,2,2,1,0,,13.1333,15,0,0.01088,6,0,9,,0,0,0,0,0,0,0,0,0,,46,12,,0,0,0,0
1604109999387,6,1010123456002,70,,1,2,2,1,0,,12.8276,29,0,0.02176,12,0,9,,8.92857,14,0,0.1,5,40,0,6.1078,31,,167,28,,0,0,0,5.28571
1604109999637,6,1010123456002,70,,1,2,2,1,0,,14.3077,26,0,0.0216,11,0,9.16667,,0,0,0,0,0,0,0,0,0,,130,26,,0,0,0,0
1604109999887,6,1010123456002,70,,1,2,2,1,0,,12.8,15,0,0.01088,6,0,9.14286,,0,0,0,0,0,0,0,0,0,,62,14,,0,0,0,0
1604110000137,6,1010123456002,70,,1,2,2,1,0,,18.4,5,0,0.005312,2,0,9.6,,0,0,0,0,0,0,0,0,0,,6,4,,0,0,0,0
1604110000387,6,1010123456002,70,,1,2,2,1,0,,18,5,0,0.005312,2,0,9.66667,,4.66667,12,0,0.1,5,0,0,14.1666,31,,10,4,,0,0,0,1
1604110000637,6,1010123456002,70,,1,2,2,1,0,,18.5484,31,0,0.031872,12,0,9.66667,,0,0,0,0,0,0,0,0,0,,109,24,,0,0,0,0
1604110000887,6,1010123456002,70,,1,2,2,1,0,,18,5,0,0,0,0,9.57143,,0,0,0,0,0,0,0,0,0,,46,4,,0,0,0,0
1604110001137,6,1010123456002,70,,1,2,2,1,0,,18.5,10,0,0.015936,6,0,9.16667,,0,2,0,0.1,1,0,0,0,31,,46,8,,0,0,0,0
1604110001387,6,1010123456002,70,,1,2,2,1,0,,17.4194,31,0,0.031904,13,0,9.5,,10,3,0,0.1,1,0,0,16.8355,0,,112,26,,0,0,0,1
1604110001637,6,1010123456002,70,,1,2,2,1,0,,17.5,6,0,0.005312,2,0,9.83333,,0,0,0,0,0,0,0,0,0,,40,4,,0,0,0,0
1604110001887,6,1010123456002,70,,1,2,2,1,0,,18.5,6,0,0,0,0,9.71429,,0,0,0,0,0,0,0,0,0,,24,4,,0,0,0,0
1604110002137,6,1010123456002,70,,1,2,2,1,0,,15.6667,12,0,0.016064,7,0,9.16667,,0,2,0,0.1,1,0,0,0,31,,37,10,,0,0,0,0
1604110002387,6,1010123456002,70,,1,2,2,1,0,,18.6,5,0,0.005312,2,0,9.5,,7,3,0,0.1,1,0,0,7.85854,0,,26,4,,0,0,0,1
1604110002637,6,1010123456002,70,,1,2,2,1,0,,0,0,0,0,0,0,9.5,,0,0,0,0,0,0,0,0,0,,0,0,,0,0,0,0
1604110002887,6,1010123456002,70,,1,2,2,1,0,,13,9,0,0.00544,3,0,9.71429,,0,0,0,0,0,0,0,0,0,,28,10,,0,0,0,0
1604110003137,6,1010123456002,70,,1,2,2,1,0,,13.8966,29,0,0.021664,11,0,9.33333,,2,3,0,0.1,1,0,0,7.68369,31,,89,22,,0,0,0,1
1604110003387,6,1010123456002,70,,1,2,2,1,0,,15,11,0,0.010752,5,0,9.2,,2.53846,13,0,0.1,5,0,0,9.08758,0,,38,10,,0,0,0,1
1604110003637,6,1010123456002,70,,1,2,2,1,0,,14.7692,13,0,0.010784,5,0,9.5,,0,0,0,0,0,0,0,0,0,,43,10,,0,0,0,0
1604110003887,6,1010123456002,70,,1,2,2,1,0,,12.6429,14,158,0.010944,6,0,9.57143,,0,0,0,0,0,0,0,0,0,,28,12,,0,0,0,0
1604110004137,6,1010123456002,70,,1,2,2,1,0,,13,15,0,0.010944,6,0,9.5,,0,0,0,0,0,0,0,0,0,,30,14,,0,0,0,0
1604110004387,6,1010123456002,70,,1,2,8,1,0,,15.3125,16,0,0.015968,4,0,9.66667,,12.8333,36,0,0.1,14,42.8571,0,9.72498,31,,36,20,,0,0,0,6.30556
1604110004637,6,1010123456002,70,,1,2,8,1,0,,18.2,10,0,0.015616,4,0,9.66667,,0,0,0,0,0,0,0,0,0,,30,16,,0,0,0,0
1604110004887,6,1010123456002,70,,1,2,8,1,0,,0,0,0,0.005312,2,0,9.85714,,0,0,0,0,0,0,0,0,0,,0,0,,0,0,0,0
1604110005137,6,1010123456002,70,,1,2,8,1,0,,14.5556,18,0,0.026272,7,0,9.66667,,0,0,0,0,0,0,0,0,0,,44,26,,0,0,0,0
1604110005387,6,1010123456002,70,,1,2,8,1,0,,15.2667,15,0,0.020896,6,0,9.83333,,6.72,25,0,0.1,10,0,0,9.15496,31,,27,18,,0,0,0,1.24
1604110005637,6,1010123456002,70,,1,2,8,1,0,,14.5,6,0,0.005248,2,0,9.66667,,0,0,0,0,0,0,0,0,0,,25,6,,0,0,0,0
1604110005887,6,1010123456002,70,,1,2,8,1,0,,18.6,15,0,0.015936,6,0,10,,0,0,0,0,0,0,0,0,0,,30,12,,0,0,0,0
1604110006137,6,1010123456002,70,,1,2,8,1,0,,18,8,0,0.015456,3,0,10.3333,,0,0,0,0,0,0,0,0,0,,16,12,,0,0,0,0
1604110006387,6,1010123456002,70,,1,2,8,1,0,,18,3,0,0.005152,1,0,10.3333,,6.5,24,0,0.1,10,0,0,13.7876,31,,3,4,,0,0,0,1
1604110006637,6,1010123456002,70,,1,2,8,1,0,,15.9,10,0,0.015552,4,0,11,,0,0,0,0,0,0,0,0,0,,24,14,,0,0,0,0
1604110006887,6,1010123456002,70,,1,2,8,1,0,,0,2,0,0.005152,1,0,11,,0,0,0,0,0,0,0,0,0,,6,4,,0,0,0,0
1604110007137,6,1010123456002,70,,1,2,8,1,0,,12.8571,7,0,0.005504,3,0,11,,0,0,0,0,0,0,0,0,0,,10,6,,0,0,0,0
1604110007387,6,1010123456002,70,,1,2,8,1,0,,0,2,0,0.005152,1,0,11.3333,,3.7,10,0,0.1,4,0,0,9.28345,31,,3,4,,0,0,0,2.2
1604110007637,6,1010123456002,70,,1,2,8,1,0,,18,3,0,0.005152,1,0,11.3333,,0,0,0,0,0,0,0,0,0,,3,4,,0,0,0,0
1604110007887,6,1010123456002,70,,1,2,8,1,0,,17.4,20,0,0.02624,8,0,11.1667,,0,0,0,0,0,0,0,0,0,,45,20,,0,0,0,0
1604110008137,6,1010123456002,70,,1,2,8,1,0,,13.2,5,0,0.005312,2,0,11,,4,3,0,0.1,1,0,0,11.7498,31,,8,6,,0,0,0,1
1604110008387,6,1010123456002,70,,1,2,8,1,0,,18,6,0,0.010304,2,0,11.25,,4.27273,22,0,0.1,9,0,0,7.85032,0,,6,8,,0,0,0,1.13636
1604110008637,6,1010123456002,70,,1,2,8,1,0,,0,0,0,0,0,0,11.6,,0,0,0,0,0,0,0,0,0,,0,0,,0,0,0,0
1604110008887,6,1010123456002,70,,1,2,8,1,0,,0,2,0,0.005152,1,0,11.3333,,0,0,0,0,0,0,0,0,0,,11,4,,0,0,0,0
1604110009137,6,1010123456002,70,,1,2,8,1,0,,18,6,158,0.010304,2,0,11,,0,0,0,0,0,0,0,0,0,,22,8,,0,0,0,0
1604110009387,6,1010123456002,70,,1,2,8,1,0,,17.5714,14,0,0.02592,6,0,11.4,,8.16,25,0,0.1,10,0,0,11.2954,31,,31,20,,0,0,0,1.08
1604110009637,6,1010123456002,70,,1,2,8,1,0,,17,12,0,0.010464,3,0,11.8,,0,0,0,0,0,0,0,0,0,,22,12,,0,0,0,0
1604110009887,6,1010123456002,70,,1,2,8,1,0,,18,8,0,0.020768,5,0,11.2857,,0,0,0,0,0,0,0,0,0,,9,12,,0,0,0,0
1604110010137,6,1010123456002,70,,1,2,8,1,0,,17.4,10,0,0.015616,4,0,11,,7,3,0,0.1,1,0,0,13.8914,31,,21,12,,0,0,0,1
1604110010387,6,1010123456002,70,,1,2,8,1,0,,18,3,0,0.005152,1,0,11.5,,0,2,0,0.1,1,0,0,0,0,,3,4,,0,0,0,0
1604110010637,6,1010123456002,70,,1,2,8,1,0,,18.7143,7,0,0.005312,2,0,11.4,,0,0,0,0,0,0,0,0,0,,26,8,,0,0,0,0
1604110010887,6,1010123456002,70,,1,2,8,1,0,,16.2,5,0,0.010464,3,0,11.5,,0,0,0,0,0,0,0,0,0,,3,4,,0,0,0,0
1604110011137,6,1010123456002,70,,1,2,8,1,0,,18.125,8,0,0.010464,3,0,11.6667,,0,0,0,0,0,0,0,0,0,,16,8,,0,0,0,0
1604110011387,6,1010123456002,70,,1,2,8,1,0,,18,7,0,0.015456,3,0,11.2,,3.63636,11,0,0.1,4,0,0,8.72717,31,,15,12,,0,0,0,1.27273
1604110011637,6,1010123456002,70,,1,2,8,1,0,,18,3,0,0.005152,1,0,11,,0,0,0,0,0,0,0,0,0,,14,4,,0,0,0,0
1604110011887,6,1010123456002,70,,1,2,8,1,0,,17.2667,15,0,0.020768,5,0,11.2857,,0,0,0,0,0,0,0,0,0,,46,20,,0,0,0,0
1604110012137,6,1010123456002,70,,1,2,8,1,0,,18,7,0,0.020608,4,0,11,,0,0,0,0,0,0,0,0,0,,23,12,,0,0,0,0
1604110012387,6,1010123456002,70,,1,2,8,1,0,,15.6,10,0,0.015616,4,0,11,,8.4,5,0,0.1,2,0,0,13.5188,31,,40,14,,0,0,0,1
1604110012637,6,1010123456002,70,,1,2,8,1,0,,0,4,0,0.010304,2,0,11,,0,0,0,0,0,0,0,0,0,,6,8,,0,0,0,0
1604110012887,6,1010123456002,70,,1,2,8,1,0,,18,15,0,0.02576,5,0,11.1429,,0,0,0,0,0,0,0,0,0,,53,24,,0,0,0,0
1604110013137,6,1010123456002,70,,1,2,8,1,0,,15.375,8,0,0.015616,4,0,11,,0,0,0,0,0,0,0,0,0,,20,10,,0,0,0,0
1604110013387,6,1010123456002,70,,1,2,8,1,0,,16.25,12,0,0.020768,5,0,11,,10.75,8,0,0.1,3,33.3333,0,8.17458,31,,38,18,,0,0,0,4.75
1604110013637,6,1010123456002,70,,1,2,8,1,0,,18,8,0,0.015456,3,0,11,,0,0,0,0,0,0,0,0,0,,13,12,,0,0,0,0
1604110013887,6,1010123456002,70,,1,2,8,1,0,,0,2,0,0.005152,1,0,11,,0,0,0,0,0,0,0,0,0,,7,4,,0,0,0,0
1604110014137,6,1010123456002,70,,1,2,8,1,0,,6.29032,31,0,0.021792,12,0,9.16667,,0,0,0,0,0,0,0,0,0,,45,76,,0,0,0,0
1604110014387,6,1010123456002,70,,1,2,8,1,0,,18,3,0,0.005152,1,0,10.6667,,10.6897,29,0,0.100032,12,16.6667,0,10.7029,31,,15,4,,0,0,0,3.13793
1604110014637,6,1010123456002,70,,1,2,8,1,0,,17.2857,7,0,0.010464,3,0,11,,0,0,0,0,0,0,0,0,0,,17,8,,0,0,0,0
1604110014887,6,1010123456002,70,,1,2,8,1,0,,15,7,0,0.0104,3,0,10.7143,,0,0,0,0,0,0,0,0,0,,25,10,,0,0,0,0
1604110015137,6,1010123456002,70,,1,2,8,1,0,,18,5,0,0.005152,1,0,10.5,,0,0,0,0,0,0,0,0,0,,16,8,,0,0,0,0
1604110015387,6,1010123456002,70,,1,2,8,1,0,,18.3077,13,0,0.020928,6,0,10.8333,,8.4,5,0,0.1,2,0,0,13.2209,31,,21,12,,0,0,0,1
1604110015637,6,1010123456002,70,,1,2,8,1,0,,0,0,0,0,0,0,11,,0,0,0,0,0,0,0,0,0,,0,0,,0,0,0,0
1604110015887,6,1010123456002,70,,1,2,8,1,0,,13.8,5,0,0.005248,2,0,11,,0,0,0,0,0,0,0,0,0,,9,6,,0,0,0,0
1604110016137,6,1010123456002,70,,1,2,8,1,0,,0,4,0,0.010304,2,0,11,,9,3,0,0.1,1,0,0,10.1026,31,,9,8,,0,0,0,1
1604110016387,6,1010123456002,70,,1,2,8,1,0,,18,9,0,0.020608,4,0,11,,0,2,0,0.1,1,0,0,0,0,,15,16,,0,0,0,0
1604110016637,6,1010123456002,70,,1,2,8,1,0,,17.2,20,0,0.021248,8,0,10.8,,0,0,0,0,0,0,0,0,0,,37,16,,0,0,0,0
1604110016887,6,1010123456002,70,,1,2,8,1,0,,0,0,0,0,0,0,10.5,,0,0,0,0,0,0,0,0,0,,0,0,,0,0,0,0
1604110017137,6,1010123456002,70,,1,2,8,1,0,,18,3,0,0.005152,1,0,9.83333,,0,0,0,0,0,0,0,0,0,,6,4,,0,0,0,0
1604110017387,6,1010123456002,70,,1,2,8,1,0,,15.3158,19,0,0.026144,8,0,10.6667,,6.88,25,0,0.1,10,0,0,10.1471,31,,61,24,,0,0,0,1.08
1604110017637,6,1010123456002,70,,1,2,8,1,0,,18,9,0,0.015456,3,0,11,,0,0,0,0,0,0,0,0,0,,18,12,,0,0,0,0
1604110017887,6,1010123456002,70,,1,2,8,1,0,,18.0714,14,0,0.02592,6,0,10.8,,0,0,0,0,0,0,0,0,0,,33,20,,0,0,0,0
1604110018137,6,1010123456002,70,,1,2,8,1,0,,18,3,0,0.005152,1,0,10,,0,0,0,0,0,0,0,0,0,,3,4,,0,0,0,0
1604110018387,6,1010123456002,70,,1,2,8,1,0,,0,2,0,0.005152,1,0,11,,3.77778,9,0,0.1,4,0,0,8.86137,31,,10,4,,0,0,0,1
1604110018637,6,1010123456002,70,,1,2,8,1,0,,0,8,0,0.020608,4,0,10.8333,,0,0,0,0,0,0,0,0,0,,25,16,,0,0,0,0
1604110018887,6,1010123456002,70,,1,2,8,1,0,,13.5385,13,0,0.015776,5,0,11,,0,0,0,0,0,0,0,0,0,,17,16,,0,0,0,0
1604110019137,6,1010123456002,70,,1,2,8,1,0,,18,10,0,0.020608,4,0,11.1667,,0,0,0,0,0,0,0,0,0,,21,16,,0,0,0,0
1604110019387,6,1010123456002,70,,1,2,8,1,0,,0,2,0,0.005152,1,0,11,,0,0,0,0,0,0,0,0,0,,6,4,,0,0,0,0
1604110019637,6,1010123456002,70,,1,2,8,1,0,,18,3,0,0.005152,1,0,11,,4.04,25,0,0.1,10,0,0,10.1629,31,,3,4,,0,0,0,1
1604110019887,6,1010123456002,70,,1,2,8,1,0,,13.3,10,0,0.015616,4,0,11,,0,0,0,0,0,0,0,0,0,,13,14,,0,0,0,0
1604110020137,6,1010123456002,70,,1,2,8,1,0,,18,10,0,0.015616,4,0,11,,0,0,0,0,0,0,0,0,0,,18,12,,0,0,0,0
1604110020387,6,1010123456002,70,,1,2,8,1,0,,17.25,8,0,0.010464,3,0,11,,4.375,8,0,0.1,3,0,0,12.2319,31,,11,8,,0,0,0,1
1604110020637,6,1010123456002,70,,1,2,8,1,0,,18,5,0,0.005152,1,0,11,,0,0,0,0,0,0,0,0,0,,6,8,,0,0,0,0
1604110020887,6,1010123456002,70,,1,2,8,1,0,,18,11,0,0.02576,5,0,10.8571,,0,0,0,0,0,0,0,0,0,,27,16,,0,0,0,0
1604110021137,6,1010123456002,70,,1,2,8,1,0,,18.2857,7,0,0.010528,3,0,11.1667,,0,0,0,0,0,0,0,0,0,,10,8,,0,0,0,0
1604110021387,6,1010123456002,70,,1,2,8,1,0,,0,0,0,0,0,0,11,,0,0,0,0,0,0,0,0,0,,0,0,,0,0,0,0
1604110021637,6,1010123456002,70,,1,2,8,1,0,,18,7,0,0.015456,3,0,11.1667,,11.6,5,0,0.1,2,0,0,13.3151,31,,18,12,,0,0,0,1
1604110021887,6,1010123456002,70,,1,2,8,1,0,,18,6,0,0.010304,2,0,10.7143,,0,0,0,0,0,0,0,0,0,,12,8,,0,0,0,0
1604110022137,6,1010123456002,70,,1,2,8,1,0,,0,0,0,0,0,0,10.8333,,0,0,0,0,0,0,0,0,0,,0,0,,0,0,0,0
1604110022387,6,1010123456002,70,,1,2,8,1,0,,12.8,5,0,0.005312,2,0,10.6667,,5.5,8,0,0.1,3,0,0,11.0135,31,,7,6,,0,0,0,1
1604110022637,6,1010123456002,70,,1,2,8,1,0,,18,3,0,0.005152,1,0,10.6667,,0,0,0,0,0,0,0,0,0,,6,4,,0,0,0,0
1604110022887,6,1010123456002,70,,1,2,8,1,0,,0,8,0,0.010304,2,0,10.5714,,0,0,0,0,0,0,0,0,0,,17,16,,0,0,0,0
1604110023137,6,1010123456002,70,,1,2,8,1,0,,18,5,0,0.025856,4,0,10,,0,0,0,0,0,0,0,0,0,,18,12,,0,0,0,0
1604110023387,6,1010123456002,70,,1,2,8,1,0,,15.2,5,0,0.005248,2,0,10.1667,,0,0,0,0,0,0,0,0,0,,10,6,,0,0,0,0
1604110023637,6,1010123456002,70,,1,2,8,1,0,,18,7,0,0.015456,3,0,10.1667,,9.6,5,0,0.1,2,0,0,10.5528,31,,24,12,,0,0,0,1.6
1604110023887,6,1010123456002,70,,1,2,8,1,0,,18,11,0,0.015456,3,0,10,,0,0,0,0,0,0,0,0,0,,36,18,,0,0,0,0
1604110024137,6,1010123456002,70,,1,2,8,1,0,,18,10,0,0.02576,5,0,9.5,,0,0,0,0,0,0,0,0,0,,24,16,,0,0,0,0
1604110024387,6,1010123456002,70,,1,2,8,1,0,,18,3,0,0.005152,1,0,10,,8.22727,22,0,0.1,9,0,0,11.9775,31,,4,4,,0,0,0,1
1604110024637,6,1010123456002,70,,1,2,8,1,0,,5.57143,35,0,0.022336,14,0,7.75,,0,0,0,0,0,0,0,0,0,,49,84,,0,0,0,0
1604110024887,6,1010123456002,70,,1,2,8,1,0,,13.5714,7,0,0.01056,3,0,9.5,,0,0,0,0,0,0,0,0,0,,17,10,,0,0,0,0
1604110025137,6,1010123456002,70,,1,2,8,1,0,,0,0,0,0,0,0,9.6,,0,0,0,0,0,0,0,0,0,,0,0,,0,0,0,0
1604110025387,6,1010123456002,70,,1,2,8,1,0,,14.4286,7,0,0.015968,3,0,9.5,,7,5,0,0.1,2,0,0,11.0263,31,,24,16,,0,0,0,1
1604110025637,6,1010123456002,70,,1,2,8,1,0,,0,0,0,0,0,0,9.66667,,0,0,0,0,0,0,0,0,0,,0,0,,0,0,0,0
1604110025887,6,1010123456002,70,,1,2,8,1,0,,16.1818,11,0,0.015872,4,0,9.71429,,0,0,0,0,0,0,0,0,0,,25,14,,0,0,0,0
1604110026137,6,1010123456002,70,,1,2,8,1,0,,14.25,12,0,0.021376,4,0,9.5,,4,3,0,0.1,1,0,0,13.7425,31,,25,22,,0,0,0,1
1604110026387,6,1010123456002,70,,1,2,8,1,0,,0,0,0,0,0,0,9.75,,8.68,25,0,0.1,10,0,0,11.7091,0,,0,0,,0,0,0,1
1604110026637,6,1010123456002,70,,1,2,8,1,0,,15.7692,13,0,0.020768,5,0,9.83333,,0,0,0,0,0,0,0,0,0,,33,18,,0,0,0,0
1604110026887,6,1010123456002,70,,1,2,8,1,0,,18,5,0,0.010304,2,0,10,,0,0,0,0,0,0,0,0,0,,24,8,,0,0,0,0
1604110027137,6,1010123456002,70,,1,2,8,1,0,,0,0,0,0,0,0,10,,0,0,0,0,0,0,0,0,0,,0,0,,0,0,0,0
1604110027387,6,1010123456002,70,,1,2,8,1,0,,13.4286,7,0,0.01072,3,0,9.83333,,4.25,12,0,0.1,5,0,0,14.8571,31,,26,12,,0,0,0,1
1604110027637,6,1010123456002,70,,1,2,8,1,0,,18.2727,11,0,0.015616,4,0,10,,0,0,0,0,0,0,0,0,0,,26,12,,0,0,0,0
1604110027887,6,1010123456002,70,,1,2,8,1,0,,13,3,0,0.005408,1,0,9.83333,,0,0,0,0,0,0,0,0,0,,8,6,,0,0,0,0
1604110028137,6,1010123456002,70,,1,2,8,1,0,,16,5,0,0.01056,2,0,9.83333,,0,0,0,0,0,0,0,0,0,,12,10,,0,0,0,0
1604110028387,6,1010123456002,70,,1,2,8,1,0,,0,2,0,0.005152,1,0,10,,7,5,0,0.1,2,0,0,10.2352,31,,4,4,,0,0,0,1
1604110028637,6,1010123456002,70,,1,2,8,1,0,,0,2,0,0.005152,1,0,9.83333,,0,0,0,0,0,0,0,0,0,,8,4,,0,0,0,0
1604110028887,6,1010123456002,70,,1,2,8,1,0,,11,15,0,0.021344,6,0,10,,0,0,0,0,0,0,0,0,0,,39,26,,0,0,0,0
1604110029137,6,1010123456002,70,,1,2,8,1,0,,0,6,0,0.01072,3,0,10.3333,,0,0,0,0,0,0,0,0,0,,14,12,,0,0,0,0
1604110029387,6,1010123456002,70,,1,2,8,1,0,,17,14,0,0.025856,6,0,10.1667,,6.88,25,0,0.1,10,0,0,9.58426,31,,26,22,,0,0,0,1.32
1604110029637,6,1010123456002,70,,1,2,8,1,0,,0,0,0,0,0,0,10.5,,0,0,0,0,0,0,0,0,0,,0,0,,0,0,0,0
1604110029887,6,1010123456002,70,,1,2,8,1,0,,18,6,0,0.010304,2,0,10,,0,0,0,0,0,0,0,0,0,,12,8,,0,0,0,0
1604110030137,6,1010123456002,70,,1,2,8,1,0,,18,6,0,0.010304,2,0,10.1667,,4,3,0,0.1,1,0,0,11.8027,31,,12,8,,0,0,0,1
1604110030387,6,1010123456002,70,,1,2,8,1,0,,15.2308,13,0,0.021024,5,0,10,,4.31579,19,0,0.1,8,0,0,8.59753,0,,33,20,,0,0,0,1
1604110030637,6,1010123456002,70,,1,2,8,1,0,,18,3,0,0.005152,1,0,10.6667,,0,0,0,0,0,0,0,0,0,,10,4,,0,0,0,0
1604110030887,6,1010123456002,70,,1,2,8,1,0,,13.8,5,0,0.005248,2,0,10.7143,,0,0,0,0,0,0,0,0,0,,10,6,,0,0,0,0
1604110031137,6,1010123456002,70,,1,2,8,1,0,,18,5,0,0.010304,2,0,10.6,,0,0,0,0,0,0,0,0,0,,16,8,,0,0,0,0
1604110031387,6,1010123456002,70,,1,2,8,1,0,,18,10,0,0.020608,4,0,10.3333,,3.83333,12,0,0.1,5,0,0,12.7187,31,,19,16,,0,0,0,1
1604110031637,6,1010123456002,70,,1,2,8,1,0,,15.3077,13,0,0.015648,5,0,10.6667,,0,0,0,0,0,0,0,0,0,,30,16,,0,0,0,0
1604110031887,6,1010123456002,70,,1,2,8,1,0,,14.7407,27,0,0.0472,11,0,10.5,,0,0,0,0,0,0,0,0,0,,57,44,,0,0,0,0
1604110032137,6,1010123456002,70,,1,2,8,1,0,,18,8,0,0.020704,3,0,10.8333,,0,0,0,0,0,0,0,0,0,,41,16,,0,0,0,0
1604110032387,6,1010123456002,70,,1,2,8,1,0,,0,2,0,0.005152,1,0,10.8333,,8.4,5,0,0.1,2,0,0,11.6842,31,,3,4,,0,0,0,1
1604110032637,6,1010123456002,70,,1,2,8,1,0,,18,14,0,0.02576,5,0,10.6,,0,0,0,0,0,0,0,0,0,,20,20,,0,0,0,0
1604110032887,6,1010123456002,70,,1,2,8,1,0,,0,2,0,0.005152,1,0,10.4286,,0,0,0,0,0,0,0,0,0,,8,4,,0,0,0,0
1604110033137,6,1010123456002,70,,1,2,8,1,0,,18,8,0,0.015456,3,0,10,,0,2,119,0.1,1,0,0,0,31,,25,12,,0,0,0,0
1604110033387,6,1010123456002,70,,1,2,8,1,0,,0,8,0,0.015872,4,0,10,,1.625,8,0,0.1,3,0,0,7.80088,0,,26,16,,0,0,0,1
1604110033637,6,1010123456002,70,,1,2,8,1,0,,14.4444,9,0,0.015872,4,0,9.8,,0,0,0,0,0,0,0,0,0,,26,16,,0,0,0,0
1604110033887,6,1010123456002,70,,1,2,8,1,0,,18,7,0,0.015456,3,0,9.2,,0,0,0,0,0,0,0,0,0,,16,12,,0,0,0,0
1604110034137,6,1010123456002,70,,1,2,8,1,0,,11.6667,18,0,0.021472,7,0,9.5,,0,0,0,0,0,0,0,0,0,,48,28,,0,0,0,0
1604110034387,6,1010123456002,70,,1,2,4,1,0,,16.6818,22,158,0.03648,8,0,9.66667,,4.32,25,0,0.1,10,0,0,9.53,31,,92,30,,0,0,0,1
1604110034637,6,1010123456002,70,,1,2,4,1,0,,13.125,8,0,0.01056,3,0,9.6,,0,0,0,0,0,0,0,0,0,,17,10,,0,0,0,0
1604110034887,6,1010123456002,70,,1,2,4,1,0,,18,3,0,0.005152,1,0,9.66667,,0,0,0,0,0,0,0,0,0,,4,4,,0,0,0,0
1604110035137,6,1010123456002,70,,1,2,4,1,0,,18,11,0,0.02576,5,0,9.8,,2,3,0,0.1,1,0,0,10.9405,31,,56,20,,0,0,0,1
1604110035387,6,1010123456002,70,,1,2,4,1,0,,16.25,8,0,0.0104,3,0,8.75,,2.45455,22,0,0.1,9,0,0,8.14134,0,,30,10,,0,0,0,1.22727
1604110035637,6,1010123456002,70,,1,2,4,1,0,,7.71429,21,0,0.016128,8,0,7.16667,,0,0,0,0,0,0,0,0,0,,103,40,,0,0,0,0
1604110035887,6,1010123456002,70,,1,2,4,1,0,,0,2,0,0.010304,2,0,10.5,,0,0,0,0,0,0,0,0,0,,16,4,,0,0,0,0
1604110036137,6,1010123456002,70,,1,2,4,1,0,,18,5,0,0.010304,2,0,10.25,,2,3,0,0.1,1,0,0,12.6973,31,,12,8,,0,0,0,1
1604110036387,6,1010123456002,70,,1,2,4,1,0,,0,2,0,0.005152,1,0,10,,2.54545,22,0,0.1,9,0,0,7.9721,0,,4,4,,0,0,0,1
1604110036637,6,1010123456002,70,,1,2,4,1,0,,0,0,0,0,0,0,8,,0,0,0,0,0,0,0,0,0,,0,0,,0,0,0,0
1604110036887,6,1010123456002,70,,1,2,4,1,0,,0,0,0,0,0,0,10,,0,0,0,0,0,0,0,0,0,,0,0,,0,0,0,0
1604110037137,6,1010123456002,70,,1,2,4,1,0,,0,0,0,0,0,0,6.5,,0,0,0,0,0,0,0,0,0,,0,0,,0,0,0,0
1604110037387,6,1010123456002,70,,1,2,4,1,0,,0,0,0,0,0,0,7.33333,,0,0,0,0,0,0,0,0,0,,0,0,,0,0,0,0
1604110037637,6,1010123456002,70,,1,2,4,1,0,,0,0,0,0,0,0,10.5,,0,0,0,0,0,0,0,0,0,,0,0,,0,0,0,0
1604110037887,6,1010123456002,70,,1,2,4,1,0,,0,0,0,0,0,0,9.25,,0,0,0,0,0,0,0,0,0,,0,0,,0,0,0,0
1604110038137,6,1010123456002,70,,1,2,4,1,0,,0,0,0,0,0,0,10,,0,0,0,0,0,0,0,0,0,,0,0,,0,0,0,0
1604110038387,6,1010123456002,70,,1,2,4,1,0,,0,0,0,0,0,0,7.75,,0,0,0,0,0,0,0,0,0,,0,0,,0,0,0,0
1604110038637,6,1010123456002,70,,1,2,4,1,0,,0,0,0,0,0,0,10,,0,0,0,0,0,0,0,0,0,,0,0,,0,0,0,0
1604110038887,6,1010123456002,70,,1,2,4,1,0,,0,0,0,0,0,0,9.42857,,0,0,0,0,0,0,0,0,0,,0,0,,0,0,0,0
1604110039137,6,1010123456002,70,,1,2,4,1,0,,0,0,0,0,0,0,10,,0,0,0,0,0,0,0,0,0,,0,0,,0,0,0,0
1604110039387,6,1010123456002,70,,1,2,4,1,0,,0,0,0,0,0,0,10.25,,0,0,0,0,0,0,0,0,0,,0,0,,0,0,0,0
1604110039637,6,1010123456002,70,,1,2,4,1,0,,0,0,0,0,0,0,10.6667,,0,0,0,0,0,0,0,0,0,,0,0,,0,0,0,0
1604110039887,6,1010123456002,70,,1,2,4,1,0,,0,0,0,0,0,0,8.66667,,0,0,0,0,0,0,0,0,0,,0,0,,0,0,0,0
1604110040137,6,1010123456002,70,,1,2,4,1,0,,0,0,0,0,0,0,11.6667,,0,0,0,0,0,0,0,0,0,,0,0,,0,0,0,0
1604110040387,6,1010123456002,70,,1,2,4,1,0,,0,0,0,0,0,0,10.8,,0,0,0,0,0,0,0,0,0,,0,0,,0,0,0,0
1604110040637,6,1010123456002,70,,1,2,4,1,0,,0,0,0,0,0,0,10,,0,0,0,0,0,0,0,0,0,,0,0,,0,0,0,0
1604110040887,6,1010123456002,70,,1,2,4,1,0,,0,0,0,0,0,0,10,,0,0,0,0,0,0,0,0,0,,0,0,,0,0,0,0
1604110041137,6,1010123456002,70,,1,2,4,1,0,,0,0,0,0,0,0,8,,0,0,0,0,0,0,0,0,0,,0,0,,0,0,0,0
1604110041387,6,1010123456002,70,,1,2,4,1,0,,0,0,0,0,0,0,8.6,,0,0,0,0,0,0,0,0,0,,0,0,,0,0,0,0
1604110041637,6,1010123456002,70,,1,2,4,1,0,,0,0,0,0,0,0,9.8,,0,0,0,0,0,0,0,0,0,,0,0,,0,0,0,0
1604110041887,6,1010123456002,70,,1,2,4,1,0,,0,0,0,0,0,0,10.4,,0,0,0,0,0,0,0,0,0,,0,0,,0,0,0,0
1604110042137,6,1010123456002,70,,1,2,4,1,0,,0,0,0,0,0,0,0.1,,0,0,0,0,0,0,0,0,0,,0,0,,0,0,0,0
1604110042387,6,1010123456002,70,,1,2,4,1,0,,0,0,0,0,0,0,10,,0,0,0,0,0,0,0,0,0,,0,0,,0,0,0,0
1604110042637,6,1010123456002,70,,1,2,4,1,0,,0,0,0,0,0,0,4.5,,0,0,0,0,0,0,0,0,0,,0,0,,0,0,0,0
1604110042887,6,1010123456002,70,,1,2,4,1,0,,0,0,0,0,0,0,7,,0,0,0,0,0,0,0,0,0,,0,0,,0,0,0,0
1604110043137,6,1010123456002,70,,1,2,4,1,0,,0,0,0,0,0,0,3.8,,0,0,0,0,0,0,0,0,0,,0,0,,0,0,0,0
1604110043387,6,1010123456002,70,,1,2,4,1,0,,0,0,0,0,0,0,2.5,,0,0,0,0,0,0,0,0,0,,0,0,,0,0,0,0
1604110043637,6,1010123456002,70,,1,2,4,1,0,,0,0,0,0,0,0,1,,0,0,0,0,0,0,0,0,0,,0,0,,0,0,0,0
1604110043887,6,1010123456002,70,,1,2,4,1,0,,0,0,0,0,0,0,7.25,,0,0,0,0,0,0,0,0,0,,0,0,,0,0,0,0
1604110044137,6,1010123456002,70,,1,2,4,1,0,,0,0,0,0,0,0,10,,0,0,0,0,0,0,0,0,0,,0,0,,0,0,0,0
