Timestamp,num_ues,IMSI,RNTI,,slicing_enabled,slice_id,slice_prb,power_multiplier,scheduling_policy,,dl_mcs,dl_n_samples,dl_buffer [bytes],tx_brate downlink [Mbps],tx_pkts downlink,tx_errors downlink (%),dl_cqi,,ul_mcs,ul_n_samples,ul_buffer [bytes],rx_brate uplink [Mbps],rx_pkts uplink,rx_errors uplink (%),ul_rssi,ul_sinr,phr,,sum_requested_prbs,sum_granted_prbs,,dl_pmi,dl_ri,ul_n,ul_turbo_iters
1604109589137,10,1010123456010,71,,1,1,8,1,0,,2.2381,21,0,0.00752,8,0,7,,11.0769,13,0,0.1,6,16.6667,0,18.1211,31,,59,44,,0,0,0,2.84615
1604109589387,10,1010123456010,71,,1,1,8,1,0,,14.8462,13,0,0.0176386,5,0,14,,5,24,0,0.1,10,40,0,5.60979,31,,14,16,,0,0,0,4
1604109589637,10,1010123456010,71,,1,1,8,1,0,,18,17,0,0.030912,6,0,0.1,,3.74545,55,0,0.1,23,17.3913,0,6.37089,31,,29,32,,0,0,0,2.87273
1604109589887,10,1010123456010,71,,1,1,8,1,0,,5.31707,41,0,0.043424,18,0,7.33333,,0,0,0,0,0,0,0,0,0,,124,122,,0,0,0,0
1604109590137,10,1010123456010,71,,1,1,8,1,0,,7.44828,29,19,0.032672,7,0,0.1,,0,0,0,0,0,0,0,0,0,,42,92,,0,0,0,0
1604109590387,10,1010123456010,71,,1,1,8,1,0,,4.13433,67,0,0.054464,31,0,9.5,,2.4,25,0,0.1,10,0,0,7.40433,31,,58,174,,0,0,0,1.32
1604109590637,10,1010123456010,71,,1,1,8,1,0,,15.1923,26,0,0.031328,9,0,0.1,,0,0,0,0,0,0,0,0,0,,38,36,,0,0,0,0
1604109590887,11,1010123456010,71,,1,1,8,1,0,,15.1892,37,0,0.062688,16,0,9,,0,0,0,0,0,0,0,0,0,,60,60,,0,0,0,0
1604109591137,10,1010123456010,71,,1,1,8,1,0,,0.747126,87,0,0.029792,35,0,2.5,,0,0,0,0,0,0,0,0,0,,3,256,,0,0,0,0
1604109591387,10,1010123456010,71,,1,1,8,1,0,,5.32727,55,0,0.038112,23,0,0.1,,7.67857,28,0,0.1,11,0,0,11.1783,31,,242,138,,0,0,0,1.60714
1604109591637,10,1010123456010,71,,1,1,8,1,0,,11.303,33,0,0.042496,13,0,10,,0,0,0,0,0,0,0,0,0,,68,56,,0,0,0,0
1604109591887,10,1010123456010,71,,1,1,8,1,0,,17.8529,34,0,0.067232,13,0,14,,0,0,0,0,0,0,0,0,0,,87,52,,0,0,0,0
1604109592137,10,1010123456010,71,,1,1,8,1,0,,10.2,25,16,0.021376,8,0,6.5,,0,0,0,0,0,0,0,0,0,,91,46,,0,0,0,0
1604109592387,10,1010123456010,71,,1,1,8,1,0,,5.56364,55,0,0.054432,25,0,0.1,,8.09091,33,0,0.1,14,35.7143,0,8.86135,31,,220,142,,0,0,0,3.63636
1604109592637,10,1010123456010,71,,1,1,8,1,0,,5.37736,53,0,0.037408,19,0,0.1,,0,0,0,0,0,0,0,0,0,,297,156,,0,0,0,0
1604109592887,10,1010123456010,71,,1,1,8,1,0,,16.8387,31,0,0.062944,15,0,11.5,,0,0,0,0,0,0,0,0,0,,68,52,,0,0,0,0
1604109593137,10,1010123456010,71,,1,1,8,1,0,,14.0213,47,0,0.073952,19,0,10,,0,0,0,0,0,0,0,0,0,,87,74,,0,0,0,0
1604109593387,10,1010123456010,71,,1,1,8,1,0,,14.9268,41,0,0.062784,16,0,8,,1.13333,15,0,0.1,6,0,0,4.25487,31,,68,60,,0,0,0,1
1604109593637,10,1010123456010,71,,1,1,8,1,0,,12.4318,44,0,0.06944,19,0,0.1,,0,0,0,0,0,0,0,0,0,,99,72,,0,0,0,0
1604109593887,10,1010123456010,71,,1,1,8,1,0,,10.7391,23,0,0.027136,9,0,7,,0,0,0,0,0,0,0,0,0,,77,40,,0,0,0,0
1604109594137,10,1010123456010,71,,1,1,8,1,0,,9.60465,43,0,0.03824,17,0,0.1,,0,0,0,0,0,0,0,0,0,,98,66,,0,0,0,0
1604109594387,10,1010123456010,71,,1,1,8,1,0,,10.2432,37,0,0.04912,15,0,0.1,,1.46429,28,0,0.1,11,0,0,9.50729,31,,105,76,,0,0,0,1.21429
1604109594637,10,1010123456010,71,,1,1,8,1,0,,14.5625,16,0,0.026496,6,0,10,,0,0,0,0,0,0,0,0,0,,44,26,,0,0,0,0
1604109594887,10,1010123456010,71,,1,1,8,1,0,,18,24,0,0.05152,10,0,11,,0,0,0,0,0,0,0,0,0,,41,40,,0,0,0,0
1604109595137,10,1010123456010,71,,1,1,8,1,0,,18.0645,31,0,0.056992,13,0,0.1,,0,0,0,0,0,0,0,0,0,,39,44,,0,0,0,0
1604109595387,10,1010123456010,71,,1,1,8,1,0,,16.2308,26,0,0.046528,10,0,0.1,,7.8,5,0,0.1,2,0,0,7.46956,31,,50,44,,0,0,0,2.2
1604109595637,10,1010123456010,71,,1,1,8,1,0,,14.4615,26,0,0.042464,9,0,8,,0,0,0,0,0,0,0,0,0,,45,50,,0,0,0,0
1604109595887,10,1010123456010,71,,1,1,8,1,0,,9.04167,24,0,0.026752,9,0,5,,0,0,0,0,0,0,0,0,0,,60,44,,0,0,0,0
1604109596137,10,1010123456010,71,,1,1,8,1,0,,9.42857,35,0,0.059232,16,0,7,,0,0,0,0,0,0,0,0,0,,107,80,,0,0,0,0
1604109596387,10,1010123456010,71,,1,1,8,1,0,,14.25,8,0,0.021216,3,0,0.1,,3.22727,22,0,0.1,9,0,0,6.59195,31,,29,20,,0,0,0,1.95455
1604109596637,10,1010123456010,71,,1,1,8,1,0,,5.77778,45,0,0.038304,18,0,3,,0,0,0,0,0,0,0,0,0,,140,138,,0,0,0,0
1604109596887,10,1010123456010,71,,1,1,8,1,0,,8.18182,44,0,0.065504,18,0,7.5,,0,0,0,0,0,0,0,0,0,,206,114,,0,0,0,0
1604109597137,10,1010123456010,71,,1,1,8,1,0,,11.6857,35,0,0.047872,14,0,10,,0,0,0,0,0,0,0,0,0,,67,60,,0,0,0,0
1604109597387,10,1010123456010,71,,1,1,8,1,0,,0.866667,45,0,0.017888,18,0,5.33333,,10.6364,33,0,0.1,14,28.5714,0,9.37697,31,,70,132,,0,0,0,3.75758
1604109597637,10,1010123456010,71,,1,1,8,1,0,,4.77551,49,0,0.042528,19,0,5.66667,,0,0,0,0,0,0,0,0,0,,95,128,,0,0,0,0
1604109597887,10,1010123456010,71,,1,1,8,1,0,,8.84615,39,0,0.032544,14,0,10.5,,0,0,0,0,0,0,0,0,0,,28,94,,0,0,0,0
1604109598137,10,1010123456010,71,,1,1,8,1,0,,12.6538,26,0,0.036992,10,0,7,,0,0,0,0,0,0,0,0,0,,87,64,,0,0,0,0
1604109598387,10,1010123456010,71,,1,1,8,1,0,,10.5417,48,0,0.074848,22,0,10,,2.4,30,0,0.1,12,0,0,9.85227,31,,131,94,,0,0,0,1.06667
1604109598637,10,1010123456010,71,,1,1,8,1,0,,2.63889,72,0,0.03392,29,0,7,,0,0,0,0,0,0,0,0,0,,-14,204,,0,0,0,0
1604109598887,10,1010123456010,71,,1,1,8,1,0,,3.11667,60,0,0.034272,25,0,4.5,,0,0,0,0,0,0,0,0,0,,63,160,,0,0,0,0
1604109599137,10,1010123456010,71,,1,1,8,1,0,,8.41463,41,0,0.047936,16,0,6,,0,0,0,0,0,0,0,0,0,,103,82,,0,0,0,0
1604109599387,10,1010123456010,71,,1,1,8,1,0,,3.65789,38,0,0.022176,15,0,6,,9.375,8,0,0.1,3,0,0,11.4289,31,,64,118,,0,0,0,1.75
1604109599637,10,1010123456010,71,,1,1,8,1,0,,15.4444,27,0,0.042144,10,0,10,,0,0,0,0,0,0,0,0,0,,41,38,,0,0,0,0
1604109599887,10,1010123456010,71,,1,1,8,1,0,,0.619048,126,0,0.04752,51,0,6,,0,0,0,0,0,0,0,0,0,,60,388,,0,0,0,0
1604109600137,10,1010123456010,71,,1,1,8,1,0,,14.4828,29,93,0.036576,10,0,9,,0,0,0,0,0,0,0,0,0,,42,36,,0,0,0,0
1604109600387,10,1010123456010,71,,1,1,8,1,0,,13.9667,30,0,0.042752,12,0,0.1,,0.411765,34,0,0.1,13,30.7692,0,5.89081,31,,49,48,,0,0,0,4.23529
1604109600637,10,1010123456010,71,,1,1,8,1,0,,13,13,0,0.037856,7,0,9,,0,0,0,0,0,0,0,0,0,,52,36,,0,0,0,0
1604109600887,10,1010123456010,71,,1,1,8,1,0,,10.3226,31,0,0.037408,12,0,6.66667,,0,0,0,0,0,0,0,0,0,,75,56,,0,0,0,0
1604109601137,10,1010123456010,71,,1,1,8,1,0,,5.29231,65,0,0.048896,26,0,6,,0,0,0,0,0,0,0,0,0,,169,176,,0,0,0,0
1604109601387,10,1010123456010,71,,1,1,8,1,0,,10,28,0,0.03824,12,0,7.33333,,8.29412,34,0,0.1,13,30.7692,0,5.53162,31,,73,54,,0,0,0,5.41176
1604109601637,10,1010123456010,71,,1,1,8,1,0,,4.38,50,0,0.02768,18,0,7.66667,,0,0,0,0,0,0,0,0,0,,125,116,,0,0,0,0
1604109601887,10,1010123456010,71,,1,1,8,1,0,,7.05128,39,0,0.043552,19,0,7.75,,0,0,0,0,0,0,0,0,0,,23,96,,0,0,0,0
1604109602137,10,1010123456010,71,,1,1,8,1,0,,18,12,0,0.020608,4,0,0.1,,0,0,0,0,0,0,0,0,0,,20,16,,0,0,0,0
1604109602387,10,1010123456010,71,,1,1,8,1,0,,14.0312,32,0,0.03664,10,0,0.1,,0.56,25,0,0.1,10,0,0,6.52506,31,,61,40,,0,0,0,1.08
1604109602637,10,1010123456010,71,,1,1,8,1,0,,18,10,0,0.026176,6,0,0.1,,0,0,0,0,0,0,0,0,0,,24,16,,0,0,0,0
1604109602887,10,1010123456010,71,,1,1,8,1,0,,4.41304,46,0,0.038432,19,0,4.5,,0,0,0,0,0,0,0,0,0,,11,132,,0,0,0,0
1604109603137,10,1010123456010,71,,1,1,8,1,0,,13.8621,29,0,0.037056,11,0,10,,0,0,0,0,0,0,0,0,0,,42,38,,0,0,0,0
1604109603387,10,1010123456010,71,,1,1,8,1,0,,11.7609,46,81,0.05312,15,0,9.75,,10.8947,38,0,0.1,15,33.3333,0,9.15186,31,,152,100,,0,0,0,4.60526
1604109603637,10,1010123456010,71,,1,1,8,1,0,,9.25,48,0,0.065952,21,0,0.1,,0,0,0,0,0,0,0,0,0,,132,118,,0,0,0,0
1604109603887,10,1010123456010,71,,1,1,8,1,0,,12.5161,31,0,0.042272,14,0,8.5,,0,0,0,0,0,0,0,0,0,,57,46,,0,0,0,0
1604109604137,10,1010123456010,71,,1,1,8,1,0,,17.5862,29,0,0.051808,11,0,10.5,,0,0,0,0,0,0,0,0,0,,54,50,,0,0,0,0
1604109604387,10,1010123456010,71,,1,1,8,1,0,,18,14,0,0.030912,6,0,11,,2.56,25,0,0.1,10,0,0,7.7842,31,,31,20,,0,0,0,1
1604109604637,10,1010123456010,71,,1,1,8,1,0,,16.3333,18,0,0.031168,6,0,9,,0,0,0,0,0,0,0,0,0,,23,32,,0,0,0,0
1604109604887,10,1010123456010,71,,1,1,8,1,0,,18,12,0,0.031168,6,0,8,,0,0,0,0,0,0,0,0,0,,15,20,,0,0,0,0
1604109605137,10,1010123456010,71,,1,1,8,1,0,,16.2778,36,0,0.067872,15,0,9,,0,0,0,0,0,0,0,0,0,,91,66,,0,0,0,0
1604109605387,10,1010123456010,71,,1,1,8,1,0,,7.36957,46,0,0.043392,18,0,6,,11.2927,41,0,0.104128,18,44.4444,0,7.8499,31,,120,84,,0,0,0,6.07317
1604109605637,10,1010123456010,71,,1,1,8,1,0,,8.21875,32,158,0.037056,13,0,9,,0,0,0,0,0,0,0,0,0,,82,60,,0,0,0,0
1604109605887,10,1010123456010,71,,1,1,8,1,0,,13.9167,12,0,0.02112,4,0,9,,0,0,0,0,0,0,0,0,0,,21,26,,0,0,0,0
1604109606137,10,1010123456010,71,,1,1,8,1,0,,16.7647,17,0,0.036416,8,0,10,,0,0,0,0,0,0,0,0,0,,22,26,,0,0,0,0
1604109606387,10,1010123456010,71,,1,1,8,1,0,,16.2632,19,0,0.031072,7,0,9.5,,3.84,25,0,0.1,10,0,0,8.49401,31,,32,26,,0,0,0,1
1604109606637,10,1010123456010,71,,1,1,8,1,0,,15.4545,11,0,0.016128,4,0,6.66667,,0,0,0,0,0,0,0,0,0,,29,16,,0,0,0,0
1604109606887,10,1010123456010,71,,1,1,8,1,0,,10.8537,41,0,0.052992,16,0,8.25,,0,0,0,0,0,0,0,0,0,,119,76,,0,0,0,0
1604109607137,10,1010123456010,71,,1,1,8,1,0,,12.3793,29,0,0.026592,8,0,8.25,,0,0,0,0,0,0,0,0,0,,85,48,,0,0,0,0
1604109607387,10,1010123456010,71,,1,1,8,1,0,,7.1,30,6,0.037376,15,0,0.1,,12.5405,37,0,0.122432,16,37.5,0,12.9969,31,,99,62,,0,0,0,4.40541
1604109607637,10,1010123456010,71,,1,1,8,1,0,,15.5714,42,0,0.067904,19,0,10,,0,0,0,0,0,0,0,0,0,,88,58,,0,0,0,0
1604109607887,10,1010123456010,71,,1,1,8,1,0,,16,28,0,0.041504,11,0,7,,0,0,0,0,0,0,0,0,0,,42,38,,0,0,0,0
1604109608137,10,1010123456010,71,,1,1,8,1,0,,17.1724,29,0,0.046688,11,0,10.5,,12,3,0,0.1,1,0,0,6.9455,31,,43,42,,0,0,0,7
1604109608387,10,1010123456010,71,,1,1,8,1,0,,5.81395,43,0,0.037696,17,0,7,,3.6875,16,0,0.1,6,0,0,9.78055,31,,60,128,,0,0,0,1.5625
1604109608637,10,1010123456010,71,,1,1,8,1,0,,1.48529,136,0,0.057504,54,0,10,,0,0,0,0,0,0,0,0,0,,97,386,,0,0,0,0
1604109608887,10,1010123456010,71,,1,1,8,1,0,,4.52083,96,70,0.060448,32,0,4.66667,,0,0,0,0,0,0,0,0,0,,53,360,,0,0,0,0
1604109609137,10,1010123456010,71,,1,1,8,1,0,,3.91176,34,0,0.027776,18,0,5.5,,0,0,0,0,0,0,0,0,0,,150,96,,0,0,0,0
1604109609387,10,1010123456010,71,,1,1,8,1,0,,10.5,26,0,0.031424,10,0,10,,8.6,5,0,0.1,2,0,0,9.94415,0,,78,50,,0,0,0,1.4
1604109609637,10,1010123456010,71,,1,1,8,1,0,,15.4444,18,0,0.031424,7,0,9.5,,0,0,0,0,0,0,0,0,0,,34,32,,0,0,0,0
1604109609887,10,1010123456010,71,,1,1,8,1,0,,13.0909,11,0,0.015968,4,0,8,,0,0,0,0,0,0,0,0,0,,18,16,,0,0,0,0
1604109610137,10,1010123456010,71,,1,1,8,1,0,,13.7059,17,0,0.031776,7,0,10,,0,0,0,0,0,0,0,0,0,,37,36,,0,0,0,0
1604109610387,10,1010123456010,71,,1,1,8,1,0,,13.3143,35,0,0.0584,14,0,8.66667,,0.285714,21,0,0.1,8,0,0,7.11913,31,,61,68,,0,0,0,1
1604109610637,10,1010123456010,71,,1,1,8,1,0,,11.4783,23,0,0.027072,8,0,8,,0,0,0,0,0,0,0,0,0,,46,44,,0,0,0,0
1604109610887,10,1010123456010,71,,1,1,8,1,0,,7.61765,34,0,0.03776,15,0,5,,0,0,0,0,0,0,0,0,0,,26,72,,0,0,0,0
1604109611137,10,1010123456010,71,,1,1,8,1,0,,14.9412,17,0,0.020704,5,0,8,,0,0,0,0,0,0,0,0,0,,27,26,,0,0,0,0
1604109611387,10,1010123456010,71,,1,1,8,1,0,,12.4231,26,0,0.037504,12,0,6,,6.66667,33,0,0.1,14,28.5714,0,8.19195,31,,62,38,,0,0,0,3.54545
1604109611637,10,1010123456010,71,,1,1,8,1,0,,2.64615,65,0,0.033792,26,0,9,,0,0,0,0,0,0,0,0,0,,94,164,,0,0,0,0
1604109611887,10,1010123456010,71,,1,1,8,1,0,,12.4545,22,0,0.03792,9,0,0.1,,0,0,0,0,0,0,0,0,0,,37,44,,0,0,0,0
1604109612137,10,1010123456010,71,,1,1,8,1,0,,5.8125,48,0,0.032928,18,0,6,,0,0,0,0,0,0,0,0,0,,72,106,,0,0,0,0
1604109612387,10,1010123456010,71,,1,1,8,1,0,,8.74359,39,0,0.049248,16,0,7,,4.42857,7,0,0.1,3,0,0,14.3086,31,,95,74,,0,0,0,1
1604109612637,10,1010123456010,71,,1,1,8,1,0,,13.75,36,0,0.047296,14,0,10,,0,0,0,0,0,0,0,0,0,,68,52,,0,0,0,0
1604109612887,10,1010123456010,71,,1,1,8,1,0,,9.03846,52,0,0.052992,19,0,8,,0,0,0,0,0,0,0,0,0,,109,110,,0,0,0,0
1604109613137,10,1010123456010,71,,1,1,8,1,0,,3.55714,70,0,0.044032,27,0,5.5,,0,0,0,0,0,0,0,0,0,,160,194,,0,0,0,0
1604109613387,10,1010123456010,71,,1,1,8,1,0,,7.79487,78,0,0.081408,31,0,6.66667,,10.8,5,0,0.1,2,0,0,10.6702,31,,188,178,,0,0,0,1.4
1604109613637,10,1010123456010,71,,1,1,8,1,0,,6.80645,31,0,0.026656,12,0,10,,0,0,0,0,0,0,0,0,0,,62,74,,0,0,0,0
1604109613887,10,1010123456010,71,,1,1,8,1,0,,3.32584,89,0,0.060352,37,0,4,,0,0,0,0,0,0,0,0,0,,220,380,,0,0,0,0
1604109614137,10,1010123456010,71,,1,1,8,1,0,,7.44444,27,0,0.032384,11,0,4.5,,0,0,0,0,0,0,0,0,0,,65,64,,0,0,0,0
1604109614387,10,1010123456010,71,,1,1,2,1,0,,6.36036,111,0,0.043488,42,0,7,,8.53333,15,0,0.1,7,0,0,12.7693,31,,267,140,,0,0,0,1.13333
1604109614637,10,1010123456010,71,,1,1,2,1,0,,13.8375,80,0,0.056992,29,0,10,,0,0,0,0,0,0,0,0,0,,239,60,,0,0,0,0
1604109614887,10,1010123456010,71,,1,1,2,1,0,,13.9697,33,158,0.03264,17,0,7.4,,0,0,0,0,0,0,0,0,0,,56,44,,0,0,0,0
1604109615137,10,1010123456010,71,,1,1,2,1,0,,0,0,784,0,0,0,0.1,,0,0,0,0,0,0,0,0,0,,-250,414,,0,0,0,0
1604109615387,10,1010123456010,71,,1,1,2,1,0,,16.4375,64,0,0.05856,25,0,9.25,,3.1,10,0,0.1,4,0,0,7.73249,31,,54,214,,0,0,0,1.2
1604109615637,10,1010123456010,71,,1,1,2,1,0,,13.7069,58,0,0.037984,20,0,9,,0,0,0,0,0,0,0,0,0,,155,46,,0,0,0,0
1604109615887,10,1010123456010,71,,1,1,2,1,0,,13.3846,13,0,0.016416,9,0,9,,0,0,0,0,0,0,0,0,0,,51,12,,0,0,0,0
1604109616137,10,1010123456010,71,,1,1,2,1,0,,13.9574,47,0,0.037888,19,0,9.33333,,0,0,0,0,0,0,0,0,0,,136,38,,0,0,0,0
1604109616387,10,1010123456010,71,,1,1,2,1,0,,3.05164,213,0,0.041248,85,0,7,,0,4,407,0.1,2,0,0,0,31,,249,170,,0,0,0,0
1604109616637,10,1010123456010,71,,1,1,2,1,0,,14.1765,34,0,0.027296,14,0,9,,0.1,15,0,0.1,6,0,0,5.19116,0,,105,28,,0,0,0,1
1604109616887,10,1010123456010,71,,1,1,2,1,0,,14.9138,58,0,0.048608,24,0,9,,0,0,0,0,0,0,0,0,0,,294,48,,0,0,0,0
1604109617137,10,1010123456010,71,,1,1,2,1,0,,13.2,15,0,0.010912,6,0,9,,0,0,0,0,0,0,0,0,0,,33,12,,0,0,0,0
1604109617387,10,1010123456010,71,,1,1,2,1,0,,6.85106,94,0,0.035104,38,0,6.5,,0.692308,26,0,0.1,10,10,0,4.64298,31,,351,78,,0,0,0,2.19231
1604109617637,10,1010123456010,71,,1,1,2,1,0,,14.0227,44,0,0.032704,17,0,9,,0,0,0,0,0,0,0,0,0,,127,34,,0,0,0,0
1604109617887,10,1010123456010,71,,1,1,2,1,0,,15.7619,63,8,0.048512,23,0,0.1,,0,0,0,0,0,0,0,0,0,,299,50,,0,0,0,0
1604109618137,10,1010123456010,71,,1,1,2,1,0,,13.8125,48,83,0.038144,20,0,0.1,,0,0,0,0,0,0,0,0,0,,138,38,,0,0,0,0
1604109618387,10,1010123456010,71,,1,1,2,1,0,,13.2391,46,0,0.038112,20,0,9,,0.96,25,0,0.1,10,0,0,5.37202,31,,110,38,,0,0,0,1.6
1604109618637,10,1010123456010,71,,1,1,2,1,0,,13.8254,63,0,0.043264,23,0,7.25,,0,0,0,0,0,0,0,0,0,,170,58,,0,0,0,0
1604109618887,10,1010123456010,71,,1,1,2,1,0,,13.2917,72,0,0.060288,33,0,9,,0,0,0,0,0,0,0,0,0,,169,60,,0,0,0,0
1604109619137,10,1010123456010,71,,1,1,2,1,0,,13.1667,54,158,0.038272,21,0,0.1,,0,0,0,0,0,0,0,0,0,,118,42,,0,0,0,0
1604109619387,10,1010123456010,71,,1,1,2,1,0,,15.1233,73,0,0.054144,26,0,9,,0.1,44,0,0.1,17,23.5294,0,3.38708,31,,205,58,,0,0,0,3.84091
1604109619637,10,1010123456010,71,,1,1,2,1,0,,13.5385,65,0,0.0544,29,0,0.1,,0,0,0,0,0,0,0,0,0,,160,52,,0,0,0,0
1604109619887,10,1010123456010,71,,1,1,2,1,0,,14.1818,22,0,0.011008,6,0,9,,0,0,0,0,0,0,0,0,0,,43,18,,0,0,0,0
1604109620137,10,1010123456010,71,,1,1,2,1,0,,12.75,8,784,0.010912,6,0,2,,0,0,0,0,0,0,0,0,0,,-97,166,,0,0,0,0
1604109620387,10,1010123456010,71,,1,1,2,1,0,,9.58784,148,0,0.077504,56,0,7.33333,,2.44,25,0,0.1,10,0,0,5.98773,31,,-22,286,,0,0,0,1.08
1604109620637,10,1010123456010,71,,1,1,2,1,0,,13.7812,32,0,0.03264,17,0,6,,0,0,0,0,0,0,0,0,0,,65,28,,0,0,0,0
1604109620887,10,1010123456010,71,,1,1,2,1,0,,11.4,90,129,0.053408,34,0,6,,0,0,0,0,0,0,0,0,0,,151,76,,0,0,0,0
1604109621137,10,1010123456010,71,,1,1,2,1,0,,16.25,60,0,0.054848,24,0,9,,0,0,0,0,0,0,0,0,0,,-129,272,,0,0,0,0
1604109621387,10,1010123456010,71,,1,1,2,1,0,,13.1613,31,0,0.021952,12,0,10,,0,0,0,0,0,0,0,0,0,,66,24,,0,0,0,0
1604109621637,10,1010123456010,71,,1,1,2,1,0,,12.9189,74,0,0.05424,29,0,9,,1.57143,49,0,0.1,19,52.6316,0,3.11652,31,,134,58,,0,0,0,6.12245
1604109621887,10,1010123456010,71,,1,1,2,1,0,,14.7692,13,1254,0.010688,5,0,2,,0,0,0,0,0,0,0,0,0,,-164,190,,0,0,0,0
1604109622137,10,1010123456010,71,,1,1,2,1,0,,15.0333,90,0,0.075136,35,0,9,,0,0,0,0,0,0,0,0,0,,89,164,,0,0,0,0
1604109622387,10,1010123456010,71,,1,1,2,1,0,,5.71579,95,0,0.030112,38,0,6.75,,0.913044,23,0,0.1,9,0,0,5.04392,31,,111,76,,0,0,0,1.26087
1604109622637,10,1010123456010,71,,1,1,2,1,0,,13.3636,44,0,0.032832,18,0,0.1,,0,0,0,0,0,0,0,0,0,,108,36,,0,0,0,0
1604109622887,10,1010123456010,71,,1,1,2,1,0,,6.0625,96,0,0.030272,38,0,7,,0,0,0,0,0,0,0,0,0,,385,76,,0,0,0,0
1604109623137,10,1010123456010,71,,1,1,2,1,0,,15.2647,34,0,0.02704,13,0,9,,0,0,0,0,0,0,0,0,0,,159,26,,0,0,0,0
1604109623387,10,1010123456010,71,,1,1,2,1,0,,13.7143,49,0,0.038144,20,0,9,,1.125,16,0,0.1,6,0,0,5.34798,31,,137,40,,0,0,0,2.3125
1604109623637,10,1010123456010,71,,1,1,2,1,0,,9.5,48,0,0.016864,14,0,6,,0,0,0,0,0,0,0,0,0,,136,38,,0,0,0,0
1604109623887,10,1010123456010,71,,1,1,2,1,0,,8.07018,171,158,0.075232,75,0,9,,0,0,0,0,0,0,0,0,0,,765,140,,0,0,0,0
1604109624137,10,1010123456010,71,,1,1,2,1,0,,7.63107,103,0,0.040544,41,0,7,,0,0,0,0,0,0,0,0,0,,356,82,,0,0,0,0
1604109624387,10,1010123456010,71,,1,1,2,1,0,,13.4348,23,0,0.016416,9,0,0.1,,0.8,25,0,0.1,10,0,0,6.34905,31,,43,18,,0,0,0,1.08
1604109624637,10,1010123456010,71,,1,1,2,1,0,,10.8542,48,0,0.027744,20,0,7,,0,0,0,0,0,0,0,0,0,,131,40,,0,0,0,0
1604109624887,10,1010123456010,71,,1,1,2,1,0,,9.97753,89,115,0.040576,32,0,0.1,,0,0,0,0,0,0,0,0,0,,464,72,,0,0,0,0
1604109625137,10,1010123456010,71,,1,1,2,1,0,,11.4528,53,0,0.037216,25,0,9,,0,0,0,0,0,0,0,0,0,,129,42,,0,0,0,0
1604109625387,10,1010123456010,71,,1,1,2,1,0,,12.0435,23,0,0.01632,10,0,7,,0.538462,26,0,0.1,10,0,0,5.5823,31,,65,20,,0,0,0,1.11538
1604109625637,10,1010123456010,71,,1,1,2,1,0,,12.6279,43,0,0.027168,16,0,0.1,,0,0,0,0,0,0,0,0,0,,237,32,,0,0,0,0
1604109625887,10,1010123456010,71,,1,1,2,1,0,,12.5263,76,0,0.052096,30,0,0.1,,0,0,0,0,0,0,0,0,0,,351,64,,0,0,0,0
1604109626137,10,1010123456010,71,,1,1,2,1,0,,13.2294,109,158,0.078048,44,0,9,,0,0,0,0,0,0,0,0,0,,783,84,,0,0,0,0
1604109626387,10,1010123456010,71,,1,1,2,1,0,,10.3171,82,91,0.043872,28,0,7,,7,48,0,0.1,20,60,0,5.44072,31,,296,68,,0,0,0,7.1875
1604109626637,10,1010123456010,71,,1,1,2,1,0,,9.65384,130,83,0.067872,57,0,9,,0,0,0,0,0,0,0,0,0,,396,104,,0,0,0,0
1604109626887,10,1010123456010,71,,1,1,2,1,0,,14.1791,67,0,0.054368,27,0,9,,0,0,0,0,0,0,0,0,0,,230,52,,0,0,0,0
1604109627137,10,1010123456010,71,,1,1,2,1,0,,10.1667,60,0,0.027744,20,0,7,,0,0,0,0,0,0,0,0,0,,164,50,,0,0,0,0
1604109627387,10,1010123456010,71,,1,1,2,1,0,,9.72093,43,0,0.028064,23,0,7,,3.2,10,428,0.1,4,25,0,8.609,31,,143,36,,0,0,0,4.9
1604109627637,10,1010123456010,71,,1,1,2,1,0,,12.5556,63,0,0.043584,26,0,10,,0.45,20,0,0.1,8,0,0,9.65087,0,,327,52,,0,0,0,1
1604109627887,10,1010123456010,71,,1,1,2,1,0,,16.5652,23,0,0.021344,9,0,10.5,,0,0,0,0,0,0,0,0,0,,42,18,,0,0,0,0
1604109628137,10,1010123456010,71,,1,1,2,1,0,,15.6066,61,0,0.053472,24,0,9.5,,0,0,0,0,0,0,0,0,0,,328,48,,0,0,0,0
1604109628387,10,1010123456010,71,,1,1,2,1,0,,15.6852,54,0,0.048416,22,0,9.5,,1.6875,16,0,0.1,6,0,0,5.79871,31,,159,44,,0,0,0,1.5625
1604109628637,10,1010123456010,71,,1,1,2,1,0,,13.1351,37,0,0.027296,15,0,0.1,,0,0,0,0,0,0,0,0,0,,108,30,,0,0,0,0
1604109628887,10,1010123456010,71,,1,1,2,1,0,,11.7308,78,0,0.044064,27,0,7,,0,0,0,0,0,0,0,0,0,,167,62,,0,0,0,0
1604109629137,10,1010123456010,71,,1,1,2,1,0,,14.1071,28,0,0.024384,12,0,0.1,,0,0,0,0,0,0,0,0,0,,98,22,,0,0,0,0
1604109629387,10,1010123456010,71,,1,1,2,1,0,,5.82609,23,784,0.009024,11,0,2.5,,0,0,0,0,0,0,0,0,0,,-102,250,,0,0,0,0
1604109629637,10,1010123456010,71,,1,1,2,1,0,,0,0,2036,0,0,0,0.1,,0,0,0,0,0,0,0,0,0,,-250,368,,0,0,0,0
1604109629887,10,1010123456010,71,,1,1,2,1,0,,0,0,3288,0,0,0,0.1,,0,0,0,0,0,0,0,0,0,,-250,412,,0,0,0,0
1604109630137,10,1010123456010,71,,1,1,2,1,0,,13.1216,74,3648,0.038176,25,0,8,,0.1,3,0,0.1,1,0,0,1.41986,31,,-250,324,,0,0,0,2
1604109630387,10,1010123456010,71,,1,1,2,1,0,,16.6168,167,0,0.170496,74,0,9.5,,1.2,45,0,0.1,17,11.7647,0,5.26546,31,,152,136,,0,0,0,2.26667
1604109630637,10,1010123456010,71,,1,1,2,1,0,,11.5714,63,0,0.038592,25,0,7.66667,,0,0,0,0,0,0,0,0,0,,320,50,,0,0,0,0
1604109630887,10,1010123456010,71,,1,1,2,1,0,,13.3488,43,158,0.03248,17,0,5,,0,0,0,0,0,0,0,0,0,,152,140,,0,0,0,0
1604109631137,10,1010123456010,71,,1,1,2,1,0,,0,0,1410,0,0,0,0.1,,0,0,0,0,0,0,0,0,0,,-250,322,,0,0,0,0
1604109631387,10,1010123456010,71,,1,1,2,1,0,,13.292,137,0,0.09744,55,0,8,,1.875,16,0,0.1,6,16.6667,0,4.82142,31,,-111,290,,0,0,0,2.9375
1604109631637,10,1010123456010,71,,1,1,2,1,0,,13.6207,29,0,0.02176,12,0,0.1,,0,0,0,0,0,0,0,0,0,,105,24,,0,0,0,0
1604109631887,10,1010123456010,71,,1,1,2,1,0,,13.0526,38,158,0.027264,15,0,0.1,,0,0,0,0,0,0,0,0,0,,101,30,,0,0,0,0
1604109632137,10,1010123456010,71,,1,1,2,1,0,,13.2353,51,158,0.032896,18,0,9,,0,0,0,0,0,0,0,0,0,,118,42,,0,0,0,0
1604109632387,10,1010123456010,71,,1,1,2,1,0,,8.60215,93,183,0.039936,36,0,6,,2.62069,29,0,0.1,13,53.8462,0,5.04178,31,,442,74,,0,0,0,5.65517
1604109632637,10,1010123456010,71,,1,1,2,1,0,,9.35922,103,134,0.056096,42,0,6,,0,0,0,0,0,0,0,0,0,,294,84,,0,0,0,0
1604109632887,10,1010123456010,71,,1,1,2,1,0,,6.008,125,0,0.04688,53,0,10,,0,0,0,0,0,0,0,0,0,,71,98,,0,0,0,0
1604109633137,10,1010123456010,71,,1,1,2,1,0,,20.45,20,0,0.027776,8,0,15,,0,0,0,0,0,0,0,0,0,,51,16,,0,0,0,0
1604109633387,10,1010123456010,71,,1,1,2,1,0,,20.6154,13,0,0.016608,5,0,5.5,,8,6,0,0.1,2,0,0,5.87936,31,,19,10,,0,0,0,2.5
1604109633637,10,1010123456010,71,,1,1,2,1,0,,16.1379,29,471,0.02656,11,0,3.66667,,0,2,0,0.1,1,0,0,0,0,,-24,210,,0,0,0,0
1604109633887,10,1010123456010,71,,1,1,2,1,0,,10.4521,73,17,0.033024,25,0,7,,0,0,0,0,0,0,0,0,0,,201,66,,0,0,0,0
1604109634137,10,1010123456010,71,,1,1,2,1,0,,10.4356,101,121,0.056128,43,0,7,,0,0,0,0,0,0,0,0,0,,723,80,,0,0,0,0
1604109634387,10,1010123456010,71,,1,1,2,1,0,,9.29487,78,68,0.033856,29,0,6,,3.71429,7,0,0.1,3,0,0,9.69433,31,,411,62,,0,0,0,1
1604109634637,10,1010123456010,71,,1,1,2,1,0,,7.42574,101,0,0.04128,45,0,7,,0,0,0,0,0,0,0,0,0,,391,84,,0,0,0,0
1604109634887,10,1010123456010,71,,1,1,2,1,0,,6.02632,190,122,0.053696,75,0,3,,0,0,0,0,0,0,0,0,0,,48,192,,0,0,0,0
1604109635137,10,1010123456010,71,,1,1,2,1,0,,5.7,80,1168,0.022016,33,0,3.33333,,0,0,0,0,0,0,0,0,0,,210,204,,0,0,0,0
1604109635387,10,1010123456010,71,,1,1,2,1,0,,9.07538,199,0,0.09456,81,0,8.33333,,0.1,17,0,0.1,6,0,0,7.4775,31,,358,158,,0,0,0,1.23529
1604109635637,10,1010123456010,71,,1,1,2,1,0,,12.6667,45,0,0.032864,18,0,9,,0,0,0,0,0,0,0,0,0,,87,36,,0,0,0,0
1604109635887,10,1010123456010,71,,1,1,2,1,0,,9.73913,23,628,0.011168,9,0,4.5,,0,0,0,0,0,0,0,0,0,,124,196,,0,0,0,0
1604109636137,10,1010123456010,71,,1,1,2,1,0,,26.2105,19,0,0.0416,8,0,15,,0,0,0,0,0,0,0,0,0,,-133,304,,0,0,0,0
1604109636387,10,1010123456010,71,,1,1,2,1,0,,10.7629,97,0,0.055168,39,0,8,,3.52,25,0,0.1,10,30,0,7.05595,31,,540,78,,0,0,0,3.4
1604109636637,10,1010123456010,71,,1,1,2,1,0,,15.08,25,0,0.031712,11,0,14,,0,0,0,0,0,0,0,0,0,,62,22,,0,0,0,0
1604109636887,10,1010123456010,71,,1,1,2,1,0,,15.6279,43,0,0.047712,17,0,0.1,,0,0,0,0,0,0,0,0,0,,84,34,,0,0,0,0
1604109637137,10,1010123456010,71,,1,1,2,1,0,,13.2373,59,0,0.043776,23,0,9,,0,0,0,0,0,0,0,0,0,,116,46,,0,0,0,0
1604109637387,10,1010123456010,71,,1,1,2,1,0,,16.7188,32,315,0.031968,13,0,9.5,,0,0,0,0,0,0,0,0,0,,162,26,,0,0,0,0
1604109637637,10,1010123456010,71,,1,1,2,1,0,,12.6094,64,0,0.043488,24,0,9,,0.48,25,0,0.1,10,0,0,4.89016,31,,215,50,,0,0,0,1.76
1604109637887,10,1010123456010,71,,1,1,2,1,0,,9.34021,97,0,0.0456,40,0,7.5,,0,0,0,0,0,0,0,0,0,,374,78,,0,0,0,0
1604109638137,10,1010123456010,71,,1,1,2,1,0,,13.6579,38,0,0.027488,15,0,0.1,,0,0,0,0,0,0,0,0,0,,90,30,,0,0,0,0
1604109638387,10,1010123456010,71,,1,1,2,1,0,,12.2857,21,0,0.010944,6,0,0.1,,0,0,0,0,0,0,0,0,0,,56,18,,0,0,0,0
1604109638637,10,1010123456010,71,,1,1,2,1,0,,6.00794,126,393,0.043264,50,0,6.5,,0.705882,17,0,0.1,7,0,0,7.34091,31,,387,100,,0,0,0,1.70588
1604109638887,10,1010123456010,71,,1,1,2,1,0,,5.29577,71,1254,0.02272,33,0,4.5,,0,0,0,0,0,0,0,0,0,,-163,196,,0,0,0,0
1604109639137,10,1010123456010,71,,1,1,2,1,0,,0,0,2349,0,0,0,0.1,,0,0,0,0,0,0,0,0,0,,-250,312,,0,0,0,0
1604109639387,10,1010123456010,71,,1,1,2,1,0,,0,0,2819,0,0,0,0.1,,0,2,0,0.1,1,0,0,0,31,,-250,388,,0,0,0,0
1604109639637,10,1010123456010,71,,1,1,2,1,0,,0,0,3914,0,0,0,0.1,,0,0,0,0,0,0,0,0,0,,-250,340,,0,0,0,0
1604109639887,10,1010123456010,71,,1,1,2,1,0,,0,0,4853,0,0,0,0.1,,0,0,0,0,0,0,0,0,0,,-250,382,,0,0,0,0
1604109640137,10,1010123456010,71,,1,1,2,1,0,,9.04744,274,2043,0.114048,100,0,7.33333,,0,11,0,0.1,6,0,0,0,31,,-250,366,,0,0,0,0
1604109640387,10,1010123456010,71,,1,1,2,1,0,,15.8529,102,0,0.11088,49,0,0.1,,1.04444,45,0,0.1,18,50,0,2.71421,31,,132,82,,0,0,0,5.73333
1604109640637,10,1010123456010,71,,1,1,2,1,0,,14.5263,76,0,0.059904,31,0,0.1,,0,0,0,0,0,0,0,0,0,,230,62,,0,0,0,0
1604109640887,10,1010123456010,71,,1,1,2,1,0,,14.1562,32,8,0.021856,12,0,0.1,,0,0,0,0,0,0,0,0,0,,83,28,,0,0,0,0
1604109641137,10,1010123456010,71,,1,1,2,1,0,,12.5455,33,315,0.02736,15,0,2,,0,0,0,0,0,0,0,0,0,,29,76,,0,0,0,0
1604109641387,10,1010123456010,71,,1,1,2,1,0,,13.3553,76,0,0.054208,30,0,9.5,,0.944444,18,0,0.1,7,14.2857,0,4.08968,31,,10,252,,0,0,0,2.5
1604109641638,10,1010123456010,71,,1,1,2,1,0,,16.7436,78,83,0.0742948,30,0,9,,0,0,0,0,0,0,0,0,0,,278,64,,0,0,0,0
1604109641887,10,1010123456010,71,,1,1,2,1,0,,14.377,61,0,0.0490281,24,0,9.5,,0,0,0,0,0,0,0,0,0,,172,50,,0,0,0,0
1604109642137,10,1010123456010,71,,1,1,2,1,0,,15.7778,45,0,0.04816,22,0,9,,0,0,0,0,0,0,0,0,0,,149,38,,0,0,0,0
1604109642387,10,1010123456010,71,,1,1,2,1,0,,17.5938,64,0,0.067424,25,0,5.5,,0,0,0,0,0,0,0,0,0,,147,156,,0,0,0,0
1604109642637,10,1010123456010,71,,1,1,2,1,0,,17.7,40,0,0.043808,17,0,0.1,,1.16667,12,0,0.1,5,0,0,8.73193,31,,60,32,,0,0,0,1.66667
1604109642887,10,1010123456010,71,,1,1,2,1,0,,13.2545,55,0,0.037984,21,0,8.66667,,0,0,0,0,0,0,0,0,0,,171,42,,0,0,0,0
1604109643137,10,1010123456010,71,,1,1,2,1,0,,13.5,22,0,0.016448,9,0,0.1,,0,0,0,0,0,0,0,0,0,,43,18,,0,0,0,0
1604109643387,10,1010123456010,71,,1,1,2,1,0,,13.8382,68,158,0.048896,25,0,9,,7,8,0,0.1,3,33.3333,0,6.59795,31,,303,56,,0,0,0,4.375
1604109643637,10,1010123456010,71,,1,1,2,1,0,,12.7717,92,300,0.068608,39,0,3.5,,0,0,0,0,0,0,0,0,0,,434,112,,0,0,0,0
1604109643887,10,1010123456010,71,,1,1,2,1,0,,14.098,51,158,0.040608,21,0,4.5,,0,0,0,0,0,0,0,0,0,,172,42,,0,0,0,0
1604109644137,10,1010123456010,71,,1,1,2,1,0,,10.7788,104,0,0.052288,38,0,7,,0,0,0,0,0,0,0,0,0,,-32,276,,0,0,0,0
1604109644387,10,1010123456010,71,,1,1,8,1,0,,10.3548,31,0,0.036128,16,0,0.1,,10.1667,30,0,0.106464,12,8.33333,0,10.8034,31,,168,52,,0,0,0,2.46667
1604109644637,10,1010123456010,71,,1,1,8,1,0,,8.8,25,0,0.027104,10,0,0.1,,0,0,0,0,0,0,0,0,0,,77,44,,0,0,0,0
1604109644887,10,1010123456010,71,,1,1,8,1,0,,9.83333,24,0,0.03872,10,0,2,,0,0,0,0,0,0,0,0,0,,86,60,,0,0,0,0
1604109645137,10,1010123456010,71,,1,1,8,1,0,,0.878049,41,0,0.012352,16,0,10,,0,0,0,0,0,0,0,0,0,,34,140,,0,0,0,0
1604109645387,10,1010123456010,71,,1,1,8,1,0,,11.725,40,0,0.058944,17,0,7,,6.14286,7,0,0.1,3,0,0,9.65098,31,,85,70,,0,0,0,1
1604109645637,10,1010123456010,71,,1,1,8,1,0,,10,37,0,0.04384,15,0,0.1,,0,0,0,0,0,0,0,0,0,,96,72,,0,0,0,0
1604109645887,10,1010123456010,71,,1,1,8,1,0,,4.28333,60,158,0.04384,25,0,4.75,,0,0,0,0,0,0,0,0,0,,65,160,,0,0,0,0
1604109646137,10,1010123456010,71,,1,1,8,1,0,,1.28182,110,0,0.046528,44,0,7,,0,0,0,0,0,0,0,0,0,,55,342,,0,0,0,0
1604109646387,10,1010123456010,71,,1,1,8,1,0,,5.61364,44,0,0.033056,19,0,8.5,,6.67857,28,0,0.1,11,9.09091,0,7.31548,31,,94,156,,0,0,0,2.96429
1604109646637,10,1010123456010,71,,1,1,8,1,0,,10.9048,21,0,0.032672,9,0,12,,0,0,0,0,0,0,0,0,0,,50,46,,0,0,0,0
1604109646887,10,1010123456010,71,,1,1,8,1,0,,1.4898,98,85,0.04016,35,0,4,,0,0,0,0,0,0,0,0,0,,-3,498,,0,0,0,0
1604109647137,10,1010123456010,71,,1,1,8,1,0,,2.14667,75,75,0.040096,33,0,10,,0,0,0,0,0,0,0,0,0,,55,282,,0,0,0,0
1604109647387,10,1010123456010,71,,1,1,8,1,0,,16.4583,24,0,0.046656,11,0,9,,0.1,15,0,0.1,6,0,0,5.369,31,,32,36,,0,0,0,1.2
1604109647637,10,1010123456010,71,,1,1,8,1,0,,16.5417,24,0,0.04144,9,0,10,,2,10,0,0.1,4,0,0,4.11635,0,,51,40,,0,0,0,1.6
1604109647887,10,1010123456010,71,,1,1,8,1,0,,4.53165,79,0,0.047744,29,0,5.5,,0,0,0,0,0,0,0,0,0,,16,254,,0,0,0,0
1604109648137,10,1010123456010,71,,1,1,8,1,0,,13,23,0,0.038432,11,0,8.5,,0,0,0,0,0,0,0,0,0,,48,38,,0,0,0,0
1604109648387,10,1010123456010,71,,1,1,8,1,0,,6.27778,18,0,0.015968,7,0,0.1,,4.7381,42,0,0.1,17,35.2941,0,7.70172,31,,47,32,,0,0,0,4.35714
1604109648637,10,1010123456010,71,,1,1,8,1,0,,10.8571,7,0,0.01056,3,0,10,,0,0,0,0,0,0,0,0,0,,22,14,,0,0,0,0
1604109648887,10,1010123456010,71,,1,1,8,1,0,,4.38947,95,0,0.06048,38,0,5,,0,0,0,0,0,0,0,0,0,,11,296,,0,0,0,0
1604109649137,10,1010123456010,71,,1,1,8,1,0,,8.41026,39,0,0.037632,16,0,9.5,,0,0,0,0,0,0,0,0,0,,120,74,,0,0,0,0
1604109649387,10,1010123456010,71,,1,1,8,1,0,,15.3571,28,0,0.042112,10,0,11,,2.91667,12,0,0.1,5,20,0,5.4261,31,,89,44,,0,0,0,3
1604109649637,10,1010123456010,71,,1,1,8,1,0,,7.97297,37,0,0.032064,15,0,6,,0,0,0,0,0,0,0,0,0,,29,94,,0,0,0,0
1604109649887,10,1010123456010,71,,1,1,8,1,0,,8.42593,54,0,0.048448,22,0,7.33333,,0,0,0,0,0,0,0,0,0,,132,92,,0,0,0,0
1604109650137,10,1010123456010,71,,1,1,8,1,0,,9.03333,30,0,0.03216,12,0,6.5,,0,0,0,0,0,0,0,0,0,,73,58,,0,0,0,0
1604109650387,10,1010123456010,71,,1,1,8,1,0,,8.01538,65,0,0.053408,24,0,8.5,,1.13333,15,0,0.1,6,0,0,6.66591,31,,247,132,,0,0,0,1.53333
1604109650637,10,1010123456010,71,,1,1,8,1,0,,6.9,40,4,0.041056,15,0,1,,0,0,0,0,0,0,0,0,0,,46,192,,0,0,0,0
1604109650887,10,1010123456010,71,,1,1,8,1,0,,0.1,100,0,0.032896,42,0,2.5,,0,0,0,0,0,0,0,0,0,,36,368,,0,0,0,0
1604109651137,10,1010123456010,71,,1,1,8,1,0,,1.58621,58,158,0.026496,20,0,5.5,,0,0,0,0,0,0,0,0,0,,37,202,,0,0,0,0
1604109651387,10,1010123456010,71,,1,1,8,1,0,,3.55556,54,0,0.024928,23,0,9.5,,0,0,0,0,0,0,0,0,0,,24,172,,0,0,0,0
1604109651637,10,1010123456010,71,,1,1,8,1,0,,12.7391,23,0,0.037152,10,0,7,,2.84211,19,0,0.1,7,14.2857,0,2.13178,31,,61,36,,0,0,0,3.94737
1604109651887,10,1010123456010,71,,1,1,8,1,0,,11.1923,26,0,0.037472,11,0,6,,0,0,0,0,0,0,0,0,0,,59,56,,0,0,0,0
1604109652137,10,1010123456010,71,,1,1,8,1,0,,2.67143,70,0,0.038944,28,0,5.5,,0,0,0,0,0,0,0,0,0,,52,226,,0,0,0,0
1604109652387,10,1010123456010,71,,1,1,8,1,0,,5.03333,30,0,0.0168996,11,0,8.5,,5,7,148377,0.1,3,0,0,11.8921,31,,36,78,,0,0,0,1
1604109652637,10,1010123456010,71,,1,1,8,1,0,,10.7647,17,0,0.038144,8,0,7,,9.125,32,0,0.1,13,30.7692,0,9.35209,0,,84,48,,0,0,0,3.9375
1604109652887,10,1010123456010,71,,1,1,8,1,0,,10.9459,37,0,0.038272,12,0,7.5,,0,0,0,0,0,0,0,0,0,,94,62,,0,0,0,0
1604109653137,10,1010123456010,71,,1,1,8,1,0,,10.4186,43,0,0.054432,18,0,8.5,,0,0,0,0,0,0,0,0,0,,88,80,,0,0,0,0
1604109653387,10,1010123456010,71,,1,1,8,1,0,,11.5714,28,0,0.037344,13,0,10,,1.73913,23,0,0.1,9,0,0,6.69006,31,,48,42,,0,0,0,1.3913
1604109653637,10,1010123456010,71,,1,1,8,1,0,,8,13,0,0.015872,6,0,8.5,,0,0,0,0,0,0,0,0,0,,73,52,,0,0,0,0
1604109653887,10,1010123456010,71,,1,1,8,1,0,,5.58824,51,0,0.04336,21,0,10,,0,0,0,0,0,0,0,0,0,,100,132,,0,0,0,0
1604109654137,10,1010123456010,71,,1,1,8,1,0,,14.9,30,0,0.047232,12,0,8.66667,,0,0,0,0,0,0,0,0,0,,57,48,,0,0,0,0
1604109654387,10,1010123456010,71,,1,1,8,1,0,,18,9,0,0.020608,4,0,10,,4.2,5,149678,0.1,2,0,0,7.57961,31,,16,16,,0,0,0,1.6
1604109654637,10,1010123456010,71,,1,1,8,1,0,,18,12,0,0.02576,5,0,0.1,,0.1,20,0,0.1,8,0,0,5.86054,0,,20,20,,0,0,0,1
1604109654887,10,1010123456010,71,,1,1,8,1,0,,9.55556,36,0,0.043328,14,0,5,,0,0,0,0,0,0,0,0,0,,91,70,,0,0,0,0
1604109655137,10,1010123456010,71,,1,1,8,1,0,,2.325,120,0,0.056608,47,0,7.25,,0,0,0,0,0,0,0,0,0,,36,362,,0,0,0,0
1604109655387,10,1010123456010,71,,1,1,8,1,0,,13.4783,23,0,0.04224,10,0,9,,0.1,24,0,0.1,10,0,0,4.18951,31,,84,52,,0,0,0,1
1604109655637,10,1010123456010,71,,1,1,8,1,0,,2.56383,94,0,0.05056,36,0,5.5,,0,0,0,0,0,0,0,0,0,,74,276,,0,0,0,0
1604109655887,10,1010123456010,71,,1,1,8,1,0,,18,12,0,0.031072,7,0,13,,0,0,0,0,0,0,0,0,0,,15,20,,0,0,0,0
1604109656137,10,1010123456010,71,,1,1,8,1,0,,15.8696,23,0,0.036064,7,0,7,,0,0,0,0,0,0,0,0,0,,33,38,,0,0,0,0
1604109656387,10,1010123456010,71,,1,1,8,1,0,,7.78873,71,0,0.069696,30,0,7.25,,0.96,25,0,0.1,10,0,0,5.46018,31,,79,150,,0,0,0,1.12
1604109656637,10,1010123456010,71,,1,1,8,1,0,,3.35,80,0,0.044608,32,0,5,,0,0,0,0,0,0,0,0,0,,28,238,,0,0,0,0
1604109656887,10,1010123456010,71,,1,1,8,1,0,,14.4286,14,0,0.025984,6,0,6,,0,0,0,0,0,0,0,0,0,,30,26,,0,0,0,0
1604109657137,10,1010123456010,71,,1,1,8,1,0,,7.08571,35,0,0.037728,14,0,6,,0,0,0,0,0,0,0,0,0,,100,76,,0,0,0,0
1604109657387,10,1010123456010,71,,1,1,8,1,0,,6.7027,37,0,0.03248,15,0,0.1,,5,13,0,0.1,5,0,0,9.80489,31,,96,70,,0,0,0,1
1604109657637,10,1010123456010,71,,1,1,8,1,0,,6.79661,59,0,0.053376,22,0,6,,0,0,0,0,0,0,0,0,0,,150,126,,0,0,0,0
1604109657887,10,1010123456010,71,,1,1,8,1,0,,8.66667,39,0,0.05984,18,0,6.5,,0,0,0,0,0,0,0,0,0,,133,104,,0,0,0,0
1604109658137,10,1010123456010,71,,1,1,8,1,0,,7.19608,51,0,0.048992,20,0,7,,0,0,0,0,0,0,0,0,0,,152,100,,0,0,0,0
1604109658387,10,1010123456010,71,,1,1,8,1,0,,11,14,0,0.022048,5,0,0.1,,0,0,0,0,0,0,0,0,0,,40,32,,0,0,0,0
1604109658637,10,1010123456010,71,,1,1,8,1,0,,8.7,30,0,0.032352,12,0,0.1,,4.36,25,0,0.1,10,10,0,8.99586,31,,82,56,,0,0,0,1.72
1604109658887,10,1010123456010,71,,1,1,8,1,0,,5.07843,51,0,0.042912,21,0,5.5,,0,4,0,0.1,2,50,0,0,0,,199,120,,0,0,0,0
1604109659137,10,1010123456010,71,,1,1,8,1,0,,12.9474,19,0,0.026528,7,0,10,,0,0,0,0,0,0,0,0,0,,88,68,,0,0,0,0
1604109659387,10,1010123456010,71,,1,1,8,1,0,,7.64516,62,0,0.058688,24,0,7,,1.56,50,0,0.1,20,45,0,6.05417,31,,204,138,,0,0,0,5.36
1604109659637,10,1010123456010,71,,1,1,8,1,0,,5.64103,39,0,0.038816,18,0,5.5,,0,0,0,0,0,0,0,0,0,,135,94,,0,0,0,0
1604109659887,10,1010123456010,71,,1,1,8,1,0,,6.08621,58,0,0.043136,21,0,5,,0,0,0,0,0,0,0,0,0,,183,114,,0,0,0,0
1604109660137,10,1010123456010,71,,1,1,8,1,0,,5.17241,58,0,0.043904,26,0,8,,0,0,0,0,0,0,0,0,0,,192,110,,0,0,0,0
1604109660387,11,1010123456010,71,,1,1,8,1,0,,13.0556,18,0,0.021632,6,0,8,,4.57143,7,0,0.1,3,0,0,5.15313,31,,38,30,,0,0,0,1
1604109660637,10,1010123456010,71,,1,1,8,1,0,,11.6562,32,0,0.047808,13,0,0.1,,0,0,0,0,0,0,0,0,0,,70,54,,0,0,0,0
1604109660887,10,1010123456010,71,,1,1,8,1,0,,7.83784,37,0,0.042976,15,0,6,,0,0,0,0,0,0,0,0,0,,101,76,,0,0,0,0
1604109661137,10,1010123456010,71,,1,1,8,1,0,,6.78571,56,0,0.048928,22,0,0.1,,0,0,0,0,0,0,0,0,0,,164,108,,0,0,0,0
1604109661387,10,1010123456010,71,,1,1,8,1,0,,18.0455,22,0,0.036224,8,0,12,,1.21429,14,0,0.1,6,0,0,3.7429,31,,22,28,,0,0,0,1.57143
1604109661637,10,1010123456010,71,,1,1,8,1,0,,3.98182,55,0,0.033984,22,0,6,,0,0,0,0,0,0,0,0,0,,66,170,,0,0,0,0
1604109661887,10,1010123456010,71,,1,1,8,1,0,,7.86207,29,0,0.037728,13,0,5,,0,0,0,0,0,0,0,0,0,,78,64,,0,0,0,0
1604109662137,10,1010123456010,71,,1,1,8,1,0,,4.48529,68,0,0.043808,24,0,6,,0,0,0,0,0,0,0,0,0,,250,266,,0,0,0,0
1604109662387,10,1010123456010,71,,1,1,8,1,0,,13.6957,23,0,0.036896,11,0,13,,0,0,0,0,0,0,0,0,0,,30,32,,0,0,0,0
1604109662655,9,1010123456010,71,,1,1,8,1,0,,18.0952,21,0,0.0386567,9,0,0.1,,1.09091,33,0,0.1,14,21.4286,0,3.45965,31,,25,32,,0,0,0,3.09091
1604109662887,9,1010123456010,71,,1,1,8,1,0,,15.4444,18,0,0.0281724,7,0,0.1,,0,0,0,0,0,0,0,0,0,,17,20,,0,0,0,0
1604109663137,9,1010123456010,71,,1,1,8,1,0,,14.7,20,0,0.026304,8,0,0.1,,0,0,0,0,0,0,0,0,0,,18,22,,0,0,0,0
1604109663387,9,1010123456010,71,,1,1,8,1,0,,17.7895,19,0,0.031232,8,0,0.1,,3,8,0,0.1,3,0,0,5.72487,31,,23,24,,0,0,0,1.375
1604109663637,9,1010123456010,71,,1,1,8,1,0,,17.1429,21,0,0.036192,8,0,0.1,,0,0,0,0,0,0,0,0,0,,22,28,,0,0,0,0
1604109663887,9,1010123456010,71,,1,1,8,1,0,,16.8947,19,0,0.031328,8,0,0.1,,0,0,0,0,0,0,0,0,0,,20,24,,0,0,0,0
1604109664137,9,1010123456010,71,,1,1,8,1,0,,6.08065,62,158,0.053664,25,0,4,,0,0,0,0,0,0,0,0,0,,134,214,,0,0,0,0
1604109664387,9,1010123456010,71,,1,1,8,1,0,,3.59259,81,0,0.05536,33,0,7,,0.1,30,0,0.1,10,30,0,5.39441,31,,170,438,,0,0,0,3.7
1604109664637,9,1010123456010,71,,1,1,8,1,0,,15.125,24,0,0.047456,11,0,10,,0,0,0,0,0,0,0,0,0,,63,40,,0,0,0,0
1604109664887,9,1010123456010,71,,1,1,8,1,0,,6.38095,21,0,0.021184,8,0,6,,0,0,0,0,0,0,0,0,0,,64,44,,0,0,0,0
1604109665137,9,1010123456010,71,,1,1,8,1,0,,6.45455,22,0,0.0264,9,0,0.1,,0,0,0,0,0,0,0,0,0,,102,52,,0,0,0,0
1604109665387,9,1010123456010,71,,1,1,8,1,0,,6.96364,55,0,0.04848,19,0,0.1,,2,11,0,0.1,4,0,0,7.12435,31,,142,106,,0,0,0,1
1604109665637,9,1010123456010,71,,1,1,8,1,0,,8.87234,47,158,0.05376,22,0,11,,7,6,0,0.1,2,50,0,1.68199,0,,101,82,,0,0,0,6.5
1604109665887,9,1010123456010,71,,1,1,8,1,0,,14.5,34,0,0.0424,11,0,8,,0,0,0,0,0,0,0,0,0,,48,48,,0,0,0,0
1604109666137,9,1010123456010,71,,1,1,8,1,0,,4.29032,62,0,0.044704,27,0,5,,0,0,0,0,0,0,0,0,0,,77,158,,0,0,0,0
1604109666387,9,1010123456010,71,,1,1,8,1,0,,5.10526,38,0,0.027744,15,0,5.33333,,0.1,6,0,0,2,100,0,0.170025,0,,60,90,,0,0,0,10
1604109666637,9,1010123456010,71,,1,1,8,1,0,,12.4,20,0,0.016192,6,0,8,,0.1,28,0,0.1,11,45.4545,0,2.11949,31,,40,26,,0,0,0,5.57143
1604109666887,9,1010123456010,71,,1,1,8,1,0,,11.5,44,0,0.064576,21,0,8,,0,0,0,0,0,0,0,0,0,,96,76,,0,0,0,0
1604109667137,9,1010123456010,71,,1,1,8,1,0,,12.3548,31,0,0.032736,12,0,10,,0,0,0,0,0,0,0,0,0,,58,38,,0,0,0,0
1604109667387,9,1010123456010,71,,1,1,8,1,0,,5.67164,67,0,0.04976,27,0,0.1,,0,4,0,0,2,100,0,0,0,,256,140,,0,0,0,0
1604109667637,9,1010123456010,71,,1,1,8,1,0,,10.3023,43,0,0.059264,17,0,8,,0.5,16,0,0.1,7,14.2857,0,3.83495,31,,113,80,,0,0,0,2.625
1604109667887,9,1010123456010,71,,1,1,8,1,0,,12.7714,35,0,0.048896,12,0,0.1,,0,0,0,0,0,0,0,0,0,,80,62,,0,0,0,0
1604109668137,9,1010123456010,71,,1,1,8,1,0,,10.8065,31,0,0.04304,15,0,0.1,,0,0,0,0,0,0,0,0,0,,56,48,,0,0,0,0
1604109668387,9,1010123456010,71,,1,1,8,1,0,,12.75,16,0,0.026912,7,0,0.1,,0.428571,28,0,0.1,11,54.5455,0,2.04871,31,,41,30,,0,0,0,6.25
1604109668637,9,1010123456010,71,,1,1,8,1,0,,12.7222,36,0,0.048768,14,0,0.1,,0,0,0,0,0,0,0,0,0,,74,56,,0,0,0,0
1604109668887,9,1010123456010,71,,1,1,8,1,0,,12.2857,21,0,0.03264,8,0,0.1,,0,0,0,0,0,0,0,0,0,,49,40,,0,0,0,0
1604109669137,9,1010123456010,71,,1,1,8,1,0,,12.7222,36,0,0.05888,14,0,0.1,,0,0,0,0,0,0,0,0,0,,79,68,,0,0,0,0
1604109669387,9,1010123456010,71,,1,1,8,1,0,,12.68,25,0,0.032192,10,0,4,,0.1,66,0,0.1,27,62.963,0,1.43544,31,,44,36,,0,0,0,7.42424
1604109669637,9,1010123456010,71,,1,1,8,1,0,,3.54795,73,0,0.044544,26,0,0.1,,0,0,0,0,0,0,0,0,0,,138,214,,0,0,0,0
1604109669887,9,1010123456010,71,,1,1,8,1,0,,10.2,35,0,0.054464,17,0,7,,0,0,0,0,0,0,0,0,0,,106,76,,0,0,0,0
1604109670137,9,1010123456010,71,,1,1,8,1,0,,9.25,24,0,0.037984,10,0,0.1,,0,0,0,0,0,0,0,0,0,,80,58,,0,0,0,0
1604109670387,9,1010123456010,71,,1,1,8,1,0,,9.91667,24,0,0.033056,9,0,7,,0.1,12,0,0,4,100,0,0.800355,0,,76,62,,0,0,0,10
1604109670637,9,1010123456010,71,,1,1,8,1,0,,9.7381,42,0,0.043456,17,0,0.1,,0,0,0,0,0,0,0,0,0,,102,72,,0,0,0,0
1604109670887,9,1010123456010,71,,1,1,8,1,0,,9.91177,34,0,0.044096,14,0,0.1,,2.28571,7,0,0.1,3,0,0,6.66637,31,,90,72,,0,0,0,2.42857
1604109671137,9,1010123456010,71,,1,1,8,1,0,,7.48837,43,0,0.043776,17,0,6,,0,0,0,0,0,0,0,0,0,,112,88,,0,0,0,0
1604109671387,9,1010123456010,71,,1,1,8,1,0,,7.05,20,0,0.015872,6,0,0.1,,1.5,16,0,0.1,7,57.1429,0,3.50251,31,,57,40,,0,0,0,6.0625
1604109671637,9,1010123456010,71,,1,1,8,1,0,,9.1875,32,0,0.043488,15,0,7,,0,0,0,0,0,0,0,0,0,,86,64,,0,0,0,0
1604109671887,9,1010123456010,71,,1,1,8,1,0,,9.08197,61,0,0.076224,25,0,0.1,,0,0,0,0,0,0,0,0,0,,158,128,,0,0,0,0
1604109672137,9,1010123456010,71,,1,1,8,1,0,,11.4444,27,0,0.037792,11,0,8,,0,0,0,0,0,0,0,0,0,,61,50,,0,0,0,0
1604109672387,9,1010123456010,71,,1,1,8,1,0,,12.5938,32,0,0.043424,13,0,0.1,,0.1,17,0,0.1,7,14.2857,0,5.14204,31,,68,52,,0,0,0,2.82353
1604109672637,9,1010123456010,71,,1,1,8,1,0,,12.6735,49,0,0.06448,19,0,0.1,,3.6,25,0,0.1,9,55.5556,0,2.52349,0,,131,74,,0,0,0,7.16
1604109672887,9,1010123456010,71,,1,1,8,1,0,,11.7755,49,0,0.059232,19,0,0.1,,0,0,0,0,0,0,0,0,0,,93,72,,0,0,0,0
1604109673137,9,1010123456010,71,,1,1,8,1,0,,1.21839,87,0,0.03568,35,0,0.1,,0,0,0,0,0,0,0,0,0,,48,322,,0,0,0,0
1604109673387,10,1010123456010,71,,1,1,8,1,0,,4.8,65,0,0.03936,25,0,8,,1.66667,21,0,0.1,8,50,0,2.71991,31,,81,186,,0,0,0,6.14286
1604109673637,10,1010123456010,71,,1,1,8,1,0,,11.7879,33,0,0.0488,15,0,0.1,,0,0,0,0,0,0,0,0,0,,71,54,,0,0,0,0
1604109673887,10,1010123456010,71,,1,1,8,1,0,,13.125,24,0,0.043392,10,0,0.1,,0,0,0,0,0,0,0,0,0,,56,48,,0,0,0,0
1604109674137,10,1010123456010,71,,1,1,8,1,0,,12.48,25,0,0.03232,10,0,8,,0,0,0,0,0,0,0,0,0,,57,38,,0,0,0,0
1604109674387,9,1010123456010,71,,1,1,4,1,0,,12.3684,19,158,0.02688,8,0,0.1,,0.1,26,0,0.1,11,36.3636,0,2.61574,31,,61,32,,0,0,0,3.96154
1604109674637,9,1010123456010,71,,1,1,4,1,0,,12.5349,43,0,0.048,18,0,0.1,,0,0,0,0,0,0,0,0,0,,102,56,,0,0,0,0
1604109674887,9,1010123456010,71,,1,1,4,1,0,,12.4211,38,0,0.037856,15,0,0.1,,0,0,0,0,0,0,0,0,0,,116,58,,0,0,0,0
1604109675137,9,1010123456010,71,,1,1,4,1,0,,11.75,36,158,0.032256,14,0,0.1,,0,0,0,0,0,0,0,0,0,,88,42,,0,0,0,0
1604109675387,9,1010123456010,71,,1,1,4,1,0,,11.7143,49,0,0.047936,19,0,7,,0,0,0,0,0,0,0,0,0,,116,58,,0,0,0,0
1604109675637,9,1010123456010,71,,1,1,4,1,0,,0.1,191,91,0.02464,70,0,1,,0.1,28,0,0.1,11,9.09091,0,2.44689,31,,-55,514,,0,0,0,2.39286
1604109675887,9,1010123456010,71,,1,1,4,1,0,,0.1,221,241,0.032736,93,0,0.1,,0,0,0,0,0,0,0,0,0,,58,588,,0,0,0,0
1604109676137,9,1010123456010,71,,1,1,4,1,0,,2.57558,172,24,0.059584,73,0,6,,0,0,0,0,0,0,0,0,0,,39,546,,0,0,0,0
1604109676387,9,1010123456010,71,,1,1,4,1,0,,4.97345,113,0,0.045056,44,0,7,,0.1,43,0,0.1,18,55.5556,0,1.94972,31,,430,298,,0,0,0,5.90698
1604109676637,9,1010123456010,71,,1,1,4,1,0,,7.05405,37,0,0.037888,20,0,5.5,,0,0,0,0,0,0,0,0,0,,204,86,,0,0,0,0
1604109676887,9,1010123456010,71,,1,1,4,1,0,,6.10256,78,0,0.044736,32,0,9,,0,0,0,0,0,0,0,0,0,,264,122,,0,0,0,0
1604109677137,9,1010123456010,71,,1,1,4,1,0,,18.0909,33,0,0.057312,13,0,12,,0,0,0,0,0,0,0,0,0,,48,44,,0,0,0,0
1604109677387,9,1010123456010,71,,1,1,4,1,0,,18,19,0,0.0362088,7,0,0.1,,0.1,23,0,0.1,9,11.1111,0,3.41928,31,,30,32,,0,0,0,2.65217
1604109677637,9,1010123456010,71,,1,1,4,1,0,,16.4286,21,0,0.041376,9,0,0.1,,0,0,0,0,0,0,0,0,0,,37,30,,0,0,0,0
1604109677887,9,1010123456010,71,,1,1,4,1,0,,17.7368,19,0,0.026272,7,0,0.1,,0,0,0,0,0,0,0,0,0,,41,18,,0,0,0,0
1604109678137,9,1010123456010,71,,1,1,4,1,0,,18.05,20,0,0.02592,6,0,0.1,,0,0,0,0,0,0,0,0,0,,34,24,,0,0,0,0
1604109678387,9,1010123456010,71,,1,1,4,1,0,,15,11,0,0.020768,5,0,9,,0.1,23,0,0.1,10,20,0,4.43079,31,,17,14,,0,0,0,3.13043
1604109678637,9,1010123456010,71,,1,1,4,1,0,,13.9394,33,0,0.042336,14,0,0.1,,0,0,0,0,0,0,0,0,0,,102,52,,0,0,0,0
1604109678887,9,1010123456010,71,,1,1,4,1,0,,14.4783,23,0,0.031488,9,0,0.1,,0,0,0,0,0,0,0,0,0,,50,30,,0,0,0,0
1604109679137,9,1010123456010,71,,1,1,4,1,0,,13.2381,42,0,0.05296,17,0,0.1,,0,0,0,0,0,0,0,0,0,,107,56,,0,0,0,0
1604109679387,9,1010123456010,71,,1,1,4,1,0,,6.34615,52,0,0.037952,21,0,8,,0.210526,19,0,0.1,8,12.5,0,3.04525,31,,10,136,,0,0,0,2.78947
1604109679637,9,1010123456010,71,,1,1,4,1,0,,14.5294,34,37,0.047008,13,0,8,,0,0,0,0,0,0,0,0,0,,81,44,,0,0,0,0
1604109679887,9,1010123456010,71,,1,1,4,1,0,,11.05,20,0,0.021472,9,0,0.1,,0,0,0,0,0,0,0,0,0,,45,22,,0,0,0,0
1604109680137,9,1010123456010,71,,1,1,4,1,0,,12.3704,27,0,0.03216,11,0,0.1,,0,0,0,0,0,0,0,0,0,,82,38,,0,0,0,0
1604109680387,9,1010123456010,71,,1,1,4,1,0,,12.0213,47,0,0.05312,20,0,0.1,,0.1,34,0,0.1,13,7.69231,0,2.85552,31,,121,68,,0,0,0,2.23529
1604109680637,9,1010123456010,71,,1,1,4,1,0,,12.1154,52,0,0.048928,19,0,0.1,,0,0,0,0,0,0,0,0,0,,161,66,,0,0,0,0
1604109680887,9,1010123456010,71,,1,1,4,1,0,,11.3659,41,153,0.043328,18,0,7,,0,0,0,0,0,0,0,0,0,,171,58,,0,0,0,0
1604109681137,9,1010123456010,71,,1,1,4,1,0,,9,56,0,0.054272,25,0,0.1,,0,0,0,0,0,0,0,0,0,,209,100,,0,0,0,0
1604109681387,9,1010123456010,71,,1,1,4,1,0,,9.55714,70,0,0.05968,28,0,0.1,,0.1,34,0,0.1,15,53.3333,0,1.46702,31,,411,156,,0,0,0,5.82353
1604109681637,9,1010123456010,71,,1,1,4,1,0,,8.55,40,0,0.032736,17,0,0.1,,0,0,0,0,0,0,0,0,0,,184,82,,0,0,0,0
1604109681887,9,1010123456010,71,,1,1,4,1,0,,9.87805,41,0,0.037824,17,0,4,,0,0,0,0,0,0,0,0,0,,331,124,,0,0,0,0
1604109682137,9,1010123456010,71,,1,1,4,1,0,,5.28155,103,85,0.050752,39,0,6,,0,0,0,0,0,0,0,0,0,,181,272,,0,0,0,0
1604109682387,9,1010123456010,71,,1,1,4,1,0,,7.37805,82,0,0.065312,35,0,6,,0.1,18,0,0.1,8,0,0,2.27898,31,,482,200,,0,0,0,1.61111
1604109682637,9,1010123456010,71,,1,1,4,1,0,,5.83846,130,23,0.075072,53,0,5,,0,0,0,0,0,0,0,0,0,,848,356,,0,0,0,0
1604109682887,9,1010123456010,71,,1,1,4,1,0,,5.06452,93,0,0.0432,35,0,0.1,,0,0,0,0,0,0,0,0,0,,355,160,,0,0,0,0
1604109683137,9,1010123456010,71,,1,1,4,1,0,,6.05882,85,0,0.055712,39,0,6,,0,0,0,0,0,0,0,0,0,,357,150,,0,0,0,0
1604109683387,9,1010123456010,71,,1,1,4,1,0,,7.45714,35,0,0.027552,15,0,6,,0.1,41,0,0.1,15,13.3333,0,2.72138,31,,138,58,,0,0,0,2.43902
1604109683637,9,1010123456010,71,,1,1,4,1,0,,6.87805,41,0,0.027616,17,0,0.1,,0,0,0,0,0,0,0,0,0,,162,74,,0,0,0,0
1604109683887,9,1010123456010,71,,1,1,4,1,0,,7.31707,41,0,0.027808,16,0,14,,0,0,0,0,0,0,0,0,0,,146,74,,0,0,0,0
1604109684137,9,1010123456010,71,,1,1,4,1,0,,1.50667,75,262,0.025888,31,0,3,,0,0,0,0,0,0,0,0,0,,80,384,,0,0,0,0
1604109684387,9,1010123456010,71,,1,1,4,1,0,,0.832258,155,721,0.031392,59,0,0.1,,0.1,19,0,0.1,9,0,0,2.80857,31,,-250,914,,0,0,0,1.26316
1604109684637,9,1010123456010,71,,1,1,4,1,0,,2.7337,184,0,0.074848,77,0,9,,0,0,0,0,0,0,0,0,0,,-73,512,,0,0,0,0
1604109684887,9,1010123456010,71,,1,1,4,1,0,,13.25,44,0,0.05296,18,0,0.1,,0,0,0,0,0,0,0,0,0,,91,56,,0,0,0,0
1604109685137,9,1010123456010,71,,1,1,4,1,0,,13.5098,51,0,0.05312,19,0,0.1,,0,0,0,0,0,0,0,0,0,,113,60,,0,0,0,0
1604109685387,10,1010123456010,71,,1,1,4,1,0,,12.5357,28,0,0.031904,11,0,0.1,,0.1,30,0,0.1,12,8.33333,0,3.29661,31,,88,44,,0,0,0,2.6
1604109685637,9,1010123456010,71,,1,1,4,1,0,,8.24,25,0,0.021728,10,0,9.5,,0,0,0,0,0,0,0,0,0,,92,42,,0,0,0,0
1604109685887,9,1010123456010,71,,1,1,4,1,0,,17.8,30,0,0.04688,12,0,0.1,,0,0,0,0,0,0,0,0,0,,45,36,,0,0,0,0
1604109686137,9,1010123456010,71,,1,1,4,1,0,,16.6818,22,0,0.036352,9,0,6,,0,0,0,0,0,0,0,0,0,,41,36,,0,0,0,0
1604109686387,9,1010123456010,71,,1,1,4,1,0,,9.34884,43,0,0.043136,18,0,7,,0.1,25,0,0.1,10,0,0,3.4415,31,,157,86,,0,0,0,1.08
1604109686637,9,1010123456010,71,,1,1,4,1,0,,11.5938,32,0,0.031712,12,0,11,,0,0,0,0,0,0,0,0,0,,127,62,,0,0,0,0
1604109686887,9,1010123456010,71,,1,1,4,1,0,,18.3,20,0,0.03632,8,0,0.1,,0,0,0,0,0,0,0,0,0,,39,26,,0,0,0,0
1604109687137,9,1010123456010,71,,1,1,4,1,0,,14.2432,37,158,0.04704,13,0,8,,0,0,0,0,0,0,0,0,0,,137,58,,0,0,0,0
1604109687387,9,1010123456010,71,,1,1,4,1,0,,3.60563,71,239,0.030752,29,0,3,,0,0,0,0,0,0,0,0,0,,77,218,,0,0,0,0
1604109687637,9,1010123456010,71,,1,1,4,1,0,,2.17714,175,0,0.0586024,72,0,6,,0,8,0,0.1,4,0,0,0,31,,333,428,,0,0,0,0
1604109687887,9,1010123456010,71,,1,1,4,1,0,,2.32432,37,11,0.010688,13,0,3,,0,0,0,0,0,0,0,0,0,,189,238,,0,0,0,0
1604109688137,9,1010123456010,71,,1,1,4,1,0,,0.734177,79,421,0.016992,34,0,0.1,,0,0,0,0,0,0,0,0,0,,-236,884,,0,0,0,0
1604109688387,9,1010123456010,71,,1,1,4,1,0,,0.762238,143,957,0.029696,57,0,0.1,,0,0,0,0,0,0,0,0,0,,-250,866,,0,0,0,0
1604109688637,9,1010123456010,71,,1,1,4,1,0,,2.5875,80,1045,0.02624,33,0,4,,0,10,0,0.1,5,0,0,0,31,,-250,828,,0,0,0,0
1604109688887,9,1010123456010,71,,1,1,4,1,0,,8.67241,58,0,0.057664,24,0,7,,0,0,0,0,0,0,0,0,0,,-54,440,,0,0,0,0
1604109689137,9,1010123456010,71,,1,1,4,1,0,,13.5833,12,0,0.015776,5,0,9,,0,0,0,0,0,0,0,0,0,,27,18,,0,0,0,0
1604109689387,9,1010123456010,71,,1,1,4,1,0,,7.43333,30,0,0.021984,12,0,7.5,,0.230769,26,0,0.1,11,9.09091,0,3.60569,31,,81,42,,0,0,0,1.92308
1604109689637,9,1010123456010,71,,1,1,4,1,0,,3.88288,111,158,0.045952,44,0,5,,0,0,0,0,0,0,0,0,0,,106,234,,0,0,0,0
1604109689887,9,1010123456010,71,,1,1,4,1,0,,12.4667,30,0,0.031936,12,0,9,,0,0,0,0,0,0,0,0,0,,79,42,,0,0,0,0
1604109690137,9,1010123456010,71,,1,1,4,1,0,,13.7222,18,0,0.020608,4,0,6,,0,0,0,0,0,0,0,0,0,,59,26,,0,0,0,0
1604109690387,9,1010123456010,71,,1,1,4,1,0,,7,70,158,0.05584,32,0,6,,0.1,24,0,0.1,11,9.09091,0,4.23326,31,,257,114,,0,0,0,1.375
1604109690637,9,1010123456010,71,,1,1,4,1,0,,7.58333,72,0,0.055456,31,0,0.1,,0,0,0,0,0,0,0,0,0,,366,112,,0,0,0,0
1604109690887,9,1010123456010,71,,1,1,4,1,0,,7.35,80,0,0.054944,32,0,0.1,,0,0,0,0,0,0,0,0,0,,276,112,,0,0,0,0
1604109691137,9,1010123456010,71,,1,1,4,1,0,,7.69231,52,0,0.032768,18,0,6,,0,0,0,0,0,0,0,0,0,,215,88,,0,0,0,0
1604109691387,9,1010123456010,71,,1,1,4,1,0,,6.9,50,0,0.03904,23,0,6,,0.1,20,0,0.1,9,0,0,3.81555,31,,212,80,,0,0,0,1.1
1604109691637,9,1010123456010,71,,1,1,4,1,0,,7.3617,47,0,0.03312,19,0,0.1,,0,0,0,0,0,0,0,0,0,,222,90,,0,0,0,0
1604109691887,9,1010123456010,71,,1,1,4,1,0,,7.07143,70,0,0.055264,29,0,6,,0,0,0,0,0,0,0,0,0,,347,116,,0,0,0,0
1604109692137,9,1010123456010,71,,1,1,4,1,0,,7.21154,52,0,0.03312,21,0,6,,0,0,0,0,0,0,0,0,0,,203,74,,0,0,0,0
1604109692387,9,1010123456010,71,,1,1,4,1,0,,4.08,75,237,0.031712,32,0,4,,0.1,24,0,0.1,9,0,0,4.26577,31,,558,240,,0,0,0,1
1604109692637,9,1010123456010,71,,1,1,4,1,0,,5.27692,65,0,0.036384,28,0,6,,0,0,0,0,0,0,0,0,0,,250,208,,0,0,0,0
1604109692887,9,1010123456010,71,,1,1,4,1,0,,13.9444,18,0,0.020896,7,0,8.5,,0,0,0,0,0,0,0,0,0,,59,26,,0,0,0,0
1604109693137,9,1010123456010,71,,1,1,4,1,0,,14.3143,35,0,0.047264,14,0,0.1,,0,0,0,0,0,0,0,0,0,,90,46,,0,0,0,0
1604109693387,9,1010123456010,71,,1,1,4,1,0,,14.0784,51,0,0.068576,20,0,9,,0.1,14,0,0.1,6,0,0,3.28603,31,,120,68,,0,0,0,1.14286
1604109693637,9,1010123456010,71,,1,1,4,1,0,,10.2075,53,0,0.048096,21,0,6,,0.1,7,0,0.1,3,0,0,5.19182,0,,164,68,,0,0,0,1
1604109693887,9,1010123456010,71,,1,1,4,1,0,,7.49565,115,67,0.07152,43,0,0.1,,0,0,0,0,0,0,0,0,0,,447,150,,0,0,0,0
1604109694137,9,1010123456010,71,,1,1,4,1,0,,7.44286,70,0,0.049568,30,0,6,,0,0,0,0,0,0,0,0,0,,244,98,,0,0,0,0
1604109694387,9,1010123456010,71,,1,1,4,1,0,,7.65454,55,0,0.038496,20,0,6,,0.230769,26,0,0.1,10,20,0,2.9671,31,,294,88,,0,0,0,3.84615
1604109694637,9,1010123456010,71,,1,1,4,1,0,,7.38095,63,0,0.0438876,26,0,0.1,,0,0,0,0,0,0,0,0,0,,296,114,,0,0,0,0
1604109694887,9,1010123456010,71,,1,1,4,1,0,,7.67347,98,0,0.075072,41,0,6,,0,0,0,0,0,0,0,0,0,,347,144,,0,0,0,0
1604109695137,9,1010123456010,71,,1,1,4,1,0,,7.83051,59,0,0.051328,26,0,7,,0,0,0,0,0,0,0,0,0,,207,96,,0,0,0,0
1604109695387,9,1010123456010,71,,1,1,4,1,0,,12.3333,57,0,0.05376,21,0,0.1,,0.1,24,0,0.1,10,10,0,2.92097,31,,177,78,,0,0,0,1.91667
1604109695637,9,1010123456010,71,,1,1,4,1,0,,11.5172,29,158,0.037472,14,0,0.1,,0,0,0,0,0,0,0,0,0,,115,38,,0,0,0,0
1604109695887,9,1010123456010,71,,1,1,4,1,0,,8.69565,69,0,0.054368,28,0,7.5,,0,0,0,0,0,0,0,0,0,,363,94,,0,0,0,0
1604109696137,9,1010123456010,71,,1,1,4,1,0,,5.40909,66,0,0.039392,27,0,4.5,,0,0,0,0,0,0,0,0,0,,234,128,,0,0,0,0
1604109696387,9,1010123456010,71,,1,1,4,1,0,,8.04762,63,0,0.043808,25,0,9,,0.153846,26,0,0.1,10,0,0,3.52968,31,,247,96,,0,0,0,1.46154
1604109696637,9,1010123456010,71,,1,1,4,1,0,,12.7727,44,0,0.047552,16,0,8,,0,0,0,0,0,0,0,0,0,,148,60,,0,0,0,0
1604109696887,9,1010123456010,71,,1,1,4,1,0,,12.2321,56,0,0.069408,25,0,0.1,,0,0,0,0,0,0,0,0,0,,124,70,,0,0,0,0
1604109697137,9,1010123456010,71,,1,1,4,1,0,,8.03226,31,0,0.021984,12,0,7,,0,0,0,0,0,0,0,0,0,,102,42,,0,0,0,0
1604109697387,9,1010123456010,71,,1,1,4,1,0,,14.3871,31,0,0.042048,12,0,9,,0.1,24,0,0.1,9,11.1111,0,4.2241,31,,71,46,,0,0,0,2.08333
1604109697637,9,1010123456010,71,,1,1,4,1,0,,14.9,30,0,0.04688,12,0,0.1,,0.1,3,0,0.1,1,0,0,3.47866,31,,54,38,,0,0,0,1
1604109697887,9,1010123456010,71,,1,1,4,1,0,,8.65,60,0,0.048992,23,0,6,,0,0,0,0,0,0,0,0,0,,203,96,,0,0,0,0
1604109698137,9,1010123456010,71,,1,1,4,1,0,,7.21951,82,0,0.052512,29,0,0.1,,0,0,0,0,0,0,0,0,0,,530,166,,0,0,0,0
1604109698387,9,1010123456010,71,,1,1,4,1,0,,7.52174,46,0,0.035168,20,0,7,,5.12121,33,0,0.1,14,28.5714,0,4.49448,31,,306,106,,0,0,0,3.84848
1604109698637,9,1010123456010,71,,1,1,4,1,0,,9.78571,56,0,0.059008,26,0,7,,0,0,0,0,0,0,0,0,0,,318,110,,0,0,0,0
1604109698887,9,1010123456010,71,,1,1,4,1,0,,2.6875,176,0,0.064736,72,0,4.25,,0,0,0,0,0,0,0,0,0,,-24,632,,0,0,0,0
1604109699137,9,1010123456010,71,,1,1,4,1,0,,7.24444,45,0,0.033216,19,0,0.1,,0,0,0,0,0,0,0,0,0,,232,86,,0,0,0,0
1604109699387,9,1010123456010,71,,1,1,4,1,0,,13.3793,29,0,0.046912,13,0,10,,0.1,24,0,0.1,10,0,0,3.94211,31,,107,66,,0,0,0,1.375
1604109699637,9,1010123456010,71,,1,1,4,1,0,,10.9545,22,0,0.026656,9,0,6,,0,0,0,0,0,0,0,0,0,,58,36,,0,0,0,0
1604109699887,9,1010123456010,71,,1,1,4,1,0,,7.75,60,0,0.043968,24,0,0.1,,0,0,0,0,0,0,0,0,0,,236,86,,0,0,0,0
1604109700137,9,1010123456010,71,,1,1,4,1,0,,7.16667,24,0,0.01104,7,0,6,,0,0,0,0,0,0,0,0,0,,84,34,,0,0,0,0
1604109700387,9,1010123456010,71,,1,1,4,1,0,,0.793103,203,710,0.04752,83,0,3,,1.87097,31,0,0.1,11,0,0,7.7529,31,,190,504,,0,0,0,1.09677
1604109700637,9,1010123456010,71,,1,1,4,1,0,,2.52514,179,0,0.063392,73,0,6,,0,0,0,0,0,0,0,0,0,,10,558,,0,0,0,0
1604109700887,9,1010123456010,71,,1,1,4,1,0,,9.48214,56,0,0.054176,24,0,5.66667,,0,0,0,0,0,0,0,0,0,,214,82,,0,0,0,0
1604109701137,9,1010123456010,71,,1,1,4,1,0,,3.44538,119,0,0.046752,49,0,6,,0,0,0,0,0,0,0,0,0,,132,248,,0,0,0,0
1604109701387,9,1010123456010,71,,1,1,4,1,0,,7.63492,63,158,0.04432,25,0,6,,0,6,0,0,3,100,0,0,0,,332,92,,0,0,0,0
1604109701637,9,1010123456010,71,,1,1,4,1,0,,7.26596,94,0,0.065728,38,0,6,,0,2,0,0,1,100,0,0,0,,398,138,,0,0,0,0
1604109701887,9,1010123456010,71,,1,1,4,1,0,,6.76744,43,0,0.027904,17,0,0.1,,0,0,0,0,0,0,0,0,0,,172,64,,0,0,0,0
1604109702137,9,1010123456010,71,,1,1,4,1,0,,5.24658,73,0,0.033664,26,0,5,,0,0,0,0,0,0,0,0,0,,353,108,,0,0,0,0
1604109702387,9,1010123456010,71,,1,1,4,1,0,,7.67901,81,0,0.065152,36,0,0.1,,0.1,25,0,0.1,11,9.09091,0,3.90372,31,,334,150,,0,0,0,2.24
1604109702637,9,1010123456010,71,,1,1,4,1,0,,7.14,50,0,0.033344,20,0,0.1,,0,0,0,0,0,0,0,0,0,,174,70,,0,0,0,0
1604109702887,9,1010123456010,71,,1,1,4,1,0,,7.83562,73,0,0.049408,29,0,6,,0,0,0,0,0,0,0,0,0,,237,98,,0,0,0,0
1604109703137,9,1010123456010,71,,1,1,4,1,0,,7.24324,37,0,0.027904,15,0,0.1,,0,0,0,0,0,0,0,0,0,,143,58,,0,0,0,0
1604109703387,9,1010123456010,71,,1,1,4,1,0,,5.28571,63,32,0.028192,23,0,5,,0.1,24,0,0.1,9,0,0,2.87002,31,,117,116,,0,0,0,1.20833
1604109703637,9,1010123456010,71,,1,1,4,1,0,,6.96154,26,0,0.022304,13,0,0.1,,0,0,0,0,0,0,0,0,0,,126,40,,0,0,0,0
1604109703887,9,1010123456010,71,,1,1,4,1,0,,13.381,21,0,0.026432,8,0,9,,0,0,0,0,0,0,0,0,0,,44,30,,0,0,0,0
1604109704137,9,1010123456010,71,,1,1,4,1,0,,7.96296,27,0,0.022048,11,0,6,,0,0,0,0,0,0,0,0,0,,85,40,,0,0,0,0
1604109704387,9,1010123456010,71,,1,1,2,1,0,,8.2973,111,0,0.045856,42,0,6,,0,12,0,0.1,6,0,0,0,31,,727,132,,0,0,0,0
1604109704637,9,1010123456010,71,,1,1,2,1,0,,7.65555,90,0,0.03488,37,0,0.1,,0,0,0,0,0,0,0,0,0,,775,102,,0,0,0,0
1604109704887,9,1010123456010,71,,1,1,2,1,0,,0,0,784,0,0,0,2,,0,0,0,0,0,0,0,0,0,,-188,326,,0,0,0,0
1604109705137,9,1010123456010,71,,1,1,2,1,0,,7.95045,222,0,0.086752,89,0,6,,0,0,0,0,0,0,0,0,0,,359,218,,0,0,0,0
1604109705387,9,1010123456010,71,,1,1,2,1,0,,7.74167,120,57,0.044352,46,0,0.1,,0.1,29,0,0.1,11,9.09091,0,3.36603,31,,691,112,,0,0,0,2.75862
1604109705637,9,1010123456010,71,,1,1,2,1,0,,7.3522,159,9,0.06096,66,0,6,,0,0,0,0,0,0,0,0,0,,991,226,,0,0,0,0
1604109705887,9,1010123456010,71,,1,1,2,1,0,,8.0625,64,93,0.028736,29,0,7,,0,0,0,0,0,0,0,0,0,,369,94,,0,0,0,0
1604109706137,9,1010123456010,71,,1,1,2,1,0,,9.25,72,0,0.034112,28,0,6,,0,0,0,0,0,0,0,0,0,,274,62,,0,0,0,0
1604109706387,9,1010123456010,71,,1,1,2,1,0,,8.40645,155,0,0.06848,64,0,7.75,,0.1,40,0,0.1,15,13.3333,0,2.86942,31,,622,166,,0,0,0,2.875
1604109706637,9,1010123456010,71,,1,1,2,1,0,,11.451,51,158,0.02752,18,0,7.5,,0,0,0,0,0,0,0,0,0,,154,48,,0,0,0,0
1604109706887,9,1010123456010,71,,1,1,2,1,0,,6.07692,156,0,0.049856,62,0,5.5,,0,0,0,0,0,0,0,0,0,,854,180,,0,0,0,0
1604109707137,9,1010123456010,71,,1,1,2,1,0,,8.15842,101,502,0.041056,41,0,5,,0,0,0,0,0,0,0,0,0,,517,94,,0,0,0,0
1604109707387,9,1010123456010,71,,1,1,2,1,0,,7.41799,189,196,0.067744,76,0,6,,6.25,28,0,0.1,11,9.09091,0,6.01373,31,,780,156,,0,0,0,3.53571
1604109707637,9,1010123456010,71,,1,1,2,1,0,,8.73913,92,99,0.045184,40,0,7,,0,0,0,0,0,0,0,0,0,,379,74,,0,0,0,0
1604109707887,9,1010123456010,71,,1,1,2,1,0,,11.4906,53,315,0.033024,22,0,2,,0,0,0,0,0,0,0,0,0,,156,182,,0,0,0,0
1604109708137,9,1010123456010,71,,1,1,2,1,0,,16.4286,28,667,0.00592,3,0,9,,0,0,0,0,0,0,0,0,0,,-250,408,,0,0,0,0
1604109708387,9,1010123456010,71,,1,1,2,1,0,,15.2065,92,0,0.100896,46,0,0.1,,0.1,50,0,0.1,20,45,0,1.45671,31,,508,96,,0,0,0,6.04
1604109708637,9,1010123456010,71,,1,1,2,1,0,,13.4348,23,0,0.016384,9,0,0.1,,0,0,0,0,0,0,0,0,0,,36,18,,0,0,0,0
1604109708887,9,1010123456010,71,,1,1,2,1,0,,11.1458,96,37,0.055456,37,0,9,,0,0,0,0,0,0,0,0,0,,391,102,,0,0,0,0
1604109709137,9,1010123456010,71,,1,1,2,1,0,,15.8929,28,0,0.032096,13,0,6,,0,0,0,0,0,0,0,0,0,,36,24,,0,0,0,0
1604109709387,9,1010123456010,71,,1,1,2,1,0,,7.72414,29,0,0.011616,12,0,0.1,,0.1,15,0,0.1,6,16.6667,0,3.97454,31,,153,32,,0,0,0,2.8
1604109709637,9,1010123456010,71,,1,1,2,1,0,,8.38461,26,158,0.011392,11,0,0.1,,0.1,8,0,0.1,3,0,0,4.74634,0,,159,26,,0,0,0,1
1604109709887,9,1010123456010,71,,1,1,2,1,0,,12.5424,118,0,0.092352,48,0,11,,0,0,0,0,0,0,0,0,0,,335,96,,0,0,0,0
1604109710137,9,1010123456010,71,,1,1,2,1,0,,14.4146,41,0,0.032512,17,0,0.1,,0,0,0,0,0,0,0,0,0,,147,34,,0,0,0,0
1604109710387,9,1010123456010,71,,1,1,2,1,0,,13.2581,31,0,0.021856,12,0,0.1,,0.1,33,0,0.1,13,23.0769,0,4.05999,31,,69,24,,0,0,0,3.15152
1604109710637,9,1010123456010,71,,1,1,2,1,0,,13.6364,44,28,0.03216,16,0,0.1,,0,0,0,0,0,0,0,0,0,,146,40,,0,0,0,0
1604109710887,9,1010123456010,71,,1,1,2,1,0,,10.3333,72,0,0.0448835,32,0,6,,0,0,0,0,0,0,0,0,0,,355,90,,0,0,0,0
1604109711137,9,1010123456010,71,,1,1,2,1,0,,9.8913,46,0,0.022304,18,0,7.5,,0,0,0,0,0,0,0,0,0,,117,36,,0,0,0,0
1604109711387,9,1010123456010,71,,1,1,2,1,0,,11.6429,42,0,0.027488,18,0,8,,0.1,27,0,0.1,11,9.09091,0,2.1978,31,,166,40,,0,0,0,2.14815
1604109711637,9,1010123456010,71,,1,1,2,1,0,,10.5156,64,0,0.038656,28,0,6,,0,0,0,0,0,0,0,0,0,,271,56,,0,0,0,0
1604109711887,9,1010123456010,71,,1,1,2,1,0,,7.38889,72,102,0.023424,26,0,0.1,,0,0,0,0,0,0,0,0,0,,473,100,,0,0,0,0
1604109712137,9,1010123456010,71,,1,1,2,1,0,,7.03226,155,186,0.055552,63,0,0.1,,0,0,0,0,0,0,0,0,0,,683,164,,0,0,0,0
1604109712387,9,1010123456010,71,,1,1,2,1,0,,8.00752,133,0,0.055328,55,0,0.1,,0.1,14,0,0.1,6,33.3333,0,3.23875,31,,782,114,,0,0,0,5.28571
1604109712637,9,1010123456010,71,,1,1,2,1,0,,7.61321,106,0,0.040544,43,0,0.1,,0.1,38,0,0.1,14,42.8571,0,2.10597,0,,830,152,,0,0,0,5.42105
1604109712887,9,1010123456010,71,,1,1,2,1,0,,4.11679,137,1038,0.026336,50,0,4.66667,,0,0,0,0,0,0,0,0,0,,-112,318,,0,0,0,0
1604109713137,9,1010123456010,71,,1,1,2,1,0,,4.99306,288,1041,0.070048,119,0,5,,0,0,0,0,0,0,0,0,0,,-250,340,,0,0,0,0
1604109713387,9,1010123456010,71,,1,1,2,1,0,,5.48117,239,1091,0.058784,92,0,5,,0.1,21,0,0.1,9,0,0,4.79936,31,,-250,344,,0,0,0,1.09524
1604109713637,9,1010123456010,71,,1,1,2,1,0,,5.42508,327,292,0.087104,136,0,5,,0,0,0,0,0,0,0,0,0,,502,320,,0,0,0,0
1604109713887,9,1010123456010,71,,1,1,2,1,0,,5.66298,181,0,0.048832,74,0,5,,0,0,0,0,0,0,0,0,0,,1247,266,,0,0,0,0
1604109714137,9,1010123456010,71,,1,1,2,1,0,,5.59211,76,452,0.019584,30,0,5.66667,,0,0,0,0,0,0,0,0,0,,311,66,,0,0,0,0
1604109714387,9,1010123456010,71,,1,1,2,1,0,,4.35484,155,427,0.032864,61,0,4.5,,0,0,0,0,0,0,0,0,0,,107,196,,0,0,0,0
1604109714637,9,1010123456010,71,,1,1,2,1,0,,7.0329,152,0,0.053024,64,0,7,,3.16667,36,0,0.1,12,33.3333,0,3.68032,31,,200,158,,0,0,0,4.16667
1604109714887,9,1010123456010,71,,1,1,2,1,0,,6.1976,167,453,0.047808,65,0,5,,0,0,0,0,0,0,0,0,0,,518,154,,0,0,0,0
1604109715137,9,1010123456010,71,,1,1,2,1,0,,5.552,125,1173,0.035168,54,0,3.5,,0,0,0,0,0,0,0,0,0,,-174,356,,0,0,0,0
1604109715387,9,1010123456010,71,,1,1,2,1,0,,16.8316,95,0,0.092832,39,0,10,,0,0,0,0,0,0,0,0,0,,89,226,,0,0,0,0
1604109715637,9,1010123456010,71,,1,1,2,1,0,,14.2909,55,0,0.04272,21,0,0.1,,0,0,0,0,0,0,0,0,0,,169,64,,0,0,0,0
1604109715887,9,1010123456010,71,,1,1,2,1,0,,13.9722,72,158,0.054432,29,0,7.66667,,0.1,21,0,0.1,9,0,0,3.60253,31,,225,66,,0,0,0,1.28571
1604109716137,9,1010123456010,71,,1,1,2,1,0,,6.13426,216,0,0.06448,88,0,5,,0,0,0,0,0,0,0,0,0,,119,358,,0,0,0,0
1604109716387,9,1010123456010,71,,1,1,2,1,0,,12.9744,39,0,0.029472,16,0,0.1,,0,0,0,0,0,0,0,0,0,,80,30,,0,0,0,0
1604109716637,9,1010123456010,71,,1,1,2,1,0,,9.77419,62,0,0.031776,23,0,6,,0.1,27,0,0.1,10,0,0,2.98317,31,,216,50,,0,0,0,1.77778
1604109716887,9,1010123456010,71,,1,1,2,1,0,,8.75701,107,0,0.047328,44,0,4.33333,,0,0,0,0,0,0,0,0,0,,504,144,,0,0,0,0
1604109717137,9,1010123456010,71,,1,1,2,1,0,,8.17647,102,0,0.040384,41,0,0.1,,0,0,0,0,0,0,0,0,0,,474,84,,0,0,0,0
1604109717387,9,1010123456010,71,,1,1,2,1,0,,7.9,170,0,0.069216,70,0,8.33333,,0.1,21,0,0.1,9,0,0,3.7416,31,,671,140,,0,0,0,1.09524
1604109717637,9,1010123456010,71,,1,1,2,1,0,,7.15054,93,0,0.031872,35,0,6,,0,0,0,0,0,0,0,0,0,,635,108,,0,0,0,0
1604109717887,9,1010123456010,71,,1,1,2,1,0,,9.91667,48,0,0.031136,24,0,6,,0,0,0,0,0,0,0,0,0,,140,40,,0,0,0,0
1604109718137,9,1010123456010,71,,1,1,2,1,0,,6.7451,102,0,0.029824,36,0,6,,0,0,0,0,0,0,0,0,0,,246,88,,0,0,0,0
1604109718387,9,1010123456010,71,,1,1,2,1,0,,9.12712,118,0,0.05872,53,0,8,,0.1,15,0,0.1,7,0,0,4.93055,31,,569,110,,0,0,0,2.46667
1604109718637,9,1010123456010,71,,1,1,2,1,0,,9.47312,93,287,0.049088,39,0,6,,0.1,8,0,0.1,3,0,0,3.96827,0,,394,78,,0,0,0,1
1604109718887,9,1010123456010,71,,1,1,2,1,0,,7.72973,148,0,0.058016,61,0,6,,0,0,0,0,0,0,0,0,0,,698,132,,0,0,0,0
1604109719137,9,1010123456010,71,,1,1,2,1,0,,8.24779,113,0,0.040704,43,0,9.5,,0,0,0,0,0,0,0,0,0,,583,94,,0,0,0,0
1604109719387,9,1010123456010,71,,1,1,2,1,0,,16.4643,28,0,0.031936,12,0,0.1,,0,0,0,0,0,0,0,0,0,,32,22,,0,0,0,0
1604109719637,9,1010123456010,71,,1,1,2,1,0,,17.6,5,315,0.005344,2,0,2,,0,0,0,0,0,0,0,0,0,,-112,236,,0,0,0,0
1604109719887,9,1010123456010,71,,1,1,2,1,0,,9.78505,107,0,0.050496,42,0,7,,0.1,21,0,0.1,9,0,0,4.47539,31,,366,244,,0,0,0,1.28571
1604109720137,9,1010123456010,71,,1,1,2,1,0,,9.37795,127,0,0.056928,50,0,0.1,,0,0,0,0,0,0,0,0,0,,850,138,,0,0,0,0
1604109720387,9,1010123456010,71,,1,1,2,1,0,,9.69863,73,0,0.033792,29,0,0.1,,0.387097,31,0,0.1,12,16.6667,0,3.92347,31,,332,68,,0,0,0,2.16129
1604109720637,9,1010123456010,71,,1,1,2,1,0,,11.5556,9,315,0.005632,4,0,4.5,,0,0,0,0,0,0,0,0,0,,-26,140,,0,0,0,0
1604109720887,9,1010123456010,71,,1,1,2,1,0,,0,0,1567,0,0,0,0.1,,0,0,0,0,0,0,0,0,0,,-250,374,,0,0,0,0
1604109721137,9,1010123456010,71,,1,1,2,1,0,,0,0,3288,0,0,0,0.1,,0,0,0,0,0,0,0,0,0,,-250,308,,0,0,0,0
1604109721387,9,1010123456010,71,,1,1,2,1,0,,2.88764,178,3623,0.024224,64,0,4,,0.1,13,1147,0.1,5,0,0,3.15657,31,,-250,300,,0,0,0,1.46154
1604109721637,9,1010123456010,71,,1,1,2,1,0,,8.38922,334,0,0.153088,143,0,6.25,,0,5,0,0.1,3,0,0,0,0,,361,310,,0,0,0,0
1604109721887,9,1010123456010,71,,1,1,2,1,0,,17.1724,29,0,0.031808,12,0,8.5,,0,0,0,0,0,0,0,0,0,,35,32,,0,0,0,0
1604109722137,9,1010123456010,71,,1,1,2,1,0,,17.25,40,37,0.037376,14,0,0.1,,0,0,0,0,0,0,0,0,0,,73,30,,0,0,0,0
1604109722387,9,1010123456010,71,,1,1,2,1,0,,14.9851,67,0,0.059072,26,0,9,,0,0,0,0,0,0,0,0,0,,213,58,,0,0,0,0
1604109722637,9,1010123456010,71,,1,1,2,1,0,,7.95732,164,0,0.069216,68,0,5,,0.1,14,0,0.1,6,0,0,2.87861,31,,418,136,,0,0,0,1
1604109722887,9,1010123456010,71,,1,1,2,1,0,,5.30409,171,0,0.044032,69,0,5,,0,0,0,0,0,0,0,0,0,,998,174,,0,0,0,0
1604109723137,9,1010123456010,71,,1,1,2,1,0,,4.60428,187,397,0.03872,68,0,4.5,,0,0,0,0,0,0,0,0,0,,167,230,,0,0,0,0
1604109723387,9,1010123456010,71,,1,1,2,1,0,,4.41956,317,224,0.067744,129,0,4.5,,0.1,28,0,0.1,11,9.09091,0,3.06811,31,,127,392,,0,0,0,2.25
1604109723637,9,1010123456010,71,,1,1,2,1,0,,3.55,200,842,0.03824,87,0,4,,0,0,0,0,0,0,0,0,0,,186,382,,0,0,0,0
1604109723887,9,1010123456010,71,,1,1,2,1,0,,3.69509,387,247,0.066368,146,0,0.1,,0,0,0,0,0,0,0,0,0,,-250,436,,0,0,0,0
1604109724137,9,1010123456010,71,,1,1,2,1,0,,3.44781,297,686,0.053568,124,0,4,,0,0,0,0,0,0,0,0,0,,-250,402,,0,0,0,0
1604109724387,9,1010123456010,71,,1,1,2,1,0,,7.21429,168,0,0.0611084,68,0,4,,0,18,0,0.1,9,0,0,0,31,,-53,406,,0,0,0,0
1604109724637,9,1010123456010,71,,1,1,2,1,0,,5.75177,141,70,0.038816,53,0,4,,0,0,0,0,0,0,0,0,0,,923,162,,0,0,0,0
1604109724887,9,1010123456010,71,,1,1,2,1,0,,6.37097,124,0,0.039776,51,0,4.66667,,0,0,0,0,0,0,0,0,0,,473,142,,0,0,0,0
1604109725137,9,1010123456010,71,,1,1,2,1,0,,4.27848,158,633,0.030368,57,0,4.5,,0,0,0,0,0,0,0,0,0,,693,286,,0,0,0,0
1604109725387,9,1010123456010,71,,1,1,2,1,0,,3.56845,336,238,0.060768,137,0,4,,1.39286,28,0,0.1,10,0,0,6.10136,31,,118,414,,0,0,0,1.21429
1604109725637,9,1010123456010,71,,1,1,2,1,0,,3.80729,192,222,0.037408,81,0,4,,0,0,0,0,0,0,0,0,0,,655,442,,0,0,0,0
1604109725887,9,1010123456010,71,,1,1,2,1,0,,3.66409,259,389,0.047264,105,0,4,,0,0,0,0,0,0,0,0,0,,-250,388,,0,0,0,0
1604109726137,9,1010123456010,71,,1,1,2,1,0,,3.55102,245,519,0.044288,100,0,4,,0,0,0,0,0,0,0,0,0,,-250,400,,0,0,0,0
1604109726387,9,1010123456010,71,,1,1,2,1,0,,3.50867,173,1551,0.03136,72,0,4,,0.5,24,0,0.1,8,0,0,3.92999,31,,-250,374,,0,0,0,1
1604109726637,9,1010123456010,71,,1,1,2,1,0,,2.92876,379,1545,0.058304,152,0,3.66667,,0,0,0,0,0,0,0,0,0,,-250,418,,0,0,0,0
1604109726887,9,1010123456010,71,,1,1,2,1,0,,3.53547,437,158,0.079136,181,0,4,,0,0,0,0,0,0,0,0,0,,-250,478,,0,0,0,0
1604109727137,9,1010123456010,71,,1,1,2,1,0,,2.82133,347,459,0.052704,137,0,3.33333,,0,0,0,0,0,0,0,0,0,,749,364,,0,0,0,0
1604109727387,9,1010123456010,71,,1,1,2,1,0,,1.23098,368,854,0.036576,149,0,3.2,,0.6875,32,0,0.1,11,9.09091,0,4.84772,31,,-250,428,,0,0,0,1.9375
1604109727637,9,1010123456010,71,,1,1,2,1,0,,1,437,1113,0.038976,174,0,3,,0,0,0,0,0,0,0,0,0,,-250,434,,0,0,0,0
1604109727887,9,1010123456010,71,,1,1,2,1,0,,1,5,1420,0.001792,8,0,0.1,,0,0,0,0,0,0,0,0,0,,-250,476,,0,0,0,0
1604109728137,9,1010123456010,71,,1,1,2,1,0,,0,0,2985,0,0,0,0.1,,0,0,0,0,0,0,0,0,0,,-250,408,,0,0,0,0
1604109728387,9,1010123456010,71,,1,1,2,1,0,,0,0,4080,0,0,0,0.1,,0,0,0,0,0,0,0,0,0,,-250,428,,0,0,0,0
1604109728637,9,1010123456010,71,,1,1,2,1,0,,0,0,4863,0,0,0,0.1,,0,0,0,0,0,0,0,0,0,,-250,450,,0,0,0,0
1604109728887,9,1010123456010,71,,1,1,2,1,0,,15.8429,210,300,0.191904,82,0,6.5,,0,0,0,0,0,0,0,0,0,,1,322,,0,0,0,0
1604109729137,9,1010123456010,71,,1,1,2,1,0,,1,91,1441,0.00784,35,0,3,,0,0,0,0,0,0,0,0,0,,-250,422,,0,0,0,0
1604109729387,9,1010123456010,71,,1,1,2,1,0,,1,345,2124,0.030912,138,0,3,,0.710526,38,0,0.1,13,0,0,5.47305,31,,-250,418,,0,0,0,1.15789
1604109729637,9,1010123456010,71,,1,1,2,1,0,,1,330,2816,0.028896,129,0,3,,0,0,0,0,0,0,0,0,0,,-250,408,,0,0,0,0
1604109729887,9,1010123456010,71,,1,1,2,1,0,,1,428,3400,0.038528,172,0,3,,0,0,0,0,0,0,0,0,0,,-250,434,,0,0,0,0
1604109730137,9,1010123456010,71,,1,1,2,1,0,,1,340,4387,0.031136,139,0,3,,0,0,0,0,0,0,0,0,0,,-250,396,,0,0,0,0
1604109730387,9,1010123456010,71,,1,1,2,1,0,,6.62893,318,3029,0.105632,129,0,4.75,,0,16,0,0.1,8,0,0,0,31,,-250,398,,0,0,0,0
1604109730637,9,1010123456010,71,,1,1,2,1,0,,1,481,3385,0.042784,191,0,3,,0,0,0,0,0,0,0,0,0,,-250,428,,0,0,0,0
1604109730887,9,1010123456010,71,,1,1,2,1,0,,1,383,4486,0.035168,157,0,3,,0,0,0,0,0,0,0,0,0,,-250,416,,0,0,0,0
1604109731137,9,1010123456010,71,,1,1,2,1,0,,1,370,4814,0.034272,153,0,3,,0,0,0,0,0,0,0,0,0,,-250,434,,0,0,0,0
1604109731387,9,1010123456010,71,,1,1,2,1,0,,1,226,6262,0.019264,86,0,3,,0,18,0,0.1,9,0,0,0,31,,-250,356,,0,0,0,0
1604109731637,9,1010123456010,71,,1,1,2,1,0,,1,341,6468,0.030912,138,0,3,,0,0,0,0,0,0,0,0,0,,-250,456,,0,0,0,0
1604109731887,9,1010123456010,71,,1,1,2,1,0,,1,391,7412,0.034944,156,0,3,,0,0,0,0,0,0,0,0,0,,-250,412,,0,0,0,0
1604109732137,9,1010123456010,71,,1,1,2,1,0,,1,269,8965,0.024864,111,0,3,,0,0,0,0,0,0,0,0,0,,-250,368,,0,0,0,0
1604109732387,9,1010123456010,71,,1,1,2,1,0,,1,414,9550,0.03696,165,0,3,,2.54545,33,0,0.1,14,42.8571,0,3.4457,31,,-250,430,,0,0,0,5.09091
1604109732637,9,1010123456010,71,,1,1,2,1,0,,1,372,9723,0.0336,150,0,3,,0,0,0,0,0,0,0,0,0,,-250,420,,0,0,0,0
1604109732887,9,1010123456010,71,,1,1,2,1,0,,1,381,10352,0.03584,160,0,3,,0,0,0,0,0,0,0,0,0,,-250,412,,0,0,0,0
1604109733137,9,1010123456010,71,,1,1,2,1,0,,1,323,11530,0.027776,124,0,3,,0,0,0,0,0,0,0,0,0,,-250,408,,0,0,0,0
1604109733387,9,1010123456010,71,,1,1,2,1,0,,1,413,12597,0.038528,172,0,3,,0.230769,26,0,0.1,9,0,0,5.80242,31,,-250,404,,0,0,0,1
1604109733637,9,1010123456010,71,,1,1,2,1,0,,1,427,12692,0.037856,169,0,3,,0,0,0,0,0,0,0,0,0,,-250,464,,0,0,0,0
1604109733887,9,1010123456010,71,,1,1,2,1,0,,1.75,520,12745,0.061184,214,0,3.28571,,0,0,0,0,0,0,0,0,0,,-250,440,,0,0,0,0
1604109734137,9,1010123456010,71,,1,1,2,1,0,,1.74257,505,12652,0.058528,203,0,3.33333,,0,0,0,0,0,0,0,0,0,,-250,454,,0,0,0,0
1604109734387,9,1010123456010,71,,1,1,4,1,0,,1.15479,491,11365,0.092768,197,0,3.5,,0,8,0,0.1,4,0,0,0,31,,-250,760,,0,0,0,0
1604109734637,9,1010123456010,71,,1,1,4,1,0,,1.39683,441,9742,0.1072,175,0,3.25,,0,0,0,0,0,0,0,0,0,,-250,826,,0,0,0,0
1604109734887,9,1010123456010,71,,1,1,4,1,0,,2.95421,546,6149,0.19232,223,0,3.83333,,0,0,0,0,0,0,0,0,0,,-250,902,,0,0,0,0
1604109735137,9,1010123456010,71,,1,1,4,1,0,,2.58388,459,4160,0.148512,183,0,3.5,,0,0,0,0,0,0,0,0,0,,-250,838,,0,0,0,0
1604109735387,9,1010123456010,71,,1,1,4,1,0,,0.807339,545,2521,0.11776,223,0,0.1,,7.5,6,0,0.1,2,0,0,12.148,31,,-250,908,,0,0,0,1
1604109735637,9,1010123456010,71,,1,1,4,1,0,,0.818,500,1314,0.101568,193,0,0.1,,0,2,0,0.1,1,0,0,0,31,,-250,862,,0,0,0,0
1604109735887,9,1010123456010,71,,1,1,4,1,0,,0.812672,363,126,0.076544,144,0,3,,0,0,0,0,0,0,0,0,0,,-135,656,,0,0,0,0
1604109736137,9,1010123456010,71,,1,1,4,1,0,,0.811644,292,231,0.063488,120,0,3,,0,0,0,0,0,0,0,0,0,,-63,528,,0,0,0,0
1604109736387,9,1010123456010,71,,1,1,4,1,0,,0.79661,177,0,0.038912,75,0,3,,4.44444,9,0,0.1,4,0,0,8.70451,31,,206,312,,0,0,0,1
1604109736637,9,1010123456010,71,,1,1,4,1,0,,0.802508,319,0,0.064768,124,0,3,,0,0,0,0,0,0,0,0,0,,89,590,,0,0,0,0
1604109736887,9,1010123456010,71,,1,1,4,1,0,,0.844444,135,144,0.028928,57,0,3,,0,0,0,0,0,0,0,0,0,,182,224,,0,0,0,0
1604109737137,9,1010123456010,71,,1,1,4,1,0,,0.791667,312,32,0.061664,118,0,3,,0,0,0,0,0,0,0,0,0,,249,548,,0,0,0,0
1604109737387,9,1010123456010,71,,1,1,4,1,0,,0.514403,243,0,0.04752,103,0,2.5,,4.57143,7,0,0.1,3,0,0,9.37117,31,,147,408,,0,0,0,1
1604109737637,9,1010123456010,71,,1,1,4,1,0,,1.34254,181,170,0.041056,70,0,3.5,,0,0,0,0,0,0,0,0,0,,36,340,,0,0,0,0
1604109737887,9,1010123456010,71,,1,1,4,1,0,,2.19474,190,46,0.053664,72,0,3.5,,0,0,0,0,0,0,0,0,0,,405,298,,0,0,0,0
1604109738137,9,1010123456010,71,,1,1,4,1,0,,0.786982,169,0,0.038688,73,0,0.1,,0,0,0,0,0,0,0,0,0,,175,306,,0,0,0,0
1604109738387,9,1010123456010,71,,1,1,4,1,0,,3.42781,187,0,0.071328,70,0,4.66667,,2.875,8,0,0.1,3,0,0,6.64083,31,,374,312,,0,0,0,1.375
1604109738637,9,1010123456010,71,,1,1,4,1,0,,1.69767,172,158,0.047712,74,0,3.5,,0,0,0,0,0,0,0,0,0,,170,274,,0,0,0,0
1604109738887,9,1010123456010,71,,1,1,4,1,0,,3.55396,139,22,0.046592,50,0,4,,0,0,0,0,0,0,0,0,0,,618,268,,0,0,0,0
1604109739137,9,1010123456010,71,,1,1,4,1,0,,3.38559,236,0,0.088032,98,0,4,,0,0,0,0,0,0,0,0,0,,600,374,,0,0,0,0
1604109739387,9,1010123456010,71,,1,1,4,1,0,,3.53077,130,0,0.046848,51,0,0.1,,3,12,0,0.1,5,0,0,7.35222,31,,341,222,,0,0,0,1.25
1604109739637,9,1010123456010,71,,1,1,4,1,0,,2.19718,71,237,0.018336,26,0,3.5,,0,0,0,0,0,0,0,0,0,,121,132,,0,0,0,0
1604109739887,9,1010123456010,71,,1,1,4,1,0,,3.64052,153,22,0.053824,61,0,4,,0,0,0,0,0,0,0,0,0,,529,266,,0,0,0,0
1604109740137,9,1010123456010,71,,1,1,4,1,0,,3.52857,70,0,0.028352,32,0,0.1,,0,0,0,0,0,0,0,0,0,,203,108,,0,0,0,0
1604109740387,9,1010123456010,71,,1,1,4,1,0,,2.58621,174,0,0.054432,72,0,3.66667,,4.54545,11,0,0.1,4,0,0,9.59557,31,,469,288,,0,0,0,1
1604109740637,9,1010123456010,71,,1,1,4,1,0,,2.93519,108,0,0.03568,44,0,2.5,,0,0,0,0,0,0,0,0,0,,408,214,,0,0,0,0
1604109740887,9,1010123456010,71,,1,1,4,1,0,,1.42918,233,0,0.057376,95,0,3.33333,,0,0,0,0,0,0,0,0,0,,89,550,,0,0,0,0
1604109741137,9,1010123456010,71,,1,1,4,1,0,,0.794393,321,294,0.06672,127,0,3,,0,0,0,0,0,0,0,0,0,,295,606,,0,0,0,0
1604109741387,9,1010123456010,71,,1,1,4,1,0,,4.20619,97,0,0.050688,42,0,9.5,,0,0,0,0,0,0,0,0,0,,152,182,,0,0,0,0
1604109741637,9,1010123456010,71,,1,1,4,1,0,,18,15,0,0.030912,6,0,0.1,,0,0,0,0,0,0,0,0,0,,18,24,,0,0,0,0
1604109741887,9,1010123456010,71,,1,1,4,1,0,,18,16,0,0.036064,7,0,0.1,,0,0,0,0,0,0,0,0,0,,23,28,,0,0,0,0
1604109742137,9,1010123456010,71,,1,1,4,1,0,,16.6,25,0,0.041536,10,0,0.1,,0,0,0,0,0,0,0,0,0,,43,32,,0,0,0,0
1604109742387,9,1010123456010,71,,1,1,4,1,0,,24,12,0,0.036768,5,0,0.1,,0,0,0,0,0,0,0,0,0,,41,18,,0,0,0,0
1604109742637,9,1010123456010,71,,1,1,4,1,0,,17.2188,32,0,0.047008,13,0,0.1,,0,0,0,0,0,0,0,0,0,,42,34,,0,0,0,0
1604109742887,9,1010123456010,71,,1,1,4,1,0,,17.1818,33,0,0.052032,12,0,0.1,,0,0,0,0,0,0,0,0,0,,41,44,,0,0,0,0
1604109743137,9,1010123456010,71,,1,1,4,1,0,,20.1429,14,0,0.03168,6,0,0.1,,0,0,0,0,0,0,0,0,0,,19,22,,0,0,0,0
1604109743387,9,1010123456010,71,,1,1,4,1,0,,16.0588,17,0,0.031424,8,0,0.1,,0,0,0,0,0,0,0,0,0,,27,20,,0,0,0,0
1604109743637,9,1010123456010,71,,1,1,4,1,0,,4.5119,84,144,0.04448,33,0,3,,0,0,0,0,0,0,0,0,0,,65,128,,0,0,0,0
1604109743887,9,1010123456010,71,,1,1,4,1,0,,1.60116,173,0,0.04432,70,0,3.5,,5.91304,23,0,0.1,11,27.2727,0,7.31879,31,,93,288,,0,0,0,3.69565
1604109744137,9,1010123456010,71,,1,1,4,1,0,,5.82667,75,0,0.054528,31,0,9,,0,0,0,0,0,0,0,0,0,,63,124,,0,0,0,0
1604109744387,9,1010123456010,71,,1,1,4,1,0,,15.6,40,0,0.064992,15,0,0.1,,0,0,0,0,0,0,0,0,0,,66,58,,0,0,0,0
1604109744637,9,1010123456010,71,,1,1,4,1,0,,13.9773,44,0,0.060512,18,0,0.1,,0,0,0,0,0,0,0,0,0,,111,60,,0,0,0,0
1604109744887,9,1010123456010,71,,1,1,4,1,0,,15.2609,23,0,0.041792,10,0,0.1,,0,0,0,0,0,0,0,0,0,,38,40,,0,0,0,0
1604109745137,9,1010123456010,71,,1,1,4,1,0,,14.7647,34,0,0.052416,14,0,0.1,,0,0,0,0,0,0,0,0,0,,71,52,,0,0,0,0
1604109745387,9,1010123456010,71,,1,1,4,1,0,,15.5,24,0,0.036288,9,0,0.1,,0,0,0,0,0,0,0,0,0,,55,32,,0,0,0,0
1604109745637,9,1010123456010,71,,1,1,4,1,0,,15.8108,37,0,0.052064,13,0,0.1,,0,0,0,0,0,0,0,0,0,,81,48,,0,0,0,0
1604109745887,9,1010123456010,71,,1,1,4,1,0,,7.2,45,0,0.033344,19,0,6,,3.53846,13,0,0.1,5,0,0,9.29402,31,,175,76,,0,0,0,1
1604109746137,9,1010123456010,71,,1,1,4,1,0,,7.75556,45,0,0.032832,18,0,0.1,,0,0,0,0,0,0,0,0,0,,149,66,,0,0,0,0
1604109746387,9,1010123456010,71,,1,1,4,1,0,,7.55208,96,0,0.055488,37,0,0.1,,4.88889,9,0,0.1,4,0,0,11.1215,31,,354,124,,0,0,0,1
1604109746637,9,1010123456010,71,,1,1,4,1,0,,7.57692,52,0,0.032832,20,0,0.1,,0,0,0,0,0,0,0,0,0,,175,72,,0,0,0,0
1604109746887,9,1010123456010,71,,1,1,4,1,0,,8.45455,66,0,0.048768,26,0,4,,0,0,0,0,0,0,0,0,0,,263,92,,0,0,0,0
1604109747137,9,1010123456010,71,,1,1,4,1,0,,3.25455,110,0,0.040928,45,0,4,,0,0,0,0,0,0,0,0,0,,185,184,,0,0,0,0
1604109747387,9,1010123456010,71,,1,1,4,1,0,,10.1463,41,0,0.032064,14,0,12.5,,0,0,0,0,0,0,0,0,0,,59,56,,0,0,0,0
1604109747637,9,1010123456010,71,,1,1,4,1,0,,2.40909,132,102,0.047008,53,0,3,,4.57143,7,0,0.1,3,0,0,11.0031,31,,205,238,,0,0,0,1
1604109747887,9,1010123456010,71,,1,1,4,1,0,,3.26667,45,0,0.017536,20,0,11,,0,0,0,0,0,0,0,0,0,,135,68,,0,0,0,0
1604109748137,9,1010123456010,71,,1,1,4,1,0,,8,57,0,0.038208,22,0,5,,0,0,0,0,0,0,0,0,0,,219,82,,0,0,0,0
1604109748387,9,1010123456010,71,,1,1,4,1,0,,1.76842,190,327,0.04896,75,0,3,,7.6,5,0,0.1,2,0,0,11.9761,31,,339,356,,0,0,0,1
1604109748638,9,1010123456010,71,,1,1,4,1,0,,1.66541,266,0,0.0694183,107,0,3.33333,,0,0,0,0,0,0,0,0,0,,104,514,,0,0,0,0
1604109748887,9,1010123456010,71,,1,1,4,1,0,,3.375,32,0,0.011759,13,0,7,,0,0,0,0,0,0,0,0,0,,44,50,,0,0,0,0
1604109749137,9,1010123456010,71,,1,1,4,1,0,,1.2043,93,123,0.019648,32,0,1.33333,,0,0,0,0,0,0,0,0,0,,96,152,,0,0,0,0
1604109749387,9,1010123456010,71,,1,1,4,1,0,,1.75269,93,0,0.025504,42,0,4,,4.375,8,0,0.1,3,0,0,12.2267,31,,286,148,,0,0,0,1
1604109749637,9,1010123456010,71,,1,1,4,1,0,,1.61538,195,0,0.047328,72,0,3,,0,0,0,0,0,0,0,0,0,,301,326,,0,0,0,0
1604109749887,9,1010123456010,71,,1,1,4,1,0,,3.7,20,102,0.008864,12,0,4,,0,0,0,0,0,0,0,0,0,,61,32,,0,0,0,0
1604109750137,9,1010123456010,71,,1,1,4,1,0,,0.826866,335,119,0.066752,132,0,3,,0,0,0,0,0,0,0,0,0,,135,666,,0,0,0,0
1604109750387,9,1010123456010,71,,1,1,4,1,0,,2.46377,138,0,0.043488,63,0,4,,3.1,10,0,0.1,4,0,0,9.66366,31,,402,234,,0,0,0,1
1604109750637,9,1010123456010,71,,1,1,4,1,0,,3.62857,105,102,0.035008,39,0,0.1,,0,0,0,0,0,0,0,0,0,,325,156,,0,0,0,0
1604109750887,9,1010123456010,71,,1,1,4,1,0,,2.34562,217,0,0.066656,90,0,3.5,,0,0,0,0,0,0,0,0,0,,501,358,,0,0,0,0
1604109751137,9,1010123456010,71,,1,1,4,1,0,,3.58878,107,10,0.033408,37,0,4,,0,0,0,0,0,0,0,0,0,,181,252,,0,0,0,0
1604109751387,9,1010123456010,71,,1,1,4,1,0,,3.45455,132,0,0.054208,60,0,4,,4.57143,7,0,0.1,3,0,0,9.44309,31,,110,288,,0,0,0,1
1604109751637,9,1010123456010,71,,1,1,4,1,0,,3.47783,203,102,0.0704,78,0,4,,0,0,0,0,0,0,0,0,0,,410,348,,0,0,0,0
1604109751887,9,1010123456010,71,,1,1,4,1,0,,1.87755,245,0,0.068192,100,0,3.5,,0,0,0,0,0,0,0,0,0,,234,408,,0,0,0,0
1604109752137,9,1010123456010,71,,1,1,4,1,0,,5.88889,45,0,0.022784,18,0,6,,0,0,0,0,0,0,0,0,0,,215,108,,0,0,0,0
1604109752387,9,1010123456010,71,,1,1,4,1,0,,8,15,0,0.010816,6,0,0.1,,0,0,0,0,0,0,0,0,0,,39,20,,0,0,0,0
1604109752637,9,1010123456010,71,,1,1,4,1,0,,4.11321,106,0,0.040512,41,0,4,,7,5,0,0.1,2,0,0,8.80115,31,,334,164,,0,0,0,1.6
1604109752887,9,1010123456010,71,,1,1,4,1,0,,3.36842,114,0,0.04096,46,0,11,,0,0,0,0,0,0,0,0,0,,54,214,,0,0,0,0
1604109753137,9,1010123456010,71,,1,1,4,1,0,,16.9583,24,0,0.046592,10,0,0.1,,0,0,0,0,0,0,0,0,0,,44,42,,0,0,0,0
1604109753387,9,1010123456010,71,,1,1,4,1,0,,16.2632,19,0,0.031072,7,0,10,,0,0,0,0,0,0,0,0,0,,41,26,,0,0,0,0
1604109753637,9,1010123456010,71,,1,1,4,1,0,,18,8,0,0.020608,4,0,0.1,,0,0,0,0,0,0,0,0,0,,16,12,,0,0,0,0
1604109753887,9,1010123456010,71,,1,1,4,1,0,,15.3548,31,0,0.0368,12,0,0.1,,0,0,0,0,0,0,0,0,0,,60,36,,0,0,0,0
1604109754137,9,1010123456010,71,,1,1,4,1,0,,16.2632,19,0,0.031072,7,0,2,,0,0,0,0,0,0,0,0,0,,37,26,,0,0,0,0
1604109754387,9,1010123456010,71,,1,1,4,1,0,,0.1,320,515,0.044,125,0,0.1,,5.125,24,0,0.1,8,0,0,11.0875,31,,98,620,,0,0,0,1
1604109754637,9,1010123456010,71,,1,1,4,1,0,,1.78698,169,0,0.047104,74,0,3.5,,0,0,0,0,0,0,0,0,0,,172,388,,0,0,0,0
1604109754887,9,1010123456010,71,,1,1,4,1,0,,3.65926,135,0,0.052096,55,0,0.1,,0,0,0,0,0,0,0,0,0,,171,326,,0,0,0,0
1604109755137,9,1010123456010,71,,1,1,4,1,0,,3.16814,113,168,0.03776,43,0,4,,0,0,0,0,0,0,0,0,0,,166,312,,0,0,0,0
1604109755387,9,1010123456010,71,,1,1,4,1,0,,3.32353,170,0,0.062368,70,0,4,,0,6,0,0.1,3,0,0,0,31,,518,372,,0,0,0,0
1604109755637,9,1010123456010,71,,1,1,4,1,0,,3.576,125,478,0.043488,47,0,4,,0,0,0,0,0,0,0,0,0,,352,318,,0,0,0,0
1604109755887,9,1010123456010,71,,1,1,4,1,0,,1.86932,176,895,0.048416,72,0,2.66667,,0,0,0,0,0,0,0,0,0,,96,404,,0,0,0,0
1604109756137,9,1010123456010,71,,1,1,4,1,0,,1.41758,273,0,0.061952,105,0,3.4,,0,0,0,0,0,0,0,0,0,,-205,764,,0,0,0,0
1604109756387,9,1010123456010,71,,1,1,4,1,0,,6.78571,42,0,0.033344,23,0,6.5,,0,0,0,0,0,0,0,0,0,,124,70,,0,0,0,0
1604109756637,9,1010123456010,71,,1,1,4,1,0,,16.9808,52,0,0.10336,22,0,0.1,,0,0,0,0,0,0,0,0,0,,163,80,,0,0,0,0
1604109756887,9,1010123456010,71,,1,1,4,1,0,,15.129,31,0,0.042112,11,0,0.1,,0,0,0,0,0,0,0,0,0,,81,44,,0,0,0,0
1604109757137,9,1010123456010,71,,1,1,4,1,0,,12.8462,39,0,0.04224,15,0,0.1,,0,0,0,0,0,0,0,0,0,,103,52,,0,0,0,0
1604109757387,9,1010123456010,71,,1,1,4,1,0,,12.2143,42,0,0.048,19,0,0.1,,0,0,0,0,0,0,0,0,0,,81,50,,0,0,0,0
1604109757637,9,1010123456010,71,,1,1,4,1,0,,12.2609,23,0,0.026688,10,0,9,,0,0,0,0,0,0,0,0,0,,48,32,,0,0,0,0
1604109757887,9,1010123456010,71,,1,1,4,1,0,,15.1935,31,0,0.046976,12,0,0.1,,0,0,0,0,0,0,0,0,0,,62,44,,0,0,0,0
1604109758137,9,1010123456010,71,,1,1,4,1,0,,14,7,0,0.010592,3,0,0.1,,0,0,0,0,0,0,0,0,0,,12,12,,0,0,0,0
1604109758387,9,1010123456010,71,,1,1,4,1,0,,14.9091,33,0,0.047104,13,0,0.1,,0,0,0,0,0,0,0,0,0,,56,44,,0,0,0,0
1604109758637,9,1010123456010,71,,1,1,4,1,0,,14.75,28,0,0.031488,9,0,0.1,,0,0,0,0,0,0,0,0,0,,65,38,,0,0,0,0
1604109758887,9,1010123456010,71,,1,1,4,1,0,,14.6364,22,0,0.031616,11,0,0.1,,0,0,0,0,0,0,0,0,0,,53,28,,0,0,0,0
1604109759137,9,1010123456010,71,,1,1,4,1,0,,13.5385,13,0,0.015776,5,0,0.1,,0,0,0,0,0,0,0,0,0,,28,16,,0,0,0,0
1604109759387,9,1010123456010,71,,1,1,4,1,0,,2.78191,188,186,0.062592,70,0,3.75,,4.33333,9,296,0.1,3,0,0,9.63176,31,,205,434,,0,0,0,1
1604109759637,9,1010123456010,71,,1,1,4,1,0,,0.83815,173,95,0.036352,67,0,3,,3.875,24,0,0.1,8,12.5,0,8.61757,0,,157,350,,0,0,0,2.125
1604109759887,9,1010123456010,71,,1,1,4,1,0,,0.785714,84,0,0.02032,39,0,3,,0,0,0,0,0,0,0,0,0,,154,156,,0,0,0,0
1604109760137,9,1010123456010,71,,1,1,4,1,0,,0.766917,266,398,0.05312,103,0,3,,0,0,0,0,0,0,0,0,0,,298,602,,0,0,0,0
1604109760387,9,1010123456010,71,,1,1,4,1,0,,0.787425,334,0,0.07344,141,0,3,,2.88889,9,0,0.1,4,0,0,6.64867,31,,97,642,,0,0,0,3
1604109760637,9,1010123456010,71,,1,1,4,1,0,,0.769231,65,0,0.013632,26,0,0.1,,0,0,0,0,0,0,0,0,0,,133,104,,0,0,0,0
1604109760887,9,1010123456010,71,,1,1,4,1,0,,0.798206,223,0,0.04688,90,0,3,,0,0,0,0,0,0,0,0,0,,279,380,,0,0,0,0
1604109761137,9,1010123456010,71,,1,1,4,1,0,,0.774295,319,0,0.064224,123,0,3,,0,0,0,0,0,0,0,0,0,,88,536,,0,0,0,0
1604109761387,9,1010123456010,71,,1,1,4,1,0,,0.833333,108,102,0.022272,43,0,0.1,,3.9,10,0,0.1,4,0,0,7.90722,31,,159,168,,0,0,0,1
1604109761637,9,1010123456010,71,,1,1,4,1,0,,16.9444,36,0,0.068736,20,0,12,,0,0,0,0,0,0,0,0,0,,56,66,,0,0,0,0
1604109761887,9,1010123456010,71,,1,1,4,1,0,,18.2667,15,0,0.026048,6,0,0.1,,0,0,0,0,0,0,0,0,0,,23,18,,0,0,0,0
1604109762137,9,1010123456010,71,,1,1,4,1,0,,16.8846,26,0,0.046528,10,0,0.1,,0,0,0,0,0,0,0,0,0,,43,38,,0,0,0,0
1604109762387,9,1010123456010,71,,1,1,4,1,0,,18.2857,28,158,0.036608,10,0,0.1,,0,0,0,0,0,0,0,0,0,,43,32,,0,0,0,0
1604109762637,9,1010123456010,71,,1,1,4,1,0,,14.1053,19,0,0.026176,8,0,0.1,,0,0,0,0,0,0,0,0,0,,27,24,,0,0,0,0
1604109762887,9,1010123456010,71,,1,1,4,1,0,,17.3846,26,0,0.041664,10,0,0.1,,0,0,0,0,0,0,0,0,0,,50,36,,0,0,0,0
1604109763137,9,1010123456010,71,,1,1,4,1,0,,18,20,0,0.046368,9,0,0.1,,0,0,0,0,0,0,0,0,0,,36,36,,0,0,0,0
1604109763387,9,1010123456010,71,,1,1,4,1,0,,17.2,25,0,0.046752,11,0,0.1,,0,0,0,0,0,0,0,0,0,,39,34,,0,0,0,0
1604109763637,9,1010123456010,71,,1,1,4,1,0,,18,10,0,0.020608,4,0,13,,0,0,0,0,0,0,0,0,0,,18,16,,0,0,0,0
1604109763887,9,1010123456010,71,,1,1,4,1,0,,18,28,0,0.056704,11,0,0.1,,0,0,0,0,0,0,0,0,0,,51,42,,0,0,0,0
1604109764137,9,1010123456010,71,,1,1,4,1,0,,17.4737,19,0,0.031456,8,0,0.1,,0,0,0,0,0,0,0,0,0,,36,24,,0,0,0,0
1604109764387,9,1010123456010,71,,1,1,6,1,0,,2.0202,99,0,0.04,40,0,3,,4.27907,43,0,0.1,16,25,0,6.8395,31,,89,270,,0,0,0,3.62791
1604109764637,9,1010123456010,71,,1,1,6,1,0,,1.4382,89,0,0.02976,36,0,3,,0,0,0,0,0,0,0,0,0,,114,238,,0,0,0,0
1604109764887,9,1010123456010,71,,1,1,6,1,0,,1.5,136,0,0.041344,48,0,3,,0,0,0,0,0,0,0,0,0,,82,416,,0,0,0,0
1604109765137,9,1010123456010,71,,1,1,6,1,0,,1.70909,110,0,0.046752,51,0,3,,0,0,0,0,0,0,0,0,0,,160,330,,0,0,0,0
1604109765387,9,1010123456010,71,,1,1,6,1,0,,1.50909,110,0,0.035552,42,0,0.1,,2.92308,13,0,0.1,5,0,0,7.88221,31,,59,248,,0,0,0,1.23077
1604109765637,9,1010123456010,71,,1,1,6,1,0,,3.16438,73,37,0.028832,27,0,6,,0,0,0,0,0,0,0,0,0,,203,188,,0,0,0,0
1604109765887,9,1010123456010,71,,1,1,6,1,0,,4.75758,66,0,0.03584,24,0,3,,0,0,0,0,0,0,0,0,0,,87,122,,0,0,0,0
1604109766137,9,1010123456010,71,,1,1,6,1,0,,1.49231,130,0,0.044736,55,0,3,,0,0,0,0,0,0,0,0,0,,154,678,,0,0,0,0
1604109766387,9,1010123456010,71,,1,1,6,1,0,,0.539474,152,691,0.038112,54,0,2.5,,0,8,0,0.1,4,0,0,0,31,,-105,878,,0,0,0,0
1604109766637,9,1010123456010,71,,1,1,6,1,0,,1.53586,237,0,0.086528,96,0,3,,0,0,0,0,0,0,0,0,0,,-104,740,,0,0,0,0
1604109766887,9,1010123456010,71,,1,1,6,1,0,,2.51807,83,0,0.034688,34,0,4,,0,0,0,0,0,0,0,0,0,,147,176,,0,0,0,0
1604109767137,9,1010123456010,71,,1,1,6,1,0,,6.27273,66,0,0.048832,26,0,8.5,,0,0,0,0,0,0,0,0,0,,32,184,,0,0,0,0
1604109767387,9,1010123456010,71,,1,1,6,1,0,,16.5714,28,0,0.041696,11,0,13,,0,0,0,0,0,0,0,0,0,,25,32,,0,0,0,0
1604109767637,9,1010123456010,71,,1,1,6,1,0,,16.2059,34,0,0.047232,14,0,0.1,,0,0,0,0,0,0,0,0,0,,42,44,,0,0,0,0
1604109767887,9,1010123456010,71,,1,1,6,1,0,,16.9,20,0,0.021056,7,0,0.1,,0,0,0,0,0,0,0,0,0,,18,20,,0,0,0,0
1604109768137,9,1010123456010,71,,1,1,6,1,0,,17.6667,30,0,0.0672,14,0,0.1,,0,0,0,0,0,0,0,0,0,,53,54,,0,0,0,0
1604109768387,9,1010123456010,71,,1,1,6,1,0,,5.15873,63,62,0.035968,18,0,3,,0,0,0,0,0,0,0,0,0,,15,120,,0,0,0,0
1604109768637,9,1010123456010,71,,1,1,6,1,0,,12.7812,32,0,0.039552,20,0,11,,5,10,0,0.1,4,0,0,8.27858,31,,56,42,,0,0,0,1.3
1604109768887,9,1010123456010,71,,1,1,6,1,0,,17.5161,31,0,0.036928,12,0,12,,0,0,0,0,0,0,0,0,0,,26,28,,0,0,0,0
1604109769137,9,1010123456010,71,,1,1,6,1,0,,18.0833,12,0,0.020768,5,0,0.1,,0,0,0,0,0,0,0,0,0,,13,16,,0,0,0,0
1604109769387,9,1010123456010,71,,1,1,6,1,0,,0,2,0,0.005152,1,0,12,,0,0,0,0,0,0,0,0,0,,3,4,,0,0,0,0
1604109769637,9,1010123456010,71,,1,1,6,1,0,,17.3571,42,0,0.062368,15,0,0.1,,0,0,0,0,0,0,0,0,0,,55,54,,0,0,0,0
1604109769887,9,1010123456010,71,,1,1,6,1,0,,13.6111,36,0,0.05248,15,0,6,,0,0,0,0,0,0,0,0,0,,116,76,,0,0,0,0
1604109770137,9,1010123456010,71,,1,1,6,1,0,,7.41772,79,0,0.059776,30,0,0.1,,2.875,8,0,0.1,3,0,0,10.5943,31,,299,170,,0,0,0,1
1604109770387,9,1010123456010,71,,1,1,6,1,0,,6.94545,55,0,0.043648,24,0,0.1,,0,0,0,0,0,0,0,0,0,,204,112,,0,0,0,0
1604109770637,9,1010123456010,71,,1,1,6,1,0,,8,21,0,0.01632,8,0,0.1,,4.22222,27,0,0.1,12,33.3333,0,8.09063,31,,42,30,,0,0,0,3.74074
1604109770887,9,1010123456010,71,,1,1,6,1,0,,8.15217,46,0,0.042784,18,0,12,,0,0,0,0,0,0,0,0,0,,132,92,,0,0,0,0
1604109771137,9,1010123456010,71,,1,1,6,1,0,,1.87571,177,0,0.080224,74,0,3,,0,0,0,0,0,0,0,0,0,,206,542,,0,0,0,0
1604109771387,9,1010123456010,71,,1,1,6,1,0,,1.49533,107,43,0.03232,41,0,3,,2.90909,22,0,0.1,10,30,0,7.43938,31,,253,320,,0,0,0,3.72727
1604109771637,9,1010123456010,71,,1,1,6,1,0,,1.48361,122,106,0.045056,52,0,3,,0,0,0,0,0,0,0,0,0,,49,734,,0,0,0,0
1604109771887,9,1010123456010,71,,1,1,6,1,0,,1.40244,82,0,0.029504,35,0,0.1,,0,0,0,0,0,0,0,0,0,,136,238,,0,0,0,0
1604109772137,9,1010123456010,71,,1,1,6,1,0,,1.52174,138,115,0.048608,55,0,2.25,,0,0,0,0,0,0,0,0,0,,128,474,,0,0,0,0
1604109772387,9,1010123456010,71,,1,1,6,1,0,,0.680412,97,0,0.028896,40,0,1.5,,1.14286,28,0,0.1,11,0,0,10.6834,31,,118,296,,0,0,0,1.07143
1604109772637,9,1010123456010,71,,1,1,6,1,0,,0.1,152,52,0.032672,55,0,0.1,,0,0,0,0,0,0,0,0,0,,-3,486,,0,0,0,0
1604109772887,9,1010123456010,71,,1,1,6,1,0,,0.622951,183,0,0.054592,77,0,3,,0,0,0,0,0,0,0,0,0,,9,672,,0,0,0,0
1604109773137,9,1010123456010,71,,1,1,6,1,0,,1.53521,71,0,0.023968,29,0,3,,0,0,0,0,0,0,0,0,0,,81,156,,0,0,0,0
1604109773387,9,1010123456010,71,,1,1,6,1,0,,1.49645,141,0,0.047648,56,0,3,,3.2963,27,0,0.1,11,0,0,11.1482,31,,175,330,,0,0,0,1.11111
1604109773637,9,1010123456010,71,,1,1,6,1,0,,4.78889,90,0,0.060192,36,0,7,,0,0,0,0,0,0,0,0,0,,271,266,,0,0,0,0
1604109773887,9,1010123456010,71,,1,1,6,1,0,,2.875,16,98,0.005344,2,0,6.5,,0,0,0,0,0,0,0,0,0,,3,34,,0,0,0,0
1604109774137,9,1010123456010,71,,1,1,6,1,0,,4.30556,36,0,0.02304,18,0,6,,0,0,0,0,0,0,0,0,0,,57,66,,0,0,0,0
1604109774387,9,1010123456010,71,,1,1,6,1,0,,2.1,100,102,0.040224,39,0,4.75,,10.4,5,0,0.1,2,0,0,14.1406,31,,643,538,,0,0,0,1
1604109774637,9,1010123456010,71,,1,1,6,1,0,,1.47525,101,284,0.036032,42,0,3,,0,0,0,0,0,0,0,0,0,,111,304,,0,0,0,0
1604109774887,9,1010123456010,71,,1,1,6,1,0,,2.67665,167,49,0.061248,66,0,6.75,,0,0,0,0,0,0,0,0,0,,33,554,,0,0,0,0
1604109775137,9,1010123456010,71,,1,1,6,1,0,,2.52074,217,0,0.100032,89,0,3,,0,0,0,0,0,0,0,0,0,,266,690,,0,0,0,0
1604109775387,9,1010123456010,71,,1,1,6,1,0,,1.62617,107,220,0.037344,40,0,3,,0,6,0,0.1,3,0,0,0,31,,-101,880,,0,0,0,0
1604109775637,9,1010123456010,71,,1,1,6,1,0,,1.66667,117,0,0.044096,47,0,3,,0,0,0,0,0,0,0,0,0,,260,532,,0,0,0,0
1604109775887,9,1010123456010,71,,1,1,6,1,0,,2.72619,84,0,0.040064,34,0,4.5,,0,0,0,0,0,0,0,0,0,,134,298,,0,0,0,0
1604109776137,9,1010123456010,71,,1,1,6,1,0,,12.5333,45,0,0.048224,16,0,0.1,,0,0,0,0,0,0,0,0,0,,78,72,,0,0,0,0
1604109776387,9,1010123456010,71,,1,1,6,1,0,,5.89655,29,0,0.027072,14,0,4,,9.6,5,0,0.1,2,0,0,11.0476,31,,118,92,,0,0,0,1
1604109776637,9,1010123456010,71,,1,1,6,1,0,,6.56923,65,0,0.032928,19,0,6,,0,0,0,0,0,0,0,0,0,,175,112,,0,0,0,0
1604109776887,9,1010123456010,71,,1,1,6,1,0,,3.54369,103,102,0.068,45,0,3,,0,0,0,0,0,0,0,0,0,,258,328,,0,0,0,0
1604109777137,9,1010123456010,71,,1,1,6,1,0,,1.51899,79,0,0.022304,25,0,0.1,,0,0,0,0,0,0,0,0,0,,57,256,,0,0,0,0
1604109777387,9,1010123456010,71,,1,1,6,1,0,,1.56311,103,441,0.039328,45,0,3,,0,4,0,0.1,2,0,0,0,31,,24,732,,0,0,0,0
1604109777637,9,1010123456010,71,,1,1,6,1,0,,1.77987,159,926,0.066048,67,0,3,,0,0,0,0,0,0,0,0,0,,-250,1122,,0,0,0,0
1604109777887,9,1010123456010,71,,1,1,6,1,0,,1.70149,201,158,0.074912,79,0,3,,0,0,0,0,0,0,0,0,0,,-61,984,,0,0,0,0
1604109778137,9,1010123456010,71,,1,1,6,1,0,,1.57843,204,0,0.06592,76,0,3,,0,0,0,0,0,0,0,0,0,,282,586,,0,0,0,0
1604109778387,9,1010123456010,71,,1,1,6,1,0,,1.68182,66,0,0.022848,26,0,3,,0,4,0,0.1,2,0,0,0,31,,42,300,,0,0,0,0
1604109778637,9,1010123456010,71,,1,1,6,1,0,,5.21429,56,0,0.03936,29,0,4.5,,0,0,0,0,0,0,0,0,0,,192,122,,0,0,0,0
1604109778887,9,1010123456010,71,,1,1,6,1,0,,3.47368,57,0,0.02816,22,0,3,,0,0,0,0,0,0,0,0,0,,161,156,,0,0,0,0
1604109779137,9,1010123456010,71,,1,1,6,1,0,,1.62903,124,488,0.045184,49,0,3,,0,0,0,0,0,0,0,0,0,,294,592,,0,0,0,0
1604109779387,9,1010123456010,71,,1,1,6,1,0,,12.1481,54,0,0.077504,21,0,8,,0,0,0,0,0,0,0,0,0,,108,178,,0,0,0,0
1604109779637,9,1010123456010,71,,1,1,6,1,0,,2.73913,46,0,0.02816,21,0,4.6,,8.2,5,0,0.1,2,0,0,10,31,,81,108,,0,0,0,1
1604109779887,9,1010123456010,71,,1,1,6,1,0,,7.33333,45,0,0.03232,15,0,5.16667,,0,0,0,0,0,0,0,0,0,,98,218,,0,0,0,0
1604109780137,9,1010123456010,71,,1,1,6,1,0,,5.15,20,0,0.016832,11,0,0.1,,0,0,0,0,0,0,0,0,0,,71,36,,0,0,0,0
1604109780387,9,1010123456010,71,,1,1,6,1,0,,2.37349,83,0,0.034016,32,0,3.8,,7.03704,27,0,0.1,11,0,0,13.133,31,,392,410,,0,0,0,1
1604109780637,9,1010123456010,71,,1,1,6,1,0,,3.47692,65,0,0.034336,27,0,4,,0,0,0,0,0,0,0,0,0,,350,270,,0,0,0,0
1604109780887,9,1010123456010,71,,1,1,6,1,0,,3.51304,115,0,0.064992,47,0,3.75,,0,0,0,0,0,0,0,0,0,,134,516,,0,0,0,0
1604109781137,9,1010123456010,71,,1,1,6,1,0,,5.49123,57,0,0.04032,24,0,5.66667,,0,0,0,0,0,0,0,0,0,,174,116,,0,0,0,0
1604109781387,9,1010123456010,71,,1,1,6,1,0,,3.64583,48,0,0.022816,19,0,4,,0,4,0,0.1,2,0,0,0,31,,169,120,,0,0,0,0
1604109781637,9,1010123456010,71,,1,1,6,1,0,,3.20879,91,0,0.0448,37,0,4,,0,0,0,0,0,0,0,0,0,,148,210,,0,0,0,0
1604109781887,9,1010123456010,71,,1,1,6,1,0,,0.109091,55,0,0.012928,22,0,2.66667,,0,0,0,0,0,0,0,0,0,,44,230,,0,0,0,0
1604109782137,9,1010123456010,71,,1,1,6,1,0,,7.21429,14,0,0.010848,6,0,9,,0,0,0,0,0,0,0,0,0,,43,28,,0,0,0,0
1604109782387,9,1010123456010,71,,1,1,6,1,0,,6.62667,75,0,0.053888,26,0,5.5,,0,4,0,0.1,2,0,0,0,31,,273,274,,0,0,0,0
1604109782637,9,1010123456010,71,,1,1,6,1,0,,6,7,0,0.01104,7,0,5.5,,0,0,0,0,0,0,0,0,0,,32,14,,0,0,0,0
1604109782887,9,1010123456010,71,,1,1,6,1,0,,6.81159,69,0,0.054144,27,0,6,,0,0,0,0,0,0,0,0,0,,159,114,,0,0,0,0
1604109783137,9,1010123456010,71,,1,1,6,1,0,,3.6124,129,0,0.067616,51,0,5.5,,0,0,0,0,0,0,0,0,0,,338,322,,0,0,0,0
1604109783387,9,1010123456010,71,,1,1,6,1,0,,5.58621,29,0,0.022016,12,0,5.8,,8.4,5,0,0.1,2,0,0,15.6838,31,,96,54,,0,0,0,1
1604109783637,9,1010123456010,71,,1,1,6,1,0,,1.7971,138,0,0.052416,56,0,6,,0,0,0,0,0,0,0,0,0,,32,428,,0,0,0,0
1604109783887,9,1010123456010,71,,1,1,6,1,0,,5.0921,76,0,0.049216,30,0,3.33333,,0,0,0,0,0,0,0,0,0,,175,160,,0,0,0,0
1604109784137,9,1010123456010,71,,1,1,6,1,0,,3.08696,92,158,0.045504,38,0,3.66667,,0,0,0,0,0,0,0,0,0,,200,254,,0,0,0,0
1604109784387,9,1010123456010,71,,1,1,6,1,0,,3.43697,119,0,0.061696,46,0,8,,11,6,0,0.1,2,0,0,11.8673,31,,276,438,,0,0,0,2
1604109784637,9,1010123456010,71,,1,1,6,1,0,,18.0625,16,0,0.031072,7,0,9.5,,0,0,0,0,0,0,0,0,0,,29,32,,0,0,0,0
1604109784887,9,1010123456010,71,,1,1,6,1,0,,12.5116,43,109,0.057792,18,0,4,,0,0,0,0,0,0,0,0,0,,105,158,,0,0,0,0
1604109785137,9,1010123456010,71,,1,1,6,1,0,,3.07812,64,96,0.030432,25,0,0.1,,0,0,0,0,0,0,0,0,0,,410,340,,0,0,0,0
1604109785387,9,1010123456010,71,,1,1,6,1,0,,2.96825,63,98,0.028864,27,0,3.75,,8,6,0,0.1,2,0,0,11.7343,31,,265,372,,0,0,0,1
1604109785637,9,1010123456010,71,,1,1,6,1,0,,1.52941,17,0,0.009408,8,0,6.5,,0,0,0,0,0,0,0,0,0,,22,66,,0,0,0,0
1604109785887,9,1010123456010,71,,1,1,6,1,0,,5.13333,15,0,0.011072,6,0,5.5,,0,0,0,0,0,0,0,0,0,,43,32,,0,0,0,0
1604109786137,9,1010123456010,71,,1,1,6,1,0,,4.64865,37,0,0.022272,15,0,4.5,,0,0,0,0,0,0,0,0,0,,125,78,,0,0,0,0
1604109786387,9,1010123456010,71,,1,1,6,1,0,,3.55952,84,0,0.03568,31,0,5.5,,7.6,5,0,0.1,2,0,0,15.0317,31,,215,296,,0,0,0,1
1604109786637,9,1010123456010,71,,1,1,6,1,0,,8.83784,37,0,0.036608,18,0,7,,0,0,0,0,0,0,0,0,0,,163,88,,0,0,0,0
1604109786887,9,1010123456010,71,,1,1,6,1,0,,4.51163,86,0,0.055104,34,0,4.8,,0,0,0,0,0,0,0,0,0,,206,462,,0,0,0,0
1604109787137,9,1010123456010,71,,1,1,6,1,0,,3.58696,46,0,0.022464,18,0,5.16667,,0,0,0,0,0,0,0,0,0,,399,232,,0,0,0,0
1604109787387,9,1010123456010,71,,1,1,6,1,0,,10.098,51,0,0.05936,21,0,9,,14,12,0,0,4,100,0,4.43587,0,,97,112,,0,0,0,10
1604109787637,9,1010123456010,71,,1,1,6,1,0,,5.0297,101,0,0.061216,40,0,4,,0,0,0,0,0,0,0,0,0,,126,204,,0,0,0,0
1604109787887,9,1010123456010,71,,1,1,6,1,0,,2.54667,75,0,0.03408,31,0,3.66667,,0,0,0,0,0,0,0,0,0,,200,226,,0,0,0,0
1604109788137,9,1010123456010,71,,1,1,6,1,0,,5.3,70,0,0.054976,30,0,5.66667,,0,0,0,0,0,0,0,0,0,,284,394,,0,0,0,0
1604109788387,9,1010123456010,71,,1,1,6,1,0,,4.07143,56,0,0.028064,22,0,4.25,,7.21429,28,0,0.1,11,0,0,11.6759,31,,167,120,,0,0,0,1.14286
1604109788637,9,1010123456010,71,,1,1,6,1,0,,4.46875,96,402,0.047392,34,0,4,,0,0,0,0,0,0,0,0,0,,540,452,,0,0,0,0
1604109788887,9,1010123456010,71,,1,1,6,1,0,,7.0566,53,0,0.050912,25,0,8,,0,0,0,0,0,0,0,0,0,,164,114,,0,0,0,0
1604109789137,9,1010123456010,71,,1,1,6,1,0,,3.80263,76,0,0.03936,31,0,3.5,,0,0,0,0,0,0,0,0,0,,218,282,,0,0,0,0
1604109789387,9,1010123456010,71,,1,1,6,1,0,,2.8764,89,68,0.040096,32,0,3,,9.6,5,0,0.1,2,0,0,11.9492,31,,320,300,,0,0,0,1
1604109789637,9,1010123456010,71,,1,1,6,1,0,,3.28571,35,0,0.017152,19,0,8,,0,0,0,0,0,0,0,0,0,,147,154,,0,0,0,0
1604109789887,9,1010123456010,71,,1,1,6,1,0,,8.55556,36,0,0.038176,15,0,7.5,,0,0,0,0,0,0,0,0,0,,144,82,,0,0,0,0
1604109790137,9,1010123456010,71,,1,1,6,1,0,,6.89091,55,0,0.03792,19,0,0.1,,0,0,0,0,0,0,0,0,0,,198,108,,0,0,0,0
1604109790387,9,1010123456010,71,,1,1,6,1,0,,5.34286,70,0,0.054912,32,0,5.33333,,2.21053,19,0,0.1,7,14.2857,0,5.33398,31,,227,184,,0,0,0,2.57895
1604109790637,9,1010123456010,71,,1,1,6,1,0,,7.56364,55,0,0.048704,23,0,5.5,,0,0,0,0,0,0,0,0,0,,78,266,,0,0,0,0
1604109790887,9,1010123456010,71,,1,1,6,1,0,,2.05932,118,0,0.046624,48,0,4,,0,0,0,0,0,0,0,0,0,,68,310,,0,0,0,0
1604109791137,9,1010123456010,71,,1,1,6,1,0,,5.02667,75,67,0.038752,25,0,0.1,,0,0,0,0,0,0,0,0,0,,450,192,,0,0,0,0
1604109791387,9,1010123456010,71,,1,1,6,1,0,,4.53425,73,0,0.044768,30,0,4,,0,8,0,0.1,4,0,0,0,31,,291,178,,0,0,0,0
1604109791637,9,1010123456010,71,,1,1,6,1,0,,7.94737,38,43,0.04304,19,0,6.66667,,0,0,0,0,0,0,0,0,0,,144,102,,0,0,0,0
1604109791887,9,1010123456010,71,,1,1,6,1,0,,6.12,25,59,0.021792,11,0,0.1,,0,0,0,0,0,0,0,0,0,,69,50,,0,0,0,0
1604109792137,9,1010123456010,71,,1,1,6,1,0,,6.95833,24,0,0.01616,8,0,0.1,,0,0,0,0,0,0,0,0,0,,88,52,,0,0,0,0
1604109792387,9,1010123456010,71,,1,1,6,1,0,,1.55405,74,0,0.034304,33,0,3,,5,7,0,0.1,3,0,0,10.1464,31,,114,372,,0,0,0,1
1604109792637,9,1010123456010,71,,1,1,6,1,0,,8,29,0,0.02624,9,0,7,,0,0,0,0,0,0,0,0,0,,88,68,,0,0,0,0
1604109792887,9,1010123456010,71,,1,1,6,1,0,,3.36111,36,0,0.022464,17,0,0.1,,0,0,0,0,0,0,0,0,0,,63,164,,0,0,0,0
1604109793137,9,1010123456010,71,,1,1,6,1,0,,8.11765,34,0,0.032928,14,0,8,,0,0,0,0,0,0,0,0,0,,386,228,,0,0,0,0
1604109793387,9,1010123456010,71,,1,1,6,1,0,,11.625,56,0,0.068544,22,0,10,,2.21053,19,0,0.1,8,25,0,3.89849,31,,445,204,,0,0,0,3.10526
1604109793637,9,1010123456010,71,,1,1,6,1,0,,14.4,25,0,0.031552,10,0,10,,0,0,0,0,0,0,0,0,0,,52,32,,0,0,0,0
1604109793887,9,1010123456010,71,,1,1,6,1,0,,17.3333,33,0,0.067136,14,0,0.1,,0,0,0,0,0,0,0,0,0,,98,66,,0,0,0,0
1604109794137,9,1010123456010,71,,1,1,6,1,0,,18,18,0,0.041216,8,0,0.1,,0,0,0,0,0,0,0,0,0,,56,32,,0,0,0,0
1604109794387,9,1010123456010,71,,1,1,4,1,0,,5.20339,59,0,0.033344,24,0,3.5,,0,0,0,0,0,0,0,0,0,,110,102,,0,0,0,0
1604109794637,9,1010123456010,71,,1,1,4,1,0,,4.52941,51,0,0.017856,20,0,13,,1.4,15,0,0.1,6,0,0,6.70953,31,,48,76,,0,0,0,1
1604109794887,9,1010123456010,71,,1,1,4,1,0,,16,21,0,0.036768,10,0,0.1,,0,0,0,0,0,0,0,0,0,,39,28,,0,0,0,0
1604109795137,9,1010123456010,71,,1,1,4,1,0,,16.0909,22,0,0.036384,9,0,0.1,,0,0,0,0,0,0,0,0,0,,46,40,,0,0,0,0
1604109795387,9,1010123456010,71,,1,1,4,1,0,,18,15,0,0.02576,5,0,0.1,,0,0,0,0,0,0,0,0,0,,33,26,,0,0,0,0
1604109795637,9,1010123456010,71,,1,1,4,1,0,,16.475,40,0,0.072832,18,0,0.1,,0,0,0,0,0,0,0,0,0,,79,54,,0,0,0,0
1604109795887,9,1010123456010,71,,1,1,4,1,0,,18,23,0,0.03648,9,0,0.1,,0,0,0,0,0,0,0,0,0,,42,28,,0,0,0,0
1604109796137,9,1010123456010,71,,1,1,4,1,0,,17,20,0,0.031264,8,0,0.1,,0,0,0,0,0,0,0,0,0,,32,28,,0,0,0,0
1604109796387,9,1010123456010,71,,1,1,4,1,0,,19.3333,6,0,0.01552,3,0,0.1,,0,0,0,0,0,0,0,0,0,,22,10,,0,0,0,0
1604109796637,9,1010123456010,71,,1,1,4,1,0,,16.6667,24,0,0.03648,9,0,0.1,,0,0,0,0,0,0,0,0,0,,36,30,,0,0,0,0
1604109796887,9,1010123456010,71,,1,1,4,1,0,,17.9048,21,0,0.031104,7,0,0.1,,0,0,0,0,0,0,0,0,0,,37,30,,0,0,0,0
1604109797137,9,1010123456010,71,,1,1,4,1,0,,14.1379,29,0,0.036736,12,0,10,,0,0,0,0,0,0,0,0,0,,51,30,,0,0,0,0
1604109797387,9,1010123456010,71,,1,1,4,1,0,,15.4,20,0,0.031264,8,0,0.1,,0,0,0,0,0,0,0,0,0,,43,34,,0,0,0,0
1604109797637,9,1010123456010,71,,1,1,4,1,0,,17.5143,35,0,0.0672,14,0,12.5,,0,0,0,0,0,0,0,0,0,,82,62,,0,0,0,0
1604109797887,9,1010123456010,71,,1,1,4,1,0,,15.3684,19,0,0.03136,8,0,0.1,,0,0,0,0,0,0,0,0,0,,41,30,,0,0,0,0
1604109798137,9,1010123456010,71,,1,1,4,1,0,,17.871,31,0,0.056928,13,0,0.1,,0,0,0,0,0,0,0,0,0,,80,60,,0,0,0,0
1604109798387,9,1010123456010,71,,1,1,4,1,0,,18,20,0,0.041216,8,0,0.1,,0,0,0,0,0,0,0,0,0,,33,32,,0,0,0,0
1604109798637,9,1010123456010,71,,1,1,4,1,0,,15.6176,34,0,0.047072,13,0,12,,0,0,0,0,0,0,0,0,0,,51,40,,0,0,0,0
1604109798887,9,1010123456010,71,,1,1,4,1,0,,17.75,8,0,0.010432,3,0,13,,0,0,0,0,0,0,0,0,0,,10,8,,0,0,0,0
1604109799137,9,1010123456010,71,,1,1,4,1,0,,15.15,20,0,0.0264,8,0,0.1,,0,0,0,0,0,0,0,0,0,,34,24,,0,0,0,0
1604109799387,9,1010123456010,71,,1,1,4,1,0,,17.9655,29,0,0.057024,12,0,0.1,,0,0,0,0,0,0,0,0,0,,72,38,,0,0,0,0
1604109799637,9,1010123456010,71,,1,1,4,1,0,,15.65,20,0,0.026112,7,0,13,,0,0,0,0,0,0,0,0,0,,35,32,,0,0,0,0
1604109799887,9,1010123456010,71,,1,1,4,1,0,,17.2308,13,0,0.031104,7,0,13,,0,0,0,0,0,0,0,0,0,,23,20,,0,0,0,0
1604109800137,9,1010123456010,71,,1,1,4,1,0,,16.4167,24,0,0.036512,10,0,0.1,,0,0,0,0,0,0,0,0,0,,36,28,,0,0,0,0
1604109800387,9,1010123456010,71,,1,1,4,1,0,,16.2143,14,0,0.025984,6,0,0.1,,0,0,0,0,0,0,0,0,0,,25,22,,0,0,0,0
1604109800637,9,1010123456010,71,,1,1,4,1,0,,16.5,18,0,0.026112,7,0,0.1,,0,0,0,0,0,0,0,0,0,,23,22,,0,0,0,0
1604109800887,9,1010123456010,71,,1,1,4,1,0,,17.1667,24,0,0.056704,11,0,0.1,,0,0,0,0,0,0,0,0,0,,47,42,,0,0,0,0
1604109801137,9,1010123456010,71,,1,1,4,1,0,,15.52,25,0,0.031776,10,0,8.5,,0,0,0,0,0,0,0,0,0,,55,28,,0,0,0,0
1604109801387,9,1010123456010,71,,1,1,4,1,0,,14.9412,34,0,0.041728,12,0,0.1,,0,0,0,0,0,0,0,0,0,,81,44,,0,0,0,0
1604109801637,9,1010123456010,71,,1,1,4,1,0,,13.7838,37,0,0.0424,15,0,0.1,,0,0,0,0,0,0,0,0,0,,64,42,,0,0,0,0
1604109801887,9,1010123456010,71,,1,1,4,1,0,,4.375,80,46,0.027872,27,0,4,,2.77778,27,0,0.1,9,0,0,9.08802,31,,20,500,,0,0,0,1
1604109802137,9,1010123456010,71,,1,1,4,1,0,,3.57732,97,231,0.038016,42,0,4,,3.6875,48,0,0.1,17,5.88235,0,8.13838,31,,570,410,,0,0,0,1.85417
1604109802387,9,1010123456010,71,,1,1,4,1,0,,7.64762,105,0,0.069696,43,0,5.5,,0,0,0,0,0,0,0,0,0,,454,338,,0,0,0,0
1604109802637,9,1010123456010,71,,1,1,4,1,0,,11.7037,27,0,0.026592,11,0,13,,0,0,0,0,0,0,0,0,0,,63,30,,0,0,0,0
1604109802887,9,1010123456010,71,,1,1,4,1,0,,16.9,30,0,0.04688,12,0,12,,0,0,0,0,0,0,0,0,0,,39,38,,0,0,0,0
1604109803137,9,1010123456010,71,,1,1,4,1,0,,15.9167,12,0,0.020832,5,0,0.1,,0,0,0,0,0,0,0,0,0,,16,18,,0,0,0,0
1604109803387,9,1010123456010,71,,1,1,4,1,0,,15.6957,23,0,0.036704,9,0,9,,0,0,0,0,0,0,0,0,0,,54,34,,0,0,0,0
1604109803637,9,1010123456010,71,,1,1,4,1,0,,13.2826,46,0,0.063392,19,0,0.1,,0,0,0,0,0,0,0,0,0,,165,68,,0,0,0,0
1604109803887,9,1010123456010,71,,1,1,4,1,0,,14,23,0,0.031808,9,0,0.1,,0,0,0,0,0,0,0,0,0,,52,32,,0,0,0,0
1604109804137,9,1010123456010,71,,1,1,4,1,0,,13.5357,28,0,0.03712,12,0,0.1,,0,0,0,0,0,0,0,0,0,,85,44,,0,0,0,0
1604109804387,9,1010123456010,71,,1,1,4,1,0,,17.1613,31,0,0.061984,13,0,0.1,,0,0,0,0,0,0,0,0,0,,131,50,,0,0,0,0
1604109804637,9,1010123456010,71,,1,1,4,1,0,,12.9091,22,0,0.03184,9,0,0.1,,0,0,0,0,0,0,0,0,0,,63,32,,0,0,0,0
1604109804887,9,1010123456010,71,,1,1,4,1,0,,13.7083,24,0,0.031648,9,0,0.1,,0,0,0,0,0,0,0,0,0,,49,34,,0,0,0,0
1604109805137,9,1010123456010,71,,1,1,4,1,0,,15.2381,42,0,0.073184,18,0,0.1,,0,0,0,0,0,0,0,0,0,,129,66,,0,0,0,0
1604109805387,9,1010123456010,71,,1,1,4,1,0,,13.76,25,0,0.0368,10,0,0.1,,0,0,0,0,0,0,0,0,0,,65,34,,0,0,0,0
1604109805637,9,1010123456010,71,,1,1,4,1,0,,15.9211,38,0,0.057216,13,0,0.1,,0,0,0,0,0,0,0,0,0,,119,58,,0,0,0,0
1604109805887,9,1010123456010,71,,1,1,4,1,0,,14.4545,11,0,0.026016,6,0,0.1,,0,0,0,0,0,0,0,0,0,,43,18,,0,0,0,0
1604109806137,9,1010123456010,71,,1,1,4,1,0,,3.62069,58,222,0.022304,17,0,3,,0,0,0,0,0,0,0,0,0,,5,102,,0,0,0,0
1604109806387,9,1010123456010,71,,1,1,4,1,0,,2.69259,270,0,0.0952,115,0,4.25,,2.5,52,0,0.1,20,10,0,6.46443,31,,59,640,,0,0,0,2.07692
1604109806637,9,1010123456010,71,,1,1,4,1,0,,7.55102,49,0,0.038688,21,0,0.1,,0,0,0,0,0,0,0,0,0,,289,88,,0,0,0,0
1604109806887,9,1010123456010,71,,1,1,4,1,0,,17.4444,9,0,0.015616,4,0,14,,0,0,0,0,0,0,0,0,0,,20,16,,0,0,0,0
1604109807137,9,1010123456010,71,,1,1,4,1,0,,16.3793,29,0,0.041952,12,0,0.1,,0,0,0,0,0,0,0,0,0,,50,42,,0,0,0,0
1604109807387,9,1010123456010,71,,1,1,4,1,0,,17.8824,17,0,0.031136,7,0,0.1,,0,0,0,0,0,0,0,0,0,,33,22,,0,0,0,0
1604109807637,9,1010123456010,71,,1,1,4,1,0,,17.1818,33,0,0.052608,14,0,12,,0,0,0,0,0,0,0,0,0,,72,54,,0,0,0,0
1604109807887,9,1010123456010,71,,1,1,4,1,0,,16.9286,28,0,0.046592,10,0,12,,0,0,0,0,0,0,0,0,0,,44,38,,0,0,0,0
1604109808137,9,1010123456010,71,,1,1,4,1,0,,18.1667,24,0,0.036544,10,0,0.1,,0,0,0,0,0,0,0,0,0,,45,34,,0,0,0,0
1604109808387,9,1010123456010,71,,1,1,4,1,0,,18,20,0,0.030912,6,0,0.1,,0,0,0,0,0,0,0,0,0,,24,28,,0,0,0,0
1604109808637,9,1010123456010,71,,1,1,4,1,0,,18.5455,33,0,0.062592,14,0,0.1,,0,0,0,0,0,0,0,0,0,,81,52,,0,0,0,0
1604109808887,9,1010123456010,71,,1,1,4,1,0,,16.45,20,0,0.026176,8,0,13,,0,0,0,0,0,0,0,0,0,,33,20,,0,0,0,0
1604109809137,9,1010123456010,71,,1,1,4,1,0,,17.0769,13,0,0.025792,5,0,0.1,,0,0,0,0,0,0,0,0,0,,36,22,,0,0,0,0
1604109809387,9,1010123456010,71,,1,1,4,1,0,,3.06306,111,0,0.05152,46,0,7,,0.26087,69,0,0.1,26,19.2308,0,3.85694,31,,103,206,,0,0,0,2.82609
1604109809637,9,1010123456010,71,,1,1,4,1,0,,19.7368,19,0,0.032032,7,0,0.1,,0,4,0,0.1,2,0,0,0,0,,34,24,,0,0,0,0
1604109809887,9,1010123456010,71,,1,1,4,1,0,,0.296296,81,182,0.01104,25,0,2.66667,,0,14,0,0.1,7,0,0,0,31,,-47,398,,0,0,0,0
1604109810137,9,1010123456010,71,,1,1,4,1,0,,0.1,179,458,0.0264,75,0,1,,0,0,0,0,0,0,0,0,0,,34,380,,0,0,0,0
1604109810387,9,1010123456010,71,,1,1,4,1,0,,0.522876,306,709,0.059264,128,0,2.8,,0,0,0,0,0,0,0,0,0,,-111,784,,0,0,0,0
1604109810637,9,1010123456010,71,,1,1,4,1,0,,0.840909,264,117,0.054688,102,0,3,,0,0,0,0,0,0,0,0,0,,38,636,,0,0,0,0
1604109810887,9,1010123456010,71,,1,1,4,1,0,,0.351464,239,329,0.043936,101,0,2.5,,0,10,0,0.1,5,0,0,0,31,,241,530,,0,0,0,0
1604109811137,9,1010123456010,71,,1,1,4,1,0,,0.623794,311,11,0.060896,127,0,3,,0,0,0,0,0,0,0,0,0,,13,690,,0,0,0,0
1604109811387,9,1010123456010,71,,1,1,4,1,0,,5.2,45,0,0.024704,21,0,8.33333,,0,0,0,0,0,0,0,0,0,,125,132,,0,0,0,0
1604109811637,9,1010123456010,71,,1,1,4,1,0,,18.5897,39,0,0.068064,15,0,0.1,,0,0,0,0,0,0,0,0,0,,81,50,,0,0,0,0
1604109811887,9,1010123456010,71,,1,1,4,1,0,,18.7931,29,0,0.04704,12,0,0.1,,0,0,0,0,0,0,0,0,0,,60,32,,0,0,0,0
1604109812137,9,1010123456010,71,,1,1,4,1,0,,18.2,25,0,0.03664,9,0,0.1,,0,0,0,0,0,0,0,0,0,,51,38,,0,0,0,0
1604109812387,9,1010123456010,71,,1,1,4,1,0,,18.1579,19,0,0.031296,8,0,10,,0,0,0,0,0,0,0,0,0,,29,20,,0,0,0,0
1604109812637,9,1010123456010,71,,1,1,4,1,0,,16.4286,21,0,0.036608,8,0,0.1,,0,0,0,0,0,0,0,0,0,,50,30,,0,0,0,0
1604109812887,9,1010123456010,71,,1,1,4,1,0,,15.7692,13,0,0.015744,5,0,0.1,,0,0,0,0,0,0,0,0,0,,24,14,,0,0,0,0
1604109813137,9,1010123456010,71,,1,1,4,1,0,,15.1875,32,0,0.052768,13,0,0.1,,0,0,0,0,0,0,0,0,0,,83,52,,0,0,0,0
1604109813387,9,1010123456010,71,,1,1,4,1,0,,15.0455,22,0,0.031328,7,0,0.1,,0,0,0,0,0,0,0,0,0,,57,38,,0,0,0,0
1604109813637,9,1010123456010,71,,1,1,4,1,0,,15.7241,29,0,0.041696,12,0,0.1,,0,0,0,0,0,0,0,0,0,,56,36,,0,0,0,0
1604109813887,9,1010123456010,71,,1,1,4,1,0,,14.9787,47,0,0.067744,18,0,0.1,,0,0,0,0,0,0,0,0,0,,110,62,,0,0,0,0
1604109814137,9,1010123456010,71,,1,1,4,1,0,,14.4815,27,0,0.041824,11,0,0.1,,0,0,0,0,0,0,0,0,0,,60,34,,0,0,0,0
1604109814387,9,1010123456010,71,,1,1,4,1,0,,16.32,25,0,0.031584,9,0,0.1,,0,0,0,0,0,0,0,0,0,,65,28,,0,0,0,0
1604109814637,9,1010123456010,71,,1,1,4,1,0,,16.8421,38,0,0.057216,14,0,0.1,,0,0,0,0,0,0,0,0,0,,135,52,,0,0,0,0
1604109814887,9,1010123456010,71,,1,1,4,1,0,,16.3824,34,0,0.056832,12,0,0.1,,0,0,0,0,0,0,0,0,0,,72,48,,0,0,0,0
1604109815137,9,1010123456010,71,,1,1,4,1,0,,16.6552,29,0,0.041728,12,0,0.1,,0,0,0,0,0,0,0,0,0,,72,36,,0,0,0,0
1604109815387,9,1010123456010,71,,1,1,4,1,0,,17.5143,35,0,0.06752,15,0,13,,0,0,0,0,0,0,0,0,0,,75,56,,0,0,0,0
1604109815637,9,1010123456010,71,,1,1,4,1,0,,17.3226,31,0,0.041728,11,0,0.1,,0,0,0,0,0,0,0,0,0,,61,38,,0,0,0,0
1604109815887,9,1010123456010,71,,1,1,4,1,0,,18.1667,18,0,0.036416,8,0,0.1,,0,4,0,0.1,2,50,0,0,31,,38,28,,0,0,0,0
1604109816137,9,1010123456010,71,,1,1,4,1,0,,17.8462,13,0,0.015456,3,0,0.1,,0,0,0,0,0,0,0,0,0,,34,20,,0,0,0,0
1604109816387,9,1010123456010,71,,1,1,4,1,0,,17.0769,26,0,0.05696,13,0,0.1,,0,0,0,0,0,0,0,0,0,,44,44,,0,0,0,0
1604109816637,9,1010123456010,71,,1,1,4,1,0,,15.9697,33,0,0.047136,13,0,0.1,,0,0,0,0,0,0,0,0,0,,49,40,,0,0,0,0
1604109816887,9,1010123456010,71,,1,1,4,1,0,,17.3125,16,0,0.020768,5,0,0.1,,0,0,0,0,0,0,0,0,0,,28,20,,0,0,0,0
1604109817137,9,1010123456010,71,,1,1,4,1,0,,18,9,0,0.02576,5,0,0.1,,0,0,0,0,0,0,0,0,0,,24,16,,0,0,0,0
1604109817387,9,1010123456010,71,,1,1,4,1,0,,18,12,0,0.02576,5,0,0.1,,0,0,0,0,0,0,0,0,0,,21,20,,0,0,0,0
1604109817637,9,1010123456010,71,,1,1,4,1,0,,16.4375,16,0,0.031136,7,0,0.1,,0,0,0,0,0,0,0,0,0,,37,26,,0,0,0,0
1604109817887,9,1010123456010,71,,1,1,4,1,0,,16.3448,29,0,0.0469719,11,0,0.1,,0,0,0,0,0,0,0,0,0,,50,42,,0,0,0,0
1604109818137,9,1010123456010,71,,1,1,4,1,0,,16.6111,18,0,0.031136,7,0,0.1,,0,0,0,0,0,0,0,0,0,,22,22,,0,0,0,0
1604109818387,9,1010123456010,71,,1,1,4,1,0,,4.40909,44,130,0.022144,15,0,3,,0,0,0,0,0,0,0,0,0,,82,88,,0,0,0,0
1604109818637,9,1010123456010,71,,1,1,4,1,0,,0.377953,127,273,0.022432,51,0,2,,0,60,0,0.1,30,3.33333,0,0,31,,10,804,,0,0,0,0
1604109818887,9,1010123456010,71,,1,1,4,1,0,,1.69072,97,489,0.026496,42,0,3.33333,,1,45,0,0.1,15,6.66667,0,5.67416,31,,-250,924,,0,0,0,1.66667
1604109819137,9,1010123456010,71,,1,1,4,1,0,,2.24084,191,0,0.058432,79,0,3,,0,0,0,0,0,0,0,0,0,,177,590,,0,0,0,0
1604109819387,9,1010123456010,71,,1,1,4,1,0,,2.41525,118,0,0.03616,47,0,4,,0,0,0,0,0,0,0,0,0,,253,768,,0,0,0,0
1604109819637,9,1010123456010,71,,1,1,4,1,0,,2.06306,111,0,0.030976,44,0,3,,0.363636,22,0,0.1,9,0,0,5.52143,31,,329,380,,0,0,0,1.13636
1604109819887,9,1010123456010,71,,1,1,4,1,0,,0.82069,145,67,0.027456,53,0,0.1,,0,0,0,0,0,0,0,0,0,,507,512,,0,0,0,0
1604109820137,9,1010123456010,71,,1,1,4,1,0,,0.854237,295,26,0.063424,121,0,3,,0,0,0,0,0,0,0,0,0,,298,834,,0,0,0,0
1604109820387,9,1010123456010,71,,1,1,4,1,0,,3.41053,95,0,0.042656,41,0,8,,0,0,0,0,0,0,0,0,0,,114,302,,0,0,0,0
1604109820637,9,1010123456010,71,,1,1,4,1,0,,11.8846,26,0,0.02688,10,0,0.1,,0,0,0,0,0,0,0,0,0,,61,32,,0,0,0,0
1604109820887,9,1010123456010,71,,1,1,4,1,0,,12.2391,46,0,0.04848,19,0,0.1,,0,0,0,0,0,0,0,0,0,,147,64,,0,0,0,0
1604109821137,9,1010123456010,71,,1,1,4,1,0,,12.3333,36,0,0.032256,13,0,0.1,,0,0,0,0,0,0,0,0,0,,107,52,,0,0,0,0
1604109821387,9,1010123456010,71,,1,1,4,1,0,,11.3333,45,0,0.048192,19,0,0.1,,0,0,0,0,0,0,0,0,0,,117,60,,0,0,0,0
1604109821637,9,1010123456010,71,,1,1,4,1,0,,8.67742,31,0,0.0272,13,0,0.1,,0,0,0,0,0,0,0,0,0,,97,48,,0,0,0,0
1604109821887,9,1010123456010,71,,1,1,4,1,0,,12.375,24,0,0.02144,8,0,0.1,,0,0,0,0,0,0,0,0,0,,83,34,,0,0,0,0
1604109822137,9,1010123456010,71,,1,1,4,1,0,,12.1163,43,0,0.053248,20,0,0.1,,0,0,0,0,0,0,0,0,0,,112,56,,0,0,0,0
1604109822387,9,1010123456010,71,,1,1,4,1,0,,18,5,0,0.010304,2,0,11,,0,0,0,0,0,0,0,0,0,,10,8,,0,0,0,0
1604109822637,9,1010123456010,71,,1,1,4,1,0,,18,19,0,0.02592,6,0,0.1,,0,0,0,0,0,0,0,0,0,,80,32,,0,0,0,0
1604109822887,9,1010123456010,71,,1,1,4,1,0,,18.0385,26,0,0.056832,12,0,0.1,,0,0,0,0,0,0,0,0,0,,49,36,,0,0,0,0
1604109823137,9,1010123456010,71,,1,1,4,1,0,,7.21818,55,0,0.043232,23,0,7,,0,0,0,0,0,0,0,0,0,,106,84,,0,0,0,0
1604109823387,9,1010123456010,71,,1,1,4,1,0,,2.59694,196,0,0.06032,79,0,4,,1.30909,55,0,0.1,26,38.4615,0,3.39782,31,,81,400,,0,0,0,4.30909
1604109823637,9,1010123456010,71,,1,1,4,1,0,,3.4375,128,0,0.046592,51,0,0.1,,0,16,0,0.1,8,0,0,0,31,,442,394,,0,0,0,0
1604109823887,9,1010123456010,71,,1,1,4,1,0,,3.32941,170,266,0.05872,66,0,3,,0,0,0,0,0,0,0,0,0,,618,600,,0,0,0,0
1604109824137,9,1010123456010,71,,1,1,4,1,0,,0.820225,267,1142,0.05632,107,0,3,,0,0,0,0,0,0,0,0,0,,-140,660,,0,0,0,0
1604109824387,9,1010123456010,71,,1,1,6,1,0,,1.54786,303,147,0.105152,122,0,3,,0,0,0,0,0,0,0,0,0,,-211,1148,,0,0,0,0
1604109824637,9,1010123456010,71,,1,1,6,1,0,,5.89474,19,0,0.0202731,12,0,10,,0.421053,57,0,0.1,23,56.5217,0,1.83695,31,,36,52,,0,0,0,6.10526
1604109824887,9,1010123456010,71,,1,1,6,1,0,,17.2381,21,0,0.0417028,8,0,0.1,,0,0,0,0,0,0,0,0,0,,56,40,,0,0,0,0
1604109825137,9,1010123456010,71,,1,1,6,1,0,,16.1538,13,0,0.020768,5,0,0.1,,0,0,0,0,0,0,0,0,0,,26,22,,0,0,0,0
1604109825387,9,1010123456010,71,,1,1,6,1,0,,19.2,5,0,0.015552,2,0,0.1,,0,0,0,0,0,0,0,0,0,,15,10,,0,0,0,0
1604109825637,9,1010123456010,71,,1,1,6,1,0,,17.3333,30,0,0.05184,12,0,0.1,,0,0,0,0,0,0,0,0,0,,51,46,,0,0,0,0
1604109825887,9,1010123456010,71,,1,1,6,1,0,,16.9474,19,0,0.036288,8,0,0.1,,0,0,0,0,0,0,0,0,0,,32,32,,0,0,0,0
1604109826137,9,1010123456010,71,,1,1,6,1,0,,17.2424,33,0,0.056896,12,0,0.1,,0,0,0,0,0,0,0,0,0,,55,46,,0,0,0,0
1604109826387,9,1010123456010,71,,1,1,6,1,0,,17.0741,27,0,0.051744,11,0,0.1,,0,0,0,0,0,0,0,0,0,,52,46,,0,0,0,0
1604109826637,9,1010123456010,71,,1,1,6,1,0,,17.0526,19,0,0.041472,8,0,0.1,,0,0,0,0,0,0,0,0,0,,39,32,,0,0,0,0
1604109826887,9,1010123456010,71,,1,1,6,1,0,,17.0769,26,0,0.041376,9,0,0.1,,0,0,0,0,0,0,0,0,0,,53,38,,0,0,0,0
1604109827137,9,1010123456010,71,,1,1,6,1,0,,16.5,14,0,0.031072,7,0,0.1,,0,0,0,0,0,0,0,0,0,,22,22,,0,0,0,0
1604109827387,9,1010123456010,71,,1,1,6,1,0,,17.76,25,0,0.0416,10,0,0.1,,0,0,0,0,0,0,0,0,0,,35,32,,0,0,0,0
1604109827637,9,1010123456010,71,,1,1,6,1,0,,17.2188,32,0,0.056896,12,0,0.1,,0,0,0,0,0,0,0,0,0,,67,58,,0,0,0,0
1604109827887,9,1010123456010,71,,1,1,6,1,0,,17,22,0,0.036448,9,0,0.1,,0,0,0,0,0,0,0,0,0,,42,26,,0,0,0,0
1604109828137,9,1010123456010,71,,1,1,6,1,0,,11.6364,22,0,0.037408,9,0,8,,0.1,51,0,0.1,21,47.619,0,1.84705,31,,63,48,,0,0,0,5.19608
1604109828387,9,1010123456010,71,,1,1,6,1,0,,12.28,25,0,0.053984,12,0,0.1,,0,0,0,0,0,0,0,0,0,,112,62,,0,0,0,0
1604109828637,9,1010123456010,71,,1,1,6,1,0,,10.7778,18,0,0.032,8,0,8,,0.1,32,408,0.1,13,23.0769,0,1.91724,31,,73,42,,0,0,0,3.84375
1604109828887,9,1010123456010,71,,1,1,6,1,0,,12.0455,22,0,0.04256,9,0,0.1,,0.1,54,0,0.1,23,56.5217,0,1.42815,0,,79,50,,0,0,0,6.81482
1604109829137,9,1010123456010,71,,1,1,6,1,0,,5,42,15,0.027552,15,0,4,,0,0,0,0,0,0,0,0,0,,110,102,,0,0,0,0
1604109829387,9,1010123456010,71,,1,1,6,1,0,,3.43396,106,0,0.054848,40,0,4,,0,0,0,0,0,0,0,0,0,,126,760,,0,0,0,0
1604109829637,9,1010123456010,71,,1,1,6,1,0,,3.57647,85,0,0.051264,38,0,0.1,,0.1,24,0,0.1,9,0,0,4.34058,31,,315,318,,0,0,0,1.08333
1604109829887,9,1010123456010,71,,1,1,6,1,0,,3.48387,93,273,0.05008,36,0,0.1,,0,0,0,0,0,0,0,0,0,,-52,1084,,0,0,0,0
1604109830137,9,1010123456010,71,,1,1,6,1,0,,4.22,50,0,0.038272,22,0,8,,0,0,0,0,0,0,0,0,0,,38,864,,0,0,0,0
1604109830387,9,1010123456010,71,,1,1,6,1,0,,10,23,64,0.041024,10,0,4,,0,0,0,0,0,0,0,0,0,,270,358,,0,0,0,0
1604109830637,9,1010123456010,71,,1,1,6,1,0,,3.72,25,111,0.01344,9,0,0.1,,0,18,0,0.1,9,0,0,0,31,,758,564,,0,0,0,0
1604109830887,9,1010123456010,71,,1,1,6,1,0,,3.62162,74,482,0.042272,29,0,0.1,,0,0,0,0,0,0,0,0,0,,670,1344,,0,0,0,0
1604109831137,9,1010123456010,71,,1,1,6,1,0,,3.84286,70,773,0.046368,31,0,0.1,,0,0,0,0,0,0,0,0,0,,-61,1356,,0,0,0,0
1604109831387,9,1010123456010,71,,1,1,6,1,0,,3.46429,56,293,0.033408,23,0,0.1,,0,0,0,0,0,0,0,0,0,,-24,1296,,0,0,0,0
1604109831637,9,1010123456010,71,,1,1,6,1,0,,3.82353,34,0,0.021472,14,0,5,,0.1,33,0,0.1,13,61.5385,0,2.50637,31,,55,628,,0,0,0,6.18182
1604109831887,9,1010123456010,71,,1,1,6,1,0,,8.2,20,0,0.016,6,0,0.1,,0,0,0,0,0,0,0,0,0,,120,52,,0,0,0,0
1604109832137,9,1010123456010,71,,1,1,6,1,0,,6.9,30,0,0.037312,15,0,0.1,,0,0,0,0,0,0,0,0,0,,145,78,,0,0,0,0
1604109832387,9,1010123456010,71,,1,1,6,1,0,,7.60465,43,0,0.042688,17,0,0.1,,0,0,0,0,0,0,0,0,0,,167,100,,0,0,0,0
1604109832637,9,1010123456010,71,,1,1,6,1,0,,7.1,60,0,0.05344,23,0,0.1,,0.1,24,0,0.1,10,0,0,3.3213,31,,225,130,,0,0,0,1.125
1604109832887,9,1010123456010,71,,1,1,6,1,0,,6.70833,24,0,0.021504,10,0,0.1,,0,0,0,0,0,0,0,0,0,,109,62,,0,0,0,0
1604109833137,9,1010123456010,71,,1,1,6,1,0,,7.07317,41,315,0.03776,17,0,3,,0,0,0,0,0,0,0,0,0,,195,158,,0,0,0,0
1604109833387,9,1010123456010,71,,1,1,6,1,0,,1.72,75,417,0.030112,31,0,0.1,,0,0,0,0,0,0,0,0,0,,-158,1374,,0,0,0,0
1604109833637,9,1010123456010,71,,1,1,6,1,0,,7.04225,71,0,0.0832,30,0,7.66667,,0.1,42,0,0.1,17,64.7059,0,1.12501,31,,281,474,,0,0,0,7.33333
1604109833887,9,1010123456010,71,,1,1,6,1,0,,1.56989,93,0,0.034944,38,0,0.1,,0,0,0,0,0,0,0,0,0,,82,658,,0,0,0,0
1604109834137,9,1010123456010,71,,1,1,6,1,0,,1.5625,80,628,0.026208,29,0,0.1,,0,0,0,0,0,0,0,0,0,,80,748,,0,0,0,0
1604109834387,9,1010123456010,71,,1,1,6,1,0,,1.58291,199,46,0.073408,81,0,0.1,,0,0,0,0,0,0,0,0,0,,48,854,,0,0,0,0
1604109834637,9,1010123456010,71,,1,1,6,1,0,,3.91667,84,0,0.055456,38,0,4,,0.1,39,0,0.1,13,30.7692,0,2.99745,31,,507,418,,0,0,0,3.92308
1604109834887,9,1010123456010,71,,1,1,6,1,0,,5.48077,52,0,0.038816,21,0,0.1,,0,0,0,0,0,0,0,0,0,,264,122,,0,0,0,0
1604109835137,9,1010123456010,71,,1,1,6,1,0,,2.91177,68,119,0.035296,28,0,3.33333,,0,0,0,0,0,0,0,0,0,,340,612,,0,0,0,0
1604109835387,9,1010123456010,71,,1,1,6,1,0,,3.67391,46,99,0.026848,18,0,0.1,,0,0,0,0,0,0,0,0,0,,332,786,,0,0,0,0
1604109835637,9,1010123456010,71,,1,1,6,1,0,,10.4839,31,0,0.037344,11,0,8,,0,0,0,0,0,0,0,0,0,,123,134,,0,0,0,0
1604109835887,9,1010123456010,71,,1,1,6,1,0,,11.625,16,0,0.032128,8,0,0.1,,0,0,0,0,0,0,0,0,0,,52,34,,0,0,0,0
1604109836137,9,1010123456010,71,,1,1,6,1,0,,13,27,0,0.064896,12,0,0.1,,0,0,0,0,0,0,0,0,0,,102,72,,0,0,0,0
1604109836387,9,1010123456010,71,,1,1,6,1,0,,13,27,0,0.04864,10,0,0.1,,0,0,0,0,0,0,0,0,0,,108,60,,0,0,0,0
1604109836637,9,1010123456010,71,,1,1,6,1,0,,11.6957,23,0,0.053984,11,0,0.1,,0,0,0,0,0,0,0,0,0,,90,52,,0,0,0,0
1604109836887,9,1010123456010,71,,1,1,6,1,0,,11.8571,21,0,0.043168,9,0,0.1,,0,0,0,0,0,0,0,0,0,,69,52,,0,0,0,0
1604109837137,9,1010123456010,71,,1,1,6,1,0,,13,9,0,0.021632,4,0,0.1,,0,0,0,0,0,0,0,0,0,,42,24,,0,0,0,0
1604109837387,9,1010123456010,71,,1,1,6,1,0,,12.4412,34,0,0.07024,14,0,0.1,,0,0,0,0,0,0,0,0,0,,135,80,,0,0,0,0
1604109837637,9,1010123456010,71,,1,1,6,1,0,,12.9259,27,0,0.0543614,12,0,0.1,,0,0,0,0,0,0,0,0,0,,108,60,,0,0,0,0
1604109837887,9,1010123456010,71,,1,1,6,1,0,,6.95652,23,0,0.021696,9,0,5,,0,0,0,0,0,0,0,0,0,,124,62,,0,0,0,0
1604109838137,9,1010123456010,71,,1,1,6,1,0,,1.49505,101,173,0.037792,39,0,2,,0.1,103,0,0.1,43,74.4186,0,1.28427,31,,141,406,,0,0,0,8.20388
1604109838387,9,1010123456010,71,,1,1,6,1,0,,6.91071,56,0,0.0461687,25,0,13,,0,0,0,0,0,0,0,0,0,,47,144,,0,0,0,0
1604109838637,9,1010123456010,71,,1,1,6,1,0,,18,7,0,0.020608,4,0,0.1,,0,0,0,0,0,0,0,0,0,,12,12,,0,0,0,0
1604109838887,9,1010123456010,71,,1,1,6,1,0,,16.4375,16,0,0.025984,6,0,0.1,,0,0,0,0,0,0,0,0,0,,31,26,,0,0,0,0
1604109839137,9,1010123456010,71,,1,1,6,1,0,,16.8235,17,0,0.036288,8,0,0.1,,0,0,0,0,0,0,0,0,0,,32,26,,0,0,0,0
1604109839387,9,1010123456010,71,,1,1,6,1,0,,16.4375,16,0,0.031136,7,0,0.1,,0,0,0,0,0,0,0,0,0,,28,26,,0,0,0,0
1604109839637,9,1010123456010,71,,1,1,6,1,0,,18,7,0,0.015456,3,0,0.1,,0,0,0,0,0,0,0,0,0,,15,12,,0,0,0,0
1604109839887,9,1010123456010,71,,1,1,6,1,0,,18,13,0,0.02576,5,0,0.1,,0,0,0,0,0,0,0,0,0,,24,20,,0,0,0,0
1604109840137,9,1010123456010,71,,1,1,6,1,0,,16.7619,21,0,0.031264,8,0,0.1,,0,0,0,0,0,0,0,0,0,,30,26,,0,0,0,0
1604109840387,9,1010123456010,71,,1,1,6,1,0,,18,12,0,0.020608,4,0,0.1,,0,0,0,0,0,0,0,0,0,,30,20,,0,0,0,0
1604109840637,9,1010123456010,71,,1,1,6,1,0,,18,21,0,0.05152,10,0,0.1,,0,0,0,0,0,0,0,0,0,,39,36,,0,0,0,0
1604109840887,9,1010123456010,71,,1,1,6,1,0,,18,22,0,0.046368,9,0,0.1,,0,0,0,0,0,0,0,0,0,,42,36,,0,0,0,0
1604109841137,9,1010123456010,71,,1,1,6,1,0,,17.6757,37,0,0.072384,14,0,0.1,,0,0,0,0,0,0,0,0,0,,54,56,,0,0,0,0
1604109841387,9,1010123456010,71,,1,1,6,1,0,,18,22,0,0.046368,9,0,0.1,,0,0,0,0,0,0,0,0,0,,33,36,,0,0,0,0
1604109841637,9,1010123456010,71,,1,1,6,1,0,,18.5,16,0,0.036192,8,0,0.1,,0,0,0,0,0,0,0,0,0,,34,28,,0,0,0,0
1604109841887,9,1010123456010,71,,1,1,6,1,0,,18,12,0,0.02576,5,0,10,,0,0,0,0,0,0,0,0,0,,29,20,,0,0,0,0
1604109842137,9,1010123456010,71,,1,1,6,1,0,,18,17,0,0.036064,7,0,0.1,,0,0,0,0,0,0,0,0,0,,36,28,,0,0,0,0
1604109842387,9,1010123456010,71,,1,1,6,1,0,,15.8182,33,0,0.062656,14,0,0.1,,0,0,0,0,0,0,0,0,0,,106,56,,0,0,0,0
1604109842637,9,1010123456010,71,,1,1,6,1,0,,18,21,0,0.041216,8,0,0.1,,0,0,0,0,0,0,0,0,0,,56,36,,0,0,0,0
1604109842887,9,1010123456010,71,,1,1,6,1,0,,15.025,40,0,0.06288,18,0,0.1,,0,0,0,0,0,0,0,0,0,,95,58,,0,0,0,0
1604109843137,9,1010123456010,71,,1,1,6,1,0,,14.5714,14,0,0.021024,5,0,0.1,,0,0,0,0,0,0,0,0,0,,26,20,,0,0,0,0
1604109843387,9,1010123456010,71,,1,1,6,1,0,,16.9,30,0,0.04672,12,0,0.1,,0,0,0,0,0,0,0,0,0,,62,44,,0,0,0,0
1604109843637,9,1010123456010,71,,1,1,6,1,0,,16.7647,17,0,0.025856,6,0,0.1,,0,0,0,0,0,0,0,0,0,,34,26,,0,0,0,0
1604109843887,9,1010123456010,71,,1,1,6,1,0,,14.0741,27,0,0.04736,12,0,0.1,,0,0,0,0,0,0,0,0,0,,55,46,,0,0,0,0
1604109844137,9,1010123456010,71,,1,1,6,1,0,,16.7391,23,0,0.046528,10,0,0.1,,0,0,0,0,0,0,0,0,0,,49,38,,0,0,0,0
1604109844387,9,1010123456010,71,,1,1,6,1,0,,15.9524,21,0,0.041344,9,0,0.1,,0,0,0,0,0,0,0,0,0,,52,38,,0,0,0,0
1604109844637,9,1010123456010,71,,1,1,6,1,0,,18,19,0,0.036064,7,0,0.1,,0,0,0,0,0,0,0,0,0,,52,32,,0,0,0,0
1604109844887,9,1010123456010,71,,1,1,6,1,0,,13.9375,16,158,0.0316145,8,0,0.1,,0,0,0,0,0,0,0,0,0,,41,26,,0,0,0,0
1604109845137,9,1010123456010,71,,1,1,6,1,0,,12.2917,24,0,0.0318394,10,0,0.1,,0,0,0,0,0,0,0,0,0,,45,34,,0,0,0,0
1604109845387,9,1010123456010,71,,1,1,6,1,0,,16.3846,13,0,0.025856,6,0,0.1,,0,0,0,0,0,0,0,0,0,,38,22,,0,0,0,0
1604109845637,9,1010123456010,71,,1,1,6,1,0,,16.1613,31,0,0.062848,12,0,0.1,,0,0,0,0,0,0,0,0,0,,87,60,,0,0,0,0
1604109845887,9,1010123456010,71,,1,1,6,1,0,,18,14,0,0.030912,6,0,0.1,,0,0,0,0,0,0,0,0,0,,40,24,,0,0,0,0
1604109846137,9,1010123456010,71,,1,1,6,1,0,,15,18,0,0.031072,7,0,0.1,,0,0,0,0,0,0,0,0,0,,44,28,,0,0,0,0
1604109846387,9,1010123456010,71,,1,1,6,1,0,,14.2069,29,0,0.047072,12,0,0.1,,0,0,0,0,0,0,0,0,0,,68,48,,0,0,0,0
1604109846637,9,1010123456010,71,,1,1,6,1,0,,16,13,0,0.020768,5,0,0.1,,0,0,0,0,0,0,0,0,0,,25,18,,0,0,0,0
1604109846887,9,1010123456010,71,,1,1,6,1,0,,13.6,10,0,0.01072,3,0,0.1,,0,0,0,0,0,0,0,0,0,,35,24,,0,0,0,0
1604109847137,9,1010123456010,71,,1,1,6,1,0,,14.7083,24,0,0.052192,11,0,10,,0,0,0,0,0,0,0,0,0,,72,48,,0,0,0,0
1604109847387,9,1010123456010,71,,1,1,6,1,0,,14.5,20,0,0.03664,9,0,14,,0.285714,84,0,0.1,33,78.7879,0,0.89433,31,,51,38,,0,0,0,8.20238
1604109847637,9,1010123456010,71,,1,1,6,1,0,,1.75,68,257,0.02336,24,0,3,,0.1,27,663,0.1,9,77.7778,0,0.985658,31,,58,436,,0,0,0,8.11111
1604109847887,9,1010123456010,71,,1,1,6,1,0,,2.01075,186,0,0.074656,73,0,2.66667,,0.1,117,0,0.1,50,54,0,1.54634,31,,3,1030,,0,0,0,5.82906
1604109848137,9,1010123456010,71,,1,1,6,1,0,,3.57317,82,0,0.05024,36,0,0.1,,0,0,0,0,0,0,0,0,0,,329,310,,0,0,0,0
1604109848387,9,1010123456010,71,,1,1,6,1,0,,3.575,120,0,0.071904,49,0,0.1,,0,8,550,0.1,4,25,0,0,31,,-79,1070,,0,0,0,0
1604109848637,9,1010123456010,71,,1,1,6,1,0,,18.6923,13,0,0.031008,5,0,14,,0,13,0,0.1,7,14.2857,0,0,0,,41,32,,0,0,0,0
1604109848887,9,1010123456010,71,,1,1,6,1,0,,18,19,0,0.036064,7,0,0.1,,0,0,0,0,0,0,0,0,0,,50,44,,0,0,0,0
1604109849137,9,1010123456010,71,,1,1,6,1,0,,16.8571,21,0,0.041376,9,0,0.1,,0,0,0,0,0,0,0,0,0,,42,40,,0,0,0,0
1604109849387,9,1010123456010,71,,1,1,6,1,0,,16.6667,18,0,0.031072,7,0,0.1,,0,0,0,0,0,0,0,0,0,,27,26,,0,0,0,0
1604109849637,9,1010123456010,71,,1,1,6,1,0,,17,21,0,0.046528,10,0,0.1,,0.1,12,0,0,4,100,0,0.787851,0,,47,42,,0,0,0,10
1604109849887,9,1010123456010,71,,1,1,6,1,0,,16.2857,28,0,0.041536,10,0,0.1,,0,0,0,0,0,0,0,0,0,,55,48,,0,0,0,0
1604109850137,9,1010123456010,71,,1,1,6,1,0,,19.2083,24,0,0.051904,10,0,0.1,,0,0,0,0,0,0,0,0,0,,41,38,,0,0,0,0
1604109850387,9,1010123456010,71,,1,1,6,1,0,,18,7,0,0.015456,3,0,0.1,,0,0,0,0,0,0,0,0,0,,15,12,,0,0,0,0
1604109850637,9,1010123456010,71,,1,1,6,1,0,,16.8571,21,0,0.036224,8,0,0.1,,0,0,0,0,0,0,0,0,0,,44,38,,0,0,0,0
1604109850887,9,1010123456010,71,,1,1,6,1,0,,16.95,20,0,0.031072,7,0,0.1,,0,0,0,0,0,0,0,0,0,,42,34,,0,0,0,0
1604109851137,9,1010123456010,71,,1,1,6,1,0,,5.32653,49,90,0.043264,19,0,3,,0.1,97,0,0.1,38,84.2105,0,0.552155,31,,-70,620,,0,0,0,8.97938
1604109851387,9,1010123456010,71,,1,1,6,1,0,,6.475,40,0,0.042816,20,0,6,,0,0,0,0,0,0,0,0,0,,313,304,,0,0,0,0
1604109851637,9,1010123456010,71,,1,1,6,1,0,,6.72917,48,0,0.0395181,18,0,0.1,,0.1,56,0,0.1,22,68.1818,0,1.04218,31,,316,174,,0,0,0,7.5
1604109851887,9,1010123456010,71,,1,1,6,1,0,,7.04651,43,0,0.036192,16,0,0.1,,0,0,0,0,0,0,0,0,0,,202,108,,0,0,0,0
1604109852137,9,1010123456010,71,,1,1,6,1,0,,7.39394,33,0,0.037472,16,0,0.1,,0,0,0,0,0,0,0,0,0,,252,116,,0,0,0,0
1604109852387,9,1010123456010,71,,1,1,6,1,0,,6.91837,49,0,0.042944,19,0,0.1,,0.1,12,0,0,4,100,0,0.641732,0,,431,296,,0,0,0,10
1604109852637,9,1010123456010,71,,1,1,6,1,0,,6.92424,66,158,0.06464,27,0,0.1,,0,0,0,0,0,0,0,0,0,,401,254,,0,0,0,0
1604109852887,9,1010123456010,71,,1,1,6,1,0,,7.03333,30,0,0.021504,10,0,6,,0.1,69,0,0.1,26,65.3846,0,0.916384,31,,171,108,,0,0,0,7.66667
1604109853137,9,1010123456010,71,,1,1,6,1,0,,8.12245,49,0,0.053408,19,0,0.1,,0,0,0,0,0,0,0,0,0,,604,354,,0,0,0,0
1604109853387,9,1010123456010,71,,1,1,6,1,0,,6.86207,58,0,0.064192,27,0,0.1,,0,0,0,0,0,0,0,0,0,,503,244,,0,0,0,0
1604109853637,9,1010123456010,71,,1,1,6,1,0,,7,19,61,0.016064,7,0,0.1,,0,0,0,0,0,0,0,0,0,,196,132,,0,0,0,0
1604109853887,9,1010123456010,71,,1,1,6,1,0,,7.36364,22,0,0.026912,11,0,0.1,,0,0,0,0,0,0,0,0,0,,163,136,,0,0,0,0
1604109854137,9,1010123456010,71,,1,1,6,1,0,,14.8,15,0,0.02592,6,0,13,,0.1,9,0,0,4,100,0,0.389526,0,,79,52,,0,0,0,10
1604109854387,9,1010123456010,71,,1,1,2,1,0,,19.9286,28,158,0.037184,11,0,0.1,,0,0,0,0,0,0,0,0,0,,70,24,,0,0,0,0
1604109854637,9,1010123456010,71,,1,1,2,1,0,,10.9778,45,133,0.027616,16,0,5,,0.1,54,0,0.1,22,59.0909,0,1.16647,31,,132,40,,0,0,0,6.55555
1604109854887,9,1010123456010,71,,1,1,2,1,0,,3.25,12,869,0.002624,6,0,1,,0.1,39,0,0.1,13,61.5385,0,1.51496,31,,-191,350,,0,0,0,6.61538
1604109855137,9,1010123456010,71,,1,1,2,1,0,,0,0,1651,0,0,0,0.1,,0,0,0,0,0,0,0,0,0,,-250,352,,0,0,0,0
1604109855387,9,1010123456010,71,,1,1,2,1,0,,0,0,2277,0,0,0,0.1,,0,0,0,0,0,0,0,0,0,,-250,348,,0,0,0,0
1604109855637,9,1010123456010,71,,1,1,2,1,0,,0,0,3373,0,0,0,0.1,,0,0,0,0,0,0,0,0,0,,-250,344,,0,0,0,0
1604109855887,9,1010123456010,71,,1,1,2,1,0,,0,0,4781,0,0,0,0.1,,0,0,0,0,0,0,0,0,0,,-250,348,,0,0,0,0
1604109856137,9,1010123456010,71,,1,1,2,1,0,,0,0,5720,0,0,0,0.1,,0,0,0,0,0,0,0,0,0,,-250,326,,0,0,0,0
1604109856387,9,1010123456010,71,,1,1,2,1,0,,20.5962,156,0,0.216864,63,0,12,,0,0,0,0,0,0,0,0,0,,75,170,,0,0,0,0
1604109856637,9,1010123456010,71,,1,1,2,1,0,,16.2308,26,0,0.026624,10,0,0.1,,0,0,0,0,0,0,0,0,0,,34,20,,0,0,0,0
1604109856887,9,1010123456010,71,,1,1,2,1,0,,17.2,30,0,0.032064,12,0,0.1,,0,0,0,0,0,0,0,0,0,,71,24,,0,0,0,0
1604109857137,9,1010123456010,71,,1,1,2,1,0,,18.0278,36,0,0.037216,13,0,0.1,,0,0,0,0,0,0,0,0,0,,72,30,,0,0,0,0
1604109857387,9,1010123456010,71,,1,1,2,1,0,,10.3553,76,0,0.04992,33,0,6.66667,,0.1,73,0,0.1,31,58.0645,0,1.2502,31,,393,70,,0,0,0,6.49315
1604109857637,9,1010123456010,71,,1,1,2,1,0,,20.2353,17,0,0.026944,7,0,15,,0.1,18,0,0.1,7,71.4286,0,0.829944,0,,40,16,,0,0,0,7.77778
1604109857887,9,1010123456010,71,,1,1,2,1,0,,9.14062,64,0,0.033824,27,0,6,,0,0,0,0,0,0,0,0,0,,232,56,,0,0,0,0
1604109858137,9,1010123456010,71,,1,1,2,1,0,,7.64474,76,0,0.029216,31,0,0.1,,0,0,0,0,0,0,0,0,0,,384,100,,0,0,0,0
1604109858387,9,1010123456010,71,,1,1,2,1,0,,8.27922,154,0,0.062048,62,0,6,,0.1,71,0,0.1,30,63.3333,0,1.00202,31,,556,140,,0,0,0,7.39437
1604109858637,9,1010123456010,71,,1,1,2,1,0,,9.20779,77,0,0.035552,33,0,0.1,,0,0,0,0,0,0,0,0,0,,415,64,,0,0,0,0
1604109858887,9,1010123456010,71,,1,1,2,1,0,,7.82292,192,125,0.074144,77,0,0.1,,0,0,0,0,0,0,0,0,0,,989,174,,0,0,0,0
1604109859137,9,1010123456010,71,,1,1,2,1,0,,7.69531,128,0,0.053216,54,0,0.1,,0,0,0,0,0,0,0,0,0,,736,140,,0,0,0,0
1604109859387,9,1010123456010,71,,1,1,2,1,0,,6.00515,194,0,0.06016,77,0,4.5,,0.1,12,0,0,4,100,0,1.15133,0,,435,228,,0,0,0,10
1604109859637,9,1010123456010,71,,1,1,2,1,0,,7.375,104,0,0.040704,43,0,0.1,,0,0,0,0,0,0,0,0,0,,623,130,,0,0,0,0
1604109859887,9,1010123456010,71,,1,1,2,1,0,,6.50926,108,140,0.03536,39,0,3,,0.1,46,0,0.1,16,50,0,2.25486,31,,516,124,,0,0,0,5.76087
1604109860137,9,1010123456010,71,,1,1,2,1,0,,4.10448,134,0,0.032352,58,0,7,,0,0,0,0,0,0,0,0,0,,58,142,,0,0,0,0
1604109860387,9,1010123456010,71,,1,1,2,1,0,,9.88571,35,315,0.016896,14,0,1,,0.1,64,0,0.1,26,53.8462,0,1.4628,31,,71,94,,0,0,0,6.20312
1604109860637,9,1010123456010,71,,1,1,2,1,0,,0,0,784,0,0,0,0.1,,0,0,0,0,0,0,0,0,0,,-250,448,,0,0,0,0
1604109860887,9,1010123456010,71,,1,1,2,1,0,,0,0,1410,0,0,0,0.1,,0,0,0,0,0,0,0,0,0,,-250,366,,0,0,0,0
1604109861137,9,1010123456010,71,,1,1,2,1,0,,0,0,2975,0,0,0,0.1,,0,0,0,0,0,0,0,0,0,,-250,330,,0,0,0,0
1604109861387,9,1010123456010,71,,1,1,2,1,0,,0,0,4540,0,0,0,0.1,,0,0,0,0,0,0,0,0,0,,-250,346,,0,0,0,0
1604109861637,9,1010123456010,71,,1,1,2,1,0,,0,0,5479,0,0,0,0.1,,0,0,0,0,0,0,0,0,0,,-250,326,,0,0,0,0
1604109861887,9,1010123456010,71,,1,1,2,1,0,,0,0,6575,0,0,0,0.1,,0,0,0,0,0,0,0,0,0,,-250,408,,0,0,0,0
1604109862137,9,1010123456010,71,,1,1,2,1,0,,0,0,7201,0,0,0,0.1,,0,0,0,0,0,0,0,0,0,,-250,438,,0,0,0,0
1604109862387,9,1010123456010,71,,1,1,2,1,0,,0,0,7983,0,0,0,0.1,,0,0,0,0,0,0,0,0,0,,-250,362,,0,0,0,0
1604109862637,9,1010123456010,71,,1,1,2,1,0,,0,0,8609,0,0,0,0.1,,0,0,0,0,0,0,0,0,0,,-250,410,,0,0,0,0
1604109862887,9,1010123456010,71,,1,1,2,1,0,,0,0,10800,0,0,0,0.1,,0,0,0,0,0,0,0,0,0,,-250,326,,0,0,0,0
1604109863137,9,1010123456010,71,,1,1,2,1,0,,0,0,12209,0,0,0,0.1,,0,0,0,0,0,0,0,0,0,,-250,392,,0,0,0,0
1604109863387,9,1010123456010,71,,1,1,2,1,0,,0,0,13148,0,0,0,0.1,,0,0,0,0,0,0,0,0,0,,-250,418,,0,0,0,0
1604109863637,9,1010123456010,71,,1,1,2,1,0,,0,0,13930,0,0,0,0.1,,0,0,0,0,0,0,0,0,0,,-250,354,,0,0,0,0
1604109863887,9,1010123456010,71,,1,1,2,1,0,,0,0,14400,0,0,0,0.1,,0,0,0,0,0,0,0,0,0,,-250,380,,0,0,0,0
1604109864137,9,1010123456010,71,,1,1,2,1,0,,0,0,15026,0,0,0,0.1,,0,0,0,0,0,0,0,0,0,,-249,410,,0,0,0,0
